size,phase,step,group,rep,prover,cmd,ok,returncode,scope,wall_s,cpu_user_s,cpu_sys_s,cpu_total_s,cpu_pct_of_core,cpu_pct_of_machine,rss_peak_bytes,rss_mean_bytes,io_read_bytes,io_write_bytes,io_rchar_bytes,io_wchar_bytes,io_read_mb_per_s,io_write_mb_per_s,sys_cpu_busy_s,sys_cpu_iowait_s,sys_mem_used_peak_bytes,sys_mem_used_delta_bytes,sys_read_bytes,sys_write_bytes,n_samples,samples_file,log_file
1,env,ptau_new,ptau,1,,snarkjs powersoftau new bn128 8 pot8_0000.ptau -v,True,0,process,2.4832732809991285,1.000993,0.5042420000000001,1.505235,60.61495573271657,3.7884347332947854,300883968.0,82784597.33333333,0.0,0.0,4236258.0,108546.0,0.0,0.0,2.1200000000062573,0.00999999999999801,1252085760.0,221184.0,0.0,40960.0,26,raw/samples/n1_ptau_new_r1.csv,logs/n1_ptau_new_r1.log
1,env,ptau_contribute_1,ptau,1,,"snarkjs powersoftau contribute pot8_0000.ptau pot8_0001.ptau --name=""First contribution"" -v -e=""some random text""",True,0,process,2.5221728309988976,1.6175950000000001,0.540914,2.158509,85.58132787217164,5.348832992010728,263983104.0,83711658.66666667,0.0,0.0,4257217.0,2167.0,0.0,0.0,3.070000000006985,0.0,1231962112.0,35004416.0,0.0,0.0,27,raw/samples/n1_ptau_contribute_1_r1.csv,logs/n1_ptau_contribute_1_r1.log
1,env,ptau_contribute_2,ptau,1,,"snarkjs powersoftau contribute pot8_0001.ptau pot8_0002.ptau --name=""Second contribution"" -v -e=""some random text""",True,0,process,2.4158747689998563,1.5421210000000003,0.4396509999999998,1.981772,82.03123876410325,5.126952422756453,214593536.0,71929856.0,0.0,0.0,4257237.0,1881.0,0.0,0.0,2.9899999999906868,0.0,1162645504.0,-11644928.0,0.0,0.0,25,raw/samples/n1_ptau_contribute_2_r1.csv,logs/n1_ptau_contribute_2_r1.log
1,env,ptau_export_challenge,ptau,1,,snarkjs powersoftau export challenge pot8_0002.ptau challenge_0003,True,0,process,2.297591315000318,0.9627459999999992,0.40367200000000025,1.3664179999999995,59.47176032042976,3.71698502002686,204066816.0,70217355.63636364,0.0,0.0,4192076.0,1244.0,0.0,0.0,1.9400000000023283,0.0,1150132224.0,-11943936.0,0.0,0.0,24,raw/samples/n1_ptau_export_challenge_r1.csv,logs/n1_ptau_export_challenge_r1.log
1,env,ptau_challenge_contribute,ptau,1,,"snarkjs powersoftau challenge contribute bn128 challenge_0003 response_0003 -e=""some random text""",True,0,process,2.399830923999616,1.5582920000000007,0.4443790000000001,2.0026710000000008,83.45050394893241,5.2156564968082755,216358912.0,75785794.7826087,0.0,0.0,4381372.0,19694.0,0.0,0.0,2.6499999999941792,0.0,1163726848.0,25636864.0,4096.0,53248.0,25,raw/samples/n1_ptau_challenge_contribute_r1.csv,logs/n1_ptau_challenge_contribute_r1.log
1,env,ptau_import_response,ptau,1,,"snarkjs powersoftau import response pot8_0002.ptau response_0003 pot8_0003.ptau -n=""Third contribution""",True,0,process,2.3200650159997167,1.108009,0.39073999999999964,1.4987489999999997,64.59943965640068,4.037464978525042,202878976.0,70141579.63636364,0.0,0.0,4185068.0,1044.0,0.0,0.0,2.029999999998836,0.0,1149698048.0,28368896.0,0.0,0.0,25,raw/samples/n1_ptau_import_response_r1.csv,logs/n1_ptau_import_response_r1.log
1,env,ptau_verify,ptau,1,,snarkjs powersoftau verify pot8_0003.ptau,True,0,process,2.586665348999304,1.1600129999999993,0.5616220000000003,1.7216349999999996,66.55808802889959,4.159880501806224,254464000.0,88827166.72,0.0,0.0,4348386.0,5959.0,0.0,0.0,2.6499999999941792,0.0,1211162624.0,-7921664.0,0.0,24576.0,27,raw/samples/n1_ptau_verify_r1.csv,logs/n1_ptau_verify_r1.log
1,env,ptau_beacon,ptau,1,,"snarkjs powersoftau beacon pot8_0003.ptau pot8_beacon.ptau 0102030405060708090a0b0c0d0e0f101112131015161718191a1b1c1d1e1f 10 -n=""Final Beacon""",True,0,process,2.3767387490006513,1.3970730000000007,0.46354700000000015,1.8606200000000008,78.28458221511879,4.892786388444924,216547328.0,76207682.7826087,0.0,0.0,4380280.0,85004.0,0.0,0.0,2.540000000008149,0.0,1168732160.0,-5177344.0,0.0,0.0,25,raw/samples/n1_ptau_beacon_r1.csv,logs/n1_ptau_beacon_r1.log
1,env,ptau_prepare_phase2,ptau,1,,snarkjs powersoftau prepare phase2 pot8_beacon.ptau pot8_final.ptau -v,True,0,process,3.0683313659992564,4.810257999999999,0.45671899999999965,5.266976999999999,171.65606877941343,10.72850429871334,227028992.0,109649100.8,0.0,0.0,4413183.0,599510.0,0.0,0.0,5.970000000001164,0.0,1177022464.0,2797568.0,0.0,0.0,32,raw/samples/n1_ptau_prepare_phase2_r1.csv,logs/n1_ptau_prepare_phase2_r1.log
1,env,ptau_verify_final,ptau,1,,snarkjs powersoftau verify pot8_final.ptau,True,0,process,2.9465935959997296,2.2421830000000007,0.8285150000000003,3.070698000000001,104.21179236148326,6.513237022592704,270958592.0,108651767.1724138,0.0,0.0,4800335.0,131140.0,0.0,0.0,3.6600000000034925,0.0,1221242880.0,27955200.0,0.0,0.0,31,raw/samples/n1_ptau_verify_final_r1.csv,logs/n1_ptau_verify_final_r1.log
1,env,circom_compile,compile,1,,circom --r1cs --wasm --sym --inspect circuit.circom,True,0,process,0.12448109700017085,0.02165899999999965,0.01547099999999979,0.03712999999999944,29.827821970389994,1.8642388731493746,11841536.0,11841536.0,0.0,0.0,30480.0,50343.0,0.0,0.0,0.08999999999650754,0.0,1031163904.0,-25341952.0,0.0,0.0,3,raw/samples/n1_circom_compile_r1.csv,logs/n1_circom_compile_r1.log
1,env,r1cs_info,compile,1,,snarkjs r1cs info circuit.r1cs,True,0,process,2.3505405240011896,0.9260850000000005,0.33119500000000013,1.2572800000000006,53.488973585522594,3.343060849095162,191918080.0,71126327.6521739,0.0,0.0,4252233.0,2034.0,0.0,0.0,2.3399999999965075,0.0,1145712640.0,22188032.0,0.0,0.0,25,raw/samples/n1_r1cs_info_r1.csv,logs/n1_r1cs_info_r1.log
1,env,r1cs_export_json,compile,1,,snarkjs r1cs export json circuit.r1cs circuit.r1cs.json,True,0,process,2.889281296998888,0.47541499999999814,0.257352,0.7327669999999982,25.361566586165463,1.5850979116353414,88289280.0,69667986.28571428,0.0,0.0,3268401.0,496.0,0.0,0.0,1.4100000000034925,0.0,1048936448.0,-4730880.0,0.0,0.0,30,raw/samples/n1_r1cs_export_json_r1.csv,logs/n1_r1cs_export_json_r1.log
1,env,zkey_setup,zkey,1,,snarkjs groth16 setup circuit.r1cs pot8_final.ptau circuit_0000.zkey,True,0,process,2.420813486998668,1.0799940000000028,0.4130029999999998,1.4929970000000026,61.67335930745432,3.854584956715895,226729984.0,74766068.86956522,0.0,0.0,4566104.0,111834.0,0.0,0.0,2.0799999999871943,0.0,1179807744.0,19218432.0,0.0,16384.0,25,raw/samples/n1_zkey_setup_r1.csv,logs/n1_zkey_setup_r1.log
1,env,zkey_contribute_1,zkey,1,,"snarkjs zkey contribute circuit_0000.zkey circuit_0001.zkey --name=""1st Contributor"" -v -e=""some random text""",True,0,process,2.364202060000025,0.974259,0.4637330000000004,1.4379920000000004,60.82356598572565,3.801472874107853,217923584.0,72764549.56521739,0.0,0.0,4393938.0,79850.0,0.0,0.0,1.9800000000104774,0.0,1165393920.0,7430144.0,0.0,0.0,25,raw/samples/n1_zkey_contribute_1_r1.csv,logs/n1_zkey_contribute_1_r1.log
1,env,zkey_contribute_2,zkey,1,,"snarkjs zkey contribute circuit_0001.zkey circuit_0002.zkey --name=""2nd Contributor"" -v -e=""some random text""",True,0,process,2.38643991599929,1.0169359999999976,0.4197109999999995,1.4366469999999971,60.20042618162545,3.762526636351591,213475328.0,71777591.6521739,0.0,0.0,4314494.0,1708.0,0.0,0.0,2.4200000000128057,0.0,1158586368.0,438272.0,0.0,0.0,25,raw/samples/n1_zkey_contribute_2_r1.csv,logs/n1_zkey_contribute_2_r1.log
1,env,zkey_export_bellman,zkey,1,,snarkjs zkey export bellman circuit_0002.zkey challenge_phase2_0003,True,0,process,2.3409970060001797,1.1942780000000006,0.3864869999999998,1.5807650000000004,67.52528926557197,4.220330579098248,194367488.0,72995884.52173913,0.0,0.0,4277060.0,85920.0,0.0,0.0,2.220000000001164,0.0,1139335168.0,7491584.0,0.0,0.0,25,raw/samples/n1_zkey_export_bellman_r1.csv,logs/n1_zkey_export_bellman_r1.log
1,env,zkey_bellman_contribute,zkey,1,,"snarkjs zkey bellman contribute bn128 challenge_phase2_0003 response_phase2_0003 -e=""some random text""",True,0,process,2.333444216999851,0.9690359999999991,0.47013500000000086,1.439171,61.6758262106804,3.854739138167525,190726144.0,70851005.2173913,0.0,0.0,4254082.0,94240.0,0.0,0.0,2.040000000008149,0.0,1135366144.0,-4931584.0,0.0,0.0,25,raw/samples/n1_zkey_bellman_contribute_r1.csv,logs/n1_zkey_bellman_contribute_r1.log
1,env,zkey_import_bellman,zkey,1,,"snarkjs zkey import bellman circuit_0002.zkey response_phase2_0003 circuit_0003.zkey -n=""Third contribution""",True,0,process,2.347863465000046,1.327415000000002,0.37657399999999974,1.7039890000000018,72.57615382672896,4.53600961417056,204591104.0,75211286.26086956,0.0,0.0,4384204.0,112750.0,0.0,0.0,2.319999999977881,0.0,1148747776.0,12333056.0,0.0,0.0,25,raw/samples/n1_zkey_import_bellman_r1.csv,logs/n1_zkey_import_bellman_r1.log
1,env,zkey_verify,zkey,1,,snarkjs zkey verify circuit.r1cs pot8_final.ptau circuit_0003.zkey,True,0,process,2.5263378449999436,1.1900359999999992,0.4428780000000003,1.6329139999999995,64.63561487755159,4.039725929846974,229113856.0,78260736.0,0.0,0.0,4592568.0,3585.0,0.0,0.0,2.6000000000058208,0.0,1179435008.0,10043392.0,0.0,0.0,27,raw/samples/n1_zkey_verify_r1.csv,logs/n1_zkey_verify_r1.log
1,env,zkey_beacon,zkey,1,,"snarkjs zkey beacon circuit_0003.zkey circuit_final.zkey 0102030405060708090a0b0c0d0e0f101112131515161718191a1b1c1d1e1f 10 -n=""Final Beacon phase2""",True,0,process,2.3358355809996283,1.009799000000001,0.4059469999999994,1.4157460000000004,60.609831082122966,3.7881144426326854,176156672.0,70945925.56521739,0.0,0.0,4293547.0,109618.0,0.0,0.0,2.0399999999790452,0.0,1124110336.0,-10698752.0,0.0,0.0,25,raw/samples/n1_zkey_beacon_r1.csv,logs/n1_zkey_beacon_r1.log
1,env,zkey_verify_final,zkey,1,,snarkjs zkey verify circuit.r1cs pot8_final.ptau circuit_final.zkey,True,0,process,2.481392165998841,1.1490539999999996,0.4420529999999996,1.5911069999999992,64.12154522779863,4.007596576737415,229249024.0,81064448.0,0.0,0.0,4662513.0,4337.0,0.0,0.0,2.2700000000186265,0.0,1176088576.0,21499904.0,0.0,0.0,26,raw/samples/n1_zkey_verify_final_r1.csv,logs/n1_zkey_verify_final_r1.log
1,env,zkey_export_vkey,zkey,1,,snarkjs zkey export verificationkey circuit_final.zkey verification_key.json,True,0,process,2.99517826400006,0.8191740000000003,0.5198200000000011,1.3389940000000013,44.70498521219151,2.7940615757619693,216465408.0,104103794.7586207,0.0,0.0,4487748.0,1990.0,0.0,0.0,2.1199999999953434,0.0,1165402112.0,-5550080.0,0.0,0.0,31,raw/samples/n1_zkey_export_vkey_r1.csv,logs/n1_zkey_export_vkey_r1.log
1,env,zkey_export_verifier,zkey,1,,snarkjs zkey export solidityverifier circuit_final.zkey verifier.sol,True,0,process,2.3492145589989377,0.9115800000000007,0.38569999999999993,1.2972800000000007,55.221861069718805,3.4513663168574253,188416000.0,70979584.0,0.0,0.0,4361811.0,9203.0,0.0,0.0,2.179999999993015,0.0,1144356864.0,20176896.0,0.0,0.0,25,raw/samples/n1_zkey_export_verifier_r1.csv,logs/n1_zkey_export_verifier_r1.log
1,prove,fullprove_snarkjs,prove,1,snarkjs,snarkjs groth16 fullprove input.json circuit_js/circuit.wasm circuit_final.zkey proof.json public.json,True,0,process,3.052146437999909,0.9110300000000002,0.5394930000000002,1.4505230000000005,47.52468564223077,2.970292852639423,219095040.0,105443464.53333333,0.0,0.0,4528337.0,12209.0,0.0,0.0,2.2300000000104774,0.0,1165213696.0,10571776.0,0.0,0.0,32,raw/samples/n1_fullprove_snarkjs_r1.csv,logs/n1_fullprove_snarkjs_r1.log
1,prove,fullprove_snarkjs,prove,2,snarkjs,snarkjs groth16 fullprove input.json circuit_js/circuit.wasm circuit_final.zkey proof.json public.json,True,0,process,3.0471162300000287,0.9553319999999985,0.5232759999999992,1.4786079999999977,48.52483096780275,3.032801935487672,219955200.0,104244701.86666666,0.0,0.0,4525181.0,12344.0,0.0,0.0,2.779999999998836,0.0,1182842880.0,36323328.0,0.0,0.0,32,raw/samples/n1_fullprove_snarkjs_r2.csv,logs/n1_fullprove_snarkjs_r2.log
1,prove,fullprove_snarkjs,prove,3,snarkjs,snarkjs groth16 fullprove input.json circuit_js/circuit.wasm circuit_final.zkey proof.json public.json,True,0,process,3.0700042389999,1.0842269999999985,0.43798400000000015,1.5222109999999986,49.5833517316537,3.0989594832283562,218136576.0,105274299.73333333,0.0,0.0,4504796.0,11092.0,0.0,0.0,2.6900000000023283,0.0,1170096128.0,23638016.0,0.0,0.0,32,raw/samples/n1_fullprove_snarkjs_r3.csv,logs/n1_fullprove_snarkjs_r3.log
1,prove,fullprove_snarkjs,prove,4,snarkjs,snarkjs groth16 fullprove input.json circuit_js/circuit.wasm circuit_final.zkey proof.json public.json,True,0,process,3.0703372440002568,1.004407999999998,0.5065689999999989,1.510976999999997,49.21208583690914,3.075755364806821,218120192.0,106504192.0,0.0,0.0,4547628.0,11092.0,0.0,0.0,2.319999999977881,0.0,1168642048.0,15327232.0,0.0,0.0,32,raw/samples/n1_fullprove_snarkjs_r4.csv,logs/n1_fullprove_snarkjs_r4.log
1,prove,fullprove_snarkjs,prove,5,snarkjs,snarkjs groth16 fullprove input.json circuit_js/circuit.wasm circuit_final.zkey proof.json public.json,True,0,process,3.0467029090013966,0.9417439999999999,0.5659910000000004,1.5077350000000003,49.487431004363444,3.0929644377727152,219627520.0,107372407.46666667,0.0,0.0,4500302.0,12340.0,0.0,0.0,2.580000000016298,0.0,1175736320.0,25047040.0,0.0,0.0,32,raw/samples/n1_fullprove_snarkjs_r5.csv,logs/n1_fullprove_snarkjs_r5.log
1,prove,fullprove_snarkjs,prove,6,snarkjs,snarkjs groth16 fullprove input.json circuit_js/circuit.wasm circuit_final.zkey proof.json public.json,True,0,process,3.0574466590005613,1.0243030000000033,0.4873960000000004,1.5116990000000037,49.44318474207357,3.090199046379598,218513408.0,105992601.6,0.0,0.0,4497918.0,12107.0,0.0,0.0,2.129999999975553,0.0,1171804160.0,32698368.0,0.0,0.0,32,raw/samples/n1_fullprove_snarkjs_r6.csv,logs/n1_fullprove_snarkjs_r6.log
1,prove,fullprove_snarkjs,prove,7,snarkjs,snarkjs groth16 fullprove input.json circuit_js/circuit.wasm circuit_final.zkey proof.json public.json,True,0,process,3.0530730840000615,1.0620290000000026,0.5346880000000009,1.5967170000000035,52.29868254277176,3.268667658923235,218079232.0,104914124.8,0.0,0.0,4480173.0,12298.0,0.0,0.0,2.4100000000034925,0.0,1169158144.0,37371904.0,0.0,0.0,32,raw/samples/n1_fullprove_snarkjs_r7.csv,logs/n1_fullprove_snarkjs_r7.log
1,prove,fullprove_snarkjs,prove,8,snarkjs,snarkjs groth16 fullprove input.json circuit_js/circuit.wasm circuit_final.zkey proof.json public.json,True,0,process,3.066146832999948,1.0235309999999984,0.5279549999999986,1.551485999999997,50.60051212492025,3.1625320078075156,217886720.0,105160840.53333333,0.0,0.0,4467447.0,11124.0,0.0,0.0,2.849999999976717,0.0,1174327296.0,26914816.0,0.0,0.0,32,raw/samples/n1_fullprove_snarkjs_r8.csv,logs/n1_fullprove_snarkjs_r8.log
1,prove,fullprove_snarkjs,prove,9,snarkjs,snarkjs groth16 fullprove input.json circuit_js/circuit.wasm circuit_final.zkey proof.json public.json,True,0,process,3.047543112999847,1.1115160000000017,0.47927800000000076,1.5907940000000025,52.19922872343241,3.2624517952145258,218120192.0,106137053.86666666,0.0,0.0,4511905.0,12321.0,0.0,0.0,2.330000000016298,0.0,1171734528.0,30445568.0,0.0,0.0,32,raw/samples/n1_fullprove_snarkjs_r9.csv,logs/n1_fullprove_snarkjs_r9.log
1,prove,fullprove_snarkjs,prove,10,snarkjs,snarkjs groth16 fullprove input.json circuit_js/circuit.wasm circuit_final.zkey proof.json public.json,True,0,process,3.0867087980004726,0.9469719999999953,0.5123219999999993,1.4592939999999945,47.276698111117746,2.954793631944859,218234880.0,106348817.06666666,0.0,0.0,4561455.0,11180.0,0.0,0.0,2.669999999983702,0.0,1174962176.0,31141888.0,0.0,0.0,32,raw/samples/n1_fullprove_snarkjs_r10.csv,logs/n1_fullprove_snarkjs_r10.log
1,prove,fullprove_snarkjs,prove,11,snarkjs,snarkjs groth16 fullprove input.json circuit_js/circuit.wasm circuit_final.zkey proof.json public.json,True,0,process,3.050389489999361,1.0426530000000014,0.5405750000000005,1.5832280000000019,51.90248672146892,3.2439054200918074,218959872.0,106410120.53333333,0.0,0.0,4475640.0,12235.0,0.0,0.0,2.3999999999941792,0.0,1170583552.0,33103872.0,0.0,0.0,32,raw/samples/n1_fullprove_snarkjs_r11.csv,logs/n1_fullprove_snarkjs_r11.log
1,prove,fullprove_snarkjs,prove,12,snarkjs,snarkjs groth16 fullprove input.json circuit_js/circuit.wasm circuit_final.zkey proof.json public.json,True,0,process,3.050066424000761,1.0345179999999985,0.5026979999999988,1.5372159999999973,50.3994269732538,3.1499641858283627,217862144.0,104346009.6,0.0,0.0,4484170.0,12230.0,0.0,0.0,2.3099999999976717,0.0,1165434880.0,42205184.0,0.0,0.0,32,raw/samples/n1_fullprove_snarkjs_r12.csv,logs/n1_fullprove_snarkjs_r12.log
1,prove,fullprove_snarkjs,prove,13,snarkjs,snarkjs groth16 fullprove input.json circuit_js/circuit.wasm circuit_final.zkey proof.json public.json,True,0,process,3.091328168999098,1.0468870000000052,0.5626290000000012,1.6095160000000064,52.06551721492355,3.254094825932722,218013696.0,104793292.8,0.0,0.0,4482512.0,11116.0,0.0,0.0,2.7399999999906868,0.0,1172733952.0,43749376.0,0.0,0.0,32,raw/samples/n1_fullprove_snarkjs_r13.csv,logs/n1_fullprove_snarkjs_r13.log
1,prove,fullprove_snarkjs,prove,14,snarkjs,snarkjs groth16 fullprove input.json circuit_js/circuit.wasm circuit_final.zkey proof.json public.json,True,0,process,3.029832448999514,0.9852579999999946,0.5427600000000012,1.5280179999999959,50.43242574369303,3.1520266089808144,219885568.0,105389515.03448276,0.0,0.0,4486709.0,11188.0,0.0,0.0,2.279999999998836,0.0,1173262336.0,34209792.0,0.0,0.0,32,raw/samples/n1_fullprove_snarkjs_r14.csv,logs/n1_fullprove_snarkjs_r14.log
1,prove,fullprove_snarkjs,prove,15,snarkjs,snarkjs groth16 fullprove input.json circuit_js/circuit.wasm circuit_final.zkey proof.json public.json,True,0,process,3.064452026001163,1.1437030000000021,0.5142099999999985,1.6579130000000006,54.10145063238041,3.381340664523776,218320896.0,106092407.46666667,0.0,0.0,4538623.0,11894.0,0.0,0.0,2.8399999999965075,0.0,1164627968.0,32813056.0,0.0,0.0,32,raw/samples/n1_fullprove_snarkjs_r15.csv,logs/n1_fullprove_snarkjs_r15.log
1,prove,fullprove_snarkjs,prove,16,snarkjs,snarkjs groth16 fullprove input.json circuit_js/circuit.wasm circuit_final.zkey proof.json public.json,True,0,process,3.0275188380001055,1.025744000000003,0.47430299999999903,1.5000470000000021,49.547074032110444,3.0966921270069028,220049408.0,105389091.31034483,0.0,0.0,4531428.0,11116.0,0.0,0.0,2.1900000000023283,0.0,1166700544.0,42737664.0,0.0,0.0,32,raw/samples/n1_fullprove_snarkjs_r16.csv,logs/n1_fullprove_snarkjs_r16.log
1,prove,fullprove_snarkjs,prove,17,snarkjs,snarkjs groth16 fullprove input.json circuit_js/circuit.wasm circuit_final.zkey proof.json public.json,True,0,process,3.0705712609997136,1.0202329999999975,0.4836810000000007,1.5039139999999982,48.97831289902568,3.061144556189105,219602944.0,105860983.46666667,0.0,0.0,4503226.0,11148.0,0.0,0.0,2.820000000006985,0.0,1178259456.0,36741120.0,0.0,0.0,32,raw/samples/n1_fullprove_snarkjs_r17.csv,logs/n1_fullprove_snarkjs_r17.log
1,prove,fullprove_snarkjs,prove,18,snarkjs,snarkjs groth16 fullprove input.json circuit_js/circuit.wasm circuit_final.zkey proof.json public.json,True,0,process,3.0526405229993543,1.0581170000000029,0.43013400000000246,1.4882510000000053,48.75290715651422,3.0470566972821387,221077504.0,105864123.73333333,0.0,0.0,4496291.0,12235.0,0.0,0.0,2.279999999998836,0.0,1171222528.0,10752000.0,0.0,0.0,32,raw/samples/n1_fullprove_snarkjs_r18.csv,logs/n1_fullprove_snarkjs_r18.log
1,prove,fullprove_snarkjs,prove,19,snarkjs,snarkjs groth16 fullprove input.json circuit_js/circuit.wasm circuit_final.zkey proof.json public.json,True,0,process,3.0480353140010266,0.9823339999999945,0.5011319999999984,1.4834659999999928,48.669580473223256,3.0418487795764535,217866240.0,105810466.13333334,0.0,0.0,4513726.0,12267.0,0.0,0.0,2.3000000000174623,0.0,1167040512.0,44736512.0,0.0,0.0,32,raw/samples/n1_fullprove_snarkjs_r19.csv,logs/n1_fullprove_snarkjs_r19.log
1,prove,fullprove_snarkjs,prove,20,snarkjs,snarkjs groth16 fullprove input.json circuit_js/circuit.wasm circuit_final.zkey proof.json public.json,True,0,process,3.0699461969998083,1.0596770000000006,0.4792020000000008,1.5388790000000014,50.12723029165509,3.132951893228443,217600000.0,104936652.8,0.0,0.0,4492611.0,11092.0,0.0,0.0,2.679999999993015,0.0,1166471168.0,43380736.0,0.0,0.0,32,raw/samples/n1_fullprove_snarkjs_r20.csv,logs/n1_fullprove_snarkjs_r20.log
1,prove,fullprove_snarkjs,prove,21,snarkjs,snarkjs groth16 fullprove input.json circuit_js/circuit.wasm circuit_final.zkey proof.json public.json,True,0,process,3.0616313310001715,1.0735870000000034,0.4332039999999999,1.5067910000000033,49.21529854829928,3.075956159268705,217604096.0,105606075.73333333,0.0,0.0,4545280.0,12051.0,0.0,0.0,2.4900000000197906,0.0,1167671296.0,27185152.0,0.0,0.0,32,raw/samples/n1_fullprove_snarkjs_r21.csv,logs/n1_fullprove_snarkjs_r21.log
1,prove,fullprove_snarkjs,prove,22,snarkjs,snarkjs groth16 fullprove input.json circuit_js/circuit.wasm circuit_final.zkey proof.json public.json,True,0,process,3.049756544000047,0.9872820000000004,0.47997399999999857,1.467255999999999,48.110594364871915,3.0069121478044947,218550272.0,105336832.0,0.0,0.0,4493648.0,12289.0,0.0,0.0,2.2600000000093132,0.0,1166798848.0,20643840.0,0.0,0.0,32,raw/samples/n1_fullprove_snarkjs_r22.csv,logs/n1_fullprove_snarkjs_r22.log
1,prove,fullprove_snarkjs,prove,23,snarkjs,snarkjs groth16 fullprove input.json circuit_js/circuit.wasm circuit_final.zkey proof.json public.json,True,0,process,3.0555464570006734,1.0473259999999982,0.48949,1.5368159999999982,50.29594613032125,3.143496633145078,221970432.0,106988612.26666667,0.0,0.0,4495127.0,12185.0,0.0,0.0,2.3100000000267755,0.0,1173364736.0,33841152.0,0.0,0.0,32,raw/samples/n1_fullprove_snarkjs_r23.csv,logs/n1_fullprove_snarkjs_r23.log
1,prove,fullprove_snarkjs,prove,24,snarkjs,snarkjs groth16 fullprove input.json circuit_js/circuit.wasm circuit_final.zkey proof.json public.json,True,0,process,3.1065235340010986,1.001778999999999,0.5019580000000019,1.503737000000001,48.40578168945135,3.0253613555907095,218570752.0,104807628.8,0.0,0.0,4496937.0,11196.0,0.0,0.0,2.2700000000186265,0.0,1170653184.0,28790784.0,0.0,0.0,32,raw/samples/n1_fullprove_snarkjs_r24.csv,logs/n1_fullprove_snarkjs_r24.log
1,prove,fullprove_snarkjs,prove,25,snarkjs,snarkjs groth16 fullprove input.json circuit_js/circuit.wasm circuit_final.zkey proof.json public.json,True,0,process,3.079068360999372,1.003388000000001,0.4978719999999974,1.5012599999999985,48.7569558057079,3.047309737856744,218509312.0,104924364.8,0.0,0.0,4471126.0,11092.0,0.0,0.0,2.570000000006985,0.0,1170984960.0,32731136.0,0.0,0.0,32,raw/samples/n1_fullprove_snarkjs_r25.csv,logs/n1_fullprove_snarkjs_r25.log
1,prove,fullprove_snarkjs,prove,26,snarkjs,snarkjs groth16 fullprove input.json circuit_js/circuit.wasm circuit_final.zkey proof.json public.json,True,0,process,3.0748392879995663,1.0017509999999987,0.4853570000000005,1.4871079999999992,48.363763459243565,3.022735216202723,217686016.0,104844765.86666666,0.0,0.0,4496637.0,11116.0,0.0,0.0,2.209999999991851,0.0,1169612800.0,16068608.0,0.0,0.0,32,raw/samples/n1_fullprove_snarkjs_r26.csv,logs/n1_fullprove_snarkjs_r26.log
1,prove,fullprove_snarkjs,prove,27,snarkjs,snarkjs groth16 fullprove input.json circuit_js/circuit.wasm circuit_final.zkey proof.json public.json,True,0,process,3.0455917629988107,0.9807350000000028,0.48818800000000095,1.4689230000000038,48.23111941154069,3.014444963221293,220352512.0,105404552.53333333,0.0,0.0,4470306.0,12441.0,0.0,0.0,2.169999999983702,0.0,1169915904.0,33341440.0,0.0,0.0,32,raw/samples/n1_fullprove_snarkjs_r27.csv,logs/n1_fullprove_snarkjs_r27.log
1,prove,fullprove_snarkjs,prove,28,snarkjs,snarkjs groth16 fullprove input.json circuit_js/circuit.wasm circuit_final.zkey proof.json public.json,True,0,process,3.043134646000908,0.916874,0.5213810000000016,1.4382550000000016,47.26228600795117,2.953892875496948,218169344.0,105317717.33333333,0.0,0.0,4571535.0,12430.0,0.0,0.0,2.1700000000128057,0.0,1165000704.0,23928832.0,0.0,0.0,32,raw/samples/n1_fullprove_snarkjs_r28.csv,logs/n1_fullprove_snarkjs_r28.log
1,prove,fullprove_snarkjs,prove,29,snarkjs,snarkjs groth16 fullprove input.json circuit_js/circuit.wasm circuit_final.zkey proof.json public.json,True,0,process,3.053523877000771,0.9721380000000011,0.564632999999997,1.536770999999998,50.3277872354299,3.145486702214369,219611136.0,104894327.46666667,0.0,0.0,4469249.0,12122.0,0.0,0.0,2.3800000000046566,0.0,1167339520.0,35835904.0,0.0,0.0,32,raw/samples/n1_fullprove_snarkjs_r29.csv,logs/n1_fullprove_snarkjs_r29.log
1,prove,fullprove_snarkjs,prove,30,snarkjs,snarkjs groth16 fullprove input.json circuit_js/circuit.wasm circuit_final.zkey proof.json public.json,True,0,process,3.055304528999841,1.0180119999999988,0.5209930000000007,1.5390049999999995,50.37157459730521,3.1482234123315758,219213824.0,105357721.6,0.0,0.0,4467203.0,12185.0,0.0,0.0,2.9400000000023283,0.0,1171902464.0,27688960.0,0.0,0.0,32,raw/samples/n1_fullprove_snarkjs_r30.csv,logs/n1_fullprove_snarkjs_r30.log
1,prove,fullprove_snarkjs,prove,31,snarkjs,snarkjs groth16 fullprove input.json circuit_js/circuit.wasm circuit_final.zkey proof.json public.json,True,0,process,3.062835771999744,1.0091639999999984,0.48163999999999874,1.4908039999999971,48.67397767875234,3.042123604922021,219078656.0,105500262.4,0.0,0.0,4520335.0,11956.0,0.0,0.0,2.179999999993015,0.0,1169924096.0,29413376.0,0.0,0.0,32,raw/samples/n1_fullprove_snarkjs_r31.csv,logs/n1_fullprove_snarkjs_r31.log
1,prove,fullprove_snarkjs,prove,32,snarkjs,snarkjs groth16 fullprove input.json circuit_js/circuit.wasm circuit_final.zkey proof.json public.json,True,0,process,3.0389809689986578,1.0338629999999966,0.4585680000000032,1.4924309999999998,49.10958690510506,3.0693491815690663,217890816.0,104602965.33333333,0.0,0.0,4508781.0,12492.0,0.0,0.0,2.330000000016298,0.0,1170735104.0,31154176.0,0.0,0.0,32,raw/samples/n1_fullprove_snarkjs_r32.csv,logs/n1_fullprove_snarkjs_r32.log
1,prove,fullprove_snarkjs,prove,33,snarkjs,snarkjs groth16 fullprove input.json circuit_js/circuit.wasm circuit_final.zkey proof.json public.json,True,0,process,3.031868381000095,1.0752280000000027,0.48751699999999687,1.5627449999999996,51.543959157109285,3.2214974473193303,217993216.0,105019603.86206897,0.0,0.0,4522617.0,11092.0,0.0,0.0,2.39000000001397,0.0,1167167488.0,24432640.0,0.0,0.0,32,raw/samples/n1_fullprove_snarkjs_r33.csv,logs/n1_fullprove_snarkjs_r33.log
1,prove,fullprove_snarkjs,prove,34,snarkjs,snarkjs groth16 fullprove input.json circuit_js/circuit.wasm circuit_final.zkey proof.json public.json,True,0,process,3.0120595279986446,0.924625000000006,0.5324740000000006,1.4570990000000066,48.375504748678466,3.023469046792404,218451968.0,105455757.2413793,0.0,0.0,4502421.0,11148.0,0.0,0.0,2.220000000001164,0.0,1164210176.0,26279936.0,0.0,0.0,31,raw/samples/n1_fullprove_snarkjs_r34.csv,logs/n1_fullprove_snarkjs_r34.log
1,prove,fullprove_snarkjs,prove,35,snarkjs,snarkjs groth16 fullprove input.json circuit_js/circuit.wasm circuit_final.zkey proof.json public.json,True,0,process,3.072650854999665,1.071013999999991,0.4705350000000017,1.5415489999999927,50.170002149500995,3.135625134343812,217985024.0,105280307.2,0.0,0.0,4477969.0,11092.0,0.0,0.0,2.8500000000058208,0.0,1165795328.0,27643904.0,0.0,0.0,32,raw/samples/n1_fullprove_snarkjs_r35.csv,logs/n1_fullprove_snarkjs_r35.log
1,prove,fullprove_snarkjs,prove,36,snarkjs,snarkjs groth16 fullprove input.json circuit_js/circuit.wasm circuit_final.zkey proof.json public.json,True,0,process,3.0935794269989856,0.9930800000000062,0.6370909999999981,1.6301710000000043,52.69530129961453,3.293456331225908,219009024.0,105468313.6,0.0,0.0,4457695.0,11108.0,0.0,0.0,2.389999999993961,0.010000000000005116,1165721600.0,33435648.0,0.0,0.0,32,raw/samples/n1_fullprove_snarkjs_r36.csv,logs/n1_fullprove_snarkjs_r36.log
1,prove,fullprove_snarkjs,prove,37,snarkjs,snarkjs groth16 fullprove input.json circuit_js/circuit.wasm circuit_final.zkey proof.json public.json,True,0,process,3.109609602999626,0.9912810000000007,0.536367000000002,1.5276480000000028,49.12668132123036,3.0704175825768973,218099712.0,105173538.13333334,0.0,0.0,4542928.0,11124.0,0.0,0.0,2.7600000000093132,0.0,1171763200.0,41086976.0,0.0,0.0,32,raw/samples/n1_fullprove_snarkjs_r37.csv,logs/n1_fullprove_snarkjs_r37.log
1,prove,fullprove_snarkjs,prove,38,snarkjs,snarkjs groth16 fullprove input.json circuit_js/circuit.wasm circuit_final.zkey proof.json public.json,True,0,process,3.0482568879997416,1.0669369999999958,0.4897749999999981,1.5567119999999939,51.06892421463548,3.1918077634147175,218099712.0,106041344.0,0.0,0.0,4473907.0,12305.0,0.0,0.0,2.320000000006985,0.0,1168629760.0,39792640.0,0.0,0.0,32,raw/samples/n1_fullprove_snarkjs_r38.csv,logs/n1_fullprove_snarkjs_r38.log
1,prove,fullprove_snarkjs,prove,39,snarkjs,snarkjs groth16 fullprove input.json circuit_js/circuit.wasm circuit_final.zkey proof.json public.json,True,0,process,3.057753560000492,0.9218910000000022,0.5465560000000025,1.4684470000000047,48.02371974017973,3.001482483761233,218079232.0,106090086.4,0.0,0.0,4493032.0,12117.0,0.0,0.0,2.319999999977881,0.0,1171603456.0,23216128.0,0.0,0.0,32,raw/samples/n1_fullprove_snarkjs_r39.csv,logs/n1_fullprove_snarkjs_r39.log
1,prove,fullprove_snarkjs,prove,40,snarkjs,snarkjs groth16 fullprove input.json circuit_js/circuit.wasm circuit_final.zkey proof.json public.json,True,0,process,3.0606268730007287,1.020105000000001,0.46666199999999947,1.4867670000000004,48.577205314228,3.03607533213925,218173440.0,105678165.33333333,0.0,0.0,4548219.0,12255.0,0.0,0.0,2.639999999984866,0.0,1168470016.0,29818880.0,0.0,0.0,32,raw/samples/n1_fullprove_snarkjs_r40.csv,logs/n1_fullprove_snarkjs_r40.log
1,prove,fullprove_snarkjs,prove,41,snarkjs,snarkjs groth16 fullprove input.json circuit_js/circuit.wasm circuit_final.zkey proof.json public.json,True,0,process,3.043083339000077,1.0105339999999927,0.5019439999999982,1.5124779999999909,49.70215506805588,3.1063846917534925,221016064.0,105641574.4,0.0,0.0,4503073.0,12376.0,0.0,0.0,2.0799999999871943,0.0,1170235392.0,24064000.0,0.0,0.0,32,raw/samples/n1_fullprove_snarkjs_r41.csv,logs/n1_fullprove_snarkjs_r41.log
1,prove,fullprove_snarkjs,prove,42,snarkjs,snarkjs groth16 fullprove input.json circuit_js/circuit.wasm circuit_final.zkey proof.json public.json,True,0,process,3.1194006589994387,1.1386310000000037,0.4690100000000008,1.6076410000000045,51.53685517639348,3.2210534485245925,219377664.0,105751074.13333334,0.0,0.0,4563001.0,11132.0,0.0,0.0,2.7100000000209548,0.0,1171292160.0,31420416.0,0.0,0.0,32,raw/samples/n1_fullprove_snarkjs_r42.csv,logs/n1_fullprove_snarkjs_r42.log
1,prove,fullprove_snarkjs,prove,43,snarkjs,snarkjs groth16 fullprove input.json circuit_js/circuit.wasm circuit_final.zkey proof.json public.json,True,0,process,3.0142237190011656,0.962537999999995,0.505240999999998,1.467778999999993,48.69509156693838,3.0434432229336488,218398720.0,105680896.0,0.0,0.0,4522638.0,11252.0,0.0,0.0,2.2100000000209548,0.0,1166995456.0,19738624.0,0.0,0.0,31,raw/samples/n1_fullprove_snarkjs_r43.csv,logs/n1_fullprove_snarkjs_r43.log
1,prove,fullprove_snarkjs,prove,44,snarkjs,snarkjs groth16 fullprove input.json circuit_js/circuit.wasm circuit_final.zkey proof.json public.json,True,0,process,3.021922035000898,0.9982779999999991,0.5143729999999991,1.5126509999999982,50.0559240933411,3.1284952558338186,219889664.0,105393187.31034483,0.0,0.0,4480388.0,11108.0,0.0,0.0,2.2999999999883585,0.0,1167220736.0,23674880.0,0.0,0.0,31,raw/samples/n1_fullprove_snarkjs_r44.csv,logs/n1_fullprove_snarkjs_r44.log
1,prove,fullprove_snarkjs,prove,45,snarkjs,snarkjs groth16 fullprove input.json circuit_js/circuit.wasm circuit_final.zkey proof.json public.json,True,0,process,3.069035417000123,1.033725000000004,0.4654860000000056,1.4992110000000096,48.84958289159912,3.053098930724945,218267648.0,105658914.13333334,0.0,0.0,4540355.0,11196.0,0.0,0.0,2.7300000000104774,0.0,1168211968.0,19656704.0,0.0,0.0,32,raw/samples/n1_fullprove_snarkjs_r45.csv,logs/n1_fullprove_snarkjs_r45.log
1,prove,fullprove_snarkjs,prove,46,snarkjs,snarkjs groth16 fullprove input.json circuit_js/circuit.wasm circuit_final.zkey proof.json public.json,True,0,process,3.075589586998831,1.067707999999996,0.47905000000000086,1.546757999999997,50.29143051265588,3.1432144070409924,218517504.0,105388851.2,0.0,0.0,4479690.0,11116.0,0.0,0.0,2.7899999999790452,0.0,1178787840.0,29646848.0,0.0,0.0,32,raw/samples/n1_fullprove_snarkjs_r46.csv,logs/n1_fullprove_snarkjs_r46.log
1,prove,fullprove_snarkjs,prove,47,snarkjs,snarkjs groth16 fullprove input.json circuit_js/circuit.wasm circuit_final.zkey proof.json public.json,True,0,process,3.03923589400074,1.051162000000005,0.5627469999999946,1.6139089999999996,53.10245918014308,3.3189036987589424,217964544.0,103545514.66666667,0.0,0.0,4476363.0,12474.0,0.0,0.0,3.0199999999895226,0.0,1170898944.0,29843456.0,0.0,0.0,32,raw/samples/n1_fullprove_snarkjs_r47.csv,logs/n1_fullprove_snarkjs_r47.log
1,prove,fullprove_snarkjs,prove,48,snarkjs,snarkjs groth16 fullprove input.json circuit_js/circuit.wasm circuit_final.zkey proof.json public.json,True,0,process,3.0522608760002186,1.1014100000000013,0.489054000000003,1.5904640000000043,52.10773471251251,3.256733419532032,218099712.0,107542254.93333334,0.0,0.0,4531392.0,12239.0,0.0,0.0,2.220000000001164,0.0,1166483456.0,29036544.0,0.0,0.0,32,raw/samples/n1_fullprove_snarkjs_r48.csv,logs/n1_fullprove_snarkjs_r48.log
1,prove,fullprove_snarkjs,prove,49,snarkjs,snarkjs groth16 fullprove input.json circuit_js/circuit.wasm circuit_final.zkey proof.json public.json,True,0,process,3.042731866000395,1.0931290000000047,0.48270399999999825,1.575833000000003,51.79007120569587,3.2368794503559917,219508736.0,105520605.86666666,0.0,0.0,4529349.0,12386.0,0.0,0.0,2.2399999999906868,0.0,1168072704.0,25612288.0,0.0,0.0,32,raw/samples/n1_fullprove_snarkjs_r49.csv,logs/n1_fullprove_snarkjs_r49.log
1,prove,fullprove_snarkjs,prove,50,snarkjs,snarkjs groth16 fullprove input.json circuit_js/circuit.wasm circuit_final.zkey proof.json public.json,True,0,process,3.0427098399995884,1.040309999999991,0.5484580000000037,1.5887679999999946,52.21556058727603,3.263472536704752,217862144.0,105443054.93333334,0.0,0.0,4463343.0,12358.0,0.0,0.0,2.6900000000023283,0.0,1169510400.0,36999168.0,0.0,0.0,32,raw/samples/n1_fullprove_snarkjs_r50.csv,logs/n1_fullprove_snarkjs_r50.log
1,verify,verify_snarkjs,verify,1,snarkjs,snarkjs groth16 verify verification_key.json public.json proof.json,True,0,process,2.3206778210005723,0.8614530000000116,0.4408559999999966,1.3023090000000082,56.11761306179549,3.507350816362218,180985856.0,68742423.27272727,0.0,0.0,4136517.0,500.0,0.0,0.0,1.9400000000023283,0.0,1130631168.0,27521024.0,0.0,0.0,25,raw/samples/n1_verify_snarkjs_r1.csv,logs/n1_verify_snarkjs_r1.log
1,verify,verify_snarkjs,verify,2,snarkjs,snarkjs groth16 verify verification_key.json public.json proof.json,True,0,process,2.30248681699959,0.872050999999999,0.48528900000000164,1.3573400000000007,58.95104327975149,3.684440204984468,203362304.0,69844619.63636364,0.0,0.0,4113636.0,868.0,0.0,0.0,1.9899999999906868,0.0,1152737280.0,17440768.0,0.0,0.0,24,raw/samples/n1_verify_snarkjs_r2.csv,logs/n1_verify_snarkjs_r2.log
1,verify,verify_snarkjs,verify,3,snarkjs,snarkjs groth16 verify verification_key.json public.json proof.json,True,0,process,2.2943045570009417,0.9560049999999904,0.39403899999999936,1.3500439999999898,58.843277623295755,3.6777048514559847,206811136.0,70015534.54545455,0.0,0.0,4151601.0,932.0,0.0,0.0,1.8700000000244472,0.0,1149976576.0,36212736.0,0.0,0.0,24,raw/samples/n1_verify_snarkjs_r3.csv,logs/n1_verify_snarkjs_r3.log
1,verify,verify_snarkjs,verify,4,snarkjs,snarkjs groth16 verify verification_key.json public.json proof.json,True,0,process,2.315781125000285,0.9414700000000096,0.38666800000000023,1.3281380000000098,57.35162039546575,3.5844762747166095,168935424.0,68163770.18181819,0.0,0.0,4110425.0,548.0,0.0,0.0,1.8699999999953434,0.0,1113382912.0,36249600.0,0.0,0.0,24,raw/samples/n1_verify_snarkjs_r4.csv,logs/n1_verify_snarkjs_r4.log
1,verify,verify_snarkjs,verify,5,snarkjs,snarkjs groth16 verify verification_key.json public.json proof.json,True,0,process,2.321107951000158,0.917082999999991,0.433956000000002,1.351038999999993,58.20664219507044,3.6379151371919023,176369664.0,68677259.63636364,0.0,0.0,4067781.0,412.0,0.0,0.0,1.900000000023283,0.0,1118490624.0,34537472.0,0.0,0.0,25,raw/samples/n1_verify_snarkjs_r5.csv,logs/n1_verify_snarkjs_r5.log
1,verify,verify_snarkjs,verify,6,snarkjs,snarkjs groth16 verify verification_key.json public.json proof.json,True,0,process,2.3031084069989447,0.9179639999999978,0.44505299999999437,1.3630169999999922,59.18162583480234,3.6988516146751462,201461760.0,69711685.81818181,0.0,0.0,4131236.0,772.0,0.0,0.0,1.959999999991851,0.0,1142104064.0,25313280.0,0.0,0.0,24,raw/samples/n1_verify_snarkjs_r6.csv,logs/n1_verify_snarkjs_r6.log
1,verify,verify_snarkjs,verify,7,snarkjs,snarkjs groth16 verify verification_key.json public.json proof.json,True,0,process,2.3308669819998613,0.8908100000000019,0.45385399999999976,1.3446640000000016,57.68943532102776,3.605589707564235,135528448.0,68658398.60869566,0.0,0.0,4224565.0,6156.0,0.0,0.0,1.8900000000139698,0.0,1088081920.0,18903040.0,0.0,0.0,25,raw/samples/n1_verify_snarkjs_r7.csv,logs/n1_verify_snarkjs_r7.log
1,verify,verify_snarkjs,verify,8,snarkjs,snarkjs groth16 verify verification_key.json public.json proof.json,True,0,process,2.314527361999353,0.9017880000000105,0.4257520000000028,1.3275400000000133,57.356850551693086,3.584803159480818,183394304.0,69083136.0,0.0,0.0,4132905.0,524.0,0.0,0.0,1.820000000006985,0.0,1123917824.0,34619392.0,0.0,0.0,24,raw/samples/n1_verify_snarkjs_r8.csv,logs/n1_verify_snarkjs_r8.log
1,verify,verify_snarkjs,verify,9,snarkjs,snarkjs groth16 verify verification_key.json public.json proof.json,True,0,process,2.31086423799934,0.9790339999999986,0.431516000000002,1.4105500000000006,61.03993375314866,3.814995859571791,190148608.0,69394432.0,0.0,0.0,4130514.0,588.0,0.0,0.0,2.0100000000093132,0.0,1135394816.0,31113216.0,0.0,0.0,24,raw/samples/n1_verify_snarkjs_r9.csv,logs/n1_verify_snarkjs_r9.log
1,verify,verify_snarkjs,verify,10,snarkjs,snarkjs groth16 verify verification_key.json public.json proof.json,True,0,process,2.309630254001604,0.8803049999999928,0.47931799999999924,1.359622999999992,58.86756105850039,3.6792225661562745,200998912.0,69921326.54545455,0.0,0.0,4139306.0,764.0,0.0,0.0,1.929999999993015,0.0,1143590912.0,39354368.0,0.0,0.0,24,raw/samples/n1_verify_snarkjs_r10.csv,logs/n1_verify_snarkjs_r10.log
1,verify,verify_snarkjs,verify,11,snarkjs,snarkjs groth16 verify verification_key.json public.json proof.json,True,0,process,2.2653389900006005,0.863545000000002,0.47071400000000096,1.334259000000003,58.89886705210726,3.681179190756704,214224896.0,72352861.0909091,0.0,0.0,4198342.0,3060.0,0.0,0.0,1.8900000000139698,0.0,1159364608.0,22814720.0,0.0,0.0,24,raw/samples/n1_verify_snarkjs_r11.csv,logs/n1_verify_snarkjs_r11.log
1,verify,verify_snarkjs,verify,12,snarkjs,snarkjs groth16 verify verification_key.json public.json proof.json,True,0,process,2.326892010998563,0.8632869999999997,0.45457199999999887,1.3178589999999986,56.63601893731426,3.5397511835821414,176066560.0,68637044.36363636,0.0,0.0,4168427.0,564.0,0.0,0.0,1.929999999993015,0.0,1126207488.0,31363072.0,0.0,0.0,25,raw/samples/n1_verify_snarkjs_r12.csv,logs/n1_verify_snarkjs_r12.log
1,verify,verify_snarkjs,verify,13,snarkjs,snarkjs groth16 verify verification_key.json public.json proof.json,True,0,process,2.3205189580003207,0.9650270000000063,0.3944410000000005,1.3594680000000068,58.584653890158776,3.6615408681349235,173842432.0,68452352.0,0.0,0.0,4097054.0,412.0,0.0,0.0,1.860000000015134,0.0,1119289344.0,30183424.0,0.0,0.0,24,raw/samples/n1_verify_snarkjs_r13.csv,logs/n1_verify_snarkjs_r13.log
1,verify,verify_snarkjs,verify,14,snarkjs,snarkjs groth16 verify verification_key.json public.json proof.json,True,0,process,2.3085994150005718,0.9623479999999915,0.42715100000000206,1.3894989999999936,60.18796465820162,3.7617477911376014,192020480.0,69496459.63636364,0.0,0.0,4093436.0,612.0,0.0,0.0,1.9100000000034925,0.0,1143508992.0,29786112.0,0.0,0.0,24,raw/samples/n1_verify_snarkjs_r14.csv,logs/n1_verify_snarkjs_r14.log
1,verify,verify_snarkjs,verify,15,snarkjs,snarkjs groth16 verify verification_key.json public.json proof.json,True,0,process,2.304783359000794,0.8456840000000057,0.45021799999999956,1.2959020000000052,56.226629498133185,3.514164343633324,202522624.0,69785786.18181819,0.0,0.0,4194834.0,908.0,0.0,0.0,1.9800000000104774,0.0,1148428288.0,24743936.0,0.0,0.0,24,raw/samples/n1_verify_snarkjs_r15.csv,logs/n1_verify_snarkjs_r15.log
1,verify,verify_snarkjs,verify,16,snarkjs,snarkjs groth16 verify verification_key.json public.json proof.json,True,0,process,2.2842794110001705,0.9732070000000022,0.3733310000000003,1.3465380000000025,58.94804258689271,3.6842526616807945,212193280.0,70847767.27272727,0.0,0.0,4199685.0,1372.0,0.0,0.0,1.889999999984866,0.0,1159204864.0,32129024.0,0.0,0.0,24,raw/samples/n1_verify_snarkjs_r16.csv,logs/n1_verify_snarkjs_r16.log
1,verify,verify_snarkjs,verify,17,snarkjs,snarkjs groth16 verify verification_key.json public.json proof.json,True,0,process,2.2986309329990036,0.9128119999999882,0.4103359999999938,1.323147999999982,57.562437753923476,3.5976523596202172,202264576.0,70254592.0,0.0,0.0,4139624.0,836.0,0.0,0.0,1.8800000000046566,0.0,1150025728.0,38948864.0,0.0,0.0,24,raw/samples/n1_verify_snarkjs_r17.csv,logs/n1_verify_snarkjs_r17.log
1,verify,verify_snarkjs,verify,18,snarkjs,snarkjs groth16 verify verification_key.json public.json proof.json,True,0,process,2.318440101998931,0.9702520000000021,0.38339600000000473,1.3536480000000068,58.38615363980756,3.6491346024879725,182554624.0,68657710.54545455,0.0,0.0,4038440.0,412.0,0.0,0.0,1.9400000000023283,0.0,1123770368.0,19177472.0,0.0,0.0,24,raw/samples/n1_verify_snarkjs_r18.csv,logs/n1_verify_snarkjs_r18.log
1,verify,verify_snarkjs,verify,19,snarkjs,snarkjs groth16 verify verification_key.json public.json proof.json,True,0,process,2.309896064998611,0.8508560000000074,0.4063859999999977,1.257242000000005,54.42850953559078,3.4017818459744236,197689344.0,69635723.63636364,0.0,0.0,4191487.0,820.0,0.0,0.0,1.9500000000116415,0.0,1137893376.0,28291072.0,0.0,0.0,24,raw/samples/n1_verify_snarkjs_r19.csv,logs/n1_verify_snarkjs_r19.log
1,verify,verify_snarkjs,verify,20,snarkjs,snarkjs groth16 verify verification_key.json public.json proof.json,True,0,process,2.275772515000426,0.9084399999999988,0.41659400000000346,1.3250340000000023,58.22348197221962,3.6389676232637265,212705280.0,70909952.0,0.0,0.0,4259761.0,1372.0,0.0,0.0,1.820000000006985,0.0,1155866624.0,39919616.0,0.0,0.0,24,raw/samples/n1_verify_snarkjs_r20.csv,logs/n1_verify_snarkjs_r20.log
1,verify,verify_snarkjs,verify,21,snarkjs,snarkjs groth16 verify verification_key.json public.json proof.json,True,0,process,2.2988149909997446,0.9126030000000043,0.38579199999999503,1.2983949999999993,56.48105676548303,3.5300660478426895,204746752.0,69952418.9090909,0.0,0.0,4178156.0,988.0,0.0,0.0,1.8800000000046566,0.0,1152708608.0,33538048.0,0.0,0.0,24,raw/samples/n1_verify_snarkjs_r21.csv,logs/n1_verify_snarkjs_r21.log
1,verify,verify_snarkjs,verify,22,snarkjs,snarkjs groth16 verify verification_key.json public.json proof.json,True,0,process,2.301851460999387,0.9058019999999942,0.4309119999999993,1.3367139999999935,58.07125362553312,3.62945335159582,201289728.0,69777408.0,0.0,0.0,4085000.0,796.0,0.0,0.0,1.929999999993015,0.0,1148461056.0,26738688.0,0.0,0.0,24,raw/samples/n1_verify_snarkjs_r22.csv,logs/n1_verify_snarkjs_r22.log
1,verify,verify_snarkjs,verify,23,snarkjs,snarkjs groth16 verify verification_key.json public.json proof.json,True,0,process,2.3000633849987935,0.9243149999999929,0.41551700000000125,1.3398319999999941,58.25195986938843,3.640747491836777,203923456.0,70298530.9090909,0.0,0.0,4161059.0,868.0,0.0,0.0,1.860000000015134,0.0,1152032768.0,31645696.0,0.0,0.0,24,raw/samples/n1_verify_snarkjs_r23.csv,logs/n1_verify_snarkjs_r23.log
1,verify,verify_snarkjs,verify,24,snarkjs,snarkjs groth16 verify verification_key.json public.json proof.json,True,0,process,2.3242486430008285,0.8906390000000073,0.41136399999999895,1.3020030000000062,56.01823212507055,3.501139507816909,165031936.0,68057832.72727273,0.0,0.0,4209673.0,548.0,0.0,0.0,1.9100000000034925,0.0,1111080960.0,30011392.0,0.0,0.0,25,raw/samples/n1_verify_snarkjs_r24.csv,logs/n1_verify_snarkjs_r24.log
1,verify,verify_snarkjs,verify,25,snarkjs,snarkjs groth16 verify verification_key.json public.json proof.json,True,0,process,2.3965699709988257,1.0312839999999994,0.40431099999999986,1.4355949999999993,59.90206909759793,3.7438793185998707,209625088.0,70355745.39130434,0.0,0.0,4154547.0,1140.0,0.0,0.0,1.9500000000116415,0.0,1152045056.0,30597120.0,0.0,0.0,25,raw/samples/n1_verify_snarkjs_r25.csv,logs/n1_verify_snarkjs_r25.log
1,verify,verify_snarkjs,verify,26,snarkjs,snarkjs groth16 verify verification_key.json public.json proof.json,True,0,process,2.4888145420009096,0.9909619999999961,0.5083100000000016,1.4992719999999977,60.24040661521697,3.7650254134510606,211902464.0,71430485.33333333,0.0,0.0,4228407.0,1364.0,0.0,0.0,2.1300000000046566,0.0,1156739072.0,23515136.0,0.0,0.0,26,raw/samples/n1_verify_snarkjs_r26.csv,logs/n1_verify_snarkjs_r26.log
1,verify,verify_snarkjs,verify,27,snarkjs,snarkjs groth16 verify verification_key.json public.json proof.json,True,0,process,2.2816683760011074,0.8184060000000102,0.47447300000000325,1.2928790000000134,56.663755942742924,3.5414847464214327,209575936.0,70988893.0909091,0.0,0.0,4249454.0,1252.0,0.0,0.0,1.929999999993015,0.0,1152155648.0,30703616.0,0.0,0.0,24,raw/samples/n1_verify_snarkjs_r27.csv,logs/n1_verify_snarkjs_r27.log
1,verify,verify_snarkjs,verify,28,snarkjs,snarkjs groth16 verify verification_key.json public.json proof.json,True,0,process,2.303237738000462,0.9742709999999875,0.43956999999999624,1.4138409999999837,61.38493550506857,3.8365584690667855,197988352.0,69698839.27272727,0.0,0.0,4084229.0,724.0,0.0,0.0,1.9700000000011642,0.0,1136955392.0,20725760.0,0.0,0.0,24,raw/samples/n1_verify_snarkjs_r28.csv,logs/n1_verify_snarkjs_r28.log
1,verify,verify_snarkjs,verify,29,snarkjs,snarkjs groth16 verify verification_key.json public.json proof.json,True,0,process,2.282784420000098,0.8961830000000077,0.4305220000000034,1.3267050000000111,58.11784014190678,3.632365008869174,210370560.0,71597335.27272727,0.0,0.0,4193524.0,1172.0,0.0,0.0,1.9800000000104774,0.0,1151463424.0,42946560.0,0.0,0.0,24,raw/samples/n1_verify_snarkjs_r29.csv,logs/n1_verify_snarkjs_r29.log
1,verify,verify_snarkjs,verify,30,snarkjs,snarkjs groth16 verify verification_key.json public.json proof.json,True,0,process,2.27575950299979,0.8444489999999973,0.4687020000000004,1.3131509999999977,57.70165952373566,3.6063537202334786,212500480.0,71189224.72727273,0.0,0.0,4228017.0,1380.0,0.0,0.0,1.8999999999941792,0.0,1156878336.0,36847616.0,0.0,0.0,24,raw/samples/n1_verify_snarkjs_r30.csv,logs/n1_verify_snarkjs_r30.log
1,verify,verify_snarkjs,verify,31,snarkjs,snarkjs groth16 verify verification_key.json public.json proof.json,True,0,process,2.2820089220003865,0.9202590000000015,0.4202200000000005,1.340479000000002,58.741181380875204,3.6713238363047003,208859136.0,70572218.18181819,0.0,0.0,4204697.0,1180.0,0.0,0.0,1.8699999999953434,0.0,1154387968.0,39550976.0,0.0,0.0,24,raw/samples/n1_verify_snarkjs_r31.csv,logs/n1_verify_snarkjs_r31.log
1,verify,verify_snarkjs,verify,32,snarkjs,snarkjs groth16 verify verification_key.json public.json proof.json,True,0,process,2.2813289700006862,1.0305999999999926,0.4673469999999966,1.4979469999999893,65.66115714558863,4.1038223215992895,211673088.0,71402216.72727273,0.0,0.0,4175152.0,1396.0,0.0,0.0,2.0,0.0,1164247040.0,27693056.0,0.0,0.0,24,raw/samples/n1_verify_snarkjs_r32.csv,logs/n1_verify_snarkjs_r32.log
1,verify,verify_snarkjs,verify,33,snarkjs,snarkjs groth16 verify verification_key.json public.json proof.json,True,0,process,2.3743010980015242,0.943829000000008,0.4464129999999997,1.3902420000000077,58.55373613608611,3.6596085085053818,213823488.0,71184740.17391305,0.0,0.0,4199402.0,1948.0,0.0,0.0,1.9899999999906868,0.0,1159319552.0,29507584.0,0.0,0.0,25,raw/samples/n1_verify_snarkjs_r33.csv,logs/n1_verify_snarkjs_r33.log
1,verify,verify_snarkjs,verify,34,snarkjs,snarkjs groth16 verify verification_key.json public.json proof.json,True,0,process,2.3428990979991795,0.8406300000000044,0.5212470000000025,1.3618770000000069,58.12785540628024,3.632990962892515,150142976.0,69888267.13043478,0.0,0.0,4242127.0,5980.0,0.0,0.0,1.9700000000011642,0.0,1123475456.0,39190528.0,0.0,0.0,25,raw/samples/n1_verify_snarkjs_r34.csv,logs/n1_verify_snarkjs_r34.log
1,verify,verify_snarkjs,verify,35,snarkjs,snarkjs groth16 verify verification_key.json public.json proof.json,True,0,process,2.3690588049994403,0.9233609999999999,0.49326500000000095,1.4166260000000008,59.796996047986894,3.737312252999181,214073344.0,71743042.7826087,0.0,0.0,4256944.0,3460.0,0.0,0.0,2.0899999999965075,0.0,1159954432.0,22020096.0,0.0,0.0,25,raw/samples/n1_verify_snarkjs_r35.csv,logs/n1_verify_snarkjs_r35.log
1,verify,verify_snarkjs,verify,36,snarkjs,snarkjs groth16 verify verification_key.json public.json proof.json,True,0,process,2.2670670190000237,0.8366269999999929,0.4316049999999976,1.2682319999999905,55.94153103419909,3.496345689637443,215523328.0,71618932.36363636,0.0,0.0,4264043.0,2756.0,0.0,0.0,1.8399999999965075,0.0,1161981952.0,25595904.0,0.0,0.0,24,raw/samples/n1_verify_snarkjs_r36.csv,logs/n1_verify_snarkjs_r36.log
1,verify,verify_snarkjs,verify,37,snarkjs,snarkjs groth16 verify verification_key.json public.json proof.json,True,0,process,2.289211143001012,0.818160000000006,0.4236569999999986,1.2418170000000046,54.246503377231534,3.390406461076971,210616320.0,70944768.0,0.0,0.0,4240201.0,1212.0,0.0,0.0,1.8699999999953434,0.0,1157214208.0,37384192.0,0.0,0.0,24,raw/samples/n1_verify_snarkjs_r37.csv,logs/n1_verify_snarkjs_r37.log
1,verify,verify_snarkjs,verify,38,snarkjs,snarkjs groth16 verify verification_key.json public.json proof.json,True,0,process,2.248555773001499,0.8580109999999905,0.43879900000000305,1.2968099999999936,57.673019080551356,3.6045636925344597,191631360.0,72401082.18181819,0.0,0.0,4288423.0,5764.0,0.0,0.0,1.860000000015134,0.0,1146204160.0,29065216.0,0.0,0.0,24,raw/samples/n1_verify_snarkjs_r38.csv,logs/n1_verify_snarkjs_r38.log
1,verify,verify_snarkjs,verify,39,snarkjs,snarkjs groth16 verify verification_key.json public.json proof.json,True,0,process,2.2425366299994494,0.937618999999998,0.42546899999999965,1.3630879999999976,60.78331037118142,3.798956898198839,168353792.0,70179002.18181819,0.0,0.0,4176866.0,5876.0,0.0,0.0,1.9400000000023283,0.0,1131622400.0,37658624.0,0.0,0.0,24,raw/samples/n1_verify_snarkjs_r39.csv,logs/n1_verify_snarkjs_r39.log
1,verify,verify_snarkjs,verify,40,snarkjs,snarkjs groth16 verify verification_key.json public.json proof.json,True,0,process,2.2883053929999733,0.9046810000000107,0.3914320000000018,1.2961130000000125,56.6407352779432,3.54004595487145,208965632.0,70810530.9090909,0.0,0.0,4201498.0,1052.0,0.0,0.0,1.8099999999976717,0.0,1154146304.0,30633984.0,0.0,0.0,24,raw/samples/n1_verify_snarkjs_r40.csv,logs/n1_verify_snarkjs_r40.log
1,verify,verify_snarkjs,verify,41,snarkjs,snarkjs groth16 verify verification_key.json public.json proof.json,True,0,process,2.294533562999277,0.9772979999999905,0.3995959999999954,1.3768939999999859,60.007577235008604,3.7504735771880378,203870208.0,70388270.54545455,0.0,0.0,4120872.0,884.0,0.0,0.0,1.959999999991851,0.0,1148248064.0,32067584.0,0.0,0.0,24,raw/samples/n1_verify_snarkjs_r41.csv,logs/n1_verify_snarkjs_r41.log
1,verify,verify_snarkjs,verify,42,snarkjs,snarkjs groth16 verify verification_key.json public.json proof.json,True,0,process,2.307912643000236,0.9785420000000045,0.428488999999999,1.4070310000000035,60.96552242856531,3.8103451517853317,208486400.0,70616529.45454545,0.0,0.0,4167737.0,1188.0,0.0,0.0,2.2600000000093132,0.0,1152610304.0,30310400.0,0.0,0.0,24,raw/samples/n1_verify_snarkjs_r42.csv,logs/n1_verify_snarkjs_r42.log
1,verify,verify_snarkjs,verify,43,snarkjs,snarkjs groth16 verify verification_key.json public.json proof.json,True,0,process,2.2770451020005567,0.8744389999999953,0.4516390000000001,1.3260779999999954,58.23679113052857,3.639799445658036,210460672.0,71091665.45454545,0.0,0.0,4232336.0,1404.0,0.0,0.0,1.9400000000023283,0.0,1155592192.0,26628096.0,0.0,0.0,24,raw/samples/n1_verify_snarkjs_r43.csv,logs/n1_verify_snarkjs_r43.log
1,verify,verify_snarkjs,verify,44,snarkjs,snarkjs groth16 verify verification_key.json public.json proof.json,True,0,process,2.294616427001529,0.9872660000000053,0.4205129999999997,1.407779000000005,61.35138681281075,3.834461675800672,205357056.0,70750580.36363636,0.0,0.0,4103346.0,940.0,0.0,0.0,2.0199999999895226,0.0,1147731968.0,29028352.0,0.0,0.0,24,raw/samples/n1_verify_snarkjs_r44.csv,logs/n1_verify_snarkjs_r44.log
1,verify,verify_snarkjs,verify,45,snarkjs,snarkjs groth16 verify verification_key.json public.json proof.json,True,0,process,2.3259436920016014,0.8885429999999985,0.4588099999999997,1.3473529999999982,57.927154669876266,3.6204471668672666,159145984.0,67788241.45454545,0.0,0.0,4127129.0,500.0,0.0,0.0,2.0100000000093132,0.0,1104535552.0,32428032.0,0.0,0.0,25,raw/samples/n1_verify_snarkjs_r45.csv,logs/n1_verify_snarkjs_r45.log
1,verify,verify_snarkjs,verify,46,snarkjs,snarkjs groth16 verify verification_key.json public.json proof.json,True,0,process,2.375252312000157,0.918089000000009,0.4546230000000051,1.3727120000000141,57.79226034492639,3.6120162715578994,213495808.0,71465761.39130434,0.0,0.0,4212623.0,2164.0,0.0,0.0,2.029999999998836,0.0,1156571136.0,11681792.0,0.0,0.0,25,raw/samples/n1_verify_snarkjs_r46.csv,logs/n1_verify_snarkjs_r46.log
1,verify,verify_snarkjs,verify,47,snarkjs,snarkjs groth16 verify verification_key.json public.json proof.json,True,0,process,2.3080666049991123,0.9291719999999941,0.3911990000000003,1.3203709999999944,57.206797981486424,3.5754248738429015,186933248.0,69130798.54545455,0.0,0.0,4192379.0,740.0,0.0,0.0,1.820000000006985,0.0,1128026112.0,34627584.0,0.0,0.0,24,raw/samples/n1_verify_snarkjs_r47.csv,logs/n1_verify_snarkjs_r47.log
1,verify,verify_snarkjs,verify,48,snarkjs,snarkjs groth16 verify verification_key.json public.json proof.json,True,0,process,2.303584713001328,0.9713419999999928,0.4021279999999976,1.3734699999999904,59.623160036103194,3.7264475022564496,203767808.0,70019072.0,0.0,0.0,4103283.0,780.0,0.0,0.0,2.1300000000046566,0.0,1152983040.0,35708928.0,0.0,0.0,24,raw/samples/n1_verify_snarkjs_r48.csv,logs/n1_verify_snarkjs_r48.log
1,verify,verify_snarkjs,verify,49,snarkjs,snarkjs groth16 verify verification_key.json public.json proof.json,True,0,process,2.2934401080001408,0.8682170000000013,0.4600689999999972,1.3282859999999985,57.91675114456126,3.6197969465350788,204242944.0,70382126.54545455,0.0,0.0,4128606.0,900.0,0.0,0.0,1.8800000000046566,0.0,1149669376.0,32059392.0,0.0,0.0,24,raw/samples/n1_verify_snarkjs_r49.csv,logs/n1_verify_snarkjs_r49.log
1,verify,verify_snarkjs,verify,50,snarkjs,snarkjs groth16 verify verification_key.json public.json proof.json,True,0,process,2.3257636840007763,0.8925290000000103,0.4343060000000065,1.3268350000000169,57.04943323036142,3.565589576897589,153092096.0,67693847.27272727,0.0,0.0,4076361.0,644.0,0.0,0.0,2.0300000000279397,0.0,1113276416.0,26607616.0,0.0,0.0,25,raw/samples/n1_verify_snarkjs_r50.csv,logs/n1_verify_snarkjs_r50.log
1,prove,witness_rapidsnark,prove,1,rapidsnark,snarkjs wtns calculate circuit_js/circuit.wasm input.json witness.wtns,True,0,process,2.076633935001155,0.15313199999999938,0.2237479999999934,0.3768799999999928,18.14860065839111,1.1342875411494444,67428352.0,62480384.0,0.0,0.0,3055627.0,148.0,0.0,0.0,1.2300000000104774,0.0,1025916928.0,6107136.0,0.0,0.0,22,raw/samples/n1_witness_rapidsnark_r1.csv,logs/n1_witness_rapidsnark_r1.log
1,prove,prove_rapidsnark,prove,1,rapidsnark,docker exec debian_rapidsnark mnt/projet/rapidsnark/package/bin/prover mnt/projet/1/circuit_final.zkey mnt/projet/1/witness.wtns mnt/projet/1/proof.json mnt/projet/1/public.json,True,0,system,0.13419758900090528,0.0,0.01952500000000157,0.17999999999301508,134.13057666170204,8.383161041356377,24117248.0,24117248.0,0.0,0.0,12958.0,1008.0,0.0,0.0,0.17999999999301508,0.0,1012641792.0,-618496.0,0.0,0.0,3,raw/samples/n1_prove_rapidsnark_r1.csv,logs/n1_prove_rapidsnark_r1.log
1,prove,witness_rapidsnark,prove,2,rapidsnark,snarkjs wtns calculate circuit_js/circuit.wasm input.json witness.wtns,True,0,process,2.078081576999466,0.1911659999999955,0.17804500000000445,0.36921099999999996,17.766915605551073,1.110432225346942,67710976.0,62625382.4,0.0,0.0,3052555.0,148.0,0.0,0.0,0.8999999999941792,0.0,1030004736.0,8093696.0,0.0,0.0,22,raw/samples/n1_witness_rapidsnark_r2.csv,logs/n1_witness_rapidsnark_r2.log
1,prove,prove_rapidsnark,prove,2,rapidsnark,docker exec debian_rapidsnark mnt/projet/rapidsnark/package/bin/prover mnt/projet/1/circuit_final.zkey mnt/projet/1/witness.wtns mnt/projet/1/proof.json mnt/projet/1/public.json,True,0,system,0.11247254699992482,0.0048799999999999955,0.012232999999994831,0.14999999999417923,133.36587815894265,8.335367384933916,24117248.0,24117248.0,0.0,0.0,12958.0,1008.0,0.0,0.0,0.14999999999417923,0.0,1014181888.0,-6053888.0,0.0,0.0,3,raw/samples/n1_prove_rapidsnark_r2.csv,logs/n1_prove_rapidsnark_r2.log
1,prove,witness_rapidsnark,prove,3,rapidsnark,snarkjs wtns calculate circuit_js/circuit.wasm input.json witness.wtns,True,0,process,2.050878287998785,0.1859759999999966,0.17695400000000205,0.36292999999999864,17.696320748226366,1.106020046764148,67301376.0,62536908.8,0.0,0.0,3060059.0,148.0,0.0,0.0,0.8200000000160799,0.00999999999999801,1031655424.0,7913472.0,0.0,12288.0,22,raw/samples/n1_witness_rapidsnark_r3.csv,logs/n1_witness_rapidsnark_r3.log
1,prove,prove_rapidsnark,prove,3,rapidsnark,docker exec debian_rapidsnark mnt/projet/rapidsnark/package/bin/prover mnt/projet/1/circuit_final.zkey mnt/projet/1/witness.wtns mnt/projet/1/proof.json mnt/projet/1/public.json,True,0,system,0.12637284000084037,0.008346000000003073,0.008346000000003073,0.12999999997555278,102.87020531839617,6.429387832399761,24248320.0,24248320.0,0.0,0.0,12958.0,1008.0,0.0,0.0,0.12999999997555278,0.0,1016025088.0,-6037504.0,0.0,0.0,3,raw/samples/n1_prove_rapidsnark_r3.csv,logs/n1_prove_rapidsnark_r3.log
1,prove,witness_rapidsnark,prove,4,rapidsnark,snarkjs wtns calculate circuit_js/circuit.wasm input.json witness.wtns,True,0,process,2.06946225899992,0.14413100000000156,0.22554899999999378,0.36967999999999535,17.86357776723338,1.1164736104520863,66953216.0,62188748.8,0.0,0.0,3051629.0,148.0,0.0,0.0,1.3399999999965075,0.0,1033138176.0,5001216.0,0.0,0.0,22,raw/samples/n1_witness_rapidsnark_r4.csv,logs/n1_witness_rapidsnark_r4.log
1,prove,prove_rapidsnark,prove,4,rapidsnark,docker exec debian_rapidsnark mnt/projet/rapidsnark/package/bin/prover mnt/projet/1/circuit_final.zkey mnt/projet/1/witness.wtns mnt/projet/1/proof.json mnt/projet/1/public.json,True,0,system,0.12233046899928013,0.005249999999989541,0.014160000000003947,0.20000000001164153,163.49156644925353,10.218222903078345,24248320.0,24248320.0,0.0,0.0,12950.0,1000.0,0.0,0.0,0.20000000001164153,0.0,1016311808.0,-4734976.0,0.0,0.0,3,raw/samples/n1_prove_rapidsnark_r4.csv,logs/n1_prove_rapidsnark_r4.log
1,prove,witness_rapidsnark,prove,5,rapidsnark,snarkjs wtns calculate circuit_js/circuit.wasm input.json witness.wtns,True,0,process,2.0218740420004906,0.20315100000001962,0.15683200000000141,0.35998300000002104,17.804422655520384,1.112776415970024,67432448.0,62424117.89473684,0.0,0.0,3044044.0,148.0,0.0,0.0,0.889999999984866,0.0,1030537216.0,622592.0,0.0,12288.0,22,raw/samples/n1_witness_rapidsnark_r5.csv,logs/n1_witness_rapidsnark_r5.log
1,prove,prove_rapidsnark,prove,5,rapidsnark,docker exec debian_rapidsnark mnt/projet/rapidsnark/package/bin/prover mnt/projet/1/circuit_final.zkey mnt/projet/1/witness.wtns mnt/projet/1/proof.json mnt/projet/1/public.json,True,0,system,0.12812566800130298,0.008500999999995429,0.008500999999995429,0.14999999999417923,117.07256034962003,7.317035021851252,24248320.0,24248320.0,0.0,0.0,12950.0,1000.0,0.0,0.0,0.14999999999417923,0.0,1011048448.0,-3694592.0,0.0,0.0,3,raw/samples/n1_prove_rapidsnark_r5.csv,logs/n1_prove_rapidsnark_r5.log
1,prove,witness_rapidsnark,prove,6,rapidsnark,snarkjs wtns calculate circuit_js/circuit.wasm input.json witness.wtns,True,0,process,2.0367216170016036,0.1646639999999877,0.1857439999999997,0.3504079999999874,17.204511263343235,1.0752819539589522,67166208.0,62513152.0,0.0,0.0,3066436.0,172.0,0.0,0.0,0.8299999999871943,0.0,1033502720.0,3854336.0,0.0,24576.0,22,raw/samples/n1_witness_rapidsnark_r6.csv,logs/n1_witness_rapidsnark_r6.log
1,prove,prove_rapidsnark,prove,6,rapidsnark,docker exec debian_rapidsnark mnt/projet/rapidsnark/package/bin/prover mnt/projet/1/circuit_final.zkey mnt/projet/1/witness.wtns mnt/projet/1/proof.json mnt/projet/1/public.json,True,0,system,0.12939038299919048,0.004602000000005546,0.013806000000002427,0.17000000001280569,131.3853441595186,8.211584009969913,24248320.0,24248320.0,0.0,0.0,12950.0,1000.0,0.0,0.0,0.17000000001280569,0.0,1012424704.0,-7831552.0,0.0,0.0,3,raw/samples/n1_prove_rapidsnark_r6.csv,logs/n1_prove_rapidsnark_r6.log
1,prove,witness_rapidsnark,prove,7,rapidsnark,snarkjs wtns calculate circuit_js/circuit.wasm input.json witness.wtns,True,0,process,2.1061337249993812,0.18933300000000486,0.17521899999999846,0.3645520000000033,17.309062367353263,1.081816397959579,66666496.0,62151065.6,0.0,0.0,3048667.0,148.0,0.0,0.0,1.3400000000056025,0.00999999999999801,1029103616.0,4542464.0,0.0,24576.0,22,raw/samples/n1_witness_rapidsnark_r7.csv,logs/n1_witness_rapidsnark_r7.log
1,prove,prove_rapidsnark,prove,7,rapidsnark,docker exec debian_rapidsnark mnt/projet/rapidsnark/package/bin/prover mnt/projet/1/circuit_final.zkey mnt/projet/1/witness.wtns mnt/projet/1/proof.json mnt/projet/1/public.json,True,0,system,0.12049478400149383,0.014567999999997028,0.0028970000000043683,0.16000000000349246,132.78583079704833,8.29911442481552,24641536.0,24641536.0,0.0,0.0,12958.0,1008.0,0.0,0.0,0.16000000000349246,0.0,1016143872.0,802816.0,0.0,0.0,3,raw/samples/n1_prove_rapidsnark_r7.csv,logs/n1_prove_rapidsnark_r7.log
1,prove,witness_rapidsnark,prove,8,rapidsnark,snarkjs wtns calculate circuit_js/circuit.wasm input.json witness.wtns,True,0,process,2.023221793999255,0.16837799999998992,0.1903599999999983,0.35873799999998823,17.731026873276175,1.108189179579761,67301376.0,62430822.4,0.0,0.0,3107960.0,5920.0,0.0,0.0,0.8499999999767169,0.0,1032855552.0,7241728.0,0.0,0.0,22,raw/samples/n1_witness_rapidsnark_r8.csv,logs/n1_witness_rapidsnark_r8.log
1,prove,prove_rapidsnark,prove,8,rapidsnark,docker exec debian_rapidsnark mnt/projet/rapidsnark/package/bin/prover mnt/projet/1/circuit_final.zkey mnt/projet/1/witness.wtns mnt/projet/1/proof.json mnt/projet/1/public.json,True,0,system,0.12252379300116445,0.0035950000000184446,0.013227999999998019,0.15000000002328306,122.42520113775575,7.651575071109734,24379392.0,24379392.0,0.0,0.0,12958.0,1008.0,0.0,0.0,0.15000000002328306,0.0,1020133376.0,-1605632.0,0.0,0.0,3,raw/samples/n1_prove_rapidsnark_r8.csv,logs/n1_prove_rapidsnark_r8.log
1,prove,witness_rapidsnark,prove,9,rapidsnark,snarkjs wtns calculate circuit_js/circuit.wasm input.json witness.wtns,True,0,process,2.05525952500102,0.17041899999998122,0.1933739999999986,0.3637929999999798,17.700586985470814,1.1062866865919259,67039232.0,62386176.0,0.0,0.0,3053383.0,148.0,0.0,0.0,0.7999999999883585,0.0,1034514432.0,2985984.0,0.0,12288.0,22,raw/samples/n1_witness_rapidsnark_r9.csv,logs/n1_witness_rapidsnark_r9.log
1,prove,prove_rapidsnark,prove,9,rapidsnark,docker exec debian_rapidsnark mnt/projet/rapidsnark/package/bin/prover mnt/projet/1/circuit_final.zkey mnt/projet/1/witness.wtns mnt/projet/1/proof.json mnt/projet/1/public.json,True,0,system,0.13300628199976927,0.006889000000001033,0.010333000000002812,0.17999999999301508,135.33195371428195,8.458247107142622,24248320.0,24248320.0,0.0,0.0,12950.0,1000.0,0.0,0.0,0.17999999999301508,0.0,1021267968.0,-741376.0,0.0,0.0,3,raw/samples/n1_prove_rapidsnark_r9.csv,logs/n1_prove_rapidsnark_r9.log
1,prove,witness_rapidsnark,prove,10,rapidsnark,snarkjs wtns calculate circuit_js/circuit.wasm input.json witness.wtns,True,0,process,2.039877045999674,0.16988100000000372,0.18942400000000248,0.3593050000000062,17.614051822614783,1.100878238913424,67256320.0,62504960.0,0.0,0.0,3063965.0,148.0,0.0,0.0,1.1900000000023283,0.0,1040470016.0,7290880.0,0.0,0.0,22,raw/samples/n1_witness_rapidsnark_r10.csv,logs/n1_witness_rapidsnark_r10.log
1,prove,prove_rapidsnark,prove,10,rapidsnark,docker exec debian_rapidsnark mnt/projet/rapidsnark/package/bin/prover mnt/projet/1/circuit_final.zkey mnt/projet/1/witness.wtns mnt/projet/1/proof.json mnt/projet/1/public.json,True,0,system,0.1205629489995772,0.0,0.01809599999999989,0.11999999999534339,99.53306632849882,6.220816645531176,24510464.0,24510464.0,0.0,0.0,12950.0,1000.0,0.0,0.0,0.11999999999534339,0.0,1024696320.0,-4591616.0,0.0,0.0,3,raw/samples/n1_prove_rapidsnark_r10.csv,logs/n1_prove_rapidsnark_r10.log
1,prove,witness_rapidsnark,prove,11,rapidsnark,snarkjs wtns calculate circuit_js/circuit.wasm input.json witness.wtns,True,0,process,2.0595767329996306,0.17105800000001636,0.2069890000000001,0.37804700000001645,18.355567624296146,1.1472229765185091,67428352.0,62244454.4,0.0,0.0,3052653.0,148.0,0.0,0.0,0.8699999999753345,0.010000000000005116,1035616256.0,-1302528.0,0.0,53248.0,22,raw/samples/n1_witness_rapidsnark_r11.csv,logs/n1_witness_rapidsnark_r11.log
1,prove,prove_rapidsnark,prove,11,rapidsnark,docker exec debian_rapidsnark mnt/projet/rapidsnark/package/bin/prover mnt/projet/1/circuit_final.zkey mnt/projet/1/witness.wtns mnt/projet/1/proof.json mnt/projet/1/public.json,True,0,system,0.11334634199920401,0.009716999999994869,0.007186999999994725,0.15000000002328306,132.3377511594829,8.271109447467682,24248320.0,24248320.0,0.0,0.0,12950.0,1000.0,0.0,0.0,0.15000000002328306,0.0,1015902208.0,-5083136.0,0.0,0.0,3,raw/samples/n1_prove_rapidsnark_r11.csv,logs/n1_prove_rapidsnark_r11.log
1,prove,witness_rapidsnark,prove,12,rapidsnark,snarkjs wtns calculate circuit_js/circuit.wasm input.json witness.wtns,True,0,process,1.9869339580000087,0.14741599999999266,0.20378300000000138,0.35119899999999404,17.6754239156243,1.1047139947265188,67432448.0,62451712.0,0.0,0.0,3053614.0,148.0,0.0,0.0,0.8299999999871943,0.0,1032663040.0,2940928.0,0.0,0.0,21,raw/samples/n1_witness_rapidsnark_r12.csv,logs/n1_witness_rapidsnark_r12.log
1,prove,prove_rapidsnark,prove,12,rapidsnark,docker exec debian_rapidsnark mnt/projet/rapidsnark/package/bin/prover mnt/projet/1/circuit_final.zkey mnt/projet/1/witness.wtns mnt/projet/1/proof.json mnt/projet/1/public.json,True,0,system,0.12175199400007841,0.005632999999988897,0.011265000000001635,0.1300000000046566,106.77443196911658,6.673401998069786,24117248.0,24117248.0,0.0,0.0,12950.0,1000.0,0.0,0.0,0.1300000000046566,0.0,1024036864.0,6553600.0,0.0,0.0,3,raw/samples/n1_prove_rapidsnark_r12.csv,logs/n1_prove_rapidsnark_r12.log
1,prove,witness_rapidsnark,prove,13,rapidsnark,snarkjs wtns calculate circuit_js/circuit.wasm input.json witness.wtns,True,0,process,2.032624288000079,0.16525000000001455,0.19139700000000204,0.3566470000000166,17.546134920532975,1.096633432533311,69079040.0,62997299.2,0.0,0.0,3109364.0,324.0,0.0,0.0,1.4400000000023283,0.0,1040957440.0,-4419584.0,0.0,16384.0,22,raw/samples/n1_witness_rapidsnark_r13.csv,logs/n1_witness_rapidsnark_r13.log
1,prove,prove_rapidsnark,prove,13,rapidsnark,docker exec debian_rapidsnark mnt/projet/rapidsnark/package/bin/prover mnt/projet/1/circuit_final.zkey mnt/projet/1/witness.wtns mnt/projet/1/proof.json mnt/projet/1/public.json,True,0,system,0.12176529200041841,0.007080000000001974,0.009660999999994146,0.16000000000349246,131.40033368699403,8.212520855437127,24248320.0,24248320.0,0.0,0.0,12966.0,1016.0,0.0,0.0,0.16000000000349246,0.0,1018019840.0,-4055040.0,0.0,0.0,3,raw/samples/n1_prove_rapidsnark_r13.csv,logs/n1_prove_rapidsnark_r13.log
1,prove,witness_rapidsnark,prove,14,rapidsnark,snarkjs wtns calculate circuit_js/circuit.wasm input.json witness.wtns,True,0,process,2.0028454750008677,0.13815800000000422,0.21634600000000148,0.3545040000000057,17.700017521314372,1.1062510950821483,67170304.0,62196466.526315786,0.0,0.0,3050813.0,148.0,0.0,0.0,0.7900000000081491,0.0,1032790016.0,1077248.0,0.0,0.0,21,raw/samples/n1_witness_rapidsnark_r14.csv,logs/n1_witness_rapidsnark_r14.log
1,prove,prove_rapidsnark,prove,14,rapidsnark,docker exec debian_rapidsnark mnt/projet/rapidsnark/package/bin/prover mnt/projet/1/circuit_final.zkey mnt/projet/1/witness.wtns mnt/projet/1/proof.json mnt/projet/1/public.json,True,0,system,0.1413977430001978,0.0,0.0168560000000042,0.14999999999417923,106.08373005923397,6.630233128702123,24641536.0,24641536.0,0.0,0.0,12950.0,1000.0,0.0,0.0,0.14999999999417923,0.0,1023623168.0,-3014656.0,0.0,0.0,3,raw/samples/n1_prove_rapidsnark_r14.csv,logs/n1_prove_rapidsnark_r14.log
1,prove,witness_rapidsnark,prove,15,rapidsnark,snarkjs wtns calculate circuit_js/circuit.wasm input.json witness.wtns,True,0,process,2.0229708299993945,0.15195899999997664,0.2133529999999979,0.36531199999997455,18.058194146085828,1.1286371341303643,67170304.0,62400716.8,0.0,0.0,3107862.0,5920.0,0.0,0.0,0.9199999999837019,0.0,1034158080.0,5308416.0,0.0,12288.0,22,raw/samples/n1_witness_rapidsnark_r15.csv,logs/n1_witness_rapidsnark_r15.log
1,prove,prove_rapidsnark,prove,15,rapidsnark,docker exec debian_rapidsnark mnt/projet/rapidsnark/package/bin/prover mnt/projet/1/circuit_final.zkey mnt/projet/1/witness.wtns mnt/projet/1/proof.json mnt/projet/1/public.json,True,0,system,0.11709406900081376,0.008397000000002208,0.008395999999997628,0.17000000001280569,145.1824174046119,9.073901087788244,24117248.0,24117248.0,0.0,0.0,12958.0,1008.0,0.0,0.0,0.17000000001280569,0.0,1016684544.0,-4546560.0,0.0,0.0,3,raw/samples/n1_prove_rapidsnark_r15.csv,logs/n1_prove_rapidsnark_r15.log
1,prove,witness_rapidsnark,prove,16,rapidsnark,snarkjs wtns calculate circuit_js/circuit.wasm input.json witness.wtns,True,0,process,2.111707572999876,0.18349500000002195,0.18666000000000338,0.3701550000000253,17.528705429331104,1.095544089333194,67432448.0,62576230.4,0.0,0.0,3051739.0,148.0,0.0,0.0,1.0199999999895226,0.0,1043939328.0,14548992.0,0.0,36864.0,22,raw/samples/n1_witness_rapidsnark_r16.csv,logs/n1_witness_rapidsnark_r16.log
1,prove,prove_rapidsnark,prove,16,rapidsnark,docker exec debian_rapidsnark mnt/projet/rapidsnark/package/bin/prover mnt/projet/1/circuit_final.zkey mnt/projet/1/witness.wtns mnt/projet/1/proof.json mnt/projet/1/public.json,True,0,system,0.12842183999964618,0.00768199999998842,0.010241999999998086,0.39999999999417923,311.4735001424067,19.46709375890042,24379392.0,24379392.0,0.0,0.0,12950.0,1000.0,0.0,0.0,0.39999999999417923,0.0,1027018752.0,-3334144.0,0.0,0.0,3,raw/samples/n1_prove_rapidsnark_r16.csv,logs/n1_prove_rapidsnark_r16.log
1,prove,witness_rapidsnark,prove,17,rapidsnark,snarkjs wtns calculate circuit_js/circuit.wasm input.json witness.wtns,True,0,process,2.032827498998813,0.17653100000001132,0.18558000000000163,0.36211100000001295,17.813169104528352,1.113323069033022,69787648.0,62801510.4,0.0,0.0,3109444.0,396.0,0.0,0.0,0.8599999999951251,0.00999999999999801,1045938176.0,2420736.0,0.0,49152.0,22,raw/samples/n1_witness_rapidsnark_r17.csv,logs/n1_witness_rapidsnark_r17.log
1,prove,prove_rapidsnark,prove,17,rapidsnark,docker exec debian_rapidsnark mnt/projet/rapidsnark/package/bin/prover mnt/projet/1/circuit_final.zkey mnt/projet/1/witness.wtns mnt/projet/1/proof.json mnt/projet/1/public.json,True,0,system,0.12467564800135733,0.014663999999982025,0.0027720000000002187,0.1800000000221189,144.37462560464033,9.02341410029002,24641536.0,24641536.0,0.0,0.0,12966.0,1016.0,0.0,0.0,0.1800000000221189,0.0,1027141632.0,-2924544.0,0.0,0.0,3,raw/samples/n1_prove_rapidsnark_r17.csv,logs/n1_prove_rapidsnark_r17.log
1,prove,witness_rapidsnark,prove,18,rapidsnark,snarkjs wtns calculate circuit_js/circuit.wasm input.json witness.wtns,True,0,process,2.022705899000357,0.1745650000000012,0.17470399999999842,0.3492689999999996,17.2674139217477,1.0792133701092312,67297280.0,62671257.6,0.0,0.0,3108348.0,5472.0,0.0,0.0,0.8099999999976717,0.0,1042432000.0,1712128.0,0.0,0.0,22,raw/samples/n1_witness_rapidsnark_r18.csv,logs/n1_witness_rapidsnark_r18.log
1,prove,prove_rapidsnark,prove,18,rapidsnark,docker exec debian_rapidsnark mnt/projet/rapidsnark/package/bin/prover mnt/projet/1/circuit_final.zkey mnt/projet/1/witness.wtns mnt/projet/1/proof.json mnt/projet/1/public.json,True,0,system,0.12215341000046465,0.0,0.017530999999998187,0.17000000001280569,139.16926266091062,8.698078916306914,24248320.0,24248320.0,0.0,0.0,12958.0,1008.0,0.0,0.0,0.17000000001280569,0.0,1025871872.0,-102400.0,0.0,0.0,3,raw/samples/n1_prove_rapidsnark_r18.csv,logs/n1_prove_rapidsnark_r18.log
1,prove,witness_rapidsnark,prove,19,rapidsnark,snarkjs wtns calculate circuit_js/circuit.wasm input.json witness.wtns,True,0,process,2.0194312860003265,0.16167900000002078,0.20206000000000301,0.3637390000000238,18.011952301701886,1.1257470188563679,67424256.0,62388331.78947368,0.0,0.0,3048961.0,148.0,0.0,0.0,0.8999999999941792,0.0,1053077504.0,5033984.0,0.0,12288.0,22,raw/samples/n1_witness_rapidsnark_r19.csv,logs/n1_witness_rapidsnark_r19.log
1,prove,prove_rapidsnark,prove,19,rapidsnark,docker exec debian_rapidsnark mnt/projet/rapidsnark/package/bin/prover mnt/projet/1/circuit_final.zkey mnt/projet/1/witness.wtns mnt/projet/1/proof.json mnt/projet/1/public.json,True,0,system,0.12290675500116777,0.0070419999999842275,0.009661000000001252,0.1300000000046566,105.77124097322515,6.610702560826572,24379392.0,24379392.0,0.0,0.0,12966.0,1016.0,0.0,0.0,0.1300000000046566,0.0,1038090240.0,1662976.0,0.0,0.0,3,raw/samples/n1_prove_rapidsnark_r19.csv,logs/n1_prove_rapidsnark_r19.log
1,prove,witness_rapidsnark,prove,20,rapidsnark,snarkjs wtns calculate circuit_js/circuit.wasm input.json witness.wtns,True,0,process,2.0637039030007145,0.15271200000000817,0.20020099999999985,0.352913000000008,17.100951327700514,1.0688094579812821,67522560.0,62594252.8,0.0,0.0,3054505.0,148.0,0.0,0.0,0.8900000000139698,0.0,1043218432.0,-2510848.0,0.0,0.0,22,raw/samples/n1_witness_rapidsnark_r20.csv,logs/n1_witness_rapidsnark_r20.log
1,prove,prove_rapidsnark,prove,20,rapidsnark,docker exec debian_rapidsnark mnt/projet/rapidsnark/package/bin/prover mnt/projet/1/circuit_final.zkey mnt/projet/1/witness.wtns mnt/projet/1/proof.json mnt/projet/1/public.json,True,0,system,0.13960758999928657,0.00989899999999011,0.007473999999994874,0.14999999999417923,107.4440150388283,6.715250939926769,24379392.0,24379392.0,0.0,0.0,12958.0,1008.0,0.0,0.0,0.14999999999417923,0.0,1029742592.0,-2859008.0,0.0,0.0,3,raw/samples/n1_prove_rapidsnark_r20.csv,logs/n1_prove_rapidsnark_r20.log
1,prove,witness_rapidsnark,prove,21,rapidsnark,snarkjs wtns calculate circuit_js/circuit.wasm input.json witness.wtns,True,0,process,2.043898130999878,0.16615200000001096,0.1921700000000044,0.35832200000001535,17.531304254616824,1.0957065159135515,67821568.0,62690099.2,0.0,0.0,3060887.0,148.0,0.0,0.0,0.8199999999778811,0.0,1046560768.0,4190208.0,0.0,61440.0,22,raw/samples/n1_witness_rapidsnark_r21.csv,logs/n1_witness_rapidsnark_r21.log
1,prove,prove_rapidsnark,prove,21,rapidsnark,docker exec debian_rapidsnark mnt/projet/rapidsnark/package/bin/prover mnt/projet/1/circuit_final.zkey mnt/projet/1/witness.wtns mnt/projet/1/proof.json mnt/projet/1/public.json,True,0,system,0.14109746500071196,0.00559099999998125,0.010951999999996076,0.1300000000046566,92.13489413434937,5.758430883396835,23986176.0,23986176.0,0.0,0.0,12974.0,1024.0,0.0,0.0,0.1300000000046566,0.0,1035833344.0,647168.0,0.0,0.0,3,raw/samples/n1_prove_rapidsnark_r21.csv,logs/n1_prove_rapidsnark_r21.log
1,prove,witness_rapidsnark,prove,22,rapidsnark,snarkjs wtns calculate circuit_js/circuit.wasm input.json witness.wtns,True,0,process,2.0443052729988267,0.13548400000001948,0.2222630000000052,0.3577470000000247,17.49968582115133,1.0937303638219582,67481600.0,62494310.4,0.0,0.0,3058937.0,148.0,0.0,0.0,0.7799999999988358,0.0,1049751552.0,1957888.0,0.0,0.0,22,raw/samples/n1_witness_rapidsnark_r22.csv,logs/n1_witness_rapidsnark_r22.log
1,prove,prove_rapidsnark,prove,22,rapidsnark,docker exec debian_rapidsnark mnt/projet/rapidsnark/package/bin/prover mnt/projet/1/circuit_final.zkey mnt/projet/1/witness.wtns mnt/projet/1/proof.json mnt/projet/1/public.json,True,0,system,0.1370844209995994,0.008425999999985834,0.008426000000000045,0.11000000001513399,80.24252443350616,5.015157777094135,24117248.0,24117248.0,0.0,0.0,12958.0,1008.0,0.0,0.0,0.11000000001513399,0.0,1027272704.0,-6557696.0,0.0,0.0,3,raw/samples/n1_prove_rapidsnark_r22.csv,logs/n1_prove_rapidsnark_r22.log
1,prove,witness_rapidsnark,prove,23,rapidsnark,snarkjs wtns calculate circuit_js/circuit.wasm input.json witness.wtns,True,0,process,2.048707034000472,0.1737009999999941,0.19144499999999454,0.36514599999998865,17.823241387860854,1.1139525867413034,67297280.0,62539366.4,0.0,0.0,3062935.0,148.0,0.0,0.0,1.0700000000160799,0.00999999999999801,1035755520.0,-4608000.0,0.0,24576.0,22,raw/samples/n1_witness_rapidsnark_r23.csv,logs/n1_witness_rapidsnark_r23.log
1,prove,prove_rapidsnark,prove,23,rapidsnark,docker exec debian_rapidsnark mnt/projet/rapidsnark/package/bin/prover mnt/projet/1/circuit_final.zkey mnt/projet/1/witness.wtns mnt/projet/1/proof.json mnt/projet/1/public.json,True,0,system,0.11911360199883347,0.0,0.01742800000000244,0.16999999998370185,142.7208959606198,8.920055997538737,24379392.0,24379392.0,0.0,0.0,12958.0,1008.0,0.0,0.0,0.16999999998370185,0.0,1022017536.0,311296.0,0.0,0.0,3,raw/samples/n1_prove_rapidsnark_r23.csv,logs/n1_prove_rapidsnark_r23.log
1,prove,witness_rapidsnark,prove,24,rapidsnark,snarkjs wtns calculate circuit_js/circuit.wasm input.json witness.wtns,True,0,process,2.0179899399990973,0.1846360000000118,0.1687650000000005,0.3534010000000123,17.51252535977312,1.09453283498582,67039232.0,62279248.84210526,0.0,0.0,3044970.0,148.0,0.0,0.0,0.860000000015134,0.0,1038802944.0,6959104.0,0.0,0.0,22,raw/samples/n1_witness_rapidsnark_r24.csv,logs/n1_witness_rapidsnark_r24.log
1,prove,prove_rapidsnark,prove,24,rapidsnark,docker exec debian_rapidsnark mnt/projet/rapidsnark/package/bin/prover mnt/projet/1/circuit_final.zkey mnt/projet/1/witness.wtns mnt/projet/1/proof.json mnt/projet/1/public.json,True,0,system,0.11872317699999257,0.0,0.016835000000000377,0.12999999997555278,109.49841746195936,6.84365109137246,24117248.0,24117248.0,0.0,0.0,12950.0,1000.0,0.0,0.0,0.12999999997555278,0.0,1022439424.0,-4853760.0,0.0,0.0,3,raw/samples/n1_prove_rapidsnark_r24.csv,logs/n1_prove_rapidsnark_r24.log
1,prove,witness_rapidsnark,prove,25,rapidsnark,snarkjs wtns calculate circuit_js/circuit.wasm input.json witness.wtns,True,0,process,2.0645843540005444,0.1258320000000026,0.23358499999999793,0.35941700000000054,17.40868564190939,1.0880428526193369,67297280.0,62441062.4,0.0,0.0,3053383.0,148.0,0.0,0.0,0.9400000000023283,0.0,1039790080.0,4849664.0,0.0,12288.0,22,raw/samples/n1_witness_rapidsnark_r25.csv,logs/n1_witness_rapidsnark_r25.log
1,prove,prove_rapidsnark,prove,25,rapidsnark,docker exec debian_rapidsnark mnt/projet/rapidsnark/package/bin/prover mnt/projet/1/circuit_final.zkey mnt/projet/1/witness.wtns mnt/projet/1/proof.json mnt/projet/1/public.json,True,0,system,0.14151001400023233,0.007209999999986394,0.009697000000002731,0.17000000001280569,120.13284092567935,7.508302557854959,24248320.0,24248320.0,0.0,0.0,12950.0,1000.0,0.0,0.0,0.17000000001280569,0.0,1028702208.0,-2035712.0,0.0,0.0,3,raw/samples/n1_prove_rapidsnark_r25.csv,logs/n1_prove_rapidsnark_r25.log
1,prove,witness_rapidsnark,prove,26,rapidsnark,snarkjs wtns calculate circuit_js/circuit.wasm input.json witness.wtns,True,0,process,2.0502613810003822,0.1658610000000067,0.19683700000000215,0.36269800000000885,17.690329797025093,1.1056456123140683,67297280.0,62251008.0,0.0,0.0,3060887.0,148.0,0.0,0.0,1.320000000006985,0.0,1040773120.0,4403200.0,0.0,28672.0,22,raw/samples/n1_witness_rapidsnark_r26.csv,logs/n1_witness_rapidsnark_r26.log
1,prove,prove_rapidsnark,prove,26,rapidsnark,docker exec debian_rapidsnark mnt/projet/rapidsnark/package/bin/prover mnt/projet/1/circuit_final.zkey mnt/projet/1/witness.wtns mnt/projet/1/proof.json mnt/projet/1/public.json,True,0,system,0.14421189800123102,0.009595000000018672,0.007388999999996315,0.12000000002444722,83.2108873731229,5.200680460820181,24248320.0,24248320.0,0.0,0.0,12958.0,1008.0,0.0,0.0,0.12000000002444722,0.0,1026465792.0,-6172672.0,0.0,0.0,3,raw/samples/n1_prove_rapidsnark_r26.csv,logs/n1_prove_rapidsnark_r26.log
1,prove,witness_rapidsnark,prove,27,rapidsnark,snarkjs wtns calculate circuit_js/circuit.wasm input.json witness.wtns,True,0,process,2.033749746999092,0.16419899999999643,0.19339000000000084,0.35758899999999727,17.58274342886283,1.098921464303927,68292608.0,62433689.6,0.0,0.0,3065516.0,316.0,0.0,0.0,0.819999999986976,0.00999999999999801,1035325440.0,4325376.0,0.0,24576.0,22,raw/samples/n1_witness_rapidsnark_r27.csv,logs/n1_witness_rapidsnark_r27.log
1,prove,prove_rapidsnark,prove,27,rapidsnark,docker exec debian_rapidsnark mnt/projet/rapidsnark/package/bin/prover mnt/projet/1/circuit_final.zkey mnt/projet/1/witness.wtns mnt/projet/1/proof.json mnt/projet/1/public.json,True,0,system,0.11195038199912233,0.0,0.016607000000000482,0.11999999999534339,107.1903443762114,6.6993965235132125,24117248.0,24117248.0,0.0,0.0,12966.0,1016.0,0.0,0.0,0.11999999999534339,0.0,1017577472.0,-4341760.0,0.0,0.0,3,raw/samples/n1_prove_rapidsnark_r27.csv,logs/n1_prove_rapidsnark_r27.log
1,prove,witness_rapidsnark,prove,28,rapidsnark,snarkjs wtns calculate circuit_js/circuit.wasm input.json witness.wtns,True,0,process,2.0417696420008724,0.15151499999998919,0.20642000000000138,0.35793499999999057,17.530626013678265,1.0956641258548916,67432448.0,62746624.0,0.0,0.0,3063965.0,148.0,0.0,0.0,0.7599999999802094,0.0,1038192640.0,4755456.0,0.0,0.0,22,raw/samples/n1_witness_rapidsnark_r28.csv,logs/n1_witness_rapidsnark_r28.log
1,prove,prove_rapidsnark,prove,28,rapidsnark,docker exec debian_rapidsnark mnt/projet/rapidsnark/package/bin/prover mnt/projet/1/circuit_final.zkey mnt/projet/1/witness.wtns mnt/projet/1/proof.json mnt/projet/1/public.json,True,0,system,0.13363937599933706,0.007218999999992093,0.00993700000000075,0.14000000001396984,104.7595433359883,6.547471458499269,24379392.0,24379392.0,0.0,0.0,12958.0,1008.0,0.0,0.0,0.14000000001396984,0.0,1020633088.0,-1200128.0,0.0,0.0,3,raw/samples/n1_prove_rapidsnark_r28.csv,logs/n1_prove_rapidsnark_r28.log
1,prove,witness_rapidsnark,prove,29,rapidsnark,snarkjs wtns calculate circuit_js/circuit.wasm input.json witness.wtns,True,0,process,2.0708648140007426,0.16697999999999524,0.19803699999999935,0.3650169999999946,17.626307498788943,1.101644218674309,67428352.0,62486937.6,0.0,0.0,3053481.0,148.0,0.0,0.0,1.2799999999988358,0.0,1037746176.0,5283840.0,0.0,12288.0,22,raw/samples/n1_witness_rapidsnark_r29.csv,logs/n1_witness_rapidsnark_r29.log
1,prove,prove_rapidsnark,prove,29,rapidsnark,docker exec debian_rapidsnark mnt/projet/rapidsnark/package/bin/prover mnt/projet/1/circuit_final.zkey mnt/projet/1/witness.wtns mnt/projet/1/proof.json mnt/projet/1/public.json,True,0,system,0.11794913599987922,0.011451000000022304,0.005724999999998204,0.14000000001396984,118.6952314886929,7.418451968043306,24248320.0,24248320.0,0.0,0.0,12958.0,1008.0,0.0,0.0,0.14000000001396984,0.0,1022337024.0,-2949120.0,0.0,0.0,3,raw/samples/n1_prove_rapidsnark_r29.csv,logs/n1_prove_rapidsnark_r29.log
1,prove,witness_rapidsnark,prove,30,rapidsnark,snarkjs wtns calculate circuit_js/circuit.wasm input.json witness.wtns,True,0,process,2.062196786999266,0.15608499999999026,0.20593399999999917,0.36201899999998943,17.555017168209673,1.0971885730131046,67915776.0,62790860.8,0.0,0.0,3056553.0,148.0,0.0,0.0,0.8200000000069849,0.0,1040003072.0,7053312.0,0.0,0.0,22,raw/samples/n1_witness_rapidsnark_r30.csv,logs/n1_witness_rapidsnark_r30.log
1,prove,prove_rapidsnark,prove,30,rapidsnark,docker exec debian_rapidsnark mnt/projet/rapidsnark/package/bin/prover mnt/projet/1/circuit_final.zkey mnt/projet/1/witness.wtns mnt/projet/1/proof.json mnt/projet/1/public.json,True,0,system,0.1376460120009142,0.010155999999994947,0.007907000000002995,0.14000000001396984,101.71017523779766,6.3568859523623535,24379392.0,24379392.0,0.0,0.0,12950.0,1000.0,0.0,0.0,0.14000000001396984,0.0,1027014656.0,-1748992.0,0.0,0.0,3,raw/samples/n1_prove_rapidsnark_r30.csv,logs/n1_prove_rapidsnark_r30.log
1,prove,witness_rapidsnark,prove,31,rapidsnark,snarkjs wtns calculate circuit_js/circuit.wasm input.json witness.wtns,True,0,process,2.0388972440014186,0.167412000000013,0.1880779999999973,0.3554900000000103,17.435405391119502,1.089712836944969,67952640.0,62794956.8,0.0,0.0,3061089.0,148.0,0.0,0.0,0.75,0.0,1040719872.0,1302528.0,0.0,36864.0,22,raw/samples/n1_witness_rapidsnark_r31.csv,logs/n1_witness_rapidsnark_r31.log
1,prove,prove_rapidsnark,prove,31,rapidsnark,docker exec debian_rapidsnark mnt/projet/rapidsnark/package/bin/prover mnt/projet/1/circuit_final.zkey mnt/projet/1/witness.wtns mnt/projet/1/proof.json mnt/projet/1/public.json,True,0,system,0.11561598700063769,0.0,0.01692800000000716,0.16000000000349246,138.3891658535164,8.649322865844775,24248320.0,24248320.0,0.0,0.0,12950.0,1000.0,0.0,0.0,0.16000000000349246,0.0,1022275584.0,-3547136.0,0.0,0.0,3,raw/samples/n1_prove_rapidsnark_r31.csv,logs/n1_prove_rapidsnark_r31.log
1,prove,witness_rapidsnark,prove,32,rapidsnark,snarkjs wtns calculate circuit_js/circuit.wasm input.json witness.wtns,True,0,process,2.111138996999216,0.17447099999998272,0.20096599999999398,0.3754369999999767,17.78362298899432,1.111476436812145,67162112.0,62463180.8,0.0,0.0,3050813.0,148.0,0.0,0.0,1.2999999999883585,0.0,1040580608.0,7331840.0,0.0,0.0,22,raw/samples/n1_witness_rapidsnark_r32.csv,logs/n1_witness_rapidsnark_r32.log
1,prove,prove_rapidsnark,prove,32,rapidsnark,docker exec debian_rapidsnark mnt/projet/rapidsnark/package/bin/prover mnt/projet/1/circuit_final.zkey mnt/projet/1/witness.wtns mnt/projet/1/proof.json mnt/projet/1/public.json,True,0,system,0.13129623100030585,0.009125000000011596,0.009124999999997385,0.23000000001047738,175.17639178076757,10.948524486297973,24641536.0,24641536.0,0.0,0.0,12958.0,1008.0,0.0,0.0,0.23000000001047738,0.0,1023401984.0,-7520256.0,0.0,0.0,3,raw/samples/n1_prove_rapidsnark_r32.csv,logs/n1_prove_rapidsnark_r32.log
1,prove,witness_rapidsnark,prove,33,rapidsnark,snarkjs wtns calculate circuit_js/circuit.wasm input.json witness.wtns,True,0,process,2.046933347999584,0.12503699999999185,0.22652300000000025,0.3515599999999921,17.17496079408559,1.0734350496303493,67428352.0,62585241.6,0.0,0.0,3062837.0,148.0,0.0,0.0,0.7599999999911233,0.010000000000005116,1036840960.0,2117632.0,0.0,24576.0,22,raw/samples/n1_witness_rapidsnark_r33.csv,logs/n1_witness_rapidsnark_r33.log
1,prove,prove_rapidsnark,prove,33,rapidsnark,docker exec debian_rapidsnark mnt/projet/rapidsnark/package/bin/prover mnt/projet/1/circuit_final.zkey mnt/projet/1/witness.wtns mnt/projet/1/proof.json mnt/projet/1/public.json,True,0,system,0.12874823300080607,0.006364000000019132,0.010608000000004836,0.1900000000023283,147.5748408920989,9.223427555756182,24248320.0,24248320.0,0.0,0.0,12958.0,1008.0,0.0,0.0,0.1900000000023283,0.0,1022906368.0,-3858432.0,0.0,0.0,3,raw/samples/n1_prove_rapidsnark_r33.csv,logs/n1_prove_rapidsnark_r33.log
1,prove,witness_rapidsnark,prove,34,rapidsnark,snarkjs wtns calculate circuit_js/circuit.wasm input.json witness.wtns,True,0,process,2.020690714000011,0.1411979999999744,0.2126039999999989,0.3538019999999733,17.508963521666946,1.094310220104184,67297280.0,62337239.578947365,0.0,0.0,3042094.0,148.0,0.0,0.0,0.8699999999953434,0.0,1039110144.0,5447680.0,0.0,0.0,22,raw/samples/n1_witness_rapidsnark_r34.csv,logs/n1_witness_rapidsnark_r34.log
1,prove,prove_rapidsnark,prove,34,rapidsnark,docker exec debian_rapidsnark mnt/projet/rapidsnark/package/bin/prover mnt/projet/1/circuit_final.zkey mnt/projet/1/witness.wtns mnt/projet/1/proof.json mnt/projet/1/public.json,True,0,system,0.11928624599931936,0.011752000000001317,0.005875000000003183,0.16000000000349246,134.1311386430967,8.383196165193544,24379392.0,24379392.0,0.0,0.0,12950.0,1000.0,0.0,0.0,0.16000000000349246,0.0,1022169088.0,-5722112.0,0.0,0.0,3,raw/samples/n1_prove_rapidsnark_r34.csv,logs/n1_prove_rapidsnark_r34.log
1,prove,witness_rapidsnark,prove,35,rapidsnark,snarkjs wtns calculate circuit_js/circuit.wasm input.json witness.wtns,True,0,process,2.0484073890002037,0.1759839999999997,0.18096099999999637,0.35694499999999607,17.42548879274525,1.089093049546578,67297280.0,62578688.0,0.0,0.0,3062009.0,148.0,0.0,0.0,1.430000000022119,0.0,1033662464.0,2596864.0,0.0,12288.0,22,raw/samples/n1_witness_rapidsnark_r35.csv,logs/n1_witness_rapidsnark_r35.log
1,prove,prove_rapidsnark,prove,35,rapidsnark,docker exec debian_rapidsnark mnt/projet/rapidsnark/package/bin/prover mnt/projet/1/circuit_final.zkey mnt/projet/1/witness.wtns mnt/projet/1/proof.json mnt/projet/1/public.json,True,0,system,0.13231399600044824,0.0,0.01751600000000053,0.17000000001280569,128.4822506700121,8.030140666875756,24510464.0,24510464.0,0.0,0.0,12950.0,1000.0,0.0,0.0,0.17000000001280569,0.0,1015431168.0,-4603904.0,0.0,0.0,3,raw/samples/n1_prove_rapidsnark_r35.csv,logs/n1_prove_rapidsnark_r35.log
1,prove,witness_rapidsnark,prove,36,rapidsnark,snarkjs wtns calculate circuit_js/circuit.wasm input.json witness.wtns,True,0,process,2.041831826998532,0.17623100000000136,0.18169699999999978,0.35792800000000113,17.529749280387648,1.095609330024228,67432448.0,62602444.8,0.0,0.0,3062941.0,148.0,0.0,0.0,0.8099999999976717,0.0,1031884800.0,4833280.0,0.0,24576.0,22,raw/samples/n1_witness_rapidsnark_r36.csv,logs/n1_witness_rapidsnark_r36.log
1,prove,prove_rapidsnark,prove,36,rapidsnark,docker exec debian_rapidsnark mnt/projet/rapidsnark/package/bin/prover mnt/projet/1/circuit_final.zkey mnt/projet/1/witness.wtns mnt/projet/1/proof.json mnt/projet/1/public.json,True,0,system,0.1354215249994013,0.0,0.017957999999993035,0.1300000000046566,95.99655594280993,5.999784746425621,24248320.0,24248320.0,0.0,0.0,12958.0,1008.0,0.0,0.0,0.1300000000046566,0.0,1018486784.0,-888832.0,0.0,0.0,3,raw/samples/n1_prove_rapidsnark_r36.csv,logs/n1_prove_rapidsnark_r36.log
1,prove,witness_rapidsnark,prove,37,rapidsnark,snarkjs wtns calculate circuit_js/circuit.wasm input.json witness.wtns,True,0,process,2.0577416450014425,0.13812800000002312,0.22377699999999834,0.36190500000002146,17.587484846756247,1.0992178029222655,67166208.0,62454169.6,0.0,0.0,3052555.0,148.0,0.0,0.0,1.6300000000046566,0.0,1050951680.0,11300864.0,0.0,24576.0,22,raw/samples/n1_witness_rapidsnark_r37.csv,logs/n1_witness_rapidsnark_r37.log
1,prove,prove_rapidsnark,prove,37,rapidsnark,docker exec debian_rapidsnark mnt/projet/rapidsnark/package/bin/prover mnt/projet/1/circuit_final.zkey mnt/projet/1/witness.wtns mnt/projet/1/proof.json mnt/projet/1/public.json,True,0,system,0.14032182000119064,0.007106999999990649,0.009846000000010235,0.11999999999534339,85.51770494020472,5.344856558762795,24510464.0,24510464.0,0.0,0.0,12950.0,1000.0,0.0,0.0,0.11999999999534339,0.0,1024581632.0,-5251072.0,0.0,0.0,3,raw/samples/n1_prove_rapidsnark_r37.csv,logs/n1_prove_rapidsnark_r37.log
1,prove,witness_rapidsnark,prove,38,rapidsnark,snarkjs wtns calculate circuit_js/circuit.wasm input.json witness.wtns,True,0,process,2.0337795699997514,0.19434799999999086,0.1678539999999913,0.36220199999998215,17.809304673073612,1.1130815420671007,68476928.0,62624563.2,0.0,0.0,3106512.0,356.0,0.0,0.0,0.9800000000104774,0.0,1039790080.0,3710976.0,0.0,0.0,22,raw/samples/n1_witness_rapidsnark_r38.csv,logs/n1_witness_rapidsnark_r38.log
1,prove,prove_rapidsnark,prove,38,rapidsnark,docker exec debian_rapidsnark mnt/projet/rapidsnark/package/bin/prover mnt/projet/1/circuit_final.zkey mnt/projet/1/witness.wtns mnt/projet/1/proof.json mnt/projet/1/public.json,True,0,system,0.1292216189995088,0.007656999999994696,0.009517999999999915,0.20999999999185093,162.51150667958214,10.156969167473884,24510464.0,24510464.0,0.0,0.0,12958.0,1008.0,0.0,0.0,0.20999999999185093,0.0,1025306624.0,-1744896.0,0.0,0.0,3,raw/samples/n1_prove_rapidsnark_r38.csv,logs/n1_prove_rapidsnark_r38.log
1,prove,witness_rapidsnark,prove,39,rapidsnark,snarkjs wtns calculate circuit_js/circuit.wasm input.json witness.wtns,True,0,process,2.0177892980009347,0.14773400000001402,0.19913200000000586,0.3468660000000199,17.1903974485179,1.0743998405323687,67162112.0,62319346.526315786,0.0,0.0,3043020.0,148.0,0.0,0.0,0.8900000000230648,0.00999999999999801,1034317824.0,45056.0,0.0,90112.0,22,raw/samples/n1_witness_rapidsnark_r39.csv,logs/n1_witness_rapidsnark_r39.log
1,prove,prove_rapidsnark,prove,39,rapidsnark,docker exec debian_rapidsnark mnt/projet/rapidsnark/package/bin/prover mnt/projet/1/circuit_final.zkey mnt/projet/1/witness.wtns mnt/projet/1/proof.json mnt/projet/1/public.json,True,0,system,0.12608924800042587,0.003633000000007769,0.01360800000000495,0.1999999999825377,158.61780695358115,9.913612934598822,24248320.0,24248320.0,0.0,0.0,12966.0,1016.0,0.0,0.0,0.1999999999825377,0.0,1020035072.0,-3313664.0,0.0,0.0,3,raw/samples/n1_prove_rapidsnark_r39.csv,logs/n1_prove_rapidsnark_r39.log
1,prove,witness_rapidsnark,prove,40,rapidsnark,snarkjs wtns calculate circuit_js/circuit.wasm input.json witness.wtns,True,0,process,2.0180081739999878,0.13042500000000246,0.2157929999999908,0.34621799999999325,17.15642208295611,1.0722763801847568,67293184.0,62436621.473684214,0.0,0.0,3045166.0,148.0,0.0,0.0,0.7899999999790452,0.0,1030983680.0,794624.0,0.0,0.0,22,raw/samples/n1_witness_rapidsnark_r40.csv,logs/n1_witness_rapidsnark_r40.log
1,prove,prove_rapidsnark,prove,40,rapidsnark,docker exec debian_rapidsnark mnt/projet/rapidsnark/package/bin/prover mnt/projet/1/circuit_final.zkey mnt/projet/1/witness.wtns mnt/projet/1/proof.json mnt/projet/1/public.json,True,0,system,0.13792683300016506,0.004674999999991769,0.014026000000001204,0.15000000002328306,108.75331272422063,6.79708204526379,24510464.0,24510464.0,0.0,0.0,12958.0,1008.0,0.0,0.0,0.15000000002328306,0.0,1015504896.0,-2330624.0,0.0,0.0,3,raw/samples/n1_prove_rapidsnark_r40.csv,logs/n1_prove_rapidsnark_r40.log
1,prove,witness_rapidsnark,prove,41,rapidsnark,snarkjs wtns calculate circuit_js/circuit.wasm input.json witness.wtns,True,0,process,2.081505868000022,0.14398699999998144,0.22613300000000436,0.3701199999999858,17.781357510925925,1.1113348444328703,66908160.0,62300979.2,0.0,0.0,3052231.0,148.0,0.0,0.0,0.9600000000009459,0.00999999999999801,1029726208.0,2367488.0,0.0,40960.0,22,raw/samples/n1_witness_rapidsnark_r41.csv,logs/n1_witness_rapidsnark_r41.log
1,prove,prove_rapidsnark,prove,41,rapidsnark,docker exec debian_rapidsnark mnt/projet/rapidsnark/package/bin/prover mnt/projet/1/circuit_final.zkey mnt/projet/1/witness.wtns mnt/projet/1/proof.json mnt/projet/1/public.json,True,0,system,0.11617588400076784,0.009265000000027612,0.00926499999999919,0.14000000001396984,120.50693757840874,7.531683598650546,24641536.0,24641536.0,135168.0,0.0,12958.0,1008.0,1.1095783871904776,0.0,0.14000000001396984,0.0,1014726656.0,-3665920.0,135168.0,0.0,3,raw/samples/n1_prove_rapidsnark_r41.csv,logs/n1_prove_rapidsnark_r41.log
1,prove,witness_rapidsnark,prove,42,rapidsnark,snarkjs wtns calculate circuit_js/circuit.wasm input.json witness.wtns,True,0,process,2.0194298820006225,0.2092969999999923,0.14654899999999316,0.35584599999998545,17.62111193716979,1.1013194960731119,67559424.0,62489007.15789474,0.0,0.0,3045068.0,148.0,0.0,0.0,0.889999999984866,0.0,1035972608.0,475136.0,0.0,0.0,22,raw/samples/n1_witness_rapidsnark_r42.csv,logs/n1_witness_rapidsnark_r42.log
1,prove,prove_rapidsnark,prove,42,rapidsnark,docker exec debian_rapidsnark mnt/projet/rapidsnark/package/bin/prover mnt/projet/1/circuit_final.zkey mnt/projet/1/witness.wtns mnt/projet/1/proof.json mnt/projet/1/public.json,True,0,system,0.11786205200041877,0.005988000000002103,0.011977999999999156,0.15000000002328306,127.26742617950526,7.954214136219079,24379392.0,24379392.0,0.0,0.0,12950.0,1000.0,0.0,0.0,0.15000000002328306,0.0,1019957248.0,-5406720.0,0.0,0.0,3,raw/samples/n1_prove_rapidsnark_r42.csv,logs/n1_prove_rapidsnark_r42.log
1,prove,witness_rapidsnark,prove,43,rapidsnark,snarkjs wtns calculate circuit_js/circuit.wasm input.json witness.wtns,True,0,process,2.026678289001211,0.15832399999999325,0.1892130000000094,0.34753700000000265,17.148108897504205,1.0717568060940128,67424256.0,62563532.8,0.0,0.0,3107504.0,284.0,0.0,0.0,0.7899999999881402,0.00999999999999801,1035579392.0,5480448.0,0.0,24576.0,22,raw/samples/n1_witness_rapidsnark_r43.csv,logs/n1_witness_rapidsnark_r43.log
1,prove,prove_rapidsnark,prove,43,rapidsnark,docker exec debian_rapidsnark mnt/projet/rapidsnark/package/bin/prover mnt/projet/1/circuit_final.zkey mnt/projet/1/witness.wtns mnt/projet/1/proof.json mnt/projet/1/public.json,True,0,system,0.1319276849990274,0.0,0.01674099999999612,0.1300000000046566,98.53883209245654,6.158677005778534,24248320.0,24248320.0,0.0,0.0,12950.0,1000.0,0.0,0.0,0.1300000000046566,0.0,1019486208.0,-3579904.0,0.0,0.0,3,raw/samples/n1_prove_rapidsnark_r43.csv,logs/n1_prove_rapidsnark_r43.log
1,prove,witness_rapidsnark,prove,44,rapidsnark,snarkjs wtns calculate circuit_js/circuit.wasm input.json witness.wtns,True,0,process,2.0429191090006498,0.15645100000000411,0.20523900000000594,0.36169000000001006,17.704567861080935,1.1065354913175585,67633152.0,62757273.6,0.0,0.0,3063137.0,148.0,0.0,0.0,0.8599999999860302,0.0,1036652544.0,5746688.0,0.0,0.0,22,raw/samples/n1_witness_rapidsnark_r44.csv,logs/n1_witness_rapidsnark_r44.log
1,prove,prove_rapidsnark,prove,44,rapidsnark,docker exec debian_rapidsnark mnt/projet/rapidsnark/package/bin/prover mnt/projet/1/circuit_final.zkey mnt/projet/1/witness.wtns mnt/projet/1/proof.json mnt/projet/1/public.json,True,0,system,0.12264666699957161,0.007134000000007745,0.009640999999987798,0.11000000001513399,89.68853594327044,5.605533496454402,24117248.0,24117248.0,0.0,0.0,12974.0,1024.0,0.0,0.0,0.11000000001513399,0.0,1023193088.0,-2703360.0,0.0,0.0,3,raw/samples/n1_prove_rapidsnark_r44.csv,logs/n1_prove_rapidsnark_r44.log
1,prove,witness_rapidsnark,prove,45,rapidsnark,snarkjs wtns calculate circuit_js/circuit.wasm input.json witness.wtns,True,0,process,2.0249642439994204,0.13814399999998273,0.22146800000000155,0.3596119999999843,17.75893085843975,1.1099331786524844,67301376.0,62379827.2,0.0,0.0,3107552.0,364.0,0.0,0.0,0.9599999999918509,0.0,1036324864.0,1982464.0,0.0,12288.0,22,raw/samples/n1_witness_rapidsnark_r45.csv,logs/n1_witness_rapidsnark_r45.log
1,prove,prove_rapidsnark,prove,45,rapidsnark,docker exec debian_rapidsnark mnt/projet/rapidsnark/package/bin/prover mnt/projet/1/circuit_final.zkey mnt/projet/1/witness.wtns mnt/projet/1/proof.json mnt/projet/1/public.json,True,0,system,0.12416504100110615,0.0035220000000038,0.014086000000006038,0.16000000000349246,128.860747528821,8.053796720551313,24641536.0,24641536.0,114688.0,0.0,12958.0,1008.0,0.8808840162910719,0.0,0.16000000000349246,0.0,1020923904.0,-4681728.0,36864.0,0.0,3,raw/samples/n1_prove_rapidsnark_r45.csv,logs/n1_prove_rapidsnark_r45.log
1,prove,witness_rapidsnark,prove,46,rapidsnark,snarkjs wtns calculate circuit_js/circuit.wasm input.json witness.wtns,True,0,process,2.0443300799997814,0.14952900000000113,0.20463100000000622,0.35416000000000736,17.324012568461804,1.0827507855288627,67534848.0,62619648.0,0.0,0.0,3061083.0,148.0,0.0,0.0,0.8800000000046566,0.0,1036906496.0,1204224.0,0.0,24576.0,22,raw/samples/n1_witness_rapidsnark_r46.csv,logs/n1_witness_rapidsnark_r46.log
1,prove,prove_rapidsnark,prove,46,rapidsnark,docker exec debian_rapidsnark mnt/projet/rapidsnark/package/bin/prover mnt/projet/1/circuit_final.zkey mnt/projet/1/witness.wtns mnt/projet/1/proof.json mnt/projet/1/public.json,True,0,system,0.13365650499872572,0.003696999999988293,0.013765999999989731,0.16000000000349246,119.70984876869097,7.481865548043186,24510464.0,24510464.0,0.0,0.0,12958.0,1008.0,0.0,0.0,0.16000000000349246,0.0,1016049664.0,-2912256.0,0.0,0.0,3,raw/samples/n1_prove_rapidsnark_r46.csv,logs/n1_prove_rapidsnark_r46.log
1,prove,witness_rapidsnark,prove,47,rapidsnark,snarkjs wtns calculate circuit_js/circuit.wasm input.json witness.wtns,True,0,process,2.0280683420005516,0.18359000000000947,0.17514500000000055,0.35873500000001,17.688506475385456,1.105531654711591,67297280.0,62508441.6,0.0,0.0,3108760.0,548.0,0.0,0.0,0.8499999999858119,0.010000000000005116,1034055680.0,4157440.0,0.0,24576.0,22,raw/samples/n1_witness_rapidsnark_r47.csv,logs/n1_witness_rapidsnark_r47.log
1,prove,prove_rapidsnark,prove,47,rapidsnark,docker exec debian_rapidsnark mnt/projet/rapidsnark/package/bin/prover mnt/projet/1/circuit_final.zkey mnt/projet/1/witness.wtns mnt/projet/1/proof.json mnt/projet/1/public.json,True,0,system,0.12702325099962763,0.006346000000007734,0.012280000000004065,0.14000000001396984,110.21604226960011,6.888502641850007,24248320.0,24248320.0,221184.0,0.0,12966.0,1016.0,1.6606211724231366,0.0,0.14000000001396984,0.0,1015930880.0,-5292032.0,0.0,0.0,3,raw/samples/n1_prove_rapidsnark_r47.csv,logs/n1_prove_rapidsnark_r47.log
1,prove,witness_rapidsnark,prove,48,rapidsnark,snarkjs wtns calculate circuit_js/circuit.wasm input.json witness.wtns,True,0,process,2.0441912039987074,0.1372790000000066,0.2159460000000024,0.353225000000009,17.27945014678932,1.0799656341743324,66772992.0,62126489.6,0.0,0.0,3062935.0,148.0,0.0,0.0,1.2699999999895226,0.0,1036103680.0,7872512.0,0.0,0.0,22,raw/samples/n1_witness_rapidsnark_r48.csv,logs/n1_witness_rapidsnark_r48.log
1,prove,prove_rapidsnark,prove,48,rapidsnark,docker exec debian_rapidsnark mnt/projet/rapidsnark/package/bin/prover mnt/projet/1/circuit_final.zkey mnt/projet/1/witness.wtns mnt/projet/1/proof.json mnt/projet/1/public.json,True,0,system,0.13857166299931123,0.0,0.017431999999999448,0.17999999999301508,129.89668745904405,8.118542966190253,24510464.0,24510464.0,0.0,65536.0,12950.0,1000.0,0.0,0.4510301648058496,0.17999999999301508,0.0,1020010496.0,-3338240.0,0.0,65536.0,3,raw/samples/n1_prove_rapidsnark_r48.csv,logs/n1_prove_rapidsnark_r48.log
1,prove,witness_rapidsnark,prove,49,rapidsnark,snarkjs wtns calculate circuit_js/circuit.wasm input.json witness.wtns,True,0,process,2.050256589000128,0.17825499999997874,0.17344099999999685,0.3516959999999756,17.153755382953857,1.072109711434616,67694592.0,62707302.4,0.0,0.0,3058937.0,148.0,0.0,0.0,0.7600000000093132,0.0,1036701696.0,4923392.0,0.0,12288.0,22,raw/samples/n1_witness_rapidsnark_r49.csv,logs/n1_witness_rapidsnark_r49.log
1,prove,prove_rapidsnark,prove,49,rapidsnark,docker exec debian_rapidsnark mnt/projet/rapidsnark/package/bin/prover mnt/projet/1/circuit_final.zkey mnt/projet/1/witness.wtns mnt/projet/1/proof.json mnt/projet/1/public.json,True,0,system,0.1269238780005253,0.009759000000002516,0.007634999999993397,0.15000000002328306,118.18107229804487,7.386317018627804,24510464.0,24510464.0,0.0,0.0,12966.0,1016.0,0.0,0.0,0.15000000002328306,0.0,1022222336.0,-2994176.0,0.0,0.0,3,raw/samples/n1_prove_rapidsnark_r49.csv,logs/n1_prove_rapidsnark_r49.log
1,prove,witness_rapidsnark,prove,50,rapidsnark,snarkjs wtns calculate circuit_js/circuit.wasm input.json witness.wtns,True,0,process,2.0309798150010465,0.14028700000000072,0.21707800000000077,0.3573650000000015,17.595694322536502,1.0997308951585314,68214784.0,62552473.6,0.0,0.0,3107324.0,340.0,0.0,0.0,0.8299999999871943,0.0,1037082624.0,1937408.0,0.0,0.0,22,raw/samples/n1_witness_rapidsnark_r50.csv,logs/n1_witness_rapidsnark_r50.log
1,prove,prove_rapidsnark,prove,50,rapidsnark,docker exec debian_rapidsnark mnt/projet/rapidsnark/package/bin/prover mnt/projet/1/circuit_final.zkey mnt/projet/1/witness.wtns mnt/projet/1/proof.json mnt/projet/1/public.json,True,0,system,0.12559901299937337,0.0,0.016848000000010188,0.17999999999301508,143.31322810149243,8.957076756343277,24248320.0,24248320.0,0.0,0.0,12950.0,1000.0,0.0,0.0,0.17999999999301508,0.0,1018417152.0,-4009984.0,0.0,0.0,3,raw/samples/n1_prove_rapidsnark_r50.csv,logs/n1_prove_rapidsnark_r50.log
1,verify,verify_rapidsnark,verify,1,rapidsnark,snarkjs groth16 verify verification_key.json public.json proof.json,True,0,process,2.339057053999568,0.8923180000000173,0.44901500000000283,1.34133300000002,57.34503131107754,3.5840644569423463,143859712.0,69548833.39130434,0.0,0.0,4242235.0,5988.0,0.0,0.0,2.5,0.0,1125748736.0,16130048.0,0.0,49152.0,25,raw/samples/n1_verify_rapidsnark_r1.csv,logs/n1_verify_rapidsnark_r1.log
1,verify,verify_rapidsnark,verify,2,rapidsnark,snarkjs groth16 verify verification_key.json public.json proof.json,True,0,process,2.3160804159997497,0.8535649999999748,0.41908199999998885,1.2726469999999637,54.94830797792564,3.4342692486203523,180248576.0,68866606.54545455,0.0,0.0,4207537.0,764.0,0.0,0.0,1.7799999999988358,0.0,1130639360.0,30109696.0,0.0,0.0,24,raw/samples/n1_verify_rapidsnark_r2.csv,logs/n1_verify_rapidsnark_r2.log
1,verify,verify_rapidsnark,verify,3,rapidsnark,snarkjs groth16 verify verification_key.json public.json proof.json,True,0,process,2.295190040000307,0.9893059999999991,0.32988900000000854,1.3191950000000077,57.47650421138248,3.592281513211405,205799424.0,70692305.45454545,0.0,0.0,4119053.0,884.0,0.0,0.0,1.8700000000244472,0.0,1156116480.0,29827072.0,0.0,16384.0,24,raw/samples/n1_verify_rapidsnark_r3.csv,logs/n1_verify_rapidsnark_r3.log
1,verify,verify_rapidsnark,verify,4,rapidsnark,snarkjs groth16 verify verification_key.json public.json proof.json,True,0,process,2.339227526999821,0.8913140000000226,0.45003499999999974,1.3413490000000223,57.341536234415436,3.5838460146509648,140337152.0,69506626.7826087,0.0,0.0,4223872.0,6020.0,0.0,0.0,2.4200000000128057,0.0,1119453184.0,36429824.0,0.0,0.0,25,raw/samples/n1_verify_rapidsnark_r4.csv,logs/n1_verify_rapidsnark_r4.log
1,verify,verify_rapidsnark,verify,5,rapidsnark,snarkjs groth16 verify verification_key.json public.json proof.json,True,0,process,2.3262281339993933,0.9983890000000031,0.41044899999999984,1.408838000000003,60.56319152059444,3.7851994700371523,176644096.0,68448628.36363636,0.0,0.0,4097110.0,428.0,0.0,0.0,2.029999999998836,0.0,1125470208.0,29134848.0,0.0,0.0,25,raw/samples/n1_verify_rapidsnark_r5.csv,logs/n1_verify_rapidsnark_r5.log
1,verify,verify_rapidsnark,verify,6,rapidsnark,snarkjs groth16 verify verification_key.json public.json proof.json,True,0,process,2.318658399999549,0.9884239999999807,0.33776899999999443,1.326192999999975,57.19656677327859,3.574785423329912,173879296.0,68626245.81818181,0.0,0.0,4118476.0,484.0,0.0,0.0,2.1600000000034925,0.0,1128427520.0,43352064.0,0.0,0.0,24,raw/samples/n1_verify_rapidsnark_r6.csv,logs/n1_verify_rapidsnark_r6.log
1,verify,verify_rapidsnark,verify,7,rapidsnark,snarkjs groth16 verify verification_key.json public.json proof.json,True,0,process,2.3525798860009672,0.9383840000000134,0.4530730000000034,1.3914570000000168,59.14600427725687,3.6966252673285545,196390912.0,70793305.04347827,0.0,0.0,4229219.0,5756.0,0.0,0.0,2.3099999999976717,0.0,1149587456.0,3805184.0,0.0,0.0,25,raw/samples/n1_verify_rapidsnark_r7.csv,logs/n1_verify_rapidsnark_r7.log
1,verify,verify_rapidsnark,verify,8,rapidsnark,snarkjs groth16 verify verification_key.json public.json proof.json,True,0,process,2.3363990779998858,0.9479989999999816,0.5041539999999998,1.4521529999999814,62.15346571884122,3.884591607427576,168665088.0,71067558.95652173,0.0,0.0,4194452.0,6084.0,0.0,0.0,2.0099999999802094,0.0,1111924736.0,33976320.0,0.0,0.0,25,raw/samples/n1_verify_rapidsnark_r8.csv,logs/n1_verify_rapidsnark_r8.log
1,verify,verify_rapidsnark,verify,9,rapidsnark,snarkjs groth16 verify verification_key.json public.json proof.json,True,0,process,2.3055448920003982,0.9259680000000117,0.4020849999999996,1.3280530000000113,57.60256521605748,3.6001603260035924,196771840.0,69889861.81818181,0.0,0.0,4074318.0,732.0,0.0,0.0,1.9200000000128057,0.0,1139228672.0,37654528.0,0.0,0.0,24,raw/samples/n1_verify_rapidsnark_r9.csv,logs/n1_verify_rapidsnark_r9.log
1,verify,verify_rapidsnark,verify,10,rapidsnark,snarkjs groth16 verify verification_key.json public.json proof.json,True,0,process,2.3437005409996345,0.9388800000000117,0.41616999999999393,1.3550500000000056,57.81668674369338,3.6135429214808363,157761536.0,70184960.0,0.0,0.0,4225518.0,5924.0,0.0,0.0,2.3699999999953434,0.0,1124589568.0,36356096.0,0.0,0.0,25,raw/samples/n1_verify_rapidsnark_r10.csv,logs/n1_verify_rapidsnark_r10.log
1,verify,verify_rapidsnark,verify,11,rapidsnark,snarkjs groth16 verify verification_key.json public.json proof.json,True,0,process,2.329126074000669,1.0241910000000018,0.40279999999999916,1.426991000000001,61.26722876571906,3.8292017978574413,163401728.0,68141614.54545455,0.0,0.0,4083389.0,468.0,0.0,0.0,1.959999999991851,0.0,1109184512.0,39010304.0,0.0,0.0,25,raw/samples/n1_verify_rapidsnark_r11.csv,logs/n1_verify_rapidsnark_r11.log
1,verify,verify_rapidsnark,verify,12,rapidsnark,snarkjs groth16 verify verification_key.json public.json proof.json,True,0,process,2.3066365039994707,0.822622999999993,0.45081500000000574,1.2734379999999987,55.20757162179598,3.4504732263622486,193048576.0,69279744.0,0.0,0.0,4136460.0,716.0,0.0,0.0,1.8500000000058208,0.0,1139171328.0,31993856.0,0.0,0.0,24,raw/samples/n1_verify_rapidsnark_r12.csv,logs/n1_verify_rapidsnark_r12.log
1,verify,verify_rapidsnark,verify,13,rapidsnark,snarkjs groth16 verify verification_key.json public.json proof.json,True,0,process,2.354317871000603,0.9021390000000054,0.4478289999999987,1.349968000000004,57.34009058964741,3.583755661852963,216768512.0,71931280.69565217,0.0,0.0,4203377.0,5668.0,0.0,0.0,2.3299999999871943,0.0,1169698816.0,26120192.0,0.0,0.0,25,raw/samples/n1_verify_rapidsnark_r13.csv,logs/n1_verify_rapidsnark_r13.log
1,verify,verify_rapidsnark,verify,14,rapidsnark,snarkjs groth16 verify verification_key.json public.json proof.json,True,0,process,2.308078794998437,1.0342739999999822,0.33166599999999846,1.3659399999999806,59.18082185755299,3.698801366097062,199172096.0,70052212.36363636,0.0,0.0,4137900.0,724.0,0.0,0.0,2.0199999999895226,0.0,1146757120.0,29298688.0,0.0,0.0,24,raw/samples/n1_verify_rapidsnark_r14.csv,logs/n1_verify_rapidsnark_r14.log
1,verify,verify_rapidsnark,verify,15,rapidsnark,snarkjs groth16 verify verification_key.json public.json proof.json,True,0,process,2.3012606840002263,0.9001049999999964,0.4115060000000028,1.3116109999999992,56.995324741743616,3.562207796358976,200732672.0,70156288.0,0.0,0.0,4088037.0,804.0,0.0,0.0,1.8999999999941792,0.0,1148686336.0,39747584.0,0.0,0.0,24,raw/samples/n1_verify_rapidsnark_r15.csv,logs/n1_verify_rapidsnark_r15.log
1,verify,verify_rapidsnark,verify,16,rapidsnark,snarkjs groth16 verify verification_key.json public.json proof.json,True,0,process,2.367571229000532,0.9117240000000209,0.5059949999999986,1.4177190000000195,59.88073273717337,3.7425457960733355,214933504.0,71362827.13043478,0.0,0.0,4207319.0,4060.0,0.0,0.0,2.4899999999906868,0.0,1160843264.0,26865664.0,0.0,0.0,25,raw/samples/n1_verify_rapidsnark_r16.csv,logs/n1_verify_rapidsnark_r16.log
1,verify,verify_rapidsnark,verify,17,rapidsnark,snarkjs groth16 verify verification_key.json public.json proof.json,True,0,process,2.3256569189998118,0.890074999999996,0.44879000000000246,1.3388649999999984,57.56932542637458,3.5980828391484114,170196992.0,68433547.63636364,0.0,0.0,4049546.0,340.0,0.0,0.0,1.8299999999871943,0.0,1115086848.0,39063552.0,0.0,0.0,25,raw/samples/n1_verify_rapidsnark_r17.csv,logs/n1_verify_rapidsnark_r17.log
1,verify,verify_rapidsnark,verify,18,rapidsnark,snarkjs groth16 verify verification_key.json public.json proof.json,True,0,process,2.3225638959993375,0.8818679999999972,0.41719399999999496,1.2990619999999922,55.932239463364276,3.4957649664602672,162455552.0,68063790.54545455,0.0,0.0,4156214.0,532.0,0.0,0.0,1.9199999999837019,0.0,1108221952.0,23322624.0,0.0,0.0,25,raw/samples/n1_verify_rapidsnark_r18.csv,logs/n1_verify_rapidsnark_r18.log
1,verify,verify_rapidsnark,verify,19,rapidsnark,snarkjs groth16 verify verification_key.json public.json proof.json,True,0,process,2.3538967089989455,0.9715970000000027,0.3583990000000057,1.3299960000000084,56.50188450986122,3.5313677818663263,215408640.0,71808756.86956522,0.0,0.0,4236858.0,5628.0,0.0,0.0,2.35999999998603,0.0,1162268672.0,36061184.0,0.0,0.0,25,raw/samples/n1_verify_rapidsnark_r19.csv,logs/n1_verify_rapidsnark_r19.log
1,verify,verify_rapidsnark,verify,20,rapidsnark,snarkjs groth16 verify verification_key.json public.json proof.json,True,0,process,2.3005987830001686,0.8534919999999886,0.4188439999999929,1.2723359999999815,55.30455850892659,3.456534906807912,204935168.0,70040669.0909091,0.0,0.0,4145485.0,948.0,0.0,0.0,1.709999999991851,0.0,1151930368.0,38080512.0,0.0,0.0,24,raw/samples/n1_verify_rapidsnark_r20.csv,logs/n1_verify_rapidsnark_r20.log
1,verify,verify_rapidsnark,verify,21,rapidsnark,snarkjs groth16 verify verification_key.json public.json proof.json,True,0,process,2.308003993000966,0.8854800000000012,0.4292960000000079,1.314776000000009,56.96593264080452,3.5603707900502823,196784128.0,69749294.54545455,0.0,0.0,4132474.0,772.0,0.0,0.0,1.75,0.0,1141784576.0,15941632.0,0.0,0.0,24,raw/samples/n1_verify_rapidsnark_r21.csv,logs/n1_verify_rapidsnark_r21.log
1,verify,verify_rapidsnark,verify,22,rapidsnark,snarkjs groth16 verify verification_key.json public.json proof.json,True,0,process,2.373947310999938,0.9203430000000026,0.4161050000000017,1.3364480000000043,56.2964474319809,3.5185279644988063,212512768.0,71291058.08695652,0.0,0.0,4185116.0,1436.0,0.0,0.0,2.580000000016298,0.0,1167716352.0,38416384.0,0.0,0.0,25,raw/samples/n1_verify_rapidsnark_r22.csv,logs/n1_verify_rapidsnark_r22.log
1,verify,verify_rapidsnark,verify,23,rapidsnark,snarkjs groth16 verify verification_key.json public.json proof.json,True,0,process,2.3017978530006076,0.8782329999999945,0.4284679999999952,1.3067009999999897,56.768712261008645,3.5480445163130403,203120640.0,69894330.18181819,0.0,0.0,4119347.0,828.0,0.0,0.0,1.8300000000162981,0.0,1152790528.0,29298688.0,0.0,0.0,24,raw/samples/n1_verify_rapidsnark_r23.csv,logs/n1_verify_rapidsnark_r23.log
1,verify,verify_rapidsnark,verify,24,rapidsnark,snarkjs groth16 verify verification_key.json public.json proof.json,True,0,process,2.351940085000024,0.9021370000000104,0.4027269999999987,1.3048640000000091,55.48032487400698,3.4675203046254364,205791232.0,71628532.86956522,0.0,0.0,4285972.0,5700.0,0.0,0.0,2.3699999999953434,0.0,1168560128.0,38113280.0,0.0,0.0,25,raw/samples/n1_verify_rapidsnark_r24.csv,logs/n1_verify_rapidsnark_r24.log
1,verify,verify_rapidsnark,verify,25,rapidsnark,snarkjs groth16 verify verification_key.json public.json proof.json,True,0,process,2.3413265569997748,0.9396389999999997,0.39478100000000893,1.3344200000000086,56.99418545484585,3.5621365909278655,152883200.0,69976598.26086956,0.0,0.0,4224976.0,5956.0,0.0,0.0,2.3999999999941792,0.0,1132699648.0,34541568.0,0.0,0.0,25,raw/samples/n1_verify_rapidsnark_r25.csv,logs/n1_verify_rapidsnark_r25.log
1,verify,verify_rapidsnark,verify,26,rapidsnark,snarkjs groth16 verify verification_key.json public.json proof.json,True,0,process,2.3073455649991956,0.9153499999999894,0.3673959999999994,1.2827459999999888,55.59401328775111,3.4746258304844444,195633152.0,69663278.54545455,0.0,0.0,4078511.0,684.0,0.0,0.0,1.8500000000058208,0.0,1148600320.0,41406464.0,0.0,0.0,24,raw/samples/n1_verify_rapidsnark_r26.csv,logs/n1_verify_rapidsnark_r26.log
1,verify,verify_rapidsnark,verify,27,rapidsnark,snarkjs groth16 verify verification_key.json public.json proof.json,True,0,process,2.3290180690000852,0.9399270000000115,0.38713999999998805,1.3270669999999996,56.979678159806966,3.5612298849879354,160366592.0,67843723.63636364,0.0,0.0,4122907.0,396.0,0.0,0.0,1.9900000000197906,0.0,1113776128.0,34029568.0,0.0,0.0,25,raw/samples/n1_verify_rapidsnark_r27.csv,logs/n1_verify_rapidsnark_r27.log
1,verify,verify_rapidsnark,verify,28,rapidsnark,snarkjs groth16 verify verification_key.json public.json proof.json,True,0,process,2.342400045999966,0.8962300000000027,0.4469169999999991,1.3431470000000019,57.34063241219819,3.583789525762387,148635648.0,70143821.91304348,0.0,0.0,4218696.0,5980.0,0.0,0.0,2.220000000001164,0.0,1118973952.0,15794176.0,0.0,0.0,25,raw/samples/n1_verify_rapidsnark_r28.csv,logs/n1_verify_rapidsnark_r28.log
1,verify,verify_rapidsnark,verify,29,rapidsnark,snarkjs groth16 verify verification_key.json public.json proof.json,True,0,process,2.2935275159998127,0.916121000000004,0.4179860000000133,1.3341070000000173,58.16834507949833,3.6355215674686456,208457728.0,70907345.45454545,0.0,0.0,4153659.0,996.0,0.0,0.0,1.8699999999953434,0.0,1154920448.0,34934784.0,0.0,0.0,24,raw/samples/n1_verify_rapidsnark_r29.csv,logs/n1_verify_rapidsnark_r29.log
1,verify,verify_rapidsnark,verify,30,rapidsnark,snarkjs groth16 verify verification_key.json public.json proof.json,True,0,process,2.3162845759998163,0.9188439999999787,0.41104399999998975,1.3298879999999684,57.41470688790158,3.588419180493849,192778240.0,69579124.36363636,0.0,0.0,4130896.0,652.0,0.0,0.0,1.8800000000046566,0.0,1136140288.0,28651520.0,0.0,0.0,24,raw/samples/n1_verify_rapidsnark_r30.csv,logs/n1_verify_rapidsnark_r30.log
1,verify,verify_rapidsnark,verify,31,rapidsnark,snarkjs groth16 verify verification_key.json public.json proof.json,True,0,process,2.391504351000549,1.0262770000000216,0.5281520000000057,1.5544290000000274,64.99795826629757,4.062372391643598,208285696.0,70562504.3478261,0.0,0.0,4198404.0,1132.0,0.0,0.0,2.5899999999965075,0.0,1157169152.0,45416448.0,0.0,0.0,25,raw/samples/n1_verify_rapidsnark_r31.csv,logs/n1_verify_rapidsnark_r31.log
1,verify,verify_rapidsnark,verify,32,rapidsnark,snarkjs groth16 verify verification_key.json public.json proof.json,True,0,process,2.308186514999761,0.9188849999999888,0.3671690000000041,1.286053999999993,55.71707449300847,3.4823171558130293,210370560.0,70862475.63636364,0.0,0.0,4249823.0,1364.0,0.0,0.0,1.8700000000244472,0.0,1158537216.0,22089728.0,0.0,0.0,24,raw/samples/n1_verify_rapidsnark_r32.csv,logs/n1_verify_rapidsnark_r32.log
1,verify,verify_rapidsnark,verify,33,rapidsnark,snarkjs groth16 verify verification_key.json public.json proof.json,True,0,process,2.3291486309990432,0.812767000000008,0.488821999999999,1.301589000000007,55.882608034409365,3.4926630021505853,140390400.0,66828474.18181818,0.0,0.0,3890653.0,444.0,0.0,0.0,1.8000000000174623,0.0,1092784128.0,35405824.0,0.0,0.0,25,raw/samples/n1_verify_rapidsnark_r33.csv,logs/n1_verify_rapidsnark_r33.log
1,verify,verify_rapidsnark,verify,34,rapidsnark,snarkjs groth16 verify verification_key.json public.json proof.json,True,0,process,2.3291124500010483,0.9270599999999831,0.3951059999999984,1.3221659999999815,56.76694570927163,3.547934106829477,155865088.0,67551790.54545455,0.0,0.0,4067811.0,388.0,0.0,0.0,2.379999999975553,0.0,1105674240.0,12980224.0,0.0,0.0,25,raw/samples/n1_verify_rapidsnark_r34.csv,logs/n1_verify_rapidsnark_r34.log
1,verify,verify_rapidsnark,verify,35,rapidsnark,snarkjs groth16 verify verification_key.json public.json proof.json,True,0,process,2.295244597000419,0.9216870000000199,0.35945199999999033,1.2811390000000102,55.817101221991294,3.488568826374456,205705216.0,70232250.18181819,0.0,0.0,4105919.0,884.0,0.0,0.0,1.7600000000093132,0.0,1149612032.0,31444992.0,0.0,0.0,24,raw/samples/n1_verify_rapidsnark_r35.csv,logs/n1_verify_rapidsnark_r35.log
1,verify,verify_rapidsnark,verify,36,rapidsnark,snarkjs groth16 verify verification_key.json public.json proof.json,True,0,process,2.3488348159989982,0.9415899999999908,0.3893800000000027,1.3309699999999935,56.66511714379156,3.5415698214869726,184868864.0,71010571.13043478,0.0,0.0,4198657.0,5796.0,0.0,0.0,1.9400000000023283,0.0,1144352768.0,29978624.0,0.0,0.0,25,raw/samples/n1_verify_rapidsnark_r36.csv,logs/n1_verify_rapidsnark_r36.log
1,verify,verify_rapidsnark,verify,37,rapidsnark,snarkjs groth16 verify verification_key.json public.json proof.json,True,0,process,2.3475927469989983,0.9210080000000005,0.374873000000008,1.2958810000000085,55.20041760465371,3.4500261002908568,186376192.0,70974775.6521739,0.0,0.0,4241783.0,5788.0,0.0,0.0,2.3099999999976717,0.0,1151471616.0,33796096.0,0.0,0.0,25,raw/samples/n1_verify_rapidsnark_r37.csv,logs/n1_verify_rapidsnark_r37.log
1,verify,verify_rapidsnark,verify,38,rapidsnark,snarkjs groth16 verify verification_key.json public.json proof.json,True,0,process,2.3089583090004453,0.861881000000011,0.4146429999999981,1.276524000000009,55.28571022803006,3.455356889251879,194818048.0,69616360.72727273,0.0,0.0,4112066.0,708.0,0.0,0.0,1.9200000000128057,0.0,1140985856.0,27639808.0,0.0,0.0,24,raw/samples/n1_verify_rapidsnark_r38.csv,logs/n1_verify_rapidsnark_r38.log
1,verify,verify_rapidsnark,verify,39,rapidsnark,snarkjs groth16 verify verification_key.json public.json proof.json,True,0,process,2.3218778609989386,0.9089709999999798,0.3971909999999923,1.306161999999972,56.254552487012546,3.515909530438284,197398528.0,69741474.9090909,0.0,0.0,4129047.0,748.0,0.0,0.0,1.9200000000128057,0.0,1144238080.0,30990336.0,0.0,0.0,25,raw/samples/n1_verify_rapidsnark_r39.csv,logs/n1_verify_rapidsnark_r39.log
1,verify,verify_rapidsnark,verify,40,rapidsnark,snarkjs groth16 verify verification_key.json public.json proof.json,True,0,process,2.3607752320003783,0.9842869999999948,0.3870720000000034,1.3713589999999982,58.089350540923434,3.6305844088077146,216674304.0,72217110.26086956,0.0,0.0,4209873.0,5548.0,0.0,0.0,2.5399999999790452,0.0,1164378112.0,26554368.0,0.0,0.0,25,raw/samples/n1_verify_rapidsnark_r40.csv,logs/n1_verify_rapidsnark_r40.log
1,verify,verify_rapidsnark,verify,41,rapidsnark,snarkjs groth16 verify verification_key.json public.json proof.json,True,0,process,2.305152985998575,0.8737870000000214,0.396174000000002,1.2699610000000234,55.09226535998807,3.4432665849992543,196571136.0,69527179.63636364,0.0,0.0,4157561.0,804.0,0.0,0.0,2.0100000000093132,0.0,1141035008.0,26755072.0,0.0,0.0,24,raw/samples/n1_verify_rapidsnark_r41.csv,logs/n1_verify_rapidsnark_r41.log
1,verify,verify_rapidsnark,verify,42,rapidsnark,snarkjs groth16 verify verification_key.json public.json proof.json,True,0,process,2.3711463550007466,0.9876950000000022,0.39509099999999364,1.3827859999999959,58.31719316202059,3.6448245726262867,213135360.0,71411801.04347827,0.0,0.0,4226827.0,2148.0,0.0,0.0,2.2399999999906868,0.0,1176829952.0,49389568.0,0.0,0.0,25,raw/samples/n1_verify_rapidsnark_r42.csv,logs/n1_verify_rapidsnark_r42.log
1,verify,verify_rapidsnark,verify,43,rapidsnark,snarkjs groth16 verify verification_key.json public.json proof.json,True,0,process,2.3547659030009527,0.9143909999999948,0.4092960000000119,1.3236870000000067,56.21310374475348,3.5133189840470926,215437312.0,71804482.7826087,0.0,0.0,4257353.0,5588.0,0.0,0.0,2.2999999999883585,0.0,1169014784.0,23379968.0,0.0,0.0,25,raw/samples/n1_verify_rapidsnark_r43.csv,logs/n1_verify_rapidsnark_r43.log
1,verify,verify_rapidsnark,verify,44,rapidsnark,snarkjs groth16 verify verification_key.json public.json proof.json,True,0,process,2.3152864189996762,0.8704380000000072,0.4180059999999912,1.2884439999999984,55.64944317155685,3.478090198222303,189165568.0,69341556.36363636,0.0,0.0,4151767.0,692.0,0.0,0.0,1.8399999999965075,0.0,1141669888.0,21741568.0,0.0,0.0,24,raw/samples/n1_verify_rapidsnark_r44.csv,logs/n1_verify_rapidsnark_r44.log
1,verify,verify_rapidsnark,verify,45,rapidsnark,snarkjs groth16 verify verification_key.json public.json proof.json,True,0,process,2.346663158999945,0.959054999999978,0.3475219999999979,1.306576999999976,55.67808038358548,3.4798800239740926,178790400.0,70594560.0,0.0,0.0,4203218.0,5828.0,0.0,0.0,1.929999999993015,0.0,1143681024.0,34639872.0,0.0,0.0,25,raw/samples/n1_verify_rapidsnark_r45.csv,logs/n1_verify_rapidsnark_r45.log
1,verify,verify_rapidsnark,verify,46,rapidsnark,snarkjs groth16 verify verification_key.json public.json proof.json,True,0,process,2.3454900979995728,1.0053800000000024,0.37707400000000746,1.3824540000000098,58.940943778832434,3.683808986177027,172625920.0,70619136.0,0.0,0.0,4208910.0,5860.0,0.0,0.0,2.429999999993015,0.0,1142411264.0,41054208.0,0.0,0.0,25,raw/samples/n1_verify_rapidsnark_r46.csv,logs/n1_verify_rapidsnark_r46.log
1,verify,verify_rapidsnark,verify,47,rapidsnark,snarkjs groth16 verify verification_key.json public.json proof.json,True,0,process,2.2852649529995688,0.8534040000000118,0.41212699999999813,1.26553100000001,55.377867600818576,3.461116725051161,209747968.0,70768453.81818181,0.0,0.0,4188991.0,1308.0,0.0,0.0,1.8599999999860302,0.0,1160970240.0,29081600.0,0.0,0.0,24,raw/samples/n1_verify_rapidsnark_r47.csv,logs/n1_verify_rapidsnark_r47.log
1,verify,verify_rapidsnark,verify,48,rapidsnark,snarkjs groth16 verify verification_key.json public.json proof.json,True,0,process,2.344486687999961,0.8757469999999898,0.46558899999999426,1.341335999999984,57.212353000999705,3.5757720625624816,164372480.0,70605779.47826087,0.0,0.0,4207105.0,5892.0,0.0,0.0,1.8900000000139698,0.0,1131679744.0,21712896.0,0.0,0.0,25,raw/samples/n1_verify_rapidsnark_r48.csv,logs/n1_verify_rapidsnark_r48.log
1,verify,verify_rapidsnark,verify,49,rapidsnark,snarkjs groth16 verify verification_key.json public.json proof.json,True,0,process,2.3249431920012285,0.910381000000001,0.3894549999999981,1.299835999999999,55.908290769080956,3.4942681730675598,151212032.0,67458513.45454545,0.0,0.0,4049225.0,380.0,0.0,0.0,2.1599999999743886,0.0,1109041152.0,30728192.0,0.0,0.0,25,raw/samples/n1_verify_rapidsnark_r49.csv,logs/n1_verify_rapidsnark_r49.log
1,verify,verify_rapidsnark,verify,50,rapidsnark,snarkjs groth16 verify verification_key.json public.json proof.json,True,0,process,2.3056470779993106,0.8078059999999994,0.4488110000000063,1.2566170000000056,54.50170635353332,3.4063566470958326,204816384.0,70050909.0909091,0.0,0.0,4206523.0,916.0,0.0,0.0,1.7799999999988358,0.0,1157214208.0,26038272.0,0.0,0.0,24,raw/samples/n1_verify_rapidsnark_r50.csv,logs/n1_verify_rapidsnark_r50.log
2,env,ptau_new,ptau,1,,snarkjs powersoftau new bn128 9 pot9_0000.ptau -v,True,0,process,2.5198224800005846,1.0427490000000148,0.5081399999999974,1.5508890000000122,61.54754996866495,3.8467218730415595,301871104.0,79424170.66666667,0.0,0.0,4198203.0,214933.0,0.0,0.0,2.5499999999883585,0.0,1231962112.0,18501632.0,0.0,0.0,26,raw/samples/n2_ptau_new_r1.csv,logs/n2_ptau_new_r1.log
2,env,ptau_contribute_1,ptau,1,,"snarkjs powersoftau contribute pot9_0000.ptau pot9_0001.ptau --name=""First contribution"" -v -e=""some random text""",True,0,process,2.6727313319988752,2.2252129999999966,0.5078859999999992,2.7330989999999957,102.2586508145573,6.391165675909831,261636096.0,91930624.0,0.0,0.0,4588986.0,235569.0,0.0,0.0,3.5,0.0,1223270400.0,41598976.0,0.0,0.0,28,raw/samples/n2_ptau_contribute_1_r1.csv,logs/n2_ptau_contribute_1_r1.log
2,env,ptau_contribute_2,ptau,1,,"snarkjs powersoftau contribute pot9_0001.ptau pot9_0002.ptau --name=""Second contribution"" -v -e=""some random text""",True,0,process,2.4480964630001836,2.1344839999999863,0.40374700000000985,2.538230999999996,103.68182129920449,6.48011383120028,216915968.0,78706346.66666667,0.0,0.0,4688307.0,239430.0,0.0,0.0,3.1000000000058208,0.0,1173635072.0,-6717440.0,0.0,0.0,26,raw/samples/n2_ptau_contribute_2_r1.csv,logs/n2_ptau_contribute_2_r1.log
2,env,ptau_export_challenge,ptau,1,,snarkjs powersoftau export challenge pot9_0002.ptau challenge_0003,True,0,process,2.3687004599996726,0.9058830000000171,0.42933299999999974,1.3352160000000168,56.36913668688195,3.523071042930122,214728704.0,70982255.30434783,0.0,0.0,4371701.0,2278.0,0.0,0.0,1.9399999999823194,0.00999999999999801,1168441344.0,8990720.0,0.0,32768.0,25,raw/samples/n2_ptau_export_challenge_r1.csv,logs/n2_ptau_export_challenge_r1.log
2,env,ptau_challenge_contribute,ptau,1,,"snarkjs powersoftau challenge contribute bn128 challenge_0003 response_0003 -e=""some random text""",True,0,process,2.486517722001736,2.0478359999999896,0.5014469999999989,2.5492829999999884,102.52422403600343,6.4077640022502145,218120192.0,78348288.0,0.0,0.0,4600222.0,69766.0,0.0,0.0,3.5200000000186265,0.0,1172877312.0,-2330624.0,0.0,0.0,26,raw/samples/n2_ptau_challenge_contribute_r1.csv,logs/n2_ptau_challenge_contribute_r1.log
2,env,ptau_import_response,ptau,1,,"snarkjs powersoftau import response pot9_0002.ptau response_0003 pot9_0003.ptau -n=""Third contribution""",True,0,process,2.4108940240002994,1.0827099999999916,0.47192699999999377,1.5546369999999854,64.48383813322656,4.03023988332666,213434368.0,71975268.17391305,0.0,0.0,4282247.0,1556.0,0.0,0.0,2.0799999999871943,0.0,1160876032.0,6475776.0,0.0,0.0,25,raw/samples/n2_ptau_import_response_r1.csv,logs/n2_ptau_import_response_r1.log
2,env,ptau_verify,ptau,1,,snarkjs powersoftau verify pot9_0003.ptau,True,0,process,2.5637115350000386,1.16359300000002,0.4647949999999952,1.6283880000000153,63.51681840055343,3.9698011500345896,245501952.0,88397578.24,0.0,0.0,4447561.0,6183.0,0.0,0.0,2.2299999999813735,0.0,1194397696.0,970752.0,0.0,0.0,27,raw/samples/n2_ptau_verify_r1.csv,logs/n2_ptau_verify_r1.log
2,env,ptau_beacon,ptau,1,,"snarkjs powersoftau beacon pot9_0003.ptau pot9_beacon.ptau 0102030405060708090a0b0c0d0e0f101112131015161718191a1b1c1d1e1f 10 -n=""Final Beacon""",True,0,process,2.450242058001095,2.2385719999999765,0.359178,2.5977499999999765,106.02013754180754,6.626258596362971,214347776.0,78365354.66666667,0.0,0.0,4597816.0,242150.0,0.0,0.0,3.2600000000093132,0.0,1166086144.0,-9191424.0,0.0,0.0,26,raw/samples/n2_ptau_beacon_r1.csv,logs/n2_ptau_beacon_r1.log
2,env,ptau_prepare_phase2,ptau,1,,snarkjs powersoftau prepare phase2 pot9_beacon.ptau pot9_final.ptau -v,True,0,process,3.698737896000239,9.770966000000016,0.4966320000000053,10.26759800000002,277.5973396520811,17.349833728255067,231669760.0,126748444.44444445,0.0,0.0,4671297.0,953871.0,0.0,0.0,11.489999999990687,0.0,1183121408.0,8466432.0,0.0,24576.0,38,raw/samples/n2_ptau_prepare_phase2_r1.csv,logs/n2_ptau_prepare_phase2_r1.log
2,env,ptau_verify_final,ptau,1,,snarkjs powersoftau verify pot9_final.ptau,True,0,process,3.009930496000379,2.571843000000001,0.8464380000000062,3.4182810000000075,113.56677519770797,7.097923449856748,292409344.0,112399042.20689656,0.0,0.0,5256984.0,127550.0,0.0,0.0,4.0,0.0,1238974464.0,-9736192.0,0.0,0.0,31,raw/samples/n2_ptau_verify_final_r1.csv,logs/n2_ptau_verify_final_r1.log
2,env,circom_compile,compile,1,,circom --r1cs --wasm --sym --inspect circuit.circom,True,0,process,0.14190117900034238,0.01987399999998729,0.02384800000000098,0.04372199999998827,30.811583320165916,1.9257239575103697,10530816.0,10530816.0,0.0,0.0,30475.0,303.0,0.0,0.0,0.4300000000221189,0.0,1018126336.0,5062656.0,0.0,0.0,3,raw/samples/n2_circom_compile_r1.csv,logs/n2_circom_compile_r1.log
2,env,r1cs_info,compile,1,,snarkjs r1cs info circuit.r1cs,True,0,process,2.3441916370011313,0.8988950000000102,0.4475539999999967,1.346449000000007,57.437667584314354,3.589854224019647,158769152.0,69549545.73913044,0.0,0.0,4273313.0,2211.0,0.0,0.0,1.8999999999941792,0.0,1136197632.0,28278784.0,0.0,0.0,25,raw/samples/n2_r1cs_info_r1.csv,logs/n2_r1cs_info_r1.log
2,env,r1cs_export_json,compile,1,,snarkjs r1cs export json circuit.r1cs circuit.r1cs.json,True,0,process,2.9281402550004714,0.5286130000000071,0.2608060000000023,0.7894190000000094,26.95974001422559,1.6849837508890995,89206784.0,69836507.42857143,0.0,0.0,3291483.0,384.0,0.0,0.0,1.8399999999965075,0.0,1054695424.0,-28672000.0,0.0,0.0,31,raw/samples/n2_r1cs_export_json_r1.csv,logs/n2_r1cs_export_json_r1.log
2,env,zkey_setup,zkey,1,,snarkjs groth16 setup circuit.r1cs pot9_final.ptau circuit_0000.zkey,True,0,process,2.434448052001244,1.0335739999999873,0.4305119999999931,1.4640859999999805,60.14036729173272,3.758772955733295,229597184.0,78740992.0,0.0,0.0,4931189.0,1225857.0,0.0,0.0,1.959999999991851,0.0,1180282880.0,5230592.0,0.0,0.0,26,raw/samples/n2_zkey_setup_r1.csv,logs/n2_zkey_setup_r1.log
2,env,zkey_contribute_1,zkey,1,,"snarkjs zkey contribute circuit_0000.zkey circuit_0001.zkey --name=""1st Contributor"" -v -e=""some random text""",True,0,process,2.313499985000817,1.190382999999997,0.3550900000000041,1.5454730000000012,66.80237778343687,4.175148611464804,207101952.0,70218845.0909091,0.0,0.0,4217582.0,1092.0,0.0,0.0,2.2299999999813735,0.0,1155821568.0,20733952.0,0.0,0.0,24,raw/samples/n2_zkey_contribute_1_r1.csv,logs/n2_zkey_contribute_1_r1.log
2,env,zkey_contribute_2,zkey,1,,"snarkjs zkey contribute circuit_0001.zkey circuit_0002.zkey --name=""2nd Contributor"" -v -e=""some random text""",True,0,process,2.359359227000823,1.1424849999999935,0.39433300000000315,1.5368179999999967,65.13709241104303,4.071068275690189,214839296.0,72858757.56521739,0.0,0.0,4365520.0,196950.0,0.0,0.0,2.1199999999953434,0.0,1162674176.0,7618560.0,0.0,0.0,25,raw/samples/n2_zkey_contribute_2_r1.csv,logs/n2_zkey_contribute_2_r1.log
2,env,zkey_export_bellman,zkey,1,,snarkjs zkey export bellman circuit_0002.zkey challenge_phase2_0003,True,0,process,2.4101582470011635,1.6346479999999985,0.3641569999999916,1.9988049999999902,82.93252123535875,5.183282577209922,216231936.0,73113243.82608695,0.0,0.0,4319576.0,3392.0,0.0,0.0,3.040000000008149,0.0,1163276288.0,2609152.0,0.0,0.0,25,raw/samples/n2_zkey_export_bellman_r1.csv,logs/n2_zkey_export_bellman_r1.log
2,env,zkey_bellman_contribute,zkey,1,,"snarkjs zkey bellman contribute bn128 challenge_phase2_0003 response_phase2_0003 -e=""some random text""",True,0,process,2.3440365530004783,1.2458140000000242,0.3776950000000028,1.623509000000027,69.26124927198163,4.328828079498852,202346496.0,73857647.30434783,0.0,0.0,4340319.0,163352.0,0.0,0.0,2.070000000006985,0.0,1146490880.0,24612864.0,0.0,0.0,25,raw/samples/n2_zkey_bellman_contribute_r1.csv,logs/n2_zkey_bellman_contribute_r1.log
2,env,zkey_import_bellman,zkey,1,,"snarkjs zkey import bellman circuit_0002.zkey response_phase2_0003 circuit_0003.zkey -n=""Third contribution""",True,0,process,2.3938049899988982,1.6432059999999922,0.4979600000000062,2.1411659999999983,89.44613320406621,5.590383325254138,214544384.0,76197709.91304348,0.0,0.0,4337316.0,40668.0,0.0,0.0,2.8099999999976717,0.0,1160970240.0,2846720.0,0.0,0.0,25,raw/samples/n2_zkey_import_bellman_r1.csv,logs/n2_zkey_import_bellman_r1.log
2,env,zkey_verify,zkey,1,,snarkjs zkey verify circuit.r1cs pot9_final.ptau circuit_0003.zkey,True,0,process,2.5175887049990706,1.1674950000000024,0.46039399999999375,1.6278889999999961,64.66064122259387,4.041290076412117,229933056.0,82689706.66666667,0.0,0.0,4946975.0,4729.0,0.0,0.0,2.2000000000116415,0.0,1177247744.0,13619200.0,0.0,0.0,26,raw/samples/n2_zkey_verify_r1.csv,logs/n2_zkey_verify_r1.log
2,env,zkey_beacon,zkey,1,,"snarkjs zkey beacon circuit_0003.zkey circuit_final.zkey 0102030405060708090a0b0c0d0e0f101112131515161718191a1b1c1d1e1f 10 -n=""Final Beacon phase2""",True,0,process,2.37399434299914,1.1739139999999963,0.3813690000000065,1.5552830000000029,65.51334061037257,4.094583788148285,214241280.0,72075887.30434783,0.0,0.0,4403710.0,160516.0,0.0,0.0,2.5599999999976717,0.0,1158922240.0,11911168.0,0.0,0.0,25,raw/samples/n2_zkey_beacon_r1.csv,logs/n2_zkey_beacon_r1.log
2,env,zkey_verify_final,zkey,1,,snarkjs zkey verify circuit.r1cs pot9_final.ptau circuit_final.zkey,True,0,process,2.5105973390000145,1.210154999999986,0.4604229999999916,1.6705779999999777,66.54105674569777,4.158816046606111,229429248.0,83121152.0,0.0,0.0,4941965.0,4721.0,0.0,0.0,2.389999999984866,0.0,1170948096.0,5877760.0,0.0,0.0,26,raw/samples/n2_zkey_verify_final_r1.csv,logs/n2_zkey_verify_final_r1.log
2,env,zkey_export_vkey,zkey,1,,snarkjs zkey export verificationkey circuit_final.zkey verification_key.json,True,0,process,3.0204324450005515,0.9920880000000238,0.42588500000000806,1.417973000000032,46.946025968800406,2.9341266230500254,213270528.0,101656081.65517241,0.0,0.0,4409886.0,1734.0,0.0,0.0,2.1300000000046566,0.0,1157111808.0,15400960.0,0.0,0.0,31,raw/samples/n2_zkey_export_vkey_r1.csv,logs/n2_zkey_export_vkey_r1.log
2,env,zkey_export_verifier,zkey,1,,snarkjs zkey export solidityverifier circuit_final.zkey verifier.sol,True,0,process,2.326580839999224,0.8933889999999849,0.38079799999999864,1.2741869999999835,54.766504481331864,3.4229065300832415,133632000.0,66840017.45454545,0.0,0.0,3995432.0,1456.0,0.0,0.0,1.8399999999965075,0.0,1076535296.0,-4435968.0,0.0,0.0,25,raw/samples/n2_zkey_export_verifier_r1.csv,logs/n2_zkey_export_verifier_r1.log
2,prove,fullprove_snarkjs,prove,1,snarkjs,snarkjs groth16 fullprove input.json circuit_js/circuit.wasm circuit_final.zkey proof.json public.json,True,0,process,3.0694448459998966,0.9894290000000012,0.5361329999999924,1.5255619999999936,49.70156091868233,3.106347557417646,229302272.0,108755626.66666667,0.0,0.0,4640050.0,10460.0,0.0,0.0,2.6499999999941792,0.0,1179107328.0,-9715712.0,0.0,0.0,32,raw/samples/n2_fullprove_snarkjs_r1.csv,logs/n2_fullprove_snarkjs_r1.log
2,prove,fullprove_snarkjs,prove,2,snarkjs,snarkjs groth16 fullprove input.json circuit_js/circuit.wasm circuit_final.zkey proof.json public.json,True,0,process,3.0425703639994026,1.023413000000005,0.5239760000000047,1.5473890000000097,50.85795281217409,3.1786220507608807,227627008.0,107387426.13333334,0.0,0.0,4548420.0,12019.0,0.0,0.0,2.2300000000104774,0.0,1174208512.0,36110336.0,0.0,0.0,32,raw/samples/n2_fullprove_snarkjs_r2.csv,logs/n2_fullprove_snarkjs_r2.log
2,prove,fullprove_snarkjs,prove,3,snarkjs,snarkjs groth16 fullprove input.json circuit_js/circuit.wasm circuit_final.zkey proof.json public.json,True,0,process,3.0978752589999203,1.021366999999998,0.5727349999999944,1.5941019999999924,51.45791443244272,3.21611965202767,227266560.0,107808221.86666666,0.0,0.0,4564993.0,10556.0,0.0,0.0,2.820000000006985,0.0,1180188672.0,19673088.0,0.0,0.0,32,raw/samples/n2_fullprove_snarkjs_r3.csv,logs/n2_fullprove_snarkjs_r3.log
2,prove,fullprove_snarkjs,prove,4,snarkjs,snarkjs groth16 fullprove input.json circuit_js/circuit.wasm circuit_final.zkey proof.json public.json,True,0,process,3.035109205999106,0.9698119999999903,0.5330550000000045,1.5028669999999948,49.516076621871555,3.094754788866972,229183488.0,107716608.0,0.0,0.0,4606348.0,10428.0,0.0,0.0,2.1300000000046566,0.0,1180090368.0,34541568.0,0.0,0.0,32,raw/samples/n2_fullprove_snarkjs_r4.csv,logs/n2_fullprove_snarkjs_r4.log
2,prove,fullprove_snarkjs,prove,5,snarkjs,snarkjs groth16 fullprove input.json circuit_js/circuit.wasm circuit_final.zkey proof.json public.json,True,0,process,3.017884430999402,1.0438910000000021,0.5447989999999976,1.5886899999999997,52.64250624315291,3.290156640197057,227336192.0,106945288.8275862,0.0,0.0,4575789.0,10476.0,0.0,0.0,2.2599999999802094,0.0,1176793088.0,9347072.0,0.0,0.0,31,raw/samples/n2_fullprove_snarkjs_r5.csv,logs/n2_fullprove_snarkjs_r5.log
2,prove,fullprove_snarkjs,prove,6,snarkjs,snarkjs groth16 fullprove input.json circuit_js/circuit.wasm circuit_final.zkey proof.json public.json,True,0,process,3.067440119000821,1.0237850000000037,0.5493320000000068,1.5731170000000105,51.28435891072694,3.2052724319204335,227958784.0,107424972.8,0.0,0.0,4616712.0,11260.0,0.0,0.0,2.7400000000197906,0.0,1178300416.0,32944128.0,0.0,0.0,32,raw/samples/n2_fullprove_snarkjs_r6.csv,logs/n2_fullprove_snarkjs_r6.log
2,prove,fullprove_snarkjs,prove,7,snarkjs,snarkjs groth16 fullprove input.json circuit_js/circuit.wasm circuit_final.zkey proof.json public.json,True,0,process,3.084365181999601,1.1163919999999905,0.5001479999999958,1.6165399999999863,52.41078486536344,3.275674054085215,227532800.0,107708279.46666667,0.0,0.0,4566445.0,10468.0,0.0,0.0,2.2000000000116415,0.0,1175408640.0,28254208.0,0.0,0.0,32,raw/samples/n2_fullprove_snarkjs_r7.csv,logs/n2_fullprove_snarkjs_r7.log
2,prove,fullprove_snarkjs,prove,8,snarkjs,snarkjs groth16 fullprove input.json circuit_js/circuit.wasm circuit_final.zkey proof.json public.json,True,0,process,3.082203522000782,1.0761360000000195,0.5170279999999963,1.5931640000000158,51.68912398639493,3.2305702491496833,227737600.0,110985352.53333333,0.0,0.0,4615345.0,10420.0,0.0,0.0,2.7399999999906868,0.0,1188687872.0,28626944.0,0.0,0.0,32,raw/samples/n2_fullprove_snarkjs_r8.csv,logs/n2_fullprove_snarkjs_r8.log
2,prove,fullprove_snarkjs,prove,9,snarkjs,snarkjs groth16 fullprove input.json circuit_js/circuit.wasm circuit_final.zkey proof.json public.json,True,0,process,3.0139319089994387,1.0513289999999813,0.4544400000000053,1.5057689999999866,49.96028594753057,3.1225178717206608,227598336.0,107702342.62068966,0.0,0.0,4597451.0,10836.0,0.0,0.0,2.2600000000093132,0.0,1176043520.0,31969280.0,0.0,0.0,31,raw/samples/n2_fullprove_snarkjs_r9.csv,logs/n2_fullprove_snarkjs_r9.log
2,prove,fullprove_snarkjs,prove,10,snarkjs,snarkjs groth16 fullprove input.json circuit_js/circuit.wasm circuit_final.zkey proof.json public.json,True,0,process,3.0359323329994368,1.0742880000000241,0.5064689999999956,1.5807570000000197,52.06825536978504,3.254265960611565,231284736.0,107957283.31034483,0.0,0.0,4552788.0,10460.0,0.0,0.0,2.4600000000209548,0.0,1179451392.0,29433856.0,0.0,0.0,32,raw/samples/n2_fullprove_snarkjs_r10.csv,logs/n2_fullprove_snarkjs_r10.log
2,prove,fullprove_snarkjs,prove,11,snarkjs,snarkjs groth16 fullprove input.json circuit_js/circuit.wasm circuit_final.zkey proof.json public.json,True,0,process,3.1033589239996218,1.059170999999992,0.48236599999999896,1.541536999999991,49.67317792597615,3.1045736203735093,227725312.0,106592529.06666666,0.0,0.0,4638207.0,10444.0,0.0,0.0,2.7400000000197906,0.0,1177088000.0,24715264.0,0.0,0.0,32,raw/samples/n2_fullprove_snarkjs_r11.csv,logs/n2_fullprove_snarkjs_r11.log
2,prove,fullprove_snarkjs,prove,12,snarkjs,snarkjs groth16 fullprove input.json circuit_js/circuit.wasm circuit_final.zkey proof.json public.json,True,0,process,3.0501345449993096,1.0492399999999975,0.5064980000000077,1.5557380000000052,51.00555326487597,3.187847079054748,228573184.0,108112554.66666667,0.0,0.0,4584079.0,11612.0,0.0,0.0,2.220000000001164,0.0,1177530368.0,29405184.0,0.0,0.0,32,raw/samples/n2_fullprove_snarkjs_r12.csv,logs/n2_fullprove_snarkjs_r12.log
2,prove,fullprove_snarkjs,prove,13,snarkjs,snarkjs groth16 fullprove input.json circuit_js/circuit.wasm circuit_final.zkey proof.json public.json,True,0,process,3.0758401500006585,1.0807499999999948,0.5869169999999997,1.6676669999999945,54.21825968425692,3.3886412302660576,229052416.0,110785194.66666667,0.0,0.0,4629385.0,10444.0,0.0,0.0,2.929999999993015,0.0,1180905472.0,30355456.0,0.0,0.0,32,raw/samples/n2_fullprove_snarkjs_r13.csv,logs/n2_fullprove_snarkjs_r13.log
2,prove,fullprove_snarkjs,prove,14,snarkjs,snarkjs groth16 fullprove input.json circuit_js/circuit.wasm circuit_final.zkey proof.json public.json,True,0,process,3.0334874780000973,1.0852910000000122,0.4700029999999913,1.5552940000000035,51.27082314595114,3.2044264466219463,227229696.0,106334561.10344827,0.0,0.0,4598779.0,10428.0,0.0,0.0,2.279999999998836,0.0,1178677248.0,37728256.0,0.0,0.0,32,raw/samples/n2_fullprove_snarkjs_r14.csv,logs/n2_fullprove_snarkjs_r14.log
2,prove,fullprove_snarkjs,prove,15,snarkjs,snarkjs groth16 fullprove input.json circuit_js/circuit.wasm circuit_final.zkey proof.json public.json,True,0,process,3.045194882000942,0.9566899999999805,0.5947570000000013,1.5514469999999818,50.94737972830673,3.1842112330191705,229343232.0,108444740.26666667,0.0,0.0,4623685.0,11662.0,0.0,0.0,2.320000000006985,0.0,1181130752.0,25153536.0,0.0,0.0,32,raw/samples/n2_fullprove_snarkjs_r15.csv,logs/n2_fullprove_snarkjs_r15.log
2,prove,fullprove_snarkjs,prove,16,snarkjs,snarkjs groth16 fullprove input.json circuit_js/circuit.wasm circuit_final.zkey proof.json public.json,True,0,process,3.073346096998648,1.03504700000002,0.5188150000000036,1.5538620000000236,50.559291110021285,3.1599556943763303,228880384.0,109070062.93333334,0.0,0.0,4590250.0,10460.0,0.0,0.0,2.620000000024447,0.0,1182932992.0,42684416.0,0.0,0.0,32,raw/samples/n2_fullprove_snarkjs_r16.csv,logs/n2_fullprove_snarkjs_r16.log
2,prove,fullprove_snarkjs,prove,17,snarkjs,snarkjs groth16 fullprove input.json circuit_js/circuit.wasm circuit_final.zkey proof.json public.json,True,0,process,3.0822305100009544,1.0937869999999918,0.45582500000000437,1.5496119999999962,50.27566870718947,3.1422292941993417,228958208.0,108005239.46666667,0.0,0.0,4560509.0,10460.0,0.0,0.0,2.2700000000186265,0.0,1183178752.0,32948224.0,0.0,0.0,32,raw/samples/n2_fullprove_snarkjs_r17.csv,logs/n2_fullprove_snarkjs_r17.log
2,prove,fullprove_snarkjs,prove,18,snarkjs,snarkjs groth16 fullprove input.json circuit_js/circuit.wasm circuit_final.zkey proof.json public.json,True,0,process,3.1290769030001684,1.069659999999999,0.48770999999999276,1.5573699999999917,49.77090842691596,3.1106817766822474,228929536.0,107583761.06666666,0.0,0.0,4615288.0,10524.0,0.0,0.0,2.779999999998836,0.0,1178017792.0,26382336.0,0.0,0.0,33,raw/samples/n2_fullprove_snarkjs_r18.csv,logs/n2_fullprove_snarkjs_r18.log
2,prove,fullprove_snarkjs,prove,19,snarkjs,snarkjs groth16 fullprove input.json circuit_js/circuit.wasm circuit_final.zkey proof.json public.json,True,0,process,3.046272665000288,1.0307339999999954,0.5455400000000026,1.576273999999998,51.74435033706508,3.2340218960665674,227127296.0,108304384.0,0.0,0.0,4596939.0,11659.0,0.0,0.0,2.2300000000104774,0.0,1175011328.0,41197568.0,0.0,0.0,32,raw/samples/n2_fullprove_snarkjs_r19.csv,logs/n2_fullprove_snarkjs_r19.log
2,prove,fullprove_snarkjs,prove,20,snarkjs,snarkjs groth16 fullprove input.json circuit_js/circuit.wasm circuit_final.zkey proof.json public.json,True,0,process,3.0380371730007028,1.0351210000000037,0.5000189999999947,1.5351399999999984,50.53065227913994,3.1581657674462464,227430400.0,107683976.53333333,0.0,0.0,4569424.0,11834.0,0.0,0.0,2.1600000000034925,0.0,1172762624.0,36499456.0,0.0,0.0,32,raw/samples/n2_fullprove_snarkjs_r20.csv,logs/n2_fullprove_snarkjs_r20.log
2,prove,fullprove_snarkjs,prove,21,snarkjs,snarkjs groth16 fullprove input.json circuit_js/circuit.wasm circuit_final.zkey proof.json public.json,True,0,process,3.0771458689996507,1.1464070000000106,0.4508560000000017,1.5972630000000123,51.90728902686913,3.2442055641793206,229224448.0,107863517.86666666,0.0,0.0,4601932.0,10580.0,0.0,0.0,2.4899999999906868,0.0,1178517504.0,32096256.0,0.0,0.0,32,raw/samples/n2_fullprove_snarkjs_r21.csv,logs/n2_fullprove_snarkjs_r21.log
2,prove,fullprove_snarkjs,prove,22,snarkjs,snarkjs groth16 fullprove input.json circuit_js/circuit.wasm circuit_final.zkey proof.json public.json,True,0,process,3.1062376969985053,1.087001999999984,0.547497000000007,1.634498999999991,52.61989452962258,3.288743408101411,227434496.0,106819993.6,0.0,0.0,4619037.0,10396.0,0.0,0.0,2.7600000000093132,0.0,1186598912.0,42995712.0,0.0,0.0,32,raw/samples/n2_fullprove_snarkjs_r22.csv,logs/n2_fullprove_snarkjs_r22.log
2,prove,fullprove_snarkjs,prove,23,snarkjs,snarkjs groth16 fullprove input.json circuit_js/circuit.wasm circuit_final.zkey proof.json public.json,True,0,process,3.1062895510003727,0.9480389999999943,0.5732699999999937,1.521308999999988,48.975118868427906,3.060944929276744,227991552.0,107720567.46666667,0.0,0.0,4577588.0,10452.0,0.0,0.0,2.610000000015134,0.0,1176764416.0,23949312.0,0.0,0.0,32,raw/samples/n2_fullprove_snarkjs_r23.csv,logs/n2_fullprove_snarkjs_r23.log
2,prove,fullprove_snarkjs,prove,24,snarkjs,snarkjs groth16 fullprove input.json circuit_js/circuit.wasm circuit_final.zkey proof.json public.json,True,0,process,3.028537944999698,1.0435270000000116,0.4515219999999971,1.4950490000000087,49.365371250125044,3.0853357031328152,228864000.0,107814629.51724137,0.0,0.0,4592466.0,10436.0,0.0,0.0,2.110000000015134,0.0,1180721152.0,30625792.0,0.0,0.0,32,raw/samples/n2_fullprove_snarkjs_r24.csv,logs/n2_fullprove_snarkjs_r24.log
2,prove,fullprove_snarkjs,prove,25,snarkjs,snarkjs groth16 fullprove input.json circuit_js/circuit.wasm circuit_final.zkey proof.json public.json,True,0,process,3.0393163289991207,0.9963840000000062,0.5358460000000065,1.5322300000000126,50.413640244699124,3.1508525152936953,227995648.0,105981678.93333334,0.0,0.0,4601090.0,11794.0,0.0,0.0,2.2999999999883585,0.0,1179271168.0,25972736.0,0.0,0.0,32,raw/samples/n2_fullprove_snarkjs_r25.csv,logs/n2_fullprove_snarkjs_r25.log
2,prove,fullprove_snarkjs,prove,26,snarkjs,snarkjs groth16 fullprove input.json circuit_js/circuit.wasm circuit_final.zkey proof.json public.json,True,0,process,3.0340057339999476,1.0345319999999845,0.499771999999993,1.5343039999999775,50.570240616427384,3.1606400385267115,227782656.0,107166755.31034483,0.0,0.0,4566530.0,10428.0,0.0,0.0,2.2300000000104774,0.0,1178439680.0,27389952.0,0.0,0.0,32,raw/samples/n2_fullprove_snarkjs_r26.csv,logs/n2_fullprove_snarkjs_r26.log
2,prove,fullprove_snarkjs,prove,27,snarkjs,snarkjs groth16 fullprove input.json circuit_js/circuit.wasm circuit_final.zkey proof.json public.json,True,0,process,3.0846546740012855,1.0420840000000169,0.5075290000000052,1.5496130000000221,50.23619055516282,3.1397619096976763,227172352.0,107387562.66666667,0.0,0.0,4611296.0,10476.0,0.0,0.0,2.2999999999883585,0.0,1175371776.0,31170560.0,0.0,0.0,32,raw/samples/n2_fullprove_snarkjs_r27.csv,logs/n2_fullprove_snarkjs_r27.log
2,prove,fullprove_snarkjs,prove,28,snarkjs,snarkjs groth16 fullprove input.json circuit_js/circuit.wasm circuit_final.zkey proof.json public.json,True,0,process,3.0949992449986894,1.0482069999999908,0.5328599999999994,1.5810669999999902,51.08456819674151,3.192785512296344,227549184.0,107275332.26666667,0.0,0.0,4552058.0,10428.0,0.0,0.0,2.709999999991851,0.0,1173524480.0,35254272.0,0.0,0.0,32,raw/samples/n2_fullprove_snarkjs_r28.csv,logs/n2_fullprove_snarkjs_r28.log
2,prove,fullprove_snarkjs,prove,29,snarkjs,snarkjs groth16 fullprove input.json circuit_js/circuit.wasm circuit_final.zkey proof.json public.json,True,0,process,3.0369676999998774,1.027906999999999,0.5089300000000065,1.5368370000000056,50.60432483361834,3.1627703021011464,229093376.0,107738453.33333333,0.0,0.0,4551123.0,11910.0,0.0,0.0,2.320000000006985,0.0,1173647360.0,35434496.0,0.0,0.0,32,raw/samples/n2_fullprove_snarkjs_r29.csv,logs/n2_fullprove_snarkjs_r29.log
2,prove,fullprove_snarkjs,prove,30,snarkjs,snarkjs groth16 fullprove input.json circuit_js/circuit.wasm circuit_final.zkey proof.json public.json,True,0,process,3.0444701989999885,1.042993999999993,0.5461619999999954,1.5891559999999885,52.19811317325345,3.2623820733283404,228872192.0,107735995.73333333,0.0,0.0,4592365.0,11761.0,0.0,0.0,2.6300000000046566,0.0,1175748608.0,36507648.0,0.0,0.0,32,raw/samples/n2_fullprove_snarkjs_r30.csv,logs/n2_fullprove_snarkjs_r30.log
2,prove,fullprove_snarkjs,prove,31,snarkjs,snarkjs groth16 fullprove input.json circuit_js/circuit.wasm circuit_final.zkey proof.json public.json,True,0,process,3.069610773000022,1.0678500000000213,0.5418980000000033,1.6097480000000246,52.44143701081586,3.2775898131759913,227508224.0,107360256.0,0.0,0.0,4566631.0,10444.0,0.0,0.0,2.5,0.0,1173086208.0,41078784.0,0.0,0.0,32,raw/samples/n2_fullprove_snarkjs_r31.csv,logs/n2_fullprove_snarkjs_r31.log
2,prove,fullprove_snarkjs,prove,32,snarkjs,snarkjs groth16 fullprove input.json circuit_js/circuit.wasm circuit_final.zkey proof.json public.json,True,0,process,3.068213274998925,0.9827499999999816,0.5573329999999999,1.5400829999999814,50.19478315113284,3.1371739469458024,225222656.0,107397120.0,0.0,0.0,4542243.0,10500.0,0.0,0.0,2.3099999999976717,0.0,1172193280.0,24330240.0,0.0,0.0,32,raw/samples/n2_fullprove_snarkjs_r32.csv,logs/n2_fullprove_snarkjs_r32.log
2,prove,fullprove_snarkjs,prove,33,snarkjs,snarkjs groth16 fullprove input.json circuit_js/circuit.wasm circuit_final.zkey proof.json public.json,True,0,process,3.1135398229998827,1.0637889999999857,0.4907649999999961,1.5545539999999818,49.92882983273281,3.1205518645458006,227540992.0,106946013.86666666,0.0,0.0,4619972.0,10428.0,0.0,0.0,2.779999999998836,0.0,1172652032.0,17907712.0,0.0,0.0,32,raw/samples/n2_fullprove_snarkjs_r33.csv,logs/n2_fullprove_snarkjs_r33.log
2,prove,fullprove_snarkjs,prove,34,snarkjs,snarkjs groth16 fullprove input.json circuit_js/circuit.wasm circuit_final.zkey proof.json public.json,True,0,process,3.054639578000206,1.0613340000000449,0.521694999999994,1.5830290000000389,51.82375725768627,3.2389848286053917,229052416.0,108277350.4,0.0,0.0,4543350.0,11497.0,0.0,0.0,2.2999999999883585,0.0,1169670144.0,34557952.0,0.0,0.0,32,raw/samples/n2_fullprove_snarkjs_r34.csv,logs/n2_fullprove_snarkjs_r34.log
2,prove,fullprove_snarkjs,prove,35,snarkjs,snarkjs groth16 fullprove input.json circuit_js/circuit.wasm circuit_final.zkey proof.json public.json,True,0,process,3.0470483299995976,0.9936199999999644,0.5379470000000026,1.531566999999967,50.26395495342108,3.1414971845888173,226091008.0,109039206.4,0.0,0.0,4611722.0,11726.0,0.0,0.0,2.819999999977881,0.0,1179451392.0,49348608.0,0.0,0.0,32,raw/samples/n2_fullprove_snarkjs_r35.csv,logs/n2_fullprove_snarkjs_r35.log
2,prove,fullprove_snarkjs,prove,36,snarkjs,snarkjs groth16 fullprove input.json circuit_js/circuit.wasm circuit_final.zkey proof.json public.json,True,0,process,3.0374849820000236,0.9623520000000099,0.5571210000000093,1.5194730000000192,50.02404979791953,3.1265031123699707,228323328.0,107199240.8275862,0.0,0.0,4607349.0,10436.0,0.0,0.0,2.4899999999906868,0.0,1177276416.0,26828800.0,0.0,0.0,32,raw/samples/n2_fullprove_snarkjs_r36.csv,logs/n2_fullprove_snarkjs_r36.log
2,prove,fullprove_snarkjs,prove,37,snarkjs,snarkjs groth16 fullprove input.json circuit_js/circuit.wasm circuit_final.zkey proof.json public.json,True,0,process,3.0559493669989024,1.0137209999999754,0.5802809999999994,1.5940019999999748,52.16061552634185,3.2600384703963656,229134336.0,107987899.73333333,0.0,0.0,4557916.0,11508.0,0.0,0.0,2.7299999999813735,0.0,1189593088.0,45297664.0,0.0,0.0,32,raw/samples/n2_fullprove_snarkjs_r37.csv,logs/n2_fullprove_snarkjs_r37.log
2,prove,fullprove_snarkjs,prove,38,snarkjs,snarkjs groth16 fullprove input.json circuit_js/circuit.wasm circuit_final.zkey proof.json public.json,True,0,process,3.081612990999929,1.0464660000000094,0.5239319999999879,1.5703979999999973,50.9602602463858,3.1850162653991125,227905536.0,107710190.93333334,0.0,0.0,4564097.0,10412.0,0.0,0.0,2.6300000000046566,0.0,1179189248.0,14884864.0,0.0,0.0,32,raw/samples/n2_fullprove_snarkjs_r38.csv,logs/n2_fullprove_snarkjs_r38.log
2,prove,fullprove_snarkjs,prove,39,snarkjs,snarkjs groth16 fullprove input.json circuit_js/circuit.wasm circuit_final.zkey proof.json public.json,True,0,process,3.0137622130005184,1.0016410000000064,0.5141450000000134,1.5157860000000198,50.29547432313497,3.1434671451959355,229396480.0,108315612.68965517,0.0,0.0,4589184.0,10492.0,0.0,0.0,2.3999999999941792,0.0,1180033024.0,21393408.0,0.0,0.0,31,raw/samples/n2_fullprove_snarkjs_r39.csv,logs/n2_fullprove_snarkjs_r39.log
2,prove,fullprove_snarkjs,prove,40,snarkjs,snarkjs groth16 fullprove input.json circuit_js/circuit.wasm circuit_final.zkey proof.json public.json,True,0,process,3.0755694230010704,1.098637999999994,0.5293619999999919,1.627999999999986,52.933287339403336,3.3083304587127085,227262464.0,110251212.8,0.0,0.0,4562487.0,10420.0,0.0,0.0,2.5599999999976717,0.0,1175404544.0,22319104.0,0.0,0.0,32,raw/samples/n2_fullprove_snarkjs_r40.csv,logs/n2_fullprove_snarkjs_r40.log
2,prove,fullprove_snarkjs,prove,41,snarkjs,snarkjs groth16 fullprove input.json circuit_js/circuit.wasm circuit_final.zkey proof.json public.json,True,0,process,3.033687643999656,1.0745060000000421,0.48552999999999713,1.5600360000000393,51.423751653722206,3.213984478357638,229355520.0,107726777.37931034,0.0,0.0,4563581.0,10604.0,0.0,0.0,2.179999999993015,0.0,1170706432.0,21172224.0,0.0,0.0,32,raw/samples/n2_fullprove_snarkjs_r41.csv,logs/n2_fullprove_snarkjs_r41.log
2,prove,fullprove_snarkjs,prove,42,snarkjs,snarkjs groth16 fullprove input.json circuit_js/circuit.wasm circuit_final.zkey proof.json public.json,True,0,process,3.055709428999762,1.0000699999999938,0.6325210000000112,1.632591000000005,53.427560372924845,3.339222523307803,229560320.0,109045760.0,0.0,0.0,4605222.0,11563.0,0.0,0.0,2.419999999983702,0.0,1169031168.0,21200896.0,0.0,0.0,32,raw/samples/n2_fullprove_snarkjs_r42.csv,logs/n2_fullprove_snarkjs_r42.log
2,prove,fullprove_snarkjs,prove,43,snarkjs,snarkjs groth16 fullprove input.json circuit_js/circuit.wasm circuit_final.zkey proof.json public.json,True,0,process,3.0244695269993827,0.9712700000000041,0.6051209999999969,1.576391000000001,52.12123930916109,3.257577456822568,227123200.0,107193026.20689656,0.0,0.0,4577731.0,10420.0,0.0,0.0,2.89000000001397,0.0,1172561920.0,37146624.0,0.0,0.0,31,raw/samples/n2_fullprove_snarkjs_r43.csv,logs/n2_fullprove_snarkjs_r43.log
2,prove,fullprove_snarkjs,prove,44,snarkjs,snarkjs groth16 fullprove input.json circuit_js/circuit.wasm circuit_final.zkey proof.json public.json,True,0,process,3.0778858409994427,1.0617829999999913,0.5737749999999977,1.635557999999989,53.13900789344724,3.3211879933404527,227844096.0,107604650.66666667,0.0,0.0,4599421.0,10428.0,0.0,0.0,2.3399999999965075,0.0,1170112512.0,5357568.0,0.0,0.0,32,raw/samples/n2_fullprove_snarkjs_r44.csv,logs/n2_fullprove_snarkjs_r44.log
2,prove,fullprove_snarkjs,prove,45,snarkjs,snarkjs groth16 fullprove input.json circuit_js/circuit.wasm circuit_final.zkey proof.json public.json,True,0,process,3.0576099930003693,1.1204500000000053,0.5576989999999995,1.6781490000000048,54.884337892723586,3.430271118295224,227590144.0,108048520.53333333,0.0,0.0,4595096.0,11568.0,0.0,0.0,2.8399999999965075,0.0,1168437248.0,19746816.0,0.0,0.0,32,raw/samples/n2_fullprove_snarkjs_r45.csv,logs/n2_fullprove_snarkjs_r45.log
2,prove,fullprove_snarkjs,prove,46,snarkjs,snarkjs groth16 fullprove input.json circuit_js/circuit.wasm circuit_final.zkey proof.json public.json,True,0,process,3.0306676370000787,1.0653879999999845,0.47976400000000297,1.5451519999999874,50.98388160865649,3.1864926005410306,228945920.0,106424108.13793103,0.0,0.0,4572236.0,10508.0,0.0,0.0,2.179999999993015,0.0,1172275200.0,30224384.0,0.0,0.0,32,raw/samples/n2_fullprove_snarkjs_r46.csv,logs/n2_fullprove_snarkjs_r46.log
2,prove,fullprove_snarkjs,prove,47,snarkjs,snarkjs groth16 fullprove input.json circuit_js/circuit.wasm circuit_final.zkey proof.json public.json,True,0,process,3.0816246929989575,1.1140149999999949,0.49313699999999017,1.607151999999985,52.152749283558805,3.2595468302224253,229683200.0,109043848.53333333,0.0,0.0,4625241.0,10556.0,0.0,0.0,2.3699999999953434,0.0,1169477632.0,34045952.0,0.0,0.0,32,raw/samples/n2_fullprove_snarkjs_r47.csv,logs/n2_fullprove_snarkjs_r47.log
2,prove,fullprove_snarkjs,prove,48,snarkjs,snarkjs groth16 fullprove input.json circuit_js/circuit.wasm circuit_final.zkey proof.json public.json,True,0,process,3.0987128260003374,0.9264059999999859,0.6268500000000046,1.5532559999999904,50.125845382221335,3.1328653363888335,227700736.0,107606971.73333333,0.0,0.0,4583770.0,10460.0,0.0,0.0,2.6300000000046566,0.0,1177370624.0,45375488.0,0.0,0.0,32,raw/samples/n2_fullprove_snarkjs_r48.csv,logs/n2_fullprove_snarkjs_r48.log
2,prove,fullprove_snarkjs,prove,49,snarkjs,snarkjs groth16 fullprove input.json circuit_js/circuit.wasm circuit_final.zkey proof.json public.json,True,0,process,3.12831640100012,1.0820040000000404,0.539676,1.6216800000000404,51.8387462176649,3.239921638604056,227799040.0,106716364.8,0.0,0.0,4575304.0,10468.0,0.0,0.0,2.4100000000034925,0.0,1177710592.0,28508160.0,0.0,0.0,33,raw/samples/n2_fullprove_snarkjs_r49.csv,logs/n2_fullprove_snarkjs_r49.log
2,prove,fullprove_snarkjs,prove,50,snarkjs,snarkjs groth16 fullprove input.json circuit_js/circuit.wasm circuit_final.zkey proof.json public.json,True,0,process,3.135250716999508,1.1144159999999488,0.5082840000000033,1.622699999999952,51.75662639040573,3.234789149400358,228782080.0,106557576.53333333,0.0,0.0,4549311.0,10444.0,0.0,0.0,2.9499999999825377,0.0,1179885568.0,31301632.0,0.0,0.0,33,raw/samples/n2_fullprove_snarkjs_r50.csv,logs/n2_fullprove_snarkjs_r50.log
2,verify,verify_snarkjs,verify,1,snarkjs,snarkjs groth16 verify verification_key.json public.json proof.json,True,0,process,2.3397223700012546,0.8682790000000296,0.3653359999999992,1.2336150000000288,52.72484529860555,3.295302831162847,142987264.0,70148808.3478261,0.0,0.0,4268285.0,5988.0,0.0,0.0,1.849999999976717,0.0,1120591872.0,37285888.0,0.0,0.0,25,raw/samples/n2_verify_snarkjs_r1.csv,logs/n2_verify_snarkjs_r1.log
2,verify,verify_snarkjs,verify,2,snarkjs,snarkjs groth16 verify verification_key.json public.json proof.json,True,0,process,2.3563253640004405,0.9639629999999784,0.39467000000000496,1.3586329999999833,57.65897276993065,3.6036857981206656,215166976.0,71825853.2173913,0.0,0.0,4247546.0,5588.0,0.0,0.0,2.3500000000058208,0.0,1174253568.0,42848256.0,0.0,0.0,25,raw/samples/n2_verify_snarkjs_r2.csv,logs/n2_verify_snarkjs_r2.log
2,verify,verify_snarkjs,verify,3,snarkjs,snarkjs groth16 verify verification_key.json public.json proof.json,True,0,process,2.3266406759994425,0.9880740000000401,0.3291989999999885,1.3172730000000286,56.61695050672897,3.5385594066705606,147869696.0,67114635.63636364,0.0,0.0,4064793.0,388.0,0.0,0.0,2.3099999999976717,0.0,1100689408.0,14897152.0,0.0,0.0,25,raw/samples/n2_verify_snarkjs_r3.csv,logs/n2_verify_snarkjs_r3.log
2,verify,verify_snarkjs,verify,4,snarkjs,snarkjs groth16 verify verification_key.json public.json proof.json,True,0,process,2.304190638000364,0.9388229999999567,0.38314100000000906,1.3219639999999657,57.37216262397457,3.5857601639984105,192602112.0,69425524.36363636,0.0,0.0,4059969.0,660.0,0.0,0.0,1.8900000000139698,0.0,1137369088.0,35500032.0,0.0,0.0,24,raw/samples/n2_verify_snarkjs_r4.csv,logs/n2_verify_snarkjs_r4.log
2,verify,verify_snarkjs,verify,5,snarkjs,snarkjs groth16 verify verification_key.json public.json proof.json,True,0,process,2.2833725630007393,0.9080210000000193,0.39952399999999955,1.3075450000000188,57.26376068396314,3.5789850427476964,209776640.0,70840320.0,0.0,0.0,4224861.0,1340.0,0.0,0.0,1.8000000000174623,0.0,1153875968.0,36978688.0,0.0,0.0,24,raw/samples/n2_verify_snarkjs_r5.csv,logs/n2_verify_snarkjs_r5.log
2,verify,verify_snarkjs,verify,6,snarkjs,snarkjs groth16 verify verification_key.json public.json proof.json,True,0,process,2.3590873499997542,0.9659530000000132,0.3761089999999996,1.3420620000000127,56.8890338036933,3.5555646127308314,195375104.0,71753015.6521739,0.0,0.0,4227248.0,5764.0,0.0,0.0,2.3699999999953434,0.0,1146073088.0,17481728.0,0.0,0.0,25,raw/samples/n2_verify_snarkjs_r6.csv,logs/n2_verify_snarkjs_r6.log
2,verify,verify_snarkjs,verify,7,snarkjs,snarkjs groth16 verify verification_key.json public.json proof.json,True,0,process,2.321980426000664,0.9783329999999637,0.424209999999988,1.4025429999999517,60.40287783199214,3.775179864499509,171094016.0,68404875.63636364,0.0,0.0,4115368.0,372.0,0.0,0.0,1.9100000000034925,0.0,1112535040.0,24879104.0,0.0,0.0,25,raw/samples/n2_verify_snarkjs_r7.csv,logs/n2_verify_snarkjs_r7.log
2,verify,verify_snarkjs,verify,8,snarkjs,snarkjs groth16 verify verification_key.json public.json proof.json,True,0,process,2.277348534000339,0.9424740000000043,0.40697000000000116,1.3494440000000054,59.25504945128458,3.703440590705286,211271680.0,70821329.45454545,0.0,0.0,4215597.0,1340.0,0.0,0.0,2.0100000000093132,0.0,1152675840.0,35717120.0,0.0,0.0,24,raw/samples/n2_verify_snarkjs_r8.csv,logs/n2_verify_snarkjs_r8.log
2,verify,verify_snarkjs,verify,9,snarkjs,snarkjs groth16 verify verification_key.json public.json proof.json,True,0,process,2.3672536079993733,0.8584999999999923,0.46507400000001553,1.3235740000000078,55.91179565752543,3.4944872285953394,215777280.0,71732535.6521739,0.0,0.0,4235010.0,3852.0,0.0,0.0,2.3500000000058208,0.0,1164390400.0,37904384.0,0.0,0.0,25,raw/samples/n2_verify_snarkjs_r9.csv,logs/n2_verify_snarkjs_r9.log
2,verify,verify_snarkjs,verify,10,snarkjs,snarkjs groth16 verify verification_key.json public.json proof.json,True,0,process,2.331972390998999,1.029608000000053,0.3222729999999956,1.3518810000000485,57.97156969859807,3.623223106162379,141443072.0,69007270.95652173,0.0,0.0,4234490.0,6140.0,0.0,0.0,1.8599999999860302,0.0,1095892992.0,39411712.0,0.0,0.0,25,raw/samples/n2_verify_snarkjs_r10.csv,logs/n2_verify_snarkjs_r10.log
2,verify,verify_snarkjs,verify,11,snarkjs,snarkjs groth16 verify verification_key.json public.json proof.json,True,0,process,2.323682740001459,0.911609999999996,0.3944050000000061,1.3060150000000021,56.2045316048258,3.5127832253016127,149098496.0,67379572.36363636,0.0,0.0,4048375.0,452.0,0.0,0.0,1.8400000000256114,0.0,1098096640.0,39018496.0,0.0,0.0,25,raw/samples/n2_verify_snarkjs_r11.csv,logs/n2_verify_snarkjs_r11.log
2,verify,verify_snarkjs,verify,12,snarkjs,snarkjs groth16 verify verification_key.json public.json proof.json,True,0,process,2.3531059969991475,0.9688219999999887,0.5017249999999933,1.470546999999982,62.49386988411618,3.905866867757261,200359936.0,71140040.3478261,0.0,0.0,4180683.0,5724.0,0.0,0.0,2.470000000001164,0.0,1159294976.0,35606528.0,0.0,0.0,25,raw/samples/n2_verify_snarkjs_r12.csv,logs/n2_verify_snarkjs_r12.log
2,verify,verify_snarkjs,verify,13,snarkjs,snarkjs groth16 verify verification_key.json public.json proof.json,True,0,process,2.3035692240009666,0.9016659999999774,0.43735000000000923,1.3390159999999867,58.127881986299045,3.6329926241436903,198070272.0,69559575.27272727,0.0,0.0,4118404.0,724.0,0.0,0.0,1.7999999999883585,0.0,1146920960.0,38395904.0,0.0,0.0,24,raw/samples/n2_verify_snarkjs_r13.csv,logs/n2_verify_snarkjs_r13.log
2,verify,verify_snarkjs,verify,14,snarkjs,snarkjs groth16 verify verification_key.json public.json proof.json,True,0,process,2.3201379000001907,0.9231100000000083,0.4327809999999772,1.3558909999999855,58.44010392657584,3.65250649541099,178835456.0,68998981.81818181,0.0,0.0,4063132.0,428.0,0.0,0.0,1.819999999977881,0.0,1123426304.0,35090432.0,0.0,0.0,25,raw/samples/n2_verify_snarkjs_r14.csv,logs/n2_verify_snarkjs_r14.log
2,verify,verify_snarkjs,verify,15,snarkjs,snarkjs groth16 verify verification_key.json public.json proof.json,True,0,process,2.351379679999809,0.9060259999999971,0.38551200000000563,1.2915380000000027,54.926816412741466,3.4329260257963417,190402560.0,70723673.04347827,0.0,0.0,4207072.0,5764.0,0.0,0.0,2.3400000000256114,0.0,1149853696.0,15396864.0,0.0,0.0,25,raw/samples/n2_verify_snarkjs_r15.csv,logs/n2_verify_snarkjs_r15.log
2,verify,verify_snarkjs,verify,16,snarkjs,snarkjs groth16 verify verification_key.json public.json proof.json,True,0,process,2.305036656000084,0.8737909999999829,0.473101000000014,1.3468919999999969,58.43256316527523,3.652035197829702,204353536.0,70085538.9090909,0.0,0.0,4122556.0,796.0,0.0,0.0,1.9800000000104774,0.0,1152737280.0,32706560.0,0.0,0.0,24,raw/samples/n2_verify_snarkjs_r16.csv,logs/n2_verify_snarkjs_r16.log
2,verify,verify_snarkjs,verify,17,snarkjs,snarkjs groth16 verify verification_key.json public.json proof.json,True,0,process,2.304686211000444,0.8192450000000235,0.4872359999999958,1.3064810000000193,56.68802085785411,3.543001303615882,201646080.0,69944599.27272727,0.0,0.0,4157044.0,828.0,0.0,0.0,1.8399999999965075,0.0,1148952576.0,32952320.0,0.0,0.0,24,raw/samples/n2_verify_snarkjs_r17.csv,logs/n2_verify_snarkjs_r17.log
2,verify,verify_snarkjs,verify,18,snarkjs,snarkjs groth16 verify verification_key.json public.json proof.json,True,0,process,2.346536688000924,0.8736260000000016,0.4358100000000036,1.3094360000000052,55.80292039309847,3.4876825245686542,177004544.0,70069381.56521739,0.0,0.0,4220420.0,5860.0,0.0,0.0,2.4499999999825377,0.0,1139146752.0,26910720.0,0.0,0.0,25,raw/samples/n2_verify_snarkjs_r18.csv,logs/n2_verify_snarkjs_r18.log
2,verify,verify_snarkjs,verify,19,snarkjs,snarkjs groth16 verify verification_key.json public.json proof.json,True,0,process,2.311411078999299,0.9293650000000184,0.41527999999999565,1.344645000000014,58.17420415680294,3.635887759800184,181415936.0,69175854.54545455,0.0,0.0,4123836.0,516.0,0.0,0.0,1.9200000000128057,0.0,1122484224.0,40284160.0,0.0,0.0,24,raw/samples/n2_verify_snarkjs_r19.csv,logs/n2_verify_snarkjs_r19.log
2,verify,verify_snarkjs,verify,20,snarkjs,snarkjs groth16 verify verification_key.json public.json proof.json,True,0,process,2.302810483999565,0.9042779999999766,0.4552750000000003,1.359552999999977,59.03885749376473,3.6899285933602957,201437184.0,69502045.0909091,0.0,0.0,4115102.0,740.0,0.0,0.0,2.419999999983702,0.0,1157779456.0,51134464.0,0.0,0.0,24,raw/samples/n2_verify_snarkjs_r20.csv,logs/n2_verify_snarkjs_r20.log
2,verify,verify_snarkjs,verify,21,snarkjs,snarkjs groth16 verify verification_key.json public.json proof.json,True,0,process,2.359542259000591,0.9047550000000228,0.3860400000000084,1.2907950000000312,54.705313925878194,3.419082120367387,215707648.0,73871181.91304348,0.0,0.0,4302105.0,5588.0,0.0,0.0,2.2700000000186265,0.0,1162924032.0,9539584.0,0.0,0.0,25,raw/samples/n2_verify_snarkjs_r21.csv,logs/n2_verify_snarkjs_r21.log
2,verify,verify_snarkjs,verify,22,snarkjs,snarkjs groth16 verify verification_key.json public.json proof.json,True,0,process,2.293734184000641,0.9651389999999651,0.3725419999999815,1.3376809999999466,58.31891983520148,3.6449324897000923,206901248.0,70747973.81818181,0.0,0.0,4167352.0,988.0,0.0,0.0,2.0,0.0,1152192512.0,38576128.0,0.0,0.0,24,raw/samples/n2_verify_snarkjs_r22.csv,logs/n2_verify_snarkjs_r22.log
2,verify,verify_snarkjs,verify,23,snarkjs,snarkjs groth16 verify verification_key.json public.json proof.json,True,0,process,2.2979255549998925,0.9326080000000161,0.41153900000000476,1.3441470000000209,58.49393149727532,3.6558707185797075,202567680.0,70554344.72727273,0.0,0.0,4129194.0,780.0,0.0,0.0,2.0199999999895226,0.0,1148633088.0,24174592.0,0.0,0.0,24,raw/samples/n2_verify_snarkjs_r23.csv,logs/n2_verify_snarkjs_r23.log
2,verify,verify_snarkjs,verify,24,snarkjs,snarkjs groth16 verify verification_key.json public.json proof.json,True,0,process,2.365243445001397,0.9778329999999755,0.43103099999999017,1.4088639999999657,59.56528504401515,3.7228303152509468,214765568.0,71666465.39130434,0.0,0.0,4156696.0,5068.0,0.0,0.0,2.5599999999976717,0.0,1160155136.0,31490048.0,0.0,0.0,25,raw/samples/n2_verify_snarkjs_r24.csv,logs/n2_verify_snarkjs_r24.log
2,verify,verify_snarkjs,verify,25,snarkjs,snarkjs groth16 verify verification_key.json public.json proof.json,True,0,process,2.294760311000573,0.8982560000000035,0.4155160000000251,1.3137720000000286,57.25094658915341,3.578184161822088,206479360.0,70339863.27272727,0.0,0.0,4139052.0,908.0,0.0,0.0,1.9199999999837019,0.0,1150521344.0,36397056.0,0.0,0.0,24,raw/samples/n2_verify_snarkjs_r25.csv,logs/n2_verify_snarkjs_r25.log
2,verify,verify_snarkjs,verify,26,snarkjs,snarkjs groth16 verify verification_key.json public.json proof.json,True,0,process,2.3414038060000166,0.8958630000000198,0.4093779999999754,1.3052409999999952,55.74608688408299,3.484130430255187,148787200.0,70523325.2173913,0.0,0.0,4240678.0,5956.0,0.0,0.0,1.9400000000023283,0.0,1111855104.0,36958208.0,0.0,0.0,25,raw/samples/n2_verify_snarkjs_r26.csv,logs/n2_verify_snarkjs_r26.log
2,verify,verify_snarkjs,verify,27,snarkjs,snarkjs groth16 verify verification_key.json public.json proof.json,True,0,process,2.3699262560003262,0.9302900000000136,0.40121500000000765,1.3315050000000213,56.18339375028376,3.511462109392735,214065152.0,71528626.08695652,0.0,0.0,4220262.0,2476.0,0.0,0.0,2.459999999991851,0.0,1163071488.0,37060608.0,0.0,0.0,25,raw/samples/n2_verify_snarkjs_r27.csv,logs/n2_verify_snarkjs_r27.log
2,verify,verify_snarkjs,verify,28,snarkjs,snarkjs groth16 verify verification_key.json public.json proof.json,True,0,process,2.289264627001103,0.8213849999999638,0.4062470000000076,1.2276319999999714,53.625604725660224,3.351600295353764,208728064.0,70771805.0909091,0.0,0.0,4215675.0,1228.0,0.0,0.0,1.75,0.0,1157595136.0,36560896.0,0.0,0.0,24,raw/samples/n2_verify_snarkjs_r28.csv,logs/n2_verify_snarkjs_r28.log
2,verify,verify_snarkjs,verify,29,snarkjs,snarkjs groth16 verify verification_key.json public.json proof.json,True,0,process,2.288366409000446,0.891475000000014,0.4338079999999991,1.325283000000013,57.9139334849306,3.6196208428081627,208031744.0,70240814.54545455,0.0,0.0,4134397.0,1148.0,0.0,0.0,1.9100000000034925,0.0,1155510272.0,41197568.0,0.0,0.0,24,raw/samples/n2_verify_snarkjs_r29.csv,logs/n2_verify_snarkjs_r29.log
2,verify,verify_snarkjs,verify,30,snarkjs,snarkjs groth16 verify verification_key.json public.json proof.json,True,0,process,2.343064394999601,0.9005410000000325,0.4144709999999918,1.3150120000000243,56.12359621043399,3.5077247631521242,157216768.0,69760934.95652173,0.0,0.0,4290558.0,5924.0,0.0,0.0,2.4400000000023283,0.0,1132167168.0,26943488.0,0.0,0.0,25,raw/samples/n2_verify_snarkjs_r30.csv,logs/n2_verify_snarkjs_r30.log
2,verify,verify_snarkjs,verify,31,snarkjs,snarkjs groth16 verify verification_key.json public.json proof.json,True,0,process,2.2796117790003336,0.8612359999999626,0.44823900000000094,1.3094749999999635,57.44289497285371,3.5901809358033567,212492288.0,70910696.72727273,0.0,0.0,4255084.0,1396.0,0.0,0.0,1.819999999977881,0.0,1162764288.0,32223232.0,0.0,0.0,24,raw/samples/n2_verify_snarkjs_r31.csv,logs/n2_verify_snarkjs_r31.log
2,verify,verify_snarkjs,verify,32,snarkjs,snarkjs groth16 verify verification_key.json public.json proof.json,True,0,process,2.3246896180007752,0.8819650000000365,0.41594700000001694,1.2979120000000535,55.83162543291492,3.4894765895571824,168861696.0,68300241.45454545,0.0,0.0,4084076.0,476.0,0.0,0.0,1.900000000023283,0.0,1118150656.0,18771968.0,0.0,0.0,25,raw/samples/n2_verify_snarkjs_r32.csv,logs/n2_verify_snarkjs_r32.log
2,verify,verify_snarkjs,verify,33,snarkjs,snarkjs groth16 verify verification_key.json public.json proof.json,True,0,process,2.32891228599874,0.9302319999999895,0.40158699999997793,1.3318189999999674,57.18631002149679,3.574144376343549,158334976.0,67675973.81818181,0.0,0.0,4045611.0,412.0,0.0,0.0,2.389999999984866,0.0,1107423232.0,21794816.0,0.0,0.0,25,raw/samples/n2_verify_snarkjs_r33.csv,logs/n2_verify_snarkjs_r33.log
2,verify,verify_snarkjs,verify,34,snarkjs,snarkjs groth16 verify verification_key.json public.json proof.json,True,0,process,2.332347043999107,0.9432019999999852,0.3705930000000137,1.313794999999999,56.32931014191308,3.5205818838695677,154222592.0,69355252.86956522,0.0,0.0,4233652.0,6156.0,0.0,0.0,1.8500000000058208,0.0,1103622144.0,33370112.0,0.0,0.0,25,raw/samples/n2_verify_snarkjs_r34.csv,logs/n2_verify_snarkjs_r34.log
2,verify,verify_snarkjs,verify,35,snarkjs,snarkjs groth16 verify verification_key.json public.json proof.json,True,0,process,2.329141685999275,0.9478849999999852,0.3864590000000021,1.3343439999999873,57.28908670609756,3.5805679191310973,160489472.0,68068072.72727273,0.0,0.0,4071578.0,292.0,0.0,0.0,1.9500000000116415,0.0,1103720448.0,40783872.0,0.0,0.0,25,raw/samples/n2_verify_snarkjs_r35.csv,logs/n2_verify_snarkjs_r35.log
2,verify,verify_snarkjs,verify,36,snarkjs,snarkjs groth16 verify verification_key.json public.json proof.json,True,0,process,2.338852220998888,0.8224759999999947,0.4801909999999907,1.3026669999999854,55.696849433421505,3.481053089588844,133574656.0,69414733.91304348,0.0,0.0,4251709.0,6052.0,0.0,0.0,2.4600000000209548,0.0,1110175744.0,27619328.0,0.0,0.0,25,raw/samples/n2_verify_snarkjs_r36.csv,logs/n2_verify_snarkjs_r36.log
2,verify,verify_snarkjs,verify,37,snarkjs,snarkjs groth16 verify verification_key.json public.json proof.json,True,0,process,2.284947739999552,0.9032290000000103,0.4104680000000087,1.313697000000019,57.49352499415485,3.5933453121346783,210120704.0,70746670.54545455,0.0,0.0,4185525.0,1132.0,0.0,0.0,1.8999999999941792,0.0,1155170304.0,34217984.0,0.0,0.0,24,raw/samples/n2_verify_snarkjs_r37.csv,logs/n2_verify_snarkjs_r37.log
2,verify,verify_snarkjs,verify,38,snarkjs,snarkjs groth16 verify verification_key.json public.json proof.json,True,0,process,2.362716960000398,0.8982010000000287,0.3738170000000025,1.2720180000000312,53.837087621355074,3.364817976334692,214597632.0,71962445.91304348,0.0,0.0,4219495.0,5172.0,0.0,0.0,2.320000000006985,0.0,1172520960.0,36614144.0,0.0,0.0,25,raw/samples/n2_verify_snarkjs_r38.csv,logs/n2_verify_snarkjs_r38.log
2,verify,verify_snarkjs,verify,39,snarkjs,snarkjs groth16 verify verification_key.json public.json proof.json,True,0,process,2.354706955000438,1.0668699999999944,0.43064599999999587,1.4975159999999903,63.596703480230374,3.9747939675143984,215244800.0,71878210.7826087,0.0,0.0,4172451.0,5564.0,0.0,0.0,2.540000000008149,0.0,1160998912.0,5967872.0,0.0,0.0,25,raw/samples/n2_verify_snarkjs_r39.csv,logs/n2_verify_snarkjs_r39.log
2,verify,verify_snarkjs,verify,40,snarkjs,snarkjs groth16 verify verification_key.json public.json proof.json,True,0,process,2.2853488399996422,0.9400359999999637,0.37748600000000465,1.3175219999999683,57.650804854814844,3.6031753034259277,210694144.0,70890030.54545455,0.0,0.0,4159752.0,1212.0,0.0,0.0,1.9100000000034925,0.0,1155604480.0,34328576.0,0.0,0.0,24,raw/samples/n2_verify_snarkjs_r40.csv,logs/n2_verify_snarkjs_r40.log
2,verify,verify_snarkjs,verify,41,snarkjs,snarkjs groth16 verify verification_key.json public.json proof.json,True,0,process,2.3269084619987552,0.9384650000000079,0.3470339999999794,1.2854989999999873,55.24493210600026,3.4528082566250164,161792000.0,67914472.72727273,0.0,0.0,4129588.0,468.0,0.0,0.0,1.8999999999941792,0.0,1105625088.0,34275328.0,0.0,0.0,25,raw/samples/n2_verify_snarkjs_r41.csv,logs/n2_verify_snarkjs_r41.log
2,verify,verify_snarkjs,verify,42,snarkjs,snarkjs groth16 verify verification_key.json public.json proof.json,True,0,process,2.3019011880005564,0.9022580000000175,0.38978200000002516,1.2920400000000427,56.12925553604303,3.5080784710026895,202153984.0,69969733.81818181,0.0,0.0,4216841.0,892.0,0.0,0.0,2.279999999998836,0.0,1147207680.0,38641664.0,0.0,0.0,24,raw/samples/n2_verify_snarkjs_r42.csv,logs/n2_verify_snarkjs_r42.log
2,verify,verify_snarkjs,verify,43,snarkjs,snarkjs groth16 verify verification_key.json public.json proof.json,True,0,process,2.2752364770003624,0.887188999999978,0.40174399999997945,1.2889329999999575,56.65050701451778,3.540656688407361,211136512.0,70725445.81818181,0.0,0.0,4240767.0,1380.0,0.0,0.0,1.8300000000162981,0.0,1156231168.0,33640448.0,0.0,0.0,24,raw/samples/n2_verify_snarkjs_r43.csv,logs/n2_verify_snarkjs_r43.log
2,verify,verify_snarkjs,verify,44,snarkjs,snarkjs groth16 verify verification_key.json public.json proof.json,True,0,process,2.3406577659989125,0.9007520000000113,0.443160000000006,1.3439120000000173,57.415997311613886,3.588499831975868,149876736.0,69963063.6521739,0.0,0.0,4215226.0,5940.0,0.0,0.0,1.8099999999976717,0.0,1120616448.0,30949376.0,0.0,0.0,25,raw/samples/n2_verify_snarkjs_r44.csv,logs/n2_verify_snarkjs_r44.log
2,verify,verify_snarkjs,verify,45,snarkjs,snarkjs groth16 verify verification_key.json public.json proof.json,True,0,process,2.3191503300004115,0.9607510000000161,0.40422000000000935,1.3649710000000255,58.85651233310879,3.6785320208192993,179027968.0,68795298.9090909,0.0,0.0,4120874.0,396.0,0.0,0.0,2.2299999999813735,0.0,1128947712.0,39645184.0,0.0,0.0,24,raw/samples/n2_verify_snarkjs_r45.csv,logs/n2_verify_snarkjs_r45.log
2,verify,verify_snarkjs,verify,46,snarkjs,snarkjs groth16 verify verification_key.json public.json proof.json,True,0,process,2.2774668090005434,0.857594000000006,0.40722900000000095,1.264823000000007,55.536396622836804,3.4710247889273003,210702336.0,70992244.36363636,0.0,0.0,4211222.0,1372.0,0.0,0.0,1.8800000000046566,0.0,1161945088.0,25829376.0,0.0,0.0,24,raw/samples/n2_verify_snarkjs_r46.csv,logs/n2_verify_snarkjs_r46.log
2,verify,verify_snarkjs,verify,47,snarkjs,snarkjs groth16 verify verification_key.json public.json proof.json,True,0,process,2.3223398350000934,0.972219999999993,0.344144,1.316363999999993,56.68266031357724,3.5426662695985773,167378944.0,68361122.9090909,0.0,0.0,4129627.0,468.0,0.0,0.0,1.8900000000139698,0.0,1114779648.0,35540992.0,0.0,0.0,25,raw/samples/n2_verify_snarkjs_r47.csv,logs/n2_verify_snarkjs_r47.log
2,verify,verify_snarkjs,verify,48,snarkjs,snarkjs groth16 verify verification_key.json public.json proof.json,True,0,process,2.3215694810005516,0.9209280000000035,0.3732689999999934,1.294196999999997,55.74664082171786,3.4841650513573663,170975232.0,68385512.72727273,0.0,0.0,4126737.0,476.0,0.0,0.0,2.25,0.0,1114312704.0,32165888.0,0.0,0.0,25,raw/samples/n2_verify_snarkjs_r48.csv,logs/n2_verify_snarkjs_r48.log
2,verify,verify_snarkjs,verify,49,snarkjs,snarkjs groth16 verify verification_key.json public.json proof.json,True,0,process,2.2810780789986893,0.8604159999999865,0.43595999999999435,1.2963759999999809,56.831724084124424,3.5519827552577765,210374656.0,71442804.36363636,0.0,0.0,4268745.0,1324.0,0.0,0.0,1.8400000000256114,0.0,1155723264.0,8499200.0,0.0,0.0,24,raw/samples/n2_verify_snarkjs_r49.csv,logs/n2_verify_snarkjs_r49.log
2,verify,verify_snarkjs,verify,50,snarkjs,snarkjs groth16 verify verification_key.json public.json proof.json,True,0,process,2.2975702799994906,0.8931380000000217,0.41459199999999896,1.3077300000000207,56.917954213801494,3.5573721383625934,206295040.0,70515432.72727273,0.0,0.0,4147760.0,988.0,0.0,0.0,1.9600000000209548,0.0,1149329408.0,19644416.0,0.0,0.0,24,raw/samples/n2_verify_snarkjs_r50.csv,logs/n2_verify_snarkjs_r50.log
2,prove,witness_rapidsnark,prove,1,rapidsnark,snarkjs wtns calculate circuit_js/circuit.wasm input.json witness.wtns,True,0,process,2.0517144160003227,0.1397569999999746,0.2205549999999903,0.3603119999999649,17.561508423885257,1.0975942764928286,67297280.0,62572134.4,0.0,0.0,3060985.0,148.0,0.0,0.0,1.3500000000058208,0.0,1031622656.0,17166336.0,0.0,0.0,22,raw/samples/n2_witness_rapidsnark_r1.csv,logs/n2_witness_rapidsnark_r1.log
2,prove,prove_rapidsnark,prove,1,rapidsnark,docker exec debian_rapidsnark mnt/projet/rapidsnark/package/bin/prover mnt/projet/2/circuit_final.zkey mnt/projet/2/witness.wtns mnt/projet/2/proof.json mnt/projet/2/public.json,True,0,system,0.1340114859995083,0.009605000000021846,0.009605000000021846,0.16999999998370185,126.85479809120662,7.928424880700414,24248320.0,24248320.0,0.0,0.0,12966.0,1016.0,0.0,0.0,0.16999999998370185,0.0,1017720832.0,266240.0,0.0,0.0,3,raw/samples/n2_prove_rapidsnark_r1.csv,logs/n2_prove_rapidsnark_r1.log
2,prove,witness_rapidsnark,prove,2,rapidsnark,snarkjs wtns calculate circuit_js/circuit.wasm input.json witness.wtns,True,0,process,2.0715721329997905,0.15798300000000154,0.20902799999998933,0.3670109999999909,17.716544558288284,1.1072840348930177,67170304.0,62445158.4,0.0,0.0,3054407.0,148.0,0.0,0.0,0.8699999999953434,0.0,1032880128.0,5242880.0,0.0,0.0,22,raw/samples/n2_witness_rapidsnark_r2.csv,logs/n2_witness_rapidsnark_r2.log
2,prove,prove_rapidsnark,prove,2,rapidsnark,docker exec debian_rapidsnark mnt/projet/rapidsnark/package/bin/prover mnt/projet/2/circuit_final.zkey mnt/projet/2/witness.wtns mnt/projet/2/proof.json mnt/projet/2/public.json,True,0,system,0.11876022999967972,0.008692999999993845,0.008692999999993845,0.19999999999163265,168.40654484432375,10.525409052770234,24641536.0,24641536.0,0.0,0.0,12958.0,1008.0,0.0,0.0,0.19999999999163265,0.00999999999999801,1017790464.0,-5951488.0,0.0,0.0,3,raw/samples/n2_prove_rapidsnark_r2.csv,logs/n2_prove_rapidsnark_r2.log
2,prove,witness_rapidsnark,prove,3,rapidsnark,snarkjs wtns calculate circuit_js/circuit.wasm input.json witness.wtns,True,0,process,2.042891183999018,0.14342699999997421,0.22117800000000898,0.3646049999999832,17.847499801054433,1.115468737565902,67166208.0,62473830.4,0.0,0.0,3063039.0,148.0,0.0,0.0,0.9000000000232831,0.0,1031622656.0,2674688.0,0.0,12288.0,22,raw/samples/n2_witness_rapidsnark_r3.csv,logs/n2_witness_rapidsnark_r3.log
2,prove,prove_rapidsnark,prove,3,rapidsnark,docker exec debian_rapidsnark mnt/projet/rapidsnark/package/bin/prover mnt/projet/2/circuit_final.zkey mnt/projet/2/witness.wtns mnt/projet/2/proof.json mnt/projet/2/public.json,True,0,system,0.14350930900036474,0.007351000000028307,0.01036400000000981,0.14999999999417923,104.52283621113247,6.5326772631957795,24641536.0,24641536.0,0.0,0.0,12958.0,1008.0,0.0,0.0,0.14999999999417923,0.0,1018769408.0,-2252800.0,0.0,0.0,3,raw/samples/n2_prove_rapidsnark_r3.csv,logs/n2_prove_rapidsnark_r3.log
2,prove,witness_rapidsnark,prove,4,rapidsnark,snarkjs wtns calculate circuit_js/circuit.wasm input.json witness.wtns,True,0,process,2.0375598179998633,0.15350899999998546,0.20530499999998142,0.3588139999999669,17.609986064222184,1.1006241290138865,68087808.0,62628659.2,0.0,0.0,3064087.0,180.0,0.0,0.0,1.3599999999860302,0.0,1037185024.0,6377472.0,0.0,0.0,22,raw/samples/n2_witness_rapidsnark_r4.csv,logs/n2_witness_rapidsnark_r4.log
2,prove,prove_rapidsnark,prove,4,rapidsnark,docker exec debian_rapidsnark mnt/projet/rapidsnark/package/bin/prover mnt/projet/2/circuit_final.zkey mnt/projet/2/witness.wtns mnt/projet/2/proof.json mnt/projet/2/public.json,True,0,system,0.13358157699985895,0.00846799999999348,0.008468000000021902,0.19999999999163265,149.72124486286296,9.357577803928935,24510464.0,24510464.0,0.0,0.0,12950.0,1000.0,0.0,0.0,0.19999999999163265,0.010000000000005116,1019715584.0,-3252224.0,0.0,0.0,3,raw/samples/n2_prove_rapidsnark_r4.csv,logs/n2_prove_rapidsnark_r4.log
2,prove,witness_rapidsnark,prove,5,rapidsnark,snarkjs wtns calculate circuit_js/circuit.wasm input.json witness.wtns,True,0,process,2.054068600999017,0.18775299999998651,0.17790999999999713,0.36566299999998364,17.801888399547114,1.1126180249716946,67690496.0,62657331.2,0.0,0.0,3054505.0,148.0,0.0,0.0,0.8699999999953434,0.0,1036836864.0,3817472.0,0.0,12288.0,22,raw/samples/n2_witness_rapidsnark_r5.csv,logs/n2_witness_rapidsnark_r5.log
2,prove,prove_rapidsnark,prove,5,rapidsnark,docker exec debian_rapidsnark mnt/projet/rapidsnark/package/bin/prover mnt/projet/2/circuit_final.zkey mnt/projet/2/witness.wtns mnt/projet/2/proof.json mnt/projet/2/public.json,True,0,system,0.12097759500102256,0.004419000000041251,0.013254999999986694,0.17999999999301508,148.78788092249118,9.299242557655699,24641536.0,24641536.0,0.0,0.0,12950.0,1000.0,0.0,0.0,0.17999999999301508,0.0,1019842560.0,-6176768.0,0.0,0.0,3,raw/samples/n2_prove_rapidsnark_r5.csv,logs/n2_prove_rapidsnark_r5.log
2,prove,witness_rapidsnark,prove,6,rapidsnark,snarkjs wtns calculate circuit_js/circuit.wasm input.json witness.wtns,True,0,process,2.0258441059995675,0.19467700000001287,0.16055900000000634,0.3552360000000192,17.53520909866571,1.095950568666607,67117056.0,62482432.0,0.0,0.0,3108810.0,404.0,0.0,0.0,1.2299999999813735,0.0,1044525056.0,15388672.0,0.0,0.0,22,raw/samples/n2_witness_rapidsnark_r6.csv,logs/n2_witness_rapidsnark_r6.log
2,prove,prove_rapidsnark,prove,6,rapidsnark,docker exec debian_rapidsnark mnt/projet/rapidsnark/package/bin/prover mnt/projet/2/circuit_final.zkey mnt/projet/2/witness.wtns mnt/projet/2/proof.json mnt/projet/2/public.json,True,0,system,0.12055848300042271,0.008440999999947962,0.008441000000004806,0.1600000000144064,132.71567129278276,8.294729455798922,24379392.0,24379392.0,0.0,0.0,12958.0,1008.0,0.0,0.0,0.1600000000144064,0.00999999999999801,1030340608.0,-7069696.0,0.0,0.0,3,raw/samples/n2_prove_rapidsnark_r6.csv,logs/n2_prove_rapidsnark_r6.log
2,prove,witness_rapidsnark,prove,7,rapidsnark,snarkjs wtns calculate circuit_js/circuit.wasm input.json witness.wtns,True,0,process,2.027793824001492,0.12159600000001092,0.23237100000000055,0.35396700000001147,17.455768718218124,1.0909855448886328,67432448.0,62652825.6,0.0,0.0,3111656.0,268.0,0.0,0.0,1.0,0.0,1042563072.0,-1622016.0,0.0,12288.0,22,raw/samples/n2_witness_rapidsnark_r7.csv,logs/n2_witness_rapidsnark_r7.log
2,prove,prove_rapidsnark,prove,7,rapidsnark,docker exec debian_rapidsnark mnt/projet/rapidsnark/package/bin/prover mnt/projet/2/circuit_final.zkey mnt/projet/2/witness.wtns mnt/projet/2/proof.json mnt/projet/2/public.json,True,0,system,0.14659565200054203,0.017620000000022173,0.0,0.21000000002095476,143.25117911421975,8.953198694638735,24379392.0,24379392.0,0.0,0.0,12958.0,1008.0,0.0,0.0,0.21000000002095476,0.0,1025347584.0,-6864896.0,0.0,0.0,3,raw/samples/n2_prove_rapidsnark_r7.csv,logs/n2_prove_rapidsnark_r7.log
2,prove,witness_rapidsnark,prove,8,rapidsnark,snarkjs wtns calculate circuit_js/circuit.wasm input.json witness.wtns,True,0,process,2.0462355470008333,0.15458799999998973,0.2103749999999991,0.3649629999999888,17.835825427571862,1.1147390892232414,67817472.0,62882611.2,0.0,0.0,3060789.0,148.0,0.0,0.0,0.8399999999965075,0.0,1034555392.0,3596288.0,0.0,0.0,22,raw/samples/n2_witness_rapidsnark_r8.csv,logs/n2_witness_rapidsnark_r8.log
2,prove,prove_rapidsnark,prove,8,rapidsnark,docker exec debian_rapidsnark mnt/projet/rapidsnark/package/bin/prover mnt/projet/2/circuit_final.zkey mnt/projet/2/witness.wtns mnt/projet/2/proof.json mnt/projet/2/public.json,True,0,system,0.12419268499979808,0.016590000000007876,0.0,0.20000000001164153,161.04008059087113,10.065005036929445,24379392.0,24379392.0,0.0,0.0,12958.0,1008.0,0.0,0.0,0.20000000001164153,0.0,1021112320.0,1228800.0,0.0,0.0,3,raw/samples/n2_prove_rapidsnark_r8.csv,logs/n2_prove_rapidsnark_r8.log
2,prove,witness_rapidsnark,prove,9,rapidsnark,snarkjs wtns calculate circuit_js/circuit.wasm input.json witness.wtns,True,0,process,2.0125870879983268,0.12446699999998145,0.23213300000000459,0.35659999999998604,17.718487916696926,1.1074054947935579,67694592.0,62617276.631578945,0.0,0.0,3049691.0,148.0,0.0,0.0,0.7699999999986176,0.00999999999999801,1038020608.0,176128.0,0.0,12288.0,21,raw/samples/n2_witness_rapidsnark_r9.csv,logs/n2_witness_rapidsnark_r9.log
2,prove,prove_rapidsnark,prove,9,rapidsnark,docker exec debian_rapidsnark mnt/projet/rapidsnark/package/bin/prover mnt/projet/2/circuit_final.zkey mnt/projet/2/witness.wtns mnt/projet/2/proof.json mnt/projet/2/public.json,True,0,system,0.14277029600089008,0.006060999999988326,0.011708999999996195,0.21000000002095476,147.08941979054632,9.193088736909145,24248320.0,24248320.0,0.0,0.0,12950.0,1000.0,0.0,0.0,0.21000000002095476,0.0,1026785280.0,-3731456.0,0.0,0.0,3,raw/samples/n2_prove_rapidsnark_r9.csv,logs/n2_prove_rapidsnark_r9.log
2,prove,witness_rapidsnark,prove,10,rapidsnark,snarkjs wtns calculate circuit_js/circuit.wasm input.json witness.wtns,True,0,process,2.069632623000871,0.20367700000002742,0.16282199999997715,0.36649900000000457,17.708408532360593,1.106775533272537,67248128.0,62332928.0,0.0,0.0,3055333.0,148.0,0.0,0.0,0.8800000000046566,0.0,1036697600.0,1396736.0,0.0,0.0,22,raw/samples/n2_witness_rapidsnark_r10.csv,logs/n2_witness_rapidsnark_r10.log
2,prove,prove_rapidsnark,prove,10,rapidsnark,docker exec debian_rapidsnark mnt/projet/rapidsnark/package/bin/prover mnt/projet/2/circuit_final.zkey mnt/projet/2/witness.wtns mnt/projet/2/proof.json mnt/projet/2/public.json,True,0,system,0.12100366300001042,0.008374000000003434,0.008374000000003434,0.20000000001164153,165.28425260285243,10.330265787678277,24117248.0,24117248.0,0.0,0.0,12950.0,1000.0,0.0,0.0,0.20000000001164153,0.0,1018249216.0,-3485696.0,0.0,0.0,3,raw/samples/n2_prove_rapidsnark_r10.csv,logs/n2_prove_rapidsnark_r10.log
2,prove,witness_rapidsnark,prove,11,rapidsnark,snarkjs wtns calculate circuit_js/circuit.wasm input.json witness.wtns,True,0,process,2.0269467910002277,0.1896979999999644,0.16943700000001627,0.35913499999998066,17.71802800125602,1.1073767500785012,67301376.0,62494515.2,0.0,0.0,3111630.0,364.0,0.0,0.0,0.8000000000174623,0.0,1035259904.0,3608576.0,0.0,73728.0,22,raw/samples/n2_witness_rapidsnark_r11.csv,logs/n2_witness_rapidsnark_r11.log
2,prove,prove_rapidsnark,prove,11,rapidsnark,docker exec debian_rapidsnark mnt/projet/rapidsnark/package/bin/prover mnt/projet/2/circuit_final.zkey mnt/projet/2/witness.wtns mnt/projet/2/proof.json mnt/projet/2/public.json,True,0,system,0.13249699100015278,0.003505000000018299,0.013328000000001339,0.18999999998231942,143.3994829226728,8.96246768266705,24248320.0,24248320.0,0.0,0.0,12950.0,1000.0,0.0,0.0,0.18999999998231942,0.00999999999999801,1021300736.0,-1122304.0,0.0,0.0,3,raw/samples/n2_prove_rapidsnark_r11.csv,logs/n2_prove_rapidsnark_r11.log
2,prove,witness_rapidsnark,prove,12,rapidsnark,snarkjs wtns calculate circuit_js/circuit.wasm input.json witness.wtns,True,0,process,2.012400322999383,0.1763080000000059,0.17857699999999,0.3548849999999959,17.63491070559248,1.10218191909953,67297280.0,62420021.89473684,0.0,0.0,3047937.0,148.0,0.0,0.0,0.9400000000023283,0.0,1037017088.0,2203648.0,0.0,0.0,21,raw/samples/n2_witness_rapidsnark_r12.csv,logs/n2_witness_rapidsnark_r12.log
2,prove,prove_rapidsnark,prove,12,rapidsnark,docker exec debian_rapidsnark mnt/projet/rapidsnark/package/bin/prover mnt/projet/2/circuit_final.zkey mnt/projet/2/witness.wtns mnt/projet/2/proof.json mnt/projet/2/public.json,True,0,system,0.1374347850014601,0.0,0.017279999999999518,0.139999999984866,101.86649615916279,6.3666560099476746,24379392.0,24379392.0,0.0,0.0,12950.0,1000.0,0.0,0.0,0.139999999984866,0.0,1020354560.0,-2711552.0,0.0,0.0,3,raw/samples/n2_prove_rapidsnark_r12.csv,logs/n2_prove_rapidsnark_r12.log
2,prove,witness_rapidsnark,prove,13,rapidsnark,snarkjs wtns calculate circuit_js/circuit.wasm input.json witness.wtns,True,0,process,2.0404857300000003,0.1582300000000032,0.20148399999999356,0.35971399999999676,17.628841736619087,1.101802608538693,68087808.0,62831820.8,0.0,0.0,3062121.0,148.0,0.0,0.0,0.8799999999846477,0.010000000000005116,1036701696.0,4788224.0,0.0,12288.0,22,raw/samples/n2_witness_rapidsnark_r13.csv,logs/n2_witness_rapidsnark_r13.log
2,prove,prove_rapidsnark,prove,13,rapidsnark,docker exec debian_rapidsnark mnt/projet/rapidsnark/package/bin/prover mnt/projet/2/circuit_final.zkey mnt/projet/2/witness.wtns mnt/projet/2/proof.json mnt/projet/2/public.json,True,0,system,0.1350466170006257,0.014391999999986638,0.0035980000000108703,0.14000000001396984,103.66790603375217,6.479244127109511,24379392.0,24379392.0,0.0,0.0,12966.0,1016.0,0.0,0.0,0.14000000001396984,0.0,1021059072.0,-3989504.0,0.0,0.0,3,raw/samples/n2_prove_rapidsnark_r13.csv,logs/n2_prove_rapidsnark_r13.log
2,prove,witness_rapidsnark,prove,14,rapidsnark,snarkjs wtns calculate circuit_js/circuit.wasm input.json witness.wtns,True,0,process,2.0125174269996933,0.1526929999999993,0.20074500000001194,0.35343800000001124,17.561984570087656,1.0976240356304785,66850816.0,62270194.526315786,0.0,0.0,3049887.0,148.0,0.0,0.0,0.8100000000267755,0.0,1033568256.0,2060288.0,0.0,0.0,21,raw/samples/n2_witness_rapidsnark_r14.csv,logs/n2_witness_rapidsnark_r14.log
2,prove,prove_rapidsnark,prove,14,rapidsnark,docker exec debian_rapidsnark mnt/projet/rapidsnark/package/bin/prover mnt/projet/2/circuit_final.zkey mnt/projet/2/witness.wtns mnt/projet/2/proof.json mnt/projet/2/public.json,True,0,system,0.11379634300101316,0.008041999999989002,0.008041999999989002,0.14999999999417923,131.8144292148683,8.23840182592927,23855104.0,23855104.0,0.0,0.0,12958.0,1008.0,0.0,0.0,0.14999999999417923,0.0,1015529472.0,638976.0,0.0,0.0,3,raw/samples/n2_prove_rapidsnark_r14.csv,logs/n2_prove_rapidsnark_r14.log
2,prove,witness_rapidsnark,prove,15,rapidsnark,snarkjs wtns calculate circuit_js/circuit.wasm input.json witness.wtns,True,0,process,2.0351173609997204,0.14984800000001997,0.209116999999992,0.35896500000001197,17.638540502827603,1.1024087814267252,68743168.0,62844928.0,0.0,0.0,3065558.0,236.0,0.0,0.0,0.8500000000149157,0.00999999999999801,1035132928.0,3334144.0,0.0,12288.0,22,raw/samples/n2_witness_rapidsnark_r15.csv,logs/n2_witness_rapidsnark_r15.log
2,prove,prove_rapidsnark,prove,15,rapidsnark,docker exec debian_rapidsnark mnt/projet/rapidsnark/package/bin/prover mnt/projet/2/circuit_final.zkey mnt/projet/2/witness.wtns mnt/projet/2/proof.json mnt/projet/2/public.json,True,0,system,0.1329353050005011,0.008510999999998603,0.008511999999996078,0.16000000000349246,120.35929808329648,7.52245613020603,24510464.0,24510464.0,0.0,0.0,12958.0,1008.0,0.0,0.0,0.16000000000349246,0.0,1020809216.0,2027520.0,0.0,0.0,3,raw/samples/n2_prove_rapidsnark_r15.csv,logs/n2_prove_rapidsnark_r15.log
2,prove,witness_rapidsnark,prove,16,rapidsnark,snarkjs wtns calculate circuit_js/circuit.wasm input.json witness.wtns,True,0,process,2.0538444930007245,0.12762300000002824,0.2230000000000132,0.35062300000004143,17.071545640136144,1.066971602508509,67428352.0,62670438.4,0.0,0.0,3052555.0,148.0,0.0,0.0,0.8900000000139698,0.0,1036861440.0,3387392.0,0.0,0.0,22,raw/samples/n2_witness_rapidsnark_r16.csv,logs/n2_witness_rapidsnark_r16.log
2,prove,prove_rapidsnark,prove,16,rapidsnark,docker exec debian_rapidsnark mnt/projet/rapidsnark/package/bin/prover mnt/projet/2/circuit_final.zkey mnt/projet/2/witness.wtns mnt/projet/2/proof.json mnt/projet/2/public.json,True,0,system,0.12815292699997372,0.003444999999999254,0.013779999999997017,0.1900000000023283,148.2603670865569,9.266272942909806,23986176.0,23986176.0,0.0,0.0,12958.0,1008.0,0.0,0.0,0.1900000000023283,0.0,1021734912.0,-2568192.0,0.0,0.0,3,raw/samples/n2_prove_rapidsnark_r16.csv,logs/n2_prove_rapidsnark_r16.log
2,prove,witness_rapidsnark,prove,17,rapidsnark,snarkjs wtns calculate circuit_js/circuit.wasm input.json witness.wtns,True,0,process,2.0318114639994747,0.15347900000000436,0.20128700000000777,0.3547660000000121,17.4605767457223,1.0912860466076437,67813376.0,62308352.0,0.0,0.0,3107634.0,244.0,0.0,0.0,1.2000000000116415,0.0,1036525568.0,1875968.0,0.0,12288.0,22,raw/samples/n2_witness_rapidsnark_r17.csv,logs/n2_witness_rapidsnark_r17.log
2,prove,prove_rapidsnark,prove,17,rapidsnark,docker exec debian_rapidsnark mnt/projet/rapidsnark/package/bin/prover mnt/projet/2/circuit_final.zkey mnt/projet/2/witness.wtns mnt/projet/2/proof.json mnt/projet/2/public.json,True,0,system,0.1463849060000939,0.0028319999999553147,0.014286999999995942,0.21000000000094587,143.45741356749662,8.966088347968538,24903680.0,24903680.0,0.0,0.0,12958.0,1008.0,0.0,0.0,0.21000000000094587,0.00999999999999801,1024499712.0,-405504.0,0.0,0.0,3,raw/samples/n2_prove_rapidsnark_r17.csv,logs/n2_prove_rapidsnark_r17.log
2,prove,witness_rapidsnark,prove,18,rapidsnark,snarkjs wtns calculate circuit_js/circuit.wasm input.json witness.wtns,True,0,process,2.04467500499959,0.20222000000001117,0.16324299999999425,0.3654630000000054,17.87389189511214,1.1171182434445088,67690496.0,62670438.4,0.0,0.0,3060059.0,148.0,0.0,0.0,0.9400000000023283,0.0,1033613312.0,970752.0,0.0,0.0,22,raw/samples/n2_witness_rapidsnark_r18.csv,logs/n2_witness_rapidsnark_r18.log
2,prove,prove_rapidsnark,prove,18,rapidsnark,docker exec debian_rapidsnark mnt/projet/rapidsnark/package/bin/prover mnt/projet/2/circuit_final.zkey mnt/projet/2/witness.wtns mnt/projet/2/proof.json mnt/projet/2/public.json,True,0,system,0.12111458599974867,0.0027259999999955653,0.014937000000003309,0.14999999999417923,123.84965754206559,7.740603596379099,24379392.0,24379392.0,0.0,0.0,12958.0,1008.0,0.0,0.0,0.14999999999417923,0.0,1018961920.0,-1536000.0,0.0,0.0,3,raw/samples/n2_prove_rapidsnark_r18.csv,logs/n2_prove_rapidsnark_r18.log
2,prove,witness_rapidsnark,prove,19,rapidsnark,snarkjs wtns calculate circuit_js/circuit.wasm input.json witness.wtns,True,0,process,2.0275218749993655,0.19383099999998876,0.15257299999998963,0.3464039999999784,17.08509310165084,1.0678183188531776,66777088.0,62243020.8,0.0,0.0,3107748.0,260.0,0.0,0.0,0.8299999999871943,0.0,1032806400.0,2347008.0,0.0,12288.0,22,raw/samples/n2_witness_rapidsnark_r19.csv,logs/n2_witness_rapidsnark_r19.log
2,prove,prove_rapidsnark,prove,19,rapidsnark,docker exec debian_rapidsnark mnt/projet/rapidsnark/package/bin/prover mnt/projet/2/circuit_final.zkey mnt/projet/2/witness.wtns mnt/projet/2/proof.json mnt/projet/2/public.json,True,0,system,0.121754122999846,0.011062000000038097,0.005708999999995967,0.17000000001280569,139.62566180450472,8.726603862781545,24248320.0,24248320.0,0.0,0.0,12950.0,1000.0,0.0,0.0,0.17000000001280569,0.0,1017696256.0,-5513216.0,0.0,0.0,3,raw/samples/n2_prove_rapidsnark_r19.csv,logs/n2_prove_rapidsnark_r19.log
2,prove,witness_rapidsnark,prove,20,rapidsnark,snarkjs wtns calculate circuit_js/circuit.wasm input.json witness.wtns,True,0,process,2.074802790999456,0.1528690000000097,0.20545200000000818,0.3583210000000179,17.270123288556526,1.0793827055347829,67035136.0,62270668.8,0.0,0.0,3054603.0,148.0,0.0,0.0,1.25,0.0,1038139392.0,11018240.0,0.0,0.0,22,raw/samples/n2_witness_rapidsnark_r20.csv,logs/n2_witness_rapidsnark_r20.log
2,prove,prove_rapidsnark,prove,20,rapidsnark,docker exec debian_rapidsnark mnt/projet/rapidsnark/package/bin/prover mnt/projet/2/circuit_final.zkey mnt/projet/2/witness.wtns mnt/projet/2/proof.json mnt/projet/2/public.json,True,0,system,0.13300856100067904,0.00877399999995987,0.008774000000016713,0.17000000002190063,127.81132187501281,7.9882076171883005,24379392.0,24379392.0,0.0,0.0,12950.0,1000.0,0.0,0.0,0.17000000002190063,0.010000000000005116,1022816256.0,-3629056.0,0.0,0.0,3,raw/samples/n2_prove_rapidsnark_r20.csv,logs/n2_prove_rapidsnark_r20.log
2,prove,witness_rapidsnark,prove,21,rapidsnark,snarkjs wtns calculate circuit_js/circuit.wasm input.json witness.wtns,True,0,process,2.065693366001142,0.15318200000001525,0.21265499999998383,0.3658369999999991,17.710130943016104,1.1068831839385065,67297280.0,62467276.8,0.0,0.0,3055529.0,148.0,0.0,0.0,0.8099999999976717,0.0,1038245888.0,3039232.0,0.0,12288.0,22,raw/samples/n2_witness_rapidsnark_r21.csv,logs/n2_witness_rapidsnark_r21.log
2,prove,prove_rapidsnark,prove,21,rapidsnark,docker exec debian_rapidsnark mnt/projet/rapidsnark/package/bin/prover mnt/projet/2/circuit_final.zkey mnt/projet/2/witness.wtns mnt/projet/2/proof.json mnt/projet/2/public.json,True,0,system,0.1407558959999733,0.0,0.017476000000016256,0.17000000001280569,120.77646822896708,7.548529264310442,24510464.0,24510464.0,0.0,0.0,12958.0,1008.0,0.0,0.0,0.17000000001280569,0.0,1025028096.0,-176128.0,0.0,0.0,3,raw/samples/n2_prove_rapidsnark_r21.csv,logs/n2_prove_rapidsnark_r21.log
2,prove,witness_rapidsnark,prove,22,rapidsnark,snarkjs wtns calculate circuit_js/circuit.wasm input.json witness.wtns,True,0,process,2.041384520000065,0.13165600000002087,0.21799899999999184,0.3496550000000127,17.128326220481068,1.0705203887800667,66899968.0,62319001.6,0.0,0.0,3060887.0,148.0,0.0,0.0,0.8399999999965075,0.0,1041453056.0,458752.0,0.0,0.0,22,raw/samples/n2_witness_rapidsnark_r22.csv,logs/n2_witness_rapidsnark_r22.log
2,prove,prove_rapidsnark,prove,22,rapidsnark,docker exec debian_rapidsnark mnt/projet/rapidsnark/package/bin/prover mnt/projet/2/circuit_final.zkey mnt/projet/2/witness.wtns mnt/projet/2/proof.json mnt/projet/2/public.json,True,0,system,0.13896060699880763,0.0026579999999967185,0.01594599999998536,0.139999999984866,100.74797671693194,6.2967485448082465,24510464.0,24510464.0,0.0,0.0,12958.0,1008.0,0.0,0.0,0.139999999984866,0.0,1022111744.0,-3076096.0,0.0,0.0,3,raw/samples/n2_prove_rapidsnark_r22.csv,logs/n2_prove_rapidsnark_r22.log
2,prove,witness_rapidsnark,prove,23,rapidsnark,snarkjs wtns calculate circuit_js/circuit.wasm input.json witness.wtns,True,0,process,2.0689621460005583,0.188274999999976,0.17736500000000888,0.36563999999998487,17.672628796364947,1.1045392997728092,67112960.0,62414028.8,0.0,0.0,3056553.0,148.0,0.0,0.0,1.4600000000209548,0.0,1036017664.0,778240.0,0.0,12288.0,22,raw/samples/n2_witness_rapidsnark_r23.csv,logs/n2_witness_rapidsnark_r23.log
2,prove,prove_rapidsnark,prove,23,rapidsnark,docker exec debian_rapidsnark mnt/projet/rapidsnark/package/bin/prover mnt/projet/2/circuit_final.zkey mnt/projet/2/witness.wtns mnt/projet/2/proof.json mnt/projet/2/public.json,True,0,system,0.14932494000095176,0.0,0.017016000000012355,0.23999999999978172,160.7233192246734,10.045207451542087,24772608.0,24772608.0,0.0,0.0,12958.0,1008.0,0.0,0.0,0.23999999999978172,0.00999999999999801,1027870720.0,1302528.0,0.0,0.0,3,raw/samples/n2_prove_rapidsnark_r23.csv,logs/n2_prove_rapidsnark_r23.log
2,prove,witness_rapidsnark,prove,24,rapidsnark,snarkjs wtns calculate circuit_js/circuit.wasm input.json witness.wtns,True,0,process,2.0541243110001233,0.1604520000000207,0.20776699999998982,0.3682190000000105,17.925838179712212,1.1203648862320132,67203072.0,62471372.8,0.0,0.0,3055529.0,148.0,0.0,0.0,0.7999999999883585,0.0,1034977280.0,4542464.0,0.0,0.0,22,raw/samples/n2_witness_rapidsnark_r24.csv,logs/n2_witness_rapidsnark_r24.log
2,prove,prove_rapidsnark,prove,24,rapidsnark,docker exec debian_rapidsnark mnt/projet/rapidsnark/package/bin/prover mnt/projet/2/circuit_final.zkey mnt/projet/2/witness.wtns mnt/projet/2/proof.json mnt/projet/2/public.json,True,0,system,0.12981254499936767,0.0,0.016948000000013508,0.20000000001164153,154.06831443957574,9.629269652473484,23592960.0,23592960.0,0.0,0.0,12950.0,1000.0,0.0,0.0,0.20000000001164153,0.0,1020067840.0,-5050368.0,0.0,0.0,3,raw/samples/n2_prove_rapidsnark_r24.csv,logs/n2_prove_rapidsnark_r24.log
2,prove,witness_rapidsnark,prove,25,rapidsnark,snarkjs wtns calculate circuit_js/circuit.wasm input.json witness.wtns,True,0,process,2.0575945930013404,0.14023599999995895,0.22711699999999269,0.36735299999995163,17.8535169780023,1.1158448111251438,66998272.0,62377984.0,0.0,0.0,3053677.0,148.0,0.0,0.0,1.1900000000114233,0.00999999999999801,1044758528.0,12091392.0,0.0,77824.0,22,raw/samples/n2_witness_rapidsnark_r25.csv,logs/n2_witness_rapidsnark_r25.log
2,prove,prove_rapidsnark,prove,25,rapidsnark,docker exec debian_rapidsnark mnt/projet/rapidsnark/package/bin/prover mnt/projet/2/circuit_final.zkey mnt/projet/2/witness.wtns mnt/projet/2/proof.json mnt/projet/2/public.json,True,0,system,0.14341200399940135,0.015258000000017091,0.0025430000000028485,0.22999999998137355,160.3770908761122,10.023568179757012,24772608.0,24772608.0,0.0,0.0,12966.0,1016.0,0.0,0.0,0.22999999998137355,0.0,1029251072.0,-925696.0,0.0,0.0,3,raw/samples/n2_prove_rapidsnark_r25.csv,logs/n2_prove_rapidsnark_r25.log
2,prove,witness_rapidsnark,prove,26,rapidsnark,snarkjs wtns calculate circuit_js/circuit.wasm input.json witness.wtns,True,0,process,2.0570231460005743,0.1674920000000384,0.19699899999997683,0.3644910000000152,17.71934364028364,1.1074589775177275,67297280.0,62454169.6,0.0,0.0,3054407.0,148.0,0.0,0.0,1.389999999984866,0.0,1044795392.0,-2461696.0,0.0,0.0,22,raw/samples/n2_witness_rapidsnark_r26.csv,logs/n2_witness_rapidsnark_r26.log
2,prove,prove_rapidsnark,prove,26,rapidsnark,docker exec debian_rapidsnark mnt/projet/rapidsnark/package/bin/prover mnt/projet/2/circuit_final.zkey mnt/projet/2/witness.wtns mnt/projet/2/proof.json mnt/projet/2/public.json,True,0,system,0.1334550700012187,0.005900999999994383,0.011802000000017188,0.20000000001164153,149.86317118548973,9.366448199093108,24772608.0,24772608.0,0.0,0.0,12966.0,1016.0,0.0,0.0,0.20000000001164153,0.0,1025159168.0,-3424256.0,0.0,0.0,3,raw/samples/n2_prove_rapidsnark_r26.csv,logs/n2_prove_rapidsnark_r26.log
2,prove,witness_rapidsnark,prove,27,rapidsnark,snarkjs wtns calculate circuit_js/circuit.wasm input.json witness.wtns,True,0,process,2.01316607499939,0.1574239999999918,0.20008300000000645,0.35750699999999824,17.758445487419937,1.109902842963746,67256320.0,62351467.78947368,0.0,0.0,3051935.0,148.0,0.0,0.0,0.9200000000128057,0.0,1038028800.0,4599808.0,0.0,0.0,21,raw/samples/n2_witness_rapidsnark_r27.csv,logs/n2_witness_rapidsnark_r27.log
2,prove,prove_rapidsnark,prove,27,rapidsnark,docker exec debian_rapidsnark mnt/projet/rapidsnark/package/bin/prover mnt/projet/2/circuit_final.zkey mnt/projet/2/witness.wtns mnt/projet/2/proof.json mnt/projet/2/public.json,True,0,system,0.14773675000105868,0.0025479999999902248,0.015290999999990618,0.139999999984866,94.76315133767514,5.922696958604696,24248320.0,24248320.0,0.0,0.0,12950.0,1000.0,0.0,0.0,0.139999999984866,0.0,1023614976.0,-6246400.0,0.0,0.0,3,raw/samples/n2_prove_rapidsnark_r27.csv,logs/n2_prove_rapidsnark_r27.log
2,prove,witness_rapidsnark,prove,28,rapidsnark,snarkjs wtns calculate circuit_js/circuit.wasm input.json witness.wtns,True,0,process,2.0159498899993196,0.17097899999998845,0.18547699999999168,0.3564559999999801,17.681788707560607,1.105111794222538,67559424.0,62385529.2631579,0.0,0.0,3049691.0,148.0,0.0,0.0,0.8099999999976717,0.0,1038635008.0,5259264.0,0.0,12288.0,21,raw/samples/n2_witness_rapidsnark_r28.csv,logs/n2_witness_rapidsnark_r28.log
2,prove,prove_rapidsnark,prove,28,rapidsnark,docker exec debian_rapidsnark mnt/projet/rapidsnark/package/bin/prover mnt/projet/2/circuit_final.zkey mnt/projet/2/witness.wtns mnt/projet/2/proof.json mnt/projet/2/public.json,True,0,system,0.1469635900011781,0.00869799999998122,0.008698000000009642,0.22000000000116415,149.69694194283127,9.356058871426955,24117248.0,24117248.0,0.0,0.0,12958.0,1008.0,0.0,0.0,0.22000000000116415,0.0,1030250496.0,-667648.0,0.0,0.0,3,raw/samples/n2_prove_rapidsnark_r28.csv,logs/n2_prove_rapidsnark_r28.log
2,prove,witness_rapidsnark,prove,29,rapidsnark,snarkjs wtns calculate circuit_js/circuit.wasm input.json witness.wtns,True,0,process,2.07751195200035,0.18292000000002417,0.18248199999999315,0.3654020000000173,17.588442735464742,1.0992776709665464,67428352.0,62670438.4,0.0,0.0,3056651.0,148.0,0.0,0.0,1.2399999999906868,0.0,1040363520.0,-3497984.0,0.0,12288.0,22,raw/samples/n2_witness_rapidsnark_r29.csv,logs/n2_witness_rapidsnark_r29.log
2,prove,prove_rapidsnark,prove,29,rapidsnark,docker exec debian_rapidsnark mnt/projet/rapidsnark/package/bin/prover mnt/projet/2/circuit_final.zkey mnt/projet/2/witness.wtns mnt/projet/2/proof.json mnt/projet/2/public.json,True,0,system,0.134430729000087,0.0059949999999844295,0.011990999999994756,0.19000000001142325,141.33673262405674,8.833545789003546,24379392.0,24379392.0,0.0,0.0,12950.0,1000.0,0.0,0.0,0.19000000001142325,0.010000000000005116,1016836096.0,-4567040.0,0.0,0.0,3,raw/samples/n2_prove_rapidsnark_r29.csv,logs/n2_prove_rapidsnark_r29.log
2,prove,witness_rapidsnark,prove,30,rapidsnark,snarkjs wtns calculate circuit_js/circuit.wasm input.json witness.wtns,True,0,process,2.047779647000425,0.16449700000003986,0.19867200000001617,0.36316900000005603,17.734769487138117,1.1084230929461323,67694592.0,62654873.6,0.0,0.0,3063861.0,148.0,0.0,0.0,0.7900000000081491,0.0,1033195520.0,3682304.0,0.0,0.0,22,raw/samples/n2_witness_rapidsnark_r30.csv,logs/n2_witness_rapidsnark_r30.log
2,prove,prove_rapidsnark,prove,30,rapidsnark,docker exec debian_rapidsnark mnt/projet/rapidsnark/package/bin/prover mnt/projet/2/circuit_final.zkey mnt/projet/2/witness.wtns mnt/projet/2/proof.json mnt/projet/2/public.json,True,0,system,0.13035412000135693,0.003620999999952801,0.014481999999986783,0.16000000000349246,122.74257231135228,7.671410769459517,24248320.0,24248320.0,0.0,0.0,12958.0,1008.0,0.0,0.0,0.16000000000349246,0.0,1017675776.0,-2129920.0,0.0,0.0,3,raw/samples/n2_prove_rapidsnark_r30.csv,logs/n2_prove_rapidsnark_r30.log
2,prove,witness_rapidsnark,prove,31,rapidsnark,snarkjs wtns calculate circuit_js/circuit.wasm input.json witness.wtns,True,0,process,2.028397649000908,0.15111699999999928,0.20478700000001027,0.35590400000000955,17.54606648135837,1.096629155084898,67559424.0,62653644.8,0.0,0.0,3109714.0,308.0,0.0,0.0,0.7899999999790452,0.0,1037778944.0,4141056.0,0.0,12288.0,22,raw/samples/n2_witness_rapidsnark_r31.csv,logs/n2_witness_rapidsnark_r31.log
2,prove,prove_rapidsnark,prove,31,rapidsnark,docker exec debian_rapidsnark mnt/projet/rapidsnark/package/bin/prover mnt/projet/2/circuit_final.zkey mnt/projet/2/witness.wtns mnt/projet/2/proof.json mnt/projet/2/public.json,True,0,system,0.13929864300007466,0.0,0.01803300000000263,0.14000000001396984,100.50349163408202,6.2814682271301265,24117248.0,24117248.0,0.0,0.0,12950.0,1000.0,0.0,0.0,0.14000000001396984,0.0,1021321216.0,-3239936.0,0.0,0.0,3,raw/samples/n2_prove_rapidsnark_r31.csv,logs/n2_prove_rapidsnark_r31.log
2,prove,witness_rapidsnark,prove,32,rapidsnark,snarkjs wtns calculate circuit_js/circuit.wasm input.json witness.wtns,True,0,process,2.0552409699994314,0.1425389999999993,0.21816099999998073,0.36069999999998004,17.550253486824946,1.0968908429265591,67555328.0,62718771.2,0.0,0.0,3054407.0,148.0,0.0,0.0,0.8599999999860302,0.0,1035476992.0,937984.0,0.0,0.0,22,raw/samples/n2_witness_rapidsnark_r32.csv,logs/n2_witness_rapidsnark_r32.log
2,prove,prove_rapidsnark,prove,32,rapidsnark,docker exec debian_rapidsnark mnt/projet/rapidsnark/package/bin/prover mnt/projet/2/circuit_final.zkey mnt/projet/2/witness.wtns mnt/projet/2/proof.json mnt/projet/2/public.json,True,0,system,0.149513656999261,0.008892000000003009,0.008892000000003009,0.2800000000079308,187.2738622193655,11.704616388710344,24379392.0,24379392.0,0.0,0.0,12966.0,1016.0,0.0,0.0,0.2800000000079308,0.00999999999999801,1023340544.0,-2207744.0,0.0,0.0,3,raw/samples/n2_prove_rapidsnark_r32.csv,logs/n2_prove_rapidsnark_r32.log
2,prove,witness_rapidsnark,prove,33,rapidsnark,snarkjs wtns calculate circuit_js/circuit.wasm input.json witness.wtns,True,0,process,2.0256434790007916,0.16386300000004894,0.19194500000000403,0.35580800000005297,17.565183789181194,1.0978239868238246,67371008.0,62602035.2,0.0,0.0,3106966.0,436.0,0.0,0.0,0.7999999999883585,0.0,1037152256.0,4616192.0,0.0,12288.0,22,raw/samples/n2_witness_rapidsnark_r33.csv,logs/n2_witness_rapidsnark_r33.log
2,prove,prove_rapidsnark,prove,33,rapidsnark,docker exec debian_rapidsnark mnt/projet/rapidsnark/package/bin/prover mnt/projet/2/circuit_final.zkey mnt/projet/2/witness.wtns mnt/projet/2/proof.json mnt/projet/2/public.json,True,0,system,0.132633191999048,0.0,0.01752500000000623,0.1900000000023283,143.25222603682198,8.953264127301374,24248320.0,24248320.0,0.0,0.0,12958.0,1008.0,0.0,0.0,0.1900000000023283,0.0,1023770624.0,-4395008.0,0.0,0.0,3,raw/samples/n2_prove_rapidsnark_r33.csv,logs/n2_prove_rapidsnark_r33.log
2,prove,witness_rapidsnark,prove,34,rapidsnark,snarkjs wtns calculate circuit_js/circuit.wasm input.json witness.wtns,True,0,process,2.05117974300083,0.16429399999998395,0.19730699999999501,0.36160099999997897,17.628927997844052,1.1018079998652532,66777088.0,62294425.6,0.0,0.0,3060985.0,148.0,0.0,0.0,0.8099999999976717,0.0,1036845056.0,3854336.0,0.0,0.0,22,raw/samples/n2_witness_rapidsnark_r34.csv,logs/n2_witness_rapidsnark_r34.log
2,prove,prove_rapidsnark,prove,34,rapidsnark,docker exec debian_rapidsnark mnt/projet/rapidsnark/package/bin/prover mnt/projet/2/circuit_final.zkey mnt/projet/2/witness.wtns mnt/projet/2/proof.json mnt/projet/2/public.json,True,0,system,0.1358734639998147,0.010174000000006345,0.007631000000003496,0.18999999998231942,139.83598738792625,8.73974921174539,23855104.0,23855104.0,0.0,0.0,12958.0,1008.0,0.0,0.0,0.18999999998231942,0.00999999999999801,1024139264.0,-729088.0,0.0,0.0,3,raw/samples/n2_prove_rapidsnark_r34.csv,logs/n2_prove_rapidsnark_r34.log
2,prove,witness_rapidsnark,prove,35,rapidsnark,snarkjs wtns calculate circuit_js/circuit.wasm input.json witness.wtns,True,0,process,2.0276855179999984,0.14578399999999192,0.20387700000000564,0.34966099999999756,17.24434074692631,1.0777712966828943,67043328.0,62338457.6,0.0,0.0,3109592.0,252.0,0.0,0.0,0.8200000000069849,0.0,1037996032.0,2928640.0,0.0,73728.0,22,raw/samples/n2_witness_rapidsnark_r35.csv,logs/n2_witness_rapidsnark_r35.log
2,prove,prove_rapidsnark,prove,35,rapidsnark,docker exec debian_rapidsnark mnt/projet/rapidsnark/package/bin/prover mnt/projet/2/circuit_final.zkey mnt/projet/2/witness.wtns mnt/projet/2/proof.json mnt/projet/2/public.json,True,0,system,0.13330243400014297,0.008904999999970187,0.008904000000001133,0.1900000000023283,142.5330313189364,8.908314457433525,24510464.0,24510464.0,0.0,0.0,12950.0,1000.0,0.0,0.0,0.1900000000023283,0.0,1025400832.0,-847872.0,0.0,0.0,3,raw/samples/n2_prove_rapidsnark_r35.csv,logs/n2_prove_rapidsnark_r35.log
2,prove,witness_rapidsnark,prove,36,rapidsnark,snarkjs wtns calculate circuit_js/circuit.wasm input.json witness.wtns,True,0,process,2.021440835998874,0.1391020000000367,0.20796200000000908,0.3470640000000458,17.169139646303215,1.073071227893951,67194880.0,62317621.89473684,0.0,0.0,3043020.0,148.0,0.0,0.0,0.8500000000058208,0.0,1037504512.0,-425984.0,0.0,0.0,22,raw/samples/n2_witness_rapidsnark_r36.csv,logs/n2_witness_rapidsnark_r36.log
2,prove,prove_rapidsnark,prove,36,rapidsnark,docker exec debian_rapidsnark mnt/projet/rapidsnark/package/bin/prover mnt/projet/2/circuit_final.zkey mnt/projet/2/witness.wtns mnt/projet/2/proof.json mnt/projet/2/public.json,True,0,system,0.13759950100029528,0.005587999999988824,0.011176999999975124,0.18000000000211003,130.81442788206314,8.175901742628946,24772608.0,24772608.0,0.0,0.0,12950.0,1000.0,0.0,0.0,0.18000000000211003,0.010000000000005116,1020387328.0,-2846720.0,0.0,0.0,3,raw/samples/n2_prove_rapidsnark_r36.csv,logs/n2_prove_rapidsnark_r36.log
2,prove,witness_rapidsnark,prove,37,rapidsnark,snarkjs wtns calculate circuit_js/circuit.wasm input.json witness.wtns,True,0,process,2.0412119920001714,0.1329939999999965,0.2306470000000047,0.3636410000000012,17.814955106337173,1.1134346941460733,67563520.0,62713856.0,0.0,0.0,3063965.0,148.0,0.0,0.0,0.8999999999941792,0.0,1037836288.0,4354048.0,0.0,12288.0,22,raw/samples/n2_witness_rapidsnark_r37.csv,logs/n2_witness_rapidsnark_r37.log
2,prove,prove_rapidsnark,prove,37,rapidsnark,docker exec debian_rapidsnark mnt/projet/rapidsnark/package/bin/prover mnt/projet/2/circuit_final.zkey mnt/projet/2/witness.wtns mnt/projet/2/proof.json mnt/projet/2/public.json,True,0,system,0.1453641450007126,0.0036870000000135406,0.014746000000002368,0.16000000000349246,110.0684078613114,6.8792754913319625,24117248.0,24117248.0,0.0,0.0,12950.0,1000.0,0.0,0.0,0.16000000000349246,0.0,1018925056.0,-3923968.0,0.0,0.0,3,raw/samples/n2_prove_rapidsnark_r37.csv,logs/n2_prove_rapidsnark_r37.log
2,prove,witness_rapidsnark,prove,38,rapidsnark,snarkjs wtns calculate circuit_js/circuit.wasm input.json witness.wtns,True,0,process,2.025762601999304,0.13470499999999674,0.2232180000000028,0.35792299999999955,17.66855601178299,1.1042847507364368,67694592.0,62756044.8,0.0,0.0,3110810.0,380.0,0.0,0.0,0.8399999999965075,0.0,1036271616.0,4739072.0,0.0,0.0,22,raw/samples/n2_witness_rapidsnark_r38.csv,logs/n2_witness_rapidsnark_r38.log
2,prove,prove_rapidsnark,prove,38,rapidsnark,docker exec debian_rapidsnark mnt/projet/rapidsnark/package/bin/prover mnt/projet/2/circuit_final.zkey mnt/projet/2/witness.wtns mnt/projet/2/proof.json mnt/projet/2/public.json,True,0,system,0.14472840700000233,0.009083999999973003,0.009083000000003949,0.2200000000102591,152.0088589175555,9.500553682347219,24510464.0,24510464.0,0.0,0.0,12950.0,1000.0,0.0,0.0,0.2200000000102591,0.00999999999999801,1022279680.0,-364544.0,0.0,0.0,3,raw/samples/n2_prove_rapidsnark_r38.csv,logs/n2_prove_rapidsnark_r38.log
2,prove,witness_rapidsnark,prove,39,rapidsnark,snarkjs wtns calculate circuit_js/circuit.wasm input.json witness.wtns,True,0,process,2.0361104069997964,0.18027499999999463,0.1881529999999998,0.3684279999999944,18.0946965711389,1.1309185356961813,68608000.0,62683545.6,0.0,0.0,3063616.0,236.0,0.0,0.0,0.9700000000011642,0.0,1038176256.0,-1253376.0,0.0,12288.0,22,raw/samples/n2_witness_rapidsnark_r39.csv,logs/n2_witness_rapidsnark_r39.log
2,prove,prove_rapidsnark,prove,39,rapidsnark,docker exec debian_rapidsnark mnt/projet/rapidsnark/package/bin/prover mnt/projet/2/circuit_final.zkey mnt/projet/2/witness.wtns mnt/projet/2/proof.json mnt/projet/2/public.json,True,0,system,0.14227169600053458,0.0,0.0181829999999934,0.23999999999068677,168.69131860899796,10.543207413062373,24641536.0,24641536.0,0.0,0.0,12958.0,1008.0,0.0,0.0,0.23999999999068677,0.0,1023172608.0,-2154496.0,0.0,0.0,3,raw/samples/n2_prove_rapidsnark_r39.csv,logs/n2_prove_rapidsnark_r39.log
2,prove,witness_rapidsnark,prove,40,rapidsnark,snarkjs wtns calculate circuit_js/circuit.wasm input.json witness.wtns,True,0,process,2.0328665010001714,0.18227300000000923,0.18077199999999038,0.3630449999999996,17.85877232082782,1.1161732700517388,68239360.0,62491852.8,0.0,0.0,3109672.0,372.0,0.0,0.0,0.9100000000034925,0.0,1038536704.0,1056768.0,0.0,12288.0,22,raw/samples/n2_witness_rapidsnark_r40.csv,logs/n2_witness_rapidsnark_r40.log
2,prove,prove_rapidsnark,prove,40,rapidsnark,docker exec debian_rapidsnark mnt/projet/rapidsnark/package/bin/prover mnt/projet/2/circuit_final.zkey mnt/projet/2/witness.wtns mnt/projet/2/proof.json mnt/projet/2/public.json,True,0,system,0.13058344400087663,0.005571000000031745,0.011142000000006647,0.18999999998231942,145.50083391968428,9.093802119980268,23986176.0,23986176.0,0.0,0.0,12958.0,1008.0,0.0,0.0,0.18999999998231942,0.00999999999999801,1019252736.0,-1929216.0,0.0,0.0,3,raw/samples/n2_prove_rapidsnark_r40.csv,logs/n2_prove_rapidsnark_r40.log
2,prove,witness_rapidsnark,prove,41,rapidsnark,snarkjs wtns calculate circuit_js/circuit.wasm input.json witness.wtns,True,0,process,2.019166743999449,0.19094599999999673,0.15731700000000615,0.3482630000000029,17.24785736665728,1.07799108541608,67395584.0,62407949.473684214,0.0,0.0,3043216.0,148.0,0.0,0.0,0.8700000000244472,0.0,1037381632.0,3891200.0,0.0,12288.0,22,raw/samples/n2_witness_rapidsnark_r41.csv,logs/n2_witness_rapidsnark_r41.log
2,prove,prove_rapidsnark,prove,41,rapidsnark,docker exec debian_rapidsnark mnt/projet/rapidsnark/package/bin/prover mnt/projet/2/circuit_final.zkey mnt/projet/2/witness.wtns mnt/projet/2/proof.json mnt/projet/2/public.json,True,0,system,0.12037175299883529,0.0,0.018232000000011794,0.1999999999825377,166.15193764310544,10.38449610269409,24641536.0,24641536.0,0.0,0.0,12950.0,1000.0,0.0,0.0,0.1999999999825377,0.0,1020461056.0,-2322432.0,0.0,0.0,3,raw/samples/n2_prove_rapidsnark_r41.csv,logs/n2_prove_rapidsnark_r41.log
2,prove,witness_rapidsnark,prove,42,rapidsnark,snarkjs wtns calculate circuit_js/circuit.wasm input.json witness.wtns,True,0,process,2.0741950510000606,0.17430099999995718,0.18924599999999714,0.3635469999999543,17.527136602928078,1.0954460376830049,67035136.0,62133043.2,0.0,0.0,3053383.0,148.0,0.0,0.0,1.3099999999976717,0.0,1035223040.0,102400.0,0.0,0.0,22,raw/samples/n2_witness_rapidsnark_r42.csv,logs/n2_witness_rapidsnark_r42.log
2,prove,prove_rapidsnark,prove,42,rapidsnark,docker exec debian_rapidsnark mnt/projet/rapidsnark/package/bin/prover mnt/projet/2/circuit_final.zkey mnt/projet/2/witness.wtns mnt/projet/2/proof.json mnt/projet/2/public.json,True,0,system,0.1353608589997748,0.011872000000039407,0.005935999999991282,0.17000000001280569,125.5902195575521,7.8493887223470065,24117248.0,24117248.0,0.0,0.0,12950.0,1000.0,0.0,0.0,0.17000000001280569,0.0,1019052032.0,-1617920.0,0.0,0.0,3,raw/samples/n2_prove_rapidsnark_r42.csv,logs/n2_prove_rapidsnark_r42.log
2,prove,witness_rapidsnark,prove,43,rapidsnark,snarkjs wtns calculate circuit_js/circuit.wasm input.json witness.wtns,True,0,process,2.0190244969999185,0.15512499999999818,0.2048509999999908,0.35997599999998897,17.829204179289533,1.1143252612055958,67072000.0,62298219.78947368,0.0,0.0,3041996.0,148.0,0.0,0.0,0.889999999993961,0.00999999999999801,1033969664.0,5398528.0,0.0,12288.0,22,raw/samples/n2_witness_rapidsnark_r43.csv,logs/n2_witness_rapidsnark_r43.log
2,prove,prove_rapidsnark,prove,43,rapidsnark,docker exec debian_rapidsnark mnt/projet/rapidsnark/package/bin/prover mnt/projet/2/circuit_final.zkey mnt/projet/2/witness.wtns mnt/projet/2/proof.json mnt/projet/2/public.json,True,0,system,0.13830760800010466,0.0,0.01784399999999664,0.11000000001513399,79.53286272946804,4.970803920591752,24510464.0,24510464.0,0.0,0.0,12950.0,1000.0,0.0,0.0,0.11000000001513399,0.0,1020067840.0,-3141632.0,0.0,0.0,3,raw/samples/n2_prove_rapidsnark_r43.csv,logs/n2_prove_rapidsnark_r43.log
2,prove,witness_rapidsnark,prove,44,rapidsnark,snarkjs wtns calculate circuit_js/circuit.wasm input.json witness.wtns,True,0,process,2.032660812999893,0.18633199999999306,0.16335200000000327,0.34968399999999633,17.20326371048187,1.075203981905117,67563520.0,62458265.6,0.0,0.0,3110812.0,236.0,0.0,0.0,1.25,0.0,1045770240.0,12623872.0,0.0,0.0,22,raw/samples/n2_witness_rapidsnark_r44.csv,logs/n2_witness_rapidsnark_r44.log
2,prove,prove_rapidsnark,prove,44,rapidsnark,docker exec debian_rapidsnark mnt/projet/rapidsnark/package/bin/prover mnt/projet/2/circuit_final.zkey mnt/projet/2/witness.wtns mnt/projet/2/proof.json mnt/projet/2/public.json,True,0,system,0.13331611600006,0.0,0.016547000000002754,0.1800000000221189,135.01743481788645,8.438589676117903,23986176.0,23986176.0,0.0,0.0,12966.0,1016.0,0.0,0.0,0.1800000000221189,0.0,1030422528.0,1605632.0,0.0,0.0,3,raw/samples/n2_prove_rapidsnark_r44.csv,logs/n2_prove_rapidsnark_r44.log
2,prove,witness_rapidsnark,prove,45,rapidsnark,snarkjs wtns calculate circuit_js/circuit.wasm input.json witness.wtns,True,0,process,2.069343426999694,0.20323700000000144,0.16484700000000885,0.3680840000000103,17.787477670329906,1.1117173543956191,67297280.0,62388633.6,0.0,0.0,3055529.0,148.0,0.0,0.0,1.38999999999578,0.010000000000005116,1044955136.0,-10002432.0,0.0,69632.0,22,raw/samples/n2_witness_rapidsnark_r45.csv,logs/n2_witness_rapidsnark_r45.log
2,prove,prove_rapidsnark,prove,45,rapidsnark,docker exec debian_rapidsnark mnt/projet/rapidsnark/package/bin/prover mnt/projet/2/circuit_final.zkey mnt/projet/2/witness.wtns mnt/projet/2/proof.json mnt/projet/2/public.json,True,0,system,0.13350070799970126,0.005740000000002965,0.011479000000008455,0.14999999999417923,112.35895467649122,7.022434667280701,24510464.0,24510464.0,0.0,0.0,12958.0,1008.0,0.0,0.0,0.14999999999417923,0.0,1021898752.0,-2027520.0,0.0,0.0,3,raw/samples/n2_prove_rapidsnark_r45.csv,logs/n2_prove_rapidsnark_r45.log
2,prove,witness_rapidsnark,prove,46,rapidsnark,snarkjs wtns calculate circuit_js/circuit.wasm input.json witness.wtns,True,0,process,2.0325054950008052,0.18800399999997808,0.1741959999999949,0.362199999999973,17.820370025608685,1.1137731266005428,68358144.0,62551654.4,0.0,0.0,3108890.0,492.0,0.0,0.0,0.8299999999871943,0.0,1040224256.0,5701632.0,0.0,12288.0,22,raw/samples/n2_witness_rapidsnark_r46.csv,logs/n2_witness_rapidsnark_r46.log
2,prove,prove_rapidsnark,prove,46,rapidsnark,docker exec debian_rapidsnark mnt/projet/rapidsnark/package/bin/prover mnt/projet/2/circuit_final.zkey mnt/projet/2/witness.wtns mnt/projet/2/proof.json mnt/projet/2/public.json,True,0,system,0.13777871899947058,0.002679000000000542,0.014869000000004462,0.17000000001280569,123.38625387673905,7.7116408672961905,24248320.0,24248320.0,0.0,0.0,12966.0,1016.0,0.0,0.0,0.17000000001280569,0.0,1021935616.0,-5726208.0,0.0,0.0,3,raw/samples/n2_prove_rapidsnark_r46.csv,logs/n2_prove_rapidsnark_r46.log
2,prove,witness_rapidsnark,prove,47,rapidsnark,snarkjs wtns calculate circuit_js/circuit.wasm input.json witness.wtns,True,0,process,2.0382579560009617,0.14134699999999611,0.23115599999999858,0.3725029999999947,18.27555726709102,1.1422223291931888,67690496.0,62545920.0,0.0,0.0,3063965.0,148.0,0.0,0.0,0.8800000000137516,0.00999999999999801,1039167488.0,7438336.0,0.0,12288.0,22,raw/samples/n2_witness_rapidsnark_r47.csv,logs/n2_witness_rapidsnark_r47.log
2,prove,prove_rapidsnark,prove,47,rapidsnark,docker exec debian_rapidsnark mnt/projet/rapidsnark/package/bin/prover mnt/projet/2/circuit_final.zkey mnt/projet/2/witness.wtns mnt/projet/2/proof.json mnt/projet/2/public.json,True,0,system,0.15483869800118555,0.004885999999999058,0.012216999999992595,0.17999999999301508,116.25000876178697,7.265625547611686,24510464.0,24510464.0,0.0,0.0,12958.0,1008.0,0.0,0.0,0.17999999999301508,0.0,1028661248.0,-7778304.0,0.0,0.0,3,raw/samples/n2_prove_rapidsnark_r47.csv,logs/n2_prove_rapidsnark_r47.log
2,prove,witness_rapidsnark,prove,48,rapidsnark,snarkjs wtns calculate circuit_js/circuit.wasm input.json witness.wtns,True,0,process,2.0875838219999423,0.12613900000002332,0.23740499999999543,0.36354400000001874,17.414582167615052,1.0884113854759407,67096576.0,62397644.8,0.0,0.0,3052329.0,148.0,0.0,0.0,1.3000000000174623,0.0,1034702848.0,-1155072.0,0.0,0.0,22,raw/samples/n2_witness_rapidsnark_r48.csv,logs/n2_witness_rapidsnark_r48.log
2,prove,prove_rapidsnark,prove,48,rapidsnark,docker exec debian_rapidsnark mnt/projet/rapidsnark/package/bin/prover mnt/projet/2/circuit_final.zkey mnt/projet/2/witness.wtns mnt/projet/2/proof.json mnt/projet/2/public.json,True,0,system,0.13615705700067338,0.00742400000001453,0.010181000000017093,0.139999999984866,102.82243393684223,6.426402121052639,24117248.0,24117248.0,0.0,0.0,12950.0,1000.0,0.0,0.0,0.139999999984866,0.0,1018507264.0,-2297856.0,0.0,0.0,3,raw/samples/n2_prove_rapidsnark_r48.csv,logs/n2_prove_rapidsnark_r48.log
2,prove,witness_rapidsnark,prove,49,rapidsnark,snarkjs wtns calculate circuit_js/circuit.wasm input.json witness.wtns,True,0,process,2.0313480569984677,0.15739899999999807,0.20362199999999575,0.3610209999999938,17.7724835857741,1.1107802241108813,69005312.0,62707302.4,0.0,0.0,3108812.0,340.0,0.0,0.0,0.9799999999904685,0.00999999999999801,1035874304.0,2502656.0,0.0,12288.0,22,raw/samples/n2_witness_rapidsnark_r49.csv,logs/n2_witness_rapidsnark_r49.log
2,prove,prove_rapidsnark,prove,49,rapidsnark,docker exec debian_rapidsnark mnt/projet/rapidsnark/package/bin/prover mnt/projet/2/circuit_final.zkey mnt/projet/2/witness.wtns mnt/projet/2/proof.json mnt/projet/2/public.json,True,0,system,0.14131781200012483,0.005858999999986736,0.011718000000001894,0.17000000001280569,120.29622989963609,7.5185143687272555,24248320.0,24248320.0,0.0,0.0,12950.0,1000.0,0.0,0.0,0.17000000001280569,0.0,1022963712.0,4808704.0,0.0,0.0,3,raw/samples/n2_prove_rapidsnark_r49.csv,logs/n2_prove_rapidsnark_r49.log
2,prove,witness_rapidsnark,prove,50,rapidsnark,snarkjs wtns calculate circuit_js/circuit.wasm input.json witness.wtns,True,0,process,2.040768453000055,0.147658999999976,0.2158099999999763,0.3634689999999523,17.81039879686647,1.1131499248041543,67563520.0,62654873.6,0.0,0.0,3064071.0,148.0,0.0,0.0,0.8299999999871943,0.0,1041629184.0,700416.0,0.0,0.0,22,raw/samples/n2_witness_rapidsnark_r50.csv,logs/n2_witness_rapidsnark_r50.log
2,prove,prove_rapidsnark,prove,50,rapidsnark,docker exec debian_rapidsnark mnt/projet/rapidsnark/package/bin/prover mnt/projet/2/circuit_final.zkey mnt/projet/2/witness.wtns mnt/projet/2/proof.json mnt/projet/2/public.json,True,0,system,0.12477244699948642,0.008623999999997523,0.008623000000000047,0.20000000001164153,160.2917990479619,10.018237440497618,24510464.0,24510464.0,0.0,0.0,12958.0,1008.0,0.0,0.0,0.20000000001164153,0.0,1020682240.0,-7495680.0,0.0,0.0,3,raw/samples/n2_prove_rapidsnark_r50.csv,logs/n2_prove_rapidsnark_r50.log
2,verify,verify_rapidsnark,verify,1,rapidsnark,snarkjs groth16 verify verification_key.json public.json proof.json,True,0,process,2.3354364349997923,0.9846170000000143,0.3940780000000075,1.3786950000000218,59.033719750978555,3.6896074844361597,146636800.0,69317320.3478261,0.0,0.0,4199820.0,6116.0,0.0,0.0,2.250000000009095,0.00999999999999801,1107587072.0,25743360.0,0.0,12288.0,25,raw/samples/n2_verify_rapidsnark_r1.csv,logs/n2_verify_rapidsnark_r1.log
2,verify,verify_rapidsnark,verify,2,rapidsnark,snarkjs groth16 verify verification_key.json public.json proof.json,True,0,process,2.3100785140013613,0.9565939999999955,0.4064250000000129,1.3630190000000084,59.00314607225533,3.6876966295159583,196780032.0,69829538.9090909,0.0,0.0,4121348.0,652.0,0.0,0.0,1.8500000000058208,0.0,1143812096.0,31653888.0,0.0,0.0,24,raw/samples/n2_verify_rapidsnark_r2.csv,logs/n2_verify_rapidsnark_r2.log
2,verify,verify_rapidsnark,verify,3,rapidsnark,snarkjs groth16 verify verification_key.json public.json proof.json,True,0,process,2.352254379999067,0.943177999999989,0.4192160000000058,1.3623939999999948,57.9186507881233,3.6199156742577063,201981952.0,71269865.73913044,0.0,0.0,4179509.0,5724.0,0.0,0.0,1.8399999999965075,0.0,1158561792.0,36364288.0,0.0,0.0,25,raw/samples/n2_verify_rapidsnark_r3.csv,logs/n2_verify_rapidsnark_r3.log
2,verify,verify_rapidsnark,verify,4,rapidsnark,snarkjs groth16 verify verification_key.json public.json proof.json,True,0,process,2.3143870330004574,1.013194999999996,0.34294899999997597,1.356143999999972,58.59624948908465,3.6622655930677905,187383808.0,68970496.0,0.0,0.0,4086662.0,532.0,0.0,0.0,2.330000000016298,0.0,1136541696.0,33660928.0,0.0,0.0,24,raw/samples/n2_verify_rapidsnark_r4.csv,logs/n2_verify_rapidsnark_r4.log
2,verify,verify_rapidsnark,verify,5,rapidsnark,snarkjs groth16 verify verification_key.json public.json proof.json,True,0,process,2.292966777999027,0.8923130000000015,0.42881200000002195,1.3211250000000234,57.61640389543333,3.601025243464583,207482880.0,70429602.9090909,0.0,0.0,4101778.0,988.0,0.0,0.0,1.6900000000023283,0.0,1156153344.0,35221504.0,0.0,0.0,24,raw/samples/n2_verify_rapidsnark_r5.csv,logs/n2_verify_rapidsnark_r5.log
2,verify,verify_rapidsnark,verify,6,rapidsnark,snarkjs groth16 verify verification_key.json public.json proof.json,True,0,process,2.2940706750014215,0.820824000000016,0.44231099999998946,1.2631350000000054,55.060858140267314,3.441303633766707,207024128.0,70035642.18181819,0.0,0.0,4195249.0,1108.0,0.0,0.0,1.8099999999976717,0.0,1155612672.0,35934208.0,0.0,0.0,24,raw/samples/n2_verify_rapidsnark_r6.csv,logs/n2_verify_rapidsnark_r6.log
2,verify,verify_rapidsnark,verify,7,rapidsnark,snarkjs groth16 verify verification_key.json public.json proof.json,True,0,process,2.325915370000075,0.9131710000000339,0.43061099999999897,1.343782000000033,57.77432908059718,3.6108955675373235,173785088.0,68646353.45454545,0.0,0.0,4090121.0,476.0,0.0,0.0,2.429999999993015,0.0,1123721216.0,30617600.0,0.0,0.0,25,raw/samples/n2_verify_rapidsnark_r7.csv,logs/n2_verify_rapidsnark_r7.log
2,verify,verify_rapidsnark,verify,8,rapidsnark,snarkjs groth16 verify verification_key.json public.json proof.json,True,0,process,2.289869357000498,0.8862839999999892,0.45136099999999146,1.3376449999999807,58.41577799670472,3.650986124794045,208031744.0,70534050.9090909,0.0,0.0,4179887.0,1132.0,0.0,0.0,1.8800000000046566,0.0,1154809856.0,33812480.0,0.0,0.0,24,raw/samples/n2_verify_rapidsnark_r8.csv,logs/n2_verify_rapidsnark_r8.log
2,verify,verify_rapidsnark,verify,9,rapidsnark,snarkjs groth16 verify verification_key.json public.json proof.json,True,0,process,2.3649283680006192,1.0122129999999743,0.5074900000000184,1.5197029999999927,64.26000129910044,4.016250081193777,216121344.0,71979008.0,0.0,0.0,4231410.0,5284.0,0.0,0.0,2.2399999999906868,0.0,1164660736.0,35934208.0,0.0,0.0,25,raw/samples/n2_verify_rapidsnark_r9.csv,logs/n2_verify_rapidsnark_r9.log
2,verify,verify_rapidsnark,verify,10,rapidsnark,snarkjs groth16 verify verification_key.json public.json proof.json,True,0,process,2.3382010490004177,0.9506410000000187,0.47778900000000135,1.42843000000002,61.09098277116396,3.8181864231977474,137908224.0,69660315.82608695,0.0,0.0,4186576.0,6012.0,0.0,0.0,2.5,0.0,1116266496.0,32718848.0,0.0,0.0,25,raw/samples/n2_verify_rapidsnark_r10.csv,logs/n2_verify_rapidsnark_r10.log
2,verify,verify_rapidsnark,verify,11,rapidsnark,snarkjs groth16 verify verification_key.json public.json proof.json,True,0,process,2.305070804000934,0.9429069999999911,0.44126499999998714,1.3841719999999782,60.04900142752479,3.7530625892202996,201797632.0,69912576.0,0.0,0.0,4115418.0,772.0,0.0,0.0,1.8900000000139698,0.0,1151369216.0,27234304.0,0.0,16384.0,24,raw/samples/n2_verify_rapidsnark_r11.csv,logs/n2_verify_rapidsnark_r11.log
2,verify,verify_rapidsnark,verify,12,rapidsnark,snarkjs groth16 verify verification_key.json public.json proof.json,True,0,process,2.31947799199952,0.8762609999999995,0.4609700000000032,1.3372310000000027,57.65223919401083,3.603264949625677,168644608.0,68214411.63636364,0.0,0.0,4125075.0,540.0,0.0,0.0,2.320000000006985,0.0,1134182400.0,44937216.0,0.0,0.0,24,raw/samples/n2_verify_rapidsnark_r12.csv,logs/n2_verify_rapidsnark_r12.log
2,verify,verify_rapidsnark,verify,13,rapidsnark,snarkjs groth16 verify verification_key.json public.json proof.json,True,0,process,2.3217854380000063,0.9208980000000224,0.4205389999999909,1.3414370000000133,57.77609670752055,3.6110060442200345,162717696.0,68079802.18181819,0.0,0.0,4105559.0,468.0,0.0,0.0,2.2699999999895226,0.0,1121103872.0,28491776.0,0.0,0.0,25,raw/samples/n2_verify_rapidsnark_r13.csv,logs/n2_verify_rapidsnark_r13.log
2,verify,verify_rapidsnark,verify,14,rapidsnark,snarkjs groth16 verify verification_key.json public.json proof.json,True,0,process,2.3234331530002237,0.8790539999999964,0.420613000000003,1.2996669999999995,55.93735280577165,3.4960845503607283,170729472.0,68325376.0,0.0,0.0,4085546.0,476.0,0.0,0.0,1.8099999999976717,0.0,1132036096.0,21012480.0,0.0,0.0,25,raw/samples/n2_verify_rapidsnark_r14.csv,logs/n2_verify_rapidsnark_r14.log
2,verify,verify_rapidsnark,verify,15,rapidsnark,snarkjs groth16 verify verification_key.json public.json proof.json,True,0,process,2.3049616609987424,0.8997209999999995,0.4119269999999915,1.311647999999991,56.90541505283227,3.5565884408020167,196845568.0,69543563.63636364,0.0,0.0,4216209.0,820.0,0.0,0.0,2.0,0.0,1155387392.0,30765056.0,0.0,0.0,24,raw/samples/n2_verify_rapidsnark_r15.csv,logs/n2_verify_rapidsnark_r15.log
2,verify,verify_rapidsnark,verify,16,rapidsnark,snarkjs groth16 verify verification_key.json public.json proof.json,True,0,process,2.3214860309999494,0.8404659999999922,0.4604770000000258,1.300943000000018,56.039234465677744,3.502452154104859,171876352.0,68434478.54545455,0.0,0.0,4142357.0,548.0,0.0,0.0,2.3500000000058208,0.0,1123094528.0,9392128.0,0.0,0.0,25,raw/samples/n2_verify_rapidsnark_r16.csv,logs/n2_verify_rapidsnark_r16.log
2,verify,verify_rapidsnark,verify,17,rapidsnark,snarkjs groth16 verify verification_key.json public.json proof.json,True,0,process,2.388605498999823,0.8867329999999924,0.46247899999997344,1.3492119999999659,56.485342622083024,3.530333913880189,213876736.0,72266440.3478261,0.0,0.0,4218131.0,1308.0,0.0,0.0,1.9500000000116415,0.0,1160622080.0,23580672.0,0.0,0.0,25,raw/samples/n2_verify_rapidsnark_r17.csv,logs/n2_verify_rapidsnark_r17.log
2,verify,verify_rapidsnark,verify,18,rapidsnark,snarkjs groth16 verify verification_key.json public.json proof.json,True,0,process,2.3056508299996494,0.9160830000000146,0.5354790000000094,1.451562000000024,62.956714048512055,3.9347946280320034,204804096.0,70832872.72727273,0.0,0.0,4127835.0,772.0,0.0,0.0,2.1000000000058208,0.0,1151201280.0,28139520.0,0.0,0.0,24,raw/samples/n2_verify_rapidsnark_r18.csv,logs/n2_verify_rapidsnark_r18.log
2,verify,verify_rapidsnark,verify,19,rapidsnark,snarkjs groth16 verify verification_key.json public.json proof.json,True,0,process,2.328359807999732,0.908048000000008,0.4833309999999926,1.3913790000000006,59.75790319088693,3.734868949430433,157532160.0,67813562.18181819,0.0,0.0,4083178.0,324.0,0.0,0.0,2.3800000000046566,0.0,1111166976.0,24031232.0,0.0,0.0,25,raw/samples/n2_verify_rapidsnark_r19.csv,logs/n2_verify_rapidsnark_r19.log
2,verify,verify_rapidsnark,verify,20,rapidsnark,snarkjs groth16 verify verification_key.json public.json proof.json,True,0,process,2.303896363999229,0.9421739999999659,0.4277990000000216,1.3699729999999875,59.463308393868616,3.7164567746167885,199786496.0,69381399.27272727,0.0,0.0,4068900.0,660.0,0.0,0.0,2.0599999999976717,0.0,1152413696.0,35176448.0,0.0,0.0,24,raw/samples/n2_verify_rapidsnark_r20.csv,logs/n2_verify_rapidsnark_r20.log
2,verify,verify_rapidsnark,verify,21,rapidsnark,snarkjs groth16 verify verification_key.json public.json proof.json,True,0,process,2.314633911000783,1.0629150000000323,0.46335399999998117,1.5262690000000134,65.93997403849049,4.121248377405656,196874240.0,69949998.54545455,0.0,0.0,4054680.0,588.0,0.0,0.0,2.25,0.0,1145921536.0,24842240.0,0.0,0.0,24,raw/samples/n2_verify_rapidsnark_r21.csv,logs/n2_verify_rapidsnark_r21.log
2,verify,verify_rapidsnark,verify,22,rapidsnark,snarkjs groth16 verify verification_key.json public.json proof.json,True,0,process,2.3279086729999108,0.8539470000000051,0.45393699999999626,1.3078840000000014,56.182788232605695,3.511424264537856,160321536.0,67883380.36363636,0.0,0.0,4108568.0,540.0,0.0,0.0,2.370000000024447,0.0,1113313280.0,32735232.0,0.0,0.0,25,raw/samples/n2_verify_rapidsnark_r22.csv,logs/n2_verify_rapidsnark_r22.log
2,verify,verify_rapidsnark,verify,23,rapidsnark,snarkjs groth16 verify verification_key.json public.json proof.json,True,0,process,2.321452968999438,0.9214460000000031,0.4150110000000211,1.3364570000000242,57.569850341445694,3.598115646340356,174383104.0,68462964.36363636,0.0,0.0,4120868.0,468.0,0.0,0.0,1.8699999999953434,0.0,1123512320.0,33083392.0,0.0,0.0,25,raw/samples/n2_verify_rapidsnark_r23.csv,logs/n2_verify_rapidsnark_r23.log
2,verify,verify_rapidsnark,verify,24,rapidsnark,snarkjs groth16 verify verification_key.json public.json proof.json,True,0,process,2.285529280999981,0.9214419999999564,0.3896749999999827,1.311116999999939,57.36601192990579,3.5853757456191118,208453632.0,70665122.9090909,0.0,0.0,4200363.0,1172.0,0.0,0.0,1.7700000000186265,0.0,1159274496.0,41189376.0,0.0,0.0,24,raw/samples/n2_verify_rapidsnark_r24.csv,logs/n2_verify_rapidsnark_r24.log
2,verify,verify_rapidsnark,verify,25,rapidsnark,snarkjs groth16 verify verification_key.json public.json proof.json,True,0,process,2.323934531001214,0.8908270000000016,0.47244100000000344,1.363268000000005,58.66206563971801,3.6663791024823755,158380032.0,68051316.36363636,0.0,0.0,4067143.0,348.0,0.0,0.0,2.220000000001164,0.0,1111166976.0,28934144.0,0.0,0.0,25,raw/samples/n2_verify_rapidsnark_r25.csv,logs/n2_verify_rapidsnark_r25.log
2,verify,verify_rapidsnark,verify,26,rapidsnark,snarkjs groth16 verify verification_key.json public.json proof.json,True,0,process,2.350486319999618,0.9266729999999939,0.46323300000000245,1.3899059999999963,59.132698972705455,3.695793685794091,188817408.0,73235589.56521739,0.0,0.0,4192899.0,5756.0,0.0,0.0,1.959999999991851,0.0,1150709760.0,21127168.0,0.0,0.0,25,raw/samples/n2_verify_rapidsnark_r26.csv,logs/n2_verify_rapidsnark_r26.log
2,verify,verify_rapidsnark,verify,27,rapidsnark,snarkjs groth16 verify verification_key.json public.json proof.json,True,0,process,2.302714127999934,0.898097000000007,0.443207000000001,1.341304000000008,58.24882835825665,3.6405517723910408,200900608.0,70389573.81818181,0.0,0.0,4116471.0,748.0,0.0,0.0,1.8800000000046566,0.0,1150099456.0,27226112.0,0.0,0.0,24,raw/samples/n2_verify_rapidsnark_r27.csv,logs/n2_verify_rapidsnark_r27.log
2,verify,verify_rapidsnark,verify,28,rapidsnark,snarkjs groth16 verify verification_key.json public.json proof.json,True,0,process,2.3406607500000973,0.9755420000000186,0.3869459999999947,1.3624880000000132,58.209546171949796,3.6380966357468623,143106048.0,70111766.26086956,0.0,0.0,4229171.0,6020.0,0.0,0.0,2.4400000000023283,0.0,1121320960.0,27545600.0,0.0,0.0,25,raw/samples/n2_verify_rapidsnark_r28.csv,logs/n2_verify_rapidsnark_r28.log
2,verify,verify_rapidsnark,verify,29,rapidsnark,snarkjs groth16 verify verification_key.json public.json proof.json,True,0,process,2.3373254150010325,1.026728999999989,0.429901000000001,1.4566299999999899,62.320376557380065,3.895023534836254,179884032.0,71078600.3478261,0.0,0.0,4229371.0,6084.0,0.0,0.0,2.139999999984866,0.0,1128943616.0,25890816.0,0.0,0.0,25,raw/samples/n2_verify_rapidsnark_r29.csv,logs/n2_verify_rapidsnark_r29.log
2,verify,verify_rapidsnark,verify,30,rapidsnark,snarkjs groth16 verify verification_key.json public.json proof.json,True,0,process,2.3434290349996445,0.9255130000000236,0.4648459999999943,1.3903590000000179,59.330108965737416,3.7081318103585885,166453248.0,70051572.86956522,0.0,0.0,4199984.0,5892.0,0.0,0.0,2.4400000000023283,0.0,1147977728.0,56741888.0,4096.0,0.0,25,raw/samples/n2_verify_rapidsnark_r30.csv,logs/n2_verify_rapidsnark_r30.log
2,verify,verify_rapidsnark,verify,31,rapidsnark,snarkjs groth16 verify verification_key.json public.json proof.json,True,0,process,2.335277137999583,0.9689849999999751,0.404892000000018,1.3738769999999931,58.83143279417651,3.6769645496360317,148615168.0,69292388.17391305,0.0,0.0,4213494.0,6148.0,0.0,0.0,2.4600000000209548,0.0,1107021824.0,38551552.0,0.0,0.0,25,raw/samples/n2_verify_rapidsnark_r31.csv,logs/n2_verify_rapidsnark_r31.log
2,verify,verify_rapidsnark,verify,32,rapidsnark,snarkjs groth16 verify verification_key.json public.json proof.json,True,0,process,2.3011607060016104,0.8498789999999872,0.4729889999999841,1.3228679999999713,57.48698891606424,3.592936807254015,202018816.0,69939572.36363636,0.0,0.0,4100244.0,732.0,0.0,0.0,1.9700000000011642,0.0,1158438912.0,35704832.0,0.0,0.0,24,raw/samples/n2_verify_rapidsnark_r32.csv,logs/n2_verify_rapidsnark_r32.log
2,verify,verify_rapidsnark,verify,33,rapidsnark,snarkjs groth16 verify verification_key.json public.json proof.json,True,0,process,2.293476634000399,0.8738370000000373,0.43111100000001557,1.3049480000000528,56.898246995605795,3.556140437225362,207167488.0,70542987.63636364,0.0,0.0,4163216.0,1028.0,0.0,0.0,1.849999999976717,0.0,1163059200.0,16977920.0,0.0,0.0,24,raw/samples/n2_verify_rapidsnark_r33.csv,logs/n2_verify_rapidsnark_r33.log
2,verify,verify_rapidsnark,verify,34,rapidsnark,snarkjs groth16 verify verification_key.json public.json proof.json,True,0,process,2.3097847290009668,0.8536259999999629,0.4502379999999846,1.3038639999999475,56.44958959287507,3.528099349554692,187215872.0,69052229.81818181,0.0,0.0,4186152.0,708.0,0.0,0.0,2.2300000000104774,0.0,1144664064.0,43835392.0,0.0,0.0,24,raw/samples/n2_verify_rapidsnark_r34.csv,logs/n2_verify_rapidsnark_r34.log
2,verify,verify_rapidsnark,verify,35,rapidsnark,snarkjs groth16 verify verification_key.json public.json proof.json,True,0,process,2.3388400909989286,0.951671000000033,0.4465230000000133,1.3981940000000463,59.7815132971691,3.7363445810730687,142319616.0,69995119.30434783,0.0,0.0,4170947.0,6020.0,0.0,0.0,2.1199999999953434,0.0,1122713600.0,34713600.0,0.0,0.0,25,raw/samples/n2_verify_rapidsnark_r35.csv,logs/n2_verify_rapidsnark_r35.log
2,verify,verify_rapidsnark,verify,36,rapidsnark,snarkjs groth16 verify verification_key.json public.json proof.json,True,0,process,2.3233895789999224,0.9495549999999753,0.4535769999999957,1.403131999999971,60.39159393165281,3.7744746207283004,162783232.0,67913914.18181819,0.0,0.0,4076072.0,292.0,0.0,0.0,2.1000000000058208,0.0,1109237760.0,30654464.0,0.0,0.0,25,raw/samples/n2_verify_rapidsnark_r36.csv,logs/n2_verify_rapidsnark_r36.log
2,verify,verify_rapidsnark,verify,37,rapidsnark,snarkjs groth16 verify verification_key.json public.json proof.json,True,0,process,2.345681427999807,0.9601840000000266,0.46492900000001214,1.4251130000000387,60.754754801262635,3.7971721750789147,169705472.0,70639081.73913044,0.0,0.0,4204679.0,5852.0,0.0,0.0,2.320000000006985,0.0,1138171904.0,35516416.0,0.0,0.0,25,raw/samples/n2_verify_rapidsnark_r37.csv,logs/n2_verify_rapidsnark_r37.log
2,verify,verify_rapidsnark,verify,38,rapidsnark,snarkjs groth16 verify verification_key.json public.json proof.json,True,0,process,2.3059912729986536,0.9167939999999817,0.432785999999993,1.3495799999999747,58.5249396128466,3.6578087258029126,192880640.0,69919464.72727273,0.0,0.0,4192188.0,700.0,0.0,0.0,1.929999999993015,0.0,1139208192.0,39452672.0,0.0,0.0,24,raw/samples/n2_verify_rapidsnark_r38.csv,logs/n2_verify_rapidsnark_r38.log
2,verify,verify_rapidsnark,verify,39,rapidsnark,snarkjs groth16 verify verification_key.json public.json proof.json,True,0,process,2.3056725089991232,0.9438999999999851,0.42485099999998965,1.3687509999999747,59.36450188210555,3.710281367631597,195325952.0,69655272.72727273,0.0,0.0,4068519.0,628.0,0.0,0.0,2.0199999999895226,0.0,1140609024.0,24326144.0,0.0,0.0,24,raw/samples/n2_verify_rapidsnark_r39.csv,logs/n2_verify_rapidsnark_r39.log
2,verify,verify_rapidsnark,verify,40,rapidsnark,snarkjs groth16 verify verification_key.json public.json proof.json,True,0,process,2.376703756999632,0.8900390000000016,0.49819300000001476,1.3882320000000163,58.409972042646594,3.650623252665412,214274048.0,71727193.04347827,0.0,0.0,4167310.0,1412.0,0.0,0.0,2.5,0.0,1163145216.0,39563264.0,0.0,0.0,25,raw/samples/n2_verify_rapidsnark_r40.csv,logs/n2_verify_rapidsnark_r40.log
2,verify,verify_rapidsnark,verify,41,rapidsnark,snarkjs groth16 verify verification_key.json public.json proof.json,True,0,process,2.301827757000865,0.8771520000000237,0.5043629999999837,1.3815150000000074,60.018174504943566,3.751135906558973,205271040.0,70413405.0909091,0.0,0.0,4111937.0,820.0,0.0,0.0,1.9700000000011642,0.0,1153654784.0,33726464.0,0.0,0.0,24,raw/samples/n2_verify_rapidsnark_r41.csv,logs/n2_verify_rapidsnark_r41.log
2,verify,verify_rapidsnark,verify,42,rapidsnark,snarkjs groth16 verify verification_key.json public.json proof.json,True,0,process,2.3031738480003696,0.9562470000000189,0.38760100000001785,1.3438480000000368,58.347658001013436,3.6467286250633397,202571776.0,69885393.45454545,0.0,0.0,4100767.0,788.0,0.0,0.0,1.8800000000046566,0.0,1148555264.0,27705344.0,0.0,0.0,24,raw/samples/n2_verify_rapidsnark_r42.csv,logs/n2_verify_rapidsnark_r42.log
2,verify,verify_rapidsnark,verify,43,rapidsnark,snarkjs groth16 verify verification_key.json public.json proof.json,True,0,process,2.379409384999235,0.9126849999999536,0.4743599999999901,1.3870449999999437,58.29366769520368,3.64335423095023,210804736.0,71595586.7826087,0.0,0.0,4233947.0,1404.0,0.0,0.0,2.3800000000046566,0.0,1163096064.0,26804224.0,0.0,0.0,25,raw/samples/n2_verify_rapidsnark_r43.csv,logs/n2_verify_rapidsnark_r43.log
2,verify,verify_rapidsnark,verify,44,rapidsnark,snarkjs groth16 verify verification_key.json public.json proof.json,True,0,process,2.280921118999686,0.8593940000000089,0.47048699999999144,1.3298810000000003,58.30455901882433,3.6440349386765205,210923520.0,70841250.9090909,0.0,0.0,4192894.0,1340.0,0.0,0.0,1.889999999984866,0.0,1162842112.0,40976384.0,0.0,0.0,24,raw/samples/n2_verify_rapidsnark_r44.csv,logs/n2_verify_rapidsnark_r44.log
2,verify,verify_rapidsnark,verify,45,rapidsnark,snarkjs groth16 verify verification_key.json public.json proof.json,True,0,process,2.31136805099959,0.9798049999999989,0.43963899999999967,1.4194439999999986,61.41142252901419,3.838213908063387,189833216.0,69153326.54545455,0.0,0.0,4050056.0,412.0,0.0,0.0,2.14000000001397,0.0,1139372032.0,24367104.0,0.0,0.0,24,raw/samples/n2_verify_rapidsnark_r45.csv,logs/n2_verify_rapidsnark_r45.log
2,verify,verify_rapidsnark,verify,46,rapidsnark,snarkjs groth16 verify verification_key.json public.json proof.json,True,0,process,2.392083863998778,0.9902150000000347,0.39915200000001505,1.3893670000000498,58.081868320347475,3.630116770021717,208850944.0,70733289.73913044,0.0,0.0,4188292.0,1244.0,0.0,0.0,2.5,0.0,1165078528.0,30806016.0,0.0,0.0,25,raw/samples/n2_verify_rapidsnark_r46.csv,logs/n2_verify_rapidsnark_r46.log
2,verify,verify_rapidsnark,verify,47,rapidsnark,snarkjs groth16 verify verification_key.json public.json proof.json,True,0,process,2.32001506800043,0.9333279999999604,0.3922149999999931,1.3255429999999535,57.13510305527498,3.5709439409546864,174059520.0,68536878.54545455,0.0,0.0,4114393.0,452.0,0.0,0.0,2.070000000006985,0.0,1128706048.0,34238464.0,0.0,0.0,25,raw/samples/n2_verify_rapidsnark_r47.csv,logs/n2_verify_rapidsnark_r47.log
2,verify,verify_rapidsnark,verify,48,rapidsnark,snarkjs groth16 verify verification_key.json public.json proof.json,True,0,process,2.3286989309999626,0.8934800000000109,0.4391029999999887,1.3325829999999996,57.22435744099291,3.576522340062057,148619264.0,67234164.36363636,0.0,0.0,3890983.0,468.0,0.0,0.0,2.4100000000034925,0.0,1105903616.0,19083264.0,0.0,0.0,25,raw/samples/n2_verify_rapidsnark_r48.csv,logs/n2_verify_rapidsnark_r48.log
2,verify,verify_rapidsnark,verify,49,rapidsnark,snarkjs groth16 verify verification_key.json public.json proof.json,True,0,process,2.350993919000757,0.9598189999999818,0.38260600000000977,1.3424249999999915,57.100317833682965,3.5687698646051853,199397376.0,71359265.39130434,0.0,0.0,4248630.0,5716.0,0.0,0.0,2.3500000000058208,0.0,1158840320.0,39333888.0,0.0,0.0,25,raw/samples/n2_verify_rapidsnark_r49.csv,logs/n2_verify_rapidsnark_r49.log
2,verify,verify_rapidsnark,verify,50,rapidsnark,snarkjs groth16 verify verification_key.json public.json proof.json,True,0,process,2.3017587889989954,0.8841540000000236,0.4254679999999951,1.3096220000000187,56.89657866233482,3.556036166395926,199913472.0,69953536.0,0.0,0.0,4158010.0,804.0,0.0,0.0,1.900000000023283,0.0,1148354560.0,40218624.0,0.0,0.0,24,raw/samples/n2_verify_rapidsnark_r50.csv,logs/n2_verify_rapidsnark_r50.log
