t_s,proc_rss_bytes,proc_cpu_s,proc_cpu_pct,proc_read_bytes,proc_write_bytes,nproc,sys_cpu_pct,sys_iowait_pct,sys_mem_used_bytes,sys_read_bytes,sys_write_bytes
0.0000,0,0.0000,0.00,0,0,0,0.00,0.00,858247168,0,0
0.0109,6905856,0.0000,0.00,0,0,1,11.50,0.00,858099712,0,0
0.0218,32137216,0.0000,0.00,0,0,1,22.97,0.00,861970432,0,0
0.0328,37101568,0.0000,0.00,0,0,1,11.32,0.00,865067008,0,0
0.0436,44396544,0.0300,279.00,0,0,1,11.63,0.00,867176448,0,0
0.0541,45674496,0.0300,0.00,0,0,1,23.64,0.00,868208640,0,0
0.0655,46006272,0.0400,87.89,0,0,1,10.99,0.00,868208640,0,0
0.0767,47443968,0.0600,178.69,0,0,1,11.17,0.00,868724736,0,0
0.0882,48103424,0.0700,87.20,0,0,1,32.70,0.00,869212160,0,0
0.0998,48857088,0.0800,86.24,0,0,1,21.56,0.00,869298176,0,0
0.1118,49778688,0.0900,83.30,0,0,1,10.41,0.00,869441536,0,0
0.1234,54206464,0.1100,172.40,0,0,1,10.77,0.00,869699584,0,0
0.1345,55767040,0.1200,89.51,0,0,1,22.38,0.00,870473728,0,0
0.1456,56541184,0.1300,90.03,0,0,1,11.25,0.00,870989824,0,0
0.1569,57794560,0.1400,88.97,0,0,1,11.12,0.00,871763968,0,0
0.1681,58392576,0.1600,178.48,0,0,1,22.31,0.00,872280064,0,0
0.1789,60227584,0.1700,92.29,0,0,1,11.54,0.00,873312256,0,0
0.1900,60559360,0.1800,90.18,0,0,1,11.27,0.00,873828352,0,0
0.2016,61587456,0.1900,86.49,0,0,1,10.81,0.00,874344448,0,0
0.2126,62128128,0.2000,90.75,0,0,1,11.34,0.00,874860544,0,0
0.2238,62935040,0.2100,89.09,0,0,1,44.54,0.00,875634688,0,0
0.2352,63205376,0.2200,88.04,0,0,1,11.01,0.00,875892736,0,0
0.2463,65572864,0.2300,90.12,0,0,1,22.53,0.00,876666880,0,0
0.2576,67923968,0.2600,264.60,0,0,1,33.07,0.00,876924928,0,0
0.2692,67923968,0.2700,86.49,0,0,1,10.81,0.00,877182976,0,0
0.2806,69230592,0.2800,87.20,0,0,1,10.90,0.00,878215168,0,0
0.2920,72151040,0.3000,175.83,0,0,1,21.98,0.00,879505408,0,0
0.3044,72151040,0.3100,80.71,0,0,1,40.35,0.00,879505408,0,0
0.3156,73502720,0.3300,178.36,0,0,1,11.15,0.00,879505408,0,0
0.3267,74584064,0.3400,90.53,0,0,1,11.32,0.00,879763456,0,0
0.3379,74584064,0.3600,178.20,0,0,1,33.41,0.00,879763456,0,0
0.3492,74584064,0.3700,88.14,0,0,1,11.02,0.00,879763456,0,0
0.3607,74584064,0.3800,87.59,0,0,1,10.95,0.00,883957760,0,0
0.3726,74584064,0.3900,83.53,0,0,1,10.44,0.00,922755072,0,0
0.3846,75395072,0.4000,83.50,0,0,1,20.88,0.00,879763456,0,0
0.3959,75935744,0.4300,265.75,0,0,1,22.15,0.00,879763456,0,0
0.4073,75935744,0.4400,87.54,0,0,1,10.94,0.00,879763456,0,0
0.4186,75935744,0.4600,177.21,0,0,1,33.23,0.00,879763456,0,0
0.4299,76263424,0.4700,88.33,0,0,1,11.04,0.00,879763456,0,0
0.4408,76263424,0.4800,92.14,0,0,1,11.52,0.00,879763456,0,0
0.4517,76263424,0.4900,91.69,0,0,1,11.46,0.00,879763456,0,0
0.4628,76263424,0.5000,89.96,0,0,1,11.25,0.00,879763456,0,0
0.4737,76263424,0.5100,91.83,0,0,1,11.48,0.00,879763456,0,0
0.4850,76263424,0.5200,88.71,0,0,1,11.09,0.00,879763456,0,0
0.4964,76263424,0.5300,87.03,0,0,1,10.88,0.00,879763456,0,0
0.5082,76263424,0.5500,170.61,0,0,1,21.33,0.00,879763456,0,0
0.5196,76263424,0.5600,87.31,0,0,1,10.91,0.00,879763456,0,0
0.5312,76263424,0.5700,86.39,0,0,1,10.80,0.00,879763456,0,0
0.5424,76263424,0.5800,89.46,0,0,1,11.18,0.00,879763456,0,0
0.5538,76804096,0.6000,175.60,0,0,1,32.93,0.00,879763456,0,0
0.5651,75726848,0.6200,175.88,0,0,1,10.99,0.00,879763456,0,0
0.5761,75726848,0.6300,91.46,0,0,1,11.43,0.00,879763456,0,0
0.5872,75726848,0.6400,89.62,0,0,1,11.20,0.00,879763456,0,0
0.5983,75726848,0.6600,181.22,0,0,1,33.98,0.00,879763456,0,0
0.6093,75726848,0.6700,90.81,0,0,1,11.35,0.00,879763456,0,0
0.6203,75726848,0.6800,91.06,0,0,1,11.38,0.00,879763456,0,0
0.6314,75726848,0.6900,89.68,0,0,1,11.21,0.00,879763456,0,0
0.6426,75726848,0.7000,89.06,0,0,1,11.13,0.00,879763456,0,0
0.6538,75726848,0.7200,179.17,0,0,1,44.79,0.00,880021504,0,0
0.6651,76804096,0.7500,266.06,0,0,1,44.34,0.00,880537600,0,0
0.6766,77074432,0.7800,261.25,0,0,1,10.89,0.00,880537600,0,0
0.6885,77156352,0.8200,335.41,0,0,1,52.41,0.00,880537600,0,0
0.7008,77512704,0.8300,81.26,0,0,1,10.16,0.00,880795648,0,0
0.7119,77512704,0.8400,90.01,0,0,1,11.25,0.00,880795648,0,0
0.7234,78860288,0.8500,86.68,0,0,1,10.83,0.00,880795648,0,0
0.7351,82644992,0.8800,256.23,0,0,1,21.35,0.00,883118080,0,0
0.7465,86970368,0.8900,87.97,0,0,1,11.00,0.00,887504896,0,0
0.7577,87220224,0.9300,357.71,0,0,1,44.71,0.00,891375616,0,0
0.7688,89378816,0.9600,271.46,0,0,1,45.24,0.00,891633664,0,0
0.7796,88600576,0.9800,183.55,0,0,1,11.47,0.00,891891712,0,0
0.7905,99729408,1.0000,183.83,0,0,1,22.98,0.00,901439488,0,0
0.8016,109985792,1.0500,453.29,0,0,1,56.66,0.00,909414400,0,0
0.8140,112717824,1.0700,160.53,0,0,1,10.03,0.00,911736832,0,0
0.8249,119054336,1.1100,367.60,0,0,1,11.49,0.00,915091456,0,0
0.8372,123432960,1.1600,406.04,0,0,1,50.75,0.00,921542656,0,0
0.8481,131940352,1.2200,551.75,0,0,1,126.44,0.00,927219712,0,0
0.8592,134168576,1.2600,359.36,0,0,1,44.92,0.00,929284096,0,0
0.8706,136458240,1.3000,351.80,0,0,1,43.97,0.00,930832384,0,0
0.9009,150110208,1.4500,495.50,0,0,1,49.55,0.00,942702592,0,0
0.9118,153112576,1.5300,731.88,0,0,1,68.61,0.00,945541120,0,0
0.9227,155934720,1.5700,367.78,0,0,1,57.47,0.00,948121600,0,0
0.9343,158396416,1.6700,861.58,0,0,1,96.93,0.00,950185984,0,0
0.9458,162627584,1.7600,778.77,0,0,1,75.71,0.00,953282560,0,0
0.9564,165720064,1.8100,472.67,0,0,1,70.90,0.00,956895232,0,0
0.9673,169025536,1.8900,732.41,0,0,1,91.55,0.00,960507904,0,0
0.9787,171188224,1.9800,789.91,0,0,1,164.56,0.00,962056192,0,0
0.9898,172924928,2.0700,813.87,0,0,1,67.82,0.00,964636672,0,0
1.0009,174817280,2.1000,269.61,0,0,1,11.23,0.00,966701056,0,0
1.0116,174817280,2.1000,0.00,0,0,1,0.00,0.00,966701056,0,0
1.0225,175382528,2.1100,91.71,0,0,1,11.46,0.00,966959104,0,0
1.0339,175652864,2.1300,175.31,0,0,1,0.00,0.00,967217152,0,0
1.0447,176193536,2.1400,92.02,0,0,1,11.50,0.00,967733248,0,0
1.0556,176463872,2.1400,0.00,0,0,1,11.49,0.00,968249344,0,0
1.0671,176734208,2.1500,87.29,0,0,1,10.91,0.00,968249344,0,0
1.0781,177004544,2.1700,181.13,0,0,1,33.96,0.00,968249344,0,0
1.0893,177004544,2.1900,178.12,0,0,1,11.13,0.00,968249344,0,0
1.1007,177004544,2.2000,88.08,0,0,1,11.01,0.00,968249344,0,0
1.1118,177004544,2.2100,89.83,0,0,1,11.23,0.00,968249344,0,0
1.1228,177029120,2.2300,181.89,0,0,1,34.10,0.00,968249344,0,0
1.1342,177029120,2.2600,263.21,0,0,1,10.97,0.00,968249344,0,0
1.1452,177029120,2.2700,90.97,0,0,1,0.00,0.00,968249344,0,0
1.1562,177029120,2.2900,182.19,0,0,1,22.77,0.00,968249344,0,0
1.1673,177029120,2.3300,360.86,0,0,1,22.55,0.00,968249344,0,0
1.1786,177029120,2.3800,441.67,0,0,1,77.29,0.00,968249344,0,0
1.1899,177029120,2.4100,265.93,0,0,1,44.32,0.00,968249344,0,0
1.2013,177029120,2.4500,350.22,0,0,1,21.89,0.00,968507392,0,0
1.2125,177029120,2.4900,356.29,0,0,1,44.54,0.00,968507392,0,0
1.2237,177029120,2.5100,179.61,0,0,1,44.90,0.00,968507392,0,0
1.2348,177029120,2.5600,447.85,0,0,1,44.79,0.00,968507392,0,0
1.2500,177029120,2.6200,395.33,0,0,1,65.89,0.00,968507392,0,0
1.2610,177029120,2.7000,729.37,0,0,1,68.38,0.00,968507392,0,0
1.2723,177029120,2.7300,264.87,0,0,1,44.14,0.00,968507392,0,0
1.2835,177029120,2.7700,358.75,0,0,1,44.84,0.00,968507392,0,0
1.2944,177029120,2.8200,458.55,0,0,1,45.86,0.00,968507392,0,0
1.3054,177029120,2.8300,90.15,0,0,1,45.08,0.00,968507392,0,0
1.3165,177029120,2.8900,542.09,0,0,1,45.17,0.00,968507392,0,0
1.3274,177029120,2.9400,461.32,0,0,1,46.13,0.00,968507392,0,0
1.3383,177029120,2.9900,455.19,0,0,1,125.18,0.00,968507392,0,0
1.3500,177029120,3.1000,944.03,0,0,1,107.28,0.00,968507392,0,0
1.3608,177029120,3.1800,742.68,0,0,1,92.83,0.00,968507392,0,0
1.3718,177299456,3.2600,725.41,0,0,1,68.01,0.00,968507392,0,0
1.3833,177299456,3.2700,86.75,0,0,1,43.37,0.00,968507392,0,0
1.3941,177299456,3.3300,557.42,0,0,1,46.45,0.00,968507392,0,0
1.4054,177299456,3.3500,177.50,0,0,1,55.47,0.00,968507392,0,0
1.4167,177565696,3.4100,529.58,0,0,1,44.13,0.00,968507392,0,0
1.4275,177565696,3.4200,92.27,0,0,1,57.67,0.00,968507392,0,0
1.4387,177836032,3.5000,717.96,0,0,1,112.18,0.00,969023488,0,0
1.4500,177836032,3.5400,354.06,0,0,1,44.26,0.00,969023488,0,0
1.4607,177836032,3.5800,370.91,0,0,1,57.95,0.00,969023488,0,0
1.4719,177836032,3.6200,357.62,0,0,1,11.18,0.00,969281536,0,0
1.4836,177836032,3.6500,258.08,0,0,1,75.27,0.00,969281536,0,0
1.4944,177836032,3.7100,550.57,0,0,1,68.82,0.00,969281536,0,0
1.5056,177836032,3.7800,625.96,0,0,1,78.24,0.00,969281536,0,0
1.5174,177836032,3.9000,1023.85,0,0,1,95.99,0.00,969281536,0,0
1.5282,177836032,4.0000,919.85,0,0,1,160.97,0.00,969281536,0,0
1.5393,177836032,4.0700,629.94,0,0,1,78.74,0.00,969281536,0,0
1.5502,177836032,4.1800,1010.07,0,0,1,126.26,0.00,969281536,0,0
1.5609,177836032,4.2700,842.87,0,0,1,93.65,0.00,969281536,0,0
1.5718,177836032,4.3400,642.86,0,0,1,91.84,0.00,969281536,0,0
1.5830,177836032,4.4200,712.60,0,0,1,89.08,0.00,969281536,0,0
1.5940,177836032,4.5000,726.84,0,0,1,79.50,0.00,969281536,0,0
1.6117,177836032,4.5800,452.66,0,0,1,49.51,0.00,969281536,0,0
1.6227,177836032,4.6000,181.50,0,0,1,45.37,0.00,969281536,0,0
1.6338,177836032,4.6500,449.73,0,0,1,44.97,0.00,969281536,0,0
1.6447,177836032,4.6800,276.46,0,0,1,46.08,0.00,969281536,0,0
1.6557,177836032,4.7200,362.42,0,0,1,45.30,0.00,969281536,0,0
1.6668,178106368,4.7700,451.72,0,0,1,33.88,0.00,969281536,0,0
1.6776,178106368,4.7900,184.31,0,0,1,92.16,0.00,969281536,0,0
1.6889,178106368,4.8700,713.91,0,0,1,55.77,0.00,969281536,0,0
1.7000,178106368,4.9100,360.26,0,0,1,45.03,0.00,969281536,0,0
1.7108,178376704,4.9500,368.53,0,0,1,34.55,0.00,969539584,0,0
1.7221,178376704,4.9800,265.09,0,0,1,44.18,0.00,969539584,0,0
1.7337,178376704,5.0100,259.05,0,0,1,32.38,0.00,969539584,0,0
1.7445,178376704,5.0600,462.11,0,0,1,57.76,0.00,969539584,0,0
1.7558,178376704,5.1000,354.26,0,0,1,44.28,0.00,969539584,0,0
1.7670,178376704,5.1400,357.56,0,0,1,44.69,0.00,969539584,0,0
1.7779,178376704,5.2200,731.14,0,0,1,125.67,0.00,969539584,0,0
1.7896,178376704,5.2500,256.63,0,0,1,42.77,0.00,969539584,0,0
1.8014,178376704,5.3400,762.57,0,0,1,127.10,0.00,969539584,0,0
1.8198,178376704,5.3800,218.07,0,0,1,27.26,0.00,969539584,0,0
1.8309,178376704,5.4200,359.11,0,0,1,78.56,0.00,969539584,0,0
1.8418,178376704,5.4500,274.65,0,0,1,45.77,0.00,969539584,0,0
1.8528,178376704,5.4800,274.94,0,0,1,45.82,0.00,969797632,0,0
1.8633,178647040,5.5000,188.74,0,0,1,23.59,0.00,970055680,0,0
1.8741,178647040,5.6200,1112.39,0,0,1,173.81,0.00,970055680,0,0
1.8948,178647040,5.7000,387.90,0,0,1,48.49,0.00,970055680,0,0
1.9057,178647040,5.7500,456.50,0,0,1,91.30,0.00,970055680,0,0
1.9194,178647040,5.8900,1025.09,0,0,1,146.44,0.00,970055680,0,0
1.9303,178647040,5.9500,546.62,0,0,1,68.33,0.00,970055680,0,0
1.9444,178647040,6.0600,785.28,0,0,1,89.24,0.00,970055680,0,0
1.9558,178647040,6.1500,789.14,0,0,1,87.68,0.00,970055680,0,0
1.9686,178647040,6.2600,854.61,0,0,1,155.38,0.00,970055680,0,0
1.9801,178647040,6.3500,782.47,0,0,1,76.07,0.00,970055680,0,0
1.9909,178647040,6.4500,928.24,0,0,1,104.43,0.00,970055680,0,0
2.0055,178647040,6.5300,547.20,0,0,1,68.40,0.00,970055680,0,0
2.0164,178647040,6.6000,645.76,0,0,1,92.25,0.00,970055680,0,0
2.0271,178647040,6.6800,745.03,0,0,1,93.13,0.00,970055680,0,0
2.0391,178647040,6.8000,996.91,0,0,1,124.61,0.00,970055680,0,0
2.0507,178647040,6.9000,865.12,0,0,1,108.14,0.00,970055680,0,0
2.0615,178647040,7.0000,927.33,0,0,1,115.92,0.00,970055680,0,0
2.0723,178647040,7.0800,738.86,0,0,1,92.36,0.00,970055680,0,0
2.0882,178647040,7.2000,753.50,0,0,1,102.04,0.00,970055680,0,0
2.0996,178647040,7.2900,794.18,0,0,1,99.27,0.00,970055680,0,0
2.1103,178647040,7.3900,930.09,0,0,1,104.64,0.00,970055680,0,0
2.1213,178647040,7.4700,729.91,0,0,1,102.64,0.00,970055680,0,0
2.1327,178647040,7.5500,698.13,0,0,1,76.36,0.00,970055680,0,0
2.1435,178647040,7.6200,650.76,0,0,1,81.34,0.00,970055680,0,0
2.1546,178647040,7.7000,723.36,0,0,1,67.81,0.00,970313728,0,0
2.1663,178647040,7.7300,254.76,0,0,1,42.46,0.00,970313728,0,0
2.1770,179458048,7.7600,279.98,0,0,1,35.00,0.00,970571776,0,0
2.1884,179458048,7.8000,352.75,0,0,1,110.23,0.00,970571776,0,0
2.1994,179458048,7.8400,361.67,0,0,1,45.21,0.00,970571776,0,0
2.2103,179458048,7.8800,367.76,0,0,1,45.97,0.00,970571776,0,0
2.2215,179458048,7.9200,357.49,0,0,1,55.86,0.00,970571776,0,0
2.2331,179458048,7.9700,430.70,0,0,1,43.07,0.00,970571776,0,0
2.2440,179458048,8.0100,368.78,0,0,1,46.10,0.00,970571776,0,0
2.2552,179458048,8.0600,446.10,0,0,1,44.61,0.00,970571776,0,0
2.2664,179458048,8.1000,355.85,0,0,1,55.60,0.00,970571776,0,0
2.2773,179458048,8.1400,366.00,0,0,1,45.75,0.00,970571776,0,0
2.2883,179458048,8.1900,456.94,0,0,1,79.97,0.00,970571776,0,0
2.2995,179728384,8.2200,267.72,0,0,1,44.62,0.00,970829824,0,0
2.3103,179728384,8.2600,370.08,0,0,1,46.26,0.00,970829824,0,0
2.3214,179728384,8.3000,360.27,0,0,1,45.03,0.00,970829824,0,0
2.3329,179728384,8.3400,348.86,0,0,1,43.61,0.00,970829824,0,0
2.3437,179728384,8.3800,370.40,0,0,1,46.30,0.00,970829824,0,0
2.3547,179728384,8.4200,362.49,0,0,1,45.31,0.00,970829824,0,0
2.3660,179728384,8.4700,443.90,0,0,1,44.39,0.00,970829824,0,0
2.3769,179728384,8.5000,275.58,0,0,1,45.93,0.00,970829824,0,0
2.3881,179728384,8.5600,533.40,0,0,1,66.68,0.00,971087872,0,0
2.3998,179728384,8.6000,341.51,0,0,1,53.36,0.00,971087872,0,0
2.4105,179728384,8.6400,374.50,0,0,1,46.81,0.00,971087872,0,0
2.4216,179728384,8.6800,361.29,0,0,1,45.16,0.00,971087872,0,0
2.4324,179728384,8.7200,368.49,0,0,1,46.06,0.00,971087872,0,0
2.4432,179728384,8.7600,371.63,0,0,1,46.45,0.00,971087872,0,0
2.4544,179728384,8.8000,357.70,0,0,1,55.89,0.00,971087872,0,0
2.4658,179728384,8.8400,350.17,0,0,1,43.77,0.00,971087872,0,0
2.4766,179728384,8.8800,370.49,0,0,1,46.31,0.00,971087872,0,0
2.4875,179728384,8.9500,638.93,0,0,1,91.28,0.00,971087872,0,0
2.4999,179728384,9.0000,403.09,0,0,1,50.39,0.00,971087872,0,0
2.5108,179728384,9.0400,370.31,0,0,1,46.29,0.00,971087872,0,0
2.5216,179728384,9.0800,368.85,0,0,1,46.11,0.00,971087872,0,0
2.5325,179728384,9.1200,368.15,0,0,1,57.52,0.00,971087872,0,0
2.5432,179728384,9.1600,371.27,0,0,1,46.41,0.00,971087872,0,0
2.5542,179728384,9.2000,363.87,0,0,1,45.48,0.00,971087872,0,0
2.5655,179728384,9.2400,356.10,0,0,1,44.51,0.00,971087872,0,0
2.5760,179728384,9.2800,378.00,0,0,1,47.25,0.00,971087872,0,0
2.5867,179728384,9.3200,374.81,0,0,1,58.56,0.00,971087872,0,0
2.5982,179998720,9.3900,607.66,0,0,1,65.11,0.00,971603968,0,0
2.6213,180809728,9.5000,477.80,0,0,1,76.01,0.00,972636160,0,0
2.6323,180809728,9.5700,630.97,0,0,1,78.87,0.00,972636160,0,0
2.6430,180809728,9.6600,843.42,0,0,1,93.71,0.00,972636160,0,0
2.6574,180809728,9.7300,486.29,0,0,1,69.47,0.00,972636160,0,0
2.6685,180809728,9.8800,1357.04,0,0,1,180.94,0.00,972636160,0,0
2.6803,180809728,9.9600,674.18,0,0,1,84.27,0.00,972636160,0,0
2.6910,180809728,10.0400,748.39,0,0,1,93.55,0.00,972636160,0,0
2.7075,180809728,10.1300,545.67,0,0,1,60.63,0.00,972636160,0,0
2.7244,180809728,10.2900,946.54,0,0,1,118.32,0.00,972636160,0,0
2.7353,180809728,10.3700,734.40,0,0,1,91.80,0.00,972636160,0,0
2.7459,180809728,10.4500,754.87,0,0,1,94.36,0.00,972636160,0,0
2.7566,180809728,10.5300,749.56,0,0,1,93.70,0.00,972636160,0,0
2.7672,180809728,10.6100,750.50,0,0,1,93.81,0.00,972636160,0,0
2.7778,180809728,10.7300,1135.75,0,0,1,165.63,0.00,972636160,0,0
2.7885,180809728,10.8100,750.60,0,0,1,93.83,0.00,972636160,0,0
2.7991,180809728,10.9100,941.88,0,0,1,117.73,0.00,972636160,0,0
2.8097,180809728,10.9900,755.05,0,0,1,94.38,0.00,972636160,0,0
2.8205,180809728,11.0500,555.06,0,0,1,80.95,0.00,972636160,0,0
2.8318,180809728,11.1400,795.75,0,0,1,99.47,0.00,972636160,0,0
2.8424,180809728,11.2200,754.33,0,0,1,94.29,0.00,972636160,0,0
2.8530,180809728,11.3000,753.98,0,0,1,94.25,0.00,972636160,0,0
2.8641,180809728,11.3800,724.81,0,0,1,90.60,0.00,972636160,0,0
2.8747,180809728,11.4600,753.08,0,0,1,94.13,0.00,972636160,0,0
2.8863,180809728,11.5400,687.83,0,0,1,85.98,0.00,972636160,0,0
2.8983,180809728,11.6800,1171.67,0,0,1,146.46,0.00,972636160,0,0
2.9094,180809728,11.7600,720.89,0,0,1,90.11,0.00,972636160,0,0
2.9201,180809728,11.8400,744.74,0,0,1,81.46,0.00,972636160,0,0
2.9318,180809728,11.9200,680.69,0,0,1,95.72,0.00,972636160,0,0
2.9437,180809728,12.0200,843.94,0,0,1,94.94,0.00,972636160,0,0
2.9632,180809728,12.1400,616.49,0,0,1,77.06,0.00,972636160,0,0
2.9739,180809728,12.2500,1021.52,0,0,1,127.69,0.00,972636160,0,0
2.9862,180809728,12.3600,896.08,0,0,1,81.46,0.00,972636160,0,0
2.9978,180809728,12.4100,430.42,0,0,1,96.84,0.00,972636160,0,0
3.0184,180809728,12.6000,921.55,0,0,1,121.26,0.00,972636160,0,0
3.0293,180809728,12.6800,739.00,0,0,1,69.28,0.00,972636160,0,0
3.0405,180809728,12.7800,889.03,0,0,1,100.02,0.00,972636160,0,0
3.0523,180809728,12.8700,764.49,0,0,1,106.18,0.00,972636160,0,0
3.0631,180809728,12.9300,555.63,0,0,1,69.45,0.00,972636160,0,0
3.0739,180809728,13.0300,923.78,0,0,1,115.47,0.00,972636160,0,0
3.0979,180809728,13.2200,793.23,0,0,1,104.37,0.00,972636160,0,0
3.1089,180809728,13.3200,906.22,0,0,1,124.61,0.00,972636160,0,0
3.1221,180809728,13.4100,683.02,0,0,1,75.89,0.00,972636160,0,0
3.1327,180809728,13.4700,562.33,0,0,1,70.29,0.00,972636160,0,0
3.1436,180809728,13.5700,918.52,0,0,1,114.82,0.00,972636160,0,0
3.1553,180809728,13.6600,768.12,0,0,1,85.35,0.00,972636160,0,0
3.1660,180809728,13.7300,654.38,0,0,1,81.80,0.00,972636160,0,0
3.1770,180809728,13.8100,731.02,0,0,1,91.38,0.00,972636160,0,0
3.1878,180809728,13.9300,1110.56,0,0,1,138.82,0.00,972894208,0,0
3.1989,180809728,13.9800,451.99,0,0,1,56.50,0.00,972894208,0,0
3.2097,180809728,14.0300,462.21,0,0,1,57.78,0.00,972894208,0,0
3.2207,180809728,14.0800,451.64,0,0,1,56.46,0.00,972894208,0,0
3.2317,180809728,14.1300,455.95,0,0,1,56.99,0.00,972894208,0,0
3.2425,180809728,14.1800,463.19,0,0,1,57.90,0.00,972894208,0,0
3.2538,180809728,14.2300,442.64,0,0,1,55.33,0.00,972894208,0,0
3.2652,180809728,14.2800,438.41,0,0,1,54.80,0.00,972894208,0,0
3.2760,180809728,14.3300,464.59,0,0,1,58.07,0.00,972894208,0,0
3.2871,180809728,14.3700,359.67,0,0,1,44.96,0.00,972894208,0,0
3.2985,180809728,14.4500,702.83,0,0,1,87.85,0.00,972894208,0,0
3.3091,181080064,14.4700,187.81,0,0,1,23.48,0.00,972894208,0,0
3.3198,181891072,14.4900,187.93,0,0,1,58.73,0.00,973410304,0,0
3.3314,181891072,14.5300,343.18,0,0,1,42.90,0.00,973410304,0,0
3.3423,181891072,14.5800,458.23,0,0,1,57.28,0.00,973410304,0,0
3.3534,181891072,14.6100,271.13,0,0,1,45.19,0.00,973410304,0,0
3.3650,181891072,14.6500,344.90,0,0,1,43.11,0.00,973410304,0,0
3.3759,181891072,14.6900,366.55,0,0,1,45.82,0.00,973410304,0,0
3.3872,181891072,14.7300,354.55,0,0,1,77.56,0.00,973410304,0,0
3.3987,181891072,14.8100,696.88,0,0,1,65.33,0.00,973410304,0,0
3.4095,181891072,14.8500,369.25,0,0,1,46.16,0.00,973410304,0,0
3.4207,181891072,14.8900,357.06,0,0,1,44.63,0.00,973410304,0,0
3.4317,181891072,14.9300,363.81,0,0,1,45.48,0.00,973410304,0,0
3.4425,181891072,14.9700,370.29,0,0,1,46.29,0.00,973410304,0,0
3.4536,181891072,15.0100,359.76,0,0,1,44.97,0.00,973410304,0,0
3.4650,181891072,15.0600,439.52,0,0,1,43.95,0.00,973410304,0,0
3.4759,181891072,15.0900,276.18,0,0,1,46.03,0.00,973410304,0,0
3.4872,181891072,15.1300,352.33,0,0,1,99.09,0.00,973410304,0,0
3.4986,182161408,15.2100,700.79,0,0,1,32.85,0.00,973668352,0,0
3.5094,182702080,15.2300,186.13,0,0,1,46.53,0.00,974442496,0,0
3.5204,182702080,15.2700,363.85,0,0,1,45.48,0.00,974442496,0,0
3.5325,182702080,15.3100,330.30,0,0,1,41.29,0.00,974442496,0,0
3.5434,182702080,15.3500,365.54,0,0,1,45.69,0.00,974442496,0,0
3.5548,182702080,15.3900,350.96,0,0,1,43.87,0.00,974442496,0,0
3.5661,182702080,15.4300,353.33,0,0,1,44.17,0.00,974442496,0,0
3.5770,182702080,15.4700,368.85,0,0,1,46.11,0.00,974442496,0,0
3.5886,182702080,15.5300,517.46,0,0,1,75.46,0.00,974442496,0,0
3.5997,182702080,15.5900,540.38,0,0,1,67.55,0.00,974442496,0,0
3.6104,182702080,15.6300,374.33,0,0,1,58.49,0.00,974442496,0,0
3.6213,182702080,15.6700,366.48,0,0,1,45.81,0.00,974442496,0,0
3.6323,182702080,15.7100,363.85,0,0,1,56.85,0.00,974442496,0,0
3.6431,182702080,15.7500,367.84,0,0,1,45.98,0.00,974442496,0,0
3.6545,182702080,15.7900,353.14,0,0,1,44.14,0.00,974442496,0,0
3.6661,182702080,15.8300,344.96,0,0,1,43.12,0.00,974442496,0,0
3.6770,182702080,15.8700,364.75,0,0,1,45.59,0.00,974442496,0,0
3.6885,182702080,15.9300,523.20,0,0,1,65.40,0.00,974442496,0,0
3.6998,182702080,15.9900,532.65,0,0,1,66.58,0.00,974442496,0,0
3.7107,182972416,16.0300,365.85,0,0,1,45.73,0.00,974700544,0,0
3.7219,182972416,16.0700,356.27,0,0,1,33.40,0.00,974700544,0,0
3.7331,183242752,16.0900,179.03,0,0,1,11.19,0.00,974700544,0,0
3.7441,183242752,16.1200,272.95,0,0,1,45.49,0.00,974700544,0,0
3.7552,183242752,16.1600,360.54,0,0,1,45.07,0.00,974700544,0,0
3.7663,183242752,16.2000,360.93,0,0,1,45.12,0.00,974700544,0,0
3.7771,183242752,16.2400,367.68,0,0,1,57.45,0.00,974700544,0,0
3.7887,183242752,16.3200,690.17,0,0,1,86.27,0.00,974700544,0,0
3.7997,183242752,16.3600,364.73,0,0,1,45.59,0.00,974700544,0,0
3.8107,183242752,16.4000,365.46,0,0,1,45.68,0.00,974700544,0,0
3.8218,183242752,16.4400,357.90,0,0,1,55.92,0.00,974700544,0,0
3.8330,183242752,16.4800,356.60,0,0,1,55.72,0.00,974700544,0,0
3.8441,183242752,16.5200,361.05,0,0,1,56.41,0.00,974700544,0,0
3.8554,183242752,16.5600,356.11,0,0,1,44.51,0.00,974700544,0,0
3.8687,183242752,16.6400,598.92,0,0,1,84.22,0.00,974700544,0,0
3.8860,183242752,16.6800,231.35,0,0,1,36.15,0.00,974700544,0,0
3.8981,183242752,16.7500,578.32,0,0,1,72.29,0.00,974700544,0,0
3.9092,183242752,16.8000,452.69,0,0,1,56.59,0.00,974700544,0,0
3.9204,183242752,16.8400,357.05,0,0,1,44.63,0.00,974700544,0,0
3.9321,183242752,16.8800,340.85,0,0,1,42.61,0.00,974700544,0,0
3.9432,183242752,16.9200,359.86,0,0,1,44.98,0.00,974700544,0,0
3.9547,183242752,16.9600,347.68,0,0,1,43.46,0.00,974700544,0,0
3.9660,183242752,17.0000,354.13,0,0,1,44.27,0.00,974700544,0,0
3.9772,183242752,17.0400,358.17,0,0,1,44.77,0.00,974700544,0,0
3.9884,183242752,17.0900,445.40,0,0,1,77.94,0.00,974700544,0,0
3.9997,183242752,17.1500,531.50,0,0,1,66.44,0.00,974700544,0,0
4.0109,183242752,17.1800,268.32,0,0,1,44.72,0.00,974700544,0,0
4.0220,183242752,17.2400,538.07,0,0,1,67.26,0.00,974700544,0,0
4.0415,183242752,17.3000,307.77,0,0,1,44.88,0.00,974700544,0,0
4.0526,183242752,17.3600,541.94,0,0,1,45.16,0.00,974700544,0,0
4.0690,183242752,17.4400,487.24,0,0,1,68.52,0.00,974700544,0,0
4.0803,183242752,17.4700,264.53,0,0,1,33.07,0.00,974700544,0,0
4.0913,183242752,17.5200,455.30,0,0,1,56.91,0.00,974700544,0,0
4.1024,183242752,17.5600,360.90,0,0,1,45.11,0.00,974700544,0,0
4.1141,183242752,17.6000,342.97,0,0,1,42.87,0.00,974700544,0,0
4.1254,183242752,17.6400,351.71,0,0,1,43.96,0.00,974700544,0,0
4.1370,183242752,17.7100,606.36,0,0,1,86.62,0.00,974700544,0,0
4.1491,183242752,17.7500,330.71,0,0,1,41.34,0.00,974700544,0,0
4.1603,183242752,17.8000,446.93,0,0,1,55.87,0.00,974700544,0,0
4.1715,183242752,17.8400,356.64,0,0,1,44.58,0.00,974700544,0,0
4.1827,183242752,17.8800,355.77,0,0,1,55.59,0.00,974700544,0,0
4.1939,183242752,17.9200,357.22,0,0,1,44.65,0.00,974700544,0,0
4.2052,183242752,17.9600,356.43,0,0,1,44.55,0.00,974700544,0,0
4.2165,183242752,18.0000,353.69,0,0,1,55.26,0.00,974700544,0,0
4.2276,183242752,18.0700,629.13,0,0,1,101.11,0.00,974700544,0,0
4.2389,183242752,18.0900,176.81,0,0,1,22.10,0.00,974700544,0,0
4.2501,183242752,18.1600,622.41,0,0,1,77.80,0.00,974700544,0,0
4.2623,183242752,18.2000,328.30,0,0,1,51.30,0.00,974700544,0,0
4.2737,183242752,18.2400,352.03,0,0,1,55.00,0.00,974700544,0,0
4.2848,183242752,18.2800,361.20,0,0,1,56.44,0.00,974700544,0,0
4.2962,183242752,18.3200,349.60,0,0,1,54.63,0.00,974700544,0,0
4.3075,183242752,18.3600,354.00,0,0,1,77.44,0.00,974700544,0,0
4.3188,183242752,18.4300,618.48,0,0,1,55.22,0.00,974700544,0,0
4.3309,183242752,18.4700,331.26,0,0,1,41.41,0.00,974700544,0,0
4.3425,183242752,18.5200,432.86,0,0,1,64.93,0.00,974700544,0,0
4.3622,183242752,18.5900,353.83,0,0,1,63.18,0.00,974700544,0,0
4.3846,183242752,18.6800,402.90,0,0,1,61.55,0.00,974700544,0,0
4.3958,183242752,18.7200,355.91,0,0,1,44.49,0.00,974700544,0,0
4.4071,183242752,18.7700,442.41,0,0,1,55.30,0.00,974700544,0,0
4.4184,183242752,18.8100,356.00,0,0,1,66.75,0.00,974700544,0,0
4.4301,183242752,18.8500,341.76,0,0,1,42.72,0.00,974700544,0,0
4.4412,183242752,18.9100,536.97,0,0,1,78.31,0.00,974700544,0,0
4.4524,183242752,18.9700,539.44,0,0,1,56.19,0.00,974700544,0,0
4.4643,183242752,18.9800,83.41,0,0,1,31.28,0.00,974700544,0,0
4.4757,183242752,19.0400,528.07,0,0,1,55.01,0.00,974700544,0,0
4.4876,183242752,19.1000,505.26,0,0,1,73.68,0.00,974700544,0,0
4.4991,183242752,19.1300,260.95,0,0,1,32.62,0.00,974700544,0,0
4.5103,183242752,19.1700,355.50,0,0,1,44.44,0.00,974700544,0,0
4.5218,183242752,19.2300,523.94,0,0,1,65.49,0.00,974700544,0,0
4.5332,183242752,19.2800,439.51,0,0,1,54.94,0.00,974700544,0,0
4.5442,183242752,19.3200,360.97,0,0,1,45.12,0.00,974700544,0,0
4.5554,183242752,19.3600,359.57,0,0,1,44.95,0.00,974700544,0,0
4.5665,183242752,19.4000,359.99,0,0,1,45.00,0.00,974700544,0,0
4.5776,183242752,19.4800,718.10,0,0,1,100.98,0.00,974700544,0,0
4.5889,183242752,19.5200,355.30,0,0,1,44.41,0.00,974700544,0,0
4.5998,183242752,19.5600,366.71,0,0,1,57.30,0.00,974700544,0,0
4.6107,183242752,19.6000,365.46,0,0,1,45.68,0.00,974700544,0,0
4.6219,183242752,19.6400,356.46,0,0,1,55.70,0.00,974700544,0,0
4.6331,183242752,19.6800,359.06,0,0,1,44.88,0.00,974700544,0,0
4.6444,183242752,19.7200,353.07,0,0,1,55.17,0.00,974700544,0,0
4.6557,183242752,19.7600,353.62,0,0,1,44.20,0.00,974700544,0,0
4.6669,183242752,19.8000,356.48,0,0,1,44.56,0.00,974700544,0,0
4.6781,183242752,19.8700,625.71,0,0,1,78.21,0.00,974958592,0,0
4.6893,183242752,19.8900,178.68,0,0,1,22.33,0.00,974958592,0,0
4.7006,183513088,19.9200,266.70,0,0,1,33.34,0.00,975216640,0,0
4.7119,183513088,19.9500,263.88,0,0,1,32.98,0.00,975216640,0,0
4.7231,183513088,19.9600,89.61,0,0,1,11.20,0.00,975216640,0,0
4.7344,183513088,19.9900,264.91,0,0,1,44.15,0.00,975216640,0,0
4.7456,183513088,20.0100,178.66,0,0,1,33.50,0.00,975216640,0,0
4.7568,183513088,20.0300,179.35,0,0,1,33.63,0.00,975216640,0,0
4.7679,183513088,20.0700,358.89,0,0,1,56.08,0.00,975216640,0,0
4.7793,183513088,20.0900,175.54,0,0,1,21.94,0.00,975216640,0,0
4.7905,183513088,20.1100,178.72,0,0,1,33.51,0.00,975216640,0,0
4.8018,183513088,20.1300,176.42,0,0,1,22.05,0.00,975216640,0,0
4.8135,183513088,20.1500,171.31,0,0,1,21.41,0.00,975216640,0,0
4.8248,183513088,20.1700,176.62,0,0,1,22.08,0.00,975216640,0,0
4.8359,183513088,20.1900,180.74,0,0,1,22.59,0.00,975216640,0,0
4.8483,183513088,20.2300,321.56,0,0,1,40.19,0.00,975474688,0,0
4.8592,183513088,20.2400,91.80,0,0,1,22.95,0.00,975474688,0,0
4.8707,183783424,20.2500,86.99,0,0,1,10.87,0.00,975990784,0,0
4.8819,183783424,20.2600,89.24,0,0,1,11.15,0.00,975990784,0,0
4.8930,183783424,20.2700,90.54,0,0,1,11.32,0.00,975990784,0,0
4.9042,183783424,20.2800,89.33,0,0,1,11.17,0.00,975990784,0,0
4.9155,183783424,20.2900,88.40,0,0,1,11.05,0.00,975990784,0,0
4.9265,183783424,20.3000,90.67,0,0,1,22.67,0.00,975990784,0,0
4.9375,183783424,20.3100,91.20,0,0,1,11.40,0.00,975990784,0,0
4.9484,183783424,20.3400,273.70,0,0,1,68.42,0.00,975990784,0,0
4.9592,183783424,20.3500,93.27,0,0,1,11.66,0.00,975990784,0,0
4.9704,183783424,20.3600,89.01,0,0,1,22.25,0.00,975990784,0,0
4.9817,183783424,20.3700,88.15,0,0,1,11.02,0.00,975990784,0,0
4.9929,183783424,20.3800,89.57,0,0,1,11.20,0.00,975990784,0,0
5.0043,183783424,20.3900,87.93,0,0,1,10.99,0.00,975990784,0,0
5.0153,184053760,20.4000,91.01,0,0,1,11.38,0.00,975990784,0,0
5.0265,184053760,20.4200,177.76,0,0,1,44.44,0.00,975990784,0,0
5.0377,184053760,20.4900,624.22,0,0,1,55.73,0.00,975990784,0,0
5.0491,184053760,20.5000,87.61,0,0,1,21.90,0.00,975990784,0,0
5.0601,184053760,20.5200,183.07,0,0,1,22.88,0.00,975990784,0,0
5.0713,184053760,20.5400,178.47,0,0,1,22.31,0.00,975990784,0,0
5.0828,184053760,20.5600,174.27,0,0,1,32.68,0.00,975990784,0,0
5.0939,184053760,20.5800,179.90,0,0,1,33.73,0.00,975990784,0,0
5.1049,184053760,20.6000,180.86,0,0,1,22.61,0.00,975990784,0,0
5.1160,184053760,20.6200,180.81,0,0,1,22.60,0.00,975990784,0,0
5.1268,184053760,20.6400,184.47,0,0,1,23.06,0.00,975990784,0,0
5.1380,184053760,20.6800,357.02,0,0,1,55.78,0.00,975990784,0,0
5.1627,184053760,20.8000,486.10,0,0,1,65.83,0.00,975990784,0,0
5.1738,184053760,20.8500,452.11,0,0,1,22.61,0.00,975990784,0,0
5.1848,184053760,20.8700,182.13,0,0,1,45.53,0.00,975990784,0,0
5.1961,184053760,20.9400,616.96,0,0,1,44.07,0.00,975990784,0,0
5.2070,184053760,20.9500,91.68,0,0,1,11.46,0.00,975990784,0,0
5.2181,184053760,21.0200,629.60,0,0,1,89.94,0.00,975990784,0,0
5.2300,184053760,21.0500,252.76,0,0,1,42.13,0.00,975990784,0,0
5.2409,184053760,21.0900,367.07,0,0,1,57.35,0.00,975990784,0,0
5.2521,184053760,21.1300,356.73,0,0,1,44.59,0.00,975990784,0,0
5.2642,184053760,21.1700,332.04,0,0,1,51.88,0.00,975990784,0,0
5.2753,184053760,21.2100,359.53,0,0,1,44.94,0.00,975990784,0,0
5.2865,184053760,21.2500,357.81,0,0,1,44.73,0.00,975990784,0,0
5.2974,184053760,21.2900,364.83,0,0,1,45.60,0.00,975990784,0,0
5.3084,184324096,21.3500,548.31,0,0,1,102.81,0.00,975990784,0,0
5.3292,184324096,21.5000,721.48,0,0,1,96.20,0.00,975990784,0,0
5.3453,184324096,21.6000,620.94,0,0,1,69.86,0.00,975990784,0,0
5.3614,184324096,21.7400,865.56,0,0,1,115.92,0.00,975990784,0,0
5.3766,184324096,21.8400,659.19,0,0,1,65.92,0.00,975990784,0,0
5.3892,184324096,21.9100,556.07,0,0,1,79.44,0.00,975990784,0,0
5.4004,184594432,21.9500,355.96,0,0,1,55.62,0.00,975990784,0,0
5.4117,184594432,21.9800,265.69,0,0,1,22.14,0.00,975990784,0,0
5.4230,184594432,22.0000,177.95,0,0,1,11.12,0.00,975990784,0,0
5.4341,184594432,22.0100,89.52,0,0,1,44.76,0.00,975990784,0,0
5.4457,184594432,22.0500,345.58,0,0,1,43.20,0.00,975990784,0,0
5.4570,184594432,22.0900,355.18,0,0,1,44.40,0.00,975990784,0,0
5.4682,184594432,22.1700,712.59,0,0,1,89.07,0.00,975990784,0,0
5.4803,184594432,22.2100,329.38,0,0,1,41.17,0.00,975990784,0,0
5.4915,184594432,22.2500,357.82,0,0,1,44.73,0.00,975990784,0,0
5.5025,184864768,22.2800,273.16,0,0,1,45.53,0.00,976248832,0,0
5.5146,184864768,22.3200,330.83,0,0,1,41.35,0.00,976248832,0,0
5.5258,184864768,22.3600,356.83,0,0,1,44.60,0.00,976248832,0,0
5.5373,184864768,22.4000,348.01,0,0,1,87.00,0.00,976248832,0,0
5.5489,184864768,22.4800,690.55,0,0,1,53.95,0.00,976248832,0,0
5.5601,184864768,22.5200,356.51,0,0,1,22.28,0.00,976248832,0,0
5.5713,184864768,22.5400,179.29,0,0,1,44.82,0.00,976248832,0,0
5.5825,184864768,22.5800,355.57,0,0,1,44.45,0.00,976248832,0,0
5.5937,184864768,22.6200,356.53,0,0,1,44.57,0.00,976248832,0,0
5.6050,184864768,22.6600,355.57,0,0,1,44.45,0.00,976248832,0,0
5.6163,184864768,22.7000,353.68,0,0,1,44.21,0.00,976248832,0,0
5.6275,184864768,22.7500,445.81,0,0,1,100.31,0.00,976248832,0,0
5.6404,184864768,22.8200,544.76,0,0,1,38.91,0.00,976248832,0,0
5.6517,184864768,22.8600,352.16,0,0,1,44.02,0.00,976248832,0,0
5.6640,184864768,22.9000,324.62,0,0,1,40.58,0.00,976248832,0,0
5.6751,184864768,22.9400,362.63,0,0,1,45.33,0.00,976248832,0,0
5.6865,184864768,22.9800,351.10,0,0,1,43.89,0.00,976248832,0,0
5.6977,184864768,23.0600,714.18,0,0,1,100.43,0.00,976248832,0,0
5.7090,184864768,23.1000,353.74,0,0,1,55.27,0.00,976248832,0,0
5.7201,184864768,23.1400,358.08,0,0,1,44.76,0.00,976248832,0,0
5.7313,184864768,23.1800,358.47,0,0,1,33.61,0.00,976248832,0,0
5.7427,185135104,23.1900,87.63,0,0,1,0.00,0.00,976506880,0,0
5.7544,185135104,23.2300,341.49,0,0,1,64.03,0.00,976506880,0,0
5.7707,185135104,23.3600,798.81,0,0,1,107.53,0.00,976506880,0,0
5.7924,185135104,23.5400,828.18,0,0,1,103.52,0.00,976506880,0,0
5.8106,185135104,23.6800,769.81,0,0,1,103.10,0.00,976506880,0,0
5.8266,185135104,23.8400,1001.68,0,0,1,125.21,0.00,976506880,0,0
5.8462,185135104,23.9500,561.76,0,0,1,102.14,0.00,976506880,0,0
5.8623,185135104,24.0900,867.69,0,0,1,69.72,0.00,976506880,0,0
5.8805,185135104,24.2300,770.63,0,0,1,110.09,0.00,976506880,0,0
5.8979,185135104,24.3800,862.71,0,0,1,107.84,0.00,976506880,0,0
5.9090,185135104,24.4500,630.67,0,0,1,90.10,0.00,976506880,0,0
5.9239,185135104,24.5400,600.85,0,0,1,66.76,0.00,976506880,0,0
5.9385,185135104,24.7000,1097.64,0,0,1,145.78,0.00,976506880,0,0
5.9504,185135104,24.7700,588.49,0,0,1,63.05,0.00,976506880,0,0
5.9617,185135104,24.8100,355.36,0,0,1,55.53,0.00,976506880,0,0
5.9726,185135104,24.8600,459.37,0,0,1,45.94,0.00,976506880,0,0
5.9837,185135104,24.9000,360.28,0,0,1,56.29,0.00,976506880,0,0
5.9954,185135104,24.9300,256.40,0,0,1,32.05,0.00,976506880,0,0
6.0065,185135104,24.9800,449.53,0,0,1,33.71,0.00,976506880,0,0
6.0177,185135104,25.0000,177.75,0,0,1,44.44,0.00,976506880,0,0
6.0303,185405440,25.0300,238.29,0,0,1,39.71,0.00,976764928,0,0
6.0415,185405440,25.0700,359.14,0,0,1,44.89,0.00,976764928,0,0
6.0532,185405440,25.1100,341.46,0,0,1,42.68,0.00,976764928,0,0
6.0642,185405440,25.1500,361.62,0,0,1,45.20,0.00,976764928,0,0
6.0750,185405440,25.1900,373.13,0,0,1,46.64,0.00,976764928,0,0
6.0861,185405440,25.2300,359.33,0,0,1,44.92,0.00,976764928,0,0
6.0973,185405440,25.2700,357.86,0,0,1,100.65,0.00,977022976,0,0
6.1088,185405440,25.3500,693.90,0,0,1,43.37,0.00,977022976,0,0
6.1202,185405440,25.3900,351.44,0,0,1,21.96,0.00,977022976,0,0
6.1313,185405440,25.4100,179.23,0,0,1,44.81,0.00,977022976,0,0
6.1426,185405440,25.4500,355.43,0,0,1,44.43,0.00,977022976,0,0
6.1537,185405440,25.4900,359.57,0,0,1,44.95,0.00,977022976,0,0
6.1650,185405440,25.5300,353.39,0,0,1,44.17,0.00,977022976,0,0
6.1764,185405440,25.5800,439.79,0,0,1,43.98,0.00,977022976,0,0
6.1874,185405440,25.6100,273.63,0,0,1,79.81,0.00,977022976,0,0
6.1998,185405440,25.6900,642.64,0,0,1,60.25,0.00,977022976,0,0
6.2113,185405440,25.7300,349.22,0,0,1,43.65,0.00,977022976,0,0
6.2226,185405440,25.7700,353.73,0,0,1,44.22,0.00,977022976,0,0
6.2336,185405440,25.8200,452.86,0,0,1,45.29,0.00,977281024,0,0
6.2453,185405440,25.8500,257.73,0,0,1,21.48,0.00,977281024,0,0
6.2562,185405440,25.8600,91.74,0,0,1,45.87,0.00,977539072,0,0
6.2670,185405440,25.9000,367.43,0,0,1,114.82,0.00,977539072,0,0
6.2794,185405440,25.9800,645.13,0,0,1,50.40,0.00,983330816,0,0
6.2905,185405440,26.0200,361.47,0,0,1,45.18,0.00,981237760,0,0
6.3017,185405440,26.0600,357.24,0,0,1,44.66,0.00,981237760,0,0
6.3138,185405440,26.1000,331.05,0,0,1,41.38,0.00,981237760,0,0
6.3249,185405440,26.1400,360.02,0,0,1,45.00,0.00,981237760,0,0
6.3362,185405440,26.1800,354.10,0,0,1,44.26,0.00,981237760,0,0
6.3474,185405440,26.2200,358.53,0,0,1,44.82,0.00,981237760,0,0
6.3584,185405440,26.3000,722.60,0,0,1,101.62,0.00,981237760,0,0
6.3697,185405440,26.3400,355.95,0,0,1,44.49,0.00,981237760,0,0
6.3809,185405440,26.3800,357.25,0,0,1,44.66,0.00,981237760,0,0
6.3918,185405440,26.4200,366.71,0,0,1,45.84,0.00,981237760,0,0
6.4031,185405440,26.4600,351.84,0,0,1,43.98,0.00,981237760,0,0
6.4141,185405440,26.5000,365.61,0,0,1,45.70,0.00,981237760,0,0
6.4249,185405440,26.5400,369.78,0,0,1,46.22,0.00,981237760,0,0
6.4361,185405440,26.5800,356.74,0,0,1,44.59,0.00,981237760,0,0
6.4472,185405440,26.6200,361.82,0,0,1,45.23,0.00,981237760,0,0
6.4583,185405440,26.6700,447.75,0,0,1,67.16,0.00,981237760,0,0
6.4692,185405440,26.7300,551.00,0,0,1,68.88,0.00,981237760,0,0
6.4802,185405440,26.7600,272.78,0,0,1,22.73,0.00,981237760,0,0
6.4912,185405440,26.8100,453.83,0,0,1,68.08,0.00,981237760,0,0
6.5022,185405440,26.8400,272.96,0,0,1,34.12,0.00,981237760,0,0
6.5136,185405440,26.9000,525.90,0,0,1,54.78,0.00,981237760,0,0
6.5248,185405440,26.9400,357.19,0,0,1,44.65,0.00,981237760,0,0
6.5363,185405440,27.0000,524.57,0,0,1,54.64,0.00,981237760,0,0
6.5474,185405440,27.0300,269.30,0,0,1,67.33,0.00,981237760,0,0
6.5587,185405440,27.0700,352.90,0,0,1,33.08,0.00,981237760,0,0
6.5699,185405440,27.1400,624.94,0,0,1,89.28,0.00,981237760,0,0
6.5813,185405440,27.1800,352.40,0,0,1,44.05,0.00,981237760,0,0
6.5924,185405440,27.2200,359.84,0,0,1,44.98,0.00,981237760,0,0
6.6035,185405440,27.2300,89.93,0,0,1,11.24,0.00,981237760,0,0
6.6147,185405440,27.3100,716.20,0,0,1,78.33,0.00,981237760,0,0
6.6258,185405440,27.3500,360.10,0,0,1,45.01,0.00,981237760,0,0
6.6369,185405440,27.3800,269.30,0,0,1,44.88,0.00,981237760,0,0
6.6483,186216448,27.4400,527.26,0,0,1,87.88,0.00,982011904,0,0
6.6594,186216448,27.4700,270.63,0,0,1,56.38,0.00,982011904,0,0
6.6705,186216448,27.5200,450.23,0,0,1,56.28,0.00,982011904,0,0
6.6816,186216448,27.6100,809.05,0,0,1,101.13,0.00,982011904,0,0
6.6946,186216448,27.6900,618.30,0,0,1,77.29,0.00,982011904,0,0
6.7056,186216448,27.7700,722.66,0,0,1,90.33,0.00,982011904,0,0
6.7179,186216448,27.8700,814.32,0,0,1,122.15,0.00,982011904,0,0
6.7309,186216448,28.0000,999.75,0,0,1,115.36,0.00,982011904,0,0
6.7424,186216448,28.0800,700.42,0,0,1,87.55,0.00,982011904,0,0
6.7534,186216448,28.1600,725.47,0,0,1,90.68,0.00,982011904,0,0
6.7643,186216448,28.2400,730.82,0,0,1,91.35,0.00,982011904,0,0
6.7753,186216448,28.3200,727.50,0,0,1,90.94,0.00,982011904,0,0
6.7895,186216448,28.4700,1059.56,0,0,1,141.27,0.00,982011904,0,0
6.8009,186216448,28.6200,1315.65,0,0,1,175.42,0.00,982011904,0,0
6.8228,186216448,28.7100,411.00,0,0,1,45.67,0.00,982011904,0,0
6.8343,186216448,28.7800,610.00,0,0,1,87.14,0.00,982011904,0,0
6.8464,186216448,28.8600,660.73,0,0,1,82.59,0.00,982011904,0,0
6.8574,186216448,28.9400,725.30,0,0,1,90.66,0.00,982011904,0,0
6.8700,186216448,29.0700,1028.86,0,0,1,138.50,0.00,982011904,0,0
6.8817,186216448,29.1700,856.27,0,0,1,107.03,0.00,982011904,0,0
6.8933,186216448,29.2600,775.77,0,0,1,86.20,0.00,982011904,0,0
6.9058,186216448,29.3300,559.89,0,0,1,79.98,0.00,982011904,0,0
6.9226,186216448,29.4800,892.68,0,0,1,111.59,0.00,982011904,0,0
6.9336,186216448,29.5700,815.65,0,0,1,169.93,0.00,982011904,0,0
6.9513,186216448,29.7200,847.64,0,0,1,70.64,0.00,982011904,0,0
6.9634,186216448,29.7900,580.07,0,0,1,72.51,0.00,982011904,0,0
6.9745,186216448,29.8900,901.02,0,0,1,101.37,0.00,982011904,0,0
6.9861,186216448,29.9600,604.70,0,0,1,86.39,0.00,982011904,0,0
6.9975,186216448,30.0400,701.36,0,0,1,87.67,0.00,982011904,0,0
7.0099,186216448,30.1900,1211.23,0,0,1,161.50,0.00,982011904,0,0
7.0213,186216448,30.2700,700.38,0,0,1,87.55,0.00,982011904,0,0
7.0329,186216448,30.3500,690.51,0,0,1,86.31,0.00,982011904,0,0
7.0445,186216448,30.4300,690.56,0,0,1,86.32,0.00,982011904,0,0
7.0559,186216448,30.5200,784.37,0,0,1,87.15,0.00,982011904,0,0
7.0708,186216448,30.6500,872.33,0,0,1,125.82,0.00,982011904,0,0
7.0826,186216448,30.8100,1359.91,0,0,1,180.61,0.00,982011904,0,0
7.1073,186216448,30.9500,568.22,0,0,1,76.10,0.00,982011904,0,0
7.1211,186216448,31.0400,650.85,0,0,1,81.36,0.00,982011904,0,0
7.1355,186216448,31.1200,555.22,0,0,1,69.40,0.00,982011904,0,0
7.1526,186216448,31.2800,932.49,0,0,1,174.84,0.00,982011904,0,0
7.1693,186216448,31.4200,840.80,0,0,1,45.04,0.00,982011904,0,0
7.1841,186216448,31.5000,540.21,0,0,1,67.53,0.00,982011904,0,0
7.1957,186216448,31.5500,431.52,0,0,1,64.73,0.00,982011904,0,0
7.2067,186486784,31.6200,634.26,0,0,1,67.96,0.00,982011904,0,0
7.2180,186486784,31.7000,707.04,0,0,1,99.43,0.00,982011904,0,0
7.2291,186486784,31.7400,361.23,0,0,1,45.15,0.00,982011904,0,0
7.2402,186486784,31.7800,361.11,0,0,1,45.14,0.00,982011904,0,0
7.2514,186486784,31.8200,358.40,0,0,1,44.80,0.00,982011904,0,0
7.2624,186486784,31.8600,361.62,0,0,1,45.20,0.00,982011904,0,0
7.2737,186486784,31.8900,266.60,0,0,1,22.22,0.00,982011904,0,0
7.2847,186486784,31.9000,90.67,0,0,1,11.33,0.00,982011904,0,0
7.2956,186757120,31.9100,91.36,0,0,1,11.42,0.00,982269952,0,0
7.3068,186757120,31.9400,269.91,0,0,1,44.98,0.00,982269952,0,0
7.3182,186757120,32.0200,701.19,0,0,1,98.61,0.00,982269952,0,0
7.3293,186757120,32.0600,360.22,0,0,1,45.03,0.00,982269952,0,0
7.3400,186757120,32.1000,371.35,0,0,1,46.42,0.00,982269952,0,0
7.3511,186757120,32.1400,361.85,0,0,1,45.23,0.00,982269952,0,0
7.3621,186757120,32.1800,362.62,0,0,1,45.33,0.00,982269952,0,0
7.3732,186757120,32.2200,362.91,0,0,1,45.36,0.00,982269952,0,0
7.3844,186757120,32.2600,354.97,0,0,1,44.37,0.00,982269952,0,0
7.3955,186757120,32.3000,360.23,0,0,1,45.03,0.00,982269952,0,0
7.4065,186757120,32.3400,363.44,0,0,1,45.43,0.00,982269952,0,0
7.4178,186757120,32.4200,711.82,0,0,1,100.10,0.00,982269952,0,0
7.4291,186757120,32.4600,353.12,0,0,1,44.14,0.00,982269952,0,0
7.4401,186757120,32.5000,363.29,0,0,1,45.41,0.00,982269952,0,0
7.4512,186757120,32.5400,361.28,0,0,1,45.16,0.00,982269952,0,0
7.4623,186757120,32.5800,361.06,0,0,1,45.13,0.00,982269952,0,0
7.4736,186757120,32.6200,352.88,0,0,1,44.11,0.00,982269952,0,0
7.4847,187297792,32.6800,541.18,0,0,1,45.10,0.00,982269952,0,0
7.4967,187297792,32.6900,83.41,0,0,1,31.28,0.00,982269952,0,0
7.5077,187297792,32.7700,723.05,0,0,1,101.68,0.00,982269952,0,0
7.5185,187297792,32.8100,369.94,0,0,1,46.24,0.00,982269952,0,0
7.5294,187297792,32.8500,367.59,0,0,1,45.95,0.00,982269952,0,0
7.5404,187297792,32.8900,365.52,0,0,1,45.69,0.00,982269952,0,0
7.5515,187297792,32.9300,359.87,0,0,1,44.98,0.00,982269952,0,0
7.5629,187297792,32.9700,351.85,0,0,1,43.98,0.00,982269952,0,0
7.5739,187297792,33.0100,362.98,0,0,1,45.37,0.00,982269952,0,0
7.5848,187297792,33.0500,365.47,0,0,1,45.68,0.00,982269952,0,0
7.5958,187297792,33.0900,363.02,0,0,1,45.38,0.00,982269952,0,0
7.6068,187297792,33.1300,365.20,0,0,1,45.65,0.00,982269952,0,0
7.6181,187297792,33.1900,529.99,0,0,1,66.25,0.00,982269952,0,0
7.6293,187297792,33.2400,447.83,0,0,1,55.98,0.00,982269952,0,0
7.6404,187297792,33.2700,270.47,0,0,1,33.81,0.00,982269952,0,0
7.6518,187297792,33.3300,523.56,0,0,1,65.45,0.00,982269952,0,0
7.6635,187297792,33.3700,343.79,0,0,1,32.23,0.00,982269952,0,0
7.6751,187297792,33.4000,258.78,0,0,1,43.13,0.00,982269952,0,0
7.6862,187297792,33.4500,447.83,0,0,1,55.98,0.00,982269952,0,0
7.6973,187297792,33.5100,541.67,0,0,1,45.14,0.00,982269952,0,0
7.7084,187297792,33.5400,269.32,0,0,1,67.33,0.00,982269952,0,0
7.7196,187297792,33.5800,358.33,0,0,1,44.79,0.00,982269952,0,0
7.7306,187568128,33.6500,634.72,0,0,1,79.34,0.00,982269952,0,0
7.7420,187568128,33.6700,175.77,0,0,1,10.99,0.00,982269952,0,0
7.7531,187568128,33.6900,180.74,0,0,1,22.59,0.00,982269952,0,0
7.7641,187568128,33.7200,271.47,0,0,1,33.93,0.00,982269952,0,0
7.7752,187568128,33.7300,90.19,0,0,1,11.27,0.00,983044096,0,0
7.7863,187568128,33.7600,270.43,0,0,1,45.07,0.00,983044096,0,0
7.7974,187568128,33.8100,452.07,0,0,1,45.21,0.00,983044096,0,0
7.8085,187568128,33.8600,447.53,0,0,1,78.32,0.00,983044096,0,0
7.8197,187568128,33.9100,448.11,0,0,1,56.01,0.00,983044096,0,0
7.8308,187568128,33.9500,361.43,0,0,1,45.18,0.00,983044096,0,0
7.8419,187568128,34.0000,450.20,0,0,1,56.27,0.00,983044096,0,0
7.8529,187568128,34.0300,271.07,0,0,1,33.88,0.00,983044096,0,0
7.8642,187568128,34.0700,355.17,0,0,1,44.40,0.00,983044096,0,0
7.8754,187568128,34.1200,446.40,0,0,1,55.80,0.00,983044096,0,0
7.8865,187568128,34.1600,359.27,0,0,1,44.91,0.00,983044096,0,0
7.8977,187568128,34.2000,357.63,0,0,1,67.06,0.00,983044096,0,0
7.9091,187568128,34.2600,528.69,0,0,1,44.06,0.00,983044096,0,0
7.9202,187568128,34.2900,269.47,0,0,1,44.91,0.00,983044096,0,0
7.9313,187568128,34.3500,539.17,0,0,1,56.16,0.00,983044096,0,0
7.9426,187568128,34.3900,355.41,0,0,1,44.43,0.00,983044096,0,0
7.9539,187568128,34.4500,529.56,0,0,1,55.16,0.00,983044096,0,0
7.9650,187568128,34.4800,270.06,0,0,1,45.01,0.00,983044096,0,0
7.9765,187568128,34.5200,348.48,0,0,1,43.56,0.00,983044096,0,0
7.9879,187568128,34.5900,614.57,0,0,1,87.80,0.00,983044096,0,0
7.9990,187568128,34.6300,359.04,0,0,1,44.88,0.00,983044096,0,0
8.0109,187568128,34.6700,336.25,0,0,1,42.03,0.00,983044096,0,0
8.0221,187568128,34.7200,446.35,0,0,1,55.79,0.00,983044096,0,0
8.0335,187568128,34.7500,264.88,0,0,1,33.11,0.00,983044096,0,0
8.0454,187568128,34.8000,419.57,0,0,1,52.45,0.00,983044096,0,0
8.0566,187568128,34.8400,357.46,0,0,1,44.68,0.00,983044096,0,0
8.0679,187568128,34.9100,615.39,0,0,1,87.91,0.00,983044096,0,0
8.0791,187568128,34.9500,357.76,0,0,1,44.72,0.00,983044096,0,0
8.0904,187568128,34.9900,353.81,0,0,1,44.23,0.00,983044096,0,0
8.1021,187568128,35.0300,343.40,0,0,1,42.93,0.00,983044096,0,0
8.1134,187568128,35.0800,440.53,0,0,1,55.07,0.00,983044096,0,0
8.1247,187568128,35.1200,355.34,0,0,1,44.42,0.00,983044096,0,0
8.1359,187568128,35.1600,357.53,0,0,1,44.69,0.00,983044096,0,0
8.1472,187568128,35.2000,354.13,0,0,1,44.27,0.00,983044096,0,0
8.1584,187568128,35.2700,624.36,0,0,1,89.19,0.00,983044096,0,0
8.1699,187568128,35.2900,173.70,0,0,1,21.71,0.00,983044096,0,0
8.1826,187568128,35.3600,551.62,0,0,1,68.95,0.00,983044096,0,0
8.1950,187568128,35.4000,322.22,0,0,1,50.35,0.00,983044096,0,0
8.2062,187568128,35.4400,358.41,0,0,1,44.80,0.00,983044096,0,0
8.2178,187568128,35.4900,430.57,0,0,1,64.59,0.00,983044096,0,0
8.2296,187568128,35.5600,589.60,0,0,1,73.70,0.00,983044096,0,0
8.2408,187568128,35.6000,357.29,0,0,1,44.66,0.00,983044096,0,0
8.2521,187568128,35.6400,356.34,0,0,1,44.54,0.00,983044096,0,0
8.2634,187568128,35.6800,351.25,0,0,1,43.91,0.00,983044096,0,0
8.2746,187568128,35.7200,359.26,0,0,1,44.91,0.00,983044096,0,0
8.2858,187568128,35.7600,356.30,0,0,1,44.54,0.00,983044096,0,0
8.2971,187568128,35.8000,353.11,0,0,1,44.14,0.00,983044096,0,0
8.3084,187568128,35.8800,708.42,0,0,1,99.62,0.00,983044096,0,0
8.3196,187568128,35.9100,268.17,0,0,1,33.52,0.00,983044096,0,0
8.3307,187568128,35.9600,450.95,0,0,1,56.37,0.00,983044096,0,0
8.3420,187568128,36.0000,353.75,0,0,1,44.22,0.00,983044096,0,0
8.3532,187568128,36.0400,358.46,0,0,1,44.81,0.00,983044096,0,0
8.3644,187568128,36.0800,354.56,0,0,1,44.32,0.00,983044096,0,0
8.3756,187568128,36.1200,357.77,0,0,1,44.72,0.00,983044096,0,0
8.3871,187568128,36.1600,349.54,0,0,1,43.69,0.00,983044096,0,0
8.3982,187568128,36.2400,721.59,0,0,1,90.20,0.00,983044096,0,0
8.4093,187568128,36.2800,360.03,0,0,1,45.00,0.00,983044096,0,0
8.4205,187568128,36.3200,356.64,0,0,1,44.58,0.00,983044096,0,0
8.4317,187568128,36.3600,357.78,0,0,1,44.72,0.00,983044096,0,0
8.4429,187568128,36.4000,356.57,0,0,1,44.57,0.00,983044096,0,0
8.4541,187568128,36.4400,355.91,0,0,1,44.49,0.00,983044096,0,0
8.4653,187568128,36.4800,358.08,0,0,1,44.76,0.00,983044096,0,0
8.4769,187568128,36.5200,344.83,0,0,1,43.10,0.00,983044096,0,0
8.4881,187568128,36.5900,623.17,0,0,1,77.90,0.00,983044096,0,0
8.4993,187568128,36.6400,447.96,0,0,1,55.99,0.00,983044096,0,0
8.5118,187568128,36.6800,319.78,0,0,1,39.97,0.00,983044096,0,0
8.5230,187568128,36.7200,358.01,0,0,1,44.75,0.00,983044096,0,0
8.5343,187568128,36.7600,353.98,0,0,1,44.25,0.00,983044096,0,0
8.5457,187568128,36.8000,348.87,0,0,1,43.61,0.00,983044096,0,0
8.5570,187568128,36.8400,355.01,0,0,1,44.38,0.00,983044096,0,0
8.5686,187568128,36.9200,692.43,0,0,1,97.37,0.00,983044096,0,0
8.5797,187568128,36.9600,357.47,0,0,1,44.68,0.00,983044096,0,0
8.5909,187838464,37.0000,358.32,0,0,1,33.59,0.00,983044096,0,0
8.6020,187838464,37.0300,270.09,0,0,1,33.76,0.00,983044096,0,0
8.6132,187838464,37.0600,267.74,0,0,1,33.47,0.00,983044096,0,0
8.6244,187838464,37.0800,178.19,0,0,1,33.41,0.00,983044096,0,0
8.6356,187838464,37.1000,179.63,0,0,1,22.45,0.00,983044096,0,0
8.6466,187838464,37.1200,181.38,0,0,1,22.67,0.00,983044096,0,0
8.6577,187838464,37.1600,358.92,0,0,1,78.51,0.00,983044096,0,0
8.6689,187838464,37.1800,178.76,0,0,1,22.34,0.00,983044096,0,0
8.6800,187838464,37.2000,180.38,0,0,1,33.82,0.00,983044096,0,0
8.6912,187838464,37.2200,179.14,0,0,1,22.39,0.00,983044096,0,0
8.7025,187838464,37.2400,176.62,0,0,1,22.08,0.00,983044096,0,0
8.7136,187838464,37.2700,270.77,0,0,1,22.56,0.00,983044096,0,0
8.7248,188649472,37.2800,89.11,0,0,1,0.00,0.00,984076288,0,0
8.7360,188649472,37.3100,267.46,0,0,1,66.87,0.00,984076288,0,0
8.7472,188919808,37.4000,805.32,0,0,1,78.29,0.00,984076288,0,0
8.7583,188919808,37.4900,812.36,0,0,1,146.68,0.00,984076288,0,0
8.7729,188919808,37.6100,818.91,0,0,1,93.83,0.00,984076288,0,0
8.7893,188919808,37.7300,734.21,0,0,1,99.42,0.00,984076288,0,0
8.8107,188919808,37.9100,839.13,0,0,1,104.89,0.00,984076288,0,0
8.8219,188919808,38.0000,803.38,0,0,1,100.42,0.00,984076288,0,0
8.8384,188919808,38.1300,790.75,0,0,1,114.05,0.00,984076288,0,0
8.8498,188919808,38.2400,958.78,0,0,1,87.16,0.00,984076288,0,0
8.8614,188919808,38.3100,606.91,0,0,1,86.70,0.00,984076288,0,0
8.8796,188919808,38.4700,877.97,0,0,1,109.75,0.00,984076288,0,0
8.8928,188919808,38.5600,680.54,0,0,1,75.62,0.00,984076288,0,0
8.9039,188919808,38.6400,719.52,0,0,1,89.94,0.00,984076288,0,0
8.9232,188919808,38.7900,780.05,0,0,1,104.01,0.00,984076288,0,0
8.9391,188919808,38.9300,881.92,0,0,1,118.11,0.00,984076288,0,0
8.9552,188919808,39.0300,618.72,0,0,1,61.87,0.00,984076288,0,0
8.9700,188919808,39.1600,878.83,0,0,1,126.75,0.00,984076288,0,0
8.9899,188919808,39.3200,805.63,0,0,1,107.00,0.00,984076288,0,0
9.0051,188919808,39.4000,526.09,0,0,1,57.54,0.00,984076288,0,0
9.0168,188919808,39.5000,851.87,0,0,1,106.48,0.00,984076288,0,0
9.0403,188919808,39.7100,893.00,0,0,1,122.26,0.00,984076288,0,0
9.0518,188919808,39.8000,785.81,0,0,1,87.31,0.00,984076288,0,0
9.0689,188919808,39.9300,757.28,0,0,1,109.22,0.00,984076288,0,0
9.0809,188919808,40.0300,836.62,0,0,1,94.12,0.00,984076288,0,0
9.1055,188919808,40.2000,692.26,0,0,1,76.35,0.00,984076288,0,0
9.1274,188919808,40.3700,776.27,0,0,1,85.62,0.00,984076288,0,0
9.1387,188919808,40.4800,968.02,0,0,1,154.00,0.00,984076288,0,0
9.1537,188919808,40.5900,733.47,0,0,1,83.35,0.00,984076288,0,0
9.1709,188919808,40.7400,874.60,0,0,1,109.33,0.00,984076288,0,0
9.1900,188919808,40.8900,784.81,0,0,1,104.64,0.00,984076288,0,0
9.2049,188919808,41.0300,937.15,0,0,1,125.51,0.00,984076288,0,0
9.2222,188919808,41.1400,636.27,0,0,1,72.30,0.00,984076288,0,0
9.2334,188919808,41.2100,623.49,0,0,1,77.94,0.00,984076288,0,0
9.2446,188919808,41.3000,808.95,0,0,1,89.88,0.00,984076288,0,0
9.2606,188919808,41.4500,933.81,0,0,1,124.51,0.00,984076288,0,0
9.2731,188919808,41.5200,559.81,0,0,1,69.98,0.00,984076288,0,0
9.2870,188919808,41.6100,650.46,0,0,1,81.31,0.00,984076288,0,0
9.3029,188919808,41.7500,877.70,0,0,1,117.55,0.00,984076288,0,0
9.3141,188919808,41.8500,894.76,0,0,1,100.66,0.00,984076288,0,0
9.3250,188919808,41.9300,730.99,0,0,1,91.37,0.00,984076288,0,0
9.3371,188919808,42.0100,662.45,0,0,1,82.81,0.00,984076288,0,0
9.3528,188919808,42.1500,892.85,0,0,1,127.55,0.00,984076288,0,0
9.3639,188919808,42.2400,808.65,0,0,1,89.85,0.00,984076288,0,0
9.3804,188919808,42.3700,787.41,0,0,1,113.57,0.00,984076288,0,0
9.3921,188919808,42.4700,858.52,0,0,1,96.58,0.00,984076288,0,0
9.4034,188919808,42.5500,708.01,0,0,1,88.50,0.00,984076288,0,0
9.4156,188919808,42.6600,900.68,0,0,1,133.06,0.00,984076288,0,0
9.4369,188919808,42.7600,470.35,0,0,1,64.67,0.00,984076288,0,0
9.4479,188919808,42.8900,1176.54,0,0,1,158.38,0.00,984076288,0,0
9.4617,188919808,43.0000,799.91,0,0,1,90.90,0.00,984076288,0,0
9.4727,188919808,43.0500,452.21,0,0,1,56.53,0.00,984076288,0,0
9.4953,188919808,43.2500,886.00,0,0,1,105.21,0.00,984076288,0,0
9.5067,188919808,43.3200,613.02,0,0,1,87.57,0.00,984076288,0,0
9.5179,188919808,43.4700,1340.26,0,0,1,178.70,0.00,984076288,0,0
9.5361,188919808,43.5500,438.69,0,0,1,54.84,0.00,984076288,0,0
9.5488,188919808,43.6800,1025.78,0,0,1,138.09,0.00,984076288,0,0
9.5639,188919808,43.7600,530.26,0,0,1,58.00,0.00,984076288,0,0
9.5782,188919808,43.8900,909.07,0,0,1,131.12,0.00,984076288,0,0
9.5899,188919808,43.9700,685.27,0,0,1,85.66,0.00,984076288,0,0
9.6356,188919808,44.3200,765.04,0,0,1,92.90,0.00,984076288,0,0
9.6515,188919808,44.4600,883.54,0,0,1,118.33,0.00,984076288,0,0
9.6675,188919808,44.5500,561.62,0,0,1,109.20,0.00,984076288,0,0
9.6796,188919808,44.6700,994.72,0,0,1,72.53,0.00,984076288,0,0
9.6907,188919808,44.7800,985.39,0,0,1,111.98,0.00,984076288,0,0
9.7059,188919808,44.8700,592.05,0,0,1,65.78,0.00,984076288,0,0
9.7203,188919808,45.0100,972.08,0,0,1,138.87,0.00,984076288,0,0
9.7362,188919808,45.0900,503.64,0,0,1,62.95,0.00,984076288,0,0
9.7545,188919808,45.2400,820.56,0,0,1,102.57,0.00,984076288,0,0
9.7747,188919808,45.4000,790.63,0,0,1,98.83,0.00,984076288,0,0
9.7950,188919808,45.5500,738.51,0,0,1,92.31,0.00,984076288,0,0
9.8082,188919808,45.6900,1062.97,0,0,1,142.36,0.00,984076288,0,0
9.8255,188919808,45.7900,578.08,0,0,1,57.81,0.00,984076288,0,0
9.8445,188919808,45.9500,839.99,0,0,1,105.00,0.00,984076288,0,0
9.8610,188919808,46.0900,850.56,0,0,1,121.51,0.00,984076288,0,0
9.8785,188919808,46.2400,855.45,0,0,1,106.93,0.00,984076288,0,0
9.9010,188919808,46.3800,622.60,0,0,1,83.38,0.00,984076288,0,0
9.9207,188919808,46.5400,812.78,0,0,1,101.60,0.00,984076288,0,0
9.9361,188919808,46.6400,651.38,0,0,1,73.28,0.00,984076288,0,0
9.9474,188919808,46.7800,1237.25,0,0,1,165.70,0.00,984076288,0,0
9.9756,188919808,46.9600,638.94,0,0,1,79.87,0.00,984076288,0,0
9.9891,188919808,47.1000,1034.39,0,0,1,138.53,0.00,984076288,0,0
10.0123,188919808,47.2700,733.74,0,0,1,91.72,0.00,984076288,0,0
10.0283,188919808,47.4000,808.67,0,0,1,108.86,0.00,984076288,0,0
10.0443,188919808,47.5000,627.14,0,0,1,70.55,0.00,984076288,0,0
10.0647,188919808,47.6600,784.70,0,0,1,98.09,0.00,984076288,0,0
10.0807,188919808,47.8000,872.78,0,0,1,124.68,0.00,984076288,0,0
10.0921,188682240,47.8900,789.36,0,0,1,87.71,0.00,984592384,0,0
10.1032,188682240,47.9500,540.26,0,0,1,67.53,0.00,984850432,0,0
10.1174,187707392,48.0400,634.33,0,0,1,61.67,0.00,985366528,0,0
10.1285,187707392,48.1400,898.63,0,0,1,157.26,0.00,985366528,0,0
10.1396,187707392,48.1900,452.18,0,0,1,56.52,0.00,985366528,0,0
10.1508,187707392,48.2400,447.05,0,0,1,55.88,0.00,985366528,0,0
10.1620,187707392,48.2900,445.19,0,0,1,55.65,0.00,985366528,0,0
10.1732,187707392,48.3400,448.18,0,0,1,56.02,0.00,985366528,0,0
10.1844,187707392,48.3900,446.17,0,0,1,55.77,0.00,985366528,0,0
10.1955,187707392,48.4400,448.01,0,0,1,56.00,0.00,985366528,0,0
10.2066,187707392,48.5000,540.67,0,0,1,56.32,0.00,985366528,0,0
10.2178,187707392,48.5800,714.62,0,0,1,111.66,0.00,985366528,0,0
10.2290,187707392,48.6400,537.70,0,0,1,67.21,0.00,985366528,0,0
10.2401,187707392,48.6900,451.19,0,0,1,67.68,0.00,985366528,0,0
10.2513,187707392,48.7400,443.46,0,0,1,55.43,0.00,985366528,0,0
10.2624,187707392,48.7900,450.72,0,0,1,56.34,0.00,985366528,0,0
10.2734,187707392,48.8400,454.33,0,0,1,56.79,0.00,985366528,0,0
10.2846,187707392,48.8900,446.08,0,0,1,55.76,0.00,985366528,0,0
10.2960,187707392,48.9400,438.37,0,0,1,54.80,0.00,985366528,0,0
10.3073,187707392,48.9900,445.24,0,0,1,55.65,0.00,985366528,0,0
10.3185,187707392,49.0800,800.78,0,0,1,111.22,0.00,985366528,0,0
10.3297,187707392,49.1400,536.78,0,0,1,78.28,0.00,985366528,0,0
10.3408,187707392,49.1900,451.16,0,0,1,56.39,0.00,985366528,0,0
10.3519,187707392,49.2400,447.89,0,0,1,55.99,0.00,985366528,0,0
10.3630,187707392,49.2900,450.20,0,0,1,56.27,0.00,985624576,0,0
10.3742,187707392,49.3400,448.78,0,0,1,44.88,0.00,985624576,0,0
10.3931,187101184,49.4600,635.16,0,0,1,92.63,0.00,985624576,0,0
10.4042,187101184,49.5000,359.56,0,0,1,44.95,0.00,985624576,0,0
10.4159,187101184,49.5400,343.33,0,0,1,42.92,0.00,985624576,0,0
10.4273,187101184,49.5800,349.01,0,0,1,43.63,0.00,985624576,0,0
10.4386,187101184,49.6600,710.74,0,0,1,133.26,0.00,985882624,0,0
10.4497,186380288,49.7100,451.31,0,0,1,45.13,0.00,986140672,0,0
10.4610,186380288,49.7500,352.50,0,0,1,55.08,0.00,986140672,0,0
10.4722,186380288,49.7800,268.52,0,0,1,33.56,0.00,986140672,0,0
10.4833,186380288,49.8100,268.59,0,0,1,33.57,0.00,986140672,0,0
10.4947,186380288,49.8400,263.69,0,0,1,32.96,0.00,986140672,0,0
10.5058,186380288,49.8700,271.01,0,0,1,33.88,0.00,986140672,0,0
10.5169,186380288,49.9000,268.98,0,0,1,33.62,0.00,986140672,0,0
10.5281,186380288,49.9600,538.37,0,0,1,78.51,0.00,983957504,0,0
10.5392,186380288,49.9900,270.50,0,0,1,33.81,0.00,983957504,0,0
10.5504,186380288,50.0200,267.45,0,0,1,33.43,0.00,983957504,0,0
10.5615,186380288,50.0500,270.48,0,0,1,33.81,0.00,983957504,0,0
10.5726,186380288,50.0800,269.67,0,0,1,33.71,0.00,983957504,0,0
10.5839,186380288,50.1100,265.77,0,0,1,33.22,0.00,983957504,0,0
10.5951,186380288,50.1400,268.53,0,0,1,55.94,0.00,983957504,0,0
10.6062,186380288,50.1700,268.78,0,0,1,33.60,0.00,983957504,0,0
10.6174,186380288,50.2000,267.54,0,0,1,78.03,0.00,983957504,0,0
10.6286,186380288,50.2500,448.09,0,0,1,22.40,0.00,983957504,0,0
10.6397,186380288,50.2900,359.33,0,0,1,44.92,0.00,983957504,0,0
10.6509,186380288,50.3100,179.39,0,0,1,22.42,0.00,983957504,0,0
10.6621,186380288,50.3500,356.39,0,0,1,44.55,0.00,983957504,0,0
10.6734,186650624,50.3900,354.44,0,0,1,33.23,0.00,983957504,0,0
10.6850,185856000,50.4300,346.09,0,0,1,43.26,0.00,984215552,0,0
10.6961,185856000,50.4500,180.16,0,0,1,22.52,0.00,984215552,0,0
10.7168,186122240,50.5600,530.32,0,0,1,66.29,0.00,984473600,0,0
10.7313,185556992,50.6600,687.09,0,0,1,103.06,0.00,984731648,0,0
10.7441,184864768,50.7200,469.11,0,0,1,68.41,0.00,984731648,0,0
10.7553,183300096,50.7600,358.92,0,0,1,56.08,0.00,984989696,0,0
10.7667,183300096,50.8000,351.89,0,0,1,43.99,0.00,984989696,0,0
10.7779,183300096,50.8500,445.87,0,0,1,78.03,0.00,984989696,0,0
10.7890,183300096,50.9100,537.14,0,0,1,67.14,0.00,984989696,0,0
10.8001,183300096,50.9600,451.60,0,0,1,56.45,0.00,984989696,0,0
10.8112,183300096,51.0000,361.58,0,0,1,45.20,0.00,984989696,0,0
10.8222,183300096,51.0400,361.23,0,0,1,45.15,0.00,984989696,0,0
10.8335,183300096,51.0800,356.18,0,0,1,44.52,0.00,984989696,0,0
10.8447,183300096,51.1200,357.57,0,0,1,44.70,0.00,984989696,0,0
10.8560,183300096,51.1700,440.06,0,0,1,44.01,0.00,984989696,0,0
10.8674,183300096,51.2000,262.77,0,0,1,43.80,0.00,984989696,0,0
10.8786,183300096,51.2800,717.90,0,0,1,123.39,0.00,984989696,0,0
10.8897,183300096,51.3200,359.83,0,0,1,44.98,0.00,984989696,0,0
10.9007,183300096,51.3600,364.05,0,0,1,45.51,0.00,984989696,0,0
10.9117,183300096,51.4000,364.64,0,0,1,45.58,0.00,984989696,0,0
10.9227,183300096,51.4400,361.45,0,0,1,45.18,0.00,984989696,0,0
10.9339,183300096,51.4800,358.09,0,0,1,44.76,0.00,984989696,0,0
10.9450,183300096,51.5200,361.61,0,0,1,45.20,0.00,984989696,0,0
10.9561,183300096,51.5600,359.25,0,0,1,44.91,0.00,984989696,0,0
10.9671,183300096,51.6000,362.79,0,0,1,45.35,0.00,984989696,0,0
10.9782,183300096,51.6700,634.21,0,0,1,79.28,0.00,984989696,0,0
10.9893,183300096,51.7200,446.83,0,0,1,55.85,0.00,984989696,0,0
11.0004,183300096,51.7500,270.47,0,0,1,33.81,0.00,984989696,0,0
11.0116,183300096,51.8000,447.46,0,0,1,55.93,0.00,984989696,0,0
11.0228,183300096,51.8400,358.72,0,0,1,44.84,0.00,984989696,0,0
11.0340,183300096,51.8900,444.50,0,0,1,44.45,0.00,984989696,0,0
11.0451,183300096,51.9200,271.66,0,0,1,45.28,0.00,984989696,0,0
11.0561,184102912,51.9800,542.13,0,0,1,45.18,0.00,985247744,0,0
11.0700,181784576,52.0600,575.91,0,0,1,98.99,0.00,985247744,0,0
11.0815,181784576,52.1000,347.46,0,0,1,43.43,0.00,985247744,0,0
11.0933,181784576,52.1400,338.93,0,0,1,42.37,0.00,985247744,0,0
11.1046,181784576,52.1900,445.18,0,0,1,44.52,0.00,985247744,0,0
11.1157,181784576,52.2300,357.48,0,0,1,44.68,0.00,985247744,0,0
11.1268,181784576,52.2700,361.72,0,0,1,45.22,0.00,985247744,0,0
11.1379,181784576,52.3400,629.52,0,0,1,101.17,0.00,985247744,0,0
11.1490,181784576,52.3700,270.96,0,0,1,33.87,0.00,985247744,0,0
11.1601,181784576,52.4200,448.44,0,0,1,56.06,0.00,985247744,0,0
11.1712,181784576,52.4600,360.13,0,0,1,45.02,0.00,985247744,0,0
11.1828,181784576,52.5000,347.49,0,0,1,43.44,0.00,985247744,0,0
11.1939,181784576,52.5400,359.64,0,0,1,44.95,0.00,985247744,0,0
11.2050,181784576,52.5800,360.64,0,0,1,45.08,0.00,985247744,0,0
11.2162,181428224,52.6300,443.82,0,0,1,55.48,0.00,985247744,0,0
11.2275,181428224,52.6700,355.19,0,0,1,77.70,0.00,985247744,0,0
11.2387,181428224,52.7100,357.17,0,0,1,33.48,0.00,985247744,0,0
11.2500,181428224,52.7300,177.41,0,0,1,22.18,0.00,985247744,0,0
11.2611,181428224,52.7400,89.81,0,0,1,11.23,0.00,985247744,0,0
11.2721,181428224,52.7500,90.63,0,0,1,11.33,0.00,985247744,0,0
11.2834,181428224,52.7800,267.22,0,0,1,55.67,0.00,985247744,0,0
11.2944,181428224,52.8200,361.70,0,0,1,45.21,0.00,985247744,0,0
11.3055,181428224,52.8600,360.26,0,0,1,45.03,0.00,985247744,0,0
11.3167,181428224,52.9000,358.71,0,0,1,56.05,0.00,985247744,0,0
11.3278,181428224,52.9700,631.54,0,0,1,101.50,0.00,985247744,0,0
11.3390,181428224,53.0200,443.60,0,0,1,55.45,0.00,985247744,0,0
11.3501,181428224,53.0600,361.77,0,0,1,45.22,0.00,985247744,0,0
11.3610,181428224,53.1000,365.38,0,0,1,45.67,0.00,985247744,0,0
11.3722,181428224,53.1400,359.84,0,0,1,44.98,0.00,985247744,0,0
11.3833,181428224,53.1800,358.87,0,0,1,44.86,0.00,985247744,0,0
11.3944,181428224,53.2200,359.95,0,0,1,44.99,0.00,985247744,0,0
11.4055,181428224,53.2600,359.78,0,0,1,44.97,0.00,985247744,0,0
11.4166,181428224,53.3000,361.41,0,0,1,45.18,0.00,985247744,0,0
11.4277,181428224,53.3700,631.31,0,0,1,90.19,0.00,985247744,0,0
11.4387,181428224,53.4200,452.74,0,0,1,56.59,0.00,985247744,0,0
11.4498,181428224,53.4600,360.38,0,0,1,45.05,0.00,985247744,0,0
11.4611,181428224,53.5000,353.71,0,0,1,44.21,0.00,985247744,0,0
11.4725,181428224,53.5400,351.10,0,0,1,43.89,0.00,985247744,0,0
11.4837,181428224,53.5800,358.77,0,0,1,44.85,0.00,985247744,0,0
11.4946,181428224,53.6200,365.01,0,0,1,45.63,0.00,985247744,0,0
11.5057,181428224,53.6600,362.29,0,0,1,45.29,0.00,985247744,0,0
11.5167,181428224,53.7000,361.78,0,0,1,45.22,0.00,985247744,0,0
11.5278,181428224,53.7800,722.59,0,0,1,101.61,0.00,985247744,0,0
11.5391,181428224,53.8200,355.76,0,0,1,44.47,0.00,985247744,0,0
11.5499,181428224,53.8600,369.50,0,0,1,46.19,0.00,985247744,0,0
11.5610,181428224,53.8900,269.80,0,0,1,33.72,0.00,985247744,0,0
11.5722,181428224,53.9100,177.79,0,0,1,22.22,0.00,985247744,0,0
11.5833,181428224,53.9700,542.61,0,0,1,79.13,0.00,985247744,0,0
11.5944,181428224,54.0200,451.59,0,0,1,45.16,0.00,985247744,0,0
11.6055,181428224,54.0600,359.80,0,0,1,44.98,0.00,985247744,0,0
11.6165,181428224,54.1000,364.70,0,0,1,45.59,0.00,985247744,0,0
11.6275,181428224,54.1300,273.08,0,0,1,34.14,0.00,985247744,0,0
11.6386,181428224,54.2000,630.33,0,0,1,67.54,0.00,985247744,0,0
11.6496,181428224,54.2500,453.78,0,0,1,68.07,0.00,985247744,0,0
11.6606,181428224,54.3000,454.72,0,0,1,56.84,0.00,985247744,0,0
11.6716,181428224,54.3400,361.43,0,0,1,45.18,0.00,985247744,0,0
11.6827,181428224,54.3800,362.57,0,0,1,45.32,0.00,985247744,0,0
11.6937,181428224,54.4200,361.46,0,0,1,45.18,0.00,985247744,0,0
11.7053,181428224,54.4600,344.72,0,0,1,43.09,0.00,985247744,0,0
11.7165,181428224,54.5000,358.99,0,0,1,44.87,0.00,985247744,0,0
11.7276,181428224,54.5600,541.60,0,0,1,90.27,0.00,985247744,0,0
11.7390,181428224,54.6000,350.37,0,0,1,43.80,0.00,985247744,0,0
11.7501,179949568,54.6200,180.14,0,0,1,11.26,0.00,985247744,0,0
11.7609,179949568,54.6400,185.22,0,0,1,69.46,0.00,985247744,0,0
11.7720,179949568,54.6800,358.59,0,0,1,44.82,0.00,985247744,0,0
11.7833,179949568,54.7200,355.69,0,0,1,44.46,0.00,985247744,0,0
11.7944,179949568,54.7600,359.41,0,0,1,44.93,0.00,985247744,0,0
11.8056,179949568,54.8000,358.64,0,0,1,44.83,0.00,985247744,0,0
11.8167,179949568,54.8400,358.15,0,0,1,44.77,0.00,985247744,0,0
11.8278,179949568,54.9200,722.73,0,0,1,101.63,0.00,985247744,0,0
11.8389,179949568,54.9600,359.14,0,0,1,44.89,0.00,985247744,0,0
11.8500,179949568,55.0000,360.31,0,0,1,67.56,0.00,985247744,0,0
11.8611,179949568,55.0400,361.02,0,0,1,67.69,0.00,985247744,0,0
11.8727,179949568,55.0800,345.92,0,0,1,75.67,0.00,985247744,0,0
11.8886,179949568,55.1600,503.30,0,0,1,110.10,0.00,985247744,0,0
11.9005,179949568,55.2000,336.44,0,0,1,42.06,0.00,985247744,0,0
11.9114,179949568,55.2400,364.83,0,0,1,45.60,0.00,985247744,0,0
11.9223,179949568,55.2800,366.58,0,0,1,45.82,0.00,985247744,0,0
11.9332,179949568,55.3200,368.55,0,0,1,46.07,0.00,985247744,0,0
11.9442,179949568,55.3600,362.70,0,0,1,45.34,0.00,985247744,0,0
11.9551,179949568,55.4000,368.27,0,0,1,46.03,0.00,985247744,0,0
11.9663,179949568,55.4400,358.17,0,0,1,44.77,0.00,985247744,0,0
11.9772,179949568,55.4800,364.98,0,0,1,45.62,0.00,985247744,0,0
11.9881,179949568,55.5600,733.80,0,0,1,91.73,0.00,985247744,0,0
11.9991,179949568,55.6000,362.66,0,0,1,45.33,0.00,985247744,0,0
12.0099,179949568,55.6400,370.70,0,0,1,46.34,0.00,985247744,0,0
12.0209,179949568,55.6800,366.15,0,0,1,45.77,0.00,985247744,0,0
12.0320,179949568,55.7200,359.30,0,0,1,44.91,0.00,985247744,0,0
12.0431,179949568,55.7600,360.71,0,0,1,45.09,0.00,985247744,0,0
12.0541,179949568,55.8000,361.95,0,0,1,45.24,0.00,985247744,0,0
12.0654,179949568,55.8400,355.33,0,0,1,44.42,0.00,985247744,0,0
12.0767,179949568,55.8800,354.12,0,0,1,44.27,0.00,985247744,0,0
12.0878,179949568,55.9600,722.36,0,0,1,101.58,0.00,985247744,0,0
12.0988,179949568,56.0000,363.46,0,0,1,45.43,0.00,985247744,0,0
12.1098,179949568,56.0400,361.88,0,0,1,45.23,0.00,985247744,0,0
12.1207,179949568,56.0800,366.34,0,0,1,45.79,0.00,985247744,0,0
12.1320,179949568,56.1200,355.70,0,0,1,44.46,0.00,985247744,0,0
12.1431,179949568,56.1600,361.05,0,0,1,45.13,0.00,985247744,0,0
12.1541,179949568,56.2000,363.51,0,0,1,45.44,0.00,985247744,0,0
12.1654,179949568,56.2400,351.86,0,0,1,43.98,0.00,985247744,0,0
12.1766,179949568,56.2800,359.11,0,0,1,44.89,0.00,985247744,0,0
12.1874,179949568,56.3200,369.76,0,0,1,46.22,0.00,985247744,0,0
12.1986,179949568,56.4000,710.84,0,0,1,99.96,0.00,985247744,0,0
12.2097,179949568,56.4400,361.26,0,0,1,45.16,0.00,985247744,0,0
12.2205,179949568,56.4800,370.39,0,0,1,46.30,0.00,985247744,0,0
12.2317,179949568,56.5200,356.73,0,0,1,44.59,0.00,985247744,0,0
12.2428,179949568,56.5600,360.67,0,0,1,45.08,0.00,985247744,0,0
12.2537,179949568,56.6000,366.98,0,0,1,45.87,0.00,985247744,0,0
12.2654,179949568,56.6400,342.67,0,0,1,42.83,0.00,985247744,0,0
12.2767,179949568,56.6800,352.47,0,0,1,44.06,0.00,985247744,0,0
12.2877,179949568,56.7600,729.27,0,0,1,102.55,0.00,985247744,0,0
12.2989,179949568,56.8000,357.84,0,0,1,44.73,0.00,985247744,0,0
12.3098,179949568,56.8400,365.29,0,0,1,45.66,0.00,985247744,0,0
12.3207,179949568,56.8800,366.80,0,0,1,45.85,0.00,985247744,0,0
12.3318,179949568,56.9200,362.46,0,0,1,45.31,0.00,985247744,0,0
12.3427,179949568,56.9600,367.45,0,0,1,45.93,0.00,985247744,0,0
12.3535,179949568,57.0000,370.43,0,0,1,46.30,0.00,985247744,0,0
12.3646,179949568,57.0400,359.03,0,0,1,44.88,0.00,985247744,0,0
12.3761,179949568,57.0800,349.28,0,0,1,43.66,0.00,985247744,0,0
12.3867,179949568,57.1200,374.20,0,0,1,46.78,0.00,985247744,0,0
12.3981,179949568,57.2000,702.03,0,0,1,98.72,0.00,985247744,0,0
12.4095,179949568,57.2400,352.46,0,0,1,44.06,0.00,985247744,0,0
12.4204,179949568,57.2800,365.52,0,0,1,45.69,0.00,985247744,0,0
12.4316,179949568,57.3200,357.70,0,0,1,55.89,0.00,985247744,0,0
12.4427,179949568,57.3600,361.28,0,0,1,45.16,0.00,985247744,0,0
12.4535,179949568,57.4000,368.59,0,0,1,46.07,0.00,985247744,0,0
12.4648,179949568,57.4400,354.08,0,0,1,44.26,0.00,985247744,0,0
12.4761,179949568,57.4800,355.74,0,0,1,44.47,0.00,985247744,0,0
12.4871,179949568,57.5200,363.78,0,0,1,45.47,0.00,985247744,0,0
12.4985,179949568,57.6000,700.74,0,0,1,87.59,0.00,985247744,0,0
12.5097,179949568,57.6400,356.98,0,0,1,44.62,0.00,985247744,0,0
12.5204,179949568,57.6800,373.01,0,0,1,46.63,0.00,985247744,0,0
12.5317,179949568,57.7200,353.88,0,0,1,44.24,0.00,985247744,0,0
12.5430,179949568,57.7600,353.93,0,0,1,44.24,0.00,985247744,0,0
12.5539,179949568,57.8000,368.85,0,0,1,46.11,0.00,985247744,0,0
12.5650,179949568,57.8400,358.77,0,0,1,44.85,0.00,985247744,0,0
12.5760,179949568,57.8800,364.56,0,0,1,45.57,0.00,985247744,0,0
12.5869,179949568,57.9200,368.35,0,0,1,46.04,0.00,985247744,0,0
12.5983,179949568,58.0000,698.04,0,0,1,87.26,0.00,985247744,0,0
12.6094,179949568,58.0400,359.75,0,0,1,44.97,0.00,985247744,0,0
12.6203,179949568,58.0800,368.63,0,0,1,46.08,0.00,985247744,0,0
12.6314,179949568,58.1200,359.02,0,0,1,44.88,0.00,985247744,0,0
12.6425,179949568,58.1600,361.13,0,0,1,45.14,0.00,985247744,0,0
12.6535,179949568,58.2000,364.33,0,0,1,45.54,0.00,985247744,0,0
12.6645,179949568,58.2400,361.91,0,0,1,56.55,0.00,985247744,0,0
12.6754,179949568,58.2800,368.19,0,0,1,57.53,0.00,985247744,0,0
12.6864,179949568,58.3200,361.87,0,0,1,56.54,0.00,985247744,0,0
12.6977,179949568,58.4000,709.55,0,0,1,110.87,0.00,985247744,0,0
12.7087,179949568,58.4400,363.88,0,0,1,45.48,0.00,985247744,0,0
12.7199,179949568,58.4800,357.15,0,0,1,44.64,0.00,985247744,0,0
12.7319,179949568,58.5200,334.92,0,0,1,41.86,0.00,985247744,0,0
12.7435,179949568,58.5600,344.93,0,0,1,43.12,0.00,985247744,0,0
12.7550,179949568,58.6100,432.78,0,0,1,43.28,0.00,985247744,0,0
12.7662,179949568,58.6500,356.29,0,0,1,44.54,0.00,985247744,0,0
12.7777,179949568,58.6900,348.05,0,0,1,65.26,0.00,985247744,0,0
12.7888,179949568,58.7500,543.21,0,0,1,67.90,0.00,985247744,0,0
12.8001,179949568,58.7900,354.58,0,0,1,33.24,0.00,985247744,0,0
12.8119,179949568,58.8300,336.65,0,0,1,42.08,0.00,985247744,0,0
12.8231,179949568,58.8800,448.42,0,0,1,56.05,0.00,985247744,0,0
12.8343,179949568,58.9100,266.81,0,0,1,44.47,0.00,985247744,0,0
12.8454,179949568,58.9500,360.72,0,0,1,45.09,0.00,985247744,0,0
12.8565,179949568,59.0000,450.68,0,0,1,45.07,0.00,985247744,0,0
12.8681,179949568,59.0700,603.19,0,0,1,86.17,0.00,985247744,0,0
12.8800,179949568,59.1200,420.11,0,0,1,52.51,0.00,985247744,0,0
12.8913,179949568,59.1700,444.19,0,0,1,77.73,0.00,985247744,0,0
12.9028,180752384,59.2100,345.63,0,0,1,32.40,0.00,985247744,0,0
12.9146,178458624,59.2400,256.37,0,0,1,42.73,0.00,983040000,0,0
12.9265,178458624,59.2600,166.77,0,0,1,31.27,0.00,983040000,0,0
12.9379,178458624,59.3000,353.10,0,0,1,55.17,0.00,983040000,0,0
12.9494,178458624,59.3100,86.78,0,0,1,10.85,0.00,983040000,0,0
12.9610,178458624,59.3400,259.12,0,0,1,32.39,0.00,982409216,0,0
12.9723,178458624,59.3500,88.52,0,0,1,11.07,0.00,982409216,0,0
12.9836,178458624,59.3600,88.45,0,0,1,11.06,0.00,982409216,0,0
12.9946,178458624,59.3700,90.47,0,0,1,22.62,0.00,982409216,0,0
13.0058,178728960,59.3900,179.51,0,0,1,22.44,0.00,982409216,0,0
13.0170,178728960,59.4000,89.39,0,0,1,11.17,0.00,982409216,0,0
13.0281,178728960,59.4100,89.54,0,0,1,44.77,0.00,982409216,0,0
13.0392,178728960,59.4300,180.52,0,0,1,22.57,0.00,982409216,0,0
13.0505,178728960,59.4400,88.39,0,0,1,22.10,0.00,982409216,0,0
13.0617,178728960,59.4500,89.39,0,0,1,11.17,0.00,982409216,0,0
13.0729,178728960,59.4600,89.71,0,0,1,11.21,0.00,982409216,0,0
13.0840,178728960,59.4800,179.89,0,0,1,33.73,0.00,982409216,0,0
13.0959,178728960,59.5000,167.35,0,0,1,20.92,0.00,982409216,0,0
13.1073,178728960,59.5000,0.00,0,0,1,10.95,0.00,982409216,0,0
13.1186,178728960,59.5000,0.00,0,0,1,11.13,0.00,982409216,0,0
13.1297,178728960,59.5000,0.00,0,0,1,0.00,0.00,982409216,0,0
13.1408,178728960,59.5000,0.00,0,0,1,0.00,0.00,982409216,0,0
13.1519,178728960,59.5000,0.00,0,0,1,0.00,0.00,982409216,0,0
13.1631,178728960,59.5000,0.00,0,0,1,0.00,0.00,982409216,0,0
13.1744,178728960,59.5000,0.00,0,0,1,0.00,0.00,982409216,0,0
13.1855,178728960,59.5000,0.00,0,0,1,0.00,0.00,982409216,0,0
13.1966,178728960,59.5000,0.00,0,0,1,0.00,0.00,982409216,0,0
13.2078,178728960,59.5000,0.00,0,0,1,11.15,0.00,982409216,0,0
13.2190,178728960,59.5000,0.00,0,0,1,0.00,0.00,982409216,0,0
13.2302,178728960,59.5200,178.96,0,0,1,22.37,0.00,982409216,0,0
13.2414,178728960,59.5300,89.21,0,0,1,22.30,0.00,982409216,0,0
13.2525,178728960,59.5500,179.82,0,0,1,22.48,0.00,982409216,0,0
13.2636,178728960,59.5800,269.48,0,0,1,22.46,0.00,982409216,0,0
13.2748,178728960,59.5900,89.26,0,0,1,0.00,0.00,982409216,0,0
13.2858,178728960,59.6200,272.74,0,0,1,56.82,0.00,982409216,0,0
13.2969,178728960,59.6600,360.68,0,0,1,11.27,0.00,982409216,0,0
13.3081,178728960,59.6900,267.75,0,0,1,55.78,0.00,982409216,0,0
13.3193,178728960,59.7200,268.61,0,0,1,44.77,0.00,982409216,0,0
13.3303,178728960,59.7600,362.90,0,0,1,45.36,0.00,982409216,0,0
13.3419,178728960,59.8100,433.13,0,0,1,43.31,0.00,982409216,0,0
13.3530,178728960,59.8200,89.70,0,0,1,0.00,0.00,982409216,0,0
13.3642,178728960,59.8500,268.14,0,0,1,67.04,0.00,982409216,0,0
13.3763,178728960,59.9400,743.05,0,0,1,82.56,0.00,982409216,0,0
13.3874,178728960,59.9800,359.63,0,0,1,44.95,0.00,982409216,0,0
13.3988,178728960,60.0300,442.05,0,0,1,77.36,0.00,982409216,0,0
13.4107,178728960,60.0600,251.22,0,0,1,10.47,0.00,982409216,0,0
13.4218,178728960,60.1000,361.61,0,0,1,56.50,0.00,982409216,0,0
13.4331,178728960,60.1300,265.65,0,0,1,22.14,0.00,982409216,0,0
13.4445,178728960,60.1700,348.51,0,0,1,65.35,0.00,982409216,0,0
13.4557,178728960,60.2100,357.60,0,0,1,44.70,0.00,982409216,0,0
13.4670,178728960,60.2500,355.88,0,0,1,44.48,0.00,982409216,0,0
13.4780,178728960,60.3300,721.80,0,0,1,112.78,0.00,982409216,0,0
13.4892,178728960,60.3600,268.83,0,0,1,0.00,0.00,982409216,0,0
13.5114,178728960,60.4900,586.39,0,0,1,118.41,0.00,982409216,0,0
13.5327,178728960,60.6400,703.62,0,0,1,58.63,0.00,982409216,0,0
13.5593,178728960,60.8600,827.97,0,0,1,98.79,0.00,982409216,0,0
13.5711,178728960,60.9100,421.40,0,0,1,63.21,0.00,982409216,0,0
13.5831,178728960,60.9600,416.94,0,0,1,52.12,0.00,982409216,0,0
13.5945,178728960,60.9700,87.93,0,0,1,10.99,0.00,982409216,0,0
13.6063,178728960,61.0000,254.38,0,0,1,42.40,0.00,982409216,0,0
13.6183,178728960,61.0700,580.53,0,0,1,93.30,0.00,982409216,0,0
13.6301,178728960,61.1100,339.82,0,0,1,21.24,0.00,982409216,0,0
13.6417,178728960,61.1500,345.59,0,0,1,54.00,0.00,982409216,0,0
13.6529,178728960,61.1900,358.24,0,0,1,44.78,0.00,982409216,0,0
13.6639,178728960,61.2400,450.96,0,0,1,56.37,0.00,982409216,0,0
13.6754,178728960,61.2400,0.00,0,0,1,32.64,0.00,982409216,0,0
13.6865,178728960,61.2900,449.91,0,0,1,44.99,0.00,982409216,0,0
13.6976,178728960,61.3500,544.80,0,0,1,90.80,0.00,982409216,0,0
13.7092,178728960,61.4100,517.02,0,0,1,64.63,0.00,982409216,0,0
13.7204,178728960,61.4500,354.71,0,0,1,44.34,0.00,982409216,0,0
13.7321,178728960,61.4900,343.38,0,0,1,42.92,0.00,982409216,0,0
13.7433,178728960,61.5300,357.30,0,0,1,44.66,0.00,982409216,0,0
13.7545,178728960,61.5700,357.65,0,0,1,44.71,0.00,982409216,0,0
13.7660,178728960,61.6100,347.16,0,0,1,43.39,0.00,982409216,0,0
13.7772,178728960,61.6500,355.77,0,0,1,55.59,0.00,982409216,0,0
13.7886,178728960,61.7000,440.48,0,0,1,55.06,0.00,982409216,0,0
13.7997,178728960,61.7400,360.80,0,0,1,67.65,0.00,982409216,0,0
13.8107,178728960,61.7900,452.19,0,0,1,67.83,0.00,982409216,0,0
13.8282,178728960,61.9300,800.63,0,0,1,92.93,0.00,982409216,0,0
13.8409,178728960,62.0400,867.82,0,0,1,108.48,0.00,982409216,0,0
13.8523,178728960,62.1400,876.31,0,0,1,98.59,0.00,982409216,0,0
13.8675,178728960,62.2200,525.10,0,0,1,98.46,0.00,982409216,0,0
13.8835,178728960,62.3500,816.20,0,0,1,78.48,0.00,982409216,0,0
13.9015,178728960,62.4900,775.01,0,0,1,103.80,0.00,982409216,0,0
13.9175,178728960,62.6300,877.01,0,0,1,117.46,0.00,982409216,0,0
13.9335,178728960,62.7600,810.50,0,0,1,62.35,0.00,982409216,0,0
13.9493,178728960,62.8900,823.17,0,0,1,110.81,0.00,982409216,0,0
13.9604,178728960,62.9500,540.97,0,0,1,90.16,0.00,982409216,0,0
13.9757,178728960,63.1000,984.16,0,0,1,131.22,0.00,982409216,0,0
14.0037,178728960,63.2500,534.85,0,0,1,66.86,0.00,982409216,0,0
14.0230,178728960,63.4100,828.90,0,0,1,110.09,0.00,982409216,0,0
14.0389,178728960,63.5700,1008.94,0,0,1,118.23,0.00,982409216,0,0
14.0526,178728960,63.6400,508.73,0,0,1,54.51,0.00,982409216,0,0
14.0736,178728960,63.7600,572.62,0,0,1,149.12,0.00,982409216,0,0
14.1186,178728960,63.9700,466.07,0,0,1,13.87,0.00,982409216,0,0
14.1299,178728960,63.9700,0.00,0,0,1,0.00,0.00,982409216,0,0
14.1413,178728960,63.9700,0.00,0,0,1,0.00,0.00,982409216,0,0
14.1525,178728960,63.9700,0.00,0,0,1,0.00,0.00,982409216,0,0
14.1637,178728960,63.9700,0.00,0,0,1,44.65,0.00,982409216,0,0
14.1754,178728960,64.0200,429.90,0,0,1,42.99,0.00,982409216,0,0
14.1864,178728960,64.0500,271.80,0,0,1,45.30,0.00,982409216,0,0
14.1975,178728960,64.1100,542.83,0,0,1,90.47,0.00,982409216,0,0
14.2090,178728960,64.1700,519.26,0,0,1,54.09,0.00,982409216,0,0
14.2202,178728960,64.2100,356.50,0,0,1,44.56,0.00,982409216,0,0
14.2317,178728960,64.2500,348.02,0,0,1,43.50,0.00,982409216,0,0
14.2437,178728960,64.2900,335.36,0,0,1,31.44,0.00,982409216,0,0
14.2570,178728960,64.3000,75.04,0,0,1,9.38,0.00,982409216,0,0
14.2681,178728960,64.3800,722.34,0,0,1,112.87,0.00,982409216,0,0
14.2795,178728960,64.4100,261.99,0,0,1,32.75,0.00,982409216,0,0
14.2906,178728960,64.4600,450.40,0,0,1,56.30,0.00,982409216,0,0
14.3018,178728960,64.5100,448.69,0,0,1,44.87,0.00,982409216,0,0
14.3128,178728960,64.5400,270.67,0,0,1,45.11,0.00,982409216,0,0
14.3241,178728960,64.5800,354.09,0,0,1,44.26,0.00,982409216,0,0
14.3355,178728960,64.6200,350.84,0,0,1,21.93,0.00,982409216,0,0
14.3465,178728960,64.6400,181.70,0,0,1,56.78,0.00,982409216,0,0
14.3577,178728960,64.6800,359.58,0,0,1,67.42,0.00,982409216,0,0
14.3690,178728960,64.7400,527.59,0,0,1,54.96,0.00,982409216,0,0
14.3803,178728960,64.7900,445.09,0,0,1,66.76,0.00,982409216,0,0
14.3915,178728960,64.8100,178.89,0,0,1,33.54,0.00,982409216,0,0
14.4026,178728960,64.8800,629.55,0,0,1,56.21,0.00,982409216,0,0
14.4139,178728960,64.9200,352.61,0,0,1,55.10,0.00,982409216,0,0
14.4254,178728960,64.9700,436.15,0,0,1,43.62,0.00,982409216,0,0
14.4367,178728960,65.0000,264.91,0,0,1,44.15,0.00,982409216,0,0
14.4482,178728960,65.0600,522.26,0,0,1,76.16,0.00,982409216,0,0
14.4603,178728960,65.1200,493.55,0,0,1,82.26,0.00,982409216,0,0
14.4716,178728960,65.1500,266.27,0,0,1,33.28,0.00,982409216,0,0
14.4827,178728960,65.1900,361.54,0,0,1,45.19,0.00,982409216,0,0
14.4937,178728960,65.2400,452.78,0,0,1,56.60,0.00,982409216,0,0
14.5049,178728960,65.2800,357.17,0,0,1,33.49,0.00,982409216,0,0
14.5161,178728960,65.3200,359.09,0,0,1,56.11,0.00,982409216,0,0
14.5271,178728960,65.3700,452.16,0,0,1,45.22,0.00,982409216,0,0
14.5382,178728960,65.4400,630.29,0,0,1,101.30,0.00,982409216,0,0
14.5522,178728960,65.4800,287.10,0,0,1,26.92,0.00,982409216,0,0
14.5633,178728960,65.5200,357.39,0,0,1,44.67,0.00,982409216,0,0
14.5745,178728960,65.5600,360.31,0,0,1,45.04,0.00,982409216,0,0
14.5857,178728960,65.6000,354.61,0,0,1,33.24,0.00,982409216,0,0
14.5968,178728960,65.6200,180.34,0,0,1,22.54,0.00,982409216,0,0
14.6086,178728960,65.6500,253.93,0,0,1,42.32,0.00,982409216,0,0
14.6199,178728960,65.6800,266.43,0,0,1,33.30,0.00,982409216,0,0
14.6313,178728960,65.6900,87.86,0,0,1,10.98,0.00,982409216,0,0
14.6432,178728960,65.7200,251.06,0,0,1,31.38,0.00,982409216,0,0
14.6548,178728960,65.7400,172.66,0,0,1,21.58,0.00,982409216,0,0
14.6661,178728960,65.7600,176.61,0,0,1,22.08,0.00,982409216,0,0
14.6771,178728960,65.7800,181.74,0,0,1,22.72,0.00,982409216,0,0
14.6888,178728960,65.8200,342.58,0,0,1,53.53,0.00,982409216,0,0
14.7006,178728960,65.8400,169.38,0,0,1,21.17,0.00,982409216,0,0
14.7117,178728960,65.8400,0.00,0,0,1,0.00,0.00,982409216,0,0
14.7268,178728960,65.8700,199.57,0,0,1,16.63,0.00,982409216,0,0
14.7379,178728960,65.8800,89.95,0,0,1,67.46,0.00,982409216,0,0
14.7572,178728960,65.9900,570.80,0,0,1,58.38,0.00,982409216,0,0
14.7730,178728960,66.1300,883.27,0,0,1,118.30,0.00,982409216,0,0
14.7893,178728960,66.2500,737.33,0,0,1,107.53,0.00,982409216,0,0
14.8052,178728960,66.3700,754.86,0,0,1,70.77,0.00,982409216,0,0
14.8214,178728960,66.5000,803.04,0,0,1,100.38,0.00,982409216,0,0
14.8371,178728960,66.6300,825.54,0,0,1,79.38,0.00,982409216,0,0
14.8531,178728960,66.7500,751.27,0,0,1,109.56,0.00,982409216,0,0
14.8688,178728960,66.8800,826.72,0,0,1,95.39,0.00,982409216,0,0
14.8848,178728960,67.0100,813.18,0,0,1,86.01,0.00,982409216,0,0
14.8994,178728960,67.1500,962.47,0,0,1,120.31,0.00,982409216,0,0
14.9196,178728960,67.2600,544.30,0,0,1,80.41,0.00,982409216,0,0
14.9355,178728960,67.4000,879.56,0,0,1,78.53,0.00,982409216,0,0
14.9473,178728960,67.5100,930.08,0,0,1,137.40,0.00,982409216,0,0
14.9634,178728960,67.6300,746.66,0,0,1,85.56,0.00,982409216,0,0
14.9817,178728960,67.7800,820.71,0,0,1,109.43,0.00,982409216,0,0
14.9957,178728960,67.8800,713.34,0,0,1,62.42,0.00,982409216,0,0
15.0077,178728960,68.0000,997.26,0,0,1,166.21,0.00,982409216,0,0
15.0230,178728960,68.0900,586.61,0,0,1,57.03,0.00,982409216,0,0
15.0397,178728960,68.2300,842.24,0,0,1,112.80,0.00,982409216,0,0
15.0507,178728960,68.3200,814.64,0,0,1,90.52,0.00,982409216,0,0
15.0622,178728960,68.3800,523.78,0,0,1,76.38,0.00,982409216,0,0
15.0746,178728960,68.5000,965.00,0,0,1,100.52,0.00,982409216,0,0
15.0898,178728960,68.6400,922.26,0,0,1,123.52,0.00,982409216,0,0
15.1036,178728960,68.7400,724.34,0,0,1,72.43,0.00,982409216,0,0
15.1193,178728960,68.8700,828.87,0,0,1,111.58,0.00,982409216,0,0
15.1303,178728960,68.9100,361.95,0,0,1,33.93,0.00,982409216,0,0
15.1424,178728960,69.0300,991.75,0,0,1,123.97,0.00,982409216,0,0
15.1535,178728960,69.1300,899.73,0,0,1,89.97,0.00,982409216,0,0
15.1649,178728960,69.1800,440.79,0,0,1,55.10,0.00,982409216,0,0
15.1771,178728960,69.2900,902.86,0,0,1,133.38,0.00,982409216,0,0
15.1946,178728960,69.4100,683.10,0,0,1,78.27,0.00,982409216,0,0
15.2142,178728960,69.5800,866.92,0,0,1,89.24,0.00,982409216,0,0
15.2311,178728960,69.7500,1008.32,0,0,1,126.04,0.00,982409216,0,0
15.2443,178728960,69.8100,454.72,0,0,1,47.37,0.00,982409216,0,0
15.2555,178728960,69.9000,801.23,0,0,1,122.41,0.00,982409216,0,0
15.2665,178728960,70.0000,908.98,0,0,1,90.90,0.00,982409216,0,0
15.2779,178728960,70.1000,879.55,0,0,1,175.91,0.00,982409216,0,0
15.2957,178728960,70.2400,786.02,0,0,1,56.14,0.00,982409216,0,0
15.3100,178728960,70.3500,768.45,0,0,1,113.52,0.00,982409216,0,0
15.3234,178728960,70.4400,671.60,0,0,1,65.29,0.00,982409216,0,0
15.3356,178728960,70.5200,659.76,0,0,1,113.40,0.00,982409216,0,0
15.3466,178728960,70.6200,906.36,0,0,1,67.98,0.00,982409216,0,0
15.3578,178728960,70.6600,357.62,0,0,1,78.23,0.00,982409216,0,0
15.3691,178728960,70.7100,442.89,0,0,1,44.29,0.00,982409216,0,0
15.3805,178728960,70.7900,700.88,0,0,1,76.66,0.00,982409216,0,0
15.3922,178728960,70.8500,509.69,0,0,1,63.71,0.00,982409216,0,0
15.4034,178728960,70.8800,269.02,0,0,1,22.42,0.00,982409216,0,0
15.4145,178728960,70.9500,632.88,0,0,1,90.41,0.00,982409216,0,0
15.4260,178728960,70.9800,259.13,0,0,1,43.19,0.00,982409216,0,0
15.4371,178728960,71.0100,270.85,0,0,1,33.86,0.00,982409216,0,0
15.4484,178728960,71.0900,710.52,0,0,1,66.61,0.00,982409216,0,0
15.4594,178728960,71.1400,452.75,0,0,1,67.91,0.00,982409216,0,0
15.4706,178728960,71.1900,447.62,0,0,1,67.14,0.00,982409216,0,0
15.4817,178728960,71.2100,179.99,0,0,1,22.50,0.00,982409216,0,0
15.4932,178728960,71.2500,347.66,0,0,1,43.46,0.00,982409216,0,0
15.5044,178728960,71.3200,623.57,0,0,1,66.81,0.00,982409216,0,0
15.5156,178728960,71.3700,449.02,0,0,1,44.90,0.00,982409216,0,0
15.5267,178728960,71.3900,178.95,0,0,1,33.55,0.00,982409216,0,0
15.5379,178728960,71.4200,268.85,0,0,1,56.01,0.00,982409216,0,0
15.5491,178728960,71.4600,357.30,0,0,1,33.50,0.00,982409216,0,0
15.5603,178728960,71.4900,267.31,0,0,1,22.28,0.00,982409216,0,0
15.5715,178728960,71.4900,0.00,0,0,1,0.00,0.00,982409216,0,0
15.5827,178728960,71.5300,357.18,0,0,1,44.65,0.00,982409216,0,0
15.5939,178728960,71.5600,267.45,0,0,1,22.29,0.00,982409216,0,0
15.6051,178728960,71.5700,89.33,0,0,1,11.17,0.00,982409216,0,0
15.6165,178728960,71.5800,87.85,0,0,1,10.98,0.00,982409216,0,0
15.6276,178728960,71.6000,179.67,0,0,1,78.61,0.00,982409216,0,0
15.6387,178728960,71.6700,630.90,0,0,1,90.13,0.00,982409216,0,0
15.6498,178728960,71.7000,271.43,0,0,1,33.93,0.00,982409216,0,0
15.6609,178728960,71.7400,359.44,0,0,1,56.16,0.00,982409216,0,0
15.6719,178728960,71.7900,455.47,0,0,1,79.71,0.00,982409216,0,0
15.6830,178728960,71.8200,269.59,0,0,1,44.93,0.00,982409216,0,0
15.6942,178728960,71.8700,447.78,0,0,1,55.97,0.00,982409216,0,0
15.7053,178728960,71.9100,359.30,0,0,1,33.68,0.00,982409216,0,0
15.7166,178728960,71.9600,440.32,0,0,1,55.04,0.00,982409216,0,0
15.7283,178728960,72.0200,513.74,0,0,1,74.92,0.00,982409216,0,0
15.7396,178728960,72.0600,355.24,0,0,1,44.41,0.00,982409216,0,0
15.7508,178728960,72.1100,445.09,0,0,1,44.51,0.00,982409216,0,0
15.7622,178728960,72.1400,262.91,0,0,1,43.82,0.00,982409216,0,0
15.7738,178728960,72.1800,346.67,0,0,1,54.17,0.00,982409216,0,0
15.7851,178728960,72.2400,530.52,0,0,1,55.26,0.00,982409216,0,0
15.7963,178728960,72.2700,266.69,0,0,1,55.56,0.00,982409216,0,0
15.8083,178728960,72.3500,667.07,0,0,1,93.81,0.00,982409216,0,0
15.8195,178728960,72.3800,268.89,0,0,1,33.61,0.00,982409216,0,0
15.8307,178728960,72.4100,267.93,0,0,1,44.66,0.00,982409216,0,0
15.8418,178728960,72.4400,270.47,0,0,1,33.81,0.00,982409216,0,0
15.8530,178728960,72.4600,178.57,0,0,1,22.32,0.00,982409216,0,0
15.8642,178728960,72.4700,88.81,0,0,1,0.00,0.00,982409216,0,0
15.8755,178728960,72.5100,356.14,0,0,1,55.65,0.00,982409216,0,0
15.8865,178728960,72.5500,362.91,0,0,1,45.36,0.00,982409216,0,0
15.8974,178728960,72.5800,273.47,0,0,1,45.58,0.00,982409216,0,0
15.9084,178728960,72.6400,546.46,0,0,1,79.69,0.00,982409216,0,0
15.9194,178728960,72.6900,453.59,0,0,1,56.70,0.00,982409216,0,0
15.9309,178728960,72.7400,435.52,0,0,1,54.44,0.00,982409216,0,0
15.9421,178728960,72.7900,448.45,0,0,1,44.85,0.00,982409216,0,0
15.9532,178728960,72.8300,359.03,0,0,1,44.88,0.00,982409216,0,0
15.9645,178728960,72.8600,264.74,0,0,1,33.09,0.00,982409216,0,0
15.9760,178728960,72.9100,435.36,0,0,1,54.42,0.00,982409216,0,0
15.9884,178728960,72.9700,485.61,0,0,1,80.94,0.00,982409216,0,0
15.9996,178728960,73.0000,268.50,0,0,1,22.38,0.00,982409216,0,0
16.0112,178728960,73.0500,430.48,0,0,1,53.81,0.00,982409216,0,0
16.0228,178728960,73.1100,515.02,0,0,1,64.38,0.00,982409216,0,0
16.0341,178728960,73.1300,177.59,0,0,1,22.20,0.00,982409216,0,0
16.0454,178728960,73.1700,352.57,0,0,1,44.07,0.00,982409216,0,0
16.0569,178728960,73.2200,435.02,0,0,1,43.50,0.00,982409216,0,0
16.0681,178728960,73.2500,267.39,0,0,1,44.56,0.00,982409216,0,0
16.0793,178728960,73.2600,89.78,0,0,1,11.22,0.00,982409216,0,0
16.0904,178728960,73.2900,269.21,0,0,1,22.43,0.00,982409216,0,0
16.1016,178728960,73.3000,89.38,0,0,1,11.17,0.00,982409216,0,0
16.1127,178728960,73.3200,180.57,0,0,1,45.14,0.00,982409216,0,0
16.1238,178728960,73.3700,451.13,0,0,1,45.11,0.00,982409216,0,0
16.1351,178728960,73.4000,266.09,0,0,1,44.35,0.00,982409216,0,0
16.1462,178728960,73.4400,358.88,0,0,1,44.86,0.00,982409216,0,0
16.1574,178728960,73.4800,357.82,0,0,1,44.73,0.00,982409216,0,0
16.1686,178728960,73.5600,715.53,0,0,1,100.62,0.00,982409216,0,0
16.1797,178728960,73.5900,268.29,0,0,1,33.54,0.00,982409216,0,0
16.1908,178728960,73.6400,450.89,0,0,1,56.36,0.00,982409216,0,0
16.2020,178728960,73.6800,358.77,0,0,1,44.85,0.00,982409216,0,0
16.2132,178728960,73.7200,355.00,0,0,1,44.37,0.00,982409216,0,0
16.2245,178728960,73.7600,354.06,0,0,1,44.26,0.00,982409216,0,0
16.2357,178728960,73.8000,359.47,0,0,1,44.93,0.00,982409216,0,0
16.2470,178728960,73.8400,354.57,0,0,1,44.32,0.00,982409216,0,0
16.2584,178728960,73.9200,700.57,0,0,1,98.52,0.00,982409216,0,0
16.2695,178728960,73.9600,359.81,0,0,1,56.22,0.00,982409216,0,0
16.2807,178728960,74.0000,357.25,0,0,1,44.66,0.00,982409216,0,0
16.2918,178728960,74.0400,359.39,0,0,1,44.92,0.00,982409216,0,0
16.3030,178728960,74.0800,357.16,0,0,1,44.65,0.00,982409216,0,0
16.3143,178728960,74.1200,355.93,0,0,1,44.49,0.00,982409216,0,0
16.3263,178728960,74.1600,331.69,0,0,1,41.46,0.00,982409216,0,0
16.3375,178728960,74.2000,357.52,0,0,1,100.55,0.00,982409216,0,0
16.3488,178728960,74.2800,710.15,0,0,1,44.38,0.00,982409216,0,0
16.3599,178728960,74.3200,358.12,0,0,1,44.77,0.00,982409216,0,0
16.3712,178728960,74.3600,355.71,0,0,1,44.46,0.00,982409216,0,0
16.3824,178728960,74.4000,356.94,0,0,1,55.77,0.00,982409216,0,0
16.3934,178728960,74.4400,362.42,0,0,1,45.30,0.00,982409216,0,0
16.4045,178728960,74.4900,449.61,0,0,1,44.96,0.00,982409216,0,0
16.4157,178728960,74.5200,269.21,0,0,1,44.87,0.00,982409216,0,0
16.4269,178728960,74.5600,356.44,0,0,1,44.56,0.00,982409216,0,0
16.4383,178728960,74.6400,702.83,0,0,1,98.83,0.00,982409216,0,0
16.4494,178728960,74.6800,359.32,0,0,1,44.92,0.00,982409216,0,0
16.4605,178728960,74.7200,361.60,0,0,1,45.20,0.00,982409216,0,0
16.4716,178728960,74.7600,358.51,0,0,1,44.81,0.00,982409216,0,0
16.4828,178728960,74.8000,357.42,0,0,1,44.68,0.00,982409216,0,0
16.4939,178728960,74.8400,360.87,0,0,1,45.11,0.00,982409216,0,0
16.5052,178728960,74.8800,355.48,0,0,1,44.43,0.00,982409216,0,0
16.5162,178728960,74.9200,361.62,0,0,1,45.20,0.00,988696576,0,0
16.5273,178728960,74.9600,361.50,0,0,1,56.48,0.00,986595328,0,0
16.5385,178728960,75.0200,535.04,0,0,1,78.03,0.00,987140096,0,0
16.5494,178995200,75.0300,91.44,0,0,1,11.43,0.00,987140096,0,0
16.5606,178995200,75.0400,89.36,0,0,1,11.17,0.00,987140096,0,0
16.5719,178995200,75.0500,89.16,0,0,1,0.00,0.00,987140096,0,0
16.5829,178995200,75.0600,90.79,0,0,1,11.35,0.00,987140096,0,0
16.5937,178995200,75.0800,183.97,0,0,1,11.50,0.00,987140096,0,0
16.6047,178995200,75.1100,272.88,0,0,1,22.74,0.00,987140096,0,0
16.6156,178995200,75.1100,0.00,0,0,1,22.94,0.00,987140096,0,0
16.6266,178995200,75.1500,364.51,0,0,1,22.78,0.00,987140096,0,0
16.6377,178995200,75.1800,271.60,0,0,1,67.90,0.00,987140096,0,0
16.6486,178995200,75.2200,366.73,0,0,1,22.92,0.00,987140096,0,0
16.6596,178995200,75.2500,271.63,0,0,1,11.32,0.00,987140096,0,0
16.6707,178995200,75.2600,90.14,0,0,1,33.80,0.00,987140096,0,0
16.6817,178995200,75.3100,453.32,0,0,1,56.67,0.00,987140096,0,0
16.6928,178995200,75.3500,360.16,0,0,1,22.51,0.00,987140096,0,0
16.7039,178995200,75.3500,0.00,0,0,1,11.33,0.00,987140096,0,0
16.7148,178995200,75.3900,364.97,0,0,1,68.43,0.00,987140096,0,0
16.7258,178995200,75.4800,824.01,0,0,1,68.67,0.00,987140096,0,0
16.7368,178995200,75.5100,270.76,0,0,1,33.85,0.00,987140096,0,0
16.7479,178995200,75.5500,362.87,0,0,1,68.04,0.00,987140096,0,0
16.7589,178995200,75.5800,271.63,0,0,1,33.95,0.00,987140096,0,0
16.7701,178995200,75.6200,357.32,0,0,1,44.66,0.00,987140096,0,0
16.7811,178995200,75.6500,272.86,0,0,1,22.74,0.00,987140096,0,0
16.7920,178995200,75.6700,182.63,0,0,1,34.24,0.00,987140096,0,0
16.8030,178995200,75.7100,364.34,0,0,1,45.54,0.00,987140096,0,0
16.8145,178995200,75.7500,349.13,0,0,1,43.64,0.00,987140096,0,0
16.8260,178995200,75.7900,348.23,0,0,1,43.53,0.00,987140096,0,0
16.8371,178995200,75.8400,449.72,0,0,1,44.97,0.00,987140096,0,0
16.8482,178995200,75.8700,270.95,0,0,1,45.16,0.00,987140096,0,0
16.8591,179261440,75.9000,274.17,0,0,1,57.12,0.00,987140096,0,0
16.8780,179261440,76.0200,633.42,0,0,1,85.78,0.00,987140096,0,0
16.8923,179261440,76.1300,770.99,0,0,1,87.61,0.00,987140096,0,0
16.9039,179261440,76.1800,432.74,0,0,1,54.09,0.00,987140096,0,0
16.9156,179261440,76.2900,939.49,0,0,1,117.44,0.00,987140096,0,0
16.9277,179261440,76.4100,986.71,0,0,1,123.34,0.00,987140096,0,0
16.9388,179261440,76.4700,541.18,0,0,1,67.65,0.00,987140096,0,0
16.9581,179261440,76.5400,363.04,0,0,1,45.38,0.00,987140096,0,0
16.9692,179261440,76.5800,360.17,0,0,1,45.02,0.00,987140096,0,0
16.9803,179261440,76.6100,269.20,0,0,1,22.43,0.00,987140096,0,0
16.9917,179261440,76.6400,263.26,0,0,1,43.88,0.00,987140096,0,0
17.0027,179261440,76.6800,365.47,0,0,1,45.68,0.00,987140096,0,0
17.0137,179261440,76.7100,273.11,0,0,1,0.00,0.00,987140096,0,0
17.0247,179261440,76.7500,363.16,0,0,1,45.40,0.00,987140096,0,0
17.0357,179261440,76.7900,364.06,0,0,1,45.51,0.00,987140096,0,0
17.0467,179261440,76.8300,363.98,0,0,1,45.50,0.00,987140096,0,0
17.0577,179261440,76.9000,633.31,0,0,1,101.78,0.00,987140096,0,0
17.0688,179261440,76.9500,449.46,0,0,1,44.95,0.00,987140096,0,0
17.0796,179261440,76.9900,370.95,0,0,1,46.37,0.00,987140096,0,0
17.0907,179261440,77.0300,362.04,0,0,1,22.63,0.00,987140096,0,0
17.1104,179261440,77.1300,506.79,0,0,1,88.69,0.00,987140096,0,0
17.1233,179261440,77.2200,698.95,0,0,1,87.37,0.00,987140096,0,0
17.1342,179261440,77.3100,823.77,0,0,1,91.53,0.00,987140096,0,0
17.1460,179261440,77.4000,763.38,0,0,1,84.82,0.00,987140096,0,0
17.1666,179261440,77.5300,630.04,0,0,1,84.81,0.00,987140096,0,0
17.1853,179261440,77.6800,803.32,0,0,1,100.41,0.00,987140096,0,0
17.2002,179261440,77.8300,1006.69,0,0,1,117.45,0.00,987140096,0,0
17.2192,179261440,77.9900,842.41,0,0,1,92.14,0.00,987140096,0,0
17.2353,179261440,78.1000,683.80,0,0,1,69.93,0.00,987140096,0,0
17.2509,179261440,78.2500,957.49,0,0,1,127.67,0.00,987140096,0,0
17.2666,179261440,78.3500,637.30,0,0,1,63.73,0.00,987140096,0,0
17.2777,179261440,78.4400,811.50,0,0,1,180.33,0.00,987140096,0,0
17.2933,179261440,78.5700,834.48,0,0,1,64.19,0.00,987140096,0,0
17.3058,179261440,78.6300,482.23,0,0,1,60.28,0.00,987140096,0,0
17.3201,179261440,78.7000,486.44,0,0,1,69.49,0.00,987140096,0,0
17.3330,179261440,78.7400,311.55,0,0,1,29.21,0.00,987140096,0,0
17.3440,179261440,78.7600,180.84,0,0,1,22.61,0.00,987140096,0,0
17.3554,179261440,78.7700,88.00,0,0,1,11.00,0.00,987140096,0,0
17.3666,179261440,78.7800,88.93,0,0,1,11.12,0.00,987140096,0,0
17.3789,179261440,78.8000,162.87,0,0,1,30.54,0.00,987140096,0,0
17.3985,179261440,78.8600,306.00,0,0,1,44.62,0.00,987140096,0,0
17.4096,179261440,78.8900,271.39,0,0,1,45.23,0.00,987140096,0,0
17.4212,179261440,78.9400,431.94,0,0,1,53.99,0.00,987140096,0,0
17.4395,179261440,79.0300,490.42,0,0,1,61.30,0.00,987140096,0,0
17.4506,179261440,79.0500,180.29,0,0,1,22.54,0.00,987140096,0,0
17.4617,179261440,79.0900,359.50,0,0,1,56.17,0.00,987140096,0,0
17.4729,179261440,79.1500,536.20,0,0,1,67.03,0.00,987140096,0,0
17.4840,179261440,79.1800,269.76,0,0,1,22.48,0.00,987140096,0,0
17.4954,179261440,79.2200,351.63,0,0,1,65.93,0.00,987140096,0,0
17.5071,179261440,79.2800,513.07,0,0,1,53.44,0.00,987140096,0,0
17.5184,179261440,79.3200,355.76,0,0,1,44.47,0.00,987140096,0,0
17.5296,179261440,79.3300,88.95,0,0,1,22.24,0.00,987140096,0,0
17.5413,179261440,79.3500,171.12,0,0,1,0.00,0.00,987140096,0,0
17.5526,179261440,79.3700,177.35,0,0,1,22.17,0.00,987140096,0,0
17.5636,179261440,79.4000,270.76,0,0,1,33.85,0.00,987140096,0,0
17.5749,179261440,79.4400,357.12,0,0,1,55.80,0.00,987140096,0,0
17.5862,179261440,79.4900,442.16,0,0,1,44.22,0.00,987140096,0,0
17.5974,179261440,79.5200,267.90,0,0,1,44.65,0.00,987140096,0,0
17.6085,179261440,79.5900,626.23,0,0,1,89.46,0.00,987140096,0,0
17.6198,179261440,79.6300,355.42,0,0,1,44.43,0.00,987140096,0,0
17.6310,179261440,79.6600,267.66,0,0,1,33.46,0.00,987140096,0,0
17.6421,179261440,79.7300,628.13,0,0,1,67.30,0.00,987140096,0,0
17.6533,179261440,79.7500,179.63,0,0,1,44.91,0.00,987140096,0,0
17.6643,179261440,79.7800,272.21,0,0,1,22.68,0.00,987140096,0,0
17.6753,179261440,79.8000,181.40,0,0,1,56.69,0.00,987140096,0,0
17.6864,179261440,79.8400,360.26,0,0,1,56.29,0.00,987140096,0,0
17.6976,179261440,79.9000,534.89,0,0,1,78.00,0.00,987140096,0,0
17.7088,179261440,79.9600,539.77,0,0,1,67.47,0.00,987140096,0,0
17.7199,179261440,80.0000,357.59,0,0,1,44.70,0.00,987140096,0,0
17.7311,179261440,80.0300,267.76,0,0,1,33.47,0.00,987140096,0,0
17.7422,179261440,80.0800,452.08,0,0,1,56.51,0.00,987140096,0,0
17.7533,179261440,80.1200,359.65,0,0,1,44.96,0.00,987140096,0,0
17.7645,179261440,80.1600,359.63,0,0,1,44.95,0.00,987140096,0,0
17.7755,179261440,80.2000,360.45,0,0,1,45.06,0.00,987140096,0,0
17.7867,179261440,80.2400,357.98,0,0,1,55.93,0.00,987140096,0,0
17.7980,179261440,80.3100,620.59,0,0,1,99.74,0.00,987140096,0,0
17.8092,179261440,80.3600,445.23,0,0,1,55.65,0.00,987140096,0,0
17.8203,179261440,80.4000,360.04,0,0,1,45.00,0.00,987140096,0,0
17.8314,179261440,80.4400,360.38,0,0,1,45.05,0.00,987140096,0,0
17.8425,179261440,80.4800,362.03,0,0,1,45.25,0.00,987140096,0,0
17.8536,179261440,80.5200,359.83,0,0,1,44.98,0.00,987140096,0,0
17.8647,179261440,80.5700,450.95,0,0,1,45.10,0.00,987140096,0,0
17.8757,179261440,80.5800,90.65,0,0,1,33.99,0.00,987140096,0,0
17.9022,179261440,80.7900,794.53,0,0,1,104.05,0.00,987140096,0,0
17.9135,179261440,80.8800,792.89,0,0,1,99.11,0.00,987140096,0,0
17.9256,179261440,80.9500,579.55,0,0,1,82.79,0.00,987140096,0,0
17.9409,179261440,81.1000,976.74,0,0,1,122.09,0.00,987140096,0,0
17.9548,179261440,81.2300,936.56,0,0,1,117.07,0.00,987140096,0,0
17.9706,179261440,81.3100,506.64,0,0,1,63.33,0.00,987140096,0,0
18.0245,179261440,81.7200,760.33,0,0,1,95.04,0.00,987140096,0,0
18.0364,179261440,81.8100,756.31,0,0,1,84.03,0.00,987140096,0,0
18.0476,179261440,81.8900,714.43,0,0,1,133.96,0.00,987140096,0,0
18.0672,179261440,82.0800,969.05,0,0,1,63.75,0.00,987140096,0,0
18.0834,179261440,82.2000,743.70,0,0,1,123.95,0.00,987140096,0,0
18.0968,179261440,82.2600,445.53,0,0,1,55.69,0.00,987140096,0,0
18.1097,179261440,82.4200,1246.91,0,0,1,165.61,0.00,987140096,0,0
18.1245,179261440,82.5200,676.20,0,0,1,67.62,0.00,987140096,0,0
18.1368,179261440,82.5900,567.32,0,0,1,81.05,0.00,987140096,0,0
18.1485,179261440,82.6900,856.47,0,0,1,117.77,0.00,987140096,0,0
18.1619,179261440,82.8200,972.22,0,0,1,112.18,0.00,987140096,0,0
18.1799,179261440,82.9600,775.06,0,0,1,96.88,0.00,987140096,0,0
18.1964,179261440,83.0700,665.72,0,0,1,75.65,0.00,987140096,0,0
18.2074,179261440,83.1500,729.72,0,0,1,91.21,0.00,987140096,0,0
18.2185,179261440,83.2700,1081.67,0,0,1,169.01,0.00,987140096,0,0
18.2303,179261440,83.3200,421.99,0,0,1,42.20,0.00,987140096,0,0
18.2413,179261440,83.4400,1090.63,0,0,1,124.97,0.00,987140096,0,0
18.2524,179261440,83.5100,630.78,0,0,1,90.11,0.00,987140096,0,0
18.2668,179261440,83.6300,838.26,0,0,1,78.59,0.00,987140096,0,0
18.2784,179261440,83.7100,685.33,0,0,1,117.79,0.00,987140096,0,0
18.2910,179261440,83.8200,876.23,0,0,1,99.57,0.00,987140096,0,0
18.3085,179261440,83.9600,799.11,0,0,1,107.02,0.00,987140096,0,0
18.3289,179261440,84.1200,784.62,0,0,1,98.08,0.00,987140096,0,0
18.3404,179261440,84.2100,779.51,0,0,1,97.44,0.00,987140096,0,0
18.3524,179261440,84.3100,836.60,0,0,1,94.12,0.00,987140096,0,0
18.3641,179261440,84.3900,684.23,0,0,1,74.84,0.00,987140096,0,0
18.3760,179261440,84.4700,674.29,0,0,1,94.82,0.00,987140096,0,0
18.3876,179261440,84.6100,1202.04,0,0,1,150.26,0.00,987140096,0,0
18.4011,179261440,84.6800,516.76,0,0,1,73.82,0.00,987140096,0,0
18.4122,179261440,84.7500,631.26,0,0,1,67.64,0.00,987140096,0,0
18.4238,179261440,84.8000,431.35,0,0,1,53.92,0.00,987140096,0,0
18.4371,179261440,84.8500,377.18,0,0,1,47.15,0.00,987140096,0,0
18.4486,179261440,84.9400,778.32,0,0,1,108.10,0.00,987140096,0,0
18.4599,179261440,84.9900,444.92,0,0,1,66.74,0.00,987140096,0,0
18.4711,179261440,85.0300,356.25,0,0,1,44.53,0.00,987140096,0,0
18.4822,179261440,85.0700,360.05,0,0,1,45.01,0.00,987140096,0,0
18.4955,179261440,85.1200,377.80,0,0,1,47.23,0.00,987140096,0,0
18.5065,179261440,85.1500,271.47,0,0,1,33.93,0.00,987140096,0,0
18.5176,179261440,85.2000,449.78,0,0,1,44.98,0.00,987140096,0,0
18.5285,179261440,85.2400,366.77,0,0,1,45.85,0.00,987140096,0,0
18.5401,179261440,85.2800,346.23,0,0,1,54.10,0.00,987140096,0,0
18.5511,179261440,85.3100,272.12,0,0,1,34.01,0.00,987140096,0,0
18.5624,179261440,85.3500,353.51,0,0,1,44.19,0.00,987140096,0,0
18.5737,179261440,85.3700,176.64,0,0,1,44.16,0.00,987140096,0,0
18.5849,179261440,85.4400,628.33,0,0,1,56.10,0.00,987140096,0,0
18.5959,179261440,85.4900,452.01,0,0,1,45.20,0.00,989237248,0,0
18.6070,179261440,85.5300,361.23,0,0,1,33.87,0.00,989237248,0,0
18.6181,179261440,85.5600,270.52,0,0,1,45.09,0.00,989237248,0,0
18.6293,179261440,85.6200,536.75,0,0,1,67.09,0.00,989237248,0,0
18.6404,179261440,85.6700,449.25,0,0,1,67.39,0.00,987140096,0,0
18.6515,179261440,85.6900,179.93,0,0,1,22.49,0.00,987140096,0,0
18.6630,179261440,85.7600,611.52,0,0,1,76.44,0.00,987140096,0,0
18.6744,179261440,85.8100,439.09,0,0,1,43.91,0.00,987140096,0,0
18.6856,179261440,85.8500,355.87,0,0,1,44.48,0.00,987140096,0,0
18.6967,179261440,85.8800,270.48,0,0,1,45.08,0.00,987140096,0,0
18.7077,179261440,85.9400,546.01,0,0,1,79.63,0.00,987140096,0,0
18.7188,179261440,85.9700,271.15,0,0,1,22.60,0.00,987140096,0,0
18.7299,179261440,86.0300,538.51,0,0,1,89.75,0.00,987140096,0,0
18.7409,179261440,86.0800,454.30,0,0,1,56.79,0.00,987140096,0,0
18.7521,179261440,86.1000,179.08,0,0,1,22.39,0.00,987140096,0,0
18.7632,179261440,86.1100,90.24,0,0,1,45.12,0.00,987140096,0,0
18.7743,179261440,86.1500,358.22,0,0,1,33.58,0.00,987140096,0,0
18.7855,179261440,86.1900,359.18,0,0,1,56.12,0.00,987140096,0,0
18.7967,179261440,86.2400,446.55,0,0,1,44.66,0.00,987140096,0,0
18.8078,179261440,86.2900,449.35,0,0,1,78.64,0.00,987140096,0,0
18.8189,177557504,86.3700,717.24,0,0,1,78.45,0.00,987398144,0,0
18.8300,177557504,86.4100,360.56,0,0,1,33.80,0.00,987398144,0,0
18.8410,177557504,86.4500,362.88,0,0,1,56.70,0.00,987398144,0,0
18.8522,177557504,86.5000,449.53,0,0,1,44.95,0.00,987398144,0,0
18.8635,177557504,86.5400,352.63,0,0,1,44.08,0.00,987398144,0,0
18.8746,177557504,86.5700,270.45,0,0,1,56.34,0.00,987398144,0,0
18.8857,177557504,86.6100,361.27,0,0,1,56.45,0.00,987398144,0,0
18.8969,177557504,86.6500,356.28,0,0,1,55.67,0.00,987398144,0,0
18.9079,177557504,86.7200,639.07,0,0,1,91.30,0.00,987398144,0,0
18.9199,177557504,86.7500,248.77,0,0,1,51.83,0.00,987398144,0,0
18.9311,177557504,86.7900,358.79,0,0,1,56.06,0.00,987398144,0,0
18.9421,177557504,86.8300,361.73,0,0,1,56.52,0.00,987398144,0,0
18.9533,177557504,86.8700,358.99,0,0,1,56.09,0.00,987398144,0,0
18.9643,177557504,86.9100,361.85,0,0,1,56.54,0.00,987398144,0,0
18.9754,177557504,86.9500,359.57,0,0,1,44.95,0.00,985296896,0,0
18.9865,177557504,86.9900,362.58,0,0,1,45.32,0.00,985296896,0,0
18.9975,177557504,87.0300,362.35,0,0,1,90.59,0.00,985296896,0,0
19.0087,177557504,87.1100,715.25,0,0,1,55.88,0.00,985296896,0,0
19.0198,177557504,87.1500,361.12,0,0,1,45.14,0.00,985296896,0,0
19.0309,177557504,87.1900,361.12,0,0,1,45.14,0.00,985296896,0,0
19.0421,177557504,87.2300,354.84,0,0,1,55.44,0.00,985296896,0,0
19.0538,177557504,87.2700,342.32,0,0,1,53.49,0.00,985296896,0,0
19.0648,177557504,87.3100,362.88,0,0,1,45.36,0.00,985296896,0,0
19.0759,177557504,87.3500,359.92,0,0,1,56.24,0.00,985296896,0,0
19.0870,177557504,87.3900,361.94,0,0,1,56.55,0.00,985296896,0,0
19.0985,177557504,87.4800,780.78,0,0,1,130.13,0.00,985296896,0,0
19.1099,176066560,87.5200,353.23,0,0,1,33.12,0.00,984293376,0,0
19.1211,176066560,87.5700,442.79,0,0,1,66.42,0.00,984293376,0,0
19.1322,176066560,87.6100,363.36,0,0,1,45.42,0.00,984293376,0,0
19.1432,176066560,87.6500,361.58,0,0,1,45.20,0.00,984293376,0,0
19.1550,176066560,87.6900,338.33,0,0,1,42.29,0.00,983891968,0,0
19.1663,176066560,87.7300,356.01,0,0,1,44.50,0.00,983891968,0,0
19.1777,176066560,87.8000,614.18,0,0,1,87.74,0.00,983891968,0,0
19.1889,176066560,87.8500,446.92,0,0,1,55.87,0.00,983891968,0,0
19.1999,176066560,87.8900,361.82,0,0,1,56.53,0.00,983891968,0,0
19.2110,176066560,87.9300,362.39,0,0,1,45.30,0.00,983891968,0,0
19.2220,176066560,87.9700,362.59,0,0,1,45.32,0.00,983891968,0,0
19.2331,176066560,88.0100,359.84,0,0,1,56.22,0.00,983891968,0,0
19.2443,176066560,88.0500,357.09,0,0,1,44.64,0.00,983891968,0,0
19.2561,176066560,88.0900,340.12,0,0,1,42.51,0.00,983891968,0,0
19.2672,176066560,88.1400,447.64,0,0,1,33.57,0.00,983891968,0,0
19.2784,139706368,88.1400,0.00,0,0,1,67.44,0.00,953815040,0,0
19.2895,0,88.1400,0.00,0,0,1,33.50,0.00,927604736,0,0
19.2998,0,88.1400,0.00,0,0,0,24.37,0.00,866189312,0,0
