t_s,proc_rss_bytes,proc_cpu_s,proc_cpu_pct,proc_read_bytes,proc_write_bytes,nproc,sys_cpu_pct,sys_iowait_pct,sys_mem_used_bytes,sys_read_bytes,sys_write_bytes
0.0000,0,0.0000,0.00,0,0,0,0.00,0.00,869171200,0,0
0.0112,0,0.0000,0.00,0,0,0,11.21,0.00,869171200,0,0
0.0224,15138816,0.0000,0.00,0,0,1,11.13,0.00,869425152,0,0
0.0350,32165888,0.0000,0.00,0,0,1,9.88,0.00,870432768,0,0
0.0461,34140160,0.0100,89.93,0,0,1,11.24,0.00,871723008,0,0
0.0574,38125568,0.0300,178.30,0,0,1,33.43,0.00,873529344,0,0
0.0685,43806720,0.0400,89.95,0,0,1,11.24,0.00,875335680,0,0
0.0794,45158400,0.0500,91.28,0,0,1,11.41,0.00,876769280,0,0
0.0907,45703168,0.0600,89.00,0,0,1,11.12,0.00,876769280,0,0
0.1017,47140864,0.0700,90.41,0,0,1,22.60,0.00,876769280,0,0
0.1128,47742976,0.0800,90.36,0,0,1,11.29,0.00,876769280,0,0
0.1243,48132096,0.0900,87.27,0,0,1,21.82,0.00,876654592,0,0
0.1359,48766976,0.1000,85.96,0,0,1,10.75,0.00,876654592,0,0
0.1475,49807360,0.1200,173.05,0,0,1,43.26,0.00,876654592,0,0
0.1585,50315264,0.1300,90.72,0,0,1,11.34,0.00,876654592,0,0
0.1700,54628352,0.1400,86.71,0,0,1,21.68,0.00,876654592,0,0
0.1815,55529472,0.1600,174.52,0,0,1,21.82,0.00,876654592,0,0
0.1927,56070144,0.1700,89.14,0,0,1,33.43,0.00,876654592,0,0
0.2037,56459264,0.1800,90.87,0,0,1,11.36,0.00,876654592,0,0
0.2153,57827328,0.1900,85.79,0,0,1,10.72,0.00,877170688,0,0
0.2266,57827328,0.2100,176.93,0,0,1,33.18,0.00,877428736,0,0
0.2380,58425344,0.2200,88.48,0,0,1,11.06,0.00,877944832,0,0
0.2498,58425344,0.2300,84.65,0,0,1,10.58,0.00,877944832,0,0
0.2613,59449344,0.2400,86.82,0,0,1,10.85,0.00,878202880,0,0
0.2727,59719680,0.2500,87.73,0,0,1,10.97,0.00,878718976,0,0
0.2854,60530688,0.2700,157.50,0,0,1,19.69,0.00,879493120,0,0
0.2966,61231104,0.2900,179.01,0,0,1,33.56,0.00,879751168,0,0
0.3082,61558784,0.3000,85.96,0,0,1,10.74,0.00,880009216,0,0
0.3194,62160896,0.3100,89.38,0,0,1,11.17,0.00,880525312,0,0
0.3304,64524288,0.3200,90.77,0,0,1,22.69,0.00,880783360,0,0
0.3414,64794624,0.3300,90.95,0,0,1,11.37,0.00,881041408,0,0
0.3529,66031616,0.3400,86.78,0,0,1,21.69,0.00,881299456,0,0
0.3642,68222976,0.3700,265.03,0,0,1,11.04,0.00,885493760,0,0
0.3754,68222976,0.3700,0.00,0,0,1,0.00,0.00,885493760,0,0
0.3866,69201920,0.3800,89.52,0,0,1,55.95,0.00,886525952,0,0
0.3983,71274496,0.4000,170.76,0,0,1,10.67,0.00,887816192,0,0
0.4098,72085504,0.4200,173.85,0,0,1,21.73,0.00,887816192,0,0
0.4210,72413184,0.4300,89.40,0,0,1,11.17,0.00,888074240,0,0
0.4327,72683520,0.4500,171.60,0,0,1,10.72,0.00,888332288,0,0
0.4444,73224192,0.4600,85.36,0,0,1,10.67,0.00,888786944,0,0
0.4564,73764864,0.4700,83.30,0,0,1,31.24,0.00,889044992,0,0
0.4686,74575872,0.4900,164.22,0,0,1,20.53,0.00,890077184,0,0
0.4805,74846208,0.5000,83.95,0,0,1,10.49,0.00,894271488,0,0
0.4920,74846208,0.5100,86.50,0,0,1,10.81,0.00,890077184,0,0
0.5034,74846208,0.5200,87.82,0,0,1,10.98,0.00,890077184,0,0
0.5147,74846208,0.5300,88.33,0,0,1,11.04,0.00,890077184,0,0
0.5261,74846208,0.5400,87.68,0,0,1,21.92,0.00,890077184,0,0
0.5375,74846208,0.5600,175.90,0,0,1,21.99,0.00,890077184,0,0
0.5490,74846208,0.5700,86.89,0,0,1,10.86,0.00,890077184,0,0
0.5602,75386880,0.5800,89.26,0,0,1,22.31,0.00,890593280,0,0
0.5714,76197888,0.6100,267.60,0,0,1,22.30,0.00,891109376,0,0
0.5831,76197888,0.6200,85.41,0,0,1,10.68,0.00,891109376,0,0
0.5945,76197888,0.6300,88.40,0,0,1,11.05,0.00,891109376,0,0
0.6055,76197888,0.6400,90.93,0,0,1,11.37,0.00,891109376,0,0
0.6168,76197888,0.6600,176.85,0,0,1,33.16,0.00,891109376,0,0
0.6280,76197888,0.6700,88.74,0,0,1,11.09,0.00,891109376,0,0
0.6392,76197888,0.6800,89.34,0,0,1,11.17,0.00,891109376,0,0
0.6508,76197888,0.6900,86.33,0,0,1,10.79,0.00,891109376,0,0
0.6617,76197888,0.7000,91.88,0,0,1,11.49,0.00,891109376,0,0
0.6728,76197888,0.7100,89.77,0,0,1,11.22,0.00,891109376,0,0
0.6850,76197888,0.7200,82.10,0,0,1,10.26,0.00,891109376,0,0
0.6961,76197888,0.7300,90.14,0,0,1,11.27,0.00,891109376,0,0
0.7076,76197888,0.7500,174.38,0,0,1,32.70,0.00,891109376,0,0
0.7190,76197888,0.7600,87.66,0,0,1,10.96,0.00,891109376,0,0
0.7310,76197888,0.7700,82.93,0,0,1,10.37,0.00,891109376,0,0
0.7422,76197888,0.7800,89.68,0,0,1,22.42,0.00,891109376,0,0
0.7540,75759616,0.8100,253.36,0,0,1,31.67,0.00,891625472,0,0
0.7660,75759616,0.8200,83.42,0,0,1,10.43,0.00,891625472,0,0
0.7773,75759616,0.8400,177.48,0,0,1,33.28,0.00,891625472,0,0
0.7887,75759616,0.8500,87.96,0,0,1,10.99,0.00,891625472,0,0
0.8002,75759616,0.8600,86.45,0,0,1,10.81,0.00,891625472,0,0
0.8117,75759616,0.8700,87.24,0,0,1,10.91,0.00,891625472,0,0
0.8230,75759616,0.8800,88.11,0,0,1,11.01,0.00,891625472,0,0
0.8347,75759616,0.8900,85.72,0,0,1,10.71,0.00,891625472,0,0
0.8457,75759616,0.9000,91.24,0,0,1,11.40,0.00,891625472,0,0
0.8569,76025856,0.9200,178.31,0,0,1,44.58,0.00,891883520,0,0
0.8680,76836864,0.9400,180.40,0,0,1,45.10,0.00,891883520,0,0
0.8793,75984896,0.9800,351.86,0,0,1,21.99,0.00,892657664,0,0
0.8908,76795904,1.0000,174.92,0,0,1,32.80,0.00,892657664,0,0
0.9020,75976704,1.0200,177.32,0,0,1,11.08,0.00,890523648,0,0
0.9142,76226560,1.0300,82.30,0,0,1,10.29,0.00,890523648,0,0
0.9254,76763136,1.0500,178.11,0,0,1,11.13,0.00,890523648,0,0
0.9366,81088512,1.0800,267.46,0,0,1,66.87,0.00,892846080,0,0
0.9489,85413888,1.1000,163.19,0,0,1,30.60,0.00,896458752,0,0
0.9601,90279936,1.1200,178.47,0,0,1,33.46,0.00,901103616,0,0
0.9716,86724608,1.1400,174.69,0,0,1,10.92,0.00,902393856,0,0
0.9840,88887296,1.1900,401.96,0,0,1,30.15,0.00,902909952,0,0
0.9952,91107328,1.2000,89.29,0,0,1,11.16,0.00,904974336,0,0
1.0066,95141888,1.2300,263.97,0,0,1,87.99,0.00,908058624,0,0
1.0179,102973440,1.2500,176.41,0,0,1,22.05,0.00,912187392,0,0
1.0288,107442176,1.2900,367.80,0,0,1,68.96,0.00,916832256,0,0
1.0397,110145536,1.3100,182.58,0,0,1,11.41,0.00,917864448,0,0
1.0509,116363264,1.3400,267.30,0,0,1,22.27,0.00,922251264,0,0
1.0620,123187200,1.3800,362.75,0,0,1,22.67,0.00,927670272,0,0
1.0730,130060288,1.4400,541.69,0,0,1,22.57,0.00,933089280,0,0
1.0859,135643136,1.4900,388.65,0,0,1,29.15,0.00,938250240,0,0
1.0971,140222464,1.5600,624.98,0,0,1,111.60,0.00,942895104,0,0
1.1104,149819392,1.6500,676.15,0,0,1,75.13,0.00,952184832,0,0
1.1216,152088576,1.7000,448.69,0,0,1,78.52,0.00,955539456,0,0
1.1336,154972160,1.7800,665.86,0,0,1,83.23,0.00,957861888,0,0
1.1454,156680192,1.8600,677.39,0,0,1,84.67,0.00,958377984,0,0
1.1568,157761536,1.9800,1049.53,0,0,1,163.99,0.00,959152128,0,0
1.1685,158425088,2.0600,683.88,0,0,1,21.37,0.00,960184320,0,0
1.1804,161456128,2.1100,419.81,0,0,1,52.48,0.00,963280896,0,0
1.1932,163618816,2.1600,392.24,0,0,1,68.64,0.00,964829184,0,0
1.2081,163889152,2.2200,403.13,0,0,1,41.99,0.00,965861376,0,0
1.2241,165732352,2.3300,686.16,0,0,1,77.97,0.00,967667712,0,0
1.2369,166273024,2.4200,702.38,0,0,1,117.06,0.00,967925760,0,0
1.2505,168767488,2.5500,959.49,0,0,1,92.26,0.00,969990144,0,0
1.2617,169578496,2.5900,355.97,0,0,1,55.62,0.00,972054528,0,0
1.2734,170930176,2.6600,596.33,0,0,1,74.54,0.00,973086720,0,0
1.2852,171470848,2.7200,510.10,0,0,1,85.02,0.00,973602816,0,0
1.2975,172011520,2.8200,810.55,0,0,1,121.58,0.00,974376960,0,0
1.3087,172937216,2.9400,1078.15,0,0,1,101.08,0.00,974376960,0,0
1.3204,173477888,3.0100,594.56,0,0,1,84.94,0.00,975409152,0,0
1.3324,174559232,3.0700,500.75,0,0,1,41.73,0.00,976183296,0,0
1.3442,174559232,3.1000,253.84,0,0,1,10.58,0.00,976699392,0,0
1.3559,174559232,3.1100,85.58,0,0,1,10.70,0.00,976699392,0,0
1.3674,174559232,3.1100,0.00,0,0,1,21.75,0.00,976957440,0,0
1.3787,175124480,3.1200,88.40,0,0,1,11.05,0.00,977215488,0,0
1.3902,175394816,3.1300,87.04,0,0,1,21.76,0.00,977473536,0,0
1.4014,175665152,3.1400,89.44,0,0,1,11.18,0.00,977731584,0,0
1.4126,175935488,3.1500,89.04,0,0,1,11.13,0.00,977989632,0,0
1.4239,176205824,3.1700,177.67,0,0,1,33.31,0.00,978247680,0,0
1.4353,176476160,3.1800,87.77,0,0,1,21.94,0.00,978505728,0,0
1.4469,176746496,3.1900,86.43,0,0,1,10.80,0.00,978763776,0,0
1.4583,177016832,3.2000,87.39,0,0,1,10.92,0.00,979021824,0,0
1.4701,177348608,3.2200,169.72,0,0,1,31.82,0.00,979279872,0,0
1.4815,177348608,3.2300,87.72,0,0,1,0.00,0.00,979279872,0,0
1.4925,177618944,3.2300,0.00,0,0,1,11.31,0.00,979279872,0,0
1.5039,177618944,3.2500,175.19,0,0,1,21.90,0.00,979279872,0,0
1.5157,177618944,3.2700,170.15,0,0,1,31.90,0.00,979279872,0,0
1.5271,177618944,3.2800,87.42,0,0,1,54.64,0.00,979279872,0,0
1.5385,177618944,3.2900,87.64,0,0,1,32.87,0.00,979537920,0,0
1.5504,177618944,3.3000,84.25,0,0,1,21.06,0.00,979537920,0,0
1.5618,177618944,3.3100,88.07,0,0,1,22.02,0.00,979537920,0,0
1.5733,177762304,3.3300,173.88,0,0,1,10.87,0.00,979537920,0,0
1.5850,177762304,3.3700,342.32,0,0,1,139.07,0.00,979537920,0,0
1.6053,177762304,3.3900,98.14,0,0,1,49.07,0.00,979537920,0,0
1.6179,177762304,3.4100,159.59,0,0,1,19.95,0.00,979537920,0,0
1.6289,177762304,3.4300,181.30,0,0,1,22.66,0.00,979537920,0,0
1.6399,177762304,3.4500,181.05,0,0,1,22.63,0.00,979537920,0,0
1.6514,177762304,3.4900,348.86,0,0,1,119.92,0.00,979537920,0,0
1.6688,177762304,3.5600,402.50,0,0,1,28.75,0.00,979537920,0,0
1.6807,178032640,3.5800,167.99,0,0,1,52.50,0.00,979537920,0,0
1.6918,178032640,3.6100,270.99,0,0,1,0.00,0.00,979537920,0,0
1.7037,178032640,3.6500,335.01,0,0,1,41.88,0.00,979537920,0,0
1.7164,178032640,3.6900,315.23,0,0,1,88.66,0.00,979537920,0,0
1.7274,178032640,3.7500,545.14,0,0,1,11.36,0.00,979537920,0,0
1.7438,178032640,3.8100,365.34,0,0,1,53.28,0.00,979537920,0,0
1.7570,178032640,3.9500,1060.78,0,0,1,142.07,0.00,979537920,0,0
1.7688,178032640,3.9700,170.04,0,0,1,10.63,0.00,979537920,0,0
1.7808,178032640,3.9900,166.92,0,0,1,41.73,0.00,979537920,0,0
1.7919,178032640,4.0400,447.94,0,0,1,33.60,0.00,979537920,0,0
1.8032,178032640,4.0600,178.28,0,0,1,44.57,0.00,979537920,0,0
1.8148,178032640,4.1200,516.63,0,0,1,43.05,0.00,979537920,0,0
1.8259,178032640,4.1300,89.92,0,0,1,22.48,0.00,979537920,0,0
1.8371,178032640,4.2100,713.22,0,0,1,111.44,0.00,979537920,0,0
1.8483,178032640,4.2500,357.94,0,0,1,44.74,0.00,979537920,0,0
1.8595,178032640,4.2900,356.57,0,0,1,44.57,0.00,979537920,0,0
1.8710,178032640,4.3300,348.52,0,0,1,43.56,0.00,979537920,0,0
1.8825,178032640,4.3800,435.92,0,0,1,10.90,0.00,979537920,0,0
1.8940,178032640,4.4100,260.58,0,0,1,76.00,0.00,979537920,0,0
1.9061,178032640,4.4800,576.46,0,0,1,72.06,0.00,979537920,0,0
1.9174,178032640,4.6200,1238.08,0,0,1,176.87,0.00,979537920,0,0
1.9301,178032640,4.7000,628.88,0,0,1,78.61,0.00,979537920,0,0
1.9415,178032640,4.7900,793.13,0,0,1,88.13,0.00,979537920,0,0
1.9561,178032640,4.8900,686.53,0,0,1,120.14,0.00,979537920,0,0
1.9675,178032640,4.9800,786.49,0,0,1,43.69,0.00,979537920,0,0
1.9784,178032640,5.0100,274.26,0,0,1,45.71,0.00,979537920,0,0
1.9895,178032640,5.0500,360.89,0,0,1,45.11,0.00,979537920,0,0
2.0007,178032640,5.0900,356.87,0,0,1,44.61,0.00,979537920,0,0
2.0117,178032640,5.1300,363.04,0,0,1,45.38,0.00,979537920,0,0
2.0230,178032640,5.1500,177.95,0,0,1,44.49,0.00,979537920,0,0
2.0344,178032640,5.1900,349.62,0,0,1,43.70,0.00,979537920,0,0
2.0458,178032640,5.2300,352.35,0,0,1,44.04,0.00,979537920,0,0
2.0572,178032640,5.3100,698.69,0,0,1,87.34,0.00,979537920,0,0
2.0683,178298880,5.3400,271.61,0,0,1,45.27,0.00,979537920,0,0
2.0800,178298880,5.3800,339.86,0,0,1,42.48,0.00,979537920,0,0
2.0914,178298880,5.4200,352.42,0,0,1,44.05,0.00,979537920,0,0
2.1029,178298880,5.4600,346.75,0,0,1,43.34,0.00,979537920,0,0
2.1147,178298880,5.5000,338.59,0,0,1,42.32,0.00,979537920,0,0
2.1261,178298880,5.5400,350.78,0,0,1,43.85,0.00,979537920,0,0
2.1375,178298880,5.6200,703.63,0,0,1,98.95,0.00,979537920,0,0
2.1493,178298880,5.6600,338.29,0,0,1,42.29,0.00,979537920,0,0
2.1606,178298880,5.7000,356.42,0,0,1,44.55,0.00,979537920,0,0
2.1722,178298880,5.7400,343.83,0,0,1,42.98,0.00,979537920,0,0
2.1837,178298880,5.7900,434.09,0,0,1,43.41,0.00,979537920,0,0
2.1948,178298880,5.8200,270.18,0,0,1,22.51,0.00,979795968,0,0
2.2110,178298880,5.9200,618.08,0,0,1,115.89,0.00,979795968,0,0
2.2271,178298880,6.0700,930.63,0,0,1,124.08,0.00,979795968,0,0
2.2436,178298880,6.1500,485.86,0,0,1,68.32,0.00,979795968,0,0
2.2566,178298880,6.2800,1000.90,0,0,1,134.74,0.00,979795968,0,0
2.2678,178298880,6.3700,800.72,0,0,1,100.09,0.00,979795968,0,0
2.2806,178298880,6.4600,705.64,0,0,1,78.40,0.00,979795968,0,0
2.2918,178298880,6.5400,709.94,0,0,1,99.83,0.00,979795968,0,0
2.3116,178298880,6.7000,808.09,0,0,1,101.01,0.00,979795968,0,0
2.3269,178298880,6.8400,919.60,0,0,1,123.16,0.00,979795968,0,0
2.3496,178298880,7.0000,703.82,0,0,1,87.98,0.00,979795968,0,0
2.3618,178298880,7.1000,817.86,0,0,1,81.79,0.00,979795968,0,0
2.3815,178298880,7.2500,762.51,0,0,1,101.67,0.00,979795968,0,0
2.3936,178298880,7.4000,1238.42,0,0,1,165.12,0.00,979795968,0,0
2.4154,178298880,7.5100,504.45,0,0,1,45.86,0.00,979795968,0,0
2.4276,178298880,7.6000,740.83,0,0,1,123.47,0.00,980054016,0,0
2.4390,178298880,7.6400,348.01,0,0,1,43.50,0.00,980054016,0,0
2.4503,178298880,7.6900,442.86,0,0,1,55.36,0.00,980054016,0,0
2.4614,178298880,7.7300,360.14,0,0,1,45.02,0.00,980054016,0,0
2.4731,178298880,7.7800,430.45,0,0,1,43.05,0.00,980312064,0,0
2.4846,178298880,7.8000,173.24,0,0,1,32.48,0.00,980312064,0,0
2.4972,178569216,7.8400,316.74,0,0,1,69.29,0.00,980312064,0,0
2.5086,178569216,7.8800,351.29,0,0,1,43.91,0.00,980312064,0,0
2.5198,178569216,7.9200,358.33,0,0,1,55.99,0.00,980312064,0,0
2.5313,178569216,7.9600,347.97,0,0,1,43.50,0.00,980312064,0,0
2.5430,178569216,8.0000,342.42,0,0,1,53.50,0.00,980312064,0,0
2.5544,178569216,8.0400,350.98,0,0,1,54.84,0.00,980312064,0,0
2.5663,178569216,8.0700,252.13,0,0,1,94.55,0.00,984506368,0,0
2.5780,178569216,8.1500,681.78,0,0,1,42.61,0.00,980312064,0,0
2.5896,178569216,8.1800,258.77,0,0,1,21.56,0.00,980312064,0,0
2.6009,179109888,8.2000,176.27,0,0,1,11.02,0.00,980312064,0,0
2.6123,179109888,8.2300,262.88,0,0,1,43.81,0.00,980312064,0,0
2.6240,179109888,8.2600,257.17,0,0,1,42.86,0.00,980312064,0,0
2.6354,179109888,8.3000,352.09,0,0,1,44.01,0.00,980312064,0,0
2.6470,179109888,8.3800,688.73,0,0,1,96.85,0.00,980312064,0,0
2.6586,179109888,8.4200,343.41,0,0,1,42.93,0.00,980312064,0,0
2.6700,179109888,8.4600,351.77,0,0,1,43.97,0.00,980312064,0,0
2.6818,179109888,8.5200,507.41,0,0,1,42.28,0.00,980570112,0,0
2.6928,179109888,8.5300,91.05,0,0,1,45.53,0.00,980570112,0,0
2.7044,179109888,8.5700,345.49,0,0,1,43.19,0.00,980570112,0,0
2.7157,179109888,8.6100,352.14,0,0,1,44.02,0.00,980570112,0,0
2.7272,179109888,8.6900,697.83,0,0,1,98.13,0.00,980570112,0,0
2.7382,179109888,8.7300,364.91,0,0,1,57.02,0.00,980570112,0,0
2.7495,179109888,8.7700,352.57,0,0,1,44.07,0.00,980570112,0,0
2.7608,179109888,8.8100,354.98,0,0,1,44.37,0.00,980570112,0,0
2.7719,179109888,8.8500,360.83,0,0,1,45.10,0.00,980570112,0,0
2.7832,179109888,8.8900,353.68,0,0,1,44.21,0.00,980570112,0,0
2.7946,179109888,8.9300,349.47,0,0,1,43.68,0.00,980570112,0,0
2.8060,179109888,9.0100,705.56,0,0,1,99.22,0.00,980570112,0,0
2.8178,179109888,9.0500,338.78,0,0,1,42.35,0.00,980570112,0,0
2.8290,179109888,9.0900,357.27,0,0,1,44.66,0.00,980570112,0,0
2.8403,179109888,9.1300,353.87,0,0,1,44.23,0.00,980570112,0,0
2.8518,179109888,9.1700,347.22,0,0,1,43.40,0.00,980570112,0,0
2.8631,179109888,9.2100,352.79,0,0,1,44.10,0.00,980570112,0,0
2.8743,179109888,9.2500,359.40,0,0,1,44.93,0.00,980570112,0,0
2.8855,179109888,9.2900,354.79,0,0,1,44.35,0.00,980570112,0,0
2.8973,179109888,9.3700,680.03,0,0,1,85.00,0.00,980570112,0,0
2.9083,179109888,9.3900,181.43,0,0,1,11.34,0.00,980570112,0,0
2.9195,179109888,9.4100,179.35,0,0,1,11.21,0.00,980828160,0,0
2.9427,179380224,9.5300,516.10,0,0,1,86.02,0.00,980828160,0,0
2.9544,179380224,9.6100,684.68,0,0,1,85.59,0.00,980828160,0,0
2.9655,179380224,9.6900,718.68,0,0,1,89.84,0.00,980828160,0,0
2.9769,179380224,9.8400,1320.60,0,0,1,176.08,0.00,980828160,0,0
2.9893,179380224,9.9200,643.60,0,0,1,80.45,0.00,980828160,0,0
3.0019,179380224,9.9900,554.61,0,0,1,79.23,0.00,980828160,0,0
3.0133,179380224,10.0800,792.38,0,0,1,88.04,0.00,980828160,0,0
3.0247,179380224,10.1500,614.20,0,0,1,87.74,0.00,980828160,0,0
3.0378,179380224,10.3100,1221.11,0,0,1,152.64,0.00,980828160,0,0
3.0491,179380224,10.3900,710.85,0,0,1,88.86,0.00,980828160,0,0
3.0603,179380224,10.4700,711.87,0,0,1,88.98,0.00,980828160,0,0
3.0744,179380224,10.5600,639.14,0,0,1,71.02,0.00,980828160,0,0
3.0879,179380224,10.7000,1033.14,0,0,1,147.59,0.00,980828160,0,0
3.0991,179380224,10.7800,713.37,0,0,1,89.17,0.00,980828160,0,0
3.1104,179380224,10.8500,623.04,0,0,1,89.01,0.00,980828160,0,0
3.1285,179380224,11.0000,827.52,0,0,1,110.34,0.00,980828160,0,0
3.1416,179380224,11.0800,611.81,0,0,1,66.92,0.00,981086208,0,0
3.1540,179380224,11.2300,1208.85,0,0,1,161.18,0.00,981086208,0,0
3.1708,179380224,11.3000,417.30,0,0,1,67.07,0.00,981086208,0,0
3.1824,179380224,11.3900,770.24,0,0,1,85.58,0.00,981086208,0,0
3.1939,179380224,11.4800,784.47,0,0,1,87.16,0.00,981086208,0,0
3.2054,179380224,11.5500,611.23,0,0,1,87.32,0.00,981086208,0,0
3.2189,179380224,11.6900,1032.12,0,0,1,138.23,0.00,981086208,0,0
3.2375,179380224,11.8400,807.84,0,0,1,94.25,0.00,981086208,0,0
3.2532,179380224,11.9300,574.71,0,0,1,63.86,0.00,981086208,0,0
3.2648,179380224,12.0800,1293.62,0,0,1,161.70,0.00,981086208,0,0
3.2831,179380224,12.2200,764.44,0,0,1,102.38,0.00,981086208,0,0
3.2988,179380224,12.3100,574.22,0,0,1,143.56,0.00,981086208,0,0
3.3273,179380224,12.5400,804.97,0,0,1,65.62,0.00,981086208,0,0
3.3433,179380224,12.6300,562.14,0,0,1,62.46,0.00,981086208,0,0
3.3593,179380224,12.7700,875.89,0,0,1,125.13,0.00,981086208,0,0
3.3801,179380224,12.9300,768.13,0,0,1,96.02,0.00,981086208,0,0
3.3963,179380224,13.0700,869.27,0,0,1,108.66,0.00,981086208,0,0
3.4118,179380224,13.1600,577.76,0,0,1,72.22,0.00,981086208,0,0
3.4269,179380224,13.3000,926.03,0,0,1,124.02,0.00,981086208,0,0
3.4399,179380224,13.3900,695.51,0,0,1,86.94,0.00,981086208,0,0
3.4558,179380224,13.4900,629.84,0,0,1,70.86,0.00,981086208,0,0
3.4718,179380224,13.6200,812.70,0,0,1,109.40,0.00,981086208,0,0
3.4834,179380224,13.6900,602.79,0,0,1,64.58,0.00,981086208,0,0
3.4948,179380224,13.7500,524.67,0,0,1,54.65,0.00,981086208,0,0
3.5064,179380224,13.8200,602.77,0,0,1,96.87,0.00,981086208,0,0
3.5181,179380224,13.8800,514.08,0,0,1,64.26,0.00,981086208,0,0
3.5307,179380224,13.9200,317.67,0,0,1,49.64,0.00,981086208,0,0
3.5423,179380224,13.9500,258.17,0,0,1,32.27,0.00,981086208,0,0
3.5544,179380224,14.0000,412.94,0,0,1,72.27,0.00,981344256,0,0
3.5666,179380224,14.0800,656.03,0,0,1,102.50,0.00,981344256,0,0
3.5782,179380224,14.1200,345.65,0,0,1,43.21,0.00,981344256,0,0
3.5895,179380224,14.1600,353.05,0,0,1,33.10,0.00,981602304,0,0
3.6008,179380224,14.1900,266.73,0,0,1,33.34,0.00,981602304,0,0
3.6129,179380224,14.2200,246.82,0,0,1,30.85,0.00,981602304,0,0
3.6243,179380224,14.2500,264.32,0,0,1,33.04,0.00,981602304,0,0
3.6358,179380224,14.2700,173.22,0,0,1,21.65,0.00,981602304,0,0
3.6473,179380224,14.2900,173.58,0,0,1,32.55,0.00,981602304,0,0
3.6587,179380224,14.3000,88.07,0,0,1,22.02,0.00,981602304,0,0
3.6697,179380224,14.3100,90.49,0,0,1,22.62,0.00,981602304,0,0
3.6815,179650560,14.3300,169.59,0,0,1,42.40,0.00,981602304,0,0
3.6933,179650560,14.3700,338.79,0,0,1,42.35,0.00,981602304,0,0
3.7050,179650560,14.4100,343.84,0,0,1,42.98,0.00,981602304,0,0
3.7164,179650560,14.4900,699.21,0,0,1,98.33,0.00,981602304,0,0
3.7283,179650560,14.5300,335.52,0,0,1,41.94,0.00,981602304,0,0
3.7397,179650560,14.5700,352.78,0,0,1,44.10,0.00,981602304,0,0
3.7514,179650560,14.6100,341.68,0,0,1,42.71,0.00,981602304,0,0
3.7631,179650560,14.6500,341.77,0,0,1,53.40,0.00,981602304,0,0
3.7745,179650560,14.6900,349.09,0,0,1,54.55,0.00,981602304,0,0
3.7857,179650560,14.7300,357.00,0,0,1,44.63,0.00,981602304,0,0
3.7971,179650560,14.8100,704.91,0,0,1,110.14,0.00,981602304,0,0
3.8082,179650560,14.8500,359.57,0,0,1,44.95,0.00,981602304,0,0
3.8197,179650560,14.8900,349.15,0,0,1,43.64,0.00,981602304,0,0
3.8316,179650560,14.9300,336.24,0,0,1,42.03,0.00,981602304,0,0
3.8430,179650560,14.9800,438.89,0,0,1,43.89,0.00,981860352,0,0
3.8542,179920896,15.0100,268.06,0,0,1,22.34,0.00,981860352,0,0
3.8658,179920896,15.0200,85.88,0,0,1,42.94,0.00,982118400,0,0
3.8768,179920896,15.1000,729.03,0,0,1,102.52,0.00,982118400,0,0
3.8883,179920896,15.1400,347.36,0,0,1,43.42,0.00,982118400,0,0
3.8994,179920896,15.1800,358.86,0,0,1,44.86,0.00,982118400,0,0
3.9103,179920896,15.2200,368.52,0,0,1,46.07,0.00,982118400,0,0
3.9217,179920896,15.2600,349.17,0,0,1,43.65,0.00,982118400,0,0
3.9330,179920896,15.3000,354.61,0,0,1,44.33,0.00,982118400,0,0
3.9443,179920896,15.3400,355.65,0,0,1,44.46,0.00,982118400,0,0
3.9555,179920896,15.3800,356.25,0,0,1,44.53,0.00,982118400,0,0
3.9668,179920896,15.4600,710.37,0,0,1,99.90,0.00,982118400,0,0
3.9784,179920896,15.5000,343.30,0,0,1,53.64,0.00,982118400,0,0
3.9895,179920896,15.5400,360.66,0,0,1,45.08,0.00,982118400,0,0
4.0009,180461568,15.5900,438.10,0,0,1,32.86,0.00,982118400,0,0
4.0129,180461568,15.6000,83.42,0,0,1,10.43,0.00,982376448,0,0
4.0240,180461568,15.6300,271.30,0,0,1,45.22,0.00,982376448,0,0
4.0352,180461568,15.6700,354.86,0,0,1,44.36,0.00,982376448,0,0
4.0466,180461568,15.7500,702.90,0,0,1,98.85,0.00,982376448,0,0
4.0580,180461568,15.7900,352.10,0,0,1,44.01,0.00,982376448,0,0
4.0697,180461568,15.8300,341.82,0,0,1,42.73,0.00,982376448,0,0
4.0810,180461568,15.8700,353.39,0,0,1,55.22,0.00,982376448,0,0
4.0924,180461568,15.9100,351.53,0,0,1,43.94,0.00,982376448,0,0
4.1044,180461568,15.9500,332.46,0,0,1,41.56,0.00,982376448,0,0
4.1163,180461568,16.0300,673.87,0,0,1,94.76,0.00,982376448,0,0
4.1282,180461568,16.0700,335.88,0,0,1,52.48,0.00,982376448,0,0
4.1395,180461568,16.1100,354.49,0,0,1,44.31,0.00,982376448,0,0
4.1511,180461568,16.1500,343.29,0,0,1,42.91,0.00,982376448,0,0
4.1637,180461568,16.1900,318.45,0,0,1,39.81,0.00,982376448,0,0
4.1750,180461568,16.2300,354.33,0,0,1,44.29,0.00,982376448,0,0
4.1864,180461568,16.2900,526.55,0,0,1,98.73,0.00,982376448,0,0
4.1979,180461568,16.3500,520.90,0,0,1,65.11,0.00,982376448,0,0
4.2093,180461568,16.3900,351.56,0,0,1,43.94,0.00,982376448,0,0
4.2210,180461568,16.4300,341.22,0,0,1,53.32,0.00,982376448,0,0
4.2328,180461568,16.4700,339.47,0,0,1,42.43,0.00,982376448,0,0
4.2450,180461568,16.5100,327.91,0,0,1,40.99,0.00,982376448,0,0
4.2565,180461568,16.5900,695.27,0,0,1,97.77,0.00,982376448,0,0
4.2683,180461568,16.6300,339.22,0,0,1,42.40,0.00,982376448,0,0
4.2799,180461568,16.6700,343.28,0,0,1,42.91,0.00,982376448,0,0
4.2913,180461568,16.7100,350.05,0,0,1,43.76,0.00,982376448,0,0
4.3028,180461568,16.7500,348.58,0,0,1,43.57,0.00,982376448,0,0
4.3153,180461568,16.7900,320.97,0,0,1,40.12,0.00,982376448,0,0
4.3269,180461568,16.8700,688.65,0,0,1,96.84,0.00,982376448,0,0
4.3382,180461568,16.9100,353.61,0,0,1,44.20,0.00,982376448,0,0
4.3495,180461568,16.9500,353.36,0,0,1,44.17,0.00,982376448,0,0
4.3615,180461568,16.9900,333.48,0,0,1,52.11,0.00,982376448,0,0
4.3728,180461568,17.0300,353.93,0,0,1,55.30,0.00,982376448,0,0
4.3842,180461568,17.0700,351.99,0,0,1,55.00,0.00,982376448,0,0
4.3967,180461568,17.1500,642.03,0,0,1,100.32,0.00,982376448,0,0
4.4081,180461568,17.1900,349.73,0,0,1,54.65,0.00,982376448,0,0
4.4192,180461568,17.2300,358.64,0,0,1,44.83,0.00,982376448,0,0
4.4309,180461568,17.2700,342.16,0,0,1,53.46,0.00,982376448,0,0
4.4420,180461568,17.3100,361.80,0,0,1,45.22,0.00,982376448,0,0
4.4534,180461568,17.3500,349.81,0,0,1,54.66,0.00,982376448,0,0
4.4648,180461568,17.3900,350.74,0,0,1,43.84,0.00,982376448,0,0
4.4762,180461568,17.4300,352.17,0,0,1,99.05,0.00,982376448,0,0
4.4876,180461568,17.5100,702.23,0,0,1,54.86,0.00,982376448,0,0
4.4990,180461568,17.5500,350.94,0,0,1,43.87,0.00,982376448,0,0
4.5102,180461568,17.5900,357.92,0,0,1,44.74,0.00,982376448,0,0
4.5214,180731904,17.6300,356.99,0,0,1,44.62,0.00,982376448,0,0
4.5327,180731904,17.6600,264.11,0,0,1,33.01,0.00,982376448,0,0
4.5441,180731904,17.6800,175.15,0,0,1,21.89,0.00,982376448,0,0
4.5556,180731904,17.7100,261.86,0,0,1,21.82,0.00,982634496,0,0
4.5675,181002240,17.7200,84.33,0,0,1,31.62,0.00,982892544,0,0
4.5929,181542912,17.8200,392.34,0,0,1,63.76,0.00,983150592,0,0
4.6065,181542912,17.9600,1028.83,0,0,1,137.79,0.00,983150592,0,0
4.6331,181542912,18.1400,678.11,0,0,1,89.47,0.00,983150592,0,0
4.6490,181542912,18.3000,1004.93,0,0,1,125.62,0.00,983150592,0,0
4.6719,181542912,18.4400,611.89,0,0,1,81.95,0.00,983150592,0,0
4.6900,181542912,18.6200,992.07,0,0,1,117.12,0.00,983150592,0,0
4.7074,181542912,18.7500,748.20,0,0,1,100.72,0.00,983150592,0,0
4.7279,181542912,18.9200,828.37,0,0,1,103.55,0.00,983150592,0,0
4.7410,181542912,19.0100,686.24,0,0,1,76.25,0.00,983150592,0,0
4.7575,181542912,19.1400,791.17,0,0,1,114.11,0.00,983150592,0,0
4.7687,181542912,19.2100,621.56,0,0,1,77.70,0.00,983150592,0,0
4.7812,181542912,19.3100,805.56,0,0,1,100.70,0.00,983150592,0,0
4.7926,181542912,19.3800,612.80,0,0,1,76.60,0.00,983150592,0,0
4.8065,181542912,19.5200,1004.37,0,0,1,134.51,0.00,983150592,0,0
4.8227,181542912,19.6300,681.50,0,0,1,77.44,0.00,983150592,0,0
4.8374,181542912,19.7700,946.80,0,0,1,135.26,0.00,983150592,0,0
4.8566,181542912,19.9100,731.75,0,0,1,91.47,0.00,983150592,0,0
4.8743,181542912,20.0200,621.01,0,0,1,70.57,0.00,983150592,0,0
4.8952,181542912,20.1800,763.76,0,0,1,95.47,0.00,983150592,0,0
4.9111,181542912,20.3300,946.88,0,0,1,118.36,0.00,983150592,0,0
4.9284,181542912,20.4700,807.88,0,0,1,115.41,0.00,983150592,0,0
4.9454,181542912,20.5800,649.04,0,0,1,66.38,0.00,983150592,0,0
4.9599,181542912,20.7200,964.29,0,0,1,137.76,0.00,983150592,0,0
4.9714,181542912,20.8000,696.66,0,0,1,87.08,0.00,983150592,0,0
4.9840,181542912,20.8800,633.72,0,0,1,69.31,0.00,983150592,0,0
5.0011,181542912,21.0000,701.86,0,0,1,95.04,0.00,983150592,0,0
5.0204,181542912,21.1600,829.37,0,0,1,110.15,0.00,983150592,0,0
5.0407,181542912,21.3400,884.54,0,0,1,110.57,0.00,983150592,0,0
5.0531,181542912,21.4100,563.89,0,0,1,70.49,0.00,983150592,0,0
5.0678,181542912,21.5700,1089.00,0,0,1,136.12,0.00,983150592,0,0
5.0809,181542912,21.6600,690.47,0,0,1,76.72,0.00,983150592,0,0
5.0929,181542912,21.7400,662.94,0,0,1,82.87,0.00,983150592,0,0
5.1066,181542912,21.8600,876.14,0,0,1,127.77,0.00,983150592,0,0
5.1249,181542912,21.9900,713.16,0,0,1,68.57,0.00,983150592,0,0
5.1366,181542912,22.0900,854.39,0,0,1,149.52,0.00,983150592,0,0
5.1545,181542912,22.2200,723.34,0,0,1,69.55,0.00,983150592,0,0
5.1698,181542912,22.3500,852.47,0,0,1,131.15,0.00,983150592,0,0
5.1892,181542912,22.4900,721.74,0,0,1,96.66,0.00,983150592,0,0
5.2042,181542912,22.5800,599.12,0,0,1,74.89,0.00,983150592,0,0
5.2158,181542912,22.7400,1378.34,0,0,1,172.29,0.00,983150592,0,0
5.2386,181542912,22.8700,571.37,0,0,1,87.90,0.00,983150592,0,0
5.2530,181542912,22.9600,624.10,0,0,1,69.34,0.00,983150592,0,0
5.2645,181542912,23.0500,783.92,0,0,1,87.10,0.00,983150592,0,0
5.2759,181542912,23.1400,783.89,0,0,1,174.20,0.00,983150592,0,0
5.2893,181542912,23.2600,901.09,0,0,1,75.09,0.00,983150592,0,0
5.3006,181542912,23.3400,706.90,0,0,1,88.36,0.00,983150592,0,0
5.3123,181542912,23.4200,681.08,0,0,1,85.14,0.00,983150592,0,0
5.3243,181542912,23.5000,665.58,0,0,1,83.20,0.00,983150592,0,0
5.3357,181542912,23.5800,702.05,0,0,1,87.76,0.00,983150592,0,0
5.3477,181542912,23.7300,1252.65,0,0,1,167.02,0.00,983150592,0,0
5.3616,181542912,23.8200,646.62,0,0,1,71.85,0.00,983150592,0,0
5.3735,181542912,23.9000,674.33,0,0,1,84.29,0.00,983150592,0,0
5.3869,181542912,24.0300,970.88,0,0,1,149.37,0.00,983150592,0,0
5.4038,181542912,24.1300,592.78,0,0,1,59.28,0.00,983150592,0,0
5.4259,181542912,24.3000,767.69,0,0,1,90.32,0.00,983150592,0,0
5.4436,181542912,24.4500,849.62,0,0,1,113.28,0.00,983150592,0,0
5.4548,181542912,24.5300,711.42,0,0,1,88.93,0.00,983150592,0,0
5.4691,181542912,24.6500,840.80,0,0,1,140.13,0.00,983150592,0,0
5.4808,181542912,24.7400,767.34,0,0,1,85.26,0.00,983150592,0,0
5.4923,181542912,24.8200,694.32,0,0,1,86.79,0.00,983150592,0,0
5.5037,181542912,24.9000,702.74,0,0,1,87.84,0.00,983150592,0,0
5.5151,181542912,24.9800,702.59,0,0,1,87.82,0.00,983150592,0,0
5.5310,181542912,25.1200,880.78,0,0,1,125.83,0.00,983150592,0,0
5.5433,181542912,25.2100,731.57,0,0,1,81.29,0.00,983150592,0,0
5.5570,181542912,25.3500,1021.30,0,0,1,145.90,0.00,983150592,0,0
5.5723,181542912,25.4500,653.54,0,0,1,65.35,0.00,983150592,0,0
5.5840,181542912,25.5300,683.31,0,0,1,85.41,0.00,983150592,0,0
5.5956,181542912,25.6600,1123.61,0,0,1,172.86,0.00,983150592,0,0
5.6090,181542912,25.7400,596.17,0,0,1,74.52,0.00,983150592,0,0
5.6210,181542912,25.8300,751.40,0,0,1,83.49,0.00,983150592,0,0
5.6354,181542912,25.9100,554.10,0,0,1,69.26,0.00,983150592,0,0
5.6473,181542912,26.0500,1174.39,0,0,1,167.77,0.00,983150592,0,0
5.6587,181542912,26.1300,700.79,0,0,1,87.60,0.00,983150592,0,0
5.6714,181542912,26.2100,630.90,0,0,1,78.86,0.00,983150592,0,0
5.6888,181542912,26.3600,865.87,0,0,1,108.23,0.00,983150592,0,0
5.7007,181542912,26.4500,754.68,0,0,1,94.33,0.00,983150592,0,0
5.7144,181542912,26.5300,582.11,0,0,1,72.76,0.00,983150592,0,0
5.7317,181542912,26.6800,867.20,0,0,1,115.63,0.00,983150592,0,0
5.7441,181542912,26.7600,647.82,0,0,1,80.98,0.00,983150592,0,0
5.7560,181542912,26.9000,1176.93,0,0,1,168.13,0.00,983150592,0,0
5.7692,181542912,26.9800,606.34,0,0,1,66.32,0.00,983150592,0,0
5.7853,181542912,27.1200,869.60,0,0,1,116.46,0.00,983150592,0,0
5.7992,181542912,27.2200,715.22,0,0,1,89.40,0.00,983150592,0,0
5.8104,181542912,27.3000,716.06,0,0,1,89.51,0.00,983150592,0,0
5.8235,181542912,27.3900,687.36,0,0,1,76.37,0.00,983150592,0,0
5.8419,181542912,27.5500,868.24,0,0,1,108.53,0.00,983150592,0,0
5.8534,181542912,27.6300,697.72,0,0,1,87.22,0.00,983150592,0,0
5.8648,181542912,27.7100,704.24,0,0,1,88.03,0.00,983150592,0,0
5.8778,181542912,27.8400,999.34,0,0,1,153.75,0.00,983150592,0,0
5.8894,181542912,27.9200,687.89,0,0,1,75.24,0.00,983150592,0,0
5.9014,181542912,27.9900,580.97,0,0,1,72.62,0.00,983150592,0,0
5.9131,181542912,28.0700,688.55,0,0,1,75.31,0.00,983150592,0,0
5.9243,181542912,28.1100,355.62,0,0,1,44.45,0.00,983150592,0,0
5.9360,181542912,28.1500,343.43,0,0,1,42.93,0.00,983150592,0,0
5.9473,181542912,28.2200,619.22,0,0,1,99.52,0.00,983150592,0,0
5.9587,181542912,28.2600,349.14,0,0,1,43.64,0.00,983150592,0,0
5.9702,181542912,28.3000,347.79,0,0,1,43.47,0.00,983150592,0,0
5.9817,181542912,28.3400,349.11,0,0,1,43.64,0.00,983150592,0,0
5.9932,181542912,28.3800,347.58,0,0,1,43.45,0.00,983150592,0,0
6.0048,181542912,28.4200,345.11,0,0,1,43.14,0.00,983150592,0,0
6.0166,181542912,28.5000,673.97,0,0,1,94.78,0.00,983150592,0,0
6.0282,181542912,28.5400,346.93,0,0,1,43.37,0.00,983150592,0,0
6.0397,181542912,28.5800,347.65,0,0,1,43.46,0.00,983150592,0,0
6.0514,181542912,28.6200,340.74,0,0,1,42.59,0.00,983150592,0,0
6.0634,181542912,28.6600,332.56,0,0,1,41.57,0.00,983150592,0,0
6.0749,181542912,28.7000,348.98,0,0,1,43.62,0.00,983150592,0,0
6.0863,181542912,28.7400,351.70,0,0,1,98.92,0.00,983150592,0,0
6.0977,181542912,28.8200,703.11,0,0,1,43.94,0.00,983150592,0,0
6.1091,181542912,28.8600,350.93,0,0,1,43.87,0.00,983150592,0,0
6.1204,181542912,28.9000,352.58,0,0,1,44.07,0.00,983150592,0,0
6.1316,181542912,28.9400,356.74,0,0,1,44.59,0.00,983150592,0,0
6.1428,181542912,28.9800,357.66,0,0,1,44.71,0.00,983150592,0,0
6.1542,181542912,29.0200,352.21,0,0,1,44.03,0.00,983150592,0,0
6.1652,181813248,29.0700,453.92,0,0,1,45.39,0.00,983150592,0,0
6.1764,181813248,29.1000,266.98,0,0,1,66.75,0.00,983150592,0,0
6.1877,181813248,29.1400,354.88,0,0,1,11.09,0.00,983150592,0,0
6.1991,181813248,29.1500,87.43,0,0,1,10.93,0.00,983150592,0,0
6.2103,181813248,29.1600,89.44,0,0,1,11.18,0.00,983150592,0,0
6.2217,181813248,29.1700,87.68,0,0,1,10.96,0.00,983150592,0,0
6.2327,181813248,29.1800,90.83,0,0,1,11.35,0.00,983150592,0,0
6.2439,181813248,29.1900,89.43,0,0,1,11.18,0.00,983150592,0,0
6.2550,181813248,29.2000,89.85,0,0,1,11.23,0.00,983150592,0,0
6.2674,181813248,29.2200,161.37,0,0,1,30.26,0.00,983150592,0,0
6.2790,181813248,29.2300,86.17,0,0,1,10.77,0.00,983150592,0,0
6.2905,181813248,29.2400,86.82,0,0,1,10.85,0.00,983150592,0,0
6.3021,181813248,29.2500,86.28,0,0,1,10.78,0.00,983408640,0,0
6.3136,182083584,29.2600,86.97,0,0,1,43.48,0.00,983924736,0,0
6.3253,182083584,29.3000,341.81,0,0,1,42.73,0.00,983924736,0,0
6.3370,182083584,29.3800,683.81,0,0,1,96.16,0.00,983924736,0,0
6.3484,182083584,29.4200,350.69,0,0,1,43.84,0.00,983924736,0,0
6.3599,182083584,29.4600,348.84,0,0,1,43.60,0.00,983924736,0,0
6.3714,182083584,29.5000,347.37,0,0,1,43.42,0.00,983924736,0,0
6.3828,182083584,29.5400,350.74,0,0,1,43.84,0.00,983924736,0,0
6.3944,182083584,29.5800,345.70,0,0,1,43.21,0.00,983924736,0,0
6.4058,182083584,29.6200,350.58,0,0,1,43.82,0.00,983924736,0,0
6.4180,182083584,29.7000,655.63,0,0,1,92.20,0.00,983924736,0,0
6.4298,182083584,29.7400,340.43,0,0,1,42.55,0.00,983924736,0,0
6.4411,182083584,29.7800,353.42,0,0,1,55.22,0.00,983924736,0,0
6.4530,182083584,29.8200,335.15,0,0,1,52.37,0.00,983924736,0,0
6.4643,182083584,29.8600,353.59,0,0,1,55.25,0.00,983924736,0,0
6.4753,182083584,29.9000,364.14,0,0,1,56.90,0.00,983924736,0,0
6.4866,182083584,29.9800,709.46,0,0,1,99.77,0.00,983924736,0,0
6.4981,182083584,30.0200,345.88,0,0,1,43.24,0.00,983924736,0,0
6.5094,182083584,30.0600,354.68,0,0,1,44.33,0.00,983924736,0,0
6.5206,182083584,30.1000,358.11,0,0,1,44.76,0.00,983924736,0,0
6.5320,182083584,30.1400,350.17,0,0,1,43.77,0.00,983924736,0,0
6.5434,182083584,30.1800,353.00,0,0,1,44.13,0.00,983924736,0,0
6.5546,182083584,30.2200,356.71,0,0,1,44.59,0.00,983924736,0,0
6.5660,182083584,30.2600,348.56,0,0,1,87.14,0.00,983924736,0,0
6.5782,182083584,30.3400,658.75,0,0,1,51.46,0.00,983924736,0,0
6.5897,182083584,30.3800,348.76,0,0,1,43.60,0.00,983924736,0,0
6.6017,182083584,30.4200,331.80,0,0,1,41.48,0.00,983924736,0,0
6.6138,182083584,30.4600,331.77,0,0,1,41.47,0.00,983924736,0,0
6.6250,182083584,30.5000,356.56,0,0,1,44.57,0.00,983924736,0,0
6.6364,182083584,30.5800,697.94,0,0,1,98.15,0.00,983924736,0,0
6.6481,182083584,30.6200,344.50,0,0,1,43.06,0.00,984182784,0,0
6.6596,183164928,30.6600,345.27,0,0,1,10.79,0.00,984956928,0,0
6.6711,183164928,30.6900,262.15,0,0,1,43.69,0.00,984956928,0,0
6.6826,183164928,30.7300,348.79,0,0,1,43.60,0.00,984956928,0,0
6.6944,183164928,30.7700,339.11,0,0,1,42.39,0.00,984956928,0,0
6.7057,183164928,30.8300,527.05,0,0,1,43.92,0.00,984956928,0,0
6.7173,183164928,30.8600,260.36,0,0,1,65.09,0.00,984956928,0,0
6.7297,183164928,30.9300,562.12,0,0,1,70.27,0.00,984956928,0,0
6.7412,183164928,30.9700,348.50,0,0,1,43.56,0.00,984956928,0,0
6.7526,183164928,31.0100,349.69,0,0,1,43.71,0.00,984956928,0,0
6.7639,183164928,31.0500,353.89,0,0,1,44.24,0.00,984956928,0,0
6.7752,183164928,31.0900,355.57,0,0,1,44.45,0.00,984956928,0,0
6.7866,183164928,31.1700,700.70,0,0,1,98.54,0.00,984956928,0,0
6.7979,183164928,31.2100,353.70,0,0,1,44.21,0.00,984956928,0,0
6.8091,183164928,31.2500,358.85,0,0,1,44.86,0.00,984956928,0,0
6.8202,183164928,31.2900,357.24,0,0,1,44.66,0.00,984956928,0,0
6.8313,183164928,31.3300,361.56,0,0,1,45.20,0.00,984956928,0,0
6.8425,183164928,31.3700,357.05,0,0,1,44.63,0.00,984956928,0,0
6.8538,183164928,31.4100,352.93,0,0,1,44.12,0.00,984956928,0,0
6.8651,183164928,31.4500,354.26,0,0,1,44.28,0.00,984956928,0,0
6.8764,183164928,31.5300,711.94,0,0,1,100.12,0.00,984956928,0,0
6.8876,183164928,31.5700,356.35,0,0,1,44.54,0.00,984956928,0,0
6.8986,183164928,31.6000,271.90,0,0,1,33.99,0.00,984956928,0,0
6.9101,183164928,31.6500,435.17,0,0,1,54.40,0.00,984956928,0,0
6.9214,183164928,31.6900,355.20,0,0,1,44.40,0.00,984956928,0,0
6.9325,183164928,31.7300,358.97,0,0,1,44.87,0.00,984956928,0,0
6.9439,183164928,31.7700,352.69,0,0,1,44.09,0.00,984956928,0,0
6.9553,183164928,31.8100,350.14,0,0,1,43.77,0.00,984956928,0,0
6.9666,183164928,31.8900,710.52,0,0,1,99.92,0.00,984956928,0,0
6.9783,183164928,31.9300,341.44,0,0,1,42.68,0.00,984956928,0,0
6.9894,183164928,31.9700,358.06,0,0,1,44.76,0.00,984956928,0,0
7.0006,183164928,32.0100,357.07,0,0,1,33.47,0.00,984956928,0,0
7.0120,183435264,32.0400,264.90,0,0,1,22.07,0.00,985214976,0,0
7.0229,183705600,32.0500,91.33,0,0,1,11.42,0.00,985731072,0,0
7.0339,183705600,32.0700,181.39,0,0,1,45.35,0.00,985731072,0,0
7.0456,183705600,32.1100,342.22,0,0,1,42.78,0.00,985731072,0,0
7.0569,183705600,32.1900,709.07,0,0,1,88.63,0.00,985731072,0,0
7.0679,183705600,32.2300,365.28,0,0,1,45.66,0.00,985731072,0,0
7.0788,183705600,32.2700,367.39,0,0,1,45.92,0.00,985731072,0,0
7.0896,183705600,32.3100,368.70,0,0,1,46.09,0.00,985731072,0,0
7.1010,183705600,32.3500,349.93,0,0,1,43.74,0.00,985731072,0,0
7.1120,183705600,32.3900,365.17,0,0,1,45.65,0.00,985731072,0,0
7.1236,183705600,32.4300,345.06,0,0,1,43.13,0.00,985731072,0,0
7.1350,183705600,32.4700,349.30,0,0,1,43.66,0.00,985731072,0,0
7.1465,183705600,32.5500,697.62,0,0,1,98.10,0.00,985731072,0,0
7.1578,183705600,32.6000,441.21,0,0,1,44.12,0.00,985731072,0,0
7.1696,183705600,32.6200,170.03,0,0,1,31.88,0.00,985731072,0,0
7.1817,183705600,32.6800,493.80,0,0,1,51.44,0.00,985731072,0,0
7.1930,183705600,32.7200,355.52,0,0,1,44.44,0.00,985731072,0,0
7.2043,183705600,32.7600,352.74,0,0,1,44.09,0.00,985731072,0,0
7.2156,183705600,32.8000,354.01,0,0,1,44.25,0.00,985731072,0,0
7.2270,183705600,32.8700,616.74,0,0,1,88.11,0.00,985731072,0,0
7.2383,183705600,32.9000,264.23,0,0,1,44.04,0.00,985731072,0,0
7.2499,183705600,32.9400,346.84,0,0,1,43.36,0.00,985731072,0,0
7.2616,183705600,32.9900,425.55,0,0,1,42.55,0.00,985731072,0,0
7.2740,183705600,33.0400,404.81,0,0,1,40.48,0.00,985731072,0,0
7.2859,183705600,33.0800,336.16,0,0,1,42.02,0.00,985731072,0,0
7.2977,183705600,33.1400,507.29,0,0,1,84.55,0.00,985731072,0,0
7.3099,183705600,33.1900,410.08,0,0,1,41.01,0.00,985731072,0,0
7.3213,183705600,33.2200,262.49,0,0,1,54.69,0.00,985731072,0,0
7.3334,183705600,33.2800,498.23,0,0,1,41.52,0.00,985731072,0,0
7.3450,183705600,33.3100,257.65,0,0,1,32.21,0.00,985731072,0,0
7.3569,183705600,33.3700,506.03,0,0,1,73.80,0.00,985731072,0,0
7.3685,183705600,33.4200,431.40,0,0,1,53.93,0.00,985731072,0,0
7.3802,183705600,33.4700,426.47,0,0,1,42.65,0.00,985731072,0,0
7.3920,183705600,33.5100,339.16,0,0,1,52.99,0.00,985731072,0,0
7.4037,183705600,33.5600,427.54,0,0,1,53.44,0.00,985731072,0,0
7.4152,183705600,33.6000,345.44,0,0,1,43.18,0.00,985731072,0,0
7.4271,183705600,33.6600,506.33,0,0,1,63.29,0.00,985731072,0,0
7.4389,183705600,33.7000,337.79,0,0,1,42.22,0.00,985731072,0,0
7.4505,183705600,33.7500,431.06,0,0,1,43.11,0.00,985731072,0,0
7.4623,183705600,33.8000,426.02,0,0,1,63.90,0.00,985731072,0,0
7.4742,183705600,33.8400,335.99,0,0,1,42.00,0.00,985731072,0,0
7.4857,183705600,33.8700,260.05,0,0,1,32.51,0.00,985731072,0,0
7.4976,183705600,33.9300,503.83,0,0,1,73.48,0.00,985731072,0,0
7.5097,183705600,33.9900,497.30,0,0,1,62.16,0.00,985731072,0,0
7.5215,183705600,34.0300,339.40,0,0,1,42.43,0.00,985731072,0,0
7.5330,183705600,34.0700,347.20,0,0,1,32.55,0.00,985731072,0,0
7.5446,183705600,34.1100,345.39,0,0,1,53.97,0.00,985731072,0,0
7.5563,183705600,34.1900,681.26,0,0,1,95.80,0.00,985731072,0,0
7.5680,183705600,34.2200,257.04,0,0,1,32.13,0.00,985731072,0,0
7.5798,183705600,34.2600,338.39,0,0,1,42.30,0.00,985731072,0,0
7.5915,183705600,34.3100,428.23,0,0,1,64.23,0.00,985731072,0,0
7.6030,183705600,34.3600,434.00,0,0,1,43.40,0.00,985731072,0,0
7.6147,183705600,34.4000,342.16,0,0,1,42.77,0.00,985731072,0,0
7.6270,183705600,34.4500,406.60,0,0,1,60.99,0.00,985731072,0,0
7.6385,183705600,34.5100,523.43,0,0,1,54.52,0.00,985731072,0,0
7.6506,183705600,34.5600,411.58,0,0,1,51.45,0.00,985731072,0,0
7.6627,183705600,34.5900,248.73,0,0,1,31.09,0.00,985731072,0,0
7.6741,183705600,34.6300,350.21,0,0,1,54.72,0.00,985731072,0,0
7.6860,183705600,34.6800,419.67,0,0,1,41.97,0.00,985731072,0,0
7.6977,183705600,34.7400,512.42,0,0,1,85.40,0.00,985731072,0,0
7.7099,183705600,34.7900,410.08,0,0,1,41.01,0.00,985731072,0,0
7.7214,183705600,34.8300,347.06,0,0,1,43.38,0.00,985731072,0,0
7.7333,183705600,34.8800,422.58,0,0,1,63.39,0.00,985731072,0,0
7.7450,183705600,34.9200,340.99,0,0,1,42.62,0.00,985731072,0,0
7.7569,183705600,34.9700,419.44,0,0,1,73.40,0.00,985731072,0,0
7.7684,183705600,35.0200,434.14,0,0,1,54.27,0.00,985731072,0,0
7.7799,183705600,35.0700,434.90,0,0,1,54.36,0.00,985731072,0,0
7.7914,183705600,35.1100,349.75,0,0,1,43.72,0.00,985731072,0,0
7.8029,183705600,35.1500,347.61,0,0,1,43.45,0.00,985731072,0,0
7.8144,183705600,35.1900,346.74,0,0,1,43.34,0.00,985731072,0,0
7.8270,183705600,35.2500,477.71,0,0,1,69.67,0.00,985731072,0,0
7.8385,183705600,35.2900,346.61,0,0,1,32.49,0.00,985731072,0,0
7.8499,183705600,35.3400,439.85,0,0,1,43.98,0.00,985731072,0,0
7.8614,183705600,35.3900,434.63,0,0,1,54.33,0.00,985731072,0,0
7.8729,183705600,35.4400,432.13,0,0,1,43.21,0.00,985731072,0,0
7.8846,183705600,35.4900,429.21,0,0,1,42.92,0.00,985731072,0,0
7.8961,183705600,35.5200,261.39,0,0,1,43.56,0.00,985731072,0,0
7.9075,183705600,35.5900,611.94,0,0,1,87.42,0.00,985731072,0,0
7.9194,183705600,35.6200,253.15,0,0,1,42.19,0.00,985731072,0,0
7.9310,183705600,35.6700,429.92,0,0,1,42.99,0.00,985731072,0,0
7.9431,183705600,35.6900,165.15,0,0,1,10.32,0.00,985731072,0,0
7.9546,183705600,35.7600,608.69,0,0,1,65.22,0.00,985731072,0,0
7.9662,183705600,35.8000,345.18,0,0,1,86.29,0.00,985731072,0,0
7.9779,183705600,35.8700,597.53,0,0,1,53.35,0.00,985731072,0,0
7.9895,183705600,35.9100,346.39,0,0,1,43.30,0.00,985731072,0,0
8.0009,183705600,35.9500,349.53,0,0,1,32.77,0.00,985731072,0,0
8.0125,183705600,35.9800,258.40,0,0,1,32.30,0.00,985731072,0,0
8.0240,183705600,36.0300,436.49,0,0,1,54.56,0.00,985731072,0,0
8.0355,183705600,36.0900,521.29,0,0,1,54.30,0.00,985731072,0,0
8.0470,183705600,36.1300,347.87,0,0,1,76.10,0.00,985731072,0,0
8.0594,183705600,36.1700,320.62,0,0,1,20.04,0.00,985731072,0,0
8.0712,183705600,36.2200,423.66,0,0,1,63.55,0.00,985731072,0,0
8.0827,183705600,36.2800,524.84,0,0,1,54.67,0.00,985731072,0,0
8.0941,183705600,36.3200,350.37,0,0,1,32.85,0.00,985731072,0,0
8.1057,183705600,36.3600,346.08,0,0,1,54.07,0.00,985731072,0,0
8.1173,183705600,36.4100,428.72,0,0,1,75.03,0.00,985731072,0,0
8.1289,183705600,36.4600,431.63,0,0,1,53.95,0.00,985731072,0,0
8.1406,183705600,36.4900,256.51,0,0,1,21.38,0.00,985731072,0,0
8.1521,183705600,36.5400,434.03,0,0,1,65.10,0.00,985731072,0,0
8.1637,183705600,36.6000,517.75,0,0,1,53.93,0.00,985731072,0,0
8.1758,183705600,36.6400,332.03,0,0,1,41.50,0.00,985731072,0,0
8.1873,183705600,36.6800,347.23,0,0,1,65.11,0.00,985731072,0,0
8.1988,183705600,36.7500,605.33,0,0,1,75.67,0.00,985731072,0,0
8.2104,183705600,36.8000,432.49,0,0,1,43.25,0.00,985731072,0,0
8.2219,183705600,36.8300,260.20,0,0,1,32.53,0.00,985731072,0,0
8.2333,183705600,36.8700,352.11,0,0,1,55.02,0.00,985731072,0,0
8.2450,183705600,36.9200,425.99,0,0,1,31.95,0.00,985731072,0,0
8.2564,183705600,36.9600,352.47,0,0,1,66.09,0.00,985731072,0,0
8.2678,183705600,37.0300,610.23,0,0,1,76.28,0.00,985731072,0,0
8.2867,183705600,37.0800,264.94,0,0,1,39.74,0.00,985731072,0,0
8.2986,183705600,37.1400,503.06,0,0,1,62.88,0.00,985731072,0,0
8.3101,183705600,37.2000,522.23,0,0,1,54.40,0.00,985731072,0,0
8.3215,183705600,37.2300,263.07,0,0,1,32.88,0.00,985731072,0,0
8.3330,183705600,37.2700,350.02,0,0,1,54.69,0.00,985731072,0,0
8.3443,183705600,37.3100,352.14,0,0,1,44.02,0.00,985731072,0,0
8.3557,183705600,37.3500,350.12,0,0,1,43.76,0.00,985731072,0,0
8.3674,183705600,37.4300,686.49,0,0,1,96.54,0.00,985731072,0,0
8.3788,183705600,37.4700,351.71,0,0,1,43.96,0.00,985731072,0,0
8.3903,183705600,37.5100,348.18,0,0,1,43.52,0.00,985731072,0,0
8.4018,183705600,37.5500,345.67,0,0,1,43.21,0.00,985731072,0,0
8.4132,183705600,37.5900,351.29,0,0,1,43.91,0.00,985731072,0,0
8.4250,183705600,37.6300,339.09,0,0,1,42.39,0.00,985731072,0,0
8.4366,183705600,37.7100,692.43,0,0,1,108.19,0.00,985731072,0,0
8.4483,183705600,37.7400,256.78,0,0,1,32.10,0.00,985731072,0,0
8.4598,183705600,37.7900,431.35,0,0,1,53.92,0.00,985731072,0,0
8.4757,183705600,37.8300,251.87,0,0,1,39.35,0.00,985731072,0,0
8.4872,183705600,37.9000,609.27,0,0,1,87.04,0.00,985731072,0,0
8.4992,183705600,37.9400,334.40,0,0,1,31.35,0.00,985989120,0,0
8.5106,183705600,37.9800,348.77,0,0,1,76.29,0.00,985989120,0,0
8.5299,183975936,38.0300,259.99,0,0,1,13.00,0.00,985989120,0,0
8.5417,183975936,38.0500,168.96,0,0,1,21.12,0.00,985989120,0,0
8.5532,183975936,38.0700,173.99,0,0,1,21.75,0.00,985989120,0,0
8.5647,183975936,38.0900,174.54,0,0,1,21.82,0.00,985989120,0,0
8.5770,183975936,38.1300,325.18,0,0,1,40.65,0.00,985989120,0,0
8.5886,183975936,38.1500,171.79,0,0,1,21.47,0.00,985989120,0,0
8.6002,183975936,38.1700,172.94,0,0,1,21.62,0.00,985989120,0,0
8.6128,183975936,38.1900,158.99,0,0,1,19.87,0.00,985989120,0,0
8.6242,183975936,38.2100,175.11,0,0,1,21.89,0.00,985989120,0,0
8.6357,183975936,38.2300,173.33,0,0,1,21.67,0.00,985989120,0,0
8.6472,183975936,38.2700,346.92,0,0,1,65.05,0.00,990109696,0,0
8.6598,183975936,38.2900,159.83,0,0,1,19.98,0.00,990109696,0,0
8.6712,183975936,38.3100,174.98,0,0,1,21.87,0.00,990109696,0,0
8.6828,183975936,38.3300,172.07,0,0,1,21.51,0.00,990109696,0,0
8.6943,183975936,38.3500,174.39,0,0,1,21.80,0.00,990109696,0,0
8.7055,183975936,38.3700,178.75,0,0,1,22.34,0.00,990109696,0,0
8.7171,183975936,38.4100,344.62,0,0,1,53.85,0.00,990109696,0,0
8.7284,183975936,38.4300,176.07,0,0,1,22.01,0.00,990109696,0,0
8.7394,183975936,38.4500,181.67,0,0,1,22.71,0.00,990109696,0,0
8.7507,184516608,38.4700,176.92,0,0,1,22.11,0.00,990367744,0,0
8.7620,185327616,38.4900,177.42,0,0,1,11.09,0.00,990367744,0,0
8.7734,185597952,38.5200,263.73,0,0,1,54.94,0.00,990367744,0,0
8.7849,185597952,38.5800,521.73,0,0,1,86.96,0.00,990367744,0,0
8.7963,185597952,38.7100,1139.28,0,0,1,153.36,0.00,990367744,0,0
8.8146,185597952,38.8200,601.48,0,0,1,68.35,0.00,990367744,0,0
8.8273,185597952,38.9400,943.46,0,0,1,137.59,0.00,990367744,0,0
8.8396,185597952,39.0500,896.69,0,0,1,101.90,0.00,990367744,0,0
8.8510,185597952,39.1300,697.94,0,0,1,87.24,0.00,990367744,0,0
8.8624,185597952,39.2000,618.54,0,0,1,77.32,0.00,990367744,0,0
8.8784,185597952,39.3400,870.70,0,0,1,108.84,0.00,990367744,0,0
8.8909,185597952,39.4300,723.59,0,0,1,90.45,0.00,990367744,0,0
8.9092,185597952,39.5800,820.67,0,0,1,102.58,0.00,990367744,0,0
8.9206,185597952,39.6700,784.19,0,0,1,87.13,0.00,990367744,0,0
8.9323,185597952,39.7600,774.53,0,0,1,96.82,0.00,990367744,0,0
8.9436,185597952,39.8300,618.00,0,0,1,88.29,0.00,990367744,0,0
8.9599,185597952,39.9800,919.35,0,0,1,114.92,0.00,990367744,0,0
8.9718,185597952,40.0700,758.85,0,0,1,94.86,0.00,990367744,0,0
8.9895,185597952,40.2200,847.56,0,0,1,113.01,0.00,990367744,0,0
9.0023,185597952,40.3100,703.28,0,0,1,78.14,0.00,990367744,0,0
9.0138,185597952,40.4400,1130.13,0,0,1,173.87,0.00,990367744,0,0
9.0376,185597952,40.6100,713.45,0,0,1,83.94,0.00,990367744,0,0
9.0523,185597952,40.6800,476.03,0,0,1,59.50,0.00,990367744,0,0
9.0637,185597952,40.8400,1398.07,0,0,1,185.68,0.00,990367744,0,0
9.0888,185597952,41.0000,638.34,0,0,1,79.79,0.00,990367744,0,0
9.1026,185597952,41.1500,1082.86,0,0,1,144.38,0.00,990367744,0,0
9.1209,185597952,41.2300,439.47,0,0,1,54.93,0.00,990367744,0,0
9.1331,185597952,41.3100,653.22,0,0,1,81.65,0.00,990367744,0,0
9.1484,185597952,41.4600,982.68,0,0,1,131.02,0.00,990367744,0,0
9.1653,185597952,41.5400,471.25,0,0,1,58.91,0.00,990367744,0,0
9.1771,185597952,41.6800,1190.99,0,0,1,159.51,0.00,990367744,0,0
9.1960,185597952,41.7800,528.26,0,0,1,85.84,0.00,990367744,0,0
9.2174,185597952,41.9700,888.16,0,0,1,87.65,0.00,990367744,0,0
9.2334,185597952,42.0900,752.61,0,0,1,94.08,0.00,990367744,0,0
9.2493,185597952,42.2500,1004.67,0,0,1,125.58,0.00,990367744,0,0
9.2607,185597952,42.3400,790.22,0,0,1,87.80,0.00,990367744,0,0
9.2825,185597952,42.4900,687.31,0,0,1,91.64,0.00,990367744,0,0
9.2987,185597952,42.6300,864.61,0,0,1,123.52,0.00,990367744,0,0
9.3153,185597952,42.7300,602.57,0,0,1,60.26,0.00,990367744,0,0
9.3314,185597952,42.8600,804.64,0,0,1,100.58,0.00,990367744,0,0
9.3481,185597952,43.0000,839.39,0,0,1,104.92,0.00,990367744,0,0
9.3636,185597952,43.1000,644.12,0,0,1,72.46,0.00,990367744,0,0
9.3797,185597952,43.2300,809.12,0,0,1,108.92,0.00,990367744,0,0
9.3958,185597952,43.3400,682.92,0,0,1,77.61,0.00,990367744,0,0
9.4118,185597952,43.4900,937.75,0,0,1,117.22,0.00,990367744,0,0
9.4280,185597952,43.6200,804.59,0,0,1,92.84,0.00,990367744,0,0
9.4439,185597952,43.7400,755.48,0,0,1,78.70,0.00,990367744,0,0
9.4600,185597952,43.8800,867.42,0,0,1,116.17,0.00,990367744,0,0
9.4737,185597952,43.9600,581.88,0,0,1,63.64,0.00,990367744,0,0
9.4853,185597952,44.1000,1214.24,0,0,1,140.94,0.00,990367744,0,0
9.5152,185597952,44.3000,667.46,0,0,1,75.09,0.00,990367744,0,0
9.5314,185597952,44.4200,742.80,0,0,1,100.59,0.00,990367744,0,0
9.5476,185597952,44.5600,861.43,0,0,1,99.99,0.00,990367744,0,0
9.5593,185597952,44.6500,770.78,0,0,1,96.35,0.00,990367744,0,0
9.5829,185597952,44.8000,635.18,0,0,1,68.81,0.00,990367744,0,0
9.5989,185597952,44.9600,1005.40,0,0,1,141.38,0.00,990367744,0,0
9.6168,185597952,45.0900,722.71,0,0,1,97.29,0.00,990367744,0,0
9.6328,185597952,45.2100,753.11,0,0,1,78.45,0.00,990367744,0,0
9.6489,185597952,45.3300,745.16,0,0,1,100.91,0.00,990367744,0,0
9.6649,185597952,45.4500,748.63,0,0,1,85.78,0.00,990367744,0,0
9.6786,185597952,45.5700,875.84,0,0,1,118.60,0.00,990367744,0,0
9.7006,185597952,45.7600,862.56,0,0,1,107.82,0.00,990367744,0,0
9.7121,185597952,45.8800,1047.61,0,0,1,152.78,0.00,990367744,0,0
9.7366,185597952,46.0500,692.83,0,0,1,86.60,0.00,990367744,0,0
9.7523,185597952,46.1400,574.22,0,0,1,71.78,0.00,990367744,0,0
9.7680,185597952,46.2700,828.24,0,0,1,103.53,0.00,990367744,0,0
9.7840,185597952,46.3800,685.99,0,0,1,77.95,0.00,990367744,0,0
9.7959,185597952,46.5100,1093.93,0,0,1,157.78,0.00,990367744,0,0
9.8110,185597952,46.6000,597.67,0,0,1,83.01,0.00,990367744,0,0
9.8221,185597952,46.6800,716.17,0,0,1,89.52,0.00,990367744,0,0
9.8337,185597952,46.7600,693.94,0,0,1,75.90,0.00,990367744,0,0
9.8500,185597952,46.8800,736.36,0,0,1,107.39,0.00,990367744,0,0
9.8635,185597952,46.9900,814.45,0,0,1,92.55,0.00,990367744,0,0
9.8772,185597952,47.1200,945.94,0,0,1,127.34,0.00,990367744,0,0
9.8899,185597952,47.2200,791.84,0,0,1,89.08,0.00,990367744,0,0
9.9104,185597952,47.3900,825.30,0,0,1,103.16,0.00,990367744,0,0
9.9218,185597952,47.4600,618.15,0,0,1,88.31,0.00,990367744,0,0
9.9345,185597952,47.5300,551.12,0,0,1,78.73,0.00,990367744,0,0
9.9465,185597952,47.6700,1161.70,0,0,1,155.59,0.00,990367744,0,0
9.9588,185597952,47.7600,734.39,0,0,1,91.80,0.00,990367744,0,0
9.9741,185597952,47.8900,847.41,0,0,1,114.07,0.00,990367744,0,0
9.9930,185597952,48.0000,581.91,0,0,1,66.13,0.00,990367744,0,0
10.0050,185597952,48.0700,583.14,0,0,1,83.31,0.00,990367744,0,0
10.0198,185597952,48.2000,882.29,0,0,1,110.29,0.00,990367744,0,0
10.0347,185597952,48.3200,803.63,0,0,1,92.08,0.00,990367744,0,0
10.0477,185597952,48.4500,1002.04,0,0,1,154.16,0.00,990367744,0,0
10.0680,185597952,48.6200,834.19,0,0,1,98.14,0.00,990367744,0,0
10.0859,185597952,48.7000,447.12,0,0,1,55.89,0.00,990367744,0,0
10.1072,185597952,48.8600,751.27,0,0,1,93.91,0.00,990367744,0,0
10.1233,185597952,49.0000,871.49,0,0,1,85.59,0.00,990367744,0,0
10.1392,185597952,49.1200,753.38,0,0,1,94.17,0.00,990367744,0,0
10.1552,185597952,49.2400,753.21,0,0,1,86.31,0.00,990367744,0,0
10.1713,185597952,49.3700,805.22,0,0,1,85.17,0.00,990367744,0,0
10.1870,185597952,49.4900,764.28,0,0,1,95.53,0.00,990367744,0,0
10.2028,185597952,49.6200,824.54,0,0,1,79.28,0.00,990367744,0,0
10.2185,185597952,49.7500,827.90,0,0,1,87.57,0.00,990367744,0,0
10.2342,185597952,49.8800,824.34,0,0,1,95.12,0.00,990367744,0,0
10.2502,185597952,49.9900,688.40,0,0,1,93.87,0.00,990367744,0,0
10.2658,185597952,50.1300,898.83,0,0,1,104.33,0.00,990367744,0,0
10.2848,185597952,50.2700,735.74,0,0,1,98.54,0.00,990367744,0,0
10.3009,185597952,50.4100,871.47,0,0,1,101.15,0.00,990367744,0,0
10.3170,185597952,50.5500,868.87,0,0,1,124.12,0.00,990367744,0,0
10.3284,185597952,50.6600,966.59,0,0,1,109.84,0.00,990367744,0,0
10.3442,185597952,50.7400,506.79,0,0,1,63.35,0.00,990367744,0,0
10.3554,185597952,50.8200,711.49,0,0,1,88.94,0.00,990367744,0,0
10.3673,185597952,50.9600,1173.89,0,0,1,167.70,0.00,990367744,0,0
10.3785,185597952,51.0300,626.42,0,0,1,89.49,0.00,990367744,0,0
10.3979,185597952,51.1800,774.22,0,0,1,96.78,0.00,990367744,0,0
10.4099,185597952,51.2700,747.22,0,0,1,93.40,0.00,990367744,0,0
10.4213,185597952,51.3500,702.33,0,0,1,87.79,0.00,990367744,0,0
10.4327,185597952,51.4300,704.82,0,0,1,88.10,0.00,990367744,0,0
10.4441,185597952,51.5200,789.62,0,0,1,87.74,0.00,990367744,0,0
10.4567,185597952,51.6400,949.37,0,0,1,148.34,0.00,990367744,0,0
10.4734,185597952,51.7300,538.09,0,0,1,52.31,0.00,990367744,0,0
10.4894,185597952,51.8800,940.13,0,0,1,117.52,0.00,990367744,0,0
10.5006,185597952,51.9900,978.07,0,0,1,111.14,0.00,990367744,0,0
10.5185,185597952,52.1300,782.58,0,0,1,111.80,0.00,990367744,0,0
10.5321,185597952,52.1800,369.15,0,0,1,36.91,0.00,990367744,0,0
10.5438,185597952,52.3100,1105.98,0,0,1,106.34,0.00,990367744,0,0
10.5566,185597952,52.4200,859.19,0,0,1,107.40,0.00,990367744,0,0
10.5690,185597952,52.5300,886.49,0,0,1,120.88,0.00,990367744,0,0
10.5829,185597952,52.6100,576.84,0,0,1,81.12,0.00,990367744,0,0
10.5947,185597952,52.7500,1192.51,0,0,1,170.36,0.00,990367744,0,0
10.6117,185597952,52.8500,585.15,0,0,1,58.51,0.00,990367744,0,0
10.6258,185597952,52.9400,639.04,0,0,1,71.00,0.00,990367744,0,0
10.6372,185597952,53.0600,1059.08,0,0,1,176.51,0.00,990367744,0,0
10.6540,185597952,53.1500,534.38,0,0,1,59.38,0.00,990367744,0,0
10.6684,185597952,53.3000,1043.20,0,0,1,139.09,0.00,990367744,0,0
10.6803,185597952,53.3800,672.71,0,0,1,84.09,0.00,990367744,0,0
10.6925,185597952,53.4600,655.44,0,0,1,81.93,0.00,990367744,0,0
10.7036,185597952,53.5400,717.16,0,0,1,179.29,0.00,990367744,0,0
10.7188,185597952,53.6900,989.34,0,0,1,65.96,0.00,990367744,0,0
10.7356,185597952,53.7800,536.42,0,0,1,59.60,0.00,990367744,0,0
10.7468,185597952,53.9000,1072.38,0,0,1,156.39,0.00,990367744,0,0
10.7580,185597952,54.0000,888.59,0,0,1,111.07,0.00,990367744,0,0
10.7694,185597952,54.0800,704.29,0,0,1,88.04,0.00,990367744,0,0
10.7806,185597952,54.1600,715.30,0,0,1,89.41,0.00,990367744,0,0
10.7918,185597952,54.2400,712.87,0,0,1,89.11,0.00,990367744,0,0
10.8030,185597952,54.3300,802.81,0,0,1,89.20,0.00,990367744,0,0
10.8142,185597952,54.4000,624.92,0,0,1,89.27,0.00,990367744,0,0
10.8251,185597952,54.4800,730.29,0,0,1,91.29,0.00,990367744,0,0
10.8363,185597952,54.5600,717.45,0,0,1,179.36,0.00,990367744,0,0
10.8489,185597952,54.7000,1114.59,0,0,1,79.61,0.00,990367744,0,0
10.8607,185597952,54.7800,678.12,0,0,1,84.76,0.00,990367744,0,0
10.8721,185597952,54.8600,701.23,0,0,1,87.65,0.00,990367744,0,0
10.8833,185597952,54.9500,801.41,0,0,1,89.05,0.00,990367744,0,0
10.8946,185597952,55.0400,798.67,0,0,1,177.48,0.00,990367744,0,0
10.9162,185597952,55.1800,646.81,0,0,1,75.08,0.00,990367744,0,0
10.9280,185597952,55.3300,1276.72,0,0,1,117.03,0.00,990367744,0,0
10.9498,185597952,55.4600,595.77,0,0,1,80.20,0.00,990367744,0,0
10.9698,185597952,55.6400,897.88,0,0,1,112.23,0.00,990367744,0,0
10.9812,185597952,55.7100,617.91,0,0,1,88.27,0.00,990367744,0,0
10.9929,185597952,55.8000,765.17,0,0,1,85.02,0.00,990367744,0,0
11.0047,185597952,55.8800,679.75,0,0,1,84.97,0.00,990367744,0,0
11.0174,185597952,56.0200,1097.54,0,0,1,156.79,0.00,990367744,0,0
11.0286,185597952,56.1100,803.76,0,0,1,89.31,0.00,990367744,0,0
11.0402,185597952,56.1900,688.95,0,0,1,86.12,0.00,990367744,0,0
11.0513,185597952,56.2700,724.81,0,0,1,90.60,0.00,990367744,0,0
11.0624,185597952,56.3500,719.11,0,0,1,89.89,0.00,990367744,0,0
11.0741,185597952,56.4300,686.24,0,0,1,85.78,0.00,990367744,0,0
11.0851,185597952,56.5100,722.12,0,0,1,90.26,0.00,990367744,0,0
11.0996,185597952,56.6600,1035.15,0,0,1,138.02,0.00,990367744,0,0
11.1107,185597952,56.7400,725.44,0,0,1,90.68,0.00,990367744,0,0
11.1239,185597952,56.8200,604.82,0,0,1,75.60,0.00,990367744,0,0
11.1351,185597952,56.9100,802.87,0,0,1,89.21,0.00,990367744,0,0
11.1506,185597952,57.0500,902.82,0,0,1,120.91,0.00,990367744,0,0
11.1630,185597952,57.1300,643.83,0,0,1,90.54,0.00,990367744,0,0
11.1896,185597952,57.3700,905.04,0,0,1,113.13,0.00,990367744,0,0
11.2150,185597952,57.5200,590.52,0,0,1,78.74,0.00,990367744,0,0
11.2308,185597952,57.6500,821.20,0,0,1,126.34,0.00,990367744,0,0
11.2512,185597952,57.8200,833.07,0,0,1,91.88,0.00,990367744,0,0
11.2722,185597952,57.9800,762.42,0,0,1,95.30,0.00,990367744,0,0
11.2883,185597952,58.1200,867.22,0,0,1,116.14,0.00,990367744,0,0
11.3040,185597952,58.2200,638.57,0,0,1,71.84,0.00,990367744,0,0
11.3198,185597952,58.3700,948.01,0,0,1,126.40,0.00,990367744,0,0
11.3357,185597952,58.4700,629.89,0,0,1,62.99,0.00,990367744,0,0
11.3515,185597952,58.6200,947.19,0,0,1,126.29,0.00,990367744,0,0
11.3674,185597952,58.7600,878.69,0,0,1,117.68,0.00,990367744,0,0
11.3835,185597952,58.8500,562.31,0,0,1,62.48,0.00,990367744,0,0
11.3995,185597952,58.9800,812.24,0,0,1,117.15,0.00,990367744,0,0
11.4206,185597952,59.1500,805.29,0,0,1,100.66,0.00,990367744,0,0
11.4355,185597952,59.2300,534.93,0,0,1,66.87,0.00,990367744,0,0
11.4514,185597952,59.3800,946.56,0,0,1,118.32,0.00,990367744,0,0
11.4674,185597952,59.5100,810.13,0,0,1,109.06,0.00,990367744,0,0
11.4837,185597952,59.6200,676.40,0,0,1,69.18,0.00,990367744,0,0
11.4996,185597952,59.7600,880.38,0,0,1,110.05,0.00,990367744,0,0
11.5154,185597952,59.8600,633.21,0,0,1,79.15,0.00,990367744,0,0
11.5311,185597952,60.0000,892.80,0,0,1,119.57,0.00,990367744,0,0
11.5472,185597952,60.1400,867.38,0,0,1,108.42,0.00,990367744,0,0
11.5635,185597952,60.2600,735.47,0,0,1,76.61,0.00,990367744,0,0
11.5792,185597952,60.3700,702.95,0,0,1,111.83,0.00,990367744,0,0
11.5950,185597952,60.4800,694.07,0,0,1,70.98,0.00,990367744,0,0
11.6108,185597952,60.6200,887.20,0,0,1,118.82,0.00,990367744,0,0
11.6267,185597952,60.7600,882.16,0,0,1,118.15,0.00,990367744,0,0
11.6425,185597952,60.8600,632.71,0,0,1,71.18,0.00,990367744,0,0
11.6582,185597952,61.0000,888.59,0,0,1,111.07,0.00,990367744,0,0
11.6742,185597952,61.1000,626.92,0,0,1,78.37,0.00,990367744,0,0
11.6903,185597952,61.2500,931.00,0,0,1,116.38,0.00,990367744,0,0
11.7060,185597952,61.3600,700.06,0,0,1,71.60,0.00,990367744,0,0
11.7221,185597952,61.4900,805.57,0,0,1,116.19,0.00,990367744,0,0
11.7380,185597952,61.6200,818.56,0,0,1,110.19,0.00,990367744,0,0
11.7537,185597952,61.7400,764.13,0,0,1,71.64,0.00,990367744,0,0
11.7694,185597952,61.8600,766.37,0,0,1,111.76,0.00,990367744,0,0
11.7854,185597952,61.9700,685.17,0,0,1,77.86,0.00,990367744,0,0
11.8015,185597952,62.1200,934.48,0,0,1,116.81,0.00,990367744,0,0
11.8174,185597952,62.2400,756.19,0,0,1,94.52,0.00,990367744,0,0
11.8334,185597952,62.3600,748.80,0,0,1,70.20,0.00,990367744,0,0
11.8491,185597952,62.4900,824.56,0,0,1,103.07,0.00,990367744,0,0
11.8652,185597952,62.6100,745.10,0,0,1,69.85,0.00,990367744,0,0
11.8810,185597952,62.7300,760.51,0,0,1,118.83,0.00,990367744,0,0
11.8970,185597952,62.8700,876.10,0,0,1,101.69,0.00,990367744,0,0
11.9134,185597952,62.9800,671.25,0,0,1,76.28,0.00,990367744,0,0
11.9297,185597952,63.1200,858.36,0,0,1,107.29,0.00,990367744,0,0
11.9454,185597952,63.2400,762.51,0,0,1,111.20,0.00,990367744,0,0
11.9614,185597952,63.3700,816.02,0,0,1,78.46,0.00,990367744,0,0
11.9774,185597952,63.5100,872.46,0,0,1,101.27,0.00,990367744,0,0
11.9937,185597952,63.6200,677.49,0,0,1,76.99,0.00,990367744,0,0
12.0097,185597952,63.7600,872.74,0,0,1,109.09,0.00,990367744,0,0
12.0258,185597952,63.8600,621.50,0,0,1,69.92,0.00,990367744,0,0
12.0417,185597952,64.0000,882.21,0,0,1,118.15,0.00,990367744,0,0
12.0576,185597952,64.1400,878.82,0,0,1,102.01,0.00,990367744,0,0
12.0734,185597952,64.2500,696.64,0,0,1,79.16,0.00,990367744,0,0
12.0892,185597952,64.3800,823.86,0,0,1,102.98,0.00,990367744,0,0
12.1051,185597952,64.4800,626.78,0,0,1,70.51,0.00,990367744,0,0
12.1209,185597952,64.6300,947.81,0,0,1,118.48,0.00,990367744,0,0
12.1367,185597952,64.7600,823.47,0,0,1,102.93,0.00,990367744,0,0
12.1527,185868288,64.8800,749.38,0,0,1,85.87,0.00,990625792,0,0
12.1674,185458688,65.0000,819.24,0,0,1,102.40,0.00,988524544,0,0
12.1878,185458688,65.1400,684.19,0,0,1,61.09,0.00,988524544,0,0
12.2039,184692736,65.2300,560.46,0,0,1,54.49,0.00,988782592,0,0
12.2198,184692736,65.3400,690.62,0,0,1,86.33,0.00,988782592,0,0
12.2358,184692736,65.4200,500.95,0,0,1,54.79,0.00,988782592,0,0
12.2518,184692736,65.5300,686.44,0,0,1,93.61,0.00,988782592,0,0
12.2676,184963072,65.6200,568.98,0,0,1,102.73,0.00,989040640,0,0
12.2830,185511936,65.7100,584.88,0,0,1,48.74,0.00,989298688,0,0
12.3018,184672256,65.8500,746.24,0,0,1,113.27,0.00,989298688,0,0
12.3178,184160256,65.9300,499.53,0,0,1,85.86,0.00,989556736,0,0
12.3333,184160256,65.9600,193.40,0,0,1,32.23,0.00,989556736,0,0
12.3459,184160256,66.0200,478.34,0,0,1,99.65,0.00,989556736,0,0
12.3588,184160256,66.1200,774.75,0,0,1,135.58,0.00,989556736,0,0
12.3823,184160256,66.1600,169.67,0,0,1,31.81,0.00,989556736,0,0
12.3952,184160256,66.2400,620.53,0,0,1,87.26,0.00,989556736,0,0
12.4125,184160256,66.2800,232.18,0,0,1,29.02,0.00,989556736,0,0
12.4242,184160256,66.3200,341.22,0,0,1,53.32,0.00,989556736,0,0
12.4360,184160256,66.3500,254.07,0,0,1,42.34,0.00,989556736,0,0
12.4475,184160256,66.4300,696.70,0,0,1,97.97,0.00,989556736,0,0
12.4587,184160256,66.4700,357.67,0,0,1,44.71,0.00,989556736,0,0
12.4699,184160256,66.5100,357.40,0,0,1,55.84,0.00,989556736,0,0
12.4811,184160256,66.5500,355.73,0,0,1,44.47,0.00,989556736,0,0
12.4924,184160256,66.5900,353.25,0,0,1,44.16,0.00,989556736,0,0
12.5037,184160256,66.6300,353.69,0,0,1,44.21,0.00,989556736,0,0
12.5148,184160256,66.6700,360.94,0,0,1,45.12,0.00,989556736,0,0
12.5263,184160256,66.7100,349.69,0,0,1,98.35,0.00,989556736,0,0
12.5376,184160256,66.7900,704.75,0,0,1,44.05,0.00,989556736,0,0
12.5488,184160256,66.8300,356.42,0,0,1,44.55,0.00,989556736,0,0
12.5603,184160256,66.8700,348.72,0,0,1,43.59,0.00,989556736,0,0
12.5728,184160256,66.9200,399.22,0,0,1,39.92,0.00,989556736,0,0
12.5847,184160256,66.9500,252.94,0,0,1,52.70,0.00,989556736,0,0
12.5960,184160256,66.9900,352.79,0,0,1,55.12,0.00,989556736,0,0
12.6075,184160256,67.0700,697.07,0,0,1,119.81,0.00,989556736,0,0
12.6186,184160256,67.1100,360.53,0,0,1,45.07,0.00,989556736,0,0
12.6300,184160256,67.1600,439.25,0,0,1,43.93,0.00,989556736,0,0
12.6414,184160256,67.1900,263.56,0,0,1,43.93,0.00,989556736,0,0
12.6523,184160256,67.2300,365.14,0,0,1,45.64,0.00,989556736,0,0
12.6633,184160256,67.2700,363.90,0,0,1,45.49,0.00,989556736,0,0
12.6748,184160256,67.3100,348.08,0,0,1,43.51,0.00,989556736,0,0
12.6860,184160256,67.3500,358.09,0,0,1,44.76,0.00,989556736,0,0
12.6974,184160256,67.4300,697.26,0,0,1,98.05,0.00,989556736,0,0
12.7087,184160256,67.4700,356.44,0,0,1,44.56,0.00,989556736,0,0
12.7198,184160256,67.5100,360.47,0,0,1,45.06,0.00,989556736,0,0
12.7308,184160256,67.5500,361.43,0,0,1,45.18,0.00,989556736,0,0
12.7420,184160256,67.5900,357.30,0,0,1,44.66,0.00,989556736,0,0
12.7530,184160256,67.6300,363.95,0,0,1,45.49,0.00,989556736,0,0
12.7643,184160256,67.6700,352.99,0,0,1,44.12,0.00,989556736,0,0
12.7758,184160256,67.7100,348.37,0,0,1,43.55,0.00,989556736,0,0
12.7870,184160256,67.7900,713.11,0,0,1,100.28,0.00,989556736,0,0
12.7985,184160256,67.8600,610.67,0,0,1,87.24,0.00,989556736,0,0
12.8098,182435840,67.9100,442.29,0,0,1,44.23,0.00,990072832,0,0
12.8210,182435840,67.9500,356.11,0,0,1,44.51,0.00,990072832,0,0
12.8325,182435840,67.9900,348.02,0,0,1,43.50,0.00,990072832,0,0
12.8435,182435840,68.0300,365.37,0,0,1,45.67,0.00,990072832,0,0
12.8555,182435840,68.0700,332.88,0,0,1,41.61,0.00,990072832,0,0
12.8669,182435840,68.1500,700.30,0,0,1,87.54,0.00,990072832,0,0
12.8786,182435840,68.1900,342.51,0,0,1,42.81,0.00,990072832,0,0
12.8954,182435840,68.2500,357.81,0,0,1,29.82,0.00,990072832,0,0
12.9069,180846592,68.3400,781.21,0,0,1,130.20,0.00,989986816,0,0
12.9179,180846592,68.4100,634.72,0,0,1,68.01,0.00,989986816,0,0
12.9292,179089408,68.4600,441.87,0,0,1,44.19,0.00,988123136,0,0
12.9404,179089408,68.5000,357.16,0,0,1,44.64,0.00,988123136,0,0
12.9514,179089408,68.5400,365.58,0,0,1,57.12,0.00,988123136,0,0
12.9626,179089408,68.5800,356.81,0,0,1,44.60,0.00,987521024,0,0
12.9737,179089408,68.6200,358.77,0,0,1,44.85,0.00,987521024,0,0
12.9848,179089408,68.6600,360.64,0,0,1,45.08,0.00,987492352,0,0
12.9959,179089408,68.7000,360.21,0,0,1,45.03,0.00,987492352,0,0
13.0073,179089408,68.7800,706.40,0,0,1,99.34,0.00,987492352,0,0
13.0185,179359744,68.8400,532.36,0,0,1,88.73,0.00,987750400,0,0
13.0297,179109888,68.8800,357.91,0,0,1,33.55,0.00,988008448,0,0
13.0410,179109888,68.9100,266.15,0,0,1,33.27,0.00,988008448,0,0
13.0520,179109888,68.9400,271.22,0,0,1,33.90,0.00,988008448,0,0
13.0636,178601984,69.0000,519.31,0,0,1,75.73,0.00,988266496,0,0
13.0748,178601984,69.0200,178.76,0,0,1,22.35,0.00,988266496,0,0
13.0858,178601984,69.0400,181.01,0,0,1,22.63,0.00,988266496,0,0
13.0969,178601984,69.0900,452.22,0,0,1,90.44,0.00,988524544,0,0
13.1081,178024448,69.1200,268.08,0,0,1,22.34,0.00,989040640,0,0
13.1190,178024448,69.1300,91.38,0,0,1,22.84,0.00,989040640,0,0
13.1300,178024448,69.1400,91.41,0,0,1,22.85,0.00,989040640,0,0
13.1409,178024448,69.1500,91.37,0,0,1,22.84,0.00,989040640,0,0
13.1519,178024448,69.1600,91.33,0,0,1,11.42,0.00,989040640,0,0
13.1631,178024448,69.1700,89.26,0,0,1,11.16,0.00,989040640,0,0
13.1741,178024448,69.1800,90.47,0,0,1,22.62,0.00,989040640,0,0
13.1851,178024448,69.1900,91.29,0,0,1,22.82,0.00,989040640,0,0
13.1961,178024448,69.2000,90.39,0,0,1,22.60,0.00,989040640,0,0
13.2088,178565120,69.2400,315.08,0,0,1,98.46,0.00,989040640,0,0
13.2202,178565120,69.2800,350.51,0,0,1,43.81,0.00,989040640,0,0
13.2311,178565120,69.3200,366.54,0,0,1,45.82,0.00,989040640,0,0
13.2424,178565120,69.3600,355.86,0,0,1,44.48,0.00,989040640,0,0
13.2536,178565120,69.4000,355.22,0,0,1,44.40,0.00,989040640,0,0
13.2649,178565120,69.4400,355.87,0,0,1,44.48,0.00,989040640,0,0
13.2762,178565120,69.4800,353.53,0,0,1,77.33,0.00,989040640,0,0
13.2879,178565120,69.5600,686.53,0,0,1,64.36,0.00,989040640,0,0
13.2993,178565120,69.6000,349.11,0,0,1,43.64,0.00,989040640,0,0
13.3107,178565120,69.6400,351.13,0,0,1,43.89,0.00,989040640,0,0
13.3231,178565120,69.6800,323.37,0,0,1,40.42,0.00,989040640,0,0
13.3345,178565120,69.7200,351.58,0,0,1,43.95,0.00,989040640,0,0
13.3457,178565120,69.7600,355.85,0,0,1,44.48,0.00,989040640,0,0
13.3570,178565120,69.8400,705.02,0,0,1,99.14,0.00,989040640,0,0
13.3682,178565120,69.8800,357.84,0,0,1,55.91,0.00,989040640,0,0
13.3795,178565120,69.9200,355.96,0,0,1,44.50,0.00,989040640,0,0
13.3909,178565120,69.9600,350.30,0,0,1,43.79,0.00,989040640,0,0
13.4025,178565120,70.0000,344.52,0,0,1,53.83,0.00,989040640,0,0
13.4137,178565120,70.0400,355.23,0,0,1,55.50,0.00,989040640,0,0
13.4251,178565120,70.0800,351.98,0,0,1,55.00,0.00,989040640,0,0
13.4363,178565120,70.1200,357.63,0,0,1,111.76,0.00,989040640,0,0
13.4477,178565120,70.1900,613.56,0,0,1,32.87,0.00,989040640,0,0
13.4590,178565120,70.2400,441.54,0,0,1,55.19,0.00,989040640,0,0
13.4703,178565120,70.2800,353.88,0,0,1,55.29,0.00,989040640,0,0
13.4817,178565120,70.3200,351.66,0,0,1,54.95,0.00,989040640,0,0
13.4929,178565120,70.3600,356.95,0,0,1,55.77,0.00,989040640,0,0
13.5048,178565120,70.4000,336.95,0,0,1,42.12,0.00,989040640,0,0
13.5161,178565120,70.4400,353.75,0,0,1,66.33,0.00,989040640,0,0
13.5276,178565120,70.5200,695.34,0,0,1,86.92,0.00,989040640,0,0
13.5390,178565120,70.5600,350.76,0,0,1,43.85,0.00,989040640,0,0
13.5501,178565120,70.6000,358.90,0,0,1,44.86,0.00,989040640,0,0
13.5613,178565120,70.6400,357.71,0,0,1,44.71,0.00,989040640,0,0
13.5726,178565120,70.6800,353.36,0,0,1,44.17,0.00,989040640,0,0
13.5836,178565120,70.7200,365.34,0,0,1,45.67,0.00,989040640,0,0
13.5950,178565120,70.7600,349.19,0,0,1,43.65,0.00,989040640,0,0
13.6065,178565120,70.8400,700.68,0,0,1,98.53,0.00,989040640,0,0
13.6180,178565120,70.8800,347.99,0,0,1,43.50,0.00,989040640,0,0
13.6292,178565120,70.9200,354.90,0,0,1,44.36,0.00,989040640,0,0
13.6404,178565120,70.9600,359.66,0,0,1,44.96,0.00,989040640,0,0
13.6515,178565120,71.0000,360.28,0,0,1,45.03,0.00,989040640,0,0
13.6628,178565120,71.0400,352.81,0,0,1,44.10,0.00,989040640,0,0
13.6745,179888128,71.1100,597.70,0,0,1,85.39,0.00,989556736,0,0
13.6857,176992256,71.1500,357.47,0,0,1,55.86,0.00,989556736,0,0
13.6967,176992256,71.2300,728.13,0,0,1,125.15,0.00,989556736,0,0
13.7079,176992256,71.2600,267.72,0,0,1,33.46,0.00,989556736,0,0
13.7190,176992256,71.3100,447.99,0,0,1,67.20,0.00,989556736,0,0
13.7300,176992256,71.3500,366.36,0,0,1,45.80,0.00,989556736,0,0
13.7412,176992256,71.3900,355.82,0,0,1,44.48,0.00,989556736,0,0
13.7523,176992256,71.4300,362.25,0,0,1,45.28,0.00,989556736,0,0
13.7635,176992256,71.4700,355.38,0,0,1,44.42,0.00,989556736,0,0
13.7748,176992256,71.5100,354.29,0,0,1,44.29,0.00,989556736,0,0
13.7860,176992256,71.5500,356.69,0,0,1,44.59,0.00,989556736,0,0
13.7973,176992256,71.6300,711.13,0,0,1,100.00,0.00,989556736,0,0
13.8084,176992256,71.6700,359.57,0,0,1,44.95,0.00,989556736,0,0
13.8195,176992256,71.7100,358.77,0,0,1,44.85,0.00,989556736,0,0
13.8306,176992256,71.7500,361.99,0,0,1,45.25,0.00,989556736,0,0
13.8419,176197632,71.8200,620.10,0,0,1,33.22,0.00,990072832,0,0
13.8533,176652288,71.8700,438.99,0,0,1,76.82,0.00,990072832,0,0
13.8646,174080000,71.9000,265.25,0,0,1,77.36,0.00,990072832,0,0
13.8757,174080000,71.9400,360.72,0,0,1,45.09,0.00,990072832,0,0
13.8871,174080000,72.0200,697.56,0,0,1,108.99,0.00,990072832,0,0
13.8983,174080000,72.0600,356.70,0,0,1,44.59,0.00,990072832,0,0
13.9094,174080000,72.1000,362.01,0,0,1,45.25,0.00,990072832,0,0
13.9215,174080000,72.1400,330.07,0,0,1,41.26,0.00,990072832,0,0
13.9329,174080000,72.1800,351.68,0,0,1,43.96,0.00,990072832,0,0
13.9442,174080000,72.2200,352.20,0,0,1,44.02,0.00,990072832,0,0
13.9554,174080000,72.2600,358.02,0,0,1,44.75,0.00,990072832,0,0
13.9668,174080000,72.3400,705.74,0,0,1,99.24,0.00,990072832,0,0
13.9780,174080000,72.3800,356.37,0,0,1,44.55,0.00,990072832,0,0
13.9891,174080000,72.4200,358.09,0,0,1,44.76,0.00,990072832,0,0
14.0003,174080000,72.4600,357.25,0,0,1,44.66,0.00,990072832,0,0
14.0112,174080000,72.5000,367.57,0,0,1,45.95,0.00,990072832,0,0
14.0223,174080000,72.5400,361.44,0,0,1,45.18,0.00,990072832,0,0
14.0333,174080000,72.5800,363.00,0,0,1,45.37,0.00,990072832,0,0
14.0444,174080000,72.6200,360.55,0,0,1,45.07,0.00,990072832,0,0
14.0556,174080000,72.6600,358.78,0,0,1,44.85,0.00,990072832,0,0
14.0667,174080000,72.7400,719.53,0,0,1,101.18,0.00,990072832,0,0
14.0777,174080000,72.7700,271.51,0,0,1,33.94,0.00,990072832,0,0
14.0891,174080000,72.8200,440.69,0,0,1,55.09,0.00,990072832,0,0
14.1002,174080000,72.8600,360.87,0,0,1,45.11,0.00,990072832,0,0
14.1114,174080000,72.9000,356.96,0,0,1,44.62,0.00,990072832,0,0
14.1225,174080000,72.9400,359.06,0,0,1,44.88,0.00,990072832,0,0
14.1338,174080000,72.9800,353.03,0,0,1,44.13,0.00,990072832,0,0
14.1449,174080000,73.0200,362.21,0,0,1,45.28,0.00,990072832,0,0
14.1562,174080000,73.0600,352.73,0,0,1,99.21,0.00,990072832,0,0
14.1677,174080000,73.1400,698.84,0,0,1,43.68,0.00,990072832,0,0
14.1790,174080000,73.1800,354.20,0,0,1,44.28,0.00,990072832,0,0
14.1902,174080000,73.2200,354.41,0,0,1,44.30,0.00,990072832,0,0
14.2018,174080000,73.2600,347.05,0,0,1,43.38,0.00,990072832,0,0
14.2133,174080000,73.3000,346.36,0,0,1,43.30,0.00,990072832,0,0
14.2246,174080000,73.3400,355.87,0,0,1,44.48,0.00,990072832,0,0
14.2359,174080000,73.3800,353.97,0,0,1,44.25,0.00,990072832,0,0
14.2474,174080000,73.4600,694.29,0,0,1,97.64,0.00,990072832,0,0
14.2588,174080000,73.5000,351.27,0,0,1,43.91,0.00,990072832,0,0
14.2704,174080000,73.5400,342.85,0,0,1,42.86,0.00,990072832,0,0
14.2818,174080000,73.5800,351.47,0,0,1,43.93,0.00,990072832,0,0
14.2930,174080000,73.6200,359.00,0,0,1,44.88,0.00,990072832,0,0
14.3047,174080000,73.6600,339.32,0,0,1,42.41,0.00,990072832,0,0
14.3163,174080000,73.7000,347.13,0,0,1,43.39,0.00,990072832,0,0
14.3275,174080000,73.7800,709.10,0,0,1,99.72,0.00,990072832,0,0
14.3389,174080000,73.8200,352.28,0,0,1,44.03,0.00,990072832,0,0
14.3498,174080000,73.8600,366.71,0,0,1,45.84,0.00,990072832,0,0
14.3608,174080000,73.9000,363.71,0,0,1,45.46,0.00,990072832,0,0
14.3721,174080000,73.9400,354.63,0,0,1,55.41,0.00,990072832,0,0
14.3834,174080000,73.9800,352.60,0,0,1,55.09,0.00,990072832,0,0
14.3946,174080000,74.0200,356.61,0,0,1,55.72,0.00,990072832,0,0
14.4062,174080000,74.0600,346.68,0,0,1,54.17,0.00,990072832,0,0
14.4175,174080000,74.1400,709.40,0,0,1,121.93,0.00,990072832,0,0
14.4286,174080000,74.1800,357.99,0,0,1,44.75,0.00,990072832,0,0
14.4396,174080000,74.2200,363.78,0,0,1,45.47,0.00,990072832,0,0
14.4508,174080000,74.2600,356.50,0,0,1,44.56,0.00,990072832,0,0
14.4622,174080000,74.3100,441.33,0,0,1,55.17,0.00,990072832,0,0
14.4733,174080000,74.3400,268.96,0,0,1,22.41,0.00,990072832,0,0
14.4845,174080000,74.3500,89.32,0,0,1,11.16,0.00,990072832,0,0
14.4955,174080000,74.3700,181.59,0,0,1,22.70,0.00,990072832,0,0
14.5067,174080000,74.4400,627.57,0,0,1,112.07,0.00,990072832,0,0
14.5178,174080000,74.4800,360.10,0,0,1,45.01,0.00,990072832,0,0
14.5290,174080000,74.5200,358.02,0,0,1,55.94,0.00,990072832,0,0
14.5401,174080000,74.5600,358.48,0,0,1,44.81,0.00,990072832,0,0
14.5511,174080000,74.6000,363.73,0,0,1,56.83,0.00,990072832,0,0
14.5624,174080000,74.6400,353.75,0,0,1,44.22,0.00,990072832,0,0
14.5738,174080000,74.6800,351.64,0,0,1,54.94,0.00,990072832,0,0
14.5848,174080000,74.7200,365.27,0,0,1,45.66,0.00,990072832,0,0
14.5963,174080000,74.7600,347.95,0,0,1,108.73,0.00,990072832,0,0
14.6076,174080000,74.8400,705.75,0,0,1,55.14,0.00,990072832,0,0
14.6188,174080000,74.8800,355.62,0,0,1,44.45,0.00,990072832,0,0
14.6302,174080000,74.9200,352.94,0,0,1,44.12,0.00,990072832,0,0
14.6415,174080000,74.9600,354.12,0,0,1,55.33,0.00,990072832,0,0
14.6528,174080000,75.0000,352.79,0,0,1,44.10,0.00,990072832,0,0
14.6641,174080000,75.0400,354.85,0,0,1,55.45,0.00,990072832,0,0
14.6753,174080000,75.0800,355.62,0,0,1,44.45,0.00,990072832,0,0
14.6877,174080000,75.1600,648.34,0,0,1,101.30,0.00,990072832,0,0
14.6985,174080000,75.2000,368.53,0,0,1,46.07,0.00,990072832,0,0
14.7097,174080000,75.2400,357.87,0,0,1,44.73,0.00,990072832,0,0
14.7213,174080000,75.2800,343.72,0,0,1,42.97,0.00,990072832,0,0
14.7322,174080000,75.3200,367.69,0,0,1,45.96,0.00,990072832,0,0
14.7434,174080000,75.3600,357.56,0,0,1,44.69,0.00,990072832,0,0
14.7548,174080000,75.4000,350.96,0,0,1,43.87,0.00,990072832,0,0
14.7660,174080000,75.4400,358.59,0,0,1,44.82,0.00,990072832,0,0
14.7772,174080000,75.5200,711.81,0,0,1,100.10,0.00,990072832,0,0
14.7889,174080000,75.5600,340.83,0,0,1,42.60,0.00,990072832,0,0
14.8000,174080000,75.6000,361.11,0,0,1,45.14,0.00,990072832,0,0
14.8114,174080000,75.6400,351.75,0,0,1,43.97,0.00,990072832,0,0
14.8226,174080000,75.6800,355.14,0,0,1,44.39,0.00,990072832,0,0
14.8337,174080000,75.7200,363.44,0,0,1,45.43,0.00,990072832,0,0
14.8448,174080000,75.7600,358.03,0,0,1,44.75,0.00,990072832,0,0
14.8559,174080000,75.8000,360.74,0,0,1,45.09,0.00,990072832,0,0
14.8669,174080000,75.8800,727.48,0,0,1,90.93,0.00,990072832,0,0
14.8778,174080000,75.9200,366.28,0,0,1,45.79,0.00,990072832,0,0
14.8891,174080000,75.9600,355.25,0,0,1,44.41,0.00,990072832,0,0
14.9001,174080000,76.0000,362.25,0,0,1,56.60,0.00,990072832,0,0
14.9113,174080000,76.0400,358.77,0,0,1,56.06,0.00,990072832,0,0
14.9224,174080000,76.0800,359.70,0,0,1,56.20,0.00,990072832,0,0
14.9337,174080000,76.1200,353.87,0,0,1,44.23,0.00,990072832,0,0
14.9450,174080000,76.1600,353.24,0,0,1,44.16,0.00,990072832,0,0
14.9564,174080000,76.2300,615.90,0,0,1,98.98,0.00,990072832,0,0
14.9679,174080000,76.2700,347.98,0,0,1,43.50,0.00,990072832,0,0
14.9793,174080000,76.3200,436.82,0,0,1,43.68,0.00,990072832,0,0
14.9908,174080000,76.3600,348.27,0,0,1,43.53,0.00,990072832,0,0
15.0021,174080000,76.3900,266.75,0,0,1,44.46,0.00,990072832,0,0
15.0135,174080000,76.4400,436.43,0,0,1,43.64,0.00,990072832,0,0
15.0252,174080000,76.4800,342.29,0,0,1,42.79,0.00,990072832,0,0
15.0366,174080000,76.5600,700.57,0,0,1,98.52,0.00,990072832,0,0
15.0480,174080000,76.6000,350.71,0,0,1,43.84,0.00,990072832,0,0
15.0594,174080000,76.6300,264.58,0,0,1,44.10,0.00,990072832,0,0
15.0710,174080000,76.6800,428.29,0,0,1,42.83,0.00,990072832,0,0
15.0824,174080000,76.7200,351.62,0,0,1,43.95,0.00,990072832,0,0
15.0937,174080000,76.7500,265.43,0,0,1,44.24,0.00,990072832,0,0
15.1054,174080000,76.8000,429.42,0,0,1,96.62,0.00,990072832,0,0
15.1178,174080000,76.8700,563.36,0,0,1,40.24,0.00,990072832,0,0
15.1291,174080000,76.9200,440.32,0,0,1,44.03,0.00,990072832,0,0
15.1407,174080000,76.9600,347.48,0,0,1,43.44,0.00,990072832,0,0
15.1521,174080000,77.0000,348.89,0,0,1,43.61,0.00,990072832,0,0
15.1635,174080000,77.0200,175.74,0,0,1,21.97,0.00,990072832,0,0
15.1750,174080000,77.0700,436.26,0,0,1,54.53,0.00,990072832,0,0
15.1876,174080000,77.1400,552.25,0,0,1,69.03,0.00,990072832,0,0
15.1991,174080000,77.1900,435.89,0,0,1,43.59,0.00,990072832,0,0
15.2106,174080000,77.2200,261.67,0,0,1,32.71,0.00,990072832,0,0
15.2222,174080000,77.2700,431.55,0,0,1,53.94,0.00,990072832,0,0
15.2341,174080000,77.3200,419.33,0,0,1,52.42,0.00,990072832,0,0
15.2458,174080000,77.3600,341.75,0,0,1,42.72,0.00,990072832,0,0
15.2573,174080000,77.4400,697.71,0,0,1,98.11,0.00,990072832,0,0
15.2687,174080000,77.4800,348.44,0,0,1,43.55,0.00,990072832,0,0
15.2803,174080000,77.5100,260.53,0,0,1,43.42,0.00,990072832,0,0
15.2917,174080000,77.5600,436.00,0,0,1,43.60,0.00,990072832,0,0
15.3031,174080000,77.6000,351.35,0,0,1,43.92,0.00,990072832,0,0
15.3144,174080000,77.6400,353.85,0,0,1,44.23,0.00,990072832,0,0
15.3262,174080000,77.7200,676.94,0,0,1,95.19,0.00,990072832,0,0
15.3380,174080000,77.7600,341.16,0,0,1,42.65,0.00,990072832,0,0
15.3494,174080000,77.8000,349.67,0,0,1,43.71,0.00,990072832,0,0
15.3608,174080000,77.8400,349.67,0,0,1,43.71,0.00,990072832,0,0
15.3724,174080000,77.8800,346.61,0,0,1,43.33,0.00,990072832,0,0
15.3838,174080000,77.9200,349.29,0,0,1,43.66,0.00,990072832,0,0
15.3954,174080000,77.9600,347.02,0,0,1,43.38,0.00,990072832,0,0
15.4067,174080000,78.0400,704.90,0,0,1,99.13,0.00,990072832,0,0
15.4182,174080000,78.0800,348.85,0,0,1,43.61,0.00,990072832,0,0
15.4296,174080000,78.1200,348.64,0,0,1,43.58,0.00,990072832,0,0
15.4410,174080000,78.1600,350.75,0,0,1,43.84,0.00,990072832,0,0
15.4526,174080000,78.2000,346.34,0,0,1,43.29,0.00,990072832,0,0
15.4642,174080000,78.2400,344.51,0,0,1,53.83,0.00,990072832,0,0
15.4756,174080000,78.2800,351.66,0,0,1,98.90,0.00,990072832,0,0
15.4881,174080000,78.3600,639.16,0,0,1,49.93,0.00,990072832,0,0
15.4994,174080000,78.4000,353.28,0,0,1,55.20,0.00,990072832,0,0
15.5109,174080000,78.4400,349.03,0,0,1,43.63,0.00,990072832,0,0
15.5224,174080000,78.4800,347.46,0,0,1,54.29,0.00,990072832,0,0
15.5341,174080000,78.5200,341.10,0,0,1,42.64,0.00,990072832,0,0
15.5456,174080000,78.5600,348.22,0,0,1,43.53,0.00,990072832,0,0
15.5570,174080000,78.6400,699.36,0,0,1,98.35,0.00,990072832,0,0
15.5684,174080000,78.6800,351.05,0,0,1,43.88,0.00,990072832,0,0
15.5799,174080000,78.7200,349.33,0,0,1,43.67,0.00,990072832,0,0
15.5910,174080000,78.7600,359.79,0,0,1,44.97,0.00,990072832,0,0
15.6029,174080000,78.8000,334.90,0,0,1,41.86,0.00,990072832,0,0
15.6149,174080000,78.8400,333.91,0,0,1,41.74,0.00,990072832,0,0
15.6264,174080000,78.9100,609.24,0,0,1,87.03,0.00,990072832,0,0
15.6385,174080000,78.9600,413.83,0,0,1,62.07,0.00,990072832,0,0
15.6500,174080000,79.0000,346.34,0,0,1,43.29,0.00,990072832,0,0
15.6616,174080000,79.0400,347.68,0,0,1,54.32,0.00,990072832,0,0
15.6731,174080000,79.0800,346.47,0,0,1,54.14,0.00,990072832,0,0
15.6848,174080000,79.1200,341.13,0,0,1,53.30,0.00,990072832,0,0
15.6969,174080000,79.2000,663.92,0,0,1,103.74,0.00,990072832,0,0
15.7084,174080000,79.2400,347.17,0,0,1,65.09,0.00,990072832,0,0
15.7199,174080000,79.2800,348.47,0,0,1,54.45,0.00,990072832,0,0
15.7314,174080000,79.3200,347.98,0,0,1,43.50,0.00,990072832,0,0
15.7432,174080000,79.3600,339.12,0,0,1,52.99,0.00,990072832,0,0
15.7550,174080000,79.4000,338.66,0,0,1,52.92,0.00,990072832,0,0
15.7661,174080000,79.4400,358.10,0,0,1,55.95,0.00,990072832,0,0
15.7773,174080000,79.5200,718.37,0,0,1,123.47,0.00,990072832,0,0
15.7887,174080000,79.5600,351.87,0,0,1,54.98,0.00,990072832,0,0
15.7998,174080000,79.6000,358.26,0,0,1,44.78,0.00,990072832,0,0
15.8111,174080000,79.6400,355.07,0,0,1,55.48,0.00,990072832,0,0
15.8227,174080000,79.6800,345.39,0,0,1,53.97,0.00,990072832,0,0
15.8342,174080000,79.7200,347.05,0,0,1,43.38,0.00,990072832,0,0
15.8457,174080000,79.7600,347.51,0,0,1,54.30,0.00,990072832,0,0
15.8573,174080000,79.8400,691.75,0,0,1,118.89,0.00,990072832,0,0
15.8687,174080000,79.8800,350.39,0,0,1,54.75,0.00,990072832,0,0
15.8797,174080000,79.9200,363.11,0,0,1,45.39,0.00,990072832,0,0
15.8906,174080000,79.9600,365.33,0,0,1,57.08,0.00,990072832,0,0
15.9021,174080000,80.0000,348.99,0,0,1,54.53,0.00,990072832,0,0
15.9138,174080000,80.0400,343.39,0,0,1,53.66,0.00,990072832,0,0
15.9249,174080000,80.0800,360.16,0,0,1,56.27,0.00,990072832,0,0
15.9369,174080000,80.1600,665.23,0,0,1,103.94,0.00,990072832,0,0
15.9482,174080000,80.2000,353.63,0,0,1,55.25,0.00,990072832,0,0
15.9597,174080000,80.2400,349.10,0,0,1,54.55,0.00,990072832,0,0
15.9714,174080000,80.2800,341.36,0,0,1,53.34,0.00,990072832,0,0
15.9826,174080000,80.3200,357.17,0,0,1,55.81,0.00,990072832,0,0
15.9938,174080000,80.3600,356.91,0,0,1,55.77,0.00,990072832,0,0
16.0047,174080000,80.4000,366.27,0,0,1,57.23,0.00,990072832,0,0
16.0156,174080000,80.4400,365.72,0,0,1,57.14,0.00,990072832,0,0
16.0273,174080000,80.5100,601.38,0,0,1,96.65,0.00,990072832,0,0
16.0387,174080000,80.5600,439.32,0,0,1,65.90,0.00,990072832,0,0
16.0498,174080000,80.6000,359.62,0,0,1,44.95,0.00,990072832,0,0
16.0613,174080000,80.6400,346.89,0,0,1,54.20,0.00,990072832,0,0
16.0724,174080000,80.6800,362.27,0,0,1,56.60,0.00,990072832,0,0
16.0836,174080000,80.7200,354.88,0,0,1,55.45,0.00,990072832,0,0
16.0947,174080000,80.7600,361.82,0,0,1,56.54,0.00,990072832,0,0
16.1059,174080000,80.8000,355.13,0,0,1,44.39,0.00,990072832,0,0
16.1170,174080000,80.8800,726.74,0,0,1,90.84,0.00,990072832,0,0
16.1282,174080000,80.9200,354.17,0,0,1,44.27,0.00,990072832,0,0
16.1396,174080000,80.9600,352.65,0,0,1,44.08,0.00,990072832,0,0
16.1507,174080000,81.0000,359.39,0,0,1,44.92,0.00,990072832,0,0
16.1621,174080000,81.0400,350.24,0,0,1,43.78,0.00,990072832,0,0
16.1735,174080000,81.0800,351.84,0,0,1,43.98,0.00,990072832,0,0
16.1851,174080000,81.1200,344.09,0,0,1,43.01,0.00,990072832,0,0
16.1962,174080000,81.1600,361.32,0,0,1,101.62,0.00,990072832,0,0
16.2077,174080000,81.2400,693.72,0,0,1,43.36,0.00,990072832,0,0
16.2202,174080000,81.2800,321.31,0,0,1,40.16,0.00,990072832,0,0
16.2313,174080000,81.3200,359.39,0,0,1,56.15,0.00,990072832,0,0
16.2429,174080000,81.3600,343.84,0,0,1,42.98,0.00,990072832,0,0
16.2546,174080000,81.4000,342.64,0,0,1,42.83,0.00,990072832,0,0
16.2657,174080000,81.4400,359.88,0,0,1,56.23,0.00,990072832,0,0
16.2774,174080000,81.5200,686.40,0,0,1,96.52,0.00,990072832,0,0
16.2888,174080000,81.5600,351.41,0,0,1,43.93,0.00,990072832,0,0
16.3000,174080000,81.6000,354.77,0,0,1,44.35,0.00,990072832,0,0
16.3115,174080000,81.6400,350.10,0,0,1,43.76,0.00,990072832,0,0
16.3227,174080000,81.6800,355.26,0,0,1,55.51,0.00,990072832,0,0
16.3339,174080000,81.7200,358.32,0,0,1,55.99,0.00,990072832,0,0
16.3451,174080000,81.7600,358.49,0,0,1,56.01,0.00,990072832,0,0
16.3560,174080000,81.8000,366.91,0,0,1,57.33,0.00,990072832,0,0
16.3669,174080000,81.8800,732.53,0,0,1,103.01,0.00,990072832,0,0
16.3779,174080000,81.9200,363.01,0,0,1,45.38,0.00,990072832,0,0
16.3893,174080000,81.9600,351.12,0,0,1,43.89,0.00,990072832,0,0
16.4002,174080000,82.0000,365.55,0,0,1,45.69,0.00,990072832,0,0
16.4116,174080000,82.0400,352.90,0,0,1,44.11,0.00,990072832,0,0
16.4228,174080000,82.0800,356.76,0,0,1,44.59,0.00,990072832,0,0
16.4337,174080000,82.1200,365.17,0,0,1,45.65,0.00,990072832,0,0
16.4449,174080000,82.1600,358.25,0,0,1,44.78,0.00,990072832,0,0
16.4558,174080000,82.2000,366.51,0,0,1,57.27,0.00,990072832,0,0
16.4666,174080000,82.2700,647.16,0,0,1,104.01,0.00,990072832,0,0
16.4777,174080000,82.3000,271.82,0,0,1,33.98,0.00,990072832,0,0
16.4886,174080000,82.3300,274.85,0,0,1,22.90,0.00,990072832,0,0
16.4997,174080000,82.3500,180.37,0,0,1,22.55,0.00,990072832,0,0
16.5111,173182976,82.3900,350.13,0,0,1,21.88,0.00,990072832,0,0
16.5221,173182976,82.4000,90.92,0,0,1,11.37,0.00,990072832,0,0
16.5331,173182976,82.4100,91.22,0,0,1,22.81,0.00,990072832,0,0
16.5440,173182976,82.4200,91.68,0,0,1,11.46,0.00,990072832,0,0
16.5549,173182976,82.4300,91.71,0,0,1,22.93,0.00,990072832,0,0
16.5658,173182976,82.4400,91.23,0,0,1,11.40,0.00,990072832,0,0
16.5769,173182976,82.4600,180.91,0,0,1,56.54,0.00,990072832,0,0
16.5879,173182976,82.4700,90.63,0,0,1,11.33,0.00,990072832,0,0
16.5990,173182976,82.4800,90.29,0,0,1,22.57,0.00,990072832,0,0
16.6101,173182976,82.5000,179.92,0,0,1,22.49,0.00,990072832,0,0
16.6215,173182976,82.5200,175.08,0,0,1,21.89,0.00,990072832,0,0
16.6328,173182976,82.5300,88.80,0,0,1,11.10,0.00,990072832,0,0
16.6439,173182976,82.5400,90.34,0,0,1,11.29,0.00,990072832,0,0
16.6554,173182976,82.5500,86.90,0,0,1,10.86,0.00,990072832,0,0
16.6668,173182976,82.5700,175.46,0,0,1,32.90,0.00,990072832,0,0
16.6781,173182976,82.5800,88.55,0,0,1,11.07,0.00,990072832,0,0
16.6895,173182976,82.5900,87.45,0,0,1,10.93,0.00,990072832,0,0
16.7010,173182976,82.6000,86.80,0,0,1,10.85,0.00,990072832,0,0
16.7121,173182976,82.6100,89.96,0,0,1,11.25,0.00,990072832,0,0
16.7239,173182976,82.6300,170.13,0,0,1,10.63,0.00,990072832,0,0
16.7358,173182976,82.6500,167.54,0,0,1,41.89,0.00,990072832,0,0
16.7472,173182976,82.7300,700.31,0,0,1,98.48,0.00,990072832,0,0
16.7589,173182976,82.7500,171.87,0,0,1,32.23,0.00,990072832,0,0
16.7711,173182976,82.7700,163.78,0,0,1,20.47,0.00,990072832,0,0
16.7827,173182976,82.8000,259.58,0,0,1,21.63,0.00,990072832,0,0
16.7937,173182976,82.8100,90.81,0,0,1,22.70,0.00,990072832,0,0
16.8048,173182976,82.8300,180.05,0,0,1,22.51,0.00,990072832,0,0
16.8157,173182976,82.8500,182.76,0,0,1,22.84,0.00,990072832,0,0
16.8266,173182976,82.8900,366.30,0,0,1,57.23,0.00,990072832,0,0
16.8379,173182976,82.9100,178.11,0,0,1,22.26,0.00,990072832,0,0
16.8488,173182976,82.9300,183.35,0,0,1,22.92,0.00,990072832,0,0
16.8601,173182976,82.9500,177.04,0,0,1,11.07,0.00,990072832,0,0
16.8769,173182976,83.0500,593.99,0,0,1,89.10,0.00,990072832,0,0
16.8906,173182976,83.1400,658.89,0,0,1,82.36,0.00,990072832,0,0
16.9034,173182976,83.1600,155.65,0,0,1,38.91,0.00,990072832,0,0
16.9147,173182976,83.2000,354.56,0,0,1,44.32,0.00,990072832,0,0
16.9259,173182976,83.2600,533.64,0,0,1,44.47,0.00,990072832,0,0
16.9372,173182976,83.3100,443.48,0,0,1,99.78,0.00,990072832,0,0
16.9484,173182976,83.3500,358.12,0,0,1,44.77,0.00,990072832,0,0
16.9593,173182976,83.3800,273.56,0,0,1,45.59,0.00,990330880,0,0
16.9705,173182976,83.4200,358.49,0,0,1,44.81,0.00,990330880,0,0
16.9816,173182976,83.4600,361.72,0,0,1,45.22,0.00,990330880,0,0
16.9927,173182976,83.5000,358.36,0,0,1,44.79,0.00,990330880,0,0
17.0038,173182976,83.5400,360.42,0,0,1,56.32,0.00,990330880,0,0
17.0151,173182976,83.5800,355.42,0,0,1,44.43,0.00,990330880,0,0
17.0263,173182976,83.6500,621.00,0,0,1,99.80,0.00,990330880,0,0
17.0379,173182976,83.6700,173.60,0,0,1,21.70,0.00,990330880,0,0
17.0491,173182976,83.7200,443.28,0,0,1,44.33,0.00,990330880,0,0
17.0603,173182976,83.7700,447.16,0,0,1,67.07,0.00,990330880,0,0
17.0715,173182976,83.8300,536.65,0,0,1,55.90,0.00,990330880,0,0
17.0827,173182976,83.8700,357.49,0,0,1,67.03,0.00,990330880,0,0
17.0940,173182976,83.9100,354.88,0,0,1,22.18,0.00,990330880,0,0
17.1052,173182976,83.9100,0.00,0,0,1,0.00,0.00,990330880,0,0
17.1185,173182976,83.9200,75.56,0,0,1,56.67,0.00,990330880,0,0
17.1301,173182976,84.0000,684.09,0,0,1,74.82,0.00,990330880,0,0
17.1416,173182976,84.0700,612.16,0,0,1,76.52,0.00,990330880,0,0
17.1532,173182976,84.1400,601.71,0,0,1,75.21,0.00,990330880,0,0
17.1644,173182976,84.2000,535.00,0,0,1,66.88,0.00,990330880,0,0
17.1758,173182976,84.2900,794.73,0,0,1,88.30,0.00,990330880,0,0
17.1869,173182976,84.4100,1080.99,0,0,1,168.90,0.00,990330880,0,0
17.1980,173182976,84.5000,810.54,0,0,1,101.32,0.00,990330880,0,0
17.2124,173182976,84.5900,621.68,0,0,1,69.08,0.00,990330880,0,0
17.2238,173182976,84.6200,263.05,0,0,1,43.84,0.00,990330880,0,0
17.2357,173182976,84.6400,169.38,0,0,1,21.17,0.00,990330880,0,0
17.2466,173182976,84.6900,457.06,0,0,1,79.99,0.00,990330880,0,0
17.2578,173182976,84.7300,358.31,0,0,1,44.79,0.00,990330880,0,0
17.2695,173182976,84.7700,339.22,0,0,1,42.40,0.00,990330880,0,0
17.2805,173182976,84.8100,364.59,0,0,1,45.57,0.00,990330880,0,0
17.2918,173182976,84.8600,442.25,0,0,1,44.22,0.00,990330880,0,0
17.3029,173182976,84.8800,180.80,0,0,1,56.50,0.00,990330880,0,0
17.3138,173182976,84.9200,365.71,0,0,1,45.71,0.00,990330880,0,0
17.3248,173182976,84.9600,364.78,0,0,1,45.60,0.00,990330880,0,0
17.3362,173182976,85.0000,350.49,0,0,1,65.72,0.00,990330880,0,0
17.3475,173182976,85.0800,706.86,0,0,1,77.31,0.00,990330880,0,0
17.3587,173182976,85.1000,178.57,0,0,1,11.16,0.00,990330880,0,0
17.3698,173182976,85.1200,181.00,0,0,1,45.25,0.00,990330880,0,0
17.3809,173182976,85.1600,358.60,0,0,1,44.82,0.00,990330880,0,0
17.3921,173182976,85.2000,357.56,0,0,1,44.70,0.00,990330880,0,0
17.4032,173182976,85.2400,359.35,0,0,1,56.15,0.00,990330880,0,0
17.4143,173182976,85.2800,362.98,0,0,1,45.37,0.00,990330880,0,0
17.4252,173182976,85.3200,364.06,0,0,1,45.51,0.00,990330880,0,0
17.4364,173182976,85.3600,357.12,0,0,1,111.60,0.00,990330880,0,0
17.4474,173182976,85.4400,730.86,0,0,1,57.10,0.00,990330880,0,0
17.4584,173182976,85.4800,364.24,0,0,1,56.91,0.00,990330880,0,0
17.4699,173182976,85.5200,348.05,0,0,1,54.38,0.00,990330880,0,0
17.4807,173182976,85.5600,369.72,0,0,1,57.77,0.00,990330880,0,0
17.4917,173182976,85.6000,363.40,0,0,1,68.14,0.00,990330880,0,0
17.5030,173182976,85.6400,353.35,0,0,1,55.21,0.00,990330880,0,0
17.5139,173182976,85.6800,368.21,0,0,1,46.03,0.00,990330880,0,0
17.5250,173182976,85.7200,358.77,0,0,1,56.06,0.00,990330880,0,0
17.5360,173182976,85.7400,181.78,0,0,1,22.72,0.00,990330880,0,0
17.5469,173182976,85.7800,368.68,0,0,1,103.69,0.00,990330880,0,0
17.5583,173182976,85.8400,527.03,0,0,1,65.88,0.00,990330880,0,0
17.5719,173182976,85.9200,585.89,0,0,1,82.39,0.00,990330880,0,0
17.5830,173182976,86.0000,720.42,0,0,1,78.80,0.00,990330880,0,0
17.5941,173182976,86.0800,720.10,0,0,1,90.01,0.00,990330880,0,0
17.6053,173182976,86.1600,716.05,0,0,1,89.51,0.00,990330880,0,0
17.6164,173182976,86.2500,812.84,0,0,1,180.63,0.00,990330880,0,0
17.6273,173182976,86.3900,1277.24,0,0,1,91.23,0.00,990330880,0,0
17.6382,173182976,86.4700,735.34,0,0,1,91.92,0.00,990330880,0,0
17.6492,173182976,86.5500,726.80,0,0,1,90.85,0.00,990330880,0,0
17.6603,173182976,86.6300,722.91,0,0,1,90.36,0.00,990330880,0,0
17.6713,173182976,86.7000,638.64,0,0,1,91.23,0.00,990330880,0,0
17.6823,173182976,86.7700,632.16,0,0,1,79.02,0.00,990330880,0,0
17.6935,173182976,86.8600,803.80,0,0,1,100.47,0.00,990330880,0,0
17.7047,173182976,86.9400,716.52,0,0,1,89.56,0.00,990330880,0,0
17.7158,173182976,87.0300,813.56,0,0,1,90.40,0.00,990330880,0,0
17.7271,173182976,87.1500,1060.11,0,0,1,154.60,0.00,990330880,0,0
17.7381,173182976,87.2500,908.89,0,0,1,113.61,0.00,990330880,0,0
17.7491,173182976,87.3300,727.69,0,0,1,90.96,0.00,990330880,0,0
17.7605,173182976,87.4100,701.52,0,0,1,76.73,0.00,990330880,0,0
17.7716,173182976,87.4700,538.02,0,0,1,67.25,0.00,990330880,0,0
17.7826,173182976,87.5100,365.09,0,0,1,57.05,0.00,990330880,0,0
17.7936,173182976,87.5900,724.69,0,0,1,56.62,0.00,990330880,0,0
17.8047,173182976,87.6100,180.85,0,0,1,22.61,0.00,990330880,0,0
17.8160,173182976,87.6200,88.24,0,0,1,11.03,0.00,990330880,0,0
17.8271,173182976,87.6600,359.40,0,0,1,67.39,0.00,990330880,0,0
17.8383,173182976,87.7000,356.80,0,0,1,44.60,0.00,990330880,0,0
17.8498,173182976,87.7400,349.84,0,0,1,43.73,0.00,990330880,0,0
17.8608,173182976,87.7800,364.37,0,0,1,45.55,0.00,990330880,0,0
17.8720,173182976,87.8200,355.65,0,0,1,44.46,0.00,990330880,0,0
17.8835,173182976,87.8600,348.54,0,0,1,43.57,0.00,990330880,0,0
17.8951,173182976,87.9000,345.53,0,0,1,43.19,0.00,990330880,0,0
17.9063,173182976,87.9400,356.51,0,0,1,77.99,0.00,990330880,0,0
17.9180,173182976,88.0200,685.11,0,0,1,74.93,0.00,990330880,0,0
17.9292,173182976,88.0600,357.26,0,0,1,55.82,0.00,990330880,0,0
17.9405,173182976,88.1000,352.64,0,0,1,55.10,0.00,990330880,0,0
17.9525,173182976,88.1400,332.04,0,0,1,41.51,0.00,990330880,0,0
17.9636,173182976,88.1700,271.33,0,0,1,0.00,0.00,990330880,0,0
17.9747,173182976,88.2000,271.13,0,0,1,56.49,0.00,990330880,0,0
17.9859,173182976,88.2400,357.46,0,0,1,44.68,0.00,990330880,0,0
17.9969,173182976,88.3200,724.26,0,0,1,101.85,0.00,990330880,0,0
18.0081,173182976,88.3600,356.27,0,0,1,44.53,0.00,990330880,0,0
18.0193,173182976,88.4000,357.34,0,0,1,44.67,0.00,990330880,0,0
18.0304,173182976,88.4400,361.20,0,0,1,45.15,0.00,990330880,0,0
18.0414,173182976,88.4800,362.54,0,0,1,45.32,0.00,990330880,0,0
18.0525,173182976,88.5200,361.55,0,0,1,45.19,0.00,990330880,0,0
18.0637,173182976,88.5600,357.98,0,0,1,44.75,0.00,990330880,0,0
18.0745,173182976,88.6000,368.11,0,0,1,46.01,0.00,990330880,0,0
18.0856,173182976,88.6600,540.89,0,0,1,45.07,0.00,990330880,0,0
18.0965,173182976,88.6900,275.80,0,0,1,68.95,0.00,990330880,0,0
18.1077,173182976,88.7400,446.42,0,0,1,44.64,0.00,990330880,0,0
18.1189,173182976,88.7800,355.70,0,0,1,44.46,0.00,990330880,0,0
18.1302,173182976,88.8200,355.98,0,0,1,44.50,0.00,990330880,0,0
18.1411,173182976,88.8600,366.45,0,0,1,45.81,0.00,990330880,0,0
18.1521,173182976,88.9000,362.35,0,0,1,45.29,0.00,990330880,0,0
18.1632,173182976,88.9400,361.39,0,0,1,45.17,0.00,990330880,0,0
18.1743,173182976,88.9800,360.32,0,0,1,45.04,0.00,990330880,0,0
18.1854,173182976,89.0200,361.24,0,0,1,45.16,0.00,990330880,0,0
18.1963,173182976,89.0600,365.10,0,0,1,45.64,0.00,990330880,0,0
18.2074,173182976,89.1400,724.74,0,0,1,101.92,0.00,990330880,0,0
18.2187,173182976,89.1800,353.82,0,0,1,44.23,0.00,990330880,0,0
18.2298,173182976,89.2200,360.12,0,0,1,45.02,0.00,990330880,0,0
18.2407,173182976,89.2600,366.28,0,0,1,57.23,0.00,990330880,0,0
18.2519,173182976,89.3000,358.40,0,0,1,56.00,0.00,990330880,0,0
18.2627,173182976,89.3400,369.72,0,0,1,57.77,0.00,990330880,0,0
18.2737,173182976,89.3800,362.05,0,0,1,45.26,0.00,990330880,0,0
18.2850,173182976,89.4200,355.15,0,0,1,44.39,0.00,990330880,0,0
18.2958,173182976,89.4600,369.87,0,0,1,46.23,0.00,990330880,0,0
18.3072,173182976,89.5400,700.49,0,0,1,98.51,0.00,990330880,0,0
18.3188,173182976,89.5800,345.10,0,0,1,53.92,0.00,990330880,0,0
18.3297,173182976,89.6200,366.76,0,0,1,45.85,0.00,990330880,0,0
18.3408,173182976,89.6600,360.72,0,0,1,45.09,0.00,990330880,0,0
18.3523,173182976,89.7000,349.36,0,0,1,54.59,0.00,990330880,0,0
18.3634,173182976,89.7400,360.56,0,0,1,45.07,0.00,990330880,0,0
18.3745,173182976,89.7800,359.75,0,0,1,56.21,0.00,990330880,0,0
18.3856,173182976,89.8200,359.84,0,0,1,44.98,0.00,990330880,0,0
18.3966,173182976,89.9000,724.76,0,0,1,101.92,0.00,990330880,0,0
18.4076,173182976,89.9400,363.35,0,0,1,56.77,0.00,990330880,0,0
18.4187,173182976,89.9800,361.64,0,0,1,45.21,0.00,990330880,0,0
18.4295,173182976,90.0200,370.13,0,0,1,46.27,0.00,990330880,0,0
18.4409,173182976,90.0600,352.23,0,0,1,0.00,0.00,990330880,0,0
18.4520,173182976,90.1000,358.92,0,0,1,89.73,0.00,990330880,0,0
18.4665,173182976,90.2500,1035.71,0,0,1,138.09,0.00,990330880,0,0
18.4778,173182976,90.3200,620.10,0,0,1,88.59,0.00,990330880,0,0
18.4889,173182976,90.4100,811.56,0,0,1,90.17,0.00,990330880,0,0
18.4999,173182976,90.4900,723.45,0,0,1,90.43,0.00,990330880,0,0
18.5109,173182976,90.5700,731.22,0,0,1,91.40,0.00,990330880,0,0
18.5218,173182976,90.6500,733.07,0,0,1,91.63,0.00,990330880,0,0
18.5328,173182976,90.7300,726.07,0,0,1,90.76,0.00,990330880,0,0
18.5440,173182976,90.8100,713.09,0,0,1,89.14,0.00,990330880,0,0
18.5551,173182976,90.8900,720.70,0,0,1,90.09,0.00,990330880,0,0
18.5663,173182976,91.0400,1338.03,0,0,1,178.40,0.00,990330880,0,0
18.5784,173182976,91.1200,662.63,0,0,1,82.83,0.00,990330880,0,0
18.5894,173182976,91.2000,724.95,0,0,1,90.62,0.00,990330880,0,0
18.6009,173182976,91.2800,697.98,0,0,1,87.25,0.00,990330880,0,0
18.6120,173182976,91.3500,631.92,0,0,1,90.27,0.00,990330880,0,0
18.6230,173182976,91.4400,819.34,0,0,1,91.04,0.00,990330880,0,0
18.6344,173182976,91.5200,698.51,0,0,1,87.31,0.00,990330880,0,0
18.6461,173182976,91.6000,682.81,0,0,1,85.35,0.00,990330880,0,0
18.6577,173182976,91.7400,1215.60,0,0,1,162.80,0.00,990330880,0,0
18.6690,173182976,91.8300,794.91,0,0,1,99.36,0.00,990330880,0,0
18.6802,173182976,91.9100,712.47,0,0,1,89.06,0.00,990330880,0,0
18.6930,173182976,91.9900,623.53,0,0,1,77.94,0.00,990330880,0,0
18.7045,173182976,92.0700,696.08,0,0,1,87.01,0.00,990330880,0,0
18.7158,173182976,92.1600,795.48,0,0,1,88.39,0.00,990330880,0,0
18.7270,173182976,92.2900,1162.29,0,0,1,167.64,0.00,990330880,0,0
18.7406,173182976,92.3800,663.43,0,0,1,82.93,0.00,990330880,0,0
18.7521,173182976,92.4600,692.20,0,0,1,86.52,0.00,990330880,0,0
18.7634,173182976,92.5500,799.50,0,0,1,88.83,0.00,990330880,0,0
18.7754,173182976,92.6200,583.68,0,0,1,83.38,0.00,990330880,0,0
18.7881,173182976,92.7600,1103.46,0,0,1,147.78,0.00,990330880,0,0
18.8028,173182976,92.8700,747.86,0,0,1,67.99,0.00,990330880,0,0
18.8146,173182976,92.9300,509.62,0,0,1,84.94,0.00,990330880,0,0
18.8257,173182976,93.0100,716.46,0,0,1,89.56,0.00,990330880,0,0
18.8372,173182976,93.1600,1309.78,0,0,1,174.64,0.00,990330880,0,0
18.8491,173182976,93.2400,668.77,0,0,1,83.60,0.00,990330880,0,0
18.8677,173182976,93.3900,810.38,0,0,1,108.05,0.00,990330880,0,0
18.8788,173182976,93.4700,718.12,0,0,1,89.76,0.00,990330880,0,0
18.8930,173182976,93.5600,631.77,0,0,1,70.20,0.00,994525184,0,0
18.9042,173182976,93.6300,626.95,0,0,1,89.56,0.00,994525184,0,0
18.9194,173182976,93.7700,919.04,0,0,1,123.09,0.00,994525184,0,0
18.9306,173182976,93.8700,893.38,0,0,1,100.51,0.00,994525184,0,0
18.9457,173182976,94.0000,861.08,0,0,1,124.19,0.00,994525184,0,0
18.9586,173182976,94.0700,542.90,0,0,1,77.56,0.00,994525184,0,0
18.9711,173182976,94.1700,804.53,0,0,1,90.51,0.00,994525184,0,0
18.9823,173182976,94.2500,708.91,0,0,1,88.61,0.00,994525184,0,0
18.9936,173182976,94.3300,708.79,0,0,1,177.20,0.00,994525184,0,0
19.0091,173182976,94.4600,838.66,0,0,1,48.38,0.00,994525184,0,0
19.0228,173182976,94.5500,656.60,0,0,1,82.07,0.00,994525184,0,0
19.0347,173182976,94.6500,846.28,0,0,1,84.63,0.00,994525184,0,0
19.0460,173182976,94.7300,703.94,0,0,1,87.99,0.00,994525184,0,0
19.0573,173182976,94.8700,1239.34,0,0,1,177.05,0.00,994525184,0,0
19.0712,173182976,94.9600,650.19,0,0,1,72.24,0.00,994525184,0,0
19.0825,173182976,95.0300,617.62,0,0,1,88.23,0.00,994525184,0,0
19.0940,173182976,95.1000,609.47,0,0,1,76.18,0.00,994525184,0,0
19.1053,173182976,95.1900,796.93,0,0,1,99.62,0.00,994525184,0,0
19.1170,173182976,95.3200,1110.11,0,0,1,149.44,0.00,994525184,0,0
19.1282,173182976,95.4000,715.61,0,0,1,111.81,0.00,994525184,0,0
19.1430,173182976,95.4900,607.47,0,0,1,59.06,0.00,994525184,0,0
19.1556,173182976,95.5700,634.68,0,0,1,79.33,0.00,994525184,0,0
19.1692,173182976,95.7100,1026.25,0,0,1,128.28,0.00,994525184,0,0
19.1852,173182976,95.7800,437.03,0,0,1,46.83,0.00,994525184,0,0
19.1967,173182976,95.8700,786.43,0,0,1,109.23,0.00,994525184,0,0
19.2084,173182976,95.9000,255.21,0,0,1,21.27,0.00,994525184,0,0
19.2200,173182976,95.9100,86.85,0,0,1,10.86,0.00,994525184,0,0
19.2311,173182976,95.9200,89.94,0,0,1,11.24,0.00,994525184,0,0
19.2421,173182976,95.9300,90.53,0,0,1,11.32,0.00,994525184,0,0
19.2531,173182976,95.9500,181.93,0,0,1,11.37,0.00,994525184,0,0
19.2644,173182976,95.9600,88.54,0,0,1,44.27,0.00,994525184,0,0
19.2758,173182976,96.0000,349.66,0,0,1,43.71,0.00,994525184,0,0
19.2874,173182976,96.0800,693.72,0,0,1,97.55,0.00,994525184,0,0
19.2988,173182976,96.1200,349.79,0,0,1,43.72,0.00,994525184,0,0
19.3099,173182976,96.1600,359.48,0,0,1,44.93,0.00,994525184,0,0
19.3212,173182976,96.2000,355.61,0,0,1,44.45,0.00,994525184,0,0
19.3323,173182976,96.2400,360.45,0,0,1,45.06,0.00,994525184,0,0
19.3436,173182976,96.2800,353.24,0,0,1,44.16,0.00,994525184,0,0
19.3549,173182976,96.3200,353.78,0,0,1,44.22,0.00,994525184,0,0
19.3661,173182976,96.3600,357.99,0,0,1,44.75,0.00,994525184,0,0
19.3774,173182976,96.4400,704.12,0,0,1,99.02,0.00,994525184,0,0
19.3887,173182976,96.4800,356.85,0,0,1,44.61,0.00,994525184,0,0
19.4006,173182976,96.5200,335.98,0,0,1,42.00,0.00,994525184,0,0
19.4120,173182976,96.5600,350.39,0,0,1,43.80,0.00,994525184,0,0
19.4233,173182976,96.6000,353.87,0,0,1,44.23,0.00,994525184,0,0
19.4346,173182976,96.6400,352.92,0,0,1,44.11,0.00,994525184,0,0
19.4459,173182976,96.6800,353.53,0,0,1,44.19,0.00,994525184,0,0
19.4574,173182976,96.7600,695.88,0,0,1,97.86,0.00,994525184,0,0
19.4689,173182976,96.8000,350.04,0,0,1,43.76,0.00,994525184,0,0
19.4802,173182976,96.8400,354.10,0,0,1,44.26,0.00,994525184,0,0
19.4917,173182976,96.8800,345.51,0,0,1,43.19,0.00,994525184,0,0
19.5032,173182976,96.9200,350.09,0,0,1,43.76,0.00,994525184,0,0
19.5149,173182976,96.9800,512.99,0,0,1,42.75,0.00,994525184,0,0
19.5269,173182976,97.0200,333.29,0,0,1,31.25,0.00,994525184,0,0
19.5381,173182976,97.0400,177.05,0,0,1,44.26,0.00,994525184,0,0
19.5497,173182976,97.0900,431.51,0,0,1,32.36,0.00,994525184,0,0
19.5611,173182976,97.1400,438.46,0,0,1,54.81,0.00,994525184,0,0
19.5726,173182976,97.1700,261.22,0,0,1,43.54,0.00,994525184,0,0
19.5849,173182976,97.2200,408.72,0,0,1,40.87,0.00,994525184,0,0
19.5961,173182976,97.2500,265.68,0,0,1,77.49,0.00,994525184,0,0
19.6075,173182976,97.3000,441.07,0,0,1,33.08,0.00,994525184,0,0
19.6189,173182976,97.3700,614.68,0,0,1,65.86,0.00,994525184,0,0
19.6299,173182976,97.4100,364.05,0,0,1,45.51,0.00,994525184,0,0
19.6408,173182976,97.4500,365.19,0,0,1,45.65,0.00,994525184,0,0
19.6517,173182976,97.4900,366.70,0,0,1,45.84,0.00,994525184,0,0
19.6626,173182976,97.5300,368.43,0,0,1,46.05,0.00,994525184,0,0
19.6735,173182976,97.5700,364.75,0,0,1,45.59,0.00,994525184,0,0
19.6848,173182976,97.6100,355.95,0,0,1,44.49,0.00,994783232,0,0
19.6958,173182976,97.6500,363.81,0,0,1,45.48,0.00,994783232,0,0
19.7069,173182976,97.7300,722.46,0,0,1,90.31,0.00,994783232,0,0
19.7179,173182976,97.7700,363.27,0,0,1,45.41,0.00,994783232,0,0
19.7291,173182976,97.8100,357.16,0,0,1,44.64,0.00,994783232,0,0
19.7401,173182976,97.8500,361.01,0,0,1,45.13,0.00,994783232,0,0
19.7513,173182976,97.8900,357.89,0,0,1,44.74,0.00,994783232,0,0
19.7623,173182976,97.9300,362.75,0,0,1,45.34,0.00,994783232,0,0
19.7734,173182976,97.9700,362.95,0,0,1,45.37,0.00,994783232,0,0
19.7844,173182976,98.0100,361.61,0,0,1,45.20,0.00,994783232,0,0
19.7954,173182976,98.0500,363.39,0,0,1,45.42,0.00,994783232,0,0
19.8065,173182976,98.1000,452.94,0,0,1,67.94,0.00,994783232,0,0
19.8174,173182976,98.1300,274.54,0,0,1,45.76,0.00,994783232,0,0
19.8283,173182976,98.1700,367.71,0,0,1,45.96,0.00,994783232,0,0
19.8397,173182976,98.2100,348.89,0,0,1,43.61,0.00,994783232,0,0
19.8513,173182976,98.2500,347.58,0,0,1,43.45,0.00,994783232,0,0
19.8623,173182976,98.2900,362.47,0,0,1,45.31,0.00,994783232,0,0
19.8731,173182976,98.3300,370.46,0,0,1,46.31,0.00,994783232,0,0
19.8840,173182976,98.3700,367.22,0,0,1,45.90,0.00,994783232,0,0
19.8949,173182976,98.4100,367.33,0,0,1,45.92,0.00,994783232,0,0
19.9060,173182976,98.4500,360.24,0,0,1,45.03,0.00,994783232,0,0
19.9174,173182976,98.5300,701.84,0,0,1,98.70,0.00,994783232,0,0
19.9284,173182976,98.5700,361.40,0,0,1,45.17,0.00,994783232,0,0
19.9394,173182976,98.6100,364.24,0,0,1,45.53,0.00,994783232,0,0
19.9509,173182976,98.6500,349.91,0,0,1,43.74,0.00,994783232,0,0
19.9617,173182976,98.6900,367.13,0,0,1,45.89,0.00,994783232,0,0
19.9726,173182976,98.7300,370.10,0,0,1,46.26,0.00,994783232,0,0
19.9836,173182976,98.7700,362.99,0,0,1,45.37,0.00,994783232,0,0
19.9944,173182976,98.8100,370.36,0,0,1,46.29,0.00,994783232,0,0
20.0053,173182976,98.8500,364.52,0,0,1,45.57,0.00,994783232,0,0
20.0166,173182976,98.9300,711.65,0,0,1,100.08,0.00,994783232,0,0
20.0274,173182976,98.9700,369.18,0,0,1,46.15,0.00,994783232,0,0
20.0384,173182976,99.0100,364.31,0,0,1,45.54,0.00,994783232,0,0
20.0498,173182976,99.0500,351.98,0,0,1,44.00,0.00,994783232,0,0
20.0611,173182976,99.0900,352.87,0,0,1,44.11,0.00,994783232,0,0
20.0720,173182976,99.1300,368.52,0,0,1,46.06,0.00,994783232,0,0
20.0835,173182976,99.1700,346.09,0,0,1,43.26,0.00,994783232,0,0
20.0944,173182976,99.2100,366.72,0,0,1,45.84,0.00,994783232,0,0
20.1053,173182976,99.2500,368.45,0,0,1,46.06,0.00,994783232,0,0
20.1172,173182976,99.3100,502.31,0,0,1,73.25,0.00,994783232,0,0
20.1285,173182976,99.3700,530.96,0,0,1,66.37,0.00,994783232,0,0
20.1402,173182976,99.4100,343.58,0,0,1,42.95,0.00,994783232,0,0
20.1516,173182976,99.4500,351.37,0,0,1,43.92,0.00,994783232,0,0
20.1628,173182976,99.4900,355.47,0,0,1,44.43,0.00,994783232,0,0
20.1742,173182976,99.5300,351.39,0,0,1,43.92,0.00,994783232,0,0
20.1854,173182976,99.5700,355.24,0,0,1,44.41,0.00,994783232,0,0
20.1968,173182976,99.6500,706.86,0,0,1,99.40,0.00,994783232,0,0
20.2080,173182976,99.6900,357.01,0,0,1,44.63,0.00,994783232,0,0
20.2192,173182976,99.7300,355.70,0,0,1,44.46,0.00,994783232,0,0
20.2301,173182976,99.7700,366.52,0,0,1,45.81,0.00,994783232,0,0
20.2412,173182976,99.8100,361.57,0,0,1,45.20,0.00,994783232,0,0
20.2524,173182976,99.8500,356.91,0,0,1,44.61,0.00,994783232,0,0
20.2636,173182976,99.8900,356.39,0,0,1,44.55,0.00,994783232,0,0
20.2749,173182976,99.9300,356.20,0,0,1,44.52,0.00,994783232,0,0
20.2859,173182976,99.9700,360.44,0,0,1,45.06,0.00,994783232,0,0
20.2969,173182976,100.0500,731.68,0,0,1,91.46,0.00,994783232,0,0
20.3082,173182976,100.0900,352.56,0,0,1,44.07,0.00,994783232,0,0
20.3194,173182976,100.1300,359.00,0,0,1,44.87,0.00,994783232,0,0
20.3305,173182976,100.1700,358.28,0,0,1,44.78,0.00,994783232,0,0
20.3418,173182976,100.2100,355.22,0,0,1,44.40,0.00,994783232,0,0
20.3531,173182976,100.2500,354.39,0,0,1,44.30,0.00,994783232,0,0
20.3643,173182976,100.2900,355.88,0,0,1,44.49,0.00,994783232,0,0
20.3753,173182976,100.3300,363.38,0,0,1,45.42,0.00,994783232,0,0
20.3865,173182976,100.4100,719.08,0,0,1,112.36,0.00,994783232,0,0
20.3983,173182976,100.4500,336.65,0,0,1,42.08,0.00,994783232,0,0
20.4095,173182976,100.4900,356.95,0,0,1,44.62,0.00,994783232,0,0
20.4207,173182976,100.5300,359.02,0,0,1,44.88,0.00,994783232,0,0
20.4322,173182976,100.5700,347.89,0,0,1,43.49,0.00,994783232,0,0
20.4434,173182976,100.6100,356.56,0,0,1,44.57,0.00,994783232,0,0
20.4546,173182976,100.6500,356.56,0,0,1,44.57,0.00,994783232,0,0
20.4661,173182976,100.6900,349.88,0,0,1,43.73,0.00,994783232,0,0
20.4774,173182976,100.7700,706.37,0,0,1,99.33,0.00,994783232,0,0
20.4886,173182976,100.8100,357.43,0,0,1,33.51,0.00,994783232,0,0
20.5009,173182976,100.8300,161.75,0,0,1,20.22,0.00,994783232,0,0
20.5119,173182976,100.8400,91.54,0,0,1,22.88,0.00,994783232,0,0
20.5231,173182976,100.9000,535.82,0,0,1,78.14,0.00,994783232,0,0
20.5342,173182976,100.9900,804.37,0,0,1,89.37,0.00,994783232,0,0
20.5458,173182976,101.0700,691.47,0,0,1,86.43,0.00,994783232,0,0
20.5569,173182976,101.1900,1085.62,0,0,1,158.32,0.00,994783232,0,0
20.5679,173182976,101.2800,819.38,0,0,1,102.42,0.00,994783232,0,0
20.5789,173182976,101.3700,815.61,0,0,1,101.95,0.00,994783232,0,0
20.5900,173182976,101.4400,630.30,0,0,1,78.79,0.00,994783232,0,0
20.6011,173182976,101.5300,812.44,0,0,1,101.56,0.00,994783232,0,0
20.6120,173182976,101.6200,826.74,0,0,1,91.86,0.00,994783232,0,0
20.6229,173182976,101.6900,637.78,0,0,1,91.11,0.00,994783232,0,0
20.6342,173182976,101.7700,712.64,0,0,1,89.08,0.00,994783232,0,0
20.6453,173182976,101.8500,721.06,0,0,1,90.13,0.00,994783232,0,0
20.6612,173182976,102.0000,943.05,0,0,1,125.74,0.00,994783232,0,0
20.6725,173182976,102.0900,792.74,0,0,1,88.08,0.00,994783232,0,0
20.6838,173182976,102.1700,706.99,0,0,1,88.37,0.00,994783232,0,0
20.6968,173182976,102.3200,1159.98,0,0,1,154.66,0.00,994783232,0,0
20.7125,173182976,102.4000,506.97,0,0,1,63.37,0.00,994783232,0,0
20.7250,173182976,102.4800,643.75,0,0,1,80.47,0.00,994783232,0,0
20.7361,173182976,102.5600,715.90,0,0,1,89.49,0.00,994783232,0,0
20.7498,173182976,102.7100,1099.90,0,0,1,146.65,0.00,994783232,0,0
20.7610,173182976,102.7800,622.97,0,0,1,77.87,0.00,994783232,0,0
20.7727,173182976,102.8700,768.32,0,0,1,96.04,0.00,994783232,0,0
20.7841,173182976,102.9500,702.75,0,0,1,87.84,0.00,994783232,0,0
20.7952,173182976,103.0300,718.46,0,0,1,89.81,0.00,994783232,0,0
20.8073,173182976,103.1600,1079.86,0,0,1,145.37,0.00,994783232,0,0
20.8184,173182976,103.2500,808.25,0,0,1,112.26,0.00,994783232,0,0
20.8305,173182976,103.3200,578.68,0,0,1,82.67,0.00,994783232,0,0
20.8420,173182976,103.4000,699.38,0,0,1,76.49,0.00,994783232,0,0
20.8533,173182976,103.4600,527.38,0,0,1,98.88,0.00,994783232,0,0
20.8693,173182976,103.6000,878.43,0,0,1,125.49,0.00,994783232,0,0
20.8964,173182976,103.7500,552.26,0,0,1,82.84,0.00,994783232,0,0
20.9145,173182976,103.8800,719.39,0,0,1,69.17,0.00,994783232,0,0
20.9284,173182976,104.0100,936.82,0,0,1,144.13,0.00,994783232,0,0
20.9397,173182976,104.0800,617.20,0,0,1,88.17,0.00,994783232,0,0
20.9554,173182976,104.1500,445.60,0,0,1,63.66,0.00,994783232,0,0
20.9668,173182976,104.2800,1140.59,0,0,1,175.47,0.00,994783232,0,0
20.9782,173182976,104.3500,617.50,0,0,1,88.21,0.00,994783232,0,0
20.9894,173182976,104.4200,625.40,0,0,1,89.34,0.00,994783232,0,0
21.0005,173182976,104.4900,629.93,0,0,1,89.99,0.00,994783232,0,0
21.0116,173182976,104.5700,718.50,0,0,1,78.59,0.00,994783232,0,0
21.0238,173182976,104.6400,575.01,0,0,1,82.14,0.00,994783232,0,0
21.0348,173182976,104.7300,819.93,0,0,1,91.10,0.00,994783232,0,0
21.0457,173182976,104.8100,730.17,0,0,1,91.27,0.00,994783232,0,0
21.0585,173182976,104.9400,1014.79,0,0,1,156.12,0.00,994783232,0,0
21.0696,173182976,105.0200,722.96,0,0,1,90.37,0.00,994783232,0,0
21.0806,173182976,105.1000,724.03,0,0,1,90.50,0.00,994783232,0,0
21.0919,173182976,105.1800,707.58,0,0,1,88.45,0.00,994783232,0,0
21.1030,173182976,105.2600,721.11,0,0,1,90.14,0.00,994783232,0,0
21.1142,173182976,105.3400,715.27,0,0,1,89.41,0.00,994783232,0,0
21.1253,173182976,105.4200,720.66,0,0,1,90.08,0.00,994783232,0,0
21.1364,173182976,105.5700,1354.65,0,0,1,180.62,0.00,994783232,0,0
21.1522,173182976,105.6600,570.26,0,0,1,63.36,0.00,994783232,0,0
21.1658,173182976,105.7400,587.07,0,0,1,119.25,0.00,994783232,0,0
21.1819,173182976,105.9000,996.91,0,0,1,85.67,0.00,994783232,0,0
21.1936,173182976,105.9700,595.60,0,0,1,85.09,0.00,994783232,0,0
21.2056,173182976,106.0700,833.82,0,0,1,83.38,0.00,994783232,0,0
21.2172,173182976,106.2000,1122.29,0,0,1,172.66,0.00,994783232,0,0
21.2391,173182976,106.3400,639.11,0,0,1,79.89,0.00,994783232,0,0
21.2531,173182976,106.4400,711.21,0,0,1,88.90,0.00,994783232,0,0
21.2735,173182976,106.5900,736.76,0,0,1,92.09,0.00,994783232,0,0
21.2923,173182976,106.7400,798.18,0,0,1,99.77,0.00,994783232,0,0
21.3136,173182976,106.9200,843.25,0,0,1,99.55,0.00,994783232,0,0
21.3253,173182976,106.9900,598.17,0,0,1,85.45,0.00,994783232,0,0
21.3402,173182976,107.1400,1009.86,0,0,1,134.65,0.00,994783232,0,0
21.3592,173182976,107.2800,736.91,0,0,1,98.69,0.00,994783232,0,0
21.3705,173182976,107.3700,797.22,0,0,1,188.23,0.00,994783232,0,0
21.3905,173182976,107.5200,750.83,0,0,1,81.34,0.00,994783232,0,0
21.4164,173182976,107.7300,809.83,0,0,1,86.77,0.00,994783232,0,0
21.4385,173182976,107.8900,723.18,0,0,1,67.80,0.00,994783232,0,0
21.4540,173182976,107.9900,648.18,0,0,1,72.92,0.00,994783232,0,0
21.4697,173182976,108.1300,889.36,0,0,1,119.11,0.00,994783232,0,0
21.4857,173182976,108.2400,686.26,0,0,1,77.98,0.00,994783232,0,0
21.4988,173182976,108.3800,1068.08,0,0,1,143.05,0.00,994783232,0,0
21.5151,173182976,108.5100,798.45,0,0,1,107.48,0.00,994783232,0,0
21.5438,173182976,108.7000,662.03,0,0,1,74.04,0.00,994783232,0,0
21.5597,173182976,108.8500,946.17,0,0,1,126.16,0.00,994783232,0,0
21.5754,173182976,108.9500,635.92,0,0,1,63.59,0.00,994783232,0,0
21.5912,173182976,109.0700,757.38,0,0,1,118.34,0.00,994783232,0,0
21.6069,173182976,109.2100,892.11,0,0,1,111.51,0.00,994783232,0,0
21.6230,173182976,109.2900,496.59,0,0,1,54.31,0.00,994783232,0,0
21.6440,173182976,109.4900,953.61,0,0,1,113.24,0.00,994783232,0,0
21.6601,173182976,109.6300,868.72,0,0,1,124.10,0.00,994783232,0,0
21.6763,173182976,109.7100,495.90,0,0,1,108.48,0.00,994783232,0,0
21.6924,173182976,109.8600,926.84,0,0,1,54.07,0.00,994783232,0,0
21.7053,173182976,109.9900,1013.38,0,0,1,155.90,0.00,994783232,0,0
21.7199,173182976,110.1000,751.39,0,0,1,85.39,0.00,994783232,0,0
21.7344,173182976,110.1500,344.04,0,0,1,68.81,0.00,994783232,0,0
21.7460,173182976,110.2300,689.24,0,0,1,161.54,0.00,994783232,0,0
21.7576,173182976,110.3000,604.93,0,0,1,86.42,0.00,994783232,0,0
21.7702,173182976,110.4000,797.24,0,0,1,89.69,0.00,994783232,0,0
21.7836,173182976,110.4600,447.35,0,0,1,74.56,0.00,994783232,0,0
21.7951,173182976,110.5500,777.71,0,0,1,86.41,0.00,994783232,0,0
21.8068,173182976,110.6100,513.36,0,0,1,139.03,0.00,994783232,0,0
21.8293,173182976,110.7800,756.38,0,0,1,105.67,0.00,994783232,0,0
21.8438,173182976,110.8600,553.96,0,0,1,69.25,0.00,994783232,0,0
21.8574,173182976,110.9300,514.77,0,0,1,128.69,0.00,994783232,0,0
21.8702,173182976,111.0300,776.81,0,0,1,97.10,0.00,994783232,0,0
21.8837,173182976,111.1000,518.55,0,0,1,74.08,0.00,994783232,0,0
21.8967,173182976,111.2200,924.69,0,0,1,144.48,0.00,994783232,0,0
21.9085,173182976,111.3000,679.74,0,0,1,84.97,0.00,994783232,0,0
21.9223,173182976,111.3900,649.18,0,0,1,81.15,0.00,994783232,0,0
21.9335,173182976,111.4700,715.60,0,0,1,89.45,0.00,994783232,0,0
21.9471,173182976,111.6200,1105.48,0,0,1,147.40,0.00,994783232,0,0
21.9583,173182976,111.6900,621.28,0,0,1,77.66,0.00,994783232,0,0
21.9694,173182976,111.7800,815.88,0,0,1,101.99,0.00,994783232,0,0
21.9811,173182976,111.8600,680.06,0,0,1,85.01,0.00,994783232,0,0
21.9923,173182976,111.9500,807.46,0,0,1,89.72,0.00,994783232,0,0
22.0033,173182976,112.0200,635.28,0,0,1,90.75,0.00,994783232,0,0
22.0160,173182976,112.1000,632.41,0,0,1,79.05,0.00,994783232,0,0
22.0271,173182976,112.2500,1349.16,0,0,1,179.89,0.00,994783232,0,0
22.0381,173182976,112.3300,725.00,0,0,1,90.63,0.00,994783232,0,0
22.0491,173182976,112.4100,731.06,0,0,1,91.38,0.00,994783232,0,0
22.0601,173182976,112.4900,725.52,0,0,1,90.69,0.00,994783232,0,0
22.0712,173182976,112.5700,718.33,0,0,1,89.79,0.00,994783232,0,0
22.0826,173182976,112.6500,703.95,0,0,1,87.99,0.00,994783232,0,0
22.0941,173182976,112.7400,782.32,0,0,1,86.92,0.00,994783232,0,0
22.1053,173182976,112.8100,624.30,0,0,1,89.19,0.00,994783232,0,0
22.1163,173182976,112.8900,729.06,0,0,1,91.13,0.00,994783232,0,0
22.1273,173182976,113.0300,1265.59,0,0,1,180.80,0.00,994783232,0,0
22.1391,173182976,113.1000,597.04,0,0,1,63.97,0.00,994783232,0,0
22.1503,173182976,113.2000,890.13,0,0,1,178.03,0.00,994783232,0,0
22.1790,173182976,113.4200,765.33,0,0,1,69.58,0.00,994783232,0,0
22.1937,173182976,113.5100,614.17,0,0,1,76.77,0.00,994783232,0,0
22.2063,173182976,113.5900,633.24,0,0,1,148.42,0.00,994783232,0,0
22.2229,173182976,113.7400,904.50,0,0,1,67.84,0.00,994783232,0,0
22.2361,173182976,113.8200,607.01,0,0,1,75.88,0.00,994783232,0,0
22.2496,173182976,113.9600,1039.51,0,0,1,148.50,0.00,994783232,0,0
22.2611,173182976,114.0400,695.59,0,0,1,86.95,0.00,994783232,0,0
22.2730,173449216,114.1400,836.89,0,0,1,83.69,0.00,994783232,0,0
22.2844,173449216,114.2000,528.00,0,0,1,77.00,0.00,994783232,0,0
22.2955,173449216,114.2800,717.26,0,0,1,67.24,0.00,994783232,0,0
22.3069,173449216,114.3700,794.58,0,0,1,143.47,0.00,994783232,0,0
22.3183,173449216,114.4300,524.88,0,0,1,65.61,0.00,994783232,0,0
22.3295,173449216,114.4800,445.90,0,0,1,66.89,0.00,994783232,0,0
22.3408,173449216,114.5300,442.10,0,0,1,55.26,0.00,994783232,0,0
22.3521,173449216,114.5800,443.57,0,0,1,66.54,0.00,994783232,0,0
22.3636,173449216,114.6300,434.63,0,0,1,54.33,0.00,994783232,0,0
22.3749,173449216,114.6800,442.50,0,0,1,55.31,0.00,994697216,0,0
22.3860,173449216,114.7200,358.15,0,0,1,89.54,0.00,994697216,0,0
22.3983,173449216,114.8000,652.70,0,0,1,50.99,0.00,994697216,0,0
22.4096,173449216,114.8400,354.40,0,0,1,66.45,0.00,994697216,0,0
22.4208,173449216,114.8800,356.63,0,0,1,44.58,0.00,994697216,0,0
22.4328,173449216,114.9200,332.21,0,0,1,41.53,0.00,994697216,0,0
22.4440,173449216,114.9600,359.99,0,0,1,45.00,0.00,994697216,0,0
22.4550,173449216,115.0000,360.79,0,0,1,45.10,0.00,994697216,0,0
22.4664,173449216,115.0400,352.65,0,0,1,99.18,0.00,994697216,0,0
22.4777,173449216,115.1200,705.81,0,0,1,44.11,0.00,994697216,0,0
22.4887,173449216,115.1600,365.88,0,0,1,45.73,0.00,994697216,0,0
22.5000,173449216,115.2000,354.07,0,0,1,44.26,0.00,994697216,0,0
22.5111,173449216,115.2400,358.09,0,0,1,44.76,0.00,994697216,0,0
22.5222,173449216,115.2800,361.94,0,0,1,45.24,0.00,994697216,0,0
22.5333,173449216,115.3200,359.50,0,0,1,44.94,0.00,994697216,0,0
22.5446,173449216,115.3700,443.15,0,0,1,44.31,0.00,994697216,0,0
22.5559,173449216,115.4000,265.27,0,0,1,33.16,0.00,994697216,0,0
22.5670,173449216,115.4600,539.83,0,0,1,78.73,0.00,994697216,0,0
22.5783,173449216,115.4800,177.24,0,0,1,22.15,0.00,994697216,0,0
22.5898,173449216,115.5000,174.52,0,0,1,21.82,0.00,994697216,0,0
22.6007,173449216,115.5200,182.06,0,0,1,34.14,0.00,994697216,0,0
22.6119,173977600,115.5600,359.25,0,0,1,67.36,0.00,994938880,0,0
22.6230,171741184,115.5800,179.68,0,0,1,11.23,0.00,994738176,0,0
22.6340,171741184,115.5900,90.88,0,0,1,22.72,0.00,994738176,0,0
22.6449,171741184,115.6000,91.59,0,0,1,22.90,0.00,994738176,0,0
22.6559,171741184,115.6100,91.17,0,0,1,22.79,0.00,994738176,0,0
22.6669,171741184,115.6300,180.97,0,0,1,22.62,0.00,994738176,0,0
22.6780,171741184,115.6400,90.29,0,0,1,11.29,0.00,994336768,0,0
22.6890,171741184,115.6500,90.93,0,0,1,56.83,0.00,994410496,0,0
22.7004,171741184,115.6900,351.77,0,0,1,54.96,0.00,994410496,0,0
22.7114,171741184,115.7300,363.53,0,0,1,56.80,0.00,994410496,0,0
22.7225,171741184,115.7700,359.65,0,0,1,44.96,0.00,994410496,0,0
22.7338,171741184,115.8100,353.14,0,0,1,55.18,0.00,994410496,0,0
22.7447,171741184,115.8500,368.65,0,0,1,46.08,0.00,994410496,0,0
22.7557,171741184,115.8900,363.13,0,0,1,56.74,0.00,994410496,0,0
22.7669,171741184,115.9700,716.03,0,0,1,111.88,0.00,994410496,0,0
22.7777,171741184,116.0100,369.26,0,0,1,57.70,0.00,994410496,0,0
22.7889,171741184,116.0500,356.63,0,0,1,55.72,0.00,994410496,0,0
22.8001,171741184,116.0900,359.50,0,0,1,56.17,0.00,994410496,0,0
22.8109,171741184,116.1300,369.05,0,0,1,46.13,0.00,994410496,0,0
22.8220,171741184,116.1700,359.05,0,0,1,56.10,0.00,994410496,0,0
22.8332,171741184,116.2100,357.99,0,0,1,55.94,0.00,994410496,0,0
22.8442,171741184,116.2500,364.34,0,0,1,56.93,0.00,994410496,0,0
22.8551,171741184,116.2900,366.61,0,0,1,57.28,0.00,994410496,0,0
22.8662,171741184,116.3300,360.64,0,0,1,56.35,0.00,994410496,0,0
22.8772,171741184,116.4100,724.10,0,0,1,113.14,0.00,994410496,0,0
22.8881,171741184,116.4500,369.27,0,0,1,57.70,0.00,994410496,0,0
22.8993,171741184,116.4900,356.85,0,0,1,55.76,0.00,994410496,0,0
22.9102,171741184,116.5300,365.47,0,0,1,45.68,0.00,994410496,0,0
22.9212,171741184,116.5700,365.85,0,0,1,57.16,0.00,994410496,0,0
22.9323,171741184,116.6100,360.48,0,0,1,56.33,0.00,994410496,0,0
22.9432,171741184,116.6500,365.06,0,0,1,57.04,0.00,994410496,0,0
22.9542,171741184,116.6900,363.04,0,0,1,56.72,0.00,994410496,0,0
22.9653,171741184,116.7300,362.91,0,0,1,56.70,0.00,994410496,0,0
22.9761,171741184,116.7700,368.33,0,0,1,57.55,0.00,994410496,0,0
22.9872,171741184,116.8500,722.16,0,0,1,112.84,0.00,994410496,0,0
22.9984,171741184,116.8900,356.92,0,0,1,44.62,0.00,994410496,0,0
23.0093,171741184,116.9300,367.65,0,0,1,45.96,0.00,994410496,0,0
23.0205,171741184,116.9700,357.92,0,0,1,55.92,0.00,994410496,0,0
23.0317,171741184,117.0100,355.33,0,0,1,55.52,0.00,994410496,0,0
23.0429,171741184,117.0500,357.38,0,0,1,67.01,0.00,994410496,0,0
23.0540,171741184,117.0900,359.52,0,0,1,56.18,0.00,994410496,0,0
23.0651,171741184,117.1300,361.75,0,0,1,45.22,0.00,994410496,0,0
23.0759,171741184,117.1700,370.85,0,0,1,46.36,0.00,994410496,0,0
23.0870,171741184,117.2500,721.40,0,0,1,90.18,0.00,994410496,0,0
23.0985,171741184,117.2900,347.86,0,0,1,43.48,0.00,994410496,0,0
23.1092,171741184,117.3300,372.42,0,0,1,46.55,0.00,994410496,0,0
23.1200,171741184,117.3700,369.12,0,0,1,34.60,0.00,994410496,0,0
23.1313,172007424,117.4100,355.80,0,0,1,33.36,0.00,994410496,0,0
23.1424,172544000,117.4300,179.65,0,0,1,56.14,0.00,994410496,0,0
23.1537,172544000,117.4700,354.59,0,0,1,55.40,0.00,994410496,0,0
23.1650,172544000,117.5100,352.34,0,0,1,55.05,0.00,994410496,0,0
23.1760,172544000,117.5500,366.28,0,0,1,57.23,0.00,994410496,0,0
23.1872,172544000,117.6300,714.81,0,0,1,111.69,0.00,994410496,0,0
23.1983,172544000,117.6700,359.43,0,0,1,44.93,0.00,994410496,0,0
23.2095,172544000,117.7100,356.51,0,0,1,44.56,0.00,994410496,0,0
23.2205,172544000,117.7500,363.92,0,0,1,45.49,0.00,994410496,0,0
23.2316,172544000,117.7900,361.22,0,0,1,45.15,0.00,994410496,0,0
23.2424,172544000,117.8300,369.73,0,0,1,46.22,0.00,994410496,0,0
23.2533,172544000,117.8700,367.05,0,0,1,45.88,0.00,994410496,0,0
23.2646,172544000,117.9100,352.79,0,0,1,44.10,0.00,994410496,0,0
23.2755,172544000,117.9500,368.72,0,0,1,46.09,0.00,994410496,0,0
23.2864,172544000,118.0300,730.12,0,0,1,114.08,0.00,994410496,0,0
23.2977,172544000,118.0700,356.49,0,0,1,44.56,0.00,994410496,0,0
23.3089,172544000,118.1100,356.91,0,0,1,44.61,0.00,994410496,0,0
23.3200,172544000,118.1500,359.60,0,0,1,44.95,0.00,994410496,0,0
23.3312,172544000,118.1900,358.03,0,0,1,44.75,0.00,994410496,0,0
23.3424,172544000,118.2300,356.66,0,0,1,44.58,0.00,994410496,0,0
23.3538,172544000,118.2700,349.19,0,0,1,43.65,0.00,994410496,0,0
23.3650,172544000,118.3100,357.77,0,0,1,44.72,0.00,994410496,0,0
23.3762,172544000,118.3500,357.14,0,0,1,89.28,0.00,994410496,0,0
23.3875,172544000,118.4300,706.97,0,0,1,55.23,0.00,994410496,0,0
23.3987,172544000,118.4700,357.23,0,0,1,44.65,0.00,994410496,0,0
23.4098,172544000,118.5100,359.78,0,0,1,44.97,0.00,994410496,0,0
23.4210,172544000,118.5500,357.59,0,0,1,44.70,0.00,994410496,0,0
23.4323,172544000,118.5900,355.80,0,0,1,44.48,0.00,994410496,0,0
23.4435,172544000,118.6300,355.06,0,0,1,44.38,0.00,994410496,0,0
23.4548,172544000,118.6700,353.69,0,0,1,44.21,0.00,994410496,0,0
23.4661,172544000,118.7100,354.94,0,0,1,44.37,0.00,994410496,0,0
23.4774,172544000,118.7900,707.82,0,0,1,99.54,0.00,994410496,0,0
23.4883,172544000,118.8300,366.77,0,0,1,45.85,0.00,994410496,0,0
23.4996,172544000,118.8700,355.49,0,0,1,44.44,0.00,994410496,0,0
23.5107,172544000,118.9100,358.55,0,0,1,44.82,0.00,994410496,0,0
23.5218,172544000,118.9500,362.36,0,0,1,56.62,0.00,994410496,0,0
23.5328,172544000,118.9900,360.87,0,0,1,45.11,0.00,994410496,0,0
23.5437,172544000,119.0300,367.55,0,0,1,45.94,0.00,994410496,0,0
23.5550,172544000,119.0700,355.21,0,0,1,44.40,0.00,994410496,0,0
23.5661,172544000,119.1100,358.86,0,0,1,44.86,0.00,994410496,0,0
23.5772,172544000,119.1800,635.15,0,0,1,90.74,0.00,994410496,0,0
23.5880,172544000,119.2100,276.80,0,0,1,23.07,0.00,994410496,0,0
23.5988,172544000,119.2200,92.67,0,0,1,11.58,0.00,994410496,0,0
23.6096,172544000,119.2400,184.50,0,0,1,11.53,0.00,994410496,0,0
23.6206,172544000,119.2600,182.53,0,0,1,57.04,0.00,994410496,0,0
23.6318,172544000,119.3000,357.28,0,0,1,44.66,0.00,994410496,0,0
23.6426,172544000,119.3400,370.33,0,0,1,46.29,0.00,994410496,0,0
23.6535,172544000,119.3800,368.06,0,0,1,46.01,0.00,994410496,0,0
23.6646,172544000,119.4200,359.12,0,0,1,44.89,0.00,994410496,0,0
23.6756,172544000,119.4600,364.78,0,0,1,45.60,0.00,994410496,0,0
23.6865,172544000,119.5400,728.30,0,0,1,102.42,0.00,994410496,0,0
23.6978,172544000,119.5800,354.48,0,0,1,55.39,0.00,994410496,0,0
23.7089,172544000,119.6200,362.14,0,0,1,45.27,0.00,994410496,0,0
23.7198,172544000,119.6600,364.80,0,0,1,45.60,0.00,994410496,0,0
23.7311,172544000,119.7000,354.68,0,0,1,44.34,0.00,994410496,0,0
23.7421,172544000,119.7400,365.52,0,0,1,57.11,0.00,994410496,0,0
23.7530,172544000,119.7800,364.15,0,0,1,45.52,0.00,994410496,0,0
23.7647,172544000,119.8200,343.75,0,0,1,53.71,0.00,994410496,0,0
23.7755,172544000,119.8600,369.01,0,0,1,46.13,0.00,994410496,0,0
23.7864,172544000,119.9400,733.40,0,0,1,114.59,0.00,994410496,0,0
23.7978,172544000,119.9800,352.81,0,0,1,55.13,0.00,994410496,0,0
23.8086,172544000,120.0200,370.62,0,0,1,46.33,0.00,994410496,0,0
23.8196,172544000,120.0600,362.77,0,0,1,68.02,0.00,994410496,0,0
23.8312,172544000,120.1000,343.29,0,0,1,42.91,0.00,994410496,0,0
23.8422,172544000,120.1400,365.98,0,0,1,45.75,0.00,994410496,0,0
23.8536,172544000,120.1800,348.46,0,0,1,43.56,0.00,994410496,0,0
23.8648,172544000,120.2200,358.82,0,0,1,44.85,0.00,994410496,0,0
23.8757,172544000,120.2600,367.80,0,0,1,45.97,0.00,994410496,0,0
23.8873,172544000,120.3400,688.93,0,0,1,86.12,0.00,994410496,0,0
23.8985,172544000,120.3800,356.51,0,0,1,44.56,0.00,994410496,0,0
23.9094,172544000,120.4200,367.30,0,0,1,45.91,0.00,994410496,0,0
23.9203,172544000,120.4600,365.43,0,0,1,45.68,0.00,994410496,0,0
23.9314,172544000,120.5000,360.38,0,0,1,45.05,0.00,994410496,0,0
23.9423,172544000,120.5400,368.02,0,0,1,57.50,0.00,994410496,0,0
23.9536,172544000,120.5800,353.84,0,0,1,44.23,0.00,994410496,0,0
23.9648,172544000,120.6200,356.27,0,0,1,55.67,0.00,994410496,0,0
23.9759,172544000,120.6600,360.81,0,0,1,45.10,0.00,994410496,0,0
23.9870,172544000,120.7400,724.01,0,0,1,101.81,0.00,994410496,0,0
23.9981,172544000,120.7800,358.21,0,0,1,55.97,0.00,994410496,0,0
24.0093,172544000,120.8200,359.62,0,0,1,56.19,0.00,994410496,0,0
24.0205,172544000,120.8600,356.85,0,0,1,55.76,0.00,994410496,0,0
24.0317,172544000,120.9000,357.32,0,0,1,55.83,0.00,994410496,0,0
24.0427,172544000,120.9400,362.30,0,0,1,56.61,0.00,994410496,0,0
24.0539,172544000,120.9800,358.43,0,0,1,56.01,0.00,994410496,0,0
24.0650,172544000,121.0200,358.40,0,0,1,44.80,0.00,994410496,0,0
24.0763,172544000,121.0600,354.52,0,0,1,99.71,0.00,994410496,0,0
24.0875,172544000,121.1400,712.14,0,0,1,44.51,0.00,994410496,0,0
24.0987,172544000,121.1800,357.85,0,0,1,44.73,0.00,994410496,0,0
24.1098,172544000,121.2200,359.44,0,0,1,44.93,0.00,994410496,0,0
24.1211,172544000,121.2600,354.47,0,0,1,44.31,0.00,994410496,0,0
24.1323,172544000,121.3000,357.89,0,0,1,44.74,0.00,994410496,0,0
24.1437,172544000,121.3400,351.07,0,0,1,43.88,0.00,994410496,0,0
24.1547,172544000,121.3800,362.14,0,0,1,45.27,0.00,994410496,0,0
24.1660,172544000,121.4200,356.12,0,0,1,44.52,0.00,994410496,0,0
24.1774,172544000,121.5000,703.35,0,0,1,98.91,0.00,994410496,0,0
24.1888,172544000,121.5400,348.93,0,0,1,43.62,0.00,994410496,0,0
24.2001,172544000,121.5800,355.90,0,0,1,44.49,0.00,994410496,0,0
24.2112,172544000,121.6200,358.05,0,0,1,44.76,0.00,994410496,0,0
24.2226,172544000,121.6600,351.35,0,0,1,43.92,0.00,994410496,0,0
24.2339,172544000,121.7000,355.12,0,0,1,44.39,0.00,994410496,0,0
24.2452,172544000,121.7400,354.06,0,0,1,44.26,0.00,994410496,0,0
24.2562,172544000,121.7800,363.16,0,0,1,45.39,0.00,994410496,0,0
24.2674,172544000,121.8600,716.56,0,0,1,100.77,0.00,994410496,0,0
24.2785,172544000,121.9000,359.66,0,0,1,44.96,0.00,994410496,0,0
24.2894,172544000,121.9400,366.17,0,0,1,45.77,0.00,994410496,0,0
24.3003,172544000,121.9800,368.46,0,0,1,46.06,0.00,994410496,0,0
24.3111,172544000,122.0200,370.29,0,0,1,46.29,0.00,994410496,0,0
24.3220,172544000,122.0600,364.59,0,0,1,45.57,0.00,994410496,0,0
24.3333,172544000,122.1000,354.42,0,0,1,55.38,0.00,994410496,0,0
24.3445,172544000,122.1400,357.30,0,0,1,44.66,0.00,994410496,0,0
24.3557,172544000,122.1800,356.64,0,0,1,55.72,0.00,994410496,0,0
24.3669,172544000,122.2600,713.09,0,0,1,100.28,0.00,994410496,0,0
24.3778,172544000,122.3000,369.40,0,0,1,57.72,0.00,994410496,0,0
24.3889,172544000,122.3400,359.39,0,0,1,56.15,0.00,994410496,0,0
24.3999,172544000,122.3800,365.19,0,0,1,45.65,0.00,994410496,0,0
24.4110,172544000,122.4200,358.94,0,0,1,44.87,0.00,994410496,0,0
24.4222,172544000,122.4600,355.82,0,0,1,44.48,0.00,994410496,0,0
24.4334,172544000,122.5000,358.59,0,0,1,44.82,0.00,994410496,0,0
24.4443,172544000,122.5400,366.49,0,0,1,45.81,0.00,994410496,0,0
24.4555,172544000,122.5800,356.05,0,0,1,44.51,0.00,994410496,0,0
24.4666,172544000,122.6600,721.53,0,0,1,101.46,0.00,994410496,0,0
24.4776,172544000,122.7000,365.43,0,0,1,45.68,0.00,994410496,0,0
24.4885,172544000,122.7400,365.31,0,0,1,45.66,0.00,994410496,0,0
24.4997,172544000,122.7800,359.50,0,0,1,44.94,0.00,994410496,0,0
24.5108,172544000,122.8200,360.10,0,0,1,45.01,0.00,994410496,0,0
24.5220,172544000,122.8600,356.43,0,0,1,44.55,0.00,994410496,0,0
24.5331,172544000,122.9000,358.42,0,0,1,44.80,0.00,994410496,0,0
24.5446,172544000,122.9400,347.77,0,0,1,43.47,0.00,994410496,0,0
24.5562,172544000,122.9800,346.98,0,0,1,75.90,0.00,994410496,0,0
24.5675,172544000,123.0500,616.62,0,0,1,44.04,0.00,994410496,0,0
24.5794,172544000,123.0900,338.15,0,0,1,42.27,0.00,994410496,0,0
24.5908,172544000,123.1400,438.46,0,0,1,54.81,0.00,994410496,0,0
24.6021,172544000,123.1800,353.77,0,0,1,44.22,0.00,994410496,0,0
24.6138,172544000,123.2200,339.95,0,0,1,42.49,0.00,994410496,0,0
24.6247,172544000,123.2600,366.45,0,0,1,45.81,0.00,994410496,0,0
24.6355,172544000,123.3000,370.34,0,0,1,46.29,0.00,994410496,0,0
24.6467,172544000,123.3800,715.46,0,0,1,100.61,0.00,994410496,0,0
24.6577,172544000,123.4200,363.48,0,0,1,45.44,0.00,994410496,0,0
24.6723,172544000,123.4900,481.22,0,0,1,68.75,0.00,994410496,0,0
24.6835,155324416,123.5400,445.30,0,0,1,89.06,0.00,978358272,0,0
24.6944,155324416,123.5800,365.91,0,0,1,45.74,0.00,978358272,0,0
24.7053,155324416,123.6200,366.87,0,0,1,57.32,0.00,978358272,0,0
24.7162,155324416,123.6600,367.25,0,0,1,45.91,0.00,978358272,0,0
24.7271,155324416,123.7400,733.31,0,0,1,114.58,0.00,976781312,0,0
24.7383,155324416,123.7800,359.81,0,0,1,44.98,0.00,976781312,0,0
24.7494,155324416,123.8200,358.41,0,0,1,44.80,0.00,976781312,0,0
24.7605,155324416,123.8600,360.84,0,0,1,45.11,0.00,976781312,0,0
24.7717,155324416,123.9000,357.24,0,0,1,44.65,0.00,976781312,0,0
24.7829,155324416,123.9400,356.04,0,0,1,44.50,0.00,976781312,0,0
24.7939,155324416,123.9800,363.66,0,0,1,45.46,0.00,976781312,0,0
24.8049,155324416,124.0200,363.32,0,0,1,45.42,0.00,976781312,0,0
24.8162,155324416,124.0600,354.80,0,0,1,99.79,0.00,976781312,0,0
24.8274,155324416,124.1400,714.60,0,0,1,44.66,0.00,976781312,0,0
24.8386,155324416,124.1800,358.51,0,0,1,44.81,0.00,976781312,0,0
24.8499,155324416,124.2200,354.46,0,0,1,44.31,0.00,976781312,0,0
24.8609,155324416,124.2600,362.15,0,0,1,45.27,0.00,976781312,0,0
24.8720,155324416,124.3000,359.65,0,0,1,44.96,0.00,976781312,0,0
24.8830,155324416,124.3400,364.57,0,0,1,45.57,0.00,976781312,0,0
24.8939,155324416,124.3800,367.20,0,0,1,45.90,0.00,976781312,0,0
24.9051,155324416,124.4200,357.76,0,0,1,44.72,0.00,976781312,0,0
24.9162,155324416,124.4600,359.07,0,0,1,44.88,0.00,976781312,0,0
24.9272,155324416,124.5400,730.85,0,0,1,102.78,0.00,976781312,0,0
24.9380,155324416,124.5800,369.73,0,0,1,46.22,0.00,976781312,0,0
24.9490,155324416,124.6200,364.41,0,0,1,45.55,0.00,976781312,0,0
24.9600,155324416,124.6600,361.17,0,0,1,45.15,0.00,976781312,0,0
24.9709,155324416,124.7000,369.43,0,0,1,46.18,0.00,976781312,0,0
24.9817,155324416,124.7500,459.36,0,0,1,45.94,0.00,976781312,0,0
24.9927,155324416,124.7700,183.17,0,0,1,34.34,0.00,976781312,0,0
25.0037,155865088,124.7900,181.73,0,0,1,11.36,0.00,976781312,0,0
25.0148,156131328,124.8100,179.34,0,0,1,89.67,0.00,976781312,0,0
25.0260,156131328,124.8900,716.54,0,0,1,78.37,0.00,976781312,0,0
25.0372,156131328,125.0100,1071.50,0,0,1,156.26,0.00,976781312,0,0
25.0484,156131328,125.1200,977.22,0,0,1,111.05,0.00,976781312,0,0
25.0616,156131328,125.2000,605.83,0,0,1,75.73,0.00,976781312,0,0
25.0729,156131328,125.2800,711.52,0,0,1,88.94,0.00,976781312,0,0
25.0840,156131328,125.3600,719.49,0,0,1,89.94,0.00,976781312,0,0
25.0965,156131328,125.5000,1116.20,0,0,1,149.49,0.00,976781312,0,0
25.1079,156131328,125.5900,791.30,0,0,1,98.91,0.00,976781312,0,0
25.1191,156131328,125.6700,716.89,0,0,1,89.61,0.00,976781312,0,0
25.1319,156131328,125.7500,622.61,0,0,1,77.83,0.00,976781312,0,0
25.1438,156131328,125.8300,671.41,0,0,1,83.93,0.00,976781312,0,0
25.1579,156131328,125.9800,1070.83,0,0,1,142.78,0.00,976781312,0,0
25.1697,156131328,126.0600,675.81,0,0,1,84.48,0.00,976781312,0,0
25.1810,156131328,126.1400,706.01,0,0,1,88.25,0.00,976781312,0,0
25.1922,156131328,126.2200,715.18,0,0,1,89.40,0.00,976781312,0,0
25.2034,156131328,126.3000,711.86,0,0,1,88.98,0.00,976781312,0,0
25.2144,156131328,126.3900,819.82,0,0,1,91.09,0.00,976781312,0,0
25.2262,156131328,126.4600,594.90,0,0,1,84.99,0.00,976781312,0,0
25.2375,156131328,126.6000,1239.50,0,0,1,166.00,0.00,976781312,0,0
25.2485,156131328,126.6900,817.15,0,0,1,102.14,0.00,976781312,0,0
25.2596,156131328,126.7800,813.76,0,0,1,90.42,0.00,976781312,0,0
25.2709,156131328,126.8500,616.03,0,0,1,88.00,0.00,976781312,0,0
25.2895,156131328,127.0200,914.89,0,0,1,107.63,0.00,976781312,0,0
25.3007,156131328,127.0900,624.68,0,0,1,89.24,0.00,976781312,0,0
25.3212,156704768,127.2500,782.28,0,0,1,97.78,0.00,976781312,0,0
25.3327,156704768,127.3200,608.54,0,0,1,86.93,0.00,976781312,0,0
25.3456,154378240,127.4200,775.56,0,0,1,77.56,0.00,976371712,0,0
25.3569,154378240,127.5500,1150.29,0,0,1,176.97,0.00,976371712,0,0
25.3681,154378240,127.6300,714.08,0,0,1,89.26,0.00,976371712,0,0
25.3838,154378240,127.7100,507.22,0,0,1,63.40,0.00,976371712,0,0
25.3969,154378240,127.8600,1150.68,0,0,1,153.42,0.00,975769600,0,0
25.4079,154378240,127.9400,727.32,0,0,1,90.92,0.00,975769600,0,0
25.4193,154378240,128.0200,703.00,0,0,1,87.87,0.00,975769600,0,0
25.4313,154378240,128.1000,661.23,0,0,1,82.65,0.00,975769600,0,0
25.4424,154378240,128.1900,814.99,0,0,1,90.55,0.00,975769600,0,0
25.4559,154378240,128.2700,592.56,0,0,1,74.07,0.00,975769600,0,0
25.4671,154378240,128.4100,1247.86,0,0,1,178.27,0.00,975769600,0,0
25.4784,154378240,128.4900,708.67,0,0,1,88.58,0.00,975769600,0,0
25.4895,154378240,128.5800,809.79,0,0,1,89.98,0.00,975769600,0,0
25.5006,154378240,128.6500,631.57,0,0,1,90.22,0.00,975769600,0,0
25.5121,154378240,128.7300,692.55,0,0,1,86.57,0.00,975769600,0,0
25.5233,154378240,128.8200,807.22,0,0,1,89.69,0.00,975769600,0,0
25.5344,154378240,128.8900,633.25,0,0,1,90.46,0.00,975769600,0,0
25.5457,154378240,128.9800,792.51,0,0,1,154.10,0.00,975769600,0,0
25.5593,154378240,129.1300,1105.98,0,0,1,92.16,0.00,975769600,0,0
25.5708,154378240,129.2100,692.14,0,0,1,86.52,0.00,975769600,0,0
25.5840,154378240,129.2900,606.20,0,0,1,75.78,0.00,975769600,0,0
25.5966,154378240,129.4300,1116.89,0,0,1,149.58,0.00,975769600,0,0
25.6080,154378240,129.5200,784.83,0,0,1,98.10,0.00,975769600,0,0
25.6209,154378240,129.6000,622.24,0,0,1,77.78,0.00,975769600,0,0
25.6409,154378240,129.7600,797.78,0,0,1,99.72,0.00,975769600,0,0
25.6545,154378240,129.8400,591.26,0,0,1,73.91,0.00,975769600,0,0
25.6657,154378240,129.9200,710.12,0,0,1,88.76,0.00,975769600,0,0
25.6776,154378240,130.0600,1185.13,0,0,1,158.72,0.00,975769600,0,0
25.6902,154378240,130.1500,711.60,0,0,1,88.95,0.00,975769600,0,0
25.7014,154378240,130.2200,622.76,0,0,1,77.84,0.00,975769600,0,0
25.7141,154378240,130.3200,791.50,0,0,1,89.04,0.00,975769600,0,0
25.7254,154378240,130.3900,618.17,0,0,1,88.31,0.00,975769600,0,0
25.7396,154378240,130.5400,1054.80,0,0,1,131.85,0.00,975769600,0,0
25.7508,154378240,130.6300,804.31,0,0,1,100.54,0.00,975769600,0,0
25.7653,154378240,130.7100,550.51,0,0,1,68.81,0.00,975769600,0,0
25.7766,154378240,130.8500,1246.91,0,0,1,167.00,0.00,975769600,0,0
25.7900,154378240,130.9400,670.79,0,0,1,83.85,0.00,975769600,0,0
25.8013,154378240,131.0200,706.95,0,0,1,88.37,0.00,975769600,0,0
25.8189,154378240,131.1700,852.98,0,0,1,113.73,0.00,975769600,0,0
25.8309,154378240,131.2500,663.98,0,0,1,83.00,0.00,975769600,0,0
25.8421,154378240,131.3300,716.74,0,0,1,89.59,0.00,975769600,0,0
25.8535,154378240,131.4100,703.30,0,0,1,87.91,0.00,975769600,0,0
25.8648,154378240,131.5000,795.54,0,0,1,88.39,0.00,975769600,0,0
25.8761,154378240,131.6400,1233.23,0,0,1,176.18,0.00,975769600,0,0
25.8882,154378240,131.7200,663.78,0,0,1,82.97,0.00,975769600,0,0
25.8995,154378240,131.8000,704.45,0,0,1,88.06,0.00,975769600,0,0
25.9228,154378240,131.9600,689.38,0,0,1,86.17,0.00,975769600,0,0
25.9426,154378240,132.1200,807.51,0,0,1,100.94,0.00,975769600,0,0
25.9581,154378240,132.2600,901.52,0,0,1,120.74,0.00,975769600,0,0
25.9787,154378240,132.4200,776.18,0,0,1,97.02,0.00,975769600,0,0
25.9946,154378240,132.5100,564.98,0,0,1,54.93,0.00,975769600,0,0
26.0106,154378240,132.6600,939.03,0,0,1,109.55,0.00,975769600,0,0
26.0268,154378240,132.8000,865.09,0,0,1,115.86,0.00,975769600,0,0
26.0428,154378240,132.9000,624.91,0,0,1,62.49,0.00,975769600,0,0
26.0588,154378240,133.0300,814.00,0,0,1,109.58,0.00,975769600,0,0
26.0749,154378240,133.1400,683.53,0,0,1,62.14,0.00,975769600,0,0
26.0909,154378240,133.2600,747.01,0,0,1,93.38,0.00,975769600,0,0
26.1068,154378240,133.4100,947.41,0,0,1,126.32,0.00,975769600,0,0
26.1228,154378240,133.5200,685.23,0,0,1,70.08,0.00,975769600,0,0
26.1385,154378240,133.6600,891.92,0,0,1,119.45,0.00,975769600,0,0
26.1547,154378240,133.7800,741.78,0,0,1,69.54,0.00,975769600,0,0
26.1707,154378240,133.9100,811.16,0,0,1,93.60,0.00,975769600,0,0
26.1871,154378240,134.2400,2009.83,0,0,1,251.23,0.00,975769600,0,0
26.2313,154378240,134.3700,294.41,0,0,1,36.80,0.00,975769600,0,0
26.2524,154378240,134.5500,851.19,0,0,1,106.40,0.00,975769600,0,0
26.2683,154378240,134.7000,944.28,0,0,1,118.03,0.00,975769600,0,0
26.2842,154378240,134.8100,691.98,0,0,1,70.77,0.00,975769600,0,0
26.3005,154378240,134.9500,861.55,0,0,1,123.08,0.00,975769600,0,0
26.3164,154378240,135.0700,752.37,0,0,1,94.05,0.00,975769600,0,0
26.3324,154378240,135.1700,625.86,0,0,1,62.59,0.00,975769600,0,0
26.3481,154378240,135.2900,761.76,0,0,1,119.03,0.00,975769600,0,0
26.3641,154378240,135.4100,750.22,0,0,1,78.15,0.00,975769600,0,0
26.3800,154378240,135.5600,945.43,0,0,1,118.18,0.00,975769600,0,0
26.3961,154378240,135.6600,622.99,0,0,1,101.24,0.00,975769600,0,0
26.4122,154378240,135.8000,869.57,0,0,1,69.88,0.00,975769600,0,0
26.4283,154378240,135.9500,926.97,0,0,1,123.60,0.00,975769600,0,0
26.4411,154378240,136.0600,864.31,0,0,1,88.40,0.00,975769600,0,0
26.4653,154378240,136.2300,701.78,0,0,1,87.72,0.00,975769600,0,0
26.4811,154378240,136.3500,758.88,0,0,1,118.58,0.00,975769600,0,0
26.4965,154378240,136.5100,1041.72,0,0,1,130.22,0.00,975769600,0,0
26.5081,154378240,136.5800,602.86,0,0,1,75.36,0.00,975769600,0,0
26.5200,154378240,136.6800,839.42,0,0,1,104.93,0.00,975769600,0,0
26.5350,154378240,136.7700,598.91,0,0,1,66.55,0.00,975769600,0,0
26.5465,154378240,136.8900,1047.06,0,0,1,152.70,0.00,975769600,0,0
26.5602,154378240,136.9900,731.09,0,0,1,91.39,0.00,975769600,0,0
26.5716,154378240,137.0700,700.58,0,0,1,87.57,0.00,975769600,0,0
26.5830,154378240,137.2100,1227.22,0,0,1,164.36,0.00,975769600,0,0
26.5990,154378240,137.3000,561.17,0,0,1,70.15,0.00,975769600,0,0
26.6231,154378240,137.4600,664.76,0,0,1,83.09,0.00,975769600,0,0
26.6434,154378240,137.6100,737.66,0,0,1,98.35,0.00,975769600,0,0
26.6636,154378240,137.7700,792.23,0,0,1,99.03,0.00,975769600,0,0
26.6834,154378240,137.9300,808.36,0,0,1,94.73,0.00,975769600,0,0
26.6970,154378240,138.0500,885.34,0,0,1,147.56,0.00,975769600,0,0
26.7097,154378240,138.1900,1100.88,0,0,1,147.44,0.00,975769600,0,0
26.7313,154378240,138.2700,369.74,0,0,1,57.77,0.00,975900672,0,0
26.7428,154378240,138.3400,612.20,0,0,1,76.52,0.00,975900672,0,0
26.7542,154378240,138.4200,697.19,0,0,1,98.04,0.00,975900672,0,0
26.7730,154378240,138.5600,746.74,0,0,1,106.68,0.00,975900672,0,0
26.7909,154378240,138.7100,839.06,0,0,1,111.87,0.00,975900672,0,0
26.8070,154378240,138.8600,928.61,0,0,1,116.08,0.00,975900672,0,0
26.8191,154378240,138.9500,743.77,0,0,1,92.97,0.00,975900672,0,0
26.8405,154378240,139.1100,747.74,0,0,1,93.47,0.00,975900672,0,0
26.8556,154378240,139.1900,529.39,0,0,1,66.17,0.00,975900672,0,0
26.8671,154378240,139.3300,1214.40,0,0,1,173.49,0.00,975900672,0,0
26.8789,154378240,139.4200,768.04,0,0,1,85.34,0.00,975900672,0,0
26.8905,154378240,139.4900,599.89,0,0,1,74.99,0.00,975900672,0,0
26.9018,154378240,139.5800,795.62,0,0,1,99.45,0.00,975900672,0,0
26.9131,154378240,139.6600,711.53,0,0,1,88.94,0.00,975900672,0,0
26.9242,154378240,139.7400,717.12,0,0,1,89.64,0.00,975900672,0,0
26.9354,154378240,139.8200,719.41,0,0,1,89.93,0.00,975900672,0,0
26.9465,154378240,139.9700,1347.92,0,0,1,179.72,0.00,975900672,0,0
26.9586,154378240,140.0500,658.86,0,0,1,82.36,0.00,975900672,0,0
26.9702,154378240,140.1300,690.98,0,0,1,86.37,0.00,975900672,0,0
26.9813,154378240,140.2100,721.24,0,0,1,90.16,0.00,975900672,0,0
26.9925,154378240,140.2900,712.79,0,0,1,89.10,0.00,975900672,0,0
27.0039,154378240,140.3700,701.83,0,0,1,87.73,0.00,975900672,0,0
27.0199,154378240,140.5100,874.02,0,0,1,117.06,0.00,975900672,0,0
27.0312,154378240,140.6000,800.03,0,0,1,100.00,0.00,975900672,0,0
27.0424,154378240,140.6800,711.18,0,0,1,88.90,0.00,975900672,0,0
27.0537,154378240,140.7600,709.78,0,0,1,88.72,0.00,975900672,0,0
27.0650,154378240,140.8400,711.45,0,0,1,88.93,0.00,975900672,0,0
27.0761,154378240,140.9200,718.89,0,0,1,89.86,0.00,975900672,0,0
27.0872,154378240,141.0600,1255.02,0,0,1,168.08,0.00,975900672,0,0
27.0983,154378240,141.1500,812.37,0,0,1,101.55,0.00,975900672,0,0
27.1095,154378240,141.2300,715.40,0,0,1,89.42,0.00,975900672,0,0
27.1205,154378240,141.3000,634.38,0,0,1,90.63,0.00,975900672,0,0
27.1317,154378240,141.3900,804.95,0,0,1,89.44,0.00,975900672,0,0
27.1430,154378240,141.4700,710.78,0,0,1,88.85,0.00,975900672,0,0
27.1545,154378240,141.5500,691.94,0,0,1,86.49,0.00,975900672,0,0
27.1707,154378240,141.7100,991.34,0,0,1,123.92,0.00,975900672,0,0
27.1853,154378240,141.8500,959.52,0,0,1,128.51,0.00,975900672,0,0
27.1980,154378240,141.9400,706.54,0,0,1,88.32,0.00,975900672,0,0
27.2095,154378240,142.0200,693.69,0,0,1,86.71,0.00,975900672,0,0
27.2220,154378240,142.1000,640.25,0,0,1,80.03,0.00,975900672,0,0
27.2331,154378240,142.1800,721.21,0,0,1,90.15,0.00,975900672,0,0
27.2446,154378240,142.2700,781.82,0,0,1,86.87,0.00,975900672,0,0
27.2574,154378240,142.4000,1015.67,0,0,1,146.49,0.00,975900672,0,0
27.2711,154378240,142.4900,659.16,0,0,1,64.09,0.00,975900672,0,0
27.2856,154378240,142.5900,689.53,0,0,1,86.19,0.00,975900672,0,0
27.2969,154378240,142.7200,1153.37,0,0,1,177.44,0.00,975900672,0,0
27.3082,154378240,142.8000,704.47,0,0,1,88.06,0.00,975900672,0,0
27.3201,154378240,142.8900,760.27,0,0,1,84.47,0.00,975900672,0,0
27.3315,154378240,142.9600,610.54,0,0,1,87.22,0.00,975900672,0,0
27.3428,154378240,143.0400,707.59,0,0,1,88.45,0.00,975900672,0,0
27.3549,154378240,143.1200,662.90,0,0,1,82.86,0.00,975900672,0,0
27.3747,154378240,143.2900,859.20,0,0,1,101.08,0.00,975900672,0,0
27.3888,154378240,143.4400,1064.92,0,0,1,141.99,0.00,975900672,0,0
27.4119,154378240,143.6000,691.44,0,0,1,86.43,0.00,975900672,0,0
27.4291,154378240,143.7400,813.70,0,0,1,108.98,0.00,975900672,0,0
27.4453,154378240,143.8400,616.69,0,0,1,69.38,0.00,975900672,0,0
27.4597,154378240,143.9800,974.69,0,0,1,139.24,0.00,975900672,0,0
27.4723,154378240,144.0600,636.49,0,0,1,69.62,0.00,975900672,0,0
27.4847,154378240,144.1600,803.31,0,0,1,90.37,0.00,975900672,0,0
27.5025,154378240,144.2900,730.97,0,0,1,112.46,0.00,975900672,0,0
27.5138,154378240,144.3800,794.17,0,0,1,88.24,0.00,975900672,0,0
27.5283,154378240,144.5200,966.33,0,0,1,138.05,0.00,975900672,0,0
27.5456,154378240,144.6100,519.93,0,0,1,57.77,0.00,975900672,0,0
27.5569,154378240,144.7300,1068.17,0,0,1,178.03,0.00,975900672,0,0
27.5721,154378240,144.8400,723.00,0,0,1,65.73,0.00,975900672,0,0
27.5888,154378240,144.9700,778.85,0,0,1,112.33,0.00,975900672,0,0
27.6002,154378240,145.0600,786.06,0,0,1,98.26,0.00,975900672,0,0
27.6130,154378240,145.1500,702.40,0,0,1,78.04,0.00,975900672,0,0
27.6243,154378240,145.2300,706.86,0,0,1,88.36,0.00,975900672,0,0
27.6386,154378240,145.3700,979.25,0,0,1,139.89,0.00,975900672,0,0
27.6533,154378240,145.4500,544.02,0,0,1,68.00,0.00,975900672,0,0
27.6645,154378240,145.5300,714.88,0,0,1,89.36,0.00,975900672,0,0
27.6758,154378240,145.6200,797.14,0,0,1,88.57,0.00,975900672,0,0
27.6871,154378240,145.7500,1153.85,0,0,1,166.42,0.00,975900672,0,0
27.6983,154378240,145.8400,806.57,0,0,1,100.82,0.00,975900672,0,0
27.7092,154378240,145.9200,729.73,0,0,1,91.22,0.00,975900672,0,0
27.7205,154378240,145.9900,620.36,0,0,1,77.54,0.00,975900672,0,0
27.7318,154378240,146.0800,795.82,0,0,1,88.42,0.00,975900672,0,0
27.7478,154378240,146.2200,874.59,0,0,1,124.94,0.00,975900672,0,0
27.7592,154378240,146.3000,702.80,0,0,1,87.85,0.00,975900672,0,0
27.7705,154378240,146.3800,705.73,0,0,1,77.19,0.00,975900672,0,0
27.7823,154378240,146.5300,1278.76,0,0,1,181.16,0.00,975900672,0,0
27.8043,154378240,146.6800,680.30,0,0,1,90.71,0.00,975900672,0,0
27.8190,154378240,146.7500,476.72,0,0,1,59.59,0.00,975900672,0,0
27.8302,154378240,146.8400,806.03,0,0,1,100.75,0.00,975900672,0,0
27.8414,154378240,146.9100,622.80,0,0,1,88.97,0.00,975900672,0,0
27.8531,154378240,147.0000,767.47,0,0,1,85.27,0.00,975900672,0,0
27.8675,154378240,147.1400,977.01,0,0,1,130.85,0.00,975900672,0,0
27.8790,154378240,147.2200,692.73,0,0,1,97.42,0.00,975900672,0,0
27.8902,154378240,147.3000,716.17,0,0,1,89.52,0.00,975900672,0,0
27.9013,154378240,147.3900,806.67,0,0,1,89.63,0.00,975900672,0,0
27.9124,154378240,147.4700,723.91,0,0,1,90.49,0.00,975900672,0,0
27.9245,154378240,147.5500,658.82,0,0,1,82.35,0.00,975900672,0,0
27.9357,154378240,147.6300,716.32,0,0,1,89.54,0.00,975900672,0,0
27.9468,154378240,147.7700,1256.63,0,0,1,179.52,0.00,975900672,0,0
27.9579,154378240,147.8500,722.82,0,0,1,90.35,0.00,975900672,0,0
27.9690,154378240,147.9200,631.50,0,0,1,78.94,0.00,975900672,0,0
27.9802,154378240,148.0100,806.49,0,0,1,100.81,0.00,975900672,0,0
27.9915,154378240,148.0900,706.09,0,0,1,88.26,0.00,975900672,0,0
28.0029,154378240,148.1700,701.88,0,0,1,87.73,0.00,975900672,0,0
28.0140,154378240,148.2500,720.26,0,0,1,90.03,0.00,975900672,0,0
28.0272,154378240,148.4000,1135.25,0,0,1,151.37,0.00,975900672,0,0
28.0390,154378240,148.4800,677.85,0,0,1,84.73,0.00,975900672,0,0
28.0560,154378240,148.6100,766.99,0,0,1,103.25,0.00,975900672,0,0
28.0729,154378240,148.7300,707.63,0,0,1,73.71,0.00,975900672,0,0
28.0874,154378240,148.8500,830.11,0,0,1,138.35,0.00,975900672,0,0
28.1025,154378240,148.9500,661.19,0,0,1,66.12,0.00,975900672,0,0
28.1136,154378240,149.0300,718.23,0,0,1,89.78,0.00,975900672,0,0
28.1249,154378240,149.1100,707.90,0,0,1,88.49,0.00,975900672,0,0
28.1411,154378240,149.2600,929.09,0,0,1,123.88,0.00,975900672,0,0
28.1605,154378240,149.4100,770.95,0,0,1,102.79,0.00,975900672,0,0
28.1743,154378240,149.5000,651.69,0,0,1,72.41,0.00,975900672,0,0
28.1868,154378240,149.6200,966.02,0,0,1,140.88,0.00,975900672,0,0
28.2047,154378240,149.7200,558.60,0,0,1,69.83,0.00,975900672,0,0
28.2165,154378240,149.8600,1185.75,0,0,1,158.81,0.00,975900672,0,0
28.2327,154378240,149.9400,494.21,0,0,1,69.50,0.00,975900672,0,0
28.2459,154378240,150.0400,755.08,0,0,1,75.51,0.00,975900672,0,0
28.2573,154378240,150.1600,1053.91,0,0,1,164.67,0.00,975900672,0,0
28.2689,154378240,150.2500,773.82,0,0,1,96.73,0.00,975900672,0,0
28.2806,154378240,150.3300,684.55,0,0,1,85.57,0.00,975900672,0,0
28.2920,154378240,150.4100,700.19,0,0,1,87.52,0.00,975900672,0,0
28.3049,154378240,150.5000,701.21,0,0,1,77.91,0.00,975900672,0,0
28.3167,154378240,150.6200,1010.42,0,0,1,147.35,0.00,975900672,0,0
28.3280,154378240,150.7200,887.04,0,0,1,110.88,0.00,975900672,0,0
28.3391,154378240,150.8100,810.60,0,0,1,90.07,0.00,975900672,0,0
28.3505,154378240,150.8900,699.88,0,0,1,87.49,0.00,975900672,0,0
28.3636,154378240,150.9700,614.94,0,0,1,76.87,0.00,975900672,0,0
28.3748,154378240,151.0500,709.49,0,0,1,88.69,0.00,975900672,0,0
28.3873,154378240,151.1800,1045.89,0,0,1,150.85,0.00,975900672,0,0
28.3986,154378240,151.2700,793.23,0,0,1,99.15,0.00,975900672,0,0
28.4107,154378240,151.3500,661.18,0,0,1,82.65,0.00,975900672,0,0
28.4229,154378240,151.4300,654.52,0,0,1,81.82,0.00,975900672,0,0
28.4357,154378240,151.5100,627.27,0,0,1,78.41,0.00,975900672,0,0
28.4469,154378240,151.6500,1253.22,0,0,1,179.03,0.00,975900672,0,0
28.4620,154378240,151.7300,527.18,0,0,1,65.90,0.00,975900672,0,0
28.4735,154378240,151.8300,871.05,0,0,1,87.11,0.00,975900672,0,0
28.4847,154378240,151.9000,628.25,0,0,1,89.75,0.00,975900672,0,0
28.4962,154378240,151.9900,777.28,0,0,1,172.73,0.00,975900672,0,0
28.5081,154378240,152.1200,1093.54,0,0,1,84.12,0.00,975900672,0,0
28.5206,154378240,152.1900,561.81,0,0,1,70.23,0.00,975900672,0,0
28.5317,154378240,152.2900,897.41,0,0,1,100.96,0.00,975900672,0,0
28.5455,154378240,152.3700,579.34,0,0,1,72.42,0.00,975900672,0,0
28.5570,154378240,152.5100,1221.39,0,0,1,174.48,0.00,975900672,0,0
28.5694,154378240,152.5900,646.28,0,0,1,80.78,0.00,975900672,0,0
28.5806,154378240,152.6700,712.05,0,0,1,89.01,0.00,975900672,0,0
28.5919,154378240,152.7500,708.16,0,0,1,88.52,0.00,975900672,0,0
28.6038,154378240,152.8300,674.88,0,0,1,84.36,0.00,975900672,0,0
28.6148,154378240,152.9800,1354.80,0,0,1,180.64,0.00,975900672,0,0
28.6299,154378240,153.0600,532.47,0,0,1,66.56,0.00,975900672,0,0
28.6414,154378240,153.1400,690.61,0,0,1,86.33,0.00,975900672,0,0
28.6532,154378240,153.2200,679.43,0,0,1,84.93,0.00,975900672,0,0
28.6649,154378240,153.3000,686.48,0,0,1,85.81,0.00,975900672,0,0
28.6760,154378240,153.3900,810.36,0,0,1,90.04,0.00,975900672,0,0
28.6877,154378240,153.5200,1108.23,0,0,1,170.50,0.00,975900672,0,0
28.6988,154378240,153.6000,719.59,0,0,1,89.95,0.00,975900672,0,0
28.7182,154378240,153.7400,724.00,0,0,1,90.50,0.00,975900672,0,0
28.7299,154378240,153.8300,767.42,0,0,1,106.59,0.00,975900672,0,0
28.7416,154378240,153.9100,684.94,0,0,1,85.62,0.00,975900672,0,0
28.7534,154378240,153.9900,674.41,0,0,1,84.30,0.00,975900672,0,0
28.7646,154378240,154.0800,807.00,0,0,1,145.71,0.00,975900672,0,0
28.7795,154378240,154.2200,938.72,0,0,1,92.20,0.00,975900672,0,0
28.7908,154378240,154.3000,709.61,0,0,1,88.70,0.00,975900672,0,0
28.8022,154378240,154.3800,697.34,0,0,1,87.17,0.00,975900672,0,0
28.8133,154378240,154.4600,720.90,0,0,1,90.11,0.00,975900672,0,0
28.8245,154378240,154.5400,718.44,0,0,1,89.80,0.00,975900672,0,0
28.8392,154378240,154.6900,1019.34,0,0,1,135.91,0.00,975900672,0,0
28.8504,154378240,154.7700,710.56,0,0,1,88.82,0.00,975900672,0,0
28.8616,154378240,154.8500,716.79,0,0,1,89.60,0.00,975900672,0,0
28.8731,154378240,154.9300,695.21,0,0,1,86.90,0.00,975900672,0,0
28.8864,154378240,155.0600,975.62,0,0,1,140.71,0.00,975900672,0,0
28.8977,154378240,155.1500,799.17,0,0,1,99.90,0.00,975900672,0,0
28.9118,154378240,155.2300,569.29,0,0,1,71.16,0.00,975900672,0,0
28.9230,154378240,155.3100,712.91,0,0,1,89.11,0.00,975900672,0,0
28.9342,154378240,155.4600,1334.64,0,0,1,177.95,0.00,975900672,0,0
28.9484,154378240,155.5300,494.52,0,0,1,61.82,0.00,975900672,0,0
28.9645,154378240,155.6300,619.61,0,0,1,69.71,0.00,975900672,0,0
28.9772,154378240,155.7300,786.20,0,0,1,117.93,0.00,975900672,0,0
28.9886,154378240,155.8200,788.35,0,0,1,98.54,0.00,975900672,0,0
29.0004,154378240,155.9000,679.24,0,0,1,74.29,0.00,975900672,0,0
29.0118,154378240,155.9700,613.54,0,0,1,76.69,0.00,975900672,0,0
29.0235,154378240,156.0200,426.92,0,0,1,42.69,0.00,975900672,0,0
29.0348,154378240,156.0500,265.88,0,0,1,44.31,0.00,975900672,0,0
29.0463,154378240,156.0900,349.84,0,0,1,120.26,0.00,975900672,0,0
29.0577,154378240,156.1700,698.71,0,0,1,54.59,0.00,975900672,0,0
29.0691,154378240,156.2100,350.47,0,0,1,43.81,0.00,975900672,0,0
29.0804,154378240,156.2500,355.43,0,0,1,55.54,0.00,975900672,0,0
29.0917,154378240,156.2900,353.63,0,0,1,55.25,0.00,975900672,0,0
29.1030,154378240,156.3300,355.15,0,0,1,55.49,0.00,975900672,0,0
29.1143,154378240,156.3700,353.16,0,0,1,55.18,0.00,975900672,0,0
29.1259,154378240,156.4100,343.58,0,0,1,42.95,0.00,977977344,0,0
29.1374,154378240,156.4900,698.02,0,0,1,109.07,0.00,977977344,0,0
29.1489,154378240,156.5300,348.72,0,0,1,54.49,0.00,977977344,0,0
29.1607,154378240,156.5700,337.00,0,0,1,42.12,0.00,977977344,0,0
29.1723,154378240,156.6100,345.31,0,0,1,53.95,0.00,977977344,0,0
29.1837,154378240,156.6500,352.44,0,0,1,44.06,0.00,977977344,0,0
29.1950,154378240,156.6900,351.05,0,0,1,43.88,0.00,977977344,0,0
29.2064,154378240,156.7600,619.19,0,0,1,121.63,0.00,977977344,0,0
29.2177,154378240,156.8100,440.45,0,0,1,55.06,0.00,977977344,0,0
29.2290,154378240,156.8500,355.31,0,0,1,55.52,0.00,977977344,0,0
29.2400,154378240,156.8900,363.25,0,0,1,56.76,0.00,977977344,0,0
29.2514,154378240,156.9300,350.80,0,0,1,54.81,0.00,977977344,0,0
29.2626,154378240,156.9700,356.12,0,0,1,55.64,0.00,977977344,0,0
29.2736,154378240,157.0100,364.30,0,0,1,56.92,0.00,977977344,0,0
29.2846,154378240,157.0500,362.67,0,0,1,56.67,0.00,977977344,0,0
29.2958,154378240,157.0900,357.56,0,0,1,44.70,0.00,977977344,0,0
29.3068,154378240,157.1700,726.60,0,0,1,102.18,0.00,977977344,0,0
29.3180,154378240,157.2100,359.28,0,0,1,44.91,0.00,977977344,0,0
29.3288,154378240,157.2500,368.59,0,0,1,57.59,0.00,977977344,0,0
29.3396,154378240,157.2900,369.56,0,0,1,46.19,0.00,977977344,0,0
29.3507,154378240,157.3300,362.03,0,0,1,45.25,0.00,977977344,0,0
29.3618,154378240,157.3700,358.96,0,0,1,56.09,0.00,977977344,0,0
29.3729,154378240,157.4100,359.43,0,0,1,44.93,0.00,977977344,0,0
29.3840,154378240,157.4500,362.50,0,0,1,56.64,0.00,977977344,0,0
29.3954,154378240,157.4900,351.12,0,0,1,43.89,0.00,977977344,0,0
29.4067,154378240,157.5700,705.54,0,0,1,110.24,0.00,977977344,0,0
29.4179,154378240,157.6100,356.36,0,0,1,55.68,0.00,977977344,0,0
29.4291,154378240,157.6500,359.74,0,0,1,44.97,0.00,977977344,0,0
29.4400,154378240,157.6900,366.14,0,0,1,57.21,0.00,977977344,0,0
29.4510,154378240,157.7300,363.48,0,0,1,45.44,0.00,977977344,0,0
29.4622,154378240,157.7700,356.65,0,0,1,44.58,0.00,977977344,0,0
29.4735,154378240,157.8100,353.42,0,0,1,44.18,0.00,977977344,0,0
29.4848,154378240,157.8500,353.79,0,0,1,55.28,0.00,977977344,0,0
29.4960,154378240,157.8900,356.62,0,0,1,55.72,0.00,977977344,0,0
29.5070,154378240,157.9700,733.27,0,0,1,114.57,0.00,977977344,0,0
29.5182,154378240,158.0100,355.78,0,0,1,44.47,0.00,977977344,0,0
29.5294,154378240,158.0500,356.44,0,0,1,55.69,0.00,977977344,0,0
29.5404,154378240,158.0900,365.45,0,0,1,57.10,0.00,977977344,0,0
29.5518,154378240,158.1300,350.09,0,0,1,43.76,0.00,977977344,0,0
29.5627,154378240,158.1700,367.41,0,0,1,57.41,0.00,977977344,0,0
29.5736,154378240,158.2100,366.06,0,0,1,45.76,0.00,977977344,0,0
29.5849,154378240,158.2500,355.38,0,0,1,44.42,0.00,977977344,0,0
29.5959,154378240,158.2900,361.25,0,0,1,45.16,0.00,977977344,0,0
29.6069,154378240,158.3700,726.17,0,0,1,102.12,0.00,977977344,0,0
29.6181,154378240,158.4100,357.67,0,0,1,44.71,0.00,977977344,0,0
29.6291,154378240,158.4500,365.34,0,0,1,45.67,0.00,977977344,0,0
29.6403,154378240,158.4900,356.04,0,0,1,44.50,0.00,977977344,0,0
29.6516,154378240,158.5300,353.74,0,0,1,44.22,0.00,977977344,0,0
29.6630,154378240,158.5700,352.25,0,0,1,44.03,0.00,977977344,0,0
29.6743,154378240,158.6100,353.32,0,0,1,44.16,0.00,977977344,0,0
29.6856,154378240,158.6500,353.25,0,0,1,44.16,0.00,977977344,0,0
29.6969,154378240,158.7300,708.06,0,0,1,88.51,0.00,977977344,0,0
29.7082,154378240,158.7700,353.07,0,0,1,44.13,0.00,977977344,0,0
29.7195,154378240,158.8100,356.33,0,0,1,44.54,0.00,977977344,0,0
29.7309,154378240,158.8500,351.05,0,0,1,65.82,0.00,977977344,0,0
29.7430,154378240,158.8900,328.96,0,0,1,51.40,0.00,977977344,0,0
29.7545,154378240,158.9300,349.44,0,0,1,43.68,0.00,977977344,0,0
29.7661,154378240,159.0100,686.68,0,0,1,107.29,0.00,977977344,0,0
29.7780,154378240,159.0500,336.87,0,0,1,52.64,0.00,977977344,0,0
29.7893,154378240,159.0900,355.34,0,0,1,44.42,0.00,977977344,0,0
29.8005,154378240,159.1300,355.76,0,0,1,44.47,0.00,977977344,0,0
29.8119,154648576,159.1700,349.36,0,0,1,43.67,0.00,977977344,0,0
29.8230,154648576,159.2000,272.30,0,0,1,34.04,0.00,977977344,0,0
29.8344,154648576,159.2300,262.98,0,0,1,32.87,0.00,977977344,0,0
29.8466,154648576,159.2700,327.00,0,0,1,51.09,0.00,977977344,0,0
29.8580,154648576,159.2900,174.84,0,0,1,21.85,0.00,977977344,0,0
29.8690,154648576,159.3100,181.97,0,0,1,22.75,0.00,977977344,0,0
29.8801,154648576,159.3300,180.50,0,0,1,22.56,0.00,977977344,0,0
29.8915,154648576,159.3500,176.29,0,0,1,22.04,0.00,977977344,0,0
29.9026,154648576,159.3700,179.91,0,0,1,22.49,0.00,977977344,0,0
29.9138,154648576,159.3900,178.09,0,0,1,22.26,0.00,977977344,0,0
29.9253,154648576,159.4100,174.51,0,0,1,10.91,0.00,977846272,0,0
29.9363,154648576,159.4200,90.97,0,0,1,11.37,0.00,977846272,0,0
29.9474,154648576,159.4400,179.82,0,0,1,33.72,0.00,977846272,0,0
29.9589,154648576,159.4500,86.65,0,0,1,10.83,0.00,977846272,0,0
29.9700,154648576,159.4600,89.98,0,0,1,11.25,0.00,977846272,0,0
29.9816,154648576,159.4700,86.59,0,0,1,10.82,0.00,977846272,0,0
29.9938,154648576,159.4800,81.67,0,0,1,10.21,0.00,977846272,0,0
30.0053,154648576,159.4900,87.13,0,0,1,10.89,0.00,977846272,0,0
30.0168,154648576,159.5100,173.75,0,0,1,32.58,0.00,977846272,0,0
30.0284,154648576,159.5200,86.43,0,0,1,10.80,0.00,977846272,0,0
30.0399,154648576,159.5300,86.52,0,0,1,10.81,0.00,977846272,0,0
30.0515,154648576,159.5400,86.68,0,0,1,10.83,0.00,977846272,0,0
30.0628,154648576,159.5600,176.53,0,0,1,44.13,0.00,977846272,0,0
30.0740,154648576,159.6000,356.90,0,0,1,55.77,0.00,977846272,0,0
30.0851,154648576,159.6400,360.96,0,0,1,56.40,0.00,977846272,0,0
30.0964,154648576,159.7200,705.84,0,0,1,99.26,0.00,977846272,0,0
30.1079,154648576,159.7600,347.70,0,0,1,54.33,0.00,977846272,0,0
30.1191,154648576,159.8000,359.63,0,0,1,56.19,0.00,977846272,0,0
30.1305,154648576,159.8400,348.70,0,0,1,54.48,0.00,977846272,0,0
30.1423,154648576,159.8800,339.97,0,0,1,42.50,0.00,977846272,0,0
30.1536,154648576,159.9200,354.68,0,0,1,44.34,0.00,977846272,0,0
30.1650,154648576,159.9600,350.53,0,0,1,43.82,0.00,977846272,0,0
30.1764,154648576,160.0000,351.64,0,0,1,87.91,0.00,977846272,0,0
30.1873,154648576,160.0800,729.62,0,0,1,57.00,0.00,977846272,0,0
30.1985,154648576,160.1200,359.41,0,0,1,44.93,0.00,977846272,0,0
30.2095,154648576,160.1600,361.84,0,0,1,45.23,0.00,977846272,0,0
30.2207,154648576,160.2000,356.36,0,0,1,44.54,0.00,977846272,0,0
30.2321,154648576,160.2400,352.03,0,0,1,44.00,0.00,977846272,0,0
30.2436,154648576,160.2800,349.22,0,0,1,43.65,0.00,977846272,0,0
30.2549,154648576,160.3200,352.99,0,0,1,44.12,0.00,977846272,0,0
30.2662,154648576,160.3600,352.64,0,0,1,99.18,0.00,977846272,0,0
30.2776,154648576,160.4400,702.58,0,0,1,43.91,0.00,977846272,0,0
30.2885,154648576,160.4800,366.28,0,0,1,45.78,0.00,977846272,0,0
30.2999,154648576,160.5200,353.04,0,0,1,44.13,0.00,977846272,0,0
30.3111,154648576,160.5600,357.27,0,0,1,44.66,0.00,977846272,0,0
30.3222,154648576,160.6000,360.07,0,0,1,45.01,0.00,977846272,0,0
30.3334,154648576,160.6400,356.23,0,0,1,44.53,0.00,977846272,0,0
30.3443,154648576,160.6800,367.84,0,0,1,45.98,0.00,977846272,0,0
30.3554,154648576,160.7200,358.27,0,0,1,44.78,0.00,977846272,0,0
30.3667,154648576,160.8000,712.82,0,0,1,100.24,0.00,977846272,0,0
30.3779,154648576,160.8400,355.47,0,0,1,44.43,0.00,977846272,0,0
30.3894,154648576,160.8800,348.16,0,0,1,43.52,0.00,977846272,0,0
30.4018,154648576,160.9200,322.10,0,0,1,40.26,0.00,977846272,0,0
30.4131,154648576,160.9600,354.42,0,0,1,44.30,0.00,977846272,0,0
30.4244,154648576,161.0000,355.27,0,0,1,44.41,0.00,977846272,0,0
30.4354,154648576,161.0400,361.68,0,0,1,45.21,0.00,977846272,0,0
30.4464,154648576,161.1200,726.80,0,0,1,102.21,0.00,977846272,0,0
30.4578,154648576,161.1600,351.09,0,0,1,43.89,0.00,977846272,0,0
30.4688,154648576,161.2000,364.61,0,0,1,45.58,0.00,977846272,0,0
30.4801,154648576,161.2400,352.95,0,0,1,44.12,0.00,977846272,0,0
30.4918,154648576,161.2800,344.10,0,0,1,43.01,0.00,977846272,0,0
30.5028,154648576,161.3200,361.03,0,0,1,45.13,0.00,977846272,0,0
30.5140,154648576,161.3600,358.78,0,0,1,44.85,0.00,977846272,0,0
30.5261,154648576,161.4000,331.26,0,0,1,41.41,0.00,977846272,0,0
30.5372,154648576,161.4800,716.62,0,0,1,100.77,0.00,977846272,0,0
30.5484,154648576,161.5200,357.77,0,0,1,44.72,0.00,977846272,0,0
30.5596,154648576,161.5600,358.81,0,0,1,44.85,0.00,977846272,0,0
30.5707,154648576,161.6000,358.94,0,0,1,44.87,0.00,977846272,0,0
30.5816,154648576,161.6400,366.13,0,0,1,45.77,0.00,977846272,0,0
30.5928,154648576,161.6800,357.05,0,0,1,44.63,0.00,977846272,0,0
30.6039,154648576,161.7200,359.70,0,0,1,44.96,0.00,977846272,0,0
30.6150,154648576,161.7600,362.69,0,0,1,45.34,0.00,977846272,0,0
30.6261,154648576,161.8000,358.57,0,0,1,44.82,0.00,977846272,0,0
30.6371,154648576,161.8800,726.85,0,0,1,102.21,0.00,977846272,0,0
30.6480,154648576,161.9200,368.03,0,0,1,46.00,0.00,977846272,0,0
30.6593,154648576,161.9600,353.71,0,0,1,44.21,0.00,977846272,0,0
30.6701,154648576,162.0000,369.17,0,0,1,46.15,0.00,977846272,0,0
30.6810,154648576,162.0400,368.03,0,0,1,46.00,0.00,977846272,0,0
30.6924,154648576,162.0800,351.87,0,0,1,43.98,0.00,977846272,0,0
30.7032,154648576,162.1200,369.18,0,0,1,46.15,0.00,977846272,0,0
30.7141,154648576,162.1600,367.00,0,0,1,45.88,0.00,977846272,0,0
30.7254,154648576,162.2000,355.12,0,0,1,44.39,0.00,977846272,0,0
30.7361,154648576,162.2400,371.92,0,0,1,46.49,0.00,977846272,0,0
30.7471,154648576,162.3200,732.28,0,0,1,102.98,0.00,977846272,0,0
30.7583,154648576,162.3600,355.85,0,0,1,44.48,0.00,977846272,0,0
30.7692,154648576,162.4000,366.33,0,0,1,45.79,0.00,977846272,0,0
30.7804,154648576,162.4400,356.97,0,0,1,44.62,0.00,977846272,0,0
30.7921,154648576,162.4800,342.44,0,0,1,42.81,0.00,977846272,0,0
30.8033,154648576,162.5200,356.78,0,0,1,44.60,0.00,977846272,0,0
30.8146,154648576,162.5600,356.11,0,0,1,44.51,0.00,977846272,0,0
30.8263,154648576,162.6000,341.15,0,0,1,42.64,0.00,977846272,0,0
30.8374,154648576,162.6800,719.67,0,0,1,101.20,0.00,977846272,0,0
30.8489,154648576,162.7200,347.27,0,0,1,43.41,0.00,977846272,0,0
30.8601,154648576,162.7600,356.31,0,0,1,44.54,0.00,977846272,0,0
30.8709,154648576,162.8000,370.92,0,0,1,46.36,0.00,977846272,0,0
30.8818,154648576,162.8400,366.87,0,0,1,45.86,0.00,977846272,0,0
30.8927,154648576,162.8800,366.32,0,0,1,45.79,0.00,977846272,0,0
30.9035,154648576,162.9200,373.02,0,0,1,46.63,0.00,977846272,0,0
30.9150,154648576,162.9600,346.50,0,0,1,43.31,0.00,977846272,0,0
30.9265,154648576,163.0400,694.87,0,0,1,97.72,0.00,977846272,0,0
30.9377,154648576,163.0800,359.29,0,0,1,44.91,0.00,977846272,0,0
30.9486,154648576,163.1200,364.29,0,0,1,45.54,0.00,977846272,0,0
30.9598,154648576,163.1600,358.22,0,0,1,44.78,0.00,977846272,0,0
30.9709,154648576,163.2000,361.80,0,0,1,45.22,0.00,977846272,0,0
30.9821,154648576,163.2400,355.76,0,0,1,44.47,0.00,977846272,0,0
30.9934,154648576,163.2800,353.45,0,0,1,44.18,0.00,977846272,0,0
31.0044,155189248,163.3300,457.39,0,0,1,45.74,0.00,977846272,0,0
31.0155,156000256,163.3600,270.08,0,0,1,22.51,0.00,977846272,0,0
31.0269,156270592,163.4100,438.56,0,0,1,98.68,0.00,977846272,0,0
31.0378,156270592,163.4500,366.11,0,0,1,45.76,0.00,977846272,0,0
31.0492,156270592,163.4900,351.32,0,0,1,43.91,0.00,977846272,0,0
31.0604,156270592,163.5300,357.13,0,0,1,44.64,0.00,977846272,0,0
31.0714,156270592,163.5700,362.75,0,0,1,45.34,0.00,977846272,0,0
31.0830,156270592,163.6100,345.51,0,0,1,43.19,0.00,977846272,0,0
31.0944,156270592,163.6500,350.24,0,0,1,43.78,0.00,977846272,0,0
31.1057,156270592,163.6900,352.90,0,0,1,44.11,0.00,977846272,0,0
31.1172,156270592,163.7700,698.40,0,0,1,98.21,0.00,977846272,0,0
31.1282,156270592,163.8100,363.34,0,0,1,45.42,0.00,977846272,0,0
31.1390,156270592,163.8500,370.09,0,0,1,46.26,0.00,977846272,0,0
31.1502,156270592,163.8900,356.59,0,0,1,44.57,0.00,977846272,0,0
31.1615,156270592,163.9300,355.68,0,0,1,44.46,0.00,977846272,0,0
31.1730,156270592,163.9700,346.82,0,0,1,43.35,0.00,977846272,0,0
31.1845,156270592,164.0100,347.79,0,0,1,43.47,0.00,977846272,0,0
31.1957,156270592,164.0500,356.95,0,0,1,44.62,0.00,977846272,0,0
31.2076,156270592,164.1300,674.17,0,0,1,94.81,0.00,977846272,0,0
31.2189,156270592,164.1700,352.52,0,0,1,44.06,0.00,977846272,0,0
31.2303,156270592,164.2100,351.01,0,0,1,43.88,0.00,977846272,0,0
31.2426,156270592,164.2500,326.32,0,0,1,40.79,0.00,977846272,0,0
31.2541,156270592,164.2900,345.62,0,0,1,43.20,0.00,977846272,0,0
31.2656,156270592,164.3300,350.23,0,0,1,43.78,0.00,977846272,0,0
31.2771,156270592,164.4100,696.17,0,0,1,97.90,0.00,977846272,0,0
31.2883,156270592,164.4500,356.45,0,0,1,44.56,0.00,977846272,0,0
31.2996,156270592,164.4900,352.29,0,0,1,44.04,0.00,977817600,0,0
31.3110,156270592,164.5300,352.65,0,0,1,44.08,0.00,977817600,0,0
31.3222,156270592,164.5700,356.55,0,0,1,44.57,0.00,977817600,0,0
31.3337,156270592,164.6100,347.35,0,0,1,43.42,0.00,977817600,0,0
31.3459,156270592,164.6500,327.37,0,0,1,40.92,0.00,977817600,0,0
31.3575,156270592,164.7300,688.91,0,0,1,96.88,0.00,977817600,0,0
31.3689,156270592,164.7700,353.37,0,0,1,44.17,0.00,977817600,0,0
31.3802,156270592,164.8100,353.58,0,0,1,44.20,0.00,977817600,0,0
31.3925,156270592,164.8500,325.31,0,0,1,40.66,0.00,977817600,0,0
31.4038,156270592,164.8900,351.83,0,0,1,43.98,0.00,977817600,0,0
31.4153,156270592,164.9300,350.45,0,0,1,43.81,0.00,977817600,0,0
31.4266,156270592,165.0100,703.36,0,0,1,98.91,0.00,977817600,0,0
31.4379,156270592,165.0500,354.61,0,0,1,44.33,0.00,977817600,0,0
31.4492,156270592,165.0900,355.31,0,0,1,44.41,0.00,977817600,0,0
31.4605,156270592,165.1300,353.94,0,0,1,44.24,0.00,977817600,0,0
31.4721,156270592,165.1700,342.63,0,0,1,42.83,0.00,977817600,0,0
31.4834,156270592,165.2100,354.36,0,0,1,55.37,0.00,977817600,0,0
31.4943,156270592,165.2500,367.33,0,0,1,45.92,0.00,977817600,0,0
31.5053,156270592,165.3000,456.21,0,0,1,45.62,0.00,977817600,0,0
31.5161,156270592,165.3300,276.03,0,0,1,46.01,0.00,977817600,0,0
31.5272,156270592,165.4100,721.64,0,0,1,135.31,0.00,975699968,0,0
31.5390,156270592,165.4500,339.52,0,0,1,42.44,0.00,975699968,0,0
31.5561,156270592,165.5200,409.06,0,0,1,102.27,0.00,975699968,0,0
31.5709,156270592,165.5700,338.91,0,0,1,67.78,0.00,975958016,0,0
31.5874,156270592,165.6400,424.47,0,0,1,83.38,0.00,975958016,0,0
31.6004,156270592,165.6800,306.99,0,0,1,38.37,0.00,975958016,0,0
31.6194,156270592,165.7700,474.11,0,0,1,65.85,0.00,975958016,0,0
31.6315,156270592,165.8100,328.94,0,0,1,51.40,0.00,975958016,0,0
31.6430,156270592,165.8500,350.32,0,0,1,65.69,0.00,975958016,0,0
31.6541,156270592,165.8900,359.24,0,0,1,44.91,0.00,975958016,0,0
31.6656,156270592,165.9300,347.13,0,0,1,43.39,0.00,975958016,0,0
31.6772,156270592,166.0100,689.97,0,0,1,97.03,0.00,975958016,0,0
31.6883,156270592,166.0500,361.15,0,0,1,45.14,0.00,975958016,0,0
31.6995,156270592,166.0900,355.62,0,0,1,44.45,0.00,975958016,0,0
31.7108,156270592,166.1300,353.99,0,0,1,44.25,0.00,975958016,0,0
31.7222,156270592,166.1700,351.77,0,0,1,43.97,0.00,975958016,0,0
31.7338,156270592,166.2100,343.91,0,0,1,53.74,0.00,975958016,0,0
31.7454,156270592,166.2500,347.47,0,0,1,43.43,0.00,975958016,0,0
31.7569,156270592,166.3300,690.97,0,0,1,86.37,0.00,975958016,0,0
31.7679,156270592,166.3700,363.37,0,0,1,45.42,0.00,975958016,0,0
31.7791,156270592,166.4100,358.86,0,0,1,44.86,0.00,975958016,0,0
31.7905,156270592,166.4500,351.25,0,0,1,43.91,0.00,975958016,0,0
31.8015,156270592,166.4900,361.36,0,0,1,45.17,0.00,975958016,0,0
31.8129,156270592,166.5300,353.33,0,0,1,44.17,0.00,975958016,0,0
31.8244,156270592,166.5700,347.49,0,0,1,43.44,0.00,975958016,0,0
31.8355,156270592,166.6100,359.50,0,0,1,44.94,0.00,975958016,0,0
31.8472,156270592,166.6900,685.50,0,0,1,96.40,0.00,975958016,0,0
31.8587,156270592,166.7300,348.12,0,0,1,43.51,0.00,975958016,0,0
31.8696,156270592,166.7700,366.89,0,0,1,45.86,0.00,975958016,0,0
31.8805,156270592,166.8100,365.86,0,0,1,45.73,0.00,975958016,0,0
31.8916,156270592,166.8500,358.97,0,0,1,44.87,0.00,975958016,0,0
31.9026,156270592,166.8900,365.91,0,0,1,45.74,0.00,975958016,0,0
31.9136,156270592,166.9300,361.40,0,0,1,45.18,0.00,975958016,0,0
31.9251,156270592,166.9700,350.00,0,0,1,43.75,0.00,975958016,0,0
31.9361,156270592,167.0100,362.99,0,0,1,45.37,0.00,975958016,0,0
31.9474,156270592,167.0900,709.67,0,0,1,110.89,0.00,975958016,0,0
31.9584,156270592,167.1300,361.53,0,0,1,45.19,0.00,975958016,0,0
31.9693,156270592,167.1700,368.98,0,0,1,46.12,0.00,975958016,0,0
31.9802,156270592,167.2100,367.35,0,0,1,45.92,0.00,975958016,0,0
31.9914,156270592,167.2500,354.59,0,0,1,44.32,0.00,975958016,0,0
32.0023,156270592,167.2900,368.74,0,0,1,46.09,0.00,975958016,0,0
32.0132,156270592,167.3300,367.01,0,0,1,45.88,0.00,975958016,0,0
32.0243,156270592,167.3700,358.73,0,0,1,44.84,0.00,975958016,0,0
32.0354,156270592,167.4100,362.72,0,0,1,45.34,0.00,975958016,0,0
32.0465,156270592,167.4900,717.21,0,0,1,100.86,0.00,975958016,0,0
32.0580,156270592,167.5300,347.85,0,0,1,43.48,0.00,975958016,0,0
32.0690,156270592,167.5700,363.01,0,0,1,45.38,0.00,975958016,0,0
32.0799,156270592,167.6100,368.57,0,0,1,46.07,0.00,975958016,0,0
32.0910,156270592,167.6500,360.52,0,0,1,45.06,0.00,975958016,0,0
32.1018,156270592,167.6900,371.36,0,0,1,46.42,0.00,975958016,0,0
32.1126,156270592,167.7300,370.16,0,0,1,46.27,0.00,975958016,0,0
32.1238,156270592,167.7700,356.27,0,0,1,44.53,0.00,975958016,0,0
32.1348,156270592,167.8100,361.51,0,0,1,33.89,0.00,975958016,0,0
32.1457,156270592,167.8400,276.39,0,0,1,34.55,0.00,975958016,0,0
32.1577,157081600,167.8800,332.06,0,0,1,41.51,0.00,975958016,0,0
32.1694,157081600,167.9200,344.58,0,0,1,43.07,0.00,975958016,0,0
32.1805,157081600,167.9600,359.29,0,0,1,44.91,0.00,975958016,0,0
32.1916,157081600,168.0000,361.67,0,0,1,45.21,0.00,975958016,0,0
32.2025,157081600,168.0400,366.75,0,0,1,45.84,0.00,975958016,0,0
32.2135,157081600,168.0800,361.03,0,0,1,45.13,0.00,975958016,0,0
32.2249,157081600,168.1200,353.57,0,0,1,44.20,0.00,975958016,0,0
32.2359,157081600,168.1600,361.26,0,0,1,45.16,0.00,975958016,0,0
32.2473,157081600,168.2400,704.38,0,0,1,99.05,0.00,975958016,0,0
32.2585,157081600,168.2800,355.55,0,0,1,44.44,0.00,975958016,0,0
32.2696,157081600,168.3200,359.82,0,0,1,44.98,0.00,975958016,0,0
32.2808,157081600,168.3600,359.58,0,0,1,44.95,0.00,975958016,0,0
32.2919,157081600,168.4000,358.91,0,0,1,44.86,0.00,975958016,0,0
32.3029,157081600,168.4400,364.42,0,0,1,45.55,0.00,975958016,0,0
32.3139,157081600,168.4800,362.12,0,0,1,45.27,0.00,975958016,0,0
32.3251,157081600,168.5200,359.59,0,0,1,44.95,0.00,975958016,0,0
32.3364,157081600,168.5600,354.29,0,0,1,99.64,0.00,975958016,0,0
32.3475,157081600,168.6400,718.05,0,0,1,44.88,0.00,975958016,0,0
32.3586,157081600,168.6800,359.09,0,0,1,44.89,0.00,975958016,0,0
32.3697,157081600,168.7200,362.39,0,0,1,45.30,0.00,975958016,0,0
32.3809,157081600,168.7600,354.88,0,0,1,44.36,0.00,975958016,0,0
32.3920,157081600,168.8000,363.05,0,0,1,45.38,0.00,975958016,0,0
32.4028,157081600,168.8400,368.27,0,0,1,46.03,0.00,975958016,0,0
32.4137,157081600,168.8800,367.72,0,0,1,45.97,0.00,975958016,0,0
32.4245,157081600,168.9200,368.72,0,0,1,46.09,0.00,975958016,0,0
32.4357,157081600,168.9600,359.44,0,0,1,44.93,0.00,975958016,0,0
32.4475,157081600,169.0300,592.51,0,0,1,84.64,0.00,975958016,0,0
32.4588,157081600,169.0800,440.88,0,0,1,55.11,0.00,975958016,0,0
32.4707,157081600,169.1200,338.38,0,0,1,42.30,0.00,975958016,0,0
32.4819,157081600,169.1600,356.15,0,0,1,44.52,0.00,975958016,0,0
32.4932,157081600,169.2000,352.00,0,0,1,44.00,0.00,975958016,0,0
32.5046,157081600,169.2400,353.76,0,0,1,44.22,0.00,975958016,0,0
32.5162,157081600,169.2800,344.37,0,0,1,86.09,0.00,975958016,0,0
32.5276,157081600,169.3600,699.03,0,0,1,54.61,0.00,975958016,0,0
32.5386,157081600,169.4000,363.41,0,0,1,45.43,0.00,975958016,0,0
32.5502,157081600,169.4400,346.11,0,0,1,43.26,0.00,975958016,0,0
32.5614,157081600,169.4800,356.31,0,0,1,44.54,0.00,976216064,0,0
32.5730,157081600,169.5200,343.92,0,0,1,53.74,0.00,976216064,0,0
32.5844,157081600,169.5600,352.76,0,0,1,44.09,0.00,976216064,0,0
32.5956,157081600,169.6400,713.17,0,0,1,111.43,0.00,976216064,0,0
32.6085,157081600,169.6800,309.26,0,0,1,38.66,0.00,976216064,0,0
32.6198,157081600,169.7200,355.47,0,0,1,44.43,0.00,976216064,0,0
32.6313,157081600,169.7600,346.55,0,0,1,43.32,0.00,976216064,0,0
32.6426,157081600,169.8000,353.75,0,0,1,44.22,0.00,976216064,0,0
32.6540,157081600,169.8400,352.32,0,0,1,44.04,0.00,976216064,0,0
32.6652,157081600,169.8800,356.87,0,0,1,44.61,0.00,976216064,0,0
32.6764,157081600,169.9600,716.28,0,0,1,100.73,0.00,976216064,0,0
32.6876,157081600,170.0000,356.47,0,0,1,44.56,0.00,976216064,0,0
32.6987,157081600,170.0400,359.53,0,0,1,44.94,0.00,976216064,0,0
32.7099,157081600,170.0800,357.05,0,0,1,44.63,0.00,976216064,0,0
32.7212,157081600,170.1200,353.01,0,0,1,44.13,0.00,976216064,0,0
32.7326,157081600,170.1600,352.71,0,0,1,44.09,0.00,976216064,0,0
32.7440,157081600,170.2000,349.77,0,0,1,43.72,0.00,976216064,0,0
32.7554,157081600,170.2400,350.19,0,0,1,43.77,0.00,976216064,0,0
32.7667,157081600,170.3200,709.95,0,0,1,99.84,0.00,976216064,0,0
32.7779,157081600,170.3600,356.90,0,0,1,44.61,0.00,976216064,0,0
32.7891,157081600,170.4000,358.44,0,0,1,44.80,0.00,976216064,0,0
32.8004,157081600,170.4400,351.66,0,0,1,43.96,0.00,976216064,0,0
32.8117,157081600,170.4800,355.65,0,0,1,44.46,0.00,976216064,0,0
32.8234,157081600,170.5200,341.74,0,0,1,42.72,0.00,976216064,0,0
32.8347,157081600,170.5600,354.98,0,0,1,44.37,0.00,976216064,0,0
32.8455,157081600,170.6000,367.73,0,0,1,45.97,0.00,976216064,0,0
32.8573,157081600,170.6800,679.42,0,0,1,95.54,0.00,976216064,0,0
32.8685,157081600,170.7200,358.13,0,0,1,44.77,0.00,976216064,0,0
32.8797,157081600,170.7600,356.95,0,0,1,44.62,0.00,976216064,0,0
32.8910,157081600,170.8000,354.79,0,0,1,44.35,0.00,976216064,0,0
32.9021,157081600,170.8400,359.59,0,0,1,44.95,0.00,976216064,0,0
32.9133,157081600,170.8800,357.21,0,0,1,44.65,0.00,976216064,0,0
32.9245,157081600,170.9200,357.50,0,0,1,44.69,0.00,976216064,0,0
32.9357,157081600,170.9600,356.47,0,0,1,44.56,0.00,976216064,0,0
32.9468,157081600,171.0400,719.40,0,0,1,89.92,0.00,976216064,0,0
32.9579,157081600,171.0800,361.55,0,0,1,45.19,0.00,976216064,0,0
32.9689,157081600,171.1200,361.82,0,0,1,45.23,0.00,976216064,0,0
32.9800,157081600,171.1600,361.08,0,0,1,45.13,0.00,976216064,0,0
32.9910,157081600,171.2000,363.18,0,0,1,45.40,0.00,976216064,0,0
33.0022,157081600,171.2400,359.46,0,0,1,44.93,0.00,976216064,0,0
33.0132,157081600,171.2800,361.91,0,0,1,45.24,0.00,976216064,0,0
33.0243,157081600,171.3200,360.49,0,0,1,45.06,0.00,976216064,0,0
33.0352,157081600,171.3600,366.12,0,0,1,45.76,0.00,976216064,0,0
33.0465,157081600,171.4400,709.18,0,0,1,99.73,0.00,976216064,0,0
33.0577,157081600,171.4800,356.06,0,0,1,44.51,0.00,976216064,0,0
33.0685,157081600,171.5200,372.55,0,0,1,46.57,0.00,976216064,0,0
33.0795,157081600,171.5600,363.10,0,0,1,45.39,0.00,976216064,0,0
33.0911,157081600,171.6000,343.86,0,0,1,53.73,0.00,976216064,0,0
33.1022,157081600,171.6400,361.24,0,0,1,45.15,0.00,976216064,0,0
33.1141,157081600,171.6800,334.96,0,0,1,41.87,0.00,976216064,0,0
33.1253,157081600,171.7200,358.34,0,0,1,44.79,0.00,976216064,0,0
33.1362,157081600,171.7600,366.24,0,0,1,45.78,0.00,976216064,0,0
33.1473,157081600,171.8400,725.95,0,0,1,102.09,0.00,976216064,0,0
33.1583,157081600,171.8800,361.72,0,0,1,45.22,0.00,976216064,0,0
33.1694,157081600,171.9200,359.37,0,0,1,44.92,0.00,976216064,0,0
33.1807,157081600,171.9600,356.01,0,0,1,44.50,0.00,976216064,0,0
33.1918,157081600,172.0000,358.35,0,0,1,44.79,0.00,976216064,0,0
33.2029,157081600,172.0400,362.05,0,0,1,45.26,0.00,976216064,0,0
33.2138,157081600,172.0800,366.31,0,0,1,45.79,0.00,976216064,0,0
33.2251,157081600,172.1200,354.92,0,0,1,44.36,0.00,976216064,0,0
33.2360,157081600,172.1600,366.51,0,0,1,45.81,0.00,976216064,0,0
33.2469,157081600,172.2400,734.62,0,0,1,91.83,0.00,976216064,0,0
33.2579,157081600,172.2800,361.66,0,0,1,45.21,0.00,976216064,0,0
33.2688,157081600,172.3200,367.80,0,0,1,45.98,0.00,976216064,0,0
33.2797,157081600,172.3600,366.92,0,0,1,45.87,0.00,976216064,0,0
33.2910,157081600,172.4000,356.00,0,0,1,44.50,0.00,976216064,0,0
33.3018,157081600,172.4400,369.60,0,0,1,69.30,0.00,976216064,0,0
33.3127,157081600,172.4800,366.09,0,0,1,45.76,0.00,976216064,0,0
33.3242,157081600,172.5200,348.63,0,0,1,43.58,0.00,976216064,0,0
33.3355,157081600,172.5600,353.84,0,0,1,44.23,0.00,976216064,0,0
33.3465,157081600,172.6400,726.42,0,0,1,102.15,0.00,976216064,0,0
33.3577,157081600,172.6800,357.98,0,0,1,44.75,0.00,976216064,0,0
33.3686,157081600,172.7200,365.90,0,0,1,45.74,0.00,976216064,0,0
33.3799,157081600,172.7600,355.31,0,0,1,44.41,0.00,976216064,0,0
33.3911,157081600,172.8000,356.67,0,0,1,44.58,0.00,976216064,0,0
33.4024,157081600,172.8400,354.05,0,0,1,44.26,0.00,976216064,0,0
33.4136,157081600,172.8800,355.27,0,0,1,44.41,0.00,976216064,0,0
33.4249,157081600,172.9200,356.48,0,0,1,55.70,0.00,976216064,0,0
33.4360,157081600,172.9600,358.00,0,0,1,55.94,0.00,976216064,0,0
33.4469,157081600,173.0400,733.43,0,0,1,103.14,0.00,976216064,0,0
33.4581,157081600,173.0800,356.56,0,0,1,55.71,0.00,976216064,0,0
33.4690,157081600,173.1200,368.40,0,0,1,46.05,0.00,976216064,0,0
33.4799,157081600,173.1600,366.79,0,0,1,68.77,0.00,976216064,0,0
33.4910,157081600,173.2000,361.30,0,0,1,45.16,0.00,976216064,0,0
33.5018,157081600,173.2400,368.99,0,0,1,46.12,0.00,976216064,0,0
33.5127,157081600,173.2800,366.69,0,0,1,45.84,0.00,976216064,0,0
33.5238,157081600,173.3200,362.98,0,0,1,45.37,0.00,976216064,0,0
33.5346,157081600,173.3600,369.02,0,0,1,46.13,0.00,976216064,0,0
33.5455,157081600,173.4000,367.34,0,0,1,45.92,0.00,976216064,0,0
33.5573,157081600,173.4800,678.10,0,0,1,95.36,0.00,976216064,0,0
33.5680,157081600,173.5200,372.42,0,0,1,69.83,0.00,976216064,0,0
33.5794,157081600,173.5500,264.76,0,0,1,44.13,0.00,976216064,0,0
33.5908,157081600,173.6000,436.24,0,0,1,43.62,0.00,976216064,0,0
33.6016,157081600,173.6400,370.19,0,0,1,46.27,0.00,976216064,0,0
33.6126,157081600,173.6700,273.00,0,0,1,45.50,0.00,976216064,0,0
33.6236,157081600,173.7200,454.38,0,0,1,45.44,0.00,976216064,0,0
33.6347,157081600,173.7500,271.58,0,0,1,45.26,0.00,976216064,0,0
33.6458,157081600,173.8000,450.51,0,0,1,45.05,0.00,976216064,0,0
33.6573,157081600,173.8800,693.95,0,0,1,97.59,0.00,976216064,0,0
33.6681,157081600,173.9100,278.25,0,0,1,46.38,0.00,976216064,0,0
33.6790,157081600,173.9500,365.88,0,0,1,45.74,0.00,976216064,0,0
33.6901,157081600,174.0000,449.31,0,0,1,44.93,0.00,976216064,0,0
33.7012,157081600,174.0400,362.71,0,0,1,45.34,0.00,976216064,0,0
33.7126,157081600,174.0700,262.77,0,0,1,43.80,0.00,976216064,0,0
33.7239,157081600,174.1200,440.04,0,0,1,44.00,0.00,976216064,0,0
33.7351,157081600,174.1600,357.77,0,0,1,55.90,0.00,976216064,0,0
33.7464,157081600,174.2300,619.02,0,0,1,110.54,0.00,976216064,0,0
33.7577,157081600,174.2800,444.22,0,0,1,55.53,0.00,976216064,0,0
33.7689,157081600,174.3200,355.04,0,0,1,55.47,0.00,976216064,0,0
33.7802,157081600,174.3500,265.70,0,0,1,55.35,0.00,976216064,0,0
33.7915,157081600,174.4000,444.11,0,0,1,55.51,0.00,976216064,0,0
33.8024,157081600,174.4300,274.53,0,0,1,57.19,0.00,976216064,0,0
33.8136,157081600,174.4800,447.60,0,0,1,44.76,0.00,976216064,0,0
33.8248,157081600,174.5100,267.31,0,0,1,55.69,0.00,976216064,0,0
33.8360,157081600,174.5500,357.14,0,0,1,44.64,0.00,976216064,0,0
33.8472,157081600,174.6300,713.83,0,0,1,100.38,0.00,976216064,0,0
33.8585,157081600,174.6700,354.58,0,0,1,44.32,0.00,976216064,0,0
33.8697,157081600,174.7100,357.72,0,0,1,44.71,0.00,976216064,0,0
33.8811,157081600,174.7600,439.58,0,0,1,43.96,0.00,976216064,0,0
33.8923,157081600,174.8000,354.84,0,0,1,44.36,0.00,976216064,0,0
33.9035,157081600,174.8300,268.20,0,0,1,44.70,0.00,976216064,0,0
33.9148,157081600,174.8700,355.08,0,0,1,44.39,0.00,976216064,0,0
33.9260,157081600,174.9200,446.56,0,0,1,55.82,0.00,976216064,0,0
33.9372,157081600,175.0000,715.63,0,0,1,100.64,0.00,976216064,0,0
33.9482,157081600,175.0400,363.12,0,0,1,45.39,0.00,976216064,0,0
33.9596,157081600,175.0800,348.90,0,0,1,43.61,0.00,976216064,0,0
33.9706,157081600,175.1200,363.48,0,0,1,45.43,0.00,976216064,0,0
33.9819,157081600,175.1500,267.58,0,0,1,44.60,0.00,976216064,0,0
33.9930,157081600,175.1900,358.16,0,0,1,44.77,0.00,976216064,0,0
34.0043,157081600,175.2400,445.28,0,0,1,44.53,0.00,976216064,0,0
34.0153,157081600,175.2700,272.30,0,0,1,45.38,0.00,976216064,0,0
34.0264,157081600,175.3100,359.62,0,0,1,101.14,0.00,976216064,0,0
34.0375,157081600,175.3900,720.94,0,0,1,45.06,0.00,976216064,0,0
34.0484,157081600,175.4300,366.92,0,0,1,45.87,0.00,976216064,0,0
34.0595,157081600,175.4700,360.62,0,0,1,45.08,0.00,976216064,0,0
34.0704,157081600,175.5100,365.95,0,0,1,45.74,0.00,976216064,0,0
34.0816,157081600,175.5500,358.22,0,0,1,44.78,0.00,976216064,0,0
34.0928,157081600,175.5900,357.42,0,0,1,44.68,0.00,976216064,0,0
34.1040,157081600,175.6400,443.97,0,0,1,55.50,0.00,976216064,0,0
34.1155,157081600,175.6700,261.75,0,0,1,54.53,0.00,976216064,0,0
34.1268,157081600,175.7500,709.19,0,0,1,110.81,0.00,976216064,0,0
34.1381,157081600,175.8000,442.67,0,0,1,44.27,0.00,976216064,0,0
34.1494,157081600,175.8400,353.93,0,0,1,44.24,0.00,976216064,0,0
34.1607,157081600,175.8800,353.82,0,0,1,44.23,0.00,976216064,0,0
34.1730,157081600,175.9100,243.48,0,0,1,40.58,0.00,976216064,0,0
34.1843,157081600,175.9500,352.40,0,0,1,44.05,0.00,976216064,0,0
34.1955,157081600,175.9900,359.70,0,0,1,44.96,0.00,976216064,0,0
34.2068,157081600,176.0700,703.33,0,0,1,87.92,0.00,976216064,0,0
34.2177,157081600,176.1100,367.13,0,0,1,45.89,0.00,976216064,0,0
34.2293,157081600,176.1500,346.19,0,0,1,43.27,0.00,976216064,0,0
34.2406,157081600,176.1900,354.77,0,0,1,44.35,0.00,976216064,0,0
34.2519,157081600,176.2300,354.05,0,0,1,44.26,0.00,976216064,0,0
34.2635,157081600,176.2700,344.33,0,0,1,43.04,0.00,976216064,0,0
34.2747,157081600,176.3100,355.95,0,0,1,44.49,0.00,976216064,0,0
34.2858,157081600,176.3500,360.40,0,0,1,45.05,0.00,976216064,0,0
34.2973,157081600,176.4300,694.07,0,0,1,97.60,0.00,976216064,0,0
34.3085,157081600,176.4700,359.45,0,0,1,44.93,0.00,976216064,0,0
34.3196,157081600,176.5100,359.09,0,0,1,33.66,0.00,976216064,0,0
34.3308,157081600,176.5500,356.03,0,0,1,44.50,0.00,976216064,0,0
34.3421,157081600,176.5900,356.45,0,0,1,55.70,0.00,976216064,0,0
34.3536,157081600,176.6400,435.14,0,0,1,43.51,0.00,976216064,0,0
34.3648,157081600,176.6700,266.61,0,0,1,44.43,0.00,976216064,0,0
34.3761,157081600,176.7100,355.63,0,0,1,44.45,0.00,976216064,0,0
34.3873,157081600,176.7900,709.81,0,0,1,99.82,0.00,976216064,0,0
34.3982,157081600,176.8300,366.45,0,0,1,45.81,0.00,976216064,0,0
34.4091,157081600,176.8700,368.16,0,0,1,46.02,0.00,976216064,0,0
34.4201,157081600,176.9100,362.75,0,0,1,45.34,0.00,976216064,0,0
34.4311,157081600,176.9500,363.30,0,0,1,45.41,0.00,976216064,0,0
34.4423,157081600,176.9900,357.53,0,0,1,67.04,0.00,976216064,0,0
34.4533,157081600,177.0300,365.35,0,0,1,45.67,0.00,976216064,0,0
34.4646,157081600,177.0700,353.51,0,0,1,44.19,0.00,976216064,0,0
34.4758,157081600,177.1100,356.46,0,0,1,44.56,0.00,976216064,0,0
34.4869,157081600,177.1900,723.12,0,0,1,112.99,0.00,976216064,0,0
34.4981,157081600,177.2300,356.07,0,0,1,55.64,0.00,976216064,0,0
34.5090,157081600,177.2700,367.96,0,0,1,57.49,0.00,976216064,0,0
34.5201,157081600,177.3100,360.28,0,0,1,56.29,0.00,976216064,0,0
34.5312,157081600,177.3500,359.86,0,0,1,56.23,0.00,976216064,0,0
34.5423,157081600,177.3900,359.51,0,0,1,44.94,0.00,976216064,0,0
34.5533,157081600,177.4300,364.72,0,0,1,45.59,0.00,976216064,0,0
34.5644,157081600,177.4700,359.48,0,0,1,56.17,0.00,976216064,0,0
34.5753,157081600,177.5100,366.91,0,0,1,45.86,0.00,976216064,0,0
34.5866,157081600,177.5900,711.26,0,0,1,100.02,0.00,976216064,0,0
34.5978,157081600,177.6300,357.85,0,0,1,44.73,0.00,976216064,0,0
34.6089,157081600,177.6700,360.33,0,0,1,45.04,0.00,976216064,0,0
34.6198,157081600,177.7100,366.24,0,0,1,45.78,0.00,976216064,0,0
34.6307,157081600,177.7500,364.75,0,0,1,45.59,0.00,976216064,0,0
34.6417,157081600,177.7900,364.53,0,0,1,56.96,0.00,976216064,0,0
34.6529,157081600,177.8300,357.24,0,0,1,44.65,0.00,976216064,0,0
34.6641,157081600,177.8700,356.49,0,0,1,44.56,0.00,976216064,0,0
34.6753,157081600,177.9100,356.89,0,0,1,44.61,0.00,976216064,0,0
34.6867,157081600,177.9900,706.46,0,0,1,99.35,0.00,976216064,0,0
34.6976,157081600,178.0300,365.21,0,0,1,45.65,0.00,976216064,0,0
34.7087,157081600,178.0700,359.47,0,0,1,44.93,0.00,976216064,0,0
34.7197,157081600,178.1100,364.89,0,0,1,45.61,0.00,976216064,0,0
34.7309,157081600,178.1500,356.92,0,0,1,44.62,0.00,976216064,0,0
34.7419,157081600,178.1900,364.90,0,0,1,45.61,0.00,976216064,0,0
34.7527,157081600,178.2300,369.18,0,0,1,46.15,0.00,976216064,0,0
34.7636,157081600,178.2700,367.20,0,0,1,45.90,0.00,976216064,0,0
34.7747,157081600,178.3100,359.00,0,0,1,44.87,0.00,976216064,0,0
34.7858,157081600,178.3500,361.42,0,0,1,45.18,0.00,976216064,0,0
34.7966,157081600,178.4300,739.67,0,0,1,104.02,0.00,976216064,0,0
34.8078,157081600,178.4700,359.64,0,0,1,44.95,0.00,976216064,0,0
34.8187,157081600,178.5100,365.64,0,0,1,45.71,0.00,976216064,0,0
34.8296,157081600,178.5500,366.49,0,0,1,45.81,0.00,976216064,0,0
34.8407,157081600,178.5900,361.72,0,0,1,45.22,0.00,976216064,0,0
34.8516,157081600,178.6300,365.41,0,0,1,45.68,0.00,976216064,0,0
34.8625,157081600,178.6700,365.80,0,0,1,45.73,0.00,976216064,0,0
34.8734,157081600,178.7100,369.93,0,0,1,57.80,0.00,976216064,0,0
34.8843,157081600,178.7500,366.17,0,0,1,45.77,0.00,976216064,0,0
34.8952,157081600,178.7900,365.06,0,0,1,57.04,0.00,976216064,0,0
34.9064,157081600,178.8300,359.54,0,0,1,112.36,0.00,976216064,0,0
34.9176,157081600,178.9100,713.95,0,0,1,44.62,0.00,976216064,0,0
34.9285,157081600,178.9500,366.88,0,0,1,45.86,0.00,976216064,0,0
34.9395,157081600,178.9900,363.75,0,0,1,56.84,0.00,976216064,0,0
34.9504,157081600,179.0300,365.20,0,0,1,45.65,0.00,976216064,0,0
34.9613,157081600,179.0700,366.52,0,0,1,57.27,0.00,976216064,0,0
34.9725,157081600,179.1100,358.54,0,0,1,44.82,0.00,976216064,0,0
34.9834,157081600,179.1500,368.03,0,0,1,57.51,0.00,976216064,0,0
34.9943,157081600,179.2000,458.37,0,0,1,45.84,0.00,976216064,0,0
35.0057,157081600,179.2200,174.77,0,0,1,21.85,0.00,976216064,0,0
35.0166,157081600,179.2600,366.77,0,0,1,57.31,0.00,976216064,0,0
35.0276,157081600,179.2800,181.93,0,0,1,22.74,0.00,976216064,0,0
35.0391,157351936,179.2900,86.79,0,0,1,10.85,0.00,976216064,0,0
35.0502,157888512,179.3000,90.47,0,0,1,11.31,0.00,976216064,0,0
35.0614,157888512,179.3200,178.74,0,0,1,11.17,0.00,976216064,0,0
35.0728,157888512,179.3200,0.00,0,0,1,10.99,0.00,976216064,0,0
35.0836,158158848,179.3400,183.67,0,0,1,34.44,0.00,976216064,0,0
35.0947,158158848,179.3500,90.39,0,0,1,22.60,0.00,976216064,0,0
35.1064,158158848,179.3600,85.35,0,0,1,32.01,0.00,976216064,0,0
35.1178,158158848,179.4000,351.34,0,0,1,43.92,0.00,976216064,0,0
35.1292,158158848,179.4200,175.25,0,0,1,21.91,0.00,976216064,0,0
35.1404,158158848,179.4300,89.78,0,0,1,22.45,0.00,976216064,0,0
35.1515,158158848,179.4500,179.81,0,0,1,22.48,0.00,976216064,0,0
35.1626,158158848,179.4800,270.54,0,0,1,22.54,0.00,976474112,0,0
35.1741,158158848,179.5300,435.10,0,0,1,43.51,0.00,976474112,0,0
35.1851,158429184,179.5700,363.08,0,0,1,45.39,0.00,976474112,0,0
35.1960,158429184,179.6000,274.24,0,0,1,45.71,0.00,976474112,0,0
35.2072,158429184,179.6400,359.02,0,0,1,78.54,0.00,976474112,0,0
35.2183,158429184,179.6800,357.56,0,0,1,44.69,0.00,976474112,0,0
35.2293,158429184,179.7300,455.16,0,0,1,34.14,0.00,976474112,0,0
35.2404,158699520,179.7500,180.67,0,0,1,67.75,0.00,976474112,0,0
35.2515,158699520,179.8200,628.89,0,0,1,67.38,0.00,976474112,0,0
35.2626,158699520,179.8700,450.18,0,0,1,45.02,0.00,976474112,0,0
35.2735,158699520,179.8900,183.52,0,0,1,22.94,0.00,976474112,0,0
35.2844,158699520,179.9600,644.09,0,0,1,46.01,0.00,976474112,0,0
35.2954,158969856,179.9600,0.00,0,0,1,45.59,0.00,976474112,0,0
35.3063,158969856,180.0200,549.52,0,0,1,45.79,0.00,976474112,0,0
35.3172,158969856,180.0700,456.74,0,0,1,102.77,0.00,976474112,0,0
35.3283,159240192,180.1100,362.21,0,0,1,45.28,0.00,976474112,0,0
35.3394,159240192,180.1500,360.29,0,0,1,45.04,0.00,976474112,0,0
35.3503,159240192,180.1900,367.57,0,0,1,45.95,0.00,976474112,0,0
35.3613,159240192,180.2300,363.83,0,0,1,22.74,0.00,976474112,0,0
35.3726,159240192,180.2400,88.31,0,0,1,55.20,0.00,976474112,0,0
35.3838,159240192,180.3100,623.53,0,0,1,77.94,0.00,976474112,0,0
35.3948,159240192,180.3800,636.78,0,0,1,79.60,0.00,976474112,0,0
35.4057,159240192,180.4600,735.31,0,0,1,80.42,0.00,976474112,0,0
35.4165,159240192,180.5400,739.30,0,0,1,184.83,0.00,976474112,0,0
35.4274,159240192,180.6500,1006.83,0,0,1,22.88,0.00,976474112,0,0
35.4389,159240192,180.6800,261.95,0,0,1,43.66,0.00,976474112,0,0
35.4499,159240192,180.7200,363.95,0,0,1,45.49,0.00,976474112,0,0
35.4610,160051200,180.7600,359.26,0,0,1,22.45,0.00,976474112,0,0
35.4724,160051200,180.7900,262.44,0,0,1,43.74,0.00,976474112,0,0
35.4833,160051200,180.8400,461.87,0,0,1,46.19,0.00,976474112,0,0
35.4945,160051200,180.8800,356.34,0,0,1,33.41,0.00,976474112,0,0
35.5059,160051200,180.9000,175.70,0,0,1,43.92,0.00,976474112,0,0
35.5167,160051200,180.9800,736.51,0,0,1,115.08,0.00,976474112,0,0
35.5279,160051200,181.0200,358.10,0,0,1,44.76,0.00,976474112,0,0
35.5389,160051200,181.0600,365.41,0,0,1,45.68,0.00,976474112,0,0
35.5498,160051200,181.1000,365.77,0,0,1,45.72,0.00,976474112,0,0
35.5606,160051200,181.1400,369.21,0,0,1,46.15,0.00,976474112,0,0
35.5720,160051200,181.1800,352.30,0,0,1,33.03,0.00,976474112,0,0
35.5829,160051200,181.2000,183.04,0,0,1,11.44,0.00,976474112,0,0
35.5942,160051200,181.2500,442.38,0,0,1,88.48,0.00,976474112,0,0
35.6060,160051200,181.3300,677.42,0,0,1,84.68,0.00,976474112,0,0
35.6169,160051200,181.4700,1280.79,0,0,1,182.97,0.00,976474112,0,0
35.6277,160051200,181.5500,742.20,0,0,1,81.18,0.00,976474112,0,0
35.6385,160051200,181.6300,740.64,0,0,1,104.15,0.00,976474112,0,0
35.6501,160051200,181.7100,689.76,0,0,1,86.22,0.00,976474112,0,0
35.6614,160051200,181.8000,796.75,0,0,1,88.53,0.00,976474112,0,0
35.6725,160051200,181.8800,720.55,0,0,1,90.07,0.00,976474112,0,0
35.6834,160051200,181.9600,734.34,0,0,1,91.79,0.00,976474112,0,0
35.6943,160051200,182.0400,733.79,0,0,1,91.72,0.00,976474112,0,0
35.7055,160051200,182.1200,715.37,0,0,1,89.42,0.00,976474112,0,0
35.7165,160051200,182.1900,638.35,0,0,1,182.39,0.00,976474112,0,0
35.7274,160051200,182.3200,1190.73,0,0,1,57.25,0.00,976474112,0,0
35.7387,160051200,182.3400,176.91,0,0,1,11.06,0.00,976474112,0,0
35.7497,160051200,182.3700,273.35,0,0,1,45.56,0.00,976474112,0,0
35.7610,160051200,182.4100,353.34,0,0,1,44.17,0.00,976474112,0,0
35.7723,160051200,182.4500,353.07,0,0,1,44.13,0.00,976474112,0,0
35.7833,160051200,182.4900,364.47,0,0,1,45.56,0.00,976474112,0,0
35.7943,160051200,182.5300,364.82,0,0,1,45.60,0.00,976474112,0,0
35.8053,160051200,182.6000,632.41,0,0,1,45.17,0.00,976474112,0,0
35.8164,160051200,182.6000,0.00,0,0,1,101.85,0.00,976474112,0,0
35.8279,160051200,182.6800,696.36,0,0,1,43.52,0.00,976474112,0,0
35.8390,160051200,182.7200,359.67,0,0,1,44.96,0.00,976474112,0,0
35.8501,160051200,182.7600,361.00,0,0,1,45.13,0.00,976474112,0,0
35.8610,160051200,182.8000,364.95,0,0,1,45.62,0.00,976474112,0,0
35.8721,160051200,182.8400,359.48,0,0,1,33.70,0.00,976474112,0,0
35.8832,160051200,182.8600,180.69,0,0,1,45.17,0.00,976474112,0,0
35.8944,160051200,182.9000,359.16,0,0,1,44.90,0.00,976474112,0,0
35.9053,160051200,182.9400,363.92,0,0,1,45.49,0.00,976474112,0,0
35.9161,160051200,182.9800,370.16,0,0,1,46.27,0.00,976474112,0,0
35.9272,160051200,183.0600,724.94,0,0,1,101.94,0.00,976474112,0,0
35.9388,160051200,183.1000,344.11,0,0,1,43.01,0.00,976474112,0,0
35.9495,160051200,183.1400,372.41,0,0,1,46.55,0.00,976474112,0,0
35.9604,160051200,183.1800,369.78,0,0,1,57.78,0.00,976474112,0,0
35.9716,160051200,183.2200,355.44,0,0,1,44.43,0.00,976474112,0,0
35.9824,160051200,183.2600,370.51,0,0,1,57.89,0.00,976474112,0,0
35.9932,160051200,183.3000,370.35,0,0,1,57.87,0.00,976474112,0,0
36.0048,160051200,183.3400,344.55,0,0,1,53.84,0.00,976474112,0,0
36.0159,160051200,183.3800,360.91,0,0,1,56.39,0.00,976474112,0,0
36.0273,160051200,183.4600,699.53,0,0,1,98.37,0.00,976474112,0,0
36.0388,160051200,183.5000,350.66,0,0,1,54.79,0.00,976474112,0,0
36.0500,160321536,183.5500,443.60,0,0,1,44.36,0.00,976474112,0,0
36.0611,160321536,183.5700,180.45,0,0,1,22.56,0.00,976474112,0,0
36.0793,160321536,183.6700,549.35,0,0,1,103.00,0.00,976474112,0,0
36.0919,160321536,183.7600,713.12,0,0,1,89.14,0.00,976474112,0,0
36.1067,160321536,183.9000,947.87,0,0,1,126.95,0.00,976474112,0,0
36.1179,160321536,183.9900,804.73,0,0,1,100.59,0.00,976474112,0,0
36.1301,160321536,184.0600,573.59,0,0,1,71.70,0.00,976474112,0,0
36.1423,160321536,184.1500,735.64,0,0,1,143.04,0.00,976474112,0,0
36.1659,160321536,184.3100,678.70,0,0,1,84.84,0.00,976474112,0,0
36.1813,160321536,184.4600,973.91,0,0,1,81.16,0.00,976474112,0,0
36.1993,160321536,184.6200,889.81,0,0,1,111.23,0.00,976474112,0,0
36.2164,160321536,184.7000,468.22,0,0,1,109.74,0.00,976474112,0,0
36.2352,160321536,184.8600,847.82,0,0,1,59.61,0.00,976474112,0,0
36.2550,160321536,185.0100,757.31,0,0,1,100.97,0.00,976474112,0,0
36.2705,160321536,185.1700,1037.41,0,0,1,129.68,0.00,976474112,0,0
36.2816,160321536,185.2400,629.09,0,0,1,78.64,0.00,976474112,0,0
36.2935,160321536,185.3300,754.19,0,0,1,94.27,0.00,976474112,0,0
36.3057,160321536,185.4100,655.10,0,0,1,81.89,0.00,976474112,0,0
36.3170,160321536,185.5600,1337.43,0,0,1,178.32,0.00,976474112,0,0
36.3280,160321536,185.6200,543.23,0,0,1,79.22,0.00,976474112,0,0
36.3421,160321536,185.7200,709.52,0,0,1,79.82,0.00,976474112,0,0
36.3651,160321536,185.8700,652.54,0,0,1,81.57,0.00,976474112,0,0
36.3840,160321536,186.0300,843.96,0,0,1,105.49,0.00,976474112,0,0
36.4005,160321536,186.1800,910.46,0,0,1,121.40,0.00,976474112,0,0
36.4162,160321536,186.3400,1020.91,0,0,1,127.61,0.00,976474112,0,0
36.4295,160321536,186.4300,675.05,0,0,1,75.01,0.00,976474112,0,0
36.4495,160321536,186.5600,649.32,0,0,1,93.65,0.00,976474112,0,0
36.4609,160321536,186.6500,792.89,0,0,1,99.11,0.00,976474112,0,0
36.4826,160321536,186.8100,736.71,0,0,1,92.09,0.00,976474112,0,0
36.4968,160591872,186.9300,848.52,0,0,1,114.90,0.00,976474112,0,0
36.5079,160591872,186.9700,359.01,0,0,1,56.09,0.00,976474112,0,0
36.5191,160591872,187.0100,357.96,0,0,1,44.75,0.00,976474112,0,0
36.5303,160591872,187.0500,355.52,0,0,1,44.44,0.00,976474112,0,0
36.5413,160591872,187.0900,365.68,0,0,1,45.71,0.00,976474112,0,0
36.5524,160591872,187.1300,358.39,0,0,1,44.80,0.00,976474112,0,0
36.5637,160591872,187.1700,353.07,0,0,1,44.13,0.00,976474112,0,0
36.5747,160591872,187.2100,365.60,0,0,1,45.70,0.00,976474112,0,0
36.5859,160591872,187.2500,357.91,0,0,1,44.74,0.00,976474112,0,0
36.5972,160591872,187.3000,439.92,0,0,1,54.99,0.00,976474112,0,0
36.6081,160591872,187.3100,91.64,0,0,1,11.46,0.00,976474112,0,0
36.6191,160591872,187.3200,91.50,0,0,1,11.44,0.00,976474112,0,0
36.6300,161132544,187.3300,91.11,0,0,1,0.00,0.00,976474112,0,0
36.6416,161132544,187.3600,260.00,0,0,1,43.33,0.00,976474112,0,0
36.6527,161132544,187.4000,360.37,0,0,1,45.05,0.00,976474112,0,0
36.6636,161132544,187.4400,365.63,0,0,1,45.70,0.00,976474112,0,0
36.6747,161132544,187.4800,361.74,0,0,1,45.22,0.00,976474112,0,0
36.6856,161132544,187.5200,365.08,0,0,1,45.64,0.00,976474112,0,0
36.6965,161132544,187.6000,738.65,0,0,1,103.87,0.00,976474112,0,0
36.7077,161132544,187.6400,355.42,0,0,1,44.43,0.00,976474112,0,0
36.7186,161132544,187.6800,367.21,0,0,1,45.90,0.00,976474112,0,0
36.7295,161132544,187.7200,368.26,0,0,1,46.03,0.00,976474112,0,0
36.7406,161132544,187.7600,360.14,0,0,1,45.02,0.00,976474112,0,0
36.7515,161132544,187.8000,367.88,0,0,1,45.98,0.00,976474112,0,0
36.7625,161132544,187.8400,362.13,0,0,1,45.27,0.00,976474112,0,0
36.7737,161132544,187.8700,267.26,0,0,1,22.27,0.00,976474112,0,0
36.7848,161132544,187.8900,180.51,0,0,1,45.13,0.00,976474112,0,0
36.7960,161132544,187.9300,358.46,0,0,1,44.81,0.00,976474112,0,0
36.8070,161132544,188.0100,723.52,0,0,1,101.74,0.00,976474112,0,0
36.8181,161132544,188.0500,361.49,0,0,1,56.48,0.00,976474112,0,0
36.8292,161132544,188.0900,359.90,0,0,1,44.99,0.00,976474112,0,0
36.8404,161132544,188.1300,358.55,0,0,1,56.02,0.00,976474112,0,0
36.8512,161132544,188.1700,369.17,0,0,1,46.15,0.00,976474112,0,0
36.8621,161132544,188.2100,367.90,0,0,1,45.99,0.00,976474112,0,0
36.8732,161132544,188.2500,360.27,0,0,1,56.29,0.00,976474112,0,0
36.8842,161132544,188.2900,361.93,0,0,1,45.24,0.00,976474112,0,0
36.8954,161402880,188.3500,536.99,0,0,1,44.75,0.00,976474112,0,0
36.9063,161402880,188.3600,92.06,0,0,1,57.53,0.00,976474112,0,0
36.9172,161402880,188.4400,733.09,0,0,1,114.55,0.00,976474112,0,0
36.9280,161402880,188.4800,368.25,0,0,1,57.54,0.00,976474112,0,0
36.9389,161402880,188.5200,368.69,0,0,1,46.09,0.00,976474112,0,0
36.9498,161402880,188.5600,366.74,0,0,1,45.84,0.00,976474112,0,0
36.9608,161402880,188.6000,363.72,0,0,1,45.47,0.00,976474112,0,0
36.9718,161402880,188.6400,364.16,0,0,1,45.52,0.00,976474112,0,0
36.9825,161402880,188.6800,372.57,0,0,1,46.57,0.00,976474112,0,0
36.9933,161402880,188.7200,371.79,0,0,1,46.47,0.00,976474112,0,0
37.0042,161402880,188.7600,364.73,0,0,1,45.59,0.00,976474112,0,0
37.0151,161402880,188.8000,368.23,0,0,1,46.03,0.00,976474112,0,0
37.0263,161402880,188.8800,712.68,0,0,1,100.22,0.00,976474112,0,0
37.0378,161402880,188.9200,349.50,0,0,1,43.69,0.00,976474112,0,0
37.0485,161402880,188.9600,372.26,0,0,1,46.53,0.00,976474112,0,0
37.0596,161402880,189.0000,359.40,0,0,1,56.16,0.00,976474112,0,0
37.0707,161402880,189.0400,360.70,0,0,1,56.36,0.00,976474112,0,0
37.0815,161402880,189.0800,371.90,0,0,1,58.11,0.00,976474112,0,0
37.0923,161402880,189.1200,368.75,0,0,1,46.09,0.00,976474112,0,0
37.1035,161402880,189.1600,359.52,0,0,1,44.94,0.00,976474112,0,0
37.1143,161402880,189.2000,367.40,0,0,1,57.41,0.00,976474112,0,0
37.1252,161402880,189.2400,368.45,0,0,1,46.06,0.00,976474112,0,0
37.1369,161402880,189.3200,683.09,0,0,1,96.06,0.00,976474112,0,0
37.1477,161402880,189.3600,371.41,0,0,1,58.03,0.00,976474112,0,0
37.1588,161402880,189.4000,361.13,0,0,1,45.14,0.00,976474112,0,0
37.1707,161402880,189.4400,335.61,0,0,1,41.95,0.00,976474112,0,0
37.1816,161402880,189.4800,365.80,0,0,1,57.16,0.00,976474112,0,0
37.1930,161402880,189.5200,351.51,0,0,1,43.94,0.00,976474112,0,0
37.2046,161402880,189.5600,344.70,0,0,1,53.86,0.00,976474112,0,0
37.2157,161402880,189.6000,359.55,0,0,1,44.94,0.00,976474112,0,0
37.2269,161402880,189.6800,715.76,0,0,1,100.65,0.00,976474112,0,0
37.2382,161402880,189.7200,354.04,0,0,1,44.25,0.00,976474112,0,0
37.2492,161402880,189.7400,181.03,0,0,1,22.63,0.00,976474112,0,0
37.2601,161402880,189.7600,184.59,0,0,1,23.07,0.00,976732160,0,0
37.2712,161943552,189.8000,361.27,0,0,1,90.32,0.00,976732160,0,0
37.2821,161943552,189.8700,640.53,0,0,1,91.50,0.00,976732160,0,0
37.2930,161943552,189.9500,732.93,0,0,1,91.62,0.00,976732160,0,0
37.3042,161943552,190.0300,715.01,0,0,1,89.38,0.00,976732160,0,0
37.3150,161943552,190.1100,737.65,0,0,1,92.21,0.00,976732160,0,0
37.3259,161943552,190.1900,733.87,0,0,1,91.73,0.00,976732160,0,0
37.3372,161943552,190.3300,1239.65,0,0,1,166.02,0.00,976732160,0,0
37.3508,161943552,190.4300,738.23,0,0,1,83.05,0.00,976732160,0,0
37.3619,161943552,190.5000,628.84,0,0,1,89.83,0.00,976732160,0,0
37.3731,161943552,190.5800,712.62,0,0,1,89.08,0.00,976732160,0,0
37.3842,161943552,190.6700,812.60,0,0,1,90.29,0.00,976732160,0,0
37.3962,161943552,190.7500,667.59,0,0,1,83.45,0.00,976732160,0,0
37.4071,161943552,190.9000,1376.41,0,0,1,183.52,0.00,976732160,0,0
37.4178,161943552,190.9700,655.31,0,0,1,93.62,0.00,976732160,0,0
37.4287,161943552,191.0600,824.28,0,0,1,91.59,0.00,976732160,0,0
37.4395,161943552,191.1400,743.00,0,0,1,92.88,0.00,976732160,0,0
37.4502,161943552,191.2200,747.00,0,0,1,93.38,0.00,976732160,0,0
37.4609,161943552,191.3000,746.37,0,0,1,93.30,0.00,976732160,0,0
37.4715,161943552,191.3800,754.22,0,0,1,94.28,0.00,976732160,0,0
37.4821,161943552,191.4600,750.64,0,0,1,93.83,0.00,976732160,0,0
37.4929,161943552,191.5400,746.07,0,0,1,93.26,0.00,976732160,0,0
37.5036,161943552,191.6200,746.12,0,0,1,93.27,0.00,976732160,0,0
37.5141,161943552,191.7000,759.84,0,0,1,94.98,0.00,976732160,0,0
37.5248,161943552,191.7800,748.03,0,0,1,93.50,0.00,976732160,0,0
37.5354,161943552,191.8600,753.18,0,0,1,94.15,0.00,976732160,0,0
37.5464,161943552,191.9500,817.69,0,0,1,90.85,0.00,976732160,0,0
37.5571,161943552,192.0800,1221.83,0,0,1,187.97,0.00,976732160,0,0
37.5678,161943552,192.1600,744.13,0,0,1,93.02,0.00,976732160,0,0
37.5785,161943552,192.2400,750.44,0,0,1,93.80,0.00,976732160,0,0
37.5891,161943552,192.3200,751.02,0,0,1,93.88,0.00,976732160,0,0
37.5997,161943552,192.4000,758.80,0,0,1,94.85,0.00,976732160,0,0
37.6103,161943552,192.4800,756.46,0,0,1,94.56,0.00,976732160,0,0
37.6208,161943552,192.5700,854.72,0,0,1,94.97,0.00,976732160,0,0
37.6313,161943552,192.6500,761.73,0,0,1,95.22,0.00,976732160,0,0
37.6436,161943552,192.7200,567.82,0,0,1,81.12,0.00,976732160,0,0
37.6544,161943552,192.8000,741.08,0,0,1,92.63,0.00,976732160,0,0
37.6660,161943552,192.8800,692.34,0,0,1,86.54,0.00,976732160,0,0
37.6766,161943552,193.0200,1314.66,0,0,1,176.07,0.00,976732160,0,0
37.6872,161943552,193.1100,847.76,0,0,1,105.97,0.00,976732160,0,0
37.6978,161943552,193.1900,760.92,0,0,1,95.12,0.00,976732160,0,0
37.7083,161943552,193.2800,853.33,0,0,1,94.81,0.00,976732160,0,0
37.7192,161943552,193.3600,733.55,0,0,1,91.69,0.00,976732160,0,0
37.7301,161943552,193.4400,737.69,0,0,1,92.21,0.00,976732160,0,0
37.7409,161943552,193.5200,737.40,0,0,1,92.17,0.00,976732160,0,0
37.7517,161943552,193.6000,742.22,0,0,1,92.78,0.00,976732160,0,0
37.7625,161943552,193.6700,648.87,0,0,1,81.11,0.00,976732160,0,0
37.7733,161943552,193.7500,736.60,0,0,1,103.58,0.00,976732160,0,0
37.7841,161943552,193.8400,832.53,0,0,1,92.50,0.00,976732160,0,0
37.7950,161943552,193.9100,645.99,0,0,1,92.28,0.00,976732160,0,0
37.8057,161943552,193.9900,746.18,0,0,1,93.27,0.00,976732160,0,0
37.8163,161943552,194.0700,753.28,0,0,1,94.16,0.00,976732160,0,0
37.8270,161943552,194.2100,1307.86,0,0,1,175.16,0.00,976732160,0,0
37.8376,161943552,194.3000,847.25,0,0,1,105.91,0.00,976732160,0,0
37.8482,161943552,194.3800,759.82,0,0,1,94.98,0.00,976732160,0,0
37.8588,161943552,194.4600,750.58,0,0,1,93.82,0.00,976732160,0,0
37.8698,161943552,194.5400,730.61,0,0,1,91.33,0.00,976732160,0,0
37.8804,161943552,194.6200,756.37,0,0,1,94.55,0.00,976732160,0,0
37.8910,161943552,194.7000,754.55,0,0,1,94.32,0.00,976732160,0,0
37.9016,161943552,194.7800,753.15,0,0,1,94.14,0.00,976732160,0,0
37.9122,161943552,194.8600,752.24,0,0,1,94.03,0.00,976732160,0,0
37.9229,161943552,194.9500,840.27,0,0,1,93.36,0.00,976732160,0,0
37.9339,161943552,195.0300,728.43,0,0,1,91.05,0.00,976732160,0,0
37.9446,162213888,195.1200,844.35,0,0,1,93.82,0.00,976732160,0,0
37.9553,162213888,195.1600,371.62,0,0,1,58.07,0.00,976732160,0,0
37.9660,162213888,195.2100,466.72,0,0,1,58.34,0.00,976732160,0,0
37.9768,162484224,195.3000,833.29,0,0,1,115.74,0.00,976732160,0,0
37.9878,162484224,195.3300,274.92,0,0,1,11.46,0.00,976732160,0,0
37.9984,162484224,195.3400,94.33,0,0,1,47.16,0.00,976990208,0,0
38.0091,162484224,195.3800,373.13,0,0,1,46.64,0.00,976990208,0,0
38.0201,162484224,195.4200,364.29,0,0,1,45.54,0.00,976990208,0,0
38.0308,162484224,195.4600,372.80,0,0,1,46.60,0.00,976990208,0,0
38.0415,162484224,195.5000,373.47,0,0,1,46.68,0.00,976990208,0,0
38.0528,162484224,195.5400,354.72,0,0,1,44.34,0.00,976990208,0,0
38.0636,162484224,195.5800,370.10,0,0,1,46.26,0.00,976990208,0,0
38.0742,162484224,195.6200,376.01,0,0,1,47.00,0.00,976990208,0,0
38.0849,162484224,195.6600,374.82,0,0,1,46.85,0.00,976990208,0,0
38.0959,162484224,195.7000,363.09,0,0,1,56.73,0.00,976990208,0,0
38.1066,162484224,195.7400,374.82,0,0,1,105.42,0.00,976990208,0,0
38.1171,162484224,195.8200,758.17,0,0,1,47.39,0.00,976990208,0,0
38.1277,162484224,195.8600,380.32,0,0,1,59.42,0.00,976990208,0,0
38.1383,162484224,195.9000,375.27,0,0,1,58.64,0.00,976990208,0,0
38.1490,162484224,195.9400,373.35,0,0,1,46.67,0.00,976990208,0,0
38.1600,162484224,195.9700,272.45,0,0,1,34.06,0.00,976990208,0,0
38.1707,162754560,195.9900,188.16,0,0,1,23.52,0.00,976990208,0,0
38.1812,163565568,196.0100,189.47,0,0,1,59.21,0.00,976990208,0,0
38.1921,163565568,196.0500,367.27,0,0,1,57.39,0.00,976990208,0,0
38.2031,163565568,196.0900,363.26,0,0,1,56.76,0.00,976990208,0,0
38.2136,163565568,196.1300,380.18,0,0,1,59.40,0.00,976990208,0,0
38.2244,163565568,196.1700,372.83,0,0,1,58.25,0.00,976990208,0,0
38.2353,163565568,196.2100,367.00,0,0,1,57.34,0.00,976990208,0,0
38.2458,163565568,196.2500,381.13,0,0,1,59.55,0.00,976990208,0,0
38.2564,163565568,196.2900,374.90,0,0,1,58.58,0.00,976990208,0,0
38.2670,163565568,196.3700,757.41,0,0,1,106.51,0.00,976990208,0,0
38.2775,163565568,196.4100,379.42,0,0,1,47.43,0.00,976990208,0,0
38.2881,163565568,196.4500,379.69,0,0,1,47.46,0.00,976990208,0,0
38.2985,163565568,196.4900,382.42,0,0,1,47.80,0.00,976990208,0,0
38.3092,163565568,196.5300,374.51,0,0,1,46.81,0.00,976990208,0,0
38.3201,163565568,196.5700,368.06,0,0,1,46.01,0.00,976990208,0,0
38.3309,163565568,196.6100,371.11,0,0,1,46.39,0.00,976990208,0,0
38.3420,163565568,196.6300,180.01,0,0,1,11.25,0.00,976990208,0,0
38.3535,163565568,196.6700,348.08,0,0,1,54.39,0.00,976990208,0,0
38.3642,163565568,196.7100,371.26,0,0,1,46.41,0.00,976990208,0,0
38.3754,163565568,196.7500,358.53,0,0,1,44.82,0.00,976990208,0,0
38.3869,163565568,196.8300,695.16,0,0,1,97.76,0.00,976990208,0,0
38.3976,163565568,196.8700,373.12,0,0,1,58.30,0.00,976990208,0,0
38.4087,163565568,196.9100,360.38,0,0,1,45.05,0.00,976990208,0,0
38.4199,163565568,196.9500,357.77,0,0,1,44.72,0.00,976990208,0,0
38.4308,163565568,196.9900,368.68,0,0,1,57.61,0.00,976990208,0,0
38.4419,163565568,197.0300,358.71,0,0,1,44.84,0.00,976990208,0,0
38.4533,163565568,197.0700,352.25,0,0,1,55.04,0.00,976990208,0,0
38.4642,163565568,197.1100,367.01,0,0,1,45.88,0.00,976990208,0,0
38.4751,163565568,197.1500,366.94,0,0,1,45.87,0.00,976990208,0,0
38.4864,163565568,197.1900,353.56,0,0,1,44.19,0.00,976990208,0,0
38.4970,163565568,197.2700,755.46,0,0,1,118.04,0.00,976990208,0,0
38.5075,163565568,197.3100,379.58,0,0,1,59.31,0.00,976990208,0,0
38.5184,163565568,197.3500,366.27,0,0,1,57.23,0.00,976990208,0,0
38.5289,163565568,197.3900,380.25,0,0,1,59.41,0.00,976990208,0,0
38.5395,163565568,197.4300,378.63,0,0,1,47.33,0.00,976990208,0,0
38.5501,163565568,197.4700,378.35,0,0,1,59.12,0.00,976990208,0,0
38.5607,163565568,197.5100,376.98,0,0,1,58.90,0.00,976990208,0,0
38.5713,163565568,197.5500,378.34,0,0,1,47.29,0.00,976990208,0,0
38.5818,163565568,197.5900,379.08,0,0,1,47.39,0.00,976990208,0,0
38.5923,163565568,197.6300,379.91,0,0,1,59.36,0.00,976990208,0,0
38.6030,163565568,197.6700,373.75,0,0,1,46.72,0.00,976990208,0,0
38.6137,163565568,197.7100,376.53,0,0,1,58.83,0.00,976990208,0,0
38.6243,163565568,197.7500,375.11,0,0,1,46.89,0.00,976990208,0,0
38.6356,163565568,197.7900,356.13,0,0,1,44.52,0.00,976990208,0,0
38.6463,163565568,197.8300,373.43,0,0,1,58.35,0.00,976990208,0,0
38.6573,163565568,197.9100,723.34,0,0,1,113.02,0.00,976990208,0,0
38.6683,163565568,197.9500,364.10,0,0,1,45.51,0.00,976990208,0,0
38.6790,163565568,197.9900,373.69,0,0,1,58.39,0.00,976990208,0,0
38.6897,163565568,198.0300,375.69,0,0,1,58.70,0.00,976990208,0,0
38.7002,163565568,198.0700,380.30,0,0,1,59.42,0.00,976990208,0,0
38.7108,163565568,198.1100,378.44,0,0,1,59.13,0.00,976990208,0,0
38.7213,163565568,198.1500,380.29,0,0,1,59.42,0.00,976990208,0,0
38.7318,163565568,198.1900,380.47,0,0,1,47.56,0.00,976990208,0,0
38.7424,163565568,198.2300,378.20,0,0,1,47.28,0.00,976990208,0,0
38.7531,163565568,198.2700,373.97,0,0,1,46.75,0.00,976990208,0,0
38.7637,163565568,198.3100,374.37,0,0,1,46.80,0.00,976990208,0,0
38.7744,163565568,198.3500,376.69,0,0,1,47.09,0.00,976990208,0,0
38.7858,163565568,198.3900,351.34,0,0,1,43.92,0.00,976990208,0,0
38.7963,163565568,198.4300,380.24,0,0,1,47.53,0.00,976990208,0,0
38.8069,163565568,198.5100,751.09,0,0,1,105.62,0.00,976990208,0,0
38.8177,163565568,198.5500,371.00,0,0,1,46.38,0.00,976990208,0,0
38.8283,163565568,198.5800,283.98,0,0,1,35.50,0.00,976990208,0,0
38.8389,163565568,198.6100,282.08,0,0,1,23.51,0.00,976990208,0,0
38.8495,163835904,198.6200,94.74,0,0,1,11.84,0.00,976990208,0,0
38.8601,164106240,198.6300,93.95,0,0,1,11.74,0.00,976990208,0,0
38.8709,164106240,198.6400,92.67,0,0,1,23.17,0.00,976990208,0,0
38.8817,164106240,198.6500,92.20,0,0,1,11.53,0.00,976990208,0,0
38.8927,164106240,198.6600,91.35,0,0,1,11.42,0.00,976990208,0,0
38.9037,164106240,198.6900,273.00,0,0,1,45.50,0.00,976990208,0,0
38.9145,164106240,198.7100,184.53,0,0,1,23.07,0.00,976990208,0,0
38.9255,164106240,198.7200,90.89,0,0,1,22.72,0.00,976990208,0,0
38.9366,164376576,198.7500,271.61,0,0,1,67.90,0.00,976990208,0,0
38.9476,164376576,198.8000,453.42,0,0,1,11.34,0.00,976990208,0,0
38.9587,164376576,198.8300,271.06,0,0,1,56.47,0.00,976990208,0,0
38.9701,164646912,198.8700,350.07,0,0,1,43.76,0.00,976990208,0,0
38.9808,164646912,198.9100,371.52,0,0,1,46.44,0.00,976990208,0,0
38.9917,164646912,198.9500,368.96,0,0,1,23.06,0.00,976990208,0,0
39.0029,164646912,198.9700,179.14,0,0,1,89.57,0.00,976990208,0,0
39.0139,164646912,199.0600,815.53,0,0,1,90.61,0.00,976990208,0,0
39.0249,164646912,199.1100,454.09,0,0,1,34.06,0.00,976990208,0,0
39.0362,164646912,199.1300,176.61,0,0,1,55.19,0.00,976990208,0,0
39.0472,164646912,199.2000,639.44,0,0,1,114.19,0.00,976990208,0,0
39.0583,164646912,199.2400,360.88,0,0,1,56.39,0.00,976998400,0,0
39.0704,164646912,199.2600,165.16,0,0,1,51.61,0.00,976998400,0,0
39.0812,164646912,199.3000,368.17,0,0,1,46.02,0.00,976998400,0,0
39.0923,164646912,199.3400,360.79,0,0,1,45.10,0.00,976998400,0,0
39.1032,164646912,199.3800,367.04,0,0,1,45.88,0.00,976998400,0,0
39.1141,164646912,199.4200,368.12,0,0,1,46.02,0.00,976998400,0,0
39.1251,164646912,199.4600,362.17,0,0,1,22.64,0.00,976998400,0,0
39.1468,164646912,199.6500,876.06,0,0,1,132.56,0.00,976998400,0,0
39.1575,164646912,199.7300,750.26,0,0,1,93.78,0.00,976998400,0,0
39.1692,164646912,199.7900,513.17,0,0,1,42.76,0.00,976998400,0,0
39.1798,164646912,199.8200,283.27,0,0,1,59.02,0.00,976998400,0,0
39.1903,164646912,199.8600,379.13,0,0,1,35.54,0.00,976998400,0,0
39.2015,164646912,199.8900,267.67,0,0,1,44.61,0.00,977256448,0,0
39.2120,164646912,199.9300,382.14,0,0,1,35.83,0.00,977256448,0,0
39.2227,164646912,199.9500,187.52,0,0,1,58.60,0.00,977256448,0,0
39.2332,164646912,199.9900,378.08,0,0,1,59.08,0.00,977256448,0,0
39.2438,164646912,200.0300,378.45,0,0,1,59.13,0.00,977256448,0,0
39.2545,164917248,200.0900,560.00,0,0,1,58.33,0.00,977256448,0,0
39.2650,165187584,200.1100,190.32,0,0,1,11.89,0.00,977256448,0,0
39.2757,165187584,200.1700,561.46,0,0,1,93.58,0.00,977256448,0,0
39.2868,165187584,200.3100,1261.92,0,0,1,180.27,0.00,977256448,0,0
39.2974,165187584,200.3900,756.15,0,0,1,94.52,0.00,977256448,0,0
39.3082,165187584,200.4700,737.43,0,0,1,92.18,0.00,977256448,0,0
39.3197,165187584,200.5600,782.36,0,0,1,86.93,0.00,977256448,0,0
39.3303,165187584,200.6400,757.39,0,0,1,94.67,0.00,977256448,0,0
39.3409,165187584,200.7200,755.93,0,0,1,94.49,0.00,977256448,0,0
39.3517,165187584,200.7900,647.69,0,0,1,46.26,0.00,977256448,0,0
39.3622,165187584,200.8100,189.89,0,0,1,59.34,0.00,981409792,0,0
39.3730,165187584,200.8400,278.90,0,0,1,46.48,0.00,981409792,0,0
39.3837,165187584,200.8800,373.89,0,0,1,46.74,0.00,981409792,0,0
39.3943,165187584,200.9400,565.20,0,0,1,35.32,0.00,981409792,0,0
39.4049,165457920,200.9500,94.26,0,0,1,47.13,0.00,981409792,0,0
39.4154,165457920,200.9900,379.52,0,0,1,47.44,0.00,981409792,0,0
39.4260,165457920,201.0300,378.79,0,0,1,47.35,0.00,981409792,0,0
39.4367,165457920,201.1000,654.64,0,0,1,81.83,0.00,981409792,0,0
39.4472,165728256,201.1200,190.34,0,0,1,47.59,0.00,981409792,0,0
39.4581,165728256,201.1600,366.06,0,0,1,45.76,0.00,981409792,0,0
39.4694,165728256,201.2000,356.19,0,0,1,44.52,0.00,981409792,0,0
39.4800,165728256,201.2400,375.23,0,0,1,46.90,0.00,981409792,0,0
39.4908,165728256,201.2800,371.08,0,0,1,46.39,0.00,981409792,0,0
39.5019,165728256,201.3200,360.17,0,0,1,45.02,0.00,981409792,0,0
39.5125,165728256,201.3600,377.25,0,0,1,47.16,0.00,981409792,0,0
39.5230,165728256,201.4000,381.86,0,0,1,47.73,0.00,981409792,0,0
39.5335,165728256,201.4400,381.38,0,0,1,47.67,0.00,981409792,0,0
39.5440,165728256,201.4800,379.21,0,0,1,47.40,0.00,981409792,0,0
39.5547,165728256,201.5200,374.23,0,0,1,46.78,0.00,981409792,0,0
39.5654,165728256,201.5800,561.37,0,0,1,58.48,0.00,981409792,0,0
39.5760,165728256,201.5900,94.00,0,0,1,11.75,0.00,981409792,0,0
39.5871,165728256,201.7100,1086.83,0,0,1,181.14,0.00,981409792,0,0
39.5979,165728256,201.7900,735.90,0,0,1,91.99,0.00,981409792,0,0
39.6087,165728256,201.8700,740.79,0,0,1,92.60,0.00,981409792,0,0
39.6195,165728256,201.9500,747.00,0,0,1,93.38,0.00,981409792,0,0
39.6299,165728256,202.0300,762.66,0,0,1,95.33,0.00,981409792,0,0
39.6407,165728256,202.1100,747.07,0,0,1,93.38,0.00,981409792,0,0
39.6537,165728256,202.1900,612.87,0,0,1,76.61,0.00,981409792,0,0
39.6643,165728256,202.2700,757.12,0,0,1,94.64,0.00,981409792,0,0
39.6748,165728256,202.3500,757.12,0,0,1,94.64,0.00,981409792,0,0
39.6854,165728256,202.4300,755.74,0,0,1,94.47,0.00,981409792,0,0
39.6960,165728256,202.5100,758.04,0,0,1,94.76,0.00,981409792,0,0
39.7066,165728256,202.6400,1226.54,0,0,1,176.90,0.00,981409792,0,0
39.7183,165728256,202.7300,766.36,0,0,1,95.79,0.00,981409792,0,0
39.7289,165728256,202.8100,753.08,0,0,1,94.13,0.00,981409792,0,0
39.7396,165728256,202.8900,753.67,0,0,1,94.21,0.00,981409792,0,0
39.7503,165728256,202.9800,839.14,0,0,1,93.24,0.00,981409792,0,0
39.7609,165728256,203.0600,753.18,0,0,1,94.15,0.00,981409792,0,0
39.7716,165728256,203.1400,748.13,0,0,1,93.52,0.00,981409792,0,0
39.7822,165728256,203.2200,753.41,0,0,1,94.18,0.00,981409792,0,0
39.7929,165728256,203.3000,752.05,0,0,1,94.01,0.00,981409792,0,0
39.8035,165728256,203.3800,748.01,0,0,1,93.50,0.00,981409792,0,0
39.8141,165728256,203.4700,851.98,0,0,1,82.83,0.00,981409792,0,0
39.8250,165728256,203.5300,553.11,0,0,1,57.62,0.00,981409792,0,0
39.8356,165728256,203.5400,94.16,0,0,1,11.77,0.00,981409792,0,0
39.8461,165728256,203.5400,0.00,0,0,1,11.93,0.00,981409792,0,0
39.8568,165728256,203.6000,556.76,0,0,1,104.39,0.00,981409792,0,0
39.8680,165728256,203.6400,358.31,0,0,1,44.79,0.00,981409792,0,0
39.8786,165728256,203.6800,376.67,0,0,1,58.85,0.00,981409792,0,0
39.8891,165728256,203.7200,379.78,0,0,1,47.47,0.00,981409792,0,0
39.8997,165728256,203.7600,380.22,0,0,1,59.41,0.00,981409792,0,0
39.9102,165728256,203.8000,380.24,0,0,1,47.53,0.00,981409792,0,0
39.9207,165998592,203.8300,285.90,0,0,1,23.82,0.00,981409792,0,0
39.9312,166268928,203.8500,189.38,0,0,1,47.35,0.00,981409792,0,0
39.9421,166268928,203.8900,369.86,0,0,1,57.79,0.00,981409792,0,0
39.9528,166268928,203.9300,373.39,0,0,1,46.67,0.00,981409792,0,0
39.9635,166268928,203.9700,373.27,0,0,1,58.32,0.00,981409792,0,0
39.9742,166268928,204.0100,371.83,0,0,1,46.48,0.00,981409792,0,0
39.9853,166268928,204.0500,361.10,0,0,1,45.14,0.00,981409792,0,0
39.9958,166268928,204.1000,475.88,0,0,1,47.59,0.00,981409792,0,0
40.0064,166539264,204.1300,284.86,0,0,1,35.61,0.00,981409792,0,0
40.0172,166809600,204.1800,461.25,0,0,1,80.72,0.00,981667840,0,0
40.0280,166809600,204.2200,369.69,0,0,1,57.76,0.00,981667840,0,0
40.0390,166809600,204.2600,363.10,0,0,1,45.39,0.00,981667840,0,0
40.0499,166809600,204.3000,369.83,0,0,1,57.79,0.00,981667840,0,0
40.0606,166809600,204.3400,371.40,0,0,1,46.42,0.00,981667840,0,0
40.0713,166809600,204.3800,374.58,0,0,1,58.53,0.00,981667840,0,0
40.0819,166809600,204.4200,375.81,0,0,1,46.98,0.00,981667840,0,0
40.0925,166809600,204.4600,380.66,0,0,1,59.48,0.00,981667840,0,0
40.1031,166809600,204.5000,374.09,0,0,1,46.76,0.00,981667840,0,0
40.1138,166809600,204.5400,375.07,0,0,1,58.60,0.00,981667840,0,0
40.1244,166809600,204.5800,379.06,0,0,1,47.38,0.00,981667840,0,0
40.1349,166809600,204.6200,379.46,0,0,1,59.29,0.00,981667840,0,0
40.1454,166809600,204.6600,382.51,0,0,1,47.81,0.00,981667840,0,0
40.1561,166809600,204.7000,372.76,0,0,1,58.24,0.00,981667840,0,0
40.1672,166809600,204.7800,720.13,0,0,1,101.27,0.00,981667840,0,0
40.1781,166809600,204.8200,367.70,0,0,1,45.96,0.00,981667840,0,0
40.1887,166809600,204.8600,376.69,0,0,1,47.09,0.00,981667840,0,0
40.1993,166809600,204.9000,376.25,0,0,1,47.03,0.00,981667840,0,0
40.2098,166809600,204.9400,380.84,0,0,1,47.60,0.00,981667840,0,0
40.2204,166809600,204.9800,376.95,0,0,1,47.12,0.00,981667840,0,0
40.2309,166809600,205.0200,380.93,0,0,1,47.62,0.00,981667840,0,0
40.2415,166809600,205.0600,380.44,0,0,1,47.56,0.00,981667840,0,0
40.2524,166809600,205.0900,274.15,0,0,1,11.42,0.00,981667840,0,0
40.2632,166809600,205.1000,92.18,0,0,1,11.52,0.00,981667840,0,0
40.2742,166809600,205.1100,91.45,0,0,1,11.43,0.00,981667840,0,0
40.2976,166809600,205.3000,811.86,0,0,1,122.85,0.00,981667840,0,0
40.3087,166809600,205.3800,722.97,0,0,1,90.37,0.00,981667840,0,0
40.3195,166809600,205.4600,735.48,0,0,1,91.94,0.00,981667840,0,0
40.3304,166809600,205.5400,738.93,0,0,1,92.37,0.00,981667840,0,0
40.3411,166809600,205.6200,742.69,0,0,1,92.84,0.00,981667840,0,0
40.3518,166809600,205.7000,748.21,0,0,1,93.53,0.00,981667840,0,0
40.3625,166809600,205.7900,844.61,0,0,1,93.85,0.00,981667840,0,0
40.3732,166809600,205.8600,650.86,0,0,1,92.98,0.00,981667840,0,0
40.3846,166809600,205.9400,705.04,0,0,1,88.13,0.00,981667840,0,0
40.3953,166809600,206.0200,749.21,0,0,1,93.65,0.00,981667840,0,0
40.4059,166809600,206.1000,752.51,0,0,1,188.13,0.00,981667840,0,0
40.4196,166809600,206.2500,1096.35,0,0,1,73.09,0.00,981925888,0,0
40.4302,166809600,206.3300,753.54,0,0,1,94.19,0.00,981925888,0,0
40.4409,166809600,206.4100,748.69,0,0,1,93.59,0.00,981925888,0,0
40.4515,166809600,206.5000,849.00,0,0,1,94.33,0.00,981925888,0,0
40.4626,166809600,206.5800,715.96,0,0,1,89.50,0.00,981925888,0,0
40.4751,166809600,206.6600,643.66,0,0,1,80.46,0.00,981925888,0,0
40.4858,166809600,206.7400,742.54,0,0,1,92.82,0.00,981925888,0,0
40.4965,166809600,206.8200,747.95,0,0,1,186.99,0.00,981925888,0,0
40.5117,166809600,206.9600,922.76,0,0,1,65.91,0.00,981925888,0,0
40.5225,166809600,207.0500,833.46,0,0,1,92.61,0.00,981925888,0,0
40.5376,166809600,207.1800,862.89,0,0,1,124.46,0.00,981925888,0,0
40.5499,166809600,207.2600,651.86,0,0,1,91.67,0.00,981925888,0,0
40.5613,166809600,207.3500,789.47,0,0,1,87.72,0.00,981925888,0,0
40.5729,166809600,207.4200,599.86,0,0,1,85.69,0.00,981925888,0,0
40.5844,166809600,207.5000,696.01,0,0,1,87.00,0.00,981925888,0,0
40.5974,166809600,207.6400,1077.66,0,0,1,144.33,0.00,981925888,0,0
40.6087,166809600,207.7200,706.40,0,0,1,77.26,0.00,981925888,0,0
40.6196,166809600,207.8100,827.53,0,0,1,114.93,0.00,981925888,0,0
40.6304,166809600,207.8800,649.05,0,0,1,81.13,0.00,981925888,0,0
40.6434,166809600,207.9700,691.89,0,0,1,86.49,0.00,981925888,0,0
40.6547,166809600,208.1200,1327.55,0,0,1,177.01,0.00,981925888,0,0
40.6719,166809600,208.2200,582.12,0,0,1,58.21,0.00,981925888,0,0
40.6830,166809600,208.2900,631.44,0,0,1,90.21,0.00,981925888,0,0
40.6950,166809600,208.3700,664.93,0,0,1,83.12,0.00,981925888,0,0
40.7067,166809600,208.5000,1114.53,0,0,1,160.75,0.00,981925888,0,0
40.7178,166809600,208.5800,714.95,0,0,1,100.54,0.00,981925888,0,0
40.7333,166809600,208.6600,517.65,0,0,1,64.71,0.00,981925888,0,0
40.7441,166809600,208.7400,738.54,0,0,1,92.32,0.00,981925888,0,0
40.7550,166809600,208.8200,733.75,0,0,1,91.72,0.00,981925888,0,0
40.7658,166809600,208.9000,740.48,0,0,1,92.56,0.00,981925888,0,0
40.7767,166809600,209.0500,1382.12,0,0,1,184.28,0.00,981925888,0,0
40.7875,166809600,209.1300,738.53,0,0,1,92.32,0.00,981925888,0,0
40.7982,166809600,209.2200,842.28,0,0,1,93.59,0.00,981925888,0,0
40.8093,166809600,209.3000,722.28,0,0,1,90.28,0.00,981925888,0,0
40.8200,166809600,209.3700,653.21,0,0,1,93.32,0.00,981925888,0,0
40.8306,166809600,209.4500,753.13,0,0,1,94.14,0.00,981925888,0,0
40.8413,166809600,209.5300,747.58,0,0,1,93.45,0.00,981925888,0,0
40.8519,166809600,209.6200,852.19,0,0,1,94.69,0.00,981925888,0,0
40.8625,166809600,209.7000,756.03,0,0,1,94.50,0.00,981925888,0,0
40.8733,166809600,209.7800,740.85,0,0,1,92.61,0.00,981925888,0,0
40.8845,166809600,209.8600,713.55,0,0,1,89.19,0.00,981925888,0,0
40.8951,166809600,209.9400,751.32,0,0,1,93.91,0.00,981925888,0,0
40.9070,166809600,210.0700,1095.22,0,0,1,157.96,0.00,981925888,0,0
40.9185,166809600,210.1600,783.70,0,0,1,97.96,0.00,981925888,0,0
40.9292,167079936,210.2200,561.33,0,0,1,58.47,0.00,981925888,0,0
40.9398,167079936,210.2800,563.12,0,0,1,58.66,0.00,981925888,0,0
40.9509,167079936,210.3300,453.22,0,0,1,67.98,0.00,981925888,0,0
40.9614,167079936,210.3600,283.83,0,0,1,47.31,0.00,981925888,0,0
40.9721,167079936,210.4000,374.93,0,0,1,70.30,0.00,981925888,0,0
40.9830,167079936,210.4400,366.87,0,0,1,57.32,0.00,981925888,0,0
40.9937,167079936,210.4800,374.28,0,0,1,46.78,0.00,981925888,0,0
41.0045,167079936,210.5200,368.30,0,0,1,57.55,0.00,981925888,0,0
41.0152,167350272,210.5600,376.45,0,0,1,23.53,0.00,981925888,0,0
41.0258,167350272,210.5700,94.13,0,0,1,0.00,0.00,981925888,0,0
41.0365,167350272,210.6100,372.16,0,0,1,104.67,0.00,981925888,0,0
41.0472,167350272,210.6900,750.54,0,0,1,46.91,0.00,981925888,0,0
41.0582,167350272,210.7300,363.77,0,0,1,45.47,0.00,981925888,0,0
41.0691,167350272,210.7700,367.54,0,0,1,45.94,0.00,981925888,0,0
41.0797,167350272,210.8100,378.18,0,0,1,47.27,0.00,981925888,0,0
41.0903,167350272,210.8500,375.43,0,0,1,46.93,0.00,981925888,0,0
41.1013,167350272,210.8900,363.79,0,0,1,45.47,0.00,981925888,0,0
41.1119,167350272,210.9300,377.18,0,0,1,47.15,0.00,981925888,0,0
41.1225,167350272,210.9700,377.27,0,0,1,47.16,0.00,981925888,0,0
41.1337,167350272,211.0100,359.01,0,0,1,44.88,0.00,981925888,0,0
41.1444,167350272,211.0500,371.34,0,0,1,46.42,0.00,981925888,0,0
41.1554,167350272,211.0900,366.18,0,0,1,45.77,0.00,981925888,0,0
41.1671,167350272,211.1700,680.76,0,0,1,95.73,0.00,981925888,0,0
41.1779,167350272,211.2100,371.90,0,0,1,46.49,0.00,981925888,0,0
41.1889,167620608,211.2300,181.96,0,0,1,22.74,0.00,982183936,0,0
41.2004,167890944,211.2500,173.09,0,0,1,10.82,0.00,982441984,0,0
41.2113,167890944,211.2800,276.24,0,0,1,46.04,0.00,982441984,0,0
41.2220,167890944,211.3200,372.31,0,0,1,46.54,0.00,982441984,0,0
41.2334,167890944,211.3700,439.53,0,0,1,43.95,0.00,982441984,0,0
41.2444,167890944,211.4000,273.47,0,0,1,45.58,0.00,982441984,0,0
41.2554,167890944,211.4400,363.67,0,0,1,45.46,0.00,982441984,0,0
41.2668,167890944,211.5100,613.97,0,0,1,87.71,0.00,982441984,0,0
41.2777,167890944,211.5600,455.60,0,0,1,56.95,0.00,982441984,0,0
41.2886,167890944,211.6000,367.43,0,0,1,57.41,0.00,982441984,0,0
41.2995,167890944,211.6400,367.05,0,0,1,45.88,0.00,982441984,0,0
41.3104,167890944,211.6800,366.76,0,0,1,45.85,0.00,982441984,0,0
41.3213,167890944,211.7200,367.98,0,0,1,46.00,0.00,982441984,0,0
41.3322,167890944,211.7600,366.08,0,0,1,45.76,0.00,982441984,0,0
41.3432,167890944,211.8000,364.08,0,0,1,45.51,0.00,982441984,0,0
41.3542,167890944,211.8400,364.78,0,0,1,45.60,0.00,982441984,0,0
41.3651,167890944,211.8800,366.35,0,0,1,45.79,0.00,982441984,0,0
41.3762,167890944,211.9200,360.61,0,0,1,45.08,0.00,982441984,0,0
41.3872,167890944,212.0000,726.95,0,0,1,136.30,0.00,982441984,0,0
41.3984,168161280,212.0500,447.79,0,0,1,44.78,0.00,982441984,0,0
41.4092,168701952,212.0700,184.41,0,0,1,57.63,0.00,982700032,0,0
41.4202,168701952,212.1100,364.83,0,0,1,68.41,0.00,982700032,0,0
41.4312,168701952,212.1500,361.61,0,0,1,45.20,0.00,982700032,0,0
41.4424,168701952,212.1900,358.46,0,0,1,56.01,0.00,982700032,0,0
41.4533,168701952,212.2300,366.41,0,0,1,45.80,0.00,982700032,0,0
41.4643,168701952,212.2700,365.12,0,0,1,45.64,0.00,982700032,0,0
41.4750,168701952,212.3100,371.68,0,0,1,46.46,0.00,982700032,0,0
41.4857,168701952,212.3500,372.97,0,0,1,46.62,0.00,982700032,0,0
41.4964,168701952,212.3900,376.00,0,0,1,105.75,0.00,982700032,0,0
41.5074,168701952,212.4700,728.01,0,0,1,45.50,0.00,982700032,0,0
41.5181,168701952,212.5100,372.07,0,0,1,46.51,0.00,982700032,0,0
41.5289,168701952,212.5500,371.69,0,0,1,46.46,0.00,982700032,0,0
41.5397,168701952,212.5900,368.12,0,0,1,46.01,0.00,982700032,0,0
41.5508,168701952,212.6300,363.28,0,0,1,45.41,0.00,982700032,0,0
41.5616,168701952,212.6700,369.51,0,0,1,46.19,0.00,982700032,0,0
41.5722,168701952,212.7100,377.78,0,0,1,47.22,0.00,982700032,0,0
41.5834,168701952,212.7500,355.61,0,0,1,44.45,0.00,982700032,0,0
41.5943,168701952,212.7900,369.26,0,0,1,46.16,0.00,982700032,0,0
41.6048,168701952,212.8300,378.26,0,0,1,47.28,0.00,982700032,0,0
41.6156,168701952,212.8700,371.28,0,0,1,46.41,0.00,982700032,0,0
41.6263,168701952,212.9100,372.26,0,0,1,46.53,0.00,982700032,0,0
41.6371,168701952,212.9900,746.08,0,0,1,104.92,0.00,982700032,0,0
41.6477,168701952,213.0300,376.17,0,0,1,47.02,0.00,982700032,0,0
41.6583,168701952,213.0700,376.24,0,0,1,47.03,0.00,982700032,0,0
41.6690,168701952,213.1100,373.91,0,0,1,46.74,0.00,982700032,0,0
41.6796,168701952,213.1500,379.34,0,0,1,47.42,0.00,982700032,0,0
41.6903,168701952,213.1900,373.93,0,0,1,46.74,0.00,982700032,0,0
41.7010,168701952,213.2300,371.21,0,0,1,46.40,0.00,982700032,0,0
41.7116,168701952,213.2700,380.17,0,0,1,47.52,0.00,982700032,0,0
41.7222,168701952,213.3100,377.87,0,0,1,47.23,0.00,982700032,0,0
41.7333,168701952,213.3500,359.13,0,0,1,44.89,0.00,982700032,0,0
41.7439,168701952,213.3900,377.28,0,0,1,47.16,0.00,982700032,0,0
41.7547,168701952,213.4300,369.47,0,0,1,46.18,0.00,982700032,0,0
41.7656,168701952,213.4700,368.45,0,0,1,46.06,0.00,982700032,0,0
41.7763,168701952,213.5100,374.31,0,0,1,46.79,0.00,982700032,0,0
41.7869,168701952,213.5900,753.69,0,0,1,94.21,0.00,982700032,0,0
41.7976,168701952,213.6300,373.32,0,0,1,46.67,0.00,982700032,0,0
41.8083,168701952,213.6700,374.76,0,0,1,46.84,0.00,982700032,0,0
41.8192,168701952,213.7100,367.61,0,0,1,45.95,0.00,982700032,0,0
41.8297,168701952,213.7500,379.36,0,0,1,47.42,0.00,982700032,0,0
41.8402,168701952,213.7900,379.33,0,0,1,47.42,0.00,982700032,0,0
41.8512,168701952,213.8300,364.90,0,0,1,45.61,0.00,982700032,0,0
41.8619,168701952,213.8700,374.93,0,0,1,46.87,0.00,982700032,0,0
41.8726,168701952,213.9100,373.70,0,0,1,46.71,0.00,982700032,0,0
41.8835,168701952,213.9500,366.84,0,0,1,45.86,0.00,982700032,0,0
41.8941,168701952,213.9900,375.49,0,0,1,46.94,0.00,982700032,0,0
41.9046,168701952,214.0300,380.77,0,0,1,47.60,0.00,982700032,0,0
41.9152,168701952,214.0700,379.41,0,0,1,47.43,0.00,982700032,0,0
41.9259,168701952,214.1000,280.66,0,0,1,35.08,0.00,982700032,0,0
41.9365,168701952,214.1400,375.74,0,0,1,70.45,0.00,982700032,0,0
41.9473,168701952,214.1700,277.44,0,0,1,11.56,0.00,982958080,0,0
41.9588,147283968,214.1800,87.01,0,0,1,21.75,0.00,964800512,0,0
41.9699,109834240,214.1800,0.00,0,0,1,11.29,0.00,932421632,0,0
41.9812,0,214.1800,0.00,0,0,1,22.16,0.00,897921024,0,0
41.9885,0,214.1800,0.00,0,0,0,0.00,0.00,873635840,0,0
