# cmd : snarkjs powersoftau prepare phase2 pot18_beacon.ptau pot18_final.ptau -v
# cwd : /home/r24barbi/bench-out/20260825_120620/circuits/1024

[36;22m[DEBUG] [39;1msnarkJS[0m: Starting section: tauG1
[36;22m[DEBUG] [39;1msnarkJS[0m: tauG1: fft 0 mix start: 0/1
[36;22m[DEBUG] [39;1msnarkJS[0m: tauG1: fft 0 mix end: 0/1
[36;22m[DEBUG] [39;1msnarkJS[0m: tauG1: fft 1 mix start: 0/1
[36;22m[DEBUG] [39;1msnarkJS[0m: tauG1: fft 1 mix end: 0/1
[36;22m[DEBUG] [39;1msnarkJS[0m: tauG1: fft 2 mix start: 0/1
[36;22m[DEBUG] [39;1msnarkJS[0m: tauG1: fft 2 mix end: 0/1
[36;22m[DEBUG] [39;1msnarkJS[0m: tauG1: fft 3 mix start: 0/1
[36;22m[DEBUG] [39;1msnarkJS[0m: tauG1: fft 3 mix end: 0/1
[36;22m[DEBUG] [39;1msnarkJS[0m: tauG1: fft 4 mix start: 0/2
[36;22m[DEBUG] [39;1msnarkJS[0m: tauG1: fft 4 mix start: 1/2
[36;22m[DEBUG] [39;1msnarkJS[0m: tauG1: fft 4 mix end: 0/2
[36;22m[DEBUG] [39;1msnarkJS[0m: tauG1: fft 4 mix end: 1/2
[36;22m[DEBUG] [39;1msnarkJS[0m: tauG1: fft  4  join: 4/4
[36;22m[DEBUG] [39;1msnarkJS[0m: tauG1: fft 4 join  4/4  1/1 0/1
[36;22m[DEBUG] [39;1msnarkJS[0m: tauG1: fft 5 mix start: 0/4
[36;22m[DEBUG] [39;1msnarkJS[0m: tauG1: fft 5 mix start: 1/4
[36;22m[DEBUG] [39;1msnarkJS[0m: tauG1: fft 5 mix start: 2/4
[36;22m[DEBUG] [39;1msnarkJS[0m: tauG1: fft 5 mix start: 3/4
[36;22m[DEBUG] [39;1msnarkJS[0m: tauG1: fft 5 mix end: 0/4
[36;22m[DEBUG] [39;1msnarkJS[0m: tauG1: fft 5 mix end: 1/4
[36;22m[DEBUG] [39;1msnarkJS[0m: tauG1: fft 5 mix end: 2/4
[36;22m[DEBUG] [39;1msnarkJS[0m: tauG1: fft 5 mix end: 3/4
[36;22m[DEBUG] [39;1msnarkJS[0m: tauG1: fft  5  join: 4/5
[36;22m[DEBUG] [39;1msnarkJS[0m: tauG1: fft 5 join  4/5  1/2 0/1
[36;22m[DEBUG] [39;1msnarkJS[0m: tauG1: fft 5 join  4/5  2/2 0/1
[36;22m[DEBUG] [39;1msnarkJS[0m: tauG1: fft  5  join: 5/5
[36;22m[DEBUG] [39;1msnarkJS[0m: tauG1: fft 5 join  5/5  1/1 0/2
[36;22m[DEBUG] [39;1msnarkJS[0m: tauG1: fft 5 join  5/5  1/1 1/2
[36;22m[DEBUG] [39;1msnarkJS[0m: tauG1: fft 6 mix start: 0/8
[36;22m[DEBUG] [39;1msnarkJS[0m: tauG1: fft 6 mix start: 1/8
[36;22m[DEBUG] [39;1msnarkJS[0m: tauG1: fft 6 mix start: 2/8
[36;22m[DEBUG] [39;1msnarkJS[0m: tauG1: fft 6 mix start: 3/8
[36;22m[DEBUG] [39;1msnarkJS[0m: tauG1: fft 6 mix start: 4/8
[36;22m[DEBUG] [39;1msnarkJS[0m: tauG1: fft 6 mix start: 5/8
[36;22m[DEBUG] [39;1msnarkJS[0m: tauG1: fft 6 mix start: 6/8
[36;22m[DEBUG] [39;1msnarkJS[0m: tauG1: fft 6 mix start: 7/8
[36;22m[DEBUG] [39;1msnarkJS[0m: tauG1: fft 6 mix end: 1/8
[36;22m[DEBUG] [39;1msnarkJS[0m: tauG1: fft 6 mix end: 0/8
[36;22m[DEBUG] [39;1msnarkJS[0m: tauG1: fft 6 mix end: 2/8
[36;22m[DEBUG] [39;1msnarkJS[0m: tauG1: fft 6 mix end: 6/8
[36;22m[DEBUG] [39;1msnarkJS[0m: tauG1: fft 6 mix end: 5/8
[36;22m[DEBUG] [39;1msnarkJS[0m: tauG1: fft 6 mix end: 4/8
[36;22m[DEBUG] [39;1msnarkJS[0m: tauG1: fft 6 mix end: 3/8
[36;22m[DEBUG] [39;1msnarkJS[0m: tauG1: fft 6 mix end: 7/8
[36;22m[DEBUG] [39;1msnarkJS[0m: tauG1: fft  6  join: 4/6
[36;22m[DEBUG] [39;1msnarkJS[0m: tauG1: fft 6 join  4/6  1/4 0/1
[36;22m[DEBUG] [39;1msnarkJS[0m: tauG1: fft 6 join  4/6  2/4 0/1
[36;22m[DEBUG] [39;1msnarkJS[0m: tauG1: fft 6 join  4/6  3/4 0/1
[36;22m[DEBUG] [39;1msnarkJS[0m: tauG1: fft 6 join  4/6  4/4 0/1
[36;22m[DEBUG] [39;1msnarkJS[0m: tauG1: fft  6  join: 5/6
[36;22m[DEBUG] [39;1msnarkJS[0m: tauG1: fft 6 join  5/6  2/2 0/2
[36;22m[DEBUG] [39;1msnarkJS[0m: tauG1: fft 6 join  5/6  1/2 0/2
[36;22m[DEBUG] [39;1msnarkJS[0m: tauG1: fft 6 join  5/6  1/2 1/2
[36;22m[DEBUG] [39;1msnarkJS[0m: tauG1: fft 6 join  5/6  2/2 1/2
[36;22m[DEBUG] [39;1msnarkJS[0m: tauG1: fft  6  join: 6/6
[36;22m[DEBUG] [39;1msnarkJS[0m: tauG1: fft 6 join  6/6  1/1 0/4
[36;22m[DEBUG] [39;1msnarkJS[0m: tauG1: fft 6 join  6/6  1/1 1/4
[36;22m[DEBUG] [39;1msnarkJS[0m: tauG1: fft 6 join  6/6  1/1 2/4
[36;22m[DEBUG] [39;1msnarkJS[0m: tauG1: fft 6 join  6/6  1/1 3/4
[36;22m[DEBUG] [39;1msnarkJS[0m: tauG1: fft 7 mix start: 0/16
[36;22m[DEBUG] [39;1msnarkJS[0m: tauG1: fft 7 mix start: 1/16
[36;22m[DEBUG] [39;1msnarkJS[0m: tauG1: fft 7 mix start: 2/16
[36;22m[DEBUG] [39;1msnarkJS[0m: tauG1: fft 7 mix start: 3/16
[36;22m[DEBUG] [39;1msnarkJS[0m: tauG1: fft 7 mix start: 4/16
[36;22m[DEBUG] [39;1msnarkJS[0m: tauG1: fft 7 mix start: 5/16
[36;22m[DEBUG] [39;1msnarkJS[0m: tauG1: fft 7 mix start: 6/16
[36;22m[DEBUG] [39;1msnarkJS[0m: tauG1: fft 7 mix start: 7/16
[36;22m[DEBUG] [39;1msnarkJS[0m: tauG1: fft 7 mix start: 8/16
[36;22m[DEBUG] [39;1msnarkJS[0m: tauG1: fft 7 mix start: 9/16
[36;22m[DEBUG] [39;1msnarkJS[0m: tauG1: fft 7 mix start: 10/16
[36;22m[DEBUG] [39;1msnarkJS[0m: tauG1: fft 7 mix start: 11/16
[36;22m[DEBUG] [39;1msnarkJS[0m: tauG1: fft 7 mix start: 12/16
[36;22m[DEBUG] [39;1msnarkJS[0m: tauG1: fft 7 mix start: 13/16
[36;22m[DEBUG] [39;1msnarkJS[0m: tauG1: fft 7 mix start: 14/16
[36;22m[DEBUG] [39;1msnarkJS[0m: tauG1: fft 7 mix start: 15/16
[36;22m[DEBUG] [39;1msnarkJS[0m: tauG1: fft 7 mix end: 1/16
[36;22m[DEBUG] [39;1msnarkJS[0m: tauG1: fft 7 mix end: 2/16
[36;22m[DEBUG] [39;1msnarkJS[0m: tauG1: fft 7 mix end: 0/16
[36;22m[DEBUG] [39;1msnarkJS[0m: tauG1: fft 7 mix end: 5/16
[36;22m[DEBUG] [39;1msnarkJS[0m: tauG1: fft 7 mix end: 8/16
[36;22m[DEBUG] [39;1msnarkJS[0m: tauG1: fft 7 mix end: 4/16
[36;22m[DEBUG] [39;1msnarkJS[0m: tauG1: fft 7 mix end: 11/16
[36;22m[DEBUG] [39;1msnarkJS[0m: tauG1: fft 7 mix end: 3/16
[36;22m[DEBUG] [39;1msnarkJS[0m: tauG1: fft 7 mix end: 6/16
[36;22m[DEBUG] [39;1msnarkJS[0m: tauG1: fft 7 mix end: 7/16
[36;22m[DEBUG] [39;1msnarkJS[0m: tauG1: fft 7 mix end: 14/16
[36;22m[DEBUG] [39;1msnarkJS[0m: tauG1: fft 7 mix end: 15/16
[36;22m[DEBUG] [39;1msnarkJS[0m: tauG1: fft 7 mix end: 10/16
[36;22m[DEBUG] [39;1msnarkJS[0m: tauG1: fft 7 mix end: 13/16
[36;22m[DEBUG] [39;1msnarkJS[0m: tauG1: fft 7 mix end: 9/16
[36;22m[DEBUG] [39;1msnarkJS[0m: tauG1: fft 7 mix end: 12/16
[36;22m[DEBUG] [39;1msnarkJS[0m: tauG1: fft  7  join: 4/7
[36;22m[DEBUG] [39;1msnarkJS[0m: tauG1: fft 7 join  4/7  2/8 0/1
[36;22m[DEBUG] [39;1msnarkJS[0m: tauG1: fft 7 join  4/7  3/8 0/1
[36;22m[DEBUG] [39;1msnarkJS[0m: tauG1: fft 7 join  4/7  1/8 0/1
[36;22m[DEBUG] [39;1msnarkJS[0m: tauG1: fft 7 join  4/7  6/8 0/1
[36;22m[DEBUG] [39;1msnarkJS[0m: tauG1: fft 7 join  4/7  7/8 0/1
[36;22m[DEBUG] [39;1msnarkJS[0m: tauG1: fft 7 join  4/7  5/8 0/1
[36;22m[DEBUG] [39;1msnarkJS[0m: tauG1: fft 7 join  4/7  4/8 0/1
[36;22m[DEBUG] [39;1msnarkJS[0m: tauG1: fft 7 join  4/7  8/8 0/1
[36;22m[DEBUG] [39;1msnarkJS[0m: tauG1: fft  7  join: 5/7
[36;22m[DEBUG] [39;1msnarkJS[0m: tauG1: fft 7 join  5/7  2/4 0/2
[36;22m[DEBUG] [39;1msnarkJS[0m: tauG1: fft 7 join  5/7  1/4 0/2
[36;22m[DEBUG] [39;1msnarkJS[0m: tauG1: fft 7 join  5/7  3/4 0/2
[36;22m[DEBUG] [39;1msnarkJS[0m: tauG1: fft 7 join  5/7  4/4 0/2
[36;22m[DEBUG] [39;1msnarkJS[0m: tauG1: fft 7 join  5/7  1/4 1/2
[36;22m[DEBUG] [39;1msnarkJS[0m: tauG1: fft 7 join  5/7  3/4 1/2
[36;22m[DEBUG] [39;1msnarkJS[0m: tauG1: fft 7 join  5/7  2/4 1/2
[36;22m[DEBUG] [39;1msnarkJS[0m: tauG1: fft 7 join  5/7  4/4 1/2
[36;22m[DEBUG] [39;1msnarkJS[0m: tauG1: fft  7  join: 6/7
[36;22m[DEBUG] [39;1msnarkJS[0m: tauG1: fft 7 join  6/7  1/2 0/4
[36;22m[DEBUG] [39;1msnarkJS[0m: tauG1: fft 7 join  6/7  1/2 1/4
[36;22m[DEBUG] [39;1msnarkJS[0m: tauG1: fft 7 join  6/7  1/2 2/4
[36;22m[DEBUG] [39;1msnarkJS[0m: tauG1: fft 7 join  6/7  2/2 0/4
[36;22m[DEBUG] [39;1msnarkJS[0m: tauG1: fft 7 join  6/7  2/2 1/4
[36;22m[DEBUG] [39;1msnarkJS[0m: tauG1: fft 7 join  6/7  2/2 2/4
[36;22m[DEBUG] [39;1msnarkJS[0m: tauG1: fft 7 join  6/7  1/2 3/4
[36;22m[DEBUG] [39;1msnarkJS[0m: tauG1: fft 7 join  6/7  2/2 3/4
[36;22m[DEBUG] [39;1msnarkJS[0m: tauG1: fft  7  join: 7/7
[36;22m[DEBUG] [39;1msnarkJS[0m: tauG1: fft 7 join  7/7  1/1 0/8
[36;22m[DEBUG] [39;1msnarkJS[0m: tauG1: fft 7 join  7/7  1/1 2/8
[36;22m[DEBUG] [39;1msnarkJS[0m: tauG1: fft 7 join  7/7  1/1 1/8
[36;22m[DEBUG] [39;1msnarkJS[0m: tauG1: fft 7 join  7/7  1/1 4/8
[36;22m[DEBUG] [39;1msnarkJS[0m: tauG1: fft 7 join  7/7  1/1 5/8
[36;22m[DEBUG] [39;1msnarkJS[0m: tauG1: fft 7 join  7/7  1/1 6/8
[36;22m[DEBUG] [39;1msnarkJS[0m: tauG1: fft 7 join  7/7  1/1 3/8
[36;22m[DEBUG] [39;1msnarkJS[0m: tauG1: fft 7 join  7/7  1/1 7/8
[36;22m[DEBUG] [39;1msnarkJS[0m: tauG1: fft 8 mix start: 0/32
[36;22m[DEBUG] [39;1msnarkJS[0m: tauG1: fft 8 mix start: 1/32
[36;22m[DEBUG] [39;1msnarkJS[0m: tauG1: fft 8 mix start: 2/32
[36;22m[DEBUG] [39;1msnarkJS[0m: tauG1: fft 8 mix start: 3/32
[36;22m[DEBUG] [39;1msnarkJS[0m: tauG1: fft 8 mix start: 4/32
[36;22m[DEBUG] [39;1msnarkJS[0m: tauG1: fft 8 mix start: 5/32
[36;22m[DEBUG] [39;1msnarkJS[0m: tauG1: fft 8 mix start: 6/32
[36;22m[DEBUG] [39;1msnarkJS[0m: tauG1: fft 8 mix start: 7/32
[36;22m[DEBUG] [39;1msnarkJS[0m: tauG1: fft 8 mix start: 8/32
[36;22m[DEBUG] [39;1msnarkJS[0m: tauG1: fft 8 mix start: 9/32
[36;22m[DEBUG] [39;1msnarkJS[0m: tauG1: fft 8 mix start: 10/32
[36;22m[DEBUG] [39;1msnarkJS[0m: tauG1: fft 8 mix start: 11/32
[36;22m[DEBUG] [39;1msnarkJS[0m: tauG1: fft 8 mix start: 12/32
[36;22m[DEBUG] [39;1msnarkJS[0m: tauG1: fft 8 mix start: 13/32
[36;22m[DEBUG] [39;1msnarkJS[0m: tauG1: fft 8 mix start: 14/32
[36;22m[DEBUG] [39;1msnarkJS[0m: tauG1: fft 8 mix start: 15/32
[36;22m[DEBUG] [39;1msnarkJS[0m: tauG1: fft 8 mix start: 16/32
[36;22m[DEBUG] [39;1msnarkJS[0m: tauG1: fft 8 mix start: 17/32
[36;22m[DEBUG] [39;1msnarkJS[0m: tauG1: fft 8 mix start: 18/32
[36;22m[DEBUG] [39;1msnarkJS[0m: tauG1: fft 8 mix start: 19/32
[36;22m[DEBUG] [39;1msnarkJS[0m: tauG1: fft 8 mix start: 20/32
[36;22m[DEBUG] [39;1msnarkJS[0m: tauG1: fft 8 mix start: 21/32
[36;22m[DEBUG] [39;1msnarkJS[0m: tauG1: fft 8 mix start: 22/32
[36;22m[DEBUG] [39;1msnarkJS[0m: tauG1: fft 8 mix start: 23/32
[36;22m[DEBUG] [39;1msnarkJS[0m: tauG1: fft 8 mix start: 24/32
[36;22m[DEBUG] [39;1msnarkJS[0m: tauG1: fft 8 mix start: 25/32
[36;22m[DEBUG] [39;1msnarkJS[0m: tauG1: fft 8 mix start: 26/32
[36;22m[DEBUG] [39;1msnarkJS[0m: tauG1: fft 8 mix start: 27/32
[36;22m[DEBUG] [39;1msnarkJS[0m: tauG1: fft 8 mix start: 28/32
[36;22m[DEBUG] [39;1msnarkJS[0m: tauG1: fft 8 mix start: 29/32
[36;22m[DEBUG] [39;1msnarkJS[0m: tauG1: fft 8 mix start: 30/32
[36;22m[DEBUG] [39;1msnarkJS[0m: tauG1: fft 8 mix start: 31/32
[36;22m[DEBUG] [39;1msnarkJS[0m: tauG1: fft 8 mix end: 2/32
[36;22m[DEBUG] [39;1msnarkJS[0m: tauG1: fft 8 mix end: 0/32
[36;22m[DEBUG] [39;1msnarkJS[0m: tauG1: fft 8 mix end: 5/32
[36;22m[DEBUG] [39;1msnarkJS[0m: tauG1: fft 8 mix end: 11/32
[36;22m[DEBUG] [39;1msnarkJS[0m: tauG1: fft 8 mix end: 1/32
[36;22m[DEBUG] [39;1msnarkJS[0m: tauG1: fft 8 mix end: 14/32
[36;22m[DEBUG] [39;1msnarkJS[0m: tauG1: fft 8 mix end: 3/32
[36;22m[DEBUG] [39;1msnarkJS[0m: tauG1: fft 8 mix end: 15/32
[36;22m[DEBUG] [39;1msnarkJS[0m: tauG1: fft 8 mix end: 4/32
[36;22m[DEBUG] [39;1msnarkJS[0m: tauG1: fft 8 mix end: 7/32
[36;22m[DEBUG] [39;1msnarkJS[0m: tauG1: fft 8 mix end: 8/32
[36;22m[DEBUG] [39;1msnarkJS[0m: tauG1: fft 8 mix end: 6/32
[36;22m[DEBUG] [39;1msnarkJS[0m: tauG1: fft 8 mix end: 18/32
[36;22m[DEBUG] [39;1msnarkJS[0m: tauG1: fft 8 mix end: 20/32
[36;22m[DEBUG] [39;1msnarkJS[0m: tauG1: fft 8 mix end: 25/32
[36;22m[DEBUG] [39;1msnarkJS[0m: tauG1: fft 8 mix end: 9/32
[36;22m[DEBUG] [39;1msnarkJS[0m: tauG1: fft 8 mix end: 10/32
[36;22m[DEBUG] [39;1msnarkJS[0m: tauG1: fft 8 mix end: 12/32
[36;22m[DEBUG] [39;1msnarkJS[0m: tauG1: fft 8 mix end: 13/32
[36;22m[DEBUG] [39;1msnarkJS[0m: tauG1: fft 8 mix end: 19/32
[36;22m[DEBUG] [39;1msnarkJS[0m: tauG1: fft 8 mix end: 28/32
[36;22m[DEBUG] [39;1msnarkJS[0m: tauG1: fft 8 mix end: 16/32
[36;22m[DEBUG] [39;1msnarkJS[0m: tauG1: fft 8 mix end: 17/32
[36;22m[DEBUG] [39;1msnarkJS[0m: tauG1: fft 8 mix end: 26/32
[36;22m[DEBUG] [39;1msnarkJS[0m: tauG1: fft 8 mix end: 27/32
[36;22m[DEBUG] [39;1msnarkJS[0m: tauG1: fft 8 mix end: 29/32
[36;22m[DEBUG] [39;1msnarkJS[0m: tauG1: fft 8 mix end: 30/32
[36;22m[DEBUG] [39;1msnarkJS[0m: tauG1: fft 8 mix end: 23/32
[36;22m[DEBUG] [39;1msnarkJS[0m: tauG1: fft 8 mix end: 24/32
[36;22m[DEBUG] [39;1msnarkJS[0m: tauG1: fft 8 mix end: 22/32
[36;22m[DEBUG] [39;1msnarkJS[0m: tauG1: fft 8 mix end: 31/32
[36;22m[DEBUG] [39;1msnarkJS[0m: tauG1: fft 8 mix end: 21/32
[36;22m[DEBUG] [39;1msnarkJS[0m: tauG1: fft  8  join: 4/8
[36;22m[DEBUG] [39;1msnarkJS[0m: tauG1: fft 8 join  4/8  1/16 0/1
[36;22m[DEBUG] [39;1msnarkJS[0m: tauG1: fft 8 join  4/8  2/16 0/1
[36;22m[DEBUG] [39;1msnarkJS[0m: tauG1: fft 8 join  4/8  3/16 0/1
[36;22m[DEBUG] [39;1msnarkJS[0m: tauG1: fft 8 join  4/8  6/16 0/1
[36;22m[DEBUG] [39;1msnarkJS[0m: tauG1: fft 8 join  4/8  12/16 0/1
[36;22m[DEBUG] [39;1msnarkJS[0m: tauG1: fft 8 join  4/8  16/16 0/1
[36;22m[DEBUG] [39;1msnarkJS[0m: tauG1: fft 8 join  4/8  9/16 0/1
[36;22m[DEBUG] [39;1msnarkJS[0m: tauG1: fft 8 join  4/8  15/16 0/1
[36;22m[DEBUG] [39;1msnarkJS[0m: tauG1: fft 8 join  4/8  4/16 0/1
[36;22m[DEBUG] [39;1msnarkJS[0m: tauG1: fft 8 join  4/8  7/16 0/1
[36;22m[DEBUG] [39;1msnarkJS[0m: tauG1: fft 8 join  4/8  8/16 0/1
[36;22m[DEBUG] [39;1msnarkJS[0m: tauG1: fft 8 join  4/8  10/16 0/1
[36;22m[DEBUG] [39;1msnarkJS[0m: tauG1: fft 8 join  4/8  11/16 0/1
[36;22m[DEBUG] [39;1msnarkJS[0m: tauG1: fft 8 join  4/8  13/16 0/1
[36;22m[DEBUG] [39;1msnarkJS[0m: tauG1: fft 8 join  4/8  5/16 0/1
[36;22m[DEBUG] [39;1msnarkJS[0m: tauG1: fft 8 join  4/8  14/16 0/1
[36;22m[DEBUG] [39;1msnarkJS[0m: tauG1: fft  8  join: 5/8
[36;22m[DEBUG] [39;1msnarkJS[0m: tauG1: fft 8 join  5/8  1/8 0/2
[36;22m[DEBUG] [39;1msnarkJS[0m: tauG1: fft 8 join  5/8  5/8 0/2
[36;22m[DEBUG] [39;1msnarkJS[0m: tauG1: fft 8 join  5/8  2/8 0/2
[36;22m[DEBUG] [39;1msnarkJS[0m: tauG1: fft 8 join  5/8  8/8 0/2
[36;22m[DEBUG] [39;1msnarkJS[0m: tauG1: fft 8 join  5/8  3/8 1/2
[36;22m[DEBUG] [39;1msnarkJS[0m: tauG1: fft 8 join  5/8  1/8 1/2
[36;22m[DEBUG] [39;1msnarkJS[0m: tauG1: fft 8 join  5/8  6/8 1/2
[36;22m[DEBUG] [39;1msnarkJS[0m: tauG1: fft 8 join  5/8  8/8 1/2
[36;22m[DEBUG] [39;1msnarkJS[0m: tauG1: fft 8 join  5/8  3/8 0/2
[36;22m[DEBUG] [39;1msnarkJS[0m: tauG1: fft 8 join  5/8  4/8 0/2
[36;22m[DEBUG] [39;1msnarkJS[0m: tauG1: fft 8 join  5/8  6/8 0/2
[36;22m[DEBUG] [39;1msnarkJS[0m: tauG1: fft 8 join  5/8  7/8 0/2
[36;22m[DEBUG] [39;1msnarkJS[0m: tauG1: fft 8 join  5/8  4/8 1/2
[36;22m[DEBUG] [39;1msnarkJS[0m: tauG1: fft 8 join  5/8  7/8 1/2
[36;22m[DEBUG] [39;1msnarkJS[0m: tauG1: fft 8 join  5/8  2/8 1/2
[36;22m[DEBUG] [39;1msnarkJS[0m: tauG1: fft 8 join  5/8  5/8 1/2
[36;22m[DEBUG] [39;1msnarkJS[0m: tauG1: fft  8  join: 6/8
[36;22m[DEBUG] [39;1msnarkJS[0m: tauG1: fft 8 join  6/8  1/4 0/4
[36;22m[DEBUG] [39;1msnarkJS[0m: tauG1: fft 8 join  6/8  2/4 1/4
[36;22m[DEBUG] [39;1msnarkJS[0m: tauG1: fft 8 join  6/8  3/4 0/4
[36;22m[DEBUG] [39;1msnarkJS[0m: tauG1: fft 8 join  6/8  1/4 2/4
[36;22m[DEBUG] [39;1msnarkJS[0m: tauG1: fft 8 join  6/8  3/4 3/4
[36;22m[DEBUG] [39;1msnarkJS[0m: tauG1: fft 8 join  6/8  4/4 3/4
[36;22m[DEBUG] [39;1msnarkJS[0m: tauG1: fft 8 join  6/8  4/4 2/4
[36;22m[DEBUG] [39;1msnarkJS[0m: tauG1: fft 8 join  6/8  3/4 2/4
[36;22m[DEBUG] [39;1msnarkJS[0m: tauG1: fft 8 join  6/8  2/4 0/4
[36;22m[DEBUG] [39;1msnarkJS[0m: tauG1: fft 8 join  6/8  4/4 0/4
[36;22m[DEBUG] [39;1msnarkJS[0m: tauG1: fft 8 join  6/8  1/4 1/4
[36;22m[DEBUG] [39;1msnarkJS[0m: tauG1: fft 8 join  6/8  2/4 2/4
[36;22m[DEBUG] [39;1msnarkJS[0m: tauG1: fft 8 join  6/8  4/4 1/4
[36;22m[DEBUG] [39;1msnarkJS[0m: tauG1: fft 8 join  6/8  1/4 3/4
[36;22m[DEBUG] [39;1msnarkJS[0m: tauG1: fft 8 join  6/8  3/4 1/4
[36;22m[DEBUG] [39;1msnarkJS[0m: tauG1: fft 8 join  6/8  2/4 3/4
[36;22m[DEBUG] [39;1msnarkJS[0m: tauG1: fft  8  join: 7/8
[36;22m[DEBUG] [39;1msnarkJS[0m: tauG1: fft 8 join  7/8  1/2 0/8
[36;22m[DEBUG] [39;1msnarkJS[0m: tauG1: fft 8 join  7/8  2/2 0/8
[36;22m[DEBUG] [39;1msnarkJS[0m: tauG1: fft 8 join  7/8  1/2 2/8
[36;22m[DEBUG] [39;1msnarkJS[0m: tauG1: fft 8 join  7/8  1/2 5/8
[36;22m[DEBUG] [39;1msnarkJS[0m: tauG1: fft 8 join  7/8  2/2 2/8
[36;22m[DEBUG] [39;1msnarkJS[0m: tauG1: fft 8 join  7/8  2/2 3/8
[36;22m[DEBUG] [39;1msnarkJS[0m: tauG1: fft 8 join  7/8  2/2 6/8
[36;22m[DEBUG] [39;1msnarkJS[0m: tauG1: fft 8 join  7/8  2/2 7/8
[36;22m[DEBUG] [39;1msnarkJS[0m: tauG1: fft 8 join  7/8  1/2 1/8
[36;22m[DEBUG] [39;1msnarkJS[0m: tauG1: fft 8 join  7/8  1/2 4/8
[36;22m[DEBUG] [39;1msnarkJS[0m: tauG1: fft 8 join  7/8  1/2 6/8
[36;22m[DEBUG] [39;1msnarkJS[0m: tauG1: fft 8 join  7/8  1/2 7/8
[36;22m[DEBUG] [39;1msnarkJS[0m: tauG1: fft 8 join  7/8  2/2 1/8
[36;22m[DEBUG] [39;1msnarkJS[0m: tauG1: fft 8 join  7/8  2/2 5/8
[36;22m[DEBUG] [39;1msnarkJS[0m: tauG1: fft 8 join  7/8  1/2 3/8
[36;22m[DEBUG] [39;1msnarkJS[0m: tauG1: fft 8 join  7/8  2/2 4/8
[36;22m[DEBUG] [39;1msnarkJS[0m: tauG1: fft  8  join: 8/8
[36;22m[DEBUG] [39;1msnarkJS[0m: tauG1: fft 8 join  8/8  1/1 0/16
[36;22m[DEBUG] [39;1msnarkJS[0m: tauG1: fft 8 join  8/8  1/1 5/16
[36;22m[DEBUG] [39;1msnarkJS[0m: tauG1: fft 8 join  8/8  1/1 2/16
[36;22m[DEBUG] [39;1msnarkJS[0m: tauG1: fft 8 join  8/8  1/1 10/16
[36;22m[DEBUG] [39;1msnarkJS[0m: tauG1: fft 8 join  8/8  1/1 11/16
[36;22m[DEBUG] [39;1msnarkJS[0m: tauG1: fft 8 join  8/8  1/1 15/16
[36;22m[DEBUG] [39;1msnarkJS[0m: tauG1: fft 8 join  8/8  1/1 8/16
[36;22m[DEBUG] [39;1msnarkJS[0m: tauG1: fft 8 join  8/8  1/1 14/16
[36;22m[DEBUG] [39;1msnarkJS[0m: tauG1: fft 8 join  8/8  1/1 4/16
[36;22m[DEBUG] [39;1msnarkJS[0m: tauG1: fft 8 join  8/8  1/1 6/16
[36;22m[DEBUG] [39;1msnarkJS[0m: tauG1: fft 8 join  8/8  1/1 7/16
[36;22m[DEBUG] [39;1msnarkJS[0m: tauG1: fft 8 join  8/8  1/1 9/16
[36;22m[DEBUG] [39;1msnarkJS[0m: tauG1: fft 8 join  8/8  1/1 12/16
[36;22m[DEBUG] [39;1msnarkJS[0m: tauG1: fft 8 join  8/8  1/1 13/16
[36;22m[DEBUG] [39;1msnarkJS[0m: tauG1: fft 8 join  8/8  1/1 1/16
[36;22m[DEBUG] [39;1msnarkJS[0m: tauG1: fft 8 join  8/8  1/1 3/16
[36;22m[DEBUG] [39;1msnarkJS[0m: tauG1: fft 9 mix start: 0/32
[36;22m[DEBUG] [39;1msnarkJS[0m: tauG1: fft 9 mix start: 1/32
[36;22m[DEBUG] [39;1msnarkJS[0m: tauG1: fft 9 mix start: 2/32
[36;22m[DEBUG] [39;1msnarkJS[0m: tauG1: fft 9 mix start: 3/32
[36;22m[DEBUG] [39;1msnarkJS[0m: tauG1: fft 9 mix start: 4/32
[36;22m[DEBUG] [39;1msnarkJS[0m: tauG1: fft 9 mix start: 5/32
[36;22m[DEBUG] [39;1msnarkJS[0m: tauG1: fft 9 mix start: 6/32
[36;22m[DEBUG] [39;1msnarkJS[0m: tauG1: fft 9 mix start: 7/32
[36;22m[DEBUG] [39;1msnarkJS[0m: tauG1: fft 9 mix start: 8/32
[36;22m[DEBUG] [39;1msnarkJS[0m: tauG1: fft 9 mix start: 9/32
[36;22m[DEBUG] [39;1msnarkJS[0m: tauG1: fft 9 mix start: 10/32
[36;22m[DEBUG] [39;1msnarkJS[0m: tauG1: fft 9 mix start: 11/32
[36;22m[DEBUG] [39;1msnarkJS[0m: tauG1: fft 9 mix start: 12/32
[36;22m[DEBUG] [39;1msnarkJS[0m: tauG1: fft 9 mix start: 13/32
[36;22m[DEBUG] [39;1msnarkJS[0m: tauG1: fft 9 mix start: 14/32
[36;22m[DEBUG] [39;1msnarkJS[0m: tauG1: fft 9 mix start: 15/32
[36;22m[DEBUG] [39;1msnarkJS[0m: tauG1: fft 9 mix start: 16/32
[36;22m[DEBUG] [39;1msnarkJS[0m: tauG1: fft 9 mix start: 17/32
[36;22m[DEBUG] [39;1msnarkJS[0m: tauG1: fft 9 mix start: 18/32
[36;22m[DEBUG] [39;1msnarkJS[0m: tauG1: fft 9 mix start: 19/32
[36;22m[DEBUG] [39;1msnarkJS[0m: tauG1: fft 9 mix start: 20/32
[36;22m[DEBUG] [39;1msnarkJS[0m: tauG1: fft 9 mix start: 21/32
[36;22m[DEBUG] [39;1msnarkJS[0m: tauG1: fft 9 mix start: 22/32
[36;22m[DEBUG] [39;1msnarkJS[0m: tauG1: fft 9 mix start: 23/32
[36;22m[DEBUG] [39;1msnarkJS[0m: tauG1: fft 9 mix start: 24/32
[36;22m[DEBUG] [39;1msnarkJS[0m: tauG1: fft 9 mix start: 25/32
[36;22m[DEBUG] [39;1msnarkJS[0m: tauG1: fft 9 mix start: 26/32
[36;22m[DEBUG] [39;1msnarkJS[0m: tauG1: fft 9 mix start: 27/32
[36;22m[DEBUG] [39;1msnarkJS[0m: tauG1: fft 9 mix start: 28/32
[36;22m[DEBUG] [39;1msnarkJS[0m: tauG1: fft 9 mix start: 29/32
[36;22m[DEBUG] [39;1msnarkJS[0m: tauG1: fft 9 mix start: 30/32
[36;22m[DEBUG] [39;1msnarkJS[0m: tauG1: fft 9 mix start: 31/32
[36;22m[DEBUG] [39;1msnarkJS[0m: tauG1: fft 9 mix end: 5/32
[36;22m[DEBUG] [39;1msnarkJS[0m: tauG1: fft 9 mix end: 2/32
[36;22m[DEBUG] [39;1msnarkJS[0m: tauG1: fft 9 mix end: 14/32
[36;22m[DEBUG] [39;1msnarkJS[0m: tauG1: fft 9 mix end: 11/32
[36;22m[DEBUG] [39;1msnarkJS[0m: tauG1: fft 9 mix end: 15/32
[36;22m[DEBUG] [39;1msnarkJS[0m: tauG1: fft 9 mix end: 17/32
[36;22m[DEBUG] [39;1msnarkJS[0m: tauG1: fft 9 mix end: 20/32
[36;22m[DEBUG] [39;1msnarkJS[0m: tauG1: fft 9 mix end: 28/32
[36;22m[DEBUG] [39;1msnarkJS[0m: tauG1: fft 9 mix end: 18/32
[36;22m[DEBUG] [39;1msnarkJS[0m: tauG1: fft 9 mix end: 27/32
[36;22m[DEBUG] [39;1msnarkJS[0m: tauG1: fft 9 mix end: 0/32
[36;22m[DEBUG] [39;1msnarkJS[0m: tauG1: fft 9 mix end: 8/32
[36;22m[DEBUG] [39;1msnarkJS[0m: tauG1: fft 9 mix end: 1/32
[36;22m[DEBUG] [39;1msnarkJS[0m: tauG1: fft 9 mix end: 4/32
[36;22m[DEBUG] [39;1msnarkJS[0m: tauG1: fft 9 mix end: 13/32
[36;22m[DEBUG] [39;1msnarkJS[0m: tauG1: fft 9 mix end: 12/32
[36;22m[DEBUG] [39;1msnarkJS[0m: tauG1: fft 9 mix end: 16/32
[36;22m[DEBUG] [39;1msnarkJS[0m: tauG1: fft 9 mix end: 6/32
[36;22m[DEBUG] [39;1msnarkJS[0m: tauG1: fft 9 mix end: 3/32
[36;22m[DEBUG] [39;1msnarkJS[0m: tauG1: fft 9 mix end: 19/32
[36;22m[DEBUG] [39;1msnarkJS[0m: tauG1: fft 9 mix end: 24/32
[36;22m[DEBUG] [39;1msnarkJS[0m: tauG1: fft 9 mix end: 7/32
[36;22m[DEBUG] [39;1msnarkJS[0m: tauG1: fft 9 mix end: 26/32
[36;22m[DEBUG] [39;1msnarkJS[0m: tauG1: fft 9 mix end: 25/32
[36;22m[DEBUG] [39;1msnarkJS[0m: tauG1: fft 9 mix end: 29/32
[36;22m[DEBUG] [39;1msnarkJS[0m: tauG1: fft 9 mix end: 30/32
[36;22m[DEBUG] [39;1msnarkJS[0m: tauG1: fft 9 mix end: 31/32
[36;22m[DEBUG] [39;1msnarkJS[0m: tauG1: fft 9 mix end: 23/32
[36;22m[DEBUG] [39;1msnarkJS[0m: tauG1: fft 9 mix end: 9/32
[36;22m[DEBUG] [39;1msnarkJS[0m: tauG1: fft 9 mix end: 10/32
[36;22m[DEBUG] [39;1msnarkJS[0m: tauG1: fft 9 mix end: 21/32
[36;22m[DEBUG] [39;1msnarkJS[0m: tauG1: fft 9 mix end: 22/32
[36;22m[DEBUG] [39;1msnarkJS[0m: tauG1: fft  9  join: 5/9
[36;22m[DEBUG] [39;1msnarkJS[0m: tauG1: fft 9 join  5/9  3/16 0/1
[36;22m[DEBUG] [39;1msnarkJS[0m: tauG1: fft 9 join  5/9  2/16 0/1
[36;22m[DEBUG] [39;1msnarkJS[0m: tauG1: fft 9 join  5/9  9/16 0/1
[36;22m[DEBUG] [39;1msnarkJS[0m: tauG1: fft 9 join  5/9  11/16 0/1
[36;22m[DEBUG] [39;1msnarkJS[0m: tauG1: fft 9 join  5/9  1/16 0/1
[36;22m[DEBUG] [39;1msnarkJS[0m: tauG1: fft 9 join  5/9  12/16 0/1
[36;22m[DEBUG] [39;1msnarkJS[0m: tauG1: fft 9 join  5/9  15/16 0/1
[36;22m[DEBUG] [39;1msnarkJS[0m: tauG1: fft 9 join  5/9  16/16 0/1
[36;22m[DEBUG] [39;1msnarkJS[0m: tauG1: fft 9 join  5/9  4/16 0/1
[36;22m[DEBUG] [39;1msnarkJS[0m: tauG1: fft 9 join  5/9  5/16 0/1
[36;22m[DEBUG] [39;1msnarkJS[0m: tauG1: fft 9 join  5/9  7/16 0/1
[36;22m[DEBUG] [39;1msnarkJS[0m: tauG1: fft 9 join  5/9  10/16 0/1
[36;22m[DEBUG] [39;1msnarkJS[0m: tauG1: fft 9 join  5/9  14/16 0/1
[36;22m[DEBUG] [39;1msnarkJS[0m: tauG1: fft 9 join  5/9  6/16 0/1
[36;22m[DEBUG] [39;1msnarkJS[0m: tauG1: fft 9 join  5/9  8/16 0/1
[36;22m[DEBUG] [39;1msnarkJS[0m: tauG1: fft 9 join  5/9  13/16 0/1
[36;22m[DEBUG] [39;1msnarkJS[0m: tauG1: fft  9  join: 6/9
[36;22m[DEBUG] [39;1msnarkJS[0m: tauG1: fft 9 join  6/9  1/8 0/2
[36;22m[DEBUG] [39;1msnarkJS[0m: tauG1: fft 9 join  6/9  2/8 0/2
[36;22m[DEBUG] [39;1msnarkJS[0m: tauG1: fft 9 join  6/9  5/8 0/2
[36;22m[DEBUG] [39;1msnarkJS[0m: tauG1: fft 9 join  6/9  6/8 0/2
[36;22m[DEBUG] [39;1msnarkJS[0m: tauG1: fft 9 join  6/9  8/8 0/2
[36;22m[DEBUG] [39;1msnarkJS[0m: tauG1: fft 9 join  6/9  1/8 1/2
[36;22m[DEBUG] [39;1msnarkJS[0m: tauG1: fft 9 join  6/9  6/8 1/2
[36;22m[DEBUG] [39;1msnarkJS[0m: tauG1: fft 9 join  6/9  8/8 1/2
[36;22m[DEBUG] [39;1msnarkJS[0m: tauG1: fft 9 join  6/9  3/8 0/2
[36;22m[DEBUG] [39;1msnarkJS[0m: tauG1: fft 9 join  6/9  4/8 0/2
[36;22m[DEBUG] [39;1msnarkJS[0m: tauG1: fft 9 join  6/9  7/8 0/2
[36;22m[DEBUG] [39;1msnarkJS[0m: tauG1: fft 9 join  6/9  2/8 1/2
[36;22m[DEBUG] [39;1msnarkJS[0m: tauG1: fft 9 join  6/9  7/8 1/2
[36;22m[DEBUG] [39;1msnarkJS[0m: tauG1: fft 9 join  6/9  3/8 1/2
[36;22m[DEBUG] [39;1msnarkJS[0m: tauG1: fft 9 join  6/9  4/8 1/2
[36;22m[DEBUG] [39;1msnarkJS[0m: tauG1: fft 9 join  6/9  5/8 1/2
[36;22m[DEBUG] [39;1msnarkJS[0m: tauG1: fft  9  join: 7/9
[36;22m[DEBUG] [39;1msnarkJS[0m: tauG1: fft 9 join  7/9  1/4 0/4
[36;22m[DEBUG] [39;1msnarkJS[0m: tauG1: fft 9 join  7/9  3/4 0/4
[36;22m[DEBUG] [39;1msnarkJS[0m: tauG1: fft 9 join  7/9  1/4 2/4
[36;22m[DEBUG] [39;1msnarkJS[0m: tauG1: fft 9 join  7/9  1/4 1/4
[36;22m[DEBUG] [39;1msnarkJS[0m: tauG1: fft 9 join  7/9  3/4 2/4
[36;22m[DEBUG] [39;1msnarkJS[0m: tauG1: fft 9 join  7/9  3/4 3/4
[36;22m[DEBUG] [39;1msnarkJS[0m: tauG1: fft 9 join  7/9  4/4 2/4
[36;22m[DEBUG] [39;1msnarkJS[0m: tauG1: fft 9 join  7/9  4/4 3/4
[36;22m[DEBUG] [39;1msnarkJS[0m: tauG1: fft 9 join  7/9  2/4 0/4
[36;22m[DEBUG] [39;1msnarkJS[0m: tauG1: fft 9 join  7/9  4/4 0/4
[36;22m[DEBUG] [39;1msnarkJS[0m: tauG1: fft 9 join  7/9  1/4 3/4
[36;22m[DEBUG] [39;1msnarkJS[0m: tauG1: fft 9 join  7/9  2/4 2/4
[36;22m[DEBUG] [39;1msnarkJS[0m: tauG1: fft 9 join  7/9  4/4 1/4
[36;22m[DEBUG] [39;1msnarkJS[0m: tauG1: fft 9 join  7/9  2/4 1/4
[36;22m[DEBUG] [39;1msnarkJS[0m: tauG1: fft 9 join  7/9  2/4 3/4
[36;22m[DEBUG] [39;1msnarkJS[0m: tauG1: fft 9 join  7/9  3/4 1/4
[36;22m[DEBUG] [39;1msnarkJS[0m: tauG1: fft  9  join: 8/9
[36;22m[DEBUG] [39;1msnarkJS[0m: tauG1: fft 9 join  8/9  1/2 0/8
[36;22m[DEBUG] [39;1msnarkJS[0m: tauG1: fft 9 join  8/9  1/2 2/8
[36;22m[DEBUG] [39;1msnarkJS[0m: tauG1: fft 9 join  8/9  1/2 1/8
[36;22m[DEBUG] [39;1msnarkJS[0m: tauG1: fft 9 join  8/9  2/2 0/8
[36;22m[DEBUG] [39;1msnarkJS[0m: tauG1: fft 9 join  8/9  2/2 3/8
[36;22m[DEBUG] [39;1msnarkJS[0m: tauG1: fft 9 join  8/9  2/2 2/8
[36;22m[DEBUG] [39;1msnarkJS[0m: tauG1: fft 9 join  8/9  2/2 6/8
[36;22m[DEBUG] [39;1msnarkJS[0m: tauG1: fft 9 join  8/9  2/2 7/8
[36;22m[DEBUG] [39;1msnarkJS[0m: tauG1: fft 9 join  8/9  1/2 4/8
[36;22m[DEBUG] [39;1msnarkJS[0m: tauG1: fft 9 join  8/9  1/2 3/8
[36;22m[DEBUG] [39;1msnarkJS[0m: tauG1: fft 9 join  8/9  1/2 5/8
[36;22m[DEBUG] [39;1msnarkJS[0m: tauG1: fft 9 join  8/9  1/2 6/8
[36;22m[DEBUG] [39;1msnarkJS[0m: tauG1: fft 9 join  8/9  1/2 7/8
[36;22m[DEBUG] [39;1msnarkJS[0m: tauG1: fft 9 join  8/9  2/2 1/8
[36;22m[DEBUG] [39;1msnarkJS[0m: tauG1: fft 9 join  8/9  2/2 5/8
[36;22m[DEBUG] [39;1msnarkJS[0m: tauG1: fft 9 join  8/9  2/2 4/8
[36;22m[DEBUG] [39;1msnarkJS[0m: tauG1: fft  9  join: 9/9
[36;22m[DEBUG] [39;1msnarkJS[0m: tauG1: fft 9 join  9/9  1/1 0/16
[36;22m[DEBUG] [39;1msnarkJS[0m: tauG1: fft 9 join  9/9  1/1 2/16
[36;22m[DEBUG] [39;1msnarkJS[0m: tauG1: fft 9 join  9/9  1/1 1/16
[36;22m[DEBUG] [39;1msnarkJS[0m: tauG1: fft 9 join  9/9  1/1 8/16
[36;22m[DEBUG] [39;1msnarkJS[0m: tauG1: fft 9 join  9/9  1/1 10/16
[36;22m[DEBUG] [39;1msnarkJS[0m: tauG1: fft 9 join  9/9  1/1 11/16
[36;22m[DEBUG] [39;1msnarkJS[0m: tauG1: fft 9 join  9/9  1/1 14/16
[36;22m[DEBUG] [39;1msnarkJS[0m: tauG1: fft 9 join  9/9  1/1 15/16
[36;22m[DEBUG] [39;1msnarkJS[0m: tauG1: fft 9 join  9/9  1/1 4/16
[36;22m[DEBUG] [39;1msnarkJS[0m: tauG1: fft 9 join  9/9  1/1 13/16
[36;22m[DEBUG] [39;1msnarkJS[0m: tauG1: fft 9 join  9/9  1/1 3/16
[36;22m[DEBUG] [39;1msnarkJS[0m: tauG1: fft 9 join  9/9  1/1 6/16
[36;22m[DEBUG] [39;1msnarkJS[0m: tauG1: fft 9 join  9/9  1/1 9/16
[36;22m[DEBUG] [39;1msnarkJS[0m: tauG1: fft 9 join  9/9  1/1 5/16
[36;22m[DEBUG] [39;1msnarkJS[0m: tauG1: fft 9 join  9/9  1/1 12/16
[36;22m[DEBUG] [39;1msnarkJS[0m: tauG1: fft 9 join  9/9  1/1 7/16
[36;22m[DEBUG] [39;1msnarkJS[0m: tauG1: fft 10 mix start: 0/32
[36;22m[DEBUG] [39;1msnarkJS[0m: tauG1: fft 10 mix start: 1/32
[36;22m[DEBUG] [39;1msnarkJS[0m: tauG1: fft 10 mix start: 2/32
[36;22m[DEBUG] [39;1msnarkJS[0m: tauG1: fft 10 mix start: 3/32
[36;22m[DEBUG] [39;1msnarkJS[0m: tauG1: fft 10 mix start: 4/32
[36;22m[DEBUG] [39;1msnarkJS[0m: tauG1: fft 10 mix start: 5/32
[36;22m[DEBUG] [39;1msnarkJS[0m: tauG1: fft 10 mix start: 6/32
[36;22m[DEBUG] [39;1msnarkJS[0m: tauG1: fft 10 mix start: 7/32
[36;22m[DEBUG] [39;1msnarkJS[0m: tauG1: fft 10 mix start: 8/32
[36;22m[DEBUG] [39;1msnarkJS[0m: tauG1: fft 10 mix start: 9/32
[36;22m[DEBUG] [39;1msnarkJS[0m: tauG1: fft 10 mix start: 10/32
[36;22m[DEBUG] [39;1msnarkJS[0m: tauG1: fft 10 mix start: 11/32
[36;22m[DEBUG] [39;1msnarkJS[0m: tauG1: fft 10 mix start: 12/32
[36;22m[DEBUG] [39;1msnarkJS[0m: tauG1: fft 10 mix start: 13/32
[36;22m[DEBUG] [39;1msnarkJS[0m: tauG1: fft 10 mix start: 14/32
[36;22m[DEBUG] [39;1msnarkJS[0m: tauG1: fft 10 mix start: 15/32
[36;22m[DEBUG] [39;1msnarkJS[0m: tauG1: fft 10 mix start: 16/32
[36;22m[DEBUG] [39;1msnarkJS[0m: tauG1: fft 10 mix start: 17/32
[36;22m[DEBUG] [39;1msnarkJS[0m: tauG1: fft 10 mix start: 18/32
[36;22m[DEBUG] [39;1msnarkJS[0m: tauG1: fft 10 mix start: 19/32
[36;22m[DEBUG] [39;1msnarkJS[0m: tauG1: fft 10 mix start: 20/32
[36;22m[DEBUG] [39;1msnarkJS[0m: tauG1: fft 10 mix start: 21/32
[36;22m[DEBUG] [39;1msnarkJS[0m: tauG1: fft 10 mix start: 22/32
[36;22m[DEBUG] [39;1msnarkJS[0m: tauG1: fft 10 mix start: 23/32
[36;22m[DEBUG] [39;1msnarkJS[0m: tauG1: fft 10 mix start: 24/32
[36;22m[DEBUG] [39;1msnarkJS[0m: tauG1: fft 10 mix start: 25/32
[36;22m[DEBUG] [39;1msnarkJS[0m: tauG1: fft 10 mix start: 26/32
[36;22m[DEBUG] [39;1msnarkJS[0m: tauG1: fft 10 mix start: 27/32
[36;22m[DEBUG] [39;1msnarkJS[0m: tauG1: fft 10 mix start: 28/32
[36;22m[DEBUG] [39;1msnarkJS[0m: tauG1: fft 10 mix start: 29/32
[36;22m[DEBUG] [39;1msnarkJS[0m: tauG1: fft 10 mix start: 30/32
[36;22m[DEBUG] [39;1msnarkJS[0m: tauG1: fft 10 mix start: 31/32
[36;22m[DEBUG] [39;1msnarkJS[0m: tauG1: fft 10 mix end: 0/32
[36;22m[DEBUG] [39;1msnarkJS[0m: tauG1: fft 10 mix end: 13/32
[36;22m[DEBUG] [39;1msnarkJS[0m: tauG1: fft 10 mix end: 11/32
[36;22m[DEBUG] [39;1msnarkJS[0m: tauG1: fft 10 mix end: 14/32
[36;22m[DEBUG] [39;1msnarkJS[0m: tauG1: fft 10 mix end: 15/32
[36;22m[DEBUG] [39;1msnarkJS[0m: tauG1: fft 10 mix end: 20/32
[36;22m[DEBUG] [39;1msnarkJS[0m: tauG1: fft 10 mix end: 28/32
[36;22m[DEBUG] [39;1msnarkJS[0m: tauG1: fft 10 mix end: 25/32
[36;22m[DEBUG] [39;1msnarkJS[0m: tauG1: fft 10 mix end: 1/32
[36;22m[DEBUG] [39;1msnarkJS[0m: tauG1: fft 10 mix end: 19/32
[36;22m[DEBUG] [39;1msnarkJS[0m: tauG1: fft 10 mix end: 4/32
[36;22m[DEBUG] [39;1msnarkJS[0m: tauG1: fft 10 mix end: 3/32
[36;22m[DEBUG] [39;1msnarkJS[0m: tauG1: fft 10 mix end: 6/32
[36;22m[DEBUG] [39;1msnarkJS[0m: tauG1: fft 10 mix end: 10/32
[36;22m[DEBUG] [39;1msnarkJS[0m: tauG1: fft 10 mix end: 8/32
[36;22m[DEBUG] [39;1msnarkJS[0m: tauG1: fft 10 mix end: 7/32
[36;22m[DEBUG] [39;1msnarkJS[0m: tauG1: fft 10 mix end: 12/32
[36;22m[DEBUG] [39;1msnarkJS[0m: tauG1: fft 10 mix end: 29/32
[36;22m[DEBUG] [39;1msnarkJS[0m: tauG1: fft 10 mix end: 9/32
[36;22m[DEBUG] [39;1msnarkJS[0m: tauG1: fft 10 mix end: 2/32
[36;22m[DEBUG] [39;1msnarkJS[0m: tauG1: fft 10 mix end: 23/32
[36;22m[DEBUG] [39;1msnarkJS[0m: tauG1: fft 10 mix end: 22/32
[36;22m[DEBUG] [39;1msnarkJS[0m: tauG1: fft 10 mix end: 26/32
[36;22m[DEBUG] [39;1msnarkJS[0m: tauG1: fft 10 mix end: 21/32
[36;22m[DEBUG] [39;1msnarkJS[0m: tauG1: fft 10 mix end: 30/32
[36;22m[DEBUG] [39;1msnarkJS[0m: tauG1: fft 10 mix end: 17/32
[36;22m[DEBUG] [39;1msnarkJS[0m: tauG1: fft 10 mix end: 31/32
[36;22m[DEBUG] [39;1msnarkJS[0m: tauG1: fft 10 mix end: 16/32
[36;22m[DEBUG] [39;1msnarkJS[0m: tauG1: fft 10 mix end: 5/32
[36;22m[DEBUG] [39;1msnarkJS[0m: tauG1: fft 10 mix end: 18/32
[36;22m[DEBUG] [39;1msnarkJS[0m: tauG1: fft 10 mix end: 27/32
[36;22m[DEBUG] [39;1msnarkJS[0m: tauG1: fft 10 mix end: 24/32
[36;22m[DEBUG] [39;1msnarkJS[0m: tauG1: fft  10  join: 6/10
[36;22m[DEBUG] [39;1msnarkJS[0m: tauG1: fft 10 join  6/10  6/16 0/1
[36;22m[DEBUG] [39;1msnarkJS[0m: tauG1: fft 10 join  6/10  9/16 0/1
[36;22m[DEBUG] [39;1msnarkJS[0m: tauG1: fft 10 join  6/10  3/16 0/1
[36;22m[DEBUG] [39;1msnarkJS[0m: tauG1: fft 10 join  6/10  4/16 0/1
[36;22m[DEBUG] [39;1msnarkJS[0m: tauG1: fft 10 join  6/10  11/16 0/1
[36;22m[DEBUG] [39;1msnarkJS[0m: tauG1: fft 10 join  6/10  2/16 0/1
[36;22m[DEBUG] [39;1msnarkJS[0m: tauG1: fft 10 join  6/10  8/16 0/1
[36;22m[DEBUG] [39;1msnarkJS[0m: tauG1: fft 10 join  6/10  16/16 0/1
[36;22m[DEBUG] [39;1msnarkJS[0m: tauG1: fft 10 join  6/10  5/16 0/1
[36;22m[DEBUG] [39;1msnarkJS[0m: tauG1: fft 10 join  6/10  14/16 0/1
[36;22m[DEBUG] [39;1msnarkJS[0m: tauG1: fft 10 join  6/10  15/16 0/1
[36;22m[DEBUG] [39;1msnarkJS[0m: tauG1: fft 10 join  6/10  10/16 0/1
[36;22m[DEBUG] [39;1msnarkJS[0m: tauG1: fft 10 join  6/10  1/16 0/1
[36;22m[DEBUG] [39;1msnarkJS[0m: tauG1: fft 10 join  6/10  12/16 0/1
[36;22m[DEBUG] [39;1msnarkJS[0m: tauG1: fft 10 join  6/10  13/16 0/1
[36;22m[DEBUG] [39;1msnarkJS[0m: tauG1: fft 10 join  6/10  7/16 0/1
[36;22m[DEBUG] [39;1msnarkJS[0m: tauG1: fft  10  join: 7/10
[36;22m[DEBUG] [39;1msnarkJS[0m: tauG1: fft 10 join  7/10  1/8 0/2
[36;22m[DEBUG] [39;1msnarkJS[0m: tauG1: fft 10 join  7/10  2/8 0/2
[36;22m[DEBUG] [39;1msnarkJS[0m: tauG1: fft 10 join  7/10  3/8 0/2
[36;22m[DEBUG] [39;1msnarkJS[0m: tauG1: fft 10 join  7/10  5/8 0/2
[36;22m[DEBUG] [39;1msnarkJS[0m: tauG1: fft 10 join  7/10  6/8 0/2
[36;22m[DEBUG] [39;1msnarkJS[0m: tauG1: fft 10 join  7/10  8/8 0/2
[36;22m[DEBUG] [39;1msnarkJS[0m: tauG1: fft 10 join  7/10  2/8 1/2
[36;22m[DEBUG] [39;1msnarkJS[0m: tauG1: fft 10 join  7/10  3/8 1/2
[36;22m[DEBUG] [39;1msnarkJS[0m: tauG1: fft 10 join  7/10  5/8 1/2
[36;22m[DEBUG] [39;1msnarkJS[0m: tauG1: fft 10 join  7/10  1/8 1/2
[36;22m[DEBUG] [39;1msnarkJS[0m: tauG1: fft 10 join  7/10  4/8 1/2
[36;22m[DEBUG] [39;1msnarkJS[0m: tauG1: fft 10 join  7/10  6/8 1/2
[36;22m[DEBUG] [39;1msnarkJS[0m: tauG1: fft 10 join  7/10  7/8 1/2
[36;22m[DEBUG] [39;1msnarkJS[0m: tauG1: fft 10 join  7/10  8/8 1/2
[36;22m[DEBUG] [39;1msnarkJS[0m: tauG1: fft 10 join  7/10  4/8 0/2
[36;22m[DEBUG] [39;1msnarkJS[0m: tauG1: fft 10 join  7/10  7/8 0/2
[36;22m[DEBUG] [39;1msnarkJS[0m: tauG1: fft  10  join: 8/10
[36;22m[DEBUG] [39;1msnarkJS[0m: tauG1: fft 10 join  8/10  2/4 0/4
[36;22m[DEBUG] [39;1msnarkJS[0m: tauG1: fft 10 join  8/10  1/4 2/4
[36;22m[DEBUG] [39;1msnarkJS[0m: tauG1: fft 10 join  8/10  1/4 3/4
[36;22m[DEBUG] [39;1msnarkJS[0m: tauG1: fft 10 join  8/10  1/4 1/4
[36;22m[DEBUG] [39;1msnarkJS[0m: tauG1: fft 10 join  8/10  3/4 0/4
[36;22m[DEBUG] [39;1msnarkJS[0m: tauG1: fft 10 join  8/10  3/4 1/4
[36;22m[DEBUG] [39;1msnarkJS[0m: tauG1: fft 10 join  8/10  2/4 1/4
[36;22m[DEBUG] [39;1msnarkJS[0m: tauG1: fft 10 join  8/10  4/4 2/4
[36;22m[DEBUG] [39;1msnarkJS[0m: tauG1: fft 10 join  8/10  1/4 0/4
[36;22m[DEBUG] [39;1msnarkJS[0m: tauG1: fft 10 join  8/10  2/4 3/4
[36;22m[DEBUG] [39;1msnarkJS[0m: tauG1: fft 10 join  8/10  3/4 2/4
[36;22m[DEBUG] [39;1msnarkJS[0m: tauG1: fft 10 join  8/10  3/4 3/4
[36;22m[DEBUG] [39;1msnarkJS[0m: tauG1: fft 10 join  8/10  4/4 1/4
[36;22m[DEBUG] [39;1msnarkJS[0m: tauG1: fft 10 join  8/10  4/4 3/4
[36;22m[DEBUG] [39;1msnarkJS[0m: tauG1: fft 10 join  8/10  2/4 2/4
[36;22m[DEBUG] [39;1msnarkJS[0m: tauG1: fft 10 join  8/10  4/4 0/4
[36;22m[DEBUG] [39;1msnarkJS[0m: tauG1: fft  10  join: 9/10
[36;22m[DEBUG] [39;1msnarkJS[0m: tauG1: fft 10 join  9/10  1/2 2/8
[36;22m[DEBUG] [39;1msnarkJS[0m: tauG1: fft 10 join  9/10  1/2 4/8
[36;22m[DEBUG] [39;1msnarkJS[0m: tauG1: fft 10 join  9/10  1/2 5/8
[36;22m[DEBUG] [39;1msnarkJS[0m: tauG1: fft 10 join  9/10  2/2 0/8
[36;22m[DEBUG] [39;1msnarkJS[0m: tauG1: fft 10 join  9/10  1/2 0/8
[36;22m[DEBUG] [39;1msnarkJS[0m: tauG1: fft 10 join  9/10  1/2 1/8
[36;22m[DEBUG] [39;1msnarkJS[0m: tauG1: fft 10 join  9/10  1/2 3/8
[36;22m[DEBUG] [39;1msnarkJS[0m: tauG1: fft 10 join  9/10  2/2 1/8
[36;22m[DEBUG] [39;1msnarkJS[0m: tauG1: fft 10 join  9/10  1/2 7/8
[36;22m[DEBUG] [39;1msnarkJS[0m: tauG1: fft 10 join  9/10  2/2 2/8
[36;22m[DEBUG] [39;1msnarkJS[0m: tauG1: fft 10 join  9/10  2/2 5/8
[36;22m[DEBUG] [39;1msnarkJS[0m: tauG1: fft 10 join  9/10  2/2 3/8
[36;22m[DEBUG] [39;1msnarkJS[0m: tauG1: fft 10 join  9/10  2/2 6/8
[36;22m[DEBUG] [39;1msnarkJS[0m: tauG1: fft 10 join  9/10  2/2 7/8
[36;22m[DEBUG] [39;1msnarkJS[0m: tauG1: fft 10 join  9/10  1/2 6/8
[36;22m[DEBUG] [39;1msnarkJS[0m: tauG1: fft 10 join  9/10  2/2 4/8
[36;22m[DEBUG] [39;1msnarkJS[0m: tauG1: fft  10  join: 10/10
[36;22m[DEBUG] [39;1msnarkJS[0m: tauG1: fft 10 join  10/10  1/1 3/16
[36;22m[DEBUG] [39;1msnarkJS[0m: tauG1: fft 10 join  10/10  1/1 5/16
[36;22m[DEBUG] [39;1msnarkJS[0m: tauG1: fft 10 join  10/10  1/1 6/16
[36;22m[DEBUG] [39;1msnarkJS[0m: tauG1: fft 10 join  10/10  1/1 0/16
[36;22m[DEBUG] [39;1msnarkJS[0m: tauG1: fft 10 join  10/10  1/1 4/16
[36;22m[DEBUG] [39;1msnarkJS[0m: tauG1: fft 10 join  10/10  1/1 11/16
[36;22m[DEBUG] [39;1msnarkJS[0m: tauG1: fft 10 join  10/10  1/1 1/16
[36;22m[DEBUG] [39;1msnarkJS[0m: tauG1: fft 10 join  10/10  1/1 12/16
[36;22m[DEBUG] [39;1msnarkJS[0m: tauG1: fft 10 join  10/10  1/1 2/16
[36;22m[DEBUG] [39;1msnarkJS[0m: tauG1: fft 10 join  10/10  1/1 8/16
[36;22m[DEBUG] [39;1msnarkJS[0m: tauG1: fft 10 join  10/10  1/1 10/16
[36;22m[DEBUG] [39;1msnarkJS[0m: tauG1: fft 10 join  10/10  1/1 7/16
[36;22m[DEBUG] [39;1msnarkJS[0m: tauG1: fft 10 join  10/10  1/1 9/16
[36;22m[DEBUG] [39;1msnarkJS[0m: tauG1: fft 10 join  10/10  1/1 14/16
[36;22m[DEBUG] [39;1msnarkJS[0m: tauG1: fft 10 join  10/10  1/1 13/16
[36;22m[DEBUG] [39;1msnarkJS[0m: tauG1: fft 10 join  10/10  1/1 15/16
[36;22m[DEBUG] [39;1msnarkJS[0m: tauG1: fft 11 mix start: 0/32
[36;22m[DEBUG] [39;1msnarkJS[0m: tauG1: fft 11 mix start: 1/32
[36;22m[DEBUG] [39;1msnarkJS[0m: tauG1: fft 11 mix start: 2/32
[36;22m[DEBUG] [39;1msnarkJS[0m: tauG1: fft 11 mix start: 3/32
[36;22m[DEBUG] [39;1msnarkJS[0m: tauG1: fft 11 mix start: 4/32
[36;22m[DEBUG] [39;1msnarkJS[0m: tauG1: fft 11 mix start: 5/32
[36;22m[DEBUG] [39;1msnarkJS[0m: tauG1: fft 11 mix start: 6/32
[36;22m[DEBUG] [39;1msnarkJS[0m: tauG1: fft 11 mix start: 7/32
[36;22m[DEBUG] [39;1msnarkJS[0m: tauG1: fft 11 mix start: 8/32
[36;22m[DEBUG] [39;1msnarkJS[0m: tauG1: fft 11 mix start: 9/32
[36;22m[DEBUG] [39;1msnarkJS[0m: tauG1: fft 11 mix start: 10/32
[36;22m[DEBUG] [39;1msnarkJS[0m: tauG1: fft 11 mix start: 11/32
[36;22m[DEBUG] [39;1msnarkJS[0m: tauG1: fft 11 mix start: 12/32
[36;22m[DEBUG] [39;1msnarkJS[0m: tauG1: fft 11 mix start: 13/32
[36;22m[DEBUG] [39;1msnarkJS[0m: tauG1: fft 11 mix start: 14/32
[36;22m[DEBUG] [39;1msnarkJS[0m: tauG1: fft 11 mix start: 15/32
[36;22m[DEBUG] [39;1msnarkJS[0m: tauG1: fft 11 mix start: 16/32
[36;22m[DEBUG] [39;1msnarkJS[0m: tauG1: fft 11 mix start: 17/32
[36;22m[DEBUG] [39;1msnarkJS[0m: tauG1: fft 11 mix start: 18/32
[36;22m[DEBUG] [39;1msnarkJS[0m: tauG1: fft 11 mix start: 19/32
[36;22m[DEBUG] [39;1msnarkJS[0m: tauG1: fft 11 mix start: 20/32
[36;22m[DEBUG] [39;1msnarkJS[0m: tauG1: fft 11 mix start: 21/32
[36;22m[DEBUG] [39;1msnarkJS[0m: tauG1: fft 11 mix start: 22/32
[36;22m[DEBUG] [39;1msnarkJS[0m: tauG1: fft 11 mix start: 23/32
[36;22m[DEBUG] [39;1msnarkJS[0m: tauG1: fft 11 mix start: 24/32
[36;22m[DEBUG] [39;1msnarkJS[0m: tauG1: fft 11 mix start: 25/32
[36;22m[DEBUG] [39;1msnarkJS[0m: tauG1: fft 11 mix start: 26/32
[36;22m[DEBUG] [39;1msnarkJS[0m: tauG1: fft 11 mix start: 27/32
[36;22m[DEBUG] [39;1msnarkJS[0m: tauG1: fft 11 mix start: 28/32
[36;22m[DEBUG] [39;1msnarkJS[0m: tauG1: fft 11 mix start: 29/32
[36;22m[DEBUG] [39;1msnarkJS[0m: tauG1: fft 11 mix start: 30/32
[36;22m[DEBUG] [39;1msnarkJS[0m: tauG1: fft 11 mix start: 31/32
[36;22m[DEBUG] [39;1msnarkJS[0m: tauG1: fft 11 mix end: 1/32
[36;22m[DEBUG] [39;1msnarkJS[0m: tauG1: fft 11 mix end: 2/32
[36;22m[DEBUG] [39;1msnarkJS[0m: tauG1: fft 11 mix end: 9/32
[36;22m[DEBUG] [39;1msnarkJS[0m: tauG1: fft 11 mix end: 11/32
[36;22m[DEBUG] [39;1msnarkJS[0m: tauG1: fft 11 mix end: 13/32
[36;22m[DEBUG] [39;1msnarkJS[0m: tauG1: fft 11 mix end: 14/32
[36;22m[DEBUG] [39;1msnarkJS[0m: tauG1: fft 11 mix end: 15/32
[36;22m[DEBUG] [39;1msnarkJS[0m: tauG1: fft 11 mix end: 20/32
[36;22m[DEBUG] [39;1msnarkJS[0m: tauG1: fft 11 mix end: 28/32
[36;22m[DEBUG] [39;1msnarkJS[0m: tauG1: fft 11 mix end: 4/32
[36;22m[DEBUG] [39;1msnarkJS[0m: tauG1: fft 11 mix end: 3/32
[36;22m[DEBUG] [39;1msnarkJS[0m: tauG1: fft 11 mix end: 6/32
[36;22m[DEBUG] [39;1msnarkJS[0m: tauG1: fft 11 mix end: 5/32
[36;22m[DEBUG] [39;1msnarkJS[0m: tauG1: fft 11 mix end: 8/32
[36;22m[DEBUG] [39;1msnarkJS[0m: tauG1: fft 11 mix end: 10/32
[36;22m[DEBUG] [39;1msnarkJS[0m: tauG1: fft 11 mix end: 0/32
[36;22m[DEBUG] [39;1msnarkJS[0m: tauG1: fft 11 mix end: 23/32
[36;22m[DEBUG] [39;1msnarkJS[0m: tauG1: fft 11 mix end: 27/32
[36;22m[DEBUG] [39;1msnarkJS[0m: tauG1: fft 11 mix end: 12/32
[36;22m[DEBUG] [39;1msnarkJS[0m: tauG1: fft 11 mix end: 19/32
[36;22m[DEBUG] [39;1msnarkJS[0m: tauG1: fft 11 mix end: 21/32
[36;22m[DEBUG] [39;1msnarkJS[0m: tauG1: fft 11 mix end: 25/32
[36;22m[DEBUG] [39;1msnarkJS[0m: tauG1: fft 11 mix end: 22/32
[36;22m[DEBUG] [39;1msnarkJS[0m: tauG1: fft 11 mix end: 17/32
[36;22m[DEBUG] [39;1msnarkJS[0m: tauG1: fft 11 mix end: 26/32
[36;22m[DEBUG] [39;1msnarkJS[0m: tauG1: fft 11 mix end: 18/32
[36;22m[DEBUG] [39;1msnarkJS[0m: tauG1: fft 11 mix end: 29/32
[36;22m[DEBUG] [39;1msnarkJS[0m: tauG1: fft 11 mix end: 24/32
[36;22m[DEBUG] [39;1msnarkJS[0m: tauG1: fft 11 mix end: 7/32
[36;22m[DEBUG] [39;1msnarkJS[0m: tauG1: fft 11 mix end: 16/32
[36;22m[DEBUG] [39;1msnarkJS[0m: tauG1: fft 11 mix end: 30/32
[36;22m[DEBUG] [39;1msnarkJS[0m: tauG1: fft 11 mix end: 31/32
[36;22m[DEBUG] [39;1msnarkJS[0m: tauG1: fft  11  join: 7/11
[36;22m[DEBUG] [39;1msnarkJS[0m: tauG1: fft 11 join  7/11  6/16 0/1
[36;22m[DEBUG] [39;1msnarkJS[0m: tauG1: fft 11 join  7/11  9/16 0/1
[36;22m[DEBUG] [39;1msnarkJS[0m: tauG1: fft 11 join  7/11  12/16 0/1
[36;22m[DEBUG] [39;1msnarkJS[0m: tauG1: fft 11 join  7/11  1/16 0/1
[36;22m[DEBUG] [39;1msnarkJS[0m: tauG1: fft 11 join  7/11  7/16 0/1
[36;22m[DEBUG] [39;1msnarkJS[0m: tauG1: fft 11 join  7/11  4/16 0/1
[36;22m[DEBUG] [39;1msnarkJS[0m: tauG1: fft 11 join  7/11  5/16 0/1
[36;22m[DEBUG] [39;1msnarkJS[0m: tauG1: fft 11 join  7/11  8/16 0/1
[36;22m[DEBUG] [39;1msnarkJS[0m: tauG1: fft 11 join  7/11  13/16 0/1
[36;22m[DEBUG] [39;1msnarkJS[0m: tauG1: fft 11 join  7/11  14/16 0/1
[36;22m[DEBUG] [39;1msnarkJS[0m: tauG1: fft 11 join  7/11  15/16 0/1
[36;22m[DEBUG] [39;1msnarkJS[0m: tauG1: fft 11 join  7/11  2/16 0/1
[36;22m[DEBUG] [39;1msnarkJS[0m: tauG1: fft 11 join  7/11  10/16 0/1
[36;22m[DEBUG] [39;1msnarkJS[0m: tauG1: fft 11 join  7/11  11/16 0/1
[36;22m[DEBUG] [39;1msnarkJS[0m: tauG1: fft 11 join  7/11  16/16 0/1
[36;22m[DEBUG] [39;1msnarkJS[0m: tauG1: fft 11 join  7/11  3/16 0/1
[36;22m[DEBUG] [39;1msnarkJS[0m: tauG1: fft  11  join: 8/11
[36;22m[DEBUG] [39;1msnarkJS[0m: tauG1: fft 11 join  8/11  3/8 0/2
[36;22m[DEBUG] [39;1msnarkJS[0m: tauG1: fft 11 join  8/11  4/8 0/2
[36;22m[DEBUG] [39;1msnarkJS[0m: tauG1: fft 11 join  8/11  5/8 0/2
[36;22m[DEBUG] [39;1msnarkJS[0m: tauG1: fft 11 join  8/11  6/8 0/2
[36;22m[DEBUG] [39;1msnarkJS[0m: tauG1: fft 11 join  8/11  7/8 0/2
[36;22m[DEBUG] [39;1msnarkJS[0m: tauG1: fft 11 join  8/11  8/8 0/2
[36;22m[DEBUG] [39;1msnarkJS[0m: tauG1: fft 11 join  8/11  1/8 0/2
[36;22m[DEBUG] [39;1msnarkJS[0m: tauG1: fft 11 join  8/11  2/8 0/2
[36;22m[DEBUG] [39;1msnarkJS[0m: tauG1: fft 11 join  8/11  2/8 1/2
[36;22m[DEBUG] [39;1msnarkJS[0m: tauG1: fft 11 join  8/11  3/8 1/2
[36;22m[DEBUG] [39;1msnarkJS[0m: tauG1: fft 11 join  8/11  5/8 1/2
[36;22m[DEBUG] [39;1msnarkJS[0m: tauG1: fft 11 join  8/11  6/8 1/2
[36;22m[DEBUG] [39;1msnarkJS[0m: tauG1: fft 11 join  8/11  7/8 1/2
[36;22m[DEBUG] [39;1msnarkJS[0m: tauG1: fft 11 join  8/11  8/8 1/2
[36;22m[DEBUG] [39;1msnarkJS[0m: tauG1: fft 11 join  8/11  1/8 1/2
[36;22m[DEBUG] [39;1msnarkJS[0m: tauG1: fft 11 join  8/11  4/8 1/2
[36;22m[DEBUG] [39;1msnarkJS[0m: tauG1: fft  11  join: 9/11
[36;22m[DEBUG] [39;1msnarkJS[0m: tauG1: fft 11 join  9/11  2/4 0/4
[36;22m[DEBUG] [39;1msnarkJS[0m: tauG1: fft 11 join  9/11  3/4 0/4
[36;22m[DEBUG] [39;1msnarkJS[0m: tauG1: fft 11 join  9/11  1/4 2/4
[36;22m[DEBUG] [39;1msnarkJS[0m: tauG1: fft 11 join  9/11  1/4 3/4
[36;22m[DEBUG] [39;1msnarkJS[0m: tauG1: fft 11 join  9/11  2/4 1/4
[36;22m[DEBUG] [39;1msnarkJS[0m: tauG1: fft 11 join  9/11  2/4 2/4
[36;22m[DEBUG] [39;1msnarkJS[0m: tauG1: fft 11 join  9/11  3/4 2/4
[36;22m[DEBUG] [39;1msnarkJS[0m: tauG1: fft 11 join  9/11  4/4 0/4
[36;22m[DEBUG] [39;1msnarkJS[0m: tauG1: fft 11 join  9/11  4/4 2/4
[36;22m[DEBUG] [39;1msnarkJS[0m: tauG1: fft 11 join  9/11  1/4 0/4
[36;22m[DEBUG] [39;1msnarkJS[0m: tauG1: fft 11 join  9/11  1/4 1/4
[36;22m[DEBUG] [39;1msnarkJS[0m: tauG1: fft 11 join  9/11  3/4 1/4
[36;22m[DEBUG] [39;1msnarkJS[0m: tauG1: fft 11 join  9/11  4/4 3/4
[36;22m[DEBUG] [39;1msnarkJS[0m: tauG1: fft 11 join  9/11  2/4 3/4
[36;22m[DEBUG] [39;1msnarkJS[0m: tauG1: fft 11 join  9/11  4/4 1/4
[36;22m[DEBUG] [39;1msnarkJS[0m: tauG1: fft 11 join  9/11  3/4 3/4
[36;22m[DEBUG] [39;1msnarkJS[0m: tauG1: fft  11  join: 10/11
[36;22m[DEBUG] [39;1msnarkJS[0m: tauG1: fft 11 join  10/11  1/2 4/8
[36;22m[DEBUG] [39;1msnarkJS[0m: tauG1: fft 11 join  10/11  1/2 5/8
[36;22m[DEBUG] [39;1msnarkJS[0m: tauG1: fft 11 join  10/11  1/2 6/8
[36;22m[DEBUG] [39;1msnarkJS[0m: tauG1: fft 11 join  10/11  2/2 0/8
[36;22m[DEBUG] [39;1msnarkJS[0m: tauG1: fft 11 join  10/11  2/2 1/8
[36;22m[DEBUG] [39;1msnarkJS[0m: tauG1: fft 11 join  10/11  2/2 5/8
[36;22m[DEBUG] [39;1msnarkJS[0m: tauG1: fft 11 join  10/11  2/2 6/8
[36;22m[DEBUG] [39;1msnarkJS[0m: tauG1: fft 11 join  10/11  1/2 0/8
[36;22m[DEBUG] [39;1msnarkJS[0m: tauG1: fft 11 join  10/11  1/2 1/8
[36;22m[DEBUG] [39;1msnarkJS[0m: tauG1: fft 11 join  10/11  1/2 2/8
[36;22m[DEBUG] [39;1msnarkJS[0m: tauG1: fft 11 join  10/11  1/2 3/8
[36;22m[DEBUG] [39;1msnarkJS[0m: tauG1: fft 11 join  10/11  1/2 7/8
[36;22m[DEBUG] [39;1msnarkJS[0m: tauG1: fft 11 join  10/11  2/2 2/8
[36;22m[DEBUG] [39;1msnarkJS[0m: tauG1: fft 11 join  10/11  2/2 3/8
[36;22m[DEBUG] [39;1msnarkJS[0m: tauG1: fft 11 join  10/11  2/2 4/8
[36;22m[DEBUG] [39;1msnarkJS[0m: tauG1: fft 11 join  10/11  2/2 7/8
[36;22m[DEBUG] [39;1msnarkJS[0m: tauG1: fft  11  join: 11/11
[36;22m[DEBUG] [39;1msnarkJS[0m: tauG1: fft 11 join  11/11  1/1 4/16
[36;22m[DEBUG] [39;1msnarkJS[0m: tauG1: fft 11 join  11/11  1/1 5/16
[36;22m[DEBUG] [39;1msnarkJS[0m: tauG1: fft 11 join  11/11  1/1 8/16
[36;22m[DEBUG] [39;1msnarkJS[0m: tauG1: fft 11 join  11/11  1/1 3/16
[36;22m[DEBUG] [39;1msnarkJS[0m: tauG1: fft 11 join  11/11  1/1 11/16
[36;22m[DEBUG] [39;1msnarkJS[0m: tauG1: fft 11 join  11/11  1/1 14/16
[36;22m[DEBUG] [39;1msnarkJS[0m: tauG1: fft 11 join  11/11  1/1 0/16
[36;22m[DEBUG] [39;1msnarkJS[0m: tauG1: fft 11 join  11/11  1/1 6/16
[36;22m[DEBUG] [39;1msnarkJS[0m: tauG1: fft 11 join  11/11  1/1 10/16
[36;22m[DEBUG] [39;1msnarkJS[0m: tauG1: fft 11 join  11/11  1/1 9/16
[36;22m[DEBUG] [39;1msnarkJS[0m: tauG1: fft 11 join  11/11  1/1 12/16
[36;22m[DEBUG] [39;1msnarkJS[0m: tauG1: fft 11 join  11/11  1/1 13/16
[36;22m[DEBUG] [39;1msnarkJS[0m: tauG1: fft 11 join  11/11  1/1 15/16
[36;22m[DEBUG] [39;1msnarkJS[0m: tauG1: fft 11 join  11/11  1/1 2/16
[36;22m[DEBUG] [39;1msnarkJS[0m: tauG1: fft 11 join  11/11  1/1 7/16
[36;22m[DEBUG] [39;1msnarkJS[0m: tauG1: fft 11 join  11/11  1/1 1/16
[36;22m[DEBUG] [39;1msnarkJS[0m: tauG1: fft 12 mix start: 0/32
[36;22m[DEBUG] [39;1msnarkJS[0m: tauG1: fft 12 mix start: 1/32
[36;22m[DEBUG] [39;1msnarkJS[0m: tauG1: fft 12 mix start: 2/32
[36;22m[DEBUG] [39;1msnarkJS[0m: tauG1: fft 12 mix start: 3/32
[36;22m[DEBUG] [39;1msnarkJS[0m: tauG1: fft 12 mix start: 4/32
[36;22m[DEBUG] [39;1msnarkJS[0m: tauG1: fft 12 mix start: 5/32
[36;22m[DEBUG] [39;1msnarkJS[0m: tauG1: fft 12 mix start: 6/32
[36;22m[DEBUG] [39;1msnarkJS[0m: tauG1: fft 12 mix start: 7/32
[36;22m[DEBUG] [39;1msnarkJS[0m: tauG1: fft 12 mix start: 8/32
[36;22m[DEBUG] [39;1msnarkJS[0m: tauG1: fft 12 mix start: 9/32
[36;22m[DEBUG] [39;1msnarkJS[0m: tauG1: fft 12 mix start: 10/32
[36;22m[DEBUG] [39;1msnarkJS[0m: tauG1: fft 12 mix start: 11/32
[36;22m[DEBUG] [39;1msnarkJS[0m: tauG1: fft 12 mix start: 12/32
[36;22m[DEBUG] [39;1msnarkJS[0m: tauG1: fft 12 mix start: 13/32
[36;22m[DEBUG] [39;1msnarkJS[0m: tauG1: fft 12 mix start: 14/32
[36;22m[DEBUG] [39;1msnarkJS[0m: tauG1: fft 12 mix start: 15/32
[36;22m[DEBUG] [39;1msnarkJS[0m: tauG1: fft 12 mix start: 16/32
[36;22m[DEBUG] [39;1msnarkJS[0m: tauG1: fft 12 mix start: 17/32
[36;22m[DEBUG] [39;1msnarkJS[0m: tauG1: fft 12 mix start: 18/32
[36;22m[DEBUG] [39;1msnarkJS[0m: tauG1: fft 12 mix start: 19/32
[36;22m[DEBUG] [39;1msnarkJS[0m: tauG1: fft 12 mix start: 20/32
[36;22m[DEBUG] [39;1msnarkJS[0m: tauG1: fft 12 mix start: 21/32
[36;22m[DEBUG] [39;1msnarkJS[0m: tauG1: fft 12 mix start: 22/32
[36;22m[DEBUG] [39;1msnarkJS[0m: tauG1: fft 12 mix start: 23/32
[36;22m[DEBUG] [39;1msnarkJS[0m: tauG1: fft 12 mix start: 24/32
[36;22m[DEBUG] [39;1msnarkJS[0m: tauG1: fft 12 mix start: 25/32
[36;22m[DEBUG] [39;1msnarkJS[0m: tauG1: fft 12 mix start: 26/32
[36;22m[DEBUG] [39;1msnarkJS[0m: tauG1: fft 12 mix start: 27/32
[36;22m[DEBUG] [39;1msnarkJS[0m: tauG1: fft 12 mix start: 28/32
[36;22m[DEBUG] [39;1msnarkJS[0m: tauG1: fft 12 mix start: 29/32
[36;22m[DEBUG] [39;1msnarkJS[0m: tauG1: fft 12 mix start: 30/32
[36;22m[DEBUG] [39;1msnarkJS[0m: tauG1: fft 12 mix start: 31/32
[36;22m[DEBUG] [39;1msnarkJS[0m: tauG1: fft 12 mix end: 8/32
[36;22m[DEBUG] [39;1msnarkJS[0m: tauG1: fft 12 mix end: 1/32
[36;22m[DEBUG] [39;1msnarkJS[0m: tauG1: fft 12 mix end: 2/32
[36;22m[DEBUG] [39;1msnarkJS[0m: tauG1: fft 12 mix end: 13/32
[36;22m[DEBUG] [39;1msnarkJS[0m: tauG1: fft 12 mix end: 14/32
[36;22m[DEBUG] [39;1msnarkJS[0m: tauG1: fft 12 mix end: 15/32
[36;22m[DEBUG] [39;1msnarkJS[0m: tauG1: fft 12 mix end: 27/32
[36;22m[DEBUG] [39;1msnarkJS[0m: tauG1: fft 12 mix end: 11/32
[36;22m[DEBUG] [39;1msnarkJS[0m: tauG1: fft 12 mix end: 16/32
[36;22m[DEBUG] [39;1msnarkJS[0m: tauG1: fft 12 mix end: 17/32
[36;22m[DEBUG] [39;1msnarkJS[0m: tauG1: fft 12 mix end: 18/32
[36;22m[DEBUG] [39;1msnarkJS[0m: tauG1: fft 12 mix end: 19/32
[36;22m[DEBUG] [39;1msnarkJS[0m: tauG1: fft 12 mix end: 20/32
[36;22m[DEBUG] [39;1msnarkJS[0m: tauG1: fft 12 mix end: 21/32
[36;22m[DEBUG] [39;1msnarkJS[0m: tauG1: fft 12 mix end: 22/32
[36;22m[DEBUG] [39;1msnarkJS[0m: tauG1: fft 12 mix end: 23/32
[36;22m[DEBUG] [39;1msnarkJS[0m: tauG1: fft 12 mix end: 24/32
[36;22m[DEBUG] [39;1msnarkJS[0m: tauG1: fft 12 mix end: 25/32
[36;22m[DEBUG] [39;1msnarkJS[0m: tauG1: fft 12 mix end: 26/32
[36;22m[DEBUG] [39;1msnarkJS[0m: tauG1: fft 12 mix end: 28/32
[36;22m[DEBUG] [39;1msnarkJS[0m: tauG1: fft 12 mix end: 29/32
[36;22m[DEBUG] [39;1msnarkJS[0m: tauG1: fft 12 mix end: 30/32
[36;22m[DEBUG] [39;1msnarkJS[0m: tauG1: fft 12 mix end: 31/32
[36;22m[DEBUG] [39;1msnarkJS[0m: tauG1: fft 12 mix end: 0/32
[36;22m[DEBUG] [39;1msnarkJS[0m: tauG1: fft 12 mix end: 3/32
[36;22m[DEBUG] [39;1msnarkJS[0m: tauG1: fft 12 mix end: 4/32
[36;22m[DEBUG] [39;1msnarkJS[0m: tauG1: fft 12 mix end: 5/32
[36;22m[DEBUG] [39;1msnarkJS[0m: tauG1: fft 12 mix end: 6/32
[36;22m[DEBUG] [39;1msnarkJS[0m: tauG1: fft 12 mix end: 7/32
[36;22m[DEBUG] [39;1msnarkJS[0m: tauG1: fft 12 mix end: 9/32
[36;22m[DEBUG] [39;1msnarkJS[0m: tauG1: fft 12 mix end: 10/32
[36;22m[DEBUG] [39;1msnarkJS[0m: tauG1: fft 12 mix end: 12/32
[36;22m[DEBUG] [39;1msnarkJS[0m: tauG1: fft  12  join: 8/12
[36;22m[DEBUG] [39;1msnarkJS[0m: tauG1: fft 12 join  8/12  4/16 0/1
[36;22m[DEBUG] [39;1msnarkJS[0m: tauG1: fft 12 join  8/12  6/16 0/1
[36;22m[DEBUG] [39;1msnarkJS[0m: tauG1: fft 12 join  8/12  5/16 0/1
[36;22m[DEBUG] [39;1msnarkJS[0m: tauG1: fft 12 join  8/12  9/16 0/1
[36;22m[DEBUG] [39;1msnarkJS[0m: tauG1: fft 12 join  8/12  12/16 0/1
[36;22m[DEBUG] [39;1msnarkJS[0m: tauG1: fft 12 join  8/12  15/16 0/1
[36;22m[DEBUG] [39;1msnarkJS[0m: tauG1: fft 12 join  8/12  1/16 0/1
[36;22m[DEBUG] [39;1msnarkJS[0m: tauG1: fft 12 join  8/12  3/16 0/1
[36;22m[DEBUG] [39;1msnarkJS[0m: tauG1: fft 12 join  8/12  8/16 0/1
[36;22m[DEBUG] [39;1msnarkJS[0m: tauG1: fft 12 join  8/12  10/16 0/1
[36;22m[DEBUG] [39;1msnarkJS[0m: tauG1: fft 12 join  8/12  11/16 0/1
[36;22m[DEBUG] [39;1msnarkJS[0m: tauG1: fft 12 join  8/12  14/16 0/1
[36;22m[DEBUG] [39;1msnarkJS[0m: tauG1: fft 12 join  8/12  16/16 0/1
[36;22m[DEBUG] [39;1msnarkJS[0m: tauG1: fft 12 join  8/12  2/16 0/1
[36;22m[DEBUG] [39;1msnarkJS[0m: tauG1: fft 12 join  8/12  13/16 0/1
[36;22m[DEBUG] [39;1msnarkJS[0m: tauG1: fft 12 join  8/12  7/16 0/1
[36;22m[DEBUG] [39;1msnarkJS[0m: tauG1: fft  12  join: 9/12
[36;22m[DEBUG] [39;1msnarkJS[0m: tauG1: fft 12 join  9/12  4/8 0/2
[36;22m[DEBUG] [39;1msnarkJS[0m: tauG1: fft 12 join  9/12  1/8 0/2
[36;22m[DEBUG] [39;1msnarkJS[0m: tauG1: fft 12 join  9/12  3/8 0/2
[36;22m[DEBUG] [39;1msnarkJS[0m: tauG1: fft 12 join  9/12  3/8 1/2
[36;22m[DEBUG] [39;1msnarkJS[0m: tauG1: fft 12 join  9/12  5/8 0/2
[36;22m[DEBUG] [39;1msnarkJS[0m: tauG1: fft 12 join  9/12  6/8 0/2
[36;22m[DEBUG] [39;1msnarkJS[0m: tauG1: fft 12 join  9/12  6/8 1/2
[36;22m[DEBUG] [39;1msnarkJS[0m: tauG1: fft 12 join  9/12  7/8 0/2
[36;22m[DEBUG] [39;1msnarkJS[0m: tauG1: fft 12 join  9/12  7/8 1/2
[36;22m[DEBUG] [39;1msnarkJS[0m: tauG1: fft 12 join  9/12  8/8 0/2
[36;22m[DEBUG] [39;1msnarkJS[0m: tauG1: fft 12 join  9/12  8/8 1/2
[36;22m[DEBUG] [39;1msnarkJS[0m: tauG1: fft 12 join  9/12  2/8 1/2
[36;22m[DEBUG] [39;1msnarkJS[0m: tauG1: fft 12 join  9/12  5/8 1/2
[36;22m[DEBUG] [39;1msnarkJS[0m: tauG1: fft 12 join  9/12  4/8 1/2
[36;22m[DEBUG] [39;1msnarkJS[0m: tauG1: fft 12 join  9/12  2/8 0/2
[36;22m[DEBUG] [39;1msnarkJS[0m: tauG1: fft 12 join  9/12  1/8 1/2
[36;22m[DEBUG] [39;1msnarkJS[0m: tauG1: fft  12  join: 10/12
[36;22m[DEBUG] [39;1msnarkJS[0m: tauG1: fft 12 join  10/12  2/4 0/4
[36;22m[DEBUG] [39;1msnarkJS[0m: tauG1: fft 12 join  10/12  3/4 0/4
[36;22m[DEBUG] [39;1msnarkJS[0m: tauG1: fft 12 join  10/12  1/4 3/4
[36;22m[DEBUG] [39;1msnarkJS[0m: tauG1: fft 12 join  10/12  2/4 2/4
[36;22m[DEBUG] [39;1msnarkJS[0m: tauG1: fft 12 join  10/12  3/4 3/4
[36;22m[DEBUG] [39;1msnarkJS[0m: tauG1: fft 12 join  10/12  4/4 0/4
[36;22m[DEBUG] [39;1msnarkJS[0m: tauG1: fft 12 join  10/12  4/4 2/4
[36;22m[DEBUG] [39;1msnarkJS[0m: tauG1: fft 12 join  10/12  4/4 3/4
[36;22m[DEBUG] [39;1msnarkJS[0m: tauG1: fft 12 join  10/12  1/4 0/4
[36;22m[DEBUG] [39;1msnarkJS[0m: tauG1: fft 12 join  10/12  1/4 2/4
[36;22m[DEBUG] [39;1msnarkJS[0m: tauG1: fft 12 join  10/12  2/4 1/4
[36;22m[DEBUG] [39;1msnarkJS[0m: tauG1: fft 12 join  10/12  2/4 3/4
[36;22m[DEBUG] [39;1msnarkJS[0m: tauG1: fft 12 join  10/12  3/4 1/4
[36;22m[DEBUG] [39;1msnarkJS[0m: tauG1: fft 12 join  10/12  3/4 2/4
[36;22m[DEBUG] [39;1msnarkJS[0m: tauG1: fft 12 join  10/12  4/4 1/4
[36;22m[DEBUG] [39;1msnarkJS[0m: tauG1: fft 12 join  10/12  1/4 1/4
[36;22m[DEBUG] [39;1msnarkJS[0m: tauG1: fft  12  join: 11/12
[36;22m[DEBUG] [39;1msnarkJS[0m: tauG1: fft 12 join  11/12  1/2 5/8
[36;22m[DEBUG] [39;1msnarkJS[0m: tauG1: fft 12 join  11/12  2/2 0/8
[36;22m[DEBUG] [39;1msnarkJS[0m: tauG1: fft 12 join  11/12  2/2 5/8
[36;22m[DEBUG] [39;1msnarkJS[0m: tauG1: fft 12 join  11/12  1/2 0/8
[36;22m[DEBUG] [39;1msnarkJS[0m: tauG1: fft 12 join  11/12  1/2 2/8
[36;22m[DEBUG] [39;1msnarkJS[0m: tauG1: fft 12 join  11/12  1/2 3/8
[36;22m[DEBUG] [39;1msnarkJS[0m: tauG1: fft 12 join  11/12  1/2 4/8
[36;22m[DEBUG] [39;1msnarkJS[0m: tauG1: fft 12 join  11/12  1/2 6/8
[36;22m[DEBUG] [39;1msnarkJS[0m: tauG1: fft 12 join  11/12  2/2 1/8
[36;22m[DEBUG] [39;1msnarkJS[0m: tauG1: fft 12 join  11/12  2/2 2/8
[36;22m[DEBUG] [39;1msnarkJS[0m: tauG1: fft 12 join  11/12  2/2 3/8
[36;22m[DEBUG] [39;1msnarkJS[0m: tauG1: fft 12 join  11/12  2/2 4/8
[36;22m[DEBUG] [39;1msnarkJS[0m: tauG1: fft 12 join  11/12  2/2 6/8
[36;22m[DEBUG] [39;1msnarkJS[0m: tauG1: fft 12 join  11/12  2/2 7/8
[36;22m[DEBUG] [39;1msnarkJS[0m: tauG1: fft 12 join  11/12  1/2 7/8
[36;22m[DEBUG] [39;1msnarkJS[0m: tauG1: fft 12 join  11/12  1/2 1/8
[36;22m[DEBUG] [39;1msnarkJS[0m: tauG1: fft  12  join: 12/12
[36;22m[DEBUG] [39;1msnarkJS[0m: tauG1: fft 12 join  12/12  1/1 4/16
[36;22m[DEBUG] [39;1msnarkJS[0m: tauG1: fft 12 join  12/12  1/1 8/16
[36;22m[DEBUG] [39;1msnarkJS[0m: tauG1: fft 12 join  12/12  1/1 6/16
[36;22m[DEBUG] [39;1msnarkJS[0m: tauG1: fft 12 join  12/12  1/1 14/16
[36;22m[DEBUG] [39;1msnarkJS[0m: tauG1: fft 12 join  12/12  1/1 10/16
[36;22m[DEBUG] [39;1msnarkJS[0m: tauG1: fft 12 join  12/12  1/1 11/16
[36;22m[DEBUG] [39;1msnarkJS[0m: tauG1: fft 12 join  12/12  1/1 12/16
[36;22m[DEBUG] [39;1msnarkJS[0m: tauG1: fft 12 join  12/12  1/1 2/16
[36;22m[DEBUG] [39;1msnarkJS[0m: tauG1: fft 12 join  12/12  1/1 5/16
[36;22m[DEBUG] [39;1msnarkJS[0m: tauG1: fft 12 join  12/12  1/1 15/16
[36;22m[DEBUG] [39;1msnarkJS[0m: tauG1: fft 12 join  12/12  1/1 0/16
[36;22m[DEBUG] [39;1msnarkJS[0m: tauG1: fft 12 join  12/12  1/1 3/16
[36;22m[DEBUG] [39;1msnarkJS[0m: tauG1: fft 12 join  12/12  1/1 13/16
[36;22m[DEBUG] [39;1msnarkJS[0m: tauG1: fft 12 join  12/12  1/1 9/16
[36;22m[DEBUG] [39;1msnarkJS[0m: tauG1: fft 12 join  12/12  1/1 7/16
[36;22m[DEBUG] [39;1msnarkJS[0m: tauG1: fft 12 join  12/12  1/1 1/16
[36;22m[DEBUG] [39;1msnarkJS[0m: tauG1: fft 13 mix start: 0/32
[36;22m[DEBUG] [39;1msnarkJS[0m: tauG1: fft 13 mix start: 1/32
[36;22m[DEBUG] [39;1msnarkJS[0m: tauG1: fft 13 mix start: 2/32
[36;22m[DEBUG] [39;1msnarkJS[0m: tauG1: fft 13 mix start: 3/32
[36;22m[DEBUG] [39;1msnarkJS[0m: tauG1: fft 13 mix start: 4/32
[36;22m[DEBUG] [39;1msnarkJS[0m: tauG1: fft 13 mix start: 5/32
[36;22m[DEBUG] [39;1msnarkJS[0m: tauG1: fft 13 mix start: 6/32
[36;22m[DEBUG] [39;1msnarkJS[0m: tauG1: fft 13 mix start: 7/32
[36;22m[DEBUG] [39;1msnarkJS[0m: tauG1: fft 13 mix start: 8/32
[36;22m[DEBUG] [39;1msnarkJS[0m: tauG1: fft 13 mix start: 9/32
[36;22m[DEBUG] [39;1msnarkJS[0m: tauG1: fft 13 mix start: 10/32
[36;22m[DEBUG] [39;1msnarkJS[0m: tauG1: fft 13 mix start: 11/32
[36;22m[DEBUG] [39;1msnarkJS[0m: tauG1: fft 13 mix start: 12/32
[36;22m[DEBUG] [39;1msnarkJS[0m: tauG1: fft 13 mix start: 13/32
[36;22m[DEBUG] [39;1msnarkJS[0m: tauG1: fft 13 mix start: 14/32
[36;22m[DEBUG] [39;1msnarkJS[0m: tauG1: fft 13 mix start: 15/32
[36;22m[DEBUG] [39;1msnarkJS[0m: tauG1: fft 13 mix start: 16/32
[36;22m[DEBUG] [39;1msnarkJS[0m: tauG1: fft 13 mix start: 17/32
[36;22m[DEBUG] [39;1msnarkJS[0m: tauG1: fft 13 mix start: 18/32
[36;22m[DEBUG] [39;1msnarkJS[0m: tauG1: fft 13 mix start: 19/32
[36;22m[DEBUG] [39;1msnarkJS[0m: tauG1: fft 13 mix start: 20/32
[36;22m[DEBUG] [39;1msnarkJS[0m: tauG1: fft 13 mix start: 21/32
[36;22m[DEBUG] [39;1msnarkJS[0m: tauG1: fft 13 mix start: 22/32
[36;22m[DEBUG] [39;1msnarkJS[0m: tauG1: fft 13 mix start: 23/32
[36;22m[DEBUG] [39;1msnarkJS[0m: tauG1: fft 13 mix start: 24/32
[36;22m[DEBUG] [39;1msnarkJS[0m: tauG1: fft 13 mix start: 25/32
[36;22m[DEBUG] [39;1msnarkJS[0m: tauG1: fft 13 mix start: 26/32
[36;22m[DEBUG] [39;1msnarkJS[0m: tauG1: fft 13 mix start: 27/32
[36;22m[DEBUG] [39;1msnarkJS[0m: tauG1: fft 13 mix start: 28/32
[36;22m[DEBUG] [39;1msnarkJS[0m: tauG1: fft 13 mix start: 29/32
[36;22m[DEBUG] [39;1msnarkJS[0m: tauG1: fft 13 mix start: 30/32
[36;22m[DEBUG] [39;1msnarkJS[0m: tauG1: fft 13 mix start: 31/32
[36;22m[DEBUG] [39;1msnarkJS[0m: tauG1: fft 13 mix end: 2/32
[36;22m[DEBUG] [39;1msnarkJS[0m: tauG1: fft 13 mix end: 11/32
[36;22m[DEBUG] [39;1msnarkJS[0m: tauG1: fft 13 mix end: 13/32
[36;22m[DEBUG] [39;1msnarkJS[0m: tauG1: fft 13 mix end: 15/32
[36;22m[DEBUG] [39;1msnarkJS[0m: tauG1: fft 13 mix end: 16/32
[36;22m[DEBUG] [39;1msnarkJS[0m: tauG1: fft 13 mix end: 26/32
[36;22m[DEBUG] [39;1msnarkJS[0m: tauG1: fft 13 mix end: 1/32
[36;22m[DEBUG] [39;1msnarkJS[0m: tauG1: fft 13 mix end: 18/32
[36;22m[DEBUG] [39;1msnarkJS[0m: tauG1: fft 13 mix end: 30/32
[36;22m[DEBUG] [39;1msnarkJS[0m: tauG1: fft 13 mix end: 14/32
[36;22m[DEBUG] [39;1msnarkJS[0m: tauG1: fft 13 mix end: 20/32
[36;22m[DEBUG] [39;1msnarkJS[0m: tauG1: fft 13 mix end: 9/32
[36;22m[DEBUG] [39;1msnarkJS[0m: tauG1: fft 13 mix end: 22/32
[36;22m[DEBUG] [39;1msnarkJS[0m: tauG1: fft 13 mix end: 0/32
[36;22m[DEBUG] [39;1msnarkJS[0m: tauG1: fft 13 mix end: 5/32
[36;22m[DEBUG] [39;1msnarkJS[0m: tauG1: fft 13 mix end: 19/32
[36;22m[DEBUG] [39;1msnarkJS[0m: tauG1: fft 13 mix end: 25/32
[36;22m[DEBUG] [39;1msnarkJS[0m: tauG1: fft 13 mix end: 7/32
[36;22m[DEBUG] [39;1msnarkJS[0m: tauG1: fft 13 mix end: 31/32
[36;22m[DEBUG] [39;1msnarkJS[0m: tauG1: fft 13 mix end: 27/32
[36;22m[DEBUG] [39;1msnarkJS[0m: tauG1: fft 13 mix end: 23/32
[36;22m[DEBUG] [39;1msnarkJS[0m: tauG1: fft 13 mix end: 17/32
[36;22m[DEBUG] [39;1msnarkJS[0m: tauG1: fft 13 mix end: 8/32
[36;22m[DEBUG] [39;1msnarkJS[0m: tauG1: fft 13 mix end: 28/32
[36;22m[DEBUG] [39;1msnarkJS[0m: tauG1: fft 13 mix end: 3/32
[36;22m[DEBUG] [39;1msnarkJS[0m: tauG1: fft 13 mix end: 4/32
[36;22m[DEBUG] [39;1msnarkJS[0m: tauG1: fft 13 mix end: 29/32
[36;22m[DEBUG] [39;1msnarkJS[0m: tauG1: fft 13 mix end: 10/32
[36;22m[DEBUG] [39;1msnarkJS[0m: tauG1: fft 13 mix end: 21/32
[36;22m[DEBUG] [39;1msnarkJS[0m: tauG1: fft 13 mix end: 6/32
[36;22m[DEBUG] [39;1msnarkJS[0m: tauG1: fft 13 mix end: 12/32
[36;22m[DEBUG] [39;1msnarkJS[0m: tauG1: fft 13 mix end: 24/32
[36;22m[DEBUG] [39;1msnarkJS[0m: tauG1: fft  13  join: 9/13
[36;22m[DEBUG] [39;1msnarkJS[0m: tauG1: fft 13 join  9/13  4/16 0/1
[36;22m[DEBUG] [39;1msnarkJS[0m: tauG1: fft 13 join  9/13  3/16 0/1
[36;22m[DEBUG] [39;1msnarkJS[0m: tauG1: fft 13 join  9/13  11/16 0/1
[36;22m[DEBUG] [39;1msnarkJS[0m: tauG1: fft 13 join  9/13  9/16 0/1
[36;22m[DEBUG] [39;1msnarkJS[0m: tauG1: fft 13 join  9/13  12/16 0/1
[36;22m[DEBUG] [39;1msnarkJS[0m: tauG1: fft 13 join  9/13  5/16 0/1
[36;22m[DEBUG] [39;1msnarkJS[0m: tauG1: fft 13 join  9/13  6/16 0/1
[36;22m[DEBUG] [39;1msnarkJS[0m: tauG1: fft 13 join  9/13  10/16 0/1
[36;22m[DEBUG] [39;1msnarkJS[0m: tauG1: fft 13 join  9/13  15/16 0/1
[36;22m[DEBUG] [39;1msnarkJS[0m: tauG1: fft 13 join  9/13  16/16 0/1
[36;22m[DEBUG] [39;1msnarkJS[0m: tauG1: fft 13 join  9/13  1/16 0/1
[36;22m[DEBUG] [39;1msnarkJS[0m: tauG1: fft 13 join  9/13  2/16 0/1
[36;22m[DEBUG] [39;1msnarkJS[0m: tauG1: fft 13 join  9/13  14/16 0/1
[36;22m[DEBUG] [39;1msnarkJS[0m: tauG1: fft 13 join  9/13  8/16 0/1
[36;22m[DEBUG] [39;1msnarkJS[0m: tauG1: fft 13 join  9/13  7/16 0/1
[36;22m[DEBUG] [39;1msnarkJS[0m: tauG1: fft 13 join  9/13  13/16 0/1
[36;22m[DEBUG] [39;1msnarkJS[0m: tauG1: fft  13  join: 10/13
[36;22m[DEBUG] [39;1msnarkJS[0m: tauG1: fft 13 join  10/13  4/8 0/2
[36;22m[DEBUG] [39;1msnarkJS[0m: tauG1: fft 13 join  10/13  3/8 1/2
[36;22m[DEBUG] [39;1msnarkJS[0m: tauG1: fft 13 join  10/13  2/8 1/2
[36;22m[DEBUG] [39;1msnarkJS[0m: tauG1: fft 13 join  10/13  6/8 1/2
[36;22m[DEBUG] [39;1msnarkJS[0m: tauG1: fft 13 join  10/13  7/8 0/2
[36;22m[DEBUG] [39;1msnarkJS[0m: tauG1: fft 13 join  10/13  7/8 1/2
[36;22m[DEBUG] [39;1msnarkJS[0m: tauG1: fft 13 join  10/13  8/8 0/2
[36;22m[DEBUG] [39;1msnarkJS[0m: tauG1: fft 13 join  10/13  1/8 0/2
[36;22m[DEBUG] [39;1msnarkJS[0m: tauG1: fft 13 join  10/13  2/8 0/2
[36;22m[DEBUG] [39;1msnarkJS[0m: tauG1: fft 13 join  10/13  3/8 0/2
[36;22m[DEBUG] [39;1msnarkJS[0m: tauG1: fft 13 join  10/13  6/8 0/2
[36;22m[DEBUG] [39;1msnarkJS[0m: tauG1: fft 13 join  10/13  1/8 1/2
[36;22m[DEBUG] [39;1msnarkJS[0m: tauG1: fft 13 join  10/13  8/8 1/2
[36;22m[DEBUG] [39;1msnarkJS[0m: tauG1: fft 13 join  10/13  4/8 1/2
[36;22m[DEBUG] [39;1msnarkJS[0m: tauG1: fft 13 join  10/13  5/8 1/2
[36;22m[DEBUG] [39;1msnarkJS[0m: tauG1: fft 13 join  10/13  5/8 0/2
[36;22m[DEBUG] [39;1msnarkJS[0m: tauG1: fft  13  join: 11/13
[36;22m[DEBUG] [39;1msnarkJS[0m: tauG1: fft 13 join  11/13  2/4 1/4
[36;22m[DEBUG] [39;1msnarkJS[0m: tauG1: fft 13 join  11/13  1/4 2/4
[36;22m[DEBUG] [39;1msnarkJS[0m: tauG1: fft 13 join  11/13  1/4 3/4
[36;22m[DEBUG] [39;1msnarkJS[0m: tauG1: fft 13 join  11/13  3/4 2/4
[36;22m[DEBUG] [39;1msnarkJS[0m: tauG1: fft 13 join  11/13  3/4 3/4
[36;22m[DEBUG] [39;1msnarkJS[0m: tauG1: fft 13 join  11/13  4/4 2/4
[36;22m[DEBUG] [39;1msnarkJS[0m: tauG1: fft 13 join  11/13  4/4 3/4
[36;22m[DEBUG] [39;1msnarkJS[0m: tauG1: fft 13 join  11/13  2/4 2/4
[36;22m[DEBUG] [39;1msnarkJS[0m: tauG1: fft 13 join  11/13  4/4 0/4
[36;22m[DEBUG] [39;1msnarkJS[0m: tauG1: fft 13 join  11/13  3/4 1/4
[36;22m[DEBUG] [39;1msnarkJS[0m: tauG1: fft 13 join  11/13  1/4 0/4
[36;22m[DEBUG] [39;1msnarkJS[0m: tauG1: fft 13 join  11/13  2/4 0/4
[36;22m[DEBUG] [39;1msnarkJS[0m: tauG1: fft 13 join  11/13  2/4 3/4
[36;22m[DEBUG] [39;1msnarkJS[0m: tauG1: fft 13 join  11/13  4/4 1/4
[36;22m[DEBUG] [39;1msnarkJS[0m: tauG1: fft 13 join  11/13  1/4 1/4
[36;22m[DEBUG] [39;1msnarkJS[0m: tauG1: fft 13 join  11/13  3/4 0/4
[36;22m[DEBUG] [39;1msnarkJS[0m: tauG1: fft  13  join: 12/13
[36;22m[DEBUG] [39;1msnarkJS[0m: tauG1: fft 13 join  12/13  1/2 5/8
[36;22m[DEBUG] [39;1msnarkJS[0m: tauG1: fft 13 join  12/13  1/2 4/8
[36;22m[DEBUG] [39;1msnarkJS[0m: tauG1: fft 13 join  12/13  1/2 3/8
[36;22m[DEBUG] [39;1msnarkJS[0m: tauG1: fft 13 join  12/13  2/2 1/8
[36;22m[DEBUG] [39;1msnarkJS[0m: tauG1: fft 13 join  12/13  2/2 3/8
[36;22m[DEBUG] [39;1msnarkJS[0m: tauG1: fft 13 join  12/13  1/2 2/8
[36;22m[DEBUG] [39;1msnarkJS[0m: tauG1: fft 13 join  12/13  1/2 6/8
[36;22m[DEBUG] [39;1msnarkJS[0m: tauG1: fft 13 join  12/13  2/2 2/8
[36;22m[DEBUG] [39;1msnarkJS[0m: tauG1: fft 13 join  12/13  2/2 4/8
[36;22m[DEBUG] [39;1msnarkJS[0m: tauG1: fft 13 join  12/13  2/2 5/8
[36;22m[DEBUG] [39;1msnarkJS[0m: tauG1: fft 13 join  12/13  2/2 6/8
[36;22m[DEBUG] [39;1msnarkJS[0m: tauG1: fft 13 join  12/13  1/2 0/8
[36;22m[DEBUG] [39;1msnarkJS[0m: tauG1: fft 13 join  12/13  2/2 7/8
[36;22m[DEBUG] [39;1msnarkJS[0m: tauG1: fft 13 join  12/13  1/2 7/8
[36;22m[DEBUG] [39;1msnarkJS[0m: tauG1: fft 13 join  12/13  1/2 1/8
[36;22m[DEBUG] [39;1msnarkJS[0m: tauG1: fft 13 join  12/13  2/2 0/8
[36;22m[DEBUG] [39;1msnarkJS[0m: tauG1: fft  13  join: 13/13
[36;22m[DEBUG] [39;1msnarkJS[0m: tauG1: fft 13 join  13/13  1/1 8/16
[36;22m[DEBUG] [39;1msnarkJS[0m: tauG1: fft 13 join  13/13  1/1 14/16
[36;22m[DEBUG] [39;1msnarkJS[0m: tauG1: fft 13 join  13/13  1/1 4/16
[36;22m[DEBUG] [39;1msnarkJS[0m: tauG1: fft 13 join  13/13  1/1 6/16
[36;22m[DEBUG] [39;1msnarkJS[0m: tauG1: fft 13 join  13/13  1/1 9/16
[36;22m[DEBUG] [39;1msnarkJS[0m: tauG1: fft 13 join  13/13  1/1 12/16
[36;22m[DEBUG] [39;1msnarkJS[0m: tauG1: fft 13 join  13/13  1/1 13/16
[36;22m[DEBUG] [39;1msnarkJS[0m: tauG1: fft 13 join  13/13  1/1 5/16
[36;22m[DEBUG] [39;1msnarkJS[0m: tauG1: fft 13 join  13/13  1/1 3/16
[36;22m[DEBUG] [39;1msnarkJS[0m: tauG1: fft 13 join  13/13  1/1 11/16
[36;22m[DEBUG] [39;1msnarkJS[0m: tauG1: fft 13 join  13/13  1/1 15/16
[36;22m[DEBUG] [39;1msnarkJS[0m: tauG1: fft 13 join  13/13  1/1 2/16
[36;22m[DEBUG] [39;1msnarkJS[0m: tauG1: fft 13 join  13/13  1/1 0/16
[36;22m[DEBUG] [39;1msnarkJS[0m: tauG1: fft 13 join  13/13  1/1 1/16
[36;22m[DEBUG] [39;1msnarkJS[0m: tauG1: fft 13 join  13/13  1/1 10/16
[36;22m[DEBUG] [39;1msnarkJS[0m: tauG1: fft 13 join  13/13  1/1 7/16
[36;22m[DEBUG] [39;1msnarkJS[0m: tauG1: fft 14 mix start: 0/32
[36;22m[DEBUG] [39;1msnarkJS[0m: tauG1: fft 14 mix start: 1/32
[36;22m[DEBUG] [39;1msnarkJS[0m: tauG1: fft 14 mix start: 2/32
[36;22m[DEBUG] [39;1msnarkJS[0m: tauG1: fft 14 mix start: 3/32
[36;22m[DEBUG] [39;1msnarkJS[0m: tauG1: fft 14 mix start: 4/32
[36;22m[DEBUG] [39;1msnarkJS[0m: tauG1: fft 14 mix start: 5/32
[36;22m[DEBUG] [39;1msnarkJS[0m: tauG1: fft 14 mix start: 6/32
[36;22m[DEBUG] [39;1msnarkJS[0m: tauG1: fft 14 mix start: 7/32
[36;22m[DEBUG] [39;1msnarkJS[0m: tauG1: fft 14 mix start: 8/32
[36;22m[DEBUG] [39;1msnarkJS[0m: tauG1: fft 14 mix start: 9/32
[36;22m[DEBUG] [39;1msnarkJS[0m: tauG1: fft 14 mix start: 10/32
[36;22m[DEBUG] [39;1msnarkJS[0m: tauG1: fft 14 mix start: 11/32
[36;22m[DEBUG] [39;1msnarkJS[0m: tauG1: fft 14 mix start: 12/32
[36;22m[DEBUG] [39;1msnarkJS[0m: tauG1: fft 14 mix start: 13/32
[36;22m[DEBUG] [39;1msnarkJS[0m: tauG1: fft 14 mix start: 14/32
[36;22m[DEBUG] [39;1msnarkJS[0m: tauG1: fft 14 mix start: 15/32
[36;22m[DEBUG] [39;1msnarkJS[0m: tauG1: fft 14 mix start: 16/32
[36;22m[DEBUG] [39;1msnarkJS[0m: tauG1: fft 14 mix start: 17/32
[36;22m[DEBUG] [39;1msnarkJS[0m: tauG1: fft 14 mix start: 18/32
[36;22m[DEBUG] [39;1msnarkJS[0m: tauG1: fft 14 mix start: 19/32
[36;22m[DEBUG] [39;1msnarkJS[0m: tauG1: fft 14 mix start: 20/32
[36;22m[DEBUG] [39;1msnarkJS[0m: tauG1: fft 14 mix start: 21/32
[36;22m[DEBUG] [39;1msnarkJS[0m: tauG1: fft 14 mix start: 22/32
[36;22m[DEBUG] [39;1msnarkJS[0m: tauG1: fft 14 mix start: 23/32
[36;22m[DEBUG] [39;1msnarkJS[0m: tauG1: fft 14 mix start: 24/32
[36;22m[DEBUG] [39;1msnarkJS[0m: tauG1: fft 14 mix start: 25/32
[36;22m[DEBUG] [39;1msnarkJS[0m: tauG1: fft 14 mix start: 26/32
[36;22m[DEBUG] [39;1msnarkJS[0m: tauG1: fft 14 mix start: 27/32
[36;22m[DEBUG] [39;1msnarkJS[0m: tauG1: fft 14 mix start: 28/32
[36;22m[DEBUG] [39;1msnarkJS[0m: tauG1: fft 14 mix start: 29/32
[36;22m[DEBUG] [39;1msnarkJS[0m: tauG1: fft 14 mix start: 30/32
[36;22m[DEBUG] [39;1msnarkJS[0m: tauG1: fft 14 mix start: 31/32
[36;22m[DEBUG] [39;1msnarkJS[0m: tauG1: fft 14 mix end: 4/32
[36;22m[DEBUG] [39;1msnarkJS[0m: tauG1: fft 14 mix end: 8/32
[36;22m[DEBUG] [39;1msnarkJS[0m: tauG1: fft 14 mix end: 15/32
[36;22m[DEBUG] [39;1msnarkJS[0m: tauG1: fft 14 mix end: 16/32
[36;22m[DEBUG] [39;1msnarkJS[0m: tauG1: fft 14 mix end: 22/32
[36;22m[DEBUG] [39;1msnarkJS[0m: tauG1: fft 14 mix end: 2/32
[36;22m[DEBUG] [39;1msnarkJS[0m: tauG1: fft 14 mix end: 20/32
[36;22m[DEBUG] [39;1msnarkJS[0m: tauG1: fft 14 mix end: 25/32
[36;22m[DEBUG] [39;1msnarkJS[0m: tauG1: fft 14 mix end: 31/32
[36;22m[DEBUG] [39;1msnarkJS[0m: tauG1: fft 14 mix end: 17/32
[36;22m[DEBUG] [39;1msnarkJS[0m: tauG1: fft 14 mix end: 3/32
[36;22m[DEBUG] [39;1msnarkJS[0m: tauG1: fft 14 mix end: 0/32
[36;22m[DEBUG] [39;1msnarkJS[0m: tauG1: fft 14 mix end: 29/32
[36;22m[DEBUG] [39;1msnarkJS[0m: tauG1: fft 14 mix end: 5/32
[36;22m[DEBUG] [39;1msnarkJS[0m: tauG1: fft 14 mix end: 26/32
[36;22m[DEBUG] [39;1msnarkJS[0m: tauG1: fft 14 mix end: 30/32
[36;22m[DEBUG] [39;1msnarkJS[0m: tauG1: fft 14 mix end: 11/32
[36;22m[DEBUG] [39;1msnarkJS[0m: tauG1: fft 14 mix end: 13/32
[36;22m[DEBUG] [39;1msnarkJS[0m: tauG1: fft 14 mix end: 27/32
[36;22m[DEBUG] [39;1msnarkJS[0m: tauG1: fft 14 mix end: 14/32
[36;22m[DEBUG] [39;1msnarkJS[0m: tauG1: fft 14 mix end: 28/32
[36;22m[DEBUG] [39;1msnarkJS[0m: tauG1: fft 14 mix end: 1/32
[36;22m[DEBUG] [39;1msnarkJS[0m: tauG1: fft 14 mix end: 7/32
[36;22m[DEBUG] [39;1msnarkJS[0m: tauG1: fft 14 mix end: 19/32
[36;22m[DEBUG] [39;1msnarkJS[0m: tauG1: fft 14 mix end: 6/32
[36;22m[DEBUG] [39;1msnarkJS[0m: tauG1: fft 14 mix end: 12/32
[36;22m[DEBUG] [39;1msnarkJS[0m: tauG1: fft 14 mix end: 23/32
[36;22m[DEBUG] [39;1msnarkJS[0m: tauG1: fft 14 mix end: 9/32
[36;22m[DEBUG] [39;1msnarkJS[0m: tauG1: fft 14 mix end: 21/32
[36;22m[DEBUG] [39;1msnarkJS[0m: tauG1: fft 14 mix end: 18/32
[36;22m[DEBUG] [39;1msnarkJS[0m: tauG1: fft 14 mix end: 10/32
[36;22m[DEBUG] [39;1msnarkJS[0m: tauG1: fft 14 mix end: 24/32
[36;22m[DEBUG] [39;1msnarkJS[0m: tauG1: fft  14  join: 10/14
[36;22m[DEBUG] [39;1msnarkJS[0m: tauG1: fft 14 join  10/14  6/16 0/1
[36;22m[DEBUG] [39;1msnarkJS[0m: tauG1: fft 14 join  10/14  5/16 0/1
[36;22m[DEBUG] [39;1msnarkJS[0m: tauG1: fft 14 join  10/14  7/16 0/1
[36;22m[DEBUG] [39;1msnarkJS[0m: tauG1: fft 14 join  10/14  12/16 0/1
[36;22m[DEBUG] [39;1msnarkJS[0m: tauG1: fft 14 join  10/14  13/16 0/1
[36;22m[DEBUG] [39;1msnarkJS[0m: tauG1: fft 14 join  10/14  14/16 0/1
[36;22m[DEBUG] [39;1msnarkJS[0m: tauG1: fft 14 join  10/14  15/16 0/1
[36;22m[DEBUG] [39;1msnarkJS[0m: tauG1: fft 14 join  10/14  3/16 0/1
[36;22m[DEBUG] [39;1msnarkJS[0m: tauG1: fft 14 join  10/14  10/16 0/1
[36;22m[DEBUG] [39;1msnarkJS[0m: tauG1: fft 14 join  10/14  16/16 0/1
[36;22m[DEBUG] [39;1msnarkJS[0m: tauG1: fft 14 join  10/14  9/16 0/1
[36;22m[DEBUG] [39;1msnarkJS[0m: tauG1: fft 14 join  10/14  4/16 0/1
[36;22m[DEBUG] [39;1msnarkJS[0m: tauG1: fft 14 join  10/14  8/16 0/1
[36;22m[DEBUG] [39;1msnarkJS[0m: tauG1: fft 14 join  10/14  2/16 0/1
[36;22m[DEBUG] [39;1msnarkJS[0m: tauG1: fft 14 join  10/14  1/16 0/1
[36;22m[DEBUG] [39;1msnarkJS[0m: tauG1: fft 14 join  10/14  11/16 0/1
[36;22m[DEBUG] [39;1msnarkJS[0m: tauG1: fft  14  join: 11/14
[36;22m[DEBUG] [39;1msnarkJS[0m: tauG1: fft 14 join  11/14  3/8 1/2
[36;22m[DEBUG] [39;1msnarkJS[0m: tauG1: fft 14 join  11/14  4/8 0/2
[36;22m[DEBUG] [39;1msnarkJS[0m: tauG1: fft 14 join  11/14  2/8 0/2
[36;22m[DEBUG] [39;1msnarkJS[0m: tauG1: fft 14 join  11/14  3/8 0/2
[36;22m[DEBUG] [39;1msnarkJS[0m: tauG1: fft 14 join  11/14  6/8 0/2
[36;22m[DEBUG] [39;1msnarkJS[0m: tauG1: fft 14 join  11/14  7/8 1/2
[36;22m[DEBUG] [39;1msnarkJS[0m: tauG1: fft 14 join  11/14  8/8 1/2
[36;22m[DEBUG] [39;1msnarkJS[0m: tauG1: fft 14 join  11/14  1/8 0/2
[36;22m[DEBUG] [39;1msnarkJS[0m: tauG1: fft 14 join  11/14  5/8 1/2
[36;22m[DEBUG] [39;1msnarkJS[0m: tauG1: fft 14 join  11/14  7/8 0/2
[36;22m[DEBUG] [39;1msnarkJS[0m: tauG1: fft 14 join  11/14  8/8 0/2
[36;22m[DEBUG] [39;1msnarkJS[0m: tauG1: fft 14 join  11/14  2/8 1/2
[36;22m[DEBUG] [39;1msnarkJS[0m: tauG1: fft 14 join  11/14  5/8 0/2
[36;22m[DEBUG] [39;1msnarkJS[0m: tauG1: fft 14 join  11/14  1/8 1/2
[36;22m[DEBUG] [39;1msnarkJS[0m: tauG1: fft 14 join  11/14  4/8 1/2
[36;22m[DEBUG] [39;1msnarkJS[0m: tauG1: fft 14 join  11/14  6/8 1/2
[36;22m[DEBUG] [39;1msnarkJS[0m: tauG1: fft  14  join: 12/14
[36;22m[DEBUG] [39;1msnarkJS[0m: tauG1: fft 14 join  12/14  3/4 3/4
[36;22m[DEBUG] [39;1msnarkJS[0m: tauG1: fft 14 join  12/14  3/4 2/4
[36;22m[DEBUG] [39;1msnarkJS[0m: tauG1: fft 14 join  12/14  4/4 0/4
[36;22m[DEBUG] [39;1msnarkJS[0m: tauG1: fft 14 join  12/14  4/4 2/4
[36;22m[DEBUG] [39;1msnarkJS[0m: tauG1: fft 14 join  12/14  1/4 0/4
[36;22m[DEBUG] [39;1msnarkJS[0m: tauG1: fft 14 join  12/14  1/4 2/4
[36;22m[DEBUG] [39;1msnarkJS[0m: tauG1: fft 14 join  12/14  1/4 3/4
[36;22m[DEBUG] [39;1msnarkJS[0m: tauG1: fft 14 join  12/14  2/4 0/4
[36;22m[DEBUG] [39;1msnarkJS[0m: tauG1: fft 14 join  12/14  2/4 2/4
[36;22m[DEBUG] [39;1msnarkJS[0m: tauG1: fft 14 join  12/14  3/4 1/4
[36;22m[DEBUG] [39;1msnarkJS[0m: tauG1: fft 14 join  12/14  4/4 1/4
[36;22m[DEBUG] [39;1msnarkJS[0m: tauG1: fft 14 join  12/14  4/4 3/4
[36;22m[DEBUG] [39;1msnarkJS[0m: tauG1: fft 14 join  12/14  2/4 1/4
[36;22m[DEBUG] [39;1msnarkJS[0m: tauG1: fft 14 join  12/14  1/4 1/4
[36;22m[DEBUG] [39;1msnarkJS[0m: tauG1: fft 14 join  12/14  2/4 3/4
[36;22m[DEBUG] [39;1msnarkJS[0m: tauG1: fft 14 join  12/14  3/4 0/4
[36;22m[DEBUG] [39;1msnarkJS[0m: tauG1: fft  14  join: 13/14
[36;22m[DEBUG] [39;1msnarkJS[0m: tauG1: fft 14 join  13/14  1/2 4/8
[36;22m[DEBUG] [39;1msnarkJS[0m: tauG1: fft 14 join  13/14  2/2 3/8
[36;22m[DEBUG] [39;1msnarkJS[0m: tauG1: fft 14 join  13/14  2/2 4/8
[36;22m[DEBUG] [39;1msnarkJS[0m: tauG1: fft 14 join  13/14  2/2 6/8
[36;22m[DEBUG] [39;1msnarkJS[0m: tauG1: fft 14 join  13/14  2/2 7/8
[36;22m[DEBUG] [39;1msnarkJS[0m: tauG1: fft 14 join  13/14  1/2 0/8
[36;22m[DEBUG] [39;1msnarkJS[0m: tauG1: fft 14 join  13/14  1/2 2/8
[36;22m[DEBUG] [39;1msnarkJS[0m: tauG1: fft 14 join  13/14  1/2 3/8
[36;22m[DEBUG] [39;1msnarkJS[0m: tauG1: fft 14 join  13/14  1/2 5/8
[36;22m[DEBUG] [39;1msnarkJS[0m: tauG1: fft 14 join  13/14  1/2 6/8
[36;22m[DEBUG] [39;1msnarkJS[0m: tauG1: fft 14 join  13/14  2/2 1/8
[36;22m[DEBUG] [39;1msnarkJS[0m: tauG1: fft 14 join  13/14  2/2 2/8
[36;22m[DEBUG] [39;1msnarkJS[0m: tauG1: fft 14 join  13/14  2/2 5/8
[36;22m[DEBUG] [39;1msnarkJS[0m: tauG1: fft 14 join  13/14  1/2 7/8
[36;22m[DEBUG] [39;1msnarkJS[0m: tauG1: fft 14 join  13/14  1/2 1/8
[36;22m[DEBUG] [39;1msnarkJS[0m: tauG1: fft 14 join  13/14  2/2 0/8
[36;22m[DEBUG] [39;1msnarkJS[0m: tauG1: fft  14  join: 14/14
[36;22m[DEBUG] [39;1msnarkJS[0m: tauG1: fft 14 join  14/14  1/1 5/16
[36;22m[DEBUG] [39;1msnarkJS[0m: tauG1: fft 14 join  14/14  1/1 6/16
[36;22m[DEBUG] [39;1msnarkJS[0m: tauG1: fft 14 join  14/14  1/1 13/16
[36;22m[DEBUG] [39;1msnarkJS[0m: tauG1: fft 14 join  14/14  1/1 11/16
[36;22m[DEBUG] [39;1msnarkJS[0m: tauG1: fft 14 join  14/14  1/1 0/16
[36;22m[DEBUG] [39;1msnarkJS[0m: tauG1: fft 14 join  14/14  1/1 10/16
[36;22m[DEBUG] [39;1msnarkJS[0m: tauG1: fft 14 join  14/14  1/1 12/16
[36;22m[DEBUG] [39;1msnarkJS[0m: tauG1: fft 14 join  14/14  1/1 9/16
[36;22m[DEBUG] [39;1msnarkJS[0m: tauG1: fft 14 join  14/14  1/1 14/16
[36;22m[DEBUG] [39;1msnarkJS[0m: tauG1: fft 14 join  14/14  1/1 2/16
[36;22m[DEBUG] [39;1msnarkJS[0m: tauG1: fft 14 join  14/14  1/1 4/16
[36;22m[DEBUG] [39;1msnarkJS[0m: tauG1: fft 14 join  14/14  1/1 15/16
[36;22m[DEBUG] [39;1msnarkJS[0m: tauG1: fft 14 join  14/14  1/1 3/16
[36;22m[DEBUG] [39;1msnarkJS[0m: tauG1: fft 14 join  14/14  1/1 7/16
[36;22m[DEBUG] [39;1msnarkJS[0m: tauG1: fft 14 join  14/14  1/1 1/16
[36;22m[DEBUG] [39;1msnarkJS[0m: tauG1: fft 14 join  14/14  1/1 8/16
[36;22m[DEBUG] [39;1msnarkJS[0m: tauG1: fft 15 mix start: 0/32
[36;22m[DEBUG] [39;1msnarkJS[0m: tauG1: fft 15 mix start: 1/32
[36;22m[DEBUG] [39;1msnarkJS[0m: tauG1: fft 15 mix start: 2/32
[36;22m[DEBUG] [39;1msnarkJS[0m: tauG1: fft 15 mix start: 3/32
[36;22m[DEBUG] [39;1msnarkJS[0m: tauG1: fft 15 mix start: 4/32
[36;22m[DEBUG] [39;1msnarkJS[0m: tauG1: fft 15 mix start: 5/32
[36;22m[DEBUG] [39;1msnarkJS[0m: tauG1: fft 15 mix start: 6/32
[36;22m[DEBUG] [39;1msnarkJS[0m: tauG1: fft 15 mix start: 7/32
[36;22m[DEBUG] [39;1msnarkJS[0m: tauG1: fft 15 mix start: 8/32
[36;22m[DEBUG] [39;1msnarkJS[0m: tauG1: fft 15 mix start: 9/32
[36;22m[DEBUG] [39;1msnarkJS[0m: tauG1: fft 15 mix start: 10/32
[36;22m[DEBUG] [39;1msnarkJS[0m: tauG1: fft 15 mix start: 11/32
[36;22m[DEBUG] [39;1msnarkJS[0m: tauG1: fft 15 mix start: 12/32
[36;22m[DEBUG] [39;1msnarkJS[0m: tauG1: fft 15 mix start: 13/32
[36;22m[DEBUG] [39;1msnarkJS[0m: tauG1: fft 15 mix start: 14/32
[36;22m[DEBUG] [39;1msnarkJS[0m: tauG1: fft 15 mix start: 15/32
[36;22m[DEBUG] [39;1msnarkJS[0m: tauG1: fft 15 mix start: 16/32
[36;22m[DEBUG] [39;1msnarkJS[0m: tauG1: fft 15 mix start: 17/32
[36;22m[DEBUG] [39;1msnarkJS[0m: tauG1: fft 15 mix start: 18/32
[36;22m[DEBUG] [39;1msnarkJS[0m: tauG1: fft 15 mix start: 19/32
[36;22m[DEBUG] [39;1msnarkJS[0m: tauG1: fft 15 mix start: 20/32
[36;22m[DEBUG] [39;1msnarkJS[0m: tauG1: fft 15 mix start: 21/32
[36;22m[DEBUG] [39;1msnarkJS[0m: tauG1: fft 15 mix start: 22/32
[36;22m[DEBUG] [39;1msnarkJS[0m: tauG1: fft 15 mix start: 23/32
[36;22m[DEBUG] [39;1msnarkJS[0m: tauG1: fft 15 mix start: 24/32
[36;22m[DEBUG] [39;1msnarkJS[0m: tauG1: fft 15 mix start: 25/32
[36;22m[DEBUG] [39;1msnarkJS[0m: tauG1: fft 15 mix start: 26/32
[36;22m[DEBUG] [39;1msnarkJS[0m: tauG1: fft 15 mix start: 27/32
[36;22m[DEBUG] [39;1msnarkJS[0m: tauG1: fft 15 mix start: 28/32
[36;22m[DEBUG] [39;1msnarkJS[0m: tauG1: fft 15 mix start: 29/32
[36;22m[DEBUG] [39;1msnarkJS[0m: tauG1: fft 15 mix start: 30/32
[36;22m[DEBUG] [39;1msnarkJS[0m: tauG1: fft 15 mix start: 31/32
[36;22m[DEBUG] [39;1msnarkJS[0m: tauG1: fft 15 mix end: 5/32
[36;22m[DEBUG] [39;1msnarkJS[0m: tauG1: fft 15 mix end: 22/32
[36;22m[DEBUG] [39;1msnarkJS[0m: tauG1: fft 15 mix end: 1/32
[36;22m[DEBUG] [39;1msnarkJS[0m: tauG1: fft 15 mix end: 2/32
[36;22m[DEBUG] [39;1msnarkJS[0m: tauG1: fft 15 mix end: 8/32
[36;22m[DEBUG] [39;1msnarkJS[0m: tauG1: fft 15 mix end: 26/32
[36;22m[DEBUG] [39;1msnarkJS[0m: tauG1: fft 15 mix end: 18/32
[36;22m[DEBUG] [39;1msnarkJS[0m: tauG1: fft 15 mix end: 7/32
[36;22m[DEBUG] [39;1msnarkJS[0m: tauG1: fft 15 mix end: 13/32
[36;22m[DEBUG] [39;1msnarkJS[0m: tauG1: fft 15 mix end: 17/32
[36;22m[DEBUG] [39;1msnarkJS[0m: tauG1: fft 15 mix end: 30/32
[36;22m[DEBUG] [39;1msnarkJS[0m: tauG1: fft 15 mix end: 16/32
[36;22m[DEBUG] [39;1msnarkJS[0m: tauG1: fft 15 mix end: 15/32
[36;22m[DEBUG] [39;1msnarkJS[0m: tauG1: fft 15 mix end: 20/32
[36;22m[DEBUG] [39;1msnarkJS[0m: tauG1: fft 15 mix end: 27/32
[36;22m[DEBUG] [39;1msnarkJS[0m: tauG1: fft 15 mix end: 31/32
[36;22m[DEBUG] [39;1msnarkJS[0m: tauG1: fft 15 mix end: 24/32
[36;22m[DEBUG] [39;1msnarkJS[0m: tauG1: fft 15 mix end: 14/32
[36;22m[DEBUG] [39;1msnarkJS[0m: tauG1: fft 15 mix end: 11/32
[36;22m[DEBUG] [39;1msnarkJS[0m: tauG1: fft 15 mix end: 10/32
[36;22m[DEBUG] [39;1msnarkJS[0m: tauG1: fft 15 mix end: 4/32
[36;22m[DEBUG] [39;1msnarkJS[0m: tauG1: fft 15 mix end: 9/32
[36;22m[DEBUG] [39;1msnarkJS[0m: tauG1: fft 15 mix end: 29/32
[36;22m[DEBUG] [39;1msnarkJS[0m: tauG1: fft 15 mix end: 19/32
[36;22m[DEBUG] [39;1msnarkJS[0m: tauG1: fft 15 mix end: 6/32
[36;22m[DEBUG] [39;1msnarkJS[0m: tauG1: fft 15 mix end: 3/32
[36;22m[DEBUG] [39;1msnarkJS[0m: tauG1: fft 15 mix end: 21/32
[36;22m[DEBUG] [39;1msnarkJS[0m: tauG1: fft 15 mix end: 23/32
[36;22m[DEBUG] [39;1msnarkJS[0m: tauG1: fft 15 mix end: 0/32
[36;22m[DEBUG] [39;1msnarkJS[0m: tauG1: fft 15 mix end: 25/32
[36;22m[DEBUG] [39;1msnarkJS[0m: tauG1: fft 15 mix end: 28/32
[36;22m[DEBUG] [39;1msnarkJS[0m: tauG1: fft 15 mix end: 12/32
[36;22m[DEBUG] [39;1msnarkJS[0m: tauG1: fft  15  join: 11/15
[36;22m[DEBUG] [39;1msnarkJS[0m: tauG1: fft 15 join  11/15  4/16 0/1
[36;22m[DEBUG] [39;1msnarkJS[0m: tauG1: fft 15 join  11/15  6/16 0/1
[36;22m[DEBUG] [39;1msnarkJS[0m: tauG1: fft 15 join  11/15  7/16 0/1
[36;22m[DEBUG] [39;1msnarkJS[0m: tauG1: fft 15 join  11/15  10/16 0/1
[36;22m[DEBUG] [39;1msnarkJS[0m: tauG1: fft 15 join  11/15  12/16 0/1
[36;22m[DEBUG] [39;1msnarkJS[0m: tauG1: fft 15 join  11/15  13/16 0/1
[36;22m[DEBUG] [39;1msnarkJS[0m: tauG1: fft 15 join  11/15  15/16 0/1
[36;22m[DEBUG] [39;1msnarkJS[0m: tauG1: fft 15 join  11/15  1/16 0/1
[36;22m[DEBUG] [39;1msnarkJS[0m: tauG1: fft 15 join  11/15  3/16 0/1
[36;22m[DEBUG] [39;1msnarkJS[0m: tauG1: fft 15 join  11/15  2/16 0/1
[36;22m[DEBUG] [39;1msnarkJS[0m: tauG1: fft 15 join  11/15  14/16 0/1
[36;22m[DEBUG] [39;1msnarkJS[0m: tauG1: fft 15 join  11/15  9/16 0/1
[36;22m[DEBUG] [39;1msnarkJS[0m: tauG1: fft 15 join  11/15  5/16 0/1
[36;22m[DEBUG] [39;1msnarkJS[0m: tauG1: fft 15 join  11/15  16/16 0/1
[36;22m[DEBUG] [39;1msnarkJS[0m: tauG1: fft 15 join  11/15  11/16 0/1
[36;22m[DEBUG] [39;1msnarkJS[0m: tauG1: fft 15 join  11/15  8/16 0/1
[36;22m[DEBUG] [39;1msnarkJS[0m: tauG1: fft  15  join: 12/15
[36;22m[DEBUG] [39;1msnarkJS[0m: tauG1: fft 15 join  12/15  2/8 1/2
[36;22m[DEBUG] [39;1msnarkJS[0m: tauG1: fft 15 join  12/15  3/8 0/2
[36;22m[DEBUG] [39;1msnarkJS[0m: tauG1: fft 15 join  12/15  4/8 0/2
[36;22m[DEBUG] [39;1msnarkJS[0m: tauG1: fft 15 join  12/15  7/8 1/2
[36;22m[DEBUG] [39;1msnarkJS[0m: tauG1: fft 15 join  12/15  8/8 0/2
[36;22m[DEBUG] [39;1msnarkJS[0m: tauG1: fft 15 join  12/15  8/8 1/2
[36;22m[DEBUG] [39;1msnarkJS[0m: tauG1: fft 15 join  12/15  2/8 0/2
[36;22m[DEBUG] [39;1msnarkJS[0m: tauG1: fft 15 join  12/15  3/8 1/2
[36;22m[DEBUG] [39;1msnarkJS[0m: tauG1: fft 15 join  12/15  5/8 1/2
[36;22m[DEBUG] [39;1msnarkJS[0m: tauG1: fft 15 join  12/15  6/8 0/2
[36;22m[DEBUG] [39;1msnarkJS[0m: tauG1: fft 15 join  12/15  6/8 1/2
[36;22m[DEBUG] [39;1msnarkJS[0m: tauG1: fft 15 join  12/15  7/8 0/2
[36;22m[DEBUG] [39;1msnarkJS[0m: tauG1: fft 15 join  12/15  1/8 0/2
[36;22m[DEBUG] [39;1msnarkJS[0m: tauG1: fft 15 join  12/15  5/8 0/2
[36;22m[DEBUG] [39;1msnarkJS[0m: tauG1: fft 15 join  12/15  1/8 1/2
[36;22m[DEBUG] [39;1msnarkJS[0m: tauG1: fft 15 join  12/15  4/8 1/2
[36;22m[DEBUG] [39;1msnarkJS[0m: tauG1: fft  15  join: 13/15
[36;22m[DEBUG] [39;1msnarkJS[0m: tauG1: fft 15 join  13/15  2/4 0/4
[36;22m[DEBUG] [39;1msnarkJS[0m: tauG1: fft 15 join  13/15  4/4 2/4
[36;22m[DEBUG] [39;1msnarkJS[0m: tauG1: fft 15 join  13/15  2/4 1/4
[36;22m[DEBUG] [39;1msnarkJS[0m: tauG1: fft 15 join  13/15  3/4 1/4
[36;22m[DEBUG] [39;1msnarkJS[0m: tauG1: fft 15 join  13/15  1/4 3/4
[36;22m[DEBUG] [39;1msnarkJS[0m: tauG1: fft 15 join  13/15  4/4 3/4
[36;22m[DEBUG] [39;1msnarkJS[0m: tauG1: fft 15 join  13/15  3/4 3/4
[36;22m[DEBUG] [39;1msnarkJS[0m: tauG1: fft 15 join  13/15  4/4 0/4
[36;22m[DEBUG] [39;1msnarkJS[0m: tauG1: fft 15 join  13/15  4/4 1/4
[36;22m[DEBUG] [39;1msnarkJS[0m: tauG1: fft 15 join  13/15  1/4 2/4
[36;22m[DEBUG] [39;1msnarkJS[0m: tauG1: fft 15 join  13/15  3/4 2/4
[36;22m[DEBUG] [39;1msnarkJS[0m: tauG1: fft 15 join  13/15  1/4 0/4
[36;22m[DEBUG] [39;1msnarkJS[0m: tauG1: fft 15 join  13/15  2/4 2/4
[36;22m[DEBUG] [39;1msnarkJS[0m: tauG1: fft 15 join  13/15  3/4 0/4
[36;22m[DEBUG] [39;1msnarkJS[0m: tauG1: fft 15 join  13/15  2/4 3/4
[36;22m[DEBUG] [39;1msnarkJS[0m: tauG1: fft 15 join  13/15  1/4 1/4
[36;22m[DEBUG] [39;1msnarkJS[0m: tauG1: fft  15  join: 14/15
[36;22m[DEBUG] [39;1msnarkJS[0m: tauG1: fft 15 join  14/15  2/2 3/8
[36;22m[DEBUG] [39;1msnarkJS[0m: tauG1: fft 15 join  14/15  1/2 2/8
[36;22m[DEBUG] [39;1msnarkJS[0m: tauG1: fft 15 join  14/15  1/2 3/8
[36;22m[DEBUG] [39;1msnarkJS[0m: tauG1: fft 15 join  14/15  2/2 1/8
[36;22m[DEBUG] [39;1msnarkJS[0m: tauG1: fft 15 join  14/15  2/2 6/8
[36;22m[DEBUG] [39;1msnarkJS[0m: tauG1: fft 15 join  14/15  2/2 2/8
[36;22m[DEBUG] [39;1msnarkJS[0m: tauG1: fft 15 join  14/15  1/2 4/8
[36;22m[DEBUG] [39;1msnarkJS[0m: tauG1: fft 15 join  14/15  1/2 5/8
[36;22m[DEBUG] [39;1msnarkJS[0m: tauG1: fft 15 join  14/15  2/2 7/8
[36;22m[DEBUG] [39;1msnarkJS[0m: tauG1: fft 15 join  14/15  1/2 0/8
[36;22m[DEBUG] [39;1msnarkJS[0m: tauG1: fft 15 join  14/15  1/2 1/8
[36;22m[DEBUG] [39;1msnarkJS[0m: tauG1: fft 15 join  14/15  1/2 6/8
[36;22m[DEBUG] [39;1msnarkJS[0m: tauG1: fft 15 join  14/15  1/2 7/8
[36;22m[DEBUG] [39;1msnarkJS[0m: tauG1: fft 15 join  14/15  2/2 5/8
[36;22m[DEBUG] [39;1msnarkJS[0m: tauG1: fft 15 join  14/15  2/2 0/8
[36;22m[DEBUG] [39;1msnarkJS[0m: tauG1: fft 15 join  14/15  2/2 4/8
[36;22m[DEBUG] [39;1msnarkJS[0m: tauG1: fft  15  join: 15/15
[36;22m[DEBUG] [39;1msnarkJS[0m: tauG1: fft 15 join  15/15  1/1 11/16
[36;22m[DEBUG] [39;1msnarkJS[0m: tauG1: fft 15 join  15/15  1/1 3/16
[36;22m[DEBUG] [39;1msnarkJS[0m: tauG1: fft 15 join  15/15  1/1 9/16
[36;22m[DEBUG] [39;1msnarkJS[0m: tauG1: fft 15 join  15/15  1/1 2/16
[36;22m[DEBUG] [39;1msnarkJS[0m: tauG1: fft 15 join  15/15  1/1 10/16
[36;22m[DEBUG] [39;1msnarkJS[0m: tauG1: fft 15 join  15/15  1/1 4/16
[36;22m[DEBUG] [39;1msnarkJS[0m: tauG1: fft 15 join  15/15  1/1 15/16
[36;22m[DEBUG] [39;1msnarkJS[0m: tauG1: fft 15 join  15/15  1/1 14/16
[36;22m[DEBUG] [39;1msnarkJS[0m: tauG1: fft 15 join  15/15  1/1 12/16
[36;22m[DEBUG] [39;1msnarkJS[0m: tauG1: fft 15 join  15/15  1/1 5/16
[36;22m[DEBUG] [39;1msnarkJS[0m: tauG1: fft 15 join  15/15  1/1 7/16
[36;22m[DEBUG] [39;1msnarkJS[0m: tauG1: fft 15 join  15/15  1/1 0/16
[36;22m[DEBUG] [39;1msnarkJS[0m: tauG1: fft 15 join  15/15  1/1 6/16
[36;22m[DEBUG] [39;1msnarkJS[0m: tauG1: fft 15 join  15/15  1/1 8/16
[36;22m[DEBUG] [39;1msnarkJS[0m: tauG1: fft 15 join  15/15  1/1 13/16
[36;22m[DEBUG] [39;1msnarkJS[0m: tauG1: fft 15 join  15/15  1/1 1/16
[36;22m[DEBUG] [39;1msnarkJS[0m: tauG1: fft 16 mix start: 0/32
[36;22m[DEBUG] [39;1msnarkJS[0m: tauG1: fft 16 mix start: 1/32
[36;22m[DEBUG] [39;1msnarkJS[0m: tauG1: fft 16 mix start: 2/32
[36;22m[DEBUG] [39;1msnarkJS[0m: tauG1: fft 16 mix start: 3/32
[36;22m[DEBUG] [39;1msnarkJS[0m: tauG1: fft 16 mix start: 4/32
[36;22m[DEBUG] [39;1msnarkJS[0m: tauG1: fft 16 mix start: 5/32
[36;22m[DEBUG] [39;1msnarkJS[0m: tauG1: fft 16 mix start: 6/32
[36;22m[DEBUG] [39;1msnarkJS[0m: tauG1: fft 16 mix start: 7/32
[36;22m[DEBUG] [39;1msnarkJS[0m: tauG1: fft 16 mix start: 8/32
[36;22m[DEBUG] [39;1msnarkJS[0m: tauG1: fft 16 mix start: 9/32
[36;22m[DEBUG] [39;1msnarkJS[0m: tauG1: fft 16 mix start: 10/32
[36;22m[DEBUG] [39;1msnarkJS[0m: tauG1: fft 16 mix start: 11/32
[36;22m[DEBUG] [39;1msnarkJS[0m: tauG1: fft 16 mix start: 12/32
[36;22m[DEBUG] [39;1msnarkJS[0m: tauG1: fft 16 mix start: 13/32
[36;22m[DEBUG] [39;1msnarkJS[0m: tauG1: fft 16 mix start: 14/32
[36;22m[DEBUG] [39;1msnarkJS[0m: tauG1: fft 16 mix start: 15/32
[36;22m[DEBUG] [39;1msnarkJS[0m: tauG1: fft 16 mix start: 16/32
[36;22m[DEBUG] [39;1msnarkJS[0m: tauG1: fft 16 mix start: 17/32
[36;22m[DEBUG] [39;1msnarkJS[0m: tauG1: fft 16 mix start: 18/32
[36;22m[DEBUG] [39;1msnarkJS[0m: tauG1: fft 16 mix start: 19/32
[36;22m[DEBUG] [39;1msnarkJS[0m: tauG1: fft 16 mix start: 20/32
[36;22m[DEBUG] [39;1msnarkJS[0m: tauG1: fft 16 mix start: 21/32
[36;22m[DEBUG] [39;1msnarkJS[0m: tauG1: fft 16 mix start: 22/32
[36;22m[DEBUG] [39;1msnarkJS[0m: tauG1: fft 16 mix start: 23/32
[36;22m[DEBUG] [39;1msnarkJS[0m: tauG1: fft 16 mix start: 24/32
[36;22m[DEBUG] [39;1msnarkJS[0m: tauG1: fft 16 mix start: 25/32
[36;22m[DEBUG] [39;1msnarkJS[0m: tauG1: fft 16 mix start: 26/32
[36;22m[DEBUG] [39;1msnarkJS[0m: tauG1: fft 16 mix start: 27/32
[36;22m[DEBUG] [39;1msnarkJS[0m: tauG1: fft 16 mix start: 28/32
[36;22m[DEBUG] [39;1msnarkJS[0m: tauG1: fft 16 mix start: 29/32
[36;22m[DEBUG] [39;1msnarkJS[0m: tauG1: fft 16 mix start: 30/32
[36;22m[DEBUG] [39;1msnarkJS[0m: tauG1: fft 16 mix start: 31/32
[36;22m[DEBUG] [39;1msnarkJS[0m: tauG1: fft 16 mix end: 3/32
[36;22m[DEBUG] [39;1msnarkJS[0m: tauG1: fft 16 mix end: 6/32
[36;22m[DEBUG] [39;1msnarkJS[0m: tauG1: fft 16 mix end: 17/32
[36;22m[DEBUG] [39;1msnarkJS[0m: tauG1: fft 16 mix end: 2/32
[36;22m[DEBUG] [39;1msnarkJS[0m: tauG1: fft 16 mix end: 21/32
[36;22m[DEBUG] [39;1msnarkJS[0m: tauG1: fft 16 mix end: 18/32
[36;22m[DEBUG] [39;1msnarkJS[0m: tauG1: fft 16 mix end: 8/32
[36;22m[DEBUG] [39;1msnarkJS[0m: tauG1: fft 16 mix end: 20/32
[36;22m[DEBUG] [39;1msnarkJS[0m: tauG1: fft 16 mix end: 4/32
[36;22m[DEBUG] [39;1msnarkJS[0m: tauG1: fft 16 mix end: 10/32
[36;22m[DEBUG] [39;1msnarkJS[0m: tauG1: fft 16 mix end: 31/32
[36;22m[DEBUG] [39;1msnarkJS[0m: tauG1: fft 16 mix end: 14/32
[36;22m[DEBUG] [39;1msnarkJS[0m: tauG1: fft 16 mix end: 28/32
[36;22m[DEBUG] [39;1msnarkJS[0m: tauG1: fft 16 mix end: 5/32
[36;22m[DEBUG] [39;1msnarkJS[0m: tauG1: fft 16 mix end: 16/32
[36;22m[DEBUG] [39;1msnarkJS[0m: tauG1: fft 16 mix end: 29/32
[36;22m[DEBUG] [39;1msnarkJS[0m: tauG1: fft 16 mix end: 25/32
[36;22m[DEBUG] [39;1msnarkJS[0m: tauG1: fft 16 mix end: 0/32
[36;22m[DEBUG] [39;1msnarkJS[0m: tauG1: fft 16 mix end: 22/32
[36;22m[DEBUG] [39;1msnarkJS[0m: tauG1: fft 16 mix end: 12/32
[36;22m[DEBUG] [39;1msnarkJS[0m: tauG1: fft 16 mix end: 30/32
[36;22m[DEBUG] [39;1msnarkJS[0m: tauG1: fft 16 mix end: 7/32
[36;22m[DEBUG] [39;1msnarkJS[0m: tauG1: fft 16 mix end: 19/32
[36;22m[DEBUG] [39;1msnarkJS[0m: tauG1: fft 16 mix end: 24/32
[36;22m[DEBUG] [39;1msnarkJS[0m: tauG1: fft 16 mix end: 9/32
[36;22m[DEBUG] [39;1msnarkJS[0m: tauG1: fft 16 mix end: 23/32
[36;22m[DEBUG] [39;1msnarkJS[0m: tauG1: fft 16 mix end: 13/32
[36;22m[DEBUG] [39;1msnarkJS[0m: tauG1: fft 16 mix end: 26/32
[36;22m[DEBUG] [39;1msnarkJS[0m: tauG1: fft 16 mix end: 15/32
[36;22m[DEBUG] [39;1msnarkJS[0m: tauG1: fft 16 mix end: 11/32
[36;22m[DEBUG] [39;1msnarkJS[0m: tauG1: fft 16 mix end: 27/32
[36;22m[DEBUG] [39;1msnarkJS[0m: tauG1: fft 16 mix end: 1/32
[36;22m[DEBUG] [39;1msnarkJS[0m: tauG1: fft  16  join: 12/16
[36;22m[DEBUG] [39;1msnarkJS[0m: tauG1: fft 16 join  12/16  15/16 0/1
[36;22m[DEBUG] [39;1msnarkJS[0m: tauG1: fft 16 join  12/16  11/16 0/1
[36;22m[DEBUG] [39;1msnarkJS[0m: tauG1: fft 16 join  12/16  12/16 0/1
[36;22m[DEBUG] [39;1msnarkJS[0m: tauG1: fft 16 join  12/16  4/16 0/1
[36;22m[DEBUG] [39;1msnarkJS[0m: tauG1: fft 16 join  12/16  2/16 0/1
[36;22m[DEBUG] [39;1msnarkJS[0m: tauG1: fft 16 join  12/16  10/16 0/1
[36;22m[DEBUG] [39;1msnarkJS[0m: tauG1: fft 16 join  12/16  16/16 0/1
[36;22m[DEBUG] [39;1msnarkJS[0m: tauG1: fft 16 join  12/16  1/16 0/1
[36;22m[DEBUG] [39;1msnarkJS[0m: tauG1: fft 16 join  12/16  9/16 0/1
[36;22m[DEBUG] [39;1msnarkJS[0m: tauG1: fft 16 join  12/16  3/16 0/1
[36;22m[DEBUG] [39;1msnarkJS[0m: tauG1: fft 16 join  12/16  7/16 0/1
[36;22m[DEBUG] [39;1msnarkJS[0m: tauG1: fft 16 join  12/16  14/16 0/1
[36;22m[DEBUG] [39;1msnarkJS[0m: tauG1: fft 16 join  12/16  5/16 0/1
[36;22m[DEBUG] [39;1msnarkJS[0m: tauG1: fft 16 join  12/16  13/16 0/1
[36;22m[DEBUG] [39;1msnarkJS[0m: tauG1: fft 16 join  12/16  8/16 0/1
[36;22m[DEBUG] [39;1msnarkJS[0m: tauG1: fft 16 join  12/16  6/16 0/1
[36;22m[DEBUG] [39;1msnarkJS[0m: tauG1: fft  16  join: 13/16
[36;22m[DEBUG] [39;1msnarkJS[0m: tauG1: fft 16 join  13/16  2/8 1/2
[36;22m[DEBUG] [39;1msnarkJS[0m: tauG1: fft 16 join  13/16  8/8 1/2
[36;22m[DEBUG] [39;1msnarkJS[0m: tauG1: fft 16 join  13/16  8/8 0/2
[36;22m[DEBUG] [39;1msnarkJS[0m: tauG1: fft 16 join  13/16  2/8 0/2
[36;22m[DEBUG] [39;1msnarkJS[0m: tauG1: fft 16 join  13/16  6/8 1/2
[36;22m[DEBUG] [39;1msnarkJS[0m: tauG1: fft 16 join  13/16  6/8 0/2
[36;22m[DEBUG] [39;1msnarkJS[0m: tauG1: fft 16 join  13/16  1/8 0/2
[36;22m[DEBUG] [39;1msnarkJS[0m: tauG1: fft 16 join  13/16  5/8 1/2
[36;22m[DEBUG] [39;1msnarkJS[0m: tauG1: fft 16 join  13/16  4/8 1/2
[36;22m[DEBUG] [39;1msnarkJS[0m: tauG1: fft 16 join  13/16  1/8 1/2
[36;22m[DEBUG] [39;1msnarkJS[0m: tauG1: fft 16 join  13/16  3/8 0/2
[36;22m[DEBUG] [39;1msnarkJS[0m: tauG1: fft 16 join  13/16  5/8 0/2
[36;22m[DEBUG] [39;1msnarkJS[0m: tauG1: fft 16 join  13/16  7/8 1/2
[36;22m[DEBUG] [39;1msnarkJS[0m: tauG1: fft 16 join  13/16  3/8 1/2
[36;22m[DEBUG] [39;1msnarkJS[0m: tauG1: fft 16 join  13/16  7/8 0/2
[36;22m[DEBUG] [39;1msnarkJS[0m: tauG1: fft 16 join  13/16  4/8 0/2
[36;22m[DEBUG] [39;1msnarkJS[0m: tauG1: fft  16  join: 14/16
[36;22m[DEBUG] [39;1msnarkJS[0m: tauG1: fft 16 join  14/16  4/4 0/4
[36;22m[DEBUG] [39;1msnarkJS[0m: tauG1: fft 16 join  14/16  1/4 2/4
[36;22m[DEBUG] [39;1msnarkJS[0m: tauG1: fft 16 join  14/16  3/4 2/4
[36;22m[DEBUG] [39;1msnarkJS[0m: tauG1: fft 16 join  14/16  4/4 3/4
[36;22m[DEBUG] [39;1msnarkJS[0m: tauG1: fft 16 join  14/16  4/4 2/4
[36;22m[DEBUG] [39;1msnarkJS[0m: tauG1: fft 16 join  14/16  3/4 3/4
[36;22m[DEBUG] [39;1msnarkJS[0m: tauG1: fft 16 join  14/16  1/4 0/4
[36;22m[DEBUG] [39;1msnarkJS[0m: tauG1: fft 16 join  14/16  1/4 1/4
[36;22m[DEBUG] [39;1msnarkJS[0m: tauG1: fft 16 join  14/16  3/4 1/4
[36;22m[DEBUG] [39;1msnarkJS[0m: tauG1: fft 16 join  14/16  1/4 3/4
[36;22m[DEBUG] [39;1msnarkJS[0m: tauG1: fft 16 join  14/16  2/4 0/4
[36;22m[DEBUG] [39;1msnarkJS[0m: tauG1: fft 16 join  14/16  2/4 3/4
[36;22m[DEBUG] [39;1msnarkJS[0m: tauG1: fft 16 join  14/16  2/4 1/4
[36;22m[DEBUG] [39;1msnarkJS[0m: tauG1: fft 16 join  14/16  3/4 0/4
[36;22m[DEBUG] [39;1msnarkJS[0m: tauG1: fft 16 join  14/16  2/4 2/4
[36;22m[DEBUG] [39;1msnarkJS[0m: tauG1: fft 16 join  14/16  4/4 1/4
[36;22m[DEBUG] [39;1msnarkJS[0m: tauG1: fft  16  join: 15/16
[36;22m[DEBUG] [39;1msnarkJS[0m: tauG1: fft 16 join  15/16  2/2 4/8
[36;22m[DEBUG] [39;1msnarkJS[0m: tauG1: fft 16 join  15/16  1/2 4/8
[36;22m[DEBUG] [39;1msnarkJS[0m: tauG1: fft 16 join  15/16  2/2 6/8
[36;22m[DEBUG] [39;1msnarkJS[0m: tauG1: fft 16 join  15/16  2/2 3/8
[36;22m[DEBUG] [39;1msnarkJS[0m: tauG1: fft 16 join  15/16  2/2 7/8
[36;22m[DEBUG] [39;1msnarkJS[0m: tauG1: fft 16 join  15/16  1/2 3/8
[36;22m[DEBUG] [39;1msnarkJS[0m: tauG1: fft 16 join  15/16  1/2 2/8
[36;22m[DEBUG] [39;1msnarkJS[0m: tauG1: fft 16 join  15/16  2/2 2/8
[36;22m[DEBUG] [39;1msnarkJS[0m: tauG1: fft 16 join  15/16  1/2 1/8
[36;22m[DEBUG] [39;1msnarkJS[0m: tauG1: fft 16 join  15/16  2/2 1/8
[36;22m[DEBUG] [39;1msnarkJS[0m: tauG1: fft 16 join  15/16  1/2 0/8
[36;22m[DEBUG] [39;1msnarkJS[0m: tauG1: fft 16 join  15/16  1/2 7/8
[36;22m[DEBUG] [39;1msnarkJS[0m: tauG1: fft 16 join  15/16  1/2 6/8
[36;22m[DEBUG] [39;1msnarkJS[0m: tauG1: fft 16 join  15/16  2/2 5/8
[36;22m[DEBUG] [39;1msnarkJS[0m: tauG1: fft 16 join  15/16  2/2 0/8
[36;22m[DEBUG] [39;1msnarkJS[0m: tauG1: fft 16 join  15/16  1/2 5/8
[36;22m[DEBUG] [39;1msnarkJS[0m: tauG1: fft  16  join: 16/16
[36;22m[DEBUG] [39;1msnarkJS[0m: tauG1: fft 16 join  16/16  1/1 14/16
[36;22m[DEBUG] [39;1msnarkJS[0m: tauG1: fft 16 join  16/16  1/1 15/16
[36;22m[DEBUG] [39;1msnarkJS[0m: tauG1: fft 16 join  16/16  1/1 11/16
[36;22m[DEBUG] [39;1msnarkJS[0m: tauG1: fft 16 join  16/16  1/1 2/16
[36;22m[DEBUG] [39;1msnarkJS[0m: tauG1: fft 16 join  16/16  1/1 10/16
[36;22m[DEBUG] [39;1msnarkJS[0m: tauG1: fft 16 join  16/16  1/1 4/16
[36;22m[DEBUG] [39;1msnarkJS[0m: tauG1: fft 16 join  16/16  1/1 13/16
[36;22m[DEBUG] [39;1msnarkJS[0m: tauG1: fft 16 join  16/16  1/1 0/16
[36;22m[DEBUG] [39;1msnarkJS[0m: tauG1: fft 16 join  16/16  1/1 7/16
[36;22m[DEBUG] [39;1msnarkJS[0m: tauG1: fft 16 join  16/16  1/1 1/16
[36;22m[DEBUG] [39;1msnarkJS[0m: tauG1: fft 16 join  16/16  1/1 3/16
[36;22m[DEBUG] [39;1msnarkJS[0m: tauG1: fft 16 join  16/16  1/1 9/16
[36;22m[DEBUG] [39;1msnarkJS[0m: tauG1: fft 16 join  16/16  1/1 8/16
[36;22m[DEBUG] [39;1msnarkJS[0m: tauG1: fft 16 join  16/16  1/1 6/16
[36;22m[DEBUG] [39;1msnarkJS[0m: tauG1: fft 16 join  16/16  1/1 12/16
[36;22m[DEBUG] [39;1msnarkJS[0m: tauG1: fft 16 join  16/16  1/1 5/16
[36;22m[DEBUG] [39;1msnarkJS[0m: tauG1: fft 17 mix start: 0/32
[36;22m[DEBUG] [39;1msnarkJS[0m: tauG1: fft 17 mix start: 1/32
[36;22m[DEBUG] [39;1msnarkJS[0m: tauG1: fft 17 mix start: 2/32
[36;22m[DEBUG] [39;1msnarkJS[0m: tauG1: fft 17 mix start: 3/32
[36;22m[DEBUG] [39;1msnarkJS[0m: tauG1: fft 17 mix start: 4/32
[36;22m[DEBUG] [39;1msnarkJS[0m: tauG1: fft 17 mix start: 5/32
[36;22m[DEBUG] [39;1msnarkJS[0m: tauG1: fft 17 mix start: 6/32
[36;22m[DEBUG] [39;1msnarkJS[0m: tauG1: fft 17 mix start: 7/32
[36;22m[DEBUG] [39;1msnarkJS[0m: tauG1: fft 17 mix start: 8/32
[36;22m[DEBUG] [39;1msnarkJS[0m: tauG1: fft 17 mix start: 9/32
[36;22m[DEBUG] [39;1msnarkJS[0m: tauG1: fft 17 mix start: 10/32
[36;22m[DEBUG] [39;1msnarkJS[0m: tauG1: fft 17 mix start: 11/32
[36;22m[DEBUG] [39;1msnarkJS[0m: tauG1: fft 17 mix start: 12/32
[36;22m[DEBUG] [39;1msnarkJS[0m: tauG1: fft 17 mix start: 13/32
[36;22m[DEBUG] [39;1msnarkJS[0m: tauG1: fft 17 mix start: 14/32
[36;22m[DEBUG] [39;1msnarkJS[0m: tauG1: fft 17 mix start: 15/32
[36;22m[DEBUG] [39;1msnarkJS[0m: tauG1: fft 17 mix start: 16/32
[36;22m[DEBUG] [39;1msnarkJS[0m: tauG1: fft 17 mix start: 17/32
[36;22m[DEBUG] [39;1msnarkJS[0m: tauG1: fft 17 mix start: 18/32
[36;22m[DEBUG] [39;1msnarkJS[0m: tauG1: fft 17 mix start: 19/32
[36;22m[DEBUG] [39;1msnarkJS[0m: tauG1: fft 17 mix start: 20/32
[36;22m[DEBUG] [39;1msnarkJS[0m: tauG1: fft 17 mix start: 21/32
[36;22m[DEBUG] [39;1msnarkJS[0m: tauG1: fft 17 mix start: 22/32
[36;22m[DEBUG] [39;1msnarkJS[0m: tauG1: fft 17 mix start: 23/32
[36;22m[DEBUG] [39;1msnarkJS[0m: tauG1: fft 17 mix start: 24/32
[36;22m[DEBUG] [39;1msnarkJS[0m: tauG1: fft 17 mix start: 25/32
[36;22m[DEBUG] [39;1msnarkJS[0m: tauG1: fft 17 mix start: 26/32
[36;22m[DEBUG] [39;1msnarkJS[0m: tauG1: fft 17 mix start: 27/32
[36;22m[DEBUG] [39;1msnarkJS[0m: tauG1: fft 17 mix start: 28/32
[36;22m[DEBUG] [39;1msnarkJS[0m: tauG1: fft 17 mix start: 29/32
[36;22m[DEBUG] [39;1msnarkJS[0m: tauG1: fft 17 mix start: 30/32
[36;22m[DEBUG] [39;1msnarkJS[0m: tauG1: fft 17 mix start: 31/32
[36;22m[DEBUG] [39;1msnarkJS[0m: tauG1: fft 17 mix end: 8/32
[36;22m[DEBUG] [39;1msnarkJS[0m: tauG1: fft 17 mix end: 22/32
[36;22m[DEBUG] [39;1msnarkJS[0m: tauG1: fft 17 mix end: 17/32
[36;22m[DEBUG] [39;1msnarkJS[0m: tauG1: fft 17 mix end: 11/32
[36;22m[DEBUG] [39;1msnarkJS[0m: tauG1: fft 17 mix end: 1/32
[36;22m[DEBUG] [39;1msnarkJS[0m: tauG1: fft 17 mix end: 21/32
[36;22m[DEBUG] [39;1msnarkJS[0m: tauG1: fft 17 mix end: 23/32
[36;22m[DEBUG] [39;1msnarkJS[0m: tauG1: fft 17 mix end: 31/32
[36;22m[DEBUG] [39;1msnarkJS[0m: tauG1: fft 17 mix end: 14/32
[36;22m[DEBUG] [39;1msnarkJS[0m: tauG1: fft 17 mix end: 12/32
[36;22m[DEBUG] [39;1msnarkJS[0m: tauG1: fft 17 mix end: 16/32
[36;22m[DEBUG] [39;1msnarkJS[0m: tauG1: fft 17 mix end: 9/32
[36;22m[DEBUG] [39;1msnarkJS[0m: tauG1: fft 17 mix end: 6/32
[36;22m[DEBUG] [39;1msnarkJS[0m: tauG1: fft 17 mix end: 18/32
[36;22m[DEBUG] [39;1msnarkJS[0m: tauG1: fft 17 mix end: 2/32
[36;22m[DEBUG] [39;1msnarkJS[0m: tauG1: fft 17 mix end: 20/32
[36;22m[DEBUG] [39;1msnarkJS[0m: tauG1: fft 17 mix end: 15/32
[36;22m[DEBUG] [39;1msnarkJS[0m: tauG1: fft 17 mix end: 13/32
[36;22m[DEBUG] [39;1msnarkJS[0m: tauG1: fft 17 mix end: 26/32
[36;22m[DEBUG] [39;1msnarkJS[0m: tauG1: fft 17 mix end: 19/32
[36;22m[DEBUG] [39;1msnarkJS[0m: tauG1: fft 17 mix end: 27/32
[36;22m[DEBUG] [39;1msnarkJS[0m: tauG1: fft 17 mix end: 3/32
[36;22m[DEBUG] [39;1msnarkJS[0m: tauG1: fft 17 mix end: 24/32
[36;22m[DEBUG] [39;1msnarkJS[0m: tauG1: fft 17 mix end: 28/32
[36;22m[DEBUG] [39;1msnarkJS[0m: tauG1: fft 17 mix end: 5/32
[36;22m[DEBUG] [39;1msnarkJS[0m: tauG1: fft 17 mix end: 10/32
[36;22m[DEBUG] [39;1msnarkJS[0m: tauG1: fft 17 mix end: 29/32
[36;22m[DEBUG] [39;1msnarkJS[0m: tauG1: fft 17 mix end: 4/32
[36;22m[DEBUG] [39;1msnarkJS[0m: tauG1: fft 17 mix end: 25/32
[36;22m[DEBUG] [39;1msnarkJS[0m: tauG1: fft 17 mix end: 7/32
[36;22m[DEBUG] [39;1msnarkJS[0m: tauG1: fft 17 mix end: 0/32
[36;22m[DEBUG] [39;1msnarkJS[0m: tauG1: fft 17 mix end: 30/32
[36;22m[DEBUG] [39;1msnarkJS[0m: tauG1: fft  17  join: 13/17
[36;22m[DEBUG] [39;1msnarkJS[0m: tauG1: fft 17 join  13/17  4/16 0/1
[36;22m[DEBUG] [39;1msnarkJS[0m: tauG1: fft 17 join  13/17  10/16 0/1
[36;22m[DEBUG] [39;1msnarkJS[0m: tauG1: fft 17 join  13/17  12/16 0/1
[36;22m[DEBUG] [39;1msnarkJS[0m: tauG1: fft 17 join  13/17  15/16 0/1
[36;22m[DEBUG] [39;1msnarkJS[0m: tauG1: fft 17 join  13/17  16/16 0/1
[36;22m[DEBUG] [39;1msnarkJS[0m: tauG1: fft 17 join  13/17  1/16 0/1
[36;22m[DEBUG] [39;1msnarkJS[0m: tauG1: fft 17 join  13/17  7/16 0/1
[36;22m[DEBUG] [39;1msnarkJS[0m: tauG1: fft 17 join  13/17  11/16 0/1
[36;22m[DEBUG] [39;1msnarkJS[0m: tauG1: fft 17 join  13/17  2/16 0/1
[36;22m[DEBUG] [39;1msnarkJS[0m: tauG1: fft 17 join  13/17  8/16 0/1
[36;22m[DEBUG] [39;1msnarkJS[0m: tauG1: fft 17 join  13/17  13/16 0/1
[36;22m[DEBUG] [39;1msnarkJS[0m: tauG1: fft 17 join  13/17  3/16 0/1
[36;22m[DEBUG] [39;1msnarkJS[0m: tauG1: fft 17 join  13/17  5/16 0/1
[36;22m[DEBUG] [39;1msnarkJS[0m: tauG1: fft 17 join  13/17  9/16 0/1
[36;22m[DEBUG] [39;1msnarkJS[0m: tauG1: fft 17 join  13/17  6/16 0/1
[36;22m[DEBUG] [39;1msnarkJS[0m: tauG1: fft 17 join  13/17  14/16 0/1
[36;22m[DEBUG] [39;1msnarkJS[0m: tauG1: fft  17  join: 14/17
[36;22m[DEBUG] [39;1msnarkJS[0m: tauG1: fft 17 join  14/17  2/8 0/2
[36;22m[DEBUG] [39;1msnarkJS[0m: tauG1: fft 17 join  14/17  3/8 0/2
[36;22m[DEBUG] [39;1msnarkJS[0m: tauG1: fft 17 join  14/17  4/8 0/2
[36;22m[DEBUG] [39;1msnarkJS[0m: tauG1: fft 17 join  14/17  5/8 1/2
[36;22m[DEBUG] [39;1msnarkJS[0m: tauG1: fft 17 join  14/17  6/8 0/2
[36;22m[DEBUG] [39;1msnarkJS[0m: tauG1: fft 17 join  14/17  7/8 0/2
[36;22m[DEBUG] [39;1msnarkJS[0m: tauG1: fft 17 join  14/17  8/8 0/2
[36;22m[DEBUG] [39;1msnarkJS[0m: tauG1: fft 17 join  14/17  8/8 1/2
[36;22m[DEBUG] [39;1msnarkJS[0m: tauG1: fft 17 join  14/17  2/8 1/2
[36;22m[DEBUG] [39;1msnarkJS[0m: tauG1: fft 17 join  14/17  7/8 1/2
[36;22m[DEBUG] [39;1msnarkJS[0m: tauG1: fft 17 join  14/17  5/8 0/2
[36;22m[DEBUG] [39;1msnarkJS[0m: tauG1: fft 17 join  14/17  1/8 0/2
[36;22m[DEBUG] [39;1msnarkJS[0m: tauG1: fft 17 join  14/17  3/8 1/2
[36;22m[DEBUG] [39;1msnarkJS[0m: tauG1: fft 17 join  14/17  6/8 1/2
[36;22m[DEBUG] [39;1msnarkJS[0m: tauG1: fft 17 join  14/17  4/8 1/2
[36;22m[DEBUG] [39;1msnarkJS[0m: tauG1: fft 17 join  14/17  1/8 1/2
[36;22m[DEBUG] [39;1msnarkJS[0m: tauG1: fft  17  join: 15/17
[36;22m[DEBUG] [39;1msnarkJS[0m: tauG1: fft 17 join  15/17  1/4 2/4
[36;22m[DEBUG] [39;1msnarkJS[0m: tauG1: fft 17 join  15/17  2/4 2/4
[36;22m[DEBUG] [39;1msnarkJS[0m: tauG1: fft 17 join  15/17  3/4 1/4
[36;22m[DEBUG] [39;1msnarkJS[0m: tauG1: fft 17 join  15/17  3/4 2/4
[36;22m[DEBUG] [39;1msnarkJS[0m: tauG1: fft 17 join  15/17  3/4 3/4
[36;22m[DEBUG] [39;1msnarkJS[0m: tauG1: fft 17 join  15/17  4/4 1/4
[36;22m[DEBUG] [39;1msnarkJS[0m: tauG1: fft 17 join  15/17  4/4 2/4
[36;22m[DEBUG] [39;1msnarkJS[0m: tauG1: fft 17 join  15/17  4/4 3/4
[36;22m[DEBUG] [39;1msnarkJS[0m: tauG1: fft 17 join  15/17  1/4 3/4
[36;22m[DEBUG] [39;1msnarkJS[0m: tauG1: fft 17 join  15/17  2/4 0/4
[36;22m[DEBUG] [39;1msnarkJS[0m: tauG1: fft 17 join  15/17  3/4 0/4
[36;22m[DEBUG] [39;1msnarkJS[0m: tauG1: fft 17 join  15/17  1/4 0/4
[36;22m[DEBUG] [39;1msnarkJS[0m: tauG1: fft 17 join  15/17  4/4 0/4
[36;22m[DEBUG] [39;1msnarkJS[0m: tauG1: fft 17 join  15/17  1/4 1/4
[36;22m[DEBUG] [39;1msnarkJS[0m: tauG1: fft 17 join  15/17  2/4 1/4
[36;22m[DEBUG] [39;1msnarkJS[0m: tauG1: fft 17 join  15/17  2/4 3/4
[36;22m[DEBUG] [39;1msnarkJS[0m: tauG1: fft  17  join: 16/17
[36;22m[DEBUG] [39;1msnarkJS[0m: tauG1: fft 17 join  16/17  1/2 3/8
[36;22m[DEBUG] [39;1msnarkJS[0m: tauG1: fft 17 join  16/17  2/2 2/8
[36;22m[DEBUG] [39;1msnarkJS[0m: tauG1: fft 17 join  16/17  2/2 7/8
[36;22m[DEBUG] [39;1msnarkJS[0m: tauG1: fft 17 join  16/17  1/2 2/8
[36;22m[DEBUG] [39;1msnarkJS[0m: tauG1: fft 17 join  16/17  1/2 4/8
[36;22m[DEBUG] [39;1msnarkJS[0m: tauG1: fft 17 join  16/17  2/2 0/8
[36;22m[DEBUG] [39;1msnarkJS[0m: tauG1: fft 17 join  16/17  2/2 3/8
[36;22m[DEBUG] [39;1msnarkJS[0m: tauG1: fft 17 join  16/17  1/2 5/8
[36;22m[DEBUG] [39;1msnarkJS[0m: tauG1: fft 17 join  16/17  1/2 6/8
[36;22m[DEBUG] [39;1msnarkJS[0m: tauG1: fft 17 join  16/17  2/2 1/8
[36;22m[DEBUG] [39;1msnarkJS[0m: tauG1: fft 17 join  16/17  2/2 4/8
[36;22m[DEBUG] [39;1msnarkJS[0m: tauG1: fft 17 join  16/17  2/2 5/8
[36;22m[DEBUG] [39;1msnarkJS[0m: tauG1: fft 17 join  16/17  2/2 6/8
[36;22m[DEBUG] [39;1msnarkJS[0m: tauG1: fft 17 join  16/17  1/2 0/8
[36;22m[DEBUG] [39;1msnarkJS[0m: tauG1: fft 17 join  16/17  1/2 7/8
[36;22m[DEBUG] [39;1msnarkJS[0m: tauG1: fft 17 join  16/17  1/2 1/8
[36;22m[DEBUG] [39;1msnarkJS[0m: tauG1: fft  17  join: 17/17
[36;22m[DEBUG] [39;1msnarkJS[0m: tauG1: fft 17 join  17/17  1/1 15/16
[36;22m[DEBUG] [39;1msnarkJS[0m: tauG1: fft 17 join  17/17  1/1 2/16
[36;22m[DEBUG] [39;1msnarkJS[0m: tauG1: fft 17 join  17/17  1/1 10/16
[36;22m[DEBUG] [39;1msnarkJS[0m: tauG1: fft 17 join  17/17  1/1 11/16
[36;22m[DEBUG] [39;1msnarkJS[0m: tauG1: fft 17 join  17/17  1/1 3/16
[36;22m[DEBUG] [39;1msnarkJS[0m: tauG1: fft 17 join  17/17  1/1 5/16
[36;22m[DEBUG] [39;1msnarkJS[0m: tauG1: fft 17 join  17/17  1/1 8/16
[36;22m[DEBUG] [39;1msnarkJS[0m: tauG1: fft 17 join  17/17  1/1 6/16
[36;22m[DEBUG] [39;1msnarkJS[0m: tauG1: fft 17 join  17/17  1/1 9/16
[36;22m[DEBUG] [39;1msnarkJS[0m: tauG1: fft 17 join  17/17  1/1 13/16
[36;22m[DEBUG] [39;1msnarkJS[0m: tauG1: fft 17 join  17/17  1/1 4/16
[36;22m[DEBUG] [39;1msnarkJS[0m: tauG1: fft 17 join  17/17  1/1 14/16
[36;22m[DEBUG] [39;1msnarkJS[0m: tauG1: fft 17 join  17/17  1/1 12/16
[36;22m[DEBUG] [39;1msnarkJS[0m: tauG1: fft 17 join  17/17  1/1 0/16
[36;22m[DEBUG] [39;1msnarkJS[0m: tauG1: fft 17 join  17/17  1/1 7/16
[36;22m[DEBUG] [39;1msnarkJS[0m: tauG1: fft 17 join  17/17  1/1 1/16
[36;22m[DEBUG] [39;1msnarkJS[0m: tauG1: fft 18 mix start: 0/32
[36;22m[DEBUG] [39;1msnarkJS[0m: tauG1: fft 18 mix start: 1/32
[36;22m[DEBUG] [39;1msnarkJS[0m: tauG1: fft 18 mix start: 2/32
[36;22m[DEBUG] [39;1msnarkJS[0m: tauG1: fft 18 mix start: 3/32
[36;22m[DEBUG] [39;1msnarkJS[0m: tauG1: fft 18 mix start: 4/32
[36;22m[DEBUG] [39;1msnarkJS[0m: tauG1: fft 18 mix start: 5/32
[36;22m[DEBUG] [39;1msnarkJS[0m: tauG1: fft 18 mix start: 6/32
[36;22m[DEBUG] [39;1msnarkJS[0m: tauG1: fft 18 mix start: 7/32
[36;22m[DEBUG] [39;1msnarkJS[0m: tauG1: fft 18 mix start: 8/32
[36;22m[DEBUG] [39;1msnarkJS[0m: tauG1: fft 18 mix start: 9/32
[36;22m[DEBUG] [39;1msnarkJS[0m: tauG1: fft 18 mix start: 10/32
[36;22m[DEBUG] [39;1msnarkJS[0m: tauG1: fft 18 mix start: 11/32
[36;22m[DEBUG] [39;1msnarkJS[0m: tauG1: fft 18 mix start: 12/32
[36;22m[DEBUG] [39;1msnarkJS[0m: tauG1: fft 18 mix start: 13/32
[36;22m[DEBUG] [39;1msnarkJS[0m: tauG1: fft 18 mix start: 14/32
[36;22m[DEBUG] [39;1msnarkJS[0m: tauG1: fft 18 mix start: 15/32
[36;22m[DEBUG] [39;1msnarkJS[0m: tauG1: fft 18 mix start: 16/32
[36;22m[DEBUG] [39;1msnarkJS[0m: tauG1: fft 18 mix start: 17/32
[36;22m[DEBUG] [39;1msnarkJS[0m: tauG1: fft 18 mix start: 18/32
[36;22m[DEBUG] [39;1msnarkJS[0m: tauG1: fft 18 mix start: 19/32
[36;22m[DEBUG] [39;1msnarkJS[0m: tauG1: fft 18 mix start: 20/32
[36;22m[DEBUG] [39;1msnarkJS[0m: tauG1: fft 18 mix start: 21/32
[36;22m[DEBUG] [39;1msnarkJS[0m: tauG1: fft 18 mix start: 22/32
[36;22m[DEBUG] [39;1msnarkJS[0m: tauG1: fft 18 mix start: 23/32
[36;22m[DEBUG] [39;1msnarkJS[0m: tauG1: fft 18 mix start: 24/32
[36;22m[DEBUG] [39;1msnarkJS[0m: tauG1: fft 18 mix start: 25/32
[36;22m[DEBUG] [39;1msnarkJS[0m: tauG1: fft 18 mix start: 26/32
[36;22m[DEBUG] [39;1msnarkJS[0m: tauG1: fft 18 mix start: 27/32
[36;22m[DEBUG] [39;1msnarkJS[0m: tauG1: fft 18 mix start: 28/32
[36;22m[DEBUG] [39;1msnarkJS[0m: tauG1: fft 18 mix start: 29/32
[36;22m[DEBUG] [39;1msnarkJS[0m: tauG1: fft 18 mix start: 30/32
[36;22m[DEBUG] [39;1msnarkJS[0m: tauG1: fft 18 mix start: 31/32
[36;22m[DEBUG] [39;1msnarkJS[0m: tauG1: fft 18 mix end: 12/32
[36;22m[DEBUG] [39;1msnarkJS[0m: tauG1: fft 18 mix end: 23/32
[36;22m[DEBUG] [39;1msnarkJS[0m: tauG1: fft 18 mix end: 9/32
[36;22m[DEBUG] [39;1msnarkJS[0m: tauG1: fft 18 mix end: 16/32
[36;22m[DEBUG] [39;1msnarkJS[0m: tauG1: fft 18 mix end: 0/32
[36;22m[DEBUG] [39;1msnarkJS[0m: tauG1: fft 18 mix end: 17/32
[36;22m[DEBUG] [39;1msnarkJS[0m: tauG1: fft 18 mix end: 20/32
[36;22m[DEBUG] [39;1msnarkJS[0m: tauG1: fft 18 mix end: 11/32
[36;22m[DEBUG] [39;1msnarkJS[0m: tauG1: fft 18 mix end: 31/32
[36;22m[DEBUG] [39;1msnarkJS[0m: tauG1: fft 18 mix end: 7/32
[36;22m[DEBUG] [39;1msnarkJS[0m: tauG1: fft 18 mix end: 6/32
[36;22m[DEBUG] [39;1msnarkJS[0m: tauG1: fft 18 mix end: 14/32
[36;22m[DEBUG] [39;1msnarkJS[0m: tauG1: fft 18 mix end: 2/32
[36;22m[DEBUG] [39;1msnarkJS[0m: tauG1: fft 18 mix end: 24/32
[36;22m[DEBUG] [39;1msnarkJS[0m: tauG1: fft 18 mix end: 18/32
[36;22m[DEBUG] [39;1msnarkJS[0m: tauG1: fft 18 mix end: 28/32
[36;22m[DEBUG] [39;1msnarkJS[0m: tauG1: fft 18 mix end: 27/32
[36;22m[DEBUG] [39;1msnarkJS[0m: tauG1: fft 18 mix end: 15/32
[36;22m[DEBUG] [39;1msnarkJS[0m: tauG1: fft 18 mix end: 30/32
[36;22m[DEBUG] [39;1msnarkJS[0m: tauG1: fft 18 mix end: 21/32
[36;22m[DEBUG] [39;1msnarkJS[0m: tauG1: fft 18 mix end: 8/32
[36;22m[DEBUG] [39;1msnarkJS[0m: tauG1: fft 18 mix end: 19/32
[36;22m[DEBUG] [39;1msnarkJS[0m: tauG1: fft 18 mix end: 25/32
[36;22m[DEBUG] [39;1msnarkJS[0m: tauG1: fft 18 mix end: 26/32
[36;22m[DEBUG] [39;1msnarkJS[0m: tauG1: fft 18 mix end: 1/32
[36;22m[DEBUG] [39;1msnarkJS[0m: tauG1: fft 18 mix end: 29/32
[36;22m[DEBUG] [39;1msnarkJS[0m: tauG1: fft 18 mix end: 10/32
[36;22m[DEBUG] [39;1msnarkJS[0m: tauG1: fft 18 mix end: 5/32
[36;22m[DEBUG] [39;1msnarkJS[0m: tauG1: fft 18 mix end: 22/32
[36;22m[DEBUG] [39;1msnarkJS[0m: tauG1: fft 18 mix end: 3/32
[36;22m[DEBUG] [39;1msnarkJS[0m: tauG1: fft 18 mix end: 13/32
[36;22m[DEBUG] [39;1msnarkJS[0m: tauG1: fft 18 mix end: 4/32
[36;22m[DEBUG] [39;1msnarkJS[0m: tauG1: fft  18  join: 14/18
[36;22m[DEBUG] [39;1msnarkJS[0m: tauG1: fft 18 join  14/18  1/16 0/1
[36;22m[DEBUG] [39;1msnarkJS[0m: tauG1: fft 18 join  14/18  7/16 0/1
[36;22m[DEBUG] [39;1msnarkJS[0m: tauG1: fft 18 join  14/18  13/16 0/1
[36;22m[DEBUG] [39;1msnarkJS[0m: tauG1: fft 18 join  14/18  9/16 0/1
[36;22m[DEBUG] [39;1msnarkJS[0m: tauG1: fft 18 join  14/18  5/16 0/1
[36;22m[DEBUG] [39;1msnarkJS[0m: tauG1: fft 18 join  14/18  15/16 0/1
[36;22m[DEBUG] [39;1msnarkJS[0m: tauG1: fft 18 join  14/18  16/16 0/1
[36;22m[DEBUG] [39;1msnarkJS[0m: tauG1: fft 18 join  14/18  11/16 0/1
[36;22m[DEBUG] [39;1msnarkJS[0m: tauG1: fft 18 join  14/18  10/16 0/1
[36;22m[DEBUG] [39;1msnarkJS[0m: tauG1: fft 18 join  14/18  6/16 0/1
[36;22m[DEBUG] [39;1msnarkJS[0m: tauG1: fft 18 join  14/18  12/16 0/1
[36;22m[DEBUG] [39;1msnarkJS[0m: tauG1: fft 18 join  14/18  8/16 0/1
[36;22m[DEBUG] [39;1msnarkJS[0m: tauG1: fft 18 join  14/18  2/16 0/1
[36;22m[DEBUG] [39;1msnarkJS[0m: tauG1: fft 18 join  14/18  3/16 0/1
[36;22m[DEBUG] [39;1msnarkJS[0m: tauG1: fft 18 join  14/18  4/16 0/1
[36;22m[DEBUG] [39;1msnarkJS[0m: tauG1: fft 18 join  14/18  14/16 0/1
[36;22m[DEBUG] [39;1msnarkJS[0m: tauG1: fft  18  join: 15/18
[36;22m[DEBUG] [39;1msnarkJS[0m: tauG1: fft 18 join  15/18  1/8 0/2
[36;22m[DEBUG] [39;1msnarkJS[0m: tauG1: fft 18 join  15/18  3/8 1/2
[36;22m[DEBUG] [39;1msnarkJS[0m: tauG1: fft 18 join  15/18  6/8 1/2
[36;22m[DEBUG] [39;1msnarkJS[0m: tauG1: fft 18 join  15/18  2/8 0/2
[36;22m[DEBUG] [39;1msnarkJS[0m: tauG1: fft 18 join  15/18  2/8 1/2
[36;22m[DEBUG] [39;1msnarkJS[0m: tauG1: fft 18 join  15/18  4/8 0/2
[36;22m[DEBUG] [39;1msnarkJS[0m: tauG1: fft 18 join  15/18  5/8 0/2
[36;22m[DEBUG] [39;1msnarkJS[0m: tauG1: fft 18 join  15/18  3/8 0/2
[36;22m[DEBUG] [39;1msnarkJS[0m: tauG1: fft 18 join  15/18  5/8 1/2
[36;22m[DEBUG] [39;1msnarkJS[0m: tauG1: fft 18 join  15/18  8/8 0/2
[36;22m[DEBUG] [39;1msnarkJS[0m: tauG1: fft 18 join  15/18  8/8 1/2
[36;22m[DEBUG] [39;1msnarkJS[0m: tauG1: fft 18 join  15/18  6/8 0/2
[36;22m[DEBUG] [39;1msnarkJS[0m: tauG1: fft 18 join  15/18  4/8 1/2
[36;22m[DEBUG] [39;1msnarkJS[0m: tauG1: fft 18 join  15/18  1/8 1/2
[36;22m[DEBUG] [39;1msnarkJS[0m: tauG1: fft 18 join  15/18  7/8 1/2
[36;22m[DEBUG] [39;1msnarkJS[0m: tauG1: fft 18 join  15/18  7/8 0/2
[36;22m[DEBUG] [39;1msnarkJS[0m: tauG1: fft  18  join: 16/18
[36;22m[DEBUG] [39;1msnarkJS[0m: tauG1: fft 18 join  16/18  1/4 0/4
[36;22m[DEBUG] [39;1msnarkJS[0m: tauG1: fft 18 join  16/18  1/4 3/4
[36;22m[DEBUG] [39;1msnarkJS[0m: tauG1: fft 18 join  16/18  1/4 2/4
[36;22m[DEBUG] [39;1msnarkJS[0m: tauG1: fft 18 join  16/18  2/4 2/4
[36;22m[DEBUG] [39;1msnarkJS[0m: tauG1: fft 18 join  16/18  2/4 1/4
[36;22m[DEBUG] [39;1msnarkJS[0m: tauG1: fft 18 join  16/18  4/4 0/4
[36;22m[DEBUG] [39;1msnarkJS[0m: tauG1: fft 18 join  16/18  4/4 3/4
[36;22m[DEBUG] [39;1msnarkJS[0m: tauG1: fft 18 join  16/18  3/4 0/4
[36;22m[DEBUG] [39;1msnarkJS[0m: tauG1: fft 18 join  16/18  3/4 1/4
[36;22m[DEBUG] [39;1msnarkJS[0m: tauG1: fft 18 join  16/18  4/4 2/4
[36;22m[DEBUG] [39;1msnarkJS[0m: tauG1: fft 18 join  16/18  3/4 3/4
[36;22m[DEBUG] [39;1msnarkJS[0m: tauG1: fft 18 join  16/18  3/4 2/4
[36;22m[DEBUG] [39;1msnarkJS[0m: tauG1: fft 18 join  16/18  2/4 3/4
[36;22m[DEBUG] [39;1msnarkJS[0m: tauG1: fft 18 join  16/18  1/4 1/4
[36;22m[DEBUG] [39;1msnarkJS[0m: tauG1: fft 18 join  16/18  4/4 1/4
[36;22m[DEBUG] [39;1msnarkJS[0m: tauG1: fft 18 join  16/18  2/4 0/4
[36;22m[DEBUG] [39;1msnarkJS[0m: tauG1: fft  18  join: 17/18
[36;22m[DEBUG] [39;1msnarkJS[0m: tauG1: fft 18 join  17/18  1/2 0/8
[36;22m[DEBUG] [39;1msnarkJS[0m: tauG1: fft 18 join  17/18  1/2 4/8
[36;22m[DEBUG] [39;1msnarkJS[0m: tauG1: fft 18 join  17/18  1/2 3/8
[36;22m[DEBUG] [39;1msnarkJS[0m: tauG1: fft 18 join  17/18  2/2 0/8
[36;22m[DEBUG] [39;1msnarkJS[0m: tauG1: fft 18 join  17/18  1/2 6/8
[36;22m[DEBUG] [39;1msnarkJS[0m: tauG1: fft 18 join  17/18  2/2 7/8
[36;22m[DEBUG] [39;1msnarkJS[0m: tauG1: fft 18 join  17/18  2/2 6/8
[36;22m[DEBUG] [39;1msnarkJS[0m: tauG1: fft 18 join  17/18  2/2 1/8
[36;22m[DEBUG] [39;1msnarkJS[0m: tauG1: fft 18 join  17/18  1/2 5/8
[36;22m[DEBUG] [39;1msnarkJS[0m: tauG1: fft 18 join  17/18  2/2 3/8
[36;22m[DEBUG] [39;1msnarkJS[0m: tauG1: fft 18 join  17/18  1/2 2/8
[36;22m[DEBUG] [39;1msnarkJS[0m: tauG1: fft 18 join  17/18  2/2 2/8
[36;22m[DEBUG] [39;1msnarkJS[0m: tauG1: fft 18 join  17/18  1/2 7/8
[36;22m[DEBUG] [39;1msnarkJS[0m: tauG1: fft 18 join  17/18  1/2 1/8
[36;22m[DEBUG] [39;1msnarkJS[0m: tauG1: fft 18 join  17/18  2/2 4/8
[36;22m[DEBUG] [39;1msnarkJS[0m: tauG1: fft 18 join  17/18  2/2 5/8
[36;22m[DEBUG] [39;1msnarkJS[0m: tauG1: fft  18  join: 18/18
[36;22m[DEBUG] [39;1msnarkJS[0m: tauG1: fft 18 join  18/18  1/1 0/16
[36;22m[DEBUG] [39;1msnarkJS[0m: tauG1: fft 18 join  18/18  1/1 6/16
[36;22m[DEBUG] [39;1msnarkJS[0m: tauG1: fft 18 join  18/18  1/1 11/16
[36;22m[DEBUG] [39;1msnarkJS[0m: tauG1: fft 18 join  18/18  1/1 8/16
[36;22m[DEBUG] [39;1msnarkJS[0m: tauG1: fft 18 join  18/18  1/1 14/16
[36;22m[DEBUG] [39;1msnarkJS[0m: tauG1: fft 18 join  18/18  1/1 15/16
[36;22m[DEBUG] [39;1msnarkJS[0m: tauG1: fft 18 join  18/18  1/1 12/16
[36;22m[DEBUG] [39;1msnarkJS[0m: tauG1: fft 18 join  18/18  1/1 9/16
[36;22m[DEBUG] [39;1msnarkJS[0m: tauG1: fft 18 join  18/18  1/1 2/16
[36;22m[DEBUG] [39;1msnarkJS[0m: tauG1: fft 18 join  18/18  1/1 3/16
[36;22m[DEBUG] [39;1msnarkJS[0m: tauG1: fft 18 join  18/18  1/1 4/16
[36;22m[DEBUG] [39;1msnarkJS[0m: tauG1: fft 18 join  18/18  1/1 10/16
[36;22m[DEBUG] [39;1msnarkJS[0m: tauG1: fft 18 join  18/18  1/1 13/16
[36;22m[DEBUG] [39;1msnarkJS[0m: tauG1: fft 18 join  18/18  1/1 5/16
[36;22m[DEBUG] [39;1msnarkJS[0m: tauG1: fft 18 join  18/18  1/1 7/16
[36;22m[DEBUG] [39;1msnarkJS[0m: tauG1: fft 18 join  18/18  1/1 1/16
[36;22m[DEBUG] [39;1msnarkJS[0m: tauG1: fft 19 mix start: 0/32
[36;22m[DEBUG] [39;1msnarkJS[0m: tauG1: fft 19 mix start: 1/32
[36;22m[DEBUG] [39;1msnarkJS[0m: tauG1: fft 19 mix start: 2/32
[36;22m[DEBUG] [39;1msnarkJS[0m: tauG1: fft 19 mix start: 3/32
[36;22m[DEBUG] [39;1msnarkJS[0m: tauG1: fft 19 mix start: 4/32
[36;22m[DEBUG] [39;1msnarkJS[0m: tauG1: fft 19 mix start: 5/32
[36;22m[DEBUG] [39;1msnarkJS[0m: tauG1: fft 19 mix start: 6/32
[36;22m[DEBUG] [39;1msnarkJS[0m: tauG1: fft 19 mix start: 7/32
[36;22m[DEBUG] [39;1msnarkJS[0m: tauG1: fft 19 mix start: 8/32
[36;22m[DEBUG] [39;1msnarkJS[0m: tauG1: fft 19 mix start: 9/32
[36;22m[DEBUG] [39;1msnarkJS[0m: tauG1: fft 19 mix start: 10/32
[36;22m[DEBUG] [39;1msnarkJS[0m: tauG1: fft 19 mix start: 11/32
[36;22m[DEBUG] [39;1msnarkJS[0m: tauG1: fft 19 mix start: 12/32
[36;22m[DEBUG] [39;1msnarkJS[0m: tauG1: fft 19 mix start: 13/32
[36;22m[DEBUG] [39;1msnarkJS[0m: tauG1: fft 19 mix start: 14/32
[36;22m[DEBUG] [39;1msnarkJS[0m: tauG1: fft 19 mix start: 15/32
[36;22m[DEBUG] [39;1msnarkJS[0m: tauG1: fft 19 mix start: 16/32
[36;22m[DEBUG] [39;1msnarkJS[0m: tauG1: fft 19 mix start: 17/32
[36;22m[DEBUG] [39;1msnarkJS[0m: tauG1: fft 19 mix start: 18/32
[36;22m[DEBUG] [39;1msnarkJS[0m: tauG1: fft 19 mix start: 19/32
[36;22m[DEBUG] [39;1msnarkJS[0m: tauG1: fft 19 mix start: 20/32
[36;22m[DEBUG] [39;1msnarkJS[0m: tauG1: fft 19 mix start: 21/32
[36;22m[DEBUG] [39;1msnarkJS[0m: tauG1: fft 19 mix start: 22/32
[36;22m[DEBUG] [39;1msnarkJS[0m: tauG1: fft 19 mix start: 23/32
[36;22m[DEBUG] [39;1msnarkJS[0m: tauG1: fft 19 mix start: 24/32
[36;22m[DEBUG] [39;1msnarkJS[0m: tauG1: fft 19 mix start: 25/32
[36;22m[DEBUG] [39;1msnarkJS[0m: tauG1: fft 19 mix start: 26/32
[36;22m[DEBUG] [39;1msnarkJS[0m: tauG1: fft 19 mix start: 27/32
[36;22m[DEBUG] [39;1msnarkJS[0m: tauG1: fft 19 mix start: 28/32
[36;22m[DEBUG] [39;1msnarkJS[0m: tauG1: fft 19 mix start: 29/32
[36;22m[DEBUG] [39;1msnarkJS[0m: tauG1: fft 19 mix start: 30/32
[36;22m[DEBUG] [39;1msnarkJS[0m: tauG1: fft 19 mix start: 31/32
[36;22m[DEBUG] [39;1msnarkJS[0m: tauG1: fft 19 mix end: 13/32
[36;22m[DEBUG] [39;1msnarkJS[0m: tauG1: fft 19 mix end: 9/32
[36;22m[DEBUG] [39;1msnarkJS[0m: tauG1: fft 19 mix end: 30/32
[36;22m[DEBUG] [39;1msnarkJS[0m: tauG1: fft 19 mix end: 2/32
[36;22m[DEBUG] [39;1msnarkJS[0m: tauG1: fft 19 mix end: 19/32
[36;22m[DEBUG] [39;1msnarkJS[0m: tauG1: fft 19 mix end: 28/32
[36;22m[DEBUG] [39;1msnarkJS[0m: tauG1: fft 19 mix end: 15/32
[36;22m[DEBUG] [39;1msnarkJS[0m: tauG1: fft 19 mix end: 18/32
[36;22m[DEBUG] [39;1msnarkJS[0m: tauG1: fft 19 mix end: 11/32
[36;22m[DEBUG] [39;1msnarkJS[0m: tauG1: fft 19 mix end: 27/32
[36;22m[DEBUG] [39;1msnarkJS[0m: tauG1: fft 19 mix end: 17/32
[36;22m[DEBUG] [39;1msnarkJS[0m: tauG1: fft 19 mix end: 16/32
[36;22m[DEBUG] [39;1msnarkJS[0m: tauG1: fft 19 mix end: 0/32
[36;22m[DEBUG] [39;1msnarkJS[0m: tauG1: fft 19 mix end: 31/32
[36;22m[DEBUG] [39;1msnarkJS[0m: tauG1: fft 19 mix end: 10/32
[36;22m[DEBUG] [39;1msnarkJS[0m: tauG1: fft 19 mix end: 24/32
[36;22m[DEBUG] [39;1msnarkJS[0m: tauG1: fft 19 mix end: 23/32
[36;22m[DEBUG] [39;1msnarkJS[0m: tauG1: fft 19 mix end: 7/32
[36;22m[DEBUG] [39;1msnarkJS[0m: tauG1: fft 19 mix end: 26/32
[36;22m[DEBUG] [39;1msnarkJS[0m: tauG1: fft 19 mix end: 25/32
[36;22m[DEBUG] [39;1msnarkJS[0m: tauG1: fft 19 mix end: 20/32
[36;22m[DEBUG] [39;1msnarkJS[0m: tauG1: fft 19 mix end: 8/32
[36;22m[DEBUG] [39;1msnarkJS[0m: tauG1: fft 19 mix end: 1/32
[36;22m[DEBUG] [39;1msnarkJS[0m: tauG1: fft 19 mix end: 5/32
[36;22m[DEBUG] [39;1msnarkJS[0m: tauG1: fft 19 mix end: 21/32
[36;22m[DEBUG] [39;1msnarkJS[0m: tauG1: fft 19 mix end: 12/32
[36;22m[DEBUG] [39;1msnarkJS[0m: tauG1: fft 19 mix end: 4/32
[36;22m[DEBUG] [39;1msnarkJS[0m: tauG1: fft 19 mix end: 6/32
[36;22m[DEBUG] [39;1msnarkJS[0m: tauG1: fft 19 mix end: 22/32
[36;22m[DEBUG] [39;1msnarkJS[0m: tauG1: fft 19 mix end: 14/32
[36;22m[DEBUG] [39;1msnarkJS[0m: tauG1: fft 19 mix end: 3/32
[36;22m[DEBUG] [39;1msnarkJS[0m: tauG1: fft 19 mix end: 29/32
[36;22m[DEBUG] [39;1msnarkJS[0m: tauG1: fft  19  join: 15/19
[36;22m[DEBUG] [39;1msnarkJS[0m: tauG1: fft 19 join  15/19  4/16 0/1
[36;22m[DEBUG] [39;1msnarkJS[0m: tauG1: fft 19 join  15/19  6/16 0/1
[36;22m[DEBUG] [39;1msnarkJS[0m: tauG1: fft 19 join  15/19  12/16 0/1
[36;22m[DEBUG] [39;1msnarkJS[0m: tauG1: fft 19 join  15/19  7/16 0/1
[36;22m[DEBUG] [39;1msnarkJS[0m: tauG1: fft 19 join  15/19  13/16 0/1
[36;22m[DEBUG] [39;1msnarkJS[0m: tauG1: fft 19 join  15/19  5/16 0/1
[36;22m[DEBUG] [39;1msnarkJS[0m: tauG1: fft 19 join  15/19  10/16 0/1
[36;22m[DEBUG] [39;1msnarkJS[0m: tauG1: fft 19 join  15/19  15/16 0/1
[36;22m[DEBUG] [39;1msnarkJS[0m: tauG1: fft 19 join  15/19  3/16 0/1
[36;22m[DEBUG] [39;1msnarkJS[0m: tauG1: fft 19 join  15/19  9/16 0/1
[36;22m[DEBUG] [39;1msnarkJS[0m: tauG1: fft 19 join  15/19  1/16 0/1
[36;22m[DEBUG] [39;1msnarkJS[0m: tauG1: fft 19 join  15/19  16/16 0/1
[36;22m[DEBUG] [39;1msnarkJS[0m: tauG1: fft 19 join  15/19  14/16 0/1
[36;22m[DEBUG] [39;1msnarkJS[0m: tauG1: fft 19 join  15/19  8/16 0/1
[36;22m[DEBUG] [39;1msnarkJS[0m: tauG1: fft 19 join  15/19  11/16 0/1
[36;22m[DEBUG] [39;1msnarkJS[0m: tauG1: fft 19 join  15/19  2/16 0/1
[36;22m[DEBUG] [39;1msnarkJS[0m: tauG1: fft  19  join: 16/19
[36;22m[DEBUG] [39;1msnarkJS[0m: tauG1: fft 19 join  16/19  6/8 1/2
[36;22m[DEBUG] [39;1msnarkJS[0m: tauG1: fft 19 join  16/19  2/8 1/2
[36;22m[DEBUG] [39;1msnarkJS[0m: tauG1: fft 19 join  16/19  3/8 0/2
[36;22m[DEBUG] [39;1msnarkJS[0m: tauG1: fft 19 join  16/19  3/8 1/2
[36;22m[DEBUG] [39;1msnarkJS[0m: tauG1: fft 19 join  16/19  5/8 1/2
[36;22m[DEBUG] [39;1msnarkJS[0m: tauG1: fft 19 join  16/19  7/8 1/2
[36;22m[DEBUG] [39;1msnarkJS[0m: tauG1: fft 19 join  16/19  8/8 0/2
[36;22m[DEBUG] [39;1msnarkJS[0m: tauG1: fft 19 join  16/19  1/8 0/2
[36;22m[DEBUG] [39;1msnarkJS[0m: tauG1: fft 19 join  16/19  4/8 0/2
[36;22m[DEBUG] [39;1msnarkJS[0m: tauG1: fft 19 join  16/19  7/8 0/2
[36;22m[DEBUG] [39;1msnarkJS[0m: tauG1: fft 19 join  16/19  5/8 0/2
[36;22m[DEBUG] [39;1msnarkJS[0m: tauG1: fft 19 join  16/19  2/8 0/2
[36;22m[DEBUG] [39;1msnarkJS[0m: tauG1: fft 19 join  16/19  8/8 1/2
[36;22m[DEBUG] [39;1msnarkJS[0m: tauG1: fft 19 join  16/19  6/8 0/2
[36;22m[DEBUG] [39;1msnarkJS[0m: tauG1: fft 19 join  16/19  4/8 1/2
[36;22m[DEBUG] [39;1msnarkJS[0m: tauG1: fft 19 join  16/19  1/8 1/2
[36;22m[DEBUG] [39;1msnarkJS[0m: tauG1: fft  19  join: 17/19
[36;22m[DEBUG] [39;1msnarkJS[0m: tauG1: fft 19 join  17/19  1/4 3/4
[36;22m[DEBUG] [39;1msnarkJS[0m: tauG1: fft 19 join  17/19  3/4 1/4
[36;22m[DEBUG] [39;1msnarkJS[0m: tauG1: fft 19 join  17/19  4/4 0/4
[36;22m[DEBUG] [39;1msnarkJS[0m: tauG1: fft 19 join  17/19  2/4 2/4
[36;22m[DEBUG] [39;1msnarkJS[0m: tauG1: fft 19 join  17/19  3/4 3/4
[36;22m[DEBUG] [39;1msnarkJS[0m: tauG1: fft 19 join  17/19  2/4 0/4
[36;22m[DEBUG] [39;1msnarkJS[0m: tauG1: fft 19 join  17/19  4/4 1/4
[36;22m[DEBUG] [39;1msnarkJS[0m: tauG1: fft 19 join  17/19  1/4 0/4
[36;22m[DEBUG] [39;1msnarkJS[0m: tauG1: fft 19 join  17/19  4/4 3/4
[36;22m[DEBUG] [39;1msnarkJS[0m: tauG1: fft 19 join  17/19  4/4 2/4
[36;22m[DEBUG] [39;1msnarkJS[0m: tauG1: fft 19 join  17/19  3/4 2/4
[36;22m[DEBUG] [39;1msnarkJS[0m: tauG1: fft 19 join  17/19  1/4 2/4
[36;22m[DEBUG] [39;1msnarkJS[0m: tauG1: fft 19 join  17/19  3/4 0/4
[36;22m[DEBUG] [39;1msnarkJS[0m: tauG1: fft 19 join  17/19  2/4 3/4
[36;22m[DEBUG] [39;1msnarkJS[0m: tauG1: fft 19 join  17/19  2/4 1/4
[36;22m[DEBUG] [39;1msnarkJS[0m: tauG1: fft 19 join  17/19  1/4 1/4
[36;22m[DEBUG] [39;1msnarkJS[0m: tauG1: fft  19  join: 18/19
[36;22m[DEBUG] [39;1msnarkJS[0m: tauG1: fft 19 join  18/19  2/2 1/8
[36;22m[DEBUG] [39;1msnarkJS[0m: tauG1: fft 19 join  18/19  2/2 4/8
[36;22m[DEBUG] [39;1msnarkJS[0m: tauG1: fft 19 join  18/19  1/2 3/8
[36;22m[DEBUG] [39;1msnarkJS[0m: tauG1: fft 19 join  18/19  1/2 6/8
[36;22m[DEBUG] [39;1msnarkJS[0m: tauG1: fft 19 join  18/19  1/2 0/8
[36;22m[DEBUG] [39;1msnarkJS[0m: tauG1: fft 19 join  18/19  2/2 0/8
[36;22m[DEBUG] [39;1msnarkJS[0m: tauG1: fft 19 join  18/19  2/2 3/8
[36;22m[DEBUG] [39;1msnarkJS[0m: tauG1: fft 19 join  18/19  2/2 5/8
[36;22m[DEBUG] [39;1msnarkJS[0m: tauG1: fft 19 join  18/19  1/2 4/8
[36;22m[DEBUG] [39;1msnarkJS[0m: tauG1: fft 19 join  18/19  1/2 5/8
[36;22m[DEBUG] [39;1msnarkJS[0m: tauG1: fft 19 join  18/19  1/2 2/8
[36;22m[DEBUG] [39;1msnarkJS[0m: tauG1: fft 19 join  18/19  2/2 7/8
[36;22m[DEBUG] [39;1msnarkJS[0m: tauG1: fft 19 join  18/19  2/2 6/8
[36;22m[DEBUG] [39;1msnarkJS[0m: tauG1: fft 19 join  18/19  2/2 2/8
[36;22m[DEBUG] [39;1msnarkJS[0m: tauG1: fft 19 join  18/19  1/2 7/8
[36;22m[DEBUG] [39;1msnarkJS[0m: tauG1: fft 19 join  18/19  1/2 1/8
[36;22m[DEBUG] [39;1msnarkJS[0m: tauG1: fft  19  join: 19/19
[36;22m[DEBUG] [39;1msnarkJS[0m: tauG1: fft 19 join  19/19  1/1 0/16
[36;22m[DEBUG] [39;1msnarkJS[0m: tauG1: fft 19 join  19/19  1/1 5/16
[36;22m[DEBUG] [39;1msnarkJS[0m: tauG1: fft 19 join  19/19  1/1 11/16
[36;22m[DEBUG] [39;1msnarkJS[0m: tauG1: fft 19 join  19/19  1/1 12/16
[36;22m[DEBUG] [39;1msnarkJS[0m: tauG1: fft 19 join  19/19  1/1 8/16
[36;22m[DEBUG] [39;1msnarkJS[0m: tauG1: fft 19 join  19/19  1/1 3/16
[36;22m[DEBUG] [39;1msnarkJS[0m: tauG1: fft 19 join  19/19  1/1 9/16
[36;22m[DEBUG] [39;1msnarkJS[0m: tauG1: fft 19 join  19/19  1/1 13/16
[36;22m[DEBUG] [39;1msnarkJS[0m: tauG1: fft 19 join  19/19  1/1 6/16
[36;22m[DEBUG] [39;1msnarkJS[0m: tauG1: fft 19 join  19/19  1/1 15/16
[36;22m[DEBUG] [39;1msnarkJS[0m: tauG1: fft 19 join  19/19  1/1 4/16
[36;22m[DEBUG] [39;1msnarkJS[0m: tauG1: fft 19 join  19/19  1/1 14/16
[36;22m[DEBUG] [39;1msnarkJS[0m: tauG1: fft 19 join  19/19  1/1 10/16
[36;22m[DEBUG] [39;1msnarkJS[0m: tauG1: fft 19 join  19/19  1/1 7/16
[36;22m[DEBUG] [39;1msnarkJS[0m: tauG1: fft 19 join  19/19  1/1 2/16
[36;22m[DEBUG] [39;1msnarkJS[0m: tauG1: fft 19 join  19/19  1/1 1/16
[36;22m[DEBUG] [39;1msnarkJS[0m: Starting section: tauG2
[36;22m[DEBUG] [39;1msnarkJS[0m: tauG2: fft 0 mix start: 0/1
[36;22m[DEBUG] [39;1msnarkJS[0m: tauG2: fft 0 mix end: 0/1
[36;22m[DEBUG] [39;1msnarkJS[0m: tauG2: fft 1 mix start: 0/1
[36;22m[DEBUG] [39;1msnarkJS[0m: tauG2: fft 1 mix end: 0/1
[36;22m[DEBUG] [39;1msnarkJS[0m: tauG2: fft 2 mix start: 0/1
[36;22m[DEBUG] [39;1msnarkJS[0m: tauG2: fft 2 mix end: 0/1
[36;22m[DEBUG] [39;1msnarkJS[0m: tauG2: fft 3 mix start: 0/1
[36;22m[DEBUG] [39;1msnarkJS[0m: tauG2: fft 3 mix end: 0/1
[36;22m[DEBUG] [39;1msnarkJS[0m: tauG2: fft 4 mix start: 0/2
[36;22m[DEBUG] [39;1msnarkJS[0m: tauG2: fft 4 mix start: 1/2
[36;22m[DEBUG] [39;1msnarkJS[0m: tauG2: fft 4 mix end: 0/2
[36;22m[DEBUG] [39;1msnarkJS[0m: tauG2: fft 4 mix end: 1/2
[36;22m[DEBUG] [39;1msnarkJS[0m: tauG2: fft  4  join: 4/4
[36;22m[DEBUG] [39;1msnarkJS[0m: tauG2: fft 4 join  4/4  1/1 0/1
[36;22m[DEBUG] [39;1msnarkJS[0m: tauG2: fft 5 mix start: 0/4
[36;22m[DEBUG] [39;1msnarkJS[0m: tauG2: fft 5 mix start: 1/4
[36;22m[DEBUG] [39;1msnarkJS[0m: tauG2: fft 5 mix start: 2/4
[36;22m[DEBUG] [39;1msnarkJS[0m: tauG2: fft 5 mix start: 3/4
[36;22m[DEBUG] [39;1msnarkJS[0m: tauG2: fft 5 mix end: 0/4
[36;22m[DEBUG] [39;1msnarkJS[0m: tauG2: fft 5 mix end: 1/4
[36;22m[DEBUG] [39;1msnarkJS[0m: tauG2: fft 5 mix end: 3/4
[36;22m[DEBUG] [39;1msnarkJS[0m: tauG2: fft 5 mix end: 2/4
[36;22m[DEBUG] [39;1msnarkJS[0m: tauG2: fft  5  join: 4/5
[36;22m[DEBUG] [39;1msnarkJS[0m: tauG2: fft 5 join  4/5  1/2 0/1
[36;22m[DEBUG] [39;1msnarkJS[0m: tauG2: fft 5 join  4/5  2/2 0/1
[36;22m[DEBUG] [39;1msnarkJS[0m: tauG2: fft  5  join: 5/5
[36;22m[DEBUG] [39;1msnarkJS[0m: tauG2: fft 5 join  5/5  1/1 0/2
[36;22m[DEBUG] [39;1msnarkJS[0m: tauG2: fft 5 join  5/5  1/1 1/2
[36;22m[DEBUG] [39;1msnarkJS[0m: tauG2: fft 6 mix start: 0/8
[36;22m[DEBUG] [39;1msnarkJS[0m: tauG2: fft 6 mix start: 1/8
[36;22m[DEBUG] [39;1msnarkJS[0m: tauG2: fft 6 mix start: 2/8
[36;22m[DEBUG] [39;1msnarkJS[0m: tauG2: fft 6 mix start: 3/8
[36;22m[DEBUG] [39;1msnarkJS[0m: tauG2: fft 6 mix start: 4/8
[36;22m[DEBUG] [39;1msnarkJS[0m: tauG2: fft 6 mix start: 5/8
[36;22m[DEBUG] [39;1msnarkJS[0m: tauG2: fft 6 mix start: 6/8
[36;22m[DEBUG] [39;1msnarkJS[0m: tauG2: fft 6 mix start: 7/8
[36;22m[DEBUG] [39;1msnarkJS[0m: tauG2: fft 6 mix end: 0/8
[36;22m[DEBUG] [39;1msnarkJS[0m: tauG2: fft 6 mix end: 1/8
[36;22m[DEBUG] [39;1msnarkJS[0m: tauG2: fft 6 mix end: 3/8
[36;22m[DEBUG] [39;1msnarkJS[0m: tauG2: fft 6 mix end: 4/8
[36;22m[DEBUG] [39;1msnarkJS[0m: tauG2: fft 6 mix end: 5/8
[36;22m[DEBUG] [39;1msnarkJS[0m: tauG2: fft 6 mix end: 6/8
[36;22m[DEBUG] [39;1msnarkJS[0m: tauG2: fft 6 mix end: 7/8
[36;22m[DEBUG] [39;1msnarkJS[0m: tauG2: fft 6 mix end: 2/8
[36;22m[DEBUG] [39;1msnarkJS[0m: tauG2: fft  6  join: 4/6
[36;22m[DEBUG] [39;1msnarkJS[0m: tauG2: fft 6 join  4/6  2/4 0/1
[36;22m[DEBUG] [39;1msnarkJS[0m: tauG2: fft 6 join  4/6  4/4 0/1
[36;22m[DEBUG] [39;1msnarkJS[0m: tauG2: fft 6 join  4/6  1/4 0/1
[36;22m[DEBUG] [39;1msnarkJS[0m: tauG2: fft 6 join  4/6  3/4 0/1
[36;22m[DEBUG] [39;1msnarkJS[0m: tauG2: fft  6  join: 5/6
[36;22m[DEBUG] [39;1msnarkJS[0m: tauG2: fft 6 join  5/6  2/2 0/2
[36;22m[DEBUG] [39;1msnarkJS[0m: tauG2: fft 6 join  5/6  1/2 0/2
[36;22m[DEBUG] [39;1msnarkJS[0m: tauG2: fft 6 join  5/6  1/2 1/2
[36;22m[DEBUG] [39;1msnarkJS[0m: tauG2: fft 6 join  5/6  2/2 1/2
[36;22m[DEBUG] [39;1msnarkJS[0m: tauG2: fft  6  join: 6/6
[36;22m[DEBUG] [39;1msnarkJS[0m: tauG2: fft 6 join  6/6  1/1 0/4
[36;22m[DEBUG] [39;1msnarkJS[0m: tauG2: fft 6 join  6/6  1/1 1/4
[36;22m[DEBUG] [39;1msnarkJS[0m: tauG2: fft 6 join  6/6  1/1 3/4
[36;22m[DEBUG] [39;1msnarkJS[0m: tauG2: fft 6 join  6/6  1/1 2/4
[36;22m[DEBUG] [39;1msnarkJS[0m: tauG2: fft 7 mix start: 0/16
[36;22m[DEBUG] [39;1msnarkJS[0m: tauG2: fft 7 mix start: 1/16
[36;22m[DEBUG] [39;1msnarkJS[0m: tauG2: fft 7 mix start: 2/16
[36;22m[DEBUG] [39;1msnarkJS[0m: tauG2: fft 7 mix start: 3/16
[36;22m[DEBUG] [39;1msnarkJS[0m: tauG2: fft 7 mix start: 4/16
[36;22m[DEBUG] [39;1msnarkJS[0m: tauG2: fft 7 mix start: 5/16
[36;22m[DEBUG] [39;1msnarkJS[0m: tauG2: fft 7 mix start: 6/16
[36;22m[DEBUG] [39;1msnarkJS[0m: tauG2: fft 7 mix start: 7/16
[36;22m[DEBUG] [39;1msnarkJS[0m: tauG2: fft 7 mix start: 8/16
[36;22m[DEBUG] [39;1msnarkJS[0m: tauG2: fft 7 mix start: 9/16
[36;22m[DEBUG] [39;1msnarkJS[0m: tauG2: fft 7 mix start: 10/16
[36;22m[DEBUG] [39;1msnarkJS[0m: tauG2: fft 7 mix start: 11/16
[36;22m[DEBUG] [39;1msnarkJS[0m: tauG2: fft 7 mix start: 12/16
[36;22m[DEBUG] [39;1msnarkJS[0m: tauG2: fft 7 mix start: 13/16
[36;22m[DEBUG] [39;1msnarkJS[0m: tauG2: fft 7 mix start: 14/16
[36;22m[DEBUG] [39;1msnarkJS[0m: tauG2: fft 7 mix start: 15/16
[36;22m[DEBUG] [39;1msnarkJS[0m: tauG2: fft 7 mix end: 1/16
[36;22m[DEBUG] [39;1msnarkJS[0m: tauG2: fft 7 mix end: 2/16
[36;22m[DEBUG] [39;1msnarkJS[0m: tauG2: fft 7 mix end: 3/16
[36;22m[DEBUG] [39;1msnarkJS[0m: tauG2: fft 7 mix end: 4/16
[36;22m[DEBUG] [39;1msnarkJS[0m: tauG2: fft 7 mix end: 12/16
[36;22m[DEBUG] [39;1msnarkJS[0m: tauG2: fft 7 mix end: 0/16
[36;22m[DEBUG] [39;1msnarkJS[0m: tauG2: fft 7 mix end: 6/16
[36;22m[DEBUG] [39;1msnarkJS[0m: tauG2: fft 7 mix end: 9/16
[36;22m[DEBUG] [39;1msnarkJS[0m: tauG2: fft 7 mix end: 10/16
[36;22m[DEBUG] [39;1msnarkJS[0m: tauG2: fft 7 mix end: 13/16
[36;22m[DEBUG] [39;1msnarkJS[0m: tauG2: fft 7 mix end: 14/16
[36;22m[DEBUG] [39;1msnarkJS[0m: tauG2: fft 7 mix end: 15/16
[36;22m[DEBUG] [39;1msnarkJS[0m: tauG2: fft 7 mix end: 5/16
[36;22m[DEBUG] [39;1msnarkJS[0m: tauG2: fft 7 mix end: 8/16
[36;22m[DEBUG] [39;1msnarkJS[0m: tauG2: fft 7 mix end: 11/16
[36;22m[DEBUG] [39;1msnarkJS[0m: tauG2: fft 7 mix end: 7/16
[36;22m[DEBUG] [39;1msnarkJS[0m: tauG2: fft  7  join: 4/7
[36;22m[DEBUG] [39;1msnarkJS[0m: tauG2: fft 7 join  4/7  1/8 0/1
[36;22m[DEBUG] [39;1msnarkJS[0m: tauG2: fft 7 join  4/7  2/8 0/1
[36;22m[DEBUG] [39;1msnarkJS[0m: tauG2: fft 7 join  4/7  3/8 0/1
[36;22m[DEBUG] [39;1msnarkJS[0m: tauG2: fft 7 join  4/7  4/8 0/1
[36;22m[DEBUG] [39;1msnarkJS[0m: tauG2: fft 7 join  4/7  5/8 0/1
[36;22m[DEBUG] [39;1msnarkJS[0m: tauG2: fft 7 join  4/7  6/8 0/1
[36;22m[DEBUG] [39;1msnarkJS[0m: tauG2: fft 7 join  4/7  7/8 0/1
[36;22m[DEBUG] [39;1msnarkJS[0m: tauG2: fft 7 join  4/7  8/8 0/1
[36;22m[DEBUG] [39;1msnarkJS[0m: tauG2: fft  7  join: 5/7
[36;22m[DEBUG] [39;1msnarkJS[0m: tauG2: fft 7 join  5/7  1/4 0/2
[36;22m[DEBUG] [39;1msnarkJS[0m: tauG2: fft 7 join  5/7  2/4 0/2
[36;22m[DEBUG] [39;1msnarkJS[0m: tauG2: fft 7 join  5/7  3/4 0/2
[36;22m[DEBUG] [39;1msnarkJS[0m: tauG2: fft 7 join  5/7  4/4 0/2
[36;22m[DEBUG] [39;1msnarkJS[0m: tauG2: fft 7 join  5/7  1/4 1/2
[36;22m[DEBUG] [39;1msnarkJS[0m: tauG2: fft 7 join  5/7  2/4 1/2
[36;22m[DEBUG] [39;1msnarkJS[0m: tauG2: fft 7 join  5/7  3/4 1/2
[36;22m[DEBUG] [39;1msnarkJS[0m: tauG2: fft 7 join  5/7  4/4 1/2
[36;22m[DEBUG] [39;1msnarkJS[0m: tauG2: fft  7  join: 6/7
[36;22m[DEBUG] [39;1msnarkJS[0m: tauG2: fft 7 join  6/7  1/2 0/4
[36;22m[DEBUG] [39;1msnarkJS[0m: tauG2: fft 7 join  6/7  2/2 0/4
[36;22m[DEBUG] [39;1msnarkJS[0m: tauG2: fft 7 join  6/7  1/2 1/4
[36;22m[DEBUG] [39;1msnarkJS[0m: tauG2: fft 7 join  6/7  2/2 1/4
[36;22m[DEBUG] [39;1msnarkJS[0m: tauG2: fft 7 join  6/7  1/2 3/4
[36;22m[DEBUG] [39;1msnarkJS[0m: tauG2: fft 7 join  6/7  2/2 2/4
[36;22m[DEBUG] [39;1msnarkJS[0m: tauG2: fft 7 join  6/7  2/2 3/4
[36;22m[DEBUG] [39;1msnarkJS[0m: tauG2: fft 7 join  6/7  1/2 2/4
[36;22m[DEBUG] [39;1msnarkJS[0m: tauG2: fft  7  join: 7/7
[36;22m[DEBUG] [39;1msnarkJS[0m: tauG2: fft 7 join  7/7  1/1 0/8
[36;22m[DEBUG] [39;1msnarkJS[0m: tauG2: fft 7 join  7/7  1/1 5/8
[36;22m[DEBUG] [39;1msnarkJS[0m: tauG2: fft 7 join  7/7  1/1 2/8
[36;22m[DEBUG] [39;1msnarkJS[0m: tauG2: fft 7 join  7/7  1/1 1/8
[36;22m[DEBUG] [39;1msnarkJS[0m: tauG2: fft 7 join  7/7  1/1 4/8
[36;22m[DEBUG] [39;1msnarkJS[0m: tauG2: fft 7 join  7/7  1/1 3/8
[36;22m[DEBUG] [39;1msnarkJS[0m: tauG2: fft 7 join  7/7  1/1 6/8
[36;22m[DEBUG] [39;1msnarkJS[0m: tauG2: fft 7 join  7/7  1/1 7/8
[36;22m[DEBUG] [39;1msnarkJS[0m: tauG2: fft 8 mix start: 0/32
[36;22m[DEBUG] [39;1msnarkJS[0m: tauG2: fft 8 mix start: 1/32
[36;22m[DEBUG] [39;1msnarkJS[0m: tauG2: fft 8 mix start: 2/32
[36;22m[DEBUG] [39;1msnarkJS[0m: tauG2: fft 8 mix start: 3/32
[36;22m[DEBUG] [39;1msnarkJS[0m: tauG2: fft 8 mix start: 4/32
[36;22m[DEBUG] [39;1msnarkJS[0m: tauG2: fft 8 mix start: 5/32
[36;22m[DEBUG] [39;1msnarkJS[0m: tauG2: fft 8 mix start: 6/32
[36;22m[DEBUG] [39;1msnarkJS[0m: tauG2: fft 8 mix start: 7/32
[36;22m[DEBUG] [39;1msnarkJS[0m: tauG2: fft 8 mix start: 8/32
[36;22m[DEBUG] [39;1msnarkJS[0m: tauG2: fft 8 mix start: 9/32
[36;22m[DEBUG] [39;1msnarkJS[0m: tauG2: fft 8 mix start: 10/32
[36;22m[DEBUG] [39;1msnarkJS[0m: tauG2: fft 8 mix start: 11/32
[36;22m[DEBUG] [39;1msnarkJS[0m: tauG2: fft 8 mix start: 12/32
[36;22m[DEBUG] [39;1msnarkJS[0m: tauG2: fft 8 mix start: 13/32
[36;22m[DEBUG] [39;1msnarkJS[0m: tauG2: fft 8 mix start: 14/32
[36;22m[DEBUG] [39;1msnarkJS[0m: tauG2: fft 8 mix start: 15/32
[36;22m[DEBUG] [39;1msnarkJS[0m: tauG2: fft 8 mix start: 16/32
[36;22m[DEBUG] [39;1msnarkJS[0m: tauG2: fft 8 mix start: 17/32
[36;22m[DEBUG] [39;1msnarkJS[0m: tauG2: fft 8 mix start: 18/32
[36;22m[DEBUG] [39;1msnarkJS[0m: tauG2: fft 8 mix start: 19/32
[36;22m[DEBUG] [39;1msnarkJS[0m: tauG2: fft 8 mix start: 20/32
[36;22m[DEBUG] [39;1msnarkJS[0m: tauG2: fft 8 mix start: 21/32
[36;22m[DEBUG] [39;1msnarkJS[0m: tauG2: fft 8 mix start: 22/32
[36;22m[DEBUG] [39;1msnarkJS[0m: tauG2: fft 8 mix start: 23/32
[36;22m[DEBUG] [39;1msnarkJS[0m: tauG2: fft 8 mix start: 24/32
[36;22m[DEBUG] [39;1msnarkJS[0m: tauG2: fft 8 mix start: 25/32
[36;22m[DEBUG] [39;1msnarkJS[0m: tauG2: fft 8 mix start: 26/32
[36;22m[DEBUG] [39;1msnarkJS[0m: tauG2: fft 8 mix start: 27/32
[36;22m[DEBUG] [39;1msnarkJS[0m: tauG2: fft 8 mix start: 28/32
[36;22m[DEBUG] [39;1msnarkJS[0m: tauG2: fft 8 mix start: 29/32
[36;22m[DEBUG] [39;1msnarkJS[0m: tauG2: fft 8 mix start: 30/32
[36;22m[DEBUG] [39;1msnarkJS[0m: tauG2: fft 8 mix start: 31/32
[36;22m[DEBUG] [39;1msnarkJS[0m: tauG2: fft 8 mix end: 1/32
[36;22m[DEBUG] [39;1msnarkJS[0m: tauG2: fft 8 mix end: 2/32
[36;22m[DEBUG] [39;1msnarkJS[0m: tauG2: fft 8 mix end: 3/32
[36;22m[DEBUG] [39;1msnarkJS[0m: tauG2: fft 8 mix end: 0/32
[36;22m[DEBUG] [39;1msnarkJS[0m: tauG2: fft 8 mix end: 7/32
[36;22m[DEBUG] [39;1msnarkJS[0m: tauG2: fft 8 mix end: 10/32
[36;22m[DEBUG] [39;1msnarkJS[0m: tauG2: fft 8 mix end: 12/32
[36;22m[DEBUG] [39;1msnarkJS[0m: tauG2: fft 8 mix end: 14/32
[36;22m[DEBUG] [39;1msnarkJS[0m: tauG2: fft 8 mix end: 16/32
[36;22m[DEBUG] [39;1msnarkJS[0m: tauG2: fft 8 mix end: 17/32
[36;22m[DEBUG] [39;1msnarkJS[0m: tauG2: fft 8 mix end: 18/32
[36;22m[DEBUG] [39;1msnarkJS[0m: tauG2: fft 8 mix end: 26/32
[36;22m[DEBUG] [39;1msnarkJS[0m: tauG2: fft 8 mix end: 31/32
[36;22m[DEBUG] [39;1msnarkJS[0m: tauG2: fft 8 mix end: 11/32
[36;22m[DEBUG] [39;1msnarkJS[0m: tauG2: fft 8 mix end: 6/32
[36;22m[DEBUG] [39;1msnarkJS[0m: tauG2: fft 8 mix end: 5/32
[36;22m[DEBUG] [39;1msnarkJS[0m: tauG2: fft 8 mix end: 13/32
[36;22m[DEBUG] [39;1msnarkJS[0m: tauG2: fft 8 mix end: 9/32
[36;22m[DEBUG] [39;1msnarkJS[0m: tauG2: fft 8 mix end: 8/32
[36;22m[DEBUG] [39;1msnarkJS[0m: tauG2: fft 8 mix end: 29/32
[36;22m[DEBUG] [39;1msnarkJS[0m: tauG2: fft 8 mix end: 25/32
[36;22m[DEBUG] [39;1msnarkJS[0m: tauG2: fft 8 mix end: 20/32
[36;22m[DEBUG] [39;1msnarkJS[0m: tauG2: fft 8 mix end: 22/32
[36;22m[DEBUG] [39;1msnarkJS[0m: tauG2: fft 8 mix end: 23/32
[36;22m[DEBUG] [39;1msnarkJS[0m: tauG2: fft 8 mix end: 27/32
[36;22m[DEBUG] [39;1msnarkJS[0m: tauG2: fft 8 mix end: 30/32
[36;22m[DEBUG] [39;1msnarkJS[0m: tauG2: fft 8 mix end: 4/32
[36;22m[DEBUG] [39;1msnarkJS[0m: tauG2: fft 8 mix end: 15/32
[36;22m[DEBUG] [39;1msnarkJS[0m: tauG2: fft 8 mix end: 24/32
[36;22m[DEBUG] [39;1msnarkJS[0m: tauG2: fft 8 mix end: 19/32
[36;22m[DEBUG] [39;1msnarkJS[0m: tauG2: fft 8 mix end: 21/32
[36;22m[DEBUG] [39;1msnarkJS[0m: tauG2: fft 8 mix end: 28/32
[36;22m[DEBUG] [39;1msnarkJS[0m: tauG2: fft  8  join: 4/8
[36;22m[DEBUG] [39;1msnarkJS[0m: tauG2: fft 8 join  4/8  5/16 0/1
[36;22m[DEBUG] [39;1msnarkJS[0m: tauG2: fft 8 join  4/8  7/16 0/1
[36;22m[DEBUG] [39;1msnarkJS[0m: tauG2: fft 8 join  4/8  10/16 0/1
[36;22m[DEBUG] [39;1msnarkJS[0m: tauG2: fft 8 join  4/8  13/16 0/1
[36;22m[DEBUG] [39;1msnarkJS[0m: tauG2: fft 8 join  4/8  14/16 0/1
[36;22m[DEBUG] [39;1msnarkJS[0m: tauG2: fft 8 join  4/8  1/16 0/1
[36;22m[DEBUG] [39;1msnarkJS[0m: tauG2: fft 8 join  4/8  2/16 0/1
[36;22m[DEBUG] [39;1msnarkJS[0m: tauG2: fft 8 join  4/8  3/16 0/1
[36;22m[DEBUG] [39;1msnarkJS[0m: tauG2: fft 8 join  4/8  4/16 0/1
[36;22m[DEBUG] [39;1msnarkJS[0m: tauG2: fft 8 join  4/8  6/16 0/1
[36;22m[DEBUG] [39;1msnarkJS[0m: tauG2: fft 8 join  4/8  8/16 0/1
[36;22m[DEBUG] [39;1msnarkJS[0m: tauG2: fft 8 join  4/8  9/16 0/1
[36;22m[DEBUG] [39;1msnarkJS[0m: tauG2: fft 8 join  4/8  11/16 0/1
[36;22m[DEBUG] [39;1msnarkJS[0m: tauG2: fft 8 join  4/8  12/16 0/1
[36;22m[DEBUG] [39;1msnarkJS[0m: tauG2: fft 8 join  4/8  15/16 0/1
[36;22m[DEBUG] [39;1msnarkJS[0m: tauG2: fft 8 join  4/8  16/16 0/1
[36;22m[DEBUG] [39;1msnarkJS[0m: tauG2: fft  8  join: 5/8
[36;22m[DEBUG] [39;1msnarkJS[0m: tauG2: fft 8 join  5/8  1/8 0/2
[36;22m[DEBUG] [39;1msnarkJS[0m: tauG2: fft 8 join  5/8  2/8 0/2
[36;22m[DEBUG] [39;1msnarkJS[0m: tauG2: fft 8 join  5/8  3/8 0/2
[36;22m[DEBUG] [39;1msnarkJS[0m: tauG2: fft 8 join  5/8  4/8 0/2
[36;22m[DEBUG] [39;1msnarkJS[0m: tauG2: fft 8 join  5/8  5/8 0/2
[36;22m[DEBUG] [39;1msnarkJS[0m: tauG2: fft 8 join  5/8  6/8 0/2
[36;22m[DEBUG] [39;1msnarkJS[0m: tauG2: fft 8 join  5/8  8/8 0/2
[36;22m[DEBUG] [39;1msnarkJS[0m: tauG2: fft 8 join  5/8  7/8 0/2
[36;22m[DEBUG] [39;1msnarkJS[0m: tauG2: fft 8 join  5/8  1/8 1/2
[36;22m[DEBUG] [39;1msnarkJS[0m: tauG2: fft 8 join  5/8  2/8 1/2
[36;22m[DEBUG] [39;1msnarkJS[0m: tauG2: fft 8 join  5/8  3/8 1/2
[36;22m[DEBUG] [39;1msnarkJS[0m: tauG2: fft 8 join  5/8  5/8 1/2
[36;22m[DEBUG] [39;1msnarkJS[0m: tauG2: fft 8 join  5/8  4/8 1/2
[36;22m[DEBUG] [39;1msnarkJS[0m: tauG2: fft 8 join  5/8  7/8 1/2
[36;22m[DEBUG] [39;1msnarkJS[0m: tauG2: fft 8 join  5/8  6/8 1/2
[36;22m[DEBUG] [39;1msnarkJS[0m: tauG2: fft 8 join  5/8  8/8 1/2
[36;22m[DEBUG] [39;1msnarkJS[0m: tauG2: fft  8  join: 6/8
[36;22m[DEBUG] [39;1msnarkJS[0m: tauG2: fft 8 join  6/8  2/4 0/4
[36;22m[DEBUG] [39;1msnarkJS[0m: tauG2: fft 8 join  6/8  1/4 0/4
[36;22m[DEBUG] [39;1msnarkJS[0m: tauG2: fft 8 join  6/8  3/4 0/4
[36;22m[DEBUG] [39;1msnarkJS[0m: tauG2: fft 8 join  6/8  4/4 0/4
[36;22m[DEBUG] [39;1msnarkJS[0m: tauG2: fft 8 join  6/8  1/4 1/4
[36;22m[DEBUG] [39;1msnarkJS[0m: tauG2: fft 8 join  6/8  3/4 1/4
[36;22m[DEBUG] [39;1msnarkJS[0m: tauG2: fft 8 join  6/8  2/4 1/4
[36;22m[DEBUG] [39;1msnarkJS[0m: tauG2: fft 8 join  6/8  3/4 2/4
[36;22m[DEBUG] [39;1msnarkJS[0m: tauG2: fft 8 join  6/8  4/4 2/4
[36;22m[DEBUG] [39;1msnarkJS[0m: tauG2: fft 8 join  6/8  1/4 3/4
[36;22m[DEBUG] [39;1msnarkJS[0m: tauG2: fft 8 join  6/8  4/4 1/4
[36;22m[DEBUG] [39;1msnarkJS[0m: tauG2: fft 8 join  6/8  3/4 3/4
[36;22m[DEBUG] [39;1msnarkJS[0m: tauG2: fft 8 join  6/8  2/4 2/4
[36;22m[DEBUG] [39;1msnarkJS[0m: tauG2: fft 8 join  6/8  2/4 3/4
[36;22m[DEBUG] [39;1msnarkJS[0m: tauG2: fft 8 join  6/8  4/4 3/4
[36;22m[DEBUG] [39;1msnarkJS[0m: tauG2: fft 8 join  6/8  1/4 2/4
[36;22m[DEBUG] [39;1msnarkJS[0m: tauG2: fft  8  join: 7/8
[36;22m[DEBUG] [39;1msnarkJS[0m: tauG2: fft 8 join  7/8  1/2 0/8
[36;22m[DEBUG] [39;1msnarkJS[0m: tauG2: fft 8 join  7/8  2/2 0/8
[36;22m[DEBUG] [39;1msnarkJS[0m: tauG2: fft 8 join  7/8  1/2 5/8
[36;22m[DEBUG] [39;1msnarkJS[0m: tauG2: fft 8 join  7/8  1/2 2/8
[36;22m[DEBUG] [39;1msnarkJS[0m: tauG2: fft 8 join  7/8  2/2 5/8
[36;22m[DEBUG] [39;1msnarkJS[0m: tauG2: fft 8 join  7/8  1/2 1/8
[36;22m[DEBUG] [39;1msnarkJS[0m: tauG2: fft 8 join  7/8  1/2 3/8
[36;22m[DEBUG] [39;1msnarkJS[0m: tauG2: fft 8 join  7/8  1/2 6/8
[36;22m[DEBUG] [39;1msnarkJS[0m: tauG2: fft 8 join  7/8  1/2 7/8
[36;22m[DEBUG] [39;1msnarkJS[0m: tauG2: fft 8 join  7/8  2/2 1/8
[36;22m[DEBUG] [39;1msnarkJS[0m: tauG2: fft 8 join  7/8  2/2 2/8
[36;22m[DEBUG] [39;1msnarkJS[0m: tauG2: fft 8 join  7/8  2/2 3/8
[36;22m[DEBUG] [39;1msnarkJS[0m: tauG2: fft 8 join  7/8  2/2 4/8
[36;22m[DEBUG] [39;1msnarkJS[0m: tauG2: fft 8 join  7/8  2/2 6/8
[36;22m[DEBUG] [39;1msnarkJS[0m: tauG2: fft 8 join  7/8  2/2 7/8
[36;22m[DEBUG] [39;1msnarkJS[0m: tauG2: fft 8 join  7/8  1/2 4/8
[36;22m[DEBUG] [39;1msnarkJS[0m: tauG2: fft  8  join: 8/8
[36;22m[DEBUG] [39;1msnarkJS[0m: tauG2: fft 8 join  8/8  1/1 0/16
[36;22m[DEBUG] [39;1msnarkJS[0m: tauG2: fft 8 join  8/8  1/1 2/16
[36;22m[DEBUG] [39;1msnarkJS[0m: tauG2: fft 8 join  8/8  1/1 4/16
[36;22m[DEBUG] [39;1msnarkJS[0m: tauG2: fft 8 join  8/8  1/1 5/16
[36;22m[DEBUG] [39;1msnarkJS[0m: tauG2: fft 8 join  8/8  1/1 1/16
[36;22m[DEBUG] [39;1msnarkJS[0m: tauG2: fft 8 join  8/8  1/1 6/16
[36;22m[DEBUG] [39;1msnarkJS[0m: tauG2: fft 8 join  8/8  1/1 8/16
[36;22m[DEBUG] [39;1msnarkJS[0m: tauG2: fft 8 join  8/8  1/1 11/16
[36;22m[DEBUG] [39;1msnarkJS[0m: tauG2: fft 8 join  8/8  1/1 14/16
[36;22m[DEBUG] [39;1msnarkJS[0m: tauG2: fft 8 join  8/8  1/1 3/16
[36;22m[DEBUG] [39;1msnarkJS[0m: tauG2: fft 8 join  8/8  1/1 9/16
[36;22m[DEBUG] [39;1msnarkJS[0m: tauG2: fft 8 join  8/8  1/1 10/16
[36;22m[DEBUG] [39;1msnarkJS[0m: tauG2: fft 8 join  8/8  1/1 12/16
[36;22m[DEBUG] [39;1msnarkJS[0m: tauG2: fft 8 join  8/8  1/1 7/16
[36;22m[DEBUG] [39;1msnarkJS[0m: tauG2: fft 8 join  8/8  1/1 15/16
[36;22m[DEBUG] [39;1msnarkJS[0m: tauG2: fft 8 join  8/8  1/1 13/16
[36;22m[DEBUG] [39;1msnarkJS[0m: tauG2: fft 9 mix start: 0/32
[36;22m[DEBUG] [39;1msnarkJS[0m: tauG2: fft 9 mix start: 1/32
[36;22m[DEBUG] [39;1msnarkJS[0m: tauG2: fft 9 mix start: 2/32
[36;22m[DEBUG] [39;1msnarkJS[0m: tauG2: fft 9 mix start: 3/32
[36;22m[DEBUG] [39;1msnarkJS[0m: tauG2: fft 9 mix start: 4/32
[36;22m[DEBUG] [39;1msnarkJS[0m: tauG2: fft 9 mix start: 5/32
[36;22m[DEBUG] [39;1msnarkJS[0m: tauG2: fft 9 mix start: 6/32
[36;22m[DEBUG] [39;1msnarkJS[0m: tauG2: fft 9 mix start: 7/32
[36;22m[DEBUG] [39;1msnarkJS[0m: tauG2: fft 9 mix start: 8/32
[36;22m[DEBUG] [39;1msnarkJS[0m: tauG2: fft 9 mix start: 9/32
[36;22m[DEBUG] [39;1msnarkJS[0m: tauG2: fft 9 mix start: 10/32
[36;22m[DEBUG] [39;1msnarkJS[0m: tauG2: fft 9 mix start: 11/32
[36;22m[DEBUG] [39;1msnarkJS[0m: tauG2: fft 9 mix start: 12/32
[36;22m[DEBUG] [39;1msnarkJS[0m: tauG2: fft 9 mix start: 13/32
[36;22m[DEBUG] [39;1msnarkJS[0m: tauG2: fft 9 mix start: 14/32
[36;22m[DEBUG] [39;1msnarkJS[0m: tauG2: fft 9 mix start: 15/32
[36;22m[DEBUG] [39;1msnarkJS[0m: tauG2: fft 9 mix start: 16/32
[36;22m[DEBUG] [39;1msnarkJS[0m: tauG2: fft 9 mix start: 17/32
[36;22m[DEBUG] [39;1msnarkJS[0m: tauG2: fft 9 mix start: 18/32
[36;22m[DEBUG] [39;1msnarkJS[0m: tauG2: fft 9 mix start: 19/32
[36;22m[DEBUG] [39;1msnarkJS[0m: tauG2: fft 9 mix start: 20/32
[36;22m[DEBUG] [39;1msnarkJS[0m: tauG2: fft 9 mix start: 21/32
[36;22m[DEBUG] [39;1msnarkJS[0m: tauG2: fft 9 mix start: 22/32
[36;22m[DEBUG] [39;1msnarkJS[0m: tauG2: fft 9 mix start: 23/32
[36;22m[DEBUG] [39;1msnarkJS[0m: tauG2: fft 9 mix start: 24/32
[36;22m[DEBUG] [39;1msnarkJS[0m: tauG2: fft 9 mix start: 25/32
[36;22m[DEBUG] [39;1msnarkJS[0m: tauG2: fft 9 mix start: 26/32
[36;22m[DEBUG] [39;1msnarkJS[0m: tauG2: fft 9 mix start: 27/32
[36;22m[DEBUG] [39;1msnarkJS[0m: tauG2: fft 9 mix start: 28/32
[36;22m[DEBUG] [39;1msnarkJS[0m: tauG2: fft 9 mix start: 29/32
[36;22m[DEBUG] [39;1msnarkJS[0m: tauG2: fft 9 mix start: 30/32
[36;22m[DEBUG] [39;1msnarkJS[0m: tauG2: fft 9 mix start: 31/32
[36;22m[DEBUG] [39;1msnarkJS[0m: tauG2: fft 9 mix end: 1/32
[36;22m[DEBUG] [39;1msnarkJS[0m: tauG2: fft 9 mix end: 3/32
[36;22m[DEBUG] [39;1msnarkJS[0m: tauG2: fft 9 mix end: 0/32
[36;22m[DEBUG] [39;1msnarkJS[0m: tauG2: fft 9 mix end: 13/32
[36;22m[DEBUG] [39;1msnarkJS[0m: tauG2: fft 9 mix end: 14/32
[36;22m[DEBUG] [39;1msnarkJS[0m: tauG2: fft 9 mix end: 7/32
[36;22m[DEBUG] [39;1msnarkJS[0m: tauG2: fft 9 mix end: 11/32
[36;22m[DEBUG] [39;1msnarkJS[0m: tauG2: fft 9 mix end: 16/32
[36;22m[DEBUG] [39;1msnarkJS[0m: tauG2: fft 9 mix end: 12/32
[36;22m[DEBUG] [39;1msnarkJS[0m: tauG2: fft 9 mix end: 26/32
[36;22m[DEBUG] [39;1msnarkJS[0m: tauG2: fft 9 mix end: 17/32
[36;22m[DEBUG] [39;1msnarkJS[0m: tauG2: fft 9 mix end: 18/32
[36;22m[DEBUG] [39;1msnarkJS[0m: tauG2: fft 9 mix end: 27/32
[36;22m[DEBUG] [39;1msnarkJS[0m: tauG2: fft 9 mix end: 2/32
[36;22m[DEBUG] [39;1msnarkJS[0m: tauG2: fft 9 mix end: 6/32
[36;22m[DEBUG] [39;1msnarkJS[0m: tauG2: fft 9 mix end: 5/32
[36;22m[DEBUG] [39;1msnarkJS[0m: tauG2: fft 9 mix end: 8/32
[36;22m[DEBUG] [39;1msnarkJS[0m: tauG2: fft 9 mix end: 10/32
[36;22m[DEBUG] [39;1msnarkJS[0m: tauG2: fft 9 mix end: 20/32
[36;22m[DEBUG] [39;1msnarkJS[0m: tauG2: fft 9 mix end: 25/32
[36;22m[DEBUG] [39;1msnarkJS[0m: tauG2: fft 9 mix end: 22/32
[36;22m[DEBUG] [39;1msnarkJS[0m: tauG2: fft 9 mix end: 29/32
[36;22m[DEBUG] [39;1msnarkJS[0m: tauG2: fft 9 mix end: 31/32
[36;22m[DEBUG] [39;1msnarkJS[0m: tauG2: fft 9 mix end: 19/32
[36;22m[DEBUG] [39;1msnarkJS[0m: tauG2: fft 9 mix end: 15/32
[36;22m[DEBUG] [39;1msnarkJS[0m: tauG2: fft 9 mix end: 21/32
[36;22m[DEBUG] [39;1msnarkJS[0m: tauG2: fft 9 mix end: 23/32
[36;22m[DEBUG] [39;1msnarkJS[0m: tauG2: fft 9 mix end: 4/32
[36;22m[DEBUG] [39;1msnarkJS[0m: tauG2: fft 9 mix end: 30/32
[36;22m[DEBUG] [39;1msnarkJS[0m: tauG2: fft 9 mix end: 28/32
[36;22m[DEBUG] [39;1msnarkJS[0m: tauG2: fft 9 mix end: 9/32
[36;22m[DEBUG] [39;1msnarkJS[0m: tauG2: fft 9 mix end: 24/32
[36;22m[DEBUG] [39;1msnarkJS[0m: tauG2: fft  9  join: 5/9
[36;22m[DEBUG] [39;1msnarkJS[0m: tauG2: fft 9 join  5/9  10/16 0/1
[36;22m[DEBUG] [39;1msnarkJS[0m: tauG2: fft 9 join  5/9  2/16 0/1
[36;22m[DEBUG] [39;1msnarkJS[0m: tauG2: fft 9 join  5/9  4/16 0/1
[36;22m[DEBUG] [39;1msnarkJS[0m: tauG2: fft 9 join  5/9  7/16 0/1
[36;22m[DEBUG] [39;1msnarkJS[0m: tauG2: fft 9 join  5/9  14/16 0/1
[36;22m[DEBUG] [39;1msnarkJS[0m: tauG2: fft 9 join  5/9  15/16 0/1
[36;22m[DEBUG] [39;1msnarkJS[0m: tauG2: fft 9 join  5/9  12/16 0/1
[36;22m[DEBUG] [39;1msnarkJS[0m: tauG2: fft 9 join  5/9  1/16 0/1
[36;22m[DEBUG] [39;1msnarkJS[0m: tauG2: fft 9 join  5/9  6/16 0/1
[36;22m[DEBUG] [39;1msnarkJS[0m: tauG2: fft 9 join  5/9  9/16 0/1
[36;22m[DEBUG] [39;1msnarkJS[0m: tauG2: fft 9 join  5/9  11/16 0/1
[36;22m[DEBUG] [39;1msnarkJS[0m: tauG2: fft 9 join  5/9  8/16 0/1
[36;22m[DEBUG] [39;1msnarkJS[0m: tauG2: fft 9 join  5/9  3/16 0/1
[36;22m[DEBUG] [39;1msnarkJS[0m: tauG2: fft 9 join  5/9  5/16 0/1
[36;22m[DEBUG] [39;1msnarkJS[0m: tauG2: fft 9 join  5/9  13/16 0/1
[36;22m[DEBUG] [39;1msnarkJS[0m: tauG2: fft 9 join  5/9  16/16 0/1
[36;22m[DEBUG] [39;1msnarkJS[0m: tauG2: fft  9  join: 6/9
[36;22m[DEBUG] [39;1msnarkJS[0m: tauG2: fft 9 join  6/9  1/8 0/2
[36;22m[DEBUG] [39;1msnarkJS[0m: tauG2: fft 9 join  6/9  4/8 0/2
[36;22m[DEBUG] [39;1msnarkJS[0m: tauG2: fft 9 join  6/9  8/8 0/2
[36;22m[DEBUG] [39;1msnarkJS[0m: tauG2: fft 9 join  6/9  5/8 0/2
[36;22m[DEBUG] [39;1msnarkJS[0m: tauG2: fft 9 join  6/9  6/8 0/2
[36;22m[DEBUG] [39;1msnarkJS[0m: tauG2: fft 9 join  6/9  1/8 1/2
[36;22m[DEBUG] [39;1msnarkJS[0m: tauG2: fft 9 join  6/9  2/8 1/2
[36;22m[DEBUG] [39;1msnarkJS[0m: tauG2: fft 9 join  6/9  7/8 1/2
[36;22m[DEBUG] [39;1msnarkJS[0m: tauG2: fft 9 join  6/9  3/8 1/2
[36;22m[DEBUG] [39;1msnarkJS[0m: tauG2: fft 9 join  6/9  6/8 1/2
[36;22m[DEBUG] [39;1msnarkJS[0m: tauG2: fft 9 join  6/9  4/8 1/2
[36;22m[DEBUG] [39;1msnarkJS[0m: tauG2: fft 9 join  6/9  5/8 1/2
[36;22m[DEBUG] [39;1msnarkJS[0m: tauG2: fft 9 join  6/9  2/8 0/2
[36;22m[DEBUG] [39;1msnarkJS[0m: tauG2: fft 9 join  6/9  3/8 0/2
[36;22m[DEBUG] [39;1msnarkJS[0m: tauG2: fft 9 join  6/9  7/8 0/2
[36;22m[DEBUG] [39;1msnarkJS[0m: tauG2: fft 9 join  6/9  8/8 1/2
[36;22m[DEBUG] [39;1msnarkJS[0m: tauG2: fft  9  join: 7/9
[36;22m[DEBUG] [39;1msnarkJS[0m: tauG2: fft 9 join  7/9  1/4 0/4
[36;22m[DEBUG] [39;1msnarkJS[0m: tauG2: fft 9 join  7/9  3/4 0/4
[36;22m[DEBUG] [39;1msnarkJS[0m: tauG2: fft 9 join  7/9  1/4 3/4
[36;22m[DEBUG] [39;1msnarkJS[0m: tauG2: fft 9 join  7/9  2/4 2/4
[36;22m[DEBUG] [39;1msnarkJS[0m: tauG2: fft 9 join  7/9  3/4 2/4
[36;22m[DEBUG] [39;1msnarkJS[0m: tauG2: fft 9 join  7/9  4/4 2/4
[36;22m[DEBUG] [39;1msnarkJS[0m: tauG2: fft 9 join  7/9  1/4 1/4
[36;22m[DEBUG] [39;1msnarkJS[0m: tauG2: fft 9 join  7/9  4/4 1/4
[36;22m[DEBUG] [39;1msnarkJS[0m: tauG2: fft 9 join  7/9  3/4 3/4
[36;22m[DEBUG] [39;1msnarkJS[0m: tauG2: fft 9 join  7/9  2/4 1/4
[36;22m[DEBUG] [39;1msnarkJS[0m: tauG2: fft 9 join  7/9  3/4 1/4
[36;22m[DEBUG] [39;1msnarkJS[0m: tauG2: fft 9 join  7/9  2/4 3/4
[36;22m[DEBUG] [39;1msnarkJS[0m: tauG2: fft 9 join  7/9  2/4 0/4
[36;22m[DEBUG] [39;1msnarkJS[0m: tauG2: fft 9 join  7/9  4/4 0/4
[36;22m[DEBUG] [39;1msnarkJS[0m: tauG2: fft 9 join  7/9  1/4 2/4
[36;22m[DEBUG] [39;1msnarkJS[0m: tauG2: fft 9 join  7/9  4/4 3/4
[36;22m[DEBUG] [39;1msnarkJS[0m: tauG2: fft  9  join: 8/9
[36;22m[DEBUG] [39;1msnarkJS[0m: tauG2: fft 9 join  8/9  1/2 0/8
[36;22m[DEBUG] [39;1msnarkJS[0m: tauG2: fft 9 join  8/9  2/2 0/8
[36;22m[DEBUG] [39;1msnarkJS[0m: tauG2: fft 9 join  8/9  1/2 5/8
[36;22m[DEBUG] [39;1msnarkJS[0m: tauG2: fft 9 join  8/9  2/2 5/8
[36;22m[DEBUG] [39;1msnarkJS[0m: tauG2: fft 9 join  8/9  1/2 3/8
[36;22m[DEBUG] [39;1msnarkJS[0m: tauG2: fft 9 join  8/9  1/2 6/8
[36;22m[DEBUG] [39;1msnarkJS[0m: tauG2: fft 9 join  8/9  1/2 7/8
[36;22m[DEBUG] [39;1msnarkJS[0m: tauG2: fft 9 join  8/9  1/2 1/8
[36;22m[DEBUG] [39;1msnarkJS[0m: tauG2: fft 9 join  8/9  2/2 1/8
[36;22m[DEBUG] [39;1msnarkJS[0m: tauG2: fft 9 join  8/9  2/2 6/8
[36;22m[DEBUG] [39;1msnarkJS[0m: tauG2: fft 9 join  8/9  2/2 2/8
[36;22m[DEBUG] [39;1msnarkJS[0m: tauG2: fft 9 join  8/9  2/2 3/8
[36;22m[DEBUG] [39;1msnarkJS[0m: tauG2: fft 9 join  8/9  1/2 2/8
[36;22m[DEBUG] [39;1msnarkJS[0m: tauG2: fft 9 join  8/9  2/2 7/8
[36;22m[DEBUG] [39;1msnarkJS[0m: tauG2: fft 9 join  8/9  2/2 4/8
[36;22m[DEBUG] [39;1msnarkJS[0m: tauG2: fft 9 join  8/9  1/2 4/8
[36;22m[DEBUG] [39;1msnarkJS[0m: tauG2: fft  9  join: 9/9
[36;22m[DEBUG] [39;1msnarkJS[0m: tauG2: fft 9 join  9/9  1/1 0/16
[36;22m[DEBUG] [39;1msnarkJS[0m: tauG2: fft 9 join  9/9  1/1 3/16
[36;22m[DEBUG] [39;1msnarkJS[0m: tauG2: fft 9 join  9/9  1/1 2/16
[36;22m[DEBUG] [39;1msnarkJS[0m: tauG2: fft 9 join  9/9  1/1 12/16
[36;22m[DEBUG] [39;1msnarkJS[0m: tauG2: fft 9 join  9/9  1/1 9/16
[36;22m[DEBUG] [39;1msnarkJS[0m: tauG2: fft 9 join  9/9  1/1 8/16
[36;22m[DEBUG] [39;1msnarkJS[0m: tauG2: fft 9 join  9/9  1/1 1/16
[36;22m[DEBUG] [39;1msnarkJS[0m: tauG2: fft 9 join  9/9  1/1 5/16
[36;22m[DEBUG] [39;1msnarkJS[0m: tauG2: fft 9 join  9/9  1/1 14/16
[36;22m[DEBUG] [39;1msnarkJS[0m: tauG2: fft 9 join  9/9  1/1 15/16
[36;22m[DEBUG] [39;1msnarkJS[0m: tauG2: fft 9 join  9/9  1/1 11/16
[36;22m[DEBUG] [39;1msnarkJS[0m: tauG2: fft 9 join  9/9  1/1 10/16
[36;22m[DEBUG] [39;1msnarkJS[0m: tauG2: fft 9 join  9/9  1/1 13/16
[36;22m[DEBUG] [39;1msnarkJS[0m: tauG2: fft 9 join  9/9  1/1 7/16
[36;22m[DEBUG] [39;1msnarkJS[0m: tauG2: fft 9 join  9/9  1/1 6/16
[36;22m[DEBUG] [39;1msnarkJS[0m: tauG2: fft 9 join  9/9  1/1 4/16
[36;22m[DEBUG] [39;1msnarkJS[0m: tauG2: fft 10 mix start: 0/32
[36;22m[DEBUG] [39;1msnarkJS[0m: tauG2: fft 10 mix start: 1/32
[36;22m[DEBUG] [39;1msnarkJS[0m: tauG2: fft 10 mix start: 2/32
[36;22m[DEBUG] [39;1msnarkJS[0m: tauG2: fft 10 mix start: 3/32
[36;22m[DEBUG] [39;1msnarkJS[0m: tauG2: fft 10 mix start: 4/32
[36;22m[DEBUG] [39;1msnarkJS[0m: tauG2: fft 10 mix start: 5/32
[36;22m[DEBUG] [39;1msnarkJS[0m: tauG2: fft 10 mix start: 6/32
[36;22m[DEBUG] [39;1msnarkJS[0m: tauG2: fft 10 mix start: 7/32
[36;22m[DEBUG] [39;1msnarkJS[0m: tauG2: fft 10 mix start: 8/32
[36;22m[DEBUG] [39;1msnarkJS[0m: tauG2: fft 10 mix start: 9/32
[36;22m[DEBUG] [39;1msnarkJS[0m: tauG2: fft 10 mix start: 10/32
[36;22m[DEBUG] [39;1msnarkJS[0m: tauG2: fft 10 mix start: 11/32
[36;22m[DEBUG] [39;1msnarkJS[0m: tauG2: fft 10 mix start: 12/32
[36;22m[DEBUG] [39;1msnarkJS[0m: tauG2: fft 10 mix start: 13/32
[36;22m[DEBUG] [39;1msnarkJS[0m: tauG2: fft 10 mix start: 14/32
[36;22m[DEBUG] [39;1msnarkJS[0m: tauG2: fft 10 mix start: 15/32
[36;22m[DEBUG] [39;1msnarkJS[0m: tauG2: fft 10 mix start: 16/32
[36;22m[DEBUG] [39;1msnarkJS[0m: tauG2: fft 10 mix start: 17/32
[36;22m[DEBUG] [39;1msnarkJS[0m: tauG2: fft 10 mix start: 18/32
[36;22m[DEBUG] [39;1msnarkJS[0m: tauG2: fft 10 mix start: 19/32
[36;22m[DEBUG] [39;1msnarkJS[0m: tauG2: fft 10 mix start: 20/32
[36;22m[DEBUG] [39;1msnarkJS[0m: tauG2: fft 10 mix start: 21/32
[36;22m[DEBUG] [39;1msnarkJS[0m: tauG2: fft 10 mix start: 22/32
[36;22m[DEBUG] [39;1msnarkJS[0m: tauG2: fft 10 mix start: 23/32
[36;22m[DEBUG] [39;1msnarkJS[0m: tauG2: fft 10 mix start: 24/32
[36;22m[DEBUG] [39;1msnarkJS[0m: tauG2: fft 10 mix start: 25/32
[36;22m[DEBUG] [39;1msnarkJS[0m: tauG2: fft 10 mix start: 26/32
[36;22m[DEBUG] [39;1msnarkJS[0m: tauG2: fft 10 mix start: 27/32
[36;22m[DEBUG] [39;1msnarkJS[0m: tauG2: fft 10 mix start: 28/32
[36;22m[DEBUG] [39;1msnarkJS[0m: tauG2: fft 10 mix start: 29/32
[36;22m[DEBUG] [39;1msnarkJS[0m: tauG2: fft 10 mix start: 30/32
[36;22m[DEBUG] [39;1msnarkJS[0m: tauG2: fft 10 mix start: 31/32
[36;22m[DEBUG] [39;1msnarkJS[0m: tauG2: fft 10 mix end: 1/32
[36;22m[DEBUG] [39;1msnarkJS[0m: tauG2: fft 10 mix end: 14/32
[36;22m[DEBUG] [39;1msnarkJS[0m: tauG2: fft 10 mix end: 17/32
[36;22m[DEBUG] [39;1msnarkJS[0m: tauG2: fft 10 mix end: 0/32
[36;22m[DEBUG] [39;1msnarkJS[0m: tauG2: fft 10 mix end: 2/32
[36;22m[DEBUG] [39;1msnarkJS[0m: tauG2: fft 10 mix end: 16/32
[36;22m[DEBUG] [39;1msnarkJS[0m: tauG2: fft 10 mix end: 11/32
[36;22m[DEBUG] [39;1msnarkJS[0m: tauG2: fft 10 mix end: 26/32
[36;22m[DEBUG] [39;1msnarkJS[0m: tauG2: fft 10 mix end: 23/32
[36;22m[DEBUG] [39;1msnarkJS[0m: tauG2: fft 10 mix end: 7/32
[36;22m[DEBUG] [39;1msnarkJS[0m: tauG2: fft 10 mix end: 27/32
[36;22m[DEBUG] [39;1msnarkJS[0m: tauG2: fft 10 mix end: 21/32
[36;22m[DEBUG] [39;1msnarkJS[0m: tauG2: fft 10 mix end: 13/32
[36;22m[DEBUG] [39;1msnarkJS[0m: tauG2: fft 10 mix end: 15/32
[36;22m[DEBUG] [39;1msnarkJS[0m: tauG2: fft 10 mix end: 28/32
[36;22m[DEBUG] [39;1msnarkJS[0m: tauG2: fft 10 mix end: 10/32
[36;22m[DEBUG] [39;1msnarkJS[0m: tauG2: fft 10 mix end: 12/32
[36;22m[DEBUG] [39;1msnarkJS[0m: tauG2: fft 10 mix end: 9/32
[36;22m[DEBUG] [39;1msnarkJS[0m: tauG2: fft 10 mix end: 6/32
[36;22m[DEBUG] [39;1msnarkJS[0m: tauG2: fft 10 mix end: 3/32
[36;22m[DEBUG] [39;1msnarkJS[0m: tauG2: fft 10 mix end: 8/32
[36;22m[DEBUG] [39;1msnarkJS[0m: tauG2: fft 10 mix end: 5/32
[36;22m[DEBUG] [39;1msnarkJS[0m: tauG2: fft 10 mix end: 19/32
[36;22m[DEBUG] [39;1msnarkJS[0m: tauG2: fft 10 mix end: 20/32
[36;22m[DEBUG] [39;1msnarkJS[0m: tauG2: fft 10 mix end: 18/32
[36;22m[DEBUG] [39;1msnarkJS[0m: tauG2: fft 10 mix end: 22/32
[36;22m[DEBUG] [39;1msnarkJS[0m: tauG2: fft 10 mix end: 25/32
[36;22m[DEBUG] [39;1msnarkJS[0m: tauG2: fft 10 mix end: 31/32
[36;22m[DEBUG] [39;1msnarkJS[0m: tauG2: fft 10 mix end: 24/32
[36;22m[DEBUG] [39;1msnarkJS[0m: tauG2: fft 10 mix end: 29/32
[36;22m[DEBUG] [39;1msnarkJS[0m: tauG2: fft 10 mix end: 4/32
[36;22m[DEBUG] [39;1msnarkJS[0m: tauG2: fft 10 mix end: 30/32
[36;22m[DEBUG] [39;1msnarkJS[0m: tauG2: fft  10  join: 6/10
[36;22m[DEBUG] [39;1msnarkJS[0m: tauG2: fft 10 join  6/10  4/16 0/1
[36;22m[DEBUG] [39;1msnarkJS[0m: tauG2: fft 10 join  6/10  5/16 0/1
[36;22m[DEBUG] [39;1msnarkJS[0m: tauG2: fft 10 join  6/10  6/16 0/1
[36;22m[DEBUG] [39;1msnarkJS[0m: tauG2: fft 10 join  6/10  9/16 0/1
[36;22m[DEBUG] [39;1msnarkJS[0m: tauG2: fft 10 join  6/10  10/16 0/1
[36;22m[DEBUG] [39;1msnarkJS[0m: tauG2: fft 10 join  6/10  13/16 0/1
[36;22m[DEBUG] [39;1msnarkJS[0m: tauG2: fft 10 join  6/10  15/16 0/1
[36;22m[DEBUG] [39;1msnarkJS[0m: tauG2: fft 10 join  6/10  1/16 0/1
[36;22m[DEBUG] [39;1msnarkJS[0m: tauG2: fft 10 join  6/10  2/16 0/1
[36;22m[DEBUG] [39;1msnarkJS[0m: tauG2: fft 10 join  6/10  3/16 0/1
[36;22m[DEBUG] [39;1msnarkJS[0m: tauG2: fft 10 join  6/10  7/16 0/1
[36;22m[DEBUG] [39;1msnarkJS[0m: tauG2: fft 10 join  6/10  11/16 0/1
[36;22m[DEBUG] [39;1msnarkJS[0m: tauG2: fft 10 join  6/10  12/16 0/1
[36;22m[DEBUG] [39;1msnarkJS[0m: tauG2: fft 10 join  6/10  8/16 0/1
[36;22m[DEBUG] [39;1msnarkJS[0m: tauG2: fft 10 join  6/10  14/16 0/1
[36;22m[DEBUG] [39;1msnarkJS[0m: tauG2: fft 10 join  6/10  16/16 0/1
[36;22m[DEBUG] [39;1msnarkJS[0m: tauG2: fft  10  join: 7/10
[36;22m[DEBUG] [39;1msnarkJS[0m: tauG2: fft 10 join  7/10  1/8 0/2
[36;22m[DEBUG] [39;1msnarkJS[0m: tauG2: fft 10 join  7/10  2/8 0/2
[36;22m[DEBUG] [39;1msnarkJS[0m: tauG2: fft 10 join  7/10  3/8 0/2
[36;22m[DEBUG] [39;1msnarkJS[0m: tauG2: fft 10 join  7/10  4/8 0/2
[36;22m[DEBUG] [39;1msnarkJS[0m: tauG2: fft 10 join  7/10  5/8 0/2
[36;22m[DEBUG] [39;1msnarkJS[0m: tauG2: fft 10 join  7/10  7/8 0/2
[36;22m[DEBUG] [39;1msnarkJS[0m: tauG2: fft 10 join  7/10  8/8 0/2
[36;22m[DEBUG] [39;1msnarkJS[0m: tauG2: fft 10 join  7/10  6/8 0/2
[36;22m[DEBUG] [39;1msnarkJS[0m: tauG2: fft 10 join  7/10  2/8 1/2
[36;22m[DEBUG] [39;1msnarkJS[0m: tauG2: fft 10 join  7/10  3/8 1/2
[36;22m[DEBUG] [39;1msnarkJS[0m: tauG2: fft 10 join  7/10  1/8 1/2
[36;22m[DEBUG] [39;1msnarkJS[0m: tauG2: fft 10 join  7/10  5/8 1/2
[36;22m[DEBUG] [39;1msnarkJS[0m: tauG2: fft 10 join  7/10  4/8 1/2
[36;22m[DEBUG] [39;1msnarkJS[0m: tauG2: fft 10 join  7/10  6/8 1/2
[36;22m[DEBUG] [39;1msnarkJS[0m: tauG2: fft 10 join  7/10  7/8 1/2
[36;22m[DEBUG] [39;1msnarkJS[0m: tauG2: fft 10 join  7/10  8/8 1/2
[36;22m[DEBUG] [39;1msnarkJS[0m: tauG2: fft  10  join: 8/10
[36;22m[DEBUG] [39;1msnarkJS[0m: tauG2: fft 10 join  8/10  2/4 0/4
[36;22m[DEBUG] [39;1msnarkJS[0m: tauG2: fft 10 join  8/10  1/4 0/4
[36;22m[DEBUG] [39;1msnarkJS[0m: tauG2: fft 10 join  8/10  3/4 0/4
[36;22m[DEBUG] [39;1msnarkJS[0m: tauG2: fft 10 join  8/10  1/4 2/4
[36;22m[DEBUG] [39;1msnarkJS[0m: tauG2: fft 10 join  8/10  1/4 3/4
[36;22m[DEBUG] [39;1msnarkJS[0m: tauG2: fft 10 join  8/10  2/4 2/4
[36;22m[DEBUG] [39;1msnarkJS[0m: tauG2: fft 10 join  8/10  1/4 1/4
[36;22m[DEBUG] [39;1msnarkJS[0m: tauG2: fft 10 join  8/10  4/4 2/4
[36;22m[DEBUG] [39;1msnarkJS[0m: tauG2: fft 10 join  8/10  3/4 2/4
[36;22m[DEBUG] [39;1msnarkJS[0m: tauG2: fft 10 join  8/10  4/4 1/4
[36;22m[DEBUG] [39;1msnarkJS[0m: tauG2: fft 10 join  8/10  2/4 1/4
[36;22m[DEBUG] [39;1msnarkJS[0m: tauG2: fft 10 join  8/10  3/4 3/4
[36;22m[DEBUG] [39;1msnarkJS[0m: tauG2: fft 10 join  8/10  3/4 1/4
[36;22m[DEBUG] [39;1msnarkJS[0m: tauG2: fft 10 join  8/10  2/4 3/4
[36;22m[DEBUG] [39;1msnarkJS[0m: tauG2: fft 10 join  8/10  4/4 0/4
[36;22m[DEBUG] [39;1msnarkJS[0m: tauG2: fft 10 join  8/10  4/4 3/4
[36;22m[DEBUG] [39;1msnarkJS[0m: tauG2: fft  10  join: 9/10
[36;22m[DEBUG] [39;1msnarkJS[0m: tauG2: fft 10 join  9/10  1/2 0/8
[36;22m[DEBUG] [39;1msnarkJS[0m: tauG2: fft 10 join  9/10  2/2 0/8
[36;22m[DEBUG] [39;1msnarkJS[0m: tauG2: fft 10 join  9/10  1/2 4/8
[36;22m[DEBUG] [39;1msnarkJS[0m: tauG2: fft 10 join  9/10  1/2 1/8
[36;22m[DEBUG] [39;1msnarkJS[0m: tauG2: fft 10 join  9/10  1/2 2/8
[36;22m[DEBUG] [39;1msnarkJS[0m: tauG2: fft 10 join  9/10  1/2 5/8
[36;22m[DEBUG] [39;1msnarkJS[0m: tauG2: fft 10 join  9/10  1/2 6/8
[36;22m[DEBUG] [39;1msnarkJS[0m: tauG2: fft 10 join  9/10  2/2 5/8
[36;22m[DEBUG] [39;1msnarkJS[0m: tauG2: fft 10 join  9/10  2/2 6/8
[36;22m[DEBUG] [39;1msnarkJS[0m: tauG2: fft 10 join  9/10  1/2 3/8
[36;22m[DEBUG] [39;1msnarkJS[0m: tauG2: fft 10 join  9/10  2/2 1/8
[36;22m[DEBUG] [39;1msnarkJS[0m: tauG2: fft 10 join  9/10  2/2 2/8
[36;22m[DEBUG] [39;1msnarkJS[0m: tauG2: fft 10 join  9/10  2/2 3/8
[36;22m[DEBUG] [39;1msnarkJS[0m: tauG2: fft 10 join  9/10  1/2 7/8
[36;22m[DEBUG] [39;1msnarkJS[0m: tauG2: fft 10 join  9/10  2/2 4/8
[36;22m[DEBUG] [39;1msnarkJS[0m: tauG2: fft 10 join  9/10  2/2 7/8
[36;22m[DEBUG] [39;1msnarkJS[0m: tauG2: fft  10  join: 10/10
[36;22m[DEBUG] [39;1msnarkJS[0m: tauG2: fft 10 join  10/10  1/1 0/16
[36;22m[DEBUG] [39;1msnarkJS[0m: tauG2: fft 10 join  10/10  1/1 4/16
[36;22m[DEBUG] [39;1msnarkJS[0m: tauG2: fft 10 join  10/10  1/1 12/16
[36;22m[DEBUG] [39;1msnarkJS[0m: tauG2: fft 10 join  10/10  1/1 3/16
[36;22m[DEBUG] [39;1msnarkJS[0m: tauG2: fft 10 join  10/10  1/1 5/16
[36;22m[DEBUG] [39;1msnarkJS[0m: tauG2: fft 10 join  10/10  1/1 8/16
[36;22m[DEBUG] [39;1msnarkJS[0m: tauG2: fft 10 join  10/10  1/1 14/16
[36;22m[DEBUG] [39;1msnarkJS[0m: tauG2: fft 10 join  10/10  1/1 1/16
[36;22m[DEBUG] [39;1msnarkJS[0m: tauG2: fft 10 join  10/10  1/1 2/16
[36;22m[DEBUG] [39;1msnarkJS[0m: tauG2: fft 10 join  10/10  1/1 11/16
[36;22m[DEBUG] [39;1msnarkJS[0m: tauG2: fft 10 join  10/10  1/1 10/16
[36;22m[DEBUG] [39;1msnarkJS[0m: tauG2: fft 10 join  10/10  1/1 9/16
[36;22m[DEBUG] [39;1msnarkJS[0m: tauG2: fft 10 join  10/10  1/1 13/16
[36;22m[DEBUG] [39;1msnarkJS[0m: tauG2: fft 10 join  10/10  1/1 7/16
[36;22m[DEBUG] [39;1msnarkJS[0m: tauG2: fft 10 join  10/10  1/1 6/16
[36;22m[DEBUG] [39;1msnarkJS[0m: tauG2: fft 10 join  10/10  1/1 15/16
[36;22m[DEBUG] [39;1msnarkJS[0m: tauG2: fft 11 mix start: 0/32
[36;22m[DEBUG] [39;1msnarkJS[0m: tauG2: fft 11 mix start: 1/32
[36;22m[DEBUG] [39;1msnarkJS[0m: tauG2: fft 11 mix start: 2/32
[36;22m[DEBUG] [39;1msnarkJS[0m: tauG2: fft 11 mix start: 3/32
[36;22m[DEBUG] [39;1msnarkJS[0m: tauG2: fft 11 mix start: 4/32
[36;22m[DEBUG] [39;1msnarkJS[0m: tauG2: fft 11 mix start: 5/32
[36;22m[DEBUG] [39;1msnarkJS[0m: tauG2: fft 11 mix start: 6/32
[36;22m[DEBUG] [39;1msnarkJS[0m: tauG2: fft 11 mix start: 7/32
[36;22m[DEBUG] [39;1msnarkJS[0m: tauG2: fft 11 mix start: 8/32
[36;22m[DEBUG] [39;1msnarkJS[0m: tauG2: fft 11 mix start: 9/32
[36;22m[DEBUG] [39;1msnarkJS[0m: tauG2: fft 11 mix start: 10/32
[36;22m[DEBUG] [39;1msnarkJS[0m: tauG2: fft 11 mix start: 11/32
[36;22m[DEBUG] [39;1msnarkJS[0m: tauG2: fft 11 mix start: 12/32
[36;22m[DEBUG] [39;1msnarkJS[0m: tauG2: fft 11 mix start: 13/32
[36;22m[DEBUG] [39;1msnarkJS[0m: tauG2: fft 11 mix start: 14/32
[36;22m[DEBUG] [39;1msnarkJS[0m: tauG2: fft 11 mix start: 15/32
[36;22m[DEBUG] [39;1msnarkJS[0m: tauG2: fft 11 mix start: 16/32
[36;22m[DEBUG] [39;1msnarkJS[0m: tauG2: fft 11 mix start: 17/32
[36;22m[DEBUG] [39;1msnarkJS[0m: tauG2: fft 11 mix start: 18/32
[36;22m[DEBUG] [39;1msnarkJS[0m: tauG2: fft 11 mix start: 19/32
[36;22m[DEBUG] [39;1msnarkJS[0m: tauG2: fft 11 mix start: 20/32
[36;22m[DEBUG] [39;1msnarkJS[0m: tauG2: fft 11 mix start: 21/32
[36;22m[DEBUG] [39;1msnarkJS[0m: tauG2: fft 11 mix start: 22/32
[36;22m[DEBUG] [39;1msnarkJS[0m: tauG2: fft 11 mix start: 23/32
[36;22m[DEBUG] [39;1msnarkJS[0m: tauG2: fft 11 mix start: 24/32
[36;22m[DEBUG] [39;1msnarkJS[0m: tauG2: fft 11 mix start: 25/32
[36;22m[DEBUG] [39;1msnarkJS[0m: tauG2: fft 11 mix start: 26/32
[36;22m[DEBUG] [39;1msnarkJS[0m: tauG2: fft 11 mix start: 27/32
[36;22m[DEBUG] [39;1msnarkJS[0m: tauG2: fft 11 mix start: 28/32
[36;22m[DEBUG] [39;1msnarkJS[0m: tauG2: fft 11 mix start: 29/32
[36;22m[DEBUG] [39;1msnarkJS[0m: tauG2: fft 11 mix start: 30/32
[36;22m[DEBUG] [39;1msnarkJS[0m: tauG2: fft 11 mix start: 31/32
[36;22m[DEBUG] [39;1msnarkJS[0m: tauG2: fft 11 mix end: 16/32
[36;22m[DEBUG] [39;1msnarkJS[0m: tauG2: fft 11 mix end: 14/32
[36;22m[DEBUG] [39;1msnarkJS[0m: tauG2: fft 11 mix end: 0/32
[36;22m[DEBUG] [39;1msnarkJS[0m: tauG2: fft 11 mix end: 2/32
[36;22m[DEBUG] [39;1msnarkJS[0m: tauG2: fft 11 mix end: 11/32
[36;22m[DEBUG] [39;1msnarkJS[0m: tauG2: fft 11 mix end: 27/32
[36;22m[DEBUG] [39;1msnarkJS[0m: tauG2: fft 11 mix end: 21/32
[36;22m[DEBUG] [39;1msnarkJS[0m: tauG2: fft 11 mix end: 7/32
[36;22m[DEBUG] [39;1msnarkJS[0m: tauG2: fft 11 mix end: 24/32
[36;22m[DEBUG] [39;1msnarkJS[0m: tauG2: fft 11 mix end: 4/32
[36;22m[DEBUG] [39;1msnarkJS[0m: tauG2: fft 11 mix end: 17/32
[36;22m[DEBUG] [39;1msnarkJS[0m: tauG2: fft 11 mix end: 30/32
[36;22m[DEBUG] [39;1msnarkJS[0m: tauG2: fft 11 mix end: 1/32
[36;22m[DEBUG] [39;1msnarkJS[0m: tauG2: fft 11 mix end: 5/32
[36;22m[DEBUG] [39;1msnarkJS[0m: tauG2: fft 11 mix end: 26/32
[36;22m[DEBUG] [39;1msnarkJS[0m: tauG2: fft 11 mix end: 20/32
[36;22m[DEBUG] [39;1msnarkJS[0m: tauG2: fft 11 mix end: 8/32
[36;22m[DEBUG] [39;1msnarkJS[0m: tauG2: fft 11 mix end: 22/32
[36;22m[DEBUG] [39;1msnarkJS[0m: tauG2: fft 11 mix end: 23/32
[36;22m[DEBUG] [39;1msnarkJS[0m: tauG2: fft 11 mix end: 6/32
[36;22m[DEBUG] [39;1msnarkJS[0m: tauG2: fft 11 mix end: 13/32
[36;22m[DEBUG] [39;1msnarkJS[0m: tauG2: fft 11 mix end: 9/32
[36;22m[DEBUG] [39;1msnarkJS[0m: tauG2: fft 11 mix end: 25/32
[36;22m[DEBUG] [39;1msnarkJS[0m: tauG2: fft 11 mix end: 3/32
[36;22m[DEBUG] [39;1msnarkJS[0m: tauG2: fft 11 mix end: 29/32
[36;22m[DEBUG] [39;1msnarkJS[0m: tauG2: fft 11 mix end: 12/32
[36;22m[DEBUG] [39;1msnarkJS[0m: tauG2: fft 11 mix end: 10/32
[36;22m[DEBUG] [39;1msnarkJS[0m: tauG2: fft 11 mix end: 19/32
[36;22m[DEBUG] [39;1msnarkJS[0m: tauG2: fft 11 mix end: 15/32
[36;22m[DEBUG] [39;1msnarkJS[0m: tauG2: fft 11 mix end: 18/32
[36;22m[DEBUG] [39;1msnarkJS[0m: tauG2: fft 11 mix end: 31/32
[36;22m[DEBUG] [39;1msnarkJS[0m: tauG2: fft 11 mix end: 28/32
[36;22m[DEBUG] [39;1msnarkJS[0m: tauG2: fft  11  join: 7/11
[36;22m[DEBUG] [39;1msnarkJS[0m: tauG2: fft 11 join  7/11  10/16 0/1
[36;22m[DEBUG] [39;1msnarkJS[0m: tauG2: fft 11 join  7/11  4/16 0/1
[36;22m[DEBUG] [39;1msnarkJS[0m: tauG2: fft 11 join  7/11  9/16 0/1
[36;22m[DEBUG] [39;1msnarkJS[0m: tauG2: fft 11 join  7/11  15/16 0/1
[36;22m[DEBUG] [39;1msnarkJS[0m: tauG2: fft 11 join  7/11  1/16 0/1
[36;22m[DEBUG] [39;1msnarkJS[0m: tauG2: fft 11 join  7/11  5/16 0/1
[36;22m[DEBUG] [39;1msnarkJS[0m: tauG2: fft 11 join  7/11  6/16 0/1
[36;22m[DEBUG] [39;1msnarkJS[0m: tauG2: fft 11 join  7/11  7/16 0/1
[36;22m[DEBUG] [39;1msnarkJS[0m: tauG2: fft 11 join  7/11  14/16 0/1
[36;22m[DEBUG] [39;1msnarkJS[0m: tauG2: fft 11 join  7/11  2/16 0/1
[36;22m[DEBUG] [39;1msnarkJS[0m: tauG2: fft 11 join  7/11  3/16 0/1
[36;22m[DEBUG] [39;1msnarkJS[0m: tauG2: fft 11 join  7/11  11/16 0/1
[36;22m[DEBUG] [39;1msnarkJS[0m: tauG2: fft 11 join  7/11  12/16 0/1
[36;22m[DEBUG] [39;1msnarkJS[0m: tauG2: fft 11 join  7/11  8/16 0/1
[36;22m[DEBUG] [39;1msnarkJS[0m: tauG2: fft 11 join  7/11  13/16 0/1
[36;22m[DEBUG] [39;1msnarkJS[0m: tauG2: fft 11 join  7/11  16/16 0/1
[36;22m[DEBUG] [39;1msnarkJS[0m: tauG2: fft  11  join: 8/11
[36;22m[DEBUG] [39;1msnarkJS[0m: tauG2: fft 11 join  8/11  1/8 0/2
[36;22m[DEBUG] [39;1msnarkJS[0m: tauG2: fft 11 join  8/11  3/8 0/2
[36;22m[DEBUG] [39;1msnarkJS[0m: tauG2: fft 11 join  8/11  2/8 0/2
[36;22m[DEBUG] [39;1msnarkJS[0m: tauG2: fft 11 join  8/11  8/8 0/2
[36;22m[DEBUG] [39;1msnarkJS[0m: tauG2: fft 11 join  8/11  5/8 0/2
[36;22m[DEBUG] [39;1msnarkJS[0m: tauG2: fft 11 join  8/11  4/8 0/2
[36;22m[DEBUG] [39;1msnarkJS[0m: tauG2: fft 11 join  8/11  6/8 0/2
[36;22m[DEBUG] [39;1msnarkJS[0m: tauG2: fft 11 join  8/11  2/8 1/2
[36;22m[DEBUG] [39;1msnarkJS[0m: tauG2: fft 11 join  8/11  1/8 1/2
[36;22m[DEBUG] [39;1msnarkJS[0m: tauG2: fft 11 join  8/11  7/8 1/2
[36;22m[DEBUG] [39;1msnarkJS[0m: tauG2: fft 11 join  8/11  3/8 1/2
[36;22m[DEBUG] [39;1msnarkJS[0m: tauG2: fft 11 join  8/11  5/8 1/2
[36;22m[DEBUG] [39;1msnarkJS[0m: tauG2: fft 11 join  8/11  6/8 1/2
[36;22m[DEBUG] [39;1msnarkJS[0m: tauG2: fft 11 join  8/11  4/8 1/2
[36;22m[DEBUG] [39;1msnarkJS[0m: tauG2: fft 11 join  8/11  7/8 0/2
[36;22m[DEBUG] [39;1msnarkJS[0m: tauG2: fft 11 join  8/11  8/8 1/2
[36;22m[DEBUG] [39;1msnarkJS[0m: tauG2: fft  11  join: 9/11
[36;22m[DEBUG] [39;1msnarkJS[0m: tauG2: fft 11 join  9/11  2/4 0/4
[36;22m[DEBUG] [39;1msnarkJS[0m: tauG2: fft 11 join  9/11  1/4 0/4
[36;22m[DEBUG] [39;1msnarkJS[0m: tauG2: fft 11 join  9/11  3/4 0/4
[36;22m[DEBUG] [39;1msnarkJS[0m: tauG2: fft 11 join  9/11  1/4 2/4
[36;22m[DEBUG] [39;1msnarkJS[0m: tauG2: fft 11 join  9/11  2/4 2/4
[36;22m[DEBUG] [39;1msnarkJS[0m: tauG2: fft 11 join  9/11  1/4 3/4
[36;22m[DEBUG] [39;1msnarkJS[0m: tauG2: fft 11 join  9/11  4/4 2/4
[36;22m[DEBUG] [39;1msnarkJS[0m: tauG2: fft 11 join  9/11  3/4 2/4
[36;22m[DEBUG] [39;1msnarkJS[0m: tauG2: fft 11 join  9/11  4/4 1/4
[36;22m[DEBUG] [39;1msnarkJS[0m: tauG2: fft 11 join  9/11  1/4 1/4
[36;22m[DEBUG] [39;1msnarkJS[0m: tauG2: fft 11 join  9/11  2/4 1/4
[36;22m[DEBUG] [39;1msnarkJS[0m: tauG2: fft 11 join  9/11  3/4 1/4
[36;22m[DEBUG] [39;1msnarkJS[0m: tauG2: fft 11 join  9/11  3/4 3/4
[36;22m[DEBUG] [39;1msnarkJS[0m: tauG2: fft 11 join  9/11  2/4 3/4
[36;22m[DEBUG] [39;1msnarkJS[0m: tauG2: fft 11 join  9/11  4/4 0/4
[36;22m[DEBUG] [39;1msnarkJS[0m: tauG2: fft 11 join  9/11  4/4 3/4
[36;22m[DEBUG] [39;1msnarkJS[0m: tauG2: fft  11  join: 10/11
[36;22m[DEBUG] [39;1msnarkJS[0m: tauG2: fft 11 join  10/11  1/2 0/8
[36;22m[DEBUG] [39;1msnarkJS[0m: tauG2: fft 11 join  10/11  2/2 0/8
[36;22m[DEBUG] [39;1msnarkJS[0m: tauG2: fft 11 join  10/11  1/2 5/8
[36;22m[DEBUG] [39;1msnarkJS[0m: tauG2: fft 11 join  10/11  2/2 5/8
[36;22m[DEBUG] [39;1msnarkJS[0m: tauG2: fft 11 join  10/11  1/2 6/8
[36;22m[DEBUG] [39;1msnarkJS[0m: tauG2: fft 11 join  10/11  2/2 6/8
[36;22m[DEBUG] [39;1msnarkJS[0m: tauG2: fft 11 join  10/11  1/2 1/8
[36;22m[DEBUG] [39;1msnarkJS[0m: tauG2: fft 11 join  10/11  1/2 4/8
[36;22m[DEBUG] [39;1msnarkJS[0m: tauG2: fft 11 join  10/11  1/2 3/8
[36;22m[DEBUG] [39;1msnarkJS[0m: tauG2: fft 11 join  10/11  2/2 2/8
[36;22m[DEBUG] [39;1msnarkJS[0m: tauG2: fft 11 join  10/11  1/2 2/8
[36;22m[DEBUG] [39;1msnarkJS[0m: tauG2: fft 11 join  10/11  2/2 1/8
[36;22m[DEBUG] [39;1msnarkJS[0m: tauG2: fft 11 join  10/11  2/2 3/8
[36;22m[DEBUG] [39;1msnarkJS[0m: tauG2: fft 11 join  10/11  1/2 7/8
[36;22m[DEBUG] [39;1msnarkJS[0m: tauG2: fft 11 join  10/11  2/2 7/8
[36;22m[DEBUG] [39;1msnarkJS[0m: tauG2: fft 11 join  10/11  2/2 4/8
[36;22m[DEBUG] [39;1msnarkJS[0m: tauG2: fft  11  join: 11/11
[36;22m[DEBUG] [39;1msnarkJS[0m: tauG2: fft 11 join  11/11  1/1 0/16
[36;22m[DEBUG] [39;1msnarkJS[0m: tauG2: fft 11 join  11/11  1/1 4/16
[36;22m[DEBUG] [39;1msnarkJS[0m: tauG2: fft 11 join  11/11  1/1 3/16
[36;22m[DEBUG] [39;1msnarkJS[0m: tauG2: fft 11 join  11/11  1/1 6/16
[36;22m[DEBUG] [39;1msnarkJS[0m: tauG2: fft 11 join  11/11  1/1 8/16
[36;22m[DEBUG] [39;1msnarkJS[0m: tauG2: fft 11 join  11/11  1/1 14/16
[36;22m[DEBUG] [39;1msnarkJS[0m: tauG2: fft 11 join  11/11  1/1 5/16
[36;22m[DEBUG] [39;1msnarkJS[0m: tauG2: fft 11 join  11/11  1/1 2/16
[36;22m[DEBUG] [39;1msnarkJS[0m: tauG2: fft 11 join  11/11  1/1 9/16
[36;22m[DEBUG] [39;1msnarkJS[0m: tauG2: fft 11 join  11/11  1/1 12/16
[36;22m[DEBUG] [39;1msnarkJS[0m: tauG2: fft 11 join  11/11  1/1 10/16
[36;22m[DEBUG] [39;1msnarkJS[0m: tauG2: fft 11 join  11/11  1/1 11/16
[36;22m[DEBUG] [39;1msnarkJS[0m: tauG2: fft 11 join  11/11  1/1 7/16
[36;22m[DEBUG] [39;1msnarkJS[0m: tauG2: fft 11 join  11/11  1/1 1/16
[36;22m[DEBUG] [39;1msnarkJS[0m: tauG2: fft 11 join  11/11  1/1 15/16
[36;22m[DEBUG] [39;1msnarkJS[0m: tauG2: fft 11 join  11/11  1/1 13/16
[36;22m[DEBUG] [39;1msnarkJS[0m: tauG2: fft 12 mix start: 0/32
[36;22m[DEBUG] [39;1msnarkJS[0m: tauG2: fft 12 mix start: 1/32
[36;22m[DEBUG] [39;1msnarkJS[0m: tauG2: fft 12 mix start: 2/32
[36;22m[DEBUG] [39;1msnarkJS[0m: tauG2: fft 12 mix start: 3/32
[36;22m[DEBUG] [39;1msnarkJS[0m: tauG2: fft 12 mix start: 4/32
[36;22m[DEBUG] [39;1msnarkJS[0m: tauG2: fft 12 mix start: 5/32
[36;22m[DEBUG] [39;1msnarkJS[0m: tauG2: fft 12 mix start: 6/32
[36;22m[DEBUG] [39;1msnarkJS[0m: tauG2: fft 12 mix start: 7/32
[36;22m[DEBUG] [39;1msnarkJS[0m: tauG2: fft 12 mix start: 8/32
[36;22m[DEBUG] [39;1msnarkJS[0m: tauG2: fft 12 mix start: 9/32
[36;22m[DEBUG] [39;1msnarkJS[0m: tauG2: fft 12 mix start: 10/32
[36;22m[DEBUG] [39;1msnarkJS[0m: tauG2: fft 12 mix start: 11/32
[36;22m[DEBUG] [39;1msnarkJS[0m: tauG2: fft 12 mix start: 12/32
[36;22m[DEBUG] [39;1msnarkJS[0m: tauG2: fft 12 mix start: 13/32
[36;22m[DEBUG] [39;1msnarkJS[0m: tauG2: fft 12 mix start: 14/32
[36;22m[DEBUG] [39;1msnarkJS[0m: tauG2: fft 12 mix start: 15/32
[36;22m[DEBUG] [39;1msnarkJS[0m: tauG2: fft 12 mix start: 16/32
[36;22m[DEBUG] [39;1msnarkJS[0m: tauG2: fft 12 mix start: 17/32
[36;22m[DEBUG] [39;1msnarkJS[0m: tauG2: fft 12 mix start: 18/32
[36;22m[DEBUG] [39;1msnarkJS[0m: tauG2: fft 12 mix start: 19/32
[36;22m[DEBUG] [39;1msnarkJS[0m: tauG2: fft 12 mix start: 20/32
[36;22m[DEBUG] [39;1msnarkJS[0m: tauG2: fft 12 mix start: 21/32
[36;22m[DEBUG] [39;1msnarkJS[0m: tauG2: fft 12 mix start: 22/32
[36;22m[DEBUG] [39;1msnarkJS[0m: tauG2: fft 12 mix start: 23/32
[36;22m[DEBUG] [39;1msnarkJS[0m: tauG2: fft 12 mix start: 24/32
[36;22m[DEBUG] [39;1msnarkJS[0m: tauG2: fft 12 mix start: 25/32
[36;22m[DEBUG] [39;1msnarkJS[0m: tauG2: fft 12 mix start: 26/32
[36;22m[DEBUG] [39;1msnarkJS[0m: tauG2: fft 12 mix start: 27/32
[36;22m[DEBUG] [39;1msnarkJS[0m: tauG2: fft 12 mix start: 28/32
[36;22m[DEBUG] [39;1msnarkJS[0m: tauG2: fft 12 mix start: 29/32
[36;22m[DEBUG] [39;1msnarkJS[0m: tauG2: fft 12 mix start: 30/32
[36;22m[DEBUG] [39;1msnarkJS[0m: tauG2: fft 12 mix start: 31/32
[36;22m[DEBUG] [39;1msnarkJS[0m: tauG2: fft 12 mix end: 8/32
[36;22m[DEBUG] [39;1msnarkJS[0m: tauG2: fft 12 mix end: 1/32
[36;22m[DEBUG] [39;1msnarkJS[0m: tauG2: fft 12 mix end: 16/32
[36;22m[DEBUG] [39;1msnarkJS[0m: tauG2: fft 12 mix end: 19/32
[36;22m[DEBUG] [39;1msnarkJS[0m: tauG2: fft 12 mix end: 7/32
[36;22m[DEBUG] [39;1msnarkJS[0m: tauG2: fft 12 mix end: 23/32
[36;22m[DEBUG] [39;1msnarkJS[0m: tauG2: fft 12 mix end: 30/32
[36;22m[DEBUG] [39;1msnarkJS[0m: tauG2: fft 12 mix end: 9/32
[36;22m[DEBUG] [39;1msnarkJS[0m: tauG2: fft 12 mix end: 2/32
[36;22m[DEBUG] [39;1msnarkJS[0m: tauG2: fft 12 mix end: 3/32
[36;22m[DEBUG] [39;1msnarkJS[0m: tauG2: fft 12 mix end: 4/32
[36;22m[DEBUG] [39;1msnarkJS[0m: tauG2: fft 12 mix end: 15/32
[36;22m[DEBUG] [39;1msnarkJS[0m: tauG2: fft 12 mix end: 11/32
[36;22m[DEBUG] [39;1msnarkJS[0m: tauG2: fft 12 mix end: 25/32
[36;22m[DEBUG] [39;1msnarkJS[0m: tauG2: fft 12 mix end: 29/32
[36;22m[DEBUG] [39;1msnarkJS[0m: tauG2: fft 12 mix end: 14/32
[36;22m[DEBUG] [39;1msnarkJS[0m: tauG2: fft 12 mix end: 24/32
[36;22m[DEBUG] [39;1msnarkJS[0m: tauG2: fft 12 mix end: 20/32
[36;22m[DEBUG] [39;1msnarkJS[0m: tauG2: fft 12 mix end: 22/32
[36;22m[DEBUG] [39;1msnarkJS[0m: tauG2: fft 12 mix end: 17/32
[36;22m[DEBUG] [39;1msnarkJS[0m: tauG2: fft 12 mix end: 10/32
[36;22m[DEBUG] [39;1msnarkJS[0m: tauG2: fft 12 mix end: 0/32
[36;22m[DEBUG] [39;1msnarkJS[0m: tauG2: fft 12 mix end: 26/32
[36;22m[DEBUG] [39;1msnarkJS[0m: tauG2: fft 12 mix end: 13/32
[36;22m[DEBUG] [39;1msnarkJS[0m: tauG2: fft 12 mix end: 12/32
[36;22m[DEBUG] [39;1msnarkJS[0m: tauG2: fft 12 mix end: 5/32
[36;22m[DEBUG] [39;1msnarkJS[0m: tauG2: fft 12 mix end: 27/32
[36;22m[DEBUG] [39;1msnarkJS[0m: tauG2: fft 12 mix end: 6/32
[36;22m[DEBUG] [39;1msnarkJS[0m: tauG2: fft 12 mix end: 18/32
[36;22m[DEBUG] [39;1msnarkJS[0m: tauG2: fft 12 mix end: 28/32
[36;22m[DEBUG] [39;1msnarkJS[0m: tauG2: fft 12 mix end: 21/32
[36;22m[DEBUG] [39;1msnarkJS[0m: tauG2: fft 12 mix end: 31/32
[36;22m[DEBUG] [39;1msnarkJS[0m: tauG2: fft  12  join: 8/12
[36;22m[DEBUG] [39;1msnarkJS[0m: tauG2: fft 12 join  8/12  1/16 0/1
[36;22m[DEBUG] [39;1msnarkJS[0m: tauG2: fft 12 join  8/12  9/16 0/1
[36;22m[DEBUG] [39;1msnarkJS[0m: tauG2: fft 12 join  8/12  15/16 0/1
[36;22m[DEBUG] [39;1msnarkJS[0m: tauG2: fft 12 join  8/12  2/16 0/1
[36;22m[DEBUG] [39;1msnarkJS[0m: tauG2: fft 12 join  8/12  5/16 0/1
[36;22m[DEBUG] [39;1msnarkJS[0m: tauG2: fft 12 join  8/12  6/16 0/1
[36;22m[DEBUG] [39;1msnarkJS[0m: tauG2: fft 12 join  8/12  7/16 0/1
[36;22m[DEBUG] [39;1msnarkJS[0m: tauG2: fft 12 join  8/12  10/16 0/1
[36;22m[DEBUG] [39;1msnarkJS[0m: tauG2: fft 12 join  8/12  11/16 0/1
[36;22m[DEBUG] [39;1msnarkJS[0m: tauG2: fft 12 join  8/12  12/16 0/1
[36;22m[DEBUG] [39;1msnarkJS[0m: tauG2: fft 12 join  8/12  16/16 0/1
[36;22m[DEBUG] [39;1msnarkJS[0m: tauG2: fft 12 join  8/12  8/16 0/1
[36;22m[DEBUG] [39;1msnarkJS[0m: tauG2: fft 12 join  8/12  3/16 0/1
[36;22m[DEBUG] [39;1msnarkJS[0m: tauG2: fft 12 join  8/12  4/16 0/1
[36;22m[DEBUG] [39;1msnarkJS[0m: tauG2: fft 12 join  8/12  13/16 0/1
[36;22m[DEBUG] [39;1msnarkJS[0m: tauG2: fft 12 join  8/12  14/16 0/1
[36;22m[DEBUG] [39;1msnarkJS[0m: tauG2: fft  12  join: 9/12
[36;22m[DEBUG] [39;1msnarkJS[0m: tauG2: fft 12 join  9/12  3/8 0/2
[36;22m[DEBUG] [39;1msnarkJS[0m: tauG2: fft 12 join  9/12  7/8 0/2
[36;22m[DEBUG] [39;1msnarkJS[0m: tauG2: fft 12 join  9/12  1/8 0/2
[36;22m[DEBUG] [39;1msnarkJS[0m: tauG2: fft 12 join  9/12  2/8 0/2
[36;22m[DEBUG] [39;1msnarkJS[0m: tauG2: fft 12 join  9/12  5/8 0/2
[36;22m[DEBUG] [39;1msnarkJS[0m: tauG2: fft 12 join  9/12  8/8 0/2
[36;22m[DEBUG] [39;1msnarkJS[0m: tauG2: fft 12 join  9/12  3/8 1/2
[36;22m[DEBUG] [39;1msnarkJS[0m: tauG2: fft 12 join  9/12  2/8 1/2
[36;22m[DEBUG] [39;1msnarkJS[0m: tauG2: fft 12 join  9/12  7/8 1/2
[36;22m[DEBUG] [39;1msnarkJS[0m: tauG2: fft 12 join  9/12  1/8 1/2
[36;22m[DEBUG] [39;1msnarkJS[0m: tauG2: fft 12 join  9/12  6/8 0/2
[36;22m[DEBUG] [39;1msnarkJS[0m: tauG2: fft 12 join  9/12  5/8 1/2
[36;22m[DEBUG] [39;1msnarkJS[0m: tauG2: fft 12 join  9/12  6/8 1/2
[36;22m[DEBUG] [39;1msnarkJS[0m: tauG2: fft 12 join  9/12  8/8 1/2
[36;22m[DEBUG] [39;1msnarkJS[0m: tauG2: fft 12 join  9/12  4/8 1/2
[36;22m[DEBUG] [39;1msnarkJS[0m: tauG2: fft 12 join  9/12  4/8 0/2
[36;22m[DEBUG] [39;1msnarkJS[0m: tauG2: fft  12  join: 10/12
[36;22m[DEBUG] [39;1msnarkJS[0m: tauG2: fft 12 join  10/12  1/4 0/4
[36;22m[DEBUG] [39;1msnarkJS[0m: tauG2: fft 12 join  10/12  2/4 0/4
[36;22m[DEBUG] [39;1msnarkJS[0m: tauG2: fft 12 join  10/12  4/4 0/4
[36;22m[DEBUG] [39;1msnarkJS[0m: tauG2: fft 12 join  10/12  3/4 0/4
[36;22m[DEBUG] [39;1msnarkJS[0m: tauG2: fft 12 join  10/12  1/4 3/4
[36;22m[DEBUG] [39;1msnarkJS[0m: tauG2: fft 12 join  10/12  2/4 1/4
[36;22m[DEBUG] [39;1msnarkJS[0m: tauG2: fft 12 join  10/12  1/4 2/4
[36;22m[DEBUG] [39;1msnarkJS[0m: tauG2: fft 12 join  10/12  1/4 1/4
[36;22m[DEBUG] [39;1msnarkJS[0m: tauG2: fft 12 join  10/12  3/4 1/4
[36;22m[DEBUG] [39;1msnarkJS[0m: tauG2: fft 12 join  10/12  4/4 2/4
[36;22m[DEBUG] [39;1msnarkJS[0m: tauG2: fft 12 join  10/12  4/4 1/4
[36;22m[DEBUG] [39;1msnarkJS[0m: tauG2: fft 12 join  10/12  3/4 2/4
[36;22m[DEBUG] [39;1msnarkJS[0m: tauG2: fft 12 join  10/12  4/4 3/4
[36;22m[DEBUG] [39;1msnarkJS[0m: tauG2: fft 12 join  10/12  3/4 3/4
[36;22m[DEBUG] [39;1msnarkJS[0m: tauG2: fft 12 join  10/12  2/4 3/4
[36;22m[DEBUG] [39;1msnarkJS[0m: tauG2: fft 12 join  10/12  2/4 2/4
[36;22m[DEBUG] [39;1msnarkJS[0m: tauG2: fft  12  join: 11/12
[36;22m[DEBUG] [39;1msnarkJS[0m: tauG2: fft 12 join  11/12  1/2 0/8
[36;22m[DEBUG] [39;1msnarkJS[0m: tauG2: fft 12 join  11/12  1/2 5/8
[36;22m[DEBUG] [39;1msnarkJS[0m: tauG2: fft 12 join  11/12  2/2 5/8
[36;22m[DEBUG] [39;1msnarkJS[0m: tauG2: fft 12 join  11/12  1/2 4/8
[36;22m[DEBUG] [39;1msnarkJS[0m: tauG2: fft 12 join  11/12  2/2 0/8
[36;22m[DEBUG] [39;1msnarkJS[0m: tauG2: fft 12 join  11/12  1/2 3/8
[36;22m[DEBUG] [39;1msnarkJS[0m: tauG2: fft 12 join  11/12  2/2 4/8
[36;22m[DEBUG] [39;1msnarkJS[0m: tauG2: fft 12 join  11/12  2/2 6/8
[36;22m[DEBUG] [39;1msnarkJS[0m: tauG2: fft 12 join  11/12  1/2 1/8
[36;22m[DEBUG] [39;1msnarkJS[0m: tauG2: fft 12 join  11/12  2/2 1/8
[36;22m[DEBUG] [39;1msnarkJS[0m: tauG2: fft 12 join  11/12  1/2 2/8
[36;22m[DEBUG] [39;1msnarkJS[0m: tauG2: fft 12 join  11/12  2/2 2/8
[36;22m[DEBUG] [39;1msnarkJS[0m: tauG2: fft 12 join  11/12  2/2 7/8
[36;22m[DEBUG] [39;1msnarkJS[0m: tauG2: fft 12 join  11/12  2/2 3/8
[36;22m[DEBUG] [39;1msnarkJS[0m: tauG2: fft 12 join  11/12  1/2 7/8
[36;22m[DEBUG] [39;1msnarkJS[0m: tauG2: fft 12 join  11/12  1/2 6/8
[36;22m[DEBUG] [39;1msnarkJS[0m: tauG2: fft  12  join: 12/12
[36;22m[DEBUG] [39;1msnarkJS[0m: tauG2: fft 12 join  12/12  1/1 0/16
[36;22m[DEBUG] [39;1msnarkJS[0m: tauG2: fft 12 join  12/12  1/1 4/16
[36;22m[DEBUG] [39;1msnarkJS[0m: tauG2: fft 12 join  12/12  1/1 8/16
[36;22m[DEBUG] [39;1msnarkJS[0m: tauG2: fft 12 join  12/12  1/1 14/16
[36;22m[DEBUG] [39;1msnarkJS[0m: tauG2: fft 12 join  12/12  1/1 5/16
[36;22m[DEBUG] [39;1msnarkJS[0m: tauG2: fft 12 join  12/12  1/1 12/16
[36;22m[DEBUG] [39;1msnarkJS[0m: tauG2: fft 12 join  12/12  1/1 1/16
[36;22m[DEBUG] [39;1msnarkJS[0m: tauG2: fft 12 join  12/12  1/1 9/16
[36;22m[DEBUG] [39;1msnarkJS[0m: tauG2: fft 12 join  12/12  1/1 3/16
[36;22m[DEBUG] [39;1msnarkJS[0m: tauG2: fft 12 join  12/12  1/1 2/16
[36;22m[DEBUG] [39;1msnarkJS[0m: tauG2: fft 12 join  12/12  1/1 10/16
[36;22m[DEBUG] [39;1msnarkJS[0m: tauG2: fft 12 join  12/12  1/1 11/16
[36;22m[DEBUG] [39;1msnarkJS[0m: tauG2: fft 12 join  12/12  1/1 15/16
[36;22m[DEBUG] [39;1msnarkJS[0m: tauG2: fft 12 join  12/12  1/1 6/16
[36;22m[DEBUG] [39;1msnarkJS[0m: tauG2: fft 12 join  12/12  1/1 13/16
[36;22m[DEBUG] [39;1msnarkJS[0m: tauG2: fft 12 join  12/12  1/1 7/16
[36;22m[DEBUG] [39;1msnarkJS[0m: tauG2: fft 13 mix start: 0/32
[36;22m[DEBUG] [39;1msnarkJS[0m: tauG2: fft 13 mix start: 1/32
[36;22m[DEBUG] [39;1msnarkJS[0m: tauG2: fft 13 mix start: 2/32
[36;22m[DEBUG] [39;1msnarkJS[0m: tauG2: fft 13 mix start: 3/32
[36;22m[DEBUG] [39;1msnarkJS[0m: tauG2: fft 13 mix start: 4/32
[36;22m[DEBUG] [39;1msnarkJS[0m: tauG2: fft 13 mix start: 5/32
[36;22m[DEBUG] [39;1msnarkJS[0m: tauG2: fft 13 mix start: 6/32
[36;22m[DEBUG] [39;1msnarkJS[0m: tauG2: fft 13 mix start: 7/32
[36;22m[DEBUG] [39;1msnarkJS[0m: tauG2: fft 13 mix start: 8/32
[36;22m[DEBUG] [39;1msnarkJS[0m: tauG2: fft 13 mix start: 9/32
[36;22m[DEBUG] [39;1msnarkJS[0m: tauG2: fft 13 mix start: 10/32
[36;22m[DEBUG] [39;1msnarkJS[0m: tauG2: fft 13 mix start: 11/32
[36;22m[DEBUG] [39;1msnarkJS[0m: tauG2: fft 13 mix start: 12/32
[36;22m[DEBUG] [39;1msnarkJS[0m: tauG2: fft 13 mix start: 13/32
[36;22m[DEBUG] [39;1msnarkJS[0m: tauG2: fft 13 mix start: 14/32
[36;22m[DEBUG] [39;1msnarkJS[0m: tauG2: fft 13 mix start: 15/32
[36;22m[DEBUG] [39;1msnarkJS[0m: tauG2: fft 13 mix start: 16/32
[36;22m[DEBUG] [39;1msnarkJS[0m: tauG2: fft 13 mix start: 17/32
[36;22m[DEBUG] [39;1msnarkJS[0m: tauG2: fft 13 mix start: 18/32
[36;22m[DEBUG] [39;1msnarkJS[0m: tauG2: fft 13 mix start: 19/32
[36;22m[DEBUG] [39;1msnarkJS[0m: tauG2: fft 13 mix start: 20/32
[36;22m[DEBUG] [39;1msnarkJS[0m: tauG2: fft 13 mix start: 21/32
[36;22m[DEBUG] [39;1msnarkJS[0m: tauG2: fft 13 mix start: 22/32
[36;22m[DEBUG] [39;1msnarkJS[0m: tauG2: fft 13 mix start: 23/32
[36;22m[DEBUG] [39;1msnarkJS[0m: tauG2: fft 13 mix start: 24/32
[36;22m[DEBUG] [39;1msnarkJS[0m: tauG2: fft 13 mix start: 25/32
[36;22m[DEBUG] [39;1msnarkJS[0m: tauG2: fft 13 mix start: 26/32
[36;22m[DEBUG] [39;1msnarkJS[0m: tauG2: fft 13 mix start: 27/32
[36;22m[DEBUG] [39;1msnarkJS[0m: tauG2: fft 13 mix start: 28/32
[36;22m[DEBUG] [39;1msnarkJS[0m: tauG2: fft 13 mix start: 29/32
[36;22m[DEBUG] [39;1msnarkJS[0m: tauG2: fft 13 mix start: 30/32
[36;22m[DEBUG] [39;1msnarkJS[0m: tauG2: fft 13 mix start: 31/32
[36;22m[DEBUG] [39;1msnarkJS[0m: tauG2: fft 13 mix end: 1/32
[36;22m[DEBUG] [39;1msnarkJS[0m: tauG2: fft 13 mix end: 4/32
[36;22m[DEBUG] [39;1msnarkJS[0m: tauG2: fft 13 mix end: 20/32
[36;22m[DEBUG] [39;1msnarkJS[0m: tauG2: fft 13 mix end: 14/32
[36;22m[DEBUG] [39;1msnarkJS[0m: tauG2: fft 13 mix end: 13/32
[36;22m[DEBUG] [39;1msnarkJS[0m: tauG2: fft 13 mix end: 16/32
[36;22m[DEBUG] [39;1msnarkJS[0m: tauG2: fft 13 mix end: 2/32
[36;22m[DEBUG] [39;1msnarkJS[0m: tauG2: fft 13 mix end: 11/32
[36;22m[DEBUG] [39;1msnarkJS[0m: tauG2: fft 13 mix end: 7/32
[36;22m[DEBUG] [39;1msnarkJS[0m: tauG2: fft 13 mix end: 12/32
[36;22m[DEBUG] [39;1msnarkJS[0m: tauG2: fft 13 mix end: 30/32
[36;22m[DEBUG] [39;1msnarkJS[0m: tauG2: fft 13 mix end: 19/32
[36;22m[DEBUG] [39;1msnarkJS[0m: tauG2: fft 13 mix end: 21/32
[36;22m[DEBUG] [39;1msnarkJS[0m: tauG2: fft 13 mix end: 5/32
[36;22m[DEBUG] [39;1msnarkJS[0m: tauG2: fft 13 mix end: 24/32
[36;22m[DEBUG] [39;1msnarkJS[0m: tauG2: fft 13 mix end: 3/32
[36;22m[DEBUG] [39;1msnarkJS[0m: tauG2: fft 13 mix end: 31/32
[36;22m[DEBUG] [39;1msnarkJS[0m: tauG2: fft 13 mix end: 8/32
[36;22m[DEBUG] [39;1msnarkJS[0m: tauG2: fft 13 mix end: 25/32
[36;22m[DEBUG] [39;1msnarkJS[0m: tauG2: fft 13 mix end: 22/32
[36;22m[DEBUG] [39;1msnarkJS[0m: tauG2: fft 13 mix end: 29/32
[36;22m[DEBUG] [39;1msnarkJS[0m: tauG2: fft 13 mix end: 10/32
[36;22m[DEBUG] [39;1msnarkJS[0m: tauG2: fft 13 mix end: 26/32
[36;22m[DEBUG] [39;1msnarkJS[0m: tauG2: fft 13 mix end: 27/32
[36;22m[DEBUG] [39;1msnarkJS[0m: tauG2: fft 13 mix end: 15/32
[36;22m[DEBUG] [39;1msnarkJS[0m: tauG2: fft 13 mix end: 9/32
[36;22m[DEBUG] [39;1msnarkJS[0m: tauG2: fft 13 mix end: 0/32
[36;22m[DEBUG] [39;1msnarkJS[0m: tauG2: fft 13 mix end: 23/32
[36;22m[DEBUG] [39;1msnarkJS[0m: tauG2: fft 13 mix end: 17/32
[36;22m[DEBUG] [39;1msnarkJS[0m: tauG2: fft 13 mix end: 6/32
[36;22m[DEBUG] [39;1msnarkJS[0m: tauG2: fft 13 mix end: 18/32
[36;22m[DEBUG] [39;1msnarkJS[0m: tauG2: fft 13 mix end: 28/32
[36;22m[DEBUG] [39;1msnarkJS[0m: tauG2: fft  13  join: 9/13
[36;22m[DEBUG] [39;1msnarkJS[0m: tauG2: fft 13 join  9/13  2/16 0/1
[36;22m[DEBUG] [39;1msnarkJS[0m: tauG2: fft 13 join  9/13  10/16 0/1
[36;22m[DEBUG] [39;1msnarkJS[0m: tauG2: fft 13 join  9/13  1/16 0/1
[36;22m[DEBUG] [39;1msnarkJS[0m: tauG2: fft 13 join  9/13  5/16 0/1
[36;22m[DEBUG] [39;1msnarkJS[0m: tauG2: fft 13 join  9/13  9/16 0/1
[36;22m[DEBUG] [39;1msnarkJS[0m: tauG2: fft 13 join  9/13  6/16 0/1
[36;22m[DEBUG] [39;1msnarkJS[0m: tauG2: fft 13 join  9/13  14/16 0/1
[36;22m[DEBUG] [39;1msnarkJS[0m: tauG2: fft 13 join  9/13  15/16 0/1
[36;22m[DEBUG] [39;1msnarkJS[0m: tauG2: fft 13 join  9/13  7/16 0/1
[36;22m[DEBUG] [39;1msnarkJS[0m: tauG2: fft 13 join  9/13  13/16 0/1
[36;22m[DEBUG] [39;1msnarkJS[0m: tauG2: fft 13 join  9/13  11/16 0/1
[36;22m[DEBUG] [39;1msnarkJS[0m: tauG2: fft 13 join  9/13  12/16 0/1
[36;22m[DEBUG] [39;1msnarkJS[0m: tauG2: fft 13 join  9/13  16/16 0/1
[36;22m[DEBUG] [39;1msnarkJS[0m: tauG2: fft 13 join  9/13  8/16 0/1
[36;22m[DEBUG] [39;1msnarkJS[0m: tauG2: fft 13 join  9/13  3/16 0/1
[36;22m[DEBUG] [39;1msnarkJS[0m: tauG2: fft 13 join  9/13  4/16 0/1
[36;22m[DEBUG] [39;1msnarkJS[0m: tauG2: fft  13  join: 10/13
[36;22m[DEBUG] [39;1msnarkJS[0m: tauG2: fft 13 join  10/13  1/8 0/2
[36;22m[DEBUG] [39;1msnarkJS[0m: tauG2: fft 13 join  10/13  2/8 1/2
[36;22m[DEBUG] [39;1msnarkJS[0m: tauG2: fft 13 join  10/13  3/8 1/2
[36;22m[DEBUG] [39;1msnarkJS[0m: tauG2: fft 13 join  10/13  5/8 0/2
[36;22m[DEBUG] [39;1msnarkJS[0m: tauG2: fft 13 join  10/13  1/8 1/2
[36;22m[DEBUG] [39;1msnarkJS[0m: tauG2: fft 13 join  10/13  3/8 0/2
[36;22m[DEBUG] [39;1msnarkJS[0m: tauG2: fft 13 join  10/13  7/8 0/2
[36;22m[DEBUG] [39;1msnarkJS[0m: tauG2: fft 13 join  10/13  4/8 0/2
[36;22m[DEBUG] [39;1msnarkJS[0m: tauG2: fft 13 join  10/13  5/8 1/2
[36;22m[DEBUG] [39;1msnarkJS[0m: tauG2: fft 13 join  10/13  6/8 0/2
[36;22m[DEBUG] [39;1msnarkJS[0m: tauG2: fft 13 join  10/13  6/8 1/2
[36;22m[DEBUG] [39;1msnarkJS[0m: tauG2: fft 13 join  10/13  2/8 0/2
[36;22m[DEBUG] [39;1msnarkJS[0m: tauG2: fft 13 join  10/13  7/8 1/2
[36;22m[DEBUG] [39;1msnarkJS[0m: tauG2: fft 13 join  10/13  8/8 1/2
[36;22m[DEBUG] [39;1msnarkJS[0m: tauG2: fft 13 join  10/13  4/8 1/2
[36;22m[DEBUG] [39;1msnarkJS[0m: tauG2: fft 13 join  10/13  8/8 0/2
[36;22m[DEBUG] [39;1msnarkJS[0m: tauG2: fft  13  join: 11/13
[36;22m[DEBUG] [39;1msnarkJS[0m: tauG2: fft 13 join  11/13  4/4 2/4
[36;22m[DEBUG] [39;1msnarkJS[0m: tauG2: fft 13 join  11/13  1/4 0/4
[36;22m[DEBUG] [39;1msnarkJS[0m: tauG2: fft 13 join  11/13  3/4 0/4
[36;22m[DEBUG] [39;1msnarkJS[0m: tauG2: fft 13 join  11/13  1/4 2/4
[36;22m[DEBUG] [39;1msnarkJS[0m: tauG2: fft 13 join  11/13  1/4 3/4
[36;22m[DEBUG] [39;1msnarkJS[0m: tauG2: fft 13 join  11/13  2/4 2/4
[36;22m[DEBUG] [39;1msnarkJS[0m: tauG2: fft 13 join  11/13  2/4 0/4
[36;22m[DEBUG] [39;1msnarkJS[0m: tauG2: fft 13 join  11/13  2/4 1/4
[36;22m[DEBUG] [39;1msnarkJS[0m: tauG2: fft 13 join  11/13  4/4 0/4
[36;22m[DEBUG] [39;1msnarkJS[0m: tauG2: fft 13 join  11/13  1/4 1/4
[36;22m[DEBUG] [39;1msnarkJS[0m: tauG2: fft 13 join  11/13  4/4 1/4
[36;22m[DEBUG] [39;1msnarkJS[0m: tauG2: fft 13 join  11/13  3/4 2/4
[36;22m[DEBUG] [39;1msnarkJS[0m: tauG2: fft 13 join  11/13  3/4 1/4
[36;22m[DEBUG] [39;1msnarkJS[0m: tauG2: fft 13 join  11/13  3/4 3/4
[36;22m[DEBUG] [39;1msnarkJS[0m: tauG2: fft 13 join  11/13  4/4 3/4
[36;22m[DEBUG] [39;1msnarkJS[0m: tauG2: fft 13 join  11/13  2/4 3/4
[36;22m[DEBUG] [39;1msnarkJS[0m: tauG2: fft  13  join: 12/13
[36;22m[DEBUG] [39;1msnarkJS[0m: tauG2: fft 13 join  12/13  2/2 0/8
[36;22m[DEBUG] [39;1msnarkJS[0m: tauG2: fft 13 join  12/13  1/2 0/8
[36;22m[DEBUG] [39;1msnarkJS[0m: tauG2: fft 13 join  12/13  1/2 5/8
[36;22m[DEBUG] [39;1msnarkJS[0m: tauG2: fft 13 join  12/13  1/2 4/8
[36;22m[DEBUG] [39;1msnarkJS[0m: tauG2: fft 13 join  12/13  2/2 4/8
[36;22m[DEBUG] [39;1msnarkJS[0m: tauG2: fft 13 join  12/13  1/2 2/8
[36;22m[DEBUG] [39;1msnarkJS[0m: tauG2: fft 13 join  12/13  1/2 3/8
[36;22m[DEBUG] [39;1msnarkJS[0m: tauG2: fft 13 join  12/13  1/2 1/8
[36;22m[DEBUG] [39;1msnarkJS[0m: tauG2: fft 13 join  12/13  2/2 6/8
[36;22m[DEBUG] [39;1msnarkJS[0m: tauG2: fft 13 join  12/13  1/2 6/8
[36;22m[DEBUG] [39;1msnarkJS[0m: tauG2: fft 13 join  12/13  2/2 1/8
[36;22m[DEBUG] [39;1msnarkJS[0m: tauG2: fft 13 join  12/13  2/2 5/8
[36;22m[DEBUG] [39;1msnarkJS[0m: tauG2: fft 13 join  12/13  2/2 2/8
[36;22m[DEBUG] [39;1msnarkJS[0m: tauG2: fft 13 join  12/13  2/2 3/8
[36;22m[DEBUG] [39;1msnarkJS[0m: tauG2: fft 13 join  12/13  2/2 7/8
[36;22m[DEBUG] [39;1msnarkJS[0m: tauG2: fft 13 join  12/13  1/2 7/8
[36;22m[DEBUG] [39;1msnarkJS[0m: tauG2: fft  13  join: 13/13
[36;22m[DEBUG] [39;1msnarkJS[0m: tauG2: fft 13 join  13/13  1/1 8/16
[36;22m[DEBUG] [39;1msnarkJS[0m: tauG2: fft 13 join  13/13  1/1 4/16
[36;22m[DEBUG] [39;1msnarkJS[0m: tauG2: fft 13 join  13/13  1/1 5/16
[36;22m[DEBUG] [39;1msnarkJS[0m: tauG2: fft 13 join  13/13  1/1 0/16
[36;22m[DEBUG] [39;1msnarkJS[0m: tauG2: fft 13 join  13/13  1/1 3/16
[36;22m[DEBUG] [39;1msnarkJS[0m: tauG2: fft 13 join  13/13  1/1 2/16
[36;22m[DEBUG] [39;1msnarkJS[0m: tauG2: fft 13 join  13/13  1/1 1/16
[36;22m[DEBUG] [39;1msnarkJS[0m: tauG2: fft 13 join  13/13  1/1 9/16
[36;22m[DEBUG] [39;1msnarkJS[0m: tauG2: fft 13 join  13/13  1/1 12/16
[36;22m[DEBUG] [39;1msnarkJS[0m: tauG2: fft 13 join  13/13  1/1 6/16
[36;22m[DEBUG] [39;1msnarkJS[0m: tauG2: fft 13 join  13/13  1/1 10/16
[36;22m[DEBUG] [39;1msnarkJS[0m: tauG2: fft 13 join  13/13  1/1 14/16
[36;22m[DEBUG] [39;1msnarkJS[0m: tauG2: fft 13 join  13/13  1/1 11/16
[36;22m[DEBUG] [39;1msnarkJS[0m: tauG2: fft 13 join  13/13  1/1 15/16
[36;22m[DEBUG] [39;1msnarkJS[0m: tauG2: fft 13 join  13/13  1/1 7/16
[36;22m[DEBUG] [39;1msnarkJS[0m: tauG2: fft 13 join  13/13  1/1 13/16
[36;22m[DEBUG] [39;1msnarkJS[0m: tauG2: fft 14 mix start: 0/32
[36;22m[DEBUG] [39;1msnarkJS[0m: tauG2: fft 14 mix start: 1/32
[36;22m[DEBUG] [39;1msnarkJS[0m: tauG2: fft 14 mix start: 2/32
[36;22m[DEBUG] [39;1msnarkJS[0m: tauG2: fft 14 mix start: 3/32
[36;22m[DEBUG] [39;1msnarkJS[0m: tauG2: fft 14 mix start: 4/32
[36;22m[DEBUG] [39;1msnarkJS[0m: tauG2: fft 14 mix start: 5/32
[36;22m[DEBUG] [39;1msnarkJS[0m: tauG2: fft 14 mix start: 6/32
[36;22m[DEBUG] [39;1msnarkJS[0m: tauG2: fft 14 mix start: 7/32
[36;22m[DEBUG] [39;1msnarkJS[0m: tauG2: fft 14 mix start: 8/32
[36;22m[DEBUG] [39;1msnarkJS[0m: tauG2: fft 14 mix start: 9/32
[36;22m[DEBUG] [39;1msnarkJS[0m: tauG2: fft 14 mix start: 10/32
[36;22m[DEBUG] [39;1msnarkJS[0m: tauG2: fft 14 mix start: 11/32
[36;22m[DEBUG] [39;1msnarkJS[0m: tauG2: fft 14 mix start: 12/32
[36;22m[DEBUG] [39;1msnarkJS[0m: tauG2: fft 14 mix start: 13/32
[36;22m[DEBUG] [39;1msnarkJS[0m: tauG2: fft 14 mix start: 14/32
[36;22m[DEBUG] [39;1msnarkJS[0m: tauG2: fft 14 mix start: 15/32
[36;22m[DEBUG] [39;1msnarkJS[0m: tauG2: fft 14 mix start: 16/32
[36;22m[DEBUG] [39;1msnarkJS[0m: tauG2: fft 14 mix start: 17/32
[36;22m[DEBUG] [39;1msnarkJS[0m: tauG2: fft 14 mix start: 18/32
[36;22m[DEBUG] [39;1msnarkJS[0m: tauG2: fft 14 mix start: 19/32
[36;22m[DEBUG] [39;1msnarkJS[0m: tauG2: fft 14 mix start: 20/32
[36;22m[DEBUG] [39;1msnarkJS[0m: tauG2: fft 14 mix start: 21/32
[36;22m[DEBUG] [39;1msnarkJS[0m: tauG2: fft 14 mix start: 22/32
[36;22m[DEBUG] [39;1msnarkJS[0m: tauG2: fft 14 mix start: 23/32
[36;22m[DEBUG] [39;1msnarkJS[0m: tauG2: fft 14 mix start: 24/32
[36;22m[DEBUG] [39;1msnarkJS[0m: tauG2: fft 14 mix start: 25/32
[36;22m[DEBUG] [39;1msnarkJS[0m: tauG2: fft 14 mix start: 26/32
[36;22m[DEBUG] [39;1msnarkJS[0m: tauG2: fft 14 mix start: 27/32
[36;22m[DEBUG] [39;1msnarkJS[0m: tauG2: fft 14 mix start: 28/32
[36;22m[DEBUG] [39;1msnarkJS[0m: tauG2: fft 14 mix start: 29/32
[36;22m[DEBUG] [39;1msnarkJS[0m: tauG2: fft 14 mix start: 30/32
[36;22m[DEBUG] [39;1msnarkJS[0m: tauG2: fft 14 mix start: 31/32
[36;22m[DEBUG] [39;1msnarkJS[0m: tauG2: fft 14 mix end: 3/32
[36;22m[DEBUG] [39;1msnarkJS[0m: tauG2: fft 14 mix end: 4/32
[36;22m[DEBUG] [39;1msnarkJS[0m: tauG2: fft 14 mix end: 20/32
[36;22m[DEBUG] [39;1msnarkJS[0m: tauG2: fft 14 mix end: 25/32
[36;22m[DEBUG] [39;1msnarkJS[0m: tauG2: fft 14 mix end: 11/32
[36;22m[DEBUG] [39;1msnarkJS[0m: tauG2: fft 14 mix end: 14/32
[36;22m[DEBUG] [39;1msnarkJS[0m: tauG2: fft 14 mix end: 15/32
[36;22m[DEBUG] [39;1msnarkJS[0m: tauG2: fft 14 mix end: 9/32
[36;22m[DEBUG] [39;1msnarkJS[0m: tauG2: fft 14 mix end: 24/32
[36;22m[DEBUG] [39;1msnarkJS[0m: tauG2: fft 14 mix end: 18/32
[36;22m[DEBUG] [39;1msnarkJS[0m: tauG2: fft 14 mix end: 6/32
[36;22m[DEBUG] [39;1msnarkJS[0m: tauG2: fft 14 mix end: 30/32
[36;22m[DEBUG] [39;1msnarkJS[0m: tauG2: fft 14 mix end: 29/32
[36;22m[DEBUG] [39;1msnarkJS[0m: tauG2: fft 14 mix end: 8/32
[36;22m[DEBUG] [39;1msnarkJS[0m: tauG2: fft 14 mix end: 27/32
[36;22m[DEBUG] [39;1msnarkJS[0m: tauG2: fft 14 mix end: 16/32
[36;22m[DEBUG] [39;1msnarkJS[0m: tauG2: fft 14 mix end: 31/32
[36;22m[DEBUG] [39;1msnarkJS[0m: tauG2: fft 14 mix end: 21/32
[36;22m[DEBUG] [39;1msnarkJS[0m: tauG2: fft 14 mix end: 2/32
[36;22m[DEBUG] [39;1msnarkJS[0m: tauG2: fft 14 mix end: 5/32
[36;22m[DEBUG] [39;1msnarkJS[0m: tauG2: fft 14 mix end: 22/32
[36;22m[DEBUG] [39;1msnarkJS[0m: tauG2: fft 14 mix end: 7/32
[36;22m[DEBUG] [39;1msnarkJS[0m: tauG2: fft 14 mix end: 17/32
[36;22m[DEBUG] [39;1msnarkJS[0m: tauG2: fft 14 mix end: 12/32
[36;22m[DEBUG] [39;1msnarkJS[0m: tauG2: fft 14 mix end: 10/32
[36;22m[DEBUG] [39;1msnarkJS[0m: tauG2: fft 14 mix end: 26/32
[36;22m[DEBUG] [39;1msnarkJS[0m: tauG2: fft 14 mix end: 0/32
[36;22m[DEBUG] [39;1msnarkJS[0m: tauG2: fft 14 mix end: 23/32
[36;22m[DEBUG] [39;1msnarkJS[0m: tauG2: fft 14 mix end: 19/32
[36;22m[DEBUG] [39;1msnarkJS[0m: tauG2: fft 14 mix end: 13/32
[36;22m[DEBUG] [39;1msnarkJS[0m: tauG2: fft 14 mix end: 1/32
[36;22m[DEBUG] [39;1msnarkJS[0m: tauG2: fft 14 mix end: 28/32
[36;22m[DEBUG] [39;1msnarkJS[0m: tauG2: fft  14  join: 10/14
[36;22m[DEBUG] [39;1msnarkJS[0m: tauG2: fft 14 join  10/14  6/16 0/1
[36;22m[DEBUG] [39;1msnarkJS[0m: tauG2: fft 14 join  10/14  2/16 0/1
[36;22m[DEBUG] [39;1msnarkJS[0m: tauG2: fft 14 join  10/14  5/16 0/1
[36;22m[DEBUG] [39;1msnarkJS[0m: tauG2: fft 14 join  10/14  11/16 0/1
[36;22m[DEBUG] [39;1msnarkJS[0m: tauG2: fft 14 join  10/14  13/16 0/1
[36;22m[DEBUG] [39;1msnarkJS[0m: tauG2: fft 14 join  10/14  15/16 0/1
[36;22m[DEBUG] [39;1msnarkJS[0m: tauG2: fft 14 join  10/14  9/16 0/1
[36;22m[DEBUG] [39;1msnarkJS[0m: tauG2: fft 14 join  10/14  10/16 0/1
[36;22m[DEBUG] [39;1msnarkJS[0m: tauG2: fft 14 join  10/14  14/16 0/1
[36;22m[DEBUG] [39;1msnarkJS[0m: tauG2: fft 14 join  10/14  7/16 0/1
[36;22m[DEBUG] [39;1msnarkJS[0m: tauG2: fft 14 join  10/14  12/16 0/1
[36;22m[DEBUG] [39;1msnarkJS[0m: tauG2: fft 14 join  10/14  1/16 0/1
[36;22m[DEBUG] [39;1msnarkJS[0m: tauG2: fft 14 join  10/14  16/16 0/1
[36;22m[DEBUG] [39;1msnarkJS[0m: tauG2: fft 14 join  10/14  3/16 0/1
[36;22m[DEBUG] [39;1msnarkJS[0m: tauG2: fft 14 join  10/14  4/16 0/1
[36;22m[DEBUG] [39;1msnarkJS[0m: tauG2: fft 14 join  10/14  8/16 0/1
[36;22m[DEBUG] [39;1msnarkJS[0m: tauG2: fft  14  join: 11/14
[36;22m[DEBUG] [39;1msnarkJS[0m: tauG2: fft 14 join  11/14  1/8 1/2
[36;22m[DEBUG] [39;1msnarkJS[0m: tauG2: fft 14 join  11/14  3/8 1/2
[36;22m[DEBUG] [39;1msnarkJS[0m: tauG2: fft 14 join  11/14  5/8 0/2
[36;22m[DEBUG] [39;1msnarkJS[0m: tauG2: fft 14 join  11/14  1/8 0/2
[36;22m[DEBUG] [39;1msnarkJS[0m: tauG2: fft 14 join  11/14  3/8 0/2
[36;22m[DEBUG] [39;1msnarkJS[0m: tauG2: fft 14 join  11/14  6/8 0/2
[36;22m[DEBUG] [39;1msnarkJS[0m: tauG2: fft 14 join  11/14  7/8 1/2
[36;22m[DEBUG] [39;1msnarkJS[0m: tauG2: fft 14 join  11/14  8/8 0/2
[36;22m[DEBUG] [39;1msnarkJS[0m: tauG2: fft 14 join  11/14  7/8 0/2
[36;22m[DEBUG] [39;1msnarkJS[0m: tauG2: fft 14 join  11/14  5/8 1/2
[36;22m[DEBUG] [39;1msnarkJS[0m: tauG2: fft 14 join  11/14  2/8 0/2
[36;22m[DEBUG] [39;1msnarkJS[0m: tauG2: fft 14 join  11/14  2/8 1/2
[36;22m[DEBUG] [39;1msnarkJS[0m: tauG2: fft 14 join  11/14  4/8 0/2
[36;22m[DEBUG] [39;1msnarkJS[0m: tauG2: fft 14 join  11/14  6/8 1/2
[36;22m[DEBUG] [39;1msnarkJS[0m: tauG2: fft 14 join  11/14  8/8 1/2
[36;22m[DEBUG] [39;1msnarkJS[0m: tauG2: fft 14 join  11/14  4/8 1/2
[36;22m[DEBUG] [39;1msnarkJS[0m: tauG2: fft  14  join: 12/14
[36;22m[DEBUG] [39;1msnarkJS[0m: tauG2: fft 14 join  12/14  3/4 2/4
[36;22m[DEBUG] [39;1msnarkJS[0m: tauG2: fft 14 join  12/14  1/4 1/4
[36;22m[DEBUG] [39;1msnarkJS[0m: tauG2: fft 14 join  12/14  2/4 0/4
[36;22m[DEBUG] [39;1msnarkJS[0m: tauG2: fft 14 join  12/14  2/4 1/4
[36;22m[DEBUG] [39;1msnarkJS[0m: tauG2: fft 14 join  12/14  1/4 2/4
[36;22m[DEBUG] [39;1msnarkJS[0m: tauG2: fft 14 join  12/14  1/4 0/4
[36;22m[DEBUG] [39;1msnarkJS[0m: tauG2: fft 14 join  12/14  3/4 0/4
[36;22m[DEBUG] [39;1msnarkJS[0m: tauG2: fft 14 join  12/14  4/4 1/4
[36;22m[DEBUG] [39;1msnarkJS[0m: tauG2: fft 14 join  12/14  4/4 0/4
[36;22m[DEBUG] [39;1msnarkJS[0m: tauG2: fft 14 join  12/14  2/4 2/4
[36;22m[DEBUG] [39;1msnarkJS[0m: tauG2: fft 14 join  12/14  3/4 1/4
[36;22m[DEBUG] [39;1msnarkJS[0m: tauG2: fft 14 join  12/14  1/4 3/4
[36;22m[DEBUG] [39;1msnarkJS[0m: tauG2: fft 14 join  12/14  4/4 2/4
[36;22m[DEBUG] [39;1msnarkJS[0m: tauG2: fft 14 join  12/14  4/4 3/4
[36;22m[DEBUG] [39;1msnarkJS[0m: tauG2: fft 14 join  12/14  3/4 3/4
[36;22m[DEBUG] [39;1msnarkJS[0m: tauG2: fft 14 join  12/14  2/4 3/4
[36;22m[DEBUG] [39;1msnarkJS[0m: tauG2: fft  14  join: 13/14
[36;22m[DEBUG] [39;1msnarkJS[0m: tauG2: fft 14 join  13/14  1/2 4/8
[36;22m[DEBUG] [39;1msnarkJS[0m: tauG2: fft 14 join  13/14  2/2 4/8
[36;22m[DEBUG] [39;1msnarkJS[0m: tauG2: fft 14 join  13/14  2/2 0/8
[36;22m[DEBUG] [39;1msnarkJS[0m: tauG2: fft 14 join  13/14  2/2 2/8
[36;22m[DEBUG] [39;1msnarkJS[0m: tauG2: fft 14 join  13/14  1/2 0/8
[36;22m[DEBUG] [39;1msnarkJS[0m: tauG2: fft 14 join  13/14  1/2 5/8
[36;22m[DEBUG] [39;1msnarkJS[0m: tauG2: fft 14 join  13/14  2/2 6/8
[36;22m[DEBUG] [39;1msnarkJS[0m: tauG2: fft 14 join  13/14  2/2 5/8
[36;22m[DEBUG] [39;1msnarkJS[0m: tauG2: fft 14 join  13/14  1/2 2/8
[36;22m[DEBUG] [39;1msnarkJS[0m: tauG2: fft 14 join  13/14  1/2 1/8
[36;22m[DEBUG] [39;1msnarkJS[0m: tauG2: fft 14 join  13/14  2/2 1/8
[36;22m[DEBUG] [39;1msnarkJS[0m: tauG2: fft 14 join  13/14  1/2 6/8
[36;22m[DEBUG] [39;1msnarkJS[0m: tauG2: fft 14 join  13/14  2/2 7/8
[36;22m[DEBUG] [39;1msnarkJS[0m: tauG2: fft 14 join  13/14  1/2 3/8
[36;22m[DEBUG] [39;1msnarkJS[0m: tauG2: fft 14 join  13/14  1/2 7/8
[36;22m[DEBUG] [39;1msnarkJS[0m: tauG2: fft 14 join  13/14  2/2 3/8
[36;22m[DEBUG] [39;1msnarkJS[0m: tauG2: fft  14  join: 14/14
[36;22m[DEBUG] [39;1msnarkJS[0m: tauG2: fft 14 join  14/14  1/1 8/16
[36;22m[DEBUG] [39;1msnarkJS[0m: tauG2: fft 14 join  14/14  1/1 5/16
[36;22m[DEBUG] [39;1msnarkJS[0m: tauG2: fft 14 join  14/14  1/1 10/16
[36;22m[DEBUG] [39;1msnarkJS[0m: tauG2: fft 14 join  14/14  1/1 0/16
[36;22m[DEBUG] [39;1msnarkJS[0m: tauG2: fft 14 join  14/14  1/1 3/16
[36;22m[DEBUG] [39;1msnarkJS[0m: tauG2: fft 14 join  14/14  1/1 4/16
[36;22m[DEBUG] [39;1msnarkJS[0m: tauG2: fft 14 join  14/14  1/1 12/16
[36;22m[DEBUG] [39;1msnarkJS[0m: tauG2: fft 14 join  14/14  1/1 9/16
[36;22m[DEBUG] [39;1msnarkJS[0m: tauG2: fft 14 join  14/14  1/1 2/16
[36;22m[DEBUG] [39;1msnarkJS[0m: tauG2: fft 14 join  14/14  1/1 1/16
[36;22m[DEBUG] [39;1msnarkJS[0m: tauG2: fft 14 join  14/14  1/1 6/16
[36;22m[DEBUG] [39;1msnarkJS[0m: tauG2: fft 14 join  14/14  1/1 14/16
[36;22m[DEBUG] [39;1msnarkJS[0m: tauG2: fft 14 join  14/14  1/1 15/16
[36;22m[DEBUG] [39;1msnarkJS[0m: tauG2: fft 14 join  14/14  1/1 11/16
[36;22m[DEBUG] [39;1msnarkJS[0m: tauG2: fft 14 join  14/14  1/1 13/16
[36;22m[DEBUG] [39;1msnarkJS[0m: tauG2: fft 14 join  14/14  1/1 7/16
[36;22m[DEBUG] [39;1msnarkJS[0m: tauG2: fft 15 mix start: 0/32
[36;22m[DEBUG] [39;1msnarkJS[0m: tauG2: fft 15 mix start: 1/32
[36;22m[DEBUG] [39;1msnarkJS[0m: tauG2: fft 15 mix start: 2/32
[36;22m[DEBUG] [39;1msnarkJS[0m: tauG2: fft 15 mix start: 3/32
[36;22m[DEBUG] [39;1msnarkJS[0m: tauG2: fft 15 mix start: 4/32
[36;22m[DEBUG] [39;1msnarkJS[0m: tauG2: fft 15 mix start: 5/32
[36;22m[DEBUG] [39;1msnarkJS[0m: tauG2: fft 15 mix start: 6/32
[36;22m[DEBUG] [39;1msnarkJS[0m: tauG2: fft 15 mix start: 7/32
[36;22m[DEBUG] [39;1msnarkJS[0m: tauG2: fft 15 mix start: 8/32
[36;22m[DEBUG] [39;1msnarkJS[0m: tauG2: fft 15 mix start: 9/32
[36;22m[DEBUG] [39;1msnarkJS[0m: tauG2: fft 15 mix start: 10/32
[36;22m[DEBUG] [39;1msnarkJS[0m: tauG2: fft 15 mix start: 11/32
[36;22m[DEBUG] [39;1msnarkJS[0m: tauG2: fft 15 mix start: 12/32
[36;22m[DEBUG] [39;1msnarkJS[0m: tauG2: fft 15 mix start: 13/32
[36;22m[DEBUG] [39;1msnarkJS[0m: tauG2: fft 15 mix start: 14/32
[36;22m[DEBUG] [39;1msnarkJS[0m: tauG2: fft 15 mix start: 15/32
[36;22m[DEBUG] [39;1msnarkJS[0m: tauG2: fft 15 mix start: 16/32
[36;22m[DEBUG] [39;1msnarkJS[0m: tauG2: fft 15 mix start: 17/32
[36;22m[DEBUG] [39;1msnarkJS[0m: tauG2: fft 15 mix start: 18/32
[36;22m[DEBUG] [39;1msnarkJS[0m: tauG2: fft 15 mix start: 19/32
[36;22m[DEBUG] [39;1msnarkJS[0m: tauG2: fft 15 mix start: 20/32
[36;22m[DEBUG] [39;1msnarkJS[0m: tauG2: fft 15 mix start: 21/32
[36;22m[DEBUG] [39;1msnarkJS[0m: tauG2: fft 15 mix start: 22/32
[36;22m[DEBUG] [39;1msnarkJS[0m: tauG2: fft 15 mix start: 23/32
[36;22m[DEBUG] [39;1msnarkJS[0m: tauG2: fft 15 mix start: 24/32
[36;22m[DEBUG] [39;1msnarkJS[0m: tauG2: fft 15 mix start: 25/32
[36;22m[DEBUG] [39;1msnarkJS[0m: tauG2: fft 15 mix start: 26/32
[36;22m[DEBUG] [39;1msnarkJS[0m: tauG2: fft 15 mix start: 27/32
[36;22m[DEBUG] [39;1msnarkJS[0m: tauG2: fft 15 mix start: 28/32
[36;22m[DEBUG] [39;1msnarkJS[0m: tauG2: fft 15 mix start: 29/32
[36;22m[DEBUG] [39;1msnarkJS[0m: tauG2: fft 15 mix start: 30/32
[36;22m[DEBUG] [39;1msnarkJS[0m: tauG2: fft 15 mix start: 31/32
[36;22m[DEBUG] [39;1msnarkJS[0m: tauG2: fft 15 mix end: 1/32
[36;22m[DEBUG] [39;1msnarkJS[0m: tauG2: fft 15 mix end: 4/32
[36;22m[DEBUG] [39;1msnarkJS[0m: tauG2: fft 15 mix end: 16/32
[36;22m[DEBUG] [39;1msnarkJS[0m: tauG2: fft 15 mix end: 19/32
[36;22m[DEBUG] [39;1msnarkJS[0m: tauG2: fft 15 mix end: 7/32
[36;22m[DEBUG] [39;1msnarkJS[0m: tauG2: fft 15 mix end: 6/32
[36;22m[DEBUG] [39;1msnarkJS[0m: tauG2: fft 15 mix end: 0/32
[36;22m[DEBUG] [39;1msnarkJS[0m: tauG2: fft 15 mix end: 13/32
[36;22m[DEBUG] [39;1msnarkJS[0m: tauG2: fft 15 mix end: 14/32
[36;22m[DEBUG] [39;1msnarkJS[0m: tauG2: fft 15 mix end: 9/32
[36;22m[DEBUG] [39;1msnarkJS[0m: tauG2: fft 15 mix end: 5/32
[36;22m[DEBUG] [39;1msnarkJS[0m: tauG2: fft 15 mix end: 30/32
[36;22m[DEBUG] [39;1msnarkJS[0m: tauG2: fft 15 mix end: 26/32
[36;22m[DEBUG] [39;1msnarkJS[0m: tauG2: fft 15 mix end: 25/32
[36;22m[DEBUG] [39;1msnarkJS[0m: tauG2: fft 15 mix end: 23/32
[36;22m[DEBUG] [39;1msnarkJS[0m: tauG2: fft 15 mix end: 29/32
[36;22m[DEBUG] [39;1msnarkJS[0m: tauG2: fft 15 mix end: 12/32
[36;22m[DEBUG] [39;1msnarkJS[0m: tauG2: fft 15 mix end: 15/32
[36;22m[DEBUG] [39;1msnarkJS[0m: tauG2: fft 15 mix end: 28/32
[36;22m[DEBUG] [39;1msnarkJS[0m: tauG2: fft 15 mix end: 21/32
[36;22m[DEBUG] [39;1msnarkJS[0m: tauG2: fft 15 mix end: 8/32
[36;22m[DEBUG] [39;1msnarkJS[0m: tauG2: fft 15 mix end: 22/32
[36;22m[DEBUG] [39;1msnarkJS[0m: tauG2: fft 15 mix end: 18/32
[36;22m[DEBUG] [39;1msnarkJS[0m: tauG2: fft 15 mix end: 3/32
[36;22m[DEBUG] [39;1msnarkJS[0m: tauG2: fft 15 mix end: 17/32
[36;22m[DEBUG] [39;1msnarkJS[0m: tauG2: fft 15 mix end: 24/32
[36;22m[DEBUG] [39;1msnarkJS[0m: tauG2: fft 15 mix end: 2/32
[36;22m[DEBUG] [39;1msnarkJS[0m: tauG2: fft 15 mix end: 31/32
[36;22m[DEBUG] [39;1msnarkJS[0m: tauG2: fft 15 mix end: 11/32
[36;22m[DEBUG] [39;1msnarkJS[0m: tauG2: fft 15 mix end: 27/32
[36;22m[DEBUG] [39;1msnarkJS[0m: tauG2: fft 15 mix end: 20/32
[36;22m[DEBUG] [39;1msnarkJS[0m: tauG2: fft 15 mix end: 10/32
[36;22m[DEBUG] [39;1msnarkJS[0m: tauG2: fft  15  join: 11/15
[36;22m[DEBUG] [39;1msnarkJS[0m: tauG2: fft 15 join  11/15  6/16 0/1
[36;22m[DEBUG] [39;1msnarkJS[0m: tauG2: fft 15 join  11/15  11/16 0/1
[36;22m[DEBUG] [39;1msnarkJS[0m: tauG2: fft 15 join  11/15  5/16 0/1
[36;22m[DEBUG] [39;1msnarkJS[0m: tauG2: fft 15 join  11/15  9/16 0/1
[36;22m[DEBUG] [39;1msnarkJS[0m: tauG2: fft 15 join  11/15  15/16 0/1
[36;22m[DEBUG] [39;1msnarkJS[0m: tauG2: fft 15 join  11/15  2/16 0/1
[36;22m[DEBUG] [39;1msnarkJS[0m: tauG2: fft 15 join  11/15  1/16 0/1
[36;22m[DEBUG] [39;1msnarkJS[0m: tauG2: fft 15 join  11/15  13/16 0/1
[36;22m[DEBUG] [39;1msnarkJS[0m: tauG2: fft 15 join  11/15  3/16 0/1
[36;22m[DEBUG] [39;1msnarkJS[0m: tauG2: fft 15 join  11/15  4/16 0/1
[36;22m[DEBUG] [39;1msnarkJS[0m: tauG2: fft 15 join  11/15  10/16 0/1
[36;22m[DEBUG] [39;1msnarkJS[0m: tauG2: fft 15 join  11/15  14/16 0/1
[36;22m[DEBUG] [39;1msnarkJS[0m: tauG2: fft 15 join  11/15  16/16 0/1
[36;22m[DEBUG] [39;1msnarkJS[0m: tauG2: fft 15 join  11/15  7/16 0/1
[36;22m[DEBUG] [39;1msnarkJS[0m: tauG2: fft 15 join  11/15  12/16 0/1
[36;22m[DEBUG] [39;1msnarkJS[0m: tauG2: fft 15 join  11/15  8/16 0/1
[36;22m[DEBUG] [39;1msnarkJS[0m: tauG2: fft  15  join: 12/15
[36;22m[DEBUG] [39;1msnarkJS[0m: tauG2: fft 15 join  12/15  3/8 1/2
[36;22m[DEBUG] [39;1msnarkJS[0m: tauG2: fft 15 join  12/15  2/8 1/2
[36;22m[DEBUG] [39;1msnarkJS[0m: tauG2: fft 15 join  12/15  1/8 1/2
[36;22m[DEBUG] [39;1msnarkJS[0m: tauG2: fft 15 join  12/15  5/8 0/2
[36;22m[DEBUG] [39;1msnarkJS[0m: tauG2: fft 15 join  12/15  7/8 1/2
[36;22m[DEBUG] [39;1msnarkJS[0m: tauG2: fft 15 join  12/15  6/8 0/2
[36;22m[DEBUG] [39;1msnarkJS[0m: tauG2: fft 15 join  12/15  1/8 0/2
[36;22m[DEBUG] [39;1msnarkJS[0m: tauG2: fft 15 join  12/15  8/8 0/2
[36;22m[DEBUG] [39;1msnarkJS[0m: tauG2: fft 15 join  12/15  3/8 0/2
[36;22m[DEBUG] [39;1msnarkJS[0m: tauG2: fft 15 join  12/15  7/8 0/2
[36;22m[DEBUG] [39;1msnarkJS[0m: tauG2: fft 15 join  12/15  2/8 0/2
[36;22m[DEBUG] [39;1msnarkJS[0m: tauG2: fft 15 join  12/15  5/8 1/2
[36;22m[DEBUG] [39;1msnarkJS[0m: tauG2: fft 15 join  12/15  8/8 1/2
[36;22m[DEBUG] [39;1msnarkJS[0m: tauG2: fft 15 join  12/15  6/8 1/2
[36;22m[DEBUG] [39;1msnarkJS[0m: tauG2: fft 15 join  12/15  4/8 0/2
[36;22m[DEBUG] [39;1msnarkJS[0m: tauG2: fft 15 join  12/15  4/8 1/2
[36;22m[DEBUG] [39;1msnarkJS[0m: tauG2: fft  15  join: 13/15
[36;22m[DEBUG] [39;1msnarkJS[0m: tauG2: fft 15 join  13/15  4/4 2/4
[36;22m[DEBUG] [39;1msnarkJS[0m: tauG2: fft 15 join  13/15  3/4 2/4
[36;22m[DEBUG] [39;1msnarkJS[0m: tauG2: fft 15 join  13/15  2/4 1/4
[36;22m[DEBUG] [39;1msnarkJS[0m: tauG2: fft 15 join  13/15  1/4 3/4
[36;22m[DEBUG] [39;1msnarkJS[0m: tauG2: fft 15 join  13/15  1/4 1/4
[36;22m[DEBUG] [39;1msnarkJS[0m: tauG2: fft 15 join  13/15  3/4 0/4
[36;22m[DEBUG] [39;1msnarkJS[0m: tauG2: fft 15 join  13/15  2/4 2/4
[36;22m[DEBUG] [39;1msnarkJS[0m: tauG2: fft 15 join  13/15  1/4 0/4
[36;22m[DEBUG] [39;1msnarkJS[0m: tauG2: fft 15 join  13/15  4/4 0/4
[36;22m[DEBUG] [39;1msnarkJS[0m: tauG2: fft 15 join  13/15  1/4 2/4
[36;22m[DEBUG] [39;1msnarkJS[0m: tauG2: fft 15 join  13/15  4/4 1/4
[36;22m[DEBUG] [39;1msnarkJS[0m: tauG2: fft 15 join  13/15  2/4 0/4
[36;22m[DEBUG] [39;1msnarkJS[0m: tauG2: fft 15 join  13/15  3/4 1/4
[36;22m[DEBUG] [39;1msnarkJS[0m: tauG2: fft 15 join  13/15  4/4 3/4
[36;22m[DEBUG] [39;1msnarkJS[0m: tauG2: fft 15 join  13/15  3/4 3/4
[36;22m[DEBUG] [39;1msnarkJS[0m: tauG2: fft 15 join  13/15  2/4 3/4
[36;22m[DEBUG] [39;1msnarkJS[0m: tauG2: fft  15  join: 14/15
[36;22m[DEBUG] [39;1msnarkJS[0m: tauG2: fft 15 join  14/15  1/2 3/8
[36;22m[DEBUG] [39;1msnarkJS[0m: tauG2: fft 15 join  14/15  1/2 4/8
[36;22m[DEBUG] [39;1msnarkJS[0m: tauG2: fft 15 join  14/15  2/2 0/8
[36;22m[DEBUG] [39;1msnarkJS[0m: tauG2: fft 15 join  14/15  2/2 4/8
[36;22m[DEBUG] [39;1msnarkJS[0m: tauG2: fft 15 join  14/15  2/2 6/8
[36;22m[DEBUG] [39;1msnarkJS[0m: tauG2: fft 15 join  14/15  1/2 5/8
[36;22m[DEBUG] [39;1msnarkJS[0m: tauG2: fft 15 join  14/15  1/2 0/8
[36;22m[DEBUG] [39;1msnarkJS[0m: tauG2: fft 15 join  14/15  1/2 6/8
[36;22m[DEBUG] [39;1msnarkJS[0m: tauG2: fft 15 join  14/15  2/2 2/8
[36;22m[DEBUG] [39;1msnarkJS[0m: tauG2: fft 15 join  14/15  1/2 1/8
[36;22m[DEBUG] [39;1msnarkJS[0m: tauG2: fft 15 join  14/15  2/2 5/8
[36;22m[DEBUG] [39;1msnarkJS[0m: tauG2: fft 15 join  14/15  2/2 1/8
[36;22m[DEBUG] [39;1msnarkJS[0m: tauG2: fft 15 join  14/15  1/2 2/8
[36;22m[DEBUG] [39;1msnarkJS[0m: tauG2: fft 15 join  14/15  2/2 7/8
[36;22m[DEBUG] [39;1msnarkJS[0m: tauG2: fft 15 join  14/15  2/2 3/8
[36;22m[DEBUG] [39;1msnarkJS[0m: tauG2: fft 15 join  14/15  1/2 7/8
[36;22m[DEBUG] [39;1msnarkJS[0m: tauG2: fft  15  join: 15/15
[36;22m[DEBUG] [39;1msnarkJS[0m: tauG2: fft 15 join  15/15  1/1 8/16
[36;22m[DEBUG] [39;1msnarkJS[0m: tauG2: fft 15 join  15/15  1/1 10/16
[36;22m[DEBUG] [39;1msnarkJS[0m: tauG2: fft 15 join  15/15  1/1 14/16
[36;22m[DEBUG] [39;1msnarkJS[0m: tauG2: fft 15 join  15/15  1/1 4/16
[36;22m[DEBUG] [39;1msnarkJS[0m: tauG2: fft 15 join  15/15  1/1 5/16
[36;22m[DEBUG] [39;1msnarkJS[0m: tauG2: fft 15 join  15/15  1/1 1/16
[36;22m[DEBUG] [39;1msnarkJS[0m: tauG2: fft 15 join  15/15  1/1 12/16
[36;22m[DEBUG] [39;1msnarkJS[0m: tauG2: fft 15 join  15/15  1/1 0/16
[36;22m[DEBUG] [39;1msnarkJS[0m: tauG2: fft 15 join  15/15  1/1 3/16
[36;22m[DEBUG] [39;1msnarkJS[0m: tauG2: fft 15 join  15/15  1/1 6/16
[36;22m[DEBUG] [39;1msnarkJS[0m: tauG2: fft 15 join  15/15  1/1 2/16
[36;22m[DEBUG] [39;1msnarkJS[0m: tauG2: fft 15 join  15/15  1/1 9/16
[36;22m[DEBUG] [39;1msnarkJS[0m: tauG2: fft 15 join  15/15  1/1 15/16
[36;22m[DEBUG] [39;1msnarkJS[0m: tauG2: fft 15 join  15/15  1/1 11/16
[36;22m[DEBUG] [39;1msnarkJS[0m: tauG2: fft 15 join  15/15  1/1 7/16
[36;22m[DEBUG] [39;1msnarkJS[0m: tauG2: fft 15 join  15/15  1/1 13/16
[36;22m[DEBUG] [39;1msnarkJS[0m: tauG2: fft 16 mix start: 0/32
[36;22m[DEBUG] [39;1msnarkJS[0m: tauG2: fft 16 mix start: 1/32
[36;22m[DEBUG] [39;1msnarkJS[0m: tauG2: fft 16 mix start: 2/32
[36;22m[DEBUG] [39;1msnarkJS[0m: tauG2: fft 16 mix start: 3/32
[36;22m[DEBUG] [39;1msnarkJS[0m: tauG2: fft 16 mix start: 4/32
[36;22m[DEBUG] [39;1msnarkJS[0m: tauG2: fft 16 mix start: 5/32
[36;22m[DEBUG] [39;1msnarkJS[0m: tauG2: fft 16 mix start: 6/32
[36;22m[DEBUG] [39;1msnarkJS[0m: tauG2: fft 16 mix start: 7/32
[36;22m[DEBUG] [39;1msnarkJS[0m: tauG2: fft 16 mix start: 8/32
[36;22m[DEBUG] [39;1msnarkJS[0m: tauG2: fft 16 mix start: 9/32
[36;22m[DEBUG] [39;1msnarkJS[0m: tauG2: fft 16 mix start: 10/32
[36;22m[DEBUG] [39;1msnarkJS[0m: tauG2: fft 16 mix start: 11/32
[36;22m[DEBUG] [39;1msnarkJS[0m: tauG2: fft 16 mix start: 12/32
[36;22m[DEBUG] [39;1msnarkJS[0m: tauG2: fft 16 mix start: 13/32
[36;22m[DEBUG] [39;1msnarkJS[0m: tauG2: fft 16 mix start: 14/32
[36;22m[DEBUG] [39;1msnarkJS[0m: tauG2: fft 16 mix start: 15/32
[36;22m[DEBUG] [39;1msnarkJS[0m: tauG2: fft 16 mix start: 16/32
[36;22m[DEBUG] [39;1msnarkJS[0m: tauG2: fft 16 mix start: 17/32
[36;22m[DEBUG] [39;1msnarkJS[0m: tauG2: fft 16 mix start: 18/32
[36;22m[DEBUG] [39;1msnarkJS[0m: tauG2: fft 16 mix start: 19/32
[36;22m[DEBUG] [39;1msnarkJS[0m: tauG2: fft 16 mix start: 20/32
[36;22m[DEBUG] [39;1msnarkJS[0m: tauG2: fft 16 mix start: 21/32
[36;22m[DEBUG] [39;1msnarkJS[0m: tauG2: fft 16 mix start: 22/32
[36;22m[DEBUG] [39;1msnarkJS[0m: tauG2: fft 16 mix start: 23/32
[36;22m[DEBUG] [39;1msnarkJS[0m: tauG2: fft 16 mix start: 24/32
[36;22m[DEBUG] [39;1msnarkJS[0m: tauG2: fft 16 mix start: 25/32
[36;22m[DEBUG] [39;1msnarkJS[0m: tauG2: fft 16 mix start: 26/32
[36;22m[DEBUG] [39;1msnarkJS[0m: tauG2: fft 16 mix start: 27/32
[36;22m[DEBUG] [39;1msnarkJS[0m: tauG2: fft 16 mix start: 28/32
[36;22m[DEBUG] [39;1msnarkJS[0m: tauG2: fft 16 mix start: 29/32
[36;22m[DEBUG] [39;1msnarkJS[0m: tauG2: fft 16 mix start: 30/32
[36;22m[DEBUG] [39;1msnarkJS[0m: tauG2: fft 16 mix start: 31/32
[36;22m[DEBUG] [39;1msnarkJS[0m: tauG2: fft 16 mix end: 4/32
[36;22m[DEBUG] [39;1msnarkJS[0m: tauG2: fft 16 mix end: 16/32
[36;22m[DEBUG] [39;1msnarkJS[0m: tauG2: fft 16 mix end: 3/32
[36;22m[DEBUG] [39;1msnarkJS[0m: tauG2: fft 16 mix end: 13/32
[36;22m[DEBUG] [39;1msnarkJS[0m: tauG2: fft 16 mix end: 2/32
[36;22m[DEBUG] [39;1msnarkJS[0m: tauG2: fft 16 mix end: 6/32
[36;22m[DEBUG] [39;1msnarkJS[0m: tauG2: fft 16 mix end: 30/32
[36;22m[DEBUG] [39;1msnarkJS[0m: tauG2: fft 16 mix end: 18/32
[36;22m[DEBUG] [39;1msnarkJS[0m: tauG2: fft 16 mix end: 31/32
[36;22m[DEBUG] [39;1msnarkJS[0m: tauG2: fft 16 mix end: 0/32
[36;22m[DEBUG] [39;1msnarkJS[0m: tauG2: fft 16 mix end: 22/32
[36;22m[DEBUG] [39;1msnarkJS[0m: tauG2: fft 16 mix end: 5/32
[36;22m[DEBUG] [39;1msnarkJS[0m: tauG2: fft 16 mix end: 1/32
[36;22m[DEBUG] [39;1msnarkJS[0m: tauG2: fft 16 mix end: 17/32
[36;22m[DEBUG] [39;1msnarkJS[0m: tauG2: fft 16 mix end: 21/32
[36;22m[DEBUG] [39;1msnarkJS[0m: tauG2: fft 16 mix end: 28/32
[36;22m[DEBUG] [39;1msnarkJS[0m: tauG2: fft 16 mix end: 19/32
[36;22m[DEBUG] [39;1msnarkJS[0m: tauG2: fft 16 mix end: 9/32
[36;22m[DEBUG] [39;1msnarkJS[0m: tauG2: fft 16 mix end: 26/32
[36;22m[DEBUG] [39;1msnarkJS[0m: tauG2: fft 16 mix end: 20/32
[36;22m[DEBUG] [39;1msnarkJS[0m: tauG2: fft 16 mix end: 8/32
[36;22m[DEBUG] [39;1msnarkJS[0m: tauG2: fft 16 mix end: 27/32
[36;22m[DEBUG] [39;1msnarkJS[0m: tauG2: fft 16 mix end: 10/32
[36;22m[DEBUG] [39;1msnarkJS[0m: tauG2: fft 16 mix end: 11/32
[36;22m[DEBUG] [39;1msnarkJS[0m: tauG2: fft 16 mix end: 14/32
[36;22m[DEBUG] [39;1msnarkJS[0m: tauG2: fft 16 mix end: 24/32
[36;22m[DEBUG] [39;1msnarkJS[0m: tauG2: fft 16 mix end: 23/32
[36;22m[DEBUG] [39;1msnarkJS[0m: tauG2: fft 16 mix end: 15/32
[36;22m[DEBUG] [39;1msnarkJS[0m: tauG2: fft 16 mix end: 25/32
[36;22m[DEBUG] [39;1msnarkJS[0m: tauG2: fft 16 mix end: 29/32
[36;22m[DEBUG] [39;1msnarkJS[0m: tauG2: fft 16 mix end: 12/32
[36;22m[DEBUG] [39;1msnarkJS[0m: tauG2: fft 16 mix end: 7/32
[36;22m[DEBUG] [39;1msnarkJS[0m: tauG2: fft  16  join: 12/16
[36;22m[DEBUG] [39;1msnarkJS[0m: tauG2: fft 16 join  12/16  6/16 0/1
[36;22m[DEBUG] [39;1msnarkJS[0m: tauG2: fft 16 join  12/16  14/16 0/1
[36;22m[DEBUG] [39;1msnarkJS[0m: tauG2: fft 16 join  12/16  15/16 0/1
[36;22m[DEBUG] [39;1msnarkJS[0m: tauG2: fft 16 join  12/16  11/16 0/1
[36;22m[DEBUG] [39;1msnarkJS[0m: tauG2: fft 16 join  12/16  9/16 0/1
[36;22m[DEBUG] [39;1msnarkJS[0m: tauG2: fft 16 join  12/16  2/16 0/1
[36;22m[DEBUG] [39;1msnarkJS[0m: tauG2: fft 16 join  12/16  5/16 0/1
[36;22m[DEBUG] [39;1msnarkJS[0m: tauG2: fft 16 join  12/16  10/16 0/1
[36;22m[DEBUG] [39;1msnarkJS[0m: tauG2: fft 16 join  12/16  1/16 0/1
[36;22m[DEBUG] [39;1msnarkJS[0m: tauG2: fft 16 join  12/16  3/16 0/1
[36;22m[DEBUG] [39;1msnarkJS[0m: tauG2: fft 16 join  12/16  4/16 0/1
[36;22m[DEBUG] [39;1msnarkJS[0m: tauG2: fft 16 join  12/16  16/16 0/1
[36;22m[DEBUG] [39;1msnarkJS[0m: tauG2: fft 16 join  12/16  7/16 0/1
[36;22m[DEBUG] [39;1msnarkJS[0m: tauG2: fft 16 join  12/16  8/16 0/1
[36;22m[DEBUG] [39;1msnarkJS[0m: tauG2: fft 16 join  12/16  13/16 0/1
[36;22m[DEBUG] [39;1msnarkJS[0m: tauG2: fft 16 join  12/16  12/16 0/1
[36;22m[DEBUG] [39;1msnarkJS[0m: tauG2: fft  16  join: 13/16
[36;22m[DEBUG] [39;1msnarkJS[0m: tauG2: fft 16 join  13/16  1/8 1/2
[36;22m[DEBUG] [39;1msnarkJS[0m: tauG2: fft 16 join  13/16  6/8 0/2
[36;22m[DEBUG] [39;1msnarkJS[0m: tauG2: fft 16 join  13/16  3/8 1/2
[36;22m[DEBUG] [39;1msnarkJS[0m: tauG2: fft 16 join  13/16  5/8 0/2
[36;22m[DEBUG] [39;1msnarkJS[0m: tauG2: fft 16 join  13/16  7/8 0/2
[36;22m[DEBUG] [39;1msnarkJS[0m: tauG2: fft 16 join  13/16  8/8 0/2
[36;22m[DEBUG] [39;1msnarkJS[0m: tauG2: fft 16 join  13/16  3/8 0/2
[36;22m[DEBUG] [39;1msnarkJS[0m: tauG2: fft 16 join  13/16  2/8 1/2
[36;22m[DEBUG] [39;1msnarkJS[0m: tauG2: fft 16 join  13/16  7/8 1/2
[36;22m[DEBUG] [39;1msnarkJS[0m: tauG2: fft 16 join  13/16  2/8 0/2
[36;22m[DEBUG] [39;1msnarkJS[0m: tauG2: fft 16 join  13/16  5/8 1/2
[36;22m[DEBUG] [39;1msnarkJS[0m: tauG2: fft 16 join  13/16  1/8 0/2
[36;22m[DEBUG] [39;1msnarkJS[0m: tauG2: fft 16 join  13/16  4/8 0/2
[36;22m[DEBUG] [39;1msnarkJS[0m: tauG2: fft 16 join  13/16  8/8 1/2
[36;22m[DEBUG] [39;1msnarkJS[0m: tauG2: fft 16 join  13/16  6/8 1/2
[36;22m[DEBUG] [39;1msnarkJS[0m: tauG2: fft 16 join  13/16  4/8 1/2
[36;22m[DEBUG] [39;1msnarkJS[0m: tauG2: fft  16  join: 14/16
[36;22m[DEBUG] [39;1msnarkJS[0m: tauG2: fft 16 join  14/16  4/4 1/4
[36;22m[DEBUG] [39;1msnarkJS[0m: tauG2: fft 16 join  14/16  3/4 2/4
[36;22m[DEBUG] [39;1msnarkJS[0m: tauG2: fft 16 join  14/16  2/4 1/4
[36;22m[DEBUG] [39;1msnarkJS[0m: tauG2: fft 16 join  14/16  1/4 1/4
[36;22m[DEBUG] [39;1msnarkJS[0m: tauG2: fft 16 join  14/16  4/4 2/4
[36;22m[DEBUG] [39;1msnarkJS[0m: tauG2: fft 16 join  14/16  3/4 0/4
[36;22m[DEBUG] [39;1msnarkJS[0m: tauG2: fft 16 join  14/16  2/4 0/4
[36;22m[DEBUG] [39;1msnarkJS[0m: tauG2: fft 16 join  14/16  1/4 3/4
[36;22m[DEBUG] [39;1msnarkJS[0m: tauG2: fft 16 join  14/16  3/4 1/4
[36;22m[DEBUG] [39;1msnarkJS[0m: tauG2: fft 16 join  14/16  1/4 0/4
[36;22m[DEBUG] [39;1msnarkJS[0m: tauG2: fft 16 join  14/16  4/4 0/4
[36;22m[DEBUG] [39;1msnarkJS[0m: tauG2: fft 16 join  14/16  1/4 2/4
[36;22m[DEBUG] [39;1msnarkJS[0m: tauG2: fft 16 join  14/16  2/4 2/4
[36;22m[DEBUG] [39;1msnarkJS[0m: tauG2: fft 16 join  14/16  4/4 3/4
[36;22m[DEBUG] [39;1msnarkJS[0m: tauG2: fft 16 join  14/16  3/4 3/4
[36;22m[DEBUG] [39;1msnarkJS[0m: tauG2: fft 16 join  14/16  2/4 3/4
[36;22m[DEBUG] [39;1msnarkJS[0m: tauG2: fft  16  join: 15/16
[36;22m[DEBUG] [39;1msnarkJS[0m: tauG2: fft 16 join  15/16  1/2 4/8
[36;22m[DEBUG] [39;1msnarkJS[0m: tauG2: fft 16 join  15/16  2/2 5/8
[36;22m[DEBUG] [39;1msnarkJS[0m: tauG2: fft 16 join  15/16  1/2 5/8
[36;22m[DEBUG] [39;1msnarkJS[0m: tauG2: fft 16 join  15/16  2/2 0/8
[36;22m[DEBUG] [39;1msnarkJS[0m: tauG2: fft 16 join  15/16  2/2 4/8
[36;22m[DEBUG] [39;1msnarkJS[0m: tauG2: fft 16 join  15/16  2/2 2/8
[36;22m[DEBUG] [39;1msnarkJS[0m: tauG2: fft 16 join  15/16  1/2 1/8
[36;22m[DEBUG] [39;1msnarkJS[0m: tauG2: fft 16 join  15/16  1/2 3/8
[36;22m[DEBUG] [39;1msnarkJS[0m: tauG2: fft 16 join  15/16  1/2 6/8
[36;22m[DEBUG] [39;1msnarkJS[0m: tauG2: fft 16 join  15/16  2/2 6/8
[36;22m[DEBUG] [39;1msnarkJS[0m: tauG2: fft 16 join  15/16  1/2 2/8
[36;22m[DEBUG] [39;1msnarkJS[0m: tauG2: fft 16 join  15/16  2/2 1/8
[36;22m[DEBUG] [39;1msnarkJS[0m: tauG2: fft 16 join  15/16  1/2 0/8
[36;22m[DEBUG] [39;1msnarkJS[0m: tauG2: fft 16 join  15/16  2/2 7/8
[36;22m[DEBUG] [39;1msnarkJS[0m: tauG2: fft 16 join  15/16  2/2 3/8
[36;22m[DEBUG] [39;1msnarkJS[0m: tauG2: fft 16 join  15/16  1/2 7/8
[36;22m[DEBUG] [39;1msnarkJS[0m: tauG2: fft  16  join: 16/16
[36;22m[DEBUG] [39;1msnarkJS[0m: tauG2: fft 16 join  16/16  1/1 1/16
[36;22m[DEBUG] [39;1msnarkJS[0m: tauG2: fft 16 join  16/16  1/1 10/16
[36;22m[DEBUG] [39;1msnarkJS[0m: tauG2: fft 16 join  16/16  1/1 12/16
[36;22m[DEBUG] [39;1msnarkJS[0m: tauG2: fft 16 join  16/16  1/1 4/16
[36;22m[DEBUG] [39;1msnarkJS[0m: tauG2: fft 16 join  16/16  1/1 14/16
[36;22m[DEBUG] [39;1msnarkJS[0m: tauG2: fft 16 join  16/16  1/1 8/16
[36;22m[DEBUG] [39;1msnarkJS[0m: tauG2: fft 16 join  16/16  1/1 6/16
[36;22m[DEBUG] [39;1msnarkJS[0m: tauG2: fft 16 join  16/16  1/1 5/16
[36;22m[DEBUG] [39;1msnarkJS[0m: tauG2: fft 16 join  16/16  1/1 3/16
[36;22m[DEBUG] [39;1msnarkJS[0m: tauG2: fft 16 join  16/16  1/1 0/16
[36;22m[DEBUG] [39;1msnarkJS[0m: tauG2: fft 16 join  16/16  1/1 2/16
[36;22m[DEBUG] [39;1msnarkJS[0m: tauG2: fft 16 join  16/16  1/1 9/16
[36;22m[DEBUG] [39;1msnarkJS[0m: tauG2: fft 16 join  16/16  1/1 15/16
[36;22m[DEBUG] [39;1msnarkJS[0m: tauG2: fft 16 join  16/16  1/1 11/16
[36;22m[DEBUG] [39;1msnarkJS[0m: tauG2: fft 16 join  16/16  1/1 13/16
[36;22m[DEBUG] [39;1msnarkJS[0m: tauG2: fft 16 join  16/16  1/1 7/16
[36;22m[DEBUG] [39;1msnarkJS[0m: tauG2: fft 17 mix start: 0/32
[36;22m[DEBUG] [39;1msnarkJS[0m: tauG2: fft 17 mix start: 1/32
[36;22m[DEBUG] [39;1msnarkJS[0m: tauG2: fft 17 mix start: 2/32
[36;22m[DEBUG] [39;1msnarkJS[0m: tauG2: fft 17 mix start: 3/32
[36;22m[DEBUG] [39;1msnarkJS[0m: tauG2: fft 17 mix start: 4/32
[36;22m[DEBUG] [39;1msnarkJS[0m: tauG2: fft 17 mix start: 5/32
[36;22m[DEBUG] [39;1msnarkJS[0m: tauG2: fft 17 mix start: 6/32
[36;22m[DEBUG] [39;1msnarkJS[0m: tauG2: fft 17 mix start: 7/32
[36;22m[DEBUG] [39;1msnarkJS[0m: tauG2: fft 17 mix start: 8/32
[36;22m[DEBUG] [39;1msnarkJS[0m: tauG2: fft 17 mix start: 9/32
[36;22m[DEBUG] [39;1msnarkJS[0m: tauG2: fft 17 mix start: 10/32
[36;22m[DEBUG] [39;1msnarkJS[0m: tauG2: fft 17 mix start: 11/32
[36;22m[DEBUG] [39;1msnarkJS[0m: tauG2: fft 17 mix start: 12/32
[36;22m[DEBUG] [39;1msnarkJS[0m: tauG2: fft 17 mix start: 13/32
[36;22m[DEBUG] [39;1msnarkJS[0m: tauG2: fft 17 mix start: 14/32
[36;22m[DEBUG] [39;1msnarkJS[0m: tauG2: fft 17 mix start: 15/32
[36;22m[DEBUG] [39;1msnarkJS[0m: tauG2: fft 17 mix start: 16/32
[36;22m[DEBUG] [39;1msnarkJS[0m: tauG2: fft 17 mix start: 17/32
[36;22m[DEBUG] [39;1msnarkJS[0m: tauG2: fft 17 mix start: 18/32
[36;22m[DEBUG] [39;1msnarkJS[0m: tauG2: fft 17 mix start: 19/32
[36;22m[DEBUG] [39;1msnarkJS[0m: tauG2: fft 17 mix start: 20/32
[36;22m[DEBUG] [39;1msnarkJS[0m: tauG2: fft 17 mix start: 21/32
[36;22m[DEBUG] [39;1msnarkJS[0m: tauG2: fft 17 mix start: 22/32
[36;22m[DEBUG] [39;1msnarkJS[0m: tauG2: fft 17 mix start: 23/32
[36;22m[DEBUG] [39;1msnarkJS[0m: tauG2: fft 17 mix start: 24/32
[36;22m[DEBUG] [39;1msnarkJS[0m: tauG2: fft 17 mix start: 25/32
[36;22m[DEBUG] [39;1msnarkJS[0m: tauG2: fft 17 mix start: 26/32
[36;22m[DEBUG] [39;1msnarkJS[0m: tauG2: fft 17 mix start: 27/32
[36;22m[DEBUG] [39;1msnarkJS[0m: tauG2: fft 17 mix start: 28/32
[36;22m[DEBUG] [39;1msnarkJS[0m: tauG2: fft 17 mix start: 29/32
[36;22m[DEBUG] [39;1msnarkJS[0m: tauG2: fft 17 mix start: 30/32
[36;22m[DEBUG] [39;1msnarkJS[0m: tauG2: fft 17 mix start: 31/32
[36;22m[DEBUG] [39;1msnarkJS[0m: tauG2: fft 17 mix end: 4/32
[36;22m[DEBUG] [39;1msnarkJS[0m: tauG2: fft 17 mix end: 14/32
[36;22m[DEBUG] [39;1msnarkJS[0m: tauG2: fft 17 mix end: 24/32
[36;22m[DEBUG] [39;1msnarkJS[0m: tauG2: fft 17 mix end: 31/32
[36;22m[DEBUG] [39;1msnarkJS[0m: tauG2: fft 17 mix end: 13/32
[36;22m[DEBUG] [39;1msnarkJS[0m: tauG2: fft 17 mix end: 8/32
[36;22m[DEBUG] [39;1msnarkJS[0m: tauG2: fft 17 mix end: 7/32
[36;22m[DEBUG] [39;1msnarkJS[0m: tauG2: fft 17 mix end: 0/32
[36;22m[DEBUG] [39;1msnarkJS[0m: tauG2: fft 17 mix end: 19/32
[36;22m[DEBUG] [39;1msnarkJS[0m: tauG2: fft 17 mix end: 3/32
[36;22m[DEBUG] [39;1msnarkJS[0m: tauG2: fft 17 mix end: 2/32
[36;22m[DEBUG] [39;1msnarkJS[0m: tauG2: fft 17 mix end: 10/32
[36;22m[DEBUG] [39;1msnarkJS[0m: tauG2: fft 17 mix end: 20/32
[36;22m[DEBUG] [39;1msnarkJS[0m: tauG2: fft 17 mix end: 1/32
[36;22m[DEBUG] [39;1msnarkJS[0m: tauG2: fft 17 mix end: 6/32
[36;22m[DEBUG] [39;1msnarkJS[0m: tauG2: fft 17 mix end: 27/32
[36;22m[DEBUG] [39;1msnarkJS[0m: tauG2: fft 17 mix end: 17/32
[36;22m[DEBUG] [39;1msnarkJS[0m: tauG2: fft 17 mix end: 22/32
[36;22m[DEBUG] [39;1msnarkJS[0m: tauG2: fft 17 mix end: 28/32
[36;22m[DEBUG] [39;1msnarkJS[0m: tauG2: fft 17 mix end: 25/32
[36;22m[DEBUG] [39;1msnarkJS[0m: tauG2: fft 17 mix end: 9/32
[36;22m[DEBUG] [39;1msnarkJS[0m: tauG2: fft 17 mix end: 5/32
[36;22m[DEBUG] [39;1msnarkJS[0m: tauG2: fft 17 mix end: 26/32
[36;22m[DEBUG] [39;1msnarkJS[0m: tauG2: fft 17 mix end: 18/32
[36;22m[DEBUG] [39;1msnarkJS[0m: tauG2: fft 17 mix end: 30/32
[36;22m[DEBUG] [39;1msnarkJS[0m: tauG2: fft 17 mix end: 21/32
[36;22m[DEBUG] [39;1msnarkJS[0m: tauG2: fft 17 mix end: 15/32
[36;22m[DEBUG] [39;1msnarkJS[0m: tauG2: fft 17 mix end: 16/32
[36;22m[DEBUG] [39;1msnarkJS[0m: tauG2: fft 17 mix end: 23/32
[36;22m[DEBUG] [39;1msnarkJS[0m: tauG2: fft 17 mix end: 11/32
[36;22m[DEBUG] [39;1msnarkJS[0m: tauG2: fft 17 mix end: 29/32
[36;22m[DEBUG] [39;1msnarkJS[0m: tauG2: fft 17 mix end: 12/32
[36;22m[DEBUG] [39;1msnarkJS[0m: tauG2: fft  17  join: 13/17
[36;22m[DEBUG] [39;1msnarkJS[0m: tauG2: fft 17 join  13/17  9/16 0/1
[36;22m[DEBUG] [39;1msnarkJS[0m: tauG2: fft 17 join  13/17  11/16 0/1
[36;22m[DEBUG] [39;1msnarkJS[0m: tauG2: fft 17 join  13/17  7/16 0/1
[36;22m[DEBUG] [39;1msnarkJS[0m: tauG2: fft 17 join  13/17  2/16 0/1
[36;22m[DEBUG] [39;1msnarkJS[0m: tauG2: fft 17 join  13/17  6/16 0/1
[36;22m[DEBUG] [39;1msnarkJS[0m: tauG2: fft 17 join  13/17  13/16 0/1
[36;22m[DEBUG] [39;1msnarkJS[0m: tauG2: fft 17 join  13/17  14/16 0/1
[36;22m[DEBUG] [39;1msnarkJS[0m: tauG2: fft 17 join  13/17  5/16 0/1
[36;22m[DEBUG] [39;1msnarkJS[0m: tauG2: fft 17 join  13/17  3/16 0/1
[36;22m[DEBUG] [39;1msnarkJS[0m: tauG2: fft 17 join  13/17  10/16 0/1
[36;22m[DEBUG] [39;1msnarkJS[0m: tauG2: fft 17 join  13/17  1/16 0/1
[36;22m[DEBUG] [39;1msnarkJS[0m: tauG2: fft 17 join  13/17  4/16 0/1
[36;22m[DEBUG] [39;1msnarkJS[0m: tauG2: fft 17 join  13/17  12/16 0/1
[36;22m[DEBUG] [39;1msnarkJS[0m: tauG2: fft 17 join  13/17  16/16 0/1
[36;22m[DEBUG] [39;1msnarkJS[0m: tauG2: fft 17 join  13/17  15/16 0/1
[36;22m[DEBUG] [39;1msnarkJS[0m: tauG2: fft 17 join  13/17  8/16 0/1
[36;22m[DEBUG] [39;1msnarkJS[0m: tauG2: fft  17  join: 14/17
[36;22m[DEBUG] [39;1msnarkJS[0m: tauG2: fft 17 join  14/17  5/8 0/2
[36;22m[DEBUG] [39;1msnarkJS[0m: tauG2: fft 17 join  14/17  7/8 0/2
[36;22m[DEBUG] [39;1msnarkJS[0m: tauG2: fft 17 join  14/17  4/8 0/2
[36;22m[DEBUG] [39;1msnarkJS[0m: tauG2: fft 17 join  14/17  6/8 0/2
[36;22m[DEBUG] [39;1msnarkJS[0m: tauG2: fft 17 join  14/17  3/8 0/2
[36;22m[DEBUG] [39;1msnarkJS[0m: tauG2: fft 17 join  14/17  1/8 1/2
[36;22m[DEBUG] [39;1msnarkJS[0m: tauG2: fft 17 join  14/17  7/8 1/2
[36;22m[DEBUG] [39;1msnarkJS[0m: tauG2: fft 17 join  14/17  5/8 1/2
[36;22m[DEBUG] [39;1msnarkJS[0m: tauG2: fft 17 join  14/17  2/8 0/2
[36;22m[DEBUG] [39;1msnarkJS[0m: tauG2: fft 17 join  14/17  1/8 0/2
[36;22m[DEBUG] [39;1msnarkJS[0m: tauG2: fft 17 join  14/17  2/8 1/2
[36;22m[DEBUG] [39;1msnarkJS[0m: tauG2: fft 17 join  14/17  6/8 1/2
[36;22m[DEBUG] [39;1msnarkJS[0m: tauG2: fft 17 join  14/17  8/8 1/2
[36;22m[DEBUG] [39;1msnarkJS[0m: tauG2: fft 17 join  14/17  3/8 1/2
[36;22m[DEBUG] [39;1msnarkJS[0m: tauG2: fft 17 join  14/17  8/8 0/2
[36;22m[DEBUG] [39;1msnarkJS[0m: tauG2: fft 17 join  14/17  4/8 1/2
[36;22m[DEBUG] [39;1msnarkJS[0m: tauG2: fft  17  join: 15/17
[36;22m[DEBUG] [39;1msnarkJS[0m: tauG2: fft 17 join  15/17  2/4 2/4
[36;22m[DEBUG] [39;1msnarkJS[0m: tauG2: fft 17 join  15/17  3/4 0/4
[36;22m[DEBUG] [39;1msnarkJS[0m: tauG2: fft 17 join  15/17  3/4 2/4
[36;22m[DEBUG] [39;1msnarkJS[0m: tauG2: fft 17 join  15/17  4/4 0/4
[36;22m[DEBUG] [39;1msnarkJS[0m: tauG2: fft 17 join  15/17  2/4 0/4
[36;22m[DEBUG] [39;1msnarkJS[0m: tauG2: fft 17 join  15/17  3/4 1/4
[36;22m[DEBUG] [39;1msnarkJS[0m: tauG2: fft 17 join  15/17  2/4 1/4
[36;22m[DEBUG] [39;1msnarkJS[0m: tauG2: fft 17 join  15/17  4/4 1/4
[36;22m[DEBUG] [39;1msnarkJS[0m: tauG2: fft 17 join  15/17  1/4 2/4
[36;22m[DEBUG] [39;1msnarkJS[0m: tauG2: fft 17 join  15/17  1/4 1/4
[36;22m[DEBUG] [39;1msnarkJS[0m: tauG2: fft 17 join  15/17  4/4 2/4
[36;22m[DEBUG] [39;1msnarkJS[0m: tauG2: fft 17 join  15/17  1/4 3/4
[36;22m[DEBUG] [39;1msnarkJS[0m: tauG2: fft 17 join  15/17  1/4 0/4
[36;22m[DEBUG] [39;1msnarkJS[0m: tauG2: fft 17 join  15/17  3/4 3/4
[36;22m[DEBUG] [39;1msnarkJS[0m: tauG2: fft 17 join  15/17  4/4 3/4
[36;22m[DEBUG] [39;1msnarkJS[0m: tauG2: fft 17 join  15/17  2/4 3/4
[36;22m[DEBUG] [39;1msnarkJS[0m: tauG2: fft  17  join: 16/17
[36;22m[DEBUG] [39;1msnarkJS[0m: tauG2: fft 17 join  16/17  1/2 4/8
[36;22m[DEBUG] [39;1msnarkJS[0m: tauG2: fft 17 join  16/17  2/2 0/8
[36;22m[DEBUG] [39;1msnarkJS[0m: tauG2: fft 17 join  16/17  1/2 5/8
[36;22m[DEBUG] [39;1msnarkJS[0m: tauG2: fft 17 join  16/17  1/2 6/8
[36;22m[DEBUG] [39;1msnarkJS[0m: tauG2: fft 17 join  16/17  1/2 1/8
[36;22m[DEBUG] [39;1msnarkJS[0m: tauG2: fft 17 join  16/17  2/2 2/8
[36;22m[DEBUG] [39;1msnarkJS[0m: tauG2: fft 17 join  16/17  2/2 4/8
[36;22m[DEBUG] [39;1msnarkJS[0m: tauG2: fft 17 join  16/17  2/2 1/8
[36;22m[DEBUG] [39;1msnarkJS[0m: tauG2: fft 17 join  16/17  2/2 5/8
[36;22m[DEBUG] [39;1msnarkJS[0m: tauG2: fft 17 join  16/17  1/2 2/8
[36;22m[DEBUG] [39;1msnarkJS[0m: tauG2: fft 17 join  16/17  1/2 3/8
[36;22m[DEBUG] [39;1msnarkJS[0m: tauG2: fft 17 join  16/17  1/2 0/8
[36;22m[DEBUG] [39;1msnarkJS[0m: tauG2: fft 17 join  16/17  2/2 3/8
[36;22m[DEBUG] [39;1msnarkJS[0m: tauG2: fft 17 join  16/17  2/2 6/8
[36;22m[DEBUG] [39;1msnarkJS[0m: tauG2: fft 17 join  16/17  2/2 7/8
[36;22m[DEBUG] [39;1msnarkJS[0m: tauG2: fft 17 join  16/17  1/2 7/8
[36;22m[DEBUG] [39;1msnarkJS[0m: tauG2: fft  17  join: 17/17
[36;22m[DEBUG] [39;1msnarkJS[0m: tauG2: fft 17 join  17/17  1/1 8/16
[36;22m[DEBUG] [39;1msnarkJS[0m: tauG2: fft 17 join  17/17  1/1 4/16
[36;22m[DEBUG] [39;1msnarkJS[0m: tauG2: fft 17 join  17/17  1/1 6/16
[36;22m[DEBUG] [39;1msnarkJS[0m: tauG2: fft 17 join  17/17  1/1 10/16
[36;22m[DEBUG] [39;1msnarkJS[0m: tauG2: fft 17 join  17/17  1/1 12/16
[36;22m[DEBUG] [39;1msnarkJS[0m: tauG2: fft 17 join  17/17  1/1 1/16
[36;22m[DEBUG] [39;1msnarkJS[0m: tauG2: fft 17 join  17/17  1/1 9/16
[36;22m[DEBUG] [39;1msnarkJS[0m: tauG2: fft 17 join  17/17  1/1 5/16
[36;22m[DEBUG] [39;1msnarkJS[0m: tauG2: fft 17 join  17/17  1/1 2/16
[36;22m[DEBUG] [39;1msnarkJS[0m: tauG2: fft 17 join  17/17  1/1 3/16
[36;22m[DEBUG] [39;1msnarkJS[0m: tauG2: fft 17 join  17/17  1/1 0/16
[36;22m[DEBUG] [39;1msnarkJS[0m: tauG2: fft 17 join  17/17  1/1 11/16
[36;22m[DEBUG] [39;1msnarkJS[0m: tauG2: fft 17 join  17/17  1/1 15/16
[36;22m[DEBUG] [39;1msnarkJS[0m: tauG2: fft 17 join  17/17  1/1 14/16
[36;22m[DEBUG] [39;1msnarkJS[0m: tauG2: fft 17 join  17/17  1/1 13/16
[36;22m[DEBUG] [39;1msnarkJS[0m: tauG2: fft 17 join  17/17  1/1 7/16
[36;22m[DEBUG] [39;1msnarkJS[0m: tauG2: fft 18 mix start: 0/32
[36;22m[DEBUG] [39;1msnarkJS[0m: tauG2: fft 18 mix start: 1/32
[36;22m[DEBUG] [39;1msnarkJS[0m: tauG2: fft 18 mix start: 2/32
[36;22m[DEBUG] [39;1msnarkJS[0m: tauG2: fft 18 mix start: 3/32
[36;22m[DEBUG] [39;1msnarkJS[0m: tauG2: fft 18 mix start: 4/32
[36;22m[DEBUG] [39;1msnarkJS[0m: tauG2: fft 18 mix start: 5/32
[36;22m[DEBUG] [39;1msnarkJS[0m: tauG2: fft 18 mix start: 6/32
[36;22m[DEBUG] [39;1msnarkJS[0m: tauG2: fft 18 mix start: 7/32
[36;22m[DEBUG] [39;1msnarkJS[0m: tauG2: fft 18 mix start: 8/32
[36;22m[DEBUG] [39;1msnarkJS[0m: tauG2: fft 18 mix start: 9/32
[36;22m[DEBUG] [39;1msnarkJS[0m: tauG2: fft 18 mix start: 10/32
[36;22m[DEBUG] [39;1msnarkJS[0m: tauG2: fft 18 mix start: 11/32
[36;22m[DEBUG] [39;1msnarkJS[0m: tauG2: fft 18 mix start: 12/32
[36;22m[DEBUG] [39;1msnarkJS[0m: tauG2: fft 18 mix start: 13/32
[36;22m[DEBUG] [39;1msnarkJS[0m: tauG2: fft 18 mix start: 14/32
[36;22m[DEBUG] [39;1msnarkJS[0m: tauG2: fft 18 mix start: 15/32
[36;22m[DEBUG] [39;1msnarkJS[0m: tauG2: fft 18 mix start: 16/32
[36;22m[DEBUG] [39;1msnarkJS[0m: tauG2: fft 18 mix start: 17/32
[36;22m[DEBUG] [39;1msnarkJS[0m: tauG2: fft 18 mix start: 18/32
[36;22m[DEBUG] [39;1msnarkJS[0m: tauG2: fft 18 mix start: 19/32
[36;22m[DEBUG] [39;1msnarkJS[0m: tauG2: fft 18 mix start: 20/32
[36;22m[DEBUG] [39;1msnarkJS[0m: tauG2: fft 18 mix start: 21/32
[36;22m[DEBUG] [39;1msnarkJS[0m: tauG2: fft 18 mix start: 22/32
[36;22m[DEBUG] [39;1msnarkJS[0m: tauG2: fft 18 mix start: 23/32
[36;22m[DEBUG] [39;1msnarkJS[0m: tauG2: fft 18 mix start: 24/32
[36;22m[DEBUG] [39;1msnarkJS[0m: tauG2: fft 18 mix start: 25/32
[36;22m[DEBUG] [39;1msnarkJS[0m: tauG2: fft 18 mix start: 26/32
[36;22m[DEBUG] [39;1msnarkJS[0m: tauG2: fft 18 mix start: 27/32
[36;22m[DEBUG] [39;1msnarkJS[0m: tauG2: fft 18 mix start: 28/32
[36;22m[DEBUG] [39;1msnarkJS[0m: tauG2: fft 18 mix start: 29/32
[36;22m[DEBUG] [39;1msnarkJS[0m: tauG2: fft 18 mix start: 30/32
[36;22m[DEBUG] [39;1msnarkJS[0m: tauG2: fft 18 mix start: 31/32
[36;22m[DEBUG] [39;1msnarkJS[0m: tauG2: fft 18 mix end: 14/32
[36;22m[DEBUG] [39;1msnarkJS[0m: tauG2: fft 18 mix end: 18/32
[36;22m[DEBUG] [39;1msnarkJS[0m: tauG2: fft 18 mix end: 31/32
[36;22m[DEBUG] [39;1msnarkJS[0m: tauG2: fft 18 mix end: 5/32
[36;22m[DEBUG] [39;1msnarkJS[0m: tauG2: fft 18 mix end: 6/32
[36;22m[DEBUG] [39;1msnarkJS[0m: tauG2: fft 18 mix end: 1/32
[36;22m[DEBUG] [39;1msnarkJS[0m: tauG2: fft 18 mix end: 27/32
[36;22m[DEBUG] [39;1msnarkJS[0m: tauG2: fft 18 mix end: 13/32
[36;22m[DEBUG] [39;1msnarkJS[0m: tauG2: fft 18 mix end: 11/32
[36;22m[DEBUG] [39;1msnarkJS[0m: tauG2: fft 18 mix end: 0/32
[36;22m[DEBUG] [39;1msnarkJS[0m: tauG2: fft 18 mix end: 2/32
[36;22m[DEBUG] [39;1msnarkJS[0m: tauG2: fft 18 mix end: 29/32
[36;22m[DEBUG] [39;1msnarkJS[0m: tauG2: fft 18 mix end: 4/32
[36;22m[DEBUG] [39;1msnarkJS[0m: tauG2: fft 18 mix end: 15/32
[36;22m[DEBUG] [39;1msnarkJS[0m: tauG2: fft 18 mix end: 30/32
[36;22m[DEBUG] [39;1msnarkJS[0m: tauG2: fft 18 mix end: 19/32
[36;22m[DEBUG] [39;1msnarkJS[0m: tauG2: fft 18 mix end: 9/32
[36;22m[DEBUG] [39;1msnarkJS[0m: tauG2: fft 18 mix end: 20/32
[36;22m[DEBUG] [39;1msnarkJS[0m: tauG2: fft 18 mix end: 10/32
[36;22m[DEBUG] [39;1msnarkJS[0m: tauG2: fft 18 mix end: 16/32
[36;22m[DEBUG] [39;1msnarkJS[0m: tauG2: fft 18 mix end: 23/32
[36;22m[DEBUG] [39;1msnarkJS[0m: tauG2: fft 18 mix end: 12/32
[36;22m[DEBUG] [39;1msnarkJS[0m: tauG2: fft 18 mix end: 22/32
[36;22m[DEBUG] [39;1msnarkJS[0m: tauG2: fft 18 mix end: 25/32
[36;22m[DEBUG] [39;1msnarkJS[0m: tauG2: fft 18 mix end: 3/32
[36;22m[DEBUG] [39;1msnarkJS[0m: tauG2: fft 18 mix end: 26/32
[36;22m[DEBUG] [39;1msnarkJS[0m: tauG2: fft 18 mix end: 21/32
[36;22m[DEBUG] [39;1msnarkJS[0m: tauG2: fft 18 mix end: 8/32
[36;22m[DEBUG] [39;1msnarkJS[0m: tauG2: fft 18 mix end: 17/32
[36;22m[DEBUG] [39;1msnarkJS[0m: tauG2: fft 18 mix end: 24/32
[36;22m[DEBUG] [39;1msnarkJS[0m: tauG2: fft 18 mix end: 7/32
[36;22m[DEBUG] [39;1msnarkJS[0m: tauG2: fft 18 mix end: 28/32
[36;22m[DEBUG] [39;1msnarkJS[0m: tauG2: fft  18  join: 14/18
[36;22m[DEBUG] [39;1msnarkJS[0m: tauG2: fft 18 join  14/18  6/16 0/1
[36;22m[DEBUG] [39;1msnarkJS[0m: tauG2: fft 18 join  14/18  11/16 0/1
[36;22m[DEBUG] [39;1msnarkJS[0m: tauG2: fft 18 join  14/18  13/16 0/1
[36;22m[DEBUG] [39;1msnarkJS[0m: tauG2: fft 18 join  14/18  3/16 0/1
[36;22m[DEBUG] [39;1msnarkJS[0m: tauG2: fft 18 join  14/18  4/16 0/1
[36;22m[DEBUG] [39;1msnarkJS[0m: tauG2: fft 18 join  14/18  15/16 0/1
[36;22m[DEBUG] [39;1msnarkJS[0m: tauG2: fft 18 join  14/18  1/16 0/1
[36;22m[DEBUG] [39;1msnarkJS[0m: tauG2: fft 18 join  14/18  2/16 0/1
[36;22m[DEBUG] [39;1msnarkJS[0m: tauG2: fft 18 join  14/18  7/16 0/1
[36;22m[DEBUG] [39;1msnarkJS[0m: tauG2: fft 18 join  14/18  14/16 0/1
[36;22m[DEBUG] [39;1msnarkJS[0m: tauG2: fft 18 join  14/18  10/16 0/1
[36;22m[DEBUG] [39;1msnarkJS[0m: tauG2: fft 18 join  14/18  9/16 0/1
[36;22m[DEBUG] [39;1msnarkJS[0m: tauG2: fft 18 join  14/18  5/16 0/1
[36;22m[DEBUG] [39;1msnarkJS[0m: tauG2: fft 18 join  14/18  12/16 0/1
[36;22m[DEBUG] [39;1msnarkJS[0m: tauG2: fft 18 join  14/18  16/16 0/1
[36;22m[DEBUG] [39;1msnarkJS[0m: tauG2: fft 18 join  14/18  8/16 0/1
[36;22m[DEBUG] [39;1msnarkJS[0m: tauG2: fft  18  join: 15/18
[36;22m[DEBUG] [39;1msnarkJS[0m: tauG2: fft 18 join  15/18  7/8 1/2
[36;22m[DEBUG] [39;1msnarkJS[0m: tauG2: fft 18 join  15/18  3/8 1/2
[36;22m[DEBUG] [39;1msnarkJS[0m: tauG2: fft 18 join  15/18  6/8 0/2
[36;22m[DEBUG] [39;1msnarkJS[0m: tauG2: fft 18 join  15/18  7/8 0/2
[36;22m[DEBUG] [39;1msnarkJS[0m: tauG2: fft 18 join  15/18  2/8 0/2
[36;22m[DEBUG] [39;1msnarkJS[0m: tauG2: fft 18 join  15/18  4/8 0/2
[36;22m[DEBUG] [39;1msnarkJS[0m: tauG2: fft 18 join  15/18  5/8 1/2
[36;22m[DEBUG] [39;1msnarkJS[0m: tauG2: fft 18 join  15/18  2/8 1/2
[36;22m[DEBUG] [39;1msnarkJS[0m: tauG2: fft 18 join  15/18  1/8 0/2
[36;22m[DEBUG] [39;1msnarkJS[0m: tauG2: fft 18 join  15/18  3/8 0/2
[36;22m[DEBUG] [39;1msnarkJS[0m: tauG2: fft 18 join  15/18  5/8 0/2
[36;22m[DEBUG] [39;1msnarkJS[0m: tauG2: fft 18 join  15/18  8/8 0/2
[36;22m[DEBUG] [39;1msnarkJS[0m: tauG2: fft 18 join  15/18  6/8 1/2
[36;22m[DEBUG] [39;1msnarkJS[0m: tauG2: fft 18 join  15/18  1/8 1/2
[36;22m[DEBUG] [39;1msnarkJS[0m: tauG2: fft 18 join  15/18  4/8 1/2
[36;22m[DEBUG] [39;1msnarkJS[0m: tauG2: fft 18 join  15/18  8/8 1/2
[36;22m[DEBUG] [39;1msnarkJS[0m: tauG2: fft  18  join: 16/18
[36;22m[DEBUG] [39;1msnarkJS[0m: tauG2: fft 18 join  16/18  4/4 1/4
[36;22m[DEBUG] [39;1msnarkJS[0m: tauG2: fft 18 join  16/18  2/4 1/4
[36;22m[DEBUG] [39;1msnarkJS[0m: tauG2: fft 18 join  16/18  4/4 2/4
[36;22m[DEBUG] [39;1msnarkJS[0m: tauG2: fft 18 join  16/18  3/4 2/4
[36;22m[DEBUG] [39;1msnarkJS[0m: tauG2: fft 18 join  16/18  4/4 0/4
[36;22m[DEBUG] [39;1msnarkJS[0m: tauG2: fft 18 join  16/18  1/4 2/4
[36;22m[DEBUG] [39;1msnarkJS[0m: tauG2: fft 18 join  16/18  1/4 0/4
[36;22m[DEBUG] [39;1msnarkJS[0m: tauG2: fft 18 join  16/18  3/4 1/4
[36;22m[DEBUG] [39;1msnarkJS[0m: tauG2: fft 18 join  16/18  1/4 1/4
[36;22m[DEBUG] [39;1msnarkJS[0m: tauG2: fft 18 join  16/18  1/4 3/4
[36;22m[DEBUG] [39;1msnarkJS[0m: tauG2: fft 18 join  16/18  2/4 2/4
[36;22m[DEBUG] [39;1msnarkJS[0m: tauG2: fft 18 join  16/18  2/4 0/4
[36;22m[DEBUG] [39;1msnarkJS[0m: tauG2: fft 18 join  16/18  3/4 3/4
[36;22m[DEBUG] [39;1msnarkJS[0m: tauG2: fft 18 join  16/18  4/4 3/4
[36;22m[DEBUG] [39;1msnarkJS[0m: tauG2: fft 18 join  16/18  3/4 0/4
[36;22m[DEBUG] [39;1msnarkJS[0m: tauG2: fft 18 join  16/18  2/4 3/4
[36;22m[DEBUG] [39;1msnarkJS[0m: tauG2: fft  18  join: 17/18
[36;22m[DEBUG] [39;1msnarkJS[0m: tauG2: fft 18 join  17/18  1/2 5/8
[36;22m[DEBUG] [39;1msnarkJS[0m: tauG2: fft 18 join  17/18  2/2 5/8
[36;22m[DEBUG] [39;1msnarkJS[0m: tauG2: fft 18 join  17/18  2/2 6/8
[36;22m[DEBUG] [39;1msnarkJS[0m: tauG2: fft 18 join  17/18  2/2 2/8
[36;22m[DEBUG] [39;1msnarkJS[0m: tauG2: fft 18 join  17/18  1/2 3/8
[36;22m[DEBUG] [39;1msnarkJS[0m: tauG2: fft 18 join  17/18  1/2 0/8
[36;22m[DEBUG] [39;1msnarkJS[0m: tauG2: fft 18 join  17/18  2/2 4/8
[36;22m[DEBUG] [39;1msnarkJS[0m: tauG2: fft 18 join  17/18  1/2 6/8
[36;22m[DEBUG] [39;1msnarkJS[0m: tauG2: fft 18 join  17/18  1/2 2/8
[36;22m[DEBUG] [39;1msnarkJS[0m: tauG2: fft 18 join  17/18  1/2 1/8
[36;22m[DEBUG] [39;1msnarkJS[0m: tauG2: fft 18 join  17/18  2/2 1/8
[36;22m[DEBUG] [39;1msnarkJS[0m: tauG2: fft 18 join  17/18  2/2 3/8
[36;22m[DEBUG] [39;1msnarkJS[0m: tauG2: fft 18 join  17/18  2/2 7/8
[36;22m[DEBUG] [39;1msnarkJS[0m: tauG2: fft 18 join  17/18  1/2 4/8
[36;22m[DEBUG] [39;1msnarkJS[0m: tauG2: fft 18 join  17/18  2/2 0/8
[36;22m[DEBUG] [39;1msnarkJS[0m: tauG2: fft 18 join  17/18  1/2 7/8
[36;22m[DEBUG] [39;1msnarkJS[0m: tauG2: fft  18  join: 18/18
[36;22m[DEBUG] [39;1msnarkJS[0m: tauG2: fft 18 join  18/18  1/1 3/16
[36;22m[DEBUG] [39;1msnarkJS[0m: tauG2: fft 18 join  18/18  1/1 5/16
[36;22m[DEBUG] [39;1msnarkJS[0m: tauG2: fft 18 join  18/18  1/1 10/16
[36;22m[DEBUG] [39;1msnarkJS[0m: tauG2: fft 18 join  18/18  1/1 12/16
[36;22m[DEBUG] [39;1msnarkJS[0m: tauG2: fft 18 join  18/18  1/1 2/16
[36;22m[DEBUG] [39;1msnarkJS[0m: tauG2: fft 18 join  18/18  1/1 0/16
[36;22m[DEBUG] [39;1msnarkJS[0m: tauG2: fft 18 join  18/18  1/1 1/16
[36;22m[DEBUG] [39;1msnarkJS[0m: tauG2: fft 18 join  18/18  1/1 9/16
[36;22m[DEBUG] [39;1msnarkJS[0m: tauG2: fft 18 join  18/18  1/1 6/16
[36;22m[DEBUG] [39;1msnarkJS[0m: tauG2: fft 18 join  18/18  1/1 8/16
[36;22m[DEBUG] [39;1msnarkJS[0m: tauG2: fft 18 join  18/18  1/1 14/16
[36;22m[DEBUG] [39;1msnarkJS[0m: tauG2: fft 18 join  18/18  1/1 4/16
[36;22m[DEBUG] [39;1msnarkJS[0m: tauG2: fft 18 join  18/18  1/1 11/16
[36;22m[DEBUG] [39;1msnarkJS[0m: tauG2: fft 18 join  18/18  1/1 15/16
[36;22m[DEBUG] [39;1msnarkJS[0m: tauG2: fft 18 join  18/18  1/1 13/16
[36;22m[DEBUG] [39;1msnarkJS[0m: tauG2: fft 18 join  18/18  1/1 7/16
[36;22m[DEBUG] [39;1msnarkJS[0m: Starting section: alphaTauG1
[36;22m[DEBUG] [39;1msnarkJS[0m: alphaTauG1: fft 0 mix start: 0/1
[36;22m[DEBUG] [39;1msnarkJS[0m: alphaTauG1: fft 0 mix end: 0/1
[36;22m[DEBUG] [39;1msnarkJS[0m: alphaTauG1: fft 1 mix start: 0/1
[36;22m[DEBUG] [39;1msnarkJS[0m: alphaTauG1: fft 1 mix end: 0/1
[36;22m[DEBUG] [39;1msnarkJS[0m: alphaTauG1: fft 2 mix start: 0/1
[36;22m[DEBUG] [39;1msnarkJS[0m: alphaTauG1: fft 2 mix end: 0/1
[36;22m[DEBUG] [39;1msnarkJS[0m: alphaTauG1: fft 3 mix start: 0/1
[36;22m[DEBUG] [39;1msnarkJS[0m: alphaTauG1: fft 3 mix end: 0/1
[36;22m[DEBUG] [39;1msnarkJS[0m: alphaTauG1: fft 4 mix start: 0/2
[36;22m[DEBUG] [39;1msnarkJS[0m: alphaTauG1: fft 4 mix start: 1/2
[36;22m[DEBUG] [39;1msnarkJS[0m: alphaTauG1: fft 4 mix end: 0/2
[36;22m[DEBUG] [39;1msnarkJS[0m: alphaTauG1: fft 4 mix end: 1/2
[36;22m[DEBUG] [39;1msnarkJS[0m: alphaTauG1: fft  4  join: 4/4
[36;22m[DEBUG] [39;1msnarkJS[0m: alphaTauG1: fft 4 join  4/4  1/1 0/1
[36;22m[DEBUG] [39;1msnarkJS[0m: alphaTauG1: fft 5 mix start: 0/4
[36;22m[DEBUG] [39;1msnarkJS[0m: alphaTauG1: fft 5 mix start: 1/4
[36;22m[DEBUG] [39;1msnarkJS[0m: alphaTauG1: fft 5 mix start: 2/4
[36;22m[DEBUG] [39;1msnarkJS[0m: alphaTauG1: fft 5 mix start: 3/4
[36;22m[DEBUG] [39;1msnarkJS[0m: alphaTauG1: fft 5 mix end: 0/4
[36;22m[DEBUG] [39;1msnarkJS[0m: alphaTauG1: fft 5 mix end: 2/4
[36;22m[DEBUG] [39;1msnarkJS[0m: alphaTauG1: fft 5 mix end: 1/4
[36;22m[DEBUG] [39;1msnarkJS[0m: alphaTauG1: fft 5 mix end: 3/4
[36;22m[DEBUG] [39;1msnarkJS[0m: alphaTauG1: fft  5  join: 4/5
[36;22m[DEBUG] [39;1msnarkJS[0m: alphaTauG1: fft 5 join  4/5  1/2 0/1
[36;22m[DEBUG] [39;1msnarkJS[0m: alphaTauG1: fft 5 join  4/5  2/2 0/1
[36;22m[DEBUG] [39;1msnarkJS[0m: alphaTauG1: fft  5  join: 5/5
[36;22m[DEBUG] [39;1msnarkJS[0m: alphaTauG1: fft 5 join  5/5  1/1 0/2
[36;22m[DEBUG] [39;1msnarkJS[0m: alphaTauG1: fft 5 join  5/5  1/1 1/2
[36;22m[DEBUG] [39;1msnarkJS[0m: alphaTauG1: fft 6 mix start: 0/8
[36;22m[DEBUG] [39;1msnarkJS[0m: alphaTauG1: fft 6 mix start: 1/8
[36;22m[DEBUG] [39;1msnarkJS[0m: alphaTauG1: fft 6 mix start: 2/8
[36;22m[DEBUG] [39;1msnarkJS[0m: alphaTauG1: fft 6 mix start: 3/8
[36;22m[DEBUG] [39;1msnarkJS[0m: alphaTauG1: fft 6 mix start: 4/8
[36;22m[DEBUG] [39;1msnarkJS[0m: alphaTauG1: fft 6 mix start: 5/8
[36;22m[DEBUG] [39;1msnarkJS[0m: alphaTauG1: fft 6 mix start: 6/8
[36;22m[DEBUG] [39;1msnarkJS[0m: alphaTauG1: fft 6 mix start: 7/8
[36;22m[DEBUG] [39;1msnarkJS[0m: alphaTauG1: fft 6 mix end: 0/8
[36;22m[DEBUG] [39;1msnarkJS[0m: alphaTauG1: fft 6 mix end: 1/8
[36;22m[DEBUG] [39;1msnarkJS[0m: alphaTauG1: fft 6 mix end: 2/8
[36;22m[DEBUG] [39;1msnarkJS[0m: alphaTauG1: fft 6 mix end: 4/8
[36;22m[DEBUG] [39;1msnarkJS[0m: alphaTauG1: fft 6 mix end: 5/8
[36;22m[DEBUG] [39;1msnarkJS[0m: alphaTauG1: fft 6 mix end: 3/8
[36;22m[DEBUG] [39;1msnarkJS[0m: alphaTauG1: fft 6 mix end: 7/8
[36;22m[DEBUG] [39;1msnarkJS[0m: alphaTauG1: fft 6 mix end: 6/8
[36;22m[DEBUG] [39;1msnarkJS[0m: alphaTauG1: fft  6  join: 4/6
[36;22m[DEBUG] [39;1msnarkJS[0m: alphaTauG1: fft 6 join  4/6  1/4 0/1
[36;22m[DEBUG] [39;1msnarkJS[0m: alphaTauG1: fft 6 join  4/6  2/4 0/1
[36;22m[DEBUG] [39;1msnarkJS[0m: alphaTauG1: fft 6 join  4/6  3/4 0/1
[36;22m[DEBUG] [39;1msnarkJS[0m: alphaTauG1: fft 6 join  4/6  4/4 0/1
[36;22m[DEBUG] [39;1msnarkJS[0m: alphaTauG1: fft  6  join: 5/6
[36;22m[DEBUG] [39;1msnarkJS[0m: alphaTauG1: fft 6 join  5/6  1/2 0/2
[36;22m[DEBUG] [39;1msnarkJS[0m: alphaTauG1: fft 6 join  5/6  2/2 0/2
[36;22m[DEBUG] [39;1msnarkJS[0m: alphaTauG1: fft 6 join  5/6  1/2 1/2
[36;22m[DEBUG] [39;1msnarkJS[0m: alphaTauG1: fft 6 join  5/6  2/2 1/2
[36;22m[DEBUG] [39;1msnarkJS[0m: alphaTauG1: fft  6  join: 6/6
[36;22m[DEBUG] [39;1msnarkJS[0m: alphaTauG1: fft 6 join  6/6  1/1 0/4
[36;22m[DEBUG] [39;1msnarkJS[0m: alphaTauG1: fft 6 join  6/6  1/1 2/4
[36;22m[DEBUG] [39;1msnarkJS[0m: alphaTauG1: fft 6 join  6/6  1/1 1/4
[36;22m[DEBUG] [39;1msnarkJS[0m: alphaTauG1: fft 6 join  6/6  1/1 3/4
[36;22m[DEBUG] [39;1msnarkJS[0m: alphaTauG1: fft 7 mix start: 0/16
[36;22m[DEBUG] [39;1msnarkJS[0m: alphaTauG1: fft 7 mix start: 1/16
[36;22m[DEBUG] [39;1msnarkJS[0m: alphaTauG1: fft 7 mix start: 2/16
[36;22m[DEBUG] [39;1msnarkJS[0m: alphaTauG1: fft 7 mix start: 3/16
[36;22m[DEBUG] [39;1msnarkJS[0m: alphaTauG1: fft 7 mix start: 4/16
[36;22m[DEBUG] [39;1msnarkJS[0m: alphaTauG1: fft 7 mix start: 5/16
[36;22m[DEBUG] [39;1msnarkJS[0m: alphaTauG1: fft 7 mix start: 6/16
[36;22m[DEBUG] [39;1msnarkJS[0m: alphaTauG1: fft 7 mix start: 7/16
[36;22m[DEBUG] [39;1msnarkJS[0m: alphaTauG1: fft 7 mix start: 8/16
[36;22m[DEBUG] [39;1msnarkJS[0m: alphaTauG1: fft 7 mix start: 9/16
[36;22m[DEBUG] [39;1msnarkJS[0m: alphaTauG1: fft 7 mix start: 10/16
[36;22m[DEBUG] [39;1msnarkJS[0m: alphaTauG1: fft 7 mix start: 11/16
[36;22m[DEBUG] [39;1msnarkJS[0m: alphaTauG1: fft 7 mix start: 12/16
[36;22m[DEBUG] [39;1msnarkJS[0m: alphaTauG1: fft 7 mix start: 13/16
[36;22m[DEBUG] [39;1msnarkJS[0m: alphaTauG1: fft 7 mix start: 14/16
[36;22m[DEBUG] [39;1msnarkJS[0m: alphaTauG1: fft 7 mix start: 15/16
[36;22m[DEBUG] [39;1msnarkJS[0m: alphaTauG1: fft 7 mix end: 0/16
[36;22m[DEBUG] [39;1msnarkJS[0m: alphaTauG1: fft 7 mix end: 2/16
[36;22m[DEBUG] [39;1msnarkJS[0m: alphaTauG1: fft 7 mix end: 1/16
[36;22m[DEBUG] [39;1msnarkJS[0m: alphaTauG1: fft 7 mix end: 3/16
[36;22m[DEBUG] [39;1msnarkJS[0m: alphaTauG1: fft 7 mix end: 4/16
[36;22m[DEBUG] [39;1msnarkJS[0m: alphaTauG1: fft 7 mix end: 5/16
[36;22m[DEBUG] [39;1msnarkJS[0m: alphaTauG1: fft 7 mix end: 6/16
[36;22m[DEBUG] [39;1msnarkJS[0m: alphaTauG1: fft 7 mix end: 11/16
[36;22m[DEBUG] [39;1msnarkJS[0m: alphaTauG1: fft 7 mix end: 12/16
[36;22m[DEBUG] [39;1msnarkJS[0m: alphaTauG1: fft 7 mix end: 13/16
[36;22m[DEBUG] [39;1msnarkJS[0m: alphaTauG1: fft 7 mix end: 15/16
[36;22m[DEBUG] [39;1msnarkJS[0m: alphaTauG1: fft 7 mix end: 8/16
[36;22m[DEBUG] [39;1msnarkJS[0m: alphaTauG1: fft 7 mix end: 9/16
[36;22m[DEBUG] [39;1msnarkJS[0m: alphaTauG1: fft 7 mix end: 10/16
[36;22m[DEBUG] [39;1msnarkJS[0m: alphaTauG1: fft 7 mix end: 7/16
[36;22m[DEBUG] [39;1msnarkJS[0m: alphaTauG1: fft 7 mix end: 14/16
[36;22m[DEBUG] [39;1msnarkJS[0m: alphaTauG1: fft  7  join: 4/7
[36;22m[DEBUG] [39;1msnarkJS[0m: alphaTauG1: fft 7 join  4/7  1/8 0/1
[36;22m[DEBUG] [39;1msnarkJS[0m: alphaTauG1: fft 7 join  4/7  2/8 0/1
[36;22m[DEBUG] [39;1msnarkJS[0m: alphaTauG1: fft 7 join  4/7  3/8 0/1
[36;22m[DEBUG] [39;1msnarkJS[0m: alphaTauG1: fft 7 join  4/7  4/8 0/1
[36;22m[DEBUG] [39;1msnarkJS[0m: alphaTauG1: fft 7 join  4/7  5/8 0/1
[36;22m[DEBUG] [39;1msnarkJS[0m: alphaTauG1: fft 7 join  4/7  6/8 0/1
[36;22m[DEBUG] [39;1msnarkJS[0m: alphaTauG1: fft 7 join  4/7  7/8 0/1
[36;22m[DEBUG] [39;1msnarkJS[0m: alphaTauG1: fft 7 join  4/7  8/8 0/1
[36;22m[DEBUG] [39;1msnarkJS[0m: alphaTauG1: fft  7  join: 5/7
[36;22m[DEBUG] [39;1msnarkJS[0m: alphaTauG1: fft 7 join  5/7  1/4 0/2
[36;22m[DEBUG] [39;1msnarkJS[0m: alphaTauG1: fft 7 join  5/7  2/4 0/2
[36;22m[DEBUG] [39;1msnarkJS[0m: alphaTauG1: fft 7 join  5/7  3/4 0/2
[36;22m[DEBUG] [39;1msnarkJS[0m: alphaTauG1: fft 7 join  5/7  4/4 0/2
[36;22m[DEBUG] [39;1msnarkJS[0m: alphaTauG1: fft 7 join  5/7  1/4 1/2
[36;22m[DEBUG] [39;1msnarkJS[0m: alphaTauG1: fft 7 join  5/7  2/4 1/2
[36;22m[DEBUG] [39;1msnarkJS[0m: alphaTauG1: fft 7 join  5/7  3/4 1/2
[36;22m[DEBUG] [39;1msnarkJS[0m: alphaTauG1: fft 7 join  5/7  4/4 1/2
[36;22m[DEBUG] [39;1msnarkJS[0m: alphaTauG1: fft  7  join: 6/7
[36;22m[DEBUG] [39;1msnarkJS[0m: alphaTauG1: fft 7 join  6/7  1/2 0/4
[36;22m[DEBUG] [39;1msnarkJS[0m: alphaTauG1: fft 7 join  6/7  2/2 0/4
[36;22m[DEBUG] [39;1msnarkJS[0m: alphaTauG1: fft 7 join  6/7  1/2 2/4
[36;22m[DEBUG] [39;1msnarkJS[0m: alphaTauG1: fft 7 join  6/7  1/2 1/4
[36;22m[DEBUG] [39;1msnarkJS[0m: alphaTauG1: fft 7 join  6/7  1/2 3/4
[36;22m[DEBUG] [39;1msnarkJS[0m: alphaTauG1: fft 7 join  6/7  2/2 1/4
[36;22m[DEBUG] [39;1msnarkJS[0m: alphaTauG1: fft 7 join  6/7  2/2 2/4
[36;22m[DEBUG] [39;1msnarkJS[0m: alphaTauG1: fft 7 join  6/7  2/2 3/4
[36;22m[DEBUG] [39;1msnarkJS[0m: alphaTauG1: fft  7  join: 7/7
[36;22m[DEBUG] [39;1msnarkJS[0m: alphaTauG1: fft 7 join  7/7  1/1 0/8
[36;22m[DEBUG] [39;1msnarkJS[0m: alphaTauG1: fft 7 join  7/7  1/1 2/8
[36;22m[DEBUG] [39;1msnarkJS[0m: alphaTauG1: fft 7 join  7/7  1/1 3/8
[36;22m[DEBUG] [39;1msnarkJS[0m: alphaTauG1: fft 7 join  7/7  1/1 5/8
[36;22m[DEBUG] [39;1msnarkJS[0m: alphaTauG1: fft 7 join  7/7  1/1 1/8
[36;22m[DEBUG] [39;1msnarkJS[0m: alphaTauG1: fft 7 join  7/7  1/1 4/8
[36;22m[DEBUG] [39;1msnarkJS[0m: alphaTauG1: fft 7 join  7/7  1/1 6/8
[36;22m[DEBUG] [39;1msnarkJS[0m: alphaTauG1: fft 7 join  7/7  1/1 7/8
[36;22m[DEBUG] [39;1msnarkJS[0m: alphaTauG1: fft 8 mix start: 0/32
[36;22m[DEBUG] [39;1msnarkJS[0m: alphaTauG1: fft 8 mix start: 1/32
[36;22m[DEBUG] [39;1msnarkJS[0m: alphaTauG1: fft 8 mix start: 2/32
[36;22m[DEBUG] [39;1msnarkJS[0m: alphaTauG1: fft 8 mix start: 3/32
[36;22m[DEBUG] [39;1msnarkJS[0m: alphaTauG1: fft 8 mix start: 4/32
[36;22m[DEBUG] [39;1msnarkJS[0m: alphaTauG1: fft 8 mix start: 5/32
[36;22m[DEBUG] [39;1msnarkJS[0m: alphaTauG1: fft 8 mix start: 6/32
[36;22m[DEBUG] [39;1msnarkJS[0m: alphaTauG1: fft 8 mix start: 7/32
[36;22m[DEBUG] [39;1msnarkJS[0m: alphaTauG1: fft 8 mix start: 8/32
[36;22m[DEBUG] [39;1msnarkJS[0m: alphaTauG1: fft 8 mix start: 9/32
[36;22m[DEBUG] [39;1msnarkJS[0m: alphaTauG1: fft 8 mix start: 10/32
[36;22m[DEBUG] [39;1msnarkJS[0m: alphaTauG1: fft 8 mix start: 11/32
[36;22m[DEBUG] [39;1msnarkJS[0m: alphaTauG1: fft 8 mix start: 12/32
[36;22m[DEBUG] [39;1msnarkJS[0m: alphaTauG1: fft 8 mix start: 13/32
[36;22m[DEBUG] [39;1msnarkJS[0m: alphaTauG1: fft 8 mix start: 14/32
[36;22m[DEBUG] [39;1msnarkJS[0m: alphaTauG1: fft 8 mix start: 15/32
[36;22m[DEBUG] [39;1msnarkJS[0m: alphaTauG1: fft 8 mix start: 16/32
[36;22m[DEBUG] [39;1msnarkJS[0m: alphaTauG1: fft 8 mix start: 17/32
[36;22m[DEBUG] [39;1msnarkJS[0m: alphaTauG1: fft 8 mix start: 18/32
[36;22m[DEBUG] [39;1msnarkJS[0m: alphaTauG1: fft 8 mix start: 19/32
[36;22m[DEBUG] [39;1msnarkJS[0m: alphaTauG1: fft 8 mix start: 20/32
[36;22m[DEBUG] [39;1msnarkJS[0m: alphaTauG1: fft 8 mix start: 21/32
[36;22m[DEBUG] [39;1msnarkJS[0m: alphaTauG1: fft 8 mix start: 22/32
[36;22m[DEBUG] [39;1msnarkJS[0m: alphaTauG1: fft 8 mix start: 23/32
[36;22m[DEBUG] [39;1msnarkJS[0m: alphaTauG1: fft 8 mix start: 24/32
[36;22m[DEBUG] [39;1msnarkJS[0m: alphaTauG1: fft 8 mix start: 25/32
[36;22m[DEBUG] [39;1msnarkJS[0m: alphaTauG1: fft 8 mix start: 26/32
[36;22m[DEBUG] [39;1msnarkJS[0m: alphaTauG1: fft 8 mix start: 27/32
[36;22m[DEBUG] [39;1msnarkJS[0m: alphaTauG1: fft 8 mix start: 28/32
[36;22m[DEBUG] [39;1msnarkJS[0m: alphaTauG1: fft 8 mix start: 29/32
[36;22m[DEBUG] [39;1msnarkJS[0m: alphaTauG1: fft 8 mix start: 30/32
[36;22m[DEBUG] [39;1msnarkJS[0m: alphaTauG1: fft 8 mix start: 31/32
[36;22m[DEBUG] [39;1msnarkJS[0m: alphaTauG1: fft 8 mix end: 0/32
[36;22m[DEBUG] [39;1msnarkJS[0m: alphaTauG1: fft 8 mix end: 1/32
[36;22m[DEBUG] [39;1msnarkJS[0m: alphaTauG1: fft 8 mix end: 2/32
[36;22m[DEBUG] [39;1msnarkJS[0m: alphaTauG1: fft 8 mix end: 3/32
[36;22m[DEBUG] [39;1msnarkJS[0m: alphaTauG1: fft 8 mix end: 4/32
[36;22m[DEBUG] [39;1msnarkJS[0m: alphaTauG1: fft 8 mix end: 5/32
[36;22m[DEBUG] [39;1msnarkJS[0m: alphaTauG1: fft 8 mix end: 6/32
[36;22m[DEBUG] [39;1msnarkJS[0m: alphaTauG1: fft 8 mix end: 8/32
[36;22m[DEBUG] [39;1msnarkJS[0m: alphaTauG1: fft 8 mix end: 10/32
[36;22m[DEBUG] [39;1msnarkJS[0m: alphaTauG1: fft 8 mix end: 13/32
[36;22m[DEBUG] [39;1msnarkJS[0m: alphaTauG1: fft 8 mix end: 15/32
[36;22m[DEBUG] [39;1msnarkJS[0m: alphaTauG1: fft 8 mix end: 9/32
[36;22m[DEBUG] [39;1msnarkJS[0m: alphaTauG1: fft 8 mix end: 19/32
[36;22m[DEBUG] [39;1msnarkJS[0m: alphaTauG1: fft 8 mix end: 21/32
[36;22m[DEBUG] [39;1msnarkJS[0m: alphaTauG1: fft 8 mix end: 7/32
[36;22m[DEBUG] [39;1msnarkJS[0m: alphaTauG1: fft 8 mix end: 17/32
[36;22m[DEBUG] [39;1msnarkJS[0m: alphaTauG1: fft 8 mix end: 29/32
[36;22m[DEBUG] [39;1msnarkJS[0m: alphaTauG1: fft 8 mix end: 12/32
[36;22m[DEBUG] [39;1msnarkJS[0m: alphaTauG1: fft 8 mix end: 14/32
[36;22m[DEBUG] [39;1msnarkJS[0m: alphaTauG1: fft 8 mix end: 11/32
[36;22m[DEBUG] [39;1msnarkJS[0m: alphaTauG1: fft 8 mix end: 16/32
[36;22m[DEBUG] [39;1msnarkJS[0m: alphaTauG1: fft 8 mix end: 18/32
[36;22m[DEBUG] [39;1msnarkJS[0m: alphaTauG1: fft 8 mix end: 30/32
[36;22m[DEBUG] [39;1msnarkJS[0m: alphaTauG1: fft 8 mix end: 28/32
[36;22m[DEBUG] [39;1msnarkJS[0m: alphaTauG1: fft 8 mix end: 20/32
[36;22m[DEBUG] [39;1msnarkJS[0m: alphaTauG1: fft 8 mix end: 25/32
[36;22m[DEBUG] [39;1msnarkJS[0m: alphaTauG1: fft 8 mix end: 24/32
[36;22m[DEBUG] [39;1msnarkJS[0m: alphaTauG1: fft 8 mix end: 26/32
[36;22m[DEBUG] [39;1msnarkJS[0m: alphaTauG1: fft 8 mix end: 22/32
[36;22m[DEBUG] [39;1msnarkJS[0m: alphaTauG1: fft 8 mix end: 31/32
[36;22m[DEBUG] [39;1msnarkJS[0m: alphaTauG1: fft 8 mix end: 27/32
[36;22m[DEBUG] [39;1msnarkJS[0m: alphaTauG1: fft 8 mix end: 23/32
[36;22m[DEBUG] [39;1msnarkJS[0m: alphaTauG1: fft  8  join: 4/8
[36;22m[DEBUG] [39;1msnarkJS[0m: alphaTauG1: fft 8 join  4/8  4/16 0/1
[36;22m[DEBUG] [39;1msnarkJS[0m: alphaTauG1: fft 8 join  4/8  7/16 0/1
[36;22m[DEBUG] [39;1msnarkJS[0m: alphaTauG1: fft 8 join  4/8  10/16 0/1
[36;22m[DEBUG] [39;1msnarkJS[0m: alphaTauG1: fft 8 join  4/8  11/16 0/1
[36;22m[DEBUG] [39;1msnarkJS[0m: alphaTauG1: fft 8 join  4/8  12/16 0/1
[36;22m[DEBUG] [39;1msnarkJS[0m: alphaTauG1: fft 8 join  4/8  13/16 0/1
[36;22m[DEBUG] [39;1msnarkJS[0m: alphaTauG1: fft 8 join  4/8  2/16 0/1
[36;22m[DEBUG] [39;1msnarkJS[0m: alphaTauG1: fft 8 join  4/8  3/16 0/1
[36;22m[DEBUG] [39;1msnarkJS[0m: alphaTauG1: fft 8 join  4/8  6/16 0/1
[36;22m[DEBUG] [39;1msnarkJS[0m: alphaTauG1: fft 8 join  4/8  9/16 0/1
[36;22m[DEBUG] [39;1msnarkJS[0m: alphaTauG1: fft 8 join  4/8  16/16 0/1
[36;22m[DEBUG] [39;1msnarkJS[0m: alphaTauG1: fft 8 join  4/8  1/16 0/1
[36;22m[DEBUG] [39;1msnarkJS[0m: alphaTauG1: fft 8 join  4/8  5/16 0/1
[36;22m[DEBUG] [39;1msnarkJS[0m: alphaTauG1: fft 8 join  4/8  14/16 0/1
[36;22m[DEBUG] [39;1msnarkJS[0m: alphaTauG1: fft 8 join  4/8  8/16 0/1
[36;22m[DEBUG] [39;1msnarkJS[0m: alphaTauG1: fft 8 join  4/8  15/16 0/1
[36;22m[DEBUG] [39;1msnarkJS[0m: alphaTauG1: fft  8  join: 5/8
[36;22m[DEBUG] [39;1msnarkJS[0m: alphaTauG1: fft 8 join  5/8  1/8 0/2
[36;22m[DEBUG] [39;1msnarkJS[0m: alphaTauG1: fft 8 join  5/8  2/8 0/2
[36;22m[DEBUG] [39;1msnarkJS[0m: alphaTauG1: fft 8 join  5/8  3/8 0/2
[36;22m[DEBUG] [39;1msnarkJS[0m: alphaTauG1: fft 8 join  5/8  4/8 0/2
[36;22m[DEBUG] [39;1msnarkJS[0m: alphaTauG1: fft 8 join  5/8  5/8 0/2
[36;22m[DEBUG] [39;1msnarkJS[0m: alphaTauG1: fft 8 join  5/8  6/8 0/2
[36;22m[DEBUG] [39;1msnarkJS[0m: alphaTauG1: fft 8 join  5/8  7/8 0/2
[36;22m[DEBUG] [39;1msnarkJS[0m: alphaTauG1: fft 8 join  5/8  1/8 1/2
[36;22m[DEBUG] [39;1msnarkJS[0m: alphaTauG1: fft 8 join  5/8  3/8 1/2
[36;22m[DEBUG] [39;1msnarkJS[0m: alphaTauG1: fft 8 join  5/8  5/8 1/2
[36;22m[DEBUG] [39;1msnarkJS[0m: alphaTauG1: fft 8 join  5/8  6/8 1/2
[36;22m[DEBUG] [39;1msnarkJS[0m: alphaTauG1: fft 8 join  5/8  7/8 1/2
[36;22m[DEBUG] [39;1msnarkJS[0m: alphaTauG1: fft 8 join  5/8  8/8 1/2
[36;22m[DEBUG] [39;1msnarkJS[0m: alphaTauG1: fft 8 join  5/8  2/8 1/2
[36;22m[DEBUG] [39;1msnarkJS[0m: alphaTauG1: fft 8 join  5/8  8/8 0/2
[36;22m[DEBUG] [39;1msnarkJS[0m: alphaTauG1: fft 8 join  5/8  4/8 1/2
[36;22m[DEBUG] [39;1msnarkJS[0m: alphaTauG1: fft  8  join: 6/8
[36;22m[DEBUG] [39;1msnarkJS[0m: alphaTauG1: fft 8 join  6/8  1/4 0/4
[36;22m[DEBUG] [39;1msnarkJS[0m: alphaTauG1: fft 8 join  6/8  2/4 0/4
[36;22m[DEBUG] [39;1msnarkJS[0m: alphaTauG1: fft 8 join  6/8  1/4 3/4
[36;22m[DEBUG] [39;1msnarkJS[0m: alphaTauG1: fft 8 join  6/8  3/4 0/4
[36;22m[DEBUG] [39;1msnarkJS[0m: alphaTauG1: fft 8 join  6/8  3/4 1/4
[36;22m[DEBUG] [39;1msnarkJS[0m: alphaTauG1: fft 8 join  6/8  4/4 0/4
[36;22m[DEBUG] [39;1msnarkJS[0m: alphaTauG1: fft 8 join  6/8  4/4 1/4
[36;22m[DEBUG] [39;1msnarkJS[0m: alphaTauG1: fft 8 join  6/8  1/4 2/4
[36;22m[DEBUG] [39;1msnarkJS[0m: alphaTauG1: fft 8 join  6/8  3/4 3/4
[36;22m[DEBUG] [39;1msnarkJS[0m: alphaTauG1: fft 8 join  6/8  1/4 1/4
[36;22m[DEBUG] [39;1msnarkJS[0m: alphaTauG1: fft 8 join  6/8  2/4 1/4
[36;22m[DEBUG] [39;1msnarkJS[0m: alphaTauG1: fft 8 join  6/8  2/4 2/4
[36;22m[DEBUG] [39;1msnarkJS[0m: alphaTauG1: fft 8 join  6/8  4/4 3/4
[36;22m[DEBUG] [39;1msnarkJS[0m: alphaTauG1: fft 8 join  6/8  3/4 2/4
[36;22m[DEBUG] [39;1msnarkJS[0m: alphaTauG1: fft 8 join  6/8  2/4 3/4
[36;22m[DEBUG] [39;1msnarkJS[0m: alphaTauG1: fft 8 join  6/8  4/4 2/4
[36;22m[DEBUG] [39;1msnarkJS[0m: alphaTauG1: fft  8  join: 7/8
[36;22m[DEBUG] [39;1msnarkJS[0m: alphaTauG1: fft 8 join  7/8  1/2 6/8
[36;22m[DEBUG] [39;1msnarkJS[0m: alphaTauG1: fft 8 join  7/8  2/2 0/8
[36;22m[DEBUG] [39;1msnarkJS[0m: alphaTauG1: fft 8 join  7/8  2/2 2/8
[36;22m[DEBUG] [39;1msnarkJS[0m: alphaTauG1: fft 8 join  7/8  1/2 0/8
[36;22m[DEBUG] [39;1msnarkJS[0m: alphaTauG1: fft 8 join  7/8  1/2 5/8
[36;22m[DEBUG] [39;1msnarkJS[0m: alphaTauG1: fft 8 join  7/8  1/2 3/8
[36;22m[DEBUG] [39;1msnarkJS[0m: alphaTauG1: fft 8 join  7/8  1/2 2/8
[36;22m[DEBUG] [39;1msnarkJS[0m: alphaTauG1: fft 8 join  7/8  2/2 3/8
[36;22m[DEBUG] [39;1msnarkJS[0m: alphaTauG1: fft 8 join  7/8  2/2 7/8
[36;22m[DEBUG] [39;1msnarkJS[0m: alphaTauG1: fft 8 join  7/8  1/2 1/8
[36;22m[DEBUG] [39;1msnarkJS[0m: alphaTauG1: fft 8 join  7/8  1/2 4/8
[36;22m[DEBUG] [39;1msnarkJS[0m: alphaTauG1: fft 8 join  7/8  2/2 1/8
[36;22m[DEBUG] [39;1msnarkJS[0m: alphaTauG1: fft 8 join  7/8  2/2 4/8
[36;22m[DEBUG] [39;1msnarkJS[0m: alphaTauG1: fft 8 join  7/8  2/2 5/8
[36;22m[DEBUG] [39;1msnarkJS[0m: alphaTauG1: fft 8 join  7/8  1/2 7/8
[36;22m[DEBUG] [39;1msnarkJS[0m: alphaTauG1: fft 8 join  7/8  2/2 6/8
[36;22m[DEBUG] [39;1msnarkJS[0m: alphaTauG1: fft  8  join: 8/8
[36;22m[DEBUG] [39;1msnarkJS[0m: alphaTauG1: fft 8 join  8/8  1/1 0/16
[36;22m[DEBUG] [39;1msnarkJS[0m: alphaTauG1: fft 8 join  8/8  1/1 2/16
[36;22m[DEBUG] [39;1msnarkJS[0m: alphaTauG1: fft 8 join  8/8  1/1 4/16
[36;22m[DEBUG] [39;1msnarkJS[0m: alphaTauG1: fft 8 join  8/8  1/1 5/16
[36;22m[DEBUG] [39;1msnarkJS[0m: alphaTauG1: fft 8 join  8/8  1/1 1/16
[36;22m[DEBUG] [39;1msnarkJS[0m: alphaTauG1: fft 8 join  8/8  1/1 9/16
[36;22m[DEBUG] [39;1msnarkJS[0m: alphaTauG1: fft 8 join  8/8  1/1 11/16
[36;22m[DEBUG] [39;1msnarkJS[0m: alphaTauG1: fft 8 join  8/8  1/1 12/16
[36;22m[DEBUG] [39;1msnarkJS[0m: alphaTauG1: fft 8 join  8/8  1/1 3/16
[36;22m[DEBUG] [39;1msnarkJS[0m: alphaTauG1: fft 8 join  8/8  1/1 6/16
[36;22m[DEBUG] [39;1msnarkJS[0m: alphaTauG1: fft 8 join  8/8  1/1 13/16
[36;22m[DEBUG] [39;1msnarkJS[0m: alphaTauG1: fft 8 join  8/8  1/1 15/16
[36;22m[DEBUG] [39;1msnarkJS[0m: alphaTauG1: fft 8 join  8/8  1/1 8/16
[36;22m[DEBUG] [39;1msnarkJS[0m: alphaTauG1: fft 8 join  8/8  1/1 10/16
[36;22m[DEBUG] [39;1msnarkJS[0m: alphaTauG1: fft 8 join  8/8  1/1 7/16
[36;22m[DEBUG] [39;1msnarkJS[0m: alphaTauG1: fft 8 join  8/8  1/1 14/16
[36;22m[DEBUG] [39;1msnarkJS[0m: alphaTauG1: fft 9 mix start: 0/32
[36;22m[DEBUG] [39;1msnarkJS[0m: alphaTauG1: fft 9 mix start: 1/32
[36;22m[DEBUG] [39;1msnarkJS[0m: alphaTauG1: fft 9 mix start: 2/32
[36;22m[DEBUG] [39;1msnarkJS[0m: alphaTauG1: fft 9 mix start: 3/32
[36;22m[DEBUG] [39;1msnarkJS[0m: alphaTauG1: fft 9 mix start: 4/32
[36;22m[DEBUG] [39;1msnarkJS[0m: alphaTauG1: fft 9 mix start: 5/32
[36;22m[DEBUG] [39;1msnarkJS[0m: alphaTauG1: fft 9 mix start: 6/32
[36;22m[DEBUG] [39;1msnarkJS[0m: alphaTauG1: fft 9 mix start: 7/32
[36;22m[DEBUG] [39;1msnarkJS[0m: alphaTauG1: fft 9 mix start: 8/32
[36;22m[DEBUG] [39;1msnarkJS[0m: alphaTauG1: fft 9 mix start: 9/32
[36;22m[DEBUG] [39;1msnarkJS[0m: alphaTauG1: fft 9 mix start: 10/32
[36;22m[DEBUG] [39;1msnarkJS[0m: alphaTauG1: fft 9 mix start: 11/32
[36;22m[DEBUG] [39;1msnarkJS[0m: alphaTauG1: fft 9 mix start: 12/32
[36;22m[DEBUG] [39;1msnarkJS[0m: alphaTauG1: fft 9 mix start: 13/32
[36;22m[DEBUG] [39;1msnarkJS[0m: alphaTauG1: fft 9 mix start: 14/32
[36;22m[DEBUG] [39;1msnarkJS[0m: alphaTauG1: fft 9 mix start: 15/32
[36;22m[DEBUG] [39;1msnarkJS[0m: alphaTauG1: fft 9 mix start: 16/32
[36;22m[DEBUG] [39;1msnarkJS[0m: alphaTauG1: fft 9 mix start: 17/32
[36;22m[DEBUG] [39;1msnarkJS[0m: alphaTauG1: fft 9 mix start: 18/32
[36;22m[DEBUG] [39;1msnarkJS[0m: alphaTauG1: fft 9 mix start: 19/32
[36;22m[DEBUG] [39;1msnarkJS[0m: alphaTauG1: fft 9 mix start: 20/32
[36;22m[DEBUG] [39;1msnarkJS[0m: alphaTauG1: fft 9 mix start: 21/32
[36;22m[DEBUG] [39;1msnarkJS[0m: alphaTauG1: fft 9 mix start: 22/32
[36;22m[DEBUG] [39;1msnarkJS[0m: alphaTauG1: fft 9 mix start: 23/32
[36;22m[DEBUG] [39;1msnarkJS[0m: alphaTauG1: fft 9 mix start: 24/32
[36;22m[DEBUG] [39;1msnarkJS[0m: alphaTauG1: fft 9 mix start: 25/32
[36;22m[DEBUG] [39;1msnarkJS[0m: alphaTauG1: fft 9 mix start: 26/32
[36;22m[DEBUG] [39;1msnarkJS[0m: alphaTauG1: fft 9 mix start: 27/32
[36;22m[DEBUG] [39;1msnarkJS[0m: alphaTauG1: fft 9 mix start: 28/32
[36;22m[DEBUG] [39;1msnarkJS[0m: alphaTauG1: fft 9 mix start: 29/32
[36;22m[DEBUG] [39;1msnarkJS[0m: alphaTauG1: fft 9 mix start: 30/32
[36;22m[DEBUG] [39;1msnarkJS[0m: alphaTauG1: fft 9 mix start: 31/32
[36;22m[DEBUG] [39;1msnarkJS[0m: alphaTauG1: fft 9 mix end: 2/32
[36;22m[DEBUG] [39;1msnarkJS[0m: alphaTauG1: fft 9 mix end: 0/32
[36;22m[DEBUG] [39;1msnarkJS[0m: alphaTauG1: fft 9 mix end: 4/32
[36;22m[DEBUG] [39;1msnarkJS[0m: alphaTauG1: fft 9 mix end: 5/32
[36;22m[DEBUG] [39;1msnarkJS[0m: alphaTauG1: fft 9 mix end: 13/32
[36;22m[DEBUG] [39;1msnarkJS[0m: alphaTauG1: fft 9 mix end: 1/32
[36;22m[DEBUG] [39;1msnarkJS[0m: alphaTauG1: fft 9 mix end: 8/32
[36;22m[DEBUG] [39;1msnarkJS[0m: alphaTauG1: fft 9 mix end: 19/32
[36;22m[DEBUG] [39;1msnarkJS[0m: alphaTauG1: fft 9 mix end: 3/32
[36;22m[DEBUG] [39;1msnarkJS[0m: alphaTauG1: fft 9 mix end: 6/32
[36;22m[DEBUG] [39;1msnarkJS[0m: alphaTauG1: fft 9 mix end: 21/32
[36;22m[DEBUG] [39;1msnarkJS[0m: alphaTauG1: fft 9 mix end: 29/32
[36;22m[DEBUG] [39;1msnarkJS[0m: alphaTauG1: fft 9 mix end: 9/32
[36;22m[DEBUG] [39;1msnarkJS[0m: alphaTauG1: fft 9 mix end: 7/32
[36;22m[DEBUG] [39;1msnarkJS[0m: alphaTauG1: fft 9 mix end: 12/32
[36;22m[DEBUG] [39;1msnarkJS[0m: alphaTauG1: fft 9 mix end: 14/32
[36;22m[DEBUG] [39;1msnarkJS[0m: alphaTauG1: fft 9 mix end: 17/32
[36;22m[DEBUG] [39;1msnarkJS[0m: alphaTauG1: fft 9 mix end: 22/32
[36;22m[DEBUG] [39;1msnarkJS[0m: alphaTauG1: fft 9 mix end: 25/32
[36;22m[DEBUG] [39;1msnarkJS[0m: alphaTauG1: fft 9 mix end: 30/32
[36;22m[DEBUG] [39;1msnarkJS[0m: alphaTauG1: fft 9 mix end: 11/32
[36;22m[DEBUG] [39;1msnarkJS[0m: alphaTauG1: fft 9 mix end: 28/32
[36;22m[DEBUG] [39;1msnarkJS[0m: alphaTauG1: fft 9 mix end: 18/32
[36;22m[DEBUG] [39;1msnarkJS[0m: alphaTauG1: fft 9 mix end: 20/32
[36;22m[DEBUG] [39;1msnarkJS[0m: alphaTauG1: fft 9 mix end: 24/32
[36;22m[DEBUG] [39;1msnarkJS[0m: alphaTauG1: fft 9 mix end: 27/32
[36;22m[DEBUG] [39;1msnarkJS[0m: alphaTauG1: fft 9 mix end: 15/32
[36;22m[DEBUG] [39;1msnarkJS[0m: alphaTauG1: fft 9 mix end: 10/32
[36;22m[DEBUG] [39;1msnarkJS[0m: alphaTauG1: fft 9 mix end: 31/32
[36;22m[DEBUG] [39;1msnarkJS[0m: alphaTauG1: fft 9 mix end: 23/32
[36;22m[DEBUG] [39;1msnarkJS[0m: alphaTauG1: fft 9 mix end: 16/32
[36;22m[DEBUG] [39;1msnarkJS[0m: alphaTauG1: fft 9 mix end: 26/32
[36;22m[DEBUG] [39;1msnarkJS[0m: alphaTauG1: fft  9  join: 5/9
[36;22m[DEBUG] [39;1msnarkJS[0m: alphaTauG1: fft 9 join  5/9  7/16 0/1
[36;22m[DEBUG] [39;1msnarkJS[0m: alphaTauG1: fft 9 join  5/9  1/16 0/1
[36;22m[DEBUG] [39;1msnarkJS[0m: alphaTauG1: fft 9 join  5/9  4/16 0/1
[36;22m[DEBUG] [39;1msnarkJS[0m: alphaTauG1: fft 9 join  5/9  5/16 0/1
[36;22m[DEBUG] [39;1msnarkJS[0m: alphaTauG1: fft 9 join  5/9  6/16 0/1
[36;22m[DEBUG] [39;1msnarkJS[0m: alphaTauG1: fft 9 join  5/9  11/16 0/1
[36;22m[DEBUG] [39;1msnarkJS[0m: alphaTauG1: fft 9 join  5/9  12/16 0/1
[36;22m[DEBUG] [39;1msnarkJS[0m: alphaTauG1: fft 9 join  5/9  3/16 0/1
[36;22m[DEBUG] [39;1msnarkJS[0m: alphaTauG1: fft 9 join  5/9  9/16 0/1
[36;22m[DEBUG] [39;1msnarkJS[0m: alphaTauG1: fft 9 join  5/9  14/16 0/1
[36;22m[DEBUG] [39;1msnarkJS[0m: alphaTauG1: fft 9 join  5/9  16/16 0/1
[36;22m[DEBUG] [39;1msnarkJS[0m: alphaTauG1: fft 9 join  5/9  2/16 0/1
[36;22m[DEBUG] [39;1msnarkJS[0m: alphaTauG1: fft 9 join  5/9  10/16 0/1
[36;22m[DEBUG] [39;1msnarkJS[0m: alphaTauG1: fft 9 join  5/9  13/16 0/1
[36;22m[DEBUG] [39;1msnarkJS[0m: alphaTauG1: fft 9 join  5/9  8/16 0/1
[36;22m[DEBUG] [39;1msnarkJS[0m: alphaTauG1: fft 9 join  5/9  15/16 0/1
[36;22m[DEBUG] [39;1msnarkJS[0m: alphaTauG1: fft  9  join: 6/9
[36;22m[DEBUG] [39;1msnarkJS[0m: alphaTauG1: fft 9 join  6/9  2/8 0/2
[36;22m[DEBUG] [39;1msnarkJS[0m: alphaTauG1: fft 9 join  6/9  1/8 0/2
[36;22m[DEBUG] [39;1msnarkJS[0m: alphaTauG1: fft 9 join  6/9  3/8 0/2
[36;22m[DEBUG] [39;1msnarkJS[0m: alphaTauG1: fft 9 join  6/9  5/8 0/2
[36;22m[DEBUG] [39;1msnarkJS[0m: alphaTauG1: fft 9 join  6/9  4/8 0/2
[36;22m[DEBUG] [39;1msnarkJS[0m: alphaTauG1: fft 9 join  6/9  6/8 0/2
[36;22m[DEBUG] [39;1msnarkJS[0m: alphaTauG1: fft 9 join  6/9  7/8 0/2
[36;22m[DEBUG] [39;1msnarkJS[0m: alphaTauG1: fft 9 join  6/9  2/8 1/2
[36;22m[DEBUG] [39;1msnarkJS[0m: alphaTauG1: fft 9 join  6/9  1/8 1/2
[36;22m[DEBUG] [39;1msnarkJS[0m: alphaTauG1: fft 9 join  6/9  3/8 1/2
[36;22m[DEBUG] [39;1msnarkJS[0m: alphaTauG1: fft 9 join  6/9  8/8 1/2
[36;22m[DEBUG] [39;1msnarkJS[0m: alphaTauG1: fft 9 join  6/9  5/8 1/2
[36;22m[DEBUG] [39;1msnarkJS[0m: alphaTauG1: fft 9 join  6/9  6/8 1/2
[36;22m[DEBUG] [39;1msnarkJS[0m: alphaTauG1: fft 9 join  6/9  7/8 1/2
[36;22m[DEBUG] [39;1msnarkJS[0m: alphaTauG1: fft 9 join  6/9  8/8 0/2
[36;22m[DEBUG] [39;1msnarkJS[0m: alphaTauG1: fft 9 join  6/9  4/8 1/2
[36;22m[DEBUG] [39;1msnarkJS[0m: alphaTauG1: fft  9  join: 7/9
[36;22m[DEBUG] [39;1msnarkJS[0m: alphaTauG1: fft 9 join  7/9  3/4 0/4
[36;22m[DEBUG] [39;1msnarkJS[0m: alphaTauG1: fft 9 join  7/9  1/4 0/4
[36;22m[DEBUG] [39;1msnarkJS[0m: alphaTauG1: fft 9 join  7/9  2/4 0/4
[36;22m[DEBUG] [39;1msnarkJS[0m: alphaTauG1: fft 9 join  7/9  4/4 0/4
[36;22m[DEBUG] [39;1msnarkJS[0m: alphaTauG1: fft 9 join  7/9  2/4 1/4
[36;22m[DEBUG] [39;1msnarkJS[0m: alphaTauG1: fft 9 join  7/9  1/4 2/4
[36;22m[DEBUG] [39;1msnarkJS[0m: alphaTauG1: fft 9 join  7/9  4/4 3/4
[36;22m[DEBUG] [39;1msnarkJS[0m: alphaTauG1: fft 9 join  7/9  1/4 3/4
[36;22m[DEBUG] [39;1msnarkJS[0m: alphaTauG1: fft 9 join  7/9  2/4 2/4
[36;22m[DEBUG] [39;1msnarkJS[0m: alphaTauG1: fft 9 join  7/9  3/4 1/4
[36;22m[DEBUG] [39;1msnarkJS[0m: alphaTauG1: fft 9 join  7/9  3/4 2/4
[36;22m[DEBUG] [39;1msnarkJS[0m: alphaTauG1: fft 9 join  7/9  3/4 3/4
[36;22m[DEBUG] [39;1msnarkJS[0m: alphaTauG1: fft 9 join  7/9  4/4 1/4
[36;22m[DEBUG] [39;1msnarkJS[0m: alphaTauG1: fft 9 join  7/9  1/4 1/4
[36;22m[DEBUG] [39;1msnarkJS[0m: alphaTauG1: fft 9 join  7/9  2/4 3/4
[36;22m[DEBUG] [39;1msnarkJS[0m: alphaTauG1: fft 9 join  7/9  4/4 2/4
[36;22m[DEBUG] [39;1msnarkJS[0m: alphaTauG1: fft  9  join: 8/9
[36;22m[DEBUG] [39;1msnarkJS[0m: alphaTauG1: fft 9 join  8/9  2/2 0/8
[36;22m[DEBUG] [39;1msnarkJS[0m: alphaTauG1: fft 9 join  8/9  1/2 5/8
[36;22m[DEBUG] [39;1msnarkJS[0m: alphaTauG1: fft 9 join  8/9  1/2 0/8
[36;22m[DEBUG] [39;1msnarkJS[0m: alphaTauG1: fft 9 join  8/9  2/2 7/8
[36;22m[DEBUG] [39;1msnarkJS[0m: alphaTauG1: fft 9 join  8/9  1/2 2/8
[36;22m[DEBUG] [39;1msnarkJS[0m: alphaTauG1: fft 9 join  8/9  1/2 1/8
[36;22m[DEBUG] [39;1msnarkJS[0m: alphaTauG1: fft 9 join  8/9  1/2 3/8
[36;22m[DEBUG] [39;1msnarkJS[0m: alphaTauG1: fft 9 join  8/9  1/2 4/8
[36;22m[DEBUG] [39;1msnarkJS[0m: alphaTauG1: fft 9 join  8/9  1/2 6/8
[36;22m[DEBUG] [39;1msnarkJS[0m: alphaTauG1: fft 9 join  8/9  2/2 1/8
[36;22m[DEBUG] [39;1msnarkJS[0m: alphaTauG1: fft 9 join  8/9  2/2 2/8
[36;22m[DEBUG] [39;1msnarkJS[0m: alphaTauG1: fft 9 join  8/9  2/2 3/8
[36;22m[DEBUG] [39;1msnarkJS[0m: alphaTauG1: fft 9 join  8/9  2/2 4/8
[36;22m[DEBUG] [39;1msnarkJS[0m: alphaTauG1: fft 9 join  8/9  2/2 5/8
[36;22m[DEBUG] [39;1msnarkJS[0m: alphaTauG1: fft 9 join  8/9  1/2 7/8
[36;22m[DEBUG] [39;1msnarkJS[0m: alphaTauG1: fft 9 join  8/9  2/2 6/8
[36;22m[DEBUG] [39;1msnarkJS[0m: alphaTauG1: fft  9  join: 9/9
[36;22m[DEBUG] [39;1msnarkJS[0m: alphaTauG1: fft 9 join  9/9  1/1 0/16
[36;22m[DEBUG] [39;1msnarkJS[0m: alphaTauG1: fft 9 join  9/9  1/1 2/16
[36;22m[DEBUG] [39;1msnarkJS[0m: alphaTauG1: fft 9 join  9/9  1/1 5/16
[36;22m[DEBUG] [39;1msnarkJS[0m: alphaTauG1: fft 9 join  9/9  1/1 8/16
[36;22m[DEBUG] [39;1msnarkJS[0m: alphaTauG1: fft 9 join  9/9  1/1 15/16
[36;22m[DEBUG] [39;1msnarkJS[0m: alphaTauG1: fft 9 join  9/9  1/1 4/16
[36;22m[DEBUG] [39;1msnarkJS[0m: alphaTauG1: fft 9 join  9/9  1/1 11/16
[36;22m[DEBUG] [39;1msnarkJS[0m: alphaTauG1: fft 9 join  9/9  1/1 12/16
[36;22m[DEBUG] [39;1msnarkJS[0m: alphaTauG1: fft 9 join  9/9  1/1 3/16
[36;22m[DEBUG] [39;1msnarkJS[0m: alphaTauG1: fft 9 join  9/9  1/1 6/16
[36;22m[DEBUG] [39;1msnarkJS[0m: alphaTauG1: fft 9 join  9/9  1/1 9/16
[36;22m[DEBUG] [39;1msnarkJS[0m: alphaTauG1: fft 9 join  9/9  1/1 10/16
[36;22m[DEBUG] [39;1msnarkJS[0m: alphaTauG1: fft 9 join  9/9  1/1 13/16
[36;22m[DEBUG] [39;1msnarkJS[0m: alphaTauG1: fft 9 join  9/9  1/1 1/16
[36;22m[DEBUG] [39;1msnarkJS[0m: alphaTauG1: fft 9 join  9/9  1/1 14/16
[36;22m[DEBUG] [39;1msnarkJS[0m: alphaTauG1: fft 9 join  9/9  1/1 7/16
[36;22m[DEBUG] [39;1msnarkJS[0m: alphaTauG1: fft 10 mix start: 0/32
[36;22m[DEBUG] [39;1msnarkJS[0m: alphaTauG1: fft 10 mix start: 1/32
[36;22m[DEBUG] [39;1msnarkJS[0m: alphaTauG1: fft 10 mix start: 2/32
[36;22m[DEBUG] [39;1msnarkJS[0m: alphaTauG1: fft 10 mix start: 3/32
[36;22m[DEBUG] [39;1msnarkJS[0m: alphaTauG1: fft 10 mix start: 4/32
[36;22m[DEBUG] [39;1msnarkJS[0m: alphaTauG1: fft 10 mix start: 5/32
[36;22m[DEBUG] [39;1msnarkJS[0m: alphaTauG1: fft 10 mix start: 6/32
[36;22m[DEBUG] [39;1msnarkJS[0m: alphaTauG1: fft 10 mix start: 7/32
[36;22m[DEBUG] [39;1msnarkJS[0m: alphaTauG1: fft 10 mix start: 8/32
[36;22m[DEBUG] [39;1msnarkJS[0m: alphaTauG1: fft 10 mix start: 9/32
[36;22m[DEBUG] [39;1msnarkJS[0m: alphaTauG1: fft 10 mix start: 10/32
[36;22m[DEBUG] [39;1msnarkJS[0m: alphaTauG1: fft 10 mix start: 11/32
[36;22m[DEBUG] [39;1msnarkJS[0m: alphaTauG1: fft 10 mix start: 12/32
[36;22m[DEBUG] [39;1msnarkJS[0m: alphaTauG1: fft 10 mix start: 13/32
[36;22m[DEBUG] [39;1msnarkJS[0m: alphaTauG1: fft 10 mix start: 14/32
[36;22m[DEBUG] [39;1msnarkJS[0m: alphaTauG1: fft 10 mix start: 15/32
[36;22m[DEBUG] [39;1msnarkJS[0m: alphaTauG1: fft 10 mix start: 16/32
[36;22m[DEBUG] [39;1msnarkJS[0m: alphaTauG1: fft 10 mix start: 17/32
[36;22m[DEBUG] [39;1msnarkJS[0m: alphaTauG1: fft 10 mix start: 18/32
[36;22m[DEBUG] [39;1msnarkJS[0m: alphaTauG1: fft 10 mix start: 19/32
[36;22m[DEBUG] [39;1msnarkJS[0m: alphaTauG1: fft 10 mix start: 20/32
[36;22m[DEBUG] [39;1msnarkJS[0m: alphaTauG1: fft 10 mix start: 21/32
[36;22m[DEBUG] [39;1msnarkJS[0m: alphaTauG1: fft 10 mix start: 22/32
[36;22m[DEBUG] [39;1msnarkJS[0m: alphaTauG1: fft 10 mix start: 23/32
[36;22m[DEBUG] [39;1msnarkJS[0m: alphaTauG1: fft 10 mix start: 24/32
[36;22m[DEBUG] [39;1msnarkJS[0m: alphaTauG1: fft 10 mix start: 25/32
[36;22m[DEBUG] [39;1msnarkJS[0m: alphaTauG1: fft 10 mix start: 26/32
[36;22m[DEBUG] [39;1msnarkJS[0m: alphaTauG1: fft 10 mix start: 27/32
[36;22m[DEBUG] [39;1msnarkJS[0m: alphaTauG1: fft 10 mix start: 28/32
[36;22m[DEBUG] [39;1msnarkJS[0m: alphaTauG1: fft 10 mix start: 29/32
[36;22m[DEBUG] [39;1msnarkJS[0m: alphaTauG1: fft 10 mix start: 30/32
[36;22m[DEBUG] [39;1msnarkJS[0m: alphaTauG1: fft 10 mix start: 31/32
[36;22m[DEBUG] [39;1msnarkJS[0m: alphaTauG1: fft 10 mix end: 5/32
[36;22m[DEBUG] [39;1msnarkJS[0m: alphaTauG1: fft 10 mix end: 2/32
[36;22m[DEBUG] [39;1msnarkJS[0m: alphaTauG1: fft 10 mix end: 0/32
[36;22m[DEBUG] [39;1msnarkJS[0m: alphaTauG1: fft 10 mix end: 1/32
[36;22m[DEBUG] [39;1msnarkJS[0m: alphaTauG1: fft 10 mix end: 3/32
[36;22m[DEBUG] [39;1msnarkJS[0m: alphaTauG1: fft 10 mix end: 4/32
[36;22m[DEBUG] [39;1msnarkJS[0m: alphaTauG1: fft 10 mix end: 7/32
[36;22m[DEBUG] [39;1msnarkJS[0m: alphaTauG1: fft 10 mix end: 8/32
[36;22m[DEBUG] [39;1msnarkJS[0m: alphaTauG1: fft 10 mix end: 13/32
[36;22m[DEBUG] [39;1msnarkJS[0m: alphaTauG1: fft 10 mix end: 19/32
[36;22m[DEBUG] [39;1msnarkJS[0m: alphaTauG1: fft 10 mix end: 21/32
[36;22m[DEBUG] [39;1msnarkJS[0m: alphaTauG1: fft 10 mix end: 29/32
[36;22m[DEBUG] [39;1msnarkJS[0m: alphaTauG1: fft 10 mix end: 9/32
[36;22m[DEBUG] [39;1msnarkJS[0m: alphaTauG1: fft 10 mix end: 14/32
[36;22m[DEBUG] [39;1msnarkJS[0m: alphaTauG1: fft 10 mix end: 15/32
[36;22m[DEBUG] [39;1msnarkJS[0m: alphaTauG1: fft 10 mix end: 17/32
[36;22m[DEBUG] [39;1msnarkJS[0m: alphaTauG1: fft 10 mix end: 22/32
[36;22m[DEBUG] [39;1msnarkJS[0m: alphaTauG1: fft 10 mix end: 12/32
[36;22m[DEBUG] [39;1msnarkJS[0m: alphaTauG1: fft 10 mix end: 30/32
[36;22m[DEBUG] [39;1msnarkJS[0m: alphaTauG1: fft 10 mix end: 28/32
[36;22m[DEBUG] [39;1msnarkJS[0m: alphaTauG1: fft 10 mix end: 11/32
[36;22m[DEBUG] [39;1msnarkJS[0m: alphaTauG1: fft 10 mix end: 24/32
[36;22m[DEBUG] [39;1msnarkJS[0m: alphaTauG1: fft 10 mix end: 25/32
[36;22m[DEBUG] [39;1msnarkJS[0m: alphaTauG1: fft 10 mix end: 26/32
[36;22m[DEBUG] [39;1msnarkJS[0m: alphaTauG1: fft 10 mix end: 18/32
[36;22m[DEBUG] [39;1msnarkJS[0m: alphaTauG1: fft 10 mix end: 16/32
[36;22m[DEBUG] [39;1msnarkJS[0m: alphaTauG1: fft 10 mix end: 20/32
[36;22m[DEBUG] [39;1msnarkJS[0m: alphaTauG1: fft 10 mix end: 31/32
[36;22m[DEBUG] [39;1msnarkJS[0m: alphaTauG1: fft 10 mix end: 23/32
[36;22m[DEBUG] [39;1msnarkJS[0m: alphaTauG1: fft 10 mix end: 6/32
[36;22m[DEBUG] [39;1msnarkJS[0m: alphaTauG1: fft 10 mix end: 27/32
[36;22m[DEBUG] [39;1msnarkJS[0m: alphaTauG1: fft 10 mix end: 10/32
[36;22m[DEBUG] [39;1msnarkJS[0m: alphaTauG1: fft  10  join: 6/10
[36;22m[DEBUG] [39;1msnarkJS[0m: alphaTauG1: fft 10 join  6/10  11/16 0/1
[36;22m[DEBUG] [39;1msnarkJS[0m: alphaTauG1: fft 10 join  6/10  4/16 0/1
[36;22m[DEBUG] [39;1msnarkJS[0m: alphaTauG1: fft 10 join  6/10  7/16 0/1
[36;22m[DEBUG] [39;1msnarkJS[0m: alphaTauG1: fft 10 join  6/10  12/16 0/1
[36;22m[DEBUG] [39;1msnarkJS[0m: alphaTauG1: fft 10 join  6/10  3/16 0/1
[36;22m[DEBUG] [39;1msnarkJS[0m: alphaTauG1: fft 10 join  6/10  1/16 0/1
[36;22m[DEBUG] [39;1msnarkJS[0m: alphaTauG1: fft 10 join  6/10  10/16 0/1
[36;22m[DEBUG] [39;1msnarkJS[0m: alphaTauG1: fft 10 join  6/10  5/16 0/1
[36;22m[DEBUG] [39;1msnarkJS[0m: alphaTauG1: fft 10 join  6/10  6/16 0/1
[36;22m[DEBUG] [39;1msnarkJS[0m: alphaTauG1: fft 10 join  6/10  8/16 0/1
[36;22m[DEBUG] [39;1msnarkJS[0m: alphaTauG1: fft 10 join  6/10  13/16 0/1
[36;22m[DEBUG] [39;1msnarkJS[0m: alphaTauG1: fft 10 join  6/10  14/16 0/1
[36;22m[DEBUG] [39;1msnarkJS[0m: alphaTauG1: fft 10 join  6/10  2/16 0/1
[36;22m[DEBUG] [39;1msnarkJS[0m: alphaTauG1: fft 10 join  6/10  9/16 0/1
[36;22m[DEBUG] [39;1msnarkJS[0m: alphaTauG1: fft 10 join  6/10  15/16 0/1
[36;22m[DEBUG] [39;1msnarkJS[0m: alphaTauG1: fft 10 join  6/10  16/16 0/1
[36;22m[DEBUG] [39;1msnarkJS[0m: alphaTauG1: fft  10  join: 7/10
[36;22m[DEBUG] [39;1msnarkJS[0m: alphaTauG1: fft 10 join  7/10  4/8 0/2
[36;22m[DEBUG] [39;1msnarkJS[0m: alphaTauG1: fft 10 join  7/10  6/8 0/2
[36;22m[DEBUG] [39;1msnarkJS[0m: alphaTauG1: fft 10 join  7/10  2/8 0/2
[36;22m[DEBUG] [39;1msnarkJS[0m: alphaTauG1: fft 10 join  7/10  2/8 1/2
[36;22m[DEBUG] [39;1msnarkJS[0m: alphaTauG1: fft 10 join  7/10  3/8 0/2
[36;22m[DEBUG] [39;1msnarkJS[0m: alphaTauG1: fft 10 join  7/10  5/8 0/2
[36;22m[DEBUG] [39;1msnarkJS[0m: alphaTauG1: fft 10 join  7/10  1/8 0/2
[36;22m[DEBUG] [39;1msnarkJS[0m: alphaTauG1: fft 10 join  7/10  3/8 1/2
[36;22m[DEBUG] [39;1msnarkJS[0m: alphaTauG1: fft 10 join  7/10  6/8 1/2
[36;22m[DEBUG] [39;1msnarkJS[0m: alphaTauG1: fft 10 join  7/10  7/8 0/2
[36;22m[DEBUG] [39;1msnarkJS[0m: alphaTauG1: fft 10 join  7/10  4/8 1/2
[36;22m[DEBUG] [39;1msnarkJS[0m: alphaTauG1: fft 10 join  7/10  5/8 1/2
[36;22m[DEBUG] [39;1msnarkJS[0m: alphaTauG1: fft 10 join  7/10  1/8 1/2
[36;22m[DEBUG] [39;1msnarkJS[0m: alphaTauG1: fft 10 join  7/10  7/8 1/2
[36;22m[DEBUG] [39;1msnarkJS[0m: alphaTauG1: fft 10 join  7/10  8/8 0/2
[36;22m[DEBUG] [39;1msnarkJS[0m: alphaTauG1: fft 10 join  7/10  8/8 1/2
[36;22m[DEBUG] [39;1msnarkJS[0m: alphaTauG1: fft  10  join: 8/10
[36;22m[DEBUG] [39;1msnarkJS[0m: alphaTauG1: fft 10 join  8/10  3/4 0/4
[36;22m[DEBUG] [39;1msnarkJS[0m: alphaTauG1: fft 10 join  8/10  2/4 1/4
[36;22m[DEBUG] [39;1msnarkJS[0m: alphaTauG1: fft 10 join  8/10  1/4 2/4
[36;22m[DEBUG] [39;1msnarkJS[0m: alphaTauG1: fft 10 join  8/10  2/4 0/4
[36;22m[DEBUG] [39;1msnarkJS[0m: alphaTauG1: fft 10 join  8/10  4/4 0/4
[36;22m[DEBUG] [39;1msnarkJS[0m: alphaTauG1: fft 10 join  8/10  2/4 3/4
[36;22m[DEBUG] [39;1msnarkJS[0m: alphaTauG1: fft 10 join  8/10  2/4 2/4
[36;22m[DEBUG] [39;1msnarkJS[0m: alphaTauG1: fft 10 join  8/10  1/4 3/4
[36;22m[DEBUG] [39;1msnarkJS[0m: alphaTauG1: fft 10 join  8/10  3/4 2/4
[36;22m[DEBUG] [39;1msnarkJS[0m: alphaTauG1: fft 10 join  8/10  3/4 3/4
[36;22m[DEBUG] [39;1msnarkJS[0m: alphaTauG1: fft 10 join  8/10  4/4 1/4
[36;22m[DEBUG] [39;1msnarkJS[0m: alphaTauG1: fft 10 join  8/10  1/4 0/4
[36;22m[DEBUG] [39;1msnarkJS[0m: alphaTauG1: fft 10 join  8/10  1/4 1/4
[36;22m[DEBUG] [39;1msnarkJS[0m: alphaTauG1: fft 10 join  8/10  3/4 1/4
[36;22m[DEBUG] [39;1msnarkJS[0m: alphaTauG1: fft 10 join  8/10  4/4 2/4
[36;22m[DEBUG] [39;1msnarkJS[0m: alphaTauG1: fft 10 join  8/10  4/4 3/4
[36;22m[DEBUG] [39;1msnarkJS[0m: alphaTauG1: fft  10  join: 9/10
[36;22m[DEBUG] [39;1msnarkJS[0m: alphaTauG1: fft 10 join  9/10  2/2 0/8
[36;22m[DEBUG] [39;1msnarkJS[0m: alphaTauG1: fft 10 join  9/10  1/2 0/8
[36;22m[DEBUG] [39;1msnarkJS[0m: alphaTauG1: fft 10 join  9/10  1/2 3/8
[36;22m[DEBUG] [39;1msnarkJS[0m: alphaTauG1: fft 10 join  9/10  1/2 5/8
[36;22m[DEBUG] [39;1msnarkJS[0m: alphaTauG1: fft 10 join  9/10  1/2 2/8
[36;22m[DEBUG] [39;1msnarkJS[0m: alphaTauG1: fft 10 join  9/10  1/2 6/8
[36;22m[DEBUG] [39;1msnarkJS[0m: alphaTauG1: fft 10 join  9/10  1/2 7/8
[36;22m[DEBUG] [39;1msnarkJS[0m: alphaTauG1: fft 10 join  9/10  1/2 4/8
[36;22m[DEBUG] [39;1msnarkJS[0m: alphaTauG1: fft 10 join  9/10  1/2 1/8
[36;22m[DEBUG] [39;1msnarkJS[0m: alphaTauG1: fft 10 join  9/10  2/2 2/8
[36;22m[DEBUG] [39;1msnarkJS[0m: alphaTauG1: fft 10 join  9/10  2/2 3/8
[36;22m[DEBUG] [39;1msnarkJS[0m: alphaTauG1: fft 10 join  9/10  2/2 4/8
[36;22m[DEBUG] [39;1msnarkJS[0m: alphaTauG1: fft 10 join  9/10  2/2 5/8
[36;22m[DEBUG] [39;1msnarkJS[0m: alphaTauG1: fft 10 join  9/10  2/2 1/8
[36;22m[DEBUG] [39;1msnarkJS[0m: alphaTauG1: fft 10 join  9/10  2/2 7/8
[36;22m[DEBUG] [39;1msnarkJS[0m: alphaTauG1: fft 10 join  9/10  2/2 6/8
[36;22m[DEBUG] [39;1msnarkJS[0m: alphaTauG1: fft  10  join: 10/10
[36;22m[DEBUG] [39;1msnarkJS[0m: alphaTauG1: fft 10 join  10/10  1/1 15/16
[36;22m[DEBUG] [39;1msnarkJS[0m: alphaTauG1: fft 10 join  10/10  1/1 14/16
[36;22m[DEBUG] [39;1msnarkJS[0m: alphaTauG1: fft 10 join  10/10  1/1 5/16
[36;22m[DEBUG] [39;1msnarkJS[0m: alphaTauG1: fft 10 join  10/10  1/1 0/16
[36;22m[DEBUG] [39;1msnarkJS[0m: alphaTauG1: fft 10 join  10/10  1/1 2/16
[36;22m[DEBUG] [39;1msnarkJS[0m: alphaTauG1: fft 10 join  10/10  1/1 8/16
[36;22m[DEBUG] [39;1msnarkJS[0m: alphaTauG1: fft 10 join  10/10  1/1 3/16
[36;22m[DEBUG] [39;1msnarkJS[0m: alphaTauG1: fft 10 join  10/10  1/1 4/16
[36;22m[DEBUG] [39;1msnarkJS[0m: alphaTauG1: fft 10 join  10/10  1/1 6/16
[36;22m[DEBUG] [39;1msnarkJS[0m: alphaTauG1: fft 10 join  10/10  1/1 7/16
[36;22m[DEBUG] [39;1msnarkJS[0m: alphaTauG1: fft 10 join  10/10  1/1 9/16
[36;22m[DEBUG] [39;1msnarkJS[0m: alphaTauG1: fft 10 join  10/10  1/1 10/16
[36;22m[DEBUG] [39;1msnarkJS[0m: alphaTauG1: fft 10 join  10/10  1/1 11/16
[36;22m[DEBUG] [39;1msnarkJS[0m: alphaTauG1: fft 10 join  10/10  1/1 12/16
[36;22m[DEBUG] [39;1msnarkJS[0m: alphaTauG1: fft 10 join  10/10  1/1 13/16
[36;22m[DEBUG] [39;1msnarkJS[0m: alphaTauG1: fft 10 join  10/10  1/1 1/16
[36;22m[DEBUG] [39;1msnarkJS[0m: alphaTauG1: fft 11 mix start: 0/32
[36;22m[DEBUG] [39;1msnarkJS[0m: alphaTauG1: fft 11 mix start: 1/32
[36;22m[DEBUG] [39;1msnarkJS[0m: alphaTauG1: fft 11 mix start: 2/32
[36;22m[DEBUG] [39;1msnarkJS[0m: alphaTauG1: fft 11 mix start: 3/32
[36;22m[DEBUG] [39;1msnarkJS[0m: alphaTauG1: fft 11 mix start: 4/32
[36;22m[DEBUG] [39;1msnarkJS[0m: alphaTauG1: fft 11 mix start: 5/32
[36;22m[DEBUG] [39;1msnarkJS[0m: alphaTauG1: fft 11 mix start: 6/32
[36;22m[DEBUG] [39;1msnarkJS[0m: alphaTauG1: fft 11 mix start: 7/32
[36;22m[DEBUG] [39;1msnarkJS[0m: alphaTauG1: fft 11 mix start: 8/32
[36;22m[DEBUG] [39;1msnarkJS[0m: alphaTauG1: fft 11 mix start: 9/32
[36;22m[DEBUG] [39;1msnarkJS[0m: alphaTauG1: fft 11 mix start: 10/32
[36;22m[DEBUG] [39;1msnarkJS[0m: alphaTauG1: fft 11 mix start: 11/32
[36;22m[DEBUG] [39;1msnarkJS[0m: alphaTauG1: fft 11 mix start: 12/32
[36;22m[DEBUG] [39;1msnarkJS[0m: alphaTauG1: fft 11 mix start: 13/32
[36;22m[DEBUG] [39;1msnarkJS[0m: alphaTauG1: fft 11 mix start: 14/32
[36;22m[DEBUG] [39;1msnarkJS[0m: alphaTauG1: fft 11 mix start: 15/32
[36;22m[DEBUG] [39;1msnarkJS[0m: alphaTauG1: fft 11 mix start: 16/32
[36;22m[DEBUG] [39;1msnarkJS[0m: alphaTauG1: fft 11 mix start: 17/32
[36;22m[DEBUG] [39;1msnarkJS[0m: alphaTauG1: fft 11 mix start: 18/32
[36;22m[DEBUG] [39;1msnarkJS[0m: alphaTauG1: fft 11 mix start: 19/32
[36;22m[DEBUG] [39;1msnarkJS[0m: alphaTauG1: fft 11 mix start: 20/32
[36;22m[DEBUG] [39;1msnarkJS[0m: alphaTauG1: fft 11 mix start: 21/32
[36;22m[DEBUG] [39;1msnarkJS[0m: alphaTauG1: fft 11 mix start: 22/32
[36;22m[DEBUG] [39;1msnarkJS[0m: alphaTauG1: fft 11 mix start: 23/32
[36;22m[DEBUG] [39;1msnarkJS[0m: alphaTauG1: fft 11 mix start: 24/32
[36;22m[DEBUG] [39;1msnarkJS[0m: alphaTauG1: fft 11 mix start: 25/32
[36;22m[DEBUG] [39;1msnarkJS[0m: alphaTauG1: fft 11 mix start: 26/32
[36;22m[DEBUG] [39;1msnarkJS[0m: alphaTauG1: fft 11 mix start: 27/32
[36;22m[DEBUG] [39;1msnarkJS[0m: alphaTauG1: fft 11 mix start: 28/32
[36;22m[DEBUG] [39;1msnarkJS[0m: alphaTauG1: fft 11 mix start: 29/32
[36;22m[DEBUG] [39;1msnarkJS[0m: alphaTauG1: fft 11 mix start: 30/32
[36;22m[DEBUG] [39;1msnarkJS[0m: alphaTauG1: fft 11 mix start: 31/32
[36;22m[DEBUG] [39;1msnarkJS[0m: alphaTauG1: fft 11 mix end: 0/32
[36;22m[DEBUG] [39;1msnarkJS[0m: alphaTauG1: fft 11 mix end: 1/32
[36;22m[DEBUG] [39;1msnarkJS[0m: alphaTauG1: fft 11 mix end: 3/32
[36;22m[DEBUG] [39;1msnarkJS[0m: alphaTauG1: fft 11 mix end: 4/32
[36;22m[DEBUG] [39;1msnarkJS[0m: alphaTauG1: fft 11 mix end: 5/32
[36;22m[DEBUG] [39;1msnarkJS[0m: alphaTauG1: fft 11 mix end: 6/32
[36;22m[DEBUG] [39;1msnarkJS[0m: alphaTauG1: fft 11 mix end: 7/32
[36;22m[DEBUG] [39;1msnarkJS[0m: alphaTauG1: fft 11 mix end: 13/32
[36;22m[DEBUG] [39;1msnarkJS[0m: alphaTauG1: fft 11 mix end: 19/32
[36;22m[DEBUG] [39;1msnarkJS[0m: alphaTauG1: fft 11 mix end: 21/32
[36;22m[DEBUG] [39;1msnarkJS[0m: alphaTauG1: fft 11 mix end: 29/32
[36;22m[DEBUG] [39;1msnarkJS[0m: alphaTauG1: fft 11 mix end: 31/32
[36;22m[DEBUG] [39;1msnarkJS[0m: alphaTauG1: fft 11 mix end: 2/32
[36;22m[DEBUG] [39;1msnarkJS[0m: alphaTauG1: fft 11 mix end: 9/32
[36;22m[DEBUG] [39;1msnarkJS[0m: alphaTauG1: fft 11 mix end: 12/32
[36;22m[DEBUG] [39;1msnarkJS[0m: alphaTauG1: fft 11 mix end: 15/32
[36;22m[DEBUG] [39;1msnarkJS[0m: alphaTauG1: fft 11 mix end: 14/32
[36;22m[DEBUG] [39;1msnarkJS[0m: alphaTauG1: fft 11 mix end: 28/32
[36;22m[DEBUG] [39;1msnarkJS[0m: alphaTauG1: fft 11 mix end: 25/32
[36;22m[DEBUG] [39;1msnarkJS[0m: alphaTauG1: fft 11 mix end: 30/32
[36;22m[DEBUG] [39;1msnarkJS[0m: alphaTauG1: fft 11 mix end: 22/32
[36;22m[DEBUG] [39;1msnarkJS[0m: alphaTauG1: fft 11 mix end: 26/32
[36;22m[DEBUG] [39;1msnarkJS[0m: alphaTauG1: fft 11 mix end: 11/32
[36;22m[DEBUG] [39;1msnarkJS[0m: alphaTauG1: fft 11 mix end: 16/32
[36;22m[DEBUG] [39;1msnarkJS[0m: alphaTauG1: fft 11 mix end: 17/32
[36;22m[DEBUG] [39;1msnarkJS[0m: alphaTauG1: fft 11 mix end: 20/32
[36;22m[DEBUG] [39;1msnarkJS[0m: alphaTauG1: fft 11 mix end: 23/32
[36;22m[DEBUG] [39;1msnarkJS[0m: alphaTauG1: fft 11 mix end: 18/32
[36;22m[DEBUG] [39;1msnarkJS[0m: alphaTauG1: fft 11 mix end: 8/32
[36;22m[DEBUG] [39;1msnarkJS[0m: alphaTauG1: fft 11 mix end: 24/32
[36;22m[DEBUG] [39;1msnarkJS[0m: alphaTauG1: fft 11 mix end: 10/32
[36;22m[DEBUG] [39;1msnarkJS[0m: alphaTauG1: fft 11 mix end: 27/32
[36;22m[DEBUG] [39;1msnarkJS[0m: alphaTauG1: fft  11  join: 7/11
[36;22m[DEBUG] [39;1msnarkJS[0m: alphaTauG1: fft 11 join  7/11  7/16 0/1
[36;22m[DEBUG] [39;1msnarkJS[0m: alphaTauG1: fft 11 join  7/11  11/16 0/1
[36;22m[DEBUG] [39;1msnarkJS[0m: alphaTauG1: fft 11 join  7/11  4/16 0/1
[36;22m[DEBUG] [39;1msnarkJS[0m: alphaTauG1: fft 11 join  7/11  3/16 0/1
[36;22m[DEBUG] [39;1msnarkJS[0m: alphaTauG1: fft 11 join  7/11  12/16 0/1
[36;22m[DEBUG] [39;1msnarkJS[0m: alphaTauG1: fft 11 join  7/11  1/16 0/1
[36;22m[DEBUG] [39;1msnarkJS[0m: alphaTauG1: fft 11 join  7/11  5/16 0/1
[36;22m[DEBUG] [39;1msnarkJS[0m: alphaTauG1: fft 11 join  7/11  6/16 0/1
[36;22m[DEBUG] [39;1msnarkJS[0m: alphaTauG1: fft 11 join  7/11  10/16 0/1
[36;22m[DEBUG] [39;1msnarkJS[0m: alphaTauG1: fft 11 join  7/11  13/16 0/1
[36;22m[DEBUG] [39;1msnarkJS[0m: alphaTauG1: fft 11 join  7/11  14/16 0/1
[36;22m[DEBUG] [39;1msnarkJS[0m: alphaTauG1: fft 11 join  7/11  8/16 0/1
[36;22m[DEBUG] [39;1msnarkJS[0m: alphaTauG1: fft 11 join  7/11  15/16 0/1
[36;22m[DEBUG] [39;1msnarkJS[0m: alphaTauG1: fft 11 join  7/11  2/16 0/1
[36;22m[DEBUG] [39;1msnarkJS[0m: alphaTauG1: fft 11 join  7/11  9/16 0/1
[36;22m[DEBUG] [39;1msnarkJS[0m: alphaTauG1: fft 11 join  7/11  16/16 0/1
[36;22m[DEBUG] [39;1msnarkJS[0m: alphaTauG1: fft  11  join: 8/11
[36;22m[DEBUG] [39;1msnarkJS[0m: alphaTauG1: fft 11 join  8/11  1/8 0/2
[36;22m[DEBUG] [39;1msnarkJS[0m: alphaTauG1: fft 11 join  8/11  2/8 0/2
[36;22m[DEBUG] [39;1msnarkJS[0m: alphaTauG1: fft 11 join  8/11  3/8 0/2
[36;22m[DEBUG] [39;1msnarkJS[0m: alphaTauG1: fft 11 join  8/11  4/8 0/2
[36;22m[DEBUG] [39;1msnarkJS[0m: alphaTauG1: fft 11 join  8/11  6/8 0/2
[36;22m[DEBUG] [39;1msnarkJS[0m: alphaTauG1: fft 11 join  8/11  7/8 0/2
[36;22m[DEBUG] [39;1msnarkJS[0m: alphaTauG1: fft 11 join  8/11  8/8 0/2
[36;22m[DEBUG] [39;1msnarkJS[0m: alphaTauG1: fft 11 join  8/11  2/8 1/2
[36;22m[DEBUG] [39;1msnarkJS[0m: alphaTauG1: fft 11 join  8/11  3/8 1/2
[36;22m[DEBUG] [39;1msnarkJS[0m: alphaTauG1: fft 11 join  8/11  5/8 1/2
[36;22m[DEBUG] [39;1msnarkJS[0m: alphaTauG1: fft 11 join  8/11  6/8 1/2
[36;22m[DEBUG] [39;1msnarkJS[0m: alphaTauG1: fft 11 join  8/11  5/8 0/2
[36;22m[DEBUG] [39;1msnarkJS[0m: alphaTauG1: fft 11 join  8/11  7/8 1/2
[36;22m[DEBUG] [39;1msnarkJS[0m: alphaTauG1: fft 11 join  8/11  8/8 1/2
[36;22m[DEBUG] [39;1msnarkJS[0m: alphaTauG1: fft 11 join  8/11  1/8 1/2
[36;22m[DEBUG] [39;1msnarkJS[0m: alphaTauG1: fft 11 join  8/11  4/8 1/2
[36;22m[DEBUG] [39;1msnarkJS[0m: alphaTauG1: fft  11  join: 9/11
[36;22m[DEBUG] [39;1msnarkJS[0m: alphaTauG1: fft 11 join  9/11  1/4 0/4
[36;22m[DEBUG] [39;1msnarkJS[0m: alphaTauG1: fft 11 join  9/11  2/4 0/4
[36;22m[DEBUG] [39;1msnarkJS[0m: alphaTauG1: fft 11 join  9/11  4/4 0/4
[36;22m[DEBUG] [39;1msnarkJS[0m: alphaTauG1: fft 11 join  9/11  1/4 2/4
[36;22m[DEBUG] [39;1msnarkJS[0m: alphaTauG1: fft 11 join  9/11  2/4 2/4
[36;22m[DEBUG] [39;1msnarkJS[0m: alphaTauG1: fft 11 join  9/11  3/4 0/4
[36;22m[DEBUG] [39;1msnarkJS[0m: alphaTauG1: fft 11 join  9/11  1/4 3/4
[36;22m[DEBUG] [39;1msnarkJS[0m: alphaTauG1: fft 11 join  9/11  4/4 2/4
[36;22m[DEBUG] [39;1msnarkJS[0m: alphaTauG1: fft 11 join  9/11  3/4 1/4
[36;22m[DEBUG] [39;1msnarkJS[0m: alphaTauG1: fft 11 join  9/11  3/4 2/4
[36;22m[DEBUG] [39;1msnarkJS[0m: alphaTauG1: fft 11 join  9/11  3/4 3/4
[36;22m[DEBUG] [39;1msnarkJS[0m: alphaTauG1: fft 11 join  9/11  4/4 3/4
[36;22m[DEBUG] [39;1msnarkJS[0m: alphaTauG1: fft 11 join  9/11  2/4 1/4
[36;22m[DEBUG] [39;1msnarkJS[0m: alphaTauG1: fft 11 join  9/11  2/4 3/4
[36;22m[DEBUG] [39;1msnarkJS[0m: alphaTauG1: fft 11 join  9/11  1/4 1/4
[36;22m[DEBUG] [39;1msnarkJS[0m: alphaTauG1: fft 11 join  9/11  4/4 1/4
[36;22m[DEBUG] [39;1msnarkJS[0m: alphaTauG1: fft  11  join: 10/11
[36;22m[DEBUG] [39;1msnarkJS[0m: alphaTauG1: fft 11 join  10/11  1/2 0/8
[36;22m[DEBUG] [39;1msnarkJS[0m: alphaTauG1: fft 11 join  10/11  1/2 2/8
[36;22m[DEBUG] [39;1msnarkJS[0m: alphaTauG1: fft 11 join  10/11  1/2 5/8
[36;22m[DEBUG] [39;1msnarkJS[0m: alphaTauG1: fft 11 join  10/11  2/2 0/8
[36;22m[DEBUG] [39;1msnarkJS[0m: alphaTauG1: fft 11 join  10/11  1/2 4/8
[36;22m[DEBUG] [39;1msnarkJS[0m: alphaTauG1: fft 11 join  10/11  1/2 3/8
[36;22m[DEBUG] [39;1msnarkJS[0m: alphaTauG1: fft 11 join  10/11  1/2 6/8
[36;22m[DEBUG] [39;1msnarkJS[0m: alphaTauG1: fft 11 join  10/11  2/2 2/8
[36;22m[DEBUG] [39;1msnarkJS[0m: alphaTauG1: fft 11 join  10/11  2/2 3/8
[36;22m[DEBUG] [39;1msnarkJS[0m: alphaTauG1: fft 11 join  10/11  2/2 4/8
[36;22m[DEBUG] [39;1msnarkJS[0m: alphaTauG1: fft 11 join  10/11  2/2 5/8
[36;22m[DEBUG] [39;1msnarkJS[0m: alphaTauG1: fft 11 join  10/11  2/2 6/8
[36;22m[DEBUG] [39;1msnarkJS[0m: alphaTauG1: fft 11 join  10/11  2/2 7/8
[36;22m[DEBUG] [39;1msnarkJS[0m: alphaTauG1: fft 11 join  10/11  1/2 7/8
[36;22m[DEBUG] [39;1msnarkJS[0m: alphaTauG1: fft 11 join  10/11  1/2 1/8
[36;22m[DEBUG] [39;1msnarkJS[0m: alphaTauG1: fft 11 join  10/11  2/2 1/8
[36;22m[DEBUG] [39;1msnarkJS[0m: alphaTauG1: fft  11  join: 11/11
[36;22m[DEBUG] [39;1msnarkJS[0m: alphaTauG1: fft 11 join  11/11  1/1 0/16
[36;22m[DEBUG] [39;1msnarkJS[0m: alphaTauG1: fft 11 join  11/11  1/1 2/16
[36;22m[DEBUG] [39;1msnarkJS[0m: alphaTauG1: fft 11 join  11/11  1/1 4/16
[36;22m[DEBUG] [39;1msnarkJS[0m: alphaTauG1: fft 11 join  11/11  1/1 6/16
[36;22m[DEBUG] [39;1msnarkJS[0m: alphaTauG1: fft 11 join  11/11  1/1 10/16
[36;22m[DEBUG] [39;1msnarkJS[0m: alphaTauG1: fft 11 join  11/11  1/1 11/16
[36;22m[DEBUG] [39;1msnarkJS[0m: alphaTauG1: fft 11 join  11/11  1/1 14/16
[36;22m[DEBUG] [39;1msnarkJS[0m: alphaTauG1: fft 11 join  11/11  1/1 3/16
[36;22m[DEBUG] [39;1msnarkJS[0m: alphaTauG1: fft 11 join  11/11  1/1 5/16
[36;22m[DEBUG] [39;1msnarkJS[0m: alphaTauG1: fft 11 join  11/11  1/1 9/16
[36;22m[DEBUG] [39;1msnarkJS[0m: alphaTauG1: fft 11 join  11/11  1/1 15/16
[36;22m[DEBUG] [39;1msnarkJS[0m: alphaTauG1: fft 11 join  11/11  1/1 12/16
[36;22m[DEBUG] [39;1msnarkJS[0m: alphaTauG1: fft 11 join  11/11  1/1 13/16
[36;22m[DEBUG] [39;1msnarkJS[0m: alphaTauG1: fft 11 join  11/11  1/1 8/16
[36;22m[DEBUG] [39;1msnarkJS[0m: alphaTauG1: fft 11 join  11/11  1/1 7/16
[36;22m[DEBUG] [39;1msnarkJS[0m: alphaTauG1: fft 11 join  11/11  1/1 1/16
[36;22m[DEBUG] [39;1msnarkJS[0m: alphaTauG1: fft 12 mix start: 0/32
[36;22m[DEBUG] [39;1msnarkJS[0m: alphaTauG1: fft 12 mix start: 1/32
[36;22m[DEBUG] [39;1msnarkJS[0m: alphaTauG1: fft 12 mix start: 2/32
[36;22m[DEBUG] [39;1msnarkJS[0m: alphaTauG1: fft 12 mix start: 3/32
[36;22m[DEBUG] [39;1msnarkJS[0m: alphaTauG1: fft 12 mix start: 4/32
[36;22m[DEBUG] [39;1msnarkJS[0m: alphaTauG1: fft 12 mix start: 5/32
[36;22m[DEBUG] [39;1msnarkJS[0m: alphaTauG1: fft 12 mix start: 6/32
[36;22m[DEBUG] [39;1msnarkJS[0m: alphaTauG1: fft 12 mix start: 7/32
[36;22m[DEBUG] [39;1msnarkJS[0m: alphaTauG1: fft 12 mix start: 8/32
[36;22m[DEBUG] [39;1msnarkJS[0m: alphaTauG1: fft 12 mix start: 9/32
[36;22m[DEBUG] [39;1msnarkJS[0m: alphaTauG1: fft 12 mix start: 10/32
[36;22m[DEBUG] [39;1msnarkJS[0m: alphaTauG1: fft 12 mix start: 11/32
[36;22m[DEBUG] [39;1msnarkJS[0m: alphaTauG1: fft 12 mix start: 12/32
[36;22m[DEBUG] [39;1msnarkJS[0m: alphaTauG1: fft 12 mix start: 13/32
[36;22m[DEBUG] [39;1msnarkJS[0m: alphaTauG1: fft 12 mix start: 14/32
[36;22m[DEBUG] [39;1msnarkJS[0m: alphaTauG1: fft 12 mix start: 15/32
[36;22m[DEBUG] [39;1msnarkJS[0m: alphaTauG1: fft 12 mix start: 16/32
[36;22m[DEBUG] [39;1msnarkJS[0m: alphaTauG1: fft 12 mix start: 17/32
[36;22m[DEBUG] [39;1msnarkJS[0m: alphaTauG1: fft 12 mix start: 18/32
[36;22m[DEBUG] [39;1msnarkJS[0m: alphaTauG1: fft 12 mix start: 19/32
[36;22m[DEBUG] [39;1msnarkJS[0m: alphaTauG1: fft 12 mix start: 20/32
[36;22m[DEBUG] [39;1msnarkJS[0m: alphaTauG1: fft 12 mix start: 21/32
[36;22m[DEBUG] [39;1msnarkJS[0m: alphaTauG1: fft 12 mix start: 22/32
[36;22m[DEBUG] [39;1msnarkJS[0m: alphaTauG1: fft 12 mix start: 23/32
[36;22m[DEBUG] [39;1msnarkJS[0m: alphaTauG1: fft 12 mix start: 24/32
[36;22m[DEBUG] [39;1msnarkJS[0m: alphaTauG1: fft 12 mix start: 25/32
[36;22m[DEBUG] [39;1msnarkJS[0m: alphaTauG1: fft 12 mix start: 26/32
[36;22m[DEBUG] [39;1msnarkJS[0m: alphaTauG1: fft 12 mix start: 27/32
[36;22m[DEBUG] [39;1msnarkJS[0m: alphaTauG1: fft 12 mix start: 28/32
[36;22m[DEBUG] [39;1msnarkJS[0m: alphaTauG1: fft 12 mix start: 29/32
[36;22m[DEBUG] [39;1msnarkJS[0m: alphaTauG1: fft 12 mix start: 30/32
[36;22m[DEBUG] [39;1msnarkJS[0m: alphaTauG1: fft 12 mix start: 31/32
[36;22m[DEBUG] [39;1msnarkJS[0m: alphaTauG1: fft 12 mix end: 0/32
[36;22m[DEBUG] [39;1msnarkJS[0m: alphaTauG1: fft 12 mix end: 3/32
[36;22m[DEBUG] [39;1msnarkJS[0m: alphaTauG1: fft 12 mix end: 5/32
[36;22m[DEBUG] [39;1msnarkJS[0m: alphaTauG1: fft 12 mix end: 7/32
[36;22m[DEBUG] [39;1msnarkJS[0m: alphaTauG1: fft 12 mix end: 10/32
[36;22m[DEBUG] [39;1msnarkJS[0m: alphaTauG1: fft 12 mix end: 13/32
[36;22m[DEBUG] [39;1msnarkJS[0m: alphaTauG1: fft 12 mix end: 19/32
[36;22m[DEBUG] [39;1msnarkJS[0m: alphaTauG1: fft 12 mix end: 21/32
[36;22m[DEBUG] [39;1msnarkJS[0m: alphaTauG1: fft 12 mix end: 29/32
[36;22m[DEBUG] [39;1msnarkJS[0m: alphaTauG1: fft 12 mix end: 1/32
[36;22m[DEBUG] [39;1msnarkJS[0m: alphaTauG1: fft 12 mix end: 4/32
[36;22m[DEBUG] [39;1msnarkJS[0m: alphaTauG1: fft 12 mix end: 6/32
[36;22m[DEBUG] [39;1msnarkJS[0m: alphaTauG1: fft 12 mix end: 31/32
[36;22m[DEBUG] [39;1msnarkJS[0m: alphaTauG1: fft 12 mix end: 27/32
[36;22m[DEBUG] [39;1msnarkJS[0m: alphaTauG1: fft 12 mix end: 22/32
[36;22m[DEBUG] [39;1msnarkJS[0m: alphaTauG1: fft 12 mix end: 14/32
[36;22m[DEBUG] [39;1msnarkJS[0m: alphaTauG1: fft 12 mix end: 20/32
[36;22m[DEBUG] [39;1msnarkJS[0m: alphaTauG1: fft 12 mix end: 16/32
[36;22m[DEBUG] [39;1msnarkJS[0m: alphaTauG1: fft 12 mix end: 12/32
[36;22m[DEBUG] [39;1msnarkJS[0m: alphaTauG1: fft 12 mix end: 25/32
[36;22m[DEBUG] [39;1msnarkJS[0m: alphaTauG1: fft 12 mix end: 9/32
[36;22m[DEBUG] [39;1msnarkJS[0m: alphaTauG1: fft 12 mix end: 2/32
[36;22m[DEBUG] [39;1msnarkJS[0m: alphaTauG1: fft 12 mix end: 17/32
[36;22m[DEBUG] [39;1msnarkJS[0m: alphaTauG1: fft 12 mix end: 28/32
[36;22m[DEBUG] [39;1msnarkJS[0m: alphaTauG1: fft 12 mix end: 30/32
[36;22m[DEBUG] [39;1msnarkJS[0m: alphaTauG1: fft 12 mix end: 23/32
[36;22m[DEBUG] [39;1msnarkJS[0m: alphaTauG1: fft 12 mix end: 15/32
[36;22m[DEBUG] [39;1msnarkJS[0m: alphaTauG1: fft 12 mix end: 24/32
[36;22m[DEBUG] [39;1msnarkJS[0m: alphaTauG1: fft 12 mix end: 11/32
[36;22m[DEBUG] [39;1msnarkJS[0m: alphaTauG1: fft 12 mix end: 18/32
[36;22m[DEBUG] [39;1msnarkJS[0m: alphaTauG1: fft 12 mix end: 8/32
[36;22m[DEBUG] [39;1msnarkJS[0m: alphaTauG1: fft 12 mix end: 26/32
[36;22m[DEBUG] [39;1msnarkJS[0m: alphaTauG1: fft  12  join: 8/12
[36;22m[DEBUG] [39;1msnarkJS[0m: alphaTauG1: fft 12 join  8/12  3/16 0/1
[36;22m[DEBUG] [39;1msnarkJS[0m: alphaTauG1: fft 12 join  8/12  4/16 0/1
[36;22m[DEBUG] [39;1msnarkJS[0m: alphaTauG1: fft 12 join  8/12  12/16 0/1
[36;22m[DEBUG] [39;1msnarkJS[0m: alphaTauG1: fft 12 join  8/12  11/16 0/1
[36;22m[DEBUG] [39;1msnarkJS[0m: alphaTauG1: fft 12 join  8/12  16/16 0/1
[36;22m[DEBUG] [39;1msnarkJS[0m: alphaTauG1: fft 12 join  8/12  9/16 0/1
[36;22m[DEBUG] [39;1msnarkJS[0m: alphaTauG1: fft 12 join  8/12  14/16 0/1
[36;22m[DEBUG] [39;1msnarkJS[0m: alphaTauG1: fft 12 join  8/12  1/16 0/1
[36;22m[DEBUG] [39;1msnarkJS[0m: alphaTauG1: fft 12 join  8/12  13/16 0/1
[36;22m[DEBUG] [39;1msnarkJS[0m: alphaTauG1: fft 12 join  8/12  7/16 0/1
[36;22m[DEBUG] [39;1msnarkJS[0m: alphaTauG1: fft 12 join  8/12  5/16 0/1
[36;22m[DEBUG] [39;1msnarkJS[0m: alphaTauG1: fft 12 join  8/12  8/16 0/1
[36;22m[DEBUG] [39;1msnarkJS[0m: alphaTauG1: fft 12 join  8/12  2/16 0/1
[36;22m[DEBUG] [39;1msnarkJS[0m: alphaTauG1: fft 12 join  8/12  10/16 0/1
[36;22m[DEBUG] [39;1msnarkJS[0m: alphaTauG1: fft 12 join  8/12  6/16 0/1
[36;22m[DEBUG] [39;1msnarkJS[0m: alphaTauG1: fft 12 join  8/12  15/16 0/1
[36;22m[DEBUG] [39;1msnarkJS[0m: alphaTauG1: fft  12  join: 9/12
[36;22m[DEBUG] [39;1msnarkJS[0m: alphaTauG1: fft 12 join  9/12  1/8 0/2
[36;22m[DEBUG] [39;1msnarkJS[0m: alphaTauG1: fft 12 join  9/12  3/8 0/2
[36;22m[DEBUG] [39;1msnarkJS[0m: alphaTauG1: fft 12 join  9/12  2/8 0/2
[36;22m[DEBUG] [39;1msnarkJS[0m: alphaTauG1: fft 12 join  9/12  2/8 1/2
[36;22m[DEBUG] [39;1msnarkJS[0m: alphaTauG1: fft 12 join  9/12  5/8 0/2
[36;22m[DEBUG] [39;1msnarkJS[0m: alphaTauG1: fft 12 join  9/12  5/8 1/2
[36;22m[DEBUG] [39;1msnarkJS[0m: alphaTauG1: fft 12 join  9/12  6/8 0/2
[36;22m[DEBUG] [39;1msnarkJS[0m: alphaTauG1: fft 12 join  9/12  7/8 0/2
[36;22m[DEBUG] [39;1msnarkJS[0m: alphaTauG1: fft 12 join  9/12  8/8 1/2
[36;22m[DEBUG] [39;1msnarkJS[0m: alphaTauG1: fft 12 join  9/12  6/8 1/2
[36;22m[DEBUG] [39;1msnarkJS[0m: alphaTauG1: fft 12 join  9/12  8/8 0/2
[36;22m[DEBUG] [39;1msnarkJS[0m: alphaTauG1: fft 12 join  9/12  1/8 1/2
[36;22m[DEBUG] [39;1msnarkJS[0m: alphaTauG1: fft 12 join  9/12  7/8 1/2
[36;22m[DEBUG] [39;1msnarkJS[0m: alphaTauG1: fft 12 join  9/12  3/8 1/2
[36;22m[DEBUG] [39;1msnarkJS[0m: alphaTauG1: fft 12 join  9/12  4/8 1/2
[36;22m[DEBUG] [39;1msnarkJS[0m: alphaTauG1: fft 12 join  9/12  4/8 0/2
[36;22m[DEBUG] [39;1msnarkJS[0m: alphaTauG1: fft  12  join: 10/12
[36;22m[DEBUG] [39;1msnarkJS[0m: alphaTauG1: fft 12 join  10/12  2/4 0/4
[36;22m[DEBUG] [39;1msnarkJS[0m: alphaTauG1: fft 12 join  10/12  1/4 0/4
[36;22m[DEBUG] [39;1msnarkJS[0m: alphaTauG1: fft 12 join  10/12  2/4 2/4
[36;22m[DEBUG] [39;1msnarkJS[0m: alphaTauG1: fft 12 join  10/12  4/4 0/4
[36;22m[DEBUG] [39;1msnarkJS[0m: alphaTauG1: fft 12 join  10/12  1/4 2/4
[36;22m[DEBUG] [39;1msnarkJS[0m: alphaTauG1: fft 12 join  10/12  1/4 3/4
[36;22m[DEBUG] [39;1msnarkJS[0m: alphaTauG1: fft 12 join  10/12  3/4 3/4
[36;22m[DEBUG] [39;1msnarkJS[0m: alphaTauG1: fft 12 join  10/12  4/4 3/4
[36;22m[DEBUG] [39;1msnarkJS[0m: alphaTauG1: fft 12 join  10/12  2/4 1/4
[36;22m[DEBUG] [39;1msnarkJS[0m: alphaTauG1: fft 12 join  10/12  3/4 1/4
[36;22m[DEBUG] [39;1msnarkJS[0m: alphaTauG1: fft 12 join  10/12  3/4 2/4
[36;22m[DEBUG] [39;1msnarkJS[0m: alphaTauG1: fft 12 join  10/12  4/4 1/4
[36;22m[DEBUG] [39;1msnarkJS[0m: alphaTauG1: fft 12 join  10/12  3/4 0/4
[36;22m[DEBUG] [39;1msnarkJS[0m: alphaTauG1: fft 12 join  10/12  4/4 2/4
[36;22m[DEBUG] [39;1msnarkJS[0m: alphaTauG1: fft 12 join  10/12  2/4 3/4
[36;22m[DEBUG] [39;1msnarkJS[0m: alphaTauG1: fft 12 join  10/12  1/4 1/4
[36;22m[DEBUG] [39;1msnarkJS[0m: alphaTauG1: fft  12  join: 11/12
[36;22m[DEBUG] [39;1msnarkJS[0m: alphaTauG1: fft 12 join  11/12  1/2 0/8
[36;22m[DEBUG] [39;1msnarkJS[0m: alphaTauG1: fft 12 join  11/12  1/2 5/8
[36;22m[DEBUG] [39;1msnarkJS[0m: alphaTauG1: fft 12 join  11/12  2/2 0/8
[36;22m[DEBUG] [39;1msnarkJS[0m: alphaTauG1: fft 12 join  11/12  2/2 5/8
[36;22m[DEBUG] [39;1msnarkJS[0m: alphaTauG1: fft 12 join  11/12  1/2 6/8
[36;22m[DEBUG] [39;1msnarkJS[0m: alphaTauG1: fft 12 join  11/12  1/2 2/8
[36;22m[DEBUG] [39;1msnarkJS[0m: alphaTauG1: fft 12 join  11/12  1/2 3/8
[36;22m[DEBUG] [39;1msnarkJS[0m: alphaTauG1: fft 12 join  11/12  2/2 3/8
[36;22m[DEBUG] [39;1msnarkJS[0m: alphaTauG1: fft 12 join  11/12  2/2 4/8
[36;22m[DEBUG] [39;1msnarkJS[0m: alphaTauG1: fft 12 join  11/12  1/2 4/8
[36;22m[DEBUG] [39;1msnarkJS[0m: alphaTauG1: fft 12 join  11/12  2/2 2/8
[36;22m[DEBUG] [39;1msnarkJS[0m: alphaTauG1: fft 12 join  11/12  2/2 1/8
[36;22m[DEBUG] [39;1msnarkJS[0m: alphaTauG1: fft 12 join  11/12  2/2 7/8
[36;22m[DEBUG] [39;1msnarkJS[0m: alphaTauG1: fft 12 join  11/12  1/2 7/8
[36;22m[DEBUG] [39;1msnarkJS[0m: alphaTauG1: fft 12 join  11/12  2/2 6/8
[36;22m[DEBUG] [39;1msnarkJS[0m: alphaTauG1: fft 12 join  11/12  1/2 1/8
[36;22m[DEBUG] [39;1msnarkJS[0m: alphaTauG1: fft  12  join: 12/12
[36;22m[DEBUG] [39;1msnarkJS[0m: alphaTauG1: fft 12 join  12/12  1/1 4/16
[36;22m[DEBUG] [39;1msnarkJS[0m: alphaTauG1: fft 12 join  12/12  1/1 8/16
[36;22m[DEBUG] [39;1msnarkJS[0m: alphaTauG1: fft 12 join  12/12  1/1 10/16
[36;22m[DEBUG] [39;1msnarkJS[0m: alphaTauG1: fft 12 join  12/12  1/1 0/16
[36;22m[DEBUG] [39;1msnarkJS[0m: alphaTauG1: fft 12 join  12/12  1/1 2/16
[36;22m[DEBUG] [39;1msnarkJS[0m: alphaTauG1: fft 12 join  12/12  1/1 5/16
[36;22m[DEBUG] [39;1msnarkJS[0m: alphaTauG1: fft 12 join  12/12  1/1 9/16
[36;22m[DEBUG] [39;1msnarkJS[0m: alphaTauG1: fft 12 join  12/12  1/1 3/16
[36;22m[DEBUG] [39;1msnarkJS[0m: alphaTauG1: fft 12 join  12/12  1/1 11/16
[36;22m[DEBUG] [39;1msnarkJS[0m: alphaTauG1: fft 12 join  12/12  1/1 12/16
[36;22m[DEBUG] [39;1msnarkJS[0m: alphaTauG1: fft 12 join  12/12  1/1 15/16
[36;22m[DEBUG] [39;1msnarkJS[0m: alphaTauG1: fft 12 join  12/12  1/1 13/16
[36;22m[DEBUG] [39;1msnarkJS[0m: alphaTauG1: fft 12 join  12/12  1/1 6/16
[36;22m[DEBUG] [39;1msnarkJS[0m: alphaTauG1: fft 12 join  12/12  1/1 14/16
[36;22m[DEBUG] [39;1msnarkJS[0m: alphaTauG1: fft 12 join  12/12  1/1 7/16
[36;22m[DEBUG] [39;1msnarkJS[0m: alphaTauG1: fft 12 join  12/12  1/1 1/16
[36;22m[DEBUG] [39;1msnarkJS[0m: alphaTauG1: fft 13 mix start: 0/32
[36;22m[DEBUG] [39;1msnarkJS[0m: alphaTauG1: fft 13 mix start: 1/32
[36;22m[DEBUG] [39;1msnarkJS[0m: alphaTauG1: fft 13 mix start: 2/32
[36;22m[DEBUG] [39;1msnarkJS[0m: alphaTauG1: fft 13 mix start: 3/32
[36;22m[DEBUG] [39;1msnarkJS[0m: alphaTauG1: fft 13 mix start: 4/32
[36;22m[DEBUG] [39;1msnarkJS[0m: alphaTauG1: fft 13 mix start: 5/32
[36;22m[DEBUG] [39;1msnarkJS[0m: alphaTauG1: fft 13 mix start: 6/32
[36;22m[DEBUG] [39;1msnarkJS[0m: alphaTauG1: fft 13 mix start: 7/32
[36;22m[DEBUG] [39;1msnarkJS[0m: alphaTauG1: fft 13 mix start: 8/32
[36;22m[DEBUG] [39;1msnarkJS[0m: alphaTauG1: fft 13 mix start: 9/32
[36;22m[DEBUG] [39;1msnarkJS[0m: alphaTauG1: fft 13 mix start: 10/32
[36;22m[DEBUG] [39;1msnarkJS[0m: alphaTauG1: fft 13 mix start: 11/32
[36;22m[DEBUG] [39;1msnarkJS[0m: alphaTauG1: fft 13 mix start: 12/32
[36;22m[DEBUG] [39;1msnarkJS[0m: alphaTauG1: fft 13 mix start: 13/32
[36;22m[DEBUG] [39;1msnarkJS[0m: alphaTauG1: fft 13 mix start: 14/32
[36;22m[DEBUG] [39;1msnarkJS[0m: alphaTauG1: fft 13 mix start: 15/32
[36;22m[DEBUG] [39;1msnarkJS[0m: alphaTauG1: fft 13 mix start: 16/32
[36;22m[DEBUG] [39;1msnarkJS[0m: alphaTauG1: fft 13 mix start: 17/32
[36;22m[DEBUG] [39;1msnarkJS[0m: alphaTauG1: fft 13 mix start: 18/32
[36;22m[DEBUG] [39;1msnarkJS[0m: alphaTauG1: fft 13 mix start: 19/32
[36;22m[DEBUG] [39;1msnarkJS[0m: alphaTauG1: fft 13 mix start: 20/32
[36;22m[DEBUG] [39;1msnarkJS[0m: alphaTauG1: fft 13 mix start: 21/32
[36;22m[DEBUG] [39;1msnarkJS[0m: alphaTauG1: fft 13 mix start: 22/32
[36;22m[DEBUG] [39;1msnarkJS[0m: alphaTauG1: fft 13 mix start: 23/32
[36;22m[DEBUG] [39;1msnarkJS[0m: alphaTauG1: fft 13 mix start: 24/32
[36;22m[DEBUG] [39;1msnarkJS[0m: alphaTauG1: fft 13 mix start: 25/32
[36;22m[DEBUG] [39;1msnarkJS[0m: alphaTauG1: fft 13 mix start: 26/32
[36;22m[DEBUG] [39;1msnarkJS[0m: alphaTauG1: fft 13 mix start: 27/32
[36;22m[DEBUG] [39;1msnarkJS[0m: alphaTauG1: fft 13 mix start: 28/32
[36;22m[DEBUG] [39;1msnarkJS[0m: alphaTauG1: fft 13 mix start: 29/32
[36;22m[DEBUG] [39;1msnarkJS[0m: alphaTauG1: fft 13 mix start: 30/32
[36;22m[DEBUG] [39;1msnarkJS[0m: alphaTauG1: fft 13 mix start: 31/32
[36;22m[DEBUG] [39;1msnarkJS[0m: alphaTauG1: fft 13 mix end: 3/32
[36;22m[DEBUG] [39;1msnarkJS[0m: alphaTauG1: fft 13 mix end: 4/32
[36;22m[DEBUG] [39;1msnarkJS[0m: alphaTauG1: fft 13 mix end: 0/32
[36;22m[DEBUG] [39;1msnarkJS[0m: alphaTauG1: fft 13 mix end: 8/32
[36;22m[DEBUG] [39;1msnarkJS[0m: alphaTauG1: fft 13 mix end: 26/32
[36;22m[DEBUG] [39;1msnarkJS[0m: alphaTauG1: fft 13 mix end: 21/32
[36;22m[DEBUG] [39;1msnarkJS[0m: alphaTauG1: fft 13 mix end: 19/32
[36;22m[DEBUG] [39;1msnarkJS[0m: alphaTauG1: fft 13 mix end: 6/32
[36;22m[DEBUG] [39;1msnarkJS[0m: alphaTauG1: fft 13 mix end: 1/32
[36;22m[DEBUG] [39;1msnarkJS[0m: alphaTauG1: fft 13 mix end: 27/32
[36;22m[DEBUG] [39;1msnarkJS[0m: alphaTauG1: fft 13 mix end: 5/32
[36;22m[DEBUG] [39;1msnarkJS[0m: alphaTauG1: fft 13 mix end: 22/32
[36;22m[DEBUG] [39;1msnarkJS[0m: alphaTauG1: fft 13 mix end: 13/32
[36;22m[DEBUG] [39;1msnarkJS[0m: alphaTauG1: fft 13 mix end: 17/32
[36;22m[DEBUG] [39;1msnarkJS[0m: alphaTauG1: fft 13 mix end: 28/32
[36;22m[DEBUG] [39;1msnarkJS[0m: alphaTauG1: fft 13 mix end: 29/32
[36;22m[DEBUG] [39;1msnarkJS[0m: alphaTauG1: fft 13 mix end: 10/32
[36;22m[DEBUG] [39;1msnarkJS[0m: alphaTauG1: fft 13 mix end: 11/32
[36;22m[DEBUG] [39;1msnarkJS[0m: alphaTauG1: fft 13 mix end: 18/32
[36;22m[DEBUG] [39;1msnarkJS[0m: alphaTauG1: fft 13 mix end: 20/32
[36;22m[DEBUG] [39;1msnarkJS[0m: alphaTauG1: fft 13 mix end: 16/32
[36;22m[DEBUG] [39;1msnarkJS[0m: alphaTauG1: fft 13 mix end: 12/32
[36;22m[DEBUG] [39;1msnarkJS[0m: alphaTauG1: fft 13 mix end: 23/32
[36;22m[DEBUG] [39;1msnarkJS[0m: alphaTauG1: fft 13 mix end: 2/32
[36;22m[DEBUG] [39;1msnarkJS[0m: alphaTauG1: fft 13 mix end: 25/32
[36;22m[DEBUG] [39;1msnarkJS[0m: alphaTauG1: fft 13 mix end: 30/32
[36;22m[DEBUG] [39;1msnarkJS[0m: alphaTauG1: fft 13 mix end: 9/32
[36;22m[DEBUG] [39;1msnarkJS[0m: alphaTauG1: fft 13 mix end: 15/32
[36;22m[DEBUG] [39;1msnarkJS[0m: alphaTauG1: fft 13 mix end: 24/32
[36;22m[DEBUG] [39;1msnarkJS[0m: alphaTauG1: fft 13 mix end: 14/32
[36;22m[DEBUG] [39;1msnarkJS[0m: alphaTauG1: fft 13 mix end: 31/32
[36;22m[DEBUG] [39;1msnarkJS[0m: alphaTauG1: fft 13 mix end: 7/32
[36;22m[DEBUG] [39;1msnarkJS[0m: alphaTauG1: fft  13  join: 9/13
[36;22m[DEBUG] [39;1msnarkJS[0m: alphaTauG1: fft 13 join  9/13  6/16 0/1
[36;22m[DEBUG] [39;1msnarkJS[0m: alphaTauG1: fft 13 join  9/13  3/16 0/1
[36;22m[DEBUG] [39;1msnarkJS[0m: alphaTauG1: fft 13 join  9/13  9/16 0/1
[36;22m[DEBUG] [39;1msnarkJS[0m: alphaTauG1: fft 13 join  9/13  1/16 0/1
[36;22m[DEBUG] [39;1msnarkJS[0m: alphaTauG1: fft 13 join  9/13  5/16 0/1
[36;22m[DEBUG] [39;1msnarkJS[0m: alphaTauG1: fft 13 join  9/13  16/16 0/1
[36;22m[DEBUG] [39;1msnarkJS[0m: alphaTauG1: fft 13 join  9/13  4/16 0/1
[36;22m[DEBUG] [39;1msnarkJS[0m: alphaTauG1: fft 13 join  9/13  13/16 0/1
[36;22m[DEBUG] [39;1msnarkJS[0m: alphaTauG1: fft 13 join  9/13  11/16 0/1
[36;22m[DEBUG] [39;1msnarkJS[0m: alphaTauG1: fft 13 join  9/13  12/16 0/1
[36;22m[DEBUG] [39;1msnarkJS[0m: alphaTauG1: fft 13 join  9/13  7/16 0/1
[36;22m[DEBUG] [39;1msnarkJS[0m: alphaTauG1: fft 13 join  9/13  10/16 0/1
[36;22m[DEBUG] [39;1msnarkJS[0m: alphaTauG1: fft 13 join  9/13  8/16 0/1
[36;22m[DEBUG] [39;1msnarkJS[0m: alphaTauG1: fft 13 join  9/13  14/16 0/1
[36;22m[DEBUG] [39;1msnarkJS[0m: alphaTauG1: fft 13 join  9/13  15/16 0/1
[36;22m[DEBUG] [39;1msnarkJS[0m: alphaTauG1: fft 13 join  9/13  2/16 0/1
[36;22m[DEBUG] [39;1msnarkJS[0m: alphaTauG1: fft  13  join: 10/13
[36;22m[DEBUG] [39;1msnarkJS[0m: alphaTauG1: fft 13 join  10/13  3/8 0/2
[36;22m[DEBUG] [39;1msnarkJS[0m: alphaTauG1: fft 13 join  10/13  2/8 0/2
[36;22m[DEBUG] [39;1msnarkJS[0m: alphaTauG1: fft 13 join  10/13  2/8 1/2
[36;22m[DEBUG] [39;1msnarkJS[0m: alphaTauG1: fft 13 join  10/13  1/8 0/2
[36;22m[DEBUG] [39;1msnarkJS[0m: alphaTauG1: fft 13 join  10/13  3/8 1/2
[36;22m[DEBUG] [39;1msnarkJS[0m: alphaTauG1: fft 13 join  10/13  6/8 0/2
[36;22m[DEBUG] [39;1msnarkJS[0m: alphaTauG1: fft 13 join  10/13  6/8 1/2
[36;22m[DEBUG] [39;1msnarkJS[0m: alphaTauG1: fft 13 join  10/13  7/8 0/2
[36;22m[DEBUG] [39;1msnarkJS[0m: alphaTauG1: fft 13 join  10/13  5/8 0/2
[36;22m[DEBUG] [39;1msnarkJS[0m: alphaTauG1: fft 13 join  10/13  8/8 1/2
[36;22m[DEBUG] [39;1msnarkJS[0m: alphaTauG1: fft 13 join  10/13  4/8 1/2
[36;22m[DEBUG] [39;1msnarkJS[0m: alphaTauG1: fft 13 join  10/13  5/8 1/2
[36;22m[DEBUG] [39;1msnarkJS[0m: alphaTauG1: fft 13 join  10/13  7/8 1/2
[36;22m[DEBUG] [39;1msnarkJS[0m: alphaTauG1: fft 13 join  10/13  8/8 0/2
[36;22m[DEBUG] [39;1msnarkJS[0m: alphaTauG1: fft 13 join  10/13  1/8 1/2
[36;22m[DEBUG] [39;1msnarkJS[0m: alphaTauG1: fft 13 join  10/13  4/8 0/2
[36;22m[DEBUG] [39;1msnarkJS[0m: alphaTauG1: fft  13  join: 11/13
[36;22m[DEBUG] [39;1msnarkJS[0m: alphaTauG1: fft 13 join  11/13  2/4 2/4
[36;22m[DEBUG] [39;1msnarkJS[0m: alphaTauG1: fft 13 join  11/13  1/4 2/4
[36;22m[DEBUG] [39;1msnarkJS[0m: alphaTauG1: fft 13 join  11/13  1/4 3/4
[36;22m[DEBUG] [39;1msnarkJS[0m: alphaTauG1: fft 13 join  11/13  2/4 0/4
[36;22m[DEBUG] [39;1msnarkJS[0m: alphaTauG1: fft 13 join  11/13  2/4 1/4
[36;22m[DEBUG] [39;1msnarkJS[0m: alphaTauG1: fft 13 join  11/13  3/4 0/4
[36;22m[DEBUG] [39;1msnarkJS[0m: alphaTauG1: fft 13 join  11/13  3/4 1/4
[36;22m[DEBUG] [39;1msnarkJS[0m: alphaTauG1: fft 13 join  11/13  3/4 2/4
[36;22m[DEBUG] [39;1msnarkJS[0m: alphaTauG1: fft 13 join  11/13  3/4 3/4
[36;22m[DEBUG] [39;1msnarkJS[0m: alphaTauG1: fft 13 join  11/13  4/4 0/4
[36;22m[DEBUG] [39;1msnarkJS[0m: alphaTauG1: fft 13 join  11/13  4/4 1/4
[36;22m[DEBUG] [39;1msnarkJS[0m: alphaTauG1: fft 13 join  11/13  4/4 3/4
[36;22m[DEBUG] [39;1msnarkJS[0m: alphaTauG1: fft 13 join  11/13  1/4 0/4
[36;22m[DEBUG] [39;1msnarkJS[0m: alphaTauG1: fft 13 join  11/13  4/4 2/4
[36;22m[DEBUG] [39;1msnarkJS[0m: alphaTauG1: fft 13 join  11/13  2/4 3/4
[36;22m[DEBUG] [39;1msnarkJS[0m: alphaTauG1: fft 13 join  11/13  1/4 1/4
[36;22m[DEBUG] [39;1msnarkJS[0m: alphaTauG1: fft  13  join: 12/13
[36;22m[DEBUG] [39;1msnarkJS[0m: alphaTauG1: fft 13 join  12/13  1/2 0/8
[36;22m[DEBUG] [39;1msnarkJS[0m: alphaTauG1: fft 13 join  12/13  1/2 2/8
[36;22m[DEBUG] [39;1msnarkJS[0m: alphaTauG1: fft 13 join  12/13  1/2 3/8
[36;22m[DEBUG] [39;1msnarkJS[0m: alphaTauG1: fft 13 join  12/13  1/2 4/8
[36;22m[DEBUG] [39;1msnarkJS[0m: alphaTauG1: fft 13 join  12/13  1/2 5/8
[36;22m[DEBUG] [39;1msnarkJS[0m: alphaTauG1: fft 13 join  12/13  2/2 0/8
[36;22m[DEBUG] [39;1msnarkJS[0m: alphaTauG1: fft 13 join  12/13  2/2 2/8
[36;22m[DEBUG] [39;1msnarkJS[0m: alphaTauG1: fft 13 join  12/13  1/2 6/8
[36;22m[DEBUG] [39;1msnarkJS[0m: alphaTauG1: fft 13 join  12/13  2/2 4/8
[36;22m[DEBUG] [39;1msnarkJS[0m: alphaTauG1: fft 13 join  12/13  2/2 1/8
[36;22m[DEBUG] [39;1msnarkJS[0m: alphaTauG1: fft 13 join  12/13  2/2 3/8
[36;22m[DEBUG] [39;1msnarkJS[0m: alphaTauG1: fft 13 join  12/13  2/2 5/8
[36;22m[DEBUG] [39;1msnarkJS[0m: alphaTauG1: fft 13 join  12/13  1/2 7/8
[36;22m[DEBUG] [39;1msnarkJS[0m: alphaTauG1: fft 13 join  12/13  1/2 1/8
[36;22m[DEBUG] [39;1msnarkJS[0m: alphaTauG1: fft 13 join  12/13  2/2 7/8
[36;22m[DEBUG] [39;1msnarkJS[0m: alphaTauG1: fft 13 join  12/13  2/2 6/8
[36;22m[DEBUG] [39;1msnarkJS[0m: alphaTauG1: fft  13  join: 13/13
[36;22m[DEBUG] [39;1msnarkJS[0m: alphaTauG1: fft 13 join  13/13  1/1 2/16
[36;22m[DEBUG] [39;1msnarkJS[0m: alphaTauG1: fft 13 join  13/13  1/1 8/16
[36;22m[DEBUG] [39;1msnarkJS[0m: alphaTauG1: fft 13 join  13/13  1/1 15/16
[36;22m[DEBUG] [39;1msnarkJS[0m: alphaTauG1: fft 13 join  13/13  1/1 5/16
[36;22m[DEBUG] [39;1msnarkJS[0m: alphaTauG1: fft 13 join  13/13  1/1 12/16
[36;22m[DEBUG] [39;1msnarkJS[0m: alphaTauG1: fft 13 join  13/13  1/1 0/16
[36;22m[DEBUG] [39;1msnarkJS[0m: alphaTauG1: fft 13 join  13/13  1/1 10/16
[36;22m[DEBUG] [39;1msnarkJS[0m: alphaTauG1: fft 13 join  13/13  1/1 9/16
[36;22m[DEBUG] [39;1msnarkJS[0m: alphaTauG1: fft 13 join  13/13  1/1 3/16
[36;22m[DEBUG] [39;1msnarkJS[0m: alphaTauG1: fft 13 join  13/13  1/1 13/16
[36;22m[DEBUG] [39;1msnarkJS[0m: alphaTauG1: fft 13 join  13/13  1/1 6/16
[36;22m[DEBUG] [39;1msnarkJS[0m: alphaTauG1: fft 13 join  13/13  1/1 14/16
[36;22m[DEBUG] [39;1msnarkJS[0m: alphaTauG1: fft 13 join  13/13  1/1 7/16
[36;22m[DEBUG] [39;1msnarkJS[0m: alphaTauG1: fft 13 join  13/13  1/1 4/16
[36;22m[DEBUG] [39;1msnarkJS[0m: alphaTauG1: fft 13 join  13/13  1/1 1/16
[36;22m[DEBUG] [39;1msnarkJS[0m: alphaTauG1: fft 13 join  13/13  1/1 11/16
[36;22m[DEBUG] [39;1msnarkJS[0m: alphaTauG1: fft 14 mix start: 0/32
[36;22m[DEBUG] [39;1msnarkJS[0m: alphaTauG1: fft 14 mix start: 1/32
[36;22m[DEBUG] [39;1msnarkJS[0m: alphaTauG1: fft 14 mix start: 2/32
[36;22m[DEBUG] [39;1msnarkJS[0m: alphaTauG1: fft 14 mix start: 3/32
[36;22m[DEBUG] [39;1msnarkJS[0m: alphaTauG1: fft 14 mix start: 4/32
[36;22m[DEBUG] [39;1msnarkJS[0m: alphaTauG1: fft 14 mix start: 5/32
[36;22m[DEBUG] [39;1msnarkJS[0m: alphaTauG1: fft 14 mix start: 6/32
[36;22m[DEBUG] [39;1msnarkJS[0m: alphaTauG1: fft 14 mix start: 7/32
[36;22m[DEBUG] [39;1msnarkJS[0m: alphaTauG1: fft 14 mix start: 8/32
[36;22m[DEBUG] [39;1msnarkJS[0m: alphaTauG1: fft 14 mix start: 9/32
[36;22m[DEBUG] [39;1msnarkJS[0m: alphaTauG1: fft 14 mix start: 10/32
[36;22m[DEBUG] [39;1msnarkJS[0m: alphaTauG1: fft 14 mix start: 11/32
[36;22m[DEBUG] [39;1msnarkJS[0m: alphaTauG1: fft 14 mix start: 12/32
[36;22m[DEBUG] [39;1msnarkJS[0m: alphaTauG1: fft 14 mix start: 13/32
[36;22m[DEBUG] [39;1msnarkJS[0m: alphaTauG1: fft 14 mix start: 14/32
[36;22m[DEBUG] [39;1msnarkJS[0m: alphaTauG1: fft 14 mix start: 15/32
[36;22m[DEBUG] [39;1msnarkJS[0m: alphaTauG1: fft 14 mix start: 16/32
[36;22m[DEBUG] [39;1msnarkJS[0m: alphaTauG1: fft 14 mix start: 17/32
[36;22m[DEBUG] [39;1msnarkJS[0m: alphaTauG1: fft 14 mix start: 18/32
[36;22m[DEBUG] [39;1msnarkJS[0m: alphaTauG1: fft 14 mix start: 19/32
[36;22m[DEBUG] [39;1msnarkJS[0m: alphaTauG1: fft 14 mix start: 20/32
[36;22m[DEBUG] [39;1msnarkJS[0m: alphaTauG1: fft 14 mix start: 21/32
[36;22m[DEBUG] [39;1msnarkJS[0m: alphaTauG1: fft 14 mix start: 22/32
[36;22m[DEBUG] [39;1msnarkJS[0m: alphaTauG1: fft 14 mix start: 23/32
[36;22m[DEBUG] [39;1msnarkJS[0m: alphaTauG1: fft 14 mix start: 24/32
[36;22m[DEBUG] [39;1msnarkJS[0m: alphaTauG1: fft 14 mix start: 25/32
[36;22m[DEBUG] [39;1msnarkJS[0m: alphaTauG1: fft 14 mix start: 26/32
[36;22m[DEBUG] [39;1msnarkJS[0m: alphaTauG1: fft 14 mix start: 27/32
[36;22m[DEBUG] [39;1msnarkJS[0m: alphaTauG1: fft 14 mix start: 28/32
[36;22m[DEBUG] [39;1msnarkJS[0m: alphaTauG1: fft 14 mix start: 29/32
[36;22m[DEBUG] [39;1msnarkJS[0m: alphaTauG1: fft 14 mix start: 30/32
[36;22m[DEBUG] [39;1msnarkJS[0m: alphaTauG1: fft 14 mix start: 31/32
[36;22m[DEBUG] [39;1msnarkJS[0m: alphaTauG1: fft 14 mix end: 0/32
[36;22m[DEBUG] [39;1msnarkJS[0m: alphaTauG1: fft 14 mix end: 23/32
[36;22m[DEBUG] [39;1msnarkJS[0m: alphaTauG1: fft 14 mix end: 3/32
[36;22m[DEBUG] [39;1msnarkJS[0m: alphaTauG1: fft 14 mix end: 26/32
[36;22m[DEBUG] [39;1msnarkJS[0m: alphaTauG1: fft 14 mix end: 21/32
[36;22m[DEBUG] [39;1msnarkJS[0m: alphaTauG1: fft 14 mix end: 4/32
[36;22m[DEBUG] [39;1msnarkJS[0m: alphaTauG1: fft 14 mix end: 7/32
[36;22m[DEBUG] [39;1msnarkJS[0m: alphaTauG1: fft 14 mix end: 8/32
[36;22m[DEBUG] [39;1msnarkJS[0m: alphaTauG1: fft 14 mix end: 1/32
[36;22m[DEBUG] [39;1msnarkJS[0m: alphaTauG1: fft 14 mix end: 11/32
[36;22m[DEBUG] [39;1msnarkJS[0m: alphaTauG1: fft 14 mix end: 31/32
[36;22m[DEBUG] [39;1msnarkJS[0m: alphaTauG1: fft 14 mix end: 19/32
[36;22m[DEBUG] [39;1msnarkJS[0m: alphaTauG1: fft 14 mix end: 6/32
[36;22m[DEBUG] [39;1msnarkJS[0m: alphaTauG1: fft 14 mix end: 13/32
[36;22m[DEBUG] [39;1msnarkJS[0m: alphaTauG1: fft 14 mix end: 17/32
[36;22m[DEBUG] [39;1msnarkJS[0m: alphaTauG1: fft 14 mix end: 12/32
[36;22m[DEBUG] [39;1msnarkJS[0m: alphaTauG1: fft 14 mix end: 20/32
[36;22m[DEBUG] [39;1msnarkJS[0m: alphaTauG1: fft 14 mix end: 16/32
[36;22m[DEBUG] [39;1msnarkJS[0m: alphaTauG1: fft 14 mix end: 2/32
[36;22m[DEBUG] [39;1msnarkJS[0m: alphaTauG1: fft 14 mix end: 25/32
[36;22m[DEBUG] [39;1msnarkJS[0m: alphaTauG1: fft 14 mix end: 27/32
[36;22m[DEBUG] [39;1msnarkJS[0m: alphaTauG1: fft 14 mix end: 18/32
[36;22m[DEBUG] [39;1msnarkJS[0m: alphaTauG1: fft 14 mix end: 15/32
[36;22m[DEBUG] [39;1msnarkJS[0m: alphaTauG1: fft 14 mix end: 22/32
[36;22m[DEBUG] [39;1msnarkJS[0m: alphaTauG1: fft 14 mix end: 29/32
[36;22m[DEBUG] [39;1msnarkJS[0m: alphaTauG1: fft 14 mix end: 24/32
[36;22m[DEBUG] [39;1msnarkJS[0m: alphaTauG1: fft 14 mix end: 14/32
[36;22m[DEBUG] [39;1msnarkJS[0m: alphaTauG1: fft 14 mix end: 10/32
[36;22m[DEBUG] [39;1msnarkJS[0m: alphaTauG1: fft 14 mix end: 30/32
[36;22m[DEBUG] [39;1msnarkJS[0m: alphaTauG1: fft 14 mix end: 9/32
[36;22m[DEBUG] [39;1msnarkJS[0m: alphaTauG1: fft 14 mix end: 28/32
[36;22m[DEBUG] [39;1msnarkJS[0m: alphaTauG1: fft 14 mix end: 5/32
[36;22m[DEBUG] [39;1msnarkJS[0m: alphaTauG1: fft  14  join: 10/14
[36;22m[DEBUG] [39;1msnarkJS[0m: alphaTauG1: fft 14 join  10/14  6/16 0/1
[36;22m[DEBUG] [39;1msnarkJS[0m: alphaTauG1: fft 14 join  10/14  3/16 0/1
[36;22m[DEBUG] [39;1msnarkJS[0m: alphaTauG1: fft 14 join  10/14  10/16 0/1
[36;22m[DEBUG] [39;1msnarkJS[0m: alphaTauG1: fft 14 join  10/14  1/16 0/1
[36;22m[DEBUG] [39;1msnarkJS[0m: alphaTauG1: fft 14 join  10/14  4/16 0/1
[36;22m[DEBUG] [39;1msnarkJS[0m: alphaTauG1: fft 14 join  10/14  12/16 0/1
[36;22m[DEBUG] [39;1msnarkJS[0m: alphaTauG1: fft 14 join  10/14  13/16 0/1
[36;22m[DEBUG] [39;1msnarkJS[0m: alphaTauG1: fft 14 join  10/14  16/16 0/1
[36;22m[DEBUG] [39;1msnarkJS[0m: alphaTauG1: fft 14 join  10/14  5/16 0/1
[36;22m[DEBUG] [39;1msnarkJS[0m: alphaTauG1: fft 14 join  10/14  14/16 0/1
[36;22m[DEBUG] [39;1msnarkJS[0m: alphaTauG1: fft 14 join  10/14  7/16 0/1
[36;22m[DEBUG] [39;1msnarkJS[0m: alphaTauG1: fft 14 join  10/14  15/16 0/1
[36;22m[DEBUG] [39;1msnarkJS[0m: alphaTauG1: fft 14 join  10/14  8/16 0/1
[36;22m[DEBUG] [39;1msnarkJS[0m: alphaTauG1: fft 14 join  10/14  2/16 0/1
[36;22m[DEBUG] [39;1msnarkJS[0m: alphaTauG1: fft 14 join  10/14  9/16 0/1
[36;22m[DEBUG] [39;1msnarkJS[0m: alphaTauG1: fft 14 join  10/14  11/16 0/1
[36;22m[DEBUG] [39;1msnarkJS[0m: alphaTauG1: fft  14  join: 11/14
[36;22m[DEBUG] [39;1msnarkJS[0m: alphaTauG1: fft 14 join  11/14  2/8 1/2
[36;22m[DEBUG] [39;1msnarkJS[0m: alphaTauG1: fft 14 join  11/14  7/8 1/2
[36;22m[DEBUG] [39;1msnarkJS[0m: alphaTauG1: fft 14 join  11/14  6/8 1/2
[36;22m[DEBUG] [39;1msnarkJS[0m: alphaTauG1: fft 14 join  11/14  5/8 0/2
[36;22m[DEBUG] [39;1msnarkJS[0m: alphaTauG1: fft 14 join  11/14  5/8 1/2
[36;22m[DEBUG] [39;1msnarkJS[0m: alphaTauG1: fft 14 join  11/14  8/8 1/2
[36;22m[DEBUG] [39;1msnarkJS[0m: alphaTauG1: fft 14 join  11/14  1/8 0/2
[36;22m[DEBUG] [39;1msnarkJS[0m: alphaTauG1: fft 14 join  11/14  3/8 1/2
[36;22m[DEBUG] [39;1msnarkJS[0m: alphaTauG1: fft 14 join  11/14  6/8 0/2
[36;22m[DEBUG] [39;1msnarkJS[0m: alphaTauG1: fft 14 join  11/14  3/8 0/2
[36;22m[DEBUG] [39;1msnarkJS[0m: alphaTauG1: fft 14 join  11/14  2/8 0/2
[36;22m[DEBUG] [39;1msnarkJS[0m: alphaTauG1: fft 14 join  11/14  4/8 0/2
[36;22m[DEBUG] [39;1msnarkJS[0m: alphaTauG1: fft 14 join  11/14  7/8 0/2
[36;22m[DEBUG] [39;1msnarkJS[0m: alphaTauG1: fft 14 join  11/14  8/8 0/2
[36;22m[DEBUG] [39;1msnarkJS[0m: alphaTauG1: fft 14 join  11/14  4/8 1/2
[36;22m[DEBUG] [39;1msnarkJS[0m: alphaTauG1: fft 14 join  11/14  1/8 1/2
[36;22m[DEBUG] [39;1msnarkJS[0m: alphaTauG1: fft  14  join: 12/14
[36;22m[DEBUG] [39;1msnarkJS[0m: alphaTauG1: fft 14 join  12/14  1/4 0/4
[36;22m[DEBUG] [39;1msnarkJS[0m: alphaTauG1: fft 14 join  12/14  1/4 2/4
[36;22m[DEBUG] [39;1msnarkJS[0m: alphaTauG1: fft 14 join  12/14  4/4 3/4
[36;22m[DEBUG] [39;1msnarkJS[0m: alphaTauG1: fft 14 join  12/14  3/4 2/4
[36;22m[DEBUG] [39;1msnarkJS[0m: alphaTauG1: fft 14 join  12/14  4/4 0/4
[36;22m[DEBUG] [39;1msnarkJS[0m: alphaTauG1: fft 14 join  12/14  2/4 0/4
[36;22m[DEBUG] [39;1msnarkJS[0m: alphaTauG1: fft 14 join  12/14  2/4 1/4
[36;22m[DEBUG] [39;1msnarkJS[0m: alphaTauG1: fft 14 join  12/14  3/4 1/4
[36;22m[DEBUG] [39;1msnarkJS[0m: alphaTauG1: fft 14 join  12/14  1/4 3/4
[36;22m[DEBUG] [39;1msnarkJS[0m: alphaTauG1: fft 14 join  12/14  4/4 1/4
[36;22m[DEBUG] [39;1msnarkJS[0m: alphaTauG1: fft 14 join  12/14  3/4 3/4
[36;22m[DEBUG] [39;1msnarkJS[0m: alphaTauG1: fft 14 join  12/14  2/4 2/4
[36;22m[DEBUG] [39;1msnarkJS[0m: alphaTauG1: fft 14 join  12/14  3/4 0/4
[36;22m[DEBUG] [39;1msnarkJS[0m: alphaTauG1: fft 14 join  12/14  4/4 2/4
[36;22m[DEBUG] [39;1msnarkJS[0m: alphaTauG1: fft 14 join  12/14  2/4 3/4
[36;22m[DEBUG] [39;1msnarkJS[0m: alphaTauG1: fft 14 join  12/14  1/4 1/4
[36;22m[DEBUG] [39;1msnarkJS[0m: alphaTauG1: fft  14  join: 13/14
[36;22m[DEBUG] [39;1msnarkJS[0m: alphaTauG1: fft 14 join  13/14  1/2 2/8
[36;22m[DEBUG] [39;1msnarkJS[0m: alphaTauG1: fft 14 join  13/14  1/2 3/8
[36;22m[DEBUG] [39;1msnarkJS[0m: alphaTauG1: fft 14 join  13/14  2/2 1/8
[36;22m[DEBUG] [39;1msnarkJS[0m: alphaTauG1: fft 14 join  13/14  1/2 5/8
[36;22m[DEBUG] [39;1msnarkJS[0m: alphaTauG1: fft 14 join  13/14  2/2 4/8
[36;22m[DEBUG] [39;1msnarkJS[0m: alphaTauG1: fft 14 join  13/14  1/2 4/8
[36;22m[DEBUG] [39;1msnarkJS[0m: alphaTauG1: fft 14 join  13/14  2/2 2/8
[36;22m[DEBUG] [39;1msnarkJS[0m: alphaTauG1: fft 14 join  13/14  2/2 3/8
[36;22m[DEBUG] [39;1msnarkJS[0m: alphaTauG1: fft 14 join  13/14  2/2 7/8
[36;22m[DEBUG] [39;1msnarkJS[0m: alphaTauG1: fft 14 join  13/14  2/2 0/8
[36;22m[DEBUG] [39;1msnarkJS[0m: alphaTauG1: fft 14 join  13/14  1/2 0/8
[36;22m[DEBUG] [39;1msnarkJS[0m: alphaTauG1: fft 14 join  13/14  1/2 6/8
[36;22m[DEBUG] [39;1msnarkJS[0m: alphaTauG1: fft 14 join  13/14  2/2 5/8
[36;22m[DEBUG] [39;1msnarkJS[0m: alphaTauG1: fft 14 join  13/14  2/2 6/8
[36;22m[DEBUG] [39;1msnarkJS[0m: alphaTauG1: fft 14 join  13/14  1/2 7/8
[36;22m[DEBUG] [39;1msnarkJS[0m: alphaTauG1: fft 14 join  13/14  1/2 1/8
[36;22m[DEBUG] [39;1msnarkJS[0m: alphaTauG1: fft  14  join: 14/14
[36;22m[DEBUG] [39;1msnarkJS[0m: alphaTauG1: fft 14 join  14/14  1/1 0/16
[36;22m[DEBUG] [39;1msnarkJS[0m: alphaTauG1: fft 14 join  14/14  1/1 5/16
[36;22m[DEBUG] [39;1msnarkJS[0m: alphaTauG1: fft 14 join  14/14  1/1 8/16
[36;22m[DEBUG] [39;1msnarkJS[0m: alphaTauG1: fft 14 join  14/14  1/1 12/16
[36;22m[DEBUG] [39;1msnarkJS[0m: alphaTauG1: fft 14 join  14/14  1/1 9/16
[36;22m[DEBUG] [39;1msnarkJS[0m: alphaTauG1: fft 14 join  14/14  1/1 11/16
[36;22m[DEBUG] [39;1msnarkJS[0m: alphaTauG1: fft 14 join  14/14  1/1 2/16
[36;22m[DEBUG] [39;1msnarkJS[0m: alphaTauG1: fft 14 join  14/14  1/1 4/16
[36;22m[DEBUG] [39;1msnarkJS[0m: alphaTauG1: fft 14 join  14/14  1/1 15/16
[36;22m[DEBUG] [39;1msnarkJS[0m: alphaTauG1: fft 14 join  14/14  1/1 3/16
[36;22m[DEBUG] [39;1msnarkJS[0m: alphaTauG1: fft 14 join  14/14  1/1 13/16
[36;22m[DEBUG] [39;1msnarkJS[0m: alphaTauG1: fft 14 join  14/14  1/1 10/16
[36;22m[DEBUG] [39;1msnarkJS[0m: alphaTauG1: fft 14 join  14/14  1/1 6/16
[36;22m[DEBUG] [39;1msnarkJS[0m: alphaTauG1: fft 14 join  14/14  1/1 14/16
[36;22m[DEBUG] [39;1msnarkJS[0m: alphaTauG1: fft 14 join  14/14  1/1 7/16
[36;22m[DEBUG] [39;1msnarkJS[0m: alphaTauG1: fft 14 join  14/14  1/1 1/16
[36;22m[DEBUG] [39;1msnarkJS[0m: alphaTauG1: fft 15 mix start: 0/32
[36;22m[DEBUG] [39;1msnarkJS[0m: alphaTauG1: fft 15 mix start: 1/32
[36;22m[DEBUG] [39;1msnarkJS[0m: alphaTauG1: fft 15 mix start: 2/32
[36;22m[DEBUG] [39;1msnarkJS[0m: alphaTauG1: fft 15 mix start: 3/32
[36;22m[DEBUG] [39;1msnarkJS[0m: alphaTauG1: fft 15 mix start: 4/32
[36;22m[DEBUG] [39;1msnarkJS[0m: alphaTauG1: fft 15 mix start: 5/32
[36;22m[DEBUG] [39;1msnarkJS[0m: alphaTauG1: fft 15 mix start: 6/32
[36;22m[DEBUG] [39;1msnarkJS[0m: alphaTauG1: fft 15 mix start: 7/32
[36;22m[DEBUG] [39;1msnarkJS[0m: alphaTauG1: fft 15 mix start: 8/32
[36;22m[DEBUG] [39;1msnarkJS[0m: alphaTauG1: fft 15 mix start: 9/32
[36;22m[DEBUG] [39;1msnarkJS[0m: alphaTauG1: fft 15 mix start: 10/32
[36;22m[DEBUG] [39;1msnarkJS[0m: alphaTauG1: fft 15 mix start: 11/32
[36;22m[DEBUG] [39;1msnarkJS[0m: alphaTauG1: fft 15 mix start: 12/32
[36;22m[DEBUG] [39;1msnarkJS[0m: alphaTauG1: fft 15 mix start: 13/32
[36;22m[DEBUG] [39;1msnarkJS[0m: alphaTauG1: fft 15 mix start: 14/32
[36;22m[DEBUG] [39;1msnarkJS[0m: alphaTauG1: fft 15 mix start: 15/32
[36;22m[DEBUG] [39;1msnarkJS[0m: alphaTauG1: fft 15 mix start: 16/32
[36;22m[DEBUG] [39;1msnarkJS[0m: alphaTauG1: fft 15 mix start: 17/32
[36;22m[DEBUG] [39;1msnarkJS[0m: alphaTauG1: fft 15 mix start: 18/32
[36;22m[DEBUG] [39;1msnarkJS[0m: alphaTauG1: fft 15 mix start: 19/32
[36;22m[DEBUG] [39;1msnarkJS[0m: alphaTauG1: fft 15 mix start: 20/32
[36;22m[DEBUG] [39;1msnarkJS[0m: alphaTauG1: fft 15 mix start: 21/32
[36;22m[DEBUG] [39;1msnarkJS[0m: alphaTauG1: fft 15 mix start: 22/32
[36;22m[DEBUG] [39;1msnarkJS[0m: alphaTauG1: fft 15 mix start: 23/32
[36;22m[DEBUG] [39;1msnarkJS[0m: alphaTauG1: fft 15 mix start: 24/32
[36;22m[DEBUG] [39;1msnarkJS[0m: alphaTauG1: fft 15 mix start: 25/32
[36;22m[DEBUG] [39;1msnarkJS[0m: alphaTauG1: fft 15 mix start: 26/32
[36;22m[DEBUG] [39;1msnarkJS[0m: alphaTauG1: fft 15 mix start: 27/32
[36;22m[DEBUG] [39;1msnarkJS[0m: alphaTauG1: fft 15 mix start: 28/32
[36;22m[DEBUG] [39;1msnarkJS[0m: alphaTauG1: fft 15 mix start: 29/32
[36;22m[DEBUG] [39;1msnarkJS[0m: alphaTauG1: fft 15 mix start: 30/32
[36;22m[DEBUG] [39;1msnarkJS[0m: alphaTauG1: fft 15 mix start: 31/32
[36;22m[DEBUG] [39;1msnarkJS[0m: alphaTauG1: fft 15 mix end: 5/32
[36;22m[DEBUG] [39;1msnarkJS[0m: alphaTauG1: fft 15 mix end: 3/32
[36;22m[DEBUG] [39;1msnarkJS[0m: alphaTauG1: fft 15 mix end: 4/32
[36;22m[DEBUG] [39;1msnarkJS[0m: alphaTauG1: fft 15 mix end: 11/32
[36;22m[DEBUG] [39;1msnarkJS[0m: alphaTauG1: fft 15 mix end: 0/32
[36;22m[DEBUG] [39;1msnarkJS[0m: alphaTauG1: fft 15 mix end: 21/32
[36;22m[DEBUG] [39;1msnarkJS[0m: alphaTauG1: fft 15 mix end: 8/32
[36;22m[DEBUG] [39;1msnarkJS[0m: alphaTauG1: fft 15 mix end: 7/32
[36;22m[DEBUG] [39;1msnarkJS[0m: alphaTauG1: fft 15 mix end: 2/32
[36;22m[DEBUG] [39;1msnarkJS[0m: alphaTauG1: fft 15 mix end: 17/32
[36;22m[DEBUG] [39;1msnarkJS[0m: alphaTauG1: fft 15 mix end: 31/32
[36;22m[DEBUG] [39;1msnarkJS[0m: alphaTauG1: fft 15 mix end: 23/32
[36;22m[DEBUG] [39;1msnarkJS[0m: alphaTauG1: fft 15 mix end: 19/32
[36;22m[DEBUG] [39;1msnarkJS[0m: alphaTauG1: fft 15 mix end: 6/32
[36;22m[DEBUG] [39;1msnarkJS[0m: alphaTauG1: fft 15 mix end: 1/32
[36;22m[DEBUG] [39;1msnarkJS[0m: alphaTauG1: fft 15 mix end: 20/32
[36;22m[DEBUG] [39;1msnarkJS[0m: alphaTauG1: fft 15 mix end: 16/32
[36;22m[DEBUG] [39;1msnarkJS[0m: alphaTauG1: fft 15 mix end: 27/32
[36;22m[DEBUG] [39;1msnarkJS[0m: alphaTauG1: fft 15 mix end: 18/32
[36;22m[DEBUG] [39;1msnarkJS[0m: alphaTauG1: fft 15 mix end: 14/32
[36;22m[DEBUG] [39;1msnarkJS[0m: alphaTauG1: fft 15 mix end: 13/32
[36;22m[DEBUG] [39;1msnarkJS[0m: alphaTauG1: fft 15 mix end: 28/32
[36;22m[DEBUG] [39;1msnarkJS[0m: alphaTauG1: fft 15 mix end: 29/32
[36;22m[DEBUG] [39;1msnarkJS[0m: alphaTauG1: fft 15 mix end: 9/32
[36;22m[DEBUG] [39;1msnarkJS[0m: alphaTauG1: fft 15 mix end: 25/32
[36;22m[DEBUG] [39;1msnarkJS[0m: alphaTauG1: fft 15 mix end: 24/32
[36;22m[DEBUG] [39;1msnarkJS[0m: alphaTauG1: fft 15 mix end: 22/32
[36;22m[DEBUG] [39;1msnarkJS[0m: alphaTauG1: fft 15 mix end: 12/32
[36;22m[DEBUG] [39;1msnarkJS[0m: alphaTauG1: fft 15 mix end: 30/32
[36;22m[DEBUG] [39;1msnarkJS[0m: alphaTauG1: fft 15 mix end: 26/32
[36;22m[DEBUG] [39;1msnarkJS[0m: alphaTauG1: fft 15 mix end: 15/32
[36;22m[DEBUG] [39;1msnarkJS[0m: alphaTauG1: fft 15 mix end: 10/32
[36;22m[DEBUG] [39;1msnarkJS[0m: alphaTauG1: fft  15  join: 11/15
[36;22m[DEBUG] [39;1msnarkJS[0m: alphaTauG1: fft 15 join  11/15  1/16 0/1
[36;22m[DEBUG] [39;1msnarkJS[0m: alphaTauG1: fft 15 join  11/15  6/16 0/1
[36;22m[DEBUG] [39;1msnarkJS[0m: alphaTauG1: fft 15 join  11/15  3/16 0/1
[36;22m[DEBUG] [39;1msnarkJS[0m: alphaTauG1: fft 15 join  11/15  4/16 0/1
[36;22m[DEBUG] [39;1msnarkJS[0m: alphaTauG1: fft 15 join  11/15  5/16 0/1
[36;22m[DEBUG] [39;1msnarkJS[0m: alphaTauG1: fft 15 join  11/15  11/16 0/1
[36;22m[DEBUG] [39;1msnarkJS[0m: alphaTauG1: fft 15 join  11/15  10/16 0/1
[36;22m[DEBUG] [39;1msnarkJS[0m: alphaTauG1: fft 15 join  11/15  13/16 0/1
[36;22m[DEBUG] [39;1msnarkJS[0m: alphaTauG1: fft 15 join  11/15  9/16 0/1
[36;22m[DEBUG] [39;1msnarkJS[0m: alphaTauG1: fft 15 join  11/15  14/16 0/1
[36;22m[DEBUG] [39;1msnarkJS[0m: alphaTauG1: fft 15 join  11/15  8/16 0/1
[36;22m[DEBUG] [39;1msnarkJS[0m: alphaTauG1: fft 15 join  11/15  2/16 0/1
[36;22m[DEBUG] [39;1msnarkJS[0m: alphaTauG1: fft 15 join  11/15  16/16 0/1
[36;22m[DEBUG] [39;1msnarkJS[0m: alphaTauG1: fft 15 join  11/15  15/16 0/1
[36;22m[DEBUG] [39;1msnarkJS[0m: alphaTauG1: fft 15 join  11/15  12/16 0/1
[36;22m[DEBUG] [39;1msnarkJS[0m: alphaTauG1: fft 15 join  11/15  7/16 0/1
[36;22m[DEBUG] [39;1msnarkJS[0m: alphaTauG1: fft  15  join: 12/15
[36;22m[DEBUG] [39;1msnarkJS[0m: alphaTauG1: fft 15 join  12/15  3/8 1/2
[36;22m[DEBUG] [39;1msnarkJS[0m: alphaTauG1: fft 15 join  12/15  2/8 0/2
[36;22m[DEBUG] [39;1msnarkJS[0m: alphaTauG1: fft 15 join  12/15  6/8 0/2
[36;22m[DEBUG] [39;1msnarkJS[0m: alphaTauG1: fft 15 join  12/15  6/8 1/2
[36;22m[DEBUG] [39;1msnarkJS[0m: alphaTauG1: fft 15 join  12/15  1/8 0/2
[36;22m[DEBUG] [39;1msnarkJS[0m: alphaTauG1: fft 15 join  12/15  2/8 1/2
[36;22m[DEBUG] [39;1msnarkJS[0m: alphaTauG1: fft 15 join  12/15  5/8 1/2
[36;22m[DEBUG] [39;1msnarkJS[0m: alphaTauG1: fft 15 join  12/15  8/8 0/2
[36;22m[DEBUG] [39;1msnarkJS[0m: alphaTauG1: fft 15 join  12/15  8/8 1/2
[36;22m[DEBUG] [39;1msnarkJS[0m: alphaTauG1: fft 15 join  12/15  7/8 0/2
[36;22m[DEBUG] [39;1msnarkJS[0m: alphaTauG1: fft 15 join  12/15  7/8 1/2
[36;22m[DEBUG] [39;1msnarkJS[0m: alphaTauG1: fft 15 join  12/15  3/8 0/2
[36;22m[DEBUG] [39;1msnarkJS[0m: alphaTauG1: fft 15 join  12/15  4/8 0/2
[36;22m[DEBUG] [39;1msnarkJS[0m: alphaTauG1: fft 15 join  12/15  4/8 1/2
[36;22m[DEBUG] [39;1msnarkJS[0m: alphaTauG1: fft 15 join  12/15  5/8 0/2
[36;22m[DEBUG] [39;1msnarkJS[0m: alphaTauG1: fft 15 join  12/15  1/8 1/2
[36;22m[DEBUG] [39;1msnarkJS[0m: alphaTauG1: fft  15  join: 13/15
[36;22m[DEBUG] [39;1msnarkJS[0m: alphaTauG1: fft 15 join  13/15  1/4 2/4
[36;22m[DEBUG] [39;1msnarkJS[0m: alphaTauG1: fft 15 join  13/15  4/4 3/4
[36;22m[DEBUG] [39;1msnarkJS[0m: alphaTauG1: fft 15 join  13/15  4/4 2/4
[36;22m[DEBUG] [39;1msnarkJS[0m: alphaTauG1: fft 15 join  13/15  3/4 1/4
[36;22m[DEBUG] [39;1msnarkJS[0m: alphaTauG1: fft 15 join  13/15  3/4 3/4
[36;22m[DEBUG] [39;1msnarkJS[0m: alphaTauG1: fft 15 join  13/15  1/4 0/4
[36;22m[DEBUG] [39;1msnarkJS[0m: alphaTauG1: fft 15 join  13/15  3/4 2/4
[36;22m[DEBUG] [39;1msnarkJS[0m: alphaTauG1: fft 15 join  13/15  1/4 3/4
[36;22m[DEBUG] [39;1msnarkJS[0m: alphaTauG1: fft 15 join  13/15  4/4 0/4
[36;22m[DEBUG] [39;1msnarkJS[0m: alphaTauG1: fft 15 join  13/15  3/4 0/4
[36;22m[DEBUG] [39;1msnarkJS[0m: alphaTauG1: fft 15 join  13/15  2/4 0/4
[36;22m[DEBUG] [39;1msnarkJS[0m: alphaTauG1: fft 15 join  13/15  4/4 1/4
[36;22m[DEBUG] [39;1msnarkJS[0m: alphaTauG1: fft 15 join  13/15  2/4 2/4
[36;22m[DEBUG] [39;1msnarkJS[0m: alphaTauG1: fft 15 join  13/15  2/4 3/4
[36;22m[DEBUG] [39;1msnarkJS[0m: alphaTauG1: fft 15 join  13/15  2/4 1/4
[36;22m[DEBUG] [39;1msnarkJS[0m: alphaTauG1: fft 15 join  13/15  1/4 1/4
[36;22m[DEBUG] [39;1msnarkJS[0m: alphaTauG1: fft  15  join: 14/15
[36;22m[DEBUG] [39;1msnarkJS[0m: alphaTauG1: fft 15 join  14/15  1/2 2/8
[36;22m[DEBUG] [39;1msnarkJS[0m: alphaTauG1: fft 15 join  14/15  2/2 3/8
[36;22m[DEBUG] [39;1msnarkJS[0m: alphaTauG1: fft 15 join  14/15  1/2 0/8
[36;22m[DEBUG] [39;1msnarkJS[0m: alphaTauG1: fft 15 join  14/15  1/2 3/8
[36;22m[DEBUG] [39;1msnarkJS[0m: alphaTauG1: fft 15 join  14/15  2/2 4/8
[36;22m[DEBUG] [39;1msnarkJS[0m: alphaTauG1: fft 15 join  14/15  2/2 2/8
[36;22m[DEBUG] [39;1msnarkJS[0m: alphaTauG1: fft 15 join  14/15  2/2 1/8
[36;22m[DEBUG] [39;1msnarkJS[0m: alphaTauG1: fft 15 join  14/15  2/2 0/8
[36;22m[DEBUG] [39;1msnarkJS[0m: alphaTauG1: fft 15 join  14/15  2/2 6/8
[36;22m[DEBUG] [39;1msnarkJS[0m: alphaTauG1: fft 15 join  14/15  1/2 4/8
[36;22m[DEBUG] [39;1msnarkJS[0m: alphaTauG1: fft 15 join  14/15  1/2 6/8
[36;22m[DEBUG] [39;1msnarkJS[0m: alphaTauG1: fft 15 join  14/15  2/2 7/8
[36;22m[DEBUG] [39;1msnarkJS[0m: alphaTauG1: fft 15 join  14/15  1/2 5/8
[36;22m[DEBUG] [39;1msnarkJS[0m: alphaTauG1: fft 15 join  14/15  2/2 5/8
[36;22m[DEBUG] [39;1msnarkJS[0m: alphaTauG1: fft 15 join  14/15  1/2 7/8
[36;22m[DEBUG] [39;1msnarkJS[0m: alphaTauG1: fft 15 join  14/15  1/2 1/8
[36;22m[DEBUG] [39;1msnarkJS[0m: alphaTauG1: fft  15  join: 15/15
[36;22m[DEBUG] [39;1msnarkJS[0m: alphaTauG1: fft 15 join  15/15  1/1 10/16
[36;22m[DEBUG] [39;1msnarkJS[0m: alphaTauG1: fft 15 join  15/15  1/1 11/16
[36;22m[DEBUG] [39;1msnarkJS[0m: alphaTauG1: fft 15 join  15/15  1/1 2/16
[36;22m[DEBUG] [39;1msnarkJS[0m: alphaTauG1: fft 15 join  15/15  1/1 9/16
[36;22m[DEBUG] [39;1msnarkJS[0m: alphaTauG1: fft 15 join  15/15  1/1 15/16
[36;22m[DEBUG] [39;1msnarkJS[0m: alphaTauG1: fft 15 join  15/15  1/1 5/16
[36;22m[DEBUG] [39;1msnarkJS[0m: alphaTauG1: fft 15 join  15/15  1/1 0/16
[36;22m[DEBUG] [39;1msnarkJS[0m: alphaTauG1: fft 15 join  15/15  1/1 12/16
[36;22m[DEBUG] [39;1msnarkJS[0m: alphaTauG1: fft 15 join  15/15  1/1 3/16
[36;22m[DEBUG] [39;1msnarkJS[0m: alphaTauG1: fft 15 join  15/15  1/1 14/16
[36;22m[DEBUG] [39;1msnarkJS[0m: alphaTauG1: fft 15 join  15/15  1/1 8/16
[36;22m[DEBUG] [39;1msnarkJS[0m: alphaTauG1: fft 15 join  15/15  1/1 13/16
[36;22m[DEBUG] [39;1msnarkJS[0m: alphaTauG1: fft 15 join  15/15  1/1 4/16
[36;22m[DEBUG] [39;1msnarkJS[0m: alphaTauG1: fft 15 join  15/15  1/1 6/16
[36;22m[DEBUG] [39;1msnarkJS[0m: alphaTauG1: fft 15 join  15/15  1/1 7/16
[36;22m[DEBUG] [39;1msnarkJS[0m: alphaTauG1: fft 15 join  15/15  1/1 1/16
[36;22m[DEBUG] [39;1msnarkJS[0m: alphaTauG1: fft 16 mix start: 0/32
[36;22m[DEBUG] [39;1msnarkJS[0m: alphaTauG1: fft 16 mix start: 1/32
[36;22m[DEBUG] [39;1msnarkJS[0m: alphaTauG1: fft 16 mix start: 2/32
[36;22m[DEBUG] [39;1msnarkJS[0m: alphaTauG1: fft 16 mix start: 3/32
[36;22m[DEBUG] [39;1msnarkJS[0m: alphaTauG1: fft 16 mix start: 4/32
[36;22m[DEBUG] [39;1msnarkJS[0m: alphaTauG1: fft 16 mix start: 5/32
[36;22m[DEBUG] [39;1msnarkJS[0m: alphaTauG1: fft 16 mix start: 6/32
[36;22m[DEBUG] [39;1msnarkJS[0m: alphaTauG1: fft 16 mix start: 7/32
[36;22m[DEBUG] [39;1msnarkJS[0m: alphaTauG1: fft 16 mix start: 8/32
[36;22m[DEBUG] [39;1msnarkJS[0m: alphaTauG1: fft 16 mix start: 9/32
[36;22m[DEBUG] [39;1msnarkJS[0m: alphaTauG1: fft 16 mix start: 10/32
[36;22m[DEBUG] [39;1msnarkJS[0m: alphaTauG1: fft 16 mix start: 11/32
[36;22m[DEBUG] [39;1msnarkJS[0m: alphaTauG1: fft 16 mix start: 12/32
[36;22m[DEBUG] [39;1msnarkJS[0m: alphaTauG1: fft 16 mix start: 13/32
[36;22m[DEBUG] [39;1msnarkJS[0m: alphaTauG1: fft 16 mix start: 14/32
[36;22m[DEBUG] [39;1msnarkJS[0m: alphaTauG1: fft 16 mix start: 15/32
[36;22m[DEBUG] [39;1msnarkJS[0m: alphaTauG1: fft 16 mix start: 16/32
[36;22m[DEBUG] [39;1msnarkJS[0m: alphaTauG1: fft 16 mix start: 17/32
[36;22m[DEBUG] [39;1msnarkJS[0m: alphaTauG1: fft 16 mix start: 18/32
[36;22m[DEBUG] [39;1msnarkJS[0m: alphaTauG1: fft 16 mix start: 19/32
[36;22m[DEBUG] [39;1msnarkJS[0m: alphaTauG1: fft 16 mix start: 20/32
[36;22m[DEBUG] [39;1msnarkJS[0m: alphaTauG1: fft 16 mix start: 21/32
[36;22m[DEBUG] [39;1msnarkJS[0m: alphaTauG1: fft 16 mix start: 22/32
[36;22m[DEBUG] [39;1msnarkJS[0m: alphaTauG1: fft 16 mix start: 23/32
[36;22m[DEBUG] [39;1msnarkJS[0m: alphaTauG1: fft 16 mix start: 24/32
[36;22m[DEBUG] [39;1msnarkJS[0m: alphaTauG1: fft 16 mix start: 25/32
[36;22m[DEBUG] [39;1msnarkJS[0m: alphaTauG1: fft 16 mix start: 26/32
[36;22m[DEBUG] [39;1msnarkJS[0m: alphaTauG1: fft 16 mix start: 27/32
[36;22m[DEBUG] [39;1msnarkJS[0m: alphaTauG1: fft 16 mix start: 28/32
[36;22m[DEBUG] [39;1msnarkJS[0m: alphaTauG1: fft 16 mix start: 29/32
[36;22m[DEBUG] [39;1msnarkJS[0m: alphaTauG1: fft 16 mix start: 30/32
[36;22m[DEBUG] [39;1msnarkJS[0m: alphaTauG1: fft 16 mix start: 31/32
[36;22m[DEBUG] [39;1msnarkJS[0m: alphaTauG1: fft 16 mix end: 2/32
[36;22m[DEBUG] [39;1msnarkJS[0m: alphaTauG1: fft 16 mix end: 28/32
[36;22m[DEBUG] [39;1msnarkJS[0m: alphaTauG1: fft 16 mix end: 8/32
[36;22m[DEBUG] [39;1msnarkJS[0m: alphaTauG1: fft 16 mix end: 16/32
[36;22m[DEBUG] [39;1msnarkJS[0m: alphaTauG1: fft 16 mix end: 1/32
[36;22m[DEBUG] [39;1msnarkJS[0m: alphaTauG1: fft 16 mix end: 23/32
[36;22m[DEBUG] [39;1msnarkJS[0m: alphaTauG1: fft 16 mix end: 22/32
[36;22m[DEBUG] [39;1msnarkJS[0m: alphaTauG1: fft 16 mix end: 29/32
[36;22m[DEBUG] [39;1msnarkJS[0m: alphaTauG1: fft 16 mix end: 19/32
[36;22m[DEBUG] [39;1msnarkJS[0m: alphaTauG1: fft 16 mix end: 12/32
[36;22m[DEBUG] [39;1msnarkJS[0m: alphaTauG1: fft 16 mix end: 7/32
[36;22m[DEBUG] [39;1msnarkJS[0m: alphaTauG1: fft 16 mix end: 4/32
[36;22m[DEBUG] [39;1msnarkJS[0m: alphaTauG1: fft 16 mix end: 13/32
[36;22m[DEBUG] [39;1msnarkJS[0m: alphaTauG1: fft 16 mix end: 0/32
[36;22m[DEBUG] [39;1msnarkJS[0m: alphaTauG1: fft 16 mix end: 21/32
[36;22m[DEBUG] [39;1msnarkJS[0m: alphaTauG1: fft 16 mix end: 30/32
[36;22m[DEBUG] [39;1msnarkJS[0m: alphaTauG1: fft 16 mix end: 14/32
[36;22m[DEBUG] [39;1msnarkJS[0m: alphaTauG1: fft 16 mix end: 3/32
[36;22m[DEBUG] [39;1msnarkJS[0m: alphaTauG1: fft 16 mix end: 27/32
[36;22m[DEBUG] [39;1msnarkJS[0m: alphaTauG1: fft 16 mix end: 17/32
[36;22m[DEBUG] [39;1msnarkJS[0m: alphaTauG1: fft 16 mix end: 9/32
[36;22m[DEBUG] [39;1msnarkJS[0m: alphaTauG1: fft 16 mix end: 6/32
[36;22m[DEBUG] [39;1msnarkJS[0m: alphaTauG1: fft 16 mix end: 11/32
[36;22m[DEBUG] [39;1msnarkJS[0m: alphaTauG1: fft 16 mix end: 5/32
[36;22m[DEBUG] [39;1msnarkJS[0m: alphaTauG1: fft 16 mix end: 15/32
[36;22m[DEBUG] [39;1msnarkJS[0m: alphaTauG1: fft 16 mix end: 26/32
[36;22m[DEBUG] [39;1msnarkJS[0m: alphaTauG1: fft 16 mix end: 10/32
[36;22m[DEBUG] [39;1msnarkJS[0m: alphaTauG1: fft 16 mix end: 18/32
[36;22m[DEBUG] [39;1msnarkJS[0m: alphaTauG1: fft 16 mix end: 25/32
[36;22m[DEBUG] [39;1msnarkJS[0m: alphaTauG1: fft 16 mix end: 24/32
[36;22m[DEBUG] [39;1msnarkJS[0m: alphaTauG1: fft 16 mix end: 20/32
[36;22m[DEBUG] [39;1msnarkJS[0m: alphaTauG1: fft 16 mix end: 31/32
[36;22m[DEBUG] [39;1msnarkJS[0m: alphaTauG1: fft  16  join: 12/16
[36;22m[DEBUG] [39;1msnarkJS[0m: alphaTauG1: fft 16 join  12/16  1/16 0/1
[36;22m[DEBUG] [39;1msnarkJS[0m: alphaTauG1: fft 16 join  12/16  16/16 0/1
[36;22m[DEBUG] [39;1msnarkJS[0m: alphaTauG1: fft 16 join  12/16  11/16 0/1
[36;22m[DEBUG] [39;1msnarkJS[0m: alphaTauG1: fft 16 join  12/16  3/16 0/1
[36;22m[DEBUG] [39;1msnarkJS[0m: alphaTauG1: fft 16 join  12/16  6/16 0/1
[36;22m[DEBUG] [39;1msnarkJS[0m: alphaTauG1: fft 16 join  12/16  12/16 0/1
[36;22m[DEBUG] [39;1msnarkJS[0m: alphaTauG1: fft 16 join  12/16  4/16 0/1
[36;22m[DEBUG] [39;1msnarkJS[0m: alphaTauG1: fft 16 join  12/16  10/16 0/1
[36;22m[DEBUG] [39;1msnarkJS[0m: alphaTauG1: fft 16 join  12/16  15/16 0/1
[36;22m[DEBUG] [39;1msnarkJS[0m: alphaTauG1: fft 16 join  12/16  5/16 0/1
[36;22m[DEBUG] [39;1msnarkJS[0m: alphaTauG1: fft 16 join  12/16  13/16 0/1
[36;22m[DEBUG] [39;1msnarkJS[0m: alphaTauG1: fft 16 join  12/16  14/16 0/1
[36;22m[DEBUG] [39;1msnarkJS[0m: alphaTauG1: fft 16 join  12/16  8/16 0/1
[36;22m[DEBUG] [39;1msnarkJS[0m: alphaTauG1: fft 16 join  12/16  2/16 0/1
[36;22m[DEBUG] [39;1msnarkJS[0m: alphaTauG1: fft 16 join  12/16  9/16 0/1
[36;22m[DEBUG] [39;1msnarkJS[0m: alphaTauG1: fft 16 join  12/16  7/16 0/1
[36;22m[DEBUG] [39;1msnarkJS[0m: alphaTauG1: fft  16  join: 13/16
[36;22m[DEBUG] [39;1msnarkJS[0m: alphaTauG1: fft 16 join  13/16  1/8 0/2
[36;22m[DEBUG] [39;1msnarkJS[0m: alphaTauG1: fft 16 join  13/16  6/8 1/2
[36;22m[DEBUG] [39;1msnarkJS[0m: alphaTauG1: fft 16 join  13/16  2/8 0/2
[36;22m[DEBUG] [39;1msnarkJS[0m: alphaTauG1: fft 16 join  13/16  2/8 1/2
[36;22m[DEBUG] [39;1msnarkJS[0m: alphaTauG1: fft 16 join  13/16  3/8 0/2
[36;22m[DEBUG] [39;1msnarkJS[0m: alphaTauG1: fft 16 join  13/16  8/8 1/2
[36;22m[DEBUG] [39;1msnarkJS[0m: alphaTauG1: fft 16 join  13/16  5/8 1/2
[36;22m[DEBUG] [39;1msnarkJS[0m: alphaTauG1: fft 16 join  13/16  6/8 0/2
[36;22m[DEBUG] [39;1msnarkJS[0m: alphaTauG1: fft 16 join  13/16  5/8 0/2
[36;22m[DEBUG] [39;1msnarkJS[0m: alphaTauG1: fft 16 join  13/16  3/8 1/2
[36;22m[DEBUG] [39;1msnarkJS[0m: alphaTauG1: fft 16 join  13/16  8/8 0/2
[36;22m[DEBUG] [39;1msnarkJS[0m: alphaTauG1: fft 16 join  13/16  7/8 0/2
[36;22m[DEBUG] [39;1msnarkJS[0m: alphaTauG1: fft 16 join  13/16  7/8 1/2
[36;22m[DEBUG] [39;1msnarkJS[0m: alphaTauG1: fft 16 join  13/16  4/8 0/2
[36;22m[DEBUG] [39;1msnarkJS[0m: alphaTauG1: fft 16 join  13/16  4/8 1/2
[36;22m[DEBUG] [39;1msnarkJS[0m: alphaTauG1: fft 16 join  13/16  1/8 1/2
[36;22m[DEBUG] [39;1msnarkJS[0m: alphaTauG1: fft  16  join: 14/16
[36;22m[DEBUG] [39;1msnarkJS[0m: alphaTauG1: fft 16 join  14/16  1/4 2/4
[36;22m[DEBUG] [39;1msnarkJS[0m: alphaTauG1: fft 16 join  14/16  1/4 0/4
[36;22m[DEBUG] [39;1msnarkJS[0m: alphaTauG1: fft 16 join  14/16  3/4 2/4
[36;22m[DEBUG] [39;1msnarkJS[0m: alphaTauG1: fft 16 join  14/16  2/4 0/4
[36;22m[DEBUG] [39;1msnarkJS[0m: alphaTauG1: fft 16 join  14/16  3/4 0/4
[36;22m[DEBUG] [39;1msnarkJS[0m: alphaTauG1: fft 16 join  14/16  1/4 3/4
[36;22m[DEBUG] [39;1msnarkJS[0m: alphaTauG1: fft 16 join  14/16  2/4 1/4
[36;22m[DEBUG] [39;1msnarkJS[0m: alphaTauG1: fft 16 join  14/16  3/4 1/4
[36;22m[DEBUG] [39;1msnarkJS[0m: alphaTauG1: fft 16 join  14/16  4/4 3/4
[36;22m[DEBUG] [39;1msnarkJS[0m: alphaTauG1: fft 16 join  14/16  3/4 3/4
[36;22m[DEBUG] [39;1msnarkJS[0m: alphaTauG1: fft 16 join  14/16  4/4 0/4
[36;22m[DEBUG] [39;1msnarkJS[0m: alphaTauG1: fft 16 join  14/16  4/4 1/4
[36;22m[DEBUG] [39;1msnarkJS[0m: alphaTauG1: fft 16 join  14/16  2/4 2/4
[36;22m[DEBUG] [39;1msnarkJS[0m: alphaTauG1: fft 16 join  14/16  4/4 2/4
[36;22m[DEBUG] [39;1msnarkJS[0m: alphaTauG1: fft 16 join  14/16  2/4 3/4
[36;22m[DEBUG] [39;1msnarkJS[0m: alphaTauG1: fft 16 join  14/16  1/4 1/4
[36;22m[DEBUG] [39;1msnarkJS[0m: alphaTauG1: fft  16  join: 15/16
[36;22m[DEBUG] [39;1msnarkJS[0m: alphaTauG1: fft 16 join  15/16  1/2 0/8
[36;22m[DEBUG] [39;1msnarkJS[0m: alphaTauG1: fft 16 join  15/16  2/2 0/8
[36;22m[DEBUG] [39;1msnarkJS[0m: alphaTauG1: fft 16 join  15/16  1/2 2/8
[36;22m[DEBUG] [39;1msnarkJS[0m: alphaTauG1: fft 16 join  15/16  1/2 4/8
[36;22m[DEBUG] [39;1msnarkJS[0m: alphaTauG1: fft 16 join  15/16  1/2 3/8
[36;22m[DEBUG] [39;1msnarkJS[0m: alphaTauG1: fft 16 join  15/16  2/2 2/8
[36;22m[DEBUG] [39;1msnarkJS[0m: alphaTauG1: fft 16 join  15/16  2/2 7/8
[36;22m[DEBUG] [39;1msnarkJS[0m: alphaTauG1: fft 16 join  15/16  2/2 6/8
[36;22m[DEBUG] [39;1msnarkJS[0m: alphaTauG1: fft 16 join  15/16  1/2 5/8
[36;22m[DEBUG] [39;1msnarkJS[0m: alphaTauG1: fft 16 join  15/16  2/2 1/8
[36;22m[DEBUG] [39;1msnarkJS[0m: alphaTauG1: fft 16 join  15/16  2/2 4/8
[36;22m[DEBUG] [39;1msnarkJS[0m: alphaTauG1: fft 16 join  15/16  2/2 3/8
[36;22m[DEBUG] [39;1msnarkJS[0m: alphaTauG1: fft 16 join  15/16  1/2 6/8
[36;22m[DEBUG] [39;1msnarkJS[0m: alphaTauG1: fft 16 join  15/16  2/2 5/8
[36;22m[DEBUG] [39;1msnarkJS[0m: alphaTauG1: fft 16 join  15/16  1/2 7/8
[36;22m[DEBUG] [39;1msnarkJS[0m: alphaTauG1: fft 16 join  15/16  1/2 1/8
[36;22m[DEBUG] [39;1msnarkJS[0m: alphaTauG1: fft  16  join: 16/16
[36;22m[DEBUG] [39;1msnarkJS[0m: alphaTauG1: fft 16 join  16/16  1/1 11/16
[36;22m[DEBUG] [39;1msnarkJS[0m: alphaTauG1: fft 16 join  16/16  1/1 0/16
[36;22m[DEBUG] [39;1msnarkJS[0m: alphaTauG1: fft 16 join  16/16  1/1 2/16
[36;22m[DEBUG] [39;1msnarkJS[0m: alphaTauG1: fft 16 join  16/16  1/1 15/16
[36;22m[DEBUG] [39;1msnarkJS[0m: alphaTauG1: fft 16 join  16/16  1/1 9/16
[36;22m[DEBUG] [39;1msnarkJS[0m: alphaTauG1: fft 16 join  16/16  1/1 3/16
[36;22m[DEBUG] [39;1msnarkJS[0m: alphaTauG1: fft 16 join  16/16  1/1 8/16
[36;22m[DEBUG] [39;1msnarkJS[0m: alphaTauG1: fft 16 join  16/16  1/1 5/16
[36;22m[DEBUG] [39;1msnarkJS[0m: alphaTauG1: fft 16 join  16/16  1/1 10/16
[36;22m[DEBUG] [39;1msnarkJS[0m: alphaTauG1: fft 16 join  16/16  1/1 14/16
[36;22m[DEBUG] [39;1msnarkJS[0m: alphaTauG1: fft 16 join  16/16  1/1 12/16
[36;22m[DEBUG] [39;1msnarkJS[0m: alphaTauG1: fft 16 join  16/16  1/1 13/16
[36;22m[DEBUG] [39;1msnarkJS[0m: alphaTauG1: fft 16 join  16/16  1/1 6/16
[36;22m[DEBUG] [39;1msnarkJS[0m: alphaTauG1: fft 16 join  16/16  1/1 7/16
[36;22m[DEBUG] [39;1msnarkJS[0m: alphaTauG1: fft 16 join  16/16  1/1 4/16
[36;22m[DEBUG] [39;1msnarkJS[0m: alphaTauG1: fft 16 join  16/16  1/1 1/16
[36;22m[DEBUG] [39;1msnarkJS[0m: alphaTauG1: fft 17 mix start: 0/32
[36;22m[DEBUG] [39;1msnarkJS[0m: alphaTauG1: fft 17 mix start: 1/32
[36;22m[DEBUG] [39;1msnarkJS[0m: alphaTauG1: fft 17 mix start: 2/32
[36;22m[DEBUG] [39;1msnarkJS[0m: alphaTauG1: fft 17 mix start: 3/32
[36;22m[DEBUG] [39;1msnarkJS[0m: alphaTauG1: fft 17 mix start: 4/32
[36;22m[DEBUG] [39;1msnarkJS[0m: alphaTauG1: fft 17 mix start: 5/32
[36;22m[DEBUG] [39;1msnarkJS[0m: alphaTauG1: fft 17 mix start: 6/32
[36;22m[DEBUG] [39;1msnarkJS[0m: alphaTauG1: fft 17 mix start: 7/32
[36;22m[DEBUG] [39;1msnarkJS[0m: alphaTauG1: fft 17 mix start: 8/32
[36;22m[DEBUG] [39;1msnarkJS[0m: alphaTauG1: fft 17 mix start: 9/32
[36;22m[DEBUG] [39;1msnarkJS[0m: alphaTauG1: fft 17 mix start: 10/32
[36;22m[DEBUG] [39;1msnarkJS[0m: alphaTauG1: fft 17 mix start: 11/32
[36;22m[DEBUG] [39;1msnarkJS[0m: alphaTauG1: fft 17 mix start: 12/32
[36;22m[DEBUG] [39;1msnarkJS[0m: alphaTauG1: fft 17 mix start: 13/32
[36;22m[DEBUG] [39;1msnarkJS[0m: alphaTauG1: fft 17 mix start: 14/32
[36;22m[DEBUG] [39;1msnarkJS[0m: alphaTauG1: fft 17 mix start: 15/32
[36;22m[DEBUG] [39;1msnarkJS[0m: alphaTauG1: fft 17 mix start: 16/32
[36;22m[DEBUG] [39;1msnarkJS[0m: alphaTauG1: fft 17 mix start: 17/32
[36;22m[DEBUG] [39;1msnarkJS[0m: alphaTauG1: fft 17 mix start: 18/32
[36;22m[DEBUG] [39;1msnarkJS[0m: alphaTauG1: fft 17 mix start: 19/32
[36;22m[DEBUG] [39;1msnarkJS[0m: alphaTauG1: fft 17 mix start: 20/32
[36;22m[DEBUG] [39;1msnarkJS[0m: alphaTauG1: fft 17 mix start: 21/32
[36;22m[DEBUG] [39;1msnarkJS[0m: alphaTauG1: fft 17 mix start: 22/32
[36;22m[DEBUG] [39;1msnarkJS[0m: alphaTauG1: fft 17 mix start: 23/32
[36;22m[DEBUG] [39;1msnarkJS[0m: alphaTauG1: fft 17 mix start: 24/32
[36;22m[DEBUG] [39;1msnarkJS[0m: alphaTauG1: fft 17 mix start: 25/32
[36;22m[DEBUG] [39;1msnarkJS[0m: alphaTauG1: fft 17 mix start: 26/32
[36;22m[DEBUG] [39;1msnarkJS[0m: alphaTauG1: fft 17 mix start: 27/32
[36;22m[DEBUG] [39;1msnarkJS[0m: alphaTauG1: fft 17 mix start: 28/32
[36;22m[DEBUG] [39;1msnarkJS[0m: alphaTauG1: fft 17 mix start: 29/32
[36;22m[DEBUG] [39;1msnarkJS[0m: alphaTauG1: fft 17 mix start: 30/32
[36;22m[DEBUG] [39;1msnarkJS[0m: alphaTauG1: fft 17 mix start: 31/32
[36;22m[DEBUG] [39;1msnarkJS[0m: alphaTauG1: fft 17 mix end: 15/32
[36;22m[DEBUG] [39;1msnarkJS[0m: alphaTauG1: fft 17 mix end: 21/32
[36;22m[DEBUG] [39;1msnarkJS[0m: alphaTauG1: fft 17 mix end: 12/32
[36;22m[DEBUG] [39;1msnarkJS[0m: alphaTauG1: fft 17 mix end: 14/32
[36;22m[DEBUG] [39;1msnarkJS[0m: alphaTauG1: fft 17 mix end: 23/32
[36;22m[DEBUG] [39;1msnarkJS[0m: alphaTauG1: fft 17 mix end: 4/32
[36;22m[DEBUG] [39;1msnarkJS[0m: alphaTauG1: fft 17 mix end: 28/32
[36;22m[DEBUG] [39;1msnarkJS[0m: alphaTauG1: fft 17 mix end: 1/32
[36;22m[DEBUG] [39;1msnarkJS[0m: alphaTauG1: fft 17 mix end: 10/32
[36;22m[DEBUG] [39;1msnarkJS[0m: alphaTauG1: fft 17 mix end: 3/32
[36;22m[DEBUG] [39;1msnarkJS[0m: alphaTauG1: fft 17 mix end: 22/32
[36;22m[DEBUG] [39;1msnarkJS[0m: alphaTauG1: fft 17 mix end: 11/32
[36;22m[DEBUG] [39;1msnarkJS[0m: alphaTauG1: fft 17 mix end: 16/32
[36;22m[DEBUG] [39;1msnarkJS[0m: alphaTauG1: fft 17 mix end: 27/32
[36;22m[DEBUG] [39;1msnarkJS[0m: alphaTauG1: fft 17 mix end: 0/32
[36;22m[DEBUG] [39;1msnarkJS[0m: alphaTauG1: fft 17 mix end: 29/32
[36;22m[DEBUG] [39;1msnarkJS[0m: alphaTauG1: fft 17 mix end: 19/32
[36;22m[DEBUG] [39;1msnarkJS[0m: alphaTauG1: fft 17 mix end: 13/32
[36;22m[DEBUG] [39;1msnarkJS[0m: alphaTauG1: fft 17 mix end: 20/32
[36;22m[DEBUG] [39;1msnarkJS[0m: alphaTauG1: fft 17 mix end: 31/32
[36;22m[DEBUG] [39;1msnarkJS[0m: alphaTauG1: fft 17 mix end: 18/32
[36;22m[DEBUG] [39;1msnarkJS[0m: alphaTauG1: fft 17 mix end: 7/32
[36;22m[DEBUG] [39;1msnarkJS[0m: alphaTauG1: fft 17 mix end: 8/32
[36;22m[DEBUG] [39;1msnarkJS[0m: alphaTauG1: fft 17 mix end: 2/32
[36;22m[DEBUG] [39;1msnarkJS[0m: alphaTauG1: fft 17 mix end: 17/32
[36;22m[DEBUG] [39;1msnarkJS[0m: alphaTauG1: fft 17 mix end: 26/32
[36;22m[DEBUG] [39;1msnarkJS[0m: alphaTauG1: fft 17 mix end: 6/32
[36;22m[DEBUG] [39;1msnarkJS[0m: alphaTauG1: fft 17 mix end: 9/32
[36;22m[DEBUG] [39;1msnarkJS[0m: alphaTauG1: fft 17 mix end: 30/32
[36;22m[DEBUG] [39;1msnarkJS[0m: alphaTauG1: fft 17 mix end: 24/32
[36;22m[DEBUG] [39;1msnarkJS[0m: alphaTauG1: fft 17 mix end: 5/32
[36;22m[DEBUG] [39;1msnarkJS[0m: alphaTauG1: fft 17 mix end: 25/32
[36;22m[DEBUG] [39;1msnarkJS[0m: alphaTauG1: fft  17  join: 13/17
[36;22m[DEBUG] [39;1msnarkJS[0m: alphaTauG1: fft 17 join  13/17  1/16 0/1
[36;22m[DEBUG] [39;1msnarkJS[0m: alphaTauG1: fft 17 join  13/17  9/16 0/1
[36;22m[DEBUG] [39;1msnarkJS[0m: alphaTauG1: fft 17 join  13/17  12/16 0/1
[36;22m[DEBUG] [39;1msnarkJS[0m: alphaTauG1: fft 17 join  13/17  15/16 0/1
[36;22m[DEBUG] [39;1msnarkJS[0m: alphaTauG1: fft 17 join  13/17  16/16 0/1
[36;22m[DEBUG] [39;1msnarkJS[0m: alphaTauG1: fft 17 join  13/17  3/16 0/1
[36;22m[DEBUG] [39;1msnarkJS[0m: alphaTauG1: fft 17 join  13/17  4/16 0/1
[36;22m[DEBUG] [39;1msnarkJS[0m: alphaTauG1: fft 17 join  13/17  6/16 0/1
[36;22m[DEBUG] [39;1msnarkJS[0m: alphaTauG1: fft 17 join  13/17  13/16 0/1
[36;22m[DEBUG] [39;1msnarkJS[0m: alphaTauG1: fft 17 join  13/17  14/16 0/1
[36;22m[DEBUG] [39;1msnarkJS[0m: alphaTauG1: fft 17 join  13/17  11/16 0/1
[36;22m[DEBUG] [39;1msnarkJS[0m: alphaTauG1: fft 17 join  13/17  7/16 0/1
[36;22m[DEBUG] [39;1msnarkJS[0m: alphaTauG1: fft 17 join  13/17  10/16 0/1
[36;22m[DEBUG] [39;1msnarkJS[0m: alphaTauG1: fft 17 join  13/17  8/16 0/1
[36;22m[DEBUG] [39;1msnarkJS[0m: alphaTauG1: fft 17 join  13/17  5/16 0/1
[36;22m[DEBUG] [39;1msnarkJS[0m: alphaTauG1: fft 17 join  13/17  2/16 0/1
[36;22m[DEBUG] [39;1msnarkJS[0m: alphaTauG1: fft  17  join: 14/17
[36;22m[DEBUG] [39;1msnarkJS[0m: alphaTauG1: fft 17 join  14/17  1/8 0/2
[36;22m[DEBUG] [39;1msnarkJS[0m: alphaTauG1: fft 17 join  14/17  2/8 0/2
[36;22m[DEBUG] [39;1msnarkJS[0m: alphaTauG1: fft 17 join  14/17  2/8 1/2
[36;22m[DEBUG] [39;1msnarkJS[0m: alphaTauG1: fft 17 join  14/17  6/8 1/2
[36;22m[DEBUG] [39;1msnarkJS[0m: alphaTauG1: fft 17 join  14/17  5/8 1/2
[36;22m[DEBUG] [39;1msnarkJS[0m: alphaTauG1: fft 17 join  14/17  6/8 0/2
[36;22m[DEBUG] [39;1msnarkJS[0m: alphaTauG1: fft 17 join  14/17  7/8 1/2
[36;22m[DEBUG] [39;1msnarkJS[0m: alphaTauG1: fft 17 join  14/17  8/8 1/2
[36;22m[DEBUG] [39;1msnarkJS[0m: alphaTauG1: fft 17 join  14/17  3/8 1/2
[36;22m[DEBUG] [39;1msnarkJS[0m: alphaTauG1: fft 17 join  14/17  5/8 0/2
[36;22m[DEBUG] [39;1msnarkJS[0m: alphaTauG1: fft 17 join  14/17  7/8 0/2
[36;22m[DEBUG] [39;1msnarkJS[0m: alphaTauG1: fft 17 join  14/17  8/8 0/2
[36;22m[DEBUG] [39;1msnarkJS[0m: alphaTauG1: fft 17 join  14/17  4/8 1/2
[36;22m[DEBUG] [39;1msnarkJS[0m: alphaTauG1: fft 17 join  14/17  3/8 0/2
[36;22m[DEBUG] [39;1msnarkJS[0m: alphaTauG1: fft 17 join  14/17  4/8 0/2
[36;22m[DEBUG] [39;1msnarkJS[0m: alphaTauG1: fft 17 join  14/17  1/8 1/2
[36;22m[DEBUG] [39;1msnarkJS[0m: alphaTauG1: fft  17  join: 15/17
[36;22m[DEBUG] [39;1msnarkJS[0m: alphaTauG1: fft 17 join  15/17  1/4 0/4
[36;22m[DEBUG] [39;1msnarkJS[0m: alphaTauG1: fft 17 join  15/17  1/4 2/4
[36;22m[DEBUG] [39;1msnarkJS[0m: alphaTauG1: fft 17 join  15/17  3/4 3/4
[36;22m[DEBUG] [39;1msnarkJS[0m: alphaTauG1: fft 17 join  15/17  1/4 3/4
[36;22m[DEBUG] [39;1msnarkJS[0m: alphaTauG1: fft 17 join  15/17  4/4 3/4
[36;22m[DEBUG] [39;1msnarkJS[0m: alphaTauG1: fft 17 join  15/17  2/4 0/4
[36;22m[DEBUG] [39;1msnarkJS[0m: alphaTauG1: fft 17 join  15/17  2/4 1/4
[36;22m[DEBUG] [39;1msnarkJS[0m: alphaTauG1: fft 17 join  15/17  3/4 0/4
[36;22m[DEBUG] [39;1msnarkJS[0m: alphaTauG1: fft 17 join  15/17  3/4 1/4
[36;22m[DEBUG] [39;1msnarkJS[0m: alphaTauG1: fft 17 join  15/17  3/4 2/4
[36;22m[DEBUG] [39;1msnarkJS[0m: alphaTauG1: fft 17 join  15/17  4/4 0/4
[36;22m[DEBUG] [39;1msnarkJS[0m: alphaTauG1: fft 17 join  15/17  4/4 1/4
[36;22m[DEBUG] [39;1msnarkJS[0m: alphaTauG1: fft 17 join  15/17  4/4 2/4
[36;22m[DEBUG] [39;1msnarkJS[0m: alphaTauG1: fft 17 join  15/17  2/4 2/4
[36;22m[DEBUG] [39;1msnarkJS[0m: alphaTauG1: fft 17 join  15/17  2/4 3/4
[36;22m[DEBUG] [39;1msnarkJS[0m: alphaTauG1: fft 17 join  15/17  1/4 1/4
[36;22m[DEBUG] [39;1msnarkJS[0m: alphaTauG1: fft  17  join: 16/17
[36;22m[DEBUG] [39;1msnarkJS[0m: alphaTauG1: fft 17 join  16/17  1/2 0/8
[36;22m[DEBUG] [39;1msnarkJS[0m: alphaTauG1: fft 17 join  16/17  1/2 2/8
[36;22m[DEBUG] [39;1msnarkJS[0m: alphaTauG1: fft 17 join  16/17  1/2 3/8
[36;22m[DEBUG] [39;1msnarkJS[0m: alphaTauG1: fft 17 join  16/17  2/2 0/8
[36;22m[DEBUG] [39;1msnarkJS[0m: alphaTauG1: fft 17 join  16/17  1/2 5/8
[36;22m[DEBUG] [39;1msnarkJS[0m: alphaTauG1: fft 17 join  16/17  2/2 3/8
[36;22m[DEBUG] [39;1msnarkJS[0m: alphaTauG1: fft 17 join  16/17  2/2 6/8
[36;22m[DEBUG] [39;1msnarkJS[0m: alphaTauG1: fft 17 join  16/17  2/2 7/8
[36;22m[DEBUG] [39;1msnarkJS[0m: alphaTauG1: fft 17 join  16/17  2/2 1/8
[36;22m[DEBUG] [39;1msnarkJS[0m: alphaTauG1: fft 17 join  16/17  2/2 2/8
[36;22m[DEBUG] [39;1msnarkJS[0m: alphaTauG1: fft 17 join  16/17  2/2 5/8
[36;22m[DEBUG] [39;1msnarkJS[0m: alphaTauG1: fft 17 join  16/17  2/2 4/8
[36;22m[DEBUG] [39;1msnarkJS[0m: alphaTauG1: fft 17 join  16/17  1/2 4/8
[36;22m[DEBUG] [39;1msnarkJS[0m: alphaTauG1: fft 17 join  16/17  1/2 6/8
[36;22m[DEBUG] [39;1msnarkJS[0m: alphaTauG1: fft 17 join  16/17  1/2 7/8
[36;22m[DEBUG] [39;1msnarkJS[0m: alphaTauG1: fft 17 join  16/17  1/2 1/8
[36;22m[DEBUG] [39;1msnarkJS[0m: alphaTauG1: fft  17  join: 17/17
[36;22m[DEBUG] [39;1msnarkJS[0m: alphaTauG1: fft 17 join  17/17  1/1 0/16
[36;22m[DEBUG] [39;1msnarkJS[0m: alphaTauG1: fft 17 join  17/17  1/1 11/16
[36;22m[DEBUG] [39;1msnarkJS[0m: alphaTauG1: fft 17 join  17/17  1/1 2/16
[36;22m[DEBUG] [39;1msnarkJS[0m: alphaTauG1: fft 17 join  17/17  1/1 15/16
[36;22m[DEBUG] [39;1msnarkJS[0m: alphaTauG1: fft 17 join  17/17  1/1 3/16
[36;22m[DEBUG] [39;1msnarkJS[0m: alphaTauG1: fft 17 join  17/17  1/1 10/16
[36;22m[DEBUG] [39;1msnarkJS[0m: alphaTauG1: fft 17 join  17/17  1/1 8/16
[36;22m[DEBUG] [39;1msnarkJS[0m: alphaTauG1: fft 17 join  17/17  1/1 13/16
[36;22m[DEBUG] [39;1msnarkJS[0m: alphaTauG1: fft 17 join  17/17  1/1 5/16
[36;22m[DEBUG] [39;1msnarkJS[0m: alphaTauG1: fft 17 join  17/17  1/1 12/16
[36;22m[DEBUG] [39;1msnarkJS[0m: alphaTauG1: fft 17 join  17/17  1/1 14/16
[36;22m[DEBUG] [39;1msnarkJS[0m: alphaTauG1: fft 17 join  17/17  1/1 9/16
[36;22m[DEBUG] [39;1msnarkJS[0m: alphaTauG1: fft 17 join  17/17  1/1 4/16
[36;22m[DEBUG] [39;1msnarkJS[0m: alphaTauG1: fft 17 join  17/17  1/1 6/16
[36;22m[DEBUG] [39;1msnarkJS[0m: alphaTauG1: fft 17 join  17/17  1/1 7/16
[36;22m[DEBUG] [39;1msnarkJS[0m: alphaTauG1: fft 17 join  17/17  1/1 1/16
[36;22m[DEBUG] [39;1msnarkJS[0m: alphaTauG1: fft 18 mix start: 0/32
[36;22m[DEBUG] [39;1msnarkJS[0m: alphaTauG1: fft 18 mix start: 1/32
[36;22m[DEBUG] [39;1msnarkJS[0m: alphaTauG1: fft 18 mix start: 2/32
[36;22m[DEBUG] [39;1msnarkJS[0m: alphaTauG1: fft 18 mix start: 3/32
[36;22m[DEBUG] [39;1msnarkJS[0m: alphaTauG1: fft 18 mix start: 4/32
[36;22m[DEBUG] [39;1msnarkJS[0m: alphaTauG1: fft 18 mix start: 5/32
[36;22m[DEBUG] [39;1msnarkJS[0m: alphaTauG1: fft 18 mix start: 6/32
[36;22m[DEBUG] [39;1msnarkJS[0m: alphaTauG1: fft 18 mix start: 7/32
[36;22m[DEBUG] [39;1msnarkJS[0m: alphaTauG1: fft 18 mix start: 8/32
[36;22m[DEBUG] [39;1msnarkJS[0m: alphaTauG1: fft 18 mix start: 9/32
[36;22m[DEBUG] [39;1msnarkJS[0m: alphaTauG1: fft 18 mix start: 10/32
[36;22m[DEBUG] [39;1msnarkJS[0m: alphaTauG1: fft 18 mix start: 11/32
[36;22m[DEBUG] [39;1msnarkJS[0m: alphaTauG1: fft 18 mix start: 12/32
[36;22m[DEBUG] [39;1msnarkJS[0m: alphaTauG1: fft 18 mix start: 13/32
[36;22m[DEBUG] [39;1msnarkJS[0m: alphaTauG1: fft 18 mix start: 14/32
[36;22m[DEBUG] [39;1msnarkJS[0m: alphaTauG1: fft 18 mix start: 15/32
[36;22m[DEBUG] [39;1msnarkJS[0m: alphaTauG1: fft 18 mix start: 16/32
[36;22m[DEBUG] [39;1msnarkJS[0m: alphaTauG1: fft 18 mix start: 17/32
[36;22m[DEBUG] [39;1msnarkJS[0m: alphaTauG1: fft 18 mix start: 18/32
[36;22m[DEBUG] [39;1msnarkJS[0m: alphaTauG1: fft 18 mix start: 19/32
[36;22m[DEBUG] [39;1msnarkJS[0m: alphaTauG1: fft 18 mix start: 20/32
[36;22m[DEBUG] [39;1msnarkJS[0m: alphaTauG1: fft 18 mix start: 21/32
[36;22m[DEBUG] [39;1msnarkJS[0m: alphaTauG1: fft 18 mix start: 22/32
[36;22m[DEBUG] [39;1msnarkJS[0m: alphaTauG1: fft 18 mix start: 23/32
[36;22m[DEBUG] [39;1msnarkJS[0m: alphaTauG1: fft 18 mix start: 24/32
[36;22m[DEBUG] [39;1msnarkJS[0m: alphaTauG1: fft 18 mix start: 25/32
[36;22m[DEBUG] [39;1msnarkJS[0m: alphaTauG1: fft 18 mix start: 26/32
[36;22m[DEBUG] [39;1msnarkJS[0m: alphaTauG1: fft 18 mix start: 27/32
[36;22m[DEBUG] [39;1msnarkJS[0m: alphaTauG1: fft 18 mix start: 28/32
[36;22m[DEBUG] [39;1msnarkJS[0m: alphaTauG1: fft 18 mix start: 29/32
[36;22m[DEBUG] [39;1msnarkJS[0m: alphaTauG1: fft 18 mix start: 30/32
[36;22m[DEBUG] [39;1msnarkJS[0m: alphaTauG1: fft 18 mix start: 31/32
[36;22m[DEBUG] [39;1msnarkJS[0m: alphaTauG1: fft 18 mix end: 26/32
[36;22m[DEBUG] [39;1msnarkJS[0m: alphaTauG1: fft 18 mix end: 16/32
[36;22m[DEBUG] [39;1msnarkJS[0m: alphaTauG1: fft 18 mix end: 15/32
[36;22m[DEBUG] [39;1msnarkJS[0m: alphaTauG1: fft 18 mix end: 8/32
[36;22m[DEBUG] [39;1msnarkJS[0m: alphaTauG1: fft 18 mix end: 14/32
[36;22m[DEBUG] [39;1msnarkJS[0m: alphaTauG1: fft 18 mix end: 4/32
[36;22m[DEBUG] [39;1msnarkJS[0m: alphaTauG1: fft 18 mix end: 13/32
[36;22m[DEBUG] [39;1msnarkJS[0m: alphaTauG1: fft 18 mix end: 25/32
[36;22m[DEBUG] [39;1msnarkJS[0m: alphaTauG1: fft 18 mix end: 12/32
[36;22m[DEBUG] [39;1msnarkJS[0m: alphaTauG1: fft 18 mix end: 18/32
[36;22m[DEBUG] [39;1msnarkJS[0m: alphaTauG1: fft 18 mix end: 1/32
[36;22m[DEBUG] [39;1msnarkJS[0m: alphaTauG1: fft 18 mix end: 21/32
[36;22m[DEBUG] [39;1msnarkJS[0m: alphaTauG1: fft 18 mix end: 7/32
[36;22m[DEBUG] [39;1msnarkJS[0m: alphaTauG1: fft 18 mix end: 30/32
[36;22m[DEBUG] [39;1msnarkJS[0m: alphaTauG1: fft 18 mix end: 29/32
[36;22m[DEBUG] [39;1msnarkJS[0m: alphaTauG1: fft 18 mix end: 17/32
[36;22m[DEBUG] [39;1msnarkJS[0m: alphaTauG1: fft 18 mix end: 0/32
[36;22m[DEBUG] [39;1msnarkJS[0m: alphaTauG1: fft 18 mix end: 6/32
[36;22m[DEBUG] [39;1msnarkJS[0m: alphaTauG1: fft 18 mix end: 24/32
[36;22m[DEBUG] [39;1msnarkJS[0m: alphaTauG1: fft 18 mix end: 28/32
[36;22m[DEBUG] [39;1msnarkJS[0m: alphaTauG1: fft 18 mix end: 22/32
[36;22m[DEBUG] [39;1msnarkJS[0m: alphaTauG1: fft 18 mix end: 9/32
[36;22m[DEBUG] [39;1msnarkJS[0m: alphaTauG1: fft 18 mix end: 2/32
[36;22m[DEBUG] [39;1msnarkJS[0m: alphaTauG1: fft 18 mix end: 19/32
[36;22m[DEBUG] [39;1msnarkJS[0m: alphaTauG1: fft 18 mix end: 3/32
[36;22m[DEBUG] [39;1msnarkJS[0m: alphaTauG1: fft 18 mix end: 20/32
[36;22m[DEBUG] [39;1msnarkJS[0m: alphaTauG1: fft 18 mix end: 5/32
[36;22m[DEBUG] [39;1msnarkJS[0m: alphaTauG1: fft 18 mix end: 11/32
[36;22m[DEBUG] [39;1msnarkJS[0m: alphaTauG1: fft 18 mix end: 10/32
[36;22m[DEBUG] [39;1msnarkJS[0m: alphaTauG1: fft 18 mix end: 31/32
[36;22m[DEBUG] [39;1msnarkJS[0m: alphaTauG1: fft 18 mix end: 23/32
[36;22m[DEBUG] [39;1msnarkJS[0m: alphaTauG1: fft 18 mix end: 27/32
[36;22m[DEBUG] [39;1msnarkJS[0m: alphaTauG1: fft  18  join: 14/18
[36;22m[DEBUG] [39;1msnarkJS[0m: alphaTauG1: fft 18 join  14/18  12/16 0/1
[36;22m[DEBUG] [39;1msnarkJS[0m: alphaTauG1: fft 18 join  14/18  3/16 0/1
[36;22m[DEBUG] [39;1msnarkJS[0m: alphaTauG1: fft 18 join  14/18  11/16 0/1
[36;22m[DEBUG] [39;1msnarkJS[0m: alphaTauG1: fft 18 join  14/18  13/16 0/1
[36;22m[DEBUG] [39;1msnarkJS[0m: alphaTauG1: fft 18 join  14/18  16/16 0/1
[36;22m[DEBUG] [39;1msnarkJS[0m: alphaTauG1: fft 18 join  14/18  14/16 0/1
[36;22m[DEBUG] [39;1msnarkJS[0m: alphaTauG1: fft 18 join  14/18  6/16 0/1
[36;22m[DEBUG] [39;1msnarkJS[0m: alphaTauG1: fft 18 join  14/18  10/16 0/1
[36;22m[DEBUG] [39;1msnarkJS[0m: alphaTauG1: fft 18 join  14/18  15/16 0/1
[36;22m[DEBUG] [39;1msnarkJS[0m: alphaTauG1: fft 18 join  14/18  1/16 0/1
[36;22m[DEBUG] [39;1msnarkJS[0m: alphaTauG1: fft 18 join  14/18  5/16 0/1
[36;22m[DEBUG] [39;1msnarkJS[0m: alphaTauG1: fft 18 join  14/18  4/16 0/1
[36;22m[DEBUG] [39;1msnarkJS[0m: alphaTauG1: fft 18 join  14/18  9/16 0/1
[36;22m[DEBUG] [39;1msnarkJS[0m: alphaTauG1: fft 18 join  14/18  7/16 0/1
[36;22m[DEBUG] [39;1msnarkJS[0m: alphaTauG1: fft 18 join  14/18  8/16 0/1
[36;22m[DEBUG] [39;1msnarkJS[0m: alphaTauG1: fft 18 join  14/18  2/16 0/1
[36;22m[DEBUG] [39;1msnarkJS[0m: alphaTauG1: fft  18  join: 15/18
[36;22m[DEBUG] [39;1msnarkJS[0m: alphaTauG1: fft 18 join  15/18  2/8 1/2
[36;22m[DEBUG] [39;1msnarkJS[0m: alphaTauG1: fft 18 join  15/18  7/8 0/2
[36;22m[DEBUG] [39;1msnarkJS[0m: alphaTauG1: fft 18 join  15/18  6/8 0/2
[36;22m[DEBUG] [39;1msnarkJS[0m: alphaTauG1: fft 18 join  15/18  5/8 1/2
[36;22m[DEBUG] [39;1msnarkJS[0m: alphaTauG1: fft 18 join  15/18  3/8 1/2
[36;22m[DEBUG] [39;1msnarkJS[0m: alphaTauG1: fft 18 join  15/18  7/8 1/2
[36;22m[DEBUG] [39;1msnarkJS[0m: alphaTauG1: fft 18 join  15/18  6/8 1/2
[36;22m[DEBUG] [39;1msnarkJS[0m: alphaTauG1: fft 18 join  15/18  8/8 0/2
[36;22m[DEBUG] [39;1msnarkJS[0m: alphaTauG1: fft 18 join  15/18  8/8 1/2
[36;22m[DEBUG] [39;1msnarkJS[0m: alphaTauG1: fft 18 join  15/18  1/8 0/2
[36;22m[DEBUG] [39;1msnarkJS[0m: alphaTauG1: fft 18 join  15/18  2/8 0/2
[36;22m[DEBUG] [39;1msnarkJS[0m: alphaTauG1: fft 18 join  15/18  3/8 0/2
[36;22m[DEBUG] [39;1msnarkJS[0m: alphaTauG1: fft 18 join  15/18  5/8 0/2
[36;22m[DEBUG] [39;1msnarkJS[0m: alphaTauG1: fft 18 join  15/18  4/8 0/2
[36;22m[DEBUG] [39;1msnarkJS[0m: alphaTauG1: fft 18 join  15/18  4/8 1/2
[36;22m[DEBUG] [39;1msnarkJS[0m: alphaTauG1: fft 18 join  15/18  1/8 1/2
[36;22m[DEBUG] [39;1msnarkJS[0m: alphaTauG1: fft  18  join: 16/18
[36;22m[DEBUG] [39;1msnarkJS[0m: alphaTauG1: fft 18 join  16/18  3/4 3/4
[36;22m[DEBUG] [39;1msnarkJS[0m: alphaTauG1: fft 18 join  16/18  4/4 3/4
[36;22m[DEBUG] [39;1msnarkJS[0m: alphaTauG1: fft 18 join  16/18  3/4 2/4
[36;22m[DEBUG] [39;1msnarkJS[0m: alphaTauG1: fft 18 join  16/18  3/4 1/4
[36;22m[DEBUG] [39;1msnarkJS[0m: alphaTauG1: fft 18 join  16/18  4/4 2/4
[36;22m[DEBUG] [39;1msnarkJS[0m: alphaTauG1: fft 18 join  16/18  4/4 1/4
[36;22m[DEBUG] [39;1msnarkJS[0m: alphaTauG1: fft 18 join  16/18  4/4 0/4
[36;22m[DEBUG] [39;1msnarkJS[0m: alphaTauG1: fft 18 join  16/18  2/4 1/4
[36;22m[DEBUG] [39;1msnarkJS[0m: alphaTauG1: fft 18 join  16/18  1/4 0/4
[36;22m[DEBUG] [39;1msnarkJS[0m: alphaTauG1: fft 18 join  16/18  3/4 0/4
[36;22m[DEBUG] [39;1msnarkJS[0m: alphaTauG1: fft 18 join  16/18  1/4 2/4
[36;22m[DEBUG] [39;1msnarkJS[0m: alphaTauG1: fft 18 join  16/18  2/4 0/4
[36;22m[DEBUG] [39;1msnarkJS[0m: alphaTauG1: fft 18 join  16/18  2/4 2/4
[36;22m[DEBUG] [39;1msnarkJS[0m: alphaTauG1: fft 18 join  16/18  1/4 3/4
[36;22m[DEBUG] [39;1msnarkJS[0m: alphaTauG1: fft 18 join  16/18  1/4 1/4
[36;22m[DEBUG] [39;1msnarkJS[0m: alphaTauG1: fft 18 join  16/18  2/4 3/4
[36;22m[DEBUG] [39;1msnarkJS[0m: alphaTauG1: fft  18  join: 17/18
[36;22m[DEBUG] [39;1msnarkJS[0m: alphaTauG1: fft 18 join  17/18  2/2 3/8
[36;22m[DEBUG] [39;1msnarkJS[0m: alphaTauG1: fft 18 join  17/18  1/2 3/8
[36;22m[DEBUG] [39;1msnarkJS[0m: alphaTauG1: fft 18 join  17/18  2/2 4/8
[36;22m[DEBUG] [39;1msnarkJS[0m: alphaTauG1: fft 18 join  17/18  1/2 0/8
[36;22m[DEBUG] [39;1msnarkJS[0m: alphaTauG1: fft 18 join  17/18  2/2 2/8
[36;22m[DEBUG] [39;1msnarkJS[0m: alphaTauG1: fft 18 join  17/18  2/2 7/8
[36;22m[DEBUG] [39;1msnarkJS[0m: alphaTauG1: fft 18 join  17/18  1/2 5/8
[36;22m[DEBUG] [39;1msnarkJS[0m: alphaTauG1: fft 18 join  17/18  2/2 1/8
[36;22m[DEBUG] [39;1msnarkJS[0m: alphaTauG1: fft 18 join  17/18  2/2 6/8
[36;22m[DEBUG] [39;1msnarkJS[0m: alphaTauG1: fft 18 join  17/18  2/2 5/8
[36;22m[DEBUG] [39;1msnarkJS[0m: alphaTauG1: fft 18 join  17/18  1/2 2/8
[36;22m[DEBUG] [39;1msnarkJS[0m: alphaTauG1: fft 18 join  17/18  1/2 4/8
[36;22m[DEBUG] [39;1msnarkJS[0m: alphaTauG1: fft 18 join  17/18  2/2 0/8
[36;22m[DEBUG] [39;1msnarkJS[0m: alphaTauG1: fft 18 join  17/18  1/2 6/8
[36;22m[DEBUG] [39;1msnarkJS[0m: alphaTauG1: fft 18 join  17/18  1/2 7/8
[36;22m[DEBUG] [39;1msnarkJS[0m: alphaTauG1: fft 18 join  17/18  1/2 1/8
[36;22m[DEBUG] [39;1msnarkJS[0m: alphaTauG1: fft  18  join: 18/18
[36;22m[DEBUG] [39;1msnarkJS[0m: alphaTauG1: fft 18 join  18/18  1/1 11/16
[36;22m[DEBUG] [39;1msnarkJS[0m: alphaTauG1: fft 18 join  18/18  1/1 5/16
[36;22m[DEBUG] [39;1msnarkJS[0m: alphaTauG1: fft 18 join  18/18  1/1 15/16
[36;22m[DEBUG] [39;1msnarkJS[0m: alphaTauG1: fft 18 join  18/18  1/1 13/16
[36;22m[DEBUG] [39;1msnarkJS[0m: alphaTauG1: fft 18 join  18/18  1/1 10/16
[36;22m[DEBUG] [39;1msnarkJS[0m: alphaTauG1: fft 18 join  18/18  1/1 0/16
[36;22m[DEBUG] [39;1msnarkJS[0m: alphaTauG1: fft 18 join  18/18  1/1 14/16
[36;22m[DEBUG] [39;1msnarkJS[0m: alphaTauG1: fft 18 join  18/18  1/1 9/16
[36;22m[DEBUG] [39;1msnarkJS[0m: alphaTauG1: fft 18 join  18/18  1/1 3/16
[36;22m[DEBUG] [39;1msnarkJS[0m: alphaTauG1: fft 18 join  18/18  1/1 12/16
[36;22m[DEBUG] [39;1msnarkJS[0m: alphaTauG1: fft 18 join  18/18  1/1 2/16
[36;22m[DEBUG] [39;1msnarkJS[0m: alphaTauG1: fft 18 join  18/18  1/1 8/16
[36;22m[DEBUG] [39;1msnarkJS[0m: alphaTauG1: fft 18 join  18/18  1/1 4/16
[36;22m[DEBUG] [39;1msnarkJS[0m: alphaTauG1: fft 18 join  18/18  1/1 6/16
[36;22m[DEBUG] [39;1msnarkJS[0m: alphaTauG1: fft 18 join  18/18  1/1 7/16
[36;22m[DEBUG] [39;1msnarkJS[0m: alphaTauG1: fft 18 join  18/18  1/1 1/16
[36;22m[DEBUG] [39;1msnarkJS[0m: Starting section: betaTauG1
[36;22m[DEBUG] [39;1msnarkJS[0m: betaTauG1: fft 0 mix start: 0/1
[36;22m[DEBUG] [39;1msnarkJS[0m: betaTauG1: fft 0 mix end: 0/1
[36;22m[DEBUG] [39;1msnarkJS[0m: betaTauG1: fft 1 mix start: 0/1
[36;22m[DEBUG] [39;1msnarkJS[0m: betaTauG1: fft 1 mix end: 0/1
[36;22m[DEBUG] [39;1msnarkJS[0m: betaTauG1: fft 2 mix start: 0/1
[36;22m[DEBUG] [39;1msnarkJS[0m: betaTauG1: fft 2 mix end: 0/1
[36;22m[DEBUG] [39;1msnarkJS[0m: betaTauG1: fft 3 mix start: 0/1
[36;22m[DEBUG] [39;1msnarkJS[0m: betaTauG1: fft 3 mix end: 0/1
[36;22m[DEBUG] [39;1msnarkJS[0m: betaTauG1: fft 4 mix start: 0/2
[36;22m[DEBUG] [39;1msnarkJS[0m: betaTauG1: fft 4 mix start: 1/2
[36;22m[DEBUG] [39;1msnarkJS[0m: betaTauG1: fft 4 mix end: 0/2
[36;22m[DEBUG] [39;1msnarkJS[0m: betaTauG1: fft 4 mix end: 1/2
[36;22m[DEBUG] [39;1msnarkJS[0m: betaTauG1: fft  4  join: 4/4
[36;22m[DEBUG] [39;1msnarkJS[0m: betaTauG1: fft 4 join  4/4  1/1 0/1
[36;22m[DEBUG] [39;1msnarkJS[0m: betaTauG1: fft 5 mix start: 0/4
[36;22m[DEBUG] [39;1msnarkJS[0m: betaTauG1: fft 5 mix start: 1/4
[36;22m[DEBUG] [39;1msnarkJS[0m: betaTauG1: fft 5 mix start: 2/4
[36;22m[DEBUG] [39;1msnarkJS[0m: betaTauG1: fft 5 mix start: 3/4
[36;22m[DEBUG] [39;1msnarkJS[0m: betaTauG1: fft 5 mix end: 0/4
[36;22m[DEBUG] [39;1msnarkJS[0m: betaTauG1: fft 5 mix end: 1/4
[36;22m[DEBUG] [39;1msnarkJS[0m: betaTauG1: fft 5 mix end: 3/4
[36;22m[DEBUG] [39;1msnarkJS[0m: betaTauG1: fft 5 mix end: 2/4
[36;22m[DEBUG] [39;1msnarkJS[0m: betaTauG1: fft  5  join: 4/5
[36;22m[DEBUG] [39;1msnarkJS[0m: betaTauG1: fft 5 join  4/5  1/2 0/1
[36;22m[DEBUG] [39;1msnarkJS[0m: betaTauG1: fft 5 join  4/5  2/2 0/1
[36;22m[DEBUG] [39;1msnarkJS[0m: betaTauG1: fft  5  join: 5/5
[36;22m[DEBUG] [39;1msnarkJS[0m: betaTauG1: fft 5 join  5/5  1/1 0/2
[36;22m[DEBUG] [39;1msnarkJS[0m: betaTauG1: fft 5 join  5/5  1/1 1/2
[36;22m[DEBUG] [39;1msnarkJS[0m: betaTauG1: fft 6 mix start: 0/8
[36;22m[DEBUG] [39;1msnarkJS[0m: betaTauG1: fft 6 mix start: 1/8
[36;22m[DEBUG] [39;1msnarkJS[0m: betaTauG1: fft 6 mix start: 2/8
[36;22m[DEBUG] [39;1msnarkJS[0m: betaTauG1: fft 6 mix start: 3/8
[36;22m[DEBUG] [39;1msnarkJS[0m: betaTauG1: fft 6 mix start: 4/8
[36;22m[DEBUG] [39;1msnarkJS[0m: betaTauG1: fft 6 mix start: 5/8
[36;22m[DEBUG] [39;1msnarkJS[0m: betaTauG1: fft 6 mix start: 6/8
[36;22m[DEBUG] [39;1msnarkJS[0m: betaTauG1: fft 6 mix start: 7/8
[36;22m[DEBUG] [39;1msnarkJS[0m: betaTauG1: fft 6 mix end: 0/8
[36;22m[DEBUG] [39;1msnarkJS[0m: betaTauG1: fft 6 mix end: 1/8
[36;22m[DEBUG] [39;1msnarkJS[0m: betaTauG1: fft 6 mix end: 3/8
[36;22m[DEBUG] [39;1msnarkJS[0m: betaTauG1: fft 6 mix end: 5/8
[36;22m[DEBUG] [39;1msnarkJS[0m: betaTauG1: fft 6 mix end: 7/8
[36;22m[DEBUG] [39;1msnarkJS[0m: betaTauG1: fft 6 mix end: 6/8
[36;22m[DEBUG] [39;1msnarkJS[0m: betaTauG1: fft 6 mix end: 2/8
[36;22m[DEBUG] [39;1msnarkJS[0m: betaTauG1: fft 6 mix end: 4/8
[36;22m[DEBUG] [39;1msnarkJS[0m: betaTauG1: fft  6  join: 4/6
[36;22m[DEBUG] [39;1msnarkJS[0m: betaTauG1: fft 6 join  4/6  1/4 0/1
[36;22m[DEBUG] [39;1msnarkJS[0m: betaTauG1: fft 6 join  4/6  2/4 0/1
[36;22m[DEBUG] [39;1msnarkJS[0m: betaTauG1: fft 6 join  4/6  3/4 0/1
[36;22m[DEBUG] [39;1msnarkJS[0m: betaTauG1: fft 6 join  4/6  4/4 0/1
[36;22m[DEBUG] [39;1msnarkJS[0m: betaTauG1: fft  6  join: 5/6
[36;22m[DEBUG] [39;1msnarkJS[0m: betaTauG1: fft 6 join  5/6  1/2 0/2
[36;22m[DEBUG] [39;1msnarkJS[0m: betaTauG1: fft 6 join  5/6  2/2 0/2
[36;22m[DEBUG] [39;1msnarkJS[0m: betaTauG1: fft 6 join  5/6  1/2 1/2
[36;22m[DEBUG] [39;1msnarkJS[0m: betaTauG1: fft 6 join  5/6  2/2 1/2
[36;22m[DEBUG] [39;1msnarkJS[0m: betaTauG1: fft  6  join: 6/6
[36;22m[DEBUG] [39;1msnarkJS[0m: betaTauG1: fft 6 join  6/6  1/1 0/4
[36;22m[DEBUG] [39;1msnarkJS[0m: betaTauG1: fft 6 join  6/6  1/1 2/4
[36;22m[DEBUG] [39;1msnarkJS[0m: betaTauG1: fft 6 join  6/6  1/1 3/4
[36;22m[DEBUG] [39;1msnarkJS[0m: betaTauG1: fft 6 join  6/6  1/1 1/4
[36;22m[DEBUG] [39;1msnarkJS[0m: betaTauG1: fft 7 mix start: 0/16
[36;22m[DEBUG] [39;1msnarkJS[0m: betaTauG1: fft 7 mix start: 1/16
[36;22m[DEBUG] [39;1msnarkJS[0m: betaTauG1: fft 7 mix start: 2/16
[36;22m[DEBUG] [39;1msnarkJS[0m: betaTauG1: fft 7 mix start: 3/16
[36;22m[DEBUG] [39;1msnarkJS[0m: betaTauG1: fft 7 mix start: 4/16
[36;22m[DEBUG] [39;1msnarkJS[0m: betaTauG1: fft 7 mix start: 5/16
[36;22m[DEBUG] [39;1msnarkJS[0m: betaTauG1: fft 7 mix start: 6/16
[36;22m[DEBUG] [39;1msnarkJS[0m: betaTauG1: fft 7 mix start: 7/16
[36;22m[DEBUG] [39;1msnarkJS[0m: betaTauG1: fft 7 mix start: 8/16
[36;22m[DEBUG] [39;1msnarkJS[0m: betaTauG1: fft 7 mix start: 9/16
[36;22m[DEBUG] [39;1msnarkJS[0m: betaTauG1: fft 7 mix start: 10/16
[36;22m[DEBUG] [39;1msnarkJS[0m: betaTauG1: fft 7 mix start: 11/16
[36;22m[DEBUG] [39;1msnarkJS[0m: betaTauG1: fft 7 mix start: 12/16
[36;22m[DEBUG] [39;1msnarkJS[0m: betaTauG1: fft 7 mix start: 13/16
[36;22m[DEBUG] [39;1msnarkJS[0m: betaTauG1: fft 7 mix start: 14/16
[36;22m[DEBUG] [39;1msnarkJS[0m: betaTauG1: fft 7 mix start: 15/16
[36;22m[DEBUG] [39;1msnarkJS[0m: betaTauG1: fft 7 mix end: 0/16
[36;22m[DEBUG] [39;1msnarkJS[0m: betaTauG1: fft 7 mix end: 2/16
[36;22m[DEBUG] [39;1msnarkJS[0m: betaTauG1: fft 7 mix end: 3/16
[36;22m[DEBUG] [39;1msnarkJS[0m: betaTauG1: fft 7 mix end: 1/16
[36;22m[DEBUG] [39;1msnarkJS[0m: betaTauG1: fft 7 mix end: 4/16
[36;22m[DEBUG] [39;1msnarkJS[0m: betaTauG1: fft 7 mix end: 5/16
[36;22m[DEBUG] [39;1msnarkJS[0m: betaTauG1: fft 7 mix end: 6/16
[36;22m[DEBUG] [39;1msnarkJS[0m: betaTauG1: fft 7 mix end: 7/16
[36;22m[DEBUG] [39;1msnarkJS[0m: betaTauG1: fft 7 mix end: 8/16
[36;22m[DEBUG] [39;1msnarkJS[0m: betaTauG1: fft 7 mix end: 9/16
[36;22m[DEBUG] [39;1msnarkJS[0m: betaTauG1: fft 7 mix end: 10/16
[36;22m[DEBUG] [39;1msnarkJS[0m: betaTauG1: fft 7 mix end: 11/16
[36;22m[DEBUG] [39;1msnarkJS[0m: betaTauG1: fft 7 mix end: 12/16
[36;22m[DEBUG] [39;1msnarkJS[0m: betaTauG1: fft 7 mix end: 13/16
[36;22m[DEBUG] [39;1msnarkJS[0m: betaTauG1: fft 7 mix end: 14/16
[36;22m[DEBUG] [39;1msnarkJS[0m: betaTauG1: fft 7 mix end: 15/16
[36;22m[DEBUG] [39;1msnarkJS[0m: betaTauG1: fft  7  join: 4/7
[36;22m[DEBUG] [39;1msnarkJS[0m: betaTauG1: fft 7 join  4/7  1/8 0/1
[36;22m[DEBUG] [39;1msnarkJS[0m: betaTauG1: fft 7 join  4/7  3/8 0/1
[36;22m[DEBUG] [39;1msnarkJS[0m: betaTauG1: fft 7 join  4/7  4/8 0/1
[36;22m[DEBUG] [39;1msnarkJS[0m: betaTauG1: fft 7 join  4/7  5/8 0/1
[36;22m[DEBUG] [39;1msnarkJS[0m: betaTauG1: fft 7 join  4/7  6/8 0/1
[36;22m[DEBUG] [39;1msnarkJS[0m: betaTauG1: fft 7 join  4/7  2/8 0/1
[36;22m[DEBUG] [39;1msnarkJS[0m: betaTauG1: fft 7 join  4/7  8/8 0/1
[36;22m[DEBUG] [39;1msnarkJS[0m: betaTauG1: fft 7 join  4/7  7/8 0/1
[36;22m[DEBUG] [39;1msnarkJS[0m: betaTauG1: fft  7  join: 5/7
[36;22m[DEBUG] [39;1msnarkJS[0m: betaTauG1: fft 7 join  5/7  1/4 0/2
[36;22m[DEBUG] [39;1msnarkJS[0m: betaTauG1: fft 7 join  5/7  2/4 0/2
[36;22m[DEBUG] [39;1msnarkJS[0m: betaTauG1: fft 7 join  5/7  3/4 0/2
[36;22m[DEBUG] [39;1msnarkJS[0m: betaTauG1: fft 7 join  5/7  4/4 0/2
[36;22m[DEBUG] [39;1msnarkJS[0m: betaTauG1: fft 7 join  5/7  2/4 1/2
[36;22m[DEBUG] [39;1msnarkJS[0m: betaTauG1: fft 7 join  5/7  3/4 1/2
[36;22m[DEBUG] [39;1msnarkJS[0m: betaTauG1: fft 7 join  5/7  1/4 1/2
[36;22m[DEBUG] [39;1msnarkJS[0m: betaTauG1: fft 7 join  5/7  4/4 1/2
[36;22m[DEBUG] [39;1msnarkJS[0m: betaTauG1: fft  7  join: 6/7
[36;22m[DEBUG] [39;1msnarkJS[0m: betaTauG1: fft 7 join  6/7  1/2 0/4
[36;22m[DEBUG] [39;1msnarkJS[0m: betaTauG1: fft 7 join  6/7  2/2 0/4
[36;22m[DEBUG] [39;1msnarkJS[0m: betaTauG1: fft 7 join  6/7  1/2 2/4
[36;22m[DEBUG] [39;1msnarkJS[0m: betaTauG1: fft 7 join  6/7  1/2 1/4
[36;22m[DEBUG] [39;1msnarkJS[0m: betaTauG1: fft 7 join  6/7  1/2 3/4
[36;22m[DEBUG] [39;1msnarkJS[0m: betaTauG1: fft 7 join  6/7  2/2 1/4
[36;22m[DEBUG] [39;1msnarkJS[0m: betaTauG1: fft 7 join  6/7  2/2 2/4
[36;22m[DEBUG] [39;1msnarkJS[0m: betaTauG1: fft 7 join  6/7  2/2 3/4
[36;22m[DEBUG] [39;1msnarkJS[0m: betaTauG1: fft  7  join: 7/7
[36;22m[DEBUG] [39;1msnarkJS[0m: betaTauG1: fft 7 join  7/7  1/1 0/8
[36;22m[DEBUG] [39;1msnarkJS[0m: betaTauG1: fft 7 join  7/7  1/1 2/8
[36;22m[DEBUG] [39;1msnarkJS[0m: betaTauG1: fft 7 join  7/7  1/1 5/8
[36;22m[DEBUG] [39;1msnarkJS[0m: betaTauG1: fft 7 join  7/7  1/1 3/8
[36;22m[DEBUG] [39;1msnarkJS[0m: betaTauG1: fft 7 join  7/7  1/1 4/8
[36;22m[DEBUG] [39;1msnarkJS[0m: betaTauG1: fft 7 join  7/7  1/1 1/8
[36;22m[DEBUG] [39;1msnarkJS[0m: betaTauG1: fft 7 join  7/7  1/1 7/8
[36;22m[DEBUG] [39;1msnarkJS[0m: betaTauG1: fft 7 join  7/7  1/1 6/8
[36;22m[DEBUG] [39;1msnarkJS[0m: betaTauG1: fft 8 mix start: 0/32
[36;22m[DEBUG] [39;1msnarkJS[0m: betaTauG1: fft 8 mix start: 1/32
[36;22m[DEBUG] [39;1msnarkJS[0m: betaTauG1: fft 8 mix start: 2/32
[36;22m[DEBUG] [39;1msnarkJS[0m: betaTauG1: fft 8 mix start: 3/32
[36;22m[DEBUG] [39;1msnarkJS[0m: betaTauG1: fft 8 mix start: 4/32
[36;22m[DEBUG] [39;1msnarkJS[0m: betaTauG1: fft 8 mix start: 5/32
[36;22m[DEBUG] [39;1msnarkJS[0m: betaTauG1: fft 8 mix start: 6/32
[36;22m[DEBUG] [39;1msnarkJS[0m: betaTauG1: fft 8 mix start: 7/32
[36;22m[DEBUG] [39;1msnarkJS[0m: betaTauG1: fft 8 mix start: 8/32
[36;22m[DEBUG] [39;1msnarkJS[0m: betaTauG1: fft 8 mix start: 9/32
[36;22m[DEBUG] [39;1msnarkJS[0m: betaTauG1: fft 8 mix start: 10/32
[36;22m[DEBUG] [39;1msnarkJS[0m: betaTauG1: fft 8 mix start: 11/32
[36;22m[DEBUG] [39;1msnarkJS[0m: betaTauG1: fft 8 mix start: 12/32
[36;22m[DEBUG] [39;1msnarkJS[0m: betaTauG1: fft 8 mix start: 13/32
[36;22m[DEBUG] [39;1msnarkJS[0m: betaTauG1: fft 8 mix start: 14/32
[36;22m[DEBUG] [39;1msnarkJS[0m: betaTauG1: fft 8 mix start: 15/32
[36;22m[DEBUG] [39;1msnarkJS[0m: betaTauG1: fft 8 mix start: 16/32
[36;22m[DEBUG] [39;1msnarkJS[0m: betaTauG1: fft 8 mix start: 17/32
[36;22m[DEBUG] [39;1msnarkJS[0m: betaTauG1: fft 8 mix start: 18/32
[36;22m[DEBUG] [39;1msnarkJS[0m: betaTauG1: fft 8 mix start: 19/32
[36;22m[DEBUG] [39;1msnarkJS[0m: betaTauG1: fft 8 mix start: 20/32
[36;22m[DEBUG] [39;1msnarkJS[0m: betaTauG1: fft 8 mix start: 21/32
[36;22m[DEBUG] [39;1msnarkJS[0m: betaTauG1: fft 8 mix start: 22/32
[36;22m[DEBUG] [39;1msnarkJS[0m: betaTauG1: fft 8 mix start: 23/32
[36;22m[DEBUG] [39;1msnarkJS[0m: betaTauG1: fft 8 mix start: 24/32
[36;22m[DEBUG] [39;1msnarkJS[0m: betaTauG1: fft 8 mix start: 25/32
[36;22m[DEBUG] [39;1msnarkJS[0m: betaTauG1: fft 8 mix start: 26/32
[36;22m[DEBUG] [39;1msnarkJS[0m: betaTauG1: fft 8 mix start: 27/32
[36;22m[DEBUG] [39;1msnarkJS[0m: betaTauG1: fft 8 mix start: 28/32
[36;22m[DEBUG] [39;1msnarkJS[0m: betaTauG1: fft 8 mix start: 29/32
[36;22m[DEBUG] [39;1msnarkJS[0m: betaTauG1: fft 8 mix start: 30/32
[36;22m[DEBUG] [39;1msnarkJS[0m: betaTauG1: fft 8 mix start: 31/32
[36;22m[DEBUG] [39;1msnarkJS[0m: betaTauG1: fft 8 mix end: 2/32
[36;22m[DEBUG] [39;1msnarkJS[0m: betaTauG1: fft 8 mix end: 3/32
[36;22m[DEBUG] [39;1msnarkJS[0m: betaTauG1: fft 8 mix end: 4/32
[36;22m[DEBUG] [39;1msnarkJS[0m: betaTauG1: fft 8 mix end: 7/32
[36;22m[DEBUG] [39;1msnarkJS[0m: betaTauG1: fft 8 mix end: 8/32
[36;22m[DEBUG] [39;1msnarkJS[0m: betaTauG1: fft 8 mix end: 9/32
[36;22m[DEBUG] [39;1msnarkJS[0m: betaTauG1: fft 8 mix end: 1/32
[36;22m[DEBUG] [39;1msnarkJS[0m: betaTauG1: fft 8 mix end: 15/32
[36;22m[DEBUG] [39;1msnarkJS[0m: betaTauG1: fft 8 mix end: 0/32
[36;22m[DEBUG] [39;1msnarkJS[0m: betaTauG1: fft 8 mix end: 16/32
[36;22m[DEBUG] [39;1msnarkJS[0m: betaTauG1: fft 8 mix end: 18/32
[36;22m[DEBUG] [39;1msnarkJS[0m: betaTauG1: fft 8 mix end: 19/32
[36;22m[DEBUG] [39;1msnarkJS[0m: betaTauG1: fft 8 mix end: 5/32
[36;22m[DEBUG] [39;1msnarkJS[0m: betaTauG1: fft 8 mix end: 6/32
[36;22m[DEBUG] [39;1msnarkJS[0m: betaTauG1: fft 8 mix end: 20/32
[36;22m[DEBUG] [39;1msnarkJS[0m: betaTauG1: fft 8 mix end: 28/32
[36;22m[DEBUG] [39;1msnarkJS[0m: betaTauG1: fft 8 mix end: 10/32
[36;22m[DEBUG] [39;1msnarkJS[0m: betaTauG1: fft 8 mix end: 14/32
[36;22m[DEBUG] [39;1msnarkJS[0m: betaTauG1: fft 8 mix end: 17/32
[36;22m[DEBUG] [39;1msnarkJS[0m: betaTauG1: fft 8 mix end: 23/32
[36;22m[DEBUG] [39;1msnarkJS[0m: betaTauG1: fft 8 mix end: 12/32
[36;22m[DEBUG] [39;1msnarkJS[0m: betaTauG1: fft 8 mix end: 13/32
[36;22m[DEBUG] [39;1msnarkJS[0m: betaTauG1: fft 8 mix end: 27/32
[36;22m[DEBUG] [39;1msnarkJS[0m: betaTauG1: fft 8 mix end: 31/32
[36;22m[DEBUG] [39;1msnarkJS[0m: betaTauG1: fft 8 mix end: 11/32
[36;22m[DEBUG] [39;1msnarkJS[0m: betaTauG1: fft 8 mix end: 30/32
[36;22m[DEBUG] [39;1msnarkJS[0m: betaTauG1: fft 8 mix end: 21/32
[36;22m[DEBUG] [39;1msnarkJS[0m: betaTauG1: fft 8 mix end: 22/32
[36;22m[DEBUG] [39;1msnarkJS[0m: betaTauG1: fft 8 mix end: 25/32
[36;22m[DEBUG] [39;1msnarkJS[0m: betaTauG1: fft 8 mix end: 29/32
[36;22m[DEBUG] [39;1msnarkJS[0m: betaTauG1: fft 8 mix end: 24/32
[36;22m[DEBUG] [39;1msnarkJS[0m: betaTauG1: fft 8 mix end: 26/32
[36;22m[DEBUG] [39;1msnarkJS[0m: betaTauG1: fft  8  join: 4/8
[36;22m[DEBUG] [39;1msnarkJS[0m: betaTauG1: fft 8 join  4/8  1/16 0/1
[36;22m[DEBUG] [39;1msnarkJS[0m: betaTauG1: fft 8 join  4/8  2/16 0/1
[36;22m[DEBUG] [39;1msnarkJS[0m: betaTauG1: fft 8 join  4/8  4/16 0/1
[36;22m[DEBUG] [39;1msnarkJS[0m: betaTauG1: fft 8 join  4/8  6/16 0/1
[36;22m[DEBUG] [39;1msnarkJS[0m: betaTauG1: fft 8 join  4/8  7/16 0/1
[36;22m[DEBUG] [39;1msnarkJS[0m: betaTauG1: fft 8 join  4/8  11/16 0/1
[36;22m[DEBUG] [39;1msnarkJS[0m: betaTauG1: fft 8 join  4/8  13/16 0/1
[36;22m[DEBUG] [39;1msnarkJS[0m: betaTauG1: fft 8 join  4/8  14/16 0/1
[36;22m[DEBUG] [39;1msnarkJS[0m: betaTauG1: fft 8 join  4/8  15/16 0/1
[36;22m[DEBUG] [39;1msnarkJS[0m: betaTauG1: fft 8 join  4/8  16/16 0/1
[36;22m[DEBUG] [39;1msnarkJS[0m: betaTauG1: fft 8 join  4/8  3/16 0/1
[36;22m[DEBUG] [39;1msnarkJS[0m: betaTauG1: fft 8 join  4/8  5/16 0/1
[36;22m[DEBUG] [39;1msnarkJS[0m: betaTauG1: fft 8 join  4/8  8/16 0/1
[36;22m[DEBUG] [39;1msnarkJS[0m: betaTauG1: fft 8 join  4/8  9/16 0/1
[36;22m[DEBUG] [39;1msnarkJS[0m: betaTauG1: fft 8 join  4/8  12/16 0/1
[36;22m[DEBUG] [39;1msnarkJS[0m: betaTauG1: fft 8 join  4/8  10/16 0/1
[36;22m[DEBUG] [39;1msnarkJS[0m: betaTauG1: fft  8  join: 5/8
[36;22m[DEBUG] [39;1msnarkJS[0m: betaTauG1: fft 8 join  5/8  1/8 0/2
[36;22m[DEBUG] [39;1msnarkJS[0m: betaTauG1: fft 8 join  5/8  2/8 0/2
[36;22m[DEBUG] [39;1msnarkJS[0m: betaTauG1: fft 8 join  5/8  3/8 0/2
[36;22m[DEBUG] [39;1msnarkJS[0m: betaTauG1: fft 8 join  5/8  4/8 0/2
[36;22m[DEBUG] [39;1msnarkJS[0m: betaTauG1: fft 8 join  5/8  6/8 0/2
[36;22m[DEBUG] [39;1msnarkJS[0m: betaTauG1: fft 8 join  5/8  7/8 0/2
[36;22m[DEBUG] [39;1msnarkJS[0m: betaTauG1: fft 8 join  5/8  5/8 0/2
[36;22m[DEBUG] [39;1msnarkJS[0m: betaTauG1: fft 8 join  5/8  8/8 0/2
[36;22m[DEBUG] [39;1msnarkJS[0m: betaTauG1: fft 8 join  5/8  2/8 1/2
[36;22m[DEBUG] [39;1msnarkJS[0m: betaTauG1: fft 8 join  5/8  3/8 1/2
[36;22m[DEBUG] [39;1msnarkJS[0m: betaTauG1: fft 8 join  5/8  1/8 1/2
[36;22m[DEBUG] [39;1msnarkJS[0m: betaTauG1: fft 8 join  5/8  4/8 1/2
[36;22m[DEBUG] [39;1msnarkJS[0m: betaTauG1: fft 8 join  5/8  5/8 1/2
[36;22m[DEBUG] [39;1msnarkJS[0m: betaTauG1: fft 8 join  5/8  6/8 1/2
[36;22m[DEBUG] [39;1msnarkJS[0m: betaTauG1: fft 8 join  5/8  7/8 1/2
[36;22m[DEBUG] [39;1msnarkJS[0m: betaTauG1: fft 8 join  5/8  8/8 1/2
[36;22m[DEBUG] [39;1msnarkJS[0m: betaTauG1: fft  8  join: 6/8
[36;22m[DEBUG] [39;1msnarkJS[0m: betaTauG1: fft 8 join  6/8  1/4 0/4
[36;22m[DEBUG] [39;1msnarkJS[0m: betaTauG1: fft 8 join  6/8  2/4 0/4
[36;22m[DEBUG] [39;1msnarkJS[0m: betaTauG1: fft 8 join  6/8  3/4 0/4
[36;22m[DEBUG] [39;1msnarkJS[0m: betaTauG1: fft 8 join  6/8  4/4 0/4
[36;22m[DEBUG] [39;1msnarkJS[0m: betaTauG1: fft 8 join  6/8  1/4 2/4
[36;22m[DEBUG] [39;1msnarkJS[0m: betaTauG1: fft 8 join  6/8  1/4 1/4
[36;22m[DEBUG] [39;1msnarkJS[0m: betaTauG1: fft 8 join  6/8  1/4 3/4
[36;22m[DEBUG] [39;1msnarkJS[0m: betaTauG1: fft 8 join  6/8  2/4 1/4
[36;22m[DEBUG] [39;1msnarkJS[0m: betaTauG1: fft 8 join  6/8  2/4 2/4
[36;22m[DEBUG] [39;1msnarkJS[0m: betaTauG1: fft 8 join  6/8  3/4 1/4
[36;22m[DEBUG] [39;1msnarkJS[0m: betaTauG1: fft 8 join  6/8  3/4 2/4
[36;22m[DEBUG] [39;1msnarkJS[0m: betaTauG1: fft 8 join  6/8  3/4 3/4
[36;22m[DEBUG] [39;1msnarkJS[0m: betaTauG1: fft 8 join  6/8  4/4 1/4
[36;22m[DEBUG] [39;1msnarkJS[0m: betaTauG1: fft 8 join  6/8  4/4 2/4
[36;22m[DEBUG] [39;1msnarkJS[0m: betaTauG1: fft 8 join  6/8  4/4 3/4
[36;22m[DEBUG] [39;1msnarkJS[0m: betaTauG1: fft 8 join  6/8  2/4 3/4
[36;22m[DEBUG] [39;1msnarkJS[0m: betaTauG1: fft  8  join: 7/8
[36;22m[DEBUG] [39;1msnarkJS[0m: betaTauG1: fft 8 join  7/8  1/2 0/8
[36;22m[DEBUG] [39;1msnarkJS[0m: betaTauG1: fft 8 join  7/8  2/2 0/8
[36;22m[DEBUG] [39;1msnarkJS[0m: betaTauG1: fft 8 join  7/8  1/2 2/8
[36;22m[DEBUG] [39;1msnarkJS[0m: betaTauG1: fft 8 join  7/8  1/2 3/8
[36;22m[DEBUG] [39;1msnarkJS[0m: betaTauG1: fft 8 join  7/8  1/2 4/8
[36;22m[DEBUG] [39;1msnarkJS[0m: betaTauG1: fft 8 join  7/8  1/2 5/8
[36;22m[DEBUG] [39;1msnarkJS[0m: betaTauG1: fft 8 join  7/8  1/2 6/8
[36;22m[DEBUG] [39;1msnarkJS[0m: betaTauG1: fft 8 join  7/8  1/2 7/8
[36;22m[DEBUG] [39;1msnarkJS[0m: betaTauG1: fft 8 join  7/8  2/2 1/8
[36;22m[DEBUG] [39;1msnarkJS[0m: betaTauG1: fft 8 join  7/8  2/2 2/8
[36;22m[DEBUG] [39;1msnarkJS[0m: betaTauG1: fft 8 join  7/8  2/2 3/8
[36;22m[DEBUG] [39;1msnarkJS[0m: betaTauG1: fft 8 join  7/8  2/2 4/8
[36;22m[DEBUG] [39;1msnarkJS[0m: betaTauG1: fft 8 join  7/8  2/2 5/8
[36;22m[DEBUG] [39;1msnarkJS[0m: betaTauG1: fft 8 join  7/8  2/2 6/8
[36;22m[DEBUG] [39;1msnarkJS[0m: betaTauG1: fft 8 join  7/8  2/2 7/8
[36;22m[DEBUG] [39;1msnarkJS[0m: betaTauG1: fft 8 join  7/8  1/2 1/8
[36;22m[DEBUG] [39;1msnarkJS[0m: betaTauG1: fft  8  join: 8/8
[36;22m[DEBUG] [39;1msnarkJS[0m: betaTauG1: fft 8 join  8/8  1/1 0/16
[36;22m[DEBUG] [39;1msnarkJS[0m: betaTauG1: fft 8 join  8/8  1/1 4/16
[36;22m[DEBUG] [39;1msnarkJS[0m: betaTauG1: fft 8 join  8/8  1/1 5/16
[36;22m[DEBUG] [39;1msnarkJS[0m: betaTauG1: fft 8 join  8/8  1/1 2/16
[36;22m[DEBUG] [39;1msnarkJS[0m: betaTauG1: fft 8 join  8/8  1/1 3/16
[36;22m[DEBUG] [39;1msnarkJS[0m: betaTauG1: fft 8 join  8/8  1/1 7/16
[36;22m[DEBUG] [39;1msnarkJS[0m: betaTauG1: fft 8 join  8/8  1/1 8/16
[36;22m[DEBUG] [39;1msnarkJS[0m: betaTauG1: fft 8 join  8/8  1/1 9/16
[36;22m[DEBUG] [39;1msnarkJS[0m: betaTauG1: fft 8 join  8/8  1/1 10/16
[36;22m[DEBUG] [39;1msnarkJS[0m: betaTauG1: fft 8 join  8/8  1/1 11/16
[36;22m[DEBUG] [39;1msnarkJS[0m: betaTauG1: fft 8 join  8/8  1/1 12/16
[36;22m[DEBUG] [39;1msnarkJS[0m: betaTauG1: fft 8 join  8/8  1/1 14/16
[36;22m[DEBUG] [39;1msnarkJS[0m: betaTauG1: fft 8 join  8/8  1/1 15/16
[36;22m[DEBUG] [39;1msnarkJS[0m: betaTauG1: fft 8 join  8/8  1/1 1/16
[36;22m[DEBUG] [39;1msnarkJS[0m: betaTauG1: fft 8 join  8/8  1/1 6/16
[36;22m[DEBUG] [39;1msnarkJS[0m: betaTauG1: fft 8 join  8/8  1/1 13/16
[36;22m[DEBUG] [39;1msnarkJS[0m: betaTauG1: fft 9 mix start: 0/32
[36;22m[DEBUG] [39;1msnarkJS[0m: betaTauG1: fft 9 mix start: 1/32
[36;22m[DEBUG] [39;1msnarkJS[0m: betaTauG1: fft 9 mix start: 2/32
[36;22m[DEBUG] [39;1msnarkJS[0m: betaTauG1: fft 9 mix start: 3/32
[36;22m[DEBUG] [39;1msnarkJS[0m: betaTauG1: fft 9 mix start: 4/32
[36;22m[DEBUG] [39;1msnarkJS[0m: betaTauG1: fft 9 mix start: 5/32
[36;22m[DEBUG] [39;1msnarkJS[0m: betaTauG1: fft 9 mix start: 6/32
[36;22m[DEBUG] [39;1msnarkJS[0m: betaTauG1: fft 9 mix start: 7/32
[36;22m[DEBUG] [39;1msnarkJS[0m: betaTauG1: fft 9 mix start: 8/32
[36;22m[DEBUG] [39;1msnarkJS[0m: betaTauG1: fft 9 mix start: 9/32
[36;22m[DEBUG] [39;1msnarkJS[0m: betaTauG1: fft 9 mix start: 10/32
[36;22m[DEBUG] [39;1msnarkJS[0m: betaTauG1: fft 9 mix start: 11/32
[36;22m[DEBUG] [39;1msnarkJS[0m: betaTauG1: fft 9 mix start: 12/32
[36;22m[DEBUG] [39;1msnarkJS[0m: betaTauG1: fft 9 mix start: 13/32
[36;22m[DEBUG] [39;1msnarkJS[0m: betaTauG1: fft 9 mix start: 14/32
[36;22m[DEBUG] [39;1msnarkJS[0m: betaTauG1: fft 9 mix start: 15/32
[36;22m[DEBUG] [39;1msnarkJS[0m: betaTauG1: fft 9 mix start: 16/32
[36;22m[DEBUG] [39;1msnarkJS[0m: betaTauG1: fft 9 mix start: 17/32
[36;22m[DEBUG] [39;1msnarkJS[0m: betaTauG1: fft 9 mix start: 18/32
[36;22m[DEBUG] [39;1msnarkJS[0m: betaTauG1: fft 9 mix start: 19/32
[36;22m[DEBUG] [39;1msnarkJS[0m: betaTauG1: fft 9 mix start: 20/32
[36;22m[DEBUG] [39;1msnarkJS[0m: betaTauG1: fft 9 mix start: 21/32
[36;22m[DEBUG] [39;1msnarkJS[0m: betaTauG1: fft 9 mix start: 22/32
[36;22m[DEBUG] [39;1msnarkJS[0m: betaTauG1: fft 9 mix start: 23/32
[36;22m[DEBUG] [39;1msnarkJS[0m: betaTauG1: fft 9 mix start: 24/32
[36;22m[DEBUG] [39;1msnarkJS[0m: betaTauG1: fft 9 mix start: 25/32
[36;22m[DEBUG] [39;1msnarkJS[0m: betaTauG1: fft 9 mix start: 26/32
[36;22m[DEBUG] [39;1msnarkJS[0m: betaTauG1: fft 9 mix start: 27/32
[36;22m[DEBUG] [39;1msnarkJS[0m: betaTauG1: fft 9 mix start: 28/32
[36;22m[DEBUG] [39;1msnarkJS[0m: betaTauG1: fft 9 mix start: 29/32
[36;22m[DEBUG] [39;1msnarkJS[0m: betaTauG1: fft 9 mix start: 30/32
[36;22m[DEBUG] [39;1msnarkJS[0m: betaTauG1: fft 9 mix start: 31/32
[36;22m[DEBUG] [39;1msnarkJS[0m: betaTauG1: fft 9 mix end: 4/32
[36;22m[DEBUG] [39;1msnarkJS[0m: betaTauG1: fft 9 mix end: 3/32
[36;22m[DEBUG] [39;1msnarkJS[0m: betaTauG1: fft 9 mix end: 2/32
[36;22m[DEBUG] [39;1msnarkJS[0m: betaTauG1: fft 9 mix end: 7/32
[36;22m[DEBUG] [39;1msnarkJS[0m: betaTauG1: fft 9 mix end: 9/32
[36;22m[DEBUG] [39;1msnarkJS[0m: betaTauG1: fft 9 mix end: 12/32
[36;22m[DEBUG] [39;1msnarkJS[0m: betaTauG1: fft 9 mix end: 15/32
[36;22m[DEBUG] [39;1msnarkJS[0m: betaTauG1: fft 9 mix end: 16/32
[36;22m[DEBUG] [39;1msnarkJS[0m: betaTauG1: fft 9 mix end: 18/32
[36;22m[DEBUG] [39;1msnarkJS[0m: betaTauG1: fft 9 mix end: 19/32
[36;22m[DEBUG] [39;1msnarkJS[0m: betaTauG1: fft 9 mix end: 20/32
[36;22m[DEBUG] [39;1msnarkJS[0m: betaTauG1: fft 9 mix end: 25/32
[36;22m[DEBUG] [39;1msnarkJS[0m: betaTauG1: fft 9 mix end: 13/32
[36;22m[DEBUG] [39;1msnarkJS[0m: betaTauG1: fft 9 mix end: 0/32
[36;22m[DEBUG] [39;1msnarkJS[0m: betaTauG1: fft 9 mix end: 5/32
[36;22m[DEBUG] [39;1msnarkJS[0m: betaTauG1: fft 9 mix end: 1/32
[36;22m[DEBUG] [39;1msnarkJS[0m: betaTauG1: fft 9 mix end: 10/32
[36;22m[DEBUG] [39;1msnarkJS[0m: betaTauG1: fft 9 mix end: 8/32
[36;22m[DEBUG] [39;1msnarkJS[0m: betaTauG1: fft 9 mix end: 6/32
[36;22m[DEBUG] [39;1msnarkJS[0m: betaTauG1: fft 9 mix end: 17/32
[36;22m[DEBUG] [39;1msnarkJS[0m: betaTauG1: fft 9 mix end: 14/32
[36;22m[DEBUG] [39;1msnarkJS[0m: betaTauG1: fft 9 mix end: 23/32
[36;22m[DEBUG] [39;1msnarkJS[0m: betaTauG1: fft 9 mix end: 11/32
[36;22m[DEBUG] [39;1msnarkJS[0m: betaTauG1: fft 9 mix end: 31/32
[36;22m[DEBUG] [39;1msnarkJS[0m: betaTauG1: fft 9 mix end: 26/32
[36;22m[DEBUG] [39;1msnarkJS[0m: betaTauG1: fft 9 mix end: 22/32
[36;22m[DEBUG] [39;1msnarkJS[0m: betaTauG1: fft 9 mix end: 21/32
[36;22m[DEBUG] [39;1msnarkJS[0m: betaTauG1: fft 9 mix end: 28/32
[36;22m[DEBUG] [39;1msnarkJS[0m: betaTauG1: fft 9 mix end: 24/32
[36;22m[DEBUG] [39;1msnarkJS[0m: betaTauG1: fft 9 mix end: 29/32
[36;22m[DEBUG] [39;1msnarkJS[0m: betaTauG1: fft 9 mix end: 30/32
[36;22m[DEBUG] [39;1msnarkJS[0m: betaTauG1: fft 9 mix end: 27/32
[36;22m[DEBUG] [39;1msnarkJS[0m: betaTauG1: fft  9  join: 5/9
[36;22m[DEBUG] [39;1msnarkJS[0m: betaTauG1: fft 9 join  5/9  7/16 0/1
[36;22m[DEBUG] [39;1msnarkJS[0m: betaTauG1: fft 9 join  5/9  11/16 0/1
[36;22m[DEBUG] [39;1msnarkJS[0m: betaTauG1: fft 9 join  5/9  15/16 0/1
[36;22m[DEBUG] [39;1msnarkJS[0m: betaTauG1: fft 9 join  5/9  1/16 0/1
[36;22m[DEBUG] [39;1msnarkJS[0m: betaTauG1: fft 9 join  5/9  6/16 0/1
[36;22m[DEBUG] [39;1msnarkJS[0m: betaTauG1: fft 9 join  5/9  9/16 0/1
[36;22m[DEBUG] [39;1msnarkJS[0m: betaTauG1: fft 9 join  5/9  14/16 0/1
[36;22m[DEBUG] [39;1msnarkJS[0m: betaTauG1: fft 9 join  5/9  16/16 0/1
[36;22m[DEBUG] [39;1msnarkJS[0m: betaTauG1: fft 9 join  5/9  3/16 0/1
[36;22m[DEBUG] [39;1msnarkJS[0m: betaTauG1: fft 9 join  5/9  4/16 0/1
[36;22m[DEBUG] [39;1msnarkJS[0m: betaTauG1: fft 9 join  5/9  5/16 0/1
[36;22m[DEBUG] [39;1msnarkJS[0m: betaTauG1: fft 9 join  5/9  8/16 0/1
[36;22m[DEBUG] [39;1msnarkJS[0m: betaTauG1: fft 9 join  5/9  10/16 0/1
[36;22m[DEBUG] [39;1msnarkJS[0m: betaTauG1: fft 9 join  5/9  12/16 0/1
[36;22m[DEBUG] [39;1msnarkJS[0m: betaTauG1: fft 9 join  5/9  13/16 0/1
[36;22m[DEBUG] [39;1msnarkJS[0m: betaTauG1: fft 9 join  5/9  2/16 0/1
[36;22m[DEBUG] [39;1msnarkJS[0m: betaTauG1: fft  9  join: 6/9
[36;22m[DEBUG] [39;1msnarkJS[0m: betaTauG1: fft 9 join  6/9  1/8 0/2
[36;22m[DEBUG] [39;1msnarkJS[0m: betaTauG1: fft 9 join  6/9  5/8 0/2
[36;22m[DEBUG] [39;1msnarkJS[0m: betaTauG1: fft 9 join  6/9  6/8 0/2
[36;22m[DEBUG] [39;1msnarkJS[0m: betaTauG1: fft 9 join  6/9  8/8 0/2
[36;22m[DEBUG] [39;1msnarkJS[0m: betaTauG1: fft 9 join  6/9  2/8 0/2
[36;22m[DEBUG] [39;1msnarkJS[0m: betaTauG1: fft 9 join  6/9  4/8 0/2
[36;22m[DEBUG] [39;1msnarkJS[0m: betaTauG1: fft 9 join  6/9  2/8 1/2
[36;22m[DEBUG] [39;1msnarkJS[0m: betaTauG1: fft 9 join  6/9  3/8 0/2
[36;22m[DEBUG] [39;1msnarkJS[0m: betaTauG1: fft 9 join  6/9  3/8 1/2
[36;22m[DEBUG] [39;1msnarkJS[0m: betaTauG1: fft 9 join  6/9  5/8 1/2
[36;22m[DEBUG] [39;1msnarkJS[0m: betaTauG1: fft 9 join  6/9  6/8 1/2
[36;22m[DEBUG] [39;1msnarkJS[0m: betaTauG1: fft 9 join  6/9  7/8 0/2
[36;22m[DEBUG] [39;1msnarkJS[0m: betaTauG1: fft 9 join  6/9  7/8 1/2
[36;22m[DEBUG] [39;1msnarkJS[0m: betaTauG1: fft 9 join  6/9  8/8 1/2
[36;22m[DEBUG] [39;1msnarkJS[0m: betaTauG1: fft 9 join  6/9  1/8 1/2
[36;22m[DEBUG] [39;1msnarkJS[0m: betaTauG1: fft 9 join  6/9  4/8 1/2
[36;22m[DEBUG] [39;1msnarkJS[0m: betaTauG1: fft  9  join: 7/9
[36;22m[DEBUG] [39;1msnarkJS[0m: betaTauG1: fft 9 join  7/9  1/4 0/4
[36;22m[DEBUG] [39;1msnarkJS[0m: betaTauG1: fft 9 join  7/9  3/4 0/4
[36;22m[DEBUG] [39;1msnarkJS[0m: betaTauG1: fft 9 join  7/9  2/4 0/4
[36;22m[DEBUG] [39;1msnarkJS[0m: betaTauG1: fft 9 join  7/9  4/4 0/4
[36;22m[DEBUG] [39;1msnarkJS[0m: betaTauG1: fft 9 join  7/9  1/4 3/4
[36;22m[DEBUG] [39;1msnarkJS[0m: betaTauG1: fft 9 join  7/9  2/4 2/4
[36;22m[DEBUG] [39;1msnarkJS[0m: betaTauG1: fft 9 join  7/9  2/4 1/4
[36;22m[DEBUG] [39;1msnarkJS[0m: betaTauG1: fft 9 join  7/9  2/4 3/4
[36;22m[DEBUG] [39;1msnarkJS[0m: betaTauG1: fft 9 join  7/9  3/4 2/4
[36;22m[DEBUG] [39;1msnarkJS[0m: betaTauG1: fft 9 join  7/9  3/4 3/4
[36;22m[DEBUG] [39;1msnarkJS[0m: betaTauG1: fft 9 join  7/9  4/4 2/4
[36;22m[DEBUG] [39;1msnarkJS[0m: betaTauG1: fft 9 join  7/9  4/4 3/4
[36;22m[DEBUG] [39;1msnarkJS[0m: betaTauG1: fft 9 join  7/9  1/4 1/4
[36;22m[DEBUG] [39;1msnarkJS[0m: betaTauG1: fft 9 join  7/9  3/4 1/4
[36;22m[DEBUG] [39;1msnarkJS[0m: betaTauG1: fft 9 join  7/9  4/4 1/4
[36;22m[DEBUG] [39;1msnarkJS[0m: betaTauG1: fft 9 join  7/9  1/4 2/4
[36;22m[DEBUG] [39;1msnarkJS[0m: betaTauG1: fft  9  join: 8/9
[36;22m[DEBUG] [39;1msnarkJS[0m: betaTauG1: fft 9 join  8/9  1/2 0/8
[36;22m[DEBUG] [39;1msnarkJS[0m: betaTauG1: fft 9 join  8/9  2/2 0/8
[36;22m[DEBUG] [39;1msnarkJS[0m: betaTauG1: fft 9 join  8/9  1/2 2/8
[36;22m[DEBUG] [39;1msnarkJS[0m: betaTauG1: fft 9 join  8/9  1/2 3/8
[36;22m[DEBUG] [39;1msnarkJS[0m: betaTauG1: fft 9 join  8/9  1/2 5/8
[36;22m[DEBUG] [39;1msnarkJS[0m: betaTauG1: fft 9 join  8/9  1/2 7/8
[36;22m[DEBUG] [39;1msnarkJS[0m: betaTauG1: fft 9 join  8/9  2/2 1/8
[36;22m[DEBUG] [39;1msnarkJS[0m: betaTauG1: fft 9 join  8/9  2/2 2/8
[36;22m[DEBUG] [39;1msnarkJS[0m: betaTauG1: fft 9 join  8/9  2/2 3/8
[36;22m[DEBUG] [39;1msnarkJS[0m: betaTauG1: fft 9 join  8/9  2/2 4/8
[36;22m[DEBUG] [39;1msnarkJS[0m: betaTauG1: fft 9 join  8/9  2/2 5/8
[36;22m[DEBUG] [39;1msnarkJS[0m: betaTauG1: fft 9 join  8/9  2/2 6/8
[36;22m[DEBUG] [39;1msnarkJS[0m: betaTauG1: fft 9 join  8/9  2/2 7/8
[36;22m[DEBUG] [39;1msnarkJS[0m: betaTauG1: fft 9 join  8/9  1/2 1/8
[36;22m[DEBUG] [39;1msnarkJS[0m: betaTauG1: fft 9 join  8/9  1/2 4/8
[36;22m[DEBUG] [39;1msnarkJS[0m: betaTauG1: fft 9 join  8/9  1/2 6/8
[36;22m[DEBUG] [39;1msnarkJS[0m: betaTauG1: fft  9  join: 9/9
[36;22m[DEBUG] [39;1msnarkJS[0m: betaTauG1: fft 9 join  9/9  1/1 0/16
[36;22m[DEBUG] [39;1msnarkJS[0m: betaTauG1: fft 9 join  9/9  1/1 2/16
[36;22m[DEBUG] [39;1msnarkJS[0m: betaTauG1: fft 9 join  9/9  1/1 4/16
[36;22m[DEBUG] [39;1msnarkJS[0m: betaTauG1: fft 9 join  9/9  1/1 3/16
[36;22m[DEBUG] [39;1msnarkJS[0m: betaTauG1: fft 9 join  9/9  1/1 8/16
[36;22m[DEBUG] [39;1msnarkJS[0m: betaTauG1: fft 9 join  9/9  1/1 11/16
[36;22m[DEBUG] [39;1msnarkJS[0m: betaTauG1: fft 9 join  9/9  1/1 5/16
[36;22m[DEBUG] [39;1msnarkJS[0m: betaTauG1: fft 9 join  9/9  1/1 9/16
[36;22m[DEBUG] [39;1msnarkJS[0m: betaTauG1: fft 9 join  9/9  1/1 10/16
[36;22m[DEBUG] [39;1msnarkJS[0m: betaTauG1: fft 9 join  9/9  1/1 14/16
[36;22m[DEBUG] [39;1msnarkJS[0m: betaTauG1: fft 9 join  9/9  1/1 15/16
[36;22m[DEBUG] [39;1msnarkJS[0m: betaTauG1: fft 9 join  9/9  1/1 1/16
[36;22m[DEBUG] [39;1msnarkJS[0m: betaTauG1: fft 9 join  9/9  1/1 6/16
[36;22m[DEBUG] [39;1msnarkJS[0m: betaTauG1: fft 9 join  9/9  1/1 7/16
[36;22m[DEBUG] [39;1msnarkJS[0m: betaTauG1: fft 9 join  9/9  1/1 12/16
[36;22m[DEBUG] [39;1msnarkJS[0m: betaTauG1: fft 9 join  9/9  1/1 13/16
[36;22m[DEBUG] [39;1msnarkJS[0m: betaTauG1: fft 10 mix start: 0/32
[36;22m[DEBUG] [39;1msnarkJS[0m: betaTauG1: fft 10 mix start: 1/32
[36;22m[DEBUG] [39;1msnarkJS[0m: betaTauG1: fft 10 mix start: 2/32
[36;22m[DEBUG] [39;1msnarkJS[0m: betaTauG1: fft 10 mix start: 3/32
[36;22m[DEBUG] [39;1msnarkJS[0m: betaTauG1: fft 10 mix start: 4/32
[36;22m[DEBUG] [39;1msnarkJS[0m: betaTauG1: fft 10 mix start: 5/32
[36;22m[DEBUG] [39;1msnarkJS[0m: betaTauG1: fft 10 mix start: 6/32
[36;22m[DEBUG] [39;1msnarkJS[0m: betaTauG1: fft 10 mix start: 7/32
[36;22m[DEBUG] [39;1msnarkJS[0m: betaTauG1: fft 10 mix start: 8/32
[36;22m[DEBUG] [39;1msnarkJS[0m: betaTauG1: fft 10 mix start: 9/32
[36;22m[DEBUG] [39;1msnarkJS[0m: betaTauG1: fft 10 mix start: 10/32
[36;22m[DEBUG] [39;1msnarkJS[0m: betaTauG1: fft 10 mix start: 11/32
[36;22m[DEBUG] [39;1msnarkJS[0m: betaTauG1: fft 10 mix start: 12/32
[36;22m[DEBUG] [39;1msnarkJS[0m: betaTauG1: fft 10 mix start: 13/32
[36;22m[DEBUG] [39;1msnarkJS[0m: betaTauG1: fft 10 mix start: 14/32
[36;22m[DEBUG] [39;1msnarkJS[0m: betaTauG1: fft 10 mix start: 15/32
[36;22m[DEBUG] [39;1msnarkJS[0m: betaTauG1: fft 10 mix start: 16/32
[36;22m[DEBUG] [39;1msnarkJS[0m: betaTauG1: fft 10 mix start: 17/32
[36;22m[DEBUG] [39;1msnarkJS[0m: betaTauG1: fft 10 mix start: 18/32
[36;22m[DEBUG] [39;1msnarkJS[0m: betaTauG1: fft 10 mix start: 19/32
[36;22m[DEBUG] [39;1msnarkJS[0m: betaTauG1: fft 10 mix start: 20/32
[36;22m[DEBUG] [39;1msnarkJS[0m: betaTauG1: fft 10 mix start: 21/32
[36;22m[DEBUG] [39;1msnarkJS[0m: betaTauG1: fft 10 mix start: 22/32
[36;22m[DEBUG] [39;1msnarkJS[0m: betaTauG1: fft 10 mix start: 23/32
[36;22m[DEBUG] [39;1msnarkJS[0m: betaTauG1: fft 10 mix start: 24/32
[36;22m[DEBUG] [39;1msnarkJS[0m: betaTauG1: fft 10 mix start: 25/32
[36;22m[DEBUG] [39;1msnarkJS[0m: betaTauG1: fft 10 mix start: 26/32
[36;22m[DEBUG] [39;1msnarkJS[0m: betaTauG1: fft 10 mix start: 27/32
[36;22m[DEBUG] [39;1msnarkJS[0m: betaTauG1: fft 10 mix start: 28/32
[36;22m[DEBUG] [39;1msnarkJS[0m: betaTauG1: fft 10 mix start: 29/32
[36;22m[DEBUG] [39;1msnarkJS[0m: betaTauG1: fft 10 mix start: 30/32
[36;22m[DEBUG] [39;1msnarkJS[0m: betaTauG1: fft 10 mix start: 31/32
[36;22m[DEBUG] [39;1msnarkJS[0m: betaTauG1: fft 10 mix end: 3/32
[36;22m[DEBUG] [39;1msnarkJS[0m: betaTauG1: fft 10 mix end: 4/32
[36;22m[DEBUG] [39;1msnarkJS[0m: betaTauG1: fft 10 mix end: 2/32
[36;22m[DEBUG] [39;1msnarkJS[0m: betaTauG1: fft 10 mix end: 9/32
[36;22m[DEBUG] [39;1msnarkJS[0m: betaTauG1: fft 10 mix end: 12/32
[36;22m[DEBUG] [39;1msnarkJS[0m: betaTauG1: fft 10 mix end: 15/32
[36;22m[DEBUG] [39;1msnarkJS[0m: betaTauG1: fft 10 mix end: 16/32
[36;22m[DEBUG] [39;1msnarkJS[0m: betaTauG1: fft 10 mix end: 19/32
[36;22m[DEBUG] [39;1msnarkJS[0m: betaTauG1: fft 10 mix end: 25/32
[36;22m[DEBUG] [39;1msnarkJS[0m: betaTauG1: fft 10 mix end: 20/32
[36;22m[DEBUG] [39;1msnarkJS[0m: betaTauG1: fft 10 mix end: 18/32
[36;22m[DEBUG] [39;1msnarkJS[0m: betaTauG1: fft 10 mix end: 7/32
[36;22m[DEBUG] [39;1msnarkJS[0m: betaTauG1: fft 10 mix end: 0/32
[36;22m[DEBUG] [39;1msnarkJS[0m: betaTauG1: fft 10 mix end: 1/32
[36;22m[DEBUG] [39;1msnarkJS[0m: betaTauG1: fft 10 mix end: 5/32
[36;22m[DEBUG] [39;1msnarkJS[0m: betaTauG1: fft 10 mix end: 8/32
[36;22m[DEBUG] [39;1msnarkJS[0m: betaTauG1: fft 10 mix end: 10/32
[36;22m[DEBUG] [39;1msnarkJS[0m: betaTauG1: fft 10 mix end: 11/32
[36;22m[DEBUG] [39;1msnarkJS[0m: betaTauG1: fft 10 mix end: 13/32
[36;22m[DEBUG] [39;1msnarkJS[0m: betaTauG1: fft 10 mix end: 14/32
[36;22m[DEBUG] [39;1msnarkJS[0m: betaTauG1: fft 10 mix end: 17/32
[36;22m[DEBUG] [39;1msnarkJS[0m: betaTauG1: fft 10 mix end: 6/32
[36;22m[DEBUG] [39;1msnarkJS[0m: betaTauG1: fft 10 mix end: 23/32
[36;22m[DEBUG] [39;1msnarkJS[0m: betaTauG1: fft 10 mix end: 22/32
[36;22m[DEBUG] [39;1msnarkJS[0m: betaTauG1: fft 10 mix end: 31/32
[36;22m[DEBUG] [39;1msnarkJS[0m: betaTauG1: fft 10 mix end: 28/32
[36;22m[DEBUG] [39;1msnarkJS[0m: betaTauG1: fft 10 mix end: 24/32
[36;22m[DEBUG] [39;1msnarkJS[0m: betaTauG1: fft 10 mix end: 30/32
[36;22m[DEBUG] [39;1msnarkJS[0m: betaTauG1: fft 10 mix end: 26/32
[36;22m[DEBUG] [39;1msnarkJS[0m: betaTauG1: fft 10 mix end: 27/32
[36;22m[DEBUG] [39;1msnarkJS[0m: betaTauG1: fft 10 mix end: 29/32
[36;22m[DEBUG] [39;1msnarkJS[0m: betaTauG1: fft 10 mix end: 21/32
[36;22m[DEBUG] [39;1msnarkJS[0m: betaTauG1: fft  10  join: 6/10
[36;22m[DEBUG] [39;1msnarkJS[0m: betaTauG1: fft 10 join  6/10  7/16 0/1
[36;22m[DEBUG] [39;1msnarkJS[0m: betaTauG1: fft 10 join  6/10  9/16 0/1
[36;22m[DEBUG] [39;1msnarkJS[0m: betaTauG1: fft 10 join  6/10  11/16 0/1
[36;22m[DEBUG] [39;1msnarkJS[0m: betaTauG1: fft 10 join  6/10  16/16 0/1
[36;22m[DEBUG] [39;1msnarkJS[0m: betaTauG1: fft 10 join  6/10  1/16 0/1
[36;22m[DEBUG] [39;1msnarkJS[0m: betaTauG1: fft 10 join  6/10  3/16 0/1
[36;22m[DEBUG] [39;1msnarkJS[0m: betaTauG1: fft 10 join  6/10  6/16 0/1
[36;22m[DEBUG] [39;1msnarkJS[0m: betaTauG1: fft 10 join  6/10  14/16 0/1
[36;22m[DEBUG] [39;1msnarkJS[0m: betaTauG1: fft 10 join  6/10  15/16 0/1
[36;22m[DEBUG] [39;1msnarkJS[0m: betaTauG1: fft 10 join  6/10  4/16 0/1
[36;22m[DEBUG] [39;1msnarkJS[0m: betaTauG1: fft 10 join  6/10  5/16 0/1
[36;22m[DEBUG] [39;1msnarkJS[0m: betaTauG1: fft 10 join  6/10  10/16 0/1
[36;22m[DEBUG] [39;1msnarkJS[0m: betaTauG1: fft 10 join  6/10  12/16 0/1
[36;22m[DEBUG] [39;1msnarkJS[0m: betaTauG1: fft 10 join  6/10  13/16 0/1
[36;22m[DEBUG] [39;1msnarkJS[0m: betaTauG1: fft 10 join  6/10  2/16 0/1
[36;22m[DEBUG] [39;1msnarkJS[0m: betaTauG1: fft 10 join  6/10  8/16 0/1
[36;22m[DEBUG] [39;1msnarkJS[0m: betaTauG1: fft  10  join: 7/10
[36;22m[DEBUG] [39;1msnarkJS[0m: betaTauG1: fft 10 join  7/10  1/8 0/2
[36;22m[DEBUG] [39;1msnarkJS[0m: betaTauG1: fft 10 join  7/10  2/8 0/2
[36;22m[DEBUG] [39;1msnarkJS[0m: betaTauG1: fft 10 join  7/10  3/8 0/2
[36;22m[DEBUG] [39;1msnarkJS[0m: betaTauG1: fft 10 join  7/10  4/8 0/2
[36;22m[DEBUG] [39;1msnarkJS[0m: betaTauG1: fft 10 join  7/10  5/8 0/2
[36;22m[DEBUG] [39;1msnarkJS[0m: betaTauG1: fft 10 join  7/10  6/8 0/2
[36;22m[DEBUG] [39;1msnarkJS[0m: betaTauG1: fft 10 join  7/10  7/8 0/2
[36;22m[DEBUG] [39;1msnarkJS[0m: betaTauG1: fft 10 join  7/10  8/8 0/2
[36;22m[DEBUG] [39;1msnarkJS[0m: betaTauG1: fft 10 join  7/10  2/8 1/2
[36;22m[DEBUG] [39;1msnarkJS[0m: betaTauG1: fft 10 join  7/10  3/8 1/2
[36;22m[DEBUG] [39;1msnarkJS[0m: betaTauG1: fft 10 join  7/10  5/8 1/2
[36;22m[DEBUG] [39;1msnarkJS[0m: betaTauG1: fft 10 join  7/10  6/8 1/2
[36;22m[DEBUG] [39;1msnarkJS[0m: betaTauG1: fft 10 join  7/10  1/8 1/2
[36;22m[DEBUG] [39;1msnarkJS[0m: betaTauG1: fft 10 join  7/10  4/8 1/2
[36;22m[DEBUG] [39;1msnarkJS[0m: betaTauG1: fft 10 join  7/10  7/8 1/2
[36;22m[DEBUG] [39;1msnarkJS[0m: betaTauG1: fft 10 join  7/10  8/8 1/2
[36;22m[DEBUG] [39;1msnarkJS[0m: betaTauG1: fft  10  join: 8/10
[36;22m[DEBUG] [39;1msnarkJS[0m: betaTauG1: fft 10 join  8/10  1/4 0/4
[36;22m[DEBUG] [39;1msnarkJS[0m: betaTauG1: fft 10 join  8/10  2/4 0/4
[36;22m[DEBUG] [39;1msnarkJS[0m: betaTauG1: fft 10 join  8/10  3/4 0/4
[36;22m[DEBUG] [39;1msnarkJS[0m: betaTauG1: fft 10 join  8/10  4/4 0/4
[36;22m[DEBUG] [39;1msnarkJS[0m: betaTauG1: fft 10 join  8/10  1/4 2/4
[36;22m[DEBUG] [39;1msnarkJS[0m: betaTauG1: fft 10 join  8/10  1/4 3/4
[36;22m[DEBUG] [39;1msnarkJS[0m: betaTauG1: fft 10 join  8/10  2/4 1/4
[36;22m[DEBUG] [39;1msnarkJS[0m: betaTauG1: fft 10 join  8/10  3/4 2/4
[36;22m[DEBUG] [39;1msnarkJS[0m: betaTauG1: fft 10 join  8/10  2/4 2/4
[36;22m[DEBUG] [39;1msnarkJS[0m: betaTauG1: fft 10 join  8/10  4/4 2/4
[36;22m[DEBUG] [39;1msnarkJS[0m: betaTauG1: fft 10 join  8/10  1/4 1/4
[36;22m[DEBUG] [39;1msnarkJS[0m: betaTauG1: fft 10 join  8/10  3/4 1/4
[36;22m[DEBUG] [39;1msnarkJS[0m: betaTauG1: fft 10 join  8/10  3/4 3/4
[36;22m[DEBUG] [39;1msnarkJS[0m: betaTauG1: fft 10 join  8/10  4/4 1/4
[36;22m[DEBUG] [39;1msnarkJS[0m: betaTauG1: fft 10 join  8/10  4/4 3/4
[36;22m[DEBUG] [39;1msnarkJS[0m: betaTauG1: fft 10 join  8/10  2/4 3/4
[36;22m[DEBUG] [39;1msnarkJS[0m: betaTauG1: fft  10  join: 9/10
[36;22m[DEBUG] [39;1msnarkJS[0m: betaTauG1: fft 10 join  9/10  1/2 0/8
[36;22m[DEBUG] [39;1msnarkJS[0m: betaTauG1: fft 10 join  9/10  2/2 0/8
[36;22m[DEBUG] [39;1msnarkJS[0m: betaTauG1: fft 10 join  9/10  1/2 2/8
[36;22m[DEBUG] [39;1msnarkJS[0m: betaTauG1: fft 10 join  9/10  1/2 4/8
[36;22m[DEBUG] [39;1msnarkJS[0m: betaTauG1: fft 10 join  9/10  1/2 5/8
[36;22m[DEBUG] [39;1msnarkJS[0m: betaTauG1: fft 10 join  9/10  1/2 3/8
[36;22m[DEBUG] [39;1msnarkJS[0m: betaTauG1: fft 10 join  9/10  2/2 2/8
[36;22m[DEBUG] [39;1msnarkJS[0m: betaTauG1: fft 10 join  9/10  2/2 4/8
[36;22m[DEBUG] [39;1msnarkJS[0m: betaTauG1: fft 10 join  9/10  2/2 5/8
[36;22m[DEBUG] [39;1msnarkJS[0m: betaTauG1: fft 10 join  9/10  2/2 7/8
[36;22m[DEBUG] [39;1msnarkJS[0m: betaTauG1: fft 10 join  9/10  1/2 1/8
[36;22m[DEBUG] [39;1msnarkJS[0m: betaTauG1: fft 10 join  9/10  1/2 6/8
[36;22m[DEBUG] [39;1msnarkJS[0m: betaTauG1: fft 10 join  9/10  1/2 7/8
[36;22m[DEBUG] [39;1msnarkJS[0m: betaTauG1: fft 10 join  9/10  2/2 1/8
[36;22m[DEBUG] [39;1msnarkJS[0m: betaTauG1: fft 10 join  9/10  2/2 3/8
[36;22m[DEBUG] [39;1msnarkJS[0m: betaTauG1: fft 10 join  9/10  2/2 6/8
[36;22m[DEBUG] [39;1msnarkJS[0m: betaTauG1: fft  10  join: 10/10
[36;22m[DEBUG] [39;1msnarkJS[0m: betaTauG1: fft 10 join  10/10  1/1 0/16
[36;22m[DEBUG] [39;1msnarkJS[0m: betaTauG1: fft 10 join  10/10  1/1 5/16
[36;22m[DEBUG] [39;1msnarkJS[0m: betaTauG1: fft 10 join  10/10  1/1 8/16
[36;22m[DEBUG] [39;1msnarkJS[0m: betaTauG1: fft 10 join  10/10  1/1 11/16
[36;22m[DEBUG] [39;1msnarkJS[0m: betaTauG1: fft 10 join  10/10  1/1 3/16
[36;22m[DEBUG] [39;1msnarkJS[0m: betaTauG1: fft 10 join  10/10  1/1 9/16
[36;22m[DEBUG] [39;1msnarkJS[0m: betaTauG1: fft 10 join  10/10  1/1 10/16
[36;22m[DEBUG] [39;1msnarkJS[0m: betaTauG1: fft 10 join  10/10  1/1 2/16
[36;22m[DEBUG] [39;1msnarkJS[0m: betaTauG1: fft 10 join  10/10  1/1 14/16
[36;22m[DEBUG] [39;1msnarkJS[0m: betaTauG1: fft 10 join  10/10  1/1 15/16
[36;22m[DEBUG] [39;1msnarkJS[0m: betaTauG1: fft 10 join  10/10  1/1 13/16
[36;22m[DEBUG] [39;1msnarkJS[0m: betaTauG1: fft 10 join  10/10  1/1 6/16
[36;22m[DEBUG] [39;1msnarkJS[0m: betaTauG1: fft 10 join  10/10  1/1 7/16
[36;22m[DEBUG] [39;1msnarkJS[0m: betaTauG1: fft 10 join  10/10  1/1 1/16
[36;22m[DEBUG] [39;1msnarkJS[0m: betaTauG1: fft 10 join  10/10  1/1 12/16
[36;22m[DEBUG] [39;1msnarkJS[0m: betaTauG1: fft 10 join  10/10  1/1 4/16
[36;22m[DEBUG] [39;1msnarkJS[0m: betaTauG1: fft 11 mix start: 0/32
[36;22m[DEBUG] [39;1msnarkJS[0m: betaTauG1: fft 11 mix start: 1/32
[36;22m[DEBUG] [39;1msnarkJS[0m: betaTauG1: fft 11 mix start: 2/32
[36;22m[DEBUG] [39;1msnarkJS[0m: betaTauG1: fft 11 mix start: 3/32
[36;22m[DEBUG] [39;1msnarkJS[0m: betaTauG1: fft 11 mix start: 4/32
[36;22m[DEBUG] [39;1msnarkJS[0m: betaTauG1: fft 11 mix start: 5/32
[36;22m[DEBUG] [39;1msnarkJS[0m: betaTauG1: fft 11 mix start: 6/32
[36;22m[DEBUG] [39;1msnarkJS[0m: betaTauG1: fft 11 mix start: 7/32
[36;22m[DEBUG] [39;1msnarkJS[0m: betaTauG1: fft 11 mix start: 8/32
[36;22m[DEBUG] [39;1msnarkJS[0m: betaTauG1: fft 11 mix start: 9/32
[36;22m[DEBUG] [39;1msnarkJS[0m: betaTauG1: fft 11 mix start: 10/32
[36;22m[DEBUG] [39;1msnarkJS[0m: betaTauG1: fft 11 mix start: 11/32
[36;22m[DEBUG] [39;1msnarkJS[0m: betaTauG1: fft 11 mix start: 12/32
[36;22m[DEBUG] [39;1msnarkJS[0m: betaTauG1: fft 11 mix start: 13/32
[36;22m[DEBUG] [39;1msnarkJS[0m: betaTauG1: fft 11 mix start: 14/32
[36;22m[DEBUG] [39;1msnarkJS[0m: betaTauG1: fft 11 mix start: 15/32
[36;22m[DEBUG] [39;1msnarkJS[0m: betaTauG1: fft 11 mix start: 16/32
[36;22m[DEBUG] [39;1msnarkJS[0m: betaTauG1: fft 11 mix start: 17/32
[36;22m[DEBUG] [39;1msnarkJS[0m: betaTauG1: fft 11 mix start: 18/32
[36;22m[DEBUG] [39;1msnarkJS[0m: betaTauG1: fft 11 mix start: 19/32
[36;22m[DEBUG] [39;1msnarkJS[0m: betaTauG1: fft 11 mix start: 20/32
[36;22m[DEBUG] [39;1msnarkJS[0m: betaTauG1: fft 11 mix start: 21/32
[36;22m[DEBUG] [39;1msnarkJS[0m: betaTauG1: fft 11 mix start: 22/32
[36;22m[DEBUG] [39;1msnarkJS[0m: betaTauG1: fft 11 mix start: 23/32
[36;22m[DEBUG] [39;1msnarkJS[0m: betaTauG1: fft 11 mix start: 24/32
[36;22m[DEBUG] [39;1msnarkJS[0m: betaTauG1: fft 11 mix start: 25/32
[36;22m[DEBUG] [39;1msnarkJS[0m: betaTauG1: fft 11 mix start: 26/32
[36;22m[DEBUG] [39;1msnarkJS[0m: betaTauG1: fft 11 mix start: 27/32
[36;22m[DEBUG] [39;1msnarkJS[0m: betaTauG1: fft 11 mix start: 28/32
[36;22m[DEBUG] [39;1msnarkJS[0m: betaTauG1: fft 11 mix start: 29/32
[36;22m[DEBUG] [39;1msnarkJS[0m: betaTauG1: fft 11 mix start: 30/32
[36;22m[DEBUG] [39;1msnarkJS[0m: betaTauG1: fft 11 mix start: 31/32
[36;22m[DEBUG] [39;1msnarkJS[0m: betaTauG1: fft 11 mix end: 2/32
[36;22m[DEBUG] [39;1msnarkJS[0m: betaTauG1: fft 11 mix end: 3/32
[36;22m[DEBUG] [39;1msnarkJS[0m: betaTauG1: fft 11 mix end: 4/32
[36;22m[DEBUG] [39;1msnarkJS[0m: betaTauG1: fft 11 mix end: 9/32
[36;22m[DEBUG] [39;1msnarkJS[0m: betaTauG1: fft 11 mix end: 12/32
[36;22m[DEBUG] [39;1msnarkJS[0m: betaTauG1: fft 11 mix end: 15/32
[36;22m[DEBUG] [39;1msnarkJS[0m: betaTauG1: fft 11 mix end: 16/32
[36;22m[DEBUG] [39;1msnarkJS[0m: betaTauG1: fft 11 mix end: 19/32
[36;22m[DEBUG] [39;1msnarkJS[0m: betaTauG1: fft 11 mix end: 20/32
[36;22m[DEBUG] [39;1msnarkJS[0m: betaTauG1: fft 11 mix end: 25/32
[36;22m[DEBUG] [39;1msnarkJS[0m: betaTauG1: fft 11 mix end: 29/32
[36;22m[DEBUG] [39;1msnarkJS[0m: betaTauG1: fft 11 mix end: 7/32
[36;22m[DEBUG] [39;1msnarkJS[0m: betaTauG1: fft 11 mix end: 18/32
[36;22m[DEBUG] [39;1msnarkJS[0m: betaTauG1: fft 11 mix end: 0/32
[36;22m[DEBUG] [39;1msnarkJS[0m: betaTauG1: fft 11 mix end: 5/32
[36;22m[DEBUG] [39;1msnarkJS[0m: betaTauG1: fft 11 mix end: 10/32
[36;22m[DEBUG] [39;1msnarkJS[0m: betaTauG1: fft 11 mix end: 14/32
[36;22m[DEBUG] [39;1msnarkJS[0m: betaTauG1: fft 11 mix end: 17/32
[36;22m[DEBUG] [39;1msnarkJS[0m: betaTauG1: fft 11 mix end: 1/32
[36;22m[DEBUG] [39;1msnarkJS[0m: betaTauG1: fft 11 mix end: 8/32
[36;22m[DEBUG] [39;1msnarkJS[0m: betaTauG1: fft 11 mix end: 11/32
[36;22m[DEBUG] [39;1msnarkJS[0m: betaTauG1: fft 11 mix end: 21/32
[36;22m[DEBUG] [39;1msnarkJS[0m: betaTauG1: fft 11 mix end: 23/32
[36;22m[DEBUG] [39;1msnarkJS[0m: betaTauG1: fft 11 mix end: 13/32
[36;22m[DEBUG] [39;1msnarkJS[0m: betaTauG1: fft 11 mix end: 30/32
[36;22m[DEBUG] [39;1msnarkJS[0m: betaTauG1: fft 11 mix end: 24/32
[36;22m[DEBUG] [39;1msnarkJS[0m: betaTauG1: fft 11 mix end: 31/32
[36;22m[DEBUG] [39;1msnarkJS[0m: betaTauG1: fft 11 mix end: 22/32
[36;22m[DEBUG] [39;1msnarkJS[0m: betaTauG1: fft 11 mix end: 28/32
[36;22m[DEBUG] [39;1msnarkJS[0m: betaTauG1: fft 11 mix end: 6/32
[36;22m[DEBUG] [39;1msnarkJS[0m: betaTauG1: fft 11 mix end: 27/32
[36;22m[DEBUG] [39;1msnarkJS[0m: betaTauG1: fft 11 mix end: 26/32
[36;22m[DEBUG] [39;1msnarkJS[0m: betaTauG1: fft  11  join: 7/11
[36;22m[DEBUG] [39;1msnarkJS[0m: betaTauG1: fft 11 join  7/11  12/16 0/1
[36;22m[DEBUG] [39;1msnarkJS[0m: betaTauG1: fft 11 join  7/11  7/16 0/1
[36;22m[DEBUG] [39;1msnarkJS[0m: betaTauG1: fft 11 join  7/11  4/16 0/1
[36;22m[DEBUG] [39;1msnarkJS[0m: betaTauG1: fft 11 join  7/11  9/16 0/1
[36;22m[DEBUG] [39;1msnarkJS[0m: betaTauG1: fft 11 join  7/11  8/16 0/1
[36;22m[DEBUG] [39;1msnarkJS[0m: betaTauG1: fft 11 join  7/11  11/16 0/1
[36;22m[DEBUG] [39;1msnarkJS[0m: betaTauG1: fft 11 join  7/11  16/16 0/1
[36;22m[DEBUG] [39;1msnarkJS[0m: betaTauG1: fft 11 join  7/11  2/16 0/1
[36;22m[DEBUG] [39;1msnarkJS[0m: betaTauG1: fft 11 join  7/11  14/16 0/1
[36;22m[DEBUG] [39;1msnarkJS[0m: betaTauG1: fft 11 join  7/11  6/16 0/1
[36;22m[DEBUG] [39;1msnarkJS[0m: betaTauG1: fft 11 join  7/11  1/16 0/1
[36;22m[DEBUG] [39;1msnarkJS[0m: betaTauG1: fft 11 join  7/11  10/16 0/1
[36;22m[DEBUG] [39;1msnarkJS[0m: betaTauG1: fft 11 join  7/11  15/16 0/1
[36;22m[DEBUG] [39;1msnarkJS[0m: betaTauG1: fft 11 join  7/11  13/16 0/1
[36;22m[DEBUG] [39;1msnarkJS[0m: betaTauG1: fft 11 join  7/11  5/16 0/1
[36;22m[DEBUG] [39;1msnarkJS[0m: betaTauG1: fft 11 join  7/11  3/16 0/1
[36;22m[DEBUG] [39;1msnarkJS[0m: betaTauG1: fft  11  join: 8/11
[36;22m[DEBUG] [39;1msnarkJS[0m: betaTauG1: fft 11 join  8/11  1/8 0/2
[36;22m[DEBUG] [39;1msnarkJS[0m: betaTauG1: fft 11 join  8/11  2/8 0/2
[36;22m[DEBUG] [39;1msnarkJS[0m: betaTauG1: fft 11 join  8/11  3/8 0/2
[36;22m[DEBUG] [39;1msnarkJS[0m: betaTauG1: fft 11 join  8/11  6/8 0/2
[36;22m[DEBUG] [39;1msnarkJS[0m: betaTauG1: fft 11 join  8/11  7/8 0/2
[36;22m[DEBUG] [39;1msnarkJS[0m: betaTauG1: fft 11 join  8/11  8/8 0/2
[36;22m[DEBUG] [39;1msnarkJS[0m: betaTauG1: fft 11 join  8/11  2/8 1/2
[36;22m[DEBUG] [39;1msnarkJS[0m: betaTauG1: fft 11 join  8/11  3/8 1/2
[36;22m[DEBUG] [39;1msnarkJS[0m: betaTauG1: fft 11 join  8/11  5/8 0/2
[36;22m[DEBUG] [39;1msnarkJS[0m: betaTauG1: fft 11 join  8/11  5/8 1/2
[36;22m[DEBUG] [39;1msnarkJS[0m: betaTauG1: fft 11 join  8/11  7/8 1/2
[36;22m[DEBUG] [39;1msnarkJS[0m: betaTauG1: fft 11 join  8/11  8/8 1/2
[36;22m[DEBUG] [39;1msnarkJS[0m: betaTauG1: fft 11 join  8/11  4/8 0/2
[36;22m[DEBUG] [39;1msnarkJS[0m: betaTauG1: fft 11 join  8/11  4/8 1/2
[36;22m[DEBUG] [39;1msnarkJS[0m: betaTauG1: fft 11 join  8/11  6/8 1/2
[36;22m[DEBUG] [39;1msnarkJS[0m: betaTauG1: fft 11 join  8/11  1/8 1/2
[36;22m[DEBUG] [39;1msnarkJS[0m: betaTauG1: fft  11  join: 9/11
[36;22m[DEBUG] [39;1msnarkJS[0m: betaTauG1: fft 11 join  9/11  1/4 0/4
[36;22m[DEBUG] [39;1msnarkJS[0m: betaTauG1: fft 11 join  9/11  3/4 0/4
[36;22m[DEBUG] [39;1msnarkJS[0m: betaTauG1: fft 11 join  9/11  4/4 0/4
[36;22m[DEBUG] [39;1msnarkJS[0m: betaTauG1: fft 11 join  9/11  1/4 2/4
[36;22m[DEBUG] [39;1msnarkJS[0m: betaTauG1: fft 11 join  9/11  1/4 3/4
[36;22m[DEBUG] [39;1msnarkJS[0m: betaTauG1: fft 11 join  9/11  2/4 0/4
[36;22m[DEBUG] [39;1msnarkJS[0m: betaTauG1: fft 11 join  9/11  3/4 3/4
[36;22m[DEBUG] [39;1msnarkJS[0m: betaTauG1: fft 11 join  9/11  4/4 2/4
[36;22m[DEBUG] [39;1msnarkJS[0m: betaTauG1: fft 11 join  9/11  3/4 1/4
[36;22m[DEBUG] [39;1msnarkJS[0m: betaTauG1: fft 11 join  9/11  4/4 1/4
[36;22m[DEBUG] [39;1msnarkJS[0m: betaTauG1: fft 11 join  9/11  4/4 3/4
[36;22m[DEBUG] [39;1msnarkJS[0m: betaTauG1: fft 11 join  9/11  2/4 1/4
[36;22m[DEBUG] [39;1msnarkJS[0m: betaTauG1: fft 11 join  9/11  2/4 3/4
[36;22m[DEBUG] [39;1msnarkJS[0m: betaTauG1: fft 11 join  9/11  1/4 1/4
[36;22m[DEBUG] [39;1msnarkJS[0m: betaTauG1: fft 11 join  9/11  3/4 2/4
[36;22m[DEBUG] [39;1msnarkJS[0m: betaTauG1: fft 11 join  9/11  2/4 2/4
[36;22m[DEBUG] [39;1msnarkJS[0m: betaTauG1: fft  11  join: 10/11
[36;22m[DEBUG] [39;1msnarkJS[0m: betaTauG1: fft 11 join  10/11  2/2 0/8
[36;22m[DEBUG] [39;1msnarkJS[0m: betaTauG1: fft 11 join  10/11  2/2 2/8
[36;22m[DEBUG] [39;1msnarkJS[0m: betaTauG1: fft 11 join  10/11  1/2 0/8
[36;22m[DEBUG] [39;1msnarkJS[0m: betaTauG1: fft 11 join  10/11  1/2 6/8
[36;22m[DEBUG] [39;1msnarkJS[0m: betaTauG1: fft 11 join  10/11  2/2 7/8
[36;22m[DEBUG] [39;1msnarkJS[0m: betaTauG1: fft 11 join  10/11  2/2 5/8
[36;22m[DEBUG] [39;1msnarkJS[0m: betaTauG1: fft 11 join  10/11  1/2 5/8
[36;22m[DEBUG] [39;1msnarkJS[0m: betaTauG1: fft 11 join  10/11  2/2 4/8
[36;22m[DEBUG] [39;1msnarkJS[0m: betaTauG1: fft 11 join  10/11  2/2 6/8
[36;22m[DEBUG] [39;1msnarkJS[0m: betaTauG1: fft 11 join  10/11  1/2 4/8
[36;22m[DEBUG] [39;1msnarkJS[0m: betaTauG1: fft 11 join  10/11  2/2 1/8
[36;22m[DEBUG] [39;1msnarkJS[0m: betaTauG1: fft 11 join  10/11  1/2 2/8
[36;22m[DEBUG] [39;1msnarkJS[0m: betaTauG1: fft 11 join  10/11  1/2 3/8
[36;22m[DEBUG] [39;1msnarkJS[0m: betaTauG1: fft 11 join  10/11  2/2 3/8
[36;22m[DEBUG] [39;1msnarkJS[0m: betaTauG1: fft 11 join  10/11  1/2 7/8
[36;22m[DEBUG] [39;1msnarkJS[0m: betaTauG1: fft 11 join  10/11  1/2 1/8
[36;22m[DEBUG] [39;1msnarkJS[0m: betaTauG1: fft  11  join: 11/11
[36;22m[DEBUG] [39;1msnarkJS[0m: betaTauG1: fft 11 join  11/11  1/1 0/16
[36;22m[DEBUG] [39;1msnarkJS[0m: betaTauG1: fft 11 join  11/11  1/1 3/16
[36;22m[DEBUG] [39;1msnarkJS[0m: betaTauG1: fft 11 join  11/11  1/1 5/16
[36;22m[DEBUG] [39;1msnarkJS[0m: betaTauG1: fft 11 join  11/11  1/1 8/16
[36;22m[DEBUG] [39;1msnarkJS[0m: betaTauG1: fft 11 join  11/11  1/1 9/16
[36;22m[DEBUG] [39;1msnarkJS[0m: betaTauG1: fft 11 join  11/11  1/1 10/16
[36;22m[DEBUG] [39;1msnarkJS[0m: betaTauG1: fft 11 join  11/11  1/1 11/16
[36;22m[DEBUG] [39;1msnarkJS[0m: betaTauG1: fft 11 join  11/11  1/1 13/16
[36;22m[DEBUG] [39;1msnarkJS[0m: betaTauG1: fft 11 join  11/11  1/1 14/16
[36;22m[DEBUG] [39;1msnarkJS[0m: betaTauG1: fft 11 join  11/11  1/1 15/16
[36;22m[DEBUG] [39;1msnarkJS[0m: betaTauG1: fft 11 join  11/11  1/1 4/16
[36;22m[DEBUG] [39;1msnarkJS[0m: betaTauG1: fft 11 join  11/11  1/1 2/16
[36;22m[DEBUG] [39;1msnarkJS[0m: betaTauG1: fft 11 join  11/11  1/1 6/16
[36;22m[DEBUG] [39;1msnarkJS[0m: betaTauG1: fft 11 join  11/11  1/1 12/16
[36;22m[DEBUG] [39;1msnarkJS[0m: betaTauG1: fft 11 join  11/11  1/1 7/16
[36;22m[DEBUG] [39;1msnarkJS[0m: betaTauG1: fft 11 join  11/11  1/1 1/16
[36;22m[DEBUG] [39;1msnarkJS[0m: betaTauG1: fft 12 mix start: 0/32
[36;22m[DEBUG] [39;1msnarkJS[0m: betaTauG1: fft 12 mix start: 1/32
[36;22m[DEBUG] [39;1msnarkJS[0m: betaTauG1: fft 12 mix start: 2/32
[36;22m[DEBUG] [39;1msnarkJS[0m: betaTauG1: fft 12 mix start: 3/32
[36;22m[DEBUG] [39;1msnarkJS[0m: betaTauG1: fft 12 mix start: 4/32
[36;22m[DEBUG] [39;1msnarkJS[0m: betaTauG1: fft 12 mix start: 5/32
[36;22m[DEBUG] [39;1msnarkJS[0m: betaTauG1: fft 12 mix start: 6/32
[36;22m[DEBUG] [39;1msnarkJS[0m: betaTauG1: fft 12 mix start: 7/32
[36;22m[DEBUG] [39;1msnarkJS[0m: betaTauG1: fft 12 mix start: 8/32
[36;22m[DEBUG] [39;1msnarkJS[0m: betaTauG1: fft 12 mix start: 9/32
[36;22m[DEBUG] [39;1msnarkJS[0m: betaTauG1: fft 12 mix start: 10/32
[36;22m[DEBUG] [39;1msnarkJS[0m: betaTauG1: fft 12 mix start: 11/32
[36;22m[DEBUG] [39;1msnarkJS[0m: betaTauG1: fft 12 mix start: 12/32
[36;22m[DEBUG] [39;1msnarkJS[0m: betaTauG1: fft 12 mix start: 13/32
[36;22m[DEBUG] [39;1msnarkJS[0m: betaTauG1: fft 12 mix start: 14/32
[36;22m[DEBUG] [39;1msnarkJS[0m: betaTauG1: fft 12 mix start: 15/32
[36;22m[DEBUG] [39;1msnarkJS[0m: betaTauG1: fft 12 mix start: 16/32
[36;22m[DEBUG] [39;1msnarkJS[0m: betaTauG1: fft 12 mix start: 17/32
[36;22m[DEBUG] [39;1msnarkJS[0m: betaTauG1: fft 12 mix start: 18/32
[36;22m[DEBUG] [39;1msnarkJS[0m: betaTauG1: fft 12 mix start: 19/32
[36;22m[DEBUG] [39;1msnarkJS[0m: betaTauG1: fft 12 mix start: 20/32
[36;22m[DEBUG] [39;1msnarkJS[0m: betaTauG1: fft 12 mix start: 21/32
[36;22m[DEBUG] [39;1msnarkJS[0m: betaTauG1: fft 12 mix start: 22/32
[36;22m[DEBUG] [39;1msnarkJS[0m: betaTauG1: fft 12 mix start: 23/32
[36;22m[DEBUG] [39;1msnarkJS[0m: betaTauG1: fft 12 mix start: 24/32
[36;22m[DEBUG] [39;1msnarkJS[0m: betaTauG1: fft 12 mix start: 25/32
[36;22m[DEBUG] [39;1msnarkJS[0m: betaTauG1: fft 12 mix start: 26/32
[36;22m[DEBUG] [39;1msnarkJS[0m: betaTauG1: fft 12 mix start: 27/32
[36;22m[DEBUG] [39;1msnarkJS[0m: betaTauG1: fft 12 mix start: 28/32
[36;22m[DEBUG] [39;1msnarkJS[0m: betaTauG1: fft 12 mix start: 29/32
[36;22m[DEBUG] [39;1msnarkJS[0m: betaTauG1: fft 12 mix start: 30/32
[36;22m[DEBUG] [39;1msnarkJS[0m: betaTauG1: fft 12 mix start: 31/32
[36;22m[DEBUG] [39;1msnarkJS[0m: betaTauG1: fft 12 mix end: 3/32
[36;22m[DEBUG] [39;1msnarkJS[0m: betaTauG1: fft 12 mix end: 16/32
[36;22m[DEBUG] [39;1msnarkJS[0m: betaTauG1: fft 12 mix end: 15/32
[36;22m[DEBUG] [39;1msnarkJS[0m: betaTauG1: fft 12 mix end: 20/32
[36;22m[DEBUG] [39;1msnarkJS[0m: betaTauG1: fft 12 mix end: 25/32
[36;22m[DEBUG] [39;1msnarkJS[0m: betaTauG1: fft 12 mix end: 9/32
[36;22m[DEBUG] [39;1msnarkJS[0m: betaTauG1: fft 12 mix end: 19/32
[36;22m[DEBUG] [39;1msnarkJS[0m: betaTauG1: fft 12 mix end: 12/32
[36;22m[DEBUG] [39;1msnarkJS[0m: betaTauG1: fft 12 mix end: 2/32
[36;22m[DEBUG] [39;1msnarkJS[0m: betaTauG1: fft 12 mix end: 29/32
[36;22m[DEBUG] [39;1msnarkJS[0m: betaTauG1: fft 12 mix end: 18/32
[36;22m[DEBUG] [39;1msnarkJS[0m: betaTauG1: fft 12 mix end: 4/32
[36;22m[DEBUG] [39;1msnarkJS[0m: betaTauG1: fft 12 mix end: 24/32
[36;22m[DEBUG] [39;1msnarkJS[0m: betaTauG1: fft 12 mix end: 8/32
[36;22m[DEBUG] [39;1msnarkJS[0m: betaTauG1: fft 12 mix end: 0/32
[36;22m[DEBUG] [39;1msnarkJS[0m: betaTauG1: fft 12 mix end: 22/32
[36;22m[DEBUG] [39;1msnarkJS[0m: betaTauG1: fft 12 mix end: 11/32
[36;22m[DEBUG] [39;1msnarkJS[0m: betaTauG1: fft 12 mix end: 17/32
[36;22m[DEBUG] [39;1msnarkJS[0m: betaTauG1: fft 12 mix end: 5/32
[36;22m[DEBUG] [39;1msnarkJS[0m: betaTauG1: fft 12 mix end: 14/32
[36;22m[DEBUG] [39;1msnarkJS[0m: betaTauG1: fft 12 mix end: 10/32
[36;22m[DEBUG] [39;1msnarkJS[0m: betaTauG1: fft 12 mix end: 13/32
[36;22m[DEBUG] [39;1msnarkJS[0m: betaTauG1: fft 12 mix end: 21/32
[36;22m[DEBUG] [39;1msnarkJS[0m: betaTauG1: fft 12 mix end: 23/32
[36;22m[DEBUG] [39;1msnarkJS[0m: betaTauG1: fft 12 mix end: 30/32
[36;22m[DEBUG] [39;1msnarkJS[0m: betaTauG1: fft 12 mix end: 1/32
[36;22m[DEBUG] [39;1msnarkJS[0m: betaTauG1: fft 12 mix end: 28/32
[36;22m[DEBUG] [39;1msnarkJS[0m: betaTauG1: fft 12 mix end: 26/32
[36;22m[DEBUG] [39;1msnarkJS[0m: betaTauG1: fft 12 mix end: 6/32
[36;22m[DEBUG] [39;1msnarkJS[0m: betaTauG1: fft 12 mix end: 27/32
[36;22m[DEBUG] [39;1msnarkJS[0m: betaTauG1: fft 12 mix end: 7/32
[36;22m[DEBUG] [39;1msnarkJS[0m: betaTauG1: fft 12 mix end: 31/32
[36;22m[DEBUG] [39;1msnarkJS[0m: betaTauG1: fft  12  join: 8/12
[36;22m[DEBUG] [39;1msnarkJS[0m: betaTauG1: fft 12 join  8/12  1/16 0/1
[36;22m[DEBUG] [39;1msnarkJS[0m: betaTauG1: fft 12 join  8/12  12/16 0/1
[36;22m[DEBUG] [39;1msnarkJS[0m: betaTauG1: fft 12 join  8/12  6/16 0/1
[36;22m[DEBUG] [39;1msnarkJS[0m: betaTauG1: fft 12 join  8/12  11/16 0/1
[36;22m[DEBUG] [39;1msnarkJS[0m: betaTauG1: fft 12 join  8/12  4/16 0/1
[36;22m[DEBUG] [39;1msnarkJS[0m: betaTauG1: fft 12 join  8/12  9/16 0/1
[36;22m[DEBUG] [39;1msnarkJS[0m: betaTauG1: fft 12 join  8/12  15/16 0/1
[36;22m[DEBUG] [39;1msnarkJS[0m: betaTauG1: fft 12 join  8/12  8/16 0/1
[36;22m[DEBUG] [39;1msnarkJS[0m: betaTauG1: fft 12 join  8/12  7/16 0/1
[36;22m[DEBUG] [39;1msnarkJS[0m: betaTauG1: fft 12 join  8/12  16/16 0/1
[36;22m[DEBUG] [39;1msnarkJS[0m: betaTauG1: fft 12 join  8/12  10/16 0/1
[36;22m[DEBUG] [39;1msnarkJS[0m: betaTauG1: fft 12 join  8/12  5/16 0/1
[36;22m[DEBUG] [39;1msnarkJS[0m: betaTauG1: fft 12 join  8/12  14/16 0/1
[36;22m[DEBUG] [39;1msnarkJS[0m: betaTauG1: fft 12 join  8/12  2/16 0/1
[36;22m[DEBUG] [39;1msnarkJS[0m: betaTauG1: fft 12 join  8/12  13/16 0/1
[36;22m[DEBUG] [39;1msnarkJS[0m: betaTauG1: fft 12 join  8/12  3/16 0/1
[36;22m[DEBUG] [39;1msnarkJS[0m: betaTauG1: fft  12  join: 9/12
[36;22m[DEBUG] [39;1msnarkJS[0m: betaTauG1: fft 12 join  9/12  2/8 0/2
[36;22m[DEBUG] [39;1msnarkJS[0m: betaTauG1: fft 12 join  9/12  1/8 0/2
[36;22m[DEBUG] [39;1msnarkJS[0m: betaTauG1: fft 12 join  9/12  7/8 0/2
[36;22m[DEBUG] [39;1msnarkJS[0m: betaTauG1: fft 12 join  9/12  2/8 1/2
[36;22m[DEBUG] [39;1msnarkJS[0m: betaTauG1: fft 12 join  9/12  3/8 1/2
[36;22m[DEBUG] [39;1msnarkJS[0m: betaTauG1: fft 12 join  9/12  6/8 0/2
[36;22m[DEBUG] [39;1msnarkJS[0m: betaTauG1: fft 12 join  9/12  6/8 1/2
[36;22m[DEBUG] [39;1msnarkJS[0m: betaTauG1: fft 12 join  9/12  8/8 0/2
[36;22m[DEBUG] [39;1msnarkJS[0m: betaTauG1: fft 12 join  9/12  8/8 1/2
[36;22m[DEBUG] [39;1msnarkJS[0m: betaTauG1: fft 12 join  9/12  3/8 0/2
[36;22m[DEBUG] [39;1msnarkJS[0m: betaTauG1: fft 12 join  9/12  4/8 0/2
[36;22m[DEBUG] [39;1msnarkJS[0m: betaTauG1: fft 12 join  9/12  5/8 0/2
[36;22m[DEBUG] [39;1msnarkJS[0m: betaTauG1: fft 12 join  9/12  5/8 1/2
[36;22m[DEBUG] [39;1msnarkJS[0m: betaTauG1: fft 12 join  9/12  7/8 1/2
[36;22m[DEBUG] [39;1msnarkJS[0m: betaTauG1: fft 12 join  9/12  4/8 1/2
[36;22m[DEBUG] [39;1msnarkJS[0m: betaTauG1: fft 12 join  9/12  1/8 1/2
[36;22m[DEBUG] [39;1msnarkJS[0m: betaTauG1: fft  12  join: 10/12
[36;22m[DEBUG] [39;1msnarkJS[0m: betaTauG1: fft 12 join  10/12  1/4 0/4
[36;22m[DEBUG] [39;1msnarkJS[0m: betaTauG1: fft 12 join  10/12  3/4 0/4
[36;22m[DEBUG] [39;1msnarkJS[0m: betaTauG1: fft 12 join  10/12  1/4 3/4
[36;22m[DEBUG] [39;1msnarkJS[0m: betaTauG1: fft 12 join  10/12  2/4 1/4
[36;22m[DEBUG] [39;1msnarkJS[0m: betaTauG1: fft 12 join  10/12  3/4 3/4
[36;22m[DEBUG] [39;1msnarkJS[0m: betaTauG1: fft 12 join  10/12  2/4 0/4
[36;22m[DEBUG] [39;1msnarkJS[0m: betaTauG1: fft 12 join  10/12  3/4 2/4
[36;22m[DEBUG] [39;1msnarkJS[0m: betaTauG1: fft 12 join  10/12  4/4 2/4
[36;22m[DEBUG] [39;1msnarkJS[0m: betaTauG1: fft 12 join  10/12  4/4 3/4
[36;22m[DEBUG] [39;1msnarkJS[0m: betaTauG1: fft 12 join  10/12  3/4 1/4
[36;22m[DEBUG] [39;1msnarkJS[0m: betaTauG1: fft 12 join  10/12  4/4 1/4
[36;22m[DEBUG] [39;1msnarkJS[0m: betaTauG1: fft 12 join  10/12  1/4 2/4
[36;22m[DEBUG] [39;1msnarkJS[0m: betaTauG1: fft 12 join  10/12  2/4 2/4
[36;22m[DEBUG] [39;1msnarkJS[0m: betaTauG1: fft 12 join  10/12  4/4 0/4
[36;22m[DEBUG] [39;1msnarkJS[0m: betaTauG1: fft 12 join  10/12  2/4 3/4
[36;22m[DEBUG] [39;1msnarkJS[0m: betaTauG1: fft 12 join  10/12  1/4 1/4
[36;22m[DEBUG] [39;1msnarkJS[0m: betaTauG1: fft  12  join: 11/12
[36;22m[DEBUG] [39;1msnarkJS[0m: betaTauG1: fft 12 join  11/12  1/2 0/8
[36;22m[DEBUG] [39;1msnarkJS[0m: betaTauG1: fft 12 join  11/12  1/2 5/8
[36;22m[DEBUG] [39;1msnarkJS[0m: betaTauG1: fft 12 join  11/12  1/2 3/8
[36;22m[DEBUG] [39;1msnarkJS[0m: betaTauG1: fft 12 join  11/12  1/2 4/8
[36;22m[DEBUG] [39;1msnarkJS[0m: betaTauG1: fft 12 join  11/12  2/2 0/8
[36;22m[DEBUG] [39;1msnarkJS[0m: betaTauG1: fft 12 join  11/12  2/2 3/8
[36;22m[DEBUG] [39;1msnarkJS[0m: betaTauG1: fft 12 join  11/12  2/2 5/8
[36;22m[DEBUG] [39;1msnarkJS[0m: betaTauG1: fft 12 join  11/12  2/2 2/8
[36;22m[DEBUG] [39;1msnarkJS[0m: betaTauG1: fft 12 join  11/12  1/2 2/8
[36;22m[DEBUG] [39;1msnarkJS[0m: betaTauG1: fft 12 join  11/12  2/2 4/8
[36;22m[DEBUG] [39;1msnarkJS[0m: betaTauG1: fft 12 join  11/12  2/2 6/8
[36;22m[DEBUG] [39;1msnarkJS[0m: betaTauG1: fft 12 join  11/12  2/2 7/8
[36;22m[DEBUG] [39;1msnarkJS[0m: betaTauG1: fft 12 join  11/12  1/2 6/8
[36;22m[DEBUG] [39;1msnarkJS[0m: betaTauG1: fft 12 join  11/12  2/2 1/8
[36;22m[DEBUG] [39;1msnarkJS[0m: betaTauG1: fft 12 join  11/12  1/2 7/8
[36;22m[DEBUG] [39;1msnarkJS[0m: betaTauG1: fft 12 join  11/12  1/2 1/8
[36;22m[DEBUG] [39;1msnarkJS[0m: betaTauG1: fft  12  join: 12/12
[36;22m[DEBUG] [39;1msnarkJS[0m: betaTauG1: fft 12 join  12/12  1/1 0/16
[36;22m[DEBUG] [39;1msnarkJS[0m: betaTauG1: fft 12 join  12/12  1/1 8/16
[36;22m[DEBUG] [39;1msnarkJS[0m: betaTauG1: fft 12 join  12/12  1/1 9/16
[36;22m[DEBUG] [39;1msnarkJS[0m: betaTauG1: fft 12 join  12/12  1/1 5/16
[36;22m[DEBUG] [39;1msnarkJS[0m: betaTauG1: fft 12 join  12/12  1/1 14/16
[36;22m[DEBUG] [39;1msnarkJS[0m: betaTauG1: fft 12 join  12/12  1/1 10/16
[36;22m[DEBUG] [39;1msnarkJS[0m: betaTauG1: fft 12 join  12/12  1/1 3/16
[36;22m[DEBUG] [39;1msnarkJS[0m: betaTauG1: fft 12 join  12/12  1/1 11/16
[36;22m[DEBUG] [39;1msnarkJS[0m: betaTauG1: fft 12 join  12/12  1/1 12/16
[36;22m[DEBUG] [39;1msnarkJS[0m: betaTauG1: fft 12 join  12/12  1/1 15/16
[36;22m[DEBUG] [39;1msnarkJS[0m: betaTauG1: fft 12 join  12/12  1/1 2/16
[36;22m[DEBUG] [39;1msnarkJS[0m: betaTauG1: fft 12 join  12/12  1/1 4/16
[36;22m[DEBUG] [39;1msnarkJS[0m: betaTauG1: fft 12 join  12/12  1/1 13/16
[36;22m[DEBUG] [39;1msnarkJS[0m: betaTauG1: fft 12 join  12/12  1/1 6/16
[36;22m[DEBUG] [39;1msnarkJS[0m: betaTauG1: fft 12 join  12/12  1/1 7/16
[36;22m[DEBUG] [39;1msnarkJS[0m: betaTauG1: fft 12 join  12/12  1/1 1/16
[36;22m[DEBUG] [39;1msnarkJS[0m: betaTauG1: fft 13 mix start: 0/32
[36;22m[DEBUG] [39;1msnarkJS[0m: betaTauG1: fft 13 mix start: 1/32
[36;22m[DEBUG] [39;1msnarkJS[0m: betaTauG1: fft 13 mix start: 2/32
[36;22m[DEBUG] [39;1msnarkJS[0m: betaTauG1: fft 13 mix start: 3/32
[36;22m[DEBUG] [39;1msnarkJS[0m: betaTauG1: fft 13 mix start: 4/32
[36;22m[DEBUG] [39;1msnarkJS[0m: betaTauG1: fft 13 mix start: 5/32
[36;22m[DEBUG] [39;1msnarkJS[0m: betaTauG1: fft 13 mix start: 6/32
[36;22m[DEBUG] [39;1msnarkJS[0m: betaTauG1: fft 13 mix start: 7/32
[36;22m[DEBUG] [39;1msnarkJS[0m: betaTauG1: fft 13 mix start: 8/32
[36;22m[DEBUG] [39;1msnarkJS[0m: betaTauG1: fft 13 mix start: 9/32
[36;22m[DEBUG] [39;1msnarkJS[0m: betaTauG1: fft 13 mix start: 10/32
[36;22m[DEBUG] [39;1msnarkJS[0m: betaTauG1: fft 13 mix start: 11/32
[36;22m[DEBUG] [39;1msnarkJS[0m: betaTauG1: fft 13 mix start: 12/32
[36;22m[DEBUG] [39;1msnarkJS[0m: betaTauG1: fft 13 mix start: 13/32
[36;22m[DEBUG] [39;1msnarkJS[0m: betaTauG1: fft 13 mix start: 14/32
[36;22m[DEBUG] [39;1msnarkJS[0m: betaTauG1: fft 13 mix start: 15/32
[36;22m[DEBUG] [39;1msnarkJS[0m: betaTauG1: fft 13 mix start: 16/32
[36;22m[DEBUG] [39;1msnarkJS[0m: betaTauG1: fft 13 mix start: 17/32
[36;22m[DEBUG] [39;1msnarkJS[0m: betaTauG1: fft 13 mix start: 18/32
[36;22m[DEBUG] [39;1msnarkJS[0m: betaTauG1: fft 13 mix start: 19/32
[36;22m[DEBUG] [39;1msnarkJS[0m: betaTauG1: fft 13 mix start: 20/32
[36;22m[DEBUG] [39;1msnarkJS[0m: betaTauG1: fft 13 mix start: 21/32
[36;22m[DEBUG] [39;1msnarkJS[0m: betaTauG1: fft 13 mix start: 22/32
[36;22m[DEBUG] [39;1msnarkJS[0m: betaTauG1: fft 13 mix start: 23/32
[36;22m[DEBUG] [39;1msnarkJS[0m: betaTauG1: fft 13 mix start: 24/32
[36;22m[DEBUG] [39;1msnarkJS[0m: betaTauG1: fft 13 mix start: 25/32
[36;22m[DEBUG] [39;1msnarkJS[0m: betaTauG1: fft 13 mix start: 26/32
[36;22m[DEBUG] [39;1msnarkJS[0m: betaTauG1: fft 13 mix start: 27/32
[36;22m[DEBUG] [39;1msnarkJS[0m: betaTauG1: fft 13 mix start: 28/32
[36;22m[DEBUG] [39;1msnarkJS[0m: betaTauG1: fft 13 mix start: 29/32
[36;22m[DEBUG] [39;1msnarkJS[0m: betaTauG1: fft 13 mix start: 30/32
[36;22m[DEBUG] [39;1msnarkJS[0m: betaTauG1: fft 13 mix start: 31/32
[36;22m[DEBUG] [39;1msnarkJS[0m: betaTauG1: fft 13 mix end: 3/32
[36;22m[DEBUG] [39;1msnarkJS[0m: betaTauG1: fft 13 mix end: 11/32
[36;22m[DEBUG] [39;1msnarkJS[0m: betaTauG1: fft 13 mix end: 8/32
[36;22m[DEBUG] [39;1msnarkJS[0m: betaTauG1: fft 13 mix end: 9/32
[36;22m[DEBUG] [39;1msnarkJS[0m: betaTauG1: fft 13 mix end: 19/32
[36;22m[DEBUG] [39;1msnarkJS[0m: betaTauG1: fft 13 mix end: 2/32
[36;22m[DEBUG] [39;1msnarkJS[0m: betaTauG1: fft 13 mix end: 29/32
[36;22m[DEBUG] [39;1msnarkJS[0m: betaTauG1: fft 13 mix end: 12/32
[36;22m[DEBUG] [39;1msnarkJS[0m: betaTauG1: fft 13 mix end: 27/32
[36;22m[DEBUG] [39;1msnarkJS[0m: betaTauG1: fft 13 mix end: 4/32
[36;22m[DEBUG] [39;1msnarkJS[0m: betaTauG1: fft 13 mix end: 17/32
[36;22m[DEBUG] [39;1msnarkJS[0m: betaTauG1: fft 13 mix end: 20/32
[36;22m[DEBUG] [39;1msnarkJS[0m: betaTauG1: fft 13 mix end: 7/32
[36;22m[DEBUG] [39;1msnarkJS[0m: betaTauG1: fft 13 mix end: 21/32
[36;22m[DEBUG] [39;1msnarkJS[0m: betaTauG1: fft 13 mix end: 10/32
[36;22m[DEBUG] [39;1msnarkJS[0m: betaTauG1: fft 13 mix end: 6/32
[36;22m[DEBUG] [39;1msnarkJS[0m: betaTauG1: fft 13 mix end: 24/32
[36;22m[DEBUG] [39;1msnarkJS[0m: betaTauG1: fft 13 mix end: 15/32
[36;22m[DEBUG] [39;1msnarkJS[0m: betaTauG1: fft 13 mix end: 31/32
[36;22m[DEBUG] [39;1msnarkJS[0m: betaTauG1: fft 13 mix end: 16/32
[36;22m[DEBUG] [39;1msnarkJS[0m: betaTauG1: fft 13 mix end: 0/32
[36;22m[DEBUG] [39;1msnarkJS[0m: betaTauG1: fft 13 mix end: 25/32
[36;22m[DEBUG] [39;1msnarkJS[0m: betaTauG1: fft 13 mix end: 5/32
[36;22m[DEBUG] [39;1msnarkJS[0m: betaTauG1: fft 13 mix end: 14/32
[36;22m[DEBUG] [39;1msnarkJS[0m: betaTauG1: fft 13 mix end: 13/32
[36;22m[DEBUG] [39;1msnarkJS[0m: betaTauG1: fft 13 mix end: 28/32
[36;22m[DEBUG] [39;1msnarkJS[0m: betaTauG1: fft 13 mix end: 23/32
[36;22m[DEBUG] [39;1msnarkJS[0m: betaTauG1: fft 13 mix end: 26/32
[36;22m[DEBUG] [39;1msnarkJS[0m: betaTauG1: fft 13 mix end: 22/32
[36;22m[DEBUG] [39;1msnarkJS[0m: betaTauG1: fft 13 mix end: 1/32
[36;22m[DEBUG] [39;1msnarkJS[0m: betaTauG1: fft 13 mix end: 18/32
[36;22m[DEBUG] [39;1msnarkJS[0m: betaTauG1: fft 13 mix end: 30/32
[36;22m[DEBUG] [39;1msnarkJS[0m: betaTauG1: fft  13  join: 9/13
[36;22m[DEBUG] [39;1msnarkJS[0m: betaTauG1: fft 13 join  9/13  1/16 0/1
[36;22m[DEBUG] [39;1msnarkJS[0m: betaTauG1: fft 13 join  9/13  15/16 0/1
[36;22m[DEBUG] [39;1msnarkJS[0m: betaTauG1: fft 13 join  9/13  6/16 0/1
[36;22m[DEBUG] [39;1msnarkJS[0m: betaTauG1: fft 13 join  9/13  7/16 0/1
[36;22m[DEBUG] [39;1msnarkJS[0m: betaTauG1: fft 13 join  9/13  14/16 0/1
[36;22m[DEBUG] [39;1msnarkJS[0m: betaTauG1: fft 13 join  9/13  4/16 0/1
[36;22m[DEBUG] [39;1msnarkJS[0m: betaTauG1: fft 13 join  9/13  9/16 0/1
[36;22m[DEBUG] [39;1msnarkJS[0m: betaTauG1: fft 13 join  9/13  12/16 0/1
[36;22m[DEBUG] [39;1msnarkJS[0m: betaTauG1: fft 13 join  9/13  16/16 0/1
[36;22m[DEBUG] [39;1msnarkJS[0m: betaTauG1: fft 13 join  9/13  3/16 0/1
[36;22m[DEBUG] [39;1msnarkJS[0m: betaTauG1: fft 13 join  9/13  11/16 0/1
[36;22m[DEBUG] [39;1msnarkJS[0m: betaTauG1: fft 13 join  9/13  10/16 0/1
[36;22m[DEBUG] [39;1msnarkJS[0m: betaTauG1: fft 13 join  9/13  2/16 0/1
[36;22m[DEBUG] [39;1msnarkJS[0m: betaTauG1: fft 13 join  9/13  8/16 0/1
[36;22m[DEBUG] [39;1msnarkJS[0m: betaTauG1: fft 13 join  9/13  5/16 0/1
[36;22m[DEBUG] [39;1msnarkJS[0m: betaTauG1: fft 13 join  9/13  13/16 0/1
[36;22m[DEBUG] [39;1msnarkJS[0m: betaTauG1: fft  13  join: 10/13
[36;22m[DEBUG] [39;1msnarkJS[0m: betaTauG1: fft 13 join  10/13  3/8 0/2
[36;22m[DEBUG] [39;1msnarkJS[0m: betaTauG1: fft 13 join  10/13  1/8 0/2
[36;22m[DEBUG] [39;1msnarkJS[0m: betaTauG1: fft 13 join  10/13  2/8 0/2
[36;22m[DEBUG] [39;1msnarkJS[0m: betaTauG1: fft 13 join  10/13  7/8 0/2
[36;22m[DEBUG] [39;1msnarkJS[0m: betaTauG1: fft 13 join  10/13  5/8 1/2
[36;22m[DEBUG] [39;1msnarkJS[0m: betaTauG1: fft 13 join  10/13  6/8 1/2
[36;22m[DEBUG] [39;1msnarkJS[0m: betaTauG1: fft 13 join  10/13  2/8 1/2
[36;22m[DEBUG] [39;1msnarkJS[0m: betaTauG1: fft 13 join  10/13  3/8 1/2
[36;22m[DEBUG] [39;1msnarkJS[0m: betaTauG1: fft 13 join  10/13  4/8 0/2
[36;22m[DEBUG] [39;1msnarkJS[0m: betaTauG1: fft 13 join  10/13  8/8 0/2
[36;22m[DEBUG] [39;1msnarkJS[0m: betaTauG1: fft 13 join  10/13  5/8 0/2
[36;22m[DEBUG] [39;1msnarkJS[0m: betaTauG1: fft 13 join  10/13  7/8 1/2
[36;22m[DEBUG] [39;1msnarkJS[0m: betaTauG1: fft 13 join  10/13  8/8 1/2
[36;22m[DEBUG] [39;1msnarkJS[0m: betaTauG1: fft 13 join  10/13  6/8 0/2
[36;22m[DEBUG] [39;1msnarkJS[0m: betaTauG1: fft 13 join  10/13  4/8 1/2
[36;22m[DEBUG] [39;1msnarkJS[0m: betaTauG1: fft 13 join  10/13  1/8 1/2
[36;22m[DEBUG] [39;1msnarkJS[0m: betaTauG1: fft  13  join: 11/13
[36;22m[DEBUG] [39;1msnarkJS[0m: betaTauG1: fft 13 join  11/13  1/4 0/4
[36;22m[DEBUG] [39;1msnarkJS[0m: betaTauG1: fft 13 join  11/13  4/4 2/4
[36;22m[DEBUG] [39;1msnarkJS[0m: betaTauG1: fft 13 join  11/13  1/4 3/4
[36;22m[DEBUG] [39;1msnarkJS[0m: betaTauG1: fft 13 join  11/13  2/4 1/4
[36;22m[DEBUG] [39;1msnarkJS[0m: betaTauG1: fft 13 join  11/13  2/4 2/4
[36;22m[DEBUG] [39;1msnarkJS[0m: betaTauG1: fft 13 join  11/13  3/4 0/4
[36;22m[DEBUG] [39;1msnarkJS[0m: betaTauG1: fft 13 join  11/13  3/4 3/4
[36;22m[DEBUG] [39;1msnarkJS[0m: betaTauG1: fft 13 join  11/13  4/4 1/4
[36;22m[DEBUG] [39;1msnarkJS[0m: betaTauG1: fft 13 join  11/13  2/4 0/4
[36;22m[DEBUG] [39;1msnarkJS[0m: betaTauG1: fft 13 join  11/13  3/4 2/4
[36;22m[DEBUG] [39;1msnarkJS[0m: betaTauG1: fft 13 join  11/13  4/4 3/4
[36;22m[DEBUG] [39;1msnarkJS[0m: betaTauG1: fft 13 join  11/13  4/4 0/4
[36;22m[DEBUG] [39;1msnarkJS[0m: betaTauG1: fft 13 join  11/13  3/4 1/4
[36;22m[DEBUG] [39;1msnarkJS[0m: betaTauG1: fft 13 join  11/13  1/4 2/4
[36;22m[DEBUG] [39;1msnarkJS[0m: betaTauG1: fft 13 join  11/13  2/4 3/4
[36;22m[DEBUG] [39;1msnarkJS[0m: betaTauG1: fft 13 join  11/13  1/4 1/4
[36;22m[DEBUG] [39;1msnarkJS[0m: betaTauG1: fft  13  join: 12/13
[36;22m[DEBUG] [39;1msnarkJS[0m: betaTauG1: fft 13 join  12/13  1/2 5/8
[36;22m[DEBUG] [39;1msnarkJS[0m: betaTauG1: fft 13 join  12/13  1/2 6/8
[36;22m[DEBUG] [39;1msnarkJS[0m: betaTauG1: fft 13 join  12/13  1/2 3/8
[36;22m[DEBUG] [39;1msnarkJS[0m: betaTauG1: fft 13 join  12/13  1/2 4/8
[36;22m[DEBUG] [39;1msnarkJS[0m: betaTauG1: fft 13 join  12/13  2/2 4/8
[36;22m[DEBUG] [39;1msnarkJS[0m: betaTauG1: fft 13 join  12/13  1/2 0/8
[36;22m[DEBUG] [39;1msnarkJS[0m: betaTauG1: fft 13 join  12/13  2/2 0/8
[36;22m[DEBUG] [39;1msnarkJS[0m: betaTauG1: fft 13 join  12/13  2/2 3/8
[36;22m[DEBUG] [39;1msnarkJS[0m: betaTauG1: fft 13 join  12/13  2/2 5/8
[36;22m[DEBUG] [39;1msnarkJS[0m: betaTauG1: fft 13 join  12/13  2/2 6/8
[36;22m[DEBUG] [39;1msnarkJS[0m: betaTauG1: fft 13 join  12/13  2/2 7/8
[36;22m[DEBUG] [39;1msnarkJS[0m: betaTauG1: fft 13 join  12/13  2/2 1/8
[36;22m[DEBUG] [39;1msnarkJS[0m: betaTauG1: fft 13 join  12/13  2/2 2/8
[36;22m[DEBUG] [39;1msnarkJS[0m: betaTauG1: fft 13 join  12/13  1/2 2/8
[36;22m[DEBUG] [39;1msnarkJS[0m: betaTauG1: fft 13 join  12/13  1/2 7/8
[36;22m[DEBUG] [39;1msnarkJS[0m: betaTauG1: fft 13 join  12/13  1/2 1/8
[36;22m[DEBUG] [39;1msnarkJS[0m: betaTauG1: fft  13  join: 13/13
[36;22m[DEBUG] [39;1msnarkJS[0m: betaTauG1: fft 13 join  13/13  1/1 0/16
[36;22m[DEBUG] [39;1msnarkJS[0m: betaTauG1: fft 13 join  13/13  1/1 3/16
[36;22m[DEBUG] [39;1msnarkJS[0m: betaTauG1: fft 13 join  13/13  1/1 6/16
[36;22m[DEBUG] [39;1msnarkJS[0m: betaTauG1: fft 13 join  13/13  1/1 8/16
[36;22m[DEBUG] [39;1msnarkJS[0m: betaTauG1: fft 13 join  13/13  1/1 11/16
[36;22m[DEBUG] [39;1msnarkJS[0m: betaTauG1: fft 13 join  13/13  1/1 15/16
[36;22m[DEBUG] [39;1msnarkJS[0m: betaTauG1: fft 13 join  13/13  1/1 5/16
[36;22m[DEBUG] [39;1msnarkJS[0m: betaTauG1: fft 13 join  13/13  1/1 9/16
[36;22m[DEBUG] [39;1msnarkJS[0m: betaTauG1: fft 13 join  13/13  1/1 4/16
[36;22m[DEBUG] [39;1msnarkJS[0m: betaTauG1: fft 13 join  13/13  1/1 12/16
[36;22m[DEBUG] [39;1msnarkJS[0m: betaTauG1: fft 13 join  13/13  1/1 2/16
[36;22m[DEBUG] [39;1msnarkJS[0m: betaTauG1: fft 13 join  13/13  1/1 14/16
[36;22m[DEBUG] [39;1msnarkJS[0m: betaTauG1: fft 13 join  13/13  1/1 13/16
[36;22m[DEBUG] [39;1msnarkJS[0m: betaTauG1: fft 13 join  13/13  1/1 10/16
[36;22m[DEBUG] [39;1msnarkJS[0m: betaTauG1: fft 13 join  13/13  1/1 7/16
[36;22m[DEBUG] [39;1msnarkJS[0m: betaTauG1: fft 13 join  13/13  1/1 1/16
[36;22m[DEBUG] [39;1msnarkJS[0m: betaTauG1: fft 14 mix start: 0/32
[36;22m[DEBUG] [39;1msnarkJS[0m: betaTauG1: fft 14 mix start: 1/32
[36;22m[DEBUG] [39;1msnarkJS[0m: betaTauG1: fft 14 mix start: 2/32
[36;22m[DEBUG] [39;1msnarkJS[0m: betaTauG1: fft 14 mix start: 3/32
[36;22m[DEBUG] [39;1msnarkJS[0m: betaTauG1: fft 14 mix start: 4/32
[36;22m[DEBUG] [39;1msnarkJS[0m: betaTauG1: fft 14 mix start: 5/32
[36;22m[DEBUG] [39;1msnarkJS[0m: betaTauG1: fft 14 mix start: 6/32
[36;22m[DEBUG] [39;1msnarkJS[0m: betaTauG1: fft 14 mix start: 7/32
[36;22m[DEBUG] [39;1msnarkJS[0m: betaTauG1: fft 14 mix start: 8/32
[36;22m[DEBUG] [39;1msnarkJS[0m: betaTauG1: fft 14 mix start: 9/32
[36;22m[DEBUG] [39;1msnarkJS[0m: betaTauG1: fft 14 mix start: 10/32
[36;22m[DEBUG] [39;1msnarkJS[0m: betaTauG1: fft 14 mix start: 11/32
[36;22m[DEBUG] [39;1msnarkJS[0m: betaTauG1: fft 14 mix start: 12/32
[36;22m[DEBUG] [39;1msnarkJS[0m: betaTauG1: fft 14 mix start: 13/32
[36;22m[DEBUG] [39;1msnarkJS[0m: betaTauG1: fft 14 mix start: 14/32
[36;22m[DEBUG] [39;1msnarkJS[0m: betaTauG1: fft 14 mix start: 15/32
[36;22m[DEBUG] [39;1msnarkJS[0m: betaTauG1: fft 14 mix start: 16/32
[36;22m[DEBUG] [39;1msnarkJS[0m: betaTauG1: fft 14 mix start: 17/32
[36;22m[DEBUG] [39;1msnarkJS[0m: betaTauG1: fft 14 mix start: 18/32
[36;22m[DEBUG] [39;1msnarkJS[0m: betaTauG1: fft 14 mix start: 19/32
[36;22m[DEBUG] [39;1msnarkJS[0m: betaTauG1: fft 14 mix start: 20/32
[36;22m[DEBUG] [39;1msnarkJS[0m: betaTauG1: fft 14 mix start: 21/32
[36;22m[DEBUG] [39;1msnarkJS[0m: betaTauG1: fft 14 mix start: 22/32
[36;22m[DEBUG] [39;1msnarkJS[0m: betaTauG1: fft 14 mix start: 23/32
[36;22m[DEBUG] [39;1msnarkJS[0m: betaTauG1: fft 14 mix start: 24/32
[36;22m[DEBUG] [39;1msnarkJS[0m: betaTauG1: fft 14 mix start: 25/32
[36;22m[DEBUG] [39;1msnarkJS[0m: betaTauG1: fft 14 mix start: 26/32
[36;22m[DEBUG] [39;1msnarkJS[0m: betaTauG1: fft 14 mix start: 27/32
[36;22m[DEBUG] [39;1msnarkJS[0m: betaTauG1: fft 14 mix start: 28/32
[36;22m[DEBUG] [39;1msnarkJS[0m: betaTauG1: fft 14 mix start: 29/32
[36;22m[DEBUG] [39;1msnarkJS[0m: betaTauG1: fft 14 mix start: 30/32
[36;22m[DEBUG] [39;1msnarkJS[0m: betaTauG1: fft 14 mix start: 31/32
[36;22m[DEBUG] [39;1msnarkJS[0m: betaTauG1: fft 14 mix end: 11/32
[36;22m[DEBUG] [39;1msnarkJS[0m: betaTauG1: fft 14 mix end: 6/32
[36;22m[DEBUG] [39;1msnarkJS[0m: betaTauG1: fft 14 mix end: 9/32
[36;22m[DEBUG] [39;1msnarkJS[0m: betaTauG1: fft 14 mix end: 8/32
[36;22m[DEBUG] [39;1msnarkJS[0m: betaTauG1: fft 14 mix end: 20/32
[36;22m[DEBUG] [39;1msnarkJS[0m: betaTauG1: fft 14 mix end: 12/32
[36;22m[DEBUG] [39;1msnarkJS[0m: betaTauG1: fft 14 mix end: 2/32
[36;22m[DEBUG] [39;1msnarkJS[0m: betaTauG1: fft 14 mix end: 29/32
[36;22m[DEBUG] [39;1msnarkJS[0m: betaTauG1: fft 14 mix end: 17/32
[36;22m[DEBUG] [39;1msnarkJS[0m: betaTauG1: fft 14 mix end: 7/32
[36;22m[DEBUG] [39;1msnarkJS[0m: betaTauG1: fft 14 mix end: 14/32
[36;22m[DEBUG] [39;1msnarkJS[0m: betaTauG1: fft 14 mix end: 30/32
[36;22m[DEBUG] [39;1msnarkJS[0m: betaTauG1: fft 14 mix end: 4/32
[36;22m[DEBUG] [39;1msnarkJS[0m: betaTauG1: fft 14 mix end: 15/32
[36;22m[DEBUG] [39;1msnarkJS[0m: betaTauG1: fft 14 mix end: 24/32
[36;22m[DEBUG] [39;1msnarkJS[0m: betaTauG1: fft 14 mix end: 19/32
[36;22m[DEBUG] [39;1msnarkJS[0m: betaTauG1: fft 14 mix end: 18/32
[36;22m[DEBUG] [39;1msnarkJS[0m: betaTauG1: fft 14 mix end: 26/32
[36;22m[DEBUG] [39;1msnarkJS[0m: betaTauG1: fft 14 mix end: 5/32
[36;22m[DEBUG] [39;1msnarkJS[0m: betaTauG1: fft 14 mix end: 23/32
[36;22m[DEBUG] [39;1msnarkJS[0m: betaTauG1: fft 14 mix end: 0/32
[36;22m[DEBUG] [39;1msnarkJS[0m: betaTauG1: fft 14 mix end: 25/32
[36;22m[DEBUG] [39;1msnarkJS[0m: betaTauG1: fft 14 mix end: 22/32
[36;22m[DEBUG] [39;1msnarkJS[0m: betaTauG1: fft 14 mix end: 16/32
[36;22m[DEBUG] [39;1msnarkJS[0m: betaTauG1: fft 14 mix end: 13/32
[36;22m[DEBUG] [39;1msnarkJS[0m: betaTauG1: fft 14 mix end: 28/32
[36;22m[DEBUG] [39;1msnarkJS[0m: betaTauG1: fft 14 mix end: 10/32
[36;22m[DEBUG] [39;1msnarkJS[0m: betaTauG1: fft 14 mix end: 27/32
[36;22m[DEBUG] [39;1msnarkJS[0m: betaTauG1: fft 14 mix end: 21/32
[36;22m[DEBUG] [39;1msnarkJS[0m: betaTauG1: fft 14 mix end: 31/32
[36;22m[DEBUG] [39;1msnarkJS[0m: betaTauG1: fft 14 mix end: 3/32
[36;22m[DEBUG] [39;1msnarkJS[0m: betaTauG1: fft 14 mix end: 1/32
[36;22m[DEBUG] [39;1msnarkJS[0m: betaTauG1: fft  14  join: 10/14
[36;22m[DEBUG] [39;1msnarkJS[0m: betaTauG1: fft 14 join  10/14  4/16 0/1
[36;22m[DEBUG] [39;1msnarkJS[0m: betaTauG1: fft 14 join  10/14  1/16 0/1
[36;22m[DEBUG] [39;1msnarkJS[0m: betaTauG1: fft 14 join  10/14  5/16 0/1
[36;22m[DEBUG] [39;1msnarkJS[0m: betaTauG1: fft 14 join  10/14  7/16 0/1
[36;22m[DEBUG] [39;1msnarkJS[0m: betaTauG1: fft 14 join  10/14  15/16 0/1
[36;22m[DEBUG] [39;1msnarkJS[0m: betaTauG1: fft 14 join  10/14  14/16 0/1
[36;22m[DEBUG] [39;1msnarkJS[0m: betaTauG1: fft 14 join  10/14  12/16 0/1
[36;22m[DEBUG] [39;1msnarkJS[0m: betaTauG1: fft 14 join  10/14  13/16 0/1
[36;22m[DEBUG] [39;1msnarkJS[0m: betaTauG1: fft 14 join  10/14  16/16 0/1
[36;22m[DEBUG] [39;1msnarkJS[0m: betaTauG1: fft 14 join  10/14  10/16 0/1
[36;22m[DEBUG] [39;1msnarkJS[0m: betaTauG1: fft 14 join  10/14  3/16 0/1
[36;22m[DEBUG] [39;1msnarkJS[0m: betaTauG1: fft 14 join  10/14  6/16 0/1
[36;22m[DEBUG] [39;1msnarkJS[0m: betaTauG1: fft 14 join  10/14  9/16 0/1
[36;22m[DEBUG] [39;1msnarkJS[0m: betaTauG1: fft 14 join  10/14  11/16 0/1
[36;22m[DEBUG] [39;1msnarkJS[0m: betaTauG1: fft 14 join  10/14  2/16 0/1
[36;22m[DEBUG] [39;1msnarkJS[0m: betaTauG1: fft 14 join  10/14  8/16 0/1
[36;22m[DEBUG] [39;1msnarkJS[0m: betaTauG1: fft  14  join: 11/14
[36;22m[DEBUG] [39;1msnarkJS[0m: betaTauG1: fft 14 join  11/14  4/8 0/2
[36;22m[DEBUG] [39;1msnarkJS[0m: betaTauG1: fft 14 join  11/14  1/8 0/2
[36;22m[DEBUG] [39;1msnarkJS[0m: betaTauG1: fft 14 join  11/14  3/8 1/2
[36;22m[DEBUG] [39;1msnarkJS[0m: betaTauG1: fft 14 join  11/14  2/8 1/2
[36;22m[DEBUG] [39;1msnarkJS[0m: betaTauG1: fft 14 join  11/14  7/8 1/2
[36;22m[DEBUG] [39;1msnarkJS[0m: betaTauG1: fft 14 join  11/14  8/8 1/2
[36;22m[DEBUG] [39;1msnarkJS[0m: betaTauG1: fft 14 join  11/14  5/8 1/2
[36;22m[DEBUG] [39;1msnarkJS[0m: betaTauG1: fft 14 join  11/14  6/8 1/2
[36;22m[DEBUG] [39;1msnarkJS[0m: betaTauG1: fft 14 join  11/14  8/8 0/2
[36;22m[DEBUG] [39;1msnarkJS[0m: betaTauG1: fft 14 join  11/14  5/8 0/2
[36;22m[DEBUG] [39;1msnarkJS[0m: betaTauG1: fft 14 join  11/14  3/8 0/2
[36;22m[DEBUG] [39;1msnarkJS[0m: betaTauG1: fft 14 join  11/14  2/8 0/2
[36;22m[DEBUG] [39;1msnarkJS[0m: betaTauG1: fft 14 join  11/14  7/8 0/2
[36;22m[DEBUG] [39;1msnarkJS[0m: betaTauG1: fft 14 join  11/14  6/8 0/2
[36;22m[DEBUG] [39;1msnarkJS[0m: betaTauG1: fft 14 join  11/14  4/8 1/2
[36;22m[DEBUG] [39;1msnarkJS[0m: betaTauG1: fft 14 join  11/14  1/8 1/2
[36;22m[DEBUG] [39;1msnarkJS[0m: betaTauG1: fft  14  join: 12/14
[36;22m[DEBUG] [39;1msnarkJS[0m: betaTauG1: fft 14 join  12/14  2/4 0/4
[36;22m[DEBUG] [39;1msnarkJS[0m: betaTauG1: fft 14 join  12/14  1/4 0/4
[36;22m[DEBUG] [39;1msnarkJS[0m: betaTauG1: fft 14 join  12/14  2/4 1/4
[36;22m[DEBUG] [39;1msnarkJS[0m: betaTauG1: fft 14 join  12/14  2/4 2/4
[36;22m[DEBUG] [39;1msnarkJS[0m: betaTauG1: fft 14 join  12/14  4/4 0/4
[36;22m[DEBUG] [39;1msnarkJS[0m: betaTauG1: fft 14 join  12/14  1/4 2/4
[36;22m[DEBUG] [39;1msnarkJS[0m: betaTauG1: fft 14 join  12/14  4/4 3/4
[36;22m[DEBUG] [39;1msnarkJS[0m: betaTauG1: fft 14 join  12/14  3/4 1/4
[36;22m[DEBUG] [39;1msnarkJS[0m: betaTauG1: fft 14 join  12/14  1/4 3/4
[36;22m[DEBUG] [39;1msnarkJS[0m: betaTauG1: fft 14 join  12/14  3/4 0/4
[36;22m[DEBUG] [39;1msnarkJS[0m: betaTauG1: fft 14 join  12/14  4/4 1/4
[36;22m[DEBUG] [39;1msnarkJS[0m: betaTauG1: fft 14 join  12/14  2/4 3/4
[36;22m[DEBUG] [39;1msnarkJS[0m: betaTauG1: fft 14 join  12/14  3/4 3/4
[36;22m[DEBUG] [39;1msnarkJS[0m: betaTauG1: fft 14 join  12/14  1/4 1/4
[36;22m[DEBUG] [39;1msnarkJS[0m: betaTauG1: fft 14 join  12/14  4/4 2/4
[36;22m[DEBUG] [39;1msnarkJS[0m: betaTauG1: fft 14 join  12/14  3/4 2/4
[36;22m[DEBUG] [39;1msnarkJS[0m: betaTauG1: fft  14  join: 13/14
[36;22m[DEBUG] [39;1msnarkJS[0m: betaTauG1: fft 14 join  13/14  1/2 4/8
[36;22m[DEBUG] [39;1msnarkJS[0m: betaTauG1: fft 14 join  13/14  1/2 0/8
[36;22m[DEBUG] [39;1msnarkJS[0m: betaTauG1: fft 14 join  13/14  1/2 5/8
[36;22m[DEBUG] [39;1msnarkJS[0m: betaTauG1: fft 14 join  13/14  2/2 3/8
[36;22m[DEBUG] [39;1msnarkJS[0m: betaTauG1: fft 14 join  13/14  2/2 4/8
[36;22m[DEBUG] [39;1msnarkJS[0m: betaTauG1: fft 14 join  13/14  2/2 0/8
[36;22m[DEBUG] [39;1msnarkJS[0m: betaTauG1: fft 14 join  13/14  1/2 3/8
[36;22m[DEBUG] [39;1msnarkJS[0m: betaTauG1: fft 14 join  13/14  2/2 5/8
[36;22m[DEBUG] [39;1msnarkJS[0m: betaTauG1: fft 14 join  13/14  2/2 7/8
[36;22m[DEBUG] [39;1msnarkJS[0m: betaTauG1: fft 14 join  13/14  1/2 2/8
[36;22m[DEBUG] [39;1msnarkJS[0m: betaTauG1: fft 14 join  13/14  1/2 6/8
[36;22m[DEBUG] [39;1msnarkJS[0m: betaTauG1: fft 14 join  13/14  2/2 6/8
[36;22m[DEBUG] [39;1msnarkJS[0m: betaTauG1: fft 14 join  13/14  2/2 1/8
[36;22m[DEBUG] [39;1msnarkJS[0m: betaTauG1: fft 14 join  13/14  2/2 2/8
[36;22m[DEBUG] [39;1msnarkJS[0m: betaTauG1: fft 14 join  13/14  1/2 7/8
[36;22m[DEBUG] [39;1msnarkJS[0m: betaTauG1: fft 14 join  13/14  1/2 1/8
[36;22m[DEBUG] [39;1msnarkJS[0m: betaTauG1: fft  14  join: 14/14
[36;22m[DEBUG] [39;1msnarkJS[0m: betaTauG1: fft 14 join  14/14  1/1 0/16
[36;22m[DEBUG] [39;1msnarkJS[0m: betaTauG1: fft 14 join  14/14  1/1 6/16
[36;22m[DEBUG] [39;1msnarkJS[0m: betaTauG1: fft 14 join  14/14  1/1 5/16
[36;22m[DEBUG] [39;1msnarkJS[0m: betaTauG1: fft 14 join  14/14  1/1 4/16
[36;22m[DEBUG] [39;1msnarkJS[0m: betaTauG1: fft 14 join  14/14  1/1 13/16
[36;22m[DEBUG] [39;1msnarkJS[0m: betaTauG1: fft 14 join  14/14  1/1 9/16
[36;22m[DEBUG] [39;1msnarkJS[0m: betaTauG1: fft 14 join  14/14  1/1 11/16
[36;22m[DEBUG] [39;1msnarkJS[0m: betaTauG1: fft 14 join  14/14  1/1 15/16
[36;22m[DEBUG] [39;1msnarkJS[0m: betaTauG1: fft 14 join  14/14  1/1 8/16
[36;22m[DEBUG] [39;1msnarkJS[0m: betaTauG1: fft 14 join  14/14  1/1 14/16
[36;22m[DEBUG] [39;1msnarkJS[0m: betaTauG1: fft 14 join  14/14  1/1 2/16
[36;22m[DEBUG] [39;1msnarkJS[0m: betaTauG1: fft 14 join  14/14  1/1 12/16
[36;22m[DEBUG] [39;1msnarkJS[0m: betaTauG1: fft 14 join  14/14  1/1 10/16
[36;22m[DEBUG] [39;1msnarkJS[0m: betaTauG1: fft 14 join  14/14  1/1 1/16
[36;22m[DEBUG] [39;1msnarkJS[0m: betaTauG1: fft 14 join  14/14  1/1 7/16
[36;22m[DEBUG] [39;1msnarkJS[0m: betaTauG1: fft 14 join  14/14  1/1 3/16
[36;22m[DEBUG] [39;1msnarkJS[0m: betaTauG1: fft 15 mix start: 0/32
[36;22m[DEBUG] [39;1msnarkJS[0m: betaTauG1: fft 15 mix start: 1/32
[36;22m[DEBUG] [39;1msnarkJS[0m: betaTauG1: fft 15 mix start: 2/32
[36;22m[DEBUG] [39;1msnarkJS[0m: betaTauG1: fft 15 mix start: 3/32
[36;22m[DEBUG] [39;1msnarkJS[0m: betaTauG1: fft 15 mix start: 4/32
[36;22m[DEBUG] [39;1msnarkJS[0m: betaTauG1: fft 15 mix start: 5/32
[36;22m[DEBUG] [39;1msnarkJS[0m: betaTauG1: fft 15 mix start: 6/32
[36;22m[DEBUG] [39;1msnarkJS[0m: betaTauG1: fft 15 mix start: 7/32
[36;22m[DEBUG] [39;1msnarkJS[0m: betaTauG1: fft 15 mix start: 8/32
[36;22m[DEBUG] [39;1msnarkJS[0m: betaTauG1: fft 15 mix start: 9/32
[36;22m[DEBUG] [39;1msnarkJS[0m: betaTauG1: fft 15 mix start: 10/32
[36;22m[DEBUG] [39;1msnarkJS[0m: betaTauG1: fft 15 mix start: 11/32
[36;22m[DEBUG] [39;1msnarkJS[0m: betaTauG1: fft 15 mix start: 12/32
[36;22m[DEBUG] [39;1msnarkJS[0m: betaTauG1: fft 15 mix start: 13/32
[36;22m[DEBUG] [39;1msnarkJS[0m: betaTauG1: fft 15 mix start: 14/32
[36;22m[DEBUG] [39;1msnarkJS[0m: betaTauG1: fft 15 mix start: 15/32
[36;22m[DEBUG] [39;1msnarkJS[0m: betaTauG1: fft 15 mix start: 16/32
[36;22m[DEBUG] [39;1msnarkJS[0m: betaTauG1: fft 15 mix start: 17/32
[36;22m[DEBUG] [39;1msnarkJS[0m: betaTauG1: fft 15 mix start: 18/32
[36;22m[DEBUG] [39;1msnarkJS[0m: betaTauG1: fft 15 mix start: 19/32
[36;22m[DEBUG] [39;1msnarkJS[0m: betaTauG1: fft 15 mix start: 20/32
[36;22m[DEBUG] [39;1msnarkJS[0m: betaTauG1: fft 15 mix start: 21/32
[36;22m[DEBUG] [39;1msnarkJS[0m: betaTauG1: fft 15 mix start: 22/32
[36;22m[DEBUG] [39;1msnarkJS[0m: betaTauG1: fft 15 mix start: 23/32
[36;22m[DEBUG] [39;1msnarkJS[0m: betaTauG1: fft 15 mix start: 24/32
[36;22m[DEBUG] [39;1msnarkJS[0m: betaTauG1: fft 15 mix start: 25/32
[36;22m[DEBUG] [39;1msnarkJS[0m: betaTauG1: fft 15 mix start: 26/32
[36;22m[DEBUG] [39;1msnarkJS[0m: betaTauG1: fft 15 mix start: 27/32
[36;22m[DEBUG] [39;1msnarkJS[0m: betaTauG1: fft 15 mix start: 28/32
[36;22m[DEBUG] [39;1msnarkJS[0m: betaTauG1: fft 15 mix start: 29/32
[36;22m[DEBUG] [39;1msnarkJS[0m: betaTauG1: fft 15 mix start: 30/32
[36;22m[DEBUG] [39;1msnarkJS[0m: betaTauG1: fft 15 mix start: 31/32
[36;22m[DEBUG] [39;1msnarkJS[0m: betaTauG1: fft 15 mix end: 8/32
[36;22m[DEBUG] [39;1msnarkJS[0m: betaTauG1: fft 15 mix end: 9/32
[36;22m[DEBUG] [39;1msnarkJS[0m: betaTauG1: fft 15 mix end: 14/32
[36;22m[DEBUG] [39;1msnarkJS[0m: betaTauG1: fft 15 mix end: 24/32
[36;22m[DEBUG] [39;1msnarkJS[0m: betaTauG1: fft 15 mix end: 7/32
[36;22m[DEBUG] [39;1msnarkJS[0m: betaTauG1: fft 15 mix end: 20/32
[36;22m[DEBUG] [39;1msnarkJS[0m: betaTauG1: fft 15 mix end: 3/32
[36;22m[DEBUG] [39;1msnarkJS[0m: betaTauG1: fft 15 mix end: 17/32
[36;22m[DEBUG] [39;1msnarkJS[0m: betaTauG1: fft 15 mix end: 1/32
[36;22m[DEBUG] [39;1msnarkJS[0m: betaTauG1: fft 15 mix end: 23/32
[36;22m[DEBUG] [39;1msnarkJS[0m: betaTauG1: fft 15 mix end: 16/32
[36;22m[DEBUG] [39;1msnarkJS[0m: betaTauG1: fft 15 mix end: 2/32
[36;22m[DEBUG] [39;1msnarkJS[0m: betaTauG1: fft 15 mix end: 25/32
[36;22m[DEBUG] [39;1msnarkJS[0m: betaTauG1: fft 15 mix end: 5/32
[36;22m[DEBUG] [39;1msnarkJS[0m: betaTauG1: fft 15 mix end: 30/32
[36;22m[DEBUG] [39;1msnarkJS[0m: betaTauG1: fft 15 mix end: 0/32
[36;22m[DEBUG] [39;1msnarkJS[0m: betaTauG1: fft 15 mix end: 12/32
[36;22m[DEBUG] [39;1msnarkJS[0m: betaTauG1: fft 15 mix end: 6/32
[36;22m[DEBUG] [39;1msnarkJS[0m: betaTauG1: fft 15 mix end: 18/32
[36;22m[DEBUG] [39;1msnarkJS[0m: betaTauG1: fft 15 mix end: 19/32
[36;22m[DEBUG] [39;1msnarkJS[0m: betaTauG1: fft 15 mix end: 15/32
[36;22m[DEBUG] [39;1msnarkJS[0m: betaTauG1: fft 15 mix end: 31/32
[36;22m[DEBUG] [39;1msnarkJS[0m: betaTauG1: fft 15 mix end: 26/32
[36;22m[DEBUG] [39;1msnarkJS[0m: betaTauG1: fft 15 mix end: 28/32
[36;22m[DEBUG] [39;1msnarkJS[0m: betaTauG1: fft 15 mix end: 13/32
[36;22m[DEBUG] [39;1msnarkJS[0m: betaTauG1: fft 15 mix end: 22/32
[36;22m[DEBUG] [39;1msnarkJS[0m: betaTauG1: fft 15 mix end: 11/32
[36;22m[DEBUG] [39;1msnarkJS[0m: betaTauG1: fft 15 mix end: 27/32
[36;22m[DEBUG] [39;1msnarkJS[0m: betaTauG1: fft 15 mix end: 10/32
[36;22m[DEBUG] [39;1msnarkJS[0m: betaTauG1: fft 15 mix end: 4/32
[36;22m[DEBUG] [39;1msnarkJS[0m: betaTauG1: fft 15 mix end: 21/32
[36;22m[DEBUG] [39;1msnarkJS[0m: betaTauG1: fft 15 mix end: 29/32
[36;22m[DEBUG] [39;1msnarkJS[0m: betaTauG1: fft  15  join: 11/15
[36;22m[DEBUG] [39;1msnarkJS[0m: betaTauG1: fft 15 join  11/15  4/16 0/1
[36;22m[DEBUG] [39;1msnarkJS[0m: betaTauG1: fft 15 join  11/15  12/16 0/1
[36;22m[DEBUG] [39;1msnarkJS[0m: betaTauG1: fft 15 join  11/15  1/16 0/1
[36;22m[DEBUG] [39;1msnarkJS[0m: betaTauG1: fft 15 join  11/15  7/16 0/1
[36;22m[DEBUG] [39;1msnarkJS[0m: betaTauG1: fft 15 join  11/15  10/16 0/1
[36;22m[DEBUG] [39;1msnarkJS[0m: betaTauG1: fft 15 join  11/15  14/16 0/1
[36;22m[DEBUG] [39;1msnarkJS[0m: betaTauG1: fft 15 join  11/15  13/16 0/1
[36;22m[DEBUG] [39;1msnarkJS[0m: betaTauG1: fft 15 join  11/15  11/16 0/1
[36;22m[DEBUG] [39;1msnarkJS[0m: betaTauG1: fft 15 join  11/15  5/16 0/1
[36;22m[DEBUG] [39;1msnarkJS[0m: betaTauG1: fft 15 join  11/15  3/16 0/1
[36;22m[DEBUG] [39;1msnarkJS[0m: betaTauG1: fft 15 join  11/15  8/16 0/1
[36;22m[DEBUG] [39;1msnarkJS[0m: betaTauG1: fft 15 join  11/15  2/16 0/1
[36;22m[DEBUG] [39;1msnarkJS[0m: betaTauG1: fft 15 join  11/15  6/16 0/1
[36;22m[DEBUG] [39;1msnarkJS[0m: betaTauG1: fft 15 join  11/15  15/16 0/1
[36;22m[DEBUG] [39;1msnarkJS[0m: betaTauG1: fft 15 join  11/15  9/16 0/1
[36;22m[DEBUG] [39;1msnarkJS[0m: betaTauG1: fft 15 join  11/15  16/16 0/1
[36;22m[DEBUG] [39;1msnarkJS[0m: betaTauG1: fft  15  join: 12/15
[36;22m[DEBUG] [39;1msnarkJS[0m: betaTauG1: fft 15 join  12/15  2/8 1/2
[36;22m[DEBUG] [39;1msnarkJS[0m: betaTauG1: fft 15 join  12/15  8/8 1/2
[36;22m[DEBUG] [39;1msnarkJS[0m: betaTauG1: fft 15 join  12/15  6/8 1/2
[36;22m[DEBUG] [39;1msnarkJS[0m: betaTauG1: fft 15 join  12/15  3/8 1/2
[36;22m[DEBUG] [39;1msnarkJS[0m: betaTauG1: fft 15 join  12/15  1/8 0/2
[36;22m[DEBUG] [39;1msnarkJS[0m: betaTauG1: fft 15 join  12/15  5/8 0/2
[36;22m[DEBUG] [39;1msnarkJS[0m: betaTauG1: fft 15 join  12/15  8/8 0/2
[36;22m[DEBUG] [39;1msnarkJS[0m: betaTauG1: fft 15 join  12/15  4/8 0/2
[36;22m[DEBUG] [39;1msnarkJS[0m: betaTauG1: fft 15 join  12/15  7/8 1/2
[36;22m[DEBUG] [39;1msnarkJS[0m: betaTauG1: fft 15 join  12/15  5/8 1/2
[36;22m[DEBUG] [39;1msnarkJS[0m: betaTauG1: fft 15 join  12/15  7/8 0/2
[36;22m[DEBUG] [39;1msnarkJS[0m: betaTauG1: fft 15 join  12/15  3/8 0/2
[36;22m[DEBUG] [39;1msnarkJS[0m: betaTauG1: fft 15 join  12/15  6/8 0/2
[36;22m[DEBUG] [39;1msnarkJS[0m: betaTauG1: fft 15 join  12/15  2/8 0/2
[36;22m[DEBUG] [39;1msnarkJS[0m: betaTauG1: fft 15 join  12/15  4/8 1/2
[36;22m[DEBUG] [39;1msnarkJS[0m: betaTauG1: fft 15 join  12/15  1/8 1/2
[36;22m[DEBUG] [39;1msnarkJS[0m: betaTauG1: fft  15  join: 13/15
[36;22m[DEBUG] [39;1msnarkJS[0m: betaTauG1: fft 15 join  13/15  1/4 3/4
[36;22m[DEBUG] [39;1msnarkJS[0m: betaTauG1: fft 15 join  13/15  2/4 1/4
[36;22m[DEBUG] [39;1msnarkJS[0m: betaTauG1: fft 15 join  13/15  4/4 2/4
[36;22m[DEBUG] [39;1msnarkJS[0m: betaTauG1: fft 15 join  13/15  4/4 3/4
[36;22m[DEBUG] [39;1msnarkJS[0m: betaTauG1: fft 15 join  13/15  2/4 2/4
[36;22m[DEBUG] [39;1msnarkJS[0m: betaTauG1: fft 15 join  13/15  3/4 1/4
[36;22m[DEBUG] [39;1msnarkJS[0m: betaTauG1: fft 15 join  13/15  4/4 1/4
[36;22m[DEBUG] [39;1msnarkJS[0m: betaTauG1: fft 15 join  13/15  3/4 0/4
[36;22m[DEBUG] [39;1msnarkJS[0m: betaTauG1: fft 15 join  13/15  3/4 3/4
[36;22m[DEBUG] [39;1msnarkJS[0m: betaTauG1: fft 15 join  13/15  1/4 0/4
[36;22m[DEBUG] [39;1msnarkJS[0m: betaTauG1: fft 15 join  13/15  4/4 0/4
[36;22m[DEBUG] [39;1msnarkJS[0m: betaTauG1: fft 15 join  13/15  2/4 0/4
[36;22m[DEBUG] [39;1msnarkJS[0m: betaTauG1: fft 15 join  13/15  3/4 2/4
[36;22m[DEBUG] [39;1msnarkJS[0m: betaTauG1: fft 15 join  13/15  2/4 3/4
[36;22m[DEBUG] [39;1msnarkJS[0m: betaTauG1: fft 15 join  13/15  1/4 1/4
[36;22m[DEBUG] [39;1msnarkJS[0m: betaTauG1: fft 15 join  13/15  1/4 2/4
[36;22m[DEBUG] [39;1msnarkJS[0m: betaTauG1: fft  15  join: 14/15
[36;22m[DEBUG] [39;1msnarkJS[0m: betaTauG1: fft 15 join  14/15  1/2 3/8
[36;22m[DEBUG] [39;1msnarkJS[0m: betaTauG1: fft 15 join  14/15  2/2 7/8
[36;22m[DEBUG] [39;1msnarkJS[0m: betaTauG1: fft 15 join  14/15  2/2 3/8
[36;22m[DEBUG] [39;1msnarkJS[0m: betaTauG1: fft 15 join  14/15  2/2 0/8
[36;22m[DEBUG] [39;1msnarkJS[0m: betaTauG1: fft 15 join  14/15  1/2 6/8
[36;22m[DEBUG] [39;1msnarkJS[0m: betaTauG1: fft 15 join  14/15  2/2 6/8
[36;22m[DEBUG] [39;1msnarkJS[0m: betaTauG1: fft 15 join  14/15  2/2 1/8
[36;22m[DEBUG] [39;1msnarkJS[0m: betaTauG1: fft 15 join  14/15  2/2 5/8
[36;22m[DEBUG] [39;1msnarkJS[0m: betaTauG1: fft 15 join  14/15  1/2 0/8
[36;22m[DEBUG] [39;1msnarkJS[0m: betaTauG1: fft 15 join  14/15  2/2 4/8
[36;22m[DEBUG] [39;1msnarkJS[0m: betaTauG1: fft 15 join  14/15  1/2 5/8
[36;22m[DEBUG] [39;1msnarkJS[0m: betaTauG1: fft 15 join  14/15  1/2 4/8
[36;22m[DEBUG] [39;1msnarkJS[0m: betaTauG1: fft 15 join  14/15  2/2 2/8
[36;22m[DEBUG] [39;1msnarkJS[0m: betaTauG1: fft 15 join  14/15  1/2 1/8
[36;22m[DEBUG] [39;1msnarkJS[0m: betaTauG1: fft 15 join  14/15  1/2 7/8
[36;22m[DEBUG] [39;1msnarkJS[0m: betaTauG1: fft 15 join  14/15  1/2 2/8
[36;22m[DEBUG] [39;1msnarkJS[0m: betaTauG1: fft  15  join: 15/15
[36;22m[DEBUG] [39;1msnarkJS[0m: betaTauG1: fft 15 join  15/15  1/1 3/16
[36;22m[DEBUG] [39;1msnarkJS[0m: betaTauG1: fft 15 join  15/15  1/1 6/16
[36;22m[DEBUG] [39;1msnarkJS[0m: betaTauG1: fft 15 join  15/15  1/1 11/16
[36;22m[DEBUG] [39;1msnarkJS[0m: betaTauG1: fft 15 join  15/15  1/1 8/16
[36;22m[DEBUG] [39;1msnarkJS[0m: betaTauG1: fft 15 join  15/15  1/1 5/16
[36;22m[DEBUG] [39;1msnarkJS[0m: betaTauG1: fft 15 join  15/15  1/1 14/16
[36;22m[DEBUG] [39;1msnarkJS[0m: betaTauG1: fft 15 join  15/15  1/1 9/16
[36;22m[DEBUG] [39;1msnarkJS[0m: betaTauG1: fft 15 join  15/15  1/1 13/16
[36;22m[DEBUG] [39;1msnarkJS[0m: betaTauG1: fft 15 join  15/15  1/1 0/16
[36;22m[DEBUG] [39;1msnarkJS[0m: betaTauG1: fft 15 join  15/15  1/1 15/16
[36;22m[DEBUG] [39;1msnarkJS[0m: betaTauG1: fft 15 join  15/15  1/1 4/16
[36;22m[DEBUG] [39;1msnarkJS[0m: betaTauG1: fft 15 join  15/15  1/1 10/16
[36;22m[DEBUG] [39;1msnarkJS[0m: betaTauG1: fft 15 join  15/15  1/1 12/16
[36;22m[DEBUG] [39;1msnarkJS[0m: betaTauG1: fft 15 join  15/15  1/1 7/16
[36;22m[DEBUG] [39;1msnarkJS[0m: betaTauG1: fft 15 join  15/15  1/1 1/16
[36;22m[DEBUG] [39;1msnarkJS[0m: betaTauG1: fft 15 join  15/15  1/1 2/16
[36;22m[DEBUG] [39;1msnarkJS[0m: betaTauG1: fft 16 mix start: 0/32
[36;22m[DEBUG] [39;1msnarkJS[0m: betaTauG1: fft 16 mix start: 1/32
[36;22m[DEBUG] [39;1msnarkJS[0m: betaTauG1: fft 16 mix start: 2/32
[36;22m[DEBUG] [39;1msnarkJS[0m: betaTauG1: fft 16 mix start: 3/32
[36;22m[DEBUG] [39;1msnarkJS[0m: betaTauG1: fft 16 mix start: 4/32
[36;22m[DEBUG] [39;1msnarkJS[0m: betaTauG1: fft 16 mix start: 5/32
[36;22m[DEBUG] [39;1msnarkJS[0m: betaTauG1: fft 16 mix start: 6/32
[36;22m[DEBUG] [39;1msnarkJS[0m: betaTauG1: fft 16 mix start: 7/32
[36;22m[DEBUG] [39;1msnarkJS[0m: betaTauG1: fft 16 mix start: 8/32
[36;22m[DEBUG] [39;1msnarkJS[0m: betaTauG1: fft 16 mix start: 9/32
[36;22m[DEBUG] [39;1msnarkJS[0m: betaTauG1: fft 16 mix start: 10/32
[36;22m[DEBUG] [39;1msnarkJS[0m: betaTauG1: fft 16 mix start: 11/32
[36;22m[DEBUG] [39;1msnarkJS[0m: betaTauG1: fft 16 mix start: 12/32
[36;22m[DEBUG] [39;1msnarkJS[0m: betaTauG1: fft 16 mix start: 13/32
[36;22m[DEBUG] [39;1msnarkJS[0m: betaTauG1: fft 16 mix start: 14/32
[36;22m[DEBUG] [39;1msnarkJS[0m: betaTauG1: fft 16 mix start: 15/32
[36;22m[DEBUG] [39;1msnarkJS[0m: betaTauG1: fft 16 mix start: 16/32
[36;22m[DEBUG] [39;1msnarkJS[0m: betaTauG1: fft 16 mix start: 17/32
[36;22m[DEBUG] [39;1msnarkJS[0m: betaTauG1: fft 16 mix start: 18/32
[36;22m[DEBUG] [39;1msnarkJS[0m: betaTauG1: fft 16 mix start: 19/32
[36;22m[DEBUG] [39;1msnarkJS[0m: betaTauG1: fft 16 mix start: 20/32
[36;22m[DEBUG] [39;1msnarkJS[0m: betaTauG1: fft 16 mix start: 21/32
[36;22m[DEBUG] [39;1msnarkJS[0m: betaTauG1: fft 16 mix start: 22/32
[36;22m[DEBUG] [39;1msnarkJS[0m: betaTauG1: fft 16 mix start: 23/32
[36;22m[DEBUG] [39;1msnarkJS[0m: betaTauG1: fft 16 mix start: 24/32
[36;22m[DEBUG] [39;1msnarkJS[0m: betaTauG1: fft 16 mix start: 25/32
[36;22m[DEBUG] [39;1msnarkJS[0m: betaTauG1: fft 16 mix start: 26/32
[36;22m[DEBUG] [39;1msnarkJS[0m: betaTauG1: fft 16 mix start: 27/32
[36;22m[DEBUG] [39;1msnarkJS[0m: betaTauG1: fft 16 mix start: 28/32
[36;22m[DEBUG] [39;1msnarkJS[0m: betaTauG1: fft 16 mix start: 29/32
[36;22m[DEBUG] [39;1msnarkJS[0m: betaTauG1: fft 16 mix start: 30/32
[36;22m[DEBUG] [39;1msnarkJS[0m: betaTauG1: fft 16 mix start: 31/32
[36;22m[DEBUG] [39;1msnarkJS[0m: betaTauG1: fft 16 mix end: 15/32
[36;22m[DEBUG] [39;1msnarkJS[0m: betaTauG1: fft 16 mix end: 25/32
[36;22m[DEBUG] [39;1msnarkJS[0m: betaTauG1: fft 16 mix end: 21/32
[36;22m[DEBUG] [39;1msnarkJS[0m: betaTauG1: fft 16 mix end: 20/32
[36;22m[DEBUG] [39;1msnarkJS[0m: betaTauG1: fft 16 mix end: 7/32
[36;22m[DEBUG] [39;1msnarkJS[0m: betaTauG1: fft 16 mix end: 1/32
[36;22m[DEBUG] [39;1msnarkJS[0m: betaTauG1: fft 16 mix end: 2/32
[36;22m[DEBUG] [39;1msnarkJS[0m: betaTauG1: fft 16 mix end: 9/32
[36;22m[DEBUG] [39;1msnarkJS[0m: betaTauG1: fft 16 mix end: 4/32
[36;22m[DEBUG] [39;1msnarkJS[0m: betaTauG1: fft 16 mix end: 3/32
[36;22m[DEBUG] [39;1msnarkJS[0m: betaTauG1: fft 16 mix end: 31/32
[36;22m[DEBUG] [39;1msnarkJS[0m: betaTauG1: fft 16 mix end: 17/32
[36;22m[DEBUG] [39;1msnarkJS[0m: betaTauG1: fft 16 mix end: 11/32
[36;22m[DEBUG] [39;1msnarkJS[0m: betaTauG1: fft 16 mix end: 13/32
[36;22m[DEBUG] [39;1msnarkJS[0m: betaTauG1: fft 16 mix end: 5/32
[36;22m[DEBUG] [39;1msnarkJS[0m: betaTauG1: fft 16 mix end: 27/32
[36;22m[DEBUG] [39;1msnarkJS[0m: betaTauG1: fft 16 mix end: 0/32
[36;22m[DEBUG] [39;1msnarkJS[0m: betaTauG1: fft 16 mix end: 30/32
[36;22m[DEBUG] [39;1msnarkJS[0m: betaTauG1: fft 16 mix end: 8/32
[36;22m[DEBUG] [39;1msnarkJS[0m: betaTauG1: fft 16 mix end: 16/32
[36;22m[DEBUG] [39;1msnarkJS[0m: betaTauG1: fft 16 mix end: 23/32
[36;22m[DEBUG] [39;1msnarkJS[0m: betaTauG1: fft 16 mix end: 24/32
[36;22m[DEBUG] [39;1msnarkJS[0m: betaTauG1: fft 16 mix end: 19/32
[36;22m[DEBUG] [39;1msnarkJS[0m: betaTauG1: fft 16 mix end: 29/32
[36;22m[DEBUG] [39;1msnarkJS[0m: betaTauG1: fft 16 mix end: 6/32
[36;22m[DEBUG] [39;1msnarkJS[0m: betaTauG1: fft 16 mix end: 18/32
[36;22m[DEBUG] [39;1msnarkJS[0m: betaTauG1: fft 16 mix end: 22/32
[36;22m[DEBUG] [39;1msnarkJS[0m: betaTauG1: fft 16 mix end: 26/32
[36;22m[DEBUG] [39;1msnarkJS[0m: betaTauG1: fft 16 mix end: 12/32
[36;22m[DEBUG] [39;1msnarkJS[0m: betaTauG1: fft 16 mix end: 28/32
[36;22m[DEBUG] [39;1msnarkJS[0m: betaTauG1: fft 16 mix end: 14/32
[36;22m[DEBUG] [39;1msnarkJS[0m: betaTauG1: fft 16 mix end: 10/32
[36;22m[DEBUG] [39;1msnarkJS[0m: betaTauG1: fft  16  join: 12/16
[36;22m[DEBUG] [39;1msnarkJS[0m: betaTauG1: fft 16 join  12/16  4/16 0/1
[36;22m[DEBUG] [39;1msnarkJS[0m: betaTauG1: fft 16 join  12/16  7/16 0/1
[36;22m[DEBUG] [39;1msnarkJS[0m: betaTauG1: fft 16 join  12/16  12/16 0/1
[36;22m[DEBUG] [39;1msnarkJS[0m: betaTauG1: fft 16 join  12/16  16/16 0/1
[36;22m[DEBUG] [39;1msnarkJS[0m: betaTauG1: fft 16 join  12/16  9/16 0/1
[36;22m[DEBUG] [39;1msnarkJS[0m: betaTauG1: fft 16 join  12/16  3/16 0/1
[36;22m[DEBUG] [39;1msnarkJS[0m: betaTauG1: fft 16 join  12/16  10/16 0/1
[36;22m[DEBUG] [39;1msnarkJS[0m: betaTauG1: fft 16 join  12/16  1/16 0/1
[36;22m[DEBUG] [39;1msnarkJS[0m: betaTauG1: fft 16 join  12/16  5/16 0/1
[36;22m[DEBUG] [39;1msnarkJS[0m: betaTauG1: fft 16 join  12/16  6/16 0/1
[36;22m[DEBUG] [39;1msnarkJS[0m: betaTauG1: fft 16 join  12/16  13/16 0/1
[36;22m[DEBUG] [39;1msnarkJS[0m: betaTauG1: fft 16 join  12/16  11/16 0/1
[36;22m[DEBUG] [39;1msnarkJS[0m: betaTauG1: fft 16 join  12/16  8/16 0/1
[36;22m[DEBUG] [39;1msnarkJS[0m: betaTauG1: fft 16 join  12/16  2/16 0/1
[36;22m[DEBUG] [39;1msnarkJS[0m: betaTauG1: fft 16 join  12/16  14/16 0/1
[36;22m[DEBUG] [39;1msnarkJS[0m: betaTauG1: fft 16 join  12/16  15/16 0/1
[36;22m[DEBUG] [39;1msnarkJS[0m: betaTauG1: fft  16  join: 13/16
[36;22m[DEBUG] [39;1msnarkJS[0m: betaTauG1: fft 16 join  13/16  4/8 0/2
[36;22m[DEBUG] [39;1msnarkJS[0m: betaTauG1: fft 16 join  13/16  1/8 0/2
[36;22m[DEBUG] [39;1msnarkJS[0m: betaTauG1: fft 16 join  13/16  2/8 0/2
[36;22m[DEBUG] [39;1msnarkJS[0m: betaTauG1: fft 16 join  13/16  2/8 1/2
[36;22m[DEBUG] [39;1msnarkJS[0m: betaTauG1: fft 16 join  13/16  8/8 0/2
[36;22m[DEBUG] [39;1msnarkJS[0m: betaTauG1: fft 16 join  13/16  8/8 1/2
[36;22m[DEBUG] [39;1msnarkJS[0m: betaTauG1: fft 16 join  13/16  5/8 1/2
[36;22m[DEBUG] [39;1msnarkJS[0m: betaTauG1: fft 16 join  13/16  6/8 1/2
[36;22m[DEBUG] [39;1msnarkJS[0m: betaTauG1: fft 16 join  13/16  7/8 1/2
[36;22m[DEBUG] [39;1msnarkJS[0m: betaTauG1: fft 16 join  13/16  3/8 0/2
[36;22m[DEBUG] [39;1msnarkJS[0m: betaTauG1: fft 16 join  13/16  5/8 0/2
[36;22m[DEBUG] [39;1msnarkJS[0m: betaTauG1: fft 16 join  13/16  7/8 0/2
[36;22m[DEBUG] [39;1msnarkJS[0m: betaTauG1: fft 16 join  13/16  6/8 0/2
[36;22m[DEBUG] [39;1msnarkJS[0m: betaTauG1: fft 16 join  13/16  3/8 1/2
[36;22m[DEBUG] [39;1msnarkJS[0m: betaTauG1: fft 16 join  13/16  1/8 1/2
[36;22m[DEBUG] [39;1msnarkJS[0m: betaTauG1: fft 16 join  13/16  4/8 1/2
[36;22m[DEBUG] [39;1msnarkJS[0m: betaTauG1: fft  16  join: 14/16
[36;22m[DEBUG] [39;1msnarkJS[0m: betaTauG1: fft 16 join  14/16  3/4 1/4
[36;22m[DEBUG] [39;1msnarkJS[0m: betaTauG1: fft 16 join  14/16  3/4 3/4
[36;22m[DEBUG] [39;1msnarkJS[0m: betaTauG1: fft 16 join  14/16  3/4 0/4
[36;22m[DEBUG] [39;1msnarkJS[0m: betaTauG1: fft 16 join  14/16  1/4 2/4
[36;22m[DEBUG] [39;1msnarkJS[0m: betaTauG1: fft 16 join  14/16  2/4 2/4
[36;22m[DEBUG] [39;1msnarkJS[0m: betaTauG1: fft 16 join  14/16  1/4 0/4
[36;22m[DEBUG] [39;1msnarkJS[0m: betaTauG1: fft 16 join  14/16  4/4 2/4
[36;22m[DEBUG] [39;1msnarkJS[0m: betaTauG1: fft 16 join  14/16  4/4 3/4
[36;22m[DEBUG] [39;1msnarkJS[0m: betaTauG1: fft 16 join  14/16  4/4 1/4
[36;22m[DEBUG] [39;1msnarkJS[0m: betaTauG1: fft 16 join  14/16  1/4 3/4
[36;22m[DEBUG] [39;1msnarkJS[0m: betaTauG1: fft 16 join  14/16  2/4 0/4
[36;22m[DEBUG] [39;1msnarkJS[0m: betaTauG1: fft 16 join  14/16  4/4 0/4
[36;22m[DEBUG] [39;1msnarkJS[0m: betaTauG1: fft 16 join  14/16  3/4 2/4
[36;22m[DEBUG] [39;1msnarkJS[0m: betaTauG1: fft 16 join  14/16  2/4 3/4
[36;22m[DEBUG] [39;1msnarkJS[0m: betaTauG1: fft 16 join  14/16  1/4 1/4
[36;22m[DEBUG] [39;1msnarkJS[0m: betaTauG1: fft 16 join  14/16  2/4 1/4
[36;22m[DEBUG] [39;1msnarkJS[0m: betaTauG1: fft  16  join: 15/16
[36;22m[DEBUG] [39;1msnarkJS[0m: betaTauG1: fft 16 join  15/16  1/2 0/8
[36;22m[DEBUG] [39;1msnarkJS[0m: betaTauG1: fft 16 join  15/16  1/2 2/8
[36;22m[DEBUG] [39;1msnarkJS[0m: betaTauG1: fft 16 join  15/16  1/2 6/8
[36;22m[DEBUG] [39;1msnarkJS[0m: betaTauG1: fft 16 join  15/16  2/2 1/8
[36;22m[DEBUG] [39;1msnarkJS[0m: betaTauG1: fft 16 join  15/16  2/2 7/8
[36;22m[DEBUG] [39;1msnarkJS[0m: betaTauG1: fft 16 join  15/16  2/2 3/8
[36;22m[DEBUG] [39;1msnarkJS[0m: betaTauG1: fft 16 join  15/16  1/2 5/8
[36;22m[DEBUG] [39;1msnarkJS[0m: betaTauG1: fft 16 join  15/16  2/2 0/8
[36;22m[DEBUG] [39;1msnarkJS[0m: betaTauG1: fft 16 join  15/16  1/2 3/8
[36;22m[DEBUG] [39;1msnarkJS[0m: betaTauG1: fft 16 join  15/16  2/2 6/8
[36;22m[DEBUG] [39;1msnarkJS[0m: betaTauG1: fft 16 join  15/16  2/2 5/8
[36;22m[DEBUG] [39;1msnarkJS[0m: betaTauG1: fft 16 join  15/16  1/2 4/8
[36;22m[DEBUG] [39;1msnarkJS[0m: betaTauG1: fft 16 join  15/16  2/2 2/8
[36;22m[DEBUG] [39;1msnarkJS[0m: betaTauG1: fft 16 join  15/16  2/2 4/8
[36;22m[DEBUG] [39;1msnarkJS[0m: betaTauG1: fft 16 join  15/16  1/2 7/8
[36;22m[DEBUG] [39;1msnarkJS[0m: betaTauG1: fft 16 join  15/16  1/2 1/8
[36;22m[DEBUG] [39;1msnarkJS[0m: betaTauG1: fft  16  join: 16/16
[36;22m[DEBUG] [39;1msnarkJS[0m: betaTauG1: fft 16 join  16/16  1/1 9/16
[36;22m[DEBUG] [39;1msnarkJS[0m: betaTauG1: fft 16 join  16/16  1/1 11/16
[36;22m[DEBUG] [39;1msnarkJS[0m: betaTauG1: fft 16 join  16/16  1/1 2/16
[36;22m[DEBUG] [39;1msnarkJS[0m: betaTauG1: fft 16 join  16/16  1/1 8/16
[36;22m[DEBUG] [39;1msnarkJS[0m: betaTauG1: fft 16 join  16/16  1/1 15/16
[36;22m[DEBUG] [39;1msnarkJS[0m: betaTauG1: fft 16 join  16/16  1/1 13/16
[36;22m[DEBUG] [39;1msnarkJS[0m: betaTauG1: fft 16 join  16/16  1/1 4/16
[36;22m[DEBUG] [39;1msnarkJS[0m: betaTauG1: fft 16 join  16/16  1/1 14/16
[36;22m[DEBUG] [39;1msnarkJS[0m: betaTauG1: fft 16 join  16/16  1/1 12/16
[36;22m[DEBUG] [39;1msnarkJS[0m: betaTauG1: fft 16 join  16/16  1/1 10/16
[36;22m[DEBUG] [39;1msnarkJS[0m: betaTauG1: fft 16 join  16/16  1/1 0/16
[36;22m[DEBUG] [39;1msnarkJS[0m: betaTauG1: fft 16 join  16/16  1/1 5/16
[36;22m[DEBUG] [39;1msnarkJS[0m: betaTauG1: fft 16 join  16/16  1/1 6/16
[36;22m[DEBUG] [39;1msnarkJS[0m: betaTauG1: fft 16 join  16/16  1/1 3/16
[36;22m[DEBUG] [39;1msnarkJS[0m: betaTauG1: fft 16 join  16/16  1/1 7/16
[36;22m[DEBUG] [39;1msnarkJS[0m: betaTauG1: fft 16 join  16/16  1/1 1/16
[36;22m[DEBUG] [39;1msnarkJS[0m: betaTauG1: fft 17 mix start: 0/32
[36;22m[DEBUG] [39;1msnarkJS[0m: betaTauG1: fft 17 mix start: 1/32
[36;22m[DEBUG] [39;1msnarkJS[0m: betaTauG1: fft 17 mix start: 2/32
[36;22m[DEBUG] [39;1msnarkJS[0m: betaTauG1: fft 17 mix start: 3/32
[36;22m[DEBUG] [39;1msnarkJS[0m: betaTauG1: fft 17 mix start: 4/32
[36;22m[DEBUG] [39;1msnarkJS[0m: betaTauG1: fft 17 mix start: 5/32
[36;22m[DEBUG] [39;1msnarkJS[0m: betaTauG1: fft 17 mix start: 6/32
[36;22m[DEBUG] [39;1msnarkJS[0m: betaTauG1: fft 17 mix start: 7/32
[36;22m[DEBUG] [39;1msnarkJS[0m: betaTauG1: fft 17 mix start: 8/32
[36;22m[DEBUG] [39;1msnarkJS[0m: betaTauG1: fft 17 mix start: 9/32
[36;22m[DEBUG] [39;1msnarkJS[0m: betaTauG1: fft 17 mix start: 10/32
[36;22m[DEBUG] [39;1msnarkJS[0m: betaTauG1: fft 17 mix start: 11/32
[36;22m[DEBUG] [39;1msnarkJS[0m: betaTauG1: fft 17 mix start: 12/32
[36;22m[DEBUG] [39;1msnarkJS[0m: betaTauG1: fft 17 mix start: 13/32
[36;22m[DEBUG] [39;1msnarkJS[0m: betaTauG1: fft 17 mix start: 14/32
[36;22m[DEBUG] [39;1msnarkJS[0m: betaTauG1: fft 17 mix start: 15/32
[36;22m[DEBUG] [39;1msnarkJS[0m: betaTauG1: fft 17 mix start: 16/32
[36;22m[DEBUG] [39;1msnarkJS[0m: betaTauG1: fft 17 mix start: 17/32
[36;22m[DEBUG] [39;1msnarkJS[0m: betaTauG1: fft 17 mix start: 18/32
[36;22m[DEBUG] [39;1msnarkJS[0m: betaTauG1: fft 17 mix start: 19/32
[36;22m[DEBUG] [39;1msnarkJS[0m: betaTauG1: fft 17 mix start: 20/32
[36;22m[DEBUG] [39;1msnarkJS[0m: betaTauG1: fft 17 mix start: 21/32
[36;22m[DEBUG] [39;1msnarkJS[0m: betaTauG1: fft 17 mix start: 22/32
[36;22m[DEBUG] [39;1msnarkJS[0m: betaTauG1: fft 17 mix start: 23/32
[36;22m[DEBUG] [39;1msnarkJS[0m: betaTauG1: fft 17 mix start: 24/32
[36;22m[DEBUG] [39;1msnarkJS[0m: betaTauG1: fft 17 mix start: 25/32
[36;22m[DEBUG] [39;1msnarkJS[0m: betaTauG1: fft 17 mix start: 26/32
[36;22m[DEBUG] [39;1msnarkJS[0m: betaTauG1: fft 17 mix start: 27/32
[36;22m[DEBUG] [39;1msnarkJS[0m: betaTauG1: fft 17 mix start: 28/32
[36;22m[DEBUG] [39;1msnarkJS[0m: betaTauG1: fft 17 mix start: 29/32
[36;22m[DEBUG] [39;1msnarkJS[0m: betaTauG1: fft 17 mix start: 30/32
[36;22m[DEBUG] [39;1msnarkJS[0m: betaTauG1: fft 17 mix start: 31/32
[36;22m[DEBUG] [39;1msnarkJS[0m: betaTauG1: fft 17 mix end: 11/32
[36;22m[DEBUG] [39;1msnarkJS[0m: betaTauG1: fft 17 mix end: 15/32
[36;22m[DEBUG] [39;1msnarkJS[0m: betaTauG1: fft 17 mix end: 20/32
[36;22m[DEBUG] [39;1msnarkJS[0m: betaTauG1: fft 17 mix end: 0/32
[36;22m[DEBUG] [39;1msnarkJS[0m: betaTauG1: fft 17 mix end: 12/32
[36;22m[DEBUG] [39;1msnarkJS[0m: betaTauG1: fft 17 mix end: 7/32
[36;22m[DEBUG] [39;1msnarkJS[0m: betaTauG1: fft 17 mix end: 17/32
[36;22m[DEBUG] [39;1msnarkJS[0m: betaTauG1: fft 17 mix end: 19/32
[36;22m[DEBUG] [39;1msnarkJS[0m: betaTauG1: fft 17 mix end: 31/32
[36;22m[DEBUG] [39;1msnarkJS[0m: betaTauG1: fft 17 mix end: 5/32
[36;22m[DEBUG] [39;1msnarkJS[0m: betaTauG1: fft 17 mix end: 26/32
[36;22m[DEBUG] [39;1msnarkJS[0m: betaTauG1: fft 17 mix end: 4/32
[36;22m[DEBUG] [39;1msnarkJS[0m: betaTauG1: fft 17 mix end: 29/32
[36;22m[DEBUG] [39;1msnarkJS[0m: betaTauG1: fft 17 mix end: 27/32
[36;22m[DEBUG] [39;1msnarkJS[0m: betaTauG1: fft 17 mix end: 25/32
[36;22m[DEBUG] [39;1msnarkJS[0m: betaTauG1: fft 17 mix end: 28/32
[36;22m[DEBUG] [39;1msnarkJS[0m: betaTauG1: fft 17 mix end: 14/32
[36;22m[DEBUG] [39;1msnarkJS[0m: betaTauG1: fft 17 mix end: 24/32
[36;22m[DEBUG] [39;1msnarkJS[0m: betaTauG1: fft 17 mix end: 30/32
[36;22m[DEBUG] [39;1msnarkJS[0m: betaTauG1: fft 17 mix end: 13/32
[36;22m[DEBUG] [39;1msnarkJS[0m: betaTauG1: fft 17 mix end: 2/32
[36;22m[DEBUG] [39;1msnarkJS[0m: betaTauG1: fft 17 mix end: 18/32
[36;22m[DEBUG] [39;1msnarkJS[0m: betaTauG1: fft 17 mix end: 23/32
[36;22m[DEBUG] [39;1msnarkJS[0m: betaTauG1: fft 17 mix end: 1/32
[36;22m[DEBUG] [39;1msnarkJS[0m: betaTauG1: fft 17 mix end: 9/32
[36;22m[DEBUG] [39;1msnarkJS[0m: betaTauG1: fft 17 mix end: 22/32
[36;22m[DEBUG] [39;1msnarkJS[0m: betaTauG1: fft 17 mix end: 16/32
[36;22m[DEBUG] [39;1msnarkJS[0m: betaTauG1: fft 17 mix end: 3/32
[36;22m[DEBUG] [39;1msnarkJS[0m: betaTauG1: fft 17 mix end: 6/32
[36;22m[DEBUG] [39;1msnarkJS[0m: betaTauG1: fft 17 mix end: 21/32
[36;22m[DEBUG] [39;1msnarkJS[0m: betaTauG1: fft 17 mix end: 8/32
[36;22m[DEBUG] [39;1msnarkJS[0m: betaTauG1: fft 17 mix end: 10/32
[36;22m[DEBUG] [39;1msnarkJS[0m: betaTauG1: fft  17  join: 13/17
[36;22m[DEBUG] [39;1msnarkJS[0m: betaTauG1: fft 17 join  13/17  11/16 0/1
[36;22m[DEBUG] [39;1msnarkJS[0m: betaTauG1: fft 17 join  13/17  12/16 0/1
[36;22m[DEBUG] [39;1msnarkJS[0m: betaTauG1: fft 17 join  13/17  4/16 0/1
[36;22m[DEBUG] [39;1msnarkJS[0m: betaTauG1: fft 17 join  13/17  1/16 0/1
[36;22m[DEBUG] [39;1msnarkJS[0m: betaTauG1: fft 17 join  13/17  3/16 0/1
[36;22m[DEBUG] [39;1msnarkJS[0m: betaTauG1: fft 17 join  13/17  16/16 0/1
[36;22m[DEBUG] [39;1msnarkJS[0m: betaTauG1: fft 17 join  13/17  9/16 0/1
[36;22m[DEBUG] [39;1msnarkJS[0m: betaTauG1: fft 17 join  13/17  15/16 0/1
[36;22m[DEBUG] [39;1msnarkJS[0m: betaTauG1: fft 17 join  13/17  6/16 0/1
[36;22m[DEBUG] [39;1msnarkJS[0m: betaTauG1: fft 17 join  13/17  5/16 0/1
[36;22m[DEBUG] [39;1msnarkJS[0m: betaTauG1: fft 17 join  13/17  7/16 0/1
[36;22m[DEBUG] [39;1msnarkJS[0m: betaTauG1: fft 17 join  13/17  8/16 0/1
[36;22m[DEBUG] [39;1msnarkJS[0m: betaTauG1: fft 17 join  13/17  2/16 0/1
[36;22m[DEBUG] [39;1msnarkJS[0m: betaTauG1: fft 17 join  13/17  13/16 0/1
[36;22m[DEBUG] [39;1msnarkJS[0m: betaTauG1: fft 17 join  13/17  10/16 0/1
[36;22m[DEBUG] [39;1msnarkJS[0m: betaTauG1: fft 17 join  13/17  14/16 0/1
[36;22m[DEBUG] [39;1msnarkJS[0m: betaTauG1: fft  17  join: 14/17
[36;22m[DEBUG] [39;1msnarkJS[0m: betaTauG1: fft 17 join  14/17  2/8 1/2
[36;22m[DEBUG] [39;1msnarkJS[0m: betaTauG1: fft 17 join  14/17  2/8 0/2
[36;22m[DEBUG] [39;1msnarkJS[0m: betaTauG1: fft 17 join  14/17  6/8 1/2
[36;22m[DEBUG] [39;1msnarkJS[0m: betaTauG1: fft 17 join  14/17  1/8 0/2
[36;22m[DEBUG] [39;1msnarkJS[0m: betaTauG1: fft 17 join  14/17  6/8 0/2
[36;22m[DEBUG] [39;1msnarkJS[0m: betaTauG1: fft 17 join  14/17  5/8 0/2
[36;22m[DEBUG] [39;1msnarkJS[0m: betaTauG1: fft 17 join  14/17  3/8 1/2
[36;22m[DEBUG] [39;1msnarkJS[0m: betaTauG1: fft 17 join  14/17  8/8 0/2
[36;22m[DEBUG] [39;1msnarkJS[0m: betaTauG1: fft 17 join  14/17  7/8 1/2
[36;22m[DEBUG] [39;1msnarkJS[0m: betaTauG1: fft 17 join  14/17  8/8 1/2
[36;22m[DEBUG] [39;1msnarkJS[0m: betaTauG1: fft 17 join  14/17  7/8 0/2
[36;22m[DEBUG] [39;1msnarkJS[0m: betaTauG1: fft 17 join  14/17  3/8 0/2
[36;22m[DEBUG] [39;1msnarkJS[0m: betaTauG1: fft 17 join  14/17  5/8 1/2
[36;22m[DEBUG] [39;1msnarkJS[0m: betaTauG1: fft 17 join  14/17  4/8 0/2
[36;22m[DEBUG] [39;1msnarkJS[0m: betaTauG1: fft 17 join  14/17  4/8 1/2
[36;22m[DEBUG] [39;1msnarkJS[0m: betaTauG1: fft 17 join  14/17  1/8 1/2
[36;22m[DEBUG] [39;1msnarkJS[0m: betaTauG1: fft  17  join: 15/17
[36;22m[DEBUG] [39;1msnarkJS[0m: betaTauG1: fft 17 join  15/17  3/4 2/4
[36;22m[DEBUG] [39;1msnarkJS[0m: betaTauG1: fft 17 join  15/17  1/4 2/4
[36;22m[DEBUG] [39;1msnarkJS[0m: betaTauG1: fft 17 join  15/17  1/4 0/4
[36;22m[DEBUG] [39;1msnarkJS[0m: betaTauG1: fft 17 join  15/17  3/4 0/4
[36;22m[DEBUG] [39;1msnarkJS[0m: betaTauG1: fft 17 join  15/17  1/4 3/4
[36;22m[DEBUG] [39;1msnarkJS[0m: betaTauG1: fft 17 join  15/17  3/4 3/4
[36;22m[DEBUG] [39;1msnarkJS[0m: betaTauG1: fft 17 join  15/17  4/4 3/4
[36;22m[DEBUG] [39;1msnarkJS[0m: betaTauG1: fft 17 join  15/17  4/4 2/4
[36;22m[DEBUG] [39;1msnarkJS[0m: betaTauG1: fft 17 join  15/17  4/4 1/4
[36;22m[DEBUG] [39;1msnarkJS[0m: betaTauG1: fft 17 join  15/17  4/4 0/4
[36;22m[DEBUG] [39;1msnarkJS[0m: betaTauG1: fft 17 join  15/17  3/4 1/4
[36;22m[DEBUG] [39;1msnarkJS[0m: betaTauG1: fft 17 join  15/17  2/4 2/4
[36;22m[DEBUG] [39;1msnarkJS[0m: betaTauG1: fft 17 join  15/17  2/4 1/4
[36;22m[DEBUG] [39;1msnarkJS[0m: betaTauG1: fft 17 join  15/17  2/4 0/4
[36;22m[DEBUG] [39;1msnarkJS[0m: betaTauG1: fft 17 join  15/17  2/4 3/4
[36;22m[DEBUG] [39;1msnarkJS[0m: betaTauG1: fft 17 join  15/17  1/4 1/4
[36;22m[DEBUG] [39;1msnarkJS[0m: betaTauG1: fft  17  join: 16/17
[36;22m[DEBUG] [39;1msnarkJS[0m: betaTauG1: fft 17 join  16/17  1/2 2/8
[36;22m[DEBUG] [39;1msnarkJS[0m: betaTauG1: fft 17 join  16/17  1/2 3/8
[36;22m[DEBUG] [39;1msnarkJS[0m: betaTauG1: fft 17 join  16/17  2/2 3/8
[36;22m[DEBUG] [39;1msnarkJS[0m: betaTauG1: fft 17 join  16/17  2/2 2/8
[36;22m[DEBUG] [39;1msnarkJS[0m: betaTauG1: fft 17 join  16/17  2/2 4/8
[36;22m[DEBUG] [39;1msnarkJS[0m: betaTauG1: fft 17 join  16/17  2/2 6/8
[36;22m[DEBUG] [39;1msnarkJS[0m: betaTauG1: fft 17 join  16/17  2/2 7/8
[36;22m[DEBUG] [39;1msnarkJS[0m: betaTauG1: fft 17 join  16/17  2/2 5/8
[36;22m[DEBUG] [39;1msnarkJS[0m: betaTauG1: fft 17 join  16/17  2/2 1/8
[36;22m[DEBUG] [39;1msnarkJS[0m: betaTauG1: fft 17 join  16/17  1/2 5/8
[36;22m[DEBUG] [39;1msnarkJS[0m: betaTauG1: fft 17 join  16/17  2/2 0/8
[36;22m[DEBUG] [39;1msnarkJS[0m: betaTauG1: fft 17 join  16/17  1/2 4/8
[36;22m[DEBUG] [39;1msnarkJS[0m: betaTauG1: fft 17 join  16/17  1/2 6/8
[36;22m[DEBUG] [39;1msnarkJS[0m: betaTauG1: fft 17 join  16/17  1/2 0/8
[36;22m[DEBUG] [39;1msnarkJS[0m: betaTauG1: fft 17 join  16/17  1/2 7/8
[36;22m[DEBUG] [39;1msnarkJS[0m: betaTauG1: fft 17 join  16/17  1/2 1/8
[36;22m[DEBUG] [39;1msnarkJS[0m: betaTauG1: fft  17  join: 17/17
[36;22m[DEBUG] [39;1msnarkJS[0m: betaTauG1: fft 17 join  17/17  1/1 2/16
[36;22m[DEBUG] [39;1msnarkJS[0m: betaTauG1: fft 17 join  17/17  1/1 5/16
[36;22m[DEBUG] [39;1msnarkJS[0m: betaTauG1: fft 17 join  17/17  1/1 12/16
[36;22m[DEBUG] [39;1msnarkJS[0m: betaTauG1: fft 17 join  17/17  1/1 15/16
[36;22m[DEBUG] [39;1msnarkJS[0m: betaTauG1: fft 17 join  17/17  1/1 3/16
[36;22m[DEBUG] [39;1msnarkJS[0m: betaTauG1: fft 17 join  17/17  1/1 11/16
[36;22m[DEBUG] [39;1msnarkJS[0m: betaTauG1: fft 17 join  17/17  1/1 10/16
[36;22m[DEBUG] [39;1msnarkJS[0m: betaTauG1: fft 17 join  17/17  1/1 14/16
[36;22m[DEBUG] [39;1msnarkJS[0m: betaTauG1: fft 17 join  17/17  1/1 8/16
[36;22m[DEBUG] [39;1msnarkJS[0m: betaTauG1: fft 17 join  17/17  1/1 13/16
[36;22m[DEBUG] [39;1msnarkJS[0m: betaTauG1: fft 17 join  17/17  1/1 9/16
[36;22m[DEBUG] [39;1msnarkJS[0m: betaTauG1: fft 17 join  17/17  1/1 6/16
[36;22m[DEBUG] [39;1msnarkJS[0m: betaTauG1: fft 17 join  17/17  1/1 0/16
[36;22m[DEBUG] [39;1msnarkJS[0m: betaTauG1: fft 17 join  17/17  1/1 4/16
[36;22m[DEBUG] [39;1msnarkJS[0m: betaTauG1: fft 17 join  17/17  1/1 1/16
[36;22m[DEBUG] [39;1msnarkJS[0m: betaTauG1: fft 17 join  17/17  1/1 7/16
[36;22m[DEBUG] [39;1msnarkJS[0m: betaTauG1: fft 18 mix start: 0/32
[36;22m[DEBUG] [39;1msnarkJS[0m: betaTauG1: fft 18 mix start: 1/32
[36;22m[DEBUG] [39;1msnarkJS[0m: betaTauG1: fft 18 mix start: 2/32
[36;22m[DEBUG] [39;1msnarkJS[0m: betaTauG1: fft 18 mix start: 3/32
[36;22m[DEBUG] [39;1msnarkJS[0m: betaTauG1: fft 18 mix start: 4/32
[36;22m[DEBUG] [39;1msnarkJS[0m: betaTauG1: fft 18 mix start: 5/32
[36;22m[DEBUG] [39;1msnarkJS[0m: betaTauG1: fft 18 mix start: 6/32
[36;22m[DEBUG] [39;1msnarkJS[0m: betaTauG1: fft 18 mix start: 7/32
[36;22m[DEBUG] [39;1msnarkJS[0m: betaTauG1: fft 18 mix start: 8/32
[36;22m[DEBUG] [39;1msnarkJS[0m: betaTauG1: fft 18 mix start: 9/32
[36;22m[DEBUG] [39;1msnarkJS[0m: betaTauG1: fft 18 mix start: 10/32
[36;22m[DEBUG] [39;1msnarkJS[0m: betaTauG1: fft 18 mix start: 11/32
[36;22m[DEBUG] [39;1msnarkJS[0m: betaTauG1: fft 18 mix start: 12/32
[36;22m[DEBUG] [39;1msnarkJS[0m: betaTauG1: fft 18 mix start: 13/32
[36;22m[DEBUG] [39;1msnarkJS[0m: betaTauG1: fft 18 mix start: 14/32
[36;22m[DEBUG] [39;1msnarkJS[0m: betaTauG1: fft 18 mix start: 15/32
[36;22m[DEBUG] [39;1msnarkJS[0m: betaTauG1: fft 18 mix start: 16/32
[36;22m[DEBUG] [39;1msnarkJS[0m: betaTauG1: fft 18 mix start: 17/32
[36;22m[DEBUG] [39;1msnarkJS[0m: betaTauG1: fft 18 mix start: 18/32
[36;22m[DEBUG] [39;1msnarkJS[0m: betaTauG1: fft 18 mix start: 19/32
[36;22m[DEBUG] [39;1msnarkJS[0m: betaTauG1: fft 18 mix start: 20/32
[36;22m[DEBUG] [39;1msnarkJS[0m: betaTauG1: fft 18 mix start: 21/32
[36;22m[DEBUG] [39;1msnarkJS[0m: betaTauG1: fft 18 mix start: 22/32
[36;22m[DEBUG] [39;1msnarkJS[0m: betaTauG1: fft 18 mix start: 23/32
[36;22m[DEBUG] [39;1msnarkJS[0m: betaTauG1: fft 18 mix start: 24/32
[36;22m[DEBUG] [39;1msnarkJS[0m: betaTauG1: fft 18 mix start: 25/32
[36;22m[DEBUG] [39;1msnarkJS[0m: betaTauG1: fft 18 mix start: 26/32
[36;22m[DEBUG] [39;1msnarkJS[0m: betaTauG1: fft 18 mix start: 27/32
[36;22m[DEBUG] [39;1msnarkJS[0m: betaTauG1: fft 18 mix start: 28/32
[36;22m[DEBUG] [39;1msnarkJS[0m: betaTauG1: fft 18 mix start: 29/32
[36;22m[DEBUG] [39;1msnarkJS[0m: betaTauG1: fft 18 mix start: 30/32
[36;22m[DEBUG] [39;1msnarkJS[0m: betaTauG1: fft 18 mix start: 31/32
[36;22m[DEBUG] [39;1msnarkJS[0m: betaTauG1: fft 18 mix end: 15/32
[36;22m[DEBUG] [39;1msnarkJS[0m: betaTauG1: fft 18 mix end: 16/32
[36;22m[DEBUG] [39;1msnarkJS[0m: betaTauG1: fft 18 mix end: 11/32
[36;22m[DEBUG] [39;1msnarkJS[0m: betaTauG1: fft 18 mix end: 31/32
[36;22m[DEBUG] [39;1msnarkJS[0m: betaTauG1: fft 18 mix end: 9/32
[36;22m[DEBUG] [39;1msnarkJS[0m: betaTauG1: fft 18 mix end: 26/32
[36;22m[DEBUG] [39;1msnarkJS[0m: betaTauG1: fft 18 mix end: 13/32
[36;22m[DEBUG] [39;1msnarkJS[0m: betaTauG1: fft 18 mix end: 4/32
[36;22m[DEBUG] [39;1msnarkJS[0m: betaTauG1: fft 18 mix end: 2/32
[36;22m[DEBUG] [39;1msnarkJS[0m: betaTauG1: fft 18 mix end: 12/32
[36;22m[DEBUG] [39;1msnarkJS[0m: betaTauG1: fft 18 mix end: 29/32
[36;22m[DEBUG] [39;1msnarkJS[0m: betaTauG1: fft 18 mix end: 30/32
[36;22m[DEBUG] [39;1msnarkJS[0m: betaTauG1: fft 18 mix end: 0/32
[36;22m[DEBUG] [39;1msnarkJS[0m: betaTauG1: fft 18 mix end: 7/32
[36;22m[DEBUG] [39;1msnarkJS[0m: betaTauG1: fft 18 mix end: 3/32
[36;22m[DEBUG] [39;1msnarkJS[0m: betaTauG1: fft 18 mix end: 10/32
[36;22m[DEBUG] [39;1msnarkJS[0m: betaTauG1: fft 18 mix end: 5/32
[36;22m[DEBUG] [39;1msnarkJS[0m: betaTauG1: fft 18 mix end: 24/32
[36;22m[DEBUG] [39;1msnarkJS[0m: betaTauG1: fft 18 mix end: 19/32
[36;22m[DEBUG] [39;1msnarkJS[0m: betaTauG1: fft 18 mix end: 8/32
[36;22m[DEBUG] [39;1msnarkJS[0m: betaTauG1: fft 18 mix end: 18/32
[36;22m[DEBUG] [39;1msnarkJS[0m: betaTauG1: fft 18 mix end: 23/32
[36;22m[DEBUG] [39;1msnarkJS[0m: betaTauG1: fft 18 mix end: 21/32
[36;22m[DEBUG] [39;1msnarkJS[0m: betaTauG1: fft 18 mix end: 17/32
[36;22m[DEBUG] [39;1msnarkJS[0m: betaTauG1: fft 18 mix end: 25/32
[36;22m[DEBUG] [39;1msnarkJS[0m: betaTauG1: fft 18 mix end: 20/32
[36;22m[DEBUG] [39;1msnarkJS[0m: betaTauG1: fft 18 mix end: 14/32
[36;22m[DEBUG] [39;1msnarkJS[0m: betaTauG1: fft 18 mix end: 28/32
[36;22m[DEBUG] [39;1msnarkJS[0m: betaTauG1: fft 18 mix end: 1/32
[36;22m[DEBUG] [39;1msnarkJS[0m: betaTauG1: fft 18 mix end: 22/32
[36;22m[DEBUG] [39;1msnarkJS[0m: betaTauG1: fft 18 mix end: 6/32
[36;22m[DEBUG] [39;1msnarkJS[0m: betaTauG1: fft 18 mix end: 27/32
[36;22m[DEBUG] [39;1msnarkJS[0m: betaTauG1: fft  18  join: 14/18
[36;22m[DEBUG] [39;1msnarkJS[0m: betaTauG1: fft 18 join  14/18  10/16 0/1
[36;22m[DEBUG] [39;1msnarkJS[0m: betaTauG1: fft 18 join  14/18  6/16 0/1
[36;22m[DEBUG] [39;1msnarkJS[0m: betaTauG1: fft 18 join  14/18  4/16 0/1
[36;22m[DEBUG] [39;1msnarkJS[0m: betaTauG1: fft 18 join  14/18  12/16 0/1
[36;22m[DEBUG] [39;1msnarkJS[0m: betaTauG1: fft 18 join  14/18  11/16 0/1
[36;22m[DEBUG] [39;1msnarkJS[0m: betaTauG1: fft 18 join  14/18  9/16 0/1
[36;22m[DEBUG] [39;1msnarkJS[0m: betaTauG1: fft 18 join  14/18  16/16 0/1
[36;22m[DEBUG] [39;1msnarkJS[0m: betaTauG1: fft 18 join  14/18  13/16 0/1
[36;22m[DEBUG] [39;1msnarkJS[0m: betaTauG1: fft 18 join  14/18  15/16 0/1
[36;22m[DEBUG] [39;1msnarkJS[0m: betaTauG1: fft 18 join  14/18  14/16 0/1
[36;22m[DEBUG] [39;1msnarkJS[0m: betaTauG1: fft 18 join  14/18  5/16 0/1
[36;22m[DEBUG] [39;1msnarkJS[0m: betaTauG1: fft 18 join  14/18  3/16 0/1
[36;22m[DEBUG] [39;1msnarkJS[0m: betaTauG1: fft 18 join  14/18  1/16 0/1
[36;22m[DEBUG] [39;1msnarkJS[0m: betaTauG1: fft 18 join  14/18  7/16 0/1
[36;22m[DEBUG] [39;1msnarkJS[0m: betaTauG1: fft 18 join  14/18  8/16 0/1
[36;22m[DEBUG] [39;1msnarkJS[0m: betaTauG1: fft 18 join  14/18  2/16 0/1
[36;22m[DEBUG] [39;1msnarkJS[0m: betaTauG1: fft  18  join: 15/18
[36;22m[DEBUG] [39;1msnarkJS[0m: betaTauG1: fft 18 join  15/18  3/8 1/2
[36;22m[DEBUG] [39;1msnarkJS[0m: betaTauG1: fft 18 join  15/18  2/8 1/2
[36;22m[DEBUG] [39;1msnarkJS[0m: betaTauG1: fft 18 join  15/18  2/8 0/2
[36;22m[DEBUG] [39;1msnarkJS[0m: betaTauG1: fft 18 join  15/18  6/8 1/2
[36;22m[DEBUG] [39;1msnarkJS[0m: betaTauG1: fft 18 join  15/18  6/8 0/2
[36;22m[DEBUG] [39;1msnarkJS[0m: betaTauG1: fft 18 join  15/18  8/8 0/2
[36;22m[DEBUG] [39;1msnarkJS[0m: betaTauG1: fft 18 join  15/18  5/8 1/2
[36;22m[DEBUG] [39;1msnarkJS[0m: betaTauG1: fft 18 join  15/18  5/8 0/2
[36;22m[DEBUG] [39;1msnarkJS[0m: betaTauG1: fft 18 join  15/18  7/8 0/2
[36;22m[DEBUG] [39;1msnarkJS[0m: betaTauG1: fft 18 join  15/18  7/8 1/2
[36;22m[DEBUG] [39;1msnarkJS[0m: betaTauG1: fft 18 join  15/18  8/8 1/2
[36;22m[DEBUG] [39;1msnarkJS[0m: betaTauG1: fft 18 join  15/18  3/8 0/2
[36;22m[DEBUG] [39;1msnarkJS[0m: betaTauG1: fft 18 join  15/18  4/8 0/2
[36;22m[DEBUG] [39;1msnarkJS[0m: betaTauG1: fft 18 join  15/18  1/8 0/2
[36;22m[DEBUG] [39;1msnarkJS[0m: betaTauG1: fft 18 join  15/18  4/8 1/2
[36;22m[DEBUG] [39;1msnarkJS[0m: betaTauG1: fft 18 join  15/18  1/8 1/2
[36;22m[DEBUG] [39;1msnarkJS[0m: betaTauG1: fft  18  join: 16/18
[36;22m[DEBUG] [39;1msnarkJS[0m: betaTauG1: fft 18 join  16/18  1/4 3/4
[36;22m[DEBUG] [39;1msnarkJS[0m: betaTauG1: fft 18 join  16/18  1/4 2/4
[36;22m[DEBUG] [39;1msnarkJS[0m: betaTauG1: fft 18 join  16/18  3/4 3/4
[36;22m[DEBUG] [39;1msnarkJS[0m: betaTauG1: fft 18 join  16/18  3/4 2/4
[36;22m[DEBUG] [39;1msnarkJS[0m: betaTauG1: fft 18 join  16/18  3/4 1/4
[36;22m[DEBUG] [39;1msnarkJS[0m: betaTauG1: fft 18 join  16/18  3/4 0/4
[36;22m[DEBUG] [39;1msnarkJS[0m: betaTauG1: fft 18 join  16/18  4/4 2/4
[36;22m[DEBUG] [39;1msnarkJS[0m: betaTauG1: fft 18 join  16/18  4/4 0/4
[36;22m[DEBUG] [39;1msnarkJS[0m: betaTauG1: fft 18 join  16/18  4/4 1/4
[36;22m[DEBUG] [39;1msnarkJS[0m: betaTauG1: fft 18 join  16/18  1/4 0/4
[36;22m[DEBUG] [39;1msnarkJS[0m: betaTauG1: fft 18 join  16/18  2/4 0/4
[36;22m[DEBUG] [39;1msnarkJS[0m: betaTauG1: fft 18 join  16/18  2/4 1/4
[36;22m[DEBUG] [39;1msnarkJS[0m: betaTauG1: fft 18 join  16/18  2/4 2/4
[36;22m[DEBUG] [39;1msnarkJS[0m: betaTauG1: fft 18 join  16/18  2/4 3/4
[36;22m[DEBUG] [39;1msnarkJS[0m: betaTauG1: fft 18 join  16/18  1/4 1/4
[36;22m[DEBUG] [39;1msnarkJS[0m: betaTauG1: fft 18 join  16/18  4/4 3/4
[36;22m[DEBUG] [39;1msnarkJS[0m: betaTauG1: fft  18  join: 17/18
[36;22m[DEBUG] [39;1msnarkJS[0m: betaTauG1: fft 18 join  17/18  1/2 3/8
[36;22m[DEBUG] [39;1msnarkJS[0m: betaTauG1: fft 18 join  17/18  2/2 3/8
[36;22m[DEBUG] [39;1msnarkJS[0m: betaTauG1: fft 18 join  17/18  2/2 0/8
[36;22m[DEBUG] [39;1msnarkJS[0m: betaTauG1: fft 18 join  17/18  2/2 2/8
[36;22m[DEBUG] [39;1msnarkJS[0m: betaTauG1: fft 18 join  17/18  2/2 5/8
[36;22m[DEBUG] [39;1msnarkJS[0m: betaTauG1: fft 18 join  17/18  2/2 6/8
[36;22m[DEBUG] [39;1msnarkJS[0m: betaTauG1: fft 18 join  17/18  2/2 7/8
[36;22m[DEBUG] [39;1msnarkJS[0m: betaTauG1: fft 18 join  17/18  2/2 1/8
[36;22m[DEBUG] [39;1msnarkJS[0m: betaTauG1: fft 18 join  17/18  2/2 4/8
[36;22m[DEBUG] [39;1msnarkJS[0m: betaTauG1: fft 18 join  17/18  1/2 2/8
[36;22m[DEBUG] [39;1msnarkJS[0m: betaTauG1: fft 18 join  17/18  1/2 0/8
[36;22m[DEBUG] [39;1msnarkJS[0m: betaTauG1: fft 18 join  17/18  1/2 4/8
[36;22m[DEBUG] [39;1msnarkJS[0m: betaTauG1: fft 18 join  17/18  1/2 6/8
[36;22m[DEBUG] [39;1msnarkJS[0m: betaTauG1: fft 18 join  17/18  1/2 5/8
[36;22m[DEBUG] [39;1msnarkJS[0m: betaTauG1: fft 18 join  17/18  1/2 7/8
[36;22m[DEBUG] [39;1msnarkJS[0m: betaTauG1: fft 18 join  17/18  1/2 1/8
[36;22m[DEBUG] [39;1msnarkJS[0m: betaTauG1: fft  18  join: 18/18
[36;22m[DEBUG] [39;1msnarkJS[0m: betaTauG1: fft 18 join  18/18  1/1 2/16
[36;22m[DEBUG] [39;1msnarkJS[0m: betaTauG1: fft 18 join  18/18  1/1 11/16
[36;22m[DEBUG] [39;1msnarkJS[0m: betaTauG1: fft 18 join  18/18  1/1 3/16
[36;22m[DEBUG] [39;1msnarkJS[0m: betaTauG1: fft 18 join  18/18  1/1 14/16
[36;22m[DEBUG] [39;1msnarkJS[0m: betaTauG1: fft 18 join  18/18  1/1 10/16
[36;22m[DEBUG] [39;1msnarkJS[0m: betaTauG1: fft 18 join  18/18  1/1 8/16
[36;22m[DEBUG] [39;1msnarkJS[0m: betaTauG1: fft 18 join  18/18  1/1 5/16
[36;22m[DEBUG] [39;1msnarkJS[0m: betaTauG1: fft 18 join  18/18  1/1 13/16
[36;22m[DEBUG] [39;1msnarkJS[0m: betaTauG1: fft 18 join  18/18  1/1 12/16
[36;22m[DEBUG] [39;1msnarkJS[0m: betaTauG1: fft 18 join  18/18  1/1 9/16
[36;22m[DEBUG] [39;1msnarkJS[0m: betaTauG1: fft 18 join  18/18  1/1 0/16
[36;22m[DEBUG] [39;1msnarkJS[0m: betaTauG1: fft 18 join  18/18  1/1 6/16
[36;22m[DEBUG] [39;1msnarkJS[0m: betaTauG1: fft 18 join  18/18  1/1 4/16
[36;22m[DEBUG] [39;1msnarkJS[0m: betaTauG1: fft 18 join  18/18  1/1 15/16
[36;22m[DEBUG] [39;1msnarkJS[0m: betaTauG1: fft 18 join  18/18  1/1 7/16
[36;22m[DEBUG] [39;1msnarkJS[0m: betaTauG1: fft 18 join  18/18  1/1 1/16
