# cmd : snarkjs powersoftau prepare phase2 pot20_beacon.ptau pot20_final.ptau -v
# cwd : /home/r24barbi/bench-out/20260825_120620/circuits/4096

[36;22m[DEBUG] [39;1msnarkJS[0m: Starting section: tauG1
[36;22m[DEBUG] [39;1msnarkJS[0m: tauG1: fft 0 mix start: 0/1
[36;22m[DEBUG] [39;1msnarkJS[0m: tauG1: fft 0 mix end: 0/1
[36;22m[DEBUG] [39;1msnarkJS[0m: tauG1: fft 1 mix start: 0/1
[36;22m[DEBUG] [39;1msnarkJS[0m: tauG1: fft 1 mix end: 0/1
[36;22m[DEBUG] [39;1msnarkJS[0m: tauG1: fft 2 mix start: 0/1
[36;22m[DEBUG] [39;1msnarkJS[0m: tauG1: fft 2 mix end: 0/1
[36;22m[DEBUG] [39;1msnarkJS[0m: tauG1: fft 3 mix start: 0/1
[36;22m[DEBUG] [39;1msnarkJS[0m: tauG1: fft 3 mix end: 0/1
[36;22m[DEBUG] [39;1msnarkJS[0m: tauG1: fft 4 mix start: 0/2
[36;22m[DEBUG] [39;1msnarkJS[0m: tauG1: fft 4 mix start: 1/2
[36;22m[DEBUG] [39;1msnarkJS[0m: tauG1: fft 4 mix end: 0/2
[36;22m[DEBUG] [39;1msnarkJS[0m: tauG1: fft 4 mix end: 1/2
[36;22m[DEBUG] [39;1msnarkJS[0m: tauG1: fft  4  join: 4/4
[36;22m[DEBUG] [39;1msnarkJS[0m: tauG1: fft 4 join  4/4  1/1 0/1
[36;22m[DEBUG] [39;1msnarkJS[0m: tauG1: fft 5 mix start: 0/4
[36;22m[DEBUG] [39;1msnarkJS[0m: tauG1: fft 5 mix start: 1/4
[36;22m[DEBUG] [39;1msnarkJS[0m: tauG1: fft 5 mix start: 2/4
[36;22m[DEBUG] [39;1msnarkJS[0m: tauG1: fft 5 mix start: 3/4
[36;22m[DEBUG] [39;1msnarkJS[0m: tauG1: fft 5 mix end: 0/4
[36;22m[DEBUG] [39;1msnarkJS[0m: tauG1: fft 5 mix end: 1/4
[36;22m[DEBUG] [39;1msnarkJS[0m: tauG1: fft 5 mix end: 2/4
[36;22m[DEBUG] [39;1msnarkJS[0m: tauG1: fft 5 mix end: 3/4
[36;22m[DEBUG] [39;1msnarkJS[0m: tauG1: fft  5  join: 4/5
[36;22m[DEBUG] [39;1msnarkJS[0m: tauG1: fft 5 join  4/5  1/2 0/1
[36;22m[DEBUG] [39;1msnarkJS[0m: tauG1: fft 5 join  4/5  2/2 0/1
[36;22m[DEBUG] [39;1msnarkJS[0m: tauG1: fft  5  join: 5/5
[36;22m[DEBUG] [39;1msnarkJS[0m: tauG1: fft 5 join  5/5  1/1 0/2
[36;22m[DEBUG] [39;1msnarkJS[0m: tauG1: fft 5 join  5/5  1/1 1/2
[36;22m[DEBUG] [39;1msnarkJS[0m: tauG1: fft 6 mix start: 0/8
[36;22m[DEBUG] [39;1msnarkJS[0m: tauG1: fft 6 mix start: 1/8
[36;22m[DEBUG] [39;1msnarkJS[0m: tauG1: fft 6 mix start: 2/8
[36;22m[DEBUG] [39;1msnarkJS[0m: tauG1: fft 6 mix start: 3/8
[36;22m[DEBUG] [39;1msnarkJS[0m: tauG1: fft 6 mix start: 4/8
[36;22m[DEBUG] [39;1msnarkJS[0m: tauG1: fft 6 mix start: 5/8
[36;22m[DEBUG] [39;1msnarkJS[0m: tauG1: fft 6 mix start: 6/8
[36;22m[DEBUG] [39;1msnarkJS[0m: tauG1: fft 6 mix start: 7/8
[36;22m[DEBUG] [39;1msnarkJS[0m: tauG1: fft 6 mix end: 0/8
[36;22m[DEBUG] [39;1msnarkJS[0m: tauG1: fft 6 mix end: 1/8
[36;22m[DEBUG] [39;1msnarkJS[0m: tauG1: fft 6 mix end: 3/8
[36;22m[DEBUG] [39;1msnarkJS[0m: tauG1: fft 6 mix end: 2/8
[36;22m[DEBUG] [39;1msnarkJS[0m: tauG1: fft 6 mix end: 4/8
[36;22m[DEBUG] [39;1msnarkJS[0m: tauG1: fft 6 mix end: 5/8
[36;22m[DEBUG] [39;1msnarkJS[0m: tauG1: fft 6 mix end: 6/8
[36;22m[DEBUG] [39;1msnarkJS[0m: tauG1: fft 6 mix end: 7/8
[36;22m[DEBUG] [39;1msnarkJS[0m: tauG1: fft  6  join: 4/6
[36;22m[DEBUG] [39;1msnarkJS[0m: tauG1: fft 6 join  4/6  1/4 0/1
[36;22m[DEBUG] [39;1msnarkJS[0m: tauG1: fft 6 join  4/6  2/4 0/1
[36;22m[DEBUG] [39;1msnarkJS[0m: tauG1: fft 6 join  4/6  3/4 0/1
[36;22m[DEBUG] [39;1msnarkJS[0m: tauG1: fft 6 join  4/6  4/4 0/1
[36;22m[DEBUG] [39;1msnarkJS[0m: tauG1: fft  6  join: 5/6
[36;22m[DEBUG] [39;1msnarkJS[0m: tauG1: fft 6 join  5/6  1/2 0/2
[36;22m[DEBUG] [39;1msnarkJS[0m: tauG1: fft 6 join  5/6  2/2 0/2
[36;22m[DEBUG] [39;1msnarkJS[0m: tauG1: fft 6 join  5/6  1/2 1/2
[36;22m[DEBUG] [39;1msnarkJS[0m: tauG1: fft 6 join  5/6  2/2 1/2
[36;22m[DEBUG] [39;1msnarkJS[0m: tauG1: fft  6  join: 6/6
[36;22m[DEBUG] [39;1msnarkJS[0m: tauG1: fft 6 join  6/6  1/1 0/4
[36;22m[DEBUG] [39;1msnarkJS[0m: tauG1: fft 6 join  6/6  1/1 2/4
[36;22m[DEBUG] [39;1msnarkJS[0m: tauG1: fft 6 join  6/6  1/1 3/4
[36;22m[DEBUG] [39;1msnarkJS[0m: tauG1: fft 6 join  6/6  1/1 1/4
[36;22m[DEBUG] [39;1msnarkJS[0m: tauG1: fft 7 mix start: 0/16
[36;22m[DEBUG] [39;1msnarkJS[0m: tauG1: fft 7 mix start: 1/16
[36;22m[DEBUG] [39;1msnarkJS[0m: tauG1: fft 7 mix start: 2/16
[36;22m[DEBUG] [39;1msnarkJS[0m: tauG1: fft 7 mix start: 3/16
[36;22m[DEBUG] [39;1msnarkJS[0m: tauG1: fft 7 mix start: 4/16
[36;22m[DEBUG] [39;1msnarkJS[0m: tauG1: fft 7 mix start: 5/16
[36;22m[DEBUG] [39;1msnarkJS[0m: tauG1: fft 7 mix start: 6/16
[36;22m[DEBUG] [39;1msnarkJS[0m: tauG1: fft 7 mix start: 7/16
[36;22m[DEBUG] [39;1msnarkJS[0m: tauG1: fft 7 mix start: 8/16
[36;22m[DEBUG] [39;1msnarkJS[0m: tauG1: fft 7 mix start: 9/16
[36;22m[DEBUG] [39;1msnarkJS[0m: tauG1: fft 7 mix start: 10/16
[36;22m[DEBUG] [39;1msnarkJS[0m: tauG1: fft 7 mix start: 11/16
[36;22m[DEBUG] [39;1msnarkJS[0m: tauG1: fft 7 mix start: 12/16
[36;22m[DEBUG] [39;1msnarkJS[0m: tauG1: fft 7 mix start: 13/16
[36;22m[DEBUG] [39;1msnarkJS[0m: tauG1: fft 7 mix start: 14/16
[36;22m[DEBUG] [39;1msnarkJS[0m: tauG1: fft 7 mix start: 15/16
[36;22m[DEBUG] [39;1msnarkJS[0m: tauG1: fft 7 mix end: 0/16
[36;22m[DEBUG] [39;1msnarkJS[0m: tauG1: fft 7 mix end: 1/16
[36;22m[DEBUG] [39;1msnarkJS[0m: tauG1: fft 7 mix end: 4/16
[36;22m[DEBUG] [39;1msnarkJS[0m: tauG1: fft 7 mix end: 5/16
[36;22m[DEBUG] [39;1msnarkJS[0m: tauG1: fft 7 mix end: 3/16
[36;22m[DEBUG] [39;1msnarkJS[0m: tauG1: fft 7 mix end: 6/16
[36;22m[DEBUG] [39;1msnarkJS[0m: tauG1: fft 7 mix end: 2/16
[36;22m[DEBUG] [39;1msnarkJS[0m: tauG1: fft 7 mix end: 10/16
[36;22m[DEBUG] [39;1msnarkJS[0m: tauG1: fft 7 mix end: 7/16
[36;22m[DEBUG] [39;1msnarkJS[0m: tauG1: fft 7 mix end: 8/16
[36;22m[DEBUG] [39;1msnarkJS[0m: tauG1: fft 7 mix end: 11/16
[36;22m[DEBUG] [39;1msnarkJS[0m: tauG1: fft 7 mix end: 14/16
[36;22m[DEBUG] [39;1msnarkJS[0m: tauG1: fft 7 mix end: 9/16
[36;22m[DEBUG] [39;1msnarkJS[0m: tauG1: fft 7 mix end: 15/16
[36;22m[DEBUG] [39;1msnarkJS[0m: tauG1: fft 7 mix end: 13/16
[36;22m[DEBUG] [39;1msnarkJS[0m: tauG1: fft 7 mix end: 12/16
[36;22m[DEBUG] [39;1msnarkJS[0m: tauG1: fft  7  join: 4/7
[36;22m[DEBUG] [39;1msnarkJS[0m: tauG1: fft 7 join  4/7  4/8 0/1
[36;22m[DEBUG] [39;1msnarkJS[0m: tauG1: fft 7 join  4/7  1/8 0/1
[36;22m[DEBUG] [39;1msnarkJS[0m: tauG1: fft 7 join  4/7  2/8 0/1
[36;22m[DEBUG] [39;1msnarkJS[0m: tauG1: fft 7 join  4/7  5/8 0/1
[36;22m[DEBUG] [39;1msnarkJS[0m: tauG1: fft 7 join  4/7  6/8 0/1
[36;22m[DEBUG] [39;1msnarkJS[0m: tauG1: fft 7 join  4/7  7/8 0/1
[36;22m[DEBUG] [39;1msnarkJS[0m: tauG1: fft 7 join  4/7  3/8 0/1
[36;22m[DEBUG] [39;1msnarkJS[0m: tauG1: fft 7 join  4/7  8/8 0/1
[36;22m[DEBUG] [39;1msnarkJS[0m: tauG1: fft  7  join: 5/7
[36;22m[DEBUG] [39;1msnarkJS[0m: tauG1: fft 7 join  5/7  1/4 0/2
[36;22m[DEBUG] [39;1msnarkJS[0m: tauG1: fft 7 join  5/7  3/4 0/2
[36;22m[DEBUG] [39;1msnarkJS[0m: tauG1: fft 7 join  5/7  1/4 1/2
[36;22m[DEBUG] [39;1msnarkJS[0m: tauG1: fft 7 join  5/7  2/4 1/2
[36;22m[DEBUG] [39;1msnarkJS[0m: tauG1: fft 7 join  5/7  3/4 1/2
[36;22m[DEBUG] [39;1msnarkJS[0m: tauG1: fft 7 join  5/7  4/4 0/2
[36;22m[DEBUG] [39;1msnarkJS[0m: tauG1: fft 7 join  5/7  2/4 0/2
[36;22m[DEBUG] [39;1msnarkJS[0m: tauG1: fft 7 join  5/7  4/4 1/2
[36;22m[DEBUG] [39;1msnarkJS[0m: tauG1: fft  7  join: 6/7
[36;22m[DEBUG] [39;1msnarkJS[0m: tauG1: fft 7 join  6/7  1/2 0/4
[36;22m[DEBUG] [39;1msnarkJS[0m: tauG1: fft 7 join  6/7  2/2 0/4
[36;22m[DEBUG] [39;1msnarkJS[0m: tauG1: fft 7 join  6/7  1/2 1/4
[36;22m[DEBUG] [39;1msnarkJS[0m: tauG1: fft 7 join  6/7  1/2 3/4
[36;22m[DEBUG] [39;1msnarkJS[0m: tauG1: fft 7 join  6/7  2/2 1/4
[36;22m[DEBUG] [39;1msnarkJS[0m: tauG1: fft 7 join  6/7  2/2 2/4
[36;22m[DEBUG] [39;1msnarkJS[0m: tauG1: fft 7 join  6/7  1/2 2/4
[36;22m[DEBUG] [39;1msnarkJS[0m: tauG1: fft 7 join  6/7  2/2 3/4
[36;22m[DEBUG] [39;1msnarkJS[0m: tauG1: fft  7  join: 7/7
[36;22m[DEBUG] [39;1msnarkJS[0m: tauG1: fft 7 join  7/7  1/1 0/8
[36;22m[DEBUG] [39;1msnarkJS[0m: tauG1: fft 7 join  7/7  1/1 1/8
[36;22m[DEBUG] [39;1msnarkJS[0m: tauG1: fft 7 join  7/7  1/1 5/8
[36;22m[DEBUG] [39;1msnarkJS[0m: tauG1: fft 7 join  7/7  1/1 3/8
[36;22m[DEBUG] [39;1msnarkJS[0m: tauG1: fft 7 join  7/7  1/1 4/8
[36;22m[DEBUG] [39;1msnarkJS[0m: tauG1: fft 7 join  7/7  1/1 6/8
[36;22m[DEBUG] [39;1msnarkJS[0m: tauG1: fft 7 join  7/7  1/1 2/8
[36;22m[DEBUG] [39;1msnarkJS[0m: tauG1: fft 7 join  7/7  1/1 7/8
[36;22m[DEBUG] [39;1msnarkJS[0m: tauG1: fft 8 mix start: 0/32
[36;22m[DEBUG] [39;1msnarkJS[0m: tauG1: fft 8 mix start: 1/32
[36;22m[DEBUG] [39;1msnarkJS[0m: tauG1: fft 8 mix start: 2/32
[36;22m[DEBUG] [39;1msnarkJS[0m: tauG1: fft 8 mix start: 3/32
[36;22m[DEBUG] [39;1msnarkJS[0m: tauG1: fft 8 mix start: 4/32
[36;22m[DEBUG] [39;1msnarkJS[0m: tauG1: fft 8 mix start: 5/32
[36;22m[DEBUG] [39;1msnarkJS[0m: tauG1: fft 8 mix start: 6/32
[36;22m[DEBUG] [39;1msnarkJS[0m: tauG1: fft 8 mix start: 7/32
[36;22m[DEBUG] [39;1msnarkJS[0m: tauG1: fft 8 mix start: 8/32
[36;22m[DEBUG] [39;1msnarkJS[0m: tauG1: fft 8 mix start: 9/32
[36;22m[DEBUG] [39;1msnarkJS[0m: tauG1: fft 8 mix start: 10/32
[36;22m[DEBUG] [39;1msnarkJS[0m: tauG1: fft 8 mix start: 11/32
[36;22m[DEBUG] [39;1msnarkJS[0m: tauG1: fft 8 mix start: 12/32
[36;22m[DEBUG] [39;1msnarkJS[0m: tauG1: fft 8 mix start: 13/32
[36;22m[DEBUG] [39;1msnarkJS[0m: tauG1: fft 8 mix start: 14/32
[36;22m[DEBUG] [39;1msnarkJS[0m: tauG1: fft 8 mix start: 15/32
[36;22m[DEBUG] [39;1msnarkJS[0m: tauG1: fft 8 mix start: 16/32
[36;22m[DEBUG] [39;1msnarkJS[0m: tauG1: fft 8 mix start: 17/32
[36;22m[DEBUG] [39;1msnarkJS[0m: tauG1: fft 8 mix start: 18/32
[36;22m[DEBUG] [39;1msnarkJS[0m: tauG1: fft 8 mix start: 19/32
[36;22m[DEBUG] [39;1msnarkJS[0m: tauG1: fft 8 mix start: 20/32
[36;22m[DEBUG] [39;1msnarkJS[0m: tauG1: fft 8 mix start: 21/32
[36;22m[DEBUG] [39;1msnarkJS[0m: tauG1: fft 8 mix start: 22/32
[36;22m[DEBUG] [39;1msnarkJS[0m: tauG1: fft 8 mix start: 23/32
[36;22m[DEBUG] [39;1msnarkJS[0m: tauG1: fft 8 mix start: 24/32
[36;22m[DEBUG] [39;1msnarkJS[0m: tauG1: fft 8 mix start: 25/32
[36;22m[DEBUG] [39;1msnarkJS[0m: tauG1: fft 8 mix start: 26/32
[36;22m[DEBUG] [39;1msnarkJS[0m: tauG1: fft 8 mix start: 27/32
[36;22m[DEBUG] [39;1msnarkJS[0m: tauG1: fft 8 mix start: 28/32
[36;22m[DEBUG] [39;1msnarkJS[0m: tauG1: fft 8 mix start: 29/32
[36;22m[DEBUG] [39;1msnarkJS[0m: tauG1: fft 8 mix start: 30/32
[36;22m[DEBUG] [39;1msnarkJS[0m: tauG1: fft 8 mix start: 31/32
[36;22m[DEBUG] [39;1msnarkJS[0m: tauG1: fft 8 mix end: 0/32
[36;22m[DEBUG] [39;1msnarkJS[0m: tauG1: fft 8 mix end: 1/32
[36;22m[DEBUG] [39;1msnarkJS[0m: tauG1: fft 8 mix end: 2/32
[36;22m[DEBUG] [39;1msnarkJS[0m: tauG1: fft 8 mix end: 3/32
[36;22m[DEBUG] [39;1msnarkJS[0m: tauG1: fft 8 mix end: 4/32
[36;22m[DEBUG] [39;1msnarkJS[0m: tauG1: fft 8 mix end: 5/32
[36;22m[DEBUG] [39;1msnarkJS[0m: tauG1: fft 8 mix end: 6/32
[36;22m[DEBUG] [39;1msnarkJS[0m: tauG1: fft 8 mix end: 7/32
[36;22m[DEBUG] [39;1msnarkJS[0m: tauG1: fft 8 mix end: 8/32
[36;22m[DEBUG] [39;1msnarkJS[0m: tauG1: fft 8 mix end: 9/32
[36;22m[DEBUG] [39;1msnarkJS[0m: tauG1: fft 8 mix end: 10/32
[36;22m[DEBUG] [39;1msnarkJS[0m: tauG1: fft 8 mix end: 11/32
[36;22m[DEBUG] [39;1msnarkJS[0m: tauG1: fft 8 mix end: 12/32
[36;22m[DEBUG] [39;1msnarkJS[0m: tauG1: fft 8 mix end: 13/32
[36;22m[DEBUG] [39;1msnarkJS[0m: tauG1: fft 8 mix end: 14/32
[36;22m[DEBUG] [39;1msnarkJS[0m: tauG1: fft 8 mix end: 15/32
[36;22m[DEBUG] [39;1msnarkJS[0m: tauG1: fft 8 mix end: 17/32
[36;22m[DEBUG] [39;1msnarkJS[0m: tauG1: fft 8 mix end: 21/32
[36;22m[DEBUG] [39;1msnarkJS[0m: tauG1: fft 8 mix end: 22/32
[36;22m[DEBUG] [39;1msnarkJS[0m: tauG1: fft 8 mix end: 23/32
[36;22m[DEBUG] [39;1msnarkJS[0m: tauG1: fft 8 mix end: 25/32
[36;22m[DEBUG] [39;1msnarkJS[0m: tauG1: fft 8 mix end: 26/32
[36;22m[DEBUG] [39;1msnarkJS[0m: tauG1: fft 8 mix end: 27/32
[36;22m[DEBUG] [39;1msnarkJS[0m: tauG1: fft 8 mix end: 31/32
[36;22m[DEBUG] [39;1msnarkJS[0m: tauG1: fft 8 mix end: 16/32
[36;22m[DEBUG] [39;1msnarkJS[0m: tauG1: fft 8 mix end: 18/32
[36;22m[DEBUG] [39;1msnarkJS[0m: tauG1: fft 8 mix end: 19/32
[36;22m[DEBUG] [39;1msnarkJS[0m: tauG1: fft 8 mix end: 20/32
[36;22m[DEBUG] [39;1msnarkJS[0m: tauG1: fft 8 mix end: 28/32
[36;22m[DEBUG] [39;1msnarkJS[0m: tauG1: fft 8 mix end: 24/32
[36;22m[DEBUG] [39;1msnarkJS[0m: tauG1: fft 8 mix end: 29/32
[36;22m[DEBUG] [39;1msnarkJS[0m: tauG1: fft 8 mix end: 30/32
[36;22m[DEBUG] [39;1msnarkJS[0m: tauG1: fft  8  join: 4/8
[36;22m[DEBUG] [39;1msnarkJS[0m: tauG1: fft 8 join  4/8  1/16 0/1
[36;22m[DEBUG] [39;1msnarkJS[0m: tauG1: fft 8 join  4/8  2/16 0/1
[36;22m[DEBUG] [39;1msnarkJS[0m: tauG1: fft 8 join  4/8  3/16 0/1
[36;22m[DEBUG] [39;1msnarkJS[0m: tauG1: fft 8 join  4/8  4/16 0/1
[36;22m[DEBUG] [39;1msnarkJS[0m: tauG1: fft 8 join  4/8  5/16 0/1
[36;22m[DEBUG] [39;1msnarkJS[0m: tauG1: fft 8 join  4/8  6/16 0/1
[36;22m[DEBUG] [39;1msnarkJS[0m: tauG1: fft 8 join  4/8  7/16 0/1
[36;22m[DEBUG] [39;1msnarkJS[0m: tauG1: fft 8 join  4/8  8/16 0/1
[36;22m[DEBUG] [39;1msnarkJS[0m: tauG1: fft 8 join  4/8  9/16 0/1
[36;22m[DEBUG] [39;1msnarkJS[0m: tauG1: fft 8 join  4/8  10/16 0/1
[36;22m[DEBUG] [39;1msnarkJS[0m: tauG1: fft 8 join  4/8  11/16 0/1
[36;22m[DEBUG] [39;1msnarkJS[0m: tauG1: fft 8 join  4/8  12/16 0/1
[36;22m[DEBUG] [39;1msnarkJS[0m: tauG1: fft 8 join  4/8  13/16 0/1
[36;22m[DEBUG] [39;1msnarkJS[0m: tauG1: fft 8 join  4/8  14/16 0/1
[36;22m[DEBUG] [39;1msnarkJS[0m: tauG1: fft 8 join  4/8  15/16 0/1
[36;22m[DEBUG] [39;1msnarkJS[0m: tauG1: fft 8 join  4/8  16/16 0/1
[36;22m[DEBUG] [39;1msnarkJS[0m: tauG1: fft  8  join: 5/8
[36;22m[DEBUG] [39;1msnarkJS[0m: tauG1: fft 8 join  5/8  1/8 0/2
[36;22m[DEBUG] [39;1msnarkJS[0m: tauG1: fft 8 join  5/8  7/8 0/2
[36;22m[DEBUG] [39;1msnarkJS[0m: tauG1: fft 8 join  5/8  3/8 0/2
[36;22m[DEBUG] [39;1msnarkJS[0m: tauG1: fft 8 join  5/8  6/8 0/2
[36;22m[DEBUG] [39;1msnarkJS[0m: tauG1: fft 8 join  5/8  4/8 1/2
[36;22m[DEBUG] [39;1msnarkJS[0m: tauG1: fft 8 join  5/8  1/8 1/2
[36;22m[DEBUG] [39;1msnarkJS[0m: tauG1: fft 8 join  5/8  3/8 1/2
[36;22m[DEBUG] [39;1msnarkJS[0m: tauG1: fft 8 join  5/8  2/8 0/2
[36;22m[DEBUG] [39;1msnarkJS[0m: tauG1: fft 8 join  5/8  4/8 0/2
[36;22m[DEBUG] [39;1msnarkJS[0m: tauG1: fft 8 join  5/8  8/8 0/2
[36;22m[DEBUG] [39;1msnarkJS[0m: tauG1: fft 8 join  5/8  2/8 1/2
[36;22m[DEBUG] [39;1msnarkJS[0m: tauG1: fft 8 join  5/8  5/8 1/2
[36;22m[DEBUG] [39;1msnarkJS[0m: tauG1: fft 8 join  5/8  8/8 1/2
[36;22m[DEBUG] [39;1msnarkJS[0m: tauG1: fft 8 join  5/8  6/8 1/2
[36;22m[DEBUG] [39;1msnarkJS[0m: tauG1: fft 8 join  5/8  7/8 1/2
[36;22m[DEBUG] [39;1msnarkJS[0m: tauG1: fft 8 join  5/8  5/8 0/2
[36;22m[DEBUG] [39;1msnarkJS[0m: tauG1: fft  8  join: 6/8
[36;22m[DEBUG] [39;1msnarkJS[0m: tauG1: fft 8 join  6/8  3/4 0/4
[36;22m[DEBUG] [39;1msnarkJS[0m: tauG1: fft 8 join  6/8  1/4 0/4
[36;22m[DEBUG] [39;1msnarkJS[0m: tauG1: fft 8 join  6/8  2/4 0/4
[36;22m[DEBUG] [39;1msnarkJS[0m: tauG1: fft 8 join  6/8  1/4 1/4
[36;22m[DEBUG] [39;1msnarkJS[0m: tauG1: fft 8 join  6/8  2/4 1/4
[36;22m[DEBUG] [39;1msnarkJS[0m: tauG1: fft 8 join  6/8  2/4 3/4
[36;22m[DEBUG] [39;1msnarkJS[0m: tauG1: fft 8 join  6/8  1/4 2/4
[36;22m[DEBUG] [39;1msnarkJS[0m: tauG1: fft 8 join  6/8  2/4 2/4
[36;22m[DEBUG] [39;1msnarkJS[0m: tauG1: fft 8 join  6/8  1/4 3/4
[36;22m[DEBUG] [39;1msnarkJS[0m: tauG1: fft 8 join  6/8  3/4 1/4
[36;22m[DEBUG] [39;1msnarkJS[0m: tauG1: fft 8 join  6/8  3/4 2/4
[36;22m[DEBUG] [39;1msnarkJS[0m: tauG1: fft 8 join  6/8  4/4 2/4
[36;22m[DEBUG] [39;1msnarkJS[0m: tauG1: fft 8 join  6/8  4/4 3/4
[36;22m[DEBUG] [39;1msnarkJS[0m: tauG1: fft 8 join  6/8  3/4 3/4
[36;22m[DEBUG] [39;1msnarkJS[0m: tauG1: fft 8 join  6/8  4/4 0/4
[36;22m[DEBUG] [39;1msnarkJS[0m: tauG1: fft 8 join  6/8  4/4 1/4
[36;22m[DEBUG] [39;1msnarkJS[0m: tauG1: fft  8  join: 7/8
[36;22m[DEBUG] [39;1msnarkJS[0m: tauG1: fft 8 join  7/8  1/2 0/8
[36;22m[DEBUG] [39;1msnarkJS[0m: tauG1: fft 8 join  7/8  1/2 1/8
[36;22m[DEBUG] [39;1msnarkJS[0m: tauG1: fft 8 join  7/8  1/2 4/8
[36;22m[DEBUG] [39;1msnarkJS[0m: tauG1: fft 8 join  7/8  1/2 5/8
[36;22m[DEBUG] [39;1msnarkJS[0m: tauG1: fft 8 join  7/8  2/2 3/8
[36;22m[DEBUG] [39;1msnarkJS[0m: tauG1: fft 8 join  7/8  2/2 0/8
[36;22m[DEBUG] [39;1msnarkJS[0m: tauG1: fft 8 join  7/8  1/2 3/8
[36;22m[DEBUG] [39;1msnarkJS[0m: tauG1: fft 8 join  7/8  1/2 6/8
[36;22m[DEBUG] [39;1msnarkJS[0m: tauG1: fft 8 join  7/8  2/2 2/8
[36;22m[DEBUG] [39;1msnarkJS[0m: tauG1: fft 8 join  7/8  2/2 4/8
[36;22m[DEBUG] [39;1msnarkJS[0m: tauG1: fft 8 join  7/8  2/2 6/8
[36;22m[DEBUG] [39;1msnarkJS[0m: tauG1: fft 8 join  7/8  1/2 2/8
[36;22m[DEBUG] [39;1msnarkJS[0m: tauG1: fft 8 join  7/8  1/2 7/8
[36;22m[DEBUG] [39;1msnarkJS[0m: tauG1: fft 8 join  7/8  2/2 1/8
[36;22m[DEBUG] [39;1msnarkJS[0m: tauG1: fft 8 join  7/8  2/2 7/8
[36;22m[DEBUG] [39;1msnarkJS[0m: tauG1: fft 8 join  7/8  2/2 5/8
[36;22m[DEBUG] [39;1msnarkJS[0m: tauG1: fft  8  join: 8/8
[36;22m[DEBUG] [39;1msnarkJS[0m: tauG1: fft 8 join  8/8  1/1 0/16
[36;22m[DEBUG] [39;1msnarkJS[0m: tauG1: fft 8 join  8/8  1/1 1/16
[36;22m[DEBUG] [39;1msnarkJS[0m: tauG1: fft 8 join  8/8  1/1 5/16
[36;22m[DEBUG] [39;1msnarkJS[0m: tauG1: fft 8 join  8/8  1/1 11/16
[36;22m[DEBUG] [39;1msnarkJS[0m: tauG1: fft 8 join  8/8  1/1 2/16
[36;22m[DEBUG] [39;1msnarkJS[0m: tauG1: fft 8 join  8/8  1/1 3/16
[36;22m[DEBUG] [39;1msnarkJS[0m: tauG1: fft 8 join  8/8  1/1 7/16
[36;22m[DEBUG] [39;1msnarkJS[0m: tauG1: fft 8 join  8/8  1/1 9/16
[36;22m[DEBUG] [39;1msnarkJS[0m: tauG1: fft 8 join  8/8  1/1 6/16
[36;22m[DEBUG] [39;1msnarkJS[0m: tauG1: fft 8 join  8/8  1/1 8/16
[36;22m[DEBUG] [39;1msnarkJS[0m: tauG1: fft 8 join  8/8  1/1 10/16
[36;22m[DEBUG] [39;1msnarkJS[0m: tauG1: fft 8 join  8/8  1/1 12/16
[36;22m[DEBUG] [39;1msnarkJS[0m: tauG1: fft 8 join  8/8  1/1 13/16
[36;22m[DEBUG] [39;1msnarkJS[0m: tauG1: fft 8 join  8/8  1/1 14/16
[36;22m[DEBUG] [39;1msnarkJS[0m: tauG1: fft 8 join  8/8  1/1 15/16
[36;22m[DEBUG] [39;1msnarkJS[0m: tauG1: fft 8 join  8/8  1/1 4/16
[36;22m[DEBUG] [39;1msnarkJS[0m: tauG1: fft 9 mix start: 0/32
[36;22m[DEBUG] [39;1msnarkJS[0m: tauG1: fft 9 mix start: 1/32
[36;22m[DEBUG] [39;1msnarkJS[0m: tauG1: fft 9 mix start: 2/32
[36;22m[DEBUG] [39;1msnarkJS[0m: tauG1: fft 9 mix start: 3/32
[36;22m[DEBUG] [39;1msnarkJS[0m: tauG1: fft 9 mix start: 4/32
[36;22m[DEBUG] [39;1msnarkJS[0m: tauG1: fft 9 mix start: 5/32
[36;22m[DEBUG] [39;1msnarkJS[0m: tauG1: fft 9 mix start: 6/32
[36;22m[DEBUG] [39;1msnarkJS[0m: tauG1: fft 9 mix start: 7/32
[36;22m[DEBUG] [39;1msnarkJS[0m: tauG1: fft 9 mix start: 8/32
[36;22m[DEBUG] [39;1msnarkJS[0m: tauG1: fft 9 mix start: 9/32
[36;22m[DEBUG] [39;1msnarkJS[0m: tauG1: fft 9 mix start: 10/32
[36;22m[DEBUG] [39;1msnarkJS[0m: tauG1: fft 9 mix start: 11/32
[36;22m[DEBUG] [39;1msnarkJS[0m: tauG1: fft 9 mix start: 12/32
[36;22m[DEBUG] [39;1msnarkJS[0m: tauG1: fft 9 mix start: 13/32
[36;22m[DEBUG] [39;1msnarkJS[0m: tauG1: fft 9 mix start: 14/32
[36;22m[DEBUG] [39;1msnarkJS[0m: tauG1: fft 9 mix start: 15/32
[36;22m[DEBUG] [39;1msnarkJS[0m: tauG1: fft 9 mix start: 16/32
[36;22m[DEBUG] [39;1msnarkJS[0m: tauG1: fft 9 mix start: 17/32
[36;22m[DEBUG] [39;1msnarkJS[0m: tauG1: fft 9 mix start: 18/32
[36;22m[DEBUG] [39;1msnarkJS[0m: tauG1: fft 9 mix start: 19/32
[36;22m[DEBUG] [39;1msnarkJS[0m: tauG1: fft 9 mix start: 20/32
[36;22m[DEBUG] [39;1msnarkJS[0m: tauG1: fft 9 mix start: 21/32
[36;22m[DEBUG] [39;1msnarkJS[0m: tauG1: fft 9 mix start: 22/32
[36;22m[DEBUG] [39;1msnarkJS[0m: tauG1: fft 9 mix start: 23/32
[36;22m[DEBUG] [39;1msnarkJS[0m: tauG1: fft 9 mix start: 24/32
[36;22m[DEBUG] [39;1msnarkJS[0m: tauG1: fft 9 mix start: 25/32
[36;22m[DEBUG] [39;1msnarkJS[0m: tauG1: fft 9 mix start: 26/32
[36;22m[DEBUG] [39;1msnarkJS[0m: tauG1: fft 9 mix start: 27/32
[36;22m[DEBUG] [39;1msnarkJS[0m: tauG1: fft 9 mix start: 28/32
[36;22m[DEBUG] [39;1msnarkJS[0m: tauG1: fft 9 mix start: 29/32
[36;22m[DEBUG] [39;1msnarkJS[0m: tauG1: fft 9 mix start: 30/32
[36;22m[DEBUG] [39;1msnarkJS[0m: tauG1: fft 9 mix start: 31/32
[36;22m[DEBUG] [39;1msnarkJS[0m: tauG1: fft 9 mix end: 4/32
[36;22m[DEBUG] [39;1msnarkJS[0m: tauG1: fft 9 mix end: 11/32
[36;22m[DEBUG] [39;1msnarkJS[0m: tauG1: fft 9 mix end: 3/32
[36;22m[DEBUG] [39;1msnarkJS[0m: tauG1: fft 9 mix end: 2/32
[36;22m[DEBUG] [39;1msnarkJS[0m: tauG1: fft 9 mix end: 1/32
[36;22m[DEBUG] [39;1msnarkJS[0m: tauG1: fft 9 mix end: 13/32
[36;22m[DEBUG] [39;1msnarkJS[0m: tauG1: fft 9 mix end: 31/32
[36;22m[DEBUG] [39;1msnarkJS[0m: tauG1: fft 9 mix end: 5/32
[36;22m[DEBUG] [39;1msnarkJS[0m: tauG1: fft 9 mix end: 24/32
[36;22m[DEBUG] [39;1msnarkJS[0m: tauG1: fft 9 mix end: 14/32
[36;22m[DEBUG] [39;1msnarkJS[0m: tauG1: fft 9 mix end: 0/32
[36;22m[DEBUG] [39;1msnarkJS[0m: tauG1: fft 9 mix end: 25/32
[36;22m[DEBUG] [39;1msnarkJS[0m: tauG1: fft 9 mix end: 26/32
[36;22m[DEBUG] [39;1msnarkJS[0m: tauG1: fft 9 mix end: 27/32
[36;22m[DEBUG] [39;1msnarkJS[0m: tauG1: fft 9 mix end: 18/32
[36;22m[DEBUG] [39;1msnarkJS[0m: tauG1: fft 9 mix end: 28/32
[36;22m[DEBUG] [39;1msnarkJS[0m: tauG1: fft 9 mix end: 16/32
[36;22m[DEBUG] [39;1msnarkJS[0m: tauG1: fft 9 mix end: 7/32
[36;22m[DEBUG] [39;1msnarkJS[0m: tauG1: fft 9 mix end: 6/32
[36;22m[DEBUG] [39;1msnarkJS[0m: tauG1: fft 9 mix end: 8/32
[36;22m[DEBUG] [39;1msnarkJS[0m: tauG1: fft 9 mix end: 23/32
[36;22m[DEBUG] [39;1msnarkJS[0m: tauG1: fft 9 mix end: 12/32
[36;22m[DEBUG] [39;1msnarkJS[0m: tauG1: fft 9 mix end: 19/32
[36;22m[DEBUG] [39;1msnarkJS[0m: tauG1: fft 9 mix end: 22/32
[36;22m[DEBUG] [39;1msnarkJS[0m: tauG1: fft 9 mix end: 30/32
[36;22m[DEBUG] [39;1msnarkJS[0m: tauG1: fft 9 mix end: 15/32
[36;22m[DEBUG] [39;1msnarkJS[0m: tauG1: fft 9 mix end: 21/32
[36;22m[DEBUG] [39;1msnarkJS[0m: tauG1: fft 9 mix end: 20/32
[36;22m[DEBUG] [39;1msnarkJS[0m: tauG1: fft 9 mix end: 29/32
[36;22m[DEBUG] [39;1msnarkJS[0m: tauG1: fft 9 mix end: 9/32
[36;22m[DEBUG] [39;1msnarkJS[0m: tauG1: fft 9 mix end: 17/32
[36;22m[DEBUG] [39;1msnarkJS[0m: tauG1: fft 9 mix end: 10/32
[36;22m[DEBUG] [39;1msnarkJS[0m: tauG1: fft  9  join: 5/9
[36;22m[DEBUG] [39;1msnarkJS[0m: tauG1: fft 9 join  5/9  1/16 0/1
[36;22m[DEBUG] [39;1msnarkJS[0m: tauG1: fft 9 join  5/9  2/16 0/1
[36;22m[DEBUG] [39;1msnarkJS[0m: tauG1: fft 9 join  5/9  12/16 0/1
[36;22m[DEBUG] [39;1msnarkJS[0m: tauG1: fft 9 join  5/9  14/16 0/1
[36;22m[DEBUG] [39;1msnarkJS[0m: tauG1: fft 9 join  5/9  5/16 0/1
[36;22m[DEBUG] [39;1msnarkJS[0m: tauG1: fft 9 join  5/9  6/16 0/1
[36;22m[DEBUG] [39;1msnarkJS[0m: tauG1: fft 9 join  5/9  7/16 0/1
[36;22m[DEBUG] [39;1msnarkJS[0m: tauG1: fft 9 join  5/9  9/16 0/1
[36;22m[DEBUG] [39;1msnarkJS[0m: tauG1: fft 9 join  5/9  11/16 0/1
[36;22m[DEBUG] [39;1msnarkJS[0m: tauG1: fft 9 join  5/9  13/16 0/1
[36;22m[DEBUG] [39;1msnarkJS[0m: tauG1: fft 9 join  5/9  3/16 0/1
[36;22m[DEBUG] [39;1msnarkJS[0m: tauG1: fft 9 join  5/9  4/16 0/1
[36;22m[DEBUG] [39;1msnarkJS[0m: tauG1: fft 9 join  5/9  8/16 0/1
[36;22m[DEBUG] [39;1msnarkJS[0m: tauG1: fft 9 join  5/9  10/16 0/1
[36;22m[DEBUG] [39;1msnarkJS[0m: tauG1: fft 9 join  5/9  15/16 0/1
[36;22m[DEBUG] [39;1msnarkJS[0m: tauG1: fft 9 join  5/9  16/16 0/1
[36;22m[DEBUG] [39;1msnarkJS[0m: tauG1: fft  9  join: 6/9
[36;22m[DEBUG] [39;1msnarkJS[0m: tauG1: fft 9 join  6/9  1/8 0/2
[36;22m[DEBUG] [39;1msnarkJS[0m: tauG1: fft 9 join  6/9  1/8 1/2
[36;22m[DEBUG] [39;1msnarkJS[0m: tauG1: fft 9 join  6/9  4/8 1/2
[36;22m[DEBUG] [39;1msnarkJS[0m: tauG1: fft 9 join  6/9  6/8 1/2
[36;22m[DEBUG] [39;1msnarkJS[0m: tauG1: fft 9 join  6/9  7/8 1/2
[36;22m[DEBUG] [39;1msnarkJS[0m: tauG1: fft 9 join  6/9  3/8 0/2
[36;22m[DEBUG] [39;1msnarkJS[0m: tauG1: fft 9 join  6/9  5/8 1/2
[36;22m[DEBUG] [39;1msnarkJS[0m: tauG1: fft 9 join  6/9  3/8 1/2
[36;22m[DEBUG] [39;1msnarkJS[0m: tauG1: fft 9 join  6/9  2/8 0/2
[36;22m[DEBUG] [39;1msnarkJS[0m: tauG1: fft 9 join  6/9  4/8 0/2
[36;22m[DEBUG] [39;1msnarkJS[0m: tauG1: fft 9 join  6/9  5/8 0/2
[36;22m[DEBUG] [39;1msnarkJS[0m: tauG1: fft 9 join  6/9  6/8 0/2
[36;22m[DEBUG] [39;1msnarkJS[0m: tauG1: fft 9 join  6/9  7/8 0/2
[36;22m[DEBUG] [39;1msnarkJS[0m: tauG1: fft 9 join  6/9  8/8 0/2
[36;22m[DEBUG] [39;1msnarkJS[0m: tauG1: fft 9 join  6/9  2/8 1/2
[36;22m[DEBUG] [39;1msnarkJS[0m: tauG1: fft 9 join  6/9  8/8 1/2
[36;22m[DEBUG] [39;1msnarkJS[0m: tauG1: fft  9  join: 7/9
[36;22m[DEBUG] [39;1msnarkJS[0m: tauG1: fft 9 join  7/9  1/4 0/4
[36;22m[DEBUG] [39;1msnarkJS[0m: tauG1: fft 9 join  7/9  2/4 0/4
[36;22m[DEBUG] [39;1msnarkJS[0m: tauG1: fft 9 join  7/9  1/4 1/4
[36;22m[DEBUG] [39;1msnarkJS[0m: tauG1: fft 9 join  7/9  2/4 1/4
[36;22m[DEBUG] [39;1msnarkJS[0m: tauG1: fft 9 join  7/9  2/4 3/4
[36;22m[DEBUG] [39;1msnarkJS[0m: tauG1: fft 9 join  7/9  3/4 1/4
[36;22m[DEBUG] [39;1msnarkJS[0m: tauG1: fft 9 join  7/9  3/4 3/4
[36;22m[DEBUG] [39;1msnarkJS[0m: tauG1: fft 9 join  7/9  4/4 1/4
[36;22m[DEBUG] [39;1msnarkJS[0m: tauG1: fft 9 join  7/9  3/4 0/4
[36;22m[DEBUG] [39;1msnarkJS[0m: tauG1: fft 9 join  7/9  4/4 0/4
[36;22m[DEBUG] [39;1msnarkJS[0m: tauG1: fft 9 join  7/9  1/4 2/4
[36;22m[DEBUG] [39;1msnarkJS[0m: tauG1: fft 9 join  7/9  1/4 3/4
[36;22m[DEBUG] [39;1msnarkJS[0m: tauG1: fft 9 join  7/9  2/4 2/4
[36;22m[DEBUG] [39;1msnarkJS[0m: tauG1: fft 9 join  7/9  3/4 2/4
[36;22m[DEBUG] [39;1msnarkJS[0m: tauG1: fft 9 join  7/9  4/4 2/4
[36;22m[DEBUG] [39;1msnarkJS[0m: tauG1: fft 9 join  7/9  4/4 3/4
[36;22m[DEBUG] [39;1msnarkJS[0m: tauG1: fft  9  join: 8/9
[36;22m[DEBUG] [39;1msnarkJS[0m: tauG1: fft 9 join  8/9  1/2 0/8
[36;22m[DEBUG] [39;1msnarkJS[0m: tauG1: fft 9 join  8/9  1/2 1/8
[36;22m[DEBUG] [39;1msnarkJS[0m: tauG1: fft 9 join  8/9  1/2 7/8
[36;22m[DEBUG] [39;1msnarkJS[0m: tauG1: fft 9 join  8/9  2/2 1/8
[36;22m[DEBUG] [39;1msnarkJS[0m: tauG1: fft 9 join  8/9  2/2 3/8
[36;22m[DEBUG] [39;1msnarkJS[0m: tauG1: fft 9 join  8/9  2/2 5/8
[36;22m[DEBUG] [39;1msnarkJS[0m: tauG1: fft 9 join  8/9  1/2 5/8
[36;22m[DEBUG] [39;1msnarkJS[0m: tauG1: fft 9 join  8/9  1/2 4/8
[36;22m[DEBUG] [39;1msnarkJS[0m: tauG1: fft 9 join  8/9  2/2 0/8
[36;22m[DEBUG] [39;1msnarkJS[0m: tauG1: fft 9 join  8/9  1/2 2/8
[36;22m[DEBUG] [39;1msnarkJS[0m: tauG1: fft 9 join  8/9  1/2 3/8
[36;22m[DEBUG] [39;1msnarkJS[0m: tauG1: fft 9 join  8/9  1/2 6/8
[36;22m[DEBUG] [39;1msnarkJS[0m: tauG1: fft 9 join  8/9  2/2 2/8
[36;22m[DEBUG] [39;1msnarkJS[0m: tauG1: fft 9 join  8/9  2/2 4/8
[36;22m[DEBUG] [39;1msnarkJS[0m: tauG1: fft 9 join  8/9  2/2 6/8
[36;22m[DEBUG] [39;1msnarkJS[0m: tauG1: fft 9 join  8/9  2/2 7/8
[36;22m[DEBUG] [39;1msnarkJS[0m: tauG1: fft  9  join: 9/9
[36;22m[DEBUG] [39;1msnarkJS[0m: tauG1: fft 9 join  9/9  1/1 0/16
[36;22m[DEBUG] [39;1msnarkJS[0m: tauG1: fft 9 join  9/9  1/1 1/16
[36;22m[DEBUG] [39;1msnarkJS[0m: tauG1: fft 9 join  9/9  1/1 11/16
[36;22m[DEBUG] [39;1msnarkJS[0m: tauG1: fft 9 join  9/9  1/1 9/16
[36;22m[DEBUG] [39;1msnarkJS[0m: tauG1: fft 9 join  9/9  1/1 13/16
[36;22m[DEBUG] [39;1msnarkJS[0m: tauG1: fft 9 join  9/9  1/1 5/16
[36;22m[DEBUG] [39;1msnarkJS[0m: tauG1: fft 9 join  9/9  1/1 7/16
[36;22m[DEBUG] [39;1msnarkJS[0m: tauG1: fft 9 join  9/9  1/1 4/16
[36;22m[DEBUG] [39;1msnarkJS[0m: tauG1: fft 9 join  9/9  1/1 2/16
[36;22m[DEBUG] [39;1msnarkJS[0m: tauG1: fft 9 join  9/9  1/1 3/16
[36;22m[DEBUG] [39;1msnarkJS[0m: tauG1: fft 9 join  9/9  1/1 6/16
[36;22m[DEBUG] [39;1msnarkJS[0m: tauG1: fft 9 join  9/9  1/1 8/16
[36;22m[DEBUG] [39;1msnarkJS[0m: tauG1: fft 9 join  9/9  1/1 15/16
[36;22m[DEBUG] [39;1msnarkJS[0m: tauG1: fft 9 join  9/9  1/1 10/16
[36;22m[DEBUG] [39;1msnarkJS[0m: tauG1: fft 9 join  9/9  1/1 12/16
[36;22m[DEBUG] [39;1msnarkJS[0m: tauG1: fft 9 join  9/9  1/1 14/16
[36;22m[DEBUG] [39;1msnarkJS[0m: tauG1: fft 10 mix start: 0/32
[36;22m[DEBUG] [39;1msnarkJS[0m: tauG1: fft 10 mix start: 1/32
[36;22m[DEBUG] [39;1msnarkJS[0m: tauG1: fft 10 mix start: 2/32
[36;22m[DEBUG] [39;1msnarkJS[0m: tauG1: fft 10 mix start: 3/32
[36;22m[DEBUG] [39;1msnarkJS[0m: tauG1: fft 10 mix start: 4/32
[36;22m[DEBUG] [39;1msnarkJS[0m: tauG1: fft 10 mix start: 5/32
[36;22m[DEBUG] [39;1msnarkJS[0m: tauG1: fft 10 mix start: 6/32
[36;22m[DEBUG] [39;1msnarkJS[0m: tauG1: fft 10 mix start: 7/32
[36;22m[DEBUG] [39;1msnarkJS[0m: tauG1: fft 10 mix start: 8/32
[36;22m[DEBUG] [39;1msnarkJS[0m: tauG1: fft 10 mix start: 9/32
[36;22m[DEBUG] [39;1msnarkJS[0m: tauG1: fft 10 mix start: 10/32
[36;22m[DEBUG] [39;1msnarkJS[0m: tauG1: fft 10 mix start: 11/32
[36;22m[DEBUG] [39;1msnarkJS[0m: tauG1: fft 10 mix start: 12/32
[36;22m[DEBUG] [39;1msnarkJS[0m: tauG1: fft 10 mix start: 13/32
[36;22m[DEBUG] [39;1msnarkJS[0m: tauG1: fft 10 mix start: 14/32
[36;22m[DEBUG] [39;1msnarkJS[0m: tauG1: fft 10 mix start: 15/32
[36;22m[DEBUG] [39;1msnarkJS[0m: tauG1: fft 10 mix start: 16/32
[36;22m[DEBUG] [39;1msnarkJS[0m: tauG1: fft 10 mix start: 17/32
[36;22m[DEBUG] [39;1msnarkJS[0m: tauG1: fft 10 mix start: 18/32
[36;22m[DEBUG] [39;1msnarkJS[0m: tauG1: fft 10 mix start: 19/32
[36;22m[DEBUG] [39;1msnarkJS[0m: tauG1: fft 10 mix start: 20/32
[36;22m[DEBUG] [39;1msnarkJS[0m: tauG1: fft 10 mix start: 21/32
[36;22m[DEBUG] [39;1msnarkJS[0m: tauG1: fft 10 mix start: 22/32
[36;22m[DEBUG] [39;1msnarkJS[0m: tauG1: fft 10 mix start: 23/32
[36;22m[DEBUG] [39;1msnarkJS[0m: tauG1: fft 10 mix start: 24/32
[36;22m[DEBUG] [39;1msnarkJS[0m: tauG1: fft 10 mix start: 25/32
[36;22m[DEBUG] [39;1msnarkJS[0m: tauG1: fft 10 mix start: 26/32
[36;22m[DEBUG] [39;1msnarkJS[0m: tauG1: fft 10 mix start: 27/32
[36;22m[DEBUG] [39;1msnarkJS[0m: tauG1: fft 10 mix start: 28/32
[36;22m[DEBUG] [39;1msnarkJS[0m: tauG1: fft 10 mix start: 29/32
[36;22m[DEBUG] [39;1msnarkJS[0m: tauG1: fft 10 mix start: 30/32
[36;22m[DEBUG] [39;1msnarkJS[0m: tauG1: fft 10 mix start: 31/32
[36;22m[DEBUG] [39;1msnarkJS[0m: tauG1: fft 10 mix end: 4/32
[36;22m[DEBUG] [39;1msnarkJS[0m: tauG1: fft 10 mix end: 5/32
[36;22m[DEBUG] [39;1msnarkJS[0m: tauG1: fft 10 mix end: 18/32
[36;22m[DEBUG] [39;1msnarkJS[0m: tauG1: fft 10 mix end: 17/32
[36;22m[DEBUG] [39;1msnarkJS[0m: tauG1: fft 10 mix end: 3/32
[36;22m[DEBUG] [39;1msnarkJS[0m: tauG1: fft 10 mix end: 28/32
[36;22m[DEBUG] [39;1msnarkJS[0m: tauG1: fft 10 mix end: 16/32
[36;22m[DEBUG] [39;1msnarkJS[0m: tauG1: fft 10 mix end: 24/32
[36;22m[DEBUG] [39;1msnarkJS[0m: tauG1: fft 10 mix end: 10/32
[36;22m[DEBUG] [39;1msnarkJS[0m: tauG1: fft 10 mix end: 13/32
[36;22m[DEBUG] [39;1msnarkJS[0m: tauG1: fft 10 mix end: 11/32
[36;22m[DEBUG] [39;1msnarkJS[0m: tauG1: fft 10 mix end: 26/32
[36;22m[DEBUG] [39;1msnarkJS[0m: tauG1: fft 10 mix end: 9/32
[36;22m[DEBUG] [39;1msnarkJS[0m: tauG1: fft 10 mix end: 1/32
[36;22m[DEBUG] [39;1msnarkJS[0m: tauG1: fft 10 mix end: 21/32
[36;22m[DEBUG] [39;1msnarkJS[0m: tauG1: fft 10 mix end: 7/32
[36;22m[DEBUG] [39;1msnarkJS[0m: tauG1: fft 10 mix end: 12/32
[36;22m[DEBUG] [39;1msnarkJS[0m: tauG1: fft 10 mix end: 25/32
[36;22m[DEBUG] [39;1msnarkJS[0m: tauG1: fft 10 mix end: 27/32
[36;22m[DEBUG] [39;1msnarkJS[0m: tauG1: fft 10 mix end: 8/32
[36;22m[DEBUG] [39;1msnarkJS[0m: tauG1: fft 10 mix end: 31/32
[36;22m[DEBUG] [39;1msnarkJS[0m: tauG1: fft 10 mix end: 20/32
[36;22m[DEBUG] [39;1msnarkJS[0m: tauG1: fft 10 mix end: 30/32
[36;22m[DEBUG] [39;1msnarkJS[0m: tauG1: fft 10 mix end: 15/32
[36;22m[DEBUG] [39;1msnarkJS[0m: tauG1: fft 10 mix end: 2/32
[36;22m[DEBUG] [39;1msnarkJS[0m: tauG1: fft 10 mix end: 14/32
[36;22m[DEBUG] [39;1msnarkJS[0m: tauG1: fft 10 mix end: 29/32
[36;22m[DEBUG] [39;1msnarkJS[0m: tauG1: fft 10 mix end: 22/32
[36;22m[DEBUG] [39;1msnarkJS[0m: tauG1: fft 10 mix end: 19/32
[36;22m[DEBUG] [39;1msnarkJS[0m: tauG1: fft 10 mix end: 23/32
[36;22m[DEBUG] [39;1msnarkJS[0m: tauG1: fft 10 mix end: 6/32
[36;22m[DEBUG] [39;1msnarkJS[0m: tauG1: fft 10 mix end: 0/32
[36;22m[DEBUG] [39;1msnarkJS[0m: tauG1: fft  10  join: 6/10
[36;22m[DEBUG] [39;1msnarkJS[0m: tauG1: fft 10 join  6/10  3/16 0/1
[36;22m[DEBUG] [39;1msnarkJS[0m: tauG1: fft 10 join  6/10  2/16 0/1
[36;22m[DEBUG] [39;1msnarkJS[0m: tauG1: fft 10 join  6/10  8/16 0/1
[36;22m[DEBUG] [39;1msnarkJS[0m: tauG1: fft 10 join  6/10  10/16 0/1
[36;22m[DEBUG] [39;1msnarkJS[0m: tauG1: fft 10 join  6/10  12/16 0/1
[36;22m[DEBUG] [39;1msnarkJS[0m: tauG1: fft 10 join  6/10  14/16 0/1
[36;22m[DEBUG] [39;1msnarkJS[0m: tauG1: fft 10 join  6/10  6/16 0/1
[36;22m[DEBUG] [39;1msnarkJS[0m: tauG1: fft 10 join  6/10  5/16 0/1
[36;22m[DEBUG] [39;1msnarkJS[0m: tauG1: fft 10 join  6/10  1/16 0/1
[36;22m[DEBUG] [39;1msnarkJS[0m: tauG1: fft 10 join  6/10  7/16 0/1
[36;22m[DEBUG] [39;1msnarkJS[0m: tauG1: fft 10 join  6/10  16/16 0/1
[36;22m[DEBUG] [39;1msnarkJS[0m: tauG1: fft 10 join  6/10  15/16 0/1
[36;22m[DEBUG] [39;1msnarkJS[0m: tauG1: fft 10 join  6/10  4/16 0/1
[36;22m[DEBUG] [39;1msnarkJS[0m: tauG1: fft 10 join  6/10  9/16 0/1
[36;22m[DEBUG] [39;1msnarkJS[0m: tauG1: fft 10 join  6/10  11/16 0/1
[36;22m[DEBUG] [39;1msnarkJS[0m: tauG1: fft 10 join  6/10  13/16 0/1
[36;22m[DEBUG] [39;1msnarkJS[0m: tauG1: fft  10  join: 7/10
[36;22m[DEBUG] [39;1msnarkJS[0m: tauG1: fft 10 join  7/10  2/8 0/2
[36;22m[DEBUG] [39;1msnarkJS[0m: tauG1: fft 10 join  7/10  1/8 1/2
[36;22m[DEBUG] [39;1msnarkJS[0m: tauG1: fft 10 join  7/10  3/8 0/2
[36;22m[DEBUG] [39;1msnarkJS[0m: tauG1: fft 10 join  7/10  6/8 1/2
[36;22m[DEBUG] [39;1msnarkJS[0m: tauG1: fft 10 join  7/10  7/8 1/2
[36;22m[DEBUG] [39;1msnarkJS[0m: tauG1: fft 10 join  7/10  4/8 1/2
[36;22m[DEBUG] [39;1msnarkJS[0m: tauG1: fft 10 join  7/10  5/8 1/2
[36;22m[DEBUG] [39;1msnarkJS[0m: tauG1: fft 10 join  7/10  3/8 1/2
[36;22m[DEBUG] [39;1msnarkJS[0m: tauG1: fft 10 join  7/10  1/8 0/2
[36;22m[DEBUG] [39;1msnarkJS[0m: tauG1: fft 10 join  7/10  4/8 0/2
[36;22m[DEBUG] [39;1msnarkJS[0m: tauG1: fft 10 join  7/10  5/8 0/2
[36;22m[DEBUG] [39;1msnarkJS[0m: tauG1: fft 10 join  7/10  6/8 0/2
[36;22m[DEBUG] [39;1msnarkJS[0m: tauG1: fft 10 join  7/10  7/8 0/2
[36;22m[DEBUG] [39;1msnarkJS[0m: tauG1: fft 10 join  7/10  8/8 0/2
[36;22m[DEBUG] [39;1msnarkJS[0m: tauG1: fft 10 join  7/10  2/8 1/2
[36;22m[DEBUG] [39;1msnarkJS[0m: tauG1: fft 10 join  7/10  8/8 1/2
[36;22m[DEBUG] [39;1msnarkJS[0m: tauG1: fft  10  join: 8/10
[36;22m[DEBUG] [39;1msnarkJS[0m: tauG1: fft 10 join  8/10  2/4 0/4
[36;22m[DEBUG] [39;1msnarkJS[0m: tauG1: fft 10 join  8/10  1/4 2/4
[36;22m[DEBUG] [39;1msnarkJS[0m: tauG1: fft 10 join  8/10  1/4 1/4
[36;22m[DEBUG] [39;1msnarkJS[0m: tauG1: fft 10 join  8/10  2/4 1/4
[36;22m[DEBUG] [39;1msnarkJS[0m: tauG1: fft 10 join  8/10  2/4 3/4
[36;22m[DEBUG] [39;1msnarkJS[0m: tauG1: fft 10 join  8/10  3/4 1/4
[36;22m[DEBUG] [39;1msnarkJS[0m: tauG1: fft 10 join  8/10  3/4 3/4
[36;22m[DEBUG] [39;1msnarkJS[0m: tauG1: fft 10 join  8/10  4/4 1/4
[36;22m[DEBUG] [39;1msnarkJS[0m: tauG1: fft 10 join  8/10  1/4 0/4
[36;22m[DEBUG] [39;1msnarkJS[0m: tauG1: fft 10 join  8/10  3/4 0/4
[36;22m[DEBUG] [39;1msnarkJS[0m: tauG1: fft 10 join  8/10  4/4 0/4
[36;22m[DEBUG] [39;1msnarkJS[0m: tauG1: fft 10 join  8/10  1/4 3/4
[36;22m[DEBUG] [39;1msnarkJS[0m: tauG1: fft 10 join  8/10  4/4 3/4
[36;22m[DEBUG] [39;1msnarkJS[0m: tauG1: fft 10 join  8/10  2/4 2/4
[36;22m[DEBUG] [39;1msnarkJS[0m: tauG1: fft 10 join  8/10  3/4 2/4
[36;22m[DEBUG] [39;1msnarkJS[0m: tauG1: fft 10 join  8/10  4/4 2/4
[36;22m[DEBUG] [39;1msnarkJS[0m: tauG1: fft  10  join: 9/10
[36;22m[DEBUG] [39;1msnarkJS[0m: tauG1: fft 10 join  9/10  1/2 4/8
[36;22m[DEBUG] [39;1msnarkJS[0m: tauG1: fft 10 join  9/10  1/2 1/8
[36;22m[DEBUG] [39;1msnarkJS[0m: tauG1: fft 10 join  9/10  1/2 2/8
[36;22m[DEBUG] [39;1msnarkJS[0m: tauG1: fft 10 join  9/10  1/2 5/8
[36;22m[DEBUG] [39;1msnarkJS[0m: tauG1: fft 10 join  9/10  2/2 1/8
[36;22m[DEBUG] [39;1msnarkJS[0m: tauG1: fft 10 join  9/10  2/2 3/8
[36;22m[DEBUG] [39;1msnarkJS[0m: tauG1: fft 10 join  9/10  2/2 5/8
[36;22m[DEBUG] [39;1msnarkJS[0m: tauG1: fft 10 join  9/10  1/2 7/8
[36;22m[DEBUG] [39;1msnarkJS[0m: tauG1: fft 10 join  9/10  2/2 0/8
[36;22m[DEBUG] [39;1msnarkJS[0m: tauG1: fft 10 join  9/10  1/2 3/8
[36;22m[DEBUG] [39;1msnarkJS[0m: tauG1: fft 10 join  9/10  1/2 0/8
[36;22m[DEBUG] [39;1msnarkJS[0m: tauG1: fft 10 join  9/10  2/2 7/8
[36;22m[DEBUG] [39;1msnarkJS[0m: tauG1: fft 10 join  9/10  1/2 6/8
[36;22m[DEBUG] [39;1msnarkJS[0m: tauG1: fft 10 join  9/10  2/2 2/8
[36;22m[DEBUG] [39;1msnarkJS[0m: tauG1: fft 10 join  9/10  2/2 4/8
[36;22m[DEBUG] [39;1msnarkJS[0m: tauG1: fft 10 join  9/10  2/2 6/8
[36;22m[DEBUG] [39;1msnarkJS[0m: tauG1: fft  10  join: 10/10
[36;22m[DEBUG] [39;1msnarkJS[0m: tauG1: fft 10 join  10/10  1/1 11/16
[36;22m[DEBUG] [39;1msnarkJS[0m: tauG1: fft 10 join  10/10  1/1 1/16
[36;22m[DEBUG] [39;1msnarkJS[0m: tauG1: fft 10 join  10/10  1/1 9/16
[36;22m[DEBUG] [39;1msnarkJS[0m: tauG1: fft 10 join  10/10  1/1 13/16
[36;22m[DEBUG] [39;1msnarkJS[0m: tauG1: fft 10 join  10/10  1/1 2/16
[36;22m[DEBUG] [39;1msnarkJS[0m: tauG1: fft 10 join  10/10  1/1 7/16
[36;22m[DEBUG] [39;1msnarkJS[0m: tauG1: fft 10 join  10/10  1/1 4/16
[36;22m[DEBUG] [39;1msnarkJS[0m: tauG1: fft 10 join  10/10  1/1 5/16
[36;22m[DEBUG] [39;1msnarkJS[0m: tauG1: fft 10 join  10/10  1/1 12/16
[36;22m[DEBUG] [39;1msnarkJS[0m: tauG1: fft 10 join  10/10  1/1 10/16
[36;22m[DEBUG] [39;1msnarkJS[0m: tauG1: fft 10 join  10/10  1/1 0/16
[36;22m[DEBUG] [39;1msnarkJS[0m: tauG1: fft 10 join  10/10  1/1 6/16
[36;22m[DEBUG] [39;1msnarkJS[0m: tauG1: fft 10 join  10/10  1/1 15/16
[36;22m[DEBUG] [39;1msnarkJS[0m: tauG1: fft 10 join  10/10  1/1 3/16
[36;22m[DEBUG] [39;1msnarkJS[0m: tauG1: fft 10 join  10/10  1/1 8/16
[36;22m[DEBUG] [39;1msnarkJS[0m: tauG1: fft 10 join  10/10  1/1 14/16
[36;22m[DEBUG] [39;1msnarkJS[0m: tauG1: fft 11 mix start: 0/32
[36;22m[DEBUG] [39;1msnarkJS[0m: tauG1: fft 11 mix start: 1/32
[36;22m[DEBUG] [39;1msnarkJS[0m: tauG1: fft 11 mix start: 2/32
[36;22m[DEBUG] [39;1msnarkJS[0m: tauG1: fft 11 mix start: 3/32
[36;22m[DEBUG] [39;1msnarkJS[0m: tauG1: fft 11 mix start: 4/32
[36;22m[DEBUG] [39;1msnarkJS[0m: tauG1: fft 11 mix start: 5/32
[36;22m[DEBUG] [39;1msnarkJS[0m: tauG1: fft 11 mix start: 6/32
[36;22m[DEBUG] [39;1msnarkJS[0m: tauG1: fft 11 mix start: 7/32
[36;22m[DEBUG] [39;1msnarkJS[0m: tauG1: fft 11 mix start: 8/32
[36;22m[DEBUG] [39;1msnarkJS[0m: tauG1: fft 11 mix start: 9/32
[36;22m[DEBUG] [39;1msnarkJS[0m: tauG1: fft 11 mix start: 10/32
[36;22m[DEBUG] [39;1msnarkJS[0m: tauG1: fft 11 mix start: 11/32
[36;22m[DEBUG] [39;1msnarkJS[0m: tauG1: fft 11 mix start: 12/32
[36;22m[DEBUG] [39;1msnarkJS[0m: tauG1: fft 11 mix start: 13/32
[36;22m[DEBUG] [39;1msnarkJS[0m: tauG1: fft 11 mix start: 14/32
[36;22m[DEBUG] [39;1msnarkJS[0m: tauG1: fft 11 mix start: 15/32
[36;22m[DEBUG] [39;1msnarkJS[0m: tauG1: fft 11 mix start: 16/32
[36;22m[DEBUG] [39;1msnarkJS[0m: tauG1: fft 11 mix start: 17/32
[36;22m[DEBUG] [39;1msnarkJS[0m: tauG1: fft 11 mix start: 18/32
[36;22m[DEBUG] [39;1msnarkJS[0m: tauG1: fft 11 mix start: 19/32
[36;22m[DEBUG] [39;1msnarkJS[0m: tauG1: fft 11 mix start: 20/32
[36;22m[DEBUG] [39;1msnarkJS[0m: tauG1: fft 11 mix start: 21/32
[36;22m[DEBUG] [39;1msnarkJS[0m: tauG1: fft 11 mix start: 22/32
[36;22m[DEBUG] [39;1msnarkJS[0m: tauG1: fft 11 mix start: 23/32
[36;22m[DEBUG] [39;1msnarkJS[0m: tauG1: fft 11 mix start: 24/32
[36;22m[DEBUG] [39;1msnarkJS[0m: tauG1: fft 11 mix start: 25/32
[36;22m[DEBUG] [39;1msnarkJS[0m: tauG1: fft 11 mix start: 26/32
[36;22m[DEBUG] [39;1msnarkJS[0m: tauG1: fft 11 mix start: 27/32
[36;22m[DEBUG] [39;1msnarkJS[0m: tauG1: fft 11 mix start: 28/32
[36;22m[DEBUG] [39;1msnarkJS[0m: tauG1: fft 11 mix start: 29/32
[36;22m[DEBUG] [39;1msnarkJS[0m: tauG1: fft 11 mix start: 30/32
[36;22m[DEBUG] [39;1msnarkJS[0m: tauG1: fft 11 mix start: 31/32
[36;22m[DEBUG] [39;1msnarkJS[0m: tauG1: fft 11 mix end: 5/32
[36;22m[DEBUG] [39;1msnarkJS[0m: tauG1: fft 11 mix end: 4/32
[36;22m[DEBUG] [39;1msnarkJS[0m: tauG1: fft 11 mix end: 9/32
[36;22m[DEBUG] [39;1msnarkJS[0m: tauG1: fft 11 mix end: 17/32
[36;22m[DEBUG] [39;1msnarkJS[0m: tauG1: fft 11 mix end: 28/32
[36;22m[DEBUG] [39;1msnarkJS[0m: tauG1: fft 11 mix end: 20/32
[36;22m[DEBUG] [39;1msnarkJS[0m: tauG1: fft 11 mix end: 3/32
[36;22m[DEBUG] [39;1msnarkJS[0m: tauG1: fft 11 mix end: 11/32
[36;22m[DEBUG] [39;1msnarkJS[0m: tauG1: fft 11 mix end: 12/32
[36;22m[DEBUG] [39;1msnarkJS[0m: tauG1: fft 11 mix end: 1/32
[36;22m[DEBUG] [39;1msnarkJS[0m: tauG1: fft 11 mix end: 6/32
[36;22m[DEBUG] [39;1msnarkJS[0m: tauG1: fft 11 mix end: 24/32
[36;22m[DEBUG] [39;1msnarkJS[0m: tauG1: fft 11 mix end: 7/32
[36;22m[DEBUG] [39;1msnarkJS[0m: tauG1: fft 11 mix end: 10/32
[36;22m[DEBUG] [39;1msnarkJS[0m: tauG1: fft 11 mix end: 26/32
[36;22m[DEBUG] [39;1msnarkJS[0m: tauG1: fft 11 mix end: 8/32
[36;22m[DEBUG] [39;1msnarkJS[0m: tauG1: fft 11 mix end: 14/32
[36;22m[DEBUG] [39;1msnarkJS[0m: tauG1: fft 11 mix end: 13/32
[36;22m[DEBUG] [39;1msnarkJS[0m: tauG1: fft 11 mix end: 27/32
[36;22m[DEBUG] [39;1msnarkJS[0m: tauG1: fft 11 mix end: 19/32
[36;22m[DEBUG] [39;1msnarkJS[0m: tauG1: fft 11 mix end: 25/32
[36;22m[DEBUG] [39;1msnarkJS[0m: tauG1: fft 11 mix end: 31/32
[36;22m[DEBUG] [39;1msnarkJS[0m: tauG1: fft 11 mix end: 16/32
[36;22m[DEBUG] [39;1msnarkJS[0m: tauG1: fft 11 mix end: 2/32
[36;22m[DEBUG] [39;1msnarkJS[0m: tauG1: fft 11 mix end: 21/32
[36;22m[DEBUG] [39;1msnarkJS[0m: tauG1: fft 11 mix end: 15/32
[36;22m[DEBUG] [39;1msnarkJS[0m: tauG1: fft 11 mix end: 18/32
[36;22m[DEBUG] [39;1msnarkJS[0m: tauG1: fft 11 mix end: 0/32
[36;22m[DEBUG] [39;1msnarkJS[0m: tauG1: fft 11 mix end: 23/32
[36;22m[DEBUG] [39;1msnarkJS[0m: tauG1: fft 11 mix end: 29/32
[36;22m[DEBUG] [39;1msnarkJS[0m: tauG1: fft 11 mix end: 30/32
[36;22m[DEBUG] [39;1msnarkJS[0m: tauG1: fft 11 mix end: 22/32
[36;22m[DEBUG] [39;1msnarkJS[0m: tauG1: fft  11  join: 7/11
[36;22m[DEBUG] [39;1msnarkJS[0m: tauG1: fft 11 join  7/11  3/16 0/1
[36;22m[DEBUG] [39;1msnarkJS[0m: tauG1: fft 11 join  7/11  8/16 0/1
[36;22m[DEBUG] [39;1msnarkJS[0m: tauG1: fft 11 join  7/11  10/16 0/1
[36;22m[DEBUG] [39;1msnarkJS[0m: tauG1: fft 11 join  7/11  13/16 0/1
[36;22m[DEBUG] [39;1msnarkJS[0m: tauG1: fft 11 join  7/11  5/16 0/1
[36;22m[DEBUG] [39;1msnarkJS[0m: tauG1: fft 11 join  7/11  6/16 0/1
[36;22m[DEBUG] [39;1msnarkJS[0m: tauG1: fft 11 join  7/11  12/16 0/1
[36;22m[DEBUG] [39;1msnarkJS[0m: tauG1: fft 11 join  7/11  14/16 0/1
[36;22m[DEBUG] [39;1msnarkJS[0m: tauG1: fft 11 join  7/11  4/16 0/1
[36;22m[DEBUG] [39;1msnarkJS[0m: tauG1: fft 11 join  7/11  1/16 0/1
[36;22m[DEBUG] [39;1msnarkJS[0m: tauG1: fft 11 join  7/11  2/16 0/1
[36;22m[DEBUG] [39;1msnarkJS[0m: tauG1: fft 11 join  7/11  7/16 0/1
[36;22m[DEBUG] [39;1msnarkJS[0m: tauG1: fft 11 join  7/11  9/16 0/1
[36;22m[DEBUG] [39;1msnarkJS[0m: tauG1: fft 11 join  7/11  16/16 0/1
[36;22m[DEBUG] [39;1msnarkJS[0m: tauG1: fft 11 join  7/11  11/16 0/1
[36;22m[DEBUG] [39;1msnarkJS[0m: tauG1: fft 11 join  7/11  15/16 0/1
[36;22m[DEBUG] [39;1msnarkJS[0m: tauG1: fft  11  join: 8/11
[36;22m[DEBUG] [39;1msnarkJS[0m: tauG1: fft 11 join  8/11  2/8 0/2
[36;22m[DEBUG] [39;1msnarkJS[0m: tauG1: fft 11 join  8/11  7/8 0/2
[36;22m[DEBUG] [39;1msnarkJS[0m: tauG1: fft 11 join  8/11  3/8 0/2
[36;22m[DEBUG] [39;1msnarkJS[0m: tauG1: fft 11 join  8/11  6/8 1/2
[36;22m[DEBUG] [39;1msnarkJS[0m: tauG1: fft 11 join  8/11  7/8 1/2
[36;22m[DEBUG] [39;1msnarkJS[0m: tauG1: fft 11 join  8/11  4/8 1/2
[36;22m[DEBUG] [39;1msnarkJS[0m: tauG1: fft 11 join  8/11  5/8 1/2
[36;22m[DEBUG] [39;1msnarkJS[0m: tauG1: fft 11 join  8/11  3/8 1/2
[36;22m[DEBUG] [39;1msnarkJS[0m: tauG1: fft 11 join  8/11  1/8 1/2
[36;22m[DEBUG] [39;1msnarkJS[0m: tauG1: fft 11 join  8/11  6/8 0/2
[36;22m[DEBUG] [39;1msnarkJS[0m: tauG1: fft 11 join  8/11  1/8 0/2
[36;22m[DEBUG] [39;1msnarkJS[0m: tauG1: fft 11 join  8/11  5/8 0/2
[36;22m[DEBUG] [39;1msnarkJS[0m: tauG1: fft 11 join  8/11  4/8 0/2
[36;22m[DEBUG] [39;1msnarkJS[0m: tauG1: fft 11 join  8/11  8/8 0/2
[36;22m[DEBUG] [39;1msnarkJS[0m: tauG1: fft 11 join  8/11  2/8 1/2
[36;22m[DEBUG] [39;1msnarkJS[0m: tauG1: fft 11 join  8/11  8/8 1/2
[36;22m[DEBUG] [39;1msnarkJS[0m: tauG1: fft  11  join: 9/11
[36;22m[DEBUG] [39;1msnarkJS[0m: tauG1: fft 11 join  9/11  2/4 0/4
[36;22m[DEBUG] [39;1msnarkJS[0m: tauG1: fft 11 join  9/11  1/4 1/4
[36;22m[DEBUG] [39;1msnarkJS[0m: tauG1: fft 11 join  9/11  1/4 2/4
[36;22m[DEBUG] [39;1msnarkJS[0m: tauG1: fft 11 join  9/11  4/4 0/4
[36;22m[DEBUG] [39;1msnarkJS[0m: tauG1: fft 11 join  9/11  4/4 1/4
[36;22m[DEBUG] [39;1msnarkJS[0m: tauG1: fft 11 join  9/11  2/4 1/4
[36;22m[DEBUG] [39;1msnarkJS[0m: tauG1: fft 11 join  9/11  2/4 3/4
[36;22m[DEBUG] [39;1msnarkJS[0m: tauG1: fft 11 join  9/11  3/4 1/4
[36;22m[DEBUG] [39;1msnarkJS[0m: tauG1: fft 11 join  9/11  3/4 2/4
[36;22m[DEBUG] [39;1msnarkJS[0m: tauG1: fft 11 join  9/11  3/4 3/4
[36;22m[DEBUG] [39;1msnarkJS[0m: tauG1: fft 11 join  9/11  1/4 0/4
[36;22m[DEBUG] [39;1msnarkJS[0m: tauG1: fft 11 join  9/11  3/4 0/4
[36;22m[DEBUG] [39;1msnarkJS[0m: tauG1: fft 11 join  9/11  1/4 3/4
[36;22m[DEBUG] [39;1msnarkJS[0m: tauG1: fft 11 join  9/11  2/4 2/4
[36;22m[DEBUG] [39;1msnarkJS[0m: tauG1: fft 11 join  9/11  4/4 3/4
[36;22m[DEBUG] [39;1msnarkJS[0m: tauG1: fft 11 join  9/11  4/4 2/4
[36;22m[DEBUG] [39;1msnarkJS[0m: tauG1: fft  11  join: 10/11
[36;22m[DEBUG] [39;1msnarkJS[0m: tauG1: fft 11 join  10/11  1/2 1/8
[36;22m[DEBUG] [39;1msnarkJS[0m: tauG1: fft 11 join  10/11  1/2 2/8
[36;22m[DEBUG] [39;1msnarkJS[0m: tauG1: fft 11 join  10/11  1/2 5/8
[36;22m[DEBUG] [39;1msnarkJS[0m: tauG1: fft 11 join  10/11  1/2 4/8
[36;22m[DEBUG] [39;1msnarkJS[0m: tauG1: fft 11 join  10/11  2/2 2/8
[36;22m[DEBUG] [39;1msnarkJS[0m: tauG1: fft 11 join  10/11  2/2 4/8
[36;22m[DEBUG] [39;1msnarkJS[0m: tauG1: fft 11 join  10/11  2/2 5/8
[36;22m[DEBUG] [39;1msnarkJS[0m: tauG1: fft 11 join  10/11  1/2 7/8
[36;22m[DEBUG] [39;1msnarkJS[0m: tauG1: fft 11 join  10/11  2/2 1/8
[36;22m[DEBUG] [39;1msnarkJS[0m: tauG1: fft 11 join  10/11  2/2 3/8
[36;22m[DEBUG] [39;1msnarkJS[0m: tauG1: fft 11 join  10/11  1/2 0/8
[36;22m[DEBUG] [39;1msnarkJS[0m: tauG1: fft 11 join  10/11  2/2 0/8
[36;22m[DEBUG] [39;1msnarkJS[0m: tauG1: fft 11 join  10/11  2/2 7/8
[36;22m[DEBUG] [39;1msnarkJS[0m: tauG1: fft 11 join  10/11  1/2 3/8
[36;22m[DEBUG] [39;1msnarkJS[0m: tauG1: fft 11 join  10/11  1/2 6/8
[36;22m[DEBUG] [39;1msnarkJS[0m: tauG1: fft 11 join  10/11  2/2 6/8
[36;22m[DEBUG] [39;1msnarkJS[0m: tauG1: fft  11  join: 11/11
[36;22m[DEBUG] [39;1msnarkJS[0m: tauG1: fft 11 join  11/11  1/1 0/16
[36;22m[DEBUG] [39;1msnarkJS[0m: tauG1: fft 11 join  11/11  1/1 11/16
[36;22m[DEBUG] [39;1msnarkJS[0m: tauG1: fft 11 join  11/11  1/1 1/16
[36;22m[DEBUG] [39;1msnarkJS[0m: tauG1: fft 11 join  11/11  1/1 12/16
[36;22m[DEBUG] [39;1msnarkJS[0m: tauG1: fft 11 join  11/11  1/1 9/16
[36;22m[DEBUG] [39;1msnarkJS[0m: tauG1: fft 11 join  11/11  1/1 10/16
[36;22m[DEBUG] [39;1msnarkJS[0m: tauG1: fft 11 join  11/11  1/1 5/16
[36;22m[DEBUG] [39;1msnarkJS[0m: tauG1: fft 11 join  11/11  1/1 13/16
[36;22m[DEBUG] [39;1msnarkJS[0m: tauG1: fft 11 join  11/11  1/1 7/16
[36;22m[DEBUG] [39;1msnarkJS[0m: tauG1: fft 11 join  11/11  1/1 4/16
[36;22m[DEBUG] [39;1msnarkJS[0m: tauG1: fft 11 join  11/11  1/1 2/16
[36;22m[DEBUG] [39;1msnarkJS[0m: tauG1: fft 11 join  11/11  1/1 6/16
[36;22m[DEBUG] [39;1msnarkJS[0m: tauG1: fft 11 join  11/11  1/1 3/16
[36;22m[DEBUG] [39;1msnarkJS[0m: tauG1: fft 11 join  11/11  1/1 8/16
[36;22m[DEBUG] [39;1msnarkJS[0m: tauG1: fft 11 join  11/11  1/1 15/16
[36;22m[DEBUG] [39;1msnarkJS[0m: tauG1: fft 11 join  11/11  1/1 14/16
[36;22m[DEBUG] [39;1msnarkJS[0m: tauG1: fft 12 mix start: 0/32
[36;22m[DEBUG] [39;1msnarkJS[0m: tauG1: fft 12 mix start: 1/32
[36;22m[DEBUG] [39;1msnarkJS[0m: tauG1: fft 12 mix start: 2/32
[36;22m[DEBUG] [39;1msnarkJS[0m: tauG1: fft 12 mix start: 3/32
[36;22m[DEBUG] [39;1msnarkJS[0m: tauG1: fft 12 mix start: 4/32
[36;22m[DEBUG] [39;1msnarkJS[0m: tauG1: fft 12 mix start: 5/32
[36;22m[DEBUG] [39;1msnarkJS[0m: tauG1: fft 12 mix start: 6/32
[36;22m[DEBUG] [39;1msnarkJS[0m: tauG1: fft 12 mix start: 7/32
[36;22m[DEBUG] [39;1msnarkJS[0m: tauG1: fft 12 mix start: 8/32
[36;22m[DEBUG] [39;1msnarkJS[0m: tauG1: fft 12 mix start: 9/32
[36;22m[DEBUG] [39;1msnarkJS[0m: tauG1: fft 12 mix start: 10/32
[36;22m[DEBUG] [39;1msnarkJS[0m: tauG1: fft 12 mix start: 11/32
[36;22m[DEBUG] [39;1msnarkJS[0m: tauG1: fft 12 mix start: 12/32
[36;22m[DEBUG] [39;1msnarkJS[0m: tauG1: fft 12 mix start: 13/32
[36;22m[DEBUG] [39;1msnarkJS[0m: tauG1: fft 12 mix start: 14/32
[36;22m[DEBUG] [39;1msnarkJS[0m: tauG1: fft 12 mix start: 15/32
[36;22m[DEBUG] [39;1msnarkJS[0m: tauG1: fft 12 mix start: 16/32
[36;22m[DEBUG] [39;1msnarkJS[0m: tauG1: fft 12 mix start: 17/32
[36;22m[DEBUG] [39;1msnarkJS[0m: tauG1: fft 12 mix start: 18/32
[36;22m[DEBUG] [39;1msnarkJS[0m: tauG1: fft 12 mix start: 19/32
[36;22m[DEBUG] [39;1msnarkJS[0m: tauG1: fft 12 mix start: 20/32
[36;22m[DEBUG] [39;1msnarkJS[0m: tauG1: fft 12 mix start: 21/32
[36;22m[DEBUG] [39;1msnarkJS[0m: tauG1: fft 12 mix start: 22/32
[36;22m[DEBUG] [39;1msnarkJS[0m: tauG1: fft 12 mix start: 23/32
[36;22m[DEBUG] [39;1msnarkJS[0m: tauG1: fft 12 mix start: 24/32
[36;22m[DEBUG] [39;1msnarkJS[0m: tauG1: fft 12 mix start: 25/32
[36;22m[DEBUG] [39;1msnarkJS[0m: tauG1: fft 12 mix start: 26/32
[36;22m[DEBUG] [39;1msnarkJS[0m: tauG1: fft 12 mix start: 27/32
[36;22m[DEBUG] [39;1msnarkJS[0m: tauG1: fft 12 mix start: 28/32
[36;22m[DEBUG] [39;1msnarkJS[0m: tauG1: fft 12 mix start: 29/32
[36;22m[DEBUG] [39;1msnarkJS[0m: tauG1: fft 12 mix start: 30/32
[36;22m[DEBUG] [39;1msnarkJS[0m: tauG1: fft 12 mix start: 31/32
[36;22m[DEBUG] [39;1msnarkJS[0m: tauG1: fft 12 mix end: 5/32
[36;22m[DEBUG] [39;1msnarkJS[0m: tauG1: fft 12 mix end: 9/32
[36;22m[DEBUG] [39;1msnarkJS[0m: tauG1: fft 12 mix end: 20/32
[36;22m[DEBUG] [39;1msnarkJS[0m: tauG1: fft 12 mix end: 28/32
[36;22m[DEBUG] [39;1msnarkJS[0m: tauG1: fft 12 mix end: 18/32
[36;22m[DEBUG] [39;1msnarkJS[0m: tauG1: fft 12 mix end: 31/32
[36;22m[DEBUG] [39;1msnarkJS[0m: tauG1: fft 12 mix end: 4/32
[36;22m[DEBUG] [39;1msnarkJS[0m: tauG1: fft 12 mix end: 1/32
[36;22m[DEBUG] [39;1msnarkJS[0m: tauG1: fft 12 mix end: 3/32
[36;22m[DEBUG] [39;1msnarkJS[0m: tauG1: fft 12 mix end: 0/32
[36;22m[DEBUG] [39;1msnarkJS[0m: tauG1: fft 12 mix end: 25/32
[36;22m[DEBUG] [39;1msnarkJS[0m: tauG1: fft 12 mix end: 27/32
[36;22m[DEBUG] [39;1msnarkJS[0m: tauG1: fft 12 mix end: 16/32
[36;22m[DEBUG] [39;1msnarkJS[0m: tauG1: fft 12 mix end: 15/32
[36;22m[DEBUG] [39;1msnarkJS[0m: tauG1: fft 12 mix end: 7/32
[36;22m[DEBUG] [39;1msnarkJS[0m: tauG1: fft 12 mix end: 12/32
[36;22m[DEBUG] [39;1msnarkJS[0m: tauG1: fft 12 mix end: 24/32
[36;22m[DEBUG] [39;1msnarkJS[0m: tauG1: fft 12 mix end: 13/32
[36;22m[DEBUG] [39;1msnarkJS[0m: tauG1: fft 12 mix end: 10/32
[36;22m[DEBUG] [39;1msnarkJS[0m: tauG1: fft 12 mix end: 17/32
[36;22m[DEBUG] [39;1msnarkJS[0m: tauG1: fft 12 mix end: 26/32
[36;22m[DEBUG] [39;1msnarkJS[0m: tauG1: fft 12 mix end: 2/32
[36;22m[DEBUG] [39;1msnarkJS[0m: tauG1: fft 12 mix end: 14/32
[36;22m[DEBUG] [39;1msnarkJS[0m: tauG1: fft 12 mix end: 23/32
[36;22m[DEBUG] [39;1msnarkJS[0m: tauG1: fft 12 mix end: 30/32
[36;22m[DEBUG] [39;1msnarkJS[0m: tauG1: fft 12 mix end: 8/32
[36;22m[DEBUG] [39;1msnarkJS[0m: tauG1: fft 12 mix end: 21/32
[36;22m[DEBUG] [39;1msnarkJS[0m: tauG1: fft 12 mix end: 11/32
[36;22m[DEBUG] [39;1msnarkJS[0m: tauG1: fft 12 mix end: 22/32
[36;22m[DEBUG] [39;1msnarkJS[0m: tauG1: fft 12 mix end: 29/32
[36;22m[DEBUG] [39;1msnarkJS[0m: tauG1: fft 12 mix end: 6/32
[36;22m[DEBUG] [39;1msnarkJS[0m: tauG1: fft 12 mix end: 19/32
[36;22m[DEBUG] [39;1msnarkJS[0m: tauG1: fft  12  join: 8/12
[36;22m[DEBUG] [39;1msnarkJS[0m: tauG1: fft 12 join  8/12  4/16 0/1
[36;22m[DEBUG] [39;1msnarkJS[0m: tauG1: fft 12 join  8/12  1/16 0/1
[36;22m[DEBUG] [39;1msnarkJS[0m: tauG1: fft 12 join  8/12  11/16 0/1
[36;22m[DEBUG] [39;1msnarkJS[0m: tauG1: fft 12 join  8/12  13/16 0/1
[36;22m[DEBUG] [39;1msnarkJS[0m: tauG1: fft 12 join  8/12  2/16 0/1
[36;22m[DEBUG] [39;1msnarkJS[0m: tauG1: fft 12 join  8/12  12/16 0/1
[36;22m[DEBUG] [39;1msnarkJS[0m: tauG1: fft 12 join  8/12  10/16 0/1
[36;22m[DEBUG] [39;1msnarkJS[0m: tauG1: fft 12 join  8/12  5/16 0/1
[36;22m[DEBUG] [39;1msnarkJS[0m: tauG1: fft 12 join  8/12  6/16 0/1
[36;22m[DEBUG] [39;1msnarkJS[0m: tauG1: fft 12 join  8/12  8/16 0/1
[36;22m[DEBUG] [39;1msnarkJS[0m: tauG1: fft 12 join  8/12  3/16 0/1
[36;22m[DEBUG] [39;1msnarkJS[0m: tauG1: fft 12 join  8/12  15/16 0/1
[36;22m[DEBUG] [39;1msnarkJS[0m: tauG1: fft 12 join  8/12  7/16 0/1
[36;22m[DEBUG] [39;1msnarkJS[0m: tauG1: fft 12 join  8/12  9/16 0/1
[36;22m[DEBUG] [39;1msnarkJS[0m: tauG1: fft 12 join  8/12  16/16 0/1
[36;22m[DEBUG] [39;1msnarkJS[0m: tauG1: fft 12 join  8/12  14/16 0/1
[36;22m[DEBUG] [39;1msnarkJS[0m: tauG1: fft  12  join: 9/12
[36;22m[DEBUG] [39;1msnarkJS[0m: tauG1: fft 12 join  9/12  1/8 1/2
[36;22m[DEBUG] [39;1msnarkJS[0m: tauG1: fft 12 join  9/12  2/8 0/2
[36;22m[DEBUG] [39;1msnarkJS[0m: tauG1: fft 12 join  9/12  4/8 0/2
[36;22m[DEBUG] [39;1msnarkJS[0m: tauG1: fft 12 join  9/12  2/8 1/2
[36;22m[DEBUG] [39;1msnarkJS[0m: tauG1: fft 12 join  9/12  7/8 0/2
[36;22m[DEBUG] [39;1msnarkJS[0m: tauG1: fft 12 join  9/12  5/8 1/2
[36;22m[DEBUG] [39;1msnarkJS[0m: tauG1: fft 12 join  9/12  1/8 0/2
[36;22m[DEBUG] [39;1msnarkJS[0m: tauG1: fft 12 join  9/12  3/8 0/2
[36;22m[DEBUG] [39;1msnarkJS[0m: tauG1: fft 12 join  9/12  3/8 1/2
[36;22m[DEBUG] [39;1msnarkJS[0m: tauG1: fft 12 join  9/12  6/8 0/2
[36;22m[DEBUG] [39;1msnarkJS[0m: tauG1: fft 12 join  9/12  4/8 1/2
[36;22m[DEBUG] [39;1msnarkJS[0m: tauG1: fft 12 join  9/12  8/8 1/2
[36;22m[DEBUG] [39;1msnarkJS[0m: tauG1: fft 12 join  9/12  5/8 0/2
[36;22m[DEBUG] [39;1msnarkJS[0m: tauG1: fft 12 join  9/12  8/8 0/2
[36;22m[DEBUG] [39;1msnarkJS[0m: tauG1: fft 12 join  9/12  7/8 1/2
[36;22m[DEBUG] [39;1msnarkJS[0m: tauG1: fft 12 join  9/12  6/8 1/2
[36;22m[DEBUG] [39;1msnarkJS[0m: tauG1: fft  12  join: 10/12
[36;22m[DEBUG] [39;1msnarkJS[0m: tauG1: fft 12 join  10/12  1/4 0/4
[36;22m[DEBUG] [39;1msnarkJS[0m: tauG1: fft 12 join  10/12  1/4 1/4
[36;22m[DEBUG] [39;1msnarkJS[0m: tauG1: fft 12 join  10/12  1/4 2/4
[36;22m[DEBUG] [39;1msnarkJS[0m: tauG1: fft 12 join  10/12  1/4 3/4
[36;22m[DEBUG] [39;1msnarkJS[0m: tauG1: fft 12 join  10/12  2/4 0/4
[36;22m[DEBUG] [39;1msnarkJS[0m: tauG1: fft 12 join  10/12  2/4 1/4
[36;22m[DEBUG] [39;1msnarkJS[0m: tauG1: fft 12 join  10/12  2/4 2/4
[36;22m[DEBUG] [39;1msnarkJS[0m: tauG1: fft 12 join  10/12  3/4 1/4
[36;22m[DEBUG] [39;1msnarkJS[0m: tauG1: fft 12 join  10/12  3/4 3/4
[36;22m[DEBUG] [39;1msnarkJS[0m: tauG1: fft 12 join  10/12  4/4 0/4
[36;22m[DEBUG] [39;1msnarkJS[0m: tauG1: fft 12 join  10/12  3/4 2/4
[36;22m[DEBUG] [39;1msnarkJS[0m: tauG1: fft 12 join  10/12  4/4 1/4
[36;22m[DEBUG] [39;1msnarkJS[0m: tauG1: fft 12 join  10/12  3/4 0/4
[36;22m[DEBUG] [39;1msnarkJS[0m: tauG1: fft 12 join  10/12  2/4 3/4
[36;22m[DEBUG] [39;1msnarkJS[0m: tauG1: fft 12 join  10/12  4/4 2/4
[36;22m[DEBUG] [39;1msnarkJS[0m: tauG1: fft 12 join  10/12  4/4 3/4
[36;22m[DEBUG] [39;1msnarkJS[0m: tauG1: fft  12  join: 11/12
[36;22m[DEBUG] [39;1msnarkJS[0m: tauG1: fft 12 join  11/12  1/2 0/8
[36;22m[DEBUG] [39;1msnarkJS[0m: tauG1: fft 12 join  11/12  1/2 1/8
[36;22m[DEBUG] [39;1msnarkJS[0m: tauG1: fft 12 join  11/12  1/2 2/8
[36;22m[DEBUG] [39;1msnarkJS[0m: tauG1: fft 12 join  11/12  1/2 3/8
[36;22m[DEBUG] [39;1msnarkJS[0m: tauG1: fft 12 join  11/12  1/2 4/8
[36;22m[DEBUG] [39;1msnarkJS[0m: tauG1: fft 12 join  11/12  1/2 5/8
[36;22m[DEBUG] [39;1msnarkJS[0m: tauG1: fft 12 join  11/12  1/2 6/8
[36;22m[DEBUG] [39;1msnarkJS[0m: tauG1: fft 12 join  11/12  2/2 1/8
[36;22m[DEBUG] [39;1msnarkJS[0m: tauG1: fft 12 join  11/12  2/2 2/8
[36;22m[DEBUG] [39;1msnarkJS[0m: tauG1: fft 12 join  11/12  2/2 3/8
[36;22m[DEBUG] [39;1msnarkJS[0m: tauG1: fft 12 join  11/12  2/2 4/8
[36;22m[DEBUG] [39;1msnarkJS[0m: tauG1: fft 12 join  11/12  2/2 7/8
[36;22m[DEBUG] [39;1msnarkJS[0m: tauG1: fft 12 join  11/12  2/2 5/8
[36;22m[DEBUG] [39;1msnarkJS[0m: tauG1: fft 12 join  11/12  1/2 7/8
[36;22m[DEBUG] [39;1msnarkJS[0m: tauG1: fft 12 join  11/12  2/2 0/8
[36;22m[DEBUG] [39;1msnarkJS[0m: tauG1: fft 12 join  11/12  2/2 6/8
[36;22m[DEBUG] [39;1msnarkJS[0m: tauG1: fft  12  join: 12/12
[36;22m[DEBUG] [39;1msnarkJS[0m: tauG1: fft 12 join  12/12  1/1 0/16
[36;22m[DEBUG] [39;1msnarkJS[0m: tauG1: fft 12 join  12/12  1/1 1/16
[36;22m[DEBUG] [39;1msnarkJS[0m: tauG1: fft 12 join  12/12  1/1 2/16
[36;22m[DEBUG] [39;1msnarkJS[0m: tauG1: fft 12 join  12/12  1/1 3/16
[36;22m[DEBUG] [39;1msnarkJS[0m: tauG1: fft 12 join  12/12  1/1 4/16
[36;22m[DEBUG] [39;1msnarkJS[0m: tauG1: fft 12 join  12/12  1/1 5/16
[36;22m[DEBUG] [39;1msnarkJS[0m: tauG1: fft 12 join  12/12  1/1 6/16
[36;22m[DEBUG] [39;1msnarkJS[0m: tauG1: fft 12 join  12/12  1/1 7/16
[36;22m[DEBUG] [39;1msnarkJS[0m: tauG1: fft 12 join  12/12  1/1 9/16
[36;22m[DEBUG] [39;1msnarkJS[0m: tauG1: fft 12 join  12/12  1/1 11/16
[36;22m[DEBUG] [39;1msnarkJS[0m: tauG1: fft 12 join  12/12  1/1 12/16
[36;22m[DEBUG] [39;1msnarkJS[0m: tauG1: fft 12 join  12/12  1/1 15/16
[36;22m[DEBUG] [39;1msnarkJS[0m: tauG1: fft 12 join  12/12  1/1 8/16
[36;22m[DEBUG] [39;1msnarkJS[0m: tauG1: fft 12 join  12/12  1/1 14/16
[36;22m[DEBUG] [39;1msnarkJS[0m: tauG1: fft 12 join  12/12  1/1 13/16
[36;22m[DEBUG] [39;1msnarkJS[0m: tauG1: fft 12 join  12/12  1/1 10/16
[36;22m[DEBUG] [39;1msnarkJS[0m: tauG1: fft 13 mix start: 0/32
[36;22m[DEBUG] [39;1msnarkJS[0m: tauG1: fft 13 mix start: 1/32
[36;22m[DEBUG] [39;1msnarkJS[0m: tauG1: fft 13 mix start: 2/32
[36;22m[DEBUG] [39;1msnarkJS[0m: tauG1: fft 13 mix start: 3/32
[36;22m[DEBUG] [39;1msnarkJS[0m: tauG1: fft 13 mix start: 4/32
[36;22m[DEBUG] [39;1msnarkJS[0m: tauG1: fft 13 mix start: 5/32
[36;22m[DEBUG] [39;1msnarkJS[0m: tauG1: fft 13 mix start: 6/32
[36;22m[DEBUG] [39;1msnarkJS[0m: tauG1: fft 13 mix start: 7/32
[36;22m[DEBUG] [39;1msnarkJS[0m: tauG1: fft 13 mix start: 8/32
[36;22m[DEBUG] [39;1msnarkJS[0m: tauG1: fft 13 mix start: 9/32
[36;22m[DEBUG] [39;1msnarkJS[0m: tauG1: fft 13 mix start: 10/32
[36;22m[DEBUG] [39;1msnarkJS[0m: tauG1: fft 13 mix start: 11/32
[36;22m[DEBUG] [39;1msnarkJS[0m: tauG1: fft 13 mix start: 12/32
[36;22m[DEBUG] [39;1msnarkJS[0m: tauG1: fft 13 mix start: 13/32
[36;22m[DEBUG] [39;1msnarkJS[0m: tauG1: fft 13 mix start: 14/32
[36;22m[DEBUG] [39;1msnarkJS[0m: tauG1: fft 13 mix start: 15/32
[36;22m[DEBUG] [39;1msnarkJS[0m: tauG1: fft 13 mix start: 16/32
[36;22m[DEBUG] [39;1msnarkJS[0m: tauG1: fft 13 mix start: 17/32
[36;22m[DEBUG] [39;1msnarkJS[0m: tauG1: fft 13 mix start: 18/32
[36;22m[DEBUG] [39;1msnarkJS[0m: tauG1: fft 13 mix start: 19/32
[36;22m[DEBUG] [39;1msnarkJS[0m: tauG1: fft 13 mix start: 20/32
[36;22m[DEBUG] [39;1msnarkJS[0m: tauG1: fft 13 mix start: 21/32
[36;22m[DEBUG] [39;1msnarkJS[0m: tauG1: fft 13 mix start: 22/32
[36;22m[DEBUG] [39;1msnarkJS[0m: tauG1: fft 13 mix start: 23/32
[36;22m[DEBUG] [39;1msnarkJS[0m: tauG1: fft 13 mix start: 24/32
[36;22m[DEBUG] [39;1msnarkJS[0m: tauG1: fft 13 mix start: 25/32
[36;22m[DEBUG] [39;1msnarkJS[0m: tauG1: fft 13 mix start: 26/32
[36;22m[DEBUG] [39;1msnarkJS[0m: tauG1: fft 13 mix start: 27/32
[36;22m[DEBUG] [39;1msnarkJS[0m: tauG1: fft 13 mix start: 28/32
[36;22m[DEBUG] [39;1msnarkJS[0m: tauG1: fft 13 mix start: 29/32
[36;22m[DEBUG] [39;1msnarkJS[0m: tauG1: fft 13 mix start: 30/32
[36;22m[DEBUG] [39;1msnarkJS[0m: tauG1: fft 13 mix start: 31/32
[36;22m[DEBUG] [39;1msnarkJS[0m: tauG1: fft 13 mix end: 5/32
[36;22m[DEBUG] [39;1msnarkJS[0m: tauG1: fft 13 mix end: 12/32
[36;22m[DEBUG] [39;1msnarkJS[0m: tauG1: fft 13 mix end: 16/32
[36;22m[DEBUG] [39;1msnarkJS[0m: tauG1: fft 13 mix end: 20/32
[36;22m[DEBUG] [39;1msnarkJS[0m: tauG1: fft 13 mix end: 31/32
[36;22m[DEBUG] [39;1msnarkJS[0m: tauG1: fft 13 mix end: 18/32
[36;22m[DEBUG] [39;1msnarkJS[0m: tauG1: fft 13 mix end: 28/32
[36;22m[DEBUG] [39;1msnarkJS[0m: tauG1: fft 13 mix end: 0/32
[36;22m[DEBUG] [39;1msnarkJS[0m: tauG1: fft 13 mix end: 21/32
[36;22m[DEBUG] [39;1msnarkJS[0m: tauG1: fft 13 mix end: 4/32
[36;22m[DEBUG] [39;1msnarkJS[0m: tauG1: fft 13 mix end: 1/32
[36;22m[DEBUG] [39;1msnarkJS[0m: tauG1: fft 13 mix end: 22/32
[36;22m[DEBUG] [39;1msnarkJS[0m: tauG1: fft 13 mix end: 24/32
[36;22m[DEBUG] [39;1msnarkJS[0m: tauG1: fft 13 mix end: 7/32
[36;22m[DEBUG] [39;1msnarkJS[0m: tauG1: fft 13 mix end: 2/32
[36;22m[DEBUG] [39;1msnarkJS[0m: tauG1: fft 13 mix end: 19/32
[36;22m[DEBUG] [39;1msnarkJS[0m: tauG1: fft 13 mix end: 3/32
[36;22m[DEBUG] [39;1msnarkJS[0m: tauG1: fft 13 mix end: 9/32
[36;22m[DEBUG] [39;1msnarkJS[0m: tauG1: fft 13 mix end: 15/32
[36;22m[DEBUG] [39;1msnarkJS[0m: tauG1: fft 13 mix end: 14/32
[36;22m[DEBUG] [39;1msnarkJS[0m: tauG1: fft 13 mix end: 23/32
[36;22m[DEBUG] [39;1msnarkJS[0m: tauG1: fft 13 mix end: 27/32
[36;22m[DEBUG] [39;1msnarkJS[0m: tauG1: fft 13 mix end: 11/32
[36;22m[DEBUG] [39;1msnarkJS[0m: tauG1: fft 13 mix end: 17/32
[36;22m[DEBUG] [39;1msnarkJS[0m: tauG1: fft 13 mix end: 13/32
[36;22m[DEBUG] [39;1msnarkJS[0m: tauG1: fft 13 mix end: 10/32
[36;22m[DEBUG] [39;1msnarkJS[0m: tauG1: fft 13 mix end: 25/32
[36;22m[DEBUG] [39;1msnarkJS[0m: tauG1: fft 13 mix end: 30/32
[36;22m[DEBUG] [39;1msnarkJS[0m: tauG1: fft 13 mix end: 6/32
[36;22m[DEBUG] [39;1msnarkJS[0m: tauG1: fft 13 mix end: 8/32
[36;22m[DEBUG] [39;1msnarkJS[0m: tauG1: fft 13 mix end: 29/32
[36;22m[DEBUG] [39;1msnarkJS[0m: tauG1: fft 13 mix end: 26/32
[36;22m[DEBUG] [39;1msnarkJS[0m: tauG1: fft  13  join: 9/13
[36;22m[DEBUG] [39;1msnarkJS[0m: tauG1: fft 13 join  9/13  1/16 0/1
[36;22m[DEBUG] [39;1msnarkJS[0m: tauG1: fft 13 join  9/13  2/16 0/1
[36;22m[DEBUG] [39;1msnarkJS[0m: tauG1: fft 13 join  9/13  3/16 0/1
[36;22m[DEBUG] [39;1msnarkJS[0m: tauG1: fft 13 join  9/13  7/16 0/1
[36;22m[DEBUG] [39;1msnarkJS[0m: tauG1: fft 13 join  9/13  9/16 0/1
[36;22m[DEBUG] [39;1msnarkJS[0m: tauG1: fft 13 join  9/13  5/16 0/1
[36;22m[DEBUG] [39;1msnarkJS[0m: tauG1: fft 13 join  9/13  13/16 0/1
[36;22m[DEBUG] [39;1msnarkJS[0m: tauG1: fft 13 join  9/13  16/16 0/1
[36;22m[DEBUG] [39;1msnarkJS[0m: tauG1: fft 13 join  9/13  15/16 0/1
[36;22m[DEBUG] [39;1msnarkJS[0m: tauG1: fft 13 join  9/13  8/16 0/1
[36;22m[DEBUG] [39;1msnarkJS[0m: tauG1: fft 13 join  9/13  14/16 0/1
[36;22m[DEBUG] [39;1msnarkJS[0m: tauG1: fft 13 join  9/13  11/16 0/1
[36;22m[DEBUG] [39;1msnarkJS[0m: tauG1: fft 13 join  9/13  6/16 0/1
[36;22m[DEBUG] [39;1msnarkJS[0m: tauG1: fft 13 join  9/13  12/16 0/1
[36;22m[DEBUG] [39;1msnarkJS[0m: tauG1: fft 13 join  9/13  10/16 0/1
[36;22m[DEBUG] [39;1msnarkJS[0m: tauG1: fft 13 join  9/13  4/16 0/1
[36;22m[DEBUG] [39;1msnarkJS[0m: tauG1: fft  13  join: 10/13
[36;22m[DEBUG] [39;1msnarkJS[0m: tauG1: fft 13 join  10/13  1/8 1/2
[36;22m[DEBUG] [39;1msnarkJS[0m: tauG1: fft 13 join  10/13  2/8 0/2
[36;22m[DEBUG] [39;1msnarkJS[0m: tauG1: fft 13 join  10/13  2/8 1/2
[36;22m[DEBUG] [39;1msnarkJS[0m: tauG1: fft 13 join  10/13  6/8 1/2
[36;22m[DEBUG] [39;1msnarkJS[0m: tauG1: fft 13 join  10/13  1/8 0/2
[36;22m[DEBUG] [39;1msnarkJS[0m: tauG1: fft 13 join  10/13  3/8 0/2
[36;22m[DEBUG] [39;1msnarkJS[0m: tauG1: fft 13 join  10/13  7/8 1/2
[36;22m[DEBUG] [39;1msnarkJS[0m: tauG1: fft 13 join  10/13  7/8 0/2
[36;22m[DEBUG] [39;1msnarkJS[0m: tauG1: fft 13 join  10/13  6/8 0/2
[36;22m[DEBUG] [39;1msnarkJS[0m: tauG1: fft 13 join  10/13  4/8 0/2
[36;22m[DEBUG] [39;1msnarkJS[0m: tauG1: fft 13 join  10/13  3/8 1/2
[36;22m[DEBUG] [39;1msnarkJS[0m: tauG1: fft 13 join  10/13  4/8 1/2
[36;22m[DEBUG] [39;1msnarkJS[0m: tauG1: fft 13 join  10/13  8/8 0/2
[36;22m[DEBUG] [39;1msnarkJS[0m: tauG1: fft 13 join  10/13  8/8 1/2
[36;22m[DEBUG] [39;1msnarkJS[0m: tauG1: fft 13 join  10/13  5/8 1/2
[36;22m[DEBUG] [39;1msnarkJS[0m: tauG1: fft 13 join  10/13  5/8 0/2
[36;22m[DEBUG] [39;1msnarkJS[0m: tauG1: fft  13  join: 11/13
[36;22m[DEBUG] [39;1msnarkJS[0m: tauG1: fft 13 join  11/13  1/4 1/4
[36;22m[DEBUG] [39;1msnarkJS[0m: tauG1: fft 13 join  11/13  1/4 2/4
[36;22m[DEBUG] [39;1msnarkJS[0m: tauG1: fft 13 join  11/13  1/4 3/4
[36;22m[DEBUG] [39;1msnarkJS[0m: tauG1: fft 13 join  11/13  2/4 0/4
[36;22m[DEBUG] [39;1msnarkJS[0m: tauG1: fft 13 join  11/13  1/4 0/4
[36;22m[DEBUG] [39;1msnarkJS[0m: tauG1: fft 13 join  11/13  3/4 2/4
[36;22m[DEBUG] [39;1msnarkJS[0m: tauG1: fft 13 join  11/13  3/4 3/4
[36;22m[DEBUG] [39;1msnarkJS[0m: tauG1: fft 13 join  11/13  4/4 1/4
[36;22m[DEBUG] [39;1msnarkJS[0m: tauG1: fft 13 join  11/13  4/4 0/4
[36;22m[DEBUG] [39;1msnarkJS[0m: tauG1: fft 13 join  11/13  2/4 1/4
[36;22m[DEBUG] [39;1msnarkJS[0m: tauG1: fft 13 join  11/13  2/4 2/4
[36;22m[DEBUG] [39;1msnarkJS[0m: tauG1: fft 13 join  11/13  4/4 2/4
[36;22m[DEBUG] [39;1msnarkJS[0m: tauG1: fft 13 join  11/13  2/4 3/4
[36;22m[DEBUG] [39;1msnarkJS[0m: tauG1: fft 13 join  11/13  4/4 3/4
[36;22m[DEBUG] [39;1msnarkJS[0m: tauG1: fft 13 join  11/13  3/4 1/4
[36;22m[DEBUG] [39;1msnarkJS[0m: tauG1: fft 13 join  11/13  3/4 0/4
[36;22m[DEBUG] [39;1msnarkJS[0m: tauG1: fft  13  join: 12/13
[36;22m[DEBUG] [39;1msnarkJS[0m: tauG1: fft 13 join  12/13  1/2 2/8
[36;22m[DEBUG] [39;1msnarkJS[0m: tauG1: fft 13 join  12/13  1/2 0/8
[36;22m[DEBUG] [39;1msnarkJS[0m: tauG1: fft 13 join  12/13  1/2 3/8
[36;22m[DEBUG] [39;1msnarkJS[0m: tauG1: fft 13 join  12/13  1/2 4/8
[36;22m[DEBUG] [39;1msnarkJS[0m: tauG1: fft 13 join  12/13  1/2 1/8
[36;22m[DEBUG] [39;1msnarkJS[0m: tauG1: fft 13 join  12/13  2/2 5/8
[36;22m[DEBUG] [39;1msnarkJS[0m: tauG1: fft 13 join  12/13  2/2 2/8
[36;22m[DEBUG] [39;1msnarkJS[0m: tauG1: fft 13 join  12/13  2/2 3/8
[36;22m[DEBUG] [39;1msnarkJS[0m: tauG1: fft 13 join  12/13  2/2 4/8
[36;22m[DEBUG] [39;1msnarkJS[0m: tauG1: fft 13 join  12/13  1/2 5/8
[36;22m[DEBUG] [39;1msnarkJS[0m: tauG1: fft 13 join  12/13  1/2 6/8
[36;22m[DEBUG] [39;1msnarkJS[0m: tauG1: fft 13 join  12/13  2/2 6/8
[36;22m[DEBUG] [39;1msnarkJS[0m: tauG1: fft 13 join  12/13  2/2 7/8
[36;22m[DEBUG] [39;1msnarkJS[0m: tauG1: fft 13 join  12/13  1/2 7/8
[36;22m[DEBUG] [39;1msnarkJS[0m: tauG1: fft 13 join  12/13  2/2 0/8
[36;22m[DEBUG] [39;1msnarkJS[0m: tauG1: fft 13 join  12/13  2/2 1/8
[36;22m[DEBUG] [39;1msnarkJS[0m: tauG1: fft  13  join: 13/13
[36;22m[DEBUG] [39;1msnarkJS[0m: tauG1: fft 13 join  13/13  1/1 8/16
[36;22m[DEBUG] [39;1msnarkJS[0m: tauG1: fft 13 join  13/13  1/1 0/16
[36;22m[DEBUG] [39;1msnarkJS[0m: tauG1: fft 13 join  13/13  1/1 2/16
[36;22m[DEBUG] [39;1msnarkJS[0m: tauG1: fft 13 join  13/13  1/1 1/16
[36;22m[DEBUG] [39;1msnarkJS[0m: tauG1: fft 13 join  13/13  1/1 13/16
[36;22m[DEBUG] [39;1msnarkJS[0m: tauG1: fft 13 join  13/13  1/1 4/16
[36;22m[DEBUG] [39;1msnarkJS[0m: tauG1: fft 13 join  13/13  1/1 11/16
[36;22m[DEBUG] [39;1msnarkJS[0m: tauG1: fft 13 join  13/13  1/1 6/16
[36;22m[DEBUG] [39;1msnarkJS[0m: tauG1: fft 13 join  13/13  1/1 9/16
[36;22m[DEBUG] [39;1msnarkJS[0m: tauG1: fft 13 join  13/13  1/1 3/16
[36;22m[DEBUG] [39;1msnarkJS[0m: tauG1: fft 13 join  13/13  1/1 5/16
[36;22m[DEBUG] [39;1msnarkJS[0m: tauG1: fft 13 join  13/13  1/1 10/16
[36;22m[DEBUG] [39;1msnarkJS[0m: tauG1: fft 13 join  13/13  1/1 12/16
[36;22m[DEBUG] [39;1msnarkJS[0m: tauG1: fft 13 join  13/13  1/1 15/16
[36;22m[DEBUG] [39;1msnarkJS[0m: tauG1: fft 13 join  13/13  1/1 14/16
[36;22m[DEBUG] [39;1msnarkJS[0m: tauG1: fft 13 join  13/13  1/1 7/16
[36;22m[DEBUG] [39;1msnarkJS[0m: tauG1: fft 14 mix start: 0/32
[36;22m[DEBUG] [39;1msnarkJS[0m: tauG1: fft 14 mix start: 1/32
[36;22m[DEBUG] [39;1msnarkJS[0m: tauG1: fft 14 mix start: 2/32
[36;22m[DEBUG] [39;1msnarkJS[0m: tauG1: fft 14 mix start: 3/32
[36;22m[DEBUG] [39;1msnarkJS[0m: tauG1: fft 14 mix start: 4/32
[36;22m[DEBUG] [39;1msnarkJS[0m: tauG1: fft 14 mix start: 5/32
[36;22m[DEBUG] [39;1msnarkJS[0m: tauG1: fft 14 mix start: 6/32
[36;22m[DEBUG] [39;1msnarkJS[0m: tauG1: fft 14 mix start: 7/32
[36;22m[DEBUG] [39;1msnarkJS[0m: tauG1: fft 14 mix start: 8/32
[36;22m[DEBUG] [39;1msnarkJS[0m: tauG1: fft 14 mix start: 9/32
[36;22m[DEBUG] [39;1msnarkJS[0m: tauG1: fft 14 mix start: 10/32
[36;22m[DEBUG] [39;1msnarkJS[0m: tauG1: fft 14 mix start: 11/32
[36;22m[DEBUG] [39;1msnarkJS[0m: tauG1: fft 14 mix start: 12/32
[36;22m[DEBUG] [39;1msnarkJS[0m: tauG1: fft 14 mix start: 13/32
[36;22m[DEBUG] [39;1msnarkJS[0m: tauG1: fft 14 mix start: 14/32
[36;22m[DEBUG] [39;1msnarkJS[0m: tauG1: fft 14 mix start: 15/32
[36;22m[DEBUG] [39;1msnarkJS[0m: tauG1: fft 14 mix start: 16/32
[36;22m[DEBUG] [39;1msnarkJS[0m: tauG1: fft 14 mix start: 17/32
[36;22m[DEBUG] [39;1msnarkJS[0m: tauG1: fft 14 mix start: 18/32
[36;22m[DEBUG] [39;1msnarkJS[0m: tauG1: fft 14 mix start: 19/32
[36;22m[DEBUG] [39;1msnarkJS[0m: tauG1: fft 14 mix start: 20/32
[36;22m[DEBUG] [39;1msnarkJS[0m: tauG1: fft 14 mix start: 21/32
[36;22m[DEBUG] [39;1msnarkJS[0m: tauG1: fft 14 mix start: 22/32
[36;22m[DEBUG] [39;1msnarkJS[0m: tauG1: fft 14 mix start: 23/32
[36;22m[DEBUG] [39;1msnarkJS[0m: tauG1: fft 14 mix start: 24/32
[36;22m[DEBUG] [39;1msnarkJS[0m: tauG1: fft 14 mix start: 25/32
[36;22m[DEBUG] [39;1msnarkJS[0m: tauG1: fft 14 mix start: 26/32
[36;22m[DEBUG] [39;1msnarkJS[0m: tauG1: fft 14 mix start: 27/32
[36;22m[DEBUG] [39;1msnarkJS[0m: tauG1: fft 14 mix start: 28/32
[36;22m[DEBUG] [39;1msnarkJS[0m: tauG1: fft 14 mix start: 29/32
[36;22m[DEBUG] [39;1msnarkJS[0m: tauG1: fft 14 mix start: 30/32
[36;22m[DEBUG] [39;1msnarkJS[0m: tauG1: fft 14 mix start: 31/32
[36;22m[DEBUG] [39;1msnarkJS[0m: tauG1: fft 14 mix end: 0/32
[36;22m[DEBUG] [39;1msnarkJS[0m: tauG1: fft 14 mix end: 5/32
[36;22m[DEBUG] [39;1msnarkJS[0m: tauG1: fft 14 mix end: 31/32
[36;22m[DEBUG] [39;1msnarkJS[0m: tauG1: fft 14 mix end: 12/32
[36;22m[DEBUG] [39;1msnarkJS[0m: tauG1: fft 14 mix end: 20/32
[36;22m[DEBUG] [39;1msnarkJS[0m: tauG1: fft 14 mix end: 9/32
[36;22m[DEBUG] [39;1msnarkJS[0m: tauG1: fft 14 mix end: 6/32
[36;22m[DEBUG] [39;1msnarkJS[0m: tauG1: fft 14 mix end: 21/32
[36;22m[DEBUG] [39;1msnarkJS[0m: tauG1: fft 14 mix end: 16/32
[36;22m[DEBUG] [39;1msnarkJS[0m: tauG1: fft 14 mix end: 28/32
[36;22m[DEBUG] [39;1msnarkJS[0m: tauG1: fft 14 mix end: 22/32
[36;22m[DEBUG] [39;1msnarkJS[0m: tauG1: fft 14 mix end: 1/32
[36;22m[DEBUG] [39;1msnarkJS[0m: tauG1: fft 14 mix end: 10/32
[36;22m[DEBUG] [39;1msnarkJS[0m: tauG1: fft 14 mix end: 30/32
[36;22m[DEBUG] [39;1msnarkJS[0m: tauG1: fft 14 mix end: 7/32
[36;22m[DEBUG] [39;1msnarkJS[0m: tauG1: fft 14 mix end: 4/32
[36;22m[DEBUG] [39;1msnarkJS[0m: tauG1: fft 14 mix end: 18/32
[36;22m[DEBUG] [39;1msnarkJS[0m: tauG1: fft 14 mix end: 3/32
[36;22m[DEBUG] [39;1msnarkJS[0m: tauG1: fft 14 mix end: 23/32
[36;22m[DEBUG] [39;1msnarkJS[0m: tauG1: fft 14 mix end: 17/32
[36;22m[DEBUG] [39;1msnarkJS[0m: tauG1: fft 14 mix end: 15/32
[36;22m[DEBUG] [39;1msnarkJS[0m: tauG1: fft 14 mix end: 26/32
[36;22m[DEBUG] [39;1msnarkJS[0m: tauG1: fft 14 mix end: 11/32
[36;22m[DEBUG] [39;1msnarkJS[0m: tauG1: fft 14 mix end: 13/32
[36;22m[DEBUG] [39;1msnarkJS[0m: tauG1: fft 14 mix end: 24/32
[36;22m[DEBUG] [39;1msnarkJS[0m: tauG1: fft 14 mix end: 2/32
[36;22m[DEBUG] [39;1msnarkJS[0m: tauG1: fft 14 mix end: 19/32
[36;22m[DEBUG] [39;1msnarkJS[0m: tauG1: fft 14 mix end: 29/32
[36;22m[DEBUG] [39;1msnarkJS[0m: tauG1: fft 14 mix end: 8/32
[36;22m[DEBUG] [39;1msnarkJS[0m: tauG1: fft 14 mix end: 27/32
[36;22m[DEBUG] [39;1msnarkJS[0m: tauG1: fft 14 mix end: 14/32
[36;22m[DEBUG] [39;1msnarkJS[0m: tauG1: fft 14 mix end: 25/32
[36;22m[DEBUG] [39;1msnarkJS[0m: tauG1: fft  14  join: 10/14
[36;22m[DEBUG] [39;1msnarkJS[0m: tauG1: fft 14 join  10/14  4/16 0/1
[36;22m[DEBUG] [39;1msnarkJS[0m: tauG1: fft 14 join  10/14  5/16 0/1
[36;22m[DEBUG] [39;1msnarkJS[0m: tauG1: fft 14 join  10/14  7/16 0/1
[36;22m[DEBUG] [39;1msnarkJS[0m: tauG1: fft 14 join  10/14  2/16 0/1
[36;22m[DEBUG] [39;1msnarkJS[0m: tauG1: fft 14 join  10/14  1/16 0/1
[36;22m[DEBUG] [39;1msnarkJS[0m: tauG1: fft 14 join  10/14  14/16 0/1
[36;22m[DEBUG] [39;1msnarkJS[0m: tauG1: fft 14 join  10/14  3/16 0/1
[36;22m[DEBUG] [39;1msnarkJS[0m: tauG1: fft 14 join  10/14  12/16 0/1
[36;22m[DEBUG] [39;1msnarkJS[0m: tauG1: fft 14 join  10/14  9/16 0/1
[36;22m[DEBUG] [39;1msnarkJS[0m: tauG1: fft 14 join  10/14  11/16 0/1
[36;22m[DEBUG] [39;1msnarkJS[0m: tauG1: fft 14 join  10/14  13/16 0/1
[36;22m[DEBUG] [39;1msnarkJS[0m: tauG1: fft 14 join  10/14  10/16 0/1
[36;22m[DEBUG] [39;1msnarkJS[0m: tauG1: fft 14 join  10/14  16/16 0/1
[36;22m[DEBUG] [39;1msnarkJS[0m: tauG1: fft 14 join  10/14  15/16 0/1
[36;22m[DEBUG] [39;1msnarkJS[0m: tauG1: fft 14 join  10/14  6/16 0/1
[36;22m[DEBUG] [39;1msnarkJS[0m: tauG1: fft 14 join  10/14  8/16 0/1
[36;22m[DEBUG] [39;1msnarkJS[0m: tauG1: fft  14  join: 11/14
[36;22m[DEBUG] [39;1msnarkJS[0m: tauG1: fft 14 join  11/14  1/8 0/2
[36;22m[DEBUG] [39;1msnarkJS[0m: tauG1: fft 14 join  11/14  1/8 1/2
[36;22m[DEBUG] [39;1msnarkJS[0m: tauG1: fft 14 join  11/14  6/8 1/2
[36;22m[DEBUG] [39;1msnarkJS[0m: tauG1: fft 14 join  11/14  2/8 1/2
[36;22m[DEBUG] [39;1msnarkJS[0m: tauG1: fft 14 join  11/14  3/8 0/2
[36;22m[DEBUG] [39;1msnarkJS[0m: tauG1: fft 14 join  11/14  4/8 0/2
[36;22m[DEBUG] [39;1msnarkJS[0m: tauG1: fft 14 join  11/14  7/8 1/2
[36;22m[DEBUG] [39;1msnarkJS[0m: tauG1: fft 14 join  11/14  3/8 1/2
[36;22m[DEBUG] [39;1msnarkJS[0m: tauG1: fft 14 join  11/14  5/8 0/2
[36;22m[DEBUG] [39;1msnarkJS[0m: tauG1: fft 14 join  11/14  8/8 1/2
[36;22m[DEBUG] [39;1msnarkJS[0m: tauG1: fft 14 join  11/14  7/8 0/2
[36;22m[DEBUG] [39;1msnarkJS[0m: tauG1: fft 14 join  11/14  6/8 0/2
[36;22m[DEBUG] [39;1msnarkJS[0m: tauG1: fft 14 join  11/14  4/8 1/2
[36;22m[DEBUG] [39;1msnarkJS[0m: tauG1: fft 14 join  11/14  2/8 0/2
[36;22m[DEBUG] [39;1msnarkJS[0m: tauG1: fft 14 join  11/14  8/8 0/2
[36;22m[DEBUG] [39;1msnarkJS[0m: tauG1: fft 14 join  11/14  5/8 1/2
[36;22m[DEBUG] [39;1msnarkJS[0m: tauG1: fft  14  join: 12/14
[36;22m[DEBUG] [39;1msnarkJS[0m: tauG1: fft 14 join  12/14  1/4 2/4
[36;22m[DEBUG] [39;1msnarkJS[0m: tauG1: fft 14 join  12/14  1/4 0/4
[36;22m[DEBUG] [39;1msnarkJS[0m: tauG1: fft 14 join  12/14  1/4 3/4
[36;22m[DEBUG] [39;1msnarkJS[0m: tauG1: fft 14 join  12/14  3/4 3/4
[36;22m[DEBUG] [39;1msnarkJS[0m: tauG1: fft 14 join  12/14  2/4 2/4
[36;22m[DEBUG] [39;1msnarkJS[0m: tauG1: fft 14 join  12/14  1/4 1/4
[36;22m[DEBUG] [39;1msnarkJS[0m: tauG1: fft 14 join  12/14  2/4 0/4
[36;22m[DEBUG] [39;1msnarkJS[0m: tauG1: fft 14 join  12/14  3/4 2/4
[36;22m[DEBUG] [39;1msnarkJS[0m: tauG1: fft 14 join  12/14  3/4 1/4
[36;22m[DEBUG] [39;1msnarkJS[0m: tauG1: fft 14 join  12/14  3/4 0/4
[36;22m[DEBUG] [39;1msnarkJS[0m: tauG1: fft 14 join  12/14  4/4 1/4
[36;22m[DEBUG] [39;1msnarkJS[0m: tauG1: fft 14 join  12/14  2/4 1/4
[36;22m[DEBUG] [39;1msnarkJS[0m: tauG1: fft 14 join  12/14  4/4 0/4
[36;22m[DEBUG] [39;1msnarkJS[0m: tauG1: fft 14 join  12/14  4/4 2/4
[36;22m[DEBUG] [39;1msnarkJS[0m: tauG1: fft 14 join  12/14  2/4 3/4
[36;22m[DEBUG] [39;1msnarkJS[0m: tauG1: fft 14 join  12/14  4/4 3/4
[36;22m[DEBUG] [39;1msnarkJS[0m: tauG1: fft  14  join: 13/14
[36;22m[DEBUG] [39;1msnarkJS[0m: tauG1: fft 14 join  13/14  1/2 0/8
[36;22m[DEBUG] [39;1msnarkJS[0m: tauG1: fft 14 join  13/14  1/2 3/8
[36;22m[DEBUG] [39;1msnarkJS[0m: tauG1: fft 14 join  13/14  1/2 4/8
[36;22m[DEBUG] [39;1msnarkJS[0m: tauG1: fft 14 join  13/14  2/2 4/8
[36;22m[DEBUG] [39;1msnarkJS[0m: tauG1: fft 14 join  13/14  2/2 0/8
[36;22m[DEBUG] [39;1msnarkJS[0m: tauG1: fft 14 join  13/14  1/2 1/8
[36;22m[DEBUG] [39;1msnarkJS[0m: tauG1: fft 14 join  13/14  2/2 3/8
[36;22m[DEBUG] [39;1msnarkJS[0m: tauG1: fft 14 join  13/14  2/2 5/8
[36;22m[DEBUG] [39;1msnarkJS[0m: tauG1: fft 14 join  13/14  1/2 6/8
[36;22m[DEBUG] [39;1msnarkJS[0m: tauG1: fft 14 join  13/14  1/2 5/8
[36;22m[DEBUG] [39;1msnarkJS[0m: tauG1: fft 14 join  13/14  2/2 1/8
[36;22m[DEBUG] [39;1msnarkJS[0m: tauG1: fft 14 join  13/14  2/2 2/8
[36;22m[DEBUG] [39;1msnarkJS[0m: tauG1: fft 14 join  13/14  2/2 7/8
[36;22m[DEBUG] [39;1msnarkJS[0m: tauG1: fft 14 join  13/14  1/2 2/8
[36;22m[DEBUG] [39;1msnarkJS[0m: tauG1: fft 14 join  13/14  2/2 6/8
[36;22m[DEBUG] [39;1msnarkJS[0m: tauG1: fft 14 join  13/14  1/2 7/8
[36;22m[DEBUG] [39;1msnarkJS[0m: tauG1: fft  14  join: 14/14
[36;22m[DEBUG] [39;1msnarkJS[0m: tauG1: fft 14 join  14/14  1/1 0/16
[36;22m[DEBUG] [39;1msnarkJS[0m: tauG1: fft 14 join  14/14  1/1 2/16
[36;22m[DEBUG] [39;1msnarkJS[0m: tauG1: fft 14 join  14/14  1/1 8/16
[36;22m[DEBUG] [39;1msnarkJS[0m: tauG1: fft 14 join  14/14  1/1 1/16
[36;22m[DEBUG] [39;1msnarkJS[0m: tauG1: fft 14 join  14/14  1/1 11/16
[36;22m[DEBUG] [39;1msnarkJS[0m: tauG1: fft 14 join  14/14  1/1 6/16
[36;22m[DEBUG] [39;1msnarkJS[0m: tauG1: fft 14 join  14/14  1/1 4/16
[36;22m[DEBUG] [39;1msnarkJS[0m: tauG1: fft 14 join  14/14  1/1 13/16
[36;22m[DEBUG] [39;1msnarkJS[0m: tauG1: fft 14 join  14/14  1/1 5/16
[36;22m[DEBUG] [39;1msnarkJS[0m: tauG1: fft 14 join  14/14  1/1 9/16
[36;22m[DEBUG] [39;1msnarkJS[0m: tauG1: fft 14 join  14/14  1/1 12/16
[36;22m[DEBUG] [39;1msnarkJS[0m: tauG1: fft 14 join  14/14  1/1 3/16
[36;22m[DEBUG] [39;1msnarkJS[0m: tauG1: fft 14 join  14/14  1/1 10/16
[36;22m[DEBUG] [39;1msnarkJS[0m: tauG1: fft 14 join  14/14  1/1 15/16
[36;22m[DEBUG] [39;1msnarkJS[0m: tauG1: fft 14 join  14/14  1/1 14/16
[36;22m[DEBUG] [39;1msnarkJS[0m: tauG1: fft 14 join  14/14  1/1 7/16
[36;22m[DEBUG] [39;1msnarkJS[0m: tauG1: fft 15 mix start: 0/32
[36;22m[DEBUG] [39;1msnarkJS[0m: tauG1: fft 15 mix start: 1/32
[36;22m[DEBUG] [39;1msnarkJS[0m: tauG1: fft 15 mix start: 2/32
[36;22m[DEBUG] [39;1msnarkJS[0m: tauG1: fft 15 mix start: 3/32
[36;22m[DEBUG] [39;1msnarkJS[0m: tauG1: fft 15 mix start: 4/32
[36;22m[DEBUG] [39;1msnarkJS[0m: tauG1: fft 15 mix start: 5/32
[36;22m[DEBUG] [39;1msnarkJS[0m: tauG1: fft 15 mix start: 6/32
[36;22m[DEBUG] [39;1msnarkJS[0m: tauG1: fft 15 mix start: 7/32
[36;22m[DEBUG] [39;1msnarkJS[0m: tauG1: fft 15 mix start: 8/32
[36;22m[DEBUG] [39;1msnarkJS[0m: tauG1: fft 15 mix start: 9/32
[36;22m[DEBUG] [39;1msnarkJS[0m: tauG1: fft 15 mix start: 10/32
[36;22m[DEBUG] [39;1msnarkJS[0m: tauG1: fft 15 mix start: 11/32
[36;22m[DEBUG] [39;1msnarkJS[0m: tauG1: fft 15 mix start: 12/32
[36;22m[DEBUG] [39;1msnarkJS[0m: tauG1: fft 15 mix start: 13/32
[36;22m[DEBUG] [39;1msnarkJS[0m: tauG1: fft 15 mix start: 14/32
[36;22m[DEBUG] [39;1msnarkJS[0m: tauG1: fft 15 mix start: 15/32
[36;22m[DEBUG] [39;1msnarkJS[0m: tauG1: fft 15 mix start: 16/32
[36;22m[DEBUG] [39;1msnarkJS[0m: tauG1: fft 15 mix start: 17/32
[36;22m[DEBUG] [39;1msnarkJS[0m: tauG1: fft 15 mix start: 18/32
[36;22m[DEBUG] [39;1msnarkJS[0m: tauG1: fft 15 mix start: 19/32
[36;22m[DEBUG] [39;1msnarkJS[0m: tauG1: fft 15 mix start: 20/32
[36;22m[DEBUG] [39;1msnarkJS[0m: tauG1: fft 15 mix start: 21/32
[36;22m[DEBUG] [39;1msnarkJS[0m: tauG1: fft 15 mix start: 22/32
[36;22m[DEBUG] [39;1msnarkJS[0m: tauG1: fft 15 mix start: 23/32
[36;22m[DEBUG] [39;1msnarkJS[0m: tauG1: fft 15 mix start: 24/32
[36;22m[DEBUG] [39;1msnarkJS[0m: tauG1: fft 15 mix start: 25/32
[36;22m[DEBUG] [39;1msnarkJS[0m: tauG1: fft 15 mix start: 26/32
[36;22m[DEBUG] [39;1msnarkJS[0m: tauG1: fft 15 mix start: 27/32
[36;22m[DEBUG] [39;1msnarkJS[0m: tauG1: fft 15 mix start: 28/32
[36;22m[DEBUG] [39;1msnarkJS[0m: tauG1: fft 15 mix start: 29/32
[36;22m[DEBUG] [39;1msnarkJS[0m: tauG1: fft 15 mix start: 30/32
[36;22m[DEBUG] [39;1msnarkJS[0m: tauG1: fft 15 mix start: 31/32
[36;22m[DEBUG] [39;1msnarkJS[0m: tauG1: fft 15 mix end: 18/32
[36;22m[DEBUG] [39;1msnarkJS[0m: tauG1: fft 15 mix end: 0/32
[36;22m[DEBUG] [39;1msnarkJS[0m: tauG1: fft 15 mix end: 12/32
[36;22m[DEBUG] [39;1msnarkJS[0m: tauG1: fft 15 mix end: 9/32
[36;22m[DEBUG] [39;1msnarkJS[0m: tauG1: fft 15 mix end: 20/32
[36;22m[DEBUG] [39;1msnarkJS[0m: tauG1: fft 15 mix end: 10/32
[36;22m[DEBUG] [39;1msnarkJS[0m: tauG1: fft 15 mix end: 16/32
[36;22m[DEBUG] [39;1msnarkJS[0m: tauG1: fft 15 mix end: 31/32
[36;22m[DEBUG] [39;1msnarkJS[0m: tauG1: fft 15 mix end: 17/32
[36;22m[DEBUG] [39;1msnarkJS[0m: tauG1: fft 15 mix end: 22/32
[36;22m[DEBUG] [39;1msnarkJS[0m: tauG1: fft 15 mix end: 4/32
[36;22m[DEBUG] [39;1msnarkJS[0m: tauG1: fft 15 mix end: 2/32
[36;22m[DEBUG] [39;1msnarkJS[0m: tauG1: fft 15 mix end: 5/32
[36;22m[DEBUG] [39;1msnarkJS[0m: tauG1: fft 15 mix end: 15/32
[36;22m[DEBUG] [39;1msnarkJS[0m: tauG1: fft 15 mix end: 21/32
[36;22m[DEBUG] [39;1msnarkJS[0m: tauG1: fft 15 mix end: 24/32
[36;22m[DEBUG] [39;1msnarkJS[0m: tauG1: fft 15 mix end: 6/32
[36;22m[DEBUG] [39;1msnarkJS[0m: tauG1: fft 15 mix end: 7/32
[36;22m[DEBUG] [39;1msnarkJS[0m: tauG1: fft 15 mix end: 26/32
[36;22m[DEBUG] [39;1msnarkJS[0m: tauG1: fft 15 mix end: 13/32
[36;22m[DEBUG] [39;1msnarkJS[0m: tauG1: fft 15 mix end: 28/32
[36;22m[DEBUG] [39;1msnarkJS[0m: tauG1: fft 15 mix end: 29/32
[36;22m[DEBUG] [39;1msnarkJS[0m: tauG1: fft 15 mix end: 11/32
[36;22m[DEBUG] [39;1msnarkJS[0m: tauG1: fft 15 mix end: 8/32
[36;22m[DEBUG] [39;1msnarkJS[0m: tauG1: fft 15 mix end: 27/32
[36;22m[DEBUG] [39;1msnarkJS[0m: tauG1: fft 15 mix end: 30/32
[36;22m[DEBUG] [39;1msnarkJS[0m: tauG1: fft 15 mix end: 23/32
[36;22m[DEBUG] [39;1msnarkJS[0m: tauG1: fft 15 mix end: 3/32
[36;22m[DEBUG] [39;1msnarkJS[0m: tauG1: fft 15 mix end: 19/32
[36;22m[DEBUG] [39;1msnarkJS[0m: tauG1: fft 15 mix end: 1/32
[36;22m[DEBUG] [39;1msnarkJS[0m: tauG1: fft 15 mix end: 25/32
[36;22m[DEBUG] [39;1msnarkJS[0m: tauG1: fft 15 mix end: 14/32
[36;22m[DEBUG] [39;1msnarkJS[0m: tauG1: fft  15  join: 11/15
[36;22m[DEBUG] [39;1msnarkJS[0m: tauG1: fft 15 join  11/15  7/16 0/1
[36;22m[DEBUG] [39;1msnarkJS[0m: tauG1: fft 15 join  11/15  9/16 0/1
[36;22m[DEBUG] [39;1msnarkJS[0m: tauG1: fft 15 join  11/15  5/16 0/1
[36;22m[DEBUG] [39;1msnarkJS[0m: tauG1: fft 15 join  11/15  1/16 0/1
[36;22m[DEBUG] [39;1msnarkJS[0m: tauG1: fft 15 join  11/15  2/16 0/1
[36;22m[DEBUG] [39;1msnarkJS[0m: tauG1: fft 15 join  11/15  3/16 0/1
[36;22m[DEBUG] [39;1msnarkJS[0m: tauG1: fft 15 join  11/15  4/16 0/1
[36;22m[DEBUG] [39;1msnarkJS[0m: tauG1: fft 15 join  11/15  10/16 0/1
[36;22m[DEBUG] [39;1msnarkJS[0m: tauG1: fft 15 join  11/15  12/16 0/1
[36;22m[DEBUG] [39;1msnarkJS[0m: tauG1: fft 15 join  11/15  11/16 0/1
[36;22m[DEBUG] [39;1msnarkJS[0m: tauG1: fft 15 join  11/15  6/16 0/1
[36;22m[DEBUG] [39;1msnarkJS[0m: tauG1: fft 15 join  11/15  16/16 0/1
[36;22m[DEBUG] [39;1msnarkJS[0m: tauG1: fft 15 join  11/15  15/16 0/1
[36;22m[DEBUG] [39;1msnarkJS[0m: tauG1: fft 15 join  11/15  8/16 0/1
[36;22m[DEBUG] [39;1msnarkJS[0m: tauG1: fft 15 join  11/15  13/16 0/1
[36;22m[DEBUG] [39;1msnarkJS[0m: tauG1: fft 15 join  11/15  14/16 0/1
[36;22m[DEBUG] [39;1msnarkJS[0m: tauG1: fft  15  join: 12/15
[36;22m[DEBUG] [39;1msnarkJS[0m: tauG1: fft 15 join  12/15  1/8 1/2
[36;22m[DEBUG] [39;1msnarkJS[0m: tauG1: fft 15 join  12/15  2/8 0/2
[36;22m[DEBUG] [39;1msnarkJS[0m: tauG1: fft 15 join  12/15  1/8 0/2
[36;22m[DEBUG] [39;1msnarkJS[0m: tauG1: fft 15 join  12/15  6/8 0/2
[36;22m[DEBUG] [39;1msnarkJS[0m: tauG1: fft 15 join  12/15  6/8 1/2
[36;22m[DEBUG] [39;1msnarkJS[0m: tauG1: fft 15 join  12/15  5/8 1/2
[36;22m[DEBUG] [39;1msnarkJS[0m: tauG1: fft 15 join  12/15  5/8 0/2
[36;22m[DEBUG] [39;1msnarkJS[0m: tauG1: fft 15 join  12/15  2/8 1/2
[36;22m[DEBUG] [39;1msnarkJS[0m: tauG1: fft 15 join  12/15  4/8 0/2
[36;22m[DEBUG] [39;1msnarkJS[0m: tauG1: fft 15 join  12/15  3/8 1/2
[36;22m[DEBUG] [39;1msnarkJS[0m: tauG1: fft 15 join  12/15  7/8 0/2
[36;22m[DEBUG] [39;1msnarkJS[0m: tauG1: fft 15 join  12/15  8/8 1/2
[36;22m[DEBUG] [39;1msnarkJS[0m: tauG1: fft 15 join  12/15  3/8 0/2
[36;22m[DEBUG] [39;1msnarkJS[0m: tauG1: fft 15 join  12/15  7/8 1/2
[36;22m[DEBUG] [39;1msnarkJS[0m: tauG1: fft 15 join  12/15  8/8 0/2
[36;22m[DEBUG] [39;1msnarkJS[0m: tauG1: fft 15 join  12/15  4/8 1/2
[36;22m[DEBUG] [39;1msnarkJS[0m: tauG1: fft  15  join: 13/15
[36;22m[DEBUG] [39;1msnarkJS[0m: tauG1: fft 15 join  13/15  1/4 2/4
[36;22m[DEBUG] [39;1msnarkJS[0m: tauG1: fft 15 join  13/15  1/4 1/4
[36;22m[DEBUG] [39;1msnarkJS[0m: tauG1: fft 15 join  13/15  3/4 1/4
[36;22m[DEBUG] [39;1msnarkJS[0m: tauG1: fft 15 join  13/15  1/4 0/4
[36;22m[DEBUG] [39;1msnarkJS[0m: tauG1: fft 15 join  13/15  3/4 0/4
[36;22m[DEBUG] [39;1msnarkJS[0m: tauG1: fft 15 join  13/15  1/4 3/4
[36;22m[DEBUG] [39;1msnarkJS[0m: tauG1: fft 15 join  13/15  3/4 3/4
[36;22m[DEBUG] [39;1msnarkJS[0m: tauG1: fft 15 join  13/15  3/4 2/4
[36;22m[DEBUG] [39;1msnarkJS[0m: tauG1: fft 15 join  13/15  2/4 1/4
[36;22m[DEBUG] [39;1msnarkJS[0m: tauG1: fft 15 join  13/15  2/4 2/4
[36;22m[DEBUG] [39;1msnarkJS[0m: tauG1: fft 15 join  13/15  2/4 0/4
[36;22m[DEBUG] [39;1msnarkJS[0m: tauG1: fft 15 join  13/15  4/4 2/4
[36;22m[DEBUG] [39;1msnarkJS[0m: tauG1: fft 15 join  13/15  4/4 0/4
[36;22m[DEBUG] [39;1msnarkJS[0m: tauG1: fft 15 join  13/15  2/4 3/4
[36;22m[DEBUG] [39;1msnarkJS[0m: tauG1: fft 15 join  13/15  4/4 3/4
[36;22m[DEBUG] [39;1msnarkJS[0m: tauG1: fft 15 join  13/15  4/4 1/4
[36;22m[DEBUG] [39;1msnarkJS[0m: tauG1: fft  15  join: 14/15
[36;22m[DEBUG] [39;1msnarkJS[0m: tauG1: fft 15 join  14/15  1/2 6/8
[36;22m[DEBUG] [39;1msnarkJS[0m: tauG1: fft 15 join  14/15  1/2 0/8
[36;22m[DEBUG] [39;1msnarkJS[0m: tauG1: fft 15 join  14/15  1/2 2/8
[36;22m[DEBUG] [39;1msnarkJS[0m: tauG1: fft 15 join  14/15  1/2 4/8
[36;22m[DEBUG] [39;1msnarkJS[0m: tauG1: fft 15 join  14/15  2/2 0/8
[36;22m[DEBUG] [39;1msnarkJS[0m: tauG1: fft 15 join  14/15  2/2 1/8
[36;22m[DEBUG] [39;1msnarkJS[0m: tauG1: fft 15 join  14/15  2/2 3/8
[36;22m[DEBUG] [39;1msnarkJS[0m: tauG1: fft 15 join  14/15  1/2 1/8
[36;22m[DEBUG] [39;1msnarkJS[0m: tauG1: fft 15 join  14/15  2/2 2/8
[36;22m[DEBUG] [39;1msnarkJS[0m: tauG1: fft 15 join  14/15  2/2 5/8
[36;22m[DEBUG] [39;1msnarkJS[0m: tauG1: fft 15 join  14/15  1/2 5/8
[36;22m[DEBUG] [39;1msnarkJS[0m: tauG1: fft 15 join  14/15  2/2 7/8
[36;22m[DEBUG] [39;1msnarkJS[0m: tauG1: fft 15 join  14/15  2/2 4/8
[36;22m[DEBUG] [39;1msnarkJS[0m: tauG1: fft 15 join  14/15  1/2 7/8
[36;22m[DEBUG] [39;1msnarkJS[0m: tauG1: fft 15 join  14/15  2/2 6/8
[36;22m[DEBUG] [39;1msnarkJS[0m: tauG1: fft 15 join  14/15  1/2 3/8
[36;22m[DEBUG] [39;1msnarkJS[0m: tauG1: fft  15  join: 15/15
[36;22m[DEBUG] [39;1msnarkJS[0m: tauG1: fft 15 join  15/15  1/1 0/16
[36;22m[DEBUG] [39;1msnarkJS[0m: tauG1: fft 15 join  15/15  1/1 8/16
[36;22m[DEBUG] [39;1msnarkJS[0m: tauG1: fft 15 join  15/15  1/1 2/16
[36;22m[DEBUG] [39;1msnarkJS[0m: tauG1: fft 15 join  15/15  1/1 6/16
[36;22m[DEBUG] [39;1msnarkJS[0m: tauG1: fft 15 join  15/15  1/1 11/16
[36;22m[DEBUG] [39;1msnarkJS[0m: tauG1: fft 15 join  15/15  1/1 1/16
[36;22m[DEBUG] [39;1msnarkJS[0m: tauG1: fft 15 join  15/15  1/1 4/16
[36;22m[DEBUG] [39;1msnarkJS[0m: tauG1: fft 15 join  15/15  1/1 5/16
[36;22m[DEBUG] [39;1msnarkJS[0m: tauG1: fft 15 join  15/15  1/1 3/16
[36;22m[DEBUG] [39;1msnarkJS[0m: tauG1: fft 15 join  15/15  1/1 12/16
[36;22m[DEBUG] [39;1msnarkJS[0m: tauG1: fft 15 join  15/15  1/1 13/16
[36;22m[DEBUG] [39;1msnarkJS[0m: tauG1: fft 15 join  15/15  1/1 10/16
[36;22m[DEBUG] [39;1msnarkJS[0m: tauG1: fft 15 join  15/15  1/1 14/16
[36;22m[DEBUG] [39;1msnarkJS[0m: tauG1: fft 15 join  15/15  1/1 7/16
[36;22m[DEBUG] [39;1msnarkJS[0m: tauG1: fft 15 join  15/15  1/1 9/16
[36;22m[DEBUG] [39;1msnarkJS[0m: tauG1: fft 15 join  15/15  1/1 15/16
[36;22m[DEBUG] [39;1msnarkJS[0m: tauG1: fft 16 mix start: 0/32
[36;22m[DEBUG] [39;1msnarkJS[0m: tauG1: fft 16 mix start: 1/32
[36;22m[DEBUG] [39;1msnarkJS[0m: tauG1: fft 16 mix start: 2/32
[36;22m[DEBUG] [39;1msnarkJS[0m: tauG1: fft 16 mix start: 3/32
[36;22m[DEBUG] [39;1msnarkJS[0m: tauG1: fft 16 mix start: 4/32
[36;22m[DEBUG] [39;1msnarkJS[0m: tauG1: fft 16 mix start: 5/32
[36;22m[DEBUG] [39;1msnarkJS[0m: tauG1: fft 16 mix start: 6/32
[36;22m[DEBUG] [39;1msnarkJS[0m: tauG1: fft 16 mix start: 7/32
[36;22m[DEBUG] [39;1msnarkJS[0m: tauG1: fft 16 mix start: 8/32
[36;22m[DEBUG] [39;1msnarkJS[0m: tauG1: fft 16 mix start: 9/32
[36;22m[DEBUG] [39;1msnarkJS[0m: tauG1: fft 16 mix start: 10/32
[36;22m[DEBUG] [39;1msnarkJS[0m: tauG1: fft 16 mix start: 11/32
[36;22m[DEBUG] [39;1msnarkJS[0m: tauG1: fft 16 mix start: 12/32
[36;22m[DEBUG] [39;1msnarkJS[0m: tauG1: fft 16 mix start: 13/32
[36;22m[DEBUG] [39;1msnarkJS[0m: tauG1: fft 16 mix start: 14/32
[36;22m[DEBUG] [39;1msnarkJS[0m: tauG1: fft 16 mix start: 15/32
[36;22m[DEBUG] [39;1msnarkJS[0m: tauG1: fft 16 mix start: 16/32
[36;22m[DEBUG] [39;1msnarkJS[0m: tauG1: fft 16 mix start: 17/32
[36;22m[DEBUG] [39;1msnarkJS[0m: tauG1: fft 16 mix start: 18/32
[36;22m[DEBUG] [39;1msnarkJS[0m: tauG1: fft 16 mix start: 19/32
[36;22m[DEBUG] [39;1msnarkJS[0m: tauG1: fft 16 mix start: 20/32
[36;22m[DEBUG] [39;1msnarkJS[0m: tauG1: fft 16 mix start: 21/32
[36;22m[DEBUG] [39;1msnarkJS[0m: tauG1: fft 16 mix start: 22/32
[36;22m[DEBUG] [39;1msnarkJS[0m: tauG1: fft 16 mix start: 23/32
[36;22m[DEBUG] [39;1msnarkJS[0m: tauG1: fft 16 mix start: 24/32
[36;22m[DEBUG] [39;1msnarkJS[0m: tauG1: fft 16 mix start: 25/32
[36;22m[DEBUG] [39;1msnarkJS[0m: tauG1: fft 16 mix start: 26/32
[36;22m[DEBUG] [39;1msnarkJS[0m: tauG1: fft 16 mix start: 27/32
[36;22m[DEBUG] [39;1msnarkJS[0m: tauG1: fft 16 mix start: 28/32
[36;22m[DEBUG] [39;1msnarkJS[0m: tauG1: fft 16 mix start: 29/32
[36;22m[DEBUG] [39;1msnarkJS[0m: tauG1: fft 16 mix start: 30/32
[36;22m[DEBUG] [39;1msnarkJS[0m: tauG1: fft 16 mix start: 31/32
[36;22m[DEBUG] [39;1msnarkJS[0m: tauG1: fft 16 mix end: 10/32
[36;22m[DEBUG] [39;1msnarkJS[0m: tauG1: fft 16 mix end: 11/32
[36;22m[DEBUG] [39;1msnarkJS[0m: tauG1: fft 16 mix end: 20/32
[36;22m[DEBUG] [39;1msnarkJS[0m: tauG1: fft 16 mix end: 3/32
[36;22m[DEBUG] [39;1msnarkJS[0m: tauG1: fft 16 mix end: 18/32
[36;22m[DEBUG] [39;1msnarkJS[0m: tauG1: fft 16 mix end: 22/32
[36;22m[DEBUG] [39;1msnarkJS[0m: tauG1: fft 16 mix end: 12/32
[36;22m[DEBUG] [39;1msnarkJS[0m: tauG1: fft 16 mix end: 27/32
[36;22m[DEBUG] [39;1msnarkJS[0m: tauG1: fft 16 mix end: 2/32
[36;22m[DEBUG] [39;1msnarkJS[0m: tauG1: fft 16 mix end: 5/32
[36;22m[DEBUG] [39;1msnarkJS[0m: tauG1: fft 16 mix end: 0/32
[36;22m[DEBUG] [39;1msnarkJS[0m: tauG1: fft 16 mix end: 21/32
[36;22m[DEBUG] [39;1msnarkJS[0m: tauG1: fft 16 mix end: 1/32
[36;22m[DEBUG] [39;1msnarkJS[0m: tauG1: fft 16 mix end: 4/32
[36;22m[DEBUG] [39;1msnarkJS[0m: tauG1: fft 16 mix end: 13/32
[36;22m[DEBUG] [39;1msnarkJS[0m: tauG1: fft 16 mix end: 24/32
[36;22m[DEBUG] [39;1msnarkJS[0m: tauG1: fft 16 mix end: 8/32
[36;22m[DEBUG] [39;1msnarkJS[0m: tauG1: fft 16 mix end: 26/32
[36;22m[DEBUG] [39;1msnarkJS[0m: tauG1: fft 16 mix end: 23/32
[36;22m[DEBUG] [39;1msnarkJS[0m: tauG1: fft 16 mix end: 15/32
[36;22m[DEBUG] [39;1msnarkJS[0m: tauG1: fft 16 mix end: 17/32
[36;22m[DEBUG] [39;1msnarkJS[0m: tauG1: fft 16 mix end: 29/32
[36;22m[DEBUG] [39;1msnarkJS[0m: tauG1: fft 16 mix end: 28/32
[36;22m[DEBUG] [39;1msnarkJS[0m: tauG1: fft 16 mix end: 7/32
[36;22m[DEBUG] [39;1msnarkJS[0m: tauG1: fft 16 mix end: 31/32
[36;22m[DEBUG] [39;1msnarkJS[0m: tauG1: fft 16 mix end: 30/32
[36;22m[DEBUG] [39;1msnarkJS[0m: tauG1: fft 16 mix end: 19/32
[36;22m[DEBUG] [39;1msnarkJS[0m: tauG1: fft 16 mix end: 6/32
[36;22m[DEBUG] [39;1msnarkJS[0m: tauG1: fft 16 mix end: 16/32
[36;22m[DEBUG] [39;1msnarkJS[0m: tauG1: fft 16 mix end: 14/32
[36;22m[DEBUG] [39;1msnarkJS[0m: tauG1: fft 16 mix end: 25/32
[36;22m[DEBUG] [39;1msnarkJS[0m: tauG1: fft 16 mix end: 9/32
[36;22m[DEBUG] [39;1msnarkJS[0m: tauG1: fft  16  join: 12/16
[36;22m[DEBUG] [39;1msnarkJS[0m: tauG1: fft 16 join  12/16  3/16 0/1
[36;22m[DEBUG] [39;1msnarkJS[0m: tauG1: fft 16 join  12/16  2/16 0/1
[36;22m[DEBUG] [39;1msnarkJS[0m: tauG1: fft 16 join  12/16  1/16 0/1
[36;22m[DEBUG] [39;1msnarkJS[0m: tauG1: fft 16 join  12/16  4/16 0/1
[36;22m[DEBUG] [39;1msnarkJS[0m: tauG1: fft 16 join  12/16  9/16 0/1
[36;22m[DEBUG] [39;1msnarkJS[0m: tauG1: fft 16 join  12/16  10/16 0/1
[36;22m[DEBUG] [39;1msnarkJS[0m: tauG1: fft 16 join  12/16  11/16 0/1
[36;22m[DEBUG] [39;1msnarkJS[0m: tauG1: fft 16 join  12/16  14/16 0/1
[36;22m[DEBUG] [39;1msnarkJS[0m: tauG1: fft 16 join  12/16  16/16 0/1
[36;22m[DEBUG] [39;1msnarkJS[0m: tauG1: fft 16 join  12/16  7/16 0/1
[36;22m[DEBUG] [39;1msnarkJS[0m: tauG1: fft 16 join  12/16  12/16 0/1
[36;22m[DEBUG] [39;1msnarkJS[0m: tauG1: fft 16 join  12/16  6/16 0/1
[36;22m[DEBUG] [39;1msnarkJS[0m: tauG1: fft 16 join  12/16  5/16 0/1
[36;22m[DEBUG] [39;1msnarkJS[0m: tauG1: fft 16 join  12/16  13/16 0/1
[36;22m[DEBUG] [39;1msnarkJS[0m: tauG1: fft 16 join  12/16  15/16 0/1
[36;22m[DEBUG] [39;1msnarkJS[0m: tauG1: fft 16 join  12/16  8/16 0/1
[36;22m[DEBUG] [39;1msnarkJS[0m: tauG1: fft  16  join: 13/16
[36;22m[DEBUG] [39;1msnarkJS[0m: tauG1: fft 16 join  13/16  1/8 1/2
[36;22m[DEBUG] [39;1msnarkJS[0m: tauG1: fft 16 join  13/16  2/8 0/2
[36;22m[DEBUG] [39;1msnarkJS[0m: tauG1: fft 16 join  13/16  4/8 0/2
[36;22m[DEBUG] [39;1msnarkJS[0m: tauG1: fft 16 join  13/16  5/8 1/2
[36;22m[DEBUG] [39;1msnarkJS[0m: tauG1: fft 16 join  13/16  6/8 0/2
[36;22m[DEBUG] [39;1msnarkJS[0m: tauG1: fft 16 join  13/16  7/8 1/2
[36;22m[DEBUG] [39;1msnarkJS[0m: tauG1: fft 16 join  13/16  8/8 1/2
[36;22m[DEBUG] [39;1msnarkJS[0m: tauG1: fft 16 join  13/16  1/8 0/2
[36;22m[DEBUG] [39;1msnarkJS[0m: tauG1: fft 16 join  13/16  2/8 1/2
[36;22m[DEBUG] [39;1msnarkJS[0m: tauG1: fft 16 join  13/16  3/8 1/2
[36;22m[DEBUG] [39;1msnarkJS[0m: tauG1: fft 16 join  13/16  5/8 0/2
[36;22m[DEBUG] [39;1msnarkJS[0m: tauG1: fft 16 join  13/16  6/8 1/2
[36;22m[DEBUG] [39;1msnarkJS[0m: tauG1: fft 16 join  13/16  7/8 0/2
[36;22m[DEBUG] [39;1msnarkJS[0m: tauG1: fft 16 join  13/16  3/8 0/2
[36;22m[DEBUG] [39;1msnarkJS[0m: tauG1: fft 16 join  13/16  8/8 0/2
[36;22m[DEBUG] [39;1msnarkJS[0m: tauG1: fft 16 join  13/16  4/8 1/2
[36;22m[DEBUG] [39;1msnarkJS[0m: tauG1: fft  16  join: 14/16
[36;22m[DEBUG] [39;1msnarkJS[0m: tauG1: fft 16 join  14/16  1/4 2/4
[36;22m[DEBUG] [39;1msnarkJS[0m: tauG1: fft 16 join  14/16  1/4 1/4
[36;22m[DEBUG] [39;1msnarkJS[0m: tauG1: fft 16 join  14/16  4/4 1/4
[36;22m[DEBUG] [39;1msnarkJS[0m: tauG1: fft 16 join  14/16  3/4 2/4
[36;22m[DEBUG] [39;1msnarkJS[0m: tauG1: fft 16 join  14/16  2/4 2/4
[36;22m[DEBUG] [39;1msnarkJS[0m: tauG1: fft 16 join  14/16  3/4 0/4
[36;22m[DEBUG] [39;1msnarkJS[0m: tauG1: fft 16 join  14/16  3/4 1/4
[36;22m[DEBUG] [39;1msnarkJS[0m: tauG1: fft 16 join  14/16  1/4 0/4
[36;22m[DEBUG] [39;1msnarkJS[0m: tauG1: fft 16 join  14/16  3/4 3/4
[36;22m[DEBUG] [39;1msnarkJS[0m: tauG1: fft 16 join  14/16  4/4 3/4
[36;22m[DEBUG] [39;1msnarkJS[0m: tauG1: fft 16 join  14/16  1/4 3/4
[36;22m[DEBUG] [39;1msnarkJS[0m: tauG1: fft 16 join  14/16  2/4 1/4
[36;22m[DEBUG] [39;1msnarkJS[0m: tauG1: fft 16 join  14/16  4/4 0/4
[36;22m[DEBUG] [39;1msnarkJS[0m: tauG1: fft 16 join  14/16  2/4 0/4
[36;22m[DEBUG] [39;1msnarkJS[0m: tauG1: fft 16 join  14/16  2/4 3/4
[36;22m[DEBUG] [39;1msnarkJS[0m: tauG1: fft 16 join  14/16  4/4 2/4
[36;22m[DEBUG] [39;1msnarkJS[0m: tauG1: fft  16  join: 15/16
[36;22m[DEBUG] [39;1msnarkJS[0m: tauG1: fft 16 join  15/16  1/2 2/8
[36;22m[DEBUG] [39;1msnarkJS[0m: tauG1: fft 16 join  15/16  1/2 6/8
[36;22m[DEBUG] [39;1msnarkJS[0m: tauG1: fft 16 join  15/16  2/2 2/8
[36;22m[DEBUG] [39;1msnarkJS[0m: tauG1: fft 16 join  15/16  1/2 1/8
[36;22m[DEBUG] [39;1msnarkJS[0m: tauG1: fft 16 join  15/16  2/2 0/8
[36;22m[DEBUG] [39;1msnarkJS[0m: tauG1: fft 16 join  15/16  1/2 0/8
[36;22m[DEBUG] [39;1msnarkJS[0m: tauG1: fft 16 join  15/16  2/2 5/8
[36;22m[DEBUG] [39;1msnarkJS[0m: tauG1: fft 16 join  15/16  2/2 3/8
[36;22m[DEBUG] [39;1msnarkJS[0m: tauG1: fft 16 join  15/16  2/2 1/8
[36;22m[DEBUG] [39;1msnarkJS[0m: tauG1: fft 16 join  15/16  2/2 7/8
[36;22m[DEBUG] [39;1msnarkJS[0m: tauG1: fft 16 join  15/16  1/2 5/8
[36;22m[DEBUG] [39;1msnarkJS[0m: tauG1: fft 16 join  15/16  2/2 4/8
[36;22m[DEBUG] [39;1msnarkJS[0m: tauG1: fft 16 join  15/16  1/2 4/8
[36;22m[DEBUG] [39;1msnarkJS[0m: tauG1: fft 16 join  15/16  2/2 6/8
[36;22m[DEBUG] [39;1msnarkJS[0m: tauG1: fft 16 join  15/16  1/2 7/8
[36;22m[DEBUG] [39;1msnarkJS[0m: tauG1: fft 16 join  15/16  1/2 3/8
[36;22m[DEBUG] [39;1msnarkJS[0m: tauG1: fft  16  join: 16/16
[36;22m[DEBUG] [39;1msnarkJS[0m: tauG1: fft 16 join  16/16  1/1 10/16
[36;22m[DEBUG] [39;1msnarkJS[0m: tauG1: fft 16 join  16/16  1/1 1/16
[36;22m[DEBUG] [39;1msnarkJS[0m: tauG1: fft 16 join  16/16  1/1 8/16
[36;22m[DEBUG] [39;1msnarkJS[0m: tauG1: fft 16 join  16/16  1/1 2/16
[36;22m[DEBUG] [39;1msnarkJS[0m: tauG1: fft 16 join  16/16  1/1 6/16
[36;22m[DEBUG] [39;1msnarkJS[0m: tauG1: fft 16 join  16/16  1/1 9/16
[36;22m[DEBUG] [39;1msnarkJS[0m: tauG1: fft 16 join  16/16  1/1 11/16
[36;22m[DEBUG] [39;1msnarkJS[0m: tauG1: fft 16 join  16/16  1/1 0/16
[36;22m[DEBUG] [39;1msnarkJS[0m: tauG1: fft 16 join  16/16  1/1 15/16
[36;22m[DEBUG] [39;1msnarkJS[0m: tauG1: fft 16 join  16/16  1/1 5/16
[36;22m[DEBUG] [39;1msnarkJS[0m: tauG1: fft 16 join  16/16  1/1 12/16
[36;22m[DEBUG] [39;1msnarkJS[0m: tauG1: fft 16 join  16/16  1/1 13/16
[36;22m[DEBUG] [39;1msnarkJS[0m: tauG1: fft 16 join  16/16  1/1 3/16
[36;22m[DEBUG] [39;1msnarkJS[0m: tauG1: fft 16 join  16/16  1/1 4/16
[36;22m[DEBUG] [39;1msnarkJS[0m: tauG1: fft 16 join  16/16  1/1 14/16
[36;22m[DEBUG] [39;1msnarkJS[0m: tauG1: fft 16 join  16/16  1/1 7/16
[36;22m[DEBUG] [39;1msnarkJS[0m: tauG1: fft 17 mix start: 0/32
[36;22m[DEBUG] [39;1msnarkJS[0m: tauG1: fft 17 mix start: 1/32
[36;22m[DEBUG] [39;1msnarkJS[0m: tauG1: fft 17 mix start: 2/32
[36;22m[DEBUG] [39;1msnarkJS[0m: tauG1: fft 17 mix start: 3/32
[36;22m[DEBUG] [39;1msnarkJS[0m: tauG1: fft 17 mix start: 4/32
[36;22m[DEBUG] [39;1msnarkJS[0m: tauG1: fft 17 mix start: 5/32
[36;22m[DEBUG] [39;1msnarkJS[0m: tauG1: fft 17 mix start: 6/32
[36;22m[DEBUG] [39;1msnarkJS[0m: tauG1: fft 17 mix start: 7/32
[36;22m[DEBUG] [39;1msnarkJS[0m: tauG1: fft 17 mix start: 8/32
[36;22m[DEBUG] [39;1msnarkJS[0m: tauG1: fft 17 mix start: 9/32
[36;22m[DEBUG] [39;1msnarkJS[0m: tauG1: fft 17 mix start: 10/32
[36;22m[DEBUG] [39;1msnarkJS[0m: tauG1: fft 17 mix start: 11/32
[36;22m[DEBUG] [39;1msnarkJS[0m: tauG1: fft 17 mix start: 12/32
[36;22m[DEBUG] [39;1msnarkJS[0m: tauG1: fft 17 mix start: 13/32
[36;22m[DEBUG] [39;1msnarkJS[0m: tauG1: fft 17 mix start: 14/32
[36;22m[DEBUG] [39;1msnarkJS[0m: tauG1: fft 17 mix start: 15/32
[36;22m[DEBUG] [39;1msnarkJS[0m: tauG1: fft 17 mix start: 16/32
[36;22m[DEBUG] [39;1msnarkJS[0m: tauG1: fft 17 mix start: 17/32
[36;22m[DEBUG] [39;1msnarkJS[0m: tauG1: fft 17 mix start: 18/32
[36;22m[DEBUG] [39;1msnarkJS[0m: tauG1: fft 17 mix start: 19/32
[36;22m[DEBUG] [39;1msnarkJS[0m: tauG1: fft 17 mix start: 20/32
[36;22m[DEBUG] [39;1msnarkJS[0m: tauG1: fft 17 mix start: 21/32
[36;22m[DEBUG] [39;1msnarkJS[0m: tauG1: fft 17 mix start: 22/32
[36;22m[DEBUG] [39;1msnarkJS[0m: tauG1: fft 17 mix start: 23/32
[36;22m[DEBUG] [39;1msnarkJS[0m: tauG1: fft 17 mix start: 24/32
[36;22m[DEBUG] [39;1msnarkJS[0m: tauG1: fft 17 mix start: 25/32
[36;22m[DEBUG] [39;1msnarkJS[0m: tauG1: fft 17 mix start: 26/32
[36;22m[DEBUG] [39;1msnarkJS[0m: tauG1: fft 17 mix start: 27/32
[36;22m[DEBUG] [39;1msnarkJS[0m: tauG1: fft 17 mix start: 28/32
[36;22m[DEBUG] [39;1msnarkJS[0m: tauG1: fft 17 mix start: 29/32
[36;22m[DEBUG] [39;1msnarkJS[0m: tauG1: fft 17 mix start: 30/32
[36;22m[DEBUG] [39;1msnarkJS[0m: tauG1: fft 17 mix start: 31/32
[36;22m[DEBUG] [39;1msnarkJS[0m: tauG1: fft 17 mix end: 5/32
[36;22m[DEBUG] [39;1msnarkJS[0m: tauG1: fft 17 mix end: 0/32
[36;22m[DEBUG] [39;1msnarkJS[0m: tauG1: fft 17 mix end: 20/32
[36;22m[DEBUG] [39;1msnarkJS[0m: tauG1: fft 17 mix end: 22/32
[36;22m[DEBUG] [39;1msnarkJS[0m: tauG1: fft 17 mix end: 11/32
[36;22m[DEBUG] [39;1msnarkJS[0m: tauG1: fft 17 mix end: 2/32
[36;22m[DEBUG] [39;1msnarkJS[0m: tauG1: fft 17 mix end: 10/32
[36;22m[DEBUG] [39;1msnarkJS[0m: tauG1: fft 17 mix end: 21/32
[36;22m[DEBUG] [39;1msnarkJS[0m: tauG1: fft 17 mix end: 23/32
[36;22m[DEBUG] [39;1msnarkJS[0m: tauG1: fft 17 mix end: 3/32
[36;22m[DEBUG] [39;1msnarkJS[0m: tauG1: fft 17 mix end: 16/32
[36;22m[DEBUG] [39;1msnarkJS[0m: tauG1: fft 17 mix end: 17/32
[36;22m[DEBUG] [39;1msnarkJS[0m: tauG1: fft 17 mix end: 27/32
[36;22m[DEBUG] [39;1msnarkJS[0m: tauG1: fft 17 mix end: 15/32
[36;22m[DEBUG] [39;1msnarkJS[0m: tauG1: fft 17 mix end: 9/32
[36;22m[DEBUG] [39;1msnarkJS[0m: tauG1: fft 17 mix end: 30/32
[36;22m[DEBUG] [39;1msnarkJS[0m: tauG1: fft 17 mix end: 12/32
[36;22m[DEBUG] [39;1msnarkJS[0m: tauG1: fft 17 mix end: 7/32
[36;22m[DEBUG] [39;1msnarkJS[0m: tauG1: fft 17 mix end: 1/32
[36;22m[DEBUG] [39;1msnarkJS[0m: tauG1: fft 17 mix end: 29/32
[36;22m[DEBUG] [39;1msnarkJS[0m: tauG1: fft 17 mix end: 26/32
[36;22m[DEBUG] [39;1msnarkJS[0m: tauG1: fft 17 mix end: 24/32
[36;22m[DEBUG] [39;1msnarkJS[0m: tauG1: fft 17 mix end: 13/32
[36;22m[DEBUG] [39;1msnarkJS[0m: tauG1: fft 17 mix end: 25/32
[36;22m[DEBUG] [39;1msnarkJS[0m: tauG1: fft 17 mix end: 6/32
[36;22m[DEBUG] [39;1msnarkJS[0m: tauG1: fft 17 mix end: 4/32
[36;22m[DEBUG] [39;1msnarkJS[0m: tauG1: fft 17 mix end: 28/32
[36;22m[DEBUG] [39;1msnarkJS[0m: tauG1: fft 17 mix end: 14/32
[36;22m[DEBUG] [39;1msnarkJS[0m: tauG1: fft 17 mix end: 18/32
[36;22m[DEBUG] [39;1msnarkJS[0m: tauG1: fft 17 mix end: 31/32
[36;22m[DEBUG] [39;1msnarkJS[0m: tauG1: fft 17 mix end: 19/32
[36;22m[DEBUG] [39;1msnarkJS[0m: tauG1: fft 17 mix end: 8/32
[36;22m[DEBUG] [39;1msnarkJS[0m: tauG1: fft  17  join: 13/17
[36;22m[DEBUG] [39;1msnarkJS[0m: tauG1: fft 17 join  13/17  1/16 0/1
[36;22m[DEBUG] [39;1msnarkJS[0m: tauG1: fft 17 join  13/17  2/16 0/1
[36;22m[DEBUG] [39;1msnarkJS[0m: tauG1: fft 17 join  13/17  11/16 0/1
[36;22m[DEBUG] [39;1msnarkJS[0m: tauG1: fft 17 join  13/17  12/16 0/1
[36;22m[DEBUG] [39;1msnarkJS[0m: tauG1: fft 17 join  13/17  10/16 0/1
[36;22m[DEBUG] [39;1msnarkJS[0m: tauG1: fft 17 join  13/17  4/16 0/1
[36;22m[DEBUG] [39;1msnarkJS[0m: tauG1: fft 17 join  13/17  16/16 0/1
[36;22m[DEBUG] [39;1msnarkJS[0m: tauG1: fft 17 join  13/17  9/16 0/1
[36;22m[DEBUG] [39;1msnarkJS[0m: tauG1: fft 17 join  13/17  7/16 0/1
[36;22m[DEBUG] [39;1msnarkJS[0m: tauG1: fft 17 join  13/17  5/16 0/1
[36;22m[DEBUG] [39;1msnarkJS[0m: tauG1: fft 17 join  13/17  6/16 0/1
[36;22m[DEBUG] [39;1msnarkJS[0m: tauG1: fft 17 join  13/17  14/16 0/1
[36;22m[DEBUG] [39;1msnarkJS[0m: tauG1: fft 17 join  13/17  3/16 0/1
[36;22m[DEBUG] [39;1msnarkJS[0m: tauG1: fft 17 join  13/17  8/16 0/1
[36;22m[DEBUG] [39;1msnarkJS[0m: tauG1: fft 17 join  13/17  15/16 0/1
[36;22m[DEBUG] [39;1msnarkJS[0m: tauG1: fft 17 join  13/17  13/16 0/1
[36;22m[DEBUG] [39;1msnarkJS[0m: tauG1: fft  17  join: 14/17
[36;22m[DEBUG] [39;1msnarkJS[0m: tauG1: fft 17 join  14/17  1/8 0/2
[36;22m[DEBUG] [39;1msnarkJS[0m: tauG1: fft 17 join  14/17  1/8 1/2
[36;22m[DEBUG] [39;1msnarkJS[0m: tauG1: fft 17 join  14/17  5/8 0/2
[36;22m[DEBUG] [39;1msnarkJS[0m: tauG1: fft 17 join  14/17  6/8 0/2
[36;22m[DEBUG] [39;1msnarkJS[0m: tauG1: fft 17 join  14/17  6/8 1/2
[36;22m[DEBUG] [39;1msnarkJS[0m: tauG1: fft 17 join  14/17  5/8 1/2
[36;22m[DEBUG] [39;1msnarkJS[0m: tauG1: fft 17 join  14/17  2/8 0/2
[36;22m[DEBUG] [39;1msnarkJS[0m: tauG1: fft 17 join  14/17  2/8 1/2
[36;22m[DEBUG] [39;1msnarkJS[0m: tauG1: fft 17 join  14/17  4/8 0/2
[36;22m[DEBUG] [39;1msnarkJS[0m: tauG1: fft 17 join  14/17  8/8 1/2
[36;22m[DEBUG] [39;1msnarkJS[0m: tauG1: fft 17 join  14/17  3/8 1/2
[36;22m[DEBUG] [39;1msnarkJS[0m: tauG1: fft 17 join  14/17  3/8 0/2
[36;22m[DEBUG] [39;1msnarkJS[0m: tauG1: fft 17 join  14/17  7/8 0/2
[36;22m[DEBUG] [39;1msnarkJS[0m: tauG1: fft 17 join  14/17  8/8 0/2
[36;22m[DEBUG] [39;1msnarkJS[0m: tauG1: fft 17 join  14/17  4/8 1/2
[36;22m[DEBUG] [39;1msnarkJS[0m: tauG1: fft 17 join  14/17  7/8 1/2
[36;22m[DEBUG] [39;1msnarkJS[0m: tauG1: fft  17  join: 15/17
[36;22m[DEBUG] [39;1msnarkJS[0m: tauG1: fft 17 join  15/17  3/4 1/4
[36;22m[DEBUG] [39;1msnarkJS[0m: tauG1: fft 17 join  15/17  4/4 1/4
[36;22m[DEBUG] [39;1msnarkJS[0m: tauG1: fft 17 join  15/17  3/4 0/4
[36;22m[DEBUG] [39;1msnarkJS[0m: tauG1: fft 17 join  15/17  3/4 3/4
[36;22m[DEBUG] [39;1msnarkJS[0m: tauG1: fft 17 join  15/17  1/4 3/4
[36;22m[DEBUG] [39;1msnarkJS[0m: tauG1: fft 17 join  15/17  2/4 1/4
[36;22m[DEBUG] [39;1msnarkJS[0m: tauG1: fft 17 join  15/17  4/4 2/4
[36;22m[DEBUG] [39;1msnarkJS[0m: tauG1: fft 17 join  15/17  3/4 2/4
[36;22m[DEBUG] [39;1msnarkJS[0m: tauG1: fft 17 join  15/17  1/4 1/4
[36;22m[DEBUG] [39;1msnarkJS[0m: tauG1: fft 17 join  15/17  4/4 0/4
[36;22m[DEBUG] [39;1msnarkJS[0m: tauG1: fft 17 join  15/17  2/4 0/4
[36;22m[DEBUG] [39;1msnarkJS[0m: tauG1: fft 17 join  15/17  1/4 0/4
[36;22m[DEBUG] [39;1msnarkJS[0m: tauG1: fft 17 join  15/17  1/4 2/4
[36;22m[DEBUG] [39;1msnarkJS[0m: tauG1: fft 17 join  15/17  2/4 3/4
[36;22m[DEBUG] [39;1msnarkJS[0m: tauG1: fft 17 join  15/17  4/4 3/4
[36;22m[DEBUG] [39;1msnarkJS[0m: tauG1: fft 17 join  15/17  2/4 2/4
[36;22m[DEBUG] [39;1msnarkJS[0m: tauG1: fft  17  join: 16/17
[36;22m[DEBUG] [39;1msnarkJS[0m: tauG1: fft 17 join  16/17  1/2 0/8
[36;22m[DEBUG] [39;1msnarkJS[0m: tauG1: fft 17 join  16/17  1/2 1/8
[36;22m[DEBUG] [39;1msnarkJS[0m: tauG1: fft 17 join  16/17  2/2 2/8
[36;22m[DEBUG] [39;1msnarkJS[0m: tauG1: fft 17 join  16/17  1/2 6/8
[36;22m[DEBUG] [39;1msnarkJS[0m: tauG1: fft 17 join  16/17  2/2 0/8
[36;22m[DEBUG] [39;1msnarkJS[0m: tauG1: fft 17 join  16/17  2/2 3/8
[36;22m[DEBUG] [39;1msnarkJS[0m: tauG1: fft 17 join  16/17  2/2 5/8
[36;22m[DEBUG] [39;1msnarkJS[0m: tauG1: fft 17 join  16/17  2/2 7/8
[36;22m[DEBUG] [39;1msnarkJS[0m: tauG1: fft 17 join  16/17  1/2 3/8
[36;22m[DEBUG] [39;1msnarkJS[0m: tauG1: fft 17 join  16/17  2/2 1/8
[36;22m[DEBUG] [39;1msnarkJS[0m: tauG1: fft 17 join  16/17  1/2 2/8
[36;22m[DEBUG] [39;1msnarkJS[0m: tauG1: fft 17 join  16/17  1/2 5/8
[36;22m[DEBUG] [39;1msnarkJS[0m: tauG1: fft 17 join  16/17  1/2 4/8
[36;22m[DEBUG] [39;1msnarkJS[0m: tauG1: fft 17 join  16/17  2/2 6/8
[36;22m[DEBUG] [39;1msnarkJS[0m: tauG1: fft 17 join  16/17  2/2 4/8
[36;22m[DEBUG] [39;1msnarkJS[0m: tauG1: fft 17 join  16/17  1/2 7/8
[36;22m[DEBUG] [39;1msnarkJS[0m: tauG1: fft  17  join: 17/17
[36;22m[DEBUG] [39;1msnarkJS[0m: tauG1: fft 17 join  17/17  1/1 0/16
[36;22m[DEBUG] [39;1msnarkJS[0m: tauG1: fft 17 join  17/17  1/1 11/16
[36;22m[DEBUG] [39;1msnarkJS[0m: tauG1: fft 17 join  17/17  1/1 9/16
[36;22m[DEBUG] [39;1msnarkJS[0m: tauG1: fft 17 join  17/17  1/1 10/16
[36;22m[DEBUG] [39;1msnarkJS[0m: tauG1: fft 17 join  17/17  1/1 1/16
[36;22m[DEBUG] [39;1msnarkJS[0m: tauG1: fft 17 join  17/17  1/1 8/16
[36;22m[DEBUG] [39;1msnarkJS[0m: tauG1: fft 17 join  17/17  1/1 6/16
[36;22m[DEBUG] [39;1msnarkJS[0m: tauG1: fft 17 join  17/17  1/1 13/16
[36;22m[DEBUG] [39;1msnarkJS[0m: tauG1: fft 17 join  17/17  1/1 2/16
[36;22m[DEBUG] [39;1msnarkJS[0m: tauG1: fft 17 join  17/17  1/1 12/16
[36;22m[DEBUG] [39;1msnarkJS[0m: tauG1: fft 17 join  17/17  1/1 15/16
[36;22m[DEBUG] [39;1msnarkJS[0m: tauG1: fft 17 join  17/17  1/1 5/16
[36;22m[DEBUG] [39;1msnarkJS[0m: tauG1: fft 17 join  17/17  1/1 4/16
[36;22m[DEBUG] [39;1msnarkJS[0m: tauG1: fft 17 join  17/17  1/1 3/16
[36;22m[DEBUG] [39;1msnarkJS[0m: tauG1: fft 17 join  17/17  1/1 14/16
[36;22m[DEBUG] [39;1msnarkJS[0m: tauG1: fft 17 join  17/17  1/1 7/16
[36;22m[DEBUG] [39;1msnarkJS[0m: tauG1: fft 18 mix start: 0/32
[36;22m[DEBUG] [39;1msnarkJS[0m: tauG1: fft 18 mix start: 1/32
[36;22m[DEBUG] [39;1msnarkJS[0m: tauG1: fft 18 mix start: 2/32
[36;22m[DEBUG] [39;1msnarkJS[0m: tauG1: fft 18 mix start: 3/32
[36;22m[DEBUG] [39;1msnarkJS[0m: tauG1: fft 18 mix start: 4/32
[36;22m[DEBUG] [39;1msnarkJS[0m: tauG1: fft 18 mix start: 5/32
[36;22m[DEBUG] [39;1msnarkJS[0m: tauG1: fft 18 mix start: 6/32
[36;22m[DEBUG] [39;1msnarkJS[0m: tauG1: fft 18 mix start: 7/32
[36;22m[DEBUG] [39;1msnarkJS[0m: tauG1: fft 18 mix start: 8/32
[36;22m[DEBUG] [39;1msnarkJS[0m: tauG1: fft 18 mix start: 9/32
[36;22m[DEBUG] [39;1msnarkJS[0m: tauG1: fft 18 mix start: 10/32
[36;22m[DEBUG] [39;1msnarkJS[0m: tauG1: fft 18 mix start: 11/32
[36;22m[DEBUG] [39;1msnarkJS[0m: tauG1: fft 18 mix start: 12/32
[36;22m[DEBUG] [39;1msnarkJS[0m: tauG1: fft 18 mix start: 13/32
[36;22m[DEBUG] [39;1msnarkJS[0m: tauG1: fft 18 mix start: 14/32
[36;22m[DEBUG] [39;1msnarkJS[0m: tauG1: fft 18 mix start: 15/32
[36;22m[DEBUG] [39;1msnarkJS[0m: tauG1: fft 18 mix start: 16/32
[36;22m[DEBUG] [39;1msnarkJS[0m: tauG1: fft 18 mix start: 17/32
[36;22m[DEBUG] [39;1msnarkJS[0m: tauG1: fft 18 mix start: 18/32
[36;22m[DEBUG] [39;1msnarkJS[0m: tauG1: fft 18 mix start: 19/32
[36;22m[DEBUG] [39;1msnarkJS[0m: tauG1: fft 18 mix start: 20/32
[36;22m[DEBUG] [39;1msnarkJS[0m: tauG1: fft 18 mix start: 21/32
[36;22m[DEBUG] [39;1msnarkJS[0m: tauG1: fft 18 mix start: 22/32
[36;22m[DEBUG] [39;1msnarkJS[0m: tauG1: fft 18 mix start: 23/32
[36;22m[DEBUG] [39;1msnarkJS[0m: tauG1: fft 18 mix start: 24/32
[36;22m[DEBUG] [39;1msnarkJS[0m: tauG1: fft 18 mix start: 25/32
[36;22m[DEBUG] [39;1msnarkJS[0m: tauG1: fft 18 mix start: 26/32
[36;22m[DEBUG] [39;1msnarkJS[0m: tauG1: fft 18 mix start: 27/32
[36;22m[DEBUG] [39;1msnarkJS[0m: tauG1: fft 18 mix start: 28/32
[36;22m[DEBUG] [39;1msnarkJS[0m: tauG1: fft 18 mix start: 29/32
[36;22m[DEBUG] [39;1msnarkJS[0m: tauG1: fft 18 mix start: 30/32
[36;22m[DEBUG] [39;1msnarkJS[0m: tauG1: fft 18 mix start: 31/32
[36;22m[DEBUG] [39;1msnarkJS[0m: tauG1: fft 18 mix end: 23/32
[36;22m[DEBUG] [39;1msnarkJS[0m: tauG1: fft 18 mix end: 10/32
[36;22m[DEBUG] [39;1msnarkJS[0m: tauG1: fft 18 mix end: 9/32
[36;22m[DEBUG] [39;1msnarkJS[0m: tauG1: fft 18 mix end: 6/32
[36;22m[DEBUG] [39;1msnarkJS[0m: tauG1: fft 18 mix end: 16/32
[36;22m[DEBUG] [39;1msnarkJS[0m: tauG1: fft 18 mix end: 22/32
[36;22m[DEBUG] [39;1msnarkJS[0m: tauG1: fft 18 mix end: 2/32
[36;22m[DEBUG] [39;1msnarkJS[0m: tauG1: fft 18 mix end: 28/32
[36;22m[DEBUG] [39;1msnarkJS[0m: tauG1: fft 18 mix end: 5/32
[36;22m[DEBUG] [39;1msnarkJS[0m: tauG1: fft 18 mix end: 31/32
[36;22m[DEBUG] [39;1msnarkJS[0m: tauG1: fft 18 mix end: 3/32
[36;22m[DEBUG] [39;1msnarkJS[0m: tauG1: fft 18 mix end: 7/32
[36;22m[DEBUG] [39;1msnarkJS[0m: tauG1: fft 18 mix end: 0/32
[36;22m[DEBUG] [39;1msnarkJS[0m: tauG1: fft 18 mix end: 24/32
[36;22m[DEBUG] [39;1msnarkJS[0m: tauG1: fft 18 mix end: 13/32
[36;22m[DEBUG] [39;1msnarkJS[0m: tauG1: fft 18 mix end: 17/32
[36;22m[DEBUG] [39;1msnarkJS[0m: tauG1: fft 18 mix end: 26/32
[36;22m[DEBUG] [39;1msnarkJS[0m: tauG1: fft 18 mix end: 18/32
[36;22m[DEBUG] [39;1msnarkJS[0m: tauG1: fft 18 mix end: 11/32
[36;22m[DEBUG] [39;1msnarkJS[0m: tauG1: fft 18 mix end: 8/32
[36;22m[DEBUG] [39;1msnarkJS[0m: tauG1: fft 18 mix end: 30/32
[36;22m[DEBUG] [39;1msnarkJS[0m: tauG1: fft 18 mix end: 15/32
[36;22m[DEBUG] [39;1msnarkJS[0m: tauG1: fft 18 mix end: 21/32
[36;22m[DEBUG] [39;1msnarkJS[0m: tauG1: fft 18 mix end: 20/32
[36;22m[DEBUG] [39;1msnarkJS[0m: tauG1: fft 18 mix end: 1/32
[36;22m[DEBUG] [39;1msnarkJS[0m: tauG1: fft 18 mix end: 4/32
[36;22m[DEBUG] [39;1msnarkJS[0m: tauG1: fft 18 mix end: 25/32
[36;22m[DEBUG] [39;1msnarkJS[0m: tauG1: fft 18 mix end: 29/32
[36;22m[DEBUG] [39;1msnarkJS[0m: tauG1: fft 18 mix end: 27/32
[36;22m[DEBUG] [39;1msnarkJS[0m: tauG1: fft 18 mix end: 12/32
[36;22m[DEBUG] [39;1msnarkJS[0m: tauG1: fft 18 mix end: 19/32
[36;22m[DEBUG] [39;1msnarkJS[0m: tauG1: fft 18 mix end: 14/32
[36;22m[DEBUG] [39;1msnarkJS[0m: tauG1: fft  18  join: 14/18
[36;22m[DEBUG] [39;1msnarkJS[0m: tauG1: fft 18 join  14/18  2/16 0/1
[36;22m[DEBUG] [39;1msnarkJS[0m: tauG1: fft 18 join  14/18  1/16 0/1
[36;22m[DEBUG] [39;1msnarkJS[0m: tauG1: fft 18 join  14/18  3/16 0/1
[36;22m[DEBUG] [39;1msnarkJS[0m: tauG1: fft 18 join  14/18  7/16 0/1
[36;22m[DEBUG] [39;1msnarkJS[0m: tauG1: fft 18 join  14/18  12/16 0/1
[36;22m[DEBUG] [39;1msnarkJS[0m: tauG1: fft 18 join  14/18  9/16 0/1
[36;22m[DEBUG] [39;1msnarkJS[0m: tauG1: fft 18 join  14/18  14/16 0/1
[36;22m[DEBUG] [39;1msnarkJS[0m: tauG1: fft 18 join  14/18  5/16 0/1
[36;22m[DEBUG] [39;1msnarkJS[0m: tauG1: fft 18 join  14/18  13/16 0/1
[36;22m[DEBUG] [39;1msnarkJS[0m: tauG1: fft 18 join  14/18  16/16 0/1
[36;22m[DEBUG] [39;1msnarkJS[0m: tauG1: fft 18 join  14/18  10/16 0/1
[36;22m[DEBUG] [39;1msnarkJS[0m: tauG1: fft 18 join  14/18  11/16 0/1
[36;22m[DEBUG] [39;1msnarkJS[0m: tauG1: fft 18 join  14/18  4/16 0/1
[36;22m[DEBUG] [39;1msnarkJS[0m: tauG1: fft 18 join  14/18  15/16 0/1
[36;22m[DEBUG] [39;1msnarkJS[0m: tauG1: fft 18 join  14/18  6/16 0/1
[36;22m[DEBUG] [39;1msnarkJS[0m: tauG1: fft 18 join  14/18  8/16 0/1
[36;22m[DEBUG] [39;1msnarkJS[0m: tauG1: fft  18  join: 15/18
[36;22m[DEBUG] [39;1msnarkJS[0m: tauG1: fft 18 join  15/18  1/8 1/2
[36;22m[DEBUG] [39;1msnarkJS[0m: tauG1: fft 18 join  15/18  2/8 0/2
[36;22m[DEBUG] [39;1msnarkJS[0m: tauG1: fft 18 join  15/18  2/8 1/2
[36;22m[DEBUG] [39;1msnarkJS[0m: tauG1: fft 18 join  15/18  5/8 1/2
[36;22m[DEBUG] [39;1msnarkJS[0m: tauG1: fft 18 join  15/18  7/8 1/2
[36;22m[DEBUG] [39;1msnarkJS[0m: tauG1: fft 18 join  15/18  3/8 0/2
[36;22m[DEBUG] [39;1msnarkJS[0m: tauG1: fft 18 join  15/18  6/8 1/2
[36;22m[DEBUG] [39;1msnarkJS[0m: tauG1: fft 18 join  15/18  5/8 0/2
[36;22m[DEBUG] [39;1msnarkJS[0m: tauG1: fft 18 join  15/18  6/8 0/2
[36;22m[DEBUG] [39;1msnarkJS[0m: tauG1: fft 18 join  15/18  1/8 0/2
[36;22m[DEBUG] [39;1msnarkJS[0m: tauG1: fft 18 join  15/18  4/8 0/2
[36;22m[DEBUG] [39;1msnarkJS[0m: tauG1: fft 18 join  15/18  3/8 1/2
[36;22m[DEBUG] [39;1msnarkJS[0m: tauG1: fft 18 join  15/18  7/8 0/2
[36;22m[DEBUG] [39;1msnarkJS[0m: tauG1: fft 18 join  15/18  8/8 0/2
[36;22m[DEBUG] [39;1msnarkJS[0m: tauG1: fft 18 join  15/18  8/8 1/2
[36;22m[DEBUG] [39;1msnarkJS[0m: tauG1: fft 18 join  15/18  4/8 1/2
[36;22m[DEBUG] [39;1msnarkJS[0m: tauG1: fft  18  join: 16/18
[36;22m[DEBUG] [39;1msnarkJS[0m: tauG1: fft 18 join  16/18  1/4 0/4
[36;22m[DEBUG] [39;1msnarkJS[0m: tauG1: fft 18 join  16/18  1/4 1/4
[36;22m[DEBUG] [39;1msnarkJS[0m: tauG1: fft 18 join  16/18  1/4 3/4
[36;22m[DEBUG] [39;1msnarkJS[0m: tauG1: fft 18 join  16/18  2/4 0/4
[36;22m[DEBUG] [39;1msnarkJS[0m: tauG1: fft 18 join  16/18  3/4 1/4
[36;22m[DEBUG] [39;1msnarkJS[0m: tauG1: fft 18 join  16/18  3/4 2/4
[36;22m[DEBUG] [39;1msnarkJS[0m: tauG1: fft 18 join  16/18  1/4 2/4
[36;22m[DEBUG] [39;1msnarkJS[0m: tauG1: fft 18 join  16/18  2/4 2/4
[36;22m[DEBUG] [39;1msnarkJS[0m: tauG1: fft 18 join  16/18  3/4 0/4
[36;22m[DEBUG] [39;1msnarkJS[0m: tauG1: fft 18 join  16/18  4/4 1/4
[36;22m[DEBUG] [39;1msnarkJS[0m: tauG1: fft 18 join  16/18  2/4 1/4
[36;22m[DEBUG] [39;1msnarkJS[0m: tauG1: fft 18 join  16/18  3/4 3/4
[36;22m[DEBUG] [39;1msnarkJS[0m: tauG1: fft 18 join  16/18  4/4 0/4
[36;22m[DEBUG] [39;1msnarkJS[0m: tauG1: fft 18 join  16/18  4/4 2/4
[36;22m[DEBUG] [39;1msnarkJS[0m: tauG1: fft 18 join  16/18  4/4 3/4
[36;22m[DEBUG] [39;1msnarkJS[0m: tauG1: fft 18 join  16/18  2/4 3/4
[36;22m[DEBUG] [39;1msnarkJS[0m: tauG1: fft  18  join: 17/18
[36;22m[DEBUG] [39;1msnarkJS[0m: tauG1: fft 18 join  17/18  1/2 3/8
[36;22m[DEBUG] [39;1msnarkJS[0m: tauG1: fft 18 join  17/18  2/2 1/8
[36;22m[DEBUG] [39;1msnarkJS[0m: tauG1: fft 18 join  17/18  1/2 4/8
[36;22m[DEBUG] [39;1msnarkJS[0m: tauG1: fft 18 join  17/18  2/2 3/8
[36;22m[DEBUG] [39;1msnarkJS[0m: tauG1: fft 18 join  17/18  2/2 5/8
[36;22m[DEBUG] [39;1msnarkJS[0m: tauG1: fft 18 join  17/18  2/2 0/8
[36;22m[DEBUG] [39;1msnarkJS[0m: tauG1: fft 18 join  17/18  1/2 6/8
[36;22m[DEBUG] [39;1msnarkJS[0m: tauG1: fft 18 join  17/18  2/2 2/8
[36;22m[DEBUG] [39;1msnarkJS[0m: tauG1: fft 18 join  17/18  1/2 0/8
[36;22m[DEBUG] [39;1msnarkJS[0m: tauG1: fft 18 join  17/18  1/2 5/8
[36;22m[DEBUG] [39;1msnarkJS[0m: tauG1: fft 18 join  17/18  2/2 4/8
[36;22m[DEBUG] [39;1msnarkJS[0m: tauG1: fft 18 join  17/18  1/2 1/8
[36;22m[DEBUG] [39;1msnarkJS[0m: tauG1: fft 18 join  17/18  2/2 6/8
[36;22m[DEBUG] [39;1msnarkJS[0m: tauG1: fft 18 join  17/18  1/2 2/8
[36;22m[DEBUG] [39;1msnarkJS[0m: tauG1: fft 18 join  17/18  1/2 7/8
[36;22m[DEBUG] [39;1msnarkJS[0m: tauG1: fft 18 join  17/18  2/2 7/8
[36;22m[DEBUG] [39;1msnarkJS[0m: tauG1: fft  18  join: 18/18
[36;22m[DEBUG] [39;1msnarkJS[0m: tauG1: fft 18 join  18/18  1/1 1/16
[36;22m[DEBUG] [39;1msnarkJS[0m: tauG1: fft 18 join  18/18  1/1 11/16
[36;22m[DEBUG] [39;1msnarkJS[0m: tauG1: fft 18 join  18/18  1/1 4/16
[36;22m[DEBUG] [39;1msnarkJS[0m: tauG1: fft 18 join  18/18  1/1 6/16
[36;22m[DEBUG] [39;1msnarkJS[0m: tauG1: fft 18 join  18/18  1/1 5/16
[36;22m[DEBUG] [39;1msnarkJS[0m: tauG1: fft 18 join  18/18  1/1 0/16
[36;22m[DEBUG] [39;1msnarkJS[0m: tauG1: fft 18 join  18/18  1/1 3/16
[36;22m[DEBUG] [39;1msnarkJS[0m: tauG1: fft 18 join  18/18  1/1 13/16
[36;22m[DEBUG] [39;1msnarkJS[0m: tauG1: fft 18 join  18/18  1/1 10/16
[36;22m[DEBUG] [39;1msnarkJS[0m: tauG1: fft 18 join  18/18  1/1 12/16
[36;22m[DEBUG] [39;1msnarkJS[0m: tauG1: fft 18 join  18/18  1/1 9/16
[36;22m[DEBUG] [39;1msnarkJS[0m: tauG1: fft 18 join  18/18  1/1 15/16
[36;22m[DEBUG] [39;1msnarkJS[0m: tauG1: fft 18 join  18/18  1/1 2/16
[36;22m[DEBUG] [39;1msnarkJS[0m: tauG1: fft 18 join  18/18  1/1 8/16
[36;22m[DEBUG] [39;1msnarkJS[0m: tauG1: fft 18 join  18/18  1/1 14/16
[36;22m[DEBUG] [39;1msnarkJS[0m: tauG1: fft 18 join  18/18  1/1 7/16
[36;22m[DEBUG] [39;1msnarkJS[0m: tauG1: fft 19 mix start: 0/32
[36;22m[DEBUG] [39;1msnarkJS[0m: tauG1: fft 19 mix start: 1/32
[36;22m[DEBUG] [39;1msnarkJS[0m: tauG1: fft 19 mix start: 2/32
[36;22m[DEBUG] [39;1msnarkJS[0m: tauG1: fft 19 mix start: 3/32
[36;22m[DEBUG] [39;1msnarkJS[0m: tauG1: fft 19 mix start: 4/32
[36;22m[DEBUG] [39;1msnarkJS[0m: tauG1: fft 19 mix start: 5/32
[36;22m[DEBUG] [39;1msnarkJS[0m: tauG1: fft 19 mix start: 6/32
[36;22m[DEBUG] [39;1msnarkJS[0m: tauG1: fft 19 mix start: 7/32
[36;22m[DEBUG] [39;1msnarkJS[0m: tauG1: fft 19 mix start: 8/32
[36;22m[DEBUG] [39;1msnarkJS[0m: tauG1: fft 19 mix start: 9/32
[36;22m[DEBUG] [39;1msnarkJS[0m: tauG1: fft 19 mix start: 10/32
[36;22m[DEBUG] [39;1msnarkJS[0m: tauG1: fft 19 mix start: 11/32
[36;22m[DEBUG] [39;1msnarkJS[0m: tauG1: fft 19 mix start: 12/32
[36;22m[DEBUG] [39;1msnarkJS[0m: tauG1: fft 19 mix start: 13/32
[36;22m[DEBUG] [39;1msnarkJS[0m: tauG1: fft 19 mix start: 14/32
[36;22m[DEBUG] [39;1msnarkJS[0m: tauG1: fft 19 mix start: 15/32
[36;22m[DEBUG] [39;1msnarkJS[0m: tauG1: fft 19 mix start: 16/32
[36;22m[DEBUG] [39;1msnarkJS[0m: tauG1: fft 19 mix start: 17/32
[36;22m[DEBUG] [39;1msnarkJS[0m: tauG1: fft 19 mix start: 18/32
[36;22m[DEBUG] [39;1msnarkJS[0m: tauG1: fft 19 mix start: 19/32
[36;22m[DEBUG] [39;1msnarkJS[0m: tauG1: fft 19 mix start: 20/32
[36;22m[DEBUG] [39;1msnarkJS[0m: tauG1: fft 19 mix start: 21/32
[36;22m[DEBUG] [39;1msnarkJS[0m: tauG1: fft 19 mix start: 22/32
[36;22m[DEBUG] [39;1msnarkJS[0m: tauG1: fft 19 mix start: 23/32
[36;22m[DEBUG] [39;1msnarkJS[0m: tauG1: fft 19 mix start: 24/32
[36;22m[DEBUG] [39;1msnarkJS[0m: tauG1: fft 19 mix start: 25/32
[36;22m[DEBUG] [39;1msnarkJS[0m: tauG1: fft 19 mix start: 26/32
[36;22m[DEBUG] [39;1msnarkJS[0m: tauG1: fft 19 mix start: 27/32
[36;22m[DEBUG] [39;1msnarkJS[0m: tauG1: fft 19 mix start: 28/32
[36;22m[DEBUG] [39;1msnarkJS[0m: tauG1: fft 19 mix start: 29/32
[36;22m[DEBUG] [39;1msnarkJS[0m: tauG1: fft 19 mix start: 30/32
[36;22m[DEBUG] [39;1msnarkJS[0m: tauG1: fft 19 mix start: 31/32
[36;22m[DEBUG] [39;1msnarkJS[0m: tauG1: fft 19 mix end: 31/32
[36;22m[DEBUG] [39;1msnarkJS[0m: tauG1: fft 19 mix end: 2/32
[36;22m[DEBUG] [39;1msnarkJS[0m: tauG1: fft 19 mix end: 7/32
[36;22m[DEBUG] [39;1msnarkJS[0m: tauG1: fft 19 mix end: 10/32
[36;22m[DEBUG] [39;1msnarkJS[0m: tauG1: fft 19 mix end: 29/32
[36;22m[DEBUG] [39;1msnarkJS[0m: tauG1: fft 19 mix end: 16/32
[36;22m[DEBUG] [39;1msnarkJS[0m: tauG1: fft 19 mix end: 13/32
[36;22m[DEBUG] [39;1msnarkJS[0m: tauG1: fft 19 mix end: 20/32
[36;22m[DEBUG] [39;1msnarkJS[0m: tauG1: fft 19 mix end: 4/32
[36;22m[DEBUG] [39;1msnarkJS[0m: tauG1: fft 19 mix end: 8/32
[36;22m[DEBUG] [39;1msnarkJS[0m: tauG1: fft 19 mix end: 27/32
[36;22m[DEBUG] [39;1msnarkJS[0m: tauG1: fft 19 mix end: 23/32
[36;22m[DEBUG] [39;1msnarkJS[0m: tauG1: fft 19 mix end: 3/32
[36;22m[DEBUG] [39;1msnarkJS[0m: tauG1: fft 19 mix end: 28/32
[36;22m[DEBUG] [39;1msnarkJS[0m: tauG1: fft 19 mix end: 0/32
[36;22m[DEBUG] [39;1msnarkJS[0m: tauG1: fft 19 mix end: 11/32
[36;22m[DEBUG] [39;1msnarkJS[0m: tauG1: fft 19 mix end: 15/32
[36;22m[DEBUG] [39;1msnarkJS[0m: tauG1: fft 19 mix end: 26/32
[36;22m[DEBUG] [39;1msnarkJS[0m: tauG1: fft 19 mix end: 12/32
[36;22m[DEBUG] [39;1msnarkJS[0m: tauG1: fft 19 mix end: 6/32
[36;22m[DEBUG] [39;1msnarkJS[0m: tauG1: fft 19 mix end: 9/32
[36;22m[DEBUG] [39;1msnarkJS[0m: tauG1: fft 19 mix end: 19/32
[36;22m[DEBUG] [39;1msnarkJS[0m: tauG1: fft 19 mix end: 5/32
[36;22m[DEBUG] [39;1msnarkJS[0m: tauG1: fft 19 mix end: 21/32
[36;22m[DEBUG] [39;1msnarkJS[0m: tauG1: fft 19 mix end: 22/32
[36;22m[DEBUG] [39;1msnarkJS[0m: tauG1: fft 19 mix end: 14/32
[36;22m[DEBUG] [39;1msnarkJS[0m: tauG1: fft 19 mix end: 17/32
[36;22m[DEBUG] [39;1msnarkJS[0m: tauG1: fft 19 mix end: 25/32
[36;22m[DEBUG] [39;1msnarkJS[0m: tauG1: fft 19 mix end: 30/32
[36;22m[DEBUG] [39;1msnarkJS[0m: tauG1: fft 19 mix end: 1/32
[36;22m[DEBUG] [39;1msnarkJS[0m: tauG1: fft 19 mix end: 18/32
[36;22m[DEBUG] [39;1msnarkJS[0m: tauG1: fft 19 mix end: 24/32
[36;22m[DEBUG] [39;1msnarkJS[0m: tauG1: fft  19  join: 15/19
[36;22m[DEBUG] [39;1msnarkJS[0m: tauG1: fft 19 join  15/19  4/16 0/1
[36;22m[DEBUG] [39;1msnarkJS[0m: tauG1: fft 19 join  15/19  1/16 0/1
[36;22m[DEBUG] [39;1msnarkJS[0m: tauG1: fft 19 join  15/19  7/16 0/1
[36;22m[DEBUG] [39;1msnarkJS[0m: tauG1: fft 19 join  15/19  11/16 0/1
[36;22m[DEBUG] [39;1msnarkJS[0m: tauG1: fft 19 join  15/19  12/16 0/1
[36;22m[DEBUG] [39;1msnarkJS[0m: tauG1: fft 19 join  15/19  14/16 0/1
[36;22m[DEBUG] [39;1msnarkJS[0m: tauG1: fft 19 join  15/19  16/16 0/1
[36;22m[DEBUG] [39;1msnarkJS[0m: tauG1: fft 19 join  15/19  3/16 0/1
[36;22m[DEBUG] [39;1msnarkJS[0m: tauG1: fft 19 join  15/19  10/16 0/1
[36;22m[DEBUG] [39;1msnarkJS[0m: tauG1: fft 19 join  15/19  9/16 0/1
[36;22m[DEBUG] [39;1msnarkJS[0m: tauG1: fft 19 join  15/19  2/16 0/1
[36;22m[DEBUG] [39;1msnarkJS[0m: tauG1: fft 19 join  15/19  6/16 0/1
[36;22m[DEBUG] [39;1msnarkJS[0m: tauG1: fft 19 join  15/19  5/16 0/1
[36;22m[DEBUG] [39;1msnarkJS[0m: tauG1: fft 19 join  15/19  15/16 0/1
[36;22m[DEBUG] [39;1msnarkJS[0m: tauG1: fft 19 join  15/19  8/16 0/1
[36;22m[DEBUG] [39;1msnarkJS[0m: tauG1: fft 19 join  15/19  13/16 0/1
[36;22m[DEBUG] [39;1msnarkJS[0m: tauG1: fft  19  join: 16/19
[36;22m[DEBUG] [39;1msnarkJS[0m: tauG1: fft 19 join  16/19  1/8 1/2
[36;22m[DEBUG] [39;1msnarkJS[0m: tauG1: fft 19 join  16/19  2/8 1/2
[36;22m[DEBUG] [39;1msnarkJS[0m: tauG1: fft 19 join  16/19  4/8 0/2
[36;22m[DEBUG] [39;1msnarkJS[0m: tauG1: fft 19 join  16/19  6/8 0/2
[36;22m[DEBUG] [39;1msnarkJS[0m: tauG1: fft 19 join  16/19  6/8 1/2
[36;22m[DEBUG] [39;1msnarkJS[0m: tauG1: fft 19 join  16/19  1/8 0/2
[36;22m[DEBUG] [39;1msnarkJS[0m: tauG1: fft 19 join  16/19  5/8 1/2
[36;22m[DEBUG] [39;1msnarkJS[0m: tauG1: fft 19 join  16/19  7/8 1/2
[36;22m[DEBUG] [39;1msnarkJS[0m: tauG1: fft 19 join  16/19  5/8 0/2
[36;22m[DEBUG] [39;1msnarkJS[0m: tauG1: fft 19 join  16/19  2/8 0/2
[36;22m[DEBUG] [39;1msnarkJS[0m: tauG1: fft 19 join  16/19  8/8 1/2
[36;22m[DEBUG] [39;1msnarkJS[0m: tauG1: fft 19 join  16/19  3/8 1/2
[36;22m[DEBUG] [39;1msnarkJS[0m: tauG1: fft 19 join  16/19  3/8 0/2
[36;22m[DEBUG] [39;1msnarkJS[0m: tauG1: fft 19 join  16/19  4/8 1/2
[36;22m[DEBUG] [39;1msnarkJS[0m: tauG1: fft 19 join  16/19  7/8 0/2
[36;22m[DEBUG] [39;1msnarkJS[0m: tauG1: fft 19 join  16/19  8/8 0/2
[36;22m[DEBUG] [39;1msnarkJS[0m: tauG1: fft  19  join: 17/19
[36;22m[DEBUG] [39;1msnarkJS[0m: tauG1: fft 19 join  17/19  2/4 2/4
[36;22m[DEBUG] [39;1msnarkJS[0m: tauG1: fft 19 join  17/19  1/4 3/4
[36;22m[DEBUG] [39;1msnarkJS[0m: tauG1: fft 19 join  17/19  1/4 1/4
[36;22m[DEBUG] [39;1msnarkJS[0m: tauG1: fft 19 join  17/19  1/4 0/4
[36;22m[DEBUG] [39;1msnarkJS[0m: tauG1: fft 19 join  17/19  3/4 0/4
[36;22m[DEBUG] [39;1msnarkJS[0m: tauG1: fft 19 join  17/19  3/4 3/4
[36;22m[DEBUG] [39;1msnarkJS[0m: tauG1: fft 19 join  17/19  4/4 1/4
[36;22m[DEBUG] [39;1msnarkJS[0m: tauG1: fft 19 join  17/19  3/4 1/4
[36;22m[DEBUG] [39;1msnarkJS[0m: tauG1: fft 19 join  17/19  3/4 2/4
[36;22m[DEBUG] [39;1msnarkJS[0m: tauG1: fft 19 join  17/19  1/4 2/4
[36;22m[DEBUG] [39;1msnarkJS[0m: tauG1: fft 19 join  17/19  2/4 0/4
[36;22m[DEBUG] [39;1msnarkJS[0m: tauG1: fft 19 join  17/19  2/4 1/4
[36;22m[DEBUG] [39;1msnarkJS[0m: tauG1: fft 19 join  17/19  4/4 3/4
[36;22m[DEBUG] [39;1msnarkJS[0m: tauG1: fft 19 join  17/19  2/4 3/4
[36;22m[DEBUG] [39;1msnarkJS[0m: tauG1: fft 19 join  17/19  4/4 2/4
[36;22m[DEBUG] [39;1msnarkJS[0m: tauG1: fft 19 join  17/19  4/4 0/4
[36;22m[DEBUG] [39;1msnarkJS[0m: tauG1: fft  19  join: 18/19
[36;22m[DEBUG] [39;1msnarkJS[0m: tauG1: fft 19 join  18/19  1/2 3/8
[36;22m[DEBUG] [39;1msnarkJS[0m: tauG1: fft 19 join  18/19  1/2 1/8
[36;22m[DEBUG] [39;1msnarkJS[0m: tauG1: fft 19 join  18/19  1/2 6/8
[36;22m[DEBUG] [39;1msnarkJS[0m: tauG1: fft 19 join  18/19  2/2 2/8
[36;22m[DEBUG] [39;1msnarkJS[0m: tauG1: fft 19 join  18/19  2/2 3/8
[36;22m[DEBUG] [39;1msnarkJS[0m: tauG1: fft 19 join  18/19  1/2 0/8
[36;22m[DEBUG] [39;1msnarkJS[0m: tauG1: fft 19 join  18/19  2/2 1/8
[36;22m[DEBUG] [39;1msnarkJS[0m: tauG1: fft 19 join  18/19  2/2 5/8
[36;22m[DEBUG] [39;1msnarkJS[0m: tauG1: fft 19 join  18/19  2/2 0/8
[36;22m[DEBUG] [39;1msnarkJS[0m: tauG1: fft 19 join  18/19  1/2 2/8
[36;22m[DEBUG] [39;1msnarkJS[0m: tauG1: fft 19 join  18/19  1/2 5/8
[36;22m[DEBUG] [39;1msnarkJS[0m: tauG1: fft 19 join  18/19  1/2 4/8
[36;22m[DEBUG] [39;1msnarkJS[0m: tauG1: fft 19 join  18/19  2/2 4/8
[36;22m[DEBUG] [39;1msnarkJS[0m: tauG1: fft 19 join  18/19  1/2 7/8
[36;22m[DEBUG] [39;1msnarkJS[0m: tauG1: fft 19 join  18/19  2/2 7/8
[36;22m[DEBUG] [39;1msnarkJS[0m: tauG1: fft 19 join  18/19  2/2 6/8
[36;22m[DEBUG] [39;1msnarkJS[0m: tauG1: fft  19  join: 19/19
[36;22m[DEBUG] [39;1msnarkJS[0m: tauG1: fft 19 join  19/19  1/1 6/16
[36;22m[DEBUG] [39;1msnarkJS[0m: tauG1: fft 19 join  19/19  1/1 1/16
[36;22m[DEBUG] [39;1msnarkJS[0m: tauG1: fft 19 join  19/19  1/1 11/16
[36;22m[DEBUG] [39;1msnarkJS[0m: tauG1: fft 19 join  19/19  1/1 9/16
[36;22m[DEBUG] [39;1msnarkJS[0m: tauG1: fft 19 join  19/19  1/1 10/16
[36;22m[DEBUG] [39;1msnarkJS[0m: tauG1: fft 19 join  19/19  1/1 8/16
[36;22m[DEBUG] [39;1msnarkJS[0m: tauG1: fft 19 join  19/19  1/1 5/16
[36;22m[DEBUG] [39;1msnarkJS[0m: tauG1: fft 19 join  19/19  1/1 2/16
[36;22m[DEBUG] [39;1msnarkJS[0m: tauG1: fft 19 join  19/19  1/1 3/16
[36;22m[DEBUG] [39;1msnarkJS[0m: tauG1: fft 19 join  19/19  1/1 0/16
[36;22m[DEBUG] [39;1msnarkJS[0m: tauG1: fft 19 join  19/19  1/1 13/16
[36;22m[DEBUG] [39;1msnarkJS[0m: tauG1: fft 19 join  19/19  1/1 4/16
[36;22m[DEBUG] [39;1msnarkJS[0m: tauG1: fft 19 join  19/19  1/1 12/16
[36;22m[DEBUG] [39;1msnarkJS[0m: tauG1: fft 19 join  19/19  1/1 15/16
[36;22m[DEBUG] [39;1msnarkJS[0m: tauG1: fft 19 join  19/19  1/1 7/16
[36;22m[DEBUG] [39;1msnarkJS[0m: tauG1: fft 19 join  19/19  1/1 14/16
[36;22m[DEBUG] [39;1msnarkJS[0m: tauG1: fft 20 mix start: 0/64
[36;22m[DEBUG] [39;1msnarkJS[0m: tauG1: fft 20 mix start: 1/64
[36;22m[DEBUG] [39;1msnarkJS[0m: tauG1: fft 20 mix start: 2/64
[36;22m[DEBUG] [39;1msnarkJS[0m: tauG1: fft 20 mix start: 3/64
[36;22m[DEBUG] [39;1msnarkJS[0m: tauG1: fft 20 mix start: 4/64
[36;22m[DEBUG] [39;1msnarkJS[0m: tauG1: fft 20 mix start: 5/64
[36;22m[DEBUG] [39;1msnarkJS[0m: tauG1: fft 20 mix start: 6/64
[36;22m[DEBUG] [39;1msnarkJS[0m: tauG1: fft 20 mix start: 7/64
[36;22m[DEBUG] [39;1msnarkJS[0m: tauG1: fft 20 mix start: 8/64
[36;22m[DEBUG] [39;1msnarkJS[0m: tauG1: fft 20 mix start: 9/64
[36;22m[DEBUG] [39;1msnarkJS[0m: tauG1: fft 20 mix start: 10/64
[36;22m[DEBUG] [39;1msnarkJS[0m: tauG1: fft 20 mix start: 11/64
[36;22m[DEBUG] [39;1msnarkJS[0m: tauG1: fft 20 mix start: 12/64
[36;22m[DEBUG] [39;1msnarkJS[0m: tauG1: fft 20 mix start: 13/64
[36;22m[DEBUG] [39;1msnarkJS[0m: tauG1: fft 20 mix start: 14/64
[36;22m[DEBUG] [39;1msnarkJS[0m: tauG1: fft 20 mix start: 15/64
[36;22m[DEBUG] [39;1msnarkJS[0m: tauG1: fft 20 mix start: 16/64
[36;22m[DEBUG] [39;1msnarkJS[0m: tauG1: fft 20 mix start: 17/64
[36;22m[DEBUG] [39;1msnarkJS[0m: tauG1: fft 20 mix start: 18/64
[36;22m[DEBUG] [39;1msnarkJS[0m: tauG1: fft 20 mix start: 19/64
[36;22m[DEBUG] [39;1msnarkJS[0m: tauG1: fft 20 mix start: 20/64
[36;22m[DEBUG] [39;1msnarkJS[0m: tauG1: fft 20 mix start: 21/64
[36;22m[DEBUG] [39;1msnarkJS[0m: tauG1: fft 20 mix start: 22/64
[36;22m[DEBUG] [39;1msnarkJS[0m: tauG1: fft 20 mix start: 23/64
[36;22m[DEBUG] [39;1msnarkJS[0m: tauG1: fft 20 mix start: 24/64
[36;22m[DEBUG] [39;1msnarkJS[0m: tauG1: fft 20 mix start: 25/64
[36;22m[DEBUG] [39;1msnarkJS[0m: tauG1: fft 20 mix start: 26/64
[36;22m[DEBUG] [39;1msnarkJS[0m: tauG1: fft 20 mix start: 27/64
[36;22m[DEBUG] [39;1msnarkJS[0m: tauG1: fft 20 mix start: 28/64
[36;22m[DEBUG] [39;1msnarkJS[0m: tauG1: fft 20 mix start: 29/64
[36;22m[DEBUG] [39;1msnarkJS[0m: tauG1: fft 20 mix start: 30/64
[36;22m[DEBUG] [39;1msnarkJS[0m: tauG1: fft 20 mix start: 31/64
[36;22m[DEBUG] [39;1msnarkJS[0m: tauG1: fft 20 mix start: 32/64
[36;22m[DEBUG] [39;1msnarkJS[0m: tauG1: fft 20 mix start: 33/64
[36;22m[DEBUG] [39;1msnarkJS[0m: tauG1: fft 20 mix start: 34/64
[36;22m[DEBUG] [39;1msnarkJS[0m: tauG1: fft 20 mix start: 35/64
[36;22m[DEBUG] [39;1msnarkJS[0m: tauG1: fft 20 mix start: 36/64
[36;22m[DEBUG] [39;1msnarkJS[0m: tauG1: fft 20 mix start: 37/64
[36;22m[DEBUG] [39;1msnarkJS[0m: tauG1: fft 20 mix start: 38/64
[36;22m[DEBUG] [39;1msnarkJS[0m: tauG1: fft 20 mix start: 39/64
[36;22m[DEBUG] [39;1msnarkJS[0m: tauG1: fft 20 mix start: 40/64
[36;22m[DEBUG] [39;1msnarkJS[0m: tauG1: fft 20 mix start: 41/64
[36;22m[DEBUG] [39;1msnarkJS[0m: tauG1: fft 20 mix start: 42/64
[36;22m[DEBUG] [39;1msnarkJS[0m: tauG1: fft 20 mix start: 43/64
[36;22m[DEBUG] [39;1msnarkJS[0m: tauG1: fft 20 mix start: 44/64
[36;22m[DEBUG] [39;1msnarkJS[0m: tauG1: fft 20 mix start: 45/64
[36;22m[DEBUG] [39;1msnarkJS[0m: tauG1: fft 20 mix start: 46/64
[36;22m[DEBUG] [39;1msnarkJS[0m: tauG1: fft 20 mix start: 47/64
[36;22m[DEBUG] [39;1msnarkJS[0m: tauG1: fft 20 mix start: 48/64
[36;22m[DEBUG] [39;1msnarkJS[0m: tauG1: fft 20 mix start: 49/64
[36;22m[DEBUG] [39;1msnarkJS[0m: tauG1: fft 20 mix start: 50/64
[36;22m[DEBUG] [39;1msnarkJS[0m: tauG1: fft 20 mix start: 51/64
[36;22m[DEBUG] [39;1msnarkJS[0m: tauG1: fft 20 mix start: 52/64
[36;22m[DEBUG] [39;1msnarkJS[0m: tauG1: fft 20 mix start: 53/64
[36;22m[DEBUG] [39;1msnarkJS[0m: tauG1: fft 20 mix start: 54/64
[36;22m[DEBUG] [39;1msnarkJS[0m: tauG1: fft 20 mix start: 55/64
[36;22m[DEBUG] [39;1msnarkJS[0m: tauG1: fft 20 mix start: 56/64
[36;22m[DEBUG] [39;1msnarkJS[0m: tauG1: fft 20 mix start: 57/64
[36;22m[DEBUG] [39;1msnarkJS[0m: tauG1: fft 20 mix start: 58/64
[36;22m[DEBUG] [39;1msnarkJS[0m: tauG1: fft 20 mix start: 59/64
[36;22m[DEBUG] [39;1msnarkJS[0m: tauG1: fft 20 mix start: 60/64
[36;22m[DEBUG] [39;1msnarkJS[0m: tauG1: fft 20 mix start: 61/64
[36;22m[DEBUG] [39;1msnarkJS[0m: tauG1: fft 20 mix start: 62/64
[36;22m[DEBUG] [39;1msnarkJS[0m: tauG1: fft 20 mix start: 63/64
[36;22m[DEBUG] [39;1msnarkJS[0m: tauG1: fft 20 mix end: 15/64
[36;22m[DEBUG] [39;1msnarkJS[0m: tauG1: fft 20 mix end: 29/64
[36;22m[DEBUG] [39;1msnarkJS[0m: tauG1: fft 20 mix end: 1/64
[36;22m[DEBUG] [39;1msnarkJS[0m: tauG1: fft 20 mix end: 18/64
[36;22m[DEBUG] [39;1msnarkJS[0m: tauG1: fft 20 mix end: 12/64
[36;22m[DEBUG] [39;1msnarkJS[0m: tauG1: fft 20 mix end: 5/64
[36;22m[DEBUG] [39;1msnarkJS[0m: tauG1: fft 20 mix end: 2/64
[36;22m[DEBUG] [39;1msnarkJS[0m: tauG1: fft 20 mix end: 24/64
[36;22m[DEBUG] [39;1msnarkJS[0m: tauG1: fft 20 mix end: 20/64
[36;22m[DEBUG] [39;1msnarkJS[0m: tauG1: fft 20 mix end: 17/64
[36;22m[DEBUG] [39;1msnarkJS[0m: tauG1: fft 20 mix end: 11/64
[36;22m[DEBUG] [39;1msnarkJS[0m: tauG1: fft 20 mix end: 10/64
[36;22m[DEBUG] [39;1msnarkJS[0m: tauG1: fft 20 mix end: 7/64
[36;22m[DEBUG] [39;1msnarkJS[0m: tauG1: fft 20 mix end: 16/64
[36;22m[DEBUG] [39;1msnarkJS[0m: tauG1: fft 20 mix end: 0/64
[36;22m[DEBUG] [39;1msnarkJS[0m: tauG1: fft 20 mix end: 23/64
[36;22m[DEBUG] [39;1msnarkJS[0m: tauG1: fft 20 mix end: 31/64
[36;22m[DEBUG] [39;1msnarkJS[0m: tauG1: fft 20 mix end: 3/64
[36;22m[DEBUG] [39;1msnarkJS[0m: tauG1: fft 20 mix end: 30/64
[36;22m[DEBUG] [39;1msnarkJS[0m: tauG1: fft 20 mix end: 19/64
[36;22m[DEBUG] [39;1msnarkJS[0m: tauG1: fft 20 mix end: 21/64
[36;22m[DEBUG] [39;1msnarkJS[0m: tauG1: fft 20 mix end: 22/64
[36;22m[DEBUG] [39;1msnarkJS[0m: tauG1: fft 20 mix end: 8/64
[36;22m[DEBUG] [39;1msnarkJS[0m: tauG1: fft 20 mix end: 14/64
[36;22m[DEBUG] [39;1msnarkJS[0m: tauG1: fft 20 mix end: 26/64
[36;22m[DEBUG] [39;1msnarkJS[0m: tauG1: fft 20 mix end: 13/64
[36;22m[DEBUG] [39;1msnarkJS[0m: tauG1: fft 20 mix end: 6/64
[36;22m[DEBUG] [39;1msnarkJS[0m: tauG1: fft 20 mix end: 28/64
[36;22m[DEBUG] [39;1msnarkJS[0m: tauG1: fft 20 mix end: 25/64
[36;22m[DEBUG] [39;1msnarkJS[0m: tauG1: fft 20 mix end: 27/64
[36;22m[DEBUG] [39;1msnarkJS[0m: tauG1: fft 20 mix end: 9/64
[36;22m[DEBUG] [39;1msnarkJS[0m: tauG1: fft 20 mix end: 4/64
[36;22m[DEBUG] [39;1msnarkJS[0m: tauG1: fft 20 mix end: 32/64
[36;22m[DEBUG] [39;1msnarkJS[0m: tauG1: fft 20 mix end: 34/64
[36;22m[DEBUG] [39;1msnarkJS[0m: tauG1: fft 20 mix end: 33/64
[36;22m[DEBUG] [39;1msnarkJS[0m: tauG1: fft 20 mix end: 35/64
[36;22m[DEBUG] [39;1msnarkJS[0m: tauG1: fft 20 mix end: 36/64
[36;22m[DEBUG] [39;1msnarkJS[0m: tauG1: fft 20 mix end: 39/64
[36;22m[DEBUG] [39;1msnarkJS[0m: tauG1: fft 20 mix end: 38/64
[36;22m[DEBUG] [39;1msnarkJS[0m: tauG1: fft 20 mix end: 42/64
[36;22m[DEBUG] [39;1msnarkJS[0m: tauG1: fft 20 mix end: 37/64
[36;22m[DEBUG] [39;1msnarkJS[0m: tauG1: fft 20 mix end: 47/64
[36;22m[DEBUG] [39;1msnarkJS[0m: tauG1: fft 20 mix end: 40/64
[36;22m[DEBUG] [39;1msnarkJS[0m: tauG1: fft 20 mix end: 46/64
[36;22m[DEBUG] [39;1msnarkJS[0m: tauG1: fft 20 mix end: 48/64
[36;22m[DEBUG] [39;1msnarkJS[0m: tauG1: fft 20 mix end: 45/64
[36;22m[DEBUG] [39;1msnarkJS[0m: tauG1: fft 20 mix end: 44/64
[36;22m[DEBUG] [39;1msnarkJS[0m: tauG1: fft 20 mix end: 49/64
[36;22m[DEBUG] [39;1msnarkJS[0m: tauG1: fft 20 mix end: 51/64
[36;22m[DEBUG] [39;1msnarkJS[0m: tauG1: fft 20 mix end: 43/64
[36;22m[DEBUG] [39;1msnarkJS[0m: tauG1: fft 20 mix end: 41/64
[36;22m[DEBUG] [39;1msnarkJS[0m: tauG1: fft 20 mix end: 56/64
[36;22m[DEBUG] [39;1msnarkJS[0m: tauG1: fft 20 mix end: 58/64
[36;22m[DEBUG] [39;1msnarkJS[0m: tauG1: fft 20 mix end: 54/64
[36;22m[DEBUG] [39;1msnarkJS[0m: tauG1: fft 20 mix end: 60/64
[36;22m[DEBUG] [39;1msnarkJS[0m: tauG1: fft 20 mix end: 52/64
[36;22m[DEBUG] [39;1msnarkJS[0m: tauG1: fft 20 mix end: 50/64
[36;22m[DEBUG] [39;1msnarkJS[0m: tauG1: fft 20 mix end: 63/64
[36;22m[DEBUG] [39;1msnarkJS[0m: tauG1: fft 20 mix end: 55/64
[36;22m[DEBUG] [39;1msnarkJS[0m: tauG1: fft 20 mix end: 53/64
[36;22m[DEBUG] [39;1msnarkJS[0m: tauG1: fft 20 mix end: 57/64
[36;22m[DEBUG] [39;1msnarkJS[0m: tauG1: fft 20 mix end: 61/64
[36;22m[DEBUG] [39;1msnarkJS[0m: tauG1: fft 20 mix end: 62/64
[36;22m[DEBUG] [39;1msnarkJS[0m: tauG1: fft 20 mix end: 59/64
[36;22m[DEBUG] [39;1msnarkJS[0m: tauG1: fft  20  join: 15/20
[36;22m[DEBUG] [39;1msnarkJS[0m: tauG1: fft 20 join  15/20  1/32 0/1
[36;22m[DEBUG] [39;1msnarkJS[0m: tauG1: fft 20 join  15/20  6/32 0/1
[36;22m[DEBUG] [39;1msnarkJS[0m: tauG1: fft 20 join  15/20  22/32 0/1
[36;22m[DEBUG] [39;1msnarkJS[0m: tauG1: fft 20 join  15/20  4/32 0/1
[36;22m[DEBUG] [39;1msnarkJS[0m: tauG1: fft 20 join  15/20  29/32 0/1
[36;22m[DEBUG] [39;1msnarkJS[0m: tauG1: fft 20 join  15/20  8/32 0/1
[36;22m[DEBUG] [39;1msnarkJS[0m: tauG1: fft 20 join  15/20  19/32 0/1
[36;22m[DEBUG] [39;1msnarkJS[0m: tauG1: fft 20 join  15/20  3/32 0/1
[36;22m[DEBUG] [39;1msnarkJS[0m: tauG1: fft 20 join  15/20  31/32 0/1
[36;22m[DEBUG] [39;1msnarkJS[0m: tauG1: fft 20 join  15/20  13/32 0/1
[36;22m[DEBUG] [39;1msnarkJS[0m: tauG1: fft 20 join  15/20  21/32 0/1
[36;22m[DEBUG] [39;1msnarkJS[0m: tauG1: fft 20 join  15/20  30/32 0/1
[36;22m[DEBUG] [39;1msnarkJS[0m: tauG1: fft 20 join  15/20  20/32 0/1
[36;22m[DEBUG] [39;1msnarkJS[0m: tauG1: fft 20 join  15/20  18/32 0/1
[36;22m[DEBUG] [39;1msnarkJS[0m: tauG1: fft 20 join  15/20  32/32 0/1
[36;22m[DEBUG] [39;1msnarkJS[0m: tauG1: fft 20 join  15/20  5/32 0/1
[36;22m[DEBUG] [39;1msnarkJS[0m: tauG1: fft 20 join  15/20  11/32 0/1
[36;22m[DEBUG] [39;1msnarkJS[0m: tauG1: fft 20 join  15/20  12/32 0/1
[36;22m[DEBUG] [39;1msnarkJS[0m: tauG1: fft 20 join  15/20  9/32 0/1
[36;22m[DEBUG] [39;1msnarkJS[0m: tauG1: fft 20 join  15/20  27/32 0/1
[36;22m[DEBUG] [39;1msnarkJS[0m: tauG1: fft 20 join  15/20  7/32 0/1
[36;22m[DEBUG] [39;1msnarkJS[0m: tauG1: fft 20 join  15/20  17/32 0/1
[36;22m[DEBUG] [39;1msnarkJS[0m: tauG1: fft 20 join  15/20  2/32 0/1
[36;22m[DEBUG] [39;1msnarkJS[0m: tauG1: fft 20 join  15/20  15/32 0/1
[36;22m[DEBUG] [39;1msnarkJS[0m: tauG1: fft 20 join  15/20  16/32 0/1
[36;22m[DEBUG] [39;1msnarkJS[0m: tauG1: fft 20 join  15/20  23/32 0/1
[36;22m[DEBUG] [39;1msnarkJS[0m: tauG1: fft 20 join  15/20  26/32 0/1
[36;22m[DEBUG] [39;1msnarkJS[0m: tauG1: fft 20 join  15/20  14/32 0/1
[36;22m[DEBUG] [39;1msnarkJS[0m: tauG1: fft 20 join  15/20  24/32 0/1
[36;22m[DEBUG] [39;1msnarkJS[0m: tauG1: fft 20 join  15/20  10/32 0/1
[36;22m[DEBUG] [39;1msnarkJS[0m: tauG1: fft 20 join  15/20  25/32 0/1
[36;22m[DEBUG] [39;1msnarkJS[0m: tauG1: fft 20 join  15/20  28/32 0/1
[36;22m[DEBUG] [39;1msnarkJS[0m: tauG1: fft  20  join: 16/20
[36;22m[DEBUG] [39;1msnarkJS[0m: tauG1: fft 20 join  16/20  9/16 0/2
[36;22m[DEBUG] [39;1msnarkJS[0m: tauG1: fft 20 join  16/20  16/16 0/2
[36;22m[DEBUG] [39;1msnarkJS[0m: tauG1: fft 20 join  16/20  4/16 0/2
[36;22m[DEBUG] [39;1msnarkJS[0m: tauG1: fft 20 join  16/20  1/16 1/2
[36;22m[DEBUG] [39;1msnarkJS[0m: tauG1: fft 20 join  16/20  11/16 1/2
[36;22m[DEBUG] [39;1msnarkJS[0m: tauG1: fft 20 join  16/20  14/16 0/2
[36;22m[DEBUG] [39;1msnarkJS[0m: tauG1: fft 20 join  16/20  7/16 0/2
[36;22m[DEBUG] [39;1msnarkJS[0m: tauG1: fft 20 join  16/20  1/16 0/2
[36;22m[DEBUG] [39;1msnarkJS[0m: tauG1: fft 20 join  16/20  12/16 0/2
[36;22m[DEBUG] [39;1msnarkJS[0m: tauG1: fft 20 join  16/20  5/16 0/2
[36;22m[DEBUG] [39;1msnarkJS[0m: tauG1: fft 20 join  16/20  8/16 0/2
[36;22m[DEBUG] [39;1msnarkJS[0m: tauG1: fft 20 join  16/20  3/16 1/2
[36;22m[DEBUG] [39;1msnarkJS[0m: tauG1: fft 20 join  16/20  6/16 0/2
[36;22m[DEBUG] [39;1msnarkJS[0m: tauG1: fft 20 join  16/20  5/16 1/2
[36;22m[DEBUG] [39;1msnarkJS[0m: tauG1: fft 20 join  16/20  10/16 0/2
[36;22m[DEBUG] [39;1msnarkJS[0m: tauG1: fft 20 join  16/20  2/16 1/2
[36;22m[DEBUG] [39;1msnarkJS[0m: tauG1: fft 20 join  16/20  13/16 0/2
[36;22m[DEBUG] [39;1msnarkJS[0m: tauG1: fft 20 join  16/20  15/16 1/2
[36;22m[DEBUG] [39;1msnarkJS[0m: tauG1: fft 20 join  16/20  16/16 1/2
[36;22m[DEBUG] [39;1msnarkJS[0m: tauG1: fft 20 join  16/20  9/16 1/2
[36;22m[DEBUG] [39;1msnarkJS[0m: tauG1: fft 20 join  16/20  6/16 1/2
[36;22m[DEBUG] [39;1msnarkJS[0m: tauG1: fft 20 join  16/20  14/16 1/2
[36;22m[DEBUG] [39;1msnarkJS[0m: tauG1: fft 20 join  16/20  8/16 1/2
[36;22m[DEBUG] [39;1msnarkJS[0m: tauG1: fft 20 join  16/20  12/16 1/2
[36;22m[DEBUG] [39;1msnarkJS[0m: tauG1: fft 20 join  16/20  13/16 1/2
[36;22m[DEBUG] [39;1msnarkJS[0m: tauG1: fft 20 join  16/20  3/16 0/2
[36;22m[DEBUG] [39;1msnarkJS[0m: tauG1: fft 20 join  16/20  15/16 0/2
[36;22m[DEBUG] [39;1msnarkJS[0m: tauG1: fft 20 join  16/20  7/16 1/2
[36;22m[DEBUG] [39;1msnarkJS[0m: tauG1: fft 20 join  16/20  10/16 1/2
[36;22m[DEBUG] [39;1msnarkJS[0m: tauG1: fft 20 join  16/20  2/16 0/2
[36;22m[DEBUG] [39;1msnarkJS[0m: tauG1: fft 20 join  16/20  4/16 1/2
[36;22m[DEBUG] [39;1msnarkJS[0m: tauG1: fft 20 join  16/20  11/16 0/2
[36;22m[DEBUG] [39;1msnarkJS[0m: tauG1: fft  20  join: 17/20
[36;22m[DEBUG] [39;1msnarkJS[0m: tauG1: fft 20 join  17/20  4/8 3/4
[36;22m[DEBUG] [39;1msnarkJS[0m: tauG1: fft 20 join  17/20  6/8 1/4
[36;22m[DEBUG] [39;1msnarkJS[0m: tauG1: fft 20 join  17/20  5/8 0/4
[36;22m[DEBUG] [39;1msnarkJS[0m: tauG1: fft 20 join  17/20  7/8 2/4
[36;22m[DEBUG] [39;1msnarkJS[0m: tauG1: fft 20 join  17/20  6/8 2/4
[36;22m[DEBUG] [39;1msnarkJS[0m: tauG1: fft 20 join  17/20  4/8 0/4
[36;22m[DEBUG] [39;1msnarkJS[0m: tauG1: fft 20 join  17/20  7/8 3/4
[36;22m[DEBUG] [39;1msnarkJS[0m: tauG1: fft 20 join  17/20  7/8 0/4
[36;22m[DEBUG] [39;1msnarkJS[0m: tauG1: fft 20 join  17/20  2/8 2/4
[36;22m[DEBUG] [39;1msnarkJS[0m: tauG1: fft 20 join  17/20  1/8 0/4
[36;22m[DEBUG] [39;1msnarkJS[0m: tauG1: fft 20 join  17/20  2/8 3/4
[36;22m[DEBUG] [39;1msnarkJS[0m: tauG1: fft 20 join  17/20  3/8 2/4
[36;22m[DEBUG] [39;1msnarkJS[0m: tauG1: fft 20 join  17/20  3/8 3/4
[36;22m[DEBUG] [39;1msnarkJS[0m: tauG1: fft 20 join  17/20  1/8 3/4
[36;22m[DEBUG] [39;1msnarkJS[0m: tauG1: fft 20 join  17/20  2/8 0/4
[36;22m[DEBUG] [39;1msnarkJS[0m: tauG1: fft 20 join  17/20  8/8 3/4
[36;22m[DEBUG] [39;1msnarkJS[0m: tauG1: fft 20 join  17/20  5/8 1/4
[36;22m[DEBUG] [39;1msnarkJS[0m: tauG1: fft 20 join  17/20  1/8 1/4
[36;22m[DEBUG] [39;1msnarkJS[0m: tauG1: fft 20 join  17/20  8/8 1/4
[36;22m[DEBUG] [39;1msnarkJS[0m: tauG1: fft 20 join  17/20  4/8 2/4
[36;22m[DEBUG] [39;1msnarkJS[0m: tauG1: fft 20 join  17/20  1/8 2/4
[36;22m[DEBUG] [39;1msnarkJS[0m: tauG1: fft 20 join  17/20  5/8 3/4
[36;22m[DEBUG] [39;1msnarkJS[0m: tauG1: fft 20 join  17/20  6/8 3/4
[36;22m[DEBUG] [39;1msnarkJS[0m: tauG1: fft 20 join  17/20  4/8 1/4
[36;22m[DEBUG] [39;1msnarkJS[0m: tauG1: fft 20 join  17/20  3/8 1/4
[36;22m[DEBUG] [39;1msnarkJS[0m: tauG1: fft 20 join  17/20  3/8 0/4
[36;22m[DEBUG] [39;1msnarkJS[0m: tauG1: fft 20 join  17/20  6/8 0/4
[36;22m[DEBUG] [39;1msnarkJS[0m: tauG1: fft 20 join  17/20  5/8 2/4
[36;22m[DEBUG] [39;1msnarkJS[0m: tauG1: fft 20 join  17/20  7/8 1/4
[36;22m[DEBUG] [39;1msnarkJS[0m: tauG1: fft 20 join  17/20  8/8 0/4
[36;22m[DEBUG] [39;1msnarkJS[0m: tauG1: fft 20 join  17/20  2/8 1/4
[36;22m[DEBUG] [39;1msnarkJS[0m: tauG1: fft 20 join  17/20  8/8 2/4
[36;22m[DEBUG] [39;1msnarkJS[0m: tauG1: fft  20  join: 18/20
[36;22m[DEBUG] [39;1msnarkJS[0m: tauG1: fft 20 join  18/20  1/4 0/8
[36;22m[DEBUG] [39;1msnarkJS[0m: tauG1: fft 20 join  18/20  3/4 5/8
[36;22m[DEBUG] [39;1msnarkJS[0m: tauG1: fft 20 join  18/20  1/4 3/8
[36;22m[DEBUG] [39;1msnarkJS[0m: tauG1: fft 20 join  18/20  2/4 5/8
[36;22m[DEBUG] [39;1msnarkJS[0m: tauG1: fft 20 join  18/20  1/4 2/8
[36;22m[DEBUG] [39;1msnarkJS[0m: tauG1: fft 20 join  18/20  2/4 4/8
[36;22m[DEBUG] [39;1msnarkJS[0m: tauG1: fft 20 join  18/20  3/4 1/8
[36;22m[DEBUG] [39;1msnarkJS[0m: tauG1: fft 20 join  18/20  2/4 0/8
[36;22m[DEBUG] [39;1msnarkJS[0m: tauG1: fft 20 join  18/20  3/4 0/8
[36;22m[DEBUG] [39;1msnarkJS[0m: tauG1: fft 20 join  18/20  4/4 2/8
[36;22m[DEBUG] [39;1msnarkJS[0m: tauG1: fft 20 join  18/20  4/4 0/8
[36;22m[DEBUG] [39;1msnarkJS[0m: tauG1: fft 20 join  18/20  3/4 7/8
[36;22m[DEBUG] [39;1msnarkJS[0m: tauG1: fft 20 join  18/20  1/4 6/8
[36;22m[DEBUG] [39;1msnarkJS[0m: tauG1: fft 20 join  18/20  1/4 5/8
[36;22m[DEBUG] [39;1msnarkJS[0m: tauG1: fft 20 join  18/20  3/4 2/8
[36;22m[DEBUG] [39;1msnarkJS[0m: tauG1: fft 20 join  18/20  3/4 3/8
[36;22m[DEBUG] [39;1msnarkJS[0m: tauG1: fft 20 join  18/20  4/4 4/8
[36;22m[DEBUG] [39;1msnarkJS[0m: tauG1: fft 20 join  18/20  2/4 1/8
[36;22m[DEBUG] [39;1msnarkJS[0m: tauG1: fft 20 join  18/20  4/4 6/8
[36;22m[DEBUG] [39;1msnarkJS[0m: tauG1: fft 20 join  18/20  1/4 7/8
[36;22m[DEBUG] [39;1msnarkJS[0m: tauG1: fft 20 join  18/20  4/4 7/8
[36;22m[DEBUG] [39;1msnarkJS[0m: tauG1: fft 20 join  18/20  3/4 6/8
[36;22m[DEBUG] [39;1msnarkJS[0m: tauG1: fft 20 join  18/20  1/4 1/8
[36;22m[DEBUG] [39;1msnarkJS[0m: tauG1: fft 20 join  18/20  4/4 5/8
[36;22m[DEBUG] [39;1msnarkJS[0m: tauG1: fft 20 join  18/20  2/4 2/8
[36;22m[DEBUG] [39;1msnarkJS[0m: tauG1: fft 20 join  18/20  1/4 4/8
[36;22m[DEBUG] [39;1msnarkJS[0m: tauG1: fft 20 join  18/20  4/4 1/8
[36;22m[DEBUG] [39;1msnarkJS[0m: tauG1: fft 20 join  18/20  2/4 7/8
[36;22m[DEBUG] [39;1msnarkJS[0m: tauG1: fft 20 join  18/20  4/4 3/8
[36;22m[DEBUG] [39;1msnarkJS[0m: tauG1: fft 20 join  18/20  2/4 3/8
[36;22m[DEBUG] [39;1msnarkJS[0m: tauG1: fft 20 join  18/20  3/4 4/8
[36;22m[DEBUG] [39;1msnarkJS[0m: tauG1: fft 20 join  18/20  2/4 6/8
[36;22m[DEBUG] [39;1msnarkJS[0m: tauG1: fft  20  join: 19/20
[36;22m[DEBUG] [39;1msnarkJS[0m: tauG1: fft 20 join  19/20  1/2 11/16
[36;22m[DEBUG] [39;1msnarkJS[0m: tauG1: fft 20 join  19/20  1/2 4/16
[36;22m[DEBUG] [39;1msnarkJS[0m: tauG1: fft 20 join  19/20  2/2 8/16
[36;22m[DEBUG] [39;1msnarkJS[0m: tauG1: fft 20 join  19/20  2/2 7/16
[36;22m[DEBUG] [39;1msnarkJS[0m: tauG1: fft 20 join  19/20  2/2 14/16
[36;22m[DEBUG] [39;1msnarkJS[0m: tauG1: fft 20 join  19/20  1/2 1/16
[36;22m[DEBUG] [39;1msnarkJS[0m: tauG1: fft 20 join  19/20  1/2 12/16
[36;22m[DEBUG] [39;1msnarkJS[0m: tauG1: fft 20 join  19/20  2/2 10/16
[36;22m[DEBUG] [39;1msnarkJS[0m: tauG1: fft 20 join  19/20  1/2 3/16
[36;22m[DEBUG] [39;1msnarkJS[0m: tauG1: fft 20 join  19/20  1/2 15/16
[36;22m[DEBUG] [39;1msnarkJS[0m: tauG1: fft 20 join  19/20  1/2 14/16
[36;22m[DEBUG] [39;1msnarkJS[0m: tauG1: fft 20 join  19/20  2/2 1/16
[36;22m[DEBUG] [39;1msnarkJS[0m: tauG1: fft 20 join  19/20  2/2 12/16
[36;22m[DEBUG] [39;1msnarkJS[0m: tauG1: fft 20 join  19/20  1/2 2/16
[36;22m[DEBUG] [39;1msnarkJS[0m: tauG1: fft 20 join  19/20  2/2 11/16
[36;22m[DEBUG] [39;1msnarkJS[0m: tauG1: fft 20 join  19/20  2/2 0/16
[36;22m[DEBUG] [39;1msnarkJS[0m: tauG1: fft 20 join  19/20  1/2 8/16
[36;22m[DEBUG] [39;1msnarkJS[0m: tauG1: fft 20 join  19/20  1/2 6/16
[36;22m[DEBUG] [39;1msnarkJS[0m: tauG1: fft 20 join  19/20  1/2 13/16
[36;22m[DEBUG] [39;1msnarkJS[0m: tauG1: fft 20 join  19/20  2/2 6/16
[36;22m[DEBUG] [39;1msnarkJS[0m: tauG1: fft 20 join  19/20  1/2 5/16
[36;22m[DEBUG] [39;1msnarkJS[0m: tauG1: fft 20 join  19/20  1/2 0/16
[36;22m[DEBUG] [39;1msnarkJS[0m: tauG1: fft 20 join  19/20  2/2 5/16
[36;22m[DEBUG] [39;1msnarkJS[0m: tauG1: fft 20 join  19/20  2/2 3/16
[36;22m[DEBUG] [39;1msnarkJS[0m: tauG1: fft 20 join  19/20  2/2 2/16
[36;22m[DEBUG] [39;1msnarkJS[0m: tauG1: fft 20 join  19/20  2/2 4/16
[36;22m[DEBUG] [39;1msnarkJS[0m: tauG1: fft 20 join  19/20  1/2 7/16
[36;22m[DEBUG] [39;1msnarkJS[0m: tauG1: fft 20 join  19/20  2/2 15/16
[36;22m[DEBUG] [39;1msnarkJS[0m: tauG1: fft 20 join  19/20  1/2 10/16
[36;22m[DEBUG] [39;1msnarkJS[0m: tauG1: fft 20 join  19/20  2/2 9/16
[36;22m[DEBUG] [39;1msnarkJS[0m: tauG1: fft 20 join  19/20  1/2 9/16
[36;22m[DEBUG] [39;1msnarkJS[0m: tauG1: fft 20 join  19/20  2/2 13/16
[36;22m[DEBUG] [39;1msnarkJS[0m: tauG1: fft  20  join: 20/20
[36;22m[DEBUG] [39;1msnarkJS[0m: tauG1: fft 20 join  20/20  1/1 11/32
[36;22m[DEBUG] [39;1msnarkJS[0m: tauG1: fft 20 join  20/20  1/1 10/32
[36;22m[DEBUG] [39;1msnarkJS[0m: tauG1: fft 20 join  20/20  1/1 23/32
[36;22m[DEBUG] [39;1msnarkJS[0m: tauG1: fft 20 join  20/20  1/1 16/32
[36;22m[DEBUG] [39;1msnarkJS[0m: tauG1: fft 20 join  20/20  1/1 30/32
[36;22m[DEBUG] [39;1msnarkJS[0m: tauG1: fft 20 join  20/20  1/1 12/32
[36;22m[DEBUG] [39;1msnarkJS[0m: tauG1: fft 20 join  20/20  1/1 28/32
[36;22m[DEBUG] [39;1msnarkJS[0m: tauG1: fft 20 join  20/20  1/1 1/32
[36;22m[DEBUG] [39;1msnarkJS[0m: tauG1: fft 20 join  20/20  1/1 31/32
[36;22m[DEBUG] [39;1msnarkJS[0m: tauG1: fft 20 join  20/20  1/1 0/32
[36;22m[DEBUG] [39;1msnarkJS[0m: tauG1: fft 20 join  20/20  1/1 2/32
[36;22m[DEBUG] [39;1msnarkJS[0m: tauG1: fft 20 join  20/20  1/1 5/32
[36;22m[DEBUG] [39;1msnarkJS[0m: tauG1: fft 20 join  20/20  1/1 4/32
[36;22m[DEBUG] [39;1msnarkJS[0m: tauG1: fft 20 join  20/20  1/1 29/32
[36;22m[DEBUG] [39;1msnarkJS[0m: tauG1: fft 20 join  20/20  1/1 8/32
[36;22m[DEBUG] [39;1msnarkJS[0m: tauG1: fft 20 join  20/20  1/1 25/32
[36;22m[DEBUG] [39;1msnarkJS[0m: tauG1: fft 20 join  20/20  1/1 24/32
[36;22m[DEBUG] [39;1msnarkJS[0m: tauG1: fft 20 join  20/20  1/1 9/32
[36;22m[DEBUG] [39;1msnarkJS[0m: tauG1: fft 20 join  20/20  1/1 6/32
[36;22m[DEBUG] [39;1msnarkJS[0m: tauG1: fft 20 join  20/20  1/1 14/32
[36;22m[DEBUG] [39;1msnarkJS[0m: tauG1: fft 20 join  20/20  1/1 18/32
[36;22m[DEBUG] [39;1msnarkJS[0m: tauG1: fft 20 join  20/20  1/1 19/32
[36;22m[DEBUG] [39;1msnarkJS[0m: tauG1: fft 20 join  20/20  1/1 15/32
[36;22m[DEBUG] [39;1msnarkJS[0m: tauG1: fft 20 join  20/20  1/1 22/32
[36;22m[DEBUG] [39;1msnarkJS[0m: tauG1: fft 20 join  20/20  1/1 7/32
[36;22m[DEBUG] [39;1msnarkJS[0m: tauG1: fft 20 join  20/20  1/1 3/32
[36;22m[DEBUG] [39;1msnarkJS[0m: tauG1: fft 20 join  20/20  1/1 27/32
[36;22m[DEBUG] [39;1msnarkJS[0m: tauG1: fft 20 join  20/20  1/1 26/32
[36;22m[DEBUG] [39;1msnarkJS[0m: tauG1: fft 20 join  20/20  1/1 20/32
[36;22m[DEBUG] [39;1msnarkJS[0m: tauG1: fft 20 join  20/20  1/1 13/32
[36;22m[DEBUG] [39;1msnarkJS[0m: tauG1: fft 20 join  20/20  1/1 21/32
[36;22m[DEBUG] [39;1msnarkJS[0m: tauG1: fft 20 join  20/20  1/1 17/32
[36;22m[DEBUG] [39;1msnarkJS[0m: tauG1: fft 21 mix start: 0/128
[36;22m[DEBUG] [39;1msnarkJS[0m: tauG1: fft 21 mix start: 1/128
[36;22m[DEBUG] [39;1msnarkJS[0m: tauG1: fft 21 mix start: 2/128
[36;22m[DEBUG] [39;1msnarkJS[0m: tauG1: fft 21 mix start: 3/128
[36;22m[DEBUG] [39;1msnarkJS[0m: tauG1: fft 21 mix start: 4/128
[36;22m[DEBUG] [39;1msnarkJS[0m: tauG1: fft 21 mix start: 5/128
[36;22m[DEBUG] [39;1msnarkJS[0m: tauG1: fft 21 mix start: 6/128
[36;22m[DEBUG] [39;1msnarkJS[0m: tauG1: fft 21 mix start: 7/128
[36;22m[DEBUG] [39;1msnarkJS[0m: tauG1: fft 21 mix start: 8/128
[36;22m[DEBUG] [39;1msnarkJS[0m: tauG1: fft 21 mix start: 9/128
[36;22m[DEBUG] [39;1msnarkJS[0m: tauG1: fft 21 mix start: 10/128
[36;22m[DEBUG] [39;1msnarkJS[0m: tauG1: fft 21 mix start: 11/128
[36;22m[DEBUG] [39;1msnarkJS[0m: tauG1: fft 21 mix start: 12/128
[36;22m[DEBUG] [39;1msnarkJS[0m: tauG1: fft 21 mix start: 13/128
[36;22m[DEBUG] [39;1msnarkJS[0m: tauG1: fft 21 mix start: 14/128
[36;22m[DEBUG] [39;1msnarkJS[0m: tauG1: fft 21 mix start: 15/128
[36;22m[DEBUG] [39;1msnarkJS[0m: tauG1: fft 21 mix start: 16/128
[36;22m[DEBUG] [39;1msnarkJS[0m: tauG1: fft 21 mix start: 17/128
[36;22m[DEBUG] [39;1msnarkJS[0m: tauG1: fft 21 mix start: 18/128
[36;22m[DEBUG] [39;1msnarkJS[0m: tauG1: fft 21 mix start: 19/128
[36;22m[DEBUG] [39;1msnarkJS[0m: tauG1: fft 21 mix start: 20/128
[36;22m[DEBUG] [39;1msnarkJS[0m: tauG1: fft 21 mix start: 21/128
[36;22m[DEBUG] [39;1msnarkJS[0m: tauG1: fft 21 mix start: 22/128
[36;22m[DEBUG] [39;1msnarkJS[0m: tauG1: fft 21 mix start: 23/128
[36;22m[DEBUG] [39;1msnarkJS[0m: tauG1: fft 21 mix start: 24/128
[36;22m[DEBUG] [39;1msnarkJS[0m: tauG1: fft 21 mix start: 25/128
[36;22m[DEBUG] [39;1msnarkJS[0m: tauG1: fft 21 mix start: 26/128
[36;22m[DEBUG] [39;1msnarkJS[0m: tauG1: fft 21 mix start: 27/128
[36;22m[DEBUG] [39;1msnarkJS[0m: tauG1: fft 21 mix start: 28/128
[36;22m[DEBUG] [39;1msnarkJS[0m: tauG1: fft 21 mix start: 29/128
[36;22m[DEBUG] [39;1msnarkJS[0m: tauG1: fft 21 mix start: 30/128
[36;22m[DEBUG] [39;1msnarkJS[0m: tauG1: fft 21 mix start: 31/128
[36;22m[DEBUG] [39;1msnarkJS[0m: tauG1: fft 21 mix start: 32/128
[36;22m[DEBUG] [39;1msnarkJS[0m: tauG1: fft 21 mix start: 33/128
[36;22m[DEBUG] [39;1msnarkJS[0m: tauG1: fft 21 mix start: 34/128
[36;22m[DEBUG] [39;1msnarkJS[0m: tauG1: fft 21 mix start: 35/128
[36;22m[DEBUG] [39;1msnarkJS[0m: tauG1: fft 21 mix start: 36/128
[36;22m[DEBUG] [39;1msnarkJS[0m: tauG1: fft 21 mix start: 37/128
[36;22m[DEBUG] [39;1msnarkJS[0m: tauG1: fft 21 mix start: 38/128
[36;22m[DEBUG] [39;1msnarkJS[0m: tauG1: fft 21 mix start: 39/128
[36;22m[DEBUG] [39;1msnarkJS[0m: tauG1: fft 21 mix start: 40/128
[36;22m[DEBUG] [39;1msnarkJS[0m: tauG1: fft 21 mix start: 41/128
[36;22m[DEBUG] [39;1msnarkJS[0m: tauG1: fft 21 mix start: 42/128
[36;22m[DEBUG] [39;1msnarkJS[0m: tauG1: fft 21 mix start: 43/128
[36;22m[DEBUG] [39;1msnarkJS[0m: tauG1: fft 21 mix start: 44/128
[36;22m[DEBUG] [39;1msnarkJS[0m: tauG1: fft 21 mix start: 45/128
[36;22m[DEBUG] [39;1msnarkJS[0m: tauG1: fft 21 mix start: 46/128
[36;22m[DEBUG] [39;1msnarkJS[0m: tauG1: fft 21 mix start: 47/128
[36;22m[DEBUG] [39;1msnarkJS[0m: tauG1: fft 21 mix start: 48/128
[36;22m[DEBUG] [39;1msnarkJS[0m: tauG1: fft 21 mix start: 49/128
[36;22m[DEBUG] [39;1msnarkJS[0m: tauG1: fft 21 mix start: 50/128
[36;22m[DEBUG] [39;1msnarkJS[0m: tauG1: fft 21 mix start: 51/128
[36;22m[DEBUG] [39;1msnarkJS[0m: tauG1: fft 21 mix start: 52/128
[36;22m[DEBUG] [39;1msnarkJS[0m: tauG1: fft 21 mix start: 53/128
[36;22m[DEBUG] [39;1msnarkJS[0m: tauG1: fft 21 mix start: 54/128
[36;22m[DEBUG] [39;1msnarkJS[0m: tauG1: fft 21 mix start: 55/128
[36;22m[DEBUG] [39;1msnarkJS[0m: tauG1: fft 21 mix start: 56/128
[36;22m[DEBUG] [39;1msnarkJS[0m: tauG1: fft 21 mix start: 57/128
[36;22m[DEBUG] [39;1msnarkJS[0m: tauG1: fft 21 mix start: 58/128
[36;22m[DEBUG] [39;1msnarkJS[0m: tauG1: fft 21 mix start: 59/128
[36;22m[DEBUG] [39;1msnarkJS[0m: tauG1: fft 21 mix start: 60/128
[36;22m[DEBUG] [39;1msnarkJS[0m: tauG1: fft 21 mix start: 61/128
[36;22m[DEBUG] [39;1msnarkJS[0m: tauG1: fft 21 mix start: 62/128
[36;22m[DEBUG] [39;1msnarkJS[0m: tauG1: fft 21 mix start: 63/128
[36;22m[DEBUG] [39;1msnarkJS[0m: tauG1: fft 21 mix start: 64/128
[36;22m[DEBUG] [39;1msnarkJS[0m: tauG1: fft 21 mix start: 65/128
[36;22m[DEBUG] [39;1msnarkJS[0m: tauG1: fft 21 mix start: 66/128
[36;22m[DEBUG] [39;1msnarkJS[0m: tauG1: fft 21 mix start: 67/128
[36;22m[DEBUG] [39;1msnarkJS[0m: tauG1: fft 21 mix start: 68/128
[36;22m[DEBUG] [39;1msnarkJS[0m: tauG1: fft 21 mix start: 69/128
[36;22m[DEBUG] [39;1msnarkJS[0m: tauG1: fft 21 mix start: 70/128
[36;22m[DEBUG] [39;1msnarkJS[0m: tauG1: fft 21 mix start: 71/128
[36;22m[DEBUG] [39;1msnarkJS[0m: tauG1: fft 21 mix start: 72/128
[36;22m[DEBUG] [39;1msnarkJS[0m: tauG1: fft 21 mix start: 73/128
[36;22m[DEBUG] [39;1msnarkJS[0m: tauG1: fft 21 mix start: 74/128
[36;22m[DEBUG] [39;1msnarkJS[0m: tauG1: fft 21 mix start: 75/128
[36;22m[DEBUG] [39;1msnarkJS[0m: tauG1: fft 21 mix start: 76/128
[36;22m[DEBUG] [39;1msnarkJS[0m: tauG1: fft 21 mix start: 77/128
[36;22m[DEBUG] [39;1msnarkJS[0m: tauG1: fft 21 mix start: 78/128
[36;22m[DEBUG] [39;1msnarkJS[0m: tauG1: fft 21 mix start: 79/128
[36;22m[DEBUG] [39;1msnarkJS[0m: tauG1: fft 21 mix start: 80/128
[36;22m[DEBUG] [39;1msnarkJS[0m: tauG1: fft 21 mix start: 81/128
[36;22m[DEBUG] [39;1msnarkJS[0m: tauG1: fft 21 mix start: 82/128
[36;22m[DEBUG] [39;1msnarkJS[0m: tauG1: fft 21 mix start: 83/128
[36;22m[DEBUG] [39;1msnarkJS[0m: tauG1: fft 21 mix start: 84/128
[36;22m[DEBUG] [39;1msnarkJS[0m: tauG1: fft 21 mix start: 85/128
[36;22m[DEBUG] [39;1msnarkJS[0m: tauG1: fft 21 mix start: 86/128
[36;22m[DEBUG] [39;1msnarkJS[0m: tauG1: fft 21 mix start: 87/128
[36;22m[DEBUG] [39;1msnarkJS[0m: tauG1: fft 21 mix start: 88/128
[36;22m[DEBUG] [39;1msnarkJS[0m: tauG1: fft 21 mix start: 89/128
[36;22m[DEBUG] [39;1msnarkJS[0m: tauG1: fft 21 mix start: 90/128
[36;22m[DEBUG] [39;1msnarkJS[0m: tauG1: fft 21 mix start: 91/128
[36;22m[DEBUG] [39;1msnarkJS[0m: tauG1: fft 21 mix start: 92/128
[36;22m[DEBUG] [39;1msnarkJS[0m: tauG1: fft 21 mix start: 93/128
[36;22m[DEBUG] [39;1msnarkJS[0m: tauG1: fft 21 mix start: 94/128
[36;22m[DEBUG] [39;1msnarkJS[0m: tauG1: fft 21 mix start: 95/128
[36;22m[DEBUG] [39;1msnarkJS[0m: tauG1: fft 21 mix start: 96/128
[36;22m[DEBUG] [39;1msnarkJS[0m: tauG1: fft 21 mix start: 97/128
[36;22m[DEBUG] [39;1msnarkJS[0m: tauG1: fft 21 mix start: 98/128
[36;22m[DEBUG] [39;1msnarkJS[0m: tauG1: fft 21 mix start: 99/128
[36;22m[DEBUG] [39;1msnarkJS[0m: tauG1: fft 21 mix start: 100/128
[36;22m[DEBUG] [39;1msnarkJS[0m: tauG1: fft 21 mix start: 101/128
[36;22m[DEBUG] [39;1msnarkJS[0m: tauG1: fft 21 mix start: 102/128
[36;22m[DEBUG] [39;1msnarkJS[0m: tauG1: fft 21 mix start: 103/128
[36;22m[DEBUG] [39;1msnarkJS[0m: tauG1: fft 21 mix start: 104/128
[36;22m[DEBUG] [39;1msnarkJS[0m: tauG1: fft 21 mix start: 105/128
[36;22m[DEBUG] [39;1msnarkJS[0m: tauG1: fft 21 mix start: 106/128
[36;22m[DEBUG] [39;1msnarkJS[0m: tauG1: fft 21 mix start: 107/128
[36;22m[DEBUG] [39;1msnarkJS[0m: tauG1: fft 21 mix start: 108/128
[36;22m[DEBUG] [39;1msnarkJS[0m: tauG1: fft 21 mix start: 109/128
[36;22m[DEBUG] [39;1msnarkJS[0m: tauG1: fft 21 mix start: 110/128
[36;22m[DEBUG] [39;1msnarkJS[0m: tauG1: fft 21 mix start: 111/128
[36;22m[DEBUG] [39;1msnarkJS[0m: tauG1: fft 21 mix start: 112/128
[36;22m[DEBUG] [39;1msnarkJS[0m: tauG1: fft 21 mix start: 113/128
[36;22m[DEBUG] [39;1msnarkJS[0m: tauG1: fft 21 mix start: 114/128
[36;22m[DEBUG] [39;1msnarkJS[0m: tauG1: fft 21 mix start: 115/128
[36;22m[DEBUG] [39;1msnarkJS[0m: tauG1: fft 21 mix start: 116/128
[36;22m[DEBUG] [39;1msnarkJS[0m: tauG1: fft 21 mix start: 117/128
[36;22m[DEBUG] [39;1msnarkJS[0m: tauG1: fft 21 mix start: 118/128
[36;22m[DEBUG] [39;1msnarkJS[0m: tauG1: fft 21 mix start: 119/128
[36;22m[DEBUG] [39;1msnarkJS[0m: tauG1: fft 21 mix start: 120/128
[36;22m[DEBUG] [39;1msnarkJS[0m: tauG1: fft 21 mix start: 121/128
[36;22m[DEBUG] [39;1msnarkJS[0m: tauG1: fft 21 mix start: 122/128
[36;22m[DEBUG] [39;1msnarkJS[0m: tauG1: fft 21 mix start: 123/128
[36;22m[DEBUG] [39;1msnarkJS[0m: tauG1: fft 21 mix start: 124/128
[36;22m[DEBUG] [39;1msnarkJS[0m: tauG1: fft 21 mix start: 125/128
[36;22m[DEBUG] [39;1msnarkJS[0m: tauG1: fft 21 mix start: 126/128
[36;22m[DEBUG] [39;1msnarkJS[0m: tauG1: fft 21 mix start: 127/128
[36;22m[DEBUG] [39;1msnarkJS[0m: tauG1: fft 21 mix end: 11/128
[36;22m[DEBUG] [39;1msnarkJS[0m: tauG1: fft 21 mix end: 13/128
[36;22m[DEBUG] [39;1msnarkJS[0m: tauG1: fft 21 mix end: 9/128
[36;22m[DEBUG] [39;1msnarkJS[0m: tauG1: fft 21 mix end: 29/128
[36;22m[DEBUG] [39;1msnarkJS[0m: tauG1: fft 21 mix end: 0/128
[36;22m[DEBUG] [39;1msnarkJS[0m: tauG1: fft 21 mix end: 31/128
[36;22m[DEBUG] [39;1msnarkJS[0m: tauG1: fft 21 mix end: 23/128
[36;22m[DEBUG] [39;1msnarkJS[0m: tauG1: fft 21 mix end: 6/128
[36;22m[DEBUG] [39;1msnarkJS[0m: tauG1: fft 21 mix end: 22/128
[36;22m[DEBUG] [39;1msnarkJS[0m: tauG1: fft 21 mix end: 18/128
[36;22m[DEBUG] [39;1msnarkJS[0m: tauG1: fft 21 mix end: 12/128
[36;22m[DEBUG] [39;1msnarkJS[0m: tauG1: fft 21 mix end: 1/128
[36;22m[DEBUG] [39;1msnarkJS[0m: tauG1: fft 21 mix end: 2/128
[36;22m[DEBUG] [39;1msnarkJS[0m: tauG1: fft 21 mix end: 16/128
[36;22m[DEBUG] [39;1msnarkJS[0m: tauG1: fft 21 mix end: 15/128
[36;22m[DEBUG] [39;1msnarkJS[0m: tauG1: fft 21 mix end: 20/128
[36;22m[DEBUG] [39;1msnarkJS[0m: tauG1: fft 21 mix end: 8/128
[36;22m[DEBUG] [39;1msnarkJS[0m: tauG1: fft 21 mix end: 28/128
[36;22m[DEBUG] [39;1msnarkJS[0m: tauG1: fft 21 mix end: 27/128
[36;22m[DEBUG] [39;1msnarkJS[0m: tauG1: fft 21 mix end: 24/128
[36;22m[DEBUG] [39;1msnarkJS[0m: tauG1: fft 21 mix end: 3/128
[36;22m[DEBUG] [39;1msnarkJS[0m: tauG1: fft 21 mix end: 5/128
[36;22m[DEBUG] [39;1msnarkJS[0m: tauG1: fft 21 mix end: 17/128
[36;22m[DEBUG] [39;1msnarkJS[0m: tauG1: fft 21 mix end: 21/128
[36;22m[DEBUG] [39;1msnarkJS[0m: tauG1: fft 21 mix end: 10/128
[36;22m[DEBUG] [39;1msnarkJS[0m: tauG1: fft 21 mix end: 4/128
[36;22m[DEBUG] [39;1msnarkJS[0m: tauG1: fft 21 mix end: 19/128
[36;22m[DEBUG] [39;1msnarkJS[0m: tauG1: fft 21 mix end: 30/128
[36;22m[DEBUG] [39;1msnarkJS[0m: tauG1: fft 21 mix end: 26/128
[36;22m[DEBUG] [39;1msnarkJS[0m: tauG1: fft 21 mix end: 25/128
[36;22m[DEBUG] [39;1msnarkJS[0m: tauG1: fft 21 mix end: 14/128
[36;22m[DEBUG] [39;1msnarkJS[0m: tauG1: fft 21 mix end: 7/128
[36;22m[DEBUG] [39;1msnarkJS[0m: tauG1: fft 21 mix end: 32/128
[36;22m[DEBUG] [39;1msnarkJS[0m: tauG1: fft 21 mix end: 33/128
[36;22m[DEBUG] [39;1msnarkJS[0m: tauG1: fft 21 mix end: 36/128
[36;22m[DEBUG] [39;1msnarkJS[0m: tauG1: fft 21 mix end: 34/128
[36;22m[DEBUG] [39;1msnarkJS[0m: tauG1: fft 21 mix end: 41/128
[36;22m[DEBUG] [39;1msnarkJS[0m: tauG1: fft 21 mix end: 38/128
[36;22m[DEBUG] [39;1msnarkJS[0m: tauG1: fft 21 mix end: 35/128
[36;22m[DEBUG] [39;1msnarkJS[0m: tauG1: fft 21 mix end: 47/128
[36;22m[DEBUG] [39;1msnarkJS[0m: tauG1: fft 21 mix end: 37/128
[36;22m[DEBUG] [39;1msnarkJS[0m: tauG1: fft 21 mix end: 53/128
[36;22m[DEBUG] [39;1msnarkJS[0m: tauG1: fft 21 mix end: 42/128
[36;22m[DEBUG] [39;1msnarkJS[0m: tauG1: fft 21 mix end: 50/128
[36;22m[DEBUG] [39;1msnarkJS[0m: tauG1: fft 21 mix end: 45/128
[36;22m[DEBUG] [39;1msnarkJS[0m: tauG1: fft 21 mix end: 44/128
[36;22m[DEBUG] [39;1msnarkJS[0m: tauG1: fft 21 mix end: 40/128
[36;22m[DEBUG] [39;1msnarkJS[0m: tauG1: fft 21 mix end: 48/128
[36;22m[DEBUG] [39;1msnarkJS[0m: tauG1: fft 21 mix end: 46/128
[36;22m[DEBUG] [39;1msnarkJS[0m: tauG1: fft 21 mix end: 39/128
[36;22m[DEBUG] [39;1msnarkJS[0m: tauG1: fft 21 mix end: 43/128
[36;22m[DEBUG] [39;1msnarkJS[0m: tauG1: fft 21 mix end: 60/128
[36;22m[DEBUG] [39;1msnarkJS[0m: tauG1: fft 21 mix end: 55/128
[36;22m[DEBUG] [39;1msnarkJS[0m: tauG1: fft 21 mix end: 59/128
[36;22m[DEBUG] [39;1msnarkJS[0m: tauG1: fft 21 mix end: 56/128
[36;22m[DEBUG] [39;1msnarkJS[0m: tauG1: fft 21 mix end: 49/128
[36;22m[DEBUG] [39;1msnarkJS[0m: tauG1: fft 21 mix end: 51/128
[36;22m[DEBUG] [39;1msnarkJS[0m: tauG1: fft 21 mix end: 57/128
[36;22m[DEBUG] [39;1msnarkJS[0m: tauG1: fft 21 mix end: 52/128
[36;22m[DEBUG] [39;1msnarkJS[0m: tauG1: fft 21 mix end: 54/128
[36;22m[DEBUG] [39;1msnarkJS[0m: tauG1: fft 21 mix end: 66/128
[36;22m[DEBUG] [39;1msnarkJS[0m: tauG1: fft 21 mix end: 58/128
[36;22m[DEBUG] [39;1msnarkJS[0m: tauG1: fft 21 mix end: 68/128
[36;22m[DEBUG] [39;1msnarkJS[0m: tauG1: fft 21 mix end: 61/128
[36;22m[DEBUG] [39;1msnarkJS[0m: tauG1: fft 21 mix end: 63/128
[36;22m[DEBUG] [39;1msnarkJS[0m: tauG1: fft 21 mix end: 62/128
[36;22m[DEBUG] [39;1msnarkJS[0m: tauG1: fft 21 mix end: 71/128
[36;22m[DEBUG] [39;1msnarkJS[0m: tauG1: fft 21 mix end: 64/128
[36;22m[DEBUG] [39;1msnarkJS[0m: tauG1: fft 21 mix end: 70/128
[36;22m[DEBUG] [39;1msnarkJS[0m: tauG1: fft 21 mix end: 72/128
[36;22m[DEBUG] [39;1msnarkJS[0m: tauG1: fft 21 mix end: 78/128
[36;22m[DEBUG] [39;1msnarkJS[0m: tauG1: fft 21 mix end: 67/128
[36;22m[DEBUG] [39;1msnarkJS[0m: tauG1: fft 21 mix end: 80/128
[36;22m[DEBUG] [39;1msnarkJS[0m: tauG1: fft 21 mix end: 65/128
[36;22m[DEBUG] [39;1msnarkJS[0m: tauG1: fft 21 mix end: 79/128
[36;22m[DEBUG] [39;1msnarkJS[0m: tauG1: fft 21 mix end: 69/128
[36;22m[DEBUG] [39;1msnarkJS[0m: tauG1: fft 21 mix end: 77/128
[36;22m[DEBUG] [39;1msnarkJS[0m: tauG1: fft 21 mix end: 74/128
[36;22m[DEBUG] [39;1msnarkJS[0m: tauG1: fft 21 mix end: 73/128
[36;22m[DEBUG] [39;1msnarkJS[0m: tauG1: fft 21 mix end: 81/128
[36;22m[DEBUG] [39;1msnarkJS[0m: tauG1: fft 21 mix end: 75/128
[36;22m[DEBUG] [39;1msnarkJS[0m: tauG1: fft 21 mix end: 76/128
[36;22m[DEBUG] [39;1msnarkJS[0m: tauG1: fft 21 mix end: 94/128
[36;22m[DEBUG] [39;1msnarkJS[0m: tauG1: fft 21 mix end: 83/128
[36;22m[DEBUG] [39;1msnarkJS[0m: tauG1: fft 21 mix end: 95/128
[36;22m[DEBUG] [39;1msnarkJS[0m: tauG1: fft 21 mix end: 87/128
[36;22m[DEBUG] [39;1msnarkJS[0m: tauG1: fft 21 mix end: 82/128
[36;22m[DEBUG] [39;1msnarkJS[0m: tauG1: fft 21 mix end: 85/128
[36;22m[DEBUG] [39;1msnarkJS[0m: tauG1: fft 21 mix end: 86/128
[36;22m[DEBUG] [39;1msnarkJS[0m: tauG1: fft 21 mix end: 89/128
[36;22m[DEBUG] [39;1msnarkJS[0m: tauG1: fft 21 mix end: 98/128
[36;22m[DEBUG] [39;1msnarkJS[0m: tauG1: fft 21 mix end: 92/128
[36;22m[DEBUG] [39;1msnarkJS[0m: tauG1: fft 21 mix end: 84/128
[36;22m[DEBUG] [39;1msnarkJS[0m: tauG1: fft 21 mix end: 91/128
[36;22m[DEBUG] [39;1msnarkJS[0m: tauG1: fft 21 mix end: 88/128
[36;22m[DEBUG] [39;1msnarkJS[0m: tauG1: fft 21 mix end: 97/128
[36;22m[DEBUG] [39;1msnarkJS[0m: tauG1: fft 21 mix end: 104/128
[36;22m[DEBUG] [39;1msnarkJS[0m: tauG1: fft 21 mix end: 90/128
[36;22m[DEBUG] [39;1msnarkJS[0m: tauG1: fft 21 mix end: 99/128
[36;22m[DEBUG] [39;1msnarkJS[0m: tauG1: fft 21 mix end: 93/128
[36;22m[DEBUG] [39;1msnarkJS[0m: tauG1: fft 21 mix end: 96/128
[36;22m[DEBUG] [39;1msnarkJS[0m: tauG1: fft 21 mix end: 102/128
[36;22m[DEBUG] [39;1msnarkJS[0m: tauG1: fft 21 mix end: 101/128
[36;22m[DEBUG] [39;1msnarkJS[0m: tauG1: fft 21 mix end: 100/128
[36;22m[DEBUG] [39;1msnarkJS[0m: tauG1: fft 21 mix end: 107/128
[36;22m[DEBUG] [39;1msnarkJS[0m: tauG1: fft 21 mix end: 106/128
[36;22m[DEBUG] [39;1msnarkJS[0m: tauG1: fft 21 mix end: 105/128
[36;22m[DEBUG] [39;1msnarkJS[0m: tauG1: fft 21 mix end: 103/128
[36;22m[DEBUG] [39;1msnarkJS[0m: tauG1: fft 21 mix end: 111/128
[36;22m[DEBUG] [39;1msnarkJS[0m: tauG1: fft 21 mix end: 116/128
[36;22m[DEBUG] [39;1msnarkJS[0m: tauG1: fft 21 mix end: 110/128
[36;22m[DEBUG] [39;1msnarkJS[0m: tauG1: fft 21 mix end: 117/128
[36;22m[DEBUG] [39;1msnarkJS[0m: tauG1: fft 21 mix end: 115/128
[36;22m[DEBUG] [39;1msnarkJS[0m: tauG1: fft 21 mix end: 109/128
[36;22m[DEBUG] [39;1msnarkJS[0m: tauG1: fft 21 mix end: 113/128
[36;22m[DEBUG] [39;1msnarkJS[0m: tauG1: fft 21 mix end: 108/128
[36;22m[DEBUG] [39;1msnarkJS[0m: tauG1: fft 21 mix end: 118/128
[36;22m[DEBUG] [39;1msnarkJS[0m: tauG1: fft 21 mix end: 122/128
[36;22m[DEBUG] [39;1msnarkJS[0m: tauG1: fft 21 mix end: 112/128
[36;22m[DEBUG] [39;1msnarkJS[0m: tauG1: fft 21 mix end: 114/128
[36;22m[DEBUG] [39;1msnarkJS[0m: tauG1: fft 21 mix end: 123/128
[36;22m[DEBUG] [39;1msnarkJS[0m: tauG1: fft 21 mix end: 121/128
[36;22m[DEBUG] [39;1msnarkJS[0m: tauG1: fft 21 mix end: 120/128
[36;22m[DEBUG] [39;1msnarkJS[0m: tauG1: fft 21 mix end: 124/128
[36;22m[DEBUG] [39;1msnarkJS[0m: tauG1: fft 21 mix end: 127/128
[36;22m[DEBUG] [39;1msnarkJS[0m: tauG1: fft 21 mix end: 119/128
[36;22m[DEBUG] [39;1msnarkJS[0m: tauG1: fft 21 mix end: 125/128
[36;22m[DEBUG] [39;1msnarkJS[0m: tauG1: fft 21 mix end: 126/128
[36;22m[DEBUG] [39;1msnarkJS[0m: tauG1: fft  21  join: 15/21
[36;22m[DEBUG] [39;1msnarkJS[0m: tauG1: fft 21 join  15/21  1/64 0/1
[36;22m[DEBUG] [39;1msnarkJS[0m: tauG1: fft 21 join  15/21  12/64 0/1
[36;22m[DEBUG] [39;1msnarkJS[0m: tauG1: fft 21 join  15/21  6/64 0/1
[36;22m[DEBUG] [39;1msnarkJS[0m: tauG1: fft 21 join  15/21  21/64 0/1
[36;22m[DEBUG] [39;1msnarkJS[0m: tauG1: fft 21 join  15/21  25/64 0/1
[36;22m[DEBUG] [39;1msnarkJS[0m: tauG1: fft 21 join  15/21  19/64 0/1
[36;22m[DEBUG] [39;1msnarkJS[0m: tauG1: fft 21 join  15/21  31/64 0/1
[36;22m[DEBUG] [39;1msnarkJS[0m: tauG1: fft 21 join  15/21  23/64 0/1
[36;22m[DEBUG] [39;1msnarkJS[0m: tauG1: fft 21 join  15/21  2/64 0/1
[36;22m[DEBUG] [39;1msnarkJS[0m: tauG1: fft 21 join  15/21  7/64 0/1
[36;22m[DEBUG] [39;1msnarkJS[0m: tauG1: fft 21 join  15/21  29/64 0/1
[36;22m[DEBUG] [39;1msnarkJS[0m: tauG1: fft 21 join  15/21  9/64 0/1
[36;22m[DEBUG] [39;1msnarkJS[0m: tauG1: fft 21 join  15/21  5/64 0/1
[36;22m[DEBUG] [39;1msnarkJS[0m: tauG1: fft 21 join  15/21  11/64 0/1
[36;22m[DEBUG] [39;1msnarkJS[0m: tauG1: fft 21 join  15/21  15/64 0/1
[36;22m[DEBUG] [39;1msnarkJS[0m: tauG1: fft 21 join  15/21  17/64 0/1
[36;22m[DEBUG] [39;1msnarkJS[0m: tauG1: fft 21 join  15/21  10/64 0/1
[36;22m[DEBUG] [39;1msnarkJS[0m: tauG1: fft 21 join  15/21  30/64 0/1
[36;22m[DEBUG] [39;1msnarkJS[0m: tauG1: fft 21 join  15/21  14/64 0/1
[36;22m[DEBUG] [39;1msnarkJS[0m: tauG1: fft 21 join  15/21  13/64 0/1
[36;22m[DEBUG] [39;1msnarkJS[0m: tauG1: fft 21 join  15/21  3/64 0/1
[36;22m[DEBUG] [39;1msnarkJS[0m: tauG1: fft 21 join  15/21  16/64 0/1
[36;22m[DEBUG] [39;1msnarkJS[0m: tauG1: fft 21 join  15/21  4/64 0/1
[36;22m[DEBUG] [39;1msnarkJS[0m: tauG1: fft 21 join  15/21  18/64 0/1
[36;22m[DEBUG] [39;1msnarkJS[0m: tauG1: fft 21 join  15/21  20/64 0/1
[36;22m[DEBUG] [39;1msnarkJS[0m: tauG1: fft 21 join  15/21  22/64 0/1
[36;22m[DEBUG] [39;1msnarkJS[0m: tauG1: fft 21 join  15/21  26/64 0/1
[36;22m[DEBUG] [39;1msnarkJS[0m: tauG1: fft 21 join  15/21  32/64 0/1
[36;22m[DEBUG] [39;1msnarkJS[0m: tauG1: fft 21 join  15/21  8/64 0/1
[36;22m[DEBUG] [39;1msnarkJS[0m: tauG1: fft 21 join  15/21  27/64 0/1
[36;22m[DEBUG] [39;1msnarkJS[0m: tauG1: fft 21 join  15/21  28/64 0/1
[36;22m[DEBUG] [39;1msnarkJS[0m: tauG1: fft 21 join  15/21  24/64 0/1
[36;22m[DEBUG] [39;1msnarkJS[0m: tauG1: fft 21 join  15/21  36/64 0/1
[36;22m[DEBUG] [39;1msnarkJS[0m: tauG1: fft 21 join  15/21  39/64 0/1
[36;22m[DEBUG] [39;1msnarkJS[0m: tauG1: fft 21 join  15/21  34/64 0/1
[36;22m[DEBUG] [39;1msnarkJS[0m: tauG1: fft 21 join  15/21  40/64 0/1
[36;22m[DEBUG] [39;1msnarkJS[0m: tauG1: fft 21 join  15/21  33/64 0/1
[36;22m[DEBUG] [39;1msnarkJS[0m: tauG1: fft 21 join  15/21  42/64 0/1
[36;22m[DEBUG] [39;1msnarkJS[0m: tauG1: fft 21 join  15/21  35/64 0/1
[36;22m[DEBUG] [39;1msnarkJS[0m: tauG1: fft 21 join  15/21  37/64 0/1
[36;22m[DEBUG] [39;1msnarkJS[0m: tauG1: fft 21 join  15/21  41/64 0/1
[36;22m[DEBUG] [39;1msnarkJS[0m: tauG1: fft 21 join  15/21  38/64 0/1
[36;22m[DEBUG] [39;1msnarkJS[0m: tauG1: fft 21 join  15/21  48/64 0/1
[36;22m[DEBUG] [39;1msnarkJS[0m: tauG1: fft 21 join  15/21  45/64 0/1
[36;22m[DEBUG] [39;1msnarkJS[0m: tauG1: fft 21 join  15/21  43/64 0/1
[36;22m[DEBUG] [39;1msnarkJS[0m: tauG1: fft 21 join  15/21  52/64 0/1
[36;22m[DEBUG] [39;1msnarkJS[0m: tauG1: fft 21 join  15/21  47/64 0/1
[36;22m[DEBUG] [39;1msnarkJS[0m: tauG1: fft 21 join  15/21  55/64 0/1
[36;22m[DEBUG] [39;1msnarkJS[0m: tauG1: fft 21 join  15/21  44/64 0/1
[36;22m[DEBUG] [39;1msnarkJS[0m: tauG1: fft 21 join  15/21  50/64 0/1
[36;22m[DEBUG] [39;1msnarkJS[0m: tauG1: fft 21 join  15/21  46/64 0/1
[36;22m[DEBUG] [39;1msnarkJS[0m: tauG1: fft 21 join  15/21  64/64 0/1
[36;22m[DEBUG] [39;1msnarkJS[0m: tauG1: fft 21 join  15/21  51/64 0/1
[36;22m[DEBUG] [39;1msnarkJS[0m: tauG1: fft 21 join  15/21  58/64 0/1
[36;22m[DEBUG] [39;1msnarkJS[0m: tauG1: fft 21 join  15/21  53/64 0/1
[36;22m[DEBUG] [39;1msnarkJS[0m: tauG1: fft 21 join  15/21  54/64 0/1
[36;22m[DEBUG] [39;1msnarkJS[0m: tauG1: fft 21 join  15/21  61/64 0/1
[36;22m[DEBUG] [39;1msnarkJS[0m: tauG1: fft 21 join  15/21  59/64 0/1
[36;22m[DEBUG] [39;1msnarkJS[0m: tauG1: fft 21 join  15/21  60/64 0/1
[36;22m[DEBUG] [39;1msnarkJS[0m: tauG1: fft 21 join  15/21  49/64 0/1
[36;22m[DEBUG] [39;1msnarkJS[0m: tauG1: fft 21 join  15/21  62/64 0/1
[36;22m[DEBUG] [39;1msnarkJS[0m: tauG1: fft 21 join  15/21  57/64 0/1
[36;22m[DEBUG] [39;1msnarkJS[0m: tauG1: fft 21 join  15/21  56/64 0/1
[36;22m[DEBUG] [39;1msnarkJS[0m: tauG1: fft 21 join  15/21  63/64 0/1
[36;22m[DEBUG] [39;1msnarkJS[0m: tauG1: fft  21  join: 16/21
[36;22m[DEBUG] [39;1msnarkJS[0m: tauG1: fft 21 join  16/21  9/32 0/2
[36;22m[DEBUG] [39;1msnarkJS[0m: tauG1: fft 21 join  16/21  6/32 1/2
[36;22m[DEBUG] [39;1msnarkJS[0m: tauG1: fft 21 join  16/21  11/32 0/2
[36;22m[DEBUG] [39;1msnarkJS[0m: tauG1: fft 21 join  16/21  16/32 0/2
[36;22m[DEBUG] [39;1msnarkJS[0m: tauG1: fft 21 join  16/21  9/32 1/2
[36;22m[DEBUG] [39;1msnarkJS[0m: tauG1: fft 21 join  16/21  1/32 0/2
[36;22m[DEBUG] [39;1msnarkJS[0m: tauG1: fft 21 join  16/21  6/32 0/2
[36;22m[DEBUG] [39;1msnarkJS[0m: tauG1: fft 21 join  16/21  5/32 1/2
[36;22m[DEBUG] [39;1msnarkJS[0m: tauG1: fft 21 join  16/21  3/32 0/2
[36;22m[DEBUG] [39;1msnarkJS[0m: tauG1: fft 21 join  16/21  14/32 0/2
[36;22m[DEBUG] [39;1msnarkJS[0m: tauG1: fft 21 join  16/21  1/32 1/2
[36;22m[DEBUG] [39;1msnarkJS[0m: tauG1: fft 21 join  16/21  16/32 1/2
[36;22m[DEBUG] [39;1msnarkJS[0m: tauG1: fft 21 join  16/21  8/32 0/2
[36;22m[DEBUG] [39;1msnarkJS[0m: tauG1: fft 21 join  16/21  13/32 0/2
[36;22m[DEBUG] [39;1msnarkJS[0m: tauG1: fft 21 join  16/21  14/32 1/2
[36;22m[DEBUG] [39;1msnarkJS[0m: tauG1: fft 21 join  16/21  13/32 1/2
[36;22m[DEBUG] [39;1msnarkJS[0m: tauG1: fft 21 join  16/21  12/32 1/2
[36;22m[DEBUG] [39;1msnarkJS[0m: tauG1: fft 21 join  16/21  2/32 1/2
[36;22m[DEBUG] [39;1msnarkJS[0m: tauG1: fft 21 join  16/21  12/32 0/2
[36;22m[DEBUG] [39;1msnarkJS[0m: tauG1: fft 21 join  16/21  5/32 0/2
[36;22m[DEBUG] [39;1msnarkJS[0m: tauG1: fft 21 join  16/21  7/32 1/2
[36;22m[DEBUG] [39;1msnarkJS[0m: tauG1: fft 21 join  16/21  7/32 0/2
[36;22m[DEBUG] [39;1msnarkJS[0m: tauG1: fft 21 join  16/21  11/32 1/2
[36;22m[DEBUG] [39;1msnarkJS[0m: tauG1: fft 21 join  16/21  15/32 0/2
[36;22m[DEBUG] [39;1msnarkJS[0m: tauG1: fft 21 join  16/21  3/32 1/2
[36;22m[DEBUG] [39;1msnarkJS[0m: tauG1: fft 21 join  16/21  4/32 0/2
[36;22m[DEBUG] [39;1msnarkJS[0m: tauG1: fft 21 join  16/21  10/32 1/2
[36;22m[DEBUG] [39;1msnarkJS[0m: tauG1: fft 21 join  16/21  8/32 1/2
[36;22m[DEBUG] [39;1msnarkJS[0m: tauG1: fft 21 join  16/21  15/32 1/2
[36;22m[DEBUG] [39;1msnarkJS[0m: tauG1: fft 21 join  16/21  4/32 1/2
[36;22m[DEBUG] [39;1msnarkJS[0m: tauG1: fft 21 join  16/21  10/32 0/2
[36;22m[DEBUG] [39;1msnarkJS[0m: tauG1: fft 21 join  16/21  2/32 0/2
[36;22m[DEBUG] [39;1msnarkJS[0m: tauG1: fft 21 join  16/21  18/32 1/2
[36;22m[DEBUG] [39;1msnarkJS[0m: tauG1: fft 21 join  16/21  18/32 0/2
[36;22m[DEBUG] [39;1msnarkJS[0m: tauG1: fft 21 join  16/21  19/32 0/2
[36;22m[DEBUG] [39;1msnarkJS[0m: tauG1: fft 21 join  16/21  20/32 0/2
[36;22m[DEBUG] [39;1msnarkJS[0m: tauG1: fft 21 join  16/21  19/32 1/2
[36;22m[DEBUG] [39;1msnarkJS[0m: tauG1: fft 21 join  16/21  21/32 0/2
[36;22m[DEBUG] [39;1msnarkJS[0m: tauG1: fft 21 join  16/21  21/32 1/2
[36;22m[DEBUG] [39;1msnarkJS[0m: tauG1: fft 21 join  16/21  17/32 1/2
[36;22m[DEBUG] [39;1msnarkJS[0m: tauG1: fft 21 join  16/21  22/32 0/2
[36;22m[DEBUG] [39;1msnarkJS[0m: tauG1: fft 21 join  16/21  17/32 0/2
[36;22m[DEBUG] [39;1msnarkJS[0m: tauG1: fft 21 join  16/21  20/32 1/2
[36;22m[DEBUG] [39;1msnarkJS[0m: tauG1: fft 21 join  16/21  22/32 1/2
[36;22m[DEBUG] [39;1msnarkJS[0m: tauG1: fft 21 join  16/21  24/32 1/2
[36;22m[DEBUG] [39;1msnarkJS[0m: tauG1: fft 21 join  16/21  25/32 0/2
[36;22m[DEBUG] [39;1msnarkJS[0m: tauG1: fft 21 join  16/21  28/32 1/2
[36;22m[DEBUG] [39;1msnarkJS[0m: tauG1: fft 21 join  16/21  31/32 0/2
[36;22m[DEBUG] [39;1msnarkJS[0m: tauG1: fft 21 join  16/21  24/32 0/2
[36;22m[DEBUG] [39;1msnarkJS[0m: tauG1: fft 21 join  16/21  30/32 0/2
[36;22m[DEBUG] [39;1msnarkJS[0m: tauG1: fft 21 join  16/21  29/32 0/2
[36;22m[DEBUG] [39;1msnarkJS[0m: tauG1: fft 21 join  16/21  26/32 1/2
[36;22m[DEBUG] [39;1msnarkJS[0m: tauG1: fft 21 join  16/21  30/32 1/2
[36;22m[DEBUG] [39;1msnarkJS[0m: tauG1: fft 21 join  16/21  25/32 1/2
[36;22m[DEBUG] [39;1msnarkJS[0m: tauG1: fft 21 join  16/21  23/32 0/2
[36;22m[DEBUG] [39;1msnarkJS[0m: tauG1: fft 21 join  16/21  32/32 0/2
[36;22m[DEBUG] [39;1msnarkJS[0m: tauG1: fft 21 join  16/21  29/32 1/2
[36;22m[DEBUG] [39;1msnarkJS[0m: tauG1: fft 21 join  16/21  23/32 1/2
[36;22m[DEBUG] [39;1msnarkJS[0m: tauG1: fft 21 join  16/21  27/32 0/2
[36;22m[DEBUG] [39;1msnarkJS[0m: tauG1: fft 21 join  16/21  31/32 1/2
[36;22m[DEBUG] [39;1msnarkJS[0m: tauG1: fft 21 join  16/21  32/32 1/2
[36;22m[DEBUG] [39;1msnarkJS[0m: tauG1: fft 21 join  16/21  26/32 0/2
[36;22m[DEBUG] [39;1msnarkJS[0m: tauG1: fft 21 join  16/21  28/32 0/2
[36;22m[DEBUG] [39;1msnarkJS[0m: tauG1: fft 21 join  16/21  27/32 1/2
[36;22m[DEBUG] [39;1msnarkJS[0m: tauG1: fft  21  join: 17/21
[36;22m[DEBUG] [39;1msnarkJS[0m: tauG1: fft 21 join  17/21  2/16 0/4
[36;22m[DEBUG] [39;1msnarkJS[0m: tauG1: fft 21 join  17/21  6/16 2/4
[36;22m[DEBUG] [39;1msnarkJS[0m: tauG1: fft 21 join  17/21  6/16 0/4
[36;22m[DEBUG] [39;1msnarkJS[0m: tauG1: fft 21 join  17/21  8/16 3/4
[36;22m[DEBUG] [39;1msnarkJS[0m: tauG1: fft 21 join  17/21  4/16 0/4
[36;22m[DEBUG] [39;1msnarkJS[0m: tauG1: fft 21 join  17/21  1/16 1/4
[36;22m[DEBUG] [39;1msnarkJS[0m: tauG1: fft 21 join  17/21  3/16 1/4
[36;22m[DEBUG] [39;1msnarkJS[0m: tauG1: fft 21 join  17/21  7/16 3/4
[36;22m[DEBUG] [39;1msnarkJS[0m: tauG1: fft 21 join  17/21  3/16 2/4
[36;22m[DEBUG] [39;1msnarkJS[0m: tauG1: fft 21 join  17/21  2/16 1/4
[36;22m[DEBUG] [39;1msnarkJS[0m: tauG1: fft 21 join  17/21  4/16 3/4
[36;22m[DEBUG] [39;1msnarkJS[0m: tauG1: fft 21 join  17/21  2/16 3/4
[36;22m[DEBUG] [39;1msnarkJS[0m: tauG1: fft 21 join  17/21  5/16 1/4
[36;22m[DEBUG] [39;1msnarkJS[0m: tauG1: fft 21 join  17/21  7/16 1/4
[36;22m[DEBUG] [39;1msnarkJS[0m: tauG1: fft 21 join  17/21  4/16 2/4
[36;22m[DEBUG] [39;1msnarkJS[0m: tauG1: fft 21 join  17/21  1/16 3/4
[36;22m[DEBUG] [39;1msnarkJS[0m: tauG1: fft 21 join  17/21  1/16 0/4
[36;22m[DEBUG] [39;1msnarkJS[0m: tauG1: fft 21 join  17/21  5/16 0/4
[36;22m[DEBUG] [39;1msnarkJS[0m: tauG1: fft 21 join  17/21  1/16 2/4
[36;22m[DEBUG] [39;1msnarkJS[0m: tauG1: fft 21 join  17/21  6/16 3/4
[36;22m[DEBUG] [39;1msnarkJS[0m: tauG1: fft 21 join  17/21  5/16 3/4
[36;22m[DEBUG] [39;1msnarkJS[0m: tauG1: fft 21 join  17/21  6/16 1/4
[36;22m[DEBUG] [39;1msnarkJS[0m: tauG1: fft 21 join  17/21  8/16 0/4
[36;22m[DEBUG] [39;1msnarkJS[0m: tauG1: fft 21 join  17/21  8/16 1/4
[36;22m[DEBUG] [39;1msnarkJS[0m: tauG1: fft 21 join  17/21  3/16 0/4
[36;22m[DEBUG] [39;1msnarkJS[0m: tauG1: fft 21 join  17/21  7/16 0/4
[36;22m[DEBUG] [39;1msnarkJS[0m: tauG1: fft 21 join  17/21  4/16 1/4
[36;22m[DEBUG] [39;1msnarkJS[0m: tauG1: fft 21 join  17/21  7/16 2/4
[36;22m[DEBUG] [39;1msnarkJS[0m: tauG1: fft 21 join  17/21  5/16 2/4
[36;22m[DEBUG] [39;1msnarkJS[0m: tauG1: fft 21 join  17/21  3/16 3/4
[36;22m[DEBUG] [39;1msnarkJS[0m: tauG1: fft 21 join  17/21  2/16 2/4
[36;22m[DEBUG] [39;1msnarkJS[0m: tauG1: fft 21 join  17/21  8/16 2/4
[36;22m[DEBUG] [39;1msnarkJS[0m: tauG1: fft 21 join  17/21  9/16 0/4
[36;22m[DEBUG] [39;1msnarkJS[0m: tauG1: fft 21 join  17/21  9/16 1/4
[36;22m[DEBUG] [39;1msnarkJS[0m: tauG1: fft 21 join  17/21  9/16 3/4
[36;22m[DEBUG] [39;1msnarkJS[0m: tauG1: fft 21 join  17/21  9/16 2/4
[36;22m[DEBUG] [39;1msnarkJS[0m: tauG1: fft 21 join  17/21  10/16 0/4
[36;22m[DEBUG] [39;1msnarkJS[0m: tauG1: fft 21 join  17/21  10/16 2/4
[36;22m[DEBUG] [39;1msnarkJS[0m: tauG1: fft 21 join  17/21  11/16 3/4
[36;22m[DEBUG] [39;1msnarkJS[0m: tauG1: fft 21 join  17/21  10/16 3/4
[36;22m[DEBUG] [39;1msnarkJS[0m: tauG1: fft 21 join  17/21  11/16 0/4
[36;22m[DEBUG] [39;1msnarkJS[0m: tauG1: fft 21 join  17/21  12/16 1/4
[36;22m[DEBUG] [39;1msnarkJS[0m: tauG1: fft 21 join  17/21  10/16 1/4
[36;22m[DEBUG] [39;1msnarkJS[0m: tauG1: fft 21 join  17/21  11/16 2/4
[36;22m[DEBUG] [39;1msnarkJS[0m: tauG1: fft 21 join  17/21  15/16 2/4
[36;22m[DEBUG] [39;1msnarkJS[0m: tauG1: fft 21 join  17/21  15/16 0/4
[36;22m[DEBUG] [39;1msnarkJS[0m: tauG1: fft 21 join  17/21  16/16 2/4
[36;22m[DEBUG] [39;1msnarkJS[0m: tauG1: fft 21 join  17/21  12/16 0/4
[36;22m[DEBUG] [39;1msnarkJS[0m: tauG1: fft 21 join  17/21  15/16 3/4
[36;22m[DEBUG] [39;1msnarkJS[0m: tauG1: fft 21 join  17/21  14/16 2/4
[36;22m[DEBUG] [39;1msnarkJS[0m: tauG1: fft 21 join  17/21  14/16 3/4
[36;22m[DEBUG] [39;1msnarkJS[0m: tauG1: fft 21 join  17/21  16/16 1/4
[36;22m[DEBUG] [39;1msnarkJS[0m: tauG1: fft 21 join  17/21  13/16 1/4
[36;22m[DEBUG] [39;1msnarkJS[0m: tauG1: fft 21 join  17/21  11/16 1/4
[36;22m[DEBUG] [39;1msnarkJS[0m: tauG1: fft 21 join  17/21  16/16 3/4
[36;22m[DEBUG] [39;1msnarkJS[0m: tauG1: fft 21 join  17/21  13/16 0/4
[36;22m[DEBUG] [39;1msnarkJS[0m: tauG1: fft 21 join  17/21  16/16 0/4
[36;22m[DEBUG] [39;1msnarkJS[0m: tauG1: fft 21 join  17/21  12/16 3/4
[36;22m[DEBUG] [39;1msnarkJS[0m: tauG1: fft 21 join  17/21  13/16 3/4
[36;22m[DEBUG] [39;1msnarkJS[0m: tauG1: fft 21 join  17/21  12/16 2/4
[36;22m[DEBUG] [39;1msnarkJS[0m: tauG1: fft 21 join  17/21  13/16 2/4
[36;22m[DEBUG] [39;1msnarkJS[0m: tauG1: fft 21 join  17/21  14/16 1/4
[36;22m[DEBUG] [39;1msnarkJS[0m: tauG1: fft 21 join  17/21  14/16 0/4
[36;22m[DEBUG] [39;1msnarkJS[0m: tauG1: fft 21 join  17/21  15/16 1/4
[36;22m[DEBUG] [39;1msnarkJS[0m: tauG1: fft  21  join: 18/21
[36;22m[DEBUG] [39;1msnarkJS[0m: tauG1: fft 21 join  18/21  1/8 4/8
[36;22m[DEBUG] [39;1msnarkJS[0m: tauG1: fft 21 join  18/21  1/8 6/8
[36;22m[DEBUG] [39;1msnarkJS[0m: tauG1: fft 21 join  18/21  2/8 7/8
[36;22m[DEBUG] [39;1msnarkJS[0m: tauG1: fft 21 join  18/21  2/8 1/8
[36;22m[DEBUG] [39;1msnarkJS[0m: tauG1: fft 21 join  18/21  3/8 4/8
[36;22m[DEBUG] [39;1msnarkJS[0m: tauG1: fft 21 join  18/21  2/8 5/8
[36;22m[DEBUG] [39;1msnarkJS[0m: tauG1: fft 21 join  18/21  2/8 0/8
[36;22m[DEBUG] [39;1msnarkJS[0m: tauG1: fft 21 join  18/21  1/8 1/8
[36;22m[DEBUG] [39;1msnarkJS[0m: tauG1: fft 21 join  18/21  1/8 7/8
[36;22m[DEBUG] [39;1msnarkJS[0m: tauG1: fft 21 join  18/21  2/8 2/8
[36;22m[DEBUG] [39;1msnarkJS[0m: tauG1: fft 21 join  18/21  3/8 3/8
[36;22m[DEBUG] [39;1msnarkJS[0m: tauG1: fft 21 join  18/21  2/8 3/8
[36;22m[DEBUG] [39;1msnarkJS[0m: tauG1: fft 21 join  18/21  3/8 6/8
[36;22m[DEBUG] [39;1msnarkJS[0m: tauG1: fft 21 join  18/21  2/8 6/8
[36;22m[DEBUG] [39;1msnarkJS[0m: tauG1: fft 21 join  18/21  1/8 3/8
[36;22m[DEBUG] [39;1msnarkJS[0m: tauG1: fft 21 join  18/21  4/8 3/8
[36;22m[DEBUG] [39;1msnarkJS[0m: tauG1: fft 21 join  18/21  4/8 5/8
[36;22m[DEBUG] [39;1msnarkJS[0m: tauG1: fft 21 join  18/21  4/8 0/8
[36;22m[DEBUG] [39;1msnarkJS[0m: tauG1: fft 21 join  18/21  3/8 5/8
[36;22m[DEBUG] [39;1msnarkJS[0m: tauG1: fft 21 join  18/21  2/8 4/8
[36;22m[DEBUG] [39;1msnarkJS[0m: tauG1: fft 21 join  18/21  4/8 7/8
[36;22m[DEBUG] [39;1msnarkJS[0m: tauG1: fft 21 join  18/21  3/8 1/8
[36;22m[DEBUG] [39;1msnarkJS[0m: tauG1: fft 21 join  18/21  3/8 7/8
[36;22m[DEBUG] [39;1msnarkJS[0m: tauG1: fft 21 join  18/21  4/8 1/8
[36;22m[DEBUG] [39;1msnarkJS[0m: tauG1: fft 21 join  18/21  4/8 6/8
[36;22m[DEBUG] [39;1msnarkJS[0m: tauG1: fft 21 join  18/21  1/8 0/8
[36;22m[DEBUG] [39;1msnarkJS[0m: tauG1: fft 21 join  18/21  1/8 5/8
[36;22m[DEBUG] [39;1msnarkJS[0m: tauG1: fft 21 join  18/21  1/8 2/8
[36;22m[DEBUG] [39;1msnarkJS[0m: tauG1: fft 21 join  18/21  3/8 0/8
[36;22m[DEBUG] [39;1msnarkJS[0m: tauG1: fft 21 join  18/21  3/8 2/8
[36;22m[DEBUG] [39;1msnarkJS[0m: tauG1: fft 21 join  18/21  4/8 2/8
[36;22m[DEBUG] [39;1msnarkJS[0m: tauG1: fft 21 join  18/21  4/8 4/8
[36;22m[DEBUG] [39;1msnarkJS[0m: tauG1: fft 21 join  18/21  5/8 0/8
[36;22m[DEBUG] [39;1msnarkJS[0m: tauG1: fft 21 join  18/21  5/8 4/8
[36;22m[DEBUG] [39;1msnarkJS[0m: tauG1: fft 21 join  18/21  5/8 2/8
[36;22m[DEBUG] [39;1msnarkJS[0m: tauG1: fft 21 join  18/21  5/8 6/8
[36;22m[DEBUG] [39;1msnarkJS[0m: tauG1: fft 21 join  18/21  6/8 0/8
[36;22m[DEBUG] [39;1msnarkJS[0m: tauG1: fft 21 join  18/21  5/8 7/8
[36;22m[DEBUG] [39;1msnarkJS[0m: tauG1: fft 21 join  18/21  6/8 3/8
[36;22m[DEBUG] [39;1msnarkJS[0m: tauG1: fft 21 join  18/21  6/8 2/8
[36;22m[DEBUG] [39;1msnarkJS[0m: tauG1: fft 21 join  18/21  5/8 3/8
[36;22m[DEBUG] [39;1msnarkJS[0m: tauG1: fft 21 join  18/21  5/8 1/8
[36;22m[DEBUG] [39;1msnarkJS[0m: tauG1: fft 21 join  18/21  5/8 5/8
[36;22m[DEBUG] [39;1msnarkJS[0m: tauG1: fft 21 join  18/21  6/8 1/8
[36;22m[DEBUG] [39;1msnarkJS[0m: tauG1: fft 21 join  18/21  6/8 6/8
[36;22m[DEBUG] [39;1msnarkJS[0m: tauG1: fft 21 join  18/21  8/8 4/8
[36;22m[DEBUG] [39;1msnarkJS[0m: tauG1: fft 21 join  18/21  8/8 7/8
[36;22m[DEBUG] [39;1msnarkJS[0m: tauG1: fft 21 join  18/21  8/8 2/8
[36;22m[DEBUG] [39;1msnarkJS[0m: tauG1: fft 21 join  18/21  7/8 0/8
[36;22m[DEBUG] [39;1msnarkJS[0m: tauG1: fft 21 join  18/21  6/8 7/8
[36;22m[DEBUG] [39;1msnarkJS[0m: tauG1: fft 21 join  18/21  8/8 5/8
[36;22m[DEBUG] [39;1msnarkJS[0m: tauG1: fft 21 join  18/21  8/8 0/8
[36;22m[DEBUG] [39;1msnarkJS[0m: tauG1: fft 21 join  18/21  7/8 1/8
[36;22m[DEBUG] [39;1msnarkJS[0m: tauG1: fft 21 join  18/21  6/8 4/8
[36;22m[DEBUG] [39;1msnarkJS[0m: tauG1: fft 21 join  18/21  7/8 5/8
[36;22m[DEBUG] [39;1msnarkJS[0m: tauG1: fft 21 join  18/21  7/8 3/8
[36;22m[DEBUG] [39;1msnarkJS[0m: tauG1: fft 21 join  18/21  7/8 6/8
[36;22m[DEBUG] [39;1msnarkJS[0m: tauG1: fft 21 join  18/21  6/8 5/8
[36;22m[DEBUG] [39;1msnarkJS[0m: tauG1: fft 21 join  18/21  7/8 4/8
[36;22m[DEBUG] [39;1msnarkJS[0m: tauG1: fft 21 join  18/21  7/8 2/8
[36;22m[DEBUG] [39;1msnarkJS[0m: tauG1: fft 21 join  18/21  7/8 7/8
[36;22m[DEBUG] [39;1msnarkJS[0m: tauG1: fft 21 join  18/21  8/8 3/8
[36;22m[DEBUG] [39;1msnarkJS[0m: tauG1: fft 21 join  18/21  8/8 6/8
[36;22m[DEBUG] [39;1msnarkJS[0m: tauG1: fft 21 join  18/21  8/8 1/8
[36;22m[DEBUG] [39;1msnarkJS[0m: tauG1: fft  21  join: 19/21
[36;22m[DEBUG] [39;1msnarkJS[0m: tauG1: fft 21 join  19/21  1/4 4/16
[36;22m[DEBUG] [39;1msnarkJS[0m: tauG1: fft 21 join  19/21  1/4 8/16
[36;22m[DEBUG] [39;1msnarkJS[0m: tauG1: fft 21 join  19/21  2/4 2/16
[36;22m[DEBUG] [39;1msnarkJS[0m: tauG1: fft 21 join  19/21  1/4 12/16
[36;22m[DEBUG] [39;1msnarkJS[0m: tauG1: fft 21 join  19/21  1/4 7/16
[36;22m[DEBUG] [39;1msnarkJS[0m: tauG1: fft 21 join  19/21  1/4 2/16
[36;22m[DEBUG] [39;1msnarkJS[0m: tauG1: fft 21 join  19/21  2/4 12/16
[36;22m[DEBUG] [39;1msnarkJS[0m: tauG1: fft 21 join  19/21  2/4 10/16
[36;22m[DEBUG] [39;1msnarkJS[0m: tauG1: fft 21 join  19/21  2/4 11/16
[36;22m[DEBUG] [39;1msnarkJS[0m: tauG1: fft 21 join  19/21  1/4 10/16
[36;22m[DEBUG] [39;1msnarkJS[0m: tauG1: fft 21 join  19/21  1/4 1/16
[36;22m[DEBUG] [39;1msnarkJS[0m: tauG1: fft 21 join  19/21  1/4 11/16
[36;22m[DEBUG] [39;1msnarkJS[0m: tauG1: fft 21 join  19/21  1/4 13/16
[36;22m[DEBUG] [39;1msnarkJS[0m: tauG1: fft 21 join  19/21  1/4 15/16
[36;22m[DEBUG] [39;1msnarkJS[0m: tauG1: fft 21 join  19/21  1/4 5/16
[36;22m[DEBUG] [39;1msnarkJS[0m: tauG1: fft 21 join  19/21  2/4 14/16
[36;22m[DEBUG] [39;1msnarkJS[0m: tauG1: fft 21 join  19/21  2/4 15/16
[36;22m[DEBUG] [39;1msnarkJS[0m: tauG1: fft 21 join  19/21  2/4 6/16
[36;22m[DEBUG] [39;1msnarkJS[0m: tauG1: fft 21 join  19/21  1/4 3/16
[36;22m[DEBUG] [39;1msnarkJS[0m: tauG1: fft 21 join  19/21  1/4 0/16
[36;22m[DEBUG] [39;1msnarkJS[0m: tauG1: fft 21 join  19/21  2/4 13/16
[36;22m[DEBUG] [39;1msnarkJS[0m: tauG1: fft 21 join  19/21  2/4 0/16
[36;22m[DEBUG] [39;1msnarkJS[0m: tauG1: fft 21 join  19/21  1/4 6/16
[36;22m[DEBUG] [39;1msnarkJS[0m: tauG1: fft 21 join  19/21  2/4 9/16
[36;22m[DEBUG] [39;1msnarkJS[0m: tauG1: fft 21 join  19/21  2/4 7/16
[36;22m[DEBUG] [39;1msnarkJS[0m: tauG1: fft 21 join  19/21  2/4 5/16
[36;22m[DEBUG] [39;1msnarkJS[0m: tauG1: fft 21 join  19/21  2/4 1/16
[36;22m[DEBUG] [39;1msnarkJS[0m: tauG1: fft 21 join  19/21  2/4 4/16
[36;22m[DEBUG] [39;1msnarkJS[0m: tauG1: fft 21 join  19/21  2/4 8/16
[36;22m[DEBUG] [39;1msnarkJS[0m: tauG1: fft 21 join  19/21  2/4 3/16
[36;22m[DEBUG] [39;1msnarkJS[0m: tauG1: fft 21 join  19/21  1/4 14/16
[36;22m[DEBUG] [39;1msnarkJS[0m: tauG1: fft 21 join  19/21  1/4 9/16
[36;22m[DEBUG] [39;1msnarkJS[0m: tauG1: fft 21 join  19/21  3/4 0/16
[36;22m[DEBUG] [39;1msnarkJS[0m: tauG1: fft 21 join  19/21  3/4 1/16
[36;22m[DEBUG] [39;1msnarkJS[0m: tauG1: fft 21 join  19/21  3/4 4/16
[36;22m[DEBUG] [39;1msnarkJS[0m: tauG1: fft 21 join  19/21  3/4 2/16
[36;22m[DEBUG] [39;1msnarkJS[0m: tauG1: fft 21 join  19/21  3/4 6/16
[36;22m[DEBUG] [39;1msnarkJS[0m: tauG1: fft 21 join  19/21  3/4 7/16
[36;22m[DEBUG] [39;1msnarkJS[0m: tauG1: fft 21 join  19/21  3/4 5/16
[36;22m[DEBUG] [39;1msnarkJS[0m: tauG1: fft 21 join  19/21  3/4 3/16
[36;22m[DEBUG] [39;1msnarkJS[0m: tauG1: fft 21 join  19/21  3/4 10/16
[36;22m[DEBUG] [39;1msnarkJS[0m: tauG1: fft 21 join  19/21  3/4 8/16
[36;22m[DEBUG] [39;1msnarkJS[0m: tauG1: fft 21 join  19/21  4/4 0/16
[36;22m[DEBUG] [39;1msnarkJS[0m: tauG1: fft 21 join  19/21  3/4 9/16
[36;22m[DEBUG] [39;1msnarkJS[0m: tauG1: fft 21 join  19/21  4/4 7/16
[36;22m[DEBUG] [39;1msnarkJS[0m: tauG1: fft 21 join  19/21  3/4 12/16
[36;22m[DEBUG] [39;1msnarkJS[0m: tauG1: fft 21 join  19/21  3/4 14/16
[36;22m[DEBUG] [39;1msnarkJS[0m: tauG1: fft 21 join  19/21  4/4 15/16
[36;22m[DEBUG] [39;1msnarkJS[0m: tauG1: fft 21 join  19/21  3/4 13/16
[36;22m[DEBUG] [39;1msnarkJS[0m: tauG1: fft 21 join  19/21  4/4 4/16
[36;22m[DEBUG] [39;1msnarkJS[0m: tauG1: fft 21 join  19/21  4/4 2/16
[36;22m[DEBUG] [39;1msnarkJS[0m: tauG1: fft 21 join  19/21  4/4 11/16
[36;22m[DEBUG] [39;1msnarkJS[0m: tauG1: fft 21 join  19/21  4/4 6/16
[36;22m[DEBUG] [39;1msnarkJS[0m: tauG1: fft 21 join  19/21  4/4 8/16
[36;22m[DEBUG] [39;1msnarkJS[0m: tauG1: fft 21 join  19/21  3/4 11/16
[36;22m[DEBUG] [39;1msnarkJS[0m: tauG1: fft 21 join  19/21  4/4 12/16
[36;22m[DEBUG] [39;1msnarkJS[0m: tauG1: fft 21 join  19/21  4/4 13/16
[36;22m[DEBUG] [39;1msnarkJS[0m: tauG1: fft 21 join  19/21  4/4 1/16
[36;22m[DEBUG] [39;1msnarkJS[0m: tauG1: fft 21 join  19/21  4/4 5/16
[36;22m[DEBUG] [39;1msnarkJS[0m: tauG1: fft 21 join  19/21  3/4 15/16
[36;22m[DEBUG] [39;1msnarkJS[0m: tauG1: fft 21 join  19/21  4/4 9/16
[36;22m[DEBUG] [39;1msnarkJS[0m: tauG1: fft 21 join  19/21  4/4 10/16
[36;22m[DEBUG] [39;1msnarkJS[0m: tauG1: fft 21 join  19/21  4/4 3/16
[36;22m[DEBUG] [39;1msnarkJS[0m: tauG1: fft 21 join  19/21  4/4 14/16
[36;22m[DEBUG] [39;1msnarkJS[0m: tauG1: fft  21  join: 20/21
[36;22m[DEBUG] [39;1msnarkJS[0m: tauG1: fft 21 join  20/21  1/2 4/32
[36;22m[DEBUG] [39;1msnarkJS[0m: tauG1: fft 21 join  20/21  1/2 9/32
[36;22m[DEBUG] [39;1msnarkJS[0m: tauG1: fft 21 join  20/21  1/2 29/32
[36;22m[DEBUG] [39;1msnarkJS[0m: tauG1: fft 21 join  20/21  1/2 10/32
[36;22m[DEBUG] [39;1msnarkJS[0m: tauG1: fft 21 join  20/21  1/2 20/32
[36;22m[DEBUG] [39;1msnarkJS[0m: tauG1: fft 21 join  20/21  1/2 8/32
[36;22m[DEBUG] [39;1msnarkJS[0m: tauG1: fft 21 join  20/21  1/2 7/32
[36;22m[DEBUG] [39;1msnarkJS[0m: tauG1: fft 21 join  20/21  1/2 22/32
[36;22m[DEBUG] [39;1msnarkJS[0m: tauG1: fft 21 join  20/21  1/2 14/32
[36;22m[DEBUG] [39;1msnarkJS[0m: tauG1: fft 21 join  20/21  1/2 11/32
[36;22m[DEBUG] [39;1msnarkJS[0m: tauG1: fft 21 join  20/21  1/2 16/32
[36;22m[DEBUG] [39;1msnarkJS[0m: tauG1: fft 21 join  20/21  1/2 27/32
[36;22m[DEBUG] [39;1msnarkJS[0m: tauG1: fft 21 join  20/21  1/2 1/32
[36;22m[DEBUG] [39;1msnarkJS[0m: tauG1: fft 21 join  20/21  1/2 18/32
[36;22m[DEBUG] [39;1msnarkJS[0m: tauG1: fft 21 join  20/21  1/2 5/32
[36;22m[DEBUG] [39;1msnarkJS[0m: tauG1: fft 21 join  20/21  1/2 13/32
[36;22m[DEBUG] [39;1msnarkJS[0m: tauG1: fft 21 join  20/21  1/2 15/32
[36;22m[DEBUG] [39;1msnarkJS[0m: tauG1: fft 21 join  20/21  1/2 2/32
[36;22m[DEBUG] [39;1msnarkJS[0m: tauG1: fft 21 join  20/21  1/2 3/32
[36;22m[DEBUG] [39;1msnarkJS[0m: tauG1: fft 21 join  20/21  1/2 17/32
[36;22m[DEBUG] [39;1msnarkJS[0m: tauG1: fft 21 join  20/21  1/2 6/32
[36;22m[DEBUG] [39;1msnarkJS[0m: tauG1: fft 21 join  20/21  1/2 12/32
[36;22m[DEBUG] [39;1msnarkJS[0m: tauG1: fft 21 join  20/21  1/2 19/32
[36;22m[DEBUG] [39;1msnarkJS[0m: tauG1: fft 21 join  20/21  1/2 21/32
[36;22m[DEBUG] [39;1msnarkJS[0m: tauG1: fft 21 join  20/21  1/2 0/32
[36;22m[DEBUG] [39;1msnarkJS[0m: tauG1: fft 21 join  20/21  1/2 23/32
[36;22m[DEBUG] [39;1msnarkJS[0m: tauG1: fft 21 join  20/21  1/2 31/32
[36;22m[DEBUG] [39;1msnarkJS[0m: tauG1: fft 21 join  20/21  1/2 30/32
[36;22m[DEBUG] [39;1msnarkJS[0m: tauG1: fft 21 join  20/21  1/2 25/32
[36;22m[DEBUG] [39;1msnarkJS[0m: tauG1: fft 21 join  20/21  1/2 24/32
[36;22m[DEBUG] [39;1msnarkJS[0m: tauG1: fft 21 join  20/21  1/2 28/32
[36;22m[DEBUG] [39;1msnarkJS[0m: tauG1: fft 21 join  20/21  1/2 26/32
[36;22m[DEBUG] [39;1msnarkJS[0m: tauG1: fft 21 join  20/21  2/2 3/32
[36;22m[DEBUG] [39;1msnarkJS[0m: tauG1: fft 21 join  20/21  2/2 5/32
[36;22m[DEBUG] [39;1msnarkJS[0m: tauG1: fft 21 join  20/21  2/2 1/32
[36;22m[DEBUG] [39;1msnarkJS[0m: tauG1: fft 21 join  20/21  2/2 6/32
[36;22m[DEBUG] [39;1msnarkJS[0m: tauG1: fft 21 join  20/21  2/2 2/32
[36;22m[DEBUG] [39;1msnarkJS[0m: tauG1: fft 21 join  20/21  2/2 4/32
[36;22m[DEBUG] [39;1msnarkJS[0m: tauG1: fft 21 join  20/21  2/2 0/32
[36;22m[DEBUG] [39;1msnarkJS[0m: tauG1: fft 21 join  20/21  2/2 8/32
[36;22m[DEBUG] [39;1msnarkJS[0m: tauG1: fft 21 join  20/21  2/2 11/32
[36;22m[DEBUG] [39;1msnarkJS[0m: tauG1: fft 21 join  20/21  2/2 7/32
[36;22m[DEBUG] [39;1msnarkJS[0m: tauG1: fft 21 join  20/21  2/2 10/32
[36;22m[DEBUG] [39;1msnarkJS[0m: tauG1: fft 21 join  20/21  2/2 9/32
[36;22m[DEBUG] [39;1msnarkJS[0m: tauG1: fft 21 join  20/21  2/2 12/32
[36;22m[DEBUG] [39;1msnarkJS[0m: tauG1: fft 21 join  20/21  2/2 17/32
[36;22m[DEBUG] [39;1msnarkJS[0m: tauG1: fft 21 join  20/21  2/2 15/32
[36;22m[DEBUG] [39;1msnarkJS[0m: tauG1: fft 21 join  20/21  2/2 13/32
[36;22m[DEBUG] [39;1msnarkJS[0m: tauG1: fft 21 join  20/21  2/2 21/32
[36;22m[DEBUG] [39;1msnarkJS[0m: tauG1: fft 21 join  20/21  2/2 25/32
[36;22m[DEBUG] [39;1msnarkJS[0m: tauG1: fft 21 join  20/21  2/2 23/32
[36;22m[DEBUG] [39;1msnarkJS[0m: tauG1: fft 21 join  20/21  2/2 27/32
[36;22m[DEBUG] [39;1msnarkJS[0m: tauG1: fft 21 join  20/21  2/2 28/32
[36;22m[DEBUG] [39;1msnarkJS[0m: tauG1: fft 21 join  20/21  2/2 16/32
[36;22m[DEBUG] [39;1msnarkJS[0m: tauG1: fft 21 join  20/21  2/2 26/32
[36;22m[DEBUG] [39;1msnarkJS[0m: tauG1: fft 21 join  20/21  2/2 18/32
[36;22m[DEBUG] [39;1msnarkJS[0m: tauG1: fft 21 join  20/21  2/2 20/32
[36;22m[DEBUG] [39;1msnarkJS[0m: tauG1: fft 21 join  20/21  2/2 14/32
[36;22m[DEBUG] [39;1msnarkJS[0m: tauG1: fft 21 join  20/21  2/2 22/32
[36;22m[DEBUG] [39;1msnarkJS[0m: tauG1: fft 21 join  20/21  2/2 29/32
[36;22m[DEBUG] [39;1msnarkJS[0m: tauG1: fft 21 join  20/21  2/2 19/32
[36;22m[DEBUG] [39;1msnarkJS[0m: tauG1: fft 21 join  20/21  2/2 24/32
[36;22m[DEBUG] [39;1msnarkJS[0m: tauG1: fft 21 join  20/21  2/2 31/32
[36;22m[DEBUG] [39;1msnarkJS[0m: tauG1: fft 21 join  20/21  2/2 30/32
[36;22m[DEBUG] [39;1msnarkJS[0m: tauG1: fft  21  join: 21/21
[36;22m[DEBUG] [39;1msnarkJS[0m: tauG1: fft 21 join  21/21  1/1 2/64
[36;22m[DEBUG] [39;1msnarkJS[0m: tauG1: fft 21 join  21/21  1/1 25/64
[36;22m[DEBUG] [39;1msnarkJS[0m: tauG1: fft 21 join  21/21  1/1 23/64
[36;22m[DEBUG] [39;1msnarkJS[0m: tauG1: fft 21 join  21/21  1/1 13/64
[36;22m[DEBUG] [39;1msnarkJS[0m: tauG1: fft 21 join  21/21  1/1 1/64
[36;22m[DEBUG] [39;1msnarkJS[0m: tauG1: fft 21 join  21/21  1/1 26/64
[36;22m[DEBUG] [39;1msnarkJS[0m: tauG1: fft 21 join  21/21  1/1 5/64
[36;22m[DEBUG] [39;1msnarkJS[0m: tauG1: fft 21 join  21/21  1/1 18/64
[36;22m[DEBUG] [39;1msnarkJS[0m: tauG1: fft 21 join  21/21  1/1 9/64
[36;22m[DEBUG] [39;1msnarkJS[0m: tauG1: fft 21 join  21/21  1/1 30/64
[36;22m[DEBUG] [39;1msnarkJS[0m: tauG1: fft 21 join  21/21  1/1 8/64
[36;22m[DEBUG] [39;1msnarkJS[0m: tauG1: fft 21 join  21/21  1/1 17/64
[36;22m[DEBUG] [39;1msnarkJS[0m: tauG1: fft 21 join  21/21  1/1 10/64
[36;22m[DEBUG] [39;1msnarkJS[0m: tauG1: fft 21 join  21/21  1/1 0/64
[36;22m[DEBUG] [39;1msnarkJS[0m: tauG1: fft 21 join  21/21  1/1 19/64
[36;22m[DEBUG] [39;1msnarkJS[0m: tauG1: fft 21 join  21/21  1/1 4/64
[36;22m[DEBUG] [39;1msnarkJS[0m: tauG1: fft 21 join  21/21  1/1 28/64
[36;22m[DEBUG] [39;1msnarkJS[0m: tauG1: fft 21 join  21/21  1/1 27/64
[36;22m[DEBUG] [39;1msnarkJS[0m: tauG1: fft 21 join  21/21  1/1 11/64
[36;22m[DEBUG] [39;1msnarkJS[0m: tauG1: fft 21 join  21/21  1/1 14/64
[36;22m[DEBUG] [39;1msnarkJS[0m: tauG1: fft 21 join  21/21  1/1 29/64
[36;22m[DEBUG] [39;1msnarkJS[0m: tauG1: fft 21 join  21/21  1/1 12/64
[36;22m[DEBUG] [39;1msnarkJS[0m: tauG1: fft 21 join  21/21  1/1 20/64
[36;22m[DEBUG] [39;1msnarkJS[0m: tauG1: fft 21 join  21/21  1/1 21/64
[36;22m[DEBUG] [39;1msnarkJS[0m: tauG1: fft 21 join  21/21  1/1 15/64
[36;22m[DEBUG] [39;1msnarkJS[0m: tauG1: fft 21 join  21/21  1/1 6/64
[36;22m[DEBUG] [39;1msnarkJS[0m: tauG1: fft 21 join  21/21  1/1 16/64
[36;22m[DEBUG] [39;1msnarkJS[0m: tauG1: fft 21 join  21/21  1/1 24/64
[36;22m[DEBUG] [39;1msnarkJS[0m: tauG1: fft 21 join  21/21  1/1 31/64
[36;22m[DEBUG] [39;1msnarkJS[0m: tauG1: fft 21 join  21/21  1/1 3/64
[36;22m[DEBUG] [39;1msnarkJS[0m: tauG1: fft 21 join  21/21  1/1 7/64
[36;22m[DEBUG] [39;1msnarkJS[0m: tauG1: fft 21 join  21/21  1/1 22/64
[36;22m[DEBUG] [39;1msnarkJS[0m: tauG1: fft 21 join  21/21  1/1 33/64
[36;22m[DEBUG] [39;1msnarkJS[0m: tauG1: fft 21 join  21/21  1/1 35/64
[36;22m[DEBUG] [39;1msnarkJS[0m: tauG1: fft 21 join  21/21  1/1 36/64
[36;22m[DEBUG] [39;1msnarkJS[0m: tauG1: fft 21 join  21/21  1/1 32/64
[36;22m[DEBUG] [39;1msnarkJS[0m: tauG1: fft 21 join  21/21  1/1 38/64
[36;22m[DEBUG] [39;1msnarkJS[0m: tauG1: fft 21 join  21/21  1/1 40/64
[36;22m[DEBUG] [39;1msnarkJS[0m: tauG1: fft 21 join  21/21  1/1 41/64
[36;22m[DEBUG] [39;1msnarkJS[0m: tauG1: fft 21 join  21/21  1/1 42/64
[36;22m[DEBUG] [39;1msnarkJS[0m: tauG1: fft 21 join  21/21  1/1 34/64
[36;22m[DEBUG] [39;1msnarkJS[0m: tauG1: fft 21 join  21/21  1/1 37/64
[36;22m[DEBUG] [39;1msnarkJS[0m: tauG1: fft 21 join  21/21  1/1 49/64
[36;22m[DEBUG] [39;1msnarkJS[0m: tauG1: fft 21 join  21/21  1/1 43/64
[36;22m[DEBUG] [39;1msnarkJS[0m: tauG1: fft 21 join  21/21  1/1 51/64
[36;22m[DEBUG] [39;1msnarkJS[0m: tauG1: fft 21 join  21/21  1/1 50/64
[36;22m[DEBUG] [39;1msnarkJS[0m: tauG1: fft 21 join  21/21  1/1 48/64
[36;22m[DEBUG] [39;1msnarkJS[0m: tauG1: fft 21 join  21/21  1/1 53/64
[36;22m[DEBUG] [39;1msnarkJS[0m: tauG1: fft 21 join  21/21  1/1 44/64
[36;22m[DEBUG] [39;1msnarkJS[0m: tauG1: fft 21 join  21/21  1/1 46/64
[36;22m[DEBUG] [39;1msnarkJS[0m: tauG1: fft 21 join  21/21  1/1 39/64
[36;22m[DEBUG] [39;1msnarkJS[0m: tauG1: fft 21 join  21/21  1/1 59/64
[36;22m[DEBUG] [39;1msnarkJS[0m: tauG1: fft 21 join  21/21  1/1 63/64
[36;22m[DEBUG] [39;1msnarkJS[0m: tauG1: fft 21 join  21/21  1/1 47/64
[36;22m[DEBUG] [39;1msnarkJS[0m: tauG1: fft 21 join  21/21  1/1 61/64
[36;22m[DEBUG] [39;1msnarkJS[0m: tauG1: fft 21 join  21/21  1/1 62/64
[36;22m[DEBUG] [39;1msnarkJS[0m: tauG1: fft 21 join  21/21  1/1 60/64
[36;22m[DEBUG] [39;1msnarkJS[0m: tauG1: fft 21 join  21/21  1/1 52/64
[36;22m[DEBUG] [39;1msnarkJS[0m: tauG1: fft 21 join  21/21  1/1 54/64
[36;22m[DEBUG] [39;1msnarkJS[0m: tauG1: fft 21 join  21/21  1/1 45/64
[36;22m[DEBUG] [39;1msnarkJS[0m: tauG1: fft 21 join  21/21  1/1 55/64
[36;22m[DEBUG] [39;1msnarkJS[0m: tauG1: fft 21 join  21/21  1/1 56/64
[36;22m[DEBUG] [39;1msnarkJS[0m: tauG1: fft 21 join  21/21  1/1 58/64
[36;22m[DEBUG] [39;1msnarkJS[0m: tauG1: fft 21 join  21/21  1/1 57/64
[36;22m[DEBUG] [39;1msnarkJS[0m: Starting section: tauG2
[36;22m[DEBUG] [39;1msnarkJS[0m: tauG2: fft 0 mix start: 0/1
[36;22m[DEBUG] [39;1msnarkJS[0m: tauG2: fft 0 mix end: 0/1
[36;22m[DEBUG] [39;1msnarkJS[0m: tauG2: fft 1 mix start: 0/1
[36;22m[DEBUG] [39;1msnarkJS[0m: tauG2: fft 1 mix end: 0/1
[36;22m[DEBUG] [39;1msnarkJS[0m: tauG2: fft 2 mix start: 0/1
[36;22m[DEBUG] [39;1msnarkJS[0m: tauG2: fft 2 mix end: 0/1
[36;22m[DEBUG] [39;1msnarkJS[0m: tauG2: fft 3 mix start: 0/1
[36;22m[DEBUG] [39;1msnarkJS[0m: tauG2: fft 3 mix end: 0/1
[36;22m[DEBUG] [39;1msnarkJS[0m: tauG2: fft 4 mix start: 0/2
[36;22m[DEBUG] [39;1msnarkJS[0m: tauG2: fft 4 mix start: 1/2
[36;22m[DEBUG] [39;1msnarkJS[0m: tauG2: fft 4 mix end: 0/2
[36;22m[DEBUG] [39;1msnarkJS[0m: tauG2: fft 4 mix end: 1/2
[36;22m[DEBUG] [39;1msnarkJS[0m: tauG2: fft  4  join: 4/4
[36;22m[DEBUG] [39;1msnarkJS[0m: tauG2: fft 4 join  4/4  1/1 0/1
[36;22m[DEBUG] [39;1msnarkJS[0m: tauG2: fft 5 mix start: 0/4
[36;22m[DEBUG] [39;1msnarkJS[0m: tauG2: fft 5 mix start: 1/4
[36;22m[DEBUG] [39;1msnarkJS[0m: tauG2: fft 5 mix start: 2/4
[36;22m[DEBUG] [39;1msnarkJS[0m: tauG2: fft 5 mix start: 3/4
[36;22m[DEBUG] [39;1msnarkJS[0m: tauG2: fft 5 mix end: 1/4
[36;22m[DEBUG] [39;1msnarkJS[0m: tauG2: fft 5 mix end: 2/4
[36;22m[DEBUG] [39;1msnarkJS[0m: tauG2: fft 5 mix end: 3/4
[36;22m[DEBUG] [39;1msnarkJS[0m: tauG2: fft 5 mix end: 0/4
[36;22m[DEBUG] [39;1msnarkJS[0m: tauG2: fft  5  join: 4/5
[36;22m[DEBUG] [39;1msnarkJS[0m: tauG2: fft 5 join  4/5  1/2 0/1
[36;22m[DEBUG] [39;1msnarkJS[0m: tauG2: fft 5 join  4/5  2/2 0/1
[36;22m[DEBUG] [39;1msnarkJS[0m: tauG2: fft  5  join: 5/5
[36;22m[DEBUG] [39;1msnarkJS[0m: tauG2: fft 5 join  5/5  1/1 0/2
[36;22m[DEBUG] [39;1msnarkJS[0m: tauG2: fft 5 join  5/5  1/1 1/2
[36;22m[DEBUG] [39;1msnarkJS[0m: tauG2: fft 6 mix start: 0/8
[36;22m[DEBUG] [39;1msnarkJS[0m: tauG2: fft 6 mix start: 1/8
[36;22m[DEBUG] [39;1msnarkJS[0m: tauG2: fft 6 mix start: 2/8
[36;22m[DEBUG] [39;1msnarkJS[0m: tauG2: fft 6 mix start: 3/8
[36;22m[DEBUG] [39;1msnarkJS[0m: tauG2: fft 6 mix start: 4/8
[36;22m[DEBUG] [39;1msnarkJS[0m: tauG2: fft 6 mix start: 5/8
[36;22m[DEBUG] [39;1msnarkJS[0m: tauG2: fft 6 mix start: 6/8
[36;22m[DEBUG] [39;1msnarkJS[0m: tauG2: fft 6 mix start: 7/8
[36;22m[DEBUG] [39;1msnarkJS[0m: tauG2: fft 6 mix end: 1/8
[36;22m[DEBUG] [39;1msnarkJS[0m: tauG2: fft 6 mix end: 2/8
[36;22m[DEBUG] [39;1msnarkJS[0m: tauG2: fft 6 mix end: 3/8
[36;22m[DEBUG] [39;1msnarkJS[0m: tauG2: fft 6 mix end: 6/8
[36;22m[DEBUG] [39;1msnarkJS[0m: tauG2: fft 6 mix end: 7/8
[36;22m[DEBUG] [39;1msnarkJS[0m: tauG2: fft 6 mix end: 5/8
[36;22m[DEBUG] [39;1msnarkJS[0m: tauG2: fft 6 mix end: 0/8
[36;22m[DEBUG] [39;1msnarkJS[0m: tauG2: fft 6 mix end: 4/8
[36;22m[DEBUG] [39;1msnarkJS[0m: tauG2: fft  6  join: 4/6
[36;22m[DEBUG] [39;1msnarkJS[0m: tauG2: fft 6 join  4/6  1/4 0/1
[36;22m[DEBUG] [39;1msnarkJS[0m: tauG2: fft 6 join  4/6  4/4 0/1
[36;22m[DEBUG] [39;1msnarkJS[0m: tauG2: fft 6 join  4/6  2/4 0/1
[36;22m[DEBUG] [39;1msnarkJS[0m: tauG2: fft 6 join  4/6  3/4 0/1
[36;22m[DEBUG] [39;1msnarkJS[0m: tauG2: fft  6  join: 5/6
[36;22m[DEBUG] [39;1msnarkJS[0m: tauG2: fft 6 join  5/6  2/2 0/2
[36;22m[DEBUG] [39;1msnarkJS[0m: tauG2: fft 6 join  5/6  1/2 0/2
[36;22m[DEBUG] [39;1msnarkJS[0m: tauG2: fft 6 join  5/6  1/2 1/2
[36;22m[DEBUG] [39;1msnarkJS[0m: tauG2: fft 6 join  5/6  2/2 1/2
[36;22m[DEBUG] [39;1msnarkJS[0m: tauG2: fft  6  join: 6/6
[36;22m[DEBUG] [39;1msnarkJS[0m: tauG2: fft 6 join  6/6  1/1 0/4
[36;22m[DEBUG] [39;1msnarkJS[0m: tauG2: fft 6 join  6/6  1/1 1/4
[36;22m[DEBUG] [39;1msnarkJS[0m: tauG2: fft 6 join  6/6  1/1 2/4
[36;22m[DEBUG] [39;1msnarkJS[0m: tauG2: fft 6 join  6/6  1/1 3/4
[36;22m[DEBUG] [39;1msnarkJS[0m: tauG2: fft 7 mix start: 0/16
[36;22m[DEBUG] [39;1msnarkJS[0m: tauG2: fft 7 mix start: 1/16
[36;22m[DEBUG] [39;1msnarkJS[0m: tauG2: fft 7 mix start: 2/16
[36;22m[DEBUG] [39;1msnarkJS[0m: tauG2: fft 7 mix start: 3/16
[36;22m[DEBUG] [39;1msnarkJS[0m: tauG2: fft 7 mix start: 4/16
[36;22m[DEBUG] [39;1msnarkJS[0m: tauG2: fft 7 mix start: 5/16
[36;22m[DEBUG] [39;1msnarkJS[0m: tauG2: fft 7 mix start: 6/16
[36;22m[DEBUG] [39;1msnarkJS[0m: tauG2: fft 7 mix start: 7/16
[36;22m[DEBUG] [39;1msnarkJS[0m: tauG2: fft 7 mix start: 8/16
[36;22m[DEBUG] [39;1msnarkJS[0m: tauG2: fft 7 mix start: 9/16
[36;22m[DEBUG] [39;1msnarkJS[0m: tauG2: fft 7 mix start: 10/16
[36;22m[DEBUG] [39;1msnarkJS[0m: tauG2: fft 7 mix start: 11/16
[36;22m[DEBUG] [39;1msnarkJS[0m: tauG2: fft 7 mix start: 12/16
[36;22m[DEBUG] [39;1msnarkJS[0m: tauG2: fft 7 mix start: 13/16
[36;22m[DEBUG] [39;1msnarkJS[0m: tauG2: fft 7 mix start: 14/16
[36;22m[DEBUG] [39;1msnarkJS[0m: tauG2: fft 7 mix start: 15/16
[36;22m[DEBUG] [39;1msnarkJS[0m: tauG2: fft 7 mix end: 2/16
[36;22m[DEBUG] [39;1msnarkJS[0m: tauG2: fft 7 mix end: 3/16
[36;22m[DEBUG] [39;1msnarkJS[0m: tauG2: fft 7 mix end: 6/16
[36;22m[DEBUG] [39;1msnarkJS[0m: tauG2: fft 7 mix end: 1/16
[36;22m[DEBUG] [39;1msnarkJS[0m: tauG2: fft 7 mix end: 7/16
[36;22m[DEBUG] [39;1msnarkJS[0m: tauG2: fft 7 mix end: 5/16
[36;22m[DEBUG] [39;1msnarkJS[0m: tauG2: fft 7 mix end: 9/16
[36;22m[DEBUG] [39;1msnarkJS[0m: tauG2: fft 7 mix end: 8/16
[36;22m[DEBUG] [39;1msnarkJS[0m: tauG2: fft 7 mix end: 10/16
[36;22m[DEBUG] [39;1msnarkJS[0m: tauG2: fft 7 mix end: 13/16
[36;22m[DEBUG] [39;1msnarkJS[0m: tauG2: fft 7 mix end: 15/16
[36;22m[DEBUG] [39;1msnarkJS[0m: tauG2: fft 7 mix end: 11/16
[36;22m[DEBUG] [39;1msnarkJS[0m: tauG2: fft 7 mix end: 14/16
[36;22m[DEBUG] [39;1msnarkJS[0m: tauG2: fft 7 mix end: 12/16
[36;22m[DEBUG] [39;1msnarkJS[0m: tauG2: fft 7 mix end: 0/16
[36;22m[DEBUG] [39;1msnarkJS[0m: tauG2: fft 7 mix end: 4/16
[36;22m[DEBUG] [39;1msnarkJS[0m: tauG2: fft  7  join: 4/7
[36;22m[DEBUG] [39;1msnarkJS[0m: tauG2: fft 7 join  4/7  3/8 0/1
[36;22m[DEBUG] [39;1msnarkJS[0m: tauG2: fft 7 join  4/7  4/8 0/1
[36;22m[DEBUG] [39;1msnarkJS[0m: tauG2: fft 7 join  4/7  7/8 0/1
[36;22m[DEBUG] [39;1msnarkJS[0m: tauG2: fft 7 join  4/7  2/8 0/1
[36;22m[DEBUG] [39;1msnarkJS[0m: tauG2: fft 7 join  4/7  8/8 0/1
[36;22m[DEBUG] [39;1msnarkJS[0m: tauG2: fft 7 join  4/7  6/8 0/1
[36;22m[DEBUG] [39;1msnarkJS[0m: tauG2: fft 7 join  4/7  1/8 0/1
[36;22m[DEBUG] [39;1msnarkJS[0m: tauG2: fft 7 join  4/7  5/8 0/1
[36;22m[DEBUG] [39;1msnarkJS[0m: tauG2: fft  7  join: 5/7
[36;22m[DEBUG] [39;1msnarkJS[0m: tauG2: fft 7 join  5/7  2/4 0/2
[36;22m[DEBUG] [39;1msnarkJS[0m: tauG2: fft 7 join  5/7  4/4 0/2
[36;22m[DEBUG] [39;1msnarkJS[0m: tauG2: fft 7 join  5/7  1/4 1/2
[36;22m[DEBUG] [39;1msnarkJS[0m: tauG2: fft 7 join  5/7  2/4 1/2
[36;22m[DEBUG] [39;1msnarkJS[0m: tauG2: fft 7 join  5/7  3/4 1/2
[36;22m[DEBUG] [39;1msnarkJS[0m: tauG2: fft 7 join  5/7  4/4 1/2
[36;22m[DEBUG] [39;1msnarkJS[0m: tauG2: fft 7 join  5/7  1/4 0/2
[36;22m[DEBUG] [39;1msnarkJS[0m: tauG2: fft 7 join  5/7  3/4 0/2
[36;22m[DEBUG] [39;1msnarkJS[0m: tauG2: fft  7  join: 6/7
[36;22m[DEBUG] [39;1msnarkJS[0m: tauG2: fft 7 join  6/7  2/2 1/4
[36;22m[DEBUG] [39;1msnarkJS[0m: tauG2: fft 7 join  6/7  2/2 2/4
[36;22m[DEBUG] [39;1msnarkJS[0m: tauG2: fft 7 join  6/7  1/2 2/4
[36;22m[DEBUG] [39;1msnarkJS[0m: tauG2: fft 7 join  6/7  1/2 1/4
[36;22m[DEBUG] [39;1msnarkJS[0m: tauG2: fft 7 join  6/7  1/2 3/4
[36;22m[DEBUG] [39;1msnarkJS[0m: tauG2: fft 7 join  6/7  2/2 3/4
[36;22m[DEBUG] [39;1msnarkJS[0m: tauG2: fft 7 join  6/7  1/2 0/4
[36;22m[DEBUG] [39;1msnarkJS[0m: tauG2: fft 7 join  6/7  2/2 0/4
[36;22m[DEBUG] [39;1msnarkJS[0m: tauG2: fft  7  join: 7/7
[36;22m[DEBUG] [39;1msnarkJS[0m: tauG2: fft 7 join  7/7  1/1 5/8
[36;22m[DEBUG] [39;1msnarkJS[0m: tauG2: fft 7 join  7/7  1/1 6/8
[36;22m[DEBUG] [39;1msnarkJS[0m: tauG2: fft 7 join  7/7  1/1 1/8
[36;22m[DEBUG] [39;1msnarkJS[0m: tauG2: fft 7 join  7/7  1/1 2/8
[36;22m[DEBUG] [39;1msnarkJS[0m: tauG2: fft 7 join  7/7  1/1 3/8
[36;22m[DEBUG] [39;1msnarkJS[0m: tauG2: fft 7 join  7/7  1/1 7/8
[36;22m[DEBUG] [39;1msnarkJS[0m: tauG2: fft 7 join  7/7  1/1 0/8
[36;22m[DEBUG] [39;1msnarkJS[0m: tauG2: fft 7 join  7/7  1/1 4/8
[36;22m[DEBUG] [39;1msnarkJS[0m: tauG2: fft 8 mix start: 0/32
[36;22m[DEBUG] [39;1msnarkJS[0m: tauG2: fft 8 mix start: 1/32
[36;22m[DEBUG] [39;1msnarkJS[0m: tauG2: fft 8 mix start: 2/32
[36;22m[DEBUG] [39;1msnarkJS[0m: tauG2: fft 8 mix start: 3/32
[36;22m[DEBUG] [39;1msnarkJS[0m: tauG2: fft 8 mix start: 4/32
[36;22m[DEBUG] [39;1msnarkJS[0m: tauG2: fft 8 mix start: 5/32
[36;22m[DEBUG] [39;1msnarkJS[0m: tauG2: fft 8 mix start: 6/32
[36;22m[DEBUG] [39;1msnarkJS[0m: tauG2: fft 8 mix start: 7/32
[36;22m[DEBUG] [39;1msnarkJS[0m: tauG2: fft 8 mix start: 8/32
[36;22m[DEBUG] [39;1msnarkJS[0m: tauG2: fft 8 mix start: 9/32
[36;22m[DEBUG] [39;1msnarkJS[0m: tauG2: fft 8 mix start: 10/32
[36;22m[DEBUG] [39;1msnarkJS[0m: tauG2: fft 8 mix start: 11/32
[36;22m[DEBUG] [39;1msnarkJS[0m: tauG2: fft 8 mix start: 12/32
[36;22m[DEBUG] [39;1msnarkJS[0m: tauG2: fft 8 mix start: 13/32
[36;22m[DEBUG] [39;1msnarkJS[0m: tauG2: fft 8 mix start: 14/32
[36;22m[DEBUG] [39;1msnarkJS[0m: tauG2: fft 8 mix start: 15/32
[36;22m[DEBUG] [39;1msnarkJS[0m: tauG2: fft 8 mix start: 16/32
[36;22m[DEBUG] [39;1msnarkJS[0m: tauG2: fft 8 mix start: 17/32
[36;22m[DEBUG] [39;1msnarkJS[0m: tauG2: fft 8 mix start: 18/32
[36;22m[DEBUG] [39;1msnarkJS[0m: tauG2: fft 8 mix start: 19/32
[36;22m[DEBUG] [39;1msnarkJS[0m: tauG2: fft 8 mix start: 20/32
[36;22m[DEBUG] [39;1msnarkJS[0m: tauG2: fft 8 mix start: 21/32
[36;22m[DEBUG] [39;1msnarkJS[0m: tauG2: fft 8 mix start: 22/32
[36;22m[DEBUG] [39;1msnarkJS[0m: tauG2: fft 8 mix start: 23/32
[36;22m[DEBUG] [39;1msnarkJS[0m: tauG2: fft 8 mix start: 24/32
[36;22m[DEBUG] [39;1msnarkJS[0m: tauG2: fft 8 mix start: 25/32
[36;22m[DEBUG] [39;1msnarkJS[0m: tauG2: fft 8 mix start: 26/32
[36;22m[DEBUG] [39;1msnarkJS[0m: tauG2: fft 8 mix start: 27/32
[36;22m[DEBUG] [39;1msnarkJS[0m: tauG2: fft 8 mix start: 28/32
[36;22m[DEBUG] [39;1msnarkJS[0m: tauG2: fft 8 mix start: 29/32
[36;22m[DEBUG] [39;1msnarkJS[0m: tauG2: fft 8 mix start: 30/32
[36;22m[DEBUG] [39;1msnarkJS[0m: tauG2: fft 8 mix start: 31/32
[36;22m[DEBUG] [39;1msnarkJS[0m: tauG2: fft 8 mix end: 1/32
[36;22m[DEBUG] [39;1msnarkJS[0m: tauG2: fft 8 mix end: 2/32
[36;22m[DEBUG] [39;1msnarkJS[0m: tauG2: fft 8 mix end: 3/32
[36;22m[DEBUG] [39;1msnarkJS[0m: tauG2: fft 8 mix end: 5/32
[36;22m[DEBUG] [39;1msnarkJS[0m: tauG2: fft 8 mix end: 9/32
[36;22m[DEBUG] [39;1msnarkJS[0m: tauG2: fft 8 mix end: 12/32
[36;22m[DEBUG] [39;1msnarkJS[0m: tauG2: fft 8 mix end: 14/32
[36;22m[DEBUG] [39;1msnarkJS[0m: tauG2: fft 8 mix end: 15/32
[36;22m[DEBUG] [39;1msnarkJS[0m: tauG2: fft 8 mix end: 17/32
[36;22m[DEBUG] [39;1msnarkJS[0m: tauG2: fft 8 mix end: 18/32
[36;22m[DEBUG] [39;1msnarkJS[0m: tauG2: fft 8 mix end: 21/32
[36;22m[DEBUG] [39;1msnarkJS[0m: tauG2: fft 8 mix end: 24/32
[36;22m[DEBUG] [39;1msnarkJS[0m: tauG2: fft 8 mix end: 30/32
[36;22m[DEBUG] [39;1msnarkJS[0m: tauG2: fft 8 mix end: 10/32
[36;22m[DEBUG] [39;1msnarkJS[0m: tauG2: fft 8 mix end: 19/32
[36;22m[DEBUG] [39;1msnarkJS[0m: tauG2: fft 8 mix end: 0/32
[36;22m[DEBUG] [39;1msnarkJS[0m: tauG2: fft 8 mix end: 7/32
[36;22m[DEBUG] [39;1msnarkJS[0m: tauG2: fft 8 mix end: 4/32
[36;22m[DEBUG] [39;1msnarkJS[0m: tauG2: fft 8 mix end: 6/32
[36;22m[DEBUG] [39;1msnarkJS[0m: tauG2: fft 8 mix end: 8/32
[36;22m[DEBUG] [39;1msnarkJS[0m: tauG2: fft 8 mix end: 13/32
[36;22m[DEBUG] [39;1msnarkJS[0m: tauG2: fft 8 mix end: 16/32
[36;22m[DEBUG] [39;1msnarkJS[0m: tauG2: fft 8 mix end: 25/32
[36;22m[DEBUG] [39;1msnarkJS[0m: tauG2: fft 8 mix end: 26/32
[36;22m[DEBUG] [39;1msnarkJS[0m: tauG2: fft 8 mix end: 23/32
[36;22m[DEBUG] [39;1msnarkJS[0m: tauG2: fft 8 mix end: 22/32
[36;22m[DEBUG] [39;1msnarkJS[0m: tauG2: fft 8 mix end: 27/32
[36;22m[DEBUG] [39;1msnarkJS[0m: tauG2: fft 8 mix end: 28/32
[36;22m[DEBUG] [39;1msnarkJS[0m: tauG2: fft 8 mix end: 31/32
[36;22m[DEBUG] [39;1msnarkJS[0m: tauG2: fft 8 mix end: 11/32
[36;22m[DEBUG] [39;1msnarkJS[0m: tauG2: fft 8 mix end: 29/32
[36;22m[DEBUG] [39;1msnarkJS[0m: tauG2: fft 8 mix end: 20/32
[36;22m[DEBUG] [39;1msnarkJS[0m: tauG2: fft  8  join: 4/8
[36;22m[DEBUG] [39;1msnarkJS[0m: tauG2: fft 8 join  4/8  2/16 0/1
[36;22m[DEBUG] [39;1msnarkJS[0m: tauG2: fft 8 join  4/8  3/16 0/1
[36;22m[DEBUG] [39;1msnarkJS[0m: tauG2: fft 8 join  4/8  9/16 0/1
[36;22m[DEBUG] [39;1msnarkJS[0m: tauG2: fft 8 join  4/8  6/16 0/1
[36;22m[DEBUG] [39;1msnarkJS[0m: tauG2: fft 8 join  4/8  12/16 0/1
[36;22m[DEBUG] [39;1msnarkJS[0m: tauG2: fft 8 join  4/8  10/16 0/1
[36;22m[DEBUG] [39;1msnarkJS[0m: tauG2: fft 8 join  4/8  11/16 0/1
[36;22m[DEBUG] [39;1msnarkJS[0m: tauG2: fft 8 join  4/8  4/16 0/1
[36;22m[DEBUG] [39;1msnarkJS[0m: tauG2: fft 8 join  4/8  15/16 0/1
[36;22m[DEBUG] [39;1msnarkJS[0m: tauG2: fft 8 join  4/8  7/16 0/1
[36;22m[DEBUG] [39;1msnarkJS[0m: tauG2: fft 8 join  4/8  8/16 0/1
[36;22m[DEBUG] [39;1msnarkJS[0m: tauG2: fft 8 join  4/8  13/16 0/1
[36;22m[DEBUG] [39;1msnarkJS[0m: tauG2: fft 8 join  4/8  14/16 0/1
[36;22m[DEBUG] [39;1msnarkJS[0m: tauG2: fft 8 join  4/8  16/16 0/1
[36;22m[DEBUG] [39;1msnarkJS[0m: tauG2: fft 8 join  4/8  5/16 0/1
[36;22m[DEBUG] [39;1msnarkJS[0m: tauG2: fft 8 join  4/8  1/16 0/1
[36;22m[DEBUG] [39;1msnarkJS[0m: tauG2: fft  8  join: 5/8
[36;22m[DEBUG] [39;1msnarkJS[0m: tauG2: fft 8 join  5/8  1/8 0/2
[36;22m[DEBUG] [39;1msnarkJS[0m: tauG2: fft 8 join  5/8  2/8 0/2
[36;22m[DEBUG] [39;1msnarkJS[0m: tauG2: fft 8 join  5/8  3/8 0/2
[36;22m[DEBUG] [39;1msnarkJS[0m: tauG2: fft 8 join  5/8  4/8 0/2
[36;22m[DEBUG] [39;1msnarkJS[0m: tauG2: fft 8 join  5/8  5/8 0/2
[36;22m[DEBUG] [39;1msnarkJS[0m: tauG2: fft 8 join  5/8  6/8 0/2
[36;22m[DEBUG] [39;1msnarkJS[0m: tauG2: fft 8 join  5/8  7/8 0/2
[36;22m[DEBUG] [39;1msnarkJS[0m: tauG2: fft 8 join  5/8  8/8 0/2
[36;22m[DEBUG] [39;1msnarkJS[0m: tauG2: fft 8 join  5/8  1/8 1/2
[36;22m[DEBUG] [39;1msnarkJS[0m: tauG2: fft 8 join  5/8  2/8 1/2
[36;22m[DEBUG] [39;1msnarkJS[0m: tauG2: fft 8 join  5/8  3/8 1/2
[36;22m[DEBUG] [39;1msnarkJS[0m: tauG2: fft 8 join  5/8  6/8 1/2
[36;22m[DEBUG] [39;1msnarkJS[0m: tauG2: fft 8 join  5/8  4/8 1/2
[36;22m[DEBUG] [39;1msnarkJS[0m: tauG2: fft 8 join  5/8  5/8 1/2
[36;22m[DEBUG] [39;1msnarkJS[0m: tauG2: fft 8 join  5/8  8/8 1/2
[36;22m[DEBUG] [39;1msnarkJS[0m: tauG2: fft 8 join  5/8  7/8 1/2
[36;22m[DEBUG] [39;1msnarkJS[0m: tauG2: fft  8  join: 6/8
[36;22m[DEBUG] [39;1msnarkJS[0m: tauG2: fft 8 join  6/8  1/4 0/4
[36;22m[DEBUG] [39;1msnarkJS[0m: tauG2: fft 8 join  6/8  2/4 0/4
[36;22m[DEBUG] [39;1msnarkJS[0m: tauG2: fft 8 join  6/8  3/4 0/4
[36;22m[DEBUG] [39;1msnarkJS[0m: tauG2: fft 8 join  6/8  4/4 0/4
[36;22m[DEBUG] [39;1msnarkJS[0m: tauG2: fft 8 join  6/8  1/4 2/4
[36;22m[DEBUG] [39;1msnarkJS[0m: tauG2: fft 8 join  6/8  1/4 1/4
[36;22m[DEBUG] [39;1msnarkJS[0m: tauG2: fft 8 join  6/8  2/4 2/4
[36;22m[DEBUG] [39;1msnarkJS[0m: tauG2: fft 8 join  6/8  2/4 1/4
[36;22m[DEBUG] [39;1msnarkJS[0m: tauG2: fft 8 join  6/8  1/4 3/4
[36;22m[DEBUG] [39;1msnarkJS[0m: tauG2: fft 8 join  6/8  3/4 1/4
[36;22m[DEBUG] [39;1msnarkJS[0m: tauG2: fft 8 join  6/8  4/4 1/4
[36;22m[DEBUG] [39;1msnarkJS[0m: tauG2: fft 8 join  6/8  3/4 2/4
[36;22m[DEBUG] [39;1msnarkJS[0m: tauG2: fft 8 join  6/8  3/4 3/4
[36;22m[DEBUG] [39;1msnarkJS[0m: tauG2: fft 8 join  6/8  4/4 3/4
[36;22m[DEBUG] [39;1msnarkJS[0m: tauG2: fft 8 join  6/8  2/4 3/4
[36;22m[DEBUG] [39;1msnarkJS[0m: tauG2: fft 8 join  6/8  4/4 2/4
[36;22m[DEBUG] [39;1msnarkJS[0m: tauG2: fft  8  join: 7/8
[36;22m[DEBUG] [39;1msnarkJS[0m: tauG2: fft 8 join  7/8  1/2 0/8
[36;22m[DEBUG] [39;1msnarkJS[0m: tauG2: fft 8 join  7/8  2/2 0/8
[36;22m[DEBUG] [39;1msnarkJS[0m: tauG2: fft 8 join  7/8  1/2 5/8
[36;22m[DEBUG] [39;1msnarkJS[0m: tauG2: fft 8 join  7/8  1/2 2/8
[36;22m[DEBUG] [39;1msnarkJS[0m: tauG2: fft 8 join  7/8  1/2 1/8
[36;22m[DEBUG] [39;1msnarkJS[0m: tauG2: fft 8 join  7/8  1/2 6/8
[36;22m[DEBUG] [39;1msnarkJS[0m: tauG2: fft 8 join  7/8  1/2 3/8
[36;22m[DEBUG] [39;1msnarkJS[0m: tauG2: fft 8 join  7/8  1/2 4/8
[36;22m[DEBUG] [39;1msnarkJS[0m: tauG2: fft 8 join  7/8  2/2 2/8
[36;22m[DEBUG] [39;1msnarkJS[0m: tauG2: fft 8 join  7/8  2/2 5/8
[36;22m[DEBUG] [39;1msnarkJS[0m: tauG2: fft 8 join  7/8  2/2 7/8
[36;22m[DEBUG] [39;1msnarkJS[0m: tauG2: fft 8 join  7/8  1/2 7/8
[36;22m[DEBUG] [39;1msnarkJS[0m: tauG2: fft 8 join  7/8  2/2 1/8
[36;22m[DEBUG] [39;1msnarkJS[0m: tauG2: fft 8 join  7/8  2/2 3/8
[36;22m[DEBUG] [39;1msnarkJS[0m: tauG2: fft 8 join  7/8  2/2 6/8
[36;22m[DEBUG] [39;1msnarkJS[0m: tauG2: fft 8 join  7/8  2/2 4/8
[36;22m[DEBUG] [39;1msnarkJS[0m: tauG2: fft  8  join: 8/8
[36;22m[DEBUG] [39;1msnarkJS[0m: tauG2: fft 8 join  8/8  1/1 0/16
[36;22m[DEBUG] [39;1msnarkJS[0m: tauG2: fft 8 join  8/8  1/1 2/16
[36;22m[DEBUG] [39;1msnarkJS[0m: tauG2: fft 8 join  8/8  1/1 5/16
[36;22m[DEBUG] [39;1msnarkJS[0m: tauG2: fft 8 join  8/8  1/1 8/16
[36;22m[DEBUG] [39;1msnarkJS[0m: tauG2: fft 8 join  8/8  1/1 11/16
[36;22m[DEBUG] [39;1msnarkJS[0m: tauG2: fft 8 join  8/8  1/1 1/16
[36;22m[DEBUG] [39;1msnarkJS[0m: tauG2: fft 8 join  8/8  1/1 3/16
[36;22m[DEBUG] [39;1msnarkJS[0m: tauG2: fft 8 join  8/8  1/1 6/16
[36;22m[DEBUG] [39;1msnarkJS[0m: tauG2: fft 8 join  8/8  1/1 10/16
[36;22m[DEBUG] [39;1msnarkJS[0m: tauG2: fft 8 join  8/8  1/1 12/16
[36;22m[DEBUG] [39;1msnarkJS[0m: tauG2: fft 8 join  8/8  1/1 15/16
[36;22m[DEBUG] [39;1msnarkJS[0m: tauG2: fft 8 join  8/8  1/1 4/16
[36;22m[DEBUG] [39;1msnarkJS[0m: tauG2: fft 8 join  8/8  1/1 9/16
[36;22m[DEBUG] [39;1msnarkJS[0m: tauG2: fft 8 join  8/8  1/1 7/16
[36;22m[DEBUG] [39;1msnarkJS[0m: tauG2: fft 8 join  8/8  1/1 13/16
[36;22m[DEBUG] [39;1msnarkJS[0m: tauG2: fft 8 join  8/8  1/1 14/16
[36;22m[DEBUG] [39;1msnarkJS[0m: tauG2: fft 9 mix start: 0/32
[36;22m[DEBUG] [39;1msnarkJS[0m: tauG2: fft 9 mix start: 1/32
[36;22m[DEBUG] [39;1msnarkJS[0m: tauG2: fft 9 mix start: 2/32
[36;22m[DEBUG] [39;1msnarkJS[0m: tauG2: fft 9 mix start: 3/32
[36;22m[DEBUG] [39;1msnarkJS[0m: tauG2: fft 9 mix start: 4/32
[36;22m[DEBUG] [39;1msnarkJS[0m: tauG2: fft 9 mix start: 5/32
[36;22m[DEBUG] [39;1msnarkJS[0m: tauG2: fft 9 mix start: 6/32
[36;22m[DEBUG] [39;1msnarkJS[0m: tauG2: fft 9 mix start: 7/32
[36;22m[DEBUG] [39;1msnarkJS[0m: tauG2: fft 9 mix start: 8/32
[36;22m[DEBUG] [39;1msnarkJS[0m: tauG2: fft 9 mix start: 9/32
[36;22m[DEBUG] [39;1msnarkJS[0m: tauG2: fft 9 mix start: 10/32
[36;22m[DEBUG] [39;1msnarkJS[0m: tauG2: fft 9 mix start: 11/32
[36;22m[DEBUG] [39;1msnarkJS[0m: tauG2: fft 9 mix start: 12/32
[36;22m[DEBUG] [39;1msnarkJS[0m: tauG2: fft 9 mix start: 13/32
[36;22m[DEBUG] [39;1msnarkJS[0m: tauG2: fft 9 mix start: 14/32
[36;22m[DEBUG] [39;1msnarkJS[0m: tauG2: fft 9 mix start: 15/32
[36;22m[DEBUG] [39;1msnarkJS[0m: tauG2: fft 9 mix start: 16/32
[36;22m[DEBUG] [39;1msnarkJS[0m: tauG2: fft 9 mix start: 17/32
[36;22m[DEBUG] [39;1msnarkJS[0m: tauG2: fft 9 mix start: 18/32
[36;22m[DEBUG] [39;1msnarkJS[0m: tauG2: fft 9 mix start: 19/32
[36;22m[DEBUG] [39;1msnarkJS[0m: tauG2: fft 9 mix start: 20/32
[36;22m[DEBUG] [39;1msnarkJS[0m: tauG2: fft 9 mix start: 21/32
[36;22m[DEBUG] [39;1msnarkJS[0m: tauG2: fft 9 mix start: 22/32
[36;22m[DEBUG] [39;1msnarkJS[0m: tauG2: fft 9 mix start: 23/32
[36;22m[DEBUG] [39;1msnarkJS[0m: tauG2: fft 9 mix start: 24/32
[36;22m[DEBUG] [39;1msnarkJS[0m: tauG2: fft 9 mix start: 25/32
[36;22m[DEBUG] [39;1msnarkJS[0m: tauG2: fft 9 mix start: 26/32
[36;22m[DEBUG] [39;1msnarkJS[0m: tauG2: fft 9 mix start: 27/32
[36;22m[DEBUG] [39;1msnarkJS[0m: tauG2: fft 9 mix start: 28/32
[36;22m[DEBUG] [39;1msnarkJS[0m: tauG2: fft 9 mix start: 29/32
[36;22m[DEBUG] [39;1msnarkJS[0m: tauG2: fft 9 mix start: 30/32
[36;22m[DEBUG] [39;1msnarkJS[0m: tauG2: fft 9 mix start: 31/32
[36;22m[DEBUG] [39;1msnarkJS[0m: tauG2: fft 9 mix end: 0/32
[36;22m[DEBUG] [39;1msnarkJS[0m: tauG2: fft 9 mix end: 1/32
[36;22m[DEBUG] [39;1msnarkJS[0m: tauG2: fft 9 mix end: 2/32
[36;22m[DEBUG] [39;1msnarkJS[0m: tauG2: fft 9 mix end: 3/32
[36;22m[DEBUG] [39;1msnarkJS[0m: tauG2: fft 9 mix end: 4/32
[36;22m[DEBUG] [39;1msnarkJS[0m: tauG2: fft 9 mix end: 5/32
[36;22m[DEBUG] [39;1msnarkJS[0m: tauG2: fft 9 mix end: 7/32
[36;22m[DEBUG] [39;1msnarkJS[0m: tauG2: fft 9 mix end: 9/32
[36;22m[DEBUG] [39;1msnarkJS[0m: tauG2: fft 9 mix end: 11/32
[36;22m[DEBUG] [39;1msnarkJS[0m: tauG2: fft 9 mix end: 12/32
[36;22m[DEBUG] [39;1msnarkJS[0m: tauG2: fft 9 mix end: 15/32
[36;22m[DEBUG] [39;1msnarkJS[0m: tauG2: fft 9 mix end: 19/32
[36;22m[DEBUG] [39;1msnarkJS[0m: tauG2: fft 9 mix end: 14/32
[36;22m[DEBUG] [39;1msnarkJS[0m: tauG2: fft 9 mix end: 6/32
[36;22m[DEBUG] [39;1msnarkJS[0m: tauG2: fft 9 mix end: 13/32
[36;22m[DEBUG] [39;1msnarkJS[0m: tauG2: fft 9 mix end: 8/32
[36;22m[DEBUG] [39;1msnarkJS[0m: tauG2: fft 9 mix end: 16/32
[36;22m[DEBUG] [39;1msnarkJS[0m: tauG2: fft 9 mix end: 10/32
[36;22m[DEBUG] [39;1msnarkJS[0m: tauG2: fft 9 mix end: 20/32
[36;22m[DEBUG] [39;1msnarkJS[0m: tauG2: fft 9 mix end: 18/32
[36;22m[DEBUG] [39;1msnarkJS[0m: tauG2: fft 9 mix end: 26/32
[36;22m[DEBUG] [39;1msnarkJS[0m: tauG2: fft 9 mix end: 25/32
[36;22m[DEBUG] [39;1msnarkJS[0m: tauG2: fft 9 mix end: 21/32
[36;22m[DEBUG] [39;1msnarkJS[0m: tauG2: fft 9 mix end: 29/32
[36;22m[DEBUG] [39;1msnarkJS[0m: tauG2: fft 9 mix end: 31/32
[36;22m[DEBUG] [39;1msnarkJS[0m: tauG2: fft 9 mix end: 17/32
[36;22m[DEBUG] [39;1msnarkJS[0m: tauG2: fft 9 mix end: 22/32
[36;22m[DEBUG] [39;1msnarkJS[0m: tauG2: fft 9 mix end: 24/32
[36;22m[DEBUG] [39;1msnarkJS[0m: tauG2: fft 9 mix end: 27/32
[36;22m[DEBUG] [39;1msnarkJS[0m: tauG2: fft 9 mix end: 23/32
[36;22m[DEBUG] [39;1msnarkJS[0m: tauG2: fft 9 mix end: 30/32
[36;22m[DEBUG] [39;1msnarkJS[0m: tauG2: fft 9 mix end: 28/32
[36;22m[DEBUG] [39;1msnarkJS[0m: tauG2: fft  9  join: 5/9
[36;22m[DEBUG] [39;1msnarkJS[0m: tauG2: fft 9 join  5/9  1/16 0/1
[36;22m[DEBUG] [39;1msnarkJS[0m: tauG2: fft 9 join  5/9  2/16 0/1
[36;22m[DEBUG] [39;1msnarkJS[0m: tauG2: fft 9 join  5/9  3/16 0/1
[36;22m[DEBUG] [39;1msnarkJS[0m: tauG2: fft 9 join  5/9  13/16 0/1
[36;22m[DEBUG] [39;1msnarkJS[0m: tauG2: fft 9 join  5/9  11/16 0/1
[36;22m[DEBUG] [39;1msnarkJS[0m: tauG2: fft 9 join  5/9  7/16 0/1
[36;22m[DEBUG] [39;1msnarkJS[0m: tauG2: fft 9 join  5/9  12/16 0/1
[36;22m[DEBUG] [39;1msnarkJS[0m: tauG2: fft 9 join  5/9  6/16 0/1
[36;22m[DEBUG] [39;1msnarkJS[0m: tauG2: fft 9 join  5/9  5/16 0/1
[36;22m[DEBUG] [39;1msnarkJS[0m: tauG2: fft 9 join  5/9  10/16 0/1
[36;22m[DEBUG] [39;1msnarkJS[0m: tauG2: fft 9 join  5/9  16/16 0/1
[36;22m[DEBUG] [39;1msnarkJS[0m: tauG2: fft 9 join  5/9  8/16 0/1
[36;22m[DEBUG] [39;1msnarkJS[0m: tauG2: fft 9 join  5/9  14/16 0/1
[36;22m[DEBUG] [39;1msnarkJS[0m: tauG2: fft 9 join  5/9  4/16 0/1
[36;22m[DEBUG] [39;1msnarkJS[0m: tauG2: fft 9 join  5/9  9/16 0/1
[36;22m[DEBUG] [39;1msnarkJS[0m: tauG2: fft 9 join  5/9  15/16 0/1
[36;22m[DEBUG] [39;1msnarkJS[0m: tauG2: fft  9  join: 6/9
[36;22m[DEBUG] [39;1msnarkJS[0m: tauG2: fft 9 join  6/9  5/8 0/2
[36;22m[DEBUG] [39;1msnarkJS[0m: tauG2: fft 9 join  6/9  1/8 0/2
[36;22m[DEBUG] [39;1msnarkJS[0m: tauG2: fft 9 join  6/9  2/8 0/2
[36;22m[DEBUG] [39;1msnarkJS[0m: tauG2: fft 9 join  6/9  3/8 0/2
[36;22m[DEBUG] [39;1msnarkJS[0m: tauG2: fft 9 join  6/9  4/8 0/2
[36;22m[DEBUG] [39;1msnarkJS[0m: tauG2: fft 9 join  6/9  6/8 0/2
[36;22m[DEBUG] [39;1msnarkJS[0m: tauG2: fft 9 join  6/9  7/8 0/2
[36;22m[DEBUG] [39;1msnarkJS[0m: tauG2: fft 9 join  6/9  8/8 0/2
[36;22m[DEBUG] [39;1msnarkJS[0m: tauG2: fft 9 join  6/9  1/8 1/2
[36;22m[DEBUG] [39;1msnarkJS[0m: tauG2: fft 9 join  6/9  3/8 1/2
[36;22m[DEBUG] [39;1msnarkJS[0m: tauG2: fft 9 join  6/9  6/8 1/2
[36;22m[DEBUG] [39;1msnarkJS[0m: tauG2: fft 9 join  6/9  5/8 1/2
[36;22m[DEBUG] [39;1msnarkJS[0m: tauG2: fft 9 join  6/9  2/8 1/2
[36;22m[DEBUG] [39;1msnarkJS[0m: tauG2: fft 9 join  6/9  8/8 1/2
[36;22m[DEBUG] [39;1msnarkJS[0m: tauG2: fft 9 join  6/9  7/8 1/2
[36;22m[DEBUG] [39;1msnarkJS[0m: tauG2: fft 9 join  6/9  4/8 1/2
[36;22m[DEBUG] [39;1msnarkJS[0m: tauG2: fft  9  join: 7/9
[36;22m[DEBUG] [39;1msnarkJS[0m: tauG2: fft 9 join  7/9  1/4 0/4
[36;22m[DEBUG] [39;1msnarkJS[0m: tauG2: fft 9 join  7/9  2/4 0/4
[36;22m[DEBUG] [39;1msnarkJS[0m: tauG2: fft 9 join  7/9  4/4 0/4
[36;22m[DEBUG] [39;1msnarkJS[0m: tauG2: fft 9 join  7/9  3/4 0/4
[36;22m[DEBUG] [39;1msnarkJS[0m: tauG2: fft 9 join  7/9  1/4 2/4
[36;22m[DEBUG] [39;1msnarkJS[0m: tauG2: fft 9 join  7/9  2/4 2/4
[36;22m[DEBUG] [39;1msnarkJS[0m: tauG2: fft 9 join  7/9  3/4 2/4
[36;22m[DEBUG] [39;1msnarkJS[0m: tauG2: fft 9 join  7/9  1/4 1/4
[36;22m[DEBUG] [39;1msnarkJS[0m: tauG2: fft 9 join  7/9  1/4 3/4
[36;22m[DEBUG] [39;1msnarkJS[0m: tauG2: fft 9 join  7/9  2/4 1/4
[36;22m[DEBUG] [39;1msnarkJS[0m: tauG2: fft 9 join  7/9  3/4 3/4
[36;22m[DEBUG] [39;1msnarkJS[0m: tauG2: fft 9 join  7/9  4/4 3/4
[36;22m[DEBUG] [39;1msnarkJS[0m: tauG2: fft 9 join  7/9  4/4 1/4
[36;22m[DEBUG] [39;1msnarkJS[0m: tauG2: fft 9 join  7/9  3/4 1/4
[36;22m[DEBUG] [39;1msnarkJS[0m: tauG2: fft 9 join  7/9  2/4 3/4
[36;22m[DEBUG] [39;1msnarkJS[0m: tauG2: fft 9 join  7/9  4/4 2/4
[36;22m[DEBUG] [39;1msnarkJS[0m: tauG2: fft  9  join: 8/9
[36;22m[DEBUG] [39;1msnarkJS[0m: tauG2: fft 9 join  8/9  1/2 0/8
[36;22m[DEBUG] [39;1msnarkJS[0m: tauG2: fft 9 join  8/9  2/2 0/8
[36;22m[DEBUG] [39;1msnarkJS[0m: tauG2: fft 9 join  8/9  1/2 5/8
[36;22m[DEBUG] [39;1msnarkJS[0m: tauG2: fft 9 join  8/9  1/2 1/8
[36;22m[DEBUG] [39;1msnarkJS[0m: tauG2: fft 9 join  8/9  1/2 2/8
[36;22m[DEBUG] [39;1msnarkJS[0m: tauG2: fft 9 join  8/9  1/2 3/8
[36;22m[DEBUG] [39;1msnarkJS[0m: tauG2: fft 9 join  8/9  1/2 4/8
[36;22m[DEBUG] [39;1msnarkJS[0m: tauG2: fft 9 join  8/9  1/2 6/8
[36;22m[DEBUG] [39;1msnarkJS[0m: tauG2: fft 9 join  8/9  2/2 2/8
[36;22m[DEBUG] [39;1msnarkJS[0m: tauG2: fft 9 join  8/9  2/2 3/8
[36;22m[DEBUG] [39;1msnarkJS[0m: tauG2: fft 9 join  8/9  2/2 4/8
[36;22m[DEBUG] [39;1msnarkJS[0m: tauG2: fft 9 join  8/9  2/2 5/8
[36;22m[DEBUG] [39;1msnarkJS[0m: tauG2: fft 9 join  8/9  2/2 7/8
[36;22m[DEBUG] [39;1msnarkJS[0m: tauG2: fft 9 join  8/9  1/2 7/8
[36;22m[DEBUG] [39;1msnarkJS[0m: tauG2: fft 9 join  8/9  2/2 1/8
[36;22m[DEBUG] [39;1msnarkJS[0m: tauG2: fft 9 join  8/9  2/2 6/8
[36;22m[DEBUG] [39;1msnarkJS[0m: tauG2: fft  9  join: 9/9
[36;22m[DEBUG] [39;1msnarkJS[0m: tauG2: fft 9 join  9/9  1/1 0/16
[36;22m[DEBUG] [39;1msnarkJS[0m: tauG2: fft 9 join  9/9  1/1 2/16
[36;22m[DEBUG] [39;1msnarkJS[0m: tauG2: fft 9 join  9/9  1/1 8/16
[36;22m[DEBUG] [39;1msnarkJS[0m: tauG2: fft 9 join  9/9  1/1 11/16
[36;22m[DEBUG] [39;1msnarkJS[0m: tauG2: fft 9 join  9/9  1/1 5/16
[36;22m[DEBUG] [39;1msnarkJS[0m: tauG2: fft 9 join  9/9  1/1 1/16
[36;22m[DEBUG] [39;1msnarkJS[0m: tauG2: fft 9 join  9/9  1/1 6/16
[36;22m[DEBUG] [39;1msnarkJS[0m: tauG2: fft 9 join  9/9  1/1 10/16
[36;22m[DEBUG] [39;1msnarkJS[0m: tauG2: fft 9 join  9/9  1/1 15/16
[36;22m[DEBUG] [39;1msnarkJS[0m: tauG2: fft 9 join  9/9  1/1 4/16
[36;22m[DEBUG] [39;1msnarkJS[0m: tauG2: fft 9 join  9/9  1/1 9/16
[36;22m[DEBUG] [39;1msnarkJS[0m: tauG2: fft 9 join  9/9  1/1 12/16
[36;22m[DEBUG] [39;1msnarkJS[0m: tauG2: fft 9 join  9/9  1/1 13/16
[36;22m[DEBUG] [39;1msnarkJS[0m: tauG2: fft 9 join  9/9  1/1 14/16
[36;22m[DEBUG] [39;1msnarkJS[0m: tauG2: fft 9 join  9/9  1/1 3/16
[36;22m[DEBUG] [39;1msnarkJS[0m: tauG2: fft 9 join  9/9  1/1 7/16
[36;22m[DEBUG] [39;1msnarkJS[0m: tauG2: fft 10 mix start: 0/32
[36;22m[DEBUG] [39;1msnarkJS[0m: tauG2: fft 10 mix start: 1/32
[36;22m[DEBUG] [39;1msnarkJS[0m: tauG2: fft 10 mix start: 2/32
[36;22m[DEBUG] [39;1msnarkJS[0m: tauG2: fft 10 mix start: 3/32
[36;22m[DEBUG] [39;1msnarkJS[0m: tauG2: fft 10 mix start: 4/32
[36;22m[DEBUG] [39;1msnarkJS[0m: tauG2: fft 10 mix start: 5/32
[36;22m[DEBUG] [39;1msnarkJS[0m: tauG2: fft 10 mix start: 6/32
[36;22m[DEBUG] [39;1msnarkJS[0m: tauG2: fft 10 mix start: 7/32
[36;22m[DEBUG] [39;1msnarkJS[0m: tauG2: fft 10 mix start: 8/32
[36;22m[DEBUG] [39;1msnarkJS[0m: tauG2: fft 10 mix start: 9/32
[36;22m[DEBUG] [39;1msnarkJS[0m: tauG2: fft 10 mix start: 10/32
[36;22m[DEBUG] [39;1msnarkJS[0m: tauG2: fft 10 mix start: 11/32
[36;22m[DEBUG] [39;1msnarkJS[0m: tauG2: fft 10 mix start: 12/32
[36;22m[DEBUG] [39;1msnarkJS[0m: tauG2: fft 10 mix start: 13/32
[36;22m[DEBUG] [39;1msnarkJS[0m: tauG2: fft 10 mix start: 14/32
[36;22m[DEBUG] [39;1msnarkJS[0m: tauG2: fft 10 mix start: 15/32
[36;22m[DEBUG] [39;1msnarkJS[0m: tauG2: fft 10 mix start: 16/32
[36;22m[DEBUG] [39;1msnarkJS[0m: tauG2: fft 10 mix start: 17/32
[36;22m[DEBUG] [39;1msnarkJS[0m: tauG2: fft 10 mix start: 18/32
[36;22m[DEBUG] [39;1msnarkJS[0m: tauG2: fft 10 mix start: 19/32
[36;22m[DEBUG] [39;1msnarkJS[0m: tauG2: fft 10 mix start: 20/32
[36;22m[DEBUG] [39;1msnarkJS[0m: tauG2: fft 10 mix start: 21/32
[36;22m[DEBUG] [39;1msnarkJS[0m: tauG2: fft 10 mix start: 22/32
[36;22m[DEBUG] [39;1msnarkJS[0m: tauG2: fft 10 mix start: 23/32
[36;22m[DEBUG] [39;1msnarkJS[0m: tauG2: fft 10 mix start: 24/32
[36;22m[DEBUG] [39;1msnarkJS[0m: tauG2: fft 10 mix start: 25/32
[36;22m[DEBUG] [39;1msnarkJS[0m: tauG2: fft 10 mix start: 26/32
[36;22m[DEBUG] [39;1msnarkJS[0m: tauG2: fft 10 mix start: 27/32
[36;22m[DEBUG] [39;1msnarkJS[0m: tauG2: fft 10 mix start: 28/32
[36;22m[DEBUG] [39;1msnarkJS[0m: tauG2: fft 10 mix start: 29/32
[36;22m[DEBUG] [39;1msnarkJS[0m: tauG2: fft 10 mix start: 30/32
[36;22m[DEBUG] [39;1msnarkJS[0m: tauG2: fft 10 mix start: 31/32
[36;22m[DEBUG] [39;1msnarkJS[0m: tauG2: fft 10 mix end: 1/32
[36;22m[DEBUG] [39;1msnarkJS[0m: tauG2: fft 10 mix end: 5/32
[36;22m[DEBUG] [39;1msnarkJS[0m: tauG2: fft 10 mix end: 4/32
[36;22m[DEBUG] [39;1msnarkJS[0m: tauG2: fft 10 mix end: 12/32
[36;22m[DEBUG] [39;1msnarkJS[0m: tauG2: fft 10 mix end: 15/32
[36;22m[DEBUG] [39;1msnarkJS[0m: tauG2: fft 10 mix end: 9/32
[36;22m[DEBUG] [39;1msnarkJS[0m: tauG2: fft 10 mix end: 11/32
[36;22m[DEBUG] [39;1msnarkJS[0m: tauG2: fft 10 mix end: 19/32
[36;22m[DEBUG] [39;1msnarkJS[0m: tauG2: fft 10 mix end: 23/32
[36;22m[DEBUG] [39;1msnarkJS[0m: tauG2: fft 10 mix end: 31/32
[36;22m[DEBUG] [39;1msnarkJS[0m: tauG2: fft 10 mix end: 3/32
[36;22m[DEBUG] [39;1msnarkJS[0m: tauG2: fft 10 mix end: 7/32
[36;22m[DEBUG] [39;1msnarkJS[0m: tauG2: fft 10 mix end: 22/32
[36;22m[DEBUG] [39;1msnarkJS[0m: tauG2: fft 10 mix end: 8/32
[36;22m[DEBUG] [39;1msnarkJS[0m: tauG2: fft 10 mix end: 6/32
[36;22m[DEBUG] [39;1msnarkJS[0m: tauG2: fft 10 mix end: 20/32
[36;22m[DEBUG] [39;1msnarkJS[0m: tauG2: fft 10 mix end: 10/32
[36;22m[DEBUG] [39;1msnarkJS[0m: tauG2: fft 10 mix end: 16/32
[36;22m[DEBUG] [39;1msnarkJS[0m: tauG2: fft 10 mix end: 13/32
[36;22m[DEBUG] [39;1msnarkJS[0m: tauG2: fft 10 mix end: 21/32
[36;22m[DEBUG] [39;1msnarkJS[0m: tauG2: fft 10 mix end: 17/32
[36;22m[DEBUG] [39;1msnarkJS[0m: tauG2: fft 10 mix end: 28/32
[36;22m[DEBUG] [39;1msnarkJS[0m: tauG2: fft 10 mix end: 14/32
[36;22m[DEBUG] [39;1msnarkJS[0m: tauG2: fft 10 mix end: 25/32
[36;22m[DEBUG] [39;1msnarkJS[0m: tauG2: fft 10 mix end: 26/32
[36;22m[DEBUG] [39;1msnarkJS[0m: tauG2: fft 10 mix end: 27/32
[36;22m[DEBUG] [39;1msnarkJS[0m: tauG2: fft 10 mix end: 29/32
[36;22m[DEBUG] [39;1msnarkJS[0m: tauG2: fft 10 mix end: 30/32
[36;22m[DEBUG] [39;1msnarkJS[0m: tauG2: fft 10 mix end: 24/32
[36;22m[DEBUG] [39;1msnarkJS[0m: tauG2: fft 10 mix end: 0/32
[36;22m[DEBUG] [39;1msnarkJS[0m: tauG2: fft 10 mix end: 18/32
[36;22m[DEBUG] [39;1msnarkJS[0m: tauG2: fft 10 mix end: 2/32
[36;22m[DEBUG] [39;1msnarkJS[0m: tauG2: fft  10  join: 6/10
[36;22m[DEBUG] [39;1msnarkJS[0m: tauG2: fft 10 join  6/10  3/16 0/1
[36;22m[DEBUG] [39;1msnarkJS[0m: tauG2: fft 10 join  6/10  7/16 0/1
[36;22m[DEBUG] [39;1msnarkJS[0m: tauG2: fft 10 join  6/10  2/16 0/1
[36;22m[DEBUG] [39;1msnarkJS[0m: tauG2: fft 10 join  6/10  1/16 0/1
[36;22m[DEBUG] [39;1msnarkJS[0m: tauG2: fft 10 join  6/10  4/16 0/1
[36;22m[DEBUG] [39;1msnarkJS[0m: tauG2: fft 10 join  6/10  16/16 0/1
[36;22m[DEBUG] [39;1msnarkJS[0m: tauG2: fft 10 join  6/10  9/16 0/1
[36;22m[DEBUG] [39;1msnarkJS[0m: tauG2: fft 10 join  6/10  12/16 0/1
[36;22m[DEBUG] [39;1msnarkJS[0m: tauG2: fft 10 join  6/10  6/16 0/1
[36;22m[DEBUG] [39;1msnarkJS[0m: tauG2: fft 10 join  6/10  14/16 0/1
[36;22m[DEBUG] [39;1msnarkJS[0m: tauG2: fft 10 join  6/10  11/16 0/1
[36;22m[DEBUG] [39;1msnarkJS[0m: tauG2: fft 10 join  6/10  13/16 0/1
[36;22m[DEBUG] [39;1msnarkJS[0m: tauG2: fft 10 join  6/10  5/16 0/1
[36;22m[DEBUG] [39;1msnarkJS[0m: tauG2: fft 10 join  6/10  8/16 0/1
[36;22m[DEBUG] [39;1msnarkJS[0m: tauG2: fft 10 join  6/10  10/16 0/1
[36;22m[DEBUG] [39;1msnarkJS[0m: tauG2: fft 10 join  6/10  15/16 0/1
[36;22m[DEBUG] [39;1msnarkJS[0m: tauG2: fft  10  join: 7/10
[36;22m[DEBUG] [39;1msnarkJS[0m: tauG2: fft 10 join  7/10  1/8 0/2
[36;22m[DEBUG] [39;1msnarkJS[0m: tauG2: fft 10 join  7/10  2/8 0/2
[36;22m[DEBUG] [39;1msnarkJS[0m: tauG2: fft 10 join  7/10  4/8 0/2
[36;22m[DEBUG] [39;1msnarkJS[0m: tauG2: fft 10 join  7/10  5/8 0/2
[36;22m[DEBUG] [39;1msnarkJS[0m: tauG2: fft 10 join  7/10  6/8 0/2
[36;22m[DEBUG] [39;1msnarkJS[0m: tauG2: fft 10 join  7/10  7/8 0/2
[36;22m[DEBUG] [39;1msnarkJS[0m: tauG2: fft 10 join  7/10  3/8 0/2
[36;22m[DEBUG] [39;1msnarkJS[0m: tauG2: fft 10 join  7/10  8/8 0/2
[36;22m[DEBUG] [39;1msnarkJS[0m: tauG2: fft 10 join  7/10  1/8 1/2
[36;22m[DEBUG] [39;1msnarkJS[0m: tauG2: fft 10 join  7/10  3/8 1/2
[36;22m[DEBUG] [39;1msnarkJS[0m: tauG2: fft 10 join  7/10  2/8 1/2
[36;22m[DEBUG] [39;1msnarkJS[0m: tauG2: fft 10 join  7/10  6/8 1/2
[36;22m[DEBUG] [39;1msnarkJS[0m: tauG2: fft 10 join  7/10  7/8 1/2
[36;22m[DEBUG] [39;1msnarkJS[0m: tauG2: fft 10 join  7/10  5/8 1/2
[36;22m[DEBUG] [39;1msnarkJS[0m: tauG2: fft 10 join  7/10  8/8 1/2
[36;22m[DEBUG] [39;1msnarkJS[0m: tauG2: fft 10 join  7/10  4/8 1/2
[36;22m[DEBUG] [39;1msnarkJS[0m: tauG2: fft  10  join: 8/10
[36;22m[DEBUG] [39;1msnarkJS[0m: tauG2: fft 10 join  8/10  1/4 0/4
[36;22m[DEBUG] [39;1msnarkJS[0m: tauG2: fft 10 join  8/10  3/4 0/4
[36;22m[DEBUG] [39;1msnarkJS[0m: tauG2: fft 10 join  8/10  4/4 0/4
[36;22m[DEBUG] [39;1msnarkJS[0m: tauG2: fft 10 join  8/10  2/4 0/4
[36;22m[DEBUG] [39;1msnarkJS[0m: tauG2: fft 10 join  8/10  3/4 2/4
[36;22m[DEBUG] [39;1msnarkJS[0m: tauG2: fft 10 join  8/10  1/4 1/4
[36;22m[DEBUG] [39;1msnarkJS[0m: tauG2: fft 10 join  8/10  1/4 3/4
[36;22m[DEBUG] [39;1msnarkJS[0m: tauG2: fft 10 join  8/10  1/4 2/4
[36;22m[DEBUG] [39;1msnarkJS[0m: tauG2: fft 10 join  8/10  2/4 2/4
[36;22m[DEBUG] [39;1msnarkJS[0m: tauG2: fft 10 join  8/10  3/4 3/4
[36;22m[DEBUG] [39;1msnarkJS[0m: tauG2: fft 10 join  8/10  2/4 1/4
[36;22m[DEBUG] [39;1msnarkJS[0m: tauG2: fft 10 join  8/10  3/4 1/4
[36;22m[DEBUG] [39;1msnarkJS[0m: tauG2: fft 10 join  8/10  4/4 1/4
[36;22m[DEBUG] [39;1msnarkJS[0m: tauG2: fft 10 join  8/10  4/4 2/4
[36;22m[DEBUG] [39;1msnarkJS[0m: tauG2: fft 10 join  8/10  4/4 3/4
[36;22m[DEBUG] [39;1msnarkJS[0m: tauG2: fft 10 join  8/10  2/4 3/4
[36;22m[DEBUG] [39;1msnarkJS[0m: tauG2: fft  10  join: 9/10
[36;22m[DEBUG] [39;1msnarkJS[0m: tauG2: fft 10 join  9/10  2/2 0/8
[36;22m[DEBUG] [39;1msnarkJS[0m: tauG2: fft 10 join  9/10  1/2 0/8
[36;22m[DEBUG] [39;1msnarkJS[0m: tauG2: fft 10 join  9/10  1/2 5/8
[36;22m[DEBUG] [39;1msnarkJS[0m: tauG2: fft 10 join  9/10  1/2 1/8
[36;22m[DEBUG] [39;1msnarkJS[0m: tauG2: fft 10 join  9/10  1/2 2/8
[36;22m[DEBUG] [39;1msnarkJS[0m: tauG2: fft 10 join  9/10  1/2 6/8
[36;22m[DEBUG] [39;1msnarkJS[0m: tauG2: fft 10 join  9/10  2/2 2/8
[36;22m[DEBUG] [39;1msnarkJS[0m: tauG2: fft 10 join  9/10  2/2 7/8
[36;22m[DEBUG] [39;1msnarkJS[0m: tauG2: fft 10 join  9/10  1/2 4/8
[36;22m[DEBUG] [39;1msnarkJS[0m: tauG2: fft 10 join  9/10  2/2 4/8
[36;22m[DEBUG] [39;1msnarkJS[0m: tauG2: fft 10 join  9/10  2/2 5/8
[36;22m[DEBUG] [39;1msnarkJS[0m: tauG2: fft 10 join  9/10  2/2 3/8
[36;22m[DEBUG] [39;1msnarkJS[0m: tauG2: fft 10 join  9/10  2/2 1/8
[36;22m[DEBUG] [39;1msnarkJS[0m: tauG2: fft 10 join  9/10  1/2 7/8
[36;22m[DEBUG] [39;1msnarkJS[0m: tauG2: fft 10 join  9/10  2/2 6/8
[36;22m[DEBUG] [39;1msnarkJS[0m: tauG2: fft 10 join  9/10  1/2 3/8
[36;22m[DEBUG] [39;1msnarkJS[0m: tauG2: fft  10  join: 10/10
[36;22m[DEBUG] [39;1msnarkJS[0m: tauG2: fft 10 join  10/10  1/1 5/16
[36;22m[DEBUG] [39;1msnarkJS[0m: tauG2: fft 10 join  10/10  1/1 6/16
[36;22m[DEBUG] [39;1msnarkJS[0m: tauG2: fft 10 join  10/10  1/1 11/16
[36;22m[DEBUG] [39;1msnarkJS[0m: tauG2: fft 10 join  10/10  1/1 2/16
[36;22m[DEBUG] [39;1msnarkJS[0m: tauG2: fft 10 join  10/10  1/1 8/16
[36;22m[DEBUG] [39;1msnarkJS[0m: tauG2: fft 10 join  10/10  1/1 10/16
[36;22m[DEBUG] [39;1msnarkJS[0m: tauG2: fft 10 join  10/10  1/1 12/16
[36;22m[DEBUG] [39;1msnarkJS[0m: tauG2: fft 10 join  10/10  1/1 1/16
[36;22m[DEBUG] [39;1msnarkJS[0m: tauG2: fft 10 join  10/10  1/1 13/16
[36;22m[DEBUG] [39;1msnarkJS[0m: tauG2: fft 10 join  10/10  1/1 4/16
[36;22m[DEBUG] [39;1msnarkJS[0m: tauG2: fft 10 join  10/10  1/1 9/16
[36;22m[DEBUG] [39;1msnarkJS[0m: tauG2: fft 10 join  10/10  1/1 14/16
[36;22m[DEBUG] [39;1msnarkJS[0m: tauG2: fft 10 join  10/10  1/1 15/16
[36;22m[DEBUG] [39;1msnarkJS[0m: tauG2: fft 10 join  10/10  1/1 7/16
[36;22m[DEBUG] [39;1msnarkJS[0m: tauG2: fft 10 join  10/10  1/1 3/16
[36;22m[DEBUG] [39;1msnarkJS[0m: tauG2: fft 10 join  10/10  1/1 0/16
[36;22m[DEBUG] [39;1msnarkJS[0m: tauG2: fft 11 mix start: 0/32
[36;22m[DEBUG] [39;1msnarkJS[0m: tauG2: fft 11 mix start: 1/32
[36;22m[DEBUG] [39;1msnarkJS[0m: tauG2: fft 11 mix start: 2/32
[36;22m[DEBUG] [39;1msnarkJS[0m: tauG2: fft 11 mix start: 3/32
[36;22m[DEBUG] [39;1msnarkJS[0m: tauG2: fft 11 mix start: 4/32
[36;22m[DEBUG] [39;1msnarkJS[0m: tauG2: fft 11 mix start: 5/32
[36;22m[DEBUG] [39;1msnarkJS[0m: tauG2: fft 11 mix start: 6/32
[36;22m[DEBUG] [39;1msnarkJS[0m: tauG2: fft 11 mix start: 7/32
[36;22m[DEBUG] [39;1msnarkJS[0m: tauG2: fft 11 mix start: 8/32
[36;22m[DEBUG] [39;1msnarkJS[0m: tauG2: fft 11 mix start: 9/32
[36;22m[DEBUG] [39;1msnarkJS[0m: tauG2: fft 11 mix start: 10/32
[36;22m[DEBUG] [39;1msnarkJS[0m: tauG2: fft 11 mix start: 11/32
[36;22m[DEBUG] [39;1msnarkJS[0m: tauG2: fft 11 mix start: 12/32
[36;22m[DEBUG] [39;1msnarkJS[0m: tauG2: fft 11 mix start: 13/32
[36;22m[DEBUG] [39;1msnarkJS[0m: tauG2: fft 11 mix start: 14/32
[36;22m[DEBUG] [39;1msnarkJS[0m: tauG2: fft 11 mix start: 15/32
[36;22m[DEBUG] [39;1msnarkJS[0m: tauG2: fft 11 mix start: 16/32
[36;22m[DEBUG] [39;1msnarkJS[0m: tauG2: fft 11 mix start: 17/32
[36;22m[DEBUG] [39;1msnarkJS[0m: tauG2: fft 11 mix start: 18/32
[36;22m[DEBUG] [39;1msnarkJS[0m: tauG2: fft 11 mix start: 19/32
[36;22m[DEBUG] [39;1msnarkJS[0m: tauG2: fft 11 mix start: 20/32
[36;22m[DEBUG] [39;1msnarkJS[0m: tauG2: fft 11 mix start: 21/32
[36;22m[DEBUG] [39;1msnarkJS[0m: tauG2: fft 11 mix start: 22/32
[36;22m[DEBUG] [39;1msnarkJS[0m: tauG2: fft 11 mix start: 23/32
[36;22m[DEBUG] [39;1msnarkJS[0m: tauG2: fft 11 mix start: 24/32
[36;22m[DEBUG] [39;1msnarkJS[0m: tauG2: fft 11 mix start: 25/32
[36;22m[DEBUG] [39;1msnarkJS[0m: tauG2: fft 11 mix start: 26/32
[36;22m[DEBUG] [39;1msnarkJS[0m: tauG2: fft 11 mix start: 27/32
[36;22m[DEBUG] [39;1msnarkJS[0m: tauG2: fft 11 mix start: 28/32
[36;22m[DEBUG] [39;1msnarkJS[0m: tauG2: fft 11 mix start: 29/32
[36;22m[DEBUG] [39;1msnarkJS[0m: tauG2: fft 11 mix start: 30/32
[36;22m[DEBUG] [39;1msnarkJS[0m: tauG2: fft 11 mix start: 31/32
[36;22m[DEBUG] [39;1msnarkJS[0m: tauG2: fft 11 mix end: 1/32
[36;22m[DEBUG] [39;1msnarkJS[0m: tauG2: fft 11 mix end: 2/32
[36;22m[DEBUG] [39;1msnarkJS[0m: tauG2: fft 11 mix end: 3/32
[36;22m[DEBUG] [39;1msnarkJS[0m: tauG2: fft 11 mix end: 5/32
[36;22m[DEBUG] [39;1msnarkJS[0m: tauG2: fft 11 mix end: 11/32
[36;22m[DEBUG] [39;1msnarkJS[0m: tauG2: fft 11 mix end: 12/32
[36;22m[DEBUG] [39;1msnarkJS[0m: tauG2: fft 11 mix end: 18/32
[36;22m[DEBUG] [39;1msnarkJS[0m: tauG2: fft 11 mix end: 19/32
[36;22m[DEBUG] [39;1msnarkJS[0m: tauG2: fft 11 mix end: 23/32
[36;22m[DEBUG] [39;1msnarkJS[0m: tauG2: fft 11 mix end: 15/32
[36;22m[DEBUG] [39;1msnarkJS[0m: tauG2: fft 11 mix end: 7/32
[36;22m[DEBUG] [39;1msnarkJS[0m: tauG2: fft 11 mix end: 9/32
[36;22m[DEBUG] [39;1msnarkJS[0m: tauG2: fft 11 mix end: 0/32
[36;22m[DEBUG] [39;1msnarkJS[0m: tauG2: fft 11 mix end: 4/32
[36;22m[DEBUG] [39;1msnarkJS[0m: tauG2: fft 11 mix end: 13/32
[36;22m[DEBUG] [39;1msnarkJS[0m: tauG2: fft 11 mix end: 30/32
[36;22m[DEBUG] [39;1msnarkJS[0m: tauG2: fft 11 mix end: 26/32
[36;22m[DEBUG] [39;1msnarkJS[0m: tauG2: fft 11 mix end: 8/32
[36;22m[DEBUG] [39;1msnarkJS[0m: tauG2: fft 11 mix end: 31/32
[36;22m[DEBUG] [39;1msnarkJS[0m: tauG2: fft 11 mix end: 6/32
[36;22m[DEBUG] [39;1msnarkJS[0m: tauG2: fft 11 mix end: 20/32
[36;22m[DEBUG] [39;1msnarkJS[0m: tauG2: fft 11 mix end: 22/32
[36;22m[DEBUG] [39;1msnarkJS[0m: tauG2: fft 11 mix end: 16/32
[36;22m[DEBUG] [39;1msnarkJS[0m: tauG2: fft 11 mix end: 10/32
[36;22m[DEBUG] [39;1msnarkJS[0m: tauG2: fft 11 mix end: 21/32
[36;22m[DEBUG] [39;1msnarkJS[0m: tauG2: fft 11 mix end: 17/32
[36;22m[DEBUG] [39;1msnarkJS[0m: tauG2: fft 11 mix end: 25/32
[36;22m[DEBUG] [39;1msnarkJS[0m: tauG2: fft 11 mix end: 14/32
[36;22m[DEBUG] [39;1msnarkJS[0m: tauG2: fft 11 mix end: 29/32
[36;22m[DEBUG] [39;1msnarkJS[0m: tauG2: fft 11 mix end: 24/32
[36;22m[DEBUG] [39;1msnarkJS[0m: tauG2: fft 11 mix end: 27/32
[36;22m[DEBUG] [39;1msnarkJS[0m: tauG2: fft 11 mix end: 28/32
[36;22m[DEBUG] [39;1msnarkJS[0m: tauG2: fft  11  join: 7/11
[36;22m[DEBUG] [39;1msnarkJS[0m: tauG2: fft 11 join  7/11  3/16 0/1
[36;22m[DEBUG] [39;1msnarkJS[0m: tauG2: fft 11 join  7/11  2/16 0/1
[36;22m[DEBUG] [39;1msnarkJS[0m: tauG2: fft 11 join  7/11  1/16 0/1
[36;22m[DEBUG] [39;1msnarkJS[0m: tauG2: fft 11 join  7/11  11/16 0/1
[36;22m[DEBUG] [39;1msnarkJS[0m: tauG2: fft 11 join  7/11  4/16 0/1
[36;22m[DEBUG] [39;1msnarkJS[0m: tauG2: fft 11 join  7/11  6/16 0/1
[36;22m[DEBUG] [39;1msnarkJS[0m: tauG2: fft 11 join  7/11  9/16 0/1
[36;22m[DEBUG] [39;1msnarkJS[0m: tauG2: fft 11 join  7/11  13/16 0/1
[36;22m[DEBUG] [39;1msnarkJS[0m: tauG2: fft 11 join  7/11  7/16 0/1
[36;22m[DEBUG] [39;1msnarkJS[0m: tauG2: fft 11 join  7/11  16/16 0/1
[36;22m[DEBUG] [39;1msnarkJS[0m: tauG2: fft 11 join  7/11  10/16 0/1
[36;22m[DEBUG] [39;1msnarkJS[0m: tauG2: fft 11 join  7/11  14/16 0/1
[36;22m[DEBUG] [39;1msnarkJS[0m: tauG2: fft 11 join  7/11  8/16 0/1
[36;22m[DEBUG] [39;1msnarkJS[0m: tauG2: fft 11 join  7/11  15/16 0/1
[36;22m[DEBUG] [39;1msnarkJS[0m: tauG2: fft 11 join  7/11  5/16 0/1
[36;22m[DEBUG] [39;1msnarkJS[0m: tauG2: fft 11 join  7/11  12/16 0/1
[36;22m[DEBUG] [39;1msnarkJS[0m: tauG2: fft  11  join: 8/11
[36;22m[DEBUG] [39;1msnarkJS[0m: tauG2: fft 11 join  8/11  1/8 0/2
[36;22m[DEBUG] [39;1msnarkJS[0m: tauG2: fft 11 join  8/11  5/8 0/2
[36;22m[DEBUG] [39;1msnarkJS[0m: tauG2: fft 11 join  8/11  2/8 0/2
[36;22m[DEBUG] [39;1msnarkJS[0m: tauG2: fft 11 join  8/11  4/8 0/2
[36;22m[DEBUG] [39;1msnarkJS[0m: tauG2: fft 11 join  8/11  7/8 0/2
[36;22m[DEBUG] [39;1msnarkJS[0m: tauG2: fft 11 join  8/11  6/8 0/2
[36;22m[DEBUG] [39;1msnarkJS[0m: tauG2: fft 11 join  8/11  3/8 1/2
[36;22m[DEBUG] [39;1msnarkJS[0m: tauG2: fft 11 join  8/11  8/8 1/2
[36;22m[DEBUG] [39;1msnarkJS[0m: tauG2: fft 11 join  8/11  1/8 1/2
[36;22m[DEBUG] [39;1msnarkJS[0m: tauG2: fft 11 join  8/11  2/8 1/2
[36;22m[DEBUG] [39;1msnarkJS[0m: tauG2: fft 11 join  8/11  5/8 1/2
[36;22m[DEBUG] [39;1msnarkJS[0m: tauG2: fft 11 join  8/11  7/8 1/2
[36;22m[DEBUG] [39;1msnarkJS[0m: tauG2: fft 11 join  8/11  8/8 0/2
[36;22m[DEBUG] [39;1msnarkJS[0m: tauG2: fft 11 join  8/11  4/8 1/2
[36;22m[DEBUG] [39;1msnarkJS[0m: tauG2: fft 11 join  8/11  3/8 0/2
[36;22m[DEBUG] [39;1msnarkJS[0m: tauG2: fft 11 join  8/11  6/8 1/2
[36;22m[DEBUG] [39;1msnarkJS[0m: tauG2: fft  11  join: 9/11
[36;22m[DEBUG] [39;1msnarkJS[0m: tauG2: fft 11 join  9/11  1/4 0/4
[36;22m[DEBUG] [39;1msnarkJS[0m: tauG2: fft 11 join  9/11  2/4 0/4
[36;22m[DEBUG] [39;1msnarkJS[0m: tauG2: fft 11 join  9/11  3/4 0/4
[36;22m[DEBUG] [39;1msnarkJS[0m: tauG2: fft 11 join  9/11  4/4 0/4
[36;22m[DEBUG] [39;1msnarkJS[0m: tauG2: fft 11 join  9/11  2/4 2/4
[36;22m[DEBUG] [39;1msnarkJS[0m: tauG2: fft 11 join  9/11  3/4 2/4
[36;22m[DEBUG] [39;1msnarkJS[0m: tauG2: fft 11 join  9/11  3/4 3/4
[36;22m[DEBUG] [39;1msnarkJS[0m: tauG2: fft 11 join  9/11  1/4 3/4
[36;22m[DEBUG] [39;1msnarkJS[0m: tauG2: fft 11 join  9/11  1/4 2/4
[36;22m[DEBUG] [39;1msnarkJS[0m: tauG2: fft 11 join  9/11  2/4 1/4
[36;22m[DEBUG] [39;1msnarkJS[0m: tauG2: fft 11 join  9/11  1/4 1/4
[36;22m[DEBUG] [39;1msnarkJS[0m: tauG2: fft 11 join  9/11  3/4 1/4
[36;22m[DEBUG] [39;1msnarkJS[0m: tauG2: fft 11 join  9/11  4/4 2/4
[36;22m[DEBUG] [39;1msnarkJS[0m: tauG2: fft 11 join  9/11  4/4 1/4
[36;22m[DEBUG] [39;1msnarkJS[0m: tauG2: fft 11 join  9/11  2/4 3/4
[36;22m[DEBUG] [39;1msnarkJS[0m: tauG2: fft 11 join  9/11  4/4 3/4
[36;22m[DEBUG] [39;1msnarkJS[0m: tauG2: fft  11  join: 10/11
[36;22m[DEBUG] [39;1msnarkJS[0m: tauG2: fft 11 join  10/11  1/2 0/8
[36;22m[DEBUG] [39;1msnarkJS[0m: tauG2: fft 11 join  10/11  2/2 0/8
[36;22m[DEBUG] [39;1msnarkJS[0m: tauG2: fft 11 join  10/11  1/2 5/8
[36;22m[DEBUG] [39;1msnarkJS[0m: tauG2: fft 11 join  10/11  1/2 1/8
[36;22m[DEBUG] [39;1msnarkJS[0m: tauG2: fft 11 join  10/11  1/2 2/8
[36;22m[DEBUG] [39;1msnarkJS[0m: tauG2: fft 11 join  10/11  1/2 6/8
[36;22m[DEBUG] [39;1msnarkJS[0m: tauG2: fft 11 join  10/11  2/2 5/8
[36;22m[DEBUG] [39;1msnarkJS[0m: tauG2: fft 11 join  10/11  1/2 3/8
[36;22m[DEBUG] [39;1msnarkJS[0m: tauG2: fft 11 join  10/11  1/2 4/8
[36;22m[DEBUG] [39;1msnarkJS[0m: tauG2: fft 11 join  10/11  2/2 2/8
[36;22m[DEBUG] [39;1msnarkJS[0m: tauG2: fft 11 join  10/11  2/2 3/8
[36;22m[DEBUG] [39;1msnarkJS[0m: tauG2: fft 11 join  10/11  2/2 4/8
[36;22m[DEBUG] [39;1msnarkJS[0m: tauG2: fft 11 join  10/11  2/2 1/8
[36;22m[DEBUG] [39;1msnarkJS[0m: tauG2: fft 11 join  10/11  2/2 7/8
[36;22m[DEBUG] [39;1msnarkJS[0m: tauG2: fft 11 join  10/11  2/2 6/8
[36;22m[DEBUG] [39;1msnarkJS[0m: tauG2: fft 11 join  10/11  1/2 7/8
[36;22m[DEBUG] [39;1msnarkJS[0m: tauG2: fft  11  join: 11/11
[36;22m[DEBUG] [39;1msnarkJS[0m: tauG2: fft 11 join  11/11  1/1 0/16
[36;22m[DEBUG] [39;1msnarkJS[0m: tauG2: fft 11 join  11/11  1/1 11/16
[36;22m[DEBUG] [39;1msnarkJS[0m: tauG2: fft 11 join  11/11  1/1 10/16
[36;22m[DEBUG] [39;1msnarkJS[0m: tauG2: fft 11 join  11/11  1/1 6/16
[36;22m[DEBUG] [39;1msnarkJS[0m: tauG2: fft 11 join  11/11  1/1 2/16
[36;22m[DEBUG] [39;1msnarkJS[0m: tauG2: fft 11 join  11/11  1/1 1/16
[36;22m[DEBUG] [39;1msnarkJS[0m: tauG2: fft 11 join  11/11  1/1 3/16
[36;22m[DEBUG] [39;1msnarkJS[0m: tauG2: fft 11 join  11/11  1/1 12/16
[36;22m[DEBUG] [39;1msnarkJS[0m: tauG2: fft 11 join  11/11  1/1 4/16
[36;22m[DEBUG] [39;1msnarkJS[0m: tauG2: fft 11 join  11/11  1/1 13/16
[36;22m[DEBUG] [39;1msnarkJS[0m: tauG2: fft 11 join  11/11  1/1 9/16
[36;22m[DEBUG] [39;1msnarkJS[0m: tauG2: fft 11 join  11/11  1/1 15/16
[36;22m[DEBUG] [39;1msnarkJS[0m: tauG2: fft 11 join  11/11  1/1 14/16
[36;22m[DEBUG] [39;1msnarkJS[0m: tauG2: fft 11 join  11/11  1/1 7/16
[36;22m[DEBUG] [39;1msnarkJS[0m: tauG2: fft 11 join  11/11  1/1 5/16
[36;22m[DEBUG] [39;1msnarkJS[0m: tauG2: fft 11 join  11/11  1/1 8/16
[36;22m[DEBUG] [39;1msnarkJS[0m: tauG2: fft 12 mix start: 0/32
[36;22m[DEBUG] [39;1msnarkJS[0m: tauG2: fft 12 mix start: 1/32
[36;22m[DEBUG] [39;1msnarkJS[0m: tauG2: fft 12 mix start: 2/32
[36;22m[DEBUG] [39;1msnarkJS[0m: tauG2: fft 12 mix start: 3/32
[36;22m[DEBUG] [39;1msnarkJS[0m: tauG2: fft 12 mix start: 4/32
[36;22m[DEBUG] [39;1msnarkJS[0m: tauG2: fft 12 mix start: 5/32
[36;22m[DEBUG] [39;1msnarkJS[0m: tauG2: fft 12 mix start: 6/32
[36;22m[DEBUG] [39;1msnarkJS[0m: tauG2: fft 12 mix start: 7/32
[36;22m[DEBUG] [39;1msnarkJS[0m: tauG2: fft 12 mix start: 8/32
[36;22m[DEBUG] [39;1msnarkJS[0m: tauG2: fft 12 mix start: 9/32
[36;22m[DEBUG] [39;1msnarkJS[0m: tauG2: fft 12 mix start: 10/32
[36;22m[DEBUG] [39;1msnarkJS[0m: tauG2: fft 12 mix start: 11/32
[36;22m[DEBUG] [39;1msnarkJS[0m: tauG2: fft 12 mix start: 12/32
[36;22m[DEBUG] [39;1msnarkJS[0m: tauG2: fft 12 mix start: 13/32
[36;22m[DEBUG] [39;1msnarkJS[0m: tauG2: fft 12 mix start: 14/32
[36;22m[DEBUG] [39;1msnarkJS[0m: tauG2: fft 12 mix start: 15/32
[36;22m[DEBUG] [39;1msnarkJS[0m: tauG2: fft 12 mix start: 16/32
[36;22m[DEBUG] [39;1msnarkJS[0m: tauG2: fft 12 mix start: 17/32
[36;22m[DEBUG] [39;1msnarkJS[0m: tauG2: fft 12 mix start: 18/32
[36;22m[DEBUG] [39;1msnarkJS[0m: tauG2: fft 12 mix start: 19/32
[36;22m[DEBUG] [39;1msnarkJS[0m: tauG2: fft 12 mix start: 20/32
[36;22m[DEBUG] [39;1msnarkJS[0m: tauG2: fft 12 mix start: 21/32
[36;22m[DEBUG] [39;1msnarkJS[0m: tauG2: fft 12 mix start: 22/32
[36;22m[DEBUG] [39;1msnarkJS[0m: tauG2: fft 12 mix start: 23/32
[36;22m[DEBUG] [39;1msnarkJS[0m: tauG2: fft 12 mix start: 24/32
[36;22m[DEBUG] [39;1msnarkJS[0m: tauG2: fft 12 mix start: 25/32
[36;22m[DEBUG] [39;1msnarkJS[0m: tauG2: fft 12 mix start: 26/32
[36;22m[DEBUG] [39;1msnarkJS[0m: tauG2: fft 12 mix start: 27/32
[36;22m[DEBUG] [39;1msnarkJS[0m: tauG2: fft 12 mix start: 28/32
[36;22m[DEBUG] [39;1msnarkJS[0m: tauG2: fft 12 mix start: 29/32
[36;22m[DEBUG] [39;1msnarkJS[0m: tauG2: fft 12 mix start: 30/32
[36;22m[DEBUG] [39;1msnarkJS[0m: tauG2: fft 12 mix start: 31/32
[36;22m[DEBUG] [39;1msnarkJS[0m: tauG2: fft 12 mix end: 0/32
[36;22m[DEBUG] [39;1msnarkJS[0m: tauG2: fft 12 mix end: 1/32
[36;22m[DEBUG] [39;1msnarkJS[0m: tauG2: fft 12 mix end: 8/32
[36;22m[DEBUG] [39;1msnarkJS[0m: tauG2: fft 12 mix end: 18/32
[36;22m[DEBUG] [39;1msnarkJS[0m: tauG2: fft 12 mix end: 12/32
[36;22m[DEBUG] [39;1msnarkJS[0m: tauG2: fft 12 mix end: 20/32
[36;22m[DEBUG] [39;1msnarkJS[0m: tauG2: fft 12 mix end: 3/32
[36;22m[DEBUG] [39;1msnarkJS[0m: tauG2: fft 12 mix end: 11/32
[36;22m[DEBUG] [39;1msnarkJS[0m: tauG2: fft 12 mix end: 15/32
[36;22m[DEBUG] [39;1msnarkJS[0m: tauG2: fft 12 mix end: 23/32
[36;22m[DEBUG] [39;1msnarkJS[0m: tauG2: fft 12 mix end: 2/32
[36;22m[DEBUG] [39;1msnarkJS[0m: tauG2: fft 12 mix end: 19/32
[36;22m[DEBUG] [39;1msnarkJS[0m: tauG2: fft 12 mix end: 24/32
[36;22m[DEBUG] [39;1msnarkJS[0m: tauG2: fft 12 mix end: 31/32
[36;22m[DEBUG] [39;1msnarkJS[0m: tauG2: fft 12 mix end: 22/32
[36;22m[DEBUG] [39;1msnarkJS[0m: tauG2: fft 12 mix end: 21/32
[36;22m[DEBUG] [39;1msnarkJS[0m: tauG2: fft 12 mix end: 10/32
[36;22m[DEBUG] [39;1msnarkJS[0m: tauG2: fft 12 mix end: 17/32
[36;22m[DEBUG] [39;1msnarkJS[0m: tauG2: fft 12 mix end: 28/32
[36;22m[DEBUG] [39;1msnarkJS[0m: tauG2: fft 12 mix end: 7/32
[36;22m[DEBUG] [39;1msnarkJS[0m: tauG2: fft 12 mix end: 16/32
[36;22m[DEBUG] [39;1msnarkJS[0m: tauG2: fft 12 mix end: 4/32
[36;22m[DEBUG] [39;1msnarkJS[0m: tauG2: fft 12 mix end: 27/32
[36;22m[DEBUG] [39;1msnarkJS[0m: tauG2: fft 12 mix end: 30/32
[36;22m[DEBUG] [39;1msnarkJS[0m: tauG2: fft 12 mix end: 29/32
[36;22m[DEBUG] [39;1msnarkJS[0m: tauG2: fft 12 mix end: 6/32
[36;22m[DEBUG] [39;1msnarkJS[0m: tauG2: fft 12 mix end: 5/32
[36;22m[DEBUG] [39;1msnarkJS[0m: tauG2: fft 12 mix end: 9/32
[36;22m[DEBUG] [39;1msnarkJS[0m: tauG2: fft 12 mix end: 25/32
[36;22m[DEBUG] [39;1msnarkJS[0m: tauG2: fft 12 mix end: 13/32
[36;22m[DEBUG] [39;1msnarkJS[0m: tauG2: fft 12 mix end: 14/32
[36;22m[DEBUG] [39;1msnarkJS[0m: tauG2: fft 12 mix end: 26/32
[36;22m[DEBUG] [39;1msnarkJS[0m: tauG2: fft  12  join: 8/12
[36;22m[DEBUG] [39;1msnarkJS[0m: tauG2: fft 12 join  8/12  1/16 0/1
[36;22m[DEBUG] [39;1msnarkJS[0m: tauG2: fft 12 join  8/12  3/16 0/1
[36;22m[DEBUG] [39;1msnarkJS[0m: tauG2: fft 12 join  8/12  6/16 0/1
[36;22m[DEBUG] [39;1msnarkJS[0m: tauG2: fft 12 join  8/12  2/16 0/1
[36;22m[DEBUG] [39;1msnarkJS[0m: tauG2: fft 12 join  8/12  4/16 0/1
[36;22m[DEBUG] [39;1msnarkJS[0m: tauG2: fft 12 join  8/12  13/16 0/1
[36;22m[DEBUG] [39;1msnarkJS[0m: tauG2: fft 12 join  8/12  12/16 0/1
[36;22m[DEBUG] [39;1msnarkJS[0m: tauG2: fft 12 join  8/12  9/16 0/1
[36;22m[DEBUG] [39;1msnarkJS[0m: tauG2: fft 12 join  8/12  11/16 0/1
[36;22m[DEBUG] [39;1msnarkJS[0m: tauG2: fft 12 join  8/12  5/16 0/1
[36;22m[DEBUG] [39;1msnarkJS[0m: tauG2: fft 12 join  8/12  16/16 0/1
[36;22m[DEBUG] [39;1msnarkJS[0m: tauG2: fft 12 join  8/12  10/16 0/1
[36;22m[DEBUG] [39;1msnarkJS[0m: tauG2: fft 12 join  8/12  7/16 0/1
[36;22m[DEBUG] [39;1msnarkJS[0m: tauG2: fft 12 join  8/12  15/16 0/1
[36;22m[DEBUG] [39;1msnarkJS[0m: tauG2: fft 12 join  8/12  14/16 0/1
[36;22m[DEBUG] [39;1msnarkJS[0m: tauG2: fft 12 join  8/12  8/16 0/1
[36;22m[DEBUG] [39;1msnarkJS[0m: tauG2: fft  12  join: 9/12
[36;22m[DEBUG] [39;1msnarkJS[0m: tauG2: fft 12 join  9/12  6/8 0/2
[36;22m[DEBUG] [39;1msnarkJS[0m: tauG2: fft 12 join  9/12  1/8 0/2
[36;22m[DEBUG] [39;1msnarkJS[0m: tauG2: fft 12 join  9/12  2/8 0/2
[36;22m[DEBUG] [39;1msnarkJS[0m: tauG2: fft 12 join  9/12  7/8 0/2
[36;22m[DEBUG] [39;1msnarkJS[0m: tauG2: fft 12 join  9/12  5/8 0/2
[36;22m[DEBUG] [39;1msnarkJS[0m: tauG2: fft 12 join  9/12  1/8 1/2
[36;22m[DEBUG] [39;1msnarkJS[0m: tauG2: fft 12 join  9/12  2/8 1/2
[36;22m[DEBUG] [39;1msnarkJS[0m: tauG2: fft 12 join  9/12  6/8 1/2
[36;22m[DEBUG] [39;1msnarkJS[0m: tauG2: fft 12 join  9/12  3/8 0/2
[36;22m[DEBUG] [39;1msnarkJS[0m: tauG2: fft 12 join  9/12  3/8 1/2
[36;22m[DEBUG] [39;1msnarkJS[0m: tauG2: fft 12 join  9/12  7/8 1/2
[36;22m[DEBUG] [39;1msnarkJS[0m: tauG2: fft 12 join  9/12  5/8 1/2
[36;22m[DEBUG] [39;1msnarkJS[0m: tauG2: fft 12 join  9/12  8/8 0/2
[36;22m[DEBUG] [39;1msnarkJS[0m: tauG2: fft 12 join  9/12  4/8 1/2
[36;22m[DEBUG] [39;1msnarkJS[0m: tauG2: fft 12 join  9/12  4/8 0/2
[36;22m[DEBUG] [39;1msnarkJS[0m: tauG2: fft 12 join  9/12  8/8 1/2
[36;22m[DEBUG] [39;1msnarkJS[0m: tauG2: fft  12  join: 10/12
[36;22m[DEBUG] [39;1msnarkJS[0m: tauG2: fft 12 join  10/12  3/4 0/4
[36;22m[DEBUG] [39;1msnarkJS[0m: tauG2: fft 12 join  10/12  1/4 0/4
[36;22m[DEBUG] [39;1msnarkJS[0m: tauG2: fft 12 join  10/12  4/4 0/4
[36;22m[DEBUG] [39;1msnarkJS[0m: tauG2: fft 12 join  10/12  1/4 3/4
[36;22m[DEBUG] [39;1msnarkJS[0m: tauG2: fft 12 join  10/12  1/4 2/4
[36;22m[DEBUG] [39;1msnarkJS[0m: tauG2: fft 12 join  10/12  2/4 2/4
[36;22m[DEBUG] [39;1msnarkJS[0m: tauG2: fft 12 join  10/12  2/4 0/4
[36;22m[DEBUG] [39;1msnarkJS[0m: tauG2: fft 12 join  10/12  3/4 2/4
[36;22m[DEBUG] [39;1msnarkJS[0m: tauG2: fft 12 join  10/12  3/4 3/4
[36;22m[DEBUG] [39;1msnarkJS[0m: tauG2: fft 12 join  10/12  1/4 1/4
[36;22m[DEBUG] [39;1msnarkJS[0m: tauG2: fft 12 join  10/12  2/4 1/4
[36;22m[DEBUG] [39;1msnarkJS[0m: tauG2: fft 12 join  10/12  4/4 1/4
[36;22m[DEBUG] [39;1msnarkJS[0m: tauG2: fft 12 join  10/12  3/4 1/4
[36;22m[DEBUG] [39;1msnarkJS[0m: tauG2: fft 12 join  10/12  2/4 3/4
[36;22m[DEBUG] [39;1msnarkJS[0m: tauG2: fft 12 join  10/12  4/4 3/4
[36;22m[DEBUG] [39;1msnarkJS[0m: tauG2: fft 12 join  10/12  4/4 2/4
[36;22m[DEBUG] [39;1msnarkJS[0m: tauG2: fft  12  join: 11/12
[36;22m[DEBUG] [39;1msnarkJS[0m: tauG2: fft 12 join  11/12  2/2 0/8
[36;22m[DEBUG] [39;1msnarkJS[0m: tauG2: fft 12 join  11/12  1/2 0/8
[36;22m[DEBUG] [39;1msnarkJS[0m: tauG2: fft 12 join  11/12  2/2 4/8
[36;22m[DEBUG] [39;1msnarkJS[0m: tauG2: fft 12 join  11/12  1/2 3/8
[36;22m[DEBUG] [39;1msnarkJS[0m: tauG2: fft 12 join  11/12  2/2 2/8
[36;22m[DEBUG] [39;1msnarkJS[0m: tauG2: fft 12 join  11/12  2/2 3/8
[36;22m[DEBUG] [39;1msnarkJS[0m: tauG2: fft 12 join  11/12  1/2 2/8
[36;22m[DEBUG] [39;1msnarkJS[0m: tauG2: fft 12 join  11/12  1/2 5/8
[36;22m[DEBUG] [39;1msnarkJS[0m: tauG2: fft 12 join  11/12  1/2 4/8
[36;22m[DEBUG] [39;1msnarkJS[0m: tauG2: fft 12 join  11/12  2/2 5/8
[36;22m[DEBUG] [39;1msnarkJS[0m: tauG2: fft 12 join  11/12  1/2 1/8
[36;22m[DEBUG] [39;1msnarkJS[0m: tauG2: fft 12 join  11/12  2/2 1/8
[36;22m[DEBUG] [39;1msnarkJS[0m: tauG2: fft 12 join  11/12  2/2 6/8
[36;22m[DEBUG] [39;1msnarkJS[0m: tauG2: fft 12 join  11/12  1/2 7/8
[36;22m[DEBUG] [39;1msnarkJS[0m: tauG2: fft 12 join  11/12  2/2 7/8
[36;22m[DEBUG] [39;1msnarkJS[0m: tauG2: fft 12 join  11/12  1/2 6/8
[36;22m[DEBUG] [39;1msnarkJS[0m: tauG2: fft  12  join: 12/12
[36;22m[DEBUG] [39;1msnarkJS[0m: tauG2: fft 12 join  12/12  1/1 0/16
[36;22m[DEBUG] [39;1msnarkJS[0m: tauG2: fft 12 join  12/12  1/1 8/16
[36;22m[DEBUG] [39;1msnarkJS[0m: tauG2: fft 12 join  12/12  1/1 12/16
[36;22m[DEBUG] [39;1msnarkJS[0m: tauG2: fft 12 join  12/12  1/1 10/16
[36;22m[DEBUG] [39;1msnarkJS[0m: tauG2: fft 12 join  12/12  1/1 2/16
[36;22m[DEBUG] [39;1msnarkJS[0m: tauG2: fft 12 join  12/12  1/1 1/16
[36;22m[DEBUG] [39;1msnarkJS[0m: tauG2: fft 12 join  12/12  1/1 3/16
[36;22m[DEBUG] [39;1msnarkJS[0m: tauG2: fft 12 join  12/12  1/1 11/16
[36;22m[DEBUG] [39;1msnarkJS[0m: tauG2: fft 12 join  12/12  1/1 4/16
[36;22m[DEBUG] [39;1msnarkJS[0m: tauG2: fft 12 join  12/12  1/1 5/16
[36;22m[DEBUG] [39;1msnarkJS[0m: tauG2: fft 12 join  12/12  1/1 13/16
[36;22m[DEBUG] [39;1msnarkJS[0m: tauG2: fft 12 join  12/12  1/1 9/16
[36;22m[DEBUG] [39;1msnarkJS[0m: tauG2: fft 12 join  12/12  1/1 14/16
[36;22m[DEBUG] [39;1msnarkJS[0m: tauG2: fft 12 join  12/12  1/1 7/16
[36;22m[DEBUG] [39;1msnarkJS[0m: tauG2: fft 12 join  12/12  1/1 6/16
[36;22m[DEBUG] [39;1msnarkJS[0m: tauG2: fft 12 join  12/12  1/1 15/16
[36;22m[DEBUG] [39;1msnarkJS[0m: tauG2: fft 13 mix start: 0/32
[36;22m[DEBUG] [39;1msnarkJS[0m: tauG2: fft 13 mix start: 1/32
[36;22m[DEBUG] [39;1msnarkJS[0m: tauG2: fft 13 mix start: 2/32
[36;22m[DEBUG] [39;1msnarkJS[0m: tauG2: fft 13 mix start: 3/32
[36;22m[DEBUG] [39;1msnarkJS[0m: tauG2: fft 13 mix start: 4/32
[36;22m[DEBUG] [39;1msnarkJS[0m: tauG2: fft 13 mix start: 5/32
[36;22m[DEBUG] [39;1msnarkJS[0m: tauG2: fft 13 mix start: 6/32
[36;22m[DEBUG] [39;1msnarkJS[0m: tauG2: fft 13 mix start: 7/32
[36;22m[DEBUG] [39;1msnarkJS[0m: tauG2: fft 13 mix start: 8/32
[36;22m[DEBUG] [39;1msnarkJS[0m: tauG2: fft 13 mix start: 9/32
[36;22m[DEBUG] [39;1msnarkJS[0m: tauG2: fft 13 mix start: 10/32
[36;22m[DEBUG] [39;1msnarkJS[0m: tauG2: fft 13 mix start: 11/32
[36;22m[DEBUG] [39;1msnarkJS[0m: tauG2: fft 13 mix start: 12/32
[36;22m[DEBUG] [39;1msnarkJS[0m: tauG2: fft 13 mix start: 13/32
[36;22m[DEBUG] [39;1msnarkJS[0m: tauG2: fft 13 mix start: 14/32
[36;22m[DEBUG] [39;1msnarkJS[0m: tauG2: fft 13 mix start: 15/32
[36;22m[DEBUG] [39;1msnarkJS[0m: tauG2: fft 13 mix start: 16/32
[36;22m[DEBUG] [39;1msnarkJS[0m: tauG2: fft 13 mix start: 17/32
[36;22m[DEBUG] [39;1msnarkJS[0m: tauG2: fft 13 mix start: 18/32
[36;22m[DEBUG] [39;1msnarkJS[0m: tauG2: fft 13 mix start: 19/32
[36;22m[DEBUG] [39;1msnarkJS[0m: tauG2: fft 13 mix start: 20/32
[36;22m[DEBUG] [39;1msnarkJS[0m: tauG2: fft 13 mix start: 21/32
[36;22m[DEBUG] [39;1msnarkJS[0m: tauG2: fft 13 mix start: 22/32
[36;22m[DEBUG] [39;1msnarkJS[0m: tauG2: fft 13 mix start: 23/32
[36;22m[DEBUG] [39;1msnarkJS[0m: tauG2: fft 13 mix start: 24/32
[36;22m[DEBUG] [39;1msnarkJS[0m: tauG2: fft 13 mix start: 25/32
[36;22m[DEBUG] [39;1msnarkJS[0m: tauG2: fft 13 mix start: 26/32
[36;22m[DEBUG] [39;1msnarkJS[0m: tauG2: fft 13 mix start: 27/32
[36;22m[DEBUG] [39;1msnarkJS[0m: tauG2: fft 13 mix start: 28/32
[36;22m[DEBUG] [39;1msnarkJS[0m: tauG2: fft 13 mix start: 29/32
[36;22m[DEBUG] [39;1msnarkJS[0m: tauG2: fft 13 mix start: 30/32
[36;22m[DEBUG] [39;1msnarkJS[0m: tauG2: fft 13 mix start: 31/32
[36;22m[DEBUG] [39;1msnarkJS[0m: tauG2: fft 13 mix end: 0/32
[36;22m[DEBUG] [39;1msnarkJS[0m: tauG2: fft 13 mix end: 2/32
[36;22m[DEBUG] [39;1msnarkJS[0m: tauG2: fft 13 mix end: 8/32
[36;22m[DEBUG] [39;1msnarkJS[0m: tauG2: fft 13 mix end: 1/32
[36;22m[DEBUG] [39;1msnarkJS[0m: tauG2: fft 13 mix end: 23/32
[36;22m[DEBUG] [39;1msnarkJS[0m: tauG2: fft 13 mix end: 27/32
[36;22m[DEBUG] [39;1msnarkJS[0m: tauG2: fft 13 mix end: 3/32
[36;22m[DEBUG] [39;1msnarkJS[0m: tauG2: fft 13 mix end: 20/32
[36;22m[DEBUG] [39;1msnarkJS[0m: tauG2: fft 13 mix end: 17/32
[36;22m[DEBUG] [39;1msnarkJS[0m: tauG2: fft 13 mix end: 7/32
[36;22m[DEBUG] [39;1msnarkJS[0m: tauG2: fft 13 mix end: 19/32
[36;22m[DEBUG] [39;1msnarkJS[0m: tauG2: fft 13 mix end: 30/32
[36;22m[DEBUG] [39;1msnarkJS[0m: tauG2: fft 13 mix end: 10/32
[36;22m[DEBUG] [39;1msnarkJS[0m: tauG2: fft 13 mix end: 18/32
[36;22m[DEBUG] [39;1msnarkJS[0m: tauG2: fft 13 mix end: 6/32
[36;22m[DEBUG] [39;1msnarkJS[0m: tauG2: fft 13 mix end: 24/32
[36;22m[DEBUG] [39;1msnarkJS[0m: tauG2: fft 13 mix end: 25/32
[36;22m[DEBUG] [39;1msnarkJS[0m: tauG2: fft 13 mix end: 22/32
[36;22m[DEBUG] [39;1msnarkJS[0m: tauG2: fft 13 mix end: 31/32
[36;22m[DEBUG] [39;1msnarkJS[0m: tauG2: fft 13 mix end: 4/32
[36;22m[DEBUG] [39;1msnarkJS[0m: tauG2: fft 13 mix end: 12/32
[36;22m[DEBUG] [39;1msnarkJS[0m: tauG2: fft 13 mix end: 21/32
[36;22m[DEBUG] [39;1msnarkJS[0m: tauG2: fft 13 mix end: 29/32
[36;22m[DEBUG] [39;1msnarkJS[0m: tauG2: fft 13 mix end: 15/32
[36;22m[DEBUG] [39;1msnarkJS[0m: tauG2: fft 13 mix end: 9/32
[36;22m[DEBUG] [39;1msnarkJS[0m: tauG2: fft 13 mix end: 13/32
[36;22m[DEBUG] [39;1msnarkJS[0m: tauG2: fft 13 mix end: 26/32
[36;22m[DEBUG] [39;1msnarkJS[0m: tauG2: fft 13 mix end: 14/32
[36;22m[DEBUG] [39;1msnarkJS[0m: tauG2: fft 13 mix end: 5/32
[36;22m[DEBUG] [39;1msnarkJS[0m: tauG2: fft 13 mix end: 16/32
[36;22m[DEBUG] [39;1msnarkJS[0m: tauG2: fft 13 mix end: 11/32
[36;22m[DEBUG] [39;1msnarkJS[0m: tauG2: fft 13 mix end: 28/32
[36;22m[DEBUG] [39;1msnarkJS[0m: tauG2: fft  13  join: 9/13
[36;22m[DEBUG] [39;1msnarkJS[0m: tauG2: fft 13 join  9/13  1/16 0/1
[36;22m[DEBUG] [39;1msnarkJS[0m: tauG2: fft 13 join  9/13  9/16 0/1
[36;22m[DEBUG] [39;1msnarkJS[0m: tauG2: fft 13 join  9/13  2/16 0/1
[36;22m[DEBUG] [39;1msnarkJS[0m: tauG2: fft 13 join  9/13  12/16 0/1
[36;22m[DEBUG] [39;1msnarkJS[0m: tauG2: fft 13 join  9/13  5/16 0/1
[36;22m[DEBUG] [39;1msnarkJS[0m: tauG2: fft 13 join  9/13  6/16 0/1
[36;22m[DEBUG] [39;1msnarkJS[0m: tauG2: fft 13 join  9/13  3/16 0/1
[36;22m[DEBUG] [39;1msnarkJS[0m: tauG2: fft 13 join  9/13  10/16 0/1
[36;22m[DEBUG] [39;1msnarkJS[0m: tauG2: fft 13 join  9/13  4/16 0/1
[36;22m[DEBUG] [39;1msnarkJS[0m: tauG2: fft 13 join  9/13  8/16 0/1
[36;22m[DEBUG] [39;1msnarkJS[0m: tauG2: fft 13 join  9/13  11/16 0/1
[36;22m[DEBUG] [39;1msnarkJS[0m: tauG2: fft 13 join  9/13  13/16 0/1
[36;22m[DEBUG] [39;1msnarkJS[0m: tauG2: fft 13 join  9/13  7/16 0/1
[36;22m[DEBUG] [39;1msnarkJS[0m: tauG2: fft 13 join  9/13  15/16 0/1
[36;22m[DEBUG] [39;1msnarkJS[0m: tauG2: fft 13 join  9/13  16/16 0/1
[36;22m[DEBUG] [39;1msnarkJS[0m: tauG2: fft 13 join  9/13  14/16 0/1
[36;22m[DEBUG] [39;1msnarkJS[0m: tauG2: fft  13  join: 10/13
[36;22m[DEBUG] [39;1msnarkJS[0m: tauG2: fft 13 join  10/13  2/8 0/2
[36;22m[DEBUG] [39;1msnarkJS[0m: tauG2: fft 13 join  10/13  4/8 0/2
[36;22m[DEBUG] [39;1msnarkJS[0m: tauG2: fft 13 join  10/13  2/8 1/2
[36;22m[DEBUG] [39;1msnarkJS[0m: tauG2: fft 13 join  10/13  1/8 0/2
[36;22m[DEBUG] [39;1msnarkJS[0m: tauG2: fft 13 join  10/13  1/8 1/2
[36;22m[DEBUG] [39;1msnarkJS[0m: tauG2: fft 13 join  10/13  6/8 0/2
[36;22m[DEBUG] [39;1msnarkJS[0m: tauG2: fft 13 join  10/13  6/8 1/2
[36;22m[DEBUG] [39;1msnarkJS[0m: tauG2: fft 13 join  10/13  5/8 0/2
[36;22m[DEBUG] [39;1msnarkJS[0m: tauG2: fft 13 join  10/13  3/8 1/2
[36;22m[DEBUG] [39;1msnarkJS[0m: tauG2: fft 13 join  10/13  8/8 1/2
[36;22m[DEBUG] [39;1msnarkJS[0m: tauG2: fft 13 join  10/13  7/8 0/2
[36;22m[DEBUG] [39;1msnarkJS[0m: tauG2: fft 13 join  10/13  3/8 0/2
[36;22m[DEBUG] [39;1msnarkJS[0m: tauG2: fft 13 join  10/13  5/8 1/2
[36;22m[DEBUG] [39;1msnarkJS[0m: tauG2: fft 13 join  10/13  4/8 1/2
[36;22m[DEBUG] [39;1msnarkJS[0m: tauG2: fft 13 join  10/13  7/8 1/2
[36;22m[DEBUG] [39;1msnarkJS[0m: tauG2: fft 13 join  10/13  8/8 0/2
[36;22m[DEBUG] [39;1msnarkJS[0m: tauG2: fft  13  join: 11/13
[36;22m[DEBUG] [39;1msnarkJS[0m: tauG2: fft 13 join  11/13  2/4 2/4
[36;22m[DEBUG] [39;1msnarkJS[0m: tauG2: fft 13 join  11/13  1/4 0/4
[36;22m[DEBUG] [39;1msnarkJS[0m: tauG2: fft 13 join  11/13  1/4 1/4
[36;22m[DEBUG] [39;1msnarkJS[0m: tauG2: fft 13 join  11/13  3/4 3/4
[36;22m[DEBUG] [39;1msnarkJS[0m: tauG2: fft 13 join  11/13  3/4 0/4
[36;22m[DEBUG] [39;1msnarkJS[0m: tauG2: fft 13 join  11/13  3/4 2/4
[36;22m[DEBUG] [39;1msnarkJS[0m: tauG2: fft 13 join  11/13  1/4 2/4
[36;22m[DEBUG] [39;1msnarkJS[0m: tauG2: fft 13 join  11/13  4/4 3/4
[36;22m[DEBUG] [39;1msnarkJS[0m: tauG2: fft 13 join  11/13  4/4 0/4
[36;22m[DEBUG] [39;1msnarkJS[0m: tauG2: fft 13 join  11/13  2/4 0/4
[36;22m[DEBUG] [39;1msnarkJS[0m: tauG2: fft 13 join  11/13  2/4 1/4
[36;22m[DEBUG] [39;1msnarkJS[0m: tauG2: fft 13 join  11/13  3/4 1/4
[36;22m[DEBUG] [39;1msnarkJS[0m: tauG2: fft 13 join  11/13  1/4 3/4
[36;22m[DEBUG] [39;1msnarkJS[0m: tauG2: fft 13 join  11/13  2/4 3/4
[36;22m[DEBUG] [39;1msnarkJS[0m: tauG2: fft 13 join  11/13  4/4 2/4
[36;22m[DEBUG] [39;1msnarkJS[0m: tauG2: fft 13 join  11/13  4/4 1/4
[36;22m[DEBUG] [39;1msnarkJS[0m: tauG2: fft  13  join: 12/13
[36;22m[DEBUG] [39;1msnarkJS[0m: tauG2: fft 13 join  12/13  1/2 0/8
[36;22m[DEBUG] [39;1msnarkJS[0m: tauG2: fft 13 join  12/13  2/2 0/8
[36;22m[DEBUG] [39;1msnarkJS[0m: tauG2: fft 13 join  12/13  1/2 2/8
[36;22m[DEBUG] [39;1msnarkJS[0m: tauG2: fft 13 join  12/13  2/2 4/8
[36;22m[DEBUG] [39;1msnarkJS[0m: tauG2: fft 13 join  12/13  2/2 3/8
[36;22m[DEBUG] [39;1msnarkJS[0m: tauG2: fft 13 join  12/13  1/2 3/8
[36;22m[DEBUG] [39;1msnarkJS[0m: tauG2: fft 13 join  12/13  2/2 2/8
[36;22m[DEBUG] [39;1msnarkJS[0m: tauG2: fft 13 join  12/13  1/2 4/8
[36;22m[DEBUG] [39;1msnarkJS[0m: tauG2: fft 13 join  12/13  1/2 5/8
[36;22m[DEBUG] [39;1msnarkJS[0m: tauG2: fft 13 join  12/13  1/2 1/8
[36;22m[DEBUG] [39;1msnarkJS[0m: tauG2: fft 13 join  12/13  2/2 5/8
[36;22m[DEBUG] [39;1msnarkJS[0m: tauG2: fft 13 join  12/13  2/2 1/8
[36;22m[DEBUG] [39;1msnarkJS[0m: tauG2: fft 13 join  12/13  2/2 6/8
[36;22m[DEBUG] [39;1msnarkJS[0m: tauG2: fft 13 join  12/13  1/2 7/8
[36;22m[DEBUG] [39;1msnarkJS[0m: tauG2: fft 13 join  12/13  1/2 6/8
[36;22m[DEBUG] [39;1msnarkJS[0m: tauG2: fft 13 join  12/13  2/2 7/8
[36;22m[DEBUG] [39;1msnarkJS[0m: tauG2: fft  13  join: 13/13
[36;22m[DEBUG] [39;1msnarkJS[0m: tauG2: fft 13 join  13/13  1/1 8/16
[36;22m[DEBUG] [39;1msnarkJS[0m: tauG2: fft 13 join  13/13  1/1 2/16
[36;22m[DEBUG] [39;1msnarkJS[0m: tauG2: fft 13 join  13/13  1/1 0/16
[36;22m[DEBUG] [39;1msnarkJS[0m: tauG2: fft 13 join  13/13  1/1 15/16
[36;22m[DEBUG] [39;1msnarkJS[0m: tauG2: fft 13 join  13/13  1/1 6/16
[36;22m[DEBUG] [39;1msnarkJS[0m: tauG2: fft 13 join  13/13  1/1 11/16
[36;22m[DEBUG] [39;1msnarkJS[0m: tauG2: fft 13 join  13/13  1/1 10/16
[36;22m[DEBUG] [39;1msnarkJS[0m: tauG2: fft 13 join  13/13  1/1 1/16
[36;22m[DEBUG] [39;1msnarkJS[0m: tauG2: fft 13 join  13/13  1/1 12/16
[36;22m[DEBUG] [39;1msnarkJS[0m: tauG2: fft 13 join  13/13  1/1 3/16
[36;22m[DEBUG] [39;1msnarkJS[0m: tauG2: fft 13 join  13/13  1/1 4/16
[36;22m[DEBUG] [39;1msnarkJS[0m: tauG2: fft 13 join  13/13  1/1 5/16
[36;22m[DEBUG] [39;1msnarkJS[0m: tauG2: fft 13 join  13/13  1/1 9/16
[36;22m[DEBUG] [39;1msnarkJS[0m: tauG2: fft 13 join  13/13  1/1 7/16
[36;22m[DEBUG] [39;1msnarkJS[0m: tauG2: fft 13 join  13/13  1/1 13/16
[36;22m[DEBUG] [39;1msnarkJS[0m: tauG2: fft 13 join  13/13  1/1 14/16
[36;22m[DEBUG] [39;1msnarkJS[0m: tauG2: fft 14 mix start: 0/32
[36;22m[DEBUG] [39;1msnarkJS[0m: tauG2: fft 14 mix start: 1/32
[36;22m[DEBUG] [39;1msnarkJS[0m: tauG2: fft 14 mix start: 2/32
[36;22m[DEBUG] [39;1msnarkJS[0m: tauG2: fft 14 mix start: 3/32
[36;22m[DEBUG] [39;1msnarkJS[0m: tauG2: fft 14 mix start: 4/32
[36;22m[DEBUG] [39;1msnarkJS[0m: tauG2: fft 14 mix start: 5/32
[36;22m[DEBUG] [39;1msnarkJS[0m: tauG2: fft 14 mix start: 6/32
[36;22m[DEBUG] [39;1msnarkJS[0m: tauG2: fft 14 mix start: 7/32
[36;22m[DEBUG] [39;1msnarkJS[0m: tauG2: fft 14 mix start: 8/32
[36;22m[DEBUG] [39;1msnarkJS[0m: tauG2: fft 14 mix start: 9/32
[36;22m[DEBUG] [39;1msnarkJS[0m: tauG2: fft 14 mix start: 10/32
[36;22m[DEBUG] [39;1msnarkJS[0m: tauG2: fft 14 mix start: 11/32
[36;22m[DEBUG] [39;1msnarkJS[0m: tauG2: fft 14 mix start: 12/32
[36;22m[DEBUG] [39;1msnarkJS[0m: tauG2: fft 14 mix start: 13/32
[36;22m[DEBUG] [39;1msnarkJS[0m: tauG2: fft 14 mix start: 14/32
[36;22m[DEBUG] [39;1msnarkJS[0m: tauG2: fft 14 mix start: 15/32
[36;22m[DEBUG] [39;1msnarkJS[0m: tauG2: fft 14 mix start: 16/32
[36;22m[DEBUG] [39;1msnarkJS[0m: tauG2: fft 14 mix start: 17/32
[36;22m[DEBUG] [39;1msnarkJS[0m: tauG2: fft 14 mix start: 18/32
[36;22m[DEBUG] [39;1msnarkJS[0m: tauG2: fft 14 mix start: 19/32
[36;22m[DEBUG] [39;1msnarkJS[0m: tauG2: fft 14 mix start: 20/32
[36;22m[DEBUG] [39;1msnarkJS[0m: tauG2: fft 14 mix start: 21/32
[36;22m[DEBUG] [39;1msnarkJS[0m: tauG2: fft 14 mix start: 22/32
[36;22m[DEBUG] [39;1msnarkJS[0m: tauG2: fft 14 mix start: 23/32
[36;22m[DEBUG] [39;1msnarkJS[0m: tauG2: fft 14 mix start: 24/32
[36;22m[DEBUG] [39;1msnarkJS[0m: tauG2: fft 14 mix start: 25/32
[36;22m[DEBUG] [39;1msnarkJS[0m: tauG2: fft 14 mix start: 26/32
[36;22m[DEBUG] [39;1msnarkJS[0m: tauG2: fft 14 mix start: 27/32
[36;22m[DEBUG] [39;1msnarkJS[0m: tauG2: fft 14 mix start: 28/32
[36;22m[DEBUG] [39;1msnarkJS[0m: tauG2: fft 14 mix start: 29/32
[36;22m[DEBUG] [39;1msnarkJS[0m: tauG2: fft 14 mix start: 30/32
[36;22m[DEBUG] [39;1msnarkJS[0m: tauG2: fft 14 mix start: 31/32
[36;22m[DEBUG] [39;1msnarkJS[0m: tauG2: fft 14 mix end: 0/32
[36;22m[DEBUG] [39;1msnarkJS[0m: tauG2: fft 14 mix end: 20/32
[36;22m[DEBUG] [39;1msnarkJS[0m: tauG2: fft 14 mix end: 23/32
[36;22m[DEBUG] [39;1msnarkJS[0m: tauG2: fft 14 mix end: 1/32
[36;22m[DEBUG] [39;1msnarkJS[0m: tauG2: fft 14 mix end: 24/32
[36;22m[DEBUG] [39;1msnarkJS[0m: tauG2: fft 14 mix end: 3/32
[36;22m[DEBUG] [39;1msnarkJS[0m: tauG2: fft 14 mix end: 7/32
[36;22m[DEBUG] [39;1msnarkJS[0m: tauG2: fft 14 mix end: 8/32
[36;22m[DEBUG] [39;1msnarkJS[0m: tauG2: fft 14 mix end: 2/32
[36;22m[DEBUG] [39;1msnarkJS[0m: tauG2: fft 14 mix end: 30/32
[36;22m[DEBUG] [39;1msnarkJS[0m: tauG2: fft 14 mix end: 19/32
[36;22m[DEBUG] [39;1msnarkJS[0m: tauG2: fft 14 mix end: 12/32
[36;22m[DEBUG] [39;1msnarkJS[0m: tauG2: fft 14 mix end: 27/32
[36;22m[DEBUG] [39;1msnarkJS[0m: tauG2: fft 14 mix end: 6/32
[36;22m[DEBUG] [39;1msnarkJS[0m: tauG2: fft 14 mix end: 9/32
[36;22m[DEBUG] [39;1msnarkJS[0m: tauG2: fft 14 mix end: 22/32
[36;22m[DEBUG] [39;1msnarkJS[0m: tauG2: fft 14 mix end: 29/32
[36;22m[DEBUG] [39;1msnarkJS[0m: tauG2: fft 14 mix end: 11/32
[36;22m[DEBUG] [39;1msnarkJS[0m: tauG2: fft 14 mix end: 28/32
[36;22m[DEBUG] [39;1msnarkJS[0m: tauG2: fft 14 mix end: 10/32
[36;22m[DEBUG] [39;1msnarkJS[0m: tauG2: fft 14 mix end: 25/32
[36;22m[DEBUG] [39;1msnarkJS[0m: tauG2: fft 14 mix end: 14/32
[36;22m[DEBUG] [39;1msnarkJS[0m: tauG2: fft 14 mix end: 4/32
[36;22m[DEBUG] [39;1msnarkJS[0m: tauG2: fft 14 mix end: 16/32
[36;22m[DEBUG] [39;1msnarkJS[0m: tauG2: fft 14 mix end: 5/32
[36;22m[DEBUG] [39;1msnarkJS[0m: tauG2: fft 14 mix end: 18/32
[36;22m[DEBUG] [39;1msnarkJS[0m: tauG2: fft 14 mix end: 15/32
[36;22m[DEBUG] [39;1msnarkJS[0m: tauG2: fft 14 mix end: 21/32
[36;22m[DEBUG] [39;1msnarkJS[0m: tauG2: fft 14 mix end: 13/32
[36;22m[DEBUG] [39;1msnarkJS[0m: tauG2: fft 14 mix end: 26/32
[36;22m[DEBUG] [39;1msnarkJS[0m: tauG2: fft 14 mix end: 31/32
[36;22m[DEBUG] [39;1msnarkJS[0m: tauG2: fft 14 mix end: 17/32
[36;22m[DEBUG] [39;1msnarkJS[0m: tauG2: fft  14  join: 10/14
[36;22m[DEBUG] [39;1msnarkJS[0m: tauG2: fft 14 join  10/14  1/16 0/1
[36;22m[DEBUG] [39;1msnarkJS[0m: tauG2: fft 14 join  10/14  2/16 0/1
[36;22m[DEBUG] [39;1msnarkJS[0m: tauG2: fft 14 join  10/14  3/16 0/1
[36;22m[DEBUG] [39;1msnarkJS[0m: tauG2: fft 14 join  10/14  12/16 0/1
[36;22m[DEBUG] [39;1msnarkJS[0m: tauG2: fft 14 join  10/14  9/16 0/1
[36;22m[DEBUG] [39;1msnarkJS[0m: tauG2: fft 14 join  10/14  13/16 0/1
[36;22m[DEBUG] [39;1msnarkJS[0m: tauG2: fft 14 join  10/14  7/16 0/1
[36;22m[DEBUG] [39;1msnarkJS[0m: tauG2: fft 14 join  10/14  5/16 0/1
[36;22m[DEBUG] [39;1msnarkJS[0m: tauG2: fft 14 join  10/14  10/16 0/1
[36;22m[DEBUG] [39;1msnarkJS[0m: tauG2: fft 14 join  10/14  4/16 0/1
[36;22m[DEBUG] [39;1msnarkJS[0m: tauG2: fft 14 join  10/14  11/16 0/1
[36;22m[DEBUG] [39;1msnarkJS[0m: tauG2: fft 14 join  10/14  8/16 0/1
[36;22m[DEBUG] [39;1msnarkJS[0m: tauG2: fft 14 join  10/14  6/16 0/1
[36;22m[DEBUG] [39;1msnarkJS[0m: tauG2: fft 14 join  10/14  16/16 0/1
[36;22m[DEBUG] [39;1msnarkJS[0m: tauG2: fft 14 join  10/14  14/16 0/1
[36;22m[DEBUG] [39;1msnarkJS[0m: tauG2: fft 14 join  10/14  15/16 0/1
[36;22m[DEBUG] [39;1msnarkJS[0m: tauG2: fft  14  join: 11/14
[36;22m[DEBUG] [39;1msnarkJS[0m: tauG2: fft 14 join  11/14  2/8 0/2
[36;22m[DEBUG] [39;1msnarkJS[0m: tauG2: fft 14 join  11/14  1/8 1/2
[36;22m[DEBUG] [39;1msnarkJS[0m: tauG2: fft 14 join  11/14  6/8 0/2
[36;22m[DEBUG] [39;1msnarkJS[0m: tauG2: fft 14 join  11/14  6/8 1/2
[36;22m[DEBUG] [39;1msnarkJS[0m: tauG2: fft 14 join  11/14  2/8 1/2
[36;22m[DEBUG] [39;1msnarkJS[0m: tauG2: fft 14 join  11/14  7/8 0/2
[36;22m[DEBUG] [39;1msnarkJS[0m: tauG2: fft 14 join  11/14  3/8 1/2
[36;22m[DEBUG] [39;1msnarkJS[0m: tauG2: fft 14 join  11/14  5/8 1/2
[36;22m[DEBUG] [39;1msnarkJS[0m: tauG2: fft 14 join  11/14  5/8 0/2
[36;22m[DEBUG] [39;1msnarkJS[0m: tauG2: fft 14 join  11/14  1/8 0/2
[36;22m[DEBUG] [39;1msnarkJS[0m: tauG2: fft 14 join  11/14  4/8 1/2
[36;22m[DEBUG] [39;1msnarkJS[0m: tauG2: fft 14 join  11/14  3/8 0/2
[36;22m[DEBUG] [39;1msnarkJS[0m: tauG2: fft 14 join  11/14  7/8 1/2
[36;22m[DEBUG] [39;1msnarkJS[0m: tauG2: fft 14 join  11/14  8/8 1/2
[36;22m[DEBUG] [39;1msnarkJS[0m: tauG2: fft 14 join  11/14  4/8 0/2
[36;22m[DEBUG] [39;1msnarkJS[0m: tauG2: fft 14 join  11/14  8/8 0/2
[36;22m[DEBUG] [39;1msnarkJS[0m: tauG2: fft  14  join: 12/14
[36;22m[DEBUG] [39;1msnarkJS[0m: tauG2: fft 14 join  12/14  1/4 2/4
[36;22m[DEBUG] [39;1msnarkJS[0m: tauG2: fft 14 join  12/14  3/4 2/4
[36;22m[DEBUG] [39;1msnarkJS[0m: tauG2: fft 14 join  12/14  1/4 1/4
[36;22m[DEBUG] [39;1msnarkJS[0m: tauG2: fft 14 join  12/14  1/4 0/4
[36;22m[DEBUG] [39;1msnarkJS[0m: tauG2: fft 14 join  12/14  3/4 3/4
[36;22m[DEBUG] [39;1msnarkJS[0m: tauG2: fft 14 join  12/14  4/4 3/4
[36;22m[DEBUG] [39;1msnarkJS[0m: tauG2: fft 14 join  12/14  1/4 3/4
[36;22m[DEBUG] [39;1msnarkJS[0m: tauG2: fft 14 join  12/14  4/4 0/4
[36;22m[DEBUG] [39;1msnarkJS[0m: tauG2: fft 14 join  12/14  2/4 1/4
[36;22m[DEBUG] [39;1msnarkJS[0m: tauG2: fft 14 join  12/14  2/4 0/4
[36;22m[DEBUG] [39;1msnarkJS[0m: tauG2: fft 14 join  12/14  3/4 1/4
[36;22m[DEBUG] [39;1msnarkJS[0m: tauG2: fft 14 join  12/14  4/4 1/4
[36;22m[DEBUG] [39;1msnarkJS[0m: tauG2: fft 14 join  12/14  3/4 0/4
[36;22m[DEBUG] [39;1msnarkJS[0m: tauG2: fft 14 join  12/14  2/4 3/4
[36;22m[DEBUG] [39;1msnarkJS[0m: tauG2: fft 14 join  12/14  2/4 2/4
[36;22m[DEBUG] [39;1msnarkJS[0m: tauG2: fft 14 join  12/14  4/4 2/4
[36;22m[DEBUG] [39;1msnarkJS[0m: tauG2: fft  14  join: 13/14
[36;22m[DEBUG] [39;1msnarkJS[0m: tauG2: fft 14 join  13/14  2/2 0/8
[36;22m[DEBUG] [39;1msnarkJS[0m: tauG2: fft 14 join  13/14  1/2 0/8
[36;22m[DEBUG] [39;1msnarkJS[0m: tauG2: fft 14 join  13/14  2/2 7/8
[36;22m[DEBUG] [39;1msnarkJS[0m: tauG2: fft 14 join  13/14  1/2 3/8
[36;22m[DEBUG] [39;1msnarkJS[0m: tauG2: fft 14 join  13/14  2/2 3/8
[36;22m[DEBUG] [39;1msnarkJS[0m: tauG2: fft 14 join  13/14  2/2 2/8
[36;22m[DEBUG] [39;1msnarkJS[0m: tauG2: fft 14 join  13/14  1/2 2/8
[36;22m[DEBUG] [39;1msnarkJS[0m: tauG2: fft 14 join  13/14  2/2 4/8
[36;22m[DEBUG] [39;1msnarkJS[0m: tauG2: fft 14 join  13/14  1/2 1/8
[36;22m[DEBUG] [39;1msnarkJS[0m: tauG2: fft 14 join  13/14  1/2 4/8
[36;22m[DEBUG] [39;1msnarkJS[0m: tauG2: fft 14 join  13/14  1/2 5/8
[36;22m[DEBUG] [39;1msnarkJS[0m: tauG2: fft 14 join  13/14  2/2 1/8
[36;22m[DEBUG] [39;1msnarkJS[0m: tauG2: fft 14 join  13/14  2/2 5/8
[36;22m[DEBUG] [39;1msnarkJS[0m: tauG2: fft 14 join  13/14  1/2 7/8
[36;22m[DEBUG] [39;1msnarkJS[0m: tauG2: fft 14 join  13/14  1/2 6/8
[36;22m[DEBUG] [39;1msnarkJS[0m: tauG2: fft 14 join  13/14  2/2 6/8
[36;22m[DEBUG] [39;1msnarkJS[0m: tauG2: fft  14  join: 14/14
[36;22m[DEBUG] [39;1msnarkJS[0m: tauG2: fft 14 join  14/14  1/1 0/16
[36;22m[DEBUG] [39;1msnarkJS[0m: tauG2: fft 14 join  14/14  1/1 15/16
[36;22m[DEBUG] [39;1msnarkJS[0m: tauG2: fft 14 join  14/14  1/1 1/16
[36;22m[DEBUG] [39;1msnarkJS[0m: tauG2: fft 14 join  14/14  1/1 2/16
[36;22m[DEBUG] [39;1msnarkJS[0m: tauG2: fft 14 join  14/14  1/1 8/16
[36;22m[DEBUG] [39;1msnarkJS[0m: tauG2: fft 14 join  14/14  1/1 5/16
[36;22m[DEBUG] [39;1msnarkJS[0m: tauG2: fft 14 join  14/14  1/1 6/16
[36;22m[DEBUG] [39;1msnarkJS[0m: tauG2: fft 14 join  14/14  1/1 3/16
[36;22m[DEBUG] [39;1msnarkJS[0m: tauG2: fft 14 join  14/14  1/1 4/16
[36;22m[DEBUG] [39;1msnarkJS[0m: tauG2: fft 14 join  14/14  1/1 9/16
[36;22m[DEBUG] [39;1msnarkJS[0m: tauG2: fft 14 join  14/14  1/1 10/16
[36;22m[DEBUG] [39;1msnarkJS[0m: tauG2: fft 14 join  14/14  1/1 13/16
[36;22m[DEBUG] [39;1msnarkJS[0m: tauG2: fft 14 join  14/14  1/1 11/16
[36;22m[DEBUG] [39;1msnarkJS[0m: tauG2: fft 14 join  14/14  1/1 7/16
[36;22m[DEBUG] [39;1msnarkJS[0m: tauG2: fft 14 join  14/14  1/1 12/16
[36;22m[DEBUG] [39;1msnarkJS[0m: tauG2: fft 14 join  14/14  1/1 14/16
[36;22m[DEBUG] [39;1msnarkJS[0m: tauG2: fft 15 mix start: 0/32
[36;22m[DEBUG] [39;1msnarkJS[0m: tauG2: fft 15 mix start: 1/32
[36;22m[DEBUG] [39;1msnarkJS[0m: tauG2: fft 15 mix start: 2/32
[36;22m[DEBUG] [39;1msnarkJS[0m: tauG2: fft 15 mix start: 3/32
[36;22m[DEBUG] [39;1msnarkJS[0m: tauG2: fft 15 mix start: 4/32
[36;22m[DEBUG] [39;1msnarkJS[0m: tauG2: fft 15 mix start: 5/32
[36;22m[DEBUG] [39;1msnarkJS[0m: tauG2: fft 15 mix start: 6/32
[36;22m[DEBUG] [39;1msnarkJS[0m: tauG2: fft 15 mix start: 7/32
[36;22m[DEBUG] [39;1msnarkJS[0m: tauG2: fft 15 mix start: 8/32
[36;22m[DEBUG] [39;1msnarkJS[0m: tauG2: fft 15 mix start: 9/32
[36;22m[DEBUG] [39;1msnarkJS[0m: tauG2: fft 15 mix start: 10/32
[36;22m[DEBUG] [39;1msnarkJS[0m: tauG2: fft 15 mix start: 11/32
[36;22m[DEBUG] [39;1msnarkJS[0m: tauG2: fft 15 mix start: 12/32
[36;22m[DEBUG] [39;1msnarkJS[0m: tauG2: fft 15 mix start: 13/32
[36;22m[DEBUG] [39;1msnarkJS[0m: tauG2: fft 15 mix start: 14/32
[36;22m[DEBUG] [39;1msnarkJS[0m: tauG2: fft 15 mix start: 15/32
[36;22m[DEBUG] [39;1msnarkJS[0m: tauG2: fft 15 mix start: 16/32
[36;22m[DEBUG] [39;1msnarkJS[0m: tauG2: fft 15 mix start: 17/32
[36;22m[DEBUG] [39;1msnarkJS[0m: tauG2: fft 15 mix start: 18/32
[36;22m[DEBUG] [39;1msnarkJS[0m: tauG2: fft 15 mix start: 19/32
[36;22m[DEBUG] [39;1msnarkJS[0m: tauG2: fft 15 mix start: 20/32
[36;22m[DEBUG] [39;1msnarkJS[0m: tauG2: fft 15 mix start: 21/32
[36;22m[DEBUG] [39;1msnarkJS[0m: tauG2: fft 15 mix start: 22/32
[36;22m[DEBUG] [39;1msnarkJS[0m: tauG2: fft 15 mix start: 23/32
[36;22m[DEBUG] [39;1msnarkJS[0m: tauG2: fft 15 mix start: 24/32
[36;22m[DEBUG] [39;1msnarkJS[0m: tauG2: fft 15 mix start: 25/32
[36;22m[DEBUG] [39;1msnarkJS[0m: tauG2: fft 15 mix start: 26/32
[36;22m[DEBUG] [39;1msnarkJS[0m: tauG2: fft 15 mix start: 27/32
[36;22m[DEBUG] [39;1msnarkJS[0m: tauG2: fft 15 mix start: 28/32
[36;22m[DEBUG] [39;1msnarkJS[0m: tauG2: fft 15 mix start: 29/32
[36;22m[DEBUG] [39;1msnarkJS[0m: tauG2: fft 15 mix start: 30/32
[36;22m[DEBUG] [39;1msnarkJS[0m: tauG2: fft 15 mix start: 31/32
[36;22m[DEBUG] [39;1msnarkJS[0m: tauG2: fft 15 mix end: 24/32
[36;22m[DEBUG] [39;1msnarkJS[0m: tauG2: fft 15 mix end: 31/32
[36;22m[DEBUG] [39;1msnarkJS[0m: tauG2: fft 15 mix end: 1/32
[36;22m[DEBUG] [39;1msnarkJS[0m: tauG2: fft 15 mix end: 19/32
[36;22m[DEBUG] [39;1msnarkJS[0m: tauG2: fft 15 mix end: 30/32
[36;22m[DEBUG] [39;1msnarkJS[0m: tauG2: fft 15 mix end: 7/32
[36;22m[DEBUG] [39;1msnarkJS[0m: tauG2: fft 15 mix end: 18/32
[36;22m[DEBUG] [39;1msnarkJS[0m: tauG2: fft 15 mix end: 0/32
[36;22m[DEBUG] [39;1msnarkJS[0m: tauG2: fft 15 mix end: 11/32
[36;22m[DEBUG] [39;1msnarkJS[0m: tauG2: fft 15 mix end: 27/32
[36;22m[DEBUG] [39;1msnarkJS[0m: tauG2: fft 15 mix end: 2/32
[36;22m[DEBUG] [39;1msnarkJS[0m: tauG2: fft 15 mix end: 20/32
[36;22m[DEBUG] [39;1msnarkJS[0m: tauG2: fft 15 mix end: 13/32
[36;22m[DEBUG] [39;1msnarkJS[0m: tauG2: fft 15 mix end: 23/32
[36;22m[DEBUG] [39;1msnarkJS[0m: tauG2: fft 15 mix end: 16/32
[36;22m[DEBUG] [39;1msnarkJS[0m: tauG2: fft 15 mix end: 10/32
[36;22m[DEBUG] [39;1msnarkJS[0m: tauG2: fft 15 mix end: 3/32
[36;22m[DEBUG] [39;1msnarkJS[0m: tauG2: fft 15 mix end: 22/32
[36;22m[DEBUG] [39;1msnarkJS[0m: tauG2: fft 15 mix end: 9/32
[36;22m[DEBUG] [39;1msnarkJS[0m: tauG2: fft 15 mix end: 21/32
[36;22m[DEBUG] [39;1msnarkJS[0m: tauG2: fft 15 mix end: 15/32
[36;22m[DEBUG] [39;1msnarkJS[0m: tauG2: fft 15 mix end: 28/32
[36;22m[DEBUG] [39;1msnarkJS[0m: tauG2: fft 15 mix end: 4/32
[36;22m[DEBUG] [39;1msnarkJS[0m: tauG2: fft 15 mix end: 6/32
[36;22m[DEBUG] [39;1msnarkJS[0m: tauG2: fft 15 mix end: 12/32
[36;22m[DEBUG] [39;1msnarkJS[0m: tauG2: fft 15 mix end: 25/32
[36;22m[DEBUG] [39;1msnarkJS[0m: tauG2: fft 15 mix end: 14/32
[36;22m[DEBUG] [39;1msnarkJS[0m: tauG2: fft 15 mix end: 8/32
[36;22m[DEBUG] [39;1msnarkJS[0m: tauG2: fft 15 mix end: 29/32
[36;22m[DEBUG] [39;1msnarkJS[0m: tauG2: fft 15 mix end: 17/32
[36;22m[DEBUG] [39;1msnarkJS[0m: tauG2: fft 15 mix end: 5/32
[36;22m[DEBUG] [39;1msnarkJS[0m: tauG2: fft 15 mix end: 26/32
[36;22m[DEBUG] [39;1msnarkJS[0m: tauG2: fft  15  join: 11/15
[36;22m[DEBUG] [39;1msnarkJS[0m: tauG2: fft 15 join  11/15  11/16 0/1
[36;22m[DEBUG] [39;1msnarkJS[0m: tauG2: fft 15 join  11/15  3/16 0/1
[36;22m[DEBUG] [39;1msnarkJS[0m: tauG2: fft 15 join  11/15  5/16 0/1
[36;22m[DEBUG] [39;1msnarkJS[0m: tauG2: fft 15 join  11/15  9/16 0/1
[36;22m[DEBUG] [39;1msnarkJS[0m: tauG2: fft 15 join  11/15  2/16 0/1
[36;22m[DEBUG] [39;1msnarkJS[0m: tauG2: fft 15 join  11/15  1/16 0/1
[36;22m[DEBUG] [39;1msnarkJS[0m: tauG2: fft 15 join  11/15  12/16 0/1
[36;22m[DEBUG] [39;1msnarkJS[0m: tauG2: fft 15 join  11/15  6/16 0/1
[36;22m[DEBUG] [39;1msnarkJS[0m: tauG2: fft 15 join  11/15  13/16 0/1
[36;22m[DEBUG] [39;1msnarkJS[0m: tauG2: fft 15 join  11/15  4/16 0/1
[36;22m[DEBUG] [39;1msnarkJS[0m: tauG2: fft 15 join  11/15  7/16 0/1
[36;22m[DEBUG] [39;1msnarkJS[0m: tauG2: fft 15 join  11/15  16/16 0/1
[36;22m[DEBUG] [39;1msnarkJS[0m: tauG2: fft 15 join  11/15  10/16 0/1
[36;22m[DEBUG] [39;1msnarkJS[0m: tauG2: fft 15 join  11/15  15/16 0/1
[36;22m[DEBUG] [39;1msnarkJS[0m: tauG2: fft 15 join  11/15  14/16 0/1
[36;22m[DEBUG] [39;1msnarkJS[0m: tauG2: fft 15 join  11/15  8/16 0/1
[36;22m[DEBUG] [39;1msnarkJS[0m: tauG2: fft  15  join: 12/15
[36;22m[DEBUG] [39;1msnarkJS[0m: tauG2: fft 15 join  12/15  1/8 1/2
[36;22m[DEBUG] [39;1msnarkJS[0m: tauG2: fft 15 join  12/15  2/8 1/2
[36;22m[DEBUG] [39;1msnarkJS[0m: tauG2: fft 15 join  12/15  2/8 0/2
[36;22m[DEBUG] [39;1msnarkJS[0m: tauG2: fft 15 join  12/15  3/8 0/2
[36;22m[DEBUG] [39;1msnarkJS[0m: tauG2: fft 15 join  12/15  6/8 0/2
[36;22m[DEBUG] [39;1msnarkJS[0m: tauG2: fft 15 join  12/15  5/8 0/2
[36;22m[DEBUG] [39;1msnarkJS[0m: tauG2: fft 15 join  12/15  6/8 1/2
[36;22m[DEBUG] [39;1msnarkJS[0m: tauG2: fft 15 join  12/15  1/8 0/2
[36;22m[DEBUG] [39;1msnarkJS[0m: tauG2: fft 15 join  12/15  3/8 1/2
[36;22m[DEBUG] [39;1msnarkJS[0m: tauG2: fft 15 join  12/15  8/8 1/2
[36;22m[DEBUG] [39;1msnarkJS[0m: tauG2: fft 15 join  12/15  5/8 1/2
[36;22m[DEBUG] [39;1msnarkJS[0m: tauG2: fft 15 join  12/15  4/8 0/2
[36;22m[DEBUG] [39;1msnarkJS[0m: tauG2: fft 15 join  12/15  7/8 0/2
[36;22m[DEBUG] [39;1msnarkJS[0m: tauG2: fft 15 join  12/15  4/8 1/2
[36;22m[DEBUG] [39;1msnarkJS[0m: tauG2: fft 15 join  12/15  7/8 1/2
[36;22m[DEBUG] [39;1msnarkJS[0m: tauG2: fft 15 join  12/15  8/8 0/2
[36;22m[DEBUG] [39;1msnarkJS[0m: tauG2: fft  15  join: 13/15
[36;22m[DEBUG] [39;1msnarkJS[0m: tauG2: fft 15 join  13/15  3/4 2/4
[36;22m[DEBUG] [39;1msnarkJS[0m: tauG2: fft 15 join  13/15  1/4 1/4
[36;22m[DEBUG] [39;1msnarkJS[0m: tauG2: fft 15 join  13/15  1/4 0/4
[36;22m[DEBUG] [39;1msnarkJS[0m: tauG2: fft 15 join  13/15  1/4 3/4
[36;22m[DEBUG] [39;1msnarkJS[0m: tauG2: fft 15 join  13/15  2/4 0/4
[36;22m[DEBUG] [39;1msnarkJS[0m: tauG2: fft 15 join  13/15  2/4 1/4
[36;22m[DEBUG] [39;1msnarkJS[0m: tauG2: fft 15 join  13/15  3/4 3/4
[36;22m[DEBUG] [39;1msnarkJS[0m: tauG2: fft 15 join  13/15  3/4 0/4
[36;22m[DEBUG] [39;1msnarkJS[0m: tauG2: fft 15 join  13/15  4/4 3/4
[36;22m[DEBUG] [39;1msnarkJS[0m: tauG2: fft 15 join  13/15  1/4 2/4
[36;22m[DEBUG] [39;1msnarkJS[0m: tauG2: fft 15 join  13/15  3/4 1/4
[36;22m[DEBUG] [39;1msnarkJS[0m: tauG2: fft 15 join  13/15  2/4 2/4
[36;22m[DEBUG] [39;1msnarkJS[0m: tauG2: fft 15 join  13/15  4/4 2/4
[36;22m[DEBUG] [39;1msnarkJS[0m: tauG2: fft 15 join  13/15  2/4 3/4
[36;22m[DEBUG] [39;1msnarkJS[0m: tauG2: fft 15 join  13/15  4/4 0/4
[36;22m[DEBUG] [39;1msnarkJS[0m: tauG2: fft 15 join  13/15  4/4 1/4
[36;22m[DEBUG] [39;1msnarkJS[0m: tauG2: fft  15  join: 14/15
[36;22m[DEBUG] [39;1msnarkJS[0m: tauG2: fft 15 join  14/15  1/2 0/8
[36;22m[DEBUG] [39;1msnarkJS[0m: tauG2: fft 15 join  14/15  1/2 3/8
[36;22m[DEBUG] [39;1msnarkJS[0m: tauG2: fft 15 join  14/15  2/2 0/8
[36;22m[DEBUG] [39;1msnarkJS[0m: tauG2: fft 15 join  14/15  2/2 2/8
[36;22m[DEBUG] [39;1msnarkJS[0m: tauG2: fft 15 join  14/15  2/2 3/8
[36;22m[DEBUG] [39;1msnarkJS[0m: tauG2: fft 15 join  14/15  1/2 1/8
[36;22m[DEBUG] [39;1msnarkJS[0m: tauG2: fft 15 join  14/15  1/2 6/8
[36;22m[DEBUG] [39;1msnarkJS[0m: tauG2: fft 15 join  14/15  1/2 5/8
[36;22m[DEBUG] [39;1msnarkJS[0m: tauG2: fft 15 join  14/15  2/2 7/8
[36;22m[DEBUG] [39;1msnarkJS[0m: tauG2: fft 15 join  14/15  2/2 1/8
[36;22m[DEBUG] [39;1msnarkJS[0m: tauG2: fft 15 join  14/15  1/2 4/8
[36;22m[DEBUG] [39;1msnarkJS[0m: tauG2: fft 15 join  14/15  2/2 5/8
[36;22m[DEBUG] [39;1msnarkJS[0m: tauG2: fft 15 join  14/15  1/2 2/8
[36;22m[DEBUG] [39;1msnarkJS[0m: tauG2: fft 15 join  14/15  1/2 7/8
[36;22m[DEBUG] [39;1msnarkJS[0m: tauG2: fft 15 join  14/15  2/2 4/8
[36;22m[DEBUG] [39;1msnarkJS[0m: tauG2: fft 15 join  14/15  2/2 6/8
[36;22m[DEBUG] [39;1msnarkJS[0m: tauG2: fft  15  join: 15/15
[36;22m[DEBUG] [39;1msnarkJS[0m: tauG2: fft 15 join  15/15  1/1 0/16
[36;22m[DEBUG] [39;1msnarkJS[0m: tauG2: fft 15 join  15/15  1/1 10/16
[36;22m[DEBUG] [39;1msnarkJS[0m: tauG2: fft 15 join  15/15  1/1 2/16
[36;22m[DEBUG] [39;1msnarkJS[0m: tauG2: fft 15 join  15/15  1/1 8/16
[36;22m[DEBUG] [39;1msnarkJS[0m: tauG2: fft 15 join  15/15  1/1 3/16
[36;22m[DEBUG] [39;1msnarkJS[0m: tauG2: fft 15 join  15/15  1/1 1/16
[36;22m[DEBUG] [39;1msnarkJS[0m: tauG2: fft 15 join  15/15  1/1 4/16
[36;22m[DEBUG] [39;1msnarkJS[0m: tauG2: fft 15 join  15/15  1/1 5/16
[36;22m[DEBUG] [39;1msnarkJS[0m: tauG2: fft 15 join  15/15  1/1 12/16
[36;22m[DEBUG] [39;1msnarkJS[0m: tauG2: fft 15 join  15/15  1/1 11/16
[36;22m[DEBUG] [39;1msnarkJS[0m: tauG2: fft 15 join  15/15  1/1 6/16
[36;22m[DEBUG] [39;1msnarkJS[0m: tauG2: fft 15 join  15/15  1/1 15/16
[36;22m[DEBUG] [39;1msnarkJS[0m: tauG2: fft 15 join  15/15  1/1 9/16
[36;22m[DEBUG] [39;1msnarkJS[0m: tauG2: fft 15 join  15/15  1/1 13/16
[36;22m[DEBUG] [39;1msnarkJS[0m: tauG2: fft 15 join  15/15  1/1 7/16
[36;22m[DEBUG] [39;1msnarkJS[0m: tauG2: fft 15 join  15/15  1/1 14/16
[36;22m[DEBUG] [39;1msnarkJS[0m: tauG2: fft 16 mix start: 0/32
[36;22m[DEBUG] [39;1msnarkJS[0m: tauG2: fft 16 mix start: 1/32
[36;22m[DEBUG] [39;1msnarkJS[0m: tauG2: fft 16 mix start: 2/32
[36;22m[DEBUG] [39;1msnarkJS[0m: tauG2: fft 16 mix start: 3/32
[36;22m[DEBUG] [39;1msnarkJS[0m: tauG2: fft 16 mix start: 4/32
[36;22m[DEBUG] [39;1msnarkJS[0m: tauG2: fft 16 mix start: 5/32
[36;22m[DEBUG] [39;1msnarkJS[0m: tauG2: fft 16 mix start: 6/32
[36;22m[DEBUG] [39;1msnarkJS[0m: tauG2: fft 16 mix start: 7/32
[36;22m[DEBUG] [39;1msnarkJS[0m: tauG2: fft 16 mix start: 8/32
[36;22m[DEBUG] [39;1msnarkJS[0m: tauG2: fft 16 mix start: 9/32
[36;22m[DEBUG] [39;1msnarkJS[0m: tauG2: fft 16 mix start: 10/32
[36;22m[DEBUG] [39;1msnarkJS[0m: tauG2: fft 16 mix start: 11/32
[36;22m[DEBUG] [39;1msnarkJS[0m: tauG2: fft 16 mix start: 12/32
[36;22m[DEBUG] [39;1msnarkJS[0m: tauG2: fft 16 mix start: 13/32
[36;22m[DEBUG] [39;1msnarkJS[0m: tauG2: fft 16 mix start: 14/32
[36;22m[DEBUG] [39;1msnarkJS[0m: tauG2: fft 16 mix start: 15/32
[36;22m[DEBUG] [39;1msnarkJS[0m: tauG2: fft 16 mix start: 16/32
[36;22m[DEBUG] [39;1msnarkJS[0m: tauG2: fft 16 mix start: 17/32
[36;22m[DEBUG] [39;1msnarkJS[0m: tauG2: fft 16 mix start: 18/32
[36;22m[DEBUG] [39;1msnarkJS[0m: tauG2: fft 16 mix start: 19/32
[36;22m[DEBUG] [39;1msnarkJS[0m: tauG2: fft 16 mix start: 20/32
[36;22m[DEBUG] [39;1msnarkJS[0m: tauG2: fft 16 mix start: 21/32
[36;22m[DEBUG] [39;1msnarkJS[0m: tauG2: fft 16 mix start: 22/32
[36;22m[DEBUG] [39;1msnarkJS[0m: tauG2: fft 16 mix start: 23/32
[36;22m[DEBUG] [39;1msnarkJS[0m: tauG2: fft 16 mix start: 24/32
[36;22m[DEBUG] [39;1msnarkJS[0m: tauG2: fft 16 mix start: 25/32
[36;22m[DEBUG] [39;1msnarkJS[0m: tauG2: fft 16 mix start: 26/32
[36;22m[DEBUG] [39;1msnarkJS[0m: tauG2: fft 16 mix start: 27/32
[36;22m[DEBUG] [39;1msnarkJS[0m: tauG2: fft 16 mix start: 28/32
[36;22m[DEBUG] [39;1msnarkJS[0m: tauG2: fft 16 mix start: 29/32
[36;22m[DEBUG] [39;1msnarkJS[0m: tauG2: fft 16 mix start: 30/32
[36;22m[DEBUG] [39;1msnarkJS[0m: tauG2: fft 16 mix start: 31/32
[36;22m[DEBUG] [39;1msnarkJS[0m: tauG2: fft 16 mix end: 18/32
[36;22m[DEBUG] [39;1msnarkJS[0m: tauG2: fft 16 mix end: 17/32
[36;22m[DEBUG] [39;1msnarkJS[0m: tauG2: fft 16 mix end: 4/32
[36;22m[DEBUG] [39;1msnarkJS[0m: tauG2: fft 16 mix end: 9/32
[36;22m[DEBUG] [39;1msnarkJS[0m: tauG2: fft 16 mix end: 1/32
[36;22m[DEBUG] [39;1msnarkJS[0m: tauG2: fft 16 mix end: 10/32
[36;22m[DEBUG] [39;1msnarkJS[0m: tauG2: fft 16 mix end: 8/32
[36;22m[DEBUG] [39;1msnarkJS[0m: tauG2: fft 16 mix end: 23/32
[36;22m[DEBUG] [39;1msnarkJS[0m: tauG2: fft 16 mix end: 6/32
[36;22m[DEBUG] [39;1msnarkJS[0m: tauG2: fft 16 mix end: 13/32
[36;22m[DEBUG] [39;1msnarkJS[0m: tauG2: fft 16 mix end: 20/32
[36;22m[DEBUG] [39;1msnarkJS[0m: tauG2: fft 16 mix end: 5/32
[36;22m[DEBUG] [39;1msnarkJS[0m: tauG2: fft 16 mix end: 14/32
[36;22m[DEBUG] [39;1msnarkJS[0m: tauG2: fft 16 mix end: 19/32
[36;22m[DEBUG] [39;1msnarkJS[0m: tauG2: fft 16 mix end: 3/32
[36;22m[DEBUG] [39;1msnarkJS[0m: tauG2: fft 16 mix end: 0/32
[36;22m[DEBUG] [39;1msnarkJS[0m: tauG2: fft 16 mix end: 2/32
[36;22m[DEBUG] [39;1msnarkJS[0m: tauG2: fft 16 mix end: 11/32
[36;22m[DEBUG] [39;1msnarkJS[0m: tauG2: fft 16 mix end: 22/32
[36;22m[DEBUG] [39;1msnarkJS[0m: tauG2: fft 16 mix end: 21/32
[36;22m[DEBUG] [39;1msnarkJS[0m: tauG2: fft 16 mix end: 27/32
[36;22m[DEBUG] [39;1msnarkJS[0m: tauG2: fft 16 mix end: 28/32
[36;22m[DEBUG] [39;1msnarkJS[0m: tauG2: fft 16 mix end: 31/32
[36;22m[DEBUG] [39;1msnarkJS[0m: tauG2: fft 16 mix end: 24/32
[36;22m[DEBUG] [39;1msnarkJS[0m: tauG2: fft 16 mix end: 29/32
[36;22m[DEBUG] [39;1msnarkJS[0m: tauG2: fft 16 mix end: 30/32
[36;22m[DEBUG] [39;1msnarkJS[0m: tauG2: fft 16 mix end: 16/32
[36;22m[DEBUG] [39;1msnarkJS[0m: tauG2: fft 16 mix end: 12/32
[36;22m[DEBUG] [39;1msnarkJS[0m: tauG2: fft 16 mix end: 15/32
[36;22m[DEBUG] [39;1msnarkJS[0m: tauG2: fft 16 mix end: 26/32
[36;22m[DEBUG] [39;1msnarkJS[0m: tauG2: fft 16 mix end: 25/32
[36;22m[DEBUG] [39;1msnarkJS[0m: tauG2: fft 16 mix end: 7/32
[36;22m[DEBUG] [39;1msnarkJS[0m: tauG2: fft  16  join: 12/16
[36;22m[DEBUG] [39;1msnarkJS[0m: tauG2: fft 16 join  12/16  1/16 0/1
[36;22m[DEBUG] [39;1msnarkJS[0m: tauG2: fft 16 join  12/16  3/16 0/1
[36;22m[DEBUG] [39;1msnarkJS[0m: tauG2: fft 16 join  12/16  5/16 0/1
[36;22m[DEBUG] [39;1msnarkJS[0m: tauG2: fft 16 join  12/16  4/16 0/1
[36;22m[DEBUG] [39;1msnarkJS[0m: tauG2: fft 16 join  12/16  16/16 0/1
[36;22m[DEBUG] [39;1msnarkJS[0m: tauG2: fft 16 join  12/16  6/16 0/1
[36;22m[DEBUG] [39;1msnarkJS[0m: tauG2: fft 16 join  12/16  13/16 0/1
[36;22m[DEBUG] [39;1msnarkJS[0m: tauG2: fft 16 join  12/16  7/16 0/1
[36;22m[DEBUG] [39;1msnarkJS[0m: tauG2: fft 16 join  12/16  2/16 0/1
[36;22m[DEBUG] [39;1msnarkJS[0m: tauG2: fft 16 join  12/16  11/16 0/1
[36;22m[DEBUG] [39;1msnarkJS[0m: tauG2: fft 16 join  12/16  9/16 0/1
[36;22m[DEBUG] [39;1msnarkJS[0m: tauG2: fft 16 join  12/16  14/16 0/1
[36;22m[DEBUG] [39;1msnarkJS[0m: tauG2: fft 16 join  12/16  15/16 0/1
[36;22m[DEBUG] [39;1msnarkJS[0m: tauG2: fft 16 join  12/16  12/16 0/1
[36;22m[DEBUG] [39;1msnarkJS[0m: tauG2: fft 16 join  12/16  8/16 0/1
[36;22m[DEBUG] [39;1msnarkJS[0m: tauG2: fft 16 join  12/16  10/16 0/1
[36;22m[DEBUG] [39;1msnarkJS[0m: tauG2: fft  16  join: 13/16
[36;22m[DEBUG] [39;1msnarkJS[0m: tauG2: fft 16 join  13/16  2/8 0/2
[36;22m[DEBUG] [39;1msnarkJS[0m: tauG2: fft 16 join  13/16  3/8 1/2
[36;22m[DEBUG] [39;1msnarkJS[0m: tauG2: fft 16 join  13/16  8/8 1/2
[36;22m[DEBUG] [39;1msnarkJS[0m: tauG2: fft 16 join  13/16  6/8 1/2
[36;22m[DEBUG] [39;1msnarkJS[0m: tauG2: fft 16 join  13/16  1/8 0/2
[36;22m[DEBUG] [39;1msnarkJS[0m: tauG2: fft 16 join  13/16  4/8 0/2
[36;22m[DEBUG] [39;1msnarkJS[0m: tauG2: fft 16 join  13/16  2/8 1/2
[36;22m[DEBUG] [39;1msnarkJS[0m: tauG2: fft 16 join  13/16  7/8 0/2
[36;22m[DEBUG] [39;1msnarkJS[0m: tauG2: fft 16 join  13/16  7/8 1/2
[36;22m[DEBUG] [39;1msnarkJS[0m: tauG2: fft 16 join  13/16  6/8 0/2
[36;22m[DEBUG] [39;1msnarkJS[0m: tauG2: fft 16 join  13/16  1/8 1/2
[36;22m[DEBUG] [39;1msnarkJS[0m: tauG2: fft 16 join  13/16  5/8 1/2
[36;22m[DEBUG] [39;1msnarkJS[0m: tauG2: fft 16 join  13/16  5/8 0/2
[36;22m[DEBUG] [39;1msnarkJS[0m: tauG2: fft 16 join  13/16  4/8 1/2
[36;22m[DEBUG] [39;1msnarkJS[0m: tauG2: fft 16 join  13/16  3/8 0/2
[36;22m[DEBUG] [39;1msnarkJS[0m: tauG2: fft 16 join  13/16  8/8 0/2
[36;22m[DEBUG] [39;1msnarkJS[0m: tauG2: fft  16  join: 14/16
[36;22m[DEBUG] [39;1msnarkJS[0m: tauG2: fft 16 join  14/16  1/4 2/4
[36;22m[DEBUG] [39;1msnarkJS[0m: tauG2: fft 16 join  14/16  2/4 2/4
[36;22m[DEBUG] [39;1msnarkJS[0m: tauG2: fft 16 join  14/16  1/4 0/4
[36;22m[DEBUG] [39;1msnarkJS[0m: tauG2: fft 16 join  14/16  1/4 1/4
[36;22m[DEBUG] [39;1msnarkJS[0m: tauG2: fft 16 join  14/16  2/4 1/4
[36;22m[DEBUG] [39;1msnarkJS[0m: tauG2: fft 16 join  14/16  4/4 3/4
[36;22m[DEBUG] [39;1msnarkJS[0m: tauG2: fft 16 join  14/16  3/4 3/4
[36;22m[DEBUG] [39;1msnarkJS[0m: tauG2: fft 16 join  14/16  3/4 2/4
[36;22m[DEBUG] [39;1msnarkJS[0m: tauG2: fft 16 join  14/16  1/4 3/4
[36;22m[DEBUG] [39;1msnarkJS[0m: tauG2: fft 16 join  14/16  4/4 0/4
[36;22m[DEBUG] [39;1msnarkJS[0m: tauG2: fft 16 join  14/16  3/4 0/4
[36;22m[DEBUG] [39;1msnarkJS[0m: tauG2: fft 16 join  14/16  4/4 1/4
[36;22m[DEBUG] [39;1msnarkJS[0m: tauG2: fft 16 join  14/16  3/4 1/4
[36;22m[DEBUG] [39;1msnarkJS[0m: tauG2: fft 16 join  14/16  4/4 2/4
[36;22m[DEBUG] [39;1msnarkJS[0m: tauG2: fft 16 join  14/16  2/4 3/4
[36;22m[DEBUG] [39;1msnarkJS[0m: tauG2: fft 16 join  14/16  2/4 0/4
[36;22m[DEBUG] [39;1msnarkJS[0m: tauG2: fft  16  join: 15/16
[36;22m[DEBUG] [39;1msnarkJS[0m: tauG2: fft 16 join  15/16  1/2 0/8
[36;22m[DEBUG] [39;1msnarkJS[0m: tauG2: fft 16 join  15/16  1/2 2/8
[36;22m[DEBUG] [39;1msnarkJS[0m: tauG2: fft 16 join  15/16  1/2 3/8
[36;22m[DEBUG] [39;1msnarkJS[0m: tauG2: fft 16 join  15/16  2/2 3/8
[36;22m[DEBUG] [39;1msnarkJS[0m: tauG2: fft 16 join  15/16  1/2 6/8
[36;22m[DEBUG] [39;1msnarkJS[0m: tauG2: fft 16 join  15/16  1/2 4/8
[36;22m[DEBUG] [39;1msnarkJS[0m: tauG2: fft 16 join  15/16  2/2 7/8
[36;22m[DEBUG] [39;1msnarkJS[0m: tauG2: fft 16 join  15/16  1/2 5/8
[36;22m[DEBUG] [39;1msnarkJS[0m: tauG2: fft 16 join  15/16  2/2 2/8
[36;22m[DEBUG] [39;1msnarkJS[0m: tauG2: fft 16 join  15/16  2/2 0/8
[36;22m[DEBUG] [39;1msnarkJS[0m: tauG2: fft 16 join  15/16  1/2 1/8
[36;22m[DEBUG] [39;1msnarkJS[0m: tauG2: fft 16 join  15/16  2/2 5/8
[36;22m[DEBUG] [39;1msnarkJS[0m: tauG2: fft 16 join  15/16  2/2 1/8
[36;22m[DEBUG] [39;1msnarkJS[0m: tauG2: fft 16 join  15/16  2/2 6/8
[36;22m[DEBUG] [39;1msnarkJS[0m: tauG2: fft 16 join  15/16  1/2 7/8
[36;22m[DEBUG] [39;1msnarkJS[0m: tauG2: fft 16 join  15/16  2/2 4/8
[36;22m[DEBUG] [39;1msnarkJS[0m: tauG2: fft  16  join: 16/16
[36;22m[DEBUG] [39;1msnarkJS[0m: tauG2: fft 16 join  16/16  1/1 2/16
[36;22m[DEBUG] [39;1msnarkJS[0m: tauG2: fft 16 join  16/16  1/1 0/16
[36;22m[DEBUG] [39;1msnarkJS[0m: tauG2: fft 16 join  16/16  1/1 10/16
[36;22m[DEBUG] [39;1msnarkJS[0m: tauG2: fft 16 join  16/16  1/1 15/16
[36;22m[DEBUG] [39;1msnarkJS[0m: tauG2: fft 16 join  16/16  1/1 11/16
[36;22m[DEBUG] [39;1msnarkJS[0m: tauG2: fft 16 join  16/16  1/1 5/16
[36;22m[DEBUG] [39;1msnarkJS[0m: tauG2: fft 16 join  16/16  1/1 4/16
[36;22m[DEBUG] [39;1msnarkJS[0m: tauG2: fft 16 join  16/16  1/1 1/16
[36;22m[DEBUG] [39;1msnarkJS[0m: tauG2: fft 16 join  16/16  1/1 3/16
[36;22m[DEBUG] [39;1msnarkJS[0m: tauG2: fft 16 join  16/16  1/1 6/16
[36;22m[DEBUG] [39;1msnarkJS[0m: tauG2: fft 16 join  16/16  1/1 8/16
[36;22m[DEBUG] [39;1msnarkJS[0m: tauG2: fft 16 join  16/16  1/1 9/16
[36;22m[DEBUG] [39;1msnarkJS[0m: tauG2: fft 16 join  16/16  1/1 13/16
[36;22m[DEBUG] [39;1msnarkJS[0m: tauG2: fft 16 join  16/16  1/1 14/16
[36;22m[DEBUG] [39;1msnarkJS[0m: tauG2: fft 16 join  16/16  1/1 12/16
[36;22m[DEBUG] [39;1msnarkJS[0m: tauG2: fft 16 join  16/16  1/1 7/16
[36;22m[DEBUG] [39;1msnarkJS[0m: tauG2: fft 17 mix start: 0/32
[36;22m[DEBUG] [39;1msnarkJS[0m: tauG2: fft 17 mix start: 1/32
[36;22m[DEBUG] [39;1msnarkJS[0m: tauG2: fft 17 mix start: 2/32
[36;22m[DEBUG] [39;1msnarkJS[0m: tauG2: fft 17 mix start: 3/32
[36;22m[DEBUG] [39;1msnarkJS[0m: tauG2: fft 17 mix start: 4/32
[36;22m[DEBUG] [39;1msnarkJS[0m: tauG2: fft 17 mix start: 5/32
[36;22m[DEBUG] [39;1msnarkJS[0m: tauG2: fft 17 mix start: 6/32
[36;22m[DEBUG] [39;1msnarkJS[0m: tauG2: fft 17 mix start: 7/32
[36;22m[DEBUG] [39;1msnarkJS[0m: tauG2: fft 17 mix start: 8/32
[36;22m[DEBUG] [39;1msnarkJS[0m: tauG2: fft 17 mix start: 9/32
[36;22m[DEBUG] [39;1msnarkJS[0m: tauG2: fft 17 mix start: 10/32
[36;22m[DEBUG] [39;1msnarkJS[0m: tauG2: fft 17 mix start: 11/32
[36;22m[DEBUG] [39;1msnarkJS[0m: tauG2: fft 17 mix start: 12/32
[36;22m[DEBUG] [39;1msnarkJS[0m: tauG2: fft 17 mix start: 13/32
[36;22m[DEBUG] [39;1msnarkJS[0m: tauG2: fft 17 mix start: 14/32
[36;22m[DEBUG] [39;1msnarkJS[0m: tauG2: fft 17 mix start: 15/32
[36;22m[DEBUG] [39;1msnarkJS[0m: tauG2: fft 17 mix start: 16/32
[36;22m[DEBUG] [39;1msnarkJS[0m: tauG2: fft 17 mix start: 17/32
[36;22m[DEBUG] [39;1msnarkJS[0m: tauG2: fft 17 mix start: 18/32
[36;22m[DEBUG] [39;1msnarkJS[0m: tauG2: fft 17 mix start: 19/32
[36;22m[DEBUG] [39;1msnarkJS[0m: tauG2: fft 17 mix start: 20/32
[36;22m[DEBUG] [39;1msnarkJS[0m: tauG2: fft 17 mix start: 21/32
[36;22m[DEBUG] [39;1msnarkJS[0m: tauG2: fft 17 mix start: 22/32
[36;22m[DEBUG] [39;1msnarkJS[0m: tauG2: fft 17 mix start: 23/32
[36;22m[DEBUG] [39;1msnarkJS[0m: tauG2: fft 17 mix start: 24/32
[36;22m[DEBUG] [39;1msnarkJS[0m: tauG2: fft 17 mix start: 25/32
[36;22m[DEBUG] [39;1msnarkJS[0m: tauG2: fft 17 mix start: 26/32
[36;22m[DEBUG] [39;1msnarkJS[0m: tauG2: fft 17 mix start: 27/32
[36;22m[DEBUG] [39;1msnarkJS[0m: tauG2: fft 17 mix start: 28/32
[36;22m[DEBUG] [39;1msnarkJS[0m: tauG2: fft 17 mix start: 29/32
[36;22m[DEBUG] [39;1msnarkJS[0m: tauG2: fft 17 mix start: 30/32
[36;22m[DEBUG] [39;1msnarkJS[0m: tauG2: fft 17 mix start: 31/32
[36;22m[DEBUG] [39;1msnarkJS[0m: tauG2: fft 17 mix end: 3/32
[36;22m[DEBUG] [39;1msnarkJS[0m: tauG2: fft 17 mix end: 23/32
[36;22m[DEBUG] [39;1msnarkJS[0m: tauG2: fft 17 mix end: 12/32
[36;22m[DEBUG] [39;1msnarkJS[0m: tauG2: fft 17 mix end: 2/32
[36;22m[DEBUG] [39;1msnarkJS[0m: tauG2: fft 17 mix end: 17/32
[36;22m[DEBUG] [39;1msnarkJS[0m: tauG2: fft 17 mix end: 15/32
[36;22m[DEBUG] [39;1msnarkJS[0m: tauG2: fft 17 mix end: 7/32
[36;22m[DEBUG] [39;1msnarkJS[0m: tauG2: fft 17 mix end: 1/32
[36;22m[DEBUG] [39;1msnarkJS[0m: tauG2: fft 17 mix end: 31/32
[36;22m[DEBUG] [39;1msnarkJS[0m: tauG2: fft 17 mix end: 26/32
[36;22m[DEBUG] [39;1msnarkJS[0m: tauG2: fft 17 mix end: 20/32
[36;22m[DEBUG] [39;1msnarkJS[0m: tauG2: fft 17 mix end: 9/32
[36;22m[DEBUG] [39;1msnarkJS[0m: tauG2: fft 17 mix end: 6/32
[36;22m[DEBUG] [39;1msnarkJS[0m: tauG2: fft 17 mix end: 29/32
[36;22m[DEBUG] [39;1msnarkJS[0m: tauG2: fft 17 mix end: 19/32
[36;22m[DEBUG] [39;1msnarkJS[0m: tauG2: fft 17 mix end: 0/32
[36;22m[DEBUG] [39;1msnarkJS[0m: tauG2: fft 17 mix end: 28/32
[36;22m[DEBUG] [39;1msnarkJS[0m: tauG2: fft 17 mix end: 11/32
[36;22m[DEBUG] [39;1msnarkJS[0m: tauG2: fft 17 mix end: 13/32
[36;22m[DEBUG] [39;1msnarkJS[0m: tauG2: fft 17 mix end: 16/32
[36;22m[DEBUG] [39;1msnarkJS[0m: tauG2: fft 17 mix end: 21/32
[36;22m[DEBUG] [39;1msnarkJS[0m: tauG2: fft 17 mix end: 5/32
[36;22m[DEBUG] [39;1msnarkJS[0m: tauG2: fft 17 mix end: 4/32
[36;22m[DEBUG] [39;1msnarkJS[0m: tauG2: fft 17 mix end: 22/32
[36;22m[DEBUG] [39;1msnarkJS[0m: tauG2: fft 17 mix end: 14/32
[36;22m[DEBUG] [39;1msnarkJS[0m: tauG2: fft 17 mix end: 18/32
[36;22m[DEBUG] [39;1msnarkJS[0m: tauG2: fft 17 mix end: 8/32
[36;22m[DEBUG] [39;1msnarkJS[0m: tauG2: fft 17 mix end: 10/32
[36;22m[DEBUG] [39;1msnarkJS[0m: tauG2: fft 17 mix end: 30/32
[36;22m[DEBUG] [39;1msnarkJS[0m: tauG2: fft 17 mix end: 27/32
[36;22m[DEBUG] [39;1msnarkJS[0m: tauG2: fft 17 mix end: 24/32
[36;22m[DEBUG] [39;1msnarkJS[0m: tauG2: fft 17 mix end: 25/32
[36;22m[DEBUG] [39;1msnarkJS[0m: tauG2: fft  17  join: 13/17
[36;22m[DEBUG] [39;1msnarkJS[0m: tauG2: fft 17 join  13/17  3/16 0/1
[36;22m[DEBUG] [39;1msnarkJS[0m: tauG2: fft 17 join  13/17  1/16 0/1
[36;22m[DEBUG] [39;1msnarkJS[0m: tauG2: fft 17 join  13/17  16/16 0/1
[36;22m[DEBUG] [39;1msnarkJS[0m: tauG2: fft 17 join  13/17  12/16 0/1
[36;22m[DEBUG] [39;1msnarkJS[0m: tauG2: fft 17 join  13/17  11/16 0/1
[36;22m[DEBUG] [39;1msnarkJS[0m: tauG2: fft 17 join  13/17  15/16 0/1
[36;22m[DEBUG] [39;1msnarkJS[0m: tauG2: fft 17 join  13/17  4/16 0/1
[36;22m[DEBUG] [39;1msnarkJS[0m: tauG2: fft 17 join  13/17  14/16 0/1
[36;22m[DEBUG] [39;1msnarkJS[0m: tauG2: fft 17 join  13/17  13/16 0/1
[36;22m[DEBUG] [39;1msnarkJS[0m: tauG2: fft 17 join  13/17  2/16 0/1
[36;22m[DEBUG] [39;1msnarkJS[0m: tauG2: fft 17 join  13/17  7/16 0/1
[36;22m[DEBUG] [39;1msnarkJS[0m: tauG2: fft 17 join  13/17  6/16 0/1
[36;22m[DEBUG] [39;1msnarkJS[0m: tauG2: fft 17 join  13/17  10/16 0/1
[36;22m[DEBUG] [39;1msnarkJS[0m: tauG2: fft 17 join  13/17  5/16 0/1
[36;22m[DEBUG] [39;1msnarkJS[0m: tauG2: fft 17 join  13/17  9/16 0/1
[36;22m[DEBUG] [39;1msnarkJS[0m: tauG2: fft 17 join  13/17  8/16 0/1
[36;22m[DEBUG] [39;1msnarkJS[0m: tauG2: fft  17  join: 14/17
[36;22m[DEBUG] [39;1msnarkJS[0m: tauG2: fft 17 join  14/17  1/8 0/2
[36;22m[DEBUG] [39;1msnarkJS[0m: tauG2: fft 17 join  14/17  2/8 1/2
[36;22m[DEBUG] [39;1msnarkJS[0m: tauG2: fft 17 join  14/17  2/8 0/2
[36;22m[DEBUG] [39;1msnarkJS[0m: tauG2: fft 17 join  14/17  3/8 1/2
[36;22m[DEBUG] [39;1msnarkJS[0m: tauG2: fft 17 join  14/17  8/8 1/2
[36;22m[DEBUG] [39;1msnarkJS[0m: tauG2: fft 17 join  14/17  5/8 0/2
[36;22m[DEBUG] [39;1msnarkJS[0m: tauG2: fft 17 join  14/17  6/8 1/2
[36;22m[DEBUG] [39;1msnarkJS[0m: tauG2: fft 17 join  14/17  4/8 0/2
[36;22m[DEBUG] [39;1msnarkJS[0m: tauG2: fft 17 join  14/17  5/8 1/2
[36;22m[DEBUG] [39;1msnarkJS[0m: tauG2: fft 17 join  14/17  1/8 1/2
[36;22m[DEBUG] [39;1msnarkJS[0m: tauG2: fft 17 join  14/17  7/8 1/2
[36;22m[DEBUG] [39;1msnarkJS[0m: tauG2: fft 17 join  14/17  7/8 0/2
[36;22m[DEBUG] [39;1msnarkJS[0m: tauG2: fft 17 join  14/17  4/8 1/2
[36;22m[DEBUG] [39;1msnarkJS[0m: tauG2: fft 17 join  14/17  8/8 0/2
[36;22m[DEBUG] [39;1msnarkJS[0m: tauG2: fft 17 join  14/17  3/8 0/2
[36;22m[DEBUG] [39;1msnarkJS[0m: tauG2: fft 17 join  14/17  6/8 0/2
[36;22m[DEBUG] [39;1msnarkJS[0m: tauG2: fft  17  join: 15/17
[36;22m[DEBUG] [39;1msnarkJS[0m: tauG2: fft 17 join  15/17  1/4 3/4
[36;22m[DEBUG] [39;1msnarkJS[0m: tauG2: fft 17 join  15/17  1/4 2/4
[36;22m[DEBUG] [39;1msnarkJS[0m: tauG2: fft 17 join  15/17  3/4 0/4
[36;22m[DEBUG] [39;1msnarkJS[0m: tauG2: fft 17 join  15/17  3/4 3/4
[36;22m[DEBUG] [39;1msnarkJS[0m: tauG2: fft 17 join  15/17  4/4 0/4
[36;22m[DEBUG] [39;1msnarkJS[0m: tauG2: fft 17 join  15/17  2/4 2/4
[36;22m[DEBUG] [39;1msnarkJS[0m: tauG2: fft 17 join  15/17  1/4 1/4
[36;22m[DEBUG] [39;1msnarkJS[0m: tauG2: fft 17 join  15/17  4/4 3/4
[36;22m[DEBUG] [39;1msnarkJS[0m: tauG2: fft 17 join  15/17  4/4 1/4
[36;22m[DEBUG] [39;1msnarkJS[0m: tauG2: fft 17 join  15/17  2/4 1/4
[36;22m[DEBUG] [39;1msnarkJS[0m: tauG2: fft 17 join  15/17  2/4 3/4
[36;22m[DEBUG] [39;1msnarkJS[0m: tauG2: fft 17 join  15/17  3/4 1/4
[36;22m[DEBUG] [39;1msnarkJS[0m: tauG2: fft 17 join  15/17  3/4 2/4
[36;22m[DEBUG] [39;1msnarkJS[0m: tauG2: fft 17 join  15/17  4/4 2/4
[36;22m[DEBUG] [39;1msnarkJS[0m: tauG2: fft 17 join  15/17  1/4 0/4
[36;22m[DEBUG] [39;1msnarkJS[0m: tauG2: fft 17 join  15/17  2/4 0/4
[36;22m[DEBUG] [39;1msnarkJS[0m: tauG2: fft  17  join: 16/17
[36;22m[DEBUG] [39;1msnarkJS[0m: tauG2: fft 17 join  16/17  1/2 0/8
[36;22m[DEBUG] [39;1msnarkJS[0m: tauG2: fft 17 join  16/17  1/2 3/8
[36;22m[DEBUG] [39;1msnarkJS[0m: tauG2: fft 17 join  16/17  2/2 4/8
[36;22m[DEBUG] [39;1msnarkJS[0m: tauG2: fft 17 join  16/17  2/2 0/8
[36;22m[DEBUG] [39;1msnarkJS[0m: tauG2: fft 17 join  16/17  2/2 7/8
[36;22m[DEBUG] [39;1msnarkJS[0m: tauG2: fft 17 join  16/17  2/2 3/8
[36;22m[DEBUG] [39;1msnarkJS[0m: tauG2: fft 17 join  16/17  2/2 2/8
[36;22m[DEBUG] [39;1msnarkJS[0m: tauG2: fft 17 join  16/17  1/2 2/8
[36;22m[DEBUG] [39;1msnarkJS[0m: tauG2: fft 17 join  16/17  1/2 4/8
[36;22m[DEBUG] [39;1msnarkJS[0m: tauG2: fft 17 join  16/17  1/2 6/8
[36;22m[DEBUG] [39;1msnarkJS[0m: tauG2: fft 17 join  16/17  1/2 5/8
[36;22m[DEBUG] [39;1msnarkJS[0m: tauG2: fft 17 join  16/17  1/2 1/8
[36;22m[DEBUG] [39;1msnarkJS[0m: tauG2: fft 17 join  16/17  2/2 1/8
[36;22m[DEBUG] [39;1msnarkJS[0m: tauG2: fft 17 join  16/17  2/2 5/8
[36;22m[DEBUG] [39;1msnarkJS[0m: tauG2: fft 17 join  16/17  2/2 6/8
[36;22m[DEBUG] [39;1msnarkJS[0m: tauG2: fft 17 join  16/17  1/2 7/8
[36;22m[DEBUG] [39;1msnarkJS[0m: tauG2: fft  17  join: 17/17
[36;22m[DEBUG] [39;1msnarkJS[0m: tauG2: fft 17 join  17/17  1/1 8/16
[36;22m[DEBUG] [39;1msnarkJS[0m: tauG2: fft 17 join  17/17  1/1 3/16
[36;22m[DEBUG] [39;1msnarkJS[0m: tauG2: fft 17 join  17/17  1/1 0/16
[36;22m[DEBUG] [39;1msnarkJS[0m: tauG2: fft 17 join  17/17  1/1 15/16
[36;22m[DEBUG] [39;1msnarkJS[0m: tauG2: fft 17 join  17/17  1/1 12/16
[36;22m[DEBUG] [39;1msnarkJS[0m: tauG2: fft 17 join  17/17  1/1 11/16
[36;22m[DEBUG] [39;1msnarkJS[0m: tauG2: fft 17 join  17/17  1/1 2/16
[36;22m[DEBUG] [39;1msnarkJS[0m: tauG2: fft 17 join  17/17  1/1 10/16
[36;22m[DEBUG] [39;1msnarkJS[0m: tauG2: fft 17 join  17/17  1/1 5/16
[36;22m[DEBUG] [39;1msnarkJS[0m: tauG2: fft 17 join  17/17  1/1 4/16
[36;22m[DEBUG] [39;1msnarkJS[0m: tauG2: fft 17 join  17/17  1/1 6/16
[36;22m[DEBUG] [39;1msnarkJS[0m: tauG2: fft 17 join  17/17  1/1 1/16
[36;22m[DEBUG] [39;1msnarkJS[0m: tauG2: fft 17 join  17/17  1/1 13/16
[36;22m[DEBUG] [39;1msnarkJS[0m: tauG2: fft 17 join  17/17  1/1 9/16
[36;22m[DEBUG] [39;1msnarkJS[0m: tauG2: fft 17 join  17/17  1/1 14/16
[36;22m[DEBUG] [39;1msnarkJS[0m: tauG2: fft 17 join  17/17  1/1 7/16
[36;22m[DEBUG] [39;1msnarkJS[0m: tauG2: fft 18 mix start: 0/32
[36;22m[DEBUG] [39;1msnarkJS[0m: tauG2: fft 18 mix start: 1/32
[36;22m[DEBUG] [39;1msnarkJS[0m: tauG2: fft 18 mix start: 2/32
[36;22m[DEBUG] [39;1msnarkJS[0m: tauG2: fft 18 mix start: 3/32
[36;22m[DEBUG] [39;1msnarkJS[0m: tauG2: fft 18 mix start: 4/32
[36;22m[DEBUG] [39;1msnarkJS[0m: tauG2: fft 18 mix start: 5/32
[36;22m[DEBUG] [39;1msnarkJS[0m: tauG2: fft 18 mix start: 6/32
[36;22m[DEBUG] [39;1msnarkJS[0m: tauG2: fft 18 mix start: 7/32
[36;22m[DEBUG] [39;1msnarkJS[0m: tauG2: fft 18 mix start: 8/32
[36;22m[DEBUG] [39;1msnarkJS[0m: tauG2: fft 18 mix start: 9/32
[36;22m[DEBUG] [39;1msnarkJS[0m: tauG2: fft 18 mix start: 10/32
[36;22m[DEBUG] [39;1msnarkJS[0m: tauG2: fft 18 mix start: 11/32
[36;22m[DEBUG] [39;1msnarkJS[0m: tauG2: fft 18 mix start: 12/32
[36;22m[DEBUG] [39;1msnarkJS[0m: tauG2: fft 18 mix start: 13/32
[36;22m[DEBUG] [39;1msnarkJS[0m: tauG2: fft 18 mix start: 14/32
[36;22m[DEBUG] [39;1msnarkJS[0m: tauG2: fft 18 mix start: 15/32
[36;22m[DEBUG] [39;1msnarkJS[0m: tauG2: fft 18 mix start: 16/32
[36;22m[DEBUG] [39;1msnarkJS[0m: tauG2: fft 18 mix start: 17/32
[36;22m[DEBUG] [39;1msnarkJS[0m: tauG2: fft 18 mix start: 18/32
[36;22m[DEBUG] [39;1msnarkJS[0m: tauG2: fft 18 mix start: 19/32
[36;22m[DEBUG] [39;1msnarkJS[0m: tauG2: fft 18 mix start: 20/32
[36;22m[DEBUG] [39;1msnarkJS[0m: tauG2: fft 18 mix start: 21/32
[36;22m[DEBUG] [39;1msnarkJS[0m: tauG2: fft 18 mix start: 22/32
[36;22m[DEBUG] [39;1msnarkJS[0m: tauG2: fft 18 mix start: 23/32
[36;22m[DEBUG] [39;1msnarkJS[0m: tauG2: fft 18 mix start: 24/32
[36;22m[DEBUG] [39;1msnarkJS[0m: tauG2: fft 18 mix start: 25/32
[36;22m[DEBUG] [39;1msnarkJS[0m: tauG2: fft 18 mix start: 26/32
[36;22m[DEBUG] [39;1msnarkJS[0m: tauG2: fft 18 mix start: 27/32
[36;22m[DEBUG] [39;1msnarkJS[0m: tauG2: fft 18 mix start: 28/32
[36;22m[DEBUG] [39;1msnarkJS[0m: tauG2: fft 18 mix start: 29/32
[36;22m[DEBUG] [39;1msnarkJS[0m: tauG2: fft 18 mix start: 30/32
[36;22m[DEBUG] [39;1msnarkJS[0m: tauG2: fft 18 mix start: 31/32
[36;22m[DEBUG] [39;1msnarkJS[0m: tauG2: fft 18 mix end: 9/32
[36;22m[DEBUG] [39;1msnarkJS[0m: tauG2: fft 18 mix end: 30/32
[36;22m[DEBUG] [39;1msnarkJS[0m: tauG2: fft 18 mix end: 23/32
[36;22m[DEBUG] [39;1msnarkJS[0m: tauG2: fft 18 mix end: 6/32
[36;22m[DEBUG] [39;1msnarkJS[0m: tauG2: fft 18 mix end: 22/32
[36;22m[DEBUG] [39;1msnarkJS[0m: tauG2: fft 18 mix end: 15/32
[36;22m[DEBUG] [39;1msnarkJS[0m: tauG2: fft 18 mix end: 4/32
[36;22m[DEBUG] [39;1msnarkJS[0m: tauG2: fft 18 mix end: 20/32
[36;22m[DEBUG] [39;1msnarkJS[0m: tauG2: fft 18 mix end: 27/32
[36;22m[DEBUG] [39;1msnarkJS[0m: tauG2: fft 18 mix end: 5/32
[36;22m[DEBUG] [39;1msnarkJS[0m: tauG2: fft 18 mix end: 8/32
[36;22m[DEBUG] [39;1msnarkJS[0m: tauG2: fft 18 mix end: 10/32
[36;22m[DEBUG] [39;1msnarkJS[0m: tauG2: fft 18 mix end: 0/32
[36;22m[DEBUG] [39;1msnarkJS[0m: tauG2: fft 18 mix end: 11/32
[36;22m[DEBUG] [39;1msnarkJS[0m: tauG2: fft 18 mix end: 7/32
[36;22m[DEBUG] [39;1msnarkJS[0m: tauG2: fft 18 mix end: 21/32
[36;22m[DEBUG] [39;1msnarkJS[0m: tauG2: fft 18 mix end: 18/32
[36;22m[DEBUG] [39;1msnarkJS[0m: tauG2: fft 18 mix end: 17/32
[36;22m[DEBUG] [39;1msnarkJS[0m: tauG2: fft 18 mix end: 28/32
[36;22m[DEBUG] [39;1msnarkJS[0m: tauG2: fft 18 mix end: 24/32
[36;22m[DEBUG] [39;1msnarkJS[0m: tauG2: fft 18 mix end: 13/32
[36;22m[DEBUG] [39;1msnarkJS[0m: tauG2: fft 18 mix end: 14/32
[36;22m[DEBUG] [39;1msnarkJS[0m: tauG2: fft 18 mix end: 3/32
[36;22m[DEBUG] [39;1msnarkJS[0m: tauG2: fft 18 mix end: 2/32
[36;22m[DEBUG] [39;1msnarkJS[0m: tauG2: fft 18 mix end: 26/32
[36;22m[DEBUG] [39;1msnarkJS[0m: tauG2: fft 18 mix end: 31/32
[36;22m[DEBUG] [39;1msnarkJS[0m: tauG2: fft 18 mix end: 19/32
[36;22m[DEBUG] [39;1msnarkJS[0m: tauG2: fft 18 mix end: 16/32
[36;22m[DEBUG] [39;1msnarkJS[0m: tauG2: fft 18 mix end: 29/32
[36;22m[DEBUG] [39;1msnarkJS[0m: tauG2: fft 18 mix end: 12/32
[36;22m[DEBUG] [39;1msnarkJS[0m: tauG2: fft 18 mix end: 25/32
[36;22m[DEBUG] [39;1msnarkJS[0m: tauG2: fft 18 mix end: 1/32
[36;22m[DEBUG] [39;1msnarkJS[0m: tauG2: fft  18  join: 14/18
[36;22m[DEBUG] [39;1msnarkJS[0m: tauG2: fft 18 join  14/18  9/16 0/1
[36;22m[DEBUG] [39;1msnarkJS[0m: tauG2: fft 18 join  14/18  11/16 0/1
[36;22m[DEBUG] [39;1msnarkJS[0m: tauG2: fft 18 join  14/18  1/16 0/1
[36;22m[DEBUG] [39;1msnarkJS[0m: tauG2: fft 18 join  14/18  16/16 0/1
[36;22m[DEBUG] [39;1msnarkJS[0m: tauG2: fft 18 join  14/18  12/16 0/1
[36;22m[DEBUG] [39;1msnarkJS[0m: tauG2: fft 18 join  14/18  6/16 0/1
[36;22m[DEBUG] [39;1msnarkJS[0m: tauG2: fft 18 join  14/18  4/16 0/1
[36;22m[DEBUG] [39;1msnarkJS[0m: tauG2: fft 18 join  14/18  3/16 0/1
[36;22m[DEBUG] [39;1msnarkJS[0m: tauG2: fft 18 join  14/18  7/16 0/1
[36;22m[DEBUG] [39;1msnarkJS[0m: tauG2: fft 18 join  14/18  5/16 0/1
[36;22m[DEBUG] [39;1msnarkJS[0m: tauG2: fft 18 join  14/18  2/16 0/1
[36;22m[DEBUG] [39;1msnarkJS[0m: tauG2: fft 18 join  14/18  13/16 0/1
[36;22m[DEBUG] [39;1msnarkJS[0m: tauG2: fft 18 join  14/18  14/16 0/1
[36;22m[DEBUG] [39;1msnarkJS[0m: tauG2: fft 18 join  14/18  10/16 0/1
[36;22m[DEBUG] [39;1msnarkJS[0m: tauG2: fft 18 join  14/18  8/16 0/1
[36;22m[DEBUG] [39;1msnarkJS[0m: tauG2: fft 18 join  14/18  15/16 0/1
[36;22m[DEBUG] [39;1msnarkJS[0m: tauG2: fft  18  join: 15/18
[36;22m[DEBUG] [39;1msnarkJS[0m: tauG2: fft 18 join  15/18  1/8 0/2
[36;22m[DEBUG] [39;1msnarkJS[0m: tauG2: fft 18 join  15/18  5/8 0/2
[36;22m[DEBUG] [39;1msnarkJS[0m: tauG2: fft 18 join  15/18  3/8 0/2
[36;22m[DEBUG] [39;1msnarkJS[0m: tauG2: fft 18 join  15/18  4/8 0/2
[36;22m[DEBUG] [39;1msnarkJS[0m: tauG2: fft 18 join  15/18  8/8 1/2
[36;22m[DEBUG] [39;1msnarkJS[0m: tauG2: fft 18 join  15/18  6/8 0/2
[36;22m[DEBUG] [39;1msnarkJS[0m: tauG2: fft 18 join  15/18  6/8 1/2
[36;22m[DEBUG] [39;1msnarkJS[0m: tauG2: fft 18 join  15/18  3/8 1/2
[36;22m[DEBUG] [39;1msnarkJS[0m: tauG2: fft 18 join  15/18  2/8 1/2
[36;22m[DEBUG] [39;1msnarkJS[0m: tauG2: fft 18 join  15/18  2/8 0/2
[36;22m[DEBUG] [39;1msnarkJS[0m: tauG2: fft 18 join  15/18  7/8 0/2
[36;22m[DEBUG] [39;1msnarkJS[0m: tauG2: fft 18 join  15/18  1/8 1/2
[36;22m[DEBUG] [39;1msnarkJS[0m: tauG2: fft 18 join  15/18  7/8 1/2
[36;22m[DEBUG] [39;1msnarkJS[0m: tauG2: fft 18 join  15/18  5/8 1/2
[36;22m[DEBUG] [39;1msnarkJS[0m: tauG2: fft 18 join  15/18  8/8 0/2
[36;22m[DEBUG] [39;1msnarkJS[0m: tauG2: fft 18 join  15/18  4/8 1/2
[36;22m[DEBUG] [39;1msnarkJS[0m: tauG2: fft  18  join: 16/18
[36;22m[DEBUG] [39;1msnarkJS[0m: tauG2: fft 18 join  16/18  3/4 0/4
[36;22m[DEBUG] [39;1msnarkJS[0m: tauG2: fft 18 join  16/18  2/4 2/4
[36;22m[DEBUG] [39;1msnarkJS[0m: tauG2: fft 18 join  16/18  3/4 2/4
[36;22m[DEBUG] [39;1msnarkJS[0m: tauG2: fft 18 join  16/18  1/4 0/4
[36;22m[DEBUG] [39;1msnarkJS[0m: tauG2: fft 18 join  16/18  2/4 0/4
[36;22m[DEBUG] [39;1msnarkJS[0m: tauG2: fft 18 join  16/18  2/4 1/4
[36;22m[DEBUG] [39;1msnarkJS[0m: tauG2: fft 18 join  16/18  4/4 3/4
[36;22m[DEBUG] [39;1msnarkJS[0m: tauG2: fft 18 join  16/18  3/4 3/4
[36;22m[DEBUG] [39;1msnarkJS[0m: tauG2: fft 18 join  16/18  1/4 2/4
[36;22m[DEBUG] [39;1msnarkJS[0m: tauG2: fft 18 join  16/18  4/4 0/4
[36;22m[DEBUG] [39;1msnarkJS[0m: tauG2: fft 18 join  16/18  1/4 3/4
[36;22m[DEBUG] [39;1msnarkJS[0m: tauG2: fft 18 join  16/18  1/4 1/4
[36;22m[DEBUG] [39;1msnarkJS[0m: tauG2: fft 18 join  16/18  4/4 1/4
[36;22m[DEBUG] [39;1msnarkJS[0m: tauG2: fft 18 join  16/18  3/4 1/4
[36;22m[DEBUG] [39;1msnarkJS[0m: tauG2: fft 18 join  16/18  2/4 3/4
[36;22m[DEBUG] [39;1msnarkJS[0m: tauG2: fft 18 join  16/18  4/4 2/4
[36;22m[DEBUG] [39;1msnarkJS[0m: tauG2: fft  18  join: 17/18
[36;22m[DEBUG] [39;1msnarkJS[0m: tauG2: fft 18 join  17/18  2/2 0/8
[36;22m[DEBUG] [39;1msnarkJS[0m: tauG2: fft 18 join  17/18  2/2 2/8
[36;22m[DEBUG] [39;1msnarkJS[0m: tauG2: fft 18 join  17/18  2/2 4/8
[36;22m[DEBUG] [39;1msnarkJS[0m: tauG2: fft 18 join  17/18  1/2 0/8
[36;22m[DEBUG] [39;1msnarkJS[0m: tauG2: fft 18 join  17/18  1/2 4/8
[36;22m[DEBUG] [39;1msnarkJS[0m: tauG2: fft 18 join  17/18  1/2 5/8
[36;22m[DEBUG] [39;1msnarkJS[0m: tauG2: fft 18 join  17/18  2/2 7/8
[36;22m[DEBUG] [39;1msnarkJS[0m: tauG2: fft 18 join  17/18  1/2 6/8
[36;22m[DEBUG] [39;1msnarkJS[0m: tauG2: fft 18 join  17/18  1/2 2/8
[36;22m[DEBUG] [39;1msnarkJS[0m: tauG2: fft 18 join  17/18  2/2 3/8
[36;22m[DEBUG] [39;1msnarkJS[0m: tauG2: fft 18 join  17/18  1/2 1/8
[36;22m[DEBUG] [39;1msnarkJS[0m: tauG2: fft 18 join  17/18  2/2 5/8
[36;22m[DEBUG] [39;1msnarkJS[0m: tauG2: fft 18 join  17/18  1/2 3/8
[36;22m[DEBUG] [39;1msnarkJS[0m: tauG2: fft 18 join  17/18  2/2 1/8
[36;22m[DEBUG] [39;1msnarkJS[0m: tauG2: fft 18 join  17/18  2/2 6/8
[36;22m[DEBUG] [39;1msnarkJS[0m: tauG2: fft 18 join  17/18  1/2 7/8
[36;22m[DEBUG] [39;1msnarkJS[0m: tauG2: fft  18  join: 18/18
[36;22m[DEBUG] [39;1msnarkJS[0m: tauG2: fft 18 join  18/18  1/1 8/16
[36;22m[DEBUG] [39;1msnarkJS[0m: tauG2: fft 18 join  18/18  1/1 2/16
[36;22m[DEBUG] [39;1msnarkJS[0m: tauG2: fft 18 join  18/18  1/1 0/16
[36;22m[DEBUG] [39;1msnarkJS[0m: tauG2: fft 18 join  18/18  1/1 12/16
[36;22m[DEBUG] [39;1msnarkJS[0m: tauG2: fft 18 join  18/18  1/1 4/16
[36;22m[DEBUG] [39;1msnarkJS[0m: tauG2: fft 18 join  18/18  1/1 15/16
[36;22m[DEBUG] [39;1msnarkJS[0m: tauG2: fft 18 join  18/18  1/1 10/16
[36;22m[DEBUG] [39;1msnarkJS[0m: tauG2: fft 18 join  18/18  1/1 5/16
[36;22m[DEBUG] [39;1msnarkJS[0m: tauG2: fft 18 join  18/18  1/1 6/16
[36;22m[DEBUG] [39;1msnarkJS[0m: tauG2: fft 18 join  18/18  1/1 11/16
[36;22m[DEBUG] [39;1msnarkJS[0m: tauG2: fft 18 join  18/18  1/1 3/16
[36;22m[DEBUG] [39;1msnarkJS[0m: tauG2: fft 18 join  18/18  1/1 1/16
[36;22m[DEBUG] [39;1msnarkJS[0m: tauG2: fft 18 join  18/18  1/1 13/16
[36;22m[DEBUG] [39;1msnarkJS[0m: tauG2: fft 18 join  18/18  1/1 9/16
[36;22m[DEBUG] [39;1msnarkJS[0m: tauG2: fft 18 join  18/18  1/1 14/16
[36;22m[DEBUG] [39;1msnarkJS[0m: tauG2: fft 18 join  18/18  1/1 7/16
[36;22m[DEBUG] [39;1msnarkJS[0m: tauG2: fft 19 mix start: 0/32
[36;22m[DEBUG] [39;1msnarkJS[0m: tauG2: fft 19 mix start: 1/32
[36;22m[DEBUG] [39;1msnarkJS[0m: tauG2: fft 19 mix start: 2/32
[36;22m[DEBUG] [39;1msnarkJS[0m: tauG2: fft 19 mix start: 3/32
[36;22m[DEBUG] [39;1msnarkJS[0m: tauG2: fft 19 mix start: 4/32
[36;22m[DEBUG] [39;1msnarkJS[0m: tauG2: fft 19 mix start: 5/32
[36;22m[DEBUG] [39;1msnarkJS[0m: tauG2: fft 19 mix start: 6/32
[36;22m[DEBUG] [39;1msnarkJS[0m: tauG2: fft 19 mix start: 7/32
[36;22m[DEBUG] [39;1msnarkJS[0m: tauG2: fft 19 mix start: 8/32
[36;22m[DEBUG] [39;1msnarkJS[0m: tauG2: fft 19 mix start: 9/32
[36;22m[DEBUG] [39;1msnarkJS[0m: tauG2: fft 19 mix start: 10/32
[36;22m[DEBUG] [39;1msnarkJS[0m: tauG2: fft 19 mix start: 11/32
[36;22m[DEBUG] [39;1msnarkJS[0m: tauG2: fft 19 mix start: 12/32
[36;22m[DEBUG] [39;1msnarkJS[0m: tauG2: fft 19 mix start: 13/32
[36;22m[DEBUG] [39;1msnarkJS[0m: tauG2: fft 19 mix start: 14/32
[36;22m[DEBUG] [39;1msnarkJS[0m: tauG2: fft 19 mix start: 15/32
[36;22m[DEBUG] [39;1msnarkJS[0m: tauG2: fft 19 mix start: 16/32
[36;22m[DEBUG] [39;1msnarkJS[0m: tauG2: fft 19 mix start: 17/32
[36;22m[DEBUG] [39;1msnarkJS[0m: tauG2: fft 19 mix start: 18/32
[36;22m[DEBUG] [39;1msnarkJS[0m: tauG2: fft 19 mix start: 19/32
[36;22m[DEBUG] [39;1msnarkJS[0m: tauG2: fft 19 mix start: 20/32
[36;22m[DEBUG] [39;1msnarkJS[0m: tauG2: fft 19 mix start: 21/32
[36;22m[DEBUG] [39;1msnarkJS[0m: tauG2: fft 19 mix start: 22/32
[36;22m[DEBUG] [39;1msnarkJS[0m: tauG2: fft 19 mix start: 23/32
[36;22m[DEBUG] [39;1msnarkJS[0m: tauG2: fft 19 mix start: 24/32
[36;22m[DEBUG] [39;1msnarkJS[0m: tauG2: fft 19 mix start: 25/32
[36;22m[DEBUG] [39;1msnarkJS[0m: tauG2: fft 19 mix start: 26/32
[36;22m[DEBUG] [39;1msnarkJS[0m: tauG2: fft 19 mix start: 27/32
[36;22m[DEBUG] [39;1msnarkJS[0m: tauG2: fft 19 mix start: 28/32
[36;22m[DEBUG] [39;1msnarkJS[0m: tauG2: fft 19 mix start: 29/32
[36;22m[DEBUG] [39;1msnarkJS[0m: tauG2: fft 19 mix start: 30/32
[36;22m[DEBUG] [39;1msnarkJS[0m: tauG2: fft 19 mix start: 31/32
[36;22m[DEBUG] [39;1msnarkJS[0m: tauG2: fft 19 mix end: 29/32
[36;22m[DEBUG] [39;1msnarkJS[0m: tauG2: fft 19 mix end: 5/32
[36;22m[DEBUG] [39;1msnarkJS[0m: tauG2: fft 19 mix end: 20/32
[36;22m[DEBUG] [39;1msnarkJS[0m: tauG2: fft 19 mix end: 7/32
[36;22m[DEBUG] [39;1msnarkJS[0m: tauG2: fft 19 mix end: 19/32
[36;22m[DEBUG] [39;1msnarkJS[0m: tauG2: fft 19 mix end: 14/32
[36;22m[DEBUG] [39;1msnarkJS[0m: tauG2: fft 19 mix end: 16/32
[36;22m[DEBUG] [39;1msnarkJS[0m: tauG2: fft 19 mix end: 27/32
[36;22m[DEBUG] [39;1msnarkJS[0m: tauG2: fft 19 mix end: 9/32
[36;22m[DEBUG] [39;1msnarkJS[0m: tauG2: fft 19 mix end: 22/32
[36;22m[DEBUG] [39;1msnarkJS[0m: tauG2: fft 19 mix end: 10/32
[36;22m[DEBUG] [39;1msnarkJS[0m: tauG2: fft 19 mix end: 1/32
[36;22m[DEBUG] [39;1msnarkJS[0m: tauG2: fft 19 mix end: 13/32
[36;22m[DEBUG] [39;1msnarkJS[0m: tauG2: fft 19 mix end: 8/32
[36;22m[DEBUG] [39;1msnarkJS[0m: tauG2: fft 19 mix end: 17/32
[36;22m[DEBUG] [39;1msnarkJS[0m: tauG2: fft 19 mix end: 28/32
[36;22m[DEBUG] [39;1msnarkJS[0m: tauG2: fft 19 mix end: 0/32
[36;22m[DEBUG] [39;1msnarkJS[0m: tauG2: fft 19 mix end: 11/32
[36;22m[DEBUG] [39;1msnarkJS[0m: tauG2: fft 19 mix end: 31/32
[36;22m[DEBUG] [39;1msnarkJS[0m: tauG2: fft 19 mix end: 3/32
[36;22m[DEBUG] [39;1msnarkJS[0m: tauG2: fft 19 mix end: 21/32
[36;22m[DEBUG] [39;1msnarkJS[0m: tauG2: fft 19 mix end: 30/32
[36;22m[DEBUG] [39;1msnarkJS[0m: tauG2: fft 19 mix end: 15/32
[36;22m[DEBUG] [39;1msnarkJS[0m: tauG2: fft 19 mix end: 24/32
[36;22m[DEBUG] [39;1msnarkJS[0m: tauG2: fft 19 mix end: 18/32
[36;22m[DEBUG] [39;1msnarkJS[0m: tauG2: fft 19 mix end: 23/32
[36;22m[DEBUG] [39;1msnarkJS[0m: tauG2: fft 19 mix end: 12/32
[36;22m[DEBUG] [39;1msnarkJS[0m: tauG2: fft 19 mix end: 26/32
[36;22m[DEBUG] [39;1msnarkJS[0m: tauG2: fft 19 mix end: 4/32
[36;22m[DEBUG] [39;1msnarkJS[0m: tauG2: fft 19 mix end: 6/32
[36;22m[DEBUG] [39;1msnarkJS[0m: tauG2: fft 19 mix end: 2/32
[36;22m[DEBUG] [39;1msnarkJS[0m: tauG2: fft 19 mix end: 25/32
[36;22m[DEBUG] [39;1msnarkJS[0m: tauG2: fft  19  join: 15/19
[36;22m[DEBUG] [39;1msnarkJS[0m: tauG2: fft 19 join  15/19  3/16 0/1
[36;22m[DEBUG] [39;1msnarkJS[0m: tauG2: fft 19 join  15/19  4/16 0/1
[36;22m[DEBUG] [39;1msnarkJS[0m: tauG2: fft 19 join  15/19  11/16 0/1
[36;22m[DEBUG] [39;1msnarkJS[0m: tauG2: fft 19 join  15/19  6/16 0/1
[36;22m[DEBUG] [39;1msnarkJS[0m: tauG2: fft 19 join  15/19  5/16 0/1
[36;22m[DEBUG] [39;1msnarkJS[0m: tauG2: fft 19 join  15/19  13/16 0/1
[36;22m[DEBUG] [39;1msnarkJS[0m: tauG2: fft 19 join  15/19  7/16 0/1
[36;22m[DEBUG] [39;1msnarkJS[0m: tauG2: fft 19 join  15/19  2/16 0/1
[36;22m[DEBUG] [39;1msnarkJS[0m: tauG2: fft 19 join  15/19  12/16 0/1
[36;22m[DEBUG] [39;1msnarkJS[0m: tauG2: fft 19 join  15/19  1/16 0/1
[36;22m[DEBUG] [39;1msnarkJS[0m: tauG2: fft 19 join  15/19  9/16 0/1
[36;22m[DEBUG] [39;1msnarkJS[0m: tauG2: fft 19 join  15/19  16/16 0/1
[36;22m[DEBUG] [39;1msnarkJS[0m: tauG2: fft 19 join  15/19  10/16 0/1
[36;22m[DEBUG] [39;1msnarkJS[0m: tauG2: fft 19 join  15/19  14/16 0/1
[36;22m[DEBUG] [39;1msnarkJS[0m: tauG2: fft 19 join  15/19  15/16 0/1
[36;22m[DEBUG] [39;1msnarkJS[0m: tauG2: fft 19 join  15/19  8/16 0/1
[36;22m[DEBUG] [39;1msnarkJS[0m: tauG2: fft  19  join: 16/19
[36;22m[DEBUG] [39;1msnarkJS[0m: tauG2: fft 19 join  16/19  2/8 1/2
[36;22m[DEBUG] [39;1msnarkJS[0m: tauG2: fft 19 join  16/19  2/8 0/2
[36;22m[DEBUG] [39;1msnarkJS[0m: tauG2: fft 19 join  16/19  1/8 1/2
[36;22m[DEBUG] [39;1msnarkJS[0m: tauG2: fft 19 join  16/19  6/8 0/2
[36;22m[DEBUG] [39;1msnarkJS[0m: tauG2: fft 19 join  16/19  3/8 0/2
[36;22m[DEBUG] [39;1msnarkJS[0m: tauG2: fft 19 join  16/19  1/8 0/2
[36;22m[DEBUG] [39;1msnarkJS[0m: tauG2: fft 19 join  16/19  6/8 1/2
[36;22m[DEBUG] [39;1msnarkJS[0m: tauG2: fft 19 join  16/19  4/8 0/2
[36;22m[DEBUG] [39;1msnarkJS[0m: tauG2: fft 19 join  16/19  5/8 0/2
[36;22m[DEBUG] [39;1msnarkJS[0m: tauG2: fft 19 join  16/19  8/8 1/2
[36;22m[DEBUG] [39;1msnarkJS[0m: tauG2: fft 19 join  16/19  3/8 1/2
[36;22m[DEBUG] [39;1msnarkJS[0m: tauG2: fft 19 join  16/19  7/8 1/2
[36;22m[DEBUG] [39;1msnarkJS[0m: tauG2: fft 19 join  16/19  5/8 1/2
[36;22m[DEBUG] [39;1msnarkJS[0m: tauG2: fft 19 join  16/19  7/8 0/2
[36;22m[DEBUG] [39;1msnarkJS[0m: tauG2: fft 19 join  16/19  4/8 1/2
[36;22m[DEBUG] [39;1msnarkJS[0m: tauG2: fft 19 join  16/19  8/8 0/2
[36;22m[DEBUG] [39;1msnarkJS[0m: tauG2: fft  19  join: 17/19
[36;22m[DEBUG] [39;1msnarkJS[0m: tauG2: fft 19 join  17/19  1/4 3/4
[36;22m[DEBUG] [39;1msnarkJS[0m: tauG2: fft 19 join  17/19  1/4 0/4
[36;22m[DEBUG] [39;1msnarkJS[0m: tauG2: fft 19 join  17/19  1/4 1/4
[36;22m[DEBUG] [39;1msnarkJS[0m: tauG2: fft 19 join  17/19  3/4 2/4
[36;22m[DEBUG] [39;1msnarkJS[0m: tauG2: fft 19 join  17/19  2/4 2/4
[36;22m[DEBUG] [39;1msnarkJS[0m: tauG2: fft 19 join  17/19  3/4 3/4
[36;22m[DEBUG] [39;1msnarkJS[0m: tauG2: fft 19 join  17/19  4/4 3/4
[36;22m[DEBUG] [39;1msnarkJS[0m: tauG2: fft 19 join  17/19  1/4 2/4
[36;22m[DEBUG] [39;1msnarkJS[0m: tauG2: fft 19 join  17/19  2/4 0/4
[36;22m[DEBUG] [39;1msnarkJS[0m: tauG2: fft 19 join  17/19  4/4 0/4
[36;22m[DEBUG] [39;1msnarkJS[0m: tauG2: fft 19 join  17/19  3/4 0/4
[36;22m[DEBUG] [39;1msnarkJS[0m: tauG2: fft 19 join  17/19  2/4 1/4
[36;22m[DEBUG] [39;1msnarkJS[0m: tauG2: fft 19 join  17/19  3/4 1/4
[36;22m[DEBUG] [39;1msnarkJS[0m: tauG2: fft 19 join  17/19  4/4 1/4
[36;22m[DEBUG] [39;1msnarkJS[0m: tauG2: fft 19 join  17/19  4/4 2/4
[36;22m[DEBUG] [39;1msnarkJS[0m: tauG2: fft 19 join  17/19  2/4 3/4
[36;22m[DEBUG] [39;1msnarkJS[0m: tauG2: fft  19  join: 18/19
[36;22m[DEBUG] [39;1msnarkJS[0m: tauG2: fft 19 join  18/19  1/2 0/8
[36;22m[DEBUG] [39;1msnarkJS[0m: tauG2: fft 19 join  18/19  1/2 1/8
[36;22m[DEBUG] [39;1msnarkJS[0m: tauG2: fft 19 join  18/19  1/2 6/8
[36;22m[DEBUG] [39;1msnarkJS[0m: tauG2: fft 19 join  18/19  2/2 2/8
[36;22m[DEBUG] [39;1msnarkJS[0m: tauG2: fft 19 join  18/19  1/2 3/8
[36;22m[DEBUG] [39;1msnarkJS[0m: tauG2: fft 19 join  18/19  2/2 7/8
[36;22m[DEBUG] [39;1msnarkJS[0m: tauG2: fft 19 join  18/19  2/2 3/8
[36;22m[DEBUG] [39;1msnarkJS[0m: tauG2: fft 19 join  18/19  1/2 2/8
[36;22m[DEBUG] [39;1msnarkJS[0m: tauG2: fft 19 join  18/19  1/2 4/8
[36;22m[DEBUG] [39;1msnarkJS[0m: tauG2: fft 19 join  18/19  1/2 5/8
[36;22m[DEBUG] [39;1msnarkJS[0m: tauG2: fft 19 join  18/19  2/2 0/8
[36;22m[DEBUG] [39;1msnarkJS[0m: tauG2: fft 19 join  18/19  2/2 4/8
[36;22m[DEBUG] [39;1msnarkJS[0m: tauG2: fft 19 join  18/19  2/2 1/8
[36;22m[DEBUG] [39;1msnarkJS[0m: tauG2: fft 19 join  18/19  2/2 5/8
[36;22m[DEBUG] [39;1msnarkJS[0m: tauG2: fft 19 join  18/19  2/2 6/8
[36;22m[DEBUG] [39;1msnarkJS[0m: tauG2: fft 19 join  18/19  1/2 7/8
[36;22m[DEBUG] [39;1msnarkJS[0m: tauG2: fft  19  join: 19/19
[36;22m[DEBUG] [39;1msnarkJS[0m: tauG2: fft 19 join  19/19  1/1 10/16
[36;22m[DEBUG] [39;1msnarkJS[0m: tauG2: fft 19 join  19/19  1/1 3/16
[36;22m[DEBUG] [39;1msnarkJS[0m: tauG2: fft 19 join  19/19  1/1 1/16
[36;22m[DEBUG] [39;1msnarkJS[0m: tauG2: fft 19 join  19/19  1/1 0/16
[36;22m[DEBUG] [39;1msnarkJS[0m: tauG2: fft 19 join  19/19  1/1 11/16
[36;22m[DEBUG] [39;1msnarkJS[0m: tauG2: fft 19 join  19/19  1/1 6/16
[36;22m[DEBUG] [39;1msnarkJS[0m: tauG2: fft 19 join  19/19  1/1 2/16
[36;22m[DEBUG] [39;1msnarkJS[0m: tauG2: fft 19 join  19/19  1/1 4/16
[36;22m[DEBUG] [39;1msnarkJS[0m: tauG2: fft 19 join  19/19  1/1 12/16
[36;22m[DEBUG] [39;1msnarkJS[0m: tauG2: fft 19 join  19/19  1/1 5/16
[36;22m[DEBUG] [39;1msnarkJS[0m: tauG2: fft 19 join  19/19  1/1 9/16
[36;22m[DEBUG] [39;1msnarkJS[0m: tauG2: fft 19 join  19/19  1/1 13/16
[36;22m[DEBUG] [39;1msnarkJS[0m: tauG2: fft 19 join  19/19  1/1 14/16
[36;22m[DEBUG] [39;1msnarkJS[0m: tauG2: fft 19 join  19/19  1/1 7/16
[36;22m[DEBUG] [39;1msnarkJS[0m: tauG2: fft 19 join  19/19  1/1 15/16
[36;22m[DEBUG] [39;1msnarkJS[0m: tauG2: fft 19 join  19/19  1/1 8/16
[36;22m[DEBUG] [39;1msnarkJS[0m: tauG2: fft 20 mix start: 0/64
[36;22m[DEBUG] [39;1msnarkJS[0m: tauG2: fft 20 mix start: 1/64
[36;22m[DEBUG] [39;1msnarkJS[0m: tauG2: fft 20 mix start: 2/64
[36;22m[DEBUG] [39;1msnarkJS[0m: tauG2: fft 20 mix start: 3/64
[36;22m[DEBUG] [39;1msnarkJS[0m: tauG2: fft 20 mix start: 4/64
[36;22m[DEBUG] [39;1msnarkJS[0m: tauG2: fft 20 mix start: 5/64
[36;22m[DEBUG] [39;1msnarkJS[0m: tauG2: fft 20 mix start: 6/64
[36;22m[DEBUG] [39;1msnarkJS[0m: tauG2: fft 20 mix start: 7/64
[36;22m[DEBUG] [39;1msnarkJS[0m: tauG2: fft 20 mix start: 8/64
[36;22m[DEBUG] [39;1msnarkJS[0m: tauG2: fft 20 mix start: 9/64
[36;22m[DEBUG] [39;1msnarkJS[0m: tauG2: fft 20 mix start: 10/64
[36;22m[DEBUG] [39;1msnarkJS[0m: tauG2: fft 20 mix start: 11/64
[36;22m[DEBUG] [39;1msnarkJS[0m: tauG2: fft 20 mix start: 12/64
[36;22m[DEBUG] [39;1msnarkJS[0m: tauG2: fft 20 mix start: 13/64
[36;22m[DEBUG] [39;1msnarkJS[0m: tauG2: fft 20 mix start: 14/64
[36;22m[DEBUG] [39;1msnarkJS[0m: tauG2: fft 20 mix start: 15/64
[36;22m[DEBUG] [39;1msnarkJS[0m: tauG2: fft 20 mix start: 16/64
[36;22m[DEBUG] [39;1msnarkJS[0m: tauG2: fft 20 mix start: 17/64
[36;22m[DEBUG] [39;1msnarkJS[0m: tauG2: fft 20 mix start: 18/64
[36;22m[DEBUG] [39;1msnarkJS[0m: tauG2: fft 20 mix start: 19/64
[36;22m[DEBUG] [39;1msnarkJS[0m: tauG2: fft 20 mix start: 20/64
[36;22m[DEBUG] [39;1msnarkJS[0m: tauG2: fft 20 mix start: 21/64
[36;22m[DEBUG] [39;1msnarkJS[0m: tauG2: fft 20 mix start: 22/64
[36;22m[DEBUG] [39;1msnarkJS[0m: tauG2: fft 20 mix start: 23/64
[36;22m[DEBUG] [39;1msnarkJS[0m: tauG2: fft 20 mix start: 24/64
[36;22m[DEBUG] [39;1msnarkJS[0m: tauG2: fft 20 mix start: 25/64
[36;22m[DEBUG] [39;1msnarkJS[0m: tauG2: fft 20 mix start: 26/64
[36;22m[DEBUG] [39;1msnarkJS[0m: tauG2: fft 20 mix start: 27/64
[36;22m[DEBUG] [39;1msnarkJS[0m: tauG2: fft 20 mix start: 28/64
[36;22m[DEBUG] [39;1msnarkJS[0m: tauG2: fft 20 mix start: 29/64
[36;22m[DEBUG] [39;1msnarkJS[0m: tauG2: fft 20 mix start: 30/64
[36;22m[DEBUG] [39;1msnarkJS[0m: tauG2: fft 20 mix start: 31/64
[36;22m[DEBUG] [39;1msnarkJS[0m: tauG2: fft 20 mix start: 32/64
[36;22m[DEBUG] [39;1msnarkJS[0m: tauG2: fft 20 mix start: 33/64
[36;22m[DEBUG] [39;1msnarkJS[0m: tauG2: fft 20 mix start: 34/64
[36;22m[DEBUG] [39;1msnarkJS[0m: tauG2: fft 20 mix start: 35/64
[36;22m[DEBUG] [39;1msnarkJS[0m: tauG2: fft 20 mix start: 36/64
[36;22m[DEBUG] [39;1msnarkJS[0m: tauG2: fft 20 mix start: 37/64
[36;22m[DEBUG] [39;1msnarkJS[0m: tauG2: fft 20 mix start: 38/64
[36;22m[DEBUG] [39;1msnarkJS[0m: tauG2: fft 20 mix start: 39/64
[36;22m[DEBUG] [39;1msnarkJS[0m: tauG2: fft 20 mix start: 40/64
[36;22m[DEBUG] [39;1msnarkJS[0m: tauG2: fft 20 mix start: 41/64
[36;22m[DEBUG] [39;1msnarkJS[0m: tauG2: fft 20 mix start: 42/64
[36;22m[DEBUG] [39;1msnarkJS[0m: tauG2: fft 20 mix start: 43/64
[36;22m[DEBUG] [39;1msnarkJS[0m: tauG2: fft 20 mix start: 44/64
[36;22m[DEBUG] [39;1msnarkJS[0m: tauG2: fft 20 mix start: 45/64
[36;22m[DEBUG] [39;1msnarkJS[0m: tauG2: fft 20 mix start: 46/64
[36;22m[DEBUG] [39;1msnarkJS[0m: tauG2: fft 20 mix start: 47/64
[36;22m[DEBUG] [39;1msnarkJS[0m: tauG2: fft 20 mix start: 48/64
[36;22m[DEBUG] [39;1msnarkJS[0m: tauG2: fft 20 mix start: 49/64
[36;22m[DEBUG] [39;1msnarkJS[0m: tauG2: fft 20 mix start: 50/64
[36;22m[DEBUG] [39;1msnarkJS[0m: tauG2: fft 20 mix start: 51/64
[36;22m[DEBUG] [39;1msnarkJS[0m: tauG2: fft 20 mix start: 52/64
[36;22m[DEBUG] [39;1msnarkJS[0m: tauG2: fft 20 mix start: 53/64
[36;22m[DEBUG] [39;1msnarkJS[0m: tauG2: fft 20 mix start: 54/64
[36;22m[DEBUG] [39;1msnarkJS[0m: tauG2: fft 20 mix start: 55/64
[36;22m[DEBUG] [39;1msnarkJS[0m: tauG2: fft 20 mix start: 56/64
[36;22m[DEBUG] [39;1msnarkJS[0m: tauG2: fft 20 mix start: 57/64
[36;22m[DEBUG] [39;1msnarkJS[0m: tauG2: fft 20 mix start: 58/64
[36;22m[DEBUG] [39;1msnarkJS[0m: tauG2: fft 20 mix start: 59/64
[36;22m[DEBUG] [39;1msnarkJS[0m: tauG2: fft 20 mix start: 60/64
[36;22m[DEBUG] [39;1msnarkJS[0m: tauG2: fft 20 mix start: 61/64
[36;22m[DEBUG] [39;1msnarkJS[0m: tauG2: fft 20 mix start: 62/64
[36;22m[DEBUG] [39;1msnarkJS[0m: tauG2: fft 20 mix start: 63/64
[36;22m[DEBUG] [39;1msnarkJS[0m: tauG2: fft 20 mix end: 16/64
[36;22m[DEBUG] [39;1msnarkJS[0m: tauG2: fft 20 mix end: 26/64
[36;22m[DEBUG] [39;1msnarkJS[0m: tauG2: fft 20 mix end: 24/64
[36;22m[DEBUG] [39;1msnarkJS[0m: tauG2: fft 20 mix end: 23/64
[36;22m[DEBUG] [39;1msnarkJS[0m: tauG2: fft 20 mix end: 28/64
[36;22m[DEBUG] [39;1msnarkJS[0m: tauG2: fft 20 mix end: 11/64
[36;22m[DEBUG] [39;1msnarkJS[0m: tauG2: fft 20 mix end: 9/64
[36;22m[DEBUG] [39;1msnarkJS[0m: tauG2: fft 20 mix end: 4/64
[36;22m[DEBUG] [39;1msnarkJS[0m: tauG2: fft 20 mix end: 27/64
[36;22m[DEBUG] [39;1msnarkJS[0m: tauG2: fft 20 mix end: 25/64
[36;22m[DEBUG] [39;1msnarkJS[0m: tauG2: fft 20 mix end: 2/64
[36;22m[DEBUG] [39;1msnarkJS[0m: tauG2: fft 20 mix end: 7/64
[36;22m[DEBUG] [39;1msnarkJS[0m: tauG2: fft 20 mix end: 20/64
[36;22m[DEBUG] [39;1msnarkJS[0m: tauG2: fft 20 mix end: 5/64
[36;22m[DEBUG] [39;1msnarkJS[0m: tauG2: fft 20 mix end: 31/64
[36;22m[DEBUG] [39;1msnarkJS[0m: tauG2: fft 20 mix end: 15/64
[36;22m[DEBUG] [39;1msnarkJS[0m: tauG2: fft 20 mix end: 10/64
[36;22m[DEBUG] [39;1msnarkJS[0m: tauG2: fft 20 mix end: 12/64
[36;22m[DEBUG] [39;1msnarkJS[0m: tauG2: fft 20 mix end: 17/64
[36;22m[DEBUG] [39;1msnarkJS[0m: tauG2: fft 20 mix end: 0/64
[36;22m[DEBUG] [39;1msnarkJS[0m: tauG2: fft 20 mix end: 19/64
[36;22m[DEBUG] [39;1msnarkJS[0m: tauG2: fft 20 mix end: 18/64
[36;22m[DEBUG] [39;1msnarkJS[0m: tauG2: fft 20 mix end: 29/64
[36;22m[DEBUG] [39;1msnarkJS[0m: tauG2: fft 20 mix end: 1/64
[36;22m[DEBUG] [39;1msnarkJS[0m: tauG2: fft 20 mix end: 13/64
[36;22m[DEBUG] [39;1msnarkJS[0m: tauG2: fft 20 mix end: 22/64
[36;22m[DEBUG] [39;1msnarkJS[0m: tauG2: fft 20 mix end: 21/64
[36;22m[DEBUG] [39;1msnarkJS[0m: tauG2: fft 20 mix end: 30/64
[36;22m[DEBUG] [39;1msnarkJS[0m: tauG2: fft 20 mix end: 6/64
[36;22m[DEBUG] [39;1msnarkJS[0m: tauG2: fft 20 mix end: 3/64
[36;22m[DEBUG] [39;1msnarkJS[0m: tauG2: fft 20 mix end: 8/64
[36;22m[DEBUG] [39;1msnarkJS[0m: tauG2: fft 20 mix end: 14/64
[36;22m[DEBUG] [39;1msnarkJS[0m: tauG2: fft 20 mix end: 34/64
[36;22m[DEBUG] [39;1msnarkJS[0m: tauG2: fft 20 mix end: 32/64
[36;22m[DEBUG] [39;1msnarkJS[0m: tauG2: fft 20 mix end: 33/64
[36;22m[DEBUG] [39;1msnarkJS[0m: tauG2: fft 20 mix end: 38/64
[36;22m[DEBUG] [39;1msnarkJS[0m: tauG2: fft 20 mix end: 36/64
[36;22m[DEBUG] [39;1msnarkJS[0m: tauG2: fft 20 mix end: 37/64
[36;22m[DEBUG] [39;1msnarkJS[0m: tauG2: fft 20 mix end: 35/64
[36;22m[DEBUG] [39;1msnarkJS[0m: tauG2: fft 20 mix end: 53/64
[36;22m[DEBUG] [39;1msnarkJS[0m: tauG2: fft 20 mix end: 40/64
[36;22m[DEBUG] [39;1msnarkJS[0m: tauG2: fft 20 mix end: 48/64
[36;22m[DEBUG] [39;1msnarkJS[0m: tauG2: fft 20 mix end: 49/64
[36;22m[DEBUG] [39;1msnarkJS[0m: tauG2: fft 20 mix end: 54/64
[36;22m[DEBUG] [39;1msnarkJS[0m: tauG2: fft 20 mix end: 52/64
[36;22m[DEBUG] [39;1msnarkJS[0m: tauG2: fft 20 mix end: 42/64
[36;22m[DEBUG] [39;1msnarkJS[0m: tauG2: fft 20 mix end: 61/64
[36;22m[DEBUG] [39;1msnarkJS[0m: tauG2: fft 20 mix end: 39/64
[36;22m[DEBUG] [39;1msnarkJS[0m: tauG2: fft 20 mix end: 55/64
[36;22m[DEBUG] [39;1msnarkJS[0m: tauG2: fft 20 mix end: 44/64
[36;22m[DEBUG] [39;1msnarkJS[0m: tauG2: fft 20 mix end: 62/64
[36;22m[DEBUG] [39;1msnarkJS[0m: tauG2: fft 20 mix end: 43/64
[36;22m[DEBUG] [39;1msnarkJS[0m: tauG2: fft 20 mix end: 45/64
[36;22m[DEBUG] [39;1msnarkJS[0m: tauG2: fft 20 mix end: 46/64
[36;22m[DEBUG] [39;1msnarkJS[0m: tauG2: fft 20 mix end: 41/64
[36;22m[DEBUG] [39;1msnarkJS[0m: tauG2: fft 20 mix end: 60/64
[36;22m[DEBUG] [39;1msnarkJS[0m: tauG2: fft 20 mix end: 51/64
[36;22m[DEBUG] [39;1msnarkJS[0m: tauG2: fft 20 mix end: 56/64
[36;22m[DEBUG] [39;1msnarkJS[0m: tauG2: fft 20 mix end: 47/64
[36;22m[DEBUG] [39;1msnarkJS[0m: tauG2: fft 20 mix end: 50/64
[36;22m[DEBUG] [39;1msnarkJS[0m: tauG2: fft 20 mix end: 57/64
[36;22m[DEBUG] [39;1msnarkJS[0m: tauG2: fft 20 mix end: 58/64
[36;22m[DEBUG] [39;1msnarkJS[0m: tauG2: fft 20 mix end: 59/64
[36;22m[DEBUG] [39;1msnarkJS[0m: tauG2: fft 20 mix end: 63/64
[36;22m[DEBUG] [39;1msnarkJS[0m: tauG2: fft  20  join: 15/20
[36;22m[DEBUG] [39;1msnarkJS[0m: tauG2: fft 20 join  15/20  7/32 0/1
[36;22m[DEBUG] [39;1msnarkJS[0m: tauG2: fft 20 join  15/20  3/32 0/1
[36;22m[DEBUG] [39;1msnarkJS[0m: tauG2: fft 20 join  15/20  5/32 0/1
[36;22m[DEBUG] [39;1msnarkJS[0m: tauG2: fft 20 join  15/20  27/32 0/1
[36;22m[DEBUG] [39;1msnarkJS[0m: tauG2: fft 20 join  15/20  4/32 0/1
[36;22m[DEBUG] [39;1msnarkJS[0m: tauG2: fft 20 join  15/20  21/32 0/1
[36;22m[DEBUG] [39;1msnarkJS[0m: tauG2: fft 20 join  15/20  25/32 0/1
[36;22m[DEBUG] [39;1msnarkJS[0m: tauG2: fft 20 join  15/20  16/32 0/1
[36;22m[DEBUG] [39;1msnarkJS[0m: tauG2: fft 20 join  15/20  12/32 0/1
[36;22m[DEBUG] [39;1msnarkJS[0m: tauG2: fft 20 join  15/20  1/32 0/1
[36;22m[DEBUG] [39;1msnarkJS[0m: tauG2: fft 20 join  15/20  23/32 0/1
[36;22m[DEBUG] [39;1msnarkJS[0m: tauG2: fft 20 join  15/20  19/32 0/1
[36;22m[DEBUG] [39;1msnarkJS[0m: tauG2: fft 20 join  15/20  6/32 0/1
[36;22m[DEBUG] [39;1msnarkJS[0m: tauG2: fft 20 join  15/20  26/32 0/1
[36;22m[DEBUG] [39;1msnarkJS[0m: tauG2: fft 20 join  15/20  31/32 0/1
[36;22m[DEBUG] [39;1msnarkJS[0m: tauG2: fft 20 join  15/20  10/32 0/1
[36;22m[DEBUG] [39;1msnarkJS[0m: tauG2: fft 20 join  15/20  30/32 0/1
[36;22m[DEBUG] [39;1msnarkJS[0m: tauG2: fft 20 join  15/20  9/32 0/1
[36;22m[DEBUG] [39;1msnarkJS[0m: tauG2: fft 20 join  15/20  11/32 0/1
[36;22m[DEBUG] [39;1msnarkJS[0m: tauG2: fft 20 join  15/20  28/32 0/1
[36;22m[DEBUG] [39;1msnarkJS[0m: tauG2: fft 20 join  15/20  13/32 0/1
[36;22m[DEBUG] [39;1msnarkJS[0m: tauG2: fft 20 join  15/20  20/32 0/1
[36;22m[DEBUG] [39;1msnarkJS[0m: tauG2: fft 20 join  15/20  15/32 0/1
[36;22m[DEBUG] [39;1msnarkJS[0m: tauG2: fft 20 join  15/20  22/32 0/1
[36;22m[DEBUG] [39;1msnarkJS[0m: tauG2: fft 20 join  15/20  2/32 0/1
[36;22m[DEBUG] [39;1msnarkJS[0m: tauG2: fft 20 join  15/20  17/32 0/1
[36;22m[DEBUG] [39;1msnarkJS[0m: tauG2: fft 20 join  15/20  24/32 0/1
[36;22m[DEBUG] [39;1msnarkJS[0m: tauG2: fft 20 join  15/20  32/32 0/1
[36;22m[DEBUG] [39;1msnarkJS[0m: tauG2: fft 20 join  15/20  14/32 0/1
[36;22m[DEBUG] [39;1msnarkJS[0m: tauG2: fft 20 join  15/20  18/32 0/1
[36;22m[DEBUG] [39;1msnarkJS[0m: tauG2: fft 20 join  15/20  8/32 0/1
[36;22m[DEBUG] [39;1msnarkJS[0m: tauG2: fft 20 join  15/20  29/32 0/1
[36;22m[DEBUG] [39;1msnarkJS[0m: tauG2: fft  20  join: 16/20
[36;22m[DEBUG] [39;1msnarkJS[0m: tauG2: fft 20 join  16/20  4/16 0/2
[36;22m[DEBUG] [39;1msnarkJS[0m: tauG2: fft 20 join  16/20  2/16 0/2
[36;22m[DEBUG] [39;1msnarkJS[0m: tauG2: fft 20 join  16/20  9/16 0/2
[36;22m[DEBUG] [39;1msnarkJS[0m: tauG2: fft 20 join  16/20  6/16 1/2
[36;22m[DEBUG] [39;1msnarkJS[0m: tauG2: fft 20 join  16/20  6/16 0/2
[36;22m[DEBUG] [39;1msnarkJS[0m: tauG2: fft 20 join  16/20  5/16 1/2
[36;22m[DEBUG] [39;1msnarkJS[0m: tauG2: fft 20 join  16/20  13/16 0/2
[36;22m[DEBUG] [39;1msnarkJS[0m: tauG2: fft 20 join  16/20  15/16 1/2
[36;22m[DEBUG] [39;1msnarkJS[0m: tauG2: fft 20 join  16/20  14/16 1/2
[36;22m[DEBUG] [39;1msnarkJS[0m: tauG2: fft 20 join  16/20  12/16 0/2
[36;22m[DEBUG] [39;1msnarkJS[0m: tauG2: fft 20 join  16/20  2/16 1/2
[36;22m[DEBUG] [39;1msnarkJS[0m: tauG2: fft 20 join  16/20  14/16 0/2
[36;22m[DEBUG] [39;1msnarkJS[0m: tauG2: fft 20 join  16/20  15/16 0/2
[36;22m[DEBUG] [39;1msnarkJS[0m: tauG2: fft 20 join  16/20  4/16 1/2
[36;22m[DEBUG] [39;1msnarkJS[0m: tauG2: fft 20 join  16/20  1/16 0/2
[36;22m[DEBUG] [39;1msnarkJS[0m: tauG2: fft 20 join  16/20  3/16 0/2
[36;22m[DEBUG] [39;1msnarkJS[0m: tauG2: fft 20 join  16/20  10/16 0/2
[36;22m[DEBUG] [39;1msnarkJS[0m: tauG2: fft 20 join  16/20  7/16 0/2
[36;22m[DEBUG] [39;1msnarkJS[0m: tauG2: fft 20 join  16/20  8/16 1/2
[36;22m[DEBUG] [39;1msnarkJS[0m: tauG2: fft 20 join  16/20  12/16 1/2
[36;22m[DEBUG] [39;1msnarkJS[0m: tauG2: fft 20 join  16/20  13/16 1/2
[36;22m[DEBUG] [39;1msnarkJS[0m: tauG2: fft 20 join  16/20  11/16 1/2
[36;22m[DEBUG] [39;1msnarkJS[0m: tauG2: fft 20 join  16/20  8/16 0/2
[36;22m[DEBUG] [39;1msnarkJS[0m: tauG2: fft 20 join  16/20  9/16 1/2
[36;22m[DEBUG] [39;1msnarkJS[0m: tauG2: fft 20 join  16/20  3/16 1/2
[36;22m[DEBUG] [39;1msnarkJS[0m: tauG2: fft 20 join  16/20  1/16 1/2
[36;22m[DEBUG] [39;1msnarkJS[0m: tauG2: fft 20 join  16/20  16/16 0/2
[36;22m[DEBUG] [39;1msnarkJS[0m: tauG2: fft 20 join  16/20  16/16 1/2
[36;22m[DEBUG] [39;1msnarkJS[0m: tauG2: fft 20 join  16/20  7/16 1/2
[36;22m[DEBUG] [39;1msnarkJS[0m: tauG2: fft 20 join  16/20  5/16 0/2
[36;22m[DEBUG] [39;1msnarkJS[0m: tauG2: fft 20 join  16/20  10/16 1/2
[36;22m[DEBUG] [39;1msnarkJS[0m: tauG2: fft 20 join  16/20  11/16 0/2
[36;22m[DEBUG] [39;1msnarkJS[0m: tauG2: fft  20  join: 17/20
[36;22m[DEBUG] [39;1msnarkJS[0m: tauG2: fft 20 join  17/20  2/8 2/4
[36;22m[DEBUG] [39;1msnarkJS[0m: tauG2: fft 20 join  17/20  6/8 1/4
[36;22m[DEBUG] [39;1msnarkJS[0m: tauG2: fft 20 join  17/20  1/8 2/4
[36;22m[DEBUG] [39;1msnarkJS[0m: tauG2: fft 20 join  17/20  1/8 1/4
[36;22m[DEBUG] [39;1msnarkJS[0m: tauG2: fft 20 join  17/20  1/8 3/4
[36;22m[DEBUG] [39;1msnarkJS[0m: tauG2: fft 20 join  17/20  8/8 2/4
[36;22m[DEBUG] [39;1msnarkJS[0m: tauG2: fft 20 join  17/20  7/8 1/4
[36;22m[DEBUG] [39;1msnarkJS[0m: tauG2: fft 20 join  17/20  3/8 1/4
[36;22m[DEBUG] [39;1msnarkJS[0m: tauG2: fft 20 join  17/20  7/8 3/4
[36;22m[DEBUG] [39;1msnarkJS[0m: tauG2: fft 20 join  17/20  7/8 0/4
[36;22m[DEBUG] [39;1msnarkJS[0m: tauG2: fft 20 join  17/20  5/8 3/4
[36;22m[DEBUG] [39;1msnarkJS[0m: tauG2: fft 20 join  17/20  8/8 3/4
[36;22m[DEBUG] [39;1msnarkJS[0m: tauG2: fft 20 join  17/20  6/8 0/4
[36;22m[DEBUG] [39;1msnarkJS[0m: tauG2: fft 20 join  17/20  5/8 1/4
[36;22m[DEBUG] [39;1msnarkJS[0m: tauG2: fft 20 join  17/20  1/8 0/4
[36;22m[DEBUG] [39;1msnarkJS[0m: tauG2: fft 20 join  17/20  4/8 0/4
[36;22m[DEBUG] [39;1msnarkJS[0m: tauG2: fft 20 join  17/20  5/8 2/4
[36;22m[DEBUG] [39;1msnarkJS[0m: tauG2: fft 20 join  17/20  5/8 0/4
[36;22m[DEBUG] [39;1msnarkJS[0m: tauG2: fft 20 join  17/20  6/8 2/4
[36;22m[DEBUG] [39;1msnarkJS[0m: tauG2: fft 20 join  17/20  4/8 3/4
[36;22m[DEBUG] [39;1msnarkJS[0m: tauG2: fft 20 join  17/20  3/8 0/4
[36;22m[DEBUG] [39;1msnarkJS[0m: tauG2: fft 20 join  17/20  7/8 2/4
[36;22m[DEBUG] [39;1msnarkJS[0m: tauG2: fft 20 join  17/20  2/8 1/4
[36;22m[DEBUG] [39;1msnarkJS[0m: tauG2: fft 20 join  17/20  8/8 1/4
[36;22m[DEBUG] [39;1msnarkJS[0m: tauG2: fft 20 join  17/20  2/8 0/4
[36;22m[DEBUG] [39;1msnarkJS[0m: tauG2: fft 20 join  17/20  6/8 3/4
[36;22m[DEBUG] [39;1msnarkJS[0m: tauG2: fft 20 join  17/20  8/8 0/4
[36;22m[DEBUG] [39;1msnarkJS[0m: tauG2: fft 20 join  17/20  4/8 1/4
[36;22m[DEBUG] [39;1msnarkJS[0m: tauG2: fft 20 join  17/20  3/8 3/4
[36;22m[DEBUG] [39;1msnarkJS[0m: tauG2: fft 20 join  17/20  4/8 2/4
[36;22m[DEBUG] [39;1msnarkJS[0m: tauG2: fft 20 join  17/20  3/8 2/4
[36;22m[DEBUG] [39;1msnarkJS[0m: tauG2: fft 20 join  17/20  2/8 3/4
[36;22m[DEBUG] [39;1msnarkJS[0m: tauG2: fft  20  join: 18/20
[36;22m[DEBUG] [39;1msnarkJS[0m: tauG2: fft 20 join  18/20  1/4 6/8
[36;22m[DEBUG] [39;1msnarkJS[0m: tauG2: fft 20 join  18/20  4/4 1/8
[36;22m[DEBUG] [39;1msnarkJS[0m: tauG2: fft 20 join  18/20  3/4 0/8
[36;22m[DEBUG] [39;1msnarkJS[0m: tauG2: fft 20 join  18/20  3/4 4/8
[36;22m[DEBUG] [39;1msnarkJS[0m: tauG2: fft 20 join  18/20  1/4 3/8
[36;22m[DEBUG] [39;1msnarkJS[0m: tauG2: fft 20 join  18/20  1/4 5/8
[36;22m[DEBUG] [39;1msnarkJS[0m: tauG2: fft 20 join  18/20  2/4 4/8
[36;22m[DEBUG] [39;1msnarkJS[0m: tauG2: fft 20 join  18/20  4/4 7/8
[36;22m[DEBUG] [39;1msnarkJS[0m: tauG2: fft 20 join  18/20  1/4 1/8
[36;22m[DEBUG] [39;1msnarkJS[0m: tauG2: fft 20 join  18/20  2/4 0/8
[36;22m[DEBUG] [39;1msnarkJS[0m: tauG2: fft 20 join  18/20  1/4 7/8
[36;22m[DEBUG] [39;1msnarkJS[0m: tauG2: fft 20 join  18/20  4/4 2/8
[36;22m[DEBUG] [39;1msnarkJS[0m: tauG2: fft 20 join  18/20  4/4 5/8
[36;22m[DEBUG] [39;1msnarkJS[0m: tauG2: fft 20 join  18/20  4/4 3/8
[36;22m[DEBUG] [39;1msnarkJS[0m: tauG2: fft 20 join  18/20  3/4 5/8
[36;22m[DEBUG] [39;1msnarkJS[0m: tauG2: fft 20 join  18/20  2/4 6/8
[36;22m[DEBUG] [39;1msnarkJS[0m: tauG2: fft 20 join  18/20  1/4 0/8
[36;22m[DEBUG] [39;1msnarkJS[0m: tauG2: fft 20 join  18/20  3/4 7/8
[36;22m[DEBUG] [39;1msnarkJS[0m: tauG2: fft 20 join  18/20  3/4 2/8
[36;22m[DEBUG] [39;1msnarkJS[0m: tauG2: fft 20 join  18/20  4/4 4/8
[36;22m[DEBUG] [39;1msnarkJS[0m: tauG2: fft 20 join  18/20  2/4 7/8
[36;22m[DEBUG] [39;1msnarkJS[0m: tauG2: fft 20 join  18/20  4/4 0/8
[36;22m[DEBUG] [39;1msnarkJS[0m: tauG2: fft 20 join  18/20  1/4 4/8
[36;22m[DEBUG] [39;1msnarkJS[0m: tauG2: fft 20 join  18/20  2/4 3/8
[36;22m[DEBUG] [39;1msnarkJS[0m: tauG2: fft 20 join  18/20  2/4 5/8
[36;22m[DEBUG] [39;1msnarkJS[0m: tauG2: fft 20 join  18/20  4/4 6/8
[36;22m[DEBUG] [39;1msnarkJS[0m: tauG2: fft 20 join  18/20  2/4 2/8
[36;22m[DEBUG] [39;1msnarkJS[0m: tauG2: fft 20 join  18/20  1/4 2/8
[36;22m[DEBUG] [39;1msnarkJS[0m: tauG2: fft 20 join  18/20  2/4 1/8
[36;22m[DEBUG] [39;1msnarkJS[0m: tauG2: fft 20 join  18/20  3/4 3/8
[36;22m[DEBUG] [39;1msnarkJS[0m: tauG2: fft 20 join  18/20  3/4 1/8
[36;22m[DEBUG] [39;1msnarkJS[0m: tauG2: fft 20 join  18/20  3/4 6/8
[36;22m[DEBUG] [39;1msnarkJS[0m: tauG2: fft  20  join: 19/20
[36;22m[DEBUG] [39;1msnarkJS[0m: tauG2: fft 20 join  19/20  1/2 1/16
[36;22m[DEBUG] [39;1msnarkJS[0m: tauG2: fft 20 join  19/20  2/2 2/16
[36;22m[DEBUG] [39;1msnarkJS[0m: tauG2: fft 20 join  19/20  1/2 6/16
[36;22m[DEBUG] [39;1msnarkJS[0m: tauG2: fft 20 join  19/20  1/2 3/16
[36;22m[DEBUG] [39;1msnarkJS[0m: tauG2: fft 20 join  19/20  2/2 5/16
[36;22m[DEBUG] [39;1msnarkJS[0m: tauG2: fft 20 join  19/20  2/2 12/16
[36;22m[DEBUG] [39;1msnarkJS[0m: tauG2: fft 20 join  19/20  2/2 8/16
[36;22m[DEBUG] [39;1msnarkJS[0m: tauG2: fft 20 join  19/20  2/2 14/16
[36;22m[DEBUG] [39;1msnarkJS[0m: tauG2: fft 20 join  19/20  2/2 11/16
[36;22m[DEBUG] [39;1msnarkJS[0m: tauG2: fft 20 join  19/20  1/2 14/16
[36;22m[DEBUG] [39;1msnarkJS[0m: tauG2: fft 20 join  19/20  2/2 4/16
[36;22m[DEBUG] [39;1msnarkJS[0m: tauG2: fft 20 join  19/20  2/2 13/16
[36;22m[DEBUG] [39;1msnarkJS[0m: tauG2: fft 20 join  19/20  2/2 7/16
[36;22m[DEBUG] [39;1msnarkJS[0m: tauG2: fft 20 join  19/20  1/2 12/16
[36;22m[DEBUG] [39;1msnarkJS[0m: tauG2: fft 20 join  19/20  2/2 0/16
[36;22m[DEBUG] [39;1msnarkJS[0m: tauG2: fft 20 join  19/20  1/2 0/16
[36;22m[DEBUG] [39;1msnarkJS[0m: tauG2: fft 20 join  19/20  2/2 15/16
[36;22m[DEBUG] [39;1msnarkJS[0m: tauG2: fft 20 join  19/20  1/2 10/16
[36;22m[DEBUG] [39;1msnarkJS[0m: tauG2: fft 20 join  19/20  2/2 1/16
[36;22m[DEBUG] [39;1msnarkJS[0m: tauG2: fft 20 join  19/20  2/2 10/16
[36;22m[DEBUG] [39;1msnarkJS[0m: tauG2: fft 20 join  19/20  1/2 4/16
[36;22m[DEBUG] [39;1msnarkJS[0m: tauG2: fft 20 join  19/20  1/2 15/16
[36;22m[DEBUG] [39;1msnarkJS[0m: tauG2: fft 20 join  19/20  2/2 3/16
[36;22m[DEBUG] [39;1msnarkJS[0m: tauG2: fft 20 join  19/20  1/2 5/16
[36;22m[DEBUG] [39;1msnarkJS[0m: tauG2: fft 20 join  19/20  1/2 9/16
[36;22m[DEBUG] [39;1msnarkJS[0m: tauG2: fft 20 join  19/20  2/2 6/16
[36;22m[DEBUG] [39;1msnarkJS[0m: tauG2: fft 20 join  19/20  1/2 13/16
[36;22m[DEBUG] [39;1msnarkJS[0m: tauG2: fft 20 join  19/20  1/2 8/16
[36;22m[DEBUG] [39;1msnarkJS[0m: tauG2: fft 20 join  19/20  1/2 11/16
[36;22m[DEBUG] [39;1msnarkJS[0m: tauG2: fft 20 join  19/20  1/2 7/16
[36;22m[DEBUG] [39;1msnarkJS[0m: tauG2: fft 20 join  19/20  1/2 2/16
[36;22m[DEBUG] [39;1msnarkJS[0m: tauG2: fft 20 join  19/20  2/2 9/16
[36;22m[DEBUG] [39;1msnarkJS[0m: tauG2: fft  20  join: 20/20
[36;22m[DEBUG] [39;1msnarkJS[0m: tauG2: fft 20 join  20/20  1/1 29/32
[36;22m[DEBUG] [39;1msnarkJS[0m: tauG2: fft 20 join  20/20  1/1 21/32
[36;22m[DEBUG] [39;1msnarkJS[0m: tauG2: fft 20 join  20/20  1/1 1/32
[36;22m[DEBUG] [39;1msnarkJS[0m: tauG2: fft 20 join  20/20  1/1 12/32
[36;22m[DEBUG] [39;1msnarkJS[0m: tauG2: fft 20 join  20/20  1/1 30/32
[36;22m[DEBUG] [39;1msnarkJS[0m: tauG2: fft 20 join  20/20  1/1 26/32
[36;22m[DEBUG] [39;1msnarkJS[0m: tauG2: fft 20 join  20/20  1/1 3/32
[36;22m[DEBUG] [39;1msnarkJS[0m: tauG2: fft 20 join  20/20  1/1 7/32
[36;22m[DEBUG] [39;1msnarkJS[0m: tauG2: fft 20 join  20/20  1/1 27/32
[36;22m[DEBUG] [39;1msnarkJS[0m: tauG2: fft 20 join  20/20  1/1 25/32
[36;22m[DEBUG] [39;1msnarkJS[0m: tauG2: fft 20 join  20/20  1/1 19/32
[36;22m[DEBUG] [39;1msnarkJS[0m: tauG2: fft 20 join  20/20  1/1 24/32
[36;22m[DEBUG] [39;1msnarkJS[0m: tauG2: fft 20 join  20/20  1/1 23/32
[36;22m[DEBUG] [39;1msnarkJS[0m: tauG2: fft 20 join  20/20  1/1 14/32
[36;22m[DEBUG] [39;1msnarkJS[0m: tauG2: fft 20 join  20/20  1/1 5/32
[36;22m[DEBUG] [39;1msnarkJS[0m: tauG2: fft 20 join  20/20  1/1 16/32
[36;22m[DEBUG] [39;1msnarkJS[0m: tauG2: fft 20 join  20/20  1/1 4/32
[36;22m[DEBUG] [39;1msnarkJS[0m: tauG2: fft 20 join  20/20  1/1 2/32
[36;22m[DEBUG] [39;1msnarkJS[0m: tauG2: fft 20 join  20/20  1/1 11/32
[36;22m[DEBUG] [39;1msnarkJS[0m: tauG2: fft 20 join  20/20  1/1 8/32
[36;22m[DEBUG] [39;1msnarkJS[0m: tauG2: fft 20 join  20/20  1/1 31/32
[36;22m[DEBUG] [39;1msnarkJS[0m: tauG2: fft 20 join  20/20  1/1 10/32
[36;22m[DEBUG] [39;1msnarkJS[0m: tauG2: fft 20 join  20/20  1/1 17/32
[36;22m[DEBUG] [39;1msnarkJS[0m: tauG2: fft 20 join  20/20  1/1 0/32
[36;22m[DEBUG] [39;1msnarkJS[0m: tauG2: fft 20 join  20/20  1/1 28/32
[36;22m[DEBUG] [39;1msnarkJS[0m: tauG2: fft 20 join  20/20  1/1 15/32
[36;22m[DEBUG] [39;1msnarkJS[0m: tauG2: fft 20 join  20/20  1/1 9/32
[36;22m[DEBUG] [39;1msnarkJS[0m: tauG2: fft 20 join  20/20  1/1 13/32
[36;22m[DEBUG] [39;1msnarkJS[0m: tauG2: fft 20 join  20/20  1/1 20/32
[36;22m[DEBUG] [39;1msnarkJS[0m: tauG2: fft 20 join  20/20  1/1 18/32
[36;22m[DEBUG] [39;1msnarkJS[0m: tauG2: fft 20 join  20/20  1/1 6/32
[36;22m[DEBUG] [39;1msnarkJS[0m: tauG2: fft 20 join  20/20  1/1 22/32
[36;22m[DEBUG] [39;1msnarkJS[0m: Starting section: alphaTauG1
[36;22m[DEBUG] [39;1msnarkJS[0m: alphaTauG1: fft 0 mix start: 0/1
[36;22m[DEBUG] [39;1msnarkJS[0m: alphaTauG1: fft 0 mix end: 0/1
[36;22m[DEBUG] [39;1msnarkJS[0m: alphaTauG1: fft 1 mix start: 0/1
[36;22m[DEBUG] [39;1msnarkJS[0m: alphaTauG1: fft 1 mix end: 0/1
[36;22m[DEBUG] [39;1msnarkJS[0m: alphaTauG1: fft 2 mix start: 0/1
[36;22m[DEBUG] [39;1msnarkJS[0m: alphaTauG1: fft 2 mix end: 0/1
[36;22m[DEBUG] [39;1msnarkJS[0m: alphaTauG1: fft 3 mix start: 0/1
[36;22m[DEBUG] [39;1msnarkJS[0m: alphaTauG1: fft 3 mix end: 0/1
[36;22m[DEBUG] [39;1msnarkJS[0m: alphaTauG1: fft 4 mix start: 0/2
[36;22m[DEBUG] [39;1msnarkJS[0m: alphaTauG1: fft 4 mix start: 1/2
[36;22m[DEBUG] [39;1msnarkJS[0m: alphaTauG1: fft 4 mix end: 0/2
[36;22m[DEBUG] [39;1msnarkJS[0m: alphaTauG1: fft 4 mix end: 1/2
[36;22m[DEBUG] [39;1msnarkJS[0m: alphaTauG1: fft  4  join: 4/4
[36;22m[DEBUG] [39;1msnarkJS[0m: alphaTauG1: fft 4 join  4/4  1/1 0/1
[36;22m[DEBUG] [39;1msnarkJS[0m: alphaTauG1: fft 5 mix start: 0/4
[36;22m[DEBUG] [39;1msnarkJS[0m: alphaTauG1: fft 5 mix start: 1/4
[36;22m[DEBUG] [39;1msnarkJS[0m: alphaTauG1: fft 5 mix start: 2/4
[36;22m[DEBUG] [39;1msnarkJS[0m: alphaTauG1: fft 5 mix start: 3/4
[36;22m[DEBUG] [39;1msnarkJS[0m: alphaTauG1: fft 5 mix end: 0/4
[36;22m[DEBUG] [39;1msnarkJS[0m: alphaTauG1: fft 5 mix end: 2/4
[36;22m[DEBUG] [39;1msnarkJS[0m: alphaTauG1: fft 5 mix end: 1/4
[36;22m[DEBUG] [39;1msnarkJS[0m: alphaTauG1: fft 5 mix end: 3/4
[36;22m[DEBUG] [39;1msnarkJS[0m: alphaTauG1: fft  5  join: 4/5
[36;22m[DEBUG] [39;1msnarkJS[0m: alphaTauG1: fft 5 join  4/5  1/2 0/1
[36;22m[DEBUG] [39;1msnarkJS[0m: alphaTauG1: fft 5 join  4/5  2/2 0/1
[36;22m[DEBUG] [39;1msnarkJS[0m: alphaTauG1: fft  5  join: 5/5
[36;22m[DEBUG] [39;1msnarkJS[0m: alphaTauG1: fft 5 join  5/5  1/1 0/2
[36;22m[DEBUG] [39;1msnarkJS[0m: alphaTauG1: fft 5 join  5/5  1/1 1/2
[36;22m[DEBUG] [39;1msnarkJS[0m: alphaTauG1: fft 6 mix start: 0/8
[36;22m[DEBUG] [39;1msnarkJS[0m: alphaTauG1: fft 6 mix start: 1/8
[36;22m[DEBUG] [39;1msnarkJS[0m: alphaTauG1: fft 6 mix start: 2/8
[36;22m[DEBUG] [39;1msnarkJS[0m: alphaTauG1: fft 6 mix start: 3/8
[36;22m[DEBUG] [39;1msnarkJS[0m: alphaTauG1: fft 6 mix start: 4/8
[36;22m[DEBUG] [39;1msnarkJS[0m: alphaTauG1: fft 6 mix start: 5/8
[36;22m[DEBUG] [39;1msnarkJS[0m: alphaTauG1: fft 6 mix start: 6/8
[36;22m[DEBUG] [39;1msnarkJS[0m: alphaTauG1: fft 6 mix start: 7/8
[36;22m[DEBUG] [39;1msnarkJS[0m: alphaTauG1: fft 6 mix end: 1/8
[36;22m[DEBUG] [39;1msnarkJS[0m: alphaTauG1: fft 6 mix end: 2/8
[36;22m[DEBUG] [39;1msnarkJS[0m: alphaTauG1: fft 6 mix end: 3/8
[36;22m[DEBUG] [39;1msnarkJS[0m: alphaTauG1: fft 6 mix end: 0/8
[36;22m[DEBUG] [39;1msnarkJS[0m: alphaTauG1: fft 6 mix end: 6/8
[36;22m[DEBUG] [39;1msnarkJS[0m: alphaTauG1: fft 6 mix end: 4/8
[36;22m[DEBUG] [39;1msnarkJS[0m: alphaTauG1: fft 6 mix end: 5/8
[36;22m[DEBUG] [39;1msnarkJS[0m: alphaTauG1: fft 6 mix end: 7/8
[36;22m[DEBUG] [39;1msnarkJS[0m: alphaTauG1: fft  6  join: 4/6
[36;22m[DEBUG] [39;1msnarkJS[0m: alphaTauG1: fft 6 join  4/6  1/4 0/1
[36;22m[DEBUG] [39;1msnarkJS[0m: alphaTauG1: fft 6 join  4/6  2/4 0/1
[36;22m[DEBUG] [39;1msnarkJS[0m: alphaTauG1: fft 6 join  4/6  3/4 0/1
[36;22m[DEBUG] [39;1msnarkJS[0m: alphaTauG1: fft 6 join  4/6  4/4 0/1
[36;22m[DEBUG] [39;1msnarkJS[0m: alphaTauG1: fft  6  join: 5/6
[36;22m[DEBUG] [39;1msnarkJS[0m: alphaTauG1: fft 6 join  5/6  1/2 0/2
[36;22m[DEBUG] [39;1msnarkJS[0m: alphaTauG1: fft 6 join  5/6  2/2 0/2
[36;22m[DEBUG] [39;1msnarkJS[0m: alphaTauG1: fft 6 join  5/6  1/2 1/2
[36;22m[DEBUG] [39;1msnarkJS[0m: alphaTauG1: fft 6 join  5/6  2/2 1/2
[36;22m[DEBUG] [39;1msnarkJS[0m: alphaTauG1: fft  6  join: 6/6
[36;22m[DEBUG] [39;1msnarkJS[0m: alphaTauG1: fft 6 join  6/6  1/1 0/4
[36;22m[DEBUG] [39;1msnarkJS[0m: alphaTauG1: fft 6 join  6/6  1/1 1/4
[36;22m[DEBUG] [39;1msnarkJS[0m: alphaTauG1: fft 6 join  6/6  1/1 2/4
[36;22m[DEBUG] [39;1msnarkJS[0m: alphaTauG1: fft 6 join  6/6  1/1 3/4
[36;22m[DEBUG] [39;1msnarkJS[0m: alphaTauG1: fft 7 mix start: 0/16
[36;22m[DEBUG] [39;1msnarkJS[0m: alphaTauG1: fft 7 mix start: 1/16
[36;22m[DEBUG] [39;1msnarkJS[0m: alphaTauG1: fft 7 mix start: 2/16
[36;22m[DEBUG] [39;1msnarkJS[0m: alphaTauG1: fft 7 mix start: 3/16
[36;22m[DEBUG] [39;1msnarkJS[0m: alphaTauG1: fft 7 mix start: 4/16
[36;22m[DEBUG] [39;1msnarkJS[0m: alphaTauG1: fft 7 mix start: 5/16
[36;22m[DEBUG] [39;1msnarkJS[0m: alphaTauG1: fft 7 mix start: 6/16
[36;22m[DEBUG] [39;1msnarkJS[0m: alphaTauG1: fft 7 mix start: 7/16
[36;22m[DEBUG] [39;1msnarkJS[0m: alphaTauG1: fft 7 mix start: 8/16
[36;22m[DEBUG] [39;1msnarkJS[0m: alphaTauG1: fft 7 mix start: 9/16
[36;22m[DEBUG] [39;1msnarkJS[0m: alphaTauG1: fft 7 mix start: 10/16
[36;22m[DEBUG] [39;1msnarkJS[0m: alphaTauG1: fft 7 mix start: 11/16
[36;22m[DEBUG] [39;1msnarkJS[0m: alphaTauG1: fft 7 mix start: 12/16
[36;22m[DEBUG] [39;1msnarkJS[0m: alphaTauG1: fft 7 mix start: 13/16
[36;22m[DEBUG] [39;1msnarkJS[0m: alphaTauG1: fft 7 mix start: 14/16
[36;22m[DEBUG] [39;1msnarkJS[0m: alphaTauG1: fft 7 mix start: 15/16
[36;22m[DEBUG] [39;1msnarkJS[0m: alphaTauG1: fft 7 mix end: 0/16
[36;22m[DEBUG] [39;1msnarkJS[0m: alphaTauG1: fft 7 mix end: 1/16
[36;22m[DEBUG] [39;1msnarkJS[0m: alphaTauG1: fft 7 mix end: 2/16
[36;22m[DEBUG] [39;1msnarkJS[0m: alphaTauG1: fft 7 mix end: 3/16
[36;22m[DEBUG] [39;1msnarkJS[0m: alphaTauG1: fft 7 mix end: 4/16
[36;22m[DEBUG] [39;1msnarkJS[0m: alphaTauG1: fft 7 mix end: 5/16
[36;22m[DEBUG] [39;1msnarkJS[0m: alphaTauG1: fft 7 mix end: 6/16
[36;22m[DEBUG] [39;1msnarkJS[0m: alphaTauG1: fft 7 mix end: 7/16
[36;22m[DEBUG] [39;1msnarkJS[0m: alphaTauG1: fft 7 mix end: 9/16
[36;22m[DEBUG] [39;1msnarkJS[0m: alphaTauG1: fft 7 mix end: 11/16
[36;22m[DEBUG] [39;1msnarkJS[0m: alphaTauG1: fft 7 mix end: 12/16
[36;22m[DEBUG] [39;1msnarkJS[0m: alphaTauG1: fft 7 mix end: 13/16
[36;22m[DEBUG] [39;1msnarkJS[0m: alphaTauG1: fft 7 mix end: 14/16
[36;22m[DEBUG] [39;1msnarkJS[0m: alphaTauG1: fft 7 mix end: 15/16
[36;22m[DEBUG] [39;1msnarkJS[0m: alphaTauG1: fft 7 mix end: 8/16
[36;22m[DEBUG] [39;1msnarkJS[0m: alphaTauG1: fft 7 mix end: 10/16
[36;22m[DEBUG] [39;1msnarkJS[0m: alphaTauG1: fft  7  join: 4/7
[36;22m[DEBUG] [39;1msnarkJS[0m: alphaTauG1: fft 7 join  4/7  2/8 0/1
[36;22m[DEBUG] [39;1msnarkJS[0m: alphaTauG1: fft 7 join  4/7  3/8 0/1
[36;22m[DEBUG] [39;1msnarkJS[0m: alphaTauG1: fft 7 join  4/7  4/8 0/1
[36;22m[DEBUG] [39;1msnarkJS[0m: alphaTauG1: fft 7 join  4/7  6/8 0/1
[36;22m[DEBUG] [39;1msnarkJS[0m: alphaTauG1: fft 7 join  4/7  7/8 0/1
[36;22m[DEBUG] [39;1msnarkJS[0m: alphaTauG1: fft 7 join  4/7  8/8 0/1
[36;22m[DEBUG] [39;1msnarkJS[0m: alphaTauG1: fft 7 join  4/7  1/8 0/1
[36;22m[DEBUG] [39;1msnarkJS[0m: alphaTauG1: fft 7 join  4/7  5/8 0/1
[36;22m[DEBUG] [39;1msnarkJS[0m: alphaTauG1: fft  7  join: 5/7
[36;22m[DEBUG] [39;1msnarkJS[0m: alphaTauG1: fft 7 join  5/7  1/4 0/2
[36;22m[DEBUG] [39;1msnarkJS[0m: alphaTauG1: fft 7 join  5/7  2/4 0/2
[36;22m[DEBUG] [39;1msnarkJS[0m: alphaTauG1: fft 7 join  5/7  3/4 0/2
[36;22m[DEBUG] [39;1msnarkJS[0m: alphaTauG1: fft 7 join  5/7  4/4 0/2
[36;22m[DEBUG] [39;1msnarkJS[0m: alphaTauG1: fft 7 join  5/7  1/4 1/2
[36;22m[DEBUG] [39;1msnarkJS[0m: alphaTauG1: fft 7 join  5/7  2/4 1/2
[36;22m[DEBUG] [39;1msnarkJS[0m: alphaTauG1: fft 7 join  5/7  3/4 1/2
[36;22m[DEBUG] [39;1msnarkJS[0m: alphaTauG1: fft 7 join  5/7  4/4 1/2
[36;22m[DEBUG] [39;1msnarkJS[0m: alphaTauG1: fft  7  join: 6/7
[36;22m[DEBUG] [39;1msnarkJS[0m: alphaTauG1: fft 7 join  6/7  1/2 0/4
[36;22m[DEBUG] [39;1msnarkJS[0m: alphaTauG1: fft 7 join  6/7  2/2 0/4
[36;22m[DEBUG] [39;1msnarkJS[0m: alphaTauG1: fft 7 join  6/7  1/2 2/4
[36;22m[DEBUG] [39;1msnarkJS[0m: alphaTauG1: fft 7 join  6/7  1/2 1/4
[36;22m[DEBUG] [39;1msnarkJS[0m: alphaTauG1: fft 7 join  6/7  1/2 3/4
[36;22m[DEBUG] [39;1msnarkJS[0m: alphaTauG1: fft 7 join  6/7  2/2 2/4
[36;22m[DEBUG] [39;1msnarkJS[0m: alphaTauG1: fft 7 join  6/7  2/2 1/4
[36;22m[DEBUG] [39;1msnarkJS[0m: alphaTauG1: fft 7 join  6/7  2/2 3/4
[36;22m[DEBUG] [39;1msnarkJS[0m: alphaTauG1: fft  7  join: 7/7
[36;22m[DEBUG] [39;1msnarkJS[0m: alphaTauG1: fft 7 join  7/7  1/1 0/8
[36;22m[DEBUG] [39;1msnarkJS[0m: alphaTauG1: fft 7 join  7/7  1/1 1/8
[36;22m[DEBUG] [39;1msnarkJS[0m: alphaTauG1: fft 7 join  7/7  1/1 2/8
[36;22m[DEBUG] [39;1msnarkJS[0m: alphaTauG1: fft 7 join  7/7  1/1 3/8
[36;22m[DEBUG] [39;1msnarkJS[0m: alphaTauG1: fft 7 join  7/7  1/1 5/8
[36;22m[DEBUG] [39;1msnarkJS[0m: alphaTauG1: fft 7 join  7/7  1/1 4/8
[36;22m[DEBUG] [39;1msnarkJS[0m: alphaTauG1: fft 7 join  7/7  1/1 6/8
[36;22m[DEBUG] [39;1msnarkJS[0m: alphaTauG1: fft 7 join  7/7  1/1 7/8
[36;22m[DEBUG] [39;1msnarkJS[0m: alphaTauG1: fft 8 mix start: 0/32
[36;22m[DEBUG] [39;1msnarkJS[0m: alphaTauG1: fft 8 mix start: 1/32
[36;22m[DEBUG] [39;1msnarkJS[0m: alphaTauG1: fft 8 mix start: 2/32
[36;22m[DEBUG] [39;1msnarkJS[0m: alphaTauG1: fft 8 mix start: 3/32
[36;22m[DEBUG] [39;1msnarkJS[0m: alphaTauG1: fft 8 mix start: 4/32
[36;22m[DEBUG] [39;1msnarkJS[0m: alphaTauG1: fft 8 mix start: 5/32
[36;22m[DEBUG] [39;1msnarkJS[0m: alphaTauG1: fft 8 mix start: 6/32
[36;22m[DEBUG] [39;1msnarkJS[0m: alphaTauG1: fft 8 mix start: 7/32
[36;22m[DEBUG] [39;1msnarkJS[0m: alphaTauG1: fft 8 mix start: 8/32
[36;22m[DEBUG] [39;1msnarkJS[0m: alphaTauG1: fft 8 mix start: 9/32
[36;22m[DEBUG] [39;1msnarkJS[0m: alphaTauG1: fft 8 mix start: 10/32
[36;22m[DEBUG] [39;1msnarkJS[0m: alphaTauG1: fft 8 mix start: 11/32
[36;22m[DEBUG] [39;1msnarkJS[0m: alphaTauG1: fft 8 mix start: 12/32
[36;22m[DEBUG] [39;1msnarkJS[0m: alphaTauG1: fft 8 mix start: 13/32
[36;22m[DEBUG] [39;1msnarkJS[0m: alphaTauG1: fft 8 mix start: 14/32
[36;22m[DEBUG] [39;1msnarkJS[0m: alphaTauG1: fft 8 mix start: 15/32
[36;22m[DEBUG] [39;1msnarkJS[0m: alphaTauG1: fft 8 mix start: 16/32
[36;22m[DEBUG] [39;1msnarkJS[0m: alphaTauG1: fft 8 mix start: 17/32
[36;22m[DEBUG] [39;1msnarkJS[0m: alphaTauG1: fft 8 mix start: 18/32
[36;22m[DEBUG] [39;1msnarkJS[0m: alphaTauG1: fft 8 mix start: 19/32
[36;22m[DEBUG] [39;1msnarkJS[0m: alphaTauG1: fft 8 mix start: 20/32
[36;22m[DEBUG] [39;1msnarkJS[0m: alphaTauG1: fft 8 mix start: 21/32
[36;22m[DEBUG] [39;1msnarkJS[0m: alphaTauG1: fft 8 mix start: 22/32
[36;22m[DEBUG] [39;1msnarkJS[0m: alphaTauG1: fft 8 mix start: 23/32
[36;22m[DEBUG] [39;1msnarkJS[0m: alphaTauG1: fft 8 mix start: 24/32
[36;22m[DEBUG] [39;1msnarkJS[0m: alphaTauG1: fft 8 mix start: 25/32
[36;22m[DEBUG] [39;1msnarkJS[0m: alphaTauG1: fft 8 mix start: 26/32
[36;22m[DEBUG] [39;1msnarkJS[0m: alphaTauG1: fft 8 mix start: 27/32
[36;22m[DEBUG] [39;1msnarkJS[0m: alphaTauG1: fft 8 mix start: 28/32
[36;22m[DEBUG] [39;1msnarkJS[0m: alphaTauG1: fft 8 mix start: 29/32
[36;22m[DEBUG] [39;1msnarkJS[0m: alphaTauG1: fft 8 mix start: 30/32
[36;22m[DEBUG] [39;1msnarkJS[0m: alphaTauG1: fft 8 mix start: 31/32
[36;22m[DEBUG] [39;1msnarkJS[0m: alphaTauG1: fft 8 mix end: 6/32
[36;22m[DEBUG] [39;1msnarkJS[0m: alphaTauG1: fft 8 mix end: 7/32
[36;22m[DEBUG] [39;1msnarkJS[0m: alphaTauG1: fft 8 mix end: 1/32
[36;22m[DEBUG] [39;1msnarkJS[0m: alphaTauG1: fft 8 mix end: 10/32
[36;22m[DEBUG] [39;1msnarkJS[0m: alphaTauG1: fft 8 mix end: 13/32
[36;22m[DEBUG] [39;1msnarkJS[0m: alphaTauG1: fft 8 mix end: 3/32
[36;22m[DEBUG] [39;1msnarkJS[0m: alphaTauG1: fft 8 mix end: 5/32
[36;22m[DEBUG] [39;1msnarkJS[0m: alphaTauG1: fft 8 mix end: 8/32
[36;22m[DEBUG] [39;1msnarkJS[0m: alphaTauG1: fft 8 mix end: 12/32
[36;22m[DEBUG] [39;1msnarkJS[0m: alphaTauG1: fft 8 mix end: 14/32
[36;22m[DEBUG] [39;1msnarkJS[0m: alphaTauG1: fft 8 mix end: 4/32
[36;22m[DEBUG] [39;1msnarkJS[0m: alphaTauG1: fft 8 mix end: 2/32
[36;22m[DEBUG] [39;1msnarkJS[0m: alphaTauG1: fft 8 mix end: 23/32
[36;22m[DEBUG] [39;1msnarkJS[0m: alphaTauG1: fft 8 mix end: 0/32
[36;22m[DEBUG] [39;1msnarkJS[0m: alphaTauG1: fft 8 mix end: 17/32
[36;22m[DEBUG] [39;1msnarkJS[0m: alphaTauG1: fft 8 mix end: 11/32
[36;22m[DEBUG] [39;1msnarkJS[0m: alphaTauG1: fft 8 mix end: 9/32
[36;22m[DEBUG] [39;1msnarkJS[0m: alphaTauG1: fft 8 mix end: 28/32
[36;22m[DEBUG] [39;1msnarkJS[0m: alphaTauG1: fft 8 mix end: 18/32
[36;22m[DEBUG] [39;1msnarkJS[0m: alphaTauG1: fft 8 mix end: 21/32
[36;22m[DEBUG] [39;1msnarkJS[0m: alphaTauG1: fft 8 mix end: 24/32
[36;22m[DEBUG] [39;1msnarkJS[0m: alphaTauG1: fft 8 mix end: 26/32
[36;22m[DEBUG] [39;1msnarkJS[0m: alphaTauG1: fft 8 mix end: 15/32
[36;22m[DEBUG] [39;1msnarkJS[0m: alphaTauG1: fft 8 mix end: 30/32
[36;22m[DEBUG] [39;1msnarkJS[0m: alphaTauG1: fft 8 mix end: 29/32
[36;22m[DEBUG] [39;1msnarkJS[0m: alphaTauG1: fft 8 mix end: 16/32
[36;22m[DEBUG] [39;1msnarkJS[0m: alphaTauG1: fft 8 mix end: 19/32
[36;22m[DEBUG] [39;1msnarkJS[0m: alphaTauG1: fft 8 mix end: 20/32
[36;22m[DEBUG] [39;1msnarkJS[0m: alphaTauG1: fft 8 mix end: 22/32
[36;22m[DEBUG] [39;1msnarkJS[0m: alphaTauG1: fft 8 mix end: 25/32
[36;22m[DEBUG] [39;1msnarkJS[0m: alphaTauG1: fft 8 mix end: 27/32
[36;22m[DEBUG] [39;1msnarkJS[0m: alphaTauG1: fft 8 mix end: 31/32
[36;22m[DEBUG] [39;1msnarkJS[0m: alphaTauG1: fft  8  join: 4/8
[36;22m[DEBUG] [39;1msnarkJS[0m: alphaTauG1: fft 8 join  4/8  1/16 0/1
[36;22m[DEBUG] [39;1msnarkJS[0m: alphaTauG1: fft 8 join  4/8  2/16 0/1
[36;22m[DEBUG] [39;1msnarkJS[0m: alphaTauG1: fft 8 join  4/8  3/16 0/1
[36;22m[DEBUG] [39;1msnarkJS[0m: alphaTauG1: fft 8 join  4/8  4/16 0/1
[36;22m[DEBUG] [39;1msnarkJS[0m: alphaTauG1: fft 8 join  4/8  5/16 0/1
[36;22m[DEBUG] [39;1msnarkJS[0m: alphaTauG1: fft 8 join  4/8  6/16 0/1
[36;22m[DEBUG] [39;1msnarkJS[0m: alphaTauG1: fft 8 join  4/8  7/16 0/1
[36;22m[DEBUG] [39;1msnarkJS[0m: alphaTauG1: fft 8 join  4/8  8/16 0/1
[36;22m[DEBUG] [39;1msnarkJS[0m: alphaTauG1: fft 8 join  4/8  9/16 0/1
[36;22m[DEBUG] [39;1msnarkJS[0m: alphaTauG1: fft 8 join  4/8  10/16 0/1
[36;22m[DEBUG] [39;1msnarkJS[0m: alphaTauG1: fft 8 join  4/8  11/16 0/1
[36;22m[DEBUG] [39;1msnarkJS[0m: alphaTauG1: fft 8 join  4/8  12/16 0/1
[36;22m[DEBUG] [39;1msnarkJS[0m: alphaTauG1: fft 8 join  4/8  13/16 0/1
[36;22m[DEBUG] [39;1msnarkJS[0m: alphaTauG1: fft 8 join  4/8  14/16 0/1
[36;22m[DEBUG] [39;1msnarkJS[0m: alphaTauG1: fft 8 join  4/8  15/16 0/1
[36;22m[DEBUG] [39;1msnarkJS[0m: alphaTauG1: fft 8 join  4/8  16/16 0/1
[36;22m[DEBUG] [39;1msnarkJS[0m: alphaTauG1: fft  8  join: 5/8
[36;22m[DEBUG] [39;1msnarkJS[0m: alphaTauG1: fft 8 join  5/8  1/8 0/2
[36;22m[DEBUG] [39;1msnarkJS[0m: alphaTauG1: fft 8 join  5/8  2/8 0/2
[36;22m[DEBUG] [39;1msnarkJS[0m: alphaTauG1: fft 8 join  5/8  3/8 0/2
[36;22m[DEBUG] [39;1msnarkJS[0m: alphaTauG1: fft 8 join  5/8  4/8 0/2
[36;22m[DEBUG] [39;1msnarkJS[0m: alphaTauG1: fft 8 join  5/8  5/8 0/2
[36;22m[DEBUG] [39;1msnarkJS[0m: alphaTauG1: fft 8 join  5/8  6/8 0/2
[36;22m[DEBUG] [39;1msnarkJS[0m: alphaTauG1: fft 8 join  5/8  7/8 0/2
[36;22m[DEBUG] [39;1msnarkJS[0m: alphaTauG1: fft 8 join  5/8  8/8 0/2
[36;22m[DEBUG] [39;1msnarkJS[0m: alphaTauG1: fft 8 join  5/8  1/8 1/2
[36;22m[DEBUG] [39;1msnarkJS[0m: alphaTauG1: fft 8 join  5/8  2/8 1/2
[36;22m[DEBUG] [39;1msnarkJS[0m: alphaTauG1: fft 8 join  5/8  3/8 1/2
[36;22m[DEBUG] [39;1msnarkJS[0m: alphaTauG1: fft 8 join  5/8  4/8 1/2
[36;22m[DEBUG] [39;1msnarkJS[0m: alphaTauG1: fft 8 join  5/8  5/8 1/2
[36;22m[DEBUG] [39;1msnarkJS[0m: alphaTauG1: fft 8 join  5/8  6/8 1/2
[36;22m[DEBUG] [39;1msnarkJS[0m: alphaTauG1: fft 8 join  5/8  7/8 1/2
[36;22m[DEBUG] [39;1msnarkJS[0m: alphaTauG1: fft 8 join  5/8  8/8 1/2
[36;22m[DEBUG] [39;1msnarkJS[0m: alphaTauG1: fft  8  join: 6/8
[36;22m[DEBUG] [39;1msnarkJS[0m: alphaTauG1: fft 8 join  6/8  1/4 0/4
[36;22m[DEBUG] [39;1msnarkJS[0m: alphaTauG1: fft 8 join  6/8  2/4 0/4
[36;22m[DEBUG] [39;1msnarkJS[0m: alphaTauG1: fft 8 join  6/8  3/4 0/4
[36;22m[DEBUG] [39;1msnarkJS[0m: alphaTauG1: fft 8 join  6/8  4/4 0/4
[36;22m[DEBUG] [39;1msnarkJS[0m: alphaTauG1: fft 8 join  6/8  1/4 2/4
[36;22m[DEBUG] [39;1msnarkJS[0m: alphaTauG1: fft 8 join  6/8  1/4 1/4
[36;22m[DEBUG] [39;1msnarkJS[0m: alphaTauG1: fft 8 join  6/8  1/4 3/4
[36;22m[DEBUG] [39;1msnarkJS[0m: alphaTauG1: fft 8 join  6/8  2/4 1/4
[36;22m[DEBUG] [39;1msnarkJS[0m: alphaTauG1: fft 8 join  6/8  2/4 2/4
[36;22m[DEBUG] [39;1msnarkJS[0m: alphaTauG1: fft 8 join  6/8  2/4 3/4
[36;22m[DEBUG] [39;1msnarkJS[0m: alphaTauG1: fft 8 join  6/8  3/4 2/4
[36;22m[DEBUG] [39;1msnarkJS[0m: alphaTauG1: fft 8 join  6/8  3/4 1/4
[36;22m[DEBUG] [39;1msnarkJS[0m: alphaTauG1: fft 8 join  6/8  4/4 1/4
[36;22m[DEBUG] [39;1msnarkJS[0m: alphaTauG1: fft 8 join  6/8  3/4 3/4
[36;22m[DEBUG] [39;1msnarkJS[0m: alphaTauG1: fft 8 join  6/8  4/4 2/4
[36;22m[DEBUG] [39;1msnarkJS[0m: alphaTauG1: fft 8 join  6/8  4/4 3/4
[36;22m[DEBUG] [39;1msnarkJS[0m: alphaTauG1: fft  8  join: 7/8
[36;22m[DEBUG] [39;1msnarkJS[0m: alphaTauG1: fft 8 join  7/8  1/2 0/8
[36;22m[DEBUG] [39;1msnarkJS[0m: alphaTauG1: fft 8 join  7/8  2/2 0/8
[36;22m[DEBUG] [39;1msnarkJS[0m: alphaTauG1: fft 8 join  7/8  1/2 1/8
[36;22m[DEBUG] [39;1msnarkJS[0m: alphaTauG1: fft 8 join  7/8  1/2 2/8
[36;22m[DEBUG] [39;1msnarkJS[0m: alphaTauG1: fft 8 join  7/8  1/2 3/8
[36;22m[DEBUG] [39;1msnarkJS[0m: alphaTauG1: fft 8 join  7/8  1/2 4/8
[36;22m[DEBUG] [39;1msnarkJS[0m: alphaTauG1: fft 8 join  7/8  1/2 5/8
[36;22m[DEBUG] [39;1msnarkJS[0m: alphaTauG1: fft 8 join  7/8  1/2 6/8
[36;22m[DEBUG] [39;1msnarkJS[0m: alphaTauG1: fft 8 join  7/8  1/2 7/8
[36;22m[DEBUG] [39;1msnarkJS[0m: alphaTauG1: fft 8 join  7/8  2/2 1/8
[36;22m[DEBUG] [39;1msnarkJS[0m: alphaTauG1: fft 8 join  7/8  2/2 2/8
[36;22m[DEBUG] [39;1msnarkJS[0m: alphaTauG1: fft 8 join  7/8  2/2 3/8
[36;22m[DEBUG] [39;1msnarkJS[0m: alphaTauG1: fft 8 join  7/8  2/2 4/8
[36;22m[DEBUG] [39;1msnarkJS[0m: alphaTauG1: fft 8 join  7/8  2/2 5/8
[36;22m[DEBUG] [39;1msnarkJS[0m: alphaTauG1: fft 8 join  7/8  2/2 6/8
[36;22m[DEBUG] [39;1msnarkJS[0m: alphaTauG1: fft 8 join  7/8  2/2 7/8
[36;22m[DEBUG] [39;1msnarkJS[0m: alphaTauG1: fft  8  join: 8/8
[36;22m[DEBUG] [39;1msnarkJS[0m: alphaTauG1: fft 8 join  8/8  1/1 0/16
[36;22m[DEBUG] [39;1msnarkJS[0m: alphaTauG1: fft 8 join  8/8  1/1 2/16
[36;22m[DEBUG] [39;1msnarkJS[0m: alphaTauG1: fft 8 join  8/8  1/1 1/16
[36;22m[DEBUG] [39;1msnarkJS[0m: alphaTauG1: fft 8 join  8/8  1/1 4/16
[36;22m[DEBUG] [39;1msnarkJS[0m: alphaTauG1: fft 8 join  8/8  1/1 5/16
[36;22m[DEBUG] [39;1msnarkJS[0m: alphaTauG1: fft 8 join  8/8  1/1 6/16
[36;22m[DEBUG] [39;1msnarkJS[0m: alphaTauG1: fft 8 join  8/8  1/1 8/16
[36;22m[DEBUG] [39;1msnarkJS[0m: alphaTauG1: fft 8 join  8/8  1/1 11/16
[36;22m[DEBUG] [39;1msnarkJS[0m: alphaTauG1: fft 8 join  8/8  1/1 3/16
[36;22m[DEBUG] [39;1msnarkJS[0m: alphaTauG1: fft 8 join  8/8  1/1 7/16
[36;22m[DEBUG] [39;1msnarkJS[0m: alphaTauG1: fft 8 join  8/8  1/1 9/16
[36;22m[DEBUG] [39;1msnarkJS[0m: alphaTauG1: fft 8 join  8/8  1/1 10/16
[36;22m[DEBUG] [39;1msnarkJS[0m: alphaTauG1: fft 8 join  8/8  1/1 12/16
[36;22m[DEBUG] [39;1msnarkJS[0m: alphaTauG1: fft 8 join  8/8  1/1 13/16
[36;22m[DEBUG] [39;1msnarkJS[0m: alphaTauG1: fft 8 join  8/8  1/1 15/16
[36;22m[DEBUG] [39;1msnarkJS[0m: alphaTauG1: fft 8 join  8/8  1/1 14/16
[36;22m[DEBUG] [39;1msnarkJS[0m: alphaTauG1: fft 9 mix start: 0/32
[36;22m[DEBUG] [39;1msnarkJS[0m: alphaTauG1: fft 9 mix start: 1/32
[36;22m[DEBUG] [39;1msnarkJS[0m: alphaTauG1: fft 9 mix start: 2/32
[36;22m[DEBUG] [39;1msnarkJS[0m: alphaTauG1: fft 9 mix start: 3/32
[36;22m[DEBUG] [39;1msnarkJS[0m: alphaTauG1: fft 9 mix start: 4/32
[36;22m[DEBUG] [39;1msnarkJS[0m: alphaTauG1: fft 9 mix start: 5/32
[36;22m[DEBUG] [39;1msnarkJS[0m: alphaTauG1: fft 9 mix start: 6/32
[36;22m[DEBUG] [39;1msnarkJS[0m: alphaTauG1: fft 9 mix start: 7/32
[36;22m[DEBUG] [39;1msnarkJS[0m: alphaTauG1: fft 9 mix start: 8/32
[36;22m[DEBUG] [39;1msnarkJS[0m: alphaTauG1: fft 9 mix start: 9/32
[36;22m[DEBUG] [39;1msnarkJS[0m: alphaTauG1: fft 9 mix start: 10/32
[36;22m[DEBUG] [39;1msnarkJS[0m: alphaTauG1: fft 9 mix start: 11/32
[36;22m[DEBUG] [39;1msnarkJS[0m: alphaTauG1: fft 9 mix start: 12/32
[36;22m[DEBUG] [39;1msnarkJS[0m: alphaTauG1: fft 9 mix start: 13/32
[36;22m[DEBUG] [39;1msnarkJS[0m: alphaTauG1: fft 9 mix start: 14/32
[36;22m[DEBUG] [39;1msnarkJS[0m: alphaTauG1: fft 9 mix start: 15/32
[36;22m[DEBUG] [39;1msnarkJS[0m: alphaTauG1: fft 9 mix start: 16/32
[36;22m[DEBUG] [39;1msnarkJS[0m: alphaTauG1: fft 9 mix start: 17/32
[36;22m[DEBUG] [39;1msnarkJS[0m: alphaTauG1: fft 9 mix start: 18/32
[36;22m[DEBUG] [39;1msnarkJS[0m: alphaTauG1: fft 9 mix start: 19/32
[36;22m[DEBUG] [39;1msnarkJS[0m: alphaTauG1: fft 9 mix start: 20/32
[36;22m[DEBUG] [39;1msnarkJS[0m: alphaTauG1: fft 9 mix start: 21/32
[36;22m[DEBUG] [39;1msnarkJS[0m: alphaTauG1: fft 9 mix start: 22/32
[36;22m[DEBUG] [39;1msnarkJS[0m: alphaTauG1: fft 9 mix start: 23/32
[36;22m[DEBUG] [39;1msnarkJS[0m: alphaTauG1: fft 9 mix start: 24/32
[36;22m[DEBUG] [39;1msnarkJS[0m: alphaTauG1: fft 9 mix start: 25/32
[36;22m[DEBUG] [39;1msnarkJS[0m: alphaTauG1: fft 9 mix start: 26/32
[36;22m[DEBUG] [39;1msnarkJS[0m: alphaTauG1: fft 9 mix start: 27/32
[36;22m[DEBUG] [39;1msnarkJS[0m: alphaTauG1: fft 9 mix start: 28/32
[36;22m[DEBUG] [39;1msnarkJS[0m: alphaTauG1: fft 9 mix start: 29/32
[36;22m[DEBUG] [39;1msnarkJS[0m: alphaTauG1: fft 9 mix start: 30/32
[36;22m[DEBUG] [39;1msnarkJS[0m: alphaTauG1: fft 9 mix start: 31/32
[36;22m[DEBUG] [39;1msnarkJS[0m: alphaTauG1: fft 9 mix end: 1/32
[36;22m[DEBUG] [39;1msnarkJS[0m: alphaTauG1: fft 9 mix end: 3/32
[36;22m[DEBUG] [39;1msnarkJS[0m: alphaTauG1: fft 9 mix end: 6/32
[36;22m[DEBUG] [39;1msnarkJS[0m: alphaTauG1: fft 9 mix end: 7/32
[36;22m[DEBUG] [39;1msnarkJS[0m: alphaTauG1: fft 9 mix end: 10/32
[36;22m[DEBUG] [39;1msnarkJS[0m: alphaTauG1: fft 9 mix end: 12/32
[36;22m[DEBUG] [39;1msnarkJS[0m: alphaTauG1: fft 9 mix end: 13/32
[36;22m[DEBUG] [39;1msnarkJS[0m: alphaTauG1: fft 9 mix end: 14/32
[36;22m[DEBUG] [39;1msnarkJS[0m: alphaTauG1: fft 9 mix end: 5/32
[36;22m[DEBUG] [39;1msnarkJS[0m: alphaTauG1: fft 9 mix end: 8/32
[36;22m[DEBUG] [39;1msnarkJS[0m: alphaTauG1: fft 9 mix end: 23/32
[36;22m[DEBUG] [39;1msnarkJS[0m: alphaTauG1: fft 9 mix end: 0/32
[36;22m[DEBUG] [39;1msnarkJS[0m: alphaTauG1: fft 9 mix end: 2/32
[36;22m[DEBUG] [39;1msnarkJS[0m: alphaTauG1: fft 9 mix end: 4/32
[36;22m[DEBUG] [39;1msnarkJS[0m: alphaTauG1: fft 9 mix end: 9/32
[36;22m[DEBUG] [39;1msnarkJS[0m: alphaTauG1: fft 9 mix end: 17/32
[36;22m[DEBUG] [39;1msnarkJS[0m: alphaTauG1: fft 9 mix end: 24/32
[36;22m[DEBUG] [39;1msnarkJS[0m: alphaTauG1: fft 9 mix end: 11/32
[36;22m[DEBUG] [39;1msnarkJS[0m: alphaTauG1: fft 9 mix end: 28/32
[36;22m[DEBUG] [39;1msnarkJS[0m: alphaTauG1: fft 9 mix end: 18/32
[36;22m[DEBUG] [39;1msnarkJS[0m: alphaTauG1: fft 9 mix end: 21/32
[36;22m[DEBUG] [39;1msnarkJS[0m: alphaTauG1: fft 9 mix end: 16/32
[36;22m[DEBUG] [39;1msnarkJS[0m: alphaTauG1: fft 9 mix end: 15/32
[36;22m[DEBUG] [39;1msnarkJS[0m: alphaTauG1: fft 9 mix end: 26/32
[36;22m[DEBUG] [39;1msnarkJS[0m: alphaTauG1: fft 9 mix end: 19/32
[36;22m[DEBUG] [39;1msnarkJS[0m: alphaTauG1: fft 9 mix end: 22/32
[36;22m[DEBUG] [39;1msnarkJS[0m: alphaTauG1: fft 9 mix end: 27/32
[36;22m[DEBUG] [39;1msnarkJS[0m: alphaTauG1: fft 9 mix end: 31/32
[36;22m[DEBUG] [39;1msnarkJS[0m: alphaTauG1: fft 9 mix end: 20/32
[36;22m[DEBUG] [39;1msnarkJS[0m: alphaTauG1: fft 9 mix end: 25/32
[36;22m[DEBUG] [39;1msnarkJS[0m: alphaTauG1: fft 9 mix end: 29/32
[36;22m[DEBUG] [39;1msnarkJS[0m: alphaTauG1: fft 9 mix end: 30/32
[36;22m[DEBUG] [39;1msnarkJS[0m: alphaTauG1: fft  9  join: 5/9
[36;22m[DEBUG] [39;1msnarkJS[0m: alphaTauG1: fft 9 join  5/9  10/16 0/1
[36;22m[DEBUG] [39;1msnarkJS[0m: alphaTauG1: fft 9 join  5/9  14/16 0/1
[36;22m[DEBUG] [39;1msnarkJS[0m: alphaTauG1: fft 9 join  5/9  3/16 0/1
[36;22m[DEBUG] [39;1msnarkJS[0m: alphaTauG1: fft 9 join  5/9  4/16 0/1
[36;22m[DEBUG] [39;1msnarkJS[0m: alphaTauG1: fft 9 join  5/9  8/16 0/1
[36;22m[DEBUG] [39;1msnarkJS[0m: alphaTauG1: fft 9 join  5/9  1/16 0/1
[36;22m[DEBUG] [39;1msnarkJS[0m: alphaTauG1: fft 9 join  5/9  13/16 0/1
[36;22m[DEBUG] [39;1msnarkJS[0m: alphaTauG1: fft 9 join  5/9  15/16 0/1
[36;22m[DEBUG] [39;1msnarkJS[0m: alphaTauG1: fft 9 join  5/9  2/16 0/1
[36;22m[DEBUG] [39;1msnarkJS[0m: alphaTauG1: fft 9 join  5/9  5/16 0/1
[36;22m[DEBUG] [39;1msnarkJS[0m: alphaTauG1: fft 9 join  5/9  6/16 0/1
[36;22m[DEBUG] [39;1msnarkJS[0m: alphaTauG1: fft 9 join  5/9  7/16 0/1
[36;22m[DEBUG] [39;1msnarkJS[0m: alphaTauG1: fft 9 join  5/9  9/16 0/1
[36;22m[DEBUG] [39;1msnarkJS[0m: alphaTauG1: fft 9 join  5/9  11/16 0/1
[36;22m[DEBUG] [39;1msnarkJS[0m: alphaTauG1: fft 9 join  5/9  12/16 0/1
[36;22m[DEBUG] [39;1msnarkJS[0m: alphaTauG1: fft 9 join  5/9  16/16 0/1
[36;22m[DEBUG] [39;1msnarkJS[0m: alphaTauG1: fft  9  join: 6/9
[36;22m[DEBUG] [39;1msnarkJS[0m: alphaTauG1: fft 9 join  6/9  1/8 0/2
[36;22m[DEBUG] [39;1msnarkJS[0m: alphaTauG1: fft 9 join  6/9  2/8 0/2
[36;22m[DEBUG] [39;1msnarkJS[0m: alphaTauG1: fft 9 join  6/9  3/8 0/2
[36;22m[DEBUG] [39;1msnarkJS[0m: alphaTauG1: fft 9 join  6/9  4/8 0/2
[36;22m[DEBUG] [39;1msnarkJS[0m: alphaTauG1: fft 9 join  6/9  5/8 0/2
[36;22m[DEBUG] [39;1msnarkJS[0m: alphaTauG1: fft 9 join  6/9  6/8 0/2
[36;22m[DEBUG] [39;1msnarkJS[0m: alphaTauG1: fft 9 join  6/9  7/8 0/2
[36;22m[DEBUG] [39;1msnarkJS[0m: alphaTauG1: fft 9 join  6/9  8/8 0/2
[36;22m[DEBUG] [39;1msnarkJS[0m: alphaTauG1: fft 9 join  6/9  1/8 1/2
[36;22m[DEBUG] [39;1msnarkJS[0m: alphaTauG1: fft 9 join  6/9  2/8 1/2
[36;22m[DEBUG] [39;1msnarkJS[0m: alphaTauG1: fft 9 join  6/9  3/8 1/2
[36;22m[DEBUG] [39;1msnarkJS[0m: alphaTauG1: fft 9 join  6/9  4/8 1/2
[36;22m[DEBUG] [39;1msnarkJS[0m: alphaTauG1: fft 9 join  6/9  5/8 1/2
[36;22m[DEBUG] [39;1msnarkJS[0m: alphaTauG1: fft 9 join  6/9  6/8 1/2
[36;22m[DEBUG] [39;1msnarkJS[0m: alphaTauG1: fft 9 join  6/9  7/8 1/2
[36;22m[DEBUG] [39;1msnarkJS[0m: alphaTauG1: fft 9 join  6/9  8/8 1/2
[36;22m[DEBUG] [39;1msnarkJS[0m: alphaTauG1: fft  9  join: 7/9
[36;22m[DEBUG] [39;1msnarkJS[0m: alphaTauG1: fft 9 join  7/9  1/4 0/4
[36;22m[DEBUG] [39;1msnarkJS[0m: alphaTauG1: fft 9 join  7/9  2/4 0/4
[36;22m[DEBUG] [39;1msnarkJS[0m: alphaTauG1: fft 9 join  7/9  3/4 0/4
[36;22m[DEBUG] [39;1msnarkJS[0m: alphaTauG1: fft 9 join  7/9  4/4 0/4
[36;22m[DEBUG] [39;1msnarkJS[0m: alphaTauG1: fft 9 join  7/9  1/4 1/4
[36;22m[DEBUG] [39;1msnarkJS[0m: alphaTauG1: fft 9 join  7/9  1/4 2/4
[36;22m[DEBUG] [39;1msnarkJS[0m: alphaTauG1: fft 9 join  7/9  1/4 3/4
[36;22m[DEBUG] [39;1msnarkJS[0m: alphaTauG1: fft 9 join  7/9  2/4 2/4
[36;22m[DEBUG] [39;1msnarkJS[0m: alphaTauG1: fft 9 join  7/9  2/4 1/4
[36;22m[DEBUG] [39;1msnarkJS[0m: alphaTauG1: fft 9 join  7/9  2/4 3/4
[36;22m[DEBUG] [39;1msnarkJS[0m: alphaTauG1: fft 9 join  7/9  3/4 2/4
[36;22m[DEBUG] [39;1msnarkJS[0m: alphaTauG1: fft 9 join  7/9  3/4 3/4
[36;22m[DEBUG] [39;1msnarkJS[0m: alphaTauG1: fft 9 join  7/9  4/4 1/4
[36;22m[DEBUG] [39;1msnarkJS[0m: alphaTauG1: fft 9 join  7/9  4/4 2/4
[36;22m[DEBUG] [39;1msnarkJS[0m: alphaTauG1: fft 9 join  7/9  3/4 1/4
[36;22m[DEBUG] [39;1msnarkJS[0m: alphaTauG1: fft 9 join  7/9  4/4 3/4
[36;22m[DEBUG] [39;1msnarkJS[0m: alphaTauG1: fft  9  join: 8/9
[36;22m[DEBUG] [39;1msnarkJS[0m: alphaTauG1: fft 9 join  8/9  1/2 0/8
[36;22m[DEBUG] [39;1msnarkJS[0m: alphaTauG1: fft 9 join  8/9  2/2 0/8
[36;22m[DEBUG] [39;1msnarkJS[0m: alphaTauG1: fft 9 join  8/9  1/2 1/8
[36;22m[DEBUG] [39;1msnarkJS[0m: alphaTauG1: fft 9 join  8/9  1/2 2/8
[36;22m[DEBUG] [39;1msnarkJS[0m: alphaTauG1: fft 9 join  8/9  1/2 3/8
[36;22m[DEBUG] [39;1msnarkJS[0m: alphaTauG1: fft 9 join  8/9  1/2 4/8
[36;22m[DEBUG] [39;1msnarkJS[0m: alphaTauG1: fft 9 join  8/9  1/2 5/8
[36;22m[DEBUG] [39;1msnarkJS[0m: alphaTauG1: fft 9 join  8/9  1/2 6/8
[36;22m[DEBUG] [39;1msnarkJS[0m: alphaTauG1: fft 9 join  8/9  1/2 7/8
[36;22m[DEBUG] [39;1msnarkJS[0m: alphaTauG1: fft 9 join  8/9  2/2 3/8
[36;22m[DEBUG] [39;1msnarkJS[0m: alphaTauG1: fft 9 join  8/9  2/2 5/8
[36;22m[DEBUG] [39;1msnarkJS[0m: alphaTauG1: fft 9 join  8/9  2/2 1/8
[36;22m[DEBUG] [39;1msnarkJS[0m: alphaTauG1: fft 9 join  8/9  2/2 2/8
[36;22m[DEBUG] [39;1msnarkJS[0m: alphaTauG1: fft 9 join  8/9  2/2 4/8
[36;22m[DEBUG] [39;1msnarkJS[0m: alphaTauG1: fft 9 join  8/9  2/2 6/8
[36;22m[DEBUG] [39;1msnarkJS[0m: alphaTauG1: fft 9 join  8/9  2/2 7/8
[36;22m[DEBUG] [39;1msnarkJS[0m: alphaTauG1: fft  9  join: 9/9
[36;22m[DEBUG] [39;1msnarkJS[0m: alphaTauG1: fft 9 join  9/9  1/1 0/16
[36;22m[DEBUG] [39;1msnarkJS[0m: alphaTauG1: fft 9 join  9/9  1/1 2/16
[36;22m[DEBUG] [39;1msnarkJS[0m: alphaTauG1: fft 9 join  9/9  1/1 1/16
[36;22m[DEBUG] [39;1msnarkJS[0m: alphaTauG1: fft 9 join  9/9  1/1 4/16
[36;22m[DEBUG] [39;1msnarkJS[0m: alphaTauG1: fft 9 join  9/9  1/1 3/16
[36;22m[DEBUG] [39;1msnarkJS[0m: alphaTauG1: fft 9 join  9/9  1/1 5/16
[36;22m[DEBUG] [39;1msnarkJS[0m: alphaTauG1: fft 9 join  9/9  1/1 6/16
[36;22m[DEBUG] [39;1msnarkJS[0m: alphaTauG1: fft 9 join  9/9  1/1 8/16
[36;22m[DEBUG] [39;1msnarkJS[0m: alphaTauG1: fft 9 join  9/9  1/1 11/16
[36;22m[DEBUG] [39;1msnarkJS[0m: alphaTauG1: fft 9 join  9/9  1/1 10/16
[36;22m[DEBUG] [39;1msnarkJS[0m: alphaTauG1: fft 9 join  9/9  1/1 7/16
[36;22m[DEBUG] [39;1msnarkJS[0m: alphaTauG1: fft 9 join  9/9  1/1 9/16
[36;22m[DEBUG] [39;1msnarkJS[0m: alphaTauG1: fft 9 join  9/9  1/1 12/16
[36;22m[DEBUG] [39;1msnarkJS[0m: alphaTauG1: fft 9 join  9/9  1/1 13/16
[36;22m[DEBUG] [39;1msnarkJS[0m: alphaTauG1: fft 9 join  9/9  1/1 15/16
[36;22m[DEBUG] [39;1msnarkJS[0m: alphaTauG1: fft 9 join  9/9  1/1 14/16
[36;22m[DEBUG] [39;1msnarkJS[0m: alphaTauG1: fft 10 mix start: 0/32
[36;22m[DEBUG] [39;1msnarkJS[0m: alphaTauG1: fft 10 mix start: 1/32
[36;22m[DEBUG] [39;1msnarkJS[0m: alphaTauG1: fft 10 mix start: 2/32
[36;22m[DEBUG] [39;1msnarkJS[0m: alphaTauG1: fft 10 mix start: 3/32
[36;22m[DEBUG] [39;1msnarkJS[0m: alphaTauG1: fft 10 mix start: 4/32
[36;22m[DEBUG] [39;1msnarkJS[0m: alphaTauG1: fft 10 mix start: 5/32
[36;22m[DEBUG] [39;1msnarkJS[0m: alphaTauG1: fft 10 mix start: 6/32
[36;22m[DEBUG] [39;1msnarkJS[0m: alphaTauG1: fft 10 mix start: 7/32
[36;22m[DEBUG] [39;1msnarkJS[0m: alphaTauG1: fft 10 mix start: 8/32
[36;22m[DEBUG] [39;1msnarkJS[0m: alphaTauG1: fft 10 mix start: 9/32
[36;22m[DEBUG] [39;1msnarkJS[0m: alphaTauG1: fft 10 mix start: 10/32
[36;22m[DEBUG] [39;1msnarkJS[0m: alphaTauG1: fft 10 mix start: 11/32
[36;22m[DEBUG] [39;1msnarkJS[0m: alphaTauG1: fft 10 mix start: 12/32
[36;22m[DEBUG] [39;1msnarkJS[0m: alphaTauG1: fft 10 mix start: 13/32
[36;22m[DEBUG] [39;1msnarkJS[0m: alphaTauG1: fft 10 mix start: 14/32
[36;22m[DEBUG] [39;1msnarkJS[0m: alphaTauG1: fft 10 mix start: 15/32
[36;22m[DEBUG] [39;1msnarkJS[0m: alphaTauG1: fft 10 mix start: 16/32
[36;22m[DEBUG] [39;1msnarkJS[0m: alphaTauG1: fft 10 mix start: 17/32
[36;22m[DEBUG] [39;1msnarkJS[0m: alphaTauG1: fft 10 mix start: 18/32
[36;22m[DEBUG] [39;1msnarkJS[0m: alphaTauG1: fft 10 mix start: 19/32
[36;22m[DEBUG] [39;1msnarkJS[0m: alphaTauG1: fft 10 mix start: 20/32
[36;22m[DEBUG] [39;1msnarkJS[0m: alphaTauG1: fft 10 mix start: 21/32
[36;22m[DEBUG] [39;1msnarkJS[0m: alphaTauG1: fft 10 mix start: 22/32
[36;22m[DEBUG] [39;1msnarkJS[0m: alphaTauG1: fft 10 mix start: 23/32
[36;22m[DEBUG] [39;1msnarkJS[0m: alphaTauG1: fft 10 mix start: 24/32
[36;22m[DEBUG] [39;1msnarkJS[0m: alphaTauG1: fft 10 mix start: 25/32
[36;22m[DEBUG] [39;1msnarkJS[0m: alphaTauG1: fft 10 mix start: 26/32
[36;22m[DEBUG] [39;1msnarkJS[0m: alphaTauG1: fft 10 mix start: 27/32
[36;22m[DEBUG] [39;1msnarkJS[0m: alphaTauG1: fft 10 mix start: 28/32
[36;22m[DEBUG] [39;1msnarkJS[0m: alphaTauG1: fft 10 mix start: 29/32
[36;22m[DEBUG] [39;1msnarkJS[0m: alphaTauG1: fft 10 mix start: 30/32
[36;22m[DEBUG] [39;1msnarkJS[0m: alphaTauG1: fft 10 mix start: 31/32
[36;22m[DEBUG] [39;1msnarkJS[0m: alphaTauG1: fft 10 mix end: 1/32
[36;22m[DEBUG] [39;1msnarkJS[0m: alphaTauG1: fft 10 mix end: 6/32
[36;22m[DEBUG] [39;1msnarkJS[0m: alphaTauG1: fft 10 mix end: 10/32
[36;22m[DEBUG] [39;1msnarkJS[0m: alphaTauG1: fft 10 mix end: 7/32
[36;22m[DEBUG] [39;1msnarkJS[0m: alphaTauG1: fft 10 mix end: 13/32
[36;22m[DEBUG] [39;1msnarkJS[0m: alphaTauG1: fft 10 mix end: 3/32
[36;22m[DEBUG] [39;1msnarkJS[0m: alphaTauG1: fft 10 mix end: 5/32
[36;22m[DEBUG] [39;1msnarkJS[0m: alphaTauG1: fft 10 mix end: 8/32
[36;22m[DEBUG] [39;1msnarkJS[0m: alphaTauG1: fft 10 mix end: 12/32
[36;22m[DEBUG] [39;1msnarkJS[0m: alphaTauG1: fft 10 mix end: 14/32
[36;22m[DEBUG] [39;1msnarkJS[0m: alphaTauG1: fft 10 mix end: 23/32
[36;22m[DEBUG] [39;1msnarkJS[0m: alphaTauG1: fft 10 mix end: 2/32
[36;22m[DEBUG] [39;1msnarkJS[0m: alphaTauG1: fft 10 mix end: 4/32
[36;22m[DEBUG] [39;1msnarkJS[0m: alphaTauG1: fft 10 mix end: 0/32
[36;22m[DEBUG] [39;1msnarkJS[0m: alphaTauG1: fft 10 mix end: 9/32
[36;22m[DEBUG] [39;1msnarkJS[0m: alphaTauG1: fft 10 mix end: 17/32
[36;22m[DEBUG] [39;1msnarkJS[0m: alphaTauG1: fft 10 mix end: 28/32
[36;22m[DEBUG] [39;1msnarkJS[0m: alphaTauG1: fft 10 mix end: 11/32
[36;22m[DEBUG] [39;1msnarkJS[0m: alphaTauG1: fft 10 mix end: 18/32
[36;22m[DEBUG] [39;1msnarkJS[0m: alphaTauG1: fft 10 mix end: 24/32
[36;22m[DEBUG] [39;1msnarkJS[0m: alphaTauG1: fft 10 mix end: 21/32
[36;22m[DEBUG] [39;1msnarkJS[0m: alphaTauG1: fft 10 mix end: 26/32
[36;22m[DEBUG] [39;1msnarkJS[0m: alphaTauG1: fft 10 mix end: 15/32
[36;22m[DEBUG] [39;1msnarkJS[0m: alphaTauG1: fft 10 mix end: 16/32
[36;22m[DEBUG] [39;1msnarkJS[0m: alphaTauG1: fft 10 mix end: 19/32
[36;22m[DEBUG] [39;1msnarkJS[0m: alphaTauG1: fft 10 mix end: 25/32
[36;22m[DEBUG] [39;1msnarkJS[0m: alphaTauG1: fft 10 mix end: 20/32
[36;22m[DEBUG] [39;1msnarkJS[0m: alphaTauG1: fft 10 mix end: 22/32
[36;22m[DEBUG] [39;1msnarkJS[0m: alphaTauG1: fft 10 mix end: 27/32
[36;22m[DEBUG] [39;1msnarkJS[0m: alphaTauG1: fft 10 mix end: 31/32
[36;22m[DEBUG] [39;1msnarkJS[0m: alphaTauG1: fft 10 mix end: 29/32
[36;22m[DEBUG] [39;1msnarkJS[0m: alphaTauG1: fft 10 mix end: 30/32
[36;22m[DEBUG] [39;1msnarkJS[0m: alphaTauG1: fft  10  join: 6/10
[36;22m[DEBUG] [39;1msnarkJS[0m: alphaTauG1: fft 10 join  6/10  1/16 0/1
[36;22m[DEBUG] [39;1msnarkJS[0m: alphaTauG1: fft 10 join  6/10  2/16 0/1
[36;22m[DEBUG] [39;1msnarkJS[0m: alphaTauG1: fft 10 join  6/10  3/16 0/1
[36;22m[DEBUG] [39;1msnarkJS[0m: alphaTauG1: fft 10 join  6/10  8/16 0/1
[36;22m[DEBUG] [39;1msnarkJS[0m: alphaTauG1: fft 10 join  6/10  10/16 0/1
[36;22m[DEBUG] [39;1msnarkJS[0m: alphaTauG1: fft 10 join  6/10  14/16 0/1
[36;22m[DEBUG] [39;1msnarkJS[0m: alphaTauG1: fft 10 join  6/10  5/16 0/1
[36;22m[DEBUG] [39;1msnarkJS[0m: alphaTauG1: fft 10 join  6/10  6/16 0/1
[36;22m[DEBUG] [39;1msnarkJS[0m: alphaTauG1: fft 10 join  6/10  7/16 0/1
[36;22m[DEBUG] [39;1msnarkJS[0m: alphaTauG1: fft 10 join  6/10  9/16 0/1
[36;22m[DEBUG] [39;1msnarkJS[0m: alphaTauG1: fft 10 join  6/10  11/16 0/1
[36;22m[DEBUG] [39;1msnarkJS[0m: alphaTauG1: fft 10 join  6/10  12/16 0/1
[36;22m[DEBUG] [39;1msnarkJS[0m: alphaTauG1: fft 10 join  6/10  16/16 0/1
[36;22m[DEBUG] [39;1msnarkJS[0m: alphaTauG1: fft 10 join  6/10  4/16 0/1
[36;22m[DEBUG] [39;1msnarkJS[0m: alphaTauG1: fft 10 join  6/10  13/16 0/1
[36;22m[DEBUG] [39;1msnarkJS[0m: alphaTauG1: fft 10 join  6/10  15/16 0/1
[36;22m[DEBUG] [39;1msnarkJS[0m: alphaTauG1: fft  10  join: 7/10
[36;22m[DEBUG] [39;1msnarkJS[0m: alphaTauG1: fft 10 join  7/10  1/8 0/2
[36;22m[DEBUG] [39;1msnarkJS[0m: alphaTauG1: fft 10 join  7/10  2/8 0/2
[36;22m[DEBUG] [39;1msnarkJS[0m: alphaTauG1: fft 10 join  7/10  3/8 0/2
[36;22m[DEBUG] [39;1msnarkJS[0m: alphaTauG1: fft 10 join  7/10  4/8 0/2
[36;22m[DEBUG] [39;1msnarkJS[0m: alphaTauG1: fft 10 join  7/10  5/8 0/2
[36;22m[DEBUG] [39;1msnarkJS[0m: alphaTauG1: fft 10 join  7/10  6/8 0/2
[36;22m[DEBUG] [39;1msnarkJS[0m: alphaTauG1: fft 10 join  7/10  1/8 1/2
[36;22m[DEBUG] [39;1msnarkJS[0m: alphaTauG1: fft 10 join  7/10  2/8 1/2
[36;22m[DEBUG] [39;1msnarkJS[0m: alphaTauG1: fft 10 join  7/10  7/8 0/2
[36;22m[DEBUG] [39;1msnarkJS[0m: alphaTauG1: fft 10 join  7/10  8/8 0/2
[36;22m[DEBUG] [39;1msnarkJS[0m: alphaTauG1: fft 10 join  7/10  3/8 1/2
[36;22m[DEBUG] [39;1msnarkJS[0m: alphaTauG1: fft 10 join  7/10  6/8 1/2
[36;22m[DEBUG] [39;1msnarkJS[0m: alphaTauG1: fft 10 join  7/10  7/8 1/2
[36;22m[DEBUG] [39;1msnarkJS[0m: alphaTauG1: fft 10 join  7/10  4/8 1/2
[36;22m[DEBUG] [39;1msnarkJS[0m: alphaTauG1: fft 10 join  7/10  5/8 1/2
[36;22m[DEBUG] [39;1msnarkJS[0m: alphaTauG1: fft 10 join  7/10  8/8 1/2
[36;22m[DEBUG] [39;1msnarkJS[0m: alphaTauG1: fft  10  join: 8/10
[36;22m[DEBUG] [39;1msnarkJS[0m: alphaTauG1: fft 10 join  8/10  1/4 0/4
[36;22m[DEBUG] [39;1msnarkJS[0m: alphaTauG1: fft 10 join  8/10  2/4 0/4
[36;22m[DEBUG] [39;1msnarkJS[0m: alphaTauG1: fft 10 join  8/10  1/4 2/4
[36;22m[DEBUG] [39;1msnarkJS[0m: alphaTauG1: fft 10 join  8/10  1/4 3/4
[36;22m[DEBUG] [39;1msnarkJS[0m: alphaTauG1: fft 10 join  8/10  2/4 2/4
[36;22m[DEBUG] [39;1msnarkJS[0m: alphaTauG1: fft 10 join  8/10  3/4 0/4
[36;22m[DEBUG] [39;1msnarkJS[0m: alphaTauG1: fft 10 join  8/10  3/4 2/4
[36;22m[DEBUG] [39;1msnarkJS[0m: alphaTauG1: fft 10 join  8/10  1/4 1/4
[36;22m[DEBUG] [39;1msnarkJS[0m: alphaTauG1: fft 10 join  8/10  2/4 3/4
[36;22m[DEBUG] [39;1msnarkJS[0m: alphaTauG1: fft 10 join  8/10  3/4 3/4
[36;22m[DEBUG] [39;1msnarkJS[0m: alphaTauG1: fft 10 join  8/10  3/4 1/4
[36;22m[DEBUG] [39;1msnarkJS[0m: alphaTauG1: fft 10 join  8/10  4/4 0/4
[36;22m[DEBUG] [39;1msnarkJS[0m: alphaTauG1: fft 10 join  8/10  4/4 1/4
[36;22m[DEBUG] [39;1msnarkJS[0m: alphaTauG1: fft 10 join  8/10  4/4 2/4
[36;22m[DEBUG] [39;1msnarkJS[0m: alphaTauG1: fft 10 join  8/10  4/4 3/4
[36;22m[DEBUG] [39;1msnarkJS[0m: alphaTauG1: fft 10 join  8/10  2/4 1/4
[36;22m[DEBUG] [39;1msnarkJS[0m: alphaTauG1: fft  10  join: 9/10
[36;22m[DEBUG] [39;1msnarkJS[0m: alphaTauG1: fft 10 join  9/10  2/2 0/8
[36;22m[DEBUG] [39;1msnarkJS[0m: alphaTauG1: fft 10 join  9/10  1/2 0/8
[36;22m[DEBUG] [39;1msnarkJS[0m: alphaTauG1: fft 10 join  9/10  1/2 1/8
[36;22m[DEBUG] [39;1msnarkJS[0m: alphaTauG1: fft 10 join  9/10  1/2 6/8
[36;22m[DEBUG] [39;1msnarkJS[0m: alphaTauG1: fft 10 join  9/10  1/2 3/8
[36;22m[DEBUG] [39;1msnarkJS[0m: alphaTauG1: fft 10 join  9/10  1/2 5/8
[36;22m[DEBUG] [39;1msnarkJS[0m: alphaTauG1: fft 10 join  9/10  1/2 7/8
[36;22m[DEBUG] [39;1msnarkJS[0m: alphaTauG1: fft 10 join  9/10  2/2 2/8
[36;22m[DEBUG] [39;1msnarkJS[0m: alphaTauG1: fft 10 join  9/10  2/2 5/8
[36;22m[DEBUG] [39;1msnarkJS[0m: alphaTauG1: fft 10 join  9/10  1/2 2/8
[36;22m[DEBUG] [39;1msnarkJS[0m: alphaTauG1: fft 10 join  9/10  1/2 4/8
[36;22m[DEBUG] [39;1msnarkJS[0m: alphaTauG1: fft 10 join  9/10  2/2 1/8
[36;22m[DEBUG] [39;1msnarkJS[0m: alphaTauG1: fft 10 join  9/10  2/2 3/8
[36;22m[DEBUG] [39;1msnarkJS[0m: alphaTauG1: fft 10 join  9/10  2/2 4/8
[36;22m[DEBUG] [39;1msnarkJS[0m: alphaTauG1: fft 10 join  9/10  2/2 6/8
[36;22m[DEBUG] [39;1msnarkJS[0m: alphaTauG1: fft 10 join  9/10  2/2 7/8
[36;22m[DEBUG] [39;1msnarkJS[0m: alphaTauG1: fft  10  join: 10/10
[36;22m[DEBUG] [39;1msnarkJS[0m: alphaTauG1: fft 10 join  10/10  1/1 0/16
[36;22m[DEBUG] [39;1msnarkJS[0m: alphaTauG1: fft 10 join  10/10  1/1 2/16
[36;22m[DEBUG] [39;1msnarkJS[0m: alphaTauG1: fft 10 join  10/10  1/1 4/16
[36;22m[DEBUG] [39;1msnarkJS[0m: alphaTauG1: fft 10 join  10/10  1/1 1/16
[36;22m[DEBUG] [39;1msnarkJS[0m: alphaTauG1: fft 10 join  10/10  1/1 3/16
[36;22m[DEBUG] [39;1msnarkJS[0m: alphaTauG1: fft 10 join  10/10  1/1 5/16
[36;22m[DEBUG] [39;1msnarkJS[0m: alphaTauG1: fft 10 join  10/10  1/1 6/16
[36;22m[DEBUG] [39;1msnarkJS[0m: alphaTauG1: fft 10 join  10/10  1/1 8/16
[36;22m[DEBUG] [39;1msnarkJS[0m: alphaTauG1: fft 10 join  10/10  1/1 10/16
[36;22m[DEBUG] [39;1msnarkJS[0m: alphaTauG1: fft 10 join  10/10  1/1 11/16
[36;22m[DEBUG] [39;1msnarkJS[0m: alphaTauG1: fft 10 join  10/10  1/1 12/16
[36;22m[DEBUG] [39;1msnarkJS[0m: alphaTauG1: fft 10 join  10/10  1/1 13/16
[36;22m[DEBUG] [39;1msnarkJS[0m: alphaTauG1: fft 10 join  10/10  1/1 15/16
[36;22m[DEBUG] [39;1msnarkJS[0m: alphaTauG1: fft 10 join  10/10  1/1 7/16
[36;22m[DEBUG] [39;1msnarkJS[0m: alphaTauG1: fft 10 join  10/10  1/1 9/16
[36;22m[DEBUG] [39;1msnarkJS[0m: alphaTauG1: fft 10 join  10/10  1/1 14/16
[36;22m[DEBUG] [39;1msnarkJS[0m: alphaTauG1: fft 11 mix start: 0/32
[36;22m[DEBUG] [39;1msnarkJS[0m: alphaTauG1: fft 11 mix start: 1/32
[36;22m[DEBUG] [39;1msnarkJS[0m: alphaTauG1: fft 11 mix start: 2/32
[36;22m[DEBUG] [39;1msnarkJS[0m: alphaTauG1: fft 11 mix start: 3/32
[36;22m[DEBUG] [39;1msnarkJS[0m: alphaTauG1: fft 11 mix start: 4/32
[36;22m[DEBUG] [39;1msnarkJS[0m: alphaTauG1: fft 11 mix start: 5/32
[36;22m[DEBUG] [39;1msnarkJS[0m: alphaTauG1: fft 11 mix start: 6/32
[36;22m[DEBUG] [39;1msnarkJS[0m: alphaTauG1: fft 11 mix start: 7/32
[36;22m[DEBUG] [39;1msnarkJS[0m: alphaTauG1: fft 11 mix start: 8/32
[36;22m[DEBUG] [39;1msnarkJS[0m: alphaTauG1: fft 11 mix start: 9/32
[36;22m[DEBUG] [39;1msnarkJS[0m: alphaTauG1: fft 11 mix start: 10/32
[36;22m[DEBUG] [39;1msnarkJS[0m: alphaTauG1: fft 11 mix start: 11/32
[36;22m[DEBUG] [39;1msnarkJS[0m: alphaTauG1: fft 11 mix start: 12/32
[36;22m[DEBUG] [39;1msnarkJS[0m: alphaTauG1: fft 11 mix start: 13/32
[36;22m[DEBUG] [39;1msnarkJS[0m: alphaTauG1: fft 11 mix start: 14/32
[36;22m[DEBUG] [39;1msnarkJS[0m: alphaTauG1: fft 11 mix start: 15/32
[36;22m[DEBUG] [39;1msnarkJS[0m: alphaTauG1: fft 11 mix start: 16/32
[36;22m[DEBUG] [39;1msnarkJS[0m: alphaTauG1: fft 11 mix start: 17/32
[36;22m[DEBUG] [39;1msnarkJS[0m: alphaTauG1: fft 11 mix start: 18/32
[36;22m[DEBUG] [39;1msnarkJS[0m: alphaTauG1: fft 11 mix start: 19/32
[36;22m[DEBUG] [39;1msnarkJS[0m: alphaTauG1: fft 11 mix start: 20/32
[36;22m[DEBUG] [39;1msnarkJS[0m: alphaTauG1: fft 11 mix start: 21/32
[36;22m[DEBUG] [39;1msnarkJS[0m: alphaTauG1: fft 11 mix start: 22/32
[36;22m[DEBUG] [39;1msnarkJS[0m: alphaTauG1: fft 11 mix start: 23/32
[36;22m[DEBUG] [39;1msnarkJS[0m: alphaTauG1: fft 11 mix start: 24/32
[36;22m[DEBUG] [39;1msnarkJS[0m: alphaTauG1: fft 11 mix start: 25/32
[36;22m[DEBUG] [39;1msnarkJS[0m: alphaTauG1: fft 11 mix start: 26/32
[36;22m[DEBUG] [39;1msnarkJS[0m: alphaTauG1: fft 11 mix start: 27/32
[36;22m[DEBUG] [39;1msnarkJS[0m: alphaTauG1: fft 11 mix start: 28/32
[36;22m[DEBUG] [39;1msnarkJS[0m: alphaTauG1: fft 11 mix start: 29/32
[36;22m[DEBUG] [39;1msnarkJS[0m: alphaTauG1: fft 11 mix start: 30/32
[36;22m[DEBUG] [39;1msnarkJS[0m: alphaTauG1: fft 11 mix start: 31/32
[36;22m[DEBUG] [39;1msnarkJS[0m: alphaTauG1: fft 11 mix end: 1/32
[36;22m[DEBUG] [39;1msnarkJS[0m: alphaTauG1: fft 11 mix end: 5/32
[36;22m[DEBUG] [39;1msnarkJS[0m: alphaTauG1: fft 11 mix end: 6/32
[36;22m[DEBUG] [39;1msnarkJS[0m: alphaTauG1: fft 11 mix end: 8/32
[36;22m[DEBUG] [39;1msnarkJS[0m: alphaTauG1: fft 11 mix end: 13/32
[36;22m[DEBUG] [39;1msnarkJS[0m: alphaTauG1: fft 11 mix end: 7/32
[36;22m[DEBUG] [39;1msnarkJS[0m: alphaTauG1: fft 11 mix end: 10/32
[36;22m[DEBUG] [39;1msnarkJS[0m: alphaTauG1: fft 11 mix end: 12/32
[36;22m[DEBUG] [39;1msnarkJS[0m: alphaTauG1: fft 11 mix end: 3/32
[36;22m[DEBUG] [39;1msnarkJS[0m: alphaTauG1: fft 11 mix end: 14/32
[36;22m[DEBUG] [39;1msnarkJS[0m: alphaTauG1: fft 11 mix end: 23/32
[36;22m[DEBUG] [39;1msnarkJS[0m: alphaTauG1: fft 11 mix end: 2/32
[36;22m[DEBUG] [39;1msnarkJS[0m: alphaTauG1: fft 11 mix end: 28/32
[36;22m[DEBUG] [39;1msnarkJS[0m: alphaTauG1: fft 11 mix end: 0/32
[36;22m[DEBUG] [39;1msnarkJS[0m: alphaTauG1: fft 11 mix end: 24/32
[36;22m[DEBUG] [39;1msnarkJS[0m: alphaTauG1: fft 11 mix end: 4/32
[36;22m[DEBUG] [39;1msnarkJS[0m: alphaTauG1: fft 11 mix end: 17/32
[36;22m[DEBUG] [39;1msnarkJS[0m: alphaTauG1: fft 11 mix end: 11/32
[36;22m[DEBUG] [39;1msnarkJS[0m: alphaTauG1: fft 11 mix end: 9/32
[36;22m[DEBUG] [39;1msnarkJS[0m: alphaTauG1: fft 11 mix end: 16/32
[36;22m[DEBUG] [39;1msnarkJS[0m: alphaTauG1: fft 11 mix end: 19/32
[36;22m[DEBUG] [39;1msnarkJS[0m: alphaTauG1: fft 11 mix end: 18/32
[36;22m[DEBUG] [39;1msnarkJS[0m: alphaTauG1: fft 11 mix end: 21/32
[36;22m[DEBUG] [39;1msnarkJS[0m: alphaTauG1: fft 11 mix end: 27/32
[36;22m[DEBUG] [39;1msnarkJS[0m: alphaTauG1: fft 11 mix end: 31/32
[36;22m[DEBUG] [39;1msnarkJS[0m: alphaTauG1: fft 11 mix end: 15/32
[36;22m[DEBUG] [39;1msnarkJS[0m: alphaTauG1: fft 11 mix end: 20/32
[36;22m[DEBUG] [39;1msnarkJS[0m: alphaTauG1: fft 11 mix end: 25/32
[36;22m[DEBUG] [39;1msnarkJS[0m: alphaTauG1: fft 11 mix end: 26/32
[36;22m[DEBUG] [39;1msnarkJS[0m: alphaTauG1: fft 11 mix end: 22/32
[36;22m[DEBUG] [39;1msnarkJS[0m: alphaTauG1: fft 11 mix end: 30/32
[36;22m[DEBUG] [39;1msnarkJS[0m: alphaTauG1: fft 11 mix end: 29/32
[36;22m[DEBUG] [39;1msnarkJS[0m: alphaTauG1: fft  11  join: 7/11
[36;22m[DEBUG] [39;1msnarkJS[0m: alphaTauG1: fft 11 join  7/11  14/16 0/1
[36;22m[DEBUG] [39;1msnarkJS[0m: alphaTauG1: fft 11 join  7/11  3/16 0/1
[36;22m[DEBUG] [39;1msnarkJS[0m: alphaTauG1: fft 11 join  7/11  4/16 0/1
[36;22m[DEBUG] [39;1msnarkJS[0m: alphaTauG1: fft 11 join  7/11  10/16 0/1
[36;22m[DEBUG] [39;1msnarkJS[0m: alphaTauG1: fft 11 join  7/11  1/16 0/1
[36;22m[DEBUG] [39;1msnarkJS[0m: alphaTauG1: fft 11 join  7/11  8/16 0/1
[36;22m[DEBUG] [39;1msnarkJS[0m: alphaTauG1: fft 11 join  7/11  7/16 0/1
[36;22m[DEBUG] [39;1msnarkJS[0m: alphaTauG1: fft 11 join  7/11  13/16 0/1
[36;22m[DEBUG] [39;1msnarkJS[0m: alphaTauG1: fft 11 join  7/11  15/16 0/1
[36;22m[DEBUG] [39;1msnarkJS[0m: alphaTauG1: fft 11 join  7/11  2/16 0/1
[36;22m[DEBUG] [39;1msnarkJS[0m: alphaTauG1: fft 11 join  7/11  9/16 0/1
[36;22m[DEBUG] [39;1msnarkJS[0m: alphaTauG1: fft 11 join  7/11  12/16 0/1
[36;22m[DEBUG] [39;1msnarkJS[0m: alphaTauG1: fft 11 join  7/11  16/16 0/1
[36;22m[DEBUG] [39;1msnarkJS[0m: alphaTauG1: fft 11 join  7/11  5/16 0/1
[36;22m[DEBUG] [39;1msnarkJS[0m: alphaTauG1: fft 11 join  7/11  6/16 0/1
[36;22m[DEBUG] [39;1msnarkJS[0m: alphaTauG1: fft 11 join  7/11  11/16 0/1
[36;22m[DEBUG] [39;1msnarkJS[0m: alphaTauG1: fft  11  join: 8/11
[36;22m[DEBUG] [39;1msnarkJS[0m: alphaTauG1: fft 11 join  8/11  1/8 0/2
[36;22m[DEBUG] [39;1msnarkJS[0m: alphaTauG1: fft 11 join  8/11  2/8 0/2
[36;22m[DEBUG] [39;1msnarkJS[0m: alphaTauG1: fft 11 join  8/11  4/8 0/2
[36;22m[DEBUG] [39;1msnarkJS[0m: alphaTauG1: fft 11 join  8/11  5/8 0/2
[36;22m[DEBUG] [39;1msnarkJS[0m: alphaTauG1: fft 11 join  8/11  6/8 0/2
[36;22m[DEBUG] [39;1msnarkJS[0m: alphaTauG1: fft 11 join  8/11  2/8 1/2
[36;22m[DEBUG] [39;1msnarkJS[0m: alphaTauG1: fft 11 join  8/11  8/8 0/2
[36;22m[DEBUG] [39;1msnarkJS[0m: alphaTauG1: fft 11 join  8/11  7/8 0/2
[36;22m[DEBUG] [39;1msnarkJS[0m: alphaTauG1: fft 11 join  8/11  7/8 1/2
[36;22m[DEBUG] [39;1msnarkJS[0m: alphaTauG1: fft 11 join  8/11  1/8 1/2
[36;22m[DEBUG] [39;1msnarkJS[0m: alphaTauG1: fft 11 join  8/11  3/8 1/2
[36;22m[DEBUG] [39;1msnarkJS[0m: alphaTauG1: fft 11 join  8/11  4/8 1/2
[36;22m[DEBUG] [39;1msnarkJS[0m: alphaTauG1: fft 11 join  8/11  6/8 1/2
[36;22m[DEBUG] [39;1msnarkJS[0m: alphaTauG1: fft 11 join  8/11  8/8 1/2
[36;22m[DEBUG] [39;1msnarkJS[0m: alphaTauG1: fft 11 join  8/11  5/8 1/2
[36;22m[DEBUG] [39;1msnarkJS[0m: alphaTauG1: fft 11 join  8/11  3/8 0/2
[36;22m[DEBUG] [39;1msnarkJS[0m: alphaTauG1: fft  11  join: 9/11
[36;22m[DEBUG] [39;1msnarkJS[0m: alphaTauG1: fft 11 join  9/11  2/4 0/4
[36;22m[DEBUG] [39;1msnarkJS[0m: alphaTauG1: fft 11 join  9/11  1/4 0/4
[36;22m[DEBUG] [39;1msnarkJS[0m: alphaTauG1: fft 11 join  9/11  3/4 2/4
[36;22m[DEBUG] [39;1msnarkJS[0m: alphaTauG1: fft 11 join  9/11  2/4 2/4
[36;22m[DEBUG] [39;1msnarkJS[0m: alphaTauG1: fft 11 join  9/11  1/4 1/4
[36;22m[DEBUG] [39;1msnarkJS[0m: alphaTauG1: fft 11 join  9/11  1/4 2/4
[36;22m[DEBUG] [39;1msnarkJS[0m: alphaTauG1: fft 11 join  9/11  3/4 0/4
[36;22m[DEBUG] [39;1msnarkJS[0m: alphaTauG1: fft 11 join  9/11  3/4 1/4
[36;22m[DEBUG] [39;1msnarkJS[0m: alphaTauG1: fft 11 join  9/11  3/4 3/4
[36;22m[DEBUG] [39;1msnarkJS[0m: alphaTauG1: fft 11 join  9/11  4/4 1/4
[36;22m[DEBUG] [39;1msnarkJS[0m: alphaTauG1: fft 11 join  9/11  2/4 3/4
[36;22m[DEBUG] [39;1msnarkJS[0m: alphaTauG1: fft 11 join  9/11  1/4 3/4
[36;22m[DEBUG] [39;1msnarkJS[0m: alphaTauG1: fft 11 join  9/11  4/4 0/4
[36;22m[DEBUG] [39;1msnarkJS[0m: alphaTauG1: fft 11 join  9/11  4/4 3/4
[36;22m[DEBUG] [39;1msnarkJS[0m: alphaTauG1: fft 11 join  9/11  2/4 1/4
[36;22m[DEBUG] [39;1msnarkJS[0m: alphaTauG1: fft 11 join  9/11  4/4 2/4
[36;22m[DEBUG] [39;1msnarkJS[0m: alphaTauG1: fft  11  join: 10/11
[36;22m[DEBUG] [39;1msnarkJS[0m: alphaTauG1: fft 11 join  10/11  1/2 0/8
[36;22m[DEBUG] [39;1msnarkJS[0m: alphaTauG1: fft 11 join  10/11  1/2 6/8
[36;22m[DEBUG] [39;1msnarkJS[0m: alphaTauG1: fft 11 join  10/11  1/2 1/8
[36;22m[DEBUG] [39;1msnarkJS[0m: alphaTauG1: fft 11 join  10/11  1/2 2/8
[36;22m[DEBUG] [39;1msnarkJS[0m: alphaTauG1: fft 11 join  10/11  1/2 3/8
[36;22m[DEBUG] [39;1msnarkJS[0m: alphaTauG1: fft 11 join  10/11  1/2 4/8
[36;22m[DEBUG] [39;1msnarkJS[0m: alphaTauG1: fft 11 join  10/11  2/2 2/8
[36;22m[DEBUG] [39;1msnarkJS[0m: alphaTauG1: fft 11 join  10/11  2/2 5/8
[36;22m[DEBUG] [39;1msnarkJS[0m: alphaTauG1: fft 11 join  10/11  1/2 7/8
[36;22m[DEBUG] [39;1msnarkJS[0m: alphaTauG1: fft 11 join  10/11  2/2 3/8
[36;22m[DEBUG] [39;1msnarkJS[0m: alphaTauG1: fft 11 join  10/11  2/2 7/8
[36;22m[DEBUG] [39;1msnarkJS[0m: alphaTauG1: fft 11 join  10/11  2/2 1/8
[36;22m[DEBUG] [39;1msnarkJS[0m: alphaTauG1: fft 11 join  10/11  2/2 4/8
[36;22m[DEBUG] [39;1msnarkJS[0m: alphaTauG1: fft 11 join  10/11  2/2 6/8
[36;22m[DEBUG] [39;1msnarkJS[0m: alphaTauG1: fft 11 join  10/11  1/2 5/8
[36;22m[DEBUG] [39;1msnarkJS[0m: alphaTauG1: fft 11 join  10/11  2/2 0/8
[36;22m[DEBUG] [39;1msnarkJS[0m: alphaTauG1: fft  11  join: 11/11
[36;22m[DEBUG] [39;1msnarkJS[0m: alphaTauG1: fft 11 join  11/11  1/1 0/16
[36;22m[DEBUG] [39;1msnarkJS[0m: alphaTauG1: fft 11 join  11/11  1/1 4/16
[36;22m[DEBUG] [39;1msnarkJS[0m: alphaTauG1: fft 11 join  11/11  1/1 6/16
[36;22m[DEBUG] [39;1msnarkJS[0m: alphaTauG1: fft 11 join  11/11  1/1 2/16
[36;22m[DEBUG] [39;1msnarkJS[0m: alphaTauG1: fft 11 join  11/11  1/1 1/16
[36;22m[DEBUG] [39;1msnarkJS[0m: alphaTauG1: fft 11 join  11/11  1/1 10/16
[36;22m[DEBUG] [39;1msnarkJS[0m: alphaTauG1: fft 11 join  11/11  1/1 8/16
[36;22m[DEBUG] [39;1msnarkJS[0m: alphaTauG1: fft 11 join  11/11  1/1 11/16
[36;22m[DEBUG] [39;1msnarkJS[0m: alphaTauG1: fft 11 join  11/11  1/1 3/16
[36;22m[DEBUG] [39;1msnarkJS[0m: alphaTauG1: fft 11 join  11/11  1/1 5/16
[36;22m[DEBUG] [39;1msnarkJS[0m: alphaTauG1: fft 11 join  11/11  1/1 13/16
[36;22m[DEBUG] [39;1msnarkJS[0m: alphaTauG1: fft 11 join  11/11  1/1 12/16
[36;22m[DEBUG] [39;1msnarkJS[0m: alphaTauG1: fft 11 join  11/11  1/1 9/16
[36;22m[DEBUG] [39;1msnarkJS[0m: alphaTauG1: fft 11 join  11/11  1/1 14/16
[36;22m[DEBUG] [39;1msnarkJS[0m: alphaTauG1: fft 11 join  11/11  1/1 7/16
[36;22m[DEBUG] [39;1msnarkJS[0m: alphaTauG1: fft 11 join  11/11  1/1 15/16
[36;22m[DEBUG] [39;1msnarkJS[0m: alphaTauG1: fft 12 mix start: 0/32
[36;22m[DEBUG] [39;1msnarkJS[0m: alphaTauG1: fft 12 mix start: 1/32
[36;22m[DEBUG] [39;1msnarkJS[0m: alphaTauG1: fft 12 mix start: 2/32
[36;22m[DEBUG] [39;1msnarkJS[0m: alphaTauG1: fft 12 mix start: 3/32
[36;22m[DEBUG] [39;1msnarkJS[0m: alphaTauG1: fft 12 mix start: 4/32
[36;22m[DEBUG] [39;1msnarkJS[0m: alphaTauG1: fft 12 mix start: 5/32
[36;22m[DEBUG] [39;1msnarkJS[0m: alphaTauG1: fft 12 mix start: 6/32
[36;22m[DEBUG] [39;1msnarkJS[0m: alphaTauG1: fft 12 mix start: 7/32
[36;22m[DEBUG] [39;1msnarkJS[0m: alphaTauG1: fft 12 mix start: 8/32
[36;22m[DEBUG] [39;1msnarkJS[0m: alphaTauG1: fft 12 mix start: 9/32
[36;22m[DEBUG] [39;1msnarkJS[0m: alphaTauG1: fft 12 mix start: 10/32
[36;22m[DEBUG] [39;1msnarkJS[0m: alphaTauG1: fft 12 mix start: 11/32
[36;22m[DEBUG] [39;1msnarkJS[0m: alphaTauG1: fft 12 mix start: 12/32
[36;22m[DEBUG] [39;1msnarkJS[0m: alphaTauG1: fft 12 mix start: 13/32
[36;22m[DEBUG] [39;1msnarkJS[0m: alphaTauG1: fft 12 mix start: 14/32
[36;22m[DEBUG] [39;1msnarkJS[0m: alphaTauG1: fft 12 mix start: 15/32
[36;22m[DEBUG] [39;1msnarkJS[0m: alphaTauG1: fft 12 mix start: 16/32
[36;22m[DEBUG] [39;1msnarkJS[0m: alphaTauG1: fft 12 mix start: 17/32
[36;22m[DEBUG] [39;1msnarkJS[0m: alphaTauG1: fft 12 mix start: 18/32
[36;22m[DEBUG] [39;1msnarkJS[0m: alphaTauG1: fft 12 mix start: 19/32
[36;22m[DEBUG] [39;1msnarkJS[0m: alphaTauG1: fft 12 mix start: 20/32
[36;22m[DEBUG] [39;1msnarkJS[0m: alphaTauG1: fft 12 mix start: 21/32
[36;22m[DEBUG] [39;1msnarkJS[0m: alphaTauG1: fft 12 mix start: 22/32
[36;22m[DEBUG] [39;1msnarkJS[0m: alphaTauG1: fft 12 mix start: 23/32
[36;22m[DEBUG] [39;1msnarkJS[0m: alphaTauG1: fft 12 mix start: 24/32
[36;22m[DEBUG] [39;1msnarkJS[0m: alphaTauG1: fft 12 mix start: 25/32
[36;22m[DEBUG] [39;1msnarkJS[0m: alphaTauG1: fft 12 mix start: 26/32
[36;22m[DEBUG] [39;1msnarkJS[0m: alphaTauG1: fft 12 mix start: 27/32
[36;22m[DEBUG] [39;1msnarkJS[0m: alphaTauG1: fft 12 mix start: 28/32
[36;22m[DEBUG] [39;1msnarkJS[0m: alphaTauG1: fft 12 mix start: 29/32
[36;22m[DEBUG] [39;1msnarkJS[0m: alphaTauG1: fft 12 mix start: 30/32
[36;22m[DEBUG] [39;1msnarkJS[0m: alphaTauG1: fft 12 mix start: 31/32
[36;22m[DEBUG] [39;1msnarkJS[0m: alphaTauG1: fft 12 mix end: 3/32
[36;22m[DEBUG] [39;1msnarkJS[0m: alphaTauG1: fft 12 mix end: 2/32
[36;22m[DEBUG] [39;1msnarkJS[0m: alphaTauG1: fft 12 mix end: 6/32
[36;22m[DEBUG] [39;1msnarkJS[0m: alphaTauG1: fft 12 mix end: 12/32
[36;22m[DEBUG] [39;1msnarkJS[0m: alphaTauG1: fft 12 mix end: 8/32
[36;22m[DEBUG] [39;1msnarkJS[0m: alphaTauG1: fft 12 mix end: 23/32
[36;22m[DEBUG] [39;1msnarkJS[0m: alphaTauG1: fft 12 mix end: 1/32
[36;22m[DEBUG] [39;1msnarkJS[0m: alphaTauG1: fft 12 mix end: 5/32
[36;22m[DEBUG] [39;1msnarkJS[0m: alphaTauG1: fft 12 mix end: 10/32
[36;22m[DEBUG] [39;1msnarkJS[0m: alphaTauG1: fft 12 mix end: 7/32
[36;22m[DEBUG] [39;1msnarkJS[0m: alphaTauG1: fft 12 mix end: 14/32
[36;22m[DEBUG] [39;1msnarkJS[0m: alphaTauG1: fft 12 mix end: 0/32
[36;22m[DEBUG] [39;1msnarkJS[0m: alphaTauG1: fft 12 mix end: 21/32
[36;22m[DEBUG] [39;1msnarkJS[0m: alphaTauG1: fft 12 mix end: 24/32
[36;22m[DEBUG] [39;1msnarkJS[0m: alphaTauG1: fft 12 mix end: 31/32
[36;22m[DEBUG] [39;1msnarkJS[0m: alphaTauG1: fft 12 mix end: 29/32
[36;22m[DEBUG] [39;1msnarkJS[0m: alphaTauG1: fft 12 mix end: 11/32
[36;22m[DEBUG] [39;1msnarkJS[0m: alphaTauG1: fft 12 mix end: 27/32
[36;22m[DEBUG] [39;1msnarkJS[0m: alphaTauG1: fft 12 mix end: 26/32
[36;22m[DEBUG] [39;1msnarkJS[0m: alphaTauG1: fft 12 mix end: 9/32
[36;22m[DEBUG] [39;1msnarkJS[0m: alphaTauG1: fft 12 mix end: 18/32
[36;22m[DEBUG] [39;1msnarkJS[0m: alphaTauG1: fft 12 mix end: 16/32
[36;22m[DEBUG] [39;1msnarkJS[0m: alphaTauG1: fft 12 mix end: 4/32
[36;22m[DEBUG] [39;1msnarkJS[0m: alphaTauG1: fft 12 mix end: 15/32
[36;22m[DEBUG] [39;1msnarkJS[0m: alphaTauG1: fft 12 mix end: 17/32
[36;22m[DEBUG] [39;1msnarkJS[0m: alphaTauG1: fft 12 mix end: 28/32
[36;22m[DEBUG] [39;1msnarkJS[0m: alphaTauG1: fft 12 mix end: 25/32
[36;22m[DEBUG] [39;1msnarkJS[0m: alphaTauG1: fft 12 mix end: 20/32
[36;22m[DEBUG] [39;1msnarkJS[0m: alphaTauG1: fft 12 mix end: 19/32
[36;22m[DEBUG] [39;1msnarkJS[0m: alphaTauG1: fft 12 mix end: 22/32
[36;22m[DEBUG] [39;1msnarkJS[0m: alphaTauG1: fft 12 mix end: 30/32
[36;22m[DEBUG] [39;1msnarkJS[0m: alphaTauG1: fft 12 mix end: 13/32
[36;22m[DEBUG] [39;1msnarkJS[0m: alphaTauG1: fft  12  join: 8/12
[36;22m[DEBUG] [39;1msnarkJS[0m: alphaTauG1: fft 12 join  8/12  3/16 0/1
[36;22m[DEBUG] [39;1msnarkJS[0m: alphaTauG1: fft 12 join  8/12  14/16 0/1
[36;22m[DEBUG] [39;1msnarkJS[0m: alphaTauG1: fft 12 join  8/12  1/16 0/1
[36;22m[DEBUG] [39;1msnarkJS[0m: alphaTauG1: fft 12 join  8/12  2/16 0/1
[36;22m[DEBUG] [39;1msnarkJS[0m: alphaTauG1: fft 12 join  8/12  5/16 0/1
[36;22m[DEBUG] [39;1msnarkJS[0m: alphaTauG1: fft 12 join  8/12  7/16 0/1
[36;22m[DEBUG] [39;1msnarkJS[0m: alphaTauG1: fft 12 join  8/12  9/16 0/1
[36;22m[DEBUG] [39;1msnarkJS[0m: alphaTauG1: fft 12 join  8/12  11/16 0/1
[36;22m[DEBUG] [39;1msnarkJS[0m: alphaTauG1: fft 12 join  8/12  12/16 0/1
[36;22m[DEBUG] [39;1msnarkJS[0m: alphaTauG1: fft 12 join  8/12  16/16 0/1
[36;22m[DEBUG] [39;1msnarkJS[0m: alphaTauG1: fft 12 join  8/12  4/16 0/1
[36;22m[DEBUG] [39;1msnarkJS[0m: alphaTauG1: fft 12 join  8/12  10/16 0/1
[36;22m[DEBUG] [39;1msnarkJS[0m: alphaTauG1: fft 12 join  8/12  8/16 0/1
[36;22m[DEBUG] [39;1msnarkJS[0m: alphaTauG1: fft 12 join  8/12  6/16 0/1
[36;22m[DEBUG] [39;1msnarkJS[0m: alphaTauG1: fft 12 join  8/12  15/16 0/1
[36;22m[DEBUG] [39;1msnarkJS[0m: alphaTauG1: fft 12 join  8/12  13/16 0/1
[36;22m[DEBUG] [39;1msnarkJS[0m: alphaTauG1: fft  12  join: 9/12
[36;22m[DEBUG] [39;1msnarkJS[0m: alphaTauG1: fft 12 join  9/12  2/8 0/2
[36;22m[DEBUG] [39;1msnarkJS[0m: alphaTauG1: fft 12 join  9/12  3/8 0/2
[36;22m[DEBUG] [39;1msnarkJS[0m: alphaTauG1: fft 12 join  9/12  4/8 0/2
[36;22m[DEBUG] [39;1msnarkJS[0m: alphaTauG1: fft 12 join  9/12  5/8 0/2
[36;22m[DEBUG] [39;1msnarkJS[0m: alphaTauG1: fft 12 join  9/12  6/8 0/2
[36;22m[DEBUG] [39;1msnarkJS[0m: alphaTauG1: fft 12 join  9/12  6/8 1/2
[36;22m[DEBUG] [39;1msnarkJS[0m: alphaTauG1: fft 12 join  9/12  1/8 1/2
[36;22m[DEBUG] [39;1msnarkJS[0m: alphaTauG1: fft 12 join  9/12  2/8 1/2
[36;22m[DEBUG] [39;1msnarkJS[0m: alphaTauG1: fft 12 join  9/12  7/8 1/2
[36;22m[DEBUG] [39;1msnarkJS[0m: alphaTauG1: fft 12 join  9/12  1/8 0/2
[36;22m[DEBUG] [39;1msnarkJS[0m: alphaTauG1: fft 12 join  9/12  8/8 0/2
[36;22m[DEBUG] [39;1msnarkJS[0m: alphaTauG1: fft 12 join  9/12  5/8 1/2
[36;22m[DEBUG] [39;1msnarkJS[0m: alphaTauG1: fft 12 join  9/12  7/8 0/2
[36;22m[DEBUG] [39;1msnarkJS[0m: alphaTauG1: fft 12 join  9/12  4/8 1/2
[36;22m[DEBUG] [39;1msnarkJS[0m: alphaTauG1: fft 12 join  9/12  8/8 1/2
[36;22m[DEBUG] [39;1msnarkJS[0m: alphaTauG1: fft 12 join  9/12  3/8 1/2
[36;22m[DEBUG] [39;1msnarkJS[0m: alphaTauG1: fft  12  join: 10/12
[36;22m[DEBUG] [39;1msnarkJS[0m: alphaTauG1: fft 12 join  10/12  1/4 0/4
[36;22m[DEBUG] [39;1msnarkJS[0m: alphaTauG1: fft 12 join  10/12  2/4 0/4
[36;22m[DEBUG] [39;1msnarkJS[0m: alphaTauG1: fft 12 join  10/12  2/4 2/4
[36;22m[DEBUG] [39;1msnarkJS[0m: alphaTauG1: fft 12 join  10/12  3/4 0/4
[36;22m[DEBUG] [39;1msnarkJS[0m: alphaTauG1: fft 12 join  10/12  3/4 3/4
[36;22m[DEBUG] [39;1msnarkJS[0m: alphaTauG1: fft 12 join  10/12  1/4 3/4
[36;22m[DEBUG] [39;1msnarkJS[0m: alphaTauG1: fft 12 join  10/12  1/4 2/4
[36;22m[DEBUG] [39;1msnarkJS[0m: alphaTauG1: fft 12 join  10/12  3/4 2/4
[36;22m[DEBUG] [39;1msnarkJS[0m: alphaTauG1: fft 12 join  10/12  1/4 1/4
[36;22m[DEBUG] [39;1msnarkJS[0m: alphaTauG1: fft 12 join  10/12  4/4 0/4
[36;22m[DEBUG] [39;1msnarkJS[0m: alphaTauG1: fft 12 join  10/12  2/4 1/4
[36;22m[DEBUG] [39;1msnarkJS[0m: alphaTauG1: fft 12 join  10/12  4/4 3/4
[36;22m[DEBUG] [39;1msnarkJS[0m: alphaTauG1: fft 12 join  10/12  4/4 1/4
[36;22m[DEBUG] [39;1msnarkJS[0m: alphaTauG1: fft 12 join  10/12  3/4 1/4
[36;22m[DEBUG] [39;1msnarkJS[0m: alphaTauG1: fft 12 join  10/12  2/4 3/4
[36;22m[DEBUG] [39;1msnarkJS[0m: alphaTauG1: fft 12 join  10/12  4/4 2/4
[36;22m[DEBUG] [39;1msnarkJS[0m: alphaTauG1: fft  12  join: 11/12
[36;22m[DEBUG] [39;1msnarkJS[0m: alphaTauG1: fft 12 join  11/12  1/2 0/8
[36;22m[DEBUG] [39;1msnarkJS[0m: alphaTauG1: fft 12 join  11/12  1/2 4/8
[36;22m[DEBUG] [39;1msnarkJS[0m: alphaTauG1: fft 12 join  11/12  1/2 3/8
[36;22m[DEBUG] [39;1msnarkJS[0m: alphaTauG1: fft 12 join  11/12  1/2 6/8
[36;22m[DEBUG] [39;1msnarkJS[0m: alphaTauG1: fft 12 join  11/12  2/2 0/8
[36;22m[DEBUG] [39;1msnarkJS[0m: alphaTauG1: fft 12 join  11/12  2/2 5/8
[36;22m[DEBUG] [39;1msnarkJS[0m: alphaTauG1: fft 12 join  11/12  1/2 2/8
[36;22m[DEBUG] [39;1msnarkJS[0m: alphaTauG1: fft 12 join  11/12  1/2 5/8
[36;22m[DEBUG] [39;1msnarkJS[0m: alphaTauG1: fft 12 join  11/12  1/2 1/8
[36;22m[DEBUG] [39;1msnarkJS[0m: alphaTauG1: fft 12 join  11/12  2/2 2/8
[36;22m[DEBUG] [39;1msnarkJS[0m: alphaTauG1: fft 12 join  11/12  2/2 3/8
[36;22m[DEBUG] [39;1msnarkJS[0m: alphaTauG1: fft 12 join  11/12  2/2 7/8
[36;22m[DEBUG] [39;1msnarkJS[0m: alphaTauG1: fft 12 join  11/12  2/2 1/8
[36;22m[DEBUG] [39;1msnarkJS[0m: alphaTauG1: fft 12 join  11/12  2/2 4/8
[36;22m[DEBUG] [39;1msnarkJS[0m: alphaTauG1: fft 12 join  11/12  2/2 6/8
[36;22m[DEBUG] [39;1msnarkJS[0m: alphaTauG1: fft 12 join  11/12  1/2 7/8
[36;22m[DEBUG] [39;1msnarkJS[0m: alphaTauG1: fft  12  join: 12/12
[36;22m[DEBUG] [39;1msnarkJS[0m: alphaTauG1: fft 12 join  12/12  1/1 8/16
[36;22m[DEBUG] [39;1msnarkJS[0m: alphaTauG1: fft 12 join  12/12  1/1 4/16
[36;22m[DEBUG] [39;1msnarkJS[0m: alphaTauG1: fft 12 join  12/12  1/1 6/16
[36;22m[DEBUG] [39;1msnarkJS[0m: alphaTauG1: fft 12 join  12/12  1/1 11/16
[36;22m[DEBUG] [39;1msnarkJS[0m: alphaTauG1: fft 12 join  12/12  1/1 10/16
[36;22m[DEBUG] [39;1msnarkJS[0m: alphaTauG1: fft 12 join  12/12  1/1 2/16
[36;22m[DEBUG] [39;1msnarkJS[0m: alphaTauG1: fft 12 join  12/12  1/1 1/16
[36;22m[DEBUG] [39;1msnarkJS[0m: alphaTauG1: fft 12 join  12/12  1/1 3/16
[36;22m[DEBUG] [39;1msnarkJS[0m: alphaTauG1: fft 12 join  12/12  1/1 13/16
[36;22m[DEBUG] [39;1msnarkJS[0m: alphaTauG1: fft 12 join  12/12  1/1 5/16
[36;22m[DEBUG] [39;1msnarkJS[0m: alphaTauG1: fft 12 join  12/12  1/1 12/16
[36;22m[DEBUG] [39;1msnarkJS[0m: alphaTauG1: fft 12 join  12/12  1/1 15/16
[36;22m[DEBUG] [39;1msnarkJS[0m: alphaTauG1: fft 12 join  12/12  1/1 0/16
[36;22m[DEBUG] [39;1msnarkJS[0m: alphaTauG1: fft 12 join  12/12  1/1 9/16
[36;22m[DEBUG] [39;1msnarkJS[0m: alphaTauG1: fft 12 join  12/12  1/1 14/16
[36;22m[DEBUG] [39;1msnarkJS[0m: alphaTauG1: fft 12 join  12/12  1/1 7/16
[36;22m[DEBUG] [39;1msnarkJS[0m: alphaTauG1: fft 13 mix start: 0/32
[36;22m[DEBUG] [39;1msnarkJS[0m: alphaTauG1: fft 13 mix start: 1/32
[36;22m[DEBUG] [39;1msnarkJS[0m: alphaTauG1: fft 13 mix start: 2/32
[36;22m[DEBUG] [39;1msnarkJS[0m: alphaTauG1: fft 13 mix start: 3/32
[36;22m[DEBUG] [39;1msnarkJS[0m: alphaTauG1: fft 13 mix start: 4/32
[36;22m[DEBUG] [39;1msnarkJS[0m: alphaTauG1: fft 13 mix start: 5/32
[36;22m[DEBUG] [39;1msnarkJS[0m: alphaTauG1: fft 13 mix start: 6/32
[36;22m[DEBUG] [39;1msnarkJS[0m: alphaTauG1: fft 13 mix start: 7/32
[36;22m[DEBUG] [39;1msnarkJS[0m: alphaTauG1: fft 13 mix start: 8/32
[36;22m[DEBUG] [39;1msnarkJS[0m: alphaTauG1: fft 13 mix start: 9/32
[36;22m[DEBUG] [39;1msnarkJS[0m: alphaTauG1: fft 13 mix start: 10/32
[36;22m[DEBUG] [39;1msnarkJS[0m: alphaTauG1: fft 13 mix start: 11/32
[36;22m[DEBUG] [39;1msnarkJS[0m: alphaTauG1: fft 13 mix start: 12/32
[36;22m[DEBUG] [39;1msnarkJS[0m: alphaTauG1: fft 13 mix start: 13/32
[36;22m[DEBUG] [39;1msnarkJS[0m: alphaTauG1: fft 13 mix start: 14/32
[36;22m[DEBUG] [39;1msnarkJS[0m: alphaTauG1: fft 13 mix start: 15/32
[36;22m[DEBUG] [39;1msnarkJS[0m: alphaTauG1: fft 13 mix start: 16/32
[36;22m[DEBUG] [39;1msnarkJS[0m: alphaTauG1: fft 13 mix start: 17/32
[36;22m[DEBUG] [39;1msnarkJS[0m: alphaTauG1: fft 13 mix start: 18/32
[36;22m[DEBUG] [39;1msnarkJS[0m: alphaTauG1: fft 13 mix start: 19/32
[36;22m[DEBUG] [39;1msnarkJS[0m: alphaTauG1: fft 13 mix start: 20/32
[36;22m[DEBUG] [39;1msnarkJS[0m: alphaTauG1: fft 13 mix start: 21/32
[36;22m[DEBUG] [39;1msnarkJS[0m: alphaTauG1: fft 13 mix start: 22/32
[36;22m[DEBUG] [39;1msnarkJS[0m: alphaTauG1: fft 13 mix start: 23/32
[36;22m[DEBUG] [39;1msnarkJS[0m: alphaTauG1: fft 13 mix start: 24/32
[36;22m[DEBUG] [39;1msnarkJS[0m: alphaTauG1: fft 13 mix start: 25/32
[36;22m[DEBUG] [39;1msnarkJS[0m: alphaTauG1: fft 13 mix start: 26/32
[36;22m[DEBUG] [39;1msnarkJS[0m: alphaTauG1: fft 13 mix start: 27/32
[36;22m[DEBUG] [39;1msnarkJS[0m: alphaTauG1: fft 13 mix start: 28/32
[36;22m[DEBUG] [39;1msnarkJS[0m: alphaTauG1: fft 13 mix start: 29/32
[36;22m[DEBUG] [39;1msnarkJS[0m: alphaTauG1: fft 13 mix start: 30/32
[36;22m[DEBUG] [39;1msnarkJS[0m: alphaTauG1: fft 13 mix start: 31/32
[36;22m[DEBUG] [39;1msnarkJS[0m: alphaTauG1: fft 13 mix end: 3/32
[36;22m[DEBUG] [39;1msnarkJS[0m: alphaTauG1: fft 13 mix end: 1/32
[36;22m[DEBUG] [39;1msnarkJS[0m: alphaTauG1: fft 13 mix end: 18/32
[36;22m[DEBUG] [39;1msnarkJS[0m: alphaTauG1: fft 13 mix end: 23/32
[36;22m[DEBUG] [39;1msnarkJS[0m: alphaTauG1: fft 13 mix end: 12/32
[36;22m[DEBUG] [39;1msnarkJS[0m: alphaTauG1: fft 13 mix end: 0/32
[36;22m[DEBUG] [39;1msnarkJS[0m: alphaTauG1: fft 13 mix end: 7/32
[36;22m[DEBUG] [39;1msnarkJS[0m: alphaTauG1: fft 13 mix end: 21/32
[36;22m[DEBUG] [39;1msnarkJS[0m: alphaTauG1: fft 13 mix end: 10/32
[36;22m[DEBUG] [39;1msnarkJS[0m: alphaTauG1: fft 13 mix end: 24/32
[36;22m[DEBUG] [39;1msnarkJS[0m: alphaTauG1: fft 13 mix end: 14/32
[36;22m[DEBUG] [39;1msnarkJS[0m: alphaTauG1: fft 13 mix end: 9/32
[36;22m[DEBUG] [39;1msnarkJS[0m: alphaTauG1: fft 13 mix end: 13/32
[36;22m[DEBUG] [39;1msnarkJS[0m: alphaTauG1: fft 13 mix end: 29/32
[36;22m[DEBUG] [39;1msnarkJS[0m: alphaTauG1: fft 13 mix end: 31/32
[36;22m[DEBUG] [39;1msnarkJS[0m: alphaTauG1: fft 13 mix end: 27/32
[36;22m[DEBUG] [39;1msnarkJS[0m: alphaTauG1: fft 13 mix end: 28/32
[36;22m[DEBUG] [39;1msnarkJS[0m: alphaTauG1: fft 13 mix end: 22/32
[36;22m[DEBUG] [39;1msnarkJS[0m: alphaTauG1: fft 13 mix end: 8/32
[36;22m[DEBUG] [39;1msnarkJS[0m: alphaTauG1: fft 13 mix end: 30/32
[36;22m[DEBUG] [39;1msnarkJS[0m: alphaTauG1: fft 13 mix end: 5/32
[36;22m[DEBUG] [39;1msnarkJS[0m: alphaTauG1: fft 13 mix end: 6/32
[36;22m[DEBUG] [39;1msnarkJS[0m: alphaTauG1: fft 13 mix end: 2/32
[36;22m[DEBUG] [39;1msnarkJS[0m: alphaTauG1: fft 13 mix end: 20/32
[36;22m[DEBUG] [39;1msnarkJS[0m: alphaTauG1: fft 13 mix end: 16/32
[36;22m[DEBUG] [39;1msnarkJS[0m: alphaTauG1: fft 13 mix end: 4/32
[36;22m[DEBUG] [39;1msnarkJS[0m: alphaTauG1: fft 13 mix end: 17/32
[36;22m[DEBUG] [39;1msnarkJS[0m: alphaTauG1: fft 13 mix end: 15/32
[36;22m[DEBUG] [39;1msnarkJS[0m: alphaTauG1: fft 13 mix end: 11/32
[36;22m[DEBUG] [39;1msnarkJS[0m: alphaTauG1: fft 13 mix end: 26/32
[36;22m[DEBUG] [39;1msnarkJS[0m: alphaTauG1: fft 13 mix end: 19/32
[36;22m[DEBUG] [39;1msnarkJS[0m: alphaTauG1: fft 13 mix end: 25/32
[36;22m[DEBUG] [39;1msnarkJS[0m: alphaTauG1: fft  13  join: 9/13
[36;22m[DEBUG] [39;1msnarkJS[0m: alphaTauG1: fft 13 join  9/13  3/16 0/1
[36;22m[DEBUG] [39;1msnarkJS[0m: alphaTauG1: fft 13 join  9/13  1/16 0/1
[36;22m[DEBUG] [39;1msnarkJS[0m: alphaTauG1: fft 13 join  9/13  9/16 0/1
[36;22m[DEBUG] [39;1msnarkJS[0m: alphaTauG1: fft 13 join  9/13  7/16 0/1
[36;22m[DEBUG] [39;1msnarkJS[0m: alphaTauG1: fft 13 join  9/13  12/16 0/1
[36;22m[DEBUG] [39;1msnarkJS[0m: alphaTauG1: fft 13 join  9/13  2/16 0/1
[36;22m[DEBUG] [39;1msnarkJS[0m: alphaTauG1: fft 13 join  9/13  5/16 0/1
[36;22m[DEBUG] [39;1msnarkJS[0m: alphaTauG1: fft 13 join  9/13  11/16 0/1
[36;22m[DEBUG] [39;1msnarkJS[0m: alphaTauG1: fft 13 join  9/13  14/16 0/1
[36;22m[DEBUG] [39;1msnarkJS[0m: alphaTauG1: fft 13 join  9/13  16/16 0/1
[36;22m[DEBUG] [39;1msnarkJS[0m: alphaTauG1: fft 13 join  9/13  4/16 0/1
[36;22m[DEBUG] [39;1msnarkJS[0m: alphaTauG1: fft 13 join  9/13  10/16 0/1
[36;22m[DEBUG] [39;1msnarkJS[0m: alphaTauG1: fft 13 join  9/13  8/16 0/1
[36;22m[DEBUG] [39;1msnarkJS[0m: alphaTauG1: fft 13 join  9/13  13/16 0/1
[36;22m[DEBUG] [39;1msnarkJS[0m: alphaTauG1: fft 13 join  9/13  6/16 0/1
[36;22m[DEBUG] [39;1msnarkJS[0m: alphaTauG1: fft 13 join  9/13  15/16 0/1
[36;22m[DEBUG] [39;1msnarkJS[0m: alphaTauG1: fft  13  join: 10/13
[36;22m[DEBUG] [39;1msnarkJS[0m: alphaTauG1: fft 13 join  10/13  1/8 0/2
[36;22m[DEBUG] [39;1msnarkJS[0m: alphaTauG1: fft 13 join  10/13  1/8 1/2
[36;22m[DEBUG] [39;1msnarkJS[0m: alphaTauG1: fft 13 join  10/13  3/8 0/2
[36;22m[DEBUG] [39;1msnarkJS[0m: alphaTauG1: fft 13 join  10/13  4/8 0/2
[36;22m[DEBUG] [39;1msnarkJS[0m: alphaTauG1: fft 13 join  10/13  6/8 0/2
[36;22m[DEBUG] [39;1msnarkJS[0m: alphaTauG1: fft 13 join  10/13  2/8 0/2
[36;22m[DEBUG] [39;1msnarkJS[0m: alphaTauG1: fft 13 join  10/13  5/8 0/2
[36;22m[DEBUG] [39;1msnarkJS[0m: alphaTauG1: fft 13 join  10/13  7/8 1/2
[36;22m[DEBUG] [39;1msnarkJS[0m: alphaTauG1: fft 13 join  10/13  6/8 1/2
[36;22m[DEBUG] [39;1msnarkJS[0m: alphaTauG1: fft 13 join  10/13  3/8 1/2
[36;22m[DEBUG] [39;1msnarkJS[0m: alphaTauG1: fft 13 join  10/13  5/8 1/2
[36;22m[DEBUG] [39;1msnarkJS[0m: alphaTauG1: fft 13 join  10/13  8/8 1/2
[36;22m[DEBUG] [39;1msnarkJS[0m: alphaTauG1: fft 13 join  10/13  4/8 1/2
[36;22m[DEBUG] [39;1msnarkJS[0m: alphaTauG1: fft 13 join  10/13  7/8 0/2
[36;22m[DEBUG] [39;1msnarkJS[0m: alphaTauG1: fft 13 join  10/13  2/8 1/2
[36;22m[DEBUG] [39;1msnarkJS[0m: alphaTauG1: fft 13 join  10/13  8/8 0/2
[36;22m[DEBUG] [39;1msnarkJS[0m: alphaTauG1: fft  13  join: 11/13
[36;22m[DEBUG] [39;1msnarkJS[0m: alphaTauG1: fft 13 join  11/13  1/4 1/4
[36;22m[DEBUG] [39;1msnarkJS[0m: alphaTauG1: fft 13 join  11/13  1/4 2/4
[36;22m[DEBUG] [39;1msnarkJS[0m: alphaTauG1: fft 13 join  11/13  1/4 3/4
[36;22m[DEBUG] [39;1msnarkJS[0m: alphaTauG1: fft 13 join  11/13  2/4 0/4
[36;22m[DEBUG] [39;1msnarkJS[0m: alphaTauG1: fft 13 join  11/13  2/4 2/4
[36;22m[DEBUG] [39;1msnarkJS[0m: alphaTauG1: fft 13 join  11/13  3/4 0/4
[36;22m[DEBUG] [39;1msnarkJS[0m: alphaTauG1: fft 13 join  11/13  3/4 2/4
[36;22m[DEBUG] [39;1msnarkJS[0m: alphaTauG1: fft 13 join  11/13  3/4 3/4
[36;22m[DEBUG] [39;1msnarkJS[0m: alphaTauG1: fft 13 join  11/13  4/4 1/4
[36;22m[DEBUG] [39;1msnarkJS[0m: alphaTauG1: fft 13 join  11/13  4/4 3/4
[36;22m[DEBUG] [39;1msnarkJS[0m: alphaTauG1: fft 13 join  11/13  1/4 0/4
[36;22m[DEBUG] [39;1msnarkJS[0m: alphaTauG1: fft 13 join  11/13  2/4 1/4
[36;22m[DEBUG] [39;1msnarkJS[0m: alphaTauG1: fft 13 join  11/13  4/4 2/4
[36;22m[DEBUG] [39;1msnarkJS[0m: alphaTauG1: fft 13 join  11/13  3/4 1/4
[36;22m[DEBUG] [39;1msnarkJS[0m: alphaTauG1: fft 13 join  11/13  2/4 3/4
[36;22m[DEBUG] [39;1msnarkJS[0m: alphaTauG1: fft 13 join  11/13  4/4 0/4
[36;22m[DEBUG] [39;1msnarkJS[0m: alphaTauG1: fft  13  join: 12/13
[36;22m[DEBUG] [39;1msnarkJS[0m: alphaTauG1: fft 13 join  12/13  1/2 0/8
[36;22m[DEBUG] [39;1msnarkJS[0m: alphaTauG1: fft 13 join  12/13  1/2 4/8
[36;22m[DEBUG] [39;1msnarkJS[0m: alphaTauG1: fft 13 join  12/13  1/2 6/8
[36;22m[DEBUG] [39;1msnarkJS[0m: alphaTauG1: fft 13 join  12/13  2/2 2/8
[36;22m[DEBUG] [39;1msnarkJS[0m: alphaTauG1: fft 13 join  12/13  2/2 0/8
[36;22m[DEBUG] [39;1msnarkJS[0m: alphaTauG1: fft 13 join  12/13  1/2 3/8
[36;22m[DEBUG] [39;1msnarkJS[0m: alphaTauG1: fft 13 join  12/13  2/2 5/8
[36;22m[DEBUG] [39;1msnarkJS[0m: alphaTauG1: fft 13 join  12/13  1/2 2/8
[36;22m[DEBUG] [39;1msnarkJS[0m: alphaTauG1: fft 13 join  12/13  1/2 5/8
[36;22m[DEBUG] [39;1msnarkJS[0m: alphaTauG1: fft 13 join  12/13  2/2 7/8
[36;22m[DEBUG] [39;1msnarkJS[0m: alphaTauG1: fft 13 join  12/13  1/2 1/8
[36;22m[DEBUG] [39;1msnarkJS[0m: alphaTauG1: fft 13 join  12/13  2/2 6/8
[36;22m[DEBUG] [39;1msnarkJS[0m: alphaTauG1: fft 13 join  12/13  1/2 7/8
[36;22m[DEBUG] [39;1msnarkJS[0m: alphaTauG1: fft 13 join  12/13  2/2 4/8
[36;22m[DEBUG] [39;1msnarkJS[0m: alphaTauG1: fft 13 join  12/13  2/2 3/8
[36;22m[DEBUG] [39;1msnarkJS[0m: alphaTauG1: fft 13 join  12/13  2/2 1/8
[36;22m[DEBUG] [39;1msnarkJS[0m: alphaTauG1: fft  13  join: 13/13
[36;22m[DEBUG] [39;1msnarkJS[0m: alphaTauG1: fft 13 join  13/13  1/1 8/16
[36;22m[DEBUG] [39;1msnarkJS[0m: alphaTauG1: fft 13 join  13/13  1/1 4/16
[36;22m[DEBUG] [39;1msnarkJS[0m: alphaTauG1: fft 13 join  13/13  1/1 2/16
[36;22m[DEBUG] [39;1msnarkJS[0m: alphaTauG1: fft 13 join  13/13  1/1 10/16
[36;22m[DEBUG] [39;1msnarkJS[0m: alphaTauG1: fft 13 join  13/13  1/1 11/16
[36;22m[DEBUG] [39;1msnarkJS[0m: alphaTauG1: fft 13 join  13/13  1/1 6/16
[36;22m[DEBUG] [39;1msnarkJS[0m: alphaTauG1: fft 13 join  13/13  1/1 1/16
[36;22m[DEBUG] [39;1msnarkJS[0m: alphaTauG1: fft 13 join  13/13  1/1 3/16
[36;22m[DEBUG] [39;1msnarkJS[0m: alphaTauG1: fft 13 join  13/13  1/1 0/16
[36;22m[DEBUG] [39;1msnarkJS[0m: alphaTauG1: fft 13 join  13/13  1/1 13/16
[36;22m[DEBUG] [39;1msnarkJS[0m: alphaTauG1: fft 13 join  13/13  1/1 15/16
[36;22m[DEBUG] [39;1msnarkJS[0m: alphaTauG1: fft 13 join  13/13  1/1 12/16
[36;22m[DEBUG] [39;1msnarkJS[0m: alphaTauG1: fft 13 join  13/13  1/1 5/16
[36;22m[DEBUG] [39;1msnarkJS[0m: alphaTauG1: fft 13 join  13/13  1/1 9/16
[36;22m[DEBUG] [39;1msnarkJS[0m: alphaTauG1: fft 13 join  13/13  1/1 7/16
[36;22m[DEBUG] [39;1msnarkJS[0m: alphaTauG1: fft 13 join  13/13  1/1 14/16
[36;22m[DEBUG] [39;1msnarkJS[0m: alphaTauG1: fft 14 mix start: 0/32
[36;22m[DEBUG] [39;1msnarkJS[0m: alphaTauG1: fft 14 mix start: 1/32
[36;22m[DEBUG] [39;1msnarkJS[0m: alphaTauG1: fft 14 mix start: 2/32
[36;22m[DEBUG] [39;1msnarkJS[0m: alphaTauG1: fft 14 mix start: 3/32
[36;22m[DEBUG] [39;1msnarkJS[0m: alphaTauG1: fft 14 mix start: 4/32
[36;22m[DEBUG] [39;1msnarkJS[0m: alphaTauG1: fft 14 mix start: 5/32
[36;22m[DEBUG] [39;1msnarkJS[0m: alphaTauG1: fft 14 mix start: 6/32
[36;22m[DEBUG] [39;1msnarkJS[0m: alphaTauG1: fft 14 mix start: 7/32
[36;22m[DEBUG] [39;1msnarkJS[0m: alphaTauG1: fft 14 mix start: 8/32
[36;22m[DEBUG] [39;1msnarkJS[0m: alphaTauG1: fft 14 mix start: 9/32
[36;22m[DEBUG] [39;1msnarkJS[0m: alphaTauG1: fft 14 mix start: 10/32
[36;22m[DEBUG] [39;1msnarkJS[0m: alphaTauG1: fft 14 mix start: 11/32
[36;22m[DEBUG] [39;1msnarkJS[0m: alphaTauG1: fft 14 mix start: 12/32
[36;22m[DEBUG] [39;1msnarkJS[0m: alphaTauG1: fft 14 mix start: 13/32
[36;22m[DEBUG] [39;1msnarkJS[0m: alphaTauG1: fft 14 mix start: 14/32
[36;22m[DEBUG] [39;1msnarkJS[0m: alphaTauG1: fft 14 mix start: 15/32
[36;22m[DEBUG] [39;1msnarkJS[0m: alphaTauG1: fft 14 mix start: 16/32
[36;22m[DEBUG] [39;1msnarkJS[0m: alphaTauG1: fft 14 mix start: 17/32
[36;22m[DEBUG] [39;1msnarkJS[0m: alphaTauG1: fft 14 mix start: 18/32
[36;22m[DEBUG] [39;1msnarkJS[0m: alphaTauG1: fft 14 mix start: 19/32
[36;22m[DEBUG] [39;1msnarkJS[0m: alphaTauG1: fft 14 mix start: 20/32
[36;22m[DEBUG] [39;1msnarkJS[0m: alphaTauG1: fft 14 mix start: 21/32
[36;22m[DEBUG] [39;1msnarkJS[0m: alphaTauG1: fft 14 mix start: 22/32
[36;22m[DEBUG] [39;1msnarkJS[0m: alphaTauG1: fft 14 mix start: 23/32
[36;22m[DEBUG] [39;1msnarkJS[0m: alphaTauG1: fft 14 mix start: 24/32
[36;22m[DEBUG] [39;1msnarkJS[0m: alphaTauG1: fft 14 mix start: 25/32
[36;22m[DEBUG] [39;1msnarkJS[0m: alphaTauG1: fft 14 mix start: 26/32
[36;22m[DEBUG] [39;1msnarkJS[0m: alphaTauG1: fft 14 mix start: 27/32
[36;22m[DEBUG] [39;1msnarkJS[0m: alphaTauG1: fft 14 mix start: 28/32
[36;22m[DEBUG] [39;1msnarkJS[0m: alphaTauG1: fft 14 mix start: 29/32
[36;22m[DEBUG] [39;1msnarkJS[0m: alphaTauG1: fft 14 mix start: 30/32
[36;22m[DEBUG] [39;1msnarkJS[0m: alphaTauG1: fft 14 mix start: 31/32
[36;22m[DEBUG] [39;1msnarkJS[0m: alphaTauG1: fft 14 mix end: 6/32
[36;22m[DEBUG] [39;1msnarkJS[0m: alphaTauG1: fft 14 mix end: 1/32
[36;22m[DEBUG] [39;1msnarkJS[0m: alphaTauG1: fft 14 mix end: 5/32
[36;22m[DEBUG] [39;1msnarkJS[0m: alphaTauG1: fft 14 mix end: 12/32
[36;22m[DEBUG] [39;1msnarkJS[0m: alphaTauG1: fft 14 mix end: 0/32
[36;22m[DEBUG] [39;1msnarkJS[0m: alphaTauG1: fft 14 mix end: 7/32
[36;22m[DEBUG] [39;1msnarkJS[0m: alphaTauG1: fft 14 mix end: 24/32
[36;22m[DEBUG] [39;1msnarkJS[0m: alphaTauG1: fft 14 mix end: 18/32
[36;22m[DEBUG] [39;1msnarkJS[0m: alphaTauG1: fft 14 mix end: 23/32
[36;22m[DEBUG] [39;1msnarkJS[0m: alphaTauG1: fft 14 mix end: 30/32
[36;22m[DEBUG] [39;1msnarkJS[0m: alphaTauG1: fft 14 mix end: 3/32
[36;22m[DEBUG] [39;1msnarkJS[0m: alphaTauG1: fft 14 mix end: 10/32
[36;22m[DEBUG] [39;1msnarkJS[0m: alphaTauG1: fft 14 mix end: 26/32
[36;22m[DEBUG] [39;1msnarkJS[0m: alphaTauG1: fft 14 mix end: 27/32
[36;22m[DEBUG] [39;1msnarkJS[0m: alphaTauG1: fft 14 mix end: 14/32
[36;22m[DEBUG] [39;1msnarkJS[0m: alphaTauG1: fft 14 mix end: 11/32
[36;22m[DEBUG] [39;1msnarkJS[0m: alphaTauG1: fft 14 mix end: 28/32
[36;22m[DEBUG] [39;1msnarkJS[0m: alphaTauG1: fft 14 mix end: 4/32
[36;22m[DEBUG] [39;1msnarkJS[0m: alphaTauG1: fft 14 mix end: 17/32
[36;22m[DEBUG] [39;1msnarkJS[0m: alphaTauG1: fft 14 mix end: 31/32
[36;22m[DEBUG] [39;1msnarkJS[0m: alphaTauG1: fft 14 mix end: 9/32
[36;22m[DEBUG] [39;1msnarkJS[0m: alphaTauG1: fft 14 mix end: 13/32
[36;22m[DEBUG] [39;1msnarkJS[0m: alphaTauG1: fft 14 mix end: 29/32
[36;22m[DEBUG] [39;1msnarkJS[0m: alphaTauG1: fft 14 mix end: 8/32
[36;22m[DEBUG] [39;1msnarkJS[0m: alphaTauG1: fft 14 mix end: 20/32
[36;22m[DEBUG] [39;1msnarkJS[0m: alphaTauG1: fft 14 mix end: 19/32
[36;22m[DEBUG] [39;1msnarkJS[0m: alphaTauG1: fft 14 mix end: 16/32
[36;22m[DEBUG] [39;1msnarkJS[0m: alphaTauG1: fft 14 mix end: 22/32
[36;22m[DEBUG] [39;1msnarkJS[0m: alphaTauG1: fft 14 mix end: 25/32
[36;22m[DEBUG] [39;1msnarkJS[0m: alphaTauG1: fft 14 mix end: 15/32
[36;22m[DEBUG] [39;1msnarkJS[0m: alphaTauG1: fft 14 mix end: 2/32
[36;22m[DEBUG] [39;1msnarkJS[0m: alphaTauG1: fft 14 mix end: 21/32
[36;22m[DEBUG] [39;1msnarkJS[0m: alphaTauG1: fft  14  join: 10/14
[36;22m[DEBUG] [39;1msnarkJS[0m: alphaTauG1: fft 14 join  10/14  5/16 0/1
[36;22m[DEBUG] [39;1msnarkJS[0m: alphaTauG1: fft 14 join  10/14  7/16 0/1
[36;22m[DEBUG] [39;1msnarkJS[0m: alphaTauG1: fft 14 join  10/14  11/16 0/1
[36;22m[DEBUG] [39;1msnarkJS[0m: alphaTauG1: fft 14 join  10/14  12/16 0/1
[36;22m[DEBUG] [39;1msnarkJS[0m: alphaTauG1: fft 14 join  10/14  2/16 0/1
[36;22m[DEBUG] [39;1msnarkJS[0m: alphaTauG1: fft 14 join  10/14  3/16 0/1
[36;22m[DEBUG] [39;1msnarkJS[0m: alphaTauG1: fft 14 join  10/14  1/16 0/1
[36;22m[DEBUG] [39;1msnarkJS[0m: alphaTauG1: fft 14 join  10/14  9/16 0/1
[36;22m[DEBUG] [39;1msnarkJS[0m: alphaTauG1: fft 14 join  10/14  16/16 0/1
[36;22m[DEBUG] [39;1msnarkJS[0m: alphaTauG1: fft 14 join  10/14  4/16 0/1
[36;22m[DEBUG] [39;1msnarkJS[0m: alphaTauG1: fft 14 join  10/14  14/16 0/1
[36;22m[DEBUG] [39;1msnarkJS[0m: alphaTauG1: fft 14 join  10/14  13/16 0/1
[36;22m[DEBUG] [39;1msnarkJS[0m: alphaTauG1: fft 14 join  10/14  6/16 0/1
[36;22m[DEBUG] [39;1msnarkJS[0m: alphaTauG1: fft 14 join  10/14  10/16 0/1
[36;22m[DEBUG] [39;1msnarkJS[0m: alphaTauG1: fft 14 join  10/14  8/16 0/1
[36;22m[DEBUG] [39;1msnarkJS[0m: alphaTauG1: fft 14 join  10/14  15/16 0/1
[36;22m[DEBUG] [39;1msnarkJS[0m: alphaTauG1: fft  14  join: 11/14
[36;22m[DEBUG] [39;1msnarkJS[0m: alphaTauG1: fft 14 join  11/14  6/8 1/2
[36;22m[DEBUG] [39;1msnarkJS[0m: alphaTauG1: fft 14 join  11/14  6/8 0/2
[36;22m[DEBUG] [39;1msnarkJS[0m: alphaTauG1: fft 14 join  11/14  4/8 0/2
[36;22m[DEBUG] [39;1msnarkJS[0m: alphaTauG1: fft 14 join  11/14  5/8 0/2
[36;22m[DEBUG] [39;1msnarkJS[0m: alphaTauG1: fft 14 join  11/14  2/8 1/2
[36;22m[DEBUG] [39;1msnarkJS[0m: alphaTauG1: fft 14 join  11/14  3/8 0/2
[36;22m[DEBUG] [39;1msnarkJS[0m: alphaTauG1: fft 14 join  11/14  3/8 1/2
[36;22m[DEBUG] [39;1msnarkJS[0m: alphaTauG1: fft 14 join  11/14  7/8 1/2
[36;22m[DEBUG] [39;1msnarkJS[0m: alphaTauG1: fft 14 join  11/14  1/8 1/2
[36;22m[DEBUG] [39;1msnarkJS[0m: alphaTauG1: fft 14 join  11/14  2/8 0/2
[36;22m[DEBUG] [39;1msnarkJS[0m: alphaTauG1: fft 14 join  11/14  7/8 0/2
[36;22m[DEBUG] [39;1msnarkJS[0m: alphaTauG1: fft 14 join  11/14  1/8 0/2
[36;22m[DEBUG] [39;1msnarkJS[0m: alphaTauG1: fft 14 join  11/14  5/8 1/2
[36;22m[DEBUG] [39;1msnarkJS[0m: alphaTauG1: fft 14 join  11/14  8/8 1/2
[36;22m[DEBUG] [39;1msnarkJS[0m: alphaTauG1: fft 14 join  11/14  4/8 1/2
[36;22m[DEBUG] [39;1msnarkJS[0m: alphaTauG1: fft 14 join  11/14  8/8 0/2
[36;22m[DEBUG] [39;1msnarkJS[0m: alphaTauG1: fft  14  join: 12/14
[36;22m[DEBUG] [39;1msnarkJS[0m: alphaTauG1: fft 14 join  12/14  3/4 2/4
[36;22m[DEBUG] [39;1msnarkJS[0m: alphaTauG1: fft 14 join  12/14  1/4 2/4
[36;22m[DEBUG] [39;1msnarkJS[0m: alphaTauG1: fft 14 join  12/14  2/4 2/4
[36;22m[DEBUG] [39;1msnarkJS[0m: alphaTauG1: fft 14 join  12/14  1/4 1/4
[36;22m[DEBUG] [39;1msnarkJS[0m: alphaTauG1: fft 14 join  12/14  3/4 3/4
[36;22m[DEBUG] [39;1msnarkJS[0m: alphaTauG1: fft 14 join  12/14  1/4 0/4
[36;22m[DEBUG] [39;1msnarkJS[0m: alphaTauG1: fft 14 join  12/14  1/4 3/4
[36;22m[DEBUG] [39;1msnarkJS[0m: alphaTauG1: fft 14 join  12/14  3/4 0/4
[36;22m[DEBUG] [39;1msnarkJS[0m: alphaTauG1: fft 14 join  12/14  4/4 3/4
[36;22m[DEBUG] [39;1msnarkJS[0m: alphaTauG1: fft 14 join  12/14  2/4 1/4
[36;22m[DEBUG] [39;1msnarkJS[0m: alphaTauG1: fft 14 join  12/14  3/4 1/4
[36;22m[DEBUG] [39;1msnarkJS[0m: alphaTauG1: fft 14 join  12/14  4/4 0/4
[36;22m[DEBUG] [39;1msnarkJS[0m: alphaTauG1: fft 14 join  12/14  2/4 3/4
[36;22m[DEBUG] [39;1msnarkJS[0m: alphaTauG1: fft 14 join  12/14  4/4 2/4
[36;22m[DEBUG] [39;1msnarkJS[0m: alphaTauG1: fft 14 join  12/14  2/4 0/4
[36;22m[DEBUG] [39;1msnarkJS[0m: alphaTauG1: fft 14 join  12/14  4/4 1/4
[36;22m[DEBUG] [39;1msnarkJS[0m: alphaTauG1: fft  14  join: 13/14
[36;22m[DEBUG] [39;1msnarkJS[0m: alphaTauG1: fft 14 join  13/14  1/2 4/8
[36;22m[DEBUG] [39;1msnarkJS[0m: alphaTauG1: fft 14 join  13/14  2/2 3/8
[36;22m[DEBUG] [39;1msnarkJS[0m: alphaTauG1: fft 14 join  13/14  1/2 0/8
[36;22m[DEBUG] [39;1msnarkJS[0m: alphaTauG1: fft 14 join  13/14  1/2 2/8
[36;22m[DEBUG] [39;1msnarkJS[0m: alphaTauG1: fft 14 join  13/14  2/2 0/8
[36;22m[DEBUG] [39;1msnarkJS[0m: alphaTauG1: fft 14 join  13/14  1/2 1/8
[36;22m[DEBUG] [39;1msnarkJS[0m: alphaTauG1: fft 14 join  13/14  1/2 3/8
[36;22m[DEBUG] [39;1msnarkJS[0m: alphaTauG1: fft 14 join  13/14  2/2 5/8
[36;22m[DEBUG] [39;1msnarkJS[0m: alphaTauG1: fft 14 join  13/14  2/2 2/8
[36;22m[DEBUG] [39;1msnarkJS[0m: alphaTauG1: fft 14 join  13/14  1/2 6/8
[36;22m[DEBUG] [39;1msnarkJS[0m: alphaTauG1: fft 14 join  13/14  2/2 7/8
[36;22m[DEBUG] [39;1msnarkJS[0m: alphaTauG1: fft 14 join  13/14  1/2 5/8
[36;22m[DEBUG] [39;1msnarkJS[0m: alphaTauG1: fft 14 join  13/14  2/2 4/8
[36;22m[DEBUG] [39;1msnarkJS[0m: alphaTauG1: fft 14 join  13/14  2/2 1/8
[36;22m[DEBUG] [39;1msnarkJS[0m: alphaTauG1: fft 14 join  13/14  2/2 6/8
[36;22m[DEBUG] [39;1msnarkJS[0m: alphaTauG1: fft 14 join  13/14  1/2 7/8
[36;22m[DEBUG] [39;1msnarkJS[0m: alphaTauG1: fft  14  join: 14/14
[36;22m[DEBUG] [39;1msnarkJS[0m: alphaTauG1: fft 14 join  14/14  1/1 8/16
[36;22m[DEBUG] [39;1msnarkJS[0m: alphaTauG1: fft 14 join  14/14  1/1 11/16
[36;22m[DEBUG] [39;1msnarkJS[0m: alphaTauG1: fft 14 join  14/14  1/1 2/16
[36;22m[DEBUG] [39;1msnarkJS[0m: alphaTauG1: fft 14 join  14/14  1/1 6/16
[36;22m[DEBUG] [39;1msnarkJS[0m: alphaTauG1: fft 14 join  14/14  1/1 1/16
[36;22m[DEBUG] [39;1msnarkJS[0m: alphaTauG1: fft 14 join  14/14  1/1 10/16
[36;22m[DEBUG] [39;1msnarkJS[0m: alphaTauG1: fft 14 join  14/14  1/1 4/16
[36;22m[DEBUG] [39;1msnarkJS[0m: alphaTauG1: fft 14 join  14/14  1/1 12/16
[36;22m[DEBUG] [39;1msnarkJS[0m: alphaTauG1: fft 14 join  14/14  1/1 5/16
[36;22m[DEBUG] [39;1msnarkJS[0m: alphaTauG1: fft 14 join  14/14  1/1 15/16
[36;22m[DEBUG] [39;1msnarkJS[0m: alphaTauG1: fft 14 join  14/14  1/1 9/16
[36;22m[DEBUG] [39;1msnarkJS[0m: alphaTauG1: fft 14 join  14/14  1/1 3/16
[36;22m[DEBUG] [39;1msnarkJS[0m: alphaTauG1: fft 14 join  14/14  1/1 14/16
[36;22m[DEBUG] [39;1msnarkJS[0m: alphaTauG1: fft 14 join  14/14  1/1 7/16
[36;22m[DEBUG] [39;1msnarkJS[0m: alphaTauG1: fft 14 join  14/14  1/1 0/16
[36;22m[DEBUG] [39;1msnarkJS[0m: alphaTauG1: fft 14 join  14/14  1/1 13/16
[36;22m[DEBUG] [39;1msnarkJS[0m: alphaTauG1: fft 15 mix start: 0/32
[36;22m[DEBUG] [39;1msnarkJS[0m: alphaTauG1: fft 15 mix start: 1/32
[36;22m[DEBUG] [39;1msnarkJS[0m: alphaTauG1: fft 15 mix start: 2/32
[36;22m[DEBUG] [39;1msnarkJS[0m: alphaTauG1: fft 15 mix start: 3/32
[36;22m[DEBUG] [39;1msnarkJS[0m: alphaTauG1: fft 15 mix start: 4/32
[36;22m[DEBUG] [39;1msnarkJS[0m: alphaTauG1: fft 15 mix start: 5/32
[36;22m[DEBUG] [39;1msnarkJS[0m: alphaTauG1: fft 15 mix start: 6/32
[36;22m[DEBUG] [39;1msnarkJS[0m: alphaTauG1: fft 15 mix start: 7/32
[36;22m[DEBUG] [39;1msnarkJS[0m: alphaTauG1: fft 15 mix start: 8/32
[36;22m[DEBUG] [39;1msnarkJS[0m: alphaTauG1: fft 15 mix start: 9/32
[36;22m[DEBUG] [39;1msnarkJS[0m: alphaTauG1: fft 15 mix start: 10/32
[36;22m[DEBUG] [39;1msnarkJS[0m: alphaTauG1: fft 15 mix start: 11/32
[36;22m[DEBUG] [39;1msnarkJS[0m: alphaTauG1: fft 15 mix start: 12/32
[36;22m[DEBUG] [39;1msnarkJS[0m: alphaTauG1: fft 15 mix start: 13/32
[36;22m[DEBUG] [39;1msnarkJS[0m: alphaTauG1: fft 15 mix start: 14/32
[36;22m[DEBUG] [39;1msnarkJS[0m: alphaTauG1: fft 15 mix start: 15/32
[36;22m[DEBUG] [39;1msnarkJS[0m: alphaTauG1: fft 15 mix start: 16/32
[36;22m[DEBUG] [39;1msnarkJS[0m: alphaTauG1: fft 15 mix start: 17/32
[36;22m[DEBUG] [39;1msnarkJS[0m: alphaTauG1: fft 15 mix start: 18/32
[36;22m[DEBUG] [39;1msnarkJS[0m: alphaTauG1: fft 15 mix start: 19/32
[36;22m[DEBUG] [39;1msnarkJS[0m: alphaTauG1: fft 15 mix start: 20/32
[36;22m[DEBUG] [39;1msnarkJS[0m: alphaTauG1: fft 15 mix start: 21/32
[36;22m[DEBUG] [39;1msnarkJS[0m: alphaTauG1: fft 15 mix start: 22/32
[36;22m[DEBUG] [39;1msnarkJS[0m: alphaTauG1: fft 15 mix start: 23/32
[36;22m[DEBUG] [39;1msnarkJS[0m: alphaTauG1: fft 15 mix start: 24/32
[36;22m[DEBUG] [39;1msnarkJS[0m: alphaTauG1: fft 15 mix start: 25/32
[36;22m[DEBUG] [39;1msnarkJS[0m: alphaTauG1: fft 15 mix start: 26/32
[36;22m[DEBUG] [39;1msnarkJS[0m: alphaTauG1: fft 15 mix start: 27/32
[36;22m[DEBUG] [39;1msnarkJS[0m: alphaTauG1: fft 15 mix start: 28/32
[36;22m[DEBUG] [39;1msnarkJS[0m: alphaTauG1: fft 15 mix start: 29/32
[36;22m[DEBUG] [39;1msnarkJS[0m: alphaTauG1: fft 15 mix start: 30/32
[36;22m[DEBUG] [39;1msnarkJS[0m: alphaTauG1: fft 15 mix start: 31/32
[36;22m[DEBUG] [39;1msnarkJS[0m: alphaTauG1: fft 15 mix end: 1/32
[36;22m[DEBUG] [39;1msnarkJS[0m: alphaTauG1: fft 15 mix end: 3/32
[36;22m[DEBUG] [39;1msnarkJS[0m: alphaTauG1: fft 15 mix end: 5/32
[36;22m[DEBUG] [39;1msnarkJS[0m: alphaTauG1: fft 15 mix end: 4/32
[36;22m[DEBUG] [39;1msnarkJS[0m: alphaTauG1: fft 15 mix end: 28/32
[36;22m[DEBUG] [39;1msnarkJS[0m: alphaTauG1: fft 15 mix end: 7/32
[36;22m[DEBUG] [39;1msnarkJS[0m: alphaTauG1: fft 15 mix end: 0/32
[36;22m[DEBUG] [39;1msnarkJS[0m: alphaTauG1: fft 15 mix end: 31/32
[36;22m[DEBUG] [39;1msnarkJS[0m: alphaTauG1: fft 15 mix end: 13/32
[36;22m[DEBUG] [39;1msnarkJS[0m: alphaTauG1: fft 15 mix end: 22/32
[36;22m[DEBUG] [39;1msnarkJS[0m: alphaTauG1: fft 15 mix end: 15/32
[36;22m[DEBUG] [39;1msnarkJS[0m: alphaTauG1: fft 15 mix end: 8/32
[36;22m[DEBUG] [39;1msnarkJS[0m: alphaTauG1: fft 15 mix end: 24/32
[36;22m[DEBUG] [39;1msnarkJS[0m: alphaTauG1: fft 15 mix end: 11/32
[36;22m[DEBUG] [39;1msnarkJS[0m: alphaTauG1: fft 15 mix end: 12/32
[36;22m[DEBUG] [39;1msnarkJS[0m: alphaTauG1: fft 15 mix end: 27/32
[36;22m[DEBUG] [39;1msnarkJS[0m: alphaTauG1: fft 15 mix end: 6/32
[36;22m[DEBUG] [39;1msnarkJS[0m: alphaTauG1: fft 15 mix end: 17/32
[36;22m[DEBUG] [39;1msnarkJS[0m: alphaTauG1: fft 15 mix end: 25/32
[36;22m[DEBUG] [39;1msnarkJS[0m: alphaTauG1: fft 15 mix end: 2/32
[36;22m[DEBUG] [39;1msnarkJS[0m: alphaTauG1: fft 15 mix end: 14/32
[36;22m[DEBUG] [39;1msnarkJS[0m: alphaTauG1: fft 15 mix end: 26/32
[36;22m[DEBUG] [39;1msnarkJS[0m: alphaTauG1: fft 15 mix end: 16/32
[36;22m[DEBUG] [39;1msnarkJS[0m: alphaTauG1: fft 15 mix end: 19/32
[36;22m[DEBUG] [39;1msnarkJS[0m: alphaTauG1: fft 15 mix end: 30/32
[36;22m[DEBUG] [39;1msnarkJS[0m: alphaTauG1: fft 15 mix end: 29/32
[36;22m[DEBUG] [39;1msnarkJS[0m: alphaTauG1: fft 15 mix end: 23/32
[36;22m[DEBUG] [39;1msnarkJS[0m: alphaTauG1: fft 15 mix end: 20/32
[36;22m[DEBUG] [39;1msnarkJS[0m: alphaTauG1: fft 15 mix end: 10/32
[36;22m[DEBUG] [39;1msnarkJS[0m: alphaTauG1: fft 15 mix end: 21/32
[36;22m[DEBUG] [39;1msnarkJS[0m: alphaTauG1: fft 15 mix end: 9/32
[36;22m[DEBUG] [39;1msnarkJS[0m: alphaTauG1: fft 15 mix end: 18/32
[36;22m[DEBUG] [39;1msnarkJS[0m: alphaTauG1: fft  15  join: 11/15
[36;22m[DEBUG] [39;1msnarkJS[0m: alphaTauG1: fft 15 join  11/15  7/16 0/1
[36;22m[DEBUG] [39;1msnarkJS[0m: alphaTauG1: fft 15 join  11/15  1/16 0/1
[36;22m[DEBUG] [39;1msnarkJS[0m: alphaTauG1: fft 15 join  11/15  2/16 0/1
[36;22m[DEBUG] [39;1msnarkJS[0m: alphaTauG1: fft 15 join  11/15  5/16 0/1
[36;22m[DEBUG] [39;1msnarkJS[0m: alphaTauG1: fft 15 join  11/15  4/16 0/1
[36;22m[DEBUG] [39;1msnarkJS[0m: alphaTauG1: fft 15 join  11/15  9/16 0/1
[36;22m[DEBUG] [39;1msnarkJS[0m: alphaTauG1: fft 15 join  11/15  12/16 0/1
[36;22m[DEBUG] [39;1msnarkJS[0m: alphaTauG1: fft 15 join  11/15  13/16 0/1
[36;22m[DEBUG] [39;1msnarkJS[0m: alphaTauG1: fft 15 join  11/15  3/16 0/1
[36;22m[DEBUG] [39;1msnarkJS[0m: alphaTauG1: fft 15 join  11/15  10/16 0/1
[36;22m[DEBUG] [39;1msnarkJS[0m: alphaTauG1: fft 15 join  11/15  15/16 0/1
[36;22m[DEBUG] [39;1msnarkJS[0m: alphaTauG1: fft 15 join  11/15  6/16 0/1
[36;22m[DEBUG] [39;1msnarkJS[0m: alphaTauG1: fft 15 join  11/15  8/16 0/1
[36;22m[DEBUG] [39;1msnarkJS[0m: alphaTauG1: fft 15 join  11/15  16/16 0/1
[36;22m[DEBUG] [39;1msnarkJS[0m: alphaTauG1: fft 15 join  11/15  14/16 0/1
[36;22m[DEBUG] [39;1msnarkJS[0m: alphaTauG1: fft 15 join  11/15  11/16 0/1
[36;22m[DEBUG] [39;1msnarkJS[0m: alphaTauG1: fft  15  join: 12/15
[36;22m[DEBUG] [39;1msnarkJS[0m: alphaTauG1: fft 15 join  12/15  4/8 0/2
[36;22m[DEBUG] [39;1msnarkJS[0m: alphaTauG1: fft 15 join  12/15  7/8 1/2
[36;22m[DEBUG] [39;1msnarkJS[0m: alphaTauG1: fft 15 join  12/15  3/8 0/2
[36;22m[DEBUG] [39;1msnarkJS[0m: alphaTauG1: fft 15 join  12/15  1/8 1/2
[36;22m[DEBUG] [39;1msnarkJS[0m: alphaTauG1: fft 15 join  12/15  2/8 1/2
[36;22m[DEBUG] [39;1msnarkJS[0m: alphaTauG1: fft 15 join  12/15  5/8 0/2
[36;22m[DEBUG] [39;1msnarkJS[0m: alphaTauG1: fft 15 join  12/15  6/8 1/2
[36;22m[DEBUG] [39;1msnarkJS[0m: alphaTauG1: fft 15 join  12/15  7/8 0/2
[36;22m[DEBUG] [39;1msnarkJS[0m: alphaTauG1: fft 15 join  12/15  3/8 1/2
[36;22m[DEBUG] [39;1msnarkJS[0m: alphaTauG1: fft 15 join  12/15  2/8 0/2
[36;22m[DEBUG] [39;1msnarkJS[0m: alphaTauG1: fft 15 join  12/15  8/8 1/2
[36;22m[DEBUG] [39;1msnarkJS[0m: alphaTauG1: fft 15 join  12/15  4/8 1/2
[36;22m[DEBUG] [39;1msnarkJS[0m: alphaTauG1: fft 15 join  12/15  8/8 0/2
[36;22m[DEBUG] [39;1msnarkJS[0m: alphaTauG1: fft 15 join  12/15  1/8 0/2
[36;22m[DEBUG] [39;1msnarkJS[0m: alphaTauG1: fft 15 join  12/15  5/8 1/2
[36;22m[DEBUG] [39;1msnarkJS[0m: alphaTauG1: fft 15 join  12/15  6/8 0/2
[36;22m[DEBUG] [39;1msnarkJS[0m: alphaTauG1: fft  15  join: 13/15
[36;22m[DEBUG] [39;1msnarkJS[0m: alphaTauG1: fft 15 join  13/15  2/4 2/4
[36;22m[DEBUG] [39;1msnarkJS[0m: alphaTauG1: fft 15 join  13/15  4/4 1/4
[36;22m[DEBUG] [39;1msnarkJS[0m: alphaTauG1: fft 15 join  13/15  3/4 3/4
[36;22m[DEBUG] [39;1msnarkJS[0m: alphaTauG1: fft 15 join  13/15  1/4 1/4
[36;22m[DEBUG] [39;1msnarkJS[0m: alphaTauG1: fft 15 join  13/15  3/4 1/4
[36;22m[DEBUG] [39;1msnarkJS[0m: alphaTauG1: fft 15 join  13/15  2/4 0/4
[36;22m[DEBUG] [39;1msnarkJS[0m: alphaTauG1: fft 15 join  13/15  1/4 3/4
[36;22m[DEBUG] [39;1msnarkJS[0m: alphaTauG1: fft 15 join  13/15  1/4 2/4
[36;22m[DEBUG] [39;1msnarkJS[0m: alphaTauG1: fft 15 join  13/15  3/4 0/4
[36;22m[DEBUG] [39;1msnarkJS[0m: alphaTauG1: fft 15 join  13/15  1/4 0/4
[36;22m[DEBUG] [39;1msnarkJS[0m: alphaTauG1: fft 15 join  13/15  3/4 2/4
[36;22m[DEBUG] [39;1msnarkJS[0m: alphaTauG1: fft 15 join  13/15  2/4 1/4
[36;22m[DEBUG] [39;1msnarkJS[0m: alphaTauG1: fft 15 join  13/15  4/4 0/4
[36;22m[DEBUG] [39;1msnarkJS[0m: alphaTauG1: fft 15 join  13/15  4/4 3/4
[36;22m[DEBUG] [39;1msnarkJS[0m: alphaTauG1: fft 15 join  13/15  4/4 2/4
[36;22m[DEBUG] [39;1msnarkJS[0m: alphaTauG1: fft 15 join  13/15  2/4 3/4
[36;22m[DEBUG] [39;1msnarkJS[0m: alphaTauG1: fft  15  join: 14/15
[36;22m[DEBUG] [39;1msnarkJS[0m: alphaTauG1: fft 15 join  14/15  1/2 0/8
[36;22m[DEBUG] [39;1msnarkJS[0m: alphaTauG1: fft 15 join  14/15  1/2 4/8
[36;22m[DEBUG] [39;1msnarkJS[0m: alphaTauG1: fft 15 join  14/15  1/2 3/8
[36;22m[DEBUG] [39;1msnarkJS[0m: alphaTauG1: fft 15 join  14/15  2/2 3/8
[36;22m[DEBUG] [39;1msnarkJS[0m: alphaTauG1: fft 15 join  14/15  1/2 1/8
[36;22m[DEBUG] [39;1msnarkJS[0m: alphaTauG1: fft 15 join  14/15  2/2 1/8
[36;22m[DEBUG] [39;1msnarkJS[0m: alphaTauG1: fft 15 join  14/15  1/2 6/8
[36;22m[DEBUG] [39;1msnarkJS[0m: alphaTauG1: fft 15 join  14/15  2/2 0/8
[36;22m[DEBUG] [39;1msnarkJS[0m: alphaTauG1: fft 15 join  14/15  2/2 5/8
[36;22m[DEBUG] [39;1msnarkJS[0m: alphaTauG1: fft 15 join  14/15  1/2 2/8
[36;22m[DEBUG] [39;1msnarkJS[0m: alphaTauG1: fft 15 join  14/15  2/2 2/8
[36;22m[DEBUG] [39;1msnarkJS[0m: alphaTauG1: fft 15 join  14/15  2/2 4/8
[36;22m[DEBUG] [39;1msnarkJS[0m: alphaTauG1: fft 15 join  14/15  1/2 5/8
[36;22m[DEBUG] [39;1msnarkJS[0m: alphaTauG1: fft 15 join  14/15  2/2 7/8
[36;22m[DEBUG] [39;1msnarkJS[0m: alphaTauG1: fft 15 join  14/15  2/2 6/8
[36;22m[DEBUG] [39;1msnarkJS[0m: alphaTauG1: fft 15 join  14/15  1/2 7/8
[36;22m[DEBUG] [39;1msnarkJS[0m: alphaTauG1: fft  15  join: 15/15
[36;22m[DEBUG] [39;1msnarkJS[0m: alphaTauG1: fft 15 join  15/15  1/1 9/16
[36;22m[DEBUG] [39;1msnarkJS[0m: alphaTauG1: fft 15 join  15/15  1/1 6/16
[36;22m[DEBUG] [39;1msnarkJS[0m: alphaTauG1: fft 15 join  15/15  1/1 1/16
[36;22m[DEBUG] [39;1msnarkJS[0m: alphaTauG1: fft 15 join  15/15  1/1 4/16
[36;22m[DEBUG] [39;1msnarkJS[0m: alphaTauG1: fft 15 join  15/15  1/1 10/16
[36;22m[DEBUG] [39;1msnarkJS[0m: alphaTauG1: fft 15 join  15/15  1/1 11/16
[36;22m[DEBUG] [39;1msnarkJS[0m: alphaTauG1: fft 15 join  15/15  1/1 2/16
[36;22m[DEBUG] [39;1msnarkJS[0m: alphaTauG1: fft 15 join  15/15  1/1 13/16
[36;22m[DEBUG] [39;1msnarkJS[0m: alphaTauG1: fft 15 join  15/15  1/1 5/16
[36;22m[DEBUG] [39;1msnarkJS[0m: alphaTauG1: fft 15 join  15/15  1/1 12/16
[36;22m[DEBUG] [39;1msnarkJS[0m: alphaTauG1: fft 15 join  15/15  1/1 8/16
[36;22m[DEBUG] [39;1msnarkJS[0m: alphaTauG1: fft 15 join  15/15  1/1 3/16
[36;22m[DEBUG] [39;1msnarkJS[0m: alphaTauG1: fft 15 join  15/15  1/1 0/16
[36;22m[DEBUG] [39;1msnarkJS[0m: alphaTauG1: fft 15 join  15/15  1/1 15/16
[36;22m[DEBUG] [39;1msnarkJS[0m: alphaTauG1: fft 15 join  15/15  1/1 7/16
[36;22m[DEBUG] [39;1msnarkJS[0m: alphaTauG1: fft 15 join  15/15  1/1 14/16
[36;22m[DEBUG] [39;1msnarkJS[0m: alphaTauG1: fft 16 mix start: 0/32
[36;22m[DEBUG] [39;1msnarkJS[0m: alphaTauG1: fft 16 mix start: 1/32
[36;22m[DEBUG] [39;1msnarkJS[0m: alphaTauG1: fft 16 mix start: 2/32
[36;22m[DEBUG] [39;1msnarkJS[0m: alphaTauG1: fft 16 mix start: 3/32
[36;22m[DEBUG] [39;1msnarkJS[0m: alphaTauG1: fft 16 mix start: 4/32
[36;22m[DEBUG] [39;1msnarkJS[0m: alphaTauG1: fft 16 mix start: 5/32
[36;22m[DEBUG] [39;1msnarkJS[0m: alphaTauG1: fft 16 mix start: 6/32
[36;22m[DEBUG] [39;1msnarkJS[0m: alphaTauG1: fft 16 mix start: 7/32
[36;22m[DEBUG] [39;1msnarkJS[0m: alphaTauG1: fft 16 mix start: 8/32
[36;22m[DEBUG] [39;1msnarkJS[0m: alphaTauG1: fft 16 mix start: 9/32
[36;22m[DEBUG] [39;1msnarkJS[0m: alphaTauG1: fft 16 mix start: 10/32
[36;22m[DEBUG] [39;1msnarkJS[0m: alphaTauG1: fft 16 mix start: 11/32
[36;22m[DEBUG] [39;1msnarkJS[0m: alphaTauG1: fft 16 mix start: 12/32
[36;22m[DEBUG] [39;1msnarkJS[0m: alphaTauG1: fft 16 mix start: 13/32
[36;22m[DEBUG] [39;1msnarkJS[0m: alphaTauG1: fft 16 mix start: 14/32
[36;22m[DEBUG] [39;1msnarkJS[0m: alphaTauG1: fft 16 mix start: 15/32
[36;22m[DEBUG] [39;1msnarkJS[0m: alphaTauG1: fft 16 mix start: 16/32
[36;22m[DEBUG] [39;1msnarkJS[0m: alphaTauG1: fft 16 mix start: 17/32
[36;22m[DEBUG] [39;1msnarkJS[0m: alphaTauG1: fft 16 mix start: 18/32
[36;22m[DEBUG] [39;1msnarkJS[0m: alphaTauG1: fft 16 mix start: 19/32
[36;22m[DEBUG] [39;1msnarkJS[0m: alphaTauG1: fft 16 mix start: 20/32
[36;22m[DEBUG] [39;1msnarkJS[0m: alphaTauG1: fft 16 mix start: 21/32
[36;22m[DEBUG] [39;1msnarkJS[0m: alphaTauG1: fft 16 mix start: 22/32
[36;22m[DEBUG] [39;1msnarkJS[0m: alphaTauG1: fft 16 mix start: 23/32
[36;22m[DEBUG] [39;1msnarkJS[0m: alphaTauG1: fft 16 mix start: 24/32
[36;22m[DEBUG] [39;1msnarkJS[0m: alphaTauG1: fft 16 mix start: 25/32
[36;22m[DEBUG] [39;1msnarkJS[0m: alphaTauG1: fft 16 mix start: 26/32
[36;22m[DEBUG] [39;1msnarkJS[0m: alphaTauG1: fft 16 mix start: 27/32
[36;22m[DEBUG] [39;1msnarkJS[0m: alphaTauG1: fft 16 mix start: 28/32
[36;22m[DEBUG] [39;1msnarkJS[0m: alphaTauG1: fft 16 mix start: 29/32
[36;22m[DEBUG] [39;1msnarkJS[0m: alphaTauG1: fft 16 mix start: 30/32
[36;22m[DEBUG] [39;1msnarkJS[0m: alphaTauG1: fft 16 mix start: 31/32
[36;22m[DEBUG] [39;1msnarkJS[0m: alphaTauG1: fft 16 mix end: 4/32
[36;22m[DEBUG] [39;1msnarkJS[0m: alphaTauG1: fft 16 mix end: 0/32
[36;22m[DEBUG] [39;1msnarkJS[0m: alphaTauG1: fft 16 mix end: 11/32
[36;22m[DEBUG] [39;1msnarkJS[0m: alphaTauG1: fft 16 mix end: 7/32
[36;22m[DEBUG] [39;1msnarkJS[0m: alphaTauG1: fft 16 mix end: 30/32
[36;22m[DEBUG] [39;1msnarkJS[0m: alphaTauG1: fft 16 mix end: 1/32
[36;22m[DEBUG] [39;1msnarkJS[0m: alphaTauG1: fft 16 mix end: 31/32
[36;22m[DEBUG] [39;1msnarkJS[0m: alphaTauG1: fft 16 mix end: 9/32
[36;22m[DEBUG] [39;1msnarkJS[0m: alphaTauG1: fft 16 mix end: 22/32
[36;22m[DEBUG] [39;1msnarkJS[0m: alphaTauG1: fft 16 mix end: 14/32
[36;22m[DEBUG] [39;1msnarkJS[0m: alphaTauG1: fft 16 mix end: 19/32
[36;22m[DEBUG] [39;1msnarkJS[0m: alphaTauG1: fft 16 mix end: 15/32
[36;22m[DEBUG] [39;1msnarkJS[0m: alphaTauG1: fft 16 mix end: 8/32
[36;22m[DEBUG] [39;1msnarkJS[0m: alphaTauG1: fft 16 mix end: 24/32
[36;22m[DEBUG] [39;1msnarkJS[0m: alphaTauG1: fft 16 mix end: 27/32
[36;22m[DEBUG] [39;1msnarkJS[0m: alphaTauG1: fft 16 mix end: 6/32
[36;22m[DEBUG] [39;1msnarkJS[0m: alphaTauG1: fft 16 mix end: 18/32
[36;22m[DEBUG] [39;1msnarkJS[0m: alphaTauG1: fft 16 mix end: 17/32
[36;22m[DEBUG] [39;1msnarkJS[0m: alphaTauG1: fft 16 mix end: 20/32
[36;22m[DEBUG] [39;1msnarkJS[0m: alphaTauG1: fft 16 mix end: 28/32
[36;22m[DEBUG] [39;1msnarkJS[0m: alphaTauG1: fft 16 mix end: 13/32
[36;22m[DEBUG] [39;1msnarkJS[0m: alphaTauG1: fft 16 mix end: 26/32
[36;22m[DEBUG] [39;1msnarkJS[0m: alphaTauG1: fft 16 mix end: 3/32
[36;22m[DEBUG] [39;1msnarkJS[0m: alphaTauG1: fft 16 mix end: 12/32
[36;22m[DEBUG] [39;1msnarkJS[0m: alphaTauG1: fft 16 mix end: 21/32
[36;22m[DEBUG] [39;1msnarkJS[0m: alphaTauG1: fft 16 mix end: 23/32
[36;22m[DEBUG] [39;1msnarkJS[0m: alphaTauG1: fft 16 mix end: 16/32
[36;22m[DEBUG] [39;1msnarkJS[0m: alphaTauG1: fft 16 mix end: 2/32
[36;22m[DEBUG] [39;1msnarkJS[0m: alphaTauG1: fft 16 mix end: 25/32
[36;22m[DEBUG] [39;1msnarkJS[0m: alphaTauG1: fft 16 mix end: 5/32
[36;22m[DEBUG] [39;1msnarkJS[0m: alphaTauG1: fft 16 mix end: 29/32
[36;22m[DEBUG] [39;1msnarkJS[0m: alphaTauG1: fft 16 mix end: 10/32
[36;22m[DEBUG] [39;1msnarkJS[0m: alphaTauG1: fft  16  join: 12/16
[36;22m[DEBUG] [39;1msnarkJS[0m: alphaTauG1: fft 16 join  12/16  2/16 0/1
[36;22m[DEBUG] [39;1msnarkJS[0m: alphaTauG1: fft 16 join  12/16  5/16 0/1
[36;22m[DEBUG] [39;1msnarkJS[0m: alphaTauG1: fft 16 join  12/16  10/16 0/1
[36;22m[DEBUG] [39;1msnarkJS[0m: alphaTauG1: fft 16 join  12/16  11/16 0/1
[36;22m[DEBUG] [39;1msnarkJS[0m: alphaTauG1: fft 16 join  12/16  1/16 0/1
[36;22m[DEBUG] [39;1msnarkJS[0m: alphaTauG1: fft 16 join  12/16  16/16 0/1
[36;22m[DEBUG] [39;1msnarkJS[0m: alphaTauG1: fft 16 join  12/16  13/16 0/1
[36;22m[DEBUG] [39;1msnarkJS[0m: alphaTauG1: fft 16 join  12/16  9/16 0/1
[36;22m[DEBUG] [39;1msnarkJS[0m: alphaTauG1: fft 16 join  12/16  12/16 0/1
[36;22m[DEBUG] [39;1msnarkJS[0m: alphaTauG1: fft 16 join  12/16  6/16 0/1
[36;22m[DEBUG] [39;1msnarkJS[0m: alphaTauG1: fft 16 join  12/16  4/16 0/1
[36;22m[DEBUG] [39;1msnarkJS[0m: alphaTauG1: fft 16 join  12/16  15/16 0/1
[36;22m[DEBUG] [39;1msnarkJS[0m: alphaTauG1: fft 16 join  12/16  3/16 0/1
[36;22m[DEBUG] [39;1msnarkJS[0m: alphaTauG1: fft 16 join  12/16  8/16 0/1
[36;22m[DEBUG] [39;1msnarkJS[0m: alphaTauG1: fft 16 join  12/16  14/16 0/1
[36;22m[DEBUG] [39;1msnarkJS[0m: alphaTauG1: fft 16 join  12/16  7/16 0/1
[36;22m[DEBUG] [39;1msnarkJS[0m: alphaTauG1: fft  16  join: 13/16
[36;22m[DEBUG] [39;1msnarkJS[0m: alphaTauG1: fft 16 join  13/16  1/8 1/2
[36;22m[DEBUG] [39;1msnarkJS[0m: alphaTauG1: fft 16 join  13/16  7/8 1/2
[36;22m[DEBUG] [39;1msnarkJS[0m: alphaTauG1: fft 16 join  13/16  4/8 0/2
[36;22m[DEBUG] [39;1msnarkJS[0m: alphaTauG1: fft 16 join  13/16  6/8 1/2
[36;22m[DEBUG] [39;1msnarkJS[0m: alphaTauG1: fft 16 join  13/16  6/8 0/2
[36;22m[DEBUG] [39;1msnarkJS[0m: alphaTauG1: fft 16 join  13/16  5/8 1/2
[36;22m[DEBUG] [39;1msnarkJS[0m: alphaTauG1: fft 16 join  13/16  3/8 0/2
[36;22m[DEBUG] [39;1msnarkJS[0m: alphaTauG1: fft 16 join  13/16  1/8 0/2
[36;22m[DEBUG] [39;1msnarkJS[0m: alphaTauG1: fft 16 join  13/16  8/8 1/2
[36;22m[DEBUG] [39;1msnarkJS[0m: alphaTauG1: fft 16 join  13/16  5/8 0/2
[36;22m[DEBUG] [39;1msnarkJS[0m: alphaTauG1: fft 16 join  13/16  3/8 1/2
[36;22m[DEBUG] [39;1msnarkJS[0m: alphaTauG1: fft 16 join  13/16  7/8 0/2
[36;22m[DEBUG] [39;1msnarkJS[0m: alphaTauG1: fft 16 join  13/16  2/8 0/2
[36;22m[DEBUG] [39;1msnarkJS[0m: alphaTauG1: fft 16 join  13/16  8/8 0/2
[36;22m[DEBUG] [39;1msnarkJS[0m: alphaTauG1: fft 16 join  13/16  4/8 1/2
[36;22m[DEBUG] [39;1msnarkJS[0m: alphaTauG1: fft 16 join  13/16  2/8 1/2
[36;22m[DEBUG] [39;1msnarkJS[0m: alphaTauG1: fft  16  join: 14/16
[36;22m[DEBUG] [39;1msnarkJS[0m: alphaTauG1: fft 16 join  14/16  2/4 2/4
[36;22m[DEBUG] [39;1msnarkJS[0m: alphaTauG1: fft 16 join  14/16  4/4 1/4
[36;22m[DEBUG] [39;1msnarkJS[0m: alphaTauG1: fft 16 join  14/16  1/4 0/4
[36;22m[DEBUG] [39;1msnarkJS[0m: alphaTauG1: fft 16 join  14/16  3/4 2/4
[36;22m[DEBUG] [39;1msnarkJS[0m: alphaTauG1: fft 16 join  14/16  2/4 0/4
[36;22m[DEBUG] [39;1msnarkJS[0m: alphaTauG1: fft 16 join  14/16  3/4 1/4
[36;22m[DEBUG] [39;1msnarkJS[0m: alphaTauG1: fft 16 join  14/16  1/4 3/4
[36;22m[DEBUG] [39;1msnarkJS[0m: alphaTauG1: fft 16 join  14/16  3/4 3/4
[36;22m[DEBUG] [39;1msnarkJS[0m: alphaTauG1: fft 16 join  14/16  4/4 3/4
[36;22m[DEBUG] [39;1msnarkJS[0m: alphaTauG1: fft 16 join  14/16  3/4 0/4
[36;22m[DEBUG] [39;1msnarkJS[0m: alphaTauG1: fft 16 join  14/16  4/4 0/4
[36;22m[DEBUG] [39;1msnarkJS[0m: alphaTauG1: fft 16 join  14/16  2/4 1/4
[36;22m[DEBUG] [39;1msnarkJS[0m: alphaTauG1: fft 16 join  14/16  4/4 2/4
[36;22m[DEBUG] [39;1msnarkJS[0m: alphaTauG1: fft 16 join  14/16  1/4 1/4
[36;22m[DEBUG] [39;1msnarkJS[0m: alphaTauG1: fft 16 join  14/16  2/4 3/4
[36;22m[DEBUG] [39;1msnarkJS[0m: alphaTauG1: fft 16 join  14/16  1/4 2/4
[36;22m[DEBUG] [39;1msnarkJS[0m: alphaTauG1: fft  16  join: 15/16
[36;22m[DEBUG] [39;1msnarkJS[0m: alphaTauG1: fft 16 join  15/16  1/2 6/8
[36;22m[DEBUG] [39;1msnarkJS[0m: alphaTauG1: fft 16 join  15/16  1/2 4/8
[36;22m[DEBUG] [39;1msnarkJS[0m: alphaTauG1: fft 16 join  15/16  2/2 1/8
[36;22m[DEBUG] [39;1msnarkJS[0m: alphaTauG1: fft 16 join  15/16  2/2 2/8
[36;22m[DEBUG] [39;1msnarkJS[0m: alphaTauG1: fft 16 join  15/16  1/2 1/8
[36;22m[DEBUG] [39;1msnarkJS[0m: alphaTauG1: fft 16 join  15/16  2/2 5/8
[36;22m[DEBUG] [39;1msnarkJS[0m: alphaTauG1: fft 16 join  15/16  1/2 2/8
[36;22m[DEBUG] [39;1msnarkJS[0m: alphaTauG1: fft 16 join  15/16  2/2 0/8
[36;22m[DEBUG] [39;1msnarkJS[0m: alphaTauG1: fft 16 join  15/16  2/2 7/8
[36;22m[DEBUG] [39;1msnarkJS[0m: alphaTauG1: fft 16 join  15/16  2/2 3/8
[36;22m[DEBUG] [39;1msnarkJS[0m: alphaTauG1: fft 16 join  15/16  1/2 0/8
[36;22m[DEBUG] [39;1msnarkJS[0m: alphaTauG1: fft 16 join  15/16  1/2 5/8
[36;22m[DEBUG] [39;1msnarkJS[0m: alphaTauG1: fft 16 join  15/16  2/2 4/8
[36;22m[DEBUG] [39;1msnarkJS[0m: alphaTauG1: fft 16 join  15/16  2/2 6/8
[36;22m[DEBUG] [39;1msnarkJS[0m: alphaTauG1: fft 16 join  15/16  1/2 3/8
[36;22m[DEBUG] [39;1msnarkJS[0m: alphaTauG1: fft 16 join  15/16  1/2 7/8
[36;22m[DEBUG] [39;1msnarkJS[0m: alphaTauG1: fft  16  join: 16/16
[36;22m[DEBUG] [39;1msnarkJS[0m: alphaTauG1: fft 16 join  16/16  1/1 6/16
[36;22m[DEBUG] [39;1msnarkJS[0m: alphaTauG1: fft 16 join  16/16  1/1 1/16
[36;22m[DEBUG] [39;1msnarkJS[0m: alphaTauG1: fft 16 join  16/16  1/1 10/16
[36;22m[DEBUG] [39;1msnarkJS[0m: alphaTauG1: fft 16 join  16/16  1/1 4/16
[36;22m[DEBUG] [39;1msnarkJS[0m: alphaTauG1: fft 16 join  16/16  1/1 9/16
[36;22m[DEBUG] [39;1msnarkJS[0m: alphaTauG1: fft 16 join  16/16  1/1 12/16
[36;22m[DEBUG] [39;1msnarkJS[0m: alphaTauG1: fft 16 join  16/16  1/1 5/16
[36;22m[DEBUG] [39;1msnarkJS[0m: alphaTauG1: fft 16 join  16/16  1/1 3/16
[36;22m[DEBUG] [39;1msnarkJS[0m: alphaTauG1: fft 16 join  16/16  1/1 13/16
[36;22m[DEBUG] [39;1msnarkJS[0m: alphaTauG1: fft 16 join  16/16  1/1 15/16
[36;22m[DEBUG] [39;1msnarkJS[0m: alphaTauG1: fft 16 join  16/16  1/1 8/16
[36;22m[DEBUG] [39;1msnarkJS[0m: alphaTauG1: fft 16 join  16/16  1/1 0/16
[36;22m[DEBUG] [39;1msnarkJS[0m: alphaTauG1: fft 16 join  16/16  1/1 2/16
[36;22m[DEBUG] [39;1msnarkJS[0m: alphaTauG1: fft 16 join  16/16  1/1 11/16
[36;22m[DEBUG] [39;1msnarkJS[0m: alphaTauG1: fft 16 join  16/16  1/1 7/16
[36;22m[DEBUG] [39;1msnarkJS[0m: alphaTauG1: fft 16 join  16/16  1/1 14/16
[36;22m[DEBUG] [39;1msnarkJS[0m: alphaTauG1: fft 17 mix start: 0/32
[36;22m[DEBUG] [39;1msnarkJS[0m: alphaTauG1: fft 17 mix start: 1/32
[36;22m[DEBUG] [39;1msnarkJS[0m: alphaTauG1: fft 17 mix start: 2/32
[36;22m[DEBUG] [39;1msnarkJS[0m: alphaTauG1: fft 17 mix start: 3/32
[36;22m[DEBUG] [39;1msnarkJS[0m: alphaTauG1: fft 17 mix start: 4/32
[36;22m[DEBUG] [39;1msnarkJS[0m: alphaTauG1: fft 17 mix start: 5/32
[36;22m[DEBUG] [39;1msnarkJS[0m: alphaTauG1: fft 17 mix start: 6/32
[36;22m[DEBUG] [39;1msnarkJS[0m: alphaTauG1: fft 17 mix start: 7/32
[36;22m[DEBUG] [39;1msnarkJS[0m: alphaTauG1: fft 17 mix start: 8/32
[36;22m[DEBUG] [39;1msnarkJS[0m: alphaTauG1: fft 17 mix start: 9/32
[36;22m[DEBUG] [39;1msnarkJS[0m: alphaTauG1: fft 17 mix start: 10/32
[36;22m[DEBUG] [39;1msnarkJS[0m: alphaTauG1: fft 17 mix start: 11/32
[36;22m[DEBUG] [39;1msnarkJS[0m: alphaTauG1: fft 17 mix start: 12/32
[36;22m[DEBUG] [39;1msnarkJS[0m: alphaTauG1: fft 17 mix start: 13/32
[36;22m[DEBUG] [39;1msnarkJS[0m: alphaTauG1: fft 17 mix start: 14/32
[36;22m[DEBUG] [39;1msnarkJS[0m: alphaTauG1: fft 17 mix start: 15/32
[36;22m[DEBUG] [39;1msnarkJS[0m: alphaTauG1: fft 17 mix start: 16/32
[36;22m[DEBUG] [39;1msnarkJS[0m: alphaTauG1: fft 17 mix start: 17/32
[36;22m[DEBUG] [39;1msnarkJS[0m: alphaTauG1: fft 17 mix start: 18/32
[36;22m[DEBUG] [39;1msnarkJS[0m: alphaTauG1: fft 17 mix start: 19/32
[36;22m[DEBUG] [39;1msnarkJS[0m: alphaTauG1: fft 17 mix start: 20/32
[36;22m[DEBUG] [39;1msnarkJS[0m: alphaTauG1: fft 17 mix start: 21/32
[36;22m[DEBUG] [39;1msnarkJS[0m: alphaTauG1: fft 17 mix start: 22/32
[36;22m[DEBUG] [39;1msnarkJS[0m: alphaTauG1: fft 17 mix start: 23/32
[36;22m[DEBUG] [39;1msnarkJS[0m: alphaTauG1: fft 17 mix start: 24/32
[36;22m[DEBUG] [39;1msnarkJS[0m: alphaTauG1: fft 17 mix start: 25/32
[36;22m[DEBUG] [39;1msnarkJS[0m: alphaTauG1: fft 17 mix start: 26/32
[36;22m[DEBUG] [39;1msnarkJS[0m: alphaTauG1: fft 17 mix start: 27/32
[36;22m[DEBUG] [39;1msnarkJS[0m: alphaTauG1: fft 17 mix start: 28/32
[36;22m[DEBUG] [39;1msnarkJS[0m: alphaTauG1: fft 17 mix start: 29/32
[36;22m[DEBUG] [39;1msnarkJS[0m: alphaTauG1: fft 17 mix start: 30/32
[36;22m[DEBUG] [39;1msnarkJS[0m: alphaTauG1: fft 17 mix start: 31/32
[36;22m[DEBUG] [39;1msnarkJS[0m: alphaTauG1: fft 17 mix end: 18/32
[36;22m[DEBUG] [39;1msnarkJS[0m: alphaTauG1: fft 17 mix end: 23/32
[36;22m[DEBUG] [39;1msnarkJS[0m: alphaTauG1: fft 17 mix end: 0/32
[36;22m[DEBUG] [39;1msnarkJS[0m: alphaTauG1: fft 17 mix end: 2/32
[36;22m[DEBUG] [39;1msnarkJS[0m: alphaTauG1: fft 17 mix end: 21/32
[36;22m[DEBUG] [39;1msnarkJS[0m: alphaTauG1: fft 17 mix end: 8/32
[36;22m[DEBUG] [39;1msnarkJS[0m: alphaTauG1: fft 17 mix end: 22/32
[36;22m[DEBUG] [39;1msnarkJS[0m: alphaTauG1: fft 17 mix end: 26/32
[36;22m[DEBUG] [39;1msnarkJS[0m: alphaTauG1: fft 17 mix end: 4/32
[36;22m[DEBUG] [39;1msnarkJS[0m: alphaTauG1: fft 17 mix end: 31/32
[36;22m[DEBUG] [39;1msnarkJS[0m: alphaTauG1: fft 17 mix end: 14/32
[36;22m[DEBUG] [39;1msnarkJS[0m: alphaTauG1: fft 17 mix end: 10/32
[36;22m[DEBUG] [39;1msnarkJS[0m: alphaTauG1: fft 17 mix end: 30/32
[36;22m[DEBUG] [39;1msnarkJS[0m: alphaTauG1: fft 17 mix end: 12/32
[36;22m[DEBUG] [39;1msnarkJS[0m: alphaTauG1: fft 17 mix end: 15/32
[36;22m[DEBUG] [39;1msnarkJS[0m: alphaTauG1: fft 17 mix end: 27/32
[36;22m[DEBUG] [39;1msnarkJS[0m: alphaTauG1: fft 17 mix end: 9/32
[36;22m[DEBUG] [39;1msnarkJS[0m: alphaTauG1: fft 17 mix end: 19/32
[36;22m[DEBUG] [39;1msnarkJS[0m: alphaTauG1: fft 17 mix end: 3/32
[36;22m[DEBUG] [39;1msnarkJS[0m: alphaTauG1: fft 17 mix end: 17/32
[36;22m[DEBUG] [39;1msnarkJS[0m: alphaTauG1: fft 17 mix end: 24/32
[36;22m[DEBUG] [39;1msnarkJS[0m: alphaTauG1: fft 17 mix end: 28/32
[36;22m[DEBUG] [39;1msnarkJS[0m: alphaTauG1: fft 17 mix end: 1/32
[36;22m[DEBUG] [39;1msnarkJS[0m: alphaTauG1: fft 17 mix end: 6/32
[36;22m[DEBUG] [39;1msnarkJS[0m: alphaTauG1: fft 17 mix end: 20/32
[36;22m[DEBUG] [39;1msnarkJS[0m: alphaTauG1: fft 17 mix end: 25/32
[36;22m[DEBUG] [39;1msnarkJS[0m: alphaTauG1: fft 17 mix end: 16/32
[36;22m[DEBUG] [39;1msnarkJS[0m: alphaTauG1: fft 17 mix end: 13/32
[36;22m[DEBUG] [39;1msnarkJS[0m: alphaTauG1: fft 17 mix end: 29/32
[36;22m[DEBUG] [39;1msnarkJS[0m: alphaTauG1: fft 17 mix end: 11/32
[36;22m[DEBUG] [39;1msnarkJS[0m: alphaTauG1: fft 17 mix end: 7/32
[36;22m[DEBUG] [39;1msnarkJS[0m: alphaTauG1: fft 17 mix end: 5/32
[36;22m[DEBUG] [39;1msnarkJS[0m: alphaTauG1: fft  17  join: 13/17
[36;22m[DEBUG] [39;1msnarkJS[0m: alphaTauG1: fft 17 join  13/17  7/16 0/1
[36;22m[DEBUG] [39;1msnarkJS[0m: alphaTauG1: fft 17 join  13/17  2/16 0/1
[36;22m[DEBUG] [39;1msnarkJS[0m: alphaTauG1: fft 17 join  13/17  10/16 0/1
[36;22m[DEBUG] [39;1msnarkJS[0m: alphaTauG1: fft 17 join  13/17  14/16 0/1
[36;22m[DEBUG] [39;1msnarkJS[0m: alphaTauG1: fft 17 join  13/17  16/16 0/1
[36;22m[DEBUG] [39;1msnarkJS[0m: alphaTauG1: fft 17 join  13/17  3/16 0/1
[36;22m[DEBUG] [39;1msnarkJS[0m: alphaTauG1: fft 17 join  13/17  12/16 0/1
[36;22m[DEBUG] [39;1msnarkJS[0m: alphaTauG1: fft 17 join  13/17  13/16 0/1
[36;22m[DEBUG] [39;1msnarkJS[0m: alphaTauG1: fft 17 join  13/17  9/16 0/1
[36;22m[DEBUG] [39;1msnarkJS[0m: alphaTauG1: fft 17 join  13/17  8/16 0/1
[36;22m[DEBUG] [39;1msnarkJS[0m: alphaTauG1: fft 17 join  13/17  15/16 0/1
[36;22m[DEBUG] [39;1msnarkJS[0m: alphaTauG1: fft 17 join  13/17  4/16 0/1
[36;22m[DEBUG] [39;1msnarkJS[0m: alphaTauG1: fft 17 join  13/17  1/16 0/1
[36;22m[DEBUG] [39;1msnarkJS[0m: alphaTauG1: fft 17 join  13/17  6/16 0/1
[36;22m[DEBUG] [39;1msnarkJS[0m: alphaTauG1: fft 17 join  13/17  5/16 0/1
[36;22m[DEBUG] [39;1msnarkJS[0m: alphaTauG1: fft 17 join  13/17  11/16 0/1
[36;22m[DEBUG] [39;1msnarkJS[0m: alphaTauG1: fft  17  join: 14/17
[36;22m[DEBUG] [39;1msnarkJS[0m: alphaTauG1: fft 17 join  14/17  4/8 0/2
[36;22m[DEBUG] [39;1msnarkJS[0m: alphaTauG1: fft 17 join  14/17  3/8 0/2
[36;22m[DEBUG] [39;1msnarkJS[0m: alphaTauG1: fft 17 join  14/17  1/8 1/2
[36;22m[DEBUG] [39;1msnarkJS[0m: alphaTauG1: fft 17 join  14/17  5/8 1/2
[36;22m[DEBUG] [39;1msnarkJS[0m: alphaTauG1: fft 17 join  14/17  7/8 1/2
[36;22m[DEBUG] [39;1msnarkJS[0m: alphaTauG1: fft 17 join  14/17  6/8 0/2
[36;22m[DEBUG] [39;1msnarkJS[0m: alphaTauG1: fft 17 join  14/17  1/8 0/2
[36;22m[DEBUG] [39;1msnarkJS[0m: alphaTauG1: fft 17 join  14/17  2/8 0/2
[36;22m[DEBUG] [39;1msnarkJS[0m: alphaTauG1: fft 17 join  14/17  6/8 1/2
[36;22m[DEBUG] [39;1msnarkJS[0m: alphaTauG1: fft 17 join  14/17  7/8 0/2
[36;22m[DEBUG] [39;1msnarkJS[0m: alphaTauG1: fft 17 join  14/17  4/8 1/2
[36;22m[DEBUG] [39;1msnarkJS[0m: alphaTauG1: fft 17 join  14/17  3/8 1/2
[36;22m[DEBUG] [39;1msnarkJS[0m: alphaTauG1: fft 17 join  14/17  8/8 0/2
[36;22m[DEBUG] [39;1msnarkJS[0m: alphaTauG1: fft 17 join  14/17  8/8 1/2
[36;22m[DEBUG] [39;1msnarkJS[0m: alphaTauG1: fft 17 join  14/17  2/8 1/2
[36;22m[DEBUG] [39;1msnarkJS[0m: alphaTauG1: fft 17 join  14/17  5/8 0/2
[36;22m[DEBUG] [39;1msnarkJS[0m: alphaTauG1: fft  17  join: 15/17
[36;22m[DEBUG] [39;1msnarkJS[0m: alphaTauG1: fft 17 join  15/17  2/4 0/4
[36;22m[DEBUG] [39;1msnarkJS[0m: alphaTauG1: fft 17 join  15/17  2/4 2/4
[36;22m[DEBUG] [39;1msnarkJS[0m: alphaTauG1: fft 17 join  15/17  4/4 1/4
[36;22m[DEBUG] [39;1msnarkJS[0m: alphaTauG1: fft 17 join  15/17  1/4 0/4
[36;22m[DEBUG] [39;1msnarkJS[0m: alphaTauG1: fft 17 join  15/17  3/4 0/4
[36;22m[DEBUG] [39;1msnarkJS[0m: alphaTauG1: fft 17 join  15/17  3/4 2/4
[36;22m[DEBUG] [39;1msnarkJS[0m: alphaTauG1: fft 17 join  15/17  1/4 1/4
[36;22m[DEBUG] [39;1msnarkJS[0m: alphaTauG1: fft 17 join  15/17  3/4 1/4
[36;22m[DEBUG] [39;1msnarkJS[0m: alphaTauG1: fft 17 join  15/17  3/4 3/4
[36;22m[DEBUG] [39;1msnarkJS[0m: alphaTauG1: fft 17 join  15/17  4/4 0/4
[36;22m[DEBUG] [39;1msnarkJS[0m: alphaTauG1: fft 17 join  15/17  2/4 3/4
[36;22m[DEBUG] [39;1msnarkJS[0m: alphaTauG1: fft 17 join  15/17  4/4 2/4
[36;22m[DEBUG] [39;1msnarkJS[0m: alphaTauG1: fft 17 join  15/17  2/4 1/4
[36;22m[DEBUG] [39;1msnarkJS[0m: alphaTauG1: fft 17 join  15/17  4/4 3/4
[36;22m[DEBUG] [39;1msnarkJS[0m: alphaTauG1: fft 17 join  15/17  1/4 2/4
[36;22m[DEBUG] [39;1msnarkJS[0m: alphaTauG1: fft 17 join  15/17  1/4 3/4
[36;22m[DEBUG] [39;1msnarkJS[0m: alphaTauG1: fft  17  join: 16/17
[36;22m[DEBUG] [39;1msnarkJS[0m: alphaTauG1: fft 17 join  16/17  1/2 3/8
[36;22m[DEBUG] [39;1msnarkJS[0m: alphaTauG1: fft 17 join  16/17  1/2 6/8
[36;22m[DEBUG] [39;1msnarkJS[0m: alphaTauG1: fft 17 join  16/17  2/2 5/8
[36;22m[DEBUG] [39;1msnarkJS[0m: alphaTauG1: fft 17 join  16/17  1/2 4/8
[36;22m[DEBUG] [39;1msnarkJS[0m: alphaTauG1: fft 17 join  16/17  2/2 1/8
[36;22m[DEBUG] [39;1msnarkJS[0m: alphaTauG1: fft 17 join  16/17  2/2 2/8
[36;22m[DEBUG] [39;1msnarkJS[0m: alphaTauG1: fft 17 join  16/17  1/2 1/8
[36;22m[DEBUG] [39;1msnarkJS[0m: alphaTauG1: fft 17 join  16/17  1/2 2/8
[36;22m[DEBUG] [39;1msnarkJS[0m: alphaTauG1: fft 17 join  16/17  1/2 0/8
[36;22m[DEBUG] [39;1msnarkJS[0m: alphaTauG1: fft 17 join  16/17  2/2 3/8
[36;22m[DEBUG] [39;1msnarkJS[0m: alphaTauG1: fft 17 join  16/17  2/2 4/8
[36;22m[DEBUG] [39;1msnarkJS[0m: alphaTauG1: fft 17 join  16/17  2/2 0/8
[36;22m[DEBUG] [39;1msnarkJS[0m: alphaTauG1: fft 17 join  16/17  2/2 7/8
[36;22m[DEBUG] [39;1msnarkJS[0m: alphaTauG1: fft 17 join  16/17  2/2 6/8
[36;22m[DEBUG] [39;1msnarkJS[0m: alphaTauG1: fft 17 join  16/17  1/2 7/8
[36;22m[DEBUG] [39;1msnarkJS[0m: alphaTauG1: fft 17 join  16/17  1/2 5/8
[36;22m[DEBUG] [39;1msnarkJS[0m: alphaTauG1: fft  17  join: 17/17
[36;22m[DEBUG] [39;1msnarkJS[0m: alphaTauG1: fft 17 join  17/17  1/1 1/16
[36;22m[DEBUG] [39;1msnarkJS[0m: alphaTauG1: fft 17 join  17/17  1/1 6/16
[36;22m[DEBUG] [39;1msnarkJS[0m: alphaTauG1: fft 17 join  17/17  1/1 0/16
[36;22m[DEBUG] [39;1msnarkJS[0m: alphaTauG1: fft 17 join  17/17  1/1 4/16
[36;22m[DEBUG] [39;1msnarkJS[0m: alphaTauG1: fft 17 join  17/17  1/1 9/16
[36;22m[DEBUG] [39;1msnarkJS[0m: alphaTauG1: fft 17 join  17/17  1/1 10/16
[36;22m[DEBUG] [39;1msnarkJS[0m: alphaTauG1: fft 17 join  17/17  1/1 15/16
[36;22m[DEBUG] [39;1msnarkJS[0m: alphaTauG1: fft 17 join  17/17  1/1 12/16
[36;22m[DEBUG] [39;1msnarkJS[0m: alphaTauG1: fft 17 join  17/17  1/1 2/16
[36;22m[DEBUG] [39;1msnarkJS[0m: alphaTauG1: fft 17 join  17/17  1/1 13/16
[36;22m[DEBUG] [39;1msnarkJS[0m: alphaTauG1: fft 17 join  17/17  1/1 3/16
[36;22m[DEBUG] [39;1msnarkJS[0m: alphaTauG1: fft 17 join  17/17  1/1 11/16
[36;22m[DEBUG] [39;1msnarkJS[0m: alphaTauG1: fft 17 join  17/17  1/1 5/16
[36;22m[DEBUG] [39;1msnarkJS[0m: alphaTauG1: fft 17 join  17/17  1/1 8/16
[36;22m[DEBUG] [39;1msnarkJS[0m: alphaTauG1: fft 17 join  17/17  1/1 14/16
[36;22m[DEBUG] [39;1msnarkJS[0m: alphaTauG1: fft 17 join  17/17  1/1 7/16
[36;22m[DEBUG] [39;1msnarkJS[0m: alphaTauG1: fft 18 mix start: 0/32
[36;22m[DEBUG] [39;1msnarkJS[0m: alphaTauG1: fft 18 mix start: 1/32
[36;22m[DEBUG] [39;1msnarkJS[0m: alphaTauG1: fft 18 mix start: 2/32
[36;22m[DEBUG] [39;1msnarkJS[0m: alphaTauG1: fft 18 mix start: 3/32
[36;22m[DEBUG] [39;1msnarkJS[0m: alphaTauG1: fft 18 mix start: 4/32
[36;22m[DEBUG] [39;1msnarkJS[0m: alphaTauG1: fft 18 mix start: 5/32
[36;22m[DEBUG] [39;1msnarkJS[0m: alphaTauG1: fft 18 mix start: 6/32
[36;22m[DEBUG] [39;1msnarkJS[0m: alphaTauG1: fft 18 mix start: 7/32
[36;22m[DEBUG] [39;1msnarkJS[0m: alphaTauG1: fft 18 mix start: 8/32
[36;22m[DEBUG] [39;1msnarkJS[0m: alphaTauG1: fft 18 mix start: 9/32
[36;22m[DEBUG] [39;1msnarkJS[0m: alphaTauG1: fft 18 mix start: 10/32
[36;22m[DEBUG] [39;1msnarkJS[0m: alphaTauG1: fft 18 mix start: 11/32
[36;22m[DEBUG] [39;1msnarkJS[0m: alphaTauG1: fft 18 mix start: 12/32
[36;22m[DEBUG] [39;1msnarkJS[0m: alphaTauG1: fft 18 mix start: 13/32
[36;22m[DEBUG] [39;1msnarkJS[0m: alphaTauG1: fft 18 mix start: 14/32
[36;22m[DEBUG] [39;1msnarkJS[0m: alphaTauG1: fft 18 mix start: 15/32
[36;22m[DEBUG] [39;1msnarkJS[0m: alphaTauG1: fft 18 mix start: 16/32
[36;22m[DEBUG] [39;1msnarkJS[0m: alphaTauG1: fft 18 mix start: 17/32
[36;22m[DEBUG] [39;1msnarkJS[0m: alphaTauG1: fft 18 mix start: 18/32
[36;22m[DEBUG] [39;1msnarkJS[0m: alphaTauG1: fft 18 mix start: 19/32
[36;22m[DEBUG] [39;1msnarkJS[0m: alphaTauG1: fft 18 mix start: 20/32
[36;22m[DEBUG] [39;1msnarkJS[0m: alphaTauG1: fft 18 mix start: 21/32
[36;22m[DEBUG] [39;1msnarkJS[0m: alphaTauG1: fft 18 mix start: 22/32
[36;22m[DEBUG] [39;1msnarkJS[0m: alphaTauG1: fft 18 mix start: 23/32
[36;22m[DEBUG] [39;1msnarkJS[0m: alphaTauG1: fft 18 mix start: 24/32
[36;22m[DEBUG] [39;1msnarkJS[0m: alphaTauG1: fft 18 mix start: 25/32
[36;22m[DEBUG] [39;1msnarkJS[0m: alphaTauG1: fft 18 mix start: 26/32
[36;22m[DEBUG] [39;1msnarkJS[0m: alphaTauG1: fft 18 mix start: 27/32
[36;22m[DEBUG] [39;1msnarkJS[0m: alphaTauG1: fft 18 mix start: 28/32
[36;22m[DEBUG] [39;1msnarkJS[0m: alphaTauG1: fft 18 mix start: 29/32
[36;22m[DEBUG] [39;1msnarkJS[0m: alphaTauG1: fft 18 mix start: 30/32
[36;22m[DEBUG] [39;1msnarkJS[0m: alphaTauG1: fft 18 mix start: 31/32
[36;22m[DEBUG] [39;1msnarkJS[0m: alphaTauG1: fft 18 mix end: 18/32
[36;22m[DEBUG] [39;1msnarkJS[0m: alphaTauG1: fft 18 mix end: 17/32
[36;22m[DEBUG] [39;1msnarkJS[0m: alphaTauG1: fft 18 mix end: 14/32
[36;22m[DEBUG] [39;1msnarkJS[0m: alphaTauG1: fft 18 mix end: 24/32
[36;22m[DEBUG] [39;1msnarkJS[0m: alphaTauG1: fft 18 mix end: 31/32
[36;22m[DEBUG] [39;1msnarkJS[0m: alphaTauG1: fft 18 mix end: 9/32
[36;22m[DEBUG] [39;1msnarkJS[0m: alphaTauG1: fft 18 mix end: 19/32
[36;22m[DEBUG] [39;1msnarkJS[0m: alphaTauG1: fft 18 mix end: 21/32
[36;22m[DEBUG] [39;1msnarkJS[0m: alphaTauG1: fft 18 mix end: 13/32
[36;22m[DEBUG] [39;1msnarkJS[0m: alphaTauG1: fft 18 mix end: 16/32
[36;22m[DEBUG] [39;1msnarkJS[0m: alphaTauG1: fft 18 mix end: 15/32
[36;22m[DEBUG] [39;1msnarkJS[0m: alphaTauG1: fft 18 mix end: 0/32
[36;22m[DEBUG] [39;1msnarkJS[0m: alphaTauG1: fft 18 mix end: 2/32
[36;22m[DEBUG] [39;1msnarkJS[0m: alphaTauG1: fft 18 mix end: 23/32
[36;22m[DEBUG] [39;1msnarkJS[0m: alphaTauG1: fft 18 mix end: 1/32
[36;22m[DEBUG] [39;1msnarkJS[0m: alphaTauG1: fft 18 mix end: 5/32
[36;22m[DEBUG] [39;1msnarkJS[0m: alphaTauG1: fft 18 mix end: 12/32
[36;22m[DEBUG] [39;1msnarkJS[0m: alphaTauG1: fft 18 mix end: 27/32
[36;22m[DEBUG] [39;1msnarkJS[0m: alphaTauG1: fft 18 mix end: 8/32
[36;22m[DEBUG] [39;1msnarkJS[0m: alphaTauG1: fft 18 mix end: 7/32
[36;22m[DEBUG] [39;1msnarkJS[0m: alphaTauG1: fft 18 mix end: 26/32
[36;22m[DEBUG] [39;1msnarkJS[0m: alphaTauG1: fft 18 mix end: 3/32
[36;22m[DEBUG] [39;1msnarkJS[0m: alphaTauG1: fft 18 mix end: 4/32
[36;22m[DEBUG] [39;1msnarkJS[0m: alphaTauG1: fft 18 mix end: 28/32
[36;22m[DEBUG] [39;1msnarkJS[0m: alphaTauG1: fft 18 mix end: 6/32
[36;22m[DEBUG] [39;1msnarkJS[0m: alphaTauG1: fft 18 mix end: 10/32
[36;22m[DEBUG] [39;1msnarkJS[0m: alphaTauG1: fft 18 mix end: 11/32
[36;22m[DEBUG] [39;1msnarkJS[0m: alphaTauG1: fft 18 mix end: 20/32
[36;22m[DEBUG] [39;1msnarkJS[0m: alphaTauG1: fft 18 mix end: 22/32
[36;22m[DEBUG] [39;1msnarkJS[0m: alphaTauG1: fft 18 mix end: 30/32
[36;22m[DEBUG] [39;1msnarkJS[0m: alphaTauG1: fft 18 mix end: 25/32
[36;22m[DEBUG] [39;1msnarkJS[0m: alphaTauG1: fft 18 mix end: 29/32
[36;22m[DEBUG] [39;1msnarkJS[0m: alphaTauG1: fft  18  join: 14/18
[36;22m[DEBUG] [39;1msnarkJS[0m: alphaTauG1: fft 18 join  14/18  7/16 0/1
[36;22m[DEBUG] [39;1msnarkJS[0m: alphaTauG1: fft 18 join  14/18  5/16 0/1
[36;22m[DEBUG] [39;1msnarkJS[0m: alphaTauG1: fft 18 join  14/18  10/16 0/1
[36;22m[DEBUG] [39;1msnarkJS[0m: alphaTauG1: fft 18 join  14/18  3/16 0/1
[36;22m[DEBUG] [39;1msnarkJS[0m: alphaTauG1: fft 18 join  14/18  11/16 0/1
[36;22m[DEBUG] [39;1msnarkJS[0m: alphaTauG1: fft 18 join  14/18  2/16 0/1
[36;22m[DEBUG] [39;1msnarkJS[0m: alphaTauG1: fft 18 join  14/18  16/16 0/1
[36;22m[DEBUG] [39;1msnarkJS[0m: alphaTauG1: fft 18 join  14/18  4/16 0/1
[36;22m[DEBUG] [39;1msnarkJS[0m: alphaTauG1: fft 18 join  14/18  14/16 0/1
[36;22m[DEBUG] [39;1msnarkJS[0m: alphaTauG1: fft 18 join  14/18  1/16 0/1
[36;22m[DEBUG] [39;1msnarkJS[0m: alphaTauG1: fft 18 join  14/18  9/16 0/1
[36;22m[DEBUG] [39;1msnarkJS[0m: alphaTauG1: fft 18 join  14/18  12/16 0/1
[36;22m[DEBUG] [39;1msnarkJS[0m: alphaTauG1: fft 18 join  14/18  6/16 0/1
[36;22m[DEBUG] [39;1msnarkJS[0m: alphaTauG1: fft 18 join  14/18  15/16 0/1
[36;22m[DEBUG] [39;1msnarkJS[0m: alphaTauG1: fft 18 join  14/18  13/16 0/1
[36;22m[DEBUG] [39;1msnarkJS[0m: alphaTauG1: fft 18 join  14/18  8/16 0/1
[36;22m[DEBUG] [39;1msnarkJS[0m: alphaTauG1: fft  18  join: 15/18
[36;22m[DEBUG] [39;1msnarkJS[0m: alphaTauG1: fft 18 join  15/18  6/8 0/2
[36;22m[DEBUG] [39;1msnarkJS[0m: alphaTauG1: fft 18 join  15/18  7/8 1/2
[36;22m[DEBUG] [39;1msnarkJS[0m: alphaTauG1: fft 18 join  15/18  1/8 0/2
[36;22m[DEBUG] [39;1msnarkJS[0m: alphaTauG1: fft 18 join  15/18  1/8 1/2
[36;22m[DEBUG] [39;1msnarkJS[0m: alphaTauG1: fft 18 join  15/18  2/8 1/2
[36;22m[DEBUG] [39;1msnarkJS[0m: alphaTauG1: fft 18 join  15/18  8/8 1/2
[36;22m[DEBUG] [39;1msnarkJS[0m: alphaTauG1: fft 18 join  15/18  5/8 1/2
[36;22m[DEBUG] [39;1msnarkJS[0m: alphaTauG1: fft 18 join  15/18  3/8 0/2
[36;22m[DEBUG] [39;1msnarkJS[0m: alphaTauG1: fft 18 join  15/18  4/8 0/2
[36;22m[DEBUG] [39;1msnarkJS[0m: alphaTauG1: fft 18 join  15/18  5/8 0/2
[36;22m[DEBUG] [39;1msnarkJS[0m: alphaTauG1: fft 18 join  15/18  6/8 1/2
[36;22m[DEBUG] [39;1msnarkJS[0m: alphaTauG1: fft 18 join  15/18  2/8 0/2
[36;22m[DEBUG] [39;1msnarkJS[0m: alphaTauG1: fft 18 join  15/18  3/8 1/2
[36;22m[DEBUG] [39;1msnarkJS[0m: alphaTauG1: fft 18 join  15/18  8/8 0/2
[36;22m[DEBUG] [39;1msnarkJS[0m: alphaTauG1: fft 18 join  15/18  4/8 1/2
[36;22m[DEBUG] [39;1msnarkJS[0m: alphaTauG1: fft 18 join  15/18  7/8 0/2
[36;22m[DEBUG] [39;1msnarkJS[0m: alphaTauG1: fft  18  join: 16/18
[36;22m[DEBUG] [39;1msnarkJS[0m: alphaTauG1: fft 18 join  16/18  3/4 2/4
[36;22m[DEBUG] [39;1msnarkJS[0m: alphaTauG1: fft 18 join  16/18  1/4 0/4
[36;22m[DEBUG] [39;1msnarkJS[0m: alphaTauG1: fft 18 join  16/18  1/4 1/4
[36;22m[DEBUG] [39;1msnarkJS[0m: alphaTauG1: fft 18 join  16/18  2/4 0/4
[36;22m[DEBUG] [39;1msnarkJS[0m: alphaTauG1: fft 18 join  16/18  4/4 3/4
[36;22m[DEBUG] [39;1msnarkJS[0m: alphaTauG1: fft 18 join  16/18  3/4 1/4
[36;22m[DEBUG] [39;1msnarkJS[0m: alphaTauG1: fft 18 join  16/18  4/4 1/4
[36;22m[DEBUG] [39;1msnarkJS[0m: alphaTauG1: fft 18 join  16/18  1/4 3/4
[36;22m[DEBUG] [39;1msnarkJS[0m: alphaTauG1: fft 18 join  16/18  3/4 0/4
[36;22m[DEBUG] [39;1msnarkJS[0m: alphaTauG1: fft 18 join  16/18  2/4 1/4
[36;22m[DEBUG] [39;1msnarkJS[0m: alphaTauG1: fft 18 join  16/18  2/4 2/4
[36;22m[DEBUG] [39;1msnarkJS[0m: alphaTauG1: fft 18 join  16/18  3/4 3/4
[36;22m[DEBUG] [39;1msnarkJS[0m: alphaTauG1: fft 18 join  16/18  4/4 0/4
[36;22m[DEBUG] [39;1msnarkJS[0m: alphaTauG1: fft 18 join  16/18  4/4 2/4
[36;22m[DEBUG] [39;1msnarkJS[0m: alphaTauG1: fft 18 join  16/18  1/4 2/4
[36;22m[DEBUG] [39;1msnarkJS[0m: alphaTauG1: fft 18 join  16/18  2/4 3/4
[36;22m[DEBUG] [39;1msnarkJS[0m: alphaTauG1: fft  18  join: 17/18
[36;22m[DEBUG] [39;1msnarkJS[0m: alphaTauG1: fft 18 join  17/18  1/2 0/8
[36;22m[DEBUG] [39;1msnarkJS[0m: alphaTauG1: fft 18 join  17/18  2/2 2/8
[36;22m[DEBUG] [39;1msnarkJS[0m: alphaTauG1: fft 18 join  17/18  1/2 6/8
[36;22m[DEBUG] [39;1msnarkJS[0m: alphaTauG1: fft 18 join  17/18  2/2 5/8
[36;22m[DEBUG] [39;1msnarkJS[0m: alphaTauG1: fft 18 join  17/18  1/2 1/8
[36;22m[DEBUG] [39;1msnarkJS[0m: alphaTauG1: fft 18 join  17/18  2/2 1/8
[36;22m[DEBUG] [39;1msnarkJS[0m: alphaTauG1: fft 18 join  17/18  1/2 3/8
[36;22m[DEBUG] [39;1msnarkJS[0m: alphaTauG1: fft 18 join  17/18  2/2 7/8
[36;22m[DEBUG] [39;1msnarkJS[0m: alphaTauG1: fft 18 join  17/18  2/2 0/8
[36;22m[DEBUG] [39;1msnarkJS[0m: alphaTauG1: fft 18 join  17/18  1/2 4/8
[36;22m[DEBUG] [39;1msnarkJS[0m: alphaTauG1: fft 18 join  17/18  1/2 5/8
[36;22m[DEBUG] [39;1msnarkJS[0m: alphaTauG1: fft 18 join  17/18  2/2 3/8
[36;22m[DEBUG] [39;1msnarkJS[0m: alphaTauG1: fft 18 join  17/18  2/2 4/8
[36;22m[DEBUG] [39;1msnarkJS[0m: alphaTauG1: fft 18 join  17/18  2/2 6/8
[36;22m[DEBUG] [39;1msnarkJS[0m: alphaTauG1: fft 18 join  17/18  1/2 7/8
[36;22m[DEBUG] [39;1msnarkJS[0m: alphaTauG1: fft 18 join  17/18  1/2 2/8
[36;22m[DEBUG] [39;1msnarkJS[0m: alphaTauG1: fft  18  join: 18/18
[36;22m[DEBUG] [39;1msnarkJS[0m: alphaTauG1: fft 18 join  18/18  1/1 10/16
[36;22m[DEBUG] [39;1msnarkJS[0m: alphaTauG1: fft 18 join  18/18  1/1 0/16
[36;22m[DEBUG] [39;1msnarkJS[0m: alphaTauG1: fft 18 join  18/18  1/1 4/16
[36;22m[DEBUG] [39;1msnarkJS[0m: alphaTauG1: fft 18 join  18/18  1/1 5/16
[36;22m[DEBUG] [39;1msnarkJS[0m: alphaTauG1: fft 18 join  18/18  1/1 15/16
[36;22m[DEBUG] [39;1msnarkJS[0m: alphaTauG1: fft 18 join  18/18  1/1 8/16
[36;22m[DEBUG] [39;1msnarkJS[0m: alphaTauG1: fft 18 join  18/18  1/1 1/16
[36;22m[DEBUG] [39;1msnarkJS[0m: alphaTauG1: fft 18 join  18/18  1/1 12/16
[36;22m[DEBUG] [39;1msnarkJS[0m: alphaTauG1: fft 18 join  18/18  1/1 9/16
[36;22m[DEBUG] [39;1msnarkJS[0m: alphaTauG1: fft 18 join  18/18  1/1 13/16
[36;22m[DEBUG] [39;1msnarkJS[0m: alphaTauG1: fft 18 join  18/18  1/1 6/16
[36;22m[DEBUG] [39;1msnarkJS[0m: alphaTauG1: fft 18 join  18/18  1/1 2/16
[36;22m[DEBUG] [39;1msnarkJS[0m: alphaTauG1: fft 18 join  18/18  1/1 3/16
[36;22m[DEBUG] [39;1msnarkJS[0m: alphaTauG1: fft 18 join  18/18  1/1 11/16
[36;22m[DEBUG] [39;1msnarkJS[0m: alphaTauG1: fft 18 join  18/18  1/1 14/16
[36;22m[DEBUG] [39;1msnarkJS[0m: alphaTauG1: fft 18 join  18/18  1/1 7/16
[36;22m[DEBUG] [39;1msnarkJS[0m: alphaTauG1: fft 19 mix start: 0/32
[36;22m[DEBUG] [39;1msnarkJS[0m: alphaTauG1: fft 19 mix start: 1/32
[36;22m[DEBUG] [39;1msnarkJS[0m: alphaTauG1: fft 19 mix start: 2/32
[36;22m[DEBUG] [39;1msnarkJS[0m: alphaTauG1: fft 19 mix start: 3/32
[36;22m[DEBUG] [39;1msnarkJS[0m: alphaTauG1: fft 19 mix start: 4/32
[36;22m[DEBUG] [39;1msnarkJS[0m: alphaTauG1: fft 19 mix start: 5/32
[36;22m[DEBUG] [39;1msnarkJS[0m: alphaTauG1: fft 19 mix start: 6/32
[36;22m[DEBUG] [39;1msnarkJS[0m: alphaTauG1: fft 19 mix start: 7/32
[36;22m[DEBUG] [39;1msnarkJS[0m: alphaTauG1: fft 19 mix start: 8/32
[36;22m[DEBUG] [39;1msnarkJS[0m: alphaTauG1: fft 19 mix start: 9/32
[36;22m[DEBUG] [39;1msnarkJS[0m: alphaTauG1: fft 19 mix start: 10/32
[36;22m[DEBUG] [39;1msnarkJS[0m: alphaTauG1: fft 19 mix start: 11/32
[36;22m[DEBUG] [39;1msnarkJS[0m: alphaTauG1: fft 19 mix start: 12/32
[36;22m[DEBUG] [39;1msnarkJS[0m: alphaTauG1: fft 19 mix start: 13/32
[36;22m[DEBUG] [39;1msnarkJS[0m: alphaTauG1: fft 19 mix start: 14/32
[36;22m[DEBUG] [39;1msnarkJS[0m: alphaTauG1: fft 19 mix start: 15/32
[36;22m[DEBUG] [39;1msnarkJS[0m: alphaTauG1: fft 19 mix start: 16/32
[36;22m[DEBUG] [39;1msnarkJS[0m: alphaTauG1: fft 19 mix start: 17/32
[36;22m[DEBUG] [39;1msnarkJS[0m: alphaTauG1: fft 19 mix start: 18/32
[36;22m[DEBUG] [39;1msnarkJS[0m: alphaTauG1: fft 19 mix start: 19/32
[36;22m[DEBUG] [39;1msnarkJS[0m: alphaTauG1: fft 19 mix start: 20/32
[36;22m[DEBUG] [39;1msnarkJS[0m: alphaTauG1: fft 19 mix start: 21/32
[36;22m[DEBUG] [39;1msnarkJS[0m: alphaTauG1: fft 19 mix start: 22/32
[36;22m[DEBUG] [39;1msnarkJS[0m: alphaTauG1: fft 19 mix start: 23/32
[36;22m[DEBUG] [39;1msnarkJS[0m: alphaTauG1: fft 19 mix start: 24/32
[36;22m[DEBUG] [39;1msnarkJS[0m: alphaTauG1: fft 19 mix start: 25/32
[36;22m[DEBUG] [39;1msnarkJS[0m: alphaTauG1: fft 19 mix start: 26/32
[36;22m[DEBUG] [39;1msnarkJS[0m: alphaTauG1: fft 19 mix start: 27/32
[36;22m[DEBUG] [39;1msnarkJS[0m: alphaTauG1: fft 19 mix start: 28/32
[36;22m[DEBUG] [39;1msnarkJS[0m: alphaTauG1: fft 19 mix start: 29/32
[36;22m[DEBUG] [39;1msnarkJS[0m: alphaTauG1: fft 19 mix start: 30/32
[36;22m[DEBUG] [39;1msnarkJS[0m: alphaTauG1: fft 19 mix start: 31/32
[36;22m[DEBUG] [39;1msnarkJS[0m: alphaTauG1: fft 19 mix end: 6/32
[36;22m[DEBUG] [39;1msnarkJS[0m: alphaTauG1: fft 19 mix end: 12/32
[36;22m[DEBUG] [39;1msnarkJS[0m: alphaTauG1: fft 19 mix end: 4/32
[36;22m[DEBUG] [39;1msnarkJS[0m: alphaTauG1: fft 19 mix end: 1/32
[36;22m[DEBUG] [39;1msnarkJS[0m: alphaTauG1: fft 19 mix end: 27/32
[36;22m[DEBUG] [39;1msnarkJS[0m: alphaTauG1: fft 19 mix end: 25/32
[36;22m[DEBUG] [39;1msnarkJS[0m: alphaTauG1: fft 19 mix end: 13/32
[36;22m[DEBUG] [39;1msnarkJS[0m: alphaTauG1: fft 19 mix end: 7/32
[36;22m[DEBUG] [39;1msnarkJS[0m: alphaTauG1: fft 19 mix end: 23/32
[36;22m[DEBUG] [39;1msnarkJS[0m: alphaTauG1: fft 19 mix end: 9/32
[36;22m[DEBUG] [39;1msnarkJS[0m: alphaTauG1: fft 19 mix end: 2/32
[36;22m[DEBUG] [39;1msnarkJS[0m: alphaTauG1: fft 19 mix end: 17/32
[36;22m[DEBUG] [39;1msnarkJS[0m: alphaTauG1: fft 19 mix end: 16/32
[36;22m[DEBUG] [39;1msnarkJS[0m: alphaTauG1: fft 19 mix end: 19/32
[36;22m[DEBUG] [39;1msnarkJS[0m: alphaTauG1: fft 19 mix end: 21/32
[36;22m[DEBUG] [39;1msnarkJS[0m: alphaTauG1: fft 19 mix end: 5/32
[36;22m[DEBUG] [39;1msnarkJS[0m: alphaTauG1: fft 19 mix end: 14/32
[36;22m[DEBUG] [39;1msnarkJS[0m: alphaTauG1: fft 19 mix end: 31/32
[36;22m[DEBUG] [39;1msnarkJS[0m: alphaTauG1: fft 19 mix end: 22/32
[36;22m[DEBUG] [39;1msnarkJS[0m: alphaTauG1: fft 19 mix end: 10/32
[36;22m[DEBUG] [39;1msnarkJS[0m: alphaTauG1: fft 19 mix end: 26/32
[36;22m[DEBUG] [39;1msnarkJS[0m: alphaTauG1: fft 19 mix end: 29/32
[36;22m[DEBUG] [39;1msnarkJS[0m: alphaTauG1: fft 19 mix end: 24/32
[36;22m[DEBUG] [39;1msnarkJS[0m: alphaTauG1: fft 19 mix end: 28/32
[36;22m[DEBUG] [39;1msnarkJS[0m: alphaTauG1: fft 19 mix end: 8/32
[36;22m[DEBUG] [39;1msnarkJS[0m: alphaTauG1: fft 19 mix end: 30/32
[36;22m[DEBUG] [39;1msnarkJS[0m: alphaTauG1: fft 19 mix end: 15/32
[36;22m[DEBUG] [39;1msnarkJS[0m: alphaTauG1: fft 19 mix end: 18/32
[36;22m[DEBUG] [39;1msnarkJS[0m: alphaTauG1: fft 19 mix end: 11/32
[36;22m[DEBUG] [39;1msnarkJS[0m: alphaTauG1: fft 19 mix end: 3/32
[36;22m[DEBUG] [39;1msnarkJS[0m: alphaTauG1: fft 19 mix end: 0/32
[36;22m[DEBUG] [39;1msnarkJS[0m: alphaTauG1: fft 19 mix end: 20/32
[36;22m[DEBUG] [39;1msnarkJS[0m: alphaTauG1: fft  19  join: 15/19
[36;22m[DEBUG] [39;1msnarkJS[0m: alphaTauG1: fft 19 join  15/19  12/16 0/1
[36;22m[DEBUG] [39;1msnarkJS[0m: alphaTauG1: fft 19 join  15/19  10/16 0/1
[36;22m[DEBUG] [39;1msnarkJS[0m: alphaTauG1: fft 19 join  15/19  1/16 0/1
[36;22m[DEBUG] [39;1msnarkJS[0m: alphaTauG1: fft 19 join  15/19  7/16 0/1
[36;22m[DEBUG] [39;1msnarkJS[0m: alphaTauG1: fft 19 join  15/19  14/16 0/1
[36;22m[DEBUG] [39;1msnarkJS[0m: alphaTauG1: fft 19 join  15/19  4/16 0/1
[36;22m[DEBUG] [39;1msnarkJS[0m: alphaTauG1: fft 19 join  15/19  2/16 0/1
[36;22m[DEBUG] [39;1msnarkJS[0m: alphaTauG1: fft 19 join  15/19  5/16 0/1
[36;22m[DEBUG] [39;1msnarkJS[0m: alphaTauG1: fft 19 join  15/19  16/16 0/1
[36;22m[DEBUG] [39;1msnarkJS[0m: alphaTauG1: fft 19 join  15/19  3/16 0/1
[36;22m[DEBUG] [39;1msnarkJS[0m: alphaTauG1: fft 19 join  15/19  11/16 0/1
[36;22m[DEBUG] [39;1msnarkJS[0m: alphaTauG1: fft 19 join  15/19  9/16 0/1
[36;22m[DEBUG] [39;1msnarkJS[0m: alphaTauG1: fft 19 join  15/19  13/16 0/1
[36;22m[DEBUG] [39;1msnarkJS[0m: alphaTauG1: fft 19 join  15/19  6/16 0/1
[36;22m[DEBUG] [39;1msnarkJS[0m: alphaTauG1: fft 19 join  15/19  8/16 0/1
[36;22m[DEBUG] [39;1msnarkJS[0m: alphaTauG1: fft 19 join  15/19  15/16 0/1
[36;22m[DEBUG] [39;1msnarkJS[0m: alphaTauG1: fft  19  join: 16/19
[36;22m[DEBUG] [39;1msnarkJS[0m: alphaTauG1: fft 19 join  16/19  2/8 0/2
[36;22m[DEBUG] [39;1msnarkJS[0m: alphaTauG1: fft 19 join  16/19  7/8 1/2
[36;22m[DEBUG] [39;1msnarkJS[0m: alphaTauG1: fft 19 join  16/19  1/8 0/2
[36;22m[DEBUG] [39;1msnarkJS[0m: alphaTauG1: fft 19 join  16/19  1/8 1/2
[36;22m[DEBUG] [39;1msnarkJS[0m: alphaTauG1: fft 19 join  16/19  3/8 0/2
[36;22m[DEBUG] [39;1msnarkJS[0m: alphaTauG1: fft 19 join  16/19  4/8 0/2
[36;22m[DEBUG] [39;1msnarkJS[0m: alphaTauG1: fft 19 join  16/19  5/8 1/2
[36;22m[DEBUG] [39;1msnarkJS[0m: alphaTauG1: fft 19 join  16/19  6/8 1/2
[36;22m[DEBUG] [39;1msnarkJS[0m: alphaTauG1: fft 19 join  16/19  8/8 1/2
[36;22m[DEBUG] [39;1msnarkJS[0m: alphaTauG1: fft 19 join  16/19  3/8 1/2
[36;22m[DEBUG] [39;1msnarkJS[0m: alphaTauG1: fft 19 join  16/19  2/8 1/2
[36;22m[DEBUG] [39;1msnarkJS[0m: alphaTauG1: fft 19 join  16/19  7/8 0/2
[36;22m[DEBUG] [39;1msnarkJS[0m: alphaTauG1: fft 19 join  16/19  5/8 0/2
[36;22m[DEBUG] [39;1msnarkJS[0m: alphaTauG1: fft 19 join  16/19  6/8 0/2
[36;22m[DEBUG] [39;1msnarkJS[0m: alphaTauG1: fft 19 join  16/19  4/8 1/2
[36;22m[DEBUG] [39;1msnarkJS[0m: alphaTauG1: fft 19 join  16/19  8/8 0/2
[36;22m[DEBUG] [39;1msnarkJS[0m: alphaTauG1: fft  19  join: 17/19
[36;22m[DEBUG] [39;1msnarkJS[0m: alphaTauG1: fft 19 join  17/19  1/4 2/4
[36;22m[DEBUG] [39;1msnarkJS[0m: alphaTauG1: fft 19 join  17/19  3/4 3/4
[36;22m[DEBUG] [39;1msnarkJS[0m: alphaTauG1: fft 19 join  17/19  2/4 0/4
[36;22m[DEBUG] [39;1msnarkJS[0m: alphaTauG1: fft 19 join  17/19  1/4 0/4
[36;22m[DEBUG] [39;1msnarkJS[0m: alphaTauG1: fft 19 join  17/19  1/4 3/4
[36;22m[DEBUG] [39;1msnarkJS[0m: alphaTauG1: fft 19 join  17/19  2/4 2/4
[36;22m[DEBUG] [39;1msnarkJS[0m: alphaTauG1: fft 19 join  17/19  3/4 1/4
[36;22m[DEBUG] [39;1msnarkJS[0m: alphaTauG1: fft 19 join  17/19  4/4 1/4
[36;22m[DEBUG] [39;1msnarkJS[0m: alphaTauG1: fft 19 join  17/19  1/4 1/4
[36;22m[DEBUG] [39;1msnarkJS[0m: alphaTauG1: fft 19 join  17/19  4/4 3/4
[36;22m[DEBUG] [39;1msnarkJS[0m: alphaTauG1: fft 19 join  17/19  3/4 0/4
[36;22m[DEBUG] [39;1msnarkJS[0m: alphaTauG1: fft 19 join  17/19  4/4 0/4
[36;22m[DEBUG] [39;1msnarkJS[0m: alphaTauG1: fft 19 join  17/19  3/4 2/4
[36;22m[DEBUG] [39;1msnarkJS[0m: alphaTauG1: fft 19 join  17/19  2/4 3/4
[36;22m[DEBUG] [39;1msnarkJS[0m: alphaTauG1: fft 19 join  17/19  2/4 1/4
[36;22m[DEBUG] [39;1msnarkJS[0m: alphaTauG1: fft 19 join  17/19  4/4 2/4
[36;22m[DEBUG] [39;1msnarkJS[0m: alphaTauG1: fft  19  join: 18/19
[36;22m[DEBUG] [39;1msnarkJS[0m: alphaTauG1: fft 19 join  18/19  1/2 2/8
[36;22m[DEBUG] [39;1msnarkJS[0m: alphaTauG1: fft 19 join  18/19  1/2 6/8
[36;22m[DEBUG] [39;1msnarkJS[0m: alphaTauG1: fft 19 join  18/19  1/2 4/8
[36;22m[DEBUG] [39;1msnarkJS[0m: alphaTauG1: fft 19 join  18/19  1/2 0/8
[36;22m[DEBUG] [39;1msnarkJS[0m: alphaTauG1: fft 19 join  18/19  2/2 3/8
[36;22m[DEBUG] [39;1msnarkJS[0m: alphaTauG1: fft 19 join  18/19  2/2 1/8
[36;22m[DEBUG] [39;1msnarkJS[0m: alphaTauG1: fft 19 join  18/19  1/2 3/8
[36;22m[DEBUG] [39;1msnarkJS[0m: alphaTauG1: fft 19 join  18/19  2/2 5/8
[36;22m[DEBUG] [39;1msnarkJS[0m: alphaTauG1: fft 19 join  18/19  1/2 1/8
[36;22m[DEBUG] [39;1msnarkJS[0m: alphaTauG1: fft 19 join  18/19  2/2 7/8
[36;22m[DEBUG] [39;1msnarkJS[0m: alphaTauG1: fft 19 join  18/19  2/2 2/8
[36;22m[DEBUG] [39;1msnarkJS[0m: alphaTauG1: fft 19 join  18/19  1/2 5/8
[36;22m[DEBUG] [39;1msnarkJS[0m: alphaTauG1: fft 19 join  18/19  2/2 6/8
[36;22m[DEBUG] [39;1msnarkJS[0m: alphaTauG1: fft 19 join  18/19  1/2 7/8
[36;22m[DEBUG] [39;1msnarkJS[0m: alphaTauG1: fft 19 join  18/19  2/2 0/8
[36;22m[DEBUG] [39;1msnarkJS[0m: alphaTauG1: fft 19 join  18/19  2/2 4/8
[36;22m[DEBUG] [39;1msnarkJS[0m: alphaTauG1: fft  19  join: 19/19
[36;22m[DEBUG] [39;1msnarkJS[0m: alphaTauG1: fft 19 join  19/19  1/1 11/16
[36;22m[DEBUG] [39;1msnarkJS[0m: alphaTauG1: fft 19 join  19/19  1/1 2/16
[36;22m[DEBUG] [39;1msnarkJS[0m: alphaTauG1: fft 19 join  19/19  1/1 6/16
[36;22m[DEBUG] [39;1msnarkJS[0m: alphaTauG1: fft 19 join  19/19  1/1 4/16
[36;22m[DEBUG] [39;1msnarkJS[0m: alphaTauG1: fft 19 join  19/19  1/1 1/16
[36;22m[DEBUG] [39;1msnarkJS[0m: alphaTauG1: fft 19 join  19/19  1/1 0/16
[36;22m[DEBUG] [39;1msnarkJS[0m: alphaTauG1: fft 19 join  19/19  1/1 15/16
[36;22m[DEBUG] [39;1msnarkJS[0m: alphaTauG1: fft 19 join  19/19  1/1 9/16
[36;22m[DEBUG] [39;1msnarkJS[0m: alphaTauG1: fft 19 join  19/19  1/1 3/16
[36;22m[DEBUG] [39;1msnarkJS[0m: alphaTauG1: fft 19 join  19/19  1/1 13/16
[36;22m[DEBUG] [39;1msnarkJS[0m: alphaTauG1: fft 19 join  19/19  1/1 5/16
[36;22m[DEBUG] [39;1msnarkJS[0m: alphaTauG1: fft 19 join  19/19  1/1 8/16
[36;22m[DEBUG] [39;1msnarkJS[0m: alphaTauG1: fft 19 join  19/19  1/1 10/16
[36;22m[DEBUG] [39;1msnarkJS[0m: alphaTauG1: fft 19 join  19/19  1/1 12/16
[36;22m[DEBUG] [39;1msnarkJS[0m: alphaTauG1: fft 19 join  19/19  1/1 7/16
[36;22m[DEBUG] [39;1msnarkJS[0m: alphaTauG1: fft 19 join  19/19  1/1 14/16
[36;22m[DEBUG] [39;1msnarkJS[0m: alphaTauG1: fft 20 mix start: 0/64
[36;22m[DEBUG] [39;1msnarkJS[0m: alphaTauG1: fft 20 mix start: 1/64
[36;22m[DEBUG] [39;1msnarkJS[0m: alphaTauG1: fft 20 mix start: 2/64
[36;22m[DEBUG] [39;1msnarkJS[0m: alphaTauG1: fft 20 mix start: 3/64
[36;22m[DEBUG] [39;1msnarkJS[0m: alphaTauG1: fft 20 mix start: 4/64
[36;22m[DEBUG] [39;1msnarkJS[0m: alphaTauG1: fft 20 mix start: 5/64
[36;22m[DEBUG] [39;1msnarkJS[0m: alphaTauG1: fft 20 mix start: 6/64
[36;22m[DEBUG] [39;1msnarkJS[0m: alphaTauG1: fft 20 mix start: 7/64
[36;22m[DEBUG] [39;1msnarkJS[0m: alphaTauG1: fft 20 mix start: 8/64
[36;22m[DEBUG] [39;1msnarkJS[0m: alphaTauG1: fft 20 mix start: 9/64
[36;22m[DEBUG] [39;1msnarkJS[0m: alphaTauG1: fft 20 mix start: 10/64
[36;22m[DEBUG] [39;1msnarkJS[0m: alphaTauG1: fft 20 mix start: 11/64
[36;22m[DEBUG] [39;1msnarkJS[0m: alphaTauG1: fft 20 mix start: 12/64
[36;22m[DEBUG] [39;1msnarkJS[0m: alphaTauG1: fft 20 mix start: 13/64
[36;22m[DEBUG] [39;1msnarkJS[0m: alphaTauG1: fft 20 mix start: 14/64
[36;22m[DEBUG] [39;1msnarkJS[0m: alphaTauG1: fft 20 mix start: 15/64
[36;22m[DEBUG] [39;1msnarkJS[0m: alphaTauG1: fft 20 mix start: 16/64
[36;22m[DEBUG] [39;1msnarkJS[0m: alphaTauG1: fft 20 mix start: 17/64
[36;22m[DEBUG] [39;1msnarkJS[0m: alphaTauG1: fft 20 mix start: 18/64
[36;22m[DEBUG] [39;1msnarkJS[0m: alphaTauG1: fft 20 mix start: 19/64
[36;22m[DEBUG] [39;1msnarkJS[0m: alphaTauG1: fft 20 mix start: 20/64
[36;22m[DEBUG] [39;1msnarkJS[0m: alphaTauG1: fft 20 mix start: 21/64
[36;22m[DEBUG] [39;1msnarkJS[0m: alphaTauG1: fft 20 mix start: 22/64
[36;22m[DEBUG] [39;1msnarkJS[0m: alphaTauG1: fft 20 mix start: 23/64
[36;22m[DEBUG] [39;1msnarkJS[0m: alphaTauG1: fft 20 mix start: 24/64
[36;22m[DEBUG] [39;1msnarkJS[0m: alphaTauG1: fft 20 mix start: 25/64
[36;22m[DEBUG] [39;1msnarkJS[0m: alphaTauG1: fft 20 mix start: 26/64
[36;22m[DEBUG] [39;1msnarkJS[0m: alphaTauG1: fft 20 mix start: 27/64
[36;22m[DEBUG] [39;1msnarkJS[0m: alphaTauG1: fft 20 mix start: 28/64
[36;22m[DEBUG] [39;1msnarkJS[0m: alphaTauG1: fft 20 mix start: 29/64
[36;22m[DEBUG] [39;1msnarkJS[0m: alphaTauG1: fft 20 mix start: 30/64
[36;22m[DEBUG] [39;1msnarkJS[0m: alphaTauG1: fft 20 mix start: 31/64
[36;22m[DEBUG] [39;1msnarkJS[0m: alphaTauG1: fft 20 mix start: 32/64
[36;22m[DEBUG] [39;1msnarkJS[0m: alphaTauG1: fft 20 mix start: 33/64
[36;22m[DEBUG] [39;1msnarkJS[0m: alphaTauG1: fft 20 mix start: 34/64
[36;22m[DEBUG] [39;1msnarkJS[0m: alphaTauG1: fft 20 mix start: 35/64
[36;22m[DEBUG] [39;1msnarkJS[0m: alphaTauG1: fft 20 mix start: 36/64
[36;22m[DEBUG] [39;1msnarkJS[0m: alphaTauG1: fft 20 mix start: 37/64
[36;22m[DEBUG] [39;1msnarkJS[0m: alphaTauG1: fft 20 mix start: 38/64
[36;22m[DEBUG] [39;1msnarkJS[0m: alphaTauG1: fft 20 mix start: 39/64
[36;22m[DEBUG] [39;1msnarkJS[0m: alphaTauG1: fft 20 mix start: 40/64
[36;22m[DEBUG] [39;1msnarkJS[0m: alphaTauG1: fft 20 mix start: 41/64
[36;22m[DEBUG] [39;1msnarkJS[0m: alphaTauG1: fft 20 mix start: 42/64
[36;22m[DEBUG] [39;1msnarkJS[0m: alphaTauG1: fft 20 mix start: 43/64
[36;22m[DEBUG] [39;1msnarkJS[0m: alphaTauG1: fft 20 mix start: 44/64
[36;22m[DEBUG] [39;1msnarkJS[0m: alphaTauG1: fft 20 mix start: 45/64
[36;22m[DEBUG] [39;1msnarkJS[0m: alphaTauG1: fft 20 mix start: 46/64
[36;22m[DEBUG] [39;1msnarkJS[0m: alphaTauG1: fft 20 mix start: 47/64
[36;22m[DEBUG] [39;1msnarkJS[0m: alphaTauG1: fft 20 mix start: 48/64
[36;22m[DEBUG] [39;1msnarkJS[0m: alphaTauG1: fft 20 mix start: 49/64
[36;22m[DEBUG] [39;1msnarkJS[0m: alphaTauG1: fft 20 mix start: 50/64
[36;22m[DEBUG] [39;1msnarkJS[0m: alphaTauG1: fft 20 mix start: 51/64
[36;22m[DEBUG] [39;1msnarkJS[0m: alphaTauG1: fft 20 mix start: 52/64
[36;22m[DEBUG] [39;1msnarkJS[0m: alphaTauG1: fft 20 mix start: 53/64
[36;22m[DEBUG] [39;1msnarkJS[0m: alphaTauG1: fft 20 mix start: 54/64
[36;22m[DEBUG] [39;1msnarkJS[0m: alphaTauG1: fft 20 mix start: 55/64
[36;22m[DEBUG] [39;1msnarkJS[0m: alphaTauG1: fft 20 mix start: 56/64
[36;22m[DEBUG] [39;1msnarkJS[0m: alphaTauG1: fft 20 mix start: 57/64
[36;22m[DEBUG] [39;1msnarkJS[0m: alphaTauG1: fft 20 mix start: 58/64
[36;22m[DEBUG] [39;1msnarkJS[0m: alphaTauG1: fft 20 mix start: 59/64
[36;22m[DEBUG] [39;1msnarkJS[0m: alphaTauG1: fft 20 mix start: 60/64
[36;22m[DEBUG] [39;1msnarkJS[0m: alphaTauG1: fft 20 mix start: 61/64
[36;22m[DEBUG] [39;1msnarkJS[0m: alphaTauG1: fft 20 mix start: 62/64
[36;22m[DEBUG] [39;1msnarkJS[0m: alphaTauG1: fft 20 mix start: 63/64
[36;22m[DEBUG] [39;1msnarkJS[0m: alphaTauG1: fft 20 mix end: 8/64
[36;22m[DEBUG] [39;1msnarkJS[0m: alphaTauG1: fft 20 mix end: 12/64
[36;22m[DEBUG] [39;1msnarkJS[0m: alphaTauG1: fft 20 mix end: 1/64
[36;22m[DEBUG] [39;1msnarkJS[0m: alphaTauG1: fft 20 mix end: 18/64
[36;22m[DEBUG] [39;1msnarkJS[0m: alphaTauG1: fft 20 mix end: 14/64
[36;22m[DEBUG] [39;1msnarkJS[0m: alphaTauG1: fft 20 mix end: 20/64
[36;22m[DEBUG] [39;1msnarkJS[0m: alphaTauG1: fft 20 mix end: 29/64
[36;22m[DEBUG] [39;1msnarkJS[0m: alphaTauG1: fft 20 mix end: 28/64
[36;22m[DEBUG] [39;1msnarkJS[0m: alphaTauG1: fft 20 mix end: 7/64
[36;22m[DEBUG] [39;1msnarkJS[0m: alphaTauG1: fft 20 mix end: 9/64
[36;22m[DEBUG] [39;1msnarkJS[0m: alphaTauG1: fft 20 mix end: 11/64
[36;22m[DEBUG] [39;1msnarkJS[0m: alphaTauG1: fft 20 mix end: 16/64
[36;22m[DEBUG] [39;1msnarkJS[0m: alphaTauG1: fft 20 mix end: 15/64
[36;22m[DEBUG] [39;1msnarkJS[0m: alphaTauG1: fft 20 mix end: 19/64
[36;22m[DEBUG] [39;1msnarkJS[0m: alphaTauG1: fft 20 mix end: 6/64
[36;22m[DEBUG] [39;1msnarkJS[0m: alphaTauG1: fft 20 mix end: 3/64
[36;22m[DEBUG] [39;1msnarkJS[0m: alphaTauG1: fft 20 mix end: 25/64
[36;22m[DEBUG] [39;1msnarkJS[0m: alphaTauG1: fft 20 mix end: 23/64
[36;22m[DEBUG] [39;1msnarkJS[0m: alphaTauG1: fft 20 mix end: 31/64
[36;22m[DEBUG] [39;1msnarkJS[0m: alphaTauG1: fft 20 mix end: 10/64
[36;22m[DEBUG] [39;1msnarkJS[0m: alphaTauG1: fft 20 mix end: 13/64
[36;22m[DEBUG] [39;1msnarkJS[0m: alphaTauG1: fft 20 mix end: 5/64
[36;22m[DEBUG] [39;1msnarkJS[0m: alphaTauG1: fft 20 mix end: 2/64
[36;22m[DEBUG] [39;1msnarkJS[0m: alphaTauG1: fft 20 mix end: 24/64
[36;22m[DEBUG] [39;1msnarkJS[0m: alphaTauG1: fft 20 mix end: 22/64
[36;22m[DEBUG] [39;1msnarkJS[0m: alphaTauG1: fft 20 mix end: 27/64
[36;22m[DEBUG] [39;1msnarkJS[0m: alphaTauG1: fft 20 mix end: 26/64
[36;22m[DEBUG] [39;1msnarkJS[0m: alphaTauG1: fft 20 mix end: 30/64
[36;22m[DEBUG] [39;1msnarkJS[0m: alphaTauG1: fft 20 mix end: 4/64
[36;22m[DEBUG] [39;1msnarkJS[0m: alphaTauG1: fft 20 mix end: 0/64
[36;22m[DEBUG] [39;1msnarkJS[0m: alphaTauG1: fft 20 mix end: 17/64
[36;22m[DEBUG] [39;1msnarkJS[0m: alphaTauG1: fft 20 mix end: 21/64
[36;22m[DEBUG] [39;1msnarkJS[0m: alphaTauG1: fft 20 mix end: 33/64
[36;22m[DEBUG] [39;1msnarkJS[0m: alphaTauG1: fft 20 mix end: 36/64
[36;22m[DEBUG] [39;1msnarkJS[0m: alphaTauG1: fft 20 mix end: 39/64
[36;22m[DEBUG] [39;1msnarkJS[0m: alphaTauG1: fft 20 mix end: 40/64
[36;22m[DEBUG] [39;1msnarkJS[0m: alphaTauG1: fft 20 mix end: 38/64
[36;22m[DEBUG] [39;1msnarkJS[0m: alphaTauG1: fft 20 mix end: 34/64
[36;22m[DEBUG] [39;1msnarkJS[0m: alphaTauG1: fft 20 mix end: 41/64
[36;22m[DEBUG] [39;1msnarkJS[0m: alphaTauG1: fft 20 mix end: 32/64
[36;22m[DEBUG] [39;1msnarkJS[0m: alphaTauG1: fft 20 mix end: 44/64
[36;22m[DEBUG] [39;1msnarkJS[0m: alphaTauG1: fft 20 mix end: 42/64
[36;22m[DEBUG] [39;1msnarkJS[0m: alphaTauG1: fft 20 mix end: 35/64
[36;22m[DEBUG] [39;1msnarkJS[0m: alphaTauG1: fft 20 mix end: 47/64
[36;22m[DEBUG] [39;1msnarkJS[0m: alphaTauG1: fft 20 mix end: 45/64
[36;22m[DEBUG] [39;1msnarkJS[0m: alphaTauG1: fft 20 mix end: 51/64
[36;22m[DEBUG] [39;1msnarkJS[0m: alphaTauG1: fft 20 mix end: 37/64
[36;22m[DEBUG] [39;1msnarkJS[0m: alphaTauG1: fft 20 mix end: 52/64
[36;22m[DEBUG] [39;1msnarkJS[0m: alphaTauG1: fft 20 mix end: 43/64
[36;22m[DEBUG] [39;1msnarkJS[0m: alphaTauG1: fft 20 mix end: 50/64
[36;22m[DEBUG] [39;1msnarkJS[0m: alphaTauG1: fft 20 mix end: 46/64
[36;22m[DEBUG] [39;1msnarkJS[0m: alphaTauG1: fft 20 mix end: 54/64
[36;22m[DEBUG] [39;1msnarkJS[0m: alphaTauG1: fft 20 mix end: 49/64
[36;22m[DEBUG] [39;1msnarkJS[0m: alphaTauG1: fft 20 mix end: 48/64
[36;22m[DEBUG] [39;1msnarkJS[0m: alphaTauG1: fft 20 mix end: 53/64
[36;22m[DEBUG] [39;1msnarkJS[0m: alphaTauG1: fft 20 mix end: 56/64
[36;22m[DEBUG] [39;1msnarkJS[0m: alphaTauG1: fft 20 mix end: 57/64
[36;22m[DEBUG] [39;1msnarkJS[0m: alphaTauG1: fft 20 mix end: 61/64
[36;22m[DEBUG] [39;1msnarkJS[0m: alphaTauG1: fft 20 mix end: 58/64
[36;22m[DEBUG] [39;1msnarkJS[0m: alphaTauG1: fft 20 mix end: 59/64
[36;22m[DEBUG] [39;1msnarkJS[0m: alphaTauG1: fft 20 mix end: 60/64
[36;22m[DEBUG] [39;1msnarkJS[0m: alphaTauG1: fft 20 mix end: 63/64
[36;22m[DEBUG] [39;1msnarkJS[0m: alphaTauG1: fft 20 mix end: 55/64
[36;22m[DEBUG] [39;1msnarkJS[0m: alphaTauG1: fft 20 mix end: 62/64
[36;22m[DEBUG] [39;1msnarkJS[0m: alphaTauG1: fft  20  join: 15/20
[36;22m[DEBUG] [39;1msnarkJS[0m: alphaTauG1: fft 20 join  15/20  7/32 0/1
[36;22m[DEBUG] [39;1msnarkJS[0m: alphaTauG1: fft 20 join  15/20  31/32 0/1
[36;22m[DEBUG] [39;1msnarkJS[0m: alphaTauG1: fft 20 join  15/20  25/32 0/1
[36;22m[DEBUG] [39;1msnarkJS[0m: alphaTauG1: fft 20 join  15/20  21/32 0/1
[36;22m[DEBUG] [39;1msnarkJS[0m: alphaTauG1: fft 20 join  15/20  10/32 0/1
[36;22m[DEBUG] [39;1msnarkJS[0m: alphaTauG1: fft 20 join  15/20  16/32 0/1
[36;22m[DEBUG] [39;1msnarkJS[0m: alphaTauG1: fft 20 join  15/20  32/32 0/1
[36;22m[DEBUG] [39;1msnarkJS[0m: alphaTauG1: fft 20 join  15/20  23/32 0/1
[36;22m[DEBUG] [39;1msnarkJS[0m: alphaTauG1: fft 20 join  15/20  11/32 0/1
[36;22m[DEBUG] [39;1msnarkJS[0m: alphaTauG1: fft 20 join  15/20  9/32 0/1
[36;22m[DEBUG] [39;1msnarkJS[0m: alphaTauG1: fft 20 join  15/20  22/32 0/1
[36;22m[DEBUG] [39;1msnarkJS[0m: alphaTauG1: fft 20 join  15/20  4/32 0/1
[36;22m[DEBUG] [39;1msnarkJS[0m: alphaTauG1: fft 20 join  15/20  17/32 0/1
[36;22m[DEBUG] [39;1msnarkJS[0m: alphaTauG1: fft 20 join  15/20  30/32 0/1
[36;22m[DEBUG] [39;1msnarkJS[0m: alphaTauG1: fft 20 join  15/20  14/32 0/1
[36;22m[DEBUG] [39;1msnarkJS[0m: alphaTauG1: fft 20 join  15/20  1/32 0/1
[36;22m[DEBUG] [39;1msnarkJS[0m: alphaTauG1: fft 20 join  15/20  5/32 0/1
[36;22m[DEBUG] [39;1msnarkJS[0m: alphaTauG1: fft 20 join  15/20  19/32 0/1
[36;22m[DEBUG] [39;1msnarkJS[0m: alphaTauG1: fft 20 join  15/20  29/32 0/1
[36;22m[DEBUG] [39;1msnarkJS[0m: alphaTauG1: fft 20 join  15/20  20/32 0/1
[36;22m[DEBUG] [39;1msnarkJS[0m: alphaTauG1: fft 20 join  15/20  15/32 0/1
[36;22m[DEBUG] [39;1msnarkJS[0m: alphaTauG1: fft 20 join  15/20  24/32 0/1
[36;22m[DEBUG] [39;1msnarkJS[0m: alphaTauG1: fft 20 join  15/20  2/32 0/1
[36;22m[DEBUG] [39;1msnarkJS[0m: alphaTauG1: fft 20 join  15/20  3/32 0/1
[36;22m[DEBUG] [39;1msnarkJS[0m: alphaTauG1: fft 20 join  15/20  6/32 0/1
[36;22m[DEBUG] [39;1msnarkJS[0m: alphaTauG1: fft 20 join  15/20  26/32 0/1
[36;22m[DEBUG] [39;1msnarkJS[0m: alphaTauG1: fft 20 join  15/20  8/32 0/1
[36;22m[DEBUG] [39;1msnarkJS[0m: alphaTauG1: fft 20 join  15/20  12/32 0/1
[36;22m[DEBUG] [39;1msnarkJS[0m: alphaTauG1: fft 20 join  15/20  27/32 0/1
[36;22m[DEBUG] [39;1msnarkJS[0m: alphaTauG1: fft 20 join  15/20  28/32 0/1
[36;22m[DEBUG] [39;1msnarkJS[0m: alphaTauG1: fft 20 join  15/20  13/32 0/1
[36;22m[DEBUG] [39;1msnarkJS[0m: alphaTauG1: fft 20 join  15/20  18/32 0/1
[36;22m[DEBUG] [39;1msnarkJS[0m: alphaTauG1: fft  20  join: 16/20
[36;22m[DEBUG] [39;1msnarkJS[0m: alphaTauG1: fft 20 join  16/20  3/16 0/2
[36;22m[DEBUG] [39;1msnarkJS[0m: alphaTauG1: fft 20 join  16/20  12/16 1/2
[36;22m[DEBUG] [39;1msnarkJS[0m: alphaTauG1: fft 20 join  16/20  11/16 0/2
[36;22m[DEBUG] [39;1msnarkJS[0m: alphaTauG1: fft 20 join  16/20  4/16 0/2
[36;22m[DEBUG] [39;1msnarkJS[0m: alphaTauG1: fft 20 join  16/20  16/16 0/2
[36;22m[DEBUG] [39;1msnarkJS[0m: alphaTauG1: fft 20 join  16/20  1/16 0/2
[36;22m[DEBUG] [39;1msnarkJS[0m: alphaTauG1: fft 20 join  16/20  2/16 1/2
[36;22m[DEBUG] [39;1msnarkJS[0m: alphaTauG1: fft 20 join  16/20  5/16 1/2
[36;22m[DEBUG] [39;1msnarkJS[0m: alphaTauG1: fft 20 join  16/20  8/16 1/2
[36;22m[DEBUG] [39;1msnarkJS[0m: alphaTauG1: fft 20 join  16/20  4/16 1/2
[36;22m[DEBUG] [39;1msnarkJS[0m: alphaTauG1: fft 20 join  16/20  15/16 1/2
[36;22m[DEBUG] [39;1msnarkJS[0m: alphaTauG1: fft 20 join  16/20  9/16 0/2
[36;22m[DEBUG] [39;1msnarkJS[0m: alphaTauG1: fft 20 join  16/20  5/16 0/2
[36;22m[DEBUG] [39;1msnarkJS[0m: alphaTauG1: fft 20 join  16/20  13/16 1/2
[36;22m[DEBUG] [39;1msnarkJS[0m: alphaTauG1: fft 20 join  16/20  15/16 0/2
[36;22m[DEBUG] [39;1msnarkJS[0m: alphaTauG1: fft 20 join  16/20  10/16 1/2
[36;22m[DEBUG] [39;1msnarkJS[0m: alphaTauG1: fft 20 join  16/20  8/16 0/2
[36;22m[DEBUG] [39;1msnarkJS[0m: alphaTauG1: fft 20 join  16/20  1/16 1/2
[36;22m[DEBUG] [39;1msnarkJS[0m: alphaTauG1: fft 20 join  16/20  12/16 0/2
[36;22m[DEBUG] [39;1msnarkJS[0m: alphaTauG1: fft 20 join  16/20  13/16 0/2
[36;22m[DEBUG] [39;1msnarkJS[0m: alphaTauG1: fft 20 join  16/20  7/16 1/2
[36;22m[DEBUG] [39;1msnarkJS[0m: alphaTauG1: fft 20 join  16/20  3/16 1/2
[36;22m[DEBUG] [39;1msnarkJS[0m: alphaTauG1: fft 20 join  16/20  16/16 1/2
[36;22m[DEBUG] [39;1msnarkJS[0m: alphaTauG1: fft 20 join  16/20  10/16 0/2
[36;22m[DEBUG] [39;1msnarkJS[0m: alphaTauG1: fft 20 join  16/20  9/16 1/2
[36;22m[DEBUG] [39;1msnarkJS[0m: alphaTauG1: fft 20 join  16/20  2/16 0/2
[36;22m[DEBUG] [39;1msnarkJS[0m: alphaTauG1: fft 20 join  16/20  6/16 0/2
[36;22m[DEBUG] [39;1msnarkJS[0m: alphaTauG1: fft 20 join  16/20  6/16 1/2
[36;22m[DEBUG] [39;1msnarkJS[0m: alphaTauG1: fft 20 join  16/20  7/16 0/2
[36;22m[DEBUG] [39;1msnarkJS[0m: alphaTauG1: fft 20 join  16/20  14/16 1/2
[36;22m[DEBUG] [39;1msnarkJS[0m: alphaTauG1: fft 20 join  16/20  11/16 1/2
[36;22m[DEBUG] [39;1msnarkJS[0m: alphaTauG1: fft 20 join  16/20  14/16 0/2
[36;22m[DEBUG] [39;1msnarkJS[0m: alphaTauG1: fft  20  join: 17/20
[36;22m[DEBUG] [39;1msnarkJS[0m: alphaTauG1: fft 20 join  17/20  2/8 0/4
[36;22m[DEBUG] [39;1msnarkJS[0m: alphaTauG1: fft 20 join  17/20  2/8 2/4
[36;22m[DEBUG] [39;1msnarkJS[0m: alphaTauG1: fft 20 join  17/20  6/8 0/4
[36;22m[DEBUG] [39;1msnarkJS[0m: alphaTauG1: fft 20 join  17/20  8/8 0/4
[36;22m[DEBUG] [39;1msnarkJS[0m: alphaTauG1: fft 20 join  17/20  4/8 2/4
[36;22m[DEBUG] [39;1msnarkJS[0m: alphaTauG1: fft 20 join  17/20  1/8 0/4
[36;22m[DEBUG] [39;1msnarkJS[0m: alphaTauG1: fft 20 join  17/20  4/8 1/4
[36;22m[DEBUG] [39;1msnarkJS[0m: alphaTauG1: fft 20 join  17/20  2/8 3/4
[36;22m[DEBUG] [39;1msnarkJS[0m: alphaTauG1: fft 20 join  17/20  5/8 0/4
[36;22m[DEBUG] [39;1msnarkJS[0m: alphaTauG1: fft 20 join  17/20  7/8 1/4
[36;22m[DEBUG] [39;1msnarkJS[0m: alphaTauG1: fft 20 join  17/20  1/8 2/4
[36;22m[DEBUG] [39;1msnarkJS[0m: alphaTauG1: fft 20 join  17/20  1/8 3/4
[36;22m[DEBUG] [39;1msnarkJS[0m: alphaTauG1: fft 20 join  17/20  4/8 3/4
[36;22m[DEBUG] [39;1msnarkJS[0m: alphaTauG1: fft 20 join  17/20  3/8 0/4
[36;22m[DEBUG] [39;1msnarkJS[0m: alphaTauG1: fft 20 join  17/20  1/8 1/4
[36;22m[DEBUG] [39;1msnarkJS[0m: alphaTauG1: fft 20 join  17/20  6/8 1/4
[36;22m[DEBUG] [39;1msnarkJS[0m: alphaTauG1: fft 20 join  17/20  6/8 3/4
[36;22m[DEBUG] [39;1msnarkJS[0m: alphaTauG1: fft 20 join  17/20  8/8 2/4
[36;22m[DEBUG] [39;1msnarkJS[0m: alphaTauG1: fft 20 join  17/20  4/8 0/4
[36;22m[DEBUG] [39;1msnarkJS[0m: alphaTauG1: fft 20 join  17/20  7/8 2/4
[36;22m[DEBUG] [39;1msnarkJS[0m: alphaTauG1: fft 20 join  17/20  8/8 3/4
[36;22m[DEBUG] [39;1msnarkJS[0m: alphaTauG1: fft 20 join  17/20  5/8 2/4
[36;22m[DEBUG] [39;1msnarkJS[0m: alphaTauG1: fft 20 join  17/20  5/8 1/4
[36;22m[DEBUG] [39;1msnarkJS[0m: alphaTauG1: fft 20 join  17/20  3/8 2/4
[36;22m[DEBUG] [39;1msnarkJS[0m: alphaTauG1: fft 20 join  17/20  6/8 2/4
[36;22m[DEBUG] [39;1msnarkJS[0m: alphaTauG1: fft 20 join  17/20  8/8 1/4
[36;22m[DEBUG] [39;1msnarkJS[0m: alphaTauG1: fft 20 join  17/20  7/8 3/4
[36;22m[DEBUG] [39;1msnarkJS[0m: alphaTauG1: fft 20 join  17/20  3/8 3/4
[36;22m[DEBUG] [39;1msnarkJS[0m: alphaTauG1: fft 20 join  17/20  5/8 3/4
[36;22m[DEBUG] [39;1msnarkJS[0m: alphaTauG1: fft 20 join  17/20  2/8 1/4
[36;22m[DEBUG] [39;1msnarkJS[0m: alphaTauG1: fft 20 join  17/20  3/8 1/4
[36;22m[DEBUG] [39;1msnarkJS[0m: alphaTauG1: fft 20 join  17/20  7/8 0/4
[36;22m[DEBUG] [39;1msnarkJS[0m: alphaTauG1: fft  20  join: 18/20
[36;22m[DEBUG] [39;1msnarkJS[0m: alphaTauG1: fft 20 join  18/20  1/4 3/8
[36;22m[DEBUG] [39;1msnarkJS[0m: alphaTauG1: fft 20 join  18/20  4/4 0/8
[36;22m[DEBUG] [39;1msnarkJS[0m: alphaTauG1: fft 20 join  18/20  1/4 0/8
[36;22m[DEBUG] [39;1msnarkJS[0m: alphaTauG1: fft 20 join  18/20  2/4 4/8
[36;22m[DEBUG] [39;1msnarkJS[0m: alphaTauG1: fft 20 join  18/20  4/4 4/8
[36;22m[DEBUG] [39;1msnarkJS[0m: alphaTauG1: fft 20 join  18/20  2/4 5/8
[36;22m[DEBUG] [39;1msnarkJS[0m: alphaTauG1: fft 20 join  18/20  3/4 0/8
[36;22m[DEBUG] [39;1msnarkJS[0m: alphaTauG1: fft 20 join  18/20  3/4 3/8
[36;22m[DEBUG] [39;1msnarkJS[0m: alphaTauG1: fft 20 join  18/20  1/4 6/8
[36;22m[DEBUG] [39;1msnarkJS[0m: alphaTauG1: fft 20 join  18/20  4/4 3/8
[36;22m[DEBUG] [39;1msnarkJS[0m: alphaTauG1: fft 20 join  18/20  4/4 7/8
[36;22m[DEBUG] [39;1msnarkJS[0m: alphaTauG1: fft 20 join  18/20  3/4 7/8
[36;22m[DEBUG] [39;1msnarkJS[0m: alphaTauG1: fft 20 join  18/20  2/4 1/8
[36;22m[DEBUG] [39;1msnarkJS[0m: alphaTauG1: fft 20 join  18/20  4/4 1/8
[36;22m[DEBUG] [39;1msnarkJS[0m: alphaTauG1: fft 20 join  18/20  4/4 6/8
[36;22m[DEBUG] [39;1msnarkJS[0m: alphaTauG1: fft 20 join  18/20  1/4 2/8
[36;22m[DEBUG] [39;1msnarkJS[0m: alphaTauG1: fft 20 join  18/20  1/4 1/8
[36;22m[DEBUG] [39;1msnarkJS[0m: alphaTauG1: fft 20 join  18/20  2/4 3/8
[36;22m[DEBUG] [39;1msnarkJS[0m: alphaTauG1: fft 20 join  18/20  4/4 5/8
[36;22m[DEBUG] [39;1msnarkJS[0m: alphaTauG1: fft 20 join  18/20  1/4 4/8
[36;22m[DEBUG] [39;1msnarkJS[0m: alphaTauG1: fft 20 join  18/20  3/4 6/8
[36;22m[DEBUG] [39;1msnarkJS[0m: alphaTauG1: fft 20 join  18/20  1/4 7/8
[36;22m[DEBUG] [39;1msnarkJS[0m: alphaTauG1: fft 20 join  18/20  2/4 7/8
[36;22m[DEBUG] [39;1msnarkJS[0m: alphaTauG1: fft 20 join  18/20  3/4 4/8
[36;22m[DEBUG] [39;1msnarkJS[0m: alphaTauG1: fft 20 join  18/20  1/4 5/8
[36;22m[DEBUG] [39;1msnarkJS[0m: alphaTauG1: fft 20 join  18/20  3/4 2/8
[36;22m[DEBUG] [39;1msnarkJS[0m: alphaTauG1: fft 20 join  18/20  3/4 1/8
[36;22m[DEBUG] [39;1msnarkJS[0m: alphaTauG1: fft 20 join  18/20  2/4 0/8
[36;22m[DEBUG] [39;1msnarkJS[0m: alphaTauG1: fft 20 join  18/20  2/4 2/8
[36;22m[DEBUG] [39;1msnarkJS[0m: alphaTauG1: fft 20 join  18/20  3/4 5/8
[36;22m[DEBUG] [39;1msnarkJS[0m: alphaTauG1: fft 20 join  18/20  4/4 2/8
[36;22m[DEBUG] [39;1msnarkJS[0m: alphaTauG1: fft 20 join  18/20  2/4 6/8
[36;22m[DEBUG] [39;1msnarkJS[0m: alphaTauG1: fft  20  join: 19/20
[36;22m[DEBUG] [39;1msnarkJS[0m: alphaTauG1: fft 20 join  19/20  1/2 13/16
[36;22m[DEBUG] [39;1msnarkJS[0m: alphaTauG1: fft 20 join  19/20  2/2 7/16
[36;22m[DEBUG] [39;1msnarkJS[0m: alphaTauG1: fft 20 join  19/20  2/2 4/16
[36;22m[DEBUG] [39;1msnarkJS[0m: alphaTauG1: fft 20 join  19/20  1/2 12/16
[36;22m[DEBUG] [39;1msnarkJS[0m: alphaTauG1: fft 20 join  19/20  1/2 15/16
[36;22m[DEBUG] [39;1msnarkJS[0m: alphaTauG1: fft 20 join  19/20  2/2 0/16
[36;22m[DEBUG] [39;1msnarkJS[0m: alphaTauG1: fft 20 join  19/20  1/2 14/16
[36;22m[DEBUG] [39;1msnarkJS[0m: alphaTauG1: fft 20 join  19/20  1/2 3/16
[36;22m[DEBUG] [39;1msnarkJS[0m: alphaTauG1: fft 20 join  19/20  2/2 1/16
[36;22m[DEBUG] [39;1msnarkJS[0m: alphaTauG1: fft 20 join  19/20  2/2 14/16
[36;22m[DEBUG] [39;1msnarkJS[0m: alphaTauG1: fft 20 join  19/20  2/2 9/16
[36;22m[DEBUG] [39;1msnarkJS[0m: alphaTauG1: fft 20 join  19/20  2/2 13/16
[36;22m[DEBUG] [39;1msnarkJS[0m: alphaTauG1: fft 20 join  19/20  1/2 4/16
[36;22m[DEBUG] [39;1msnarkJS[0m: alphaTauG1: fft 20 join  19/20  2/2 11/16
[36;22m[DEBUG] [39;1msnarkJS[0m: alphaTauG1: fft 20 join  19/20  1/2 1/16
[36;22m[DEBUG] [39;1msnarkJS[0m: alphaTauG1: fft 20 join  19/20  1/2 8/16
[36;22m[DEBUG] [39;1msnarkJS[0m: alphaTauG1: fft 20 join  19/20  1/2 2/16
[36;22m[DEBUG] [39;1msnarkJS[0m: alphaTauG1: fft 20 join  19/20  1/2 5/16
[36;22m[DEBUG] [39;1msnarkJS[0m: alphaTauG1: fft 20 join  19/20  1/2 9/16
[36;22m[DEBUG] [39;1msnarkJS[0m: alphaTauG1: fft 20 join  19/20  2/2 3/16
[36;22m[DEBUG] [39;1msnarkJS[0m: alphaTauG1: fft 20 join  19/20  1/2 0/16
[36;22m[DEBUG] [39;1msnarkJS[0m: alphaTauG1: fft 20 join  19/20  1/2 6/16
[36;22m[DEBUG] [39;1msnarkJS[0m: alphaTauG1: fft 20 join  19/20  2/2 6/16
[36;22m[DEBUG] [39;1msnarkJS[0m: alphaTauG1: fft 20 join  19/20  2/2 15/16
[36;22m[DEBUG] [39;1msnarkJS[0m: alphaTauG1: fft 20 join  19/20  2/2 2/16
[36;22m[DEBUG] [39;1msnarkJS[0m: alphaTauG1: fft 20 join  19/20  2/2 10/16
[36;22m[DEBUG] [39;1msnarkJS[0m: alphaTauG1: fft 20 join  19/20  1/2 11/16
[36;22m[DEBUG] [39;1msnarkJS[0m: alphaTauG1: fft 20 join  19/20  1/2 10/16
[36;22m[DEBUG] [39;1msnarkJS[0m: alphaTauG1: fft 20 join  19/20  2/2 8/16
[36;22m[DEBUG] [39;1msnarkJS[0m: alphaTauG1: fft 20 join  19/20  1/2 7/16
[36;22m[DEBUG] [39;1msnarkJS[0m: alphaTauG1: fft 20 join  19/20  2/2 5/16
[36;22m[DEBUG] [39;1msnarkJS[0m: alphaTauG1: fft 20 join  19/20  2/2 12/16
[36;22m[DEBUG] [39;1msnarkJS[0m: alphaTauG1: fft  20  join: 20/20
[36;22m[DEBUG] [39;1msnarkJS[0m: alphaTauG1: fft 20 join  20/20  1/1 18/32
[36;22m[DEBUG] [39;1msnarkJS[0m: alphaTauG1: fft 20 join  20/20  1/1 15/32
[36;22m[DEBUG] [39;1msnarkJS[0m: alphaTauG1: fft 20 join  20/20  1/1 23/32
[36;22m[DEBUG] [39;1msnarkJS[0m: alphaTauG1: fft 20 join  20/20  1/1 13/32
[36;22m[DEBUG] [39;1msnarkJS[0m: alphaTauG1: fft 20 join  20/20  1/1 2/32
[36;22m[DEBUG] [39;1msnarkJS[0m: alphaTauG1: fft 20 join  20/20  1/1 30/32
[36;22m[DEBUG] [39;1msnarkJS[0m: alphaTauG1: fft 20 join  20/20  1/1 20/32
[36;22m[DEBUG] [39;1msnarkJS[0m: alphaTauG1: fft 20 join  20/20  1/1 4/32
[36;22m[DEBUG] [39;1msnarkJS[0m: alphaTauG1: fft 20 join  20/20  1/1 3/32
[36;22m[DEBUG] [39;1msnarkJS[0m: alphaTauG1: fft 20 join  20/20  1/1 27/32
[36;22m[DEBUG] [39;1msnarkJS[0m: alphaTauG1: fft 20 join  20/20  1/1 1/32
[36;22m[DEBUG] [39;1msnarkJS[0m: alphaTauG1: fft 20 join  20/20  1/1 9/32
[36;22m[DEBUG] [39;1msnarkJS[0m: alphaTauG1: fft 20 join  20/20  1/1 8/32
[36;22m[DEBUG] [39;1msnarkJS[0m: alphaTauG1: fft 20 join  20/20  1/1 31/32
[36;22m[DEBUG] [39;1msnarkJS[0m: alphaTauG1: fft 20 join  20/20  1/1 29/32
[36;22m[DEBUG] [39;1msnarkJS[0m: alphaTauG1: fft 20 join  20/20  1/1 14/32
[36;22m[DEBUG] [39;1msnarkJS[0m: alphaTauG1: fft 20 join  20/20  1/1 12/32
[36;22m[DEBUG] [39;1msnarkJS[0m: alphaTauG1: fft 20 join  20/20  1/1 6/32
[36;22m[DEBUG] [39;1msnarkJS[0m: alphaTauG1: fft 20 join  20/20  1/1 10/32
[36;22m[DEBUG] [39;1msnarkJS[0m: alphaTauG1: fft 20 join  20/20  1/1 7/32
[36;22m[DEBUG] [39;1msnarkJS[0m: alphaTauG1: fft 20 join  20/20  1/1 26/32
[36;22m[DEBUG] [39;1msnarkJS[0m: alphaTauG1: fft 20 join  20/20  1/1 28/32
[36;22m[DEBUG] [39;1msnarkJS[0m: alphaTauG1: fft 20 join  20/20  1/1 22/32
[36;22m[DEBUG] [39;1msnarkJS[0m: alphaTauG1: fft 20 join  20/20  1/1 11/32
[36;22m[DEBUG] [39;1msnarkJS[0m: alphaTauG1: fft 20 join  20/20  1/1 21/32
[36;22m[DEBUG] [39;1msnarkJS[0m: alphaTauG1: fft 20 join  20/20  1/1 17/32
[36;22m[DEBUG] [39;1msnarkJS[0m: alphaTauG1: fft 20 join  20/20  1/1 24/32
[36;22m[DEBUG] [39;1msnarkJS[0m: alphaTauG1: fft 20 join  20/20  1/1 16/32
[36;22m[DEBUG] [39;1msnarkJS[0m: alphaTauG1: fft 20 join  20/20  1/1 5/32
[36;22m[DEBUG] [39;1msnarkJS[0m: alphaTauG1: fft 20 join  20/20  1/1 19/32
[36;22m[DEBUG] [39;1msnarkJS[0m: alphaTauG1: fft 20 join  20/20  1/1 0/32
[36;22m[DEBUG] [39;1msnarkJS[0m: alphaTauG1: fft 20 join  20/20  1/1 25/32
[36;22m[DEBUG] [39;1msnarkJS[0m: Starting section: betaTauG1
[36;22m[DEBUG] [39;1msnarkJS[0m: betaTauG1: fft 0 mix start: 0/1
[36;22m[DEBUG] [39;1msnarkJS[0m: betaTauG1: fft 0 mix end: 0/1
[36;22m[DEBUG] [39;1msnarkJS[0m: betaTauG1: fft 1 mix start: 0/1
[36;22m[DEBUG] [39;1msnarkJS[0m: betaTauG1: fft 1 mix end: 0/1
[36;22m[DEBUG] [39;1msnarkJS[0m: betaTauG1: fft 2 mix start: 0/1
[36;22m[DEBUG] [39;1msnarkJS[0m: betaTauG1: fft 2 mix end: 0/1
[36;22m[DEBUG] [39;1msnarkJS[0m: betaTauG1: fft 3 mix start: 0/1
[36;22m[DEBUG] [39;1msnarkJS[0m: betaTauG1: fft 3 mix end: 0/1
[36;22m[DEBUG] [39;1msnarkJS[0m: betaTauG1: fft 4 mix start: 0/2
[36;22m[DEBUG] [39;1msnarkJS[0m: betaTauG1: fft 4 mix start: 1/2
[36;22m[DEBUG] [39;1msnarkJS[0m: betaTauG1: fft 4 mix end: 0/2
[36;22m[DEBUG] [39;1msnarkJS[0m: betaTauG1: fft 4 mix end: 1/2
[36;22m[DEBUG] [39;1msnarkJS[0m: betaTauG1: fft  4  join: 4/4
[36;22m[DEBUG] [39;1msnarkJS[0m: betaTauG1: fft 4 join  4/4  1/1 0/1
[36;22m[DEBUG] [39;1msnarkJS[0m: betaTauG1: fft 5 mix start: 0/4
[36;22m[DEBUG] [39;1msnarkJS[0m: betaTauG1: fft 5 mix start: 1/4
[36;22m[DEBUG] [39;1msnarkJS[0m: betaTauG1: fft 5 mix start: 2/4
[36;22m[DEBUG] [39;1msnarkJS[0m: betaTauG1: fft 5 mix start: 3/4
[36;22m[DEBUG] [39;1msnarkJS[0m: betaTauG1: fft 5 mix end: 2/4
[36;22m[DEBUG] [39;1msnarkJS[0m: betaTauG1: fft 5 mix end: 0/4
[36;22m[DEBUG] [39;1msnarkJS[0m: betaTauG1: fft 5 mix end: 1/4
[36;22m[DEBUG] [39;1msnarkJS[0m: betaTauG1: fft 5 mix end: 3/4
[36;22m[DEBUG] [39;1msnarkJS[0m: betaTauG1: fft  5  join: 4/5
[36;22m[DEBUG] [39;1msnarkJS[0m: betaTauG1: fft 5 join  4/5  1/2 0/1
[36;22m[DEBUG] [39;1msnarkJS[0m: betaTauG1: fft 5 join  4/5  2/2 0/1
[36;22m[DEBUG] [39;1msnarkJS[0m: betaTauG1: fft  5  join: 5/5
[36;22m[DEBUG] [39;1msnarkJS[0m: betaTauG1: fft 5 join  5/5  1/1 0/2
[36;22m[DEBUG] [39;1msnarkJS[0m: betaTauG1: fft 5 join  5/5  1/1 1/2
[36;22m[DEBUG] [39;1msnarkJS[0m: betaTauG1: fft 6 mix start: 0/8
[36;22m[DEBUG] [39;1msnarkJS[0m: betaTauG1: fft 6 mix start: 1/8
[36;22m[DEBUG] [39;1msnarkJS[0m: betaTauG1: fft 6 mix start: 2/8
[36;22m[DEBUG] [39;1msnarkJS[0m: betaTauG1: fft 6 mix start: 3/8
[36;22m[DEBUG] [39;1msnarkJS[0m: betaTauG1: fft 6 mix start: 4/8
[36;22m[DEBUG] [39;1msnarkJS[0m: betaTauG1: fft 6 mix start: 5/8
[36;22m[DEBUG] [39;1msnarkJS[0m: betaTauG1: fft 6 mix start: 6/8
[36;22m[DEBUG] [39;1msnarkJS[0m: betaTauG1: fft 6 mix start: 7/8
[36;22m[DEBUG] [39;1msnarkJS[0m: betaTauG1: fft 6 mix end: 1/8
[36;22m[DEBUG] [39;1msnarkJS[0m: betaTauG1: fft 6 mix end: 3/8
[36;22m[DEBUG] [39;1msnarkJS[0m: betaTauG1: fft 6 mix end: 5/8
[36;22m[DEBUG] [39;1msnarkJS[0m: betaTauG1: fft 6 mix end: 6/8
[36;22m[DEBUG] [39;1msnarkJS[0m: betaTauG1: fft 6 mix end: 0/8
[36;22m[DEBUG] [39;1msnarkJS[0m: betaTauG1: fft 6 mix end: 2/8
[36;22m[DEBUG] [39;1msnarkJS[0m: betaTauG1: fft 6 mix end: 7/8
[36;22m[DEBUG] [39;1msnarkJS[0m: betaTauG1: fft 6 mix end: 4/8
[36;22m[DEBUG] [39;1msnarkJS[0m: betaTauG1: fft  6  join: 4/6
[36;22m[DEBUG] [39;1msnarkJS[0m: betaTauG1: fft 6 join  4/6  3/4 0/1
[36;22m[DEBUG] [39;1msnarkJS[0m: betaTauG1: fft 6 join  4/6  4/4 0/1
[36;22m[DEBUG] [39;1msnarkJS[0m: betaTauG1: fft 6 join  4/6  2/4 0/1
[36;22m[DEBUG] [39;1msnarkJS[0m: betaTauG1: fft 6 join  4/6  1/4 0/1
[36;22m[DEBUG] [39;1msnarkJS[0m: betaTauG1: fft  6  join: 5/6
[36;22m[DEBUG] [39;1msnarkJS[0m: betaTauG1: fft 6 join  5/6  1/2 0/2
[36;22m[DEBUG] [39;1msnarkJS[0m: betaTauG1: fft 6 join  5/6  2/2 0/2
[36;22m[DEBUG] [39;1msnarkJS[0m: betaTauG1: fft 6 join  5/6  1/2 1/2
[36;22m[DEBUG] [39;1msnarkJS[0m: betaTauG1: fft 6 join  5/6  2/2 1/2
[36;22m[DEBUG] [39;1msnarkJS[0m: betaTauG1: fft  6  join: 6/6
[36;22m[DEBUG] [39;1msnarkJS[0m: betaTauG1: fft 6 join  6/6  1/1 0/4
[36;22m[DEBUG] [39;1msnarkJS[0m: betaTauG1: fft 6 join  6/6  1/1 1/4
[36;22m[DEBUG] [39;1msnarkJS[0m: betaTauG1: fft 6 join  6/6  1/1 2/4
[36;22m[DEBUG] [39;1msnarkJS[0m: betaTauG1: fft 6 join  6/6  1/1 3/4
[36;22m[DEBUG] [39;1msnarkJS[0m: betaTauG1: fft 7 mix start: 0/16
[36;22m[DEBUG] [39;1msnarkJS[0m: betaTauG1: fft 7 mix start: 1/16
[36;22m[DEBUG] [39;1msnarkJS[0m: betaTauG1: fft 7 mix start: 2/16
[36;22m[DEBUG] [39;1msnarkJS[0m: betaTauG1: fft 7 mix start: 3/16
[36;22m[DEBUG] [39;1msnarkJS[0m: betaTauG1: fft 7 mix start: 4/16
[36;22m[DEBUG] [39;1msnarkJS[0m: betaTauG1: fft 7 mix start: 5/16
[36;22m[DEBUG] [39;1msnarkJS[0m: betaTauG1: fft 7 mix start: 6/16
[36;22m[DEBUG] [39;1msnarkJS[0m: betaTauG1: fft 7 mix start: 7/16
[36;22m[DEBUG] [39;1msnarkJS[0m: betaTauG1: fft 7 mix start: 8/16
[36;22m[DEBUG] [39;1msnarkJS[0m: betaTauG1: fft 7 mix start: 9/16
[36;22m[DEBUG] [39;1msnarkJS[0m: betaTauG1: fft 7 mix start: 10/16
[36;22m[DEBUG] [39;1msnarkJS[0m: betaTauG1: fft 7 mix start: 11/16
[36;22m[DEBUG] [39;1msnarkJS[0m: betaTauG1: fft 7 mix start: 12/16
[36;22m[DEBUG] [39;1msnarkJS[0m: betaTauG1: fft 7 mix start: 13/16
[36;22m[DEBUG] [39;1msnarkJS[0m: betaTauG1: fft 7 mix start: 14/16
[36;22m[DEBUG] [39;1msnarkJS[0m: betaTauG1: fft 7 mix start: 15/16
[36;22m[DEBUG] [39;1msnarkJS[0m: betaTauG1: fft 7 mix end: 3/16
[36;22m[DEBUG] [39;1msnarkJS[0m: betaTauG1: fft 7 mix end: 1/16
[36;22m[DEBUG] [39;1msnarkJS[0m: betaTauG1: fft 7 mix end: 10/16
[36;22m[DEBUG] [39;1msnarkJS[0m: betaTauG1: fft 7 mix end: 13/16
[36;22m[DEBUG] [39;1msnarkJS[0m: betaTauG1: fft 7 mix end: 4/16
[36;22m[DEBUG] [39;1msnarkJS[0m: betaTauG1: fft 7 mix end: 6/16
[36;22m[DEBUG] [39;1msnarkJS[0m: betaTauG1: fft 7 mix end: 9/16
[36;22m[DEBUG] [39;1msnarkJS[0m: betaTauG1: fft 7 mix end: 7/16
[36;22m[DEBUG] [39;1msnarkJS[0m: betaTauG1: fft 7 mix end: 14/16
[36;22m[DEBUG] [39;1msnarkJS[0m: betaTauG1: fft 7 mix end: 15/16
[36;22m[DEBUG] [39;1msnarkJS[0m: betaTauG1: fft 7 mix end: 0/16
[36;22m[DEBUG] [39;1msnarkJS[0m: betaTauG1: fft 7 mix end: 2/16
[36;22m[DEBUG] [39;1msnarkJS[0m: betaTauG1: fft 7 mix end: 11/16
[36;22m[DEBUG] [39;1msnarkJS[0m: betaTauG1: fft 7 mix end: 12/16
[36;22m[DEBUG] [39;1msnarkJS[0m: betaTauG1: fft 7 mix end: 5/16
[36;22m[DEBUG] [39;1msnarkJS[0m: betaTauG1: fft 7 mix end: 8/16
[36;22m[DEBUG] [39;1msnarkJS[0m: betaTauG1: fft  7  join: 4/7
[36;22m[DEBUG] [39;1msnarkJS[0m: betaTauG1: fft 7 join  4/7  1/8 0/1
[36;22m[DEBUG] [39;1msnarkJS[0m: betaTauG1: fft 7 join  4/7  2/8 0/1
[36;22m[DEBUG] [39;1msnarkJS[0m: betaTauG1: fft 7 join  4/7  3/8 0/1
[36;22m[DEBUG] [39;1msnarkJS[0m: betaTauG1: fft 7 join  4/7  4/8 0/1
[36;22m[DEBUG] [39;1msnarkJS[0m: betaTauG1: fft 7 join  4/7  5/8 0/1
[36;22m[DEBUG] [39;1msnarkJS[0m: betaTauG1: fft 7 join  4/7  6/8 0/1
[36;22m[DEBUG] [39;1msnarkJS[0m: betaTauG1: fft 7 join  4/7  7/8 0/1
[36;22m[DEBUG] [39;1msnarkJS[0m: betaTauG1: fft 7 join  4/7  8/8 0/1
[36;22m[DEBUG] [39;1msnarkJS[0m: betaTauG1: fft  7  join: 5/7
[36;22m[DEBUG] [39;1msnarkJS[0m: betaTauG1: fft 7 join  5/7  1/4 0/2
[36;22m[DEBUG] [39;1msnarkJS[0m: betaTauG1: fft 7 join  5/7  2/4 0/2
[36;22m[DEBUG] [39;1msnarkJS[0m: betaTauG1: fft 7 join  5/7  3/4 0/2
[36;22m[DEBUG] [39;1msnarkJS[0m: betaTauG1: fft 7 join  5/7  4/4 0/2
[36;22m[DEBUG] [39;1msnarkJS[0m: betaTauG1: fft 7 join  5/7  1/4 1/2
[36;22m[DEBUG] [39;1msnarkJS[0m: betaTauG1: fft 7 join  5/7  2/4 1/2
[36;22m[DEBUG] [39;1msnarkJS[0m: betaTauG1: fft 7 join  5/7  3/4 1/2
[36;22m[DEBUG] [39;1msnarkJS[0m: betaTauG1: fft 7 join  5/7  4/4 1/2
[36;22m[DEBUG] [39;1msnarkJS[0m: betaTauG1: fft  7  join: 6/7
[36;22m[DEBUG] [39;1msnarkJS[0m: betaTauG1: fft 7 join  6/7  1/2 0/4
[36;22m[DEBUG] [39;1msnarkJS[0m: betaTauG1: fft 7 join  6/7  2/2 0/4
[36;22m[DEBUG] [39;1msnarkJS[0m: betaTauG1: fft 7 join  6/7  1/2 1/4
[36;22m[DEBUG] [39;1msnarkJS[0m: betaTauG1: fft 7 join  6/7  1/2 2/4
[36;22m[DEBUG] [39;1msnarkJS[0m: betaTauG1: fft 7 join  6/7  1/2 3/4
[36;22m[DEBUG] [39;1msnarkJS[0m: betaTauG1: fft 7 join  6/7  2/2 1/4
[36;22m[DEBUG] [39;1msnarkJS[0m: betaTauG1: fft 7 join  6/7  2/2 2/4
[36;22m[DEBUG] [39;1msnarkJS[0m: betaTauG1: fft 7 join  6/7  2/2 3/4
[36;22m[DEBUG] [39;1msnarkJS[0m: betaTauG1: fft  7  join: 7/7
[36;22m[DEBUG] [39;1msnarkJS[0m: betaTauG1: fft 7 join  7/7  1/1 0/8
[36;22m[DEBUG] [39;1msnarkJS[0m: betaTauG1: fft 7 join  7/7  1/1 1/8
[36;22m[DEBUG] [39;1msnarkJS[0m: betaTauG1: fft 7 join  7/7  1/1 2/8
[36;22m[DEBUG] [39;1msnarkJS[0m: betaTauG1: fft 7 join  7/7  1/1 3/8
[36;22m[DEBUG] [39;1msnarkJS[0m: betaTauG1: fft 7 join  7/7  1/1 4/8
[36;22m[DEBUG] [39;1msnarkJS[0m: betaTauG1: fft 7 join  7/7  1/1 5/8
[36;22m[DEBUG] [39;1msnarkJS[0m: betaTauG1: fft 7 join  7/7  1/1 6/8
[36;22m[DEBUG] [39;1msnarkJS[0m: betaTauG1: fft 7 join  7/7  1/1 7/8
[36;22m[DEBUG] [39;1msnarkJS[0m: betaTauG1: fft 8 mix start: 0/32
[36;22m[DEBUG] [39;1msnarkJS[0m: betaTauG1: fft 8 mix start: 1/32
[36;22m[DEBUG] [39;1msnarkJS[0m: betaTauG1: fft 8 mix start: 2/32
[36;22m[DEBUG] [39;1msnarkJS[0m: betaTauG1: fft 8 mix start: 3/32
[36;22m[DEBUG] [39;1msnarkJS[0m: betaTauG1: fft 8 mix start: 4/32
[36;22m[DEBUG] [39;1msnarkJS[0m: betaTauG1: fft 8 mix start: 5/32
[36;22m[DEBUG] [39;1msnarkJS[0m: betaTauG1: fft 8 mix start: 6/32
[36;22m[DEBUG] [39;1msnarkJS[0m: betaTauG1: fft 8 mix start: 7/32
[36;22m[DEBUG] [39;1msnarkJS[0m: betaTauG1: fft 8 mix start: 8/32
[36;22m[DEBUG] [39;1msnarkJS[0m: betaTauG1: fft 8 mix start: 9/32
[36;22m[DEBUG] [39;1msnarkJS[0m: betaTauG1: fft 8 mix start: 10/32
[36;22m[DEBUG] [39;1msnarkJS[0m: betaTauG1: fft 8 mix start: 11/32
[36;22m[DEBUG] [39;1msnarkJS[0m: betaTauG1: fft 8 mix start: 12/32
[36;22m[DEBUG] [39;1msnarkJS[0m: betaTauG1: fft 8 mix start: 13/32
[36;22m[DEBUG] [39;1msnarkJS[0m: betaTauG1: fft 8 mix start: 14/32
[36;22m[DEBUG] [39;1msnarkJS[0m: betaTauG1: fft 8 mix start: 15/32
[36;22m[DEBUG] [39;1msnarkJS[0m: betaTauG1: fft 8 mix start: 16/32
[36;22m[DEBUG] [39;1msnarkJS[0m: betaTauG1: fft 8 mix start: 17/32
[36;22m[DEBUG] [39;1msnarkJS[0m: betaTauG1: fft 8 mix start: 18/32
[36;22m[DEBUG] [39;1msnarkJS[0m: betaTauG1: fft 8 mix start: 19/32
[36;22m[DEBUG] [39;1msnarkJS[0m: betaTauG1: fft 8 mix start: 20/32
[36;22m[DEBUG] [39;1msnarkJS[0m: betaTauG1: fft 8 mix start: 21/32
[36;22m[DEBUG] [39;1msnarkJS[0m: betaTauG1: fft 8 mix start: 22/32
[36;22m[DEBUG] [39;1msnarkJS[0m: betaTauG1: fft 8 mix start: 23/32
[36;22m[DEBUG] [39;1msnarkJS[0m: betaTauG1: fft 8 mix start: 24/32
[36;22m[DEBUG] [39;1msnarkJS[0m: betaTauG1: fft 8 mix start: 25/32
[36;22m[DEBUG] [39;1msnarkJS[0m: betaTauG1: fft 8 mix start: 26/32
[36;22m[DEBUG] [39;1msnarkJS[0m: betaTauG1: fft 8 mix start: 27/32
[36;22m[DEBUG] [39;1msnarkJS[0m: betaTauG1: fft 8 mix start: 28/32
[36;22m[DEBUG] [39;1msnarkJS[0m: betaTauG1: fft 8 mix start: 29/32
[36;22m[DEBUG] [39;1msnarkJS[0m: betaTauG1: fft 8 mix start: 30/32
[36;22m[DEBUG] [39;1msnarkJS[0m: betaTauG1: fft 8 mix start: 31/32
[36;22m[DEBUG] [39;1msnarkJS[0m: betaTauG1: fft 8 mix end: 1/32
[36;22m[DEBUG] [39;1msnarkJS[0m: betaTauG1: fft 8 mix end: 3/32
[36;22m[DEBUG] [39;1msnarkJS[0m: betaTauG1: fft 8 mix end: 4/32
[36;22m[DEBUG] [39;1msnarkJS[0m: betaTauG1: fft 8 mix end: 6/32
[36;22m[DEBUG] [39;1msnarkJS[0m: betaTauG1: fft 8 mix end: 7/32
[36;22m[DEBUG] [39;1msnarkJS[0m: betaTauG1: fft 8 mix end: 8/32
[36;22m[DEBUG] [39;1msnarkJS[0m: betaTauG1: fft 8 mix end: 9/32
[36;22m[DEBUG] [39;1msnarkJS[0m: betaTauG1: fft 8 mix end: 16/32
[36;22m[DEBUG] [39;1msnarkJS[0m: betaTauG1: fft 8 mix end: 18/32
[36;22m[DEBUG] [39;1msnarkJS[0m: betaTauG1: fft 8 mix end: 15/32
[36;22m[DEBUG] [39;1msnarkJS[0m: betaTauG1: fft 8 mix end: 25/32
[36;22m[DEBUG] [39;1msnarkJS[0m: betaTauG1: fft 8 mix end: 19/32
[36;22m[DEBUG] [39;1msnarkJS[0m: betaTauG1: fft 8 mix end: 2/32
[36;22m[DEBUG] [39;1msnarkJS[0m: betaTauG1: fft 8 mix end: 21/32
[36;22m[DEBUG] [39;1msnarkJS[0m: betaTauG1: fft 8 mix end: 5/32
[36;22m[DEBUG] [39;1msnarkJS[0m: betaTauG1: fft 8 mix end: 10/32
[36;22m[DEBUG] [39;1msnarkJS[0m: betaTauG1: fft 8 mix end: 26/32
[36;22m[DEBUG] [39;1msnarkJS[0m: betaTauG1: fft 8 mix end: 12/32
[36;22m[DEBUG] [39;1msnarkJS[0m: betaTauG1: fft 8 mix end: 30/32
[36;22m[DEBUG] [39;1msnarkJS[0m: betaTauG1: fft 8 mix end: 31/32
[36;22m[DEBUG] [39;1msnarkJS[0m: betaTauG1: fft 8 mix end: 0/32
[36;22m[DEBUG] [39;1msnarkJS[0m: betaTauG1: fft 8 mix end: 11/32
[36;22m[DEBUG] [39;1msnarkJS[0m: betaTauG1: fft 8 mix end: 13/32
[36;22m[DEBUG] [39;1msnarkJS[0m: betaTauG1: fft 8 mix end: 14/32
[36;22m[DEBUG] [39;1msnarkJS[0m: betaTauG1: fft 8 mix end: 28/32
[36;22m[DEBUG] [39;1msnarkJS[0m: betaTauG1: fft 8 mix end: 22/32
[36;22m[DEBUG] [39;1msnarkJS[0m: betaTauG1: fft 8 mix end: 24/32
[36;22m[DEBUG] [39;1msnarkJS[0m: betaTauG1: fft 8 mix end: 23/32
[36;22m[DEBUG] [39;1msnarkJS[0m: betaTauG1: fft 8 mix end: 27/32
[36;22m[DEBUG] [39;1msnarkJS[0m: betaTauG1: fft 8 mix end: 29/32
[36;22m[DEBUG] [39;1msnarkJS[0m: betaTauG1: fft 8 mix end: 17/32
[36;22m[DEBUG] [39;1msnarkJS[0m: betaTauG1: fft 8 mix end: 20/32
[36;22m[DEBUG] [39;1msnarkJS[0m: betaTauG1: fft  8  join: 4/8
[36;22m[DEBUG] [39;1msnarkJS[0m: betaTauG1: fft 8 join  4/8  2/16 0/1
[36;22m[DEBUG] [39;1msnarkJS[0m: betaTauG1: fft 8 join  4/8  5/16 0/1
[36;22m[DEBUG] [39;1msnarkJS[0m: betaTauG1: fft 8 join  4/8  4/16 0/1
[36;22m[DEBUG] [39;1msnarkJS[0m: betaTauG1: fft 8 join  4/8  9/16 0/1
[36;22m[DEBUG] [39;1msnarkJS[0m: betaTauG1: fft 8 join  4/8  15/16 0/1
[36;22m[DEBUG] [39;1msnarkJS[0m: betaTauG1: fft 8 join  4/8  8/16 0/1
[36;22m[DEBUG] [39;1msnarkJS[0m: betaTauG1: fft 8 join  4/8  10/16 0/1
[36;22m[DEBUG] [39;1msnarkJS[0m: betaTauG1: fft 8 join  4/8  16/16 0/1
[36;22m[DEBUG] [39;1msnarkJS[0m: betaTauG1: fft 8 join  4/8  1/16 0/1
[36;22m[DEBUG] [39;1msnarkJS[0m: betaTauG1: fft 8 join  4/8  3/16 0/1
[36;22m[DEBUG] [39;1msnarkJS[0m: betaTauG1: fft 8 join  4/8  6/16 0/1
[36;22m[DEBUG] [39;1msnarkJS[0m: betaTauG1: fft 8 join  4/8  7/16 0/1
[36;22m[DEBUG] [39;1msnarkJS[0m: betaTauG1: fft 8 join  4/8  11/16 0/1
[36;22m[DEBUG] [39;1msnarkJS[0m: betaTauG1: fft 8 join  4/8  12/16 0/1
[36;22m[DEBUG] [39;1msnarkJS[0m: betaTauG1: fft 8 join  4/8  13/16 0/1
[36;22m[DEBUG] [39;1msnarkJS[0m: betaTauG1: fft 8 join  4/8  14/16 0/1
[36;22m[DEBUG] [39;1msnarkJS[0m: betaTauG1: fft  8  join: 5/8
[36;22m[DEBUG] [39;1msnarkJS[0m: betaTauG1: fft 8 join  5/8  3/8 0/2
[36;22m[DEBUG] [39;1msnarkJS[0m: betaTauG1: fft 8 join  5/8  5/8 0/2
[36;22m[DEBUG] [39;1msnarkJS[0m: betaTauG1: fft 8 join  5/8  8/8 0/2
[36;22m[DEBUG] [39;1msnarkJS[0m: betaTauG1: fft 8 join  5/8  1/8 1/2
[36;22m[DEBUG] [39;1msnarkJS[0m: betaTauG1: fft 8 join  5/8  2/8 1/2
[36;22m[DEBUG] [39;1msnarkJS[0m: betaTauG1: fft 8 join  5/8  4/8 1/2
[36;22m[DEBUG] [39;1msnarkJS[0m: betaTauG1: fft 8 join  5/8  5/8 1/2
[36;22m[DEBUG] [39;1msnarkJS[0m: betaTauG1: fft 8 join  5/8  8/8 1/2
[36;22m[DEBUG] [39;1msnarkJS[0m: betaTauG1: fft 8 join  5/8  2/8 0/2
[36;22m[DEBUG] [39;1msnarkJS[0m: betaTauG1: fft 8 join  5/8  4/8 0/2
[36;22m[DEBUG] [39;1msnarkJS[0m: betaTauG1: fft 8 join  5/8  7/8 0/2
[36;22m[DEBUG] [39;1msnarkJS[0m: betaTauG1: fft 8 join  5/8  6/8 0/2
[36;22m[DEBUG] [39;1msnarkJS[0m: betaTauG1: fft 8 join  5/8  1/8 0/2
[36;22m[DEBUG] [39;1msnarkJS[0m: betaTauG1: fft 8 join  5/8  6/8 1/2
[36;22m[DEBUG] [39;1msnarkJS[0m: betaTauG1: fft 8 join  5/8  3/8 1/2
[36;22m[DEBUG] [39;1msnarkJS[0m: betaTauG1: fft 8 join  5/8  7/8 1/2
[36;22m[DEBUG] [39;1msnarkJS[0m: betaTauG1: fft  8  join: 6/8
[36;22m[DEBUG] [39;1msnarkJS[0m: betaTauG1: fft 8 join  6/8  3/4 0/4
[36;22m[DEBUG] [39;1msnarkJS[0m: betaTauG1: fft 8 join  6/8  2/4 0/4
[36;22m[DEBUG] [39;1msnarkJS[0m: betaTauG1: fft 8 join  6/8  1/4 3/4
[36;22m[DEBUG] [39;1msnarkJS[0m: betaTauG1: fft 8 join  6/8  3/4 1/4
[36;22m[DEBUG] [39;1msnarkJS[0m: betaTauG1: fft 8 join  6/8  1/4 1/4
[36;22m[DEBUG] [39;1msnarkJS[0m: betaTauG1: fft 8 join  6/8  4/4 3/4
[36;22m[DEBUG] [39;1msnarkJS[0m: betaTauG1: fft 8 join  6/8  2/4 3/4
[36;22m[DEBUG] [39;1msnarkJS[0m: betaTauG1: fft 8 join  6/8  4/4 2/4
[36;22m[DEBUG] [39;1msnarkJS[0m: betaTauG1: fft 8 join  6/8  4/4 0/4
[36;22m[DEBUG] [39;1msnarkJS[0m: betaTauG1: fft 8 join  6/8  1/4 0/4
[36;22m[DEBUG] [39;1msnarkJS[0m: betaTauG1: fft 8 join  6/8  1/4 2/4
[36;22m[DEBUG] [39;1msnarkJS[0m: betaTauG1: fft 8 join  6/8  2/4 2/4
[36;22m[DEBUG] [39;1msnarkJS[0m: betaTauG1: fft 8 join  6/8  3/4 3/4
[36;22m[DEBUG] [39;1msnarkJS[0m: betaTauG1: fft 8 join  6/8  2/4 1/4
[36;22m[DEBUG] [39;1msnarkJS[0m: betaTauG1: fft 8 join  6/8  3/4 2/4
[36;22m[DEBUG] [39;1msnarkJS[0m: betaTauG1: fft 8 join  6/8  4/4 1/4
[36;22m[DEBUG] [39;1msnarkJS[0m: betaTauG1: fft  8  join: 7/8
[36;22m[DEBUG] [39;1msnarkJS[0m: betaTauG1: fft 8 join  7/8  2/2 0/8
[36;22m[DEBUG] [39;1msnarkJS[0m: betaTauG1: fft 8 join  7/8  1/2 1/8
[36;22m[DEBUG] [39;1msnarkJS[0m: betaTauG1: fft 8 join  7/8  1/2 7/8
[36;22m[DEBUG] [39;1msnarkJS[0m: betaTauG1: fft 8 join  7/8  1/2 3/8
[36;22m[DEBUG] [39;1msnarkJS[0m: betaTauG1: fft 8 join  7/8  2/2 1/8
[36;22m[DEBUG] [39;1msnarkJS[0m: betaTauG1: fft 8 join  7/8  2/2 7/8
[36;22m[DEBUG] [39;1msnarkJS[0m: betaTauG1: fft 8 join  7/8  1/2 4/8
[36;22m[DEBUG] [39;1msnarkJS[0m: betaTauG1: fft 8 join  7/8  2/2 6/8
[36;22m[DEBUG] [39;1msnarkJS[0m: betaTauG1: fft 8 join  7/8  1/2 0/8
[36;22m[DEBUG] [39;1msnarkJS[0m: betaTauG1: fft 8 join  7/8  2/2 3/8
[36;22m[DEBUG] [39;1msnarkJS[0m: betaTauG1: fft 8 join  7/8  1/2 2/8
[36;22m[DEBUG] [39;1msnarkJS[0m: betaTauG1: fft 8 join  7/8  1/2 5/8
[36;22m[DEBUG] [39;1msnarkJS[0m: betaTauG1: fft 8 join  7/8  1/2 6/8
[36;22m[DEBUG] [39;1msnarkJS[0m: betaTauG1: fft 8 join  7/8  2/2 2/8
[36;22m[DEBUG] [39;1msnarkJS[0m: betaTauG1: fft 8 join  7/8  2/2 4/8
[36;22m[DEBUG] [39;1msnarkJS[0m: betaTauG1: fft 8 join  7/8  2/2 5/8
[36;22m[DEBUG] [39;1msnarkJS[0m: betaTauG1: fft  8  join: 8/8
[36;22m[DEBUG] [39;1msnarkJS[0m: betaTauG1: fft 8 join  8/8  1/1 4/16
[36;22m[DEBUG] [39;1msnarkJS[0m: betaTauG1: fft 8 join  8/8  1/1 7/16
[36;22m[DEBUG] [39;1msnarkJS[0m: betaTauG1: fft 8 join  8/8  1/1 8/16
[36;22m[DEBUG] [39;1msnarkJS[0m: betaTauG1: fft 8 join  8/8  1/1 9/16
[36;22m[DEBUG] [39;1msnarkJS[0m: betaTauG1: fft 8 join  8/8  1/1 1/16
[36;22m[DEBUG] [39;1msnarkJS[0m: betaTauG1: fft 8 join  8/8  1/1 3/16
[36;22m[DEBUG] [39;1msnarkJS[0m: betaTauG1: fft 8 join  8/8  1/1 14/16
[36;22m[DEBUG] [39;1msnarkJS[0m: betaTauG1: fft 8 join  8/8  1/1 15/16
[36;22m[DEBUG] [39;1msnarkJS[0m: betaTauG1: fft 8 join  8/8  1/1 0/16
[36;22m[DEBUG] [39;1msnarkJS[0m: betaTauG1: fft 8 join  8/8  1/1 11/16
[36;22m[DEBUG] [39;1msnarkJS[0m: betaTauG1: fft 8 join  8/8  1/1 2/16
[36;22m[DEBUG] [39;1msnarkJS[0m: betaTauG1: fft 8 join  8/8  1/1 5/16
[36;22m[DEBUG] [39;1msnarkJS[0m: betaTauG1: fft 8 join  8/8  1/1 6/16
[36;22m[DEBUG] [39;1msnarkJS[0m: betaTauG1: fft 8 join  8/8  1/1 10/16
[36;22m[DEBUG] [39;1msnarkJS[0m: betaTauG1: fft 8 join  8/8  1/1 12/16
[36;22m[DEBUG] [39;1msnarkJS[0m: betaTauG1: fft 8 join  8/8  1/1 13/16
[36;22m[DEBUG] [39;1msnarkJS[0m: betaTauG1: fft 9 mix start: 0/32
[36;22m[DEBUG] [39;1msnarkJS[0m: betaTauG1: fft 9 mix start: 1/32
[36;22m[DEBUG] [39;1msnarkJS[0m: betaTauG1: fft 9 mix start: 2/32
[36;22m[DEBUG] [39;1msnarkJS[0m: betaTauG1: fft 9 mix start: 3/32
[36;22m[DEBUG] [39;1msnarkJS[0m: betaTauG1: fft 9 mix start: 4/32
[36;22m[DEBUG] [39;1msnarkJS[0m: betaTauG1: fft 9 mix start: 5/32
[36;22m[DEBUG] [39;1msnarkJS[0m: betaTauG1: fft 9 mix start: 6/32
[36;22m[DEBUG] [39;1msnarkJS[0m: betaTauG1: fft 9 mix start: 7/32
[36;22m[DEBUG] [39;1msnarkJS[0m: betaTauG1: fft 9 mix start: 8/32
[36;22m[DEBUG] [39;1msnarkJS[0m: betaTauG1: fft 9 mix start: 9/32
[36;22m[DEBUG] [39;1msnarkJS[0m: betaTauG1: fft 9 mix start: 10/32
[36;22m[DEBUG] [39;1msnarkJS[0m: betaTauG1: fft 9 mix start: 11/32
[36;22m[DEBUG] [39;1msnarkJS[0m: betaTauG1: fft 9 mix start: 12/32
[36;22m[DEBUG] [39;1msnarkJS[0m: betaTauG1: fft 9 mix start: 13/32
[36;22m[DEBUG] [39;1msnarkJS[0m: betaTauG1: fft 9 mix start: 14/32
[36;22m[DEBUG] [39;1msnarkJS[0m: betaTauG1: fft 9 mix start: 15/32
[36;22m[DEBUG] [39;1msnarkJS[0m: betaTauG1: fft 9 mix start: 16/32
[36;22m[DEBUG] [39;1msnarkJS[0m: betaTauG1: fft 9 mix start: 17/32
[36;22m[DEBUG] [39;1msnarkJS[0m: betaTauG1: fft 9 mix start: 18/32
[36;22m[DEBUG] [39;1msnarkJS[0m: betaTauG1: fft 9 mix start: 19/32
[36;22m[DEBUG] [39;1msnarkJS[0m: betaTauG1: fft 9 mix start: 20/32
[36;22m[DEBUG] [39;1msnarkJS[0m: betaTauG1: fft 9 mix start: 21/32
[36;22m[DEBUG] [39;1msnarkJS[0m: betaTauG1: fft 9 mix start: 22/32
[36;22m[DEBUG] [39;1msnarkJS[0m: betaTauG1: fft 9 mix start: 23/32
[36;22m[DEBUG] [39;1msnarkJS[0m: betaTauG1: fft 9 mix start: 24/32
[36;22m[DEBUG] [39;1msnarkJS[0m: betaTauG1: fft 9 mix start: 25/32
[36;22m[DEBUG] [39;1msnarkJS[0m: betaTauG1: fft 9 mix start: 26/32
[36;22m[DEBUG] [39;1msnarkJS[0m: betaTauG1: fft 9 mix start: 27/32
[36;22m[DEBUG] [39;1msnarkJS[0m: betaTauG1: fft 9 mix start: 28/32
[36;22m[DEBUG] [39;1msnarkJS[0m: betaTauG1: fft 9 mix start: 29/32
[36;22m[DEBUG] [39;1msnarkJS[0m: betaTauG1: fft 9 mix start: 30/32
[36;22m[DEBUG] [39;1msnarkJS[0m: betaTauG1: fft 9 mix start: 31/32
[36;22m[DEBUG] [39;1msnarkJS[0m: betaTauG1: fft 9 mix end: 0/32
[36;22m[DEBUG] [39;1msnarkJS[0m: betaTauG1: fft 9 mix end: 1/32
[36;22m[DEBUG] [39;1msnarkJS[0m: betaTauG1: fft 9 mix end: 2/32
[36;22m[DEBUG] [39;1msnarkJS[0m: betaTauG1: fft 9 mix end: 3/32
[36;22m[DEBUG] [39;1msnarkJS[0m: betaTauG1: fft 9 mix end: 4/32
[36;22m[DEBUG] [39;1msnarkJS[0m: betaTauG1: fft 9 mix end: 5/32
[36;22m[DEBUG] [39;1msnarkJS[0m: betaTauG1: fft 9 mix end: 7/32
[36;22m[DEBUG] [39;1msnarkJS[0m: betaTauG1: fft 9 mix end: 8/32
[36;22m[DEBUG] [39;1msnarkJS[0m: betaTauG1: fft 9 mix end: 9/32
[36;22m[DEBUG] [39;1msnarkJS[0m: betaTauG1: fft 9 mix end: 10/32
[36;22m[DEBUG] [39;1msnarkJS[0m: betaTauG1: fft 9 mix end: 11/32
[36;22m[DEBUG] [39;1msnarkJS[0m: betaTauG1: fft 9 mix end: 12/32
[36;22m[DEBUG] [39;1msnarkJS[0m: betaTauG1: fft 9 mix end: 14/32
[36;22m[DEBUG] [39;1msnarkJS[0m: betaTauG1: fft 9 mix end: 15/32
[36;22m[DEBUG] [39;1msnarkJS[0m: betaTauG1: fft 9 mix end: 16/32
[36;22m[DEBUG] [39;1msnarkJS[0m: betaTauG1: fft 9 mix end: 18/32
[36;22m[DEBUG] [39;1msnarkJS[0m: betaTauG1: fft 9 mix end: 19/32
[36;22m[DEBUG] [39;1msnarkJS[0m: betaTauG1: fft 9 mix end: 20/32
[36;22m[DEBUG] [39;1msnarkJS[0m: betaTauG1: fft 9 mix end: 21/32
[36;22m[DEBUG] [39;1msnarkJS[0m: betaTauG1: fft 9 mix end: 22/32
[36;22m[DEBUG] [39;1msnarkJS[0m: betaTauG1: fft 9 mix end: 23/32
[36;22m[DEBUG] [39;1msnarkJS[0m: betaTauG1: fft 9 mix end: 24/32
[36;22m[DEBUG] [39;1msnarkJS[0m: betaTauG1: fft 9 mix end: 25/32
[36;22m[DEBUG] [39;1msnarkJS[0m: betaTauG1: fft 9 mix end: 26/32
[36;22m[DEBUG] [39;1msnarkJS[0m: betaTauG1: fft 9 mix end: 27/32
[36;22m[DEBUG] [39;1msnarkJS[0m: betaTauG1: fft 9 mix end: 29/32
[36;22m[DEBUG] [39;1msnarkJS[0m: betaTauG1: fft 9 mix end: 30/32
[36;22m[DEBUG] [39;1msnarkJS[0m: betaTauG1: fft 9 mix end: 31/32
[36;22m[DEBUG] [39;1msnarkJS[0m: betaTauG1: fft 9 mix end: 13/32
[36;22m[DEBUG] [39;1msnarkJS[0m: betaTauG1: fft 9 mix end: 6/32
[36;22m[DEBUG] [39;1msnarkJS[0m: betaTauG1: fft 9 mix end: 28/32
[36;22m[DEBUG] [39;1msnarkJS[0m: betaTauG1: fft 9 mix end: 17/32
[36;22m[DEBUG] [39;1msnarkJS[0m: betaTauG1: fft  9  join: 5/9
[36;22m[DEBUG] [39;1msnarkJS[0m: betaTauG1: fft 9 join  5/9  2/16 0/1
[36;22m[DEBUG] [39;1msnarkJS[0m: betaTauG1: fft 9 join  5/9  4/16 0/1
[36;22m[DEBUG] [39;1msnarkJS[0m: betaTauG1: fft 9 join  5/9  8/16 0/1
[36;22m[DEBUG] [39;1msnarkJS[0m: betaTauG1: fft 9 join  5/9  9/16 0/1
[36;22m[DEBUG] [39;1msnarkJS[0m: betaTauG1: fft 9 join  5/9  10/16 0/1
[36;22m[DEBUG] [39;1msnarkJS[0m: betaTauG1: fft 9 join  5/9  14/16 0/1
[36;22m[DEBUG] [39;1msnarkJS[0m: betaTauG1: fft 9 join  5/9  15/16 0/1
[36;22m[DEBUG] [39;1msnarkJS[0m: betaTauG1: fft 9 join  5/9  16/16 0/1
[36;22m[DEBUG] [39;1msnarkJS[0m: betaTauG1: fft 9 join  5/9  5/16 0/1
[36;22m[DEBUG] [39;1msnarkJS[0m: betaTauG1: fft 9 join  5/9  6/16 0/1
[36;22m[DEBUG] [39;1msnarkJS[0m: betaTauG1: fft 9 join  5/9  3/16 0/1
[36;22m[DEBUG] [39;1msnarkJS[0m: betaTauG1: fft 9 join  5/9  7/16 0/1
[36;22m[DEBUG] [39;1msnarkJS[0m: betaTauG1: fft 9 join  5/9  1/16 0/1
[36;22m[DEBUG] [39;1msnarkJS[0m: betaTauG1: fft 9 join  5/9  12/16 0/1
[36;22m[DEBUG] [39;1msnarkJS[0m: betaTauG1: fft 9 join  5/9  13/16 0/1
[36;22m[DEBUG] [39;1msnarkJS[0m: betaTauG1: fft 9 join  5/9  11/16 0/1
[36;22m[DEBUG] [39;1msnarkJS[0m: betaTauG1: fft  9  join: 6/9
[36;22m[DEBUG] [39;1msnarkJS[0m: betaTauG1: fft 9 join  6/9  2/8 1/2
[36;22m[DEBUG] [39;1msnarkJS[0m: betaTauG1: fft 9 join  6/9  8/8 0/2
[36;22m[DEBUG] [39;1msnarkJS[0m: betaTauG1: fft 9 join  6/9  8/8 1/2
[36;22m[DEBUG] [39;1msnarkJS[0m: betaTauG1: fft 9 join  6/9  1/8 1/2
[36;22m[DEBUG] [39;1msnarkJS[0m: betaTauG1: fft 9 join  6/9  5/8 1/2
[36;22m[DEBUG] [39;1msnarkJS[0m: betaTauG1: fft 9 join  6/9  4/8 1/2
[36;22m[DEBUG] [39;1msnarkJS[0m: betaTauG1: fft 9 join  6/9  7/8 1/2
[36;22m[DEBUG] [39;1msnarkJS[0m: betaTauG1: fft 9 join  6/9  5/8 0/2
[36;22m[DEBUG] [39;1msnarkJS[0m: betaTauG1: fft 9 join  6/9  1/8 0/2
[36;22m[DEBUG] [39;1msnarkJS[0m: betaTauG1: fft 9 join  6/9  3/8 0/2
[36;22m[DEBUG] [39;1msnarkJS[0m: betaTauG1: fft 9 join  6/9  7/8 0/2
[36;22m[DEBUG] [39;1msnarkJS[0m: betaTauG1: fft 9 join  6/9  6/8 0/2
[36;22m[DEBUG] [39;1msnarkJS[0m: betaTauG1: fft 9 join  6/9  2/8 0/2
[36;22m[DEBUG] [39;1msnarkJS[0m: betaTauG1: fft 9 join  6/9  4/8 0/2
[36;22m[DEBUG] [39;1msnarkJS[0m: betaTauG1: fft 9 join  6/9  6/8 1/2
[36;22m[DEBUG] [39;1msnarkJS[0m: betaTauG1: fft 9 join  6/9  3/8 1/2
[36;22m[DEBUG] [39;1msnarkJS[0m: betaTauG1: fft  9  join: 7/9
[36;22m[DEBUG] [39;1msnarkJS[0m: betaTauG1: fft 9 join  7/9  3/4 0/4
[36;22m[DEBUG] [39;1msnarkJS[0m: betaTauG1: fft 9 join  7/9  1/4 0/4
[36;22m[DEBUG] [39;1msnarkJS[0m: betaTauG1: fft 9 join  7/9  1/4 3/4
[36;22m[DEBUG] [39;1msnarkJS[0m: betaTauG1: fft 9 join  7/9  4/4 3/4
[36;22m[DEBUG] [39;1msnarkJS[0m: betaTauG1: fft 9 join  7/9  1/4 1/4
[36;22m[DEBUG] [39;1msnarkJS[0m: betaTauG1: fft 9 join  7/9  3/4 1/4
[36;22m[DEBUG] [39;1msnarkJS[0m: betaTauG1: fft 9 join  7/9  4/4 2/4
[36;22m[DEBUG] [39;1msnarkJS[0m: betaTauG1: fft 9 join  7/9  2/4 3/4
[36;22m[DEBUG] [39;1msnarkJS[0m: betaTauG1: fft 9 join  7/9  3/4 3/4
[36;22m[DEBUG] [39;1msnarkJS[0m: betaTauG1: fft 9 join  7/9  4/4 1/4
[36;22m[DEBUG] [39;1msnarkJS[0m: betaTauG1: fft 9 join  7/9  2/4 0/4
[36;22m[DEBUG] [39;1msnarkJS[0m: betaTauG1: fft 9 join  7/9  4/4 0/4
[36;22m[DEBUG] [39;1msnarkJS[0m: betaTauG1: fft 9 join  7/9  1/4 2/4
[36;22m[DEBUG] [39;1msnarkJS[0m: betaTauG1: fft 9 join  7/9  2/4 2/4
[36;22m[DEBUG] [39;1msnarkJS[0m: betaTauG1: fft 9 join  7/9  2/4 1/4
[36;22m[DEBUG] [39;1msnarkJS[0m: betaTauG1: fft 9 join  7/9  3/4 2/4
[36;22m[DEBUG] [39;1msnarkJS[0m: betaTauG1: fft  9  join: 8/9
[36;22m[DEBUG] [39;1msnarkJS[0m: betaTauG1: fft 9 join  8/9  2/2 0/8
[36;22m[DEBUG] [39;1msnarkJS[0m: betaTauG1: fft 9 join  8/9  1/2 1/8
[36;22m[DEBUG] [39;1msnarkJS[0m: betaTauG1: fft 9 join  8/9  1/2 0/8
[36;22m[DEBUG] [39;1msnarkJS[0m: betaTauG1: fft 9 join  8/9  2/2 1/8
[36;22m[DEBUG] [39;1msnarkJS[0m: betaTauG1: fft 9 join  8/9  1/2 3/8
[36;22m[DEBUG] [39;1msnarkJS[0m: betaTauG1: fft 9 join  8/9  2/2 6/8
[36;22m[DEBUG] [39;1msnarkJS[0m: betaTauG1: fft 9 join  8/9  2/2 7/8
[36;22m[DEBUG] [39;1msnarkJS[0m: betaTauG1: fft 9 join  8/9  2/2 3/8
[36;22m[DEBUG] [39;1msnarkJS[0m: betaTauG1: fft 9 join  8/9  2/2 5/8
[36;22m[DEBUG] [39;1msnarkJS[0m: betaTauG1: fft 9 join  8/9  1/2 7/8
[36;22m[DEBUG] [39;1msnarkJS[0m: betaTauG1: fft 9 join  8/9  1/2 4/8
[36;22m[DEBUG] [39;1msnarkJS[0m: betaTauG1: fft 9 join  8/9  1/2 2/8
[36;22m[DEBUG] [39;1msnarkJS[0m: betaTauG1: fft 9 join  8/9  1/2 5/8
[36;22m[DEBUG] [39;1msnarkJS[0m: betaTauG1: fft 9 join  8/9  1/2 6/8
[36;22m[DEBUG] [39;1msnarkJS[0m: betaTauG1: fft 9 join  8/9  2/2 4/8
[36;22m[DEBUG] [39;1msnarkJS[0m: betaTauG1: fft 9 join  8/9  2/2 2/8
[36;22m[DEBUG] [39;1msnarkJS[0m: betaTauG1: fft  9  join: 9/9
[36;22m[DEBUG] [39;1msnarkJS[0m: betaTauG1: fft 9 join  9/9  1/1 0/16
[36;22m[DEBUG] [39;1msnarkJS[0m: betaTauG1: fft 9 join  9/9  1/1 1/16
[36;22m[DEBUG] [39;1msnarkJS[0m: betaTauG1: fft 9 join  9/9  1/1 11/16
[36;22m[DEBUG] [39;1msnarkJS[0m: betaTauG1: fft 9 join  9/9  1/1 15/16
[36;22m[DEBUG] [39;1msnarkJS[0m: betaTauG1: fft 9 join  9/9  1/1 9/16
[36;22m[DEBUG] [39;1msnarkJS[0m: betaTauG1: fft 9 join  9/9  1/1 3/16
[36;22m[DEBUG] [39;1msnarkJS[0m: betaTauG1: fft 9 join  9/9  1/1 13/16
[36;22m[DEBUG] [39;1msnarkJS[0m: betaTauG1: fft 9 join  9/9  1/1 14/16
[36;22m[DEBUG] [39;1msnarkJS[0m: betaTauG1: fft 9 join  9/9  1/1 7/16
[36;22m[DEBUG] [39;1msnarkJS[0m: betaTauG1: fft 9 join  9/9  1/1 8/16
[36;22m[DEBUG] [39;1msnarkJS[0m: betaTauG1: fft 9 join  9/9  1/1 4/16
[36;22m[DEBUG] [39;1msnarkJS[0m: betaTauG1: fft 9 join  9/9  1/1 5/16
[36;22m[DEBUG] [39;1msnarkJS[0m: betaTauG1: fft 9 join  9/9  1/1 10/16
[36;22m[DEBUG] [39;1msnarkJS[0m: betaTauG1: fft 9 join  9/9  1/1 12/16
[36;22m[DEBUG] [39;1msnarkJS[0m: betaTauG1: fft 9 join  9/9  1/1 2/16
[36;22m[DEBUG] [39;1msnarkJS[0m: betaTauG1: fft 9 join  9/9  1/1 6/16
[36;22m[DEBUG] [39;1msnarkJS[0m: betaTauG1: fft 10 mix start: 0/32
[36;22m[DEBUG] [39;1msnarkJS[0m: betaTauG1: fft 10 mix start: 1/32
[36;22m[DEBUG] [39;1msnarkJS[0m: betaTauG1: fft 10 mix start: 2/32
[36;22m[DEBUG] [39;1msnarkJS[0m: betaTauG1: fft 10 mix start: 3/32
[36;22m[DEBUG] [39;1msnarkJS[0m: betaTauG1: fft 10 mix start: 4/32
[36;22m[DEBUG] [39;1msnarkJS[0m: betaTauG1: fft 10 mix start: 5/32
[36;22m[DEBUG] [39;1msnarkJS[0m: betaTauG1: fft 10 mix start: 6/32
[36;22m[DEBUG] [39;1msnarkJS[0m: betaTauG1: fft 10 mix start: 7/32
[36;22m[DEBUG] [39;1msnarkJS[0m: betaTauG1: fft 10 mix start: 8/32
[36;22m[DEBUG] [39;1msnarkJS[0m: betaTauG1: fft 10 mix start: 9/32
[36;22m[DEBUG] [39;1msnarkJS[0m: betaTauG1: fft 10 mix start: 10/32
[36;22m[DEBUG] [39;1msnarkJS[0m: betaTauG1: fft 10 mix start: 11/32
[36;22m[DEBUG] [39;1msnarkJS[0m: betaTauG1: fft 10 mix start: 12/32
[36;22m[DEBUG] [39;1msnarkJS[0m: betaTauG1: fft 10 mix start: 13/32
[36;22m[DEBUG] [39;1msnarkJS[0m: betaTauG1: fft 10 mix start: 14/32
[36;22m[DEBUG] [39;1msnarkJS[0m: betaTauG1: fft 10 mix start: 15/32
[36;22m[DEBUG] [39;1msnarkJS[0m: betaTauG1: fft 10 mix start: 16/32
[36;22m[DEBUG] [39;1msnarkJS[0m: betaTauG1: fft 10 mix start: 17/32
[36;22m[DEBUG] [39;1msnarkJS[0m: betaTauG1: fft 10 mix start: 18/32
[36;22m[DEBUG] [39;1msnarkJS[0m: betaTauG1: fft 10 mix start: 19/32
[36;22m[DEBUG] [39;1msnarkJS[0m: betaTauG1: fft 10 mix start: 20/32
[36;22m[DEBUG] [39;1msnarkJS[0m: betaTauG1: fft 10 mix start: 21/32
[36;22m[DEBUG] [39;1msnarkJS[0m: betaTauG1: fft 10 mix start: 22/32
[36;22m[DEBUG] [39;1msnarkJS[0m: betaTauG1: fft 10 mix start: 23/32
[36;22m[DEBUG] [39;1msnarkJS[0m: betaTauG1: fft 10 mix start: 24/32
[36;22m[DEBUG] [39;1msnarkJS[0m: betaTauG1: fft 10 mix start: 25/32
[36;22m[DEBUG] [39;1msnarkJS[0m: betaTauG1: fft 10 mix start: 26/32
[36;22m[DEBUG] [39;1msnarkJS[0m: betaTauG1: fft 10 mix start: 27/32
[36;22m[DEBUG] [39;1msnarkJS[0m: betaTauG1: fft 10 mix start: 28/32
[36;22m[DEBUG] [39;1msnarkJS[0m: betaTauG1: fft 10 mix start: 29/32
[36;22m[DEBUG] [39;1msnarkJS[0m: betaTauG1: fft 10 mix start: 30/32
[36;22m[DEBUG] [39;1msnarkJS[0m: betaTauG1: fft 10 mix start: 31/32
[36;22m[DEBUG] [39;1msnarkJS[0m: betaTauG1: fft 10 mix end: 0/32
[36;22m[DEBUG] [39;1msnarkJS[0m: betaTauG1: fft 10 mix end: 1/32
[36;22m[DEBUG] [39;1msnarkJS[0m: betaTauG1: fft 10 mix end: 3/32
[36;22m[DEBUG] [39;1msnarkJS[0m: betaTauG1: fft 10 mix end: 7/32
[36;22m[DEBUG] [39;1msnarkJS[0m: betaTauG1: fft 10 mix end: 9/32
[36;22m[DEBUG] [39;1msnarkJS[0m: betaTauG1: fft 10 mix end: 11/32
[36;22m[DEBUG] [39;1msnarkJS[0m: betaTauG1: fft 10 mix end: 13/32
[36;22m[DEBUG] [39;1msnarkJS[0m: betaTauG1: fft 10 mix end: 15/32
[36;22m[DEBUG] [39;1msnarkJS[0m: betaTauG1: fft 10 mix end: 18/32
[36;22m[DEBUG] [39;1msnarkJS[0m: betaTauG1: fft 10 mix end: 19/32
[36;22m[DEBUG] [39;1msnarkJS[0m: betaTauG1: fft 10 mix end: 25/32
[36;22m[DEBUG] [39;1msnarkJS[0m: betaTauG1: fft 10 mix end: 26/32
[36;22m[DEBUG] [39;1msnarkJS[0m: betaTauG1: fft 10 mix end: 31/32
[36;22m[DEBUG] [39;1msnarkJS[0m: betaTauG1: fft 10 mix end: 2/32
[36;22m[DEBUG] [39;1msnarkJS[0m: betaTauG1: fft 10 mix end: 5/32
[36;22m[DEBUG] [39;1msnarkJS[0m: betaTauG1: fft 10 mix end: 6/32
[36;22m[DEBUG] [39;1msnarkJS[0m: betaTauG1: fft 10 mix end: 4/32
[36;22m[DEBUG] [39;1msnarkJS[0m: betaTauG1: fft 10 mix end: 16/32
[36;22m[DEBUG] [39;1msnarkJS[0m: betaTauG1: fft 10 mix end: 21/32
[36;22m[DEBUG] [39;1msnarkJS[0m: betaTauG1: fft 10 mix end: 14/32
[36;22m[DEBUG] [39;1msnarkJS[0m: betaTauG1: fft 10 mix end: 24/32
[36;22m[DEBUG] [39;1msnarkJS[0m: betaTauG1: fft 10 mix end: 30/32
[36;22m[DEBUG] [39;1msnarkJS[0m: betaTauG1: fft 10 mix end: 27/32
[36;22m[DEBUG] [39;1msnarkJS[0m: betaTauG1: fft 10 mix end: 22/32
[36;22m[DEBUG] [39;1msnarkJS[0m: betaTauG1: fft 10 mix end: 23/32
[36;22m[DEBUG] [39;1msnarkJS[0m: betaTauG1: fft 10 mix end: 28/32
[36;22m[DEBUG] [39;1msnarkJS[0m: betaTauG1: fft 10 mix end: 29/32
[36;22m[DEBUG] [39;1msnarkJS[0m: betaTauG1: fft 10 mix end: 8/32
[36;22m[DEBUG] [39;1msnarkJS[0m: betaTauG1: fft 10 mix end: 10/32
[36;22m[DEBUG] [39;1msnarkJS[0m: betaTauG1: fft 10 mix end: 17/32
[36;22m[DEBUG] [39;1msnarkJS[0m: betaTauG1: fft 10 mix end: 12/32
[36;22m[DEBUG] [39;1msnarkJS[0m: betaTauG1: fft 10 mix end: 20/32
[36;22m[DEBUG] [39;1msnarkJS[0m: betaTauG1: fft  10  join: 6/10
[36;22m[DEBUG] [39;1msnarkJS[0m: betaTauG1: fft 10 join  6/10  1/16 0/1
[36;22m[DEBUG] [39;1msnarkJS[0m: betaTauG1: fft 10 join  6/10  2/16 0/1
[36;22m[DEBUG] [39;1msnarkJS[0m: betaTauG1: fft 10 join  6/10  3/16 0/1
[36;22m[DEBUG] [39;1msnarkJS[0m: betaTauG1: fft 10 join  6/10  4/16 0/1
[36;22m[DEBUG] [39;1msnarkJS[0m: betaTauG1: fft 10 join  6/10  7/16 0/1
[36;22m[DEBUG] [39;1msnarkJS[0m: betaTauG1: fft 10 join  6/10  8/16 0/1
[36;22m[DEBUG] [39;1msnarkJS[0m: betaTauG1: fft 10 join  6/10  9/16 0/1
[36;22m[DEBUG] [39;1msnarkJS[0m: betaTauG1: fft 10 join  6/10  14/16 0/1
[36;22m[DEBUG] [39;1msnarkJS[0m: betaTauG1: fft 10 join  6/10  6/16 0/1
[36;22m[DEBUG] [39;1msnarkJS[0m: betaTauG1: fft 10 join  6/10  11/16 0/1
[36;22m[DEBUG] [39;1msnarkJS[0m: betaTauG1: fft 10 join  6/10  12/16 0/1
[36;22m[DEBUG] [39;1msnarkJS[0m: betaTauG1: fft 10 join  6/10  10/16 0/1
[36;22m[DEBUG] [39;1msnarkJS[0m: betaTauG1: fft 10 join  6/10  16/16 0/1
[36;22m[DEBUG] [39;1msnarkJS[0m: betaTauG1: fft 10 join  6/10  15/16 0/1
[36;22m[DEBUG] [39;1msnarkJS[0m: betaTauG1: fft 10 join  6/10  5/16 0/1
[36;22m[DEBUG] [39;1msnarkJS[0m: betaTauG1: fft 10 join  6/10  13/16 0/1
[36;22m[DEBUG] [39;1msnarkJS[0m: betaTauG1: fft  10  join: 7/10
[36;22m[DEBUG] [39;1msnarkJS[0m: betaTauG1: fft 10 join  7/10  2/8 0/2
[36;22m[DEBUG] [39;1msnarkJS[0m: betaTauG1: fft 10 join  7/10  1/8 0/2
[36;22m[DEBUG] [39;1msnarkJS[0m: betaTauG1: fft 10 join  7/10  1/8 1/2
[36;22m[DEBUG] [39;1msnarkJS[0m: betaTauG1: fft 10 join  7/10  2/8 1/2
[36;22m[DEBUG] [39;1msnarkJS[0m: betaTauG1: fft 10 join  7/10  4/8 0/2
[36;22m[DEBUG] [39;1msnarkJS[0m: betaTauG1: fft 10 join  7/10  5/8 0/2
[36;22m[DEBUG] [39;1msnarkJS[0m: betaTauG1: fft 10 join  7/10  8/8 0/2
[36;22m[DEBUG] [39;1msnarkJS[0m: betaTauG1: fft 10 join  7/10  4/8 1/2
[36;22m[DEBUG] [39;1msnarkJS[0m: betaTauG1: fft 10 join  7/10  3/8 1/2
[36;22m[DEBUG] [39;1msnarkJS[0m: betaTauG1: fft 10 join  7/10  6/8 0/2
[36;22m[DEBUG] [39;1msnarkJS[0m: betaTauG1: fft 10 join  7/10  5/8 1/2
[36;22m[DEBUG] [39;1msnarkJS[0m: betaTauG1: fft 10 join  7/10  6/8 1/2
[36;22m[DEBUG] [39;1msnarkJS[0m: betaTauG1: fft 10 join  7/10  8/8 1/2
[36;22m[DEBUG] [39;1msnarkJS[0m: betaTauG1: fft 10 join  7/10  7/8 1/2
[36;22m[DEBUG] [39;1msnarkJS[0m: betaTauG1: fft 10 join  7/10  3/8 0/2
[36;22m[DEBUG] [39;1msnarkJS[0m: betaTauG1: fft 10 join  7/10  7/8 0/2
[36;22m[DEBUG] [39;1msnarkJS[0m: betaTauG1: fft  10  join: 8/10
[36;22m[DEBUG] [39;1msnarkJS[0m: betaTauG1: fft 10 join  8/10  3/4 0/4
[36;22m[DEBUG] [39;1msnarkJS[0m: betaTauG1: fft 10 join  8/10  1/4 0/4
[36;22m[DEBUG] [39;1msnarkJS[0m: betaTauG1: fft 10 join  8/10  1/4 2/4
[36;22m[DEBUG] [39;1msnarkJS[0m: betaTauG1: fft 10 join  8/10  2/4 2/4
[36;22m[DEBUG] [39;1msnarkJS[0m: betaTauG1: fft 10 join  8/10  3/4 2/4
[36;22m[DEBUG] [39;1msnarkJS[0m: betaTauG1: fft 10 join  8/10  1/4 1/4
[36;22m[DEBUG] [39;1msnarkJS[0m: betaTauG1: fft 10 join  8/10  1/4 3/4
[36;22m[DEBUG] [39;1msnarkJS[0m: betaTauG1: fft 10 join  8/10  2/4 1/4
[36;22m[DEBUG] [39;1msnarkJS[0m: betaTauG1: fft 10 join  8/10  3/4 1/4
[36;22m[DEBUG] [39;1msnarkJS[0m: betaTauG1: fft 10 join  8/10  4/4 3/4
[36;22m[DEBUG] [39;1msnarkJS[0m: betaTauG1: fft 10 join  8/10  2/4 3/4
[36;22m[DEBUG] [39;1msnarkJS[0m: betaTauG1: fft 10 join  8/10  3/4 3/4
[36;22m[DEBUG] [39;1msnarkJS[0m: betaTauG1: fft 10 join  8/10  4/4 2/4
[36;22m[DEBUG] [39;1msnarkJS[0m: betaTauG1: fft 10 join  8/10  4/4 1/4
[36;22m[DEBUG] [39;1msnarkJS[0m: betaTauG1: fft 10 join  8/10  2/4 0/4
[36;22m[DEBUG] [39;1msnarkJS[0m: betaTauG1: fft 10 join  8/10  4/4 0/4
[36;22m[DEBUG] [39;1msnarkJS[0m: betaTauG1: fft  10  join: 9/10
[36;22m[DEBUG] [39;1msnarkJS[0m: betaTauG1: fft 10 join  9/10  2/2 0/8
[36;22m[DEBUG] [39;1msnarkJS[0m: betaTauG1: fft 10 join  9/10  1/2 0/8
[36;22m[DEBUG] [39;1msnarkJS[0m: betaTauG1: fft 10 join  9/10  1/2 5/8
[36;22m[DEBUG] [39;1msnarkJS[0m: betaTauG1: fft 10 join  9/10  1/2 6/8
[36;22m[DEBUG] [39;1msnarkJS[0m: betaTauG1: fft 10 join  9/10  2/2 2/8
[36;22m[DEBUG] [39;1msnarkJS[0m: betaTauG1: fft 10 join  9/10  1/2 1/8
[36;22m[DEBUG] [39;1msnarkJS[0m: betaTauG1: fft 10 join  9/10  1/2 2/8
[36;22m[DEBUG] [39;1msnarkJS[0m: betaTauG1: fft 10 join  9/10  1/2 3/8
[36;22m[DEBUG] [39;1msnarkJS[0m: betaTauG1: fft 10 join  9/10  1/2 7/8
[36;22m[DEBUG] [39;1msnarkJS[0m: betaTauG1: fft 10 join  9/10  2/2 3/8
[36;22m[DEBUG] [39;1msnarkJS[0m: betaTauG1: fft 10 join  9/10  2/2 5/8
[36;22m[DEBUG] [39;1msnarkJS[0m: betaTauG1: fft 10 join  9/10  2/2 7/8
[36;22m[DEBUG] [39;1msnarkJS[0m: betaTauG1: fft 10 join  9/10  2/2 1/8
[36;22m[DEBUG] [39;1msnarkJS[0m: betaTauG1: fft 10 join  9/10  2/2 6/8
[36;22m[DEBUG] [39;1msnarkJS[0m: betaTauG1: fft 10 join  9/10  1/2 4/8
[36;22m[DEBUG] [39;1msnarkJS[0m: betaTauG1: fft 10 join  9/10  2/2 4/8
[36;22m[DEBUG] [39;1msnarkJS[0m: betaTauG1: fft  10  join: 10/10
[36;22m[DEBUG] [39;1msnarkJS[0m: betaTauG1: fft 10 join  10/10  1/1 0/16
[36;22m[DEBUG] [39;1msnarkJS[0m: betaTauG1: fft 10 join  10/10  1/1 1/16
[36;22m[DEBUG] [39;1msnarkJS[0m: betaTauG1: fft 10 join  10/10  1/1 2/16
[36;22m[DEBUG] [39;1msnarkJS[0m: betaTauG1: fft 10 join  10/10  1/1 9/16
[36;22m[DEBUG] [39;1msnarkJS[0m: betaTauG1: fft 10 join  10/10  1/1 3/16
[36;22m[DEBUG] [39;1msnarkJS[0m: betaTauG1: fft 10 join  10/10  1/1 11/16
[36;22m[DEBUG] [39;1msnarkJS[0m: betaTauG1: fft 10 join  10/10  1/1 6/16
[36;22m[DEBUG] [39;1msnarkJS[0m: betaTauG1: fft 10 join  10/10  1/1 10/16
[36;22m[DEBUG] [39;1msnarkJS[0m: betaTauG1: fft 10 join  10/10  1/1 5/16
[36;22m[DEBUG] [39;1msnarkJS[0m: betaTauG1: fft 10 join  10/10  1/1 13/16
[36;22m[DEBUG] [39;1msnarkJS[0m: betaTauG1: fft 10 join  10/10  1/1 7/16
[36;22m[DEBUG] [39;1msnarkJS[0m: betaTauG1: fft 10 join  10/10  1/1 14/16
[36;22m[DEBUG] [39;1msnarkJS[0m: betaTauG1: fft 10 join  10/10  1/1 15/16
[36;22m[DEBUG] [39;1msnarkJS[0m: betaTauG1: fft 10 join  10/10  1/1 8/16
[36;22m[DEBUG] [39;1msnarkJS[0m: betaTauG1: fft 10 join  10/10  1/1 4/16
[36;22m[DEBUG] [39;1msnarkJS[0m: betaTauG1: fft 10 join  10/10  1/1 12/16
[36;22m[DEBUG] [39;1msnarkJS[0m: betaTauG1: fft 11 mix start: 0/32
[36;22m[DEBUG] [39;1msnarkJS[0m: betaTauG1: fft 11 mix start: 1/32
[36;22m[DEBUG] [39;1msnarkJS[0m: betaTauG1: fft 11 mix start: 2/32
[36;22m[DEBUG] [39;1msnarkJS[0m: betaTauG1: fft 11 mix start: 3/32
[36;22m[DEBUG] [39;1msnarkJS[0m: betaTauG1: fft 11 mix start: 4/32
[36;22m[DEBUG] [39;1msnarkJS[0m: betaTauG1: fft 11 mix start: 5/32
[36;22m[DEBUG] [39;1msnarkJS[0m: betaTauG1: fft 11 mix start: 6/32
[36;22m[DEBUG] [39;1msnarkJS[0m: betaTauG1: fft 11 mix start: 7/32
[36;22m[DEBUG] [39;1msnarkJS[0m: betaTauG1: fft 11 mix start: 8/32
[36;22m[DEBUG] [39;1msnarkJS[0m: betaTauG1: fft 11 mix start: 9/32
[36;22m[DEBUG] [39;1msnarkJS[0m: betaTauG1: fft 11 mix start: 10/32
[36;22m[DEBUG] [39;1msnarkJS[0m: betaTauG1: fft 11 mix start: 11/32
[36;22m[DEBUG] [39;1msnarkJS[0m: betaTauG1: fft 11 mix start: 12/32
[36;22m[DEBUG] [39;1msnarkJS[0m: betaTauG1: fft 11 mix start: 13/32
[36;22m[DEBUG] [39;1msnarkJS[0m: betaTauG1: fft 11 mix start: 14/32
[36;22m[DEBUG] [39;1msnarkJS[0m: betaTauG1: fft 11 mix start: 15/32
[36;22m[DEBUG] [39;1msnarkJS[0m: betaTauG1: fft 11 mix start: 16/32
[36;22m[DEBUG] [39;1msnarkJS[0m: betaTauG1: fft 11 mix start: 17/32
[36;22m[DEBUG] [39;1msnarkJS[0m: betaTauG1: fft 11 mix start: 18/32
[36;22m[DEBUG] [39;1msnarkJS[0m: betaTauG1: fft 11 mix start: 19/32
[36;22m[DEBUG] [39;1msnarkJS[0m: betaTauG1: fft 11 mix start: 20/32
[36;22m[DEBUG] [39;1msnarkJS[0m: betaTauG1: fft 11 mix start: 21/32
[36;22m[DEBUG] [39;1msnarkJS[0m: betaTauG1: fft 11 mix start: 22/32
[36;22m[DEBUG] [39;1msnarkJS[0m: betaTauG1: fft 11 mix start: 23/32
[36;22m[DEBUG] [39;1msnarkJS[0m: betaTauG1: fft 11 mix start: 24/32
[36;22m[DEBUG] [39;1msnarkJS[0m: betaTauG1: fft 11 mix start: 25/32
[36;22m[DEBUG] [39;1msnarkJS[0m: betaTauG1: fft 11 mix start: 26/32
[36;22m[DEBUG] [39;1msnarkJS[0m: betaTauG1: fft 11 mix start: 27/32
[36;22m[DEBUG] [39;1msnarkJS[0m: betaTauG1: fft 11 mix start: 28/32
[36;22m[DEBUG] [39;1msnarkJS[0m: betaTauG1: fft 11 mix start: 29/32
[36;22m[DEBUG] [39;1msnarkJS[0m: betaTauG1: fft 11 mix start: 30/32
[36;22m[DEBUG] [39;1msnarkJS[0m: betaTauG1: fft 11 mix start: 31/32
[36;22m[DEBUG] [39;1msnarkJS[0m: betaTauG1: fft 11 mix end: 1/32
[36;22m[DEBUG] [39;1msnarkJS[0m: betaTauG1: fft 11 mix end: 3/32
[36;22m[DEBUG] [39;1msnarkJS[0m: betaTauG1: fft 11 mix end: 0/32
[36;22m[DEBUG] [39;1msnarkJS[0m: betaTauG1: fft 11 mix end: 6/32
[36;22m[DEBUG] [39;1msnarkJS[0m: betaTauG1: fft 11 mix end: 11/32
[36;22m[DEBUG] [39;1msnarkJS[0m: betaTauG1: fft 11 mix end: 7/32
[36;22m[DEBUG] [39;1msnarkJS[0m: betaTauG1: fft 11 mix end: 9/32
[36;22m[DEBUG] [39;1msnarkJS[0m: betaTauG1: fft 11 mix end: 13/32
[36;22m[DEBUG] [39;1msnarkJS[0m: betaTauG1: fft 11 mix end: 18/32
[36;22m[DEBUG] [39;1msnarkJS[0m: betaTauG1: fft 11 mix end: 25/32
[36;22m[DEBUG] [39;1msnarkJS[0m: betaTauG1: fft 11 mix end: 19/32
[36;22m[DEBUG] [39;1msnarkJS[0m: betaTauG1: fft 11 mix end: 31/32
[36;22m[DEBUG] [39;1msnarkJS[0m: betaTauG1: fft 11 mix end: 15/32
[36;22m[DEBUG] [39;1msnarkJS[0m: betaTauG1: fft 11 mix end: 2/32
[36;22m[DEBUG] [39;1msnarkJS[0m: betaTauG1: fft 11 mix end: 4/32
[36;22m[DEBUG] [39;1msnarkJS[0m: betaTauG1: fft 11 mix end: 5/32
[36;22m[DEBUG] [39;1msnarkJS[0m: betaTauG1: fft 11 mix end: 12/32
[36;22m[DEBUG] [39;1msnarkJS[0m: betaTauG1: fft 11 mix end: 24/32
[36;22m[DEBUG] [39;1msnarkJS[0m: betaTauG1: fft 11 mix end: 27/32
[36;22m[DEBUG] [39;1msnarkJS[0m: betaTauG1: fft 11 mix end: 14/32
[36;22m[DEBUG] [39;1msnarkJS[0m: betaTauG1: fft 11 mix end: 20/32
[36;22m[DEBUG] [39;1msnarkJS[0m: betaTauG1: fft 11 mix end: 21/32
[36;22m[DEBUG] [39;1msnarkJS[0m: betaTauG1: fft 11 mix end: 22/32
[36;22m[DEBUG] [39;1msnarkJS[0m: betaTauG1: fft 11 mix end: 26/32
[36;22m[DEBUG] [39;1msnarkJS[0m: betaTauG1: fft 11 mix end: 29/32
[36;22m[DEBUG] [39;1msnarkJS[0m: betaTauG1: fft 11 mix end: 30/32
[36;22m[DEBUG] [39;1msnarkJS[0m: betaTauG1: fft 11 mix end: 17/32
[36;22m[DEBUG] [39;1msnarkJS[0m: betaTauG1: fft 11 mix end: 8/32
[36;22m[DEBUG] [39;1msnarkJS[0m: betaTauG1: fft 11 mix end: 23/32
[36;22m[DEBUG] [39;1msnarkJS[0m: betaTauG1: fft 11 mix end: 10/32
[36;22m[DEBUG] [39;1msnarkJS[0m: betaTauG1: fft 11 mix end: 28/32
[36;22m[DEBUG] [39;1msnarkJS[0m: betaTauG1: fft 11 mix end: 16/32
[36;22m[DEBUG] [39;1msnarkJS[0m: betaTauG1: fft  11  join: 7/11
[36;22m[DEBUG] [39;1msnarkJS[0m: betaTauG1: fft 11 join  7/11  1/16 0/1
[36;22m[DEBUG] [39;1msnarkJS[0m: betaTauG1: fft 11 join  7/11  2/16 0/1
[36;22m[DEBUG] [39;1msnarkJS[0m: betaTauG1: fft 11 join  7/11  3/16 0/1
[36;22m[DEBUG] [39;1msnarkJS[0m: betaTauG1: fft 11 join  7/11  6/16 0/1
[36;22m[DEBUG] [39;1msnarkJS[0m: betaTauG1: fft 11 join  7/11  7/16 0/1
[36;22m[DEBUG] [39;1msnarkJS[0m: betaTauG1: fft 11 join  7/11  4/16 0/1
[36;22m[DEBUG] [39;1msnarkJS[0m: betaTauG1: fft 11 join  7/11  12/16 0/1
[36;22m[DEBUG] [39;1msnarkJS[0m: betaTauG1: fft 11 join  7/11  9/16 0/1
[36;22m[DEBUG] [39;1msnarkJS[0m: betaTauG1: fft 11 join  7/11  11/16 0/1
[36;22m[DEBUG] [39;1msnarkJS[0m: betaTauG1: fft 11 join  7/11  16/16 0/1
[36;22m[DEBUG] [39;1msnarkJS[0m: betaTauG1: fft 11 join  7/11  14/16 0/1
[36;22m[DEBUG] [39;1msnarkJS[0m: betaTauG1: fft 11 join  7/11  8/16 0/1
[36;22m[DEBUG] [39;1msnarkJS[0m: betaTauG1: fft 11 join  7/11  5/16 0/1
[36;22m[DEBUG] [39;1msnarkJS[0m: betaTauG1: fft 11 join  7/11  13/16 0/1
[36;22m[DEBUG] [39;1msnarkJS[0m: betaTauG1: fft 11 join  7/11  10/16 0/1
[36;22m[DEBUG] [39;1msnarkJS[0m: betaTauG1: fft 11 join  7/11  15/16 0/1
[36;22m[DEBUG] [39;1msnarkJS[0m: betaTauG1: fft  11  join: 8/11
[36;22m[DEBUG] [39;1msnarkJS[0m: betaTauG1: fft 11 join  8/11  5/8 0/2
[36;22m[DEBUG] [39;1msnarkJS[0m: betaTauG1: fft 11 join  8/11  2/8 0/2
[36;22m[DEBUG] [39;1msnarkJS[0m: betaTauG1: fft 11 join  8/11  4/8 0/2
[36;22m[DEBUG] [39;1msnarkJS[0m: betaTauG1: fft 11 join  8/11  6/8 0/2
[36;22m[DEBUG] [39;1msnarkJS[0m: betaTauG1: fft 11 join  8/11  1/8 0/2
[36;22m[DEBUG] [39;1msnarkJS[0m: betaTauG1: fft 11 join  8/11  1/8 1/2
[36;22m[DEBUG] [39;1msnarkJS[0m: betaTauG1: fft 11 join  8/11  2/8 1/2
[36;22m[DEBUG] [39;1msnarkJS[0m: betaTauG1: fft 11 join  8/11  3/8 1/2
[36;22m[DEBUG] [39;1msnarkJS[0m: betaTauG1: fft 11 join  8/11  4/8 1/2
[36;22m[DEBUG] [39;1msnarkJS[0m: betaTauG1: fft 11 join  8/11  7/8 1/2
[36;22m[DEBUG] [39;1msnarkJS[0m: betaTauG1: fft 11 join  8/11  6/8 1/2
[36;22m[DEBUG] [39;1msnarkJS[0m: betaTauG1: fft 11 join  8/11  8/8 1/2
[36;22m[DEBUG] [39;1msnarkJS[0m: betaTauG1: fft 11 join  8/11  5/8 1/2
[36;22m[DEBUG] [39;1msnarkJS[0m: betaTauG1: fft 11 join  8/11  8/8 0/2
[36;22m[DEBUG] [39;1msnarkJS[0m: betaTauG1: fft 11 join  8/11  3/8 0/2
[36;22m[DEBUG] [39;1msnarkJS[0m: betaTauG1: fft 11 join  8/11  7/8 0/2
[36;22m[DEBUG] [39;1msnarkJS[0m: betaTauG1: fft  11  join: 9/11
[36;22m[DEBUG] [39;1msnarkJS[0m: betaTauG1: fft 11 join  9/11  1/4 2/4
[36;22m[DEBUG] [39;1msnarkJS[0m: betaTauG1: fft 11 join  9/11  1/4 3/4
[36;22m[DEBUG] [39;1msnarkJS[0m: betaTauG1: fft 11 join  9/11  2/4 3/4
[36;22m[DEBUG] [39;1msnarkJS[0m: betaTauG1: fft 11 join  9/11  1/4 1/4
[36;22m[DEBUG] [39;1msnarkJS[0m: betaTauG1: fft 11 join  9/11  1/4 0/4
[36;22m[DEBUG] [39;1msnarkJS[0m: betaTauG1: fft 11 join  9/11  3/4 2/4
[36;22m[DEBUG] [39;1msnarkJS[0m: betaTauG1: fft 11 join  9/11  3/4 3/4
[36;22m[DEBUG] [39;1msnarkJS[0m: betaTauG1: fft 11 join  9/11  3/4 0/4
[36;22m[DEBUG] [39;1msnarkJS[0m: betaTauG1: fft 11 join  9/11  3/4 1/4
[36;22m[DEBUG] [39;1msnarkJS[0m: betaTauG1: fft 11 join  9/11  4/4 1/4
[36;22m[DEBUG] [39;1msnarkJS[0m: betaTauG1: fft 11 join  9/11  4/4 2/4
[36;22m[DEBUG] [39;1msnarkJS[0m: betaTauG1: fft 11 join  9/11  2/4 2/4
[36;22m[DEBUG] [39;1msnarkJS[0m: betaTauG1: fft 11 join  9/11  2/4 1/4
[36;22m[DEBUG] [39;1msnarkJS[0m: betaTauG1: fft 11 join  9/11  4/4 3/4
[36;22m[DEBUG] [39;1msnarkJS[0m: betaTauG1: fft 11 join  9/11  2/4 0/4
[36;22m[DEBUG] [39;1msnarkJS[0m: betaTauG1: fft 11 join  9/11  4/4 0/4
[36;22m[DEBUG] [39;1msnarkJS[0m: betaTauG1: fft  11  join: 10/11
[36;22m[DEBUG] [39;1msnarkJS[0m: betaTauG1: fft 11 join  10/11  1/2 0/8
[36;22m[DEBUG] [39;1msnarkJS[0m: betaTauG1: fft 11 join  10/11  2/2 0/8
[36;22m[DEBUG] [39;1msnarkJS[0m: betaTauG1: fft 11 join  10/11  1/2 2/8
[36;22m[DEBUG] [39;1msnarkJS[0m: betaTauG1: fft 11 join  10/11  1/2 1/8
[36;22m[DEBUG] [39;1msnarkJS[0m: betaTauG1: fft 11 join  10/11  1/2 3/8
[36;22m[DEBUG] [39;1msnarkJS[0m: betaTauG1: fft 11 join  10/11  1/2 6/8
[36;22m[DEBUG] [39;1msnarkJS[0m: betaTauG1: fft 11 join  10/11  2/2 2/8
[36;22m[DEBUG] [39;1msnarkJS[0m: betaTauG1: fft 11 join  10/11  2/2 3/8
[36;22m[DEBUG] [39;1msnarkJS[0m: betaTauG1: fft 11 join  10/11  1/2 5/8
[36;22m[DEBUG] [39;1msnarkJS[0m: betaTauG1: fft 11 join  10/11  2/2 1/8
[36;22m[DEBUG] [39;1msnarkJS[0m: betaTauG1: fft 11 join  10/11  2/2 7/8
[36;22m[DEBUG] [39;1msnarkJS[0m: betaTauG1: fft 11 join  10/11  2/2 6/8
[36;22m[DEBUG] [39;1msnarkJS[0m: betaTauG1: fft 11 join  10/11  1/2 7/8
[36;22m[DEBUG] [39;1msnarkJS[0m: betaTauG1: fft 11 join  10/11  2/2 5/8
[36;22m[DEBUG] [39;1msnarkJS[0m: betaTauG1: fft 11 join  10/11  1/2 4/8
[36;22m[DEBUG] [39;1msnarkJS[0m: betaTauG1: fft 11 join  10/11  2/2 4/8
[36;22m[DEBUG] [39;1msnarkJS[0m: betaTauG1: fft  11  join: 11/11
[36;22m[DEBUG] [39;1msnarkJS[0m: betaTauG1: fft 11 join  11/11  1/1 0/16
[36;22m[DEBUG] [39;1msnarkJS[0m: betaTauG1: fft 11 join  11/11  1/1 10/16
[36;22m[DEBUG] [39;1msnarkJS[0m: betaTauG1: fft 11 join  11/11  1/1 1/16
[36;22m[DEBUG] [39;1msnarkJS[0m: betaTauG1: fft 11 join  11/11  1/1 2/16
[36;22m[DEBUG] [39;1msnarkJS[0m: betaTauG1: fft 11 join  11/11  1/1 9/16
[36;22m[DEBUG] [39;1msnarkJS[0m: betaTauG1: fft 11 join  11/11  1/1 3/16
[36;22m[DEBUG] [39;1msnarkJS[0m: betaTauG1: fft 11 join  11/11  1/1 11/16
[36;22m[DEBUG] [39;1msnarkJS[0m: betaTauG1: fft 11 join  11/11  1/1 6/16
[36;22m[DEBUG] [39;1msnarkJS[0m: betaTauG1: fft 11 join  11/11  1/1 8/16
[36;22m[DEBUG] [39;1msnarkJS[0m: betaTauG1: fft 11 join  11/11  1/1 13/16
[36;22m[DEBUG] [39;1msnarkJS[0m: betaTauG1: fft 11 join  11/11  1/1 15/16
[36;22m[DEBUG] [39;1msnarkJS[0m: betaTauG1: fft 11 join  11/11  1/1 5/16
[36;22m[DEBUG] [39;1msnarkJS[0m: betaTauG1: fft 11 join  11/11  1/1 14/16
[36;22m[DEBUG] [39;1msnarkJS[0m: betaTauG1: fft 11 join  11/11  1/1 7/16
[36;22m[DEBUG] [39;1msnarkJS[0m: betaTauG1: fft 11 join  11/11  1/1 12/16
[36;22m[DEBUG] [39;1msnarkJS[0m: betaTauG1: fft 11 join  11/11  1/1 4/16
[36;22m[DEBUG] [39;1msnarkJS[0m: betaTauG1: fft 12 mix start: 0/32
[36;22m[DEBUG] [39;1msnarkJS[0m: betaTauG1: fft 12 mix start: 1/32
[36;22m[DEBUG] [39;1msnarkJS[0m: betaTauG1: fft 12 mix start: 2/32
[36;22m[DEBUG] [39;1msnarkJS[0m: betaTauG1: fft 12 mix start: 3/32
[36;22m[DEBUG] [39;1msnarkJS[0m: betaTauG1: fft 12 mix start: 4/32
[36;22m[DEBUG] [39;1msnarkJS[0m: betaTauG1: fft 12 mix start: 5/32
[36;22m[DEBUG] [39;1msnarkJS[0m: betaTauG1: fft 12 mix start: 6/32
[36;22m[DEBUG] [39;1msnarkJS[0m: betaTauG1: fft 12 mix start: 7/32
[36;22m[DEBUG] [39;1msnarkJS[0m: betaTauG1: fft 12 mix start: 8/32
[36;22m[DEBUG] [39;1msnarkJS[0m: betaTauG1: fft 12 mix start: 9/32
[36;22m[DEBUG] [39;1msnarkJS[0m: betaTauG1: fft 12 mix start: 10/32
[36;22m[DEBUG] [39;1msnarkJS[0m: betaTauG1: fft 12 mix start: 11/32
[36;22m[DEBUG] [39;1msnarkJS[0m: betaTauG1: fft 12 mix start: 12/32
[36;22m[DEBUG] [39;1msnarkJS[0m: betaTauG1: fft 12 mix start: 13/32
[36;22m[DEBUG] [39;1msnarkJS[0m: betaTauG1: fft 12 mix start: 14/32
[36;22m[DEBUG] [39;1msnarkJS[0m: betaTauG1: fft 12 mix start: 15/32
[36;22m[DEBUG] [39;1msnarkJS[0m: betaTauG1: fft 12 mix start: 16/32
[36;22m[DEBUG] [39;1msnarkJS[0m: betaTauG1: fft 12 mix start: 17/32
[36;22m[DEBUG] [39;1msnarkJS[0m: betaTauG1: fft 12 mix start: 18/32
[36;22m[DEBUG] [39;1msnarkJS[0m: betaTauG1: fft 12 mix start: 19/32
[36;22m[DEBUG] [39;1msnarkJS[0m: betaTauG1: fft 12 mix start: 20/32
[36;22m[DEBUG] [39;1msnarkJS[0m: betaTauG1: fft 12 mix start: 21/32
[36;22m[DEBUG] [39;1msnarkJS[0m: betaTauG1: fft 12 mix start: 22/32
[36;22m[DEBUG] [39;1msnarkJS[0m: betaTauG1: fft 12 mix start: 23/32
[36;22m[DEBUG] [39;1msnarkJS[0m: betaTauG1: fft 12 mix start: 24/32
[36;22m[DEBUG] [39;1msnarkJS[0m: betaTauG1: fft 12 mix start: 25/32
[36;22m[DEBUG] [39;1msnarkJS[0m: betaTauG1: fft 12 mix start: 26/32
[36;22m[DEBUG] [39;1msnarkJS[0m: betaTauG1: fft 12 mix start: 27/32
[36;22m[DEBUG] [39;1msnarkJS[0m: betaTauG1: fft 12 mix start: 28/32
[36;22m[DEBUG] [39;1msnarkJS[0m: betaTauG1: fft 12 mix start: 29/32
[36;22m[DEBUG] [39;1msnarkJS[0m: betaTauG1: fft 12 mix start: 30/32
[36;22m[DEBUG] [39;1msnarkJS[0m: betaTauG1: fft 12 mix start: 31/32
[36;22m[DEBUG] [39;1msnarkJS[0m: betaTauG1: fft 12 mix end: 1/32
[36;22m[DEBUG] [39;1msnarkJS[0m: betaTauG1: fft 12 mix end: 3/32
[36;22m[DEBUG] [39;1msnarkJS[0m: betaTauG1: fft 12 mix end: 11/32
[36;22m[DEBUG] [39;1msnarkJS[0m: betaTauG1: fft 12 mix end: 9/32
[36;22m[DEBUG] [39;1msnarkJS[0m: betaTauG1: fft 12 mix end: 15/32
[36;22m[DEBUG] [39;1msnarkJS[0m: betaTauG1: fft 12 mix end: 18/32
[36;22m[DEBUG] [39;1msnarkJS[0m: betaTauG1: fft 12 mix end: 8/32
[36;22m[DEBUG] [39;1msnarkJS[0m: betaTauG1: fft 12 mix end: 7/32
[36;22m[DEBUG] [39;1msnarkJS[0m: betaTauG1: fft 12 mix end: 19/32
[36;22m[DEBUG] [39;1msnarkJS[0m: betaTauG1: fft 12 mix end: 17/32
[36;22m[DEBUG] [39;1msnarkJS[0m: betaTauG1: fft 12 mix end: 22/32
[36;22m[DEBUG] [39;1msnarkJS[0m: betaTauG1: fft 12 mix end: 0/32
[36;22m[DEBUG] [39;1msnarkJS[0m: betaTauG1: fft 12 mix end: 4/32
[36;22m[DEBUG] [39;1msnarkJS[0m: betaTauG1: fft 12 mix end: 6/32
[36;22m[DEBUG] [39;1msnarkJS[0m: betaTauG1: fft 12 mix end: 24/32
[36;22m[DEBUG] [39;1msnarkJS[0m: betaTauG1: fft 12 mix end: 23/32
[36;22m[DEBUG] [39;1msnarkJS[0m: betaTauG1: fft 12 mix end: 27/32
[36;22m[DEBUG] [39;1msnarkJS[0m: betaTauG1: fft 12 mix end: 10/32
[36;22m[DEBUG] [39;1msnarkJS[0m: betaTauG1: fft 12 mix end: 31/32
[36;22m[DEBUG] [39;1msnarkJS[0m: betaTauG1: fft 12 mix end: 25/32
[36;22m[DEBUG] [39;1msnarkJS[0m: betaTauG1: fft 12 mix end: 14/32
[36;22m[DEBUG] [39;1msnarkJS[0m: betaTauG1: fft 12 mix end: 12/32
[36;22m[DEBUG] [39;1msnarkJS[0m: betaTauG1: fft 12 mix end: 2/32
[36;22m[DEBUG] [39;1msnarkJS[0m: betaTauG1: fft 12 mix end: 5/32
[36;22m[DEBUG] [39;1msnarkJS[0m: betaTauG1: fft 12 mix end: 28/32
[36;22m[DEBUG] [39;1msnarkJS[0m: betaTauG1: fft 12 mix end: 20/32
[36;22m[DEBUG] [39;1msnarkJS[0m: betaTauG1: fft 12 mix end: 21/32
[36;22m[DEBUG] [39;1msnarkJS[0m: betaTauG1: fft 12 mix end: 16/32
[36;22m[DEBUG] [39;1msnarkJS[0m: betaTauG1: fft 12 mix end: 30/32
[36;22m[DEBUG] [39;1msnarkJS[0m: betaTauG1: fft 12 mix end: 29/32
[36;22m[DEBUG] [39;1msnarkJS[0m: betaTauG1: fft 12 mix end: 13/32
[36;22m[DEBUG] [39;1msnarkJS[0m: betaTauG1: fft 12 mix end: 26/32
[36;22m[DEBUG] [39;1msnarkJS[0m: betaTauG1: fft  12  join: 8/12
[36;22m[DEBUG] [39;1msnarkJS[0m: betaTauG1: fft 12 join  8/12  3/16 0/1
[36;22m[DEBUG] [39;1msnarkJS[0m: betaTauG1: fft 12 join  8/12  4/16 0/1
[36;22m[DEBUG] [39;1msnarkJS[0m: betaTauG1: fft 12 join  8/12  6/16 0/1
[36;22m[DEBUG] [39;1msnarkJS[0m: betaTauG1: fft 12 join  8/12  7/16 0/1
[36;22m[DEBUG] [39;1msnarkJS[0m: betaTauG1: fft 12 join  8/12  8/16 0/1
[36;22m[DEBUG] [39;1msnarkJS[0m: betaTauG1: fft 12 join  8/12  11/16 0/1
[36;22m[DEBUG] [39;1msnarkJS[0m: betaTauG1: fft 12 join  8/12  12/16 0/1
[36;22m[DEBUG] [39;1msnarkJS[0m: betaTauG1: fft 12 join  8/12  14/16 0/1
[36;22m[DEBUG] [39;1msnarkJS[0m: betaTauG1: fft 12 join  8/12  16/16 0/1
[36;22m[DEBUG] [39;1msnarkJS[0m: betaTauG1: fft 12 join  8/12  1/16 0/1
[36;22m[DEBUG] [39;1msnarkJS[0m: betaTauG1: fft 12 join  8/12  2/16 0/1
[36;22m[DEBUG] [39;1msnarkJS[0m: betaTauG1: fft 12 join  8/12  5/16 0/1
[36;22m[DEBUG] [39;1msnarkJS[0m: betaTauG1: fft 12 join  8/12  9/16 0/1
[36;22m[DEBUG] [39;1msnarkJS[0m: betaTauG1: fft 12 join  8/12  10/16 0/1
[36;22m[DEBUG] [39;1msnarkJS[0m: betaTauG1: fft 12 join  8/12  13/16 0/1
[36;22m[DEBUG] [39;1msnarkJS[0m: betaTauG1: fft 12 join  8/12  15/16 0/1
[36;22m[DEBUG] [39;1msnarkJS[0m: betaTauG1: fft  12  join: 9/12
[36;22m[DEBUG] [39;1msnarkJS[0m: betaTauG1: fft 12 join  9/12  1/8 0/2
[36;22m[DEBUG] [39;1msnarkJS[0m: betaTauG1: fft 12 join  9/12  2/8 0/2
[36;22m[DEBUG] [39;1msnarkJS[0m: betaTauG1: fft 12 join  9/12  1/8 1/2
[36;22m[DEBUG] [39;1msnarkJS[0m: betaTauG1: fft 12 join  9/12  2/8 1/2
[36;22m[DEBUG] [39;1msnarkJS[0m: betaTauG1: fft 12 join  9/12  3/8 0/2
[36;22m[DEBUG] [39;1msnarkJS[0m: betaTauG1: fft 12 join  9/12  4/8 0/2
[36;22m[DEBUG] [39;1msnarkJS[0m: betaTauG1: fft 12 join  9/12  5/8 0/2
[36;22m[DEBUG] [39;1msnarkJS[0m: betaTauG1: fft 12 join  9/12  6/8 0/2
[36;22m[DEBUG] [39;1msnarkJS[0m: betaTauG1: fft 12 join  9/12  7/8 1/2
[36;22m[DEBUG] [39;1msnarkJS[0m: betaTauG1: fft 12 join  9/12  8/8 1/2
[36;22m[DEBUG] [39;1msnarkJS[0m: betaTauG1: fft 12 join  9/12  6/8 1/2
[36;22m[DEBUG] [39;1msnarkJS[0m: betaTauG1: fft 12 join  9/12  7/8 0/2
[36;22m[DEBUG] [39;1msnarkJS[0m: betaTauG1: fft 12 join  9/12  8/8 0/2
[36;22m[DEBUG] [39;1msnarkJS[0m: betaTauG1: fft 12 join  9/12  3/8 1/2
[36;22m[DEBUG] [39;1msnarkJS[0m: betaTauG1: fft 12 join  9/12  4/8 1/2
[36;22m[DEBUG] [39;1msnarkJS[0m: betaTauG1: fft 12 join  9/12  5/8 1/2
[36;22m[DEBUG] [39;1msnarkJS[0m: betaTauG1: fft  12  join: 10/12
[36;22m[DEBUG] [39;1msnarkJS[0m: betaTauG1: fft 12 join  10/12  1/4 0/4
[36;22m[DEBUG] [39;1msnarkJS[0m: betaTauG1: fft 12 join  10/12  2/4 0/4
[36;22m[DEBUG] [39;1msnarkJS[0m: betaTauG1: fft 12 join  10/12  1/4 3/4
[36;22m[DEBUG] [39;1msnarkJS[0m: betaTauG1: fft 12 join  10/12  3/4 2/4
[36;22m[DEBUG] [39;1msnarkJS[0m: betaTauG1: fft 12 join  10/12  1/4 1/4
[36;22m[DEBUG] [39;1msnarkJS[0m: betaTauG1: fft 12 join  10/12  1/4 2/4
[36;22m[DEBUG] [39;1msnarkJS[0m: betaTauG1: fft 12 join  10/12  2/4 2/4
[36;22m[DEBUG] [39;1msnarkJS[0m: betaTauG1: fft 12 join  10/12  3/4 0/4
[36;22m[DEBUG] [39;1msnarkJS[0m: betaTauG1: fft 12 join  10/12  3/4 3/4
[36;22m[DEBUG] [39;1msnarkJS[0m: betaTauG1: fft 12 join  10/12  4/4 0/4
[36;22m[DEBUG] [39;1msnarkJS[0m: betaTauG1: fft 12 join  10/12  4/4 1/4
[36;22m[DEBUG] [39;1msnarkJS[0m: betaTauG1: fft 12 join  10/12  4/4 2/4
[36;22m[DEBUG] [39;1msnarkJS[0m: betaTauG1: fft 12 join  10/12  4/4 3/4
[36;22m[DEBUG] [39;1msnarkJS[0m: betaTauG1: fft 12 join  10/12  2/4 3/4
[36;22m[DEBUG] [39;1msnarkJS[0m: betaTauG1: fft 12 join  10/12  3/4 1/4
[36;22m[DEBUG] [39;1msnarkJS[0m: betaTauG1: fft 12 join  10/12  2/4 1/4
[36;22m[DEBUG] [39;1msnarkJS[0m: betaTauG1: fft  12  join: 11/12
[36;22m[DEBUG] [39;1msnarkJS[0m: betaTauG1: fft 12 join  11/12  1/2 0/8
[36;22m[DEBUG] [39;1msnarkJS[0m: betaTauG1: fft 12 join  11/12  1/2 4/8
[36;22m[DEBUG] [39;1msnarkJS[0m: betaTauG1: fft 12 join  11/12  1/2 2/8
[36;22m[DEBUG] [39;1msnarkJS[0m: betaTauG1: fft 12 join  11/12  1/2 3/8
[36;22m[DEBUG] [39;1msnarkJS[0m: betaTauG1: fft 12 join  11/12  1/2 6/8
[36;22m[DEBUG] [39;1msnarkJS[0m: betaTauG1: fft 12 join  11/12  2/2 0/8
[36;22m[DEBUG] [39;1msnarkJS[0m: betaTauG1: fft 12 join  11/12  2/2 2/8
[36;22m[DEBUG] [39;1msnarkJS[0m: betaTauG1: fft 12 join  11/12  2/2 3/8
[36;22m[DEBUG] [39;1msnarkJS[0m: betaTauG1: fft 12 join  11/12  2/2 5/8
[36;22m[DEBUG] [39;1msnarkJS[0m: betaTauG1: fft 12 join  11/12  2/2 7/8
[36;22m[DEBUG] [39;1msnarkJS[0m: betaTauG1: fft 12 join  11/12  1/2 1/8
[36;22m[DEBUG] [39;1msnarkJS[0m: betaTauG1: fft 12 join  11/12  1/2 5/8
[36;22m[DEBUG] [39;1msnarkJS[0m: betaTauG1: fft 12 join  11/12  1/2 7/8
[36;22m[DEBUG] [39;1msnarkJS[0m: betaTauG1: fft 12 join  11/12  2/2 4/8
[36;22m[DEBUG] [39;1msnarkJS[0m: betaTauG1: fft 12 join  11/12  2/2 6/8
[36;22m[DEBUG] [39;1msnarkJS[0m: betaTauG1: fft 12 join  11/12  2/2 1/8
[36;22m[DEBUG] [39;1msnarkJS[0m: betaTauG1: fft  12  join: 12/12
[36;22m[DEBUG] [39;1msnarkJS[0m: betaTauG1: fft 12 join  12/12  1/1 0/16
[36;22m[DEBUG] [39;1msnarkJS[0m: betaTauG1: fft 12 join  12/12  1/1 1/16
[36;22m[DEBUG] [39;1msnarkJS[0m: betaTauG1: fft 12 join  12/12  1/1 10/16
[36;22m[DEBUG] [39;1msnarkJS[0m: betaTauG1: fft 12 join  12/12  1/1 11/16
[36;22m[DEBUG] [39;1msnarkJS[0m: betaTauG1: fft 12 join  12/12  1/1 4/16
[36;22m[DEBUG] [39;1msnarkJS[0m: betaTauG1: fft 12 join  12/12  1/1 9/16
[36;22m[DEBUG] [39;1msnarkJS[0m: betaTauG1: fft 12 join  12/12  1/1 6/16
[36;22m[DEBUG] [39;1msnarkJS[0m: betaTauG1: fft 12 join  12/12  1/1 12/16
[36;22m[DEBUG] [39;1msnarkJS[0m: betaTauG1: fft 12 join  12/12  1/1 3/16
[36;22m[DEBUG] [39;1msnarkJS[0m: betaTauG1: fft 12 join  12/12  1/1 8/16
[36;22m[DEBUG] [39;1msnarkJS[0m: betaTauG1: fft 12 join  12/12  1/1 15/16
[36;22m[DEBUG] [39;1msnarkJS[0m: betaTauG1: fft 12 join  12/12  1/1 14/16
[36;22m[DEBUG] [39;1msnarkJS[0m: betaTauG1: fft 12 join  12/12  1/1 13/16
[36;22m[DEBUG] [39;1msnarkJS[0m: betaTauG1: fft 12 join  12/12  1/1 2/16
[36;22m[DEBUG] [39;1msnarkJS[0m: betaTauG1: fft 12 join  12/12  1/1 5/16
[36;22m[DEBUG] [39;1msnarkJS[0m: betaTauG1: fft 12 join  12/12  1/1 7/16
[36;22m[DEBUG] [39;1msnarkJS[0m: betaTauG1: fft 13 mix start: 0/32
[36;22m[DEBUG] [39;1msnarkJS[0m: betaTauG1: fft 13 mix start: 1/32
[36;22m[DEBUG] [39;1msnarkJS[0m: betaTauG1: fft 13 mix start: 2/32
[36;22m[DEBUG] [39;1msnarkJS[0m: betaTauG1: fft 13 mix start: 3/32
[36;22m[DEBUG] [39;1msnarkJS[0m: betaTauG1: fft 13 mix start: 4/32
[36;22m[DEBUG] [39;1msnarkJS[0m: betaTauG1: fft 13 mix start: 5/32
[36;22m[DEBUG] [39;1msnarkJS[0m: betaTauG1: fft 13 mix start: 6/32
[36;22m[DEBUG] [39;1msnarkJS[0m: betaTauG1: fft 13 mix start: 7/32
[36;22m[DEBUG] [39;1msnarkJS[0m: betaTauG1: fft 13 mix start: 8/32
[36;22m[DEBUG] [39;1msnarkJS[0m: betaTauG1: fft 13 mix start: 9/32
[36;22m[DEBUG] [39;1msnarkJS[0m: betaTauG1: fft 13 mix start: 10/32
[36;22m[DEBUG] [39;1msnarkJS[0m: betaTauG1: fft 13 mix start: 11/32
[36;22m[DEBUG] [39;1msnarkJS[0m: betaTauG1: fft 13 mix start: 12/32
[36;22m[DEBUG] [39;1msnarkJS[0m: betaTauG1: fft 13 mix start: 13/32
[36;22m[DEBUG] [39;1msnarkJS[0m: betaTauG1: fft 13 mix start: 14/32
[36;22m[DEBUG] [39;1msnarkJS[0m: betaTauG1: fft 13 mix start: 15/32
[36;22m[DEBUG] [39;1msnarkJS[0m: betaTauG1: fft 13 mix start: 16/32
[36;22m[DEBUG] [39;1msnarkJS[0m: betaTauG1: fft 13 mix start: 17/32
[36;22m[DEBUG] [39;1msnarkJS[0m: betaTauG1: fft 13 mix start: 18/32
[36;22m[DEBUG] [39;1msnarkJS[0m: betaTauG1: fft 13 mix start: 19/32
[36;22m[DEBUG] [39;1msnarkJS[0m: betaTauG1: fft 13 mix start: 20/32
[36;22m[DEBUG] [39;1msnarkJS[0m: betaTauG1: fft 13 mix start: 21/32
[36;22m[DEBUG] [39;1msnarkJS[0m: betaTauG1: fft 13 mix start: 22/32
[36;22m[DEBUG] [39;1msnarkJS[0m: betaTauG1: fft 13 mix start: 23/32
[36;22m[DEBUG] [39;1msnarkJS[0m: betaTauG1: fft 13 mix start: 24/32
[36;22m[DEBUG] [39;1msnarkJS[0m: betaTauG1: fft 13 mix start: 25/32
[36;22m[DEBUG] [39;1msnarkJS[0m: betaTauG1: fft 13 mix start: 26/32
[36;22m[DEBUG] [39;1msnarkJS[0m: betaTauG1: fft 13 mix start: 27/32
[36;22m[DEBUG] [39;1msnarkJS[0m: betaTauG1: fft 13 mix start: 28/32
[36;22m[DEBUG] [39;1msnarkJS[0m: betaTauG1: fft 13 mix start: 29/32
[36;22m[DEBUG] [39;1msnarkJS[0m: betaTauG1: fft 13 mix start: 30/32
[36;22m[DEBUG] [39;1msnarkJS[0m: betaTauG1: fft 13 mix start: 31/32
[36;22m[DEBUG] [39;1msnarkJS[0m: betaTauG1: fft 13 mix end: 3/32
[36;22m[DEBUG] [39;1msnarkJS[0m: betaTauG1: fft 13 mix end: 6/32
[36;22m[DEBUG] [39;1msnarkJS[0m: betaTauG1: fft 13 mix end: 10/32
[36;22m[DEBUG] [39;1msnarkJS[0m: betaTauG1: fft 13 mix end: 15/32
[36;22m[DEBUG] [39;1msnarkJS[0m: betaTauG1: fft 13 mix end: 9/32
[36;22m[DEBUG] [39;1msnarkJS[0m: betaTauG1: fft 13 mix end: 7/32
[36;22m[DEBUG] [39;1msnarkJS[0m: betaTauG1: fft 13 mix end: 8/32
[36;22m[DEBUG] [39;1msnarkJS[0m: betaTauG1: fft 13 mix end: 17/32
[36;22m[DEBUG] [39;1msnarkJS[0m: betaTauG1: fft 13 mix end: 0/32
[36;22m[DEBUG] [39;1msnarkJS[0m: betaTauG1: fft 13 mix end: 12/32
[36;22m[DEBUG] [39;1msnarkJS[0m: betaTauG1: fft 13 mix end: 28/32
[36;22m[DEBUG] [39;1msnarkJS[0m: betaTauG1: fft 13 mix end: 11/32
[36;22m[DEBUG] [39;1msnarkJS[0m: betaTauG1: fft 13 mix end: 25/32
[36;22m[DEBUG] [39;1msnarkJS[0m: betaTauG1: fft 13 mix end: 22/32
[36;22m[DEBUG] [39;1msnarkJS[0m: betaTauG1: fft 13 mix end: 31/32
[36;22m[DEBUG] [39;1msnarkJS[0m: betaTauG1: fft 13 mix end: 16/32
[36;22m[DEBUG] [39;1msnarkJS[0m: betaTauG1: fft 13 mix end: 5/32
[36;22m[DEBUG] [39;1msnarkJS[0m: betaTauG1: fft 13 mix end: 26/32
[36;22m[DEBUG] [39;1msnarkJS[0m: betaTauG1: fft 13 mix end: 2/32
[36;22m[DEBUG] [39;1msnarkJS[0m: betaTauG1: fft 13 mix end: 29/32
[36;22m[DEBUG] [39;1msnarkJS[0m: betaTauG1: fft 13 mix end: 1/32
[36;22m[DEBUG] [39;1msnarkJS[0m: betaTauG1: fft 13 mix end: 20/32
[36;22m[DEBUG] [39;1msnarkJS[0m: betaTauG1: fft 13 mix end: 30/32
[36;22m[DEBUG] [39;1msnarkJS[0m: betaTauG1: fft 13 mix end: 24/32
[36;22m[DEBUG] [39;1msnarkJS[0m: betaTauG1: fft 13 mix end: 14/32
[36;22m[DEBUG] [39;1msnarkJS[0m: betaTauG1: fft 13 mix end: 21/32
[36;22m[DEBUG] [39;1msnarkJS[0m: betaTauG1: fft 13 mix end: 19/32
[36;22m[DEBUG] [39;1msnarkJS[0m: betaTauG1: fft 13 mix end: 27/32
[36;22m[DEBUG] [39;1msnarkJS[0m: betaTauG1: fft 13 mix end: 18/32
[36;22m[DEBUG] [39;1msnarkJS[0m: betaTauG1: fft 13 mix end: 4/32
[36;22m[DEBUG] [39;1msnarkJS[0m: betaTauG1: fft 13 mix end: 13/32
[36;22m[DEBUG] [39;1msnarkJS[0m: betaTauG1: fft 13 mix end: 23/32
[36;22m[DEBUG] [39;1msnarkJS[0m: betaTauG1: fft  13  join: 9/13
[36;22m[DEBUG] [39;1msnarkJS[0m: betaTauG1: fft 13 join  9/13  3/16 0/1
[36;22m[DEBUG] [39;1msnarkJS[0m: betaTauG1: fft 13 join  9/13  9/16 0/1
[36;22m[DEBUG] [39;1msnarkJS[0m: betaTauG1: fft 13 join  9/13  11/16 0/1
[36;22m[DEBUG] [39;1msnarkJS[0m: betaTauG1: fft 13 join  9/13  1/16 0/1
[36;22m[DEBUG] [39;1msnarkJS[0m: betaTauG1: fft 13 join  9/13  5/16 0/1
[36;22m[DEBUG] [39;1msnarkJS[0m: betaTauG1: fft 13 join  9/13  4/16 0/1
[36;22m[DEBUG] [39;1msnarkJS[0m: betaTauG1: fft 13 join  9/13  7/16 0/1
[36;22m[DEBUG] [39;1msnarkJS[0m: betaTauG1: fft 13 join  9/13  14/16 0/1
[36;22m[DEBUG] [39;1msnarkJS[0m: betaTauG1: fft 13 join  9/13  10/16 0/1
[36;22m[DEBUG] [39;1msnarkJS[0m: betaTauG1: fft 13 join  9/13  6/16 0/1
[36;22m[DEBUG] [39;1msnarkJS[0m: betaTauG1: fft 13 join  9/13  16/16 0/1
[36;22m[DEBUG] [39;1msnarkJS[0m: betaTauG1: fft 13 join  9/13  15/16 0/1
[36;22m[DEBUG] [39;1msnarkJS[0m: betaTauG1: fft 13 join  9/13  8/16 0/1
[36;22m[DEBUG] [39;1msnarkJS[0m: betaTauG1: fft 13 join  9/13  13/16 0/1
[36;22m[DEBUG] [39;1msnarkJS[0m: betaTauG1: fft 13 join  9/13  2/16 0/1
[36;22m[DEBUG] [39;1msnarkJS[0m: betaTauG1: fft 13 join  9/13  12/16 0/1
[36;22m[DEBUG] [39;1msnarkJS[0m: betaTauG1: fft  13  join: 10/13
[36;22m[DEBUG] [39;1msnarkJS[0m: betaTauG1: fft 13 join  10/13  1/8 0/2
[36;22m[DEBUG] [39;1msnarkJS[0m: betaTauG1: fft 13 join  10/13  1/8 1/2
[36;22m[DEBUG] [39;1msnarkJS[0m: betaTauG1: fft 13 join  10/13  3/8 0/2
[36;22m[DEBUG] [39;1msnarkJS[0m: betaTauG1: fft 13 join  10/13  6/8 1/2
[36;22m[DEBUG] [39;1msnarkJS[0m: betaTauG1: fft 13 join  10/13  2/8 0/2
[36;22m[DEBUG] [39;1msnarkJS[0m: betaTauG1: fft 13 join  10/13  2/8 1/2
[36;22m[DEBUG] [39;1msnarkJS[0m: betaTauG1: fft 13 join  10/13  5/8 0/2
[36;22m[DEBUG] [39;1msnarkJS[0m: betaTauG1: fft 13 join  10/13  4/8 0/2
[36;22m[DEBUG] [39;1msnarkJS[0m: betaTauG1: fft 13 join  10/13  6/8 0/2
[36;22m[DEBUG] [39;1msnarkJS[0m: betaTauG1: fft 13 join  10/13  5/8 1/2
[36;22m[DEBUG] [39;1msnarkJS[0m: betaTauG1: fft 13 join  10/13  7/8 1/2
[36;22m[DEBUG] [39;1msnarkJS[0m: betaTauG1: fft 13 join  10/13  3/8 1/2
[36;22m[DEBUG] [39;1msnarkJS[0m: betaTauG1: fft 13 join  10/13  8/8 1/2
[36;22m[DEBUG] [39;1msnarkJS[0m: betaTauG1: fft 13 join  10/13  8/8 0/2
[36;22m[DEBUG] [39;1msnarkJS[0m: betaTauG1: fft 13 join  10/13  4/8 1/2
[36;22m[DEBUG] [39;1msnarkJS[0m: betaTauG1: fft 13 join  10/13  7/8 0/2
[36;22m[DEBUG] [39;1msnarkJS[0m: betaTauG1: fft  13  join: 11/13
[36;22m[DEBUG] [39;1msnarkJS[0m: betaTauG1: fft 13 join  11/13  3/4 2/4
[36;22m[DEBUG] [39;1msnarkJS[0m: betaTauG1: fft 13 join  11/13  1/4 1/4
[36;22m[DEBUG] [39;1msnarkJS[0m: betaTauG1: fft 13 join  11/13  2/4 0/4
[36;22m[DEBUG] [39;1msnarkJS[0m: betaTauG1: fft 13 join  11/13  2/4 2/4
[36;22m[DEBUG] [39;1msnarkJS[0m: betaTauG1: fft 13 join  11/13  1/4 3/4
[36;22m[DEBUG] [39;1msnarkJS[0m: betaTauG1: fft 13 join  11/13  3/4 3/4
[36;22m[DEBUG] [39;1msnarkJS[0m: betaTauG1: fft 13 join  11/13  1/4 2/4
[36;22m[DEBUG] [39;1msnarkJS[0m: betaTauG1: fft 13 join  11/13  3/4 1/4
[36;22m[DEBUG] [39;1msnarkJS[0m: betaTauG1: fft 13 join  11/13  4/4 1/4
[36;22m[DEBUG] [39;1msnarkJS[0m: betaTauG1: fft 13 join  11/13  4/4 2/4
[36;22m[DEBUG] [39;1msnarkJS[0m: betaTauG1: fft 13 join  11/13  1/4 0/4
[36;22m[DEBUG] [39;1msnarkJS[0m: betaTauG1: fft 13 join  11/13  4/4 3/4
[36;22m[DEBUG] [39;1msnarkJS[0m: betaTauG1: fft 13 join  11/13  2/4 1/4
[36;22m[DEBUG] [39;1msnarkJS[0m: betaTauG1: fft 13 join  11/13  2/4 3/4
[36;22m[DEBUG] [39;1msnarkJS[0m: betaTauG1: fft 13 join  11/13  4/4 0/4
[36;22m[DEBUG] [39;1msnarkJS[0m: betaTauG1: fft 13 join  11/13  3/4 0/4
[36;22m[DEBUG] [39;1msnarkJS[0m: betaTauG1: fft  13  join: 12/13
[36;22m[DEBUG] [39;1msnarkJS[0m: betaTauG1: fft 13 join  12/13  2/2 0/8
[36;22m[DEBUG] [39;1msnarkJS[0m: betaTauG1: fft 13 join  12/13  1/2 0/8
[36;22m[DEBUG] [39;1msnarkJS[0m: betaTauG1: fft 13 join  12/13  1/2 4/8
[36;22m[DEBUG] [39;1msnarkJS[0m: betaTauG1: fft 13 join  12/13  2/2 2/8
[36;22m[DEBUG] [39;1msnarkJS[0m: betaTauG1: fft 13 join  12/13  2/2 5/8
[36;22m[DEBUG] [39;1msnarkJS[0m: betaTauG1: fft 13 join  12/13  1/2 2/8
[36;22m[DEBUG] [39;1msnarkJS[0m: betaTauG1: fft 13 join  12/13  1/2 6/8
[36;22m[DEBUG] [39;1msnarkJS[0m: betaTauG1: fft 13 join  12/13  2/2 3/8
[36;22m[DEBUG] [39;1msnarkJS[0m: betaTauG1: fft 13 join  12/13  1/2 1/8
[36;22m[DEBUG] [39;1msnarkJS[0m: betaTauG1: fft 13 join  12/13  1/2 3/8
[36;22m[DEBUG] [39;1msnarkJS[0m: betaTauG1: fft 13 join  12/13  1/2 5/8
[36;22m[DEBUG] [39;1msnarkJS[0m: betaTauG1: fft 13 join  12/13  2/2 1/8
[36;22m[DEBUG] [39;1msnarkJS[0m: betaTauG1: fft 13 join  12/13  2/2 7/8
[36;22m[DEBUG] [39;1msnarkJS[0m: betaTauG1: fft 13 join  12/13  2/2 4/8
[36;22m[DEBUG] [39;1msnarkJS[0m: betaTauG1: fft 13 join  12/13  2/2 6/8
[36;22m[DEBUG] [39;1msnarkJS[0m: betaTauG1: fft 13 join  12/13  1/2 7/8
[36;22m[DEBUG] [39;1msnarkJS[0m: betaTauG1: fft  13  join: 13/13
[36;22m[DEBUG] [39;1msnarkJS[0m: betaTauG1: fft 13 join  13/13  1/1 4/16
[36;22m[DEBUG] [39;1msnarkJS[0m: betaTauG1: fft 13 join  13/13  1/1 0/16
[36;22m[DEBUG] [39;1msnarkJS[0m: betaTauG1: fft 13 join  13/13  1/1 1/16
[36;22m[DEBUG] [39;1msnarkJS[0m: betaTauG1: fft 13 join  13/13  1/1 2/16
[36;22m[DEBUG] [39;1msnarkJS[0m: betaTauG1: fft 13 join  13/13  1/1 8/16
[36;22m[DEBUG] [39;1msnarkJS[0m: betaTauG1: fft 13 join  13/13  1/1 9/16
[36;22m[DEBUG] [39;1msnarkJS[0m: betaTauG1: fft 13 join  13/13  1/1 6/16
[36;22m[DEBUG] [39;1msnarkJS[0m: betaTauG1: fft 13 join  13/13  1/1 11/16
[36;22m[DEBUG] [39;1msnarkJS[0m: betaTauG1: fft 13 join  13/13  1/1 10/16
[36;22m[DEBUG] [39;1msnarkJS[0m: betaTauG1: fft 13 join  13/13  1/1 3/16
[36;22m[DEBUG] [39;1msnarkJS[0m: betaTauG1: fft 13 join  13/13  1/1 13/16
[36;22m[DEBUG] [39;1msnarkJS[0m: betaTauG1: fft 13 join  13/13  1/1 15/16
[36;22m[DEBUG] [39;1msnarkJS[0m: betaTauG1: fft 13 join  13/13  1/1 14/16
[36;22m[DEBUG] [39;1msnarkJS[0m: betaTauG1: fft 13 join  13/13  1/1 5/16
[36;22m[DEBUG] [39;1msnarkJS[0m: betaTauG1: fft 13 join  13/13  1/1 12/16
[36;22m[DEBUG] [39;1msnarkJS[0m: betaTauG1: fft 13 join  13/13  1/1 7/16
[36;22m[DEBUG] [39;1msnarkJS[0m: betaTauG1: fft 14 mix start: 0/32
[36;22m[DEBUG] [39;1msnarkJS[0m: betaTauG1: fft 14 mix start: 1/32
[36;22m[DEBUG] [39;1msnarkJS[0m: betaTauG1: fft 14 mix start: 2/32
[36;22m[DEBUG] [39;1msnarkJS[0m: betaTauG1: fft 14 mix start: 3/32
[36;22m[DEBUG] [39;1msnarkJS[0m: betaTauG1: fft 14 mix start: 4/32
[36;22m[DEBUG] [39;1msnarkJS[0m: betaTauG1: fft 14 mix start: 5/32
[36;22m[DEBUG] [39;1msnarkJS[0m: betaTauG1: fft 14 mix start: 6/32
[36;22m[DEBUG] [39;1msnarkJS[0m: betaTauG1: fft 14 mix start: 7/32
[36;22m[DEBUG] [39;1msnarkJS[0m: betaTauG1: fft 14 mix start: 8/32
[36;22m[DEBUG] [39;1msnarkJS[0m: betaTauG1: fft 14 mix start: 9/32
[36;22m[DEBUG] [39;1msnarkJS[0m: betaTauG1: fft 14 mix start: 10/32
[36;22m[DEBUG] [39;1msnarkJS[0m: betaTauG1: fft 14 mix start: 11/32
[36;22m[DEBUG] [39;1msnarkJS[0m: betaTauG1: fft 14 mix start: 12/32
[36;22m[DEBUG] [39;1msnarkJS[0m: betaTauG1: fft 14 mix start: 13/32
[36;22m[DEBUG] [39;1msnarkJS[0m: betaTauG1: fft 14 mix start: 14/32
[36;22m[DEBUG] [39;1msnarkJS[0m: betaTauG1: fft 14 mix start: 15/32
[36;22m[DEBUG] [39;1msnarkJS[0m: betaTauG1: fft 14 mix start: 16/32
[36;22m[DEBUG] [39;1msnarkJS[0m: betaTauG1: fft 14 mix start: 17/32
[36;22m[DEBUG] [39;1msnarkJS[0m: betaTauG1: fft 14 mix start: 18/32
[36;22m[DEBUG] [39;1msnarkJS[0m: betaTauG1: fft 14 mix start: 19/32
[36;22m[DEBUG] [39;1msnarkJS[0m: betaTauG1: fft 14 mix start: 20/32
[36;22m[DEBUG] [39;1msnarkJS[0m: betaTauG1: fft 14 mix start: 21/32
[36;22m[DEBUG] [39;1msnarkJS[0m: betaTauG1: fft 14 mix start: 22/32
[36;22m[DEBUG] [39;1msnarkJS[0m: betaTauG1: fft 14 mix start: 23/32
[36;22m[DEBUG] [39;1msnarkJS[0m: betaTauG1: fft 14 mix start: 24/32
[36;22m[DEBUG] [39;1msnarkJS[0m: betaTauG1: fft 14 mix start: 25/32
[36;22m[DEBUG] [39;1msnarkJS[0m: betaTauG1: fft 14 mix start: 26/32
[36;22m[DEBUG] [39;1msnarkJS[0m: betaTauG1: fft 14 mix start: 27/32
[36;22m[DEBUG] [39;1msnarkJS[0m: betaTauG1: fft 14 mix start: 28/32
[36;22m[DEBUG] [39;1msnarkJS[0m: betaTauG1: fft 14 mix start: 29/32
[36;22m[DEBUG] [39;1msnarkJS[0m: betaTauG1: fft 14 mix start: 30/32
[36;22m[DEBUG] [39;1msnarkJS[0m: betaTauG1: fft 14 mix start: 31/32
[36;22m[DEBUG] [39;1msnarkJS[0m: betaTauG1: fft 14 mix end: 3/32
[36;22m[DEBUG] [39;1msnarkJS[0m: betaTauG1: fft 14 mix end: 10/32
[36;22m[DEBUG] [39;1msnarkJS[0m: betaTauG1: fft 14 mix end: 2/32
[36;22m[DEBUG] [39;1msnarkJS[0m: betaTauG1: fft 14 mix end: 6/32
[36;22m[DEBUG] [39;1msnarkJS[0m: betaTauG1: fft 14 mix end: 0/32
[36;22m[DEBUG] [39;1msnarkJS[0m: betaTauG1: fft 14 mix end: 15/32
[36;22m[DEBUG] [39;1msnarkJS[0m: betaTauG1: fft 14 mix end: 12/32
[36;22m[DEBUG] [39;1msnarkJS[0m: betaTauG1: fft 14 mix end: 29/32
[36;22m[DEBUG] [39;1msnarkJS[0m: betaTauG1: fft 14 mix end: 22/32
[36;22m[DEBUG] [39;1msnarkJS[0m: betaTauG1: fft 14 mix end: 8/32
[36;22m[DEBUG] [39;1msnarkJS[0m: betaTauG1: fft 14 mix end: 31/32
[36;22m[DEBUG] [39;1msnarkJS[0m: betaTauG1: fft 14 mix end: 17/32
[36;22m[DEBUG] [39;1msnarkJS[0m: betaTauG1: fft 14 mix end: 9/32
[36;22m[DEBUG] [39;1msnarkJS[0m: betaTauG1: fft 14 mix end: 1/32
[36;22m[DEBUG] [39;1msnarkJS[0m: betaTauG1: fft 14 mix end: 4/32
[36;22m[DEBUG] [39;1msnarkJS[0m: betaTauG1: fft 14 mix end: 21/32
[36;22m[DEBUG] [39;1msnarkJS[0m: betaTauG1: fft 14 mix end: 28/32
[36;22m[DEBUG] [39;1msnarkJS[0m: betaTauG1: fft 14 mix end: 18/32
[36;22m[DEBUG] [39;1msnarkJS[0m: betaTauG1: fft 14 mix end: 20/32
[36;22m[DEBUG] [39;1msnarkJS[0m: betaTauG1: fft 14 mix end: 27/32
[36;22m[DEBUG] [39;1msnarkJS[0m: betaTauG1: fft 14 mix end: 5/32
[36;22m[DEBUG] [39;1msnarkJS[0m: betaTauG1: fft 14 mix end: 16/32
[36;22m[DEBUG] [39;1msnarkJS[0m: betaTauG1: fft 14 mix end: 23/32
[36;22m[DEBUG] [39;1msnarkJS[0m: betaTauG1: fft 14 mix end: 19/32
[36;22m[DEBUG] [39;1msnarkJS[0m: betaTauG1: fft 14 mix end: 30/32
[36;22m[DEBUG] [39;1msnarkJS[0m: betaTauG1: fft 14 mix end: 24/32
[36;22m[DEBUG] [39;1msnarkJS[0m: betaTauG1: fft 14 mix end: 13/32
[36;22m[DEBUG] [39;1msnarkJS[0m: betaTauG1: fft 14 mix end: 11/32
[36;22m[DEBUG] [39;1msnarkJS[0m: betaTauG1: fft 14 mix end: 14/32
[36;22m[DEBUG] [39;1msnarkJS[0m: betaTauG1: fft 14 mix end: 25/32
[36;22m[DEBUG] [39;1msnarkJS[0m: betaTauG1: fft 14 mix end: 26/32
[36;22m[DEBUG] [39;1msnarkJS[0m: betaTauG1: fft 14 mix end: 7/32
[36;22m[DEBUG] [39;1msnarkJS[0m: betaTauG1: fft  14  join: 10/14
[36;22m[DEBUG] [39;1msnarkJS[0m: betaTauG1: fft 14 join  10/14  4/16 0/1
[36;22m[DEBUG] [39;1msnarkJS[0m: betaTauG1: fft 14 join  10/14  7/16 0/1
[36;22m[DEBUG] [39;1msnarkJS[0m: betaTauG1: fft 14 join  10/14  5/16 0/1
[36;22m[DEBUG] [39;1msnarkJS[0m: betaTauG1: fft 14 join  10/14  10/16 0/1
[36;22m[DEBUG] [39;1msnarkJS[0m: betaTauG1: fft 14 join  10/14  1/16 0/1
[36;22m[DEBUG] [39;1msnarkJS[0m: betaTauG1: fft 14 join  10/14  11/16 0/1
[36;22m[DEBUG] [39;1msnarkJS[0m: betaTauG1: fft 14 join  10/14  14/16 0/1
[36;22m[DEBUG] [39;1msnarkJS[0m: betaTauG1: fft 14 join  10/14  16/16 0/1
[36;22m[DEBUG] [39;1msnarkJS[0m: betaTauG1: fft 14 join  10/14  6/16 0/1
[36;22m[DEBUG] [39;1msnarkJS[0m: betaTauG1: fft 14 join  10/14  15/16 0/1
[36;22m[DEBUG] [39;1msnarkJS[0m: betaTauG1: fft 14 join  10/14  8/16 0/1
[36;22m[DEBUG] [39;1msnarkJS[0m: betaTauG1: fft 14 join  10/14  9/16 0/1
[36;22m[DEBUG] [39;1msnarkJS[0m: betaTauG1: fft 14 join  10/14  3/16 0/1
[36;22m[DEBUG] [39;1msnarkJS[0m: betaTauG1: fft 14 join  10/14  13/16 0/1
[36;22m[DEBUG] [39;1msnarkJS[0m: betaTauG1: fft 14 join  10/14  2/16 0/1
[36;22m[DEBUG] [39;1msnarkJS[0m: betaTauG1: fft 14 join  10/14  12/16 0/1
[36;22m[DEBUG] [39;1msnarkJS[0m: betaTauG1: fft  14  join: 11/14
[36;22m[DEBUG] [39;1msnarkJS[0m: betaTauG1: fft 14 join  11/14  1/8 1/2
[36;22m[DEBUG] [39;1msnarkJS[0m: betaTauG1: fft 14 join  11/14  6/8 1/2
[36;22m[DEBUG] [39;1msnarkJS[0m: betaTauG1: fft 14 join  11/14  2/8 1/2
[36;22m[DEBUG] [39;1msnarkJS[0m: betaTauG1: fft 14 join  11/14  5/8 1/2
[36;22m[DEBUG] [39;1msnarkJS[0m: betaTauG1: fft 14 join  11/14  2/8 0/2
[36;22m[DEBUG] [39;1msnarkJS[0m: betaTauG1: fft 14 join  11/14  4/8 0/2
[36;22m[DEBUG] [39;1msnarkJS[0m: betaTauG1: fft 14 join  11/14  1/8 0/2
[36;22m[DEBUG] [39;1msnarkJS[0m: betaTauG1: fft 14 join  11/14  7/8 1/2
[36;22m[DEBUG] [39;1msnarkJS[0m: betaTauG1: fft 14 join  11/14  6/8 0/2
[36;22m[DEBUG] [39;1msnarkJS[0m: betaTauG1: fft 14 join  11/14  5/8 0/2
[36;22m[DEBUG] [39;1msnarkJS[0m: betaTauG1: fft 14 join  11/14  3/8 0/2
[36;22m[DEBUG] [39;1msnarkJS[0m: betaTauG1: fft 14 join  11/14  8/8 1/2
[36;22m[DEBUG] [39;1msnarkJS[0m: betaTauG1: fft 14 join  11/14  7/8 0/2
[36;22m[DEBUG] [39;1msnarkJS[0m: betaTauG1: fft 14 join  11/14  4/8 1/2
[36;22m[DEBUG] [39;1msnarkJS[0m: betaTauG1: fft 14 join  11/14  8/8 0/2
[36;22m[DEBUG] [39;1msnarkJS[0m: betaTauG1: fft 14 join  11/14  3/8 1/2
[36;22m[DEBUG] [39;1msnarkJS[0m: betaTauG1: fft  14  join: 12/14
[36;22m[DEBUG] [39;1msnarkJS[0m: betaTauG1: fft 14 join  12/14  2/4 2/4
[36;22m[DEBUG] [39;1msnarkJS[0m: betaTauG1: fft 14 join  12/14  1/4 2/4
[36;22m[DEBUG] [39;1msnarkJS[0m: betaTauG1: fft 14 join  12/14  3/4 2/4
[36;22m[DEBUG] [39;1msnarkJS[0m: betaTauG1: fft 14 join  12/14  1/4 0/4
[36;22m[DEBUG] [39;1msnarkJS[0m: betaTauG1: fft 14 join  12/14  1/4 3/4
[36;22m[DEBUG] [39;1msnarkJS[0m: betaTauG1: fft 14 join  12/14  1/4 1/4
[36;22m[DEBUG] [39;1msnarkJS[0m: betaTauG1: fft 14 join  12/14  4/4 1/4
[36;22m[DEBUG] [39;1msnarkJS[0m: betaTauG1: fft 14 join  12/14  3/4 1/4
[36;22m[DEBUG] [39;1msnarkJS[0m: betaTauG1: fft 14 join  12/14  3/4 3/4
[36;22m[DEBUG] [39;1msnarkJS[0m: betaTauG1: fft 14 join  12/14  2/4 0/4
[36;22m[DEBUG] [39;1msnarkJS[0m: betaTauG1: fft 14 join  12/14  3/4 0/4
[36;22m[DEBUG] [39;1msnarkJS[0m: betaTauG1: fft 14 join  12/14  4/4 2/4
[36;22m[DEBUG] [39;1msnarkJS[0m: betaTauG1: fft 14 join  12/14  4/4 0/4
[36;22m[DEBUG] [39;1msnarkJS[0m: betaTauG1: fft 14 join  12/14  2/4 1/4
[36;22m[DEBUG] [39;1msnarkJS[0m: betaTauG1: fft 14 join  12/14  4/4 3/4
[36;22m[DEBUG] [39;1msnarkJS[0m: betaTauG1: fft 14 join  12/14  2/4 3/4
[36;22m[DEBUG] [39;1msnarkJS[0m: betaTauG1: fft  14  join: 13/14
[36;22m[DEBUG] [39;1msnarkJS[0m: betaTauG1: fft 14 join  13/14  1/2 3/8
[36;22m[DEBUG] [39;1msnarkJS[0m: betaTauG1: fft 14 join  13/14  1/2 1/8
[36;22m[DEBUG] [39;1msnarkJS[0m: betaTauG1: fft 14 join  13/14  1/2 6/8
[36;22m[DEBUG] [39;1msnarkJS[0m: betaTauG1: fft 14 join  13/14  1/2 0/8
[36;22m[DEBUG] [39;1msnarkJS[0m: betaTauG1: fft 14 join  13/14  1/2 2/8
[36;22m[DEBUG] [39;1msnarkJS[0m: betaTauG1: fft 14 join  13/14  1/2 4/8
[36;22m[DEBUG] [39;1msnarkJS[0m: betaTauG1: fft 14 join  13/14  2/2 1/8
[36;22m[DEBUG] [39;1msnarkJS[0m: betaTauG1: fft 14 join  13/14  2/2 5/8
[36;22m[DEBUG] [39;1msnarkJS[0m: betaTauG1: fft 14 join  13/14  2/2 0/8
[36;22m[DEBUG] [39;1msnarkJS[0m: betaTauG1: fft 14 join  13/14  2/2 2/8
[36;22m[DEBUG] [39;1msnarkJS[0m: betaTauG1: fft 14 join  13/14  2/2 7/8
[36;22m[DEBUG] [39;1msnarkJS[0m: betaTauG1: fft 14 join  13/14  2/2 3/8
[36;22m[DEBUG] [39;1msnarkJS[0m: betaTauG1: fft 14 join  13/14  2/2 4/8
[36;22m[DEBUG] [39;1msnarkJS[0m: betaTauG1: fft 14 join  13/14  2/2 6/8
[36;22m[DEBUG] [39;1msnarkJS[0m: betaTauG1: fft 14 join  13/14  1/2 5/8
[36;22m[DEBUG] [39;1msnarkJS[0m: betaTauG1: fft 14 join  13/14  1/2 7/8
[36;22m[DEBUG] [39;1msnarkJS[0m: betaTauG1: fft  14  join: 14/14
[36;22m[DEBUG] [39;1msnarkJS[0m: betaTauG1: fft 14 join  14/14  1/1 0/16
[36;22m[DEBUG] [39;1msnarkJS[0m: betaTauG1: fft 14 join  14/14  1/1 9/16
[36;22m[DEBUG] [39;1msnarkJS[0m: betaTauG1: fft 14 join  14/14  1/1 6/16
[36;22m[DEBUG] [39;1msnarkJS[0m: betaTauG1: fft 14 join  14/14  1/1 1/16
[36;22m[DEBUG] [39;1msnarkJS[0m: betaTauG1: fft 14 join  14/14  1/1 2/16
[36;22m[DEBUG] [39;1msnarkJS[0m: betaTauG1: fft 14 join  14/14  1/1 10/16
[36;22m[DEBUG] [39;1msnarkJS[0m: betaTauG1: fft 14 join  14/14  1/1 11/16
[36;22m[DEBUG] [39;1msnarkJS[0m: betaTauG1: fft 14 join  14/14  1/1 8/16
[36;22m[DEBUG] [39;1msnarkJS[0m: betaTauG1: fft 14 join  14/14  1/1 12/16
[36;22m[DEBUG] [39;1msnarkJS[0m: betaTauG1: fft 14 join  14/14  1/1 3/16
[36;22m[DEBUG] [39;1msnarkJS[0m: betaTauG1: fft 14 join  14/14  1/1 13/16
[36;22m[DEBUG] [39;1msnarkJS[0m: betaTauG1: fft 14 join  14/14  1/1 4/16
[36;22m[DEBUG] [39;1msnarkJS[0m: betaTauG1: fft 14 join  14/14  1/1 15/16
[36;22m[DEBUG] [39;1msnarkJS[0m: betaTauG1: fft 14 join  14/14  1/1 5/16
[36;22m[DEBUG] [39;1msnarkJS[0m: betaTauG1: fft 14 join  14/14  1/1 14/16
[36;22m[DEBUG] [39;1msnarkJS[0m: betaTauG1: fft 14 join  14/14  1/1 7/16
[36;22m[DEBUG] [39;1msnarkJS[0m: betaTauG1: fft 15 mix start: 0/32
[36;22m[DEBUG] [39;1msnarkJS[0m: betaTauG1: fft 15 mix start: 1/32
[36;22m[DEBUG] [39;1msnarkJS[0m: betaTauG1: fft 15 mix start: 2/32
[36;22m[DEBUG] [39;1msnarkJS[0m: betaTauG1: fft 15 mix start: 3/32
[36;22m[DEBUG] [39;1msnarkJS[0m: betaTauG1: fft 15 mix start: 4/32
[36;22m[DEBUG] [39;1msnarkJS[0m: betaTauG1: fft 15 mix start: 5/32
[36;22m[DEBUG] [39;1msnarkJS[0m: betaTauG1: fft 15 mix start: 6/32
[36;22m[DEBUG] [39;1msnarkJS[0m: betaTauG1: fft 15 mix start: 7/32
[36;22m[DEBUG] [39;1msnarkJS[0m: betaTauG1: fft 15 mix start: 8/32
[36;22m[DEBUG] [39;1msnarkJS[0m: betaTauG1: fft 15 mix start: 9/32
[36;22m[DEBUG] [39;1msnarkJS[0m: betaTauG1: fft 15 mix start: 10/32
[36;22m[DEBUG] [39;1msnarkJS[0m: betaTauG1: fft 15 mix start: 11/32
[36;22m[DEBUG] [39;1msnarkJS[0m: betaTauG1: fft 15 mix start: 12/32
[36;22m[DEBUG] [39;1msnarkJS[0m: betaTauG1: fft 15 mix start: 13/32
[36;22m[DEBUG] [39;1msnarkJS[0m: betaTauG1: fft 15 mix start: 14/32
[36;22m[DEBUG] [39;1msnarkJS[0m: betaTauG1: fft 15 mix start: 15/32
[36;22m[DEBUG] [39;1msnarkJS[0m: betaTauG1: fft 15 mix start: 16/32
[36;22m[DEBUG] [39;1msnarkJS[0m: betaTauG1: fft 15 mix start: 17/32
[36;22m[DEBUG] [39;1msnarkJS[0m: betaTauG1: fft 15 mix start: 18/32
[36;22m[DEBUG] [39;1msnarkJS[0m: betaTauG1: fft 15 mix start: 19/32
[36;22m[DEBUG] [39;1msnarkJS[0m: betaTauG1: fft 15 mix start: 20/32
[36;22m[DEBUG] [39;1msnarkJS[0m: betaTauG1: fft 15 mix start: 21/32
[36;22m[DEBUG] [39;1msnarkJS[0m: betaTauG1: fft 15 mix start: 22/32
[36;22m[DEBUG] [39;1msnarkJS[0m: betaTauG1: fft 15 mix start: 23/32
[36;22m[DEBUG] [39;1msnarkJS[0m: betaTauG1: fft 15 mix start: 24/32
[36;22m[DEBUG] [39;1msnarkJS[0m: betaTauG1: fft 15 mix start: 25/32
[36;22m[DEBUG] [39;1msnarkJS[0m: betaTauG1: fft 15 mix start: 26/32
[36;22m[DEBUG] [39;1msnarkJS[0m: betaTauG1: fft 15 mix start: 27/32
[36;22m[DEBUG] [39;1msnarkJS[0m: betaTauG1: fft 15 mix start: 28/32
[36;22m[DEBUG] [39;1msnarkJS[0m: betaTauG1: fft 15 mix start: 29/32
[36;22m[DEBUG] [39;1msnarkJS[0m: betaTauG1: fft 15 mix start: 30/32
[36;22m[DEBUG] [39;1msnarkJS[0m: betaTauG1: fft 15 mix start: 31/32
[36;22m[DEBUG] [39;1msnarkJS[0m: betaTauG1: fft 15 mix end: 6/32
[36;22m[DEBUG] [39;1msnarkJS[0m: betaTauG1: fft 15 mix end: 3/32
[36;22m[DEBUG] [39;1msnarkJS[0m: betaTauG1: fft 15 mix end: 15/32
[36;22m[DEBUG] [39;1msnarkJS[0m: betaTauG1: fft 15 mix end: 4/32
[36;22m[DEBUG] [39;1msnarkJS[0m: betaTauG1: fft 15 mix end: 5/32
[36;22m[DEBUG] [39;1msnarkJS[0m: betaTauG1: fft 15 mix end: 8/32
[36;22m[DEBUG] [39;1msnarkJS[0m: betaTauG1: fft 15 mix end: 7/32
[36;22m[DEBUG] [39;1msnarkJS[0m: betaTauG1: fft 15 mix end: 0/32
[36;22m[DEBUG] [39;1msnarkJS[0m: betaTauG1: fft 15 mix end: 30/32
[36;22m[DEBUG] [39;1msnarkJS[0m: betaTauG1: fft 15 mix end: 22/32
[36;22m[DEBUG] [39;1msnarkJS[0m: betaTauG1: fft 15 mix end: 10/32
[36;22m[DEBUG] [39;1msnarkJS[0m: betaTauG1: fft 15 mix end: 9/32
[36;22m[DEBUG] [39;1msnarkJS[0m: betaTauG1: fft 15 mix end: 16/32
[36;22m[DEBUG] [39;1msnarkJS[0m: betaTauG1: fft 15 mix end: 19/32
[36;22m[DEBUG] [39;1msnarkJS[0m: betaTauG1: fft 15 mix end: 28/32
[36;22m[DEBUG] [39;1msnarkJS[0m: betaTauG1: fft 15 mix end: 29/32
[36;22m[DEBUG] [39;1msnarkJS[0m: betaTauG1: fft 15 mix end: 17/32
[36;22m[DEBUG] [39;1msnarkJS[0m: betaTauG1: fft 15 mix end: 20/32
[36;22m[DEBUG] [39;1msnarkJS[0m: betaTauG1: fft 15 mix end: 11/32
[36;22m[DEBUG] [39;1msnarkJS[0m: betaTauG1: fft 15 mix end: 21/32
[36;22m[DEBUG] [39;1msnarkJS[0m: betaTauG1: fft 15 mix end: 2/32
[36;22m[DEBUG] [39;1msnarkJS[0m: betaTauG1: fft 15 mix end: 18/32
[36;22m[DEBUG] [39;1msnarkJS[0m: betaTauG1: fft 15 mix end: 31/32
[36;22m[DEBUG] [39;1msnarkJS[0m: betaTauG1: fft 15 mix end: 27/32
[36;22m[DEBUG] [39;1msnarkJS[0m: betaTauG1: fft 15 mix end: 24/32
[36;22m[DEBUG] [39;1msnarkJS[0m: betaTauG1: fft 15 mix end: 14/32
[36;22m[DEBUG] [39;1msnarkJS[0m: betaTauG1: fft 15 mix end: 23/32
[36;22m[DEBUG] [39;1msnarkJS[0m: betaTauG1: fft 15 mix end: 12/32
[36;22m[DEBUG] [39;1msnarkJS[0m: betaTauG1: fft 15 mix end: 1/32
[36;22m[DEBUG] [39;1msnarkJS[0m: betaTauG1: fft 15 mix end: 25/32
[36;22m[DEBUG] [39;1msnarkJS[0m: betaTauG1: fft 15 mix end: 13/32
[36;22m[DEBUG] [39;1msnarkJS[0m: betaTauG1: fft 15 mix end: 26/32
[36;22m[DEBUG] [39;1msnarkJS[0m: betaTauG1: fft  15  join: 11/15
[36;22m[DEBUG] [39;1msnarkJS[0m: betaTauG1: fft 15 join  11/15  2/16 0/1
[36;22m[DEBUG] [39;1msnarkJS[0m: betaTauG1: fft 15 join  11/15  4/16 0/1
[36;22m[DEBUG] [39;1msnarkJS[0m: betaTauG1: fft 15 join  11/15  10/16 0/1
[36;22m[DEBUG] [39;1msnarkJS[0m: betaTauG1: fft 15 join  11/15  1/16 0/1
[36;22m[DEBUG] [39;1msnarkJS[0m: betaTauG1: fft 15 join  11/15  11/16 0/1
[36;22m[DEBUG] [39;1msnarkJS[0m: betaTauG1: fft 15 join  11/15  3/16 0/1
[36;22m[DEBUG] [39;1msnarkJS[0m: betaTauG1: fft 15 join  11/15  7/16 0/1
[36;22m[DEBUG] [39;1msnarkJS[0m: betaTauG1: fft 15 join  11/15  12/16 0/1
[36;22m[DEBUG] [39;1msnarkJS[0m: betaTauG1: fft 15 join  11/15  9/16 0/1
[36;22m[DEBUG] [39;1msnarkJS[0m: betaTauG1: fft 15 join  11/15  14/16 0/1
[36;22m[DEBUG] [39;1msnarkJS[0m: betaTauG1: fft 15 join  11/15  16/16 0/1
[36;22m[DEBUG] [39;1msnarkJS[0m: betaTauG1: fft 15 join  11/15  15/16 0/1
[36;22m[DEBUG] [39;1msnarkJS[0m: betaTauG1: fft 15 join  11/15  6/16 0/1
[36;22m[DEBUG] [39;1msnarkJS[0m: betaTauG1: fft 15 join  11/15  8/16 0/1
[36;22m[DEBUG] [39;1msnarkJS[0m: betaTauG1: fft 15 join  11/15  5/16 0/1
[36;22m[DEBUG] [39;1msnarkJS[0m: betaTauG1: fft 15 join  11/15  13/16 0/1
[36;22m[DEBUG] [39;1msnarkJS[0m: betaTauG1: fft  15  join: 12/15
[36;22m[DEBUG] [39;1msnarkJS[0m: betaTauG1: fft 15 join  12/15  4/8 0/2
[36;22m[DEBUG] [39;1msnarkJS[0m: betaTauG1: fft 15 join  12/15  2/8 1/2
[36;22m[DEBUG] [39;1msnarkJS[0m: betaTauG1: fft 15 join  12/15  1/8 0/2
[36;22m[DEBUG] [39;1msnarkJS[0m: betaTauG1: fft 15 join  12/15  2/8 0/2
[36;22m[DEBUG] [39;1msnarkJS[0m: betaTauG1: fft 15 join  12/15  6/8 0/2
[36;22m[DEBUG] [39;1msnarkJS[0m: betaTauG1: fft 15 join  12/15  7/8 1/2
[36;22m[DEBUG] [39;1msnarkJS[0m: betaTauG1: fft 15 join  12/15  5/8 1/2
[36;22m[DEBUG] [39;1msnarkJS[0m: betaTauG1: fft 15 join  12/15  3/8 0/2
[36;22m[DEBUG] [39;1msnarkJS[0m: betaTauG1: fft 15 join  12/15  6/8 1/2
[36;22m[DEBUG] [39;1msnarkJS[0m: betaTauG1: fft 15 join  12/15  8/8 1/2
[36;22m[DEBUG] [39;1msnarkJS[0m: betaTauG1: fft 15 join  12/15  1/8 1/2
[36;22m[DEBUG] [39;1msnarkJS[0m: betaTauG1: fft 15 join  12/15  7/8 0/2
[36;22m[DEBUG] [39;1msnarkJS[0m: betaTauG1: fft 15 join  12/15  3/8 1/2
[36;22m[DEBUG] [39;1msnarkJS[0m: betaTauG1: fft 15 join  12/15  8/8 0/2
[36;22m[DEBUG] [39;1msnarkJS[0m: betaTauG1: fft 15 join  12/15  4/8 1/2
[36;22m[DEBUG] [39;1msnarkJS[0m: betaTauG1: fft 15 join  12/15  5/8 0/2
[36;22m[DEBUG] [39;1msnarkJS[0m: betaTauG1: fft  15  join: 13/15
[36;22m[DEBUG] [39;1msnarkJS[0m: betaTauG1: fft 15 join  13/15  1/4 2/4
[36;22m[DEBUG] [39;1msnarkJS[0m: betaTauG1: fft 15 join  13/15  4/4 1/4
[36;22m[DEBUG] [39;1msnarkJS[0m: betaTauG1: fft 15 join  13/15  2/4 2/4
[36;22m[DEBUG] [39;1msnarkJS[0m: betaTauG1: fft 15 join  13/15  1/4 0/4
[36;22m[DEBUG] [39;1msnarkJS[0m: betaTauG1: fft 15 join  13/15  3/4 2/4
[36;22m[DEBUG] [39;1msnarkJS[0m: betaTauG1: fft 15 join  13/15  1/4 1/4
[36;22m[DEBUG] [39;1msnarkJS[0m: betaTauG1: fft 15 join  13/15  1/4 3/4
[36;22m[DEBUG] [39;1msnarkJS[0m: betaTauG1: fft 15 join  13/15  2/4 0/4
[36;22m[DEBUG] [39;1msnarkJS[0m: betaTauG1: fft 15 join  13/15  3/4 3/4
[36;22m[DEBUG] [39;1msnarkJS[0m: betaTauG1: fft 15 join  13/15  3/4 1/4
[36;22m[DEBUG] [39;1msnarkJS[0m: betaTauG1: fft 15 join  13/15  4/4 0/4
[36;22m[DEBUG] [39;1msnarkJS[0m: betaTauG1: fft 15 join  13/15  3/4 0/4
[36;22m[DEBUG] [39;1msnarkJS[0m: betaTauG1: fft 15 join  13/15  4/4 3/4
[36;22m[DEBUG] [39;1msnarkJS[0m: betaTauG1: fft 15 join  13/15  2/4 1/4
[36;22m[DEBUG] [39;1msnarkJS[0m: betaTauG1: fft 15 join  13/15  4/4 2/4
[36;22m[DEBUG] [39;1msnarkJS[0m: betaTauG1: fft 15 join  13/15  2/4 3/4
[36;22m[DEBUG] [39;1msnarkJS[0m: betaTauG1: fft  15  join: 14/15
[36;22m[DEBUG] [39;1msnarkJS[0m: betaTauG1: fft 15 join  14/15  1/2 2/8
[36;22m[DEBUG] [39;1msnarkJS[0m: betaTauG1: fft 15 join  14/15  2/2 3/8
[36;22m[DEBUG] [39;1msnarkJS[0m: betaTauG1: fft 15 join  14/15  1/2 0/8
[36;22m[DEBUG] [39;1msnarkJS[0m: betaTauG1: fft 15 join  14/15  1/2 4/8
[36;22m[DEBUG] [39;1msnarkJS[0m: betaTauG1: fft 15 join  14/15  2/2 2/8
[36;22m[DEBUG] [39;1msnarkJS[0m: betaTauG1: fft 15 join  14/15  2/2 5/8
[36;22m[DEBUG] [39;1msnarkJS[0m: betaTauG1: fft 15 join  14/15  1/2 1/8
[36;22m[DEBUG] [39;1msnarkJS[0m: betaTauG1: fft 15 join  14/15  1/2 6/8
[36;22m[DEBUG] [39;1msnarkJS[0m: betaTauG1: fft 15 join  14/15  1/2 3/8
[36;22m[DEBUG] [39;1msnarkJS[0m: betaTauG1: fft 15 join  14/15  2/2 1/8
[36;22m[DEBUG] [39;1msnarkJS[0m: betaTauG1: fft 15 join  14/15  2/2 7/8
[36;22m[DEBUG] [39;1msnarkJS[0m: betaTauG1: fft 15 join  14/15  2/2 0/8
[36;22m[DEBUG] [39;1msnarkJS[0m: betaTauG1: fft 15 join  14/15  2/2 4/8
[36;22m[DEBUG] [39;1msnarkJS[0m: betaTauG1: fft 15 join  14/15  2/2 6/8
[36;22m[DEBUG] [39;1msnarkJS[0m: betaTauG1: fft 15 join  14/15  1/2 5/8
[36;22m[DEBUG] [39;1msnarkJS[0m: betaTauG1: fft 15 join  14/15  1/2 7/8
[36;22m[DEBUG] [39;1msnarkJS[0m: betaTauG1: fft  15  join: 15/15
[36;22m[DEBUG] [39;1msnarkJS[0m: betaTauG1: fft 15 join  15/15  1/1 0/16
[36;22m[DEBUG] [39;1msnarkJS[0m: betaTauG1: fft 15 join  15/15  1/1 10/16
[36;22m[DEBUG] [39;1msnarkJS[0m: betaTauG1: fft 15 join  15/15  1/1 9/16
[36;22m[DEBUG] [39;1msnarkJS[0m: betaTauG1: fft 15 join  15/15  1/1 6/16
[36;22m[DEBUG] [39;1msnarkJS[0m: betaTauG1: fft 15 join  15/15  1/1 1/16
[36;22m[DEBUG] [39;1msnarkJS[0m: betaTauG1: fft 15 join  15/15  1/1 2/16
[36;22m[DEBUG] [39;1msnarkJS[0m: betaTauG1: fft 15 join  15/15  1/1 4/16
[36;22m[DEBUG] [39;1msnarkJS[0m: betaTauG1: fft 15 join  15/15  1/1 11/16
[36;22m[DEBUG] [39;1msnarkJS[0m: betaTauG1: fft 15 join  15/15  1/1 3/16
[36;22m[DEBUG] [39;1msnarkJS[0m: betaTauG1: fft 15 join  15/15  1/1 12/16
[36;22m[DEBUG] [39;1msnarkJS[0m: betaTauG1: fft 15 join  15/15  1/1 13/16
[36;22m[DEBUG] [39;1msnarkJS[0m: betaTauG1: fft 15 join  15/15  1/1 15/16
[36;22m[DEBUG] [39;1msnarkJS[0m: betaTauG1: fft 15 join  15/15  1/1 8/16
[36;22m[DEBUG] [39;1msnarkJS[0m: betaTauG1: fft 15 join  15/15  1/1 5/16
[36;22m[DEBUG] [39;1msnarkJS[0m: betaTauG1: fft 15 join  15/15  1/1 14/16
[36;22m[DEBUG] [39;1msnarkJS[0m: betaTauG1: fft 15 join  15/15  1/1 7/16
[36;22m[DEBUG] [39;1msnarkJS[0m: betaTauG1: fft 16 mix start: 0/32
[36;22m[DEBUG] [39;1msnarkJS[0m: betaTauG1: fft 16 mix start: 1/32
[36;22m[DEBUG] [39;1msnarkJS[0m: betaTauG1: fft 16 mix start: 2/32
[36;22m[DEBUG] [39;1msnarkJS[0m: betaTauG1: fft 16 mix start: 3/32
[36;22m[DEBUG] [39;1msnarkJS[0m: betaTauG1: fft 16 mix start: 4/32
[36;22m[DEBUG] [39;1msnarkJS[0m: betaTauG1: fft 16 mix start: 5/32
[36;22m[DEBUG] [39;1msnarkJS[0m: betaTauG1: fft 16 mix start: 6/32
[36;22m[DEBUG] [39;1msnarkJS[0m: betaTauG1: fft 16 mix start: 7/32
[36;22m[DEBUG] [39;1msnarkJS[0m: betaTauG1: fft 16 mix start: 8/32
[36;22m[DEBUG] [39;1msnarkJS[0m: betaTauG1: fft 16 mix start: 9/32
[36;22m[DEBUG] [39;1msnarkJS[0m: betaTauG1: fft 16 mix start: 10/32
[36;22m[DEBUG] [39;1msnarkJS[0m: betaTauG1: fft 16 mix start: 11/32
[36;22m[DEBUG] [39;1msnarkJS[0m: betaTauG1: fft 16 mix start: 12/32
[36;22m[DEBUG] [39;1msnarkJS[0m: betaTauG1: fft 16 mix start: 13/32
[36;22m[DEBUG] [39;1msnarkJS[0m: betaTauG1: fft 16 mix start: 14/32
[36;22m[DEBUG] [39;1msnarkJS[0m: betaTauG1: fft 16 mix start: 15/32
[36;22m[DEBUG] [39;1msnarkJS[0m: betaTauG1: fft 16 mix start: 16/32
[36;22m[DEBUG] [39;1msnarkJS[0m: betaTauG1: fft 16 mix start: 17/32
[36;22m[DEBUG] [39;1msnarkJS[0m: betaTauG1: fft 16 mix start: 18/32
[36;22m[DEBUG] [39;1msnarkJS[0m: betaTauG1: fft 16 mix start: 19/32
[36;22m[DEBUG] [39;1msnarkJS[0m: betaTauG1: fft 16 mix start: 20/32
[36;22m[DEBUG] [39;1msnarkJS[0m: betaTauG1: fft 16 mix start: 21/32
[36;22m[DEBUG] [39;1msnarkJS[0m: betaTauG1: fft 16 mix start: 22/32
[36;22m[DEBUG] [39;1msnarkJS[0m: betaTauG1: fft 16 mix start: 23/32
[36;22m[DEBUG] [39;1msnarkJS[0m: betaTauG1: fft 16 mix start: 24/32
[36;22m[DEBUG] [39;1msnarkJS[0m: betaTauG1: fft 16 mix start: 25/32
[36;22m[DEBUG] [39;1msnarkJS[0m: betaTauG1: fft 16 mix start: 26/32
[36;22m[DEBUG] [39;1msnarkJS[0m: betaTauG1: fft 16 mix start: 27/32
[36;22m[DEBUG] [39;1msnarkJS[0m: betaTauG1: fft 16 mix start: 28/32
[36;22m[DEBUG] [39;1msnarkJS[0m: betaTauG1: fft 16 mix start: 29/32
[36;22m[DEBUG] [39;1msnarkJS[0m: betaTauG1: fft 16 mix start: 30/32
[36;22m[DEBUG] [39;1msnarkJS[0m: betaTauG1: fft 16 mix start: 31/32
[36;22m[DEBUG] [39;1msnarkJS[0m: betaTauG1: fft 16 mix end: 5/32
[36;22m[DEBUG] [39;1msnarkJS[0m: betaTauG1: fft 16 mix end: 7/32
[36;22m[DEBUG] [39;1msnarkJS[0m: betaTauG1: fft 16 mix end: 8/32
[36;22m[DEBUG] [39;1msnarkJS[0m: betaTauG1: fft 16 mix end: 15/32
[36;22m[DEBUG] [39;1msnarkJS[0m: betaTauG1: fft 16 mix end: 29/32
[36;22m[DEBUG] [39;1msnarkJS[0m: betaTauG1: fft 16 mix end: 26/32
[36;22m[DEBUG] [39;1msnarkJS[0m: betaTauG1: fft 16 mix end: 4/32
[36;22m[DEBUG] [39;1msnarkJS[0m: betaTauG1: fft 16 mix end: 10/32
[36;22m[DEBUG] [39;1msnarkJS[0m: betaTauG1: fft 16 mix end: 14/32
[36;22m[DEBUG] [39;1msnarkJS[0m: betaTauG1: fft 16 mix end: 22/32
[36;22m[DEBUG] [39;1msnarkJS[0m: betaTauG1: fft 16 mix end: 0/32
[36;22m[DEBUG] [39;1msnarkJS[0m: betaTauG1: fft 16 mix end: 3/32
[36;22m[DEBUG] [39;1msnarkJS[0m: betaTauG1: fft 16 mix end: 1/32
[36;22m[DEBUG] [39;1msnarkJS[0m: betaTauG1: fft 16 mix end: 31/32
[36;22m[DEBUG] [39;1msnarkJS[0m: betaTauG1: fft 16 mix end: 24/32
[36;22m[DEBUG] [39;1msnarkJS[0m: betaTauG1: fft 16 mix end: 9/32
[36;22m[DEBUG] [39;1msnarkJS[0m: betaTauG1: fft 16 mix end: 16/32
[36;22m[DEBUG] [39;1msnarkJS[0m: betaTauG1: fft 16 mix end: 23/32
[36;22m[DEBUG] [39;1msnarkJS[0m: betaTauG1: fft 16 mix end: 28/32
[36;22m[DEBUG] [39;1msnarkJS[0m: betaTauG1: fft 16 mix end: 6/32
[36;22m[DEBUG] [39;1msnarkJS[0m: betaTauG1: fft 16 mix end: 21/32
[36;22m[DEBUG] [39;1msnarkJS[0m: betaTauG1: fft 16 mix end: 19/32
[36;22m[DEBUG] [39;1msnarkJS[0m: betaTauG1: fft 16 mix end: 11/32
[36;22m[DEBUG] [39;1msnarkJS[0m: betaTauG1: fft 16 mix end: 27/32
[36;22m[DEBUG] [39;1msnarkJS[0m: betaTauG1: fft 16 mix end: 12/32
[36;22m[DEBUG] [39;1msnarkJS[0m: betaTauG1: fft 16 mix end: 25/32
[36;22m[DEBUG] [39;1msnarkJS[0m: betaTauG1: fft 16 mix end: 2/32
[36;22m[DEBUG] [39;1msnarkJS[0m: betaTauG1: fft 16 mix end: 30/32
[36;22m[DEBUG] [39;1msnarkJS[0m: betaTauG1: fft 16 mix end: 17/32
[36;22m[DEBUG] [39;1msnarkJS[0m: betaTauG1: fft 16 mix end: 18/32
[36;22m[DEBUG] [39;1msnarkJS[0m: betaTauG1: fft 16 mix end: 13/32
[36;22m[DEBUG] [39;1msnarkJS[0m: betaTauG1: fft 16 mix end: 20/32
[36;22m[DEBUG] [39;1msnarkJS[0m: betaTauG1: fft  16  join: 12/16
[36;22m[DEBUG] [39;1msnarkJS[0m: betaTauG1: fft 16 join  12/16  1/16 0/1
[36;22m[DEBUG] [39;1msnarkJS[0m: betaTauG1: fft 16 join  12/16  11/16 0/1
[36;22m[DEBUG] [39;1msnarkJS[0m: betaTauG1: fft 16 join  12/16  2/16 0/1
[36;22m[DEBUG] [39;1msnarkJS[0m: betaTauG1: fft 16 join  12/16  7/16 0/1
[36;22m[DEBUG] [39;1msnarkJS[0m: betaTauG1: fft 16 join  12/16  14/16 0/1
[36;22m[DEBUG] [39;1msnarkJS[0m: betaTauG1: fft 16 join  12/16  10/16 0/1
[36;22m[DEBUG] [39;1msnarkJS[0m: betaTauG1: fft 16 join  12/16  5/16 0/1
[36;22m[DEBUG] [39;1msnarkJS[0m: betaTauG1: fft 16 join  12/16  16/16 0/1
[36;22m[DEBUG] [39;1msnarkJS[0m: betaTauG1: fft 16 join  12/16  3/16 0/1
[36;22m[DEBUG] [39;1msnarkJS[0m: betaTauG1: fft 16 join  12/16  9/16 0/1
[36;22m[DEBUG] [39;1msnarkJS[0m: betaTauG1: fft 16 join  12/16  13/16 0/1
[36;22m[DEBUG] [39;1msnarkJS[0m: betaTauG1: fft 16 join  12/16  8/16 0/1
[36;22m[DEBUG] [39;1msnarkJS[0m: betaTauG1: fft 16 join  12/16  6/16 0/1
[36;22m[DEBUG] [39;1msnarkJS[0m: betaTauG1: fft 16 join  12/16  4/16 0/1
[36;22m[DEBUG] [39;1msnarkJS[0m: betaTauG1: fft 16 join  12/16  12/16 0/1
[36;22m[DEBUG] [39;1msnarkJS[0m: betaTauG1: fft 16 join  12/16  15/16 0/1
[36;22m[DEBUG] [39;1msnarkJS[0m: betaTauG1: fft  16  join: 13/16
[36;22m[DEBUG] [39;1msnarkJS[0m: betaTauG1: fft 16 join  13/16  1/8 1/2
[36;22m[DEBUG] [39;1msnarkJS[0m: betaTauG1: fft 16 join  13/16  7/8 1/2
[36;22m[DEBUG] [39;1msnarkJS[0m: betaTauG1: fft 16 join  13/16  5/8 1/2
[36;22m[DEBUG] [39;1msnarkJS[0m: betaTauG1: fft 16 join  13/16  6/8 1/2
[36;22m[DEBUG] [39;1msnarkJS[0m: betaTauG1: fft 16 join  13/16  4/8 0/2
[36;22m[DEBUG] [39;1msnarkJS[0m: betaTauG1: fft 16 join  13/16  3/8 0/2
[36;22m[DEBUG] [39;1msnarkJS[0m: betaTauG1: fft 16 join  13/16  1/8 0/2
[36;22m[DEBUG] [39;1msnarkJS[0m: betaTauG1: fft 16 join  13/16  5/8 0/2
[36;22m[DEBUG] [39;1msnarkJS[0m: betaTauG1: fft 16 join  13/16  6/8 0/2
[36;22m[DEBUG] [39;1msnarkJS[0m: betaTauG1: fft 16 join  13/16  8/8 1/2
[36;22m[DEBUG] [39;1msnarkJS[0m: betaTauG1: fft 16 join  13/16  2/8 0/2
[36;22m[DEBUG] [39;1msnarkJS[0m: betaTauG1: fft 16 join  13/16  7/8 0/2
[36;22m[DEBUG] [39;1msnarkJS[0m: betaTauG1: fft 16 join  13/16  8/8 0/2
[36;22m[DEBUG] [39;1msnarkJS[0m: betaTauG1: fft 16 join  13/16  3/8 1/2
[36;22m[DEBUG] [39;1msnarkJS[0m: betaTauG1: fft 16 join  13/16  4/8 1/2
[36;22m[DEBUG] [39;1msnarkJS[0m: betaTauG1: fft 16 join  13/16  2/8 1/2
[36;22m[DEBUG] [39;1msnarkJS[0m: betaTauG1: fft  16  join: 14/16
[36;22m[DEBUG] [39;1msnarkJS[0m: betaTauG1: fft 16 join  14/16  2/4 2/4
[36;22m[DEBUG] [39;1msnarkJS[0m: betaTauG1: fft 16 join  14/16  3/4 0/4
[36;22m[DEBUG] [39;1msnarkJS[0m: betaTauG1: fft 16 join  14/16  4/4 1/4
[36;22m[DEBUG] [39;1msnarkJS[0m: betaTauG1: fft 16 join  14/16  1/4 1/4
[36;22m[DEBUG] [39;1msnarkJS[0m: betaTauG1: fft 16 join  14/16  2/4 0/4
[36;22m[DEBUG] [39;1msnarkJS[0m: betaTauG1: fft 16 join  14/16  3/4 1/4
[36;22m[DEBUG] [39;1msnarkJS[0m: betaTauG1: fft 16 join  14/16  3/4 3/4
[36;22m[DEBUG] [39;1msnarkJS[0m: betaTauG1: fft 16 join  14/16  3/4 2/4
[36;22m[DEBUG] [39;1msnarkJS[0m: betaTauG1: fft 16 join  14/16  1/4 2/4
[36;22m[DEBUG] [39;1msnarkJS[0m: betaTauG1: fft 16 join  14/16  4/4 3/4
[36;22m[DEBUG] [39;1msnarkJS[0m: betaTauG1: fft 16 join  14/16  1/4 0/4
[36;22m[DEBUG] [39;1msnarkJS[0m: betaTauG1: fft 16 join  14/16  4/4 0/4
[36;22m[DEBUG] [39;1msnarkJS[0m: betaTauG1: fft 16 join  14/16  4/4 2/4
[36;22m[DEBUG] [39;1msnarkJS[0m: betaTauG1: fft 16 join  14/16  2/4 3/4
[36;22m[DEBUG] [39;1msnarkJS[0m: betaTauG1: fft 16 join  14/16  2/4 1/4
[36;22m[DEBUG] [39;1msnarkJS[0m: betaTauG1: fft 16 join  14/16  1/4 3/4
[36;22m[DEBUG] [39;1msnarkJS[0m: betaTauG1: fft  16  join: 15/16
[36;22m[DEBUG] [39;1msnarkJS[0m: betaTauG1: fft 16 join  15/16  2/2 0/8
[36;22m[DEBUG] [39;1msnarkJS[0m: betaTauG1: fft 16 join  15/16  2/2 1/8
[36;22m[DEBUG] [39;1msnarkJS[0m: betaTauG1: fft 16 join  15/16  2/2 5/8
[36;22m[DEBUG] [39;1msnarkJS[0m: betaTauG1: fft 16 join  15/16  2/2 2/8
[36;22m[DEBUG] [39;1msnarkJS[0m: betaTauG1: fft 16 join  15/16  1/2 4/8
[36;22m[DEBUG] [39;1msnarkJS[0m: betaTauG1: fft 16 join  15/16  1/2 2/8
[36;22m[DEBUG] [39;1msnarkJS[0m: betaTauG1: fft 16 join  15/16  1/2 0/8
[36;22m[DEBUG] [39;1msnarkJS[0m: betaTauG1: fft 16 join  15/16  1/2 3/8
[36;22m[DEBUG] [39;1msnarkJS[0m: betaTauG1: fft 16 join  15/16  1/2 6/8
[36;22m[DEBUG] [39;1msnarkJS[0m: betaTauG1: fft 16 join  15/16  2/2 3/8
[36;22m[DEBUG] [39;1msnarkJS[0m: betaTauG1: fft 16 join  15/16  2/2 7/8
[36;22m[DEBUG] [39;1msnarkJS[0m: betaTauG1: fft 16 join  15/16  1/2 1/8
[36;22m[DEBUG] [39;1msnarkJS[0m: betaTauG1: fft 16 join  15/16  2/2 6/8
[36;22m[DEBUG] [39;1msnarkJS[0m: betaTauG1: fft 16 join  15/16  2/2 4/8
[36;22m[DEBUG] [39;1msnarkJS[0m: betaTauG1: fft 16 join  15/16  1/2 5/8
[36;22m[DEBUG] [39;1msnarkJS[0m: betaTauG1: fft 16 join  15/16  1/2 7/8
[36;22m[DEBUG] [39;1msnarkJS[0m: betaTauG1: fft  16  join: 16/16
[36;22m[DEBUG] [39;1msnarkJS[0m: betaTauG1: fft 16 join  16/16  1/1 10/16
[36;22m[DEBUG] [39;1msnarkJS[0m: betaTauG1: fft 16 join  16/16  1/1 1/16
[36;22m[DEBUG] [39;1msnarkJS[0m: betaTauG1: fft 16 join  16/16  1/1 0/16
[36;22m[DEBUG] [39;1msnarkJS[0m: betaTauG1: fft 16 join  16/16  1/1 9/16
[36;22m[DEBUG] [39;1msnarkJS[0m: betaTauG1: fft 16 join  16/16  1/1 6/16
[36;22m[DEBUG] [39;1msnarkJS[0m: betaTauG1: fft 16 join  16/16  1/1 2/16
[36;22m[DEBUG] [39;1msnarkJS[0m: betaTauG1: fft 16 join  16/16  1/1 3/16
[36;22m[DEBUG] [39;1msnarkJS[0m: betaTauG1: fft 16 join  16/16  1/1 11/16
[36;22m[DEBUG] [39;1msnarkJS[0m: betaTauG1: fft 16 join  16/16  1/1 8/16
[36;22m[DEBUG] [39;1msnarkJS[0m: betaTauG1: fft 16 join  16/16  1/1 15/16
[36;22m[DEBUG] [39;1msnarkJS[0m: betaTauG1: fft 16 join  16/16  1/1 13/16
[36;22m[DEBUG] [39;1msnarkJS[0m: betaTauG1: fft 16 join  16/16  1/1 4/16
[36;22m[DEBUG] [39;1msnarkJS[0m: betaTauG1: fft 16 join  16/16  1/1 12/16
[36;22m[DEBUG] [39;1msnarkJS[0m: betaTauG1: fft 16 join  16/16  1/1 14/16
[36;22m[DEBUG] [39;1msnarkJS[0m: betaTauG1: fft 16 join  16/16  1/1 5/16
[36;22m[DEBUG] [39;1msnarkJS[0m: betaTauG1: fft 16 join  16/16  1/1 7/16
[36;22m[DEBUG] [39;1msnarkJS[0m: betaTauG1: fft 17 mix start: 0/32
[36;22m[DEBUG] [39;1msnarkJS[0m: betaTauG1: fft 17 mix start: 1/32
[36;22m[DEBUG] [39;1msnarkJS[0m: betaTauG1: fft 17 mix start: 2/32
[36;22m[DEBUG] [39;1msnarkJS[0m: betaTauG1: fft 17 mix start: 3/32
[36;22m[DEBUG] [39;1msnarkJS[0m: betaTauG1: fft 17 mix start: 4/32
[36;22m[DEBUG] [39;1msnarkJS[0m: betaTauG1: fft 17 mix start: 5/32
[36;22m[DEBUG] [39;1msnarkJS[0m: betaTauG1: fft 17 mix start: 6/32
[36;22m[DEBUG] [39;1msnarkJS[0m: betaTauG1: fft 17 mix start: 7/32
[36;22m[DEBUG] [39;1msnarkJS[0m: betaTauG1: fft 17 mix start: 8/32
[36;22m[DEBUG] [39;1msnarkJS[0m: betaTauG1: fft 17 mix start: 9/32
[36;22m[DEBUG] [39;1msnarkJS[0m: betaTauG1: fft 17 mix start: 10/32
[36;22m[DEBUG] [39;1msnarkJS[0m: betaTauG1: fft 17 mix start: 11/32
[36;22m[DEBUG] [39;1msnarkJS[0m: betaTauG1: fft 17 mix start: 12/32
[36;22m[DEBUG] [39;1msnarkJS[0m: betaTauG1: fft 17 mix start: 13/32
[36;22m[DEBUG] [39;1msnarkJS[0m: betaTauG1: fft 17 mix start: 14/32
[36;22m[DEBUG] [39;1msnarkJS[0m: betaTauG1: fft 17 mix start: 15/32
[36;22m[DEBUG] [39;1msnarkJS[0m: betaTauG1: fft 17 mix start: 16/32
[36;22m[DEBUG] [39;1msnarkJS[0m: betaTauG1: fft 17 mix start: 17/32
[36;22m[DEBUG] [39;1msnarkJS[0m: betaTauG1: fft 17 mix start: 18/32
[36;22m[DEBUG] [39;1msnarkJS[0m: betaTauG1: fft 17 mix start: 19/32
[36;22m[DEBUG] [39;1msnarkJS[0m: betaTauG1: fft 17 mix start: 20/32
[36;22m[DEBUG] [39;1msnarkJS[0m: betaTauG1: fft 17 mix start: 21/32
[36;22m[DEBUG] [39;1msnarkJS[0m: betaTauG1: fft 17 mix start: 22/32
[36;22m[DEBUG] [39;1msnarkJS[0m: betaTauG1: fft 17 mix start: 23/32
[36;22m[DEBUG] [39;1msnarkJS[0m: betaTauG1: fft 17 mix start: 24/32
[36;22m[DEBUG] [39;1msnarkJS[0m: betaTauG1: fft 17 mix start: 25/32
[36;22m[DEBUG] [39;1msnarkJS[0m: betaTauG1: fft 17 mix start: 26/32
[36;22m[DEBUG] [39;1msnarkJS[0m: betaTauG1: fft 17 mix start: 27/32
[36;22m[DEBUG] [39;1msnarkJS[0m: betaTauG1: fft 17 mix start: 28/32
[36;22m[DEBUG] [39;1msnarkJS[0m: betaTauG1: fft 17 mix start: 29/32
[36;22m[DEBUG] [39;1msnarkJS[0m: betaTauG1: fft 17 mix start: 30/32
[36;22m[DEBUG] [39;1msnarkJS[0m: betaTauG1: fft 17 mix start: 31/32
[36;22m[DEBUG] [39;1msnarkJS[0m: betaTauG1: fft 17 mix end: 3/32
[36;22m[DEBUG] [39;1msnarkJS[0m: betaTauG1: fft 17 mix end: 6/32
[36;22m[DEBUG] [39;1msnarkJS[0m: betaTauG1: fft 17 mix end: 0/32
[36;22m[DEBUG] [39;1msnarkJS[0m: betaTauG1: fft 17 mix end: 31/32
[36;22m[DEBUG] [39;1msnarkJS[0m: betaTauG1: fft 17 mix end: 9/32
[36;22m[DEBUG] [39;1msnarkJS[0m: betaTauG1: fft 17 mix end: 15/32
[36;22m[DEBUG] [39;1msnarkJS[0m: betaTauG1: fft 17 mix end: 13/32
[36;22m[DEBUG] [39;1msnarkJS[0m: betaTauG1: fft 17 mix end: 24/32
[36;22m[DEBUG] [39;1msnarkJS[0m: betaTauG1: fft 17 mix end: 7/32
[36;22m[DEBUG] [39;1msnarkJS[0m: betaTauG1: fft 17 mix end: 29/32
[36;22m[DEBUG] [39;1msnarkJS[0m: betaTauG1: fft 17 mix end: 4/32
[36;22m[DEBUG] [39;1msnarkJS[0m: betaTauG1: fft 17 mix end: 5/32
[36;22m[DEBUG] [39;1msnarkJS[0m: betaTauG1: fft 17 mix end: 27/32
[36;22m[DEBUG] [39;1msnarkJS[0m: betaTauG1: fft 17 mix end: 18/32
[36;22m[DEBUG] [39;1msnarkJS[0m: betaTauG1: fft 17 mix end: 23/32
[36;22m[DEBUG] [39;1msnarkJS[0m: betaTauG1: fft 17 mix end: 8/32
[36;22m[DEBUG] [39;1msnarkJS[0m: betaTauG1: fft 17 mix end: 22/32
[36;22m[DEBUG] [39;1msnarkJS[0m: betaTauG1: fft 17 mix end: 20/32
[36;22m[DEBUG] [39;1msnarkJS[0m: betaTauG1: fft 17 mix end: 21/32
[36;22m[DEBUG] [39;1msnarkJS[0m: betaTauG1: fft 17 mix end: 26/32
[36;22m[DEBUG] [39;1msnarkJS[0m: betaTauG1: fft 17 mix end: 19/32
[36;22m[DEBUG] [39;1msnarkJS[0m: betaTauG1: fft 17 mix end: 14/32
[36;22m[DEBUG] [39;1msnarkJS[0m: betaTauG1: fft 17 mix end: 12/32
[36;22m[DEBUG] [39;1msnarkJS[0m: betaTauG1: fft 17 mix end: 1/32
[36;22m[DEBUG] [39;1msnarkJS[0m: betaTauG1: fft 17 mix end: 2/32
[36;22m[DEBUG] [39;1msnarkJS[0m: betaTauG1: fft 17 mix end: 17/32
[36;22m[DEBUG] [39;1msnarkJS[0m: betaTauG1: fft 17 mix end: 10/32
[36;22m[DEBUG] [39;1msnarkJS[0m: betaTauG1: fft 17 mix end: 30/32
[36;22m[DEBUG] [39;1msnarkJS[0m: betaTauG1: fft 17 mix end: 16/32
[36;22m[DEBUG] [39;1msnarkJS[0m: betaTauG1: fft 17 mix end: 11/32
[36;22m[DEBUG] [39;1msnarkJS[0m: betaTauG1: fft 17 mix end: 28/32
[36;22m[DEBUG] [39;1msnarkJS[0m: betaTauG1: fft 17 mix end: 25/32
[36;22m[DEBUG] [39;1msnarkJS[0m: betaTauG1: fft  17  join: 13/17
[36;22m[DEBUG] [39;1msnarkJS[0m: betaTauG1: fft 17 join  13/17  4/16 0/1
[36;22m[DEBUG] [39;1msnarkJS[0m: betaTauG1: fft 17 join  13/17  1/16 0/1
[36;22m[DEBUG] [39;1msnarkJS[0m: betaTauG1: fft 17 join  13/17  2/16 0/1
[36;22m[DEBUG] [39;1msnarkJS[0m: betaTauG1: fft 17 join  13/17  7/16 0/1
[36;22m[DEBUG] [39;1msnarkJS[0m: betaTauG1: fft 17 join  13/17  3/16 0/1
[36;22m[DEBUG] [39;1msnarkJS[0m: betaTauG1: fft 17 join  13/17  14/16 0/1
[36;22m[DEBUG] [39;1msnarkJS[0m: betaTauG1: fft 17 join  13/17  10/16 0/1
[36;22m[DEBUG] [39;1msnarkJS[0m: betaTauG1: fft 17 join  13/17  11/16 0/1
[36;22m[DEBUG] [39;1msnarkJS[0m: betaTauG1: fft 17 join  13/17  16/16 0/1
[36;22m[DEBUG] [39;1msnarkJS[0m: betaTauG1: fft 17 join  13/17  12/16 0/1
[36;22m[DEBUG] [39;1msnarkJS[0m: betaTauG1: fft 17 join  13/17  9/16 0/1
[36;22m[DEBUG] [39;1msnarkJS[0m: betaTauG1: fft 17 join  13/17  15/16 0/1
[36;22m[DEBUG] [39;1msnarkJS[0m: betaTauG1: fft 17 join  13/17  6/16 0/1
[36;22m[DEBUG] [39;1msnarkJS[0m: betaTauG1: fft 17 join  13/17  5/16 0/1
[36;22m[DEBUG] [39;1msnarkJS[0m: betaTauG1: fft 17 join  13/17  13/16 0/1
[36;22m[DEBUG] [39;1msnarkJS[0m: betaTauG1: fft 17 join  13/17  8/16 0/1
[36;22m[DEBUG] [39;1msnarkJS[0m: betaTauG1: fft  17  join: 14/17
[36;22m[DEBUG] [39;1msnarkJS[0m: betaTauG1: fft 17 join  14/17  1/8 1/2
[36;22m[DEBUG] [39;1msnarkJS[0m: betaTauG1: fft 17 join  14/17  4/8 0/2
[36;22m[DEBUG] [39;1msnarkJS[0m: betaTauG1: fft 17 join  14/17  2/8 0/2
[36;22m[DEBUG] [39;1msnarkJS[0m: betaTauG1: fft 17 join  14/17  7/8 1/2
[36;22m[DEBUG] [39;1msnarkJS[0m: betaTauG1: fft 17 join  14/17  6/8 0/2
[36;22m[DEBUG] [39;1msnarkJS[0m: betaTauG1: fft 17 join  14/17  1/8 0/2
[36;22m[DEBUG] [39;1msnarkJS[0m: betaTauG1: fft 17 join  14/17  8/8 1/2
[36;22m[DEBUG] [39;1msnarkJS[0m: betaTauG1: fft 17 join  14/17  5/8 1/2
[36;22m[DEBUG] [39;1msnarkJS[0m: betaTauG1: fft 17 join  14/17  6/8 1/2
[36;22m[DEBUG] [39;1msnarkJS[0m: betaTauG1: fft 17 join  14/17  5/8 0/2
[36;22m[DEBUG] [39;1msnarkJS[0m: betaTauG1: fft 17 join  14/17  3/8 1/2
[36;22m[DEBUG] [39;1msnarkJS[0m: betaTauG1: fft 17 join  14/17  2/8 1/2
[36;22m[DEBUG] [39;1msnarkJS[0m: betaTauG1: fft 17 join  14/17  8/8 0/2
[36;22m[DEBUG] [39;1msnarkJS[0m: betaTauG1: fft 17 join  14/17  7/8 0/2
[36;22m[DEBUG] [39;1msnarkJS[0m: betaTauG1: fft 17 join  14/17  4/8 1/2
[36;22m[DEBUG] [39;1msnarkJS[0m: betaTauG1: fft 17 join  14/17  3/8 0/2
[36;22m[DEBUG] [39;1msnarkJS[0m: betaTauG1: fft  17  join: 15/17
[36;22m[DEBUG] [39;1msnarkJS[0m: betaTauG1: fft 17 join  15/17  1/4 0/4
[36;22m[DEBUG] [39;1msnarkJS[0m: betaTauG1: fft 17 join  15/17  2/4 2/4
[36;22m[DEBUG] [39;1msnarkJS[0m: betaTauG1: fft 17 join  15/17  4/4 1/4
[36;22m[DEBUG] [39;1msnarkJS[0m: betaTauG1: fft 17 join  15/17  3/4 1/4
[36;22m[DEBUG] [39;1msnarkJS[0m: betaTauG1: fft 17 join  15/17  1/4 3/4
[36;22m[DEBUG] [39;1msnarkJS[0m: betaTauG1: fft 17 join  15/17  3/4 2/4
[36;22m[DEBUG] [39;1msnarkJS[0m: betaTauG1: fft 17 join  15/17  4/4 3/4
[36;22m[DEBUG] [39;1msnarkJS[0m: betaTauG1: fft 17 join  15/17  3/4 0/4
[36;22m[DEBUG] [39;1msnarkJS[0m: betaTauG1: fft 17 join  15/17  3/4 3/4
[36;22m[DEBUG] [39;1msnarkJS[0m: betaTauG1: fft 17 join  15/17  2/4 0/4
[36;22m[DEBUG] [39;1msnarkJS[0m: betaTauG1: fft 17 join  15/17  2/4 1/4
[36;22m[DEBUG] [39;1msnarkJS[0m: betaTauG1: fft 17 join  15/17  4/4 2/4
[36;22m[DEBUG] [39;1msnarkJS[0m: betaTauG1: fft 17 join  15/17  1/4 1/4
[36;22m[DEBUG] [39;1msnarkJS[0m: betaTauG1: fft 17 join  15/17  4/4 0/4
[36;22m[DEBUG] [39;1msnarkJS[0m: betaTauG1: fft 17 join  15/17  1/4 2/4
[36;22m[DEBUG] [39;1msnarkJS[0m: betaTauG1: fft 17 join  15/17  2/4 3/4
[36;22m[DEBUG] [39;1msnarkJS[0m: betaTauG1: fft  17  join: 16/17
[36;22m[DEBUG] [39;1msnarkJS[0m: betaTauG1: fft 17 join  16/17  1/2 0/8
[36;22m[DEBUG] [39;1msnarkJS[0m: betaTauG1: fft 17 join  16/17  1/2 1/8
[36;22m[DEBUG] [39;1msnarkJS[0m: betaTauG1: fft 17 join  16/17  1/2 6/8
[36;22m[DEBUG] [39;1msnarkJS[0m: betaTauG1: fft 17 join  16/17  2/2 0/8
[36;22m[DEBUG] [39;1msnarkJS[0m: betaTauG1: fft 17 join  16/17  2/2 5/8
[36;22m[DEBUG] [39;1msnarkJS[0m: betaTauG1: fft 17 join  16/17  2/2 1/8
[36;22m[DEBUG] [39;1msnarkJS[0m: betaTauG1: fft 17 join  16/17  1/2 3/8
[36;22m[DEBUG] [39;1msnarkJS[0m: betaTauG1: fft 17 join  16/17  2/2 2/8
[36;22m[DEBUG] [39;1msnarkJS[0m: betaTauG1: fft 17 join  16/17  2/2 7/8
[36;22m[DEBUG] [39;1msnarkJS[0m: betaTauG1: fft 17 join  16/17  1/2 4/8
[36;22m[DEBUG] [39;1msnarkJS[0m: betaTauG1: fft 17 join  16/17  1/2 5/8
[36;22m[DEBUG] [39;1msnarkJS[0m: betaTauG1: fft 17 join  16/17  1/2 2/8
[36;22m[DEBUG] [39;1msnarkJS[0m: betaTauG1: fft 17 join  16/17  2/2 6/8
[36;22m[DEBUG] [39;1msnarkJS[0m: betaTauG1: fft 17 join  16/17  2/2 3/8
[36;22m[DEBUG] [39;1msnarkJS[0m: betaTauG1: fft 17 join  16/17  2/2 4/8
[36;22m[DEBUG] [39;1msnarkJS[0m: betaTauG1: fft 17 join  16/17  1/2 7/8
[36;22m[DEBUG] [39;1msnarkJS[0m: betaTauG1: fft  17  join: 17/17
[36;22m[DEBUG] [39;1msnarkJS[0m: betaTauG1: fft 17 join  17/17  1/1 1/16
[36;22m[DEBUG] [39;1msnarkJS[0m: betaTauG1: fft 17 join  17/17  1/1 8/16
[36;22m[DEBUG] [39;1msnarkJS[0m: betaTauG1: fft 17 join  17/17  1/1 2/16
[36;22m[DEBUG] [39;1msnarkJS[0m: betaTauG1: fft 17 join  17/17  1/1 6/16
[36;22m[DEBUG] [39;1msnarkJS[0m: betaTauG1: fft 17 join  17/17  1/1 10/16
[36;22m[DEBUG] [39;1msnarkJS[0m: betaTauG1: fft 17 join  17/17  1/1 9/16
[36;22m[DEBUG] [39;1msnarkJS[0m: betaTauG1: fft 17 join  17/17  1/1 15/16
[36;22m[DEBUG] [39;1msnarkJS[0m: betaTauG1: fft 17 join  17/17  1/1 5/16
[36;22m[DEBUG] [39;1msnarkJS[0m: betaTauG1: fft 17 join  17/17  1/1 13/16
[36;22m[DEBUG] [39;1msnarkJS[0m: betaTauG1: fft 17 join  17/17  1/1 3/16
[36;22m[DEBUG] [39;1msnarkJS[0m: betaTauG1: fft 17 join  17/17  1/1 4/16
[36;22m[DEBUG] [39;1msnarkJS[0m: betaTauG1: fft 17 join  17/17  1/1 0/16
[36;22m[DEBUG] [39;1msnarkJS[0m: betaTauG1: fft 17 join  17/17  1/1 11/16
[36;22m[DEBUG] [39;1msnarkJS[0m: betaTauG1: fft 17 join  17/17  1/1 14/16
[36;22m[DEBUG] [39;1msnarkJS[0m: betaTauG1: fft 17 join  17/17  1/1 12/16
[36;22m[DEBUG] [39;1msnarkJS[0m: betaTauG1: fft 17 join  17/17  1/1 7/16
[36;22m[DEBUG] [39;1msnarkJS[0m: betaTauG1: fft 18 mix start: 0/32
[36;22m[DEBUG] [39;1msnarkJS[0m: betaTauG1: fft 18 mix start: 1/32
[36;22m[DEBUG] [39;1msnarkJS[0m: betaTauG1: fft 18 mix start: 2/32
[36;22m[DEBUG] [39;1msnarkJS[0m: betaTauG1: fft 18 mix start: 3/32
[36;22m[DEBUG] [39;1msnarkJS[0m: betaTauG1: fft 18 mix start: 4/32
[36;22m[DEBUG] [39;1msnarkJS[0m: betaTauG1: fft 18 mix start: 5/32
[36;22m[DEBUG] [39;1msnarkJS[0m: betaTauG1: fft 18 mix start: 6/32
[36;22m[DEBUG] [39;1msnarkJS[0m: betaTauG1: fft 18 mix start: 7/32
[36;22m[DEBUG] [39;1msnarkJS[0m: betaTauG1: fft 18 mix start: 8/32
[36;22m[DEBUG] [39;1msnarkJS[0m: betaTauG1: fft 18 mix start: 9/32
[36;22m[DEBUG] [39;1msnarkJS[0m: betaTauG1: fft 18 mix start: 10/32
[36;22m[DEBUG] [39;1msnarkJS[0m: betaTauG1: fft 18 mix start: 11/32
[36;22m[DEBUG] [39;1msnarkJS[0m: betaTauG1: fft 18 mix start: 12/32
[36;22m[DEBUG] [39;1msnarkJS[0m: betaTauG1: fft 18 mix start: 13/32
[36;22m[DEBUG] [39;1msnarkJS[0m: betaTauG1: fft 18 mix start: 14/32
[36;22m[DEBUG] [39;1msnarkJS[0m: betaTauG1: fft 18 mix start: 15/32
[36;22m[DEBUG] [39;1msnarkJS[0m: betaTauG1: fft 18 mix start: 16/32
[36;22m[DEBUG] [39;1msnarkJS[0m: betaTauG1: fft 18 mix start: 17/32
[36;22m[DEBUG] [39;1msnarkJS[0m: betaTauG1: fft 18 mix start: 18/32
[36;22m[DEBUG] [39;1msnarkJS[0m: betaTauG1: fft 18 mix start: 19/32
[36;22m[DEBUG] [39;1msnarkJS[0m: betaTauG1: fft 18 mix start: 20/32
[36;22m[DEBUG] [39;1msnarkJS[0m: betaTauG1: fft 18 mix start: 21/32
[36;22m[DEBUG] [39;1msnarkJS[0m: betaTauG1: fft 18 mix start: 22/32
[36;22m[DEBUG] [39;1msnarkJS[0m: betaTauG1: fft 18 mix start: 23/32
[36;22m[DEBUG] [39;1msnarkJS[0m: betaTauG1: fft 18 mix start: 24/32
[36;22m[DEBUG] [39;1msnarkJS[0m: betaTauG1: fft 18 mix start: 25/32
[36;22m[DEBUG] [39;1msnarkJS[0m: betaTauG1: fft 18 mix start: 26/32
[36;22m[DEBUG] [39;1msnarkJS[0m: betaTauG1: fft 18 mix start: 27/32
[36;22m[DEBUG] [39;1msnarkJS[0m: betaTauG1: fft 18 mix start: 28/32
[36;22m[DEBUG] [39;1msnarkJS[0m: betaTauG1: fft 18 mix start: 29/32
[36;22m[DEBUG] [39;1msnarkJS[0m: betaTauG1: fft 18 mix start: 30/32
[36;22m[DEBUG] [39;1msnarkJS[0m: betaTauG1: fft 18 mix start: 31/32
[36;22m[DEBUG] [39;1msnarkJS[0m: betaTauG1: fft 18 mix end: 15/32
[36;22m[DEBUG] [39;1msnarkJS[0m: betaTauG1: fft 18 mix end: 24/32
[36;22m[DEBUG] [39;1msnarkJS[0m: betaTauG1: fft 18 mix end: 20/32
[36;22m[DEBUG] [39;1msnarkJS[0m: betaTauG1: fft 18 mix end: 11/32
[36;22m[DEBUG] [39;1msnarkJS[0m: betaTauG1: fft 18 mix end: 4/32
[36;22m[DEBUG] [39;1msnarkJS[0m: betaTauG1: fft 18 mix end: 9/32
[36;22m[DEBUG] [39;1msnarkJS[0m: betaTauG1: fft 18 mix end: 22/32
[36;22m[DEBUG] [39;1msnarkJS[0m: betaTauG1: fft 18 mix end: 31/32
[36;22m[DEBUG] [39;1msnarkJS[0m: betaTauG1: fft 18 mix end: 7/32
[36;22m[DEBUG] [39;1msnarkJS[0m: betaTauG1: fft 18 mix end: 6/32
[36;22m[DEBUG] [39;1msnarkJS[0m: betaTauG1: fft 18 mix end: 3/32
[36;22m[DEBUG] [39;1msnarkJS[0m: betaTauG1: fft 18 mix end: 2/32
[36;22m[DEBUG] [39;1msnarkJS[0m: betaTauG1: fft 18 mix end: 12/32
[36;22m[DEBUG] [39;1msnarkJS[0m: betaTauG1: fft 18 mix end: 8/32
[36;22m[DEBUG] [39;1msnarkJS[0m: betaTauG1: fft 18 mix end: 17/32
[36;22m[DEBUG] [39;1msnarkJS[0m: betaTauG1: fft 18 mix end: 26/32
[36;22m[DEBUG] [39;1msnarkJS[0m: betaTauG1: fft 18 mix end: 10/32
[36;22m[DEBUG] [39;1msnarkJS[0m: betaTauG1: fft 18 mix end: 19/32
[36;22m[DEBUG] [39;1msnarkJS[0m: betaTauG1: fft 18 mix end: 23/32
[36;22m[DEBUG] [39;1msnarkJS[0m: betaTauG1: fft 18 mix end: 29/32
[36;22m[DEBUG] [39;1msnarkJS[0m: betaTauG1: fft 18 mix end: 27/32
[36;22m[DEBUG] [39;1msnarkJS[0m: betaTauG1: fft 18 mix end: 5/32
[36;22m[DEBUG] [39;1msnarkJS[0m: betaTauG1: fft 18 mix end: 1/32
[36;22m[DEBUG] [39;1msnarkJS[0m: betaTauG1: fft 18 mix end: 0/32
[36;22m[DEBUG] [39;1msnarkJS[0m: betaTauG1: fft 18 mix end: 13/32
[36;22m[DEBUG] [39;1msnarkJS[0m: betaTauG1: fft 18 mix end: 18/32
[36;22m[DEBUG] [39;1msnarkJS[0m: betaTauG1: fft 18 mix end: 28/32
[36;22m[DEBUG] [39;1msnarkJS[0m: betaTauG1: fft 18 mix end: 21/32
[36;22m[DEBUG] [39;1msnarkJS[0m: betaTauG1: fft 18 mix end: 25/32
[36;22m[DEBUG] [39;1msnarkJS[0m: betaTauG1: fft 18 mix end: 16/32
[36;22m[DEBUG] [39;1msnarkJS[0m: betaTauG1: fft 18 mix end: 30/32
[36;22m[DEBUG] [39;1msnarkJS[0m: betaTauG1: fft 18 mix end: 14/32
[36;22m[DEBUG] [39;1msnarkJS[0m: betaTauG1: fft  18  join: 14/18
[36;22m[DEBUG] [39;1msnarkJS[0m: betaTauG1: fft 18 join  14/18  3/16 0/1
[36;22m[DEBUG] [39;1msnarkJS[0m: betaTauG1: fft 18 join  14/18  9/16 0/1
[36;22m[DEBUG] [39;1msnarkJS[0m: betaTauG1: fft 18 join  14/18  2/16 0/1
[36;22m[DEBUG] [39;1msnarkJS[0m: betaTauG1: fft 18 join  14/18  10/16 0/1
[36;22m[DEBUG] [39;1msnarkJS[0m: betaTauG1: fft 18 join  14/18  7/16 0/1
[36;22m[DEBUG] [39;1msnarkJS[0m: betaTauG1: fft 18 join  14/18  4/16 0/1
[36;22m[DEBUG] [39;1msnarkJS[0m: betaTauG1: fft 18 join  14/18  12/16 0/1
[36;22m[DEBUG] [39;1msnarkJS[0m: betaTauG1: fft 18 join  14/18  1/16 0/1
[36;22m[DEBUG] [39;1msnarkJS[0m: betaTauG1: fft 18 join  14/18  16/16 0/1
[36;22m[DEBUG] [39;1msnarkJS[0m: betaTauG1: fft 18 join  14/18  5/16 0/1
[36;22m[DEBUG] [39;1msnarkJS[0m: betaTauG1: fft 18 join  14/18  6/16 0/1
[36;22m[DEBUG] [39;1msnarkJS[0m: betaTauG1: fft 18 join  14/18  14/16 0/1
[36;22m[DEBUG] [39;1msnarkJS[0m: betaTauG1: fft 18 join  14/18  13/16 0/1
[36;22m[DEBUG] [39;1msnarkJS[0m: betaTauG1: fft 18 join  14/18  11/16 0/1
[36;22m[DEBUG] [39;1msnarkJS[0m: betaTauG1: fft 18 join  14/18  8/16 0/1
[36;22m[DEBUG] [39;1msnarkJS[0m: betaTauG1: fft 18 join  14/18  15/16 0/1
[36;22m[DEBUG] [39;1msnarkJS[0m: betaTauG1: fft  18  join: 15/18
[36;22m[DEBUG] [39;1msnarkJS[0m: betaTauG1: fft 18 join  15/18  4/8 0/2
[36;22m[DEBUG] [39;1msnarkJS[0m: betaTauG1: fft 18 join  15/18  2/8 0/2
[36;22m[DEBUG] [39;1msnarkJS[0m: betaTauG1: fft 18 join  15/18  1/8 1/2
[36;22m[DEBUG] [39;1msnarkJS[0m: betaTauG1: fft 18 join  15/18  5/8 0/2
[36;22m[DEBUG] [39;1msnarkJS[0m: betaTauG1: fft 18 join  15/18  1/8 0/2
[36;22m[DEBUG] [39;1msnarkJS[0m: betaTauG1: fft 18 join  15/18  5/8 1/2
[36;22m[DEBUG] [39;1msnarkJS[0m: betaTauG1: fft 18 join  15/18  6/8 0/2
[36;22m[DEBUG] [39;1msnarkJS[0m: betaTauG1: fft 18 join  15/18  2/8 1/2
[36;22m[DEBUG] [39;1msnarkJS[0m: betaTauG1: fft 18 join  15/18  6/8 1/2
[36;22m[DEBUG] [39;1msnarkJS[0m: betaTauG1: fft 18 join  15/18  8/8 1/2
[36;22m[DEBUG] [39;1msnarkJS[0m: betaTauG1: fft 18 join  15/18  3/8 1/2
[36;22m[DEBUG] [39;1msnarkJS[0m: betaTauG1: fft 18 join  15/18  3/8 0/2
[36;22m[DEBUG] [39;1msnarkJS[0m: betaTauG1: fft 18 join  15/18  7/8 1/2
[36;22m[DEBUG] [39;1msnarkJS[0m: betaTauG1: fft 18 join  15/18  7/8 0/2
[36;22m[DEBUG] [39;1msnarkJS[0m: betaTauG1: fft 18 join  15/18  4/8 1/2
[36;22m[DEBUG] [39;1msnarkJS[0m: betaTauG1: fft 18 join  15/18  8/8 0/2
[36;22m[DEBUG] [39;1msnarkJS[0m: betaTauG1: fft  18  join: 16/18
[36;22m[DEBUG] [39;1msnarkJS[0m: betaTauG1: fft 18 join  16/18  1/4 1/4
[36;22m[DEBUG] [39;1msnarkJS[0m: betaTauG1: fft 18 join  16/18  2/4 2/4
[36;22m[DEBUG] [39;1msnarkJS[0m: betaTauG1: fft 18 join  16/18  3/4 1/4
[36;22m[DEBUG] [39;1msnarkJS[0m: betaTauG1: fft 18 join  16/18  3/4 2/4
[36;22m[DEBUG] [39;1msnarkJS[0m: betaTauG1: fft 18 join  16/18  2/4 0/4
[36;22m[DEBUG] [39;1msnarkJS[0m: betaTauG1: fft 18 join  16/18  4/4 3/4
[36;22m[DEBUG] [39;1msnarkJS[0m: betaTauG1: fft 18 join  16/18  1/4 3/4
[36;22m[DEBUG] [39;1msnarkJS[0m: betaTauG1: fft 18 join  16/18  1/4 0/4
[36;22m[DEBUG] [39;1msnarkJS[0m: betaTauG1: fft 18 join  16/18  3/4 0/4
[36;22m[DEBUG] [39;1msnarkJS[0m: betaTauG1: fft 18 join  16/18  2/4 1/4
[36;22m[DEBUG] [39;1msnarkJS[0m: betaTauG1: fft 18 join  16/18  4/4 0/4
[36;22m[DEBUG] [39;1msnarkJS[0m: betaTauG1: fft 18 join  16/18  4/4 1/4
[36;22m[DEBUG] [39;1msnarkJS[0m: betaTauG1: fft 18 join  16/18  1/4 2/4
[36;22m[DEBUG] [39;1msnarkJS[0m: betaTauG1: fft 18 join  16/18  4/4 2/4
[36;22m[DEBUG] [39;1msnarkJS[0m: betaTauG1: fft 18 join  16/18  2/4 3/4
[36;22m[DEBUG] [39;1msnarkJS[0m: betaTauG1: fft 18 join  16/18  3/4 3/4
[36;22m[DEBUG] [39;1msnarkJS[0m: betaTauG1: fft  18  join: 17/18
[36;22m[DEBUG] [39;1msnarkJS[0m: betaTauG1: fft 18 join  17/18  1/2 0/8
[36;22m[DEBUG] [39;1msnarkJS[0m: betaTauG1: fft 18 join  17/18  1/2 2/8
[36;22m[DEBUG] [39;1msnarkJS[0m: betaTauG1: fft 18 join  17/18  1/2 1/8
[36;22m[DEBUG] [39;1msnarkJS[0m: betaTauG1: fft 18 join  17/18  1/2 6/8
[36;22m[DEBUG] [39;1msnarkJS[0m: betaTauG1: fft 18 join  17/18  2/2 2/8
[36;22m[DEBUG] [39;1msnarkJS[0m: betaTauG1: fft 18 join  17/18  2/2 5/8
[36;22m[DEBUG] [39;1msnarkJS[0m: betaTauG1: fft 18 join  17/18  2/2 1/8
[36;22m[DEBUG] [39;1msnarkJS[0m: betaTauG1: fft 18 join  17/18  1/2 3/8
[36;22m[DEBUG] [39;1msnarkJS[0m: betaTauG1: fft 18 join  17/18  2/2 7/8
[36;22m[DEBUG] [39;1msnarkJS[0m: betaTauG1: fft 18 join  17/18  2/2 3/8
[36;22m[DEBUG] [39;1msnarkJS[0m: betaTauG1: fft 18 join  17/18  2/2 0/8
[36;22m[DEBUG] [39;1msnarkJS[0m: betaTauG1: fft 18 join  17/18  1/2 5/8
[36;22m[DEBUG] [39;1msnarkJS[0m: betaTauG1: fft 18 join  17/18  2/2 4/8
[36;22m[DEBUG] [39;1msnarkJS[0m: betaTauG1: fft 18 join  17/18  1/2 4/8
[36;22m[DEBUG] [39;1msnarkJS[0m: betaTauG1: fft 18 join  17/18  1/2 7/8
[36;22m[DEBUG] [39;1msnarkJS[0m: betaTauG1: fft 18 join  17/18  2/2 6/8
[36;22m[DEBUG] [39;1msnarkJS[0m: betaTauG1: fft  18  join: 18/18
[36;22m[DEBUG] [39;1msnarkJS[0m: betaTauG1: fft 18 join  18/18  1/1 1/16
[36;22m[DEBUG] [39;1msnarkJS[0m: betaTauG1: fft 18 join  18/18  1/1 2/16
[36;22m[DEBUG] [39;1msnarkJS[0m: betaTauG1: fft 18 join  18/18  1/1 10/16
[36;22m[DEBUG] [39;1msnarkJS[0m: betaTauG1: fft 18 join  18/18  1/1 6/16
[36;22m[DEBUG] [39;1msnarkJS[0m: betaTauG1: fft 18 join  18/18  1/1 9/16
[36;22m[DEBUG] [39;1msnarkJS[0m: betaTauG1: fft 18 join  18/18  1/1 15/16
[36;22m[DEBUG] [39;1msnarkJS[0m: betaTauG1: fft 18 join  18/18  1/1 11/16
[36;22m[DEBUG] [39;1msnarkJS[0m: betaTauG1: fft 18 join  18/18  1/1 3/16
[36;22m[DEBUG] [39;1msnarkJS[0m: betaTauG1: fft 18 join  18/18  1/1 0/16
[36;22m[DEBUG] [39;1msnarkJS[0m: betaTauG1: fft 18 join  18/18  1/1 12/16
[36;22m[DEBUG] [39;1msnarkJS[0m: betaTauG1: fft 18 join  18/18  1/1 13/16
[36;22m[DEBUG] [39;1msnarkJS[0m: betaTauG1: fft 18 join  18/18  1/1 5/16
[36;22m[DEBUG] [39;1msnarkJS[0m: betaTauG1: fft 18 join  18/18  1/1 4/16
[36;22m[DEBUG] [39;1msnarkJS[0m: betaTauG1: fft 18 join  18/18  1/1 8/16
[36;22m[DEBUG] [39;1msnarkJS[0m: betaTauG1: fft 18 join  18/18  1/1 14/16
[36;22m[DEBUG] [39;1msnarkJS[0m: betaTauG1: fft 18 join  18/18  1/1 7/16
[36;22m[DEBUG] [39;1msnarkJS[0m: betaTauG1: fft 19 mix start: 0/32
[36;22m[DEBUG] [39;1msnarkJS[0m: betaTauG1: fft 19 mix start: 1/32
[36;22m[DEBUG] [39;1msnarkJS[0m: betaTauG1: fft 19 mix start: 2/32
[36;22m[DEBUG] [39;1msnarkJS[0m: betaTauG1: fft 19 mix start: 3/32
[36;22m[DEBUG] [39;1msnarkJS[0m: betaTauG1: fft 19 mix start: 4/32
[36;22m[DEBUG] [39;1msnarkJS[0m: betaTauG1: fft 19 mix start: 5/32
[36;22m[DEBUG] [39;1msnarkJS[0m: betaTauG1: fft 19 mix start: 6/32
[36;22m[DEBUG] [39;1msnarkJS[0m: betaTauG1: fft 19 mix start: 7/32
[36;22m[DEBUG] [39;1msnarkJS[0m: betaTauG1: fft 19 mix start: 8/32
[36;22m[DEBUG] [39;1msnarkJS[0m: betaTauG1: fft 19 mix start: 9/32
[36;22m[DEBUG] [39;1msnarkJS[0m: betaTauG1: fft 19 mix start: 10/32
[36;22m[DEBUG] [39;1msnarkJS[0m: betaTauG1: fft 19 mix start: 11/32
[36;22m[DEBUG] [39;1msnarkJS[0m: betaTauG1: fft 19 mix start: 12/32
[36;22m[DEBUG] [39;1msnarkJS[0m: betaTauG1: fft 19 mix start: 13/32
[36;22m[DEBUG] [39;1msnarkJS[0m: betaTauG1: fft 19 mix start: 14/32
[36;22m[DEBUG] [39;1msnarkJS[0m: betaTauG1: fft 19 mix start: 15/32
[36;22m[DEBUG] [39;1msnarkJS[0m: betaTauG1: fft 19 mix start: 16/32
[36;22m[DEBUG] [39;1msnarkJS[0m: betaTauG1: fft 19 mix start: 17/32
[36;22m[DEBUG] [39;1msnarkJS[0m: betaTauG1: fft 19 mix start: 18/32
[36;22m[DEBUG] [39;1msnarkJS[0m: betaTauG1: fft 19 mix start: 19/32
[36;22m[DEBUG] [39;1msnarkJS[0m: betaTauG1: fft 19 mix start: 20/32
[36;22m[DEBUG] [39;1msnarkJS[0m: betaTauG1: fft 19 mix start: 21/32
[36;22m[DEBUG] [39;1msnarkJS[0m: betaTauG1: fft 19 mix start: 22/32
[36;22m[DEBUG] [39;1msnarkJS[0m: betaTauG1: fft 19 mix start: 23/32
[36;22m[DEBUG] [39;1msnarkJS[0m: betaTauG1: fft 19 mix start: 24/32
[36;22m[DEBUG] [39;1msnarkJS[0m: betaTauG1: fft 19 mix start: 25/32
[36;22m[DEBUG] [39;1msnarkJS[0m: betaTauG1: fft 19 mix start: 26/32
[36;22m[DEBUG] [39;1msnarkJS[0m: betaTauG1: fft 19 mix start: 27/32
[36;22m[DEBUG] [39;1msnarkJS[0m: betaTauG1: fft 19 mix start: 28/32
[36;22m[DEBUG] [39;1msnarkJS[0m: betaTauG1: fft 19 mix start: 29/32
[36;22m[DEBUG] [39;1msnarkJS[0m: betaTauG1: fft 19 mix start: 30/32
[36;22m[DEBUG] [39;1msnarkJS[0m: betaTauG1: fft 19 mix start: 31/32
[36;22m[DEBUG] [39;1msnarkJS[0m: betaTauG1: fft 19 mix end: 15/32
[36;22m[DEBUG] [39;1msnarkJS[0m: betaTauG1: fft 19 mix end: 20/32
[36;22m[DEBUG] [39;1msnarkJS[0m: betaTauG1: fft 19 mix end: 16/32
[36;22m[DEBUG] [39;1msnarkJS[0m: betaTauG1: fft 19 mix end: 4/32
[36;22m[DEBUG] [39;1msnarkJS[0m: betaTauG1: fft 19 mix end: 5/32
[36;22m[DEBUG] [39;1msnarkJS[0m: betaTauG1: fft 19 mix end: 30/32
[36;22m[DEBUG] [39;1msnarkJS[0m: betaTauG1: fft 19 mix end: 11/32
[36;22m[DEBUG] [39;1msnarkJS[0m: betaTauG1: fft 19 mix end: 9/32
[36;22m[DEBUG] [39;1msnarkJS[0m: betaTauG1: fft 19 mix end: 8/32
[36;22m[DEBUG] [39;1msnarkJS[0m: betaTauG1: fft 19 mix end: 14/32
[36;22m[DEBUG] [39;1msnarkJS[0m: betaTauG1: fft 19 mix end: 13/32
[36;22m[DEBUG] [39;1msnarkJS[0m: betaTauG1: fft 19 mix end: 26/32
[36;22m[DEBUG] [39;1msnarkJS[0m: betaTauG1: fft 19 mix end: 10/32
[36;22m[DEBUG] [39;1msnarkJS[0m: betaTauG1: fft 19 mix end: 0/32
[36;22m[DEBUG] [39;1msnarkJS[0m: betaTauG1: fft 19 mix end: 3/32
[36;22m[DEBUG] [39;1msnarkJS[0m: betaTauG1: fft 19 mix end: 6/32
[36;22m[DEBUG] [39;1msnarkJS[0m: betaTauG1: fft 19 mix end: 28/32
[36;22m[DEBUG] [39;1msnarkJS[0m: betaTauG1: fft 19 mix end: 23/32
[36;22m[DEBUG] [39;1msnarkJS[0m: betaTauG1: fft 19 mix end: 2/32
[36;22m[DEBUG] [39;1msnarkJS[0m: betaTauG1: fft 19 mix end: 27/32
[36;22m[DEBUG] [39;1msnarkJS[0m: betaTauG1: fft 19 mix end: 29/32
[36;22m[DEBUG] [39;1msnarkJS[0m: betaTauG1: fft 19 mix end: 1/32
[36;22m[DEBUG] [39;1msnarkJS[0m: betaTauG1: fft 19 mix end: 21/32
[36;22m[DEBUG] [39;1msnarkJS[0m: betaTauG1: fft 19 mix end: 24/32
[36;22m[DEBUG] [39;1msnarkJS[0m: betaTauG1: fft 19 mix end: 18/32
[36;22m[DEBUG] [39;1msnarkJS[0m: betaTauG1: fft 19 mix end: 17/32
[36;22m[DEBUG] [39;1msnarkJS[0m: betaTauG1: fft 19 mix end: 12/32
[36;22m[DEBUG] [39;1msnarkJS[0m: betaTauG1: fft 19 mix end: 25/32
[36;22m[DEBUG] [39;1msnarkJS[0m: betaTauG1: fft 19 mix end: 22/32
[36;22m[DEBUG] [39;1msnarkJS[0m: betaTauG1: fft 19 mix end: 19/32
[36;22m[DEBUG] [39;1msnarkJS[0m: betaTauG1: fft 19 mix end: 7/32
[36;22m[DEBUG] [39;1msnarkJS[0m: betaTauG1: fft 19 mix end: 31/32
[36;22m[DEBUG] [39;1msnarkJS[0m: betaTauG1: fft  19  join: 15/19
[36;22m[DEBUG] [39;1msnarkJS[0m: betaTauG1: fft 19 join  15/19  7/16 0/1
[36;22m[DEBUG] [39;1msnarkJS[0m: betaTauG1: fft 19 join  15/19  1/16 0/1
[36;22m[DEBUG] [39;1msnarkJS[0m: betaTauG1: fft 19 join  15/19  3/16 0/1
[36;22m[DEBUG] [39;1msnarkJS[0m: betaTauG1: fft 19 join  15/19  12/16 0/1
[36;22m[DEBUG] [39;1msnarkJS[0m: betaTauG1: fft 19 join  15/19  11/16 0/1
[36;22m[DEBUG] [39;1msnarkJS[0m: betaTauG1: fft 19 join  15/19  10/16 0/1
[36;22m[DEBUG] [39;1msnarkJS[0m: betaTauG1: fft 19 join  15/19  2/16 0/1
[36;22m[DEBUG] [39;1msnarkJS[0m: betaTauG1: fft 19 join  15/19  16/16 0/1
[36;22m[DEBUG] [39;1msnarkJS[0m: betaTauG1: fft 19 join  15/19  9/16 0/1
[36;22m[DEBUG] [39;1msnarkJS[0m: betaTauG1: fft 19 join  15/19  13/16 0/1
[36;22m[DEBUG] [39;1msnarkJS[0m: betaTauG1: fft 19 join  15/19  5/16 0/1
[36;22m[DEBUG] [39;1msnarkJS[0m: betaTauG1: fft 19 join  15/19  4/16 0/1
[36;22m[DEBUG] [39;1msnarkJS[0m: betaTauG1: fft 19 join  15/19  8/16 0/1
[36;22m[DEBUG] [39;1msnarkJS[0m: betaTauG1: fft 19 join  15/19  6/16 0/1
[36;22m[DEBUG] [39;1msnarkJS[0m: betaTauG1: fft 19 join  15/19  14/16 0/1
[36;22m[DEBUG] [39;1msnarkJS[0m: betaTauG1: fft 19 join  15/19  15/16 0/1
[36;22m[DEBUG] [39;1msnarkJS[0m: betaTauG1: fft  19  join: 16/19
[36;22m[DEBUG] [39;1msnarkJS[0m: betaTauG1: fft 19 join  16/19  1/8 0/2
[36;22m[DEBUG] [39;1msnarkJS[0m: betaTauG1: fft 19 join  16/19  4/8 0/2
[36;22m[DEBUG] [39;1msnarkJS[0m: betaTauG1: fft 19 join  16/19  6/8 0/2
[36;22m[DEBUG] [39;1msnarkJS[0m: betaTauG1: fft 19 join  16/19  1/8 1/2
[36;22m[DEBUG] [39;1msnarkJS[0m: betaTauG1: fft 19 join  16/19  2/8 0/2
[36;22m[DEBUG] [39;1msnarkJS[0m: betaTauG1: fft 19 join  16/19  2/8 1/2
[36;22m[DEBUG] [39;1msnarkJS[0m: betaTauG1: fft 19 join  16/19  5/8 1/2
[36;22m[DEBUG] [39;1msnarkJS[0m: betaTauG1: fft 19 join  16/19  6/8 1/2
[36;22m[DEBUG] [39;1msnarkJS[0m: betaTauG1: fft 19 join  16/19  8/8 1/2
[36;22m[DEBUG] [39;1msnarkJS[0m: betaTauG1: fft 19 join  16/19  3/8 1/2
[36;22m[DEBUG] [39;1msnarkJS[0m: betaTauG1: fft 19 join  16/19  5/8 0/2
[36;22m[DEBUG] [39;1msnarkJS[0m: betaTauG1: fft 19 join  16/19  3/8 0/2
[36;22m[DEBUG] [39;1msnarkJS[0m: betaTauG1: fft 19 join  16/19  7/8 1/2
[36;22m[DEBUG] [39;1msnarkJS[0m: betaTauG1: fft 19 join  16/19  7/8 0/2
[36;22m[DEBUG] [39;1msnarkJS[0m: betaTauG1: fft 19 join  16/19  4/8 1/2
[36;22m[DEBUG] [39;1msnarkJS[0m: betaTauG1: fft 19 join  16/19  8/8 0/2
[36;22m[DEBUG] [39;1msnarkJS[0m: betaTauG1: fft  19  join: 17/19
[36;22m[DEBUG] [39;1msnarkJS[0m: betaTauG1: fft 19 join  17/19  1/4 0/4
[36;22m[DEBUG] [39;1msnarkJS[0m: betaTauG1: fft 19 join  17/19  3/4 3/4
[36;22m[DEBUG] [39;1msnarkJS[0m: betaTauG1: fft 19 join  17/19  3/4 1/4
[36;22m[DEBUG] [39;1msnarkJS[0m: betaTauG1: fft 19 join  17/19  1/4 3/4
[36;22m[DEBUG] [39;1msnarkJS[0m: betaTauG1: fft 19 join  17/19  3/4 2/4
[36;22m[DEBUG] [39;1msnarkJS[0m: betaTauG1: fft 19 join  17/19  1/4 1/4
[36;22m[DEBUG] [39;1msnarkJS[0m: betaTauG1: fft 19 join  17/19  2/4 2/4
[36;22m[DEBUG] [39;1msnarkJS[0m: betaTauG1: fft 19 join  17/19  1/4 2/4
[36;22m[DEBUG] [39;1msnarkJS[0m: betaTauG1: fft 19 join  17/19  4/4 3/4
[36;22m[DEBUG] [39;1msnarkJS[0m: betaTauG1: fft 19 join  17/19  3/4 0/4
[36;22m[DEBUG] [39;1msnarkJS[0m: betaTauG1: fft 19 join  17/19  4/4 1/4
[36;22m[DEBUG] [39;1msnarkJS[0m: betaTauG1: fft 19 join  17/19  2/4 0/4
[36;22m[DEBUG] [39;1msnarkJS[0m: betaTauG1: fft 19 join  17/19  2/4 1/4
[36;22m[DEBUG] [39;1msnarkJS[0m: betaTauG1: fft 19 join  17/19  4/4 0/4
[36;22m[DEBUG] [39;1msnarkJS[0m: betaTauG1: fft 19 join  17/19  2/4 3/4
[36;22m[DEBUG] [39;1msnarkJS[0m: betaTauG1: fft 19 join  17/19  4/4 2/4
[36;22m[DEBUG] [39;1msnarkJS[0m: betaTauG1: fft  19  join: 18/19
[36;22m[DEBUG] [39;1msnarkJS[0m: betaTauG1: fft 19 join  18/19  1/2 6/8
[36;22m[DEBUG] [39;1msnarkJS[0m: betaTauG1: fft 19 join  18/19  2/2 2/8
[36;22m[DEBUG] [39;1msnarkJS[0m: betaTauG1: fft 19 join  18/19  2/2 3/8
[36;22m[DEBUG] [39;1msnarkJS[0m: betaTauG1: fft 19 join  18/19  1/2 0/8
[36;22m[DEBUG] [39;1msnarkJS[0m: betaTauG1: fft 19 join  18/19  1/2 1/8
[36;22m[DEBUG] [39;1msnarkJS[0m: betaTauG1: fft 19 join  18/19  2/2 1/8
[36;22m[DEBUG] [39;1msnarkJS[0m: betaTauG1: fft 19 join  18/19  1/2 3/8
[36;22m[DEBUG] [39;1msnarkJS[0m: betaTauG1: fft 19 join  18/19  2/2 7/8
[36;22m[DEBUG] [39;1msnarkJS[0m: betaTauG1: fft 19 join  18/19  2/2 0/8
[36;22m[DEBUG] [39;1msnarkJS[0m: betaTauG1: fft 19 join  18/19  1/2 2/8
[36;22m[DEBUG] [39;1msnarkJS[0m: betaTauG1: fft 19 join  18/19  1/2 4/8
[36;22m[DEBUG] [39;1msnarkJS[0m: betaTauG1: fft 19 join  18/19  2/2 4/8
[36;22m[DEBUG] [39;1msnarkJS[0m: betaTauG1: fft 19 join  18/19  1/2 5/8
[36;22m[DEBUG] [39;1msnarkJS[0m: betaTauG1: fft 19 join  18/19  1/2 7/8
[36;22m[DEBUG] [39;1msnarkJS[0m: betaTauG1: fft 19 join  18/19  2/2 5/8
[36;22m[DEBUG] [39;1msnarkJS[0m: betaTauG1: fft 19 join  18/19  2/2 6/8
[36;22m[DEBUG] [39;1msnarkJS[0m: betaTauG1: fft  19  join: 19/19
[36;22m[DEBUG] [39;1msnarkJS[0m: betaTauG1: fft 19 join  19/19  1/1 9/16
[36;22m[DEBUG] [39;1msnarkJS[0m: betaTauG1: fft 19 join  19/19  1/1 1/16
[36;22m[DEBUG] [39;1msnarkJS[0m: betaTauG1: fft 19 join  19/19  1/1 6/16
[36;22m[DEBUG] [39;1msnarkJS[0m: betaTauG1: fft 19 join  19/19  1/1 0/16
[36;22m[DEBUG] [39;1msnarkJS[0m: betaTauG1: fft 19 join  19/19  1/1 11/16
[36;22m[DEBUG] [39;1msnarkJS[0m: betaTauG1: fft 19 join  19/19  1/1 2/16
[36;22m[DEBUG] [39;1msnarkJS[0m: betaTauG1: fft 19 join  19/19  1/1 10/16
[36;22m[DEBUG] [39;1msnarkJS[0m: betaTauG1: fft 19 join  19/19  1/1 5/16
[36;22m[DEBUG] [39;1msnarkJS[0m: betaTauG1: fft 19 join  19/19  1/1 15/16
[36;22m[DEBUG] [39;1msnarkJS[0m: betaTauG1: fft 19 join  19/19  1/1 12/16
[36;22m[DEBUG] [39;1msnarkJS[0m: betaTauG1: fft 19 join  19/19  1/1 3/16
[36;22m[DEBUG] [39;1msnarkJS[0m: betaTauG1: fft 19 join  19/19  1/1 8/16
[36;22m[DEBUG] [39;1msnarkJS[0m: betaTauG1: fft 19 join  19/19  1/1 4/16
[36;22m[DEBUG] [39;1msnarkJS[0m: betaTauG1: fft 19 join  19/19  1/1 14/16
[36;22m[DEBUG] [39;1msnarkJS[0m: betaTauG1: fft 19 join  19/19  1/1 7/16
[36;22m[DEBUG] [39;1msnarkJS[0m: betaTauG1: fft 19 join  19/19  1/1 13/16
[36;22m[DEBUG] [39;1msnarkJS[0m: betaTauG1: fft 20 mix start: 0/64
[36;22m[DEBUG] [39;1msnarkJS[0m: betaTauG1: fft 20 mix start: 1/64
[36;22m[DEBUG] [39;1msnarkJS[0m: betaTauG1: fft 20 mix start: 2/64
[36;22m[DEBUG] [39;1msnarkJS[0m: betaTauG1: fft 20 mix start: 3/64
[36;22m[DEBUG] [39;1msnarkJS[0m: betaTauG1: fft 20 mix start: 4/64
[36;22m[DEBUG] [39;1msnarkJS[0m: betaTauG1: fft 20 mix start: 5/64
[36;22m[DEBUG] [39;1msnarkJS[0m: betaTauG1: fft 20 mix start: 6/64
[36;22m[DEBUG] [39;1msnarkJS[0m: betaTauG1: fft 20 mix start: 7/64
[36;22m[DEBUG] [39;1msnarkJS[0m: betaTauG1: fft 20 mix start: 8/64
[36;22m[DEBUG] [39;1msnarkJS[0m: betaTauG1: fft 20 mix start: 9/64
[36;22m[DEBUG] [39;1msnarkJS[0m: betaTauG1: fft 20 mix start: 10/64
[36;22m[DEBUG] [39;1msnarkJS[0m: betaTauG1: fft 20 mix start: 11/64
[36;22m[DEBUG] [39;1msnarkJS[0m: betaTauG1: fft 20 mix start: 12/64
[36;22m[DEBUG] [39;1msnarkJS[0m: betaTauG1: fft 20 mix start: 13/64
[36;22m[DEBUG] [39;1msnarkJS[0m: betaTauG1: fft 20 mix start: 14/64
[36;22m[DEBUG] [39;1msnarkJS[0m: betaTauG1: fft 20 mix start: 15/64
[36;22m[DEBUG] [39;1msnarkJS[0m: betaTauG1: fft 20 mix start: 16/64
[36;22m[DEBUG] [39;1msnarkJS[0m: betaTauG1: fft 20 mix start: 17/64
[36;22m[DEBUG] [39;1msnarkJS[0m: betaTauG1: fft 20 mix start: 18/64
[36;22m[DEBUG] [39;1msnarkJS[0m: betaTauG1: fft 20 mix start: 19/64
[36;22m[DEBUG] [39;1msnarkJS[0m: betaTauG1: fft 20 mix start: 20/64
[36;22m[DEBUG] [39;1msnarkJS[0m: betaTauG1: fft 20 mix start: 21/64
[36;22m[DEBUG] [39;1msnarkJS[0m: betaTauG1: fft 20 mix start: 22/64
[36;22m[DEBUG] [39;1msnarkJS[0m: betaTauG1: fft 20 mix start: 23/64
[36;22m[DEBUG] [39;1msnarkJS[0m: betaTauG1: fft 20 mix start: 24/64
[36;22m[DEBUG] [39;1msnarkJS[0m: betaTauG1: fft 20 mix start: 25/64
[36;22m[DEBUG] [39;1msnarkJS[0m: betaTauG1: fft 20 mix start: 26/64
[36;22m[DEBUG] [39;1msnarkJS[0m: betaTauG1: fft 20 mix start: 27/64
[36;22m[DEBUG] [39;1msnarkJS[0m: betaTauG1: fft 20 mix start: 28/64
[36;22m[DEBUG] [39;1msnarkJS[0m: betaTauG1: fft 20 mix start: 29/64
[36;22m[DEBUG] [39;1msnarkJS[0m: betaTauG1: fft 20 mix start: 30/64
[36;22m[DEBUG] [39;1msnarkJS[0m: betaTauG1: fft 20 mix start: 31/64
[36;22m[DEBUG] [39;1msnarkJS[0m: betaTauG1: fft 20 mix start: 32/64
[36;22m[DEBUG] [39;1msnarkJS[0m: betaTauG1: fft 20 mix start: 33/64
[36;22m[DEBUG] [39;1msnarkJS[0m: betaTauG1: fft 20 mix start: 34/64
[36;22m[DEBUG] [39;1msnarkJS[0m: betaTauG1: fft 20 mix start: 35/64
[36;22m[DEBUG] [39;1msnarkJS[0m: betaTauG1: fft 20 mix start: 36/64
[36;22m[DEBUG] [39;1msnarkJS[0m: betaTauG1: fft 20 mix start: 37/64
[36;22m[DEBUG] [39;1msnarkJS[0m: betaTauG1: fft 20 mix start: 38/64
[36;22m[DEBUG] [39;1msnarkJS[0m: betaTauG1: fft 20 mix start: 39/64
[36;22m[DEBUG] [39;1msnarkJS[0m: betaTauG1: fft 20 mix start: 40/64
[36;22m[DEBUG] [39;1msnarkJS[0m: betaTauG1: fft 20 mix start: 41/64
[36;22m[DEBUG] [39;1msnarkJS[0m: betaTauG1: fft 20 mix start: 42/64
[36;22m[DEBUG] [39;1msnarkJS[0m: betaTauG1: fft 20 mix start: 43/64
[36;22m[DEBUG] [39;1msnarkJS[0m: betaTauG1: fft 20 mix start: 44/64
[36;22m[DEBUG] [39;1msnarkJS[0m: betaTauG1: fft 20 mix start: 45/64
[36;22m[DEBUG] [39;1msnarkJS[0m: betaTauG1: fft 20 mix start: 46/64
[36;22m[DEBUG] [39;1msnarkJS[0m: betaTauG1: fft 20 mix start: 47/64
[36;22m[DEBUG] [39;1msnarkJS[0m: betaTauG1: fft 20 mix start: 48/64
[36;22m[DEBUG] [39;1msnarkJS[0m: betaTauG1: fft 20 mix start: 49/64
[36;22m[DEBUG] [39;1msnarkJS[0m: betaTauG1: fft 20 mix start: 50/64
[36;22m[DEBUG] [39;1msnarkJS[0m: betaTauG1: fft 20 mix start: 51/64
[36;22m[DEBUG] [39;1msnarkJS[0m: betaTauG1: fft 20 mix start: 52/64
[36;22m[DEBUG] [39;1msnarkJS[0m: betaTauG1: fft 20 mix start: 53/64
[36;22m[DEBUG] [39;1msnarkJS[0m: betaTauG1: fft 20 mix start: 54/64
[36;22m[DEBUG] [39;1msnarkJS[0m: betaTauG1: fft 20 mix start: 55/64
[36;22m[DEBUG] [39;1msnarkJS[0m: betaTauG1: fft 20 mix start: 56/64
[36;22m[DEBUG] [39;1msnarkJS[0m: betaTauG1: fft 20 mix start: 57/64
[36;22m[DEBUG] [39;1msnarkJS[0m: betaTauG1: fft 20 mix start: 58/64
[36;22m[DEBUG] [39;1msnarkJS[0m: betaTauG1: fft 20 mix start: 59/64
[36;22m[DEBUG] [39;1msnarkJS[0m: betaTauG1: fft 20 mix start: 60/64
[36;22m[DEBUG] [39;1msnarkJS[0m: betaTauG1: fft 20 mix start: 61/64
[36;22m[DEBUG] [39;1msnarkJS[0m: betaTauG1: fft 20 mix start: 62/64
[36;22m[DEBUG] [39;1msnarkJS[0m: betaTauG1: fft 20 mix start: 63/64
[36;22m[DEBUG] [39;1msnarkJS[0m: betaTauG1: fft 20 mix end: 30/64
[36;22m[DEBUG] [39;1msnarkJS[0m: betaTauG1: fft 20 mix end: 13/64
[36;22m[DEBUG] [39;1msnarkJS[0m: betaTauG1: fft 20 mix end: 19/64
[36;22m[DEBUG] [39;1msnarkJS[0m: betaTauG1: fft 20 mix end: 3/64
[36;22m[DEBUG] [39;1msnarkJS[0m: betaTauG1: fft 20 mix end: 11/64
[36;22m[DEBUG] [39;1msnarkJS[0m: betaTauG1: fft 20 mix end: 28/64
[36;22m[DEBUG] [39;1msnarkJS[0m: betaTauG1: fft 20 mix end: 15/64
[36;22m[DEBUG] [39;1msnarkJS[0m: betaTauG1: fft 20 mix end: 12/64
[36;22m[DEBUG] [39;1msnarkJS[0m: betaTauG1: fft 20 mix end: 6/64
[36;22m[DEBUG] [39;1msnarkJS[0m: betaTauG1: fft 20 mix end: 4/64
[36;22m[DEBUG] [39;1msnarkJS[0m: betaTauG1: fft 20 mix end: 14/64
[36;22m[DEBUG] [39;1msnarkJS[0m: betaTauG1: fft 20 mix end: 2/64
[36;22m[DEBUG] [39;1msnarkJS[0m: betaTauG1: fft 20 mix end: 16/64
[36;22m[DEBUG] [39;1msnarkJS[0m: betaTauG1: fft 20 mix end: 22/64
[36;22m[DEBUG] [39;1msnarkJS[0m: betaTauG1: fft 20 mix end: 1/64
[36;22m[DEBUG] [39;1msnarkJS[0m: betaTauG1: fft 20 mix end: 9/64
[36;22m[DEBUG] [39;1msnarkJS[0m: betaTauG1: fft 20 mix end: 27/64
[36;22m[DEBUG] [39;1msnarkJS[0m: betaTauG1: fft 20 mix end: 18/64
[36;22m[DEBUG] [39;1msnarkJS[0m: betaTauG1: fft 20 mix end: 20/64
[36;22m[DEBUG] [39;1msnarkJS[0m: betaTauG1: fft 20 mix end: 21/64
[36;22m[DEBUG] [39;1msnarkJS[0m: betaTauG1: fft 20 mix end: 26/64
[36;22m[DEBUG] [39;1msnarkJS[0m: betaTauG1: fft 20 mix end: 7/64
[36;22m[DEBUG] [39;1msnarkJS[0m: betaTauG1: fft 20 mix end: 8/64
[36;22m[DEBUG] [39;1msnarkJS[0m: betaTauG1: fft 20 mix end: 10/64
[36;22m[DEBUG] [39;1msnarkJS[0m: betaTauG1: fft 20 mix end: 23/64
[36;22m[DEBUG] [39;1msnarkJS[0m: betaTauG1: fft 20 mix end: 31/64
[36;22m[DEBUG] [39;1msnarkJS[0m: betaTauG1: fft 20 mix end: 24/64
[36;22m[DEBUG] [39;1msnarkJS[0m: betaTauG1: fft 20 mix end: 5/64
[36;22m[DEBUG] [39;1msnarkJS[0m: betaTauG1: fft 20 mix end: 0/64
[36;22m[DEBUG] [39;1msnarkJS[0m: betaTauG1: fft 20 mix end: 25/64
[36;22m[DEBUG] [39;1msnarkJS[0m: betaTauG1: fft 20 mix end: 29/64
[36;22m[DEBUG] [39;1msnarkJS[0m: betaTauG1: fft 20 mix end: 17/64
[36;22m[DEBUG] [39;1msnarkJS[0m: betaTauG1: fft 20 mix end: 33/64
[36;22m[DEBUG] [39;1msnarkJS[0m: betaTauG1: fft 20 mix end: 32/64
[36;22m[DEBUG] [39;1msnarkJS[0m: betaTauG1: fft 20 mix end: 35/64
[36;22m[DEBUG] [39;1msnarkJS[0m: betaTauG1: fft 20 mix end: 43/64
[36;22m[DEBUG] [39;1msnarkJS[0m: betaTauG1: fft 20 mix end: 36/64
[36;22m[DEBUG] [39;1msnarkJS[0m: betaTauG1: fft 20 mix end: 37/64
[36;22m[DEBUG] [39;1msnarkJS[0m: betaTauG1: fft 20 mix end: 38/64
[36;22m[DEBUG] [39;1msnarkJS[0m: betaTauG1: fft 20 mix end: 42/64
[36;22m[DEBUG] [39;1msnarkJS[0m: betaTauG1: fft 20 mix end: 53/64
[36;22m[DEBUG] [39;1msnarkJS[0m: betaTauG1: fft 20 mix end: 45/64
[36;22m[DEBUG] [39;1msnarkJS[0m: betaTauG1: fft 20 mix end: 34/64
[36;22m[DEBUG] [39;1msnarkJS[0m: betaTauG1: fft 20 mix end: 41/64
[36;22m[DEBUG] [39;1msnarkJS[0m: betaTauG1: fft 20 mix end: 40/64
[36;22m[DEBUG] [39;1msnarkJS[0m: betaTauG1: fft 20 mix end: 57/64
[36;22m[DEBUG] [39;1msnarkJS[0m: betaTauG1: fft 20 mix end: 49/64
[36;22m[DEBUG] [39;1msnarkJS[0m: betaTauG1: fft 20 mix end: 50/64
[36;22m[DEBUG] [39;1msnarkJS[0m: betaTauG1: fft 20 mix end: 39/64
[36;22m[DEBUG] [39;1msnarkJS[0m: betaTauG1: fft 20 mix end: 61/64
[36;22m[DEBUG] [39;1msnarkJS[0m: betaTauG1: fft 20 mix end: 47/64
[36;22m[DEBUG] [39;1msnarkJS[0m: betaTauG1: fft 20 mix end: 60/64
[36;22m[DEBUG] [39;1msnarkJS[0m: betaTauG1: fft 20 mix end: 56/64
[36;22m[DEBUG] [39;1msnarkJS[0m: betaTauG1: fft 20 mix end: 44/64
[36;22m[DEBUG] [39;1msnarkJS[0m: betaTauG1: fft 20 mix end: 51/64
[36;22m[DEBUG] [39;1msnarkJS[0m: betaTauG1: fft 20 mix end: 59/64
[36;22m[DEBUG] [39;1msnarkJS[0m: betaTauG1: fft 20 mix end: 54/64
[36;22m[DEBUG] [39;1msnarkJS[0m: betaTauG1: fft 20 mix end: 46/64
[36;22m[DEBUG] [39;1msnarkJS[0m: betaTauG1: fft 20 mix end: 52/64
[36;22m[DEBUG] [39;1msnarkJS[0m: betaTauG1: fft 20 mix end: 62/64
[36;22m[DEBUG] [39;1msnarkJS[0m: betaTauG1: fft 20 mix end: 55/64
[36;22m[DEBUG] [39;1msnarkJS[0m: betaTauG1: fft 20 mix end: 63/64
[36;22m[DEBUG] [39;1msnarkJS[0m: betaTauG1: fft 20 mix end: 48/64
[36;22m[DEBUG] [39;1msnarkJS[0m: betaTauG1: fft 20 mix end: 58/64
[36;22m[DEBUG] [39;1msnarkJS[0m: betaTauG1: fft  20  join: 15/20
[36;22m[DEBUG] [39;1msnarkJS[0m: betaTauG1: fft 20 join  15/20  11/32 0/1
[36;22m[DEBUG] [39;1msnarkJS[0m: betaTauG1: fft 20 join  15/20  3/32 0/1
[36;22m[DEBUG] [39;1msnarkJS[0m: betaTauG1: fft 20 join  15/20  8/32 0/1
[36;22m[DEBUG] [39;1msnarkJS[0m: betaTauG1: fft 20 join  15/20  32/32 0/1
[36;22m[DEBUG] [39;1msnarkJS[0m: betaTauG1: fft 20 join  15/20  21/32 0/1
[36;22m[DEBUG] [39;1msnarkJS[0m: betaTauG1: fft 20 join  15/20  23/32 0/1
[36;22m[DEBUG] [39;1msnarkJS[0m: betaTauG1: fft 20 join  15/20  19/32 0/1
[36;22m[DEBUG] [39;1msnarkJS[0m: betaTauG1: fft 20 join  15/20  30/32 0/1
[36;22m[DEBUG] [39;1msnarkJS[0m: betaTauG1: fft 20 join  15/20  13/32 0/1
[36;22m[DEBUG] [39;1msnarkJS[0m: betaTauG1: fft 20 join  15/20  9/32 0/1
[36;22m[DEBUG] [39;1msnarkJS[0m: betaTauG1: fft 20 join  15/20  6/32 0/1
[36;22m[DEBUG] [39;1msnarkJS[0m: betaTauG1: fft 20 join  15/20  14/32 0/1
[36;22m[DEBUG] [39;1msnarkJS[0m: betaTauG1: fft 20 join  15/20  26/32 0/1
[36;22m[DEBUG] [39;1msnarkJS[0m: betaTauG1: fft 20 join  15/20  31/32 0/1
[36;22m[DEBUG] [39;1msnarkJS[0m: betaTauG1: fft 20 join  15/20  20/32 0/1
[36;22m[DEBUG] [39;1msnarkJS[0m: betaTauG1: fft 20 join  15/20  15/32 0/1
[36;22m[DEBUG] [39;1msnarkJS[0m: betaTauG1: fft 20 join  15/20  24/32 0/1
[36;22m[DEBUG] [39;1msnarkJS[0m: betaTauG1: fft 20 join  15/20  25/32 0/1
[36;22m[DEBUG] [39;1msnarkJS[0m: betaTauG1: fft 20 join  15/20  7/32 0/1
[36;22m[DEBUG] [39;1msnarkJS[0m: betaTauG1: fft 20 join  15/20  1/32 0/1
[36;22m[DEBUG] [39;1msnarkJS[0m: betaTauG1: fft 20 join  15/20  12/32 0/1
[36;22m[DEBUG] [39;1msnarkJS[0m: betaTauG1: fft 20 join  15/20  10/32 0/1
[36;22m[DEBUG] [39;1msnarkJS[0m: betaTauG1: fft 20 join  15/20  17/32 0/1
[36;22m[DEBUG] [39;1msnarkJS[0m: betaTauG1: fft 20 join  15/20  18/32 0/1
[36;22m[DEBUG] [39;1msnarkJS[0m: betaTauG1: fft 20 join  15/20  4/32 0/1
[36;22m[DEBUG] [39;1msnarkJS[0m: betaTauG1: fft 20 join  15/20  5/32 0/1
[36;22m[DEBUG] [39;1msnarkJS[0m: betaTauG1: fft 20 join  15/20  16/32 0/1
[36;22m[DEBUG] [39;1msnarkJS[0m: betaTauG1: fft 20 join  15/20  29/32 0/1
[36;22m[DEBUG] [39;1msnarkJS[0m: betaTauG1: fft 20 join  15/20  28/32 0/1
[36;22m[DEBUG] [39;1msnarkJS[0m: betaTauG1: fft 20 join  15/20  27/32 0/1
[36;22m[DEBUG] [39;1msnarkJS[0m: betaTauG1: fft 20 join  15/20  2/32 0/1
[36;22m[DEBUG] [39;1msnarkJS[0m: betaTauG1: fft 20 join  15/20  22/32 0/1
[36;22m[DEBUG] [39;1msnarkJS[0m: betaTauG1: fft  20  join: 16/20
[36;22m[DEBUG] [39;1msnarkJS[0m: betaTauG1: fft 20 join  16/20  4/16 0/2
[36;22m[DEBUG] [39;1msnarkJS[0m: betaTauG1: fft 20 join  16/20  2/16 1/2
[36;22m[DEBUG] [39;1msnarkJS[0m: betaTauG1: fft 20 join  16/20  2/16 0/2
[36;22m[DEBUG] [39;1msnarkJS[0m: betaTauG1: fft 20 join  16/20  12/16 0/2
[36;22m[DEBUG] [39;1msnarkJS[0m: betaTauG1: fft 20 join  16/20  10/16 1/2
[36;22m[DEBUG] [39;1msnarkJS[0m: betaTauG1: fft 20 join  16/20  4/16 1/2
[36;22m[DEBUG] [39;1msnarkJS[0m: betaTauG1: fft 20 join  16/20  1/16 0/2
[36;22m[DEBUG] [39;1msnarkJS[0m: betaTauG1: fft 20 join  16/20  13/16 1/2
[36;22m[DEBUG] [39;1msnarkJS[0m: betaTauG1: fft 20 join  16/20  16/16 0/2
[36;22m[DEBUG] [39;1msnarkJS[0m: betaTauG1: fft 20 join  16/20  15/16 1/2
[36;22m[DEBUG] [39;1msnarkJS[0m: betaTauG1: fft 20 join  16/20  3/16 0/2
[36;22m[DEBUG] [39;1msnarkJS[0m: betaTauG1: fft 20 join  16/20  3/16 1/2
[36;22m[DEBUG] [39;1msnarkJS[0m: betaTauG1: fft 20 join  16/20  9/16 0/2
[36;22m[DEBUG] [39;1msnarkJS[0m: betaTauG1: fft 20 join  16/20  1/16 1/2
[36;22m[DEBUG] [39;1msnarkJS[0m: betaTauG1: fft 20 join  16/20  11/16 0/2
[36;22m[DEBUG] [39;1msnarkJS[0m: betaTauG1: fft 20 join  16/20  7/16 1/2
[36;22m[DEBUG] [39;1msnarkJS[0m: betaTauG1: fft 20 join  16/20  5/16 0/2
[36;22m[DEBUG] [39;1msnarkJS[0m: betaTauG1: fft 20 join  16/20  6/16 1/2
[36;22m[DEBUG] [39;1msnarkJS[0m: betaTauG1: fft 20 join  16/20  14/16 1/2
[36;22m[DEBUG] [39;1msnarkJS[0m: betaTauG1: fft 20 join  16/20  10/16 0/2
[36;22m[DEBUG] [39;1msnarkJS[0m: betaTauG1: fft 20 join  16/20  14/16 0/2
[36;22m[DEBUG] [39;1msnarkJS[0m: betaTauG1: fft 20 join  16/20  15/16 0/2
[36;22m[DEBUG] [39;1msnarkJS[0m: betaTauG1: fft 20 join  16/20  11/16 1/2
[36;22m[DEBUG] [39;1msnarkJS[0m: betaTauG1: fft 20 join  16/20  9/16 1/2
[36;22m[DEBUG] [39;1msnarkJS[0m: betaTauG1: fft 20 join  16/20  7/16 0/2
[36;22m[DEBUG] [39;1msnarkJS[0m: betaTauG1: fft 20 join  16/20  16/16 1/2
[36;22m[DEBUG] [39;1msnarkJS[0m: betaTauG1: fft 20 join  16/20  8/16 1/2
[36;22m[DEBUG] [39;1msnarkJS[0m: betaTauG1: fft 20 join  16/20  6/16 0/2
[36;22m[DEBUG] [39;1msnarkJS[0m: betaTauG1: fft 20 join  16/20  5/16 1/2
[36;22m[DEBUG] [39;1msnarkJS[0m: betaTauG1: fft 20 join  16/20  12/16 1/2
[36;22m[DEBUG] [39;1msnarkJS[0m: betaTauG1: fft 20 join  16/20  13/16 0/2
[36;22m[DEBUG] [39;1msnarkJS[0m: betaTauG1: fft 20 join  16/20  8/16 0/2
[36;22m[DEBUG] [39;1msnarkJS[0m: betaTauG1: fft  20  join: 17/20
[36;22m[DEBUG] [39;1msnarkJS[0m: betaTauG1: fft 20 join  17/20  4/8 1/4
[36;22m[DEBUG] [39;1msnarkJS[0m: betaTauG1: fft 20 join  17/20  7/8 1/4
[36;22m[DEBUG] [39;1msnarkJS[0m: betaTauG1: fft 20 join  17/20  1/8 3/4
[36;22m[DEBUG] [39;1msnarkJS[0m: betaTauG1: fft 20 join  17/20  1/8 1/4
[36;22m[DEBUG] [39;1msnarkJS[0m: betaTauG1: fft 20 join  17/20  3/8 0/4
[36;22m[DEBUG] [39;1msnarkJS[0m: betaTauG1: fft 20 join  17/20  1/8 2/4
[36;22m[DEBUG] [39;1msnarkJS[0m: betaTauG1: fft 20 join  17/20  2/8 2/4
[36;22m[DEBUG] [39;1msnarkJS[0m: betaTauG1: fft 20 join  17/20  2/8 0/4
[36;22m[DEBUG] [39;1msnarkJS[0m: betaTauG1: fft 20 join  17/20  2/8 3/4
[36;22m[DEBUG] [39;1msnarkJS[0m: betaTauG1: fft 20 join  17/20  2/8 1/4
[36;22m[DEBUG] [39;1msnarkJS[0m: betaTauG1: fft 20 join  17/20  6/8 3/4
[36;22m[DEBUG] [39;1msnarkJS[0m: betaTauG1: fft 20 join  17/20  1/8 0/4
[36;22m[DEBUG] [39;1msnarkJS[0m: betaTauG1: fft 20 join  17/20  4/8 3/4
[36;22m[DEBUG] [39;1msnarkJS[0m: betaTauG1: fft 20 join  17/20  6/8 0/4
[36;22m[DEBUG] [39;1msnarkJS[0m: betaTauG1: fft 20 join  17/20  8/8 0/4
[36;22m[DEBUG] [39;1msnarkJS[0m: betaTauG1: fft 20 join  17/20  5/8 0/4
[36;22m[DEBUG] [39;1msnarkJS[0m: betaTauG1: fft 20 join  17/20  3/8 3/4
[36;22m[DEBUG] [39;1msnarkJS[0m: betaTauG1: fft 20 join  17/20  3/8 1/4
[36;22m[DEBUG] [39;1msnarkJS[0m: betaTauG1: fft 20 join  17/20  7/8 3/4
[36;22m[DEBUG] [39;1msnarkJS[0m: betaTauG1: fft 20 join  17/20  8/8 1/4
[36;22m[DEBUG] [39;1msnarkJS[0m: betaTauG1: fft 20 join  17/20  6/8 1/4
[36;22m[DEBUG] [39;1msnarkJS[0m: betaTauG1: fft 20 join  17/20  6/8 2/4
[36;22m[DEBUG] [39;1msnarkJS[0m: betaTauG1: fft 20 join  17/20  7/8 0/4
[36;22m[DEBUG] [39;1msnarkJS[0m: betaTauG1: fft 20 join  17/20  4/8 2/4
[36;22m[DEBUG] [39;1msnarkJS[0m: betaTauG1: fft 20 join  17/20  7/8 2/4
[36;22m[DEBUG] [39;1msnarkJS[0m: betaTauG1: fft 20 join  17/20  5/8 2/4
[36;22m[DEBUG] [39;1msnarkJS[0m: betaTauG1: fft 20 join  17/20  3/8 2/4
[36;22m[DEBUG] [39;1msnarkJS[0m: betaTauG1: fft 20 join  17/20  5/8 3/4
[36;22m[DEBUG] [39;1msnarkJS[0m: betaTauG1: fft 20 join  17/20  8/8 2/4
[36;22m[DEBUG] [39;1msnarkJS[0m: betaTauG1: fft 20 join  17/20  8/8 3/4
[36;22m[DEBUG] [39;1msnarkJS[0m: betaTauG1: fft 20 join  17/20  5/8 1/4
[36;22m[DEBUG] [39;1msnarkJS[0m: betaTauG1: fft 20 join  17/20  4/8 0/4
[36;22m[DEBUG] [39;1msnarkJS[0m: betaTauG1: fft  20  join: 18/20
[36;22m[DEBUG] [39;1msnarkJS[0m: betaTauG1: fft 20 join  18/20  1/4 4/8
[36;22m[DEBUG] [39;1msnarkJS[0m: betaTauG1: fft 20 join  18/20  1/4 2/8
[36;22m[DEBUG] [39;1msnarkJS[0m: betaTauG1: fft 20 join  18/20  3/4 4/8
[36;22m[DEBUG] [39;1msnarkJS[0m: betaTauG1: fft 20 join  18/20  1/4 5/8
[36;22m[DEBUG] [39;1msnarkJS[0m: betaTauG1: fft 20 join  18/20  4/4 3/8
[36;22m[DEBUG] [39;1msnarkJS[0m: betaTauG1: fft 20 join  18/20  4/4 0/8
[36;22m[DEBUG] [39;1msnarkJS[0m: betaTauG1: fft 20 join  18/20  2/4 5/8
[36;22m[DEBUG] [39;1msnarkJS[0m: betaTauG1: fft 20 join  18/20  3/4 2/8
[36;22m[DEBUG] [39;1msnarkJS[0m: betaTauG1: fft 20 join  18/20  2/4 6/8
[36;22m[DEBUG] [39;1msnarkJS[0m: betaTauG1: fft 20 join  18/20  2/4 0/8
[36;22m[DEBUG] [39;1msnarkJS[0m: betaTauG1: fft 20 join  18/20  2/4 3/8
[36;22m[DEBUG] [39;1msnarkJS[0m: betaTauG1: fft 20 join  18/20  4/4 5/8
[36;22m[DEBUG] [39;1msnarkJS[0m: betaTauG1: fft 20 join  18/20  1/4 6/8
[36;22m[DEBUG] [39;1msnarkJS[0m: betaTauG1: fft 20 join  18/20  2/4 7/8
[36;22m[DEBUG] [39;1msnarkJS[0m: betaTauG1: fft 20 join  18/20  4/4 2/8
[36;22m[DEBUG] [39;1msnarkJS[0m: betaTauG1: fft 20 join  18/20  1/4 3/8
[36;22m[DEBUG] [39;1msnarkJS[0m: betaTauG1: fft 20 join  18/20  2/4 4/8
[36;22m[DEBUG] [39;1msnarkJS[0m: betaTauG1: fft 20 join  18/20  4/4 6/8
[36;22m[DEBUG] [39;1msnarkJS[0m: betaTauG1: fft 20 join  18/20  2/4 1/8
[36;22m[DEBUG] [39;1msnarkJS[0m: betaTauG1: fft 20 join  18/20  3/4 7/8
[36;22m[DEBUG] [39;1msnarkJS[0m: betaTauG1: fft 20 join  18/20  2/4 2/8
[36;22m[DEBUG] [39;1msnarkJS[0m: betaTauG1: fft 20 join  18/20  1/4 7/8
[36;22m[DEBUG] [39;1msnarkJS[0m: betaTauG1: fft 20 join  18/20  4/4 4/8
[36;22m[DEBUG] [39;1msnarkJS[0m: betaTauG1: fft 20 join  18/20  3/4 0/8
[36;22m[DEBUG] [39;1msnarkJS[0m: betaTauG1: fft 20 join  18/20  4/4 7/8
[36;22m[DEBUG] [39;1msnarkJS[0m: betaTauG1: fft 20 join  18/20  1/4 1/8
[36;22m[DEBUG] [39;1msnarkJS[0m: betaTauG1: fft 20 join  18/20  1/4 0/8
[36;22m[DEBUG] [39;1msnarkJS[0m: betaTauG1: fft 20 join  18/20  3/4 1/8
[36;22m[DEBUG] [39;1msnarkJS[0m: betaTauG1: fft 20 join  18/20  3/4 6/8
[36;22m[DEBUG] [39;1msnarkJS[0m: betaTauG1: fft 20 join  18/20  3/4 5/8
[36;22m[DEBUG] [39;1msnarkJS[0m: betaTauG1: fft 20 join  18/20  3/4 3/8
[36;22m[DEBUG] [39;1msnarkJS[0m: betaTauG1: fft 20 join  18/20  4/4 1/8
[36;22m[DEBUG] [39;1msnarkJS[0m: betaTauG1: fft  20  join: 19/20
[36;22m[DEBUG] [39;1msnarkJS[0m: betaTauG1: fft 20 join  19/20  1/2 13/16
[36;22m[DEBUG] [39;1msnarkJS[0m: betaTauG1: fft 20 join  19/20  1/2 8/16
[36;22m[DEBUG] [39;1msnarkJS[0m: betaTauG1: fft 20 join  19/20  1/2 5/16
[36;22m[DEBUG] [39;1msnarkJS[0m: betaTauG1: fft 20 join  19/20  1/2 0/16
[36;22m[DEBUG] [39;1msnarkJS[0m: betaTauG1: fft 20 join  19/20  1/2 6/16
[36;22m[DEBUG] [39;1msnarkJS[0m: betaTauG1: fft 20 join  19/20  1/2 15/16
[36;22m[DEBUG] [39;1msnarkJS[0m: betaTauG1: fft 20 join  19/20  2/2 15/16
[36;22m[DEBUG] [39;1msnarkJS[0m: betaTauG1: fft 20 join  19/20  1/2 3/16
[36;22m[DEBUG] [39;1msnarkJS[0m: betaTauG1: fft 20 join  19/20  2/2 10/16
[36;22m[DEBUG] [39;1msnarkJS[0m: betaTauG1: fft 20 join  19/20  2/2 2/16
[36;22m[DEBUG] [39;1msnarkJS[0m: betaTauG1: fft 20 join  19/20  2/2 8/16
[36;22m[DEBUG] [39;1msnarkJS[0m: betaTauG1: fft 20 join  19/20  2/2 5/16
[36;22m[DEBUG] [39;1msnarkJS[0m: betaTauG1: fft 20 join  19/20  1/2 2/16
[36;22m[DEBUG] [39;1msnarkJS[0m: betaTauG1: fft 20 join  19/20  2/2 14/16
[36;22m[DEBUG] [39;1msnarkJS[0m: betaTauG1: fft 20 join  19/20  1/2 9/16
[36;22m[DEBUG] [39;1msnarkJS[0m: betaTauG1: fft 20 join  19/20  1/2 10/16
[36;22m[DEBUG] [39;1msnarkJS[0m: betaTauG1: fft 20 join  19/20  2/2 9/16
[36;22m[DEBUG] [39;1msnarkJS[0m: betaTauG1: fft 20 join  19/20  2/2 3/16
[36;22m[DEBUG] [39;1msnarkJS[0m: betaTauG1: fft 20 join  19/20  2/2 12/16
[36;22m[DEBUG] [39;1msnarkJS[0m: betaTauG1: fft 20 join  19/20  1/2 11/16
[36;22m[DEBUG] [39;1msnarkJS[0m: betaTauG1: fft 20 join  19/20  2/2 13/16
[36;22m[DEBUG] [39;1msnarkJS[0m: betaTauG1: fft 20 join  19/20  2/2 4/16
[36;22m[DEBUG] [39;1msnarkJS[0m: betaTauG1: fft 20 join  19/20  2/2 6/16
[36;22m[DEBUG] [39;1msnarkJS[0m: betaTauG1: fft 20 join  19/20  1/2 1/16
[36;22m[DEBUG] [39;1msnarkJS[0m: betaTauG1: fft 20 join  19/20  1/2 12/16
[36;22m[DEBUG] [39;1msnarkJS[0m: betaTauG1: fft 20 join  19/20  1/2 4/16
[36;22m[DEBUG] [39;1msnarkJS[0m: betaTauG1: fft 20 join  19/20  2/2 0/16
[36;22m[DEBUG] [39;1msnarkJS[0m: betaTauG1: fft 20 join  19/20  2/2 1/16
[36;22m[DEBUG] [39;1msnarkJS[0m: betaTauG1: fft 20 join  19/20  2/2 7/16
[36;22m[DEBUG] [39;1msnarkJS[0m: betaTauG1: fft 20 join  19/20  2/2 11/16
[36;22m[DEBUG] [39;1msnarkJS[0m: betaTauG1: fft 20 join  19/20  1/2 7/16
[36;22m[DEBUG] [39;1msnarkJS[0m: betaTauG1: fft 20 join  19/20  1/2 14/16
[36;22m[DEBUG] [39;1msnarkJS[0m: betaTauG1: fft  20  join: 20/20
[36;22m[DEBUG] [39;1msnarkJS[0m: betaTauG1: fft 20 join  20/20  1/1 13/32
[36;22m[DEBUG] [39;1msnarkJS[0m: betaTauG1: fft 20 join  20/20  1/1 3/32
[36;22m[DEBUG] [39;1msnarkJS[0m: betaTauG1: fft 20 join  20/20  1/1 22/32
[36;22m[DEBUG] [39;1msnarkJS[0m: betaTauG1: fft 20 join  20/20  1/1 0/32
[36;22m[DEBUG] [39;1msnarkJS[0m: betaTauG1: fft 20 join  20/20  1/1 23/32
[36;22m[DEBUG] [39;1msnarkJS[0m: betaTauG1: fft 20 join  20/20  1/1 25/32
[36;22m[DEBUG] [39;1msnarkJS[0m: betaTauG1: fft 20 join  20/20  1/1 2/32
[36;22m[DEBUG] [39;1msnarkJS[0m: betaTauG1: fft 20 join  20/20  1/1 11/32
[36;22m[DEBUG] [39;1msnarkJS[0m: betaTauG1: fft 20 join  20/20  1/1 5/32
[36;22m[DEBUG] [39;1msnarkJS[0m: betaTauG1: fft 20 join  20/20  1/1 4/32
[36;22m[DEBUG] [39;1msnarkJS[0m: betaTauG1: fft 20 join  20/20  1/1 14/32
[36;22m[DEBUG] [39;1msnarkJS[0m: betaTauG1: fft 20 join  20/20  1/1 12/32
[36;22m[DEBUG] [39;1msnarkJS[0m: betaTauG1: fft 20 join  20/20  1/1 10/32
[36;22m[DEBUG] [39;1msnarkJS[0m: betaTauG1: fft 20 join  20/20  1/1 30/32
[36;22m[DEBUG] [39;1msnarkJS[0m: betaTauG1: fft 20 join  20/20  1/1 18/32
[36;22m[DEBUG] [39;1msnarkJS[0m: betaTauG1: fft 20 join  20/20  1/1 20/32
[36;22m[DEBUG] [39;1msnarkJS[0m: betaTauG1: fft 20 join  20/20  1/1 27/32
[36;22m[DEBUG] [39;1msnarkJS[0m: betaTauG1: fft 20 join  20/20  1/1 8/32
[36;22m[DEBUG] [39;1msnarkJS[0m: betaTauG1: fft 20 join  20/20  1/1 15/32
[36;22m[DEBUG] [39;1msnarkJS[0m: betaTauG1: fft 20 join  20/20  1/1 24/32
[36;22m[DEBUG] [39;1msnarkJS[0m: betaTauG1: fft 20 join  20/20  1/1 26/32
[36;22m[DEBUG] [39;1msnarkJS[0m: betaTauG1: fft 20 join  20/20  1/1 16/32
[36;22m[DEBUG] [39;1msnarkJS[0m: betaTauG1: fft 20 join  20/20  1/1 28/32
[36;22m[DEBUG] [39;1msnarkJS[0m: betaTauG1: fft 20 join  20/20  1/1 31/32
[36;22m[DEBUG] [39;1msnarkJS[0m: betaTauG1: fft 20 join  20/20  1/1 6/32
[36;22m[DEBUG] [39;1msnarkJS[0m: betaTauG1: fft 20 join  20/20  1/1 29/32
[36;22m[DEBUG] [39;1msnarkJS[0m: betaTauG1: fft 20 join  20/20  1/1 19/32
[36;22m[DEBUG] [39;1msnarkJS[0m: betaTauG1: fft 20 join  20/20  1/1 9/32
[36;22m[DEBUG] [39;1msnarkJS[0m: betaTauG1: fft 20 join  20/20  1/1 7/32
[36;22m[DEBUG] [39;1msnarkJS[0m: betaTauG1: fft 20 join  20/20  1/1 1/32
[36;22m[DEBUG] [39;1msnarkJS[0m: betaTauG1: fft 20 join  20/20  1/1 17/32
[36;22m[DEBUG] [39;1msnarkJS[0m: betaTauG1: fft 20 join  20/20  1/1 21/32
