# cmd : snarkjs powersoftau prepare phase2 pot21_beacon.ptau pot21_final.ptau -v
# cwd : /home/r24barbi/bench-out/20260825_120620/circuits/8192

[36;22m[DEBUG] [39;1msnarkJS[0m: Starting section: tauG1
[36;22m[DEBUG] [39;1msnarkJS[0m: tauG1: fft 0 mix start: 0/1
[36;22m[DEBUG] [39;1msnarkJS[0m: tauG1: fft 0 mix end: 0/1
[36;22m[DEBUG] [39;1msnarkJS[0m: tauG1: fft 1 mix start: 0/1
[36;22m[DEBUG] [39;1msnarkJS[0m: tauG1: fft 1 mix end: 0/1
[36;22m[DEBUG] [39;1msnarkJS[0m: tauG1: fft 2 mix start: 0/1
[36;22m[DEBUG] [39;1msnarkJS[0m: tauG1: fft 2 mix end: 0/1
[36;22m[DEBUG] [39;1msnarkJS[0m: tauG1: fft 3 mix start: 0/1
[36;22m[DEBUG] [39;1msnarkJS[0m: tauG1: fft 3 mix end: 0/1
[36;22m[DEBUG] [39;1msnarkJS[0m: tauG1: fft 4 mix start: 0/2
[36;22m[DEBUG] [39;1msnarkJS[0m: tauG1: fft 4 mix start: 1/2
[36;22m[DEBUG] [39;1msnarkJS[0m: tauG1: fft 4 mix end: 0/2
[36;22m[DEBUG] [39;1msnarkJS[0m: tauG1: fft 4 mix end: 1/2
[36;22m[DEBUG] [39;1msnarkJS[0m: tauG1: fft  4  join: 4/4
[36;22m[DEBUG] [39;1msnarkJS[0m: tauG1: fft 4 join  4/4  1/1 0/1
[36;22m[DEBUG] [39;1msnarkJS[0m: tauG1: fft 5 mix start: 0/4
[36;22m[DEBUG] [39;1msnarkJS[0m: tauG1: fft 5 mix start: 1/4
[36;22m[DEBUG] [39;1msnarkJS[0m: tauG1: fft 5 mix start: 2/4
[36;22m[DEBUG] [39;1msnarkJS[0m: tauG1: fft 5 mix start: 3/4
[36;22m[DEBUG] [39;1msnarkJS[0m: tauG1: fft 5 mix end: 1/4
[36;22m[DEBUG] [39;1msnarkJS[0m: tauG1: fft 5 mix end: 0/4
[36;22m[DEBUG] [39;1msnarkJS[0m: tauG1: fft 5 mix end: 3/4
[36;22m[DEBUG] [39;1msnarkJS[0m: tauG1: fft 5 mix end: 2/4
[36;22m[DEBUG] [39;1msnarkJS[0m: tauG1: fft  5  join: 4/5
[36;22m[DEBUG] [39;1msnarkJS[0m: tauG1: fft 5 join  4/5  1/2 0/1
[36;22m[DEBUG] [39;1msnarkJS[0m: tauG1: fft 5 join  4/5  2/2 0/1
[36;22m[DEBUG] [39;1msnarkJS[0m: tauG1: fft  5  join: 5/5
[36;22m[DEBUG] [39;1msnarkJS[0m: tauG1: fft 5 join  5/5  1/1 0/2
[36;22m[DEBUG] [39;1msnarkJS[0m: tauG1: fft 5 join  5/5  1/1 1/2
[36;22m[DEBUG] [39;1msnarkJS[0m: tauG1: fft 6 mix start: 0/8
[36;22m[DEBUG] [39;1msnarkJS[0m: tauG1: fft 6 mix start: 1/8
[36;22m[DEBUG] [39;1msnarkJS[0m: tauG1: fft 6 mix start: 2/8
[36;22m[DEBUG] [39;1msnarkJS[0m: tauG1: fft 6 mix start: 3/8
[36;22m[DEBUG] [39;1msnarkJS[0m: tauG1: fft 6 mix start: 4/8
[36;22m[DEBUG] [39;1msnarkJS[0m: tauG1: fft 6 mix start: 5/8
[36;22m[DEBUG] [39;1msnarkJS[0m: tauG1: fft 6 mix start: 6/8
[36;22m[DEBUG] [39;1msnarkJS[0m: tauG1: fft 6 mix start: 7/8
[36;22m[DEBUG] [39;1msnarkJS[0m: tauG1: fft 6 mix end: 1/8
[36;22m[DEBUG] [39;1msnarkJS[0m: tauG1: fft 6 mix end: 0/8
[36;22m[DEBUG] [39;1msnarkJS[0m: tauG1: fft 6 mix end: 3/8
[36;22m[DEBUG] [39;1msnarkJS[0m: tauG1: fft 6 mix end: 2/8
[36;22m[DEBUG] [39;1msnarkJS[0m: tauG1: fft 6 mix end: 7/8
[36;22m[DEBUG] [39;1msnarkJS[0m: tauG1: fft 6 mix end: 5/8
[36;22m[DEBUG] [39;1msnarkJS[0m: tauG1: fft 6 mix end: 4/8
[36;22m[DEBUG] [39;1msnarkJS[0m: tauG1: fft 6 mix end: 6/8
[36;22m[DEBUG] [39;1msnarkJS[0m: tauG1: fft  6  join: 4/6
[36;22m[DEBUG] [39;1msnarkJS[0m: tauG1: fft 6 join  4/6  2/4 0/1
[36;22m[DEBUG] [39;1msnarkJS[0m: tauG1: fft 6 join  4/6  4/4 0/1
[36;22m[DEBUG] [39;1msnarkJS[0m: tauG1: fft 6 join  4/6  1/4 0/1
[36;22m[DEBUG] [39;1msnarkJS[0m: tauG1: fft 6 join  4/6  3/4 0/1
[36;22m[DEBUG] [39;1msnarkJS[0m: tauG1: fft  6  join: 5/6
[36;22m[DEBUG] [39;1msnarkJS[0m: tauG1: fft 6 join  5/6  1/2 1/2
[36;22m[DEBUG] [39;1msnarkJS[0m: tauG1: fft 6 join  5/6  2/2 1/2
[36;22m[DEBUG] [39;1msnarkJS[0m: tauG1: fft 6 join  5/6  1/2 0/2
[36;22m[DEBUG] [39;1msnarkJS[0m: tauG1: fft 6 join  5/6  2/2 0/2
[36;22m[DEBUG] [39;1msnarkJS[0m: tauG1: fft  6  join: 6/6
[36;22m[DEBUG] [39;1msnarkJS[0m: tauG1: fft 6 join  6/6  1/1 1/4
[36;22m[DEBUG] [39;1msnarkJS[0m: tauG1: fft 6 join  6/6  1/1 3/4
[36;22m[DEBUG] [39;1msnarkJS[0m: tauG1: fft 6 join  6/6  1/1 0/4
[36;22m[DEBUG] [39;1msnarkJS[0m: tauG1: fft 6 join  6/6  1/1 2/4
[36;22m[DEBUG] [39;1msnarkJS[0m: tauG1: fft 7 mix start: 0/16
[36;22m[DEBUG] [39;1msnarkJS[0m: tauG1: fft 7 mix start: 1/16
[36;22m[DEBUG] [39;1msnarkJS[0m: tauG1: fft 7 mix start: 2/16
[36;22m[DEBUG] [39;1msnarkJS[0m: tauG1: fft 7 mix start: 3/16
[36;22m[DEBUG] [39;1msnarkJS[0m: tauG1: fft 7 mix start: 4/16
[36;22m[DEBUG] [39;1msnarkJS[0m: tauG1: fft 7 mix start: 5/16
[36;22m[DEBUG] [39;1msnarkJS[0m: tauG1: fft 7 mix start: 6/16
[36;22m[DEBUG] [39;1msnarkJS[0m: tauG1: fft 7 mix start: 7/16
[36;22m[DEBUG] [39;1msnarkJS[0m: tauG1: fft 7 mix start: 8/16
[36;22m[DEBUG] [39;1msnarkJS[0m: tauG1: fft 7 mix start: 9/16
[36;22m[DEBUG] [39;1msnarkJS[0m: tauG1: fft 7 mix start: 10/16
[36;22m[DEBUG] [39;1msnarkJS[0m: tauG1: fft 7 mix start: 11/16
[36;22m[DEBUG] [39;1msnarkJS[0m: tauG1: fft 7 mix start: 12/16
[36;22m[DEBUG] [39;1msnarkJS[0m: tauG1: fft 7 mix start: 13/16
[36;22m[DEBUG] [39;1msnarkJS[0m: tauG1: fft 7 mix start: 14/16
[36;22m[DEBUG] [39;1msnarkJS[0m: tauG1: fft 7 mix start: 15/16
[36;22m[DEBUG] [39;1msnarkJS[0m: tauG1: fft 7 mix end: 1/16
[36;22m[DEBUG] [39;1msnarkJS[0m: tauG1: fft 7 mix end: 5/16
[36;22m[DEBUG] [39;1msnarkJS[0m: tauG1: fft 7 mix end: 4/16
[36;22m[DEBUG] [39;1msnarkJS[0m: tauG1: fft 7 mix end: 0/16
[36;22m[DEBUG] [39;1msnarkJS[0m: tauG1: fft 7 mix end: 2/16
[36;22m[DEBUG] [39;1msnarkJS[0m: tauG1: fft 7 mix end: 6/16
[36;22m[DEBUG] [39;1msnarkJS[0m: tauG1: fft 7 mix end: 7/16
[36;22m[DEBUG] [39;1msnarkJS[0m: tauG1: fft 7 mix end: 3/16
[36;22m[DEBUG] [39;1msnarkJS[0m: tauG1: fft 7 mix end: 13/16
[36;22m[DEBUG] [39;1msnarkJS[0m: tauG1: fft 7 mix end: 10/16
[36;22m[DEBUG] [39;1msnarkJS[0m: tauG1: fft 7 mix end: 8/16
[36;22m[DEBUG] [39;1msnarkJS[0m: tauG1: fft 7 mix end: 9/16
[36;22m[DEBUG] [39;1msnarkJS[0m: tauG1: fft 7 mix end: 11/16
[36;22m[DEBUG] [39;1msnarkJS[0m: tauG1: fft 7 mix end: 14/16
[36;22m[DEBUG] [39;1msnarkJS[0m: tauG1: fft 7 mix end: 15/16
[36;22m[DEBUG] [39;1msnarkJS[0m: tauG1: fft 7 mix end: 12/16
[36;22m[DEBUG] [39;1msnarkJS[0m: tauG1: fft  7  join: 4/7
[36;22m[DEBUG] [39;1msnarkJS[0m: tauG1: fft 7 join  4/7  4/8 0/1
[36;22m[DEBUG] [39;1msnarkJS[0m: tauG1: fft 7 join  4/7  2/8 0/1
[36;22m[DEBUG] [39;1msnarkJS[0m: tauG1: fft 7 join  4/7  8/8 0/1
[36;22m[DEBUG] [39;1msnarkJS[0m: tauG1: fft 7 join  4/7  5/8 0/1
[36;22m[DEBUG] [39;1msnarkJS[0m: tauG1: fft 7 join  4/7  6/8 0/1
[36;22m[DEBUG] [39;1msnarkJS[0m: tauG1: fft 7 join  4/7  7/8 0/1
[36;22m[DEBUG] [39;1msnarkJS[0m: tauG1: fft 7 join  4/7  1/8 0/1
[36;22m[DEBUG] [39;1msnarkJS[0m: tauG1: fft 7 join  4/7  3/8 0/1
[36;22m[DEBUG] [39;1msnarkJS[0m: tauG1: fft  7  join: 5/7
[36;22m[DEBUG] [39;1msnarkJS[0m: tauG1: fft 7 join  5/7  3/4 0/2
[36;22m[DEBUG] [39;1msnarkJS[0m: tauG1: fft 7 join  5/7  4/4 0/2
[36;22m[DEBUG] [39;1msnarkJS[0m: tauG1: fft 7 join  5/7  1/4 1/2
[36;22m[DEBUG] [39;1msnarkJS[0m: tauG1: fft 7 join  5/7  2/4 1/2
[36;22m[DEBUG] [39;1msnarkJS[0m: tauG1: fft 7 join  5/7  3/4 1/2
[36;22m[DEBUG] [39;1msnarkJS[0m: tauG1: fft 7 join  5/7  4/4 1/2
[36;22m[DEBUG] [39;1msnarkJS[0m: tauG1: fft 7 join  5/7  1/4 0/2
[36;22m[DEBUG] [39;1msnarkJS[0m: tauG1: fft 7 join  5/7  2/4 0/2
[36;22m[DEBUG] [39;1msnarkJS[0m: tauG1: fft  7  join: 6/7
[36;22m[DEBUG] [39;1msnarkJS[0m: tauG1: fft 7 join  6/7  1/2 1/4
[36;22m[DEBUG] [39;1msnarkJS[0m: tauG1: fft 7 join  6/7  2/2 0/4
[36;22m[DEBUG] [39;1msnarkJS[0m: tauG1: fft 7 join  6/7  2/2 1/4
[36;22m[DEBUG] [39;1msnarkJS[0m: tauG1: fft 7 join  6/7  2/2 2/4
[36;22m[DEBUG] [39;1msnarkJS[0m: tauG1: fft 7 join  6/7  2/2 3/4
[36;22m[DEBUG] [39;1msnarkJS[0m: tauG1: fft 7 join  6/7  1/2 3/4
[36;22m[DEBUG] [39;1msnarkJS[0m: tauG1: fft 7 join  6/7  1/2 0/4
[36;22m[DEBUG] [39;1msnarkJS[0m: tauG1: fft 7 join  6/7  1/2 2/4
[36;22m[DEBUG] [39;1msnarkJS[0m: tauG1: fft  7  join: 7/7
[36;22m[DEBUG] [39;1msnarkJS[0m: tauG1: fft 7 join  7/7  1/1 1/8
[36;22m[DEBUG] [39;1msnarkJS[0m: tauG1: fft 7 join  7/7  1/1 3/8
[36;22m[DEBUG] [39;1msnarkJS[0m: tauG1: fft 7 join  7/7  1/1 4/8
[36;22m[DEBUG] [39;1msnarkJS[0m: tauG1: fft 7 join  7/7  1/1 5/8
[36;22m[DEBUG] [39;1msnarkJS[0m: tauG1: fft 7 join  7/7  1/1 6/8
[36;22m[DEBUG] [39;1msnarkJS[0m: tauG1: fft 7 join  7/7  1/1 7/8
[36;22m[DEBUG] [39;1msnarkJS[0m: tauG1: fft 7 join  7/7  1/1 0/8
[36;22m[DEBUG] [39;1msnarkJS[0m: tauG1: fft 7 join  7/7  1/1 2/8
[36;22m[DEBUG] [39;1msnarkJS[0m: tauG1: fft 8 mix start: 0/32
[36;22m[DEBUG] [39;1msnarkJS[0m: tauG1: fft 8 mix start: 1/32
[36;22m[DEBUG] [39;1msnarkJS[0m: tauG1: fft 8 mix start: 2/32
[36;22m[DEBUG] [39;1msnarkJS[0m: tauG1: fft 8 mix start: 3/32
[36;22m[DEBUG] [39;1msnarkJS[0m: tauG1: fft 8 mix start: 4/32
[36;22m[DEBUG] [39;1msnarkJS[0m: tauG1: fft 8 mix start: 5/32
[36;22m[DEBUG] [39;1msnarkJS[0m: tauG1: fft 8 mix start: 6/32
[36;22m[DEBUG] [39;1msnarkJS[0m: tauG1: fft 8 mix start: 7/32
[36;22m[DEBUG] [39;1msnarkJS[0m: tauG1: fft 8 mix start: 8/32
[36;22m[DEBUG] [39;1msnarkJS[0m: tauG1: fft 8 mix start: 9/32
[36;22m[DEBUG] [39;1msnarkJS[0m: tauG1: fft 8 mix start: 10/32
[36;22m[DEBUG] [39;1msnarkJS[0m: tauG1: fft 8 mix start: 11/32
[36;22m[DEBUG] [39;1msnarkJS[0m: tauG1: fft 8 mix start: 12/32
[36;22m[DEBUG] [39;1msnarkJS[0m: tauG1: fft 8 mix start: 13/32
[36;22m[DEBUG] [39;1msnarkJS[0m: tauG1: fft 8 mix start: 14/32
[36;22m[DEBUG] [39;1msnarkJS[0m: tauG1: fft 8 mix start: 15/32
[36;22m[DEBUG] [39;1msnarkJS[0m: tauG1: fft 8 mix start: 16/32
[36;22m[DEBUG] [39;1msnarkJS[0m: tauG1: fft 8 mix start: 17/32
[36;22m[DEBUG] [39;1msnarkJS[0m: tauG1: fft 8 mix start: 18/32
[36;22m[DEBUG] [39;1msnarkJS[0m: tauG1: fft 8 mix start: 19/32
[36;22m[DEBUG] [39;1msnarkJS[0m: tauG1: fft 8 mix start: 20/32
[36;22m[DEBUG] [39;1msnarkJS[0m: tauG1: fft 8 mix start: 21/32
[36;22m[DEBUG] [39;1msnarkJS[0m: tauG1: fft 8 mix start: 22/32
[36;22m[DEBUG] [39;1msnarkJS[0m: tauG1: fft 8 mix start: 23/32
[36;22m[DEBUG] [39;1msnarkJS[0m: tauG1: fft 8 mix start: 24/32
[36;22m[DEBUG] [39;1msnarkJS[0m: tauG1: fft 8 mix start: 25/32
[36;22m[DEBUG] [39;1msnarkJS[0m: tauG1: fft 8 mix start: 26/32
[36;22m[DEBUG] [39;1msnarkJS[0m: tauG1: fft 8 mix start: 27/32
[36;22m[DEBUG] [39;1msnarkJS[0m: tauG1: fft 8 mix start: 28/32
[36;22m[DEBUG] [39;1msnarkJS[0m: tauG1: fft 8 mix start: 29/32
[36;22m[DEBUG] [39;1msnarkJS[0m: tauG1: fft 8 mix start: 30/32
[36;22m[DEBUG] [39;1msnarkJS[0m: tauG1: fft 8 mix start: 31/32
[36;22m[DEBUG] [39;1msnarkJS[0m: tauG1: fft 8 mix end: 5/32
[36;22m[DEBUG] [39;1msnarkJS[0m: tauG1: fft 8 mix end: 1/32
[36;22m[DEBUG] [39;1msnarkJS[0m: tauG1: fft 8 mix end: 4/32
[36;22m[DEBUG] [39;1msnarkJS[0m: tauG1: fft 8 mix end: 8/32
[36;22m[DEBUG] [39;1msnarkJS[0m: tauG1: fft 8 mix end: 14/32
[36;22m[DEBUG] [39;1msnarkJS[0m: tauG1: fft 8 mix end: 6/32
[36;22m[DEBUG] [39;1msnarkJS[0m: tauG1: fft 8 mix end: 12/32
[36;22m[DEBUG] [39;1msnarkJS[0m: tauG1: fft 8 mix end: 15/32
[36;22m[DEBUG] [39;1msnarkJS[0m: tauG1: fft 8 mix end: 0/32
[36;22m[DEBUG] [39;1msnarkJS[0m: tauG1: fft 8 mix end: 2/32
[36;22m[DEBUG] [39;1msnarkJS[0m: tauG1: fft 8 mix end: 3/32
[36;22m[DEBUG] [39;1msnarkJS[0m: tauG1: fft 8 mix end: 10/32
[36;22m[DEBUG] [39;1msnarkJS[0m: tauG1: fft 8 mix end: 9/32
[36;22m[DEBUG] [39;1msnarkJS[0m: tauG1: fft 8 mix end: 7/32
[36;22m[DEBUG] [39;1msnarkJS[0m: tauG1: fft 8 mix end: 11/32
[36;22m[DEBUG] [39;1msnarkJS[0m: tauG1: fft 8 mix end: 21/32
[36;22m[DEBUG] [39;1msnarkJS[0m: tauG1: fft 8 mix end: 13/32
[36;22m[DEBUG] [39;1msnarkJS[0m: tauG1: fft 8 mix end: 23/32
[36;22m[DEBUG] [39;1msnarkJS[0m: tauG1: fft 8 mix end: 20/32
[36;22m[DEBUG] [39;1msnarkJS[0m: tauG1: fft 8 mix end: 16/32
[36;22m[DEBUG] [39;1msnarkJS[0m: tauG1: fft 8 mix end: 17/32
[36;22m[DEBUG] [39;1msnarkJS[0m: tauG1: fft 8 mix end: 22/32
[36;22m[DEBUG] [39;1msnarkJS[0m: tauG1: fft 8 mix end: 29/32
[36;22m[DEBUG] [39;1msnarkJS[0m: tauG1: fft 8 mix end: 25/32
[36;22m[DEBUG] [39;1msnarkJS[0m: tauG1: fft 8 mix end: 27/32
[36;22m[DEBUG] [39;1msnarkJS[0m: tauG1: fft 8 mix end: 26/32
[36;22m[DEBUG] [39;1msnarkJS[0m: tauG1: fft 8 mix end: 24/32
[36;22m[DEBUG] [39;1msnarkJS[0m: tauG1: fft 8 mix end: 19/32
[36;22m[DEBUG] [39;1msnarkJS[0m: tauG1: fft 8 mix end: 31/32
[36;22m[DEBUG] [39;1msnarkJS[0m: tauG1: fft 8 mix end: 28/32
[36;22m[DEBUG] [39;1msnarkJS[0m: tauG1: fft 8 mix end: 18/32
[36;22m[DEBUG] [39;1msnarkJS[0m: tauG1: fft 8 mix end: 30/32
[36;22m[DEBUG] [39;1msnarkJS[0m: tauG1: fft  8  join: 4/8
[36;22m[DEBUG] [39;1msnarkJS[0m: tauG1: fft 8 join  4/8  2/16 0/1
[36;22m[DEBUG] [39;1msnarkJS[0m: tauG1: fft 8 join  4/8  6/16 0/1
[36;22m[DEBUG] [39;1msnarkJS[0m: tauG1: fft 8 join  4/8  5/16 0/1
[36;22m[DEBUG] [39;1msnarkJS[0m: tauG1: fft 8 join  4/8  9/16 0/1
[36;22m[DEBUG] [39;1msnarkJS[0m: tauG1: fft 8 join  4/8  11/16 0/1
[36;22m[DEBUG] [39;1msnarkJS[0m: tauG1: fft 8 join  4/8  7/16 0/1
[36;22m[DEBUG] [39;1msnarkJS[0m: tauG1: fft 8 join  4/8  15/16 0/1
[36;22m[DEBUG] [39;1msnarkJS[0m: tauG1: fft 8 join  4/8  16/16 0/1
[36;22m[DEBUG] [39;1msnarkJS[0m: tauG1: fft 8 join  4/8  13/16 0/1
[36;22m[DEBUG] [39;1msnarkJS[0m: tauG1: fft 8 join  4/8  14/16 0/1
[36;22m[DEBUG] [39;1msnarkJS[0m: tauG1: fft 8 join  4/8  1/16 0/1
[36;22m[DEBUG] [39;1msnarkJS[0m: tauG1: fft 8 join  4/8  3/16 0/1
[36;22m[DEBUG] [39;1msnarkJS[0m: tauG1: fft 8 join  4/8  4/16 0/1
[36;22m[DEBUG] [39;1msnarkJS[0m: tauG1: fft 8 join  4/8  8/16 0/1
[36;22m[DEBUG] [39;1msnarkJS[0m: tauG1: fft 8 join  4/8  10/16 0/1
[36;22m[DEBUG] [39;1msnarkJS[0m: tauG1: fft 8 join  4/8  12/16 0/1
[36;22m[DEBUG] [39;1msnarkJS[0m: tauG1: fft  8  join: 5/8
[36;22m[DEBUG] [39;1msnarkJS[0m: tauG1: fft 8 join  5/8  4/8 0/2
[36;22m[DEBUG] [39;1msnarkJS[0m: tauG1: fft 8 join  5/8  6/8 0/2
[36;22m[DEBUG] [39;1msnarkJS[0m: tauG1: fft 8 join  5/8  3/8 0/2
[36;22m[DEBUG] [39;1msnarkJS[0m: tauG1: fft 8 join  5/8  7/8 0/2
[36;22m[DEBUG] [39;1msnarkJS[0m: tauG1: fft 8 join  5/8  8/8 0/2
[36;22m[DEBUG] [39;1msnarkJS[0m: tauG1: fft 8 join  5/8  1/8 1/2
[36;22m[DEBUG] [39;1msnarkJS[0m: tauG1: fft 8 join  5/8  5/8 0/2
[36;22m[DEBUG] [39;1msnarkJS[0m: tauG1: fft 8 join  5/8  3/8 1/2
[36;22m[DEBUG] [39;1msnarkJS[0m: tauG1: fft 8 join  5/8  7/8 1/2
[36;22m[DEBUG] [39;1msnarkJS[0m: tauG1: fft 8 join  5/8  8/8 1/2
[36;22m[DEBUG] [39;1msnarkJS[0m: tauG1: fft 8 join  5/8  1/8 0/2
[36;22m[DEBUG] [39;1msnarkJS[0m: tauG1: fft 8 join  5/8  2/8 0/2
[36;22m[DEBUG] [39;1msnarkJS[0m: tauG1: fft 8 join  5/8  2/8 1/2
[36;22m[DEBUG] [39;1msnarkJS[0m: tauG1: fft 8 join  5/8  4/8 1/2
[36;22m[DEBUG] [39;1msnarkJS[0m: tauG1: fft 8 join  5/8  5/8 1/2
[36;22m[DEBUG] [39;1msnarkJS[0m: tauG1: fft 8 join  5/8  6/8 1/2
[36;22m[DEBUG] [39;1msnarkJS[0m: tauG1: fft  8  join: 6/8
[36;22m[DEBUG] [39;1msnarkJS[0m: tauG1: fft 8 join  6/8  1/4 1/4
[36;22m[DEBUG] [39;1msnarkJS[0m: tauG1: fft 8 join  6/8  2/4 0/4
[36;22m[DEBUG] [39;1msnarkJS[0m: tauG1: fft 8 join  6/8  2/4 1/4
[36;22m[DEBUG] [39;1msnarkJS[0m: tauG1: fft 8 join  6/8  3/4 0/4
[36;22m[DEBUG] [39;1msnarkJS[0m: tauG1: fft 8 join  6/8  4/4 0/4
[36;22m[DEBUG] [39;1msnarkJS[0m: tauG1: fft 8 join  6/8  4/4 1/4
[36;22m[DEBUG] [39;1msnarkJS[0m: tauG1: fft 8 join  6/8  2/4 2/4
[36;22m[DEBUG] [39;1msnarkJS[0m: tauG1: fft 8 join  6/8  4/4 3/4
[36;22m[DEBUG] [39;1msnarkJS[0m: tauG1: fft 8 join  6/8  4/4 2/4
[36;22m[DEBUG] [39;1msnarkJS[0m: tauG1: fft 8 join  6/8  3/4 3/4
[36;22m[DEBUG] [39;1msnarkJS[0m: tauG1: fft 8 join  6/8  1/4 0/4
[36;22m[DEBUG] [39;1msnarkJS[0m: tauG1: fft 8 join  6/8  1/4 2/4
[36;22m[DEBUG] [39;1msnarkJS[0m: tauG1: fft 8 join  6/8  1/4 3/4
[36;22m[DEBUG] [39;1msnarkJS[0m: tauG1: fft 8 join  6/8  3/4 1/4
[36;22m[DEBUG] [39;1msnarkJS[0m: tauG1: fft 8 join  6/8  3/4 2/4
[36;22m[DEBUG] [39;1msnarkJS[0m: tauG1: fft 8 join  6/8  2/4 3/4
[36;22m[DEBUG] [39;1msnarkJS[0m: tauG1: fft  8  join: 7/8
[36;22m[DEBUG] [39;1msnarkJS[0m: tauG1: fft 8 join  7/8  2/2 0/8
[36;22m[DEBUG] [39;1msnarkJS[0m: tauG1: fft 8 join  7/8  1/2 1/8
[36;22m[DEBUG] [39;1msnarkJS[0m: tauG1: fft 8 join  7/8  1/2 6/8
[36;22m[DEBUG] [39;1msnarkJS[0m: tauG1: fft 8 join  7/8  2/2 5/8
[36;22m[DEBUG] [39;1msnarkJS[0m: tauG1: fft 8 join  7/8  2/2 6/8
[36;22m[DEBUG] [39;1msnarkJS[0m: tauG1: fft 8 join  7/8  1/2 4/8
[36;22m[DEBUG] [39;1msnarkJS[0m: tauG1: fft 8 join  7/8  1/2 5/8
[36;22m[DEBUG] [39;1msnarkJS[0m: tauG1: fft 8 join  7/8  2/2 3/8
[36;22m[DEBUG] [39;1msnarkJS[0m: tauG1: fft 8 join  7/8  2/2 4/8
[36;22m[DEBUG] [39;1msnarkJS[0m: tauG1: fft 8 join  7/8  2/2 7/8
[36;22m[DEBUG] [39;1msnarkJS[0m: tauG1: fft 8 join  7/8  1/2 0/8
[36;22m[DEBUG] [39;1msnarkJS[0m: tauG1: fft 8 join  7/8  1/2 2/8
[36;22m[DEBUG] [39;1msnarkJS[0m: tauG1: fft 8 join  7/8  1/2 3/8
[36;22m[DEBUG] [39;1msnarkJS[0m: tauG1: fft 8 join  7/8  1/2 7/8
[36;22m[DEBUG] [39;1msnarkJS[0m: tauG1: fft 8 join  7/8  2/2 1/8
[36;22m[DEBUG] [39;1msnarkJS[0m: tauG1: fft 8 join  7/8  2/2 2/8
[36;22m[DEBUG] [39;1msnarkJS[0m: tauG1: fft  8  join: 8/8
[36;22m[DEBUG] [39;1msnarkJS[0m: tauG1: fft 8 join  8/8  1/1 1/16
[36;22m[DEBUG] [39;1msnarkJS[0m: tauG1: fft 8 join  8/8  1/1 4/16
[36;22m[DEBUG] [39;1msnarkJS[0m: tauG1: fft 8 join  8/8  1/1 5/16
[36;22m[DEBUG] [39;1msnarkJS[0m: tauG1: fft 8 join  8/8  1/1 6/16
[36;22m[DEBUG] [39;1msnarkJS[0m: tauG1: fft 8 join  8/8  1/1 11/16
[36;22m[DEBUG] [39;1msnarkJS[0m: tauG1: fft 8 join  8/8  1/1 12/16
[36;22m[DEBUG] [39;1msnarkJS[0m: tauG1: fft 8 join  8/8  1/1 13/16
[36;22m[DEBUG] [39;1msnarkJS[0m: tauG1: fft 8 join  8/8  1/1 14/16
[36;22m[DEBUG] [39;1msnarkJS[0m: tauG1: fft 8 join  8/8  1/1 15/16
[36;22m[DEBUG] [39;1msnarkJS[0m: tauG1: fft 8 join  8/8  1/1 8/16
[36;22m[DEBUG] [39;1msnarkJS[0m: tauG1: fft 8 join  8/8  1/1 0/16
[36;22m[DEBUG] [39;1msnarkJS[0m: tauG1: fft 8 join  8/8  1/1 2/16
[36;22m[DEBUG] [39;1msnarkJS[0m: tauG1: fft 8 join  8/8  1/1 3/16
[36;22m[DEBUG] [39;1msnarkJS[0m: tauG1: fft 8 join  8/8  1/1 7/16
[36;22m[DEBUG] [39;1msnarkJS[0m: tauG1: fft 8 join  8/8  1/1 9/16
[36;22m[DEBUG] [39;1msnarkJS[0m: tauG1: fft 8 join  8/8  1/1 10/16
[36;22m[DEBUG] [39;1msnarkJS[0m: tauG1: fft 9 mix start: 0/32
[36;22m[DEBUG] [39;1msnarkJS[0m: tauG1: fft 9 mix start: 1/32
[36;22m[DEBUG] [39;1msnarkJS[0m: tauG1: fft 9 mix start: 2/32
[36;22m[DEBUG] [39;1msnarkJS[0m: tauG1: fft 9 mix start: 3/32
[36;22m[DEBUG] [39;1msnarkJS[0m: tauG1: fft 9 mix start: 4/32
[36;22m[DEBUG] [39;1msnarkJS[0m: tauG1: fft 9 mix start: 5/32
[36;22m[DEBUG] [39;1msnarkJS[0m: tauG1: fft 9 mix start: 6/32
[36;22m[DEBUG] [39;1msnarkJS[0m: tauG1: fft 9 mix start: 7/32
[36;22m[DEBUG] [39;1msnarkJS[0m: tauG1: fft 9 mix start: 8/32
[36;22m[DEBUG] [39;1msnarkJS[0m: tauG1: fft 9 mix start: 9/32
[36;22m[DEBUG] [39;1msnarkJS[0m: tauG1: fft 9 mix start: 10/32
[36;22m[DEBUG] [39;1msnarkJS[0m: tauG1: fft 9 mix start: 11/32
[36;22m[DEBUG] [39;1msnarkJS[0m: tauG1: fft 9 mix start: 12/32
[36;22m[DEBUG] [39;1msnarkJS[0m: tauG1: fft 9 mix start: 13/32
[36;22m[DEBUG] [39;1msnarkJS[0m: tauG1: fft 9 mix start: 14/32
[36;22m[DEBUG] [39;1msnarkJS[0m: tauG1: fft 9 mix start: 15/32
[36;22m[DEBUG] [39;1msnarkJS[0m: tauG1: fft 9 mix start: 16/32
[36;22m[DEBUG] [39;1msnarkJS[0m: tauG1: fft 9 mix start: 17/32
[36;22m[DEBUG] [39;1msnarkJS[0m: tauG1: fft 9 mix start: 18/32
[36;22m[DEBUG] [39;1msnarkJS[0m: tauG1: fft 9 mix start: 19/32
[36;22m[DEBUG] [39;1msnarkJS[0m: tauG1: fft 9 mix start: 20/32
[36;22m[DEBUG] [39;1msnarkJS[0m: tauG1: fft 9 mix start: 21/32
[36;22m[DEBUG] [39;1msnarkJS[0m: tauG1: fft 9 mix start: 22/32
[36;22m[DEBUG] [39;1msnarkJS[0m: tauG1: fft 9 mix start: 23/32
[36;22m[DEBUG] [39;1msnarkJS[0m: tauG1: fft 9 mix start: 24/32
[36;22m[DEBUG] [39;1msnarkJS[0m: tauG1: fft 9 mix start: 25/32
[36;22m[DEBUG] [39;1msnarkJS[0m: tauG1: fft 9 mix start: 26/32
[36;22m[DEBUG] [39;1msnarkJS[0m: tauG1: fft 9 mix start: 27/32
[36;22m[DEBUG] [39;1msnarkJS[0m: tauG1: fft 9 mix start: 28/32
[36;22m[DEBUG] [39;1msnarkJS[0m: tauG1: fft 9 mix start: 29/32
[36;22m[DEBUG] [39;1msnarkJS[0m: tauG1: fft 9 mix start: 30/32
[36;22m[DEBUG] [39;1msnarkJS[0m: tauG1: fft 9 mix start: 31/32
[36;22m[DEBUG] [39;1msnarkJS[0m: tauG1: fft 9 mix end: 4/32
[36;22m[DEBUG] [39;1msnarkJS[0m: tauG1: fft 9 mix end: 5/32
[36;22m[DEBUG] [39;1msnarkJS[0m: tauG1: fft 9 mix end: 0/32
[36;22m[DEBUG] [39;1msnarkJS[0m: tauG1: fft 9 mix end: 1/32
[36;22m[DEBUG] [39;1msnarkJS[0m: tauG1: fft 9 mix end: 3/32
[36;22m[DEBUG] [39;1msnarkJS[0m: tauG1: fft 9 mix end: 6/32
[36;22m[DEBUG] [39;1msnarkJS[0m: tauG1: fft 9 mix end: 7/32
[36;22m[DEBUG] [39;1msnarkJS[0m: tauG1: fft 9 mix end: 8/32
[36;22m[DEBUG] [39;1msnarkJS[0m: tauG1: fft 9 mix end: 9/32
[36;22m[DEBUG] [39;1msnarkJS[0m: tauG1: fft 9 mix end: 11/32
[36;22m[DEBUG] [39;1msnarkJS[0m: tauG1: fft 9 mix end: 12/32
[36;22m[DEBUG] [39;1msnarkJS[0m: tauG1: fft 9 mix end: 13/32
[36;22m[DEBUG] [39;1msnarkJS[0m: tauG1: fft 9 mix end: 14/32
[36;22m[DEBUG] [39;1msnarkJS[0m: tauG1: fft 9 mix end: 15/32
[36;22m[DEBUG] [39;1msnarkJS[0m: tauG1: fft 9 mix end: 16/32
[36;22m[DEBUG] [39;1msnarkJS[0m: tauG1: fft 9 mix end: 17/32
[36;22m[DEBUG] [39;1msnarkJS[0m: tauG1: fft 9 mix end: 18/32
[36;22m[DEBUG] [39;1msnarkJS[0m: tauG1: fft 9 mix end: 21/32
[36;22m[DEBUG] [39;1msnarkJS[0m: tauG1: fft 9 mix end: 22/32
[36;22m[DEBUG] [39;1msnarkJS[0m: tauG1: fft 9 mix end: 23/32
[36;22m[DEBUG] [39;1msnarkJS[0m: tauG1: fft 9 mix end: 27/32
[36;22m[DEBUG] [39;1msnarkJS[0m: tauG1: fft 9 mix end: 26/32
[36;22m[DEBUG] [39;1msnarkJS[0m: tauG1: fft 9 mix end: 25/32
[36;22m[DEBUG] [39;1msnarkJS[0m: tauG1: fft 9 mix end: 19/32
[36;22m[DEBUG] [39;1msnarkJS[0m: tauG1: fft 9 mix end: 29/32
[36;22m[DEBUG] [39;1msnarkJS[0m: tauG1: fft 9 mix end: 31/32
[36;22m[DEBUG] [39;1msnarkJS[0m: tauG1: fft 9 mix end: 28/32
[36;22m[DEBUG] [39;1msnarkJS[0m: tauG1: fft 9 mix end: 2/32
[36;22m[DEBUG] [39;1msnarkJS[0m: tauG1: fft 9 mix end: 10/32
[36;22m[DEBUG] [39;1msnarkJS[0m: tauG1: fft 9 mix end: 24/32
[36;22m[DEBUG] [39;1msnarkJS[0m: tauG1: fft 9 mix end: 20/32
[36;22m[DEBUG] [39;1msnarkJS[0m: tauG1: fft 9 mix end: 30/32
[36;22m[DEBUG] [39;1msnarkJS[0m: tauG1: fft  9  join: 5/9
[36;22m[DEBUG] [39;1msnarkJS[0m: tauG1: fft 9 join  5/9  3/16 0/1
[36;22m[DEBUG] [39;1msnarkJS[0m: tauG1: fft 9 join  5/9  9/16 0/1
[36;22m[DEBUG] [39;1msnarkJS[0m: tauG1: fft 9 join  5/9  1/16 0/1
[36;22m[DEBUG] [39;1msnarkJS[0m: tauG1: fft 9 join  5/9  2/16 0/1
[36;22m[DEBUG] [39;1msnarkJS[0m: tauG1: fft 9 join  5/9  5/16 0/1
[36;22m[DEBUG] [39;1msnarkJS[0m: tauG1: fft 9 join  5/9  6/16 0/1
[36;22m[DEBUG] [39;1msnarkJS[0m: tauG1: fft 9 join  5/9  12/16 0/1
[36;22m[DEBUG] [39;1msnarkJS[0m: tauG1: fft 9 join  5/9  7/16 0/1
[36;22m[DEBUG] [39;1msnarkJS[0m: tauG1: fft 9 join  5/9  13/16 0/1
[36;22m[DEBUG] [39;1msnarkJS[0m: tauG1: fft 9 join  5/9  14/16 0/1
[36;22m[DEBUG] [39;1msnarkJS[0m: tauG1: fft 9 join  5/9  15/16 0/1
[36;22m[DEBUG] [39;1msnarkJS[0m: tauG1: fft 9 join  5/9  16/16 0/1
[36;22m[DEBUG] [39;1msnarkJS[0m: tauG1: fft 9 join  5/9  4/16 0/1
[36;22m[DEBUG] [39;1msnarkJS[0m: tauG1: fft 9 join  5/9  10/16 0/1
[36;22m[DEBUG] [39;1msnarkJS[0m: tauG1: fft 9 join  5/9  8/16 0/1
[36;22m[DEBUG] [39;1msnarkJS[0m: tauG1: fft 9 join  5/9  11/16 0/1
[36;22m[DEBUG] [39;1msnarkJS[0m: tauG1: fft  9  join: 6/9
[36;22m[DEBUG] [39;1msnarkJS[0m: tauG1: fft 9 join  6/9  1/8 0/2
[36;22m[DEBUG] [39;1msnarkJS[0m: tauG1: fft 9 join  6/9  3/8 0/2
[36;22m[DEBUG] [39;1msnarkJS[0m: tauG1: fft 9 join  6/9  1/8 1/2
[36;22m[DEBUG] [39;1msnarkJS[0m: tauG1: fft 9 join  6/9  2/8 0/2
[36;22m[DEBUG] [39;1msnarkJS[0m: tauG1: fft 9 join  6/9  3/8 1/2
[36;22m[DEBUG] [39;1msnarkJS[0m: tauG1: fft 9 join  6/9  5/8 0/2
[36;22m[DEBUG] [39;1msnarkJS[0m: tauG1: fft 9 join  6/9  6/8 1/2
[36;22m[DEBUG] [39;1msnarkJS[0m: tauG1: fft 9 join  6/9  4/8 0/2
[36;22m[DEBUG] [39;1msnarkJS[0m: tauG1: fft 9 join  6/9  7/8 0/2
[36;22m[DEBUG] [39;1msnarkJS[0m: tauG1: fft 9 join  6/9  8/8 0/2
[36;22m[DEBUG] [39;1msnarkJS[0m: tauG1: fft 9 join  6/9  7/8 1/2
[36;22m[DEBUG] [39;1msnarkJS[0m: tauG1: fft 9 join  6/9  8/8 1/2
[36;22m[DEBUG] [39;1msnarkJS[0m: tauG1: fft 9 join  6/9  5/8 1/2
[36;22m[DEBUG] [39;1msnarkJS[0m: tauG1: fft 9 join  6/9  2/8 1/2
[36;22m[DEBUG] [39;1msnarkJS[0m: tauG1: fft 9 join  6/9  6/8 0/2
[36;22m[DEBUG] [39;1msnarkJS[0m: tauG1: fft 9 join  6/9  4/8 1/2
[36;22m[DEBUG] [39;1msnarkJS[0m: tauG1: fft  9  join: 7/9
[36;22m[DEBUG] [39;1msnarkJS[0m: tauG1: fft 9 join  7/9  1/4 0/4
[36;22m[DEBUG] [39;1msnarkJS[0m: tauG1: fft 9 join  7/9  2/4 0/4
[36;22m[DEBUG] [39;1msnarkJS[0m: tauG1: fft 9 join  7/9  1/4 3/4
[36;22m[DEBUG] [39;1msnarkJS[0m: tauG1: fft 9 join  7/9  3/4 0/4
[36;22m[DEBUG] [39;1msnarkJS[0m: tauG1: fft 9 join  7/9  1/4 1/4
[36;22m[DEBUG] [39;1msnarkJS[0m: tauG1: fft 9 join  7/9  1/4 2/4
[36;22m[DEBUG] [39;1msnarkJS[0m: tauG1: fft 9 join  7/9  2/4 1/4
[36;22m[DEBUG] [39;1msnarkJS[0m: tauG1: fft 9 join  7/9  3/4 1/4
[36;22m[DEBUG] [39;1msnarkJS[0m: tauG1: fft 9 join  7/9  3/4 3/4
[36;22m[DEBUG] [39;1msnarkJS[0m: tauG1: fft 9 join  7/9  4/4 0/4
[36;22m[DEBUG] [39;1msnarkJS[0m: tauG1: fft 9 join  7/9  2/4 2/4
[36;22m[DEBUG] [39;1msnarkJS[0m: tauG1: fft 9 join  7/9  4/4 2/4
[36;22m[DEBUG] [39;1msnarkJS[0m: tauG1: fft 9 join  7/9  4/4 3/4
[36;22m[DEBUG] [39;1msnarkJS[0m: tauG1: fft 9 join  7/9  4/4 1/4
[36;22m[DEBUG] [39;1msnarkJS[0m: tauG1: fft 9 join  7/9  2/4 3/4
[36;22m[DEBUG] [39;1msnarkJS[0m: tauG1: fft 9 join  7/9  3/4 2/4
[36;22m[DEBUG] [39;1msnarkJS[0m: tauG1: fft  9  join: 8/9
[36;22m[DEBUG] [39;1msnarkJS[0m: tauG1: fft 9 join  8/9  1/2 0/8
[36;22m[DEBUG] [39;1msnarkJS[0m: tauG1: fft 9 join  8/9  1/2 1/8
[36;22m[DEBUG] [39;1msnarkJS[0m: tauG1: fft 9 join  8/9  1/2 5/8
[36;22m[DEBUG] [39;1msnarkJS[0m: tauG1: fft 9 join  8/9  2/2 0/8
[36;22m[DEBUG] [39;1msnarkJS[0m: tauG1: fft 9 join  8/9  1/2 3/8
[36;22m[DEBUG] [39;1msnarkJS[0m: tauG1: fft 9 join  8/9  1/2 4/8
[36;22m[DEBUG] [39;1msnarkJS[0m: tauG1: fft 9 join  8/9  1/2 2/8
[36;22m[DEBUG] [39;1msnarkJS[0m: tauG1: fft 9 join  8/9  2/2 1/8
[36;22m[DEBUG] [39;1msnarkJS[0m: tauG1: fft 9 join  8/9  2/2 3/8
[36;22m[DEBUG] [39;1msnarkJS[0m: tauG1: fft 9 join  8/9  1/2 6/8
[36;22m[DEBUG] [39;1msnarkJS[0m: tauG1: fft 9 join  8/9  2/2 4/8
[36;22m[DEBUG] [39;1msnarkJS[0m: tauG1: fft 9 join  8/9  2/2 5/8
[36;22m[DEBUG] [39;1msnarkJS[0m: tauG1: fft 9 join  8/9  2/2 6/8
[36;22m[DEBUG] [39;1msnarkJS[0m: tauG1: fft 9 join  8/9  2/2 7/8
[36;22m[DEBUG] [39;1msnarkJS[0m: tauG1: fft 9 join  8/9  1/2 7/8
[36;22m[DEBUG] [39;1msnarkJS[0m: tauG1: fft 9 join  8/9  2/2 2/8
[36;22m[DEBUG] [39;1msnarkJS[0m: tauG1: fft  9  join: 9/9
[36;22m[DEBUG] [39;1msnarkJS[0m: tauG1: fft 9 join  9/9  1/1 0/16
[36;22m[DEBUG] [39;1msnarkJS[0m: tauG1: fft 9 join  9/9  1/1 2/16
[36;22m[DEBUG] [39;1msnarkJS[0m: tauG1: fft 9 join  9/9  1/1 1/16
[36;22m[DEBUG] [39;1msnarkJS[0m: tauG1: fft 9 join  9/9  1/1 3/16
[36;22m[DEBUG] [39;1msnarkJS[0m: tauG1: fft 9 join  9/9  1/1 4/16
[36;22m[DEBUG] [39;1msnarkJS[0m: tauG1: fft 9 join  9/9  1/1 5/16
[36;22m[DEBUG] [39;1msnarkJS[0m: tauG1: fft 9 join  9/9  1/1 8/16
[36;22m[DEBUG] [39;1msnarkJS[0m: tauG1: fft 9 join  9/9  1/1 9/16
[36;22m[DEBUG] [39;1msnarkJS[0m: tauG1: fft 9 join  9/9  1/1 11/16
[36;22m[DEBUG] [39;1msnarkJS[0m: tauG1: fft 9 join  9/9  1/1 6/16
[36;22m[DEBUG] [39;1msnarkJS[0m: tauG1: fft 9 join  9/9  1/1 12/16
[36;22m[DEBUG] [39;1msnarkJS[0m: tauG1: fft 9 join  9/9  1/1 13/16
[36;22m[DEBUG] [39;1msnarkJS[0m: tauG1: fft 9 join  9/9  1/1 14/16
[36;22m[DEBUG] [39;1msnarkJS[0m: tauG1: fft 9 join  9/9  1/1 15/16
[36;22m[DEBUG] [39;1msnarkJS[0m: tauG1: fft 9 join  9/9  1/1 7/16
[36;22m[DEBUG] [39;1msnarkJS[0m: tauG1: fft 9 join  9/9  1/1 10/16
[36;22m[DEBUG] [39;1msnarkJS[0m: tauG1: fft 10 mix start: 0/32
[36;22m[DEBUG] [39;1msnarkJS[0m: tauG1: fft 10 mix start: 1/32
[36;22m[DEBUG] [39;1msnarkJS[0m: tauG1: fft 10 mix start: 2/32
[36;22m[DEBUG] [39;1msnarkJS[0m: tauG1: fft 10 mix start: 3/32
[36;22m[DEBUG] [39;1msnarkJS[0m: tauG1: fft 10 mix start: 4/32
[36;22m[DEBUG] [39;1msnarkJS[0m: tauG1: fft 10 mix start: 5/32
[36;22m[DEBUG] [39;1msnarkJS[0m: tauG1: fft 10 mix start: 6/32
[36;22m[DEBUG] [39;1msnarkJS[0m: tauG1: fft 10 mix start: 7/32
[36;22m[DEBUG] [39;1msnarkJS[0m: tauG1: fft 10 mix start: 8/32
[36;22m[DEBUG] [39;1msnarkJS[0m: tauG1: fft 10 mix start: 9/32
[36;22m[DEBUG] [39;1msnarkJS[0m: tauG1: fft 10 mix start: 10/32
[36;22m[DEBUG] [39;1msnarkJS[0m: tauG1: fft 10 mix start: 11/32
[36;22m[DEBUG] [39;1msnarkJS[0m: tauG1: fft 10 mix start: 12/32
[36;22m[DEBUG] [39;1msnarkJS[0m: tauG1: fft 10 mix start: 13/32
[36;22m[DEBUG] [39;1msnarkJS[0m: tauG1: fft 10 mix start: 14/32
[36;22m[DEBUG] [39;1msnarkJS[0m: tauG1: fft 10 mix start: 15/32
[36;22m[DEBUG] [39;1msnarkJS[0m: tauG1: fft 10 mix start: 16/32
[36;22m[DEBUG] [39;1msnarkJS[0m: tauG1: fft 10 mix start: 17/32
[36;22m[DEBUG] [39;1msnarkJS[0m: tauG1: fft 10 mix start: 18/32
[36;22m[DEBUG] [39;1msnarkJS[0m: tauG1: fft 10 mix start: 19/32
[36;22m[DEBUG] [39;1msnarkJS[0m: tauG1: fft 10 mix start: 20/32
[36;22m[DEBUG] [39;1msnarkJS[0m: tauG1: fft 10 mix start: 21/32
[36;22m[DEBUG] [39;1msnarkJS[0m: tauG1: fft 10 mix start: 22/32
[36;22m[DEBUG] [39;1msnarkJS[0m: tauG1: fft 10 mix start: 23/32
[36;22m[DEBUG] [39;1msnarkJS[0m: tauG1: fft 10 mix start: 24/32
[36;22m[DEBUG] [39;1msnarkJS[0m: tauG1: fft 10 mix start: 25/32
[36;22m[DEBUG] [39;1msnarkJS[0m: tauG1: fft 10 mix start: 26/32
[36;22m[DEBUG] [39;1msnarkJS[0m: tauG1: fft 10 mix start: 27/32
[36;22m[DEBUG] [39;1msnarkJS[0m: tauG1: fft 10 mix start: 28/32
[36;22m[DEBUG] [39;1msnarkJS[0m: tauG1: fft 10 mix start: 29/32
[36;22m[DEBUG] [39;1msnarkJS[0m: tauG1: fft 10 mix start: 30/32
[36;22m[DEBUG] [39;1msnarkJS[0m: tauG1: fft 10 mix start: 31/32
[36;22m[DEBUG] [39;1msnarkJS[0m: tauG1: fft 10 mix end: 11/32
[36;22m[DEBUG] [39;1msnarkJS[0m: tauG1: fft 10 mix end: 3/32
[36;22m[DEBUG] [39;1msnarkJS[0m: tauG1: fft 10 mix end: 13/32
[36;22m[DEBUG] [39;1msnarkJS[0m: tauG1: fft 10 mix end: 14/32
[36;22m[DEBUG] [39;1msnarkJS[0m: tauG1: fft 10 mix end: 0/32
[36;22m[DEBUG] [39;1msnarkJS[0m: tauG1: fft 10 mix end: 2/32
[36;22m[DEBUG] [39;1msnarkJS[0m: tauG1: fft 10 mix end: 6/32
[36;22m[DEBUG] [39;1msnarkJS[0m: tauG1: fft 10 mix end: 7/32
[36;22m[DEBUG] [39;1msnarkJS[0m: tauG1: fft 10 mix end: 15/32
[36;22m[DEBUG] [39;1msnarkJS[0m: tauG1: fft 10 mix end: 10/32
[36;22m[DEBUG] [39;1msnarkJS[0m: tauG1: fft 10 mix end: 9/32
[36;22m[DEBUG] [39;1msnarkJS[0m: tauG1: fft 10 mix end: 12/32
[36;22m[DEBUG] [39;1msnarkJS[0m: tauG1: fft 10 mix end: 21/32
[36;22m[DEBUG] [39;1msnarkJS[0m: tauG1: fft 10 mix end: 16/32
[36;22m[DEBUG] [39;1msnarkJS[0m: tauG1: fft 10 mix end: 20/32
[36;22m[DEBUG] [39;1msnarkJS[0m: tauG1: fft 10 mix end: 23/32
[36;22m[DEBUG] [39;1msnarkJS[0m: tauG1: fft 10 mix end: 27/32
[36;22m[DEBUG] [39;1msnarkJS[0m: tauG1: fft 10 mix end: 19/32
[36;22m[DEBUG] [39;1msnarkJS[0m: tauG1: fft 10 mix end: 24/32
[36;22m[DEBUG] [39;1msnarkJS[0m: tauG1: fft 10 mix end: 5/32
[36;22m[DEBUG] [39;1msnarkJS[0m: tauG1: fft 10 mix end: 1/32
[36;22m[DEBUG] [39;1msnarkJS[0m: tauG1: fft 10 mix end: 8/32
[36;22m[DEBUG] [39;1msnarkJS[0m: tauG1: fft 10 mix end: 18/32
[36;22m[DEBUG] [39;1msnarkJS[0m: tauG1: fft 10 mix end: 29/32
[36;22m[DEBUG] [39;1msnarkJS[0m: tauG1: fft 10 mix end: 31/32
[36;22m[DEBUG] [39;1msnarkJS[0m: tauG1: fft 10 mix end: 25/32
[36;22m[DEBUG] [39;1msnarkJS[0m: tauG1: fft 10 mix end: 22/32
[36;22m[DEBUG] [39;1msnarkJS[0m: tauG1: fft 10 mix end: 28/32
[36;22m[DEBUG] [39;1msnarkJS[0m: tauG1: fft 10 mix end: 17/32
[36;22m[DEBUG] [39;1msnarkJS[0m: tauG1: fft 10 mix end: 4/32
[36;22m[DEBUG] [39;1msnarkJS[0m: tauG1: fft 10 mix end: 30/32
[36;22m[DEBUG] [39;1msnarkJS[0m: tauG1: fft 10 mix end: 26/32
[36;22m[DEBUG] [39;1msnarkJS[0m: tauG1: fft  10  join: 6/10
[36;22m[DEBUG] [39;1msnarkJS[0m: tauG1: fft 10 join  6/10  2/16 0/1
[36;22m[DEBUG] [39;1msnarkJS[0m: tauG1: fft 10 join  6/10  5/16 0/1
[36;22m[DEBUG] [39;1msnarkJS[0m: tauG1: fft 10 join  6/10  3/16 0/1
[36;22m[DEBUG] [39;1msnarkJS[0m: tauG1: fft 10 join  6/10  4/16 0/1
[36;22m[DEBUG] [39;1msnarkJS[0m: tauG1: fft 10 join  6/10  9/16 0/1
[36;22m[DEBUG] [39;1msnarkJS[0m: tauG1: fft 10 join  6/10  12/16 0/1
[36;22m[DEBUG] [39;1msnarkJS[0m: tauG1: fft 10 join  6/10  13/16 0/1
[36;22m[DEBUG] [39;1msnarkJS[0m: tauG1: fft 10 join  6/10  14/16 0/1
[36;22m[DEBUG] [39;1msnarkJS[0m: tauG1: fft 10 join  6/10  15/16 0/1
[36;22m[DEBUG] [39;1msnarkJS[0m: tauG1: fft 10 join  6/10  16/16 0/1
[36;22m[DEBUG] [39;1msnarkJS[0m: tauG1: fft 10 join  6/10  1/16 0/1
[36;22m[DEBUG] [39;1msnarkJS[0m: tauG1: fft 10 join  6/10  7/16 0/1
[36;22m[DEBUG] [39;1msnarkJS[0m: tauG1: fft 10 join  6/10  6/16 0/1
[36;22m[DEBUG] [39;1msnarkJS[0m: tauG1: fft 10 join  6/10  8/16 0/1
[36;22m[DEBUG] [39;1msnarkJS[0m: tauG1: fft 10 join  6/10  10/16 0/1
[36;22m[DEBUG] [39;1msnarkJS[0m: tauG1: fft 10 join  6/10  11/16 0/1
[36;22m[DEBUG] [39;1msnarkJS[0m: tauG1: fft  10  join: 7/10
[36;22m[DEBUG] [39;1msnarkJS[0m: tauG1: fft 10 join  7/10  1/8 0/2
[36;22m[DEBUG] [39;1msnarkJS[0m: tauG1: fft 10 join  7/10  2/8 0/2
[36;22m[DEBUG] [39;1msnarkJS[0m: tauG1: fft 10 join  7/10  3/8 0/2
[36;22m[DEBUG] [39;1msnarkJS[0m: tauG1: fft 10 join  7/10  4/8 0/2
[36;22m[DEBUG] [39;1msnarkJS[0m: tauG1: fft 10 join  7/10  5/8 0/2
[36;22m[DEBUG] [39;1msnarkJS[0m: tauG1: fft 10 join  7/10  1/8 1/2
[36;22m[DEBUG] [39;1msnarkJS[0m: tauG1: fft 10 join  7/10  2/8 1/2
[36;22m[DEBUG] [39;1msnarkJS[0m: tauG1: fft 10 join  7/10  7/8 0/2
[36;22m[DEBUG] [39;1msnarkJS[0m: tauG1: fft 10 join  7/10  8/8 0/2
[36;22m[DEBUG] [39;1msnarkJS[0m: tauG1: fft 10 join  7/10  6/8 1/2
[36;22m[DEBUG] [39;1msnarkJS[0m: tauG1: fft 10 join  7/10  8/8 1/2
[36;22m[DEBUG] [39;1msnarkJS[0m: tauG1: fft 10 join  7/10  7/8 1/2
[36;22m[DEBUG] [39;1msnarkJS[0m: tauG1: fft 10 join  7/10  3/8 1/2
[36;22m[DEBUG] [39;1msnarkJS[0m: tauG1: fft 10 join  7/10  5/8 1/2
[36;22m[DEBUG] [39;1msnarkJS[0m: tauG1: fft 10 join  7/10  6/8 0/2
[36;22m[DEBUG] [39;1msnarkJS[0m: tauG1: fft 10 join  7/10  4/8 1/2
[36;22m[DEBUG] [39;1msnarkJS[0m: tauG1: fft  10  join: 8/10
[36;22m[DEBUG] [39;1msnarkJS[0m: tauG1: fft 10 join  8/10  1/4 0/4
[36;22m[DEBUG] [39;1msnarkJS[0m: tauG1: fft 10 join  8/10  2/4 0/4
[36;22m[DEBUG] [39;1msnarkJS[0m: tauG1: fft 10 join  8/10  1/4 3/4
[36;22m[DEBUG] [39;1msnarkJS[0m: tauG1: fft 10 join  8/10  1/4 2/4
[36;22m[DEBUG] [39;1msnarkJS[0m: tauG1: fft 10 join  8/10  1/4 1/4
[36;22m[DEBUG] [39;1msnarkJS[0m: tauG1: fft 10 join  8/10  3/4 0/4
[36;22m[DEBUG] [39;1msnarkJS[0m: tauG1: fft 10 join  8/10  2/4 1/4
[36;22m[DEBUG] [39;1msnarkJS[0m: tauG1: fft 10 join  8/10  2/4 2/4
[36;22m[DEBUG] [39;1msnarkJS[0m: tauG1: fft 10 join  8/10  4/4 0/4
[36;22m[DEBUG] [39;1msnarkJS[0m: tauG1: fft 10 join  8/10  3/4 1/4
[36;22m[DEBUG] [39;1msnarkJS[0m: tauG1: fft 10 join  8/10  4/4 3/4
[36;22m[DEBUG] [39;1msnarkJS[0m: tauG1: fft 10 join  8/10  3/4 3/4
[36;22m[DEBUG] [39;1msnarkJS[0m: tauG1: fft 10 join  8/10  4/4 2/4
[36;22m[DEBUG] [39;1msnarkJS[0m: tauG1: fft 10 join  8/10  4/4 1/4
[36;22m[DEBUG] [39;1msnarkJS[0m: tauG1: fft 10 join  8/10  2/4 3/4
[36;22m[DEBUG] [39;1msnarkJS[0m: tauG1: fft 10 join  8/10  3/4 2/4
[36;22m[DEBUG] [39;1msnarkJS[0m: tauG1: fft  10  join: 9/10
[36;22m[DEBUG] [39;1msnarkJS[0m: tauG1: fft 10 join  9/10  1/2 0/8
[36;22m[DEBUG] [39;1msnarkJS[0m: tauG1: fft 10 join  9/10  2/2 0/8
[36;22m[DEBUG] [39;1msnarkJS[0m: tauG1: fft 10 join  9/10  1/2 2/8
[36;22m[DEBUG] [39;1msnarkJS[0m: tauG1: fft 10 join  9/10  1/2 1/8
[36;22m[DEBUG] [39;1msnarkJS[0m: tauG1: fft 10 join  9/10  1/2 3/8
[36;22m[DEBUG] [39;1msnarkJS[0m: tauG1: fft 10 join  9/10  2/2 3/8
[36;22m[DEBUG] [39;1msnarkJS[0m: tauG1: fft 10 join  9/10  1/2 4/8
[36;22m[DEBUG] [39;1msnarkJS[0m: tauG1: fft 10 join  9/10  1/2 5/8
[36;22m[DEBUG] [39;1msnarkJS[0m: tauG1: fft 10 join  9/10  1/2 6/8
[36;22m[DEBUG] [39;1msnarkJS[0m: tauG1: fft 10 join  9/10  2/2 4/8
[36;22m[DEBUG] [39;1msnarkJS[0m: tauG1: fft 10 join  9/10  2/2 5/8
[36;22m[DEBUG] [39;1msnarkJS[0m: tauG1: fft 10 join  9/10  2/2 6/8
[36;22m[DEBUG] [39;1msnarkJS[0m: tauG1: fft 10 join  9/10  2/2 7/8
[36;22m[DEBUG] [39;1msnarkJS[0m: tauG1: fft 10 join  9/10  2/2 1/8
[36;22m[DEBUG] [39;1msnarkJS[0m: tauG1: fft 10 join  9/10  1/2 7/8
[36;22m[DEBUG] [39;1msnarkJS[0m: tauG1: fft 10 join  9/10  2/2 2/8
[36;22m[DEBUG] [39;1msnarkJS[0m: tauG1: fft  10  join: 10/10
[36;22m[DEBUG] [39;1msnarkJS[0m: tauG1: fft 10 join  10/10  1/1 0/16
[36;22m[DEBUG] [39;1msnarkJS[0m: tauG1: fft 10 join  10/10  1/1 4/16
[36;22m[DEBUG] [39;1msnarkJS[0m: tauG1: fft 10 join  10/10  1/1 7/16
[36;22m[DEBUG] [39;1msnarkJS[0m: tauG1: fft 10 join  10/10  1/1 3/16
[36;22m[DEBUG] [39;1msnarkJS[0m: tauG1: fft 10 join  10/10  1/1 5/16
[36;22m[DEBUG] [39;1msnarkJS[0m: tauG1: fft 10 join  10/10  1/1 8/16
[36;22m[DEBUG] [39;1msnarkJS[0m: tauG1: fft 10 join  10/10  1/1 1/16
[36;22m[DEBUG] [39;1msnarkJS[0m: tauG1: fft 10 join  10/10  1/1 9/16
[36;22m[DEBUG] [39;1msnarkJS[0m: tauG1: fft 10 join  10/10  1/1 11/16
[36;22m[DEBUG] [39;1msnarkJS[0m: tauG1: fft 10 join  10/10  1/1 6/16
[36;22m[DEBUG] [39;1msnarkJS[0m: tauG1: fft 10 join  10/10  1/1 12/16
[36;22m[DEBUG] [39;1msnarkJS[0m: tauG1: fft 10 join  10/10  1/1 13/16
[36;22m[DEBUG] [39;1msnarkJS[0m: tauG1: fft 10 join  10/10  1/1 14/16
[36;22m[DEBUG] [39;1msnarkJS[0m: tauG1: fft 10 join  10/10  1/1 15/16
[36;22m[DEBUG] [39;1msnarkJS[0m: tauG1: fft 10 join  10/10  1/1 2/16
[36;22m[DEBUG] [39;1msnarkJS[0m: tauG1: fft 10 join  10/10  1/1 10/16
[36;22m[DEBUG] [39;1msnarkJS[0m: tauG1: fft 11 mix start: 0/32
[36;22m[DEBUG] [39;1msnarkJS[0m: tauG1: fft 11 mix start: 1/32
[36;22m[DEBUG] [39;1msnarkJS[0m: tauG1: fft 11 mix start: 2/32
[36;22m[DEBUG] [39;1msnarkJS[0m: tauG1: fft 11 mix start: 3/32
[36;22m[DEBUG] [39;1msnarkJS[0m: tauG1: fft 11 mix start: 4/32
[36;22m[DEBUG] [39;1msnarkJS[0m: tauG1: fft 11 mix start: 5/32
[36;22m[DEBUG] [39;1msnarkJS[0m: tauG1: fft 11 mix start: 6/32
[36;22m[DEBUG] [39;1msnarkJS[0m: tauG1: fft 11 mix start: 7/32
[36;22m[DEBUG] [39;1msnarkJS[0m: tauG1: fft 11 mix start: 8/32
[36;22m[DEBUG] [39;1msnarkJS[0m: tauG1: fft 11 mix start: 9/32
[36;22m[DEBUG] [39;1msnarkJS[0m: tauG1: fft 11 mix start: 10/32
[36;22m[DEBUG] [39;1msnarkJS[0m: tauG1: fft 11 mix start: 11/32
[36;22m[DEBUG] [39;1msnarkJS[0m: tauG1: fft 11 mix start: 12/32
[36;22m[DEBUG] [39;1msnarkJS[0m: tauG1: fft 11 mix start: 13/32
[36;22m[DEBUG] [39;1msnarkJS[0m: tauG1: fft 11 mix start: 14/32
[36;22m[DEBUG] [39;1msnarkJS[0m: tauG1: fft 11 mix start: 15/32
[36;22m[DEBUG] [39;1msnarkJS[0m: tauG1: fft 11 mix start: 16/32
[36;22m[DEBUG] [39;1msnarkJS[0m: tauG1: fft 11 mix start: 17/32
[36;22m[DEBUG] [39;1msnarkJS[0m: tauG1: fft 11 mix start: 18/32
[36;22m[DEBUG] [39;1msnarkJS[0m: tauG1: fft 11 mix start: 19/32
[36;22m[DEBUG] [39;1msnarkJS[0m: tauG1: fft 11 mix start: 20/32
[36;22m[DEBUG] [39;1msnarkJS[0m: tauG1: fft 11 mix start: 21/32
[36;22m[DEBUG] [39;1msnarkJS[0m: tauG1: fft 11 mix start: 22/32
[36;22m[DEBUG] [39;1msnarkJS[0m: tauG1: fft 11 mix start: 23/32
[36;22m[DEBUG] [39;1msnarkJS[0m: tauG1: fft 11 mix start: 24/32
[36;22m[DEBUG] [39;1msnarkJS[0m: tauG1: fft 11 mix start: 25/32
[36;22m[DEBUG] [39;1msnarkJS[0m: tauG1: fft 11 mix start: 26/32
[36;22m[DEBUG] [39;1msnarkJS[0m: tauG1: fft 11 mix start: 27/32
[36;22m[DEBUG] [39;1msnarkJS[0m: tauG1: fft 11 mix start: 28/32
[36;22m[DEBUG] [39;1msnarkJS[0m: tauG1: fft 11 mix start: 29/32
[36;22m[DEBUG] [39;1msnarkJS[0m: tauG1: fft 11 mix start: 30/32
[36;22m[DEBUG] [39;1msnarkJS[0m: tauG1: fft 11 mix start: 31/32
[36;22m[DEBUG] [39;1msnarkJS[0m: tauG1: fft 11 mix end: 3/32
[36;22m[DEBUG] [39;1msnarkJS[0m: tauG1: fft 11 mix end: 0/32
[36;22m[DEBUG] [39;1msnarkJS[0m: tauG1: fft 11 mix end: 14/32
[36;22m[DEBUG] [39;1msnarkJS[0m: tauG1: fft 11 mix end: 22/32
[36;22m[DEBUG] [39;1msnarkJS[0m: tauG1: fft 11 mix end: 13/32
[36;22m[DEBUG] [39;1msnarkJS[0m: tauG1: fft 11 mix end: 2/32
[36;22m[DEBUG] [39;1msnarkJS[0m: tauG1: fft 11 mix end: 5/32
[36;22m[DEBUG] [39;1msnarkJS[0m: tauG1: fft 11 mix end: 10/32
[36;22m[DEBUG] [39;1msnarkJS[0m: tauG1: fft 11 mix end: 7/32
[36;22m[DEBUG] [39;1msnarkJS[0m: tauG1: fft 11 mix end: 11/32
[36;22m[DEBUG] [39;1msnarkJS[0m: tauG1: fft 11 mix end: 9/32
[36;22m[DEBUG] [39;1msnarkJS[0m: tauG1: fft 11 mix end: 6/32
[36;22m[DEBUG] [39;1msnarkJS[0m: tauG1: fft 11 mix end: 12/32
[36;22m[DEBUG] [39;1msnarkJS[0m: tauG1: fft 11 mix end: 15/32
[36;22m[DEBUG] [39;1msnarkJS[0m: tauG1: fft 11 mix end: 19/32
[36;22m[DEBUG] [39;1msnarkJS[0m: tauG1: fft 11 mix end: 21/32
[36;22m[DEBUG] [39;1msnarkJS[0m: tauG1: fft 11 mix end: 27/32
[36;22m[DEBUG] [39;1msnarkJS[0m: tauG1: fft 11 mix end: 23/32
[36;22m[DEBUG] [39;1msnarkJS[0m: tauG1: fft 11 mix end: 8/32
[36;22m[DEBUG] [39;1msnarkJS[0m: tauG1: fft 11 mix end: 31/32
[36;22m[DEBUG] [39;1msnarkJS[0m: tauG1: fft 11 mix end: 29/32
[36;22m[DEBUG] [39;1msnarkJS[0m: tauG1: fft 11 mix end: 1/32
[36;22m[DEBUG] [39;1msnarkJS[0m: tauG1: fft 11 mix end: 4/32
[36;22m[DEBUG] [39;1msnarkJS[0m: tauG1: fft 11 mix end: 16/32
[36;22m[DEBUG] [39;1msnarkJS[0m: tauG1: fft 11 mix end: 26/32
[36;22m[DEBUG] [39;1msnarkJS[0m: tauG1: fft 11 mix end: 28/32
[36;22m[DEBUG] [39;1msnarkJS[0m: tauG1: fft 11 mix end: 25/32
[36;22m[DEBUG] [39;1msnarkJS[0m: tauG1: fft 11 mix end: 30/32
[36;22m[DEBUG] [39;1msnarkJS[0m: tauG1: fft 11 mix end: 20/32
[36;22m[DEBUG] [39;1msnarkJS[0m: tauG1: fft 11 mix end: 24/32
[36;22m[DEBUG] [39;1msnarkJS[0m: tauG1: fft 11 mix end: 17/32
[36;22m[DEBUG] [39;1msnarkJS[0m: tauG1: fft 11 mix end: 18/32
[36;22m[DEBUG] [39;1msnarkJS[0m: tauG1: fft  11  join: 7/11
[36;22m[DEBUG] [39;1msnarkJS[0m: tauG1: fft 11 join  7/11  16/16 0/1
[36;22m[DEBUG] [39;1msnarkJS[0m: tauG1: fft 11 join  7/11  1/16 0/1
[36;22m[DEBUG] [39;1msnarkJS[0m: tauG1: fft 11 join  7/11  9/16 0/1
[36;22m[DEBUG] [39;1msnarkJS[0m: tauG1: fft 11 join  7/11  12/16 0/1
[36;22m[DEBUG] [39;1msnarkJS[0m: tauG1: fft 11 join  7/11  13/16 0/1
[36;22m[DEBUG] [39;1msnarkJS[0m: tauG1: fft 11 join  7/11  14/16 0/1
[36;22m[DEBUG] [39;1msnarkJS[0m: tauG1: fft 11 join  7/11  15/16 0/1
[36;22m[DEBUG] [39;1msnarkJS[0m: tauG1: fft 11 join  7/11  4/16 0/1
[36;22m[DEBUG] [39;1msnarkJS[0m: tauG1: fft 11 join  7/11  7/16 0/1
[36;22m[DEBUG] [39;1msnarkJS[0m: tauG1: fft 11 join  7/11  5/16 0/1
[36;22m[DEBUG] [39;1msnarkJS[0m: tauG1: fft 11 join  7/11  6/16 0/1
[36;22m[DEBUG] [39;1msnarkJS[0m: tauG1: fft 11 join  7/11  10/16 0/1
[36;22m[DEBUG] [39;1msnarkJS[0m: tauG1: fft 11 join  7/11  3/16 0/1
[36;22m[DEBUG] [39;1msnarkJS[0m: tauG1: fft 11 join  7/11  8/16 0/1
[36;22m[DEBUG] [39;1msnarkJS[0m: tauG1: fft 11 join  7/11  11/16 0/1
[36;22m[DEBUG] [39;1msnarkJS[0m: tauG1: fft 11 join  7/11  2/16 0/1
[36;22m[DEBUG] [39;1msnarkJS[0m: tauG1: fft  11  join: 8/11
[36;22m[DEBUG] [39;1msnarkJS[0m: tauG1: fft 11 join  8/11  1/8 0/2
[36;22m[DEBUG] [39;1msnarkJS[0m: tauG1: fft 11 join  8/11  4/8 0/2
[36;22m[DEBUG] [39;1msnarkJS[0m: tauG1: fft 11 join  8/11  7/8 0/2
[36;22m[DEBUG] [39;1msnarkJS[0m: tauG1: fft 11 join  8/11  5/8 0/2
[36;22m[DEBUG] [39;1msnarkJS[0m: tauG1: fft 11 join  8/11  8/8 0/2
[36;22m[DEBUG] [39;1msnarkJS[0m: tauG1: fft 11 join  8/11  6/8 1/2
[36;22m[DEBUG] [39;1msnarkJS[0m: tauG1: fft 11 join  8/11  2/8 1/2
[36;22m[DEBUG] [39;1msnarkJS[0m: tauG1: fft 11 join  8/11  3/8 0/2
[36;22m[DEBUG] [39;1msnarkJS[0m: tauG1: fft 11 join  8/11  3/8 1/2
[36;22m[DEBUG] [39;1msnarkJS[0m: tauG1: fft 11 join  8/11  5/8 1/2
[36;22m[DEBUG] [39;1msnarkJS[0m: tauG1: fft 11 join  8/11  7/8 1/2
[36;22m[DEBUG] [39;1msnarkJS[0m: tauG1: fft 11 join  8/11  8/8 1/2
[36;22m[DEBUG] [39;1msnarkJS[0m: tauG1: fft 11 join  8/11  2/8 0/2
[36;22m[DEBUG] [39;1msnarkJS[0m: tauG1: fft 11 join  8/11  6/8 0/2
[36;22m[DEBUG] [39;1msnarkJS[0m: tauG1: fft 11 join  8/11  1/8 1/2
[36;22m[DEBUG] [39;1msnarkJS[0m: tauG1: fft 11 join  8/11  4/8 1/2
[36;22m[DEBUG] [39;1msnarkJS[0m: tauG1: fft  11  join: 9/11
[36;22m[DEBUG] [39;1msnarkJS[0m: tauG1: fft 11 join  9/11  1/4 0/4
[36;22m[DEBUG] [39;1msnarkJS[0m: tauG1: fft 11 join  9/11  3/4 0/4
[36;22m[DEBUG] [39;1msnarkJS[0m: tauG1: fft 11 join  9/11  4/4 0/4
[36;22m[DEBUG] [39;1msnarkJS[0m: tauG1: fft 11 join  9/11  2/4 0/4
[36;22m[DEBUG] [39;1msnarkJS[0m: tauG1: fft 11 join  9/11  2/4 2/4
[36;22m[DEBUG] [39;1msnarkJS[0m: tauG1: fft 11 join  9/11  1/4 2/4
[36;22m[DEBUG] [39;1msnarkJS[0m: tauG1: fft 11 join  9/11  1/4 3/4
[36;22m[DEBUG] [39;1msnarkJS[0m: tauG1: fft 11 join  9/11  2/4 1/4
[36;22m[DEBUG] [39;1msnarkJS[0m: tauG1: fft 11 join  9/11  3/4 2/4
[36;22m[DEBUG] [39;1msnarkJS[0m: tauG1: fft 11 join  9/11  3/4 3/4
[36;22m[DEBUG] [39;1msnarkJS[0m: tauG1: fft 11 join  9/11  4/4 1/4
[36;22m[DEBUG] [39;1msnarkJS[0m: tauG1: fft 11 join  9/11  4/4 2/4
[36;22m[DEBUG] [39;1msnarkJS[0m: tauG1: fft 11 join  9/11  3/4 1/4
[36;22m[DEBUG] [39;1msnarkJS[0m: tauG1: fft 11 join  9/11  4/4 3/4
[36;22m[DEBUG] [39;1msnarkJS[0m: tauG1: fft 11 join  9/11  1/4 1/4
[36;22m[DEBUG] [39;1msnarkJS[0m: tauG1: fft 11 join  9/11  2/4 3/4
[36;22m[DEBUG] [39;1msnarkJS[0m: tauG1: fft  11  join: 10/11
[36;22m[DEBUG] [39;1msnarkJS[0m: tauG1: fft 11 join  10/11  1/2 0/8
[36;22m[DEBUG] [39;1msnarkJS[0m: tauG1: fft 11 join  10/11  2/2 0/8
[36;22m[DEBUG] [39;1msnarkJS[0m: tauG1: fft 11 join  10/11  1/2 1/8
[36;22m[DEBUG] [39;1msnarkJS[0m: tauG1: fft 11 join  10/11  1/2 2/8
[36;22m[DEBUG] [39;1msnarkJS[0m: tauG1: fft 11 join  10/11  1/2 5/8
[36;22m[DEBUG] [39;1msnarkJS[0m: tauG1: fft 11 join  10/11  2/2 2/8
[36;22m[DEBUG] [39;1msnarkJS[0m: tauG1: fft 11 join  10/11  2/2 3/8
[36;22m[DEBUG] [39;1msnarkJS[0m: tauG1: fft 11 join  10/11  2/2 5/8
[36;22m[DEBUG] [39;1msnarkJS[0m: tauG1: fft 11 join  10/11  1/2 6/8
[36;22m[DEBUG] [39;1msnarkJS[0m: tauG1: fft 11 join  10/11  1/2 7/8
[36;22m[DEBUG] [39;1msnarkJS[0m: tauG1: fft 11 join  10/11  2/2 1/8
[36;22m[DEBUG] [39;1msnarkJS[0m: tauG1: fft 11 join  10/11  2/2 4/8
[36;22m[DEBUG] [39;1msnarkJS[0m: tauG1: fft 11 join  10/11  2/2 6/8
[36;22m[DEBUG] [39;1msnarkJS[0m: tauG1: fft 11 join  10/11  1/2 3/8
[36;22m[DEBUG] [39;1msnarkJS[0m: tauG1: fft 11 join  10/11  1/2 4/8
[36;22m[DEBUG] [39;1msnarkJS[0m: tauG1: fft 11 join  10/11  2/2 7/8
[36;22m[DEBUG] [39;1msnarkJS[0m: tauG1: fft  11  join: 11/11
[36;22m[DEBUG] [39;1msnarkJS[0m: tauG1: fft 11 join  11/11  1/1 4/16
[36;22m[DEBUG] [39;1msnarkJS[0m: tauG1: fft 11 join  11/11  1/1 0/16
[36;22m[DEBUG] [39;1msnarkJS[0m: tauG1: fft 11 join  11/11  1/1 11/16
[36;22m[DEBUG] [39;1msnarkJS[0m: tauG1: fft 11 join  11/11  1/1 1/16
[36;22m[DEBUG] [39;1msnarkJS[0m: tauG1: fft 11 join  11/11  1/1 2/16
[36;22m[DEBUG] [39;1msnarkJS[0m: tauG1: fft 11 join  11/11  1/1 3/16
[36;22m[DEBUG] [39;1msnarkJS[0m: tauG1: fft 11 join  11/11  1/1 5/16
[36;22m[DEBUG] [39;1msnarkJS[0m: tauG1: fft 11 join  11/11  1/1 6/16
[36;22m[DEBUG] [39;1msnarkJS[0m: tauG1: fft 11 join  11/11  1/1 8/16
[36;22m[DEBUG] [39;1msnarkJS[0m: tauG1: fft 11 join  11/11  1/1 9/16
[36;22m[DEBUG] [39;1msnarkJS[0m: tauG1: fft 11 join  11/11  1/1 10/16
[36;22m[DEBUG] [39;1msnarkJS[0m: tauG1: fft 11 join  11/11  1/1 12/16
[36;22m[DEBUG] [39;1msnarkJS[0m: tauG1: fft 11 join  11/11  1/1 14/16
[36;22m[DEBUG] [39;1msnarkJS[0m: tauG1: fft 11 join  11/11  1/1 7/16
[36;22m[DEBUG] [39;1msnarkJS[0m: tauG1: fft 11 join  11/11  1/1 13/16
[36;22m[DEBUG] [39;1msnarkJS[0m: tauG1: fft 11 join  11/11  1/1 15/16
[36;22m[DEBUG] [39;1msnarkJS[0m: tauG1: fft 12 mix start: 0/32
[36;22m[DEBUG] [39;1msnarkJS[0m: tauG1: fft 12 mix start: 1/32
[36;22m[DEBUG] [39;1msnarkJS[0m: tauG1: fft 12 mix start: 2/32
[36;22m[DEBUG] [39;1msnarkJS[0m: tauG1: fft 12 mix start: 3/32
[36;22m[DEBUG] [39;1msnarkJS[0m: tauG1: fft 12 mix start: 4/32
[36;22m[DEBUG] [39;1msnarkJS[0m: tauG1: fft 12 mix start: 5/32
[36;22m[DEBUG] [39;1msnarkJS[0m: tauG1: fft 12 mix start: 6/32
[36;22m[DEBUG] [39;1msnarkJS[0m: tauG1: fft 12 mix start: 7/32
[36;22m[DEBUG] [39;1msnarkJS[0m: tauG1: fft 12 mix start: 8/32
[36;22m[DEBUG] [39;1msnarkJS[0m: tauG1: fft 12 mix start: 9/32
[36;22m[DEBUG] [39;1msnarkJS[0m: tauG1: fft 12 mix start: 10/32
[36;22m[DEBUG] [39;1msnarkJS[0m: tauG1: fft 12 mix start: 11/32
[36;22m[DEBUG] [39;1msnarkJS[0m: tauG1: fft 12 mix start: 12/32
[36;22m[DEBUG] [39;1msnarkJS[0m: tauG1: fft 12 mix start: 13/32
[36;22m[DEBUG] [39;1msnarkJS[0m: tauG1: fft 12 mix start: 14/32
[36;22m[DEBUG] [39;1msnarkJS[0m: tauG1: fft 12 mix start: 15/32
[36;22m[DEBUG] [39;1msnarkJS[0m: tauG1: fft 12 mix start: 16/32
[36;22m[DEBUG] [39;1msnarkJS[0m: tauG1: fft 12 mix start: 17/32
[36;22m[DEBUG] [39;1msnarkJS[0m: tauG1: fft 12 mix start: 18/32
[36;22m[DEBUG] [39;1msnarkJS[0m: tauG1: fft 12 mix start: 19/32
[36;22m[DEBUG] [39;1msnarkJS[0m: tauG1: fft 12 mix start: 20/32
[36;22m[DEBUG] [39;1msnarkJS[0m: tauG1: fft 12 mix start: 21/32
[36;22m[DEBUG] [39;1msnarkJS[0m: tauG1: fft 12 mix start: 22/32
[36;22m[DEBUG] [39;1msnarkJS[0m: tauG1: fft 12 mix start: 23/32
[36;22m[DEBUG] [39;1msnarkJS[0m: tauG1: fft 12 mix start: 24/32
[36;22m[DEBUG] [39;1msnarkJS[0m: tauG1: fft 12 mix start: 25/32
[36;22m[DEBUG] [39;1msnarkJS[0m: tauG1: fft 12 mix start: 26/32
[36;22m[DEBUG] [39;1msnarkJS[0m: tauG1: fft 12 mix start: 27/32
[36;22m[DEBUG] [39;1msnarkJS[0m: tauG1: fft 12 mix start: 28/32
[36;22m[DEBUG] [39;1msnarkJS[0m: tauG1: fft 12 mix start: 29/32
[36;22m[DEBUG] [39;1msnarkJS[0m: tauG1: fft 12 mix start: 30/32
[36;22m[DEBUG] [39;1msnarkJS[0m: tauG1: fft 12 mix start: 31/32
[36;22m[DEBUG] [39;1msnarkJS[0m: tauG1: fft 12 mix end: 17/32
[36;22m[DEBUG] [39;1msnarkJS[0m: tauG1: fft 12 mix end: 15/32
[36;22m[DEBUG] [39;1msnarkJS[0m: tauG1: fft 12 mix end: 0/32
[36;22m[DEBUG] [39;1msnarkJS[0m: tauG1: fft 12 mix end: 14/32
[36;22m[DEBUG] [39;1msnarkJS[0m: tauG1: fft 12 mix end: 4/32
[36;22m[DEBUG] [39;1msnarkJS[0m: tauG1: fft 12 mix end: 1/32
[36;22m[DEBUG] [39;1msnarkJS[0m: tauG1: fft 12 mix end: 2/32
[36;22m[DEBUG] [39;1msnarkJS[0m: tauG1: fft 12 mix end: 5/32
[36;22m[DEBUG] [39;1msnarkJS[0m: tauG1: fft 12 mix end: 6/32
[36;22m[DEBUG] [39;1msnarkJS[0m: tauG1: fft 12 mix end: 9/32
[36;22m[DEBUG] [39;1msnarkJS[0m: tauG1: fft 12 mix end: 11/32
[36;22m[DEBUG] [39;1msnarkJS[0m: tauG1: fft 12 mix end: 12/32
[36;22m[DEBUG] [39;1msnarkJS[0m: tauG1: fft 12 mix end: 20/32
[36;22m[DEBUG] [39;1msnarkJS[0m: tauG1: fft 12 mix end: 16/32
[36;22m[DEBUG] [39;1msnarkJS[0m: tauG1: fft 12 mix end: 18/32
[36;22m[DEBUG] [39;1msnarkJS[0m: tauG1: fft 12 mix end: 23/32
[36;22m[DEBUG] [39;1msnarkJS[0m: tauG1: fft 12 mix end: 8/32
[36;22m[DEBUG] [39;1msnarkJS[0m: tauG1: fft 12 mix end: 13/32
[36;22m[DEBUG] [39;1msnarkJS[0m: tauG1: fft 12 mix end: 29/32
[36;22m[DEBUG] [39;1msnarkJS[0m: tauG1: fft 12 mix end: 25/32
[36;22m[DEBUG] [39;1msnarkJS[0m: tauG1: fft 12 mix end: 28/32
[36;22m[DEBUG] [39;1msnarkJS[0m: tauG1: fft 12 mix end: 19/32
[36;22m[DEBUG] [39;1msnarkJS[0m: tauG1: fft 12 mix end: 24/32
[36;22m[DEBUG] [39;1msnarkJS[0m: tauG1: fft 12 mix end: 22/32
[36;22m[DEBUG] [39;1msnarkJS[0m: tauG1: fft 12 mix end: 27/32
[36;22m[DEBUG] [39;1msnarkJS[0m: tauG1: fft 12 mix end: 21/32
[36;22m[DEBUG] [39;1msnarkJS[0m: tauG1: fft 12 mix end: 26/32
[36;22m[DEBUG] [39;1msnarkJS[0m: tauG1: fft 12 mix end: 3/32
[36;22m[DEBUG] [39;1msnarkJS[0m: tauG1: fft 12 mix end: 30/32
[36;22m[DEBUG] [39;1msnarkJS[0m: tauG1: fft 12 mix end: 31/32
[36;22m[DEBUG] [39;1msnarkJS[0m: tauG1: fft 12 mix end: 10/32
[36;22m[DEBUG] [39;1msnarkJS[0m: tauG1: fft 12 mix end: 7/32
[36;22m[DEBUG] [39;1msnarkJS[0m: tauG1: fft  12  join: 8/12
[36;22m[DEBUG] [39;1msnarkJS[0m: tauG1: fft 12 join  8/12  1/16 0/1
[36;22m[DEBUG] [39;1msnarkJS[0m: tauG1: fft 12 join  8/12  11/16 0/1
[36;22m[DEBUG] [39;1msnarkJS[0m: tauG1: fft 12 join  8/12  3/16 0/1
[36;22m[DEBUG] [39;1msnarkJS[0m: tauG1: fft 12 join  8/12  9/16 0/1
[36;22m[DEBUG] [39;1msnarkJS[0m: tauG1: fft 12 join  8/12  10/16 0/1
[36;22m[DEBUG] [39;1msnarkJS[0m: tauG1: fft 12 join  8/12  4/16 0/1
[36;22m[DEBUG] [39;1msnarkJS[0m: tauG1: fft 12 join  8/12  7/16 0/1
[36;22m[DEBUG] [39;1msnarkJS[0m: tauG1: fft 12 join  8/12  14/16 0/1
[36;22m[DEBUG] [39;1msnarkJS[0m: tauG1: fft 12 join  8/12  6/16 0/1
[36;22m[DEBUG] [39;1msnarkJS[0m: tauG1: fft 12 join  8/12  8/16 0/1
[36;22m[DEBUG] [39;1msnarkJS[0m: tauG1: fft 12 join  8/12  13/16 0/1
[36;22m[DEBUG] [39;1msnarkJS[0m: tauG1: fft 12 join  8/12  16/16 0/1
[36;22m[DEBUG] [39;1msnarkJS[0m: tauG1: fft 12 join  8/12  5/16 0/1
[36;22m[DEBUG] [39;1msnarkJS[0m: tauG1: fft 12 join  8/12  15/16 0/1
[36;22m[DEBUG] [39;1msnarkJS[0m: tauG1: fft 12 join  8/12  2/16 0/1
[36;22m[DEBUG] [39;1msnarkJS[0m: tauG1: fft 12 join  8/12  12/16 0/1
[36;22m[DEBUG] [39;1msnarkJS[0m: tauG1: fft  12  join: 9/12
[36;22m[DEBUG] [39;1msnarkJS[0m: tauG1: fft 12 join  9/12  3/8 1/2
[36;22m[DEBUG] [39;1msnarkJS[0m: tauG1: fft 12 join  9/12  2/8 1/2
[36;22m[DEBUG] [39;1msnarkJS[0m: tauG1: fft 12 join  9/12  3/8 0/2
[36;22m[DEBUG] [39;1msnarkJS[0m: tauG1: fft 12 join  9/12  5/8 1/2
[36;22m[DEBUG] [39;1msnarkJS[0m: tauG1: fft 12 join  9/12  6/8 0/2
[36;22m[DEBUG] [39;1msnarkJS[0m: tauG1: fft 12 join  9/12  1/8 0/2
[36;22m[DEBUG] [39;1msnarkJS[0m: tauG1: fft 12 join  9/12  2/8 0/2
[36;22m[DEBUG] [39;1msnarkJS[0m: tauG1: fft 12 join  9/12  4/8 0/2
[36;22m[DEBUG] [39;1msnarkJS[0m: tauG1: fft 12 join  9/12  5/8 0/2
[36;22m[DEBUG] [39;1msnarkJS[0m: tauG1: fft 12 join  9/12  7/8 0/2
[36;22m[DEBUG] [39;1msnarkJS[0m: tauG1: fft 12 join  9/12  7/8 1/2
[36;22m[DEBUG] [39;1msnarkJS[0m: tauG1: fft 12 join  9/12  8/8 0/2
[36;22m[DEBUG] [39;1msnarkJS[0m: tauG1: fft 12 join  9/12  8/8 1/2
[36;22m[DEBUG] [39;1msnarkJS[0m: tauG1: fft 12 join  9/12  4/8 1/2
[36;22m[DEBUG] [39;1msnarkJS[0m: tauG1: fft 12 join  9/12  1/8 1/2
[36;22m[DEBUG] [39;1msnarkJS[0m: tauG1: fft 12 join  9/12  6/8 1/2
[36;22m[DEBUG] [39;1msnarkJS[0m: tauG1: fft  12  join: 10/12
[36;22m[DEBUG] [39;1msnarkJS[0m: tauG1: fft 12 join  10/12  1/4 1/4
[36;22m[DEBUG] [39;1msnarkJS[0m: tauG1: fft 12 join  10/12  1/4 3/4
[36;22m[DEBUG] [39;1msnarkJS[0m: tauG1: fft 12 join  10/12  2/4 0/4
[36;22m[DEBUG] [39;1msnarkJS[0m: tauG1: fft 12 join  10/12  3/4 2/4
[36;22m[DEBUG] [39;1msnarkJS[0m: tauG1: fft 12 join  10/12  1/4 0/4
[36;22m[DEBUG] [39;1msnarkJS[0m: tauG1: fft 12 join  10/12  1/4 2/4
[36;22m[DEBUG] [39;1msnarkJS[0m: tauG1: fft 12 join  10/12  3/4 0/4
[36;22m[DEBUG] [39;1msnarkJS[0m: tauG1: fft 12 join  10/12  4/4 0/4
[36;22m[DEBUG] [39;1msnarkJS[0m: tauG1: fft 12 join  10/12  2/4 2/4
[36;22m[DEBUG] [39;1msnarkJS[0m: tauG1: fft 12 join  10/12  2/4 3/4
[36;22m[DEBUG] [39;1msnarkJS[0m: tauG1: fft 12 join  10/12  3/4 1/4
[36;22m[DEBUG] [39;1msnarkJS[0m: tauG1: fft 12 join  10/12  4/4 1/4
[36;22m[DEBUG] [39;1msnarkJS[0m: tauG1: fft 12 join  10/12  4/4 2/4
[36;22m[DEBUG] [39;1msnarkJS[0m: tauG1: fft 12 join  10/12  3/4 3/4
[36;22m[DEBUG] [39;1msnarkJS[0m: tauG1: fft 12 join  10/12  4/4 3/4
[36;22m[DEBUG] [39;1msnarkJS[0m: tauG1: fft 12 join  10/12  2/4 1/4
[36;22m[DEBUG] [39;1msnarkJS[0m: tauG1: fft  12  join: 11/12
[36;22m[DEBUG] [39;1msnarkJS[0m: tauG1: fft 12 join  11/12  1/2 0/8
[36;22m[DEBUG] [39;1msnarkJS[0m: tauG1: fft 12 join  11/12  2/2 0/8
[36;22m[DEBUG] [39;1msnarkJS[0m: tauG1: fft 12 join  11/12  1/2 4/8
[36;22m[DEBUG] [39;1msnarkJS[0m: tauG1: fft 12 join  11/12  1/2 5/8
[36;22m[DEBUG] [39;1msnarkJS[0m: tauG1: fft 12 join  11/12  1/2 6/8
[36;22m[DEBUG] [39;1msnarkJS[0m: tauG1: fft 12 join  11/12  2/2 2/8
[36;22m[DEBUG] [39;1msnarkJS[0m: tauG1: fft 12 join  11/12  1/2 1/8
[36;22m[DEBUG] [39;1msnarkJS[0m: tauG1: fft 12 join  11/12  1/2 2/8
[36;22m[DEBUG] [39;1msnarkJS[0m: tauG1: fft 12 join  11/12  1/2 3/8
[36;22m[DEBUG] [39;1msnarkJS[0m: tauG1: fft 12 join  11/12  2/2 1/8
[36;22m[DEBUG] [39;1msnarkJS[0m: tauG1: fft 12 join  11/12  2/2 3/8
[36;22m[DEBUG] [39;1msnarkJS[0m: tauG1: fft 12 join  11/12  2/2 4/8
[36;22m[DEBUG] [39;1msnarkJS[0m: tauG1: fft 12 join  11/12  2/2 5/8
[36;22m[DEBUG] [39;1msnarkJS[0m: tauG1: fft 12 join  11/12  2/2 6/8
[36;22m[DEBUG] [39;1msnarkJS[0m: tauG1: fft 12 join  11/12  2/2 7/8
[36;22m[DEBUG] [39;1msnarkJS[0m: tauG1: fft 12 join  11/12  1/2 7/8
[36;22m[DEBUG] [39;1msnarkJS[0m: tauG1: fft  12  join: 12/12
[36;22m[DEBUG] [39;1msnarkJS[0m: tauG1: fft 12 join  12/12  1/1 4/16
[36;22m[DEBUG] [39;1msnarkJS[0m: tauG1: fft 12 join  12/12  1/1 10/16
[36;22m[DEBUG] [39;1msnarkJS[0m: tauG1: fft 12 join  12/12  1/1 8/16
[36;22m[DEBUG] [39;1msnarkJS[0m: tauG1: fft 12 join  12/12  1/1 9/16
[36;22m[DEBUG] [39;1msnarkJS[0m: tauG1: fft 12 join  12/12  1/1 0/16
[36;22m[DEBUG] [39;1msnarkJS[0m: tauG1: fft 12 join  12/12  1/1 2/16
[36;22m[DEBUG] [39;1msnarkJS[0m: tauG1: fft 12 join  12/12  1/1 3/16
[36;22m[DEBUG] [39;1msnarkJS[0m: tauG1: fft 12 join  12/12  1/1 6/16
[36;22m[DEBUG] [39;1msnarkJS[0m: tauG1: fft 12 join  12/12  1/1 12/16
[36;22m[DEBUG] [39;1msnarkJS[0m: tauG1: fft 12 join  12/12  1/1 14/16
[36;22m[DEBUG] [39;1msnarkJS[0m: tauG1: fft 12 join  12/12  1/1 1/16
[36;22m[DEBUG] [39;1msnarkJS[0m: tauG1: fft 12 join  12/12  1/1 11/16
[36;22m[DEBUG] [39;1msnarkJS[0m: tauG1: fft 12 join  12/12  1/1 5/16
[36;22m[DEBUG] [39;1msnarkJS[0m: tauG1: fft 12 join  12/12  1/1 13/16
[36;22m[DEBUG] [39;1msnarkJS[0m: tauG1: fft 12 join  12/12  1/1 7/16
[36;22m[DEBUG] [39;1msnarkJS[0m: tauG1: fft 12 join  12/12  1/1 15/16
[36;22m[DEBUG] [39;1msnarkJS[0m: tauG1: fft 13 mix start: 0/32
[36;22m[DEBUG] [39;1msnarkJS[0m: tauG1: fft 13 mix start: 1/32
[36;22m[DEBUG] [39;1msnarkJS[0m: tauG1: fft 13 mix start: 2/32
[36;22m[DEBUG] [39;1msnarkJS[0m: tauG1: fft 13 mix start: 3/32
[36;22m[DEBUG] [39;1msnarkJS[0m: tauG1: fft 13 mix start: 4/32
[36;22m[DEBUG] [39;1msnarkJS[0m: tauG1: fft 13 mix start: 5/32
[36;22m[DEBUG] [39;1msnarkJS[0m: tauG1: fft 13 mix start: 6/32
[36;22m[DEBUG] [39;1msnarkJS[0m: tauG1: fft 13 mix start: 7/32
[36;22m[DEBUG] [39;1msnarkJS[0m: tauG1: fft 13 mix start: 8/32
[36;22m[DEBUG] [39;1msnarkJS[0m: tauG1: fft 13 mix start: 9/32
[36;22m[DEBUG] [39;1msnarkJS[0m: tauG1: fft 13 mix start: 10/32
[36;22m[DEBUG] [39;1msnarkJS[0m: tauG1: fft 13 mix start: 11/32
[36;22m[DEBUG] [39;1msnarkJS[0m: tauG1: fft 13 mix start: 12/32
[36;22m[DEBUG] [39;1msnarkJS[0m: tauG1: fft 13 mix start: 13/32
[36;22m[DEBUG] [39;1msnarkJS[0m: tauG1: fft 13 mix start: 14/32
[36;22m[DEBUG] [39;1msnarkJS[0m: tauG1: fft 13 mix start: 15/32
[36;22m[DEBUG] [39;1msnarkJS[0m: tauG1: fft 13 mix start: 16/32
[36;22m[DEBUG] [39;1msnarkJS[0m: tauG1: fft 13 mix start: 17/32
[36;22m[DEBUG] [39;1msnarkJS[0m: tauG1: fft 13 mix start: 18/32
[36;22m[DEBUG] [39;1msnarkJS[0m: tauG1: fft 13 mix start: 19/32
[36;22m[DEBUG] [39;1msnarkJS[0m: tauG1: fft 13 mix start: 20/32
[36;22m[DEBUG] [39;1msnarkJS[0m: tauG1: fft 13 mix start: 21/32
[36;22m[DEBUG] [39;1msnarkJS[0m: tauG1: fft 13 mix start: 22/32
[36;22m[DEBUG] [39;1msnarkJS[0m: tauG1: fft 13 mix start: 23/32
[36;22m[DEBUG] [39;1msnarkJS[0m: tauG1: fft 13 mix start: 24/32
[36;22m[DEBUG] [39;1msnarkJS[0m: tauG1: fft 13 mix start: 25/32
[36;22m[DEBUG] [39;1msnarkJS[0m: tauG1: fft 13 mix start: 26/32
[36;22m[DEBUG] [39;1msnarkJS[0m: tauG1: fft 13 mix start: 27/32
[36;22m[DEBUG] [39;1msnarkJS[0m: tauG1: fft 13 mix start: 28/32
[36;22m[DEBUG] [39;1msnarkJS[0m: tauG1: fft 13 mix start: 29/32
[36;22m[DEBUG] [39;1msnarkJS[0m: tauG1: fft 13 mix start: 30/32
[36;22m[DEBUG] [39;1msnarkJS[0m: tauG1: fft 13 mix start: 31/32
[36;22m[DEBUG] [39;1msnarkJS[0m: tauG1: fft 13 mix end: 8/32
[36;22m[DEBUG] [39;1msnarkJS[0m: tauG1: fft 13 mix end: 14/32
[36;22m[DEBUG] [39;1msnarkJS[0m: tauG1: fft 13 mix end: 21/32
[36;22m[DEBUG] [39;1msnarkJS[0m: tauG1: fft 13 mix end: 10/32
[36;22m[DEBUG] [39;1msnarkJS[0m: tauG1: fft 13 mix end: 0/32
[36;22m[DEBUG] [39;1msnarkJS[0m: tauG1: fft 13 mix end: 4/32
[36;22m[DEBUG] [39;1msnarkJS[0m: tauG1: fft 13 mix end: 17/32
[36;22m[DEBUG] [39;1msnarkJS[0m: tauG1: fft 13 mix end: 5/32
[36;22m[DEBUG] [39;1msnarkJS[0m: tauG1: fft 13 mix end: 30/32
[36;22m[DEBUG] [39;1msnarkJS[0m: tauG1: fft 13 mix end: 29/32
[36;22m[DEBUG] [39;1msnarkJS[0m: tauG1: fft 13 mix end: 7/32
[36;22m[DEBUG] [39;1msnarkJS[0m: tauG1: fft 13 mix end: 9/32
[36;22m[DEBUG] [39;1msnarkJS[0m: tauG1: fft 13 mix end: 2/32
[36;22m[DEBUG] [39;1msnarkJS[0m: tauG1: fft 13 mix end: 3/32
[36;22m[DEBUG] [39;1msnarkJS[0m: tauG1: fft 13 mix end: 1/32
[36;22m[DEBUG] [39;1msnarkJS[0m: tauG1: fft 13 mix end: 20/32
[36;22m[DEBUG] [39;1msnarkJS[0m: tauG1: fft 13 mix end: 6/32
[36;22m[DEBUG] [39;1msnarkJS[0m: tauG1: fft 13 mix end: 15/32
[36;22m[DEBUG] [39;1msnarkJS[0m: tauG1: fft 13 mix end: 18/32
[36;22m[DEBUG] [39;1msnarkJS[0m: tauG1: fft 13 mix end: 16/32
[36;22m[DEBUG] [39;1msnarkJS[0m: tauG1: fft 13 mix end: 12/32
[36;22m[DEBUG] [39;1msnarkJS[0m: tauG1: fft 13 mix end: 19/32
[36;22m[DEBUG] [39;1msnarkJS[0m: tauG1: fft 13 mix end: 23/32
[36;22m[DEBUG] [39;1msnarkJS[0m: tauG1: fft 13 mix end: 27/32
[36;22m[DEBUG] [39;1msnarkJS[0m: tauG1: fft 13 mix end: 28/32
[36;22m[DEBUG] [39;1msnarkJS[0m: tauG1: fft 13 mix end: 24/32
[36;22m[DEBUG] [39;1msnarkJS[0m: tauG1: fft 13 mix end: 22/32
[36;22m[DEBUG] [39;1msnarkJS[0m: tauG1: fft 13 mix end: 26/32
[36;22m[DEBUG] [39;1msnarkJS[0m: tauG1: fft 13 mix end: 13/32
[36;22m[DEBUG] [39;1msnarkJS[0m: tauG1: fft 13 mix end: 11/32
[36;22m[DEBUG] [39;1msnarkJS[0m: tauG1: fft 13 mix end: 31/32
[36;22m[DEBUG] [39;1msnarkJS[0m: tauG1: fft 13 mix end: 25/32
[36;22m[DEBUG] [39;1msnarkJS[0m: tauG1: fft  13  join: 9/13
[36;22m[DEBUG] [39;1msnarkJS[0m: tauG1: fft 13 join  9/13  8/16 0/1
[36;22m[DEBUG] [39;1msnarkJS[0m: tauG1: fft 13 join  9/13  12/16 0/1
[36;22m[DEBUG] [39;1msnarkJS[0m: tauG1: fft 13 join  9/13  1/16 0/1
[36;22m[DEBUG] [39;1msnarkJS[0m: tauG1: fft 13 join  9/13  2/16 0/1
[36;22m[DEBUG] [39;1msnarkJS[0m: tauG1: fft 13 join  9/13  3/16 0/1
[36;22m[DEBUG] [39;1msnarkJS[0m: tauG1: fft 13 join  9/13  5/16 0/1
[36;22m[DEBUG] [39;1msnarkJS[0m: tauG1: fft 13 join  9/13  7/16 0/1
[36;22m[DEBUG] [39;1msnarkJS[0m: tauG1: fft 13 join  9/13  10/16 0/1
[36;22m[DEBUG] [39;1msnarkJS[0m: tauG1: fft 13 join  9/13  13/16 0/1
[36;22m[DEBUG] [39;1msnarkJS[0m: tauG1: fft 13 join  9/13  15/16 0/1
[36;22m[DEBUG] [39;1msnarkJS[0m: tauG1: fft 13 join  9/13  16/16 0/1
[36;22m[DEBUG] [39;1msnarkJS[0m: tauG1: fft 13 join  9/13  4/16 0/1
[36;22m[DEBUG] [39;1msnarkJS[0m: tauG1: fft 13 join  9/13  6/16 0/1
[36;22m[DEBUG] [39;1msnarkJS[0m: tauG1: fft 13 join  9/13  9/16 0/1
[36;22m[DEBUG] [39;1msnarkJS[0m: tauG1: fft 13 join  9/13  11/16 0/1
[36;22m[DEBUG] [39;1msnarkJS[0m: tauG1: fft 13 join  9/13  14/16 0/1
[36;22m[DEBUG] [39;1msnarkJS[0m: tauG1: fft  13  join: 10/13
[36;22m[DEBUG] [39;1msnarkJS[0m: tauG1: fft 13 join  10/13  1/8 1/2
[36;22m[DEBUG] [39;1msnarkJS[0m: tauG1: fft 13 join  10/13  2/8 1/2
[36;22m[DEBUG] [39;1msnarkJS[0m: tauG1: fft 13 join  10/13  3/8 0/2
[36;22m[DEBUG] [39;1msnarkJS[0m: tauG1: fft 13 join  10/13  4/8 0/2
[36;22m[DEBUG] [39;1msnarkJS[0m: tauG1: fft 13 join  10/13  4/8 1/2
[36;22m[DEBUG] [39;1msnarkJS[0m: tauG1: fft 13 join  10/13  5/8 0/2
[36;22m[DEBUG] [39;1msnarkJS[0m: tauG1: fft 13 join  10/13  5/8 1/2
[36;22m[DEBUG] [39;1msnarkJS[0m: tauG1: fft 13 join  10/13  6/8 1/2
[36;22m[DEBUG] [39;1msnarkJS[0m: tauG1: fft 13 join  10/13  7/8 0/2
[36;22m[DEBUG] [39;1msnarkJS[0m: tauG1: fft 13 join  10/13  7/8 1/2
[36;22m[DEBUG] [39;1msnarkJS[0m: tauG1: fft 13 join  10/13  8/8 0/2
[36;22m[DEBUG] [39;1msnarkJS[0m: tauG1: fft 13 join  10/13  8/8 1/2
[36;22m[DEBUG] [39;1msnarkJS[0m: tauG1: fft 13 join  10/13  1/8 0/2
[36;22m[DEBUG] [39;1msnarkJS[0m: tauG1: fft 13 join  10/13  2/8 0/2
[36;22m[DEBUG] [39;1msnarkJS[0m: tauG1: fft 13 join  10/13  3/8 1/2
[36;22m[DEBUG] [39;1msnarkJS[0m: tauG1: fft 13 join  10/13  6/8 0/2
[36;22m[DEBUG] [39;1msnarkJS[0m: tauG1: fft  13  join: 11/13
[36;22m[DEBUG] [39;1msnarkJS[0m: tauG1: fft 13 join  11/13  1/4 2/4
[36;22m[DEBUG] [39;1msnarkJS[0m: tauG1: fft 13 join  11/13  1/4 0/4
[36;22m[DEBUG] [39;1msnarkJS[0m: tauG1: fft 13 join  11/13  1/4 1/4
[36;22m[DEBUG] [39;1msnarkJS[0m: tauG1: fft 13 join  11/13  2/4 2/4
[36;22m[DEBUG] [39;1msnarkJS[0m: tauG1: fft 13 join  11/13  2/4 3/4
[36;22m[DEBUG] [39;1msnarkJS[0m: tauG1: fft 13 join  11/13  3/4 0/4
[36;22m[DEBUG] [39;1msnarkJS[0m: tauG1: fft 13 join  11/13  3/4 1/4
[36;22m[DEBUG] [39;1msnarkJS[0m: tauG1: fft 13 join  11/13  4/4 0/4
[36;22m[DEBUG] [39;1msnarkJS[0m: tauG1: fft 13 join  11/13  4/4 1/4
[36;22m[DEBUG] [39;1msnarkJS[0m: tauG1: fft 13 join  11/13  4/4 2/4
[36;22m[DEBUG] [39;1msnarkJS[0m: tauG1: fft 13 join  11/13  4/4 3/4
[36;22m[DEBUG] [39;1msnarkJS[0m: tauG1: fft 13 join  11/13  1/4 3/4
[36;22m[DEBUG] [39;1msnarkJS[0m: tauG1: fft 13 join  11/13  2/4 0/4
[36;22m[DEBUG] [39;1msnarkJS[0m: tauG1: fft 13 join  11/13  3/4 2/4
[36;22m[DEBUG] [39;1msnarkJS[0m: tauG1: fft 13 join  11/13  3/4 3/4
[36;22m[DEBUG] [39;1msnarkJS[0m: tauG1: fft 13 join  11/13  2/4 1/4
[36;22m[DEBUG] [39;1msnarkJS[0m: tauG1: fft  13  join: 12/13
[36;22m[DEBUG] [39;1msnarkJS[0m: tauG1: fft 13 join  12/13  1/2 4/8
[36;22m[DEBUG] [39;1msnarkJS[0m: tauG1: fft 13 join  12/13  2/2 0/8
[36;22m[DEBUG] [39;1msnarkJS[0m: tauG1: fft 13 join  12/13  1/2 0/8
[36;22m[DEBUG] [39;1msnarkJS[0m: tauG1: fft 13 join  12/13  1/2 1/8
[36;22m[DEBUG] [39;1msnarkJS[0m: tauG1: fft 13 join  12/13  1/2 2/8
[36;22m[DEBUG] [39;1msnarkJS[0m: tauG1: fft 13 join  12/13  1/2 3/8
[36;22m[DEBUG] [39;1msnarkJS[0m: tauG1: fft 13 join  12/13  1/2 7/8
[36;22m[DEBUG] [39;1msnarkJS[0m: tauG1: fft 13 join  12/13  2/2 1/8
[36;22m[DEBUG] [39;1msnarkJS[0m: tauG1: fft 13 join  12/13  2/2 3/8
[36;22m[DEBUG] [39;1msnarkJS[0m: tauG1: fft 13 join  12/13  2/2 4/8
[36;22m[DEBUG] [39;1msnarkJS[0m: tauG1: fft 13 join  12/13  2/2 5/8
[36;22m[DEBUG] [39;1msnarkJS[0m: tauG1: fft 13 join  12/13  2/2 7/8
[36;22m[DEBUG] [39;1msnarkJS[0m: tauG1: fft 13 join  12/13  1/2 6/8
[36;22m[DEBUG] [39;1msnarkJS[0m: tauG1: fft 13 join  12/13  2/2 6/8
[36;22m[DEBUG] [39;1msnarkJS[0m: tauG1: fft 13 join  12/13  1/2 5/8
[36;22m[DEBUG] [39;1msnarkJS[0m: tauG1: fft 13 join  12/13  2/2 2/8
[36;22m[DEBUG] [39;1msnarkJS[0m: tauG1: fft  13  join: 13/13
[36;22m[DEBUG] [39;1msnarkJS[0m: tauG1: fft 13 join  13/13  1/1 6/16
[36;22m[DEBUG] [39;1msnarkJS[0m: tauG1: fft 13 join  13/13  1/1 1/16
[36;22m[DEBUG] [39;1msnarkJS[0m: tauG1: fft 13 join  13/13  1/1 2/16
[36;22m[DEBUG] [39;1msnarkJS[0m: tauG1: fft 13 join  13/13  1/1 4/16
[36;22m[DEBUG] [39;1msnarkJS[0m: tauG1: fft 13 join  13/13  1/1 8/16
[36;22m[DEBUG] [39;1msnarkJS[0m: tauG1: fft 13 join  13/13  1/1 3/16
[36;22m[DEBUG] [39;1msnarkJS[0m: tauG1: fft 13 join  13/13  1/1 7/16
[36;22m[DEBUG] [39;1msnarkJS[0m: tauG1: fft 13 join  13/13  1/1 9/16
[36;22m[DEBUG] [39;1msnarkJS[0m: tauG1: fft 13 join  13/13  1/1 12/16
[36;22m[DEBUG] [39;1msnarkJS[0m: tauG1: fft 13 join  13/13  1/1 14/16
[36;22m[DEBUG] [39;1msnarkJS[0m: tauG1: fft 13 join  13/13  1/1 15/16
[36;22m[DEBUG] [39;1msnarkJS[0m: tauG1: fft 13 join  13/13  1/1 0/16
[36;22m[DEBUG] [39;1msnarkJS[0m: tauG1: fft 13 join  13/13  1/1 13/16
[36;22m[DEBUG] [39;1msnarkJS[0m: tauG1: fft 13 join  13/13  1/1 11/16
[36;22m[DEBUG] [39;1msnarkJS[0m: tauG1: fft 13 join  13/13  1/1 5/16
[36;22m[DEBUG] [39;1msnarkJS[0m: tauG1: fft 13 join  13/13  1/1 10/16
[36;22m[DEBUG] [39;1msnarkJS[0m: tauG1: fft 14 mix start: 0/32
[36;22m[DEBUG] [39;1msnarkJS[0m: tauG1: fft 14 mix start: 1/32
[36;22m[DEBUG] [39;1msnarkJS[0m: tauG1: fft 14 mix start: 2/32
[36;22m[DEBUG] [39;1msnarkJS[0m: tauG1: fft 14 mix start: 3/32
[36;22m[DEBUG] [39;1msnarkJS[0m: tauG1: fft 14 mix start: 4/32
[36;22m[DEBUG] [39;1msnarkJS[0m: tauG1: fft 14 mix start: 5/32
[36;22m[DEBUG] [39;1msnarkJS[0m: tauG1: fft 14 mix start: 6/32
[36;22m[DEBUG] [39;1msnarkJS[0m: tauG1: fft 14 mix start: 7/32
[36;22m[DEBUG] [39;1msnarkJS[0m: tauG1: fft 14 mix start: 8/32
[36;22m[DEBUG] [39;1msnarkJS[0m: tauG1: fft 14 mix start: 9/32
[36;22m[DEBUG] [39;1msnarkJS[0m: tauG1: fft 14 mix start: 10/32
[36;22m[DEBUG] [39;1msnarkJS[0m: tauG1: fft 14 mix start: 11/32
[36;22m[DEBUG] [39;1msnarkJS[0m: tauG1: fft 14 mix start: 12/32
[36;22m[DEBUG] [39;1msnarkJS[0m: tauG1: fft 14 mix start: 13/32
[36;22m[DEBUG] [39;1msnarkJS[0m: tauG1: fft 14 mix start: 14/32
[36;22m[DEBUG] [39;1msnarkJS[0m: tauG1: fft 14 mix start: 15/32
[36;22m[DEBUG] [39;1msnarkJS[0m: tauG1: fft 14 mix start: 16/32
[36;22m[DEBUG] [39;1msnarkJS[0m: tauG1: fft 14 mix start: 17/32
[36;22m[DEBUG] [39;1msnarkJS[0m: tauG1: fft 14 mix start: 18/32
[36;22m[DEBUG] [39;1msnarkJS[0m: tauG1: fft 14 mix start: 19/32
[36;22m[DEBUG] [39;1msnarkJS[0m: tauG1: fft 14 mix start: 20/32
[36;22m[DEBUG] [39;1msnarkJS[0m: tauG1: fft 14 mix start: 21/32
[36;22m[DEBUG] [39;1msnarkJS[0m: tauG1: fft 14 mix start: 22/32
[36;22m[DEBUG] [39;1msnarkJS[0m: tauG1: fft 14 mix start: 23/32
[36;22m[DEBUG] [39;1msnarkJS[0m: tauG1: fft 14 mix start: 24/32
[36;22m[DEBUG] [39;1msnarkJS[0m: tauG1: fft 14 mix start: 25/32
[36;22m[DEBUG] [39;1msnarkJS[0m: tauG1: fft 14 mix start: 26/32
[36;22m[DEBUG] [39;1msnarkJS[0m: tauG1: fft 14 mix start: 27/32
[36;22m[DEBUG] [39;1msnarkJS[0m: tauG1: fft 14 mix start: 28/32
[36;22m[DEBUG] [39;1msnarkJS[0m: tauG1: fft 14 mix start: 29/32
[36;22m[DEBUG] [39;1msnarkJS[0m: tauG1: fft 14 mix start: 30/32
[36;22m[DEBUG] [39;1msnarkJS[0m: tauG1: fft 14 mix start: 31/32
[36;22m[DEBUG] [39;1msnarkJS[0m: tauG1: fft 14 mix end: 5/32
[36;22m[DEBUG] [39;1msnarkJS[0m: tauG1: fft 14 mix end: 8/32
[36;22m[DEBUG] [39;1msnarkJS[0m: tauG1: fft 14 mix end: 4/32
[36;22m[DEBUG] [39;1msnarkJS[0m: tauG1: fft 14 mix end: 2/32
[36;22m[DEBUG] [39;1msnarkJS[0m: tauG1: fft 14 mix end: 11/32
[36;22m[DEBUG] [39;1msnarkJS[0m: tauG1: fft 14 mix end: 14/32
[36;22m[DEBUG] [39;1msnarkJS[0m: tauG1: fft 14 mix end: 26/32
[36;22m[DEBUG] [39;1msnarkJS[0m: tauG1: fft 14 mix end: 0/32
[36;22m[DEBUG] [39;1msnarkJS[0m: tauG1: fft 14 mix end: 7/32
[36;22m[DEBUG] [39;1msnarkJS[0m: tauG1: fft 14 mix end: 13/32
[36;22m[DEBUG] [39;1msnarkJS[0m: tauG1: fft 14 mix end: 30/32
[36;22m[DEBUG] [39;1msnarkJS[0m: tauG1: fft 14 mix end: 17/32
[36;22m[DEBUG] [39;1msnarkJS[0m: tauG1: fft 14 mix end: 18/32
[36;22m[DEBUG] [39;1msnarkJS[0m: tauG1: fft 14 mix end: 29/32
[36;22m[DEBUG] [39;1msnarkJS[0m: tauG1: fft 14 mix end: 16/32
[36;22m[DEBUG] [39;1msnarkJS[0m: tauG1: fft 14 mix end: 15/32
[36;22m[DEBUG] [39;1msnarkJS[0m: tauG1: fft 14 mix end: 9/32
[36;22m[DEBUG] [39;1msnarkJS[0m: tauG1: fft 14 mix end: 28/32
[36;22m[DEBUG] [39;1msnarkJS[0m: tauG1: fft 14 mix end: 21/32
[36;22m[DEBUG] [39;1msnarkJS[0m: tauG1: fft 14 mix end: 22/32
[36;22m[DEBUG] [39;1msnarkJS[0m: tauG1: fft 14 mix end: 3/32
[36;22m[DEBUG] [39;1msnarkJS[0m: tauG1: fft 14 mix end: 20/32
[36;22m[DEBUG] [39;1msnarkJS[0m: tauG1: fft 14 mix end: 1/32
[36;22m[DEBUG] [39;1msnarkJS[0m: tauG1: fft 14 mix end: 6/32
[36;22m[DEBUG] [39;1msnarkJS[0m: tauG1: fft 14 mix end: 27/32
[36;22m[DEBUG] [39;1msnarkJS[0m: tauG1: fft 14 mix end: 24/32
[36;22m[DEBUG] [39;1msnarkJS[0m: tauG1: fft 14 mix end: 12/32
[36;22m[DEBUG] [39;1msnarkJS[0m: tauG1: fft 14 mix end: 19/32
[36;22m[DEBUG] [39;1msnarkJS[0m: tauG1: fft 14 mix end: 10/32
[36;22m[DEBUG] [39;1msnarkJS[0m: tauG1: fft 14 mix end: 31/32
[36;22m[DEBUG] [39;1msnarkJS[0m: tauG1: fft 14 mix end: 23/32
[36;22m[DEBUG] [39;1msnarkJS[0m: tauG1: fft 14 mix end: 25/32
[36;22m[DEBUG] [39;1msnarkJS[0m: tauG1: fft  14  join: 10/14
[36;22m[DEBUG] [39;1msnarkJS[0m: tauG1: fft 14 join  10/14  3/16 0/1
[36;22m[DEBUG] [39;1msnarkJS[0m: tauG1: fft 14 join  10/14  5/16 0/1
[36;22m[DEBUG] [39;1msnarkJS[0m: tauG1: fft 14 join  10/14  1/16 0/1
[36;22m[DEBUG] [39;1msnarkJS[0m: tauG1: fft 14 join  10/14  2/16 0/1
[36;22m[DEBUG] [39;1msnarkJS[0m: tauG1: fft 14 join  10/14  7/16 0/1
[36;22m[DEBUG] [39;1msnarkJS[0m: tauG1: fft 14 join  10/14  10/16 0/1
[36;22m[DEBUG] [39;1msnarkJS[0m: tauG1: fft 14 join  10/14  12/16 0/1
[36;22m[DEBUG] [39;1msnarkJS[0m: tauG1: fft 14 join  10/14  4/16 0/1
[36;22m[DEBUG] [39;1msnarkJS[0m: tauG1: fft 14 join  10/14  6/16 0/1
[36;22m[DEBUG] [39;1msnarkJS[0m: tauG1: fft 14 join  10/14  9/16 0/1
[36;22m[DEBUG] [39;1msnarkJS[0m: tauG1: fft 14 join  10/14  11/16 0/1
[36;22m[DEBUG] [39;1msnarkJS[0m: tauG1: fft 14 join  10/14  13/16 0/1
[36;22m[DEBUG] [39;1msnarkJS[0m: tauG1: fft 14 join  10/14  14/16 0/1
[36;22m[DEBUG] [39;1msnarkJS[0m: tauG1: fft 14 join  10/14  15/16 0/1
[36;22m[DEBUG] [39;1msnarkJS[0m: tauG1: fft 14 join  10/14  16/16 0/1
[36;22m[DEBUG] [39;1msnarkJS[0m: tauG1: fft 14 join  10/14  8/16 0/1
[36;22m[DEBUG] [39;1msnarkJS[0m: tauG1: fft  14  join: 11/14
[36;22m[DEBUG] [39;1msnarkJS[0m: tauG1: fft 14 join  11/14  5/8 1/2
[36;22m[DEBUG] [39;1msnarkJS[0m: tauG1: fft 14 join  11/14  4/8 0/2
[36;22m[DEBUG] [39;1msnarkJS[0m: tauG1: fft 14 join  11/14  7/8 1/2
[36;22m[DEBUG] [39;1msnarkJS[0m: tauG1: fft 14 join  11/14  2/8 1/2
[36;22m[DEBUG] [39;1msnarkJS[0m: tauG1: fft 14 join  11/14  3/8 0/2
[36;22m[DEBUG] [39;1msnarkJS[0m: tauG1: fft 14 join  11/14  4/8 1/2
[36;22m[DEBUG] [39;1msnarkJS[0m: tauG1: fft 14 join  11/14  8/8 1/2
[36;22m[DEBUG] [39;1msnarkJS[0m: tauG1: fft 14 join  11/14  2/8 0/2
[36;22m[DEBUG] [39;1msnarkJS[0m: tauG1: fft 14 join  11/14  1/8 0/2
[36;22m[DEBUG] [39;1msnarkJS[0m: tauG1: fft 14 join  11/14  7/8 0/2
[36;22m[DEBUG] [39;1msnarkJS[0m: tauG1: fft 14 join  11/14  3/8 1/2
[36;22m[DEBUG] [39;1msnarkJS[0m: tauG1: fft 14 join  11/14  5/8 0/2
[36;22m[DEBUG] [39;1msnarkJS[0m: tauG1: fft 14 join  11/14  6/8 1/2
[36;22m[DEBUG] [39;1msnarkJS[0m: tauG1: fft 14 join  11/14  1/8 1/2
[36;22m[DEBUG] [39;1msnarkJS[0m: tauG1: fft 14 join  11/14  6/8 0/2
[36;22m[DEBUG] [39;1msnarkJS[0m: tauG1: fft 14 join  11/14  8/8 0/2
[36;22m[DEBUG] [39;1msnarkJS[0m: tauG1: fft  14  join: 12/14
[36;22m[DEBUG] [39;1msnarkJS[0m: tauG1: fft 14 join  12/14  2/4 0/4
[36;22m[DEBUG] [39;1msnarkJS[0m: tauG1: fft 14 join  12/14  2/4 2/4
[36;22m[DEBUG] [39;1msnarkJS[0m: tauG1: fft 14 join  12/14  2/4 3/4
[36;22m[DEBUG] [39;1msnarkJS[0m: tauG1: fft 14 join  12/14  3/4 1/4
[36;22m[DEBUG] [39;1msnarkJS[0m: tauG1: fft 14 join  12/14  4/4 2/4
[36;22m[DEBUG] [39;1msnarkJS[0m: tauG1: fft 14 join  12/14  4/4 3/4
[36;22m[DEBUG] [39;1msnarkJS[0m: tauG1: fft 14 join  12/14  1/4 0/4
[36;22m[DEBUG] [39;1msnarkJS[0m: tauG1: fft 14 join  12/14  1/4 1/4
[36;22m[DEBUG] [39;1msnarkJS[0m: tauG1: fft 14 join  12/14  1/4 3/4
[36;22m[DEBUG] [39;1msnarkJS[0m: tauG1: fft 14 join  12/14  2/4 1/4
[36;22m[DEBUG] [39;1msnarkJS[0m: tauG1: fft 14 join  12/14  3/4 3/4
[36;22m[DEBUG] [39;1msnarkJS[0m: tauG1: fft 14 join  12/14  4/4 1/4
[36;22m[DEBUG] [39;1msnarkJS[0m: tauG1: fft 14 join  12/14  3/4 0/4
[36;22m[DEBUG] [39;1msnarkJS[0m: tauG1: fft 14 join  12/14  4/4 0/4
[36;22m[DEBUG] [39;1msnarkJS[0m: tauG1: fft 14 join  12/14  3/4 2/4
[36;22m[DEBUG] [39;1msnarkJS[0m: tauG1: fft 14 join  12/14  1/4 2/4
[36;22m[DEBUG] [39;1msnarkJS[0m: tauG1: fft  14  join: 13/14
[36;22m[DEBUG] [39;1msnarkJS[0m: tauG1: fft 14 join  13/14  2/2 3/8
[36;22m[DEBUG] [39;1msnarkJS[0m: tauG1: fft 14 join  13/14  1/2 4/8
[36;22m[DEBUG] [39;1msnarkJS[0m: tauG1: fft 14 join  13/14  1/2 2/8
[36;22m[DEBUG] [39;1msnarkJS[0m: tauG1: fft 14 join  13/14  1/2 6/8
[36;22m[DEBUG] [39;1msnarkJS[0m: tauG1: fft 14 join  13/14  1/2 3/8
[36;22m[DEBUG] [39;1msnarkJS[0m: tauG1: fft 14 join  13/14  1/2 5/8
[36;22m[DEBUG] [39;1msnarkJS[0m: tauG1: fft 14 join  13/14  1/2 7/8
[36;22m[DEBUG] [39;1msnarkJS[0m: tauG1: fft 14 join  13/14  2/2 4/8
[36;22m[DEBUG] [39;1msnarkJS[0m: tauG1: fft 14 join  13/14  1/2 1/8
[36;22m[DEBUG] [39;1msnarkJS[0m: tauG1: fft 14 join  13/14  1/2 0/8
[36;22m[DEBUG] [39;1msnarkJS[0m: tauG1: fft 14 join  13/14  2/2 1/8
[36;22m[DEBUG] [39;1msnarkJS[0m: tauG1: fft 14 join  13/14  2/2 6/8
[36;22m[DEBUG] [39;1msnarkJS[0m: tauG1: fft 14 join  13/14  2/2 7/8
[36;22m[DEBUG] [39;1msnarkJS[0m: tauG1: fft 14 join  13/14  2/2 5/8
[36;22m[DEBUG] [39;1msnarkJS[0m: tauG1: fft 14 join  13/14  2/2 0/8
[36;22m[DEBUG] [39;1msnarkJS[0m: tauG1: fft 14 join  13/14  2/2 2/8
[36;22m[DEBUG] [39;1msnarkJS[0m: tauG1: fft  14  join: 14/14
[36;22m[DEBUG] [39;1msnarkJS[0m: tauG1: fft 14 join  14/14  1/1 1/16
[36;22m[DEBUG] [39;1msnarkJS[0m: tauG1: fft 14 join  14/14  1/1 5/16
[36;22m[DEBUG] [39;1msnarkJS[0m: tauG1: fft 14 join  14/14  1/1 7/16
[36;22m[DEBUG] [39;1msnarkJS[0m: tauG1: fft 14 join  14/14  1/1 4/16
[36;22m[DEBUG] [39;1msnarkJS[0m: tauG1: fft 14 join  14/14  1/1 13/16
[36;22m[DEBUG] [39;1msnarkJS[0m: tauG1: fft 14 join  14/14  1/1 0/16
[36;22m[DEBUG] [39;1msnarkJS[0m: tauG1: fft 14 join  14/14  1/1 6/16
[36;22m[DEBUG] [39;1msnarkJS[0m: tauG1: fft 14 join  14/14  1/1 12/16
[36;22m[DEBUG] [39;1msnarkJS[0m: tauG1: fft 14 join  14/14  1/1 11/16
[36;22m[DEBUG] [39;1msnarkJS[0m: tauG1: fft 14 join  14/14  1/1 15/16
[36;22m[DEBUG] [39;1msnarkJS[0m: tauG1: fft 14 join  14/14  1/1 3/16
[36;22m[DEBUG] [39;1msnarkJS[0m: tauG1: fft 14 join  14/14  1/1 14/16
[36;22m[DEBUG] [39;1msnarkJS[0m: tauG1: fft 14 join  14/14  1/1 9/16
[36;22m[DEBUG] [39;1msnarkJS[0m: tauG1: fft 14 join  14/14  1/1 2/16
[36;22m[DEBUG] [39;1msnarkJS[0m: tauG1: fft 14 join  14/14  1/1 8/16
[36;22m[DEBUG] [39;1msnarkJS[0m: tauG1: fft 14 join  14/14  1/1 10/16
[36;22m[DEBUG] [39;1msnarkJS[0m: tauG1: fft 15 mix start: 0/32
[36;22m[DEBUG] [39;1msnarkJS[0m: tauG1: fft 15 mix start: 1/32
[36;22m[DEBUG] [39;1msnarkJS[0m: tauG1: fft 15 mix start: 2/32
[36;22m[DEBUG] [39;1msnarkJS[0m: tauG1: fft 15 mix start: 3/32
[36;22m[DEBUG] [39;1msnarkJS[0m: tauG1: fft 15 mix start: 4/32
[36;22m[DEBUG] [39;1msnarkJS[0m: tauG1: fft 15 mix start: 5/32
[36;22m[DEBUG] [39;1msnarkJS[0m: tauG1: fft 15 mix start: 6/32
[36;22m[DEBUG] [39;1msnarkJS[0m: tauG1: fft 15 mix start: 7/32
[36;22m[DEBUG] [39;1msnarkJS[0m: tauG1: fft 15 mix start: 8/32
[36;22m[DEBUG] [39;1msnarkJS[0m: tauG1: fft 15 mix start: 9/32
[36;22m[DEBUG] [39;1msnarkJS[0m: tauG1: fft 15 mix start: 10/32
[36;22m[DEBUG] [39;1msnarkJS[0m: tauG1: fft 15 mix start: 11/32
[36;22m[DEBUG] [39;1msnarkJS[0m: tauG1: fft 15 mix start: 12/32
[36;22m[DEBUG] [39;1msnarkJS[0m: tauG1: fft 15 mix start: 13/32
[36;22m[DEBUG] [39;1msnarkJS[0m: tauG1: fft 15 mix start: 14/32
[36;22m[DEBUG] [39;1msnarkJS[0m: tauG1: fft 15 mix start: 15/32
[36;22m[DEBUG] [39;1msnarkJS[0m: tauG1: fft 15 mix start: 16/32
[36;22m[DEBUG] [39;1msnarkJS[0m: tauG1: fft 15 mix start: 17/32
[36;22m[DEBUG] [39;1msnarkJS[0m: tauG1: fft 15 mix start: 18/32
[36;22m[DEBUG] [39;1msnarkJS[0m: tauG1: fft 15 mix start: 19/32
[36;22m[DEBUG] [39;1msnarkJS[0m: tauG1: fft 15 mix start: 20/32
[36;22m[DEBUG] [39;1msnarkJS[0m: tauG1: fft 15 mix start: 21/32
[36;22m[DEBUG] [39;1msnarkJS[0m: tauG1: fft 15 mix start: 22/32
[36;22m[DEBUG] [39;1msnarkJS[0m: tauG1: fft 15 mix start: 23/32
[36;22m[DEBUG] [39;1msnarkJS[0m: tauG1: fft 15 mix start: 24/32
[36;22m[DEBUG] [39;1msnarkJS[0m: tauG1: fft 15 mix start: 25/32
[36;22m[DEBUG] [39;1msnarkJS[0m: tauG1: fft 15 mix start: 26/32
[36;22m[DEBUG] [39;1msnarkJS[0m: tauG1: fft 15 mix start: 27/32
[36;22m[DEBUG] [39;1msnarkJS[0m: tauG1: fft 15 mix start: 28/32
[36;22m[DEBUG] [39;1msnarkJS[0m: tauG1: fft 15 mix start: 29/32
[36;22m[DEBUG] [39;1msnarkJS[0m: tauG1: fft 15 mix start: 30/32
[36;22m[DEBUG] [39;1msnarkJS[0m: tauG1: fft 15 mix start: 31/32
[36;22m[DEBUG] [39;1msnarkJS[0m: tauG1: fft 15 mix end: 16/32
[36;22m[DEBUG] [39;1msnarkJS[0m: tauG1: fft 15 mix end: 22/32
[36;22m[DEBUG] [39;1msnarkJS[0m: tauG1: fft 15 mix end: 12/32
[36;22m[DEBUG] [39;1msnarkJS[0m: tauG1: fft 15 mix end: 13/32
[36;22m[DEBUG] [39;1msnarkJS[0m: tauG1: fft 15 mix end: 21/32
[36;22m[DEBUG] [39;1msnarkJS[0m: tauG1: fft 15 mix end: 5/32
[36;22m[DEBUG] [39;1msnarkJS[0m: tauG1: fft 15 mix end: 14/32
[36;22m[DEBUG] [39;1msnarkJS[0m: tauG1: fft 15 mix end: 3/32
[36;22m[DEBUG] [39;1msnarkJS[0m: tauG1: fft 15 mix end: 28/32
[36;22m[DEBUG] [39;1msnarkJS[0m: tauG1: fft 15 mix end: 4/32
[36;22m[DEBUG] [39;1msnarkJS[0m: tauG1: fft 15 mix end: 0/32
[36;22m[DEBUG] [39;1msnarkJS[0m: tauG1: fft 15 mix end: 25/32
[36;22m[DEBUG] [39;1msnarkJS[0m: tauG1: fft 15 mix end: 18/32
[36;22m[DEBUG] [39;1msnarkJS[0m: tauG1: fft 15 mix end: 7/32
[36;22m[DEBUG] [39;1msnarkJS[0m: tauG1: fft 15 mix end: 17/32
[36;22m[DEBUG] [39;1msnarkJS[0m: tauG1: fft 15 mix end: 2/32
[36;22m[DEBUG] [39;1msnarkJS[0m: tauG1: fft 15 mix end: 9/32
[36;22m[DEBUG] [39;1msnarkJS[0m: tauG1: fft 15 mix end: 15/32
[36;22m[DEBUG] [39;1msnarkJS[0m: tauG1: fft 15 mix end: 26/32
[36;22m[DEBUG] [39;1msnarkJS[0m: tauG1: fft 15 mix end: 29/32
[36;22m[DEBUG] [39;1msnarkJS[0m: tauG1: fft 15 mix end: 20/32
[36;22m[DEBUG] [39;1msnarkJS[0m: tauG1: fft 15 mix end: 19/32
[36;22m[DEBUG] [39;1msnarkJS[0m: tauG1: fft 15 mix end: 8/32
[36;22m[DEBUG] [39;1msnarkJS[0m: tauG1: fft 15 mix end: 6/32
[36;22m[DEBUG] [39;1msnarkJS[0m: tauG1: fft 15 mix end: 23/32
[36;22m[DEBUG] [39;1msnarkJS[0m: tauG1: fft 15 mix end: 27/32
[36;22m[DEBUG] [39;1msnarkJS[0m: tauG1: fft 15 mix end: 10/32
[36;22m[DEBUG] [39;1msnarkJS[0m: tauG1: fft 15 mix end: 1/32
[36;22m[DEBUG] [39;1msnarkJS[0m: tauG1: fft 15 mix end: 11/32
[36;22m[DEBUG] [39;1msnarkJS[0m: tauG1: fft 15 mix end: 30/32
[36;22m[DEBUG] [39;1msnarkJS[0m: tauG1: fft 15 mix end: 31/32
[36;22m[DEBUG] [39;1msnarkJS[0m: tauG1: fft 15 mix end: 24/32
[36;22m[DEBUG] [39;1msnarkJS[0m: tauG1: fft  15  join: 11/15
[36;22m[DEBUG] [39;1msnarkJS[0m: tauG1: fft 15 join  11/15  5/16 0/1
[36;22m[DEBUG] [39;1msnarkJS[0m: tauG1: fft 15 join  11/15  3/16 0/1
[36;22m[DEBUG] [39;1msnarkJS[0m: tauG1: fft 15 join  11/15  10/16 0/1
[36;22m[DEBUG] [39;1msnarkJS[0m: tauG1: fft 15 join  11/15  2/16 0/1
[36;22m[DEBUG] [39;1msnarkJS[0m: tauG1: fft 15 join  11/15  4/16 0/1
[36;22m[DEBUG] [39;1msnarkJS[0m: tauG1: fft 15 join  11/15  1/16 0/1
[36;22m[DEBUG] [39;1msnarkJS[0m: tauG1: fft 15 join  11/15  9/16 0/1
[36;22m[DEBUG] [39;1msnarkJS[0m: tauG1: fft 15 join  11/15  7/16 0/1
[36;22m[DEBUG] [39;1msnarkJS[0m: tauG1: fft 15 join  11/15  8/16 0/1
[36;22m[DEBUG] [39;1msnarkJS[0m: tauG1: fft 15 join  11/15  15/16 0/1
[36;22m[DEBUG] [39;1msnarkJS[0m: tauG1: fft 15 join  11/15  11/16 0/1
[36;22m[DEBUG] [39;1msnarkJS[0m: tauG1: fft 15 join  11/15  13/16 0/1
[36;22m[DEBUG] [39;1msnarkJS[0m: tauG1: fft 15 join  11/15  14/16 0/1
[36;22m[DEBUG] [39;1msnarkJS[0m: tauG1: fft 15 join  11/15  16/16 0/1
[36;22m[DEBUG] [39;1msnarkJS[0m: tauG1: fft 15 join  11/15  12/16 0/1
[36;22m[DEBUG] [39;1msnarkJS[0m: tauG1: fft 15 join  11/15  6/16 0/1
[36;22m[DEBUG] [39;1msnarkJS[0m: tauG1: fft  15  join: 12/15
[36;22m[DEBUG] [39;1msnarkJS[0m: tauG1: fft 15 join  12/15  2/8 0/2
[36;22m[DEBUG] [39;1msnarkJS[0m: tauG1: fft 15 join  12/15  1/8 1/2
[36;22m[DEBUG] [39;1msnarkJS[0m: tauG1: fft 15 join  12/15  1/8 0/2
[36;22m[DEBUG] [39;1msnarkJS[0m: tauG1: fft 15 join  12/15  3/8 0/2
[36;22m[DEBUG] [39;1msnarkJS[0m: tauG1: fft 15 join  12/15  5/8 1/2
[36;22m[DEBUG] [39;1msnarkJS[0m: tauG1: fft 15 join  12/15  6/8 0/2
[36;22m[DEBUG] [39;1msnarkJS[0m: tauG1: fft 15 join  12/15  6/8 1/2
[36;22m[DEBUG] [39;1msnarkJS[0m: tauG1: fft 15 join  12/15  7/8 1/2
[36;22m[DEBUG] [39;1msnarkJS[0m: tauG1: fft 15 join  12/15  8/8 1/2
[36;22m[DEBUG] [39;1msnarkJS[0m: tauG1: fft 15 join  12/15  2/8 1/2
[36;22m[DEBUG] [39;1msnarkJS[0m: tauG1: fft 15 join  12/15  4/8 0/2
[36;22m[DEBUG] [39;1msnarkJS[0m: tauG1: fft 15 join  12/15  5/8 0/2
[36;22m[DEBUG] [39;1msnarkJS[0m: tauG1: fft 15 join  12/15  8/8 0/2
[36;22m[DEBUG] [39;1msnarkJS[0m: tauG1: fft 15 join  12/15  4/8 1/2
[36;22m[DEBUG] [39;1msnarkJS[0m: tauG1: fft 15 join  12/15  3/8 1/2
[36;22m[DEBUG] [39;1msnarkJS[0m: tauG1: fft 15 join  12/15  7/8 0/2
[36;22m[DEBUG] [39;1msnarkJS[0m: tauG1: fft  15  join: 13/15
[36;22m[DEBUG] [39;1msnarkJS[0m: tauG1: fft 15 join  13/15  3/4 3/4
[36;22m[DEBUG] [39;1msnarkJS[0m: tauG1: fft 15 join  13/15  2/4 0/4
[36;22m[DEBUG] [39;1msnarkJS[0m: tauG1: fft 15 join  13/15  3/4 1/4
[36;22m[DEBUG] [39;1msnarkJS[0m: tauG1: fft 15 join  13/15  1/4 1/4
[36;22m[DEBUG] [39;1msnarkJS[0m: tauG1: fft 15 join  13/15  1/4 2/4
[36;22m[DEBUG] [39;1msnarkJS[0m: tauG1: fft 15 join  13/15  4/4 3/4
[36;22m[DEBUG] [39;1msnarkJS[0m: tauG1: fft 15 join  13/15  2/4 2/4
[36;22m[DEBUG] [39;1msnarkJS[0m: tauG1: fft 15 join  13/15  3/4 0/4
[36;22m[DEBUG] [39;1msnarkJS[0m: tauG1: fft 15 join  13/15  3/4 2/4
[36;22m[DEBUG] [39;1msnarkJS[0m: tauG1: fft 15 join  13/15  4/4 1/4
[36;22m[DEBUG] [39;1msnarkJS[0m: tauG1: fft 15 join  13/15  1/4 0/4
[36;22m[DEBUG] [39;1msnarkJS[0m: tauG1: fft 15 join  13/15  2/4 3/4
[36;22m[DEBUG] [39;1msnarkJS[0m: tauG1: fft 15 join  13/15  1/4 3/4
[36;22m[DEBUG] [39;1msnarkJS[0m: tauG1: fft 15 join  13/15  4/4 2/4
[36;22m[DEBUG] [39;1msnarkJS[0m: tauG1: fft 15 join  13/15  4/4 0/4
[36;22m[DEBUG] [39;1msnarkJS[0m: tauG1: fft 15 join  13/15  2/4 1/4
[36;22m[DEBUG] [39;1msnarkJS[0m: tauG1: fft  15  join: 14/15
[36;22m[DEBUG] [39;1msnarkJS[0m: tauG1: fft 15 join  14/15  1/2 0/8
[36;22m[DEBUG] [39;1msnarkJS[0m: tauG1: fft 15 join  14/15  1/2 4/8
[36;22m[DEBUG] [39;1msnarkJS[0m: tauG1: fft 15 join  14/15  2/2 0/8
[36;22m[DEBUG] [39;1msnarkJS[0m: tauG1: fft 15 join  14/15  2/2 2/8
[36;22m[DEBUG] [39;1msnarkJS[0m: tauG1: fft 15 join  14/15  2/2 5/8
[36;22m[DEBUG] [39;1msnarkJS[0m: tauG1: fft 15 join  14/15  1/2 2/8
[36;22m[DEBUG] [39;1msnarkJS[0m: tauG1: fft 15 join  14/15  1/2 3/8
[36;22m[DEBUG] [39;1msnarkJS[0m: tauG1: fft 15 join  14/15  2/2 3/8
[36;22m[DEBUG] [39;1msnarkJS[0m: tauG1: fft 15 join  14/15  2/2 7/8
[36;22m[DEBUG] [39;1msnarkJS[0m: tauG1: fft 15 join  14/15  1/2 1/8
[36;22m[DEBUG] [39;1msnarkJS[0m: tauG1: fft 15 join  14/15  1/2 6/8
[36;22m[DEBUG] [39;1msnarkJS[0m: tauG1: fft 15 join  14/15  1/2 7/8
[36;22m[DEBUG] [39;1msnarkJS[0m: tauG1: fft 15 join  14/15  2/2 1/8
[36;22m[DEBUG] [39;1msnarkJS[0m: tauG1: fft 15 join  14/15  2/2 6/8
[36;22m[DEBUG] [39;1msnarkJS[0m: tauG1: fft 15 join  14/15  2/2 4/8
[36;22m[DEBUG] [39;1msnarkJS[0m: tauG1: fft 15 join  14/15  1/2 5/8
[36;22m[DEBUG] [39;1msnarkJS[0m: tauG1: fft  15  join: 15/15
[36;22m[DEBUG] [39;1msnarkJS[0m: tauG1: fft 15 join  15/15  1/1 9/16
[36;22m[DEBUG] [39;1msnarkJS[0m: tauG1: fft 15 join  15/15  1/1 10/16
[36;22m[DEBUG] [39;1msnarkJS[0m: tauG1: fft 15 join  15/15  1/1 2/16
[36;22m[DEBUG] [39;1msnarkJS[0m: tauG1: fft 15 join  15/15  1/1 1/16
[36;22m[DEBUG] [39;1msnarkJS[0m: tauG1: fft 15 join  15/15  1/1 4/16
[36;22m[DEBUG] [39;1msnarkJS[0m: tauG1: fft 15 join  15/15  1/1 11/16
[36;22m[DEBUG] [39;1msnarkJS[0m: tauG1: fft 15 join  15/15  1/1 13/16
[36;22m[DEBUG] [39;1msnarkJS[0m: tauG1: fft 15 join  15/15  1/1 7/16
[36;22m[DEBUG] [39;1msnarkJS[0m: tauG1: fft 15 join  15/15  1/1 8/16
[36;22m[DEBUG] [39;1msnarkJS[0m: tauG1: fft 15 join  15/15  1/1 3/16
[36;22m[DEBUG] [39;1msnarkJS[0m: tauG1: fft 15 join  15/15  1/1 6/16
[36;22m[DEBUG] [39;1msnarkJS[0m: tauG1: fft 15 join  15/15  1/1 15/16
[36;22m[DEBUG] [39;1msnarkJS[0m: tauG1: fft 15 join  15/15  1/1 14/16
[36;22m[DEBUG] [39;1msnarkJS[0m: tauG1: fft 15 join  15/15  1/1 0/16
[36;22m[DEBUG] [39;1msnarkJS[0m: tauG1: fft 15 join  15/15  1/1 12/16
[36;22m[DEBUG] [39;1msnarkJS[0m: tauG1: fft 15 join  15/15  1/1 5/16
[36;22m[DEBUG] [39;1msnarkJS[0m: tauG1: fft 16 mix start: 0/32
[36;22m[DEBUG] [39;1msnarkJS[0m: tauG1: fft 16 mix start: 1/32
[36;22m[DEBUG] [39;1msnarkJS[0m: tauG1: fft 16 mix start: 2/32
[36;22m[DEBUG] [39;1msnarkJS[0m: tauG1: fft 16 mix start: 3/32
[36;22m[DEBUG] [39;1msnarkJS[0m: tauG1: fft 16 mix start: 4/32
[36;22m[DEBUG] [39;1msnarkJS[0m: tauG1: fft 16 mix start: 5/32
[36;22m[DEBUG] [39;1msnarkJS[0m: tauG1: fft 16 mix start: 6/32
[36;22m[DEBUG] [39;1msnarkJS[0m: tauG1: fft 16 mix start: 7/32
[36;22m[DEBUG] [39;1msnarkJS[0m: tauG1: fft 16 mix start: 8/32
[36;22m[DEBUG] [39;1msnarkJS[0m: tauG1: fft 16 mix start: 9/32
[36;22m[DEBUG] [39;1msnarkJS[0m: tauG1: fft 16 mix start: 10/32
[36;22m[DEBUG] [39;1msnarkJS[0m: tauG1: fft 16 mix start: 11/32
[36;22m[DEBUG] [39;1msnarkJS[0m: tauG1: fft 16 mix start: 12/32
[36;22m[DEBUG] [39;1msnarkJS[0m: tauG1: fft 16 mix start: 13/32
[36;22m[DEBUG] [39;1msnarkJS[0m: tauG1: fft 16 mix start: 14/32
[36;22m[DEBUG] [39;1msnarkJS[0m: tauG1: fft 16 mix start: 15/32
[36;22m[DEBUG] [39;1msnarkJS[0m: tauG1: fft 16 mix start: 16/32
[36;22m[DEBUG] [39;1msnarkJS[0m: tauG1: fft 16 mix start: 17/32
[36;22m[DEBUG] [39;1msnarkJS[0m: tauG1: fft 16 mix start: 18/32
[36;22m[DEBUG] [39;1msnarkJS[0m: tauG1: fft 16 mix start: 19/32
[36;22m[DEBUG] [39;1msnarkJS[0m: tauG1: fft 16 mix start: 20/32
[36;22m[DEBUG] [39;1msnarkJS[0m: tauG1: fft 16 mix start: 21/32
[36;22m[DEBUG] [39;1msnarkJS[0m: tauG1: fft 16 mix start: 22/32
[36;22m[DEBUG] [39;1msnarkJS[0m: tauG1: fft 16 mix start: 23/32
[36;22m[DEBUG] [39;1msnarkJS[0m: tauG1: fft 16 mix start: 24/32
[36;22m[DEBUG] [39;1msnarkJS[0m: tauG1: fft 16 mix start: 25/32
[36;22m[DEBUG] [39;1msnarkJS[0m: tauG1: fft 16 mix start: 26/32
[36;22m[DEBUG] [39;1msnarkJS[0m: tauG1: fft 16 mix start: 27/32
[36;22m[DEBUG] [39;1msnarkJS[0m: tauG1: fft 16 mix start: 28/32
[36;22m[DEBUG] [39;1msnarkJS[0m: tauG1: fft 16 mix start: 29/32
[36;22m[DEBUG] [39;1msnarkJS[0m: tauG1: fft 16 mix start: 30/32
[36;22m[DEBUG] [39;1msnarkJS[0m: tauG1: fft 16 mix start: 31/32
[36;22m[DEBUG] [39;1msnarkJS[0m: tauG1: fft 16 mix end: 4/32
[36;22m[DEBUG] [39;1msnarkJS[0m: tauG1: fft 16 mix end: 1/32
[36;22m[DEBUG] [39;1msnarkJS[0m: tauG1: fft 16 mix end: 12/32
[36;22m[DEBUG] [39;1msnarkJS[0m: tauG1: fft 16 mix end: 7/32
[36;22m[DEBUG] [39;1msnarkJS[0m: tauG1: fft 16 mix end: 22/32
[36;22m[DEBUG] [39;1msnarkJS[0m: tauG1: fft 16 mix end: 6/32
[36;22m[DEBUG] [39;1msnarkJS[0m: tauG1: fft 16 mix end: 9/32
[36;22m[DEBUG] [39;1msnarkJS[0m: tauG1: fft 16 mix end: 0/32
[36;22m[DEBUG] [39;1msnarkJS[0m: tauG1: fft 16 mix end: 17/32
[36;22m[DEBUG] [39;1msnarkJS[0m: tauG1: fft 16 mix end: 26/32
[36;22m[DEBUG] [39;1msnarkJS[0m: tauG1: fft 16 mix end: 19/32
[36;22m[DEBUG] [39;1msnarkJS[0m: tauG1: fft 16 mix end: 3/32
[36;22m[DEBUG] [39;1msnarkJS[0m: tauG1: fft 16 mix end: 13/32
[36;22m[DEBUG] [39;1msnarkJS[0m: tauG1: fft 16 mix end: 15/32
[36;22m[DEBUG] [39;1msnarkJS[0m: tauG1: fft 16 mix end: 2/32
[36;22m[DEBUG] [39;1msnarkJS[0m: tauG1: fft 16 mix end: 29/32
[36;22m[DEBUG] [39;1msnarkJS[0m: tauG1: fft 16 mix end: 31/32
[36;22m[DEBUG] [39;1msnarkJS[0m: tauG1: fft 16 mix end: 18/32
[36;22m[DEBUG] [39;1msnarkJS[0m: tauG1: fft 16 mix end: 23/32
[36;22m[DEBUG] [39;1msnarkJS[0m: tauG1: fft 16 mix end: 11/32
[36;22m[DEBUG] [39;1msnarkJS[0m: tauG1: fft 16 mix end: 24/32
[36;22m[DEBUG] [39;1msnarkJS[0m: tauG1: fft 16 mix end: 20/32
[36;22m[DEBUG] [39;1msnarkJS[0m: tauG1: fft 16 mix end: 16/32
[36;22m[DEBUG] [39;1msnarkJS[0m: tauG1: fft 16 mix end: 8/32
[36;22m[DEBUG] [39;1msnarkJS[0m: tauG1: fft 16 mix end: 25/32
[36;22m[DEBUG] [39;1msnarkJS[0m: tauG1: fft 16 mix end: 14/32
[36;22m[DEBUG] [39;1msnarkJS[0m: tauG1: fft 16 mix end: 10/32
[36;22m[DEBUG] [39;1msnarkJS[0m: tauG1: fft 16 mix end: 5/32
[36;22m[DEBUG] [39;1msnarkJS[0m: tauG1: fft 16 mix end: 28/32
[36;22m[DEBUG] [39;1msnarkJS[0m: tauG1: fft 16 mix end: 27/32
[36;22m[DEBUG] [39;1msnarkJS[0m: tauG1: fft 16 mix end: 21/32
[36;22m[DEBUG] [39;1msnarkJS[0m: tauG1: fft 16 mix end: 30/32
[36;22m[DEBUG] [39;1msnarkJS[0m: tauG1: fft  16  join: 12/16
[36;22m[DEBUG] [39;1msnarkJS[0m: tauG1: fft 16 join  12/16  3/16 0/1
[36;22m[DEBUG] [39;1msnarkJS[0m: tauG1: fft 16 join  12/16  11/16 0/1
[36;22m[DEBUG] [39;1msnarkJS[0m: tauG1: fft 16 join  12/16  5/16 0/1
[36;22m[DEBUG] [39;1msnarkJS[0m: tauG1: fft 16 join  12/16  12/16 0/1
[36;22m[DEBUG] [39;1msnarkJS[0m: tauG1: fft 16 join  12/16  10/16 0/1
[36;22m[DEBUG] [39;1msnarkJS[0m: tauG1: fft 16 join  12/16  14/16 0/1
[36;22m[DEBUG] [39;1msnarkJS[0m: tauG1: fft 16 join  12/16  8/16 0/1
[36;22m[DEBUG] [39;1msnarkJS[0m: tauG1: fft 16 join  12/16  9/16 0/1
[36;22m[DEBUG] [39;1msnarkJS[0m: tauG1: fft 16 join  12/16  4/16 0/1
[36;22m[DEBUG] [39;1msnarkJS[0m: tauG1: fft 16 join  12/16  1/16 0/1
[36;22m[DEBUG] [39;1msnarkJS[0m: tauG1: fft 16 join  12/16  7/16 0/1
[36;22m[DEBUG] [39;1msnarkJS[0m: tauG1: fft 16 join  12/16  6/16 0/1
[36;22m[DEBUG] [39;1msnarkJS[0m: tauG1: fft 16 join  12/16  13/16 0/1
[36;22m[DEBUG] [39;1msnarkJS[0m: tauG1: fft 16 join  12/16  2/16 0/1
[36;22m[DEBUG] [39;1msnarkJS[0m: tauG1: fft 16 join  12/16  16/16 0/1
[36;22m[DEBUG] [39;1msnarkJS[0m: tauG1: fft 16 join  12/16  15/16 0/1
[36;22m[DEBUG] [39;1msnarkJS[0m: tauG1: fft  16  join: 13/16
[36;22m[DEBUG] [39;1msnarkJS[0m: tauG1: fft 16 join  13/16  1/8 0/2
[36;22m[DEBUG] [39;1msnarkJS[0m: tauG1: fft 16 join  13/16  1/8 1/2
[36;22m[DEBUG] [39;1msnarkJS[0m: tauG1: fft 16 join  13/16  3/8 0/2
[36;22m[DEBUG] [39;1msnarkJS[0m: tauG1: fft 16 join  13/16  8/8 1/2
[36;22m[DEBUG] [39;1msnarkJS[0m: tauG1: fft 16 join  13/16  2/8 0/2
[36;22m[DEBUG] [39;1msnarkJS[0m: tauG1: fft 16 join  13/16  5/8 0/2
[36;22m[DEBUG] [39;1msnarkJS[0m: tauG1: fft 16 join  13/16  6/8 1/2
[36;22m[DEBUG] [39;1msnarkJS[0m: tauG1: fft 16 join  13/16  6/8 0/2
[36;22m[DEBUG] [39;1msnarkJS[0m: tauG1: fft 16 join  13/16  5/8 1/2
[36;22m[DEBUG] [39;1msnarkJS[0m: tauG1: fft 16 join  13/16  7/8 1/2
[36;22m[DEBUG] [39;1msnarkJS[0m: tauG1: fft 16 join  13/16  4/8 1/2
[36;22m[DEBUG] [39;1msnarkJS[0m: tauG1: fft 16 join  13/16  2/8 1/2
[36;22m[DEBUG] [39;1msnarkJS[0m: tauG1: fft 16 join  13/16  8/8 0/2
[36;22m[DEBUG] [39;1msnarkJS[0m: tauG1: fft 16 join  13/16  4/8 0/2
[36;22m[DEBUG] [39;1msnarkJS[0m: tauG1: fft 16 join  13/16  7/8 0/2
[36;22m[DEBUG] [39;1msnarkJS[0m: tauG1: fft 16 join  13/16  3/8 1/2
[36;22m[DEBUG] [39;1msnarkJS[0m: tauG1: fft  16  join: 14/16
[36;22m[DEBUG] [39;1msnarkJS[0m: tauG1: fft 16 join  14/16  1/4 0/4
[36;22m[DEBUG] [39;1msnarkJS[0m: tauG1: fft 16 join  14/16  1/4 2/4
[36;22m[DEBUG] [39;1msnarkJS[0m: tauG1: fft 16 join  14/16  1/4 1/4
[36;22m[DEBUG] [39;1msnarkJS[0m: tauG1: fft 16 join  14/16  3/4 3/4
[36;22m[DEBUG] [39;1msnarkJS[0m: tauG1: fft 16 join  14/16  4/4 2/4
[36;22m[DEBUG] [39;1msnarkJS[0m: tauG1: fft 16 join  14/16  4/4 3/4
[36;22m[DEBUG] [39;1msnarkJS[0m: tauG1: fft 16 join  14/16  3/4 0/4
[36;22m[DEBUG] [39;1msnarkJS[0m: tauG1: fft 16 join  14/16  3/4 1/4
[36;22m[DEBUG] [39;1msnarkJS[0m: tauG1: fft 16 join  14/16  3/4 2/4
[36;22m[DEBUG] [39;1msnarkJS[0m: tauG1: fft 16 join  14/16  4/4 1/4
[36;22m[DEBUG] [39;1msnarkJS[0m: tauG1: fft 16 join  14/16  2/4 0/4
[36;22m[DEBUG] [39;1msnarkJS[0m: tauG1: fft 16 join  14/16  2/4 3/4
[36;22m[DEBUG] [39;1msnarkJS[0m: tauG1: fft 16 join  14/16  1/4 3/4
[36;22m[DEBUG] [39;1msnarkJS[0m: tauG1: fft 16 join  14/16  2/4 2/4
[36;22m[DEBUG] [39;1msnarkJS[0m: tauG1: fft 16 join  14/16  4/4 0/4
[36;22m[DEBUG] [39;1msnarkJS[0m: tauG1: fft 16 join  14/16  2/4 1/4
[36;22m[DEBUG] [39;1msnarkJS[0m: tauG1: fft  16  join: 15/16
[36;22m[DEBUG] [39;1msnarkJS[0m: tauG1: fft 16 join  15/16  1/2 0/8
[36;22m[DEBUG] [39;1msnarkJS[0m: tauG1: fft 16 join  15/16  1/2 2/8
[36;22m[DEBUG] [39;1msnarkJS[0m: tauG1: fft 16 join  15/16  2/2 0/8
[36;22m[DEBUG] [39;1msnarkJS[0m: tauG1: fft 16 join  15/16  2/2 2/8
[36;22m[DEBUG] [39;1msnarkJS[0m: tauG1: fft 16 join  15/16  2/2 3/8
[36;22m[DEBUG] [39;1msnarkJS[0m: tauG1: fft 16 join  15/16  1/2 4/8
[36;22m[DEBUG] [39;1msnarkJS[0m: tauG1: fft 16 join  15/16  2/2 5/8
[36;22m[DEBUG] [39;1msnarkJS[0m: tauG1: fft 16 join  15/16  2/2 6/8
[36;22m[DEBUG] [39;1msnarkJS[0m: tauG1: fft 16 join  15/16  1/2 1/8
[36;22m[DEBUG] [39;1msnarkJS[0m: tauG1: fft 16 join  15/16  2/2 7/8
[36;22m[DEBUG] [39;1msnarkJS[0m: tauG1: fft 16 join  15/16  1/2 3/8
[36;22m[DEBUG] [39;1msnarkJS[0m: tauG1: fft 16 join  15/16  2/2 1/8
[36;22m[DEBUG] [39;1msnarkJS[0m: tauG1: fft 16 join  15/16  1/2 7/8
[36;22m[DEBUG] [39;1msnarkJS[0m: tauG1: fft 16 join  15/16  1/2 6/8
[36;22m[DEBUG] [39;1msnarkJS[0m: tauG1: fft 16 join  15/16  2/2 4/8
[36;22m[DEBUG] [39;1msnarkJS[0m: tauG1: fft 16 join  15/16  1/2 5/8
[36;22m[DEBUG] [39;1msnarkJS[0m: tauG1: fft  16  join: 16/16
[36;22m[DEBUG] [39;1msnarkJS[0m: tauG1: fft 16 join  16/16  1/1 2/16
[36;22m[DEBUG] [39;1msnarkJS[0m: tauG1: fft 16 join  16/16  1/1 4/16
[36;22m[DEBUG] [39;1msnarkJS[0m: tauG1: fft 16 join  16/16  1/1 15/16
[36;22m[DEBUG] [39;1msnarkJS[0m: tauG1: fft 16 join  16/16  1/1 14/16
[36;22m[DEBUG] [39;1msnarkJS[0m: tauG1: fft 16 join  16/16  1/1 10/16
[36;22m[DEBUG] [39;1msnarkJS[0m: tauG1: fft 16 join  16/16  1/1 1/16
[36;22m[DEBUG] [39;1msnarkJS[0m: tauG1: fft 16 join  16/16  1/1 8/16
[36;22m[DEBUG] [39;1msnarkJS[0m: tauG1: fft 16 join  16/16  1/1 13/16
[36;22m[DEBUG] [39;1msnarkJS[0m: tauG1: fft 16 join  16/16  1/1 7/16
[36;22m[DEBUG] [39;1msnarkJS[0m: tauG1: fft 16 join  16/16  1/1 9/16
[36;22m[DEBUG] [39;1msnarkJS[0m: tauG1: fft 16 join  16/16  1/1 12/16
[36;22m[DEBUG] [39;1msnarkJS[0m: tauG1: fft 16 join  16/16  1/1 11/16
[36;22m[DEBUG] [39;1msnarkJS[0m: tauG1: fft 16 join  16/16  1/1 3/16
[36;22m[DEBUG] [39;1msnarkJS[0m: tauG1: fft 16 join  16/16  1/1 5/16
[36;22m[DEBUG] [39;1msnarkJS[0m: tauG1: fft 16 join  16/16  1/1 0/16
[36;22m[DEBUG] [39;1msnarkJS[0m: tauG1: fft 16 join  16/16  1/1 6/16
[36;22m[DEBUG] [39;1msnarkJS[0m: tauG1: fft 17 mix start: 0/32
[36;22m[DEBUG] [39;1msnarkJS[0m: tauG1: fft 17 mix start: 1/32
[36;22m[DEBUG] [39;1msnarkJS[0m: tauG1: fft 17 mix start: 2/32
[36;22m[DEBUG] [39;1msnarkJS[0m: tauG1: fft 17 mix start: 3/32
[36;22m[DEBUG] [39;1msnarkJS[0m: tauG1: fft 17 mix start: 4/32
[36;22m[DEBUG] [39;1msnarkJS[0m: tauG1: fft 17 mix start: 5/32
[36;22m[DEBUG] [39;1msnarkJS[0m: tauG1: fft 17 mix start: 6/32
[36;22m[DEBUG] [39;1msnarkJS[0m: tauG1: fft 17 mix start: 7/32
[36;22m[DEBUG] [39;1msnarkJS[0m: tauG1: fft 17 mix start: 8/32
[36;22m[DEBUG] [39;1msnarkJS[0m: tauG1: fft 17 mix start: 9/32
[36;22m[DEBUG] [39;1msnarkJS[0m: tauG1: fft 17 mix start: 10/32
[36;22m[DEBUG] [39;1msnarkJS[0m: tauG1: fft 17 mix start: 11/32
[36;22m[DEBUG] [39;1msnarkJS[0m: tauG1: fft 17 mix start: 12/32
[36;22m[DEBUG] [39;1msnarkJS[0m: tauG1: fft 17 mix start: 13/32
[36;22m[DEBUG] [39;1msnarkJS[0m: tauG1: fft 17 mix start: 14/32
[36;22m[DEBUG] [39;1msnarkJS[0m: tauG1: fft 17 mix start: 15/32
[36;22m[DEBUG] [39;1msnarkJS[0m: tauG1: fft 17 mix start: 16/32
[36;22m[DEBUG] [39;1msnarkJS[0m: tauG1: fft 17 mix start: 17/32
[36;22m[DEBUG] [39;1msnarkJS[0m: tauG1: fft 17 mix start: 18/32
[36;22m[DEBUG] [39;1msnarkJS[0m: tauG1: fft 17 mix start: 19/32
[36;22m[DEBUG] [39;1msnarkJS[0m: tauG1: fft 17 mix start: 20/32
[36;22m[DEBUG] [39;1msnarkJS[0m: tauG1: fft 17 mix start: 21/32
[36;22m[DEBUG] [39;1msnarkJS[0m: tauG1: fft 17 mix start: 22/32
[36;22m[DEBUG] [39;1msnarkJS[0m: tauG1: fft 17 mix start: 23/32
[36;22m[DEBUG] [39;1msnarkJS[0m: tauG1: fft 17 mix start: 24/32
[36;22m[DEBUG] [39;1msnarkJS[0m: tauG1: fft 17 mix start: 25/32
[36;22m[DEBUG] [39;1msnarkJS[0m: tauG1: fft 17 mix start: 26/32
[36;22m[DEBUG] [39;1msnarkJS[0m: tauG1: fft 17 mix start: 27/32
[36;22m[DEBUG] [39;1msnarkJS[0m: tauG1: fft 17 mix start: 28/32
[36;22m[DEBUG] [39;1msnarkJS[0m: tauG1: fft 17 mix start: 29/32
[36;22m[DEBUG] [39;1msnarkJS[0m: tauG1: fft 17 mix start: 30/32
[36;22m[DEBUG] [39;1msnarkJS[0m: tauG1: fft 17 mix start: 31/32
[36;22m[DEBUG] [39;1msnarkJS[0m: tauG1: fft 17 mix end: 9/32
[36;22m[DEBUG] [39;1msnarkJS[0m: tauG1: fft 17 mix end: 13/32
[36;22m[DEBUG] [39;1msnarkJS[0m: tauG1: fft 17 mix end: 6/32
[36;22m[DEBUG] [39;1msnarkJS[0m: tauG1: fft 17 mix end: 1/32
[36;22m[DEBUG] [39;1msnarkJS[0m: tauG1: fft 17 mix end: 26/32
[36;22m[DEBUG] [39;1msnarkJS[0m: tauG1: fft 17 mix end: 0/32
[36;22m[DEBUG] [39;1msnarkJS[0m: tauG1: fft 17 mix end: 19/32
[36;22m[DEBUG] [39;1msnarkJS[0m: tauG1: fft 17 mix end: 11/32
[36;22m[DEBUG] [39;1msnarkJS[0m: tauG1: fft 17 mix end: 7/32
[36;22m[DEBUG] [39;1msnarkJS[0m: tauG1: fft 17 mix end: 28/32
[36;22m[DEBUG] [39;1msnarkJS[0m: tauG1: fft 17 mix end: 4/32
[36;22m[DEBUG] [39;1msnarkJS[0m: tauG1: fft 17 mix end: 21/32
[36;22m[DEBUG] [39;1msnarkJS[0m: tauG1: fft 17 mix end: 18/32
[36;22m[DEBUG] [39;1msnarkJS[0m: tauG1: fft 17 mix end: 3/32
[36;22m[DEBUG] [39;1msnarkJS[0m: tauG1: fft 17 mix end: 16/32
[36;22m[DEBUG] [39;1msnarkJS[0m: tauG1: fft 17 mix end: 25/32
[36;22m[DEBUG] [39;1msnarkJS[0m: tauG1: fft 17 mix end: 8/32
[36;22m[DEBUG] [39;1msnarkJS[0m: tauG1: fft 17 mix end: 29/32
[36;22m[DEBUG] [39;1msnarkJS[0m: tauG1: fft 17 mix end: 2/32
[36;22m[DEBUG] [39;1msnarkJS[0m: tauG1: fft 17 mix end: 20/32
[36;22m[DEBUG] [39;1msnarkJS[0m: tauG1: fft 17 mix end: 17/32
[36;22m[DEBUG] [39;1msnarkJS[0m: tauG1: fft 17 mix end: 23/32
[36;22m[DEBUG] [39;1msnarkJS[0m: tauG1: fft 17 mix end: 15/32
[36;22m[DEBUG] [39;1msnarkJS[0m: tauG1: fft 17 mix end: 14/32
[36;22m[DEBUG] [39;1msnarkJS[0m: tauG1: fft 17 mix end: 24/32
[36;22m[DEBUG] [39;1msnarkJS[0m: tauG1: fft 17 mix end: 5/32
[36;22m[DEBUG] [39;1msnarkJS[0m: tauG1: fft 17 mix end: 27/32
[36;22m[DEBUG] [39;1msnarkJS[0m: tauG1: fft 17 mix end: 30/32
[36;22m[DEBUG] [39;1msnarkJS[0m: tauG1: fft 17 mix end: 31/32
[36;22m[DEBUG] [39;1msnarkJS[0m: tauG1: fft 17 mix end: 12/32
[36;22m[DEBUG] [39;1msnarkJS[0m: tauG1: fft 17 mix end: 10/32
[36;22m[DEBUG] [39;1msnarkJS[0m: tauG1: fft 17 mix end: 22/32
[36;22m[DEBUG] [39;1msnarkJS[0m: tauG1: fft  17  join: 13/17
[36;22m[DEBUG] [39;1msnarkJS[0m: tauG1: fft 17 join  13/17  15/16 0/1
[36;22m[DEBUG] [39;1msnarkJS[0m: tauG1: fft 17 join  13/17  8/16 0/1
[36;22m[DEBUG] [39;1msnarkJS[0m: tauG1: fft 17 join  13/17  11/16 0/1
[36;22m[DEBUG] [39;1msnarkJS[0m: tauG1: fft 17 join  13/17  10/16 0/1
[36;22m[DEBUG] [39;1msnarkJS[0m: tauG1: fft 17 join  13/17  9/16 0/1
[36;22m[DEBUG] [39;1msnarkJS[0m: tauG1: fft 17 join  13/17  4/16 0/1
[36;22m[DEBUG] [39;1msnarkJS[0m: tauG1: fft 17 join  13/17  5/16 0/1
[36;22m[DEBUG] [39;1msnarkJS[0m: tauG1: fft 17 join  13/17  14/16 0/1
[36;22m[DEBUG] [39;1msnarkJS[0m: tauG1: fft 17 join  13/17  13/16 0/1
[36;22m[DEBUG] [39;1msnarkJS[0m: tauG1: fft 17 join  13/17  16/16 0/1
[36;22m[DEBUG] [39;1msnarkJS[0m: tauG1: fft 17 join  13/17  2/16 0/1
[36;22m[DEBUG] [39;1msnarkJS[0m: tauG1: fft 17 join  13/17  7/16 0/1
[36;22m[DEBUG] [39;1msnarkJS[0m: tauG1: fft 17 join  13/17  1/16 0/1
[36;22m[DEBUG] [39;1msnarkJS[0m: tauG1: fft 17 join  13/17  6/16 0/1
[36;22m[DEBUG] [39;1msnarkJS[0m: tauG1: fft 17 join  13/17  12/16 0/1
[36;22m[DEBUG] [39;1msnarkJS[0m: tauG1: fft 17 join  13/17  3/16 0/1
[36;22m[DEBUG] [39;1msnarkJS[0m: tauG1: fft  17  join: 14/17
[36;22m[DEBUG] [39;1msnarkJS[0m: tauG1: fft 17 join  14/17  1/8 1/2
[36;22m[DEBUG] [39;1msnarkJS[0m: tauG1: fft 17 join  14/17  2/8 0/2
[36;22m[DEBUG] [39;1msnarkJS[0m: tauG1: fft 17 join  14/17  2/8 1/2
[36;22m[DEBUG] [39;1msnarkJS[0m: tauG1: fft 17 join  14/17  3/8 0/2
[36;22m[DEBUG] [39;1msnarkJS[0m: tauG1: fft 17 join  14/17  3/8 1/2
[36;22m[DEBUG] [39;1msnarkJS[0m: tauG1: fft 17 join  14/17  4/8 0/2
[36;22m[DEBUG] [39;1msnarkJS[0m: tauG1: fft 17 join  14/17  4/8 1/2
[36;22m[DEBUG] [39;1msnarkJS[0m: tauG1: fft 17 join  14/17  5/8 0/2
[36;22m[DEBUG] [39;1msnarkJS[0m: tauG1: fft 17 join  14/17  5/8 1/2
[36;22m[DEBUG] [39;1msnarkJS[0m: tauG1: fft 17 join  14/17  6/8 0/2
[36;22m[DEBUG] [39;1msnarkJS[0m: tauG1: fft 17 join  14/17  6/8 1/2
[36;22m[DEBUG] [39;1msnarkJS[0m: tauG1: fft 17 join  14/17  7/8 0/2
[36;22m[DEBUG] [39;1msnarkJS[0m: tauG1: fft 17 join  14/17  7/8 1/2
[36;22m[DEBUG] [39;1msnarkJS[0m: tauG1: fft 17 join  14/17  8/8 0/2
[36;22m[DEBUG] [39;1msnarkJS[0m: tauG1: fft 17 join  14/17  8/8 1/2
[36;22m[DEBUG] [39;1msnarkJS[0m: tauG1: fft 17 join  14/17  1/8 0/2
[36;22m[DEBUG] [39;1msnarkJS[0m: tauG1: fft  17  join: 15/17
[36;22m[DEBUG] [39;1msnarkJS[0m: tauG1: fft 17 join  15/17  2/4 0/4
[36;22m[DEBUG] [39;1msnarkJS[0m: tauG1: fft 17 join  15/17  1/4 2/4
[36;22m[DEBUG] [39;1msnarkJS[0m: tauG1: fft 17 join  15/17  3/4 2/4
[36;22m[DEBUG] [39;1msnarkJS[0m: tauG1: fft 17 join  15/17  3/4 3/4
[36;22m[DEBUG] [39;1msnarkJS[0m: tauG1: fft 17 join  15/17  4/4 1/4
[36;22m[DEBUG] [39;1msnarkJS[0m: tauG1: fft 17 join  15/17  4/4 2/4
[36;22m[DEBUG] [39;1msnarkJS[0m: tauG1: fft 17 join  15/17  2/4 3/4
[36;22m[DEBUG] [39;1msnarkJS[0m: tauG1: fft 17 join  15/17  3/4 0/4
[36;22m[DEBUG] [39;1msnarkJS[0m: tauG1: fft 17 join  15/17  4/4 3/4
[36;22m[DEBUG] [39;1msnarkJS[0m: tauG1: fft 17 join  15/17  2/4 1/4
[36;22m[DEBUG] [39;1msnarkJS[0m: tauG1: fft 17 join  15/17  4/4 0/4
[36;22m[DEBUG] [39;1msnarkJS[0m: tauG1: fft 17 join  15/17  2/4 2/4
[36;22m[DEBUG] [39;1msnarkJS[0m: tauG1: fft 17 join  15/17  3/4 1/4
[36;22m[DEBUG] [39;1msnarkJS[0m: tauG1: fft 17 join  15/17  1/4 0/4
[36;22m[DEBUG] [39;1msnarkJS[0m: tauG1: fft 17 join  15/17  1/4 1/4
[36;22m[DEBUG] [39;1msnarkJS[0m: tauG1: fft 17 join  15/17  1/4 3/4
[36;22m[DEBUG] [39;1msnarkJS[0m: tauG1: fft  17  join: 16/17
[36;22m[DEBUG] [39;1msnarkJS[0m: tauG1: fft 17 join  16/17  1/2 1/8
[36;22m[DEBUG] [39;1msnarkJS[0m: tauG1: fft 17 join  16/17  1/2 2/8
[36;22m[DEBUG] [39;1msnarkJS[0m: tauG1: fft 17 join  16/17  1/2 4/8
[36;22m[DEBUG] [39;1msnarkJS[0m: tauG1: fft 17 join  16/17  2/2 1/8
[36;22m[DEBUG] [39;1msnarkJS[0m: tauG1: fft 17 join  16/17  2/2 3/8
[36;22m[DEBUG] [39;1msnarkJS[0m: tauG1: fft 17 join  16/17  2/2 6/8
[36;22m[DEBUG] [39;1msnarkJS[0m: tauG1: fft 17 join  16/17  2/2 7/8
[36;22m[DEBUG] [39;1msnarkJS[0m: tauG1: fft 17 join  16/17  2/2 5/8
[36;22m[DEBUG] [39;1msnarkJS[0m: tauG1: fft 17 join  16/17  1/2 0/8
[36;22m[DEBUG] [39;1msnarkJS[0m: tauG1: fft 17 join  16/17  1/2 7/8
[36;22m[DEBUG] [39;1msnarkJS[0m: tauG1: fft 17 join  16/17  1/2 5/8
[36;22m[DEBUG] [39;1msnarkJS[0m: tauG1: fft 17 join  16/17  2/2 0/8
[36;22m[DEBUG] [39;1msnarkJS[0m: tauG1: fft 17 join  16/17  1/2 3/8
[36;22m[DEBUG] [39;1msnarkJS[0m: tauG1: fft 17 join  16/17  2/2 4/8
[36;22m[DEBUG] [39;1msnarkJS[0m: tauG1: fft 17 join  16/17  2/2 2/8
[36;22m[DEBUG] [39;1msnarkJS[0m: tauG1: fft 17 join  16/17  1/2 6/8
[36;22m[DEBUG] [39;1msnarkJS[0m: tauG1: fft  17  join: 17/17
[36;22m[DEBUG] [39;1msnarkJS[0m: tauG1: fft 17 join  17/17  1/1 4/16
[36;22m[DEBUG] [39;1msnarkJS[0m: tauG1: fft 17 join  17/17  1/1 11/16
[36;22m[DEBUG] [39;1msnarkJS[0m: tauG1: fft 17 join  17/17  1/1 1/16
[36;22m[DEBUG] [39;1msnarkJS[0m: tauG1: fft 17 join  17/17  1/1 2/16
[36;22m[DEBUG] [39;1msnarkJS[0m: tauG1: fft 17 join  17/17  1/1 10/16
[36;22m[DEBUG] [39;1msnarkJS[0m: tauG1: fft 17 join  17/17  1/1 9/16
[36;22m[DEBUG] [39;1msnarkJS[0m: tauG1: fft 17 join  17/17  1/1 3/16
[36;22m[DEBUG] [39;1msnarkJS[0m: tauG1: fft 17 join  17/17  1/1 14/16
[36;22m[DEBUG] [39;1msnarkJS[0m: tauG1: fft 17 join  17/17  1/1 13/16
[36;22m[DEBUG] [39;1msnarkJS[0m: tauG1: fft 17 join  17/17  1/1 0/16
[36;22m[DEBUG] [39;1msnarkJS[0m: tauG1: fft 17 join  17/17  1/1 7/16
[36;22m[DEBUG] [39;1msnarkJS[0m: tauG1: fft 17 join  17/17  1/1 8/16
[36;22m[DEBUG] [39;1msnarkJS[0m: tauG1: fft 17 join  17/17  1/1 12/16
[36;22m[DEBUG] [39;1msnarkJS[0m: tauG1: fft 17 join  17/17  1/1 15/16
[36;22m[DEBUG] [39;1msnarkJS[0m: tauG1: fft 17 join  17/17  1/1 6/16
[36;22m[DEBUG] [39;1msnarkJS[0m: tauG1: fft 17 join  17/17  1/1 5/16
[36;22m[DEBUG] [39;1msnarkJS[0m: tauG1: fft 18 mix start: 0/32
[36;22m[DEBUG] [39;1msnarkJS[0m: tauG1: fft 18 mix start: 1/32
[36;22m[DEBUG] [39;1msnarkJS[0m: tauG1: fft 18 mix start: 2/32
[36;22m[DEBUG] [39;1msnarkJS[0m: tauG1: fft 18 mix start: 3/32
[36;22m[DEBUG] [39;1msnarkJS[0m: tauG1: fft 18 mix start: 4/32
[36;22m[DEBUG] [39;1msnarkJS[0m: tauG1: fft 18 mix start: 5/32
[36;22m[DEBUG] [39;1msnarkJS[0m: tauG1: fft 18 mix start: 6/32
[36;22m[DEBUG] [39;1msnarkJS[0m: tauG1: fft 18 mix start: 7/32
[36;22m[DEBUG] [39;1msnarkJS[0m: tauG1: fft 18 mix start: 8/32
[36;22m[DEBUG] [39;1msnarkJS[0m: tauG1: fft 18 mix start: 9/32
[36;22m[DEBUG] [39;1msnarkJS[0m: tauG1: fft 18 mix start: 10/32
[36;22m[DEBUG] [39;1msnarkJS[0m: tauG1: fft 18 mix start: 11/32
[36;22m[DEBUG] [39;1msnarkJS[0m: tauG1: fft 18 mix start: 12/32
[36;22m[DEBUG] [39;1msnarkJS[0m: tauG1: fft 18 mix start: 13/32
[36;22m[DEBUG] [39;1msnarkJS[0m: tauG1: fft 18 mix start: 14/32
[36;22m[DEBUG] [39;1msnarkJS[0m: tauG1: fft 18 mix start: 15/32
[36;22m[DEBUG] [39;1msnarkJS[0m: tauG1: fft 18 mix start: 16/32
[36;22m[DEBUG] [39;1msnarkJS[0m: tauG1: fft 18 mix start: 17/32
[36;22m[DEBUG] [39;1msnarkJS[0m: tauG1: fft 18 mix start: 18/32
[36;22m[DEBUG] [39;1msnarkJS[0m: tauG1: fft 18 mix start: 19/32
[36;22m[DEBUG] [39;1msnarkJS[0m: tauG1: fft 18 mix start: 20/32
[36;22m[DEBUG] [39;1msnarkJS[0m: tauG1: fft 18 mix start: 21/32
[36;22m[DEBUG] [39;1msnarkJS[0m: tauG1: fft 18 mix start: 22/32
[36;22m[DEBUG] [39;1msnarkJS[0m: tauG1: fft 18 mix start: 23/32
[36;22m[DEBUG] [39;1msnarkJS[0m: tauG1: fft 18 mix start: 24/32
[36;22m[DEBUG] [39;1msnarkJS[0m: tauG1: fft 18 mix start: 25/32
[36;22m[DEBUG] [39;1msnarkJS[0m: tauG1: fft 18 mix start: 26/32
[36;22m[DEBUG] [39;1msnarkJS[0m: tauG1: fft 18 mix start: 27/32
[36;22m[DEBUG] [39;1msnarkJS[0m: tauG1: fft 18 mix start: 28/32
[36;22m[DEBUG] [39;1msnarkJS[0m: tauG1: fft 18 mix start: 29/32
[36;22m[DEBUG] [39;1msnarkJS[0m: tauG1: fft 18 mix start: 30/32
[36;22m[DEBUG] [39;1msnarkJS[0m: tauG1: fft 18 mix start: 31/32
[36;22m[DEBUG] [39;1msnarkJS[0m: tauG1: fft 18 mix end: 6/32
[36;22m[DEBUG] [39;1msnarkJS[0m: tauG1: fft 18 mix end: 12/32
[36;22m[DEBUG] [39;1msnarkJS[0m: tauG1: fft 18 mix end: 23/32
[36;22m[DEBUG] [39;1msnarkJS[0m: tauG1: fft 18 mix end: 13/32
[36;22m[DEBUG] [39;1msnarkJS[0m: tauG1: fft 18 mix end: 9/32
[36;22m[DEBUG] [39;1msnarkJS[0m: tauG1: fft 18 mix end: 2/32
[36;22m[DEBUG] [39;1msnarkJS[0m: tauG1: fft 18 mix end: 21/32
[36;22m[DEBUG] [39;1msnarkJS[0m: tauG1: fft 18 mix end: 29/32
[36;22m[DEBUG] [39;1msnarkJS[0m: tauG1: fft 18 mix end: 16/32
[36;22m[DEBUG] [39;1msnarkJS[0m: tauG1: fft 18 mix end: 8/32
[36;22m[DEBUG] [39;1msnarkJS[0m: tauG1: fft 18 mix end: 14/32
[36;22m[DEBUG] [39;1msnarkJS[0m: tauG1: fft 18 mix end: 24/32
[36;22m[DEBUG] [39;1msnarkJS[0m: tauG1: fft 18 mix end: 4/32
[36;22m[DEBUG] [39;1msnarkJS[0m: tauG1: fft 18 mix end: 27/32
[36;22m[DEBUG] [39;1msnarkJS[0m: tauG1: fft 18 mix end: 28/32
[36;22m[DEBUG] [39;1msnarkJS[0m: tauG1: fft 18 mix end: 10/32
[36;22m[DEBUG] [39;1msnarkJS[0m: tauG1: fft 18 mix end: 7/32
[36;22m[DEBUG] [39;1msnarkJS[0m: tauG1: fft 18 mix end: 19/32
[36;22m[DEBUG] [39;1msnarkJS[0m: tauG1: fft 18 mix end: 20/32
[36;22m[DEBUG] [39;1msnarkJS[0m: tauG1: fft 18 mix end: 15/32
[36;22m[DEBUG] [39;1msnarkJS[0m: tauG1: fft 18 mix end: 25/32
[36;22m[DEBUG] [39;1msnarkJS[0m: tauG1: fft 18 mix end: 31/32
[36;22m[DEBUG] [39;1msnarkJS[0m: tauG1: fft 18 mix end: 0/32
[36;22m[DEBUG] [39;1msnarkJS[0m: tauG1: fft 18 mix end: 26/32
[36;22m[DEBUG] [39;1msnarkJS[0m: tauG1: fft 18 mix end: 17/32
[36;22m[DEBUG] [39;1msnarkJS[0m: tauG1: fft 18 mix end: 5/32
[36;22m[DEBUG] [39;1msnarkJS[0m: tauG1: fft 18 mix end: 1/32
[36;22m[DEBUG] [39;1msnarkJS[0m: tauG1: fft 18 mix end: 22/32
[36;22m[DEBUG] [39;1msnarkJS[0m: tauG1: fft 18 mix end: 11/32
[36;22m[DEBUG] [39;1msnarkJS[0m: tauG1: fft 18 mix end: 30/32
[36;22m[DEBUG] [39;1msnarkJS[0m: tauG1: fft 18 mix end: 18/32
[36;22m[DEBUG] [39;1msnarkJS[0m: tauG1: fft 18 mix end: 3/32
[36;22m[DEBUG] [39;1msnarkJS[0m: tauG1: fft  18  join: 14/18
[36;22m[DEBUG] [39;1msnarkJS[0m: tauG1: fft 18 join  14/18  7/16 0/1
[36;22m[DEBUG] [39;1msnarkJS[0m: tauG1: fft 18 join  14/18  3/16 0/1
[36;22m[DEBUG] [39;1msnarkJS[0m: tauG1: fft 18 join  14/18  11/16 0/1
[36;22m[DEBUG] [39;1msnarkJS[0m: tauG1: fft 18 join  14/18  10/16 0/1
[36;22m[DEBUG] [39;1msnarkJS[0m: tauG1: fft 18 join  14/18  12/16 0/1
[36;22m[DEBUG] [39;1msnarkJS[0m: tauG1: fft 18 join  14/18  5/16 0/1
[36;22m[DEBUG] [39;1msnarkJS[0m: tauG1: fft 18 join  14/18  15/16 0/1
[36;22m[DEBUG] [39;1msnarkJS[0m: tauG1: fft 18 join  14/18  14/16 0/1
[36;22m[DEBUG] [39;1msnarkJS[0m: tauG1: fft 18 join  14/18  4/16 0/1
[36;22m[DEBUG] [39;1msnarkJS[0m: tauG1: fft 18 join  14/18  16/16 0/1
[36;22m[DEBUG] [39;1msnarkJS[0m: tauG1: fft 18 join  14/18  9/16 0/1
[36;22m[DEBUG] [39;1msnarkJS[0m: tauG1: fft 18 join  14/18  8/16 0/1
[36;22m[DEBUG] [39;1msnarkJS[0m: tauG1: fft 18 join  14/18  13/16 0/1
[36;22m[DEBUG] [39;1msnarkJS[0m: tauG1: fft 18 join  14/18  1/16 0/1
[36;22m[DEBUG] [39;1msnarkJS[0m: tauG1: fft 18 join  14/18  2/16 0/1
[36;22m[DEBUG] [39;1msnarkJS[0m: tauG1: fft 18 join  14/18  6/16 0/1
[36;22m[DEBUG] [39;1msnarkJS[0m: tauG1: fft  18  join: 15/18
[36;22m[DEBUG] [39;1msnarkJS[0m: tauG1: fft 18 join  15/18  2/8 0/2
[36;22m[DEBUG] [39;1msnarkJS[0m: tauG1: fft 18 join  15/18  2/8 1/2
[36;22m[DEBUG] [39;1msnarkJS[0m: tauG1: fft 18 join  15/18  6/8 1/2
[36;22m[DEBUG] [39;1msnarkJS[0m: tauG1: fft 18 join  15/18  7/8 1/2
[36;22m[DEBUG] [39;1msnarkJS[0m: tauG1: fft 18 join  15/18  5/8 1/2
[36;22m[DEBUG] [39;1msnarkJS[0m: tauG1: fft 18 join  15/18  8/8 1/2
[36;22m[DEBUG] [39;1msnarkJS[0m: tauG1: fft 18 join  15/18  8/8 0/2
[36;22m[DEBUG] [39;1msnarkJS[0m: tauG1: fft 18 join  15/18  4/8 0/2
[36;22m[DEBUG] [39;1msnarkJS[0m: tauG1: fft 18 join  15/18  1/8 1/2
[36;22m[DEBUG] [39;1msnarkJS[0m: tauG1: fft 18 join  15/18  5/8 0/2
[36;22m[DEBUG] [39;1msnarkJS[0m: tauG1: fft 18 join  15/18  3/8 0/2
[36;22m[DEBUG] [39;1msnarkJS[0m: tauG1: fft 18 join  15/18  4/8 1/2
[36;22m[DEBUG] [39;1msnarkJS[0m: tauG1: fft 18 join  15/18  6/8 0/2
[36;22m[DEBUG] [39;1msnarkJS[0m: tauG1: fft 18 join  15/18  7/8 0/2
[36;22m[DEBUG] [39;1msnarkJS[0m: tauG1: fft 18 join  15/18  3/8 1/2
[36;22m[DEBUG] [39;1msnarkJS[0m: tauG1: fft 18 join  15/18  1/8 0/2
[36;22m[DEBUG] [39;1msnarkJS[0m: tauG1: fft  18  join: 16/18
[36;22m[DEBUG] [39;1msnarkJS[0m: tauG1: fft 18 join  16/18  1/4 2/4
[36;22m[DEBUG] [39;1msnarkJS[0m: tauG1: fft 18 join  16/18  3/4 1/4
[36;22m[DEBUG] [39;1msnarkJS[0m: tauG1: fft 18 join  16/18  1/4 3/4
[36;22m[DEBUG] [39;1msnarkJS[0m: tauG1: fft 18 join  16/18  2/4 0/4
[36;22m[DEBUG] [39;1msnarkJS[0m: tauG1: fft 18 join  16/18  3/4 3/4
[36;22m[DEBUG] [39;1msnarkJS[0m: tauG1: fft 18 join  16/18  4/4 3/4
[36;22m[DEBUG] [39;1msnarkJS[0m: tauG1: fft 18 join  16/18  4/4 1/4
[36;22m[DEBUG] [39;1msnarkJS[0m: tauG1: fft 18 join  16/18  3/4 2/4
[36;22m[DEBUG] [39;1msnarkJS[0m: tauG1: fft 18 join  16/18  4/4 2/4
[36;22m[DEBUG] [39;1msnarkJS[0m: tauG1: fft 18 join  16/18  3/4 0/4
[36;22m[DEBUG] [39;1msnarkJS[0m: tauG1: fft 18 join  16/18  1/4 0/4
[36;22m[DEBUG] [39;1msnarkJS[0m: tauG1: fft 18 join  16/18  2/4 1/4
[36;22m[DEBUG] [39;1msnarkJS[0m: tauG1: fft 18 join  16/18  2/4 2/4
[36;22m[DEBUG] [39;1msnarkJS[0m: tauG1: fft 18 join  16/18  2/4 3/4
[36;22m[DEBUG] [39;1msnarkJS[0m: tauG1: fft 18 join  16/18  1/4 1/4
[36;22m[DEBUG] [39;1msnarkJS[0m: tauG1: fft 18 join  16/18  4/4 0/4
[36;22m[DEBUG] [39;1msnarkJS[0m: tauG1: fft  18  join: 17/18
[36;22m[DEBUG] [39;1msnarkJS[0m: tauG1: fft 18 join  17/18  1/2 2/8
[36;22m[DEBUG] [39;1msnarkJS[0m: tauG1: fft 18 join  17/18  2/2 2/8
[36;22m[DEBUG] [39;1msnarkJS[0m: tauG1: fft 18 join  17/18  1/2 3/8
[36;22m[DEBUG] [39;1msnarkJS[0m: tauG1: fft 18 join  17/18  2/2 7/8
[36;22m[DEBUG] [39;1msnarkJS[0m: tauG1: fft 18 join  17/18  2/2 5/8
[36;22m[DEBUG] [39;1msnarkJS[0m: tauG1: fft 18 join  17/18  2/2 3/8
[36;22m[DEBUG] [39;1msnarkJS[0m: tauG1: fft 18 join  17/18  1/2 6/8
[36;22m[DEBUG] [39;1msnarkJS[0m: tauG1: fft 18 join  17/18  2/2 1/8
[36;22m[DEBUG] [39;1msnarkJS[0m: tauG1: fft 18 join  17/18  2/2 6/8
[36;22m[DEBUG] [39;1msnarkJS[0m: tauG1: fft 18 join  17/18  2/2 0/8
[36;22m[DEBUG] [39;1msnarkJS[0m: tauG1: fft 18 join  17/18  1/2 4/8
[36;22m[DEBUG] [39;1msnarkJS[0m: tauG1: fft 18 join  17/18  1/2 0/8
[36;22m[DEBUG] [39;1msnarkJS[0m: tauG1: fft 18 join  17/18  1/2 7/8
[36;22m[DEBUG] [39;1msnarkJS[0m: tauG1: fft 18 join  17/18  1/2 5/8
[36;22m[DEBUG] [39;1msnarkJS[0m: tauG1: fft 18 join  17/18  1/2 1/8
[36;22m[DEBUG] [39;1msnarkJS[0m: tauG1: fft 18 join  17/18  2/2 4/8
[36;22m[DEBUG] [39;1msnarkJS[0m: tauG1: fft  18  join: 18/18
[36;22m[DEBUG] [39;1msnarkJS[0m: tauG1: fft 18 join  18/18  1/1 11/16
[36;22m[DEBUG] [39;1msnarkJS[0m: tauG1: fft 18 join  18/18  1/1 15/16
[36;22m[DEBUG] [39;1msnarkJS[0m: tauG1: fft 18 join  18/18  1/1 2/16
[36;22m[DEBUG] [39;1msnarkJS[0m: tauG1: fft 18 join  18/18  1/1 3/16
[36;22m[DEBUG] [39;1msnarkJS[0m: tauG1: fft 18 join  18/18  1/1 14/16
[36;22m[DEBUG] [39;1msnarkJS[0m: tauG1: fft 18 join  18/18  1/1 13/16
[36;22m[DEBUG] [39;1msnarkJS[0m: tauG1: fft 18 join  18/18  1/1 10/16
[36;22m[DEBUG] [39;1msnarkJS[0m: tauG1: fft 18 join  18/18  1/1 9/16
[36;22m[DEBUG] [39;1msnarkJS[0m: tauG1: fft 18 join  18/18  1/1 12/16
[36;22m[DEBUG] [39;1msnarkJS[0m: tauG1: fft 18 join  18/18  1/1 4/16
[36;22m[DEBUG] [39;1msnarkJS[0m: tauG1: fft 18 join  18/18  1/1 8/16
[36;22m[DEBUG] [39;1msnarkJS[0m: tauG1: fft 18 join  18/18  1/1 7/16
[36;22m[DEBUG] [39;1msnarkJS[0m: tauG1: fft 18 join  18/18  1/1 0/16
[36;22m[DEBUG] [39;1msnarkJS[0m: tauG1: fft 18 join  18/18  1/1 6/16
[36;22m[DEBUG] [39;1msnarkJS[0m: tauG1: fft 18 join  18/18  1/1 1/16
[36;22m[DEBUG] [39;1msnarkJS[0m: tauG1: fft 18 join  18/18  1/1 5/16
[36;22m[DEBUG] [39;1msnarkJS[0m: tauG1: fft 19 mix start: 0/32
[36;22m[DEBUG] [39;1msnarkJS[0m: tauG1: fft 19 mix start: 1/32
[36;22m[DEBUG] [39;1msnarkJS[0m: tauG1: fft 19 mix start: 2/32
[36;22m[DEBUG] [39;1msnarkJS[0m: tauG1: fft 19 mix start: 3/32
[36;22m[DEBUG] [39;1msnarkJS[0m: tauG1: fft 19 mix start: 4/32
[36;22m[DEBUG] [39;1msnarkJS[0m: tauG1: fft 19 mix start: 5/32
[36;22m[DEBUG] [39;1msnarkJS[0m: tauG1: fft 19 mix start: 6/32
[36;22m[DEBUG] [39;1msnarkJS[0m: tauG1: fft 19 mix start: 7/32
[36;22m[DEBUG] [39;1msnarkJS[0m: tauG1: fft 19 mix start: 8/32
[36;22m[DEBUG] [39;1msnarkJS[0m: tauG1: fft 19 mix start: 9/32
[36;22m[DEBUG] [39;1msnarkJS[0m: tauG1: fft 19 mix start: 10/32
[36;22m[DEBUG] [39;1msnarkJS[0m: tauG1: fft 19 mix start: 11/32
[36;22m[DEBUG] [39;1msnarkJS[0m: tauG1: fft 19 mix start: 12/32
[36;22m[DEBUG] [39;1msnarkJS[0m: tauG1: fft 19 mix start: 13/32
[36;22m[DEBUG] [39;1msnarkJS[0m: tauG1: fft 19 mix start: 14/32
[36;22m[DEBUG] [39;1msnarkJS[0m: tauG1: fft 19 mix start: 15/32
[36;22m[DEBUG] [39;1msnarkJS[0m: tauG1: fft 19 mix start: 16/32
[36;22m[DEBUG] [39;1msnarkJS[0m: tauG1: fft 19 mix start: 17/32
[36;22m[DEBUG] [39;1msnarkJS[0m: tauG1: fft 19 mix start: 18/32
[36;22m[DEBUG] [39;1msnarkJS[0m: tauG1: fft 19 mix start: 19/32
[36;22m[DEBUG] [39;1msnarkJS[0m: tauG1: fft 19 mix start: 20/32
[36;22m[DEBUG] [39;1msnarkJS[0m: tauG1: fft 19 mix start: 21/32
[36;22m[DEBUG] [39;1msnarkJS[0m: tauG1: fft 19 mix start: 22/32
[36;22m[DEBUG] [39;1msnarkJS[0m: tauG1: fft 19 mix start: 23/32
[36;22m[DEBUG] [39;1msnarkJS[0m: tauG1: fft 19 mix start: 24/32
[36;22m[DEBUG] [39;1msnarkJS[0m: tauG1: fft 19 mix start: 25/32
[36;22m[DEBUG] [39;1msnarkJS[0m: tauG1: fft 19 mix start: 26/32
[36;22m[DEBUG] [39;1msnarkJS[0m: tauG1: fft 19 mix start: 27/32
[36;22m[DEBUG] [39;1msnarkJS[0m: tauG1: fft 19 mix start: 28/32
[36;22m[DEBUG] [39;1msnarkJS[0m: tauG1: fft 19 mix start: 29/32
[36;22m[DEBUG] [39;1msnarkJS[0m: tauG1: fft 19 mix start: 30/32
[36;22m[DEBUG] [39;1msnarkJS[0m: tauG1: fft 19 mix start: 31/32
[36;22m[DEBUG] [39;1msnarkJS[0m: tauG1: fft 19 mix end: 14/32
[36;22m[DEBUG] [39;1msnarkJS[0m: tauG1: fft 19 mix end: 9/32
[36;22m[DEBUG] [39;1msnarkJS[0m: tauG1: fft 19 mix end: 19/32
[36;22m[DEBUG] [39;1msnarkJS[0m: tauG1: fft 19 mix end: 0/32
[36;22m[DEBUG] [39;1msnarkJS[0m: tauG1: fft 19 mix end: 1/32
[36;22m[DEBUG] [39;1msnarkJS[0m: tauG1: fft 19 mix end: 28/32
[36;22m[DEBUG] [39;1msnarkJS[0m: tauG1: fft 19 mix end: 4/32
[36;22m[DEBUG] [39;1msnarkJS[0m: tauG1: fft 19 mix end: 25/32
[36;22m[DEBUG] [39;1msnarkJS[0m: tauG1: fft 19 mix end: 24/32
[36;22m[DEBUG] [39;1msnarkJS[0m: tauG1: fft 19 mix end: 21/32
[36;22m[DEBUG] [39;1msnarkJS[0m: tauG1: fft 19 mix end: 31/32
[36;22m[DEBUG] [39;1msnarkJS[0m: tauG1: fft 19 mix end: 12/32
[36;22m[DEBUG] [39;1msnarkJS[0m: tauG1: fft 19 mix end: 13/32
[36;22m[DEBUG] [39;1msnarkJS[0m: tauG1: fft 19 mix end: 16/32
[36;22m[DEBUG] [39;1msnarkJS[0m: tauG1: fft 19 mix end: 3/32
[36;22m[DEBUG] [39;1msnarkJS[0m: tauG1: fft 19 mix end: 30/32
[36;22m[DEBUG] [39;1msnarkJS[0m: tauG1: fft 19 mix end: 27/32
[36;22m[DEBUG] [39;1msnarkJS[0m: tauG1: fft 19 mix end: 10/32
[36;22m[DEBUG] [39;1msnarkJS[0m: tauG1: fft 19 mix end: 7/32
[36;22m[DEBUG] [39;1msnarkJS[0m: tauG1: fft 19 mix end: 5/32
[36;22m[DEBUG] [39;1msnarkJS[0m: tauG1: fft 19 mix end: 6/32
[36;22m[DEBUG] [39;1msnarkJS[0m: tauG1: fft 19 mix end: 29/32
[36;22m[DEBUG] [39;1msnarkJS[0m: tauG1: fft 19 mix end: 18/32
[36;22m[DEBUG] [39;1msnarkJS[0m: tauG1: fft 19 mix end: 11/32
[36;22m[DEBUG] [39;1msnarkJS[0m: tauG1: fft 19 mix end: 15/32
[36;22m[DEBUG] [39;1msnarkJS[0m: tauG1: fft 19 mix end: 26/32
[36;22m[DEBUG] [39;1msnarkJS[0m: tauG1: fft 19 mix end: 2/32
[36;22m[DEBUG] [39;1msnarkJS[0m: tauG1: fft 19 mix end: 20/32
[36;22m[DEBUG] [39;1msnarkJS[0m: tauG1: fft 19 mix end: 17/32
[36;22m[DEBUG] [39;1msnarkJS[0m: tauG1: fft 19 mix end: 8/32
[36;22m[DEBUG] [39;1msnarkJS[0m: tauG1: fft 19 mix end: 23/32
[36;22m[DEBUG] [39;1msnarkJS[0m: tauG1: fft 19 mix end: 22/32
[36;22m[DEBUG] [39;1msnarkJS[0m: tauG1: fft  19  join: 15/19
[36;22m[DEBUG] [39;1msnarkJS[0m: tauG1: fft 19 join  15/19  2/16 0/1
[36;22m[DEBUG] [39;1msnarkJS[0m: tauG1: fft 19 join  15/19  1/16 0/1
[36;22m[DEBUG] [39;1msnarkJS[0m: tauG1: fft 19 join  15/19  10/16 0/1
[36;22m[DEBUG] [39;1msnarkJS[0m: tauG1: fft 19 join  15/19  4/16 0/1
[36;22m[DEBUG] [39;1msnarkJS[0m: tauG1: fft 19 join  15/19  7/16 0/1
[36;22m[DEBUG] [39;1msnarkJS[0m: tauG1: fft 19 join  15/19  12/16 0/1
[36;22m[DEBUG] [39;1msnarkJS[0m: tauG1: fft 19 join  15/19  3/16 0/1
[36;22m[DEBUG] [39;1msnarkJS[0m: tauG1: fft 19 join  15/19  15/16 0/1
[36;22m[DEBUG] [39;1msnarkJS[0m: tauG1: fft 19 join  15/19  9/16 0/1
[36;22m[DEBUG] [39;1msnarkJS[0m: tauG1: fft 19 join  15/19  14/16 0/1
[36;22m[DEBUG] [39;1msnarkJS[0m: tauG1: fft 19 join  15/19  11/16 0/1
[36;22m[DEBUG] [39;1msnarkJS[0m: tauG1: fft 19 join  15/19  6/16 0/1
[36;22m[DEBUG] [39;1msnarkJS[0m: tauG1: fft 19 join  15/19  8/16 0/1
[36;22m[DEBUG] [39;1msnarkJS[0m: tauG1: fft 19 join  15/19  13/16 0/1
[36;22m[DEBUG] [39;1msnarkJS[0m: tauG1: fft 19 join  15/19  16/16 0/1
[36;22m[DEBUG] [39;1msnarkJS[0m: tauG1: fft 19 join  15/19  5/16 0/1
[36;22m[DEBUG] [39;1msnarkJS[0m: tauG1: fft  19  join: 16/19
[36;22m[DEBUG] [39;1msnarkJS[0m: tauG1: fft 19 join  16/19  1/8 1/2
[36;22m[DEBUG] [39;1msnarkJS[0m: tauG1: fft 19 join  16/19  2/8 1/2
[36;22m[DEBUG] [39;1msnarkJS[0m: tauG1: fft 19 join  16/19  6/8 1/2
[36;22m[DEBUG] [39;1msnarkJS[0m: tauG1: fft 19 join  16/19  8/8 1/2
[36;22m[DEBUG] [39;1msnarkJS[0m: tauG1: fft 19 join  16/19  5/8 0/2
[36;22m[DEBUG] [39;1msnarkJS[0m: tauG1: fft 19 join  16/19  7/8 1/2
[36;22m[DEBUG] [39;1msnarkJS[0m: tauG1: fft 19 join  16/19  4/8 0/2
[36;22m[DEBUG] [39;1msnarkJS[0m: tauG1: fft 19 join  16/19  6/8 0/2
[36;22m[DEBUG] [39;1msnarkJS[0m: tauG1: fft 19 join  16/19  8/8 0/2
[36;22m[DEBUG] [39;1msnarkJS[0m: tauG1: fft 19 join  16/19  4/8 1/2
[36;22m[DEBUG] [39;1msnarkJS[0m: tauG1: fft 19 join  16/19  2/8 0/2
[36;22m[DEBUG] [39;1msnarkJS[0m: tauG1: fft 19 join  16/19  5/8 1/2
[36;22m[DEBUG] [39;1msnarkJS[0m: tauG1: fft 19 join  16/19  7/8 0/2
[36;22m[DEBUG] [39;1msnarkJS[0m: tauG1: fft 19 join  16/19  3/8 1/2
[36;22m[DEBUG] [39;1msnarkJS[0m: tauG1: fft 19 join  16/19  1/8 0/2
[36;22m[DEBUG] [39;1msnarkJS[0m: tauG1: fft 19 join  16/19  3/8 0/2
[36;22m[DEBUG] [39;1msnarkJS[0m: tauG1: fft  19  join: 17/19
[36;22m[DEBUG] [39;1msnarkJS[0m: tauG1: fft 19 join  17/19  1/4 3/4
[36;22m[DEBUG] [39;1msnarkJS[0m: tauG1: fft 19 join  17/19  1/4 2/4
[36;22m[DEBUG] [39;1msnarkJS[0m: tauG1: fft 19 join  17/19  3/4 3/4
[36;22m[DEBUG] [39;1msnarkJS[0m: tauG1: fft 19 join  17/19  4/4 3/4
[36;22m[DEBUG] [39;1msnarkJS[0m: tauG1: fft 19 join  17/19  3/4 0/4
[36;22m[DEBUG] [39;1msnarkJS[0m: tauG1: fft 19 join  17/19  4/4 1/4
[36;22m[DEBUG] [39;1msnarkJS[0m: tauG1: fft 19 join  17/19  2/4 2/4
[36;22m[DEBUG] [39;1msnarkJS[0m: tauG1: fft 19 join  17/19  1/4 0/4
[36;22m[DEBUG] [39;1msnarkJS[0m: tauG1: fft 19 join  17/19  4/4 2/4
[36;22m[DEBUG] [39;1msnarkJS[0m: tauG1: fft 19 join  17/19  3/4 2/4
[36;22m[DEBUG] [39;1msnarkJS[0m: tauG1: fft 19 join  17/19  1/4 1/4
[36;22m[DEBUG] [39;1msnarkJS[0m: tauG1: fft 19 join  17/19  2/4 3/4
[36;22m[DEBUG] [39;1msnarkJS[0m: tauG1: fft 19 join  17/19  2/4 0/4
[36;22m[DEBUG] [39;1msnarkJS[0m: tauG1: fft 19 join  17/19  4/4 0/4
[36;22m[DEBUG] [39;1msnarkJS[0m: tauG1: fft 19 join  17/19  2/4 1/4
[36;22m[DEBUG] [39;1msnarkJS[0m: tauG1: fft 19 join  17/19  3/4 1/4
[36;22m[DEBUG] [39;1msnarkJS[0m: tauG1: fft  19  join: 18/19
[36;22m[DEBUG] [39;1msnarkJS[0m: tauG1: fft 19 join  18/19  2/2 3/8
[36;22m[DEBUG] [39;1msnarkJS[0m: tauG1: fft 19 join  18/19  1/2 2/8
[36;22m[DEBUG] [39;1msnarkJS[0m: tauG1: fft 19 join  18/19  1/2 3/8
[36;22m[DEBUG] [39;1msnarkJS[0m: tauG1: fft 19 join  18/19  2/2 0/8
[36;22m[DEBUG] [39;1msnarkJS[0m: tauG1: fft 19 join  18/19  2/2 5/8
[36;22m[DEBUG] [39;1msnarkJS[0m: tauG1: fft 19 join  18/19  2/2 7/8
[36;22m[DEBUG] [39;1msnarkJS[0m: tauG1: fft 19 join  18/19  1/2 6/8
[36;22m[DEBUG] [39;1msnarkJS[0m: tauG1: fft 19 join  18/19  2/2 6/8
[36;22m[DEBUG] [39;1msnarkJS[0m: tauG1: fft 19 join  18/19  1/2 1/8
[36;22m[DEBUG] [39;1msnarkJS[0m: tauG1: fft 19 join  18/19  1/2 5/8
[36;22m[DEBUG] [39;1msnarkJS[0m: tauG1: fft 19 join  18/19  2/2 1/8
[36;22m[DEBUG] [39;1msnarkJS[0m: tauG1: fft 19 join  18/19  2/2 4/8
[36;22m[DEBUG] [39;1msnarkJS[0m: tauG1: fft 19 join  18/19  1/2 0/8
[36;22m[DEBUG] [39;1msnarkJS[0m: tauG1: fft 19 join  18/19  2/2 2/8
[36;22m[DEBUG] [39;1msnarkJS[0m: tauG1: fft 19 join  18/19  1/2 4/8
[36;22m[DEBUG] [39;1msnarkJS[0m: tauG1: fft 19 join  18/19  1/2 7/8
[36;22m[DEBUG] [39;1msnarkJS[0m: tauG1: fft  19  join: 19/19
[36;22m[DEBUG] [39;1msnarkJS[0m: tauG1: fft 19 join  19/19  1/1 2/16
[36;22m[DEBUG] [39;1msnarkJS[0m: tauG1: fft 19 join  19/19  1/1 11/16
[36;22m[DEBUG] [39;1msnarkJS[0m: tauG1: fft 19 join  19/19  1/1 15/16
[36;22m[DEBUG] [39;1msnarkJS[0m: tauG1: fft 19 join  19/19  1/1 8/16
[36;22m[DEBUG] [39;1msnarkJS[0m: tauG1: fft 19 join  19/19  1/1 13/16
[36;22m[DEBUG] [39;1msnarkJS[0m: tauG1: fft 19 join  19/19  1/1 3/16
[36;22m[DEBUG] [39;1msnarkJS[0m: tauG1: fft 19 join  19/19  1/1 6/16
[36;22m[DEBUG] [39;1msnarkJS[0m: tauG1: fft 19 join  19/19  1/1 1/16
[36;22m[DEBUG] [39;1msnarkJS[0m: tauG1: fft 19 join  19/19  1/1 14/16
[36;22m[DEBUG] [39;1msnarkJS[0m: tauG1: fft 19 join  19/19  1/1 12/16
[36;22m[DEBUG] [39;1msnarkJS[0m: tauG1: fft 19 join  19/19  1/1 0/16
[36;22m[DEBUG] [39;1msnarkJS[0m: tauG1: fft 19 join  19/19  1/1 9/16
[36;22m[DEBUG] [39;1msnarkJS[0m: tauG1: fft 19 join  19/19  1/1 4/16
[36;22m[DEBUG] [39;1msnarkJS[0m: tauG1: fft 19 join  19/19  1/1 10/16
[36;22m[DEBUG] [39;1msnarkJS[0m: tauG1: fft 19 join  19/19  1/1 5/16
[36;22m[DEBUG] [39;1msnarkJS[0m: tauG1: fft 19 join  19/19  1/1 7/16
[36;22m[DEBUG] [39;1msnarkJS[0m: tauG1: fft 20 mix start: 0/64
[36;22m[DEBUG] [39;1msnarkJS[0m: tauG1: fft 20 mix start: 1/64
[36;22m[DEBUG] [39;1msnarkJS[0m: tauG1: fft 20 mix start: 2/64
[36;22m[DEBUG] [39;1msnarkJS[0m: tauG1: fft 20 mix start: 3/64
[36;22m[DEBUG] [39;1msnarkJS[0m: tauG1: fft 20 mix start: 4/64
[36;22m[DEBUG] [39;1msnarkJS[0m: tauG1: fft 20 mix start: 5/64
[36;22m[DEBUG] [39;1msnarkJS[0m: tauG1: fft 20 mix start: 6/64
[36;22m[DEBUG] [39;1msnarkJS[0m: tauG1: fft 20 mix start: 7/64
[36;22m[DEBUG] [39;1msnarkJS[0m: tauG1: fft 20 mix start: 8/64
[36;22m[DEBUG] [39;1msnarkJS[0m: tauG1: fft 20 mix start: 9/64
[36;22m[DEBUG] [39;1msnarkJS[0m: tauG1: fft 20 mix start: 10/64
[36;22m[DEBUG] [39;1msnarkJS[0m: tauG1: fft 20 mix start: 11/64
[36;22m[DEBUG] [39;1msnarkJS[0m: tauG1: fft 20 mix start: 12/64
[36;22m[DEBUG] [39;1msnarkJS[0m: tauG1: fft 20 mix start: 13/64
[36;22m[DEBUG] [39;1msnarkJS[0m: tauG1: fft 20 mix start: 14/64
[36;22m[DEBUG] [39;1msnarkJS[0m: tauG1: fft 20 mix start: 15/64
[36;22m[DEBUG] [39;1msnarkJS[0m: tauG1: fft 20 mix start: 16/64
[36;22m[DEBUG] [39;1msnarkJS[0m: tauG1: fft 20 mix start: 17/64
[36;22m[DEBUG] [39;1msnarkJS[0m: tauG1: fft 20 mix start: 18/64
[36;22m[DEBUG] [39;1msnarkJS[0m: tauG1: fft 20 mix start: 19/64
[36;22m[DEBUG] [39;1msnarkJS[0m: tauG1: fft 20 mix start: 20/64
[36;22m[DEBUG] [39;1msnarkJS[0m: tauG1: fft 20 mix start: 21/64
[36;22m[DEBUG] [39;1msnarkJS[0m: tauG1: fft 20 mix start: 22/64
[36;22m[DEBUG] [39;1msnarkJS[0m: tauG1: fft 20 mix start: 23/64
[36;22m[DEBUG] [39;1msnarkJS[0m: tauG1: fft 20 mix start: 24/64
[36;22m[DEBUG] [39;1msnarkJS[0m: tauG1: fft 20 mix start: 25/64
[36;22m[DEBUG] [39;1msnarkJS[0m: tauG1: fft 20 mix start: 26/64
[36;22m[DEBUG] [39;1msnarkJS[0m: tauG1: fft 20 mix start: 27/64
[36;22m[DEBUG] [39;1msnarkJS[0m: tauG1: fft 20 mix start: 28/64
[36;22m[DEBUG] [39;1msnarkJS[0m: tauG1: fft 20 mix start: 29/64
[36;22m[DEBUG] [39;1msnarkJS[0m: tauG1: fft 20 mix start: 30/64
[36;22m[DEBUG] [39;1msnarkJS[0m: tauG1: fft 20 mix start: 31/64
[36;22m[DEBUG] [39;1msnarkJS[0m: tauG1: fft 20 mix start: 32/64
[36;22m[DEBUG] [39;1msnarkJS[0m: tauG1: fft 20 mix start: 33/64
[36;22m[DEBUG] [39;1msnarkJS[0m: tauG1: fft 20 mix start: 34/64
[36;22m[DEBUG] [39;1msnarkJS[0m: tauG1: fft 20 mix start: 35/64
[36;22m[DEBUG] [39;1msnarkJS[0m: tauG1: fft 20 mix start: 36/64
[36;22m[DEBUG] [39;1msnarkJS[0m: tauG1: fft 20 mix start: 37/64
[36;22m[DEBUG] [39;1msnarkJS[0m: tauG1: fft 20 mix start: 38/64
[36;22m[DEBUG] [39;1msnarkJS[0m: tauG1: fft 20 mix start: 39/64
[36;22m[DEBUG] [39;1msnarkJS[0m: tauG1: fft 20 mix start: 40/64
[36;22m[DEBUG] [39;1msnarkJS[0m: tauG1: fft 20 mix start: 41/64
[36;22m[DEBUG] [39;1msnarkJS[0m: tauG1: fft 20 mix start: 42/64
[36;22m[DEBUG] [39;1msnarkJS[0m: tauG1: fft 20 mix start: 43/64
[36;22m[DEBUG] [39;1msnarkJS[0m: tauG1: fft 20 mix start: 44/64
[36;22m[DEBUG] [39;1msnarkJS[0m: tauG1: fft 20 mix start: 45/64
[36;22m[DEBUG] [39;1msnarkJS[0m: tauG1: fft 20 mix start: 46/64
[36;22m[DEBUG] [39;1msnarkJS[0m: tauG1: fft 20 mix start: 47/64
[36;22m[DEBUG] [39;1msnarkJS[0m: tauG1: fft 20 mix start: 48/64
[36;22m[DEBUG] [39;1msnarkJS[0m: tauG1: fft 20 mix start: 49/64
[36;22m[DEBUG] [39;1msnarkJS[0m: tauG1: fft 20 mix start: 50/64
[36;22m[DEBUG] [39;1msnarkJS[0m: tauG1: fft 20 mix start: 51/64
[36;22m[DEBUG] [39;1msnarkJS[0m: tauG1: fft 20 mix start: 52/64
[36;22m[DEBUG] [39;1msnarkJS[0m: tauG1: fft 20 mix start: 53/64
[36;22m[DEBUG] [39;1msnarkJS[0m: tauG1: fft 20 mix start: 54/64
[36;22m[DEBUG] [39;1msnarkJS[0m: tauG1: fft 20 mix start: 55/64
[36;22m[DEBUG] [39;1msnarkJS[0m: tauG1: fft 20 mix start: 56/64
[36;22m[DEBUG] [39;1msnarkJS[0m: tauG1: fft 20 mix start: 57/64
[36;22m[DEBUG] [39;1msnarkJS[0m: tauG1: fft 20 mix start: 58/64
[36;22m[DEBUG] [39;1msnarkJS[0m: tauG1: fft 20 mix start: 59/64
[36;22m[DEBUG] [39;1msnarkJS[0m: tauG1: fft 20 mix start: 60/64
[36;22m[DEBUG] [39;1msnarkJS[0m: tauG1: fft 20 mix start: 61/64
[36;22m[DEBUG] [39;1msnarkJS[0m: tauG1: fft 20 mix start: 62/64
[36;22m[DEBUG] [39;1msnarkJS[0m: tauG1: fft 20 mix start: 63/64
[36;22m[DEBUG] [39;1msnarkJS[0m: tauG1: fft 20 mix end: 14/64
[36;22m[DEBUG] [39;1msnarkJS[0m: tauG1: fft 20 mix end: 10/64
[36;22m[DEBUG] [39;1msnarkJS[0m: tauG1: fft 20 mix end: 16/64
[36;22m[DEBUG] [39;1msnarkJS[0m: tauG1: fft 20 mix end: 0/64
[36;22m[DEBUG] [39;1msnarkJS[0m: tauG1: fft 20 mix end: 13/64
[36;22m[DEBUG] [39;1msnarkJS[0m: tauG1: fft 20 mix end: 28/64
[36;22m[DEBUG] [39;1msnarkJS[0m: tauG1: fft 20 mix end: 9/64
[36;22m[DEBUG] [39;1msnarkJS[0m: tauG1: fft 20 mix end: 31/64
[36;22m[DEBUG] [39;1msnarkJS[0m: tauG1: fft 20 mix end: 23/64
[36;22m[DEBUG] [39;1msnarkJS[0m: tauG1: fft 20 mix end: 4/64
[36;22m[DEBUG] [39;1msnarkJS[0m: tauG1: fft 20 mix end: 29/64
[36;22m[DEBUG] [39;1msnarkJS[0m: tauG1: fft 20 mix end: 24/64
[36;22m[DEBUG] [39;1msnarkJS[0m: tauG1: fft 20 mix end: 26/64
[36;22m[DEBUG] [39;1msnarkJS[0m: tauG1: fft 20 mix end: 1/64
[36;22m[DEBUG] [39;1msnarkJS[0m: tauG1: fft 20 mix end: 5/64
[36;22m[DEBUG] [39;1msnarkJS[0m: tauG1: fft 20 mix end: 8/64
[36;22m[DEBUG] [39;1msnarkJS[0m: tauG1: fft 20 mix end: 2/64
[36;22m[DEBUG] [39;1msnarkJS[0m: tauG1: fft 20 mix end: 19/64
[36;22m[DEBUG] [39;1msnarkJS[0m: tauG1: fft 20 mix end: 7/64
[36;22m[DEBUG] [39;1msnarkJS[0m: tauG1: fft 20 mix end: 15/64
[36;22m[DEBUG] [39;1msnarkJS[0m: tauG1: fft 20 mix end: 25/64
[36;22m[DEBUG] [39;1msnarkJS[0m: tauG1: fft 20 mix end: 17/64
[36;22m[DEBUG] [39;1msnarkJS[0m: tauG1: fft 20 mix end: 30/64
[36;22m[DEBUG] [39;1msnarkJS[0m: tauG1: fft 20 mix end: 27/64
[36;22m[DEBUG] [39;1msnarkJS[0m: tauG1: fft 20 mix end: 12/64
[36;22m[DEBUG] [39;1msnarkJS[0m: tauG1: fft 20 mix end: 20/64
[36;22m[DEBUG] [39;1msnarkJS[0m: tauG1: fft 20 mix end: 6/64
[36;22m[DEBUG] [39;1msnarkJS[0m: tauG1: fft 20 mix end: 18/64
[36;22m[DEBUG] [39;1msnarkJS[0m: tauG1: fft 20 mix end: 21/64
[36;22m[DEBUG] [39;1msnarkJS[0m: tauG1: fft 20 mix end: 11/64
[36;22m[DEBUG] [39;1msnarkJS[0m: tauG1: fft 20 mix end: 3/64
[36;22m[DEBUG] [39;1msnarkJS[0m: tauG1: fft 20 mix end: 22/64
[36;22m[DEBUG] [39;1msnarkJS[0m: tauG1: fft 20 mix end: 32/64
[36;22m[DEBUG] [39;1msnarkJS[0m: tauG1: fft 20 mix end: 40/64
[36;22m[DEBUG] [39;1msnarkJS[0m: tauG1: fft 20 mix end: 33/64
[36;22m[DEBUG] [39;1msnarkJS[0m: tauG1: fft 20 mix end: 41/64
[36;22m[DEBUG] [39;1msnarkJS[0m: tauG1: fft 20 mix end: 36/64
[36;22m[DEBUG] [39;1msnarkJS[0m: tauG1: fft 20 mix end: 34/64
[36;22m[DEBUG] [39;1msnarkJS[0m: tauG1: fft 20 mix end: 38/64
[36;22m[DEBUG] [39;1msnarkJS[0m: tauG1: fft 20 mix end: 35/64
[36;22m[DEBUG] [39;1msnarkJS[0m: tauG1: fft 20 mix end: 37/64
[36;22m[DEBUG] [39;1msnarkJS[0m: tauG1: fft 20 mix end: 39/64
[36;22m[DEBUG] [39;1msnarkJS[0m: tauG1: fft 20 mix end: 47/64
[36;22m[DEBUG] [39;1msnarkJS[0m: tauG1: fft 20 mix end: 42/64
[36;22m[DEBUG] [39;1msnarkJS[0m: tauG1: fft 20 mix end: 44/64
[36;22m[DEBUG] [39;1msnarkJS[0m: tauG1: fft 20 mix end: 43/64
[36;22m[DEBUG] [39;1msnarkJS[0m: tauG1: fft 20 mix end: 46/64
[36;22m[DEBUG] [39;1msnarkJS[0m: tauG1: fft 20 mix end: 51/64
[36;22m[DEBUG] [39;1msnarkJS[0m: tauG1: fft 20 mix end: 52/64
[36;22m[DEBUG] [39;1msnarkJS[0m: tauG1: fft 20 mix end: 59/64
[36;22m[DEBUG] [39;1msnarkJS[0m: tauG1: fft 20 mix end: 45/64
[36;22m[DEBUG] [39;1msnarkJS[0m: tauG1: fft 20 mix end: 50/64
[36;22m[DEBUG] [39;1msnarkJS[0m: tauG1: fft 20 mix end: 48/64
[36;22m[DEBUG] [39;1msnarkJS[0m: tauG1: fft 20 mix end: 61/64
[36;22m[DEBUG] [39;1msnarkJS[0m: tauG1: fft 20 mix end: 56/64
[36;22m[DEBUG] [39;1msnarkJS[0m: tauG1: fft 20 mix end: 54/64
[36;22m[DEBUG] [39;1msnarkJS[0m: tauG1: fft 20 mix end: 57/64
[36;22m[DEBUG] [39;1msnarkJS[0m: tauG1: fft 20 mix end: 60/64
[36;22m[DEBUG] [39;1msnarkJS[0m: tauG1: fft 20 mix end: 53/64
[36;22m[DEBUG] [39;1msnarkJS[0m: tauG1: fft 20 mix end: 62/64
[36;22m[DEBUG] [39;1msnarkJS[0m: tauG1: fft 20 mix end: 49/64
[36;22m[DEBUG] [39;1msnarkJS[0m: tauG1: fft 20 mix end: 55/64
[36;22m[DEBUG] [39;1msnarkJS[0m: tauG1: fft 20 mix end: 63/64
[36;22m[DEBUG] [39;1msnarkJS[0m: tauG1: fft 20 mix end: 58/64
[36;22m[DEBUG] [39;1msnarkJS[0m: tauG1: fft  20  join: 15/20
[36;22m[DEBUG] [39;1msnarkJS[0m: tauG1: fft 20 join  15/20  30/32 0/1
[36;22m[DEBUG] [39;1msnarkJS[0m: tauG1: fft 20 join  15/20  8/32 0/1
[36;22m[DEBUG] [39;1msnarkJS[0m: tauG1: fft 20 join  15/20  19/32 0/1
[36;22m[DEBUG] [39;1msnarkJS[0m: tauG1: fft 20 join  15/20  6/32 0/1
[36;22m[DEBUG] [39;1msnarkJS[0m: tauG1: fft 20 join  15/20  15/32 0/1
[36;22m[DEBUG] [39;1msnarkJS[0m: tauG1: fft 20 join  15/20  26/32 0/1
[36;22m[DEBUG] [39;1msnarkJS[0m: tauG1: fft 20 join  15/20  4/32 0/1
[36;22m[DEBUG] [39;1msnarkJS[0m: tauG1: fft 20 join  15/20  11/32 0/1
[36;22m[DEBUG] [39;1msnarkJS[0m: tauG1: fft 20 join  15/20  32/32 0/1
[36;22m[DEBUG] [39;1msnarkJS[0m: tauG1: fft 20 join  15/20  21/32 0/1
[36;22m[DEBUG] [39;1msnarkJS[0m: tauG1: fft 20 join  15/20  10/32 0/1
[36;22m[DEBUG] [39;1msnarkJS[0m: tauG1: fft 20 join  15/20  17/32 0/1
[36;22m[DEBUG] [39;1msnarkJS[0m: tauG1: fft 20 join  15/20  3/32 0/1
[36;22m[DEBUG] [39;1msnarkJS[0m: tauG1: fft 20 join  15/20  9/32 0/1
[36;22m[DEBUG] [39;1msnarkJS[0m: tauG1: fft 20 join  15/20  18/32 0/1
[36;22m[DEBUG] [39;1msnarkJS[0m: tauG1: fft 20 join  15/20  23/32 0/1
[36;22m[DEBUG] [39;1msnarkJS[0m: tauG1: fft 20 join  15/20  29/32 0/1
[36;22m[DEBUG] [39;1msnarkJS[0m: tauG1: fft 20 join  15/20  1/32 0/1
[36;22m[DEBUG] [39;1msnarkJS[0m: tauG1: fft 20 join  15/20  25/32 0/1
[36;22m[DEBUG] [39;1msnarkJS[0m: tauG1: fft 20 join  15/20  2/32 0/1
[36;22m[DEBUG] [39;1msnarkJS[0m: tauG1: fft 20 join  15/20  12/32 0/1
[36;22m[DEBUG] [39;1msnarkJS[0m: tauG1: fft 20 join  15/20  14/32 0/1
[36;22m[DEBUG] [39;1msnarkJS[0m: tauG1: fft 20 join  15/20  20/32 0/1
[36;22m[DEBUG] [39;1msnarkJS[0m: tauG1: fft 20 join  15/20  24/32 0/1
[36;22m[DEBUG] [39;1msnarkJS[0m: tauG1: fft 20 join  15/20  13/32 0/1
[36;22m[DEBUG] [39;1msnarkJS[0m: tauG1: fft 20 join  15/20  5/32 0/1
[36;22m[DEBUG] [39;1msnarkJS[0m: tauG1: fft 20 join  15/20  22/32 0/1
[36;22m[DEBUG] [39;1msnarkJS[0m: tauG1: fft 20 join  15/20  16/32 0/1
[36;22m[DEBUG] [39;1msnarkJS[0m: tauG1: fft 20 join  15/20  31/32 0/1
[36;22m[DEBUG] [39;1msnarkJS[0m: tauG1: fft 20 join  15/20  27/32 0/1
[36;22m[DEBUG] [39;1msnarkJS[0m: tauG1: fft 20 join  15/20  7/32 0/1
[36;22m[DEBUG] [39;1msnarkJS[0m: tauG1: fft 20 join  15/20  28/32 0/1
[36;22m[DEBUG] [39;1msnarkJS[0m: tauG1: fft  20  join: 16/20
[36;22m[DEBUG] [39;1msnarkJS[0m: tauG1: fft 20 join  16/20  2/16 1/2
[36;22m[DEBUG] [39;1msnarkJS[0m: tauG1: fft 20 join  16/20  13/16 1/2
[36;22m[DEBUG] [39;1msnarkJS[0m: tauG1: fft 20 join  16/20  16/16 1/2
[36;22m[DEBUG] [39;1msnarkJS[0m: tauG1: fft 20 join  16/20  4/16 1/2
[36;22m[DEBUG] [39;1msnarkJS[0m: tauG1: fft 20 join  16/20  7/16 0/2
[36;22m[DEBUG] [39;1msnarkJS[0m: tauG1: fft 20 join  16/20  9/16 1/2
[36;22m[DEBUG] [39;1msnarkJS[0m: tauG1: fft 20 join  16/20  13/16 0/2
[36;22m[DEBUG] [39;1msnarkJS[0m: tauG1: fft 20 join  16/20  6/16 0/2
[36;22m[DEBUG] [39;1msnarkJS[0m: tauG1: fft 20 join  16/20  3/16 1/2
[36;22m[DEBUG] [39;1msnarkJS[0m: tauG1: fft 20 join  16/20  11/16 1/2
[36;22m[DEBUG] [39;1msnarkJS[0m: tauG1: fft 20 join  16/20  12/16 0/2
[36;22m[DEBUG] [39;1msnarkJS[0m: tauG1: fft 20 join  16/20  14/16 0/2
[36;22m[DEBUG] [39;1msnarkJS[0m: tauG1: fft 20 join  16/20  5/16 1/2
[36;22m[DEBUG] [39;1msnarkJS[0m: tauG1: fft 20 join  16/20  11/16 0/2
[36;22m[DEBUG] [39;1msnarkJS[0m: tauG1: fft 20 join  16/20  1/16 0/2
[36;22m[DEBUG] [39;1msnarkJS[0m: tauG1: fft 20 join  16/20  6/16 1/2
[36;22m[DEBUG] [39;1msnarkJS[0m: tauG1: fft 20 join  16/20  3/16 0/2
[36;22m[DEBUG] [39;1msnarkJS[0m: tauG1: fft 20 join  16/20  14/16 1/2
[36;22m[DEBUG] [39;1msnarkJS[0m: tauG1: fft 20 join  16/20  2/16 0/2
[36;22m[DEBUG] [39;1msnarkJS[0m: tauG1: fft 20 join  16/20  15/16 0/2
[36;22m[DEBUG] [39;1msnarkJS[0m: tauG1: fft 20 join  16/20  15/16 1/2
[36;22m[DEBUG] [39;1msnarkJS[0m: tauG1: fft 20 join  16/20  9/16 0/2
[36;22m[DEBUG] [39;1msnarkJS[0m: tauG1: fft 20 join  16/20  10/16 0/2
[36;22m[DEBUG] [39;1msnarkJS[0m: tauG1: fft 20 join  16/20  7/16 1/2
[36;22m[DEBUG] [39;1msnarkJS[0m: tauG1: fft 20 join  16/20  8/16 0/2
[36;22m[DEBUG] [39;1msnarkJS[0m: tauG1: fft 20 join  16/20  5/16 0/2
[36;22m[DEBUG] [39;1msnarkJS[0m: tauG1: fft 20 join  16/20  1/16 1/2
[36;22m[DEBUG] [39;1msnarkJS[0m: tauG1: fft 20 join  16/20  10/16 1/2
[36;22m[DEBUG] [39;1msnarkJS[0m: tauG1: fft 20 join  16/20  8/16 1/2
[36;22m[DEBUG] [39;1msnarkJS[0m: tauG1: fft 20 join  16/20  16/16 0/2
[36;22m[DEBUG] [39;1msnarkJS[0m: tauG1: fft 20 join  16/20  4/16 0/2
[36;22m[DEBUG] [39;1msnarkJS[0m: tauG1: fft 20 join  16/20  12/16 1/2
[36;22m[DEBUG] [39;1msnarkJS[0m: tauG1: fft  20  join: 17/20
[36;22m[DEBUG] [39;1msnarkJS[0m: tauG1: fft 20 join  17/20  5/8 1/4
[36;22m[DEBUG] [39;1msnarkJS[0m: tauG1: fft 20 join  17/20  7/8 1/4
[36;22m[DEBUG] [39;1msnarkJS[0m: tauG1: fft 20 join  17/20  2/8 1/4
[36;22m[DEBUG] [39;1msnarkJS[0m: tauG1: fft 20 join  17/20  4/8 0/4
[36;22m[DEBUG] [39;1msnarkJS[0m: tauG1: fft 20 join  17/20  3/8 2/4
[36;22m[DEBUG] [39;1msnarkJS[0m: tauG1: fft 20 join  17/20  5/8 2/4
[36;22m[DEBUG] [39;1msnarkJS[0m: tauG1: fft 20 join  17/20  7/8 0/4
[36;22m[DEBUG] [39;1msnarkJS[0m: tauG1: fft 20 join  17/20  3/8 0/4
[36;22m[DEBUG] [39;1msnarkJS[0m: tauG1: fft 20 join  17/20  1/8 2/4
[36;22m[DEBUG] [39;1msnarkJS[0m: tauG1: fft 20 join  17/20  7/8 2/4
[36;22m[DEBUG] [39;1msnarkJS[0m: tauG1: fft 20 join  17/20  8/8 2/4
[36;22m[DEBUG] [39;1msnarkJS[0m: tauG1: fft 20 join  17/20  6/8 0/4
[36;22m[DEBUG] [39;1msnarkJS[0m: tauG1: fft 20 join  17/20  2/8 3/4
[36;22m[DEBUG] [39;1msnarkJS[0m: tauG1: fft 20 join  17/20  1/8 3/4
[36;22m[DEBUG] [39;1msnarkJS[0m: tauG1: fft 20 join  17/20  2/8 2/4
[36;22m[DEBUG] [39;1msnarkJS[0m: tauG1: fft 20 join  17/20  2/8 0/4
[36;22m[DEBUG] [39;1msnarkJS[0m: tauG1: fft 20 join  17/20  3/8 1/4
[36;22m[DEBUG] [39;1msnarkJS[0m: tauG1: fft 20 join  17/20  4/8 2/4
[36;22m[DEBUG] [39;1msnarkJS[0m: tauG1: fft 20 join  17/20  6/8 2/4
[36;22m[DEBUG] [39;1msnarkJS[0m: tauG1: fft 20 join  17/20  4/8 3/4
[36;22m[DEBUG] [39;1msnarkJS[0m: tauG1: fft 20 join  17/20  1/8 1/4
[36;22m[DEBUG] [39;1msnarkJS[0m: tauG1: fft 20 join  17/20  1/8 0/4
[36;22m[DEBUG] [39;1msnarkJS[0m: tauG1: fft 20 join  17/20  8/8 0/4
[36;22m[DEBUG] [39;1msnarkJS[0m: tauG1: fft 20 join  17/20  5/8 0/4
[36;22m[DEBUG] [39;1msnarkJS[0m: tauG1: fft 20 join  17/20  8/8 3/4
[36;22m[DEBUG] [39;1msnarkJS[0m: tauG1: fft 20 join  17/20  3/8 3/4
[36;22m[DEBUG] [39;1msnarkJS[0m: tauG1: fft 20 join  17/20  6/8 1/4
[36;22m[DEBUG] [39;1msnarkJS[0m: tauG1: fft 20 join  17/20  8/8 1/4
[36;22m[DEBUG] [39;1msnarkJS[0m: tauG1: fft 20 join  17/20  4/8 1/4
[36;22m[DEBUG] [39;1msnarkJS[0m: tauG1: fft 20 join  17/20  7/8 3/4
[36;22m[DEBUG] [39;1msnarkJS[0m: tauG1: fft 20 join  17/20  6/8 3/4
[36;22m[DEBUG] [39;1msnarkJS[0m: tauG1: fft 20 join  17/20  5/8 3/4
[36;22m[DEBUG] [39;1msnarkJS[0m: tauG1: fft  20  join: 18/20
[36;22m[DEBUG] [39;1msnarkJS[0m: tauG1: fft 20 join  18/20  3/4 4/8
[36;22m[DEBUG] [39;1msnarkJS[0m: tauG1: fft 20 join  18/20  1/4 0/8
[36;22m[DEBUG] [39;1msnarkJS[0m: tauG1: fft 20 join  18/20  1/4 2/8
[36;22m[DEBUG] [39;1msnarkJS[0m: tauG1: fft 20 join  18/20  4/4 0/8
[36;22m[DEBUG] [39;1msnarkJS[0m: tauG1: fft 20 join  18/20  1/4 6/8
[36;22m[DEBUG] [39;1msnarkJS[0m: tauG1: fft 20 join  18/20  3/4 0/8
[36;22m[DEBUG] [39;1msnarkJS[0m: tauG1: fft 20 join  18/20  2/4 4/8
[36;22m[DEBUG] [39;1msnarkJS[0m: tauG1: fft 20 join  18/20  1/4 5/8
[36;22m[DEBUG] [39;1msnarkJS[0m: tauG1: fft 20 join  18/20  2/4 2/8
[36;22m[DEBUG] [39;1msnarkJS[0m: tauG1: fft 20 join  18/20  4/4 2/8
[36;22m[DEBUG] [39;1msnarkJS[0m: tauG1: fft 20 join  18/20  2/4 7/8
[36;22m[DEBUG] [39;1msnarkJS[0m: tauG1: fft 20 join  18/20  4/4 6/8
[36;22m[DEBUG] [39;1msnarkJS[0m: tauG1: fft 20 join  18/20  3/4 6/8
[36;22m[DEBUG] [39;1msnarkJS[0m: tauG1: fft 20 join  18/20  4/4 1/8
[36;22m[DEBUG] [39;1msnarkJS[0m: tauG1: fft 20 join  18/20  1/4 3/8
[36;22m[DEBUG] [39;1msnarkJS[0m: tauG1: fft 20 join  18/20  2/4 6/8
[36;22m[DEBUG] [39;1msnarkJS[0m: tauG1: fft 20 join  18/20  2/4 0/8
[36;22m[DEBUG] [39;1msnarkJS[0m: tauG1: fft 20 join  18/20  1/4 1/8
[36;22m[DEBUG] [39;1msnarkJS[0m: tauG1: fft 20 join  18/20  3/4 1/8
[36;22m[DEBUG] [39;1msnarkJS[0m: tauG1: fft 20 join  18/20  4/4 4/8
[36;22m[DEBUG] [39;1msnarkJS[0m: tauG1: fft 20 join  18/20  4/4 5/8
[36;22m[DEBUG] [39;1msnarkJS[0m: tauG1: fft 20 join  18/20  2/4 1/8
[36;22m[DEBUG] [39;1msnarkJS[0m: tauG1: fft 20 join  18/20  2/4 3/8
[36;22m[DEBUG] [39;1msnarkJS[0m: tauG1: fft 20 join  18/20  1/4 4/8
[36;22m[DEBUG] [39;1msnarkJS[0m: tauG1: fft 20 join  18/20  3/4 5/8
[36;22m[DEBUG] [39;1msnarkJS[0m: tauG1: fft 20 join  18/20  2/4 5/8
[36;22m[DEBUG] [39;1msnarkJS[0m: tauG1: fft 20 join  18/20  4/4 3/8
[36;22m[DEBUG] [39;1msnarkJS[0m: tauG1: fft 20 join  18/20  3/4 3/8
[36;22m[DEBUG] [39;1msnarkJS[0m: tauG1: fft 20 join  18/20  3/4 7/8
[36;22m[DEBUG] [39;1msnarkJS[0m: tauG1: fft 20 join  18/20  3/4 2/8
[36;22m[DEBUG] [39;1msnarkJS[0m: tauG1: fft 20 join  18/20  1/4 7/8
[36;22m[DEBUG] [39;1msnarkJS[0m: tauG1: fft 20 join  18/20  4/4 7/8
[36;22m[DEBUG] [39;1msnarkJS[0m: tauG1: fft  20  join: 19/20
[36;22m[DEBUG] [39;1msnarkJS[0m: tauG1: fft 20 join  19/20  2/2 7/16
[36;22m[DEBUG] [39;1msnarkJS[0m: tauG1: fft 20 join  19/20  1/2 0/16
[36;22m[DEBUG] [39;1msnarkJS[0m: tauG1: fft 20 join  19/20  1/2 12/16
[36;22m[DEBUG] [39;1msnarkJS[0m: tauG1: fft 20 join  19/20  1/2 11/16
[36;22m[DEBUG] [39;1msnarkJS[0m: tauG1: fft 20 join  19/20  1/2 14/16
[36;22m[DEBUG] [39;1msnarkJS[0m: tauG1: fft 20 join  19/20  1/2 7/16
[36;22m[DEBUG] [39;1msnarkJS[0m: tauG1: fft 20 join  19/20  1/2 6/16
[36;22m[DEBUG] [39;1msnarkJS[0m: tauG1: fft 20 join  19/20  2/2 8/16
[36;22m[DEBUG] [39;1msnarkJS[0m: tauG1: fft 20 join  19/20  1/2 13/16
[36;22m[DEBUG] [39;1msnarkJS[0m: tauG1: fft 20 join  19/20  1/2 3/16
[36;22m[DEBUG] [39;1msnarkJS[0m: tauG1: fft 20 join  19/20  1/2 8/16
[36;22m[DEBUG] [39;1msnarkJS[0m: tauG1: fft 20 join  19/20  2/2 12/16
[36;22m[DEBUG] [39;1msnarkJS[0m: tauG1: fft 20 join  19/20  1/2 2/16
[36;22m[DEBUG] [39;1msnarkJS[0m: tauG1: fft 20 join  19/20  2/2 6/16
[36;22m[DEBUG] [39;1msnarkJS[0m: tauG1: fft 20 join  19/20  1/2 10/16
[36;22m[DEBUG] [39;1msnarkJS[0m: tauG1: fft 20 join  19/20  1/2 9/16
[36;22m[DEBUG] [39;1msnarkJS[0m: tauG1: fft 20 join  19/20  2/2 9/16
[36;22m[DEBUG] [39;1msnarkJS[0m: tauG1: fft 20 join  19/20  2/2 0/16
[36;22m[DEBUG] [39;1msnarkJS[0m: tauG1: fft 20 join  19/20  1/2 1/16
[36;22m[DEBUG] [39;1msnarkJS[0m: tauG1: fft 20 join  19/20  2/2 15/16
[36;22m[DEBUG] [39;1msnarkJS[0m: tauG1: fft 20 join  19/20  2/2 10/16
[36;22m[DEBUG] [39;1msnarkJS[0m: tauG1: fft 20 join  19/20  1/2 15/16
[36;22m[DEBUG] [39;1msnarkJS[0m: tauG1: fft 20 join  19/20  2/2 4/16
[36;22m[DEBUG] [39;1msnarkJS[0m: tauG1: fft 20 join  19/20  1/2 5/16
[36;22m[DEBUG] [39;1msnarkJS[0m: tauG1: fft 20 join  19/20  2/2 11/16
[36;22m[DEBUG] [39;1msnarkJS[0m: tauG1: fft 20 join  19/20  2/2 3/16
[36;22m[DEBUG] [39;1msnarkJS[0m: tauG1: fft 20 join  19/20  2/2 5/16
[36;22m[DEBUG] [39;1msnarkJS[0m: tauG1: fft 20 join  19/20  2/2 2/16
[36;22m[DEBUG] [39;1msnarkJS[0m: tauG1: fft 20 join  19/20  2/2 14/16
[36;22m[DEBUG] [39;1msnarkJS[0m: tauG1: fft 20 join  19/20  2/2 13/16
[36;22m[DEBUG] [39;1msnarkJS[0m: tauG1: fft 20 join  19/20  2/2 1/16
[36;22m[DEBUG] [39;1msnarkJS[0m: tauG1: fft 20 join  19/20  1/2 4/16
[36;22m[DEBUG] [39;1msnarkJS[0m: tauG1: fft  20  join: 20/20
[36;22m[DEBUG] [39;1msnarkJS[0m: tauG1: fft 20 join  20/20  1/1 22/32
[36;22m[DEBUG] [39;1msnarkJS[0m: tauG1: fft 20 join  20/20  1/1 1/32
[36;22m[DEBUG] [39;1msnarkJS[0m: tauG1: fft 20 join  20/20  1/1 6/32
[36;22m[DEBUG] [39;1msnarkJS[0m: tauG1: fft 20 join  20/20  1/1 4/32
[36;22m[DEBUG] [39;1msnarkJS[0m: tauG1: fft 20 join  20/20  1/1 19/32
[36;22m[DEBUG] [39;1msnarkJS[0m: tauG1: fft 20 join  20/20  1/1 25/32
[36;22m[DEBUG] [39;1msnarkJS[0m: tauG1: fft 20 join  20/20  1/1 16/32
[36;22m[DEBUG] [39;1msnarkJS[0m: tauG1: fft 20 join  20/20  1/1 0/32
[36;22m[DEBUG] [39;1msnarkJS[0m: tauG1: fft 20 join  20/20  1/1 24/32
[36;22m[DEBUG] [39;1msnarkJS[0m: tauG1: fft 20 join  20/20  1/1 21/32
[36;22m[DEBUG] [39;1msnarkJS[0m: tauG1: fft 20 join  20/20  1/1 10/32
[36;22m[DEBUG] [39;1msnarkJS[0m: tauG1: fft 20 join  20/20  1/1 15/32
[36;22m[DEBUG] [39;1msnarkJS[0m: tauG1: fft 20 join  20/20  1/1 2/32
[36;22m[DEBUG] [39;1msnarkJS[0m: tauG1: fft 20 join  20/20  1/1 11/32
[36;22m[DEBUG] [39;1msnarkJS[0m: tauG1: fft 20 join  20/20  1/1 23/32
[36;22m[DEBUG] [39;1msnarkJS[0m: tauG1: fft 20 join  20/20  1/1 13/32
[36;22m[DEBUG] [39;1msnarkJS[0m: tauG1: fft 20 join  20/20  1/1 28/32
[36;22m[DEBUG] [39;1msnarkJS[0m: tauG1: fft 20 join  20/20  1/1 7/32
[36;22m[DEBUG] [39;1msnarkJS[0m: tauG1: fft 20 join  20/20  1/1 29/32
[36;22m[DEBUG] [39;1msnarkJS[0m: tauG1: fft 20 join  20/20  1/1 20/32
[36;22m[DEBUG] [39;1msnarkJS[0m: tauG1: fft 20 join  20/20  1/1 8/32
[36;22m[DEBUG] [39;1msnarkJS[0m: tauG1: fft 20 join  20/20  1/1 17/32
[36;22m[DEBUG] [39;1msnarkJS[0m: tauG1: fft 20 join  20/20  1/1 26/32
[36;22m[DEBUG] [39;1msnarkJS[0m: tauG1: fft 20 join  20/20  1/1 14/32
[36;22m[DEBUG] [39;1msnarkJS[0m: tauG1: fft 20 join  20/20  1/1 27/32
[36;22m[DEBUG] [39;1msnarkJS[0m: tauG1: fft 20 join  20/20  1/1 12/32
[36;22m[DEBUG] [39;1msnarkJS[0m: tauG1: fft 20 join  20/20  1/1 9/32
[36;22m[DEBUG] [39;1msnarkJS[0m: tauG1: fft 20 join  20/20  1/1 31/32
[36;22m[DEBUG] [39;1msnarkJS[0m: tauG1: fft 20 join  20/20  1/1 18/32
[36;22m[DEBUG] [39;1msnarkJS[0m: tauG1: fft 20 join  20/20  1/1 30/32
[36;22m[DEBUG] [39;1msnarkJS[0m: tauG1: fft 20 join  20/20  1/1 5/32
[36;22m[DEBUG] [39;1msnarkJS[0m: tauG1: fft 20 join  20/20  1/1 3/32
[36;22m[DEBUG] [39;1msnarkJS[0m: tauG1: fft 21 mix start: 0/128
[36;22m[DEBUG] [39;1msnarkJS[0m: tauG1: fft 21 mix start: 1/128
[36;22m[DEBUG] [39;1msnarkJS[0m: tauG1: fft 21 mix start: 2/128
[36;22m[DEBUG] [39;1msnarkJS[0m: tauG1: fft 21 mix start: 3/128
[36;22m[DEBUG] [39;1msnarkJS[0m: tauG1: fft 21 mix start: 4/128
[36;22m[DEBUG] [39;1msnarkJS[0m: tauG1: fft 21 mix start: 5/128
[36;22m[DEBUG] [39;1msnarkJS[0m: tauG1: fft 21 mix start: 6/128
[36;22m[DEBUG] [39;1msnarkJS[0m: tauG1: fft 21 mix start: 7/128
[36;22m[DEBUG] [39;1msnarkJS[0m: tauG1: fft 21 mix start: 8/128
[36;22m[DEBUG] [39;1msnarkJS[0m: tauG1: fft 21 mix start: 9/128
[36;22m[DEBUG] [39;1msnarkJS[0m: tauG1: fft 21 mix start: 10/128
[36;22m[DEBUG] [39;1msnarkJS[0m: tauG1: fft 21 mix start: 11/128
[36;22m[DEBUG] [39;1msnarkJS[0m: tauG1: fft 21 mix start: 12/128
[36;22m[DEBUG] [39;1msnarkJS[0m: tauG1: fft 21 mix start: 13/128
[36;22m[DEBUG] [39;1msnarkJS[0m: tauG1: fft 21 mix start: 14/128
[36;22m[DEBUG] [39;1msnarkJS[0m: tauG1: fft 21 mix start: 15/128
[36;22m[DEBUG] [39;1msnarkJS[0m: tauG1: fft 21 mix start: 16/128
[36;22m[DEBUG] [39;1msnarkJS[0m: tauG1: fft 21 mix start: 17/128
[36;22m[DEBUG] [39;1msnarkJS[0m: tauG1: fft 21 mix start: 18/128
[36;22m[DEBUG] [39;1msnarkJS[0m: tauG1: fft 21 mix start: 19/128
[36;22m[DEBUG] [39;1msnarkJS[0m: tauG1: fft 21 mix start: 20/128
[36;22m[DEBUG] [39;1msnarkJS[0m: tauG1: fft 21 mix start: 21/128
[36;22m[DEBUG] [39;1msnarkJS[0m: tauG1: fft 21 mix start: 22/128
[36;22m[DEBUG] [39;1msnarkJS[0m: tauG1: fft 21 mix start: 23/128
[36;22m[DEBUG] [39;1msnarkJS[0m: tauG1: fft 21 mix start: 24/128
[36;22m[DEBUG] [39;1msnarkJS[0m: tauG1: fft 21 mix start: 25/128
[36;22m[DEBUG] [39;1msnarkJS[0m: tauG1: fft 21 mix start: 26/128
[36;22m[DEBUG] [39;1msnarkJS[0m: tauG1: fft 21 mix start: 27/128
[36;22m[DEBUG] [39;1msnarkJS[0m: tauG1: fft 21 mix start: 28/128
[36;22m[DEBUG] [39;1msnarkJS[0m: tauG1: fft 21 mix start: 29/128
[36;22m[DEBUG] [39;1msnarkJS[0m: tauG1: fft 21 mix start: 30/128
[36;22m[DEBUG] [39;1msnarkJS[0m: tauG1: fft 21 mix start: 31/128
[36;22m[DEBUG] [39;1msnarkJS[0m: tauG1: fft 21 mix start: 32/128
[36;22m[DEBUG] [39;1msnarkJS[0m: tauG1: fft 21 mix start: 33/128
[36;22m[DEBUG] [39;1msnarkJS[0m: tauG1: fft 21 mix start: 34/128
[36;22m[DEBUG] [39;1msnarkJS[0m: tauG1: fft 21 mix start: 35/128
[36;22m[DEBUG] [39;1msnarkJS[0m: tauG1: fft 21 mix start: 36/128
[36;22m[DEBUG] [39;1msnarkJS[0m: tauG1: fft 21 mix start: 37/128
[36;22m[DEBUG] [39;1msnarkJS[0m: tauG1: fft 21 mix start: 38/128
[36;22m[DEBUG] [39;1msnarkJS[0m: tauG1: fft 21 mix start: 39/128
[36;22m[DEBUG] [39;1msnarkJS[0m: tauG1: fft 21 mix start: 40/128
[36;22m[DEBUG] [39;1msnarkJS[0m: tauG1: fft 21 mix start: 41/128
[36;22m[DEBUG] [39;1msnarkJS[0m: tauG1: fft 21 mix start: 42/128
[36;22m[DEBUG] [39;1msnarkJS[0m: tauG1: fft 21 mix start: 43/128
[36;22m[DEBUG] [39;1msnarkJS[0m: tauG1: fft 21 mix start: 44/128
[36;22m[DEBUG] [39;1msnarkJS[0m: tauG1: fft 21 mix start: 45/128
[36;22m[DEBUG] [39;1msnarkJS[0m: tauG1: fft 21 mix start: 46/128
[36;22m[DEBUG] [39;1msnarkJS[0m: tauG1: fft 21 mix start: 47/128
[36;22m[DEBUG] [39;1msnarkJS[0m: tauG1: fft 21 mix start: 48/128
[36;22m[DEBUG] [39;1msnarkJS[0m: tauG1: fft 21 mix start: 49/128
[36;22m[DEBUG] [39;1msnarkJS[0m: tauG1: fft 21 mix start: 50/128
[36;22m[DEBUG] [39;1msnarkJS[0m: tauG1: fft 21 mix start: 51/128
[36;22m[DEBUG] [39;1msnarkJS[0m: tauG1: fft 21 mix start: 52/128
[36;22m[DEBUG] [39;1msnarkJS[0m: tauG1: fft 21 mix start: 53/128
[36;22m[DEBUG] [39;1msnarkJS[0m: tauG1: fft 21 mix start: 54/128
[36;22m[DEBUG] [39;1msnarkJS[0m: tauG1: fft 21 mix start: 55/128
[36;22m[DEBUG] [39;1msnarkJS[0m: tauG1: fft 21 mix start: 56/128
[36;22m[DEBUG] [39;1msnarkJS[0m: tauG1: fft 21 mix start: 57/128
[36;22m[DEBUG] [39;1msnarkJS[0m: tauG1: fft 21 mix start: 58/128
[36;22m[DEBUG] [39;1msnarkJS[0m: tauG1: fft 21 mix start: 59/128
[36;22m[DEBUG] [39;1msnarkJS[0m: tauG1: fft 21 mix start: 60/128
[36;22m[DEBUG] [39;1msnarkJS[0m: tauG1: fft 21 mix start: 61/128
[36;22m[DEBUG] [39;1msnarkJS[0m: tauG1: fft 21 mix start: 62/128
[36;22m[DEBUG] [39;1msnarkJS[0m: tauG1: fft 21 mix start: 63/128
[36;22m[DEBUG] [39;1msnarkJS[0m: tauG1: fft 21 mix start: 64/128
[36;22m[DEBUG] [39;1msnarkJS[0m: tauG1: fft 21 mix start: 65/128
[36;22m[DEBUG] [39;1msnarkJS[0m: tauG1: fft 21 mix start: 66/128
[36;22m[DEBUG] [39;1msnarkJS[0m: tauG1: fft 21 mix start: 67/128
[36;22m[DEBUG] [39;1msnarkJS[0m: tauG1: fft 21 mix start: 68/128
[36;22m[DEBUG] [39;1msnarkJS[0m: tauG1: fft 21 mix start: 69/128
[36;22m[DEBUG] [39;1msnarkJS[0m: tauG1: fft 21 mix start: 70/128
[36;22m[DEBUG] [39;1msnarkJS[0m: tauG1: fft 21 mix start: 71/128
[36;22m[DEBUG] [39;1msnarkJS[0m: tauG1: fft 21 mix start: 72/128
[36;22m[DEBUG] [39;1msnarkJS[0m: tauG1: fft 21 mix start: 73/128
[36;22m[DEBUG] [39;1msnarkJS[0m: tauG1: fft 21 mix start: 74/128
[36;22m[DEBUG] [39;1msnarkJS[0m: tauG1: fft 21 mix start: 75/128
[36;22m[DEBUG] [39;1msnarkJS[0m: tauG1: fft 21 mix start: 76/128
[36;22m[DEBUG] [39;1msnarkJS[0m: tauG1: fft 21 mix start: 77/128
[36;22m[DEBUG] [39;1msnarkJS[0m: tauG1: fft 21 mix start: 78/128
[36;22m[DEBUG] [39;1msnarkJS[0m: tauG1: fft 21 mix start: 79/128
[36;22m[DEBUG] [39;1msnarkJS[0m: tauG1: fft 21 mix start: 80/128
[36;22m[DEBUG] [39;1msnarkJS[0m: tauG1: fft 21 mix start: 81/128
[36;22m[DEBUG] [39;1msnarkJS[0m: tauG1: fft 21 mix start: 82/128
[36;22m[DEBUG] [39;1msnarkJS[0m: tauG1: fft 21 mix start: 83/128
[36;22m[DEBUG] [39;1msnarkJS[0m: tauG1: fft 21 mix start: 84/128
[36;22m[DEBUG] [39;1msnarkJS[0m: tauG1: fft 21 mix start: 85/128
[36;22m[DEBUG] [39;1msnarkJS[0m: tauG1: fft 21 mix start: 86/128
[36;22m[DEBUG] [39;1msnarkJS[0m: tauG1: fft 21 mix start: 87/128
[36;22m[DEBUG] [39;1msnarkJS[0m: tauG1: fft 21 mix start: 88/128
[36;22m[DEBUG] [39;1msnarkJS[0m: tauG1: fft 21 mix start: 89/128
[36;22m[DEBUG] [39;1msnarkJS[0m: tauG1: fft 21 mix start: 90/128
[36;22m[DEBUG] [39;1msnarkJS[0m: tauG1: fft 21 mix start: 91/128
[36;22m[DEBUG] [39;1msnarkJS[0m: tauG1: fft 21 mix start: 92/128
[36;22m[DEBUG] [39;1msnarkJS[0m: tauG1: fft 21 mix start: 93/128
[36;22m[DEBUG] [39;1msnarkJS[0m: tauG1: fft 21 mix start: 94/128
[36;22m[DEBUG] [39;1msnarkJS[0m: tauG1: fft 21 mix start: 95/128
[36;22m[DEBUG] [39;1msnarkJS[0m: tauG1: fft 21 mix start: 96/128
[36;22m[DEBUG] [39;1msnarkJS[0m: tauG1: fft 21 mix start: 97/128
[36;22m[DEBUG] [39;1msnarkJS[0m: tauG1: fft 21 mix start: 98/128
[36;22m[DEBUG] [39;1msnarkJS[0m: tauG1: fft 21 mix start: 99/128
[36;22m[DEBUG] [39;1msnarkJS[0m: tauG1: fft 21 mix start: 100/128
[36;22m[DEBUG] [39;1msnarkJS[0m: tauG1: fft 21 mix start: 101/128
[36;22m[DEBUG] [39;1msnarkJS[0m: tauG1: fft 21 mix start: 102/128
[36;22m[DEBUG] [39;1msnarkJS[0m: tauG1: fft 21 mix start: 103/128
[36;22m[DEBUG] [39;1msnarkJS[0m: tauG1: fft 21 mix start: 104/128
[36;22m[DEBUG] [39;1msnarkJS[0m: tauG1: fft 21 mix start: 105/128
[36;22m[DEBUG] [39;1msnarkJS[0m: tauG1: fft 21 mix start: 106/128
[36;22m[DEBUG] [39;1msnarkJS[0m: tauG1: fft 21 mix start: 107/128
[36;22m[DEBUG] [39;1msnarkJS[0m: tauG1: fft 21 mix start: 108/128
[36;22m[DEBUG] [39;1msnarkJS[0m: tauG1: fft 21 mix start: 109/128
[36;22m[DEBUG] [39;1msnarkJS[0m: tauG1: fft 21 mix start: 110/128
[36;22m[DEBUG] [39;1msnarkJS[0m: tauG1: fft 21 mix start: 111/128
[36;22m[DEBUG] [39;1msnarkJS[0m: tauG1: fft 21 mix start: 112/128
[36;22m[DEBUG] [39;1msnarkJS[0m: tauG1: fft 21 mix start: 113/128
[36;22m[DEBUG] [39;1msnarkJS[0m: tauG1: fft 21 mix start: 114/128
[36;22m[DEBUG] [39;1msnarkJS[0m: tauG1: fft 21 mix start: 115/128
[36;22m[DEBUG] [39;1msnarkJS[0m: tauG1: fft 21 mix start: 116/128
[36;22m[DEBUG] [39;1msnarkJS[0m: tauG1: fft 21 mix start: 117/128
[36;22m[DEBUG] [39;1msnarkJS[0m: tauG1: fft 21 mix start: 118/128
[36;22m[DEBUG] [39;1msnarkJS[0m: tauG1: fft 21 mix start: 119/128
[36;22m[DEBUG] [39;1msnarkJS[0m: tauG1: fft 21 mix start: 120/128
[36;22m[DEBUG] [39;1msnarkJS[0m: tauG1: fft 21 mix start: 121/128
[36;22m[DEBUG] [39;1msnarkJS[0m: tauG1: fft 21 mix start: 122/128
[36;22m[DEBUG] [39;1msnarkJS[0m: tauG1: fft 21 mix start: 123/128
[36;22m[DEBUG] [39;1msnarkJS[0m: tauG1: fft 21 mix start: 124/128
[36;22m[DEBUG] [39;1msnarkJS[0m: tauG1: fft 21 mix start: 125/128
[36;22m[DEBUG] [39;1msnarkJS[0m: tauG1: fft 21 mix start: 126/128
[36;22m[DEBUG] [39;1msnarkJS[0m: tauG1: fft 21 mix start: 127/128
[36;22m[DEBUG] [39;1msnarkJS[0m: tauG1: fft 21 mix end: 27/128
[36;22m[DEBUG] [39;1msnarkJS[0m: tauG1: fft 21 mix end: 1/128
[36;22m[DEBUG] [39;1msnarkJS[0m: tauG1: fft 21 mix end: 19/128
[36;22m[DEBUG] [39;1msnarkJS[0m: tauG1: fft 21 mix end: 14/128
[36;22m[DEBUG] [39;1msnarkJS[0m: tauG1: fft 21 mix end: 13/128
[36;22m[DEBUG] [39;1msnarkJS[0m: tauG1: fft 21 mix end: 10/128
[36;22m[DEBUG] [39;1msnarkJS[0m: tauG1: fft 21 mix end: 16/128
[36;22m[DEBUG] [39;1msnarkJS[0m: tauG1: fft 21 mix end: 24/128
[36;22m[DEBUG] [39;1msnarkJS[0m: tauG1: fft 21 mix end: 15/128
[36;22m[DEBUG] [39;1msnarkJS[0m: tauG1: fft 21 mix end: 2/128
[36;22m[DEBUG] [39;1msnarkJS[0m: tauG1: fft 21 mix end: 30/128
[36;22m[DEBUG] [39;1msnarkJS[0m: tauG1: fft 21 mix end: 0/128
[36;22m[DEBUG] [39;1msnarkJS[0m: tauG1: fft 21 mix end: 7/128
[36;22m[DEBUG] [39;1msnarkJS[0m: tauG1: fft 21 mix end: 29/128
[36;22m[DEBUG] [39;1msnarkJS[0m: tauG1: fft 21 mix end: 23/128
[36;22m[DEBUG] [39;1msnarkJS[0m: tauG1: fft 21 mix end: 20/128
[36;22m[DEBUG] [39;1msnarkJS[0m: tauG1: fft 21 mix end: 6/128
[36;22m[DEBUG] [39;1msnarkJS[0m: tauG1: fft 21 mix end: 22/128
[36;22m[DEBUG] [39;1msnarkJS[0m: tauG1: fft 21 mix end: 4/128
[36;22m[DEBUG] [39;1msnarkJS[0m: tauG1: fft 21 mix end: 5/128
[36;22m[DEBUG] [39;1msnarkJS[0m: tauG1: fft 21 mix end: 17/128
[36;22m[DEBUG] [39;1msnarkJS[0m: tauG1: fft 21 mix end: 8/128
[36;22m[DEBUG] [39;1msnarkJS[0m: tauG1: fft 21 mix end: 25/128
[36;22m[DEBUG] [39;1msnarkJS[0m: tauG1: fft 21 mix end: 3/128
[36;22m[DEBUG] [39;1msnarkJS[0m: tauG1: fft 21 mix end: 11/128
[36;22m[DEBUG] [39;1msnarkJS[0m: tauG1: fft 21 mix end: 21/128
[36;22m[DEBUG] [39;1msnarkJS[0m: tauG1: fft 21 mix end: 18/128
[36;22m[DEBUG] [39;1msnarkJS[0m: tauG1: fft 21 mix end: 28/128
[36;22m[DEBUG] [39;1msnarkJS[0m: tauG1: fft 21 mix end: 31/128
[36;22m[DEBUG] [39;1msnarkJS[0m: tauG1: fft 21 mix end: 9/128
[36;22m[DEBUG] [39;1msnarkJS[0m: tauG1: fft 21 mix end: 26/128
[36;22m[DEBUG] [39;1msnarkJS[0m: tauG1: fft 21 mix end: 12/128
[36;22m[DEBUG] [39;1msnarkJS[0m: tauG1: fft 21 mix end: 33/128
[36;22m[DEBUG] [39;1msnarkJS[0m: tauG1: fft 21 mix end: 35/128
[36;22m[DEBUG] [39;1msnarkJS[0m: tauG1: fft 21 mix end: 40/128
[36;22m[DEBUG] [39;1msnarkJS[0m: tauG1: fft 21 mix end: 34/128
[36;22m[DEBUG] [39;1msnarkJS[0m: tauG1: fft 21 mix end: 36/128
[36;22m[DEBUG] [39;1msnarkJS[0m: tauG1: fft 21 mix end: 43/128
[36;22m[DEBUG] [39;1msnarkJS[0m: tauG1: fft 21 mix end: 44/128
[36;22m[DEBUG] [39;1msnarkJS[0m: tauG1: fft 21 mix end: 45/128
[36;22m[DEBUG] [39;1msnarkJS[0m: tauG1: fft 21 mix end: 32/128
[36;22m[DEBUG] [39;1msnarkJS[0m: tauG1: fft 21 mix end: 39/128
[36;22m[DEBUG] [39;1msnarkJS[0m: tauG1: fft 21 mix end: 48/128
[36;22m[DEBUG] [39;1msnarkJS[0m: tauG1: fft 21 mix end: 51/128
[36;22m[DEBUG] [39;1msnarkJS[0m: tauG1: fft 21 mix end: 54/128
[36;22m[DEBUG] [39;1msnarkJS[0m: tauG1: fft 21 mix end: 37/128
[36;22m[DEBUG] [39;1msnarkJS[0m: tauG1: fft 21 mix end: 56/128
[36;22m[DEBUG] [39;1msnarkJS[0m: tauG1: fft 21 mix end: 41/128
[36;22m[DEBUG] [39;1msnarkJS[0m: tauG1: fft 21 mix end: 38/128
[36;22m[DEBUG] [39;1msnarkJS[0m: tauG1: fft 21 mix end: 42/128
[36;22m[DEBUG] [39;1msnarkJS[0m: tauG1: fft 21 mix end: 58/128
[36;22m[DEBUG] [39;1msnarkJS[0m: tauG1: fft 21 mix end: 49/128
[36;22m[DEBUG] [39;1msnarkJS[0m: tauG1: fft 21 mix end: 46/128
[36;22m[DEBUG] [39;1msnarkJS[0m: tauG1: fft 21 mix end: 64/128
[36;22m[DEBUG] [39;1msnarkJS[0m: tauG1: fft 21 mix end: 47/128
[36;22m[DEBUG] [39;1msnarkJS[0m: tauG1: fft 21 mix end: 52/128
[36;22m[DEBUG] [39;1msnarkJS[0m: tauG1: fft 21 mix end: 59/128
[36;22m[DEBUG] [39;1msnarkJS[0m: tauG1: fft 21 mix end: 55/128
[36;22m[DEBUG] [39;1msnarkJS[0m: tauG1: fft 21 mix end: 50/128
[36;22m[DEBUG] [39;1msnarkJS[0m: tauG1: fft 21 mix end: 61/128
[36;22m[DEBUG] [39;1msnarkJS[0m: tauG1: fft 21 mix end: 53/128
[36;22m[DEBUG] [39;1msnarkJS[0m: tauG1: fft 21 mix end: 65/128
[36;22m[DEBUG] [39;1msnarkJS[0m: tauG1: fft 21 mix end: 57/128
[36;22m[DEBUG] [39;1msnarkJS[0m: tauG1: fft 21 mix end: 62/128
[36;22m[DEBUG] [39;1msnarkJS[0m: tauG1: fft 21 mix end: 60/128
[36;22m[DEBUG] [39;1msnarkJS[0m: tauG1: fft 21 mix end: 63/128
[36;22m[DEBUG] [39;1msnarkJS[0m: tauG1: fft 21 mix end: 71/128
[36;22m[DEBUG] [39;1msnarkJS[0m: tauG1: fft 21 mix end: 70/128
[36;22m[DEBUG] [39;1msnarkJS[0m: tauG1: fft 21 mix end: 73/128
[36;22m[DEBUG] [39;1msnarkJS[0m: tauG1: fft 21 mix end: 66/128
[36;22m[DEBUG] [39;1msnarkJS[0m: tauG1: fft 21 mix end: 69/128
[36;22m[DEBUG] [39;1msnarkJS[0m: tauG1: fft 21 mix end: 74/128
[36;22m[DEBUG] [39;1msnarkJS[0m: tauG1: fft 21 mix end: 76/128
[36;22m[DEBUG] [39;1msnarkJS[0m: tauG1: fft 21 mix end: 75/128
[36;22m[DEBUG] [39;1msnarkJS[0m: tauG1: fft 21 mix end: 78/128
[36;22m[DEBUG] [39;1msnarkJS[0m: tauG1: fft 21 mix end: 68/128
[36;22m[DEBUG] [39;1msnarkJS[0m: tauG1: fft 21 mix end: 67/128
[36;22m[DEBUG] [39;1msnarkJS[0m: tauG1: fft 21 mix end: 72/128
[36;22m[DEBUG] [39;1msnarkJS[0m: tauG1: fft 21 mix end: 84/128
[36;22m[DEBUG] [39;1msnarkJS[0m: tauG1: fft 21 mix end: 85/128
[36;22m[DEBUG] [39;1msnarkJS[0m: tauG1: fft 21 mix end: 77/128
[36;22m[DEBUG] [39;1msnarkJS[0m: tauG1: fft 21 mix end: 82/128
[36;22m[DEBUG] [39;1msnarkJS[0m: tauG1: fft 21 mix end: 83/128
[36;22m[DEBUG] [39;1msnarkJS[0m: tauG1: fft 21 mix end: 79/128
[36;22m[DEBUG] [39;1msnarkJS[0m: tauG1: fft 21 mix end: 98/128
[36;22m[DEBUG] [39;1msnarkJS[0m: tauG1: fft 21 mix end: 90/128
[36;22m[DEBUG] [39;1msnarkJS[0m: tauG1: fft 21 mix end: 80/128
[36;22m[DEBUG] [39;1msnarkJS[0m: tauG1: fft 21 mix end: 87/128
[36;22m[DEBUG] [39;1msnarkJS[0m: tauG1: fft 21 mix end: 99/128
[36;22m[DEBUG] [39;1msnarkJS[0m: tauG1: fft 21 mix end: 81/128
[36;22m[DEBUG] [39;1msnarkJS[0m: tauG1: fft 21 mix end: 100/128
[36;22m[DEBUG] [39;1msnarkJS[0m: tauG1: fft 21 mix end: 94/128
[36;22m[DEBUG] [39;1msnarkJS[0m: tauG1: fft 21 mix end: 93/128
[36;22m[DEBUG] [39;1msnarkJS[0m: tauG1: fft 21 mix end: 86/128
[36;22m[DEBUG] [39;1msnarkJS[0m: tauG1: fft 21 mix end: 103/128
[36;22m[DEBUG] [39;1msnarkJS[0m: tauG1: fft 21 mix end: 88/128
[36;22m[DEBUG] [39;1msnarkJS[0m: tauG1: fft 21 mix end: 92/128
[36;22m[DEBUG] [39;1msnarkJS[0m: tauG1: fft 21 mix end: 91/128
[36;22m[DEBUG] [39;1msnarkJS[0m: tauG1: fft 21 mix end: 89/128
[36;22m[DEBUG] [39;1msnarkJS[0m: tauG1: fft 21 mix end: 104/128
[36;22m[DEBUG] [39;1msnarkJS[0m: tauG1: fft 21 mix end: 105/128
[36;22m[DEBUG] [39;1msnarkJS[0m: tauG1: fft 21 mix end: 96/128
[36;22m[DEBUG] [39;1msnarkJS[0m: tauG1: fft 21 mix end: 97/128
[36;22m[DEBUG] [39;1msnarkJS[0m: tauG1: fft 21 mix end: 95/128
[36;22m[DEBUG] [39;1msnarkJS[0m: tauG1: fft 21 mix end: 101/128
[36;22m[DEBUG] [39;1msnarkJS[0m: tauG1: fft 21 mix end: 106/128
[36;22m[DEBUG] [39;1msnarkJS[0m: tauG1: fft 21 mix end: 111/128
[36;22m[DEBUG] [39;1msnarkJS[0m: tauG1: fft 21 mix end: 102/128
[36;22m[DEBUG] [39;1msnarkJS[0m: tauG1: fft 21 mix end: 110/128
[36;22m[DEBUG] [39;1msnarkJS[0m: tauG1: fft 21 mix end: 109/128
[36;22m[DEBUG] [39;1msnarkJS[0m: tauG1: fft 21 mix end: 108/128
[36;22m[DEBUG] [39;1msnarkJS[0m: tauG1: fft 21 mix end: 107/128
[36;22m[DEBUG] [39;1msnarkJS[0m: tauG1: fft 21 mix end: 112/128
[36;22m[DEBUG] [39;1msnarkJS[0m: tauG1: fft 21 mix end: 116/128
[36;22m[DEBUG] [39;1msnarkJS[0m: tauG1: fft 21 mix end: 113/128
[36;22m[DEBUG] [39;1msnarkJS[0m: tauG1: fft 21 mix end: 119/128
[36;22m[DEBUG] [39;1msnarkJS[0m: tauG1: fft 21 mix end: 122/128
[36;22m[DEBUG] [39;1msnarkJS[0m: tauG1: fft 21 mix end: 120/128
[36;22m[DEBUG] [39;1msnarkJS[0m: tauG1: fft 21 mix end: 114/128
[36;22m[DEBUG] [39;1msnarkJS[0m: tauG1: fft 21 mix end: 123/128
[36;22m[DEBUG] [39;1msnarkJS[0m: tauG1: fft 21 mix end: 115/128
[36;22m[DEBUG] [39;1msnarkJS[0m: tauG1: fft 21 mix end: 118/128
[36;22m[DEBUG] [39;1msnarkJS[0m: tauG1: fft 21 mix end: 117/128
[36;22m[DEBUG] [39;1msnarkJS[0m: tauG1: fft 21 mix end: 121/128
[36;22m[DEBUG] [39;1msnarkJS[0m: tauG1: fft 21 mix end: 126/128
[36;22m[DEBUG] [39;1msnarkJS[0m: tauG1: fft 21 mix end: 125/128
[36;22m[DEBUG] [39;1msnarkJS[0m: tauG1: fft 21 mix end: 124/128
[36;22m[DEBUG] [39;1msnarkJS[0m: tauG1: fft 21 mix end: 127/128
[36;22m[DEBUG] [39;1msnarkJS[0m: tauG1: fft  21  join: 15/21
[36;22m[DEBUG] [39;1msnarkJS[0m: tauG1: fft 21 join  15/21  7/64 0/1
[36;22m[DEBUG] [39;1msnarkJS[0m: tauG1: fft 21 join  15/21  14/64 0/1
[36;22m[DEBUG] [39;1msnarkJS[0m: tauG1: fft 21 join  15/21  18/64 0/1
[36;22m[DEBUG] [39;1msnarkJS[0m: tauG1: fft 21 join  15/21  5/64 0/1
[36;22m[DEBUG] [39;1msnarkJS[0m: tauG1: fft 21 join  15/21  2/64 0/1
[36;22m[DEBUG] [39;1msnarkJS[0m: tauG1: fft 21 join  15/21  20/64 0/1
[36;22m[DEBUG] [39;1msnarkJS[0m: tauG1: fft 21 join  15/21  19/64 0/1
[36;22m[DEBUG] [39;1msnarkJS[0m: tauG1: fft 21 join  15/21  30/64 0/1
[36;22m[DEBUG] [39;1msnarkJS[0m: tauG1: fft 21 join  15/21  32/64 0/1
[36;22m[DEBUG] [39;1msnarkJS[0m: tauG1: fft 21 join  15/21  22/64 0/1
[36;22m[DEBUG] [39;1msnarkJS[0m: tauG1: fft 21 join  15/21  16/64 0/1
[36;22m[DEBUG] [39;1msnarkJS[0m: tauG1: fft 21 join  15/21  8/64 0/1
[36;22m[DEBUG] [39;1msnarkJS[0m: tauG1: fft 21 join  15/21  17/64 0/1
[36;22m[DEBUG] [39;1msnarkJS[0m: tauG1: fft 21 join  15/21  24/64 0/1
[36;22m[DEBUG] [39;1msnarkJS[0m: tauG1: fft 21 join  15/21  25/64 0/1
[36;22m[DEBUG] [39;1msnarkJS[0m: tauG1: fft 21 join  15/21  29/64 0/1
[36;22m[DEBUG] [39;1msnarkJS[0m: tauG1: fft 21 join  15/21  27/64 0/1
[36;22m[DEBUG] [39;1msnarkJS[0m: tauG1: fft 21 join  15/21  1/64 0/1
[36;22m[DEBUG] [39;1msnarkJS[0m: tauG1: fft 21 join  15/21  26/64 0/1
[36;22m[DEBUG] [39;1msnarkJS[0m: tauG1: fft 21 join  15/21  28/64 0/1
[36;22m[DEBUG] [39;1msnarkJS[0m: tauG1: fft 21 join  15/21  11/64 0/1
[36;22m[DEBUG] [39;1msnarkJS[0m: tauG1: fft 21 join  15/21  3/64 0/1
[36;22m[DEBUG] [39;1msnarkJS[0m: tauG1: fft 21 join  15/21  10/64 0/1
[36;22m[DEBUG] [39;1msnarkJS[0m: tauG1: fft 21 join  15/21  4/64 0/1
[36;22m[DEBUG] [39;1msnarkJS[0m: tauG1: fft 21 join  15/21  9/64 0/1
[36;22m[DEBUG] [39;1msnarkJS[0m: tauG1: fft 21 join  15/21  15/64 0/1
[36;22m[DEBUG] [39;1msnarkJS[0m: tauG1: fft 21 join  15/21  13/64 0/1
[36;22m[DEBUG] [39;1msnarkJS[0m: tauG1: fft 21 join  15/21  23/64 0/1
[36;22m[DEBUG] [39;1msnarkJS[0m: tauG1: fft 21 join  15/21  31/64 0/1
[36;22m[DEBUG] [39;1msnarkJS[0m: tauG1: fft 21 join  15/21  21/64 0/1
[36;22m[DEBUG] [39;1msnarkJS[0m: tauG1: fft 21 join  15/21  12/64 0/1
[36;22m[DEBUG] [39;1msnarkJS[0m: tauG1: fft 21 join  15/21  6/64 0/1
[36;22m[DEBUG] [39;1msnarkJS[0m: tauG1: fft 21 join  15/21  33/64 0/1
[36;22m[DEBUG] [39;1msnarkJS[0m: tauG1: fft 21 join  15/21  36/64 0/1
[36;22m[DEBUG] [39;1msnarkJS[0m: tauG1: fft 21 join  15/21  37/64 0/1
[36;22m[DEBUG] [39;1msnarkJS[0m: tauG1: fft 21 join  15/21  35/64 0/1
[36;22m[DEBUG] [39;1msnarkJS[0m: tauG1: fft 21 join  15/21  38/64 0/1
[36;22m[DEBUG] [39;1msnarkJS[0m: tauG1: fft 21 join  15/21  40/64 0/1
[36;22m[DEBUG] [39;1msnarkJS[0m: tauG1: fft 21 join  15/21  39/64 0/1
[36;22m[DEBUG] [39;1msnarkJS[0m: tauG1: fft 21 join  15/21  41/64 0/1
[36;22m[DEBUG] [39;1msnarkJS[0m: tauG1: fft 21 join  15/21  44/64 0/1
[36;22m[DEBUG] [39;1msnarkJS[0m: tauG1: fft 21 join  15/21  34/64 0/1
[36;22m[DEBUG] [39;1msnarkJS[0m: tauG1: fft 21 join  15/21  42/64 0/1
[36;22m[DEBUG] [39;1msnarkJS[0m: tauG1: fft 21 join  15/21  43/64 0/1
[36;22m[DEBUG] [39;1msnarkJS[0m: tauG1: fft 21 join  15/21  46/64 0/1
[36;22m[DEBUG] [39;1msnarkJS[0m: tauG1: fft 21 join  15/21  47/64 0/1
[36;22m[DEBUG] [39;1msnarkJS[0m: tauG1: fft 21 join  15/21  48/64 0/1
[36;22m[DEBUG] [39;1msnarkJS[0m: tauG1: fft 21 join  15/21  50/64 0/1
[36;22m[DEBUG] [39;1msnarkJS[0m: tauG1: fft 21 join  15/21  52/64 0/1
[36;22m[DEBUG] [39;1msnarkJS[0m: tauG1: fft 21 join  15/21  45/64 0/1
[36;22m[DEBUG] [39;1msnarkJS[0m: tauG1: fft 21 join  15/21  49/64 0/1
[36;22m[DEBUG] [39;1msnarkJS[0m: tauG1: fft 21 join  15/21  54/64 0/1
[36;22m[DEBUG] [39;1msnarkJS[0m: tauG1: fft 21 join  15/21  58/64 0/1
[36;22m[DEBUG] [39;1msnarkJS[0m: tauG1: fft 21 join  15/21  55/64 0/1
[36;22m[DEBUG] [39;1msnarkJS[0m: tauG1: fft 21 join  15/21  62/64 0/1
[36;22m[DEBUG] [39;1msnarkJS[0m: tauG1: fft 21 join  15/21  60/64 0/1
[36;22m[DEBUG] [39;1msnarkJS[0m: tauG1: fft 21 join  15/21  64/64 0/1
[36;22m[DEBUG] [39;1msnarkJS[0m: tauG1: fft 21 join  15/21  63/64 0/1
[36;22m[DEBUG] [39;1msnarkJS[0m: tauG1: fft 21 join  15/21  57/64 0/1
[36;22m[DEBUG] [39;1msnarkJS[0m: tauG1: fft 21 join  15/21  61/64 0/1
[36;22m[DEBUG] [39;1msnarkJS[0m: tauG1: fft 21 join  15/21  51/64 0/1
[36;22m[DEBUG] [39;1msnarkJS[0m: tauG1: fft 21 join  15/21  56/64 0/1
[36;22m[DEBUG] [39;1msnarkJS[0m: tauG1: fft 21 join  15/21  59/64 0/1
[36;22m[DEBUG] [39;1msnarkJS[0m: tauG1: fft 21 join  15/21  53/64 0/1
[36;22m[DEBUG] [39;1msnarkJS[0m: tauG1: fft  21  join: 16/21
[36;22m[DEBUG] [39;1msnarkJS[0m: tauG1: fft 21 join  16/21  2/32 1/2
[36;22m[DEBUG] [39;1msnarkJS[0m: tauG1: fft 21 join  16/21  7/32 0/2
[36;22m[DEBUG] [39;1msnarkJS[0m: tauG1: fft 21 join  16/21  9/32 1/2
[36;22m[DEBUG] [39;1msnarkJS[0m: tauG1: fft 21 join  16/21  10/32 1/2
[36;22m[DEBUG] [39;1msnarkJS[0m: tauG1: fft 21 join  16/21  10/32 0/2
[36;22m[DEBUG] [39;1msnarkJS[0m: tauG1: fft 21 join  16/21  1/32 1/2
[36;22m[DEBUG] [39;1msnarkJS[0m: tauG1: fft 21 join  16/21  12/32 1/2
[36;22m[DEBUG] [39;1msnarkJS[0m: tauG1: fft 21 join  16/21  9/32 0/2
[36;22m[DEBUG] [39;1msnarkJS[0m: tauG1: fft 21 join  16/21  12/32 0/2
[36;22m[DEBUG] [39;1msnarkJS[0m: tauG1: fft 21 join  16/21  15/32 1/2
[36;22m[DEBUG] [39;1msnarkJS[0m: tauG1: fft 21 join  16/21  16/32 0/2
[36;22m[DEBUG] [39;1msnarkJS[0m: tauG1: fft 21 join  16/21  6/32 0/2
[36;22m[DEBUG] [39;1msnarkJS[0m: tauG1: fft 21 join  16/21  4/32 0/2
[36;22m[DEBUG] [39;1msnarkJS[0m: tauG1: fft 21 join  16/21  16/32 1/2
[36;22m[DEBUG] [39;1msnarkJS[0m: tauG1: fft 21 join  16/21  3/32 0/2
[36;22m[DEBUG] [39;1msnarkJS[0m: tauG1: fft 21 join  16/21  1/32 0/2
[36;22m[DEBUG] [39;1msnarkJS[0m: tauG1: fft 21 join  16/21  6/32 1/2
[36;22m[DEBUG] [39;1msnarkJS[0m: tauG1: fft 21 join  16/21  8/32 1/2
[36;22m[DEBUG] [39;1msnarkJS[0m: tauG1: fft 21 join  16/21  4/32 1/2
[36;22m[DEBUG] [39;1msnarkJS[0m: tauG1: fft 21 join  16/21  11/32 0/2
[36;22m[DEBUG] [39;1msnarkJS[0m: tauG1: fft 21 join  16/21  13/32 0/2
[36;22m[DEBUG] [39;1msnarkJS[0m: tauG1: fft 21 join  16/21  7/32 1/2
[36;22m[DEBUG] [39;1msnarkJS[0m: tauG1: fft 21 join  16/21  8/32 0/2
[36;22m[DEBUG] [39;1msnarkJS[0m: tauG1: fft 21 join  16/21  15/32 0/2
[36;22m[DEBUG] [39;1msnarkJS[0m: tauG1: fft 21 join  16/21  5/32 0/2
[36;22m[DEBUG] [39;1msnarkJS[0m: tauG1: fft 21 join  16/21  5/32 1/2
[36;22m[DEBUG] [39;1msnarkJS[0m: tauG1: fft 21 join  16/21  2/32 0/2
[36;22m[DEBUG] [39;1msnarkJS[0m: tauG1: fft 21 join  16/21  11/32 1/2
[36;22m[DEBUG] [39;1msnarkJS[0m: tauG1: fft 21 join  16/21  13/32 1/2
[36;22m[DEBUG] [39;1msnarkJS[0m: tauG1: fft 21 join  16/21  14/32 1/2
[36;22m[DEBUG] [39;1msnarkJS[0m: tauG1: fft 21 join  16/21  3/32 1/2
[36;22m[DEBUG] [39;1msnarkJS[0m: tauG1: fft 21 join  16/21  14/32 0/2
[36;22m[DEBUG] [39;1msnarkJS[0m: tauG1: fft 21 join  16/21  18/32 0/2
[36;22m[DEBUG] [39;1msnarkJS[0m: tauG1: fft 21 join  16/21  19/32 0/2
[36;22m[DEBUG] [39;1msnarkJS[0m: tauG1: fft 21 join  16/21  18/32 1/2
[36;22m[DEBUG] [39;1msnarkJS[0m: tauG1: fft 21 join  16/21  17/32 1/2
[36;22m[DEBUG] [39;1msnarkJS[0m: tauG1: fft 21 join  16/21  22/32 0/2
[36;22m[DEBUG] [39;1msnarkJS[0m: tauG1: fft 21 join  16/21  21/32 1/2
[36;22m[DEBUG] [39;1msnarkJS[0m: tauG1: fft 21 join  16/21  20/32 0/2
[36;22m[DEBUG] [39;1msnarkJS[0m: tauG1: fft 21 join  16/21  24/32 0/2
[36;22m[DEBUG] [39;1msnarkJS[0m: tauG1: fft 21 join  16/21  20/32 1/2
[36;22m[DEBUG] [39;1msnarkJS[0m: tauG1: fft 21 join  16/21  24/32 1/2
[36;22m[DEBUG] [39;1msnarkJS[0m: tauG1: fft 21 join  16/21  17/32 0/2
[36;22m[DEBUG] [39;1msnarkJS[0m: tauG1: fft 21 join  16/21  23/32 0/2
[36;22m[DEBUG] [39;1msnarkJS[0m: tauG1: fft 21 join  16/21  19/32 1/2
[36;22m[DEBUG] [39;1msnarkJS[0m: tauG1: fft 21 join  16/21  25/32 1/2
[36;22m[DEBUG] [39;1msnarkJS[0m: tauG1: fft 21 join  16/21  26/32 1/2
[36;22m[DEBUG] [39;1msnarkJS[0m: tauG1: fft 21 join  16/21  21/32 0/2
[36;22m[DEBUG] [39;1msnarkJS[0m: tauG1: fft 21 join  16/21  27/32 0/2
[36;22m[DEBUG] [39;1msnarkJS[0m: tauG1: fft 21 join  16/21  25/32 0/2
[36;22m[DEBUG] [39;1msnarkJS[0m: tauG1: fft 21 join  16/21  32/32 0/2
[36;22m[DEBUG] [39;1msnarkJS[0m: tauG1: fft 21 join  16/21  23/32 1/2
[36;22m[DEBUG] [39;1msnarkJS[0m: tauG1: fft 21 join  16/21  28/32 0/2
[36;22m[DEBUG] [39;1msnarkJS[0m: tauG1: fft 21 join  16/21  22/32 1/2
[36;22m[DEBUG] [39;1msnarkJS[0m: tauG1: fft 21 join  16/21  30/32 0/2
[36;22m[DEBUG] [39;1msnarkJS[0m: tauG1: fft 21 join  16/21  32/32 1/2
[36;22m[DEBUG] [39;1msnarkJS[0m: tauG1: fft 21 join  16/21  26/32 0/2
[36;22m[DEBUG] [39;1msnarkJS[0m: tauG1: fft 21 join  16/21  27/32 1/2
[36;22m[DEBUG] [39;1msnarkJS[0m: tauG1: fft 21 join  16/21  28/32 1/2
[36;22m[DEBUG] [39;1msnarkJS[0m: tauG1: fft 21 join  16/21  31/32 1/2
[36;22m[DEBUG] [39;1msnarkJS[0m: tauG1: fft 21 join  16/21  29/32 1/2
[36;22m[DEBUG] [39;1msnarkJS[0m: tauG1: fft 21 join  16/21  30/32 1/2
[36;22m[DEBUG] [39;1msnarkJS[0m: tauG1: fft 21 join  16/21  29/32 0/2
[36;22m[DEBUG] [39;1msnarkJS[0m: tauG1: fft 21 join  16/21  31/32 0/2
[36;22m[DEBUG] [39;1msnarkJS[0m: tauG1: fft  21  join: 17/21
[36;22m[DEBUG] [39;1msnarkJS[0m: tauG1: fft 21 join  17/21  1/16 1/4
[36;22m[DEBUG] [39;1msnarkJS[0m: tauG1: fft 21 join  17/21  6/16 0/4
[36;22m[DEBUG] [39;1msnarkJS[0m: tauG1: fft 21 join  17/21  3/16 3/4
[36;22m[DEBUG] [39;1msnarkJS[0m: tauG1: fft 21 join  17/21  4/16 3/4
[36;22m[DEBUG] [39;1msnarkJS[0m: tauG1: fft 21 join  17/21  4/16 0/4
[36;22m[DEBUG] [39;1msnarkJS[0m: tauG1: fft 21 join  17/21  7/16 2/4
[36;22m[DEBUG] [39;1msnarkJS[0m: tauG1: fft 21 join  17/21  2/16 0/4
[36;22m[DEBUG] [39;1msnarkJS[0m: tauG1: fft 21 join  17/21  2/16 1/4
[36;22m[DEBUG] [39;1msnarkJS[0m: tauG1: fft 21 join  17/21  3/16 0/4
[36;22m[DEBUG] [39;1msnarkJS[0m: tauG1: fft 21 join  17/21  6/16 2/4
[36;22m[DEBUG] [39;1msnarkJS[0m: tauG1: fft 21 join  17/21  3/16 1/4
[36;22m[DEBUG] [39;1msnarkJS[0m: tauG1: fft 21 join  17/21  5/16 0/4
[36;22m[DEBUG] [39;1msnarkJS[0m: tauG1: fft 21 join  17/21  5/16 2/4
[36;22m[DEBUG] [39;1msnarkJS[0m: tauG1: fft 21 join  17/21  2/16 2/4
[36;22m[DEBUG] [39;1msnarkJS[0m: tauG1: fft 21 join  17/21  7/16 3/4
[36;22m[DEBUG] [39;1msnarkJS[0m: tauG1: fft 21 join  17/21  6/16 1/4
[36;22m[DEBUG] [39;1msnarkJS[0m: tauG1: fft 21 join  17/21  4/16 2/4
[36;22m[DEBUG] [39;1msnarkJS[0m: tauG1: fft 21 join  17/21  7/16 0/4
[36;22m[DEBUG] [39;1msnarkJS[0m: tauG1: fft 21 join  17/21  7/16 1/4
[36;22m[DEBUG] [39;1msnarkJS[0m: tauG1: fft 21 join  17/21  1/16 2/4
[36;22m[DEBUG] [39;1msnarkJS[0m: tauG1: fft 21 join  17/21  2/16 3/4
[36;22m[DEBUG] [39;1msnarkJS[0m: tauG1: fft 21 join  17/21  1/16 3/4
[36;22m[DEBUG] [39;1msnarkJS[0m: tauG1: fft 21 join  17/21  4/16 1/4
[36;22m[DEBUG] [39;1msnarkJS[0m: tauG1: fft 21 join  17/21  5/16 3/4
[36;22m[DEBUG] [39;1msnarkJS[0m: tauG1: fft 21 join  17/21  8/16 1/4
[36;22m[DEBUG] [39;1msnarkJS[0m: tauG1: fft 21 join  17/21  1/16 0/4
[36;22m[DEBUG] [39;1msnarkJS[0m: tauG1: fft 21 join  17/21  8/16 2/4
[36;22m[DEBUG] [39;1msnarkJS[0m: tauG1: fft 21 join  17/21  8/16 3/4
[36;22m[DEBUG] [39;1msnarkJS[0m: tauG1: fft 21 join  17/21  3/16 2/4
[36;22m[DEBUG] [39;1msnarkJS[0m: tauG1: fft 21 join  17/21  6/16 3/4
[36;22m[DEBUG] [39;1msnarkJS[0m: tauG1: fft 21 join  17/21  5/16 1/4
[36;22m[DEBUG] [39;1msnarkJS[0m: tauG1: fft 21 join  17/21  8/16 0/4
[36;22m[DEBUG] [39;1msnarkJS[0m: tauG1: fft 21 join  17/21  9/16 0/4
[36;22m[DEBUG] [39;1msnarkJS[0m: tauG1: fft 21 join  17/21  9/16 2/4
[36;22m[DEBUG] [39;1msnarkJS[0m: tauG1: fft 21 join  17/21  9/16 3/4
[36;22m[DEBUG] [39;1msnarkJS[0m: tauG1: fft 21 join  17/21  10/16 0/4
[36;22m[DEBUG] [39;1msnarkJS[0m: tauG1: fft 21 join  17/21  10/16 1/4
[36;22m[DEBUG] [39;1msnarkJS[0m: tauG1: fft 21 join  17/21  11/16 1/4
[36;22m[DEBUG] [39;1msnarkJS[0m: tauG1: fft 21 join  17/21  11/16 2/4
[36;22m[DEBUG] [39;1msnarkJS[0m: tauG1: fft 21 join  17/21  9/16 1/4
[36;22m[DEBUG] [39;1msnarkJS[0m: tauG1: fft 21 join  17/21  10/16 3/4
[36;22m[DEBUG] [39;1msnarkJS[0m: tauG1: fft 21 join  17/21  12/16 0/4
[36;22m[DEBUG] [39;1msnarkJS[0m: tauG1: fft 21 join  17/21  12/16 3/4
[36;22m[DEBUG] [39;1msnarkJS[0m: tauG1: fft 21 join  17/21  12/16 1/4
[36;22m[DEBUG] [39;1msnarkJS[0m: tauG1: fft 21 join  17/21  11/16 0/4
[36;22m[DEBUG] [39;1msnarkJS[0m: tauG1: fft 21 join  17/21  10/16 2/4
[36;22m[DEBUG] [39;1msnarkJS[0m: tauG1: fft 21 join  17/21  11/16 3/4
[36;22m[DEBUG] [39;1msnarkJS[0m: tauG1: fft 21 join  17/21  15/16 1/4
[36;22m[DEBUG] [39;1msnarkJS[0m: tauG1: fft 21 join  17/21  13/16 0/4
[36;22m[DEBUG] [39;1msnarkJS[0m: tauG1: fft 21 join  17/21  12/16 2/4
[36;22m[DEBUG] [39;1msnarkJS[0m: tauG1: fft 21 join  17/21  14/16 0/4
[36;22m[DEBUG] [39;1msnarkJS[0m: tauG1: fft 21 join  17/21  13/16 2/4
[36;22m[DEBUG] [39;1msnarkJS[0m: tauG1: fft 21 join  17/21  13/16 3/4
[36;22m[DEBUG] [39;1msnarkJS[0m: tauG1: fft 21 join  17/21  14/16 1/4
[36;22m[DEBUG] [39;1msnarkJS[0m: tauG1: fft 21 join  17/21  15/16 2/4
[36;22m[DEBUG] [39;1msnarkJS[0m: tauG1: fft 21 join  17/21  16/16 3/4
[36;22m[DEBUG] [39;1msnarkJS[0m: tauG1: fft 21 join  17/21  14/16 2/4
[36;22m[DEBUG] [39;1msnarkJS[0m: tauG1: fft 21 join  17/21  15/16 0/4
[36;22m[DEBUG] [39;1msnarkJS[0m: tauG1: fft 21 join  17/21  13/16 1/4
[36;22m[DEBUG] [39;1msnarkJS[0m: tauG1: fft 21 join  17/21  16/16 0/4
[36;22m[DEBUG] [39;1msnarkJS[0m: tauG1: fft 21 join  17/21  15/16 3/4
[36;22m[DEBUG] [39;1msnarkJS[0m: tauG1: fft 21 join  17/21  16/16 2/4
[36;22m[DEBUG] [39;1msnarkJS[0m: tauG1: fft 21 join  17/21  14/16 3/4
[36;22m[DEBUG] [39;1msnarkJS[0m: tauG1: fft 21 join  17/21  16/16 1/4
[36;22m[DEBUG] [39;1msnarkJS[0m: tauG1: fft  21  join: 18/21
[36;22m[DEBUG] [39;1msnarkJS[0m: tauG1: fft 21 join  18/21  1/8 3/8
[36;22m[DEBUG] [39;1msnarkJS[0m: tauG1: fft 21 join  18/21  1/8 6/8
[36;22m[DEBUG] [39;1msnarkJS[0m: tauG1: fft 21 join  18/21  1/8 5/8
[36;22m[DEBUG] [39;1msnarkJS[0m: tauG1: fft 21 join  18/21  2/8 3/8
[36;22m[DEBUG] [39;1msnarkJS[0m: tauG1: fft 21 join  18/21  3/8 5/8
[36;22m[DEBUG] [39;1msnarkJS[0m: tauG1: fft 21 join  18/21  1/8 1/8
[36;22m[DEBUG] [39;1msnarkJS[0m: tauG1: fft 21 join  18/21  2/8 5/8
[36;22m[DEBUG] [39;1msnarkJS[0m: tauG1: fft 21 join  18/21  4/8 5/8
[36;22m[DEBUG] [39;1msnarkJS[0m: tauG1: fft 21 join  18/21  3/8 1/8
[36;22m[DEBUG] [39;1msnarkJS[0m: tauG1: fft 21 join  18/21  3/8 6/8
[36;22m[DEBUG] [39;1msnarkJS[0m: tauG1: fft 21 join  18/21  2/8 4/8
[36;22m[DEBUG] [39;1msnarkJS[0m: tauG1: fft 21 join  18/21  3/8 4/8
[36;22m[DEBUG] [39;1msnarkJS[0m: tauG1: fft 21 join  18/21  3/8 0/8
[36;22m[DEBUG] [39;1msnarkJS[0m: tauG1: fft 21 join  18/21  1/8 0/8
[36;22m[DEBUG] [39;1msnarkJS[0m: tauG1: fft 21 join  18/21  1/8 4/8
[36;22m[DEBUG] [39;1msnarkJS[0m: tauG1: fft 21 join  18/21  1/8 2/8
[36;22m[DEBUG] [39;1msnarkJS[0m: tauG1: fft 21 join  18/21  4/8 1/8
[36;22m[DEBUG] [39;1msnarkJS[0m: tauG1: fft 21 join  18/21  4/8 6/8
[36;22m[DEBUG] [39;1msnarkJS[0m: tauG1: fft 21 join  18/21  4/8 2/8
[36;22m[DEBUG] [39;1msnarkJS[0m: tauG1: fft 21 join  18/21  4/8 4/8
[36;22m[DEBUG] [39;1msnarkJS[0m: tauG1: fft 21 join  18/21  1/8 7/8
[36;22m[DEBUG] [39;1msnarkJS[0m: tauG1: fft 21 join  18/21  2/8 0/8
[36;22m[DEBUG] [39;1msnarkJS[0m: tauG1: fft 21 join  18/21  2/8 1/8
[36;22m[DEBUG] [39;1msnarkJS[0m: tauG1: fft 21 join  18/21  2/8 6/8
[36;22m[DEBUG] [39;1msnarkJS[0m: tauG1: fft 21 join  18/21  3/8 3/8
[36;22m[DEBUG] [39;1msnarkJS[0m: tauG1: fft 21 join  18/21  3/8 7/8
[36;22m[DEBUG] [39;1msnarkJS[0m: tauG1: fft 21 join  18/21  4/8 3/8
[36;22m[DEBUG] [39;1msnarkJS[0m: tauG1: fft 21 join  18/21  4/8 7/8
[36;22m[DEBUG] [39;1msnarkJS[0m: tauG1: fft 21 join  18/21  2/8 2/8
[36;22m[DEBUG] [39;1msnarkJS[0m: tauG1: fft 21 join  18/21  4/8 0/8
[36;22m[DEBUG] [39;1msnarkJS[0m: tauG1: fft 21 join  18/21  2/8 7/8
[36;22m[DEBUG] [39;1msnarkJS[0m: tauG1: fft 21 join  18/21  3/8 2/8
[36;22m[DEBUG] [39;1msnarkJS[0m: tauG1: fft 21 join  18/21  5/8 1/8
[36;22m[DEBUG] [39;1msnarkJS[0m: tauG1: fft 21 join  18/21  5/8 0/8
[36;22m[DEBUG] [39;1msnarkJS[0m: tauG1: fft 21 join  18/21  5/8 2/8
[36;22m[DEBUG] [39;1msnarkJS[0m: tauG1: fft 21 join  18/21  5/8 3/8
[36;22m[DEBUG] [39;1msnarkJS[0m: tauG1: fft 21 join  18/21  5/8 6/8
[36;22m[DEBUG] [39;1msnarkJS[0m: tauG1: fft 21 join  18/21  6/8 2/8
[36;22m[DEBUG] [39;1msnarkJS[0m: tauG1: fft 21 join  18/21  5/8 4/8
[36;22m[DEBUG] [39;1msnarkJS[0m: tauG1: fft 21 join  18/21  6/8 3/8
[36;22m[DEBUG] [39;1msnarkJS[0m: tauG1: fft 21 join  18/21  5/8 5/8
[36;22m[DEBUG] [39;1msnarkJS[0m: tauG1: fft 21 join  18/21  6/8 1/8
[36;22m[DEBUG] [39;1msnarkJS[0m: tauG1: fft 21 join  18/21  6/8 5/8
[36;22m[DEBUG] [39;1msnarkJS[0m: tauG1: fft 21 join  18/21  6/8 4/8
[36;22m[DEBUG] [39;1msnarkJS[0m: tauG1: fft 21 join  18/21  6/8 0/8
[36;22m[DEBUG] [39;1msnarkJS[0m: tauG1: fft 21 join  18/21  5/8 7/8
[36;22m[DEBUG] [39;1msnarkJS[0m: tauG1: fft 21 join  18/21  6/8 6/8
[36;22m[DEBUG] [39;1msnarkJS[0m: tauG1: fft 21 join  18/21  7/8 0/8
[36;22m[DEBUG] [39;1msnarkJS[0m: tauG1: fft 21 join  18/21  8/8 2/8
[36;22m[DEBUG] [39;1msnarkJS[0m: tauG1: fft 21 join  18/21  6/8 7/8
[36;22m[DEBUG] [39;1msnarkJS[0m: tauG1: fft 21 join  18/21  8/8 5/8
[36;22m[DEBUG] [39;1msnarkJS[0m: tauG1: fft 21 join  18/21  7/8 7/8
[36;22m[DEBUG] [39;1msnarkJS[0m: tauG1: fft 21 join  18/21  7/8 2/8
[36;22m[DEBUG] [39;1msnarkJS[0m: tauG1: fft 21 join  18/21  8/8 7/8
[36;22m[DEBUG] [39;1msnarkJS[0m: tauG1: fft 21 join  18/21  8/8 6/8
[36;22m[DEBUG] [39;1msnarkJS[0m: tauG1: fft 21 join  18/21  7/8 5/8
[36;22m[DEBUG] [39;1msnarkJS[0m: tauG1: fft 21 join  18/21  8/8 1/8
[36;22m[DEBUG] [39;1msnarkJS[0m: tauG1: fft 21 join  18/21  8/8 0/8
[36;22m[DEBUG] [39;1msnarkJS[0m: tauG1: fft 21 join  18/21  8/8 4/8
[36;22m[DEBUG] [39;1msnarkJS[0m: tauG1: fft 21 join  18/21  7/8 4/8
[36;22m[DEBUG] [39;1msnarkJS[0m: tauG1: fft 21 join  18/21  7/8 1/8
[36;22m[DEBUG] [39;1msnarkJS[0m: tauG1: fft 21 join  18/21  7/8 3/8
[36;22m[DEBUG] [39;1msnarkJS[0m: tauG1: fft 21 join  18/21  7/8 6/8
[36;22m[DEBUG] [39;1msnarkJS[0m: tauG1: fft 21 join  18/21  8/8 3/8
[36;22m[DEBUG] [39;1msnarkJS[0m: tauG1: fft  21  join: 19/21
[36;22m[DEBUG] [39;1msnarkJS[0m: tauG1: fft 21 join  19/21  1/4 12/16
[36;22m[DEBUG] [39;1msnarkJS[0m: tauG1: fft 21 join  19/21  2/4 0/16
[36;22m[DEBUG] [39;1msnarkJS[0m: tauG1: fft 21 join  19/21  2/4 8/16
[36;22m[DEBUG] [39;1msnarkJS[0m: tauG1: fft 21 join  19/21  1/4 11/16
[36;22m[DEBUG] [39;1msnarkJS[0m: tauG1: fft 21 join  19/21  2/4 1/16
[36;22m[DEBUG] [39;1msnarkJS[0m: tauG1: fft 21 join  19/21  1/4 7/16
[36;22m[DEBUG] [39;1msnarkJS[0m: tauG1: fft 21 join  19/21  1/4 15/16
[36;22m[DEBUG] [39;1msnarkJS[0m: tauG1: fft 21 join  19/21  2/4 3/16
[36;22m[DEBUG] [39;1msnarkJS[0m: tauG1: fft 21 join  19/21  2/4 4/16
[36;22m[DEBUG] [39;1msnarkJS[0m: tauG1: fft 21 join  19/21  2/4 5/16
[36;22m[DEBUG] [39;1msnarkJS[0m: tauG1: fft 21 join  19/21  2/4 6/16
[36;22m[DEBUG] [39;1msnarkJS[0m: tauG1: fft 21 join  19/21  1/4 13/16
[36;22m[DEBUG] [39;1msnarkJS[0m: tauG1: fft 21 join  19/21  1/4 3/16
[36;22m[DEBUG] [39;1msnarkJS[0m: tauG1: fft 21 join  19/21  1/4 0/16
[36;22m[DEBUG] [39;1msnarkJS[0m: tauG1: fft 21 join  19/21  1/4 14/16
[36;22m[DEBUG] [39;1msnarkJS[0m: tauG1: fft 21 join  19/21  1/4 9/16
[36;22m[DEBUG] [39;1msnarkJS[0m: tauG1: fft 21 join  19/21  2/4 2/16
[36;22m[DEBUG] [39;1msnarkJS[0m: tauG1: fft 21 join  19/21  2/4 11/16
[36;22m[DEBUG] [39;1msnarkJS[0m: tauG1: fft 21 join  19/21  2/4 14/16
[36;22m[DEBUG] [39;1msnarkJS[0m: tauG1: fft 21 join  19/21  2/4 13/16
[36;22m[DEBUG] [39;1msnarkJS[0m: tauG1: fft 21 join  19/21  1/4 1/16
[36;22m[DEBUG] [39;1msnarkJS[0m: tauG1: fft 21 join  19/21  1/4 2/16
[36;22m[DEBUG] [39;1msnarkJS[0m: tauG1: fft 21 join  19/21  1/4 8/16
[36;22m[DEBUG] [39;1msnarkJS[0m: tauG1: fft 21 join  19/21  1/4 5/16
[36;22m[DEBUG] [39;1msnarkJS[0m: tauG1: fft 21 join  19/21  1/4 6/16
[36;22m[DEBUG] [39;1msnarkJS[0m: tauG1: fft 21 join  19/21  2/4 10/16
[36;22m[DEBUG] [39;1msnarkJS[0m: tauG1: fft 21 join  19/21  2/4 12/16
[36;22m[DEBUG] [39;1msnarkJS[0m: tauG1: fft 21 join  19/21  2/4 15/16
[36;22m[DEBUG] [39;1msnarkJS[0m: tauG1: fft 21 join  19/21  1/4 10/16
[36;22m[DEBUG] [39;1msnarkJS[0m: tauG1: fft 21 join  19/21  2/4 7/16
[36;22m[DEBUG] [39;1msnarkJS[0m: tauG1: fft 21 join  19/21  1/4 4/16
[36;22m[DEBUG] [39;1msnarkJS[0m: tauG1: fft 21 join  19/21  2/4 9/16
[36;22m[DEBUG] [39;1msnarkJS[0m: tauG1: fft 21 join  19/21  3/4 0/16
[36;22m[DEBUG] [39;1msnarkJS[0m: tauG1: fft 21 join  19/21  3/4 1/16
[36;22m[DEBUG] [39;1msnarkJS[0m: tauG1: fft 21 join  19/21  3/4 2/16
[36;22m[DEBUG] [39;1msnarkJS[0m: tauG1: fft 21 join  19/21  3/4 5/16
[36;22m[DEBUG] [39;1msnarkJS[0m: tauG1: fft 21 join  19/21  3/4 8/16
[36;22m[DEBUG] [39;1msnarkJS[0m: tauG1: fft 21 join  19/21  3/4 13/16
[36;22m[DEBUG] [39;1msnarkJS[0m: tauG1: fft 21 join  19/21  3/4 9/16
[36;22m[DEBUG] [39;1msnarkJS[0m: tauG1: fft 21 join  19/21  3/4 14/16
[36;22m[DEBUG] [39;1msnarkJS[0m: tauG1: fft 21 join  19/21  3/4 3/16
[36;22m[DEBUG] [39;1msnarkJS[0m: tauG1: fft 21 join  19/21  3/4 15/16
[36;22m[DEBUG] [39;1msnarkJS[0m: tauG1: fft 21 join  19/21  3/4 10/16
[36;22m[DEBUG] [39;1msnarkJS[0m: tauG1: fft 21 join  19/21  3/4 6/16
[36;22m[DEBUG] [39;1msnarkJS[0m: tauG1: fft 21 join  19/21  3/4 7/16
[36;22m[DEBUG] [39;1msnarkJS[0m: tauG1: fft 21 join  19/21  3/4 4/16
[36;22m[DEBUG] [39;1msnarkJS[0m: tauG1: fft 21 join  19/21  3/4 12/16
[36;22m[DEBUG] [39;1msnarkJS[0m: tauG1: fft 21 join  19/21  3/4 11/16
[36;22m[DEBUG] [39;1msnarkJS[0m: tauG1: fft 21 join  19/21  4/4 0/16
[36;22m[DEBUG] [39;1msnarkJS[0m: tauG1: fft 21 join  19/21  4/4 1/16
[36;22m[DEBUG] [39;1msnarkJS[0m: tauG1: fft 21 join  19/21  4/4 14/16
[36;22m[DEBUG] [39;1msnarkJS[0m: tauG1: fft 21 join  19/21  4/4 9/16
[36;22m[DEBUG] [39;1msnarkJS[0m: tauG1: fft 21 join  19/21  4/4 5/16
[36;22m[DEBUG] [39;1msnarkJS[0m: tauG1: fft 21 join  19/21  4/4 3/16
[36;22m[DEBUG] [39;1msnarkJS[0m: tauG1: fft 21 join  19/21  4/4 6/16
[36;22m[DEBUG] [39;1msnarkJS[0m: tauG1: fft 21 join  19/21  4/4 10/16
[36;22m[DEBUG] [39;1msnarkJS[0m: tauG1: fft 21 join  19/21  4/4 13/16
[36;22m[DEBUG] [39;1msnarkJS[0m: tauG1: fft 21 join  19/21  4/4 15/16
[36;22m[DEBUG] [39;1msnarkJS[0m: tauG1: fft 21 join  19/21  4/4 7/16
[36;22m[DEBUG] [39;1msnarkJS[0m: tauG1: fft 21 join  19/21  4/4 12/16
[36;22m[DEBUG] [39;1msnarkJS[0m: tauG1: fft 21 join  19/21  4/4 2/16
[36;22m[DEBUG] [39;1msnarkJS[0m: tauG1: fft 21 join  19/21  4/4 4/16
[36;22m[DEBUG] [39;1msnarkJS[0m: tauG1: fft 21 join  19/21  4/4 8/16
[36;22m[DEBUG] [39;1msnarkJS[0m: tauG1: fft 21 join  19/21  4/4 11/16
[36;22m[DEBUG] [39;1msnarkJS[0m: tauG1: fft  21  join: 20/21
[36;22m[DEBUG] [39;1msnarkJS[0m: tauG1: fft 21 join  20/21  1/2 12/32
[36;22m[DEBUG] [39;1msnarkJS[0m: tauG1: fft 21 join  20/21  1/2 10/32
[36;22m[DEBUG] [39;1msnarkJS[0m: tauG1: fft 21 join  20/21  1/2 8/32
[36;22m[DEBUG] [39;1msnarkJS[0m: tauG1: fft 21 join  20/21  1/2 20/32
[36;22m[DEBUG] [39;1msnarkJS[0m: tauG1: fft 21 join  20/21  1/2 18/32
[36;22m[DEBUG] [39;1msnarkJS[0m: tauG1: fft 21 join  20/21  1/2 2/32
[36;22m[DEBUG] [39;1msnarkJS[0m: tauG1: fft 21 join  20/21  1/2 7/32
[36;22m[DEBUG] [39;1msnarkJS[0m: tauG1: fft 21 join  20/21  1/2 9/32
[36;22m[DEBUG] [39;1msnarkJS[0m: tauG1: fft 21 join  20/21  1/2 0/32
[36;22m[DEBUG] [39;1msnarkJS[0m: tauG1: fft 21 join  20/21  1/2 1/32
[36;22m[DEBUG] [39;1msnarkJS[0m: tauG1: fft 21 join  20/21  1/2 21/32
[36;22m[DEBUG] [39;1msnarkJS[0m: tauG1: fft 21 join  20/21  1/2 24/32
[36;22m[DEBUG] [39;1msnarkJS[0m: tauG1: fft 21 join  20/21  1/2 13/32
[36;22m[DEBUG] [39;1msnarkJS[0m: tauG1: fft 21 join  20/21  1/2 19/32
[36;22m[DEBUG] [39;1msnarkJS[0m: tauG1: fft 21 join  20/21  1/2 22/32
[36;22m[DEBUG] [39;1msnarkJS[0m: tauG1: fft 21 join  20/21  1/2 15/32
[36;22m[DEBUG] [39;1msnarkJS[0m: tauG1: fft 21 join  20/21  1/2 3/32
[36;22m[DEBUG] [39;1msnarkJS[0m: tauG1: fft 21 join  20/21  1/2 5/32
[36;22m[DEBUG] [39;1msnarkJS[0m: tauG1: fft 21 join  20/21  1/2 4/32
[36;22m[DEBUG] [39;1msnarkJS[0m: tauG1: fft 21 join  20/21  1/2 6/32
[36;22m[DEBUG] [39;1msnarkJS[0m: tauG1: fft 21 join  20/21  1/2 11/32
[36;22m[DEBUG] [39;1msnarkJS[0m: tauG1: fft 21 join  20/21  1/2 17/32
[36;22m[DEBUG] [39;1msnarkJS[0m: tauG1: fft 21 join  20/21  1/2 14/32
[36;22m[DEBUG] [39;1msnarkJS[0m: tauG1: fft 21 join  20/21  1/2 23/32
[36;22m[DEBUG] [39;1msnarkJS[0m: tauG1: fft 21 join  20/21  1/2 27/32
[36;22m[DEBUG] [39;1msnarkJS[0m: tauG1: fft 21 join  20/21  1/2 28/32
[36;22m[DEBUG] [39;1msnarkJS[0m: tauG1: fft 21 join  20/21  1/2 25/32
[36;22m[DEBUG] [39;1msnarkJS[0m: tauG1: fft 21 join  20/21  1/2 31/32
[36;22m[DEBUG] [39;1msnarkJS[0m: tauG1: fft 21 join  20/21  1/2 26/32
[36;22m[DEBUG] [39;1msnarkJS[0m: tauG1: fft 21 join  20/21  1/2 16/32
[36;22m[DEBUG] [39;1msnarkJS[0m: tauG1: fft 21 join  20/21  1/2 29/32
[36;22m[DEBUG] [39;1msnarkJS[0m: tauG1: fft 21 join  20/21  1/2 30/32
[36;22m[DEBUG] [39;1msnarkJS[0m: tauG1: fft 21 join  20/21  2/2 1/32
[36;22m[DEBUG] [39;1msnarkJS[0m: tauG1: fft 21 join  20/21  2/2 0/32
[36;22m[DEBUG] [39;1msnarkJS[0m: tauG1: fft 21 join  20/21  2/2 3/32
[36;22m[DEBUG] [39;1msnarkJS[0m: tauG1: fft 21 join  20/21  2/2 6/32
[36;22m[DEBUG] [39;1msnarkJS[0m: tauG1: fft 21 join  20/21  2/2 2/32
[36;22m[DEBUG] [39;1msnarkJS[0m: tauG1: fft 21 join  20/21  2/2 7/32
[36;22m[DEBUG] [39;1msnarkJS[0m: tauG1: fft 21 join  20/21  2/2 5/32
[36;22m[DEBUG] [39;1msnarkJS[0m: tauG1: fft 21 join  20/21  2/2 4/32
[36;22m[DEBUG] [39;1msnarkJS[0m: tauG1: fft 21 join  20/21  2/2 11/32
[36;22m[DEBUG] [39;1msnarkJS[0m: tauG1: fft 21 join  20/21  2/2 12/32
[36;22m[DEBUG] [39;1msnarkJS[0m: tauG1: fft 21 join  20/21  2/2 10/32
[36;22m[DEBUG] [39;1msnarkJS[0m: tauG1: fft 21 join  20/21  2/2 20/32
[36;22m[DEBUG] [39;1msnarkJS[0m: tauG1: fft 21 join  20/21  2/2 31/32
[36;22m[DEBUG] [39;1msnarkJS[0m: tauG1: fft 21 join  20/21  2/2 18/32
[36;22m[DEBUG] [39;1msnarkJS[0m: tauG1: fft 21 join  20/21  2/2 24/32
[36;22m[DEBUG] [39;1msnarkJS[0m: tauG1: fft 21 join  20/21  2/2 21/32
[36;22m[DEBUG] [39;1msnarkJS[0m: tauG1: fft 21 join  20/21  2/2 19/32
[36;22m[DEBUG] [39;1msnarkJS[0m: tauG1: fft 21 join  20/21  2/2 26/32
[36;22m[DEBUG] [39;1msnarkJS[0m: tauG1: fft 21 join  20/21  2/2 8/32
[36;22m[DEBUG] [39;1msnarkJS[0m: tauG1: fft 21 join  20/21  2/2 9/32
[36;22m[DEBUG] [39;1msnarkJS[0m: tauG1: fft 21 join  20/21  2/2 14/32
[36;22m[DEBUG] [39;1msnarkJS[0m: tauG1: fft 21 join  20/21  2/2 16/32
[36;22m[DEBUG] [39;1msnarkJS[0m: tauG1: fft 21 join  20/21  2/2 25/32
[36;22m[DEBUG] [39;1msnarkJS[0m: tauG1: fft 21 join  20/21  2/2 28/32
[36;22m[DEBUG] [39;1msnarkJS[0m: tauG1: fft 21 join  20/21  2/2 23/32
[36;22m[DEBUG] [39;1msnarkJS[0m: tauG1: fft 21 join  20/21  2/2 13/32
[36;22m[DEBUG] [39;1msnarkJS[0m: tauG1: fft 21 join  20/21  2/2 22/32
[36;22m[DEBUG] [39;1msnarkJS[0m: tauG1: fft 21 join  20/21  2/2 15/32
[36;22m[DEBUG] [39;1msnarkJS[0m: tauG1: fft 21 join  20/21  2/2 29/32
[36;22m[DEBUG] [39;1msnarkJS[0m: tauG1: fft 21 join  20/21  2/2 30/32
[36;22m[DEBUG] [39;1msnarkJS[0m: tauG1: fft 21 join  20/21  2/2 17/32
[36;22m[DEBUG] [39;1msnarkJS[0m: tauG1: fft 21 join  20/21  2/2 27/32
[36;22m[DEBUG] [39;1msnarkJS[0m: tauG1: fft  21  join: 21/21
[36;22m[DEBUG] [39;1msnarkJS[0m: tauG1: fft 21 join  21/21  1/1 6/64
[36;22m[DEBUG] [39;1msnarkJS[0m: tauG1: fft 21 join  21/21  1/1 11/64
[36;22m[DEBUG] [39;1msnarkJS[0m: tauG1: fft 21 join  21/21  1/1 0/64
[36;22m[DEBUG] [39;1msnarkJS[0m: tauG1: fft 21 join  21/21  1/1 14/64
[36;22m[DEBUG] [39;1msnarkJS[0m: tauG1: fft 21 join  21/21  1/1 13/64
[36;22m[DEBUG] [39;1msnarkJS[0m: tauG1: fft 21 join  21/21  1/1 18/64
[36;22m[DEBUG] [39;1msnarkJS[0m: tauG1: fft 21 join  21/21  1/1 2/64
[36;22m[DEBUG] [39;1msnarkJS[0m: tauG1: fft 21 join  21/21  1/1 9/64
[36;22m[DEBUG] [39;1msnarkJS[0m: tauG1: fft 21 join  21/21  1/1 10/64
[36;22m[DEBUG] [39;1msnarkJS[0m: tauG1: fft 21 join  21/21  1/1 19/64
[36;22m[DEBUG] [39;1msnarkJS[0m: tauG1: fft 21 join  21/21  1/1 7/64
[36;22m[DEBUG] [39;1msnarkJS[0m: tauG1: fft 21 join  21/21  1/1 31/64
[36;22m[DEBUG] [39;1msnarkJS[0m: tauG1: fft 21 join  21/21  1/1 23/64
[36;22m[DEBUG] [39;1msnarkJS[0m: tauG1: fft 21 join  21/21  1/1 28/64
[36;22m[DEBUG] [39;1msnarkJS[0m: tauG1: fft 21 join  21/21  1/1 24/64
[36;22m[DEBUG] [39;1msnarkJS[0m: tauG1: fft 21 join  21/21  1/1 8/64
[36;22m[DEBUG] [39;1msnarkJS[0m: tauG1: fft 21 join  21/21  1/1 4/64
[36;22m[DEBUG] [39;1msnarkJS[0m: tauG1: fft 21 join  21/21  1/1 21/64
[36;22m[DEBUG] [39;1msnarkJS[0m: tauG1: fft 21 join  21/21  1/1 17/64
[36;22m[DEBUG] [39;1msnarkJS[0m: tauG1: fft 21 join  21/21  1/1 20/64
[36;22m[DEBUG] [39;1msnarkJS[0m: tauG1: fft 21 join  21/21  1/1 5/64
[36;22m[DEBUG] [39;1msnarkJS[0m: tauG1: fft 21 join  21/21  1/1 27/64
[36;22m[DEBUG] [39;1msnarkJS[0m: tauG1: fft 21 join  21/21  1/1 30/64
[36;22m[DEBUG] [39;1msnarkJS[0m: tauG1: fft 21 join  21/21  1/1 29/64
[36;22m[DEBUG] [39;1msnarkJS[0m: tauG1: fft 21 join  21/21  1/1 1/64
[36;22m[DEBUG] [39;1msnarkJS[0m: tauG1: fft 21 join  21/21  1/1 3/64
[36;22m[DEBUG] [39;1msnarkJS[0m: tauG1: fft 21 join  21/21  1/1 16/64
[36;22m[DEBUG] [39;1msnarkJS[0m: tauG1: fft 21 join  21/21  1/1 26/64
[36;22m[DEBUG] [39;1msnarkJS[0m: tauG1: fft 21 join  21/21  1/1 22/64
[36;22m[DEBUG] [39;1msnarkJS[0m: tauG1: fft 21 join  21/21  1/1 15/64
[36;22m[DEBUG] [39;1msnarkJS[0m: tauG1: fft 21 join  21/21  1/1 12/64
[36;22m[DEBUG] [39;1msnarkJS[0m: tauG1: fft 21 join  21/21  1/1 25/64
[36;22m[DEBUG] [39;1msnarkJS[0m: tauG1: fft 21 join  21/21  1/1 34/64
[36;22m[DEBUG] [39;1msnarkJS[0m: tauG1: fft 21 join  21/21  1/1 37/64
[36;22m[DEBUG] [39;1msnarkJS[0m: tauG1: fft 21 join  21/21  1/1 42/64
[36;22m[DEBUG] [39;1msnarkJS[0m: tauG1: fft 21 join  21/21  1/1 44/64
[36;22m[DEBUG] [39;1msnarkJS[0m: tauG1: fft 21 join  21/21  1/1 39/64
[36;22m[DEBUG] [39;1msnarkJS[0m: tauG1: fft 21 join  21/21  1/1 45/64
[36;22m[DEBUG] [39;1msnarkJS[0m: tauG1: fft 21 join  21/21  1/1 43/64
[36;22m[DEBUG] [39;1msnarkJS[0m: tauG1: fft 21 join  21/21  1/1 38/64
[36;22m[DEBUG] [39;1msnarkJS[0m: tauG1: fft 21 join  21/21  1/1 36/64
[36;22m[DEBUG] [39;1msnarkJS[0m: tauG1: fft 21 join  21/21  1/1 33/64
[36;22m[DEBUG] [39;1msnarkJS[0m: tauG1: fft 21 join  21/21  1/1 32/64
[36;22m[DEBUG] [39;1msnarkJS[0m: tauG1: fft 21 join  21/21  1/1 49/64
[36;22m[DEBUG] [39;1msnarkJS[0m: tauG1: fft 21 join  21/21  1/1 35/64
[36;22m[DEBUG] [39;1msnarkJS[0m: tauG1: fft 21 join  21/21  1/1 40/64
[36;22m[DEBUG] [39;1msnarkJS[0m: tauG1: fft 21 join  21/21  1/1 50/64
[36;22m[DEBUG] [39;1msnarkJS[0m: tauG1: fft 21 join  21/21  1/1 48/64
[36;22m[DEBUG] [39;1msnarkJS[0m: tauG1: fft 21 join  21/21  1/1 41/64
[36;22m[DEBUG] [39;1msnarkJS[0m: tauG1: fft 21 join  21/21  1/1 46/64
[36;22m[DEBUG] [39;1msnarkJS[0m: tauG1: fft 21 join  21/21  1/1 51/64
[36;22m[DEBUG] [39;1msnarkJS[0m: tauG1: fft 21 join  21/21  1/1 47/64
[36;22m[DEBUG] [39;1msnarkJS[0m: tauG1: fft 21 join  21/21  1/1 62/64
[36;22m[DEBUG] [39;1msnarkJS[0m: tauG1: fft 21 join  21/21  1/1 53/64
[36;22m[DEBUG] [39;1msnarkJS[0m: tauG1: fft 21 join  21/21  1/1 61/64
[36;22m[DEBUG] [39;1msnarkJS[0m: tauG1: fft 21 join  21/21  1/1 54/64
[36;22m[DEBUG] [39;1msnarkJS[0m: tauG1: fft 21 join  21/21  1/1 52/64
[36;22m[DEBUG] [39;1msnarkJS[0m: tauG1: fft 21 join  21/21  1/1 59/64
[36;22m[DEBUG] [39;1msnarkJS[0m: tauG1: fft 21 join  21/21  1/1 58/64
[36;22m[DEBUG] [39;1msnarkJS[0m: tauG1: fft 21 join  21/21  1/1 57/64
[36;22m[DEBUG] [39;1msnarkJS[0m: tauG1: fft 21 join  21/21  1/1 60/64
[36;22m[DEBUG] [39;1msnarkJS[0m: tauG1: fft 21 join  21/21  1/1 55/64
[36;22m[DEBUG] [39;1msnarkJS[0m: tauG1: fft 21 join  21/21  1/1 56/64
[36;22m[DEBUG] [39;1msnarkJS[0m: tauG1: fft 21 join  21/21  1/1 63/64
[36;22m[DEBUG] [39;1msnarkJS[0m: tauG1: fft 22 mix start: 0/256
[36;22m[DEBUG] [39;1msnarkJS[0m: tauG1: fft 22 mix start: 1/256
[36;22m[DEBUG] [39;1msnarkJS[0m: tauG1: fft 22 mix start: 2/256
[36;22m[DEBUG] [39;1msnarkJS[0m: tauG1: fft 22 mix start: 3/256
[36;22m[DEBUG] [39;1msnarkJS[0m: tauG1: fft 22 mix start: 4/256
[36;22m[DEBUG] [39;1msnarkJS[0m: tauG1: fft 22 mix start: 5/256
[36;22m[DEBUG] [39;1msnarkJS[0m: tauG1: fft 22 mix start: 6/256
[36;22m[DEBUG] [39;1msnarkJS[0m: tauG1: fft 22 mix start: 7/256
[36;22m[DEBUG] [39;1msnarkJS[0m: tauG1: fft 22 mix start: 8/256
[36;22m[DEBUG] [39;1msnarkJS[0m: tauG1: fft 22 mix start: 9/256
[36;22m[DEBUG] [39;1msnarkJS[0m: tauG1: fft 22 mix start: 10/256
[36;22m[DEBUG] [39;1msnarkJS[0m: tauG1: fft 22 mix start: 11/256
[36;22m[DEBUG] [39;1msnarkJS[0m: tauG1: fft 22 mix start: 12/256
[36;22m[DEBUG] [39;1msnarkJS[0m: tauG1: fft 22 mix start: 13/256
[36;22m[DEBUG] [39;1msnarkJS[0m: tauG1: fft 22 mix start: 14/256
[36;22m[DEBUG] [39;1msnarkJS[0m: tauG1: fft 22 mix start: 15/256
[36;22m[DEBUG] [39;1msnarkJS[0m: tauG1: fft 22 mix start: 16/256
[36;22m[DEBUG] [39;1msnarkJS[0m: tauG1: fft 22 mix start: 17/256
[36;22m[DEBUG] [39;1msnarkJS[0m: tauG1: fft 22 mix start: 18/256
[36;22m[DEBUG] [39;1msnarkJS[0m: tauG1: fft 22 mix start: 19/256
[36;22m[DEBUG] [39;1msnarkJS[0m: tauG1: fft 22 mix start: 20/256
[36;22m[DEBUG] [39;1msnarkJS[0m: tauG1: fft 22 mix start: 21/256
[36;22m[DEBUG] [39;1msnarkJS[0m: tauG1: fft 22 mix start: 22/256
[36;22m[DEBUG] [39;1msnarkJS[0m: tauG1: fft 22 mix start: 23/256
[36;22m[DEBUG] [39;1msnarkJS[0m: tauG1: fft 22 mix start: 24/256
[36;22m[DEBUG] [39;1msnarkJS[0m: tauG1: fft 22 mix start: 25/256
[36;22m[DEBUG] [39;1msnarkJS[0m: tauG1: fft 22 mix start: 26/256
[36;22m[DEBUG] [39;1msnarkJS[0m: tauG1: fft 22 mix start: 27/256
[36;22m[DEBUG] [39;1msnarkJS[0m: tauG1: fft 22 mix start: 28/256
[36;22m[DEBUG] [39;1msnarkJS[0m: tauG1: fft 22 mix start: 29/256
[36;22m[DEBUG] [39;1msnarkJS[0m: tauG1: fft 22 mix start: 30/256
[36;22m[DEBUG] [39;1msnarkJS[0m: tauG1: fft 22 mix start: 31/256
[36;22m[DEBUG] [39;1msnarkJS[0m: tauG1: fft 22 mix start: 32/256
[36;22m[DEBUG] [39;1msnarkJS[0m: tauG1: fft 22 mix start: 33/256
[36;22m[DEBUG] [39;1msnarkJS[0m: tauG1: fft 22 mix start: 34/256
[36;22m[DEBUG] [39;1msnarkJS[0m: tauG1: fft 22 mix start: 35/256
[36;22m[DEBUG] [39;1msnarkJS[0m: tauG1: fft 22 mix start: 36/256
[36;22m[DEBUG] [39;1msnarkJS[0m: tauG1: fft 22 mix start: 37/256
[36;22m[DEBUG] [39;1msnarkJS[0m: tauG1: fft 22 mix start: 38/256
[36;22m[DEBUG] [39;1msnarkJS[0m: tauG1: fft 22 mix start: 39/256
[36;22m[DEBUG] [39;1msnarkJS[0m: tauG1: fft 22 mix start: 40/256
[36;22m[DEBUG] [39;1msnarkJS[0m: tauG1: fft 22 mix start: 41/256
[36;22m[DEBUG] [39;1msnarkJS[0m: tauG1: fft 22 mix start: 42/256
[36;22m[DEBUG] [39;1msnarkJS[0m: tauG1: fft 22 mix start: 43/256
[36;22m[DEBUG] [39;1msnarkJS[0m: tauG1: fft 22 mix start: 44/256
[36;22m[DEBUG] [39;1msnarkJS[0m: tauG1: fft 22 mix start: 45/256
[36;22m[DEBUG] [39;1msnarkJS[0m: tauG1: fft 22 mix start: 46/256
[36;22m[DEBUG] [39;1msnarkJS[0m: tauG1: fft 22 mix start: 47/256
[36;22m[DEBUG] [39;1msnarkJS[0m: tauG1: fft 22 mix start: 48/256
[36;22m[DEBUG] [39;1msnarkJS[0m: tauG1: fft 22 mix start: 49/256
[36;22m[DEBUG] [39;1msnarkJS[0m: tauG1: fft 22 mix start: 50/256
[36;22m[DEBUG] [39;1msnarkJS[0m: tauG1: fft 22 mix start: 51/256
[36;22m[DEBUG] [39;1msnarkJS[0m: tauG1: fft 22 mix start: 52/256
[36;22m[DEBUG] [39;1msnarkJS[0m: tauG1: fft 22 mix start: 53/256
[36;22m[DEBUG] [39;1msnarkJS[0m: tauG1: fft 22 mix start: 54/256
[36;22m[DEBUG] [39;1msnarkJS[0m: tauG1: fft 22 mix start: 55/256
[36;22m[DEBUG] [39;1msnarkJS[0m: tauG1: fft 22 mix start: 56/256
[36;22m[DEBUG] [39;1msnarkJS[0m: tauG1: fft 22 mix start: 57/256
[36;22m[DEBUG] [39;1msnarkJS[0m: tauG1: fft 22 mix start: 58/256
[36;22m[DEBUG] [39;1msnarkJS[0m: tauG1: fft 22 mix start: 59/256
[36;22m[DEBUG] [39;1msnarkJS[0m: tauG1: fft 22 mix start: 60/256
[36;22m[DEBUG] [39;1msnarkJS[0m: tauG1: fft 22 mix start: 61/256
[36;22m[DEBUG] [39;1msnarkJS[0m: tauG1: fft 22 mix start: 62/256
[36;22m[DEBUG] [39;1msnarkJS[0m: tauG1: fft 22 mix start: 63/256
[36;22m[DEBUG] [39;1msnarkJS[0m: tauG1: fft 22 mix start: 64/256
[36;22m[DEBUG] [39;1msnarkJS[0m: tauG1: fft 22 mix start: 65/256
[36;22m[DEBUG] [39;1msnarkJS[0m: tauG1: fft 22 mix start: 66/256
[36;22m[DEBUG] [39;1msnarkJS[0m: tauG1: fft 22 mix start: 67/256
[36;22m[DEBUG] [39;1msnarkJS[0m: tauG1: fft 22 mix start: 68/256
[36;22m[DEBUG] [39;1msnarkJS[0m: tauG1: fft 22 mix start: 69/256
[36;22m[DEBUG] [39;1msnarkJS[0m: tauG1: fft 22 mix start: 70/256
[36;22m[DEBUG] [39;1msnarkJS[0m: tauG1: fft 22 mix start: 71/256
[36;22m[DEBUG] [39;1msnarkJS[0m: tauG1: fft 22 mix start: 72/256
[36;22m[DEBUG] [39;1msnarkJS[0m: tauG1: fft 22 mix start: 73/256
[36;22m[DEBUG] [39;1msnarkJS[0m: tauG1: fft 22 mix start: 74/256
[36;22m[DEBUG] [39;1msnarkJS[0m: tauG1: fft 22 mix start: 75/256
[36;22m[DEBUG] [39;1msnarkJS[0m: tauG1: fft 22 mix start: 76/256
[36;22m[DEBUG] [39;1msnarkJS[0m: tauG1: fft 22 mix start: 77/256
[36;22m[DEBUG] [39;1msnarkJS[0m: tauG1: fft 22 mix start: 78/256
[36;22m[DEBUG] [39;1msnarkJS[0m: tauG1: fft 22 mix start: 79/256
[36;22m[DEBUG] [39;1msnarkJS[0m: tauG1: fft 22 mix start: 80/256
[36;22m[DEBUG] [39;1msnarkJS[0m: tauG1: fft 22 mix start: 81/256
[36;22m[DEBUG] [39;1msnarkJS[0m: tauG1: fft 22 mix start: 82/256
[36;22m[DEBUG] [39;1msnarkJS[0m: tauG1: fft 22 mix start: 83/256
[36;22m[DEBUG] [39;1msnarkJS[0m: tauG1: fft 22 mix start: 84/256
[36;22m[DEBUG] [39;1msnarkJS[0m: tauG1: fft 22 mix start: 85/256
[36;22m[DEBUG] [39;1msnarkJS[0m: tauG1: fft 22 mix start: 86/256
[36;22m[DEBUG] [39;1msnarkJS[0m: tauG1: fft 22 mix start: 87/256
[36;22m[DEBUG] [39;1msnarkJS[0m: tauG1: fft 22 mix start: 88/256
[36;22m[DEBUG] [39;1msnarkJS[0m: tauG1: fft 22 mix start: 89/256
[36;22m[DEBUG] [39;1msnarkJS[0m: tauG1: fft 22 mix start: 90/256
[36;22m[DEBUG] [39;1msnarkJS[0m: tauG1: fft 22 mix start: 91/256
[36;22m[DEBUG] [39;1msnarkJS[0m: tauG1: fft 22 mix start: 92/256
[36;22m[DEBUG] [39;1msnarkJS[0m: tauG1: fft 22 mix start: 93/256
[36;22m[DEBUG] [39;1msnarkJS[0m: tauG1: fft 22 mix start: 94/256
[36;22m[DEBUG] [39;1msnarkJS[0m: tauG1: fft 22 mix start: 95/256
[36;22m[DEBUG] [39;1msnarkJS[0m: tauG1: fft 22 mix start: 96/256
[36;22m[DEBUG] [39;1msnarkJS[0m: tauG1: fft 22 mix start: 97/256
[36;22m[DEBUG] [39;1msnarkJS[0m: tauG1: fft 22 mix start: 98/256
[36;22m[DEBUG] [39;1msnarkJS[0m: tauG1: fft 22 mix start: 99/256
[36;22m[DEBUG] [39;1msnarkJS[0m: tauG1: fft 22 mix start: 100/256
[36;22m[DEBUG] [39;1msnarkJS[0m: tauG1: fft 22 mix start: 101/256
[36;22m[DEBUG] [39;1msnarkJS[0m: tauG1: fft 22 mix start: 102/256
[36;22m[DEBUG] [39;1msnarkJS[0m: tauG1: fft 22 mix start: 103/256
[36;22m[DEBUG] [39;1msnarkJS[0m: tauG1: fft 22 mix start: 104/256
[36;22m[DEBUG] [39;1msnarkJS[0m: tauG1: fft 22 mix start: 105/256
[36;22m[DEBUG] [39;1msnarkJS[0m: tauG1: fft 22 mix start: 106/256
[36;22m[DEBUG] [39;1msnarkJS[0m: tauG1: fft 22 mix start: 107/256
[36;22m[DEBUG] [39;1msnarkJS[0m: tauG1: fft 22 mix start: 108/256
[36;22m[DEBUG] [39;1msnarkJS[0m: tauG1: fft 22 mix start: 109/256
[36;22m[DEBUG] [39;1msnarkJS[0m: tauG1: fft 22 mix start: 110/256
[36;22m[DEBUG] [39;1msnarkJS[0m: tauG1: fft 22 mix start: 111/256
[36;22m[DEBUG] [39;1msnarkJS[0m: tauG1: fft 22 mix start: 112/256
[36;22m[DEBUG] [39;1msnarkJS[0m: tauG1: fft 22 mix start: 113/256
[36;22m[DEBUG] [39;1msnarkJS[0m: tauG1: fft 22 mix start: 114/256
[36;22m[DEBUG] [39;1msnarkJS[0m: tauG1: fft 22 mix start: 115/256
[36;22m[DEBUG] [39;1msnarkJS[0m: tauG1: fft 22 mix start: 116/256
[36;22m[DEBUG] [39;1msnarkJS[0m: tauG1: fft 22 mix start: 117/256
[36;22m[DEBUG] [39;1msnarkJS[0m: tauG1: fft 22 mix start: 118/256
[36;22m[DEBUG] [39;1msnarkJS[0m: tauG1: fft 22 mix start: 119/256
[36;22m[DEBUG] [39;1msnarkJS[0m: tauG1: fft 22 mix start: 120/256
[36;22m[DEBUG] [39;1msnarkJS[0m: tauG1: fft 22 mix start: 121/256
[36;22m[DEBUG] [39;1msnarkJS[0m: tauG1: fft 22 mix start: 122/256
[36;22m[DEBUG] [39;1msnarkJS[0m: tauG1: fft 22 mix start: 123/256
[36;22m[DEBUG] [39;1msnarkJS[0m: tauG1: fft 22 mix start: 124/256
[36;22m[DEBUG] [39;1msnarkJS[0m: tauG1: fft 22 mix start: 125/256
[36;22m[DEBUG] [39;1msnarkJS[0m: tauG1: fft 22 mix start: 126/256
[36;22m[DEBUG] [39;1msnarkJS[0m: tauG1: fft 22 mix start: 127/256
[36;22m[DEBUG] [39;1msnarkJS[0m: tauG1: fft 22 mix start: 128/256
[36;22m[DEBUG] [39;1msnarkJS[0m: tauG1: fft 22 mix start: 129/256
[36;22m[DEBUG] [39;1msnarkJS[0m: tauG1: fft 22 mix start: 130/256
[36;22m[DEBUG] [39;1msnarkJS[0m: tauG1: fft 22 mix start: 131/256
[36;22m[DEBUG] [39;1msnarkJS[0m: tauG1: fft 22 mix start: 132/256
[36;22m[DEBUG] [39;1msnarkJS[0m: tauG1: fft 22 mix start: 133/256
[36;22m[DEBUG] [39;1msnarkJS[0m: tauG1: fft 22 mix start: 134/256
[36;22m[DEBUG] [39;1msnarkJS[0m: tauG1: fft 22 mix start: 135/256
[36;22m[DEBUG] [39;1msnarkJS[0m: tauG1: fft 22 mix start: 136/256
[36;22m[DEBUG] [39;1msnarkJS[0m: tauG1: fft 22 mix start: 137/256
[36;22m[DEBUG] [39;1msnarkJS[0m: tauG1: fft 22 mix start: 138/256
[36;22m[DEBUG] [39;1msnarkJS[0m: tauG1: fft 22 mix start: 139/256
[36;22m[DEBUG] [39;1msnarkJS[0m: tauG1: fft 22 mix start: 140/256
[36;22m[DEBUG] [39;1msnarkJS[0m: tauG1: fft 22 mix start: 141/256
[36;22m[DEBUG] [39;1msnarkJS[0m: tauG1: fft 22 mix start: 142/256
[36;22m[DEBUG] [39;1msnarkJS[0m: tauG1: fft 22 mix start: 143/256
[36;22m[DEBUG] [39;1msnarkJS[0m: tauG1: fft 22 mix start: 144/256
[36;22m[DEBUG] [39;1msnarkJS[0m: tauG1: fft 22 mix start: 145/256
[36;22m[DEBUG] [39;1msnarkJS[0m: tauG1: fft 22 mix start: 146/256
[36;22m[DEBUG] [39;1msnarkJS[0m: tauG1: fft 22 mix start: 147/256
[36;22m[DEBUG] [39;1msnarkJS[0m: tauG1: fft 22 mix start: 148/256
[36;22m[DEBUG] [39;1msnarkJS[0m: tauG1: fft 22 mix start: 149/256
[36;22m[DEBUG] [39;1msnarkJS[0m: tauG1: fft 22 mix start: 150/256
[36;22m[DEBUG] [39;1msnarkJS[0m: tauG1: fft 22 mix start: 151/256
[36;22m[DEBUG] [39;1msnarkJS[0m: tauG1: fft 22 mix start: 152/256
[36;22m[DEBUG] [39;1msnarkJS[0m: tauG1: fft 22 mix start: 153/256
[36;22m[DEBUG] [39;1msnarkJS[0m: tauG1: fft 22 mix start: 154/256
[36;22m[DEBUG] [39;1msnarkJS[0m: tauG1: fft 22 mix start: 155/256
[36;22m[DEBUG] [39;1msnarkJS[0m: tauG1: fft 22 mix start: 156/256
[36;22m[DEBUG] [39;1msnarkJS[0m: tauG1: fft 22 mix start: 157/256
[36;22m[DEBUG] [39;1msnarkJS[0m: tauG1: fft 22 mix start: 158/256
[36;22m[DEBUG] [39;1msnarkJS[0m: tauG1: fft 22 mix start: 159/256
[36;22m[DEBUG] [39;1msnarkJS[0m: tauG1: fft 22 mix start: 160/256
[36;22m[DEBUG] [39;1msnarkJS[0m: tauG1: fft 22 mix start: 161/256
[36;22m[DEBUG] [39;1msnarkJS[0m: tauG1: fft 22 mix start: 162/256
[36;22m[DEBUG] [39;1msnarkJS[0m: tauG1: fft 22 mix start: 163/256
[36;22m[DEBUG] [39;1msnarkJS[0m: tauG1: fft 22 mix start: 164/256
[36;22m[DEBUG] [39;1msnarkJS[0m: tauG1: fft 22 mix start: 165/256
[36;22m[DEBUG] [39;1msnarkJS[0m: tauG1: fft 22 mix start: 166/256
[36;22m[DEBUG] [39;1msnarkJS[0m: tauG1: fft 22 mix start: 167/256
[36;22m[DEBUG] [39;1msnarkJS[0m: tauG1: fft 22 mix start: 168/256
[36;22m[DEBUG] [39;1msnarkJS[0m: tauG1: fft 22 mix start: 169/256
[36;22m[DEBUG] [39;1msnarkJS[0m: tauG1: fft 22 mix start: 170/256
[36;22m[DEBUG] [39;1msnarkJS[0m: tauG1: fft 22 mix start: 171/256
[36;22m[DEBUG] [39;1msnarkJS[0m: tauG1: fft 22 mix start: 172/256
[36;22m[DEBUG] [39;1msnarkJS[0m: tauG1: fft 22 mix start: 173/256
[36;22m[DEBUG] [39;1msnarkJS[0m: tauG1: fft 22 mix start: 174/256
[36;22m[DEBUG] [39;1msnarkJS[0m: tauG1: fft 22 mix start: 175/256
[36;22m[DEBUG] [39;1msnarkJS[0m: tauG1: fft 22 mix start: 176/256
[36;22m[DEBUG] [39;1msnarkJS[0m: tauG1: fft 22 mix start: 177/256
[36;22m[DEBUG] [39;1msnarkJS[0m: tauG1: fft 22 mix start: 178/256
[36;22m[DEBUG] [39;1msnarkJS[0m: tauG1: fft 22 mix start: 179/256
[36;22m[DEBUG] [39;1msnarkJS[0m: tauG1: fft 22 mix start: 180/256
[36;22m[DEBUG] [39;1msnarkJS[0m: tauG1: fft 22 mix start: 181/256
[36;22m[DEBUG] [39;1msnarkJS[0m: tauG1: fft 22 mix start: 182/256
[36;22m[DEBUG] [39;1msnarkJS[0m: tauG1: fft 22 mix start: 183/256
[36;22m[DEBUG] [39;1msnarkJS[0m: tauG1: fft 22 mix start: 184/256
[36;22m[DEBUG] [39;1msnarkJS[0m: tauG1: fft 22 mix start: 185/256
[36;22m[DEBUG] [39;1msnarkJS[0m: tauG1: fft 22 mix start: 186/256
[36;22m[DEBUG] [39;1msnarkJS[0m: tauG1: fft 22 mix start: 187/256
[36;22m[DEBUG] [39;1msnarkJS[0m: tauG1: fft 22 mix start: 188/256
[36;22m[DEBUG] [39;1msnarkJS[0m: tauG1: fft 22 mix start: 189/256
[36;22m[DEBUG] [39;1msnarkJS[0m: tauG1: fft 22 mix start: 190/256
[36;22m[DEBUG] [39;1msnarkJS[0m: tauG1: fft 22 mix start: 191/256
[36;22m[DEBUG] [39;1msnarkJS[0m: tauG1: fft 22 mix start: 192/256
[36;22m[DEBUG] [39;1msnarkJS[0m: tauG1: fft 22 mix start: 193/256
[36;22m[DEBUG] [39;1msnarkJS[0m: tauG1: fft 22 mix start: 194/256
[36;22m[DEBUG] [39;1msnarkJS[0m: tauG1: fft 22 mix start: 195/256
[36;22m[DEBUG] [39;1msnarkJS[0m: tauG1: fft 22 mix start: 196/256
[36;22m[DEBUG] [39;1msnarkJS[0m: tauG1: fft 22 mix start: 197/256
[36;22m[DEBUG] [39;1msnarkJS[0m: tauG1: fft 22 mix start: 198/256
[36;22m[DEBUG] [39;1msnarkJS[0m: tauG1: fft 22 mix start: 199/256
[36;22m[DEBUG] [39;1msnarkJS[0m: tauG1: fft 22 mix start: 200/256
[36;22m[DEBUG] [39;1msnarkJS[0m: tauG1: fft 22 mix start: 201/256
[36;22m[DEBUG] [39;1msnarkJS[0m: tauG1: fft 22 mix start: 202/256
[36;22m[DEBUG] [39;1msnarkJS[0m: tauG1: fft 22 mix start: 203/256
[36;22m[DEBUG] [39;1msnarkJS[0m: tauG1: fft 22 mix start: 204/256
[36;22m[DEBUG] [39;1msnarkJS[0m: tauG1: fft 22 mix start: 205/256
[36;22m[DEBUG] [39;1msnarkJS[0m: tauG1: fft 22 mix start: 206/256
[36;22m[DEBUG] [39;1msnarkJS[0m: tauG1: fft 22 mix start: 207/256
[36;22m[DEBUG] [39;1msnarkJS[0m: tauG1: fft 22 mix start: 208/256
[36;22m[DEBUG] [39;1msnarkJS[0m: tauG1: fft 22 mix start: 209/256
[36;22m[DEBUG] [39;1msnarkJS[0m: tauG1: fft 22 mix start: 210/256
[36;22m[DEBUG] [39;1msnarkJS[0m: tauG1: fft 22 mix start: 211/256
[36;22m[DEBUG] [39;1msnarkJS[0m: tauG1: fft 22 mix start: 212/256
[36;22m[DEBUG] [39;1msnarkJS[0m: tauG1: fft 22 mix start: 213/256
[36;22m[DEBUG] [39;1msnarkJS[0m: tauG1: fft 22 mix start: 214/256
[36;22m[DEBUG] [39;1msnarkJS[0m: tauG1: fft 22 mix start: 215/256
[36;22m[DEBUG] [39;1msnarkJS[0m: tauG1: fft 22 mix start: 216/256
[36;22m[DEBUG] [39;1msnarkJS[0m: tauG1: fft 22 mix start: 217/256
[36;22m[DEBUG] [39;1msnarkJS[0m: tauG1: fft 22 mix start: 218/256
[36;22m[DEBUG] [39;1msnarkJS[0m: tauG1: fft 22 mix start: 219/256
[36;22m[DEBUG] [39;1msnarkJS[0m: tauG1: fft 22 mix start: 220/256
[36;22m[DEBUG] [39;1msnarkJS[0m: tauG1: fft 22 mix start: 221/256
[36;22m[DEBUG] [39;1msnarkJS[0m: tauG1: fft 22 mix start: 222/256
[36;22m[DEBUG] [39;1msnarkJS[0m: tauG1: fft 22 mix start: 223/256
[36;22m[DEBUG] [39;1msnarkJS[0m: tauG1: fft 22 mix start: 224/256
[36;22m[DEBUG] [39;1msnarkJS[0m: tauG1: fft 22 mix start: 225/256
[36;22m[DEBUG] [39;1msnarkJS[0m: tauG1: fft 22 mix start: 226/256
[36;22m[DEBUG] [39;1msnarkJS[0m: tauG1: fft 22 mix start: 227/256
[36;22m[DEBUG] [39;1msnarkJS[0m: tauG1: fft 22 mix start: 228/256
[36;22m[DEBUG] [39;1msnarkJS[0m: tauG1: fft 22 mix start: 229/256
[36;22m[DEBUG] [39;1msnarkJS[0m: tauG1: fft 22 mix start: 230/256
[36;22m[DEBUG] [39;1msnarkJS[0m: tauG1: fft 22 mix start: 231/256
[36;22m[DEBUG] [39;1msnarkJS[0m: tauG1: fft 22 mix start: 232/256
[36;22m[DEBUG] [39;1msnarkJS[0m: tauG1: fft 22 mix start: 233/256
[36;22m[DEBUG] [39;1msnarkJS[0m: tauG1: fft 22 mix start: 234/256
[36;22m[DEBUG] [39;1msnarkJS[0m: tauG1: fft 22 mix start: 235/256
[36;22m[DEBUG] [39;1msnarkJS[0m: tauG1: fft 22 mix start: 236/256
[36;22m[DEBUG] [39;1msnarkJS[0m: tauG1: fft 22 mix start: 237/256
[36;22m[DEBUG] [39;1msnarkJS[0m: tauG1: fft 22 mix start: 238/256
[36;22m[DEBUG] [39;1msnarkJS[0m: tauG1: fft 22 mix start: 239/256
[36;22m[DEBUG] [39;1msnarkJS[0m: tauG1: fft 22 mix start: 240/256
[36;22m[DEBUG] [39;1msnarkJS[0m: tauG1: fft 22 mix start: 241/256
[36;22m[DEBUG] [39;1msnarkJS[0m: tauG1: fft 22 mix start: 242/256
[36;22m[DEBUG] [39;1msnarkJS[0m: tauG1: fft 22 mix start: 243/256
[36;22m[DEBUG] [39;1msnarkJS[0m: tauG1: fft 22 mix start: 244/256
[36;22m[DEBUG] [39;1msnarkJS[0m: tauG1: fft 22 mix start: 245/256
[36;22m[DEBUG] [39;1msnarkJS[0m: tauG1: fft 22 mix start: 246/256
[36;22m[DEBUG] [39;1msnarkJS[0m: tauG1: fft 22 mix start: 247/256
[36;22m[DEBUG] [39;1msnarkJS[0m: tauG1: fft 22 mix start: 248/256
[36;22m[DEBUG] [39;1msnarkJS[0m: tauG1: fft 22 mix start: 249/256
[36;22m[DEBUG] [39;1msnarkJS[0m: tauG1: fft 22 mix start: 250/256
[36;22m[DEBUG] [39;1msnarkJS[0m: tauG1: fft 22 mix start: 251/256
[36;22m[DEBUG] [39;1msnarkJS[0m: tauG1: fft 22 mix start: 252/256
[36;22m[DEBUG] [39;1msnarkJS[0m: tauG1: fft 22 mix start: 253/256
[36;22m[DEBUG] [39;1msnarkJS[0m: tauG1: fft 22 mix start: 254/256
[36;22m[DEBUG] [39;1msnarkJS[0m: tauG1: fft 22 mix start: 255/256
[36;22m[DEBUG] [39;1msnarkJS[0m: tauG1: fft 22 mix end: 18/256
[36;22m[DEBUG] [39;1msnarkJS[0m: tauG1: fft 22 mix end: 27/256
[36;22m[DEBUG] [39;1msnarkJS[0m: tauG1: fft 22 mix end: 28/256
[36;22m[DEBUG] [39;1msnarkJS[0m: tauG1: fft 22 mix end: 10/256
[36;22m[DEBUG] [39;1msnarkJS[0m: tauG1: fft 22 mix end: 16/256
[36;22m[DEBUG] [39;1msnarkJS[0m: tauG1: fft 22 mix end: 26/256
[36;22m[DEBUG] [39;1msnarkJS[0m: tauG1: fft 22 mix end: 8/256
[36;22m[DEBUG] [39;1msnarkJS[0m: tauG1: fft 22 mix end: 11/256
[36;22m[DEBUG] [39;1msnarkJS[0m: tauG1: fft 22 mix end: 7/256
[36;22m[DEBUG] [39;1msnarkJS[0m: tauG1: fft 22 mix end: 4/256
[36;22m[DEBUG] [39;1msnarkJS[0m: tauG1: fft 22 mix end: 23/256
[36;22m[DEBUG] [39;1msnarkJS[0m: tauG1: fft 22 mix end: 20/256
[36;22m[DEBUG] [39;1msnarkJS[0m: tauG1: fft 22 mix end: 25/256
[36;22m[DEBUG] [39;1msnarkJS[0m: tauG1: fft 22 mix end: 29/256
[36;22m[DEBUG] [39;1msnarkJS[0m: tauG1: fft 22 mix end: 6/256
[36;22m[DEBUG] [39;1msnarkJS[0m: tauG1: fft 22 mix end: 21/256
[36;22m[DEBUG] [39;1msnarkJS[0m: tauG1: fft 22 mix end: 19/256
[36;22m[DEBUG] [39;1msnarkJS[0m: tauG1: fft 22 mix end: 13/256
[36;22m[DEBUG] [39;1msnarkJS[0m: tauG1: fft 22 mix end: 24/256
[36;22m[DEBUG] [39;1msnarkJS[0m: tauG1: fft 22 mix end: 31/256
[36;22m[DEBUG] [39;1msnarkJS[0m: tauG1: fft 22 mix end: 14/256
[36;22m[DEBUG] [39;1msnarkJS[0m: tauG1: fft 22 mix end: 3/256
[36;22m[DEBUG] [39;1msnarkJS[0m: tauG1: fft 22 mix end: 15/256
[36;22m[DEBUG] [39;1msnarkJS[0m: tauG1: fft 22 mix end: 12/256
[36;22m[DEBUG] [39;1msnarkJS[0m: tauG1: fft 22 mix end: 1/256
[36;22m[DEBUG] [39;1msnarkJS[0m: tauG1: fft 22 mix end: 0/256
[36;22m[DEBUG] [39;1msnarkJS[0m: tauG1: fft 22 mix end: 17/256
[36;22m[DEBUG] [39;1msnarkJS[0m: tauG1: fft 22 mix end: 30/256
[36;22m[DEBUG] [39;1msnarkJS[0m: tauG1: fft 22 mix end: 2/256
[36;22m[DEBUG] [39;1msnarkJS[0m: tauG1: fft 22 mix end: 22/256
[36;22m[DEBUG] [39;1msnarkJS[0m: tauG1: fft 22 mix end: 5/256
[36;22m[DEBUG] [39;1msnarkJS[0m: tauG1: fft 22 mix end: 9/256
[36;22m[DEBUG] [39;1msnarkJS[0m: tauG1: fft 22 mix end: 32/256
[36;22m[DEBUG] [39;1msnarkJS[0m: tauG1: fft 22 mix end: 34/256
[36;22m[DEBUG] [39;1msnarkJS[0m: tauG1: fft 22 mix end: 36/256
[36;22m[DEBUG] [39;1msnarkJS[0m: tauG1: fft 22 mix end: 42/256
[36;22m[DEBUG] [39;1msnarkJS[0m: tauG1: fft 22 mix end: 37/256
[36;22m[DEBUG] [39;1msnarkJS[0m: tauG1: fft 22 mix end: 45/256
[36;22m[DEBUG] [39;1msnarkJS[0m: tauG1: fft 22 mix end: 33/256
[36;22m[DEBUG] [39;1msnarkJS[0m: tauG1: fft 22 mix end: 48/256
[36;22m[DEBUG] [39;1msnarkJS[0m: tauG1: fft 22 mix end: 51/256
[36;22m[DEBUG] [39;1msnarkJS[0m: tauG1: fft 22 mix end: 41/256
[36;22m[DEBUG] [39;1msnarkJS[0m: tauG1: fft 22 mix end: 44/256
[36;22m[DEBUG] [39;1msnarkJS[0m: tauG1: fft 22 mix end: 53/256
[36;22m[DEBUG] [39;1msnarkJS[0m: tauG1: fft 22 mix end: 46/256
[36;22m[DEBUG] [39;1msnarkJS[0m: tauG1: fft 22 mix end: 40/256
[36;22m[DEBUG] [39;1msnarkJS[0m: tauG1: fft 22 mix end: 38/256
[36;22m[DEBUG] [39;1msnarkJS[0m: tauG1: fft 22 mix end: 52/256
[36;22m[DEBUG] [39;1msnarkJS[0m: tauG1: fft 22 mix end: 35/256
[36;22m[DEBUG] [39;1msnarkJS[0m: tauG1: fft 22 mix end: 43/256
[36;22m[DEBUG] [39;1msnarkJS[0m: tauG1: fft 22 mix end: 39/256
[36;22m[DEBUG] [39;1msnarkJS[0m: tauG1: fft 22 mix end: 47/256
[36;22m[DEBUG] [39;1msnarkJS[0m: tauG1: fft 22 mix end: 58/256
[36;22m[DEBUG] [39;1msnarkJS[0m: tauG1: fft 22 mix end: 50/256
[36;22m[DEBUG] [39;1msnarkJS[0m: tauG1: fft 22 mix end: 55/256
[36;22m[DEBUG] [39;1msnarkJS[0m: tauG1: fft 22 mix end: 49/256
[36;22m[DEBUG] [39;1msnarkJS[0m: tauG1: fft 22 mix end: 64/256
[36;22m[DEBUG] [39;1msnarkJS[0m: tauG1: fft 22 mix end: 56/256
[36;22m[DEBUG] [39;1msnarkJS[0m: tauG1: fft 22 mix end: 65/256
[36;22m[DEBUG] [39;1msnarkJS[0m: tauG1: fft 22 mix end: 54/256
[36;22m[DEBUG] [39;1msnarkJS[0m: tauG1: fft 22 mix end: 66/256
[36;22m[DEBUG] [39;1msnarkJS[0m: tauG1: fft 22 mix end: 57/256
[36;22m[DEBUG] [39;1msnarkJS[0m: tauG1: fft 22 mix end: 61/256
[36;22m[DEBUG] [39;1msnarkJS[0m: tauG1: fft 22 mix end: 60/256
[36;22m[DEBUG] [39;1msnarkJS[0m: tauG1: fft 22 mix end: 59/256
[36;22m[DEBUG] [39;1msnarkJS[0m: tauG1: fft 22 mix end: 62/256
[36;22m[DEBUG] [39;1msnarkJS[0m: tauG1: fft 22 mix end: 63/256
[36;22m[DEBUG] [39;1msnarkJS[0m: tauG1: fft 22 mix end: 72/256
[36;22m[DEBUG] [39;1msnarkJS[0m: tauG1: fft 22 mix end: 73/256
[36;22m[DEBUG] [39;1msnarkJS[0m: tauG1: fft 22 mix end: 74/256
[36;22m[DEBUG] [39;1msnarkJS[0m: tauG1: fft 22 mix end: 67/256
[36;22m[DEBUG] [39;1msnarkJS[0m: tauG1: fft 22 mix end: 76/256
[36;22m[DEBUG] [39;1msnarkJS[0m: tauG1: fft 22 mix end: 69/256
[36;22m[DEBUG] [39;1msnarkJS[0m: tauG1: fft 22 mix end: 71/256
[36;22m[DEBUG] [39;1msnarkJS[0m: tauG1: fft 22 mix end: 79/256
[36;22m[DEBUG] [39;1msnarkJS[0m: tauG1: fft 22 mix end: 77/256
[36;22m[DEBUG] [39;1msnarkJS[0m: tauG1: fft 22 mix end: 68/256
[36;22m[DEBUG] [39;1msnarkJS[0m: tauG1: fft 22 mix end: 70/256
[36;22m[DEBUG] [39;1msnarkJS[0m: tauG1: fft 22 mix end: 75/256
[36;22m[DEBUG] [39;1msnarkJS[0m: tauG1: fft 22 mix end: 83/256
[36;22m[DEBUG] [39;1msnarkJS[0m: tauG1: fft 22 mix end: 82/256
[36;22m[DEBUG] [39;1msnarkJS[0m: tauG1: fft 22 mix end: 85/256
[36;22m[DEBUG] [39;1msnarkJS[0m: tauG1: fft 22 mix end: 81/256
[36;22m[DEBUG] [39;1msnarkJS[0m: tauG1: fft 22 mix end: 90/256
[36;22m[DEBUG] [39;1msnarkJS[0m: tauG1: fft 22 mix end: 78/256
[36;22m[DEBUG] [39;1msnarkJS[0m: tauG1: fft 22 mix end: 80/256
[36;22m[DEBUG] [39;1msnarkJS[0m: tauG1: fft 22 mix end: 84/256
[36;22m[DEBUG] [39;1msnarkJS[0m: tauG1: fft 22 mix end: 92/256
[36;22m[DEBUG] [39;1msnarkJS[0m: tauG1: fft 22 mix end: 99/256
[36;22m[DEBUG] [39;1msnarkJS[0m: tauG1: fft 22 mix end: 100/256
[36;22m[DEBUG] [39;1msnarkJS[0m: tauG1: fft 22 mix end: 87/256
[36;22m[DEBUG] [39;1msnarkJS[0m: tauG1: fft 22 mix end: 89/256
[36;22m[DEBUG] [39;1msnarkJS[0m: tauG1: fft 22 mix end: 88/256
[36;22m[DEBUG] [39;1msnarkJS[0m: tauG1: fft 22 mix end: 103/256
[36;22m[DEBUG] [39;1msnarkJS[0m: tauG1: fft 22 mix end: 86/256
[36;22m[DEBUG] [39;1msnarkJS[0m: tauG1: fft 22 mix end: 105/256
[36;22m[DEBUG] [39;1msnarkJS[0m: tauG1: fft 22 mix end: 93/256
[36;22m[DEBUG] [39;1msnarkJS[0m: tauG1: fft 22 mix end: 106/256
[36;22m[DEBUG] [39;1msnarkJS[0m: tauG1: fft 22 mix end: 107/256
[36;22m[DEBUG] [39;1msnarkJS[0m: tauG1: fft 22 mix end: 91/256
[36;22m[DEBUG] [39;1msnarkJS[0m: tauG1: fft 22 mix end: 96/256
[36;22m[DEBUG] [39;1msnarkJS[0m: tauG1: fft 22 mix end: 94/256
[36;22m[DEBUG] [39;1msnarkJS[0m: tauG1: fft 22 mix end: 95/256
[36;22m[DEBUG] [39;1msnarkJS[0m: tauG1: fft 22 mix end: 97/256
[36;22m[DEBUG] [39;1msnarkJS[0m: tauG1: fft 22 mix end: 98/256
[36;22m[DEBUG] [39;1msnarkJS[0m: tauG1: fft 22 mix end: 111/256
[36;22m[DEBUG] [39;1msnarkJS[0m: tauG1: fft 22 mix end: 101/256
[36;22m[DEBUG] [39;1msnarkJS[0m: tauG1: fft 22 mix end: 102/256
[36;22m[DEBUG] [39;1msnarkJS[0m: tauG1: fft 22 mix end: 104/256
[36;22m[DEBUG] [39;1msnarkJS[0m: tauG1: fft 22 mix end: 113/256
[36;22m[DEBUG] [39;1msnarkJS[0m: tauG1: fft 22 mix end: 108/256
[36;22m[DEBUG] [39;1msnarkJS[0m: tauG1: fft 22 mix end: 115/256
[36;22m[DEBUG] [39;1msnarkJS[0m: tauG1: fft 22 mix end: 110/256
[36;22m[DEBUG] [39;1msnarkJS[0m: tauG1: fft 22 mix end: 122/256
[36;22m[DEBUG] [39;1msnarkJS[0m: tauG1: fft 22 mix end: 109/256
[36;22m[DEBUG] [39;1msnarkJS[0m: tauG1: fft 22 mix end: 112/256
[36;22m[DEBUG] [39;1msnarkJS[0m: tauG1: fft 22 mix end: 120/256
[36;22m[DEBUG] [39;1msnarkJS[0m: tauG1: fft 22 mix end: 119/256
[36;22m[DEBUG] [39;1msnarkJS[0m: tauG1: fft 22 mix end: 114/256
[36;22m[DEBUG] [39;1msnarkJS[0m: tauG1: fft 22 mix end: 116/256
[36;22m[DEBUG] [39;1msnarkJS[0m: tauG1: fft 22 mix end: 125/256
[36;22m[DEBUG] [39;1msnarkJS[0m: tauG1: fft 22 mix end: 127/256
[36;22m[DEBUG] [39;1msnarkJS[0m: tauG1: fft 22 mix end: 130/256
[36;22m[DEBUG] [39;1msnarkJS[0m: tauG1: fft 22 mix end: 121/256
[36;22m[DEBUG] [39;1msnarkJS[0m: tauG1: fft 22 mix end: 117/256
[36;22m[DEBUG] [39;1msnarkJS[0m: tauG1: fft 22 mix end: 118/256
[36;22m[DEBUG] [39;1msnarkJS[0m: tauG1: fft 22 mix end: 128/256
[36;22m[DEBUG] [39;1msnarkJS[0m: tauG1: fft 22 mix end: 137/256
[36;22m[DEBUG] [39;1msnarkJS[0m: tauG1: fft 22 mix end: 124/256
[36;22m[DEBUG] [39;1msnarkJS[0m: tauG1: fft 22 mix end: 138/256
[36;22m[DEBUG] [39;1msnarkJS[0m: tauG1: fft 22 mix end: 123/256
[36;22m[DEBUG] [39;1msnarkJS[0m: tauG1: fft 22 mix end: 126/256
[36;22m[DEBUG] [39;1msnarkJS[0m: tauG1: fft 22 mix end: 131/256
[36;22m[DEBUG] [39;1msnarkJS[0m: tauG1: fft 22 mix end: 134/256
[36;22m[DEBUG] [39;1msnarkJS[0m: tauG1: fft 22 mix end: 129/256
[36;22m[DEBUG] [39;1msnarkJS[0m: tauG1: fft 22 mix end: 139/256
[36;22m[DEBUG] [39;1msnarkJS[0m: tauG1: fft 22 mix end: 132/256
[36;22m[DEBUG] [39;1msnarkJS[0m: tauG1: fft 22 mix end: 133/256
[36;22m[DEBUG] [39;1msnarkJS[0m: tauG1: fft 22 mix end: 135/256
[36;22m[DEBUG] [39;1msnarkJS[0m: tauG1: fft 22 mix end: 136/256
[36;22m[DEBUG] [39;1msnarkJS[0m: tauG1: fft 22 mix end: 145/256
[36;22m[DEBUG] [39;1msnarkJS[0m: tauG1: fft 22 mix end: 148/256
[36;22m[DEBUG] [39;1msnarkJS[0m: tauG1: fft 22 mix end: 142/256
[36;22m[DEBUG] [39;1msnarkJS[0m: tauG1: fft 22 mix end: 153/256
[36;22m[DEBUG] [39;1msnarkJS[0m: tauG1: fft 22 mix end: 152/256
[36;22m[DEBUG] [39;1msnarkJS[0m: tauG1: fft 22 mix end: 154/256
[36;22m[DEBUG] [39;1msnarkJS[0m: tauG1: fft 22 mix end: 144/256
[36;22m[DEBUG] [39;1msnarkJS[0m: tauG1: fft 22 mix end: 150/256
[36;22m[DEBUG] [39;1msnarkJS[0m: tauG1: fft 22 mix end: 140/256
[36;22m[DEBUG] [39;1msnarkJS[0m: tauG1: fft 22 mix end: 141/256
[36;22m[DEBUG] [39;1msnarkJS[0m: tauG1: fft 22 mix end: 157/256
[36;22m[DEBUG] [39;1msnarkJS[0m: tauG1: fft 22 mix end: 149/256
[36;22m[DEBUG] [39;1msnarkJS[0m: tauG1: fft 22 mix end: 143/256
[36;22m[DEBUG] [39;1msnarkJS[0m: tauG1: fft 22 mix end: 147/256
[36;22m[DEBUG] [39;1msnarkJS[0m: tauG1: fft 22 mix end: 163/256
[36;22m[DEBUG] [39;1msnarkJS[0m: tauG1: fft 22 mix end: 146/256
[36;22m[DEBUG] [39;1msnarkJS[0m: tauG1: fft 22 mix end: 159/256
[36;22m[DEBUG] [39;1msnarkJS[0m: tauG1: fft 22 mix end: 167/256
[36;22m[DEBUG] [39;1msnarkJS[0m: tauG1: fft 22 mix end: 151/256
[36;22m[DEBUG] [39;1msnarkJS[0m: tauG1: fft 22 mix end: 156/256
[36;22m[DEBUG] [39;1msnarkJS[0m: tauG1: fft 22 mix end: 155/256
[36;22m[DEBUG] [39;1msnarkJS[0m: tauG1: fft 22 mix end: 160/256
[36;22m[DEBUG] [39;1msnarkJS[0m: tauG1: fft 22 mix end: 172/256
[36;22m[DEBUG] [39;1msnarkJS[0m: tauG1: fft 22 mix end: 158/256
[36;22m[DEBUG] [39;1msnarkJS[0m: tauG1: fft 22 mix end: 165/256
[36;22m[DEBUG] [39;1msnarkJS[0m: tauG1: fft 22 mix end: 161/256
[36;22m[DEBUG] [39;1msnarkJS[0m: tauG1: fft 22 mix end: 162/256
[36;22m[DEBUG] [39;1msnarkJS[0m: tauG1: fft 22 mix end: 175/256
[36;22m[DEBUG] [39;1msnarkJS[0m: tauG1: fft 22 mix end: 166/256
[36;22m[DEBUG] [39;1msnarkJS[0m: tauG1: fft 22 mix end: 176/256
[36;22m[DEBUG] [39;1msnarkJS[0m: tauG1: fft 22 mix end: 169/256
[36;22m[DEBUG] [39;1msnarkJS[0m: tauG1: fft 22 mix end: 178/256
[36;22m[DEBUG] [39;1msnarkJS[0m: tauG1: fft 22 mix end: 164/256
[36;22m[DEBUG] [39;1msnarkJS[0m: tauG1: fft 22 mix end: 173/256
[36;22m[DEBUG] [39;1msnarkJS[0m: tauG1: fft 22 mix end: 177/256
[36;22m[DEBUG] [39;1msnarkJS[0m: tauG1: fft 22 mix end: 179/256
[36;22m[DEBUG] [39;1msnarkJS[0m: tauG1: fft 22 mix end: 168/256
[36;22m[DEBUG] [39;1msnarkJS[0m: tauG1: fft 22 mix end: 170/256
[36;22m[DEBUG] [39;1msnarkJS[0m: tauG1: fft 22 mix end: 171/256
[36;22m[DEBUG] [39;1msnarkJS[0m: tauG1: fft 22 mix end: 174/256
[36;22m[DEBUG] [39;1msnarkJS[0m: tauG1: fft 22 mix end: 186/256
[36;22m[DEBUG] [39;1msnarkJS[0m: tauG1: fft 22 mix end: 182/256
[36;22m[DEBUG] [39;1msnarkJS[0m: tauG1: fft 22 mix end: 181/256
[36;22m[DEBUG] [39;1msnarkJS[0m: tauG1: fft 22 mix end: 188/256
[36;22m[DEBUG] [39;1msnarkJS[0m: tauG1: fft 22 mix end: 185/256
[36;22m[DEBUG] [39;1msnarkJS[0m: tauG1: fft 22 mix end: 187/256
[36;22m[DEBUG] [39;1msnarkJS[0m: tauG1: fft 22 mix end: 180/256
[36;22m[DEBUG] [39;1msnarkJS[0m: tauG1: fft 22 mix end: 190/256
[36;22m[DEBUG] [39;1msnarkJS[0m: tauG1: fft 22 mix end: 183/256
[36;22m[DEBUG] [39;1msnarkJS[0m: tauG1: fft 22 mix end: 184/256
[36;22m[DEBUG] [39;1msnarkJS[0m: tauG1: fft 22 mix end: 192/256
[36;22m[DEBUG] [39;1msnarkJS[0m: tauG1: fft 22 mix end: 194/256
[36;22m[DEBUG] [39;1msnarkJS[0m: tauG1: fft 22 mix end: 199/256
[36;22m[DEBUG] [39;1msnarkJS[0m: tauG1: fft 22 mix end: 189/256
[36;22m[DEBUG] [39;1msnarkJS[0m: tauG1: fft 22 mix end: 203/256
[36;22m[DEBUG] [39;1msnarkJS[0m: tauG1: fft 22 mix end: 193/256
[36;22m[DEBUG] [39;1msnarkJS[0m: tauG1: fft 22 mix end: 191/256
[36;22m[DEBUG] [39;1msnarkJS[0m: tauG1: fft 22 mix end: 204/256
[36;22m[DEBUG] [39;1msnarkJS[0m: tauG1: fft 22 mix end: 197/256
[36;22m[DEBUG] [39;1msnarkJS[0m: tauG1: fft 22 mix end: 200/256
[36;22m[DEBUG] [39;1msnarkJS[0m: tauG1: fft 22 mix end: 207/256
[36;22m[DEBUG] [39;1msnarkJS[0m: tauG1: fft 22 mix end: 201/256
[36;22m[DEBUG] [39;1msnarkJS[0m: tauG1: fft 22 mix end: 206/256
[36;22m[DEBUG] [39;1msnarkJS[0m: tauG1: fft 22 mix end: 196/256
[36;22m[DEBUG] [39;1msnarkJS[0m: tauG1: fft 22 mix end: 202/256
[36;22m[DEBUG] [39;1msnarkJS[0m: tauG1: fft 22 mix end: 205/256
[36;22m[DEBUG] [39;1msnarkJS[0m: tauG1: fft 22 mix end: 195/256
[36;22m[DEBUG] [39;1msnarkJS[0m: tauG1: fft 22 mix end: 198/256
[36;22m[DEBUG] [39;1msnarkJS[0m: tauG1: fft 22 mix end: 208/256
[36;22m[DEBUG] [39;1msnarkJS[0m: tauG1: fft 22 mix end: 211/256
[36;22m[DEBUG] [39;1msnarkJS[0m: tauG1: fft 22 mix end: 212/256
[36;22m[DEBUG] [39;1msnarkJS[0m: tauG1: fft 22 mix end: 210/256
[36;22m[DEBUG] [39;1msnarkJS[0m: tauG1: fft 22 mix end: 217/256
[36;22m[DEBUG] [39;1msnarkJS[0m: tauG1: fft 22 mix end: 209/256
[36;22m[DEBUG] [39;1msnarkJS[0m: tauG1: fft 22 mix end: 224/256
[36;22m[DEBUG] [39;1msnarkJS[0m: tauG1: fft 22 mix end: 226/256
[36;22m[DEBUG] [39;1msnarkJS[0m: tauG1: fft 22 mix end: 216/256
[36;22m[DEBUG] [39;1msnarkJS[0m: tauG1: fft 22 mix end: 213/256
[36;22m[DEBUG] [39;1msnarkJS[0m: tauG1: fft 22 mix end: 225/256
[36;22m[DEBUG] [39;1msnarkJS[0m: tauG1: fft 22 mix end: 214/256
[36;22m[DEBUG] [39;1msnarkJS[0m: tauG1: fft 22 mix end: 229/256
[36;22m[DEBUG] [39;1msnarkJS[0m: tauG1: fft 22 mix end: 222/256
[36;22m[DEBUG] [39;1msnarkJS[0m: tauG1: fft 22 mix end: 231/256
[36;22m[DEBUG] [39;1msnarkJS[0m: tauG1: fft 22 mix end: 215/256
[36;22m[DEBUG] [39;1msnarkJS[0m: tauG1: fft 22 mix end: 223/256
[36;22m[DEBUG] [39;1msnarkJS[0m: tauG1: fft 22 mix end: 220/256
[36;22m[DEBUG] [39;1msnarkJS[0m: tauG1: fft 22 mix end: 218/256
[36;22m[DEBUG] [39;1msnarkJS[0m: tauG1: fft 22 mix end: 219/256
[36;22m[DEBUG] [39;1msnarkJS[0m: tauG1: fft 22 mix end: 237/256
[36;22m[DEBUG] [39;1msnarkJS[0m: tauG1: fft 22 mix end: 221/256
[36;22m[DEBUG] [39;1msnarkJS[0m: tauG1: fft 22 mix end: 228/256
[36;22m[DEBUG] [39;1msnarkJS[0m: tauG1: fft 22 mix end: 227/256
[36;22m[DEBUG] [39;1msnarkJS[0m: tauG1: fft 22 mix end: 230/256
[36;22m[DEBUG] [39;1msnarkJS[0m: tauG1: fft 22 mix end: 235/256
[36;22m[DEBUG] [39;1msnarkJS[0m: tauG1: fft 22 mix end: 240/256
[36;22m[DEBUG] [39;1msnarkJS[0m: tauG1: fft 22 mix end: 242/256
[36;22m[DEBUG] [39;1msnarkJS[0m: tauG1: fft 22 mix end: 243/256
[36;22m[DEBUG] [39;1msnarkJS[0m: tauG1: fft 22 mix end: 236/256
[36;22m[DEBUG] [39;1msnarkJS[0m: tauG1: fft 22 mix end: 232/256
[36;22m[DEBUG] [39;1msnarkJS[0m: tauG1: fft 22 mix end: 238/256
[36;22m[DEBUG] [39;1msnarkJS[0m: tauG1: fft 22 mix end: 234/256
[36;22m[DEBUG] [39;1msnarkJS[0m: tauG1: fft 22 mix end: 233/256
[36;22m[DEBUG] [39;1msnarkJS[0m: tauG1: fft 22 mix end: 246/256
[36;22m[DEBUG] [39;1msnarkJS[0m: tauG1: fft 22 mix end: 239/256
[36;22m[DEBUG] [39;1msnarkJS[0m: tauG1: fft 22 mix end: 247/256
[36;22m[DEBUG] [39;1msnarkJS[0m: tauG1: fft 22 mix end: 248/256
[36;22m[DEBUG] [39;1msnarkJS[0m: tauG1: fft 22 mix end: 241/256
[36;22m[DEBUG] [39;1msnarkJS[0m: tauG1: fft 22 mix end: 249/256
[36;22m[DEBUG] [39;1msnarkJS[0m: tauG1: fft 22 mix end: 250/256
[36;22m[DEBUG] [39;1msnarkJS[0m: tauG1: fft 22 mix end: 252/256
[36;22m[DEBUG] [39;1msnarkJS[0m: tauG1: fft 22 mix end: 254/256
[36;22m[DEBUG] [39;1msnarkJS[0m: tauG1: fft 22 mix end: 244/256
[36;22m[DEBUG] [39;1msnarkJS[0m: tauG1: fft 22 mix end: 245/256
[36;22m[DEBUG] [39;1msnarkJS[0m: tauG1: fft 22 mix end: 255/256
[36;22m[DEBUG] [39;1msnarkJS[0m: tauG1: fft 22 mix end: 253/256
[36;22m[DEBUG] [39;1msnarkJS[0m: tauG1: fft 22 mix end: 251/256
[36;22m[DEBUG] [39;1msnarkJS[0m: tauG1: fft  22  join: 15/22
[36;22m[DEBUG] [39;1msnarkJS[0m: tauG1: fft 22 join  15/22  4/128 0/1
[36;22m[DEBUG] [39;1msnarkJS[0m: tauG1: fft 22 join  15/22  16/128 0/1
[36;22m[DEBUG] [39;1msnarkJS[0m: tauG1: fft 22 join  15/22  7/128 0/1
[36;22m[DEBUG] [39;1msnarkJS[0m: tauG1: fft 22 join  15/22  26/128 0/1
[36;22m[DEBUG] [39;1msnarkJS[0m: tauG1: fft 22 join  15/22  20/128 0/1
[36;22m[DEBUG] [39;1msnarkJS[0m: tauG1: fft 22 join  15/22  18/128 0/1
[36;22m[DEBUG] [39;1msnarkJS[0m: tauG1: fft 22 join  15/22  17/128 0/1
[36;22m[DEBUG] [39;1msnarkJS[0m: tauG1: fft 22 join  15/22  10/128 0/1
[36;22m[DEBUG] [39;1msnarkJS[0m: tauG1: fft 22 join  15/22  12/128 0/1
[36;22m[DEBUG] [39;1msnarkJS[0m: tauG1: fft 22 join  15/22  13/128 0/1
[36;22m[DEBUG] [39;1msnarkJS[0m: tauG1: fft 22 join  15/22  3/128 0/1
[36;22m[DEBUG] [39;1msnarkJS[0m: tauG1: fft 22 join  15/22  28/128 0/1
[36;22m[DEBUG] [39;1msnarkJS[0m: tauG1: fft 22 join  15/22  9/128 0/1
[36;22m[DEBUG] [39;1msnarkJS[0m: tauG1: fft 22 join  15/22  24/128 0/1
[36;22m[DEBUG] [39;1msnarkJS[0m: tauG1: fft 22 join  15/22  14/128 0/1
[36;22m[DEBUG] [39;1msnarkJS[0m: tauG1: fft 22 join  15/22  8/128 0/1
[36;22m[DEBUG] [39;1msnarkJS[0m: tauG1: fft 22 join  15/22  29/128 0/1
[36;22m[DEBUG] [39;1msnarkJS[0m: tauG1: fft 22 join  15/22  2/128 0/1
[36;22m[DEBUG] [39;1msnarkJS[0m: tauG1: fft 22 join  15/22  27/128 0/1
[36;22m[DEBUG] [39;1msnarkJS[0m: tauG1: fft 22 join  15/22  19/128 0/1
[36;22m[DEBUG] [39;1msnarkJS[0m: tauG1: fft 22 join  15/22  1/128 0/1
[36;22m[DEBUG] [39;1msnarkJS[0m: tauG1: fft 22 join  15/22  5/128 0/1
[36;22m[DEBUG] [39;1msnarkJS[0m: tauG1: fft 22 join  15/22  6/128 0/1
[36;22m[DEBUG] [39;1msnarkJS[0m: tauG1: fft 22 join  15/22  32/128 0/1
[36;22m[DEBUG] [39;1msnarkJS[0m: tauG1: fft 22 join  15/22  11/128 0/1
[36;22m[DEBUG] [39;1msnarkJS[0m: tauG1: fft 22 join  15/22  30/128 0/1
[36;22m[DEBUG] [39;1msnarkJS[0m: tauG1: fft 22 join  15/22  31/128 0/1
[36;22m[DEBUG] [39;1msnarkJS[0m: tauG1: fft 22 join  15/22  15/128 0/1
[36;22m[DEBUG] [39;1msnarkJS[0m: tauG1: fft 22 join  15/22  23/128 0/1
[36;22m[DEBUG] [39;1msnarkJS[0m: tauG1: fft 22 join  15/22  21/128 0/1
[36;22m[DEBUG] [39;1msnarkJS[0m: tauG1: fft 22 join  15/22  22/128 0/1
[36;22m[DEBUG] [39;1msnarkJS[0m: tauG1: fft 22 join  15/22  25/128 0/1
[36;22m[DEBUG] [39;1msnarkJS[0m: tauG1: fft 22 join  15/22  34/128 0/1
[36;22m[DEBUG] [39;1msnarkJS[0m: tauG1: fft 22 join  15/22  35/128 0/1
[36;22m[DEBUG] [39;1msnarkJS[0m: tauG1: fft 22 join  15/22  38/128 0/1
[36;22m[DEBUG] [39;1msnarkJS[0m: tauG1: fft 22 join  15/22  33/128 0/1
[36;22m[DEBUG] [39;1msnarkJS[0m: tauG1: fft 22 join  15/22  37/128 0/1
[36;22m[DEBUG] [39;1msnarkJS[0m: tauG1: fft 22 join  15/22  39/128 0/1
[36;22m[DEBUG] [39;1msnarkJS[0m: tauG1: fft 22 join  15/22  36/128 0/1
[36;22m[DEBUG] [39;1msnarkJS[0m: tauG1: fft 22 join  15/22  40/128 0/1
[36;22m[DEBUG] [39;1msnarkJS[0m: tauG1: fft 22 join  15/22  42/128 0/1
[36;22m[DEBUG] [39;1msnarkJS[0m: tauG1: fft 22 join  15/22  44/128 0/1
[36;22m[DEBUG] [39;1msnarkJS[0m: tauG1: fft 22 join  15/22  41/128 0/1
[36;22m[DEBUG] [39;1msnarkJS[0m: tauG1: fft 22 join  15/22  43/128 0/1
[36;22m[DEBUG] [39;1msnarkJS[0m: tauG1: fft 22 join  15/22  55/128 0/1
[36;22m[DEBUG] [39;1msnarkJS[0m: tauG1: fft 22 join  15/22  64/128 0/1
[36;22m[DEBUG] [39;1msnarkJS[0m: tauG1: fft 22 join  15/22  50/128 0/1
[36;22m[DEBUG] [39;1msnarkJS[0m: tauG1: fft 22 join  15/22  46/128 0/1
[36;22m[DEBUG] [39;1msnarkJS[0m: tauG1: fft 22 join  15/22  45/128 0/1
[36;22m[DEBUG] [39;1msnarkJS[0m: tauG1: fft 22 join  15/22  49/128 0/1
[36;22m[DEBUG] [39;1msnarkJS[0m: tauG1: fft 22 join  15/22  47/128 0/1
[36;22m[DEBUG] [39;1msnarkJS[0m: tauG1: fft 22 join  15/22  68/128 0/1
[36;22m[DEBUG] [39;1msnarkJS[0m: tauG1: fft 22 join  15/22  67/128 0/1
[36;22m[DEBUG] [39;1msnarkJS[0m: tauG1: fft 22 join  15/22  69/128 0/1
[36;22m[DEBUG] [39;1msnarkJS[0m: tauG1: fft 22 join  15/22  61/128 0/1
[36;22m[DEBUG] [39;1msnarkJS[0m: tauG1: fft 22 join  15/22  65/128 0/1
[36;22m[DEBUG] [39;1msnarkJS[0m: tauG1: fft 22 join  15/22  66/128 0/1
[36;22m[DEBUG] [39;1msnarkJS[0m: tauG1: fft 22 join  15/22  70/128 0/1
[36;22m[DEBUG] [39;1msnarkJS[0m: tauG1: fft 22 join  15/22  48/128 0/1
[36;22m[DEBUG] [39;1msnarkJS[0m: tauG1: fft 22 join  15/22  51/128 0/1
[36;22m[DEBUG] [39;1msnarkJS[0m: tauG1: fft 22 join  15/22  63/128 0/1
[36;22m[DEBUG] [39;1msnarkJS[0m: tauG1: fft 22 join  15/22  52/128 0/1
[36;22m[DEBUG] [39;1msnarkJS[0m: tauG1: fft 22 join  15/22  60/128 0/1
[36;22m[DEBUG] [39;1msnarkJS[0m: tauG1: fft 22 join  15/22  53/128 0/1
[36;22m[DEBUG] [39;1msnarkJS[0m: tauG1: fft 22 join  15/22  54/128 0/1
[36;22m[DEBUG] [39;1msnarkJS[0m: tauG1: fft 22 join  15/22  56/128 0/1
[36;22m[DEBUG] [39;1msnarkJS[0m: tauG1: fft 22 join  15/22  58/128 0/1
[36;22m[DEBUG] [39;1msnarkJS[0m: tauG1: fft 22 join  15/22  59/128 0/1
[36;22m[DEBUG] [39;1msnarkJS[0m: tauG1: fft 22 join  15/22  62/128 0/1
[36;22m[DEBUG] [39;1msnarkJS[0m: tauG1: fft 22 join  15/22  57/128 0/1
[36;22m[DEBUG] [39;1msnarkJS[0m: tauG1: fft 22 join  15/22  71/128 0/1
[36;22m[DEBUG] [39;1msnarkJS[0m: tauG1: fft 22 join  15/22  74/128 0/1
[36;22m[DEBUG] [39;1msnarkJS[0m: tauG1: fft 22 join  15/22  78/128 0/1
[36;22m[DEBUG] [39;1msnarkJS[0m: tauG1: fft 22 join  15/22  80/128 0/1
[36;22m[DEBUG] [39;1msnarkJS[0m: tauG1: fft 22 join  15/22  72/128 0/1
[36;22m[DEBUG] [39;1msnarkJS[0m: tauG1: fft 22 join  15/22  73/128 0/1
[36;22m[DEBUG] [39;1msnarkJS[0m: tauG1: fft 22 join  15/22  75/128 0/1
[36;22m[DEBUG] [39;1msnarkJS[0m: tauG1: fft 22 join  15/22  84/128 0/1
[36;22m[DEBUG] [39;1msnarkJS[0m: tauG1: fft 22 join  15/22  86/128 0/1
[36;22m[DEBUG] [39;1msnarkJS[0m: tauG1: fft 22 join  15/22  85/128 0/1
[36;22m[DEBUG] [39;1msnarkJS[0m: tauG1: fft 22 join  15/22  89/128 0/1
[36;22m[DEBUG] [39;1msnarkJS[0m: tauG1: fft 22 join  15/22  90/128 0/1
[36;22m[DEBUG] [39;1msnarkJS[0m: tauG1: fft 22 join  15/22  77/128 0/1
[36;22m[DEBUG] [39;1msnarkJS[0m: tauG1: fft 22 join  15/22  88/128 0/1
[36;22m[DEBUG] [39;1msnarkJS[0m: tauG1: fft 22 join  15/22  76/128 0/1
[36;22m[DEBUG] [39;1msnarkJS[0m: tauG1: fft 22 join  15/22  81/128 0/1
[36;22m[DEBUG] [39;1msnarkJS[0m: tauG1: fft 22 join  15/22  82/128 0/1
[36;22m[DEBUG] [39;1msnarkJS[0m: tauG1: fft 22 join  15/22  103/128 0/1
[36;22m[DEBUG] [39;1msnarkJS[0m: tauG1: fft 22 join  15/22  104/128 0/1
[36;22m[DEBUG] [39;1msnarkJS[0m: tauG1: fft 22 join  15/22  79/128 0/1
[36;22m[DEBUG] [39;1msnarkJS[0m: tauG1: fft 22 join  15/22  97/128 0/1
[36;22m[DEBUG] [39;1msnarkJS[0m: tauG1: fft 22 join  15/22  87/128 0/1
[36;22m[DEBUG] [39;1msnarkJS[0m: tauG1: fft 22 join  15/22  102/128 0/1
[36;22m[DEBUG] [39;1msnarkJS[0m: tauG1: fft 22 join  15/22  83/128 0/1
[36;22m[DEBUG] [39;1msnarkJS[0m: tauG1: fft 22 join  15/22  93/128 0/1
[36;22m[DEBUG] [39;1msnarkJS[0m: tauG1: fft 22 join  15/22  91/128 0/1
[36;22m[DEBUG] [39;1msnarkJS[0m: tauG1: fft 22 join  15/22  99/128 0/1
[36;22m[DEBUG] [39;1msnarkJS[0m: tauG1: fft 22 join  15/22  92/128 0/1
[36;22m[DEBUG] [39;1msnarkJS[0m: tauG1: fft 22 join  15/22  96/128 0/1
[36;22m[DEBUG] [39;1msnarkJS[0m: tauG1: fft 22 join  15/22  95/128 0/1
[36;22m[DEBUG] [39;1msnarkJS[0m: tauG1: fft 22 join  15/22  94/128 0/1
[36;22m[DEBUG] [39;1msnarkJS[0m: tauG1: fft 22 join  15/22  98/128 0/1
[36;22m[DEBUG] [39;1msnarkJS[0m: tauG1: fft 22 join  15/22  100/128 0/1
[36;22m[DEBUG] [39;1msnarkJS[0m: tauG1: fft 22 join  15/22  101/128 0/1
[36;22m[DEBUG] [39;1msnarkJS[0m: tauG1: fft 22 join  15/22  105/128 0/1
[36;22m[DEBUG] [39;1msnarkJS[0m: tauG1: fft 22 join  15/22  111/128 0/1
[36;22m[DEBUG] [39;1msnarkJS[0m: tauG1: fft 22 join  15/22  112/128 0/1
[36;22m[DEBUG] [39;1msnarkJS[0m: tauG1: fft 22 join  15/22  114/128 0/1
[36;22m[DEBUG] [39;1msnarkJS[0m: tauG1: fft 22 join  15/22  106/128 0/1
[36;22m[DEBUG] [39;1msnarkJS[0m: tauG1: fft 22 join  15/22  113/128 0/1
[36;22m[DEBUG] [39;1msnarkJS[0m: tauG1: fft 22 join  15/22  110/128 0/1
[36;22m[DEBUG] [39;1msnarkJS[0m: tauG1: fft 22 join  15/22  108/128 0/1
[36;22m[DEBUG] [39;1msnarkJS[0m: tauG1: fft 22 join  15/22  107/128 0/1
[36;22m[DEBUG] [39;1msnarkJS[0m: tauG1: fft 22 join  15/22  115/128 0/1
[36;22m[DEBUG] [39;1msnarkJS[0m: tauG1: fft 22 join  15/22  109/128 0/1
[36;22m[DEBUG] [39;1msnarkJS[0m: tauG1: fft 22 join  15/22  120/128 0/1
[36;22m[DEBUG] [39;1msnarkJS[0m: tauG1: fft 22 join  15/22  118/128 0/1
[36;22m[DEBUG] [39;1msnarkJS[0m: tauG1: fft 22 join  15/22  121/128 0/1
[36;22m[DEBUG] [39;1msnarkJS[0m: tauG1: fft 22 join  15/22  123/128 0/1
[36;22m[DEBUG] [39;1msnarkJS[0m: tauG1: fft 22 join  15/22  116/128 0/1
[36;22m[DEBUG] [39;1msnarkJS[0m: tauG1: fft 22 join  15/22  117/128 0/1
[36;22m[DEBUG] [39;1msnarkJS[0m: tauG1: fft 22 join  15/22  124/128 0/1
[36;22m[DEBUG] [39;1msnarkJS[0m: tauG1: fft 22 join  15/22  122/128 0/1
[36;22m[DEBUG] [39;1msnarkJS[0m: tauG1: fft 22 join  15/22  119/128 0/1
[36;22m[DEBUG] [39;1msnarkJS[0m: tauG1: fft 22 join  15/22  127/128 0/1
[36;22m[DEBUG] [39;1msnarkJS[0m: tauG1: fft 22 join  15/22  126/128 0/1
[36;22m[DEBUG] [39;1msnarkJS[0m: tauG1: fft 22 join  15/22  125/128 0/1
[36;22m[DEBUG] [39;1msnarkJS[0m: tauG1: fft 22 join  15/22  128/128 0/1
[36;22m[DEBUG] [39;1msnarkJS[0m: tauG1: fft  22  join: 16/22
[36;22m[DEBUG] [39;1msnarkJS[0m: tauG1: fft 22 join  16/22  11/64 0/2
[36;22m[DEBUG] [39;1msnarkJS[0m: tauG1: fft 22 join  16/22  9/64 0/2
[36;22m[DEBUG] [39;1msnarkJS[0m: tauG1: fft 22 join  16/22  7/64 1/2
[36;22m[DEBUG] [39;1msnarkJS[0m: tauG1: fft 22 join  16/22  10/64 1/2
[36;22m[DEBUG] [39;1msnarkJS[0m: tauG1: fft 22 join  16/22  2/64 1/2
[36;22m[DEBUG] [39;1msnarkJS[0m: tauG1: fft 22 join  16/22  16/64 1/2
[36;22m[DEBUG] [39;1msnarkJS[0m: tauG1: fft 22 join  16/22  14/64 1/2
[36;22m[DEBUG] [39;1msnarkJS[0m: tauG1: fft 22 join  16/22  10/64 0/2
[36;22m[DEBUG] [39;1msnarkJS[0m: tauG1: fft 22 join  16/22  1/64 0/2
[36;22m[DEBUG] [39;1msnarkJS[0m: tauG1: fft 22 join  16/22  3/64 1/2
[36;22m[DEBUG] [39;1msnarkJS[0m: tauG1: fft 22 join  16/22  3/64 0/2
[36;22m[DEBUG] [39;1msnarkJS[0m: tauG1: fft 22 join  16/22  13/64 1/2
[36;22m[DEBUG] [39;1msnarkJS[0m: tauG1: fft 22 join  16/22  7/64 0/2
[36;22m[DEBUG] [39;1msnarkJS[0m: tauG1: fft 22 join  16/22  13/64 0/2
[36;22m[DEBUG] [39;1msnarkJS[0m: tauG1: fft 22 join  16/22  16/64 0/2
[36;22m[DEBUG] [39;1msnarkJS[0m: tauG1: fft 22 join  16/22  1/64 1/2
[36;22m[DEBUG] [39;1msnarkJS[0m: tauG1: fft 22 join  16/22  2/64 0/2
[36;22m[DEBUG] [39;1msnarkJS[0m: tauG1: fft 22 join  16/22  6/64 1/2
[36;22m[DEBUG] [39;1msnarkJS[0m: tauG1: fft 22 join  16/22  12/64 1/2
[36;22m[DEBUG] [39;1msnarkJS[0m: tauG1: fft 22 join  16/22  4/64 0/2
[36;22m[DEBUG] [39;1msnarkJS[0m: tauG1: fft 22 join  16/22  5/64 0/2
[36;22m[DEBUG] [39;1msnarkJS[0m: tauG1: fft 22 join  16/22  9/64 1/2
[36;22m[DEBUG] [39;1msnarkJS[0m: tauG1: fft 22 join  16/22  8/64 0/2
[36;22m[DEBUG] [39;1msnarkJS[0m: tauG1: fft 22 join  16/22  11/64 1/2
[36;22m[DEBUG] [39;1msnarkJS[0m: tauG1: fft 22 join  16/22  12/64 0/2
[36;22m[DEBUG] [39;1msnarkJS[0m: tauG1: fft 22 join  16/22  15/64 1/2
[36;22m[DEBUG] [39;1msnarkJS[0m: tauG1: fft 22 join  16/22  8/64 1/2
[36;22m[DEBUG] [39;1msnarkJS[0m: tauG1: fft 22 join  16/22  6/64 0/2
[36;22m[DEBUG] [39;1msnarkJS[0m: tauG1: fft 22 join  16/22  4/64 1/2
[36;22m[DEBUG] [39;1msnarkJS[0m: tauG1: fft 22 join  16/22  14/64 0/2
[36;22m[DEBUG] [39;1msnarkJS[0m: tauG1: fft 22 join  16/22  5/64 1/2
[36;22m[DEBUG] [39;1msnarkJS[0m: tauG1: fft 22 join  16/22  15/64 0/2
[36;22m[DEBUG] [39;1msnarkJS[0m: tauG1: fft 22 join  16/22  19/64 0/2
[36;22m[DEBUG] [39;1msnarkJS[0m: tauG1: fft 22 join  16/22  17/64 0/2
[36;22m[DEBUG] [39;1msnarkJS[0m: tauG1: fft 22 join  16/22  18/64 1/2
[36;22m[DEBUG] [39;1msnarkJS[0m: tauG1: fft 22 join  16/22  18/64 0/2
[36;22m[DEBUG] [39;1msnarkJS[0m: tauG1: fft 22 join  16/22  17/64 1/2
[36;22m[DEBUG] [39;1msnarkJS[0m: tauG1: fft 22 join  16/22  20/64 0/2
[36;22m[DEBUG] [39;1msnarkJS[0m: tauG1: fft 22 join  16/22  23/64 0/2
[36;22m[DEBUG] [39;1msnarkJS[0m: tauG1: fft 22 join  16/22  21/64 0/2
[36;22m[DEBUG] [39;1msnarkJS[0m: tauG1: fft 22 join  16/22  19/64 1/2
[36;22m[DEBUG] [39;1msnarkJS[0m: tauG1: fft 22 join  16/22  22/64 0/2
[36;22m[DEBUG] [39;1msnarkJS[0m: tauG1: fft 22 join  16/22  26/64 0/2
[36;22m[DEBUG] [39;1msnarkJS[0m: tauG1: fft 22 join  16/22  23/64 1/2
[36;22m[DEBUG] [39;1msnarkJS[0m: tauG1: fft 22 join  16/22  22/64 1/2
[36;22m[DEBUG] [39;1msnarkJS[0m: tauG1: fft 22 join  16/22  21/64 1/2
[36;22m[DEBUG] [39;1msnarkJS[0m: tauG1: fft 22 join  16/22  26/64 1/2
[36;22m[DEBUG] [39;1msnarkJS[0m: tauG1: fft 22 join  16/22  24/64 0/2
[36;22m[DEBUG] [39;1msnarkJS[0m: tauG1: fft 22 join  16/22  20/64 1/2
[36;22m[DEBUG] [39;1msnarkJS[0m: tauG1: fft 22 join  16/22  32/64 0/2
[36;22m[DEBUG] [39;1msnarkJS[0m: tauG1: fft 22 join  16/22  31/64 0/2
[36;22m[DEBUG] [39;1msnarkJS[0m: tauG1: fft 22 join  16/22  33/64 0/2
[36;22m[DEBUG] [39;1msnarkJS[0m: tauG1: fft 22 join  16/22  25/64 1/2
[36;22m[DEBUG] [39;1msnarkJS[0m: tauG1: fft 22 join  16/22  24/64 1/2
[36;22m[DEBUG] [39;1msnarkJS[0m: tauG1: fft 22 join  16/22  25/64 0/2
[36;22m[DEBUG] [39;1msnarkJS[0m: tauG1: fft 22 join  16/22  33/64 1/2
[36;22m[DEBUG] [39;1msnarkJS[0m: tauG1: fft 22 join  16/22  34/64 0/2
[36;22m[DEBUG] [39;1msnarkJS[0m: tauG1: fft 22 join  16/22  29/64 1/2
[36;22m[DEBUG] [39;1msnarkJS[0m: tauG1: fft 22 join  16/22  27/64 0/2
[36;22m[DEBUG] [39;1msnarkJS[0m: tauG1: fft 22 join  16/22  34/64 1/2
[36;22m[DEBUG] [39;1msnarkJS[0m: tauG1: fft 22 join  16/22  27/64 1/2
[36;22m[DEBUG] [39;1msnarkJS[0m: tauG1: fft 22 join  16/22  28/64 0/2
[36;22m[DEBUG] [39;1msnarkJS[0m: tauG1: fft 22 join  16/22  28/64 1/2
[36;22m[DEBUG] [39;1msnarkJS[0m: tauG1: fft 22 join  16/22  30/64 0/2
[36;22m[DEBUG] [39;1msnarkJS[0m: tauG1: fft 22 join  16/22  29/64 0/2
[36;22m[DEBUG] [39;1msnarkJS[0m: tauG1: fft 22 join  16/22  30/64 1/2
[36;22m[DEBUG] [39;1msnarkJS[0m: tauG1: fft 22 join  16/22  31/64 1/2
[36;22m[DEBUG] [39;1msnarkJS[0m: tauG1: fft 22 join  16/22  35/64 1/2
[36;22m[DEBUG] [39;1msnarkJS[0m: tauG1: fft 22 join  16/22  36/64 0/2
[36;22m[DEBUG] [39;1msnarkJS[0m: tauG1: fft 22 join  16/22  36/64 1/2
[36;22m[DEBUG] [39;1msnarkJS[0m: tauG1: fft 22 join  16/22  32/64 1/2
[36;22m[DEBUG] [39;1msnarkJS[0m: tauG1: fft 22 join  16/22  37/64 1/2
[36;22m[DEBUG] [39;1msnarkJS[0m: tauG1: fft 22 join  16/22  38/64 1/2
[36;22m[DEBUG] [39;1msnarkJS[0m: tauG1: fft 22 join  16/22  39/64 0/2
[36;22m[DEBUG] [39;1msnarkJS[0m: tauG1: fft 22 join  16/22  38/64 0/2
[36;22m[DEBUG] [39;1msnarkJS[0m: tauG1: fft 22 join  16/22  41/64 1/2
[36;22m[DEBUG] [39;1msnarkJS[0m: tauG1: fft 22 join  16/22  35/64 0/2
[36;22m[DEBUG] [39;1msnarkJS[0m: tauG1: fft 22 join  16/22  37/64 0/2
[36;22m[DEBUG] [39;1msnarkJS[0m: tauG1: fft 22 join  16/22  42/64 1/2
[36;22m[DEBUG] [39;1msnarkJS[0m: tauG1: fft 22 join  16/22  45/64 0/2
[36;22m[DEBUG] [39;1msnarkJS[0m: tauG1: fft 22 join  16/22  46/64 1/2
[36;22m[DEBUG] [39;1msnarkJS[0m: tauG1: fft 22 join  16/22  50/64 1/2
[36;22m[DEBUG] [39;1msnarkJS[0m: tauG1: fft 22 join  16/22  40/64 0/2
[36;22m[DEBUG] [39;1msnarkJS[0m: tauG1: fft 22 join  16/22  47/64 0/2
[36;22m[DEBUG] [39;1msnarkJS[0m: tauG1: fft 22 join  16/22  51/64 0/2
[36;22m[DEBUG] [39;1msnarkJS[0m: tauG1: fft 22 join  16/22  39/64 1/2
[36;22m[DEBUG] [39;1msnarkJS[0m: tauG1: fft 22 join  16/22  40/64 1/2
[36;22m[DEBUG] [39;1msnarkJS[0m: tauG1: fft 22 join  16/22  41/64 0/2
[36;22m[DEBUG] [39;1msnarkJS[0m: tauG1: fft 22 join  16/22  42/64 0/2
[36;22m[DEBUG] [39;1msnarkJS[0m: tauG1: fft 22 join  16/22  52/64 1/2
[36;22m[DEBUG] [39;1msnarkJS[0m: tauG1: fft 22 join  16/22  53/64 0/2
[36;22m[DEBUG] [39;1msnarkJS[0m: tauG1: fft 22 join  16/22  53/64 1/2
[36;22m[DEBUG] [39;1msnarkJS[0m: tauG1: fft 22 join  16/22  54/64 0/2
[36;22m[DEBUG] [39;1msnarkJS[0m: tauG1: fft 22 join  16/22  43/64 0/2
[36;22m[DEBUG] [39;1msnarkJS[0m: tauG1: fft 22 join  16/22  44/64 1/2
[36;22m[DEBUG] [39;1msnarkJS[0m: tauG1: fft 22 join  16/22  52/64 0/2
[36;22m[DEBUG] [39;1msnarkJS[0m: tauG1: fft 22 join  16/22  43/64 1/2
[36;22m[DEBUG] [39;1msnarkJS[0m: tauG1: fft 22 join  16/22  45/64 1/2
[36;22m[DEBUG] [39;1msnarkJS[0m: tauG1: fft 22 join  16/22  44/64 0/2
[36;22m[DEBUG] [39;1msnarkJS[0m: tauG1: fft 22 join  16/22  54/64 1/2
[36;22m[DEBUG] [39;1msnarkJS[0m: tauG1: fft 22 join  16/22  46/64 0/2
[36;22m[DEBUG] [39;1msnarkJS[0m: tauG1: fft 22 join  16/22  48/64 1/2
[36;22m[DEBUG] [39;1msnarkJS[0m: tauG1: fft 22 join  16/22  48/64 0/2
[36;22m[DEBUG] [39;1msnarkJS[0m: tauG1: fft 22 join  16/22  47/64 1/2
[36;22m[DEBUG] [39;1msnarkJS[0m: tauG1: fft 22 join  16/22  50/64 0/2
[36;22m[DEBUG] [39;1msnarkJS[0m: tauG1: fft 22 join  16/22  49/64 1/2
[36;22m[DEBUG] [39;1msnarkJS[0m: tauG1: fft 22 join  16/22  49/64 0/2
[36;22m[DEBUG] [39;1msnarkJS[0m: tauG1: fft 22 join  16/22  51/64 1/2
[36;22m[DEBUG] [39;1msnarkJS[0m: tauG1: fft 22 join  16/22  56/64 0/2
[36;22m[DEBUG] [39;1msnarkJS[0m: tauG1: fft 22 join  16/22  56/64 1/2
[36;22m[DEBUG] [39;1msnarkJS[0m: tauG1: fft 22 join  16/22  55/64 0/2
[36;22m[DEBUG] [39;1msnarkJS[0m: tauG1: fft 22 join  16/22  57/64 0/2
[36;22m[DEBUG] [39;1msnarkJS[0m: tauG1: fft 22 join  16/22  57/64 1/2
[36;22m[DEBUG] [39;1msnarkJS[0m: tauG1: fft 22 join  16/22  55/64 1/2
[36;22m[DEBUG] [39;1msnarkJS[0m: tauG1: fft 22 join  16/22  59/64 0/2
[36;22m[DEBUG] [39;1msnarkJS[0m: tauG1: fft 22 join  16/22  58/64 1/2
[36;22m[DEBUG] [39;1msnarkJS[0m: tauG1: fft 22 join  16/22  61/64 1/2
[36;22m[DEBUG] [39;1msnarkJS[0m: tauG1: fft 22 join  16/22  59/64 1/2
[36;22m[DEBUG] [39;1msnarkJS[0m: tauG1: fft 22 join  16/22  62/64 0/2
[36;22m[DEBUG] [39;1msnarkJS[0m: tauG1: fft 22 join  16/22  60/64 1/2
[36;22m[DEBUG] [39;1msnarkJS[0m: tauG1: fft 22 join  16/22  62/64 1/2
[36;22m[DEBUG] [39;1msnarkJS[0m: tauG1: fft 22 join  16/22  60/64 0/2
[36;22m[DEBUG] [39;1msnarkJS[0m: tauG1: fft 22 join  16/22  63/64 0/2
[36;22m[DEBUG] [39;1msnarkJS[0m: tauG1: fft 22 join  16/22  58/64 0/2
[36;22m[DEBUG] [39;1msnarkJS[0m: tauG1: fft 22 join  16/22  63/64 1/2
[36;22m[DEBUG] [39;1msnarkJS[0m: tauG1: fft 22 join  16/22  64/64 0/2
[36;22m[DEBUG] [39;1msnarkJS[0m: tauG1: fft 22 join  16/22  64/64 1/2
[36;22m[DEBUG] [39;1msnarkJS[0m: tauG1: fft 22 join  16/22  61/64 0/2
[36;22m[DEBUG] [39;1msnarkJS[0m: tauG1: fft  22  join: 17/22
[36;22m[DEBUG] [39;1msnarkJS[0m: tauG1: fft 22 join  17/22  1/32 2/4
[36;22m[DEBUG] [39;1msnarkJS[0m: tauG1: fft 22 join  17/22  7/32 0/4
[36;22m[DEBUG] [39;1msnarkJS[0m: tauG1: fft 22 join  17/22  1/32 3/4
[36;22m[DEBUG] [39;1msnarkJS[0m: tauG1: fft 22 join  17/22  6/32 0/4
[36;22m[DEBUG] [39;1msnarkJS[0m: tauG1: fft 22 join  17/22  1/32 0/4
[36;22m[DEBUG] [39;1msnarkJS[0m: tauG1: fft 22 join  17/22  3/32 3/4
[36;22m[DEBUG] [39;1msnarkJS[0m: tauG1: fft 22 join  17/22  8/32 3/4
[36;22m[DEBUG] [39;1msnarkJS[0m: tauG1: fft 22 join  17/22  2/32 1/4
[36;22m[DEBUG] [39;1msnarkJS[0m: tauG1: fft 22 join  17/22  7/32 3/4
[36;22m[DEBUG] [39;1msnarkJS[0m: tauG1: fft 22 join  17/22  3/32 2/4
[36;22m[DEBUG] [39;1msnarkJS[0m: tauG1: fft 22 join  17/22  7/32 1/4
[36;22m[DEBUG] [39;1msnarkJS[0m: tauG1: fft 22 join  17/22  4/32 0/4
[36;22m[DEBUG] [39;1msnarkJS[0m: tauG1: fft 22 join  17/22  2/32 2/4
[36;22m[DEBUG] [39;1msnarkJS[0m: tauG1: fft 22 join  17/22  7/32 2/4
[36;22m[DEBUG] [39;1msnarkJS[0m: tauG1: fft 22 join  17/22  1/32 1/4
[36;22m[DEBUG] [39;1msnarkJS[0m: tauG1: fft 22 join  17/22  4/32 3/4
[36;22m[DEBUG] [39;1msnarkJS[0m: tauG1: fft 22 join  17/22  8/32 2/4
[36;22m[DEBUG] [39;1msnarkJS[0m: tauG1: fft 22 join  17/22  3/32 1/4
[36;22m[DEBUG] [39;1msnarkJS[0m: tauG1: fft 22 join  17/22  4/32 1/4
[36;22m[DEBUG] [39;1msnarkJS[0m: tauG1: fft 22 join  17/22  2/32 0/4
[36;22m[DEBUG] [39;1msnarkJS[0m: tauG1: fft 22 join  17/22  8/32 1/4
[36;22m[DEBUG] [39;1msnarkJS[0m: tauG1: fft 22 join  17/22  6/32 3/4
[36;22m[DEBUG] [39;1msnarkJS[0m: tauG1: fft 22 join  17/22  4/32 2/4
[36;22m[DEBUG] [39;1msnarkJS[0m: tauG1: fft 22 join  17/22  2/32 3/4
[36;22m[DEBUG] [39;1msnarkJS[0m: tauG1: fft 22 join  17/22  5/32 1/4
[36;22m[DEBUG] [39;1msnarkJS[0m: tauG1: fft 22 join  17/22  6/32 2/4
[36;22m[DEBUG] [39;1msnarkJS[0m: tauG1: fft 22 join  17/22  5/32 2/4
[36;22m[DEBUG] [39;1msnarkJS[0m: tauG1: fft 22 join  17/22  8/32 0/4
[36;22m[DEBUG] [39;1msnarkJS[0m: tauG1: fft 22 join  17/22  5/32 0/4
[36;22m[DEBUG] [39;1msnarkJS[0m: tauG1: fft 22 join  17/22  3/32 0/4
[36;22m[DEBUG] [39;1msnarkJS[0m: tauG1: fft 22 join  17/22  5/32 3/4
[36;22m[DEBUG] [39;1msnarkJS[0m: tauG1: fft 22 join  17/22  6/32 1/4
[36;22m[DEBUG] [39;1msnarkJS[0m: tauG1: fft 22 join  17/22  9/32 1/4
[36;22m[DEBUG] [39;1msnarkJS[0m: tauG1: fft 22 join  17/22  9/32 2/4
[36;22m[DEBUG] [39;1msnarkJS[0m: tauG1: fft 22 join  17/22  9/32 0/4
[36;22m[DEBUG] [39;1msnarkJS[0m: tauG1: fft 22 join  17/22  9/32 3/4
[36;22m[DEBUG] [39;1msnarkJS[0m: tauG1: fft 22 join  17/22  10/32 2/4
[36;22m[DEBUG] [39;1msnarkJS[0m: tauG1: fft 22 join  17/22  11/32 2/4
[36;22m[DEBUG] [39;1msnarkJS[0m: tauG1: fft 22 join  17/22  10/32 0/4
[36;22m[DEBUG] [39;1msnarkJS[0m: tauG1: fft 22 join  17/22  11/32 0/4
[36;22m[DEBUG] [39;1msnarkJS[0m: tauG1: fft 22 join  17/22  10/32 1/4
[36;22m[DEBUG] [39;1msnarkJS[0m: tauG1: fft 22 join  17/22  12/32 2/4
[36;22m[DEBUG] [39;1msnarkJS[0m: tauG1: fft 22 join  17/22  12/32 0/4
[36;22m[DEBUG] [39;1msnarkJS[0m: tauG1: fft 22 join  17/22  10/32 3/4
[36;22m[DEBUG] [39;1msnarkJS[0m: tauG1: fft 22 join  17/22  16/32 2/4
[36;22m[DEBUG] [39;1msnarkJS[0m: tauG1: fft 22 join  17/22  15/32 1/4
[36;22m[DEBUG] [39;1msnarkJS[0m: tauG1: fft 22 join  17/22  11/32 1/4
[36;22m[DEBUG] [39;1msnarkJS[0m: tauG1: fft 22 join  17/22  11/32 3/4
[36;22m[DEBUG] [39;1msnarkJS[0m: tauG1: fft 22 join  17/22  12/32 1/4
[36;22m[DEBUG] [39;1msnarkJS[0m: tauG1: fft 22 join  17/22  13/32 0/4
[36;22m[DEBUG] [39;1msnarkJS[0m: tauG1: fft 22 join  17/22  12/32 3/4
[36;22m[DEBUG] [39;1msnarkJS[0m: tauG1: fft 22 join  17/22  17/32 0/4
[36;22m[DEBUG] [39;1msnarkJS[0m: tauG1: fft 22 join  17/22  17/32 1/4
[36;22m[DEBUG] [39;1msnarkJS[0m: tauG1: fft 22 join  17/22  17/32 2/4
[36;22m[DEBUG] [39;1msnarkJS[0m: tauG1: fft 22 join  17/22  13/32 1/4
[36;22m[DEBUG] [39;1msnarkJS[0m: tauG1: fft 22 join  17/22  13/32 3/4
[36;22m[DEBUG] [39;1msnarkJS[0m: tauG1: fft 22 join  17/22  14/32 1/4
[36;22m[DEBUG] [39;1msnarkJS[0m: tauG1: fft 22 join  17/22  14/32 2/4
[36;22m[DEBUG] [39;1msnarkJS[0m: tauG1: fft 22 join  17/22  13/32 2/4
[36;22m[DEBUG] [39;1msnarkJS[0m: tauG1: fft 22 join  17/22  17/32 3/4
[36;22m[DEBUG] [39;1msnarkJS[0m: tauG1: fft 22 join  17/22  14/32 0/4
[36;22m[DEBUG] [39;1msnarkJS[0m: tauG1: fft 22 join  17/22  15/32 0/4
[36;22m[DEBUG] [39;1msnarkJS[0m: tauG1: fft 22 join  17/22  14/32 3/4
[36;22m[DEBUG] [39;1msnarkJS[0m: tauG1: fft 22 join  17/22  15/32 2/4
[36;22m[DEBUG] [39;1msnarkJS[0m: tauG1: fft 22 join  17/22  16/32 1/4
[36;22m[DEBUG] [39;1msnarkJS[0m: tauG1: fft 22 join  17/22  16/32 0/4
[36;22m[DEBUG] [39;1msnarkJS[0m: tauG1: fft 22 join  17/22  16/32 3/4
[36;22m[DEBUG] [39;1msnarkJS[0m: tauG1: fft 22 join  17/22  15/32 3/4
[36;22m[DEBUG] [39;1msnarkJS[0m: tauG1: fft 22 join  17/22  18/32 0/4
[36;22m[DEBUG] [39;1msnarkJS[0m: tauG1: fft 22 join  17/22  18/32 1/4
[36;22m[DEBUG] [39;1msnarkJS[0m: tauG1: fft 22 join  17/22  18/32 3/4
[36;22m[DEBUG] [39;1msnarkJS[0m: tauG1: fft 22 join  17/22  19/32 1/4
[36;22m[DEBUG] [39;1msnarkJS[0m: tauG1: fft 22 join  17/22  18/32 2/4
[36;22m[DEBUG] [39;1msnarkJS[0m: tauG1: fft 22 join  17/22  19/32 2/4
[36;22m[DEBUG] [39;1msnarkJS[0m: tauG1: fft 22 join  17/22  20/32 0/4
[36;22m[DEBUG] [39;1msnarkJS[0m: tauG1: fft 22 join  17/22  20/32 1/4
[36;22m[DEBUG] [39;1msnarkJS[0m: tauG1: fft 22 join  17/22  19/32 0/4
[36;22m[DEBUG] [39;1msnarkJS[0m: tauG1: fft 22 join  17/22  22/32 0/4
[36;22m[DEBUG] [39;1msnarkJS[0m: tauG1: fft 22 join  17/22  19/32 3/4
[36;22m[DEBUG] [39;1msnarkJS[0m: tauG1: fft 22 join  17/22  20/32 3/4
[36;22m[DEBUG] [39;1msnarkJS[0m: tauG1: fft 22 join  17/22  23/32 3/4
[36;22m[DEBUG] [39;1msnarkJS[0m: tauG1: fft 22 join  17/22  24/32 3/4
[36;22m[DEBUG] [39;1msnarkJS[0m: tauG1: fft 22 join  17/22  25/32 2/4
[36;22m[DEBUG] [39;1msnarkJS[0m: tauG1: fft 22 join  17/22  20/32 2/4
[36;22m[DEBUG] [39;1msnarkJS[0m: tauG1: fft 22 join  17/22  26/32 3/4
[36;22m[DEBUG] [39;1msnarkJS[0m: tauG1: fft 22 join  17/22  21/32 3/4
[36;22m[DEBUG] [39;1msnarkJS[0m: tauG1: fft 22 join  17/22  26/32 2/4
[36;22m[DEBUG] [39;1msnarkJS[0m: tauG1: fft 22 join  17/22  21/32 0/4
[36;22m[DEBUG] [39;1msnarkJS[0m: tauG1: fft 22 join  17/22  26/32 0/4
[36;22m[DEBUG] [39;1msnarkJS[0m: tauG1: fft 22 join  17/22  27/32 0/4
[36;22m[DEBUG] [39;1msnarkJS[0m: tauG1: fft 22 join  17/22  24/32 2/4
[36;22m[DEBUG] [39;1msnarkJS[0m: tauG1: fft 22 join  17/22  21/32 1/4
[36;22m[DEBUG] [39;1msnarkJS[0m: tauG1: fft 22 join  17/22  21/32 2/4
[36;22m[DEBUG] [39;1msnarkJS[0m: tauG1: fft 22 join  17/22  22/32 1/4
[36;22m[DEBUG] [39;1msnarkJS[0m: tauG1: fft 22 join  17/22  22/32 3/4
[36;22m[DEBUG] [39;1msnarkJS[0m: tauG1: fft 22 join  17/22  25/32 3/4
[36;22m[DEBUG] [39;1msnarkJS[0m: tauG1: fft 22 join  17/22  27/32 2/4
[36;22m[DEBUG] [39;1msnarkJS[0m: tauG1: fft 22 join  17/22  27/32 1/4
[36;22m[DEBUG] [39;1msnarkJS[0m: tauG1: fft 22 join  17/22  26/32 1/4
[36;22m[DEBUG] [39;1msnarkJS[0m: tauG1: fft 22 join  17/22  23/32 2/4
[36;22m[DEBUG] [39;1msnarkJS[0m: tauG1: fft 22 join  17/22  25/32 0/4
[36;22m[DEBUG] [39;1msnarkJS[0m: tauG1: fft 22 join  17/22  22/32 2/4
[36;22m[DEBUG] [39;1msnarkJS[0m: tauG1: fft 22 join  17/22  23/32 1/4
[36;22m[DEBUG] [39;1msnarkJS[0m: tauG1: fft 22 join  17/22  23/32 0/4
[36;22m[DEBUG] [39;1msnarkJS[0m: tauG1: fft 22 join  17/22  24/32 1/4
[36;22m[DEBUG] [39;1msnarkJS[0m: tauG1: fft 22 join  17/22  25/32 1/4
[36;22m[DEBUG] [39;1msnarkJS[0m: tauG1: fft 22 join  17/22  24/32 0/4
[36;22m[DEBUG] [39;1msnarkJS[0m: tauG1: fft 22 join  17/22  27/32 3/4
[36;22m[DEBUG] [39;1msnarkJS[0m: tauG1: fft 22 join  17/22  28/32 1/4
[36;22m[DEBUG] [39;1msnarkJS[0m: tauG1: fft 22 join  17/22  29/32 0/4
[36;22m[DEBUG] [39;1msnarkJS[0m: tauG1: fft 22 join  17/22  29/32 1/4
[36;22m[DEBUG] [39;1msnarkJS[0m: tauG1: fft 22 join  17/22  29/32 2/4
[36;22m[DEBUG] [39;1msnarkJS[0m: tauG1: fft 22 join  17/22  28/32 0/4
[36;22m[DEBUG] [39;1msnarkJS[0m: tauG1: fft 22 join  17/22  30/32 0/4
[36;22m[DEBUG] [39;1msnarkJS[0m: tauG1: fft 22 join  17/22  28/32 2/4
[36;22m[DEBUG] [39;1msnarkJS[0m: tauG1: fft 22 join  17/22  28/32 3/4
[36;22m[DEBUG] [39;1msnarkJS[0m: tauG1: fft 22 join  17/22  30/32 2/4
[36;22m[DEBUG] [39;1msnarkJS[0m: tauG1: fft 22 join  17/22  29/32 3/4
[36;22m[DEBUG] [39;1msnarkJS[0m: tauG1: fft 22 join  17/22  30/32 3/4
[36;22m[DEBUG] [39;1msnarkJS[0m: tauG1: fft 22 join  17/22  32/32 0/4
[36;22m[DEBUG] [39;1msnarkJS[0m: tauG1: fft 22 join  17/22  31/32 1/4
[36;22m[DEBUG] [39;1msnarkJS[0m: tauG1: fft 22 join  17/22  31/32 0/4
[36;22m[DEBUG] [39;1msnarkJS[0m: tauG1: fft 22 join  17/22  32/32 3/4
[36;22m[DEBUG] [39;1msnarkJS[0m: tauG1: fft 22 join  17/22  32/32 1/4
[36;22m[DEBUG] [39;1msnarkJS[0m: tauG1: fft 22 join  17/22  30/32 1/4
[36;22m[DEBUG] [39;1msnarkJS[0m: tauG1: fft 22 join  17/22  31/32 3/4
[36;22m[DEBUG] [39;1msnarkJS[0m: tauG1: fft 22 join  17/22  32/32 2/4
[36;22m[DEBUG] [39;1msnarkJS[0m: tauG1: fft 22 join  17/22  31/32 2/4
[36;22m[DEBUG] [39;1msnarkJS[0m: tauG1: fft  22  join: 18/22
[36;22m[DEBUG] [39;1msnarkJS[0m: tauG1: fft 22 join  18/22  1/16 1/8
[36;22m[DEBUG] [39;1msnarkJS[0m: tauG1: fft 22 join  18/22  3/16 2/8
[36;22m[DEBUG] [39;1msnarkJS[0m: tauG1: fft 22 join  18/22  1/16 3/8
[36;22m[DEBUG] [39;1msnarkJS[0m: tauG1: fft 22 join  18/22  2/16 0/8
[36;22m[DEBUG] [39;1msnarkJS[0m: tauG1: fft 22 join  18/22  1/16 6/8
[36;22m[DEBUG] [39;1msnarkJS[0m: tauG1: fft 22 join  18/22  3/16 6/8
[36;22m[DEBUG] [39;1msnarkJS[0m: tauG1: fft 22 join  18/22  4/16 3/8
[36;22m[DEBUG] [39;1msnarkJS[0m: tauG1: fft 22 join  18/22  3/16 5/8
[36;22m[DEBUG] [39;1msnarkJS[0m: tauG1: fft 22 join  18/22  1/16 2/8
[36;22m[DEBUG] [39;1msnarkJS[0m: tauG1: fft 22 join  18/22  1/16 0/8
[36;22m[DEBUG] [39;1msnarkJS[0m: tauG1: fft 22 join  18/22  2/16 5/8
[36;22m[DEBUG] [39;1msnarkJS[0m: tauG1: fft 22 join  18/22  4/16 4/8
[36;22m[DEBUG] [39;1msnarkJS[0m: tauG1: fft 22 join  18/22  2/16 2/8
[36;22m[DEBUG] [39;1msnarkJS[0m: tauG1: fft 22 join  18/22  3/16 3/8
[36;22m[DEBUG] [39;1msnarkJS[0m: tauG1: fft 22 join  18/22  3/16 0/8
[36;22m[DEBUG] [39;1msnarkJS[0m: tauG1: fft 22 join  18/22  1/16 7/8
[36;22m[DEBUG] [39;1msnarkJS[0m: tauG1: fft 22 join  18/22  3/16 4/8
[36;22m[DEBUG] [39;1msnarkJS[0m: tauG1: fft 22 join  18/22  1/16 5/8
[36;22m[DEBUG] [39;1msnarkJS[0m: tauG1: fft 22 join  18/22  2/16 6/8
[36;22m[DEBUG] [39;1msnarkJS[0m: tauG1: fft 22 join  18/22  4/16 5/8
[36;22m[DEBUG] [39;1msnarkJS[0m: tauG1: fft 22 join  18/22  2/16 1/8
[36;22m[DEBUG] [39;1msnarkJS[0m: tauG1: fft 22 join  18/22  3/16 1/8
[36;22m[DEBUG] [39;1msnarkJS[0m: tauG1: fft 22 join  18/22  4/16 0/8
[36;22m[DEBUG] [39;1msnarkJS[0m: tauG1: fft 22 join  18/22  4/16 2/8
[36;22m[DEBUG] [39;1msnarkJS[0m: tauG1: fft 22 join  18/22  4/16 6/8
[36;22m[DEBUG] [39;1msnarkJS[0m: tauG1: fft 22 join  18/22  1/16 4/8
[36;22m[DEBUG] [39;1msnarkJS[0m: tauG1: fft 22 join  18/22  2/16 3/8
[36;22m[DEBUG] [39;1msnarkJS[0m: tauG1: fft 22 join  18/22  2/16 4/8
[36;22m[DEBUG] [39;1msnarkJS[0m: tauG1: fft 22 join  18/22  2/16 7/8
[36;22m[DEBUG] [39;1msnarkJS[0m: tauG1: fft 22 join  18/22  3/16 7/8
[36;22m[DEBUG] [39;1msnarkJS[0m: tauG1: fft 22 join  18/22  4/16 7/8
[36;22m[DEBUG] [39;1msnarkJS[0m: tauG1: fft 22 join  18/22  4/16 1/8
[36;22m[DEBUG] [39;1msnarkJS[0m: tauG1: fft 22 join  18/22  5/16 1/8
[36;22m[DEBUG] [39;1msnarkJS[0m: tauG1: fft 22 join  18/22  5/16 2/8
[36;22m[DEBUG] [39;1msnarkJS[0m: tauG1: fft 22 join  18/22  5/16 0/8
[36;22m[DEBUG] [39;1msnarkJS[0m: tauG1: fft 22 join  18/22  5/16 4/8
[36;22m[DEBUG] [39;1msnarkJS[0m: tauG1: fft 22 join  18/22  5/16 7/8
[36;22m[DEBUG] [39;1msnarkJS[0m: tauG1: fft 22 join  18/22  5/16 3/8
[36;22m[DEBUG] [39;1msnarkJS[0m: tauG1: fft 22 join  18/22  6/16 1/8
[36;22m[DEBUG] [39;1msnarkJS[0m: tauG1: fft 22 join  18/22  6/16 0/8
[36;22m[DEBUG] [39;1msnarkJS[0m: tauG1: fft 22 join  18/22  5/16 5/8
[36;22m[DEBUG] [39;1msnarkJS[0m: tauG1: fft 22 join  18/22  5/16 6/8
[36;22m[DEBUG] [39;1msnarkJS[0m: tauG1: fft 22 join  18/22  6/16 2/8
[36;22m[DEBUG] [39;1msnarkJS[0m: tauG1: fft 22 join  18/22  6/16 3/8
[36;22m[DEBUG] [39;1msnarkJS[0m: tauG1: fft 22 join  18/22  7/16 6/8
[36;22m[DEBUG] [39;1msnarkJS[0m: tauG1: fft 22 join  18/22  8/16 0/8
[36;22m[DEBUG] [39;1msnarkJS[0m: tauG1: fft 22 join  18/22  6/16 6/8
[36;22m[DEBUG] [39;1msnarkJS[0m: tauG1: fft 22 join  18/22  9/16 0/8
[36;22m[DEBUG] [39;1msnarkJS[0m: tauG1: fft 22 join  18/22  9/16 2/8
[36;22m[DEBUG] [39;1msnarkJS[0m: tauG1: fft 22 join  18/22  9/16 1/8
[36;22m[DEBUG] [39;1msnarkJS[0m: tauG1: fft 22 join  18/22  6/16 4/8
[36;22m[DEBUG] [39;1msnarkJS[0m: tauG1: fft 22 join  18/22  9/16 4/8
[36;22m[DEBUG] [39;1msnarkJS[0m: tauG1: fft 22 join  18/22  9/16 3/8
[36;22m[DEBUG] [39;1msnarkJS[0m: tauG1: fft 22 join  18/22  9/16 5/8
[36;22m[DEBUG] [39;1msnarkJS[0m: tauG1: fft 22 join  18/22  9/16 6/8
[36;22m[DEBUG] [39;1msnarkJS[0m: tauG1: fft 22 join  18/22  6/16 5/8
[36;22m[DEBUG] [39;1msnarkJS[0m: tauG1: fft 22 join  18/22  6/16 7/8
[36;22m[DEBUG] [39;1msnarkJS[0m: tauG1: fft 22 join  18/22  7/16 0/8
[36;22m[DEBUG] [39;1msnarkJS[0m: tauG1: fft 22 join  18/22  7/16 2/8
[36;22m[DEBUG] [39;1msnarkJS[0m: tauG1: fft 22 join  18/22  7/16 1/8
[36;22m[DEBUG] [39;1msnarkJS[0m: tauG1: fft 22 join  18/22  8/16 4/8
[36;22m[DEBUG] [39;1msnarkJS[0m: tauG1: fft 22 join  18/22  7/16 3/8
[36;22m[DEBUG] [39;1msnarkJS[0m: tauG1: fft 22 join  18/22  7/16 4/8
[36;22m[DEBUG] [39;1msnarkJS[0m: tauG1: fft 22 join  18/22  7/16 5/8
[36;22m[DEBUG] [39;1msnarkJS[0m: tauG1: fft 22 join  18/22  7/16 7/8
[36;22m[DEBUG] [39;1msnarkJS[0m: tauG1: fft 22 join  18/22  8/16 5/8
[36;22m[DEBUG] [39;1msnarkJS[0m: tauG1: fft 22 join  18/22  8/16 1/8
[36;22m[DEBUG] [39;1msnarkJS[0m: tauG1: fft 22 join  18/22  8/16 2/8
[36;22m[DEBUG] [39;1msnarkJS[0m: tauG1: fft 22 join  18/22  8/16 3/8
[36;22m[DEBUG] [39;1msnarkJS[0m: tauG1: fft 22 join  18/22  8/16 7/8
[36;22m[DEBUG] [39;1msnarkJS[0m: tauG1: fft 22 join  18/22  10/16 1/8
[36;22m[DEBUG] [39;1msnarkJS[0m: tauG1: fft 22 join  18/22  8/16 6/8
[36;22m[DEBUG] [39;1msnarkJS[0m: tauG1: fft 22 join  18/22  9/16 7/8
[36;22m[DEBUG] [39;1msnarkJS[0m: tauG1: fft 22 join  18/22  10/16 2/8
[36;22m[DEBUG] [39;1msnarkJS[0m: tauG1: fft 22 join  18/22  10/16 3/8
[36;22m[DEBUG] [39;1msnarkJS[0m: tauG1: fft 22 join  18/22  10/16 4/8
[36;22m[DEBUG] [39;1msnarkJS[0m: tauG1: fft 22 join  18/22  10/16 0/8
[36;22m[DEBUG] [39;1msnarkJS[0m: tauG1: fft 22 join  18/22  10/16 7/8
[36;22m[DEBUG] [39;1msnarkJS[0m: tauG1: fft 22 join  18/22  11/16 0/8
[36;22m[DEBUG] [39;1msnarkJS[0m: tauG1: fft 22 join  18/22  10/16 6/8
[36;22m[DEBUG] [39;1msnarkJS[0m: tauG1: fft 22 join  18/22  11/16 3/8
[36;22m[DEBUG] [39;1msnarkJS[0m: tauG1: fft 22 join  18/22  11/16 4/8
[36;22m[DEBUG] [39;1msnarkJS[0m: tauG1: fft 22 join  18/22  11/16 5/8
[36;22m[DEBUG] [39;1msnarkJS[0m: tauG1: fft 22 join  18/22  11/16 1/8
[36;22m[DEBUG] [39;1msnarkJS[0m: tauG1: fft 22 join  18/22  13/16 6/8
[36;22m[DEBUG] [39;1msnarkJS[0m: tauG1: fft 22 join  18/22  12/16 5/8
[36;22m[DEBUG] [39;1msnarkJS[0m: tauG1: fft 22 join  18/22  11/16 6/8
[36;22m[DEBUG] [39;1msnarkJS[0m: tauG1: fft 22 join  18/22  12/16 1/8
[36;22m[DEBUG] [39;1msnarkJS[0m: tauG1: fft 22 join  18/22  10/16 5/8
[36;22m[DEBUG] [39;1msnarkJS[0m: tauG1: fft 22 join  18/22  14/16 2/8
[36;22m[DEBUG] [39;1msnarkJS[0m: tauG1: fft 22 join  18/22  11/16 2/8
[36;22m[DEBUG] [39;1msnarkJS[0m: tauG1: fft 22 join  18/22  14/16 3/8
[36;22m[DEBUG] [39;1msnarkJS[0m: tauG1: fft 22 join  18/22  11/16 7/8
[36;22m[DEBUG] [39;1msnarkJS[0m: tauG1: fft 22 join  18/22  12/16 0/8
[36;22m[DEBUG] [39;1msnarkJS[0m: tauG1: fft 22 join  18/22  12/16 2/8
[36;22m[DEBUG] [39;1msnarkJS[0m: tauG1: fft 22 join  18/22  12/16 3/8
[36;22m[DEBUG] [39;1msnarkJS[0m: tauG1: fft 22 join  18/22  12/16 4/8
[36;22m[DEBUG] [39;1msnarkJS[0m: tauG1: fft 22 join  18/22  14/16 1/8
[36;22m[DEBUG] [39;1msnarkJS[0m: tauG1: fft 22 join  18/22  12/16 6/8
[36;22m[DEBUG] [39;1msnarkJS[0m: tauG1: fft 22 join  18/22  13/16 0/8
[36;22m[DEBUG] [39;1msnarkJS[0m: tauG1: fft 22 join  18/22  12/16 7/8
[36;22m[DEBUG] [39;1msnarkJS[0m: tauG1: fft 22 join  18/22  13/16 3/8
[36;22m[DEBUG] [39;1msnarkJS[0m: tauG1: fft 22 join  18/22  13/16 1/8
[36;22m[DEBUG] [39;1msnarkJS[0m: tauG1: fft 22 join  18/22  13/16 2/8
[36;22m[DEBUG] [39;1msnarkJS[0m: tauG1: fft 22 join  18/22  13/16 4/8
[36;22m[DEBUG] [39;1msnarkJS[0m: tauG1: fft 22 join  18/22  13/16 5/8
[36;22m[DEBUG] [39;1msnarkJS[0m: tauG1: fft 22 join  18/22  13/16 7/8
[36;22m[DEBUG] [39;1msnarkJS[0m: tauG1: fft 22 join  18/22  14/16 0/8
[36;22m[DEBUG] [39;1msnarkJS[0m: tauG1: fft 22 join  18/22  14/16 5/8
[36;22m[DEBUG] [39;1msnarkJS[0m: tauG1: fft 22 join  18/22  14/16 6/8
[36;22m[DEBUG] [39;1msnarkJS[0m: tauG1: fft 22 join  18/22  14/16 7/8
[36;22m[DEBUG] [39;1msnarkJS[0m: tauG1: fft 22 join  18/22  15/16 0/8
[36;22m[DEBUG] [39;1msnarkJS[0m: tauG1: fft 22 join  18/22  15/16 1/8
[36;22m[DEBUG] [39;1msnarkJS[0m: tauG1: fft 22 join  18/22  15/16 2/8
[36;22m[DEBUG] [39;1msnarkJS[0m: tauG1: fft 22 join  18/22  14/16 4/8
[36;22m[DEBUG] [39;1msnarkJS[0m: tauG1: fft 22 join  18/22  15/16 4/8
[36;22m[DEBUG] [39;1msnarkJS[0m: tauG1: fft 22 join  18/22  15/16 5/8
[36;22m[DEBUG] [39;1msnarkJS[0m: tauG1: fft 22 join  18/22  15/16 6/8
[36;22m[DEBUG] [39;1msnarkJS[0m: tauG1: fft 22 join  18/22  15/16 7/8
[36;22m[DEBUG] [39;1msnarkJS[0m: tauG1: fft 22 join  18/22  15/16 3/8
[36;22m[DEBUG] [39;1msnarkJS[0m: tauG1: fft 22 join  18/22  16/16 1/8
[36;22m[DEBUG] [39;1msnarkJS[0m: tauG1: fft 22 join  18/22  16/16 0/8
[36;22m[DEBUG] [39;1msnarkJS[0m: tauG1: fft 22 join  18/22  16/16 3/8
[36;22m[DEBUG] [39;1msnarkJS[0m: tauG1: fft 22 join  18/22  16/16 2/8
[36;22m[DEBUG] [39;1msnarkJS[0m: tauG1: fft 22 join  18/22  16/16 4/8
[36;22m[DEBUG] [39;1msnarkJS[0m: tauG1: fft 22 join  18/22  16/16 5/8
[36;22m[DEBUG] [39;1msnarkJS[0m: tauG1: fft 22 join  18/22  16/16 6/8
[36;22m[DEBUG] [39;1msnarkJS[0m: tauG1: fft 22 join  18/22  16/16 7/8
[36;22m[DEBUG] [39;1msnarkJS[0m: tauG1: fft  22  join: 19/22
[36;22m[DEBUG] [39;1msnarkJS[0m: tauG1: fft 22 join  19/22  1/8 6/16
[36;22m[DEBUG] [39;1msnarkJS[0m: tauG1: fft 22 join  19/22  2/8 8/16
[36;22m[DEBUG] [39;1msnarkJS[0m: tauG1: fft 22 join  19/22  2/8 12/16
[36;22m[DEBUG] [39;1msnarkJS[0m: tauG1: fft 22 join  19/22  2/8 5/16
[36;22m[DEBUG] [39;1msnarkJS[0m: tauG1: fft 22 join  19/22  2/8 11/16
[36;22m[DEBUG] [39;1msnarkJS[0m: tauG1: fft 22 join  19/22  1/8 9/16
[36;22m[DEBUG] [39;1msnarkJS[0m: tauG1: fft 22 join  19/22  2/8 6/16
[36;22m[DEBUG] [39;1msnarkJS[0m: tauG1: fft 22 join  19/22  1/8 1/16
[36;22m[DEBUG] [39;1msnarkJS[0m: tauG1: fft 22 join  19/22  2/8 9/16
[36;22m[DEBUG] [39;1msnarkJS[0m: tauG1: fft 22 join  19/22  1/8 5/16
[36;22m[DEBUG] [39;1msnarkJS[0m: tauG1: fft 22 join  19/22  1/8 13/16
[36;22m[DEBUG] [39;1msnarkJS[0m: tauG1: fft 22 join  19/22  1/8 0/16
[36;22m[DEBUG] [39;1msnarkJS[0m: tauG1: fft 22 join  19/22  1/8 3/16
[36;22m[DEBUG] [39;1msnarkJS[0m: tauG1: fft 22 join  19/22  2/8 7/16
[36;22m[DEBUG] [39;1msnarkJS[0m: tauG1: fft 22 join  19/22  2/8 13/16
[36;22m[DEBUG] [39;1msnarkJS[0m: tauG1: fft 22 join  19/22  1/8 12/16
[36;22m[DEBUG] [39;1msnarkJS[0m: tauG1: fft 22 join  19/22  2/8 0/16
[36;22m[DEBUG] [39;1msnarkJS[0m: tauG1: fft 22 join  19/22  1/8 11/16
[36;22m[DEBUG] [39;1msnarkJS[0m: tauG1: fft 22 join  19/22  2/8 15/16
[36;22m[DEBUG] [39;1msnarkJS[0m: tauG1: fft 22 join  19/22  1/8 8/16
[36;22m[DEBUG] [39;1msnarkJS[0m: tauG1: fft 22 join  19/22  1/8 2/16
[36;22m[DEBUG] [39;1msnarkJS[0m: tauG1: fft 22 join  19/22  1/8 7/16
[36;22m[DEBUG] [39;1msnarkJS[0m: tauG1: fft 22 join  19/22  2/8 1/16
[36;22m[DEBUG] [39;1msnarkJS[0m: tauG1: fft 22 join  19/22  2/8 2/16
[36;22m[DEBUG] [39;1msnarkJS[0m: tauG1: fft 22 join  19/22  2/8 4/16
[36;22m[DEBUG] [39;1msnarkJS[0m: tauG1: fft 22 join  19/22  2/8 10/16
[36;22m[DEBUG] [39;1msnarkJS[0m: tauG1: fft 22 join  19/22  1/8 4/16
[36;22m[DEBUG] [39;1msnarkJS[0m: tauG1: fft 22 join  19/22  1/8 15/16
[36;22m[DEBUG] [39;1msnarkJS[0m: tauG1: fft 22 join  19/22  2/8 14/16
[36;22m[DEBUG] [39;1msnarkJS[0m: tauG1: fft 22 join  19/22  2/8 3/16
[36;22m[DEBUG] [39;1msnarkJS[0m: tauG1: fft 22 join  19/22  1/8 14/16
[36;22m[DEBUG] [39;1msnarkJS[0m: tauG1: fft 22 join  19/22  1/8 10/16
[36;22m[DEBUG] [39;1msnarkJS[0m: tauG1: fft 22 join  19/22  3/8 0/16
[36;22m[DEBUG] [39;1msnarkJS[0m: tauG1: fft 22 join  19/22  3/8 1/16
[36;22m[DEBUG] [39;1msnarkJS[0m: tauG1: fft 22 join  19/22  3/8 2/16
[36;22m[DEBUG] [39;1msnarkJS[0m: tauG1: fft 22 join  19/22  3/8 3/16
[36;22m[DEBUG] [39;1msnarkJS[0m: tauG1: fft 22 join  19/22  3/8 7/16
[36;22m[DEBUG] [39;1msnarkJS[0m: tauG1: fft 22 join  19/22  3/8 6/16
[36;22m[DEBUG] [39;1msnarkJS[0m: tauG1: fft 22 join  19/22  3/8 12/16
[36;22m[DEBUG] [39;1msnarkJS[0m: tauG1: fft 22 join  19/22  3/8 4/16
[36;22m[DEBUG] [39;1msnarkJS[0m: tauG1: fft 22 join  19/22  3/8 13/16
[36;22m[DEBUG] [39;1msnarkJS[0m: tauG1: fft 22 join  19/22  3/8 10/16
[36;22m[DEBUG] [39;1msnarkJS[0m: tauG1: fft 22 join  19/22  3/8 5/16
[36;22m[DEBUG] [39;1msnarkJS[0m: tauG1: fft 22 join  19/22  3/8 14/16
[36;22m[DEBUG] [39;1msnarkJS[0m: tauG1: fft 22 join  19/22  3/8 8/16
[36;22m[DEBUG] [39;1msnarkJS[0m: tauG1: fft 22 join  19/22  4/8 3/16
[36;22m[DEBUG] [39;1msnarkJS[0m: tauG1: fft 22 join  19/22  3/8 11/16
[36;22m[DEBUG] [39;1msnarkJS[0m: tauG1: fft 22 join  19/22  3/8 9/16
[36;22m[DEBUG] [39;1msnarkJS[0m: tauG1: fft 22 join  19/22  4/8 11/16
[36;22m[DEBUG] [39;1msnarkJS[0m: tauG1: fft 22 join  19/22  4/8 12/16
[36;22m[DEBUG] [39;1msnarkJS[0m: tauG1: fft 22 join  19/22  5/8 0/16
[36;22m[DEBUG] [39;1msnarkJS[0m: tauG1: fft 22 join  19/22  5/8 3/16
[36;22m[DEBUG] [39;1msnarkJS[0m: tauG1: fft 22 join  19/22  5/8 2/16
[36;22m[DEBUG] [39;1msnarkJS[0m: tauG1: fft 22 join  19/22  5/8 5/16
[36;22m[DEBUG] [39;1msnarkJS[0m: tauG1: fft 22 join  19/22  3/8 15/16
[36;22m[DEBUG] [39;1msnarkJS[0m: tauG1: fft 22 join  19/22  4/8 0/16
[36;22m[DEBUG] [39;1msnarkJS[0m: tauG1: fft 22 join  19/22  4/8 9/16
[36;22m[DEBUG] [39;1msnarkJS[0m: tauG1: fft 22 join  19/22  4/8 1/16
[36;22m[DEBUG] [39;1msnarkJS[0m: tauG1: fft 22 join  19/22  4/8 2/16
[36;22m[DEBUG] [39;1msnarkJS[0m: tauG1: fft 22 join  19/22  4/8 13/16
[36;22m[DEBUG] [39;1msnarkJS[0m: tauG1: fft 22 join  19/22  4/8 4/16
[36;22m[DEBUG] [39;1msnarkJS[0m: tauG1: fft 22 join  19/22  4/8 5/16
[36;22m[DEBUG] [39;1msnarkJS[0m: tauG1: fft 22 join  19/22  4/8 6/16
[36;22m[DEBUG] [39;1msnarkJS[0m: tauG1: fft 22 join  19/22  4/8 8/16
[36;22m[DEBUG] [39;1msnarkJS[0m: tauG1: fft 22 join  19/22  4/8 10/16
[36;22m[DEBUG] [39;1msnarkJS[0m: tauG1: fft 22 join  19/22  4/8 7/16
[36;22m[DEBUG] [39;1msnarkJS[0m: tauG1: fft 22 join  19/22  4/8 14/16
[36;22m[DEBUG] [39;1msnarkJS[0m: tauG1: fft 22 join  19/22  4/8 15/16
[36;22m[DEBUG] [39;1msnarkJS[0m: tauG1: fft 22 join  19/22  5/8 8/16
[36;22m[DEBUG] [39;1msnarkJS[0m: tauG1: fft 22 join  19/22  5/8 6/16
[36;22m[DEBUG] [39;1msnarkJS[0m: tauG1: fft 22 join  19/22  5/8 9/16
[36;22m[DEBUG] [39;1msnarkJS[0m: tauG1: fft 22 join  19/22  5/8 10/16
[36;22m[DEBUG] [39;1msnarkJS[0m: tauG1: fft 22 join  19/22  5/8 1/16
[36;22m[DEBUG] [39;1msnarkJS[0m: tauG1: fft 22 join  19/22  5/8 11/16
[36;22m[DEBUG] [39;1msnarkJS[0m: tauG1: fft 22 join  19/22  5/8 4/16
[36;22m[DEBUG] [39;1msnarkJS[0m: tauG1: fft 22 join  19/22  5/8 13/16
[36;22m[DEBUG] [39;1msnarkJS[0m: tauG1: fft 22 join  19/22  5/8 12/16
[36;22m[DEBUG] [39;1msnarkJS[0m: tauG1: fft 22 join  19/22  6/8 0/16
[36;22m[DEBUG] [39;1msnarkJS[0m: tauG1: fft 22 join  19/22  5/8 7/16
[36;22m[DEBUG] [39;1msnarkJS[0m: tauG1: fft 22 join  19/22  6/8 1/16
[36;22m[DEBUG] [39;1msnarkJS[0m: tauG1: fft 22 join  19/22  6/8 3/16
[36;22m[DEBUG] [39;1msnarkJS[0m: tauG1: fft 22 join  19/22  6/8 4/16
[36;22m[DEBUG] [39;1msnarkJS[0m: tauG1: fft 22 join  19/22  6/8 5/16
[36;22m[DEBUG] [39;1msnarkJS[0m: tauG1: fft 22 join  19/22  6/8 11/16
[36;22m[DEBUG] [39;1msnarkJS[0m: tauG1: fft 22 join  19/22  5/8 15/16
[36;22m[DEBUG] [39;1msnarkJS[0m: tauG1: fft 22 join  19/22  7/8 4/16
[36;22m[DEBUG] [39;1msnarkJS[0m: tauG1: fft 22 join  19/22  5/8 14/16
[36;22m[DEBUG] [39;1msnarkJS[0m: tauG1: fft 22 join  19/22  7/8 5/16
[36;22m[DEBUG] [39;1msnarkJS[0m: tauG1: fft 22 join  19/22  7/8 8/16
[36;22m[DEBUG] [39;1msnarkJS[0m: tauG1: fft 22 join  19/22  7/8 6/16
[36;22m[DEBUG] [39;1msnarkJS[0m: tauG1: fft 22 join  19/22  6/8 2/16
[36;22m[DEBUG] [39;1msnarkJS[0m: tauG1: fft 22 join  19/22  7/8 11/16
[36;22m[DEBUG] [39;1msnarkJS[0m: tauG1: fft 22 join  19/22  6/8 6/16
[36;22m[DEBUG] [39;1msnarkJS[0m: tauG1: fft 22 join  19/22  6/8 7/16
[36;22m[DEBUG] [39;1msnarkJS[0m: tauG1: fft 22 join  19/22  6/8 8/16
[36;22m[DEBUG] [39;1msnarkJS[0m: tauG1: fft 22 join  19/22  6/8 9/16
[36;22m[DEBUG] [39;1msnarkJS[0m: tauG1: fft 22 join  19/22  6/8 10/16
[36;22m[DEBUG] [39;1msnarkJS[0m: tauG1: fft 22 join  19/22  6/8 12/16
[36;22m[DEBUG] [39;1msnarkJS[0m: tauG1: fft 22 join  19/22  7/8 13/16
[36;22m[DEBUG] [39;1msnarkJS[0m: tauG1: fft 22 join  19/22  6/8 13/16
[36;22m[DEBUG] [39;1msnarkJS[0m: tauG1: fft 22 join  19/22  6/8 14/16
[36;22m[DEBUG] [39;1msnarkJS[0m: tauG1: fft 22 join  19/22  6/8 15/16
[36;22m[DEBUG] [39;1msnarkJS[0m: tauG1: fft 22 join  19/22  7/8 0/16
[36;22m[DEBUG] [39;1msnarkJS[0m: tauG1: fft 22 join  19/22  7/8 9/16
[36;22m[DEBUG] [39;1msnarkJS[0m: tauG1: fft 22 join  19/22  7/8 1/16
[36;22m[DEBUG] [39;1msnarkJS[0m: tauG1: fft 22 join  19/22  7/8 12/16
[36;22m[DEBUG] [39;1msnarkJS[0m: tauG1: fft 22 join  19/22  7/8 2/16
[36;22m[DEBUG] [39;1msnarkJS[0m: tauG1: fft 22 join  19/22  7/8 3/16
[36;22m[DEBUG] [39;1msnarkJS[0m: tauG1: fft 22 join  19/22  7/8 7/16
[36;22m[DEBUG] [39;1msnarkJS[0m: tauG1: fft 22 join  19/22  7/8 15/16
[36;22m[DEBUG] [39;1msnarkJS[0m: tauG1: fft 22 join  19/22  8/8 0/16
[36;22m[DEBUG] [39;1msnarkJS[0m: tauG1: fft 22 join  19/22  8/8 1/16
[36;22m[DEBUG] [39;1msnarkJS[0m: tauG1: fft 22 join  19/22  8/8 2/16
[36;22m[DEBUG] [39;1msnarkJS[0m: tauG1: fft 22 join  19/22  7/8 10/16
[36;22m[DEBUG] [39;1msnarkJS[0m: tauG1: fft 22 join  19/22  8/8 3/16
[36;22m[DEBUG] [39;1msnarkJS[0m: tauG1: fft 22 join  19/22  7/8 14/16
[36;22m[DEBUG] [39;1msnarkJS[0m: tauG1: fft 22 join  19/22  8/8 5/16
[36;22m[DEBUG] [39;1msnarkJS[0m: tauG1: fft 22 join  19/22  8/8 6/16
[36;22m[DEBUG] [39;1msnarkJS[0m: tauG1: fft 22 join  19/22  8/8 4/16
[36;22m[DEBUG] [39;1msnarkJS[0m: tauG1: fft 22 join  19/22  8/8 7/16
[36;22m[DEBUG] [39;1msnarkJS[0m: tauG1: fft 22 join  19/22  8/8 8/16
[36;22m[DEBUG] [39;1msnarkJS[0m: tauG1: fft 22 join  19/22  8/8 10/16
[36;22m[DEBUG] [39;1msnarkJS[0m: tauG1: fft 22 join  19/22  8/8 11/16
[36;22m[DEBUG] [39;1msnarkJS[0m: tauG1: fft 22 join  19/22  8/8 9/16
[36;22m[DEBUG] [39;1msnarkJS[0m: tauG1: fft 22 join  19/22  8/8 13/16
[36;22m[DEBUG] [39;1msnarkJS[0m: tauG1: fft 22 join  19/22  8/8 14/16
[36;22m[DEBUG] [39;1msnarkJS[0m: tauG1: fft 22 join  19/22  8/8 12/16
[36;22m[DEBUG] [39;1msnarkJS[0m: tauG1: fft 22 join  19/22  8/8 15/16
[36;22m[DEBUG] [39;1msnarkJS[0m: tauG1: fft  22  join: 20/22
[36;22m[DEBUG] [39;1msnarkJS[0m: tauG1: fft 22 join  20/22  1/4 2/32
[36;22m[DEBUG] [39;1msnarkJS[0m: tauG1: fft 22 join  20/22  1/4 18/32
[36;22m[DEBUG] [39;1msnarkJS[0m: tauG1: fft 22 join  20/22  1/4 19/32
[36;22m[DEBUG] [39;1msnarkJS[0m: tauG1: fft 22 join  20/22  1/4 22/32
[36;22m[DEBUG] [39;1msnarkJS[0m: tauG1: fft 22 join  20/22  1/4 6/32
[36;22m[DEBUG] [39;1msnarkJS[0m: tauG1: fft 22 join  20/22  1/4 12/32
[36;22m[DEBUG] [39;1msnarkJS[0m: tauG1: fft 22 join  20/22  1/4 17/32
[36;22m[DEBUG] [39;1msnarkJS[0m: tauG1: fft 22 join  20/22  1/4 21/32
[36;22m[DEBUG] [39;1msnarkJS[0m: tauG1: fft 22 join  20/22  1/4 8/32
[36;22m[DEBUG] [39;1msnarkJS[0m: tauG1: fft 22 join  20/22  1/4 16/32
[36;22m[DEBUG] [39;1msnarkJS[0m: tauG1: fft 22 join  20/22  1/4 14/32
[36;22m[DEBUG] [39;1msnarkJS[0m: tauG1: fft 22 join  20/22  1/4 10/32
[36;22m[DEBUG] [39;1msnarkJS[0m: tauG1: fft 22 join  20/22  1/4 29/32
[36;22m[DEBUG] [39;1msnarkJS[0m: tauG1: fft 22 join  20/22  1/4 4/32
[36;22m[DEBUG] [39;1msnarkJS[0m: tauG1: fft 22 join  20/22  1/4 28/32
[36;22m[DEBUG] [39;1msnarkJS[0m: tauG1: fft 22 join  20/22  1/4 5/32
[36;22m[DEBUG] [39;1msnarkJS[0m: tauG1: fft 22 join  20/22  1/4 20/32
[36;22m[DEBUG] [39;1msnarkJS[0m: tauG1: fft 22 join  20/22  1/4 24/32
[36;22m[DEBUG] [39;1msnarkJS[0m: tauG1: fft 22 join  20/22  1/4 11/32
[36;22m[DEBUG] [39;1msnarkJS[0m: tauG1: fft 22 join  20/22  1/4 0/32
[36;22m[DEBUG] [39;1msnarkJS[0m: tauG1: fft 22 join  20/22  1/4 13/32
[36;22m[DEBUG] [39;1msnarkJS[0m: tauG1: fft 22 join  20/22  1/4 7/32
[36;22m[DEBUG] [39;1msnarkJS[0m: tauG1: fft 22 join  20/22  1/4 23/32
[36;22m[DEBUG] [39;1msnarkJS[0m: tauG1: fft 22 join  20/22  1/4 15/32
[36;22m[DEBUG] [39;1msnarkJS[0m: tauG1: fft 22 join  20/22  1/4 26/32
[36;22m[DEBUG] [39;1msnarkJS[0m: tauG1: fft 22 join  20/22  1/4 1/32
[36;22m[DEBUG] [39;1msnarkJS[0m: tauG1: fft 22 join  20/22  1/4 3/32
[36;22m[DEBUG] [39;1msnarkJS[0m: tauG1: fft 22 join  20/22  1/4 27/32
[36;22m[DEBUG] [39;1msnarkJS[0m: tauG1: fft 22 join  20/22  1/4 31/32
[36;22m[DEBUG] [39;1msnarkJS[0m: tauG1: fft 22 join  20/22  1/4 9/32
[36;22m[DEBUG] [39;1msnarkJS[0m: tauG1: fft 22 join  20/22  1/4 30/32
[36;22m[DEBUG] [39;1msnarkJS[0m: tauG1: fft 22 join  20/22  1/4 25/32
[36;22m[DEBUG] [39;1msnarkJS[0m: tauG1: fft 22 join  20/22  2/4 1/32
[36;22m[DEBUG] [39;1msnarkJS[0m: tauG1: fft 22 join  20/22  2/4 0/32
[36;22m[DEBUG] [39;1msnarkJS[0m: tauG1: fft 22 join  20/22  2/4 2/32
[36;22m[DEBUG] [39;1msnarkJS[0m: tauG1: fft 22 join  20/22  2/4 3/32
[36;22m[DEBUG] [39;1msnarkJS[0m: tauG1: fft 22 join  20/22  2/4 4/32
[36;22m[DEBUG] [39;1msnarkJS[0m: tauG1: fft 22 join  20/22  2/4 5/32
[36;22m[DEBUG] [39;1msnarkJS[0m: tauG1: fft 22 join  20/22  2/4 6/32
[36;22m[DEBUG] [39;1msnarkJS[0m: tauG1: fft 22 join  20/22  2/4 8/32
[36;22m[DEBUG] [39;1msnarkJS[0m: tauG1: fft 22 join  20/22  2/4 11/32
[36;22m[DEBUG] [39;1msnarkJS[0m: tauG1: fft 22 join  20/22  2/4 14/32
[36;22m[DEBUG] [39;1msnarkJS[0m: tauG1: fft 22 join  20/22  2/4 12/32
[36;22m[DEBUG] [39;1msnarkJS[0m: tauG1: fft 22 join  20/22  2/4 7/32
[36;22m[DEBUG] [39;1msnarkJS[0m: tauG1: fft 22 join  20/22  2/4 24/32
[36;22m[DEBUG] [39;1msnarkJS[0m: tauG1: fft 22 join  20/22  2/4 15/32
[36;22m[DEBUG] [39;1msnarkJS[0m: tauG1: fft 22 join  20/22  2/4 21/32
[36;22m[DEBUG] [39;1msnarkJS[0m: tauG1: fft 22 join  20/22  2/4 9/32
[36;22m[DEBUG] [39;1msnarkJS[0m: tauG1: fft 22 join  20/22  2/4 10/32
[36;22m[DEBUG] [39;1msnarkJS[0m: tauG1: fft 22 join  20/22  2/4 13/32
[36;22m[DEBUG] [39;1msnarkJS[0m: tauG1: fft 22 join  20/22  2/4 16/32
[36;22m[DEBUG] [39;1msnarkJS[0m: tauG1: fft 22 join  20/22  3/4 1/32
[36;22m[DEBUG] [39;1msnarkJS[0m: tauG1: fft 22 join  20/22  3/4 0/32
[36;22m[DEBUG] [39;1msnarkJS[0m: tauG1: fft 22 join  20/22  3/4 2/32
[36;22m[DEBUG] [39;1msnarkJS[0m: tauG1: fft 22 join  20/22  2/4 20/32
[36;22m[DEBUG] [39;1msnarkJS[0m: tauG1: fft 22 join  20/22  2/4 30/32
[36;22m[DEBUG] [39;1msnarkJS[0m: tauG1: fft 22 join  20/22  3/4 5/32
[36;22m[DEBUG] [39;1msnarkJS[0m: tauG1: fft 22 join  20/22  3/4 4/32
[36;22m[DEBUG] [39;1msnarkJS[0m: tauG1: fft 22 join  20/22  2/4 19/32
[36;22m[DEBUG] [39;1msnarkJS[0m: tauG1: fft 22 join  20/22  2/4 17/32
[36;22m[DEBUG] [39;1msnarkJS[0m: tauG1: fft 22 join  20/22  2/4 18/32
[36;22m[DEBUG] [39;1msnarkJS[0m: tauG1: fft 22 join  20/22  2/4 23/32
[36;22m[DEBUG] [39;1msnarkJS[0m: tauG1: fft 22 join  20/22  2/4 26/32
[36;22m[DEBUG] [39;1msnarkJS[0m: tauG1: fft 22 join  20/22  3/4 6/32
[36;22m[DEBUG] [39;1msnarkJS[0m: tauG1: fft 22 join  20/22  2/4 22/32
[36;22m[DEBUG] [39;1msnarkJS[0m: tauG1: fft 22 join  20/22  2/4 27/32
[36;22m[DEBUG] [39;1msnarkJS[0m: tauG1: fft 22 join  20/22  2/4 25/32
[36;22m[DEBUG] [39;1msnarkJS[0m: tauG1: fft 22 join  20/22  2/4 28/32
[36;22m[DEBUG] [39;1msnarkJS[0m: tauG1: fft 22 join  20/22  2/4 29/32
[36;22m[DEBUG] [39;1msnarkJS[0m: tauG1: fft 22 join  20/22  3/4 8/32
[36;22m[DEBUG] [39;1msnarkJS[0m: tauG1: fft 22 join  20/22  3/4 7/32
[36;22m[DEBUG] [39;1msnarkJS[0m: tauG1: fft 22 join  20/22  3/4 9/32
[36;22m[DEBUG] [39;1msnarkJS[0m: tauG1: fft 22 join  20/22  2/4 31/32
[36;22m[DEBUG] [39;1msnarkJS[0m: tauG1: fft 22 join  20/22  3/4 3/32
[36;22m[DEBUG] [39;1msnarkJS[0m: tauG1: fft 22 join  20/22  3/4 12/32
[36;22m[DEBUG] [39;1msnarkJS[0m: tauG1: fft 22 join  20/22  3/4 14/32
[36;22m[DEBUG] [39;1msnarkJS[0m: tauG1: fft 22 join  20/22  3/4 20/32
[36;22m[DEBUG] [39;1msnarkJS[0m: tauG1: fft 22 join  20/22  3/4 21/32
[36;22m[DEBUG] [39;1msnarkJS[0m: tauG1: fft 22 join  20/22  3/4 10/32
[36;22m[DEBUG] [39;1msnarkJS[0m: tauG1: fft 22 join  20/22  3/4 13/32
[36;22m[DEBUG] [39;1msnarkJS[0m: tauG1: fft 22 join  20/22  3/4 24/32
[36;22m[DEBUG] [39;1msnarkJS[0m: tauG1: fft 22 join  20/22  3/4 19/32
[36;22m[DEBUG] [39;1msnarkJS[0m: tauG1: fft 22 join  20/22  3/4 25/32
[36;22m[DEBUG] [39;1msnarkJS[0m: tauG1: fft 22 join  20/22  3/4 11/32
[36;22m[DEBUG] [39;1msnarkJS[0m: tauG1: fft 22 join  20/22  4/4 5/32
[36;22m[DEBUG] [39;1msnarkJS[0m: tauG1: fft 22 join  20/22  4/4 6/32
[36;22m[DEBUG] [39;1msnarkJS[0m: tauG1: fft 22 join  20/22  3/4 22/32
[36;22m[DEBUG] [39;1msnarkJS[0m: tauG1: fft 22 join  20/22  3/4 31/32
[36;22m[DEBUG] [39;1msnarkJS[0m: tauG1: fft 22 join  20/22  3/4 16/32
[36;22m[DEBUG] [39;1msnarkJS[0m: tauG1: fft 22 join  20/22  3/4 15/32
[36;22m[DEBUG] [39;1msnarkJS[0m: tauG1: fft 22 join  20/22  3/4 17/32
[36;22m[DEBUG] [39;1msnarkJS[0m: tauG1: fft 22 join  20/22  3/4 18/32
[36;22m[DEBUG] [39;1msnarkJS[0m: tauG1: fft 22 join  20/22  3/4 28/32
[36;22m[DEBUG] [39;1msnarkJS[0m: tauG1: fft 22 join  20/22  3/4 29/32
[36;22m[DEBUG] [39;1msnarkJS[0m: tauG1: fft 22 join  20/22  3/4 23/32
[36;22m[DEBUG] [39;1msnarkJS[0m: tauG1: fft 22 join  20/22  4/4 10/32
[36;22m[DEBUG] [39;1msnarkJS[0m: tauG1: fft 22 join  20/22  3/4 26/32
[36;22m[DEBUG] [39;1msnarkJS[0m: tauG1: fft 22 join  20/22  3/4 27/32
[36;22m[DEBUG] [39;1msnarkJS[0m: tauG1: fft 22 join  20/22  3/4 30/32
[36;22m[DEBUG] [39;1msnarkJS[0m: tauG1: fft 22 join  20/22  4/4 3/32
[36;22m[DEBUG] [39;1msnarkJS[0m: tauG1: fft 22 join  20/22  4/4 11/32
[36;22m[DEBUG] [39;1msnarkJS[0m: tauG1: fft 22 join  20/22  4/4 1/32
[36;22m[DEBUG] [39;1msnarkJS[0m: tauG1: fft 22 join  20/22  4/4 0/32
[36;22m[DEBUG] [39;1msnarkJS[0m: tauG1: fft 22 join  20/22  4/4 2/32
[36;22m[DEBUG] [39;1msnarkJS[0m: tauG1: fft 22 join  20/22  4/4 4/32
[36;22m[DEBUG] [39;1msnarkJS[0m: tauG1: fft 22 join  20/22  4/4 7/32
[36;22m[DEBUG] [39;1msnarkJS[0m: tauG1: fft 22 join  20/22  4/4 12/32
[36;22m[DEBUG] [39;1msnarkJS[0m: tauG1: fft 22 join  20/22  4/4 13/32
[36;22m[DEBUG] [39;1msnarkJS[0m: tauG1: fft 22 join  20/22  4/4 15/32
[36;22m[DEBUG] [39;1msnarkJS[0m: tauG1: fft 22 join  20/22  4/4 14/32
[36;22m[DEBUG] [39;1msnarkJS[0m: tauG1: fft 22 join  20/22  4/4 9/32
[36;22m[DEBUG] [39;1msnarkJS[0m: tauG1: fft 22 join  20/22  4/4 16/32
[36;22m[DEBUG] [39;1msnarkJS[0m: tauG1: fft 22 join  20/22  4/4 8/32
[36;22m[DEBUG] [39;1msnarkJS[0m: tauG1: fft 22 join  20/22  4/4 18/32
[36;22m[DEBUG] [39;1msnarkJS[0m: tauG1: fft 22 join  20/22  4/4 20/32
[36;22m[DEBUG] [39;1msnarkJS[0m: tauG1: fft 22 join  20/22  4/4 21/32
[36;22m[DEBUG] [39;1msnarkJS[0m: tauG1: fft 22 join  20/22  4/4 22/32
[36;22m[DEBUG] [39;1msnarkJS[0m: tauG1: fft 22 join  20/22  4/4 23/32
[36;22m[DEBUG] [39;1msnarkJS[0m: tauG1: fft 22 join  20/22  4/4 17/32
[36;22m[DEBUG] [39;1msnarkJS[0m: tauG1: fft 22 join  20/22  4/4 19/32
[36;22m[DEBUG] [39;1msnarkJS[0m: tauG1: fft 22 join  20/22  4/4 25/32
[36;22m[DEBUG] [39;1msnarkJS[0m: tauG1: fft 22 join  20/22  4/4 24/32
[36;22m[DEBUG] [39;1msnarkJS[0m: tauG1: fft 22 join  20/22  4/4 26/32
[36;22m[DEBUG] [39;1msnarkJS[0m: tauG1: fft 22 join  20/22  4/4 28/32
[36;22m[DEBUG] [39;1msnarkJS[0m: tauG1: fft 22 join  20/22  4/4 27/32
[36;22m[DEBUG] [39;1msnarkJS[0m: tauG1: fft 22 join  20/22  4/4 31/32
[36;22m[DEBUG] [39;1msnarkJS[0m: tauG1: fft 22 join  20/22  4/4 29/32
[36;22m[DEBUG] [39;1msnarkJS[0m: tauG1: fft 22 join  20/22  4/4 30/32
[36;22m[DEBUG] [39;1msnarkJS[0m: tauG1: fft  22  join: 21/22
[36;22m[DEBUG] [39;1msnarkJS[0m: tauG1: fft 22 join  21/22  1/2 13/64
[36;22m[DEBUG] [39;1msnarkJS[0m: tauG1: fft 22 join  21/22  1/2 17/64
[36;22m[DEBUG] [39;1msnarkJS[0m: tauG1: fft 22 join  21/22  1/2 18/64
[36;22m[DEBUG] [39;1msnarkJS[0m: tauG1: fft 22 join  21/22  1/2 29/64
[36;22m[DEBUG] [39;1msnarkJS[0m: tauG1: fft 22 join  21/22  1/2 5/64
[36;22m[DEBUG] [39;1msnarkJS[0m: tauG1: fft 22 join  21/22  1/2 1/64
[36;22m[DEBUG] [39;1msnarkJS[0m: tauG1: fft 22 join  21/22  1/2 25/64
[36;22m[DEBUG] [39;1msnarkJS[0m: tauG1: fft 22 join  21/22  1/2 12/64
[36;22m[DEBUG] [39;1msnarkJS[0m: tauG1: fft 22 join  21/22  1/2 16/64
[36;22m[DEBUG] [39;1msnarkJS[0m: tauG1: fft 22 join  21/22  1/2 30/64
[36;22m[DEBUG] [39;1msnarkJS[0m: tauG1: fft 22 join  21/22  1/2 7/64
[36;22m[DEBUG] [39;1msnarkJS[0m: tauG1: fft 22 join  21/22  1/2 6/64
[36;22m[DEBUG] [39;1msnarkJS[0m: tauG1: fft 22 join  21/22  1/2 10/64
[36;22m[DEBUG] [39;1msnarkJS[0m: tauG1: fft 22 join  21/22  1/2 31/64
[36;22m[DEBUG] [39;1msnarkJS[0m: tauG1: fft 22 join  21/22  1/2 24/64
[36;22m[DEBUG] [39;1msnarkJS[0m: tauG1: fft 22 join  21/22  1/2 26/64
[36;22m[DEBUG] [39;1msnarkJS[0m: tauG1: fft 22 join  21/22  1/2 11/64
[36;22m[DEBUG] [39;1msnarkJS[0m: tauG1: fft 22 join  21/22  1/2 27/64
[36;22m[DEBUG] [39;1msnarkJS[0m: tauG1: fft 22 join  21/22  1/2 9/64
[36;22m[DEBUG] [39;1msnarkJS[0m: tauG1: fft 22 join  21/22  1/2 2/64
[36;22m[DEBUG] [39;1msnarkJS[0m: tauG1: fft 22 join  21/22  1/2 4/64
[36;22m[DEBUG] [39;1msnarkJS[0m: tauG1: fft 22 join  21/22  1/2 0/64
[36;22m[DEBUG] [39;1msnarkJS[0m: tauG1: fft 22 join  21/22  1/2 19/64
[36;22m[DEBUG] [39;1msnarkJS[0m: tauG1: fft 22 join  21/22  1/2 20/64
[36;22m[DEBUG] [39;1msnarkJS[0m: tauG1: fft 22 join  21/22  1/2 23/64
[36;22m[DEBUG] [39;1msnarkJS[0m: tauG1: fft 22 join  21/22  1/2 28/64
[36;22m[DEBUG] [39;1msnarkJS[0m: tauG1: fft 22 join  21/22  1/2 22/64
[36;22m[DEBUG] [39;1msnarkJS[0m: tauG1: fft 22 join  21/22  1/2 8/64
[36;22m[DEBUG] [39;1msnarkJS[0m: tauG1: fft 22 join  21/22  1/2 14/64
[36;22m[DEBUG] [39;1msnarkJS[0m: tauG1: fft 22 join  21/22  1/2 15/64
[36;22m[DEBUG] [39;1msnarkJS[0m: tauG1: fft 22 join  21/22  1/2 3/64
[36;22m[DEBUG] [39;1msnarkJS[0m: tauG1: fft 22 join  21/22  1/2 21/64
[36;22m[DEBUG] [39;1msnarkJS[0m: tauG1: fft 22 join  21/22  1/2 35/64
[36;22m[DEBUG] [39;1msnarkJS[0m: tauG1: fft 22 join  21/22  1/2 32/64
[36;22m[DEBUG] [39;1msnarkJS[0m: tauG1: fft 22 join  21/22  1/2 37/64
[36;22m[DEBUG] [39;1msnarkJS[0m: tauG1: fft 22 join  21/22  1/2 36/64
[36;22m[DEBUG] [39;1msnarkJS[0m: tauG1: fft 22 join  21/22  1/2 34/64
[36;22m[DEBUG] [39;1msnarkJS[0m: tauG1: fft 22 join  21/22  1/2 40/64
[36;22m[DEBUG] [39;1msnarkJS[0m: tauG1: fft 22 join  21/22  1/2 41/64
[36;22m[DEBUG] [39;1msnarkJS[0m: tauG1: fft 22 join  21/22  1/2 39/64
[36;22m[DEBUG] [39;1msnarkJS[0m: tauG1: fft 22 join  21/22  1/2 42/64
[36;22m[DEBUG] [39;1msnarkJS[0m: tauG1: fft 22 join  21/22  1/2 38/64
[36;22m[DEBUG] [39;1msnarkJS[0m: tauG1: fft 22 join  21/22  1/2 45/64
[36;22m[DEBUG] [39;1msnarkJS[0m: tauG1: fft 22 join  21/22  1/2 43/64
[36;22m[DEBUG] [39;1msnarkJS[0m: tauG1: fft 22 join  21/22  1/2 33/64
[36;22m[DEBUG] [39;1msnarkJS[0m: tauG1: fft 22 join  21/22  1/2 58/64
[36;22m[DEBUG] [39;1msnarkJS[0m: tauG1: fft 22 join  21/22  1/2 47/64
[36;22m[DEBUG] [39;1msnarkJS[0m: tauG1: fft 22 join  21/22  1/2 44/64
[36;22m[DEBUG] [39;1msnarkJS[0m: tauG1: fft 22 join  21/22  1/2 63/64
[36;22m[DEBUG] [39;1msnarkJS[0m: tauG1: fft 22 join  21/22  1/2 62/64
[36;22m[DEBUG] [39;1msnarkJS[0m: tauG1: fft 22 join  21/22  1/2 61/64
[36;22m[DEBUG] [39;1msnarkJS[0m: tauG1: fft 22 join  21/22  1/2 46/64
[36;22m[DEBUG] [39;1msnarkJS[0m: tauG1: fft 22 join  21/22  1/2 60/64
[36;22m[DEBUG] [39;1msnarkJS[0m: tauG1: fft 22 join  21/22  2/2 2/64
[36;22m[DEBUG] [39;1msnarkJS[0m: tauG1: fft 22 join  21/22  2/2 4/64
[36;22m[DEBUG] [39;1msnarkJS[0m: tauG1: fft 22 join  21/22  2/2 5/64
[36;22m[DEBUG] [39;1msnarkJS[0m: tauG1: fft 22 join  21/22  1/2 57/64
[36;22m[DEBUG] [39;1msnarkJS[0m: tauG1: fft 22 join  21/22  1/2 51/64
[36;22m[DEBUG] [39;1msnarkJS[0m: tauG1: fft 22 join  21/22  1/2 50/64
[36;22m[DEBUG] [39;1msnarkJS[0m: tauG1: fft 22 join  21/22  1/2 48/64
[36;22m[DEBUG] [39;1msnarkJS[0m: tauG1: fft 22 join  21/22  1/2 49/64
[36;22m[DEBUG] [39;1msnarkJS[0m: tauG1: fft 22 join  21/22  1/2 54/64
[36;22m[DEBUG] [39;1msnarkJS[0m: tauG1: fft 22 join  21/22  1/2 52/64
[36;22m[DEBUG] [39;1msnarkJS[0m: tauG1: fft 22 join  21/22  1/2 55/64
[36;22m[DEBUG] [39;1msnarkJS[0m: tauG1: fft 22 join  21/22  1/2 56/64
[36;22m[DEBUG] [39;1msnarkJS[0m: tauG1: fft 22 join  21/22  1/2 53/64
[36;22m[DEBUG] [39;1msnarkJS[0m: tauG1: fft 22 join  21/22  1/2 59/64
[36;22m[DEBUG] [39;1msnarkJS[0m: tauG1: fft 22 join  21/22  2/2 3/64
[36;22m[DEBUG] [39;1msnarkJS[0m: tauG1: fft 22 join  21/22  2/2 8/64
[36;22m[DEBUG] [39;1msnarkJS[0m: tauG1: fft 22 join  21/22  2/2 1/64
[36;22m[DEBUG] [39;1msnarkJS[0m: tauG1: fft 22 join  21/22  2/2 0/64
[36;22m[DEBUG] [39;1msnarkJS[0m: tauG1: fft 22 join  21/22  2/2 11/64
[36;22m[DEBUG] [39;1msnarkJS[0m: tauG1: fft 22 join  21/22  2/2 13/64
[36;22m[DEBUG] [39;1msnarkJS[0m: tauG1: fft 22 join  21/22  2/2 14/64
[36;22m[DEBUG] [39;1msnarkJS[0m: tauG1: fft 22 join  21/22  2/2 6/64
[36;22m[DEBUG] [39;1msnarkJS[0m: tauG1: fft 22 join  21/22  2/2 16/64
[36;22m[DEBUG] [39;1msnarkJS[0m: tauG1: fft 22 join  21/22  2/2 18/64
[36;22m[DEBUG] [39;1msnarkJS[0m: tauG1: fft 22 join  21/22  2/2 7/64
[36;22m[DEBUG] [39;1msnarkJS[0m: tauG1: fft 22 join  21/22  2/2 9/64
[36;22m[DEBUG] [39;1msnarkJS[0m: tauG1: fft 22 join  21/22  2/2 12/64
[36;22m[DEBUG] [39;1msnarkJS[0m: tauG1: fft 22 join  21/22  2/2 17/64
[36;22m[DEBUG] [39;1msnarkJS[0m: tauG1: fft 22 join  21/22  2/2 21/64
[36;22m[DEBUG] [39;1msnarkJS[0m: tauG1: fft 22 join  21/22  2/2 10/64
[36;22m[DEBUG] [39;1msnarkJS[0m: tauG1: fft 22 join  21/22  2/2 22/64
[36;22m[DEBUG] [39;1msnarkJS[0m: tauG1: fft 22 join  21/22  2/2 23/64
[36;22m[DEBUG] [39;1msnarkJS[0m: tauG1: fft 22 join  21/22  2/2 36/64
[36;22m[DEBUG] [39;1msnarkJS[0m: tauG1: fft 22 join  21/22  2/2 19/64
[36;22m[DEBUG] [39;1msnarkJS[0m: tauG1: fft 22 join  21/22  2/2 15/64
[36;22m[DEBUG] [39;1msnarkJS[0m: tauG1: fft 22 join  21/22  2/2 29/64
[36;22m[DEBUG] [39;1msnarkJS[0m: tauG1: fft 22 join  21/22  2/2 25/64
[36;22m[DEBUG] [39;1msnarkJS[0m: tauG1: fft 22 join  21/22  2/2 28/64
[36;22m[DEBUG] [39;1msnarkJS[0m: tauG1: fft 22 join  21/22  2/2 39/64
[36;22m[DEBUG] [39;1msnarkJS[0m: tauG1: fft 22 join  21/22  2/2 20/64
[36;22m[DEBUG] [39;1msnarkJS[0m: tauG1: fft 22 join  21/22  2/2 40/64
[36;22m[DEBUG] [39;1msnarkJS[0m: tauG1: fft 22 join  21/22  2/2 37/64
[36;22m[DEBUG] [39;1msnarkJS[0m: tauG1: fft 22 join  21/22  2/2 41/64
[36;22m[DEBUG] [39;1msnarkJS[0m: tauG1: fft 22 join  21/22  2/2 24/64
[36;22m[DEBUG] [39;1msnarkJS[0m: tauG1: fft 22 join  21/22  2/2 43/64
[36;22m[DEBUG] [39;1msnarkJS[0m: tauG1: fft 22 join  21/22  2/2 27/64
[36;22m[DEBUG] [39;1msnarkJS[0m: tauG1: fft 22 join  21/22  2/2 26/64
[36;22m[DEBUG] [39;1msnarkJS[0m: tauG1: fft 22 join  21/22  2/2 44/64
[36;22m[DEBUG] [39;1msnarkJS[0m: tauG1: fft 22 join  21/22  2/2 30/64
[36;22m[DEBUG] [39;1msnarkJS[0m: tauG1: fft 22 join  21/22  2/2 31/64
[36;22m[DEBUG] [39;1msnarkJS[0m: tauG1: fft 22 join  21/22  2/2 32/64
[36;22m[DEBUG] [39;1msnarkJS[0m: tauG1: fft 22 join  21/22  2/2 33/64
[36;22m[DEBUG] [39;1msnarkJS[0m: tauG1: fft 22 join  21/22  2/2 35/64
[36;22m[DEBUG] [39;1msnarkJS[0m: tauG1: fft 22 join  21/22  2/2 34/64
[36;22m[DEBUG] [39;1msnarkJS[0m: tauG1: fft 22 join  21/22  2/2 38/64
[36;22m[DEBUG] [39;1msnarkJS[0m: tauG1: fft 22 join  21/22  2/2 49/64
[36;22m[DEBUG] [39;1msnarkJS[0m: tauG1: fft 22 join  21/22  2/2 52/64
[36;22m[DEBUG] [39;1msnarkJS[0m: tauG1: fft 22 join  21/22  2/2 42/64
[36;22m[DEBUG] [39;1msnarkJS[0m: tauG1: fft 22 join  21/22  2/2 45/64
[36;22m[DEBUG] [39;1msnarkJS[0m: tauG1: fft 22 join  21/22  2/2 50/64
[36;22m[DEBUG] [39;1msnarkJS[0m: tauG1: fft 22 join  21/22  2/2 48/64
[36;22m[DEBUG] [39;1msnarkJS[0m: tauG1: fft 22 join  21/22  2/2 46/64
[36;22m[DEBUG] [39;1msnarkJS[0m: tauG1: fft 22 join  21/22  2/2 47/64
[36;22m[DEBUG] [39;1msnarkJS[0m: tauG1: fft 22 join  21/22  2/2 54/64
[36;22m[DEBUG] [39;1msnarkJS[0m: tauG1: fft 22 join  21/22  2/2 53/64
[36;22m[DEBUG] [39;1msnarkJS[0m: tauG1: fft 22 join  21/22  2/2 51/64
[36;22m[DEBUG] [39;1msnarkJS[0m: tauG1: fft 22 join  21/22  2/2 57/64
[36;22m[DEBUG] [39;1msnarkJS[0m: tauG1: fft 22 join  21/22  2/2 56/64
[36;22m[DEBUG] [39;1msnarkJS[0m: tauG1: fft 22 join  21/22  2/2 59/64
[36;22m[DEBUG] [39;1msnarkJS[0m: tauG1: fft 22 join  21/22  2/2 61/64
[36;22m[DEBUG] [39;1msnarkJS[0m: tauG1: fft 22 join  21/22  2/2 58/64
[36;22m[DEBUG] [39;1msnarkJS[0m: tauG1: fft 22 join  21/22  2/2 55/64
[36;22m[DEBUG] [39;1msnarkJS[0m: tauG1: fft 22 join  21/22  2/2 63/64
[36;22m[DEBUG] [39;1msnarkJS[0m: tauG1: fft 22 join  21/22  2/2 62/64
[36;22m[DEBUG] [39;1msnarkJS[0m: tauG1: fft 22 join  21/22  2/2 60/64
[36;22m[DEBUG] [39;1msnarkJS[0m: tauG1: fft  22  join: 22/22
[36;22m[DEBUG] [39;1msnarkJS[0m: tauG1: fft 22 join  22/22  1/1 10/128
[36;22m[DEBUG] [39;1msnarkJS[0m: tauG1: fft 22 join  22/22  1/1 18/128
[36;22m[DEBUG] [39;1msnarkJS[0m: tauG1: fft 22 join  22/22  1/1 24/128
[36;22m[DEBUG] [39;1msnarkJS[0m: tauG1: fft 22 join  22/22  1/1 6/128
[36;22m[DEBUG] [39;1msnarkJS[0m: tauG1: fft 22 join  22/22  1/1 26/128
[36;22m[DEBUG] [39;1msnarkJS[0m: tauG1: fft 22 join  22/22  1/1 12/128
[36;22m[DEBUG] [39;1msnarkJS[0m: tauG1: fft 22 join  22/22  1/1 16/128
[36;22m[DEBUG] [39;1msnarkJS[0m: tauG1: fft 22 join  22/22  1/1 21/128
[36;22m[DEBUG] [39;1msnarkJS[0m: tauG1: fft 22 join  22/22  1/1 22/128
[36;22m[DEBUG] [39;1msnarkJS[0m: tauG1: fft 22 join  22/22  1/1 20/128
[36;22m[DEBUG] [39;1msnarkJS[0m: tauG1: fft 22 join  22/22  1/1 28/128
[36;22m[DEBUG] [39;1msnarkJS[0m: tauG1: fft 22 join  22/22  1/1 1/128
[36;22m[DEBUG] [39;1msnarkJS[0m: tauG1: fft 22 join  22/22  1/1 25/128
[36;22m[DEBUG] [39;1msnarkJS[0m: tauG1: fft 22 join  22/22  1/1 19/128
[36;22m[DEBUG] [39;1msnarkJS[0m: tauG1: fft 22 join  22/22  1/1 7/128
[36;22m[DEBUG] [39;1msnarkJS[0m: tauG1: fft 22 join  22/22  1/1 5/128
[36;22m[DEBUG] [39;1msnarkJS[0m: tauG1: fft 22 join  22/22  1/1 27/128
[36;22m[DEBUG] [39;1msnarkJS[0m: tauG1: fft 22 join  22/22  1/1 0/128
[36;22m[DEBUG] [39;1msnarkJS[0m: tauG1: fft 22 join  22/22  1/1 23/128
[36;22m[DEBUG] [39;1msnarkJS[0m: tauG1: fft 22 join  22/22  1/1 9/128
[36;22m[DEBUG] [39;1msnarkJS[0m: tauG1: fft 22 join  22/22  1/1 17/128
[36;22m[DEBUG] [39;1msnarkJS[0m: tauG1: fft 22 join  22/22  1/1 30/128
[36;22m[DEBUG] [39;1msnarkJS[0m: tauG1: fft 22 join  22/22  1/1 4/128
[36;22m[DEBUG] [39;1msnarkJS[0m: tauG1: fft 22 join  22/22  1/1 3/128
[36;22m[DEBUG] [39;1msnarkJS[0m: tauG1: fft 22 join  22/22  1/1 2/128
[36;22m[DEBUG] [39;1msnarkJS[0m: tauG1: fft 22 join  22/22  1/1 13/128
[36;22m[DEBUG] [39;1msnarkJS[0m: tauG1: fft 22 join  22/22  1/1 8/128
[36;22m[DEBUG] [39;1msnarkJS[0m: tauG1: fft 22 join  22/22  1/1 11/128
[36;22m[DEBUG] [39;1msnarkJS[0m: tauG1: fft 22 join  22/22  1/1 14/128
[36;22m[DEBUG] [39;1msnarkJS[0m: tauG1: fft 22 join  22/22  1/1 15/128
[36;22m[DEBUG] [39;1msnarkJS[0m: tauG1: fft 22 join  22/22  1/1 29/128
[36;22m[DEBUG] [39;1msnarkJS[0m: tauG1: fft 22 join  22/22  1/1 31/128
[36;22m[DEBUG] [39;1msnarkJS[0m: tauG1: fft 22 join  22/22  1/1 38/128
[36;22m[DEBUG] [39;1msnarkJS[0m: tauG1: fft 22 join  22/22  1/1 36/128
[36;22m[DEBUG] [39;1msnarkJS[0m: tauG1: fft 22 join  22/22  1/1 34/128
[36;22m[DEBUG] [39;1msnarkJS[0m: tauG1: fft 22 join  22/22  1/1 39/128
[36;22m[DEBUG] [39;1msnarkJS[0m: tauG1: fft 22 join  22/22  1/1 37/128
[36;22m[DEBUG] [39;1msnarkJS[0m: tauG1: fft 22 join  22/22  1/1 40/128
[36;22m[DEBUG] [39;1msnarkJS[0m: tauG1: fft 22 join  22/22  1/1 42/128
[36;22m[DEBUG] [39;1msnarkJS[0m: tauG1: fft 22 join  22/22  1/1 32/128
[36;22m[DEBUG] [39;1msnarkJS[0m: tauG1: fft 22 join  22/22  1/1 35/128
[36;22m[DEBUG] [39;1msnarkJS[0m: tauG1: fft 22 join  22/22  1/1 33/128
[36;22m[DEBUG] [39;1msnarkJS[0m: tauG1: fft 22 join  22/22  1/1 52/128
[36;22m[DEBUG] [39;1msnarkJS[0m: tauG1: fft 22 join  22/22  1/1 46/128
[36;22m[DEBUG] [39;1msnarkJS[0m: tauG1: fft 22 join  22/22  1/1 53/128
[36;22m[DEBUG] [39;1msnarkJS[0m: tauG1: fft 22 join  22/22  1/1 56/128
[36;22m[DEBUG] [39;1msnarkJS[0m: tauG1: fft 22 join  22/22  1/1 41/128
[36;22m[DEBUG] [39;1msnarkJS[0m: tauG1: fft 22 join  22/22  1/1 62/128
[36;22m[DEBUG] [39;1msnarkJS[0m: tauG1: fft 22 join  22/22  1/1 43/128
[36;22m[DEBUG] [39;1msnarkJS[0m: tauG1: fft 22 join  22/22  1/1 51/128
[36;22m[DEBUG] [39;1msnarkJS[0m: tauG1: fft 22 join  22/22  1/1 45/128
[36;22m[DEBUG] [39;1msnarkJS[0m: tauG1: fft 22 join  22/22  1/1 44/128
[36;22m[DEBUG] [39;1msnarkJS[0m: tauG1: fft 22 join  22/22  1/1 64/128
[36;22m[DEBUG] [39;1msnarkJS[0m: tauG1: fft 22 join  22/22  1/1 48/128
[36;22m[DEBUG] [39;1msnarkJS[0m: tauG1: fft 22 join  22/22  1/1 49/128
[36;22m[DEBUG] [39;1msnarkJS[0m: tauG1: fft 22 join  22/22  1/1 65/128
[36;22m[DEBUG] [39;1msnarkJS[0m: tauG1: fft 22 join  22/22  1/1 57/128
[36;22m[DEBUG] [39;1msnarkJS[0m: tauG1: fft 22 join  22/22  1/1 66/128
[36;22m[DEBUG] [39;1msnarkJS[0m: tauG1: fft 22 join  22/22  1/1 63/128
[36;22m[DEBUG] [39;1msnarkJS[0m: tauG1: fft 22 join  22/22  1/1 47/128
[36;22m[DEBUG] [39;1msnarkJS[0m: tauG1: fft 22 join  22/22  1/1 50/128
[36;22m[DEBUG] [39;1msnarkJS[0m: tauG1: fft 22 join  22/22  1/1 54/128
[36;22m[DEBUG] [39;1msnarkJS[0m: tauG1: fft 22 join  22/22  1/1 58/128
[36;22m[DEBUG] [39;1msnarkJS[0m: tauG1: fft 22 join  22/22  1/1 61/128
[36;22m[DEBUG] [39;1msnarkJS[0m: tauG1: fft 22 join  22/22  1/1 60/128
[36;22m[DEBUG] [39;1msnarkJS[0m: tauG1: fft 22 join  22/22  1/1 59/128
[36;22m[DEBUG] [39;1msnarkJS[0m: tauG1: fft 22 join  22/22  1/1 55/128
[36;22m[DEBUG] [39;1msnarkJS[0m: tauG1: fft 22 join  22/22  1/1 68/128
[36;22m[DEBUG] [39;1msnarkJS[0m: tauG1: fft 22 join  22/22  1/1 70/128
[36;22m[DEBUG] [39;1msnarkJS[0m: tauG1: fft 22 join  22/22  1/1 74/128
[36;22m[DEBUG] [39;1msnarkJS[0m: tauG1: fft 22 join  22/22  1/1 75/128
[36;22m[DEBUG] [39;1msnarkJS[0m: tauG1: fft 22 join  22/22  1/1 76/128
[36;22m[DEBUG] [39;1msnarkJS[0m: tauG1: fft 22 join  22/22  1/1 77/128
[36;22m[DEBUG] [39;1msnarkJS[0m: tauG1: fft 22 join  22/22  1/1 79/128
[36;22m[DEBUG] [39;1msnarkJS[0m: tauG1: fft 22 join  22/22  1/1 67/128
[36;22m[DEBUG] [39;1msnarkJS[0m: tauG1: fft 22 join  22/22  1/1 69/128
[36;22m[DEBUG] [39;1msnarkJS[0m: tauG1: fft 22 join  22/22  1/1 84/128
[36;22m[DEBUG] [39;1msnarkJS[0m: tauG1: fft 22 join  22/22  1/1 81/128
[36;22m[DEBUG] [39;1msnarkJS[0m: tauG1: fft 22 join  22/22  1/1 78/128
[36;22m[DEBUG] [39;1msnarkJS[0m: tauG1: fft 22 join  22/22  1/1 71/128
[36;22m[DEBUG] [39;1msnarkJS[0m: tauG1: fft 22 join  22/22  1/1 72/128
[36;22m[DEBUG] [39;1msnarkJS[0m: tauG1: fft 22 join  22/22  1/1 87/128
[36;22m[DEBUG] [39;1msnarkJS[0m: tauG1: fft 22 join  22/22  1/1 73/128
[36;22m[DEBUG] [39;1msnarkJS[0m: tauG1: fft 22 join  22/22  1/1 89/128
[36;22m[DEBUG] [39;1msnarkJS[0m: tauG1: fft 22 join  22/22  1/1 91/128
[36;22m[DEBUG] [39;1msnarkJS[0m: tauG1: fft 22 join  22/22  1/1 80/128
[36;22m[DEBUG] [39;1msnarkJS[0m: tauG1: fft 22 join  22/22  1/1 86/128
[36;22m[DEBUG] [39;1msnarkJS[0m: tauG1: fft 22 join  22/22  1/1 97/128
[36;22m[DEBUG] [39;1msnarkJS[0m: tauG1: fft 22 join  22/22  1/1 82/128
[36;22m[DEBUG] [39;1msnarkJS[0m: tauG1: fft 22 join  22/22  1/1 83/128
[36;22m[DEBUG] [39;1msnarkJS[0m: tauG1: fft 22 join  22/22  1/1 101/128
[36;22m[DEBUG] [39;1msnarkJS[0m: tauG1: fft 22 join  22/22  1/1 102/128
[36;22m[DEBUG] [39;1msnarkJS[0m: tauG1: fft 22 join  22/22  1/1 103/128
[36;22m[DEBUG] [39;1msnarkJS[0m: tauG1: fft 22 join  22/22  1/1 104/128
[36;22m[DEBUG] [39;1msnarkJS[0m: tauG1: fft 22 join  22/22  1/1 85/128
[36;22m[DEBUG] [39;1msnarkJS[0m: tauG1: fft 22 join  22/22  1/1 105/128
[36;22m[DEBUG] [39;1msnarkJS[0m: tauG1: fft 22 join  22/22  1/1 98/128
[36;22m[DEBUG] [39;1msnarkJS[0m: tauG1: fft 22 join  22/22  1/1 88/128
[36;22m[DEBUG] [39;1msnarkJS[0m: tauG1: fft 22 join  22/22  1/1 90/128
[36;22m[DEBUG] [39;1msnarkJS[0m: tauG1: fft 22 join  22/22  1/1 92/128
[36;22m[DEBUG] [39;1msnarkJS[0m: tauG1: fft 22 join  22/22  1/1 94/128
[36;22m[DEBUG] [39;1msnarkJS[0m: tauG1: fft 22 join  22/22  1/1 93/128
[36;22m[DEBUG] [39;1msnarkJS[0m: tauG1: fft 22 join  22/22  1/1 95/128
[36;22m[DEBUG] [39;1msnarkJS[0m: tauG1: fft 22 join  22/22  1/1 96/128
[36;22m[DEBUG] [39;1msnarkJS[0m: tauG1: fft 22 join  22/22  1/1 99/128
[36;22m[DEBUG] [39;1msnarkJS[0m: tauG1: fft 22 join  22/22  1/1 100/128
[36;22m[DEBUG] [39;1msnarkJS[0m: tauG1: fft 22 join  22/22  1/1 109/128
[36;22m[DEBUG] [39;1msnarkJS[0m: tauG1: fft 22 join  22/22  1/1 113/128
[36;22m[DEBUG] [39;1msnarkJS[0m: tauG1: fft 22 join  22/22  1/1 108/128
[36;22m[DEBUG] [39;1msnarkJS[0m: tauG1: fft 22 join  22/22  1/1 115/128
[36;22m[DEBUG] [39;1msnarkJS[0m: tauG1: fft 22 join  22/22  1/1 116/128
[36;22m[DEBUG] [39;1msnarkJS[0m: tauG1: fft 22 join  22/22  1/1 107/128
[36;22m[DEBUG] [39;1msnarkJS[0m: tauG1: fft 22 join  22/22  1/1 106/128
[36;22m[DEBUG] [39;1msnarkJS[0m: tauG1: fft 22 join  22/22  1/1 117/128
[36;22m[DEBUG] [39;1msnarkJS[0m: tauG1: fft 22 join  22/22  1/1 110/128
[36;22m[DEBUG] [39;1msnarkJS[0m: tauG1: fft 22 join  22/22  1/1 112/128
[36;22m[DEBUG] [39;1msnarkJS[0m: tauG1: fft 22 join  22/22  1/1 114/128
[36;22m[DEBUG] [39;1msnarkJS[0m: tauG1: fft 22 join  22/22  1/1 111/128
[36;22m[DEBUG] [39;1msnarkJS[0m: tauG1: fft 22 join  22/22  1/1 119/128
[36;22m[DEBUG] [39;1msnarkJS[0m: tauG1: fft 22 join  22/22  1/1 118/128
[36;22m[DEBUG] [39;1msnarkJS[0m: tauG1: fft 22 join  22/22  1/1 120/128
[36;22m[DEBUG] [39;1msnarkJS[0m: tauG1: fft 22 join  22/22  1/1 122/128
[36;22m[DEBUG] [39;1msnarkJS[0m: tauG1: fft 22 join  22/22  1/1 123/128
[36;22m[DEBUG] [39;1msnarkJS[0m: tauG1: fft 22 join  22/22  1/1 124/128
[36;22m[DEBUG] [39;1msnarkJS[0m: tauG1: fft 22 join  22/22  1/1 125/128
[36;22m[DEBUG] [39;1msnarkJS[0m: tauG1: fft 22 join  22/22  1/1 127/128
[36;22m[DEBUG] [39;1msnarkJS[0m: tauG1: fft 22 join  22/22  1/1 126/128
[36;22m[DEBUG] [39;1msnarkJS[0m: tauG1: fft 22 join  22/22  1/1 121/128
[36;22m[DEBUG] [39;1msnarkJS[0m: Starting section: tauG2
[36;22m[DEBUG] [39;1msnarkJS[0m: tauG2: fft 0 mix start: 0/1
[36;22m[DEBUG] [39;1msnarkJS[0m: tauG2: fft 0 mix end: 0/1
[36;22m[DEBUG] [39;1msnarkJS[0m: tauG2: fft 1 mix start: 0/1
[36;22m[DEBUG] [39;1msnarkJS[0m: tauG2: fft 1 mix end: 0/1
[36;22m[DEBUG] [39;1msnarkJS[0m: tauG2: fft 2 mix start: 0/1
[36;22m[DEBUG] [39;1msnarkJS[0m: tauG2: fft 2 mix end: 0/1
[36;22m[DEBUG] [39;1msnarkJS[0m: tauG2: fft 3 mix start: 0/1
[36;22m[DEBUG] [39;1msnarkJS[0m: tauG2: fft 3 mix end: 0/1
[36;22m[DEBUG] [39;1msnarkJS[0m: tauG2: fft 4 mix start: 0/2
[36;22m[DEBUG] [39;1msnarkJS[0m: tauG2: fft 4 mix start: 1/2
[36;22m[DEBUG] [39;1msnarkJS[0m: tauG2: fft 4 mix end: 0/2
[36;22m[DEBUG] [39;1msnarkJS[0m: tauG2: fft 4 mix end: 1/2
[36;22m[DEBUG] [39;1msnarkJS[0m: tauG2: fft  4  join: 4/4
[36;22m[DEBUG] [39;1msnarkJS[0m: tauG2: fft 4 join  4/4  1/1 0/1
[36;22m[DEBUG] [39;1msnarkJS[0m: tauG2: fft 5 mix start: 0/4
[36;22m[DEBUG] [39;1msnarkJS[0m: tauG2: fft 5 mix start: 1/4
[36;22m[DEBUG] [39;1msnarkJS[0m: tauG2: fft 5 mix start: 2/4
[36;22m[DEBUG] [39;1msnarkJS[0m: tauG2: fft 5 mix start: 3/4
[36;22m[DEBUG] [39;1msnarkJS[0m: tauG2: fft 5 mix end: 0/4
[36;22m[DEBUG] [39;1msnarkJS[0m: tauG2: fft 5 mix end: 1/4
[36;22m[DEBUG] [39;1msnarkJS[0m: tauG2: fft 5 mix end: 2/4
[36;22m[DEBUG] [39;1msnarkJS[0m: tauG2: fft 5 mix end: 3/4
[36;22m[DEBUG] [39;1msnarkJS[0m: tauG2: fft  5  join: 4/5
[36;22m[DEBUG] [39;1msnarkJS[0m: tauG2: fft 5 join  4/5  1/2 0/1
[36;22m[DEBUG] [39;1msnarkJS[0m: tauG2: fft 5 join  4/5  2/2 0/1
[36;22m[DEBUG] [39;1msnarkJS[0m: tauG2: fft  5  join: 5/5
[36;22m[DEBUG] [39;1msnarkJS[0m: tauG2: fft 5 join  5/5  1/1 0/2
[36;22m[DEBUG] [39;1msnarkJS[0m: tauG2: fft 5 join  5/5  1/1 1/2
[36;22m[DEBUG] [39;1msnarkJS[0m: tauG2: fft 6 mix start: 0/8
[36;22m[DEBUG] [39;1msnarkJS[0m: tauG2: fft 6 mix start: 1/8
[36;22m[DEBUG] [39;1msnarkJS[0m: tauG2: fft 6 mix start: 2/8
[36;22m[DEBUG] [39;1msnarkJS[0m: tauG2: fft 6 mix start: 3/8
[36;22m[DEBUG] [39;1msnarkJS[0m: tauG2: fft 6 mix start: 4/8
[36;22m[DEBUG] [39;1msnarkJS[0m: tauG2: fft 6 mix start: 5/8
[36;22m[DEBUG] [39;1msnarkJS[0m: tauG2: fft 6 mix start: 6/8
[36;22m[DEBUG] [39;1msnarkJS[0m: tauG2: fft 6 mix start: 7/8
[36;22m[DEBUG] [39;1msnarkJS[0m: tauG2: fft 6 mix end: 2/8
[36;22m[DEBUG] [39;1msnarkJS[0m: tauG2: fft 6 mix end: 0/8
[36;22m[DEBUG] [39;1msnarkJS[0m: tauG2: fft 6 mix end: 1/8
[36;22m[DEBUG] [39;1msnarkJS[0m: tauG2: fft 6 mix end: 6/8
[36;22m[DEBUG] [39;1msnarkJS[0m: tauG2: fft 6 mix end: 3/8
[36;22m[DEBUG] [39;1msnarkJS[0m: tauG2: fft 6 mix end: 4/8
[36;22m[DEBUG] [39;1msnarkJS[0m: tauG2: fft 6 mix end: 5/8
[36;22m[DEBUG] [39;1msnarkJS[0m: tauG2: fft 6 mix end: 7/8
[36;22m[DEBUG] [39;1msnarkJS[0m: tauG2: fft  6  join: 4/6
[36;22m[DEBUG] [39;1msnarkJS[0m: tauG2: fft 6 join  4/6  1/4 0/1
[36;22m[DEBUG] [39;1msnarkJS[0m: tauG2: fft 6 join  4/6  2/4 0/1
[36;22m[DEBUG] [39;1msnarkJS[0m: tauG2: fft 6 join  4/6  3/4 0/1
[36;22m[DEBUG] [39;1msnarkJS[0m: tauG2: fft 6 join  4/6  4/4 0/1
[36;22m[DEBUG] [39;1msnarkJS[0m: tauG2: fft  6  join: 5/6
[36;22m[DEBUG] [39;1msnarkJS[0m: tauG2: fft 6 join  5/6  1/2 0/2
[36;22m[DEBUG] [39;1msnarkJS[0m: tauG2: fft 6 join  5/6  2/2 0/2
[36;22m[DEBUG] [39;1msnarkJS[0m: tauG2: fft 6 join  5/6  1/2 1/2
[36;22m[DEBUG] [39;1msnarkJS[0m: tauG2: fft 6 join  5/6  2/2 1/2
[36;22m[DEBUG] [39;1msnarkJS[0m: tauG2: fft  6  join: 6/6
[36;22m[DEBUG] [39;1msnarkJS[0m: tauG2: fft 6 join  6/6  1/1 0/4
[36;22m[DEBUG] [39;1msnarkJS[0m: tauG2: fft 6 join  6/6  1/1 2/4
[36;22m[DEBUG] [39;1msnarkJS[0m: tauG2: fft 6 join  6/6  1/1 1/4
[36;22m[DEBUG] [39;1msnarkJS[0m: tauG2: fft 6 join  6/6  1/1 3/4
[36;22m[DEBUG] [39;1msnarkJS[0m: tauG2: fft 7 mix start: 0/16
[36;22m[DEBUG] [39;1msnarkJS[0m: tauG2: fft 7 mix start: 1/16
[36;22m[DEBUG] [39;1msnarkJS[0m: tauG2: fft 7 mix start: 2/16
[36;22m[DEBUG] [39;1msnarkJS[0m: tauG2: fft 7 mix start: 3/16
[36;22m[DEBUG] [39;1msnarkJS[0m: tauG2: fft 7 mix start: 4/16
[36;22m[DEBUG] [39;1msnarkJS[0m: tauG2: fft 7 mix start: 5/16
[36;22m[DEBUG] [39;1msnarkJS[0m: tauG2: fft 7 mix start: 6/16
[36;22m[DEBUG] [39;1msnarkJS[0m: tauG2: fft 7 mix start: 7/16
[36;22m[DEBUG] [39;1msnarkJS[0m: tauG2: fft 7 mix start: 8/16
[36;22m[DEBUG] [39;1msnarkJS[0m: tauG2: fft 7 mix start: 9/16
[36;22m[DEBUG] [39;1msnarkJS[0m: tauG2: fft 7 mix start: 10/16
[36;22m[DEBUG] [39;1msnarkJS[0m: tauG2: fft 7 mix start: 11/16
[36;22m[DEBUG] [39;1msnarkJS[0m: tauG2: fft 7 mix start: 12/16
[36;22m[DEBUG] [39;1msnarkJS[0m: tauG2: fft 7 mix start: 13/16
[36;22m[DEBUG] [39;1msnarkJS[0m: tauG2: fft 7 mix start: 14/16
[36;22m[DEBUG] [39;1msnarkJS[0m: tauG2: fft 7 mix start: 15/16
[36;22m[DEBUG] [39;1msnarkJS[0m: tauG2: fft 7 mix end: 0/16
[36;22m[DEBUG] [39;1msnarkJS[0m: tauG2: fft 7 mix end: 1/16
[36;22m[DEBUG] [39;1msnarkJS[0m: tauG2: fft 7 mix end: 2/16
[36;22m[DEBUG] [39;1msnarkJS[0m: tauG2: fft 7 mix end: 8/16
[36;22m[DEBUG] [39;1msnarkJS[0m: tauG2: fft 7 mix end: 6/16
[36;22m[DEBUG] [39;1msnarkJS[0m: tauG2: fft 7 mix end: 7/16
[36;22m[DEBUG] [39;1msnarkJS[0m: tauG2: fft 7 mix end: 13/16
[36;22m[DEBUG] [39;1msnarkJS[0m: tauG2: fft 7 mix end: 5/16
[36;22m[DEBUG] [39;1msnarkJS[0m: tauG2: fft 7 mix end: 10/16
[36;22m[DEBUG] [39;1msnarkJS[0m: tauG2: fft 7 mix end: 4/16
[36;22m[DEBUG] [39;1msnarkJS[0m: tauG2: fft 7 mix end: 3/16
[36;22m[DEBUG] [39;1msnarkJS[0m: tauG2: fft 7 mix end: 9/16
[36;22m[DEBUG] [39;1msnarkJS[0m: tauG2: fft 7 mix end: 14/16
[36;22m[DEBUG] [39;1msnarkJS[0m: tauG2: fft 7 mix end: 12/16
[36;22m[DEBUG] [39;1msnarkJS[0m: tauG2: fft 7 mix end: 15/16
[36;22m[DEBUG] [39;1msnarkJS[0m: tauG2: fft 7 mix end: 11/16
[36;22m[DEBUG] [39;1msnarkJS[0m: tauG2: fft  7  join: 4/7
[36;22m[DEBUG] [39;1msnarkJS[0m: tauG2: fft 7 join  4/7  4/8 0/1
[36;22m[DEBUG] [39;1msnarkJS[0m: tauG2: fft 7 join  4/7  5/8 0/1
[36;22m[DEBUG] [39;1msnarkJS[0m: tauG2: fft 7 join  4/7  7/8 0/1
[36;22m[DEBUG] [39;1msnarkJS[0m: tauG2: fft 7 join  4/7  1/8 0/1
[36;22m[DEBUG] [39;1msnarkJS[0m: tauG2: fft 7 join  4/7  2/8 0/1
[36;22m[DEBUG] [39;1msnarkJS[0m: tauG2: fft 7 join  4/7  3/8 0/1
[36;22m[DEBUG] [39;1msnarkJS[0m: tauG2: fft 7 join  4/7  6/8 0/1
[36;22m[DEBUG] [39;1msnarkJS[0m: tauG2: fft 7 join  4/7  8/8 0/1
[36;22m[DEBUG] [39;1msnarkJS[0m: tauG2: fft  7  join: 5/7
[36;22m[DEBUG] [39;1msnarkJS[0m: tauG2: fft 7 join  5/7  1/4 0/2
[36;22m[DEBUG] [39;1msnarkJS[0m: tauG2: fft 7 join  5/7  2/4 0/2
[36;22m[DEBUG] [39;1msnarkJS[0m: tauG2: fft 7 join  5/7  3/4 0/2
[36;22m[DEBUG] [39;1msnarkJS[0m: tauG2: fft 7 join  5/7  4/4 0/2
[36;22m[DEBUG] [39;1msnarkJS[0m: tauG2: fft 7 join  5/7  1/4 1/2
[36;22m[DEBUG] [39;1msnarkJS[0m: tauG2: fft 7 join  5/7  2/4 1/2
[36;22m[DEBUG] [39;1msnarkJS[0m: tauG2: fft 7 join  5/7  3/4 1/2
[36;22m[DEBUG] [39;1msnarkJS[0m: tauG2: fft 7 join  5/7  4/4 1/2
[36;22m[DEBUG] [39;1msnarkJS[0m: tauG2: fft  7  join: 6/7
[36;22m[DEBUG] [39;1msnarkJS[0m: tauG2: fft 7 join  6/7  1/2 0/4
[36;22m[DEBUG] [39;1msnarkJS[0m: tauG2: fft 7 join  6/7  2/2 0/4
[36;22m[DEBUG] [39;1msnarkJS[0m: tauG2: fft 7 join  6/7  1/2 2/4
[36;22m[DEBUG] [39;1msnarkJS[0m: tauG2: fft 7 join  6/7  1/2 1/4
[36;22m[DEBUG] [39;1msnarkJS[0m: tauG2: fft 7 join  6/7  2/2 2/4
[36;22m[DEBUG] [39;1msnarkJS[0m: tauG2: fft 7 join  6/7  2/2 1/4
[36;22m[DEBUG] [39;1msnarkJS[0m: tauG2: fft 7 join  6/7  1/2 3/4
[36;22m[DEBUG] [39;1msnarkJS[0m: tauG2: fft 7 join  6/7  2/2 3/4
[36;22m[DEBUG] [39;1msnarkJS[0m: tauG2: fft  7  join: 7/7
[36;22m[DEBUG] [39;1msnarkJS[0m: tauG2: fft 7 join  7/7  1/1 0/8
[36;22m[DEBUG] [39;1msnarkJS[0m: tauG2: fft 7 join  7/7  1/1 2/8
[36;22m[DEBUG] [39;1msnarkJS[0m: tauG2: fft 7 join  7/7  1/1 3/8
[36;22m[DEBUG] [39;1msnarkJS[0m: tauG2: fft 7 join  7/7  1/1 1/8
[36;22m[DEBUG] [39;1msnarkJS[0m: tauG2: fft 7 join  7/7  1/1 6/8
[36;22m[DEBUG] [39;1msnarkJS[0m: tauG2: fft 7 join  7/7  1/1 4/8
[36;22m[DEBUG] [39;1msnarkJS[0m: tauG2: fft 7 join  7/7  1/1 7/8
[36;22m[DEBUG] [39;1msnarkJS[0m: tauG2: fft 7 join  7/7  1/1 5/8
[36;22m[DEBUG] [39;1msnarkJS[0m: tauG2: fft 8 mix start: 0/32
[36;22m[DEBUG] [39;1msnarkJS[0m: tauG2: fft 8 mix start: 1/32
[36;22m[DEBUG] [39;1msnarkJS[0m: tauG2: fft 8 mix start: 2/32
[36;22m[DEBUG] [39;1msnarkJS[0m: tauG2: fft 8 mix start: 3/32
[36;22m[DEBUG] [39;1msnarkJS[0m: tauG2: fft 8 mix start: 4/32
[36;22m[DEBUG] [39;1msnarkJS[0m: tauG2: fft 8 mix start: 5/32
[36;22m[DEBUG] [39;1msnarkJS[0m: tauG2: fft 8 mix start: 6/32
[36;22m[DEBUG] [39;1msnarkJS[0m: tauG2: fft 8 mix start: 7/32
[36;22m[DEBUG] [39;1msnarkJS[0m: tauG2: fft 8 mix start: 8/32
[36;22m[DEBUG] [39;1msnarkJS[0m: tauG2: fft 8 mix start: 9/32
[36;22m[DEBUG] [39;1msnarkJS[0m: tauG2: fft 8 mix start: 10/32
[36;22m[DEBUG] [39;1msnarkJS[0m: tauG2: fft 8 mix start: 11/32
[36;22m[DEBUG] [39;1msnarkJS[0m: tauG2: fft 8 mix start: 12/32
[36;22m[DEBUG] [39;1msnarkJS[0m: tauG2: fft 8 mix start: 13/32
[36;22m[DEBUG] [39;1msnarkJS[0m: tauG2: fft 8 mix start: 14/32
[36;22m[DEBUG] [39;1msnarkJS[0m: tauG2: fft 8 mix start: 15/32
[36;22m[DEBUG] [39;1msnarkJS[0m: tauG2: fft 8 mix start: 16/32
[36;22m[DEBUG] [39;1msnarkJS[0m: tauG2: fft 8 mix start: 17/32
[36;22m[DEBUG] [39;1msnarkJS[0m: tauG2: fft 8 mix start: 18/32
[36;22m[DEBUG] [39;1msnarkJS[0m: tauG2: fft 8 mix start: 19/32
[36;22m[DEBUG] [39;1msnarkJS[0m: tauG2: fft 8 mix start: 20/32
[36;22m[DEBUG] [39;1msnarkJS[0m: tauG2: fft 8 mix start: 21/32
[36;22m[DEBUG] [39;1msnarkJS[0m: tauG2: fft 8 mix start: 22/32
[36;22m[DEBUG] [39;1msnarkJS[0m: tauG2: fft 8 mix start: 23/32
[36;22m[DEBUG] [39;1msnarkJS[0m: tauG2: fft 8 mix start: 24/32
[36;22m[DEBUG] [39;1msnarkJS[0m: tauG2: fft 8 mix start: 25/32
[36;22m[DEBUG] [39;1msnarkJS[0m: tauG2: fft 8 mix start: 26/32
[36;22m[DEBUG] [39;1msnarkJS[0m: tauG2: fft 8 mix start: 27/32
[36;22m[DEBUG] [39;1msnarkJS[0m: tauG2: fft 8 mix start: 28/32
[36;22m[DEBUG] [39;1msnarkJS[0m: tauG2: fft 8 mix start: 29/32
[36;22m[DEBUG] [39;1msnarkJS[0m: tauG2: fft 8 mix start: 30/32
[36;22m[DEBUG] [39;1msnarkJS[0m: tauG2: fft 8 mix start: 31/32
[36;22m[DEBUG] [39;1msnarkJS[0m: tauG2: fft 8 mix end: 2/32
[36;22m[DEBUG] [39;1msnarkJS[0m: tauG2: fft 8 mix end: 6/32
[36;22m[DEBUG] [39;1msnarkJS[0m: tauG2: fft 8 mix end: 1/32
[36;22m[DEBUG] [39;1msnarkJS[0m: tauG2: fft 8 mix end: 7/32
[36;22m[DEBUG] [39;1msnarkJS[0m: tauG2: fft 8 mix end: 13/32
[36;22m[DEBUG] [39;1msnarkJS[0m: tauG2: fft 8 mix end: 18/32
[36;22m[DEBUG] [39;1msnarkJS[0m: tauG2: fft 8 mix end: 10/32
[36;22m[DEBUG] [39;1msnarkJS[0m: tauG2: fft 8 mix end: 20/32
[36;22m[DEBUG] [39;1msnarkJS[0m: tauG2: fft 8 mix end: 21/32
[36;22m[DEBUG] [39;1msnarkJS[0m: tauG2: fft 8 mix end: 24/32
[36;22m[DEBUG] [39;1msnarkJS[0m: tauG2: fft 8 mix end: 26/32
[36;22m[DEBUG] [39;1msnarkJS[0m: tauG2: fft 8 mix end: 0/32
[36;22m[DEBUG] [39;1msnarkJS[0m: tauG2: fft 8 mix end: 8/32
[36;22m[DEBUG] [39;1msnarkJS[0m: tauG2: fft 8 mix end: 16/32
[36;22m[DEBUG] [39;1msnarkJS[0m: tauG2: fft 8 mix end: 22/32
[36;22m[DEBUG] [39;1msnarkJS[0m: tauG2: fft 8 mix end: 4/32
[36;22m[DEBUG] [39;1msnarkJS[0m: tauG2: fft 8 mix end: 5/32
[36;22m[DEBUG] [39;1msnarkJS[0m: tauG2: fft 8 mix end: 11/32
[36;22m[DEBUG] [39;1msnarkJS[0m: tauG2: fft 8 mix end: 14/32
[36;22m[DEBUG] [39;1msnarkJS[0m: tauG2: fft 8 mix end: 9/32
[36;22m[DEBUG] [39;1msnarkJS[0m: tauG2: fft 8 mix end: 30/32
[36;22m[DEBUG] [39;1msnarkJS[0m: tauG2: fft 8 mix end: 28/32
[36;22m[DEBUG] [39;1msnarkJS[0m: tauG2: fft 8 mix end: 19/32
[36;22m[DEBUG] [39;1msnarkJS[0m: tauG2: fft 8 mix end: 12/32
[36;22m[DEBUG] [39;1msnarkJS[0m: tauG2: fft 8 mix end: 15/32
[36;22m[DEBUG] [39;1msnarkJS[0m: tauG2: fft 8 mix end: 23/32
[36;22m[DEBUG] [39;1msnarkJS[0m: tauG2: fft 8 mix end: 31/32
[36;22m[DEBUG] [39;1msnarkJS[0m: tauG2: fft 8 mix end: 3/32
[36;22m[DEBUG] [39;1msnarkJS[0m: tauG2: fft 8 mix end: 17/32
[36;22m[DEBUG] [39;1msnarkJS[0m: tauG2: fft 8 mix end: 27/32
[36;22m[DEBUG] [39;1msnarkJS[0m: tauG2: fft 8 mix end: 29/32
[36;22m[DEBUG] [39;1msnarkJS[0m: tauG2: fft 8 mix end: 25/32
[36;22m[DEBUG] [39;1msnarkJS[0m: tauG2: fft  8  join: 4/8
[36;22m[DEBUG] [39;1msnarkJS[0m: tauG2: fft 8 join  4/8  7/16 0/1
[36;22m[DEBUG] [39;1msnarkJS[0m: tauG2: fft 8 join  4/8  10/16 0/1
[36;22m[DEBUG] [39;1msnarkJS[0m: tauG2: fft 8 join  4/8  11/16 0/1
[36;22m[DEBUG] [39;1msnarkJS[0m: tauG2: fft 8 join  4/8  1/16 0/1
[36;22m[DEBUG] [39;1msnarkJS[0m: tauG2: fft 8 join  4/8  2/16 0/1
[36;22m[DEBUG] [39;1msnarkJS[0m: tauG2: fft 8 join  4/8  3/16 0/1
[36;22m[DEBUG] [39;1msnarkJS[0m: tauG2: fft 8 join  4/8  4/16 0/1
[36;22m[DEBUG] [39;1msnarkJS[0m: tauG2: fft 8 join  4/8  6/16 0/1
[36;22m[DEBUG] [39;1msnarkJS[0m: tauG2: fft 8 join  4/8  9/16 0/1
[36;22m[DEBUG] [39;1msnarkJS[0m: tauG2: fft 8 join  4/8  12/16 0/1
[36;22m[DEBUG] [39;1msnarkJS[0m: tauG2: fft 8 join  4/8  14/16 0/1
[36;22m[DEBUG] [39;1msnarkJS[0m: tauG2: fft 8 join  4/8  16/16 0/1
[36;22m[DEBUG] [39;1msnarkJS[0m: tauG2: fft 8 join  4/8  5/16 0/1
[36;22m[DEBUG] [39;1msnarkJS[0m: tauG2: fft 8 join  4/8  15/16 0/1
[36;22m[DEBUG] [39;1msnarkJS[0m: tauG2: fft 8 join  4/8  8/16 0/1
[36;22m[DEBUG] [39;1msnarkJS[0m: tauG2: fft 8 join  4/8  13/16 0/1
[36;22m[DEBUG] [39;1msnarkJS[0m: tauG2: fft  8  join: 5/8
[36;22m[DEBUG] [39;1msnarkJS[0m: tauG2: fft 8 join  5/8  1/8 0/2
[36;22m[DEBUG] [39;1msnarkJS[0m: tauG2: fft 8 join  5/8  2/8 0/2
[36;22m[DEBUG] [39;1msnarkJS[0m: tauG2: fft 8 join  5/8  4/8 0/2
[36;22m[DEBUG] [39;1msnarkJS[0m: tauG2: fft 8 join  5/8  5/8 0/2
[36;22m[DEBUG] [39;1msnarkJS[0m: tauG2: fft 8 join  5/8  6/8 0/2
[36;22m[DEBUG] [39;1msnarkJS[0m: tauG2: fft 8 join  5/8  1/8 1/2
[36;22m[DEBUG] [39;1msnarkJS[0m: tauG2: fft 8 join  5/8  2/8 1/2
[36;22m[DEBUG] [39;1msnarkJS[0m: tauG2: fft 8 join  5/8  5/8 1/2
[36;22m[DEBUG] [39;1msnarkJS[0m: tauG2: fft 8 join  5/8  3/8 1/2
[36;22m[DEBUG] [39;1msnarkJS[0m: tauG2: fft 8 join  5/8  6/8 1/2
[36;22m[DEBUG] [39;1msnarkJS[0m: tauG2: fft 8 join  5/8  7/8 1/2
[36;22m[DEBUG] [39;1msnarkJS[0m: tauG2: fft 8 join  5/8  8/8 1/2
[36;22m[DEBUG] [39;1msnarkJS[0m: tauG2: fft 8 join  5/8  3/8 0/2
[36;22m[DEBUG] [39;1msnarkJS[0m: tauG2: fft 8 join  5/8  8/8 0/2
[36;22m[DEBUG] [39;1msnarkJS[0m: tauG2: fft 8 join  5/8  7/8 0/2
[36;22m[DEBUG] [39;1msnarkJS[0m: tauG2: fft 8 join  5/8  4/8 1/2
[36;22m[DEBUG] [39;1msnarkJS[0m: tauG2: fft  8  join: 6/8
[36;22m[DEBUG] [39;1msnarkJS[0m: tauG2: fft 8 join  6/8  3/4 0/4
[36;22m[DEBUG] [39;1msnarkJS[0m: tauG2: fft 8 join  6/8  1/4 0/4
[36;22m[DEBUG] [39;1msnarkJS[0m: tauG2: fft 8 join  6/8  1/4 2/4
[36;22m[DEBUG] [39;1msnarkJS[0m: tauG2: fft 8 join  6/8  1/4 1/4
[36;22m[DEBUG] [39;1msnarkJS[0m: tauG2: fft 8 join  6/8  2/4 2/4
[36;22m[DEBUG] [39;1msnarkJS[0m: tauG2: fft 8 join  6/8  2/4 1/4
[36;22m[DEBUG] [39;1msnarkJS[0m: tauG2: fft 8 join  6/8  3/4 1/4
[36;22m[DEBUG] [39;1msnarkJS[0m: tauG2: fft 8 join  6/8  3/4 2/4
[36;22m[DEBUG] [39;1msnarkJS[0m: tauG2: fft 8 join  6/8  1/4 3/4
[36;22m[DEBUG] [39;1msnarkJS[0m: tauG2: fft 8 join  6/8  3/4 3/4
[36;22m[DEBUG] [39;1msnarkJS[0m: tauG2: fft 8 join  6/8  4/4 1/4
[36;22m[DEBUG] [39;1msnarkJS[0m: tauG2: fft 8 join  6/8  4/4 3/4
[36;22m[DEBUG] [39;1msnarkJS[0m: tauG2: fft 8 join  6/8  2/4 0/4
[36;22m[DEBUG] [39;1msnarkJS[0m: tauG2: fft 8 join  6/8  4/4 0/4
[36;22m[DEBUG] [39;1msnarkJS[0m: tauG2: fft 8 join  6/8  4/4 2/4
[36;22m[DEBUG] [39;1msnarkJS[0m: tauG2: fft 8 join  6/8  2/4 3/4
[36;22m[DEBUG] [39;1msnarkJS[0m: tauG2: fft  8  join: 7/8
[36;22m[DEBUG] [39;1msnarkJS[0m: tauG2: fft 8 join  7/8  1/2 0/8
[36;22m[DEBUG] [39;1msnarkJS[0m: tauG2: fft 8 join  7/8  2/2 0/8
[36;22m[DEBUG] [39;1msnarkJS[0m: tauG2: fft 8 join  7/8  1/2 5/8
[36;22m[DEBUG] [39;1msnarkJS[0m: tauG2: fft 8 join  7/8  1/2 2/8
[36;22m[DEBUG] [39;1msnarkJS[0m: tauG2: fft 8 join  7/8  1/2 1/8
[36;22m[DEBUG] [39;1msnarkJS[0m: tauG2: fft 8 join  7/8  1/2 6/8
[36;22m[DEBUG] [39;1msnarkJS[0m: tauG2: fft 8 join  7/8  2/2 1/8
[36;22m[DEBUG] [39;1msnarkJS[0m: tauG2: fft 8 join  7/8  2/2 2/8
[36;22m[DEBUG] [39;1msnarkJS[0m: tauG2: fft 8 join  7/8  2/2 3/8
[36;22m[DEBUG] [39;1msnarkJS[0m: tauG2: fft 8 join  7/8  2/2 5/8
[36;22m[DEBUG] [39;1msnarkJS[0m: tauG2: fft 8 join  7/8  1/2 3/8
[36;22m[DEBUG] [39;1msnarkJS[0m: tauG2: fft 8 join  7/8  2/2 7/8
[36;22m[DEBUG] [39;1msnarkJS[0m: tauG2: fft 8 join  7/8  1/2 4/8
[36;22m[DEBUG] [39;1msnarkJS[0m: tauG2: fft 8 join  7/8  2/2 6/8
[36;22m[DEBUG] [39;1msnarkJS[0m: tauG2: fft 8 join  7/8  1/2 7/8
[36;22m[DEBUG] [39;1msnarkJS[0m: tauG2: fft 8 join  7/8  2/2 4/8
[36;22m[DEBUG] [39;1msnarkJS[0m: tauG2: fft  8  join: 8/8
[36;22m[DEBUG] [39;1msnarkJS[0m: tauG2: fft 8 join  8/8  1/1 0/16
[36;22m[DEBUG] [39;1msnarkJS[0m: tauG2: fft 8 join  8/8  1/1 4/16
[36;22m[DEBUG] [39;1msnarkJS[0m: tauG2: fft 8 join  8/8  1/1 1/16
[36;22m[DEBUG] [39;1msnarkJS[0m: tauG2: fft 8 join  8/8  1/1 2/16
[36;22m[DEBUG] [39;1msnarkJS[0m: tauG2: fft 8 join  8/8  1/1 3/16
[36;22m[DEBUG] [39;1msnarkJS[0m: tauG2: fft 8 join  8/8  1/1 10/16
[36;22m[DEBUG] [39;1msnarkJS[0m: tauG2: fft 8 join  8/8  1/1 9/16
[36;22m[DEBUG] [39;1msnarkJS[0m: tauG2: fft 8 join  8/8  1/1 11/16
[36;22m[DEBUG] [39;1msnarkJS[0m: tauG2: fft 8 join  8/8  1/1 14/16
[36;22m[DEBUG] [39;1msnarkJS[0m: tauG2: fft 8 join  8/8  1/1 13/16
[36;22m[DEBUG] [39;1msnarkJS[0m: tauG2: fft 8 join  8/8  1/1 6/16
[36;22m[DEBUG] [39;1msnarkJS[0m: tauG2: fft 8 join  8/8  1/1 8/16
[36;22m[DEBUG] [39;1msnarkJS[0m: tauG2: fft 8 join  8/8  1/1 15/16
[36;22m[DEBUG] [39;1msnarkJS[0m: tauG2: fft 8 join  8/8  1/1 5/16
[36;22m[DEBUG] [39;1msnarkJS[0m: tauG2: fft 8 join  8/8  1/1 7/16
[36;22m[DEBUG] [39;1msnarkJS[0m: tauG2: fft 8 join  8/8  1/1 12/16
[36;22m[DEBUG] [39;1msnarkJS[0m: tauG2: fft 9 mix start: 0/32
[36;22m[DEBUG] [39;1msnarkJS[0m: tauG2: fft 9 mix start: 1/32
[36;22m[DEBUG] [39;1msnarkJS[0m: tauG2: fft 9 mix start: 2/32
[36;22m[DEBUG] [39;1msnarkJS[0m: tauG2: fft 9 mix start: 3/32
[36;22m[DEBUG] [39;1msnarkJS[0m: tauG2: fft 9 mix start: 4/32
[36;22m[DEBUG] [39;1msnarkJS[0m: tauG2: fft 9 mix start: 5/32
[36;22m[DEBUG] [39;1msnarkJS[0m: tauG2: fft 9 mix start: 6/32
[36;22m[DEBUG] [39;1msnarkJS[0m: tauG2: fft 9 mix start: 7/32
[36;22m[DEBUG] [39;1msnarkJS[0m: tauG2: fft 9 mix start: 8/32
[36;22m[DEBUG] [39;1msnarkJS[0m: tauG2: fft 9 mix start: 9/32
[36;22m[DEBUG] [39;1msnarkJS[0m: tauG2: fft 9 mix start: 10/32
[36;22m[DEBUG] [39;1msnarkJS[0m: tauG2: fft 9 mix start: 11/32
[36;22m[DEBUG] [39;1msnarkJS[0m: tauG2: fft 9 mix start: 12/32
[36;22m[DEBUG] [39;1msnarkJS[0m: tauG2: fft 9 mix start: 13/32
[36;22m[DEBUG] [39;1msnarkJS[0m: tauG2: fft 9 mix start: 14/32
[36;22m[DEBUG] [39;1msnarkJS[0m: tauG2: fft 9 mix start: 15/32
[36;22m[DEBUG] [39;1msnarkJS[0m: tauG2: fft 9 mix start: 16/32
[36;22m[DEBUG] [39;1msnarkJS[0m: tauG2: fft 9 mix start: 17/32
[36;22m[DEBUG] [39;1msnarkJS[0m: tauG2: fft 9 mix start: 18/32
[36;22m[DEBUG] [39;1msnarkJS[0m: tauG2: fft 9 mix start: 19/32
[36;22m[DEBUG] [39;1msnarkJS[0m: tauG2: fft 9 mix start: 20/32
[36;22m[DEBUG] [39;1msnarkJS[0m: tauG2: fft 9 mix start: 21/32
[36;22m[DEBUG] [39;1msnarkJS[0m: tauG2: fft 9 mix start: 22/32
[36;22m[DEBUG] [39;1msnarkJS[0m: tauG2: fft 9 mix start: 23/32
[36;22m[DEBUG] [39;1msnarkJS[0m: tauG2: fft 9 mix start: 24/32
[36;22m[DEBUG] [39;1msnarkJS[0m: tauG2: fft 9 mix start: 25/32
[36;22m[DEBUG] [39;1msnarkJS[0m: tauG2: fft 9 mix start: 26/32
[36;22m[DEBUG] [39;1msnarkJS[0m: tauG2: fft 9 mix start: 27/32
[36;22m[DEBUG] [39;1msnarkJS[0m: tauG2: fft 9 mix start: 28/32
[36;22m[DEBUG] [39;1msnarkJS[0m: tauG2: fft 9 mix start: 29/32
[36;22m[DEBUG] [39;1msnarkJS[0m: tauG2: fft 9 mix start: 30/32
[36;22m[DEBUG] [39;1msnarkJS[0m: tauG2: fft 9 mix start: 31/32
[36;22m[DEBUG] [39;1msnarkJS[0m: tauG2: fft 9 mix end: 1/32
[36;22m[DEBUG] [39;1msnarkJS[0m: tauG2: fft 9 mix end: 2/32
[36;22m[DEBUG] [39;1msnarkJS[0m: tauG2: fft 9 mix end: 3/32
[36;22m[DEBUG] [39;1msnarkJS[0m: tauG2: fft 9 mix end: 4/32
[36;22m[DEBUG] [39;1msnarkJS[0m: tauG2: fft 9 mix end: 7/32
[36;22m[DEBUG] [39;1msnarkJS[0m: tauG2: fft 9 mix end: 13/32
[36;22m[DEBUG] [39;1msnarkJS[0m: tauG2: fft 9 mix end: 17/32
[36;22m[DEBUG] [39;1msnarkJS[0m: tauG2: fft 9 mix end: 21/32
[36;22m[DEBUG] [39;1msnarkJS[0m: tauG2: fft 9 mix end: 24/32
[36;22m[DEBUG] [39;1msnarkJS[0m: tauG2: fft 9 mix end: 26/32
[36;22m[DEBUG] [39;1msnarkJS[0m: tauG2: fft 9 mix end: 6/32
[36;22m[DEBUG] [39;1msnarkJS[0m: tauG2: fft 9 mix end: 8/32
[36;22m[DEBUG] [39;1msnarkJS[0m: tauG2: fft 9 mix end: 9/32
[36;22m[DEBUG] [39;1msnarkJS[0m: tauG2: fft 9 mix end: 10/32
[36;22m[DEBUG] [39;1msnarkJS[0m: tauG2: fft 9 mix end: 11/32
[36;22m[DEBUG] [39;1msnarkJS[0m: tauG2: fft 9 mix end: 12/32
[36;22m[DEBUG] [39;1msnarkJS[0m: tauG2: fft 9 mix end: 14/32
[36;22m[DEBUG] [39;1msnarkJS[0m: tauG2: fft 9 mix end: 15/32
[36;22m[DEBUG] [39;1msnarkJS[0m: tauG2: fft 9 mix end: 16/32
[36;22m[DEBUG] [39;1msnarkJS[0m: tauG2: fft 9 mix end: 18/32
[36;22m[DEBUG] [39;1msnarkJS[0m: tauG2: fft 9 mix end: 19/32
[36;22m[DEBUG] [39;1msnarkJS[0m: tauG2: fft 9 mix end: 20/32
[36;22m[DEBUG] [39;1msnarkJS[0m: tauG2: fft 9 mix end: 22/32
[36;22m[DEBUG] [39;1msnarkJS[0m: tauG2: fft 9 mix end: 23/32
[36;22m[DEBUG] [39;1msnarkJS[0m: tauG2: fft 9 mix end: 25/32
[36;22m[DEBUG] [39;1msnarkJS[0m: tauG2: fft 9 mix end: 27/32
[36;22m[DEBUG] [39;1msnarkJS[0m: tauG2: fft 9 mix end: 28/32
[36;22m[DEBUG] [39;1msnarkJS[0m: tauG2: fft 9 mix end: 29/32
[36;22m[DEBUG] [39;1msnarkJS[0m: tauG2: fft 9 mix end: 30/32
[36;22m[DEBUG] [39;1msnarkJS[0m: tauG2: fft 9 mix end: 31/32
[36;22m[DEBUG] [39;1msnarkJS[0m: tauG2: fft 9 mix end: 0/32
[36;22m[DEBUG] [39;1msnarkJS[0m: tauG2: fft 9 mix end: 5/32
[36;22m[DEBUG] [39;1msnarkJS[0m: tauG2: fft  9  join: 5/9
[36;22m[DEBUG] [39;1msnarkJS[0m: tauG2: fft 9 join  5/9  1/16 0/1
[36;22m[DEBUG] [39;1msnarkJS[0m: tauG2: fft 9 join  5/9  4/16 0/1
[36;22m[DEBUG] [39;1msnarkJS[0m: tauG2: fft 9 join  5/9  5/16 0/1
[36;22m[DEBUG] [39;1msnarkJS[0m: tauG2: fft 9 join  5/9  9/16 0/1
[36;22m[DEBUG] [39;1msnarkJS[0m: tauG2: fft 9 join  5/9  3/16 0/1
[36;22m[DEBUG] [39;1msnarkJS[0m: tauG2: fft 9 join  5/9  6/16 0/1
[36;22m[DEBUG] [39;1msnarkJS[0m: tauG2: fft 9 join  5/9  7/16 0/1
[36;22m[DEBUG] [39;1msnarkJS[0m: tauG2: fft 9 join  5/9  10/16 0/1
[36;22m[DEBUG] [39;1msnarkJS[0m: tauG2: fft 9 join  5/9  11/16 0/1
[36;22m[DEBUG] [39;1msnarkJS[0m: tauG2: fft 9 join  5/9  14/16 0/1
[36;22m[DEBUG] [39;1msnarkJS[0m: tauG2: fft 9 join  5/9  16/16 0/1
[36;22m[DEBUG] [39;1msnarkJS[0m: tauG2: fft 9 join  5/9  8/16 0/1
[36;22m[DEBUG] [39;1msnarkJS[0m: tauG2: fft 9 join  5/9  2/16 0/1
[36;22m[DEBUG] [39;1msnarkJS[0m: tauG2: fft 9 join  5/9  12/16 0/1
[36;22m[DEBUG] [39;1msnarkJS[0m: tauG2: fft 9 join  5/9  13/16 0/1
[36;22m[DEBUG] [39;1msnarkJS[0m: tauG2: fft 9 join  5/9  15/16 0/1
[36;22m[DEBUG] [39;1msnarkJS[0m: tauG2: fft  9  join: 6/9
[36;22m[DEBUG] [39;1msnarkJS[0m: tauG2: fft 9 join  6/9  2/8 0/2
[36;22m[DEBUG] [39;1msnarkJS[0m: tauG2: fft 9 join  6/9  4/8 0/2
[36;22m[DEBUG] [39;1msnarkJS[0m: tauG2: fft 9 join  6/9  3/8 0/2
[36;22m[DEBUG] [39;1msnarkJS[0m: tauG2: fft 9 join  6/9  6/8 0/2
[36;22m[DEBUG] [39;1msnarkJS[0m: tauG2: fft 9 join  6/9  5/8 0/2
[36;22m[DEBUG] [39;1msnarkJS[0m: tauG2: fft 9 join  6/9  1/8 0/2
[36;22m[DEBUG] [39;1msnarkJS[0m: tauG2: fft 9 join  6/9  2/8 1/2
[36;22m[DEBUG] [39;1msnarkJS[0m: tauG2: fft 9 join  6/9  5/8 1/2
[36;22m[DEBUG] [39;1msnarkJS[0m: tauG2: fft 9 join  6/9  3/8 1/2
[36;22m[DEBUG] [39;1msnarkJS[0m: tauG2: fft 9 join  6/9  7/8 1/2
[36;22m[DEBUG] [39;1msnarkJS[0m: tauG2: fft 9 join  6/9  8/8 1/2
[36;22m[DEBUG] [39;1msnarkJS[0m: tauG2: fft 9 join  6/9  4/8 1/2
[36;22m[DEBUG] [39;1msnarkJS[0m: tauG2: fft 9 join  6/9  6/8 1/2
[36;22m[DEBUG] [39;1msnarkJS[0m: tauG2: fft 9 join  6/9  1/8 1/2
[36;22m[DEBUG] [39;1msnarkJS[0m: tauG2: fft 9 join  6/9  7/8 0/2
[36;22m[DEBUG] [39;1msnarkJS[0m: tauG2: fft 9 join  6/9  8/8 0/2
[36;22m[DEBUG] [39;1msnarkJS[0m: tauG2: fft  9  join: 7/9
[36;22m[DEBUG] [39;1msnarkJS[0m: tauG2: fft 9 join  7/9  2/4 0/4
[36;22m[DEBUG] [39;1msnarkJS[0m: tauG2: fft 9 join  7/9  1/4 0/4
[36;22m[DEBUG] [39;1msnarkJS[0m: tauG2: fft 9 join  7/9  3/4 0/4
[36;22m[DEBUG] [39;1msnarkJS[0m: tauG2: fft 9 join  7/9  1/4 2/4
[36;22m[DEBUG] [39;1msnarkJS[0m: tauG2: fft 9 join  7/9  1/4 3/4
[36;22m[DEBUG] [39;1msnarkJS[0m: tauG2: fft 9 join  7/9  2/4 1/4
[36;22m[DEBUG] [39;1msnarkJS[0m: tauG2: fft 9 join  7/9  3/4 1/4
[36;22m[DEBUG] [39;1msnarkJS[0m: tauG2: fft 9 join  7/9  3/4 2/4
[36;22m[DEBUG] [39;1msnarkJS[0m: tauG2: fft 9 join  7/9  3/4 3/4
[36;22m[DEBUG] [39;1msnarkJS[0m: tauG2: fft 9 join  7/9  1/4 1/4
[36;22m[DEBUG] [39;1msnarkJS[0m: tauG2: fft 9 join  7/9  2/4 2/4
[36;22m[DEBUG] [39;1msnarkJS[0m: tauG2: fft 9 join  7/9  4/4 1/4
[36;22m[DEBUG] [39;1msnarkJS[0m: tauG2: fft 9 join  7/9  4/4 3/4
[36;22m[DEBUG] [39;1msnarkJS[0m: tauG2: fft 9 join  7/9  2/4 3/4
[36;22m[DEBUG] [39;1msnarkJS[0m: tauG2: fft 9 join  7/9  4/4 0/4
[36;22m[DEBUG] [39;1msnarkJS[0m: tauG2: fft 9 join  7/9  4/4 2/4
[36;22m[DEBUG] [39;1msnarkJS[0m: tauG2: fft  9  join: 8/9
[36;22m[DEBUG] [39;1msnarkJS[0m: tauG2: fft 9 join  8/9  2/2 0/8
[36;22m[DEBUG] [39;1msnarkJS[0m: tauG2: fft 9 join  8/9  1/2 0/8
[36;22m[DEBUG] [39;1msnarkJS[0m: tauG2: fft 9 join  8/9  1/2 4/8
[36;22m[DEBUG] [39;1msnarkJS[0m: tauG2: fft 9 join  8/9  1/2 5/8
[36;22m[DEBUG] [39;1msnarkJS[0m: tauG2: fft 9 join  8/9  2/2 1/8
[36;22m[DEBUG] [39;1msnarkJS[0m: tauG2: fft 9 join  8/9  1/2 1/8
[36;22m[DEBUG] [39;1msnarkJS[0m: tauG2: fft 9 join  8/9  1/2 2/8
[36;22m[DEBUG] [39;1msnarkJS[0m: tauG2: fft 9 join  8/9  2/2 3/8
[36;22m[DEBUG] [39;1msnarkJS[0m: tauG2: fft 9 join  8/9  2/2 7/8
[36;22m[DEBUG] [39;1msnarkJS[0m: tauG2: fft 9 join  8/9  1/2 3/8
[36;22m[DEBUG] [39;1msnarkJS[0m: tauG2: fft 9 join  8/9  2/2 5/8
[36;22m[DEBUG] [39;1msnarkJS[0m: tauG2: fft 9 join  8/9  1/2 6/8
[36;22m[DEBUG] [39;1msnarkJS[0m: tauG2: fft 9 join  8/9  2/2 2/8
[36;22m[DEBUG] [39;1msnarkJS[0m: tauG2: fft 9 join  8/9  1/2 7/8
[36;22m[DEBUG] [39;1msnarkJS[0m: tauG2: fft 9 join  8/9  2/2 6/8
[36;22m[DEBUG] [39;1msnarkJS[0m: tauG2: fft 9 join  8/9  2/2 4/8
[36;22m[DEBUG] [39;1msnarkJS[0m: tauG2: fft  9  join: 9/9
[36;22m[DEBUG] [39;1msnarkJS[0m: tauG2: fft 9 join  9/9  1/1 0/16
[36;22m[DEBUG] [39;1msnarkJS[0m: tauG2: fft 9 join  9/9  1/1 4/16
[36;22m[DEBUG] [39;1msnarkJS[0m: tauG2: fft 9 join  9/9  1/1 2/16
[36;22m[DEBUG] [39;1msnarkJS[0m: tauG2: fft 9 join  9/9  1/1 11/16
[36;22m[DEBUG] [39;1msnarkJS[0m: tauG2: fft 9 join  9/9  1/1 1/16
[36;22m[DEBUG] [39;1msnarkJS[0m: tauG2: fft 9 join  9/9  1/1 12/16
[36;22m[DEBUG] [39;1msnarkJS[0m: tauG2: fft 9 join  9/9  1/1 9/16
[36;22m[DEBUG] [39;1msnarkJS[0m: tauG2: fft 9 join  9/9  1/1 3/16
[36;22m[DEBUG] [39;1msnarkJS[0m: tauG2: fft 9 join  9/9  1/1 10/16
[36;22m[DEBUG] [39;1msnarkJS[0m: tauG2: fft 9 join  9/9  1/1 15/16
[36;22m[DEBUG] [39;1msnarkJS[0m: tauG2: fft 9 join  9/9  1/1 13/16
[36;22m[DEBUG] [39;1msnarkJS[0m: tauG2: fft 9 join  9/9  1/1 14/16
[36;22m[DEBUG] [39;1msnarkJS[0m: tauG2: fft 9 join  9/9  1/1 8/16
[36;22m[DEBUG] [39;1msnarkJS[0m: tauG2: fft 9 join  9/9  1/1 6/16
[36;22m[DEBUG] [39;1msnarkJS[0m: tauG2: fft 9 join  9/9  1/1 7/16
[36;22m[DEBUG] [39;1msnarkJS[0m: tauG2: fft 9 join  9/9  1/1 5/16
[36;22m[DEBUG] [39;1msnarkJS[0m: tauG2: fft 10 mix start: 0/32
[36;22m[DEBUG] [39;1msnarkJS[0m: tauG2: fft 10 mix start: 1/32
[36;22m[DEBUG] [39;1msnarkJS[0m: tauG2: fft 10 mix start: 2/32
[36;22m[DEBUG] [39;1msnarkJS[0m: tauG2: fft 10 mix start: 3/32
[36;22m[DEBUG] [39;1msnarkJS[0m: tauG2: fft 10 mix start: 4/32
[36;22m[DEBUG] [39;1msnarkJS[0m: tauG2: fft 10 mix start: 5/32
[36;22m[DEBUG] [39;1msnarkJS[0m: tauG2: fft 10 mix start: 6/32
[36;22m[DEBUG] [39;1msnarkJS[0m: tauG2: fft 10 mix start: 7/32
[36;22m[DEBUG] [39;1msnarkJS[0m: tauG2: fft 10 mix start: 8/32
[36;22m[DEBUG] [39;1msnarkJS[0m: tauG2: fft 10 mix start: 9/32
[36;22m[DEBUG] [39;1msnarkJS[0m: tauG2: fft 10 mix start: 10/32
[36;22m[DEBUG] [39;1msnarkJS[0m: tauG2: fft 10 mix start: 11/32
[36;22m[DEBUG] [39;1msnarkJS[0m: tauG2: fft 10 mix start: 12/32
[36;22m[DEBUG] [39;1msnarkJS[0m: tauG2: fft 10 mix start: 13/32
[36;22m[DEBUG] [39;1msnarkJS[0m: tauG2: fft 10 mix start: 14/32
[36;22m[DEBUG] [39;1msnarkJS[0m: tauG2: fft 10 mix start: 15/32
[36;22m[DEBUG] [39;1msnarkJS[0m: tauG2: fft 10 mix start: 16/32
[36;22m[DEBUG] [39;1msnarkJS[0m: tauG2: fft 10 mix start: 17/32
[36;22m[DEBUG] [39;1msnarkJS[0m: tauG2: fft 10 mix start: 18/32
[36;22m[DEBUG] [39;1msnarkJS[0m: tauG2: fft 10 mix start: 19/32
[36;22m[DEBUG] [39;1msnarkJS[0m: tauG2: fft 10 mix start: 20/32
[36;22m[DEBUG] [39;1msnarkJS[0m: tauG2: fft 10 mix start: 21/32
[36;22m[DEBUG] [39;1msnarkJS[0m: tauG2: fft 10 mix start: 22/32
[36;22m[DEBUG] [39;1msnarkJS[0m: tauG2: fft 10 mix start: 23/32
[36;22m[DEBUG] [39;1msnarkJS[0m: tauG2: fft 10 mix start: 24/32
[36;22m[DEBUG] [39;1msnarkJS[0m: tauG2: fft 10 mix start: 25/32
[36;22m[DEBUG] [39;1msnarkJS[0m: tauG2: fft 10 mix start: 26/32
[36;22m[DEBUG] [39;1msnarkJS[0m: tauG2: fft 10 mix start: 27/32
[36;22m[DEBUG] [39;1msnarkJS[0m: tauG2: fft 10 mix start: 28/32
[36;22m[DEBUG] [39;1msnarkJS[0m: tauG2: fft 10 mix start: 29/32
[36;22m[DEBUG] [39;1msnarkJS[0m: tauG2: fft 10 mix start: 30/32
[36;22m[DEBUG] [39;1msnarkJS[0m: tauG2: fft 10 mix start: 31/32
[36;22m[DEBUG] [39;1msnarkJS[0m: tauG2: fft 10 mix end: 2/32
[36;22m[DEBUG] [39;1msnarkJS[0m: tauG2: fft 10 mix end: 3/32
[36;22m[DEBUG] [39;1msnarkJS[0m: tauG2: fft 10 mix end: 4/32
[36;22m[DEBUG] [39;1msnarkJS[0m: tauG2: fft 10 mix end: 13/32
[36;22m[DEBUG] [39;1msnarkJS[0m: tauG2: fft 10 mix end: 15/32
[36;22m[DEBUG] [39;1msnarkJS[0m: tauG2: fft 10 mix end: 20/32
[36;22m[DEBUG] [39;1msnarkJS[0m: tauG2: fft 10 mix end: 21/32
[36;22m[DEBUG] [39;1msnarkJS[0m: tauG2: fft 10 mix end: 26/32
[36;22m[DEBUG] [39;1msnarkJS[0m: tauG2: fft 10 mix end: 27/32
[36;22m[DEBUG] [39;1msnarkJS[0m: tauG2: fft 10 mix end: 1/32
[36;22m[DEBUG] [39;1msnarkJS[0m: tauG2: fft 10 mix end: 0/32
[36;22m[DEBUG] [39;1msnarkJS[0m: tauG2: fft 10 mix end: 8/32
[36;22m[DEBUG] [39;1msnarkJS[0m: tauG2: fft 10 mix end: 12/32
[36;22m[DEBUG] [39;1msnarkJS[0m: tauG2: fft 10 mix end: 11/32
[36;22m[DEBUG] [39;1msnarkJS[0m: tauG2: fft 10 mix end: 10/32
[36;22m[DEBUG] [39;1msnarkJS[0m: tauG2: fft 10 mix end: 19/32
[36;22m[DEBUG] [39;1msnarkJS[0m: tauG2: fft 10 mix end: 9/32
[36;22m[DEBUG] [39;1msnarkJS[0m: tauG2: fft 10 mix end: 7/32
[36;22m[DEBUG] [39;1msnarkJS[0m: tauG2: fft 10 mix end: 14/32
[36;22m[DEBUG] [39;1msnarkJS[0m: tauG2: fft 10 mix end: 28/32
[36;22m[DEBUG] [39;1msnarkJS[0m: tauG2: fft 10 mix end: 18/32
[36;22m[DEBUG] [39;1msnarkJS[0m: tauG2: fft 10 mix end: 25/32
[36;22m[DEBUG] [39;1msnarkJS[0m: tauG2: fft 10 mix end: 29/32
[36;22m[DEBUG] [39;1msnarkJS[0m: tauG2: fft 10 mix end: 16/32
[36;22m[DEBUG] [39;1msnarkJS[0m: tauG2: fft 10 mix end: 17/32
[36;22m[DEBUG] [39;1msnarkJS[0m: tauG2: fft 10 mix end: 5/32
[36;22m[DEBUG] [39;1msnarkJS[0m: tauG2: fft 10 mix end: 23/32
[36;22m[DEBUG] [39;1msnarkJS[0m: tauG2: fft 10 mix end: 6/32
[36;22m[DEBUG] [39;1msnarkJS[0m: tauG2: fft 10 mix end: 24/32
[36;22m[DEBUG] [39;1msnarkJS[0m: tauG2: fft 10 mix end: 31/32
[36;22m[DEBUG] [39;1msnarkJS[0m: tauG2: fft 10 mix end: 22/32
[36;22m[DEBUG] [39;1msnarkJS[0m: tauG2: fft 10 mix end: 30/32
[36;22m[DEBUG] [39;1msnarkJS[0m: tauG2: fft  10  join: 6/10
[36;22m[DEBUG] [39;1msnarkJS[0m: tauG2: fft 10 join  6/10  1/16 0/1
[36;22m[DEBUG] [39;1msnarkJS[0m: tauG2: fft 10 join  6/10  9/16 0/1
[36;22m[DEBUG] [39;1msnarkJS[0m: tauG2: fft 10 join  6/10  14/16 0/1
[36;22m[DEBUG] [39;1msnarkJS[0m: tauG2: fft 10 join  6/10  12/16 0/1
[36;22m[DEBUG] [39;1msnarkJS[0m: tauG2: fft 10 join  6/10  11/16 0/1
[36;22m[DEBUG] [39;1msnarkJS[0m: tauG2: fft 10 join  6/10  13/16 0/1
[36;22m[DEBUG] [39;1msnarkJS[0m: tauG2: fft 10 join  6/10  2/16 0/1
[36;22m[DEBUG] [39;1msnarkJS[0m: tauG2: fft 10 join  6/10  5/16 0/1
[36;22m[DEBUG] [39;1msnarkJS[0m: tauG2: fft 10 join  6/10  3/16 0/1
[36;22m[DEBUG] [39;1msnarkJS[0m: tauG2: fft 10 join  6/10  6/16 0/1
[36;22m[DEBUG] [39;1msnarkJS[0m: tauG2: fft 10 join  6/10  16/16 0/1
[36;22m[DEBUG] [39;1msnarkJS[0m: tauG2: fft 10 join  6/10  7/16 0/1
[36;22m[DEBUG] [39;1msnarkJS[0m: tauG2: fft 10 join  6/10  8/16 0/1
[36;22m[DEBUG] [39;1msnarkJS[0m: tauG2: fft 10 join  6/10  4/16 0/1
[36;22m[DEBUG] [39;1msnarkJS[0m: tauG2: fft 10 join  6/10  10/16 0/1
[36;22m[DEBUG] [39;1msnarkJS[0m: tauG2: fft 10 join  6/10  15/16 0/1
[36;22m[DEBUG] [39;1msnarkJS[0m: tauG2: fft  10  join: 7/10
[36;22m[DEBUG] [39;1msnarkJS[0m: tauG2: fft 10 join  7/10  6/8 0/2
[36;22m[DEBUG] [39;1msnarkJS[0m: tauG2: fft 10 join  7/10  7/8 0/2
[36;22m[DEBUG] [39;1msnarkJS[0m: tauG2: fft 10 join  7/10  1/8 0/2
[36;22m[DEBUG] [39;1msnarkJS[0m: tauG2: fft 10 join  7/10  3/8 0/2
[36;22m[DEBUG] [39;1msnarkJS[0m: tauG2: fft 10 join  7/10  5/8 0/2
[36;22m[DEBUG] [39;1msnarkJS[0m: tauG2: fft 10 join  7/10  4/8 0/2
[36;22m[DEBUG] [39;1msnarkJS[0m: tauG2: fft 10 join  7/10  2/8 0/2
[36;22m[DEBUG] [39;1msnarkJS[0m: tauG2: fft 10 join  7/10  3/8 1/2
[36;22m[DEBUG] [39;1msnarkJS[0m: tauG2: fft 10 join  7/10  2/8 1/2
[36;22m[DEBUG] [39;1msnarkJS[0m: tauG2: fft 10 join  7/10  6/8 1/2
[36;22m[DEBUG] [39;1msnarkJS[0m: tauG2: fft 10 join  7/10  7/8 1/2
[36;22m[DEBUG] [39;1msnarkJS[0m: tauG2: fft 10 join  7/10  8/8 1/2
[36;22m[DEBUG] [39;1msnarkJS[0m: tauG2: fft 10 join  7/10  1/8 1/2
[36;22m[DEBUG] [39;1msnarkJS[0m: tauG2: fft 10 join  7/10  4/8 1/2
[36;22m[DEBUG] [39;1msnarkJS[0m: tauG2: fft 10 join  7/10  8/8 0/2
[36;22m[DEBUG] [39;1msnarkJS[0m: tauG2: fft 10 join  7/10  5/8 1/2
[36;22m[DEBUG] [39;1msnarkJS[0m: tauG2: fft  10  join: 8/10
[36;22m[DEBUG] [39;1msnarkJS[0m: tauG2: fft 10 join  8/10  2/4 0/4
[36;22m[DEBUG] [39;1msnarkJS[0m: tauG2: fft 10 join  8/10  4/4 0/4
[36;22m[DEBUG] [39;1msnarkJS[0m: tauG2: fft 10 join  8/10  1/4 0/4
[36;22m[DEBUG] [39;1msnarkJS[0m: tauG2: fft 10 join  8/10  3/4 0/4
[36;22m[DEBUG] [39;1msnarkJS[0m: tauG2: fft 10 join  8/10  1/4 2/4
[36;22m[DEBUG] [39;1msnarkJS[0m: tauG2: fft 10 join  8/10  4/4 2/4
[36;22m[DEBUG] [39;1msnarkJS[0m: tauG2: fft 10 join  8/10  2/4 1/4
[36;22m[DEBUG] [39;1msnarkJS[0m: tauG2: fft 10 join  8/10  3/4 1/4
[36;22m[DEBUG] [39;1msnarkJS[0m: tauG2: fft 10 join  8/10  1/4 1/4
[36;22m[DEBUG] [39;1msnarkJS[0m: tauG2: fft 10 join  8/10  2/4 2/4
[36;22m[DEBUG] [39;1msnarkJS[0m: tauG2: fft 10 join  8/10  3/4 2/4
[36;22m[DEBUG] [39;1msnarkJS[0m: tauG2: fft 10 join  8/10  3/4 3/4
[36;22m[DEBUG] [39;1msnarkJS[0m: tauG2: fft 10 join  8/10  4/4 3/4
[36;22m[DEBUG] [39;1msnarkJS[0m: tauG2: fft 10 join  8/10  4/4 1/4
[36;22m[DEBUG] [39;1msnarkJS[0m: tauG2: fft 10 join  8/10  1/4 3/4
[36;22m[DEBUG] [39;1msnarkJS[0m: tauG2: fft 10 join  8/10  2/4 3/4
[36;22m[DEBUG] [39;1msnarkJS[0m: tauG2: fft  10  join: 9/10
[36;22m[DEBUG] [39;1msnarkJS[0m: tauG2: fft 10 join  9/10  1/2 0/8
[36;22m[DEBUG] [39;1msnarkJS[0m: tauG2: fft 10 join  9/10  2/2 0/8
[36;22m[DEBUG] [39;1msnarkJS[0m: tauG2: fft 10 join  9/10  2/2 5/8
[36;22m[DEBUG] [39;1msnarkJS[0m: tauG2: fft 10 join  9/10  1/2 4/8
[36;22m[DEBUG] [39;1msnarkJS[0m: tauG2: fft 10 join  9/10  1/2 5/8
[36;22m[DEBUG] [39;1msnarkJS[0m: tauG2: fft 10 join  9/10  2/2 4/8
[36;22m[DEBUG] [39;1msnarkJS[0m: tauG2: fft 10 join  9/10  2/2 7/8
[36;22m[DEBUG] [39;1msnarkJS[0m: tauG2: fft 10 join  9/10  2/2 2/8
[36;22m[DEBUG] [39;1msnarkJS[0m: tauG2: fft 10 join  9/10  1/2 2/8
[36;22m[DEBUG] [39;1msnarkJS[0m: tauG2: fft 10 join  9/10  2/2 6/8
[36;22m[DEBUG] [39;1msnarkJS[0m: tauG2: fft 10 join  9/10  1/2 1/8
[36;22m[DEBUG] [39;1msnarkJS[0m: tauG2: fft 10 join  9/10  1/2 6/8
[36;22m[DEBUG] [39;1msnarkJS[0m: tauG2: fft 10 join  9/10  1/2 3/8
[36;22m[DEBUG] [39;1msnarkJS[0m: tauG2: fft 10 join  9/10  2/2 3/8
[36;22m[DEBUG] [39;1msnarkJS[0m: tauG2: fft 10 join  9/10  1/2 7/8
[36;22m[DEBUG] [39;1msnarkJS[0m: tauG2: fft 10 join  9/10  2/2 1/8
[36;22m[DEBUG] [39;1msnarkJS[0m: tauG2: fft  10  join: 10/10
[36;22m[DEBUG] [39;1msnarkJS[0m: tauG2: fft 10 join  10/10  1/1 0/16
[36;22m[DEBUG] [39;1msnarkJS[0m: tauG2: fft 10 join  10/10  1/1 11/16
[36;22m[DEBUG] [39;1msnarkJS[0m: tauG2: fft 10 join  10/10  1/1 14/16
[36;22m[DEBUG] [39;1msnarkJS[0m: tauG2: fft 10 join  10/10  1/1 4/16
[36;22m[DEBUG] [39;1msnarkJS[0m: tauG2: fft 10 join  10/10  1/1 3/16
[36;22m[DEBUG] [39;1msnarkJS[0m: tauG2: fft 10 join  10/10  1/1 13/16
[36;22m[DEBUG] [39;1msnarkJS[0m: tauG2: fft 10 join  10/10  1/1 12/16
[36;22m[DEBUG] [39;1msnarkJS[0m: tauG2: fft 10 join  10/10  1/1 15/16
[36;22m[DEBUG] [39;1msnarkJS[0m: tauG2: fft 10 join  10/10  1/1 9/16
[36;22m[DEBUG] [39;1msnarkJS[0m: tauG2: fft 10 join  10/10  1/1 10/16
[36;22m[DEBUG] [39;1msnarkJS[0m: tauG2: fft 10 join  10/10  1/1 2/16
[36;22m[DEBUG] [39;1msnarkJS[0m: tauG2: fft 10 join  10/10  1/1 6/16
[36;22m[DEBUG] [39;1msnarkJS[0m: tauG2: fft 10 join  10/10  1/1 8/16
[36;22m[DEBUG] [39;1msnarkJS[0m: tauG2: fft 10 join  10/10  1/1 7/16
[36;22m[DEBUG] [39;1msnarkJS[0m: tauG2: fft 10 join  10/10  1/1 5/16
[36;22m[DEBUG] [39;1msnarkJS[0m: tauG2: fft 10 join  10/10  1/1 1/16
[36;22m[DEBUG] [39;1msnarkJS[0m: tauG2: fft 11 mix start: 0/32
[36;22m[DEBUG] [39;1msnarkJS[0m: tauG2: fft 11 mix start: 1/32
[36;22m[DEBUG] [39;1msnarkJS[0m: tauG2: fft 11 mix start: 2/32
[36;22m[DEBUG] [39;1msnarkJS[0m: tauG2: fft 11 mix start: 3/32
[36;22m[DEBUG] [39;1msnarkJS[0m: tauG2: fft 11 mix start: 4/32
[36;22m[DEBUG] [39;1msnarkJS[0m: tauG2: fft 11 mix start: 5/32
[36;22m[DEBUG] [39;1msnarkJS[0m: tauG2: fft 11 mix start: 6/32
[36;22m[DEBUG] [39;1msnarkJS[0m: tauG2: fft 11 mix start: 7/32
[36;22m[DEBUG] [39;1msnarkJS[0m: tauG2: fft 11 mix start: 8/32
[36;22m[DEBUG] [39;1msnarkJS[0m: tauG2: fft 11 mix start: 9/32
[36;22m[DEBUG] [39;1msnarkJS[0m: tauG2: fft 11 mix start: 10/32
[36;22m[DEBUG] [39;1msnarkJS[0m: tauG2: fft 11 mix start: 11/32
[36;22m[DEBUG] [39;1msnarkJS[0m: tauG2: fft 11 mix start: 12/32
[36;22m[DEBUG] [39;1msnarkJS[0m: tauG2: fft 11 mix start: 13/32
[36;22m[DEBUG] [39;1msnarkJS[0m: tauG2: fft 11 mix start: 14/32
[36;22m[DEBUG] [39;1msnarkJS[0m: tauG2: fft 11 mix start: 15/32
[36;22m[DEBUG] [39;1msnarkJS[0m: tauG2: fft 11 mix start: 16/32
[36;22m[DEBUG] [39;1msnarkJS[0m: tauG2: fft 11 mix start: 17/32
[36;22m[DEBUG] [39;1msnarkJS[0m: tauG2: fft 11 mix start: 18/32
[36;22m[DEBUG] [39;1msnarkJS[0m: tauG2: fft 11 mix start: 19/32
[36;22m[DEBUG] [39;1msnarkJS[0m: tauG2: fft 11 mix start: 20/32
[36;22m[DEBUG] [39;1msnarkJS[0m: tauG2: fft 11 mix start: 21/32
[36;22m[DEBUG] [39;1msnarkJS[0m: tauG2: fft 11 mix start: 22/32
[36;22m[DEBUG] [39;1msnarkJS[0m: tauG2: fft 11 mix start: 23/32
[36;22m[DEBUG] [39;1msnarkJS[0m: tauG2: fft 11 mix start: 24/32
[36;22m[DEBUG] [39;1msnarkJS[0m: tauG2: fft 11 mix start: 25/32
[36;22m[DEBUG] [39;1msnarkJS[0m: tauG2: fft 11 mix start: 26/32
[36;22m[DEBUG] [39;1msnarkJS[0m: tauG2: fft 11 mix start: 27/32
[36;22m[DEBUG] [39;1msnarkJS[0m: tauG2: fft 11 mix start: 28/32
[36;22m[DEBUG] [39;1msnarkJS[0m: tauG2: fft 11 mix start: 29/32
[36;22m[DEBUG] [39;1msnarkJS[0m: tauG2: fft 11 mix start: 30/32
[36;22m[DEBUG] [39;1msnarkJS[0m: tauG2: fft 11 mix start: 31/32
[36;22m[DEBUG] [39;1msnarkJS[0m: tauG2: fft 11 mix end: 20/32
[36;22m[DEBUG] [39;1msnarkJS[0m: tauG2: fft 11 mix end: 6/32
[36;22m[DEBUG] [39;1msnarkJS[0m: tauG2: fft 11 mix end: 26/32
[36;22m[DEBUG] [39;1msnarkJS[0m: tauG2: fft 11 mix end: 3/32
[36;22m[DEBUG] [39;1msnarkJS[0m: tauG2: fft 11 mix end: 17/32
[36;22m[DEBUG] [39;1msnarkJS[0m: tauG2: fft 11 mix end: 9/32
[36;22m[DEBUG] [39;1msnarkJS[0m: tauG2: fft 11 mix end: 22/32
[36;22m[DEBUG] [39;1msnarkJS[0m: tauG2: fft 11 mix end: 30/32
[36;22m[DEBUG] [39;1msnarkJS[0m: tauG2: fft 11 mix end: 25/32
[36;22m[DEBUG] [39;1msnarkJS[0m: tauG2: fft 11 mix end: 10/32
[36;22m[DEBUG] [39;1msnarkJS[0m: tauG2: fft 11 mix end: 13/32
[36;22m[DEBUG] [39;1msnarkJS[0m: tauG2: fft 11 mix end: 27/32
[36;22m[DEBUG] [39;1msnarkJS[0m: tauG2: fft 11 mix end: 21/32
[36;22m[DEBUG] [39;1msnarkJS[0m: tauG2: fft 11 mix end: 11/32
[36;22m[DEBUG] [39;1msnarkJS[0m: tauG2: fft 11 mix end: 8/32
[36;22m[DEBUG] [39;1msnarkJS[0m: tauG2: fft 11 mix end: 14/32
[36;22m[DEBUG] [39;1msnarkJS[0m: tauG2: fft 11 mix end: 0/32
[36;22m[DEBUG] [39;1msnarkJS[0m: tauG2: fft 11 mix end: 12/32
[36;22m[DEBUG] [39;1msnarkJS[0m: tauG2: fft 11 mix end: 28/32
[36;22m[DEBUG] [39;1msnarkJS[0m: tauG2: fft 11 mix end: 15/32
[36;22m[DEBUG] [39;1msnarkJS[0m: tauG2: fft 11 mix end: 16/32
[36;22m[DEBUG] [39;1msnarkJS[0m: tauG2: fft 11 mix end: 5/32
[36;22m[DEBUG] [39;1msnarkJS[0m: tauG2: fft 11 mix end: 7/32
[36;22m[DEBUG] [39;1msnarkJS[0m: tauG2: fft 11 mix end: 18/32
[36;22m[DEBUG] [39;1msnarkJS[0m: tauG2: fft 11 mix end: 19/32
[36;22m[DEBUG] [39;1msnarkJS[0m: tauG2: fft 11 mix end: 23/32
[36;22m[DEBUG] [39;1msnarkJS[0m: tauG2: fft 11 mix end: 4/32
[36;22m[DEBUG] [39;1msnarkJS[0m: tauG2: fft 11 mix end: 31/32
[36;22m[DEBUG] [39;1msnarkJS[0m: tauG2: fft 11 mix end: 29/32
[36;22m[DEBUG] [39;1msnarkJS[0m: tauG2: fft 11 mix end: 2/32
[36;22m[DEBUG] [39;1msnarkJS[0m: tauG2: fft 11 mix end: 1/32
[36;22m[DEBUG] [39;1msnarkJS[0m: tauG2: fft 11 mix end: 24/32
[36;22m[DEBUG] [39;1msnarkJS[0m: tauG2: fft  11  join: 7/11
[36;22m[DEBUG] [39;1msnarkJS[0m: tauG2: fft 11 join  7/11  11/16 0/1
[36;22m[DEBUG] [39;1msnarkJS[0m: tauG2: fft 11 join  7/11  2/16 0/1
[36;22m[DEBUG] [39;1msnarkJS[0m: tauG2: fft 11 join  7/11  5/16 0/1
[36;22m[DEBUG] [39;1msnarkJS[0m: tauG2: fft 11 join  7/11  12/16 0/1
[36;22m[DEBUG] [39;1msnarkJS[0m: tauG2: fft 11 join  7/11  9/16 0/1
[36;22m[DEBUG] [39;1msnarkJS[0m: tauG2: fft 11 join  7/11  13/16 0/1
[36;22m[DEBUG] [39;1msnarkJS[0m: tauG2: fft 11 join  7/11  16/16 0/1
[36;22m[DEBUG] [39;1msnarkJS[0m: tauG2: fft 11 join  7/11  1/16 0/1
[36;22m[DEBUG] [39;1msnarkJS[0m: tauG2: fft 11 join  7/11  6/16 0/1
[36;22m[DEBUG] [39;1msnarkJS[0m: tauG2: fft 11 join  7/11  14/16 0/1
[36;22m[DEBUG] [39;1msnarkJS[0m: tauG2: fft 11 join  7/11  4/16 0/1
[36;22m[DEBUG] [39;1msnarkJS[0m: tauG2: fft 11 join  7/11  8/16 0/1
[36;22m[DEBUG] [39;1msnarkJS[0m: tauG2: fft 11 join  7/11  7/16 0/1
[36;22m[DEBUG] [39;1msnarkJS[0m: tauG2: fft 11 join  7/11  3/16 0/1
[36;22m[DEBUG] [39;1msnarkJS[0m: tauG2: fft 11 join  7/11  10/16 0/1
[36;22m[DEBUG] [39;1msnarkJS[0m: tauG2: fft 11 join  7/11  15/16 0/1
[36;22m[DEBUG] [39;1msnarkJS[0m: tauG2: fft  11  join: 8/11
[36;22m[DEBUG] [39;1msnarkJS[0m: tauG2: fft 11 join  8/11  1/8 0/2
[36;22m[DEBUG] [39;1msnarkJS[0m: tauG2: fft 11 join  8/11  3/8 0/2
[36;22m[DEBUG] [39;1msnarkJS[0m: tauG2: fft 11 join  8/11  5/8 0/2
[36;22m[DEBUG] [39;1msnarkJS[0m: tauG2: fft 11 join  8/11  6/8 0/2
[36;22m[DEBUG] [39;1msnarkJS[0m: tauG2: fft 11 join  8/11  7/8 0/2
[36;22m[DEBUG] [39;1msnarkJS[0m: tauG2: fft 11 join  8/11  2/8 0/2
[36;22m[DEBUG] [39;1msnarkJS[0m: tauG2: fft 11 join  8/11  4/8 0/2
[36;22m[DEBUG] [39;1msnarkJS[0m: tauG2: fft 11 join  8/11  1/8 1/2
[36;22m[DEBUG] [39;1msnarkJS[0m: tauG2: fft 11 join  8/11  6/8 1/2
[36;22m[DEBUG] [39;1msnarkJS[0m: tauG2: fft 11 join  8/11  3/8 1/2
[36;22m[DEBUG] [39;1msnarkJS[0m: tauG2: fft 11 join  8/11  7/8 1/2
[36;22m[DEBUG] [39;1msnarkJS[0m: tauG2: fft 11 join  8/11  8/8 1/2
[36;22m[DEBUG] [39;1msnarkJS[0m: tauG2: fft 11 join  8/11  4/8 1/2
[36;22m[DEBUG] [39;1msnarkJS[0m: tauG2: fft 11 join  8/11  2/8 1/2
[36;22m[DEBUG] [39;1msnarkJS[0m: tauG2: fft 11 join  8/11  5/8 1/2
[36;22m[DEBUG] [39;1msnarkJS[0m: tauG2: fft 11 join  8/11  8/8 0/2
[36;22m[DEBUG] [39;1msnarkJS[0m: tauG2: fft  11  join: 9/11
[36;22m[DEBUG] [39;1msnarkJS[0m: tauG2: fft 11 join  9/11  2/4 0/4
[36;22m[DEBUG] [39;1msnarkJS[0m: tauG2: fft 11 join  9/11  1/4 0/4
[36;22m[DEBUG] [39;1msnarkJS[0m: tauG2: fft 11 join  9/11  4/4 0/4
[36;22m[DEBUG] [39;1msnarkJS[0m: tauG2: fft 11 join  9/11  3/4 0/4
[36;22m[DEBUG] [39;1msnarkJS[0m: tauG2: fft 11 join  9/11  1/4 2/4
[36;22m[DEBUG] [39;1msnarkJS[0m: tauG2: fft 11 join  9/11  1/4 1/4
[36;22m[DEBUG] [39;1msnarkJS[0m: tauG2: fft 11 join  9/11  2/4 1/4
[36;22m[DEBUG] [39;1msnarkJS[0m: tauG2: fft 11 join  9/11  3/4 1/4
[36;22m[DEBUG] [39;1msnarkJS[0m: tauG2: fft 11 join  9/11  3/4 3/4
[36;22m[DEBUG] [39;1msnarkJS[0m: tauG2: fft 11 join  9/11  4/4 2/4
[36;22m[DEBUG] [39;1msnarkJS[0m: tauG2: fft 11 join  9/11  4/4 3/4
[36;22m[DEBUG] [39;1msnarkJS[0m: tauG2: fft 11 join  9/11  2/4 2/4
[36;22m[DEBUG] [39;1msnarkJS[0m: tauG2: fft 11 join  9/11  3/4 2/4
[36;22m[DEBUG] [39;1msnarkJS[0m: tauG2: fft 11 join  9/11  4/4 1/4
[36;22m[DEBUG] [39;1msnarkJS[0m: tauG2: fft 11 join  9/11  2/4 3/4
[36;22m[DEBUG] [39;1msnarkJS[0m: tauG2: fft 11 join  9/11  1/4 3/4
[36;22m[DEBUG] [39;1msnarkJS[0m: tauG2: fft  11  join: 10/11
[36;22m[DEBUG] [39;1msnarkJS[0m: tauG2: fft 11 join  10/11  1/2 0/8
[36;22m[DEBUG] [39;1msnarkJS[0m: tauG2: fft 11 join  10/11  2/2 0/8
[36;22m[DEBUG] [39;1msnarkJS[0m: tauG2: fft 11 join  10/11  1/2 1/8
[36;22m[DEBUG] [39;1msnarkJS[0m: tauG2: fft 11 join  10/11  1/2 4/8
[36;22m[DEBUG] [39;1msnarkJS[0m: tauG2: fft 11 join  10/11  1/2 6/8
[36;22m[DEBUG] [39;1msnarkJS[0m: tauG2: fft 11 join  10/11  2/2 2/8
[36;22m[DEBUG] [39;1msnarkJS[0m: tauG2: fft 11 join  10/11  2/2 3/8
[36;22m[DEBUG] [39;1msnarkJS[0m: tauG2: fft 11 join  10/11  2/2 4/8
[36;22m[DEBUG] [39;1msnarkJS[0m: tauG2: fft 11 join  10/11  2/2 6/8
[36;22m[DEBUG] [39;1msnarkJS[0m: tauG2: fft 11 join  10/11  1/2 2/8
[36;22m[DEBUG] [39;1msnarkJS[0m: tauG2: fft 11 join  10/11  1/2 5/8
[36;22m[DEBUG] [39;1msnarkJS[0m: tauG2: fft 11 join  10/11  2/2 5/8
[36;22m[DEBUG] [39;1msnarkJS[0m: tauG2: fft 11 join  10/11  2/2 7/8
[36;22m[DEBUG] [39;1msnarkJS[0m: tauG2: fft 11 join  10/11  2/2 1/8
[36;22m[DEBUG] [39;1msnarkJS[0m: tauG2: fft 11 join  10/11  1/2 3/8
[36;22m[DEBUG] [39;1msnarkJS[0m: tauG2: fft 11 join  10/11  1/2 7/8
[36;22m[DEBUG] [39;1msnarkJS[0m: tauG2: fft  11  join: 11/11
[36;22m[DEBUG] [39;1msnarkJS[0m: tauG2: fft 11 join  11/11  1/1 0/16
[36;22m[DEBUG] [39;1msnarkJS[0m: tauG2: fft 11 join  11/11  1/1 4/16
[36;22m[DEBUG] [39;1msnarkJS[0m: tauG2: fft 11 join  11/11  1/1 14/16
[36;22m[DEBUG] [39;1msnarkJS[0m: tauG2: fft 11 join  11/11  1/1 11/16
[36;22m[DEBUG] [39;1msnarkJS[0m: tauG2: fft 11 join  11/11  1/1 12/16
[36;22m[DEBUG] [39;1msnarkJS[0m: tauG2: fft 11 join  11/11  1/1 8/16
[36;22m[DEBUG] [39;1msnarkJS[0m: tauG2: fft 11 join  11/11  1/1 10/16
[36;22m[DEBUG] [39;1msnarkJS[0m: tauG2: fft 11 join  11/11  1/1 2/16
[36;22m[DEBUG] [39;1msnarkJS[0m: tauG2: fft 11 join  11/11  1/1 1/16
[36;22m[DEBUG] [39;1msnarkJS[0m: tauG2: fft 11 join  11/11  1/1 9/16
[36;22m[DEBUG] [39;1msnarkJS[0m: tauG2: fft 11 join  11/11  1/1 3/16
[36;22m[DEBUG] [39;1msnarkJS[0m: tauG2: fft 11 join  11/11  1/1 6/16
[36;22m[DEBUG] [39;1msnarkJS[0m: tauG2: fft 11 join  11/11  1/1 13/16
[36;22m[DEBUG] [39;1msnarkJS[0m: tauG2: fft 11 join  11/11  1/1 15/16
[36;22m[DEBUG] [39;1msnarkJS[0m: tauG2: fft 11 join  11/11  1/1 7/16
[36;22m[DEBUG] [39;1msnarkJS[0m: tauG2: fft 11 join  11/11  1/1 5/16
[36;22m[DEBUG] [39;1msnarkJS[0m: tauG2: fft 12 mix start: 0/32
[36;22m[DEBUG] [39;1msnarkJS[0m: tauG2: fft 12 mix start: 1/32
[36;22m[DEBUG] [39;1msnarkJS[0m: tauG2: fft 12 mix start: 2/32
[36;22m[DEBUG] [39;1msnarkJS[0m: tauG2: fft 12 mix start: 3/32
[36;22m[DEBUG] [39;1msnarkJS[0m: tauG2: fft 12 mix start: 4/32
[36;22m[DEBUG] [39;1msnarkJS[0m: tauG2: fft 12 mix start: 5/32
[36;22m[DEBUG] [39;1msnarkJS[0m: tauG2: fft 12 mix start: 6/32
[36;22m[DEBUG] [39;1msnarkJS[0m: tauG2: fft 12 mix start: 7/32
[36;22m[DEBUG] [39;1msnarkJS[0m: tauG2: fft 12 mix start: 8/32
[36;22m[DEBUG] [39;1msnarkJS[0m: tauG2: fft 12 mix start: 9/32
[36;22m[DEBUG] [39;1msnarkJS[0m: tauG2: fft 12 mix start: 10/32
[36;22m[DEBUG] [39;1msnarkJS[0m: tauG2: fft 12 mix start: 11/32
[36;22m[DEBUG] [39;1msnarkJS[0m: tauG2: fft 12 mix start: 12/32
[36;22m[DEBUG] [39;1msnarkJS[0m: tauG2: fft 12 mix start: 13/32
[36;22m[DEBUG] [39;1msnarkJS[0m: tauG2: fft 12 mix start: 14/32
[36;22m[DEBUG] [39;1msnarkJS[0m: tauG2: fft 12 mix start: 15/32
[36;22m[DEBUG] [39;1msnarkJS[0m: tauG2: fft 12 mix start: 16/32
[36;22m[DEBUG] [39;1msnarkJS[0m: tauG2: fft 12 mix start: 17/32
[36;22m[DEBUG] [39;1msnarkJS[0m: tauG2: fft 12 mix start: 18/32
[36;22m[DEBUG] [39;1msnarkJS[0m: tauG2: fft 12 mix start: 19/32
[36;22m[DEBUG] [39;1msnarkJS[0m: tauG2: fft 12 mix start: 20/32
[36;22m[DEBUG] [39;1msnarkJS[0m: tauG2: fft 12 mix start: 21/32
[36;22m[DEBUG] [39;1msnarkJS[0m: tauG2: fft 12 mix start: 22/32
[36;22m[DEBUG] [39;1msnarkJS[0m: tauG2: fft 12 mix start: 23/32
[36;22m[DEBUG] [39;1msnarkJS[0m: tauG2: fft 12 mix start: 24/32
[36;22m[DEBUG] [39;1msnarkJS[0m: tauG2: fft 12 mix start: 25/32
[36;22m[DEBUG] [39;1msnarkJS[0m: tauG2: fft 12 mix start: 26/32
[36;22m[DEBUG] [39;1msnarkJS[0m: tauG2: fft 12 mix start: 27/32
[36;22m[DEBUG] [39;1msnarkJS[0m: tauG2: fft 12 mix start: 28/32
[36;22m[DEBUG] [39;1msnarkJS[0m: tauG2: fft 12 mix start: 29/32
[36;22m[DEBUG] [39;1msnarkJS[0m: tauG2: fft 12 mix start: 30/32
[36;22m[DEBUG] [39;1msnarkJS[0m: tauG2: fft 12 mix start: 31/32
[36;22m[DEBUG] [39;1msnarkJS[0m: tauG2: fft 12 mix end: 1/32
[36;22m[DEBUG] [39;1msnarkJS[0m: tauG2: fft 12 mix end: 3/32
[36;22m[DEBUG] [39;1msnarkJS[0m: tauG2: fft 12 mix end: 2/32
[36;22m[DEBUG] [39;1msnarkJS[0m: tauG2: fft 12 mix end: 20/32
[36;22m[DEBUG] [39;1msnarkJS[0m: tauG2: fft 12 mix end: 26/32
[36;22m[DEBUG] [39;1msnarkJS[0m: tauG2: fft 12 mix end: 10/32
[36;22m[DEBUG] [39;1msnarkJS[0m: tauG2: fft 12 mix end: 4/32
[36;22m[DEBUG] [39;1msnarkJS[0m: tauG2: fft 12 mix end: 14/32
[36;22m[DEBUG] [39;1msnarkJS[0m: tauG2: fft 12 mix end: 30/32
[36;22m[DEBUG] [39;1msnarkJS[0m: tauG2: fft 12 mix end: 22/32
[36;22m[DEBUG] [39;1msnarkJS[0m: tauG2: fft 12 mix end: 6/32
[36;22m[DEBUG] [39;1msnarkJS[0m: tauG2: fft 12 mix end: 11/32
[36;22m[DEBUG] [39;1msnarkJS[0m: tauG2: fft 12 mix end: 31/32
[36;22m[DEBUG] [39;1msnarkJS[0m: tauG2: fft 12 mix end: 25/32
[36;22m[DEBUG] [39;1msnarkJS[0m: tauG2: fft 12 mix end: 12/32
[36;22m[DEBUG] [39;1msnarkJS[0m: tauG2: fft 12 mix end: 29/32
[36;22m[DEBUG] [39;1msnarkJS[0m: tauG2: fft 12 mix end: 24/32
[36;22m[DEBUG] [39;1msnarkJS[0m: tauG2: fft 12 mix end: 0/32
[36;22m[DEBUG] [39;1msnarkJS[0m: tauG2: fft 12 mix end: 28/32
[36;22m[DEBUG] [39;1msnarkJS[0m: tauG2: fft 12 mix end: 21/32
[36;22m[DEBUG] [39;1msnarkJS[0m: tauG2: fft 12 mix end: 19/32
[36;22m[DEBUG] [39;1msnarkJS[0m: tauG2: fft 12 mix end: 15/32
[36;22m[DEBUG] [39;1msnarkJS[0m: tauG2: fft 12 mix end: 16/32
[36;22m[DEBUG] [39;1msnarkJS[0m: tauG2: fft 12 mix end: 17/32
[36;22m[DEBUG] [39;1msnarkJS[0m: tauG2: fft 12 mix end: 23/32
[36;22m[DEBUG] [39;1msnarkJS[0m: tauG2: fft 12 mix end: 18/32
[36;22m[DEBUG] [39;1msnarkJS[0m: tauG2: fft 12 mix end: 5/32
[36;22m[DEBUG] [39;1msnarkJS[0m: tauG2: fft 12 mix end: 9/32
[36;22m[DEBUG] [39;1msnarkJS[0m: tauG2: fft 12 mix end: 27/32
[36;22m[DEBUG] [39;1msnarkJS[0m: tauG2: fft 12 mix end: 7/32
[36;22m[DEBUG] [39;1msnarkJS[0m: tauG2: fft 12 mix end: 13/32
[36;22m[DEBUG] [39;1msnarkJS[0m: tauG2: fft 12 mix end: 8/32
[36;22m[DEBUG] [39;1msnarkJS[0m: tauG2: fft  12  join: 8/12
[36;22m[DEBUG] [39;1msnarkJS[0m: tauG2: fft 12 join  8/12  1/16 0/1
[36;22m[DEBUG] [39;1msnarkJS[0m: tauG2: fft 12 join  8/12  5/16 0/1
[36;22m[DEBUG] [39;1msnarkJS[0m: tauG2: fft 12 join  8/12  2/16 0/1
[36;22m[DEBUG] [39;1msnarkJS[0m: tauG2: fft 12 join  8/12  14/16 0/1
[36;22m[DEBUG] [39;1msnarkJS[0m: tauG2: fft 12 join  8/12  12/16 0/1
[36;22m[DEBUG] [39;1msnarkJS[0m: tauG2: fft 12 join  8/12  15/16 0/1
[36;22m[DEBUG] [39;1msnarkJS[0m: tauG2: fft 12 join  8/12  16/16 0/1
[36;22m[DEBUG] [39;1msnarkJS[0m: tauG2: fft 12 join  8/12  4/16 0/1
[36;22m[DEBUG] [39;1msnarkJS[0m: tauG2: fft 12 join  8/12  10/16 0/1
[36;22m[DEBUG] [39;1msnarkJS[0m: tauG2: fft 12 join  8/12  11/16 0/1
[36;22m[DEBUG] [39;1msnarkJS[0m: tauG2: fft 12 join  8/12  9/16 0/1
[36;22m[DEBUG] [39;1msnarkJS[0m: tauG2: fft 12 join  8/12  3/16 0/1
[36;22m[DEBUG] [39;1msnarkJS[0m: tauG2: fft 12 join  8/12  7/16 0/1
[36;22m[DEBUG] [39;1msnarkJS[0m: tauG2: fft 12 join  8/12  8/16 0/1
[36;22m[DEBUG] [39;1msnarkJS[0m: tauG2: fft 12 join  8/12  13/16 0/1
[36;22m[DEBUG] [39;1msnarkJS[0m: tauG2: fft 12 join  8/12  6/16 0/1
[36;22m[DEBUG] [39;1msnarkJS[0m: tauG2: fft  12  join: 9/12
[36;22m[DEBUG] [39;1msnarkJS[0m: tauG2: fft 12 join  9/12  7/8 0/2
[36;22m[DEBUG] [39;1msnarkJS[0m: tauG2: fft 12 join  9/12  1/8 0/2
[36;22m[DEBUG] [39;1msnarkJS[0m: tauG2: fft 12 join  9/12  6/8 0/2
[36;22m[DEBUG] [39;1msnarkJS[0m: tauG2: fft 12 join  9/12  8/8 0/2
[36;22m[DEBUG] [39;1msnarkJS[0m: tauG2: fft 12 join  9/12  5/8 0/2
[36;22m[DEBUG] [39;1msnarkJS[0m: tauG2: fft 12 join  9/12  6/8 1/2
[36;22m[DEBUG] [39;1msnarkJS[0m: tauG2: fft 12 join  9/12  7/8 1/2
[36;22m[DEBUG] [39;1msnarkJS[0m: tauG2: fft 12 join  9/12  1/8 1/2
[36;22m[DEBUG] [39;1msnarkJS[0m: tauG2: fft 12 join  9/12  2/8 0/2
[36;22m[DEBUG] [39;1msnarkJS[0m: tauG2: fft 12 join  9/12  2/8 1/2
[36;22m[DEBUG] [39;1msnarkJS[0m: tauG2: fft 12 join  9/12  3/8 0/2
[36;22m[DEBUG] [39;1msnarkJS[0m: tauG2: fft 12 join  9/12  5/8 1/2
[36;22m[DEBUG] [39;1msnarkJS[0m: tauG2: fft 12 join  9/12  8/8 1/2
[36;22m[DEBUG] [39;1msnarkJS[0m: tauG2: fft 12 join  9/12  4/8 0/2
[36;22m[DEBUG] [39;1msnarkJS[0m: tauG2: fft 12 join  9/12  3/8 1/2
[36;22m[DEBUG] [39;1msnarkJS[0m: tauG2: fft 12 join  9/12  4/8 1/2
[36;22m[DEBUG] [39;1msnarkJS[0m: tauG2: fft  12  join: 10/12
[36;22m[DEBUG] [39;1msnarkJS[0m: tauG2: fft 12 join  10/12  2/4 0/4
[36;22m[DEBUG] [39;1msnarkJS[0m: tauG2: fft 12 join  10/12  4/4 0/4
[36;22m[DEBUG] [39;1msnarkJS[0m: tauG2: fft 12 join  10/12  1/4 0/4
[36;22m[DEBUG] [39;1msnarkJS[0m: tauG2: fft 12 join  10/12  3/4 0/4
[36;22m[DEBUG] [39;1msnarkJS[0m: tauG2: fft 12 join  10/12  3/4 2/4
[36;22m[DEBUG] [39;1msnarkJS[0m: tauG2: fft 12 join  10/12  3/4 3/4
[36;22m[DEBUG] [39;1msnarkJS[0m: tauG2: fft 12 join  10/12  4/4 2/4
[36;22m[DEBUG] [39;1msnarkJS[0m: tauG2: fft 12 join  10/12  1/4 1/4
[36;22m[DEBUG] [39;1msnarkJS[0m: tauG2: fft 12 join  10/12  4/4 1/4
[36;22m[DEBUG] [39;1msnarkJS[0m: tauG2: fft 12 join  10/12  1/4 3/4
[36;22m[DEBUG] [39;1msnarkJS[0m: tauG2: fft 12 join  10/12  4/4 3/4
[36;22m[DEBUG] [39;1msnarkJS[0m: tauG2: fft 12 join  10/12  1/4 2/4
[36;22m[DEBUG] [39;1msnarkJS[0m: tauG2: fft 12 join  10/12  3/4 1/4
[36;22m[DEBUG] [39;1msnarkJS[0m: tauG2: fft 12 join  10/12  2/4 2/4
[36;22m[DEBUG] [39;1msnarkJS[0m: tauG2: fft 12 join  10/12  2/4 1/4
[36;22m[DEBUG] [39;1msnarkJS[0m: tauG2: fft 12 join  10/12  2/4 3/4
[36;22m[DEBUG] [39;1msnarkJS[0m: tauG2: fft  12  join: 11/12
[36;22m[DEBUG] [39;1msnarkJS[0m: tauG2: fft 12 join  11/12  1/2 0/8
[36;22m[DEBUG] [39;1msnarkJS[0m: tauG2: fft 12 join  11/12  1/2 4/8
[36;22m[DEBUG] [39;1msnarkJS[0m: tauG2: fft 12 join  11/12  2/2 3/8
[36;22m[DEBUG] [39;1msnarkJS[0m: tauG2: fft 12 join  11/12  2/2 5/8
[36;22m[DEBUG] [39;1msnarkJS[0m: tauG2: fft 12 join  11/12  2/2 6/8
[36;22m[DEBUG] [39;1msnarkJS[0m: tauG2: fft 12 join  11/12  2/2 4/8
[36;22m[DEBUG] [39;1msnarkJS[0m: tauG2: fft 12 join  11/12  1/2 3/8
[36;22m[DEBUG] [39;1msnarkJS[0m: tauG2: fft 12 join  11/12  2/2 2/8
[36;22m[DEBUG] [39;1msnarkJS[0m: tauG2: fft 12 join  11/12  1/2 2/8
[36;22m[DEBUG] [39;1msnarkJS[0m: tauG2: fft 12 join  11/12  2/2 7/8
[36;22m[DEBUG] [39;1msnarkJS[0m: tauG2: fft 12 join  11/12  2/2 0/8
[36;22m[DEBUG] [39;1msnarkJS[0m: tauG2: fft 12 join  11/12  1/2 6/8
[36;22m[DEBUG] [39;1msnarkJS[0m: tauG2: fft 12 join  11/12  1/2 1/8
[36;22m[DEBUG] [39;1msnarkJS[0m: tauG2: fft 12 join  11/12  2/2 1/8
[36;22m[DEBUG] [39;1msnarkJS[0m: tauG2: fft 12 join  11/12  1/2 5/8
[36;22m[DEBUG] [39;1msnarkJS[0m: tauG2: fft 12 join  11/12  1/2 7/8
[36;22m[DEBUG] [39;1msnarkJS[0m: tauG2: fft  12  join: 12/12
[36;22m[DEBUG] [39;1msnarkJS[0m: tauG2: fft 12 join  12/12  1/1 4/16
[36;22m[DEBUG] [39;1msnarkJS[0m: tauG2: fft 12 join  12/12  1/1 0/16
[36;22m[DEBUG] [39;1msnarkJS[0m: tauG2: fft 12 join  12/12  1/1 11/16
[36;22m[DEBUG] [39;1msnarkJS[0m: tauG2: fft 12 join  12/12  1/1 14/16
[36;22m[DEBUG] [39;1msnarkJS[0m: tauG2: fft 12 join  12/12  1/1 13/16
[36;22m[DEBUG] [39;1msnarkJS[0m: tauG2: fft 12 join  12/12  1/1 10/16
[36;22m[DEBUG] [39;1msnarkJS[0m: tauG2: fft 12 join  12/12  1/1 12/16
[36;22m[DEBUG] [39;1msnarkJS[0m: tauG2: fft 12 join  12/12  1/1 3/16
[36;22m[DEBUG] [39;1msnarkJS[0m: tauG2: fft 12 join  12/12  1/1 1/16
[36;22m[DEBUG] [39;1msnarkJS[0m: tauG2: fft 12 join  12/12  1/1 9/16
[36;22m[DEBUG] [39;1msnarkJS[0m: tauG2: fft 12 join  12/12  1/1 8/16
[36;22m[DEBUG] [39;1msnarkJS[0m: tauG2: fft 12 join  12/12  1/1 15/16
[36;22m[DEBUG] [39;1msnarkJS[0m: tauG2: fft 12 join  12/12  1/1 2/16
[36;22m[DEBUG] [39;1msnarkJS[0m: tauG2: fft 12 join  12/12  1/1 6/16
[36;22m[DEBUG] [39;1msnarkJS[0m: tauG2: fft 12 join  12/12  1/1 7/16
[36;22m[DEBUG] [39;1msnarkJS[0m: tauG2: fft 12 join  12/12  1/1 5/16
[36;22m[DEBUG] [39;1msnarkJS[0m: tauG2: fft 13 mix start: 0/32
[36;22m[DEBUG] [39;1msnarkJS[0m: tauG2: fft 13 mix start: 1/32
[36;22m[DEBUG] [39;1msnarkJS[0m: tauG2: fft 13 mix start: 2/32
[36;22m[DEBUG] [39;1msnarkJS[0m: tauG2: fft 13 mix start: 3/32
[36;22m[DEBUG] [39;1msnarkJS[0m: tauG2: fft 13 mix start: 4/32
[36;22m[DEBUG] [39;1msnarkJS[0m: tauG2: fft 13 mix start: 5/32
[36;22m[DEBUG] [39;1msnarkJS[0m: tauG2: fft 13 mix start: 6/32
[36;22m[DEBUG] [39;1msnarkJS[0m: tauG2: fft 13 mix start: 7/32
[36;22m[DEBUG] [39;1msnarkJS[0m: tauG2: fft 13 mix start: 8/32
[36;22m[DEBUG] [39;1msnarkJS[0m: tauG2: fft 13 mix start: 9/32
[36;22m[DEBUG] [39;1msnarkJS[0m: tauG2: fft 13 mix start: 10/32
[36;22m[DEBUG] [39;1msnarkJS[0m: tauG2: fft 13 mix start: 11/32
[36;22m[DEBUG] [39;1msnarkJS[0m: tauG2: fft 13 mix start: 12/32
[36;22m[DEBUG] [39;1msnarkJS[0m: tauG2: fft 13 mix start: 13/32
[36;22m[DEBUG] [39;1msnarkJS[0m: tauG2: fft 13 mix start: 14/32
[36;22m[DEBUG] [39;1msnarkJS[0m: tauG2: fft 13 mix start: 15/32
[36;22m[DEBUG] [39;1msnarkJS[0m: tauG2: fft 13 mix start: 16/32
[36;22m[DEBUG] [39;1msnarkJS[0m: tauG2: fft 13 mix start: 17/32
[36;22m[DEBUG] [39;1msnarkJS[0m: tauG2: fft 13 mix start: 18/32
[36;22m[DEBUG] [39;1msnarkJS[0m: tauG2: fft 13 mix start: 19/32
[36;22m[DEBUG] [39;1msnarkJS[0m: tauG2: fft 13 mix start: 20/32
[36;22m[DEBUG] [39;1msnarkJS[0m: tauG2: fft 13 mix start: 21/32
[36;22m[DEBUG] [39;1msnarkJS[0m: tauG2: fft 13 mix start: 22/32
[36;22m[DEBUG] [39;1msnarkJS[0m: tauG2: fft 13 mix start: 23/32
[36;22m[DEBUG] [39;1msnarkJS[0m: tauG2: fft 13 mix start: 24/32
[36;22m[DEBUG] [39;1msnarkJS[0m: tauG2: fft 13 mix start: 25/32
[36;22m[DEBUG] [39;1msnarkJS[0m: tauG2: fft 13 mix start: 26/32
[36;22m[DEBUG] [39;1msnarkJS[0m: tauG2: fft 13 mix start: 27/32
[36;22m[DEBUG] [39;1msnarkJS[0m: tauG2: fft 13 mix start: 28/32
[36;22m[DEBUG] [39;1msnarkJS[0m: tauG2: fft 13 mix start: 29/32
[36;22m[DEBUG] [39;1msnarkJS[0m: tauG2: fft 13 mix start: 30/32
[36;22m[DEBUG] [39;1msnarkJS[0m: tauG2: fft 13 mix start: 31/32
[36;22m[DEBUG] [39;1msnarkJS[0m: tauG2: fft 13 mix end: 14/32
[36;22m[DEBUG] [39;1msnarkJS[0m: tauG2: fft 13 mix end: 20/32
[36;22m[DEBUG] [39;1msnarkJS[0m: tauG2: fft 13 mix end: 26/32
[36;22m[DEBUG] [39;1msnarkJS[0m: tauG2: fft 13 mix end: 2/32
[36;22m[DEBUG] [39;1msnarkJS[0m: tauG2: fft 13 mix end: 4/32
[36;22m[DEBUG] [39;1msnarkJS[0m: tauG2: fft 13 mix end: 10/32
[36;22m[DEBUG] [39;1msnarkJS[0m: tauG2: fft 13 mix end: 22/32
[36;22m[DEBUG] [39;1msnarkJS[0m: tauG2: fft 13 mix end: 3/32
[36;22m[DEBUG] [39;1msnarkJS[0m: tauG2: fft 13 mix end: 30/32
[36;22m[DEBUG] [39;1msnarkJS[0m: tauG2: fft 13 mix end: 17/32
[36;22m[DEBUG] [39;1msnarkJS[0m: tauG2: fft 13 mix end: 8/32
[36;22m[DEBUG] [39;1msnarkJS[0m: tauG2: fft 13 mix end: 11/32
[36;22m[DEBUG] [39;1msnarkJS[0m: tauG2: fft 13 mix end: 12/32
[36;22m[DEBUG] [39;1msnarkJS[0m: tauG2: fft 13 mix end: 18/32
[36;22m[DEBUG] [39;1msnarkJS[0m: tauG2: fft 13 mix end: 24/32
[36;22m[DEBUG] [39;1msnarkJS[0m: tauG2: fft 13 mix end: 31/32
[36;22m[DEBUG] [39;1msnarkJS[0m: tauG2: fft 13 mix end: 25/32
[36;22m[DEBUG] [39;1msnarkJS[0m: tauG2: fft 13 mix end: 28/32
[36;22m[DEBUG] [39;1msnarkJS[0m: tauG2: fft 13 mix end: 13/32
[36;22m[DEBUG] [39;1msnarkJS[0m: tauG2: fft 13 mix end: 0/32
[36;22m[DEBUG] [39;1msnarkJS[0m: tauG2: fft 13 mix end: 23/32
[36;22m[DEBUG] [39;1msnarkJS[0m: tauG2: fft 13 mix end: 29/32
[36;22m[DEBUG] [39;1msnarkJS[0m: tauG2: fft 13 mix end: 7/32
[36;22m[DEBUG] [39;1msnarkJS[0m: tauG2: fft 13 mix end: 15/32
[36;22m[DEBUG] [39;1msnarkJS[0m: tauG2: fft 13 mix end: 16/32
[36;22m[DEBUG] [39;1msnarkJS[0m: tauG2: fft 13 mix end: 5/32
[36;22m[DEBUG] [39;1msnarkJS[0m: tauG2: fft 13 mix end: 21/32
[36;22m[DEBUG] [39;1msnarkJS[0m: tauG2: fft 13 mix end: 6/32
[36;22m[DEBUG] [39;1msnarkJS[0m: tauG2: fft 13 mix end: 19/32
[36;22m[DEBUG] [39;1msnarkJS[0m: tauG2: fft 13 mix end: 9/32
[36;22m[DEBUG] [39;1msnarkJS[0m: tauG2: fft 13 mix end: 27/32
[36;22m[DEBUG] [39;1msnarkJS[0m: tauG2: fft 13 mix end: 1/32
[36;22m[DEBUG] [39;1msnarkJS[0m: tauG2: fft  13  join: 9/13
[36;22m[DEBUG] [39;1msnarkJS[0m: tauG2: fft 13 join  9/13  2/16 0/1
[36;22m[DEBUG] [39;1msnarkJS[0m: tauG2: fft 13 join  9/13  4/16 0/1
[36;22m[DEBUG] [39;1msnarkJS[0m: tauG2: fft 13 join  9/13  12/16 0/1
[36;22m[DEBUG] [39;1msnarkJS[0m: tauG2: fft 13 join  9/13  16/16 0/1
[36;22m[DEBUG] [39;1msnarkJS[0m: tauG2: fft 13 join  9/13  5/16 0/1
[36;22m[DEBUG] [39;1msnarkJS[0m: tauG2: fft 13 join  9/13  11/16 0/1
[36;22m[DEBUG] [39;1msnarkJS[0m: tauG2: fft 13 join  9/13  15/16 0/1
[36;22m[DEBUG] [39;1msnarkJS[0m: tauG2: fft 13 join  9/13  10/16 0/1
[36;22m[DEBUG] [39;1msnarkJS[0m: tauG2: fft 13 join  9/13  1/16 0/1
[36;22m[DEBUG] [39;1msnarkJS[0m: tauG2: fft 13 join  9/13  14/16 0/1
[36;22m[DEBUG] [39;1msnarkJS[0m: tauG2: fft 13 join  9/13  3/16 0/1
[36;22m[DEBUG] [39;1msnarkJS[0m: tauG2: fft 13 join  9/13  7/16 0/1
[36;22m[DEBUG] [39;1msnarkJS[0m: tauG2: fft 13 join  9/13  9/16 0/1
[36;22m[DEBUG] [39;1msnarkJS[0m: tauG2: fft 13 join  9/13  13/16 0/1
[36;22m[DEBUG] [39;1msnarkJS[0m: tauG2: fft 13 join  9/13  8/16 0/1
[36;22m[DEBUG] [39;1msnarkJS[0m: tauG2: fft 13 join  9/13  6/16 0/1
[36;22m[DEBUG] [39;1msnarkJS[0m: tauG2: fft  13  join: 10/13
[36;22m[DEBUG] [39;1msnarkJS[0m: tauG2: fft 13 join  10/13  1/8 1/2
[36;22m[DEBUG] [39;1msnarkJS[0m: tauG2: fft 13 join  10/13  6/8 0/2
[36;22m[DEBUG] [39;1msnarkJS[0m: tauG2: fft 13 join  10/13  7/8 0/2
[36;22m[DEBUG] [39;1msnarkJS[0m: tauG2: fft 13 join  10/13  1/8 0/2
[36;22m[DEBUG] [39;1msnarkJS[0m: tauG2: fft 13 join  10/13  6/8 1/2
[36;22m[DEBUG] [39;1msnarkJS[0m: tauG2: fft 13 join  10/13  8/8 0/2
[36;22m[DEBUG] [39;1msnarkJS[0m: tauG2: fft 13 join  10/13  3/8 0/2
[36;22m[DEBUG] [39;1msnarkJS[0m: tauG2: fft 13 join  10/13  2/8 0/2
[36;22m[DEBUG] [39;1msnarkJS[0m: tauG2: fft 13 join  10/13  8/8 1/2
[36;22m[DEBUG] [39;1msnarkJS[0m: tauG2: fft 13 join  10/13  5/8 0/2
[36;22m[DEBUG] [39;1msnarkJS[0m: tauG2: fft 13 join  10/13  4/8 0/2
[36;22m[DEBUG] [39;1msnarkJS[0m: tauG2: fft 13 join  10/13  2/8 1/2
[36;22m[DEBUG] [39;1msnarkJS[0m: tauG2: fft 13 join  10/13  3/8 1/2
[36;22m[DEBUG] [39;1msnarkJS[0m: tauG2: fft 13 join  10/13  4/8 1/2
[36;22m[DEBUG] [39;1msnarkJS[0m: tauG2: fft 13 join  10/13  5/8 1/2
[36;22m[DEBUG] [39;1msnarkJS[0m: tauG2: fft 13 join  10/13  7/8 1/2
[36;22m[DEBUG] [39;1msnarkJS[0m: tauG2: fft  13  join: 11/13
[36;22m[DEBUG] [39;1msnarkJS[0m: tauG2: fft 13 join  11/13  3/4 2/4
[36;22m[DEBUG] [39;1msnarkJS[0m: tauG2: fft 13 join  11/13  1/4 1/4
[36;22m[DEBUG] [39;1msnarkJS[0m: tauG2: fft 13 join  11/13  1/4 2/4
[36;22m[DEBUG] [39;1msnarkJS[0m: tauG2: fft 13 join  11/13  4/4 0/4
[36;22m[DEBUG] [39;1msnarkJS[0m: tauG2: fft 13 join  11/13  4/4 3/4
[36;22m[DEBUG] [39;1msnarkJS[0m: tauG2: fft 13 join  11/13  2/4 0/4
[36;22m[DEBUG] [39;1msnarkJS[0m: tauG2: fft 13 join  11/13  1/4 0/4
[36;22m[DEBUG] [39;1msnarkJS[0m: tauG2: fft 13 join  11/13  3/4 0/4
[36;22m[DEBUG] [39;1msnarkJS[0m: tauG2: fft 13 join  11/13  3/4 3/4
[36;22m[DEBUG] [39;1msnarkJS[0m: tauG2: fft 13 join  11/13  4/4 1/4
[36;22m[DEBUG] [39;1msnarkJS[0m: tauG2: fft 13 join  11/13  3/4 1/4
[36;22m[DEBUG] [39;1msnarkJS[0m: tauG2: fft 13 join  11/13  2/4 2/4
[36;22m[DEBUG] [39;1msnarkJS[0m: tauG2: fft 13 join  11/13  1/4 3/4
[36;22m[DEBUG] [39;1msnarkJS[0m: tauG2: fft 13 join  11/13  2/4 1/4
[36;22m[DEBUG] [39;1msnarkJS[0m: tauG2: fft 13 join  11/13  4/4 2/4
[36;22m[DEBUG] [39;1msnarkJS[0m: tauG2: fft 13 join  11/13  2/4 3/4
[36;22m[DEBUG] [39;1msnarkJS[0m: tauG2: fft  13  join: 12/13
[36;22m[DEBUG] [39;1msnarkJS[0m: tauG2: fft 13 join  12/13  1/2 3/8
[36;22m[DEBUG] [39;1msnarkJS[0m: tauG2: fft 13 join  12/13  2/2 5/8
[36;22m[DEBUG] [39;1msnarkJS[0m: tauG2: fft 13 join  12/13  1/2 0/8
[36;22m[DEBUG] [39;1msnarkJS[0m: tauG2: fft 13 join  12/13  1/2 4/8
[36;22m[DEBUG] [39;1msnarkJS[0m: tauG2: fft 13 join  12/13  2/2 2/8
[36;22m[DEBUG] [39;1msnarkJS[0m: tauG2: fft 13 join  12/13  2/2 6/8
[36;22m[DEBUG] [39;1msnarkJS[0m: tauG2: fft 13 join  12/13  2/2 7/8
[36;22m[DEBUG] [39;1msnarkJS[0m: tauG2: fft 13 join  12/13  1/2 1/8
[36;22m[DEBUG] [39;1msnarkJS[0m: tauG2: fft 13 join  12/13  2/2 0/8
[36;22m[DEBUG] [39;1msnarkJS[0m: tauG2: fft 13 join  12/13  2/2 3/8
[36;22m[DEBUG] [39;1msnarkJS[0m: tauG2: fft 13 join  12/13  1/2 2/8
[36;22m[DEBUG] [39;1msnarkJS[0m: tauG2: fft 13 join  12/13  1/2 6/8
[36;22m[DEBUG] [39;1msnarkJS[0m: tauG2: fft 13 join  12/13  2/2 1/8
[36;22m[DEBUG] [39;1msnarkJS[0m: tauG2: fft 13 join  12/13  1/2 5/8
[36;22m[DEBUG] [39;1msnarkJS[0m: tauG2: fft 13 join  12/13  2/2 4/8
[36;22m[DEBUG] [39;1msnarkJS[0m: tauG2: fft 13 join  12/13  1/2 7/8
[36;22m[DEBUG] [39;1msnarkJS[0m: tauG2: fft  13  join: 13/13
[36;22m[DEBUG] [39;1msnarkJS[0m: tauG2: fft 13 join  13/13  1/1 4/16
[36;22m[DEBUG] [39;1msnarkJS[0m: tauG2: fft 13 join  13/13  1/1 15/16
[36;22m[DEBUG] [39;1msnarkJS[0m: tauG2: fft 13 join  13/13  1/1 13/16
[36;22m[DEBUG] [39;1msnarkJS[0m: tauG2: fft 13 join  13/13  1/1 12/16
[36;22m[DEBUG] [39;1msnarkJS[0m: tauG2: fft 13 join  13/13  1/1 11/16
[36;22m[DEBUG] [39;1msnarkJS[0m: tauG2: fft 13 join  13/13  1/1 10/16
[36;22m[DEBUG] [39;1msnarkJS[0m: tauG2: fft 13 join  13/13  1/1 1/16
[36;22m[DEBUG] [39;1msnarkJS[0m: tauG2: fft 13 join  13/13  1/1 8/16
[36;22m[DEBUG] [39;1msnarkJS[0m: tauG2: fft 13 join  13/13  1/1 6/16
[36;22m[DEBUG] [39;1msnarkJS[0m: tauG2: fft 13 join  13/13  1/1 3/16
[36;22m[DEBUG] [39;1msnarkJS[0m: tauG2: fft 13 join  13/13  1/1 7/16
[36;22m[DEBUG] [39;1msnarkJS[0m: tauG2: fft 13 join  13/13  1/1 0/16
[36;22m[DEBUG] [39;1msnarkJS[0m: tauG2: fft 13 join  13/13  1/1 2/16
[36;22m[DEBUG] [39;1msnarkJS[0m: tauG2: fft 13 join  13/13  1/1 5/16
[36;22m[DEBUG] [39;1msnarkJS[0m: tauG2: fft 13 join  13/13  1/1 9/16
[36;22m[DEBUG] [39;1msnarkJS[0m: tauG2: fft 13 join  13/13  1/1 14/16
[36;22m[DEBUG] [39;1msnarkJS[0m: tauG2: fft 14 mix start: 0/32
[36;22m[DEBUG] [39;1msnarkJS[0m: tauG2: fft 14 mix start: 1/32
[36;22m[DEBUG] [39;1msnarkJS[0m: tauG2: fft 14 mix start: 2/32
[36;22m[DEBUG] [39;1msnarkJS[0m: tauG2: fft 14 mix start: 3/32
[36;22m[DEBUG] [39;1msnarkJS[0m: tauG2: fft 14 mix start: 4/32
[36;22m[DEBUG] [39;1msnarkJS[0m: tauG2: fft 14 mix start: 5/32
[36;22m[DEBUG] [39;1msnarkJS[0m: tauG2: fft 14 mix start: 6/32
[36;22m[DEBUG] [39;1msnarkJS[0m: tauG2: fft 14 mix start: 7/32
[36;22m[DEBUG] [39;1msnarkJS[0m: tauG2: fft 14 mix start: 8/32
[36;22m[DEBUG] [39;1msnarkJS[0m: tauG2: fft 14 mix start: 9/32
[36;22m[DEBUG] [39;1msnarkJS[0m: tauG2: fft 14 mix start: 10/32
[36;22m[DEBUG] [39;1msnarkJS[0m: tauG2: fft 14 mix start: 11/32
[36;22m[DEBUG] [39;1msnarkJS[0m: tauG2: fft 14 mix start: 12/32
[36;22m[DEBUG] [39;1msnarkJS[0m: tauG2: fft 14 mix start: 13/32
[36;22m[DEBUG] [39;1msnarkJS[0m: tauG2: fft 14 mix start: 14/32
[36;22m[DEBUG] [39;1msnarkJS[0m: tauG2: fft 14 mix start: 15/32
[36;22m[DEBUG] [39;1msnarkJS[0m: tauG2: fft 14 mix start: 16/32
[36;22m[DEBUG] [39;1msnarkJS[0m: tauG2: fft 14 mix start: 17/32
[36;22m[DEBUG] [39;1msnarkJS[0m: tauG2: fft 14 mix start: 18/32
[36;22m[DEBUG] [39;1msnarkJS[0m: tauG2: fft 14 mix start: 19/32
[36;22m[DEBUG] [39;1msnarkJS[0m: tauG2: fft 14 mix start: 20/32
[36;22m[DEBUG] [39;1msnarkJS[0m: tauG2: fft 14 mix start: 21/32
[36;22m[DEBUG] [39;1msnarkJS[0m: tauG2: fft 14 mix start: 22/32
[36;22m[DEBUG] [39;1msnarkJS[0m: tauG2: fft 14 mix start: 23/32
[36;22m[DEBUG] [39;1msnarkJS[0m: tauG2: fft 14 mix start: 24/32
[36;22m[DEBUG] [39;1msnarkJS[0m: tauG2: fft 14 mix start: 25/32
[36;22m[DEBUG] [39;1msnarkJS[0m: tauG2: fft 14 mix start: 26/32
[36;22m[DEBUG] [39;1msnarkJS[0m: tauG2: fft 14 mix start: 27/32
[36;22m[DEBUG] [39;1msnarkJS[0m: tauG2: fft 14 mix start: 28/32
[36;22m[DEBUG] [39;1msnarkJS[0m: tauG2: fft 14 mix start: 29/32
[36;22m[DEBUG] [39;1msnarkJS[0m: tauG2: fft 14 mix start: 30/32
[36;22m[DEBUG] [39;1msnarkJS[0m: tauG2: fft 14 mix start: 31/32
[36;22m[DEBUG] [39;1msnarkJS[0m: tauG2: fft 14 mix end: 15/32
[36;22m[DEBUG] [39;1msnarkJS[0m: tauG2: fft 14 mix end: 1/32
[36;22m[DEBUG] [39;1msnarkJS[0m: tauG2: fft 14 mix end: 3/32
[36;22m[DEBUG] [39;1msnarkJS[0m: tauG2: fft 14 mix end: 10/32
[36;22m[DEBUG] [39;1msnarkJS[0m: tauG2: fft 14 mix end: 17/32
[36;22m[DEBUG] [39;1msnarkJS[0m: tauG2: fft 14 mix end: 4/32
[36;22m[DEBUG] [39;1msnarkJS[0m: tauG2: fft 14 mix end: 31/32
[36;22m[DEBUG] [39;1msnarkJS[0m: tauG2: fft 14 mix end: 2/32
[36;22m[DEBUG] [39;1msnarkJS[0m: tauG2: fft 14 mix end: 24/32
[36;22m[DEBUG] [39;1msnarkJS[0m: tauG2: fft 14 mix end: 29/32
[36;22m[DEBUG] [39;1msnarkJS[0m: tauG2: fft 14 mix end: 8/32
[36;22m[DEBUG] [39;1msnarkJS[0m: tauG2: fft 14 mix end: 30/32
[36;22m[DEBUG] [39;1msnarkJS[0m: tauG2: fft 14 mix end: 7/32
[36;22m[DEBUG] [39;1msnarkJS[0m: tauG2: fft 14 mix end: 19/32
[36;22m[DEBUG] [39;1msnarkJS[0m: tauG2: fft 14 mix end: 25/32
[36;22m[DEBUG] [39;1msnarkJS[0m: tauG2: fft 14 mix end: 20/32
[36;22m[DEBUG] [39;1msnarkJS[0m: tauG2: fft 14 mix end: 14/32
[36;22m[DEBUG] [39;1msnarkJS[0m: tauG2: fft 14 mix end: 11/32
[36;22m[DEBUG] [39;1msnarkJS[0m: tauG2: fft 14 mix end: 16/32
[36;22m[DEBUG] [39;1msnarkJS[0m: tauG2: fft 14 mix end: 12/32
[36;22m[DEBUG] [39;1msnarkJS[0m: tauG2: fft 14 mix end: 21/32
[36;22m[DEBUG] [39;1msnarkJS[0m: tauG2: fft 14 mix end: 6/32
[36;22m[DEBUG] [39;1msnarkJS[0m: tauG2: fft 14 mix end: 22/32
[36;22m[DEBUG] [39;1msnarkJS[0m: tauG2: fft 14 mix end: 26/32
[36;22m[DEBUG] [39;1msnarkJS[0m: tauG2: fft 14 mix end: 28/32
[36;22m[DEBUG] [39;1msnarkJS[0m: tauG2: fft 14 mix end: 0/32
[36;22m[DEBUG] [39;1msnarkJS[0m: tauG2: fft 14 mix end: 13/32
[36;22m[DEBUG] [39;1msnarkJS[0m: tauG2: fft 14 mix end: 18/32
[36;22m[DEBUG] [39;1msnarkJS[0m: tauG2: fft 14 mix end: 23/32
[36;22m[DEBUG] [39;1msnarkJS[0m: tauG2: fft 14 mix end: 5/32
[36;22m[DEBUG] [39;1msnarkJS[0m: tauG2: fft 14 mix end: 27/32
[36;22m[DEBUG] [39;1msnarkJS[0m: tauG2: fft 14 mix end: 9/32
[36;22m[DEBUG] [39;1msnarkJS[0m: tauG2: fft  14  join: 10/14
[36;22m[DEBUG] [39;1msnarkJS[0m: tauG2: fft 14 join  10/14  5/16 0/1
[36;22m[DEBUG] [39;1msnarkJS[0m: tauG2: fft 14 join  10/14  16/16 0/1
[36;22m[DEBUG] [39;1msnarkJS[0m: tauG2: fft 14 join  10/14  4/16 0/1
[36;22m[DEBUG] [39;1msnarkJS[0m: tauG2: fft 14 join  10/14  11/16 0/1
[36;22m[DEBUG] [39;1msnarkJS[0m: tauG2: fft 14 join  10/14  10/16 0/1
[36;22m[DEBUG] [39;1msnarkJS[0m: tauG2: fft 14 join  10/14  1/16 0/1
[36;22m[DEBUG] [39;1msnarkJS[0m: tauG2: fft 14 join  10/14  15/16 0/1
[36;22m[DEBUG] [39;1msnarkJS[0m: tauG2: fft 14 join  10/14  3/16 0/1
[36;22m[DEBUG] [39;1msnarkJS[0m: tauG2: fft 14 join  10/14  6/16 0/1
[36;22m[DEBUG] [39;1msnarkJS[0m: tauG2: fft 14 join  10/14  2/16 0/1
[36;22m[DEBUG] [39;1msnarkJS[0m: tauG2: fft 14 join  10/14  12/16 0/1
[36;22m[DEBUG] [39;1msnarkJS[0m: tauG2: fft 14 join  10/14  8/16 0/1
[36;22m[DEBUG] [39;1msnarkJS[0m: tauG2: fft 14 join  10/14  9/16 0/1
[36;22m[DEBUG] [39;1msnarkJS[0m: tauG2: fft 14 join  10/14  7/16 0/1
[36;22m[DEBUG] [39;1msnarkJS[0m: tauG2: fft 14 join  10/14  14/16 0/1
[36;22m[DEBUG] [39;1msnarkJS[0m: tauG2: fft 14 join  10/14  13/16 0/1
[36;22m[DEBUG] [39;1msnarkJS[0m: tauG2: fft  14  join: 11/14
[36;22m[DEBUG] [39;1msnarkJS[0m: tauG2: fft 14 join  11/14  2/8 1/2
[36;22m[DEBUG] [39;1msnarkJS[0m: tauG2: fft 14 join  11/14  8/8 1/2
[36;22m[DEBUG] [39;1msnarkJS[0m: tauG2: fft 14 join  11/14  1/8 1/2
[36;22m[DEBUG] [39;1msnarkJS[0m: tauG2: fft 14 join  11/14  6/8 1/2
[36;22m[DEBUG] [39;1msnarkJS[0m: tauG2: fft 14 join  11/14  3/8 0/2
[36;22m[DEBUG] [39;1msnarkJS[0m: tauG2: fft 14 join  11/14  5/8 1/2
[36;22m[DEBUG] [39;1msnarkJS[0m: tauG2: fft 14 join  11/14  6/8 0/2
[36;22m[DEBUG] [39;1msnarkJS[0m: tauG2: fft 14 join  11/14  5/8 0/2
[36;22m[DEBUG] [39;1msnarkJS[0m: tauG2: fft 14 join  11/14  8/8 0/2
[36;22m[DEBUG] [39;1msnarkJS[0m: tauG2: fft 14 join  11/14  1/8 0/2
[36;22m[DEBUG] [39;1msnarkJS[0m: tauG2: fft 14 join  11/14  4/8 0/2
[36;22m[DEBUG] [39;1msnarkJS[0m: tauG2: fft 14 join  11/14  2/8 0/2
[36;22m[DEBUG] [39;1msnarkJS[0m: tauG2: fft 14 join  11/14  3/8 1/2
[36;22m[DEBUG] [39;1msnarkJS[0m: tauG2: fft 14 join  11/14  4/8 1/2
[36;22m[DEBUG] [39;1msnarkJS[0m: tauG2: fft 14 join  11/14  7/8 1/2
[36;22m[DEBUG] [39;1msnarkJS[0m: tauG2: fft 14 join  11/14  7/8 0/2
[36;22m[DEBUG] [39;1msnarkJS[0m: tauG2: fft  14  join: 12/14
[36;22m[DEBUG] [39;1msnarkJS[0m: tauG2: fft 14 join  12/14  3/4 2/4
[36;22m[DEBUG] [39;1msnarkJS[0m: tauG2: fft 14 join  12/14  4/4 2/4
[36;22m[DEBUG] [39;1msnarkJS[0m: tauG2: fft 14 join  12/14  2/4 0/4
[36;22m[DEBUG] [39;1msnarkJS[0m: tauG2: fft 14 join  12/14  1/4 1/4
[36;22m[DEBUG] [39;1msnarkJS[0m: tauG2: fft 14 join  12/14  1/4 3/4
[36;22m[DEBUG] [39;1msnarkJS[0m: tauG2: fft 14 join  12/14  4/4 3/4
[36;22m[DEBUG] [39;1msnarkJS[0m: tauG2: fft 14 join  12/14  3/4 3/4
[36;22m[DEBUG] [39;1msnarkJS[0m: tauG2: fft 14 join  12/14  3/4 1/4
[36;22m[DEBUG] [39;1msnarkJS[0m: tauG2: fft 14 join  12/14  2/4 2/4
[36;22m[DEBUG] [39;1msnarkJS[0m: tauG2: fft 14 join  12/14  3/4 0/4
[36;22m[DEBUG] [39;1msnarkJS[0m: tauG2: fft 14 join  12/14  1/4 2/4
[36;22m[DEBUG] [39;1msnarkJS[0m: tauG2: fft 14 join  12/14  1/4 0/4
[36;22m[DEBUG] [39;1msnarkJS[0m: tauG2: fft 14 join  12/14  2/4 1/4
[36;22m[DEBUG] [39;1msnarkJS[0m: tauG2: fft 14 join  12/14  2/4 3/4
[36;22m[DEBUG] [39;1msnarkJS[0m: tauG2: fft 14 join  12/14  4/4 1/4
[36;22m[DEBUG] [39;1msnarkJS[0m: tauG2: fft 14 join  12/14  4/4 0/4
[36;22m[DEBUG] [39;1msnarkJS[0m: tauG2: fft  14  join: 13/14
[36;22m[DEBUG] [39;1msnarkJS[0m: tauG2: fft 14 join  13/14  1/2 4/8
[36;22m[DEBUG] [39;1msnarkJS[0m: tauG2: fft 14 join  13/14  2/2 3/8
[36;22m[DEBUG] [39;1msnarkJS[0m: tauG2: fft 14 join  13/14  2/2 7/8
[36;22m[DEBUG] [39;1msnarkJS[0m: tauG2: fft 14 join  13/14  1/2 3/8
[36;22m[DEBUG] [39;1msnarkJS[0m: tauG2: fft 14 join  13/14  2/2 2/8
[36;22m[DEBUG] [39;1msnarkJS[0m: tauG2: fft 14 join  13/14  2/2 6/8
[36;22m[DEBUG] [39;1msnarkJS[0m: tauG2: fft 14 join  13/14  1/2 0/8
[36;22m[DEBUG] [39;1msnarkJS[0m: tauG2: fft 14 join  13/14  2/2 0/8
[36;22m[DEBUG] [39;1msnarkJS[0m: tauG2: fft 14 join  13/14  2/2 1/8
[36;22m[DEBUG] [39;1msnarkJS[0m: tauG2: fft 14 join  13/14  1/2 1/8
[36;22m[DEBUG] [39;1msnarkJS[0m: tauG2: fft 14 join  13/14  1/2 2/8
[36;22m[DEBUG] [39;1msnarkJS[0m: tauG2: fft 14 join  13/14  1/2 6/8
[36;22m[DEBUG] [39;1msnarkJS[0m: tauG2: fft 14 join  13/14  1/2 5/8
[36;22m[DEBUG] [39;1msnarkJS[0m: tauG2: fft 14 join  13/14  1/2 7/8
[36;22m[DEBUG] [39;1msnarkJS[0m: tauG2: fft 14 join  13/14  2/2 4/8
[36;22m[DEBUG] [39;1msnarkJS[0m: tauG2: fft 14 join  13/14  2/2 5/8
[36;22m[DEBUG] [39;1msnarkJS[0m: tauG2: fft  14  join: 14/14
[36;22m[DEBUG] [39;1msnarkJS[0m: tauG2: fft 14 join  14/14  1/1 10/16
[36;22m[DEBUG] [39;1msnarkJS[0m: tauG2: fft 14 join  14/14  1/1 15/16
[36;22m[DEBUG] [39;1msnarkJS[0m: tauG2: fft 14 join  14/14  1/1 14/16
[36;22m[DEBUG] [39;1msnarkJS[0m: tauG2: fft 14 join  14/14  1/1 1/16
[36;22m[DEBUG] [39;1msnarkJS[0m: tauG2: fft 14 join  14/14  1/1 9/16
[36;22m[DEBUG] [39;1msnarkJS[0m: tauG2: fft 14 join  14/14  1/1 3/16
[36;22m[DEBUG] [39;1msnarkJS[0m: tauG2: fft 14 join  14/14  1/1 0/16
[36;22m[DEBUG] [39;1msnarkJS[0m: tauG2: fft 14 join  14/14  1/1 4/16
[36;22m[DEBUG] [39;1msnarkJS[0m: tauG2: fft 14 join  14/14  1/1 2/16
[36;22m[DEBUG] [39;1msnarkJS[0m: tauG2: fft 14 join  14/14  1/1 6/16
[36;22m[DEBUG] [39;1msnarkJS[0m: tauG2: fft 14 join  14/14  1/1 7/16
[36;22m[DEBUG] [39;1msnarkJS[0m: tauG2: fft 14 join  14/14  1/1 8/16
[36;22m[DEBUG] [39;1msnarkJS[0m: tauG2: fft 14 join  14/14  1/1 11/16
[36;22m[DEBUG] [39;1msnarkJS[0m: tauG2: fft 14 join  14/14  1/1 5/16
[36;22m[DEBUG] [39;1msnarkJS[0m: tauG2: fft 14 join  14/14  1/1 13/16
[36;22m[DEBUG] [39;1msnarkJS[0m: tauG2: fft 14 join  14/14  1/1 12/16
[36;22m[DEBUG] [39;1msnarkJS[0m: tauG2: fft 15 mix start: 0/32
[36;22m[DEBUG] [39;1msnarkJS[0m: tauG2: fft 15 mix start: 1/32
[36;22m[DEBUG] [39;1msnarkJS[0m: tauG2: fft 15 mix start: 2/32
[36;22m[DEBUG] [39;1msnarkJS[0m: tauG2: fft 15 mix start: 3/32
[36;22m[DEBUG] [39;1msnarkJS[0m: tauG2: fft 15 mix start: 4/32
[36;22m[DEBUG] [39;1msnarkJS[0m: tauG2: fft 15 mix start: 5/32
[36;22m[DEBUG] [39;1msnarkJS[0m: tauG2: fft 15 mix start: 6/32
[36;22m[DEBUG] [39;1msnarkJS[0m: tauG2: fft 15 mix start: 7/32
[36;22m[DEBUG] [39;1msnarkJS[0m: tauG2: fft 15 mix start: 8/32
[36;22m[DEBUG] [39;1msnarkJS[0m: tauG2: fft 15 mix start: 9/32
[36;22m[DEBUG] [39;1msnarkJS[0m: tauG2: fft 15 mix start: 10/32
[36;22m[DEBUG] [39;1msnarkJS[0m: tauG2: fft 15 mix start: 11/32
[36;22m[DEBUG] [39;1msnarkJS[0m: tauG2: fft 15 mix start: 12/32
[36;22m[DEBUG] [39;1msnarkJS[0m: tauG2: fft 15 mix start: 13/32
[36;22m[DEBUG] [39;1msnarkJS[0m: tauG2: fft 15 mix start: 14/32
[36;22m[DEBUG] [39;1msnarkJS[0m: tauG2: fft 15 mix start: 15/32
[36;22m[DEBUG] [39;1msnarkJS[0m: tauG2: fft 15 mix start: 16/32
[36;22m[DEBUG] [39;1msnarkJS[0m: tauG2: fft 15 mix start: 17/32
[36;22m[DEBUG] [39;1msnarkJS[0m: tauG2: fft 15 mix start: 18/32
[36;22m[DEBUG] [39;1msnarkJS[0m: tauG2: fft 15 mix start: 19/32
[36;22m[DEBUG] [39;1msnarkJS[0m: tauG2: fft 15 mix start: 20/32
[36;22m[DEBUG] [39;1msnarkJS[0m: tauG2: fft 15 mix start: 21/32
[36;22m[DEBUG] [39;1msnarkJS[0m: tauG2: fft 15 mix start: 22/32
[36;22m[DEBUG] [39;1msnarkJS[0m: tauG2: fft 15 mix start: 23/32
[36;22m[DEBUG] [39;1msnarkJS[0m: tauG2: fft 15 mix start: 24/32
[36;22m[DEBUG] [39;1msnarkJS[0m: tauG2: fft 15 mix start: 25/32
[36;22m[DEBUG] [39;1msnarkJS[0m: tauG2: fft 15 mix start: 26/32
[36;22m[DEBUG] [39;1msnarkJS[0m: tauG2: fft 15 mix start: 27/32
[36;22m[DEBUG] [39;1msnarkJS[0m: tauG2: fft 15 mix start: 28/32
[36;22m[DEBUG] [39;1msnarkJS[0m: tauG2: fft 15 mix start: 29/32
[36;22m[DEBUG] [39;1msnarkJS[0m: tauG2: fft 15 mix start: 30/32
[36;22m[DEBUG] [39;1msnarkJS[0m: tauG2: fft 15 mix start: 31/32
[36;22m[DEBUG] [39;1msnarkJS[0m: tauG2: fft 15 mix end: 0/32
[36;22m[DEBUG] [39;1msnarkJS[0m: tauG2: fft 15 mix end: 21/32
[36;22m[DEBUG] [39;1msnarkJS[0m: tauG2: fft 15 mix end: 11/32
[36;22m[DEBUG] [39;1msnarkJS[0m: tauG2: fft 15 mix end: 13/32
[36;22m[DEBUG] [39;1msnarkJS[0m: tauG2: fft 15 mix end: 17/32
[36;22m[DEBUG] [39;1msnarkJS[0m: tauG2: fft 15 mix end: 15/32
[36;22m[DEBUG] [39;1msnarkJS[0m: tauG2: fft 15 mix end: 29/32
[36;22m[DEBUG] [39;1msnarkJS[0m: tauG2: fft 15 mix end: 26/32
[36;22m[DEBUG] [39;1msnarkJS[0m: tauG2: fft 15 mix end: 20/32
[36;22m[DEBUG] [39;1msnarkJS[0m: tauG2: fft 15 mix end: 4/32
[36;22m[DEBUG] [39;1msnarkJS[0m: tauG2: fft 15 mix end: 7/32
[36;22m[DEBUG] [39;1msnarkJS[0m: tauG2: fft 15 mix end: 24/32
[36;22m[DEBUG] [39;1msnarkJS[0m: tauG2: fft 15 mix end: 27/32
[36;22m[DEBUG] [39;1msnarkJS[0m: tauG2: fft 15 mix end: 3/32
[36;22m[DEBUG] [39;1msnarkJS[0m: tauG2: fft 15 mix end: 6/32
[36;22m[DEBUG] [39;1msnarkJS[0m: tauG2: fft 15 mix end: 22/32
[36;22m[DEBUG] [39;1msnarkJS[0m: tauG2: fft 15 mix end: 8/32
[36;22m[DEBUG] [39;1msnarkJS[0m: tauG2: fft 15 mix end: 31/32
[36;22m[DEBUG] [39;1msnarkJS[0m: tauG2: fft 15 mix end: 1/32
[36;22m[DEBUG] [39;1msnarkJS[0m: tauG2: fft 15 mix end: 23/32
[36;22m[DEBUG] [39;1msnarkJS[0m: tauG2: fft 15 mix end: 9/32
[36;22m[DEBUG] [39;1msnarkJS[0m: tauG2: fft 15 mix end: 25/32
[36;22m[DEBUG] [39;1msnarkJS[0m: tauG2: fft 15 mix end: 10/32
[36;22m[DEBUG] [39;1msnarkJS[0m: tauG2: fft 15 mix end: 5/32
[36;22m[DEBUG] [39;1msnarkJS[0m: tauG2: fft 15 mix end: 19/32
[36;22m[DEBUG] [39;1msnarkJS[0m: tauG2: fft 15 mix end: 30/32
[36;22m[DEBUG] [39;1msnarkJS[0m: tauG2: fft 15 mix end: 14/32
[36;22m[DEBUG] [39;1msnarkJS[0m: tauG2: fft 15 mix end: 12/32
[36;22m[DEBUG] [39;1msnarkJS[0m: tauG2: fft 15 mix end: 18/32
[36;22m[DEBUG] [39;1msnarkJS[0m: tauG2: fft 15 mix end: 16/32
[36;22m[DEBUG] [39;1msnarkJS[0m: tauG2: fft 15 mix end: 28/32
[36;22m[DEBUG] [39;1msnarkJS[0m: tauG2: fft 15 mix end: 2/32
[36;22m[DEBUG] [39;1msnarkJS[0m: tauG2: fft  15  join: 11/15
[36;22m[DEBUG] [39;1msnarkJS[0m: tauG2: fft 15 join  11/15  9/16 0/1
[36;22m[DEBUG] [39;1msnarkJS[0m: tauG2: fft 15 join  11/15  12/16 0/1
[36;22m[DEBUG] [39;1msnarkJS[0m: tauG2: fft 15 join  11/15  13/16 0/1
[36;22m[DEBUG] [39;1msnarkJS[0m: tauG2: fft 15 join  11/15  5/16 0/1
[36;22m[DEBUG] [39;1msnarkJS[0m: tauG2: fft 15 join  11/15  11/16 0/1
[36;22m[DEBUG] [39;1msnarkJS[0m: tauG2: fft 15 join  11/15  15/16 0/1
[36;22m[DEBUG] [39;1msnarkJS[0m: tauG2: fft 15 join  11/15  1/16 0/1
[36;22m[DEBUG] [39;1msnarkJS[0m: tauG2: fft 15 join  11/15  4/16 0/1
[36;22m[DEBUG] [39;1msnarkJS[0m: tauG2: fft 15 join  11/15  2/16 0/1
[36;22m[DEBUG] [39;1msnarkJS[0m: tauG2: fft 15 join  11/15  14/16 0/1
[36;22m[DEBUG] [39;1msnarkJS[0m: tauG2: fft 15 join  11/15  10/16 0/1
[36;22m[DEBUG] [39;1msnarkJS[0m: tauG2: fft 15 join  11/15  3/16 0/1
[36;22m[DEBUG] [39;1msnarkJS[0m: tauG2: fft 15 join  11/15  16/16 0/1
[36;22m[DEBUG] [39;1msnarkJS[0m: tauG2: fft 15 join  11/15  7/16 0/1
[36;22m[DEBUG] [39;1msnarkJS[0m: tauG2: fft 15 join  11/15  6/16 0/1
[36;22m[DEBUG] [39;1msnarkJS[0m: tauG2: fft 15 join  11/15  8/16 0/1
[36;22m[DEBUG] [39;1msnarkJS[0m: tauG2: fft  15  join: 12/15
[36;22m[DEBUG] [39;1msnarkJS[0m: tauG2: fft 15 join  12/15  6/8 1/2
[36;22m[DEBUG] [39;1msnarkJS[0m: tauG2: fft 15 join  12/15  6/8 0/2
[36;22m[DEBUG] [39;1msnarkJS[0m: tauG2: fft 15 join  12/15  2/8 1/2
[36;22m[DEBUG] [39;1msnarkJS[0m: tauG2: fft 15 join  12/15  7/8 1/2
[36;22m[DEBUG] [39;1msnarkJS[0m: tauG2: fft 15 join  12/15  3/8 0/2
[36;22m[DEBUG] [39;1msnarkJS[0m: tauG2: fft 15 join  12/15  8/8 0/2
[36;22m[DEBUG] [39;1msnarkJS[0m: tauG2: fft 15 join  12/15  5/8 0/2
[36;22m[DEBUG] [39;1msnarkJS[0m: tauG2: fft 15 join  12/15  1/8 0/2
[36;22m[DEBUG] [39;1msnarkJS[0m: tauG2: fft 15 join  12/15  7/8 0/2
[36;22m[DEBUG] [39;1msnarkJS[0m: tauG2: fft 15 join  12/15  2/8 0/2
[36;22m[DEBUG] [39;1msnarkJS[0m: tauG2: fft 15 join  12/15  8/8 1/2
[36;22m[DEBUG] [39;1msnarkJS[0m: tauG2: fft 15 join  12/15  4/8 0/2
[36;22m[DEBUG] [39;1msnarkJS[0m: tauG2: fft 15 join  12/15  5/8 1/2
[36;22m[DEBUG] [39;1msnarkJS[0m: tauG2: fft 15 join  12/15  3/8 1/2
[36;22m[DEBUG] [39;1msnarkJS[0m: tauG2: fft 15 join  12/15  1/8 1/2
[36;22m[DEBUG] [39;1msnarkJS[0m: tauG2: fft 15 join  12/15  4/8 1/2
[36;22m[DEBUG] [39;1msnarkJS[0m: tauG2: fft  15  join: 13/15
[36;22m[DEBUG] [39;1msnarkJS[0m: tauG2: fft 15 join  13/15  1/4 0/4
[36;22m[DEBUG] [39;1msnarkJS[0m: tauG2: fft 15 join  13/15  3/4 0/4
[36;22m[DEBUG] [39;1msnarkJS[0m: tauG2: fft 15 join  13/15  1/4 1/4
[36;22m[DEBUG] [39;1msnarkJS[0m: tauG2: fft 15 join  13/15  1/4 3/4
[36;22m[DEBUG] [39;1msnarkJS[0m: tauG2: fft 15 join  13/15  2/4 0/4
[36;22m[DEBUG] [39;1msnarkJS[0m: tauG2: fft 15 join  13/15  3/4 3/4
[36;22m[DEBUG] [39;1msnarkJS[0m: tauG2: fft 15 join  13/15  4/4 2/4
[36;22m[DEBUG] [39;1msnarkJS[0m: tauG2: fft 15 join  13/15  4/4 0/4
[36;22m[DEBUG] [39;1msnarkJS[0m: tauG2: fft 15 join  13/15  3/4 1/4
[36;22m[DEBUG] [39;1msnarkJS[0m: tauG2: fft 15 join  13/15  4/4 1/4
[36;22m[DEBUG] [39;1msnarkJS[0m: tauG2: fft 15 join  13/15  4/4 3/4
[36;22m[DEBUG] [39;1msnarkJS[0m: tauG2: fft 15 join  13/15  1/4 2/4
[36;22m[DEBUG] [39;1msnarkJS[0m: tauG2: fft 15 join  13/15  3/4 2/4
[36;22m[DEBUG] [39;1msnarkJS[0m: tauG2: fft 15 join  13/15  2/4 2/4
[36;22m[DEBUG] [39;1msnarkJS[0m: tauG2: fft 15 join  13/15  2/4 1/4
[36;22m[DEBUG] [39;1msnarkJS[0m: tauG2: fft 15 join  13/15  2/4 3/4
[36;22m[DEBUG] [39;1msnarkJS[0m: tauG2: fft  15  join: 14/15
[36;22m[DEBUG] [39;1msnarkJS[0m: tauG2: fft 15 join  14/15  2/2 0/8
[36;22m[DEBUG] [39;1msnarkJS[0m: tauG2: fft 15 join  14/15  1/2 0/8
[36;22m[DEBUG] [39;1msnarkJS[0m: tauG2: fft 15 join  14/15  1/2 1/8
[36;22m[DEBUG] [39;1msnarkJS[0m: tauG2: fft 15 join  14/15  1/2 3/8
[36;22m[DEBUG] [39;1msnarkJS[0m: tauG2: fft 15 join  14/15  1/2 4/8
[36;22m[DEBUG] [39;1msnarkJS[0m: tauG2: fft 15 join  14/15  2/2 2/8
[36;22m[DEBUG] [39;1msnarkJS[0m: tauG2: fft 15 join  14/15  2/2 3/8
[36;22m[DEBUG] [39;1msnarkJS[0m: tauG2: fft 15 join  14/15  2/2 1/8
[36;22m[DEBUG] [39;1msnarkJS[0m: tauG2: fft 15 join  14/15  2/2 5/8
[36;22m[DEBUG] [39;1msnarkJS[0m: tauG2: fft 15 join  14/15  2/2 6/8
[36;22m[DEBUG] [39;1msnarkJS[0m: tauG2: fft 15 join  14/15  2/2 7/8
[36;22m[DEBUG] [39;1msnarkJS[0m: tauG2: fft 15 join  14/15  2/2 4/8
[36;22m[DEBUG] [39;1msnarkJS[0m: tauG2: fft 15 join  14/15  1/2 2/8
[36;22m[DEBUG] [39;1msnarkJS[0m: tauG2: fft 15 join  14/15  1/2 5/8
[36;22m[DEBUG] [39;1msnarkJS[0m: tauG2: fft 15 join  14/15  1/2 6/8
[36;22m[DEBUG] [39;1msnarkJS[0m: tauG2: fft 15 join  14/15  1/2 7/8
[36;22m[DEBUG] [39;1msnarkJS[0m: tauG2: fft  15  join: 15/15
[36;22m[DEBUG] [39;1msnarkJS[0m: tauG2: fft 15 join  15/15  1/1 0/16
[36;22m[DEBUG] [39;1msnarkJS[0m: tauG2: fft 15 join  15/15  1/1 8/16
[36;22m[DEBUG] [39;1msnarkJS[0m: tauG2: fft 15 join  15/15  1/1 11/16
[36;22m[DEBUG] [39;1msnarkJS[0m: tauG2: fft 15 join  15/15  1/1 1/16
[36;22m[DEBUG] [39;1msnarkJS[0m: tauG2: fft 15 join  15/15  1/1 12/16
[36;22m[DEBUG] [39;1msnarkJS[0m: tauG2: fft 15 join  15/15  1/1 15/16
[36;22m[DEBUG] [39;1msnarkJS[0m: tauG2: fft 15 join  15/15  1/1 13/16
[36;22m[DEBUG] [39;1msnarkJS[0m: tauG2: fft 15 join  15/15  1/1 10/16
[36;22m[DEBUG] [39;1msnarkJS[0m: tauG2: fft 15 join  15/15  1/1 4/16
[36;22m[DEBUG] [39;1msnarkJS[0m: tauG2: fft 15 join  15/15  1/1 14/16
[36;22m[DEBUG] [39;1msnarkJS[0m: tauG2: fft 15 join  15/15  1/1 2/16
[36;22m[DEBUG] [39;1msnarkJS[0m: tauG2: fft 15 join  15/15  1/1 6/16
[36;22m[DEBUG] [39;1msnarkJS[0m: tauG2: fft 15 join  15/15  1/1 9/16
[36;22m[DEBUG] [39;1msnarkJS[0m: tauG2: fft 15 join  15/15  1/1 3/16
[36;22m[DEBUG] [39;1msnarkJS[0m: tauG2: fft 15 join  15/15  1/1 7/16
[36;22m[DEBUG] [39;1msnarkJS[0m: tauG2: fft 15 join  15/15  1/1 5/16
[36;22m[DEBUG] [39;1msnarkJS[0m: tauG2: fft 16 mix start: 0/32
[36;22m[DEBUG] [39;1msnarkJS[0m: tauG2: fft 16 mix start: 1/32
[36;22m[DEBUG] [39;1msnarkJS[0m: tauG2: fft 16 mix start: 2/32
[36;22m[DEBUG] [39;1msnarkJS[0m: tauG2: fft 16 mix start: 3/32
[36;22m[DEBUG] [39;1msnarkJS[0m: tauG2: fft 16 mix start: 4/32
[36;22m[DEBUG] [39;1msnarkJS[0m: tauG2: fft 16 mix start: 5/32
[36;22m[DEBUG] [39;1msnarkJS[0m: tauG2: fft 16 mix start: 6/32
[36;22m[DEBUG] [39;1msnarkJS[0m: tauG2: fft 16 mix start: 7/32
[36;22m[DEBUG] [39;1msnarkJS[0m: tauG2: fft 16 mix start: 8/32
[36;22m[DEBUG] [39;1msnarkJS[0m: tauG2: fft 16 mix start: 9/32
[36;22m[DEBUG] [39;1msnarkJS[0m: tauG2: fft 16 mix start: 10/32
[36;22m[DEBUG] [39;1msnarkJS[0m: tauG2: fft 16 mix start: 11/32
[36;22m[DEBUG] [39;1msnarkJS[0m: tauG2: fft 16 mix start: 12/32
[36;22m[DEBUG] [39;1msnarkJS[0m: tauG2: fft 16 mix start: 13/32
[36;22m[DEBUG] [39;1msnarkJS[0m: tauG2: fft 16 mix start: 14/32
[36;22m[DEBUG] [39;1msnarkJS[0m: tauG2: fft 16 mix start: 15/32
[36;22m[DEBUG] [39;1msnarkJS[0m: tauG2: fft 16 mix start: 16/32
[36;22m[DEBUG] [39;1msnarkJS[0m: tauG2: fft 16 mix start: 17/32
[36;22m[DEBUG] [39;1msnarkJS[0m: tauG2: fft 16 mix start: 18/32
[36;22m[DEBUG] [39;1msnarkJS[0m: tauG2: fft 16 mix start: 19/32
[36;22m[DEBUG] [39;1msnarkJS[0m: tauG2: fft 16 mix start: 20/32
[36;22m[DEBUG] [39;1msnarkJS[0m: tauG2: fft 16 mix start: 21/32
[36;22m[DEBUG] [39;1msnarkJS[0m: tauG2: fft 16 mix start: 22/32
[36;22m[DEBUG] [39;1msnarkJS[0m: tauG2: fft 16 mix start: 23/32
[36;22m[DEBUG] [39;1msnarkJS[0m: tauG2: fft 16 mix start: 24/32
[36;22m[DEBUG] [39;1msnarkJS[0m: tauG2: fft 16 mix start: 25/32
[36;22m[DEBUG] [39;1msnarkJS[0m: tauG2: fft 16 mix start: 26/32
[36;22m[DEBUG] [39;1msnarkJS[0m: tauG2: fft 16 mix start: 27/32
[36;22m[DEBUG] [39;1msnarkJS[0m: tauG2: fft 16 mix start: 28/32
[36;22m[DEBUG] [39;1msnarkJS[0m: tauG2: fft 16 mix start: 29/32
[36;22m[DEBUG] [39;1msnarkJS[0m: tauG2: fft 16 mix start: 30/32
[36;22m[DEBUG] [39;1msnarkJS[0m: tauG2: fft 16 mix start: 31/32
[36;22m[DEBUG] [39;1msnarkJS[0m: tauG2: fft 16 mix end: 29/32
[36;22m[DEBUG] [39;1msnarkJS[0m: tauG2: fft 16 mix end: 15/32
[36;22m[DEBUG] [39;1msnarkJS[0m: tauG2: fft 16 mix end: 7/32
[36;22m[DEBUG] [39;1msnarkJS[0m: tauG2: fft 16 mix end: 28/32
[36;22m[DEBUG] [39;1msnarkJS[0m: tauG2: fft 16 mix end: 17/32
[36;22m[DEBUG] [39;1msnarkJS[0m: tauG2: fft 16 mix end: 23/32
[36;22m[DEBUG] [39;1msnarkJS[0m: tauG2: fft 16 mix end: 26/32
[36;22m[DEBUG] [39;1msnarkJS[0m: tauG2: fft 16 mix end: 20/32
[36;22m[DEBUG] [39;1msnarkJS[0m: tauG2: fft 16 mix end: 16/32
[36;22m[DEBUG] [39;1msnarkJS[0m: tauG2: fft 16 mix end: 13/32
[36;22m[DEBUG] [39;1msnarkJS[0m: tauG2: fft 16 mix end: 4/32
[36;22m[DEBUG] [39;1msnarkJS[0m: tauG2: fft 16 mix end: 6/32
[36;22m[DEBUG] [39;1msnarkJS[0m: tauG2: fft 16 mix end: 5/32
[36;22m[DEBUG] [39;1msnarkJS[0m: tauG2: fft 16 mix end: 22/32
[36;22m[DEBUG] [39;1msnarkJS[0m: tauG2: fft 16 mix end: 27/32
[36;22m[DEBUG] [39;1msnarkJS[0m: tauG2: fft 16 mix end: 21/32
[36;22m[DEBUG] [39;1msnarkJS[0m: tauG2: fft 16 mix end: 18/32
[36;22m[DEBUG] [39;1msnarkJS[0m: tauG2: fft 16 mix end: 3/32
[36;22m[DEBUG] [39;1msnarkJS[0m: tauG2: fft 16 mix end: 12/32
[36;22m[DEBUG] [39;1msnarkJS[0m: tauG2: fft 16 mix end: 14/32
[36;22m[DEBUG] [39;1msnarkJS[0m: tauG2: fft 16 mix end: 25/32
[36;22m[DEBUG] [39;1msnarkJS[0m: tauG2: fft 16 mix end: 1/32
[36;22m[DEBUG] [39;1msnarkJS[0m: tauG2: fft 16 mix end: 24/32
[36;22m[DEBUG] [39;1msnarkJS[0m: tauG2: fft 16 mix end: 31/32
[36;22m[DEBUG] [39;1msnarkJS[0m: tauG2: fft 16 mix end: 11/32
[36;22m[DEBUG] [39;1msnarkJS[0m: tauG2: fft 16 mix end: 10/32
[36;22m[DEBUG] [39;1msnarkJS[0m: tauG2: fft 16 mix end: 0/32
[36;22m[DEBUG] [39;1msnarkJS[0m: tauG2: fft 16 mix end: 2/32
[36;22m[DEBUG] [39;1msnarkJS[0m: tauG2: fft 16 mix end: 9/32
[36;22m[DEBUG] [39;1msnarkJS[0m: tauG2: fft 16 mix end: 8/32
[36;22m[DEBUG] [39;1msnarkJS[0m: tauG2: fft 16 mix end: 19/32
[36;22m[DEBUG] [39;1msnarkJS[0m: tauG2: fft 16 mix end: 30/32
[36;22m[DEBUG] [39;1msnarkJS[0m: tauG2: fft  16  join: 12/16
[36;22m[DEBUG] [39;1msnarkJS[0m: tauG2: fft 16 join  12/16  4/16 0/1
[36;22m[DEBUG] [39;1msnarkJS[0m: tauG2: fft 16 join  12/16  12/16 0/1
[36;22m[DEBUG] [39;1msnarkJS[0m: tauG2: fft 16 join  12/16  2/16 0/1
[36;22m[DEBUG] [39;1msnarkJS[0m: tauG2: fft 16 join  12/16  5/16 0/1
[36;22m[DEBUG] [39;1msnarkJS[0m: tauG2: fft 16 join  12/16  10/16 0/1
[36;22m[DEBUG] [39;1msnarkJS[0m: tauG2: fft 16 join  12/16  15/16 0/1
[36;22m[DEBUG] [39;1msnarkJS[0m: tauG2: fft 16 join  12/16  16/16 0/1
[36;22m[DEBUG] [39;1msnarkJS[0m: tauG2: fft 16 join  12/16  3/16 0/1
[36;22m[DEBUG] [39;1msnarkJS[0m: tauG2: fft 16 join  12/16  7/16 0/1
[36;22m[DEBUG] [39;1msnarkJS[0m: tauG2: fft 16 join  12/16  6/16 0/1
[36;22m[DEBUG] [39;1msnarkJS[0m: tauG2: fft 16 join  12/16  9/16 0/1
[36;22m[DEBUG] [39;1msnarkJS[0m: tauG2: fft 16 join  12/16  8/16 0/1
[36;22m[DEBUG] [39;1msnarkJS[0m: tauG2: fft 16 join  12/16  13/16 0/1
[36;22m[DEBUG] [39;1msnarkJS[0m: tauG2: fft 16 join  12/16  11/16 0/1
[36;22m[DEBUG] [39;1msnarkJS[0m: tauG2: fft 16 join  12/16  14/16 0/1
[36;22m[DEBUG] [39;1msnarkJS[0m: tauG2: fft 16 join  12/16  1/16 0/1
[36;22m[DEBUG] [39;1msnarkJS[0m: tauG2: fft  16  join: 13/16
[36;22m[DEBUG] [39;1msnarkJS[0m: tauG2: fft 16 join  13/16  2/8 1/2
[36;22m[DEBUG] [39;1msnarkJS[0m: tauG2: fft 16 join  13/16  1/8 0/2
[36;22m[DEBUG] [39;1msnarkJS[0m: tauG2: fft 16 join  13/16  1/8 1/2
[36;22m[DEBUG] [39;1msnarkJS[0m: tauG2: fft 16 join  13/16  7/8 0/2
[36;22m[DEBUG] [39;1msnarkJS[0m: tauG2: fft 16 join  13/16  3/8 0/2
[36;22m[DEBUG] [39;1msnarkJS[0m: tauG2: fft 16 join  13/16  5/8 1/2
[36;22m[DEBUG] [39;1msnarkJS[0m: tauG2: fft 16 join  13/16  4/8 0/2
[36;22m[DEBUG] [39;1msnarkJS[0m: tauG2: fft 16 join  13/16  5/8 0/2
[36;22m[DEBUG] [39;1msnarkJS[0m: tauG2: fft 16 join  13/16  2/8 0/2
[36;22m[DEBUG] [39;1msnarkJS[0m: tauG2: fft 16 join  13/16  8/8 1/2
[36;22m[DEBUG] [39;1msnarkJS[0m: tauG2: fft 16 join  13/16  6/8 0/2
[36;22m[DEBUG] [39;1msnarkJS[0m: tauG2: fft 16 join  13/16  6/8 1/2
[36;22m[DEBUG] [39;1msnarkJS[0m: tauG2: fft 16 join  13/16  3/8 1/2
[36;22m[DEBUG] [39;1msnarkJS[0m: tauG2: fft 16 join  13/16  7/8 1/2
[36;22m[DEBUG] [39;1msnarkJS[0m: tauG2: fft 16 join  13/16  4/8 1/2
[36;22m[DEBUG] [39;1msnarkJS[0m: tauG2: fft 16 join  13/16  8/8 0/2
[36;22m[DEBUG] [39;1msnarkJS[0m: tauG2: fft  16  join: 14/16
[36;22m[DEBUG] [39;1msnarkJS[0m: tauG2: fft 16 join  14/16  1/4 1/4
[36;22m[DEBUG] [39;1msnarkJS[0m: tauG2: fft 16 join  14/16  1/4 0/4
[36;22m[DEBUG] [39;1msnarkJS[0m: tauG2: fft 16 join  14/16  4/4 0/4
[36;22m[DEBUG] [39;1msnarkJS[0m: tauG2: fft 16 join  14/16  1/4 3/4
[36;22m[DEBUG] [39;1msnarkJS[0m: tauG2: fft 16 join  14/16  3/4 3/4
[36;22m[DEBUG] [39;1msnarkJS[0m: tauG2: fft 16 join  14/16  4/4 2/4
[36;22m[DEBUG] [39;1msnarkJS[0m: tauG2: fft 16 join  14/16  2/4 0/4
[36;22m[DEBUG] [39;1msnarkJS[0m: tauG2: fft 16 join  14/16  4/4 1/4
[36;22m[DEBUG] [39;1msnarkJS[0m: tauG2: fft 16 join  14/16  3/4 1/4
[36;22m[DEBUG] [39;1msnarkJS[0m: tauG2: fft 16 join  14/16  3/4 0/4
[36;22m[DEBUG] [39;1msnarkJS[0m: tauG2: fft 16 join  14/16  1/4 2/4
[36;22m[DEBUG] [39;1msnarkJS[0m: tauG2: fft 16 join  14/16  2/4 2/4
[36;22m[DEBUG] [39;1msnarkJS[0m: tauG2: fft 16 join  14/16  3/4 2/4
[36;22m[DEBUG] [39;1msnarkJS[0m: tauG2: fft 16 join  14/16  4/4 3/4
[36;22m[DEBUG] [39;1msnarkJS[0m: tauG2: fft 16 join  14/16  2/4 1/4
[36;22m[DEBUG] [39;1msnarkJS[0m: tauG2: fft 16 join  14/16  2/4 3/4
[36;22m[DEBUG] [39;1msnarkJS[0m: tauG2: fft  16  join: 15/16
[36;22m[DEBUG] [39;1msnarkJS[0m: tauG2: fft 16 join  15/16  1/2 3/8
[36;22m[DEBUG] [39;1msnarkJS[0m: tauG2: fft 16 join  15/16  2/2 4/8
[36;22m[DEBUG] [39;1msnarkJS[0m: tauG2: fft 16 join  15/16  1/2 4/8
[36;22m[DEBUG] [39;1msnarkJS[0m: tauG2: fft 16 join  15/16  1/2 0/8
[36;22m[DEBUG] [39;1msnarkJS[0m: tauG2: fft 16 join  15/16  1/2 1/8
[36;22m[DEBUG] [39;1msnarkJS[0m: tauG2: fft 16 join  15/16  2/2 5/8
[36;22m[DEBUG] [39;1msnarkJS[0m: tauG2: fft 16 join  15/16  2/2 6/8
[36;22m[DEBUG] [39;1msnarkJS[0m: tauG2: fft 16 join  15/16  2/2 1/8
[36;22m[DEBUG] [39;1msnarkJS[0m: tauG2: fft 16 join  15/16  1/2 2/8
[36;22m[DEBUG] [39;1msnarkJS[0m: tauG2: fft 16 join  15/16  2/2 2/8
[36;22m[DEBUG] [39;1msnarkJS[0m: tauG2: fft 16 join  15/16  2/2 0/8
[36;22m[DEBUG] [39;1msnarkJS[0m: tauG2: fft 16 join  15/16  1/2 6/8
[36;22m[DEBUG] [39;1msnarkJS[0m: tauG2: fft 16 join  15/16  2/2 3/8
[36;22m[DEBUG] [39;1msnarkJS[0m: tauG2: fft 16 join  15/16  2/2 7/8
[36;22m[DEBUG] [39;1msnarkJS[0m: tauG2: fft 16 join  15/16  1/2 5/8
[36;22m[DEBUG] [39;1msnarkJS[0m: tauG2: fft 16 join  15/16  1/2 7/8
[36;22m[DEBUG] [39;1msnarkJS[0m: tauG2: fft  16  join: 16/16
[36;22m[DEBUG] [39;1msnarkJS[0m: tauG2: fft 16 join  16/16  1/1 0/16
[36;22m[DEBUG] [39;1msnarkJS[0m: tauG2: fft 16 join  16/16  1/1 11/16
[36;22m[DEBUG] [39;1msnarkJS[0m: tauG2: fft 16 join  16/16  1/1 12/16
[36;22m[DEBUG] [39;1msnarkJS[0m: tauG2: fft 16 join  16/16  1/1 1/16
[36;22m[DEBUG] [39;1msnarkJS[0m: tauG2: fft 16 join  16/16  1/1 13/16
[36;22m[DEBUG] [39;1msnarkJS[0m: tauG2: fft 16 join  16/16  1/1 9/16
[36;22m[DEBUG] [39;1msnarkJS[0m: tauG2: fft 16 join  16/16  1/1 8/16
[36;22m[DEBUG] [39;1msnarkJS[0m: tauG2: fft 16 join  16/16  1/1 4/16
[36;22m[DEBUG] [39;1msnarkJS[0m: tauG2: fft 16 join  16/16  1/1 14/16
[36;22m[DEBUG] [39;1msnarkJS[0m: tauG2: fft 16 join  16/16  1/1 15/16
[36;22m[DEBUG] [39;1msnarkJS[0m: tauG2: fft 16 join  16/16  1/1 3/16
[36;22m[DEBUG] [39;1msnarkJS[0m: tauG2: fft 16 join  16/16  1/1 10/16
[36;22m[DEBUG] [39;1msnarkJS[0m: tauG2: fft 16 join  16/16  1/1 2/16
[36;22m[DEBUG] [39;1msnarkJS[0m: tauG2: fft 16 join  16/16  1/1 6/16
[36;22m[DEBUG] [39;1msnarkJS[0m: tauG2: fft 16 join  16/16  1/1 7/16
[36;22m[DEBUG] [39;1msnarkJS[0m: tauG2: fft 16 join  16/16  1/1 5/16
[36;22m[DEBUG] [39;1msnarkJS[0m: tauG2: fft 17 mix start: 0/32
[36;22m[DEBUG] [39;1msnarkJS[0m: tauG2: fft 17 mix start: 1/32
[36;22m[DEBUG] [39;1msnarkJS[0m: tauG2: fft 17 mix start: 2/32
[36;22m[DEBUG] [39;1msnarkJS[0m: tauG2: fft 17 mix start: 3/32
[36;22m[DEBUG] [39;1msnarkJS[0m: tauG2: fft 17 mix start: 4/32
[36;22m[DEBUG] [39;1msnarkJS[0m: tauG2: fft 17 mix start: 5/32
[36;22m[DEBUG] [39;1msnarkJS[0m: tauG2: fft 17 mix start: 6/32
[36;22m[DEBUG] [39;1msnarkJS[0m: tauG2: fft 17 mix start: 7/32
[36;22m[DEBUG] [39;1msnarkJS[0m: tauG2: fft 17 mix start: 8/32
[36;22m[DEBUG] [39;1msnarkJS[0m: tauG2: fft 17 mix start: 9/32
[36;22m[DEBUG] [39;1msnarkJS[0m: tauG2: fft 17 mix start: 10/32
[36;22m[DEBUG] [39;1msnarkJS[0m: tauG2: fft 17 mix start: 11/32
[36;22m[DEBUG] [39;1msnarkJS[0m: tauG2: fft 17 mix start: 12/32
[36;22m[DEBUG] [39;1msnarkJS[0m: tauG2: fft 17 mix start: 13/32
[36;22m[DEBUG] [39;1msnarkJS[0m: tauG2: fft 17 mix start: 14/32
[36;22m[DEBUG] [39;1msnarkJS[0m: tauG2: fft 17 mix start: 15/32
[36;22m[DEBUG] [39;1msnarkJS[0m: tauG2: fft 17 mix start: 16/32
[36;22m[DEBUG] [39;1msnarkJS[0m: tauG2: fft 17 mix start: 17/32
[36;22m[DEBUG] [39;1msnarkJS[0m: tauG2: fft 17 mix start: 18/32
[36;22m[DEBUG] [39;1msnarkJS[0m: tauG2: fft 17 mix start: 19/32
[36;22m[DEBUG] [39;1msnarkJS[0m: tauG2: fft 17 mix start: 20/32
[36;22m[DEBUG] [39;1msnarkJS[0m: tauG2: fft 17 mix start: 21/32
[36;22m[DEBUG] [39;1msnarkJS[0m: tauG2: fft 17 mix start: 22/32
[36;22m[DEBUG] [39;1msnarkJS[0m: tauG2: fft 17 mix start: 23/32
[36;22m[DEBUG] [39;1msnarkJS[0m: tauG2: fft 17 mix start: 24/32
[36;22m[DEBUG] [39;1msnarkJS[0m: tauG2: fft 17 mix start: 25/32
[36;22m[DEBUG] [39;1msnarkJS[0m: tauG2: fft 17 mix start: 26/32
[36;22m[DEBUG] [39;1msnarkJS[0m: tauG2: fft 17 mix start: 27/32
[36;22m[DEBUG] [39;1msnarkJS[0m: tauG2: fft 17 mix start: 28/32
[36;22m[DEBUG] [39;1msnarkJS[0m: tauG2: fft 17 mix start: 29/32
[36;22m[DEBUG] [39;1msnarkJS[0m: tauG2: fft 17 mix start: 30/32
[36;22m[DEBUG] [39;1msnarkJS[0m: tauG2: fft 17 mix start: 31/32
[36;22m[DEBUG] [39;1msnarkJS[0m: tauG2: fft 17 mix end: 14/32
[36;22m[DEBUG] [39;1msnarkJS[0m: tauG2: fft 17 mix end: 20/32
[36;22m[DEBUG] [39;1msnarkJS[0m: tauG2: fft 17 mix end: 15/32
[36;22m[DEBUG] [39;1msnarkJS[0m: tauG2: fft 17 mix end: 19/32
[36;22m[DEBUG] [39;1msnarkJS[0m: tauG2: fft 17 mix end: 29/32
[36;22m[DEBUG] [39;1msnarkJS[0m: tauG2: fft 17 mix end: 5/32
[36;22m[DEBUG] [39;1msnarkJS[0m: tauG2: fft 17 mix end: 27/32
[36;22m[DEBUG] [39;1msnarkJS[0m: tauG2: fft 17 mix end: 3/32
[36;22m[DEBUG] [39;1msnarkJS[0m: tauG2: fft 17 mix end: 6/32
[36;22m[DEBUG] [39;1msnarkJS[0m: tauG2: fft 17 mix end: 1/32
[36;22m[DEBUG] [39;1msnarkJS[0m: tauG2: fft 17 mix end: 16/32
[36;22m[DEBUG] [39;1msnarkJS[0m: tauG2: fft 17 mix end: 31/32
[36;22m[DEBUG] [39;1msnarkJS[0m: tauG2: fft 17 mix end: 28/32
[36;22m[DEBUG] [39;1msnarkJS[0m: tauG2: fft 17 mix end: 18/32
[36;22m[DEBUG] [39;1msnarkJS[0m: tauG2: fft 17 mix end: 30/32
[36;22m[DEBUG] [39;1msnarkJS[0m: tauG2: fft 17 mix end: 23/32
[36;22m[DEBUG] [39;1msnarkJS[0m: tauG2: fft 17 mix end: 0/32
[36;22m[DEBUG] [39;1msnarkJS[0m: tauG2: fft 17 mix end: 17/32
[36;22m[DEBUG] [39;1msnarkJS[0m: tauG2: fft 17 mix end: 2/32
[36;22m[DEBUG] [39;1msnarkJS[0m: tauG2: fft 17 mix end: 21/32
[36;22m[DEBUG] [39;1msnarkJS[0m: tauG2: fft 17 mix end: 22/32
[36;22m[DEBUG] [39;1msnarkJS[0m: tauG2: fft 17 mix end: 26/32
[36;22m[DEBUG] [39;1msnarkJS[0m: tauG2: fft 17 mix end: 9/32
[36;22m[DEBUG] [39;1msnarkJS[0m: tauG2: fft 17 mix end: 25/32
[36;22m[DEBUG] [39;1msnarkJS[0m: tauG2: fft 17 mix end: 24/32
[36;22m[DEBUG] [39;1msnarkJS[0m: tauG2: fft 17 mix end: 12/32
[36;22m[DEBUG] [39;1msnarkJS[0m: tauG2: fft 17 mix end: 4/32
[36;22m[DEBUG] [39;1msnarkJS[0m: tauG2: fft 17 mix end: 7/32
[36;22m[DEBUG] [39;1msnarkJS[0m: tauG2: fft 17 mix end: 13/32
[36;22m[DEBUG] [39;1msnarkJS[0m: tauG2: fft 17 mix end: 8/32
[36;22m[DEBUG] [39;1msnarkJS[0m: tauG2: fft 17 mix end: 11/32
[36;22m[DEBUG] [39;1msnarkJS[0m: tauG2: fft 17 mix end: 10/32
[36;22m[DEBUG] [39;1msnarkJS[0m: tauG2: fft  17  join: 13/17
[36;22m[DEBUG] [39;1msnarkJS[0m: tauG2: fft 17 join  13/17  5/16 0/1
[36;22m[DEBUG] [39;1msnarkJS[0m: tauG2: fft 17 join  13/17  12/16 0/1
[36;22m[DEBUG] [39;1msnarkJS[0m: tauG2: fft 17 join  13/17  14/16 0/1
[36;22m[DEBUG] [39;1msnarkJS[0m: tauG2: fft 17 join  13/17  4/16 0/1
[36;22m[DEBUG] [39;1msnarkJS[0m: tauG2: fft 17 join  13/17  2/16 0/1
[36;22m[DEBUG] [39;1msnarkJS[0m: tauG2: fft 17 join  13/17  11/16 0/1
[36;22m[DEBUG] [39;1msnarkJS[0m: tauG2: fft 17 join  13/17  1/16 0/1
[36;22m[DEBUG] [39;1msnarkJS[0m: tauG2: fft 17 join  13/17  15/16 0/1
[36;22m[DEBUG] [39;1msnarkJS[0m: tauG2: fft 17 join  13/17  7/16 0/1
[36;22m[DEBUG] [39;1msnarkJS[0m: tauG2: fft 17 join  13/17  16/16 0/1
[36;22m[DEBUG] [39;1msnarkJS[0m: tauG2: fft 17 join  13/17  9/16 0/1
[36;22m[DEBUG] [39;1msnarkJS[0m: tauG2: fft 17 join  13/17  10/16 0/1
[36;22m[DEBUG] [39;1msnarkJS[0m: tauG2: fft 17 join  13/17  6/16 0/1
[36;22m[DEBUG] [39;1msnarkJS[0m: tauG2: fft 17 join  13/17  13/16 0/1
[36;22m[DEBUG] [39;1msnarkJS[0m: tauG2: fft 17 join  13/17  3/16 0/1
[36;22m[DEBUG] [39;1msnarkJS[0m: tauG2: fft 17 join  13/17  8/16 0/1
[36;22m[DEBUG] [39;1msnarkJS[0m: tauG2: fft  17  join: 14/17
[36;22m[DEBUG] [39;1msnarkJS[0m: tauG2: fft 17 join  14/17  7/8 1/2
[36;22m[DEBUG] [39;1msnarkJS[0m: tauG2: fft 17 join  14/17  1/8 1/2
[36;22m[DEBUG] [39;1msnarkJS[0m: tauG2: fft 17 join  14/17  2/8 1/2
[36;22m[DEBUG] [39;1msnarkJS[0m: tauG2: fft 17 join  14/17  6/8 1/2
[36;22m[DEBUG] [39;1msnarkJS[0m: tauG2: fft 17 join  14/17  6/8 0/2
[36;22m[DEBUG] [39;1msnarkJS[0m: tauG2: fft 17 join  14/17  5/8 0/2
[36;22m[DEBUG] [39;1msnarkJS[0m: tauG2: fft 17 join  14/17  1/8 0/2
[36;22m[DEBUG] [39;1msnarkJS[0m: tauG2: fft 17 join  14/17  8/8 0/2
[36;22m[DEBUG] [39;1msnarkJS[0m: tauG2: fft 17 join  14/17  5/8 1/2
[36;22m[DEBUG] [39;1msnarkJS[0m: tauG2: fft 17 join  14/17  2/8 0/2
[36;22m[DEBUG] [39;1msnarkJS[0m: tauG2: fft 17 join  14/17  8/8 1/2
[36;22m[DEBUG] [39;1msnarkJS[0m: tauG2: fft 17 join  14/17  7/8 0/2
[36;22m[DEBUG] [39;1msnarkJS[0m: tauG2: fft 17 join  14/17  3/8 0/2
[36;22m[DEBUG] [39;1msnarkJS[0m: tauG2: fft 17 join  14/17  4/8 0/2
[36;22m[DEBUG] [39;1msnarkJS[0m: tauG2: fft 17 join  14/17  3/8 1/2
[36;22m[DEBUG] [39;1msnarkJS[0m: tauG2: fft 17 join  14/17  4/8 1/2
[36;22m[DEBUG] [39;1msnarkJS[0m: tauG2: fft  17  join: 15/17
[36;22m[DEBUG] [39;1msnarkJS[0m: tauG2: fft 17 join  15/17  2/4 2/4
[36;22m[DEBUG] [39;1msnarkJS[0m: tauG2: fft 17 join  15/17  3/4 3/4
[36;22m[DEBUG] [39;1msnarkJS[0m: tauG2: fft 17 join  15/17  3/4 2/4
[36;22m[DEBUG] [39;1msnarkJS[0m: tauG2: fft 17 join  15/17  1/4 3/4
[36;22m[DEBUG] [39;1msnarkJS[0m: tauG2: fft 17 join  15/17  1/4 1/4
[36;22m[DEBUG] [39;1msnarkJS[0m: tauG2: fft 17 join  15/17  4/4 1/4
[36;22m[DEBUG] [39;1msnarkJS[0m: tauG2: fft 17 join  15/17  3/4 0/4
[36;22m[DEBUG] [39;1msnarkJS[0m: tauG2: fft 17 join  15/17  2/4 0/4
[36;22m[DEBUG] [39;1msnarkJS[0m: tauG2: fft 17 join  15/17  1/4 0/4
[36;22m[DEBUG] [39;1msnarkJS[0m: tauG2: fft 17 join  15/17  4/4 2/4
[36;22m[DEBUG] [39;1msnarkJS[0m: tauG2: fft 17 join  15/17  3/4 1/4
[36;22m[DEBUG] [39;1msnarkJS[0m: tauG2: fft 17 join  15/17  4/4 3/4
[36;22m[DEBUG] [39;1msnarkJS[0m: tauG2: fft 17 join  15/17  1/4 2/4
[36;22m[DEBUG] [39;1msnarkJS[0m: tauG2: fft 17 join  15/17  4/4 0/4
[36;22m[DEBUG] [39;1msnarkJS[0m: tauG2: fft 17 join  15/17  2/4 1/4
[36;22m[DEBUG] [39;1msnarkJS[0m: tauG2: fft 17 join  15/17  2/4 3/4
[36;22m[DEBUG] [39;1msnarkJS[0m: tauG2: fft  17  join: 16/17
[36;22m[DEBUG] [39;1msnarkJS[0m: tauG2: fft 17 join  16/17  1/2 6/8
[36;22m[DEBUG] [39;1msnarkJS[0m: tauG2: fft 17 join  16/17  2/2 3/8
[36;22m[DEBUG] [39;1msnarkJS[0m: tauG2: fft 17 join  16/17  1/2 1/8
[36;22m[DEBUG] [39;1msnarkJS[0m: tauG2: fft 17 join  16/17  1/2 0/8
[36;22m[DEBUG] [39;1msnarkJS[0m: tauG2: fft 17 join  16/17  2/2 0/8
[36;22m[DEBUG] [39;1msnarkJS[0m: tauG2: fft 17 join  16/17  2/2 2/8
[36;22m[DEBUG] [39;1msnarkJS[0m: tauG2: fft 17 join  16/17  2/2 5/8
[36;22m[DEBUG] [39;1msnarkJS[0m: tauG2: fft 17 join  16/17  1/2 3/8
[36;22m[DEBUG] [39;1msnarkJS[0m: tauG2: fft 17 join  16/17  2/2 1/8
[36;22m[DEBUG] [39;1msnarkJS[0m: tauG2: fft 17 join  16/17  2/2 6/8
[36;22m[DEBUG] [39;1msnarkJS[0m: tauG2: fft 17 join  16/17  2/2 7/8
[36;22m[DEBUG] [39;1msnarkJS[0m: tauG2: fft 17 join  16/17  2/2 4/8
[36;22m[DEBUG] [39;1msnarkJS[0m: tauG2: fft 17 join  16/17  1/2 2/8
[36;22m[DEBUG] [39;1msnarkJS[0m: tauG2: fft 17 join  16/17  1/2 5/8
[36;22m[DEBUG] [39;1msnarkJS[0m: tauG2: fft 17 join  16/17  1/2 4/8
[36;22m[DEBUG] [39;1msnarkJS[0m: tauG2: fft 17 join  16/17  1/2 7/8
[36;22m[DEBUG] [39;1msnarkJS[0m: tauG2: fft  17  join: 17/17
[36;22m[DEBUG] [39;1msnarkJS[0m: tauG2: fft 17 join  17/17  1/1 11/16
[36;22m[DEBUG] [39;1msnarkJS[0m: tauG2: fft 17 join  17/17  1/1 6/16
[36;22m[DEBUG] [39;1msnarkJS[0m: tauG2: fft 17 join  17/17  1/1 13/16
[36;22m[DEBUG] [39;1msnarkJS[0m: tauG2: fft 17 join  17/17  1/1 10/16
[36;22m[DEBUG] [39;1msnarkJS[0m: tauG2: fft 17 join  17/17  1/1 8/16
[36;22m[DEBUG] [39;1msnarkJS[0m: tauG2: fft 17 join  17/17  1/1 3/16
[36;22m[DEBUG] [39;1msnarkJS[0m: tauG2: fft 17 join  17/17  1/1 4/16
[36;22m[DEBUG] [39;1msnarkJS[0m: tauG2: fft 17 join  17/17  1/1 14/16
[36;22m[DEBUG] [39;1msnarkJS[0m: tauG2: fft 17 join  17/17  1/1 9/16
[36;22m[DEBUG] [39;1msnarkJS[0m: tauG2: fft 17 join  17/17  1/1 0/16
[36;22m[DEBUG] [39;1msnarkJS[0m: tauG2: fft 17 join  17/17  1/1 15/16
[36;22m[DEBUG] [39;1msnarkJS[0m: tauG2: fft 17 join  17/17  1/1 12/16
[36;22m[DEBUG] [39;1msnarkJS[0m: tauG2: fft 17 join  17/17  1/1 1/16
[36;22m[DEBUG] [39;1msnarkJS[0m: tauG2: fft 17 join  17/17  1/1 2/16
[36;22m[DEBUG] [39;1msnarkJS[0m: tauG2: fft 17 join  17/17  1/1 7/16
[36;22m[DEBUG] [39;1msnarkJS[0m: tauG2: fft 17 join  17/17  1/1 5/16
[36;22m[DEBUG] [39;1msnarkJS[0m: tauG2: fft 18 mix start: 0/32
[36;22m[DEBUG] [39;1msnarkJS[0m: tauG2: fft 18 mix start: 1/32
[36;22m[DEBUG] [39;1msnarkJS[0m: tauG2: fft 18 mix start: 2/32
[36;22m[DEBUG] [39;1msnarkJS[0m: tauG2: fft 18 mix start: 3/32
[36;22m[DEBUG] [39;1msnarkJS[0m: tauG2: fft 18 mix start: 4/32
[36;22m[DEBUG] [39;1msnarkJS[0m: tauG2: fft 18 mix start: 5/32
[36;22m[DEBUG] [39;1msnarkJS[0m: tauG2: fft 18 mix start: 6/32
[36;22m[DEBUG] [39;1msnarkJS[0m: tauG2: fft 18 mix start: 7/32
[36;22m[DEBUG] [39;1msnarkJS[0m: tauG2: fft 18 mix start: 8/32
[36;22m[DEBUG] [39;1msnarkJS[0m: tauG2: fft 18 mix start: 9/32
[36;22m[DEBUG] [39;1msnarkJS[0m: tauG2: fft 18 mix start: 10/32
[36;22m[DEBUG] [39;1msnarkJS[0m: tauG2: fft 18 mix start: 11/32
[36;22m[DEBUG] [39;1msnarkJS[0m: tauG2: fft 18 mix start: 12/32
[36;22m[DEBUG] [39;1msnarkJS[0m: tauG2: fft 18 mix start: 13/32
[36;22m[DEBUG] [39;1msnarkJS[0m: tauG2: fft 18 mix start: 14/32
[36;22m[DEBUG] [39;1msnarkJS[0m: tauG2: fft 18 mix start: 15/32
[36;22m[DEBUG] [39;1msnarkJS[0m: tauG2: fft 18 mix start: 16/32
[36;22m[DEBUG] [39;1msnarkJS[0m: tauG2: fft 18 mix start: 17/32
[36;22m[DEBUG] [39;1msnarkJS[0m: tauG2: fft 18 mix start: 18/32
[36;22m[DEBUG] [39;1msnarkJS[0m: tauG2: fft 18 mix start: 19/32
[36;22m[DEBUG] [39;1msnarkJS[0m: tauG2: fft 18 mix start: 20/32
[36;22m[DEBUG] [39;1msnarkJS[0m: tauG2: fft 18 mix start: 21/32
[36;22m[DEBUG] [39;1msnarkJS[0m: tauG2: fft 18 mix start: 22/32
[36;22m[DEBUG] [39;1msnarkJS[0m: tauG2: fft 18 mix start: 23/32
[36;22m[DEBUG] [39;1msnarkJS[0m: tauG2: fft 18 mix start: 24/32
[36;22m[DEBUG] [39;1msnarkJS[0m: tauG2: fft 18 mix start: 25/32
[36;22m[DEBUG] [39;1msnarkJS[0m: tauG2: fft 18 mix start: 26/32
[36;22m[DEBUG] [39;1msnarkJS[0m: tauG2: fft 18 mix start: 27/32
[36;22m[DEBUG] [39;1msnarkJS[0m: tauG2: fft 18 mix start: 28/32
[36;22m[DEBUG] [39;1msnarkJS[0m: tauG2: fft 18 mix start: 29/32
[36;22m[DEBUG] [39;1msnarkJS[0m: tauG2: fft 18 mix start: 30/32
[36;22m[DEBUG] [39;1msnarkJS[0m: tauG2: fft 18 mix start: 31/32
[36;22m[DEBUG] [39;1msnarkJS[0m: tauG2: fft 18 mix end: 20/32
[36;22m[DEBUG] [39;1msnarkJS[0m: tauG2: fft 18 mix end: 1/32
[36;22m[DEBUG] [39;1msnarkJS[0m: tauG2: fft 18 mix end: 29/32
[36;22m[DEBUG] [39;1msnarkJS[0m: tauG2: fft 18 mix end: 18/32
[36;22m[DEBUG] [39;1msnarkJS[0m: tauG2: fft 18 mix end: 10/32
[36;22m[DEBUG] [39;1msnarkJS[0m: tauG2: fft 18 mix end: 0/32
[36;22m[DEBUG] [39;1msnarkJS[0m: tauG2: fft 18 mix end: 3/32
[36;22m[DEBUG] [39;1msnarkJS[0m: tauG2: fft 18 mix end: 15/32
[36;22m[DEBUG] [39;1msnarkJS[0m: tauG2: fft 18 mix end: 12/32
[36;22m[DEBUG] [39;1msnarkJS[0m: tauG2: fft 18 mix end: 7/32
[36;22m[DEBUG] [39;1msnarkJS[0m: tauG2: fft 18 mix end: 9/32
[36;22m[DEBUG] [39;1msnarkJS[0m: tauG2: fft 18 mix end: 24/32
[36;22m[DEBUG] [39;1msnarkJS[0m: tauG2: fft 18 mix end: 6/32
[36;22m[DEBUG] [39;1msnarkJS[0m: tauG2: fft 18 mix end: 21/32
[36;22m[DEBUG] [39;1msnarkJS[0m: tauG2: fft 18 mix end: 11/32
[36;22m[DEBUG] [39;1msnarkJS[0m: tauG2: fft 18 mix end: 14/32
[36;22m[DEBUG] [39;1msnarkJS[0m: tauG2: fft 18 mix end: 16/32
[36;22m[DEBUG] [39;1msnarkJS[0m: tauG2: fft 18 mix end: 2/32
[36;22m[DEBUG] [39;1msnarkJS[0m: tauG2: fft 18 mix end: 26/32
[36;22m[DEBUG] [39;1msnarkJS[0m: tauG2: fft 18 mix end: 8/32
[36;22m[DEBUG] [39;1msnarkJS[0m: tauG2: fft 18 mix end: 31/32
[36;22m[DEBUG] [39;1msnarkJS[0m: tauG2: fft 18 mix end: 25/32
[36;22m[DEBUG] [39;1msnarkJS[0m: tauG2: fft 18 mix end: 4/32
[36;22m[DEBUG] [39;1msnarkJS[0m: tauG2: fft 18 mix end: 17/32
[36;22m[DEBUG] [39;1msnarkJS[0m: tauG2: fft 18 mix end: 5/32
[36;22m[DEBUG] [39;1msnarkJS[0m: tauG2: fft 18 mix end: 28/32
[36;22m[DEBUG] [39;1msnarkJS[0m: tauG2: fft 18 mix end: 27/32
[36;22m[DEBUG] [39;1msnarkJS[0m: tauG2: fft 18 mix end: 19/32
[36;22m[DEBUG] [39;1msnarkJS[0m: tauG2: fft 18 mix end: 22/32
[36;22m[DEBUG] [39;1msnarkJS[0m: tauG2: fft 18 mix end: 23/32
[36;22m[DEBUG] [39;1msnarkJS[0m: tauG2: fft 18 mix end: 13/32
[36;22m[DEBUG] [39;1msnarkJS[0m: tauG2: fft 18 mix end: 30/32
[36;22m[DEBUG] [39;1msnarkJS[0m: tauG2: fft  18  join: 14/18
[36;22m[DEBUG] [39;1msnarkJS[0m: tauG2: fft 18 join  14/18  4/16 0/1
[36;22m[DEBUG] [39;1msnarkJS[0m: tauG2: fft 18 join  14/18  5/16 0/1
[36;22m[DEBUG] [39;1msnarkJS[0m: tauG2: fft 18 join  14/18  9/16 0/1
[36;22m[DEBUG] [39;1msnarkJS[0m: tauG2: fft 18 join  14/18  15/16 0/1
[36;22m[DEBUG] [39;1msnarkJS[0m: tauG2: fft 18 join  14/18  13/16 0/1
[36;22m[DEBUG] [39;1msnarkJS[0m: tauG2: fft 18 join  14/18  10/16 0/1
[36;22m[DEBUG] [39;1msnarkJS[0m: tauG2: fft 18 join  14/18  7/16 0/1
[36;22m[DEBUG] [39;1msnarkJS[0m: tauG2: fft 18 join  14/18  1/16 0/1
[36;22m[DEBUG] [39;1msnarkJS[0m: tauG2: fft 18 join  14/18  14/16 0/1
[36;22m[DEBUG] [39;1msnarkJS[0m: tauG2: fft 18 join  14/18  3/16 0/1
[36;22m[DEBUG] [39;1msnarkJS[0m: tauG2: fft 18 join  14/18  11/16 0/1
[36;22m[DEBUG] [39;1msnarkJS[0m: tauG2: fft 18 join  14/18  2/16 0/1
[36;22m[DEBUG] [39;1msnarkJS[0m: tauG2: fft 18 join  14/18  6/16 0/1
[36;22m[DEBUG] [39;1msnarkJS[0m: tauG2: fft 18 join  14/18  12/16 0/1
[36;22m[DEBUG] [39;1msnarkJS[0m: tauG2: fft 18 join  14/18  16/16 0/1
[36;22m[DEBUG] [39;1msnarkJS[0m: tauG2: fft 18 join  14/18  8/16 0/1
[36;22m[DEBUG] [39;1msnarkJS[0m: tauG2: fft  18  join: 15/18
[36;22m[DEBUG] [39;1msnarkJS[0m: tauG2: fft 18 join  15/18  2/8 1/2
[36;22m[DEBUG] [39;1msnarkJS[0m: tauG2: fft 18 join  15/18  3/8 0/2
[36;22m[DEBUG] [39;1msnarkJS[0m: tauG2: fft 18 join  15/18  8/8 0/2
[36;22m[DEBUG] [39;1msnarkJS[0m: tauG2: fft 18 join  15/18  8/8 1/2
[36;22m[DEBUG] [39;1msnarkJS[0m: tauG2: fft 18 join  15/18  6/8 0/2
[36;22m[DEBUG] [39;1msnarkJS[0m: tauG2: fft 18 join  15/18  5/8 1/2
[36;22m[DEBUG] [39;1msnarkJS[0m: tauG2: fft 18 join  15/18  7/8 0/2
[36;22m[DEBUG] [39;1msnarkJS[0m: tauG2: fft 18 join  15/18  4/8 0/2
[36;22m[DEBUG] [39;1msnarkJS[0m: tauG2: fft 18 join  15/18  2/8 0/2
[36;22m[DEBUG] [39;1msnarkJS[0m: tauG2: fft 18 join  15/18  7/8 1/2
[36;22m[DEBUG] [39;1msnarkJS[0m: tauG2: fft 18 join  15/18  5/8 0/2
[36;22m[DEBUG] [39;1msnarkJS[0m: tauG2: fft 18 join  15/18  6/8 1/2
[36;22m[DEBUG] [39;1msnarkJS[0m: tauG2: fft 18 join  15/18  1/8 1/2
[36;22m[DEBUG] [39;1msnarkJS[0m: tauG2: fft 18 join  15/18  1/8 0/2
[36;22m[DEBUG] [39;1msnarkJS[0m: tauG2: fft 18 join  15/18  3/8 1/2
[36;22m[DEBUG] [39;1msnarkJS[0m: tauG2: fft 18 join  15/18  4/8 1/2
[36;22m[DEBUG] [39;1msnarkJS[0m: tauG2: fft  18  join: 16/18
[36;22m[DEBUG] [39;1msnarkJS[0m: tauG2: fft 18 join  16/18  1/4 3/4
[36;22m[DEBUG] [39;1msnarkJS[0m: tauG2: fft 18 join  16/18  3/4 0/4
[36;22m[DEBUG] [39;1msnarkJS[0m: tauG2: fft 18 join  16/18  4/4 1/4
[36;22m[DEBUG] [39;1msnarkJS[0m: tauG2: fft 18 join  16/18  4/4 2/4
[36;22m[DEBUG] [39;1msnarkJS[0m: tauG2: fft 18 join  16/18  2/4 0/4
[36;22m[DEBUG] [39;1msnarkJS[0m: tauG2: fft 18 join  16/18  3/4 2/4
[36;22m[DEBUG] [39;1msnarkJS[0m: tauG2: fft 18 join  16/18  4/4 0/4
[36;22m[DEBUG] [39;1msnarkJS[0m: tauG2: fft 18 join  16/18  4/4 3/4
[36;22m[DEBUG] [39;1msnarkJS[0m: tauG2: fft 18 join  16/18  1/4 0/4
[36;22m[DEBUG] [39;1msnarkJS[0m: tauG2: fft 18 join  16/18  1/4 1/4
[36;22m[DEBUG] [39;1msnarkJS[0m: tauG2: fft 18 join  16/18  1/4 2/4
[36;22m[DEBUG] [39;1msnarkJS[0m: tauG2: fft 18 join  16/18  2/4 2/4
[36;22m[DEBUG] [39;1msnarkJS[0m: tauG2: fft 18 join  16/18  3/4 3/4
[36;22m[DEBUG] [39;1msnarkJS[0m: tauG2: fft 18 join  16/18  3/4 1/4
[36;22m[DEBUG] [39;1msnarkJS[0m: tauG2: fft 18 join  16/18  2/4 1/4
[36;22m[DEBUG] [39;1msnarkJS[0m: tauG2: fft 18 join  16/18  2/4 3/4
[36;22m[DEBUG] [39;1msnarkJS[0m: tauG2: fft  18  join: 17/18
[36;22m[DEBUG] [39;1msnarkJS[0m: tauG2: fft 18 join  17/18  1/2 4/8
[36;22m[DEBUG] [39;1msnarkJS[0m: tauG2: fft 18 join  17/18  1/2 3/8
[36;22m[DEBUG] [39;1msnarkJS[0m: tauG2: fft 18 join  17/18  2/2 4/8
[36;22m[DEBUG] [39;1msnarkJS[0m: tauG2: fft 18 join  17/18  2/2 5/8
[36;22m[DEBUG] [39;1msnarkJS[0m: tauG2: fft 18 join  17/18  2/2 6/8
[36;22m[DEBUG] [39;1msnarkJS[0m: tauG2: fft 18 join  17/18  2/2 7/8
[36;22m[DEBUG] [39;1msnarkJS[0m: tauG2: fft 18 join  17/18  2/2 2/8
[36;22m[DEBUG] [39;1msnarkJS[0m: tauG2: fft 18 join  17/18  1/2 1/8
[36;22m[DEBUG] [39;1msnarkJS[0m: tauG2: fft 18 join  17/18  2/2 0/8
[36;22m[DEBUG] [39;1msnarkJS[0m: tauG2: fft 18 join  17/18  1/2 0/8
[36;22m[DEBUG] [39;1msnarkJS[0m: tauG2: fft 18 join  17/18  1/2 2/8
[36;22m[DEBUG] [39;1msnarkJS[0m: tauG2: fft 18 join  17/18  2/2 1/8
[36;22m[DEBUG] [39;1msnarkJS[0m: tauG2: fft 18 join  17/18  2/2 3/8
[36;22m[DEBUG] [39;1msnarkJS[0m: tauG2: fft 18 join  17/18  1/2 6/8
[36;22m[DEBUG] [39;1msnarkJS[0m: tauG2: fft 18 join  17/18  1/2 5/8
[36;22m[DEBUG] [39;1msnarkJS[0m: tauG2: fft 18 join  17/18  1/2 7/8
[36;22m[DEBUG] [39;1msnarkJS[0m: tauG2: fft  18  join: 18/18
[36;22m[DEBUG] [39;1msnarkJS[0m: tauG2: fft 18 join  18/18  1/1 3/16
[36;22m[DEBUG] [39;1msnarkJS[0m: tauG2: fft 18 join  18/18  1/1 14/16
[36;22m[DEBUG] [39;1msnarkJS[0m: tauG2: fft 18 join  18/18  1/1 13/16
[36;22m[DEBUG] [39;1msnarkJS[0m: tauG2: fft 18 join  18/18  1/1 12/16
[36;22m[DEBUG] [39;1msnarkJS[0m: tauG2: fft 18 join  18/18  1/1 4/16
[36;22m[DEBUG] [39;1msnarkJS[0m: tauG2: fft 18 join  18/18  1/1 10/16
[36;22m[DEBUG] [39;1msnarkJS[0m: tauG2: fft 18 join  18/18  1/1 0/16
[36;22m[DEBUG] [39;1msnarkJS[0m: tauG2: fft 18 join  18/18  1/1 1/16
[36;22m[DEBUG] [39;1msnarkJS[0m: tauG2: fft 18 join  18/18  1/1 15/16
[36;22m[DEBUG] [39;1msnarkJS[0m: tauG2: fft 18 join  18/18  1/1 2/16
[36;22m[DEBUG] [39;1msnarkJS[0m: tauG2: fft 18 join  18/18  1/1 8/16
[36;22m[DEBUG] [39;1msnarkJS[0m: tauG2: fft 18 join  18/18  1/1 9/16
[36;22m[DEBUG] [39;1msnarkJS[0m: tauG2: fft 18 join  18/18  1/1 11/16
[36;22m[DEBUG] [39;1msnarkJS[0m: tauG2: fft 18 join  18/18  1/1 6/16
[36;22m[DEBUG] [39;1msnarkJS[0m: tauG2: fft 18 join  18/18  1/1 7/16
[36;22m[DEBUG] [39;1msnarkJS[0m: tauG2: fft 18 join  18/18  1/1 5/16
[36;22m[DEBUG] [39;1msnarkJS[0m: tauG2: fft 19 mix start: 0/32
[36;22m[DEBUG] [39;1msnarkJS[0m: tauG2: fft 19 mix start: 1/32
[36;22m[DEBUG] [39;1msnarkJS[0m: tauG2: fft 19 mix start: 2/32
[36;22m[DEBUG] [39;1msnarkJS[0m: tauG2: fft 19 mix start: 3/32
[36;22m[DEBUG] [39;1msnarkJS[0m: tauG2: fft 19 mix start: 4/32
[36;22m[DEBUG] [39;1msnarkJS[0m: tauG2: fft 19 mix start: 5/32
[36;22m[DEBUG] [39;1msnarkJS[0m: tauG2: fft 19 mix start: 6/32
[36;22m[DEBUG] [39;1msnarkJS[0m: tauG2: fft 19 mix start: 7/32
[36;22m[DEBUG] [39;1msnarkJS[0m: tauG2: fft 19 mix start: 8/32
[36;22m[DEBUG] [39;1msnarkJS[0m: tauG2: fft 19 mix start: 9/32
[36;22m[DEBUG] [39;1msnarkJS[0m: tauG2: fft 19 mix start: 10/32
[36;22m[DEBUG] [39;1msnarkJS[0m: tauG2: fft 19 mix start: 11/32
[36;22m[DEBUG] [39;1msnarkJS[0m: tauG2: fft 19 mix start: 12/32
[36;22m[DEBUG] [39;1msnarkJS[0m: tauG2: fft 19 mix start: 13/32
[36;22m[DEBUG] [39;1msnarkJS[0m: tauG2: fft 19 mix start: 14/32
[36;22m[DEBUG] [39;1msnarkJS[0m: tauG2: fft 19 mix start: 15/32
[36;22m[DEBUG] [39;1msnarkJS[0m: tauG2: fft 19 mix start: 16/32
[36;22m[DEBUG] [39;1msnarkJS[0m: tauG2: fft 19 mix start: 17/32
[36;22m[DEBUG] [39;1msnarkJS[0m: tauG2: fft 19 mix start: 18/32
[36;22m[DEBUG] [39;1msnarkJS[0m: tauG2: fft 19 mix start: 19/32
[36;22m[DEBUG] [39;1msnarkJS[0m: tauG2: fft 19 mix start: 20/32
[36;22m[DEBUG] [39;1msnarkJS[0m: tauG2: fft 19 mix start: 21/32
[36;22m[DEBUG] [39;1msnarkJS[0m: tauG2: fft 19 mix start: 22/32
[36;22m[DEBUG] [39;1msnarkJS[0m: tauG2: fft 19 mix start: 23/32
[36;22m[DEBUG] [39;1msnarkJS[0m: tauG2: fft 19 mix start: 24/32
[36;22m[DEBUG] [39;1msnarkJS[0m: tauG2: fft 19 mix start: 25/32
[36;22m[DEBUG] [39;1msnarkJS[0m: tauG2: fft 19 mix start: 26/32
[36;22m[DEBUG] [39;1msnarkJS[0m: tauG2: fft 19 mix start: 27/32
[36;22m[DEBUG] [39;1msnarkJS[0m: tauG2: fft 19 mix start: 28/32
[36;22m[DEBUG] [39;1msnarkJS[0m: tauG2: fft 19 mix start: 29/32
[36;22m[DEBUG] [39;1msnarkJS[0m: tauG2: fft 19 mix start: 30/32
[36;22m[DEBUG] [39;1msnarkJS[0m: tauG2: fft 19 mix start: 31/32
[36;22m[DEBUG] [39;1msnarkJS[0m: tauG2: fft 19 mix end: 6/32
[36;22m[DEBUG] [39;1msnarkJS[0m: tauG2: fft 19 mix end: 9/32
[36;22m[DEBUG] [39;1msnarkJS[0m: tauG2: fft 19 mix end: 3/32
[36;22m[DEBUG] [39;1msnarkJS[0m: tauG2: fft 19 mix end: 24/32
[36;22m[DEBUG] [39;1msnarkJS[0m: tauG2: fft 19 mix end: 14/32
[36;22m[DEBUG] [39;1msnarkJS[0m: tauG2: fft 19 mix end: 5/32
[36;22m[DEBUG] [39;1msnarkJS[0m: tauG2: fft 19 mix end: 0/32
[36;22m[DEBUG] [39;1msnarkJS[0m: tauG2: fft 19 mix end: 22/32
[36;22m[DEBUG] [39;1msnarkJS[0m: tauG2: fft 19 mix end: 27/32
[36;22m[DEBUG] [39;1msnarkJS[0m: tauG2: fft 19 mix end: 25/32
[36;22m[DEBUG] [39;1msnarkJS[0m: tauG2: fft 19 mix end: 15/32
[36;22m[DEBUG] [39;1msnarkJS[0m: tauG2: fft 19 mix end: 12/32
[36;22m[DEBUG] [39;1msnarkJS[0m: tauG2: fft 19 mix end: 26/32
[36;22m[DEBUG] [39;1msnarkJS[0m: tauG2: fft 19 mix end: 30/32
[36;22m[DEBUG] [39;1msnarkJS[0m: tauG2: fft 19 mix end: 10/32
[36;22m[DEBUG] [39;1msnarkJS[0m: tauG2: fft 19 mix end: 16/32
[36;22m[DEBUG] [39;1msnarkJS[0m: tauG2: fft 19 mix end: 11/32
[36;22m[DEBUG] [39;1msnarkJS[0m: tauG2: fft 19 mix end: 8/32
[36;22m[DEBUG] [39;1msnarkJS[0m: tauG2: fft 19 mix end: 7/32
[36;22m[DEBUG] [39;1msnarkJS[0m: tauG2: fft 19 mix end: 29/32
[36;22m[DEBUG] [39;1msnarkJS[0m: tauG2: fft 19 mix end: 4/32
[36;22m[DEBUG] [39;1msnarkJS[0m: tauG2: fft 19 mix end: 20/32
[36;22m[DEBUG] [39;1msnarkJS[0m: tauG2: fft 19 mix end: 17/32
[36;22m[DEBUG] [39;1msnarkJS[0m: tauG2: fft 19 mix end: 28/32
[36;22m[DEBUG] [39;1msnarkJS[0m: tauG2: fft 19 mix end: 13/32
[36;22m[DEBUG] [39;1msnarkJS[0m: tauG2: fft 19 mix end: 2/32
[36;22m[DEBUG] [39;1msnarkJS[0m: tauG2: fft 19 mix end: 19/32
[36;22m[DEBUG] [39;1msnarkJS[0m: tauG2: fft 19 mix end: 23/32
[36;22m[DEBUG] [39;1msnarkJS[0m: tauG2: fft 19 mix end: 31/32
[36;22m[DEBUG] [39;1msnarkJS[0m: tauG2: fft 19 mix end: 21/32
[36;22m[DEBUG] [39;1msnarkJS[0m: tauG2: fft 19 mix end: 1/32
[36;22m[DEBUG] [39;1msnarkJS[0m: tauG2: fft 19 mix end: 18/32
[36;22m[DEBUG] [39;1msnarkJS[0m: tauG2: fft  19  join: 15/19
[36;22m[DEBUG] [39;1msnarkJS[0m: tauG2: fft 19 join  15/19  15/16 0/1
[36;22m[DEBUG] [39;1msnarkJS[0m: tauG2: fft 19 join  15/19  2/16 0/1
[36;22m[DEBUG] [39;1msnarkJS[0m: tauG2: fft 19 join  15/19  4/16 0/1
[36;22m[DEBUG] [39;1msnarkJS[0m: tauG2: fft 19 join  15/19  10/16 0/1
[36;22m[DEBUG] [39;1msnarkJS[0m: tauG2: fft 19 join  15/19  9/16 0/1
[36;22m[DEBUG] [39;1msnarkJS[0m: tauG2: fft 19 join  15/19  14/16 0/1
[36;22m[DEBUG] [39;1msnarkJS[0m: tauG2: fft 19 join  15/19  1/16 0/1
[36;22m[DEBUG] [39;1msnarkJS[0m: tauG2: fft 19 join  15/19  7/16 0/1
[36;22m[DEBUG] [39;1msnarkJS[0m: tauG2: fft 19 join  15/19  16/16 0/1
[36;22m[DEBUG] [39;1msnarkJS[0m: tauG2: fft 19 join  15/19  3/16 0/1
[36;22m[DEBUG] [39;1msnarkJS[0m: tauG2: fft 19 join  15/19  13/16 0/1
[36;22m[DEBUG] [39;1msnarkJS[0m: tauG2: fft 19 join  15/19  5/16 0/1
[36;22m[DEBUG] [39;1msnarkJS[0m: tauG2: fft 19 join  15/19  11/16 0/1
[36;22m[DEBUG] [39;1msnarkJS[0m: tauG2: fft 19 join  15/19  12/16 0/1
[36;22m[DEBUG] [39;1msnarkJS[0m: tauG2: fft 19 join  15/19  6/16 0/1
[36;22m[DEBUG] [39;1msnarkJS[0m: tauG2: fft 19 join  15/19  8/16 0/1
[36;22m[DEBUG] [39;1msnarkJS[0m: tauG2: fft  19  join: 16/19
[36;22m[DEBUG] [39;1msnarkJS[0m: tauG2: fft 19 join  16/19  5/8 0/2
[36;22m[DEBUG] [39;1msnarkJS[0m: tauG2: fft 19 join  16/19  8/8 1/2
[36;22m[DEBUG] [39;1msnarkJS[0m: tauG2: fft 19 join  16/19  2/8 1/2
[36;22m[DEBUG] [39;1msnarkJS[0m: tauG2: fft 19 join  16/19  7/8 0/2
[36;22m[DEBUG] [39;1msnarkJS[0m: tauG2: fft 19 join  16/19  8/8 0/2
[36;22m[DEBUG] [39;1msnarkJS[0m: tauG2: fft 19 join  16/19  1/8 0/2
[36;22m[DEBUG] [39;1msnarkJS[0m: tauG2: fft 19 join  16/19  5/8 1/2
[36;22m[DEBUG] [39;1msnarkJS[0m: tauG2: fft 19 join  16/19  1/8 1/2
[36;22m[DEBUG] [39;1msnarkJS[0m: tauG2: fft 19 join  16/19  6/8 1/2
[36;22m[DEBUG] [39;1msnarkJS[0m: tauG2: fft 19 join  16/19  2/8 0/2
[36;22m[DEBUG] [39;1msnarkJS[0m: tauG2: fft 19 join  16/19  4/8 0/2
[36;22m[DEBUG] [39;1msnarkJS[0m: tauG2: fft 19 join  16/19  6/8 0/2
[36;22m[DEBUG] [39;1msnarkJS[0m: tauG2: fft 19 join  16/19  7/8 1/2
[36;22m[DEBUG] [39;1msnarkJS[0m: tauG2: fft 19 join  16/19  3/8 0/2
[36;22m[DEBUG] [39;1msnarkJS[0m: tauG2: fft 19 join  16/19  3/8 1/2
[36;22m[DEBUG] [39;1msnarkJS[0m: tauG2: fft 19 join  16/19  4/8 1/2
[36;22m[DEBUG] [39;1msnarkJS[0m: tauG2: fft  19  join: 17/19
[36;22m[DEBUG] [39;1msnarkJS[0m: tauG2: fft 19 join  17/19  1/4 3/4
[36;22m[DEBUG] [39;1msnarkJS[0m: tauG2: fft 19 join  17/19  4/4 0/4
[36;22m[DEBUG] [39;1msnarkJS[0m: tauG2: fft 19 join  17/19  4/4 2/4
[36;22m[DEBUG] [39;1msnarkJS[0m: tauG2: fft 19 join  17/19  3/4 0/4
[36;22m[DEBUG] [39;1msnarkJS[0m: tauG2: fft 19 join  17/19  4/4 3/4
[36;22m[DEBUG] [39;1msnarkJS[0m: tauG2: fft 19 join  17/19  3/4 1/4
[36;22m[DEBUG] [39;1msnarkJS[0m: tauG2: fft 19 join  17/19  2/4 2/4
[36;22m[DEBUG] [39;1msnarkJS[0m: tauG2: fft 19 join  17/19  1/4 0/4
[36;22m[DEBUG] [39;1msnarkJS[0m: tauG2: fft 19 join  17/19  1/4 1/4
[36;22m[DEBUG] [39;1msnarkJS[0m: tauG2: fft 19 join  17/19  1/4 2/4
[36;22m[DEBUG] [39;1msnarkJS[0m: tauG2: fft 19 join  17/19  3/4 3/4
[36;22m[DEBUG] [39;1msnarkJS[0m: tauG2: fft 19 join  17/19  3/4 2/4
[36;22m[DEBUG] [39;1msnarkJS[0m: tauG2: fft 19 join  17/19  4/4 1/4
[36;22m[DEBUG] [39;1msnarkJS[0m: tauG2: fft 19 join  17/19  2/4 0/4
[36;22m[DEBUG] [39;1msnarkJS[0m: tauG2: fft 19 join  17/19  2/4 1/4
[36;22m[DEBUG] [39;1msnarkJS[0m: tauG2: fft 19 join  17/19  2/4 3/4
[36;22m[DEBUG] [39;1msnarkJS[0m: tauG2: fft  19  join: 18/19
[36;22m[DEBUG] [39;1msnarkJS[0m: tauG2: fft 19 join  18/19  1/2 0/8
[36;22m[DEBUG] [39;1msnarkJS[0m: tauG2: fft 19 join  18/19  1/2 3/8
[36;22m[DEBUG] [39;1msnarkJS[0m: tauG2: fft 19 join  18/19  2/2 3/8
[36;22m[DEBUG] [39;1msnarkJS[0m: tauG2: fft 19 join  18/19  2/2 6/8
[36;22m[DEBUG] [39;1msnarkJS[0m: tauG2: fft 19 join  18/19  1/2 6/8
[36;22m[DEBUG] [39;1msnarkJS[0m: tauG2: fft 19 join  18/19  2/2 0/8
[36;22m[DEBUG] [39;1msnarkJS[0m: tauG2: fft 19 join  18/19  2/2 1/8
[36;22m[DEBUG] [39;1msnarkJS[0m: tauG2: fft 19 join  18/19  2/2 4/8
[36;22m[DEBUG] [39;1msnarkJS[0m: tauG2: fft 19 join  18/19  2/2 5/8
[36;22m[DEBUG] [39;1msnarkJS[0m: tauG2: fft 19 join  18/19  1/2 2/8
[36;22m[DEBUG] [39;1msnarkJS[0m: tauG2: fft 19 join  18/19  2/2 7/8
[36;22m[DEBUG] [39;1msnarkJS[0m: tauG2: fft 19 join  18/19  2/2 2/8
[36;22m[DEBUG] [39;1msnarkJS[0m: tauG2: fft 19 join  18/19  1/2 1/8
[36;22m[DEBUG] [39;1msnarkJS[0m: tauG2: fft 19 join  18/19  1/2 4/8
[36;22m[DEBUG] [39;1msnarkJS[0m: tauG2: fft 19 join  18/19  1/2 5/8
[36;22m[DEBUG] [39;1msnarkJS[0m: tauG2: fft 19 join  18/19  1/2 7/8
[36;22m[DEBUG] [39;1msnarkJS[0m: tauG2: fft  19  join: 19/19
[36;22m[DEBUG] [39;1msnarkJS[0m: tauG2: fft 19 join  19/19  1/1 13/16
[36;22m[DEBUG] [39;1msnarkJS[0m: tauG2: fft 19 join  19/19  1/1 15/16
[36;22m[DEBUG] [39;1msnarkJS[0m: tauG2: fft 19 join  19/19  1/1 6/16
[36;22m[DEBUG] [39;1msnarkJS[0m: tauG2: fft 19 join  19/19  1/1 3/16
[36;22m[DEBUG] [39;1msnarkJS[0m: tauG2: fft 19 join  19/19  1/1 11/16
[36;22m[DEBUG] [39;1msnarkJS[0m: tauG2: fft 19 join  19/19  1/1 14/16
[36;22m[DEBUG] [39;1msnarkJS[0m: tauG2: fft 19 join  19/19  1/1 0/16
[36;22m[DEBUG] [39;1msnarkJS[0m: tauG2: fft 19 join  19/19  1/1 9/16
[36;22m[DEBUG] [39;1msnarkJS[0m: tauG2: fft 19 join  19/19  1/1 8/16
[36;22m[DEBUG] [39;1msnarkJS[0m: tauG2: fft 19 join  19/19  1/1 12/16
[36;22m[DEBUG] [39;1msnarkJS[0m: tauG2: fft 19 join  19/19  1/1 2/16
[36;22m[DEBUG] [39;1msnarkJS[0m: tauG2: fft 19 join  19/19  1/1 1/16
[36;22m[DEBUG] [39;1msnarkJS[0m: tauG2: fft 19 join  19/19  1/1 10/16
[36;22m[DEBUG] [39;1msnarkJS[0m: tauG2: fft 19 join  19/19  1/1 4/16
[36;22m[DEBUG] [39;1msnarkJS[0m: tauG2: fft 19 join  19/19  1/1 7/16
[36;22m[DEBUG] [39;1msnarkJS[0m: tauG2: fft 19 join  19/19  1/1 5/16
[36;22m[DEBUG] [39;1msnarkJS[0m: tauG2: fft 20 mix start: 0/64
[36;22m[DEBUG] [39;1msnarkJS[0m: tauG2: fft 20 mix start: 1/64
[36;22m[DEBUG] [39;1msnarkJS[0m: tauG2: fft 20 mix start: 2/64
[36;22m[DEBUG] [39;1msnarkJS[0m: tauG2: fft 20 mix start: 3/64
[36;22m[DEBUG] [39;1msnarkJS[0m: tauG2: fft 20 mix start: 4/64
[36;22m[DEBUG] [39;1msnarkJS[0m: tauG2: fft 20 mix start: 5/64
[36;22m[DEBUG] [39;1msnarkJS[0m: tauG2: fft 20 mix start: 6/64
[36;22m[DEBUG] [39;1msnarkJS[0m: tauG2: fft 20 mix start: 7/64
[36;22m[DEBUG] [39;1msnarkJS[0m: tauG2: fft 20 mix start: 8/64
[36;22m[DEBUG] [39;1msnarkJS[0m: tauG2: fft 20 mix start: 9/64
[36;22m[DEBUG] [39;1msnarkJS[0m: tauG2: fft 20 mix start: 10/64
[36;22m[DEBUG] [39;1msnarkJS[0m: tauG2: fft 20 mix start: 11/64
[36;22m[DEBUG] [39;1msnarkJS[0m: tauG2: fft 20 mix start: 12/64
[36;22m[DEBUG] [39;1msnarkJS[0m: tauG2: fft 20 mix start: 13/64
[36;22m[DEBUG] [39;1msnarkJS[0m: tauG2: fft 20 mix start: 14/64
[36;22m[DEBUG] [39;1msnarkJS[0m: tauG2: fft 20 mix start: 15/64
[36;22m[DEBUG] [39;1msnarkJS[0m: tauG2: fft 20 mix start: 16/64
[36;22m[DEBUG] [39;1msnarkJS[0m: tauG2: fft 20 mix start: 17/64
[36;22m[DEBUG] [39;1msnarkJS[0m: tauG2: fft 20 mix start: 18/64
[36;22m[DEBUG] [39;1msnarkJS[0m: tauG2: fft 20 mix start: 19/64
[36;22m[DEBUG] [39;1msnarkJS[0m: tauG2: fft 20 mix start: 20/64
[36;22m[DEBUG] [39;1msnarkJS[0m: tauG2: fft 20 mix start: 21/64
[36;22m[DEBUG] [39;1msnarkJS[0m: tauG2: fft 20 mix start: 22/64
[36;22m[DEBUG] [39;1msnarkJS[0m: tauG2: fft 20 mix start: 23/64
[36;22m[DEBUG] [39;1msnarkJS[0m: tauG2: fft 20 mix start: 24/64
[36;22m[DEBUG] [39;1msnarkJS[0m: tauG2: fft 20 mix start: 25/64
[36;22m[DEBUG] [39;1msnarkJS[0m: tauG2: fft 20 mix start: 26/64
[36;22m[DEBUG] [39;1msnarkJS[0m: tauG2: fft 20 mix start: 27/64
[36;22m[DEBUG] [39;1msnarkJS[0m: tauG2: fft 20 mix start: 28/64
[36;22m[DEBUG] [39;1msnarkJS[0m: tauG2: fft 20 mix start: 29/64
[36;22m[DEBUG] [39;1msnarkJS[0m: tauG2: fft 20 mix start: 30/64
[36;22m[DEBUG] [39;1msnarkJS[0m: tauG2: fft 20 mix start: 31/64
[36;22m[DEBUG] [39;1msnarkJS[0m: tauG2: fft 20 mix start: 32/64
[36;22m[DEBUG] [39;1msnarkJS[0m: tauG2: fft 20 mix start: 33/64
[36;22m[DEBUG] [39;1msnarkJS[0m: tauG2: fft 20 mix start: 34/64
[36;22m[DEBUG] [39;1msnarkJS[0m: tauG2: fft 20 mix start: 35/64
[36;22m[DEBUG] [39;1msnarkJS[0m: tauG2: fft 20 mix start: 36/64
[36;22m[DEBUG] [39;1msnarkJS[0m: tauG2: fft 20 mix start: 37/64
[36;22m[DEBUG] [39;1msnarkJS[0m: tauG2: fft 20 mix start: 38/64
[36;22m[DEBUG] [39;1msnarkJS[0m: tauG2: fft 20 mix start: 39/64
[36;22m[DEBUG] [39;1msnarkJS[0m: tauG2: fft 20 mix start: 40/64
[36;22m[DEBUG] [39;1msnarkJS[0m: tauG2: fft 20 mix start: 41/64
[36;22m[DEBUG] [39;1msnarkJS[0m: tauG2: fft 20 mix start: 42/64
[36;22m[DEBUG] [39;1msnarkJS[0m: tauG2: fft 20 mix start: 43/64
[36;22m[DEBUG] [39;1msnarkJS[0m: tauG2: fft 20 mix start: 44/64
[36;22m[DEBUG] [39;1msnarkJS[0m: tauG2: fft 20 mix start: 45/64
[36;22m[DEBUG] [39;1msnarkJS[0m: tauG2: fft 20 mix start: 46/64
[36;22m[DEBUG] [39;1msnarkJS[0m: tauG2: fft 20 mix start: 47/64
[36;22m[DEBUG] [39;1msnarkJS[0m: tauG2: fft 20 mix start: 48/64
[36;22m[DEBUG] [39;1msnarkJS[0m: tauG2: fft 20 mix start: 49/64
[36;22m[DEBUG] [39;1msnarkJS[0m: tauG2: fft 20 mix start: 50/64
[36;22m[DEBUG] [39;1msnarkJS[0m: tauG2: fft 20 mix start: 51/64
[36;22m[DEBUG] [39;1msnarkJS[0m: tauG2: fft 20 mix start: 52/64
[36;22m[DEBUG] [39;1msnarkJS[0m: tauG2: fft 20 mix start: 53/64
[36;22m[DEBUG] [39;1msnarkJS[0m: tauG2: fft 20 mix start: 54/64
[36;22m[DEBUG] [39;1msnarkJS[0m: tauG2: fft 20 mix start: 55/64
[36;22m[DEBUG] [39;1msnarkJS[0m: tauG2: fft 20 mix start: 56/64
[36;22m[DEBUG] [39;1msnarkJS[0m: tauG2: fft 20 mix start: 57/64
[36;22m[DEBUG] [39;1msnarkJS[0m: tauG2: fft 20 mix start: 58/64
[36;22m[DEBUG] [39;1msnarkJS[0m: tauG2: fft 20 mix start: 59/64
[36;22m[DEBUG] [39;1msnarkJS[0m: tauG2: fft 20 mix start: 60/64
[36;22m[DEBUG] [39;1msnarkJS[0m: tauG2: fft 20 mix start: 61/64
[36;22m[DEBUG] [39;1msnarkJS[0m: tauG2: fft 20 mix start: 62/64
[36;22m[DEBUG] [39;1msnarkJS[0m: tauG2: fft 20 mix start: 63/64
[36;22m[DEBUG] [39;1msnarkJS[0m: tauG2: fft 20 mix end: 3/64
[36;22m[DEBUG] [39;1msnarkJS[0m: tauG2: fft 20 mix end: 10/64
[36;22m[DEBUG] [39;1msnarkJS[0m: tauG2: fft 20 mix end: 22/64
[36;22m[DEBUG] [39;1msnarkJS[0m: tauG2: fft 20 mix end: 13/64
[36;22m[DEBUG] [39;1msnarkJS[0m: tauG2: fft 20 mix end: 26/64
[36;22m[DEBUG] [39;1msnarkJS[0m: tauG2: fft 20 mix end: 16/64
[36;22m[DEBUG] [39;1msnarkJS[0m: tauG2: fft 20 mix end: 12/64
[36;22m[DEBUG] [39;1msnarkJS[0m: tauG2: fft 20 mix end: 23/64
[36;22m[DEBUG] [39;1msnarkJS[0m: tauG2: fft 20 mix end: 17/64
[36;22m[DEBUG] [39;1msnarkJS[0m: tauG2: fft 20 mix end: 14/64
[36;22m[DEBUG] [39;1msnarkJS[0m: tauG2: fft 20 mix end: 9/64
[36;22m[DEBUG] [39;1msnarkJS[0m: tauG2: fft 20 mix end: 4/64
[36;22m[DEBUG] [39;1msnarkJS[0m: tauG2: fft 20 mix end: 5/64
[36;22m[DEBUG] [39;1msnarkJS[0m: tauG2: fft 20 mix end: 29/64
[36;22m[DEBUG] [39;1msnarkJS[0m: tauG2: fft 20 mix end: 18/64
[36;22m[DEBUG] [39;1msnarkJS[0m: tauG2: fft 20 mix end: 24/64
[36;22m[DEBUG] [39;1msnarkJS[0m: tauG2: fft 20 mix end: 0/64
[36;22m[DEBUG] [39;1msnarkJS[0m: tauG2: fft 20 mix end: 28/64
[36;22m[DEBUG] [39;1msnarkJS[0m: tauG2: fft 20 mix end: 2/64
[36;22m[DEBUG] [39;1msnarkJS[0m: tauG2: fft 20 mix end: 8/64
[36;22m[DEBUG] [39;1msnarkJS[0m: tauG2: fft 20 mix end: 1/64
[36;22m[DEBUG] [39;1msnarkJS[0m: tauG2: fft 20 mix end: 6/64
[36;22m[DEBUG] [39;1msnarkJS[0m: tauG2: fft 20 mix end: 7/64
[36;22m[DEBUG] [39;1msnarkJS[0m: tauG2: fft 20 mix end: 20/64
[36;22m[DEBUG] [39;1msnarkJS[0m: tauG2: fft 20 mix end: 15/64
[36;22m[DEBUG] [39;1msnarkJS[0m: tauG2: fft 20 mix end: 31/64
[36;22m[DEBUG] [39;1msnarkJS[0m: tauG2: fft 20 mix end: 27/64
[36;22m[DEBUG] [39;1msnarkJS[0m: tauG2: fft 20 mix end: 30/64
[36;22m[DEBUG] [39;1msnarkJS[0m: tauG2: fft 20 mix end: 11/64
[36;22m[DEBUG] [39;1msnarkJS[0m: tauG2: fft 20 mix end: 21/64
[36;22m[DEBUG] [39;1msnarkJS[0m: tauG2: fft 20 mix end: 25/64
[36;22m[DEBUG] [39;1msnarkJS[0m: tauG2: fft 20 mix end: 19/64
[36;22m[DEBUG] [39;1msnarkJS[0m: tauG2: fft 20 mix end: 35/64
[36;22m[DEBUG] [39;1msnarkJS[0m: tauG2: fft 20 mix end: 37/64
[36;22m[DEBUG] [39;1msnarkJS[0m: tauG2: fft 20 mix end: 36/64
[36;22m[DEBUG] [39;1msnarkJS[0m: tauG2: fft 20 mix end: 33/64
[36;22m[DEBUG] [39;1msnarkJS[0m: tauG2: fft 20 mix end: 53/64
[36;22m[DEBUG] [39;1msnarkJS[0m: tauG2: fft 20 mix end: 34/64
[36;22m[DEBUG] [39;1msnarkJS[0m: tauG2: fft 20 mix end: 50/64
[36;22m[DEBUG] [39;1msnarkJS[0m: tauG2: fft 20 mix end: 32/64
[36;22m[DEBUG] [39;1msnarkJS[0m: tauG2: fft 20 mix end: 38/64
[36;22m[DEBUG] [39;1msnarkJS[0m: tauG2: fft 20 mix end: 46/64
[36;22m[DEBUG] [39;1msnarkJS[0m: tauG2: fft 20 mix end: 51/64
[36;22m[DEBUG] [39;1msnarkJS[0m: tauG2: fft 20 mix end: 47/64
[36;22m[DEBUG] [39;1msnarkJS[0m: tauG2: fft 20 mix end: 41/64
[36;22m[DEBUG] [39;1msnarkJS[0m: tauG2: fft 20 mix end: 52/64
[36;22m[DEBUG] [39;1msnarkJS[0m: tauG2: fft 20 mix end: 43/64
[36;22m[DEBUG] [39;1msnarkJS[0m: tauG2: fft 20 mix end: 54/64
[36;22m[DEBUG] [39;1msnarkJS[0m: tauG2: fft 20 mix end: 49/64
[36;22m[DEBUG] [39;1msnarkJS[0m: tauG2: fft 20 mix end: 40/64
[36;22m[DEBUG] [39;1msnarkJS[0m: tauG2: fft 20 mix end: 58/64
[36;22m[DEBUG] [39;1msnarkJS[0m: tauG2: fft 20 mix end: 44/64
[36;22m[DEBUG] [39;1msnarkJS[0m: tauG2: fft 20 mix end: 39/64
[36;22m[DEBUG] [39;1msnarkJS[0m: tauG2: fft 20 mix end: 60/64
[36;22m[DEBUG] [39;1msnarkJS[0m: tauG2: fft 20 mix end: 42/64
[36;22m[DEBUG] [39;1msnarkJS[0m: tauG2: fft 20 mix end: 55/64
[36;22m[DEBUG] [39;1msnarkJS[0m: tauG2: fft 20 mix end: 48/64
[36;22m[DEBUG] [39;1msnarkJS[0m: tauG2: fft 20 mix end: 45/64
[36;22m[DEBUG] [39;1msnarkJS[0m: tauG2: fft 20 mix end: 56/64
[36;22m[DEBUG] [39;1msnarkJS[0m: tauG2: fft 20 mix end: 57/64
[36;22m[DEBUG] [39;1msnarkJS[0m: tauG2: fft 20 mix end: 59/64
[36;22m[DEBUG] [39;1msnarkJS[0m: tauG2: fft 20 mix end: 63/64
[36;22m[DEBUG] [39;1msnarkJS[0m: tauG2: fft 20 mix end: 62/64
[36;22m[DEBUG] [39;1msnarkJS[0m: tauG2: fft 20 mix end: 61/64
[36;22m[DEBUG] [39;1msnarkJS[0m: tauG2: fft  20  join: 15/20
[36;22m[DEBUG] [39;1msnarkJS[0m: tauG2: fft 20 join  15/20  5/32 0/1
[36;22m[DEBUG] [39;1msnarkJS[0m: tauG2: fft 20 join  15/20  17/32 0/1
[36;22m[DEBUG] [39;1msnarkJS[0m: tauG2: fft 20 join  15/20  18/32 0/1
[36;22m[DEBUG] [39;1msnarkJS[0m: tauG2: fft 20 join  15/20  19/32 0/1
[36;22m[DEBUG] [39;1msnarkJS[0m: tauG2: fft 20 join  15/20  30/32 0/1
[36;22m[DEBUG] [39;1msnarkJS[0m: tauG2: fft 20 join  15/20  22/32 0/1
[36;22m[DEBUG] [39;1msnarkJS[0m: tauG2: fft 20 join  15/20  3/32 0/1
[36;22m[DEBUG] [39;1msnarkJS[0m: tauG2: fft 20 join  15/20  12/32 0/1
[36;22m[DEBUG] [39;1msnarkJS[0m: tauG2: fft 20 join  15/20  24/32 0/1
[36;22m[DEBUG] [39;1msnarkJS[0m: tauG2: fft 20 join  15/20  13/32 0/1
[36;22m[DEBUG] [39;1msnarkJS[0m: tauG2: fft 20 join  15/20  28/32 0/1
[36;22m[DEBUG] [39;1msnarkJS[0m: tauG2: fft 20 join  15/20  27/32 0/1
[36;22m[DEBUG] [39;1msnarkJS[0m: tauG2: fft 20 join  15/20  32/32 0/1
[36;22m[DEBUG] [39;1msnarkJS[0m: tauG2: fft 20 join  15/20  2/32 0/1
[36;22m[DEBUG] [39;1msnarkJS[0m: tauG2: fft 20 join  15/20  23/32 0/1
[36;22m[DEBUG] [39;1msnarkJS[0m: tauG2: fft 20 join  15/20  14/32 0/1
[36;22m[DEBUG] [39;1msnarkJS[0m: tauG2: fft 20 join  15/20  31/32 0/1
[36;22m[DEBUG] [39;1msnarkJS[0m: tauG2: fft 20 join  15/20  20/32 0/1
[36;22m[DEBUG] [39;1msnarkJS[0m: tauG2: fft 20 join  15/20  4/32 0/1
[36;22m[DEBUG] [39;1msnarkJS[0m: tauG2: fft 20 join  15/20  26/32 0/1
[36;22m[DEBUG] [39;1msnarkJS[0m: tauG2: fft 20 join  15/20  29/32 0/1
[36;22m[DEBUG] [39;1msnarkJS[0m: tauG2: fft 20 join  15/20  6/32 0/1
[36;22m[DEBUG] [39;1msnarkJS[0m: tauG2: fft 20 join  15/20  21/32 0/1
[36;22m[DEBUG] [39;1msnarkJS[0m: tauG2: fft 20 join  15/20  10/32 0/1
[36;22m[DEBUG] [39;1msnarkJS[0m: tauG2: fft 20 join  15/20  9/32 0/1
[36;22m[DEBUG] [39;1msnarkJS[0m: tauG2: fft 20 join  15/20  15/32 0/1
[36;22m[DEBUG] [39;1msnarkJS[0m: tauG2: fft 20 join  15/20  8/32 0/1
[36;22m[DEBUG] [39;1msnarkJS[0m: tauG2: fft 20 join  15/20  25/32 0/1
[36;22m[DEBUG] [39;1msnarkJS[0m: tauG2: fft 20 join  15/20  16/32 0/1
[36;22m[DEBUG] [39;1msnarkJS[0m: tauG2: fft 20 join  15/20  11/32 0/1
[36;22m[DEBUG] [39;1msnarkJS[0m: tauG2: fft 20 join  15/20  7/32 0/1
[36;22m[DEBUG] [39;1msnarkJS[0m: tauG2: fft 20 join  15/20  1/32 0/1
[36;22m[DEBUG] [39;1msnarkJS[0m: tauG2: fft  20  join: 16/20
[36;22m[DEBUG] [39;1msnarkJS[0m: tauG2: fft 20 join  16/20  11/16 1/2
[36;22m[DEBUG] [39;1msnarkJS[0m: tauG2: fft 20 join  16/20  6/16 0/2
[36;22m[DEBUG] [39;1msnarkJS[0m: tauG2: fft 20 join  16/20  7/16 1/2
[36;22m[DEBUG] [39;1msnarkJS[0m: tauG2: fft 20 join  16/20  9/16 1/2
[36;22m[DEBUG] [39;1msnarkJS[0m: tauG2: fft 20 join  16/20  2/16 0/2
[36;22m[DEBUG] [39;1msnarkJS[0m: tauG2: fft 20 join  16/20  15/16 0/2
[36;22m[DEBUG] [39;1msnarkJS[0m: tauG2: fft 20 join  16/20  9/16 0/2
[36;22m[DEBUG] [39;1msnarkJS[0m: tauG2: fft 20 join  16/20  14/16 1/2
[36;22m[DEBUG] [39;1msnarkJS[0m: tauG2: fft 20 join  16/20  8/16 0/2
[36;22m[DEBUG] [39;1msnarkJS[0m: tauG2: fft 20 join  16/20  6/16 1/2
[36;22m[DEBUG] [39;1msnarkJS[0m: tauG2: fft 20 join  16/20  15/16 1/2
[36;22m[DEBUG] [39;1msnarkJS[0m: tauG2: fft 20 join  16/20  14/16 0/2
[36;22m[DEBUG] [39;1msnarkJS[0m: tauG2: fft 20 join  16/20  7/16 0/2
[36;22m[DEBUG] [39;1msnarkJS[0m: tauG2: fft 20 join  16/20  1/16 1/2
[36;22m[DEBUG] [39;1msnarkJS[0m: tauG2: fft 20 join  16/20  12/16 1/2
[36;22m[DEBUG] [39;1msnarkJS[0m: tauG2: fft 20 join  16/20  13/16 0/2
[36;22m[DEBUG] [39;1msnarkJS[0m: tauG2: fft 20 join  16/20  16/16 1/2
[36;22m[DEBUG] [39;1msnarkJS[0m: tauG2: fft 20 join  16/20  5/16 0/2
[36;22m[DEBUG] [39;1msnarkJS[0m: tauG2: fft 20 join  16/20  16/16 0/2
[36;22m[DEBUG] [39;1msnarkJS[0m: tauG2: fft 20 join  16/20  8/16 1/2
[36;22m[DEBUG] [39;1msnarkJS[0m: tauG2: fft 20 join  16/20  12/16 0/2
[36;22m[DEBUG] [39;1msnarkJS[0m: tauG2: fft 20 join  16/20  13/16 1/2
[36;22m[DEBUG] [39;1msnarkJS[0m: tauG2: fft 20 join  16/20  2/16 1/2
[36;22m[DEBUG] [39;1msnarkJS[0m: tauG2: fft 20 join  16/20  1/16 0/2
[36;22m[DEBUG] [39;1msnarkJS[0m: tauG2: fft 20 join  16/20  5/16 1/2
[36;22m[DEBUG] [39;1msnarkJS[0m: tauG2: fft 20 join  16/20  3/16 1/2
[36;22m[DEBUG] [39;1msnarkJS[0m: tauG2: fft 20 join  16/20  4/16 0/2
[36;22m[DEBUG] [39;1msnarkJS[0m: tauG2: fft 20 join  16/20  11/16 0/2
[36;22m[DEBUG] [39;1msnarkJS[0m: tauG2: fft 20 join  16/20  3/16 0/2
[36;22m[DEBUG] [39;1msnarkJS[0m: tauG2: fft 20 join  16/20  10/16 0/2
[36;22m[DEBUG] [39;1msnarkJS[0m: tauG2: fft 20 join  16/20  10/16 1/2
[36;22m[DEBUG] [39;1msnarkJS[0m: tauG2: fft 20 join  16/20  4/16 1/2
[36;22m[DEBUG] [39;1msnarkJS[0m: tauG2: fft  20  join: 17/20
[36;22m[DEBUG] [39;1msnarkJS[0m: tauG2: fft 20 join  17/20  5/8 3/4
[36;22m[DEBUG] [39;1msnarkJS[0m: tauG2: fft 20 join  17/20  3/8 1/4
[36;22m[DEBUG] [39;1msnarkJS[0m: tauG2: fft 20 join  17/20  4/8 1/4
[36;22m[DEBUG] [39;1msnarkJS[0m: tauG2: fft 20 join  17/20  3/8 0/4
[36;22m[DEBUG] [39;1msnarkJS[0m: tauG2: fft 20 join  17/20  4/8 0/4
[36;22m[DEBUG] [39;1msnarkJS[0m: tauG2: fft 20 join  17/20  3/8 3/4
[36;22m[DEBUG] [39;1msnarkJS[0m: tauG2: fft 20 join  17/20  8/8 0/4
[36;22m[DEBUG] [39;1msnarkJS[0m: tauG2: fft 20 join  17/20  2/8 1/4
[36;22m[DEBUG] [39;1msnarkJS[0m: tauG2: fft 20 join  17/20  1/8 2/4
[36;22m[DEBUG] [39;1msnarkJS[0m: tauG2: fft 20 join  17/20  7/8 0/4
[36;22m[DEBUG] [39;1msnarkJS[0m: tauG2: fft 20 join  17/20  8/8 3/4
[36;22m[DEBUG] [39;1msnarkJS[0m: tauG2: fft 20 join  17/20  5/8 0/4
[36;22m[DEBUG] [39;1msnarkJS[0m: tauG2: fft 20 join  17/20  7/8 1/4
[36;22m[DEBUG] [39;1msnarkJS[0m: tauG2: fft 20 join  17/20  7/8 2/4
[36;22m[DEBUG] [39;1msnarkJS[0m: tauG2: fft 20 join  17/20  6/8 3/4
[36;22m[DEBUG] [39;1msnarkJS[0m: tauG2: fft 20 join  17/20  2/8 0/4
[36;22m[DEBUG] [39;1msnarkJS[0m: tauG2: fft 20 join  17/20  1/8 3/4
[36;22m[DEBUG] [39;1msnarkJS[0m: tauG2: fft 20 join  17/20  8/8 1/4
[36;22m[DEBUG] [39;1msnarkJS[0m: tauG2: fft 20 join  17/20  1/8 1/4
[36;22m[DEBUG] [39;1msnarkJS[0m: tauG2: fft 20 join  17/20  6/8 0/4
[36;22m[DEBUG] [39;1msnarkJS[0m: tauG2: fft 20 join  17/20  1/8 0/4
[36;22m[DEBUG] [39;1msnarkJS[0m: tauG2: fft 20 join  17/20  7/8 3/4
[36;22m[DEBUG] [39;1msnarkJS[0m: tauG2: fft 20 join  17/20  8/8 2/4
[36;22m[DEBUG] [39;1msnarkJS[0m: tauG2: fft 20 join  17/20  5/8 2/4
[36;22m[DEBUG] [39;1msnarkJS[0m: tauG2: fft 20 join  17/20  6/8 1/4
[36;22m[DEBUG] [39;1msnarkJS[0m: tauG2: fft 20 join  17/20  3/8 2/4
[36;22m[DEBUG] [39;1msnarkJS[0m: tauG2: fft 20 join  17/20  5/8 1/4
[36;22m[DEBUG] [39;1msnarkJS[0m: tauG2: fft 20 join  17/20  2/8 3/4
[36;22m[DEBUG] [39;1msnarkJS[0m: tauG2: fft 20 join  17/20  6/8 2/4
[36;22m[DEBUG] [39;1msnarkJS[0m: tauG2: fft 20 join  17/20  4/8 2/4
[36;22m[DEBUG] [39;1msnarkJS[0m: tauG2: fft 20 join  17/20  2/8 2/4
[36;22m[DEBUG] [39;1msnarkJS[0m: tauG2: fft 20 join  17/20  4/8 3/4
[36;22m[DEBUG] [39;1msnarkJS[0m: tauG2: fft  20  join: 18/20
[36;22m[DEBUG] [39;1msnarkJS[0m: tauG2: fft 20 join  18/20  2/4 0/8
[36;22m[DEBUG] [39;1msnarkJS[0m: tauG2: fft 20 join  18/20  4/4 0/8
[36;22m[DEBUG] [39;1msnarkJS[0m: tauG2: fft 20 join  18/20  4/4 2/8
[36;22m[DEBUG] [39;1msnarkJS[0m: tauG2: fft 20 join  18/20  3/4 1/8
[36;22m[DEBUG] [39;1msnarkJS[0m: tauG2: fft 20 join  18/20  1/4 2/8
[36;22m[DEBUG] [39;1msnarkJS[0m: tauG2: fft 20 join  18/20  2/4 5/8
[36;22m[DEBUG] [39;1msnarkJS[0m: tauG2: fft 20 join  18/20  2/4 1/8
[36;22m[DEBUG] [39;1msnarkJS[0m: tauG2: fft 20 join  18/20  2/4 4/8
[36;22m[DEBUG] [39;1msnarkJS[0m: tauG2: fft 20 join  18/20  4/4 4/8
[36;22m[DEBUG] [39;1msnarkJS[0m: tauG2: fft 20 join  18/20  2/4 3/8
[36;22m[DEBUG] [39;1msnarkJS[0m: tauG2: fft 20 join  18/20  3/4 5/8
[36;22m[DEBUG] [39;1msnarkJS[0m: tauG2: fft 20 join  18/20  3/4 7/8
[36;22m[DEBUG] [39;1msnarkJS[0m: tauG2: fft 20 join  18/20  4/4 7/8
[36;22m[DEBUG] [39;1msnarkJS[0m: tauG2: fft 20 join  18/20  3/4 3/8
[36;22m[DEBUG] [39;1msnarkJS[0m: tauG2: fft 20 join  18/20  4/4 5/8
[36;22m[DEBUG] [39;1msnarkJS[0m: tauG2: fft 20 join  18/20  1/4 4/8
[36;22m[DEBUG] [39;1msnarkJS[0m: tauG2: fft 20 join  18/20  1/4 5/8
[36;22m[DEBUG] [39;1msnarkJS[0m: tauG2: fft 20 join  18/20  1/4 6/8
[36;22m[DEBUG] [39;1msnarkJS[0m: tauG2: fft 20 join  18/20  3/4 6/8
[36;22m[DEBUG] [39;1msnarkJS[0m: tauG2: fft 20 join  18/20  2/4 2/8
[36;22m[DEBUG] [39;1msnarkJS[0m: tauG2: fft 20 join  18/20  1/4 1/8
[36;22m[DEBUG] [39;1msnarkJS[0m: tauG2: fft 20 join  18/20  4/4 1/8
[36;22m[DEBUG] [39;1msnarkJS[0m: tauG2: fft 20 join  18/20  4/4 3/8
[36;22m[DEBUG] [39;1msnarkJS[0m: tauG2: fft 20 join  18/20  1/4 7/8
[36;22m[DEBUG] [39;1msnarkJS[0m: tauG2: fft 20 join  18/20  4/4 6/8
[36;22m[DEBUG] [39;1msnarkJS[0m: tauG2: fft 20 join  18/20  1/4 0/8
[36;22m[DEBUG] [39;1msnarkJS[0m: tauG2: fft 20 join  18/20  1/4 3/8
[36;22m[DEBUG] [39;1msnarkJS[0m: tauG2: fft 20 join  18/20  3/4 0/8
[36;22m[DEBUG] [39;1msnarkJS[0m: tauG2: fft 20 join  18/20  2/4 6/8
[36;22m[DEBUG] [39;1msnarkJS[0m: tauG2: fft 20 join  18/20  3/4 4/8
[36;22m[DEBUG] [39;1msnarkJS[0m: tauG2: fft 20 join  18/20  2/4 7/8
[36;22m[DEBUG] [39;1msnarkJS[0m: tauG2: fft 20 join  18/20  3/4 2/8
[36;22m[DEBUG] [39;1msnarkJS[0m: tauG2: fft  20  join: 19/20
[36;22m[DEBUG] [39;1msnarkJS[0m: tauG2: fft 20 join  19/20  2/2 1/16
[36;22m[DEBUG] [39;1msnarkJS[0m: tauG2: fft 20 join  19/20  1/2 13/16
[36;22m[DEBUG] [39;1msnarkJS[0m: tauG2: fft 20 join  19/20  2/2 11/16
[36;22m[DEBUG] [39;1msnarkJS[0m: tauG2: fft 20 join  19/20  1/2 3/16
[36;22m[DEBUG] [39;1msnarkJS[0m: tauG2: fft 20 join  19/20  1/2 4/16
[36;22m[DEBUG] [39;1msnarkJS[0m: tauG2: fft 20 join  19/20  1/2 6/16
[36;22m[DEBUG] [39;1msnarkJS[0m: tauG2: fft 20 join  19/20  1/2 2/16
[36;22m[DEBUG] [39;1msnarkJS[0m: tauG2: fft 20 join  19/20  2/2 14/16
[36;22m[DEBUG] [39;1msnarkJS[0m: tauG2: fft 20 join  19/20  1/2 8/16
[36;22m[DEBUG] [39;1msnarkJS[0m: tauG2: fft 20 join  19/20  2/2 10/16
[36;22m[DEBUG] [39;1msnarkJS[0m: tauG2: fft 20 join  19/20  2/2 13/16
[36;22m[DEBUG] [39;1msnarkJS[0m: tauG2: fft 20 join  19/20  2/2 2/16
[36;22m[DEBUG] [39;1msnarkJS[0m: tauG2: fft 20 join  19/20  2/2 4/16
[36;22m[DEBUG] [39;1msnarkJS[0m: tauG2: fft 20 join  19/20  1/2 1/16
[36;22m[DEBUG] [39;1msnarkJS[0m: tauG2: fft 20 join  19/20  2/2 3/16
[36;22m[DEBUG] [39;1msnarkJS[0m: tauG2: fft 20 join  19/20  2/2 5/16
[36;22m[DEBUG] [39;1msnarkJS[0m: tauG2: fft 20 join  19/20  2/2 7/16
[36;22m[DEBUG] [39;1msnarkJS[0m: tauG2: fft 20 join  19/20  1/2 10/16
[36;22m[DEBUG] [39;1msnarkJS[0m: tauG2: fft 20 join  19/20  1/2 15/16
[36;22m[DEBUG] [39;1msnarkJS[0m: tauG2: fft 20 join  19/20  2/2 15/16
[36;22m[DEBUG] [39;1msnarkJS[0m: tauG2: fft 20 join  19/20  1/2 0/16
[36;22m[DEBUG] [39;1msnarkJS[0m: tauG2: fft 20 join  19/20  1/2 9/16
[36;22m[DEBUG] [39;1msnarkJS[0m: tauG2: fft 20 join  19/20  2/2 6/16
[36;22m[DEBUG] [39;1msnarkJS[0m: tauG2: fft 20 join  19/20  2/2 9/16
[36;22m[DEBUG] [39;1msnarkJS[0m: tauG2: fft 20 join  19/20  1/2 11/16
[36;22m[DEBUG] [39;1msnarkJS[0m: tauG2: fft 20 join  19/20  2/2 8/16
[36;22m[DEBUG] [39;1msnarkJS[0m: tauG2: fft 20 join  19/20  1/2 14/16
[36;22m[DEBUG] [39;1msnarkJS[0m: tauG2: fft 20 join  19/20  2/2 0/16
[36;22m[DEBUG] [39;1msnarkJS[0m: tauG2: fft 20 join  19/20  1/2 7/16
[36;22m[DEBUG] [39;1msnarkJS[0m: tauG2: fft 20 join  19/20  2/2 12/16
[36;22m[DEBUG] [39;1msnarkJS[0m: tauG2: fft 20 join  19/20  1/2 5/16
[36;22m[DEBUG] [39;1msnarkJS[0m: tauG2: fft 20 join  19/20  1/2 12/16
[36;22m[DEBUG] [39;1msnarkJS[0m: tauG2: fft  20  join: 20/20
[36;22m[DEBUG] [39;1msnarkJS[0m: tauG2: fft 20 join  20/20  1/1 1/32
[36;22m[DEBUG] [39;1msnarkJS[0m: tauG2: fft 20 join  20/20  1/1 19/32
[36;22m[DEBUG] [39;1msnarkJS[0m: tauG2: fft 20 join  20/20  1/1 12/32
[36;22m[DEBUG] [39;1msnarkJS[0m: tauG2: fft 20 join  20/20  1/1 17/32
[36;22m[DEBUG] [39;1msnarkJS[0m: tauG2: fft 20 join  20/20  1/1 16/32
[36;22m[DEBUG] [39;1msnarkJS[0m: tauG2: fft 20 join  20/20  1/1 10/32
[36;22m[DEBUG] [39;1msnarkJS[0m: tauG2: fft 20 join  20/20  1/1 7/32
[36;22m[DEBUG] [39;1msnarkJS[0m: tauG2: fft 20 join  20/20  1/1 4/32
[36;22m[DEBUG] [39;1msnarkJS[0m: tauG2: fft 20 join  20/20  1/1 21/32
[36;22m[DEBUG] [39;1msnarkJS[0m: tauG2: fft 20 join  20/20  1/1 26/32
[36;22m[DEBUG] [39;1msnarkJS[0m: tauG2: fft 20 join  20/20  1/1 27/32
[36;22m[DEBUG] [39;1msnarkJS[0m: tauG2: fft 20 join  20/20  1/1 20/32
[36;22m[DEBUG] [39;1msnarkJS[0m: tauG2: fft 20 join  20/20  1/1 0/32
[36;22m[DEBUG] [39;1msnarkJS[0m: tauG2: fft 20 join  20/20  1/1 29/32
[36;22m[DEBUG] [39;1msnarkJS[0m: tauG2: fft 20 join  20/20  1/1 2/32
[36;22m[DEBUG] [39;1msnarkJS[0m: tauG2: fft 20 join  20/20  1/1 11/32
[36;22m[DEBUG] [39;1msnarkJS[0m: tauG2: fft 20 join  20/20  1/1 5/32
[36;22m[DEBUG] [39;1msnarkJS[0m: tauG2: fft 20 join  20/20  1/1 31/32
[36;22m[DEBUG] [39;1msnarkJS[0m: tauG2: fft 20 join  20/20  1/1 9/32
[36;22m[DEBUG] [39;1msnarkJS[0m: tauG2: fft 20 join  20/20  1/1 30/32
[36;22m[DEBUG] [39;1msnarkJS[0m: tauG2: fft 20 join  20/20  1/1 6/32
[36;22m[DEBUG] [39;1msnarkJS[0m: tauG2: fft 20 join  20/20  1/1 18/32
[36;22m[DEBUG] [39;1msnarkJS[0m: tauG2: fft 20 join  20/20  1/1 23/32
[36;22m[DEBUG] [39;1msnarkJS[0m: tauG2: fft 20 join  20/20  1/1 25/32
[36;22m[DEBUG] [39;1msnarkJS[0m: tauG2: fft 20 join  20/20  1/1 15/32
[36;22m[DEBUG] [39;1msnarkJS[0m: tauG2: fft 20 join  20/20  1/1 13/32
[36;22m[DEBUG] [39;1msnarkJS[0m: tauG2: fft 20 join  20/20  1/1 3/32
[36;22m[DEBUG] [39;1msnarkJS[0m: tauG2: fft 20 join  20/20  1/1 22/32
[36;22m[DEBUG] [39;1msnarkJS[0m: tauG2: fft 20 join  20/20  1/1 8/32
[36;22m[DEBUG] [39;1msnarkJS[0m: tauG2: fft 20 join  20/20  1/1 24/32
[36;22m[DEBUG] [39;1msnarkJS[0m: tauG2: fft 20 join  20/20  1/1 14/32
[36;22m[DEBUG] [39;1msnarkJS[0m: tauG2: fft 20 join  20/20  1/1 28/32
[36;22m[DEBUG] [39;1msnarkJS[0m: tauG2: fft 21 mix start: 0/128
[36;22m[DEBUG] [39;1msnarkJS[0m: tauG2: fft 21 mix start: 1/128
[36;22m[DEBUG] [39;1msnarkJS[0m: tauG2: fft 21 mix start: 2/128
[36;22m[DEBUG] [39;1msnarkJS[0m: tauG2: fft 21 mix start: 3/128
[36;22m[DEBUG] [39;1msnarkJS[0m: tauG2: fft 21 mix start: 4/128
[36;22m[DEBUG] [39;1msnarkJS[0m: tauG2: fft 21 mix start: 5/128
[36;22m[DEBUG] [39;1msnarkJS[0m: tauG2: fft 21 mix start: 6/128
[36;22m[DEBUG] [39;1msnarkJS[0m: tauG2: fft 21 mix start: 7/128
[36;22m[DEBUG] [39;1msnarkJS[0m: tauG2: fft 21 mix start: 8/128
[36;22m[DEBUG] [39;1msnarkJS[0m: tauG2: fft 21 mix start: 9/128
[36;22m[DEBUG] [39;1msnarkJS[0m: tauG2: fft 21 mix start: 10/128
[36;22m[DEBUG] [39;1msnarkJS[0m: tauG2: fft 21 mix start: 11/128
[36;22m[DEBUG] [39;1msnarkJS[0m: tauG2: fft 21 mix start: 12/128
[36;22m[DEBUG] [39;1msnarkJS[0m: tauG2: fft 21 mix start: 13/128
[36;22m[DEBUG] [39;1msnarkJS[0m: tauG2: fft 21 mix start: 14/128
[36;22m[DEBUG] [39;1msnarkJS[0m: tauG2: fft 21 mix start: 15/128
[36;22m[DEBUG] [39;1msnarkJS[0m: tauG2: fft 21 mix start: 16/128
[36;22m[DEBUG] [39;1msnarkJS[0m: tauG2: fft 21 mix start: 17/128
[36;22m[DEBUG] [39;1msnarkJS[0m: tauG2: fft 21 mix start: 18/128
[36;22m[DEBUG] [39;1msnarkJS[0m: tauG2: fft 21 mix start: 19/128
[36;22m[DEBUG] [39;1msnarkJS[0m: tauG2: fft 21 mix start: 20/128
[36;22m[DEBUG] [39;1msnarkJS[0m: tauG2: fft 21 mix start: 21/128
[36;22m[DEBUG] [39;1msnarkJS[0m: tauG2: fft 21 mix start: 22/128
[36;22m[DEBUG] [39;1msnarkJS[0m: tauG2: fft 21 mix start: 23/128
[36;22m[DEBUG] [39;1msnarkJS[0m: tauG2: fft 21 mix start: 24/128
[36;22m[DEBUG] [39;1msnarkJS[0m: tauG2: fft 21 mix start: 25/128
[36;22m[DEBUG] [39;1msnarkJS[0m: tauG2: fft 21 mix start: 26/128
[36;22m[DEBUG] [39;1msnarkJS[0m: tauG2: fft 21 mix start: 27/128
[36;22m[DEBUG] [39;1msnarkJS[0m: tauG2: fft 21 mix start: 28/128
[36;22m[DEBUG] [39;1msnarkJS[0m: tauG2: fft 21 mix start: 29/128
[36;22m[DEBUG] [39;1msnarkJS[0m: tauG2: fft 21 mix start: 30/128
[36;22m[DEBUG] [39;1msnarkJS[0m: tauG2: fft 21 mix start: 31/128
[36;22m[DEBUG] [39;1msnarkJS[0m: tauG2: fft 21 mix start: 32/128
[36;22m[DEBUG] [39;1msnarkJS[0m: tauG2: fft 21 mix start: 33/128
[36;22m[DEBUG] [39;1msnarkJS[0m: tauG2: fft 21 mix start: 34/128
[36;22m[DEBUG] [39;1msnarkJS[0m: tauG2: fft 21 mix start: 35/128
[36;22m[DEBUG] [39;1msnarkJS[0m: tauG2: fft 21 mix start: 36/128
[36;22m[DEBUG] [39;1msnarkJS[0m: tauG2: fft 21 mix start: 37/128
[36;22m[DEBUG] [39;1msnarkJS[0m: tauG2: fft 21 mix start: 38/128
[36;22m[DEBUG] [39;1msnarkJS[0m: tauG2: fft 21 mix start: 39/128
[36;22m[DEBUG] [39;1msnarkJS[0m: tauG2: fft 21 mix start: 40/128
[36;22m[DEBUG] [39;1msnarkJS[0m: tauG2: fft 21 mix start: 41/128
[36;22m[DEBUG] [39;1msnarkJS[0m: tauG2: fft 21 mix start: 42/128
[36;22m[DEBUG] [39;1msnarkJS[0m: tauG2: fft 21 mix start: 43/128
[36;22m[DEBUG] [39;1msnarkJS[0m: tauG2: fft 21 mix start: 44/128
[36;22m[DEBUG] [39;1msnarkJS[0m: tauG2: fft 21 mix start: 45/128
[36;22m[DEBUG] [39;1msnarkJS[0m: tauG2: fft 21 mix start: 46/128
[36;22m[DEBUG] [39;1msnarkJS[0m: tauG2: fft 21 mix start: 47/128
[36;22m[DEBUG] [39;1msnarkJS[0m: tauG2: fft 21 mix start: 48/128
[36;22m[DEBUG] [39;1msnarkJS[0m: tauG2: fft 21 mix start: 49/128
[36;22m[DEBUG] [39;1msnarkJS[0m: tauG2: fft 21 mix start: 50/128
[36;22m[DEBUG] [39;1msnarkJS[0m: tauG2: fft 21 mix start: 51/128
[36;22m[DEBUG] [39;1msnarkJS[0m: tauG2: fft 21 mix start: 52/128
[36;22m[DEBUG] [39;1msnarkJS[0m: tauG2: fft 21 mix start: 53/128
[36;22m[DEBUG] [39;1msnarkJS[0m: tauG2: fft 21 mix start: 54/128
[36;22m[DEBUG] [39;1msnarkJS[0m: tauG2: fft 21 mix start: 55/128
[36;22m[DEBUG] [39;1msnarkJS[0m: tauG2: fft 21 mix start: 56/128
[36;22m[DEBUG] [39;1msnarkJS[0m: tauG2: fft 21 mix start: 57/128
[36;22m[DEBUG] [39;1msnarkJS[0m: tauG2: fft 21 mix start: 58/128
[36;22m[DEBUG] [39;1msnarkJS[0m: tauG2: fft 21 mix start: 59/128
[36;22m[DEBUG] [39;1msnarkJS[0m: tauG2: fft 21 mix start: 60/128
[36;22m[DEBUG] [39;1msnarkJS[0m: tauG2: fft 21 mix start: 61/128
[36;22m[DEBUG] [39;1msnarkJS[0m: tauG2: fft 21 mix start: 62/128
[36;22m[DEBUG] [39;1msnarkJS[0m: tauG2: fft 21 mix start: 63/128
[36;22m[DEBUG] [39;1msnarkJS[0m: tauG2: fft 21 mix start: 64/128
[36;22m[DEBUG] [39;1msnarkJS[0m: tauG2: fft 21 mix start: 65/128
[36;22m[DEBUG] [39;1msnarkJS[0m: tauG2: fft 21 mix start: 66/128
[36;22m[DEBUG] [39;1msnarkJS[0m: tauG2: fft 21 mix start: 67/128
[36;22m[DEBUG] [39;1msnarkJS[0m: tauG2: fft 21 mix start: 68/128
[36;22m[DEBUG] [39;1msnarkJS[0m: tauG2: fft 21 mix start: 69/128
[36;22m[DEBUG] [39;1msnarkJS[0m: tauG2: fft 21 mix start: 70/128
[36;22m[DEBUG] [39;1msnarkJS[0m: tauG2: fft 21 mix start: 71/128
[36;22m[DEBUG] [39;1msnarkJS[0m: tauG2: fft 21 mix start: 72/128
[36;22m[DEBUG] [39;1msnarkJS[0m: tauG2: fft 21 mix start: 73/128
[36;22m[DEBUG] [39;1msnarkJS[0m: tauG2: fft 21 mix start: 74/128
[36;22m[DEBUG] [39;1msnarkJS[0m: tauG2: fft 21 mix start: 75/128
[36;22m[DEBUG] [39;1msnarkJS[0m: tauG2: fft 21 mix start: 76/128
[36;22m[DEBUG] [39;1msnarkJS[0m: tauG2: fft 21 mix start: 77/128
[36;22m[DEBUG] [39;1msnarkJS[0m: tauG2: fft 21 mix start: 78/128
[36;22m[DEBUG] [39;1msnarkJS[0m: tauG2: fft 21 mix start: 79/128
[36;22m[DEBUG] [39;1msnarkJS[0m: tauG2: fft 21 mix start: 80/128
[36;22m[DEBUG] [39;1msnarkJS[0m: tauG2: fft 21 mix start: 81/128
[36;22m[DEBUG] [39;1msnarkJS[0m: tauG2: fft 21 mix start: 82/128
[36;22m[DEBUG] [39;1msnarkJS[0m: tauG2: fft 21 mix start: 83/128
[36;22m[DEBUG] [39;1msnarkJS[0m: tauG2: fft 21 mix start: 84/128
[36;22m[DEBUG] [39;1msnarkJS[0m: tauG2: fft 21 mix start: 85/128
[36;22m[DEBUG] [39;1msnarkJS[0m: tauG2: fft 21 mix start: 86/128
[36;22m[DEBUG] [39;1msnarkJS[0m: tauG2: fft 21 mix start: 87/128
[36;22m[DEBUG] [39;1msnarkJS[0m: tauG2: fft 21 mix start: 88/128
[36;22m[DEBUG] [39;1msnarkJS[0m: tauG2: fft 21 mix start: 89/128
[36;22m[DEBUG] [39;1msnarkJS[0m: tauG2: fft 21 mix start: 90/128
[36;22m[DEBUG] [39;1msnarkJS[0m: tauG2: fft 21 mix start: 91/128
[36;22m[DEBUG] [39;1msnarkJS[0m: tauG2: fft 21 mix start: 92/128
[36;22m[DEBUG] [39;1msnarkJS[0m: tauG2: fft 21 mix start: 93/128
[36;22m[DEBUG] [39;1msnarkJS[0m: tauG2: fft 21 mix start: 94/128
[36;22m[DEBUG] [39;1msnarkJS[0m: tauG2: fft 21 mix start: 95/128
[36;22m[DEBUG] [39;1msnarkJS[0m: tauG2: fft 21 mix start: 96/128
[36;22m[DEBUG] [39;1msnarkJS[0m: tauG2: fft 21 mix start: 97/128
[36;22m[DEBUG] [39;1msnarkJS[0m: tauG2: fft 21 mix start: 98/128
[36;22m[DEBUG] [39;1msnarkJS[0m: tauG2: fft 21 mix start: 99/128
[36;22m[DEBUG] [39;1msnarkJS[0m: tauG2: fft 21 mix start: 100/128
[36;22m[DEBUG] [39;1msnarkJS[0m: tauG2: fft 21 mix start: 101/128
[36;22m[DEBUG] [39;1msnarkJS[0m: tauG2: fft 21 mix start: 102/128
[36;22m[DEBUG] [39;1msnarkJS[0m: tauG2: fft 21 mix start: 103/128
[36;22m[DEBUG] [39;1msnarkJS[0m: tauG2: fft 21 mix start: 104/128
[36;22m[DEBUG] [39;1msnarkJS[0m: tauG2: fft 21 mix start: 105/128
[36;22m[DEBUG] [39;1msnarkJS[0m: tauG2: fft 21 mix start: 106/128
[36;22m[DEBUG] [39;1msnarkJS[0m: tauG2: fft 21 mix start: 107/128
[36;22m[DEBUG] [39;1msnarkJS[0m: tauG2: fft 21 mix start: 108/128
[36;22m[DEBUG] [39;1msnarkJS[0m: tauG2: fft 21 mix start: 109/128
[36;22m[DEBUG] [39;1msnarkJS[0m: tauG2: fft 21 mix start: 110/128
[36;22m[DEBUG] [39;1msnarkJS[0m: tauG2: fft 21 mix start: 111/128
[36;22m[DEBUG] [39;1msnarkJS[0m: tauG2: fft 21 mix start: 112/128
[36;22m[DEBUG] [39;1msnarkJS[0m: tauG2: fft 21 mix start: 113/128
[36;22m[DEBUG] [39;1msnarkJS[0m: tauG2: fft 21 mix start: 114/128
[36;22m[DEBUG] [39;1msnarkJS[0m: tauG2: fft 21 mix start: 115/128
[36;22m[DEBUG] [39;1msnarkJS[0m: tauG2: fft 21 mix start: 116/128
[36;22m[DEBUG] [39;1msnarkJS[0m: tauG2: fft 21 mix start: 117/128
[36;22m[DEBUG] [39;1msnarkJS[0m: tauG2: fft 21 mix start: 118/128
[36;22m[DEBUG] [39;1msnarkJS[0m: tauG2: fft 21 mix start: 119/128
[36;22m[DEBUG] [39;1msnarkJS[0m: tauG2: fft 21 mix start: 120/128
[36;22m[DEBUG] [39;1msnarkJS[0m: tauG2: fft 21 mix start: 121/128
[36;22m[DEBUG] [39;1msnarkJS[0m: tauG2: fft 21 mix start: 122/128
[36;22m[DEBUG] [39;1msnarkJS[0m: tauG2: fft 21 mix start: 123/128
[36;22m[DEBUG] [39;1msnarkJS[0m: tauG2: fft 21 mix start: 124/128
[36;22m[DEBUG] [39;1msnarkJS[0m: tauG2: fft 21 mix start: 125/128
[36;22m[DEBUG] [39;1msnarkJS[0m: tauG2: fft 21 mix start: 126/128
[36;22m[DEBUG] [39;1msnarkJS[0m: tauG2: fft 21 mix start: 127/128
[36;22m[DEBUG] [39;1msnarkJS[0m: tauG2: fft 21 mix end: 15/128
[36;22m[DEBUG] [39;1msnarkJS[0m: tauG2: fft 21 mix end: 7/128
[36;22m[DEBUG] [39;1msnarkJS[0m: tauG2: fft 21 mix end: 23/128
[36;22m[DEBUG] [39;1msnarkJS[0m: tauG2: fft 21 mix end: 4/128
[36;22m[DEBUG] [39;1msnarkJS[0m: tauG2: fft 21 mix end: 3/128
[36;22m[DEBUG] [39;1msnarkJS[0m: tauG2: fft 21 mix end: 10/128
[36;22m[DEBUG] [39;1msnarkJS[0m: tauG2: fft 21 mix end: 20/128
[36;22m[DEBUG] [39;1msnarkJS[0m: tauG2: fft 21 mix end: 17/128
[36;22m[DEBUG] [39;1msnarkJS[0m: tauG2: fft 21 mix end: 13/128
[36;22m[DEBUG] [39;1msnarkJS[0m: tauG2: fft 21 mix end: 11/128
[36;22m[DEBUG] [39;1msnarkJS[0m: tauG2: fft 21 mix end: 16/128
[36;22m[DEBUG] [39;1msnarkJS[0m: tauG2: fft 21 mix end: 0/128
[36;22m[DEBUG] [39;1msnarkJS[0m: tauG2: fft 21 mix end: 1/128
[36;22m[DEBUG] [39;1msnarkJS[0m: tauG2: fft 21 mix end: 18/128
[36;22m[DEBUG] [39;1msnarkJS[0m: tauG2: fft 21 mix end: 26/128
[36;22m[DEBUG] [39;1msnarkJS[0m: tauG2: fft 21 mix end: 12/128
[36;22m[DEBUG] [39;1msnarkJS[0m: tauG2: fft 21 mix end: 5/128
[36;22m[DEBUG] [39;1msnarkJS[0m: tauG2: fft 21 mix end: 28/128
[36;22m[DEBUG] [39;1msnarkJS[0m: tauG2: fft 21 mix end: 21/128
[36;22m[DEBUG] [39;1msnarkJS[0m: tauG2: fft 21 mix end: 6/128
[36;22m[DEBUG] [39;1msnarkJS[0m: tauG2: fft 21 mix end: 29/128
[36;22m[DEBUG] [39;1msnarkJS[0m: tauG2: fft 21 mix end: 31/128
[36;22m[DEBUG] [39;1msnarkJS[0m: tauG2: fft 21 mix end: 14/128
[36;22m[DEBUG] [39;1msnarkJS[0m: tauG2: fft 21 mix end: 22/128
[36;22m[DEBUG] [39;1msnarkJS[0m: tauG2: fft 21 mix end: 9/128
[36;22m[DEBUG] [39;1msnarkJS[0m: tauG2: fft 21 mix end: 25/128
[36;22m[DEBUG] [39;1msnarkJS[0m: tauG2: fft 21 mix end: 24/128
[36;22m[DEBUG] [39;1msnarkJS[0m: tauG2: fft 21 mix end: 19/128
[36;22m[DEBUG] [39;1msnarkJS[0m: tauG2: fft 21 mix end: 27/128
[36;22m[DEBUG] [39;1msnarkJS[0m: tauG2: fft 21 mix end: 2/128
[36;22m[DEBUG] [39;1msnarkJS[0m: tauG2: fft 21 mix end: 30/128
[36;22m[DEBUG] [39;1msnarkJS[0m: tauG2: fft 21 mix end: 8/128
[36;22m[DEBUG] [39;1msnarkJS[0m: tauG2: fft 21 mix end: 32/128
[36;22m[DEBUG] [39;1msnarkJS[0m: tauG2: fft 21 mix end: 41/128
[36;22m[DEBUG] [39;1msnarkJS[0m: tauG2: fft 21 mix end: 33/128
[36;22m[DEBUG] [39;1msnarkJS[0m: tauG2: fft 21 mix end: 35/128
[36;22m[DEBUG] [39;1msnarkJS[0m: tauG2: fft 21 mix end: 40/128
[36;22m[DEBUG] [39;1msnarkJS[0m: tauG2: fft 21 mix end: 39/128
[36;22m[DEBUG] [39;1msnarkJS[0m: tauG2: fft 21 mix end: 47/128
[36;22m[DEBUG] [39;1msnarkJS[0m: tauG2: fft 21 mix end: 36/128
[36;22m[DEBUG] [39;1msnarkJS[0m: tauG2: fft 21 mix end: 42/128
[36;22m[DEBUG] [39;1msnarkJS[0m: tauG2: fft 21 mix end: 34/128
[36;22m[DEBUG] [39;1msnarkJS[0m: tauG2: fft 21 mix end: 37/128
[36;22m[DEBUG] [39;1msnarkJS[0m: tauG2: fft 21 mix end: 43/128
[36;22m[DEBUG] [39;1msnarkJS[0m: tauG2: fft 21 mix end: 38/128
[36;22m[DEBUG] [39;1msnarkJS[0m: tauG2: fft 21 mix end: 46/128
[36;22m[DEBUG] [39;1msnarkJS[0m: tauG2: fft 21 mix end: 63/128
[36;22m[DEBUG] [39;1msnarkJS[0m: tauG2: fft 21 mix end: 49/128
[36;22m[DEBUG] [39;1msnarkJS[0m: tauG2: fft 21 mix end: 44/128
[36;22m[DEBUG] [39;1msnarkJS[0m: tauG2: fft 21 mix end: 57/128
[36;22m[DEBUG] [39;1msnarkJS[0m: tauG2: fft 21 mix end: 45/128
[36;22m[DEBUG] [39;1msnarkJS[0m: tauG2: fft 21 mix end: 50/128
[36;22m[DEBUG] [39;1msnarkJS[0m: tauG2: fft 21 mix end: 48/128
[36;22m[DEBUG] [39;1msnarkJS[0m: tauG2: fft 21 mix end: 51/128
[36;22m[DEBUG] [39;1msnarkJS[0m: tauG2: fft 21 mix end: 56/128
[36;22m[DEBUG] [39;1msnarkJS[0m: tauG2: fft 21 mix end: 53/128
[36;22m[DEBUG] [39;1msnarkJS[0m: tauG2: fft 21 mix end: 54/128
[36;22m[DEBUG] [39;1msnarkJS[0m: tauG2: fft 21 mix end: 59/128
[36;22m[DEBUG] [39;1msnarkJS[0m: tauG2: fft 21 mix end: 52/128
[36;22m[DEBUG] [39;1msnarkJS[0m: tauG2: fft 21 mix end: 61/128
[36;22m[DEBUG] [39;1msnarkJS[0m: tauG2: fft 21 mix end: 55/128
[36;22m[DEBUG] [39;1msnarkJS[0m: tauG2: fft 21 mix end: 58/128
[36;22m[DEBUG] [39;1msnarkJS[0m: tauG2: fft 21 mix end: 60/128
[36;22m[DEBUG] [39;1msnarkJS[0m: tauG2: fft 21 mix end: 62/128
[36;22m[DEBUG] [39;1msnarkJS[0m: tauG2: fft 21 mix end: 67/128
[36;22m[DEBUG] [39;1msnarkJS[0m: tauG2: fft 21 mix end: 65/128
[36;22m[DEBUG] [39;1msnarkJS[0m: tauG2: fft 21 mix end: 66/128
[36;22m[DEBUG] [39;1msnarkJS[0m: tauG2: fft 21 mix end: 77/128
[36;22m[DEBUG] [39;1msnarkJS[0m: tauG2: fft 21 mix end: 68/128
[36;22m[DEBUG] [39;1msnarkJS[0m: tauG2: fft 21 mix end: 70/128
[36;22m[DEBUG] [39;1msnarkJS[0m: tauG2: fft 21 mix end: 71/128
[36;22m[DEBUG] [39;1msnarkJS[0m: tauG2: fft 21 mix end: 64/128
[36;22m[DEBUG] [39;1msnarkJS[0m: tauG2: fft 21 mix end: 81/128
[36;22m[DEBUG] [39;1msnarkJS[0m: tauG2: fft 21 mix end: 78/128
[36;22m[DEBUG] [39;1msnarkJS[0m: tauG2: fft 21 mix end: 75/128
[36;22m[DEBUG] [39;1msnarkJS[0m: tauG2: fft 21 mix end: 69/128
[36;22m[DEBUG] [39;1msnarkJS[0m: tauG2: fft 21 mix end: 82/128
[36;22m[DEBUG] [39;1msnarkJS[0m: tauG2: fft 21 mix end: 76/128
[36;22m[DEBUG] [39;1msnarkJS[0m: tauG2: fft 21 mix end: 72/128
[36;22m[DEBUG] [39;1msnarkJS[0m: tauG2: fft 21 mix end: 74/128
[36;22m[DEBUG] [39;1msnarkJS[0m: tauG2: fft 21 mix end: 79/128
[36;22m[DEBUG] [39;1msnarkJS[0m: tauG2: fft 21 mix end: 85/128
[36;22m[DEBUG] [39;1msnarkJS[0m: tauG2: fft 21 mix end: 73/128
[36;22m[DEBUG] [39;1msnarkJS[0m: tauG2: fft 21 mix end: 80/128
[36;22m[DEBUG] [39;1msnarkJS[0m: tauG2: fft 21 mix end: 86/128
[36;22m[DEBUG] [39;1msnarkJS[0m: tauG2: fft 21 mix end: 83/128
[36;22m[DEBUG] [39;1msnarkJS[0m: tauG2: fft 21 mix end: 84/128
[36;22m[DEBUG] [39;1msnarkJS[0m: tauG2: fft 21 mix end: 88/128
[36;22m[DEBUG] [39;1msnarkJS[0m: tauG2: fft 21 mix end: 87/128
[36;22m[DEBUG] [39;1msnarkJS[0m: tauG2: fft 21 mix end: 96/128
[36;22m[DEBUG] [39;1msnarkJS[0m: tauG2: fft 21 mix end: 89/128
[36;22m[DEBUG] [39;1msnarkJS[0m: tauG2: fft 21 mix end: 95/128
[36;22m[DEBUG] [39;1msnarkJS[0m: tauG2: fft 21 mix end: 92/128
[36;22m[DEBUG] [39;1msnarkJS[0m: tauG2: fft 21 mix end: 94/128
[36;22m[DEBUG] [39;1msnarkJS[0m: tauG2: fft 21 mix end: 91/128
[36;22m[DEBUG] [39;1msnarkJS[0m: tauG2: fft 21 mix end: 90/128
[36;22m[DEBUG] [39;1msnarkJS[0m: tauG2: fft 21 mix end: 93/128
[36;22m[DEBUG] [39;1msnarkJS[0m: tauG2: fft 21 mix end: 100/128
[36;22m[DEBUG] [39;1msnarkJS[0m: tauG2: fft 21 mix end: 102/128
[36;22m[DEBUG] [39;1msnarkJS[0m: tauG2: fft 21 mix end: 103/128
[36;22m[DEBUG] [39;1msnarkJS[0m: tauG2: fft 21 mix end: 97/128
[36;22m[DEBUG] [39;1msnarkJS[0m: tauG2: fft 21 mix end: 98/128
[36;22m[DEBUG] [39;1msnarkJS[0m: tauG2: fft 21 mix end: 113/128
[36;22m[DEBUG] [39;1msnarkJS[0m: tauG2: fft 21 mix end: 104/128
[36;22m[DEBUG] [39;1msnarkJS[0m: tauG2: fft 21 mix end: 107/128
[36;22m[DEBUG] [39;1msnarkJS[0m: tauG2: fft 21 mix end: 99/128
[36;22m[DEBUG] [39;1msnarkJS[0m: tauG2: fft 21 mix end: 112/128
[36;22m[DEBUG] [39;1msnarkJS[0m: tauG2: fft 21 mix end: 111/128
[36;22m[DEBUG] [39;1msnarkJS[0m: tauG2: fft 21 mix end: 101/128
[36;22m[DEBUG] [39;1msnarkJS[0m: tauG2: fft 21 mix end: 105/128
[36;22m[DEBUG] [39;1msnarkJS[0m: tauG2: fft 21 mix end: 108/128
[36;22m[DEBUG] [39;1msnarkJS[0m: tauG2: fft 21 mix end: 109/128
[36;22m[DEBUG] [39;1msnarkJS[0m: tauG2: fft 21 mix end: 106/128
[36;22m[DEBUG] [39;1msnarkJS[0m: tauG2: fft 21 mix end: 117/128
[36;22m[DEBUG] [39;1msnarkJS[0m: tauG2: fft 21 mix end: 115/128
[36;22m[DEBUG] [39;1msnarkJS[0m: tauG2: fft 21 mix end: 120/128
[36;22m[DEBUG] [39;1msnarkJS[0m: tauG2: fft 21 mix end: 116/128
[36;22m[DEBUG] [39;1msnarkJS[0m: tauG2: fft 21 mix end: 110/128
[36;22m[DEBUG] [39;1msnarkJS[0m: tauG2: fft 21 mix end: 119/128
[36;22m[DEBUG] [39;1msnarkJS[0m: tauG2: fft 21 mix end: 121/128
[36;22m[DEBUG] [39;1msnarkJS[0m: tauG2: fft 21 mix end: 114/128
[36;22m[DEBUG] [39;1msnarkJS[0m: tauG2: fft 21 mix end: 118/128
[36;22m[DEBUG] [39;1msnarkJS[0m: tauG2: fft 21 mix end: 124/128
[36;22m[DEBUG] [39;1msnarkJS[0m: tauG2: fft 21 mix end: 127/128
[36;22m[DEBUG] [39;1msnarkJS[0m: tauG2: fft 21 mix end: 123/128
[36;22m[DEBUG] [39;1msnarkJS[0m: tauG2: fft 21 mix end: 122/128
[36;22m[DEBUG] [39;1msnarkJS[0m: tauG2: fft 21 mix end: 125/128
[36;22m[DEBUG] [39;1msnarkJS[0m: tauG2: fft 21 mix end: 126/128
[36;22m[DEBUG] [39;1msnarkJS[0m: tauG2: fft  21  join: 15/21
[36;22m[DEBUG] [39;1msnarkJS[0m: tauG2: fft 21 join  15/21  29/64 0/1
[36;22m[DEBUG] [39;1msnarkJS[0m: tauG2: fft 21 join  15/21  15/64 0/1
[36;22m[DEBUG] [39;1msnarkJS[0m: tauG2: fft 21 join  15/21  28/64 0/1
[36;22m[DEBUG] [39;1msnarkJS[0m: tauG2: fft 21 join  15/21  4/64 0/1
[36;22m[DEBUG] [39;1msnarkJS[0m: tauG2: fft 21 join  15/21  22/64 0/1
[36;22m[DEBUG] [39;1msnarkJS[0m: tauG2: fft 21 join  15/21  27/64 0/1
[36;22m[DEBUG] [39;1msnarkJS[0m: tauG2: fft 21 join  15/21  18/64 0/1
[36;22m[DEBUG] [39;1msnarkJS[0m: tauG2: fft 21 join  15/21  3/64 0/1
[36;22m[DEBUG] [39;1msnarkJS[0m: tauG2: fft 21 join  15/21  16/64 0/1
[36;22m[DEBUG] [39;1msnarkJS[0m: tauG2: fft 21 join  15/21  5/64 0/1
[36;22m[DEBUG] [39;1msnarkJS[0m: tauG2: fft 21 join  15/21  23/64 0/1
[36;22m[DEBUG] [39;1msnarkJS[0m: tauG2: fft 21 join  15/21  8/64 0/1
[36;22m[DEBUG] [39;1msnarkJS[0m: tauG2: fft 21 join  15/21  25/64 0/1
[36;22m[DEBUG] [39;1msnarkJS[0m: tauG2: fft 21 join  15/21  31/64 0/1
[36;22m[DEBUG] [39;1msnarkJS[0m: tauG2: fft 21 join  15/21  9/64 0/1
[36;22m[DEBUG] [39;1msnarkJS[0m: tauG2: fft 21 join  15/21  1/64 0/1
[36;22m[DEBUG] [39;1msnarkJS[0m: tauG2: fft 21 join  15/21  21/64 0/1
[36;22m[DEBUG] [39;1msnarkJS[0m: tauG2: fft 21 join  15/21  6/64 0/1
[36;22m[DEBUG] [39;1msnarkJS[0m: tauG2: fft 21 join  15/21  30/64 0/1
[36;22m[DEBUG] [39;1msnarkJS[0m: tauG2: fft 21 join  15/21  10/64 0/1
[36;22m[DEBUG] [39;1msnarkJS[0m: tauG2: fft 21 join  15/21  19/64 0/1
[36;22m[DEBUG] [39;1msnarkJS[0m: tauG2: fft 21 join  15/21  7/64 0/1
[36;22m[DEBUG] [39;1msnarkJS[0m: tauG2: fft 21 join  15/21  11/64 0/1
[36;22m[DEBUG] [39;1msnarkJS[0m: tauG2: fft 21 join  15/21  17/64 0/1
[36;22m[DEBUG] [39;1msnarkJS[0m: tauG2: fft 21 join  15/21  13/64 0/1
[36;22m[DEBUG] [39;1msnarkJS[0m: tauG2: fft 21 join  15/21  14/64 0/1
[36;22m[DEBUG] [39;1msnarkJS[0m: tauG2: fft 21 join  15/21  12/64 0/1
[36;22m[DEBUG] [39;1msnarkJS[0m: tauG2: fft 21 join  15/21  20/64 0/1
[36;22m[DEBUG] [39;1msnarkJS[0m: tauG2: fft 21 join  15/21  32/64 0/1
[36;22m[DEBUG] [39;1msnarkJS[0m: tauG2: fft 21 join  15/21  24/64 0/1
[36;22m[DEBUG] [39;1msnarkJS[0m: tauG2: fft 21 join  15/21  2/64 0/1
[36;22m[DEBUG] [39;1msnarkJS[0m: tauG2: fft 21 join  15/21  26/64 0/1
[36;22m[DEBUG] [39;1msnarkJS[0m: tauG2: fft 21 join  15/21  34/64 0/1
[36;22m[DEBUG] [39;1msnarkJS[0m: tauG2: fft 21 join  15/21  37/64 0/1
[36;22m[DEBUG] [39;1msnarkJS[0m: tauG2: fft 21 join  15/21  35/64 0/1
[36;22m[DEBUG] [39;1msnarkJS[0m: tauG2: fft 21 join  15/21  33/64 0/1
[36;22m[DEBUG] [39;1msnarkJS[0m: tauG2: fft 21 join  15/21  36/64 0/1
[36;22m[DEBUG] [39;1msnarkJS[0m: tauG2: fft 21 join  15/21  40/64 0/1
[36;22m[DEBUG] [39;1msnarkJS[0m: tauG2: fft 21 join  15/21  42/64 0/1
[36;22m[DEBUG] [39;1msnarkJS[0m: tauG2: fft 21 join  15/21  39/64 0/1
[36;22m[DEBUG] [39;1msnarkJS[0m: tauG2: fft 21 join  15/21  43/64 0/1
[36;22m[DEBUG] [39;1msnarkJS[0m: tauG2: fft 21 join  15/21  46/64 0/1
[36;22m[DEBUG] [39;1msnarkJS[0m: tauG2: fft 21 join  15/21  38/64 0/1
[36;22m[DEBUG] [39;1msnarkJS[0m: tauG2: fft 21 join  15/21  47/64 0/1
[36;22m[DEBUG] [39;1msnarkJS[0m: tauG2: fft 21 join  15/21  45/64 0/1
[36;22m[DEBUG] [39;1msnarkJS[0m: tauG2: fft 21 join  15/21  41/64 0/1
[36;22m[DEBUG] [39;1msnarkJS[0m: tauG2: fft 21 join  15/21  53/64 0/1
[36;22m[DEBUG] [39;1msnarkJS[0m: tauG2: fft 21 join  15/21  57/64 0/1
[36;22m[DEBUG] [39;1msnarkJS[0m: tauG2: fft 21 join  15/21  49/64 0/1
[36;22m[DEBUG] [39;1msnarkJS[0m: tauG2: fft 21 join  15/21  48/64 0/1
[36;22m[DEBUG] [39;1msnarkJS[0m: tauG2: fft 21 join  15/21  56/64 0/1
[36;22m[DEBUG] [39;1msnarkJS[0m: tauG2: fft 21 join  15/21  55/64 0/1
[36;22m[DEBUG] [39;1msnarkJS[0m: tauG2: fft 21 join  15/21  44/64 0/1
[36;22m[DEBUG] [39;1msnarkJS[0m: tauG2: fft 21 join  15/21  50/64 0/1
[36;22m[DEBUG] [39;1msnarkJS[0m: tauG2: fft 21 join  15/21  62/64 0/1
[36;22m[DEBUG] [39;1msnarkJS[0m: tauG2: fft 21 join  15/21  52/64 0/1
[36;22m[DEBUG] [39;1msnarkJS[0m: tauG2: fft 21 join  15/21  60/64 0/1
[36;22m[DEBUG] [39;1msnarkJS[0m: tauG2: fft 21 join  15/21  54/64 0/1
[36;22m[DEBUG] [39;1msnarkJS[0m: tauG2: fft 21 join  15/21  51/64 0/1
[36;22m[DEBUG] [39;1msnarkJS[0m: tauG2: fft 21 join  15/21  63/64 0/1
[36;22m[DEBUG] [39;1msnarkJS[0m: tauG2: fft 21 join  15/21  59/64 0/1
[36;22m[DEBUG] [39;1msnarkJS[0m: tauG2: fft 21 join  15/21  58/64 0/1
[36;22m[DEBUG] [39;1msnarkJS[0m: tauG2: fft 21 join  15/21  61/64 0/1
[36;22m[DEBUG] [39;1msnarkJS[0m: tauG2: fft 21 join  15/21  64/64 0/1
[36;22m[DEBUG] [39;1msnarkJS[0m: tauG2: fft  21  join: 16/21
[36;22m[DEBUG] [39;1msnarkJS[0m: tauG2: fft 21 join  16/21  10/32 0/2
[36;22m[DEBUG] [39;1msnarkJS[0m: tauG2: fft 21 join  16/21  8/32 0/2
[36;22m[DEBUG] [39;1msnarkJS[0m: tauG2: fft 21 join  16/21  11/32 0/2
[36;22m[DEBUG] [39;1msnarkJS[0m: tauG2: fft 21 join  16/21  15/32 0/2
[36;22m[DEBUG] [39;1msnarkJS[0m: tauG2: fft 21 join  16/21  4/32 0/2
[36;22m[DEBUG] [39;1msnarkJS[0m: tauG2: fft 21 join  16/21  3/32 1/2
[36;22m[DEBUG] [39;1msnarkJS[0m: tauG2: fft 21 join  16/21  14/32 1/2
[36;22m[DEBUG] [39;1msnarkJS[0m: tauG2: fft 21 join  16/21  8/32 1/2
[36;22m[DEBUG] [39;1msnarkJS[0m: tauG2: fft 21 join  16/21  2/32 0/2
[36;22m[DEBUG] [39;1msnarkJS[0m: tauG2: fft 21 join  16/21  2/32 1/2
[36;22m[DEBUG] [39;1msnarkJS[0m: tauG2: fft 21 join  16/21  16/32 0/2
[36;22m[DEBUG] [39;1msnarkJS[0m: tauG2: fft 21 join  16/21  1/32 1/2
[36;22m[DEBUG] [39;1msnarkJS[0m: tauG2: fft 21 join  16/21  6/32 0/2
[36;22m[DEBUG] [39;1msnarkJS[0m: tauG2: fft 21 join  16/21  3/32 0/2
[36;22m[DEBUG] [39;1msnarkJS[0m: tauG2: fft 21 join  16/21  15/32 1/2
[36;22m[DEBUG] [39;1msnarkJS[0m: tauG2: fft 21 join  16/21  12/32 0/2
[36;22m[DEBUG] [39;1msnarkJS[0m: tauG2: fft 21 join  16/21  5/32 1/2
[36;22m[DEBUG] [39;1msnarkJS[0m: tauG2: fft 21 join  16/21  4/32 1/2
[36;22m[DEBUG] [39;1msnarkJS[0m: tauG2: fft 21 join  16/21  13/32 1/2
[36;22m[DEBUG] [39;1msnarkJS[0m: tauG2: fft 21 join  16/21  11/32 1/2
[36;22m[DEBUG] [39;1msnarkJS[0m: tauG2: fft 21 join  16/21  1/32 0/2
[36;22m[DEBUG] [39;1msnarkJS[0m: tauG2: fft 21 join  16/21  14/32 0/2
[36;22m[DEBUG] [39;1msnarkJS[0m: tauG2: fft 21 join  16/21  7/32 0/2
[36;22m[DEBUG] [39;1msnarkJS[0m: tauG2: fft 21 join  16/21  9/32 1/2
[36;22m[DEBUG] [39;1msnarkJS[0m: tauG2: fft 21 join  16/21  13/32 0/2
[36;22m[DEBUG] [39;1msnarkJS[0m: tauG2: fft 21 join  16/21  16/32 1/2
[36;22m[DEBUG] [39;1msnarkJS[0m: tauG2: fft 21 join  16/21  6/32 1/2
[36;22m[DEBUG] [39;1msnarkJS[0m: tauG2: fft 21 join  16/21  10/32 1/2
[36;22m[DEBUG] [39;1msnarkJS[0m: tauG2: fft 21 join  16/21  9/32 0/2
[36;22m[DEBUG] [39;1msnarkJS[0m: tauG2: fft 21 join  16/21  12/32 1/2
[36;22m[DEBUG] [39;1msnarkJS[0m: tauG2: fft 21 join  16/21  5/32 0/2
[36;22m[DEBUG] [39;1msnarkJS[0m: tauG2: fft 21 join  16/21  7/32 1/2
[36;22m[DEBUG] [39;1msnarkJS[0m: tauG2: fft 21 join  16/21  17/32 0/2
[36;22m[DEBUG] [39;1msnarkJS[0m: tauG2: fft 21 join  16/21  18/32 0/2
[36;22m[DEBUG] [39;1msnarkJS[0m: tauG2: fft 21 join  16/21  18/32 1/2
[36;22m[DEBUG] [39;1msnarkJS[0m: tauG2: fft 21 join  16/21  19/32 0/2
[36;22m[DEBUG] [39;1msnarkJS[0m: tauG2: fft 21 join  16/21  17/32 1/2
[36;22m[DEBUG] [39;1msnarkJS[0m: tauG2: fft 21 join  16/21  20/32 0/2
[36;22m[DEBUG] [39;1msnarkJS[0m: tauG2: fft 21 join  16/21  22/32 0/2
[36;22m[DEBUG] [39;1msnarkJS[0m: tauG2: fft 21 join  16/21  21/32 1/2
[36;22m[DEBUG] [39;1msnarkJS[0m: tauG2: fft 21 join  16/21  22/32 1/2
[36;22m[DEBUG] [39;1msnarkJS[0m: tauG2: fft 21 join  16/21  25/32 0/2
[36;22m[DEBUG] [39;1msnarkJS[0m: tauG2: fft 21 join  16/21  26/32 0/2
[36;22m[DEBUG] [39;1msnarkJS[0m: tauG2: fft 21 join  16/21  20/32 1/2
[36;22m[DEBUG] [39;1msnarkJS[0m: tauG2: fft 21 join  16/21  27/32 1/2
[36;22m[DEBUG] [39;1msnarkJS[0m: tauG2: fft 21 join  16/21  25/32 1/2
[36;22m[DEBUG] [39;1msnarkJS[0m: tauG2: fft 21 join  16/21  19/32 1/2
[36;22m[DEBUG] [39;1msnarkJS[0m: tauG2: fft 21 join  16/21  21/32 0/2
[36;22m[DEBUG] [39;1msnarkJS[0m: tauG2: fft 21 join  16/21  29/32 0/2
[36;22m[DEBUG] [39;1msnarkJS[0m: tauG2: fft 21 join  16/21  32/32 1/2
[36;22m[DEBUG] [39;1msnarkJS[0m: tauG2: fft 21 join  16/21  27/32 0/2
[36;22m[DEBUG] [39;1msnarkJS[0m: tauG2: fft 21 join  16/21  30/32 0/2
[36;22m[DEBUG] [39;1msnarkJS[0m: tauG2: fft 21 join  16/21  29/32 1/2
[36;22m[DEBUG] [39;1msnarkJS[0m: tauG2: fft 21 join  16/21  28/32 0/2
[36;22m[DEBUG] [39;1msnarkJS[0m: tauG2: fft 21 join  16/21  23/32 1/2
[36;22m[DEBUG] [39;1msnarkJS[0m: tauG2: fft 21 join  16/21  23/32 0/2
[36;22m[DEBUG] [39;1msnarkJS[0m: tauG2: fft 21 join  16/21  31/32 0/2
[36;22m[DEBUG] [39;1msnarkJS[0m: tauG2: fft 21 join  16/21  26/32 1/2
[36;22m[DEBUG] [39;1msnarkJS[0m: tauG2: fft 21 join  16/21  24/32 0/2
[36;22m[DEBUG] [39;1msnarkJS[0m: tauG2: fft 21 join  16/21  24/32 1/2
[36;22m[DEBUG] [39;1msnarkJS[0m: tauG2: fft 21 join  16/21  32/32 0/2
[36;22m[DEBUG] [39;1msnarkJS[0m: tauG2: fft 21 join  16/21  28/32 1/2
[36;22m[DEBUG] [39;1msnarkJS[0m: tauG2: fft 21 join  16/21  30/32 1/2
[36;22m[DEBUG] [39;1msnarkJS[0m: tauG2: fft 21 join  16/21  31/32 1/2
[36;22m[DEBUG] [39;1msnarkJS[0m: tauG2: fft  21  join: 17/21
[36;22m[DEBUG] [39;1msnarkJS[0m: tauG2: fft 21 join  17/21  6/16 2/4
[36;22m[DEBUG] [39;1msnarkJS[0m: tauG2: fft 21 join  17/21  4/16 2/4
[36;22m[DEBUG] [39;1msnarkJS[0m: tauG2: fft 21 join  17/21  3/16 1/4
[36;22m[DEBUG] [39;1msnarkJS[0m: tauG2: fft 21 join  17/21  5/16 1/4
[36;22m[DEBUG] [39;1msnarkJS[0m: tauG2: fft 21 join  17/21  6/16 0/4
[36;22m[DEBUG] [39;1msnarkJS[0m: tauG2: fft 21 join  17/21  7/16 0/4
[36;22m[DEBUG] [39;1msnarkJS[0m: tauG2: fft 21 join  17/21  1/16 1/4
[36;22m[DEBUG] [39;1msnarkJS[0m: tauG2: fft 21 join  17/21  1/16 0/4
[36;22m[DEBUG] [39;1msnarkJS[0m: tauG2: fft 21 join  17/21  2/16 3/4
[36;22m[DEBUG] [39;1msnarkJS[0m: tauG2: fft 21 join  17/21  3/16 3/4
[36;22m[DEBUG] [39;1msnarkJS[0m: tauG2: fft 21 join  17/21  8/16 3/4
[36;22m[DEBUG] [39;1msnarkJS[0m: tauG2: fft 21 join  17/21  6/16 1/4
[36;22m[DEBUG] [39;1msnarkJS[0m: tauG2: fft 21 join  17/21  2/16 2/4
[36;22m[DEBUG] [39;1msnarkJS[0m: tauG2: fft 21 join  17/21  8/16 2/4
[36;22m[DEBUG] [39;1msnarkJS[0m: tauG2: fft 21 join  17/21  4/16 0/4
[36;22m[DEBUG] [39;1msnarkJS[0m: tauG2: fft 21 join  17/21  8/16 0/4
[36;22m[DEBUG] [39;1msnarkJS[0m: tauG2: fft 21 join  17/21  3/16 0/4
[36;22m[DEBUG] [39;1msnarkJS[0m: tauG2: fft 21 join  17/21  1/16 3/4
[36;22m[DEBUG] [39;1msnarkJS[0m: tauG2: fft 21 join  17/21  5/16 3/4
[36;22m[DEBUG] [39;1msnarkJS[0m: tauG2: fft 21 join  17/21  6/16 3/4
[36;22m[DEBUG] [39;1msnarkJS[0m: tauG2: fft 21 join  17/21  5/16 0/4
[36;22m[DEBUG] [39;1msnarkJS[0m: tauG2: fft 21 join  17/21  4/16 1/4
[36;22m[DEBUG] [39;1msnarkJS[0m: tauG2: fft 21 join  17/21  5/16 2/4
[36;22m[DEBUG] [39;1msnarkJS[0m: tauG2: fft 21 join  17/21  1/16 2/4
[36;22m[DEBUG] [39;1msnarkJS[0m: tauG2: fft 21 join  17/21  2/16 0/4
[36;22m[DEBUG] [39;1msnarkJS[0m: tauG2: fft 21 join  17/21  4/16 3/4
[36;22m[DEBUG] [39;1msnarkJS[0m: tauG2: fft 21 join  17/21  7/16 3/4
[36;22m[DEBUG] [39;1msnarkJS[0m: tauG2: fft 21 join  17/21  7/16 2/4
[36;22m[DEBUG] [39;1msnarkJS[0m: tauG2: fft 21 join  17/21  8/16 1/4
[36;22m[DEBUG] [39;1msnarkJS[0m: tauG2: fft 21 join  17/21  2/16 1/4
[36;22m[DEBUG] [39;1msnarkJS[0m: tauG2: fft 21 join  17/21  7/16 1/4
[36;22m[DEBUG] [39;1msnarkJS[0m: tauG2: fft 21 join  17/21  3/16 2/4
[36;22m[DEBUG] [39;1msnarkJS[0m: tauG2: fft 21 join  17/21  9/16 0/4
[36;22m[DEBUG] [39;1msnarkJS[0m: tauG2: fft 21 join  17/21  9/16 3/4
[36;22m[DEBUG] [39;1msnarkJS[0m: tauG2: fft 21 join  17/21  9/16 2/4
[36;22m[DEBUG] [39;1msnarkJS[0m: tauG2: fft 21 join  17/21  10/16 0/4
[36;22m[DEBUG] [39;1msnarkJS[0m: tauG2: fft 21 join  17/21  11/16 2/4
[36;22m[DEBUG] [39;1msnarkJS[0m: tauG2: fft 21 join  17/21  10/16 1/4
[36;22m[DEBUG] [39;1msnarkJS[0m: tauG2: fft 21 join  17/21  9/16 1/4
[36;22m[DEBUG] [39;1msnarkJS[0m: tauG2: fft 21 join  17/21  10/16 3/4
[36;22m[DEBUG] [39;1msnarkJS[0m: tauG2: fft 21 join  17/21  11/16 1/4
[36;22m[DEBUG] [39;1msnarkJS[0m: tauG2: fft 21 join  17/21  12/16 2/4
[36;22m[DEBUG] [39;1msnarkJS[0m: tauG2: fft 21 join  17/21  13/16 3/4
[36;22m[DEBUG] [39;1msnarkJS[0m: tauG2: fft 21 join  17/21  16/16 0/4
[36;22m[DEBUG] [39;1msnarkJS[0m: tauG2: fft 21 join  17/21  12/16 1/4
[36;22m[DEBUG] [39;1msnarkJS[0m: tauG2: fft 21 join  17/21  16/16 3/4
[36;22m[DEBUG] [39;1msnarkJS[0m: tauG2: fft 21 join  17/21  16/16 1/4
[36;22m[DEBUG] [39;1msnarkJS[0m: tauG2: fft 21 join  17/21  11/16 3/4
[36;22m[DEBUG] [39;1msnarkJS[0m: tauG2: fft 21 join  17/21  10/16 2/4
[36;22m[DEBUG] [39;1msnarkJS[0m: tauG2: fft 21 join  17/21  12/16 0/4
[36;22m[DEBUG] [39;1msnarkJS[0m: tauG2: fft 21 join  17/21  16/16 2/4
[36;22m[DEBUG] [39;1msnarkJS[0m: tauG2: fft 21 join  17/21  15/16 3/4
[36;22m[DEBUG] [39;1msnarkJS[0m: tauG2: fft 21 join  17/21  13/16 2/4
[36;22m[DEBUG] [39;1msnarkJS[0m: tauG2: fft 21 join  17/21  11/16 0/4
[36;22m[DEBUG] [39;1msnarkJS[0m: tauG2: fft 21 join  17/21  14/16 1/4
[36;22m[DEBUG] [39;1msnarkJS[0m: tauG2: fft 21 join  17/21  14/16 2/4
[36;22m[DEBUG] [39;1msnarkJS[0m: tauG2: fft 21 join  17/21  13/16 1/4
[36;22m[DEBUG] [39;1msnarkJS[0m: tauG2: fft 21 join  17/21  14/16 3/4
[36;22m[DEBUG] [39;1msnarkJS[0m: tauG2: fft 21 join  17/21  13/16 0/4
[36;22m[DEBUG] [39;1msnarkJS[0m: tauG2: fft 21 join  17/21  15/16 1/4
[36;22m[DEBUG] [39;1msnarkJS[0m: tauG2: fft 21 join  17/21  15/16 0/4
[36;22m[DEBUG] [39;1msnarkJS[0m: tauG2: fft 21 join  17/21  12/16 3/4
[36;22m[DEBUG] [39;1msnarkJS[0m: tauG2: fft 21 join  17/21  14/16 0/4
[36;22m[DEBUG] [39;1msnarkJS[0m: tauG2: fft 21 join  17/21  15/16 2/4
[36;22m[DEBUG] [39;1msnarkJS[0m: tauG2: fft  21  join: 18/21
[36;22m[DEBUG] [39;1msnarkJS[0m: tauG2: fft 21 join  18/21  3/8 3/8
[36;22m[DEBUG] [39;1msnarkJS[0m: tauG2: fft 21 join  18/21  4/8 4/8
[36;22m[DEBUG] [39;1msnarkJS[0m: tauG2: fft 21 join  18/21  1/8 0/8
[36;22m[DEBUG] [39;1msnarkJS[0m: tauG2: fft 21 join  18/21  1/8 2/8
[36;22m[DEBUG] [39;1msnarkJS[0m: tauG2: fft 21 join  18/21  1/8 1/8
[36;22m[DEBUG] [39;1msnarkJS[0m: tauG2: fft 21 join  18/21  3/8 7/8
[36;22m[DEBUG] [39;1msnarkJS[0m: tauG2: fft 21 join  18/21  1/8 3/8
[36;22m[DEBUG] [39;1msnarkJS[0m: tauG2: fft 21 join  18/21  4/8 1/8
[36;22m[DEBUG] [39;1msnarkJS[0m: tauG2: fft 21 join  18/21  2/8 1/8
[36;22m[DEBUG] [39;1msnarkJS[0m: tauG2: fft 21 join  18/21  2/8 4/8
[36;22m[DEBUG] [39;1msnarkJS[0m: tauG2: fft 21 join  18/21  1/8 6/8
[36;22m[DEBUG] [39;1msnarkJS[0m: tauG2: fft 21 join  18/21  4/8 7/8
[36;22m[DEBUG] [39;1msnarkJS[0m: tauG2: fft 21 join  18/21  3/8 2/8
[36;22m[DEBUG] [39;1msnarkJS[0m: tauG2: fft 21 join  18/21  3/8 6/8
[36;22m[DEBUG] [39;1msnarkJS[0m: tauG2: fft 21 join  18/21  2/8 7/8
[36;22m[DEBUG] [39;1msnarkJS[0m: tauG2: fft 21 join  18/21  3/8 4/8
[36;22m[DEBUG] [39;1msnarkJS[0m: tauG2: fft 21 join  18/21  2/8 2/8
[36;22m[DEBUG] [39;1msnarkJS[0m: tauG2: fft 21 join  18/21  1/8 5/8
[36;22m[DEBUG] [39;1msnarkJS[0m: tauG2: fft 21 join  18/21  4/8 0/8
[36;22m[DEBUG] [39;1msnarkJS[0m: tauG2: fft 21 join  18/21  4/8 2/8
[36;22m[DEBUG] [39;1msnarkJS[0m: tauG2: fft 21 join  18/21  2/8 3/8
[36;22m[DEBUG] [39;1msnarkJS[0m: tauG2: fft 21 join  18/21  3/8 5/8
[36;22m[DEBUG] [39;1msnarkJS[0m: tauG2: fft 21 join  18/21  1/8 4/8
[36;22m[DEBUG] [39;1msnarkJS[0m: tauG2: fft 21 join  18/21  2/8 5/8
[36;22m[DEBUG] [39;1msnarkJS[0m: tauG2: fft 21 join  18/21  2/8 6/8
[36;22m[DEBUG] [39;1msnarkJS[0m: tauG2: fft 21 join  18/21  3/8 0/8
[36;22m[DEBUG] [39;1msnarkJS[0m: tauG2: fft 21 join  18/21  4/8 3/8
[36;22m[DEBUG] [39;1msnarkJS[0m: tauG2: fft 21 join  18/21  4/8 5/8
[36;22m[DEBUG] [39;1msnarkJS[0m: tauG2: fft 21 join  18/21  1/8 7/8
[36;22m[DEBUG] [39;1msnarkJS[0m: tauG2: fft 21 join  18/21  4/8 6/8
[36;22m[DEBUG] [39;1msnarkJS[0m: tauG2: fft 21 join  18/21  2/8 0/8
[36;22m[DEBUG] [39;1msnarkJS[0m: tauG2: fft 21 join  18/21  3/8 1/8
[36;22m[DEBUG] [39;1msnarkJS[0m: tauG2: fft 21 join  18/21  5/8 1/8
[36;22m[DEBUG] [39;1msnarkJS[0m: tauG2: fft 21 join  18/21  5/8 2/8
[36;22m[DEBUG] [39;1msnarkJS[0m: tauG2: fft 21 join  18/21  5/8 3/8
[36;22m[DEBUG] [39;1msnarkJS[0m: tauG2: fft 21 join  18/21  5/8 4/8
[36;22m[DEBUG] [39;1msnarkJS[0m: tauG2: fft 21 join  18/21  5/8 7/8
[36;22m[DEBUG] [39;1msnarkJS[0m: tauG2: fft 21 join  18/21  5/8 5/8
[36;22m[DEBUG] [39;1msnarkJS[0m: tauG2: fft 21 join  18/21  6/8 0/8
[36;22m[DEBUG] [39;1msnarkJS[0m: tauG2: fft 21 join  18/21  5/8 0/8
[36;22m[DEBUG] [39;1msnarkJS[0m: tauG2: fft 21 join  18/21  6/8 1/8
[36;22m[DEBUG] [39;1msnarkJS[0m: tauG2: fft 21 join  18/21  5/8 6/8
[36;22m[DEBUG] [39;1msnarkJS[0m: tauG2: fft 21 join  18/21  6/8 3/8
[36;22m[DEBUG] [39;1msnarkJS[0m: tauG2: fft 21 join  18/21  6/8 4/8
[36;22m[DEBUG] [39;1msnarkJS[0m: tauG2: fft 21 join  18/21  6/8 7/8
[36;22m[DEBUG] [39;1msnarkJS[0m: tauG2: fft 21 join  18/21  6/8 2/8
[36;22m[DEBUG] [39;1msnarkJS[0m: tauG2: fft 21 join  18/21  7/8 0/8
[36;22m[DEBUG] [39;1msnarkJS[0m: tauG2: fft 21 join  18/21  7/8 1/8
[36;22m[DEBUG] [39;1msnarkJS[0m: tauG2: fft 21 join  18/21  7/8 7/8
[36;22m[DEBUG] [39;1msnarkJS[0m: tauG2: fft 21 join  18/21  7/8 4/8
[36;22m[DEBUG] [39;1msnarkJS[0m: tauG2: fft 21 join  18/21  7/8 3/8
[36;22m[DEBUG] [39;1msnarkJS[0m: tauG2: fft 21 join  18/21  8/8 5/8
[36;22m[DEBUG] [39;1msnarkJS[0m: tauG2: fft 21 join  18/21  7/8 5/8
[36;22m[DEBUG] [39;1msnarkJS[0m: tauG2: fft 21 join  18/21  8/8 2/8
[36;22m[DEBUG] [39;1msnarkJS[0m: tauG2: fft 21 join  18/21  8/8 4/8
[36;22m[DEBUG] [39;1msnarkJS[0m: tauG2: fft 21 join  18/21  8/8 3/8
[36;22m[DEBUG] [39;1msnarkJS[0m: tauG2: fft 21 join  18/21  6/8 5/8
[36;22m[DEBUG] [39;1msnarkJS[0m: tauG2: fft 21 join  18/21  6/8 6/8
[36;22m[DEBUG] [39;1msnarkJS[0m: tauG2: fft 21 join  18/21  8/8 6/8
[36;22m[DEBUG] [39;1msnarkJS[0m: tauG2: fft 21 join  18/21  8/8 7/8
[36;22m[DEBUG] [39;1msnarkJS[0m: tauG2: fft 21 join  18/21  7/8 2/8
[36;22m[DEBUG] [39;1msnarkJS[0m: tauG2: fft 21 join  18/21  7/8 6/8
[36;22m[DEBUG] [39;1msnarkJS[0m: tauG2: fft 21 join  18/21  8/8 0/8
[36;22m[DEBUG] [39;1msnarkJS[0m: tauG2: fft 21 join  18/21  8/8 1/8
[36;22m[DEBUG] [39;1msnarkJS[0m: tauG2: fft  21  join: 19/21
[36;22m[DEBUG] [39;1msnarkJS[0m: tauG2: fft 21 join  19/21  1/4 12/16
[36;22m[DEBUG] [39;1msnarkJS[0m: tauG2: fft 21 join  19/21  2/4 8/16
[36;22m[DEBUG] [39;1msnarkJS[0m: tauG2: fft 21 join  19/21  1/4 8/16
[36;22m[DEBUG] [39;1msnarkJS[0m: tauG2: fft 21 join  19/21  2/4 15/16
[36;22m[DEBUG] [39;1msnarkJS[0m: tauG2: fft 21 join  19/21  2/4 3/16
[36;22m[DEBUG] [39;1msnarkJS[0m: tauG2: fft 21 join  19/21  2/4 10/16
[36;22m[DEBUG] [39;1msnarkJS[0m: tauG2: fft 21 join  19/21  1/4 7/16
[36;22m[DEBUG] [39;1msnarkJS[0m: tauG2: fft 21 join  19/21  1/4 4/16
[36;22m[DEBUG] [39;1msnarkJS[0m: tauG2: fft 21 join  19/21  2/4 0/16
[36;22m[DEBUG] [39;1msnarkJS[0m: tauG2: fft 21 join  19/21  2/4 5/16
[36;22m[DEBUG] [39;1msnarkJS[0m: tauG2: fft 21 join  19/21  2/4 7/16
[36;22m[DEBUG] [39;1msnarkJS[0m: tauG2: fft 21 join  19/21  1/4 0/16
[36;22m[DEBUG] [39;1msnarkJS[0m: tauG2: fft 21 join  19/21  2/4 9/16
[36;22m[DEBUG] [39;1msnarkJS[0m: tauG2: fft 21 join  19/21  1/4 9/16
[36;22m[DEBUG] [39;1msnarkJS[0m: tauG2: fft 21 join  19/21  1/4 15/16
[36;22m[DEBUG] [39;1msnarkJS[0m: tauG2: fft 21 join  19/21  2/4 13/16
[36;22m[DEBUG] [39;1msnarkJS[0m: tauG2: fft 21 join  19/21  1/4 10/16
[36;22m[DEBUG] [39;1msnarkJS[0m: tauG2: fft 21 join  19/21  1/4 3/16
[36;22m[DEBUG] [39;1msnarkJS[0m: tauG2: fft 21 join  19/21  1/4 2/16
[36;22m[DEBUG] [39;1msnarkJS[0m: tauG2: fft 21 join  19/21  1/4 13/16
[36;22m[DEBUG] [39;1msnarkJS[0m: tauG2: fft 21 join  19/21  2/4 6/16
[36;22m[DEBUG] [39;1msnarkJS[0m: tauG2: fft 21 join  19/21  2/4 14/16
[36;22m[DEBUG] [39;1msnarkJS[0m: tauG2: fft 21 join  19/21  1/4 1/16
[36;22m[DEBUG] [39;1msnarkJS[0m: tauG2: fft 21 join  19/21  2/4 11/16
[36;22m[DEBUG] [39;1msnarkJS[0m: tauG2: fft 21 join  19/21  1/4 6/16
[36;22m[DEBUG] [39;1msnarkJS[0m: tauG2: fft 21 join  19/21  2/4 1/16
[36;22m[DEBUG] [39;1msnarkJS[0m: tauG2: fft 21 join  19/21  1/4 14/16
[36;22m[DEBUG] [39;1msnarkJS[0m: tauG2: fft 21 join  19/21  1/4 11/16
[36;22m[DEBUG] [39;1msnarkJS[0m: tauG2: fft 21 join  19/21  2/4 4/16
[36;22m[DEBUG] [39;1msnarkJS[0m: tauG2: fft 21 join  19/21  2/4 2/16
[36;22m[DEBUG] [39;1msnarkJS[0m: tauG2: fft 21 join  19/21  2/4 12/16
[36;22m[DEBUG] [39;1msnarkJS[0m: tauG2: fft 21 join  19/21  1/4 5/16
[36;22m[DEBUG] [39;1msnarkJS[0m: tauG2: fft 21 join  19/21  3/4 0/16
[36;22m[DEBUG] [39;1msnarkJS[0m: tauG2: fft 21 join  19/21  3/4 2/16
[36;22m[DEBUG] [39;1msnarkJS[0m: tauG2: fft 21 join  19/21  3/4 4/16
[36;22m[DEBUG] [39;1msnarkJS[0m: tauG2: fft 21 join  19/21  3/4 1/16
[36;22m[DEBUG] [39;1msnarkJS[0m: tauG2: fft 21 join  19/21  3/4 3/16
[36;22m[DEBUG] [39;1msnarkJS[0m: tauG2: fft 21 join  19/21  3/4 9/16
[36;22m[DEBUG] [39;1msnarkJS[0m: tauG2: fft 21 join  19/21  3/4 5/16
[36;22m[DEBUG] [39;1msnarkJS[0m: tauG2: fft 21 join  19/21  3/4 6/16
[36;22m[DEBUG] [39;1msnarkJS[0m: tauG2: fft 21 join  19/21  3/4 10/16
[36;22m[DEBUG] [39;1msnarkJS[0m: tauG2: fft 21 join  19/21  3/4 8/16
[36;22m[DEBUG] [39;1msnarkJS[0m: tauG2: fft 21 join  19/21  3/4 12/16
[36;22m[DEBUG] [39;1msnarkJS[0m: tauG2: fft 21 join  19/21  3/4 7/16
[36;22m[DEBUG] [39;1msnarkJS[0m: tauG2: fft 21 join  19/21  4/4 12/16
[36;22m[DEBUG] [39;1msnarkJS[0m: tauG2: fft 21 join  19/21  3/4 11/16
[36;22m[DEBUG] [39;1msnarkJS[0m: tauG2: fft 21 join  19/21  4/4 5/16
[36;22m[DEBUG] [39;1msnarkJS[0m: tauG2: fft 21 join  19/21  3/4 14/16
[36;22m[DEBUG] [39;1msnarkJS[0m: tauG2: fft 21 join  19/21  4/4 11/16
[36;22m[DEBUG] [39;1msnarkJS[0m: tauG2: fft 21 join  19/21  4/4 4/16
[36;22m[DEBUG] [39;1msnarkJS[0m: tauG2: fft 21 join  19/21  4/4 1/16
[36;22m[DEBUG] [39;1msnarkJS[0m: tauG2: fft 21 join  19/21  3/4 15/16
[36;22m[DEBUG] [39;1msnarkJS[0m: tauG2: fft 21 join  19/21  3/4 13/16
[36;22m[DEBUG] [39;1msnarkJS[0m: tauG2: fft 21 join  19/21  4/4 6/16
[36;22m[DEBUG] [39;1msnarkJS[0m: tauG2: fft 21 join  19/21  4/4 8/16
[36;22m[DEBUG] [39;1msnarkJS[0m: tauG2: fft 21 join  19/21  4/4 0/16
[36;22m[DEBUG] [39;1msnarkJS[0m: tauG2: fft 21 join  19/21  4/4 9/16
[36;22m[DEBUG] [39;1msnarkJS[0m: tauG2: fft 21 join  19/21  4/4 7/16
[36;22m[DEBUG] [39;1msnarkJS[0m: tauG2: fft 21 join  19/21  4/4 10/16
[36;22m[DEBUG] [39;1msnarkJS[0m: tauG2: fft 21 join  19/21  4/4 14/16
[36;22m[DEBUG] [39;1msnarkJS[0m: tauG2: fft 21 join  19/21  4/4 2/16
[36;22m[DEBUG] [39;1msnarkJS[0m: tauG2: fft 21 join  19/21  4/4 3/16
[36;22m[DEBUG] [39;1msnarkJS[0m: tauG2: fft 21 join  19/21  4/4 13/16
[36;22m[DEBUG] [39;1msnarkJS[0m: tauG2: fft 21 join  19/21  4/4 15/16
[36;22m[DEBUG] [39;1msnarkJS[0m: tauG2: fft  21  join: 20/21
[36;22m[DEBUG] [39;1msnarkJS[0m: tauG2: fft 21 join  20/21  1/2 22/32
[36;22m[DEBUG] [39;1msnarkJS[0m: tauG2: fft 21 join  20/21  1/2 10/32
[36;22m[DEBUG] [39;1msnarkJS[0m: tauG2: fft 21 join  20/21  1/2 12/32
[36;22m[DEBUG] [39;1msnarkJS[0m: tauG2: fft 21 join  20/21  1/2 17/32
[36;22m[DEBUG] [39;1msnarkJS[0m: tauG2: fft 21 join  20/21  1/2 5/32
[36;22m[DEBUG] [39;1msnarkJS[0m: tauG2: fft 21 join  20/21  1/2 1/32
[36;22m[DEBUG] [39;1msnarkJS[0m: tauG2: fft 21 join  20/21  1/2 30/32
[36;22m[DEBUG] [39;1msnarkJS[0m: tauG2: fft 21 join  20/21  1/2 15/32
[36;22m[DEBUG] [39;1msnarkJS[0m: tauG2: fft 21 join  20/21  1/2 3/32
[36;22m[DEBUG] [39;1msnarkJS[0m: tauG2: fft 21 join  20/21  1/2 24/32
[36;22m[DEBUG] [39;1msnarkJS[0m: tauG2: fft 21 join  20/21  1/2 9/32
[36;22m[DEBUG] [39;1msnarkJS[0m: tauG2: fft 21 join  20/21  1/2 8/32
[36;22m[DEBUG] [39;1msnarkJS[0m: tauG2: fft 21 join  20/21  1/2 0/32
[36;22m[DEBUG] [39;1msnarkJS[0m: tauG2: fft 21 join  20/21  1/2 4/32
[36;22m[DEBUG] [39;1msnarkJS[0m: tauG2: fft 21 join  20/21  1/2 16/32
[36;22m[DEBUG] [39;1msnarkJS[0m: tauG2: fft 21 join  20/21  1/2 2/32
[36;22m[DEBUG] [39;1msnarkJS[0m: tauG2: fft 21 join  20/21  1/2 27/32
[36;22m[DEBUG] [39;1msnarkJS[0m: tauG2: fft 21 join  20/21  1/2 25/32
[36;22m[DEBUG] [39;1msnarkJS[0m: tauG2: fft 21 join  20/21  1/2 19/32
[36;22m[DEBUG] [39;1msnarkJS[0m: tauG2: fft 21 join  20/21  1/2 31/32
[36;22m[DEBUG] [39;1msnarkJS[0m: tauG2: fft 21 join  20/21  1/2 26/32
[36;22m[DEBUG] [39;1msnarkJS[0m: tauG2: fft 21 join  20/21  1/2 13/32
[36;22m[DEBUG] [39;1msnarkJS[0m: tauG2: fft 21 join  20/21  1/2 11/32
[36;22m[DEBUG] [39;1msnarkJS[0m: tauG2: fft 21 join  20/21  1/2 18/32
[36;22m[DEBUG] [39;1msnarkJS[0m: tauG2: fft 21 join  20/21  1/2 21/32
[36;22m[DEBUG] [39;1msnarkJS[0m: tauG2: fft 21 join  20/21  1/2 20/32
[36;22m[DEBUG] [39;1msnarkJS[0m: tauG2: fft 21 join  20/21  1/2 14/32
[36;22m[DEBUG] [39;1msnarkJS[0m: tauG2: fft 21 join  20/21  1/2 29/32
[36;22m[DEBUG] [39;1msnarkJS[0m: tauG2: fft 21 join  20/21  1/2 23/32
[36;22m[DEBUG] [39;1msnarkJS[0m: tauG2: fft 21 join  20/21  1/2 7/32
[36;22m[DEBUG] [39;1msnarkJS[0m: tauG2: fft 21 join  20/21  1/2 28/32
[36;22m[DEBUG] [39;1msnarkJS[0m: tauG2: fft 21 join  20/21  1/2 6/32
[36;22m[DEBUG] [39;1msnarkJS[0m: tauG2: fft 21 join  20/21  2/2 2/32
[36;22m[DEBUG] [39;1msnarkJS[0m: tauG2: fft 21 join  20/21  2/2 1/32
[36;22m[DEBUG] [39;1msnarkJS[0m: tauG2: fft 21 join  20/21  2/2 4/32
[36;22m[DEBUG] [39;1msnarkJS[0m: tauG2: fft 21 join  20/21  2/2 3/32
[36;22m[DEBUG] [39;1msnarkJS[0m: tauG2: fft 21 join  20/21  2/2 5/32
[36;22m[DEBUG] [39;1msnarkJS[0m: tauG2: fft 21 join  20/21  2/2 16/32
[36;22m[DEBUG] [39;1msnarkJS[0m: tauG2: fft 21 join  20/21  2/2 0/32
[36;22m[DEBUG] [39;1msnarkJS[0m: tauG2: fft 21 join  20/21  2/2 6/32
[36;22m[DEBUG] [39;1msnarkJS[0m: tauG2: fft 21 join  20/21  2/2 8/32
[36;22m[DEBUG] [39;1msnarkJS[0m: tauG2: fft 21 join  20/21  2/2 12/32
[36;22m[DEBUG] [39;1msnarkJS[0m: tauG2: fft 21 join  20/21  2/2 10/32
[36;22m[DEBUG] [39;1msnarkJS[0m: tauG2: fft 21 join  20/21  2/2 26/32
[36;22m[DEBUG] [39;1msnarkJS[0m: tauG2: fft 21 join  20/21  2/2 30/32
[36;22m[DEBUG] [39;1msnarkJS[0m: tauG2: fft 21 join  20/21  2/2 7/32
[36;22m[DEBUG] [39;1msnarkJS[0m: tauG2: fft 21 join  20/21  2/2 13/32
[36;22m[DEBUG] [39;1msnarkJS[0m: tauG2: fft 21 join  20/21  2/2 19/32
[36;22m[DEBUG] [39;1msnarkJS[0m: tauG2: fft 21 join  20/21  2/2 31/32
[36;22m[DEBUG] [39;1msnarkJS[0m: tauG2: fft 21 join  20/21  2/2 17/32
[36;22m[DEBUG] [39;1msnarkJS[0m: tauG2: fft 21 join  20/21  2/2 25/32
[36;22m[DEBUG] [39;1msnarkJS[0m: tauG2: fft 21 join  20/21  2/2 11/32
[36;22m[DEBUG] [39;1msnarkJS[0m: tauG2: fft 21 join  20/21  2/2 22/32
[36;22m[DEBUG] [39;1msnarkJS[0m: tauG2: fft 21 join  20/21  2/2 9/32
[36;22m[DEBUG] [39;1msnarkJS[0m: tauG2: fft 21 join  20/21  2/2 18/32
[36;22m[DEBUG] [39;1msnarkJS[0m: tauG2: fft 21 join  20/21  2/2 27/32
[36;22m[DEBUG] [39;1msnarkJS[0m: tauG2: fft 21 join  20/21  2/2 20/32
[36;22m[DEBUG] [39;1msnarkJS[0m: tauG2: fft 21 join  20/21  2/2 14/32
[36;22m[DEBUG] [39;1msnarkJS[0m: tauG2: fft 21 join  20/21  2/2 29/32
[36;22m[DEBUG] [39;1msnarkJS[0m: tauG2: fft 21 join  20/21  2/2 15/32
[36;22m[DEBUG] [39;1msnarkJS[0m: tauG2: fft 21 join  20/21  2/2 24/32
[36;22m[DEBUG] [39;1msnarkJS[0m: tauG2: fft 21 join  20/21  2/2 21/32
[36;22m[DEBUG] [39;1msnarkJS[0m: tauG2: fft 21 join  20/21  2/2 23/32
[36;22m[DEBUG] [39;1msnarkJS[0m: tauG2: fft 21 join  20/21  2/2 28/32
[36;22m[DEBUG] [39;1msnarkJS[0m: tauG2: fft  21  join: 21/21
[36;22m[DEBUG] [39;1msnarkJS[0m: tauG2: fft 21 join  21/21  1/1 13/64
[36;22m[DEBUG] [39;1msnarkJS[0m: tauG2: fft 21 join  21/21  1/1 4/64
[36;22m[DEBUG] [39;1msnarkJS[0m: tauG2: fft 21 join  21/21  1/1 28/64
[36;22m[DEBUG] [39;1msnarkJS[0m: tauG2: fft 21 join  21/21  1/1 15/64
[36;22m[DEBUG] [39;1msnarkJS[0m: tauG2: fft 21 join  21/21  1/1 16/64
[36;22m[DEBUG] [39;1msnarkJS[0m: tauG2: fft 21 join  21/21  1/1 10/64
[36;22m[DEBUG] [39;1msnarkJS[0m: tauG2: fft 21 join  21/21  1/1 30/64
[36;22m[DEBUG] [39;1msnarkJS[0m: tauG2: fft 21 join  21/21  1/1 9/64
[36;22m[DEBUG] [39;1msnarkJS[0m: tauG2: fft 21 join  21/21  1/1 1/64
[36;22m[DEBUG] [39;1msnarkJS[0m: tauG2: fft 21 join  21/21  1/1 24/64
[36;22m[DEBUG] [39;1msnarkJS[0m: tauG2: fft 21 join  21/21  1/1 12/64
[36;22m[DEBUG] [39;1msnarkJS[0m: tauG2: fft 21 join  21/21  1/1 19/64
[36;22m[DEBUG] [39;1msnarkJS[0m: tauG2: fft 21 join  21/21  1/1 3/64
[36;22m[DEBUG] [39;1msnarkJS[0m: tauG2: fft 21 join  21/21  1/1 11/64
[36;22m[DEBUG] [39;1msnarkJS[0m: tauG2: fft 21 join  21/21  1/1 17/64
[36;22m[DEBUG] [39;1msnarkJS[0m: tauG2: fft 21 join  21/21  1/1 6/64
[36;22m[DEBUG] [39;1msnarkJS[0m: tauG2: fft 21 join  21/21  1/1 18/64
[36;22m[DEBUG] [39;1msnarkJS[0m: tauG2: fft 21 join  21/21  1/1 0/64
[36;22m[DEBUG] [39;1msnarkJS[0m: tauG2: fft 21 join  21/21  1/1 25/64
[36;22m[DEBUG] [39;1msnarkJS[0m: tauG2: fft 21 join  21/21  1/1 2/64
[36;22m[DEBUG] [39;1msnarkJS[0m: tauG2: fft 21 join  21/21  1/1 23/64
[36;22m[DEBUG] [39;1msnarkJS[0m: tauG2: fft 21 join  21/21  1/1 21/64
[36;22m[DEBUG] [39;1msnarkJS[0m: tauG2: fft 21 join  21/21  1/1 5/64
[36;22m[DEBUG] [39;1msnarkJS[0m: tauG2: fft 21 join  21/21  1/1 26/64
[36;22m[DEBUG] [39;1msnarkJS[0m: tauG2: fft 21 join  21/21  1/1 7/64
[36;22m[DEBUG] [39;1msnarkJS[0m: tauG2: fft 21 join  21/21  1/1 14/64
[36;22m[DEBUG] [39;1msnarkJS[0m: tauG2: fft 21 join  21/21  1/1 22/64
[36;22m[DEBUG] [39;1msnarkJS[0m: tauG2: fft 21 join  21/21  1/1 20/64
[36;22m[DEBUG] [39;1msnarkJS[0m: tauG2: fft 21 join  21/21  1/1 29/64
[36;22m[DEBUG] [39;1msnarkJS[0m: tauG2: fft 21 join  21/21  1/1 8/64
[36;22m[DEBUG] [39;1msnarkJS[0m: tauG2: fft 21 join  21/21  1/1 27/64
[36;22m[DEBUG] [39;1msnarkJS[0m: tauG2: fft 21 join  21/21  1/1 31/64
[36;22m[DEBUG] [39;1msnarkJS[0m: tauG2: fft 21 join  21/21  1/1 35/64
[36;22m[DEBUG] [39;1msnarkJS[0m: tauG2: fft 21 join  21/21  1/1 33/64
[36;22m[DEBUG] [39;1msnarkJS[0m: tauG2: fft 21 join  21/21  1/1 32/64
[36;22m[DEBUG] [39;1msnarkJS[0m: tauG2: fft 21 join  21/21  1/1 41/64
[36;22m[DEBUG] [39;1msnarkJS[0m: tauG2: fft 21 join  21/21  1/1 37/64
[36;22m[DEBUG] [39;1msnarkJS[0m: tauG2: fft 21 join  21/21  1/1 47/64
[36;22m[DEBUG] [39;1msnarkJS[0m: tauG2: fft 21 join  21/21  1/1 38/64
[36;22m[DEBUG] [39;1msnarkJS[0m: tauG2: fft 21 join  21/21  1/1 40/64
[36;22m[DEBUG] [39;1msnarkJS[0m: tauG2: fft 21 join  21/21  1/1 42/64
[36;22m[DEBUG] [39;1msnarkJS[0m: tauG2: fft 21 join  21/21  1/1 45/64
[36;22m[DEBUG] [39;1msnarkJS[0m: tauG2: fft 21 join  21/21  1/1 46/64
[36;22m[DEBUG] [39;1msnarkJS[0m: tauG2: fft 21 join  21/21  1/1 36/64
[36;22m[DEBUG] [39;1msnarkJS[0m: tauG2: fft 21 join  21/21  1/1 48/64
[36;22m[DEBUG] [39;1msnarkJS[0m: tauG2: fft 21 join  21/21  1/1 49/64
[36;22m[DEBUG] [39;1msnarkJS[0m: tauG2: fft 21 join  21/21  1/1 44/64
[36;22m[DEBUG] [39;1msnarkJS[0m: tauG2: fft 21 join  21/21  1/1 50/64
[36;22m[DEBUG] [39;1msnarkJS[0m: tauG2: fft 21 join  21/21  1/1 58/64
[36;22m[DEBUG] [39;1msnarkJS[0m: tauG2: fft 21 join  21/21  1/1 34/64
[36;22m[DEBUG] [39;1msnarkJS[0m: tauG2: fft 21 join  21/21  1/1 59/64
[36;22m[DEBUG] [39;1msnarkJS[0m: tauG2: fft 21 join  21/21  1/1 54/64
[36;22m[DEBUG] [39;1msnarkJS[0m: tauG2: fft 21 join  21/21  1/1 39/64
[36;22m[DEBUG] [39;1msnarkJS[0m: tauG2: fft 21 join  21/21  1/1 43/64
[36;22m[DEBUG] [39;1msnarkJS[0m: tauG2: fft 21 join  21/21  1/1 52/64
[36;22m[DEBUG] [39;1msnarkJS[0m: tauG2: fft 21 join  21/21  1/1 51/64
[36;22m[DEBUG] [39;1msnarkJS[0m: tauG2: fft 21 join  21/21  1/1 56/64
[36;22m[DEBUG] [39;1msnarkJS[0m: tauG2: fft 21 join  21/21  1/1 63/64
[36;22m[DEBUG] [39;1msnarkJS[0m: tauG2: fft 21 join  21/21  1/1 55/64
[36;22m[DEBUG] [39;1msnarkJS[0m: tauG2: fft 21 join  21/21  1/1 60/64
[36;22m[DEBUG] [39;1msnarkJS[0m: tauG2: fft 21 join  21/21  1/1 57/64
[36;22m[DEBUG] [39;1msnarkJS[0m: tauG2: fft 21 join  21/21  1/1 61/64
[36;22m[DEBUG] [39;1msnarkJS[0m: tauG2: fft 21 join  21/21  1/1 62/64
[36;22m[DEBUG] [39;1msnarkJS[0m: tauG2: fft 21 join  21/21  1/1 53/64
[36;22m[DEBUG] [39;1msnarkJS[0m: Starting section: alphaTauG1
[36;22m[DEBUG] [39;1msnarkJS[0m: alphaTauG1: fft 0 mix start: 0/1
[36;22m[DEBUG] [39;1msnarkJS[0m: alphaTauG1: fft 0 mix end: 0/1
[36;22m[DEBUG] [39;1msnarkJS[0m: alphaTauG1: fft 1 mix start: 0/1
[36;22m[DEBUG] [39;1msnarkJS[0m: alphaTauG1: fft 1 mix end: 0/1
[36;22m[DEBUG] [39;1msnarkJS[0m: alphaTauG1: fft 2 mix start: 0/1
[36;22m[DEBUG] [39;1msnarkJS[0m: alphaTauG1: fft 2 mix end: 0/1
[36;22m[DEBUG] [39;1msnarkJS[0m: alphaTauG1: fft 3 mix start: 0/1
[36;22m[DEBUG] [39;1msnarkJS[0m: alphaTauG1: fft 3 mix end: 0/1
[36;22m[DEBUG] [39;1msnarkJS[0m: alphaTauG1: fft 4 mix start: 0/2
[36;22m[DEBUG] [39;1msnarkJS[0m: alphaTauG1: fft 4 mix start: 1/2
[36;22m[DEBUG] [39;1msnarkJS[0m: alphaTauG1: fft 4 mix end: 0/2
[36;22m[DEBUG] [39;1msnarkJS[0m: alphaTauG1: fft 4 mix end: 1/2
[36;22m[DEBUG] [39;1msnarkJS[0m: alphaTauG1: fft  4  join: 4/4
[36;22m[DEBUG] [39;1msnarkJS[0m: alphaTauG1: fft 4 join  4/4  1/1 0/1
[36;22m[DEBUG] [39;1msnarkJS[0m: alphaTauG1: fft 5 mix start: 0/4
[36;22m[DEBUG] [39;1msnarkJS[0m: alphaTauG1: fft 5 mix start: 1/4
[36;22m[DEBUG] [39;1msnarkJS[0m: alphaTauG1: fft 5 mix start: 2/4
[36;22m[DEBUG] [39;1msnarkJS[0m: alphaTauG1: fft 5 mix start: 3/4
[36;22m[DEBUG] [39;1msnarkJS[0m: alphaTauG1: fft 5 mix end: 0/4
[36;22m[DEBUG] [39;1msnarkJS[0m: alphaTauG1: fft 5 mix end: 1/4
[36;22m[DEBUG] [39;1msnarkJS[0m: alphaTauG1: fft 5 mix end: 3/4
[36;22m[DEBUG] [39;1msnarkJS[0m: alphaTauG1: fft 5 mix end: 2/4
[36;22m[DEBUG] [39;1msnarkJS[0m: alphaTauG1: fft  5  join: 4/5
[36;22m[DEBUG] [39;1msnarkJS[0m: alphaTauG1: fft 5 join  4/5  1/2 0/1
[36;22m[DEBUG] [39;1msnarkJS[0m: alphaTauG1: fft 5 join  4/5  2/2 0/1
[36;22m[DEBUG] [39;1msnarkJS[0m: alphaTauG1: fft  5  join: 5/5
[36;22m[DEBUG] [39;1msnarkJS[0m: alphaTauG1: fft 5 join  5/5  1/1 0/2
[36;22m[DEBUG] [39;1msnarkJS[0m: alphaTauG1: fft 5 join  5/5  1/1 1/2
[36;22m[DEBUG] [39;1msnarkJS[0m: alphaTauG1: fft 6 mix start: 0/8
[36;22m[DEBUG] [39;1msnarkJS[0m: alphaTauG1: fft 6 mix start: 1/8
[36;22m[DEBUG] [39;1msnarkJS[0m: alphaTauG1: fft 6 mix start: 2/8
[36;22m[DEBUG] [39;1msnarkJS[0m: alphaTauG1: fft 6 mix start: 3/8
[36;22m[DEBUG] [39;1msnarkJS[0m: alphaTauG1: fft 6 mix start: 4/8
[36;22m[DEBUG] [39;1msnarkJS[0m: alphaTauG1: fft 6 mix start: 5/8
[36;22m[DEBUG] [39;1msnarkJS[0m: alphaTauG1: fft 6 mix start: 6/8
[36;22m[DEBUG] [39;1msnarkJS[0m: alphaTauG1: fft 6 mix start: 7/8
[36;22m[DEBUG] [39;1msnarkJS[0m: alphaTauG1: fft 6 mix end: 0/8
[36;22m[DEBUG] [39;1msnarkJS[0m: alphaTauG1: fft 6 mix end: 3/8
[36;22m[DEBUG] [39;1msnarkJS[0m: alphaTauG1: fft 6 mix end: 1/8
[36;22m[DEBUG] [39;1msnarkJS[0m: alphaTauG1: fft 6 mix end: 4/8
[36;22m[DEBUG] [39;1msnarkJS[0m: alphaTauG1: fft 6 mix end: 2/8
[36;22m[DEBUG] [39;1msnarkJS[0m: alphaTauG1: fft 6 mix end: 7/8
[36;22m[DEBUG] [39;1msnarkJS[0m: alphaTauG1: fft 6 mix end: 6/8
[36;22m[DEBUG] [39;1msnarkJS[0m: alphaTauG1: fft 6 mix end: 5/8
[36;22m[DEBUG] [39;1msnarkJS[0m: alphaTauG1: fft  6  join: 4/6
[36;22m[DEBUG] [39;1msnarkJS[0m: alphaTauG1: fft 6 join  4/6  1/4 0/1
[36;22m[DEBUG] [39;1msnarkJS[0m: alphaTauG1: fft 6 join  4/6  2/4 0/1
[36;22m[DEBUG] [39;1msnarkJS[0m: alphaTauG1: fft 6 join  4/6  3/4 0/1
[36;22m[DEBUG] [39;1msnarkJS[0m: alphaTauG1: fft 6 join  4/6  4/4 0/1
[36;22m[DEBUG] [39;1msnarkJS[0m: alphaTauG1: fft  6  join: 5/6
[36;22m[DEBUG] [39;1msnarkJS[0m: alphaTauG1: fft 6 join  5/6  1/2 0/2
[36;22m[DEBUG] [39;1msnarkJS[0m: alphaTauG1: fft 6 join  5/6  2/2 0/2
[36;22m[DEBUG] [39;1msnarkJS[0m: alphaTauG1: fft 6 join  5/6  1/2 1/2
[36;22m[DEBUG] [39;1msnarkJS[0m: alphaTauG1: fft 6 join  5/6  2/2 1/2
[36;22m[DEBUG] [39;1msnarkJS[0m: alphaTauG1: fft  6  join: 6/6
[36;22m[DEBUG] [39;1msnarkJS[0m: alphaTauG1: fft 6 join  6/6  1/1 0/4
[36;22m[DEBUG] [39;1msnarkJS[0m: alphaTauG1: fft 6 join  6/6  1/1 1/4
[36;22m[DEBUG] [39;1msnarkJS[0m: alphaTauG1: fft 6 join  6/6  1/1 2/4
[36;22m[DEBUG] [39;1msnarkJS[0m: alphaTauG1: fft 6 join  6/6  1/1 3/4
[36;22m[DEBUG] [39;1msnarkJS[0m: alphaTauG1: fft 7 mix start: 0/16
[36;22m[DEBUG] [39;1msnarkJS[0m: alphaTauG1: fft 7 mix start: 1/16
[36;22m[DEBUG] [39;1msnarkJS[0m: alphaTauG1: fft 7 mix start: 2/16
[36;22m[DEBUG] [39;1msnarkJS[0m: alphaTauG1: fft 7 mix start: 3/16
[36;22m[DEBUG] [39;1msnarkJS[0m: alphaTauG1: fft 7 mix start: 4/16
[36;22m[DEBUG] [39;1msnarkJS[0m: alphaTauG1: fft 7 mix start: 5/16
[36;22m[DEBUG] [39;1msnarkJS[0m: alphaTauG1: fft 7 mix start: 6/16
[36;22m[DEBUG] [39;1msnarkJS[0m: alphaTauG1: fft 7 mix start: 7/16
[36;22m[DEBUG] [39;1msnarkJS[0m: alphaTauG1: fft 7 mix start: 8/16
[36;22m[DEBUG] [39;1msnarkJS[0m: alphaTauG1: fft 7 mix start: 9/16
[36;22m[DEBUG] [39;1msnarkJS[0m: alphaTauG1: fft 7 mix start: 10/16
[36;22m[DEBUG] [39;1msnarkJS[0m: alphaTauG1: fft 7 mix start: 11/16
[36;22m[DEBUG] [39;1msnarkJS[0m: alphaTauG1: fft 7 mix start: 12/16
[36;22m[DEBUG] [39;1msnarkJS[0m: alphaTauG1: fft 7 mix start: 13/16
[36;22m[DEBUG] [39;1msnarkJS[0m: alphaTauG1: fft 7 mix start: 14/16
[36;22m[DEBUG] [39;1msnarkJS[0m: alphaTauG1: fft 7 mix start: 15/16
[36;22m[DEBUG] [39;1msnarkJS[0m: alphaTauG1: fft 7 mix end: 3/16
[36;22m[DEBUG] [39;1msnarkJS[0m: alphaTauG1: fft 7 mix end: 0/16
[36;22m[DEBUG] [39;1msnarkJS[0m: alphaTauG1: fft 7 mix end: 1/16
[36;22m[DEBUG] [39;1msnarkJS[0m: alphaTauG1: fft 7 mix end: 2/16
[36;22m[DEBUG] [39;1msnarkJS[0m: alphaTauG1: fft 7 mix end: 4/16
[36;22m[DEBUG] [39;1msnarkJS[0m: alphaTauG1: fft 7 mix end: 5/16
[36;22m[DEBUG] [39;1msnarkJS[0m: alphaTauG1: fft 7 mix end: 6/16
[36;22m[DEBUG] [39;1msnarkJS[0m: alphaTauG1: fft 7 mix end: 7/16
[36;22m[DEBUG] [39;1msnarkJS[0m: alphaTauG1: fft 7 mix end: 8/16
[36;22m[DEBUG] [39;1msnarkJS[0m: alphaTauG1: fft 7 mix end: 11/16
[36;22m[DEBUG] [39;1msnarkJS[0m: alphaTauG1: fft 7 mix end: 15/16
[36;22m[DEBUG] [39;1msnarkJS[0m: alphaTauG1: fft 7 mix end: 10/16
[36;22m[DEBUG] [39;1msnarkJS[0m: alphaTauG1: fft 7 mix end: 14/16
[36;22m[DEBUG] [39;1msnarkJS[0m: alphaTauG1: fft 7 mix end: 9/16
[36;22m[DEBUG] [39;1msnarkJS[0m: alphaTauG1: fft 7 mix end: 12/16
[36;22m[DEBUG] [39;1msnarkJS[0m: alphaTauG1: fft 7 mix end: 13/16
[36;22m[DEBUG] [39;1msnarkJS[0m: alphaTauG1: fft  7  join: 4/7
[36;22m[DEBUG] [39;1msnarkJS[0m: alphaTauG1: fft 7 join  4/7  2/8 0/1
[36;22m[DEBUG] [39;1msnarkJS[0m: alphaTauG1: fft 7 join  4/7  3/8 0/1
[36;22m[DEBUG] [39;1msnarkJS[0m: alphaTauG1: fft 7 join  4/7  4/8 0/1
[36;22m[DEBUG] [39;1msnarkJS[0m: alphaTauG1: fft 7 join  4/7  1/8 0/1
[36;22m[DEBUG] [39;1msnarkJS[0m: alphaTauG1: fft 7 join  4/7  8/8 0/1
[36;22m[DEBUG] [39;1msnarkJS[0m: alphaTauG1: fft 7 join  4/7  7/8 0/1
[36;22m[DEBUG] [39;1msnarkJS[0m: alphaTauG1: fft 7 join  4/7  5/8 0/1
[36;22m[DEBUG] [39;1msnarkJS[0m: alphaTauG1: fft 7 join  4/7  6/8 0/1
[36;22m[DEBUG] [39;1msnarkJS[0m: alphaTauG1: fft  7  join: 5/7
[36;22m[DEBUG] [39;1msnarkJS[0m: alphaTauG1: fft 7 join  5/7  1/4 0/2
[36;22m[DEBUG] [39;1msnarkJS[0m: alphaTauG1: fft 7 join  5/7  2/4 0/2
[36;22m[DEBUG] [39;1msnarkJS[0m: alphaTauG1: fft 7 join  5/7  3/4 0/2
[36;22m[DEBUG] [39;1msnarkJS[0m: alphaTauG1: fft 7 join  5/7  4/4 0/2
[36;22m[DEBUG] [39;1msnarkJS[0m: alphaTauG1: fft 7 join  5/7  1/4 1/2
[36;22m[DEBUG] [39;1msnarkJS[0m: alphaTauG1: fft 7 join  5/7  2/4 1/2
[36;22m[DEBUG] [39;1msnarkJS[0m: alphaTauG1: fft 7 join  5/7  3/4 1/2
[36;22m[DEBUG] [39;1msnarkJS[0m: alphaTauG1: fft 7 join  5/7  4/4 1/2
[36;22m[DEBUG] [39;1msnarkJS[0m: alphaTauG1: fft  7  join: 6/7
[36;22m[DEBUG] [39;1msnarkJS[0m: alphaTauG1: fft 7 join  6/7  1/2 0/4
[36;22m[DEBUG] [39;1msnarkJS[0m: alphaTauG1: fft 7 join  6/7  2/2 0/4
[36;22m[DEBUG] [39;1msnarkJS[0m: alphaTauG1: fft 7 join  6/7  1/2 1/4
[36;22m[DEBUG] [39;1msnarkJS[0m: alphaTauG1: fft 7 join  6/7  1/2 2/4
[36;22m[DEBUG] [39;1msnarkJS[0m: alphaTauG1: fft 7 join  6/7  1/2 3/4
[36;22m[DEBUG] [39;1msnarkJS[0m: alphaTauG1: fft 7 join  6/7  2/2 2/4
[36;22m[DEBUG] [39;1msnarkJS[0m: alphaTauG1: fft 7 join  6/7  2/2 1/4
[36;22m[DEBUG] [39;1msnarkJS[0m: alphaTauG1: fft 7 join  6/7  2/2 3/4
[36;22m[DEBUG] [39;1msnarkJS[0m: alphaTauG1: fft  7  join: 7/7
[36;22m[DEBUG] [39;1msnarkJS[0m: alphaTauG1: fft 7 join  7/7  1/1 0/8
[36;22m[DEBUG] [39;1msnarkJS[0m: alphaTauG1: fft 7 join  7/7  1/1 2/8
[36;22m[DEBUG] [39;1msnarkJS[0m: alphaTauG1: fft 7 join  7/7  1/1 1/8
[36;22m[DEBUG] [39;1msnarkJS[0m: alphaTauG1: fft 7 join  7/7  1/1 3/8
[36;22m[DEBUG] [39;1msnarkJS[0m: alphaTauG1: fft 7 join  7/7  1/1 4/8
[36;22m[DEBUG] [39;1msnarkJS[0m: alphaTauG1: fft 7 join  7/7  1/1 5/8
[36;22m[DEBUG] [39;1msnarkJS[0m: alphaTauG1: fft 7 join  7/7  1/1 6/8
[36;22m[DEBUG] [39;1msnarkJS[0m: alphaTauG1: fft 7 join  7/7  1/1 7/8
[36;22m[DEBUG] [39;1msnarkJS[0m: alphaTauG1: fft 8 mix start: 0/32
[36;22m[DEBUG] [39;1msnarkJS[0m: alphaTauG1: fft 8 mix start: 1/32
[36;22m[DEBUG] [39;1msnarkJS[0m: alphaTauG1: fft 8 mix start: 2/32
[36;22m[DEBUG] [39;1msnarkJS[0m: alphaTauG1: fft 8 mix start: 3/32
[36;22m[DEBUG] [39;1msnarkJS[0m: alphaTauG1: fft 8 mix start: 4/32
[36;22m[DEBUG] [39;1msnarkJS[0m: alphaTauG1: fft 8 mix start: 5/32
[36;22m[DEBUG] [39;1msnarkJS[0m: alphaTauG1: fft 8 mix start: 6/32
[36;22m[DEBUG] [39;1msnarkJS[0m: alphaTauG1: fft 8 mix start: 7/32
[36;22m[DEBUG] [39;1msnarkJS[0m: alphaTauG1: fft 8 mix start: 8/32
[36;22m[DEBUG] [39;1msnarkJS[0m: alphaTauG1: fft 8 mix start: 9/32
[36;22m[DEBUG] [39;1msnarkJS[0m: alphaTauG1: fft 8 mix start: 10/32
[36;22m[DEBUG] [39;1msnarkJS[0m: alphaTauG1: fft 8 mix start: 11/32
[36;22m[DEBUG] [39;1msnarkJS[0m: alphaTauG1: fft 8 mix start: 12/32
[36;22m[DEBUG] [39;1msnarkJS[0m: alphaTauG1: fft 8 mix start: 13/32
[36;22m[DEBUG] [39;1msnarkJS[0m: alphaTauG1: fft 8 mix start: 14/32
[36;22m[DEBUG] [39;1msnarkJS[0m: alphaTauG1: fft 8 mix start: 15/32
[36;22m[DEBUG] [39;1msnarkJS[0m: alphaTauG1: fft 8 mix start: 16/32
[36;22m[DEBUG] [39;1msnarkJS[0m: alphaTauG1: fft 8 mix start: 17/32
[36;22m[DEBUG] [39;1msnarkJS[0m: alphaTauG1: fft 8 mix start: 18/32
[36;22m[DEBUG] [39;1msnarkJS[0m: alphaTauG1: fft 8 mix start: 19/32
[36;22m[DEBUG] [39;1msnarkJS[0m: alphaTauG1: fft 8 mix start: 20/32
[36;22m[DEBUG] [39;1msnarkJS[0m: alphaTauG1: fft 8 mix start: 21/32
[36;22m[DEBUG] [39;1msnarkJS[0m: alphaTauG1: fft 8 mix start: 22/32
[36;22m[DEBUG] [39;1msnarkJS[0m: alphaTauG1: fft 8 mix start: 23/32
[36;22m[DEBUG] [39;1msnarkJS[0m: alphaTauG1: fft 8 mix start: 24/32
[36;22m[DEBUG] [39;1msnarkJS[0m: alphaTauG1: fft 8 mix start: 25/32
[36;22m[DEBUG] [39;1msnarkJS[0m: alphaTauG1: fft 8 mix start: 26/32
[36;22m[DEBUG] [39;1msnarkJS[0m: alphaTauG1: fft 8 mix start: 27/32
[36;22m[DEBUG] [39;1msnarkJS[0m: alphaTauG1: fft 8 mix start: 28/32
[36;22m[DEBUG] [39;1msnarkJS[0m: alphaTauG1: fft 8 mix start: 29/32
[36;22m[DEBUG] [39;1msnarkJS[0m: alphaTauG1: fft 8 mix start: 30/32
[36;22m[DEBUG] [39;1msnarkJS[0m: alphaTauG1: fft 8 mix start: 31/32
[36;22m[DEBUG] [39;1msnarkJS[0m: alphaTauG1: fft 8 mix end: 0/32
[36;22m[DEBUG] [39;1msnarkJS[0m: alphaTauG1: fft 8 mix end: 4/32
[36;22m[DEBUG] [39;1msnarkJS[0m: alphaTauG1: fft 8 mix end: 12/32
[36;22m[DEBUG] [39;1msnarkJS[0m: alphaTauG1: fft 8 mix end: 3/32
[36;22m[DEBUG] [39;1msnarkJS[0m: alphaTauG1: fft 8 mix end: 5/32
[36;22m[DEBUG] [39;1msnarkJS[0m: alphaTauG1: fft 8 mix end: 7/32
[36;22m[DEBUG] [39;1msnarkJS[0m: alphaTauG1: fft 8 mix end: 9/32
[36;22m[DEBUG] [39;1msnarkJS[0m: alphaTauG1: fft 8 mix end: 10/32
[36;22m[DEBUG] [39;1msnarkJS[0m: alphaTauG1: fft 8 mix end: 11/32
[36;22m[DEBUG] [39;1msnarkJS[0m: alphaTauG1: fft 8 mix end: 2/32
[36;22m[DEBUG] [39;1msnarkJS[0m: alphaTauG1: fft 8 mix end: 20/32
[36;22m[DEBUG] [39;1msnarkJS[0m: alphaTauG1: fft 8 mix end: 14/32
[36;22m[DEBUG] [39;1msnarkJS[0m: alphaTauG1: fft 8 mix end: 15/32
[36;22m[DEBUG] [39;1msnarkJS[0m: alphaTauG1: fft 8 mix end: 16/32
[36;22m[DEBUG] [39;1msnarkJS[0m: alphaTauG1: fft 8 mix end: 1/32
[36;22m[DEBUG] [39;1msnarkJS[0m: alphaTauG1: fft 8 mix end: 19/32
[36;22m[DEBUG] [39;1msnarkJS[0m: alphaTauG1: fft 8 mix end: 8/32
[36;22m[DEBUG] [39;1msnarkJS[0m: alphaTauG1: fft 8 mix end: 13/32
[36;22m[DEBUG] [39;1msnarkJS[0m: alphaTauG1: fft 8 mix end: 6/32
[36;22m[DEBUG] [39;1msnarkJS[0m: alphaTauG1: fft 8 mix end: 22/32
[36;22m[DEBUG] [39;1msnarkJS[0m: alphaTauG1: fft 8 mix end: 25/32
[36;22m[DEBUG] [39;1msnarkJS[0m: alphaTauG1: fft 8 mix end: 31/32
[36;22m[DEBUG] [39;1msnarkJS[0m: alphaTauG1: fft 8 mix end: 30/32
[36;22m[DEBUG] [39;1msnarkJS[0m: alphaTauG1: fft 8 mix end: 23/32
[36;22m[DEBUG] [39;1msnarkJS[0m: alphaTauG1: fft 8 mix end: 17/32
[36;22m[DEBUG] [39;1msnarkJS[0m: alphaTauG1: fft 8 mix end: 29/32
[36;22m[DEBUG] [39;1msnarkJS[0m: alphaTauG1: fft 8 mix end: 27/32
[36;22m[DEBUG] [39;1msnarkJS[0m: alphaTauG1: fft 8 mix end: 26/32
[36;22m[DEBUG] [39;1msnarkJS[0m: alphaTauG1: fft 8 mix end: 18/32
[36;22m[DEBUG] [39;1msnarkJS[0m: alphaTauG1: fft 8 mix end: 21/32
[36;22m[DEBUG] [39;1msnarkJS[0m: alphaTauG1: fft 8 mix end: 28/32
[36;22m[DEBUG] [39;1msnarkJS[0m: alphaTauG1: fft 8 mix end: 24/32
[36;22m[DEBUG] [39;1msnarkJS[0m: alphaTauG1: fft  8  join: 4/8
[36;22m[DEBUG] [39;1msnarkJS[0m: alphaTauG1: fft 8 join  4/8  3/16 0/1
[36;22m[DEBUG] [39;1msnarkJS[0m: alphaTauG1: fft 8 join  4/8  4/16 0/1
[36;22m[DEBUG] [39;1msnarkJS[0m: alphaTauG1: fft 8 join  4/8  9/16 0/1
[36;22m[DEBUG] [39;1msnarkJS[0m: alphaTauG1: fft 8 join  4/8  10/16 0/1
[36;22m[DEBUG] [39;1msnarkJS[0m: alphaTauG1: fft 8 join  4/8  7/16 0/1
[36;22m[DEBUG] [39;1msnarkJS[0m: alphaTauG1: fft 8 join  4/8  8/16 0/1
[36;22m[DEBUG] [39;1msnarkJS[0m: alphaTauG1: fft 8 join  4/8  12/16 0/1
[36;22m[DEBUG] [39;1msnarkJS[0m: alphaTauG1: fft 8 join  4/8  13/16 0/1
[36;22m[DEBUG] [39;1msnarkJS[0m: alphaTauG1: fft 8 join  4/8  14/16 0/1
[36;22m[DEBUG] [39;1msnarkJS[0m: alphaTauG1: fft 8 join  4/8  1/16 0/1
[36;22m[DEBUG] [39;1msnarkJS[0m: alphaTauG1: fft 8 join  4/8  16/16 0/1
[36;22m[DEBUG] [39;1msnarkJS[0m: alphaTauG1: fft 8 join  4/8  2/16 0/1
[36;22m[DEBUG] [39;1msnarkJS[0m: alphaTauG1: fft 8 join  4/8  5/16 0/1
[36;22m[DEBUG] [39;1msnarkJS[0m: alphaTauG1: fft 8 join  4/8  11/16 0/1
[36;22m[DEBUG] [39;1msnarkJS[0m: alphaTauG1: fft 8 join  4/8  6/16 0/1
[36;22m[DEBUG] [39;1msnarkJS[0m: alphaTauG1: fft 8 join  4/8  15/16 0/1
[36;22m[DEBUG] [39;1msnarkJS[0m: alphaTauG1: fft  8  join: 5/8
[36;22m[DEBUG] [39;1msnarkJS[0m: alphaTauG1: fft 8 join  5/8  1/8 0/2
[36;22m[DEBUG] [39;1msnarkJS[0m: alphaTauG1: fft 8 join  5/8  2/8 0/2
[36;22m[DEBUG] [39;1msnarkJS[0m: alphaTauG1: fft 8 join  5/8  3/8 0/2
[36;22m[DEBUG] [39;1msnarkJS[0m: alphaTauG1: fft 8 join  5/8  4/8 0/2
[36;22m[DEBUG] [39;1msnarkJS[0m: alphaTauG1: fft 8 join  5/8  5/8 0/2
[36;22m[DEBUG] [39;1msnarkJS[0m: alphaTauG1: fft 8 join  5/8  6/8 0/2
[36;22m[DEBUG] [39;1msnarkJS[0m: alphaTauG1: fft 8 join  5/8  7/8 0/2
[36;22m[DEBUG] [39;1msnarkJS[0m: alphaTauG1: fft 8 join  5/8  1/8 1/2
[36;22m[DEBUG] [39;1msnarkJS[0m: alphaTauG1: fft 8 join  5/8  2/8 1/2
[36;22m[DEBUG] [39;1msnarkJS[0m: alphaTauG1: fft 8 join  5/8  4/8 1/2
[36;22m[DEBUG] [39;1msnarkJS[0m: alphaTauG1: fft 8 join  5/8  5/8 1/2
[36;22m[DEBUG] [39;1msnarkJS[0m: alphaTauG1: fft 8 join  5/8  6/8 1/2
[36;22m[DEBUG] [39;1msnarkJS[0m: alphaTauG1: fft 8 join  5/8  8/8 1/2
[36;22m[DEBUG] [39;1msnarkJS[0m: alphaTauG1: fft 8 join  5/8  7/8 1/2
[36;22m[DEBUG] [39;1msnarkJS[0m: alphaTauG1: fft 8 join  5/8  8/8 0/2
[36;22m[DEBUG] [39;1msnarkJS[0m: alphaTauG1: fft 8 join  5/8  3/8 1/2
[36;22m[DEBUG] [39;1msnarkJS[0m: alphaTauG1: fft  8  join: 6/8
[36;22m[DEBUG] [39;1msnarkJS[0m: alphaTauG1: fft 8 join  6/8  1/4 0/4
[36;22m[DEBUG] [39;1msnarkJS[0m: alphaTauG1: fft 8 join  6/8  2/4 0/4
[36;22m[DEBUG] [39;1msnarkJS[0m: alphaTauG1: fft 8 join  6/8  3/4 0/4
[36;22m[DEBUG] [39;1msnarkJS[0m: alphaTauG1: fft 8 join  6/8  1/4 1/4
[36;22m[DEBUG] [39;1msnarkJS[0m: alphaTauG1: fft 8 join  6/8  1/4 2/4
[36;22m[DEBUG] [39;1msnarkJS[0m: alphaTauG1: fft 8 join  6/8  1/4 3/4
[36;22m[DEBUG] [39;1msnarkJS[0m: alphaTauG1: fft 8 join  6/8  3/4 1/4
[36;22m[DEBUG] [39;1msnarkJS[0m: alphaTauG1: fft 8 join  6/8  3/4 2/4
[36;22m[DEBUG] [39;1msnarkJS[0m: alphaTauG1: fft 8 join  6/8  2/4 3/4
[36;22m[DEBUG] [39;1msnarkJS[0m: alphaTauG1: fft 8 join  6/8  3/4 3/4
[36;22m[DEBUG] [39;1msnarkJS[0m: alphaTauG1: fft 8 join  6/8  4/4 3/4
[36;22m[DEBUG] [39;1msnarkJS[0m: alphaTauG1: fft 8 join  6/8  2/4 2/4
[36;22m[DEBUG] [39;1msnarkJS[0m: alphaTauG1: fft 8 join  6/8  4/4 0/4
[36;22m[DEBUG] [39;1msnarkJS[0m: alphaTauG1: fft 8 join  6/8  2/4 1/4
[36;22m[DEBUG] [39;1msnarkJS[0m: alphaTauG1: fft 8 join  6/8  4/4 1/4
[36;22m[DEBUG] [39;1msnarkJS[0m: alphaTauG1: fft 8 join  6/8  4/4 2/4
[36;22m[DEBUG] [39;1msnarkJS[0m: alphaTauG1: fft  8  join: 7/8
[36;22m[DEBUG] [39;1msnarkJS[0m: alphaTauG1: fft 8 join  7/8  1/2 0/8
[36;22m[DEBUG] [39;1msnarkJS[0m: alphaTauG1: fft 8 join  7/8  1/2 1/8
[36;22m[DEBUG] [39;1msnarkJS[0m: alphaTauG1: fft 8 join  7/8  1/2 2/8
[36;22m[DEBUG] [39;1msnarkJS[0m: alphaTauG1: fft 8 join  7/8  1/2 6/8
[36;22m[DEBUG] [39;1msnarkJS[0m: alphaTauG1: fft 8 join  7/8  2/2 2/8
[36;22m[DEBUG] [39;1msnarkJS[0m: alphaTauG1: fft 8 join  7/8  2/2 3/8
[36;22m[DEBUG] [39;1msnarkJS[0m: alphaTauG1: fft 8 join  7/8  2/2 7/8
[36;22m[DEBUG] [39;1msnarkJS[0m: alphaTauG1: fft 8 join  7/8  2/2 0/8
[36;22m[DEBUG] [39;1msnarkJS[0m: alphaTauG1: fft 8 join  7/8  1/2 7/8
[36;22m[DEBUG] [39;1msnarkJS[0m: alphaTauG1: fft 8 join  7/8  2/2 1/8
[36;22m[DEBUG] [39;1msnarkJS[0m: alphaTauG1: fft 8 join  7/8  1/2 4/8
[36;22m[DEBUG] [39;1msnarkJS[0m: alphaTauG1: fft 8 join  7/8  1/2 3/8
[36;22m[DEBUG] [39;1msnarkJS[0m: alphaTauG1: fft 8 join  7/8  1/2 5/8
[36;22m[DEBUG] [39;1msnarkJS[0m: alphaTauG1: fft 8 join  7/8  2/2 5/8
[36;22m[DEBUG] [39;1msnarkJS[0m: alphaTauG1: fft 8 join  7/8  2/2 6/8
[36;22m[DEBUG] [39;1msnarkJS[0m: alphaTauG1: fft 8 join  7/8  2/2 4/8
[36;22m[DEBUG] [39;1msnarkJS[0m: alphaTauG1: fft  8  join: 8/8
[36;22m[DEBUG] [39;1msnarkJS[0m: alphaTauG1: fft 8 join  8/8  1/1 0/16
[36;22m[DEBUG] [39;1msnarkJS[0m: alphaTauG1: fft 8 join  8/8  1/1 3/16
[36;22m[DEBUG] [39;1msnarkJS[0m: alphaTauG1: fft 8 join  8/8  1/1 4/16
[36;22m[DEBUG] [39;1msnarkJS[0m: alphaTauG1: fft 8 join  8/8  1/1 7/16
[36;22m[DEBUG] [39;1msnarkJS[0m: alphaTauG1: fft 8 join  8/8  1/1 9/16
[36;22m[DEBUG] [39;1msnarkJS[0m: alphaTauG1: fft 8 join  8/8  1/1 2/16
[36;22m[DEBUG] [39;1msnarkJS[0m: alphaTauG1: fft 8 join  8/8  1/1 1/16
[36;22m[DEBUG] [39;1msnarkJS[0m: alphaTauG1: fft 8 join  8/8  1/1 6/16
[36;22m[DEBUG] [39;1msnarkJS[0m: alphaTauG1: fft 8 join  8/8  1/1 8/16
[36;22m[DEBUG] [39;1msnarkJS[0m: alphaTauG1: fft 8 join  8/8  1/1 11/16
[36;22m[DEBUG] [39;1msnarkJS[0m: alphaTauG1: fft 8 join  8/8  1/1 15/16
[36;22m[DEBUG] [39;1msnarkJS[0m: alphaTauG1: fft 8 join  8/8  1/1 10/16
[36;22m[DEBUG] [39;1msnarkJS[0m: alphaTauG1: fft 8 join  8/8  1/1 5/16
[36;22m[DEBUG] [39;1msnarkJS[0m: alphaTauG1: fft 8 join  8/8  1/1 14/16
[36;22m[DEBUG] [39;1msnarkJS[0m: alphaTauG1: fft 8 join  8/8  1/1 12/16
[36;22m[DEBUG] [39;1msnarkJS[0m: alphaTauG1: fft 8 join  8/8  1/1 13/16
[36;22m[DEBUG] [39;1msnarkJS[0m: alphaTauG1: fft 9 mix start: 0/32
[36;22m[DEBUG] [39;1msnarkJS[0m: alphaTauG1: fft 9 mix start: 1/32
[36;22m[DEBUG] [39;1msnarkJS[0m: alphaTauG1: fft 9 mix start: 2/32
[36;22m[DEBUG] [39;1msnarkJS[0m: alphaTauG1: fft 9 mix start: 3/32
[36;22m[DEBUG] [39;1msnarkJS[0m: alphaTauG1: fft 9 mix start: 4/32
[36;22m[DEBUG] [39;1msnarkJS[0m: alphaTauG1: fft 9 mix start: 5/32
[36;22m[DEBUG] [39;1msnarkJS[0m: alphaTauG1: fft 9 mix start: 6/32
[36;22m[DEBUG] [39;1msnarkJS[0m: alphaTauG1: fft 9 mix start: 7/32
[36;22m[DEBUG] [39;1msnarkJS[0m: alphaTauG1: fft 9 mix start: 8/32
[36;22m[DEBUG] [39;1msnarkJS[0m: alphaTauG1: fft 9 mix start: 9/32
[36;22m[DEBUG] [39;1msnarkJS[0m: alphaTauG1: fft 9 mix start: 10/32
[36;22m[DEBUG] [39;1msnarkJS[0m: alphaTauG1: fft 9 mix start: 11/32
[36;22m[DEBUG] [39;1msnarkJS[0m: alphaTauG1: fft 9 mix start: 12/32
[36;22m[DEBUG] [39;1msnarkJS[0m: alphaTauG1: fft 9 mix start: 13/32
[36;22m[DEBUG] [39;1msnarkJS[0m: alphaTauG1: fft 9 mix start: 14/32
[36;22m[DEBUG] [39;1msnarkJS[0m: alphaTauG1: fft 9 mix start: 15/32
[36;22m[DEBUG] [39;1msnarkJS[0m: alphaTauG1: fft 9 mix start: 16/32
[36;22m[DEBUG] [39;1msnarkJS[0m: alphaTauG1: fft 9 mix start: 17/32
[36;22m[DEBUG] [39;1msnarkJS[0m: alphaTauG1: fft 9 mix start: 18/32
[36;22m[DEBUG] [39;1msnarkJS[0m: alphaTauG1: fft 9 mix start: 19/32
[36;22m[DEBUG] [39;1msnarkJS[0m: alphaTauG1: fft 9 mix start: 20/32
[36;22m[DEBUG] [39;1msnarkJS[0m: alphaTauG1: fft 9 mix start: 21/32
[36;22m[DEBUG] [39;1msnarkJS[0m: alphaTauG1: fft 9 mix start: 22/32
[36;22m[DEBUG] [39;1msnarkJS[0m: alphaTauG1: fft 9 mix start: 23/32
[36;22m[DEBUG] [39;1msnarkJS[0m: alphaTauG1: fft 9 mix start: 24/32
[36;22m[DEBUG] [39;1msnarkJS[0m: alphaTauG1: fft 9 mix start: 25/32
[36;22m[DEBUG] [39;1msnarkJS[0m: alphaTauG1: fft 9 mix start: 26/32
[36;22m[DEBUG] [39;1msnarkJS[0m: alphaTauG1: fft 9 mix start: 27/32
[36;22m[DEBUG] [39;1msnarkJS[0m: alphaTauG1: fft 9 mix start: 28/32
[36;22m[DEBUG] [39;1msnarkJS[0m: alphaTauG1: fft 9 mix start: 29/32
[36;22m[DEBUG] [39;1msnarkJS[0m: alphaTauG1: fft 9 mix start: 30/32
[36;22m[DEBUG] [39;1msnarkJS[0m: alphaTauG1: fft 9 mix start: 31/32
[36;22m[DEBUG] [39;1msnarkJS[0m: alphaTauG1: fft 9 mix end: 0/32
[36;22m[DEBUG] [39;1msnarkJS[0m: alphaTauG1: fft 9 mix end: 1/32
[36;22m[DEBUG] [39;1msnarkJS[0m: alphaTauG1: fft 9 mix end: 2/32
[36;22m[DEBUG] [39;1msnarkJS[0m: alphaTauG1: fft 9 mix end: 3/32
[36;22m[DEBUG] [39;1msnarkJS[0m: alphaTauG1: fft 9 mix end: 4/32
[36;22m[DEBUG] [39;1msnarkJS[0m: alphaTauG1: fft 9 mix end: 5/32
[36;22m[DEBUG] [39;1msnarkJS[0m: alphaTauG1: fft 9 mix end: 6/32
[36;22m[DEBUG] [39;1msnarkJS[0m: alphaTauG1: fft 9 mix end: 7/32
[36;22m[DEBUG] [39;1msnarkJS[0m: alphaTauG1: fft 9 mix end: 8/32
[36;22m[DEBUG] [39;1msnarkJS[0m: alphaTauG1: fft 9 mix end: 9/32
[36;22m[DEBUG] [39;1msnarkJS[0m: alphaTauG1: fft 9 mix end: 10/32
[36;22m[DEBUG] [39;1msnarkJS[0m: alphaTauG1: fft 9 mix end: 11/32
[36;22m[DEBUG] [39;1msnarkJS[0m: alphaTauG1: fft 9 mix end: 12/32
[36;22m[DEBUG] [39;1msnarkJS[0m: alphaTauG1: fft 9 mix end: 13/32
[36;22m[DEBUG] [39;1msnarkJS[0m: alphaTauG1: fft 9 mix end: 14/32
[36;22m[DEBUG] [39;1msnarkJS[0m: alphaTauG1: fft 9 mix end: 15/32
[36;22m[DEBUG] [39;1msnarkJS[0m: alphaTauG1: fft 9 mix end: 16/32
[36;22m[DEBUG] [39;1msnarkJS[0m: alphaTauG1: fft 9 mix end: 17/32
[36;22m[DEBUG] [39;1msnarkJS[0m: alphaTauG1: fft 9 mix end: 18/32
[36;22m[DEBUG] [39;1msnarkJS[0m: alphaTauG1: fft 9 mix end: 19/32
[36;22m[DEBUG] [39;1msnarkJS[0m: alphaTauG1: fft 9 mix end: 20/32
[36;22m[DEBUG] [39;1msnarkJS[0m: alphaTauG1: fft 9 mix end: 24/32
[36;22m[DEBUG] [39;1msnarkJS[0m: alphaTauG1: fft 9 mix end: 25/32
[36;22m[DEBUG] [39;1msnarkJS[0m: alphaTauG1: fft 9 mix end: 28/32
[36;22m[DEBUG] [39;1msnarkJS[0m: alphaTauG1: fft 9 mix end: 29/32
[36;22m[DEBUG] [39;1msnarkJS[0m: alphaTauG1: fft 9 mix end: 30/32
[36;22m[DEBUG] [39;1msnarkJS[0m: alphaTauG1: fft 9 mix end: 31/32
[36;22m[DEBUG] [39;1msnarkJS[0m: alphaTauG1: fft 9 mix end: 22/32
[36;22m[DEBUG] [39;1msnarkJS[0m: alphaTauG1: fft 9 mix end: 23/32
[36;22m[DEBUG] [39;1msnarkJS[0m: alphaTauG1: fft 9 mix end: 26/32
[36;22m[DEBUG] [39;1msnarkJS[0m: alphaTauG1: fft 9 mix end: 27/32
[36;22m[DEBUG] [39;1msnarkJS[0m: alphaTauG1: fft 9 mix end: 21/32
[36;22m[DEBUG] [39;1msnarkJS[0m: alphaTauG1: fft  9  join: 5/9
[36;22m[DEBUG] [39;1msnarkJS[0m: alphaTauG1: fft 9 join  5/9  1/16 0/1
[36;22m[DEBUG] [39;1msnarkJS[0m: alphaTauG1: fft 9 join  5/9  4/16 0/1
[36;22m[DEBUG] [39;1msnarkJS[0m: alphaTauG1: fft 9 join  5/9  5/16 0/1
[36;22m[DEBUG] [39;1msnarkJS[0m: alphaTauG1: fft 9 join  5/9  11/16 0/1
[36;22m[DEBUG] [39;1msnarkJS[0m: alphaTauG1: fft 9 join  5/9  16/16 0/1
[36;22m[DEBUG] [39;1msnarkJS[0m: alphaTauG1: fft 9 join  5/9  2/16 0/1
[36;22m[DEBUG] [39;1msnarkJS[0m: alphaTauG1: fft 9 join  5/9  3/16 0/1
[36;22m[DEBUG] [39;1msnarkJS[0m: alphaTauG1: fft 9 join  5/9  7/16 0/1
[36;22m[DEBUG] [39;1msnarkJS[0m: alphaTauG1: fft 9 join  5/9  8/16 0/1
[36;22m[DEBUG] [39;1msnarkJS[0m: alphaTauG1: fft 9 join  5/9  9/16 0/1
[36;22m[DEBUG] [39;1msnarkJS[0m: alphaTauG1: fft 9 join  5/9  10/16 0/1
[36;22m[DEBUG] [39;1msnarkJS[0m: alphaTauG1: fft 9 join  5/9  12/16 0/1
[36;22m[DEBUG] [39;1msnarkJS[0m: alphaTauG1: fft 9 join  5/9  6/16 0/1
[36;22m[DEBUG] [39;1msnarkJS[0m: alphaTauG1: fft 9 join  5/9  15/16 0/1
[36;22m[DEBUG] [39;1msnarkJS[0m: alphaTauG1: fft 9 join  5/9  13/16 0/1
[36;22m[DEBUG] [39;1msnarkJS[0m: alphaTauG1: fft 9 join  5/9  14/16 0/1
[36;22m[DEBUG] [39;1msnarkJS[0m: alphaTauG1: fft  9  join: 6/9
[36;22m[DEBUG] [39;1msnarkJS[0m: alphaTauG1: fft 9 join  6/9  1/8 0/2
[36;22m[DEBUG] [39;1msnarkJS[0m: alphaTauG1: fft 9 join  6/9  4/8 0/2
[36;22m[DEBUG] [39;1msnarkJS[0m: alphaTauG1: fft 9 join  6/9  3/8 0/2
[36;22m[DEBUG] [39;1msnarkJS[0m: alphaTauG1: fft 9 join  6/9  2/8 0/2
[36;22m[DEBUG] [39;1msnarkJS[0m: alphaTauG1: fft 9 join  6/9  1/8 1/2
[36;22m[DEBUG] [39;1msnarkJS[0m: alphaTauG1: fft 9 join  6/9  6/8 0/2
[36;22m[DEBUG] [39;1msnarkJS[0m: alphaTauG1: fft 9 join  6/9  5/8 0/2
[36;22m[DEBUG] [39;1msnarkJS[0m: alphaTauG1: fft 9 join  6/9  6/8 1/2
[36;22m[DEBUG] [39;1msnarkJS[0m: alphaTauG1: fft 9 join  6/9  2/8 1/2
[36;22m[DEBUG] [39;1msnarkJS[0m: alphaTauG1: fft 9 join  6/9  8/8 1/2
[36;22m[DEBUG] [39;1msnarkJS[0m: alphaTauG1: fft 9 join  6/9  4/8 1/2
[36;22m[DEBUG] [39;1msnarkJS[0m: alphaTauG1: fft 9 join  6/9  5/8 1/2
[36;22m[DEBUG] [39;1msnarkJS[0m: alphaTauG1: fft 9 join  6/9  7/8 0/2
[36;22m[DEBUG] [39;1msnarkJS[0m: alphaTauG1: fft 9 join  6/9  8/8 0/2
[36;22m[DEBUG] [39;1msnarkJS[0m: alphaTauG1: fft 9 join  6/9  3/8 1/2
[36;22m[DEBUG] [39;1msnarkJS[0m: alphaTauG1: fft 9 join  6/9  7/8 1/2
[36;22m[DEBUG] [39;1msnarkJS[0m: alphaTauG1: fft  9  join: 7/9
[36;22m[DEBUG] [39;1msnarkJS[0m: alphaTauG1: fft 9 join  7/9  1/4 0/4
[36;22m[DEBUG] [39;1msnarkJS[0m: alphaTauG1: fft 9 join  7/9  3/4 0/4
[36;22m[DEBUG] [39;1msnarkJS[0m: alphaTauG1: fft 9 join  7/9  2/4 0/4
[36;22m[DEBUG] [39;1msnarkJS[0m: alphaTauG1: fft 9 join  7/9  1/4 2/4
[36;22m[DEBUG] [39;1msnarkJS[0m: alphaTauG1: fft 9 join  7/9  1/4 1/4
[36;22m[DEBUG] [39;1msnarkJS[0m: alphaTauG1: fft 9 join  7/9  1/4 3/4
[36;22m[DEBUG] [39;1msnarkJS[0m: alphaTauG1: fft 9 join  7/9  2/4 2/4
[36;22m[DEBUG] [39;1msnarkJS[0m: alphaTauG1: fft 9 join  7/9  2/4 3/4
[36;22m[DEBUG] [39;1msnarkJS[0m: alphaTauG1: fft 9 join  7/9  3/4 1/4
[36;22m[DEBUG] [39;1msnarkJS[0m: alphaTauG1: fft 9 join  7/9  3/4 2/4
[36;22m[DEBUG] [39;1msnarkJS[0m: alphaTauG1: fft 9 join  7/9  3/4 3/4
[36;22m[DEBUG] [39;1msnarkJS[0m: alphaTauG1: fft 9 join  7/9  4/4 3/4
[36;22m[DEBUG] [39;1msnarkJS[0m: alphaTauG1: fft 9 join  7/9  4/4 0/4
[36;22m[DEBUG] [39;1msnarkJS[0m: alphaTauG1: fft 9 join  7/9  4/4 1/4
[36;22m[DEBUG] [39;1msnarkJS[0m: alphaTauG1: fft 9 join  7/9  2/4 1/4
[36;22m[DEBUG] [39;1msnarkJS[0m: alphaTauG1: fft 9 join  7/9  4/4 2/4
[36;22m[DEBUG] [39;1msnarkJS[0m: alphaTauG1: fft  9  join: 8/9
[36;22m[DEBUG] [39;1msnarkJS[0m: alphaTauG1: fft 9 join  8/9  1/2 0/8
[36;22m[DEBUG] [39;1msnarkJS[0m: alphaTauG1: fft 9 join  8/9  1/2 2/8
[36;22m[DEBUG] [39;1msnarkJS[0m: alphaTauG1: fft 9 join  8/9  1/2 6/8
[36;22m[DEBUG] [39;1msnarkJS[0m: alphaTauG1: fft 9 join  8/9  1/2 1/8
[36;22m[DEBUG] [39;1msnarkJS[0m: alphaTauG1: fft 9 join  8/9  1/2 4/8
[36;22m[DEBUG] [39;1msnarkJS[0m: alphaTauG1: fft 9 join  8/9  2/2 0/8
[36;22m[DEBUG] [39;1msnarkJS[0m: alphaTauG1: fft 9 join  8/9  2/2 7/8
[36;22m[DEBUG] [39;1msnarkJS[0m: alphaTauG1: fft 9 join  8/9  2/2 3/8
[36;22m[DEBUG] [39;1msnarkJS[0m: alphaTauG1: fft 9 join  8/9  2/2 2/8
[36;22m[DEBUG] [39;1msnarkJS[0m: alphaTauG1: fft 9 join  8/9  1/2 7/8
[36;22m[DEBUG] [39;1msnarkJS[0m: alphaTauG1: fft 9 join  8/9  2/2 1/8
[36;22m[DEBUG] [39;1msnarkJS[0m: alphaTauG1: fft 9 join  8/9  1/2 3/8
[36;22m[DEBUG] [39;1msnarkJS[0m: alphaTauG1: fft 9 join  8/9  1/2 5/8
[36;22m[DEBUG] [39;1msnarkJS[0m: alphaTauG1: fft 9 join  8/9  2/2 5/8
[36;22m[DEBUG] [39;1msnarkJS[0m: alphaTauG1: fft 9 join  8/9  2/2 6/8
[36;22m[DEBUG] [39;1msnarkJS[0m: alphaTauG1: fft 9 join  8/9  2/2 4/8
[36;22m[DEBUG] [39;1msnarkJS[0m: alphaTauG1: fft  9  join: 9/9
[36;22m[DEBUG] [39;1msnarkJS[0m: alphaTauG1: fft 9 join  9/9  1/1 0/16
[36;22m[DEBUG] [39;1msnarkJS[0m: alphaTauG1: fft 9 join  9/9  1/1 1/16
[36;22m[DEBUG] [39;1msnarkJS[0m: alphaTauG1: fft 9 join  9/9  1/1 2/16
[36;22m[DEBUG] [39;1msnarkJS[0m: alphaTauG1: fft 9 join  9/9  1/1 6/16
[36;22m[DEBUG] [39;1msnarkJS[0m: alphaTauG1: fft 9 join  9/9  1/1 10/16
[36;22m[DEBUG] [39;1msnarkJS[0m: alphaTauG1: fft 9 join  9/9  1/1 7/16
[36;22m[DEBUG] [39;1msnarkJS[0m: alphaTauG1: fft 9 join  9/9  1/1 9/16
[36;22m[DEBUG] [39;1msnarkJS[0m: alphaTauG1: fft 9 join  9/9  1/1 4/16
[36;22m[DEBUG] [39;1msnarkJS[0m: alphaTauG1: fft 9 join  9/9  1/1 8/16
[36;22m[DEBUG] [39;1msnarkJS[0m: alphaTauG1: fft 9 join  9/9  1/1 11/16
[36;22m[DEBUG] [39;1msnarkJS[0m: alphaTauG1: fft 9 join  9/9  1/1 3/16
[36;22m[DEBUG] [39;1msnarkJS[0m: alphaTauG1: fft 9 join  9/9  1/1 15/16
[36;22m[DEBUG] [39;1msnarkJS[0m: alphaTauG1: fft 9 join  9/9  1/1 5/16
[36;22m[DEBUG] [39;1msnarkJS[0m: alphaTauG1: fft 9 join  9/9  1/1 14/16
[36;22m[DEBUG] [39;1msnarkJS[0m: alphaTauG1: fft 9 join  9/9  1/1 13/16
[36;22m[DEBUG] [39;1msnarkJS[0m: alphaTauG1: fft 9 join  9/9  1/1 12/16
[36;22m[DEBUG] [39;1msnarkJS[0m: alphaTauG1: fft 10 mix start: 0/32
[36;22m[DEBUG] [39;1msnarkJS[0m: alphaTauG1: fft 10 mix start: 1/32
[36;22m[DEBUG] [39;1msnarkJS[0m: alphaTauG1: fft 10 mix start: 2/32
[36;22m[DEBUG] [39;1msnarkJS[0m: alphaTauG1: fft 10 mix start: 3/32
[36;22m[DEBUG] [39;1msnarkJS[0m: alphaTauG1: fft 10 mix start: 4/32
[36;22m[DEBUG] [39;1msnarkJS[0m: alphaTauG1: fft 10 mix start: 5/32
[36;22m[DEBUG] [39;1msnarkJS[0m: alphaTauG1: fft 10 mix start: 6/32
[36;22m[DEBUG] [39;1msnarkJS[0m: alphaTauG1: fft 10 mix start: 7/32
[36;22m[DEBUG] [39;1msnarkJS[0m: alphaTauG1: fft 10 mix start: 8/32
[36;22m[DEBUG] [39;1msnarkJS[0m: alphaTauG1: fft 10 mix start: 9/32
[36;22m[DEBUG] [39;1msnarkJS[0m: alphaTauG1: fft 10 mix start: 10/32
[36;22m[DEBUG] [39;1msnarkJS[0m: alphaTauG1: fft 10 mix start: 11/32
[36;22m[DEBUG] [39;1msnarkJS[0m: alphaTauG1: fft 10 mix start: 12/32
[36;22m[DEBUG] [39;1msnarkJS[0m: alphaTauG1: fft 10 mix start: 13/32
[36;22m[DEBUG] [39;1msnarkJS[0m: alphaTauG1: fft 10 mix start: 14/32
[36;22m[DEBUG] [39;1msnarkJS[0m: alphaTauG1: fft 10 mix start: 15/32
[36;22m[DEBUG] [39;1msnarkJS[0m: alphaTauG1: fft 10 mix start: 16/32
[36;22m[DEBUG] [39;1msnarkJS[0m: alphaTauG1: fft 10 mix start: 17/32
[36;22m[DEBUG] [39;1msnarkJS[0m: alphaTauG1: fft 10 mix start: 18/32
[36;22m[DEBUG] [39;1msnarkJS[0m: alphaTauG1: fft 10 mix start: 19/32
[36;22m[DEBUG] [39;1msnarkJS[0m: alphaTauG1: fft 10 mix start: 20/32
[36;22m[DEBUG] [39;1msnarkJS[0m: alphaTauG1: fft 10 mix start: 21/32
[36;22m[DEBUG] [39;1msnarkJS[0m: alphaTauG1: fft 10 mix start: 22/32
[36;22m[DEBUG] [39;1msnarkJS[0m: alphaTauG1: fft 10 mix start: 23/32
[36;22m[DEBUG] [39;1msnarkJS[0m: alphaTauG1: fft 10 mix start: 24/32
[36;22m[DEBUG] [39;1msnarkJS[0m: alphaTauG1: fft 10 mix start: 25/32
[36;22m[DEBUG] [39;1msnarkJS[0m: alphaTauG1: fft 10 mix start: 26/32
[36;22m[DEBUG] [39;1msnarkJS[0m: alphaTauG1: fft 10 mix start: 27/32
[36;22m[DEBUG] [39;1msnarkJS[0m: alphaTauG1: fft 10 mix start: 28/32
[36;22m[DEBUG] [39;1msnarkJS[0m: alphaTauG1: fft 10 mix start: 29/32
[36;22m[DEBUG] [39;1msnarkJS[0m: alphaTauG1: fft 10 mix start: 30/32
[36;22m[DEBUG] [39;1msnarkJS[0m: alphaTauG1: fft 10 mix start: 31/32
[36;22m[DEBUG] [39;1msnarkJS[0m: alphaTauG1: fft 10 mix end: 0/32
[36;22m[DEBUG] [39;1msnarkJS[0m: alphaTauG1: fft 10 mix end: 3/32
[36;22m[DEBUG] [39;1msnarkJS[0m: alphaTauG1: fft 10 mix end: 4/32
[36;22m[DEBUG] [39;1msnarkJS[0m: alphaTauG1: fft 10 mix end: 7/32
[36;22m[DEBUG] [39;1msnarkJS[0m: alphaTauG1: fft 10 mix end: 8/32
[36;22m[DEBUG] [39;1msnarkJS[0m: alphaTauG1: fft 10 mix end: 9/32
[36;22m[DEBUG] [39;1msnarkJS[0m: alphaTauG1: fft 10 mix end: 15/32
[36;22m[DEBUG] [39;1msnarkJS[0m: alphaTauG1: fft 10 mix end: 17/32
[36;22m[DEBUG] [39;1msnarkJS[0m: alphaTauG1: fft 10 mix end: 6/32
[36;22m[DEBUG] [39;1msnarkJS[0m: alphaTauG1: fft 10 mix end: 10/32
[36;22m[DEBUG] [39;1msnarkJS[0m: alphaTauG1: fft 10 mix end: 1/32
[36;22m[DEBUG] [39;1msnarkJS[0m: alphaTauG1: fft 10 mix end: 2/32
[36;22m[DEBUG] [39;1msnarkJS[0m: alphaTauG1: fft 10 mix end: 16/32
[36;22m[DEBUG] [39;1msnarkJS[0m: alphaTauG1: fft 10 mix end: 5/32
[36;22m[DEBUG] [39;1msnarkJS[0m: alphaTauG1: fft 10 mix end: 12/32
[36;22m[DEBUG] [39;1msnarkJS[0m: alphaTauG1: fft 10 mix end: 14/32
[36;22m[DEBUG] [39;1msnarkJS[0m: alphaTauG1: fft 10 mix end: 28/32
[36;22m[DEBUG] [39;1msnarkJS[0m: alphaTauG1: fft 10 mix end: 29/32
[36;22m[DEBUG] [39;1msnarkJS[0m: alphaTauG1: fft 10 mix end: 13/32
[36;22m[DEBUG] [39;1msnarkJS[0m: alphaTauG1: fft 10 mix end: 19/32
[36;22m[DEBUG] [39;1msnarkJS[0m: alphaTauG1: fft 10 mix end: 25/32
[36;22m[DEBUG] [39;1msnarkJS[0m: alphaTauG1: fft 10 mix end: 30/32
[36;22m[DEBUG] [39;1msnarkJS[0m: alphaTauG1: fft 10 mix end: 21/32
[36;22m[DEBUG] [39;1msnarkJS[0m: alphaTauG1: fft 10 mix end: 20/32
[36;22m[DEBUG] [39;1msnarkJS[0m: alphaTauG1: fft 10 mix end: 18/32
[36;22m[DEBUG] [39;1msnarkJS[0m: alphaTauG1: fft 10 mix end: 24/32
[36;22m[DEBUG] [39;1msnarkJS[0m: alphaTauG1: fft 10 mix end: 26/32
[36;22m[DEBUG] [39;1msnarkJS[0m: alphaTauG1: fft 10 mix end: 11/32
[36;22m[DEBUG] [39;1msnarkJS[0m: alphaTauG1: fft 10 mix end: 31/32
[36;22m[DEBUG] [39;1msnarkJS[0m: alphaTauG1: fft 10 mix end: 22/32
[36;22m[DEBUG] [39;1msnarkJS[0m: alphaTauG1: fft 10 mix end: 23/32
[36;22m[DEBUG] [39;1msnarkJS[0m: alphaTauG1: fft 10 mix end: 27/32
[36;22m[DEBUG] [39;1msnarkJS[0m: alphaTauG1: fft  10  join: 6/10
[36;22m[DEBUG] [39;1msnarkJS[0m: alphaTauG1: fft 10 join  6/10  2/16 0/1
[36;22m[DEBUG] [39;1msnarkJS[0m: alphaTauG1: fft 10 join  6/10  12/16 0/1
[36;22m[DEBUG] [39;1msnarkJS[0m: alphaTauG1: fft 10 join  6/10  1/16 0/1
[36;22m[DEBUG] [39;1msnarkJS[0m: alphaTauG1: fft 10 join  6/10  3/16 0/1
[36;22m[DEBUG] [39;1msnarkJS[0m: alphaTauG1: fft 10 join  6/10  10/16 0/1
[36;22m[DEBUG] [39;1msnarkJS[0m: alphaTauG1: fft 10 join  6/10  8/16 0/1
[36;22m[DEBUG] [39;1msnarkJS[0m: alphaTauG1: fft 10 join  6/10  4/16 0/1
[36;22m[DEBUG] [39;1msnarkJS[0m: alphaTauG1: fft 10 join  6/10  5/16 0/1
[36;22m[DEBUG] [39;1msnarkJS[0m: alphaTauG1: fft 10 join  6/10  7/16 0/1
[36;22m[DEBUG] [39;1msnarkJS[0m: alphaTauG1: fft 10 join  6/10  9/16 0/1
[36;22m[DEBUG] [39;1msnarkJS[0m: alphaTauG1: fft 10 join  6/10  11/16 0/1
[36;22m[DEBUG] [39;1msnarkJS[0m: alphaTauG1: fft 10 join  6/10  16/16 0/1
[36;22m[DEBUG] [39;1msnarkJS[0m: alphaTauG1: fft 10 join  6/10  6/16 0/1
[36;22m[DEBUG] [39;1msnarkJS[0m: alphaTauG1: fft 10 join  6/10  13/16 0/1
[36;22m[DEBUG] [39;1msnarkJS[0m: alphaTauG1: fft 10 join  6/10  14/16 0/1
[36;22m[DEBUG] [39;1msnarkJS[0m: alphaTauG1: fft 10 join  6/10  15/16 0/1
[36;22m[DEBUG] [39;1msnarkJS[0m: alphaTauG1: fft  10  join: 7/10
[36;22m[DEBUG] [39;1msnarkJS[0m: alphaTauG1: fft 10 join  7/10  2/8 0/2
[36;22m[DEBUG] [39;1msnarkJS[0m: alphaTauG1: fft 10 join  7/10  4/8 0/2
[36;22m[DEBUG] [39;1msnarkJS[0m: alphaTauG1: fft 10 join  7/10  1/8 0/2
[36;22m[DEBUG] [39;1msnarkJS[0m: alphaTauG1: fft 10 join  7/10  1/8 1/2
[36;22m[DEBUG] [39;1msnarkJS[0m: alphaTauG1: fft 10 join  7/10  5/8 0/2
[36;22m[DEBUG] [39;1msnarkJS[0m: alphaTauG1: fft 10 join  7/10  6/8 0/2
[36;22m[DEBUG] [39;1msnarkJS[0m: alphaTauG1: fft 10 join  7/10  3/8 0/2
[36;22m[DEBUG] [39;1msnarkJS[0m: alphaTauG1: fft 10 join  7/10  4/8 1/2
[36;22m[DEBUG] [39;1msnarkJS[0m: alphaTauG1: fft 10 join  7/10  2/8 1/2
[36;22m[DEBUG] [39;1msnarkJS[0m: alphaTauG1: fft 10 join  7/10  5/8 1/2
[36;22m[DEBUG] [39;1msnarkJS[0m: alphaTauG1: fft 10 join  7/10  6/8 1/2
[36;22m[DEBUG] [39;1msnarkJS[0m: alphaTauG1: fft 10 join  7/10  8/8 1/2
[36;22m[DEBUG] [39;1msnarkJS[0m: alphaTauG1: fft 10 join  7/10  7/8 0/2
[36;22m[DEBUG] [39;1msnarkJS[0m: alphaTauG1: fft 10 join  7/10  7/8 1/2
[36;22m[DEBUG] [39;1msnarkJS[0m: alphaTauG1: fft 10 join  7/10  8/8 0/2
[36;22m[DEBUG] [39;1msnarkJS[0m: alphaTauG1: fft 10 join  7/10  3/8 1/2
[36;22m[DEBUG] [39;1msnarkJS[0m: alphaTauG1: fft  10  join: 8/10
[36;22m[DEBUG] [39;1msnarkJS[0m: alphaTauG1: fft 10 join  8/10  1/4 0/4
[36;22m[DEBUG] [39;1msnarkJS[0m: alphaTauG1: fft 10 join  8/10  1/4 1/4
[36;22m[DEBUG] [39;1msnarkJS[0m: alphaTauG1: fft 10 join  8/10  3/4 2/4
[36;22m[DEBUG] [39;1msnarkJS[0m: alphaTauG1: fft 10 join  8/10  2/4 0/4
[36;22m[DEBUG] [39;1msnarkJS[0m: alphaTauG1: fft 10 join  8/10  3/4 0/4
[36;22m[DEBUG] [39;1msnarkJS[0m: alphaTauG1: fft 10 join  8/10  1/4 2/4
[36;22m[DEBUG] [39;1msnarkJS[0m: alphaTauG1: fft 10 join  8/10  2/4 3/4
[36;22m[DEBUG] [39;1msnarkJS[0m: alphaTauG1: fft 10 join  8/10  2/4 2/4
[36;22m[DEBUG] [39;1msnarkJS[0m: alphaTauG1: fft 10 join  8/10  4/4 0/4
[36;22m[DEBUG] [39;1msnarkJS[0m: alphaTauG1: fft 10 join  8/10  1/4 3/4
[36;22m[DEBUG] [39;1msnarkJS[0m: alphaTauG1: fft 10 join  8/10  3/4 1/4
[36;22m[DEBUG] [39;1msnarkJS[0m: alphaTauG1: fft 10 join  8/10  3/4 3/4
[36;22m[DEBUG] [39;1msnarkJS[0m: alphaTauG1: fft 10 join  8/10  4/4 3/4
[36;22m[DEBUG] [39;1msnarkJS[0m: alphaTauG1: fft 10 join  8/10  4/4 1/4
[36;22m[DEBUG] [39;1msnarkJS[0m: alphaTauG1: fft 10 join  8/10  2/4 1/4
[36;22m[DEBUG] [39;1msnarkJS[0m: alphaTauG1: fft 10 join  8/10  4/4 2/4
[36;22m[DEBUG] [39;1msnarkJS[0m: alphaTauG1: fft  10  join: 9/10
[36;22m[DEBUG] [39;1msnarkJS[0m: alphaTauG1: fft 10 join  9/10  1/2 0/8
[36;22m[DEBUG] [39;1msnarkJS[0m: alphaTauG1: fft 10 join  9/10  1/2 2/8
[36;22m[DEBUG] [39;1msnarkJS[0m: alphaTauG1: fft 10 join  9/10  2/2 0/8
[36;22m[DEBUG] [39;1msnarkJS[0m: alphaTauG1: fft 10 join  9/10  1/2 6/8
[36;22m[DEBUG] [39;1msnarkJS[0m: alphaTauG1: fft 10 join  9/10  1/2 1/8
[36;22m[DEBUG] [39;1msnarkJS[0m: alphaTauG1: fft 10 join  9/10  1/2 7/8
[36;22m[DEBUG] [39;1msnarkJS[0m: alphaTauG1: fft 10 join  9/10  2/2 2/8
[36;22m[DEBUG] [39;1msnarkJS[0m: alphaTauG1: fft 10 join  9/10  2/2 7/8
[36;22m[DEBUG] [39;1msnarkJS[0m: alphaTauG1: fft 10 join  9/10  2/2 1/8
[36;22m[DEBUG] [39;1msnarkJS[0m: alphaTauG1: fft 10 join  9/10  2/2 4/8
[36;22m[DEBUG] [39;1msnarkJS[0m: alphaTauG1: fft 10 join  9/10  1/2 3/8
[36;22m[DEBUG] [39;1msnarkJS[0m: alphaTauG1: fft 10 join  9/10  1/2 4/8
[36;22m[DEBUG] [39;1msnarkJS[0m: alphaTauG1: fft 10 join  9/10  2/2 5/8
[36;22m[DEBUG] [39;1msnarkJS[0m: alphaTauG1: fft 10 join  9/10  2/2 3/8
[36;22m[DEBUG] [39;1msnarkJS[0m: alphaTauG1: fft 10 join  9/10  1/2 5/8
[36;22m[DEBUG] [39;1msnarkJS[0m: alphaTauG1: fft 10 join  9/10  2/2 6/8
[36;22m[DEBUG] [39;1msnarkJS[0m: alphaTauG1: fft  10  join: 10/10
[36;22m[DEBUG] [39;1msnarkJS[0m: alphaTauG1: fft 10 join  10/10  1/1 0/16
[36;22m[DEBUG] [39;1msnarkJS[0m: alphaTauG1: fft 10 join  10/10  1/1 2/16
[36;22m[DEBUG] [39;1msnarkJS[0m: alphaTauG1: fft 10 join  10/10  1/1 5/16
[36;22m[DEBUG] [39;1msnarkJS[0m: alphaTauG1: fft 10 join  10/10  1/1 4/16
[36;22m[DEBUG] [39;1msnarkJS[0m: alphaTauG1: fft 10 join  10/10  1/1 6/16
[36;22m[DEBUG] [39;1msnarkJS[0m: alphaTauG1: fft 10 join  10/10  1/1 1/16
[36;22m[DEBUG] [39;1msnarkJS[0m: alphaTauG1: fft 10 join  10/10  1/1 3/16
[36;22m[DEBUG] [39;1msnarkJS[0m: alphaTauG1: fft 10 join  10/10  1/1 11/16
[36;22m[DEBUG] [39;1msnarkJS[0m: alphaTauG1: fft 10 join  10/10  1/1 7/16
[36;22m[DEBUG] [39;1msnarkJS[0m: alphaTauG1: fft 10 join  10/10  1/1 8/16
[36;22m[DEBUG] [39;1msnarkJS[0m: alphaTauG1: fft 10 join  10/10  1/1 9/16
[36;22m[DEBUG] [39;1msnarkJS[0m: alphaTauG1: fft 10 join  10/10  1/1 15/16
[36;22m[DEBUG] [39;1msnarkJS[0m: alphaTauG1: fft 10 join  10/10  1/1 10/16
[36;22m[DEBUG] [39;1msnarkJS[0m: alphaTauG1: fft 10 join  10/10  1/1 12/16
[36;22m[DEBUG] [39;1msnarkJS[0m: alphaTauG1: fft 10 join  10/10  1/1 13/16
[36;22m[DEBUG] [39;1msnarkJS[0m: alphaTauG1: fft 10 join  10/10  1/1 14/16
[36;22m[DEBUG] [39;1msnarkJS[0m: alphaTauG1: fft 11 mix start: 0/32
[36;22m[DEBUG] [39;1msnarkJS[0m: alphaTauG1: fft 11 mix start: 1/32
[36;22m[DEBUG] [39;1msnarkJS[0m: alphaTauG1: fft 11 mix start: 2/32
[36;22m[DEBUG] [39;1msnarkJS[0m: alphaTauG1: fft 11 mix start: 3/32
[36;22m[DEBUG] [39;1msnarkJS[0m: alphaTauG1: fft 11 mix start: 4/32
[36;22m[DEBUG] [39;1msnarkJS[0m: alphaTauG1: fft 11 mix start: 5/32
[36;22m[DEBUG] [39;1msnarkJS[0m: alphaTauG1: fft 11 mix start: 6/32
[36;22m[DEBUG] [39;1msnarkJS[0m: alphaTauG1: fft 11 mix start: 7/32
[36;22m[DEBUG] [39;1msnarkJS[0m: alphaTauG1: fft 11 mix start: 8/32
[36;22m[DEBUG] [39;1msnarkJS[0m: alphaTauG1: fft 11 mix start: 9/32
[36;22m[DEBUG] [39;1msnarkJS[0m: alphaTauG1: fft 11 mix start: 10/32
[36;22m[DEBUG] [39;1msnarkJS[0m: alphaTauG1: fft 11 mix start: 11/32
[36;22m[DEBUG] [39;1msnarkJS[0m: alphaTauG1: fft 11 mix start: 12/32
[36;22m[DEBUG] [39;1msnarkJS[0m: alphaTauG1: fft 11 mix start: 13/32
[36;22m[DEBUG] [39;1msnarkJS[0m: alphaTauG1: fft 11 mix start: 14/32
[36;22m[DEBUG] [39;1msnarkJS[0m: alphaTauG1: fft 11 mix start: 15/32
[36;22m[DEBUG] [39;1msnarkJS[0m: alphaTauG1: fft 11 mix start: 16/32
[36;22m[DEBUG] [39;1msnarkJS[0m: alphaTauG1: fft 11 mix start: 17/32
[36;22m[DEBUG] [39;1msnarkJS[0m: alphaTauG1: fft 11 mix start: 18/32
[36;22m[DEBUG] [39;1msnarkJS[0m: alphaTauG1: fft 11 mix start: 19/32
[36;22m[DEBUG] [39;1msnarkJS[0m: alphaTauG1: fft 11 mix start: 20/32
[36;22m[DEBUG] [39;1msnarkJS[0m: alphaTauG1: fft 11 mix start: 21/32
[36;22m[DEBUG] [39;1msnarkJS[0m: alphaTauG1: fft 11 mix start: 22/32
[36;22m[DEBUG] [39;1msnarkJS[0m: alphaTauG1: fft 11 mix start: 23/32
[36;22m[DEBUG] [39;1msnarkJS[0m: alphaTauG1: fft 11 mix start: 24/32
[36;22m[DEBUG] [39;1msnarkJS[0m: alphaTauG1: fft 11 mix start: 25/32
[36;22m[DEBUG] [39;1msnarkJS[0m: alphaTauG1: fft 11 mix start: 26/32
[36;22m[DEBUG] [39;1msnarkJS[0m: alphaTauG1: fft 11 mix start: 27/32
[36;22m[DEBUG] [39;1msnarkJS[0m: alphaTauG1: fft 11 mix start: 28/32
[36;22m[DEBUG] [39;1msnarkJS[0m: alphaTauG1: fft 11 mix start: 29/32
[36;22m[DEBUG] [39;1msnarkJS[0m: alphaTauG1: fft 11 mix start: 30/32
[36;22m[DEBUG] [39;1msnarkJS[0m: alphaTauG1: fft 11 mix start: 31/32
[36;22m[DEBUG] [39;1msnarkJS[0m: alphaTauG1: fft 11 mix end: 4/32
[36;22m[DEBUG] [39;1msnarkJS[0m: alphaTauG1: fft 11 mix end: 9/32
[36;22m[DEBUG] [39;1msnarkJS[0m: alphaTauG1: fft 11 mix end: 1/32
[36;22m[DEBUG] [39;1msnarkJS[0m: alphaTauG1: fft 11 mix end: 3/32
[36;22m[DEBUG] [39;1msnarkJS[0m: alphaTauG1: fft 11 mix end: 5/32
[36;22m[DEBUG] [39;1msnarkJS[0m: alphaTauG1: fft 11 mix end: 8/32
[36;22m[DEBUG] [39;1msnarkJS[0m: alphaTauG1: fft 11 mix end: 15/32
[36;22m[DEBUG] [39;1msnarkJS[0m: alphaTauG1: fft 11 mix end: 17/32
[36;22m[DEBUG] [39;1msnarkJS[0m: alphaTauG1: fft 11 mix end: 0/32
[36;22m[DEBUG] [39;1msnarkJS[0m: alphaTauG1: fft 11 mix end: 21/32
[36;22m[DEBUG] [39;1msnarkJS[0m: alphaTauG1: fft 11 mix end: 6/32
[36;22m[DEBUG] [39;1msnarkJS[0m: alphaTauG1: fft 11 mix end: 16/32
[36;22m[DEBUG] [39;1msnarkJS[0m: alphaTauG1: fft 11 mix end: 28/32
[36;22m[DEBUG] [39;1msnarkJS[0m: alphaTauG1: fft 11 mix end: 2/32
[36;22m[DEBUG] [39;1msnarkJS[0m: alphaTauG1: fft 11 mix end: 7/32
[36;22m[DEBUG] [39;1msnarkJS[0m: alphaTauG1: fft 11 mix end: 12/32
[36;22m[DEBUG] [39;1msnarkJS[0m: alphaTauG1: fft 11 mix end: 19/32
[36;22m[DEBUG] [39;1msnarkJS[0m: alphaTauG1: fft 11 mix end: 31/32
[36;22m[DEBUG] [39;1msnarkJS[0m: alphaTauG1: fft 11 mix end: 10/32
[36;22m[DEBUG] [39;1msnarkJS[0m: alphaTauG1: fft 11 mix end: 29/32
[36;22m[DEBUG] [39;1msnarkJS[0m: alphaTauG1: fft 11 mix end: 13/32
[36;22m[DEBUG] [39;1msnarkJS[0m: alphaTauG1: fft 11 mix end: 25/32
[36;22m[DEBUG] [39;1msnarkJS[0m: alphaTauG1: fft 11 mix end: 30/32
[36;22m[DEBUG] [39;1msnarkJS[0m: alphaTauG1: fft 11 mix end: 26/32
[36;22m[DEBUG] [39;1msnarkJS[0m: alphaTauG1: fft 11 mix end: 14/32
[36;22m[DEBUG] [39;1msnarkJS[0m: alphaTauG1: fft 11 mix end: 22/32
[36;22m[DEBUG] [39;1msnarkJS[0m: alphaTauG1: fft 11 mix end: 11/32
[36;22m[DEBUG] [39;1msnarkJS[0m: alphaTauG1: fft 11 mix end: 24/32
[36;22m[DEBUG] [39;1msnarkJS[0m: alphaTauG1: fft 11 mix end: 23/32
[36;22m[DEBUG] [39;1msnarkJS[0m: alphaTauG1: fft 11 mix end: 20/32
[36;22m[DEBUG] [39;1msnarkJS[0m: alphaTauG1: fft 11 mix end: 18/32
[36;22m[DEBUG] [39;1msnarkJS[0m: alphaTauG1: fft 11 mix end: 27/32
[36;22m[DEBUG] [39;1msnarkJS[0m: alphaTauG1: fft  11  join: 7/11
[36;22m[DEBUG] [39;1msnarkJS[0m: alphaTauG1: fft 11 join  7/11  2/16 0/1
[36;22m[DEBUG] [39;1msnarkJS[0m: alphaTauG1: fft 11 join  7/11  3/16 0/1
[36;22m[DEBUG] [39;1msnarkJS[0m: alphaTauG1: fft 11 join  7/11  4/16 0/1
[36;22m[DEBUG] [39;1msnarkJS[0m: alphaTauG1: fft 11 join  7/11  6/16 0/1
[36;22m[DEBUG] [39;1msnarkJS[0m: alphaTauG1: fft 11 join  7/11  7/16 0/1
[36;22m[DEBUG] [39;1msnarkJS[0m: alphaTauG1: fft 11 join  7/11  8/16 0/1
[36;22m[DEBUG] [39;1msnarkJS[0m: alphaTauG1: fft 11 join  7/11  10/16 0/1
[36;22m[DEBUG] [39;1msnarkJS[0m: alphaTauG1: fft 11 join  7/11  11/16 0/1
[36;22m[DEBUG] [39;1msnarkJS[0m: alphaTauG1: fft 11 join  7/11  12/16 0/1
[36;22m[DEBUG] [39;1msnarkJS[0m: alphaTauG1: fft 11 join  7/11  9/16 0/1
[36;22m[DEBUG] [39;1msnarkJS[0m: alphaTauG1: fft 11 join  7/11  14/16 0/1
[36;22m[DEBUG] [39;1msnarkJS[0m: alphaTauG1: fft 11 join  7/11  15/16 0/1
[36;22m[DEBUG] [39;1msnarkJS[0m: alphaTauG1: fft 11 join  7/11  5/16 0/1
[36;22m[DEBUG] [39;1msnarkJS[0m: alphaTauG1: fft 11 join  7/11  13/16 0/1
[36;22m[DEBUG] [39;1msnarkJS[0m: alphaTauG1: fft 11 join  7/11  16/16 0/1
[36;22m[DEBUG] [39;1msnarkJS[0m: alphaTauG1: fft 11 join  7/11  1/16 0/1
[36;22m[DEBUG] [39;1msnarkJS[0m: alphaTauG1: fft  11  join: 8/11
[36;22m[DEBUG] [39;1msnarkJS[0m: alphaTauG1: fft 11 join  8/11  2/8 0/2
[36;22m[DEBUG] [39;1msnarkJS[0m: alphaTauG1: fft 11 join  8/11  6/8 0/2
[36;22m[DEBUG] [39;1msnarkJS[0m: alphaTauG1: fft 11 join  8/11  3/8 0/2
[36;22m[DEBUG] [39;1msnarkJS[0m: alphaTauG1: fft 11 join  8/11  4/8 0/2
[36;22m[DEBUG] [39;1msnarkJS[0m: alphaTauG1: fft 11 join  8/11  5/8 0/2
[36;22m[DEBUG] [39;1msnarkJS[0m: alphaTauG1: fft 11 join  8/11  2/8 1/2
[36;22m[DEBUG] [39;1msnarkJS[0m: alphaTauG1: fft 11 join  8/11  1/8 1/2
[36;22m[DEBUG] [39;1msnarkJS[0m: alphaTauG1: fft 11 join  8/11  4/8 1/2
[36;22m[DEBUG] [39;1msnarkJS[0m: alphaTauG1: fft 11 join  8/11  5/8 1/2
[36;22m[DEBUG] [39;1msnarkJS[0m: alphaTauG1: fft 11 join  8/11  6/8 1/2
[36;22m[DEBUG] [39;1msnarkJS[0m: alphaTauG1: fft 11 join  8/11  7/8 0/2
[36;22m[DEBUG] [39;1msnarkJS[0m: alphaTauG1: fft 11 join  8/11  7/8 1/2
[36;22m[DEBUG] [39;1msnarkJS[0m: alphaTauG1: fft 11 join  8/11  8/8 0/2
[36;22m[DEBUG] [39;1msnarkJS[0m: alphaTauG1: fft 11 join  8/11  8/8 1/2
[36;22m[DEBUG] [39;1msnarkJS[0m: alphaTauG1: fft 11 join  8/11  3/8 1/2
[36;22m[DEBUG] [39;1msnarkJS[0m: alphaTauG1: fft 11 join  8/11  1/8 0/2
[36;22m[DEBUG] [39;1msnarkJS[0m: alphaTauG1: fft  11  join: 9/11
[36;22m[DEBUG] [39;1msnarkJS[0m: alphaTauG1: fft 11 join  9/11  1/4 0/4
[36;22m[DEBUG] [39;1msnarkJS[0m: alphaTauG1: fft 11 join  9/11  2/4 0/4
[36;22m[DEBUG] [39;1msnarkJS[0m: alphaTauG1: fft 11 join  9/11  3/4 0/4
[36;22m[DEBUG] [39;1msnarkJS[0m: alphaTauG1: fft 11 join  9/11  1/4 2/4
[36;22m[DEBUG] [39;1msnarkJS[0m: alphaTauG1: fft 11 join  9/11  1/4 3/4
[36;22m[DEBUG] [39;1msnarkJS[0m: alphaTauG1: fft 11 join  9/11  2/4 2/4
[36;22m[DEBUG] [39;1msnarkJS[0m: alphaTauG1: fft 11 join  9/11  2/4 3/4
[36;22m[DEBUG] [39;1msnarkJS[0m: alphaTauG1: fft 11 join  9/11  3/4 1/4
[36;22m[DEBUG] [39;1msnarkJS[0m: alphaTauG1: fft 11 join  9/11  3/4 2/4
[36;22m[DEBUG] [39;1msnarkJS[0m: alphaTauG1: fft 11 join  9/11  3/4 3/4
[36;22m[DEBUG] [39;1msnarkJS[0m: alphaTauG1: fft 11 join  9/11  4/4 0/4
[36;22m[DEBUG] [39;1msnarkJS[0m: alphaTauG1: fft 11 join  9/11  4/4 2/4
[36;22m[DEBUG] [39;1msnarkJS[0m: alphaTauG1: fft 11 join  9/11  4/4 3/4
[36;22m[DEBUG] [39;1msnarkJS[0m: alphaTauG1: fft 11 join  9/11  1/4 1/4
[36;22m[DEBUG] [39;1msnarkJS[0m: alphaTauG1: fft 11 join  9/11  2/4 1/4
[36;22m[DEBUG] [39;1msnarkJS[0m: alphaTauG1: fft 11 join  9/11  4/4 1/4
[36;22m[DEBUG] [39;1msnarkJS[0m: alphaTauG1: fft  11  join: 10/11
[36;22m[DEBUG] [39;1msnarkJS[0m: alphaTauG1: fft 11 join  10/11  1/2 1/8
[36;22m[DEBUG] [39;1msnarkJS[0m: alphaTauG1: fft 11 join  10/11  1/2 2/8
[36;22m[DEBUG] [39;1msnarkJS[0m: alphaTauG1: fft 11 join  10/11  1/2 3/8
[36;22m[DEBUG] [39;1msnarkJS[0m: alphaTauG1: fft 11 join  10/11  1/2 4/8
[36;22m[DEBUG] [39;1msnarkJS[0m: alphaTauG1: fft 11 join  10/11  1/2 5/8
[36;22m[DEBUG] [39;1msnarkJS[0m: alphaTauG1: fft 11 join  10/11  1/2 6/8
[36;22m[DEBUG] [39;1msnarkJS[0m: alphaTauG1: fft 11 join  10/11  1/2 7/8
[36;22m[DEBUG] [39;1msnarkJS[0m: alphaTauG1: fft 11 join  10/11  2/2 2/8
[36;22m[DEBUG] [39;1msnarkJS[0m: alphaTauG1: fft 11 join  10/11  2/2 5/8
[36;22m[DEBUG] [39;1msnarkJS[0m: alphaTauG1: fft 11 join  10/11  2/2 7/8
[36;22m[DEBUG] [39;1msnarkJS[0m: alphaTauG1: fft 11 join  10/11  2/2 0/8
[36;22m[DEBUG] [39;1msnarkJS[0m: alphaTauG1: fft 11 join  10/11  2/2 1/8
[36;22m[DEBUG] [39;1msnarkJS[0m: alphaTauG1: fft 11 join  10/11  2/2 4/8
[36;22m[DEBUG] [39;1msnarkJS[0m: alphaTauG1: fft 11 join  10/11  1/2 0/8
[36;22m[DEBUG] [39;1msnarkJS[0m: alphaTauG1: fft 11 join  10/11  2/2 6/8
[36;22m[DEBUG] [39;1msnarkJS[0m: alphaTauG1: fft 11 join  10/11  2/2 3/8
[36;22m[DEBUG] [39;1msnarkJS[0m: alphaTauG1: fft  11  join: 11/11
[36;22m[DEBUG] [39;1msnarkJS[0m: alphaTauG1: fft 11 join  11/11  1/1 0/16
[36;22m[DEBUG] [39;1msnarkJS[0m: alphaTauG1: fft 11 join  11/11  1/1 2/16
[36;22m[DEBUG] [39;1msnarkJS[0m: alphaTauG1: fft 11 join  11/11  1/1 11/16
[36;22m[DEBUG] [39;1msnarkJS[0m: alphaTauG1: fft 11 join  11/11  1/1 6/16
[36;22m[DEBUG] [39;1msnarkJS[0m: alphaTauG1: fft 11 join  11/11  1/1 4/16
[36;22m[DEBUG] [39;1msnarkJS[0m: alphaTauG1: fft 11 join  11/11  1/1 1/16
[36;22m[DEBUG] [39;1msnarkJS[0m: alphaTauG1: fft 11 join  11/11  1/1 3/16
[36;22m[DEBUG] [39;1msnarkJS[0m: alphaTauG1: fft 11 join  11/11  1/1 7/16
[36;22m[DEBUG] [39;1msnarkJS[0m: alphaTauG1: fft 11 join  11/11  1/1 9/16
[36;22m[DEBUG] [39;1msnarkJS[0m: alphaTauG1: fft 11 join  11/11  1/1 14/16
[36;22m[DEBUG] [39;1msnarkJS[0m: alphaTauG1: fft 11 join  11/11  1/1 10/16
[36;22m[DEBUG] [39;1msnarkJS[0m: alphaTauG1: fft 11 join  11/11  1/1 13/16
[36;22m[DEBUG] [39;1msnarkJS[0m: alphaTauG1: fft 11 join  11/11  1/1 5/16
[36;22m[DEBUG] [39;1msnarkJS[0m: alphaTauG1: fft 11 join  11/11  1/1 15/16
[36;22m[DEBUG] [39;1msnarkJS[0m: alphaTauG1: fft 11 join  11/11  1/1 12/16
[36;22m[DEBUG] [39;1msnarkJS[0m: alphaTauG1: fft 11 join  11/11  1/1 8/16
[36;22m[DEBUG] [39;1msnarkJS[0m: alphaTauG1: fft 12 mix start: 0/32
[36;22m[DEBUG] [39;1msnarkJS[0m: alphaTauG1: fft 12 mix start: 1/32
[36;22m[DEBUG] [39;1msnarkJS[0m: alphaTauG1: fft 12 mix start: 2/32
[36;22m[DEBUG] [39;1msnarkJS[0m: alphaTauG1: fft 12 mix start: 3/32
[36;22m[DEBUG] [39;1msnarkJS[0m: alphaTauG1: fft 12 mix start: 4/32
[36;22m[DEBUG] [39;1msnarkJS[0m: alphaTauG1: fft 12 mix start: 5/32
[36;22m[DEBUG] [39;1msnarkJS[0m: alphaTauG1: fft 12 mix start: 6/32
[36;22m[DEBUG] [39;1msnarkJS[0m: alphaTauG1: fft 12 mix start: 7/32
[36;22m[DEBUG] [39;1msnarkJS[0m: alphaTauG1: fft 12 mix start: 8/32
[36;22m[DEBUG] [39;1msnarkJS[0m: alphaTauG1: fft 12 mix start: 9/32
[36;22m[DEBUG] [39;1msnarkJS[0m: alphaTauG1: fft 12 mix start: 10/32
[36;22m[DEBUG] [39;1msnarkJS[0m: alphaTauG1: fft 12 mix start: 11/32
[36;22m[DEBUG] [39;1msnarkJS[0m: alphaTauG1: fft 12 mix start: 12/32
[36;22m[DEBUG] [39;1msnarkJS[0m: alphaTauG1: fft 12 mix start: 13/32
[36;22m[DEBUG] [39;1msnarkJS[0m: alphaTauG1: fft 12 mix start: 14/32
[36;22m[DEBUG] [39;1msnarkJS[0m: alphaTauG1: fft 12 mix start: 15/32
[36;22m[DEBUG] [39;1msnarkJS[0m: alphaTauG1: fft 12 mix start: 16/32
[36;22m[DEBUG] [39;1msnarkJS[0m: alphaTauG1: fft 12 mix start: 17/32
[36;22m[DEBUG] [39;1msnarkJS[0m: alphaTauG1: fft 12 mix start: 18/32
[36;22m[DEBUG] [39;1msnarkJS[0m: alphaTauG1: fft 12 mix start: 19/32
[36;22m[DEBUG] [39;1msnarkJS[0m: alphaTauG1: fft 12 mix start: 20/32
[36;22m[DEBUG] [39;1msnarkJS[0m: alphaTauG1: fft 12 mix start: 21/32
[36;22m[DEBUG] [39;1msnarkJS[0m: alphaTauG1: fft 12 mix start: 22/32
[36;22m[DEBUG] [39;1msnarkJS[0m: alphaTauG1: fft 12 mix start: 23/32
[36;22m[DEBUG] [39;1msnarkJS[0m: alphaTauG1: fft 12 mix start: 24/32
[36;22m[DEBUG] [39;1msnarkJS[0m: alphaTauG1: fft 12 mix start: 25/32
[36;22m[DEBUG] [39;1msnarkJS[0m: alphaTauG1: fft 12 mix start: 26/32
[36;22m[DEBUG] [39;1msnarkJS[0m: alphaTauG1: fft 12 mix start: 27/32
[36;22m[DEBUG] [39;1msnarkJS[0m: alphaTauG1: fft 12 mix start: 28/32
[36;22m[DEBUG] [39;1msnarkJS[0m: alphaTauG1: fft 12 mix start: 29/32
[36;22m[DEBUG] [39;1msnarkJS[0m: alphaTauG1: fft 12 mix start: 30/32
[36;22m[DEBUG] [39;1msnarkJS[0m: alphaTauG1: fft 12 mix start: 31/32
[36;22m[DEBUG] [39;1msnarkJS[0m: alphaTauG1: fft 12 mix end: 4/32
[36;22m[DEBUG] [39;1msnarkJS[0m: alphaTauG1: fft 12 mix end: 6/32
[36;22m[DEBUG] [39;1msnarkJS[0m: alphaTauG1: fft 12 mix end: 3/32
[36;22m[DEBUG] [39;1msnarkJS[0m: alphaTauG1: fft 12 mix end: 9/32
[36;22m[DEBUG] [39;1msnarkJS[0m: alphaTauG1: fft 12 mix end: 13/32
[36;22m[DEBUG] [39;1msnarkJS[0m: alphaTauG1: fft 12 mix end: 17/32
[36;22m[DEBUG] [39;1msnarkJS[0m: alphaTauG1: fft 12 mix end: 0/32
[36;22m[DEBUG] [39;1msnarkJS[0m: alphaTauG1: fft 12 mix end: 5/32
[36;22m[DEBUG] [39;1msnarkJS[0m: alphaTauG1: fft 12 mix end: 23/32
[36;22m[DEBUG] [39;1msnarkJS[0m: alphaTauG1: fft 12 mix end: 20/32
[36;22m[DEBUG] [39;1msnarkJS[0m: alphaTauG1: fft 12 mix end: 30/32
[36;22m[DEBUG] [39;1msnarkJS[0m: alphaTauG1: fft 12 mix end: 31/32
[36;22m[DEBUG] [39;1msnarkJS[0m: alphaTauG1: fft 12 mix end: 7/32
[36;22m[DEBUG] [39;1msnarkJS[0m: alphaTauG1: fft 12 mix end: 15/32
[36;22m[DEBUG] [39;1msnarkJS[0m: alphaTauG1: fft 12 mix end: 25/32
[36;22m[DEBUG] [39;1msnarkJS[0m: alphaTauG1: fft 12 mix end: 2/32
[36;22m[DEBUG] [39;1msnarkJS[0m: alphaTauG1: fft 12 mix end: 12/32
[36;22m[DEBUG] [39;1msnarkJS[0m: alphaTauG1: fft 12 mix end: 19/32
[36;22m[DEBUG] [39;1msnarkJS[0m: alphaTauG1: fft 12 mix end: 21/32
[36;22m[DEBUG] [39;1msnarkJS[0m: alphaTauG1: fft 12 mix end: 10/32
[36;22m[DEBUG] [39;1msnarkJS[0m: alphaTauG1: fft 12 mix end: 28/32
[36;22m[DEBUG] [39;1msnarkJS[0m: alphaTauG1: fft 12 mix end: 16/32
[36;22m[DEBUG] [39;1msnarkJS[0m: alphaTauG1: fft 12 mix end: 14/32
[36;22m[DEBUG] [39;1msnarkJS[0m: alphaTauG1: fft 12 mix end: 1/32
[36;22m[DEBUG] [39;1msnarkJS[0m: alphaTauG1: fft 12 mix end: 18/32
[36;22m[DEBUG] [39;1msnarkJS[0m: alphaTauG1: fft 12 mix end: 8/32
[36;22m[DEBUG] [39;1msnarkJS[0m: alphaTauG1: fft 12 mix end: 29/32
[36;22m[DEBUG] [39;1msnarkJS[0m: alphaTauG1: fft 12 mix end: 26/32
[36;22m[DEBUG] [39;1msnarkJS[0m: alphaTauG1: fft 12 mix end: 11/32
[36;22m[DEBUG] [39;1msnarkJS[0m: alphaTauG1: fft 12 mix end: 22/32
[36;22m[DEBUG] [39;1msnarkJS[0m: alphaTauG1: fft 12 mix end: 24/32
[36;22m[DEBUG] [39;1msnarkJS[0m: alphaTauG1: fft 12 mix end: 27/32
[36;22m[DEBUG] [39;1msnarkJS[0m: alphaTauG1: fft  12  join: 8/12
[36;22m[DEBUG] [39;1msnarkJS[0m: alphaTauG1: fft 12 join  8/12  1/16 0/1
[36;22m[DEBUG] [39;1msnarkJS[0m: alphaTauG1: fft 12 join  8/12  2/16 0/1
[36;22m[DEBUG] [39;1msnarkJS[0m: alphaTauG1: fft 12 join  8/12  10/16 0/1
[36;22m[DEBUG] [39;1msnarkJS[0m: alphaTauG1: fft 12 join  8/12  4/16 0/1
[36;22m[DEBUG] [39;1msnarkJS[0m: alphaTauG1: fft 12 join  8/12  5/16 0/1
[36;22m[DEBUG] [39;1msnarkJS[0m: alphaTauG1: fft 12 join  8/12  8/16 0/1
[36;22m[DEBUG] [39;1msnarkJS[0m: alphaTauG1: fft 12 join  8/12  9/16 0/1
[36;22m[DEBUG] [39;1msnarkJS[0m: alphaTauG1: fft 12 join  8/12  12/16 0/1
[36;22m[DEBUG] [39;1msnarkJS[0m: alphaTauG1: fft 12 join  8/12  16/16 0/1
[36;22m[DEBUG] [39;1msnarkJS[0m: alphaTauG1: fft 12 join  8/12  3/16 0/1
[36;22m[DEBUG] [39;1msnarkJS[0m: alphaTauG1: fft 12 join  8/12  14/16 0/1
[36;22m[DEBUG] [39;1msnarkJS[0m: alphaTauG1: fft 12 join  8/12  7/16 0/1
[36;22m[DEBUG] [39;1msnarkJS[0m: alphaTauG1: fft 12 join  8/12  6/16 0/1
[36;22m[DEBUG] [39;1msnarkJS[0m: alphaTauG1: fft 12 join  8/12  11/16 0/1
[36;22m[DEBUG] [39;1msnarkJS[0m: alphaTauG1: fft 12 join  8/12  13/16 0/1
[36;22m[DEBUG] [39;1msnarkJS[0m: alphaTauG1: fft 12 join  8/12  15/16 0/1
[36;22m[DEBUG] [39;1msnarkJS[0m: alphaTauG1: fft  12  join: 9/12
[36;22m[DEBUG] [39;1msnarkJS[0m: alphaTauG1: fft 12 join  9/12  1/8 1/2
[36;22m[DEBUG] [39;1msnarkJS[0m: alphaTauG1: fft 12 join  9/12  6/8 0/2
[36;22m[DEBUG] [39;1msnarkJS[0m: alphaTauG1: fft 12 join  9/12  3/8 0/2
[36;22m[DEBUG] [39;1msnarkJS[0m: alphaTauG1: fft 12 join  9/12  4/8 0/2
[36;22m[DEBUG] [39;1msnarkJS[0m: alphaTauG1: fft 12 join  9/12  8/8 0/2
[36;22m[DEBUG] [39;1msnarkJS[0m: alphaTauG1: fft 12 join  9/12  1/8 0/2
[36;22m[DEBUG] [39;1msnarkJS[0m: alphaTauG1: fft 12 join  9/12  5/8 0/2
[36;22m[DEBUG] [39;1msnarkJS[0m: alphaTauG1: fft 12 join  9/12  5/8 1/2
[36;22m[DEBUG] [39;1msnarkJS[0m: alphaTauG1: fft 12 join  9/12  2/8 1/2
[36;22m[DEBUG] [39;1msnarkJS[0m: alphaTauG1: fft 12 join  9/12  3/8 1/2
[36;22m[DEBUG] [39;1msnarkJS[0m: alphaTauG1: fft 12 join  9/12  8/8 1/2
[36;22m[DEBUG] [39;1msnarkJS[0m: alphaTauG1: fft 12 join  9/12  4/8 1/2
[36;22m[DEBUG] [39;1msnarkJS[0m: alphaTauG1: fft 12 join  9/12  7/8 0/2
[36;22m[DEBUG] [39;1msnarkJS[0m: alphaTauG1: fft 12 join  9/12  7/8 1/2
[36;22m[DEBUG] [39;1msnarkJS[0m: alphaTauG1: fft 12 join  9/12  2/8 0/2
[36;22m[DEBUG] [39;1msnarkJS[0m: alphaTauG1: fft 12 join  9/12  6/8 1/2
[36;22m[DEBUG] [39;1msnarkJS[0m: alphaTauG1: fft  12  join: 10/12
[36;22m[DEBUG] [39;1msnarkJS[0m: alphaTauG1: fft 12 join  10/12  1/4 0/4
[36;22m[DEBUG] [39;1msnarkJS[0m: alphaTauG1: fft 12 join  10/12  1/4 3/4
[36;22m[DEBUG] [39;1msnarkJS[0m: alphaTauG1: fft 12 join  10/12  2/4 0/4
[36;22m[DEBUG] [39;1msnarkJS[0m: alphaTauG1: fft 12 join  10/12  3/4 0/4
[36;22m[DEBUG] [39;1msnarkJS[0m: alphaTauG1: fft 12 join  10/12  1/4 1/4
[36;22m[DEBUG] [39;1msnarkJS[0m: alphaTauG1: fft 12 join  10/12  1/4 2/4
[36;22m[DEBUG] [39;1msnarkJS[0m: alphaTauG1: fft 12 join  10/12  2/4 2/4
[36;22m[DEBUG] [39;1msnarkJS[0m: alphaTauG1: fft 12 join  10/12  3/4 3/4
[36;22m[DEBUG] [39;1msnarkJS[0m: alphaTauG1: fft 12 join  10/12  4/4 2/4
[36;22m[DEBUG] [39;1msnarkJS[0m: alphaTauG1: fft 12 join  10/12  2/4 3/4
[36;22m[DEBUG] [39;1msnarkJS[0m: alphaTauG1: fft 12 join  10/12  3/4 1/4
[36;22m[DEBUG] [39;1msnarkJS[0m: alphaTauG1: fft 12 join  10/12  4/4 3/4
[36;22m[DEBUG] [39;1msnarkJS[0m: alphaTauG1: fft 12 join  10/12  2/4 1/4
[36;22m[DEBUG] [39;1msnarkJS[0m: alphaTauG1: fft 12 join  10/12  4/4 0/4
[36;22m[DEBUG] [39;1msnarkJS[0m: alphaTauG1: fft 12 join  10/12  4/4 1/4
[36;22m[DEBUG] [39;1msnarkJS[0m: alphaTauG1: fft 12 join  10/12  3/4 2/4
[36;22m[DEBUG] [39;1msnarkJS[0m: alphaTauG1: fft  12  join: 11/12
[36;22m[DEBUG] [39;1msnarkJS[0m: alphaTauG1: fft 12 join  11/12  1/2 0/8
[36;22m[DEBUG] [39;1msnarkJS[0m: alphaTauG1: fft 12 join  11/12  1/2 2/8
[36;22m[DEBUG] [39;1msnarkJS[0m: alphaTauG1: fft 12 join  11/12  1/2 5/8
[36;22m[DEBUG] [39;1msnarkJS[0m: alphaTauG1: fft 12 join  11/12  2/2 0/8
[36;22m[DEBUG] [39;1msnarkJS[0m: alphaTauG1: fft 12 join  11/12  1/2 3/8
[36;22m[DEBUG] [39;1msnarkJS[0m: alphaTauG1: fft 12 join  11/12  1/2 4/8
[36;22m[DEBUG] [39;1msnarkJS[0m: alphaTauG1: fft 12 join  11/12  1/2 6/8
[36;22m[DEBUG] [39;1msnarkJS[0m: alphaTauG1: fft 12 join  11/12  2/2 3/8
[36;22m[DEBUG] [39;1msnarkJS[0m: alphaTauG1: fft 12 join  11/12  2/2 5/8
[36;22m[DEBUG] [39;1msnarkJS[0m: alphaTauG1: fft 12 join  11/12  2/2 7/8
[36;22m[DEBUG] [39;1msnarkJS[0m: alphaTauG1: fft 12 join  11/12  1/2 1/8
[36;22m[DEBUG] [39;1msnarkJS[0m: alphaTauG1: fft 12 join  11/12  1/2 7/8
[36;22m[DEBUG] [39;1msnarkJS[0m: alphaTauG1: fft 12 join  11/12  2/2 1/8
[36;22m[DEBUG] [39;1msnarkJS[0m: alphaTauG1: fft 12 join  11/12  2/2 6/8
[36;22m[DEBUG] [39;1msnarkJS[0m: alphaTauG1: fft 12 join  11/12  2/2 2/8
[36;22m[DEBUG] [39;1msnarkJS[0m: alphaTauG1: fft 12 join  11/12  2/2 4/8
[36;22m[DEBUG] [39;1msnarkJS[0m: alphaTauG1: fft  12  join: 12/12
[36;22m[DEBUG] [39;1msnarkJS[0m: alphaTauG1: fft 12 join  12/12  1/1 0/16
[36;22m[DEBUG] [39;1msnarkJS[0m: alphaTauG1: fft 12 join  12/12  1/1 4/16
[36;22m[DEBUG] [39;1msnarkJS[0m: alphaTauG1: fft 12 join  12/12  1/1 7/16
[36;22m[DEBUG] [39;1msnarkJS[0m: alphaTauG1: fft 12 join  12/12  1/1 9/16
[36;22m[DEBUG] [39;1msnarkJS[0m: alphaTauG1: fft 12 join  12/12  1/1 1/16
[36;22m[DEBUG] [39;1msnarkJS[0m: alphaTauG1: fft 12 join  12/12  1/1 3/16
[36;22m[DEBUG] [39;1msnarkJS[0m: alphaTauG1: fft 12 join  12/12  1/1 6/16
[36;22m[DEBUG] [39;1msnarkJS[0m: alphaTauG1: fft 12 join  12/12  1/1 8/16
[36;22m[DEBUG] [39;1msnarkJS[0m: alphaTauG1: fft 12 join  12/12  1/1 10/16
[36;22m[DEBUG] [39;1msnarkJS[0m: alphaTauG1: fft 12 join  12/12  1/1 2/16
[36;22m[DEBUG] [39;1msnarkJS[0m: alphaTauG1: fft 12 join  12/12  1/1 13/16
[36;22m[DEBUG] [39;1msnarkJS[0m: alphaTauG1: fft 12 join  12/12  1/1 11/16
[36;22m[DEBUG] [39;1msnarkJS[0m: alphaTauG1: fft 12 join  12/12  1/1 14/16
[36;22m[DEBUG] [39;1msnarkJS[0m: alphaTauG1: fft 12 join  12/12  1/1 5/16
[36;22m[DEBUG] [39;1msnarkJS[0m: alphaTauG1: fft 12 join  12/12  1/1 12/16
[36;22m[DEBUG] [39;1msnarkJS[0m: alphaTauG1: fft 12 join  12/12  1/1 15/16
[36;22m[DEBUG] [39;1msnarkJS[0m: alphaTauG1: fft 13 mix start: 0/32
[36;22m[DEBUG] [39;1msnarkJS[0m: alphaTauG1: fft 13 mix start: 1/32
[36;22m[DEBUG] [39;1msnarkJS[0m: alphaTauG1: fft 13 mix start: 2/32
[36;22m[DEBUG] [39;1msnarkJS[0m: alphaTauG1: fft 13 mix start: 3/32
[36;22m[DEBUG] [39;1msnarkJS[0m: alphaTauG1: fft 13 mix start: 4/32
[36;22m[DEBUG] [39;1msnarkJS[0m: alphaTauG1: fft 13 mix start: 5/32
[36;22m[DEBUG] [39;1msnarkJS[0m: alphaTauG1: fft 13 mix start: 6/32
[36;22m[DEBUG] [39;1msnarkJS[0m: alphaTauG1: fft 13 mix start: 7/32
[36;22m[DEBUG] [39;1msnarkJS[0m: alphaTauG1: fft 13 mix start: 8/32
[36;22m[DEBUG] [39;1msnarkJS[0m: alphaTauG1: fft 13 mix start: 9/32
[36;22m[DEBUG] [39;1msnarkJS[0m: alphaTauG1: fft 13 mix start: 10/32
[36;22m[DEBUG] [39;1msnarkJS[0m: alphaTauG1: fft 13 mix start: 11/32
[36;22m[DEBUG] [39;1msnarkJS[0m: alphaTauG1: fft 13 mix start: 12/32
[36;22m[DEBUG] [39;1msnarkJS[0m: alphaTauG1: fft 13 mix start: 13/32
[36;22m[DEBUG] [39;1msnarkJS[0m: alphaTauG1: fft 13 mix start: 14/32
[36;22m[DEBUG] [39;1msnarkJS[0m: alphaTauG1: fft 13 mix start: 15/32
[36;22m[DEBUG] [39;1msnarkJS[0m: alphaTauG1: fft 13 mix start: 16/32
[36;22m[DEBUG] [39;1msnarkJS[0m: alphaTauG1: fft 13 mix start: 17/32
[36;22m[DEBUG] [39;1msnarkJS[0m: alphaTauG1: fft 13 mix start: 18/32
[36;22m[DEBUG] [39;1msnarkJS[0m: alphaTauG1: fft 13 mix start: 19/32
[36;22m[DEBUG] [39;1msnarkJS[0m: alphaTauG1: fft 13 mix start: 20/32
[36;22m[DEBUG] [39;1msnarkJS[0m: alphaTauG1: fft 13 mix start: 21/32
[36;22m[DEBUG] [39;1msnarkJS[0m: alphaTauG1: fft 13 mix start: 22/32
[36;22m[DEBUG] [39;1msnarkJS[0m: alphaTauG1: fft 13 mix start: 23/32
[36;22m[DEBUG] [39;1msnarkJS[0m: alphaTauG1: fft 13 mix start: 24/32
[36;22m[DEBUG] [39;1msnarkJS[0m: alphaTauG1: fft 13 mix start: 25/32
[36;22m[DEBUG] [39;1msnarkJS[0m: alphaTauG1: fft 13 mix start: 26/32
[36;22m[DEBUG] [39;1msnarkJS[0m: alphaTauG1: fft 13 mix start: 27/32
[36;22m[DEBUG] [39;1msnarkJS[0m: alphaTauG1: fft 13 mix start: 28/32
[36;22m[DEBUG] [39;1msnarkJS[0m: alphaTauG1: fft 13 mix start: 29/32
[36;22m[DEBUG] [39;1msnarkJS[0m: alphaTauG1: fft 13 mix start: 30/32
[36;22m[DEBUG] [39;1msnarkJS[0m: alphaTauG1: fft 13 mix start: 31/32
[36;22m[DEBUG] [39;1msnarkJS[0m: alphaTauG1: fft 13 mix end: 3/32
[36;22m[DEBUG] [39;1msnarkJS[0m: alphaTauG1: fft 13 mix end: 4/32
[36;22m[DEBUG] [39;1msnarkJS[0m: alphaTauG1: fft 13 mix end: 6/32
[36;22m[DEBUG] [39;1msnarkJS[0m: alphaTauG1: fft 13 mix end: 13/32
[36;22m[DEBUG] [39;1msnarkJS[0m: alphaTauG1: fft 13 mix end: 17/32
[36;22m[DEBUG] [39;1msnarkJS[0m: alphaTauG1: fft 13 mix end: 25/32
[36;22m[DEBUG] [39;1msnarkJS[0m: alphaTauG1: fft 13 mix end: 11/32
[36;22m[DEBUG] [39;1msnarkJS[0m: alphaTauG1: fft 13 mix end: 26/32
[36;22m[DEBUG] [39;1msnarkJS[0m: alphaTauG1: fft 13 mix end: 31/32
[36;22m[DEBUG] [39;1msnarkJS[0m: alphaTauG1: fft 13 mix end: 19/32
[36;22m[DEBUG] [39;1msnarkJS[0m: alphaTauG1: fft 13 mix end: 8/32
[36;22m[DEBUG] [39;1msnarkJS[0m: alphaTauG1: fft 13 mix end: 14/32
[36;22m[DEBUG] [39;1msnarkJS[0m: alphaTauG1: fft 13 mix end: 0/32
[36;22m[DEBUG] [39;1msnarkJS[0m: alphaTauG1: fft 13 mix end: 2/32
[36;22m[DEBUG] [39;1msnarkJS[0m: alphaTauG1: fft 13 mix end: 7/32
[36;22m[DEBUG] [39;1msnarkJS[0m: alphaTauG1: fft 13 mix end: 21/32
[36;22m[DEBUG] [39;1msnarkJS[0m: alphaTauG1: fft 13 mix end: 12/32
[36;22m[DEBUG] [39;1msnarkJS[0m: alphaTauG1: fft 13 mix end: 23/32
[36;22m[DEBUG] [39;1msnarkJS[0m: alphaTauG1: fft 13 mix end: 20/32
[36;22m[DEBUG] [39;1msnarkJS[0m: alphaTauG1: fft 13 mix end: 9/32
[36;22m[DEBUG] [39;1msnarkJS[0m: alphaTauG1: fft 13 mix end: 27/32
[36;22m[DEBUG] [39;1msnarkJS[0m: alphaTauG1: fft 13 mix end: 22/32
[36;22m[DEBUG] [39;1msnarkJS[0m: alphaTauG1: fft 13 mix end: 24/32
[36;22m[DEBUG] [39;1msnarkJS[0m: alphaTauG1: fft 13 mix end: 16/32
[36;22m[DEBUG] [39;1msnarkJS[0m: alphaTauG1: fft 13 mix end: 15/32
[36;22m[DEBUG] [39;1msnarkJS[0m: alphaTauG1: fft 13 mix end: 5/32
[36;22m[DEBUG] [39;1msnarkJS[0m: alphaTauG1: fft 13 mix end: 30/32
[36;22m[DEBUG] [39;1msnarkJS[0m: alphaTauG1: fft 13 mix end: 28/32
[36;22m[DEBUG] [39;1msnarkJS[0m: alphaTauG1: fft 13 mix end: 1/32
[36;22m[DEBUG] [39;1msnarkJS[0m: alphaTauG1: fft 13 mix end: 18/32
[36;22m[DEBUG] [39;1msnarkJS[0m: alphaTauG1: fft 13 mix end: 29/32
[36;22m[DEBUG] [39;1msnarkJS[0m: alphaTauG1: fft 13 mix end: 10/32
[36;22m[DEBUG] [39;1msnarkJS[0m: alphaTauG1: fft  13  join: 9/13
[36;22m[DEBUG] [39;1msnarkJS[0m: alphaTauG1: fft 13 join  9/13  2/16 0/1
[36;22m[DEBUG] [39;1msnarkJS[0m: alphaTauG1: fft 13 join  9/13  3/16 0/1
[36;22m[DEBUG] [39;1msnarkJS[0m: alphaTauG1: fft 13 join  9/13  11/16 0/1
[36;22m[DEBUG] [39;1msnarkJS[0m: alphaTauG1: fft 13 join  9/13  1/16 0/1
[36;22m[DEBUG] [39;1msnarkJS[0m: alphaTauG1: fft 13 join  9/13  4/16 0/1
[36;22m[DEBUG] [39;1msnarkJS[0m: alphaTauG1: fft 13 join  9/13  6/16 0/1
[36;22m[DEBUG] [39;1msnarkJS[0m: alphaTauG1: fft 13 join  9/13  10/16 0/1
[36;22m[DEBUG] [39;1msnarkJS[0m: alphaTauG1: fft 13 join  9/13  14/16 0/1
[36;22m[DEBUG] [39;1msnarkJS[0m: alphaTauG1: fft 13 join  9/13  9/16 0/1
[36;22m[DEBUG] [39;1msnarkJS[0m: alphaTauG1: fft 13 join  9/13  16/16 0/1
[36;22m[DEBUG] [39;1msnarkJS[0m: alphaTauG1: fft 13 join  9/13  7/16 0/1
[36;22m[DEBUG] [39;1msnarkJS[0m: alphaTauG1: fft 13 join  9/13  5/16 0/1
[36;22m[DEBUG] [39;1msnarkJS[0m: alphaTauG1: fft 13 join  9/13  15/16 0/1
[36;22m[DEBUG] [39;1msnarkJS[0m: alphaTauG1: fft 13 join  9/13  8/16 0/1
[36;22m[DEBUG] [39;1msnarkJS[0m: alphaTauG1: fft 13 join  9/13  13/16 0/1
[36;22m[DEBUG] [39;1msnarkJS[0m: alphaTauG1: fft 13 join  9/13  12/16 0/1
[36;22m[DEBUG] [39;1msnarkJS[0m: alphaTauG1: fft  13  join: 10/13
[36;22m[DEBUG] [39;1msnarkJS[0m: alphaTauG1: fft 13 join  10/13  1/8 1/2
[36;22m[DEBUG] [39;1msnarkJS[0m: alphaTauG1: fft 13 join  10/13  2/8 0/2
[36;22m[DEBUG] [39;1msnarkJS[0m: alphaTauG1: fft 13 join  10/13  2/8 1/2
[36;22m[DEBUG] [39;1msnarkJS[0m: alphaTauG1: fft 13 join  10/13  3/8 0/2
[36;22m[DEBUG] [39;1msnarkJS[0m: alphaTauG1: fft 13 join  10/13  1/8 0/2
[36;22m[DEBUG] [39;1msnarkJS[0m: alphaTauG1: fft 13 join  10/13  3/8 1/2
[36;22m[DEBUG] [39;1msnarkJS[0m: alphaTauG1: fft 13 join  10/13  6/8 0/2
[36;22m[DEBUG] [39;1msnarkJS[0m: alphaTauG1: fft 13 join  10/13  6/8 1/2
[36;22m[DEBUG] [39;1msnarkJS[0m: alphaTauG1: fft 13 join  10/13  7/8 1/2
[36;22m[DEBUG] [39;1msnarkJS[0m: alphaTauG1: fft 13 join  10/13  5/8 1/2
[36;22m[DEBUG] [39;1msnarkJS[0m: alphaTauG1: fft 13 join  10/13  4/8 0/2
[36;22m[DEBUG] [39;1msnarkJS[0m: alphaTauG1: fft 13 join  10/13  5/8 0/2
[36;22m[DEBUG] [39;1msnarkJS[0m: alphaTauG1: fft 13 join  10/13  4/8 1/2
[36;22m[DEBUG] [39;1msnarkJS[0m: alphaTauG1: fft 13 join  10/13  8/8 0/2
[36;22m[DEBUG] [39;1msnarkJS[0m: alphaTauG1: fft 13 join  10/13  8/8 1/2
[36;22m[DEBUG] [39;1msnarkJS[0m: alphaTauG1: fft 13 join  10/13  7/8 0/2
[36;22m[DEBUG] [39;1msnarkJS[0m: alphaTauG1: fft  13  join: 11/13
[36;22m[DEBUG] [39;1msnarkJS[0m: alphaTauG1: fft 13 join  11/13  1/4 2/4
[36;22m[DEBUG] [39;1msnarkJS[0m: alphaTauG1: fft 13 join  11/13  3/4 2/4
[36;22m[DEBUG] [39;1msnarkJS[0m: alphaTauG1: fft 13 join  11/13  2/4 0/4
[36;22m[DEBUG] [39;1msnarkJS[0m: alphaTauG1: fft 13 join  11/13  4/4 2/4
[36;22m[DEBUG] [39;1msnarkJS[0m: alphaTauG1: fft 13 join  11/13  1/4 0/4
[36;22m[DEBUG] [39;1msnarkJS[0m: alphaTauG1: fft 13 join  11/13  1/4 1/4
[36;22m[DEBUG] [39;1msnarkJS[0m: alphaTauG1: fft 13 join  11/13  1/4 3/4
[36;22m[DEBUG] [39;1msnarkJS[0m: alphaTauG1: fft 13 join  11/13  3/4 0/4
[36;22m[DEBUG] [39;1msnarkJS[0m: alphaTauG1: fft 13 join  11/13  2/4 1/4
[36;22m[DEBUG] [39;1msnarkJS[0m: alphaTauG1: fft 13 join  11/13  3/4 1/4
[36;22m[DEBUG] [39;1msnarkJS[0m: alphaTauG1: fft 13 join  11/13  3/4 3/4
[36;22m[DEBUG] [39;1msnarkJS[0m: alphaTauG1: fft 13 join  11/13  4/4 1/4
[36;22m[DEBUG] [39;1msnarkJS[0m: alphaTauG1: fft 13 join  11/13  4/4 3/4
[36;22m[DEBUG] [39;1msnarkJS[0m: alphaTauG1: fft 13 join  11/13  2/4 2/4
[36;22m[DEBUG] [39;1msnarkJS[0m: alphaTauG1: fft 13 join  11/13  4/4 0/4
[36;22m[DEBUG] [39;1msnarkJS[0m: alphaTauG1: fft 13 join  11/13  2/4 3/4
[36;22m[DEBUG] [39;1msnarkJS[0m: alphaTauG1: fft  13  join: 12/13
[36;22m[DEBUG] [39;1msnarkJS[0m: alphaTauG1: fft 13 join  12/13  1/2 0/8
[36;22m[DEBUG] [39;1msnarkJS[0m: alphaTauG1: fft 13 join  12/13  1/2 4/8
[36;22m[DEBUG] [39;1msnarkJS[0m: alphaTauG1: fft 13 join  12/13  2/2 0/8
[36;22m[DEBUG] [39;1msnarkJS[0m: alphaTauG1: fft 13 join  12/13  2/2 2/8
[36;22m[DEBUG] [39;1msnarkJS[0m: alphaTauG1: fft 13 join  12/13  2/2 5/8
[36;22m[DEBUG] [39;1msnarkJS[0m: alphaTauG1: fft 13 join  12/13  2/2 6/8
[36;22m[DEBUG] [39;1msnarkJS[0m: alphaTauG1: fft 13 join  12/13  1/2 1/8
[36;22m[DEBUG] [39;1msnarkJS[0m: alphaTauG1: fft 13 join  12/13  1/2 2/8
[36;22m[DEBUG] [39;1msnarkJS[0m: alphaTauG1: fft 13 join  12/13  1/2 5/8
[36;22m[DEBUG] [39;1msnarkJS[0m: alphaTauG1: fft 13 join  12/13  1/2 6/8
[36;22m[DEBUG] [39;1msnarkJS[0m: alphaTauG1: fft 13 join  12/13  2/2 1/8
[36;22m[DEBUG] [39;1msnarkJS[0m: alphaTauG1: fft 13 join  12/13  2/2 3/8
[36;22m[DEBUG] [39;1msnarkJS[0m: alphaTauG1: fft 13 join  12/13  2/2 7/8
[36;22m[DEBUG] [39;1msnarkJS[0m: alphaTauG1: fft 13 join  12/13  2/2 4/8
[36;22m[DEBUG] [39;1msnarkJS[0m: alphaTauG1: fft 13 join  12/13  1/2 7/8
[36;22m[DEBUG] [39;1msnarkJS[0m: alphaTauG1: fft 13 join  12/13  1/2 3/8
[36;22m[DEBUG] [39;1msnarkJS[0m: alphaTauG1: fft  13  join: 13/13
[36;22m[DEBUG] [39;1msnarkJS[0m: alphaTauG1: fft 13 join  13/13  1/1 4/16
[36;22m[DEBUG] [39;1msnarkJS[0m: alphaTauG1: fft 13 join  13/13  1/1 8/16
[36;22m[DEBUG] [39;1msnarkJS[0m: alphaTauG1: fft 13 join  13/13  1/1 10/16
[36;22m[DEBUG] [39;1msnarkJS[0m: alphaTauG1: fft 13 join  13/13  1/1 15/16
[36;22m[DEBUG] [39;1msnarkJS[0m: alphaTauG1: fft 13 join  13/13  1/1 0/16
[36;22m[DEBUG] [39;1msnarkJS[0m: alphaTauG1: fft 13 join  13/13  1/1 1/16
[36;22m[DEBUG] [39;1msnarkJS[0m: alphaTauG1: fft 13 join  13/13  1/1 3/16
[36;22m[DEBUG] [39;1msnarkJS[0m: alphaTauG1: fft 13 join  13/13  1/1 9/16
[36;22m[DEBUG] [39;1msnarkJS[0m: alphaTauG1: fft 13 join  13/13  1/1 13/16
[36;22m[DEBUG] [39;1msnarkJS[0m: alphaTauG1: fft 13 join  13/13  1/1 14/16
[36;22m[DEBUG] [39;1msnarkJS[0m: alphaTauG1: fft 13 join  13/13  1/1 2/16
[36;22m[DEBUG] [39;1msnarkJS[0m: alphaTauG1: fft 13 join  13/13  1/1 6/16
[36;22m[DEBUG] [39;1msnarkJS[0m: alphaTauG1: fft 13 join  13/13  1/1 7/16
[36;22m[DEBUG] [39;1msnarkJS[0m: alphaTauG1: fft 13 join  13/13  1/1 11/16
[36;22m[DEBUG] [39;1msnarkJS[0m: alphaTauG1: fft 13 join  13/13  1/1 12/16
[36;22m[DEBUG] [39;1msnarkJS[0m: alphaTauG1: fft 13 join  13/13  1/1 5/16
[36;22m[DEBUG] [39;1msnarkJS[0m: alphaTauG1: fft 14 mix start: 0/32
[36;22m[DEBUG] [39;1msnarkJS[0m: alphaTauG1: fft 14 mix start: 1/32
[36;22m[DEBUG] [39;1msnarkJS[0m: alphaTauG1: fft 14 mix start: 2/32
[36;22m[DEBUG] [39;1msnarkJS[0m: alphaTauG1: fft 14 mix start: 3/32
[36;22m[DEBUG] [39;1msnarkJS[0m: alphaTauG1: fft 14 mix start: 4/32
[36;22m[DEBUG] [39;1msnarkJS[0m: alphaTauG1: fft 14 mix start: 5/32
[36;22m[DEBUG] [39;1msnarkJS[0m: alphaTauG1: fft 14 mix start: 6/32
[36;22m[DEBUG] [39;1msnarkJS[0m: alphaTauG1: fft 14 mix start: 7/32
[36;22m[DEBUG] [39;1msnarkJS[0m: alphaTauG1: fft 14 mix start: 8/32
[36;22m[DEBUG] [39;1msnarkJS[0m: alphaTauG1: fft 14 mix start: 9/32
[36;22m[DEBUG] [39;1msnarkJS[0m: alphaTauG1: fft 14 mix start: 10/32
[36;22m[DEBUG] [39;1msnarkJS[0m: alphaTauG1: fft 14 mix start: 11/32
[36;22m[DEBUG] [39;1msnarkJS[0m: alphaTauG1: fft 14 mix start: 12/32
[36;22m[DEBUG] [39;1msnarkJS[0m: alphaTauG1: fft 14 mix start: 13/32
[36;22m[DEBUG] [39;1msnarkJS[0m: alphaTauG1: fft 14 mix start: 14/32
[36;22m[DEBUG] [39;1msnarkJS[0m: alphaTauG1: fft 14 mix start: 15/32
[36;22m[DEBUG] [39;1msnarkJS[0m: alphaTauG1: fft 14 mix start: 16/32
[36;22m[DEBUG] [39;1msnarkJS[0m: alphaTauG1: fft 14 mix start: 17/32
[36;22m[DEBUG] [39;1msnarkJS[0m: alphaTauG1: fft 14 mix start: 18/32
[36;22m[DEBUG] [39;1msnarkJS[0m: alphaTauG1: fft 14 mix start: 19/32
[36;22m[DEBUG] [39;1msnarkJS[0m: alphaTauG1: fft 14 mix start: 20/32
[36;22m[DEBUG] [39;1msnarkJS[0m: alphaTauG1: fft 14 mix start: 21/32
[36;22m[DEBUG] [39;1msnarkJS[0m: alphaTauG1: fft 14 mix start: 22/32
[36;22m[DEBUG] [39;1msnarkJS[0m: alphaTauG1: fft 14 mix start: 23/32
[36;22m[DEBUG] [39;1msnarkJS[0m: alphaTauG1: fft 14 mix start: 24/32
[36;22m[DEBUG] [39;1msnarkJS[0m: alphaTauG1: fft 14 mix start: 25/32
[36;22m[DEBUG] [39;1msnarkJS[0m: alphaTauG1: fft 14 mix start: 26/32
[36;22m[DEBUG] [39;1msnarkJS[0m: alphaTauG1: fft 14 mix start: 27/32
[36;22m[DEBUG] [39;1msnarkJS[0m: alphaTauG1: fft 14 mix start: 28/32
[36;22m[DEBUG] [39;1msnarkJS[0m: alphaTauG1: fft 14 mix start: 29/32
[36;22m[DEBUG] [39;1msnarkJS[0m: alphaTauG1: fft 14 mix start: 30/32
[36;22m[DEBUG] [39;1msnarkJS[0m: alphaTauG1: fft 14 mix start: 31/32
[36;22m[DEBUG] [39;1msnarkJS[0m: alphaTauG1: fft 14 mix end: 4/32
[36;22m[DEBUG] [39;1msnarkJS[0m: alphaTauG1: fft 14 mix end: 3/32
[36;22m[DEBUG] [39;1msnarkJS[0m: alphaTauG1: fft 14 mix end: 0/32
[36;22m[DEBUG] [39;1msnarkJS[0m: alphaTauG1: fft 14 mix end: 2/32
[36;22m[DEBUG] [39;1msnarkJS[0m: alphaTauG1: fft 14 mix end: 8/32
[36;22m[DEBUG] [39;1msnarkJS[0m: alphaTauG1: fft 14 mix end: 5/32
[36;22m[DEBUG] [39;1msnarkJS[0m: alphaTauG1: fft 14 mix end: 11/32
[36;22m[DEBUG] [39;1msnarkJS[0m: alphaTauG1: fft 14 mix end: 19/32
[36;22m[DEBUG] [39;1msnarkJS[0m: alphaTauG1: fft 14 mix end: 29/32
[36;22m[DEBUG] [39;1msnarkJS[0m: alphaTauG1: fft 14 mix end: 22/32
[36;22m[DEBUG] [39;1msnarkJS[0m: alphaTauG1: fft 14 mix end: 26/32
[36;22m[DEBUG] [39;1msnarkJS[0m: alphaTauG1: fft 14 mix end: 17/32
[36;22m[DEBUG] [39;1msnarkJS[0m: alphaTauG1: fft 14 mix end: 30/32
[36;22m[DEBUG] [39;1msnarkJS[0m: alphaTauG1: fft 14 mix end: 9/32
[36;22m[DEBUG] [39;1msnarkJS[0m: alphaTauG1: fft 14 mix end: 6/32
[36;22m[DEBUG] [39;1msnarkJS[0m: alphaTauG1: fft 14 mix end: 18/32
[36;22m[DEBUG] [39;1msnarkJS[0m: alphaTauG1: fft 14 mix end: 12/32
[36;22m[DEBUG] [39;1msnarkJS[0m: alphaTauG1: fft 14 mix end: 10/32
[36;22m[DEBUG] [39;1msnarkJS[0m: alphaTauG1: fft 14 mix end: 16/32
[36;22m[DEBUG] [39;1msnarkJS[0m: alphaTauG1: fft 14 mix end: 20/32
[36;22m[DEBUG] [39;1msnarkJS[0m: alphaTauG1: fft 14 mix end: 23/32
[36;22m[DEBUG] [39;1msnarkJS[0m: alphaTauG1: fft 14 mix end: 27/32
[36;22m[DEBUG] [39;1msnarkJS[0m: alphaTauG1: fft 14 mix end: 7/32
[36;22m[DEBUG] [39;1msnarkJS[0m: alphaTauG1: fft 14 mix end: 15/32
[36;22m[DEBUG] [39;1msnarkJS[0m: alphaTauG1: fft 14 mix end: 28/32
[36;22m[DEBUG] [39;1msnarkJS[0m: alphaTauG1: fft 14 mix end: 25/32
[36;22m[DEBUG] [39;1msnarkJS[0m: alphaTauG1: fft 14 mix end: 1/32
[36;22m[DEBUG] [39;1msnarkJS[0m: alphaTauG1: fft 14 mix end: 24/32
[36;22m[DEBUG] [39;1msnarkJS[0m: alphaTauG1: fft 14 mix end: 14/32
[36;22m[DEBUG] [39;1msnarkJS[0m: alphaTauG1: fft 14 mix end: 13/32
[36;22m[DEBUG] [39;1msnarkJS[0m: alphaTauG1: fft 14 mix end: 21/32
[36;22m[DEBUG] [39;1msnarkJS[0m: alphaTauG1: fft 14 mix end: 31/32
[36;22m[DEBUG] [39;1msnarkJS[0m: alphaTauG1: fft  14  join: 10/14
[36;22m[DEBUG] [39;1msnarkJS[0m: alphaTauG1: fft 14 join  10/14  4/16 0/1
[36;22m[DEBUG] [39;1msnarkJS[0m: alphaTauG1: fft 14 join  10/14  7/16 0/1
[36;22m[DEBUG] [39;1msnarkJS[0m: alphaTauG1: fft 14 join  10/14  15/16 0/1
[36;22m[DEBUG] [39;1msnarkJS[0m: alphaTauG1: fft 14 join  10/14  11/16 0/1
[36;22m[DEBUG] [39;1msnarkJS[0m: alphaTauG1: fft 14 join  10/14  3/16 0/1
[36;22m[DEBUG] [39;1msnarkJS[0m: alphaTauG1: fft 14 join  10/14  1/16 0/1
[36;22m[DEBUG] [39;1msnarkJS[0m: alphaTauG1: fft 14 join  10/14  2/16 0/1
[36;22m[DEBUG] [39;1msnarkJS[0m: alphaTauG1: fft 14 join  10/14  6/16 0/1
[36;22m[DEBUG] [39;1msnarkJS[0m: alphaTauG1: fft 14 join  10/14  9/16 0/1
[36;22m[DEBUG] [39;1msnarkJS[0m: alphaTauG1: fft 14 join  10/14  16/16 0/1
[36;22m[DEBUG] [39;1msnarkJS[0m: alphaTauG1: fft 14 join  10/14  5/16 0/1
[36;22m[DEBUG] [39;1msnarkJS[0m: alphaTauG1: fft 14 join  10/14  14/16 0/1
[36;22m[DEBUG] [39;1msnarkJS[0m: alphaTauG1: fft 14 join  10/14  8/16 0/1
[36;22m[DEBUG] [39;1msnarkJS[0m: alphaTauG1: fft 14 join  10/14  12/16 0/1
[36;22m[DEBUG] [39;1msnarkJS[0m: alphaTauG1: fft 14 join  10/14  13/16 0/1
[36;22m[DEBUG] [39;1msnarkJS[0m: alphaTauG1: fft 14 join  10/14  10/16 0/1
[36;22m[DEBUG] [39;1msnarkJS[0m: alphaTauG1: fft  14  join: 11/14
[36;22m[DEBUG] [39;1msnarkJS[0m: alphaTauG1: fft 14 join  11/14  1/8 1/2
[36;22m[DEBUG] [39;1msnarkJS[0m: alphaTauG1: fft 14 join  11/14  1/8 0/2
[36;22m[DEBUG] [39;1msnarkJS[0m: alphaTauG1: fft 14 join  11/14  2/8 1/2
[36;22m[DEBUG] [39;1msnarkJS[0m: alphaTauG1: fft 14 join  11/14  3/8 0/2
[36;22m[DEBUG] [39;1msnarkJS[0m: alphaTauG1: fft 14 join  11/14  2/8 0/2
[36;22m[DEBUG] [39;1msnarkJS[0m: alphaTauG1: fft 14 join  11/14  4/8 0/2
[36;22m[DEBUG] [39;1msnarkJS[0m: alphaTauG1: fft 14 join  11/14  6/8 1/2
[36;22m[DEBUG] [39;1msnarkJS[0m: alphaTauG1: fft 14 join  11/14  7/8 1/2
[36;22m[DEBUG] [39;1msnarkJS[0m: alphaTauG1: fft 14 join  11/14  4/8 1/2
[36;22m[DEBUG] [39;1msnarkJS[0m: alphaTauG1: fft 14 join  11/14  8/8 1/2
[36;22m[DEBUG] [39;1msnarkJS[0m: alphaTauG1: fft 14 join  11/14  5/8 0/2
[36;22m[DEBUG] [39;1msnarkJS[0m: alphaTauG1: fft 14 join  11/14  6/8 0/2
[36;22m[DEBUG] [39;1msnarkJS[0m: alphaTauG1: fft 14 join  11/14  8/8 0/2
[36;22m[DEBUG] [39;1msnarkJS[0m: alphaTauG1: fft 14 join  11/14  5/8 1/2
[36;22m[DEBUG] [39;1msnarkJS[0m: alphaTauG1: fft 14 join  11/14  3/8 1/2
[36;22m[DEBUG] [39;1msnarkJS[0m: alphaTauG1: fft 14 join  11/14  7/8 0/2
[36;22m[DEBUG] [39;1msnarkJS[0m: alphaTauG1: fft  14  join: 12/14
[36;22m[DEBUG] [39;1msnarkJS[0m: alphaTauG1: fft 14 join  12/14  3/4 2/4
[36;22m[DEBUG] [39;1msnarkJS[0m: alphaTauG1: fft 14 join  12/14  1/4 1/4
[36;22m[DEBUG] [39;1msnarkJS[0m: alphaTauG1: fft 14 join  12/14  2/4 2/4
[36;22m[DEBUG] [39;1msnarkJS[0m: alphaTauG1: fft 14 join  12/14  4/4 2/4
[36;22m[DEBUG] [39;1msnarkJS[0m: alphaTauG1: fft 14 join  12/14  1/4 0/4
[36;22m[DEBUG] [39;1msnarkJS[0m: alphaTauG1: fft 14 join  12/14  1/4 3/4
[36;22m[DEBUG] [39;1msnarkJS[0m: alphaTauG1: fft 14 join  12/14  2/4 0/4
[36;22m[DEBUG] [39;1msnarkJS[0m: alphaTauG1: fft 14 join  12/14  2/4 1/4
[36;22m[DEBUG] [39;1msnarkJS[0m: alphaTauG1: fft 14 join  12/14  3/4 0/4
[36;22m[DEBUG] [39;1msnarkJS[0m: alphaTauG1: fft 14 join  12/14  4/4 1/4
[36;22m[DEBUG] [39;1msnarkJS[0m: alphaTauG1: fft 14 join  12/14  2/4 3/4
[36;22m[DEBUG] [39;1msnarkJS[0m: alphaTauG1: fft 14 join  12/14  1/4 2/4
[36;22m[DEBUG] [39;1msnarkJS[0m: alphaTauG1: fft 14 join  12/14  4/4 3/4
[36;22m[DEBUG] [39;1msnarkJS[0m: alphaTauG1: fft 14 join  12/14  3/4 3/4
[36;22m[DEBUG] [39;1msnarkJS[0m: alphaTauG1: fft 14 join  12/14  3/4 1/4
[36;22m[DEBUG] [39;1msnarkJS[0m: alphaTauG1: fft 14 join  12/14  4/4 0/4
[36;22m[DEBUG] [39;1msnarkJS[0m: alphaTauG1: fft  14  join: 13/14
[36;22m[DEBUG] [39;1msnarkJS[0m: alphaTauG1: fft 14 join  13/14  1/2 3/8
[36;22m[DEBUG] [39;1msnarkJS[0m: alphaTauG1: fft 14 join  13/14  1/2 4/8
[36;22m[DEBUG] [39;1msnarkJS[0m: alphaTauG1: fft 14 join  13/14  1/2 6/8
[36;22m[DEBUG] [39;1msnarkJS[0m: alphaTauG1: fft 14 join  13/14  1/2 0/8
[36;22m[DEBUG] [39;1msnarkJS[0m: alphaTauG1: fft 14 join  13/14  1/2 2/8
[36;22m[DEBUG] [39;1msnarkJS[0m: alphaTauG1: fft 14 join  13/14  1/2 1/8
[36;22m[DEBUG] [39;1msnarkJS[0m: alphaTauG1: fft 14 join  13/14  2/2 3/8
[36;22m[DEBUG] [39;1msnarkJS[0m: alphaTauG1: fft 14 join  13/14  2/2 0/8
[36;22m[DEBUG] [39;1msnarkJS[0m: alphaTauG1: fft 14 join  13/14  1/2 7/8
[36;22m[DEBUG] [39;1msnarkJS[0m: alphaTauG1: fft 14 join  13/14  1/2 5/8
[36;22m[DEBUG] [39;1msnarkJS[0m: alphaTauG1: fft 14 join  13/14  2/2 2/8
[36;22m[DEBUG] [39;1msnarkJS[0m: alphaTauG1: fft 14 join  13/14  2/2 6/8
[36;22m[DEBUG] [39;1msnarkJS[0m: alphaTauG1: fft 14 join  13/14  2/2 1/8
[36;22m[DEBUG] [39;1msnarkJS[0m: alphaTauG1: fft 14 join  13/14  2/2 5/8
[36;22m[DEBUG] [39;1msnarkJS[0m: alphaTauG1: fft 14 join  13/14  2/2 7/8
[36;22m[DEBUG] [39;1msnarkJS[0m: alphaTauG1: fft 14 join  13/14  2/2 4/8
[36;22m[DEBUG] [39;1msnarkJS[0m: alphaTauG1: fft  14  join: 14/14
[36;22m[DEBUG] [39;1msnarkJS[0m: alphaTauG1: fft 14 join  14/14  1/1 2/16
[36;22m[DEBUG] [39;1msnarkJS[0m: alphaTauG1: fft 14 join  14/14  1/1 1/16
[36;22m[DEBUG] [39;1msnarkJS[0m: alphaTauG1: fft 14 join  14/14  1/1 4/16
[36;22m[DEBUG] [39;1msnarkJS[0m: alphaTauG1: fft 14 join  14/14  1/1 14/16
[36;22m[DEBUG] [39;1msnarkJS[0m: alphaTauG1: fft 14 join  14/14  1/1 6/16
[36;22m[DEBUG] [39;1msnarkJS[0m: alphaTauG1: fft 14 join  14/14  1/1 3/16
[36;22m[DEBUG] [39;1msnarkJS[0m: alphaTauG1: fft 14 join  14/14  1/1 8/16
[36;22m[DEBUG] [39;1msnarkJS[0m: alphaTauG1: fft 14 join  14/14  1/1 0/16
[36;22m[DEBUG] [39;1msnarkJS[0m: alphaTauG1: fft 14 join  14/14  1/1 7/16
[36;22m[DEBUG] [39;1msnarkJS[0m: alphaTauG1: fft 14 join  14/14  1/1 12/16
[36;22m[DEBUG] [39;1msnarkJS[0m: alphaTauG1: fft 14 join  14/14  1/1 11/16
[36;22m[DEBUG] [39;1msnarkJS[0m: alphaTauG1: fft 14 join  14/14  1/1 10/16
[36;22m[DEBUG] [39;1msnarkJS[0m: alphaTauG1: fft 14 join  14/14  1/1 9/16
[36;22m[DEBUG] [39;1msnarkJS[0m: alphaTauG1: fft 14 join  14/14  1/1 5/16
[36;22m[DEBUG] [39;1msnarkJS[0m: alphaTauG1: fft 14 join  14/14  1/1 15/16
[36;22m[DEBUG] [39;1msnarkJS[0m: alphaTauG1: fft 14 join  14/14  1/1 13/16
[36;22m[DEBUG] [39;1msnarkJS[0m: alphaTauG1: fft 15 mix start: 0/32
[36;22m[DEBUG] [39;1msnarkJS[0m: alphaTauG1: fft 15 mix start: 1/32
[36;22m[DEBUG] [39;1msnarkJS[0m: alphaTauG1: fft 15 mix start: 2/32
[36;22m[DEBUG] [39;1msnarkJS[0m: alphaTauG1: fft 15 mix start: 3/32
[36;22m[DEBUG] [39;1msnarkJS[0m: alphaTauG1: fft 15 mix start: 4/32
[36;22m[DEBUG] [39;1msnarkJS[0m: alphaTauG1: fft 15 mix start: 5/32
[36;22m[DEBUG] [39;1msnarkJS[0m: alphaTauG1: fft 15 mix start: 6/32
[36;22m[DEBUG] [39;1msnarkJS[0m: alphaTauG1: fft 15 mix start: 7/32
[36;22m[DEBUG] [39;1msnarkJS[0m: alphaTauG1: fft 15 mix start: 8/32
[36;22m[DEBUG] [39;1msnarkJS[0m: alphaTauG1: fft 15 mix start: 9/32
[36;22m[DEBUG] [39;1msnarkJS[0m: alphaTauG1: fft 15 mix start: 10/32
[36;22m[DEBUG] [39;1msnarkJS[0m: alphaTauG1: fft 15 mix start: 11/32
[36;22m[DEBUG] [39;1msnarkJS[0m: alphaTauG1: fft 15 mix start: 12/32
[36;22m[DEBUG] [39;1msnarkJS[0m: alphaTauG1: fft 15 mix start: 13/32
[36;22m[DEBUG] [39;1msnarkJS[0m: alphaTauG1: fft 15 mix start: 14/32
[36;22m[DEBUG] [39;1msnarkJS[0m: alphaTauG1: fft 15 mix start: 15/32
[36;22m[DEBUG] [39;1msnarkJS[0m: alphaTauG1: fft 15 mix start: 16/32
[36;22m[DEBUG] [39;1msnarkJS[0m: alphaTauG1: fft 15 mix start: 17/32
[36;22m[DEBUG] [39;1msnarkJS[0m: alphaTauG1: fft 15 mix start: 18/32
[36;22m[DEBUG] [39;1msnarkJS[0m: alphaTauG1: fft 15 mix start: 19/32
[36;22m[DEBUG] [39;1msnarkJS[0m: alphaTauG1: fft 15 mix start: 20/32
[36;22m[DEBUG] [39;1msnarkJS[0m: alphaTauG1: fft 15 mix start: 21/32
[36;22m[DEBUG] [39;1msnarkJS[0m: alphaTauG1: fft 15 mix start: 22/32
[36;22m[DEBUG] [39;1msnarkJS[0m: alphaTauG1: fft 15 mix start: 23/32
[36;22m[DEBUG] [39;1msnarkJS[0m: alphaTauG1: fft 15 mix start: 24/32
[36;22m[DEBUG] [39;1msnarkJS[0m: alphaTauG1: fft 15 mix start: 25/32
[36;22m[DEBUG] [39;1msnarkJS[0m: alphaTauG1: fft 15 mix start: 26/32
[36;22m[DEBUG] [39;1msnarkJS[0m: alphaTauG1: fft 15 mix start: 27/32
[36;22m[DEBUG] [39;1msnarkJS[0m: alphaTauG1: fft 15 mix start: 28/32
[36;22m[DEBUG] [39;1msnarkJS[0m: alphaTauG1: fft 15 mix start: 29/32
[36;22m[DEBUG] [39;1msnarkJS[0m: alphaTauG1: fft 15 mix start: 30/32
[36;22m[DEBUG] [39;1msnarkJS[0m: alphaTauG1: fft 15 mix start: 31/32
[36;22m[DEBUG] [39;1msnarkJS[0m: alphaTauG1: fft 15 mix end: 2/32
[36;22m[DEBUG] [39;1msnarkJS[0m: alphaTauG1: fft 15 mix end: 11/32
[36;22m[DEBUG] [39;1msnarkJS[0m: alphaTauG1: fft 15 mix end: 13/32
[36;22m[DEBUG] [39;1msnarkJS[0m: alphaTauG1: fft 15 mix end: 15/32
[36;22m[DEBUG] [39;1msnarkJS[0m: alphaTauG1: fft 15 mix end: 25/32
[36;22m[DEBUG] [39;1msnarkJS[0m: alphaTauG1: fft 15 mix end: 4/32
[36;22m[DEBUG] [39;1msnarkJS[0m: alphaTauG1: fft 15 mix end: 29/32
[36;22m[DEBUG] [39;1msnarkJS[0m: alphaTauG1: fft 15 mix end: 30/32
[36;22m[DEBUG] [39;1msnarkJS[0m: alphaTauG1: fft 15 mix end: 8/32
[36;22m[DEBUG] [39;1msnarkJS[0m: alphaTauG1: fft 15 mix end: 3/32
[36;22m[DEBUG] [39;1msnarkJS[0m: alphaTauG1: fft 15 mix end: 7/32
[36;22m[DEBUG] [39;1msnarkJS[0m: alphaTauG1: fft 15 mix end: 14/32
[36;22m[DEBUG] [39;1msnarkJS[0m: alphaTauG1: fft 15 mix end: 28/32
[36;22m[DEBUG] [39;1msnarkJS[0m: alphaTauG1: fft 15 mix end: 17/32
[36;22m[DEBUG] [39;1msnarkJS[0m: alphaTauG1: fft 15 mix end: 19/32
[36;22m[DEBUG] [39;1msnarkJS[0m: alphaTauG1: fft 15 mix end: 9/32
[36;22m[DEBUG] [39;1msnarkJS[0m: alphaTauG1: fft 15 mix end: 18/32
[36;22m[DEBUG] [39;1msnarkJS[0m: alphaTauG1: fft 15 mix end: 26/32
[36;22m[DEBUG] [39;1msnarkJS[0m: alphaTauG1: fft 15 mix end: 20/32
[36;22m[DEBUG] [39;1msnarkJS[0m: alphaTauG1: fft 15 mix end: 31/32
[36;22m[DEBUG] [39;1msnarkJS[0m: alphaTauG1: fft 15 mix end: 5/32
[36;22m[DEBUG] [39;1msnarkJS[0m: alphaTauG1: fft 15 mix end: 1/32
[36;22m[DEBUG] [39;1msnarkJS[0m: alphaTauG1: fft 15 mix end: 22/32
[36;22m[DEBUG] [39;1msnarkJS[0m: alphaTauG1: fft 15 mix end: 12/32
[36;22m[DEBUG] [39;1msnarkJS[0m: alphaTauG1: fft 15 mix end: 0/32
[36;22m[DEBUG] [39;1msnarkJS[0m: alphaTauG1: fft 15 mix end: 27/32
[36;22m[DEBUG] [39;1msnarkJS[0m: alphaTauG1: fft 15 mix end: 21/32
[36;22m[DEBUG] [39;1msnarkJS[0m: alphaTauG1: fft 15 mix end: 24/32
[36;22m[DEBUG] [39;1msnarkJS[0m: alphaTauG1: fft 15 mix end: 6/32
[36;22m[DEBUG] [39;1msnarkJS[0m: alphaTauG1: fft 15 mix end: 23/32
[36;22m[DEBUG] [39;1msnarkJS[0m: alphaTauG1: fft 15 mix end: 10/32
[36;22m[DEBUG] [39;1msnarkJS[0m: alphaTauG1: fft 15 mix end: 16/32
[36;22m[DEBUG] [39;1msnarkJS[0m: alphaTauG1: fft  15  join: 11/15
[36;22m[DEBUG] [39;1msnarkJS[0m: alphaTauG1: fft 15 join  11/15  2/16 0/1
[36;22m[DEBUG] [39;1msnarkJS[0m: alphaTauG1: fft 15 join  11/15  4/16 0/1
[36;22m[DEBUG] [39;1msnarkJS[0m: alphaTauG1: fft 15 join  11/15  3/16 0/1
[36;22m[DEBUG] [39;1msnarkJS[0m: alphaTauG1: fft 15 join  11/15  14/16 0/1
[36;22m[DEBUG] [39;1msnarkJS[0m: alphaTauG1: fft 15 join  11/15  6/16 0/1
[36;22m[DEBUG] [39;1msnarkJS[0m: alphaTauG1: fft 15 join  11/15  9/16 0/1
[36;22m[DEBUG] [39;1msnarkJS[0m: alphaTauG1: fft 15 join  11/15  8/16 0/1
[36;22m[DEBUG] [39;1msnarkJS[0m: alphaTauG1: fft 15 join  11/15  16/16 0/1
[36;22m[DEBUG] [39;1msnarkJS[0m: alphaTauG1: fft 15 join  11/15  12/16 0/1
[36;22m[DEBUG] [39;1msnarkJS[0m: alphaTauG1: fft 15 join  11/15  7/16 0/1
[36;22m[DEBUG] [39;1msnarkJS[0m: alphaTauG1: fft 15 join  11/15  11/16 0/1
[36;22m[DEBUG] [39;1msnarkJS[0m: alphaTauG1: fft 15 join  11/15  5/16 0/1
[36;22m[DEBUG] [39;1msnarkJS[0m: alphaTauG1: fft 15 join  11/15  10/16 0/1
[36;22m[DEBUG] [39;1msnarkJS[0m: alphaTauG1: fft 15 join  11/15  13/16 0/1
[36;22m[DEBUG] [39;1msnarkJS[0m: alphaTauG1: fft 15 join  11/15  1/16 0/1
[36;22m[DEBUG] [39;1msnarkJS[0m: alphaTauG1: fft 15 join  11/15  15/16 0/1
[36;22m[DEBUG] [39;1msnarkJS[0m: alphaTauG1: fft  15  join: 12/15
[36;22m[DEBUG] [39;1msnarkJS[0m: alphaTauG1: fft 15 join  12/15  2/8 1/2
[36;22m[DEBUG] [39;1msnarkJS[0m: alphaTauG1: fft 15 join  12/15  1/8 0/2
[36;22m[DEBUG] [39;1msnarkJS[0m: alphaTauG1: fft 15 join  12/15  1/8 1/2
[36;22m[DEBUG] [39;1msnarkJS[0m: alphaTauG1: fft 15 join  12/15  2/8 0/2
[36;22m[DEBUG] [39;1msnarkJS[0m: alphaTauG1: fft 15 join  12/15  7/8 1/2
[36;22m[DEBUG] [39;1msnarkJS[0m: alphaTauG1: fft 15 join  12/15  5/8 1/2
[36;22m[DEBUG] [39;1msnarkJS[0m: alphaTauG1: fft 15 join  12/15  5/8 0/2
[36;22m[DEBUG] [39;1msnarkJS[0m: alphaTauG1: fft 15 join  12/15  8/8 1/2
[36;22m[DEBUG] [39;1msnarkJS[0m: alphaTauG1: fft 15 join  12/15  4/8 1/2
[36;22m[DEBUG] [39;1msnarkJS[0m: alphaTauG1: fft 15 join  12/15  4/8 0/2
[36;22m[DEBUG] [39;1msnarkJS[0m: alphaTauG1: fft 15 join  12/15  6/8 1/2
[36;22m[DEBUG] [39;1msnarkJS[0m: alphaTauG1: fft 15 join  12/15  6/8 0/2
[36;22m[DEBUG] [39;1msnarkJS[0m: alphaTauG1: fft 15 join  12/15  3/8 0/2
[36;22m[DEBUG] [39;1msnarkJS[0m: alphaTauG1: fft 15 join  12/15  7/8 0/2
[36;22m[DEBUG] [39;1msnarkJS[0m: alphaTauG1: fft 15 join  12/15  8/8 0/2
[36;22m[DEBUG] [39;1msnarkJS[0m: alphaTauG1: fft 15 join  12/15  3/8 1/2
[36;22m[DEBUG] [39;1msnarkJS[0m: alphaTauG1: fft  15  join: 13/15
[36;22m[DEBUG] [39;1msnarkJS[0m: alphaTauG1: fft 15 join  13/15  1/4 1/4
[36;22m[DEBUG] [39;1msnarkJS[0m: alphaTauG1: fft 15 join  13/15  3/4 0/4
[36;22m[DEBUG] [39;1msnarkJS[0m: alphaTauG1: fft 15 join  13/15  1/4 3/4
[36;22m[DEBUG] [39;1msnarkJS[0m: alphaTauG1: fft 15 join  13/15  3/4 3/4
[36;22m[DEBUG] [39;1msnarkJS[0m: alphaTauG1: fft 15 join  13/15  2/4 2/4
[36;22m[DEBUG] [39;1msnarkJS[0m: alphaTauG1: fft 15 join  13/15  3/4 1/4
[36;22m[DEBUG] [39;1msnarkJS[0m: alphaTauG1: fft 15 join  13/15  4/4 3/4
[36;22m[DEBUG] [39;1msnarkJS[0m: alphaTauG1: fft 15 join  13/15  1/4 0/4
[36;22m[DEBUG] [39;1msnarkJS[0m: alphaTauG1: fft 15 join  13/15  4/4 1/4
[36;22m[DEBUG] [39;1msnarkJS[0m: alphaTauG1: fft 15 join  13/15  2/4 3/4
[36;22m[DEBUG] [39;1msnarkJS[0m: alphaTauG1: fft 15 join  13/15  3/4 2/4
[36;22m[DEBUG] [39;1msnarkJS[0m: alphaTauG1: fft 15 join  13/15  4/4 0/4
[36;22m[DEBUG] [39;1msnarkJS[0m: alphaTauG1: fft 15 join  13/15  2/4 0/4
[36;22m[DEBUG] [39;1msnarkJS[0m: alphaTauG1: fft 15 join  13/15  1/4 2/4
[36;22m[DEBUG] [39;1msnarkJS[0m: alphaTauG1: fft 15 join  13/15  4/4 2/4
[36;22m[DEBUG] [39;1msnarkJS[0m: alphaTauG1: fft 15 join  13/15  2/4 1/4
[36;22m[DEBUG] [39;1msnarkJS[0m: alphaTauG1: fft  15  join: 14/15
[36;22m[DEBUG] [39;1msnarkJS[0m: alphaTauG1: fft 15 join  14/15  1/2 2/8
[36;22m[DEBUG] [39;1msnarkJS[0m: alphaTauG1: fft 15 join  14/15  1/2 3/8
[36;22m[DEBUG] [39;1msnarkJS[0m: alphaTauG1: fft 15 join  14/15  1/2 1/8
[36;22m[DEBUG] [39;1msnarkJS[0m: alphaTauG1: fft 15 join  14/15  2/2 5/8
[36;22m[DEBUG] [39;1msnarkJS[0m: alphaTauG1: fft 15 join  14/15  2/2 0/8
[36;22m[DEBUG] [39;1msnarkJS[0m: alphaTauG1: fft 15 join  14/15  2/2 6/8
[36;22m[DEBUG] [39;1msnarkJS[0m: alphaTauG1: fft 15 join  14/15  1/2 0/8
[36;22m[DEBUG] [39;1msnarkJS[0m: alphaTauG1: fft 15 join  14/15  1/2 5/8
[36;22m[DEBUG] [39;1msnarkJS[0m: alphaTauG1: fft 15 join  14/15  2/2 1/8
[36;22m[DEBUG] [39;1msnarkJS[0m: alphaTauG1: fft 15 join  14/15  2/2 3/8
[36;22m[DEBUG] [39;1msnarkJS[0m: alphaTauG1: fft 15 join  14/15  1/2 7/8
[36;22m[DEBUG] [39;1msnarkJS[0m: alphaTauG1: fft 15 join  14/15  2/2 7/8
[36;22m[DEBUG] [39;1msnarkJS[0m: alphaTauG1: fft 15 join  14/15  1/2 6/8
[36;22m[DEBUG] [39;1msnarkJS[0m: alphaTauG1: fft 15 join  14/15  2/2 2/8
[36;22m[DEBUG] [39;1msnarkJS[0m: alphaTauG1: fft 15 join  14/15  1/2 4/8
[36;22m[DEBUG] [39;1msnarkJS[0m: alphaTauG1: fft 15 join  14/15  2/2 4/8
[36;22m[DEBUG] [39;1msnarkJS[0m: alphaTauG1: fft  15  join: 15/15
[36;22m[DEBUG] [39;1msnarkJS[0m: alphaTauG1: fft 15 join  15/15  1/1 4/16
[36;22m[DEBUG] [39;1msnarkJS[0m: alphaTauG1: fft 15 join  15/15  1/1 2/16
[36;22m[DEBUG] [39;1msnarkJS[0m: alphaTauG1: fft 15 join  15/15  1/1 1/16
[36;22m[DEBUG] [39;1msnarkJS[0m: alphaTauG1: fft 15 join  15/15  1/1 14/16
[36;22m[DEBUG] [39;1msnarkJS[0m: alphaTauG1: fft 15 join  15/15  1/1 13/16
[36;22m[DEBUG] [39;1msnarkJS[0m: alphaTauG1: fft 15 join  15/15  1/1 9/16
[36;22m[DEBUG] [39;1msnarkJS[0m: alphaTauG1: fft 15 join  15/15  1/1 8/16
[36;22m[DEBUG] [39;1msnarkJS[0m: alphaTauG1: fft 15 join  15/15  1/1 3/16
[36;22m[DEBUG] [39;1msnarkJS[0m: alphaTauG1: fft 15 join  15/15  1/1 7/16
[36;22m[DEBUG] [39;1msnarkJS[0m: alphaTauG1: fft 15 join  15/15  1/1 15/16
[36;22m[DEBUG] [39;1msnarkJS[0m: alphaTauG1: fft 15 join  15/15  1/1 11/16
[36;22m[DEBUG] [39;1msnarkJS[0m: alphaTauG1: fft 15 join  15/15  1/1 0/16
[36;22m[DEBUG] [39;1msnarkJS[0m: alphaTauG1: fft 15 join  15/15  1/1 6/16
[36;22m[DEBUG] [39;1msnarkJS[0m: alphaTauG1: fft 15 join  15/15  1/1 5/16
[36;22m[DEBUG] [39;1msnarkJS[0m: alphaTauG1: fft 15 join  15/15  1/1 12/16
[36;22m[DEBUG] [39;1msnarkJS[0m: alphaTauG1: fft 15 join  15/15  1/1 10/16
[36;22m[DEBUG] [39;1msnarkJS[0m: alphaTauG1: fft 16 mix start: 0/32
[36;22m[DEBUG] [39;1msnarkJS[0m: alphaTauG1: fft 16 mix start: 1/32
[36;22m[DEBUG] [39;1msnarkJS[0m: alphaTauG1: fft 16 mix start: 2/32
[36;22m[DEBUG] [39;1msnarkJS[0m: alphaTauG1: fft 16 mix start: 3/32
[36;22m[DEBUG] [39;1msnarkJS[0m: alphaTauG1: fft 16 mix start: 4/32
[36;22m[DEBUG] [39;1msnarkJS[0m: alphaTauG1: fft 16 mix start: 5/32
[36;22m[DEBUG] [39;1msnarkJS[0m: alphaTauG1: fft 16 mix start: 6/32
[36;22m[DEBUG] [39;1msnarkJS[0m: alphaTauG1: fft 16 mix start: 7/32
[36;22m[DEBUG] [39;1msnarkJS[0m: alphaTauG1: fft 16 mix start: 8/32
[36;22m[DEBUG] [39;1msnarkJS[0m: alphaTauG1: fft 16 mix start: 9/32
[36;22m[DEBUG] [39;1msnarkJS[0m: alphaTauG1: fft 16 mix start: 10/32
[36;22m[DEBUG] [39;1msnarkJS[0m: alphaTauG1: fft 16 mix start: 11/32
[36;22m[DEBUG] [39;1msnarkJS[0m: alphaTauG1: fft 16 mix start: 12/32
[36;22m[DEBUG] [39;1msnarkJS[0m: alphaTauG1: fft 16 mix start: 13/32
[36;22m[DEBUG] [39;1msnarkJS[0m: alphaTauG1: fft 16 mix start: 14/32
[36;22m[DEBUG] [39;1msnarkJS[0m: alphaTauG1: fft 16 mix start: 15/32
[36;22m[DEBUG] [39;1msnarkJS[0m: alphaTauG1: fft 16 mix start: 16/32
[36;22m[DEBUG] [39;1msnarkJS[0m: alphaTauG1: fft 16 mix start: 17/32
[36;22m[DEBUG] [39;1msnarkJS[0m: alphaTauG1: fft 16 mix start: 18/32
[36;22m[DEBUG] [39;1msnarkJS[0m: alphaTauG1: fft 16 mix start: 19/32
[36;22m[DEBUG] [39;1msnarkJS[0m: alphaTauG1: fft 16 mix start: 20/32
[36;22m[DEBUG] [39;1msnarkJS[0m: alphaTauG1: fft 16 mix start: 21/32
[36;22m[DEBUG] [39;1msnarkJS[0m: alphaTauG1: fft 16 mix start: 22/32
[36;22m[DEBUG] [39;1msnarkJS[0m: alphaTauG1: fft 16 mix start: 23/32
[36;22m[DEBUG] [39;1msnarkJS[0m: alphaTauG1: fft 16 mix start: 24/32
[36;22m[DEBUG] [39;1msnarkJS[0m: alphaTauG1: fft 16 mix start: 25/32
[36;22m[DEBUG] [39;1msnarkJS[0m: alphaTauG1: fft 16 mix start: 26/32
[36;22m[DEBUG] [39;1msnarkJS[0m: alphaTauG1: fft 16 mix start: 27/32
[36;22m[DEBUG] [39;1msnarkJS[0m: alphaTauG1: fft 16 mix start: 28/32
[36;22m[DEBUG] [39;1msnarkJS[0m: alphaTauG1: fft 16 mix start: 29/32
[36;22m[DEBUG] [39;1msnarkJS[0m: alphaTauG1: fft 16 mix start: 30/32
[36;22m[DEBUG] [39;1msnarkJS[0m: alphaTauG1: fft 16 mix start: 31/32
[36;22m[DEBUG] [39;1msnarkJS[0m: alphaTauG1: fft 16 mix end: 4/32
[36;22m[DEBUG] [39;1msnarkJS[0m: alphaTauG1: fft 16 mix end: 17/32
[36;22m[DEBUG] [39;1msnarkJS[0m: alphaTauG1: fft 16 mix end: 25/32
[36;22m[DEBUG] [39;1msnarkJS[0m: alphaTauG1: fft 16 mix end: 8/32
[36;22m[DEBUG] [39;1msnarkJS[0m: alphaTauG1: fft 16 mix end: 2/32
[36;22m[DEBUG] [39;1msnarkJS[0m: alphaTauG1: fft 16 mix end: 11/32
[36;22m[DEBUG] [39;1msnarkJS[0m: alphaTauG1: fft 16 mix end: 15/32
[36;22m[DEBUG] [39;1msnarkJS[0m: alphaTauG1: fft 16 mix end: 10/32
[36;22m[DEBUG] [39;1msnarkJS[0m: alphaTauG1: fft 16 mix end: 26/32
[36;22m[DEBUG] [39;1msnarkJS[0m: alphaTauG1: fft 16 mix end: 14/32
[36;22m[DEBUG] [39;1msnarkJS[0m: alphaTauG1: fft 16 mix end: 27/32
[36;22m[DEBUG] [39;1msnarkJS[0m: alphaTauG1: fft 16 mix end: 3/32
[36;22m[DEBUG] [39;1msnarkJS[0m: alphaTauG1: fft 16 mix end: 31/32
[36;22m[DEBUG] [39;1msnarkJS[0m: alphaTauG1: fft 16 mix end: 28/32
[36;22m[DEBUG] [39;1msnarkJS[0m: alphaTauG1: fft 16 mix end: 30/32
[36;22m[DEBUG] [39;1msnarkJS[0m: alphaTauG1: fft 16 mix end: 9/32
[36;22m[DEBUG] [39;1msnarkJS[0m: alphaTauG1: fft 16 mix end: 19/32
[36;22m[DEBUG] [39;1msnarkJS[0m: alphaTauG1: fft 16 mix end: 21/32
[36;22m[DEBUG] [39;1msnarkJS[0m: alphaTauG1: fft 16 mix end: 5/32
[36;22m[DEBUG] [39;1msnarkJS[0m: alphaTauG1: fft 16 mix end: 13/32
[36;22m[DEBUG] [39;1msnarkJS[0m: alphaTauG1: fft 16 mix end: 23/32
[36;22m[DEBUG] [39;1msnarkJS[0m: alphaTauG1: fft 16 mix end: 20/32
[36;22m[DEBUG] [39;1msnarkJS[0m: alphaTauG1: fft 16 mix end: 18/32
[36;22m[DEBUG] [39;1msnarkJS[0m: alphaTauG1: fft 16 mix end: 6/32
[36;22m[DEBUG] [39;1msnarkJS[0m: alphaTauG1: fft 16 mix end: 0/32
[36;22m[DEBUG] [39;1msnarkJS[0m: alphaTauG1: fft 16 mix end: 29/32
[36;22m[DEBUG] [39;1msnarkJS[0m: alphaTauG1: fft 16 mix end: 7/32
[36;22m[DEBUG] [39;1msnarkJS[0m: alphaTauG1: fft 16 mix end: 1/32
[36;22m[DEBUG] [39;1msnarkJS[0m: alphaTauG1: fft 16 mix end: 24/32
[36;22m[DEBUG] [39;1msnarkJS[0m: alphaTauG1: fft 16 mix end: 16/32
[36;22m[DEBUG] [39;1msnarkJS[0m: alphaTauG1: fft 16 mix end: 22/32
[36;22m[DEBUG] [39;1msnarkJS[0m: alphaTauG1: fft 16 mix end: 12/32
[36;22m[DEBUG] [39;1msnarkJS[0m: alphaTauG1: fft  16  join: 12/16
[36;22m[DEBUG] [39;1msnarkJS[0m: alphaTauG1: fft 16 join  12/16  4/16 0/1
[36;22m[DEBUG] [39;1msnarkJS[0m: alphaTauG1: fft 16 join  12/16  5/16 0/1
[36;22m[DEBUG] [39;1msnarkJS[0m: alphaTauG1: fft 16 join  12/16  2/16 0/1
[36;22m[DEBUG] [39;1msnarkJS[0m: alphaTauG1: fft 16 join  12/16  1/16 0/1
[36;22m[DEBUG] [39;1msnarkJS[0m: alphaTauG1: fft 16 join  12/16  3/16 0/1
[36;22m[DEBUG] [39;1msnarkJS[0m: alphaTauG1: fft 16 join  12/16  10/16 0/1
[36;22m[DEBUG] [39;1msnarkJS[0m: alphaTauG1: fft 16 join  12/16  16/16 0/1
[36;22m[DEBUG] [39;1msnarkJS[0m: alphaTauG1: fft 16 join  12/16  12/16 0/1
[36;22m[DEBUG] [39;1msnarkJS[0m: alphaTauG1: fft 16 join  12/16  8/16 0/1
[36;22m[DEBUG] [39;1msnarkJS[0m: alphaTauG1: fft 16 join  12/16  15/16 0/1
[36;22m[DEBUG] [39;1msnarkJS[0m: alphaTauG1: fft 16 join  12/16  6/16 0/1
[36;22m[DEBUG] [39;1msnarkJS[0m: alphaTauG1: fft 16 join  12/16  14/16 0/1
[36;22m[DEBUG] [39;1msnarkJS[0m: alphaTauG1: fft 16 join  12/16  9/16 0/1
[36;22m[DEBUG] [39;1msnarkJS[0m: alphaTauG1: fft 16 join  12/16  13/16 0/1
[36;22m[DEBUG] [39;1msnarkJS[0m: alphaTauG1: fft 16 join  12/16  11/16 0/1
[36;22m[DEBUG] [39;1msnarkJS[0m: alphaTauG1: fft 16 join  12/16  7/16 0/1
[36;22m[DEBUG] [39;1msnarkJS[0m: alphaTauG1: fft  16  join: 13/16
[36;22m[DEBUG] [39;1msnarkJS[0m: alphaTauG1: fft 16 join  13/16  2/8 0/2
[36;22m[DEBUG] [39;1msnarkJS[0m: alphaTauG1: fft 16 join  13/16  2/8 1/2
[36;22m[DEBUG] [39;1msnarkJS[0m: alphaTauG1: fft 16 join  13/16  3/8 0/2
[36;22m[DEBUG] [39;1msnarkJS[0m: alphaTauG1: fft 16 join  13/16  6/8 0/2
[36;22m[DEBUG] [39;1msnarkJS[0m: alphaTauG1: fft 16 join  13/16  5/8 1/2
[36;22m[DEBUG] [39;1msnarkJS[0m: alphaTauG1: fft 16 join  13/16  1/8 0/2
[36;22m[DEBUG] [39;1msnarkJS[0m: alphaTauG1: fft 16 join  13/16  5/8 0/2
[36;22m[DEBUG] [39;1msnarkJS[0m: alphaTauG1: fft 16 join  13/16  8/8 0/2
[36;22m[DEBUG] [39;1msnarkJS[0m: alphaTauG1: fft 16 join  13/16  6/8 1/2
[36;22m[DEBUG] [39;1msnarkJS[0m: alphaTauG1: fft 16 join  13/16  4/8 1/2
[36;22m[DEBUG] [39;1msnarkJS[0m: alphaTauG1: fft 16 join  13/16  7/8 1/2
[36;22m[DEBUG] [39;1msnarkJS[0m: alphaTauG1: fft 16 join  13/16  3/8 1/2
[36;22m[DEBUG] [39;1msnarkJS[0m: alphaTauG1: fft 16 join  13/16  8/8 1/2
[36;22m[DEBUG] [39;1msnarkJS[0m: alphaTauG1: fft 16 join  13/16  1/8 1/2
[36;22m[DEBUG] [39;1msnarkJS[0m: alphaTauG1: fft 16 join  13/16  4/8 0/2
[36;22m[DEBUG] [39;1msnarkJS[0m: alphaTauG1: fft 16 join  13/16  7/8 0/2
[36;22m[DEBUG] [39;1msnarkJS[0m: alphaTauG1: fft  16  join: 14/16
[36;22m[DEBUG] [39;1msnarkJS[0m: alphaTauG1: fft 16 join  14/16  1/4 2/4
[36;22m[DEBUG] [39;1msnarkJS[0m: alphaTauG1: fft 16 join  14/16  1/4 3/4
[36;22m[DEBUG] [39;1msnarkJS[0m: alphaTauG1: fft 16 join  14/16  2/4 0/4
[36;22m[DEBUG] [39;1msnarkJS[0m: alphaTauG1: fft 16 join  14/16  3/4 2/4
[36;22m[DEBUG] [39;1msnarkJS[0m: alphaTauG1: fft 16 join  14/16  1/4 1/4
[36;22m[DEBUG] [39;1msnarkJS[0m: alphaTauG1: fft 16 join  14/16  3/4 1/4
[36;22m[DEBUG] [39;1msnarkJS[0m: alphaTauG1: fft 16 join  14/16  3/4 3/4
[36;22m[DEBUG] [39;1msnarkJS[0m: alphaTauG1: fft 16 join  14/16  4/4 1/4
[36;22m[DEBUG] [39;1msnarkJS[0m: alphaTauG1: fft 16 join  14/16  4/4 2/4
[36;22m[DEBUG] [39;1msnarkJS[0m: alphaTauG1: fft 16 join  14/16  4/4 3/4
[36;22m[DEBUG] [39;1msnarkJS[0m: alphaTauG1: fft 16 join  14/16  1/4 0/4
[36;22m[DEBUG] [39;1msnarkJS[0m: alphaTauG1: fft 16 join  14/16  3/4 0/4
[36;22m[DEBUG] [39;1msnarkJS[0m: alphaTauG1: fft 16 join  14/16  2/4 3/4
[36;22m[DEBUG] [39;1msnarkJS[0m: alphaTauG1: fft 16 join  14/16  2/4 1/4
[36;22m[DEBUG] [39;1msnarkJS[0m: alphaTauG1: fft 16 join  14/16  2/4 2/4
[36;22m[DEBUG] [39;1msnarkJS[0m: alphaTauG1: fft 16 join  14/16  4/4 0/4
[36;22m[DEBUG] [39;1msnarkJS[0m: alphaTauG1: fft  16  join: 15/16
[36;22m[DEBUG] [39;1msnarkJS[0m: alphaTauG1: fft 16 join  15/16  1/2 4/8
[36;22m[DEBUG] [39;1msnarkJS[0m: alphaTauG1: fft 16 join  15/16  1/2 3/8
[36;22m[DEBUG] [39;1msnarkJS[0m: alphaTauG1: fft 16 join  15/16  1/2 0/8
[36;22m[DEBUG] [39;1msnarkJS[0m: alphaTauG1: fft 16 join  15/16  2/2 0/8
[36;22m[DEBUG] [39;1msnarkJS[0m: alphaTauG1: fft 16 join  15/16  2/2 1/8
[36;22m[DEBUG] [39;1msnarkJS[0m: alphaTauG1: fft 16 join  15/16  2/2 6/8
[36;22m[DEBUG] [39;1msnarkJS[0m: alphaTauG1: fft 16 join  15/16  1/2 1/8
[36;22m[DEBUG] [39;1msnarkJS[0m: alphaTauG1: fft 16 join  15/16  1/2 5/8
[36;22m[DEBUG] [39;1msnarkJS[0m: alphaTauG1: fft 16 join  15/16  2/2 3/8
[36;22m[DEBUG] [39;1msnarkJS[0m: alphaTauG1: fft 16 join  15/16  2/2 5/8
[36;22m[DEBUG] [39;1msnarkJS[0m: alphaTauG1: fft 16 join  15/16  2/2 2/8
[36;22m[DEBUG] [39;1msnarkJS[0m: alphaTauG1: fft 16 join  15/16  2/2 7/8
[36;22m[DEBUG] [39;1msnarkJS[0m: alphaTauG1: fft 16 join  15/16  1/2 6/8
[36;22m[DEBUG] [39;1msnarkJS[0m: alphaTauG1: fft 16 join  15/16  2/2 4/8
[36;22m[DEBUG] [39;1msnarkJS[0m: alphaTauG1: fft 16 join  15/16  1/2 2/8
[36;22m[DEBUG] [39;1msnarkJS[0m: alphaTauG1: fft 16 join  15/16  1/2 7/8
[36;22m[DEBUG] [39;1msnarkJS[0m: alphaTauG1: fft  16  join: 16/16
[36;22m[DEBUG] [39;1msnarkJS[0m: alphaTauG1: fft 16 join  16/16  1/1 1/16
[36;22m[DEBUG] [39;1msnarkJS[0m: alphaTauG1: fft 16 join  16/16  1/1 2/16
[36;22m[DEBUG] [39;1msnarkJS[0m: alphaTauG1: fft 16 join  16/16  1/1 4/16
[36;22m[DEBUG] [39;1msnarkJS[0m: alphaTauG1: fft 16 join  16/16  1/1 14/16
[36;22m[DEBUG] [39;1msnarkJS[0m: alphaTauG1: fft 16 join  16/16  1/1 3/16
[36;22m[DEBUG] [39;1msnarkJS[0m: alphaTauG1: fft 16 join  16/16  1/1 9/16
[36;22m[DEBUG] [39;1msnarkJS[0m: alphaTauG1: fft 16 join  16/16  1/1 8/16
[36;22m[DEBUG] [39;1msnarkJS[0m: alphaTauG1: fft 16 join  16/16  1/1 0/16
[36;22m[DEBUG] [39;1msnarkJS[0m: alphaTauG1: fft 16 join  16/16  1/1 10/16
[36;22m[DEBUG] [39;1msnarkJS[0m: alphaTauG1: fft 16 join  16/16  1/1 13/16
[36;22m[DEBUG] [39;1msnarkJS[0m: alphaTauG1: fft 16 join  16/16  1/1 11/16
[36;22m[DEBUG] [39;1msnarkJS[0m: alphaTauG1: fft 16 join  16/16  1/1 7/16
[36;22m[DEBUG] [39;1msnarkJS[0m: alphaTauG1: fft 16 join  16/16  1/1 15/16
[36;22m[DEBUG] [39;1msnarkJS[0m: alphaTauG1: fft 16 join  16/16  1/1 5/16
[36;22m[DEBUG] [39;1msnarkJS[0m: alphaTauG1: fft 16 join  16/16  1/1 6/16
[36;22m[DEBUG] [39;1msnarkJS[0m: alphaTauG1: fft 16 join  16/16  1/1 12/16
[36;22m[DEBUG] [39;1msnarkJS[0m: alphaTauG1: fft 17 mix start: 0/32
[36;22m[DEBUG] [39;1msnarkJS[0m: alphaTauG1: fft 17 mix start: 1/32
[36;22m[DEBUG] [39;1msnarkJS[0m: alphaTauG1: fft 17 mix start: 2/32
[36;22m[DEBUG] [39;1msnarkJS[0m: alphaTauG1: fft 17 mix start: 3/32
[36;22m[DEBUG] [39;1msnarkJS[0m: alphaTauG1: fft 17 mix start: 4/32
[36;22m[DEBUG] [39;1msnarkJS[0m: alphaTauG1: fft 17 mix start: 5/32
[36;22m[DEBUG] [39;1msnarkJS[0m: alphaTauG1: fft 17 mix start: 6/32
[36;22m[DEBUG] [39;1msnarkJS[0m: alphaTauG1: fft 17 mix start: 7/32
[36;22m[DEBUG] [39;1msnarkJS[0m: alphaTauG1: fft 17 mix start: 8/32
[36;22m[DEBUG] [39;1msnarkJS[0m: alphaTauG1: fft 17 mix start: 9/32
[36;22m[DEBUG] [39;1msnarkJS[0m: alphaTauG1: fft 17 mix start: 10/32
[36;22m[DEBUG] [39;1msnarkJS[0m: alphaTauG1: fft 17 mix start: 11/32
[36;22m[DEBUG] [39;1msnarkJS[0m: alphaTauG1: fft 17 mix start: 12/32
[36;22m[DEBUG] [39;1msnarkJS[0m: alphaTauG1: fft 17 mix start: 13/32
[36;22m[DEBUG] [39;1msnarkJS[0m: alphaTauG1: fft 17 mix start: 14/32
[36;22m[DEBUG] [39;1msnarkJS[0m: alphaTauG1: fft 17 mix start: 15/32
[36;22m[DEBUG] [39;1msnarkJS[0m: alphaTauG1: fft 17 mix start: 16/32
[36;22m[DEBUG] [39;1msnarkJS[0m: alphaTauG1: fft 17 mix start: 17/32
[36;22m[DEBUG] [39;1msnarkJS[0m: alphaTauG1: fft 17 mix start: 18/32
[36;22m[DEBUG] [39;1msnarkJS[0m: alphaTauG1: fft 17 mix start: 19/32
[36;22m[DEBUG] [39;1msnarkJS[0m: alphaTauG1: fft 17 mix start: 20/32
[36;22m[DEBUG] [39;1msnarkJS[0m: alphaTauG1: fft 17 mix start: 21/32
[36;22m[DEBUG] [39;1msnarkJS[0m: alphaTauG1: fft 17 mix start: 22/32
[36;22m[DEBUG] [39;1msnarkJS[0m: alphaTauG1: fft 17 mix start: 23/32
[36;22m[DEBUG] [39;1msnarkJS[0m: alphaTauG1: fft 17 mix start: 24/32
[36;22m[DEBUG] [39;1msnarkJS[0m: alphaTauG1: fft 17 mix start: 25/32
[36;22m[DEBUG] [39;1msnarkJS[0m: alphaTauG1: fft 17 mix start: 26/32
[36;22m[DEBUG] [39;1msnarkJS[0m: alphaTauG1: fft 17 mix start: 27/32
[36;22m[DEBUG] [39;1msnarkJS[0m: alphaTauG1: fft 17 mix start: 28/32
[36;22m[DEBUG] [39;1msnarkJS[0m: alphaTauG1: fft 17 mix start: 29/32
[36;22m[DEBUG] [39;1msnarkJS[0m: alphaTauG1: fft 17 mix start: 30/32
[36;22m[DEBUG] [39;1msnarkJS[0m: alphaTauG1: fft 17 mix start: 31/32
[36;22m[DEBUG] [39;1msnarkJS[0m: alphaTauG1: fft 17 mix end: 13/32
[36;22m[DEBUG] [39;1msnarkJS[0m: alphaTauG1: fft 17 mix end: 7/32
[36;22m[DEBUG] [39;1msnarkJS[0m: alphaTauG1: fft 17 mix end: 11/32
[36;22m[DEBUG] [39;1msnarkJS[0m: alphaTauG1: fft 17 mix end: 6/32
[36;22m[DEBUG] [39;1msnarkJS[0m: alphaTauG1: fft 17 mix end: 1/32
[36;22m[DEBUG] [39;1msnarkJS[0m: alphaTauG1: fft 17 mix end: 9/32
[36;22m[DEBUG] [39;1msnarkJS[0m: alphaTauG1: fft 17 mix end: 19/32
[36;22m[DEBUG] [39;1msnarkJS[0m: alphaTauG1: fft 17 mix end: 29/32
[36;22m[DEBUG] [39;1msnarkJS[0m: alphaTauG1: fft 17 mix end: 3/32
[36;22m[DEBUG] [39;1msnarkJS[0m: alphaTauG1: fft 17 mix end: 27/32
[36;22m[DEBUG] [39;1msnarkJS[0m: alphaTauG1: fft 17 mix end: 22/32
[36;22m[DEBUG] [39;1msnarkJS[0m: alphaTauG1: fft 17 mix end: 2/32
[36;22m[DEBUG] [39;1msnarkJS[0m: alphaTauG1: fft 17 mix end: 8/32
[36;22m[DEBUG] [39;1msnarkJS[0m: alphaTauG1: fft 17 mix end: 20/32
[36;22m[DEBUG] [39;1msnarkJS[0m: alphaTauG1: fft 17 mix end: 21/32
[36;22m[DEBUG] [39;1msnarkJS[0m: alphaTauG1: fft 17 mix end: 14/32
[36;22m[DEBUG] [39;1msnarkJS[0m: alphaTauG1: fft 17 mix end: 18/32
[36;22m[DEBUG] [39;1msnarkJS[0m: alphaTauG1: fft 17 mix end: 16/32
[36;22m[DEBUG] [39;1msnarkJS[0m: alphaTauG1: fft 17 mix end: 25/32
[36;22m[DEBUG] [39;1msnarkJS[0m: alphaTauG1: fft 17 mix end: 24/32
[36;22m[DEBUG] [39;1msnarkJS[0m: alphaTauG1: fft 17 mix end: 5/32
[36;22m[DEBUG] [39;1msnarkJS[0m: alphaTauG1: fft 17 mix end: 12/32
[36;22m[DEBUG] [39;1msnarkJS[0m: alphaTauG1: fft 17 mix end: 4/32
[36;22m[DEBUG] [39;1msnarkJS[0m: alphaTauG1: fft 17 mix end: 17/32
[36;22m[DEBUG] [39;1msnarkJS[0m: alphaTauG1: fft 17 mix end: 30/32
[36;22m[DEBUG] [39;1msnarkJS[0m: alphaTauG1: fft 17 mix end: 31/32
[36;22m[DEBUG] [39;1msnarkJS[0m: alphaTauG1: fft 17 mix end: 28/32
[36;22m[DEBUG] [39;1msnarkJS[0m: alphaTauG1: fft 17 mix end: 10/32
[36;22m[DEBUG] [39;1msnarkJS[0m: alphaTauG1: fft 17 mix end: 26/32
[36;22m[DEBUG] [39;1msnarkJS[0m: alphaTauG1: fft 17 mix end: 15/32
[36;22m[DEBUG] [39;1msnarkJS[0m: alphaTauG1: fft 17 mix end: 23/32
[36;22m[DEBUG] [39;1msnarkJS[0m: alphaTauG1: fft 17 mix end: 0/32
[36;22m[DEBUG] [39;1msnarkJS[0m: alphaTauG1: fft  17  join: 13/17
[36;22m[DEBUG] [39;1msnarkJS[0m: alphaTauG1: fft 17 join  13/17  1/16 0/1
[36;22m[DEBUG] [39;1msnarkJS[0m: alphaTauG1: fft 17 join  13/17  3/16 0/1
[36;22m[DEBUG] [39;1msnarkJS[0m: alphaTauG1: fft 17 join  13/17  5/16 0/1
[36;22m[DEBUG] [39;1msnarkJS[0m: alphaTauG1: fft 17 join  13/17  14/16 0/1
[36;22m[DEBUG] [39;1msnarkJS[0m: alphaTauG1: fft 17 join  13/17  15/16 0/1
[36;22m[DEBUG] [39;1msnarkJS[0m: alphaTauG1: fft 17 join  13/17  16/16 0/1
[36;22m[DEBUG] [39;1msnarkJS[0m: alphaTauG1: fft 17 join  13/17  4/16 0/1
[36;22m[DEBUG] [39;1msnarkJS[0m: alphaTauG1: fft 17 join  13/17  11/16 0/1
[36;22m[DEBUG] [39;1msnarkJS[0m: alphaTauG1: fft 17 join  13/17  2/16 0/1
[36;22m[DEBUG] [39;1msnarkJS[0m: alphaTauG1: fft 17 join  13/17  6/16 0/1
[36;22m[DEBUG] [39;1msnarkJS[0m: alphaTauG1: fft 17 join  13/17  12/16 0/1
[36;22m[DEBUG] [39;1msnarkJS[0m: alphaTauG1: fft 17 join  13/17  7/16 0/1
[36;22m[DEBUG] [39;1msnarkJS[0m: alphaTauG1: fft 17 join  13/17  8/16 0/1
[36;22m[DEBUG] [39;1msnarkJS[0m: alphaTauG1: fft 17 join  13/17  9/16 0/1
[36;22m[DEBUG] [39;1msnarkJS[0m: alphaTauG1: fft 17 join  13/17  10/16 0/1
[36;22m[DEBUG] [39;1msnarkJS[0m: alphaTauG1: fft 17 join  13/17  13/16 0/1
[36;22m[DEBUG] [39;1msnarkJS[0m: alphaTauG1: fft  17  join: 14/17
[36;22m[DEBUG] [39;1msnarkJS[0m: alphaTauG1: fft 17 join  14/17  2/8 0/2
[36;22m[DEBUG] [39;1msnarkJS[0m: alphaTauG1: fft 17 join  14/17  3/8 0/2
[36;22m[DEBUG] [39;1msnarkJS[0m: alphaTauG1: fft 17 join  14/17  7/8 1/2
[36;22m[DEBUG] [39;1msnarkJS[0m: alphaTauG1: fft 17 join  14/17  6/8 0/2
[36;22m[DEBUG] [39;1msnarkJS[0m: alphaTauG1: fft 17 join  14/17  2/8 1/2
[36;22m[DEBUG] [39;1msnarkJS[0m: alphaTauG1: fft 17 join  14/17  1/8 0/2
[36;22m[DEBUG] [39;1msnarkJS[0m: alphaTauG1: fft 17 join  14/17  8/8 1/2
[36;22m[DEBUG] [39;1msnarkJS[0m: alphaTauG1: fft 17 join  14/17  8/8 0/2
[36;22m[DEBUG] [39;1msnarkJS[0m: alphaTauG1: fft 17 join  14/17  1/8 1/2
[36;22m[DEBUG] [39;1msnarkJS[0m: alphaTauG1: fft 17 join  14/17  6/8 1/2
[36;22m[DEBUG] [39;1msnarkJS[0m: alphaTauG1: fft 17 join  14/17  3/8 1/2
[36;22m[DEBUG] [39;1msnarkJS[0m: alphaTauG1: fft 17 join  14/17  4/8 0/2
[36;22m[DEBUG] [39;1msnarkJS[0m: alphaTauG1: fft 17 join  14/17  4/8 1/2
[36;22m[DEBUG] [39;1msnarkJS[0m: alphaTauG1: fft 17 join  14/17  7/8 0/2
[36;22m[DEBUG] [39;1msnarkJS[0m: alphaTauG1: fft 17 join  14/17  5/8 0/2
[36;22m[DEBUG] [39;1msnarkJS[0m: alphaTauG1: fft 17 join  14/17  5/8 1/2
[36;22m[DEBUG] [39;1msnarkJS[0m: alphaTauG1: fft  17  join: 15/17
[36;22m[DEBUG] [39;1msnarkJS[0m: alphaTauG1: fft 17 join  15/17  4/4 2/4
[36;22m[DEBUG] [39;1msnarkJS[0m: alphaTauG1: fft 17 join  15/17  1/4 2/4
[36;22m[DEBUG] [39;1msnarkJS[0m: alphaTauG1: fft 17 join  15/17  2/4 0/4
[36;22m[DEBUG] [39;1msnarkJS[0m: alphaTauG1: fft 17 join  15/17  4/4 3/4
[36;22m[DEBUG] [39;1msnarkJS[0m: alphaTauG1: fft 17 join  15/17  3/4 2/4
[36;22m[DEBUG] [39;1msnarkJS[0m: alphaTauG1: fft 17 join  15/17  4/4 1/4
[36;22m[DEBUG] [39;1msnarkJS[0m: alphaTauG1: fft 17 join  15/17  1/4 1/4
[36;22m[DEBUG] [39;1msnarkJS[0m: alphaTauG1: fft 17 join  15/17  3/4 3/4
[36;22m[DEBUG] [39;1msnarkJS[0m: alphaTauG1: fft 17 join  15/17  2/4 1/4
[36;22m[DEBUG] [39;1msnarkJS[0m: alphaTauG1: fft 17 join  15/17  4/4 0/4
[36;22m[DEBUG] [39;1msnarkJS[0m: alphaTauG1: fft 17 join  15/17  1/4 3/4
[36;22m[DEBUG] [39;1msnarkJS[0m: alphaTauG1: fft 17 join  15/17  3/4 0/4
[36;22m[DEBUG] [39;1msnarkJS[0m: alphaTauG1: fft 17 join  15/17  2/4 3/4
[36;22m[DEBUG] [39;1msnarkJS[0m: alphaTauG1: fft 17 join  15/17  3/4 1/4
[36;22m[DEBUG] [39;1msnarkJS[0m: alphaTauG1: fft 17 join  15/17  1/4 0/4
[36;22m[DEBUG] [39;1msnarkJS[0m: alphaTauG1: fft 17 join  15/17  2/4 2/4
[36;22m[DEBUG] [39;1msnarkJS[0m: alphaTauG1: fft  17  join: 16/17
[36;22m[DEBUG] [39;1msnarkJS[0m: alphaTauG1: fft 17 join  16/17  1/2 4/8
[36;22m[DEBUG] [39;1msnarkJS[0m: alphaTauG1: fft 17 join  16/17  1/2 2/8
[36;22m[DEBUG] [39;1msnarkJS[0m: alphaTauG1: fft 17 join  16/17  2/2 7/8
[36;22m[DEBUG] [39;1msnarkJS[0m: alphaTauG1: fft 17 join  16/17  2/2 3/8
[36;22m[DEBUG] [39;1msnarkJS[0m: alphaTauG1: fft 17 join  16/17  2/2 5/8
[36;22m[DEBUG] [39;1msnarkJS[0m: alphaTauG1: fft 17 join  16/17  1/2 5/8
[36;22m[DEBUG] [39;1msnarkJS[0m: alphaTauG1: fft 17 join  16/17  1/2 1/8
[36;22m[DEBUG] [39;1msnarkJS[0m: alphaTauG1: fft 17 join  16/17  1/2 7/8
[36;22m[DEBUG] [39;1msnarkJS[0m: alphaTauG1: fft 17 join  16/17  2/2 1/8
[36;22m[DEBUG] [39;1msnarkJS[0m: alphaTauG1: fft 17 join  16/17  2/2 0/8
[36;22m[DEBUG] [39;1msnarkJS[0m: alphaTauG1: fft 17 join  16/17  2/2 4/8
[36;22m[DEBUG] [39;1msnarkJS[0m: alphaTauG1: fft 17 join  16/17  1/2 3/8
[36;22m[DEBUG] [39;1msnarkJS[0m: alphaTauG1: fft 17 join  16/17  2/2 6/8
[36;22m[DEBUG] [39;1msnarkJS[0m: alphaTauG1: fft 17 join  16/17  2/2 2/8
[36;22m[DEBUG] [39;1msnarkJS[0m: alphaTauG1: fft 17 join  16/17  1/2 0/8
[36;22m[DEBUG] [39;1msnarkJS[0m: alphaTauG1: fft 17 join  16/17  1/2 6/8
[36;22m[DEBUG] [39;1msnarkJS[0m: alphaTauG1: fft  17  join: 17/17
[36;22m[DEBUG] [39;1msnarkJS[0m: alphaTauG1: fft 17 join  17/17  1/1 14/16
[36;22m[DEBUG] [39;1msnarkJS[0m: alphaTauG1: fft 17 join  17/17  1/1 4/16
[36;22m[DEBUG] [39;1msnarkJS[0m: alphaTauG1: fft 17 join  17/17  1/1 0/16
[36;22m[DEBUG] [39;1msnarkJS[0m: alphaTauG1: fft 17 join  17/17  1/1 13/16
[36;22m[DEBUG] [39;1msnarkJS[0m: alphaTauG1: fft 17 join  17/17  1/1 10/16
[36;22m[DEBUG] [39;1msnarkJS[0m: alphaTauG1: fft 17 join  17/17  1/1 1/16
[36;22m[DEBUG] [39;1msnarkJS[0m: alphaTauG1: fft 17 join  17/17  1/1 6/16
[36;22m[DEBUG] [39;1msnarkJS[0m: alphaTauG1: fft 17 join  17/17  1/1 2/16
[36;22m[DEBUG] [39;1msnarkJS[0m: alphaTauG1: fft 17 join  17/17  1/1 15/16
[36;22m[DEBUG] [39;1msnarkJS[0m: alphaTauG1: fft 17 join  17/17  1/1 11/16
[36;22m[DEBUG] [39;1msnarkJS[0m: alphaTauG1: fft 17 join  17/17  1/1 12/16
[36;22m[DEBUG] [39;1msnarkJS[0m: alphaTauG1: fft 17 join  17/17  1/1 7/16
[36;22m[DEBUG] [39;1msnarkJS[0m: alphaTauG1: fft 17 join  17/17  1/1 9/16
[36;22m[DEBUG] [39;1msnarkJS[0m: alphaTauG1: fft 17 join  17/17  1/1 5/16
[36;22m[DEBUG] [39;1msnarkJS[0m: alphaTauG1: fft 17 join  17/17  1/1 8/16
[36;22m[DEBUG] [39;1msnarkJS[0m: alphaTauG1: fft 17 join  17/17  1/1 3/16
[36;22m[DEBUG] [39;1msnarkJS[0m: alphaTauG1: fft 18 mix start: 0/32
[36;22m[DEBUG] [39;1msnarkJS[0m: alphaTauG1: fft 18 mix start: 1/32
[36;22m[DEBUG] [39;1msnarkJS[0m: alphaTauG1: fft 18 mix start: 2/32
[36;22m[DEBUG] [39;1msnarkJS[0m: alphaTauG1: fft 18 mix start: 3/32
[36;22m[DEBUG] [39;1msnarkJS[0m: alphaTauG1: fft 18 mix start: 4/32
[36;22m[DEBUG] [39;1msnarkJS[0m: alphaTauG1: fft 18 mix start: 5/32
[36;22m[DEBUG] [39;1msnarkJS[0m: alphaTauG1: fft 18 mix start: 6/32
[36;22m[DEBUG] [39;1msnarkJS[0m: alphaTauG1: fft 18 mix start: 7/32
[36;22m[DEBUG] [39;1msnarkJS[0m: alphaTauG1: fft 18 mix start: 8/32
[36;22m[DEBUG] [39;1msnarkJS[0m: alphaTauG1: fft 18 mix start: 9/32
[36;22m[DEBUG] [39;1msnarkJS[0m: alphaTauG1: fft 18 mix start: 10/32
[36;22m[DEBUG] [39;1msnarkJS[0m: alphaTauG1: fft 18 mix start: 11/32
[36;22m[DEBUG] [39;1msnarkJS[0m: alphaTauG1: fft 18 mix start: 12/32
[36;22m[DEBUG] [39;1msnarkJS[0m: alphaTauG1: fft 18 mix start: 13/32
[36;22m[DEBUG] [39;1msnarkJS[0m: alphaTauG1: fft 18 mix start: 14/32
[36;22m[DEBUG] [39;1msnarkJS[0m: alphaTauG1: fft 18 mix start: 15/32
[36;22m[DEBUG] [39;1msnarkJS[0m: alphaTauG1: fft 18 mix start: 16/32
[36;22m[DEBUG] [39;1msnarkJS[0m: alphaTauG1: fft 18 mix start: 17/32
[36;22m[DEBUG] [39;1msnarkJS[0m: alphaTauG1: fft 18 mix start: 18/32
[36;22m[DEBUG] [39;1msnarkJS[0m: alphaTauG1: fft 18 mix start: 19/32
[36;22m[DEBUG] [39;1msnarkJS[0m: alphaTauG1: fft 18 mix start: 20/32
[36;22m[DEBUG] [39;1msnarkJS[0m: alphaTauG1: fft 18 mix start: 21/32
[36;22m[DEBUG] [39;1msnarkJS[0m: alphaTauG1: fft 18 mix start: 22/32
[36;22m[DEBUG] [39;1msnarkJS[0m: alphaTauG1: fft 18 mix start: 23/32
[36;22m[DEBUG] [39;1msnarkJS[0m: alphaTauG1: fft 18 mix start: 24/32
[36;22m[DEBUG] [39;1msnarkJS[0m: alphaTauG1: fft 18 mix start: 25/32
[36;22m[DEBUG] [39;1msnarkJS[0m: alphaTauG1: fft 18 mix start: 26/32
[36;22m[DEBUG] [39;1msnarkJS[0m: alphaTauG1: fft 18 mix start: 27/32
[36;22m[DEBUG] [39;1msnarkJS[0m: alphaTauG1: fft 18 mix start: 28/32
[36;22m[DEBUG] [39;1msnarkJS[0m: alphaTauG1: fft 18 mix start: 29/32
[36;22m[DEBUG] [39;1msnarkJS[0m: alphaTauG1: fft 18 mix start: 30/32
[36;22m[DEBUG] [39;1msnarkJS[0m: alphaTauG1: fft 18 mix start: 31/32
[36;22m[DEBUG] [39;1msnarkJS[0m: alphaTauG1: fft 18 mix end: 28/32
[36;22m[DEBUG] [39;1msnarkJS[0m: alphaTauG1: fft 18 mix end: 9/32
[36;22m[DEBUG] [39;1msnarkJS[0m: alphaTauG1: fft 18 mix end: 19/32
[36;22m[DEBUG] [39;1msnarkJS[0m: alphaTauG1: fft 18 mix end: 25/32
[36;22m[DEBUG] [39;1msnarkJS[0m: alphaTauG1: fft 18 mix end: 11/32
[36;22m[DEBUG] [39;1msnarkJS[0m: alphaTauG1: fft 18 mix end: 10/32
[36;22m[DEBUG] [39;1msnarkJS[0m: alphaTauG1: fft 18 mix end: 8/32
[36;22m[DEBUG] [39;1msnarkJS[0m: alphaTauG1: fft 18 mix end: 31/32
[36;22m[DEBUG] [39;1msnarkJS[0m: alphaTauG1: fft 18 mix end: 2/32
[36;22m[DEBUG] [39;1msnarkJS[0m: alphaTauG1: fft 18 mix end: 15/32
[36;22m[DEBUG] [39;1msnarkJS[0m: alphaTauG1: fft 18 mix end: 7/32
[36;22m[DEBUG] [39;1msnarkJS[0m: alphaTauG1: fft 18 mix end: 17/32
[36;22m[DEBUG] [39;1msnarkJS[0m: alphaTauG1: fft 18 mix end: 23/32
[36;22m[DEBUG] [39;1msnarkJS[0m: alphaTauG1: fft 18 mix end: 1/32
[36;22m[DEBUG] [39;1msnarkJS[0m: alphaTauG1: fft 18 mix end: 0/32
[36;22m[DEBUG] [39;1msnarkJS[0m: alphaTauG1: fft 18 mix end: 30/32
[36;22m[DEBUG] [39;1msnarkJS[0m: alphaTauG1: fft 18 mix end: 3/32
[36;22m[DEBUG] [39;1msnarkJS[0m: alphaTauG1: fft 18 mix end: 22/32
[36;22m[DEBUG] [39;1msnarkJS[0m: alphaTauG1: fft 18 mix end: 21/32
[36;22m[DEBUG] [39;1msnarkJS[0m: alphaTauG1: fft 18 mix end: 4/32
[36;22m[DEBUG] [39;1msnarkJS[0m: alphaTauG1: fft 18 mix end: 24/32
[36;22m[DEBUG] [39;1msnarkJS[0m: alphaTauG1: fft 18 mix end: 26/32
[36;22m[DEBUG] [39;1msnarkJS[0m: alphaTauG1: fft 18 mix end: 14/32
[36;22m[DEBUG] [39;1msnarkJS[0m: alphaTauG1: fft 18 mix end: 20/32
[36;22m[DEBUG] [39;1msnarkJS[0m: alphaTauG1: fft 18 mix end: 13/32
[36;22m[DEBUG] [39;1msnarkJS[0m: alphaTauG1: fft 18 mix end: 29/32
[36;22m[DEBUG] [39;1msnarkJS[0m: alphaTauG1: fft 18 mix end: 5/32
[36;22m[DEBUG] [39;1msnarkJS[0m: alphaTauG1: fft 18 mix end: 6/32
[36;22m[DEBUG] [39;1msnarkJS[0m: alphaTauG1: fft 18 mix end: 18/32
[36;22m[DEBUG] [39;1msnarkJS[0m: alphaTauG1: fft 18 mix end: 16/32
[36;22m[DEBUG] [39;1msnarkJS[0m: alphaTauG1: fft 18 mix end: 27/32
[36;22m[DEBUG] [39;1msnarkJS[0m: alphaTauG1: fft 18 mix end: 12/32
[36;22m[DEBUG] [39;1msnarkJS[0m: alphaTauG1: fft  18  join: 14/18
[36;22m[DEBUG] [39;1msnarkJS[0m: alphaTauG1: fft 18 join  14/18  5/16 0/1
[36;22m[DEBUG] [39;1msnarkJS[0m: alphaTauG1: fft 18 join  14/18  11/16 0/1
[36;22m[DEBUG] [39;1msnarkJS[0m: alphaTauG1: fft 18 join  14/18  16/16 0/1
[36;22m[DEBUG] [39;1msnarkJS[0m: alphaTauG1: fft 18 join  14/18  15/16 0/1
[36;22m[DEBUG] [39;1msnarkJS[0m: alphaTauG1: fft 18 join  14/18  4/16 0/1
[36;22m[DEBUG] [39;1msnarkJS[0m: alphaTauG1: fft 18 join  14/18  9/16 0/1
[36;22m[DEBUG] [39;1msnarkJS[0m: alphaTauG1: fft 18 join  14/18  14/16 0/1
[36;22m[DEBUG] [39;1msnarkJS[0m: alphaTauG1: fft 18 join  14/18  6/16 0/1
[36;22m[DEBUG] [39;1msnarkJS[0m: alphaTauG1: fft 18 join  14/18  8/16 0/1
[36;22m[DEBUG] [39;1msnarkJS[0m: alphaTauG1: fft 18 join  14/18  2/16 0/1
[36;22m[DEBUG] [39;1msnarkJS[0m: alphaTauG1: fft 18 join  14/18  12/16 0/1
[36;22m[DEBUG] [39;1msnarkJS[0m: alphaTauG1: fft 18 join  14/18  3/16 0/1
[36;22m[DEBUG] [39;1msnarkJS[0m: alphaTauG1: fft 18 join  14/18  7/16 0/1
[36;22m[DEBUG] [39;1msnarkJS[0m: alphaTauG1: fft 18 join  14/18  1/16 0/1
[36;22m[DEBUG] [39;1msnarkJS[0m: alphaTauG1: fft 18 join  14/18  10/16 0/1
[36;22m[DEBUG] [39;1msnarkJS[0m: alphaTauG1: fft 18 join  14/18  13/16 0/1
[36;22m[DEBUG] [39;1msnarkJS[0m: alphaTauG1: fft  18  join: 15/18
[36;22m[DEBUG] [39;1msnarkJS[0m: alphaTauG1: fft 18 join  15/18  2/8 1/2
[36;22m[DEBUG] [39;1msnarkJS[0m: alphaTauG1: fft 18 join  15/18  1/8 0/2
[36;22m[DEBUG] [39;1msnarkJS[0m: alphaTauG1: fft 18 join  15/18  3/8 0/2
[36;22m[DEBUG] [39;1msnarkJS[0m: alphaTauG1: fft 18 join  15/18  7/8 1/2
[36;22m[DEBUG] [39;1msnarkJS[0m: alphaTauG1: fft 18 join  15/18  8/8 0/2
[36;22m[DEBUG] [39;1msnarkJS[0m: alphaTauG1: fft 18 join  15/18  6/8 0/2
[36;22m[DEBUG] [39;1msnarkJS[0m: alphaTauG1: fft 18 join  15/18  3/8 1/2
[36;22m[DEBUG] [39;1msnarkJS[0m: alphaTauG1: fft 18 join  15/18  8/8 1/2
[36;22m[DEBUG] [39;1msnarkJS[0m: alphaTauG1: fft 18 join  15/18  5/8 0/2
[36;22m[DEBUG] [39;1msnarkJS[0m: alphaTauG1: fft 18 join  15/18  4/8 1/2
[36;22m[DEBUG] [39;1msnarkJS[0m: alphaTauG1: fft 18 join  15/18  4/8 0/2
[36;22m[DEBUG] [39;1msnarkJS[0m: alphaTauG1: fft 18 join  15/18  6/8 1/2
[36;22m[DEBUG] [39;1msnarkJS[0m: alphaTauG1: fft 18 join  15/18  2/8 0/2
[36;22m[DEBUG] [39;1msnarkJS[0m: alphaTauG1: fft 18 join  15/18  5/8 1/2
[36;22m[DEBUG] [39;1msnarkJS[0m: alphaTauG1: fft 18 join  15/18  1/8 1/2
[36;22m[DEBUG] [39;1msnarkJS[0m: alphaTauG1: fft 18 join  15/18  7/8 0/2
[36;22m[DEBUG] [39;1msnarkJS[0m: alphaTauG1: fft  18  join: 16/18
[36;22m[DEBUG] [39;1msnarkJS[0m: alphaTauG1: fft 18 join  16/18  1/4 0/4
[36;22m[DEBUG] [39;1msnarkJS[0m: alphaTauG1: fft 18 join  16/18  2/4 0/4
[36;22m[DEBUG] [39;1msnarkJS[0m: alphaTauG1: fft 18 join  16/18  1/4 3/4
[36;22m[DEBUG] [39;1msnarkJS[0m: alphaTauG1: fft 18 join  16/18  4/4 1/4
[36;22m[DEBUG] [39;1msnarkJS[0m: alphaTauG1: fft 18 join  16/18  4/4 2/4
[36;22m[DEBUG] [39;1msnarkJS[0m: alphaTauG1: fft 18 join  16/18  3/4 2/4
[36;22m[DEBUG] [39;1msnarkJS[0m: alphaTauG1: fft 18 join  16/18  4/4 3/4
[36;22m[DEBUG] [39;1msnarkJS[0m: alphaTauG1: fft 18 join  16/18  2/4 1/4
[36;22m[DEBUG] [39;1msnarkJS[0m: alphaTauG1: fft 18 join  16/18  2/4 2/4
[36;22m[DEBUG] [39;1msnarkJS[0m: alphaTauG1: fft 18 join  16/18  3/4 0/4
[36;22m[DEBUG] [39;1msnarkJS[0m: alphaTauG1: fft 18 join  16/18  2/4 3/4
[36;22m[DEBUG] [39;1msnarkJS[0m: alphaTauG1: fft 18 join  16/18  1/4 2/4
[36;22m[DEBUG] [39;1msnarkJS[0m: alphaTauG1: fft 18 join  16/18  1/4 1/4
[36;22m[DEBUG] [39;1msnarkJS[0m: alphaTauG1: fft 18 join  16/18  3/4 1/4
[36;22m[DEBUG] [39;1msnarkJS[0m: alphaTauG1: fft 18 join  16/18  3/4 3/4
[36;22m[DEBUG] [39;1msnarkJS[0m: alphaTauG1: fft 18 join  16/18  4/4 0/4
[36;22m[DEBUG] [39;1msnarkJS[0m: alphaTauG1: fft  18  join: 17/18
[36;22m[DEBUG] [39;1msnarkJS[0m: alphaTauG1: fft 18 join  17/18  1/2 4/8
[36;22m[DEBUG] [39;1msnarkJS[0m: alphaTauG1: fft 18 join  17/18  1/2 3/8
[36;22m[DEBUG] [39;1msnarkJS[0m: alphaTauG1: fft 18 join  17/18  1/2 0/8
[36;22m[DEBUG] [39;1msnarkJS[0m: alphaTauG1: fft 18 join  17/18  2/2 6/8
[36;22m[DEBUG] [39;1msnarkJS[0m: alphaTauG1: fft 18 join  17/18  2/2 5/8
[36;22m[DEBUG] [39;1msnarkJS[0m: alphaTauG1: fft 18 join  17/18  2/2 0/8
[36;22m[DEBUG] [39;1msnarkJS[0m: alphaTauG1: fft 18 join  17/18  1/2 6/8
[36;22m[DEBUG] [39;1msnarkJS[0m: alphaTauG1: fft 18 join  17/18  2/2 3/8
[36;22m[DEBUG] [39;1msnarkJS[0m: alphaTauG1: fft 18 join  17/18  2/2 7/8
[36;22m[DEBUG] [39;1msnarkJS[0m: alphaTauG1: fft 18 join  17/18  1/2 5/8
[36;22m[DEBUG] [39;1msnarkJS[0m: alphaTauG1: fft 18 join  17/18  1/2 2/8
[36;22m[DEBUG] [39;1msnarkJS[0m: alphaTauG1: fft 18 join  17/18  1/2 7/8
[36;22m[DEBUG] [39;1msnarkJS[0m: alphaTauG1: fft 18 join  17/18  1/2 1/8
[36;22m[DEBUG] [39;1msnarkJS[0m: alphaTauG1: fft 18 join  17/18  2/2 2/8
[36;22m[DEBUG] [39;1msnarkJS[0m: alphaTauG1: fft 18 join  17/18  2/2 1/8
[36;22m[DEBUG] [39;1msnarkJS[0m: alphaTauG1: fft 18 join  17/18  2/2 4/8
[36;22m[DEBUG] [39;1msnarkJS[0m: alphaTauG1: fft  18  join: 18/18
[36;22m[DEBUG] [39;1msnarkJS[0m: alphaTauG1: fft 18 join  18/18  1/1 13/16
[36;22m[DEBUG] [39;1msnarkJS[0m: alphaTauG1: fft 18 join  18/18  1/1 14/16
[36;22m[DEBUG] [39;1msnarkJS[0m: alphaTauG1: fft 18 join  18/18  1/1 0/16
[36;22m[DEBUG] [39;1msnarkJS[0m: alphaTauG1: fft 18 join  18/18  1/1 11/16
[36;22m[DEBUG] [39;1msnarkJS[0m: alphaTauG1: fft 18 join  18/18  1/1 10/16
[36;22m[DEBUG] [39;1msnarkJS[0m: alphaTauG1: fft 18 join  18/18  1/1 15/16
[36;22m[DEBUG] [39;1msnarkJS[0m: alphaTauG1: fft 18 join  18/18  1/1 8/16
[36;22m[DEBUG] [39;1msnarkJS[0m: alphaTauG1: fft 18 join  18/18  1/1 7/16
[36;22m[DEBUG] [39;1msnarkJS[0m: alphaTauG1: fft 18 join  18/18  1/1 6/16
[36;22m[DEBUG] [39;1msnarkJS[0m: alphaTauG1: fft 18 join  18/18  1/1 3/16
[36;22m[DEBUG] [39;1msnarkJS[0m: alphaTauG1: fft 18 join  18/18  1/1 2/16
[36;22m[DEBUG] [39;1msnarkJS[0m: alphaTauG1: fft 18 join  18/18  1/1 5/16
[36;22m[DEBUG] [39;1msnarkJS[0m: alphaTauG1: fft 18 join  18/18  1/1 1/16
[36;22m[DEBUG] [39;1msnarkJS[0m: alphaTauG1: fft 18 join  18/18  1/1 9/16
[36;22m[DEBUG] [39;1msnarkJS[0m: alphaTauG1: fft 18 join  18/18  1/1 4/16
[36;22m[DEBUG] [39;1msnarkJS[0m: alphaTauG1: fft 18 join  18/18  1/1 12/16
[36;22m[DEBUG] [39;1msnarkJS[0m: alphaTauG1: fft 19 mix start: 0/32
[36;22m[DEBUG] [39;1msnarkJS[0m: alphaTauG1: fft 19 mix start: 1/32
[36;22m[DEBUG] [39;1msnarkJS[0m: alphaTauG1: fft 19 mix start: 2/32
[36;22m[DEBUG] [39;1msnarkJS[0m: alphaTauG1: fft 19 mix start: 3/32
[36;22m[DEBUG] [39;1msnarkJS[0m: alphaTauG1: fft 19 mix start: 4/32
[36;22m[DEBUG] [39;1msnarkJS[0m: alphaTauG1: fft 19 mix start: 5/32
[36;22m[DEBUG] [39;1msnarkJS[0m: alphaTauG1: fft 19 mix start: 6/32
[36;22m[DEBUG] [39;1msnarkJS[0m: alphaTauG1: fft 19 mix start: 7/32
[36;22m[DEBUG] [39;1msnarkJS[0m: alphaTauG1: fft 19 mix start: 8/32
[36;22m[DEBUG] [39;1msnarkJS[0m: alphaTauG1: fft 19 mix start: 9/32
[36;22m[DEBUG] [39;1msnarkJS[0m: alphaTauG1: fft 19 mix start: 10/32
[36;22m[DEBUG] [39;1msnarkJS[0m: alphaTauG1: fft 19 mix start: 11/32
[36;22m[DEBUG] [39;1msnarkJS[0m: alphaTauG1: fft 19 mix start: 12/32
[36;22m[DEBUG] [39;1msnarkJS[0m: alphaTauG1: fft 19 mix start: 13/32
[36;22m[DEBUG] [39;1msnarkJS[0m: alphaTauG1: fft 19 mix start: 14/32
[36;22m[DEBUG] [39;1msnarkJS[0m: alphaTauG1: fft 19 mix start: 15/32
[36;22m[DEBUG] [39;1msnarkJS[0m: alphaTauG1: fft 19 mix start: 16/32
[36;22m[DEBUG] [39;1msnarkJS[0m: alphaTauG1: fft 19 mix start: 17/32
[36;22m[DEBUG] [39;1msnarkJS[0m: alphaTauG1: fft 19 mix start: 18/32
[36;22m[DEBUG] [39;1msnarkJS[0m: alphaTauG1: fft 19 mix start: 19/32
[36;22m[DEBUG] [39;1msnarkJS[0m: alphaTauG1: fft 19 mix start: 20/32
[36;22m[DEBUG] [39;1msnarkJS[0m: alphaTauG1: fft 19 mix start: 21/32
[36;22m[DEBUG] [39;1msnarkJS[0m: alphaTauG1: fft 19 mix start: 22/32
[36;22m[DEBUG] [39;1msnarkJS[0m: alphaTauG1: fft 19 mix start: 23/32
[36;22m[DEBUG] [39;1msnarkJS[0m: alphaTauG1: fft 19 mix start: 24/32
[36;22m[DEBUG] [39;1msnarkJS[0m: alphaTauG1: fft 19 mix start: 25/32
[36;22m[DEBUG] [39;1msnarkJS[0m: alphaTauG1: fft 19 mix start: 26/32
[36;22m[DEBUG] [39;1msnarkJS[0m: alphaTauG1: fft 19 mix start: 27/32
[36;22m[DEBUG] [39;1msnarkJS[0m: alphaTauG1: fft 19 mix start: 28/32
[36;22m[DEBUG] [39;1msnarkJS[0m: alphaTauG1: fft 19 mix start: 29/32
[36;22m[DEBUG] [39;1msnarkJS[0m: alphaTauG1: fft 19 mix start: 30/32
[36;22m[DEBUG] [39;1msnarkJS[0m: alphaTauG1: fft 19 mix start: 31/32
[36;22m[DEBUG] [39;1msnarkJS[0m: alphaTauG1: fft 19 mix end: 11/32
[36;22m[DEBUG] [39;1msnarkJS[0m: alphaTauG1: fft 19 mix end: 2/32
[36;22m[DEBUG] [39;1msnarkJS[0m: alphaTauG1: fft 19 mix end: 21/32
[36;22m[DEBUG] [39;1msnarkJS[0m: alphaTauG1: fft 19 mix end: 9/32
[36;22m[DEBUG] [39;1msnarkJS[0m: alphaTauG1: fft 19 mix end: 31/32
[36;22m[DEBUG] [39;1msnarkJS[0m: alphaTauG1: fft 19 mix end: 25/32
[36;22m[DEBUG] [39;1msnarkJS[0m: alphaTauG1: fft 19 mix end: 4/32
[36;22m[DEBUG] [39;1msnarkJS[0m: alphaTauG1: fft 19 mix end: 16/32
[36;22m[DEBUG] [39;1msnarkJS[0m: alphaTauG1: fft 19 mix end: 7/32
[36;22m[DEBUG] [39;1msnarkJS[0m: alphaTauG1: fft 19 mix end: 15/32
[36;22m[DEBUG] [39;1msnarkJS[0m: alphaTauG1: fft 19 mix end: 3/32
[36;22m[DEBUG] [39;1msnarkJS[0m: alphaTauG1: fft 19 mix end: 29/32
[36;22m[DEBUG] [39;1msnarkJS[0m: alphaTauG1: fft 19 mix end: 17/32
[36;22m[DEBUG] [39;1msnarkJS[0m: alphaTauG1: fft 19 mix end: 13/32
[36;22m[DEBUG] [39;1msnarkJS[0m: alphaTauG1: fft 19 mix end: 28/32
[36;22m[DEBUG] [39;1msnarkJS[0m: alphaTauG1: fft 19 mix end: 24/32
[36;22m[DEBUG] [39;1msnarkJS[0m: alphaTauG1: fft 19 mix end: 6/32
[36;22m[DEBUG] [39;1msnarkJS[0m: alphaTauG1: fft 19 mix end: 26/32
[36;22m[DEBUG] [39;1msnarkJS[0m: alphaTauG1: fft 19 mix end: 18/32
[36;22m[DEBUG] [39;1msnarkJS[0m: alphaTauG1: fft 19 mix end: 22/32
[36;22m[DEBUG] [39;1msnarkJS[0m: alphaTauG1: fft 19 mix end: 12/32
[36;22m[DEBUG] [39;1msnarkJS[0m: alphaTauG1: fft 19 mix end: 30/32
[36;22m[DEBUG] [39;1msnarkJS[0m: alphaTauG1: fft 19 mix end: 23/32
[36;22m[DEBUG] [39;1msnarkJS[0m: alphaTauG1: fft 19 mix end: 20/32
[36;22m[DEBUG] [39;1msnarkJS[0m: alphaTauG1: fft 19 mix end: 19/32
[36;22m[DEBUG] [39;1msnarkJS[0m: alphaTauG1: fft 19 mix end: 8/32
[36;22m[DEBUG] [39;1msnarkJS[0m: alphaTauG1: fft 19 mix end: 5/32
[36;22m[DEBUG] [39;1msnarkJS[0m: alphaTauG1: fft 19 mix end: 10/32
[36;22m[DEBUG] [39;1msnarkJS[0m: alphaTauG1: fft 19 mix end: 14/32
[36;22m[DEBUG] [39;1msnarkJS[0m: alphaTauG1: fft 19 mix end: 0/32
[36;22m[DEBUG] [39;1msnarkJS[0m: alphaTauG1: fft 19 mix end: 27/32
[36;22m[DEBUG] [39;1msnarkJS[0m: alphaTauG1: fft 19 mix end: 1/32
[36;22m[DEBUG] [39;1msnarkJS[0m: alphaTauG1: fft  19  join: 15/19
[36;22m[DEBUG] [39;1msnarkJS[0m: alphaTauG1: fft 19 join  15/19  5/16 0/1
[36;22m[DEBUG] [39;1msnarkJS[0m: alphaTauG1: fft 19 join  15/19  7/16 0/1
[36;22m[DEBUG] [39;1msnarkJS[0m: alphaTauG1: fft 19 join  15/19  11/16 0/1
[36;22m[DEBUG] [39;1msnarkJS[0m: alphaTauG1: fft 19 join  15/19  14/16 0/1
[36;22m[DEBUG] [39;1msnarkJS[0m: alphaTauG1: fft 19 join  15/19  16/16 0/1
[36;22m[DEBUG] [39;1msnarkJS[0m: alphaTauG1: fft 19 join  15/19  15/16 0/1
[36;22m[DEBUG] [39;1msnarkJS[0m: alphaTauG1: fft 19 join  15/19  1/16 0/1
[36;22m[DEBUG] [39;1msnarkJS[0m: alphaTauG1: fft 19 join  15/19  4/16 0/1
[36;22m[DEBUG] [39;1msnarkJS[0m: alphaTauG1: fft 19 join  15/19  6/16 0/1
[36;22m[DEBUG] [39;1msnarkJS[0m: alphaTauG1: fft 19 join  15/19  9/16 0/1
[36;22m[DEBUG] [39;1msnarkJS[0m: alphaTauG1: fft 19 join  15/19  12/16 0/1
[36;22m[DEBUG] [39;1msnarkJS[0m: alphaTauG1: fft 19 join  15/19  8/16 0/1
[36;22m[DEBUG] [39;1msnarkJS[0m: alphaTauG1: fft 19 join  15/19  2/16 0/1
[36;22m[DEBUG] [39;1msnarkJS[0m: alphaTauG1: fft 19 join  15/19  13/16 0/1
[36;22m[DEBUG] [39;1msnarkJS[0m: alphaTauG1: fft 19 join  15/19  3/16 0/1
[36;22m[DEBUG] [39;1msnarkJS[0m: alphaTauG1: fft 19 join  15/19  10/16 0/1
[36;22m[DEBUG] [39;1msnarkJS[0m: alphaTauG1: fft  19  join: 16/19
[36;22m[DEBUG] [39;1msnarkJS[0m: alphaTauG1: fft 19 join  16/19  2/8 1/2
[36;22m[DEBUG] [39;1msnarkJS[0m: alphaTauG1: fft 19 join  16/19  6/8 0/2
[36;22m[DEBUG] [39;1msnarkJS[0m: alphaTauG1: fft 19 join  16/19  3/8 0/2
[36;22m[DEBUG] [39;1msnarkJS[0m: alphaTauG1: fft 19 join  16/19  8/8 0/2
[36;22m[DEBUG] [39;1msnarkJS[0m: alphaTauG1: fft 19 join  16/19  3/8 1/2
[36;22m[DEBUG] [39;1msnarkJS[0m: alphaTauG1: fft 19 join  16/19  6/8 1/2
[36;22m[DEBUG] [39;1msnarkJS[0m: alphaTauG1: fft 19 join  16/19  5/8 1/2
[36;22m[DEBUG] [39;1msnarkJS[0m: alphaTauG1: fft 19 join  16/19  5/8 0/2
[36;22m[DEBUG] [39;1msnarkJS[0m: alphaTauG1: fft 19 join  16/19  1/8 1/2
[36;22m[DEBUG] [39;1msnarkJS[0m: alphaTauG1: fft 19 join  16/19  2/8 0/2
[36;22m[DEBUG] [39;1msnarkJS[0m: alphaTauG1: fft 19 join  16/19  4/8 1/2
[36;22m[DEBUG] [39;1msnarkJS[0m: alphaTauG1: fft 19 join  16/19  7/8 0/2
[36;22m[DEBUG] [39;1msnarkJS[0m: alphaTauG1: fft 19 join  16/19  4/8 0/2
[36;22m[DEBUG] [39;1msnarkJS[0m: alphaTauG1: fft 19 join  16/19  7/8 1/2
[36;22m[DEBUG] [39;1msnarkJS[0m: alphaTauG1: fft 19 join  16/19  1/8 0/2
[36;22m[DEBUG] [39;1msnarkJS[0m: alphaTauG1: fft 19 join  16/19  8/8 1/2
[36;22m[DEBUG] [39;1msnarkJS[0m: alphaTauG1: fft  19  join: 17/19
[36;22m[DEBUG] [39;1msnarkJS[0m: alphaTauG1: fft 19 join  17/19  1/4 3/4
[36;22m[DEBUG] [39;1msnarkJS[0m: alphaTauG1: fft 19 join  17/19  2/4 0/4
[36;22m[DEBUG] [39;1msnarkJS[0m: alphaTauG1: fft 19 join  17/19  3/4 2/4
[36;22m[DEBUG] [39;1msnarkJS[0m: alphaTauG1: fft 19 join  17/19  3/4 0/4
[36;22m[DEBUG] [39;1msnarkJS[0m: alphaTauG1: fft 19 join  17/19  2/4 2/4
[36;22m[DEBUG] [39;1msnarkJS[0m: alphaTauG1: fft 19 join  17/19  2/4 1/4
[36;22m[DEBUG] [39;1msnarkJS[0m: alphaTauG1: fft 19 join  17/19  3/4 3/4
[36;22m[DEBUG] [39;1msnarkJS[0m: alphaTauG1: fft 19 join  17/19  4/4 3/4
[36;22m[DEBUG] [39;1msnarkJS[0m: alphaTauG1: fft 19 join  17/19  3/4 1/4
[36;22m[DEBUG] [39;1msnarkJS[0m: alphaTauG1: fft 19 join  17/19  4/4 1/4
[36;22m[DEBUG] [39;1msnarkJS[0m: alphaTauG1: fft 19 join  17/19  2/4 3/4
[36;22m[DEBUG] [39;1msnarkJS[0m: alphaTauG1: fft 19 join  17/19  1/4 2/4
[36;22m[DEBUG] [39;1msnarkJS[0m: alphaTauG1: fft 19 join  17/19  1/4 1/4
[36;22m[DEBUG] [39;1msnarkJS[0m: alphaTauG1: fft 19 join  17/19  4/4 0/4
[36;22m[DEBUG] [39;1msnarkJS[0m: alphaTauG1: fft 19 join  17/19  1/4 0/4
[36;22m[DEBUG] [39;1msnarkJS[0m: alphaTauG1: fft 19 join  17/19  4/4 2/4
[36;22m[DEBUG] [39;1msnarkJS[0m: alphaTauG1: fft  19  join: 18/19
[36;22m[DEBUG] [39;1msnarkJS[0m: alphaTauG1: fft 19 join  18/19  1/2 3/8
[36;22m[DEBUG] [39;1msnarkJS[0m: alphaTauG1: fft 19 join  18/19  1/2 6/8
[36;22m[DEBUG] [39;1msnarkJS[0m: alphaTauG1: fft 19 join  18/19  2/2 2/8
[36;22m[DEBUG] [39;1msnarkJS[0m: alphaTauG1: fft 19 join  18/19  2/2 0/8
[36;22m[DEBUG] [39;1msnarkJS[0m: alphaTauG1: fft 19 join  18/19  1/2 0/8
[36;22m[DEBUG] [39;1msnarkJS[0m: alphaTauG1: fft 19 join  18/19  2/2 3/8
[36;22m[DEBUG] [39;1msnarkJS[0m: alphaTauG1: fft 19 join  18/19  2/2 5/8
[36;22m[DEBUG] [39;1msnarkJS[0m: alphaTauG1: fft 19 join  18/19  1/2 1/8
[36;22m[DEBUG] [39;1msnarkJS[0m: alphaTauG1: fft 19 join  18/19  2/2 4/8
[36;22m[DEBUG] [39;1msnarkJS[0m: alphaTauG1: fft 19 join  18/19  1/2 2/8
[36;22m[DEBUG] [39;1msnarkJS[0m: alphaTauG1: fft 19 join  18/19  2/2 1/8
[36;22m[DEBUG] [39;1msnarkJS[0m: alphaTauG1: fft 19 join  18/19  1/2 7/8
[36;22m[DEBUG] [39;1msnarkJS[0m: alphaTauG1: fft 19 join  18/19  1/2 4/8
[36;22m[DEBUG] [39;1msnarkJS[0m: alphaTauG1: fft 19 join  18/19  1/2 5/8
[36;22m[DEBUG] [39;1msnarkJS[0m: alphaTauG1: fft 19 join  18/19  2/2 7/8
[36;22m[DEBUG] [39;1msnarkJS[0m: alphaTauG1: fft 19 join  18/19  2/2 6/8
[36;22m[DEBUG] [39;1msnarkJS[0m: alphaTauG1: fft  19  join: 19/19
[36;22m[DEBUG] [39;1msnarkJS[0m: alphaTauG1: fft 19 join  19/19  1/1 2/16
[36;22m[DEBUG] [39;1msnarkJS[0m: alphaTauG1: fft 19 join  19/19  1/1 0/16
[36;22m[DEBUG] [39;1msnarkJS[0m: alphaTauG1: fft 19 join  19/19  1/1 10/16
[36;22m[DEBUG] [39;1msnarkJS[0m: alphaTauG1: fft 19 join  19/19  1/1 3/16
[36;22m[DEBUG] [39;1msnarkJS[0m: alphaTauG1: fft 19 join  19/19  1/1 14/16
[36;22m[DEBUG] [39;1msnarkJS[0m: alphaTauG1: fft 19 join  19/19  1/1 8/16
[36;22m[DEBUG] [39;1msnarkJS[0m: alphaTauG1: fft 19 join  19/19  1/1 15/16
[36;22m[DEBUG] [39;1msnarkJS[0m: alphaTauG1: fft 19 join  19/19  1/1 5/16
[36;22m[DEBUG] [39;1msnarkJS[0m: alphaTauG1: fft 19 join  19/19  1/1 7/16
[36;22m[DEBUG] [39;1msnarkJS[0m: alphaTauG1: fft 19 join  19/19  1/1 13/16
[36;22m[DEBUG] [39;1msnarkJS[0m: alphaTauG1: fft 19 join  19/19  1/1 11/16
[36;22m[DEBUG] [39;1msnarkJS[0m: alphaTauG1: fft 19 join  19/19  1/1 1/16
[36;22m[DEBUG] [39;1msnarkJS[0m: alphaTauG1: fft 19 join  19/19  1/1 9/16
[36;22m[DEBUG] [39;1msnarkJS[0m: alphaTauG1: fft 19 join  19/19  1/1 12/16
[36;22m[DEBUG] [39;1msnarkJS[0m: alphaTauG1: fft 19 join  19/19  1/1 6/16
[36;22m[DEBUG] [39;1msnarkJS[0m: alphaTauG1: fft 19 join  19/19  1/1 4/16
[36;22m[DEBUG] [39;1msnarkJS[0m: alphaTauG1: fft 20 mix start: 0/64
[36;22m[DEBUG] [39;1msnarkJS[0m: alphaTauG1: fft 20 mix start: 1/64
[36;22m[DEBUG] [39;1msnarkJS[0m: alphaTauG1: fft 20 mix start: 2/64
[36;22m[DEBUG] [39;1msnarkJS[0m: alphaTauG1: fft 20 mix start: 3/64
[36;22m[DEBUG] [39;1msnarkJS[0m: alphaTauG1: fft 20 mix start: 4/64
[36;22m[DEBUG] [39;1msnarkJS[0m: alphaTauG1: fft 20 mix start: 5/64
[36;22m[DEBUG] [39;1msnarkJS[0m: alphaTauG1: fft 20 mix start: 6/64
[36;22m[DEBUG] [39;1msnarkJS[0m: alphaTauG1: fft 20 mix start: 7/64
[36;22m[DEBUG] [39;1msnarkJS[0m: alphaTauG1: fft 20 mix start: 8/64
[36;22m[DEBUG] [39;1msnarkJS[0m: alphaTauG1: fft 20 mix start: 9/64
[36;22m[DEBUG] [39;1msnarkJS[0m: alphaTauG1: fft 20 mix start: 10/64
[36;22m[DEBUG] [39;1msnarkJS[0m: alphaTauG1: fft 20 mix start: 11/64
[36;22m[DEBUG] [39;1msnarkJS[0m: alphaTauG1: fft 20 mix start: 12/64
[36;22m[DEBUG] [39;1msnarkJS[0m: alphaTauG1: fft 20 mix start: 13/64
[36;22m[DEBUG] [39;1msnarkJS[0m: alphaTauG1: fft 20 mix start: 14/64
[36;22m[DEBUG] [39;1msnarkJS[0m: alphaTauG1: fft 20 mix start: 15/64
[36;22m[DEBUG] [39;1msnarkJS[0m: alphaTauG1: fft 20 mix start: 16/64
[36;22m[DEBUG] [39;1msnarkJS[0m: alphaTauG1: fft 20 mix start: 17/64
[36;22m[DEBUG] [39;1msnarkJS[0m: alphaTauG1: fft 20 mix start: 18/64
[36;22m[DEBUG] [39;1msnarkJS[0m: alphaTauG1: fft 20 mix start: 19/64
[36;22m[DEBUG] [39;1msnarkJS[0m: alphaTauG1: fft 20 mix start: 20/64
[36;22m[DEBUG] [39;1msnarkJS[0m: alphaTauG1: fft 20 mix start: 21/64
[36;22m[DEBUG] [39;1msnarkJS[0m: alphaTauG1: fft 20 mix start: 22/64
[36;22m[DEBUG] [39;1msnarkJS[0m: alphaTauG1: fft 20 mix start: 23/64
[36;22m[DEBUG] [39;1msnarkJS[0m: alphaTauG1: fft 20 mix start: 24/64
[36;22m[DEBUG] [39;1msnarkJS[0m: alphaTauG1: fft 20 mix start: 25/64
[36;22m[DEBUG] [39;1msnarkJS[0m: alphaTauG1: fft 20 mix start: 26/64
[36;22m[DEBUG] [39;1msnarkJS[0m: alphaTauG1: fft 20 mix start: 27/64
[36;22m[DEBUG] [39;1msnarkJS[0m: alphaTauG1: fft 20 mix start: 28/64
[36;22m[DEBUG] [39;1msnarkJS[0m: alphaTauG1: fft 20 mix start: 29/64
[36;22m[DEBUG] [39;1msnarkJS[0m: alphaTauG1: fft 20 mix start: 30/64
[36;22m[DEBUG] [39;1msnarkJS[0m: alphaTauG1: fft 20 mix start: 31/64
[36;22m[DEBUG] [39;1msnarkJS[0m: alphaTauG1: fft 20 mix start: 32/64
[36;22m[DEBUG] [39;1msnarkJS[0m: alphaTauG1: fft 20 mix start: 33/64
[36;22m[DEBUG] [39;1msnarkJS[0m: alphaTauG1: fft 20 mix start: 34/64
[36;22m[DEBUG] [39;1msnarkJS[0m: alphaTauG1: fft 20 mix start: 35/64
[36;22m[DEBUG] [39;1msnarkJS[0m: alphaTauG1: fft 20 mix start: 36/64
[36;22m[DEBUG] [39;1msnarkJS[0m: alphaTauG1: fft 20 mix start: 37/64
[36;22m[DEBUG] [39;1msnarkJS[0m: alphaTauG1: fft 20 mix start: 38/64
[36;22m[DEBUG] [39;1msnarkJS[0m: alphaTauG1: fft 20 mix start: 39/64
[36;22m[DEBUG] [39;1msnarkJS[0m: alphaTauG1: fft 20 mix start: 40/64
[36;22m[DEBUG] [39;1msnarkJS[0m: alphaTauG1: fft 20 mix start: 41/64
[36;22m[DEBUG] [39;1msnarkJS[0m: alphaTauG1: fft 20 mix start: 42/64
[36;22m[DEBUG] [39;1msnarkJS[0m: alphaTauG1: fft 20 mix start: 43/64
[36;22m[DEBUG] [39;1msnarkJS[0m: alphaTauG1: fft 20 mix start: 44/64
[36;22m[DEBUG] [39;1msnarkJS[0m: alphaTauG1: fft 20 mix start: 45/64
[36;22m[DEBUG] [39;1msnarkJS[0m: alphaTauG1: fft 20 mix start: 46/64
[36;22m[DEBUG] [39;1msnarkJS[0m: alphaTauG1: fft 20 mix start: 47/64
[36;22m[DEBUG] [39;1msnarkJS[0m: alphaTauG1: fft 20 mix start: 48/64
[36;22m[DEBUG] [39;1msnarkJS[0m: alphaTauG1: fft 20 mix start: 49/64
[36;22m[DEBUG] [39;1msnarkJS[0m: alphaTauG1: fft 20 mix start: 50/64
[36;22m[DEBUG] [39;1msnarkJS[0m: alphaTauG1: fft 20 mix start: 51/64
[36;22m[DEBUG] [39;1msnarkJS[0m: alphaTauG1: fft 20 mix start: 52/64
[36;22m[DEBUG] [39;1msnarkJS[0m: alphaTauG1: fft 20 mix start: 53/64
[36;22m[DEBUG] [39;1msnarkJS[0m: alphaTauG1: fft 20 mix start: 54/64
[36;22m[DEBUG] [39;1msnarkJS[0m: alphaTauG1: fft 20 mix start: 55/64
[36;22m[DEBUG] [39;1msnarkJS[0m: alphaTauG1: fft 20 mix start: 56/64
[36;22m[DEBUG] [39;1msnarkJS[0m: alphaTauG1: fft 20 mix start: 57/64
[36;22m[DEBUG] [39;1msnarkJS[0m: alphaTauG1: fft 20 mix start: 58/64
[36;22m[DEBUG] [39;1msnarkJS[0m: alphaTauG1: fft 20 mix start: 59/64
[36;22m[DEBUG] [39;1msnarkJS[0m: alphaTauG1: fft 20 mix start: 60/64
[36;22m[DEBUG] [39;1msnarkJS[0m: alphaTauG1: fft 20 mix start: 61/64
[36;22m[DEBUG] [39;1msnarkJS[0m: alphaTauG1: fft 20 mix start: 62/64
[36;22m[DEBUG] [39;1msnarkJS[0m: alphaTauG1: fft 20 mix start: 63/64
[36;22m[DEBUG] [39;1msnarkJS[0m: alphaTauG1: fft 20 mix end: 14/64
[36;22m[DEBUG] [39;1msnarkJS[0m: alphaTauG1: fft 20 mix end: 13/64
[36;22m[DEBUG] [39;1msnarkJS[0m: alphaTauG1: fft 20 mix end: 8/64
[36;22m[DEBUG] [39;1msnarkJS[0m: alphaTauG1: fft 20 mix end: 9/64
[36;22m[DEBUG] [39;1msnarkJS[0m: alphaTauG1: fft 20 mix end: 25/64
[36;22m[DEBUG] [39;1msnarkJS[0m: alphaTauG1: fft 20 mix end: 28/64
[36;22m[DEBUG] [39;1msnarkJS[0m: alphaTauG1: fft 20 mix end: 17/64
[36;22m[DEBUG] [39;1msnarkJS[0m: alphaTauG1: fft 20 mix end: 23/64
[36;22m[DEBUG] [39;1msnarkJS[0m: alphaTauG1: fft 20 mix end: 31/64
[36;22m[DEBUG] [39;1msnarkJS[0m: alphaTauG1: fft 20 mix end: 19/64
[36;22m[DEBUG] [39;1msnarkJS[0m: alphaTauG1: fft 20 mix end: 10/64
[36;22m[DEBUG] [39;1msnarkJS[0m: alphaTauG1: fft 20 mix end: 22/64
[36;22m[DEBUG] [39;1msnarkJS[0m: alphaTauG1: fft 20 mix end: 29/64
[36;22m[DEBUG] [39;1msnarkJS[0m: alphaTauG1: fft 20 mix end: 7/64
[36;22m[DEBUG] [39;1msnarkJS[0m: alphaTauG1: fft 20 mix end: 21/64
[36;22m[DEBUG] [39;1msnarkJS[0m: alphaTauG1: fft 20 mix end: 12/64
[36;22m[DEBUG] [39;1msnarkJS[0m: alphaTauG1: fft 20 mix end: 2/64
[36;22m[DEBUG] [39;1msnarkJS[0m: alphaTauG1: fft 20 mix end: 16/64
[36;22m[DEBUG] [39;1msnarkJS[0m: alphaTauG1: fft 20 mix end: 20/64
[36;22m[DEBUG] [39;1msnarkJS[0m: alphaTauG1: fft 20 mix end: 4/64
[36;22m[DEBUG] [39;1msnarkJS[0m: alphaTauG1: fft 20 mix end: 3/64
[36;22m[DEBUG] [39;1msnarkJS[0m: alphaTauG1: fft 20 mix end: 27/64
[36;22m[DEBUG] [39;1msnarkJS[0m: alphaTauG1: fft 20 mix end: 6/64
[36;22m[DEBUG] [39;1msnarkJS[0m: alphaTauG1: fft 20 mix end: 0/64
[36;22m[DEBUG] [39;1msnarkJS[0m: alphaTauG1: fft 20 mix end: 24/64
[36;22m[DEBUG] [39;1msnarkJS[0m: alphaTauG1: fft 20 mix end: 5/64
[36;22m[DEBUG] [39;1msnarkJS[0m: alphaTauG1: fft 20 mix end: 26/64
[36;22m[DEBUG] [39;1msnarkJS[0m: alphaTauG1: fft 20 mix end: 15/64
[36;22m[DEBUG] [39;1msnarkJS[0m: alphaTauG1: fft 20 mix end: 18/64
[36;22m[DEBUG] [39;1msnarkJS[0m: alphaTauG1: fft 20 mix end: 30/64
[36;22m[DEBUG] [39;1msnarkJS[0m: alphaTauG1: fft 20 mix end: 1/64
[36;22m[DEBUG] [39;1msnarkJS[0m: alphaTauG1: fft 20 mix end: 11/64
[36;22m[DEBUG] [39;1msnarkJS[0m: alphaTauG1: fft 20 mix end: 32/64
[36;22m[DEBUG] [39;1msnarkJS[0m: alphaTauG1: fft 20 mix end: 33/64
[36;22m[DEBUG] [39;1msnarkJS[0m: alphaTauG1: fft 20 mix end: 34/64
[36;22m[DEBUG] [39;1msnarkJS[0m: alphaTauG1: fft 20 mix end: 35/64
[36;22m[DEBUG] [39;1msnarkJS[0m: alphaTauG1: fft 20 mix end: 36/64
[36;22m[DEBUG] [39;1msnarkJS[0m: alphaTauG1: fft 20 mix end: 37/64
[36;22m[DEBUG] [39;1msnarkJS[0m: alphaTauG1: fft 20 mix end: 38/64
[36;22m[DEBUG] [39;1msnarkJS[0m: alphaTauG1: fft 20 mix end: 39/64
[36;22m[DEBUG] [39;1msnarkJS[0m: alphaTauG1: fft 20 mix end: 40/64
[36;22m[DEBUG] [39;1msnarkJS[0m: alphaTauG1: fft 20 mix end: 41/64
[36;22m[DEBUG] [39;1msnarkJS[0m: alphaTauG1: fft 20 mix end: 42/64
[36;22m[DEBUG] [39;1msnarkJS[0m: alphaTauG1: fft 20 mix end: 43/64
[36;22m[DEBUG] [39;1msnarkJS[0m: alphaTauG1: fft 20 mix end: 60/64
[36;22m[DEBUG] [39;1msnarkJS[0m: alphaTauG1: fft 20 mix end: 46/64
[36;22m[DEBUG] [39;1msnarkJS[0m: alphaTauG1: fft 20 mix end: 47/64
[36;22m[DEBUG] [39;1msnarkJS[0m: alphaTauG1: fft 20 mix end: 51/64
[36;22m[DEBUG] [39;1msnarkJS[0m: alphaTauG1: fft 20 mix end: 57/64
[36;22m[DEBUG] [39;1msnarkJS[0m: alphaTauG1: fft 20 mix end: 52/64
[36;22m[DEBUG] [39;1msnarkJS[0m: alphaTauG1: fft 20 mix end: 44/64
[36;22m[DEBUG] [39;1msnarkJS[0m: alphaTauG1: fft 20 mix end: 63/64
[36;22m[DEBUG] [39;1msnarkJS[0m: alphaTauG1: fft 20 mix end: 48/64
[36;22m[DEBUG] [39;1msnarkJS[0m: alphaTauG1: fft 20 mix end: 49/64
[36;22m[DEBUG] [39;1msnarkJS[0m: alphaTauG1: fft 20 mix end: 58/64
[36;22m[DEBUG] [39;1msnarkJS[0m: alphaTauG1: fft 20 mix end: 56/64
[36;22m[DEBUG] [39;1msnarkJS[0m: alphaTauG1: fft 20 mix end: 45/64
[36;22m[DEBUG] [39;1msnarkJS[0m: alphaTauG1: fft 20 mix end: 61/64
[36;22m[DEBUG] [39;1msnarkJS[0m: alphaTauG1: fft 20 mix end: 50/64
[36;22m[DEBUG] [39;1msnarkJS[0m: alphaTauG1: fft 20 mix end: 62/64
[36;22m[DEBUG] [39;1msnarkJS[0m: alphaTauG1: fft 20 mix end: 54/64
[36;22m[DEBUG] [39;1msnarkJS[0m: alphaTauG1: fft 20 mix end: 55/64
[36;22m[DEBUG] [39;1msnarkJS[0m: alphaTauG1: fft 20 mix end: 53/64
[36;22m[DEBUG] [39;1msnarkJS[0m: alphaTauG1: fft 20 mix end: 59/64
[36;22m[DEBUG] [39;1msnarkJS[0m: alphaTauG1: fft  20  join: 15/20
[36;22m[DEBUG] [39;1msnarkJS[0m: alphaTauG1: fft 20 join  15/20  3/32 0/1
[36;22m[DEBUG] [39;1msnarkJS[0m: alphaTauG1: fft 20 join  15/20  12/32 0/1
[36;22m[DEBUG] [39;1msnarkJS[0m: alphaTauG1: fft 20 join  15/20  32/32 0/1
[36;22m[DEBUG] [39;1msnarkJS[0m: alphaTauG1: fft 20 join  15/20  15/32 0/1
[36;22m[DEBUG] [39;1msnarkJS[0m: alphaTauG1: fft 20 join  15/20  16/32 0/1
[36;22m[DEBUG] [39;1msnarkJS[0m: alphaTauG1: fft 20 join  15/20  22/32 0/1
[36;22m[DEBUG] [39;1msnarkJS[0m: alphaTauG1: fft 20 join  15/20  10/32 0/1
[36;22m[DEBUG] [39;1msnarkJS[0m: alphaTauG1: fft 20 join  15/20  27/32 0/1
[36;22m[DEBUG] [39;1msnarkJS[0m: alphaTauG1: fft 20 join  15/20  5/32 0/1
[36;22m[DEBUG] [39;1msnarkJS[0m: alphaTauG1: fft 20 join  15/20  18/32 0/1
[36;22m[DEBUG] [39;1msnarkJS[0m: alphaTauG1: fft 20 join  15/20  30/32 0/1
[36;22m[DEBUG] [39;1msnarkJS[0m: alphaTauG1: fft 20 join  15/20  24/32 0/1
[36;22m[DEBUG] [39;1msnarkJS[0m: alphaTauG1: fft 20 join  15/20  26/32 0/1
[36;22m[DEBUG] [39;1msnarkJS[0m: alphaTauG1: fft 20 join  15/20  14/32 0/1
[36;22m[DEBUG] [39;1msnarkJS[0m: alphaTauG1: fft 20 join  15/20  28/32 0/1
[36;22m[DEBUG] [39;1msnarkJS[0m: alphaTauG1: fft 20 join  15/20  11/32 0/1
[36;22m[DEBUG] [39;1msnarkJS[0m: alphaTauG1: fft 20 join  15/20  21/32 0/1
[36;22m[DEBUG] [39;1msnarkJS[0m: alphaTauG1: fft 20 join  15/20  20/32 0/1
[36;22m[DEBUG] [39;1msnarkJS[0m: alphaTauG1: fft 20 join  15/20  17/32 0/1
[36;22m[DEBUG] [39;1msnarkJS[0m: alphaTauG1: fft 20 join  15/20  25/32 0/1
[36;22m[DEBUG] [39;1msnarkJS[0m: alphaTauG1: fft 20 join  15/20  8/32 0/1
[36;22m[DEBUG] [39;1msnarkJS[0m: alphaTauG1: fft 20 join  15/20  2/32 0/1
[36;22m[DEBUG] [39;1msnarkJS[0m: alphaTauG1: fft 20 join  15/20  29/32 0/1
[36;22m[DEBUG] [39;1msnarkJS[0m: alphaTauG1: fft 20 join  15/20  4/32 0/1
[36;22m[DEBUG] [39;1msnarkJS[0m: alphaTauG1: fft 20 join  15/20  1/32 0/1
[36;22m[DEBUG] [39;1msnarkJS[0m: alphaTauG1: fft 20 join  15/20  7/32 0/1
[36;22m[DEBUG] [39;1msnarkJS[0m: alphaTauG1: fft 20 join  15/20  31/32 0/1
[36;22m[DEBUG] [39;1msnarkJS[0m: alphaTauG1: fft 20 join  15/20  13/32 0/1
[36;22m[DEBUG] [39;1msnarkJS[0m: alphaTauG1: fft 20 join  15/20  9/32 0/1
[36;22m[DEBUG] [39;1msnarkJS[0m: alphaTauG1: fft 20 join  15/20  6/32 0/1
[36;22m[DEBUG] [39;1msnarkJS[0m: alphaTauG1: fft 20 join  15/20  19/32 0/1
[36;22m[DEBUG] [39;1msnarkJS[0m: alphaTauG1: fft 20 join  15/20  23/32 0/1
[36;22m[DEBUG] [39;1msnarkJS[0m: alphaTauG1: fft  20  join: 16/20
[36;22m[DEBUG] [39;1msnarkJS[0m: alphaTauG1: fft 20 join  16/20  8/16 0/2
[36;22m[DEBUG] [39;1msnarkJS[0m: alphaTauG1: fft 20 join  16/20  7/16 1/2
[36;22m[DEBUG] [39;1msnarkJS[0m: alphaTauG1: fft 20 join  16/20  14/16 1/2
[36;22m[DEBUG] [39;1msnarkJS[0m: alphaTauG1: fft 20 join  16/20  9/16 1/2
[36;22m[DEBUG] [39;1msnarkJS[0m: alphaTauG1: fft 20 join  16/20  6/16 1/2
[36;22m[DEBUG] [39;1msnarkJS[0m: alphaTauG1: fft 20 join  16/20  12/16 0/2
[36;22m[DEBUG] [39;1msnarkJS[0m: alphaTauG1: fft 20 join  16/20  14/16 0/2
[36;22m[DEBUG] [39;1msnarkJS[0m: alphaTauG1: fft 20 join  16/20  3/16 0/2
[36;22m[DEBUG] [39;1msnarkJS[0m: alphaTauG1: fft 20 join  16/20  13/16 1/2
[36;22m[DEBUG] [39;1msnarkJS[0m: alphaTauG1: fft 20 join  16/20  2/16 0/2
[36;22m[DEBUG] [39;1msnarkJS[0m: alphaTauG1: fft 20 join  16/20  1/16 1/2
[36;22m[DEBUG] [39;1msnarkJS[0m: alphaTauG1: fft 20 join  16/20  12/16 1/2
[36;22m[DEBUG] [39;1msnarkJS[0m: alphaTauG1: fft 20 join  16/20  8/16 1/2
[36;22m[DEBUG] [39;1msnarkJS[0m: alphaTauG1: fft 20 join  16/20  4/16 1/2
[36;22m[DEBUG] [39;1msnarkJS[0m: alphaTauG1: fft 20 join  16/20  4/16 0/2
[36;22m[DEBUG] [39;1msnarkJS[0m: alphaTauG1: fft 20 join  16/20  1/16 0/2
[36;22m[DEBUG] [39;1msnarkJS[0m: alphaTauG1: fft 20 join  16/20  11/16 1/2
[36;22m[DEBUG] [39;1msnarkJS[0m: alphaTauG1: fft 20 join  16/20  16/16 0/2
[36;22m[DEBUG] [39;1msnarkJS[0m: alphaTauG1: fft 20 join  16/20  15/16 1/2
[36;22m[DEBUG] [39;1msnarkJS[0m: alphaTauG1: fft 20 join  16/20  13/16 0/2
[36;22m[DEBUG] [39;1msnarkJS[0m: alphaTauG1: fft 20 join  16/20  6/16 0/2
[36;22m[DEBUG] [39;1msnarkJS[0m: alphaTauG1: fft 20 join  16/20  7/16 0/2
[36;22m[DEBUG] [39;1msnarkJS[0m: alphaTauG1: fft 20 join  16/20  9/16 0/2
[36;22m[DEBUG] [39;1msnarkJS[0m: alphaTauG1: fft 20 join  16/20  5/16 1/2
[36;22m[DEBUG] [39;1msnarkJS[0m: alphaTauG1: fft 20 join  16/20  3/16 1/2
[36;22m[DEBUG] [39;1msnarkJS[0m: alphaTauG1: fft 20 join  16/20  10/16 1/2
[36;22m[DEBUG] [39;1msnarkJS[0m: alphaTauG1: fft 20 join  16/20  15/16 0/2
[36;22m[DEBUG] [39;1msnarkJS[0m: alphaTauG1: fft 20 join  16/20  5/16 0/2
[36;22m[DEBUG] [39;1msnarkJS[0m: alphaTauG1: fft 20 join  16/20  16/16 1/2
[36;22m[DEBUG] [39;1msnarkJS[0m: alphaTauG1: fft 20 join  16/20  2/16 1/2
[36;22m[DEBUG] [39;1msnarkJS[0m: alphaTauG1: fft 20 join  16/20  10/16 0/2
[36;22m[DEBUG] [39;1msnarkJS[0m: alphaTauG1: fft 20 join  16/20  11/16 0/2
[36;22m[DEBUG] [39;1msnarkJS[0m: alphaTauG1: fft  20  join: 17/20
[36;22m[DEBUG] [39;1msnarkJS[0m: alphaTauG1: fft 20 join  17/20  3/8 1/4
[36;22m[DEBUG] [39;1msnarkJS[0m: alphaTauG1: fft 20 join  17/20  3/8 2/4
[36;22m[DEBUG] [39;1msnarkJS[0m: alphaTauG1: fft 20 join  17/20  5/8 1/4
[36;22m[DEBUG] [39;1msnarkJS[0m: alphaTauG1: fft 20 join  17/20  2/8 0/4
[36;22m[DEBUG] [39;1msnarkJS[0m: alphaTauG1: fft 20 join  17/20  6/8 3/4
[36;22m[DEBUG] [39;1msnarkJS[0m: alphaTauG1: fft 20 join  17/20  1/8 2/4
[36;22m[DEBUG] [39;1msnarkJS[0m: alphaTauG1: fft 20 join  17/20  6/8 1/4
[36;22m[DEBUG] [39;1msnarkJS[0m: alphaTauG1: fft 20 join  17/20  6/8 2/4
[36;22m[DEBUG] [39;1msnarkJS[0m: alphaTauG1: fft 20 join  17/20  2/8 3/4
[36;22m[DEBUG] [39;1msnarkJS[0m: alphaTauG1: fft 20 join  17/20  2/8 2/4
[36;22m[DEBUG] [39;1msnarkJS[0m: alphaTauG1: fft 20 join  17/20  3/8 3/4
[36;22m[DEBUG] [39;1msnarkJS[0m: alphaTauG1: fft 20 join  17/20  1/8 1/4
[36;22m[DEBUG] [39;1msnarkJS[0m: alphaTauG1: fft 20 join  17/20  8/8 1/4
[36;22m[DEBUG] [39;1msnarkJS[0m: alphaTauG1: fft 20 join  17/20  7/8 1/4
[36;22m[DEBUG] [39;1msnarkJS[0m: alphaTauG1: fft 20 join  17/20  5/8 0/4
[36;22m[DEBUG] [39;1msnarkJS[0m: alphaTauG1: fft 20 join  17/20  2/8 1/4
[36;22m[DEBUG] [39;1msnarkJS[0m: alphaTauG1: fft 20 join  17/20  4/8 1/4
[36;22m[DEBUG] [39;1msnarkJS[0m: alphaTauG1: fft 20 join  17/20  8/8 2/4
[36;22m[DEBUG] [39;1msnarkJS[0m: alphaTauG1: fft 20 join  17/20  7/8 2/4
[36;22m[DEBUG] [39;1msnarkJS[0m: alphaTauG1: fft 20 join  17/20  4/8 0/4
[36;22m[DEBUG] [39;1msnarkJS[0m: alphaTauG1: fft 20 join  17/20  1/8 3/4
[36;22m[DEBUG] [39;1msnarkJS[0m: alphaTauG1: fft 20 join  17/20  5/8 3/4
[36;22m[DEBUG] [39;1msnarkJS[0m: alphaTauG1: fft 20 join  17/20  1/8 0/4
[36;22m[DEBUG] [39;1msnarkJS[0m: alphaTauG1: fft 20 join  17/20  7/8 3/4
[36;22m[DEBUG] [39;1msnarkJS[0m: alphaTauG1: fft 20 join  17/20  4/8 2/4
[36;22m[DEBUG] [39;1msnarkJS[0m: alphaTauG1: fft 20 join  17/20  4/8 3/4
[36;22m[DEBUG] [39;1msnarkJS[0m: alphaTauG1: fft 20 join  17/20  5/8 2/4
[36;22m[DEBUG] [39;1msnarkJS[0m: alphaTauG1: fft 20 join  17/20  8/8 0/4
[36;22m[DEBUG] [39;1msnarkJS[0m: alphaTauG1: fft 20 join  17/20  8/8 3/4
[36;22m[DEBUG] [39;1msnarkJS[0m: alphaTauG1: fft 20 join  17/20  6/8 0/4
[36;22m[DEBUG] [39;1msnarkJS[0m: alphaTauG1: fft 20 join  17/20  7/8 0/4
[36;22m[DEBUG] [39;1msnarkJS[0m: alphaTauG1: fft 20 join  17/20  3/8 0/4
[36;22m[DEBUG] [39;1msnarkJS[0m: alphaTauG1: fft  20  join: 18/20
[36;22m[DEBUG] [39;1msnarkJS[0m: alphaTauG1: fft 20 join  18/20  2/4 2/8
[36;22m[DEBUG] [39;1msnarkJS[0m: alphaTauG1: fft 20 join  18/20  1/4 4/8
[36;22m[DEBUG] [39;1msnarkJS[0m: alphaTauG1: fft 20 join  18/20  1/4 6/8
[36;22m[DEBUG] [39;1msnarkJS[0m: alphaTauG1: fft 20 join  18/20  3/4 1/8
[36;22m[DEBUG] [39;1msnarkJS[0m: alphaTauG1: fft 20 join  18/20  3/4 4/8
[36;22m[DEBUG] [39;1msnarkJS[0m: alphaTauG1: fft 20 join  18/20  1/4 7/8
[36;22m[DEBUG] [39;1msnarkJS[0m: alphaTauG1: fft 20 join  18/20  3/4 7/8
[36;22m[DEBUG] [39;1msnarkJS[0m: alphaTauG1: fft 20 join  18/20  2/4 3/8
[36;22m[DEBUG] [39;1msnarkJS[0m: alphaTauG1: fft 20 join  18/20  1/4 2/8
[36;22m[DEBUG] [39;1msnarkJS[0m: alphaTauG1: fft 20 join  18/20  1/4 3/8
[36;22m[DEBUG] [39;1msnarkJS[0m: alphaTauG1: fft 20 join  18/20  2/4 1/8
[36;22m[DEBUG] [39;1msnarkJS[0m: alphaTauG1: fft 20 join  18/20  2/4 5/8
[36;22m[DEBUG] [39;1msnarkJS[0m: alphaTauG1: fft 20 join  18/20  4/4 5/8
[36;22m[DEBUG] [39;1msnarkJS[0m: alphaTauG1: fft 20 join  18/20  1/4 1/8
[36;22m[DEBUG] [39;1msnarkJS[0m: alphaTauG1: fft 20 join  18/20  2/4 4/8
[36;22m[DEBUG] [39;1msnarkJS[0m: alphaTauG1: fft 20 join  18/20  4/4 1/8
[36;22m[DEBUG] [39;1msnarkJS[0m: alphaTauG1: fft 20 join  18/20  4/4 2/8
[36;22m[DEBUG] [39;1msnarkJS[0m: alphaTauG1: fft 20 join  18/20  2/4 7/8
[36;22m[DEBUG] [39;1msnarkJS[0m: alphaTauG1: fft 20 join  18/20  4/4 7/8
[36;22m[DEBUG] [39;1msnarkJS[0m: alphaTauG1: fft 20 join  18/20  3/4 3/8
[36;22m[DEBUG] [39;1msnarkJS[0m: alphaTauG1: fft 20 join  18/20  3/4 0/8
[36;22m[DEBUG] [39;1msnarkJS[0m: alphaTauG1: fft 20 join  18/20  1/4 5/8
[36;22m[DEBUG] [39;1msnarkJS[0m: alphaTauG1: fft 20 join  18/20  1/4 0/8
[36;22m[DEBUG] [39;1msnarkJS[0m: alphaTauG1: fft 20 join  18/20  4/4 3/8
[36;22m[DEBUG] [39;1msnarkJS[0m: alphaTauG1: fft 20 join  18/20  2/4 6/8
[36;22m[DEBUG] [39;1msnarkJS[0m: alphaTauG1: fft 20 join  18/20  2/4 0/8
[36;22m[DEBUG] [39;1msnarkJS[0m: alphaTauG1: fft 20 join  18/20  3/4 2/8
[36;22m[DEBUG] [39;1msnarkJS[0m: alphaTauG1: fft 20 join  18/20  4/4 4/8
[36;22m[DEBUG] [39;1msnarkJS[0m: alphaTauG1: fft 20 join  18/20  3/4 6/8
[36;22m[DEBUG] [39;1msnarkJS[0m: alphaTauG1: fft 20 join  18/20  3/4 5/8
[36;22m[DEBUG] [39;1msnarkJS[0m: alphaTauG1: fft 20 join  18/20  4/4 0/8
[36;22m[DEBUG] [39;1msnarkJS[0m: alphaTauG1: fft 20 join  18/20  4/4 6/8
[36;22m[DEBUG] [39;1msnarkJS[0m: alphaTauG1: fft  20  join: 19/20
[36;22m[DEBUG] [39;1msnarkJS[0m: alphaTauG1: fft 20 join  19/20  1/2 0/16
[36;22m[DEBUG] [39;1msnarkJS[0m: alphaTauG1: fft 20 join  19/20  1/2 1/16
[36;22m[DEBUG] [39;1msnarkJS[0m: alphaTauG1: fft 20 join  19/20  1/2 10/16
[36;22m[DEBUG] [39;1msnarkJS[0m: alphaTauG1: fft 20 join  19/20  2/2 6/16
[36;22m[DEBUG] [39;1msnarkJS[0m: alphaTauG1: fft 20 join  19/20  1/2 7/16
[36;22m[DEBUG] [39;1msnarkJS[0m: alphaTauG1: fft 20 join  19/20  2/2 4/16
[36;22m[DEBUG] [39;1msnarkJS[0m: alphaTauG1: fft 20 join  19/20  2/2 10/16
[36;22m[DEBUG] [39;1msnarkJS[0m: alphaTauG1: fft 20 join  19/20  2/2 7/16
[36;22m[DEBUG] [39;1msnarkJS[0m: alphaTauG1: fft 20 join  19/20  1/2 6/16
[36;22m[DEBUG] [39;1msnarkJS[0m: alphaTauG1: fft 20 join  19/20  1/2 13/16
[36;22m[DEBUG] [39;1msnarkJS[0m: alphaTauG1: fft 20 join  19/20  1/2 5/16
[36;22m[DEBUG] [39;1msnarkJS[0m: alphaTauG1: fft 20 join  19/20  2/2 15/16
[36;22m[DEBUG] [39;1msnarkJS[0m: alphaTauG1: fft 20 join  19/20  1/2 3/16
[36;22m[DEBUG] [39;1msnarkJS[0m: alphaTauG1: fft 20 join  19/20  1/2 9/16
[36;22m[DEBUG] [39;1msnarkJS[0m: alphaTauG1: fft 20 join  19/20  1/2 8/16
[36;22m[DEBUG] [39;1msnarkJS[0m: alphaTauG1: fft 20 join  19/20  2/2 9/16
[36;22m[DEBUG] [39;1msnarkJS[0m: alphaTauG1: fft 20 join  19/20  1/2 2/16
[36;22m[DEBUG] [39;1msnarkJS[0m: alphaTauG1: fft 20 join  19/20  1/2 12/16
[36;22m[DEBUG] [39;1msnarkJS[0m: alphaTauG1: fft 20 join  19/20  1/2 11/16
[36;22m[DEBUG] [39;1msnarkJS[0m: alphaTauG1: fft 20 join  19/20  2/2 12/16
[36;22m[DEBUG] [39;1msnarkJS[0m: alphaTauG1: fft 20 join  19/20  2/2 5/16
[36;22m[DEBUG] [39;1msnarkJS[0m: alphaTauG1: fft 20 join  19/20  1/2 4/16
[36;22m[DEBUG] [39;1msnarkJS[0m: alphaTauG1: fft 20 join  19/20  2/2 1/16
[36;22m[DEBUG] [39;1msnarkJS[0m: alphaTauG1: fft 20 join  19/20  2/2 0/16
[36;22m[DEBUG] [39;1msnarkJS[0m: alphaTauG1: fft 20 join  19/20  2/2 2/16
[36;22m[DEBUG] [39;1msnarkJS[0m: alphaTauG1: fft 20 join  19/20  2/2 3/16
[36;22m[DEBUG] [39;1msnarkJS[0m: alphaTauG1: fft 20 join  19/20  1/2 15/16
[36;22m[DEBUG] [39;1msnarkJS[0m: alphaTauG1: fft 20 join  19/20  1/2 14/16
[36;22m[DEBUG] [39;1msnarkJS[0m: alphaTauG1: fft 20 join  19/20  2/2 11/16
[36;22m[DEBUG] [39;1msnarkJS[0m: alphaTauG1: fft 20 join  19/20  2/2 14/16
[36;22m[DEBUG] [39;1msnarkJS[0m: alphaTauG1: fft 20 join  19/20  2/2 8/16
[36;22m[DEBUG] [39;1msnarkJS[0m: alphaTauG1: fft 20 join  19/20  2/2 13/16
[36;22m[DEBUG] [39;1msnarkJS[0m: alphaTauG1: fft  20  join: 20/20
[36;22m[DEBUG] [39;1msnarkJS[0m: alphaTauG1: fft 20 join  20/20  1/1 1/32
[36;22m[DEBUG] [39;1msnarkJS[0m: alphaTauG1: fft 20 join  20/20  1/1 6/32
[36;22m[DEBUG] [39;1msnarkJS[0m: alphaTauG1: fft 20 join  20/20  1/1 10/32
[36;22m[DEBUG] [39;1msnarkJS[0m: alphaTauG1: fft 20 join  20/20  1/1 2/32
[36;22m[DEBUG] [39;1msnarkJS[0m: alphaTauG1: fft 20 join  20/20  1/1 14/32
[36;22m[DEBUG] [39;1msnarkJS[0m: alphaTauG1: fft 20 join  20/20  1/1 7/32
[36;22m[DEBUG] [39;1msnarkJS[0m: alphaTauG1: fft 20 join  20/20  1/1 23/32
[36;22m[DEBUG] [39;1msnarkJS[0m: alphaTauG1: fft 20 join  20/20  1/1 5/32
[36;22m[DEBUG] [39;1msnarkJS[0m: alphaTauG1: fft 20 join  20/20  1/1 15/32
[36;22m[DEBUG] [39;1msnarkJS[0m: alphaTauG1: fft 20 join  20/20  1/1 17/32
[36;22m[DEBUG] [39;1msnarkJS[0m: alphaTauG1: fft 20 join  20/20  1/1 21/32
[36;22m[DEBUG] [39;1msnarkJS[0m: alphaTauG1: fft 20 join  20/20  1/1 26/32
[36;22m[DEBUG] [39;1msnarkJS[0m: alphaTauG1: fft 20 join  20/20  1/1 0/32
[36;22m[DEBUG] [39;1msnarkJS[0m: alphaTauG1: fft 20 join  20/20  1/1 20/32
[36;22m[DEBUG] [39;1msnarkJS[0m: alphaTauG1: fft 20 join  20/20  1/1 4/32
[36;22m[DEBUG] [39;1msnarkJS[0m: alphaTauG1: fft 20 join  20/20  1/1 13/32
[36;22m[DEBUG] [39;1msnarkJS[0m: alphaTauG1: fft 20 join  20/20  1/1 24/32
[36;22m[DEBUG] [39;1msnarkJS[0m: alphaTauG1: fft 20 join  20/20  1/1 25/32
[36;22m[DEBUG] [39;1msnarkJS[0m: alphaTauG1: fft 20 join  20/20  1/1 27/32
[36;22m[DEBUG] [39;1msnarkJS[0m: alphaTauG1: fft 20 join  20/20  1/1 3/32
[36;22m[DEBUG] [39;1msnarkJS[0m: alphaTauG1: fft 20 join  20/20  1/1 12/32
[36;22m[DEBUG] [39;1msnarkJS[0m: alphaTauG1: fft 20 join  20/20  1/1 9/32
[36;22m[DEBUG] [39;1msnarkJS[0m: alphaTauG1: fft 20 join  20/20  1/1 31/32
[36;22m[DEBUG] [39;1msnarkJS[0m: alphaTauG1: fft 20 join  20/20  1/1 18/32
[36;22m[DEBUG] [39;1msnarkJS[0m: alphaTauG1: fft 20 join  20/20  1/1 16/32
[36;22m[DEBUG] [39;1msnarkJS[0m: alphaTauG1: fft 20 join  20/20  1/1 30/32
[36;22m[DEBUG] [39;1msnarkJS[0m: alphaTauG1: fft 20 join  20/20  1/1 29/32
[36;22m[DEBUG] [39;1msnarkJS[0m: alphaTauG1: fft 20 join  20/20  1/1 8/32
[36;22m[DEBUG] [39;1msnarkJS[0m: alphaTauG1: fft 20 join  20/20  1/1 28/32
[36;22m[DEBUG] [39;1msnarkJS[0m: alphaTauG1: fft 20 join  20/20  1/1 19/32
[36;22m[DEBUG] [39;1msnarkJS[0m: alphaTauG1: fft 20 join  20/20  1/1 11/32
[36;22m[DEBUG] [39;1msnarkJS[0m: alphaTauG1: fft 20 join  20/20  1/1 22/32
[36;22m[DEBUG] [39;1msnarkJS[0m: alphaTauG1: fft 21 mix start: 0/128
[36;22m[DEBUG] [39;1msnarkJS[0m: alphaTauG1: fft 21 mix start: 1/128
[36;22m[DEBUG] [39;1msnarkJS[0m: alphaTauG1: fft 21 mix start: 2/128
[36;22m[DEBUG] [39;1msnarkJS[0m: alphaTauG1: fft 21 mix start: 3/128
[36;22m[DEBUG] [39;1msnarkJS[0m: alphaTauG1: fft 21 mix start: 4/128
[36;22m[DEBUG] [39;1msnarkJS[0m: alphaTauG1: fft 21 mix start: 5/128
[36;22m[DEBUG] [39;1msnarkJS[0m: alphaTauG1: fft 21 mix start: 6/128
[36;22m[DEBUG] [39;1msnarkJS[0m: alphaTauG1: fft 21 mix start: 7/128
[36;22m[DEBUG] [39;1msnarkJS[0m: alphaTauG1: fft 21 mix start: 8/128
[36;22m[DEBUG] [39;1msnarkJS[0m: alphaTauG1: fft 21 mix start: 9/128
[36;22m[DEBUG] [39;1msnarkJS[0m: alphaTauG1: fft 21 mix start: 10/128
[36;22m[DEBUG] [39;1msnarkJS[0m: alphaTauG1: fft 21 mix start: 11/128
[36;22m[DEBUG] [39;1msnarkJS[0m: alphaTauG1: fft 21 mix start: 12/128
[36;22m[DEBUG] [39;1msnarkJS[0m: alphaTauG1: fft 21 mix start: 13/128
[36;22m[DEBUG] [39;1msnarkJS[0m: alphaTauG1: fft 21 mix start: 14/128
[36;22m[DEBUG] [39;1msnarkJS[0m: alphaTauG1: fft 21 mix start: 15/128
[36;22m[DEBUG] [39;1msnarkJS[0m: alphaTauG1: fft 21 mix start: 16/128
[36;22m[DEBUG] [39;1msnarkJS[0m: alphaTauG1: fft 21 mix start: 17/128
[36;22m[DEBUG] [39;1msnarkJS[0m: alphaTauG1: fft 21 mix start: 18/128
[36;22m[DEBUG] [39;1msnarkJS[0m: alphaTauG1: fft 21 mix start: 19/128
[36;22m[DEBUG] [39;1msnarkJS[0m: alphaTauG1: fft 21 mix start: 20/128
[36;22m[DEBUG] [39;1msnarkJS[0m: alphaTauG1: fft 21 mix start: 21/128
[36;22m[DEBUG] [39;1msnarkJS[0m: alphaTauG1: fft 21 mix start: 22/128
[36;22m[DEBUG] [39;1msnarkJS[0m: alphaTauG1: fft 21 mix start: 23/128
[36;22m[DEBUG] [39;1msnarkJS[0m: alphaTauG1: fft 21 mix start: 24/128
[36;22m[DEBUG] [39;1msnarkJS[0m: alphaTauG1: fft 21 mix start: 25/128
[36;22m[DEBUG] [39;1msnarkJS[0m: alphaTauG1: fft 21 mix start: 26/128
[36;22m[DEBUG] [39;1msnarkJS[0m: alphaTauG1: fft 21 mix start: 27/128
[36;22m[DEBUG] [39;1msnarkJS[0m: alphaTauG1: fft 21 mix start: 28/128
[36;22m[DEBUG] [39;1msnarkJS[0m: alphaTauG1: fft 21 mix start: 29/128
[36;22m[DEBUG] [39;1msnarkJS[0m: alphaTauG1: fft 21 mix start: 30/128
[36;22m[DEBUG] [39;1msnarkJS[0m: alphaTauG1: fft 21 mix start: 31/128
[36;22m[DEBUG] [39;1msnarkJS[0m: alphaTauG1: fft 21 mix start: 32/128
[36;22m[DEBUG] [39;1msnarkJS[0m: alphaTauG1: fft 21 mix start: 33/128
[36;22m[DEBUG] [39;1msnarkJS[0m: alphaTauG1: fft 21 mix start: 34/128
[36;22m[DEBUG] [39;1msnarkJS[0m: alphaTauG1: fft 21 mix start: 35/128
[36;22m[DEBUG] [39;1msnarkJS[0m: alphaTauG1: fft 21 mix start: 36/128
[36;22m[DEBUG] [39;1msnarkJS[0m: alphaTauG1: fft 21 mix start: 37/128
[36;22m[DEBUG] [39;1msnarkJS[0m: alphaTauG1: fft 21 mix start: 38/128
[36;22m[DEBUG] [39;1msnarkJS[0m: alphaTauG1: fft 21 mix start: 39/128
[36;22m[DEBUG] [39;1msnarkJS[0m: alphaTauG1: fft 21 mix start: 40/128
[36;22m[DEBUG] [39;1msnarkJS[0m: alphaTauG1: fft 21 mix start: 41/128
[36;22m[DEBUG] [39;1msnarkJS[0m: alphaTauG1: fft 21 mix start: 42/128
[36;22m[DEBUG] [39;1msnarkJS[0m: alphaTauG1: fft 21 mix start: 43/128
[36;22m[DEBUG] [39;1msnarkJS[0m: alphaTauG1: fft 21 mix start: 44/128
[36;22m[DEBUG] [39;1msnarkJS[0m: alphaTauG1: fft 21 mix start: 45/128
[36;22m[DEBUG] [39;1msnarkJS[0m: alphaTauG1: fft 21 mix start: 46/128
[36;22m[DEBUG] [39;1msnarkJS[0m: alphaTauG1: fft 21 mix start: 47/128
[36;22m[DEBUG] [39;1msnarkJS[0m: alphaTauG1: fft 21 mix start: 48/128
[36;22m[DEBUG] [39;1msnarkJS[0m: alphaTauG1: fft 21 mix start: 49/128
[36;22m[DEBUG] [39;1msnarkJS[0m: alphaTauG1: fft 21 mix start: 50/128
[36;22m[DEBUG] [39;1msnarkJS[0m: alphaTauG1: fft 21 mix start: 51/128
[36;22m[DEBUG] [39;1msnarkJS[0m: alphaTauG1: fft 21 mix start: 52/128
[36;22m[DEBUG] [39;1msnarkJS[0m: alphaTauG1: fft 21 mix start: 53/128
[36;22m[DEBUG] [39;1msnarkJS[0m: alphaTauG1: fft 21 mix start: 54/128
[36;22m[DEBUG] [39;1msnarkJS[0m: alphaTauG1: fft 21 mix start: 55/128
[36;22m[DEBUG] [39;1msnarkJS[0m: alphaTauG1: fft 21 mix start: 56/128
[36;22m[DEBUG] [39;1msnarkJS[0m: alphaTauG1: fft 21 mix start: 57/128
[36;22m[DEBUG] [39;1msnarkJS[0m: alphaTauG1: fft 21 mix start: 58/128
[36;22m[DEBUG] [39;1msnarkJS[0m: alphaTauG1: fft 21 mix start: 59/128
[36;22m[DEBUG] [39;1msnarkJS[0m: alphaTauG1: fft 21 mix start: 60/128
[36;22m[DEBUG] [39;1msnarkJS[0m: alphaTauG1: fft 21 mix start: 61/128
[36;22m[DEBUG] [39;1msnarkJS[0m: alphaTauG1: fft 21 mix start: 62/128
[36;22m[DEBUG] [39;1msnarkJS[0m: alphaTauG1: fft 21 mix start: 63/128
[36;22m[DEBUG] [39;1msnarkJS[0m: alphaTauG1: fft 21 mix start: 64/128
[36;22m[DEBUG] [39;1msnarkJS[0m: alphaTauG1: fft 21 mix start: 65/128
[36;22m[DEBUG] [39;1msnarkJS[0m: alphaTauG1: fft 21 mix start: 66/128
[36;22m[DEBUG] [39;1msnarkJS[0m: alphaTauG1: fft 21 mix start: 67/128
[36;22m[DEBUG] [39;1msnarkJS[0m: alphaTauG1: fft 21 mix start: 68/128
[36;22m[DEBUG] [39;1msnarkJS[0m: alphaTauG1: fft 21 mix start: 69/128
[36;22m[DEBUG] [39;1msnarkJS[0m: alphaTauG1: fft 21 mix start: 70/128
[36;22m[DEBUG] [39;1msnarkJS[0m: alphaTauG1: fft 21 mix start: 71/128
[36;22m[DEBUG] [39;1msnarkJS[0m: alphaTauG1: fft 21 mix start: 72/128
[36;22m[DEBUG] [39;1msnarkJS[0m: alphaTauG1: fft 21 mix start: 73/128
[36;22m[DEBUG] [39;1msnarkJS[0m: alphaTauG1: fft 21 mix start: 74/128
[36;22m[DEBUG] [39;1msnarkJS[0m: alphaTauG1: fft 21 mix start: 75/128
[36;22m[DEBUG] [39;1msnarkJS[0m: alphaTauG1: fft 21 mix start: 76/128
[36;22m[DEBUG] [39;1msnarkJS[0m: alphaTauG1: fft 21 mix start: 77/128
[36;22m[DEBUG] [39;1msnarkJS[0m: alphaTauG1: fft 21 mix start: 78/128
[36;22m[DEBUG] [39;1msnarkJS[0m: alphaTauG1: fft 21 mix start: 79/128
[36;22m[DEBUG] [39;1msnarkJS[0m: alphaTauG1: fft 21 mix start: 80/128
[36;22m[DEBUG] [39;1msnarkJS[0m: alphaTauG1: fft 21 mix start: 81/128
[36;22m[DEBUG] [39;1msnarkJS[0m: alphaTauG1: fft 21 mix start: 82/128
[36;22m[DEBUG] [39;1msnarkJS[0m: alphaTauG1: fft 21 mix start: 83/128
[36;22m[DEBUG] [39;1msnarkJS[0m: alphaTauG1: fft 21 mix start: 84/128
[36;22m[DEBUG] [39;1msnarkJS[0m: alphaTauG1: fft 21 mix start: 85/128
[36;22m[DEBUG] [39;1msnarkJS[0m: alphaTauG1: fft 21 mix start: 86/128
[36;22m[DEBUG] [39;1msnarkJS[0m: alphaTauG1: fft 21 mix start: 87/128
[36;22m[DEBUG] [39;1msnarkJS[0m: alphaTauG1: fft 21 mix start: 88/128
[36;22m[DEBUG] [39;1msnarkJS[0m: alphaTauG1: fft 21 mix start: 89/128
[36;22m[DEBUG] [39;1msnarkJS[0m: alphaTauG1: fft 21 mix start: 90/128
[36;22m[DEBUG] [39;1msnarkJS[0m: alphaTauG1: fft 21 mix start: 91/128
[36;22m[DEBUG] [39;1msnarkJS[0m: alphaTauG1: fft 21 mix start: 92/128
[36;22m[DEBUG] [39;1msnarkJS[0m: alphaTauG1: fft 21 mix start: 93/128
[36;22m[DEBUG] [39;1msnarkJS[0m: alphaTauG1: fft 21 mix start: 94/128
[36;22m[DEBUG] [39;1msnarkJS[0m: alphaTauG1: fft 21 mix start: 95/128
[36;22m[DEBUG] [39;1msnarkJS[0m: alphaTauG1: fft 21 mix start: 96/128
[36;22m[DEBUG] [39;1msnarkJS[0m: alphaTauG1: fft 21 mix start: 97/128
[36;22m[DEBUG] [39;1msnarkJS[0m: alphaTauG1: fft 21 mix start: 98/128
[36;22m[DEBUG] [39;1msnarkJS[0m: alphaTauG1: fft 21 mix start: 99/128
[36;22m[DEBUG] [39;1msnarkJS[0m: alphaTauG1: fft 21 mix start: 100/128
[36;22m[DEBUG] [39;1msnarkJS[0m: alphaTauG1: fft 21 mix start: 101/128
[36;22m[DEBUG] [39;1msnarkJS[0m: alphaTauG1: fft 21 mix start: 102/128
[36;22m[DEBUG] [39;1msnarkJS[0m: alphaTauG1: fft 21 mix start: 103/128
[36;22m[DEBUG] [39;1msnarkJS[0m: alphaTauG1: fft 21 mix start: 104/128
[36;22m[DEBUG] [39;1msnarkJS[0m: alphaTauG1: fft 21 mix start: 105/128
[36;22m[DEBUG] [39;1msnarkJS[0m: alphaTauG1: fft 21 mix start: 106/128
[36;22m[DEBUG] [39;1msnarkJS[0m: alphaTauG1: fft 21 mix start: 107/128
[36;22m[DEBUG] [39;1msnarkJS[0m: alphaTauG1: fft 21 mix start: 108/128
[36;22m[DEBUG] [39;1msnarkJS[0m: alphaTauG1: fft 21 mix start: 109/128
[36;22m[DEBUG] [39;1msnarkJS[0m: alphaTauG1: fft 21 mix start: 110/128
[36;22m[DEBUG] [39;1msnarkJS[0m: alphaTauG1: fft 21 mix start: 111/128
[36;22m[DEBUG] [39;1msnarkJS[0m: alphaTauG1: fft 21 mix start: 112/128
[36;22m[DEBUG] [39;1msnarkJS[0m: alphaTauG1: fft 21 mix start: 113/128
[36;22m[DEBUG] [39;1msnarkJS[0m: alphaTauG1: fft 21 mix start: 114/128
[36;22m[DEBUG] [39;1msnarkJS[0m: alphaTauG1: fft 21 mix start: 115/128
[36;22m[DEBUG] [39;1msnarkJS[0m: alphaTauG1: fft 21 mix start: 116/128
[36;22m[DEBUG] [39;1msnarkJS[0m: alphaTauG1: fft 21 mix start: 117/128
[36;22m[DEBUG] [39;1msnarkJS[0m: alphaTauG1: fft 21 mix start: 118/128
[36;22m[DEBUG] [39;1msnarkJS[0m: alphaTauG1: fft 21 mix start: 119/128
[36;22m[DEBUG] [39;1msnarkJS[0m: alphaTauG1: fft 21 mix start: 120/128
[36;22m[DEBUG] [39;1msnarkJS[0m: alphaTauG1: fft 21 mix start: 121/128
[36;22m[DEBUG] [39;1msnarkJS[0m: alphaTauG1: fft 21 mix start: 122/128
[36;22m[DEBUG] [39;1msnarkJS[0m: alphaTauG1: fft 21 mix start: 123/128
[36;22m[DEBUG] [39;1msnarkJS[0m: alphaTauG1: fft 21 mix start: 124/128
[36;22m[DEBUG] [39;1msnarkJS[0m: alphaTauG1: fft 21 mix start: 125/128
[36;22m[DEBUG] [39;1msnarkJS[0m: alphaTauG1: fft 21 mix start: 126/128
[36;22m[DEBUG] [39;1msnarkJS[0m: alphaTauG1: fft 21 mix start: 127/128
[36;22m[DEBUG] [39;1msnarkJS[0m: alphaTauG1: fft 21 mix end: 10/128
[36;22m[DEBUG] [39;1msnarkJS[0m: alphaTauG1: fft 21 mix end: 7/128
[36;22m[DEBUG] [39;1msnarkJS[0m: alphaTauG1: fft 21 mix end: 23/128
[36;22m[DEBUG] [39;1msnarkJS[0m: alphaTauG1: fft 21 mix end: 6/128
[36;22m[DEBUG] [39;1msnarkJS[0m: alphaTauG1: fft 21 mix end: 25/128
[36;22m[DEBUG] [39;1msnarkJS[0m: alphaTauG1: fft 21 mix end: 5/128
[36;22m[DEBUG] [39;1msnarkJS[0m: alphaTauG1: fft 21 mix end: 31/128
[36;22m[DEBUG] [39;1msnarkJS[0m: alphaTauG1: fft 21 mix end: 27/128
[36;22m[DEBUG] [39;1msnarkJS[0m: alphaTauG1: fft 21 mix end: 26/128
[36;22m[DEBUG] [39;1msnarkJS[0m: alphaTauG1: fft 21 mix end: 2/128
[36;22m[DEBUG] [39;1msnarkJS[0m: alphaTauG1: fft 21 mix end: 4/128
[36;22m[DEBUG] [39;1msnarkJS[0m: alphaTauG1: fft 21 mix end: 15/128
[36;22m[DEBUG] [39;1msnarkJS[0m: alphaTauG1: fft 21 mix end: 16/128
[36;22m[DEBUG] [39;1msnarkJS[0m: alphaTauG1: fft 21 mix end: 11/128
[36;22m[DEBUG] [39;1msnarkJS[0m: alphaTauG1: fft 21 mix end: 29/128
[36;22m[DEBUG] [39;1msnarkJS[0m: alphaTauG1: fft 21 mix end: 12/128
[36;22m[DEBUG] [39;1msnarkJS[0m: alphaTauG1: fft 21 mix end: 1/128
[36;22m[DEBUG] [39;1msnarkJS[0m: alphaTauG1: fft 21 mix end: 8/128
[36;22m[DEBUG] [39;1msnarkJS[0m: alphaTauG1: fft 21 mix end: 13/128
[36;22m[DEBUG] [39;1msnarkJS[0m: alphaTauG1: fft 21 mix end: 0/128
[36;22m[DEBUG] [39;1msnarkJS[0m: alphaTauG1: fft 21 mix end: 14/128
[36;22m[DEBUG] [39;1msnarkJS[0m: alphaTauG1: fft 21 mix end: 9/128
[36;22m[DEBUG] [39;1msnarkJS[0m: alphaTauG1: fft 21 mix end: 22/128
[36;22m[DEBUG] [39;1msnarkJS[0m: alphaTauG1: fft 21 mix end: 28/128
[36;22m[DEBUG] [39;1msnarkJS[0m: alphaTauG1: fft 21 mix end: 3/128
[36;22m[DEBUG] [39;1msnarkJS[0m: alphaTauG1: fft 21 mix end: 20/128
[36;22m[DEBUG] [39;1msnarkJS[0m: alphaTauG1: fft 21 mix end: 19/128
[36;22m[DEBUG] [39;1msnarkJS[0m: alphaTauG1: fft 21 mix end: 17/128
[36;22m[DEBUG] [39;1msnarkJS[0m: alphaTauG1: fft 21 mix end: 24/128
[36;22m[DEBUG] [39;1msnarkJS[0m: alphaTauG1: fft 21 mix end: 30/128
[36;22m[DEBUG] [39;1msnarkJS[0m: alphaTauG1: fft 21 mix end: 18/128
[36;22m[DEBUG] [39;1msnarkJS[0m: alphaTauG1: fft 21 mix end: 21/128
[36;22m[DEBUG] [39;1msnarkJS[0m: alphaTauG1: fft 21 mix end: 32/128
[36;22m[DEBUG] [39;1msnarkJS[0m: alphaTauG1: fft 21 mix end: 33/128
[36;22m[DEBUG] [39;1msnarkJS[0m: alphaTauG1: fft 21 mix end: 35/128
[36;22m[DEBUG] [39;1msnarkJS[0m: alphaTauG1: fft 21 mix end: 36/128
[36;22m[DEBUG] [39;1msnarkJS[0m: alphaTauG1: fft 21 mix end: 37/128
[36;22m[DEBUG] [39;1msnarkJS[0m: alphaTauG1: fft 21 mix end: 42/128
[36;22m[DEBUG] [39;1msnarkJS[0m: alphaTauG1: fft 21 mix end: 40/128
[36;22m[DEBUG] [39;1msnarkJS[0m: alphaTauG1: fft 21 mix end: 34/128
[36;22m[DEBUG] [39;1msnarkJS[0m: alphaTauG1: fft 21 mix end: 38/128
[36;22m[DEBUG] [39;1msnarkJS[0m: alphaTauG1: fft 21 mix end: 50/128
[36;22m[DEBUG] [39;1msnarkJS[0m: alphaTauG1: fft 21 mix end: 46/128
[36;22m[DEBUG] [39;1msnarkJS[0m: alphaTauG1: fft 21 mix end: 49/128
[36;22m[DEBUG] [39;1msnarkJS[0m: alphaTauG1: fft 21 mix end: 48/128
[36;22m[DEBUG] [39;1msnarkJS[0m: alphaTauG1: fft 21 mix end: 45/128
[36;22m[DEBUG] [39;1msnarkJS[0m: alphaTauG1: fft 21 mix end: 39/128
[36;22m[DEBUG] [39;1msnarkJS[0m: alphaTauG1: fft 21 mix end: 41/128
[36;22m[DEBUG] [39;1msnarkJS[0m: alphaTauG1: fft 21 mix end: 51/128
[36;22m[DEBUG] [39;1msnarkJS[0m: alphaTauG1: fft 21 mix end: 47/128
[36;22m[DEBUG] [39;1msnarkJS[0m: alphaTauG1: fft 21 mix end: 43/128
[36;22m[DEBUG] [39;1msnarkJS[0m: alphaTauG1: fft 21 mix end: 44/128
[36;22m[DEBUG] [39;1msnarkJS[0m: alphaTauG1: fft 21 mix end: 57/128
[36;22m[DEBUG] [39;1msnarkJS[0m: alphaTauG1: fft 21 mix end: 64/128
[36;22m[DEBUG] [39;1msnarkJS[0m: alphaTauG1: fft 21 mix end: 56/128
[36;22m[DEBUG] [39;1msnarkJS[0m: alphaTauG1: fft 21 mix end: 53/128
[36;22m[DEBUG] [39;1msnarkJS[0m: alphaTauG1: fft 21 mix end: 52/128
[36;22m[DEBUG] [39;1msnarkJS[0m: alphaTauG1: fft 21 mix end: 55/128
[36;22m[DEBUG] [39;1msnarkJS[0m: alphaTauG1: fft 21 mix end: 54/128
[36;22m[DEBUG] [39;1msnarkJS[0m: alphaTauG1: fft 21 mix end: 58/128
[36;22m[DEBUG] [39;1msnarkJS[0m: alphaTauG1: fft 21 mix end: 59/128
[36;22m[DEBUG] [39;1msnarkJS[0m: alphaTauG1: fft 21 mix end: 60/128
[36;22m[DEBUG] [39;1msnarkJS[0m: alphaTauG1: fft 21 mix end: 61/128
[36;22m[DEBUG] [39;1msnarkJS[0m: alphaTauG1: fft 21 mix end: 63/128
[36;22m[DEBUG] [39;1msnarkJS[0m: alphaTauG1: fft 21 mix end: 62/128
[36;22m[DEBUG] [39;1msnarkJS[0m: alphaTauG1: fft 21 mix end: 66/128
[36;22m[DEBUG] [39;1msnarkJS[0m: alphaTauG1: fft 21 mix end: 69/128
[36;22m[DEBUG] [39;1msnarkJS[0m: alphaTauG1: fft 21 mix end: 65/128
[36;22m[DEBUG] [39;1msnarkJS[0m: alphaTauG1: fft 21 mix end: 68/128
[36;22m[DEBUG] [39;1msnarkJS[0m: alphaTauG1: fft 21 mix end: 70/128
[36;22m[DEBUG] [39;1msnarkJS[0m: alphaTauG1: fft 21 mix end: 67/128
[36;22m[DEBUG] [39;1msnarkJS[0m: alphaTauG1: fft 21 mix end: 75/128
[36;22m[DEBUG] [39;1msnarkJS[0m: alphaTauG1: fft 21 mix end: 76/128
[36;22m[DEBUG] [39;1msnarkJS[0m: alphaTauG1: fft 21 mix end: 73/128
[36;22m[DEBUG] [39;1msnarkJS[0m: alphaTauG1: fft 21 mix end: 72/128
[36;22m[DEBUG] [39;1msnarkJS[0m: alphaTauG1: fft 21 mix end: 78/128
[36;22m[DEBUG] [39;1msnarkJS[0m: alphaTauG1: fft 21 mix end: 74/128
[36;22m[DEBUG] [39;1msnarkJS[0m: alphaTauG1: fft 21 mix end: 77/128
[36;22m[DEBUG] [39;1msnarkJS[0m: alphaTauG1: fft 21 mix end: 71/128
[36;22m[DEBUG] [39;1msnarkJS[0m: alphaTauG1: fft 21 mix end: 81/128
[36;22m[DEBUG] [39;1msnarkJS[0m: alphaTauG1: fft 21 mix end: 85/128
[36;22m[DEBUG] [39;1msnarkJS[0m: alphaTauG1: fft 21 mix end: 80/128
[36;22m[DEBUG] [39;1msnarkJS[0m: alphaTauG1: fft 21 mix end: 98/128
[36;22m[DEBUG] [39;1msnarkJS[0m: alphaTauG1: fft 21 mix end: 79/128
[36;22m[DEBUG] [39;1msnarkJS[0m: alphaTauG1: fft 21 mix end: 82/128
[36;22m[DEBUG] [39;1msnarkJS[0m: alphaTauG1: fft 21 mix end: 83/128
[36;22m[DEBUG] [39;1msnarkJS[0m: alphaTauG1: fft 21 mix end: 86/128
[36;22m[DEBUG] [39;1msnarkJS[0m: alphaTauG1: fft 21 mix end: 99/128
[36;22m[DEBUG] [39;1msnarkJS[0m: alphaTauG1: fft 21 mix end: 84/128
[36;22m[DEBUG] [39;1msnarkJS[0m: alphaTauG1: fft 21 mix end: 87/128
[36;22m[DEBUG] [39;1msnarkJS[0m: alphaTauG1: fft 21 mix end: 100/128
[36;22m[DEBUG] [39;1msnarkJS[0m: alphaTauG1: fft 21 mix end: 101/128
[36;22m[DEBUG] [39;1msnarkJS[0m: alphaTauG1: fft 21 mix end: 88/128
[36;22m[DEBUG] [39;1msnarkJS[0m: alphaTauG1: fft 21 mix end: 89/128
[36;22m[DEBUG] [39;1msnarkJS[0m: alphaTauG1: fft 21 mix end: 90/128
[36;22m[DEBUG] [39;1msnarkJS[0m: alphaTauG1: fft 21 mix end: 96/128
[36;22m[DEBUG] [39;1msnarkJS[0m: alphaTauG1: fft 21 mix end: 91/128
[36;22m[DEBUG] [39;1msnarkJS[0m: alphaTauG1: fft 21 mix end: 97/128
[36;22m[DEBUG] [39;1msnarkJS[0m: alphaTauG1: fft 21 mix end: 106/128
[36;22m[DEBUG] [39;1msnarkJS[0m: alphaTauG1: fft 21 mix end: 105/128
[36;22m[DEBUG] [39;1msnarkJS[0m: alphaTauG1: fft 21 mix end: 93/128
[36;22m[DEBUG] [39;1msnarkJS[0m: alphaTauG1: fft 21 mix end: 92/128
[36;22m[DEBUG] [39;1msnarkJS[0m: alphaTauG1: fft 21 mix end: 94/128
[36;22m[DEBUG] [39;1msnarkJS[0m: alphaTauG1: fft 21 mix end: 107/128
[36;22m[DEBUG] [39;1msnarkJS[0m: alphaTauG1: fft 21 mix end: 104/128
[36;22m[DEBUG] [39;1msnarkJS[0m: alphaTauG1: fft 21 mix end: 95/128
[36;22m[DEBUG] [39;1msnarkJS[0m: alphaTauG1: fft 21 mix end: 103/128
[36;22m[DEBUG] [39;1msnarkJS[0m: alphaTauG1: fft 21 mix end: 109/128
[36;22m[DEBUG] [39;1msnarkJS[0m: alphaTauG1: fft 21 mix end: 108/128
[36;22m[DEBUG] [39;1msnarkJS[0m: alphaTauG1: fft 21 mix end: 102/128
[36;22m[DEBUG] [39;1msnarkJS[0m: alphaTauG1: fft 21 mix end: 112/128
[36;22m[DEBUG] [39;1msnarkJS[0m: alphaTauG1: fft 21 mix end: 110/128
[36;22m[DEBUG] [39;1msnarkJS[0m: alphaTauG1: fft 21 mix end: 111/128
[36;22m[DEBUG] [39;1msnarkJS[0m: alphaTauG1: fft 21 mix end: 113/128
[36;22m[DEBUG] [39;1msnarkJS[0m: alphaTauG1: fft 21 mix end: 114/128
[36;22m[DEBUG] [39;1msnarkJS[0m: alphaTauG1: fft 21 mix end: 117/128
[36;22m[DEBUG] [39;1msnarkJS[0m: alphaTauG1: fft 21 mix end: 115/128
[36;22m[DEBUG] [39;1msnarkJS[0m: alphaTauG1: fft 21 mix end: 119/128
[36;22m[DEBUG] [39;1msnarkJS[0m: alphaTauG1: fft 21 mix end: 116/128
[36;22m[DEBUG] [39;1msnarkJS[0m: alphaTauG1: fft 21 mix end: 120/128
[36;22m[DEBUG] [39;1msnarkJS[0m: alphaTauG1: fft 21 mix end: 118/128
[36;22m[DEBUG] [39;1msnarkJS[0m: alphaTauG1: fft 21 mix end: 122/128
[36;22m[DEBUG] [39;1msnarkJS[0m: alphaTauG1: fft 21 mix end: 121/128
[36;22m[DEBUG] [39;1msnarkJS[0m: alphaTauG1: fft 21 mix end: 123/128
[36;22m[DEBUG] [39;1msnarkJS[0m: alphaTauG1: fft 21 mix end: 125/128
[36;22m[DEBUG] [39;1msnarkJS[0m: alphaTauG1: fft 21 mix end: 127/128
[36;22m[DEBUG] [39;1msnarkJS[0m: alphaTauG1: fft 21 mix end: 126/128
[36;22m[DEBUG] [39;1msnarkJS[0m: alphaTauG1: fft 21 mix end: 124/128
[36;22m[DEBUG] [39;1msnarkJS[0m: alphaTauG1: fft  21  join: 15/21
[36;22m[DEBUG] [39;1msnarkJS[0m: alphaTauG1: fft 21 join  15/21  17/64 0/1
[36;22m[DEBUG] [39;1msnarkJS[0m: alphaTauG1: fft 21 join  15/21  14/64 0/1
[36;22m[DEBUG] [39;1msnarkJS[0m: alphaTauG1: fft 21 join  15/21  4/64 0/1
[36;22m[DEBUG] [39;1msnarkJS[0m: alphaTauG1: fft 21 join  15/21  8/64 0/1
[36;22m[DEBUG] [39;1msnarkJS[0m: alphaTauG1: fft 21 join  15/21  5/64 0/1
[36;22m[DEBUG] [39;1msnarkJS[0m: alphaTauG1: fft 21 join  15/21  31/64 0/1
[36;22m[DEBUG] [39;1msnarkJS[0m: alphaTauG1: fft 21 join  15/21  13/64 0/1
[36;22m[DEBUG] [39;1msnarkJS[0m: alphaTauG1: fft 21 join  15/21  22/64 0/1
[36;22m[DEBUG] [39;1msnarkJS[0m: alphaTauG1: fft 21 join  15/21  7/64 0/1
[36;22m[DEBUG] [39;1msnarkJS[0m: alphaTauG1: fft 21 join  15/21  11/64 0/1
[36;22m[DEBUG] [39;1msnarkJS[0m: alphaTauG1: fft 21 join  15/21  6/64 0/1
[36;22m[DEBUG] [39;1msnarkJS[0m: alphaTauG1: fft 21 join  15/21  27/64 0/1
[36;22m[DEBUG] [39;1msnarkJS[0m: alphaTauG1: fft 21 join  15/21  15/64 0/1
[36;22m[DEBUG] [39;1msnarkJS[0m: alphaTauG1: fft 21 join  15/21  12/64 0/1
[36;22m[DEBUG] [39;1msnarkJS[0m: alphaTauG1: fft 21 join  15/21  29/64 0/1
[36;22m[DEBUG] [39;1msnarkJS[0m: alphaTauG1: fft 21 join  15/21  18/64 0/1
[36;22m[DEBUG] [39;1msnarkJS[0m: alphaTauG1: fft 21 join  15/21  30/64 0/1
[36;22m[DEBUG] [39;1msnarkJS[0m: alphaTauG1: fft 21 join  15/21  16/64 0/1
[36;22m[DEBUG] [39;1msnarkJS[0m: alphaTauG1: fft 21 join  15/21  10/64 0/1
[36;22m[DEBUG] [39;1msnarkJS[0m: alphaTauG1: fft 21 join  15/21  9/64 0/1
[36;22m[DEBUG] [39;1msnarkJS[0m: alphaTauG1: fft 21 join  15/21  20/64 0/1
[36;22m[DEBUG] [39;1msnarkJS[0m: alphaTauG1: fft 21 join  15/21  28/64 0/1
[36;22m[DEBUG] [39;1msnarkJS[0m: alphaTauG1: fft 21 join  15/21  21/64 0/1
[36;22m[DEBUG] [39;1msnarkJS[0m: alphaTauG1: fft 21 join  15/21  19/64 0/1
[36;22m[DEBUG] [39;1msnarkJS[0m: alphaTauG1: fft 21 join  15/21  23/64 0/1
[36;22m[DEBUG] [39;1msnarkJS[0m: alphaTauG1: fft 21 join  15/21  24/64 0/1
[36;22m[DEBUG] [39;1msnarkJS[0m: alphaTauG1: fft 21 join  15/21  2/64 0/1
[36;22m[DEBUG] [39;1msnarkJS[0m: alphaTauG1: fft 21 join  15/21  26/64 0/1
[36;22m[DEBUG] [39;1msnarkJS[0m: alphaTauG1: fft 21 join  15/21  1/64 0/1
[36;22m[DEBUG] [39;1msnarkJS[0m: alphaTauG1: fft 21 join  15/21  3/64 0/1
[36;22m[DEBUG] [39;1msnarkJS[0m: alphaTauG1: fft 21 join  15/21  25/64 0/1
[36;22m[DEBUG] [39;1msnarkJS[0m: alphaTauG1: fft 21 join  15/21  32/64 0/1
[36;22m[DEBUG] [39;1msnarkJS[0m: alphaTauG1: fft 21 join  15/21  33/64 0/1
[36;22m[DEBUG] [39;1msnarkJS[0m: alphaTauG1: fft 21 join  15/21  37/64 0/1
[36;22m[DEBUG] [39;1msnarkJS[0m: alphaTauG1: fft 21 join  15/21  36/64 0/1
[36;22m[DEBUG] [39;1msnarkJS[0m: alphaTauG1: fft 21 join  15/21  39/64 0/1
[36;22m[DEBUG] [39;1msnarkJS[0m: alphaTauG1: fft 21 join  15/21  40/64 0/1
[36;22m[DEBUG] [39;1msnarkJS[0m: alphaTauG1: fft 21 join  15/21  41/64 0/1
[36;22m[DEBUG] [39;1msnarkJS[0m: alphaTauG1: fft 21 join  15/21  44/64 0/1
[36;22m[DEBUG] [39;1msnarkJS[0m: alphaTauG1: fft 21 join  15/21  38/64 0/1
[36;22m[DEBUG] [39;1msnarkJS[0m: alphaTauG1: fft 21 join  15/21  35/64 0/1
[36;22m[DEBUG] [39;1msnarkJS[0m: alphaTauG1: fft 21 join  15/21  42/64 0/1
[36;22m[DEBUG] [39;1msnarkJS[0m: alphaTauG1: fft 21 join  15/21  34/64 0/1
[36;22m[DEBUG] [39;1msnarkJS[0m: alphaTauG1: fft 21 join  15/21  43/64 0/1
[36;22m[DEBUG] [39;1msnarkJS[0m: alphaTauG1: fft 21 join  15/21  45/64 0/1
[36;22m[DEBUG] [39;1msnarkJS[0m: alphaTauG1: fft 21 join  15/21  48/64 0/1
[36;22m[DEBUG] [39;1msnarkJS[0m: alphaTauG1: fft 21 join  15/21  57/64 0/1
[36;22m[DEBUG] [39;1msnarkJS[0m: alphaTauG1: fft 21 join  15/21  53/64 0/1
[36;22m[DEBUG] [39;1msnarkJS[0m: alphaTauG1: fft 21 join  15/21  51/64 0/1
[36;22m[DEBUG] [39;1msnarkJS[0m: alphaTauG1: fft 21 join  15/21  52/64 0/1
[36;22m[DEBUG] [39;1msnarkJS[0m: alphaTauG1: fft 21 join  15/21  64/64 0/1
[36;22m[DEBUG] [39;1msnarkJS[0m: alphaTauG1: fft 21 join  15/21  47/64 0/1
[36;22m[DEBUG] [39;1msnarkJS[0m: alphaTauG1: fft 21 join  15/21  46/64 0/1
[36;22m[DEBUG] [39;1msnarkJS[0m: alphaTauG1: fft 21 join  15/21  50/64 0/1
[36;22m[DEBUG] [39;1msnarkJS[0m: alphaTauG1: fft 21 join  15/21  59/64 0/1
[36;22m[DEBUG] [39;1msnarkJS[0m: alphaTauG1: fft 21 join  15/21  54/64 0/1
[36;22m[DEBUG] [39;1msnarkJS[0m: alphaTauG1: fft 21 join  15/21  63/64 0/1
[36;22m[DEBUG] [39;1msnarkJS[0m: alphaTauG1: fft 21 join  15/21  49/64 0/1
[36;22m[DEBUG] [39;1msnarkJS[0m: alphaTauG1: fft 21 join  15/21  55/64 0/1
[36;22m[DEBUG] [39;1msnarkJS[0m: alphaTauG1: fft 21 join  15/21  58/64 0/1
[36;22m[DEBUG] [39;1msnarkJS[0m: alphaTauG1: fft 21 join  15/21  61/64 0/1
[36;22m[DEBUG] [39;1msnarkJS[0m: alphaTauG1: fft 21 join  15/21  62/64 0/1
[36;22m[DEBUG] [39;1msnarkJS[0m: alphaTauG1: fft 21 join  15/21  56/64 0/1
[36;22m[DEBUG] [39;1msnarkJS[0m: alphaTauG1: fft 21 join  15/21  60/64 0/1
[36;22m[DEBUG] [39;1msnarkJS[0m: alphaTauG1: fft  21  join: 16/21
[36;22m[DEBUG] [39;1msnarkJS[0m: alphaTauG1: fft 21 join  16/21  6/32 0/2
[36;22m[DEBUG] [39;1msnarkJS[0m: alphaTauG1: fft 21 join  16/21  4/32 1/2
[36;22m[DEBUG] [39;1msnarkJS[0m: alphaTauG1: fft 21 join  16/21  4/32 0/2
[36;22m[DEBUG] [39;1msnarkJS[0m: alphaTauG1: fft 21 join  16/21  13/32 1/2
[36;22m[DEBUG] [39;1msnarkJS[0m: alphaTauG1: fft 21 join  16/21  1/32 1/2
[36;22m[DEBUG] [39;1msnarkJS[0m: alphaTauG1: fft 21 join  16/21  14/32 0/2
[36;22m[DEBUG] [39;1msnarkJS[0m: alphaTauG1: fft 21 join  16/21  12/32 0/2
[36;22m[DEBUG] [39;1msnarkJS[0m: alphaTauG1: fft 21 join  16/21  6/32 1/2
[36;22m[DEBUG] [39;1msnarkJS[0m: alphaTauG1: fft 21 join  16/21  2/32 1/2
[36;22m[DEBUG] [39;1msnarkJS[0m: alphaTauG1: fft 21 join  16/21  1/32 0/2
[36;22m[DEBUG] [39;1msnarkJS[0m: alphaTauG1: fft 21 join  16/21  3/32 1/2
[36;22m[DEBUG] [39;1msnarkJS[0m: alphaTauG1: fft 21 join  16/21  16/32 0/2
[36;22m[DEBUG] [39;1msnarkJS[0m: alphaTauG1: fft 21 join  16/21  8/32 0/2
[36;22m[DEBUG] [39;1msnarkJS[0m: alphaTauG1: fft 21 join  16/21  14/32 1/2
[36;22m[DEBUG] [39;1msnarkJS[0m: alphaTauG1: fft 21 join  16/21  11/32 1/2
[36;22m[DEBUG] [39;1msnarkJS[0m: alphaTauG1: fft 21 join  16/21  10/32 0/2
[36;22m[DEBUG] [39;1msnarkJS[0m: alphaTauG1: fft 21 join  16/21  12/32 1/2
[36;22m[DEBUG] [39;1msnarkJS[0m: alphaTauG1: fft 21 join  16/21  5/32 1/2
[36;22m[DEBUG] [39;1msnarkJS[0m: alphaTauG1: fft 21 join  16/21  3/32 0/2
[36;22m[DEBUG] [39;1msnarkJS[0m: alphaTauG1: fft 21 join  16/21  7/32 1/2
[36;22m[DEBUG] [39;1msnarkJS[0m: alphaTauG1: fft 21 join  16/21  2/32 0/2
[36;22m[DEBUG] [39;1msnarkJS[0m: alphaTauG1: fft 21 join  16/21  5/32 0/2
[36;22m[DEBUG] [39;1msnarkJS[0m: alphaTauG1: fft 21 join  16/21  8/32 1/2
[36;22m[DEBUG] [39;1msnarkJS[0m: alphaTauG1: fft 21 join  16/21  9/32 0/2
[36;22m[DEBUG] [39;1msnarkJS[0m: alphaTauG1: fft 21 join  16/21  9/32 1/2
[36;22m[DEBUG] [39;1msnarkJS[0m: alphaTauG1: fft 21 join  16/21  10/32 1/2
[36;22m[DEBUG] [39;1msnarkJS[0m: alphaTauG1: fft 21 join  16/21  11/32 0/2
[36;22m[DEBUG] [39;1msnarkJS[0m: alphaTauG1: fft 21 join  16/21  15/32 0/2
[36;22m[DEBUG] [39;1msnarkJS[0m: alphaTauG1: fft 21 join  16/21  15/32 1/2
[36;22m[DEBUG] [39;1msnarkJS[0m: alphaTauG1: fft 21 join  16/21  13/32 0/2
[36;22m[DEBUG] [39;1msnarkJS[0m: alphaTauG1: fft 21 join  16/21  7/32 0/2
[36;22m[DEBUG] [39;1msnarkJS[0m: alphaTauG1: fft 21 join  16/21  16/32 1/2
[36;22m[DEBUG] [39;1msnarkJS[0m: alphaTauG1: fft 21 join  16/21  17/32 0/2
[36;22m[DEBUG] [39;1msnarkJS[0m: alphaTauG1: fft 21 join  16/21  17/32 1/2
[36;22m[DEBUG] [39;1msnarkJS[0m: alphaTauG1: fft 21 join  16/21  18/32 1/2
[36;22m[DEBUG] [39;1msnarkJS[0m: alphaTauG1: fft 21 join  16/21  19/32 1/2
[36;22m[DEBUG] [39;1msnarkJS[0m: alphaTauG1: fft 21 join  16/21  19/32 0/2
[36;22m[DEBUG] [39;1msnarkJS[0m: alphaTauG1: fft 21 join  16/21  22/32 1/2
[36;22m[DEBUG] [39;1msnarkJS[0m: alphaTauG1: fft 21 join  16/21  18/32 0/2
[36;22m[DEBUG] [39;1msnarkJS[0m: alphaTauG1: fft 21 join  16/21  21/32 1/2
[36;22m[DEBUG] [39;1msnarkJS[0m: alphaTauG1: fft 21 join  16/21  24/32 1/2
[36;22m[DEBUG] [39;1msnarkJS[0m: alphaTauG1: fft 21 join  16/21  20/32 1/2
[36;22m[DEBUG] [39;1msnarkJS[0m: alphaTauG1: fft 21 join  16/21  20/32 0/2
[36;22m[DEBUG] [39;1msnarkJS[0m: alphaTauG1: fft 21 join  16/21  23/32 1/2
[36;22m[DEBUG] [39;1msnarkJS[0m: alphaTauG1: fft 21 join  16/21  21/32 0/2
[36;22m[DEBUG] [39;1msnarkJS[0m: alphaTauG1: fft 21 join  16/21  24/32 0/2
[36;22m[DEBUG] [39;1msnarkJS[0m: alphaTauG1: fft 21 join  16/21  26/32 1/2
[36;22m[DEBUG] [39;1msnarkJS[0m: alphaTauG1: fft 21 join  16/21  22/32 0/2
[36;22m[DEBUG] [39;1msnarkJS[0m: alphaTauG1: fft 21 join  16/21  31/32 1/2
[36;22m[DEBUG] [39;1msnarkJS[0m: alphaTauG1: fft 21 join  16/21  23/32 0/2
[36;22m[DEBUG] [39;1msnarkJS[0m: alphaTauG1: fft 21 join  16/21  27/32 0/2
[36;22m[DEBUG] [39;1msnarkJS[0m: alphaTauG1: fft 21 join  16/21  28/32 1/2
[36;22m[DEBUG] [39;1msnarkJS[0m: alphaTauG1: fft 21 join  16/21  25/32 0/2
[36;22m[DEBUG] [39;1msnarkJS[0m: alphaTauG1: fft 21 join  16/21  27/32 1/2
[36;22m[DEBUG] [39;1msnarkJS[0m: alphaTauG1: fft 21 join  16/21  28/32 0/2
[36;22m[DEBUG] [39;1msnarkJS[0m: alphaTauG1: fft 21 join  16/21  32/32 1/2
[36;22m[DEBUG] [39;1msnarkJS[0m: alphaTauG1: fft 21 join  16/21  29/32 1/2
[36;22m[DEBUG] [39;1msnarkJS[0m: alphaTauG1: fft 21 join  16/21  32/32 0/2
[36;22m[DEBUG] [39;1msnarkJS[0m: alphaTauG1: fft 21 join  16/21  29/32 0/2
[36;22m[DEBUG] [39;1msnarkJS[0m: alphaTauG1: fft 21 join  16/21  30/32 1/2
[36;22m[DEBUG] [39;1msnarkJS[0m: alphaTauG1: fft 21 join  16/21  25/32 1/2
[36;22m[DEBUG] [39;1msnarkJS[0m: alphaTauG1: fft 21 join  16/21  26/32 0/2
[36;22m[DEBUG] [39;1msnarkJS[0m: alphaTauG1: fft 21 join  16/21  31/32 0/2
[36;22m[DEBUG] [39;1msnarkJS[0m: alphaTauG1: fft 21 join  16/21  30/32 0/2
[36;22m[DEBUG] [39;1msnarkJS[0m: alphaTauG1: fft  21  join: 17/21
[36;22m[DEBUG] [39;1msnarkJS[0m: alphaTauG1: fft 21 join  17/21  2/16 2/4
[36;22m[DEBUG] [39;1msnarkJS[0m: alphaTauG1: fft 21 join  17/21  5/16 1/4
[36;22m[DEBUG] [39;1msnarkJS[0m: alphaTauG1: fft 21 join  17/21  8/16 2/4
[36;22m[DEBUG] [39;1msnarkJS[0m: alphaTauG1: fft 21 join  17/21  2/16 3/4
[36;22m[DEBUG] [39;1msnarkJS[0m: alphaTauG1: fft 21 join  17/21  5/16 2/4
[36;22m[DEBUG] [39;1msnarkJS[0m: alphaTauG1: fft 21 join  17/21  6/16 2/4
[36;22m[DEBUG] [39;1msnarkJS[0m: alphaTauG1: fft 21 join  17/21  1/16 0/4
[36;22m[DEBUG] [39;1msnarkJS[0m: alphaTauG1: fft 21 join  17/21  1/16 3/4
[36;22m[DEBUG] [39;1msnarkJS[0m: alphaTauG1: fft 21 join  17/21  7/16 2/4
[36;22m[DEBUG] [39;1msnarkJS[0m: alphaTauG1: fft 21 join  17/21  3/16 1/4
[36;22m[DEBUG] [39;1msnarkJS[0m: alphaTauG1: fft 21 join  17/21  1/16 1/4
[36;22m[DEBUG] [39;1msnarkJS[0m: alphaTauG1: fft 21 join  17/21  8/16 0/4
[36;22m[DEBUG] [39;1msnarkJS[0m: alphaTauG1: fft 21 join  17/21  4/16 3/4
[36;22m[DEBUG] [39;1msnarkJS[0m: alphaTauG1: fft 21 join  17/21  2/16 1/4
[36;22m[DEBUG] [39;1msnarkJS[0m: alphaTauG1: fft 21 join  17/21  3/16 2/4
[36;22m[DEBUG] [39;1msnarkJS[0m: alphaTauG1: fft 21 join  17/21  8/16 1/4
[36;22m[DEBUG] [39;1msnarkJS[0m: alphaTauG1: fft 21 join  17/21  7/16 0/4
[36;22m[DEBUG] [39;1msnarkJS[0m: alphaTauG1: fft 21 join  17/21  4/16 1/4
[36;22m[DEBUG] [39;1msnarkJS[0m: alphaTauG1: fft 21 join  17/21  1/16 2/4
[36;22m[DEBUG] [39;1msnarkJS[0m: alphaTauG1: fft 21 join  17/21  6/16 0/4
[36;22m[DEBUG] [39;1msnarkJS[0m: alphaTauG1: fft 21 join  17/21  7/16 3/4
[36;22m[DEBUG] [39;1msnarkJS[0m: alphaTauG1: fft 21 join  17/21  3/16 3/4
[36;22m[DEBUG] [39;1msnarkJS[0m: alphaTauG1: fft 21 join  17/21  7/16 1/4
[36;22m[DEBUG] [39;1msnarkJS[0m: alphaTauG1: fft 21 join  17/21  6/16 3/4
[36;22m[DEBUG] [39;1msnarkJS[0m: alphaTauG1: fft 21 join  17/21  3/16 0/4
[36;22m[DEBUG] [39;1msnarkJS[0m: alphaTauG1: fft 21 join  17/21  5/16 3/4
[36;22m[DEBUG] [39;1msnarkJS[0m: alphaTauG1: fft 21 join  17/21  5/16 0/4
[36;22m[DEBUG] [39;1msnarkJS[0m: alphaTauG1: fft 21 join  17/21  4/16 0/4
[36;22m[DEBUG] [39;1msnarkJS[0m: alphaTauG1: fft 21 join  17/21  8/16 3/4
[36;22m[DEBUG] [39;1msnarkJS[0m: alphaTauG1: fft 21 join  17/21  2/16 0/4
[36;22m[DEBUG] [39;1msnarkJS[0m: alphaTauG1: fft 21 join  17/21  6/16 1/4
[36;22m[DEBUG] [39;1msnarkJS[0m: alphaTauG1: fft 21 join  17/21  4/16 2/4
[36;22m[DEBUG] [39;1msnarkJS[0m: alphaTauG1: fft 21 join  17/21  9/16 0/4
[36;22m[DEBUG] [39;1msnarkJS[0m: alphaTauG1: fft 21 join  17/21  9/16 2/4
[36;22m[DEBUG] [39;1msnarkJS[0m: alphaTauG1: fft 21 join  17/21  9/16 3/4
[36;22m[DEBUG] [39;1msnarkJS[0m: alphaTauG1: fft 21 join  17/21  9/16 1/4
[36;22m[DEBUG] [39;1msnarkJS[0m: alphaTauG1: fft 21 join  17/21  10/16 2/4
[36;22m[DEBUG] [39;1msnarkJS[0m: alphaTauG1: fft 21 join  17/21  11/16 1/4
[36;22m[DEBUG] [39;1msnarkJS[0m: alphaTauG1: fft 21 join  17/21  11/16 0/4
[36;22m[DEBUG] [39;1msnarkJS[0m: alphaTauG1: fft 21 join  17/21  11/16 3/4
[36;22m[DEBUG] [39;1msnarkJS[0m: alphaTauG1: fft 21 join  17/21  11/16 2/4
[36;22m[DEBUG] [39;1msnarkJS[0m: alphaTauG1: fft 21 join  17/21  12/16 3/4
[36;22m[DEBUG] [39;1msnarkJS[0m: alphaTauG1: fft 21 join  17/21  12/16 1/4
[36;22m[DEBUG] [39;1msnarkJS[0m: alphaTauG1: fft 21 join  17/21  13/16 2/4
[36;22m[DEBUG] [39;1msnarkJS[0m: alphaTauG1: fft 21 join  17/21  10/16 1/4
[36;22m[DEBUG] [39;1msnarkJS[0m: alphaTauG1: fft 21 join  17/21  10/16 3/4
[36;22m[DEBUG] [39;1msnarkJS[0m: alphaTauG1: fft 21 join  17/21  12/16 2/4
[36;22m[DEBUG] [39;1msnarkJS[0m: alphaTauG1: fft 21 join  17/21  10/16 0/4
[36;22m[DEBUG] [39;1msnarkJS[0m: alphaTauG1: fft 21 join  17/21  13/16 1/4
[36;22m[DEBUG] [39;1msnarkJS[0m: alphaTauG1: fft 21 join  17/21  14/16 2/4
[36;22m[DEBUG] [39;1msnarkJS[0m: alphaTauG1: fft 21 join  17/21  14/16 1/4
[36;22m[DEBUG] [39;1msnarkJS[0m: alphaTauG1: fft 21 join  17/21  16/16 3/4
[36;22m[DEBUG] [39;1msnarkJS[0m: alphaTauG1: fft 21 join  17/21  13/16 0/4
[36;22m[DEBUG] [39;1msnarkJS[0m: alphaTauG1: fft 21 join  17/21  12/16 0/4
[36;22m[DEBUG] [39;1msnarkJS[0m: alphaTauG1: fft 21 join  17/21  15/16 1/4
[36;22m[DEBUG] [39;1msnarkJS[0m: alphaTauG1: fft 21 join  17/21  15/16 3/4
[36;22m[DEBUG] [39;1msnarkJS[0m: alphaTauG1: fft 21 join  17/21  13/16 3/4
[36;22m[DEBUG] [39;1msnarkJS[0m: alphaTauG1: fft 21 join  17/21  15/16 0/4
[36;22m[DEBUG] [39;1msnarkJS[0m: alphaTauG1: fft 21 join  17/21  16/16 2/4
[36;22m[DEBUG] [39;1msnarkJS[0m: alphaTauG1: fft 21 join  17/21  14/16 0/4
[36;22m[DEBUG] [39;1msnarkJS[0m: alphaTauG1: fft 21 join  17/21  16/16 1/4
[36;22m[DEBUG] [39;1msnarkJS[0m: alphaTauG1: fft 21 join  17/21  15/16 2/4
[36;22m[DEBUG] [39;1msnarkJS[0m: alphaTauG1: fft 21 join  17/21  16/16 0/4
[36;22m[DEBUG] [39;1msnarkJS[0m: alphaTauG1: fft 21 join  17/21  14/16 3/4
[36;22m[DEBUG] [39;1msnarkJS[0m: alphaTauG1: fft  21  join: 18/21
[36;22m[DEBUG] [39;1msnarkJS[0m: alphaTauG1: fft 21 join  18/21  1/8 6/8
[36;22m[DEBUG] [39;1msnarkJS[0m: alphaTauG1: fft 21 join  18/21  2/8 2/8
[36;22m[DEBUG] [39;1msnarkJS[0m: alphaTauG1: fft 21 join  18/21  4/8 5/8
[36;22m[DEBUG] [39;1msnarkJS[0m: alphaTauG1: fft 21 join  18/21  2/8 3/8
[36;22m[DEBUG] [39;1msnarkJS[0m: alphaTauG1: fft 21 join  18/21  3/8 2/8
[36;22m[DEBUG] [39;1msnarkJS[0m: alphaTauG1: fft 21 join  18/21  3/8 6/8
[36;22m[DEBUG] [39;1msnarkJS[0m: alphaTauG1: fft 21 join  18/21  3/8 1/8
[36;22m[DEBUG] [39;1msnarkJS[0m: alphaTauG1: fft 21 join  18/21  2/8 7/8
[36;22m[DEBUG] [39;1msnarkJS[0m: alphaTauG1: fft 21 join  18/21  1/8 2/8
[36;22m[DEBUG] [39;1msnarkJS[0m: alphaTauG1: fft 21 join  18/21  2/8 6/8
[36;22m[DEBUG] [39;1msnarkJS[0m: alphaTauG1: fft 21 join  18/21  1/8 5/8
[36;22m[DEBUG] [39;1msnarkJS[0m: alphaTauG1: fft 21 join  18/21  3/8 4/8
[36;22m[DEBUG] [39;1msnarkJS[0m: alphaTauG1: fft 21 join  18/21  4/8 0/8
[36;22m[DEBUG] [39;1msnarkJS[0m: alphaTauG1: fft 21 join  18/21  2/8 0/8
[36;22m[DEBUG] [39;1msnarkJS[0m: alphaTauG1: fft 21 join  18/21  4/8 1/8
[36;22m[DEBUG] [39;1msnarkJS[0m: alphaTauG1: fft 21 join  18/21  1/8 7/8
[36;22m[DEBUG] [39;1msnarkJS[0m: alphaTauG1: fft 21 join  18/21  4/8 4/8
[36;22m[DEBUG] [39;1msnarkJS[0m: alphaTauG1: fft 21 join  18/21  1/8 3/8
[36;22m[DEBUG] [39;1msnarkJS[0m: alphaTauG1: fft 21 join  18/21  4/8 3/8
[36;22m[DEBUG] [39;1msnarkJS[0m: alphaTauG1: fft 21 join  18/21  1/8 1/8
[36;22m[DEBUG] [39;1msnarkJS[0m: alphaTauG1: fft 21 join  18/21  4/8 2/8
[36;22m[DEBUG] [39;1msnarkJS[0m: alphaTauG1: fft 21 join  18/21  3/8 3/8
[36;22m[DEBUG] [39;1msnarkJS[0m: alphaTauG1: fft 21 join  18/21  3/8 5/8
[36;22m[DEBUG] [39;1msnarkJS[0m: alphaTauG1: fft 21 join  18/21  3/8 7/8
[36;22m[DEBUG] [39;1msnarkJS[0m: alphaTauG1: fft 21 join  18/21  4/8 6/8
[36;22m[DEBUG] [39;1msnarkJS[0m: alphaTauG1: fft 21 join  18/21  2/8 4/8
[36;22m[DEBUG] [39;1msnarkJS[0m: alphaTauG1: fft 21 join  18/21  2/8 5/8
[36;22m[DEBUG] [39;1msnarkJS[0m: alphaTauG1: fft 21 join  18/21  3/8 0/8
[36;22m[DEBUG] [39;1msnarkJS[0m: alphaTauG1: fft 21 join  18/21  1/8 4/8
[36;22m[DEBUG] [39;1msnarkJS[0m: alphaTauG1: fft 21 join  18/21  1/8 0/8
[36;22m[DEBUG] [39;1msnarkJS[0m: alphaTauG1: fft 21 join  18/21  4/8 7/8
[36;22m[DEBUG] [39;1msnarkJS[0m: alphaTauG1: fft 21 join  18/21  2/8 1/8
[36;22m[DEBUG] [39;1msnarkJS[0m: alphaTauG1: fft 21 join  18/21  5/8 0/8
[36;22m[DEBUG] [39;1msnarkJS[0m: alphaTauG1: fft 21 join  18/21  5/8 1/8
[36;22m[DEBUG] [39;1msnarkJS[0m: alphaTauG1: fft 21 join  18/21  5/8 2/8
[36;22m[DEBUG] [39;1msnarkJS[0m: alphaTauG1: fft 21 join  18/21  5/8 4/8
[36;22m[DEBUG] [39;1msnarkJS[0m: alphaTauG1: fft 21 join  18/21  5/8 7/8
[36;22m[DEBUG] [39;1msnarkJS[0m: alphaTauG1: fft 21 join  18/21  5/8 3/8
[36;22m[DEBUG] [39;1msnarkJS[0m: alphaTauG1: fft 21 join  18/21  5/8 6/8
[36;22m[DEBUG] [39;1msnarkJS[0m: alphaTauG1: fft 21 join  18/21  6/8 3/8
[36;22m[DEBUG] [39;1msnarkJS[0m: alphaTauG1: fft 21 join  18/21  6/8 5/8
[36;22m[DEBUG] [39;1msnarkJS[0m: alphaTauG1: fft 21 join  18/21  6/8 2/8
[36;22m[DEBUG] [39;1msnarkJS[0m: alphaTauG1: fft 21 join  18/21  6/8 6/8
[36;22m[DEBUG] [39;1msnarkJS[0m: alphaTauG1: fft 21 join  18/21  6/8 4/8
[36;22m[DEBUG] [39;1msnarkJS[0m: alphaTauG1: fft 21 join  18/21  5/8 5/8
[36;22m[DEBUG] [39;1msnarkJS[0m: alphaTauG1: fft 21 join  18/21  6/8 1/8
[36;22m[DEBUG] [39;1msnarkJS[0m: alphaTauG1: fft 21 join  18/21  6/8 0/8
[36;22m[DEBUG] [39;1msnarkJS[0m: alphaTauG1: fft 21 join  18/21  7/8 1/8
[36;22m[DEBUG] [39;1msnarkJS[0m: alphaTauG1: fft 21 join  18/21  7/8 0/8
[36;22m[DEBUG] [39;1msnarkJS[0m: alphaTauG1: fft 21 join  18/21  8/8 5/8
[36;22m[DEBUG] [39;1msnarkJS[0m: alphaTauG1: fft 21 join  18/21  8/8 2/8
[36;22m[DEBUG] [39;1msnarkJS[0m: alphaTauG1: fft 21 join  18/21  8/8 1/8
[36;22m[DEBUG] [39;1msnarkJS[0m: alphaTauG1: fft 21 join  18/21  7/8 3/8
[36;22m[DEBUG] [39;1msnarkJS[0m: alphaTauG1: fft 21 join  18/21  7/8 6/8
[36;22m[DEBUG] [39;1msnarkJS[0m: alphaTauG1: fft 21 join  18/21  8/8 0/8
[36;22m[DEBUG] [39;1msnarkJS[0m: alphaTauG1: fft 21 join  18/21  7/8 7/8
[36;22m[DEBUG] [39;1msnarkJS[0m: alphaTauG1: fft 21 join  18/21  6/8 7/8
[36;22m[DEBUG] [39;1msnarkJS[0m: alphaTauG1: fft 21 join  18/21  7/8 4/8
[36;22m[DEBUG] [39;1msnarkJS[0m: alphaTauG1: fft 21 join  18/21  7/8 5/8
[36;22m[DEBUG] [39;1msnarkJS[0m: alphaTauG1: fft 21 join  18/21  8/8 3/8
[36;22m[DEBUG] [39;1msnarkJS[0m: alphaTauG1: fft 21 join  18/21  7/8 2/8
[36;22m[DEBUG] [39;1msnarkJS[0m: alphaTauG1: fft 21 join  18/21  8/8 4/8
[36;22m[DEBUG] [39;1msnarkJS[0m: alphaTauG1: fft 21 join  18/21  8/8 6/8
[36;22m[DEBUG] [39;1msnarkJS[0m: alphaTauG1: fft 21 join  18/21  8/8 7/8
[36;22m[DEBUG] [39;1msnarkJS[0m: alphaTauG1: fft  21  join: 19/21
[36;22m[DEBUG] [39;1msnarkJS[0m: alphaTauG1: fft 21 join  19/21  1/4 6/16
[36;22m[DEBUG] [39;1msnarkJS[0m: alphaTauG1: fft 21 join  19/21  2/4 1/16
[36;22m[DEBUG] [39;1msnarkJS[0m: alphaTauG1: fft 21 join  19/21  1/4 14/16
[36;22m[DEBUG] [39;1msnarkJS[0m: alphaTauG1: fft 21 join  19/21  1/4 2/16
[36;22m[DEBUG] [39;1msnarkJS[0m: alphaTauG1: fft 21 join  19/21  1/4 15/16
[36;22m[DEBUG] [39;1msnarkJS[0m: alphaTauG1: fft 21 join  19/21  2/4 2/16
[36;22m[DEBUG] [39;1msnarkJS[0m: alphaTauG1: fft 21 join  19/21  1/4 12/16
[36;22m[DEBUG] [39;1msnarkJS[0m: alphaTauG1: fft 21 join  19/21  1/4 11/16
[36;22m[DEBUG] [39;1msnarkJS[0m: alphaTauG1: fft 21 join  19/21  2/4 0/16
[36;22m[DEBUG] [39;1msnarkJS[0m: alphaTauG1: fft 21 join  19/21  1/4 10/16
[36;22m[DEBUG] [39;1msnarkJS[0m: alphaTauG1: fft 21 join  19/21  1/4 3/16
[36;22m[DEBUG] [39;1msnarkJS[0m: alphaTauG1: fft 21 join  19/21  1/4 0/16
[36;22m[DEBUG] [39;1msnarkJS[0m: alphaTauG1: fft 21 join  19/21  2/4 4/16
[36;22m[DEBUG] [39;1msnarkJS[0m: alphaTauG1: fft 21 join  19/21  1/4 7/16
[36;22m[DEBUG] [39;1msnarkJS[0m: alphaTauG1: fft 21 join  19/21  1/4 5/16
[36;22m[DEBUG] [39;1msnarkJS[0m: alphaTauG1: fft 21 join  19/21  2/4 9/16
[36;22m[DEBUG] [39;1msnarkJS[0m: alphaTauG1: fft 21 join  19/21  1/4 1/16
[36;22m[DEBUG] [39;1msnarkJS[0m: alphaTauG1: fft 21 join  19/21  2/4 11/16
[36;22m[DEBUG] [39;1msnarkJS[0m: alphaTauG1: fft 21 join  19/21  2/4 8/16
[36;22m[DEBUG] [39;1msnarkJS[0m: alphaTauG1: fft 21 join  19/21  2/4 13/16
[36;22m[DEBUG] [39;1msnarkJS[0m: alphaTauG1: fft 21 join  19/21  1/4 9/16
[36;22m[DEBUG] [39;1msnarkJS[0m: alphaTauG1: fft 21 join  19/21  1/4 13/16
[36;22m[DEBUG] [39;1msnarkJS[0m: alphaTauG1: fft 21 join  19/21  1/4 8/16
[36;22m[DEBUG] [39;1msnarkJS[0m: alphaTauG1: fft 21 join  19/21  2/4 3/16
[36;22m[DEBUG] [39;1msnarkJS[0m: alphaTauG1: fft 21 join  19/21  2/4 5/16
[36;22m[DEBUG] [39;1msnarkJS[0m: alphaTauG1: fft 21 join  19/21  2/4 7/16
[36;22m[DEBUG] [39;1msnarkJS[0m: alphaTauG1: fft 21 join  19/21  2/4 10/16
[36;22m[DEBUG] [39;1msnarkJS[0m: alphaTauG1: fft 21 join  19/21  2/4 15/16
[36;22m[DEBUG] [39;1msnarkJS[0m: alphaTauG1: fft 21 join  19/21  2/4 6/16
[36;22m[DEBUG] [39;1msnarkJS[0m: alphaTauG1: fft 21 join  19/21  2/4 14/16
[36;22m[DEBUG] [39;1msnarkJS[0m: alphaTauG1: fft 21 join  19/21  1/4 4/16
[36;22m[DEBUG] [39;1msnarkJS[0m: alphaTauG1: fft 21 join  19/21  2/4 12/16
[36;22m[DEBUG] [39;1msnarkJS[0m: alphaTauG1: fft 21 join  19/21  3/4 4/16
[36;22m[DEBUG] [39;1msnarkJS[0m: alphaTauG1: fft 21 join  19/21  3/4 6/16
[36;22m[DEBUG] [39;1msnarkJS[0m: alphaTauG1: fft 21 join  19/21  3/4 5/16
[36;22m[DEBUG] [39;1msnarkJS[0m: alphaTauG1: fft 21 join  19/21  3/4 3/16
[36;22m[DEBUG] [39;1msnarkJS[0m: alphaTauG1: fft 21 join  19/21  3/4 0/16
[36;22m[DEBUG] [39;1msnarkJS[0m: alphaTauG1: fft 21 join  19/21  3/4 1/16
[36;22m[DEBUG] [39;1msnarkJS[0m: alphaTauG1: fft 21 join  19/21  3/4 7/16
[36;22m[DEBUG] [39;1msnarkJS[0m: alphaTauG1: fft 21 join  19/21  3/4 12/16
[36;22m[DEBUG] [39;1msnarkJS[0m: alphaTauG1: fft 21 join  19/21  3/4 10/16
[36;22m[DEBUG] [39;1msnarkJS[0m: alphaTauG1: fft 21 join  19/21  3/4 2/16
[36;22m[DEBUG] [39;1msnarkJS[0m: alphaTauG1: fft 21 join  19/21  3/4 15/16
[36;22m[DEBUG] [39;1msnarkJS[0m: alphaTauG1: fft 21 join  19/21  3/4 14/16
[36;22m[DEBUG] [39;1msnarkJS[0m: alphaTauG1: fft 21 join  19/21  4/4 1/16
[36;22m[DEBUG] [39;1msnarkJS[0m: alphaTauG1: fft 21 join  19/21  3/4 9/16
[36;22m[DEBUG] [39;1msnarkJS[0m: alphaTauG1: fft 21 join  19/21  4/4 3/16
[36;22m[DEBUG] [39;1msnarkJS[0m: alphaTauG1: fft 21 join  19/21  3/4 11/16
[36;22m[DEBUG] [39;1msnarkJS[0m: alphaTauG1: fft 21 join  19/21  4/4 5/16
[36;22m[DEBUG] [39;1msnarkJS[0m: alphaTauG1: fft 21 join  19/21  3/4 8/16
[36;22m[DEBUG] [39;1msnarkJS[0m: alphaTauG1: fft 21 join  19/21  4/4 12/16
[36;22m[DEBUG] [39;1msnarkJS[0m: alphaTauG1: fft 21 join  19/21  3/4 13/16
[36;22m[DEBUG] [39;1msnarkJS[0m: alphaTauG1: fft 21 join  19/21  4/4 4/16
[36;22m[DEBUG] [39;1msnarkJS[0m: alphaTauG1: fft 21 join  19/21  4/4 8/16
[36;22m[DEBUG] [39;1msnarkJS[0m: alphaTauG1: fft 21 join  19/21  4/4 15/16
[36;22m[DEBUG] [39;1msnarkJS[0m: alphaTauG1: fft 21 join  19/21  4/4 0/16
[36;22m[DEBUG] [39;1msnarkJS[0m: alphaTauG1: fft 21 join  19/21  4/4 7/16
[36;22m[DEBUG] [39;1msnarkJS[0m: alphaTauG1: fft 21 join  19/21  4/4 6/16
[36;22m[DEBUG] [39;1msnarkJS[0m: alphaTauG1: fft 21 join  19/21  4/4 10/16
[36;22m[DEBUG] [39;1msnarkJS[0m: alphaTauG1: fft 21 join  19/21  4/4 13/16
[36;22m[DEBUG] [39;1msnarkJS[0m: alphaTauG1: fft 21 join  19/21  4/4 2/16
[36;22m[DEBUG] [39;1msnarkJS[0m: alphaTauG1: fft 21 join  19/21  4/4 14/16
[36;22m[DEBUG] [39;1msnarkJS[0m: alphaTauG1: fft 21 join  19/21  4/4 11/16
[36;22m[DEBUG] [39;1msnarkJS[0m: alphaTauG1: fft 21 join  19/21  4/4 9/16
[36;22m[DEBUG] [39;1msnarkJS[0m: alphaTauG1: fft  21  join: 20/21
[36;22m[DEBUG] [39;1msnarkJS[0m: alphaTauG1: fft 21 join  20/21  1/2 3/32
[36;22m[DEBUG] [39;1msnarkJS[0m: alphaTauG1: fft 21 join  20/21  1/2 8/32
[36;22m[DEBUG] [39;1msnarkJS[0m: alphaTauG1: fft 21 join  20/21  1/2 13/32
[36;22m[DEBUG] [39;1msnarkJS[0m: alphaTauG1: fft 21 join  20/21  1/2 18/32
[36;22m[DEBUG] [39;1msnarkJS[0m: alphaTauG1: fft 21 join  20/21  1/2 6/32
[36;22m[DEBUG] [39;1msnarkJS[0m: alphaTauG1: fft 21 join  20/21  1/2 29/32
[36;22m[DEBUG] [39;1msnarkJS[0m: alphaTauG1: fft 21 join  20/21  1/2 7/32
[36;22m[DEBUG] [39;1msnarkJS[0m: alphaTauG1: fft 21 join  20/21  1/2 12/32
[36;22m[DEBUG] [39;1msnarkJS[0m: alphaTauG1: fft 21 join  20/21  1/2 24/32
[36;22m[DEBUG] [39;1msnarkJS[0m: alphaTauG1: fft 21 join  20/21  1/2 2/32
[36;22m[DEBUG] [39;1msnarkJS[0m: alphaTauG1: fft 21 join  20/21  1/2 17/32
[36;22m[DEBUG] [39;1msnarkJS[0m: alphaTauG1: fft 21 join  20/21  1/2 14/32
[36;22m[DEBUG] [39;1msnarkJS[0m: alphaTauG1: fft 21 join  20/21  1/2 5/32
[36;22m[DEBUG] [39;1msnarkJS[0m: alphaTauG1: fft 21 join  20/21  1/2 27/32
[36;22m[DEBUG] [39;1msnarkJS[0m: alphaTauG1: fft 21 join  20/21  1/2 28/32
[36;22m[DEBUG] [39;1msnarkJS[0m: alphaTauG1: fft 21 join  20/21  1/2 26/32
[36;22m[DEBUG] [39;1msnarkJS[0m: alphaTauG1: fft 21 join  20/21  1/2 11/32
[36;22m[DEBUG] [39;1msnarkJS[0m: alphaTauG1: fft 21 join  20/21  1/2 0/32
[36;22m[DEBUG] [39;1msnarkJS[0m: alphaTauG1: fft 21 join  20/21  1/2 22/32
[36;22m[DEBUG] [39;1msnarkJS[0m: alphaTauG1: fft 21 join  20/21  1/2 30/32
[36;22m[DEBUG] [39;1msnarkJS[0m: alphaTauG1: fft 21 join  20/21  1/2 31/32
[36;22m[DEBUG] [39;1msnarkJS[0m: alphaTauG1: fft 21 join  20/21  1/2 9/32
[36;22m[DEBUG] [39;1msnarkJS[0m: alphaTauG1: fft 21 join  20/21  1/2 4/32
[36;22m[DEBUG] [39;1msnarkJS[0m: alphaTauG1: fft 21 join  20/21  1/2 10/32
[36;22m[DEBUG] [39;1msnarkJS[0m: alphaTauG1: fft 21 join  20/21  1/2 15/32
[36;22m[DEBUG] [39;1msnarkJS[0m: alphaTauG1: fft 21 join  20/21  1/2 19/32
[36;22m[DEBUG] [39;1msnarkJS[0m: alphaTauG1: fft 21 join  20/21  1/2 21/32
[36;22m[DEBUG] [39;1msnarkJS[0m: alphaTauG1: fft 21 join  20/21  1/2 23/32
[36;22m[DEBUG] [39;1msnarkJS[0m: alphaTauG1: fft 21 join  20/21  1/2 25/32
[36;22m[DEBUG] [39;1msnarkJS[0m: alphaTauG1: fft 21 join  20/21  1/2 1/32
[36;22m[DEBUG] [39;1msnarkJS[0m: alphaTauG1: fft 21 join  20/21  1/2 20/32
[36;22m[DEBUG] [39;1msnarkJS[0m: alphaTauG1: fft 21 join  20/21  1/2 16/32
[36;22m[DEBUG] [39;1msnarkJS[0m: alphaTauG1: fft 21 join  20/21  2/2 3/32
[36;22m[DEBUG] [39;1msnarkJS[0m: alphaTauG1: fft 21 join  20/21  2/2 2/32
[36;22m[DEBUG] [39;1msnarkJS[0m: alphaTauG1: fft 21 join  20/21  2/2 7/32
[36;22m[DEBUG] [39;1msnarkJS[0m: alphaTauG1: fft 21 join  20/21  2/2 5/32
[36;22m[DEBUG] [39;1msnarkJS[0m: alphaTauG1: fft 21 join  20/21  2/2 6/32
[36;22m[DEBUG] [39;1msnarkJS[0m: alphaTauG1: fft 21 join  20/21  2/2 4/32
[36;22m[DEBUG] [39;1msnarkJS[0m: alphaTauG1: fft 21 join  20/21  2/2 1/32
[36;22m[DEBUG] [39;1msnarkJS[0m: alphaTauG1: fft 21 join  20/21  2/2 0/32
[36;22m[DEBUG] [39;1msnarkJS[0m: alphaTauG1: fft 21 join  20/21  2/2 11/32
[36;22m[DEBUG] [39;1msnarkJS[0m: alphaTauG1: fft 21 join  20/21  2/2 14/32
[36;22m[DEBUG] [39;1msnarkJS[0m: alphaTauG1: fft 21 join  20/21  2/2 18/32
[36;22m[DEBUG] [39;1msnarkJS[0m: alphaTauG1: fft 21 join  20/21  2/2 17/32
[36;22m[DEBUG] [39;1msnarkJS[0m: alphaTauG1: fft 21 join  20/21  2/2 19/32
[36;22m[DEBUG] [39;1msnarkJS[0m: alphaTauG1: fft 21 join  20/21  2/2 8/32
[36;22m[DEBUG] [39;1msnarkJS[0m: alphaTauG1: fft 21 join  20/21  2/2 9/32
[36;22m[DEBUG] [39;1msnarkJS[0m: alphaTauG1: fft 21 join  20/21  2/2 13/32
[36;22m[DEBUG] [39;1msnarkJS[0m: alphaTauG1: fft 21 join  20/21  2/2 31/32
[36;22m[DEBUG] [39;1msnarkJS[0m: alphaTauG1: fft 21 join  20/21  2/2 21/32
[36;22m[DEBUG] [39;1msnarkJS[0m: alphaTauG1: fft 21 join  20/21  2/2 10/32
[36;22m[DEBUG] [39;1msnarkJS[0m: alphaTauG1: fft 21 join  20/21  2/2 30/32
[36;22m[DEBUG] [39;1msnarkJS[0m: alphaTauG1: fft 21 join  20/21  2/2 20/32
[36;22m[DEBUG] [39;1msnarkJS[0m: alphaTauG1: fft 21 join  20/21  2/2 26/32
[36;22m[DEBUG] [39;1msnarkJS[0m: alphaTauG1: fft 21 join  20/21  2/2 29/32
[36;22m[DEBUG] [39;1msnarkJS[0m: alphaTauG1: fft 21 join  20/21  2/2 25/32
[36;22m[DEBUG] [39;1msnarkJS[0m: alphaTauG1: fft 21 join  20/21  2/2 28/32
[36;22m[DEBUG] [39;1msnarkJS[0m: alphaTauG1: fft 21 join  20/21  2/2 12/32
[36;22m[DEBUG] [39;1msnarkJS[0m: alphaTauG1: fft 21 join  20/21  2/2 16/32
[36;22m[DEBUG] [39;1msnarkJS[0m: alphaTauG1: fft 21 join  20/21  2/2 24/32
[36;22m[DEBUG] [39;1msnarkJS[0m: alphaTauG1: fft 21 join  20/21  2/2 27/32
[36;22m[DEBUG] [39;1msnarkJS[0m: alphaTauG1: fft 21 join  20/21  2/2 15/32
[36;22m[DEBUG] [39;1msnarkJS[0m: alphaTauG1: fft 21 join  20/21  2/2 23/32
[36;22m[DEBUG] [39;1msnarkJS[0m: alphaTauG1: fft 21 join  20/21  2/2 22/32
[36;22m[DEBUG] [39;1msnarkJS[0m: alphaTauG1: fft  21  join: 21/21
[36;22m[DEBUG] [39;1msnarkJS[0m: alphaTauG1: fft 21 join  21/21  1/1 20/64
[36;22m[DEBUG] [39;1msnarkJS[0m: alphaTauG1: fft 21 join  21/21  1/1 17/64
[36;22m[DEBUG] [39;1msnarkJS[0m: alphaTauG1: fft 21 join  21/21  1/1 3/64
[36;22m[DEBUG] [39;1msnarkJS[0m: alphaTauG1: fft 21 join  21/21  1/1 27/64
[36;22m[DEBUG] [39;1msnarkJS[0m: alphaTauG1: fft 21 join  21/21  1/1 14/64
[36;22m[DEBUG] [39;1msnarkJS[0m: alphaTauG1: fft 21 join  21/21  1/1 15/64
[36;22m[DEBUG] [39;1msnarkJS[0m: alphaTauG1: fft 21 join  21/21  1/1 30/64
[36;22m[DEBUG] [39;1msnarkJS[0m: alphaTauG1: fft 21 join  21/21  1/1 6/64
[36;22m[DEBUG] [39;1msnarkJS[0m: alphaTauG1: fft 21 join  21/21  1/1 9/64
[36;22m[DEBUG] [39;1msnarkJS[0m: alphaTauG1: fft 21 join  21/21  1/1 4/64
[36;22m[DEBUG] [39;1msnarkJS[0m: alphaTauG1: fft 21 join  21/21  1/1 13/64
[36;22m[DEBUG] [39;1msnarkJS[0m: alphaTauG1: fft 21 join  21/21  1/1 28/64
[36;22m[DEBUG] [39;1msnarkJS[0m: alphaTauG1: fft 21 join  21/21  1/1 22/64
[36;22m[DEBUG] [39;1msnarkJS[0m: alphaTauG1: fft 21 join  21/21  1/1 2/64
[36;22m[DEBUG] [39;1msnarkJS[0m: alphaTauG1: fft 21 join  21/21  1/1 26/64
[36;22m[DEBUG] [39;1msnarkJS[0m: alphaTauG1: fft 21 join  21/21  1/1 11/64
[36;22m[DEBUG] [39;1msnarkJS[0m: alphaTauG1: fft 21 join  21/21  1/1 10/64
[36;22m[DEBUG] [39;1msnarkJS[0m: alphaTauG1: fft 21 join  21/21  1/1 8/64
[36;22m[DEBUG] [39;1msnarkJS[0m: alphaTauG1: fft 21 join  21/21  1/1 24/64
[36;22m[DEBUG] [39;1msnarkJS[0m: alphaTauG1: fft 21 join  21/21  1/1 31/64
[36;22m[DEBUG] [39;1msnarkJS[0m: alphaTauG1: fft 21 join  21/21  1/1 25/64
[36;22m[DEBUG] [39;1msnarkJS[0m: alphaTauG1: fft 21 join  21/21  1/1 18/64
[36;22m[DEBUG] [39;1msnarkJS[0m: alphaTauG1: fft 21 join  21/21  1/1 21/64
[36;22m[DEBUG] [39;1msnarkJS[0m: alphaTauG1: fft 21 join  21/21  1/1 7/64
[36;22m[DEBUG] [39;1msnarkJS[0m: alphaTauG1: fft 21 join  21/21  1/1 29/64
[36;22m[DEBUG] [39;1msnarkJS[0m: alphaTauG1: fft 21 join  21/21  1/1 1/64
[36;22m[DEBUG] [39;1msnarkJS[0m: alphaTauG1: fft 21 join  21/21  1/1 5/64
[36;22m[DEBUG] [39;1msnarkJS[0m: alphaTauG1: fft 21 join  21/21  1/1 0/64
[36;22m[DEBUG] [39;1msnarkJS[0m: alphaTauG1: fft 21 join  21/21  1/1 12/64
[36;22m[DEBUG] [39;1msnarkJS[0m: alphaTauG1: fft 21 join  21/21  1/1 16/64
[36;22m[DEBUG] [39;1msnarkJS[0m: alphaTauG1: fft 21 join  21/21  1/1 19/64
[36;22m[DEBUG] [39;1msnarkJS[0m: alphaTauG1: fft 21 join  21/21  1/1 23/64
[36;22m[DEBUG] [39;1msnarkJS[0m: alphaTauG1: fft 21 join  21/21  1/1 32/64
[36;22m[DEBUG] [39;1msnarkJS[0m: alphaTauG1: fft 21 join  21/21  1/1 42/64
[36;22m[DEBUG] [39;1msnarkJS[0m: alphaTauG1: fft 21 join  21/21  1/1 37/64
[36;22m[DEBUG] [39;1msnarkJS[0m: alphaTauG1: fft 21 join  21/21  1/1 35/64
[36;22m[DEBUG] [39;1msnarkJS[0m: alphaTauG1: fft 21 join  21/21  1/1 44/64
[36;22m[DEBUG] [39;1msnarkJS[0m: alphaTauG1: fft 21 join  21/21  1/1 33/64
[36;22m[DEBUG] [39;1msnarkJS[0m: alphaTauG1: fft 21 join  21/21  1/1 38/64
[36;22m[DEBUG] [39;1msnarkJS[0m: alphaTauG1: fft 21 join  21/21  1/1 40/64
[36;22m[DEBUG] [39;1msnarkJS[0m: alphaTauG1: fft 21 join  21/21  1/1 41/64
[36;22m[DEBUG] [39;1msnarkJS[0m: alphaTauG1: fft 21 join  21/21  1/1 46/64
[36;22m[DEBUG] [39;1msnarkJS[0m: alphaTauG1: fft 21 join  21/21  1/1 43/64
[36;22m[DEBUG] [39;1msnarkJS[0m: alphaTauG1: fft 21 join  21/21  1/1 51/64
[36;22m[DEBUG] [39;1msnarkJS[0m: alphaTauG1: fft 21 join  21/21  1/1 45/64
[36;22m[DEBUG] [39;1msnarkJS[0m: alphaTauG1: fft 21 join  21/21  1/1 34/64
[36;22m[DEBUG] [39;1msnarkJS[0m: alphaTauG1: fft 21 join  21/21  1/1 39/64
[36;22m[DEBUG] [39;1msnarkJS[0m: alphaTauG1: fft 21 join  21/21  1/1 36/64
[36;22m[DEBUG] [39;1msnarkJS[0m: alphaTauG1: fft 21 join  21/21  1/1 60/64
[36;22m[DEBUG] [39;1msnarkJS[0m: alphaTauG1: fft 21 join  21/21  1/1 52/64
[36;22m[DEBUG] [39;1msnarkJS[0m: alphaTauG1: fft 21 join  21/21  1/1 49/64
[36;22m[DEBUG] [39;1msnarkJS[0m: alphaTauG1: fft 21 join  21/21  1/1 57/64
[36;22m[DEBUG] [39;1msnarkJS[0m: alphaTauG1: fft 21 join  21/21  1/1 61/64
[36;22m[DEBUG] [39;1msnarkJS[0m: alphaTauG1: fft 21 join  21/21  1/1 47/64
[36;22m[DEBUG] [39;1msnarkJS[0m: alphaTauG1: fft 21 join  21/21  1/1 56/64
[36;22m[DEBUG] [39;1msnarkJS[0m: alphaTauG1: fft 21 join  21/21  1/1 48/64
[36;22m[DEBUG] [39;1msnarkJS[0m: alphaTauG1: fft 21 join  21/21  1/1 54/64
[36;22m[DEBUG] [39;1msnarkJS[0m: alphaTauG1: fft 21 join  21/21  1/1 55/64
[36;22m[DEBUG] [39;1msnarkJS[0m: alphaTauG1: fft 21 join  21/21  1/1 63/64
[36;22m[DEBUG] [39;1msnarkJS[0m: alphaTauG1: fft 21 join  21/21  1/1 50/64
[36;22m[DEBUG] [39;1msnarkJS[0m: alphaTauG1: fft 21 join  21/21  1/1 62/64
[36;22m[DEBUG] [39;1msnarkJS[0m: alphaTauG1: fft 21 join  21/21  1/1 53/64
[36;22m[DEBUG] [39;1msnarkJS[0m: alphaTauG1: fft 21 join  21/21  1/1 59/64
[36;22m[DEBUG] [39;1msnarkJS[0m: alphaTauG1: fft 21 join  21/21  1/1 58/64
[36;22m[DEBUG] [39;1msnarkJS[0m: Starting section: betaTauG1
[36;22m[DEBUG] [39;1msnarkJS[0m: betaTauG1: fft 0 mix start: 0/1
[36;22m[DEBUG] [39;1msnarkJS[0m: betaTauG1: fft 0 mix end: 0/1
[36;22m[DEBUG] [39;1msnarkJS[0m: betaTauG1: fft 1 mix start: 0/1
[36;22m[DEBUG] [39;1msnarkJS[0m: betaTauG1: fft 1 mix end: 0/1
[36;22m[DEBUG] [39;1msnarkJS[0m: betaTauG1: fft 2 mix start: 0/1
[36;22m[DEBUG] [39;1msnarkJS[0m: betaTauG1: fft 2 mix end: 0/1
[36;22m[DEBUG] [39;1msnarkJS[0m: betaTauG1: fft 3 mix start: 0/1
[36;22m[DEBUG] [39;1msnarkJS[0m: betaTauG1: fft 3 mix end: 0/1
[36;22m[DEBUG] [39;1msnarkJS[0m: betaTauG1: fft 4 mix start: 0/2
[36;22m[DEBUG] [39;1msnarkJS[0m: betaTauG1: fft 4 mix start: 1/2
[36;22m[DEBUG] [39;1msnarkJS[0m: betaTauG1: fft 4 mix end: 0/2
[36;22m[DEBUG] [39;1msnarkJS[0m: betaTauG1: fft 4 mix end: 1/2
[36;22m[DEBUG] [39;1msnarkJS[0m: betaTauG1: fft  4  join: 4/4
[36;22m[DEBUG] [39;1msnarkJS[0m: betaTauG1: fft 4 join  4/4  1/1 0/1
[36;22m[DEBUG] [39;1msnarkJS[0m: betaTauG1: fft 5 mix start: 0/4
[36;22m[DEBUG] [39;1msnarkJS[0m: betaTauG1: fft 5 mix start: 1/4
[36;22m[DEBUG] [39;1msnarkJS[0m: betaTauG1: fft 5 mix start: 2/4
[36;22m[DEBUG] [39;1msnarkJS[0m: betaTauG1: fft 5 mix start: 3/4
[36;22m[DEBUG] [39;1msnarkJS[0m: betaTauG1: fft 5 mix end: 1/4
[36;22m[DEBUG] [39;1msnarkJS[0m: betaTauG1: fft 5 mix end: 0/4
[36;22m[DEBUG] [39;1msnarkJS[0m: betaTauG1: fft 5 mix end: 3/4
[36;22m[DEBUG] [39;1msnarkJS[0m: betaTauG1: fft 5 mix end: 2/4
[36;22m[DEBUG] [39;1msnarkJS[0m: betaTauG1: fft  5  join: 4/5
[36;22m[DEBUG] [39;1msnarkJS[0m: betaTauG1: fft 5 join  4/5  1/2 0/1
[36;22m[DEBUG] [39;1msnarkJS[0m: betaTauG1: fft 5 join  4/5  2/2 0/1
[36;22m[DEBUG] [39;1msnarkJS[0m: betaTauG1: fft  5  join: 5/5
[36;22m[DEBUG] [39;1msnarkJS[0m: betaTauG1: fft 5 join  5/5  1/1 0/2
[36;22m[DEBUG] [39;1msnarkJS[0m: betaTauG1: fft 5 join  5/5  1/1 1/2
[36;22m[DEBUG] [39;1msnarkJS[0m: betaTauG1: fft 6 mix start: 0/8
[36;22m[DEBUG] [39;1msnarkJS[0m: betaTauG1: fft 6 mix start: 1/8
[36;22m[DEBUG] [39;1msnarkJS[0m: betaTauG1: fft 6 mix start: 2/8
[36;22m[DEBUG] [39;1msnarkJS[0m: betaTauG1: fft 6 mix start: 3/8
[36;22m[DEBUG] [39;1msnarkJS[0m: betaTauG1: fft 6 mix start: 4/8
[36;22m[DEBUG] [39;1msnarkJS[0m: betaTauG1: fft 6 mix start: 5/8
[36;22m[DEBUG] [39;1msnarkJS[0m: betaTauG1: fft 6 mix start: 6/8
[36;22m[DEBUG] [39;1msnarkJS[0m: betaTauG1: fft 6 mix start: 7/8
[36;22m[DEBUG] [39;1msnarkJS[0m: betaTauG1: fft 6 mix end: 0/8
[36;22m[DEBUG] [39;1msnarkJS[0m: betaTauG1: fft 6 mix end: 5/8
[36;22m[DEBUG] [39;1msnarkJS[0m: betaTauG1: fft 6 mix end: 1/8
[36;22m[DEBUG] [39;1msnarkJS[0m: betaTauG1: fft 6 mix end: 2/8
[36;22m[DEBUG] [39;1msnarkJS[0m: betaTauG1: fft 6 mix end: 3/8
[36;22m[DEBUG] [39;1msnarkJS[0m: betaTauG1: fft 6 mix end: 4/8
[36;22m[DEBUG] [39;1msnarkJS[0m: betaTauG1: fft 6 mix end: 7/8
[36;22m[DEBUG] [39;1msnarkJS[0m: betaTauG1: fft 6 mix end: 6/8
[36;22m[DEBUG] [39;1msnarkJS[0m: betaTauG1: fft  6  join: 4/6
[36;22m[DEBUG] [39;1msnarkJS[0m: betaTauG1: fft 6 join  4/6  1/4 0/1
[36;22m[DEBUG] [39;1msnarkJS[0m: betaTauG1: fft 6 join  4/6  2/4 0/1
[36;22m[DEBUG] [39;1msnarkJS[0m: betaTauG1: fft 6 join  4/6  3/4 0/1
[36;22m[DEBUG] [39;1msnarkJS[0m: betaTauG1: fft 6 join  4/6  4/4 0/1
[36;22m[DEBUG] [39;1msnarkJS[0m: betaTauG1: fft  6  join: 5/6
[36;22m[DEBUG] [39;1msnarkJS[0m: betaTauG1: fft 6 join  5/6  1/2 0/2
[36;22m[DEBUG] [39;1msnarkJS[0m: betaTauG1: fft 6 join  5/6  2/2 0/2
[36;22m[DEBUG] [39;1msnarkJS[0m: betaTauG1: fft 6 join  5/6  1/2 1/2
[36;22m[DEBUG] [39;1msnarkJS[0m: betaTauG1: fft 6 join  5/6  2/2 1/2
[36;22m[DEBUG] [39;1msnarkJS[0m: betaTauG1: fft  6  join: 6/6
[36;22m[DEBUG] [39;1msnarkJS[0m: betaTauG1: fft 6 join  6/6  1/1 0/4
[36;22m[DEBUG] [39;1msnarkJS[0m: betaTauG1: fft 6 join  6/6  1/1 1/4
[36;22m[DEBUG] [39;1msnarkJS[0m: betaTauG1: fft 6 join  6/6  1/1 2/4
[36;22m[DEBUG] [39;1msnarkJS[0m: betaTauG1: fft 6 join  6/6  1/1 3/4
[36;22m[DEBUG] [39;1msnarkJS[0m: betaTauG1: fft 7 mix start: 0/16
[36;22m[DEBUG] [39;1msnarkJS[0m: betaTauG1: fft 7 mix start: 1/16
[36;22m[DEBUG] [39;1msnarkJS[0m: betaTauG1: fft 7 mix start: 2/16
[36;22m[DEBUG] [39;1msnarkJS[0m: betaTauG1: fft 7 mix start: 3/16
[36;22m[DEBUG] [39;1msnarkJS[0m: betaTauG1: fft 7 mix start: 4/16
[36;22m[DEBUG] [39;1msnarkJS[0m: betaTauG1: fft 7 mix start: 5/16
[36;22m[DEBUG] [39;1msnarkJS[0m: betaTauG1: fft 7 mix start: 6/16
[36;22m[DEBUG] [39;1msnarkJS[0m: betaTauG1: fft 7 mix start: 7/16
[36;22m[DEBUG] [39;1msnarkJS[0m: betaTauG1: fft 7 mix start: 8/16
[36;22m[DEBUG] [39;1msnarkJS[0m: betaTauG1: fft 7 mix start: 9/16
[36;22m[DEBUG] [39;1msnarkJS[0m: betaTauG1: fft 7 mix start: 10/16
[36;22m[DEBUG] [39;1msnarkJS[0m: betaTauG1: fft 7 mix start: 11/16
[36;22m[DEBUG] [39;1msnarkJS[0m: betaTauG1: fft 7 mix start: 12/16
[36;22m[DEBUG] [39;1msnarkJS[0m: betaTauG1: fft 7 mix start: 13/16
[36;22m[DEBUG] [39;1msnarkJS[0m: betaTauG1: fft 7 mix start: 14/16
[36;22m[DEBUG] [39;1msnarkJS[0m: betaTauG1: fft 7 mix start: 15/16
[36;22m[DEBUG] [39;1msnarkJS[0m: betaTauG1: fft 7 mix end: 1/16
[36;22m[DEBUG] [39;1msnarkJS[0m: betaTauG1: fft 7 mix end: 5/16
[36;22m[DEBUG] [39;1msnarkJS[0m: betaTauG1: fft 7 mix end: 3/16
[36;22m[DEBUG] [39;1msnarkJS[0m: betaTauG1: fft 7 mix end: 6/16
[36;22m[DEBUG] [39;1msnarkJS[0m: betaTauG1: fft 7 mix end: 7/16
[36;22m[DEBUG] [39;1msnarkJS[0m: betaTauG1: fft 7 mix end: 2/16
[36;22m[DEBUG] [39;1msnarkJS[0m: betaTauG1: fft 7 mix end: 4/16
[36;22m[DEBUG] [39;1msnarkJS[0m: betaTauG1: fft 7 mix end: 10/16
[36;22m[DEBUG] [39;1msnarkJS[0m: betaTauG1: fft 7 mix end: 14/16
[36;22m[DEBUG] [39;1msnarkJS[0m: betaTauG1: fft 7 mix end: 11/16
[36;22m[DEBUG] [39;1msnarkJS[0m: betaTauG1: fft 7 mix end: 12/16
[36;22m[DEBUG] [39;1msnarkJS[0m: betaTauG1: fft 7 mix end: 8/16
[36;22m[DEBUG] [39;1msnarkJS[0m: betaTauG1: fft 7 mix end: 9/16
[36;22m[DEBUG] [39;1msnarkJS[0m: betaTauG1: fft 7 mix end: 15/16
[36;22m[DEBUG] [39;1msnarkJS[0m: betaTauG1: fft 7 mix end: 0/16
[36;22m[DEBUG] [39;1msnarkJS[0m: betaTauG1: fft 7 mix end: 13/16
[36;22m[DEBUG] [39;1msnarkJS[0m: betaTauG1: fft  7  join: 4/7
[36;22m[DEBUG] [39;1msnarkJS[0m: betaTauG1: fft 7 join  4/7  1/8 0/1
[36;22m[DEBUG] [39;1msnarkJS[0m: betaTauG1: fft 7 join  4/7  2/8 0/1
[36;22m[DEBUG] [39;1msnarkJS[0m: betaTauG1: fft 7 join  4/7  3/8 0/1
[36;22m[DEBUG] [39;1msnarkJS[0m: betaTauG1: fft 7 join  4/7  4/8 0/1
[36;22m[DEBUG] [39;1msnarkJS[0m: betaTauG1: fft 7 join  4/7  5/8 0/1
[36;22m[DEBUG] [39;1msnarkJS[0m: betaTauG1: fft 7 join  4/7  7/8 0/1
[36;22m[DEBUG] [39;1msnarkJS[0m: betaTauG1: fft 7 join  4/7  8/8 0/1
[36;22m[DEBUG] [39;1msnarkJS[0m: betaTauG1: fft 7 join  4/7  6/8 0/1
[36;22m[DEBUG] [39;1msnarkJS[0m: betaTauG1: fft  7  join: 5/7
[36;22m[DEBUG] [39;1msnarkJS[0m: betaTauG1: fft 7 join  5/7  1/4 0/2
[36;22m[DEBUG] [39;1msnarkJS[0m: betaTauG1: fft 7 join  5/7  2/4 0/2
[36;22m[DEBUG] [39;1msnarkJS[0m: betaTauG1: fft 7 join  5/7  3/4 0/2
[36;22m[DEBUG] [39;1msnarkJS[0m: betaTauG1: fft 7 join  5/7  4/4 0/2
[36;22m[DEBUG] [39;1msnarkJS[0m: betaTauG1: fft 7 join  5/7  2/4 1/2
[36;22m[DEBUG] [39;1msnarkJS[0m: betaTauG1: fft 7 join  5/7  4/4 1/2
[36;22m[DEBUG] [39;1msnarkJS[0m: betaTauG1: fft 7 join  5/7  1/4 1/2
[36;22m[DEBUG] [39;1msnarkJS[0m: betaTauG1: fft 7 join  5/7  3/4 1/2
[36;22m[DEBUG] [39;1msnarkJS[0m: betaTauG1: fft  7  join: 6/7
[36;22m[DEBUG] [39;1msnarkJS[0m: betaTauG1: fft 7 join  6/7  2/2 0/4
[36;22m[DEBUG] [39;1msnarkJS[0m: betaTauG1: fft 7 join  6/7  1/2 0/4
[36;22m[DEBUG] [39;1msnarkJS[0m: betaTauG1: fft 7 join  6/7  1/2 3/4
[36;22m[DEBUG] [39;1msnarkJS[0m: betaTauG1: fft 7 join  6/7  1/2 2/4
[36;22m[DEBUG] [39;1msnarkJS[0m: betaTauG1: fft 7 join  6/7  2/2 2/4
[36;22m[DEBUG] [39;1msnarkJS[0m: betaTauG1: fft 7 join  6/7  2/2 3/4
[36;22m[DEBUG] [39;1msnarkJS[0m: betaTauG1: fft 7 join  6/7  1/2 1/4
[36;22m[DEBUG] [39;1msnarkJS[0m: betaTauG1: fft 7 join  6/7  2/2 1/4
[36;22m[DEBUG] [39;1msnarkJS[0m: betaTauG1: fft  7  join: 7/7
[36;22m[DEBUG] [39;1msnarkJS[0m: betaTauG1: fft 7 join  7/7  1/1 0/8
[36;22m[DEBUG] [39;1msnarkJS[0m: betaTauG1: fft 7 join  7/7  1/1 2/8
[36;22m[DEBUG] [39;1msnarkJS[0m: betaTauG1: fft 7 join  7/7  1/1 3/8
[36;22m[DEBUG] [39;1msnarkJS[0m: betaTauG1: fft 7 join  7/7  1/1 4/8
[36;22m[DEBUG] [39;1msnarkJS[0m: betaTauG1: fft 7 join  7/7  1/1 7/8
[36;22m[DEBUG] [39;1msnarkJS[0m: betaTauG1: fft 7 join  7/7  1/1 6/8
[36;22m[DEBUG] [39;1msnarkJS[0m: betaTauG1: fft 7 join  7/7  1/1 1/8
[36;22m[DEBUG] [39;1msnarkJS[0m: betaTauG1: fft 7 join  7/7  1/1 5/8
[36;22m[DEBUG] [39;1msnarkJS[0m: betaTauG1: fft 8 mix start: 0/32
[36;22m[DEBUG] [39;1msnarkJS[0m: betaTauG1: fft 8 mix start: 1/32
[36;22m[DEBUG] [39;1msnarkJS[0m: betaTauG1: fft 8 mix start: 2/32
[36;22m[DEBUG] [39;1msnarkJS[0m: betaTauG1: fft 8 mix start: 3/32
[36;22m[DEBUG] [39;1msnarkJS[0m: betaTauG1: fft 8 mix start: 4/32
[36;22m[DEBUG] [39;1msnarkJS[0m: betaTauG1: fft 8 mix start: 5/32
[36;22m[DEBUG] [39;1msnarkJS[0m: betaTauG1: fft 8 mix start: 6/32
[36;22m[DEBUG] [39;1msnarkJS[0m: betaTauG1: fft 8 mix start: 7/32
[36;22m[DEBUG] [39;1msnarkJS[0m: betaTauG1: fft 8 mix start: 8/32
[36;22m[DEBUG] [39;1msnarkJS[0m: betaTauG1: fft 8 mix start: 9/32
[36;22m[DEBUG] [39;1msnarkJS[0m: betaTauG1: fft 8 mix start: 10/32
[36;22m[DEBUG] [39;1msnarkJS[0m: betaTauG1: fft 8 mix start: 11/32
[36;22m[DEBUG] [39;1msnarkJS[0m: betaTauG1: fft 8 mix start: 12/32
[36;22m[DEBUG] [39;1msnarkJS[0m: betaTauG1: fft 8 mix start: 13/32
[36;22m[DEBUG] [39;1msnarkJS[0m: betaTauG1: fft 8 mix start: 14/32
[36;22m[DEBUG] [39;1msnarkJS[0m: betaTauG1: fft 8 mix start: 15/32
[36;22m[DEBUG] [39;1msnarkJS[0m: betaTauG1: fft 8 mix start: 16/32
[36;22m[DEBUG] [39;1msnarkJS[0m: betaTauG1: fft 8 mix start: 17/32
[36;22m[DEBUG] [39;1msnarkJS[0m: betaTauG1: fft 8 mix start: 18/32
[36;22m[DEBUG] [39;1msnarkJS[0m: betaTauG1: fft 8 mix start: 19/32
[36;22m[DEBUG] [39;1msnarkJS[0m: betaTauG1: fft 8 mix start: 20/32
[36;22m[DEBUG] [39;1msnarkJS[0m: betaTauG1: fft 8 mix start: 21/32
[36;22m[DEBUG] [39;1msnarkJS[0m: betaTauG1: fft 8 mix start: 22/32
[36;22m[DEBUG] [39;1msnarkJS[0m: betaTauG1: fft 8 mix start: 23/32
[36;22m[DEBUG] [39;1msnarkJS[0m: betaTauG1: fft 8 mix start: 24/32
[36;22m[DEBUG] [39;1msnarkJS[0m: betaTauG1: fft 8 mix start: 25/32
[36;22m[DEBUG] [39;1msnarkJS[0m: betaTauG1: fft 8 mix start: 26/32
[36;22m[DEBUG] [39;1msnarkJS[0m: betaTauG1: fft 8 mix start: 27/32
[36;22m[DEBUG] [39;1msnarkJS[0m: betaTauG1: fft 8 mix start: 28/32
[36;22m[DEBUG] [39;1msnarkJS[0m: betaTauG1: fft 8 mix start: 29/32
[36;22m[DEBUG] [39;1msnarkJS[0m: betaTauG1: fft 8 mix start: 30/32
[36;22m[DEBUG] [39;1msnarkJS[0m: betaTauG1: fft 8 mix start: 31/32
[36;22m[DEBUG] [39;1msnarkJS[0m: betaTauG1: fft 8 mix end: 7/32
[36;22m[DEBUG] [39;1msnarkJS[0m: betaTauG1: fft 8 mix end: 2/32
[36;22m[DEBUG] [39;1msnarkJS[0m: betaTauG1: fft 8 mix end: 4/32
[36;22m[DEBUG] [39;1msnarkJS[0m: betaTauG1: fft 8 mix end: 6/32
[36;22m[DEBUG] [39;1msnarkJS[0m: betaTauG1: fft 8 mix end: 8/32
[36;22m[DEBUG] [39;1msnarkJS[0m: betaTauG1: fft 8 mix end: 9/32
[36;22m[DEBUG] [39;1msnarkJS[0m: betaTauG1: fft 8 mix end: 14/32
[36;22m[DEBUG] [39;1msnarkJS[0m: betaTauG1: fft 8 mix end: 15/32
[36;22m[DEBUG] [39;1msnarkJS[0m: betaTauG1: fft 8 mix end: 16/32
[36;22m[DEBUG] [39;1msnarkJS[0m: betaTauG1: fft 8 mix end: 17/32
[36;22m[DEBUG] [39;1msnarkJS[0m: betaTauG1: fft 8 mix end: 19/32
[36;22m[DEBUG] [39;1msnarkJS[0m: betaTauG1: fft 8 mix end: 25/32
[36;22m[DEBUG] [39;1msnarkJS[0m: betaTauG1: fft 8 mix end: 26/32
[36;22m[DEBUG] [39;1msnarkJS[0m: betaTauG1: fft 8 mix end: 27/32
[36;22m[DEBUG] [39;1msnarkJS[0m: betaTauG1: fft 8 mix end: 31/32
[36;22m[DEBUG] [39;1msnarkJS[0m: betaTauG1: fft 8 mix end: 0/32
[36;22m[DEBUG] [39;1msnarkJS[0m: betaTauG1: fft 8 mix end: 11/32
[36;22m[DEBUG] [39;1msnarkJS[0m: betaTauG1: fft 8 mix end: 13/32
[36;22m[DEBUG] [39;1msnarkJS[0m: betaTauG1: fft 8 mix end: 10/32
[36;22m[DEBUG] [39;1msnarkJS[0m: betaTauG1: fft 8 mix end: 3/32
[36;22m[DEBUG] [39;1msnarkJS[0m: betaTauG1: fft 8 mix end: 1/32
[36;22m[DEBUG] [39;1msnarkJS[0m: betaTauG1: fft 8 mix end: 18/32
[36;22m[DEBUG] [39;1msnarkJS[0m: betaTauG1: fft 8 mix end: 5/32
[36;22m[DEBUG] [39;1msnarkJS[0m: betaTauG1: fft 8 mix end: 28/32
[36;22m[DEBUG] [39;1msnarkJS[0m: betaTauG1: fft 8 mix end: 12/32
[36;22m[DEBUG] [39;1msnarkJS[0m: betaTauG1: fft 8 mix end: 21/32
[36;22m[DEBUG] [39;1msnarkJS[0m: betaTauG1: fft 8 mix end: 20/32
[36;22m[DEBUG] [39;1msnarkJS[0m: betaTauG1: fft 8 mix end: 30/32
[36;22m[DEBUG] [39;1msnarkJS[0m: betaTauG1: fft 8 mix end: 22/32
[36;22m[DEBUG] [39;1msnarkJS[0m: betaTauG1: fft 8 mix end: 29/32
[36;22m[DEBUG] [39;1msnarkJS[0m: betaTauG1: fft 8 mix end: 24/32
[36;22m[DEBUG] [39;1msnarkJS[0m: betaTauG1: fft 8 mix end: 23/32
[36;22m[DEBUG] [39;1msnarkJS[0m: betaTauG1: fft  8  join: 4/8
[36;22m[DEBUG] [39;1msnarkJS[0m: betaTauG1: fft 8 join  4/8  4/16 0/1
[36;22m[DEBUG] [39;1msnarkJS[0m: betaTauG1: fft 8 join  4/8  7/16 0/1
[36;22m[DEBUG] [39;1msnarkJS[0m: betaTauG1: fft 8 join  4/8  8/16 0/1
[36;22m[DEBUG] [39;1msnarkJS[0m: betaTauG1: fft 8 join  4/8  11/16 0/1
[36;22m[DEBUG] [39;1msnarkJS[0m: betaTauG1: fft 8 join  4/8  12/16 0/1
[36;22m[DEBUG] [39;1msnarkJS[0m: betaTauG1: fft 8 join  4/8  3/16 0/1
[36;22m[DEBUG] [39;1msnarkJS[0m: betaTauG1: fft 8 join  4/8  5/16 0/1
[36;22m[DEBUG] [39;1msnarkJS[0m: betaTauG1: fft 8 join  4/8  9/16 0/1
[36;22m[DEBUG] [39;1msnarkJS[0m: betaTauG1: fft 8 join  4/8  10/16 0/1
[36;22m[DEBUG] [39;1msnarkJS[0m: betaTauG1: fft 8 join  4/8  16/16 0/1
[36;22m[DEBUG] [39;1msnarkJS[0m: betaTauG1: fft 8 join  4/8  1/16 0/1
[36;22m[DEBUG] [39;1msnarkJS[0m: betaTauG1: fft 8 join  4/8  2/16 0/1
[36;22m[DEBUG] [39;1msnarkJS[0m: betaTauG1: fft 8 join  4/8  6/16 0/1
[36;22m[DEBUG] [39;1msnarkJS[0m: betaTauG1: fft 8 join  4/8  14/16 0/1
[36;22m[DEBUG] [39;1msnarkJS[0m: betaTauG1: fft 8 join  4/8  13/16 0/1
[36;22m[DEBUG] [39;1msnarkJS[0m: betaTauG1: fft 8 join  4/8  15/16 0/1
[36;22m[DEBUG] [39;1msnarkJS[0m: betaTauG1: fft  8  join: 5/8
[36;22m[DEBUG] [39;1msnarkJS[0m: betaTauG1: fft 8 join  5/8  2/8 0/2
[36;22m[DEBUG] [39;1msnarkJS[0m: betaTauG1: fft 8 join  5/8  3/8 0/2
[36;22m[DEBUG] [39;1msnarkJS[0m: betaTauG1: fft 8 join  5/8  4/8 0/2
[36;22m[DEBUG] [39;1msnarkJS[0m: betaTauG1: fft 8 join  5/8  6/8 0/2
[36;22m[DEBUG] [39;1msnarkJS[0m: betaTauG1: fft 8 join  5/8  5/8 0/2
[36;22m[DEBUG] [39;1msnarkJS[0m: betaTauG1: fft 8 join  5/8  2/8 1/2
[36;22m[DEBUG] [39;1msnarkJS[0m: betaTauG1: fft 8 join  5/8  4/8 1/2
[36;22m[DEBUG] [39;1msnarkJS[0m: betaTauG1: fft 8 join  5/8  6/8 1/2
[36;22m[DEBUG] [39;1msnarkJS[0m: betaTauG1: fft 8 join  5/8  5/8 1/2
[36;22m[DEBUG] [39;1msnarkJS[0m: betaTauG1: fft 8 join  5/8  8/8 1/2
[36;22m[DEBUG] [39;1msnarkJS[0m: betaTauG1: fft 8 join  5/8  1/8 0/2
[36;22m[DEBUG] [39;1msnarkJS[0m: betaTauG1: fft 8 join  5/8  7/8 0/2
[36;22m[DEBUG] [39;1msnarkJS[0m: betaTauG1: fft 8 join  5/8  8/8 0/2
[36;22m[DEBUG] [39;1msnarkJS[0m: betaTauG1: fft 8 join  5/8  1/8 1/2
[36;22m[DEBUG] [39;1msnarkJS[0m: betaTauG1: fft 8 join  5/8  7/8 1/2
[36;22m[DEBUG] [39;1msnarkJS[0m: betaTauG1: fft 8 join  5/8  3/8 1/2
[36;22m[DEBUG] [39;1msnarkJS[0m: betaTauG1: fft  8  join: 6/8
[36;22m[DEBUG] [39;1msnarkJS[0m: betaTauG1: fft 8 join  6/8  3/4 0/4
[36;22m[DEBUG] [39;1msnarkJS[0m: betaTauG1: fft 8 join  6/8  2/4 0/4
[36;22m[DEBUG] [39;1msnarkJS[0m: betaTauG1: fft 8 join  6/8  2/4 2/4
[36;22m[DEBUG] [39;1msnarkJS[0m: betaTauG1: fft 8 join  6/8  3/4 2/4
[36;22m[DEBUG] [39;1msnarkJS[0m: betaTauG1: fft 8 join  6/8  1/4 3/4
[36;22m[DEBUG] [39;1msnarkJS[0m: betaTauG1: fft 8 join  6/8  2/4 3/4
[36;22m[DEBUG] [39;1msnarkJS[0m: betaTauG1: fft 8 join  6/8  3/4 1/4
[36;22m[DEBUG] [39;1msnarkJS[0m: betaTauG1: fft 8 join  6/8  3/4 3/4
[36;22m[DEBUG] [39;1msnarkJS[0m: betaTauG1: fft 8 join  6/8  1/4 2/4
[36;22m[DEBUG] [39;1msnarkJS[0m: betaTauG1: fft 8 join  6/8  4/4 3/4
[36;22m[DEBUG] [39;1msnarkJS[0m: betaTauG1: fft 8 join  6/8  1/4 0/4
[36;22m[DEBUG] [39;1msnarkJS[0m: betaTauG1: fft 8 join  6/8  4/4 0/4
[36;22m[DEBUG] [39;1msnarkJS[0m: betaTauG1: fft 8 join  6/8  4/4 1/4
[36;22m[DEBUG] [39;1msnarkJS[0m: betaTauG1: fft 8 join  6/8  1/4 1/4
[36;22m[DEBUG] [39;1msnarkJS[0m: betaTauG1: fft 8 join  6/8  2/4 1/4
[36;22m[DEBUG] [39;1msnarkJS[0m: betaTauG1: fft 8 join  6/8  4/4 2/4
[36;22m[DEBUG] [39;1msnarkJS[0m: betaTauG1: fft  8  join: 7/8
[36;22m[DEBUG] [39;1msnarkJS[0m: betaTauG1: fft 8 join  7/8  2/2 0/8
[36;22m[DEBUG] [39;1msnarkJS[0m: betaTauG1: fft 8 join  7/8  1/2 2/8
[36;22m[DEBUG] [39;1msnarkJS[0m: betaTauG1: fft 8 join  7/8  1/2 3/8
[36;22m[DEBUG] [39;1msnarkJS[0m: betaTauG1: fft 8 join  7/8  1/2 7/8
[36;22m[DEBUG] [39;1msnarkJS[0m: betaTauG1: fft 8 join  7/8  1/2 6/8
[36;22m[DEBUG] [39;1msnarkJS[0m: betaTauG1: fft 8 join  7/8  2/2 2/8
[36;22m[DEBUG] [39;1msnarkJS[0m: betaTauG1: fft 8 join  7/8  2/2 3/8
[36;22m[DEBUG] [39;1msnarkJS[0m: betaTauG1: fft 8 join  7/8  1/2 4/8
[36;22m[DEBUG] [39;1msnarkJS[0m: betaTauG1: fft 8 join  7/8  2/2 1/8
[36;22m[DEBUG] [39;1msnarkJS[0m: betaTauG1: fft 8 join  7/8  2/2 7/8
[36;22m[DEBUG] [39;1msnarkJS[0m: betaTauG1: fft 8 join  7/8  1/2 0/8
[36;22m[DEBUG] [39;1msnarkJS[0m: betaTauG1: fft 8 join  7/8  2/2 4/8
[36;22m[DEBUG] [39;1msnarkJS[0m: betaTauG1: fft 8 join  7/8  1/2 5/8
[36;22m[DEBUG] [39;1msnarkJS[0m: betaTauG1: fft 8 join  7/8  2/2 5/8
[36;22m[DEBUG] [39;1msnarkJS[0m: betaTauG1: fft 8 join  7/8  1/2 1/8
[36;22m[DEBUG] [39;1msnarkJS[0m: betaTauG1: fft 8 join  7/8  2/2 6/8
[36;22m[DEBUG] [39;1msnarkJS[0m: betaTauG1: fft  8  join: 8/8
[36;22m[DEBUG] [39;1msnarkJS[0m: betaTauG1: fft 8 join  8/8  1/1 2/16
[36;22m[DEBUG] [39;1msnarkJS[0m: betaTauG1: fft 8 join  8/8  1/1 3/16
[36;22m[DEBUG] [39;1msnarkJS[0m: betaTauG1: fft 8 join  8/8  1/1 4/16
[36;22m[DEBUG] [39;1msnarkJS[0m: betaTauG1: fft 8 join  8/8  1/1 6/16
[36;22m[DEBUG] [39;1msnarkJS[0m: betaTauG1: fft 8 join  8/8  1/1 7/16
[36;22m[DEBUG] [39;1msnarkJS[0m: betaTauG1: fft 8 join  8/8  1/1 10/16
[36;22m[DEBUG] [39;1msnarkJS[0m: betaTauG1: fft 8 join  8/8  1/1 11/16
[36;22m[DEBUG] [39;1msnarkJS[0m: betaTauG1: fft 8 join  8/8  1/1 5/16
[36;22m[DEBUG] [39;1msnarkJS[0m: betaTauG1: fft 8 join  8/8  1/1 9/16
[36;22m[DEBUG] [39;1msnarkJS[0m: betaTauG1: fft 8 join  8/8  1/1 12/16
[36;22m[DEBUG] [39;1msnarkJS[0m: betaTauG1: fft 8 join  8/8  1/1 15/16
[36;22m[DEBUG] [39;1msnarkJS[0m: betaTauG1: fft 8 join  8/8  1/1 8/16
[36;22m[DEBUG] [39;1msnarkJS[0m: betaTauG1: fft 8 join  8/8  1/1 0/16
[36;22m[DEBUG] [39;1msnarkJS[0m: betaTauG1: fft 8 join  8/8  1/1 1/16
[36;22m[DEBUG] [39;1msnarkJS[0m: betaTauG1: fft 8 join  8/8  1/1 13/16
[36;22m[DEBUG] [39;1msnarkJS[0m: betaTauG1: fft 8 join  8/8  1/1 14/16
[36;22m[DEBUG] [39;1msnarkJS[0m: betaTauG1: fft 9 mix start: 0/32
[36;22m[DEBUG] [39;1msnarkJS[0m: betaTauG1: fft 9 mix start: 1/32
[36;22m[DEBUG] [39;1msnarkJS[0m: betaTauG1: fft 9 mix start: 2/32
[36;22m[DEBUG] [39;1msnarkJS[0m: betaTauG1: fft 9 mix start: 3/32
[36;22m[DEBUG] [39;1msnarkJS[0m: betaTauG1: fft 9 mix start: 4/32
[36;22m[DEBUG] [39;1msnarkJS[0m: betaTauG1: fft 9 mix start: 5/32
[36;22m[DEBUG] [39;1msnarkJS[0m: betaTauG1: fft 9 mix start: 6/32
[36;22m[DEBUG] [39;1msnarkJS[0m: betaTauG1: fft 9 mix start: 7/32
[36;22m[DEBUG] [39;1msnarkJS[0m: betaTauG1: fft 9 mix start: 8/32
[36;22m[DEBUG] [39;1msnarkJS[0m: betaTauG1: fft 9 mix start: 9/32
[36;22m[DEBUG] [39;1msnarkJS[0m: betaTauG1: fft 9 mix start: 10/32
[36;22m[DEBUG] [39;1msnarkJS[0m: betaTauG1: fft 9 mix start: 11/32
[36;22m[DEBUG] [39;1msnarkJS[0m: betaTauG1: fft 9 mix start: 12/32
[36;22m[DEBUG] [39;1msnarkJS[0m: betaTauG1: fft 9 mix start: 13/32
[36;22m[DEBUG] [39;1msnarkJS[0m: betaTauG1: fft 9 mix start: 14/32
[36;22m[DEBUG] [39;1msnarkJS[0m: betaTauG1: fft 9 mix start: 15/32
[36;22m[DEBUG] [39;1msnarkJS[0m: betaTauG1: fft 9 mix start: 16/32
[36;22m[DEBUG] [39;1msnarkJS[0m: betaTauG1: fft 9 mix start: 17/32
[36;22m[DEBUG] [39;1msnarkJS[0m: betaTauG1: fft 9 mix start: 18/32
[36;22m[DEBUG] [39;1msnarkJS[0m: betaTauG1: fft 9 mix start: 19/32
[36;22m[DEBUG] [39;1msnarkJS[0m: betaTauG1: fft 9 mix start: 20/32
[36;22m[DEBUG] [39;1msnarkJS[0m: betaTauG1: fft 9 mix start: 21/32
[36;22m[DEBUG] [39;1msnarkJS[0m: betaTauG1: fft 9 mix start: 22/32
[36;22m[DEBUG] [39;1msnarkJS[0m: betaTauG1: fft 9 mix start: 23/32
[36;22m[DEBUG] [39;1msnarkJS[0m: betaTauG1: fft 9 mix start: 24/32
[36;22m[DEBUG] [39;1msnarkJS[0m: betaTauG1: fft 9 mix start: 25/32
[36;22m[DEBUG] [39;1msnarkJS[0m: betaTauG1: fft 9 mix start: 26/32
[36;22m[DEBUG] [39;1msnarkJS[0m: betaTauG1: fft 9 mix start: 27/32
[36;22m[DEBUG] [39;1msnarkJS[0m: betaTauG1: fft 9 mix start: 28/32
[36;22m[DEBUG] [39;1msnarkJS[0m: betaTauG1: fft 9 mix start: 29/32
[36;22m[DEBUG] [39;1msnarkJS[0m: betaTauG1: fft 9 mix start: 30/32
[36;22m[DEBUG] [39;1msnarkJS[0m: betaTauG1: fft 9 mix start: 31/32
[36;22m[DEBUG] [39;1msnarkJS[0m: betaTauG1: fft 9 mix end: 2/32
[36;22m[DEBUG] [39;1msnarkJS[0m: betaTauG1: fft 9 mix end: 4/32
[36;22m[DEBUG] [39;1msnarkJS[0m: betaTauG1: fft 9 mix end: 5/32
[36;22m[DEBUG] [39;1msnarkJS[0m: betaTauG1: fft 9 mix end: 6/32
[36;22m[DEBUG] [39;1msnarkJS[0m: betaTauG1: fft 9 mix end: 7/32
[36;22m[DEBUG] [39;1msnarkJS[0m: betaTauG1: fft 9 mix end: 8/32
[36;22m[DEBUG] [39;1msnarkJS[0m: betaTauG1: fft 9 mix end: 9/32
[36;22m[DEBUG] [39;1msnarkJS[0m: betaTauG1: fft 9 mix end: 15/32
[36;22m[DEBUG] [39;1msnarkJS[0m: betaTauG1: fft 9 mix end: 17/32
[36;22m[DEBUG] [39;1msnarkJS[0m: betaTauG1: fft 9 mix end: 19/32
[36;22m[DEBUG] [39;1msnarkJS[0m: betaTauG1: fft 9 mix end: 25/32
[36;22m[DEBUG] [39;1msnarkJS[0m: betaTauG1: fft 9 mix end: 26/32
[36;22m[DEBUG] [39;1msnarkJS[0m: betaTauG1: fft 9 mix end: 27/32
[36;22m[DEBUG] [39;1msnarkJS[0m: betaTauG1: fft 9 mix end: 30/32
[36;22m[DEBUG] [39;1msnarkJS[0m: betaTauG1: fft 9 mix end: 0/32
[36;22m[DEBUG] [39;1msnarkJS[0m: betaTauG1: fft 9 mix end: 1/32
[36;22m[DEBUG] [39;1msnarkJS[0m: betaTauG1: fft 9 mix end: 13/32
[36;22m[DEBUG] [39;1msnarkJS[0m: betaTauG1: fft 9 mix end: 3/32
[36;22m[DEBUG] [39;1msnarkJS[0m: betaTauG1: fft 9 mix end: 10/32
[36;22m[DEBUG] [39;1msnarkJS[0m: betaTauG1: fft 9 mix end: 11/32
[36;22m[DEBUG] [39;1msnarkJS[0m: betaTauG1: fft 9 mix end: 18/32
[36;22m[DEBUG] [39;1msnarkJS[0m: betaTauG1: fft 9 mix end: 12/32
[36;22m[DEBUG] [39;1msnarkJS[0m: betaTauG1: fft 9 mix end: 21/32
[36;22m[DEBUG] [39;1msnarkJS[0m: betaTauG1: fft 9 mix end: 20/32
[36;22m[DEBUG] [39;1msnarkJS[0m: betaTauG1: fft 9 mix end: 23/32
[36;22m[DEBUG] [39;1msnarkJS[0m: betaTauG1: fft 9 mix end: 24/32
[36;22m[DEBUG] [39;1msnarkJS[0m: betaTauG1: fft 9 mix end: 16/32
[36;22m[DEBUG] [39;1msnarkJS[0m: betaTauG1: fft 9 mix end: 29/32
[36;22m[DEBUG] [39;1msnarkJS[0m: betaTauG1: fft 9 mix end: 28/32
[36;22m[DEBUG] [39;1msnarkJS[0m: betaTauG1: fft 9 mix end: 22/32
[36;22m[DEBUG] [39;1msnarkJS[0m: betaTauG1: fft 9 mix end: 31/32
[36;22m[DEBUG] [39;1msnarkJS[0m: betaTauG1: fft 9 mix end: 14/32
[36;22m[DEBUG] [39;1msnarkJS[0m: betaTauG1: fft  9  join: 5/9
[36;22m[DEBUG] [39;1msnarkJS[0m: betaTauG1: fft 9 join  5/9  4/16 0/1
[36;22m[DEBUG] [39;1msnarkJS[0m: betaTauG1: fft 9 join  5/9  6/16 0/1
[36;22m[DEBUG] [39;1msnarkJS[0m: betaTauG1: fft 9 join  5/9  8/16 0/1
[36;22m[DEBUG] [39;1msnarkJS[0m: betaTauG1: fft 9 join  5/9  11/16 0/1
[36;22m[DEBUG] [39;1msnarkJS[0m: betaTauG1: fft 9 join  5/9  12/16 0/1
[36;22m[DEBUG] [39;1msnarkJS[0m: betaTauG1: fft 9 join  5/9  13/16 0/1
[36;22m[DEBUG] [39;1msnarkJS[0m: betaTauG1: fft 9 join  5/9  3/16 0/1
[36;22m[DEBUG] [39;1msnarkJS[0m: betaTauG1: fft 9 join  5/9  5/16 0/1
[36;22m[DEBUG] [39;1msnarkJS[0m: betaTauG1: fft 9 join  5/9  9/16 0/1
[36;22m[DEBUG] [39;1msnarkJS[0m: betaTauG1: fft 9 join  5/9  10/16 0/1
[36;22m[DEBUG] [39;1msnarkJS[0m: betaTauG1: fft 9 join  5/9  16/16 0/1
[36;22m[DEBUG] [39;1msnarkJS[0m: betaTauG1: fft 9 join  5/9  2/16 0/1
[36;22m[DEBUG] [39;1msnarkJS[0m: betaTauG1: fft 9 join  5/9  1/16 0/1
[36;22m[DEBUG] [39;1msnarkJS[0m: betaTauG1: fft 9 join  5/9  7/16 0/1
[36;22m[DEBUG] [39;1msnarkJS[0m: betaTauG1: fft 9 join  5/9  15/16 0/1
[36;22m[DEBUG] [39;1msnarkJS[0m: betaTauG1: fft 9 join  5/9  14/16 0/1
[36;22m[DEBUG] [39;1msnarkJS[0m: betaTauG1: fft  9  join: 6/9
[36;22m[DEBUG] [39;1msnarkJS[0m: betaTauG1: fft 9 join  6/9  3/8 0/2
[36;22m[DEBUG] [39;1msnarkJS[0m: betaTauG1: fft 9 join  6/9  4/8 0/2
[36;22m[DEBUG] [39;1msnarkJS[0m: betaTauG1: fft 9 join  6/9  2/8 0/2
[36;22m[DEBUG] [39;1msnarkJS[0m: betaTauG1: fft 9 join  6/9  6/8 0/2
[36;22m[DEBUG] [39;1msnarkJS[0m: betaTauG1: fft 9 join  6/9  7/8 0/2
[36;22m[DEBUG] [39;1msnarkJS[0m: betaTauG1: fft 9 join  6/9  2/8 1/2
[36;22m[DEBUG] [39;1msnarkJS[0m: betaTauG1: fft 9 join  6/9  3/8 1/2
[36;22m[DEBUG] [39;1msnarkJS[0m: betaTauG1: fft 9 join  6/9  4/8 1/2
[36;22m[DEBUG] [39;1msnarkJS[0m: betaTauG1: fft 9 join  6/9  5/8 0/2
[36;22m[DEBUG] [39;1msnarkJS[0m: betaTauG1: fft 9 join  6/9  6/8 1/2
[36;22m[DEBUG] [39;1msnarkJS[0m: betaTauG1: fft 9 join  6/9  5/8 1/2
[36;22m[DEBUG] [39;1msnarkJS[0m: betaTauG1: fft 9 join  6/9  8/8 1/2
[36;22m[DEBUG] [39;1msnarkJS[0m: betaTauG1: fft 9 join  6/9  1/8 0/2
[36;22m[DEBUG] [39;1msnarkJS[0m: betaTauG1: fft 9 join  6/9  8/8 0/2
[36;22m[DEBUG] [39;1msnarkJS[0m: betaTauG1: fft 9 join  6/9  1/8 1/2
[36;22m[DEBUG] [39;1msnarkJS[0m: betaTauG1: fft 9 join  6/9  7/8 1/2
[36;22m[DEBUG] [39;1msnarkJS[0m: betaTauG1: fft  9  join: 7/9
[36;22m[DEBUG] [39;1msnarkJS[0m: betaTauG1: fft 9 join  7/9  2/4 3/4
[36;22m[DEBUG] [39;1msnarkJS[0m: betaTauG1: fft 9 join  7/9  3/4 2/4
[36;22m[DEBUG] [39;1msnarkJS[0m: betaTauG1: fft 9 join  7/9  3/4 3/4
[36;22m[DEBUG] [39;1msnarkJS[0m: betaTauG1: fft 9 join  7/9  2/4 0/4
[36;22m[DEBUG] [39;1msnarkJS[0m: betaTauG1: fft 9 join  7/9  3/4 0/4
[36;22m[DEBUG] [39;1msnarkJS[0m: betaTauG1: fft 9 join  7/9  4/4 0/4
[36;22m[DEBUG] [39;1msnarkJS[0m: betaTauG1: fft 9 join  7/9  1/4 2/4
[36;22m[DEBUG] [39;1msnarkJS[0m: betaTauG1: fft 9 join  7/9  1/4 3/4
[36;22m[DEBUG] [39;1msnarkJS[0m: betaTauG1: fft 9 join  7/9  2/4 1/4
[36;22m[DEBUG] [39;1msnarkJS[0m: betaTauG1: fft 9 join  7/9  2/4 2/4
[36;22m[DEBUG] [39;1msnarkJS[0m: betaTauG1: fft 9 join  7/9  3/4 1/4
[36;22m[DEBUG] [39;1msnarkJS[0m: betaTauG1: fft 9 join  7/9  4/4 3/4
[36;22m[DEBUG] [39;1msnarkJS[0m: betaTauG1: fft 9 join  7/9  1/4 0/4
[36;22m[DEBUG] [39;1msnarkJS[0m: betaTauG1: fft 9 join  7/9  4/4 1/4
[36;22m[DEBUG] [39;1msnarkJS[0m: betaTauG1: fft 9 join  7/9  1/4 1/4
[36;22m[DEBUG] [39;1msnarkJS[0m: betaTauG1: fft 9 join  7/9  4/4 2/4
[36;22m[DEBUG] [39;1msnarkJS[0m: betaTauG1: fft  9  join: 8/9
[36;22m[DEBUG] [39;1msnarkJS[0m: betaTauG1: fft 9 join  8/9  1/2 2/8
[36;22m[DEBUG] [39;1msnarkJS[0m: betaTauG1: fft 9 join  8/9  1/2 4/8
[36;22m[DEBUG] [39;1msnarkJS[0m: betaTauG1: fft 9 join  8/9  2/2 0/8
[36;22m[DEBUG] [39;1msnarkJS[0m: betaTauG1: fft 9 join  8/9  1/2 5/8
[36;22m[DEBUG] [39;1msnarkJS[0m: betaTauG1: fft 9 join  8/9  1/2 3/8
[36;22m[DEBUG] [39;1msnarkJS[0m: betaTauG1: fft 9 join  8/9  1/2 7/8
[36;22m[DEBUG] [39;1msnarkJS[0m: betaTauG1: fft 9 join  8/9  2/2 1/8
[36;22m[DEBUG] [39;1msnarkJS[0m: betaTauG1: fft 9 join  8/9  2/2 2/8
[36;22m[DEBUG] [39;1msnarkJS[0m: betaTauG1: fft 9 join  8/9  2/2 3/8
[36;22m[DEBUG] [39;1msnarkJS[0m: betaTauG1: fft 9 join  8/9  2/2 7/8
[36;22m[DEBUG] [39;1msnarkJS[0m: betaTauG1: fft 9 join  8/9  1/2 6/8
[36;22m[DEBUG] [39;1msnarkJS[0m: betaTauG1: fft 9 join  8/9  2/2 4/8
[36;22m[DEBUG] [39;1msnarkJS[0m: betaTauG1: fft 9 join  8/9  1/2 0/8
[36;22m[DEBUG] [39;1msnarkJS[0m: betaTauG1: fft 9 join  8/9  2/2 5/8
[36;22m[DEBUG] [39;1msnarkJS[0m: betaTauG1: fft 9 join  8/9  1/2 1/8
[36;22m[DEBUG] [39;1msnarkJS[0m: betaTauG1: fft 9 join  8/9  2/2 6/8
[36;22m[DEBUG] [39;1msnarkJS[0m: betaTauG1: fft  9  join: 9/9
[36;22m[DEBUG] [39;1msnarkJS[0m: betaTauG1: fft 9 join  9/9  1/1 2/16
[36;22m[DEBUG] [39;1msnarkJS[0m: betaTauG1: fft 9 join  9/9  1/1 6/16
[36;22m[DEBUG] [39;1msnarkJS[0m: betaTauG1: fft 9 join  9/9  1/1 4/16
[36;22m[DEBUG] [39;1msnarkJS[0m: betaTauG1: fft 9 join  9/9  1/1 3/16
[36;22m[DEBUG] [39;1msnarkJS[0m: betaTauG1: fft 9 join  9/9  1/1 7/16
[36;22m[DEBUG] [39;1msnarkJS[0m: betaTauG1: fft 9 join  9/9  1/1 11/16
[36;22m[DEBUG] [39;1msnarkJS[0m: betaTauG1: fft 9 join  9/9  1/1 5/16
[36;22m[DEBUG] [39;1msnarkJS[0m: betaTauG1: fft 9 join  9/9  1/1 10/16
[36;22m[DEBUG] [39;1msnarkJS[0m: betaTauG1: fft 9 join  9/9  1/1 12/16
[36;22m[DEBUG] [39;1msnarkJS[0m: betaTauG1: fft 9 join  9/9  1/1 8/16
[36;22m[DEBUG] [39;1msnarkJS[0m: betaTauG1: fft 9 join  9/9  1/1 9/16
[36;22m[DEBUG] [39;1msnarkJS[0m: betaTauG1: fft 9 join  9/9  1/1 15/16
[36;22m[DEBUG] [39;1msnarkJS[0m: betaTauG1: fft 9 join  9/9  1/1 0/16
[36;22m[DEBUG] [39;1msnarkJS[0m: betaTauG1: fft 9 join  9/9  1/1 13/16
[36;22m[DEBUG] [39;1msnarkJS[0m: betaTauG1: fft 9 join  9/9  1/1 1/16
[36;22m[DEBUG] [39;1msnarkJS[0m: betaTauG1: fft 9 join  9/9  1/1 14/16
[36;22m[DEBUG] [39;1msnarkJS[0m: betaTauG1: fft 10 mix start: 0/32
[36;22m[DEBUG] [39;1msnarkJS[0m: betaTauG1: fft 10 mix start: 1/32
[36;22m[DEBUG] [39;1msnarkJS[0m: betaTauG1: fft 10 mix start: 2/32
[36;22m[DEBUG] [39;1msnarkJS[0m: betaTauG1: fft 10 mix start: 3/32
[36;22m[DEBUG] [39;1msnarkJS[0m: betaTauG1: fft 10 mix start: 4/32
[36;22m[DEBUG] [39;1msnarkJS[0m: betaTauG1: fft 10 mix start: 5/32
[36;22m[DEBUG] [39;1msnarkJS[0m: betaTauG1: fft 10 mix start: 6/32
[36;22m[DEBUG] [39;1msnarkJS[0m: betaTauG1: fft 10 mix start: 7/32
[36;22m[DEBUG] [39;1msnarkJS[0m: betaTauG1: fft 10 mix start: 8/32
[36;22m[DEBUG] [39;1msnarkJS[0m: betaTauG1: fft 10 mix start: 9/32
[36;22m[DEBUG] [39;1msnarkJS[0m: betaTauG1: fft 10 mix start: 10/32
[36;22m[DEBUG] [39;1msnarkJS[0m: betaTauG1: fft 10 mix start: 11/32
[36;22m[DEBUG] [39;1msnarkJS[0m: betaTauG1: fft 10 mix start: 12/32
[36;22m[DEBUG] [39;1msnarkJS[0m: betaTauG1: fft 10 mix start: 13/32
[36;22m[DEBUG] [39;1msnarkJS[0m: betaTauG1: fft 10 mix start: 14/32
[36;22m[DEBUG] [39;1msnarkJS[0m: betaTauG1: fft 10 mix start: 15/32
[36;22m[DEBUG] [39;1msnarkJS[0m: betaTauG1: fft 10 mix start: 16/32
[36;22m[DEBUG] [39;1msnarkJS[0m: betaTauG1: fft 10 mix start: 17/32
[36;22m[DEBUG] [39;1msnarkJS[0m: betaTauG1: fft 10 mix start: 18/32
[36;22m[DEBUG] [39;1msnarkJS[0m: betaTauG1: fft 10 mix start: 19/32
[36;22m[DEBUG] [39;1msnarkJS[0m: betaTauG1: fft 10 mix start: 20/32
[36;22m[DEBUG] [39;1msnarkJS[0m: betaTauG1: fft 10 mix start: 21/32
[36;22m[DEBUG] [39;1msnarkJS[0m: betaTauG1: fft 10 mix start: 22/32
[36;22m[DEBUG] [39;1msnarkJS[0m: betaTauG1: fft 10 mix start: 23/32
[36;22m[DEBUG] [39;1msnarkJS[0m: betaTauG1: fft 10 mix start: 24/32
[36;22m[DEBUG] [39;1msnarkJS[0m: betaTauG1: fft 10 mix start: 25/32
[36;22m[DEBUG] [39;1msnarkJS[0m: betaTauG1: fft 10 mix start: 26/32
[36;22m[DEBUG] [39;1msnarkJS[0m: betaTauG1: fft 10 mix start: 27/32
[36;22m[DEBUG] [39;1msnarkJS[0m: betaTauG1: fft 10 mix start: 28/32
[36;22m[DEBUG] [39;1msnarkJS[0m: betaTauG1: fft 10 mix start: 29/32
[36;22m[DEBUG] [39;1msnarkJS[0m: betaTauG1: fft 10 mix start: 30/32
[36;22m[DEBUG] [39;1msnarkJS[0m: betaTauG1: fft 10 mix start: 31/32
[36;22m[DEBUG] [39;1msnarkJS[0m: betaTauG1: fft 10 mix end: 2/32
[36;22m[DEBUG] [39;1msnarkJS[0m: betaTauG1: fft 10 mix end: 4/32
[36;22m[DEBUG] [39;1msnarkJS[0m: betaTauG1: fft 10 mix end: 8/32
[36;22m[DEBUG] [39;1msnarkJS[0m: betaTauG1: fft 10 mix end: 6/32
[36;22m[DEBUG] [39;1msnarkJS[0m: betaTauG1: fft 10 mix end: 7/32
[36;22m[DEBUG] [39;1msnarkJS[0m: betaTauG1: fft 10 mix end: 19/32
[36;22m[DEBUG] [39;1msnarkJS[0m: betaTauG1: fft 10 mix end: 5/32
[36;22m[DEBUG] [39;1msnarkJS[0m: betaTauG1: fft 10 mix end: 9/32
[36;22m[DEBUG] [39;1msnarkJS[0m: betaTauG1: fft 10 mix end: 15/32
[36;22m[DEBUG] [39;1msnarkJS[0m: betaTauG1: fft 10 mix end: 17/32
[36;22m[DEBUG] [39;1msnarkJS[0m: betaTauG1: fft 10 mix end: 25/32
[36;22m[DEBUG] [39;1msnarkJS[0m: betaTauG1: fft 10 mix end: 27/32
[36;22m[DEBUG] [39;1msnarkJS[0m: betaTauG1: fft 10 mix end: 26/32
[36;22m[DEBUG] [39;1msnarkJS[0m: betaTauG1: fft 10 mix end: 0/32
[36;22m[DEBUG] [39;1msnarkJS[0m: betaTauG1: fft 10 mix end: 3/32
[36;22m[DEBUG] [39;1msnarkJS[0m: betaTauG1: fft 10 mix end: 13/32
[36;22m[DEBUG] [39;1msnarkJS[0m: betaTauG1: fft 10 mix end: 14/32
[36;22m[DEBUG] [39;1msnarkJS[0m: betaTauG1: fft 10 mix end: 21/32
[36;22m[DEBUG] [39;1msnarkJS[0m: betaTauG1: fft 10 mix end: 10/32
[36;22m[DEBUG] [39;1msnarkJS[0m: betaTauG1: fft 10 mix end: 11/32
[36;22m[DEBUG] [39;1msnarkJS[0m: betaTauG1: fft 10 mix end: 12/32
[36;22m[DEBUG] [39;1msnarkJS[0m: betaTauG1: fft 10 mix end: 20/32
[36;22m[DEBUG] [39;1msnarkJS[0m: betaTauG1: fft 10 mix end: 18/32
[36;22m[DEBUG] [39;1msnarkJS[0m: betaTauG1: fft 10 mix end: 22/32
[36;22m[DEBUG] [39;1msnarkJS[0m: betaTauG1: fft 10 mix end: 23/32
[36;22m[DEBUG] [39;1msnarkJS[0m: betaTauG1: fft 10 mix end: 24/32
[36;22m[DEBUG] [39;1msnarkJS[0m: betaTauG1: fft 10 mix end: 28/32
[36;22m[DEBUG] [39;1msnarkJS[0m: betaTauG1: fft 10 mix end: 29/32
[36;22m[DEBUG] [39;1msnarkJS[0m: betaTauG1: fft 10 mix end: 16/32
[36;22m[DEBUG] [39;1msnarkJS[0m: betaTauG1: fft 10 mix end: 30/32
[36;22m[DEBUG] [39;1msnarkJS[0m: betaTauG1: fft 10 mix end: 1/32
[36;22m[DEBUG] [39;1msnarkJS[0m: betaTauG1: fft 10 mix end: 31/32
[36;22m[DEBUG] [39;1msnarkJS[0m: betaTauG1: fft  10  join: 6/10
[36;22m[DEBUG] [39;1msnarkJS[0m: betaTauG1: fft 10 join  6/10  2/16 0/1
[36;22m[DEBUG] [39;1msnarkJS[0m: betaTauG1: fft 10 join  6/10  4/16 0/1
[36;22m[DEBUG] [39;1msnarkJS[0m: betaTauG1: fft 10 join  6/10  6/16 0/1
[36;22m[DEBUG] [39;1msnarkJS[0m: betaTauG1: fft 10 join  6/10  7/16 0/1
[36;22m[DEBUG] [39;1msnarkJS[0m: betaTauG1: fft 10 join  6/10  8/16 0/1
[36;22m[DEBUG] [39;1msnarkJS[0m: betaTauG1: fft 10 join  6/10  11/16 0/1
[36;22m[DEBUG] [39;1msnarkJS[0m: betaTauG1: fft 10 join  6/10  12/16 0/1
[36;22m[DEBUG] [39;1msnarkJS[0m: betaTauG1: fft 10 join  6/10  15/16 0/1
[36;22m[DEBUG] [39;1msnarkJS[0m: betaTauG1: fft 10 join  6/10  13/16 0/1
[36;22m[DEBUG] [39;1msnarkJS[0m: betaTauG1: fft 10 join  6/10  3/16 0/1
[36;22m[DEBUG] [39;1msnarkJS[0m: betaTauG1: fft 10 join  6/10  5/16 0/1
[36;22m[DEBUG] [39;1msnarkJS[0m: betaTauG1: fft 10 join  6/10  10/16 0/1
[36;22m[DEBUG] [39;1msnarkJS[0m: betaTauG1: fft 10 join  6/10  16/16 0/1
[36;22m[DEBUG] [39;1msnarkJS[0m: betaTauG1: fft 10 join  6/10  9/16 0/1
[36;22m[DEBUG] [39;1msnarkJS[0m: betaTauG1: fft 10 join  6/10  1/16 0/1
[36;22m[DEBUG] [39;1msnarkJS[0m: betaTauG1: fft 10 join  6/10  14/16 0/1
[36;22m[DEBUG] [39;1msnarkJS[0m: betaTauG1: fft  10  join: 7/10
[36;22m[DEBUG] [39;1msnarkJS[0m: betaTauG1: fft 10 join  7/10  6/8 0/2
[36;22m[DEBUG] [39;1msnarkJS[0m: betaTauG1: fft 10 join  7/10  8/8 0/2
[36;22m[DEBUG] [39;1msnarkJS[0m: betaTauG1: fft 10 join  7/10  2/8 0/2
[36;22m[DEBUG] [39;1msnarkJS[0m: betaTauG1: fft 10 join  7/10  4/8 1/2
[36;22m[DEBUG] [39;1msnarkJS[0m: betaTauG1: fft 10 join  7/10  6/8 1/2
[36;22m[DEBUG] [39;1msnarkJS[0m: betaTauG1: fft 10 join  7/10  5/8 0/2
[36;22m[DEBUG] [39;1msnarkJS[0m: betaTauG1: fft 10 join  7/10  4/8 0/2
[36;22m[DEBUG] [39;1msnarkJS[0m: betaTauG1: fft 10 join  7/10  7/8 0/2
[36;22m[DEBUG] [39;1msnarkJS[0m: betaTauG1: fft 10 join  7/10  1/8 1/2
[36;22m[DEBUG] [39;1msnarkJS[0m: betaTauG1: fft 10 join  7/10  2/8 1/2
[36;22m[DEBUG] [39;1msnarkJS[0m: betaTauG1: fft 10 join  7/10  3/8 0/2
[36;22m[DEBUG] [39;1msnarkJS[0m: betaTauG1: fft 10 join  7/10  3/8 1/2
[36;22m[DEBUG] [39;1msnarkJS[0m: betaTauG1: fft 10 join  7/10  5/8 1/2
[36;22m[DEBUG] [39;1msnarkJS[0m: betaTauG1: fft 10 join  7/10  8/8 1/2
[36;22m[DEBUG] [39;1msnarkJS[0m: betaTauG1: fft 10 join  7/10  1/8 0/2
[36;22m[DEBUG] [39;1msnarkJS[0m: betaTauG1: fft 10 join  7/10  7/8 1/2
[36;22m[DEBUG] [39;1msnarkJS[0m: betaTauG1: fft  10  join: 8/10
[36;22m[DEBUG] [39;1msnarkJS[0m: betaTauG1: fft 10 join  8/10  3/4 0/4
[36;22m[DEBUG] [39;1msnarkJS[0m: betaTauG1: fft 10 join  8/10  2/4 0/4
[36;22m[DEBUG] [39;1msnarkJS[0m: betaTauG1: fft 10 join  8/10  3/4 2/4
[36;22m[DEBUG] [39;1msnarkJS[0m: betaTauG1: fft 10 join  8/10  3/4 1/4
[36;22m[DEBUG] [39;1msnarkJS[0m: betaTauG1: fft 10 join  8/10  4/4 0/4
[36;22m[DEBUG] [39;1msnarkJS[0m: betaTauG1: fft 10 join  8/10  4/4 2/4
[36;22m[DEBUG] [39;1msnarkJS[0m: betaTauG1: fft 10 join  8/10  1/4 2/4
[36;22m[DEBUG] [39;1msnarkJS[0m: betaTauG1: fft 10 join  8/10  2/4 3/4
[36;22m[DEBUG] [39;1msnarkJS[0m: betaTauG1: fft 10 join  8/10  3/4 3/4
[36;22m[DEBUG] [39;1msnarkJS[0m: betaTauG1: fft 10 join  8/10  4/4 3/4
[36;22m[DEBUG] [39;1msnarkJS[0m: betaTauG1: fft 10 join  8/10  1/4 3/4
[36;22m[DEBUG] [39;1msnarkJS[0m: betaTauG1: fft 10 join  8/10  2/4 1/4
[36;22m[DEBUG] [39;1msnarkJS[0m: betaTauG1: fft 10 join  8/10  1/4 1/4
[36;22m[DEBUG] [39;1msnarkJS[0m: betaTauG1: fft 10 join  8/10  2/4 2/4
[36;22m[DEBUG] [39;1msnarkJS[0m: betaTauG1: fft 10 join  8/10  1/4 0/4
[36;22m[DEBUG] [39;1msnarkJS[0m: betaTauG1: fft 10 join  8/10  4/4 1/4
[36;22m[DEBUG] [39;1msnarkJS[0m: betaTauG1: fft  10  join: 9/10
[36;22m[DEBUG] [39;1msnarkJS[0m: betaTauG1: fft 10 join  9/10  2/2 0/8
[36;22m[DEBUG] [39;1msnarkJS[0m: betaTauG1: fft 10 join  9/10  1/2 2/8
[36;22m[DEBUG] [39;1msnarkJS[0m: betaTauG1: fft 10 join  9/10  1/2 4/8
[36;22m[DEBUG] [39;1msnarkJS[0m: betaTauG1: fft 10 join  9/10  1/2 1/8
[36;22m[DEBUG] [39;1msnarkJS[0m: betaTauG1: fft 10 join  9/10  1/2 3/8
[36;22m[DEBUG] [39;1msnarkJS[0m: betaTauG1: fft 10 join  9/10  1/2 5/8
[36;22m[DEBUG] [39;1msnarkJS[0m: betaTauG1: fft 10 join  9/10  1/2 7/8
[36;22m[DEBUG] [39;1msnarkJS[0m: betaTauG1: fft 10 join  9/10  2/2 2/8
[36;22m[DEBUG] [39;1msnarkJS[0m: betaTauG1: fft 10 join  9/10  1/2 6/8
[36;22m[DEBUG] [39;1msnarkJS[0m: betaTauG1: fft 10 join  9/10  2/2 1/8
[36;22m[DEBUG] [39;1msnarkJS[0m: betaTauG1: fft 10 join  9/10  2/2 3/8
[36;22m[DEBUG] [39;1msnarkJS[0m: betaTauG1: fft 10 join  9/10  2/2 6/8
[36;22m[DEBUG] [39;1msnarkJS[0m: betaTauG1: fft 10 join  9/10  2/2 7/8
[36;22m[DEBUG] [39;1msnarkJS[0m: betaTauG1: fft 10 join  9/10  2/2 4/8
[36;22m[DEBUG] [39;1msnarkJS[0m: betaTauG1: fft 10 join  9/10  1/2 0/8
[36;22m[DEBUG] [39;1msnarkJS[0m: betaTauG1: fft 10 join  9/10  2/2 5/8
[36;22m[DEBUG] [39;1msnarkJS[0m: betaTauG1: fft  10  join: 10/10
[36;22m[DEBUG] [39;1msnarkJS[0m: betaTauG1: fft 10 join  10/10  1/1 0/16
[36;22m[DEBUG] [39;1msnarkJS[0m: betaTauG1: fft 10 join  10/10  1/1 8/16
[36;22m[DEBUG] [39;1msnarkJS[0m: betaTauG1: fft 10 join  10/10  1/1 13/16
[36;22m[DEBUG] [39;1msnarkJS[0m: betaTauG1: fft 10 join  10/10  1/1 11/16
[36;22m[DEBUG] [39;1msnarkJS[0m: betaTauG1: fft 10 join  10/10  1/1 9/16
[36;22m[DEBUG] [39;1msnarkJS[0m: betaTauG1: fft 10 join  10/10  1/1 14/16
[36;22m[DEBUG] [39;1msnarkJS[0m: betaTauG1: fft 10 join  10/10  1/1 15/16
[36;22m[DEBUG] [39;1msnarkJS[0m: betaTauG1: fft 10 join  10/10  1/1 10/16
[36;22m[DEBUG] [39;1msnarkJS[0m: betaTauG1: fft 10 join  10/10  1/1 7/16
[36;22m[DEBUG] [39;1msnarkJS[0m: betaTauG1: fft 10 join  10/10  1/1 2/16
[36;22m[DEBUG] [39;1msnarkJS[0m: betaTauG1: fft 10 join  10/10  1/1 4/16
[36;22m[DEBUG] [39;1msnarkJS[0m: betaTauG1: fft 10 join  10/10  1/1 3/16
[36;22m[DEBUG] [39;1msnarkJS[0m: betaTauG1: fft 10 join  10/10  1/1 5/16
[36;22m[DEBUG] [39;1msnarkJS[0m: betaTauG1: fft 10 join  10/10  1/1 6/16
[36;22m[DEBUG] [39;1msnarkJS[0m: betaTauG1: fft 10 join  10/10  1/1 12/16
[36;22m[DEBUG] [39;1msnarkJS[0m: betaTauG1: fft 10 join  10/10  1/1 1/16
[36;22m[DEBUG] [39;1msnarkJS[0m: betaTauG1: fft 11 mix start: 0/32
[36;22m[DEBUG] [39;1msnarkJS[0m: betaTauG1: fft 11 mix start: 1/32
[36;22m[DEBUG] [39;1msnarkJS[0m: betaTauG1: fft 11 mix start: 2/32
[36;22m[DEBUG] [39;1msnarkJS[0m: betaTauG1: fft 11 mix start: 3/32
[36;22m[DEBUG] [39;1msnarkJS[0m: betaTauG1: fft 11 mix start: 4/32
[36;22m[DEBUG] [39;1msnarkJS[0m: betaTauG1: fft 11 mix start: 5/32
[36;22m[DEBUG] [39;1msnarkJS[0m: betaTauG1: fft 11 mix start: 6/32
[36;22m[DEBUG] [39;1msnarkJS[0m: betaTauG1: fft 11 mix start: 7/32
[36;22m[DEBUG] [39;1msnarkJS[0m: betaTauG1: fft 11 mix start: 8/32
[36;22m[DEBUG] [39;1msnarkJS[0m: betaTauG1: fft 11 mix start: 9/32
[36;22m[DEBUG] [39;1msnarkJS[0m: betaTauG1: fft 11 mix start: 10/32
[36;22m[DEBUG] [39;1msnarkJS[0m: betaTauG1: fft 11 mix start: 11/32
[36;22m[DEBUG] [39;1msnarkJS[0m: betaTauG1: fft 11 mix start: 12/32
[36;22m[DEBUG] [39;1msnarkJS[0m: betaTauG1: fft 11 mix start: 13/32
[36;22m[DEBUG] [39;1msnarkJS[0m: betaTauG1: fft 11 mix start: 14/32
[36;22m[DEBUG] [39;1msnarkJS[0m: betaTauG1: fft 11 mix start: 15/32
[36;22m[DEBUG] [39;1msnarkJS[0m: betaTauG1: fft 11 mix start: 16/32
[36;22m[DEBUG] [39;1msnarkJS[0m: betaTauG1: fft 11 mix start: 17/32
[36;22m[DEBUG] [39;1msnarkJS[0m: betaTauG1: fft 11 mix start: 18/32
[36;22m[DEBUG] [39;1msnarkJS[0m: betaTauG1: fft 11 mix start: 19/32
[36;22m[DEBUG] [39;1msnarkJS[0m: betaTauG1: fft 11 mix start: 20/32
[36;22m[DEBUG] [39;1msnarkJS[0m: betaTauG1: fft 11 mix start: 21/32
[36;22m[DEBUG] [39;1msnarkJS[0m: betaTauG1: fft 11 mix start: 22/32
[36;22m[DEBUG] [39;1msnarkJS[0m: betaTauG1: fft 11 mix start: 23/32
[36;22m[DEBUG] [39;1msnarkJS[0m: betaTauG1: fft 11 mix start: 24/32
[36;22m[DEBUG] [39;1msnarkJS[0m: betaTauG1: fft 11 mix start: 25/32
[36;22m[DEBUG] [39;1msnarkJS[0m: betaTauG1: fft 11 mix start: 26/32
[36;22m[DEBUG] [39;1msnarkJS[0m: betaTauG1: fft 11 mix start: 27/32
[36;22m[DEBUG] [39;1msnarkJS[0m: betaTauG1: fft 11 mix start: 28/32
[36;22m[DEBUG] [39;1msnarkJS[0m: betaTauG1: fft 11 mix start: 29/32
[36;22m[DEBUG] [39;1msnarkJS[0m: betaTauG1: fft 11 mix start: 30/32
[36;22m[DEBUG] [39;1msnarkJS[0m: betaTauG1: fft 11 mix start: 31/32
[36;22m[DEBUG] [39;1msnarkJS[0m: betaTauG1: fft 11 mix end: 0/32
[36;22m[DEBUG] [39;1msnarkJS[0m: betaTauG1: fft 11 mix end: 9/32
[36;22m[DEBUG] [39;1msnarkJS[0m: betaTauG1: fft 11 mix end: 5/32
[36;22m[DEBUG] [39;1msnarkJS[0m: betaTauG1: fft 11 mix end: 15/32
[36;22m[DEBUG] [39;1msnarkJS[0m: betaTauG1: fft 11 mix end: 2/32
[36;22m[DEBUG] [39;1msnarkJS[0m: betaTauG1: fft 11 mix end: 8/32
[36;22m[DEBUG] [39;1msnarkJS[0m: betaTauG1: fft 11 mix end: 4/32
[36;22m[DEBUG] [39;1msnarkJS[0m: betaTauG1: fft 11 mix end: 25/32
[36;22m[DEBUG] [39;1msnarkJS[0m: betaTauG1: fft 11 mix end: 28/32
[36;22m[DEBUG] [39;1msnarkJS[0m: betaTauG1: fft 11 mix end: 27/32
[36;22m[DEBUG] [39;1msnarkJS[0m: betaTauG1: fft 11 mix end: 19/32
[36;22m[DEBUG] [39;1msnarkJS[0m: betaTauG1: fft 11 mix end: 26/32
[36;22m[DEBUG] [39;1msnarkJS[0m: betaTauG1: fft 11 mix end: 6/32
[36;22m[DEBUG] [39;1msnarkJS[0m: betaTauG1: fft 11 mix end: 17/32
[36;22m[DEBUG] [39;1msnarkJS[0m: betaTauG1: fft 11 mix end: 1/32
[36;22m[DEBUG] [39;1msnarkJS[0m: betaTauG1: fft 11 mix end: 3/32
[36;22m[DEBUG] [39;1msnarkJS[0m: betaTauG1: fft 11 mix end: 12/32
[36;22m[DEBUG] [39;1msnarkJS[0m: betaTauG1: fft 11 mix end: 13/32
[36;22m[DEBUG] [39;1msnarkJS[0m: betaTauG1: fft 11 mix end: 7/32
[36;22m[DEBUG] [39;1msnarkJS[0m: betaTauG1: fft 11 mix end: 11/32
[36;22m[DEBUG] [39;1msnarkJS[0m: betaTauG1: fft 11 mix end: 10/32
[36;22m[DEBUG] [39;1msnarkJS[0m: betaTauG1: fft 11 mix end: 21/32
[36;22m[DEBUG] [39;1msnarkJS[0m: betaTauG1: fft 11 mix end: 20/32
[36;22m[DEBUG] [39;1msnarkJS[0m: betaTauG1: fft 11 mix end: 18/32
[36;22m[DEBUG] [39;1msnarkJS[0m: betaTauG1: fft 11 mix end: 22/32
[36;22m[DEBUG] [39;1msnarkJS[0m: betaTauG1: fft 11 mix end: 30/32
[36;22m[DEBUG] [39;1msnarkJS[0m: betaTauG1: fft 11 mix end: 14/32
[36;22m[DEBUG] [39;1msnarkJS[0m: betaTauG1: fft 11 mix end: 31/32
[36;22m[DEBUG] [39;1msnarkJS[0m: betaTauG1: fft 11 mix end: 16/32
[36;22m[DEBUG] [39;1msnarkJS[0m: betaTauG1: fft 11 mix end: 23/32
[36;22m[DEBUG] [39;1msnarkJS[0m: betaTauG1: fft 11 mix end: 29/32
[36;22m[DEBUG] [39;1msnarkJS[0m: betaTauG1: fft 11 mix end: 24/32
[36;22m[DEBUG] [39;1msnarkJS[0m: betaTauG1: fft  11  join: 7/11
[36;22m[DEBUG] [39;1msnarkJS[0m: betaTauG1: fft 11 join  7/11  2/16 0/1
[36;22m[DEBUG] [39;1msnarkJS[0m: betaTauG1: fft 11 join  7/11  4/16 0/1
[36;22m[DEBUG] [39;1msnarkJS[0m: betaTauG1: fft 11 join  7/11  10/16 0/1
[36;22m[DEBUG] [39;1msnarkJS[0m: betaTauG1: fft 11 join  7/11  6/16 0/1
[36;22m[DEBUG] [39;1msnarkJS[0m: betaTauG1: fft 11 join  7/11  7/16 0/1
[36;22m[DEBUG] [39;1msnarkJS[0m: betaTauG1: fft 11 join  7/11  9/16 0/1
[36;22m[DEBUG] [39;1msnarkJS[0m: betaTauG1: fft 11 join  7/11  3/16 0/1
[36;22m[DEBUG] [39;1msnarkJS[0m: betaTauG1: fft 11 join  7/11  16/16 0/1
[36;22m[DEBUG] [39;1msnarkJS[0m: betaTauG1: fft 11 join  7/11  1/16 0/1
[36;22m[DEBUG] [39;1msnarkJS[0m: betaTauG1: fft 11 join  7/11  5/16 0/1
[36;22m[DEBUG] [39;1msnarkJS[0m: betaTauG1: fft 11 join  7/11  15/16 0/1
[36;22m[DEBUG] [39;1msnarkJS[0m: betaTauG1: fft 11 join  7/11  13/16 0/1
[36;22m[DEBUG] [39;1msnarkJS[0m: betaTauG1: fft 11 join  7/11  14/16 0/1
[36;22m[DEBUG] [39;1msnarkJS[0m: betaTauG1: fft 11 join  7/11  8/16 0/1
[36;22m[DEBUG] [39;1msnarkJS[0m: betaTauG1: fft 11 join  7/11  11/16 0/1
[36;22m[DEBUG] [39;1msnarkJS[0m: betaTauG1: fft 11 join  7/11  12/16 0/1
[36;22m[DEBUG] [39;1msnarkJS[0m: betaTauG1: fft  11  join: 8/11
[36;22m[DEBUG] [39;1msnarkJS[0m: betaTauG1: fft 11 join  8/11  1/8 0/2
[36;22m[DEBUG] [39;1msnarkJS[0m: betaTauG1: fft 11 join  8/11  2/8 0/2
[36;22m[DEBUG] [39;1msnarkJS[0m: betaTauG1: fft 11 join  8/11  3/8 0/2
[36;22m[DEBUG] [39;1msnarkJS[0m: betaTauG1: fft 11 join  8/11  4/8 0/2
[36;22m[DEBUG] [39;1msnarkJS[0m: betaTauG1: fft 11 join  8/11  6/8 0/2
[36;22m[DEBUG] [39;1msnarkJS[0m: betaTauG1: fft 11 join  8/11  1/8 1/2
[36;22m[DEBUG] [39;1msnarkJS[0m: betaTauG1: fft 11 join  8/11  8/8 0/2
[36;22m[DEBUG] [39;1msnarkJS[0m: betaTauG1: fft 11 join  8/11  5/8 0/2
[36;22m[DEBUG] [39;1msnarkJS[0m: betaTauG1: fft 11 join  8/11  2/8 1/2
[36;22m[DEBUG] [39;1msnarkJS[0m: betaTauG1: fft 11 join  8/11  3/8 1/2
[36;22m[DEBUG] [39;1msnarkJS[0m: betaTauG1: fft 11 join  8/11  4/8 1/2
[36;22m[DEBUG] [39;1msnarkJS[0m: betaTauG1: fft 11 join  8/11  5/8 1/2
[36;22m[DEBUG] [39;1msnarkJS[0m: betaTauG1: fft 11 join  8/11  6/8 1/2
[36;22m[DEBUG] [39;1msnarkJS[0m: betaTauG1: fft 11 join  8/11  7/8 0/2
[36;22m[DEBUG] [39;1msnarkJS[0m: betaTauG1: fft 11 join  8/11  7/8 1/2
[36;22m[DEBUG] [39;1msnarkJS[0m: betaTauG1: fft 11 join  8/11  8/8 1/2
[36;22m[DEBUG] [39;1msnarkJS[0m: betaTauG1: fft  11  join: 9/11
[36;22m[DEBUG] [39;1msnarkJS[0m: betaTauG1: fft 11 join  9/11  1/4 0/4
[36;22m[DEBUG] [39;1msnarkJS[0m: betaTauG1: fft 11 join  9/11  2/4 0/4
[36;22m[DEBUG] [39;1msnarkJS[0m: betaTauG1: fft 11 join  9/11  3/4 0/4
[36;22m[DEBUG] [39;1msnarkJS[0m: betaTauG1: fft 11 join  9/11  1/4 1/4
[36;22m[DEBUG] [39;1msnarkJS[0m: betaTauG1: fft 11 join  9/11  1/4 2/4
[36;22m[DEBUG] [39;1msnarkJS[0m: betaTauG1: fft 11 join  9/11  1/4 3/4
[36;22m[DEBUG] [39;1msnarkJS[0m: betaTauG1: fft 11 join  9/11  2/4 2/4
[36;22m[DEBUG] [39;1msnarkJS[0m: betaTauG1: fft 11 join  9/11  3/4 2/4
[36;22m[DEBUG] [39;1msnarkJS[0m: betaTauG1: fft 11 join  9/11  4/4 0/4
[36;22m[DEBUG] [39;1msnarkJS[0m: betaTauG1: fft 11 join  9/11  2/4 3/4
[36;22m[DEBUG] [39;1msnarkJS[0m: betaTauG1: fft 11 join  9/11  3/4 3/4
[36;22m[DEBUG] [39;1msnarkJS[0m: betaTauG1: fft 11 join  9/11  2/4 1/4
[36;22m[DEBUG] [39;1msnarkJS[0m: betaTauG1: fft 11 join  9/11  3/4 1/4
[36;22m[DEBUG] [39;1msnarkJS[0m: betaTauG1: fft 11 join  9/11  4/4 2/4
[36;22m[DEBUG] [39;1msnarkJS[0m: betaTauG1: fft 11 join  9/11  4/4 3/4
[36;22m[DEBUG] [39;1msnarkJS[0m: betaTauG1: fft 11 join  9/11  4/4 1/4
[36;22m[DEBUG] [39;1msnarkJS[0m: betaTauG1: fft  11  join: 10/11
[36;22m[DEBUG] [39;1msnarkJS[0m: betaTauG1: fft 11 join  10/11  1/2 0/8
[36;22m[DEBUG] [39;1msnarkJS[0m: betaTauG1: fft 11 join  10/11  2/2 0/8
[36;22m[DEBUG] [39;1msnarkJS[0m: betaTauG1: fft 11 join  10/11  1/2 1/8
[36;22m[DEBUG] [39;1msnarkJS[0m: betaTauG1: fft 11 join  10/11  1/2 2/8
[36;22m[DEBUG] [39;1msnarkJS[0m: betaTauG1: fft 11 join  10/11  1/2 3/8
[36;22m[DEBUG] [39;1msnarkJS[0m: betaTauG1: fft 11 join  10/11  1/2 5/8
[36;22m[DEBUG] [39;1msnarkJS[0m: betaTauG1: fft 11 join  10/11  1/2 6/8
[36;22m[DEBUG] [39;1msnarkJS[0m: betaTauG1: fft 11 join  10/11  1/2 7/8
[36;22m[DEBUG] [39;1msnarkJS[0m: betaTauG1: fft 11 join  10/11  2/2 1/8
[36;22m[DEBUG] [39;1msnarkJS[0m: betaTauG1: fft 11 join  10/11  2/2 2/8
[36;22m[DEBUG] [39;1msnarkJS[0m: betaTauG1: fft 11 join  10/11  2/2 3/8
[36;22m[DEBUG] [39;1msnarkJS[0m: betaTauG1: fft 11 join  10/11  2/2 5/8
[36;22m[DEBUG] [39;1msnarkJS[0m: betaTauG1: fft 11 join  10/11  2/2 6/8
[36;22m[DEBUG] [39;1msnarkJS[0m: betaTauG1: fft 11 join  10/11  2/2 7/8
[36;22m[DEBUG] [39;1msnarkJS[0m: betaTauG1: fft 11 join  10/11  1/2 4/8
[36;22m[DEBUG] [39;1msnarkJS[0m: betaTauG1: fft 11 join  10/11  2/2 4/8
[36;22m[DEBUG] [39;1msnarkJS[0m: betaTauG1: fft  11  join: 11/11
[36;22m[DEBUG] [39;1msnarkJS[0m: betaTauG1: fft 11 join  11/11  1/1 0/16
[36;22m[DEBUG] [39;1msnarkJS[0m: betaTauG1: fft 11 join  11/11  1/1 2/16
[36;22m[DEBUG] [39;1msnarkJS[0m: betaTauG1: fft 11 join  11/11  1/1 3/16
[36;22m[DEBUG] [39;1msnarkJS[0m: betaTauG1: fft 11 join  11/11  1/1 4/16
[36;22m[DEBUG] [39;1msnarkJS[0m: betaTauG1: fft 11 join  11/11  1/1 6/16
[36;22m[DEBUG] [39;1msnarkJS[0m: betaTauG1: fft 11 join  11/11  1/1 9/16
[36;22m[DEBUG] [39;1msnarkJS[0m: betaTauG1: fft 11 join  11/11  1/1 10/16
[36;22m[DEBUG] [39;1msnarkJS[0m: betaTauG1: fft 11 join  11/11  1/1 11/16
[36;22m[DEBUG] [39;1msnarkJS[0m: betaTauG1: fft 11 join  11/11  1/1 14/16
[36;22m[DEBUG] [39;1msnarkJS[0m: betaTauG1: fft 11 join  11/11  1/1 1/16
[36;22m[DEBUG] [39;1msnarkJS[0m: betaTauG1: fft 11 join  11/11  1/1 5/16
[36;22m[DEBUG] [39;1msnarkJS[0m: betaTauG1: fft 11 join  11/11  1/1 13/16
[36;22m[DEBUG] [39;1msnarkJS[0m: betaTauG1: fft 11 join  11/11  1/1 15/16
[36;22m[DEBUG] [39;1msnarkJS[0m: betaTauG1: fft 11 join  11/11  1/1 12/16
[36;22m[DEBUG] [39;1msnarkJS[0m: betaTauG1: fft 11 join  11/11  1/1 8/16
[36;22m[DEBUG] [39;1msnarkJS[0m: betaTauG1: fft 11 join  11/11  1/1 7/16
[36;22m[DEBUG] [39;1msnarkJS[0m: betaTauG1: fft 12 mix start: 0/32
[36;22m[DEBUG] [39;1msnarkJS[0m: betaTauG1: fft 12 mix start: 1/32
[36;22m[DEBUG] [39;1msnarkJS[0m: betaTauG1: fft 12 mix start: 2/32
[36;22m[DEBUG] [39;1msnarkJS[0m: betaTauG1: fft 12 mix start: 3/32
[36;22m[DEBUG] [39;1msnarkJS[0m: betaTauG1: fft 12 mix start: 4/32
[36;22m[DEBUG] [39;1msnarkJS[0m: betaTauG1: fft 12 mix start: 5/32
[36;22m[DEBUG] [39;1msnarkJS[0m: betaTauG1: fft 12 mix start: 6/32
[36;22m[DEBUG] [39;1msnarkJS[0m: betaTauG1: fft 12 mix start: 7/32
[36;22m[DEBUG] [39;1msnarkJS[0m: betaTauG1: fft 12 mix start: 8/32
[36;22m[DEBUG] [39;1msnarkJS[0m: betaTauG1: fft 12 mix start: 9/32
[36;22m[DEBUG] [39;1msnarkJS[0m: betaTauG1: fft 12 mix start: 10/32
[36;22m[DEBUG] [39;1msnarkJS[0m: betaTauG1: fft 12 mix start: 11/32
[36;22m[DEBUG] [39;1msnarkJS[0m: betaTauG1: fft 12 mix start: 12/32
[36;22m[DEBUG] [39;1msnarkJS[0m: betaTauG1: fft 12 mix start: 13/32
[36;22m[DEBUG] [39;1msnarkJS[0m: betaTauG1: fft 12 mix start: 14/32
[36;22m[DEBUG] [39;1msnarkJS[0m: betaTauG1: fft 12 mix start: 15/32
[36;22m[DEBUG] [39;1msnarkJS[0m: betaTauG1: fft 12 mix start: 16/32
[36;22m[DEBUG] [39;1msnarkJS[0m: betaTauG1: fft 12 mix start: 17/32
[36;22m[DEBUG] [39;1msnarkJS[0m: betaTauG1: fft 12 mix start: 18/32
[36;22m[DEBUG] [39;1msnarkJS[0m: betaTauG1: fft 12 mix start: 19/32
[36;22m[DEBUG] [39;1msnarkJS[0m: betaTauG1: fft 12 mix start: 20/32
[36;22m[DEBUG] [39;1msnarkJS[0m: betaTauG1: fft 12 mix start: 21/32
[36;22m[DEBUG] [39;1msnarkJS[0m: betaTauG1: fft 12 mix start: 22/32
[36;22m[DEBUG] [39;1msnarkJS[0m: betaTauG1: fft 12 mix start: 23/32
[36;22m[DEBUG] [39;1msnarkJS[0m: betaTauG1: fft 12 mix start: 24/32
[36;22m[DEBUG] [39;1msnarkJS[0m: betaTauG1: fft 12 mix start: 25/32
[36;22m[DEBUG] [39;1msnarkJS[0m: betaTauG1: fft 12 mix start: 26/32
[36;22m[DEBUG] [39;1msnarkJS[0m: betaTauG1: fft 12 mix start: 27/32
[36;22m[DEBUG] [39;1msnarkJS[0m: betaTauG1: fft 12 mix start: 28/32
[36;22m[DEBUG] [39;1msnarkJS[0m: betaTauG1: fft 12 mix start: 29/32
[36;22m[DEBUG] [39;1msnarkJS[0m: betaTauG1: fft 12 mix start: 30/32
[36;22m[DEBUG] [39;1msnarkJS[0m: betaTauG1: fft 12 mix start: 31/32
[36;22m[DEBUG] [39;1msnarkJS[0m: betaTauG1: fft 12 mix end: 2/32
[36;22m[DEBUG] [39;1msnarkJS[0m: betaTauG1: fft 12 mix end: 5/32
[36;22m[DEBUG] [39;1msnarkJS[0m: betaTauG1: fft 12 mix end: 15/32
[36;22m[DEBUG] [39;1msnarkJS[0m: betaTauG1: fft 12 mix end: 20/32
[36;22m[DEBUG] [39;1msnarkJS[0m: betaTauG1: fft 12 mix end: 8/32
[36;22m[DEBUG] [39;1msnarkJS[0m: betaTauG1: fft 12 mix end: 0/32
[36;22m[DEBUG] [39;1msnarkJS[0m: betaTauG1: fft 12 mix end: 4/32
[36;22m[DEBUG] [39;1msnarkJS[0m: betaTauG1: fft 12 mix end: 28/32
[36;22m[DEBUG] [39;1msnarkJS[0m: betaTauG1: fft 12 mix end: 26/32
[36;22m[DEBUG] [39;1msnarkJS[0m: betaTauG1: fft 12 mix end: 27/32
[36;22m[DEBUG] [39;1msnarkJS[0m: betaTauG1: fft 12 mix end: 12/32
[36;22m[DEBUG] [39;1msnarkJS[0m: betaTauG1: fft 12 mix end: 9/32
[36;22m[DEBUG] [39;1msnarkJS[0m: betaTauG1: fft 12 mix end: 29/32
[36;22m[DEBUG] [39;1msnarkJS[0m: betaTauG1: fft 12 mix end: 1/32
[36;22m[DEBUG] [39;1msnarkJS[0m: betaTauG1: fft 12 mix end: 3/32
[36;22m[DEBUG] [39;1msnarkJS[0m: betaTauG1: fft 12 mix end: 11/32
[36;22m[DEBUG] [39;1msnarkJS[0m: betaTauG1: fft 12 mix end: 21/32
[36;22m[DEBUG] [39;1msnarkJS[0m: betaTauG1: fft 12 mix end: 17/32
[36;22m[DEBUG] [39;1msnarkJS[0m: betaTauG1: fft 12 mix end: 25/32
[36;22m[DEBUG] [39;1msnarkJS[0m: betaTauG1: fft 12 mix end: 19/32
[36;22m[DEBUG] [39;1msnarkJS[0m: betaTauG1: fft 12 mix end: 22/32
[36;22m[DEBUG] [39;1msnarkJS[0m: betaTauG1: fft 12 mix end: 14/32
[36;22m[DEBUG] [39;1msnarkJS[0m: betaTauG1: fft 12 mix end: 7/32
[36;22m[DEBUG] [39;1msnarkJS[0m: betaTauG1: fft 12 mix end: 6/32
[36;22m[DEBUG] [39;1msnarkJS[0m: betaTauG1: fft 12 mix end: 13/32
[36;22m[DEBUG] [39;1msnarkJS[0m: betaTauG1: fft 12 mix end: 16/32
[36;22m[DEBUG] [39;1msnarkJS[0m: betaTauG1: fft 12 mix end: 10/32
[36;22m[DEBUG] [39;1msnarkJS[0m: betaTauG1: fft 12 mix end: 18/32
[36;22m[DEBUG] [39;1msnarkJS[0m: betaTauG1: fft 12 mix end: 30/32
[36;22m[DEBUG] [39;1msnarkJS[0m: betaTauG1: fft 12 mix end: 31/32
[36;22m[DEBUG] [39;1msnarkJS[0m: betaTauG1: fft 12 mix end: 23/32
[36;22m[DEBUG] [39;1msnarkJS[0m: betaTauG1: fft 12 mix end: 24/32
[36;22m[DEBUG] [39;1msnarkJS[0m: betaTauG1: fft  12  join: 8/12
[36;22m[DEBUG] [39;1msnarkJS[0m: betaTauG1: fft 12 join  8/12  4/16 0/1
[36;22m[DEBUG] [39;1msnarkJS[0m: betaTauG1: fft 12 join  8/12  7/16 0/1
[36;22m[DEBUG] [39;1msnarkJS[0m: betaTauG1: fft 12 join  8/12  1/16 0/1
[36;22m[DEBUG] [39;1msnarkJS[0m: betaTauG1: fft 12 join  8/12  3/16 0/1
[36;22m[DEBUG] [39;1msnarkJS[0m: betaTauG1: fft 12 join  8/12  6/16 0/1
[36;22m[DEBUG] [39;1msnarkJS[0m: betaTauG1: fft 12 join  8/12  14/16 0/1
[36;22m[DEBUG] [39;1msnarkJS[0m: betaTauG1: fft 12 join  8/12  2/16 0/1
[36;22m[DEBUG] [39;1msnarkJS[0m: betaTauG1: fft 12 join  8/12  5/16 0/1
[36;22m[DEBUG] [39;1msnarkJS[0m: betaTauG1: fft 12 join  8/12  11/16 0/1
[36;22m[DEBUG] [39;1msnarkJS[0m: betaTauG1: fft 12 join  8/12  15/16 0/1
[36;22m[DEBUG] [39;1msnarkJS[0m: betaTauG1: fft 12 join  8/12  16/16 0/1
[36;22m[DEBUG] [39;1msnarkJS[0m: betaTauG1: fft 12 join  8/12  8/16 0/1
[36;22m[DEBUG] [39;1msnarkJS[0m: betaTauG1: fft 12 join  8/12  10/16 0/1
[36;22m[DEBUG] [39;1msnarkJS[0m: betaTauG1: fft 12 join  8/12  12/16 0/1
[36;22m[DEBUG] [39;1msnarkJS[0m: betaTauG1: fft 12 join  8/12  13/16 0/1
[36;22m[DEBUG] [39;1msnarkJS[0m: betaTauG1: fft 12 join  8/12  9/16 0/1
[36;22m[DEBUG] [39;1msnarkJS[0m: betaTauG1: fft  12  join: 9/12
[36;22m[DEBUG] [39;1msnarkJS[0m: betaTauG1: fft 12 join  9/12  1/8 0/2
[36;22m[DEBUG] [39;1msnarkJS[0m: betaTauG1: fft 12 join  9/12  3/8 0/2
[36;22m[DEBUG] [39;1msnarkJS[0m: betaTauG1: fft 12 join  9/12  4/8 0/2
[36;22m[DEBUG] [39;1msnarkJS[0m: betaTauG1: fft 12 join  9/12  1/8 1/2
[36;22m[DEBUG] [39;1msnarkJS[0m: betaTauG1: fft 12 join  9/12  2/8 0/2
[36;22m[DEBUG] [39;1msnarkJS[0m: betaTauG1: fft 12 join  9/12  5/8 0/2
[36;22m[DEBUG] [39;1msnarkJS[0m: betaTauG1: fft 12 join  9/12  6/8 0/2
[36;22m[DEBUG] [39;1msnarkJS[0m: betaTauG1: fft 12 join  9/12  3/8 1/2
[36;22m[DEBUG] [39;1msnarkJS[0m: betaTauG1: fft 12 join  9/12  8/8 0/2
[36;22m[DEBUG] [39;1msnarkJS[0m: betaTauG1: fft 12 join  9/12  2/8 1/2
[36;22m[DEBUG] [39;1msnarkJS[0m: betaTauG1: fft 12 join  9/12  6/8 1/2
[36;22m[DEBUG] [39;1msnarkJS[0m: betaTauG1: fft 12 join  9/12  5/8 1/2
[36;22m[DEBUG] [39;1msnarkJS[0m: betaTauG1: fft 12 join  9/12  8/8 1/2
[36;22m[DEBUG] [39;1msnarkJS[0m: betaTauG1: fft 12 join  9/12  4/8 1/2
[36;22m[DEBUG] [39;1msnarkJS[0m: betaTauG1: fft 12 join  9/12  7/8 0/2
[36;22m[DEBUG] [39;1msnarkJS[0m: betaTauG1: fft 12 join  9/12  7/8 1/2
[36;22m[DEBUG] [39;1msnarkJS[0m: betaTauG1: fft  12  join: 10/12
[36;22m[DEBUG] [39;1msnarkJS[0m: betaTauG1: fft 12 join  10/12  1/4 0/4
[36;22m[DEBUG] [39;1msnarkJS[0m: betaTauG1: fft 12 join  10/12  1/4 2/4
[36;22m[DEBUG] [39;1msnarkJS[0m: betaTauG1: fft 12 join  10/12  1/4 1/4
[36;22m[DEBUG] [39;1msnarkJS[0m: betaTauG1: fft 12 join  10/12  2/4 2/4
[36;22m[DEBUG] [39;1msnarkJS[0m: betaTauG1: fft 12 join  10/12  1/4 3/4
[36;22m[DEBUG] [39;1msnarkJS[0m: betaTauG1: fft 12 join  10/12  3/4 3/4
[36;22m[DEBUG] [39;1msnarkJS[0m: betaTauG1: fft 12 join  10/12  4/4 2/4
[36;22m[DEBUG] [39;1msnarkJS[0m: betaTauG1: fft 12 join  10/12  4/4 3/4
[36;22m[DEBUG] [39;1msnarkJS[0m: betaTauG1: fft 12 join  10/12  2/4 1/4
[36;22m[DEBUG] [39;1msnarkJS[0m: betaTauG1: fft 12 join  10/12  2/4 3/4
[36;22m[DEBUG] [39;1msnarkJS[0m: betaTauG1: fft 12 join  10/12  3/4 0/4
[36;22m[DEBUG] [39;1msnarkJS[0m: betaTauG1: fft 12 join  10/12  3/4 2/4
[36;22m[DEBUG] [39;1msnarkJS[0m: betaTauG1: fft 12 join  10/12  3/4 1/4
[36;22m[DEBUG] [39;1msnarkJS[0m: betaTauG1: fft 12 join  10/12  4/4 1/4
[36;22m[DEBUG] [39;1msnarkJS[0m: betaTauG1: fft 12 join  10/12  4/4 0/4
[36;22m[DEBUG] [39;1msnarkJS[0m: betaTauG1: fft 12 join  10/12  2/4 0/4
[36;22m[DEBUG] [39;1msnarkJS[0m: betaTauG1: fft  12  join: 11/12
[36;22m[DEBUG] [39;1msnarkJS[0m: betaTauG1: fft 12 join  11/12  1/2 0/8
[36;22m[DEBUG] [39;1msnarkJS[0m: betaTauG1: fft 12 join  11/12  1/2 2/8
[36;22m[DEBUG] [39;1msnarkJS[0m: betaTauG1: fft 12 join  11/12  1/2 4/8
[36;22m[DEBUG] [39;1msnarkJS[0m: betaTauG1: fft 12 join  11/12  1/2 5/8
[36;22m[DEBUG] [39;1msnarkJS[0m: betaTauG1: fft 12 join  11/12  1/2 6/8
[36;22m[DEBUG] [39;1msnarkJS[0m: betaTauG1: fft 12 join  11/12  2/2 5/8
[36;22m[DEBUG] [39;1msnarkJS[0m: betaTauG1: fft 12 join  11/12  1/2 1/8
[36;22m[DEBUG] [39;1msnarkJS[0m: betaTauG1: fft 12 join  11/12  1/2 3/8
[36;22m[DEBUG] [39;1msnarkJS[0m: betaTauG1: fft 12 join  11/12  2/2 0/8
[36;22m[DEBUG] [39;1msnarkJS[0m: betaTauG1: fft 12 join  11/12  2/2 2/8
[36;22m[DEBUG] [39;1msnarkJS[0m: betaTauG1: fft 12 join  11/12  2/2 3/8
[36;22m[DEBUG] [39;1msnarkJS[0m: betaTauG1: fft 12 join  11/12  2/2 6/8
[36;22m[DEBUG] [39;1msnarkJS[0m: betaTauG1: fft 12 join  11/12  2/2 7/8
[36;22m[DEBUG] [39;1msnarkJS[0m: betaTauG1: fft 12 join  11/12  1/2 7/8
[36;22m[DEBUG] [39;1msnarkJS[0m: betaTauG1: fft 12 join  11/12  2/2 1/8
[36;22m[DEBUG] [39;1msnarkJS[0m: betaTauG1: fft 12 join  11/12  2/2 4/8
[36;22m[DEBUG] [39;1msnarkJS[0m: betaTauG1: fft  12  join: 12/12
[36;22m[DEBUG] [39;1msnarkJS[0m: betaTauG1: fft 12 join  12/12  1/1 0/16
[36;22m[DEBUG] [39;1msnarkJS[0m: betaTauG1: fft 12 join  12/12  1/1 2/16
[36;22m[DEBUG] [39;1msnarkJS[0m: betaTauG1: fft 12 join  12/12  1/1 4/16
[36;22m[DEBUG] [39;1msnarkJS[0m: betaTauG1: fft 12 join  12/12  1/1 6/16
[36;22m[DEBUG] [39;1msnarkJS[0m: betaTauG1: fft 12 join  12/12  1/1 1/16
[36;22m[DEBUG] [39;1msnarkJS[0m: betaTauG1: fft 12 join  12/12  1/1 11/16
[36;22m[DEBUG] [39;1msnarkJS[0m: betaTauG1: fft 12 join  12/12  1/1 10/16
[36;22m[DEBUG] [39;1msnarkJS[0m: betaTauG1: fft 12 join  12/12  1/1 13/16
[36;22m[DEBUG] [39;1msnarkJS[0m: betaTauG1: fft 12 join  12/12  1/1 14/16
[36;22m[DEBUG] [39;1msnarkJS[0m: betaTauG1: fft 12 join  12/12  1/1 3/16
[36;22m[DEBUG] [39;1msnarkJS[0m: betaTauG1: fft 12 join  12/12  1/1 7/16
[36;22m[DEBUG] [39;1msnarkJS[0m: betaTauG1: fft 12 join  12/12  1/1 8/16
[36;22m[DEBUG] [39;1msnarkJS[0m: betaTauG1: fft 12 join  12/12  1/1 9/16
[36;22m[DEBUG] [39;1msnarkJS[0m: betaTauG1: fft 12 join  12/12  1/1 5/16
[36;22m[DEBUG] [39;1msnarkJS[0m: betaTauG1: fft 12 join  12/12  1/1 15/16
[36;22m[DEBUG] [39;1msnarkJS[0m: betaTauG1: fft 12 join  12/12  1/1 12/16
[36;22m[DEBUG] [39;1msnarkJS[0m: betaTauG1: fft 13 mix start: 0/32
[36;22m[DEBUG] [39;1msnarkJS[0m: betaTauG1: fft 13 mix start: 1/32
[36;22m[DEBUG] [39;1msnarkJS[0m: betaTauG1: fft 13 mix start: 2/32
[36;22m[DEBUG] [39;1msnarkJS[0m: betaTauG1: fft 13 mix start: 3/32
[36;22m[DEBUG] [39;1msnarkJS[0m: betaTauG1: fft 13 mix start: 4/32
[36;22m[DEBUG] [39;1msnarkJS[0m: betaTauG1: fft 13 mix start: 5/32
[36;22m[DEBUG] [39;1msnarkJS[0m: betaTauG1: fft 13 mix start: 6/32
[36;22m[DEBUG] [39;1msnarkJS[0m: betaTauG1: fft 13 mix start: 7/32
[36;22m[DEBUG] [39;1msnarkJS[0m: betaTauG1: fft 13 mix start: 8/32
[36;22m[DEBUG] [39;1msnarkJS[0m: betaTauG1: fft 13 mix start: 9/32
[36;22m[DEBUG] [39;1msnarkJS[0m: betaTauG1: fft 13 mix start: 10/32
[36;22m[DEBUG] [39;1msnarkJS[0m: betaTauG1: fft 13 mix start: 11/32
[36;22m[DEBUG] [39;1msnarkJS[0m: betaTauG1: fft 13 mix start: 12/32
[36;22m[DEBUG] [39;1msnarkJS[0m: betaTauG1: fft 13 mix start: 13/32
[36;22m[DEBUG] [39;1msnarkJS[0m: betaTauG1: fft 13 mix start: 14/32
[36;22m[DEBUG] [39;1msnarkJS[0m: betaTauG1: fft 13 mix start: 15/32
[36;22m[DEBUG] [39;1msnarkJS[0m: betaTauG1: fft 13 mix start: 16/32
[36;22m[DEBUG] [39;1msnarkJS[0m: betaTauG1: fft 13 mix start: 17/32
[36;22m[DEBUG] [39;1msnarkJS[0m: betaTauG1: fft 13 mix start: 18/32
[36;22m[DEBUG] [39;1msnarkJS[0m: betaTauG1: fft 13 mix start: 19/32
[36;22m[DEBUG] [39;1msnarkJS[0m: betaTauG1: fft 13 mix start: 20/32
[36;22m[DEBUG] [39;1msnarkJS[0m: betaTauG1: fft 13 mix start: 21/32
[36;22m[DEBUG] [39;1msnarkJS[0m: betaTauG1: fft 13 mix start: 22/32
[36;22m[DEBUG] [39;1msnarkJS[0m: betaTauG1: fft 13 mix start: 23/32
[36;22m[DEBUG] [39;1msnarkJS[0m: betaTauG1: fft 13 mix start: 24/32
[36;22m[DEBUG] [39;1msnarkJS[0m: betaTauG1: fft 13 mix start: 25/32
[36;22m[DEBUG] [39;1msnarkJS[0m: betaTauG1: fft 13 mix start: 26/32
[36;22m[DEBUG] [39;1msnarkJS[0m: betaTauG1: fft 13 mix start: 27/32
[36;22m[DEBUG] [39;1msnarkJS[0m: betaTauG1: fft 13 mix start: 28/32
[36;22m[DEBUG] [39;1msnarkJS[0m: betaTauG1: fft 13 mix start: 29/32
[36;22m[DEBUG] [39;1msnarkJS[0m: betaTauG1: fft 13 mix start: 30/32
[36;22m[DEBUG] [39;1msnarkJS[0m: betaTauG1: fft 13 mix start: 31/32
[36;22m[DEBUG] [39;1msnarkJS[0m: betaTauG1: fft 13 mix end: 0/32
[36;22m[DEBUG] [39;1msnarkJS[0m: betaTauG1: fft 13 mix end: 1/32
[36;22m[DEBUG] [39;1msnarkJS[0m: betaTauG1: fft 13 mix end: 2/32
[36;22m[DEBUG] [39;1msnarkJS[0m: betaTauG1: fft 13 mix end: 3/32
[36;22m[DEBUG] [39;1msnarkJS[0m: betaTauG1: fft 13 mix end: 4/32
[36;22m[DEBUG] [39;1msnarkJS[0m: betaTauG1: fft 13 mix end: 9/32
[36;22m[DEBUG] [39;1msnarkJS[0m: betaTauG1: fft 13 mix end: 12/32
[36;22m[DEBUG] [39;1msnarkJS[0m: betaTauG1: fft 13 mix end: 15/32
[36;22m[DEBUG] [39;1msnarkJS[0m: betaTauG1: fft 13 mix end: 22/32
[36;22m[DEBUG] [39;1msnarkJS[0m: betaTauG1: fft 13 mix end: 26/32
[36;22m[DEBUG] [39;1msnarkJS[0m: betaTauG1: fft 13 mix end: 27/32
[36;22m[DEBUG] [39;1msnarkJS[0m: betaTauG1: fft 13 mix end: 29/32
[36;22m[DEBUG] [39;1msnarkJS[0m: betaTauG1: fft 13 mix end: 8/32
[36;22m[DEBUG] [39;1msnarkJS[0m: betaTauG1: fft 13 mix end: 11/32
[36;22m[DEBUG] [39;1msnarkJS[0m: betaTauG1: fft 13 mix end: 17/32
[36;22m[DEBUG] [39;1msnarkJS[0m: betaTauG1: fft 13 mix end: 5/32
[36;22m[DEBUG] [39;1msnarkJS[0m: betaTauG1: fft 13 mix end: 21/32
[36;22m[DEBUG] [39;1msnarkJS[0m: betaTauG1: fft 13 mix end: 14/32
[36;22m[DEBUG] [39;1msnarkJS[0m: betaTauG1: fft 13 mix end: 28/32
[36;22m[DEBUG] [39;1msnarkJS[0m: betaTauG1: fft 13 mix end: 25/32
[36;22m[DEBUG] [39;1msnarkJS[0m: betaTauG1: fft 13 mix end: 20/32
[36;22m[DEBUG] [39;1msnarkJS[0m: betaTauG1: fft 13 mix end: 19/32
[36;22m[DEBUG] [39;1msnarkJS[0m: betaTauG1: fft 13 mix end: 23/32
[36;22m[DEBUG] [39;1msnarkJS[0m: betaTauG1: fft 13 mix end: 24/32
[36;22m[DEBUG] [39;1msnarkJS[0m: betaTauG1: fft 13 mix end: 6/32
[36;22m[DEBUG] [39;1msnarkJS[0m: betaTauG1: fft 13 mix end: 16/32
[36;22m[DEBUG] [39;1msnarkJS[0m: betaTauG1: fft 13 mix end: 13/32
[36;22m[DEBUG] [39;1msnarkJS[0m: betaTauG1: fft 13 mix end: 10/32
[36;22m[DEBUG] [39;1msnarkJS[0m: betaTauG1: fft 13 mix end: 7/32
[36;22m[DEBUG] [39;1msnarkJS[0m: betaTauG1: fft 13 mix end: 30/32
[36;22m[DEBUG] [39;1msnarkJS[0m: betaTauG1: fft 13 mix end: 18/32
[36;22m[DEBUG] [39;1msnarkJS[0m: betaTauG1: fft 13 mix end: 31/32
[36;22m[DEBUG] [39;1msnarkJS[0m: betaTauG1: fft  13  join: 9/13
[36;22m[DEBUG] [39;1msnarkJS[0m: betaTauG1: fft 13 join  9/13  7/16 0/1
[36;22m[DEBUG] [39;1msnarkJS[0m: betaTauG1: fft 13 join  9/13  11/16 0/1
[36;22m[DEBUG] [39;1msnarkJS[0m: betaTauG1: fft 13 join  9/13  1/16 0/1
[36;22m[DEBUG] [39;1msnarkJS[0m: betaTauG1: fft 13 join  9/13  4/16 0/1
[36;22m[DEBUG] [39;1msnarkJS[0m: betaTauG1: fft 13 join  9/13  8/16 0/1
[36;22m[DEBUG] [39;1msnarkJS[0m: betaTauG1: fft 13 join  9/13  9/16 0/1
[36;22m[DEBUG] [39;1msnarkJS[0m: betaTauG1: fft 13 join  9/13  14/16 0/1
[36;22m[DEBUG] [39;1msnarkJS[0m: betaTauG1: fft 13 join  9/13  15/16 0/1
[36;22m[DEBUG] [39;1msnarkJS[0m: betaTauG1: fft 13 join  9/13  16/16 0/1
[36;22m[DEBUG] [39;1msnarkJS[0m: betaTauG1: fft 13 join  9/13  2/16 0/1
[36;22m[DEBUG] [39;1msnarkJS[0m: betaTauG1: fft 13 join  9/13  3/16 0/1
[36;22m[DEBUG] [39;1msnarkJS[0m: betaTauG1: fft 13 join  9/13  10/16 0/1
[36;22m[DEBUG] [39;1msnarkJS[0m: betaTauG1: fft 13 join  9/13  12/16 0/1
[36;22m[DEBUG] [39;1msnarkJS[0m: betaTauG1: fft 13 join  9/13  6/16 0/1
[36;22m[DEBUG] [39;1msnarkJS[0m: betaTauG1: fft 13 join  9/13  13/16 0/1
[36;22m[DEBUG] [39;1msnarkJS[0m: betaTauG1: fft 13 join  9/13  5/16 0/1
[36;22m[DEBUG] [39;1msnarkJS[0m: betaTauG1: fft  13  join: 10/13
[36;22m[DEBUG] [39;1msnarkJS[0m: betaTauG1: fft 13 join  10/13  2/8 0/2
[36;22m[DEBUG] [39;1msnarkJS[0m: betaTauG1: fft 13 join  10/13  7/8 1/2
[36;22m[DEBUG] [39;1msnarkJS[0m: betaTauG1: fft 13 join  10/13  8/8 0/2
[36;22m[DEBUG] [39;1msnarkJS[0m: betaTauG1: fft 13 join  10/13  1/8 1/2
[36;22m[DEBUG] [39;1msnarkJS[0m: betaTauG1: fft 13 join  10/13  3/8 1/2
[36;22m[DEBUG] [39;1msnarkJS[0m: betaTauG1: fft 13 join  10/13  2/8 1/2
[36;22m[DEBUG] [39;1msnarkJS[0m: betaTauG1: fft 13 join  10/13  8/8 1/2
[36;22m[DEBUG] [39;1msnarkJS[0m: betaTauG1: fft 13 join  10/13  3/8 0/2
[36;22m[DEBUG] [39;1msnarkJS[0m: betaTauG1: fft 13 join  10/13  5/8 1/2
[36;22m[DEBUG] [39;1msnarkJS[0m: betaTauG1: fft 13 join  10/13  6/8 1/2
[36;22m[DEBUG] [39;1msnarkJS[0m: betaTauG1: fft 13 join  10/13  6/8 0/2
[36;22m[DEBUG] [39;1msnarkJS[0m: betaTauG1: fft 13 join  10/13  7/8 0/2
[36;22m[DEBUG] [39;1msnarkJS[0m: betaTauG1: fft 13 join  10/13  5/8 0/2
[36;22m[DEBUG] [39;1msnarkJS[0m: betaTauG1: fft 13 join  10/13  1/8 0/2
[36;22m[DEBUG] [39;1msnarkJS[0m: betaTauG1: fft 13 join  10/13  4/8 0/2
[36;22m[DEBUG] [39;1msnarkJS[0m: betaTauG1: fft 13 join  10/13  4/8 1/2
[36;22m[DEBUG] [39;1msnarkJS[0m: betaTauG1: fft  13  join: 11/13
[36;22m[DEBUG] [39;1msnarkJS[0m: betaTauG1: fft 13 join  11/13  1/4 0/4
[36;22m[DEBUG] [39;1msnarkJS[0m: betaTauG1: fft 13 join  11/13  2/4 2/4
[36;22m[DEBUG] [39;1msnarkJS[0m: betaTauG1: fft 13 join  11/13  1/4 2/4
[36;22m[DEBUG] [39;1msnarkJS[0m: betaTauG1: fft 13 join  11/13  1/4 3/4
[36;22m[DEBUG] [39;1msnarkJS[0m: betaTauG1: fft 13 join  11/13  2/4 0/4
[36;22m[DEBUG] [39;1msnarkJS[0m: betaTauG1: fft 13 join  11/13  2/4 1/4
[36;22m[DEBUG] [39;1msnarkJS[0m: betaTauG1: fft 13 join  11/13  3/4 2/4
[36;22m[DEBUG] [39;1msnarkJS[0m: betaTauG1: fft 13 join  11/13  4/4 2/4
[36;22m[DEBUG] [39;1msnarkJS[0m: betaTauG1: fft 13 join  11/13  1/4 1/4
[36;22m[DEBUG] [39;1msnarkJS[0m: betaTauG1: fft 13 join  11/13  3/4 3/4
[36;22m[DEBUG] [39;1msnarkJS[0m: betaTauG1: fft 13 join  11/13  3/4 1/4
[36;22m[DEBUG] [39;1msnarkJS[0m: betaTauG1: fft 13 join  11/13  4/4 1/4
[36;22m[DEBUG] [39;1msnarkJS[0m: betaTauG1: fft 13 join  11/13  4/4 3/4
[36;22m[DEBUG] [39;1msnarkJS[0m: betaTauG1: fft 13 join  11/13  2/4 3/4
[36;22m[DEBUG] [39;1msnarkJS[0m: betaTauG1: fft 13 join  11/13  3/4 0/4
[36;22m[DEBUG] [39;1msnarkJS[0m: betaTauG1: fft 13 join  11/13  4/4 0/4
[36;22m[DEBUG] [39;1msnarkJS[0m: betaTauG1: fft  13  join: 12/13
[36;22m[DEBUG] [39;1msnarkJS[0m: betaTauG1: fft 13 join  12/13  1/2 0/8
[36;22m[DEBUG] [39;1msnarkJS[0m: betaTauG1: fft 13 join  12/13  1/2 1/8
[36;22m[DEBUG] [39;1msnarkJS[0m: betaTauG1: fft 13 join  12/13  1/2 2/8
[36;22m[DEBUG] [39;1msnarkJS[0m: betaTauG1: fft 13 join  12/13  1/2 4/8
[36;22m[DEBUG] [39;1msnarkJS[0m: betaTauG1: fft 13 join  12/13  1/2 3/8
[36;22m[DEBUG] [39;1msnarkJS[0m: betaTauG1: fft 13 join  12/13  1/2 6/8
[36;22m[DEBUG] [39;1msnarkJS[0m: betaTauG1: fft 13 join  12/13  2/2 0/8
[36;22m[DEBUG] [39;1msnarkJS[0m: betaTauG1: fft 13 join  12/13  2/2 2/8
[36;22m[DEBUG] [39;1msnarkJS[0m: betaTauG1: fft 13 join  12/13  2/2 3/8
[36;22m[DEBUG] [39;1msnarkJS[0m: betaTauG1: fft 13 join  12/13  2/2 5/8
[36;22m[DEBUG] [39;1msnarkJS[0m: betaTauG1: fft 13 join  12/13  2/2 6/8
[36;22m[DEBUG] [39;1msnarkJS[0m: betaTauG1: fft 13 join  12/13  2/2 7/8
[36;22m[DEBUG] [39;1msnarkJS[0m: betaTauG1: fft 13 join  12/13  1/2 5/8
[36;22m[DEBUG] [39;1msnarkJS[0m: betaTauG1: fft 13 join  12/13  2/2 1/8
[36;22m[DEBUG] [39;1msnarkJS[0m: betaTauG1: fft 13 join  12/13  1/2 7/8
[36;22m[DEBUG] [39;1msnarkJS[0m: betaTauG1: fft 13 join  12/13  2/2 4/8
[36;22m[DEBUG] [39;1msnarkJS[0m: betaTauG1: fft  13  join: 13/13
[36;22m[DEBUG] [39;1msnarkJS[0m: betaTauG1: fft 13 join  13/13  1/1 0/16
[36;22m[DEBUG] [39;1msnarkJS[0m: betaTauG1: fft 13 join  13/13  1/1 9/16
[36;22m[DEBUG] [39;1msnarkJS[0m: betaTauG1: fft 13 join  13/13  1/1 2/16
[36;22m[DEBUG] [39;1msnarkJS[0m: betaTauG1: fft 13 join  13/13  1/1 10/16
[36;22m[DEBUG] [39;1msnarkJS[0m: betaTauG1: fft 13 join  13/13  1/1 8/16
[36;22m[DEBUG] [39;1msnarkJS[0m: betaTauG1: fft 13 join  13/13  1/1 11/16
[36;22m[DEBUG] [39;1msnarkJS[0m: betaTauG1: fft 13 join  13/13  1/1 15/16
[36;22m[DEBUG] [39;1msnarkJS[0m: betaTauG1: fft 13 join  13/13  1/1 1/16
[36;22m[DEBUG] [39;1msnarkJS[0m: betaTauG1: fft 13 join  13/13  1/1 6/16
[36;22m[DEBUG] [39;1msnarkJS[0m: betaTauG1: fft 13 join  13/13  1/1 13/16
[36;22m[DEBUG] [39;1msnarkJS[0m: betaTauG1: fft 13 join  13/13  1/1 14/16
[36;22m[DEBUG] [39;1msnarkJS[0m: betaTauG1: fft 13 join  13/13  1/1 7/16
[36;22m[DEBUG] [39;1msnarkJS[0m: betaTauG1: fft 13 join  13/13  1/1 12/16
[36;22m[DEBUG] [39;1msnarkJS[0m: betaTauG1: fft 13 join  13/13  1/1 4/16
[36;22m[DEBUG] [39;1msnarkJS[0m: betaTauG1: fft 13 join  13/13  1/1 5/16
[36;22m[DEBUG] [39;1msnarkJS[0m: betaTauG1: fft 13 join  13/13  1/1 3/16
[36;22m[DEBUG] [39;1msnarkJS[0m: betaTauG1: fft 14 mix start: 0/32
[36;22m[DEBUG] [39;1msnarkJS[0m: betaTauG1: fft 14 mix start: 1/32
[36;22m[DEBUG] [39;1msnarkJS[0m: betaTauG1: fft 14 mix start: 2/32
[36;22m[DEBUG] [39;1msnarkJS[0m: betaTauG1: fft 14 mix start: 3/32
[36;22m[DEBUG] [39;1msnarkJS[0m: betaTauG1: fft 14 mix start: 4/32
[36;22m[DEBUG] [39;1msnarkJS[0m: betaTauG1: fft 14 mix start: 5/32
[36;22m[DEBUG] [39;1msnarkJS[0m: betaTauG1: fft 14 mix start: 6/32
[36;22m[DEBUG] [39;1msnarkJS[0m: betaTauG1: fft 14 mix start: 7/32
[36;22m[DEBUG] [39;1msnarkJS[0m: betaTauG1: fft 14 mix start: 8/32
[36;22m[DEBUG] [39;1msnarkJS[0m: betaTauG1: fft 14 mix start: 9/32
[36;22m[DEBUG] [39;1msnarkJS[0m: betaTauG1: fft 14 mix start: 10/32
[36;22m[DEBUG] [39;1msnarkJS[0m: betaTauG1: fft 14 mix start: 11/32
[36;22m[DEBUG] [39;1msnarkJS[0m: betaTauG1: fft 14 mix start: 12/32
[36;22m[DEBUG] [39;1msnarkJS[0m: betaTauG1: fft 14 mix start: 13/32
[36;22m[DEBUG] [39;1msnarkJS[0m: betaTauG1: fft 14 mix start: 14/32
[36;22m[DEBUG] [39;1msnarkJS[0m: betaTauG1: fft 14 mix start: 15/32
[36;22m[DEBUG] [39;1msnarkJS[0m: betaTauG1: fft 14 mix start: 16/32
[36;22m[DEBUG] [39;1msnarkJS[0m: betaTauG1: fft 14 mix start: 17/32
[36;22m[DEBUG] [39;1msnarkJS[0m: betaTauG1: fft 14 mix start: 18/32
[36;22m[DEBUG] [39;1msnarkJS[0m: betaTauG1: fft 14 mix start: 19/32
[36;22m[DEBUG] [39;1msnarkJS[0m: betaTauG1: fft 14 mix start: 20/32
[36;22m[DEBUG] [39;1msnarkJS[0m: betaTauG1: fft 14 mix start: 21/32
[36;22m[DEBUG] [39;1msnarkJS[0m: betaTauG1: fft 14 mix start: 22/32
[36;22m[DEBUG] [39;1msnarkJS[0m: betaTauG1: fft 14 mix start: 23/32
[36;22m[DEBUG] [39;1msnarkJS[0m: betaTauG1: fft 14 mix start: 24/32
[36;22m[DEBUG] [39;1msnarkJS[0m: betaTauG1: fft 14 mix start: 25/32
[36;22m[DEBUG] [39;1msnarkJS[0m: betaTauG1: fft 14 mix start: 26/32
[36;22m[DEBUG] [39;1msnarkJS[0m: betaTauG1: fft 14 mix start: 27/32
[36;22m[DEBUG] [39;1msnarkJS[0m: betaTauG1: fft 14 mix start: 28/32
[36;22m[DEBUG] [39;1msnarkJS[0m: betaTauG1: fft 14 mix start: 29/32
[36;22m[DEBUG] [39;1msnarkJS[0m: betaTauG1: fft 14 mix start: 30/32
[36;22m[DEBUG] [39;1msnarkJS[0m: betaTauG1: fft 14 mix start: 31/32
[36;22m[DEBUG] [39;1msnarkJS[0m: betaTauG1: fft 14 mix end: 2/32
[36;22m[DEBUG] [39;1msnarkJS[0m: betaTauG1: fft 14 mix end: 12/32
[36;22m[DEBUG] [39;1msnarkJS[0m: betaTauG1: fft 14 mix end: 3/32
[36;22m[DEBUG] [39;1msnarkJS[0m: betaTauG1: fft 14 mix end: 0/32
[36;22m[DEBUG] [39;1msnarkJS[0m: betaTauG1: fft 14 mix end: 19/32
[36;22m[DEBUG] [39;1msnarkJS[0m: betaTauG1: fft 14 mix end: 18/32
[36;22m[DEBUG] [39;1msnarkJS[0m: betaTauG1: fft 14 mix end: 4/32
[36;22m[DEBUG] [39;1msnarkJS[0m: betaTauG1: fft 14 mix end: 26/32
[36;22m[DEBUG] [39;1msnarkJS[0m: betaTauG1: fft 14 mix end: 5/32
[36;22m[DEBUG] [39;1msnarkJS[0m: betaTauG1: fft 14 mix end: 27/32
[36;22m[DEBUG] [39;1msnarkJS[0m: betaTauG1: fft 14 mix end: 30/32
[36;22m[DEBUG] [39;1msnarkJS[0m: betaTauG1: fft 14 mix end: 8/32
[36;22m[DEBUG] [39;1msnarkJS[0m: betaTauG1: fft 14 mix end: 10/32
[36;22m[DEBUG] [39;1msnarkJS[0m: betaTauG1: fft 14 mix end: 28/32
[36;22m[DEBUG] [39;1msnarkJS[0m: betaTauG1: fft 14 mix end: 21/32
[36;22m[DEBUG] [39;1msnarkJS[0m: betaTauG1: fft 14 mix end: 11/32
[36;22m[DEBUG] [39;1msnarkJS[0m: betaTauG1: fft 14 mix end: 16/32
[36;22m[DEBUG] [39;1msnarkJS[0m: betaTauG1: fft 14 mix end: 7/32
[36;22m[DEBUG] [39;1msnarkJS[0m: betaTauG1: fft 14 mix end: 17/32
[36;22m[DEBUG] [39;1msnarkJS[0m: betaTauG1: fft 14 mix end: 14/32
[36;22m[DEBUG] [39;1msnarkJS[0m: betaTauG1: fft 14 mix end: 13/32
[36;22m[DEBUG] [39;1msnarkJS[0m: betaTauG1: fft 14 mix end: 31/32
[36;22m[DEBUG] [39;1msnarkJS[0m: betaTauG1: fft 14 mix end: 1/32
[36;22m[DEBUG] [39;1msnarkJS[0m: betaTauG1: fft 14 mix end: 9/32
[36;22m[DEBUG] [39;1msnarkJS[0m: betaTauG1: fft 14 mix end: 6/32
[36;22m[DEBUG] [39;1msnarkJS[0m: betaTauG1: fft 14 mix end: 24/32
[36;22m[DEBUG] [39;1msnarkJS[0m: betaTauG1: fft 14 mix end: 29/32
[36;22m[DEBUG] [39;1msnarkJS[0m: betaTauG1: fft 14 mix end: 22/32
[36;22m[DEBUG] [39;1msnarkJS[0m: betaTauG1: fft 14 mix end: 20/32
[36;22m[DEBUG] [39;1msnarkJS[0m: betaTauG1: fft 14 mix end: 23/32
[36;22m[DEBUG] [39;1msnarkJS[0m: betaTauG1: fft 14 mix end: 15/32
[36;22m[DEBUG] [39;1msnarkJS[0m: betaTauG1: fft 14 mix end: 25/32
[36;22m[DEBUG] [39;1msnarkJS[0m: betaTauG1: fft  14  join: 10/14
[36;22m[DEBUG] [39;1msnarkJS[0m: betaTauG1: fft 14 join  10/14  2/16 0/1
[36;22m[DEBUG] [39;1msnarkJS[0m: betaTauG1: fft 14 join  10/14  9/16 0/1
[36;22m[DEBUG] [39;1msnarkJS[0m: betaTauG1: fft 14 join  10/14  10/16 0/1
[36;22m[DEBUG] [39;1msnarkJS[0m: betaTauG1: fft 14 join  10/14  1/16 0/1
[36;22m[DEBUG] [39;1msnarkJS[0m: betaTauG1: fft 14 join  10/14  3/16 0/1
[36;22m[DEBUG] [39;1msnarkJS[0m: betaTauG1: fft 14 join  10/14  4/16 0/1
[36;22m[DEBUG] [39;1msnarkJS[0m: betaTauG1: fft 14 join  10/14  16/16 0/1
[36;22m[DEBUG] [39;1msnarkJS[0m: betaTauG1: fft 14 join  10/14  5/16 0/1
[36;22m[DEBUG] [39;1msnarkJS[0m: betaTauG1: fft 14 join  10/14  11/16 0/1
[36;22m[DEBUG] [39;1msnarkJS[0m: betaTauG1: fft 14 join  10/14  7/16 0/1
[36;22m[DEBUG] [39;1msnarkJS[0m: betaTauG1: fft 14 join  10/14  15/16 0/1
[36;22m[DEBUG] [39;1msnarkJS[0m: betaTauG1: fft 14 join  10/14  12/16 0/1
[36;22m[DEBUG] [39;1msnarkJS[0m: betaTauG1: fft 14 join  10/14  14/16 0/1
[36;22m[DEBUG] [39;1msnarkJS[0m: betaTauG1: fft 14 join  10/14  6/16 0/1
[36;22m[DEBUG] [39;1msnarkJS[0m: betaTauG1: fft 14 join  10/14  8/16 0/1
[36;22m[DEBUG] [39;1msnarkJS[0m: betaTauG1: fft 14 join  10/14  13/16 0/1
[36;22m[DEBUG] [39;1msnarkJS[0m: betaTauG1: fft  14  join: 11/14
[36;22m[DEBUG] [39;1msnarkJS[0m: betaTauG1: fft 14 join  11/14  2/8 1/2
[36;22m[DEBUG] [39;1msnarkJS[0m: betaTauG1: fft 14 join  11/14  1/8 1/2
[36;22m[DEBUG] [39;1msnarkJS[0m: betaTauG1: fft 14 join  11/14  3/8 1/2
[36;22m[DEBUG] [39;1msnarkJS[0m: betaTauG1: fft 14 join  11/14  1/8 0/2
[36;22m[DEBUG] [39;1msnarkJS[0m: betaTauG1: fft 14 join  11/14  6/8 1/2
[36;22m[DEBUG] [39;1msnarkJS[0m: betaTauG1: fft 14 join  11/14  4/8 0/2
[36;22m[DEBUG] [39;1msnarkJS[0m: betaTauG1: fft 14 join  11/14  5/8 1/2
[36;22m[DEBUG] [39;1msnarkJS[0m: betaTauG1: fft 14 join  11/14  6/8 0/2
[36;22m[DEBUG] [39;1msnarkJS[0m: betaTauG1: fft 14 join  11/14  7/8 1/2
[36;22m[DEBUG] [39;1msnarkJS[0m: betaTauG1: fft 14 join  11/14  2/8 0/2
[36;22m[DEBUG] [39;1msnarkJS[0m: betaTauG1: fft 14 join  11/14  5/8 0/2
[36;22m[DEBUG] [39;1msnarkJS[0m: betaTauG1: fft 14 join  11/14  8/8 0/2
[36;22m[DEBUG] [39;1msnarkJS[0m: betaTauG1: fft 14 join  11/14  8/8 1/2
[36;22m[DEBUG] [39;1msnarkJS[0m: betaTauG1: fft 14 join  11/14  3/8 0/2
[36;22m[DEBUG] [39;1msnarkJS[0m: betaTauG1: fft 14 join  11/14  4/8 1/2
[36;22m[DEBUG] [39;1msnarkJS[0m: betaTauG1: fft 14 join  11/14  7/8 0/2
[36;22m[DEBUG] [39;1msnarkJS[0m: betaTauG1: fft  14  join: 12/14
[36;22m[DEBUG] [39;1msnarkJS[0m: betaTauG1: fft 14 join  12/14  3/4 2/4
[36;22m[DEBUG] [39;1msnarkJS[0m: betaTauG1: fft 14 join  12/14  3/4 1/4
[36;22m[DEBUG] [39;1msnarkJS[0m: betaTauG1: fft 14 join  12/14  1/4 1/4
[36;22m[DEBUG] [39;1msnarkJS[0m: betaTauG1: fft 14 join  12/14  4/4 2/4
[36;22m[DEBUG] [39;1msnarkJS[0m: betaTauG1: fft 14 join  12/14  1/4 3/4
[36;22m[DEBUG] [39;1msnarkJS[0m: betaTauG1: fft 14 join  12/14  1/4 2/4
[36;22m[DEBUG] [39;1msnarkJS[0m: betaTauG1: fft 14 join  12/14  4/4 1/4
[36;22m[DEBUG] [39;1msnarkJS[0m: betaTauG1: fft 14 join  12/14  4/4 3/4
[36;22m[DEBUG] [39;1msnarkJS[0m: betaTauG1: fft 14 join  12/14  1/4 0/4
[36;22m[DEBUG] [39;1msnarkJS[0m: betaTauG1: fft 14 join  12/14  2/4 2/4
[36;22m[DEBUG] [39;1msnarkJS[0m: betaTauG1: fft 14 join  12/14  3/4 0/4
[36;22m[DEBUG] [39;1msnarkJS[0m: betaTauG1: fft 14 join  12/14  2/4 1/4
[36;22m[DEBUG] [39;1msnarkJS[0m: betaTauG1: fft 14 join  12/14  3/4 3/4
[36;22m[DEBUG] [39;1msnarkJS[0m: betaTauG1: fft 14 join  12/14  2/4 3/4
[36;22m[DEBUG] [39;1msnarkJS[0m: betaTauG1: fft 14 join  12/14  2/4 0/4
[36;22m[DEBUG] [39;1msnarkJS[0m: betaTauG1: fft 14 join  12/14  4/4 0/4
[36;22m[DEBUG] [39;1msnarkJS[0m: betaTauG1: fft  14  join: 13/14
[36;22m[DEBUG] [39;1msnarkJS[0m: betaTauG1: fft 14 join  13/14  1/2 3/8
[36;22m[DEBUG] [39;1msnarkJS[0m: betaTauG1: fft 14 join  13/14  1/2 6/8
[36;22m[DEBUG] [39;1msnarkJS[0m: betaTauG1: fft 14 join  13/14  2/2 0/8
[36;22m[DEBUG] [39;1msnarkJS[0m: betaTauG1: fft 14 join  13/14  2/2 1/8
[36;22m[DEBUG] [39;1msnarkJS[0m: betaTauG1: fft 14 join  13/14  2/2 6/8
[36;22m[DEBUG] [39;1msnarkJS[0m: betaTauG1: fft 14 join  13/14  2/2 7/8
[36;22m[DEBUG] [39;1msnarkJS[0m: betaTauG1: fft 14 join  13/14  1/2 2/8
[36;22m[DEBUG] [39;1msnarkJS[0m: betaTauG1: fft 14 join  13/14  1/2 4/8
[36;22m[DEBUG] [39;1msnarkJS[0m: betaTauG1: fft 14 join  13/14  2/2 5/8
[36;22m[DEBUG] [39;1msnarkJS[0m: betaTauG1: fft 14 join  13/14  2/2 3/8
[36;22m[DEBUG] [39;1msnarkJS[0m: betaTauG1: fft 14 join  13/14  2/2 2/8
[36;22m[DEBUG] [39;1msnarkJS[0m: betaTauG1: fft 14 join  13/14  1/2 5/8
[36;22m[DEBUG] [39;1msnarkJS[0m: betaTauG1: fft 14 join  13/14  2/2 4/8
[36;22m[DEBUG] [39;1msnarkJS[0m: betaTauG1: fft 14 join  13/14  1/2 7/8
[36;22m[DEBUG] [39;1msnarkJS[0m: betaTauG1: fft 14 join  13/14  1/2 0/8
[36;22m[DEBUG] [39;1msnarkJS[0m: betaTauG1: fft 14 join  13/14  1/2 1/8
[36;22m[DEBUG] [39;1msnarkJS[0m: betaTauG1: fft  14  join: 14/14
[36;22m[DEBUG] [39;1msnarkJS[0m: betaTauG1: fft 14 join  14/14  1/1 9/16
[36;22m[DEBUG] [39;1msnarkJS[0m: betaTauG1: fft 14 join  14/14  1/1 1/16
[36;22m[DEBUG] [39;1msnarkJS[0m: betaTauG1: fft 14 join  14/14  1/1 10/16
[36;22m[DEBUG] [39;1msnarkJS[0m: betaTauG1: fft 14 join  14/14  1/1 2/16
[36;22m[DEBUG] [39;1msnarkJS[0m: betaTauG1: fft 14 join  14/14  1/1 15/16
[36;22m[DEBUG] [39;1msnarkJS[0m: betaTauG1: fft 14 join  14/14  1/1 11/16
[36;22m[DEBUG] [39;1msnarkJS[0m: betaTauG1: fft 14 join  14/14  1/1 3/16
[36;22m[DEBUG] [39;1msnarkJS[0m: betaTauG1: fft 14 join  14/14  1/1 8/16
[36;22m[DEBUG] [39;1msnarkJS[0m: betaTauG1: fft 14 join  14/14  1/1 0/16
[36;22m[DEBUG] [39;1msnarkJS[0m: betaTauG1: fft 14 join  14/14  1/1 7/16
[36;22m[DEBUG] [39;1msnarkJS[0m: betaTauG1: fft 14 join  14/14  1/1 12/16
[36;22m[DEBUG] [39;1msnarkJS[0m: betaTauG1: fft 14 join  14/14  1/1 4/16
[36;22m[DEBUG] [39;1msnarkJS[0m: betaTauG1: fft 14 join  14/14  1/1 6/16
[36;22m[DEBUG] [39;1msnarkJS[0m: betaTauG1: fft 14 join  14/14  1/1 13/16
[36;22m[DEBUG] [39;1msnarkJS[0m: betaTauG1: fft 14 join  14/14  1/1 14/16
[36;22m[DEBUG] [39;1msnarkJS[0m: betaTauG1: fft 14 join  14/14  1/1 5/16
[36;22m[DEBUG] [39;1msnarkJS[0m: betaTauG1: fft 15 mix start: 0/32
[36;22m[DEBUG] [39;1msnarkJS[0m: betaTauG1: fft 15 mix start: 1/32
[36;22m[DEBUG] [39;1msnarkJS[0m: betaTauG1: fft 15 mix start: 2/32
[36;22m[DEBUG] [39;1msnarkJS[0m: betaTauG1: fft 15 mix start: 3/32
[36;22m[DEBUG] [39;1msnarkJS[0m: betaTauG1: fft 15 mix start: 4/32
[36;22m[DEBUG] [39;1msnarkJS[0m: betaTauG1: fft 15 mix start: 5/32
[36;22m[DEBUG] [39;1msnarkJS[0m: betaTauG1: fft 15 mix start: 6/32
[36;22m[DEBUG] [39;1msnarkJS[0m: betaTauG1: fft 15 mix start: 7/32
[36;22m[DEBUG] [39;1msnarkJS[0m: betaTauG1: fft 15 mix start: 8/32
[36;22m[DEBUG] [39;1msnarkJS[0m: betaTauG1: fft 15 mix start: 9/32
[36;22m[DEBUG] [39;1msnarkJS[0m: betaTauG1: fft 15 mix start: 10/32
[36;22m[DEBUG] [39;1msnarkJS[0m: betaTauG1: fft 15 mix start: 11/32
[36;22m[DEBUG] [39;1msnarkJS[0m: betaTauG1: fft 15 mix start: 12/32
[36;22m[DEBUG] [39;1msnarkJS[0m: betaTauG1: fft 15 mix start: 13/32
[36;22m[DEBUG] [39;1msnarkJS[0m: betaTauG1: fft 15 mix start: 14/32
[36;22m[DEBUG] [39;1msnarkJS[0m: betaTauG1: fft 15 mix start: 15/32
[36;22m[DEBUG] [39;1msnarkJS[0m: betaTauG1: fft 15 mix start: 16/32
[36;22m[DEBUG] [39;1msnarkJS[0m: betaTauG1: fft 15 mix start: 17/32
[36;22m[DEBUG] [39;1msnarkJS[0m: betaTauG1: fft 15 mix start: 18/32
[36;22m[DEBUG] [39;1msnarkJS[0m: betaTauG1: fft 15 mix start: 19/32
[36;22m[DEBUG] [39;1msnarkJS[0m: betaTauG1: fft 15 mix start: 20/32
[36;22m[DEBUG] [39;1msnarkJS[0m: betaTauG1: fft 15 mix start: 21/32
[36;22m[DEBUG] [39;1msnarkJS[0m: betaTauG1: fft 15 mix start: 22/32
[36;22m[DEBUG] [39;1msnarkJS[0m: betaTauG1: fft 15 mix start: 23/32
[36;22m[DEBUG] [39;1msnarkJS[0m: betaTauG1: fft 15 mix start: 24/32
[36;22m[DEBUG] [39;1msnarkJS[0m: betaTauG1: fft 15 mix start: 25/32
[36;22m[DEBUG] [39;1msnarkJS[0m: betaTauG1: fft 15 mix start: 26/32
[36;22m[DEBUG] [39;1msnarkJS[0m: betaTauG1: fft 15 mix start: 27/32
[36;22m[DEBUG] [39;1msnarkJS[0m: betaTauG1: fft 15 mix start: 28/32
[36;22m[DEBUG] [39;1msnarkJS[0m: betaTauG1: fft 15 mix start: 29/32
[36;22m[DEBUG] [39;1msnarkJS[0m: betaTauG1: fft 15 mix start: 30/32
[36;22m[DEBUG] [39;1msnarkJS[0m: betaTauG1: fft 15 mix start: 31/32
[36;22m[DEBUG] [39;1msnarkJS[0m: betaTauG1: fft 15 mix end: 3/32
[36;22m[DEBUG] [39;1msnarkJS[0m: betaTauG1: fft 15 mix end: 12/32
[36;22m[DEBUG] [39;1msnarkJS[0m: betaTauG1: fft 15 mix end: 13/32
[36;22m[DEBUG] [39;1msnarkJS[0m: betaTauG1: fft 15 mix end: 17/32
[36;22m[DEBUG] [39;1msnarkJS[0m: betaTauG1: fft 15 mix end: 4/32
[36;22m[DEBUG] [39;1msnarkJS[0m: betaTauG1: fft 15 mix end: 26/32
[36;22m[DEBUG] [39;1msnarkJS[0m: betaTauG1: fft 15 mix end: 0/32
[36;22m[DEBUG] [39;1msnarkJS[0m: betaTauG1: fft 15 mix end: 27/32
[36;22m[DEBUG] [39;1msnarkJS[0m: betaTauG1: fft 15 mix end: 5/32
[36;22m[DEBUG] [39;1msnarkJS[0m: betaTauG1: fft 15 mix end: 1/32
[36;22m[DEBUG] [39;1msnarkJS[0m: betaTauG1: fft 15 mix end: 8/32
[36;22m[DEBUG] [39;1msnarkJS[0m: betaTauG1: fft 15 mix end: 23/32
[36;22m[DEBUG] [39;1msnarkJS[0m: betaTauG1: fft 15 mix end: 2/32
[36;22m[DEBUG] [39;1msnarkJS[0m: betaTauG1: fft 15 mix end: 21/32
[36;22m[DEBUG] [39;1msnarkJS[0m: betaTauG1: fft 15 mix end: 16/32
[36;22m[DEBUG] [39;1msnarkJS[0m: betaTauG1: fft 15 mix end: 31/32
[36;22m[DEBUG] [39;1msnarkJS[0m: betaTauG1: fft 15 mix end: 11/32
[36;22m[DEBUG] [39;1msnarkJS[0m: betaTauG1: fft 15 mix end: 19/32
[36;22m[DEBUG] [39;1msnarkJS[0m: betaTauG1: fft 15 mix end: 25/32
[36;22m[DEBUG] [39;1msnarkJS[0m: betaTauG1: fft 15 mix end: 15/32
[36;22m[DEBUG] [39;1msnarkJS[0m: betaTauG1: fft 15 mix end: 24/32
[36;22m[DEBUG] [39;1msnarkJS[0m: betaTauG1: fft 15 mix end: 22/32
[36;22m[DEBUG] [39;1msnarkJS[0m: betaTauG1: fft 15 mix end: 20/32
[36;22m[DEBUG] [39;1msnarkJS[0m: betaTauG1: fft 15 mix end: 9/32
[36;22m[DEBUG] [39;1msnarkJS[0m: betaTauG1: fft 15 mix end: 6/32
[36;22m[DEBUG] [39;1msnarkJS[0m: betaTauG1: fft 15 mix end: 29/32
[36;22m[DEBUG] [39;1msnarkJS[0m: betaTauG1: fft 15 mix end: 18/32
[36;22m[DEBUG] [39;1msnarkJS[0m: betaTauG1: fft 15 mix end: 10/32
[36;22m[DEBUG] [39;1msnarkJS[0m: betaTauG1: fft 15 mix end: 28/32
[36;22m[DEBUG] [39;1msnarkJS[0m: betaTauG1: fft 15 mix end: 14/32
[36;22m[DEBUG] [39;1msnarkJS[0m: betaTauG1: fft 15 mix end: 30/32
[36;22m[DEBUG] [39;1msnarkJS[0m: betaTauG1: fft 15 mix end: 7/32
[36;22m[DEBUG] [39;1msnarkJS[0m: betaTauG1: fft  15  join: 11/15
[36;22m[DEBUG] [39;1msnarkJS[0m: betaTauG1: fft 15 join  11/15  4/16 0/1
[36;22m[DEBUG] [39;1msnarkJS[0m: betaTauG1: fft 15 join  11/15  1/16 0/1
[36;22m[DEBUG] [39;1msnarkJS[0m: betaTauG1: fft 15 join  11/15  2/16 0/1
[36;22m[DEBUG] [39;1msnarkJS[0m: betaTauG1: fft 15 join  11/15  7/16 0/1
[36;22m[DEBUG] [39;1msnarkJS[0m: betaTauG1: fft 15 join  11/15  15/16 0/1
[36;22m[DEBUG] [39;1msnarkJS[0m: betaTauG1: fft 15 join  11/15  9/16 0/1
[36;22m[DEBUG] [39;1msnarkJS[0m: betaTauG1: fft 15 join  11/15  12/16 0/1
[36;22m[DEBUG] [39;1msnarkJS[0m: betaTauG1: fft 15 join  11/15  14/16 0/1
[36;22m[DEBUG] [39;1msnarkJS[0m: betaTauG1: fft 15 join  11/15  10/16 0/1
[36;22m[DEBUG] [39;1msnarkJS[0m: betaTauG1: fft 15 join  11/15  11/16 0/1
[36;22m[DEBUG] [39;1msnarkJS[0m: betaTauG1: fft 15 join  11/15  3/16 0/1
[36;22m[DEBUG] [39;1msnarkJS[0m: betaTauG1: fft 15 join  11/15  6/16 0/1
[36;22m[DEBUG] [39;1msnarkJS[0m: betaTauG1: fft 15 join  11/15  8/16 0/1
[36;22m[DEBUG] [39;1msnarkJS[0m: betaTauG1: fft 15 join  11/15  16/16 0/1
[36;22m[DEBUG] [39;1msnarkJS[0m: betaTauG1: fft 15 join  11/15  5/16 0/1
[36;22m[DEBUG] [39;1msnarkJS[0m: betaTauG1: fft 15 join  11/15  13/16 0/1
[36;22m[DEBUG] [39;1msnarkJS[0m: betaTauG1: fft  15  join: 12/15
[36;22m[DEBUG] [39;1msnarkJS[0m: betaTauG1: fft 15 join  12/15  2/8 1/2
[36;22m[DEBUG] [39;1msnarkJS[0m: betaTauG1: fft 15 join  12/15  1/8 1/2
[36;22m[DEBUG] [39;1msnarkJS[0m: betaTauG1: fft 15 join  12/15  3/8 0/2
[36;22m[DEBUG] [39;1msnarkJS[0m: betaTauG1: fft 15 join  12/15  1/8 0/2
[36;22m[DEBUG] [39;1msnarkJS[0m: betaTauG1: fft 15 join  12/15  5/8 1/2
[36;22m[DEBUG] [39;1msnarkJS[0m: betaTauG1: fft 15 join  12/15  8/8 0/2
[36;22m[DEBUG] [39;1msnarkJS[0m: betaTauG1: fft 15 join  12/15  4/8 0/2
[36;22m[DEBUG] [39;1msnarkJS[0m: betaTauG1: fft 15 join  12/15  6/8 1/2
[36;22m[DEBUG] [39;1msnarkJS[0m: betaTauG1: fft 15 join  12/15  8/8 1/2
[36;22m[DEBUG] [39;1msnarkJS[0m: betaTauG1: fft 15 join  12/15  6/8 0/2
[36;22m[DEBUG] [39;1msnarkJS[0m: betaTauG1: fft 15 join  12/15  2/8 0/2
[36;22m[DEBUG] [39;1msnarkJS[0m: betaTauG1: fft 15 join  12/15  7/8 1/2
[36;22m[DEBUG] [39;1msnarkJS[0m: betaTauG1: fft 15 join  12/15  5/8 0/2
[36;22m[DEBUG] [39;1msnarkJS[0m: betaTauG1: fft 15 join  12/15  4/8 1/2
[36;22m[DEBUG] [39;1msnarkJS[0m: betaTauG1: fft 15 join  12/15  7/8 0/2
[36;22m[DEBUG] [39;1msnarkJS[0m: betaTauG1: fft 15 join  12/15  3/8 1/2
[36;22m[DEBUG] [39;1msnarkJS[0m: betaTauG1: fft  15  join: 13/15
[36;22m[DEBUG] [39;1msnarkJS[0m: betaTauG1: fft 15 join  13/15  2/4 2/4
[36;22m[DEBUG] [39;1msnarkJS[0m: betaTauG1: fft 15 join  13/15  4/4 3/4
[36;22m[DEBUG] [39;1msnarkJS[0m: betaTauG1: fft 15 join  13/15  1/4 2/4
[36;22m[DEBUG] [39;1msnarkJS[0m: betaTauG1: fft 15 join  13/15  4/4 2/4
[36;22m[DEBUG] [39;1msnarkJS[0m: betaTauG1: fft 15 join  13/15  3/4 3/4
[36;22m[DEBUG] [39;1msnarkJS[0m: betaTauG1: fft 15 join  13/15  4/4 1/4
[36;22m[DEBUG] [39;1msnarkJS[0m: betaTauG1: fft 15 join  13/15  3/4 1/4
[36;22m[DEBUG] [39;1msnarkJS[0m: betaTauG1: fft 15 join  13/15  3/4 2/4
[36;22m[DEBUG] [39;1msnarkJS[0m: betaTauG1: fft 15 join  13/15  3/4 0/4
[36;22m[DEBUG] [39;1msnarkJS[0m: betaTauG1: fft 15 join  13/15  2/4 1/4
[36;22m[DEBUG] [39;1msnarkJS[0m: betaTauG1: fft 15 join  13/15  2/4 0/4
[36;22m[DEBUG] [39;1msnarkJS[0m: betaTauG1: fft 15 join  13/15  4/4 0/4
[36;22m[DEBUG] [39;1msnarkJS[0m: betaTauG1: fft 15 join  13/15  2/4 3/4
[36;22m[DEBUG] [39;1msnarkJS[0m: betaTauG1: fft 15 join  13/15  1/4 1/4
[36;22m[DEBUG] [39;1msnarkJS[0m: betaTauG1: fft 15 join  13/15  1/4 3/4
[36;22m[DEBUG] [39;1msnarkJS[0m: betaTauG1: fft 15 join  13/15  1/4 0/4
[36;22m[DEBUG] [39;1msnarkJS[0m: betaTauG1: fft  15  join: 14/15
[36;22m[DEBUG] [39;1msnarkJS[0m: betaTauG1: fft 15 join  14/15  1/2 3/8
[36;22m[DEBUG] [39;1msnarkJS[0m: betaTauG1: fft 15 join  14/15  1/2 6/8
[36;22m[DEBUG] [39;1msnarkJS[0m: betaTauG1: fft 15 join  14/15  2/2 2/8
[36;22m[DEBUG] [39;1msnarkJS[0m: betaTauG1: fft 15 join  14/15  2/2 3/8
[36;22m[DEBUG] [39;1msnarkJS[0m: betaTauG1: fft 15 join  14/15  2/2 6/8
[36;22m[DEBUG] [39;1msnarkJS[0m: betaTauG1: fft 15 join  14/15  1/2 2/8
[36;22m[DEBUG] [39;1msnarkJS[0m: betaTauG1: fft 15 join  14/15  1/2 4/8
[36;22m[DEBUG] [39;1msnarkJS[0m: betaTauG1: fft 15 join  14/15  2/2 7/8
[36;22m[DEBUG] [39;1msnarkJS[0m: betaTauG1: fft 15 join  14/15  1/2 0/8
[36;22m[DEBUG] [39;1msnarkJS[0m: betaTauG1: fft 15 join  14/15  2/2 5/8
[36;22m[DEBUG] [39;1msnarkJS[0m: betaTauG1: fft 15 join  14/15  1/2 1/8
[36;22m[DEBUG] [39;1msnarkJS[0m: betaTauG1: fft 15 join  14/15  2/2 0/8
[36;22m[DEBUG] [39;1msnarkJS[0m: betaTauG1: fft 15 join  14/15  2/2 1/8
[36;22m[DEBUG] [39;1msnarkJS[0m: betaTauG1: fft 15 join  14/15  1/2 5/8
[36;22m[DEBUG] [39;1msnarkJS[0m: betaTauG1: fft 15 join  14/15  1/2 7/8
[36;22m[DEBUG] [39;1msnarkJS[0m: betaTauG1: fft 15 join  14/15  2/2 4/8
[36;22m[DEBUG] [39;1msnarkJS[0m: betaTauG1: fft  15  join: 15/15
[36;22m[DEBUG] [39;1msnarkJS[0m: betaTauG1: fft 15 join  15/15  1/1 1/16
[36;22m[DEBUG] [39;1msnarkJS[0m: betaTauG1: fft 15 join  15/15  1/1 10/16
[36;22m[DEBUG] [39;1msnarkJS[0m: betaTauG1: fft 15 join  15/15  1/1 9/16
[36;22m[DEBUG] [39;1msnarkJS[0m: betaTauG1: fft 15 join  15/15  1/1 6/16
[36;22m[DEBUG] [39;1msnarkJS[0m: betaTauG1: fft 15 join  15/15  1/1 7/16
[36;22m[DEBUG] [39;1msnarkJS[0m: betaTauG1: fft 15 join  15/15  1/1 8/16
[36;22m[DEBUG] [39;1msnarkJS[0m: betaTauG1: fft 15 join  15/15  1/1 11/16
[36;22m[DEBUG] [39;1msnarkJS[0m: betaTauG1: fft 15 join  15/15  1/1 12/16
[36;22m[DEBUG] [39;1msnarkJS[0m: betaTauG1: fft 15 join  15/15  1/1 13/16
[36;22m[DEBUG] [39;1msnarkJS[0m: betaTauG1: fft 15 join  15/15  1/1 14/16
[36;22m[DEBUG] [39;1msnarkJS[0m: betaTauG1: fft 15 join  15/15  1/1 15/16
[36;22m[DEBUG] [39;1msnarkJS[0m: betaTauG1: fft 15 join  15/15  1/1 0/16
[36;22m[DEBUG] [39;1msnarkJS[0m: betaTauG1: fft 15 join  15/15  1/1 3/16
[36;22m[DEBUG] [39;1msnarkJS[0m: betaTauG1: fft 15 join  15/15  1/1 5/16
[36;22m[DEBUG] [39;1msnarkJS[0m: betaTauG1: fft 15 join  15/15  1/1 2/16
[36;22m[DEBUG] [39;1msnarkJS[0m: betaTauG1: fft 15 join  15/15  1/1 4/16
[36;22m[DEBUG] [39;1msnarkJS[0m: betaTauG1: fft 16 mix start: 0/32
[36;22m[DEBUG] [39;1msnarkJS[0m: betaTauG1: fft 16 mix start: 1/32
[36;22m[DEBUG] [39;1msnarkJS[0m: betaTauG1: fft 16 mix start: 2/32
[36;22m[DEBUG] [39;1msnarkJS[0m: betaTauG1: fft 16 mix start: 3/32
[36;22m[DEBUG] [39;1msnarkJS[0m: betaTauG1: fft 16 mix start: 4/32
[36;22m[DEBUG] [39;1msnarkJS[0m: betaTauG1: fft 16 mix start: 5/32
[36;22m[DEBUG] [39;1msnarkJS[0m: betaTauG1: fft 16 mix start: 6/32
[36;22m[DEBUG] [39;1msnarkJS[0m: betaTauG1: fft 16 mix start: 7/32
[36;22m[DEBUG] [39;1msnarkJS[0m: betaTauG1: fft 16 mix start: 8/32
[36;22m[DEBUG] [39;1msnarkJS[0m: betaTauG1: fft 16 mix start: 9/32
[36;22m[DEBUG] [39;1msnarkJS[0m: betaTauG1: fft 16 mix start: 10/32
[36;22m[DEBUG] [39;1msnarkJS[0m: betaTauG1: fft 16 mix start: 11/32
[36;22m[DEBUG] [39;1msnarkJS[0m: betaTauG1: fft 16 mix start: 12/32
[36;22m[DEBUG] [39;1msnarkJS[0m: betaTauG1: fft 16 mix start: 13/32
[36;22m[DEBUG] [39;1msnarkJS[0m: betaTauG1: fft 16 mix start: 14/32
[36;22m[DEBUG] [39;1msnarkJS[0m: betaTauG1: fft 16 mix start: 15/32
[36;22m[DEBUG] [39;1msnarkJS[0m: betaTauG1: fft 16 mix start: 16/32
[36;22m[DEBUG] [39;1msnarkJS[0m: betaTauG1: fft 16 mix start: 17/32
[36;22m[DEBUG] [39;1msnarkJS[0m: betaTauG1: fft 16 mix start: 18/32
[36;22m[DEBUG] [39;1msnarkJS[0m: betaTauG1: fft 16 mix start: 19/32
[36;22m[DEBUG] [39;1msnarkJS[0m: betaTauG1: fft 16 mix start: 20/32
[36;22m[DEBUG] [39;1msnarkJS[0m: betaTauG1: fft 16 mix start: 21/32
[36;22m[DEBUG] [39;1msnarkJS[0m: betaTauG1: fft 16 mix start: 22/32
[36;22m[DEBUG] [39;1msnarkJS[0m: betaTauG1: fft 16 mix start: 23/32
[36;22m[DEBUG] [39;1msnarkJS[0m: betaTauG1: fft 16 mix start: 24/32
[36;22m[DEBUG] [39;1msnarkJS[0m: betaTauG1: fft 16 mix start: 25/32
[36;22m[DEBUG] [39;1msnarkJS[0m: betaTauG1: fft 16 mix start: 26/32
[36;22m[DEBUG] [39;1msnarkJS[0m: betaTauG1: fft 16 mix start: 27/32
[36;22m[DEBUG] [39;1msnarkJS[0m: betaTauG1: fft 16 mix start: 28/32
[36;22m[DEBUG] [39;1msnarkJS[0m: betaTauG1: fft 16 mix start: 29/32
[36;22m[DEBUG] [39;1msnarkJS[0m: betaTauG1: fft 16 mix start: 30/32
[36;22m[DEBUG] [39;1msnarkJS[0m: betaTauG1: fft 16 mix start: 31/32
[36;22m[DEBUG] [39;1msnarkJS[0m: betaTauG1: fft 16 mix end: 3/32
[36;22m[DEBUG] [39;1msnarkJS[0m: betaTauG1: fft 16 mix end: 13/32
[36;22m[DEBUG] [39;1msnarkJS[0m: betaTauG1: fft 16 mix end: 14/32
[36;22m[DEBUG] [39;1msnarkJS[0m: betaTauG1: fft 16 mix end: 5/32
[36;22m[DEBUG] [39;1msnarkJS[0m: betaTauG1: fft 16 mix end: 12/32
[36;22m[DEBUG] [39;1msnarkJS[0m: betaTauG1: fft 16 mix end: 21/32
[36;22m[DEBUG] [39;1msnarkJS[0m: betaTauG1: fft 16 mix end: 30/32
[36;22m[DEBUG] [39;1msnarkJS[0m: betaTauG1: fft 16 mix end: 8/32
[36;22m[DEBUG] [39;1msnarkJS[0m: betaTauG1: fft 16 mix end: 2/32
[36;22m[DEBUG] [39;1msnarkJS[0m: betaTauG1: fft 16 mix end: 17/32
[36;22m[DEBUG] [39;1msnarkJS[0m: betaTauG1: fft 16 mix end: 19/32
[36;22m[DEBUG] [39;1msnarkJS[0m: betaTauG1: fft 16 mix end: 4/32
[36;22m[DEBUG] [39;1msnarkJS[0m: betaTauG1: fft 16 mix end: 27/32
[36;22m[DEBUG] [39;1msnarkJS[0m: betaTauG1: fft 16 mix end: 16/32
[36;22m[DEBUG] [39;1msnarkJS[0m: betaTauG1: fft 16 mix end: 26/32
[36;22m[DEBUG] [39;1msnarkJS[0m: betaTauG1: fft 16 mix end: 24/32
[36;22m[DEBUG] [39;1msnarkJS[0m: betaTauG1: fft 16 mix end: 6/32
[36;22m[DEBUG] [39;1msnarkJS[0m: betaTauG1: fft 16 mix end: 25/32
[36;22m[DEBUG] [39;1msnarkJS[0m: betaTauG1: fft 16 mix end: 31/32
[36;22m[DEBUG] [39;1msnarkJS[0m: betaTauG1: fft 16 mix end: 7/32
[36;22m[DEBUG] [39;1msnarkJS[0m: betaTauG1: fft 16 mix end: 0/32
[36;22m[DEBUG] [39;1msnarkJS[0m: betaTauG1: fft 16 mix end: 10/32
[36;22m[DEBUG] [39;1msnarkJS[0m: betaTauG1: fft 16 mix end: 18/32
[36;22m[DEBUG] [39;1msnarkJS[0m: betaTauG1: fft 16 mix end: 20/32
[36;22m[DEBUG] [39;1msnarkJS[0m: betaTauG1: fft 16 mix end: 9/32
[36;22m[DEBUG] [39;1msnarkJS[0m: betaTauG1: fft 16 mix end: 1/32
[36;22m[DEBUG] [39;1msnarkJS[0m: betaTauG1: fft 16 mix end: 22/32
[36;22m[DEBUG] [39;1msnarkJS[0m: betaTauG1: fft 16 mix end: 28/32
[36;22m[DEBUG] [39;1msnarkJS[0m: betaTauG1: fft 16 mix end: 11/32
[36;22m[DEBUG] [39;1msnarkJS[0m: betaTauG1: fft 16 mix end: 29/32
[36;22m[DEBUG] [39;1msnarkJS[0m: betaTauG1: fft 16 mix end: 23/32
[36;22m[DEBUG] [39;1msnarkJS[0m: betaTauG1: fft 16 mix end: 15/32
[36;22m[DEBUG] [39;1msnarkJS[0m: betaTauG1: fft  16  join: 12/16
[36;22m[DEBUG] [39;1msnarkJS[0m: betaTauG1: fft 16 join  12/16  7/16 0/1
[36;22m[DEBUG] [39;1msnarkJS[0m: betaTauG1: fft 16 join  12/16  4/16 0/1
[36;22m[DEBUG] [39;1msnarkJS[0m: betaTauG1: fft 16 join  12/16  16/16 0/1
[36;22m[DEBUG] [39;1msnarkJS[0m: betaTauG1: fft 16 join  12/16  12/16 0/1
[36;22m[DEBUG] [39;1msnarkJS[0m: betaTauG1: fft 16 join  12/16  5/16 0/1
[36;22m[DEBUG] [39;1msnarkJS[0m: betaTauG1: fft 16 join  12/16  10/16 0/1
[36;22m[DEBUG] [39;1msnarkJS[0m: betaTauG1: fft 16 join  12/16  15/16 0/1
[36;22m[DEBUG] [39;1msnarkJS[0m: betaTauG1: fft 16 join  12/16  3/16 0/1
[36;22m[DEBUG] [39;1msnarkJS[0m: betaTauG1: fft 16 join  12/16  11/16 0/1
[36;22m[DEBUG] [39;1msnarkJS[0m: betaTauG1: fft 16 join  12/16  14/16 0/1
[36;22m[DEBUG] [39;1msnarkJS[0m: betaTauG1: fft 16 join  12/16  9/16 0/1
[36;22m[DEBUG] [39;1msnarkJS[0m: betaTauG1: fft 16 join  12/16  6/16 0/1
[36;22m[DEBUG] [39;1msnarkJS[0m: betaTauG1: fft 16 join  12/16  8/16 0/1
[36;22m[DEBUG] [39;1msnarkJS[0m: betaTauG1: fft 16 join  12/16  13/16 0/1
[36;22m[DEBUG] [39;1msnarkJS[0m: betaTauG1: fft 16 join  12/16  1/16 0/1
[36;22m[DEBUG] [39;1msnarkJS[0m: betaTauG1: fft 16 join  12/16  2/16 0/1
[36;22m[DEBUG] [39;1msnarkJS[0m: betaTauG1: fft  16  join: 13/16
[36;22m[DEBUG] [39;1msnarkJS[0m: betaTauG1: fft 16 join  13/16  8/8 1/2
[36;22m[DEBUG] [39;1msnarkJS[0m: betaTauG1: fft 16 join  13/16  2/8 1/2
[36;22m[DEBUG] [39;1msnarkJS[0m: betaTauG1: fft 16 join  13/16  5/8 1/2
[36;22m[DEBUG] [39;1msnarkJS[0m: betaTauG1: fft 16 join  13/16  3/8 1/2
[36;22m[DEBUG] [39;1msnarkJS[0m: betaTauG1: fft 16 join  13/16  4/8 0/2
[36;22m[DEBUG] [39;1msnarkJS[0m: betaTauG1: fft 16 join  13/16  8/8 0/2
[36;22m[DEBUG] [39;1msnarkJS[0m: betaTauG1: fft 16 join  13/16  6/8 0/2
[36;22m[DEBUG] [39;1msnarkJS[0m: betaTauG1: fft 16 join  13/16  7/8 1/2
[36;22m[DEBUG] [39;1msnarkJS[0m: betaTauG1: fft 16 join  13/16  3/8 0/2
[36;22m[DEBUG] [39;1msnarkJS[0m: betaTauG1: fft 16 join  13/16  5/8 0/2
[36;22m[DEBUG] [39;1msnarkJS[0m: betaTauG1: fft 16 join  13/16  6/8 1/2
[36;22m[DEBUG] [39;1msnarkJS[0m: betaTauG1: fft 16 join  13/16  2/8 0/2
[36;22m[DEBUG] [39;1msnarkJS[0m: betaTauG1: fft 16 join  13/16  1/8 1/2
[36;22m[DEBUG] [39;1msnarkJS[0m: betaTauG1: fft 16 join  13/16  7/8 0/2
[36;22m[DEBUG] [39;1msnarkJS[0m: betaTauG1: fft 16 join  13/16  1/8 0/2
[36;22m[DEBUG] [39;1msnarkJS[0m: betaTauG1: fft 16 join  13/16  4/8 1/2
[36;22m[DEBUG] [39;1msnarkJS[0m: betaTauG1: fft  16  join: 14/16
[36;22m[DEBUG] [39;1msnarkJS[0m: betaTauG1: fft 16 join  14/16  1/4 3/4
[36;22m[DEBUG] [39;1msnarkJS[0m: betaTauG1: fft 16 join  14/16  2/4 2/4
[36;22m[DEBUG] [39;1msnarkJS[0m: betaTauG1: fft 16 join  14/16  1/4 0/4
[36;22m[DEBUG] [39;1msnarkJS[0m: betaTauG1: fft 16 join  14/16  2/4 1/4
[36;22m[DEBUG] [39;1msnarkJS[0m: betaTauG1: fft 16 join  14/16  3/4 2/4
[36;22m[DEBUG] [39;1msnarkJS[0m: betaTauG1: fft 16 join  14/16  2/4 0/4
[36;22m[DEBUG] [39;1msnarkJS[0m: betaTauG1: fft 16 join  14/16  3/4 3/4
[36;22m[DEBUG] [39;1msnarkJS[0m: betaTauG1: fft 16 join  14/16  4/4 1/4
[36;22m[DEBUG] [39;1msnarkJS[0m: betaTauG1: fft 16 join  14/16  4/4 2/4
[36;22m[DEBUG] [39;1msnarkJS[0m: betaTauG1: fft 16 join  14/16  4/4 3/4
[36;22m[DEBUG] [39;1msnarkJS[0m: betaTauG1: fft 16 join  14/16  3/4 0/4
[36;22m[DEBUG] [39;1msnarkJS[0m: betaTauG1: fft 16 join  14/16  1/4 1/4
[36;22m[DEBUG] [39;1msnarkJS[0m: betaTauG1: fft 16 join  14/16  4/4 0/4
[36;22m[DEBUG] [39;1msnarkJS[0m: betaTauG1: fft 16 join  14/16  2/4 3/4
[36;22m[DEBUG] [39;1msnarkJS[0m: betaTauG1: fft 16 join  14/16  3/4 1/4
[36;22m[DEBUG] [39;1msnarkJS[0m: betaTauG1: fft 16 join  14/16  1/4 2/4
[36;22m[DEBUG] [39;1msnarkJS[0m: betaTauG1: fft  16  join: 15/16
[36;22m[DEBUG] [39;1msnarkJS[0m: betaTauG1: fft 16 join  15/16  1/2 6/8
[36;22m[DEBUG] [39;1msnarkJS[0m: betaTauG1: fft 16 join  15/16  1/2 3/8
[36;22m[DEBUG] [39;1msnarkJS[0m: betaTauG1: fft 16 join  15/16  1/2 0/8
[36;22m[DEBUG] [39;1msnarkJS[0m: betaTauG1: fft 16 join  15/16  1/2 4/8
[36;22m[DEBUG] [39;1msnarkJS[0m: betaTauG1: fft 16 join  15/16  2/2 5/8
[36;22m[DEBUG] [39;1msnarkJS[0m: betaTauG1: fft 16 join  15/16  2/2 3/8
[36;22m[DEBUG] [39;1msnarkJS[0m: betaTauG1: fft 16 join  15/16  2/2 2/8
[36;22m[DEBUG] [39;1msnarkJS[0m: betaTauG1: fft 16 join  15/16  1/2 2/8
[36;22m[DEBUG] [39;1msnarkJS[0m: betaTauG1: fft 16 join  15/16  2/2 0/8
[36;22m[DEBUG] [39;1msnarkJS[0m: betaTauG1: fft 16 join  15/16  2/2 7/8
[36;22m[DEBUG] [39;1msnarkJS[0m: betaTauG1: fft 16 join  15/16  1/2 7/8
[36;22m[DEBUG] [39;1msnarkJS[0m: betaTauG1: fft 16 join  15/16  1/2 1/8
[36;22m[DEBUG] [39;1msnarkJS[0m: betaTauG1: fft 16 join  15/16  2/2 6/8
[36;22m[DEBUG] [39;1msnarkJS[0m: betaTauG1: fft 16 join  15/16  2/2 1/8
[36;22m[DEBUG] [39;1msnarkJS[0m: betaTauG1: fft 16 join  15/16  2/2 4/8
[36;22m[DEBUG] [39;1msnarkJS[0m: betaTauG1: fft 16 join  15/16  1/2 5/8
[36;22m[DEBUG] [39;1msnarkJS[0m: betaTauG1: fft  16  join: 16/16
[36;22m[DEBUG] [39;1msnarkJS[0m: betaTauG1: fft 16 join  16/16  1/1 0/16
[36;22m[DEBUG] [39;1msnarkJS[0m: betaTauG1: fft 16 join  16/16  1/1 13/16
[36;22m[DEBUG] [39;1msnarkJS[0m: betaTauG1: fft 16 join  16/16  1/1 6/16
[36;22m[DEBUG] [39;1msnarkJS[0m: betaTauG1: fft 16 join  16/16  1/1 3/16
[36;22m[DEBUG] [39;1msnarkJS[0m: betaTauG1: fft 16 join  16/16  1/1 11/16
[36;22m[DEBUG] [39;1msnarkJS[0m: betaTauG1: fft 16 join  16/16  1/1 10/16
[36;22m[DEBUG] [39;1msnarkJS[0m: betaTauG1: fft 16 join  16/16  1/1 15/16
[36;22m[DEBUG] [39;1msnarkJS[0m: betaTauG1: fft 16 join  16/16  1/1 9/16
[36;22m[DEBUG] [39;1msnarkJS[0m: betaTauG1: fft 16 join  16/16  1/1 4/16
[36;22m[DEBUG] [39;1msnarkJS[0m: betaTauG1: fft 16 join  16/16  1/1 8/16
[36;22m[DEBUG] [39;1msnarkJS[0m: betaTauG1: fft 16 join  16/16  1/1 2/16
[36;22m[DEBUG] [39;1msnarkJS[0m: betaTauG1: fft 16 join  16/16  1/1 7/16
[36;22m[DEBUG] [39;1msnarkJS[0m: betaTauG1: fft 16 join  16/16  1/1 14/16
[36;22m[DEBUG] [39;1msnarkJS[0m: betaTauG1: fft 16 join  16/16  1/1 12/16
[36;22m[DEBUG] [39;1msnarkJS[0m: betaTauG1: fft 16 join  16/16  1/1 5/16
[36;22m[DEBUG] [39;1msnarkJS[0m: betaTauG1: fft 16 join  16/16  1/1 1/16
[36;22m[DEBUG] [39;1msnarkJS[0m: betaTauG1: fft 17 mix start: 0/32
[36;22m[DEBUG] [39;1msnarkJS[0m: betaTauG1: fft 17 mix start: 1/32
[36;22m[DEBUG] [39;1msnarkJS[0m: betaTauG1: fft 17 mix start: 2/32
[36;22m[DEBUG] [39;1msnarkJS[0m: betaTauG1: fft 17 mix start: 3/32
[36;22m[DEBUG] [39;1msnarkJS[0m: betaTauG1: fft 17 mix start: 4/32
[36;22m[DEBUG] [39;1msnarkJS[0m: betaTauG1: fft 17 mix start: 5/32
[36;22m[DEBUG] [39;1msnarkJS[0m: betaTauG1: fft 17 mix start: 6/32
[36;22m[DEBUG] [39;1msnarkJS[0m: betaTauG1: fft 17 mix start: 7/32
[36;22m[DEBUG] [39;1msnarkJS[0m: betaTauG1: fft 17 mix start: 8/32
[36;22m[DEBUG] [39;1msnarkJS[0m: betaTauG1: fft 17 mix start: 9/32
[36;22m[DEBUG] [39;1msnarkJS[0m: betaTauG1: fft 17 mix start: 10/32
[36;22m[DEBUG] [39;1msnarkJS[0m: betaTauG1: fft 17 mix start: 11/32
[36;22m[DEBUG] [39;1msnarkJS[0m: betaTauG1: fft 17 mix start: 12/32
[36;22m[DEBUG] [39;1msnarkJS[0m: betaTauG1: fft 17 mix start: 13/32
[36;22m[DEBUG] [39;1msnarkJS[0m: betaTauG1: fft 17 mix start: 14/32
[36;22m[DEBUG] [39;1msnarkJS[0m: betaTauG1: fft 17 mix start: 15/32
[36;22m[DEBUG] [39;1msnarkJS[0m: betaTauG1: fft 17 mix start: 16/32
[36;22m[DEBUG] [39;1msnarkJS[0m: betaTauG1: fft 17 mix start: 17/32
[36;22m[DEBUG] [39;1msnarkJS[0m: betaTauG1: fft 17 mix start: 18/32
[36;22m[DEBUG] [39;1msnarkJS[0m: betaTauG1: fft 17 mix start: 19/32
[36;22m[DEBUG] [39;1msnarkJS[0m: betaTauG1: fft 17 mix start: 20/32
[36;22m[DEBUG] [39;1msnarkJS[0m: betaTauG1: fft 17 mix start: 21/32
[36;22m[DEBUG] [39;1msnarkJS[0m: betaTauG1: fft 17 mix start: 22/32
[36;22m[DEBUG] [39;1msnarkJS[0m: betaTauG1: fft 17 mix start: 23/32
[36;22m[DEBUG] [39;1msnarkJS[0m: betaTauG1: fft 17 mix start: 24/32
[36;22m[DEBUG] [39;1msnarkJS[0m: betaTauG1: fft 17 mix start: 25/32
[36;22m[DEBUG] [39;1msnarkJS[0m: betaTauG1: fft 17 mix start: 26/32
[36;22m[DEBUG] [39;1msnarkJS[0m: betaTauG1: fft 17 mix start: 27/32
[36;22m[DEBUG] [39;1msnarkJS[0m: betaTauG1: fft 17 mix start: 28/32
[36;22m[DEBUG] [39;1msnarkJS[0m: betaTauG1: fft 17 mix start: 29/32
[36;22m[DEBUG] [39;1msnarkJS[0m: betaTauG1: fft 17 mix start: 30/32
[36;22m[DEBUG] [39;1msnarkJS[0m: betaTauG1: fft 17 mix start: 31/32
[36;22m[DEBUG] [39;1msnarkJS[0m: betaTauG1: fft 17 mix end: 3/32
[36;22m[DEBUG] [39;1msnarkJS[0m: betaTauG1: fft 17 mix end: 19/32
[36;22m[DEBUG] [39;1msnarkJS[0m: betaTauG1: fft 17 mix end: 21/32
[36;22m[DEBUG] [39;1msnarkJS[0m: betaTauG1: fft 17 mix end: 7/32
[36;22m[DEBUG] [39;1msnarkJS[0m: betaTauG1: fft 17 mix end: 17/32
[36;22m[DEBUG] [39;1msnarkJS[0m: betaTauG1: fft 17 mix end: 26/32
[36;22m[DEBUG] [39;1msnarkJS[0m: betaTauG1: fft 17 mix end: 8/32
[36;22m[DEBUG] [39;1msnarkJS[0m: betaTauG1: fft 17 mix end: 27/32
[36;22m[DEBUG] [39;1msnarkJS[0m: betaTauG1: fft 17 mix end: 2/32
[36;22m[DEBUG] [39;1msnarkJS[0m: betaTauG1: fft 17 mix end: 9/32
[36;22m[DEBUG] [39;1msnarkJS[0m: betaTauG1: fft 17 mix end: 0/32
[36;22m[DEBUG] [39;1msnarkJS[0m: betaTauG1: fft 17 mix end: 4/32
[36;22m[DEBUG] [39;1msnarkJS[0m: betaTauG1: fft 17 mix end: 6/32
[36;22m[DEBUG] [39;1msnarkJS[0m: betaTauG1: fft 17 mix end: 25/32
[36;22m[DEBUG] [39;1msnarkJS[0m: betaTauG1: fft 17 mix end: 23/32
[36;22m[DEBUG] [39;1msnarkJS[0m: betaTauG1: fft 17 mix end: 15/32
[36;22m[DEBUG] [39;1msnarkJS[0m: betaTauG1: fft 17 mix end: 16/32
[36;22m[DEBUG] [39;1msnarkJS[0m: betaTauG1: fft 17 mix end: 22/32
[36;22m[DEBUG] [39;1msnarkJS[0m: betaTauG1: fft 17 mix end: 20/32
[36;22m[DEBUG] [39;1msnarkJS[0m: betaTauG1: fft 17 mix end: 12/32
[36;22m[DEBUG] [39;1msnarkJS[0m: betaTauG1: fft 17 mix end: 18/32
[36;22m[DEBUG] [39;1msnarkJS[0m: betaTauG1: fft 17 mix end: 11/32
[36;22m[DEBUG] [39;1msnarkJS[0m: betaTauG1: fft 17 mix end: 13/32
[36;22m[DEBUG] [39;1msnarkJS[0m: betaTauG1: fft 17 mix end: 24/32
[36;22m[DEBUG] [39;1msnarkJS[0m: betaTauG1: fft 17 mix end: 1/32
[36;22m[DEBUG] [39;1msnarkJS[0m: betaTauG1: fft 17 mix end: 29/32
[36;22m[DEBUG] [39;1msnarkJS[0m: betaTauG1: fft 17 mix end: 5/32
[36;22m[DEBUG] [39;1msnarkJS[0m: betaTauG1: fft 17 mix end: 31/32
[36;22m[DEBUG] [39;1msnarkJS[0m: betaTauG1: fft 17 mix end: 28/32
[36;22m[DEBUG] [39;1msnarkJS[0m: betaTauG1: fft 17 mix end: 14/32
[36;22m[DEBUG] [39;1msnarkJS[0m: betaTauG1: fft 17 mix end: 10/32
[36;22m[DEBUG] [39;1msnarkJS[0m: betaTauG1: fft 17 mix end: 30/32
[36;22m[DEBUG] [39;1msnarkJS[0m: betaTauG1: fft  17  join: 13/17
[36;22m[DEBUG] [39;1msnarkJS[0m: betaTauG1: fft 17 join  13/17  3/16 0/1
[36;22m[DEBUG] [39;1msnarkJS[0m: betaTauG1: fft 17 join  13/17  4/16 0/1
[36;22m[DEBUG] [39;1msnarkJS[0m: betaTauG1: fft 17 join  13/17  1/16 0/1
[36;22m[DEBUG] [39;1msnarkJS[0m: betaTauG1: fft 17 join  13/17  5/16 0/1
[36;22m[DEBUG] [39;1msnarkJS[0m: betaTauG1: fft 17 join  13/17  7/16 0/1
[36;22m[DEBUG] [39;1msnarkJS[0m: betaTauG1: fft 17 join  13/17  14/16 0/1
[36;22m[DEBUG] [39;1msnarkJS[0m: betaTauG1: fft 17 join  13/17  9/16 0/1
[36;22m[DEBUG] [39;1msnarkJS[0m: betaTauG1: fft 17 join  13/17  12/16 0/1
[36;22m[DEBUG] [39;1msnarkJS[0m: betaTauG1: fft 17 join  13/17  10/16 0/1
[36;22m[DEBUG] [39;1msnarkJS[0m: betaTauG1: fft 17 join  13/17  15/16 0/1
[36;22m[DEBUG] [39;1msnarkJS[0m: betaTauG1: fft 17 join  13/17  16/16 0/1
[36;22m[DEBUG] [39;1msnarkJS[0m: betaTauG1: fft 17 join  13/17  6/16 0/1
[36;22m[DEBUG] [39;1msnarkJS[0m: betaTauG1: fft 17 join  13/17  11/16 0/1
[36;22m[DEBUG] [39;1msnarkJS[0m: betaTauG1: fft 17 join  13/17  8/16 0/1
[36;22m[DEBUG] [39;1msnarkJS[0m: betaTauG1: fft 17 join  13/17  13/16 0/1
[36;22m[DEBUG] [39;1msnarkJS[0m: betaTauG1: fft 17 join  13/17  2/16 0/1
[36;22m[DEBUG] [39;1msnarkJS[0m: betaTauG1: fft  17  join: 14/17
[36;22m[DEBUG] [39;1msnarkJS[0m: betaTauG1: fft 17 join  14/17  1/8 0/2
[36;22m[DEBUG] [39;1msnarkJS[0m: betaTauG1: fft 17 join  14/17  6/8 1/2
[36;22m[DEBUG] [39;1msnarkJS[0m: betaTauG1: fft 17 join  14/17  7/8 1/2
[36;22m[DEBUG] [39;1msnarkJS[0m: betaTauG1: fft 17 join  14/17  6/8 0/2
[36;22m[DEBUG] [39;1msnarkJS[0m: betaTauG1: fft 17 join  14/17  2/8 1/2
[36;22m[DEBUG] [39;1msnarkJS[0m: betaTauG1: fft 17 join  14/17  8/8 1/2
[36;22m[DEBUG] [39;1msnarkJS[0m: betaTauG1: fft 17 join  14/17  3/8 0/2
[36;22m[DEBUG] [39;1msnarkJS[0m: betaTauG1: fft 17 join  14/17  4/8 0/2
[36;22m[DEBUG] [39;1msnarkJS[0m: betaTauG1: fft 17 join  14/17  8/8 0/2
[36;22m[DEBUG] [39;1msnarkJS[0m: betaTauG1: fft 17 join  14/17  5/8 1/2
[36;22m[DEBUG] [39;1msnarkJS[0m: betaTauG1: fft 17 join  14/17  4/8 1/2
[36;22m[DEBUG] [39;1msnarkJS[0m: betaTauG1: fft 17 join  14/17  1/8 1/2
[36;22m[DEBUG] [39;1msnarkJS[0m: betaTauG1: fft 17 join  14/17  3/8 1/2
[36;22m[DEBUG] [39;1msnarkJS[0m: betaTauG1: fft 17 join  14/17  7/8 0/2
[36;22m[DEBUG] [39;1msnarkJS[0m: betaTauG1: fft 17 join  14/17  5/8 0/2
[36;22m[DEBUG] [39;1msnarkJS[0m: betaTauG1: fft 17 join  14/17  2/8 0/2
[36;22m[DEBUG] [39;1msnarkJS[0m: betaTauG1: fft  17  join: 15/17
[36;22m[DEBUG] [39;1msnarkJS[0m: betaTauG1: fft 17 join  15/17  1/4 2/4
[36;22m[DEBUG] [39;1msnarkJS[0m: betaTauG1: fft 17 join  15/17  4/4 2/4
[36;22m[DEBUG] [39;1msnarkJS[0m: betaTauG1: fft 17 join  15/17  3/4 0/4
[36;22m[DEBUG] [39;1msnarkJS[0m: betaTauG1: fft 17 join  15/17  1/4 0/4
[36;22m[DEBUG] [39;1msnarkJS[0m: betaTauG1: fft 17 join  15/17  3/4 3/4
[36;22m[DEBUG] [39;1msnarkJS[0m: betaTauG1: fft 17 join  15/17  3/4 1/4
[36;22m[DEBUG] [39;1msnarkJS[0m: betaTauG1: fft 17 join  15/17  1/4 3/4
[36;22m[DEBUG] [39;1msnarkJS[0m: betaTauG1: fft 17 join  15/17  4/4 1/4
[36;22m[DEBUG] [39;1msnarkJS[0m: betaTauG1: fft 17 join  15/17  4/4 3/4
[36;22m[DEBUG] [39;1msnarkJS[0m: betaTauG1: fft 17 join  15/17  2/4 0/4
[36;22m[DEBUG] [39;1msnarkJS[0m: betaTauG1: fft 17 join  15/17  2/4 2/4
[36;22m[DEBUG] [39;1msnarkJS[0m: betaTauG1: fft 17 join  15/17  2/4 1/4
[36;22m[DEBUG] [39;1msnarkJS[0m: betaTauG1: fft 17 join  15/17  2/4 3/4
[36;22m[DEBUG] [39;1msnarkJS[0m: betaTauG1: fft 17 join  15/17  4/4 0/4
[36;22m[DEBUG] [39;1msnarkJS[0m: betaTauG1: fft 17 join  15/17  3/4 2/4
[36;22m[DEBUG] [39;1msnarkJS[0m: betaTauG1: fft 17 join  15/17  1/4 1/4
[36;22m[DEBUG] [39;1msnarkJS[0m: betaTauG1: fft  17  join: 16/17
[36;22m[DEBUG] [39;1msnarkJS[0m: betaTauG1: fft 17 join  16/17  1/2 0/8
[36;22m[DEBUG] [39;1msnarkJS[0m: betaTauG1: fft 17 join  16/17  2/2 3/8
[36;22m[DEBUG] [39;1msnarkJS[0m: betaTauG1: fft 17 join  16/17  1/2 2/8
[36;22m[DEBUG] [39;1msnarkJS[0m: betaTauG1: fft 17 join  16/17  2/2 6/8
[36;22m[DEBUG] [39;1msnarkJS[0m: betaTauG1: fft 17 join  16/17  1/2 3/8
[36;22m[DEBUG] [39;1msnarkJS[0m: betaTauG1: fft 17 join  16/17  2/2 5/8
[36;22m[DEBUG] [39;1msnarkJS[0m: betaTauG1: fft 17 join  16/17  2/2 0/8
[36;22m[DEBUG] [39;1msnarkJS[0m: betaTauG1: fft 17 join  16/17  2/2 1/8
[36;22m[DEBUG] [39;1msnarkJS[0m: betaTauG1: fft 17 join  16/17  1/2 6/8
[36;22m[DEBUG] [39;1msnarkJS[0m: betaTauG1: fft 17 join  16/17  1/2 4/8
[36;22m[DEBUG] [39;1msnarkJS[0m: betaTauG1: fft 17 join  16/17  2/2 7/8
[36;22m[DEBUG] [39;1msnarkJS[0m: betaTauG1: fft 17 join  16/17  1/2 5/8
[36;22m[DEBUG] [39;1msnarkJS[0m: betaTauG1: fft 17 join  16/17  1/2 7/8
[36;22m[DEBUG] [39;1msnarkJS[0m: betaTauG1: fft 17 join  16/17  2/2 2/8
[36;22m[DEBUG] [39;1msnarkJS[0m: betaTauG1: fft 17 join  16/17  2/2 4/8
[36;22m[DEBUG] [39;1msnarkJS[0m: betaTauG1: fft 17 join  16/17  1/2 1/8
[36;22m[DEBUG] [39;1msnarkJS[0m: betaTauG1: fft  17  join: 17/17
[36;22m[DEBUG] [39;1msnarkJS[0m: betaTauG1: fft 17 join  17/17  1/1 0/16
[36;22m[DEBUG] [39;1msnarkJS[0m: betaTauG1: fft 17 join  17/17  1/1 11/16
[36;22m[DEBUG] [39;1msnarkJS[0m: betaTauG1: fft 17 join  17/17  1/1 6/16
[36;22m[DEBUG] [39;1msnarkJS[0m: betaTauG1: fft 17 join  17/17  1/1 13/16
[36;22m[DEBUG] [39;1msnarkJS[0m: betaTauG1: fft 17 join  17/17  1/1 14/16
[36;22m[DEBUG] [39;1msnarkJS[0m: betaTauG1: fft 17 join  17/17  1/1 3/16
[36;22m[DEBUG] [39;1msnarkJS[0m: betaTauG1: fft 17 join  17/17  1/1 15/16
[36;22m[DEBUG] [39;1msnarkJS[0m: betaTauG1: fft 17 join  17/17  1/1 7/16
[36;22m[DEBUG] [39;1msnarkJS[0m: betaTauG1: fft 17 join  17/17  1/1 9/16
[36;22m[DEBUG] [39;1msnarkJS[0m: betaTauG1: fft 17 join  17/17  1/1 12/16
[36;22m[DEBUG] [39;1msnarkJS[0m: betaTauG1: fft 17 join  17/17  1/1 4/16
[36;22m[DEBUG] [39;1msnarkJS[0m: betaTauG1: fft 17 join  17/17  1/1 5/16
[36;22m[DEBUG] [39;1msnarkJS[0m: betaTauG1: fft 17 join  17/17  1/1 8/16
[36;22m[DEBUG] [39;1msnarkJS[0m: betaTauG1: fft 17 join  17/17  1/1 2/16
[36;22m[DEBUG] [39;1msnarkJS[0m: betaTauG1: fft 17 join  17/17  1/1 1/16
[36;22m[DEBUG] [39;1msnarkJS[0m: betaTauG1: fft 17 join  17/17  1/1 10/16
[36;22m[DEBUG] [39;1msnarkJS[0m: betaTauG1: fft 18 mix start: 0/32
[36;22m[DEBUG] [39;1msnarkJS[0m: betaTauG1: fft 18 mix start: 1/32
[36;22m[DEBUG] [39;1msnarkJS[0m: betaTauG1: fft 18 mix start: 2/32
[36;22m[DEBUG] [39;1msnarkJS[0m: betaTauG1: fft 18 mix start: 3/32
[36;22m[DEBUG] [39;1msnarkJS[0m: betaTauG1: fft 18 mix start: 4/32
[36;22m[DEBUG] [39;1msnarkJS[0m: betaTauG1: fft 18 mix start: 5/32
[36;22m[DEBUG] [39;1msnarkJS[0m: betaTauG1: fft 18 mix start: 6/32
[36;22m[DEBUG] [39;1msnarkJS[0m: betaTauG1: fft 18 mix start: 7/32
[36;22m[DEBUG] [39;1msnarkJS[0m: betaTauG1: fft 18 mix start: 8/32
[36;22m[DEBUG] [39;1msnarkJS[0m: betaTauG1: fft 18 mix start: 9/32
[36;22m[DEBUG] [39;1msnarkJS[0m: betaTauG1: fft 18 mix start: 10/32
[36;22m[DEBUG] [39;1msnarkJS[0m: betaTauG1: fft 18 mix start: 11/32
[36;22m[DEBUG] [39;1msnarkJS[0m: betaTauG1: fft 18 mix start: 12/32
[36;22m[DEBUG] [39;1msnarkJS[0m: betaTauG1: fft 18 mix start: 13/32
[36;22m[DEBUG] [39;1msnarkJS[0m: betaTauG1: fft 18 mix start: 14/32
[36;22m[DEBUG] [39;1msnarkJS[0m: betaTauG1: fft 18 mix start: 15/32
[36;22m[DEBUG] [39;1msnarkJS[0m: betaTauG1: fft 18 mix start: 16/32
[36;22m[DEBUG] [39;1msnarkJS[0m: betaTauG1: fft 18 mix start: 17/32
[36;22m[DEBUG] [39;1msnarkJS[0m: betaTauG1: fft 18 mix start: 18/32
[36;22m[DEBUG] [39;1msnarkJS[0m: betaTauG1: fft 18 mix start: 19/32
[36;22m[DEBUG] [39;1msnarkJS[0m: betaTauG1: fft 18 mix start: 20/32
[36;22m[DEBUG] [39;1msnarkJS[0m: betaTauG1: fft 18 mix start: 21/32
[36;22m[DEBUG] [39;1msnarkJS[0m: betaTauG1: fft 18 mix start: 22/32
[36;22m[DEBUG] [39;1msnarkJS[0m: betaTauG1: fft 18 mix start: 23/32
[36;22m[DEBUG] [39;1msnarkJS[0m: betaTauG1: fft 18 mix start: 24/32
[36;22m[DEBUG] [39;1msnarkJS[0m: betaTauG1: fft 18 mix start: 25/32
[36;22m[DEBUG] [39;1msnarkJS[0m: betaTauG1: fft 18 mix start: 26/32
[36;22m[DEBUG] [39;1msnarkJS[0m: betaTauG1: fft 18 mix start: 27/32
[36;22m[DEBUG] [39;1msnarkJS[0m: betaTauG1: fft 18 mix start: 28/32
[36;22m[DEBUG] [39;1msnarkJS[0m: betaTauG1: fft 18 mix start: 29/32
[36;22m[DEBUG] [39;1msnarkJS[0m: betaTauG1: fft 18 mix start: 30/32
[36;22m[DEBUG] [39;1msnarkJS[0m: betaTauG1: fft 18 mix start: 31/32
[36;22m[DEBUG] [39;1msnarkJS[0m: betaTauG1: fft 18 mix end: 7/32
[36;22m[DEBUG] [39;1msnarkJS[0m: betaTauG1: fft 18 mix end: 24/32
[36;22m[DEBUG] [39;1msnarkJS[0m: betaTauG1: fft 18 mix end: 2/32
[36;22m[DEBUG] [39;1msnarkJS[0m: betaTauG1: fft 18 mix end: 21/32
[36;22m[DEBUG] [39;1msnarkJS[0m: betaTauG1: fft 18 mix end: 22/32
[36;22m[DEBUG] [39;1msnarkJS[0m: betaTauG1: fft 18 mix end: 17/32
[36;22m[DEBUG] [39;1msnarkJS[0m: betaTauG1: fft 18 mix end: 26/32
[36;22m[DEBUG] [39;1msnarkJS[0m: betaTauG1: fft 18 mix end: 28/32
[36;22m[DEBUG] [39;1msnarkJS[0m: betaTauG1: fft 18 mix end: 23/32
[36;22m[DEBUG] [39;1msnarkJS[0m: betaTauG1: fft 18 mix end: 10/32
[36;22m[DEBUG] [39;1msnarkJS[0m: betaTauG1: fft 18 mix end: 15/32
[36;22m[DEBUG] [39;1msnarkJS[0m: betaTauG1: fft 18 mix end: 1/32
[36;22m[DEBUG] [39;1msnarkJS[0m: betaTauG1: fft 18 mix end: 4/32
[36;22m[DEBUG] [39;1msnarkJS[0m: betaTauG1: fft 18 mix end: 5/32
[36;22m[DEBUG] [39;1msnarkJS[0m: betaTauG1: fft 18 mix end: 29/32
[36;22m[DEBUG] [39;1msnarkJS[0m: betaTauG1: fft 18 mix end: 25/32
[36;22m[DEBUG] [39;1msnarkJS[0m: betaTauG1: fft 18 mix end: 9/32
[36;22m[DEBUG] [39;1msnarkJS[0m: betaTauG1: fft 18 mix end: 16/32
[36;22m[DEBUG] [39;1msnarkJS[0m: betaTauG1: fft 18 mix end: 18/32
[36;22m[DEBUG] [39;1msnarkJS[0m: betaTauG1: fft 18 mix end: 11/32
[36;22m[DEBUG] [39;1msnarkJS[0m: betaTauG1: fft 18 mix end: 20/32
[36;22m[DEBUG] [39;1msnarkJS[0m: betaTauG1: fft 18 mix end: 27/32
[36;22m[DEBUG] [39;1msnarkJS[0m: betaTauG1: fft 18 mix end: 0/32
[36;22m[DEBUG] [39;1msnarkJS[0m: betaTauG1: fft 18 mix end: 19/32
[36;22m[DEBUG] [39;1msnarkJS[0m: betaTauG1: fft 18 mix end: 8/32
[36;22m[DEBUG] [39;1msnarkJS[0m: betaTauG1: fft 18 mix end: 12/32
[36;22m[DEBUG] [39;1msnarkJS[0m: betaTauG1: fft 18 mix end: 6/32
[36;22m[DEBUG] [39;1msnarkJS[0m: betaTauG1: fft 18 mix end: 3/32
[36;22m[DEBUG] [39;1msnarkJS[0m: betaTauG1: fft 18 mix end: 13/32
[36;22m[DEBUG] [39;1msnarkJS[0m: betaTauG1: fft 18 mix end: 30/32
[36;22m[DEBUG] [39;1msnarkJS[0m: betaTauG1: fft 18 mix end: 14/32
[36;22m[DEBUG] [39;1msnarkJS[0m: betaTauG1: fft 18 mix end: 31/32
[36;22m[DEBUG] [39;1msnarkJS[0m: betaTauG1: fft  18  join: 14/18
[36;22m[DEBUG] [39;1msnarkJS[0m: betaTauG1: fft 18 join  14/18  12/16 0/1
[36;22m[DEBUG] [39;1msnarkJS[0m: betaTauG1: fft 18 join  14/18  2/16 0/1
[36;22m[DEBUG] [39;1msnarkJS[0m: betaTauG1: fft 18 join  14/18  10/16 0/1
[36;22m[DEBUG] [39;1msnarkJS[0m: betaTauG1: fft 18 join  14/18  4/16 0/1
[36;22m[DEBUG] [39;1msnarkJS[0m: betaTauG1: fft 18 join  14/18  11/16 0/1
[36;22m[DEBUG] [39;1msnarkJS[0m: betaTauG1: fft 18 join  14/18  15/16 0/1
[36;22m[DEBUG] [39;1msnarkJS[0m: betaTauG1: fft 18 join  14/18  14/16 0/1
[36;22m[DEBUG] [39;1msnarkJS[0m: betaTauG1: fft 18 join  14/18  3/16 0/1
[36;22m[DEBUG] [39;1msnarkJS[0m: betaTauG1: fft 18 join  14/18  8/16 0/1
[36;22m[DEBUG] [39;1msnarkJS[0m: betaTauG1: fft 18 join  14/18  6/16 0/1
[36;22m[DEBUG] [39;1msnarkJS[0m: betaTauG1: fft 18 join  14/18  13/16 0/1
[36;22m[DEBUG] [39;1msnarkJS[0m: betaTauG1: fft 18 join  14/18  7/16 0/1
[36;22m[DEBUG] [39;1msnarkJS[0m: betaTauG1: fft 18 join  14/18  5/16 0/1
[36;22m[DEBUG] [39;1msnarkJS[0m: betaTauG1: fft 18 join  14/18  9/16 0/1
[36;22m[DEBUG] [39;1msnarkJS[0m: betaTauG1: fft 18 join  14/18  1/16 0/1
[36;22m[DEBUG] [39;1msnarkJS[0m: betaTauG1: fft 18 join  14/18  16/16 0/1
[36;22m[DEBUG] [39;1msnarkJS[0m: betaTauG1: fft  18  join: 15/18
[36;22m[DEBUG] [39;1msnarkJS[0m: betaTauG1: fft 18 join  15/18  2/8 1/2
[36;22m[DEBUG] [39;1msnarkJS[0m: betaTauG1: fft 18 join  15/18  1/8 1/2
[36;22m[DEBUG] [39;1msnarkJS[0m: betaTauG1: fft 18 join  15/18  8/8 1/2
[36;22m[DEBUG] [39;1msnarkJS[0m: betaTauG1: fft 18 join  15/18  6/8 1/2
[36;22m[DEBUG] [39;1msnarkJS[0m: betaTauG1: fft 18 join  15/18  8/8 0/2
[36;22m[DEBUG] [39;1msnarkJS[0m: betaTauG1: fft 18 join  15/18  5/8 1/2
[36;22m[DEBUG] [39;1msnarkJS[0m: betaTauG1: fft 18 join  15/18  4/8 0/2
[36;22m[DEBUG] [39;1msnarkJS[0m: betaTauG1: fft 18 join  15/18  7/8 1/2
[36;22m[DEBUG] [39;1msnarkJS[0m: betaTauG1: fft 18 join  15/18  6/8 0/2
[36;22m[DEBUG] [39;1msnarkJS[0m: betaTauG1: fft 18 join  15/18  3/8 1/2
[36;22m[DEBUG] [39;1msnarkJS[0m: betaTauG1: fft 18 join  15/18  1/8 0/2
[36;22m[DEBUG] [39;1msnarkJS[0m: betaTauG1: fft 18 join  15/18  7/8 0/2
[36;22m[DEBUG] [39;1msnarkJS[0m: betaTauG1: fft 18 join  15/18  2/8 0/2
[36;22m[DEBUG] [39;1msnarkJS[0m: betaTauG1: fft 18 join  15/18  4/8 1/2
[36;22m[DEBUG] [39;1msnarkJS[0m: betaTauG1: fft 18 join  15/18  5/8 0/2
[36;22m[DEBUG] [39;1msnarkJS[0m: betaTauG1: fft 18 join  15/18  3/8 0/2
[36;22m[DEBUG] [39;1msnarkJS[0m: betaTauG1: fft  18  join: 16/18
[36;22m[DEBUG] [39;1msnarkJS[0m: betaTauG1: fft 18 join  16/18  2/4 0/4
[36;22m[DEBUG] [39;1msnarkJS[0m: betaTauG1: fft 18 join  16/18  4/4 2/4
[36;22m[DEBUG] [39;1msnarkJS[0m: betaTauG1: fft 18 join  16/18  3/4 1/4
[36;22m[DEBUG] [39;1msnarkJS[0m: betaTauG1: fft 18 join  16/18  3/4 3/4
[36;22m[DEBUG] [39;1msnarkJS[0m: betaTauG1: fft 18 join  16/18  4/4 3/4
[36;22m[DEBUG] [39;1msnarkJS[0m: betaTauG1: fft 18 join  16/18  1/4 1/4
[36;22m[DEBUG] [39;1msnarkJS[0m: betaTauG1: fft 18 join  16/18  1/4 3/4
[36;22m[DEBUG] [39;1msnarkJS[0m: betaTauG1: fft 18 join  16/18  2/4 2/4
[36;22m[DEBUG] [39;1msnarkJS[0m: betaTauG1: fft 18 join  16/18  4/4 1/4
[36;22m[DEBUG] [39;1msnarkJS[0m: betaTauG1: fft 18 join  16/18  3/4 2/4
[36;22m[DEBUG] [39;1msnarkJS[0m: betaTauG1: fft 18 join  16/18  1/4 2/4
[36;22m[DEBUG] [39;1msnarkJS[0m: betaTauG1: fft 18 join  16/18  1/4 0/4
[36;22m[DEBUG] [39;1msnarkJS[0m: betaTauG1: fft 18 join  16/18  2/4 3/4
[36;22m[DEBUG] [39;1msnarkJS[0m: betaTauG1: fft 18 join  16/18  2/4 1/4
[36;22m[DEBUG] [39;1msnarkJS[0m: betaTauG1: fft 18 join  16/18  4/4 0/4
[36;22m[DEBUG] [39;1msnarkJS[0m: betaTauG1: fft 18 join  16/18  3/4 0/4
[36;22m[DEBUG] [39;1msnarkJS[0m: betaTauG1: fft  18  join: 17/18
[36;22m[DEBUG] [39;1msnarkJS[0m: betaTauG1: fft 18 join  17/18  1/2 0/8
[36;22m[DEBUG] [39;1msnarkJS[0m: betaTauG1: fft 18 join  17/18  1/2 3/8
[36;22m[DEBUG] [39;1msnarkJS[0m: betaTauG1: fft 18 join  17/18  1/2 4/8
[36;22m[DEBUG] [39;1msnarkJS[0m: betaTauG1: fft 18 join  17/18  2/2 1/8
[36;22m[DEBUG] [39;1msnarkJS[0m: betaTauG1: fft 18 join  17/18  1/2 1/8
[36;22m[DEBUG] [39;1msnarkJS[0m: betaTauG1: fft 18 join  17/18  2/2 3/8
[36;22m[DEBUG] [39;1msnarkJS[0m: betaTauG1: fft 18 join  17/18  2/2 5/8
[36;22m[DEBUG] [39;1msnarkJS[0m: betaTauG1: fft 18 join  17/18  2/2 6/8
[36;22m[DEBUG] [39;1msnarkJS[0m: betaTauG1: fft 18 join  17/18  2/2 7/8
[36;22m[DEBUG] [39;1msnarkJS[0m: betaTauG1: fft 18 join  17/18  1/2 6/8
[36;22m[DEBUG] [39;1msnarkJS[0m: betaTauG1: fft 18 join  17/18  2/2 2/8
[36;22m[DEBUG] [39;1msnarkJS[0m: betaTauG1: fft 18 join  17/18  1/2 7/8
[36;22m[DEBUG] [39;1msnarkJS[0m: betaTauG1: fft 18 join  17/18  1/2 5/8
[36;22m[DEBUG] [39;1msnarkJS[0m: betaTauG1: fft 18 join  17/18  2/2 4/8
[36;22m[DEBUG] [39;1msnarkJS[0m: betaTauG1: fft 18 join  17/18  2/2 0/8
[36;22m[DEBUG] [39;1msnarkJS[0m: betaTauG1: fft 18 join  17/18  1/2 2/8
[36;22m[DEBUG] [39;1msnarkJS[0m: betaTauG1: fft  18  join: 18/18
[36;22m[DEBUG] [39;1msnarkJS[0m: betaTauG1: fft 18 join  18/18  1/1 15/16
[36;22m[DEBUG] [39;1msnarkJS[0m: betaTauG1: fft 18 join  18/18  1/1 13/16
[36;22m[DEBUG] [39;1msnarkJS[0m: betaTauG1: fft 18 join  18/18  1/1 1/16
[36;22m[DEBUG] [39;1msnarkJS[0m: betaTauG1: fft 18 join  18/18  1/1 6/16
[36;22m[DEBUG] [39;1msnarkJS[0m: betaTauG1: fft 18 join  18/18  1/1 4/16
[36;22m[DEBUG] [39;1msnarkJS[0m: betaTauG1: fft 18 join  18/18  1/1 9/16
[36;22m[DEBUG] [39;1msnarkJS[0m: betaTauG1: fft 18 join  18/18  1/1 11/16
[36;22m[DEBUG] [39;1msnarkJS[0m: betaTauG1: fft 18 join  18/18  1/1 3/16
[36;22m[DEBUG] [39;1msnarkJS[0m: betaTauG1: fft 18 join  18/18  1/1 14/16
[36;22m[DEBUG] [39;1msnarkJS[0m: betaTauG1: fft 18 join  18/18  1/1 10/16
[36;22m[DEBUG] [39;1msnarkJS[0m: betaTauG1: fft 18 join  18/18  1/1 2/16
[36;22m[DEBUG] [39;1msnarkJS[0m: betaTauG1: fft 18 join  18/18  1/1 12/16
[36;22m[DEBUG] [39;1msnarkJS[0m: betaTauG1: fft 18 join  18/18  1/1 7/16
[36;22m[DEBUG] [39;1msnarkJS[0m: betaTauG1: fft 18 join  18/18  1/1 0/16
[36;22m[DEBUG] [39;1msnarkJS[0m: betaTauG1: fft 18 join  18/18  1/1 5/16
[36;22m[DEBUG] [39;1msnarkJS[0m: betaTauG1: fft 18 join  18/18  1/1 8/16
[36;22m[DEBUG] [39;1msnarkJS[0m: betaTauG1: fft 19 mix start: 0/32
[36;22m[DEBUG] [39;1msnarkJS[0m: betaTauG1: fft 19 mix start: 1/32
[36;22m[DEBUG] [39;1msnarkJS[0m: betaTauG1: fft 19 mix start: 2/32
[36;22m[DEBUG] [39;1msnarkJS[0m: betaTauG1: fft 19 mix start: 3/32
[36;22m[DEBUG] [39;1msnarkJS[0m: betaTauG1: fft 19 mix start: 4/32
[36;22m[DEBUG] [39;1msnarkJS[0m: betaTauG1: fft 19 mix start: 5/32
[36;22m[DEBUG] [39;1msnarkJS[0m: betaTauG1: fft 19 mix start: 6/32
[36;22m[DEBUG] [39;1msnarkJS[0m: betaTauG1: fft 19 mix start: 7/32
[36;22m[DEBUG] [39;1msnarkJS[0m: betaTauG1: fft 19 mix start: 8/32
[36;22m[DEBUG] [39;1msnarkJS[0m: betaTauG1: fft 19 mix start: 9/32
[36;22m[DEBUG] [39;1msnarkJS[0m: betaTauG1: fft 19 mix start: 10/32
[36;22m[DEBUG] [39;1msnarkJS[0m: betaTauG1: fft 19 mix start: 11/32
[36;22m[DEBUG] [39;1msnarkJS[0m: betaTauG1: fft 19 mix start: 12/32
[36;22m[DEBUG] [39;1msnarkJS[0m: betaTauG1: fft 19 mix start: 13/32
[36;22m[DEBUG] [39;1msnarkJS[0m: betaTauG1: fft 19 mix start: 14/32
[36;22m[DEBUG] [39;1msnarkJS[0m: betaTauG1: fft 19 mix start: 15/32
[36;22m[DEBUG] [39;1msnarkJS[0m: betaTauG1: fft 19 mix start: 16/32
[36;22m[DEBUG] [39;1msnarkJS[0m: betaTauG1: fft 19 mix start: 17/32
[36;22m[DEBUG] [39;1msnarkJS[0m: betaTauG1: fft 19 mix start: 18/32
[36;22m[DEBUG] [39;1msnarkJS[0m: betaTauG1: fft 19 mix start: 19/32
[36;22m[DEBUG] [39;1msnarkJS[0m: betaTauG1: fft 19 mix start: 20/32
[36;22m[DEBUG] [39;1msnarkJS[0m: betaTauG1: fft 19 mix start: 21/32
[36;22m[DEBUG] [39;1msnarkJS[0m: betaTauG1: fft 19 mix start: 22/32
[36;22m[DEBUG] [39;1msnarkJS[0m: betaTauG1: fft 19 mix start: 23/32
[36;22m[DEBUG] [39;1msnarkJS[0m: betaTauG1: fft 19 mix start: 24/32
[36;22m[DEBUG] [39;1msnarkJS[0m: betaTauG1: fft 19 mix start: 25/32
[36;22m[DEBUG] [39;1msnarkJS[0m: betaTauG1: fft 19 mix start: 26/32
[36;22m[DEBUG] [39;1msnarkJS[0m: betaTauG1: fft 19 mix start: 27/32
[36;22m[DEBUG] [39;1msnarkJS[0m: betaTauG1: fft 19 mix start: 28/32
[36;22m[DEBUG] [39;1msnarkJS[0m: betaTauG1: fft 19 mix start: 29/32
[36;22m[DEBUG] [39;1msnarkJS[0m: betaTauG1: fft 19 mix start: 30/32
[36;22m[DEBUG] [39;1msnarkJS[0m: betaTauG1: fft 19 mix start: 31/32
[36;22m[DEBUG] [39;1msnarkJS[0m: betaTauG1: fft 19 mix end: 24/32
[36;22m[DEBUG] [39;1msnarkJS[0m: betaTauG1: fft 19 mix end: 7/32
[36;22m[DEBUG] [39;1msnarkJS[0m: betaTauG1: fft 19 mix end: 2/32
[36;22m[DEBUG] [39;1msnarkJS[0m: betaTauG1: fft 19 mix end: 17/32
[36;22m[DEBUG] [39;1msnarkJS[0m: betaTauG1: fft 19 mix end: 25/32
[36;22m[DEBUG] [39;1msnarkJS[0m: betaTauG1: fft 19 mix end: 10/32
[36;22m[DEBUG] [39;1msnarkJS[0m: betaTauG1: fft 19 mix end: 22/32
[36;22m[DEBUG] [39;1msnarkJS[0m: betaTauG1: fft 19 mix end: 6/32
[36;22m[DEBUG] [39;1msnarkJS[0m: betaTauG1: fft 19 mix end: 4/32
[36;22m[DEBUG] [39;1msnarkJS[0m: betaTauG1: fft 19 mix end: 11/32
[36;22m[DEBUG] [39;1msnarkJS[0m: betaTauG1: fft 19 mix end: 23/32
[36;22m[DEBUG] [39;1msnarkJS[0m: betaTauG1: fft 19 mix end: 28/32
[36;22m[DEBUG] [39;1msnarkJS[0m: betaTauG1: fft 19 mix end: 5/32
[36;22m[DEBUG] [39;1msnarkJS[0m: betaTauG1: fft 19 mix end: 20/32
[36;22m[DEBUG] [39;1msnarkJS[0m: betaTauG1: fft 19 mix end: 15/32
[36;22m[DEBUG] [39;1msnarkJS[0m: betaTauG1: fft 19 mix end: 26/32
[36;22m[DEBUG] [39;1msnarkJS[0m: betaTauG1: fft 19 mix end: 0/32
[36;22m[DEBUG] [39;1msnarkJS[0m: betaTauG1: fft 19 mix end: 18/32
[36;22m[DEBUG] [39;1msnarkJS[0m: betaTauG1: fft 19 mix end: 16/32
[36;22m[DEBUG] [39;1msnarkJS[0m: betaTauG1: fft 19 mix end: 30/32
[36;22m[DEBUG] [39;1msnarkJS[0m: betaTauG1: fft 19 mix end: 8/32
[36;22m[DEBUG] [39;1msnarkJS[0m: betaTauG1: fft 19 mix end: 12/32
[36;22m[DEBUG] [39;1msnarkJS[0m: betaTauG1: fft 19 mix end: 19/32
[36;22m[DEBUG] [39;1msnarkJS[0m: betaTauG1: fft 19 mix end: 27/32
[36;22m[DEBUG] [39;1msnarkJS[0m: betaTauG1: fft 19 mix end: 13/32
[36;22m[DEBUG] [39;1msnarkJS[0m: betaTauG1: fft 19 mix end: 29/32
[36;22m[DEBUG] [39;1msnarkJS[0m: betaTauG1: fft 19 mix end: 3/32
[36;22m[DEBUG] [39;1msnarkJS[0m: betaTauG1: fft 19 mix end: 21/32
[36;22m[DEBUG] [39;1msnarkJS[0m: betaTauG1: fft 19 mix end: 1/32
[36;22m[DEBUG] [39;1msnarkJS[0m: betaTauG1: fft 19 mix end: 31/32
[36;22m[DEBUG] [39;1msnarkJS[0m: betaTauG1: fft 19 mix end: 14/32
[36;22m[DEBUG] [39;1msnarkJS[0m: betaTauG1: fft 19 mix end: 9/32
[36;22m[DEBUG] [39;1msnarkJS[0m: betaTauG1: fft  19  join: 15/19
[36;22m[DEBUG] [39;1msnarkJS[0m: betaTauG1: fft 19 join  15/19  10/16 0/1
[36;22m[DEBUG] [39;1msnarkJS[0m: betaTauG1: fft 19 join  15/19  9/16 0/1
[36;22m[DEBUG] [39;1msnarkJS[0m: betaTauG1: fft 19 join  15/19  7/16 0/1
[36;22m[DEBUG] [39;1msnarkJS[0m: betaTauG1: fft 19 join  15/19  16/16 0/1
[36;22m[DEBUG] [39;1msnarkJS[0m: betaTauG1: fft 19 join  15/19  15/16 0/1
[36;22m[DEBUG] [39;1msnarkJS[0m: betaTauG1: fft 19 join  15/19  6/16 0/1
[36;22m[DEBUG] [39;1msnarkJS[0m: betaTauG1: fft 19 join  15/19  14/16 0/1
[36;22m[DEBUG] [39;1msnarkJS[0m: betaTauG1: fft 19 join  15/19  11/16 0/1
[36;22m[DEBUG] [39;1msnarkJS[0m: betaTauG1: fft 19 join  15/19  2/16 0/1
[36;22m[DEBUG] [39;1msnarkJS[0m: betaTauG1: fft 19 join  15/19  12/16 0/1
[36;22m[DEBUG] [39;1msnarkJS[0m: betaTauG1: fft 19 join  15/19  3/16 0/1
[36;22m[DEBUG] [39;1msnarkJS[0m: betaTauG1: fft 19 join  15/19  8/16 0/1
[36;22m[DEBUG] [39;1msnarkJS[0m: betaTauG1: fft 19 join  15/19  4/16 0/1
[36;22m[DEBUG] [39;1msnarkJS[0m: betaTauG1: fft 19 join  15/19  13/16 0/1
[36;22m[DEBUG] [39;1msnarkJS[0m: betaTauG1: fft 19 join  15/19  1/16 0/1
[36;22m[DEBUG] [39;1msnarkJS[0m: betaTauG1: fft 19 join  15/19  5/16 0/1
[36;22m[DEBUG] [39;1msnarkJS[0m: betaTauG1: fft  19  join: 16/19
[36;22m[DEBUG] [39;1msnarkJS[0m: betaTauG1: fft 19 join  16/19  1/8 1/2
[36;22m[DEBUG] [39;1msnarkJS[0m: betaTauG1: fft 19 join  16/19  1/8 0/2
[36;22m[DEBUG] [39;1msnarkJS[0m: betaTauG1: fft 19 join  16/19  5/8 1/2
[36;22m[DEBUG] [39;1msnarkJS[0m: betaTauG1: fft 19 join  16/19  4/8 0/2
[36;22m[DEBUG] [39;1msnarkJS[0m: betaTauG1: fft 19 join  16/19  8/8 0/2
[36;22m[DEBUG] [39;1msnarkJS[0m: betaTauG1: fft 19 join  16/19  8/8 1/2
[36;22m[DEBUG] [39;1msnarkJS[0m: betaTauG1: fft 19 join  16/19  6/8 1/2
[36;22m[DEBUG] [39;1msnarkJS[0m: betaTauG1: fft 19 join  16/19  7/8 1/2
[36;22m[DEBUG] [39;1msnarkJS[0m: betaTauG1: fft 19 join  16/19  3/8 1/2
[36;22m[DEBUG] [39;1msnarkJS[0m: betaTauG1: fft 19 join  16/19  5/8 0/2
[36;22m[DEBUG] [39;1msnarkJS[0m: betaTauG1: fft 19 join  16/19  6/8 0/2
[36;22m[DEBUG] [39;1msnarkJS[0m: betaTauG1: fft 19 join  16/19  3/8 0/2
[36;22m[DEBUG] [39;1msnarkJS[0m: betaTauG1: fft 19 join  16/19  2/8 0/2
[36;22m[DEBUG] [39;1msnarkJS[0m: betaTauG1: fft 19 join  16/19  4/8 1/2
[36;22m[DEBUG] [39;1msnarkJS[0m: betaTauG1: fft 19 join  16/19  7/8 0/2
[36;22m[DEBUG] [39;1msnarkJS[0m: betaTauG1: fft 19 join  16/19  2/8 1/2
[36;22m[DEBUG] [39;1msnarkJS[0m: betaTauG1: fft  19  join: 17/19
[36;22m[DEBUG] [39;1msnarkJS[0m: betaTauG1: fft 19 join  17/19  2/4 0/4
[36;22m[DEBUG] [39;1msnarkJS[0m: betaTauG1: fft 19 join  17/19  2/4 2/4
[36;22m[DEBUG] [39;1msnarkJS[0m: betaTauG1: fft 19 join  17/19  3/4 0/4
[36;22m[DEBUG] [39;1msnarkJS[0m: betaTauG1: fft 19 join  17/19  1/4 1/4
[36;22m[DEBUG] [39;1msnarkJS[0m: betaTauG1: fft 19 join  17/19  1/4 0/4
[36;22m[DEBUG] [39;1msnarkJS[0m: betaTauG1: fft 19 join  17/19  4/4 3/4
[36;22m[DEBUG] [39;1msnarkJS[0m: betaTauG1: fft 19 join  17/19  3/4 1/4
[36;22m[DEBUG] [39;1msnarkJS[0m: betaTauG1: fft 19 join  17/19  4/4 2/4
[36;22m[DEBUG] [39;1msnarkJS[0m: betaTauG1: fft 19 join  17/19  4/4 1/4
[36;22m[DEBUG] [39;1msnarkJS[0m: betaTauG1: fft 19 join  17/19  2/4 1/4
[36;22m[DEBUG] [39;1msnarkJS[0m: betaTauG1: fft 19 join  17/19  3/4 3/4
[36;22m[DEBUG] [39;1msnarkJS[0m: betaTauG1: fft 19 join  17/19  3/4 2/4
[36;22m[DEBUG] [39;1msnarkJS[0m: betaTauG1: fft 19 join  17/19  1/4 2/4
[36;22m[DEBUG] [39;1msnarkJS[0m: betaTauG1: fft 19 join  17/19  1/4 3/4
[36;22m[DEBUG] [39;1msnarkJS[0m: betaTauG1: fft 19 join  17/19  2/4 3/4
[36;22m[DEBUG] [39;1msnarkJS[0m: betaTauG1: fft 19 join  17/19  4/4 0/4
[36;22m[DEBUG] [39;1msnarkJS[0m: betaTauG1: fft  19  join: 18/19
[36;22m[DEBUG] [39;1msnarkJS[0m: betaTauG1: fft 19 join  18/19  1/2 6/8
[36;22m[DEBUG] [39;1msnarkJS[0m: betaTauG1: fft 19 join  18/19  1/2 4/8
[36;22m[DEBUG] [39;1msnarkJS[0m: betaTauG1: fft 19 join  18/19  1/2 1/8
[36;22m[DEBUG] [39;1msnarkJS[0m: betaTauG1: fft 19 join  18/19  1/2 0/8
[36;22m[DEBUG] [39;1msnarkJS[0m: betaTauG1: fft 19 join  18/19  2/2 1/8
[36;22m[DEBUG] [39;1msnarkJS[0m: betaTauG1: fft 19 join  18/19  2/2 0/8
[36;22m[DEBUG] [39;1msnarkJS[0m: betaTauG1: fft 19 join  18/19  2/2 7/8
[36;22m[DEBUG] [39;1msnarkJS[0m: betaTauG1: fft 19 join  18/19  1/2 5/8
[36;22m[DEBUG] [39;1msnarkJS[0m: betaTauG1: fft 19 join  18/19  2/2 6/8
[36;22m[DEBUG] [39;1msnarkJS[0m: betaTauG1: fft 19 join  18/19  2/2 5/8
[36;22m[DEBUG] [39;1msnarkJS[0m: betaTauG1: fft 19 join  18/19  2/2 3/8
[36;22m[DEBUG] [39;1msnarkJS[0m: betaTauG1: fft 19 join  18/19  2/2 2/8
[36;22m[DEBUG] [39;1msnarkJS[0m: betaTauG1: fft 19 join  18/19  1/2 3/8
[36;22m[DEBUG] [39;1msnarkJS[0m: betaTauG1: fft 19 join  18/19  1/2 2/8
[36;22m[DEBUG] [39;1msnarkJS[0m: betaTauG1: fft 19 join  18/19  1/2 7/8
[36;22m[DEBUG] [39;1msnarkJS[0m: betaTauG1: fft 19 join  18/19  2/2 4/8
[36;22m[DEBUG] [39;1msnarkJS[0m: betaTauG1: fft  19  join: 19/19
[36;22m[DEBUG] [39;1msnarkJS[0m: betaTauG1: fft 19 join  19/19  1/1 4/16
[36;22m[DEBUG] [39;1msnarkJS[0m: betaTauG1: fft 19 join  19/19  1/1 1/16
[36;22m[DEBUG] [39;1msnarkJS[0m: betaTauG1: fft 19 join  19/19  1/1 6/16
[36;22m[DEBUG] [39;1msnarkJS[0m: betaTauG1: fft 19 join  19/19  1/1 0/16
[36;22m[DEBUG] [39;1msnarkJS[0m: betaTauG1: fft 19 join  19/19  1/1 15/16
[36;22m[DEBUG] [39;1msnarkJS[0m: betaTauG1: fft 19 join  19/19  1/1 14/16
[36;22m[DEBUG] [39;1msnarkJS[0m: betaTauG1: fft 19 join  19/19  1/1 8/16
[36;22m[DEBUG] [39;1msnarkJS[0m: betaTauG1: fft 19 join  19/19  1/1 13/16
[36;22m[DEBUG] [39;1msnarkJS[0m: betaTauG1: fft 19 join  19/19  1/1 9/16
[36;22m[DEBUG] [39;1msnarkJS[0m: betaTauG1: fft 19 join  19/19  1/1 10/16
[36;22m[DEBUG] [39;1msnarkJS[0m: betaTauG1: fft 19 join  19/19  1/1 12/16
[36;22m[DEBUG] [39;1msnarkJS[0m: betaTauG1: fft 19 join  19/19  1/1 11/16
[36;22m[DEBUG] [39;1msnarkJS[0m: betaTauG1: fft 19 join  19/19  1/1 5/16
[36;22m[DEBUG] [39;1msnarkJS[0m: betaTauG1: fft 19 join  19/19  1/1 2/16
[36;22m[DEBUG] [39;1msnarkJS[0m: betaTauG1: fft 19 join  19/19  1/1 7/16
[36;22m[DEBUG] [39;1msnarkJS[0m: betaTauG1: fft 19 join  19/19  1/1 3/16
[36;22m[DEBUG] [39;1msnarkJS[0m: betaTauG1: fft 20 mix start: 0/64
[36;22m[DEBUG] [39;1msnarkJS[0m: betaTauG1: fft 20 mix start: 1/64
[36;22m[DEBUG] [39;1msnarkJS[0m: betaTauG1: fft 20 mix start: 2/64
[36;22m[DEBUG] [39;1msnarkJS[0m: betaTauG1: fft 20 mix start: 3/64
[36;22m[DEBUG] [39;1msnarkJS[0m: betaTauG1: fft 20 mix start: 4/64
[36;22m[DEBUG] [39;1msnarkJS[0m: betaTauG1: fft 20 mix start: 5/64
[36;22m[DEBUG] [39;1msnarkJS[0m: betaTauG1: fft 20 mix start: 6/64
[36;22m[DEBUG] [39;1msnarkJS[0m: betaTauG1: fft 20 mix start: 7/64
[36;22m[DEBUG] [39;1msnarkJS[0m: betaTauG1: fft 20 mix start: 8/64
[36;22m[DEBUG] [39;1msnarkJS[0m: betaTauG1: fft 20 mix start: 9/64
[36;22m[DEBUG] [39;1msnarkJS[0m: betaTauG1: fft 20 mix start: 10/64
[36;22m[DEBUG] [39;1msnarkJS[0m: betaTauG1: fft 20 mix start: 11/64
[36;22m[DEBUG] [39;1msnarkJS[0m: betaTauG1: fft 20 mix start: 12/64
[36;22m[DEBUG] [39;1msnarkJS[0m: betaTauG1: fft 20 mix start: 13/64
[36;22m[DEBUG] [39;1msnarkJS[0m: betaTauG1: fft 20 mix start: 14/64
[36;22m[DEBUG] [39;1msnarkJS[0m: betaTauG1: fft 20 mix start: 15/64
[36;22m[DEBUG] [39;1msnarkJS[0m: betaTauG1: fft 20 mix start: 16/64
[36;22m[DEBUG] [39;1msnarkJS[0m: betaTauG1: fft 20 mix start: 17/64
[36;22m[DEBUG] [39;1msnarkJS[0m: betaTauG1: fft 20 mix start: 18/64
[36;22m[DEBUG] [39;1msnarkJS[0m: betaTauG1: fft 20 mix start: 19/64
[36;22m[DEBUG] [39;1msnarkJS[0m: betaTauG1: fft 20 mix start: 20/64
[36;22m[DEBUG] [39;1msnarkJS[0m: betaTauG1: fft 20 mix start: 21/64
[36;22m[DEBUG] [39;1msnarkJS[0m: betaTauG1: fft 20 mix start: 22/64
[36;22m[DEBUG] [39;1msnarkJS[0m: betaTauG1: fft 20 mix start: 23/64
[36;22m[DEBUG] [39;1msnarkJS[0m: betaTauG1: fft 20 mix start: 24/64
[36;22m[DEBUG] [39;1msnarkJS[0m: betaTauG1: fft 20 mix start: 25/64
[36;22m[DEBUG] [39;1msnarkJS[0m: betaTauG1: fft 20 mix start: 26/64
[36;22m[DEBUG] [39;1msnarkJS[0m: betaTauG1: fft 20 mix start: 27/64
[36;22m[DEBUG] [39;1msnarkJS[0m: betaTauG1: fft 20 mix start: 28/64
[36;22m[DEBUG] [39;1msnarkJS[0m: betaTauG1: fft 20 mix start: 29/64
[36;22m[DEBUG] [39;1msnarkJS[0m: betaTauG1: fft 20 mix start: 30/64
[36;22m[DEBUG] [39;1msnarkJS[0m: betaTauG1: fft 20 mix start: 31/64
[36;22m[DEBUG] [39;1msnarkJS[0m: betaTauG1: fft 20 mix start: 32/64
[36;22m[DEBUG] [39;1msnarkJS[0m: betaTauG1: fft 20 mix start: 33/64
[36;22m[DEBUG] [39;1msnarkJS[0m: betaTauG1: fft 20 mix start: 34/64
[36;22m[DEBUG] [39;1msnarkJS[0m: betaTauG1: fft 20 mix start: 35/64
[36;22m[DEBUG] [39;1msnarkJS[0m: betaTauG1: fft 20 mix start: 36/64
[36;22m[DEBUG] [39;1msnarkJS[0m: betaTauG1: fft 20 mix start: 37/64
[36;22m[DEBUG] [39;1msnarkJS[0m: betaTauG1: fft 20 mix start: 38/64
[36;22m[DEBUG] [39;1msnarkJS[0m: betaTauG1: fft 20 mix start: 39/64
[36;22m[DEBUG] [39;1msnarkJS[0m: betaTauG1: fft 20 mix start: 40/64
[36;22m[DEBUG] [39;1msnarkJS[0m: betaTauG1: fft 20 mix start: 41/64
[36;22m[DEBUG] [39;1msnarkJS[0m: betaTauG1: fft 20 mix start: 42/64
[36;22m[DEBUG] [39;1msnarkJS[0m: betaTauG1: fft 20 mix start: 43/64
[36;22m[DEBUG] [39;1msnarkJS[0m: betaTauG1: fft 20 mix start: 44/64
[36;22m[DEBUG] [39;1msnarkJS[0m: betaTauG1: fft 20 mix start: 45/64
[36;22m[DEBUG] [39;1msnarkJS[0m: betaTauG1: fft 20 mix start: 46/64
[36;22m[DEBUG] [39;1msnarkJS[0m: betaTauG1: fft 20 mix start: 47/64
[36;22m[DEBUG] [39;1msnarkJS[0m: betaTauG1: fft 20 mix start: 48/64
[36;22m[DEBUG] [39;1msnarkJS[0m: betaTauG1: fft 20 mix start: 49/64
[36;22m[DEBUG] [39;1msnarkJS[0m: betaTauG1: fft 20 mix start: 50/64
[36;22m[DEBUG] [39;1msnarkJS[0m: betaTauG1: fft 20 mix start: 51/64
[36;22m[DEBUG] [39;1msnarkJS[0m: betaTauG1: fft 20 mix start: 52/64
[36;22m[DEBUG] [39;1msnarkJS[0m: betaTauG1: fft 20 mix start: 53/64
[36;22m[DEBUG] [39;1msnarkJS[0m: betaTauG1: fft 20 mix start: 54/64
[36;22m[DEBUG] [39;1msnarkJS[0m: betaTauG1: fft 20 mix start: 55/64
[36;22m[DEBUG] [39;1msnarkJS[0m: betaTauG1: fft 20 mix start: 56/64
[36;22m[DEBUG] [39;1msnarkJS[0m: betaTauG1: fft 20 mix start: 57/64
[36;22m[DEBUG] [39;1msnarkJS[0m: betaTauG1: fft 20 mix start: 58/64
[36;22m[DEBUG] [39;1msnarkJS[0m: betaTauG1: fft 20 mix start: 59/64
[36;22m[DEBUG] [39;1msnarkJS[0m: betaTauG1: fft 20 mix start: 60/64
[36;22m[DEBUG] [39;1msnarkJS[0m: betaTauG1: fft 20 mix start: 61/64
[36;22m[DEBUG] [39;1msnarkJS[0m: betaTauG1: fft 20 mix start: 62/64
[36;22m[DEBUG] [39;1msnarkJS[0m: betaTauG1: fft 20 mix start: 63/64
[36;22m[DEBUG] [39;1msnarkJS[0m: betaTauG1: fft 20 mix end: 15/64
[36;22m[DEBUG] [39;1msnarkJS[0m: betaTauG1: fft 20 mix end: 30/64
[36;22m[DEBUG] [39;1msnarkJS[0m: betaTauG1: fft 20 mix end: 24/64
[36;22m[DEBUG] [39;1msnarkJS[0m: betaTauG1: fft 20 mix end: 7/64
[36;22m[DEBUG] [39;1msnarkJS[0m: betaTauG1: fft 20 mix end: 3/64
[36;22m[DEBUG] [39;1msnarkJS[0m: betaTauG1: fft 20 mix end: 26/64
[36;22m[DEBUG] [39;1msnarkJS[0m: betaTauG1: fft 20 mix end: 11/64
[36;22m[DEBUG] [39;1msnarkJS[0m: betaTauG1: fft 20 mix end: 4/64
[36;22m[DEBUG] [39;1msnarkJS[0m: betaTauG1: fft 20 mix end: 21/64
[36;22m[DEBUG] [39;1msnarkJS[0m: betaTauG1: fft 20 mix end: 17/64
[36;22m[DEBUG] [39;1msnarkJS[0m: betaTauG1: fft 20 mix end: 23/64
[36;22m[DEBUG] [39;1msnarkJS[0m: betaTauG1: fft 20 mix end: 31/64
[36;22m[DEBUG] [39;1msnarkJS[0m: betaTauG1: fft 20 mix end: 22/64
[36;22m[DEBUG] [39;1msnarkJS[0m: betaTauG1: fft 20 mix end: 16/64
[36;22m[DEBUG] [39;1msnarkJS[0m: betaTauG1: fft 20 mix end: 0/64
[36;22m[DEBUG] [39;1msnarkJS[0m: betaTauG1: fft 20 mix end: 27/64
[36;22m[DEBUG] [39;1msnarkJS[0m: betaTauG1: fft 20 mix end: 18/64
[36;22m[DEBUG] [39;1msnarkJS[0m: betaTauG1: fft 20 mix end: 10/64
[36;22m[DEBUG] [39;1msnarkJS[0m: betaTauG1: fft 20 mix end: 20/64
[36;22m[DEBUG] [39;1msnarkJS[0m: betaTauG1: fft 20 mix end: 12/64
[36;22m[DEBUG] [39;1msnarkJS[0m: betaTauG1: fft 20 mix end: 28/64
[36;22m[DEBUG] [39;1msnarkJS[0m: betaTauG1: fft 20 mix end: 5/64
[36;22m[DEBUG] [39;1msnarkJS[0m: betaTauG1: fft 20 mix end: 14/64
[36;22m[DEBUG] [39;1msnarkJS[0m: betaTauG1: fft 20 mix end: 25/64
[36;22m[DEBUG] [39;1msnarkJS[0m: betaTauG1: fft 20 mix end: 29/64
[36;22m[DEBUG] [39;1msnarkJS[0m: betaTauG1: fft 20 mix end: 19/64
[36;22m[DEBUG] [39;1msnarkJS[0m: betaTauG1: fft 20 mix end: 9/64
[36;22m[DEBUG] [39;1msnarkJS[0m: betaTauG1: fft 20 mix end: 2/64
[36;22m[DEBUG] [39;1msnarkJS[0m: betaTauG1: fft 20 mix end: 8/64
[36;22m[DEBUG] [39;1msnarkJS[0m: betaTauG1: fft 20 mix end: 1/64
[36;22m[DEBUG] [39;1msnarkJS[0m: betaTauG1: fft 20 mix end: 13/64
[36;22m[DEBUG] [39;1msnarkJS[0m: betaTauG1: fft 20 mix end: 6/64
[36;22m[DEBUG] [39;1msnarkJS[0m: betaTauG1: fft 20 mix end: 32/64
[36;22m[DEBUG] [39;1msnarkJS[0m: betaTauG1: fft 20 mix end: 34/64
[36;22m[DEBUG] [39;1msnarkJS[0m: betaTauG1: fft 20 mix end: 36/64
[36;22m[DEBUG] [39;1msnarkJS[0m: betaTauG1: fft 20 mix end: 37/64
[36;22m[DEBUG] [39;1msnarkJS[0m: betaTauG1: fft 20 mix end: 35/64
[36;22m[DEBUG] [39;1msnarkJS[0m: betaTauG1: fft 20 mix end: 33/64
[36;22m[DEBUG] [39;1msnarkJS[0m: betaTauG1: fft 20 mix end: 41/64
[36;22m[DEBUG] [39;1msnarkJS[0m: betaTauG1: fft 20 mix end: 39/64
[36;22m[DEBUG] [39;1msnarkJS[0m: betaTauG1: fft 20 mix end: 38/64
[36;22m[DEBUG] [39;1msnarkJS[0m: betaTauG1: fft 20 mix end: 47/64
[36;22m[DEBUG] [39;1msnarkJS[0m: betaTauG1: fft 20 mix end: 44/64
[36;22m[DEBUG] [39;1msnarkJS[0m: betaTauG1: fft 20 mix end: 42/64
[36;22m[DEBUG] [39;1msnarkJS[0m: betaTauG1: fft 20 mix end: 43/64
[36;22m[DEBUG] [39;1msnarkJS[0m: betaTauG1: fft 20 mix end: 40/64
[36;22m[DEBUG] [39;1msnarkJS[0m: betaTauG1: fft 20 mix end: 54/64
[36;22m[DEBUG] [39;1msnarkJS[0m: betaTauG1: fft 20 mix end: 56/64
[36;22m[DEBUG] [39;1msnarkJS[0m: betaTauG1: fft 20 mix end: 49/64
[36;22m[DEBUG] [39;1msnarkJS[0m: betaTauG1: fft 20 mix end: 51/64
[36;22m[DEBUG] [39;1msnarkJS[0m: betaTauG1: fft 20 mix end: 45/64
[36;22m[DEBUG] [39;1msnarkJS[0m: betaTauG1: fft 20 mix end: 52/64
[36;22m[DEBUG] [39;1msnarkJS[0m: betaTauG1: fft 20 mix end: 53/64
[36;22m[DEBUG] [39;1msnarkJS[0m: betaTauG1: fft 20 mix end: 60/64
[36;22m[DEBUG] [39;1msnarkJS[0m: betaTauG1: fft 20 mix end: 48/64
[36;22m[DEBUG] [39;1msnarkJS[0m: betaTauG1: fft 20 mix end: 55/64
[36;22m[DEBUG] [39;1msnarkJS[0m: betaTauG1: fft 20 mix end: 62/64
[36;22m[DEBUG] [39;1msnarkJS[0m: betaTauG1: fft 20 mix end: 59/64
[36;22m[DEBUG] [39;1msnarkJS[0m: betaTauG1: fft 20 mix end: 61/64
[36;22m[DEBUG] [39;1msnarkJS[0m: betaTauG1: fft 20 mix end: 46/64
[36;22m[DEBUG] [39;1msnarkJS[0m: betaTauG1: fft 20 mix end: 50/64
[36;22m[DEBUG] [39;1msnarkJS[0m: betaTauG1: fft 20 mix end: 57/64
[36;22m[DEBUG] [39;1msnarkJS[0m: betaTauG1: fft 20 mix end: 58/64
[36;22m[DEBUG] [39;1msnarkJS[0m: betaTauG1: fft 20 mix end: 63/64
[36;22m[DEBUG] [39;1msnarkJS[0m: betaTauG1: fft  20  join: 15/20
[36;22m[DEBUG] [39;1msnarkJS[0m: betaTauG1: fft 20 join  15/20  1/32 0/1
[36;22m[DEBUG] [39;1msnarkJS[0m: betaTauG1: fft 20 join  15/20  15/32 0/1
[36;22m[DEBUG] [39;1msnarkJS[0m: betaTauG1: fft 20 join  15/20  32/32 0/1
[36;22m[DEBUG] [39;1msnarkJS[0m: betaTauG1: fft 20 join  15/20  4/32 0/1
[36;22m[DEBUG] [39;1msnarkJS[0m: betaTauG1: fft 20 join  15/20  20/32 0/1
[36;22m[DEBUG] [39;1msnarkJS[0m: betaTauG1: fft 20 join  15/20  5/32 0/1
[36;22m[DEBUG] [39;1msnarkJS[0m: betaTauG1: fft 20 join  15/20  19/32 0/1
[36;22m[DEBUG] [39;1msnarkJS[0m: betaTauG1: fft 20 join  15/20  10/32 0/1
[36;22m[DEBUG] [39;1msnarkJS[0m: betaTauG1: fft 20 join  15/20  12/32 0/1
[36;22m[DEBUG] [39;1msnarkJS[0m: betaTauG1: fft 20 join  15/20  9/32 0/1
[36;22m[DEBUG] [39;1msnarkJS[0m: betaTauG1: fft 20 join  15/20  24/32 0/1
[36;22m[DEBUG] [39;1msnarkJS[0m: betaTauG1: fft 20 join  15/20  14/32 0/1
[36;22m[DEBUG] [39;1msnarkJS[0m: betaTauG1: fft 20 join  15/20  8/32 0/1
[36;22m[DEBUG] [39;1msnarkJS[0m: betaTauG1: fft 20 join  15/20  13/32 0/1
[36;22m[DEBUG] [39;1msnarkJS[0m: betaTauG1: fft 20 join  15/20  28/32 0/1
[36;22m[DEBUG] [39;1msnarkJS[0m: betaTauG1: fft 20 join  15/20  11/32 0/1
[36;22m[DEBUG] [39;1msnarkJS[0m: betaTauG1: fft 20 join  15/20  22/32 0/1
[36;22m[DEBUG] [39;1msnarkJS[0m: betaTauG1: fft 20 join  15/20  7/32 0/1
[36;22m[DEBUG] [39;1msnarkJS[0m: betaTauG1: fft 20 join  15/20  2/32 0/1
[36;22m[DEBUG] [39;1msnarkJS[0m: betaTauG1: fft 20 join  15/20  25/32 0/1
[36;22m[DEBUG] [39;1msnarkJS[0m: betaTauG1: fft 20 join  15/20  3/32 0/1
[36;22m[DEBUG] [39;1msnarkJS[0m: betaTauG1: fft 20 join  15/20  30/32 0/1
[36;22m[DEBUG] [39;1msnarkJS[0m: betaTauG1: fft 20 join  15/20  27/32 0/1
[36;22m[DEBUG] [39;1msnarkJS[0m: betaTauG1: fft 20 join  15/20  17/32 0/1
[36;22m[DEBUG] [39;1msnarkJS[0m: betaTauG1: fft 20 join  15/20  31/32 0/1
[36;22m[DEBUG] [39;1msnarkJS[0m: betaTauG1: fft 20 join  15/20  21/32 0/1
[36;22m[DEBUG] [39;1msnarkJS[0m: betaTauG1: fft 20 join  15/20  16/32 0/1
[36;22m[DEBUG] [39;1msnarkJS[0m: betaTauG1: fft 20 join  15/20  23/32 0/1
[36;22m[DEBUG] [39;1msnarkJS[0m: betaTauG1: fft 20 join  15/20  29/32 0/1
[36;22m[DEBUG] [39;1msnarkJS[0m: betaTauG1: fft 20 join  15/20  18/32 0/1
[36;22m[DEBUG] [39;1msnarkJS[0m: betaTauG1: fft 20 join  15/20  26/32 0/1
[36;22m[DEBUG] [39;1msnarkJS[0m: betaTauG1: fft 20 join  15/20  6/32 0/1
[36;22m[DEBUG] [39;1msnarkJS[0m: betaTauG1: fft  20  join: 16/20
[36;22m[DEBUG] [39;1msnarkJS[0m: betaTauG1: fft 20 join  16/20  8/16 0/2
[36;22m[DEBUG] [39;1msnarkJS[0m: betaTauG1: fft 20 join  16/20  2/16 1/2
[36;22m[DEBUG] [39;1msnarkJS[0m: betaTauG1: fft 20 join  16/20  13/16 1/2
[36;22m[DEBUG] [39;1msnarkJS[0m: betaTauG1: fft 20 join  16/20  13/16 0/2
[36;22m[DEBUG] [39;1msnarkJS[0m: betaTauG1: fft 20 join  16/20  3/16 0/2
[36;22m[DEBUG] [39;1msnarkJS[0m: betaTauG1: fft 20 join  16/20  4/16 1/2
[36;22m[DEBUG] [39;1msnarkJS[0m: betaTauG1: fft 20 join  16/20  6/16 1/2
[36;22m[DEBUG] [39;1msnarkJS[0m: betaTauG1: fft 20 join  16/20  1/16 0/2
[36;22m[DEBUG] [39;1msnarkJS[0m: betaTauG1: fft 20 join  16/20  5/16 1/2
[36;22m[DEBUG] [39;1msnarkJS[0m: betaTauG1: fft 20 join  16/20  7/16 1/2
[36;22m[DEBUG] [39;1msnarkJS[0m: betaTauG1: fft 20 join  16/20  12/16 0/2
[36;22m[DEBUG] [39;1msnarkJS[0m: betaTauG1: fft 20 join  16/20  14/16 1/2
[36;22m[DEBUG] [39;1msnarkJS[0m: betaTauG1: fft 20 join  16/20  16/16 1/2
[36;22m[DEBUG] [39;1msnarkJS[0m: betaTauG1: fft 20 join  16/20  12/16 1/2
[36;22m[DEBUG] [39;1msnarkJS[0m: betaTauG1: fft 20 join  16/20  2/16 0/2
[36;22m[DEBUG] [39;1msnarkJS[0m: betaTauG1: fft 20 join  16/20  14/16 0/2
[36;22m[DEBUG] [39;1msnarkJS[0m: betaTauG1: fft 20 join  16/20  1/16 1/2
[36;22m[DEBUG] [39;1msnarkJS[0m: betaTauG1: fft 20 join  16/20  10/16 1/2
[36;22m[DEBUG] [39;1msnarkJS[0m: betaTauG1: fft 20 join  16/20  6/16 0/2
[36;22m[DEBUG] [39;1msnarkJS[0m: betaTauG1: fft 20 join  16/20  8/16 1/2
[36;22m[DEBUG] [39;1msnarkJS[0m: betaTauG1: fft 20 join  16/20  3/16 1/2
[36;22m[DEBUG] [39;1msnarkJS[0m: betaTauG1: fft 20 join  16/20  4/16 0/2
[36;22m[DEBUG] [39;1msnarkJS[0m: betaTauG1: fft 20 join  16/20  10/16 0/2
[36;22m[DEBUG] [39;1msnarkJS[0m: betaTauG1: fft 20 join  16/20  16/16 0/2
[36;22m[DEBUG] [39;1msnarkJS[0m: betaTauG1: fft 20 join  16/20  11/16 1/2
[36;22m[DEBUG] [39;1msnarkJS[0m: betaTauG1: fft 20 join  16/20  15/16 1/2
[36;22m[DEBUG] [39;1msnarkJS[0m: betaTauG1: fft 20 join  16/20  5/16 0/2
[36;22m[DEBUG] [39;1msnarkJS[0m: betaTauG1: fft 20 join  16/20  7/16 0/2
[36;22m[DEBUG] [39;1msnarkJS[0m: betaTauG1: fft 20 join  16/20  11/16 0/2
[36;22m[DEBUG] [39;1msnarkJS[0m: betaTauG1: fft 20 join  16/20  9/16 0/2
[36;22m[DEBUG] [39;1msnarkJS[0m: betaTauG1: fft 20 join  16/20  9/16 1/2
[36;22m[DEBUG] [39;1msnarkJS[0m: betaTauG1: fft 20 join  16/20  15/16 0/2
[36;22m[DEBUG] [39;1msnarkJS[0m: betaTauG1: fft  20  join: 17/20
[36;22m[DEBUG] [39;1msnarkJS[0m: betaTauG1: fft 20 join  17/20  4/8 3/4
[36;22m[DEBUG] [39;1msnarkJS[0m: betaTauG1: fft 20 join  17/20  6/8 0/4
[36;22m[DEBUG] [39;1msnarkJS[0m: betaTauG1: fft 20 join  17/20  1/8 1/4
[36;22m[DEBUG] [39;1msnarkJS[0m: betaTauG1: fft 20 join  17/20  1/8 3/4
[36;22m[DEBUG] [39;1msnarkJS[0m: betaTauG1: fft 20 join  17/20  6/8 2/4
[36;22m[DEBUG] [39;1msnarkJS[0m: betaTauG1: fft 20 join  17/20  8/8 2/4
[36;22m[DEBUG] [39;1msnarkJS[0m: betaTauG1: fft 20 join  17/20  3/8 1/4
[36;22m[DEBUG] [39;1msnarkJS[0m: betaTauG1: fft 20 join  17/20  5/8 1/4
[36;22m[DEBUG] [39;1msnarkJS[0m: betaTauG1: fft 20 join  17/20  5/8 0/4
[36;22m[DEBUG] [39;1msnarkJS[0m: betaTauG1: fft 20 join  17/20  3/8 3/4
[36;22m[DEBUG] [39;1msnarkJS[0m: betaTauG1: fft 20 join  17/20  1/8 0/4
[36;22m[DEBUG] [39;1msnarkJS[0m: betaTauG1: fft 20 join  17/20  4/8 1/4
[36;22m[DEBUG] [39;1msnarkJS[0m: betaTauG1: fft 20 join  17/20  2/8 2/4
[36;22m[DEBUG] [39;1msnarkJS[0m: betaTauG1: fft 20 join  17/20  2/8 0/4
[36;22m[DEBUG] [39;1msnarkJS[0m: betaTauG1: fft 20 join  17/20  4/8 0/4
[36;22m[DEBUG] [39;1msnarkJS[0m: betaTauG1: fft 20 join  17/20  3/8 2/4
[36;22m[DEBUG] [39;1msnarkJS[0m: betaTauG1: fft 20 join  17/20  7/8 2/4
[36;22m[DEBUG] [39;1msnarkJS[0m: betaTauG1: fft 20 join  17/20  5/8 3/4
[36;22m[DEBUG] [39;1msnarkJS[0m: betaTauG1: fft 20 join  17/20  7/8 0/4
[36;22m[DEBUG] [39;1msnarkJS[0m: betaTauG1: fft 20 join  17/20  1/8 2/4
[36;22m[DEBUG] [39;1msnarkJS[0m: betaTauG1: fft 20 join  17/20  7/8 3/4
[36;22m[DEBUG] [39;1msnarkJS[0m: betaTauG1: fft 20 join  17/20  6/8 1/4
[36;22m[DEBUG] [39;1msnarkJS[0m: betaTauG1: fft 20 join  17/20  6/8 3/4
[36;22m[DEBUG] [39;1msnarkJS[0m: betaTauG1: fft 20 join  17/20  8/8 0/4
[36;22m[DEBUG] [39;1msnarkJS[0m: betaTauG1: fft 20 join  17/20  3/8 0/4
[36;22m[DEBUG] [39;1msnarkJS[0m: betaTauG1: fft 20 join  17/20  5/8 2/4
[36;22m[DEBUG] [39;1msnarkJS[0m: betaTauG1: fft 20 join  17/20  8/8 3/4
[36;22m[DEBUG] [39;1msnarkJS[0m: betaTauG1: fft 20 join  17/20  2/8 3/4
[36;22m[DEBUG] [39;1msnarkJS[0m: betaTauG1: fft 20 join  17/20  8/8 1/4
[36;22m[DEBUG] [39;1msnarkJS[0m: betaTauG1: fft 20 join  17/20  2/8 1/4
[36;22m[DEBUG] [39;1msnarkJS[0m: betaTauG1: fft 20 join  17/20  4/8 2/4
[36;22m[DEBUG] [39;1msnarkJS[0m: betaTauG1: fft 20 join  17/20  7/8 1/4
[36;22m[DEBUG] [39;1msnarkJS[0m: betaTauG1: fft  20  join: 18/20
[36;22m[DEBUG] [39;1msnarkJS[0m: betaTauG1: fft 20 join  18/20  3/4 0/8
[36;22m[DEBUG] [39;1msnarkJS[0m: betaTauG1: fft 20 join  18/20  2/4 1/8
[36;22m[DEBUG] [39;1msnarkJS[0m: betaTauG1: fft 20 join  18/20  3/4 4/8
[36;22m[DEBUG] [39;1msnarkJS[0m: betaTauG1: fft 20 join  18/20  3/4 2/8
[36;22m[DEBUG] [39;1msnarkJS[0m: betaTauG1: fft 20 join  18/20  1/4 1/8
[36;22m[DEBUG] [39;1msnarkJS[0m: betaTauG1: fft 20 join  18/20  2/4 2/8
[36;22m[DEBUG] [39;1msnarkJS[0m: betaTauG1: fft 20 join  18/20  4/4 4/8
[36;22m[DEBUG] [39;1msnarkJS[0m: betaTauG1: fft 20 join  18/20  1/4 7/8
[36;22m[DEBUG] [39;1msnarkJS[0m: betaTauG1: fft 20 join  18/20  2/4 5/8
[36;22m[DEBUG] [39;1msnarkJS[0m: betaTauG1: fft 20 join  18/20  3/4 6/8
[36;22m[DEBUG] [39;1msnarkJS[0m: betaTauG1: fft 20 join  18/20  2/4 6/8
[36;22m[DEBUG] [39;1msnarkJS[0m: betaTauG1: fft 20 join  18/20  4/4 3/8
[36;22m[DEBUG] [39;1msnarkJS[0m: betaTauG1: fft 20 join  18/20  1/4 2/8
[36;22m[DEBUG] [39;1msnarkJS[0m: betaTauG1: fft 20 join  18/20  1/4 0/8
[36;22m[DEBUG] [39;1msnarkJS[0m: betaTauG1: fft 20 join  18/20  4/4 7/8
[36;22m[DEBUG] [39;1msnarkJS[0m: betaTauG1: fft 20 join  18/20  4/4 2/8
[36;22m[DEBUG] [39;1msnarkJS[0m: betaTauG1: fft 20 join  18/20  2/4 4/8
[36;22m[DEBUG] [39;1msnarkJS[0m: betaTauG1: fft 20 join  18/20  3/4 5/8
[36;22m[DEBUG] [39;1msnarkJS[0m: betaTauG1: fft 20 join  18/20  2/4 3/8
[36;22m[DEBUG] [39;1msnarkJS[0m: betaTauG1: fft 20 join  18/20  4/4 1/8
[36;22m[DEBUG] [39;1msnarkJS[0m: betaTauG1: fft 20 join  18/20  4/4 6/8
[36;22m[DEBUG] [39;1msnarkJS[0m: betaTauG1: fft 20 join  18/20  1/4 5/8
[36;22m[DEBUG] [39;1msnarkJS[0m: betaTauG1: fft 20 join  18/20  3/4 3/8
[36;22m[DEBUG] [39;1msnarkJS[0m: betaTauG1: fft 20 join  18/20  4/4 0/8
[36;22m[DEBUG] [39;1msnarkJS[0m: betaTauG1: fft 20 join  18/20  3/4 7/8
[36;22m[DEBUG] [39;1msnarkJS[0m: betaTauG1: fft 20 join  18/20  1/4 6/8
[36;22m[DEBUG] [39;1msnarkJS[0m: betaTauG1: fft 20 join  18/20  1/4 3/8
[36;22m[DEBUG] [39;1msnarkJS[0m: betaTauG1: fft 20 join  18/20  3/4 1/8
[36;22m[DEBUG] [39;1msnarkJS[0m: betaTauG1: fft 20 join  18/20  1/4 4/8
[36;22m[DEBUG] [39;1msnarkJS[0m: betaTauG1: fft 20 join  18/20  2/4 7/8
[36;22m[DEBUG] [39;1msnarkJS[0m: betaTauG1: fft 20 join  18/20  2/4 0/8
[36;22m[DEBUG] [39;1msnarkJS[0m: betaTauG1: fft 20 join  18/20  4/4 5/8
[36;22m[DEBUG] [39;1msnarkJS[0m: betaTauG1: fft  20  join: 19/20
[36;22m[DEBUG] [39;1msnarkJS[0m: betaTauG1: fft 20 join  19/20  1/2 1/16
[36;22m[DEBUG] [39;1msnarkJS[0m: betaTauG1: fft 20 join  19/20  2/2 0/16
[36;22m[DEBUG] [39;1msnarkJS[0m: betaTauG1: fft 20 join  19/20  2/2 10/16
[36;22m[DEBUG] [39;1msnarkJS[0m: betaTauG1: fft 20 join  19/20  2/2 8/16
[36;22m[DEBUG] [39;1msnarkJS[0m: betaTauG1: fft 20 join  19/20  1/2 7/16
[36;22m[DEBUG] [39;1msnarkJS[0m: betaTauG1: fft 20 join  19/20  1/2 8/16
[36;22m[DEBUG] [39;1msnarkJS[0m: betaTauG1: fft 20 join  19/20  1/2 6/16
[36;22m[DEBUG] [39;1msnarkJS[0m: betaTauG1: fft 20 join  19/20  2/2 15/16
[36;22m[DEBUG] [39;1msnarkJS[0m: betaTauG1: fft 20 join  19/20  1/2 11/16
[36;22m[DEBUG] [39;1msnarkJS[0m: betaTauG1: fft 20 join  19/20  1/2 4/16
[36;22m[DEBUG] [39;1msnarkJS[0m: betaTauG1: fft 20 join  19/20  2/2 12/16
[36;22m[DEBUG] [39;1msnarkJS[0m: betaTauG1: fft 20 join  19/20  1/2 5/16
[36;22m[DEBUG] [39;1msnarkJS[0m: betaTauG1: fft 20 join  19/20  1/2 0/16
[36;22m[DEBUG] [39;1msnarkJS[0m: betaTauG1: fft 20 join  19/20  1/2 10/16
[36;22m[DEBUG] [39;1msnarkJS[0m: betaTauG1: fft 20 join  19/20  1/2 13/16
[36;22m[DEBUG] [39;1msnarkJS[0m: betaTauG1: fft 20 join  19/20  1/2 15/16
[36;22m[DEBUG] [39;1msnarkJS[0m: betaTauG1: fft 20 join  19/20  2/2 13/16
[36;22m[DEBUG] [39;1msnarkJS[0m: betaTauG1: fft 20 join  19/20  2/2 7/16
[36;22m[DEBUG] [39;1msnarkJS[0m: betaTauG1: fft 20 join  19/20  2/2 4/16
[36;22m[DEBUG] [39;1msnarkJS[0m: betaTauG1: fft 20 join  19/20  1/2 9/16
[36;22m[DEBUG] [39;1msnarkJS[0m: betaTauG1: fft 20 join  19/20  1/2 12/16
[36;22m[DEBUG] [39;1msnarkJS[0m: betaTauG1: fft 20 join  19/20  2/2 5/16
[36;22m[DEBUG] [39;1msnarkJS[0m: betaTauG1: fft 20 join  19/20  2/2 9/16
[36;22m[DEBUG] [39;1msnarkJS[0m: betaTauG1: fft 20 join  19/20  2/2 2/16
[36;22m[DEBUG] [39;1msnarkJS[0m: betaTauG1: fft 20 join  19/20  2/2 14/16
[36;22m[DEBUG] [39;1msnarkJS[0m: betaTauG1: fft 20 join  19/20  1/2 14/16
[36;22m[DEBUG] [39;1msnarkJS[0m: betaTauG1: fft 20 join  19/20  1/2 2/16
[36;22m[DEBUG] [39;1msnarkJS[0m: betaTauG1: fft 20 join  19/20  2/2 3/16
[36;22m[DEBUG] [39;1msnarkJS[0m: betaTauG1: fft 20 join  19/20  2/2 6/16
[36;22m[DEBUG] [39;1msnarkJS[0m: betaTauG1: fft 20 join  19/20  2/2 11/16
[36;22m[DEBUG] [39;1msnarkJS[0m: betaTauG1: fft 20 join  19/20  1/2 3/16
[36;22m[DEBUG] [39;1msnarkJS[0m: betaTauG1: fft 20 join  19/20  2/2 1/16
[36;22m[DEBUG] [39;1msnarkJS[0m: betaTauG1: fft  20  join: 20/20
[36;22m[DEBUG] [39;1msnarkJS[0m: betaTauG1: fft 20 join  20/20  1/1 1/32
[36;22m[DEBUG] [39;1msnarkJS[0m: betaTauG1: fft 20 join  20/20  1/1 11/32
[36;22m[DEBUG] [39;1msnarkJS[0m: betaTauG1: fft 20 join  20/20  1/1 16/32
[36;22m[DEBUG] [39;1msnarkJS[0m: betaTauG1: fft 20 join  20/20  1/1 7/32
[36;22m[DEBUG] [39;1msnarkJS[0m: betaTauG1: fft 20 join  20/20  1/1 28/32
[36;22m[DEBUG] [39;1msnarkJS[0m: betaTauG1: fft 20 join  20/20  1/1 5/32
[36;22m[DEBUG] [39;1msnarkJS[0m: betaTauG1: fft 20 join  20/20  1/1 31/32
[36;22m[DEBUG] [39;1msnarkJS[0m: betaTauG1: fft 20 join  20/20  1/1 8/32
[36;22m[DEBUG] [39;1msnarkJS[0m: betaTauG1: fft 20 join  20/20  1/1 24/32
[36;22m[DEBUG] [39;1msnarkJS[0m: betaTauG1: fft 20 join  20/20  1/1 27/32
[36;22m[DEBUG] [39;1msnarkJS[0m: betaTauG1: fft 20 join  20/20  1/1 2/32
[36;22m[DEBUG] [39;1msnarkJS[0m: betaTauG1: fft 20 join  20/20  1/1 10/32
[36;22m[DEBUG] [39;1msnarkJS[0m: betaTauG1: fft 20 join  20/20  1/1 19/32
[36;22m[DEBUG] [39;1msnarkJS[0m: betaTauG1: fft 20 join  20/20  1/1 18/32
[36;22m[DEBUG] [39;1msnarkJS[0m: betaTauG1: fft 20 join  20/20  1/1 30/32
[36;22m[DEBUG] [39;1msnarkJS[0m: betaTauG1: fft 20 join  20/20  1/1 3/32
[36;22m[DEBUG] [39;1msnarkJS[0m: betaTauG1: fft 20 join  20/20  1/1 6/32
[36;22m[DEBUG] [39;1msnarkJS[0m: betaTauG1: fft 20 join  20/20  1/1 12/32
[36;22m[DEBUG] [39;1msnarkJS[0m: betaTauG1: fft 20 join  20/20  1/1 25/32
[36;22m[DEBUG] [39;1msnarkJS[0m: betaTauG1: fft 20 join  20/20  1/1 4/32
[36;22m[DEBUG] [39;1msnarkJS[0m: betaTauG1: fft 20 join  20/20  1/1 9/32
[36;22m[DEBUG] [39;1msnarkJS[0m: betaTauG1: fft 20 join  20/20  1/1 22/32
[36;22m[DEBUG] [39;1msnarkJS[0m: betaTauG1: fft 20 join  20/20  1/1 23/32
[36;22m[DEBUG] [39;1msnarkJS[0m: betaTauG1: fft 20 join  20/20  1/1 21/32
[36;22m[DEBUG] [39;1msnarkJS[0m: betaTauG1: fft 20 join  20/20  1/1 20/32
[36;22m[DEBUG] [39;1msnarkJS[0m: betaTauG1: fft 20 join  20/20  1/1 29/32
[36;22m[DEBUG] [39;1msnarkJS[0m: betaTauG1: fft 20 join  20/20  1/1 14/32
[36;22m[DEBUG] [39;1msnarkJS[0m: betaTauG1: fft 20 join  20/20  1/1 13/32
[36;22m[DEBUG] [39;1msnarkJS[0m: betaTauG1: fft 20 join  20/20  1/1 17/32
[36;22m[DEBUG] [39;1msnarkJS[0m: betaTauG1: fft 20 join  20/20  1/1 0/32
[36;22m[DEBUG] [39;1msnarkJS[0m: betaTauG1: fft 20 join  20/20  1/1 15/32
[36;22m[DEBUG] [39;1msnarkJS[0m: betaTauG1: fft 20 join  20/20  1/1 26/32
[36;22m[DEBUG] [39;1msnarkJS[0m: betaTauG1: fft 21 mix start: 0/128
[36;22m[DEBUG] [39;1msnarkJS[0m: betaTauG1: fft 21 mix start: 1/128
[36;22m[DEBUG] [39;1msnarkJS[0m: betaTauG1: fft 21 mix start: 2/128
[36;22m[DEBUG] [39;1msnarkJS[0m: betaTauG1: fft 21 mix start: 3/128
[36;22m[DEBUG] [39;1msnarkJS[0m: betaTauG1: fft 21 mix start: 4/128
[36;22m[DEBUG] [39;1msnarkJS[0m: betaTauG1: fft 21 mix start: 5/128
[36;22m[DEBUG] [39;1msnarkJS[0m: betaTauG1: fft 21 mix start: 6/128
[36;22m[DEBUG] [39;1msnarkJS[0m: betaTauG1: fft 21 mix start: 7/128
[36;22m[DEBUG] [39;1msnarkJS[0m: betaTauG1: fft 21 mix start: 8/128
[36;22m[DEBUG] [39;1msnarkJS[0m: betaTauG1: fft 21 mix start: 9/128
[36;22m[DEBUG] [39;1msnarkJS[0m: betaTauG1: fft 21 mix start: 10/128
[36;22m[DEBUG] [39;1msnarkJS[0m: betaTauG1: fft 21 mix start: 11/128
[36;22m[DEBUG] [39;1msnarkJS[0m: betaTauG1: fft 21 mix start: 12/128
[36;22m[DEBUG] [39;1msnarkJS[0m: betaTauG1: fft 21 mix start: 13/128
[36;22m[DEBUG] [39;1msnarkJS[0m: betaTauG1: fft 21 mix start: 14/128
[36;22m[DEBUG] [39;1msnarkJS[0m: betaTauG1: fft 21 mix start: 15/128
[36;22m[DEBUG] [39;1msnarkJS[0m: betaTauG1: fft 21 mix start: 16/128
[36;22m[DEBUG] [39;1msnarkJS[0m: betaTauG1: fft 21 mix start: 17/128
[36;22m[DEBUG] [39;1msnarkJS[0m: betaTauG1: fft 21 mix start: 18/128
[36;22m[DEBUG] [39;1msnarkJS[0m: betaTauG1: fft 21 mix start: 19/128
[36;22m[DEBUG] [39;1msnarkJS[0m: betaTauG1: fft 21 mix start: 20/128
[36;22m[DEBUG] [39;1msnarkJS[0m: betaTauG1: fft 21 mix start: 21/128
[36;22m[DEBUG] [39;1msnarkJS[0m: betaTauG1: fft 21 mix start: 22/128
[36;22m[DEBUG] [39;1msnarkJS[0m: betaTauG1: fft 21 mix start: 23/128
[36;22m[DEBUG] [39;1msnarkJS[0m: betaTauG1: fft 21 mix start: 24/128
[36;22m[DEBUG] [39;1msnarkJS[0m: betaTauG1: fft 21 mix start: 25/128
[36;22m[DEBUG] [39;1msnarkJS[0m: betaTauG1: fft 21 mix start: 26/128
[36;22m[DEBUG] [39;1msnarkJS[0m: betaTauG1: fft 21 mix start: 27/128
[36;22m[DEBUG] [39;1msnarkJS[0m: betaTauG1: fft 21 mix start: 28/128
[36;22m[DEBUG] [39;1msnarkJS[0m: betaTauG1: fft 21 mix start: 29/128
[36;22m[DEBUG] [39;1msnarkJS[0m: betaTauG1: fft 21 mix start: 30/128
[36;22m[DEBUG] [39;1msnarkJS[0m: betaTauG1: fft 21 mix start: 31/128
[36;22m[DEBUG] [39;1msnarkJS[0m: betaTauG1: fft 21 mix start: 32/128
[36;22m[DEBUG] [39;1msnarkJS[0m: betaTauG1: fft 21 mix start: 33/128
[36;22m[DEBUG] [39;1msnarkJS[0m: betaTauG1: fft 21 mix start: 34/128
[36;22m[DEBUG] [39;1msnarkJS[0m: betaTauG1: fft 21 mix start: 35/128
[36;22m[DEBUG] [39;1msnarkJS[0m: betaTauG1: fft 21 mix start: 36/128
[36;22m[DEBUG] [39;1msnarkJS[0m: betaTauG1: fft 21 mix start: 37/128
[36;22m[DEBUG] [39;1msnarkJS[0m: betaTauG1: fft 21 mix start: 38/128
[36;22m[DEBUG] [39;1msnarkJS[0m: betaTauG1: fft 21 mix start: 39/128
[36;22m[DEBUG] [39;1msnarkJS[0m: betaTauG1: fft 21 mix start: 40/128
[36;22m[DEBUG] [39;1msnarkJS[0m: betaTauG1: fft 21 mix start: 41/128
[36;22m[DEBUG] [39;1msnarkJS[0m: betaTauG1: fft 21 mix start: 42/128
[36;22m[DEBUG] [39;1msnarkJS[0m: betaTauG1: fft 21 mix start: 43/128
[36;22m[DEBUG] [39;1msnarkJS[0m: betaTauG1: fft 21 mix start: 44/128
[36;22m[DEBUG] [39;1msnarkJS[0m: betaTauG1: fft 21 mix start: 45/128
[36;22m[DEBUG] [39;1msnarkJS[0m: betaTauG1: fft 21 mix start: 46/128
[36;22m[DEBUG] [39;1msnarkJS[0m: betaTauG1: fft 21 mix start: 47/128
[36;22m[DEBUG] [39;1msnarkJS[0m: betaTauG1: fft 21 mix start: 48/128
[36;22m[DEBUG] [39;1msnarkJS[0m: betaTauG1: fft 21 mix start: 49/128
[36;22m[DEBUG] [39;1msnarkJS[0m: betaTauG1: fft 21 mix start: 50/128
[36;22m[DEBUG] [39;1msnarkJS[0m: betaTauG1: fft 21 mix start: 51/128
[36;22m[DEBUG] [39;1msnarkJS[0m: betaTauG1: fft 21 mix start: 52/128
[36;22m[DEBUG] [39;1msnarkJS[0m: betaTauG1: fft 21 mix start: 53/128
[36;22m[DEBUG] [39;1msnarkJS[0m: betaTauG1: fft 21 mix start: 54/128
[36;22m[DEBUG] [39;1msnarkJS[0m: betaTauG1: fft 21 mix start: 55/128
[36;22m[DEBUG] [39;1msnarkJS[0m: betaTauG1: fft 21 mix start: 56/128
[36;22m[DEBUG] [39;1msnarkJS[0m: betaTauG1: fft 21 mix start: 57/128
[36;22m[DEBUG] [39;1msnarkJS[0m: betaTauG1: fft 21 mix start: 58/128
[36;22m[DEBUG] [39;1msnarkJS[0m: betaTauG1: fft 21 mix start: 59/128
[36;22m[DEBUG] [39;1msnarkJS[0m: betaTauG1: fft 21 mix start: 60/128
[36;22m[DEBUG] [39;1msnarkJS[0m: betaTauG1: fft 21 mix start: 61/128
[36;22m[DEBUG] [39;1msnarkJS[0m: betaTauG1: fft 21 mix start: 62/128
[36;22m[DEBUG] [39;1msnarkJS[0m: betaTauG1: fft 21 mix start: 63/128
[36;22m[DEBUG] [39;1msnarkJS[0m: betaTauG1: fft 21 mix start: 64/128
[36;22m[DEBUG] [39;1msnarkJS[0m: betaTauG1: fft 21 mix start: 65/128
[36;22m[DEBUG] [39;1msnarkJS[0m: betaTauG1: fft 21 mix start: 66/128
[36;22m[DEBUG] [39;1msnarkJS[0m: betaTauG1: fft 21 mix start: 67/128
[36;22m[DEBUG] [39;1msnarkJS[0m: betaTauG1: fft 21 mix start: 68/128
[36;22m[DEBUG] [39;1msnarkJS[0m: betaTauG1: fft 21 mix start: 69/128
[36;22m[DEBUG] [39;1msnarkJS[0m: betaTauG1: fft 21 mix start: 70/128
[36;22m[DEBUG] [39;1msnarkJS[0m: betaTauG1: fft 21 mix start: 71/128
[36;22m[DEBUG] [39;1msnarkJS[0m: betaTauG1: fft 21 mix start: 72/128
[36;22m[DEBUG] [39;1msnarkJS[0m: betaTauG1: fft 21 mix start: 73/128
[36;22m[DEBUG] [39;1msnarkJS[0m: betaTauG1: fft 21 mix start: 74/128
[36;22m[DEBUG] [39;1msnarkJS[0m: betaTauG1: fft 21 mix start: 75/128
[36;22m[DEBUG] [39;1msnarkJS[0m: betaTauG1: fft 21 mix start: 76/128
[36;22m[DEBUG] [39;1msnarkJS[0m: betaTauG1: fft 21 mix start: 77/128
[36;22m[DEBUG] [39;1msnarkJS[0m: betaTauG1: fft 21 mix start: 78/128
[36;22m[DEBUG] [39;1msnarkJS[0m: betaTauG1: fft 21 mix start: 79/128
[36;22m[DEBUG] [39;1msnarkJS[0m: betaTauG1: fft 21 mix start: 80/128
[36;22m[DEBUG] [39;1msnarkJS[0m: betaTauG1: fft 21 mix start: 81/128
[36;22m[DEBUG] [39;1msnarkJS[0m: betaTauG1: fft 21 mix start: 82/128
[36;22m[DEBUG] [39;1msnarkJS[0m: betaTauG1: fft 21 mix start: 83/128
[36;22m[DEBUG] [39;1msnarkJS[0m: betaTauG1: fft 21 mix start: 84/128
[36;22m[DEBUG] [39;1msnarkJS[0m: betaTauG1: fft 21 mix start: 85/128
[36;22m[DEBUG] [39;1msnarkJS[0m: betaTauG1: fft 21 mix start: 86/128
[36;22m[DEBUG] [39;1msnarkJS[0m: betaTauG1: fft 21 mix start: 87/128
[36;22m[DEBUG] [39;1msnarkJS[0m: betaTauG1: fft 21 mix start: 88/128
[36;22m[DEBUG] [39;1msnarkJS[0m: betaTauG1: fft 21 mix start: 89/128
[36;22m[DEBUG] [39;1msnarkJS[0m: betaTauG1: fft 21 mix start: 90/128
[36;22m[DEBUG] [39;1msnarkJS[0m: betaTauG1: fft 21 mix start: 91/128
[36;22m[DEBUG] [39;1msnarkJS[0m: betaTauG1: fft 21 mix start: 92/128
[36;22m[DEBUG] [39;1msnarkJS[0m: betaTauG1: fft 21 mix start: 93/128
[36;22m[DEBUG] [39;1msnarkJS[0m: betaTauG1: fft 21 mix start: 94/128
[36;22m[DEBUG] [39;1msnarkJS[0m: betaTauG1: fft 21 mix start: 95/128
[36;22m[DEBUG] [39;1msnarkJS[0m: betaTauG1: fft 21 mix start: 96/128
[36;22m[DEBUG] [39;1msnarkJS[0m: betaTauG1: fft 21 mix start: 97/128
[36;22m[DEBUG] [39;1msnarkJS[0m: betaTauG1: fft 21 mix start: 98/128
[36;22m[DEBUG] [39;1msnarkJS[0m: betaTauG1: fft 21 mix start: 99/128
[36;22m[DEBUG] [39;1msnarkJS[0m: betaTauG1: fft 21 mix start: 100/128
[36;22m[DEBUG] [39;1msnarkJS[0m: betaTauG1: fft 21 mix start: 101/128
[36;22m[DEBUG] [39;1msnarkJS[0m: betaTauG1: fft 21 mix start: 102/128
[36;22m[DEBUG] [39;1msnarkJS[0m: betaTauG1: fft 21 mix start: 103/128
[36;22m[DEBUG] [39;1msnarkJS[0m: betaTauG1: fft 21 mix start: 104/128
[36;22m[DEBUG] [39;1msnarkJS[0m: betaTauG1: fft 21 mix start: 105/128
[36;22m[DEBUG] [39;1msnarkJS[0m: betaTauG1: fft 21 mix start: 106/128
[36;22m[DEBUG] [39;1msnarkJS[0m: betaTauG1: fft 21 mix start: 107/128
[36;22m[DEBUG] [39;1msnarkJS[0m: betaTauG1: fft 21 mix start: 108/128
[36;22m[DEBUG] [39;1msnarkJS[0m: betaTauG1: fft 21 mix start: 109/128
[36;22m[DEBUG] [39;1msnarkJS[0m: betaTauG1: fft 21 mix start: 110/128
[36;22m[DEBUG] [39;1msnarkJS[0m: betaTauG1: fft 21 mix start: 111/128
[36;22m[DEBUG] [39;1msnarkJS[0m: betaTauG1: fft 21 mix start: 112/128
[36;22m[DEBUG] [39;1msnarkJS[0m: betaTauG1: fft 21 mix start: 113/128
[36;22m[DEBUG] [39;1msnarkJS[0m: betaTauG1: fft 21 mix start: 114/128
[36;22m[DEBUG] [39;1msnarkJS[0m: betaTauG1: fft 21 mix start: 115/128
[36;22m[DEBUG] [39;1msnarkJS[0m: betaTauG1: fft 21 mix start: 116/128
[36;22m[DEBUG] [39;1msnarkJS[0m: betaTauG1: fft 21 mix start: 117/128
[36;22m[DEBUG] [39;1msnarkJS[0m: betaTauG1: fft 21 mix start: 118/128
[36;22m[DEBUG] [39;1msnarkJS[0m: betaTauG1: fft 21 mix start: 119/128
[36;22m[DEBUG] [39;1msnarkJS[0m: betaTauG1: fft 21 mix start: 120/128
[36;22m[DEBUG] [39;1msnarkJS[0m: betaTauG1: fft 21 mix start: 121/128
[36;22m[DEBUG] [39;1msnarkJS[0m: betaTauG1: fft 21 mix start: 122/128
[36;22m[DEBUG] [39;1msnarkJS[0m: betaTauG1: fft 21 mix start: 123/128
[36;22m[DEBUG] [39;1msnarkJS[0m: betaTauG1: fft 21 mix start: 124/128
[36;22m[DEBUG] [39;1msnarkJS[0m: betaTauG1: fft 21 mix start: 125/128
[36;22m[DEBUG] [39;1msnarkJS[0m: betaTauG1: fft 21 mix start: 126/128
[36;22m[DEBUG] [39;1msnarkJS[0m: betaTauG1: fft 21 mix start: 127/128
[36;22m[DEBUG] [39;1msnarkJS[0m: betaTauG1: fft 21 mix end: 24/128
[36;22m[DEBUG] [39;1msnarkJS[0m: betaTauG1: fft 21 mix end: 1/128
[36;22m[DEBUG] [39;1msnarkJS[0m: betaTauG1: fft 21 mix end: 26/128
[36;22m[DEBUG] [39;1msnarkJS[0m: betaTauG1: fft 21 mix end: 15/128
[36;22m[DEBUG] [39;1msnarkJS[0m: betaTauG1: fft 21 mix end: 8/128
[36;22m[DEBUG] [39;1msnarkJS[0m: betaTauG1: fft 21 mix end: 4/128
[36;22m[DEBUG] [39;1msnarkJS[0m: betaTauG1: fft 21 mix end: 17/128
[36;22m[DEBUG] [39;1msnarkJS[0m: betaTauG1: fft 21 mix end: 27/128
[36;22m[DEBUG] [39;1msnarkJS[0m: betaTauG1: fft 21 mix end: 13/128
[36;22m[DEBUG] [39;1msnarkJS[0m: betaTauG1: fft 21 mix end: 28/128
[36;22m[DEBUG] [39;1msnarkJS[0m: betaTauG1: fft 21 mix end: 6/128
[36;22m[DEBUG] [39;1msnarkJS[0m: betaTauG1: fft 21 mix end: 7/128
[36;22m[DEBUG] [39;1msnarkJS[0m: betaTauG1: fft 21 mix end: 10/128
[36;22m[DEBUG] [39;1msnarkJS[0m: betaTauG1: fft 21 mix end: 0/128
[36;22m[DEBUG] [39;1msnarkJS[0m: betaTauG1: fft 21 mix end: 2/128
[36;22m[DEBUG] [39;1msnarkJS[0m: betaTauG1: fft 21 mix end: 5/128
[36;22m[DEBUG] [39;1msnarkJS[0m: betaTauG1: fft 21 mix end: 30/128
[36;22m[DEBUG] [39;1msnarkJS[0m: betaTauG1: fft 21 mix end: 9/128
[36;22m[DEBUG] [39;1msnarkJS[0m: betaTauG1: fft 21 mix end: 11/128
[36;22m[DEBUG] [39;1msnarkJS[0m: betaTauG1: fft 21 mix end: 14/128
[36;22m[DEBUG] [39;1msnarkJS[0m: betaTauG1: fft 21 mix end: 3/128
[36;22m[DEBUG] [39;1msnarkJS[0m: betaTauG1: fft 21 mix end: 20/128
[36;22m[DEBUG] [39;1msnarkJS[0m: betaTauG1: fft 21 mix end: 16/128
[36;22m[DEBUG] [39;1msnarkJS[0m: betaTauG1: fft 21 mix end: 22/128
[36;22m[DEBUG] [39;1msnarkJS[0m: betaTauG1: fft 21 mix end: 23/128
[36;22m[DEBUG] [39;1msnarkJS[0m: betaTauG1: fft 21 mix end: 18/128
[36;22m[DEBUG] [39;1msnarkJS[0m: betaTauG1: fft 21 mix end: 21/128
[36;22m[DEBUG] [39;1msnarkJS[0m: betaTauG1: fft 21 mix end: 25/128
[36;22m[DEBUG] [39;1msnarkJS[0m: betaTauG1: fft 21 mix end: 19/128
[36;22m[DEBUG] [39;1msnarkJS[0m: betaTauG1: fft 21 mix end: 29/128
[36;22m[DEBUG] [39;1msnarkJS[0m: betaTauG1: fft 21 mix end: 12/128
[36;22m[DEBUG] [39;1msnarkJS[0m: betaTauG1: fft 21 mix end: 31/128
[36;22m[DEBUG] [39;1msnarkJS[0m: betaTauG1: fft 21 mix end: 32/128
[36;22m[DEBUG] [39;1msnarkJS[0m: betaTauG1: fft 21 mix end: 33/128
[36;22m[DEBUG] [39;1msnarkJS[0m: betaTauG1: fft 21 mix end: 34/128
[36;22m[DEBUG] [39;1msnarkJS[0m: betaTauG1: fft 21 mix end: 36/128
[36;22m[DEBUG] [39;1msnarkJS[0m: betaTauG1: fft 21 mix end: 35/128
[36;22m[DEBUG] [39;1msnarkJS[0m: betaTauG1: fft 21 mix end: 40/128
[36;22m[DEBUG] [39;1msnarkJS[0m: betaTauG1: fft 21 mix end: 38/128
[36;22m[DEBUG] [39;1msnarkJS[0m: betaTauG1: fft 21 mix end: 41/128
[36;22m[DEBUG] [39;1msnarkJS[0m: betaTauG1: fft 21 mix end: 44/128
[36;22m[DEBUG] [39;1msnarkJS[0m: betaTauG1: fft 21 mix end: 45/128
[36;22m[DEBUG] [39;1msnarkJS[0m: betaTauG1: fft 21 mix end: 50/128
[36;22m[DEBUG] [39;1msnarkJS[0m: betaTauG1: fft 21 mix end: 54/128
[36;22m[DEBUG] [39;1msnarkJS[0m: betaTauG1: fft 21 mix end: 37/128
[36;22m[DEBUG] [39;1msnarkJS[0m: betaTauG1: fft 21 mix end: 42/128
[36;22m[DEBUG] [39;1msnarkJS[0m: betaTauG1: fft 21 mix end: 53/128
[36;22m[DEBUG] [39;1msnarkJS[0m: betaTauG1: fft 21 mix end: 39/128
[36;22m[DEBUG] [39;1msnarkJS[0m: betaTauG1: fft 21 mix end: 46/128
[36;22m[DEBUG] [39;1msnarkJS[0m: betaTauG1: fft 21 mix end: 43/128
[36;22m[DEBUG] [39;1msnarkJS[0m: betaTauG1: fft 21 mix end: 48/128
[36;22m[DEBUG] [39;1msnarkJS[0m: betaTauG1: fft 21 mix end: 64/128
[36;22m[DEBUG] [39;1msnarkJS[0m: betaTauG1: fft 21 mix end: 65/128
[36;22m[DEBUG] [39;1msnarkJS[0m: betaTauG1: fft 21 mix end: 47/128
[36;22m[DEBUG] [39;1msnarkJS[0m: betaTauG1: fft 21 mix end: 49/128
[36;22m[DEBUG] [39;1msnarkJS[0m: betaTauG1: fft 21 mix end: 59/128
[36;22m[DEBUG] [39;1msnarkJS[0m: betaTauG1: fft 21 mix end: 66/128
[36;22m[DEBUG] [39;1msnarkJS[0m: betaTauG1: fft 21 mix end: 51/128
[36;22m[DEBUG] [39;1msnarkJS[0m: betaTauG1: fft 21 mix end: 52/128
[36;22m[DEBUG] [39;1msnarkJS[0m: betaTauG1: fft 21 mix end: 62/128
[36;22m[DEBUG] [39;1msnarkJS[0m: betaTauG1: fft 21 mix end: 57/128
[36;22m[DEBUG] [39;1msnarkJS[0m: betaTauG1: fft 21 mix end: 58/128
[36;22m[DEBUG] [39;1msnarkJS[0m: betaTauG1: fft 21 mix end: 55/128
[36;22m[DEBUG] [39;1msnarkJS[0m: betaTauG1: fft 21 mix end: 56/128
[36;22m[DEBUG] [39;1msnarkJS[0m: betaTauG1: fft 21 mix end: 60/128
[36;22m[DEBUG] [39;1msnarkJS[0m: betaTauG1: fft 21 mix end: 61/128
[36;22m[DEBUG] [39;1msnarkJS[0m: betaTauG1: fft 21 mix end: 68/128
[36;22m[DEBUG] [39;1msnarkJS[0m: betaTauG1: fft 21 mix end: 63/128
[36;22m[DEBUG] [39;1msnarkJS[0m: betaTauG1: fft 21 mix end: 67/128
[36;22m[DEBUG] [39;1msnarkJS[0m: betaTauG1: fft 21 mix end: 71/128
[36;22m[DEBUG] [39;1msnarkJS[0m: betaTauG1: fft 21 mix end: 70/128
[36;22m[DEBUG] [39;1msnarkJS[0m: betaTauG1: fft 21 mix end: 69/128
[36;22m[DEBUG] [39;1msnarkJS[0m: betaTauG1: fft 21 mix end: 72/128
[36;22m[DEBUG] [39;1msnarkJS[0m: betaTauG1: fft 21 mix end: 74/128
[36;22m[DEBUG] [39;1msnarkJS[0m: betaTauG1: fft 21 mix end: 78/128
[36;22m[DEBUG] [39;1msnarkJS[0m: betaTauG1: fft 21 mix end: 73/128
[36;22m[DEBUG] [39;1msnarkJS[0m: betaTauG1: fft 21 mix end: 83/128
[36;22m[DEBUG] [39;1msnarkJS[0m: betaTauG1: fft 21 mix end: 87/128
[36;22m[DEBUG] [39;1msnarkJS[0m: betaTauG1: fft 21 mix end: 84/128
[36;22m[DEBUG] [39;1msnarkJS[0m: betaTauG1: fft 21 mix end: 75/128
[36;22m[DEBUG] [39;1msnarkJS[0m: betaTauG1: fft 21 mix end: 76/128
[36;22m[DEBUG] [39;1msnarkJS[0m: betaTauG1: fft 21 mix end: 77/128
[36;22m[DEBUG] [39;1msnarkJS[0m: betaTauG1: fft 21 mix end: 88/128
[36;22m[DEBUG] [39;1msnarkJS[0m: betaTauG1: fft 21 mix end: 80/128
[36;22m[DEBUG] [39;1msnarkJS[0m: betaTauG1: fft 21 mix end: 82/128
[36;22m[DEBUG] [39;1msnarkJS[0m: betaTauG1: fft 21 mix end: 90/128
[36;22m[DEBUG] [39;1msnarkJS[0m: betaTauG1: fft 21 mix end: 98/128
[36;22m[DEBUG] [39;1msnarkJS[0m: betaTauG1: fft 21 mix end: 79/128
[36;22m[DEBUG] [39;1msnarkJS[0m: betaTauG1: fft 21 mix end: 93/128
[36;22m[DEBUG] [39;1msnarkJS[0m: betaTauG1: fft 21 mix end: 81/128
[36;22m[DEBUG] [39;1msnarkJS[0m: betaTauG1: fft 21 mix end: 102/128
[36;22m[DEBUG] [39;1msnarkJS[0m: betaTauG1: fft 21 mix end: 96/128
[36;22m[DEBUG] [39;1msnarkJS[0m: betaTauG1: fft 21 mix end: 103/128
[36;22m[DEBUG] [39;1msnarkJS[0m: betaTauG1: fft 21 mix end: 91/128
[36;22m[DEBUG] [39;1msnarkJS[0m: betaTauG1: fft 21 mix end: 85/128
[36;22m[DEBUG] [39;1msnarkJS[0m: betaTauG1: fft 21 mix end: 86/128
[36;22m[DEBUG] [39;1msnarkJS[0m: betaTauG1: fft 21 mix end: 89/128
[36;22m[DEBUG] [39;1msnarkJS[0m: betaTauG1: fft 21 mix end: 101/128
[36;22m[DEBUG] [39;1msnarkJS[0m: betaTauG1: fft 21 mix end: 99/128
[36;22m[DEBUG] [39;1msnarkJS[0m: betaTauG1: fft 21 mix end: 92/128
[36;22m[DEBUG] [39;1msnarkJS[0m: betaTauG1: fft 21 mix end: 94/128
[36;22m[DEBUG] [39;1msnarkJS[0m: betaTauG1: fft 21 mix end: 100/128
[36;22m[DEBUG] [39;1msnarkJS[0m: betaTauG1: fft 21 mix end: 97/128
[36;22m[DEBUG] [39;1msnarkJS[0m: betaTauG1: fft 21 mix end: 105/128
[36;22m[DEBUG] [39;1msnarkJS[0m: betaTauG1: fft 21 mix end: 106/128
[36;22m[DEBUG] [39;1msnarkJS[0m: betaTauG1: fft 21 mix end: 95/128
[36;22m[DEBUG] [39;1msnarkJS[0m: betaTauG1: fft 21 mix end: 104/128
[36;22m[DEBUG] [39;1msnarkJS[0m: betaTauG1: fft 21 mix end: 111/128
[36;22m[DEBUG] [39;1msnarkJS[0m: betaTauG1: fft 21 mix end: 107/128
[36;22m[DEBUG] [39;1msnarkJS[0m: betaTauG1: fft 21 mix end: 109/128
[36;22m[DEBUG] [39;1msnarkJS[0m: betaTauG1: fft 21 mix end: 108/128
[36;22m[DEBUG] [39;1msnarkJS[0m: betaTauG1: fft 21 mix end: 112/128
[36;22m[DEBUG] [39;1msnarkJS[0m: betaTauG1: fft 21 mix end: 114/128
[36;22m[DEBUG] [39;1msnarkJS[0m: betaTauG1: fft 21 mix end: 116/128
[36;22m[DEBUG] [39;1msnarkJS[0m: betaTauG1: fft 21 mix end: 110/128
[36;22m[DEBUG] [39;1msnarkJS[0m: betaTauG1: fft 21 mix end: 117/128
[36;22m[DEBUG] [39;1msnarkJS[0m: betaTauG1: fft 21 mix end: 113/128
[36;22m[DEBUG] [39;1msnarkJS[0m: betaTauG1: fft 21 mix end: 118/128
[36;22m[DEBUG] [39;1msnarkJS[0m: betaTauG1: fft 21 mix end: 120/128
[36;22m[DEBUG] [39;1msnarkJS[0m: betaTauG1: fft 21 mix end: 119/128
[36;22m[DEBUG] [39;1msnarkJS[0m: betaTauG1: fft 21 mix end: 115/128
[36;22m[DEBUG] [39;1msnarkJS[0m: betaTauG1: fft 21 mix end: 122/128
[36;22m[DEBUG] [39;1msnarkJS[0m: betaTauG1: fft 21 mix end: 121/128
[36;22m[DEBUG] [39;1msnarkJS[0m: betaTauG1: fft 21 mix end: 123/128
[36;22m[DEBUG] [39;1msnarkJS[0m: betaTauG1: fft 21 mix end: 125/128
[36;22m[DEBUG] [39;1msnarkJS[0m: betaTauG1: fft 21 mix end: 126/128
[36;22m[DEBUG] [39;1msnarkJS[0m: betaTauG1: fft 21 mix end: 127/128
[36;22m[DEBUG] [39;1msnarkJS[0m: betaTauG1: fft 21 mix end: 124/128
[36;22m[DEBUG] [39;1msnarkJS[0m: betaTauG1: fft  21  join: 15/21
[36;22m[DEBUG] [39;1msnarkJS[0m: betaTauG1: fft 21 join  15/21  12/64 0/1
[36;22m[DEBUG] [39;1msnarkJS[0m: betaTauG1: fft 21 join  15/21  21/64 0/1
[36;22m[DEBUG] [39;1msnarkJS[0m: betaTauG1: fft 21 join  15/21  4/64 0/1
[36;22m[DEBUG] [39;1msnarkJS[0m: betaTauG1: fft 21 join  15/21  17/64 0/1
[36;22m[DEBUG] [39;1msnarkJS[0m: betaTauG1: fft 21 join  15/21  25/64 0/1
[36;22m[DEBUG] [39;1msnarkJS[0m: betaTauG1: fft 21 join  15/21  26/64 0/1
[36;22m[DEBUG] [39;1msnarkJS[0m: betaTauG1: fft 21 join  15/21  31/64 0/1
[36;22m[DEBUG] [39;1msnarkJS[0m: betaTauG1: fft 21 join  15/21  15/64 0/1
[36;22m[DEBUG] [39;1msnarkJS[0m: betaTauG1: fft 21 join  15/21  18/64 0/1
[36;22m[DEBUG] [39;1msnarkJS[0m: betaTauG1: fft 21 join  15/21  16/64 0/1
[36;22m[DEBUG] [39;1msnarkJS[0m: betaTauG1: fft 21 join  15/21  8/64 0/1
[36;22m[DEBUG] [39;1msnarkJS[0m: betaTauG1: fft 21 join  15/21  20/64 0/1
[36;22m[DEBUG] [39;1msnarkJS[0m: betaTauG1: fft 21 join  15/21  14/64 0/1
[36;22m[DEBUG] [39;1msnarkJS[0m: betaTauG1: fft 21 join  15/21  24/64 0/1
[36;22m[DEBUG] [39;1msnarkJS[0m: betaTauG1: fft 21 join  15/21  28/64 0/1
[36;22m[DEBUG] [39;1msnarkJS[0m: betaTauG1: fft 21 join  15/21  23/64 0/1
[36;22m[DEBUG] [39;1msnarkJS[0m: betaTauG1: fft 21 join  15/21  2/64 0/1
[36;22m[DEBUG] [39;1msnarkJS[0m: betaTauG1: fft 21 join  15/21  11/64 0/1
[36;22m[DEBUG] [39;1msnarkJS[0m: betaTauG1: fft 21 join  15/21  3/64 0/1
[36;22m[DEBUG] [39;1msnarkJS[0m: betaTauG1: fft 21 join  15/21  5/64 0/1
[36;22m[DEBUG] [39;1msnarkJS[0m: betaTauG1: fft 21 join  15/21  9/64 0/1
[36;22m[DEBUG] [39;1msnarkJS[0m: betaTauG1: fft 21 join  15/21  10/64 0/1
[36;22m[DEBUG] [39;1msnarkJS[0m: betaTauG1: fft 21 join  15/21  19/64 0/1
[36;22m[DEBUG] [39;1msnarkJS[0m: betaTauG1: fft 21 join  15/21  22/64 0/1
[36;22m[DEBUG] [39;1msnarkJS[0m: betaTauG1: fft 21 join  15/21  27/64 0/1
[36;22m[DEBUG] [39;1msnarkJS[0m: betaTauG1: fft 21 join  15/21  29/64 0/1
[36;22m[DEBUG] [39;1msnarkJS[0m: betaTauG1: fft 21 join  15/21  30/64 0/1
[36;22m[DEBUG] [39;1msnarkJS[0m: betaTauG1: fft 21 join  15/21  32/64 0/1
[36;22m[DEBUG] [39;1msnarkJS[0m: betaTauG1: fft 21 join  15/21  1/64 0/1
[36;22m[DEBUG] [39;1msnarkJS[0m: betaTauG1: fft 21 join  15/21  7/64 0/1
[36;22m[DEBUG] [39;1msnarkJS[0m: betaTauG1: fft 21 join  15/21  6/64 0/1
[36;22m[DEBUG] [39;1msnarkJS[0m: betaTauG1: fft 21 join  15/21  13/64 0/1
[36;22m[DEBUG] [39;1msnarkJS[0m: betaTauG1: fft 21 join  15/21  33/64 0/1
[36;22m[DEBUG] [39;1msnarkJS[0m: betaTauG1: fft 21 join  15/21  36/64 0/1
[36;22m[DEBUG] [39;1msnarkJS[0m: betaTauG1: fft 21 join  15/21  41/64 0/1
[36;22m[DEBUG] [39;1msnarkJS[0m: betaTauG1: fft 21 join  15/21  40/64 0/1
[36;22m[DEBUG] [39;1msnarkJS[0m: betaTauG1: fft 21 join  15/21  39/64 0/1
[36;22m[DEBUG] [39;1msnarkJS[0m: betaTauG1: fft 21 join  15/21  35/64 0/1
[36;22m[DEBUG] [39;1msnarkJS[0m: betaTauG1: fft 21 join  15/21  38/64 0/1
[36;22m[DEBUG] [39;1msnarkJS[0m: betaTauG1: fft 21 join  15/21  37/64 0/1
[36;22m[DEBUG] [39;1msnarkJS[0m: betaTauG1: fft 21 join  15/21  42/64 0/1
[36;22m[DEBUG] [39;1msnarkJS[0m: betaTauG1: fft 21 join  15/21  34/64 0/1
[36;22m[DEBUG] [39;1msnarkJS[0m: betaTauG1: fft 21 join  15/21  43/64 0/1
[36;22m[DEBUG] [39;1msnarkJS[0m: betaTauG1: fft 21 join  15/21  44/64 0/1
[36;22m[DEBUG] [39;1msnarkJS[0m: betaTauG1: fft 21 join  15/21  47/64 0/1
[36;22m[DEBUG] [39;1msnarkJS[0m: betaTauG1: fft 21 join  15/21  45/64 0/1
[36;22m[DEBUG] [39;1msnarkJS[0m: betaTauG1: fft 21 join  15/21  62/64 0/1
[36;22m[DEBUG] [39;1msnarkJS[0m: betaTauG1: fft 21 join  15/21  56/64 0/1
[36;22m[DEBUG] [39;1msnarkJS[0m: betaTauG1: fft 21 join  15/21  53/64 0/1
[36;22m[DEBUG] [39;1msnarkJS[0m: betaTauG1: fft 21 join  15/21  54/64 0/1
[36;22m[DEBUG] [39;1msnarkJS[0m: betaTauG1: fft 21 join  15/21  50/64 0/1
[36;22m[DEBUG] [39;1msnarkJS[0m: betaTauG1: fft 21 join  15/21  58/64 0/1
[36;22m[DEBUG] [39;1msnarkJS[0m: betaTauG1: fft 21 join  15/21  61/64 0/1
[36;22m[DEBUG] [39;1msnarkJS[0m: betaTauG1: fft 21 join  15/21  48/64 0/1
[36;22m[DEBUG] [39;1msnarkJS[0m: betaTauG1: fft 21 join  15/21  51/64 0/1
[36;22m[DEBUG] [39;1msnarkJS[0m: betaTauG1: fft 21 join  15/21  52/64 0/1
[36;22m[DEBUG] [39;1msnarkJS[0m: betaTauG1: fft 21 join  15/21  49/64 0/1
[36;22m[DEBUG] [39;1msnarkJS[0m: betaTauG1: fft 21 join  15/21  55/64 0/1
[36;22m[DEBUG] [39;1msnarkJS[0m: betaTauG1: fft 21 join  15/21  64/64 0/1
[36;22m[DEBUG] [39;1msnarkJS[0m: betaTauG1: fft 21 join  15/21  57/64 0/1
[36;22m[DEBUG] [39;1msnarkJS[0m: betaTauG1: fft 21 join  15/21  60/64 0/1
[36;22m[DEBUG] [39;1msnarkJS[0m: betaTauG1: fft 21 join  15/21  46/64 0/1
[36;22m[DEBUG] [39;1msnarkJS[0m: betaTauG1: fft 21 join  15/21  63/64 0/1
[36;22m[DEBUG] [39;1msnarkJS[0m: betaTauG1: fft 21 join  15/21  59/64 0/1
[36;22m[DEBUG] [39;1msnarkJS[0m: betaTauG1: fft  21  join: 16/21
[36;22m[DEBUG] [39;1msnarkJS[0m: betaTauG1: fft 21 join  16/21  1/32 0/2
[36;22m[DEBUG] [39;1msnarkJS[0m: betaTauG1: fft 21 join  16/21  8/32 1/2
[36;22m[DEBUG] [39;1msnarkJS[0m: betaTauG1: fft 21 join  16/21  13/32 0/2
[36;22m[DEBUG] [39;1msnarkJS[0m: betaTauG1: fft 21 join  16/21  6/32 1/2
[36;22m[DEBUG] [39;1msnarkJS[0m: betaTauG1: fft 21 join  16/21  6/32 0/2
[36;22m[DEBUG] [39;1msnarkJS[0m: betaTauG1: fft 21 join  16/21  2/32 1/2
[36;22m[DEBUG] [39;1msnarkJS[0m: betaTauG1: fft 21 join  16/21  12/32 0/2
[36;22m[DEBUG] [39;1msnarkJS[0m: betaTauG1: fft 21 join  16/21  9/32 0/2
[36;22m[DEBUG] [39;1msnarkJS[0m: betaTauG1: fft 21 join  16/21  15/32 0/2
[36;22m[DEBUG] [39;1msnarkJS[0m: betaTauG1: fft 21 join  16/21  4/32 1/2
[36;22m[DEBUG] [39;1msnarkJS[0m: betaTauG1: fft 21 join  16/21  11/32 1/2
[36;22m[DEBUG] [39;1msnarkJS[0m: betaTauG1: fft 21 join  16/21  5/32 0/2
[36;22m[DEBUG] [39;1msnarkJS[0m: betaTauG1: fft 21 join  16/21  2/32 0/2
[36;22m[DEBUG] [39;1msnarkJS[0m: betaTauG1: fft 21 join  16/21  12/32 1/2
[36;22m[DEBUG] [39;1msnarkJS[0m: betaTauG1: fft 21 join  16/21  4/32 0/2
[36;22m[DEBUG] [39;1msnarkJS[0m: betaTauG1: fft 21 join  16/21  13/32 1/2
[36;22m[DEBUG] [39;1msnarkJS[0m: betaTauG1: fft 21 join  16/21  7/32 0/2
[36;22m[DEBUG] [39;1msnarkJS[0m: betaTauG1: fft 21 join  16/21  5/32 1/2
[36;22m[DEBUG] [39;1msnarkJS[0m: betaTauG1: fft 21 join  16/21  1/32 1/2
[36;22m[DEBUG] [39;1msnarkJS[0m: betaTauG1: fft 21 join  16/21  7/32 1/2
[36;22m[DEBUG] [39;1msnarkJS[0m: betaTauG1: fft 21 join  16/21  10/32 0/2
[36;22m[DEBUG] [39;1msnarkJS[0m: betaTauG1: fft 21 join  16/21  11/32 0/2
[36;22m[DEBUG] [39;1msnarkJS[0m: betaTauG1: fft 21 join  16/21  14/32 0/2
[36;22m[DEBUG] [39;1msnarkJS[0m: betaTauG1: fft 21 join  16/21  14/32 1/2
[36;22m[DEBUG] [39;1msnarkJS[0m: betaTauG1: fft 21 join  16/21  16/32 0/2
[36;22m[DEBUG] [39;1msnarkJS[0m: betaTauG1: fft 21 join  16/21  16/32 1/2
[36;22m[DEBUG] [39;1msnarkJS[0m: betaTauG1: fft 21 join  16/21  3/32 0/2
[36;22m[DEBUG] [39;1msnarkJS[0m: betaTauG1: fft 21 join  16/21  15/32 1/2
[36;22m[DEBUG] [39;1msnarkJS[0m: betaTauG1: fft 21 join  16/21  8/32 0/2
[36;22m[DEBUG] [39;1msnarkJS[0m: betaTauG1: fft 21 join  16/21  10/32 1/2
[36;22m[DEBUG] [39;1msnarkJS[0m: betaTauG1: fft 21 join  16/21  3/32 1/2
[36;22m[DEBUG] [39;1msnarkJS[0m: betaTauG1: fft 21 join  16/21  9/32 1/2
[36;22m[DEBUG] [39;1msnarkJS[0m: betaTauG1: fft 21 join  16/21  18/32 1/2
[36;22m[DEBUG] [39;1msnarkJS[0m: betaTauG1: fft 21 join  16/21  18/32 0/2
[36;22m[DEBUG] [39;1msnarkJS[0m: betaTauG1: fft 21 join  16/21  17/32 0/2
[36;22m[DEBUG] [39;1msnarkJS[0m: betaTauG1: fft 21 join  16/21  19/32 0/2
[36;22m[DEBUG] [39;1msnarkJS[0m: betaTauG1: fft 21 join  16/21  21/32 0/2
[36;22m[DEBUG] [39;1msnarkJS[0m: betaTauG1: fft 21 join  16/21  20/32 0/2
[36;22m[DEBUG] [39;1msnarkJS[0m: betaTauG1: fft 21 join  16/21  19/32 1/2
[36;22m[DEBUG] [39;1msnarkJS[0m: betaTauG1: fft 21 join  16/21  21/32 1/2
[36;22m[DEBUG] [39;1msnarkJS[0m: betaTauG1: fft 21 join  16/21  17/32 1/2
[36;22m[DEBUG] [39;1msnarkJS[0m: betaTauG1: fft 21 join  16/21  22/32 1/2
[36;22m[DEBUG] [39;1msnarkJS[0m: betaTauG1: fft 21 join  16/21  24/32 0/2
[36;22m[DEBUG] [39;1msnarkJS[0m: betaTauG1: fft 21 join  16/21  20/32 1/2
[36;22m[DEBUG] [39;1msnarkJS[0m: betaTauG1: fft 21 join  16/21  23/32 1/2
[36;22m[DEBUG] [39;1msnarkJS[0m: betaTauG1: fft 21 join  16/21  22/32 0/2
[36;22m[DEBUG] [39;1msnarkJS[0m: betaTauG1: fft 21 join  16/21  29/32 0/2
[36;22m[DEBUG] [39;1msnarkJS[0m: betaTauG1: fft 21 join  16/21  25/32 1/2
[36;22m[DEBUG] [39;1msnarkJS[0m: betaTauG1: fft 21 join  16/21  26/32 1/2
[36;22m[DEBUG] [39;1msnarkJS[0m: betaTauG1: fft 21 join  16/21  30/32 0/2
[36;22m[DEBUG] [39;1msnarkJS[0m: betaTauG1: fft 21 join  16/21  23/32 0/2
[36;22m[DEBUG] [39;1msnarkJS[0m: betaTauG1: fft 21 join  16/21  31/32 0/2
[36;22m[DEBUG] [39;1msnarkJS[0m: betaTauG1: fft 21 join  16/21  26/32 0/2
[36;22m[DEBUG] [39;1msnarkJS[0m: betaTauG1: fft 21 join  16/21  32/32 1/2
[36;22m[DEBUG] [39;1msnarkJS[0m: betaTauG1: fft 21 join  16/21  27/32 1/2
[36;22m[DEBUG] [39;1msnarkJS[0m: betaTauG1: fft 21 join  16/21  31/32 1/2
[36;22m[DEBUG] [39;1msnarkJS[0m: betaTauG1: fft 21 join  16/21  32/32 0/2
[36;22m[DEBUG] [39;1msnarkJS[0m: betaTauG1: fft 21 join  16/21  27/32 0/2
[36;22m[DEBUG] [39;1msnarkJS[0m: betaTauG1: fft 21 join  16/21  29/32 1/2
[36;22m[DEBUG] [39;1msnarkJS[0m: betaTauG1: fft 21 join  16/21  24/32 1/2
[36;22m[DEBUG] [39;1msnarkJS[0m: betaTauG1: fft 21 join  16/21  25/32 0/2
[36;22m[DEBUG] [39;1msnarkJS[0m: betaTauG1: fft 21 join  16/21  28/32 0/2
[36;22m[DEBUG] [39;1msnarkJS[0m: betaTauG1: fft 21 join  16/21  30/32 1/2
[36;22m[DEBUG] [39;1msnarkJS[0m: betaTauG1: fft 21 join  16/21  28/32 1/2
[36;22m[DEBUG] [39;1msnarkJS[0m: betaTauG1: fft  21  join: 17/21
[36;22m[DEBUG] [39;1msnarkJS[0m: betaTauG1: fft 21 join  17/21  2/16 2/4
[36;22m[DEBUG] [39;1msnarkJS[0m: betaTauG1: fft 21 join  17/21  3/16 3/4
[36;22m[DEBUG] [39;1msnarkJS[0m: betaTauG1: fft 21 join  17/21  3/16 0/4
[36;22m[DEBUG] [39;1msnarkJS[0m: betaTauG1: fft 21 join  17/21  3/16 1/4
[36;22m[DEBUG] [39;1msnarkJS[0m: betaTauG1: fft 21 join  17/21  2/16 3/4
[36;22m[DEBUG] [39;1msnarkJS[0m: betaTauG1: fft 21 join  17/21  2/16 1/4
[36;22m[DEBUG] [39;1msnarkJS[0m: betaTauG1: fft 21 join  17/21  7/16 1/4
[36;22m[DEBUG] [39;1msnarkJS[0m: betaTauG1: fft 21 join  17/21  6/16 3/4
[36;22m[DEBUG] [39;1msnarkJS[0m: betaTauG1: fft 21 join  17/21  2/16 0/4
[36;22m[DEBUG] [39;1msnarkJS[0m: betaTauG1: fft 21 join  17/21  1/16 1/4
[36;22m[DEBUG] [39;1msnarkJS[0m: betaTauG1: fft 21 join  17/21  7/16 3/4
[36;22m[DEBUG] [39;1msnarkJS[0m: betaTauG1: fft 21 join  17/21  5/16 3/4
[36;22m[DEBUG] [39;1msnarkJS[0m: betaTauG1: fft 21 join  17/21  1/16 0/4
[36;22m[DEBUG] [39;1msnarkJS[0m: betaTauG1: fft 21 join  17/21  8/16 0/4
[36;22m[DEBUG] [39;1msnarkJS[0m: betaTauG1: fft 21 join  17/21  6/16 1/4
[36;22m[DEBUG] [39;1msnarkJS[0m: betaTauG1: fft 21 join  17/21  4/16 0/4
[36;22m[DEBUG] [39;1msnarkJS[0m: betaTauG1: fft 21 join  17/21  5/16 0/4
[36;22m[DEBUG] [39;1msnarkJS[0m: betaTauG1: fft 21 join  17/21  4/16 1/4
[36;22m[DEBUG] [39;1msnarkJS[0m: betaTauG1: fft 21 join  17/21  5/16 1/4
[36;22m[DEBUG] [39;1msnarkJS[0m: betaTauG1: fft 21 join  17/21  3/16 2/4
[36;22m[DEBUG] [39;1msnarkJS[0m: betaTauG1: fft 21 join  17/21  7/16 2/4
[36;22m[DEBUG] [39;1msnarkJS[0m: betaTauG1: fft 21 join  17/21  4/16 2/4
[36;22m[DEBUG] [39;1msnarkJS[0m: betaTauG1: fft 21 join  17/21  6/16 2/4
[36;22m[DEBUG] [39;1msnarkJS[0m: betaTauG1: fft 21 join  17/21  1/16 3/4
[36;22m[DEBUG] [39;1msnarkJS[0m: betaTauG1: fft 21 join  17/21  4/16 3/4
[36;22m[DEBUG] [39;1msnarkJS[0m: betaTauG1: fft 21 join  17/21  5/16 2/4
[36;22m[DEBUG] [39;1msnarkJS[0m: betaTauG1: fft 21 join  17/21  6/16 0/4
[36;22m[DEBUG] [39;1msnarkJS[0m: betaTauG1: fft 21 join  17/21  7/16 0/4
[36;22m[DEBUG] [39;1msnarkJS[0m: betaTauG1: fft 21 join  17/21  8/16 3/4
[36;22m[DEBUG] [39;1msnarkJS[0m: betaTauG1: fft 21 join  17/21  8/16 1/4
[36;22m[DEBUG] [39;1msnarkJS[0m: betaTauG1: fft 21 join  17/21  1/16 2/4
[36;22m[DEBUG] [39;1msnarkJS[0m: betaTauG1: fft 21 join  17/21  8/16 2/4
[36;22m[DEBUG] [39;1msnarkJS[0m: betaTauG1: fft 21 join  17/21  9/16 0/4
[36;22m[DEBUG] [39;1msnarkJS[0m: betaTauG1: fft 21 join  17/21  9/16 2/4
[36;22m[DEBUG] [39;1msnarkJS[0m: betaTauG1: fft 21 join  17/21  9/16 1/4
[36;22m[DEBUG] [39;1msnarkJS[0m: betaTauG1: fft 21 join  17/21  9/16 3/4
[36;22m[DEBUG] [39;1msnarkJS[0m: betaTauG1: fft 21 join  17/21  10/16 0/4
[36;22m[DEBUG] [39;1msnarkJS[0m: betaTauG1: fft 21 join  17/21  10/16 3/4
[36;22m[DEBUG] [39;1msnarkJS[0m: betaTauG1: fft 21 join  17/21  11/16 1/4
[36;22m[DEBUG] [39;1msnarkJS[0m: betaTauG1: fft 21 join  17/21  11/16 2/4
[36;22m[DEBUG] [39;1msnarkJS[0m: betaTauG1: fft 21 join  17/21  12/16 0/4
[36;22m[DEBUG] [39;1msnarkJS[0m: betaTauG1: fft 21 join  17/21  10/16 1/4
[36;22m[DEBUG] [39;1msnarkJS[0m: betaTauG1: fft 21 join  17/21  12/16 1/4
[36;22m[DEBUG] [39;1msnarkJS[0m: betaTauG1: fft 21 join  17/21  13/16 0/4
[36;22m[DEBUG] [39;1msnarkJS[0m: betaTauG1: fft 21 join  17/21  11/16 3/4
[36;22m[DEBUG] [39;1msnarkJS[0m: betaTauG1: fft 21 join  17/21  13/16 3/4
[36;22m[DEBUG] [39;1msnarkJS[0m: betaTauG1: fft 21 join  17/21  10/16 2/4
[36;22m[DEBUG] [39;1msnarkJS[0m: betaTauG1: fft 21 join  17/21  11/16 0/4
[36;22m[DEBUG] [39;1msnarkJS[0m: betaTauG1: fft 21 join  17/21  16/16 1/4
[36;22m[DEBUG] [39;1msnarkJS[0m: betaTauG1: fft 21 join  17/21  16/16 0/4
[36;22m[DEBUG] [39;1msnarkJS[0m: betaTauG1: fft 21 join  17/21  16/16 2/4
[36;22m[DEBUG] [39;1msnarkJS[0m: betaTauG1: fft 21 join  17/21  12/16 2/4
[36;22m[DEBUG] [39;1msnarkJS[0m: betaTauG1: fft 21 join  17/21  14/16 3/4
[36;22m[DEBUG] [39;1msnarkJS[0m: betaTauG1: fft 21 join  17/21  15/16 2/4
[36;22m[DEBUG] [39;1msnarkJS[0m: betaTauG1: fft 21 join  17/21  15/16 0/4
[36;22m[DEBUG] [39;1msnarkJS[0m: betaTauG1: fft 21 join  17/21  13/16 2/4
[36;22m[DEBUG] [39;1msnarkJS[0m: betaTauG1: fft 21 join  17/21  14/16 0/4
[36;22m[DEBUG] [39;1msnarkJS[0m: betaTauG1: fft 21 join  17/21  14/16 2/4
[36;22m[DEBUG] [39;1msnarkJS[0m: betaTauG1: fft 21 join  17/21  12/16 3/4
[36;22m[DEBUG] [39;1msnarkJS[0m: betaTauG1: fft 21 join  17/21  13/16 1/4
[36;22m[DEBUG] [39;1msnarkJS[0m: betaTauG1: fft 21 join  17/21  14/16 1/4
[36;22m[DEBUG] [39;1msnarkJS[0m: betaTauG1: fft 21 join  17/21  16/16 3/4
[36;22m[DEBUG] [39;1msnarkJS[0m: betaTauG1: fft 21 join  17/21  15/16 1/4
[36;22m[DEBUG] [39;1msnarkJS[0m: betaTauG1: fft 21 join  17/21  15/16 3/4
[36;22m[DEBUG] [39;1msnarkJS[0m: betaTauG1: fft  21  join: 18/21
[36;22m[DEBUG] [39;1msnarkJS[0m: betaTauG1: fft 21 join  18/21  2/8 0/8
[36;22m[DEBUG] [39;1msnarkJS[0m: betaTauG1: fft 21 join  18/21  1/8 4/8
[36;22m[DEBUG] [39;1msnarkJS[0m: betaTauG1: fft 21 join  18/21  2/8 2/8
[36;22m[DEBUG] [39;1msnarkJS[0m: betaTauG1: fft 21 join  18/21  2/8 3/8
[36;22m[DEBUG] [39;1msnarkJS[0m: betaTauG1: fft 21 join  18/21  4/8 4/8
[36;22m[DEBUG] [39;1msnarkJS[0m: betaTauG1: fft 21 join  18/21  1/8 7/8
[36;22m[DEBUG] [39;1msnarkJS[0m: betaTauG1: fft 21 join  18/21  3/8 1/8
[36;22m[DEBUG] [39;1msnarkJS[0m: betaTauG1: fft 21 join  18/21  1/8 0/8
[36;22m[DEBUG] [39;1msnarkJS[0m: betaTauG1: fft 21 join  18/21  3/8 5/8
[36;22m[DEBUG] [39;1msnarkJS[0m: betaTauG1: fft 21 join  18/21  1/8 5/8
[36;22m[DEBUG] [39;1msnarkJS[0m: betaTauG1: fft 21 join  18/21  1/8 1/8
[36;22m[DEBUG] [39;1msnarkJS[0m: betaTauG1: fft 21 join  18/21  2/8 7/8
[36;22m[DEBUG] [39;1msnarkJS[0m: betaTauG1: fft 21 join  18/21  2/8 5/8
[36;22m[DEBUG] [39;1msnarkJS[0m: betaTauG1: fft 21 join  18/21  4/8 6/8
[36;22m[DEBUG] [39;1msnarkJS[0m: betaTauG1: fft 21 join  18/21  3/8 0/8
[36;22m[DEBUG] [39;1msnarkJS[0m: betaTauG1: fft 21 join  18/21  4/8 1/8
[36;22m[DEBUG] [39;1msnarkJS[0m: betaTauG1: fft 21 join  18/21  1/8 6/8
[36;22m[DEBUG] [39;1msnarkJS[0m: betaTauG1: fft 21 join  18/21  2/8 6/8
[36;22m[DEBUG] [39;1msnarkJS[0m: betaTauG1: fft 21 join  18/21  1/8 2/8
[36;22m[DEBUG] [39;1msnarkJS[0m: betaTauG1: fft 21 join  18/21  4/8 2/8
[36;22m[DEBUG] [39;1msnarkJS[0m: betaTauG1: fft 21 join  18/21  4/8 3/8
[36;22m[DEBUG] [39;1msnarkJS[0m: betaTauG1: fft 21 join  18/21  2/8 1/8
[36;22m[DEBUG] [39;1msnarkJS[0m: betaTauG1: fft 21 join  18/21  3/8 4/8
[36;22m[DEBUG] [39;1msnarkJS[0m: betaTauG1: fft 21 join  18/21  3/8 7/8
[36;22m[DEBUG] [39;1msnarkJS[0m: betaTauG1: fft 21 join  18/21  3/8 2/8
[36;22m[DEBUG] [39;1msnarkJS[0m: betaTauG1: fft 21 join  18/21  3/8 6/8
[36;22m[DEBUG] [39;1msnarkJS[0m: betaTauG1: fft 21 join  18/21  3/8 3/8
[36;22m[DEBUG] [39;1msnarkJS[0m: betaTauG1: fft 21 join  18/21  4/8 7/8
[36;22m[DEBUG] [39;1msnarkJS[0m: betaTauG1: fft 21 join  18/21  4/8 0/8
[36;22m[DEBUG] [39;1msnarkJS[0m: betaTauG1: fft 21 join  18/21  1/8 3/8
[36;22m[DEBUG] [39;1msnarkJS[0m: betaTauG1: fft 21 join  18/21  4/8 5/8
[36;22m[DEBUG] [39;1msnarkJS[0m: betaTauG1: fft 21 join  18/21  2/8 4/8
[36;22m[DEBUG] [39;1msnarkJS[0m: betaTauG1: fft 21 join  18/21  5/8 0/8
[36;22m[DEBUG] [39;1msnarkJS[0m: betaTauG1: fft 21 join  18/21  5/8 3/8
[36;22m[DEBUG] [39;1msnarkJS[0m: betaTauG1: fft 21 join  18/21  5/8 5/8
[36;22m[DEBUG] [39;1msnarkJS[0m: betaTauG1: fft 21 join  18/21  5/8 1/8
[36;22m[DEBUG] [39;1msnarkJS[0m: betaTauG1: fft 21 join  18/21  6/8 0/8
[36;22m[DEBUG] [39;1msnarkJS[0m: betaTauG1: fft 21 join  18/21  6/8 2/8
[36;22m[DEBUG] [39;1msnarkJS[0m: betaTauG1: fft 21 join  18/21  5/8 4/8
[36;22m[DEBUG] [39;1msnarkJS[0m: betaTauG1: fft 21 join  18/21  5/8 2/8
[36;22m[DEBUG] [39;1msnarkJS[0m: betaTauG1: fft 21 join  18/21  6/8 3/8
[36;22m[DEBUG] [39;1msnarkJS[0m: betaTauG1: fft 21 join  18/21  6/8 6/8
[36;22m[DEBUG] [39;1msnarkJS[0m: betaTauG1: fft 21 join  18/21  5/8 6/8
[36;22m[DEBUG] [39;1msnarkJS[0m: betaTauG1: fft 21 join  18/21  6/8 1/8
[36;22m[DEBUG] [39;1msnarkJS[0m: betaTauG1: fft 21 join  18/21  5/8 7/8
[36;22m[DEBUG] [39;1msnarkJS[0m: betaTauG1: fft 21 join  18/21  6/8 5/8
[36;22m[DEBUG] [39;1msnarkJS[0m: betaTauG1: fft 21 join  18/21  7/8 4/8
[36;22m[DEBUG] [39;1msnarkJS[0m: betaTauG1: fft 21 join  18/21  7/8 1/8
[36;22m[DEBUG] [39;1msnarkJS[0m: betaTauG1: fft 21 join  18/21  8/8 6/8
[36;22m[DEBUG] [39;1msnarkJS[0m: betaTauG1: fft 21 join  18/21  7/8 2/8
[36;22m[DEBUG] [39;1msnarkJS[0m: betaTauG1: fft 21 join  18/21  7/8 0/8
[36;22m[DEBUG] [39;1msnarkJS[0m: betaTauG1: fft 21 join  18/21  6/8 4/8
[36;22m[DEBUG] [39;1msnarkJS[0m: betaTauG1: fft 21 join  18/21  8/8 7/8
[36;22m[DEBUG] [39;1msnarkJS[0m: betaTauG1: fft 21 join  18/21  8/8 5/8
[36;22m[DEBUG] [39;1msnarkJS[0m: betaTauG1: fft 21 join  18/21  6/8 7/8
[36;22m[DEBUG] [39;1msnarkJS[0m: betaTauG1: fft 21 join  18/21  7/8 3/8
[36;22m[DEBUG] [39;1msnarkJS[0m: betaTauG1: fft 21 join  18/21  8/8 1/8
[36;22m[DEBUG] [39;1msnarkJS[0m: betaTauG1: fft 21 join  18/21  7/8 6/8
[36;22m[DEBUG] [39;1msnarkJS[0m: betaTauG1: fft 21 join  18/21  7/8 7/8
[36;22m[DEBUG] [39;1msnarkJS[0m: betaTauG1: fft 21 join  18/21  8/8 4/8
[36;22m[DEBUG] [39;1msnarkJS[0m: betaTauG1: fft 21 join  18/21  8/8 3/8
[36;22m[DEBUG] [39;1msnarkJS[0m: betaTauG1: fft 21 join  18/21  7/8 5/8
[36;22m[DEBUG] [39;1msnarkJS[0m: betaTauG1: fft 21 join  18/21  8/8 2/8
[36;22m[DEBUG] [39;1msnarkJS[0m: betaTauG1: fft 21 join  18/21  8/8 0/8
[36;22m[DEBUG] [39;1msnarkJS[0m: betaTauG1: fft  21  join: 19/21
[36;22m[DEBUG] [39;1msnarkJS[0m: betaTauG1: fft 21 join  19/21  1/4 1/16
[36;22m[DEBUG] [39;1msnarkJS[0m: betaTauG1: fft 21 join  19/21  1/4 8/16
[36;22m[DEBUG] [39;1msnarkJS[0m: betaTauG1: fft 21 join  19/21  1/4 14/16
[36;22m[DEBUG] [39;1msnarkJS[0m: betaTauG1: fft 21 join  19/21  1/4 2/16
[36;22m[DEBUG] [39;1msnarkJS[0m: betaTauG1: fft 21 join  19/21  1/4 12/16
[36;22m[DEBUG] [39;1msnarkJS[0m: betaTauG1: fft 21 join  19/21  2/4 14/16
[36;22m[DEBUG] [39;1msnarkJS[0m: betaTauG1: fft 21 join  19/21  2/4 12/16
[36;22m[DEBUG] [39;1msnarkJS[0m: betaTauG1: fft 21 join  19/21  1/4 3/16
[36;22m[DEBUG] [39;1msnarkJS[0m: betaTauG1: fft 21 join  19/21  2/4 13/16
[36;22m[DEBUG] [39;1msnarkJS[0m: betaTauG1: fft 21 join  19/21  1/4 7/16
[36;22m[DEBUG] [39;1msnarkJS[0m: betaTauG1: fft 21 join  19/21  2/4 5/16
[36;22m[DEBUG] [39;1msnarkJS[0m: betaTauG1: fft 21 join  19/21  2/4 15/16
[36;22m[DEBUG] [39;1msnarkJS[0m: betaTauG1: fft 21 join  19/21  2/4 0/16
[36;22m[DEBUG] [39;1msnarkJS[0m: betaTauG1: fft 21 join  19/21  2/4 4/16
[36;22m[DEBUG] [39;1msnarkJS[0m: betaTauG1: fft 21 join  19/21  2/4 7/16
[36;22m[DEBUG] [39;1msnarkJS[0m: betaTauG1: fft 21 join  19/21  1/4 13/16
[36;22m[DEBUG] [39;1msnarkJS[0m: betaTauG1: fft 21 join  19/21  1/4 6/16
[36;22m[DEBUG] [39;1msnarkJS[0m: betaTauG1: fft 21 join  19/21  1/4 9/16
[36;22m[DEBUG] [39;1msnarkJS[0m: betaTauG1: fft 21 join  19/21  1/4 10/16
[36;22m[DEBUG] [39;1msnarkJS[0m: betaTauG1: fft 21 join  19/21  1/4 11/16
[36;22m[DEBUG] [39;1msnarkJS[0m: betaTauG1: fft 21 join  19/21  2/4 9/16
[36;22m[DEBUG] [39;1msnarkJS[0m: betaTauG1: fft 21 join  19/21  2/4 2/16
[36;22m[DEBUG] [39;1msnarkJS[0m: betaTauG1: fft 21 join  19/21  1/4 15/16
[36;22m[DEBUG] [39;1msnarkJS[0m: betaTauG1: fft 21 join  19/21  2/4 8/16
[36;22m[DEBUG] [39;1msnarkJS[0m: betaTauG1: fft 21 join  19/21  2/4 10/16
[36;22m[DEBUG] [39;1msnarkJS[0m: betaTauG1: fft 21 join  19/21  2/4 3/16
[36;22m[DEBUG] [39;1msnarkJS[0m: betaTauG1: fft 21 join  19/21  2/4 11/16
[36;22m[DEBUG] [39;1msnarkJS[0m: betaTauG1: fft 21 join  19/21  1/4 0/16
[36;22m[DEBUG] [39;1msnarkJS[0m: betaTauG1: fft 21 join  19/21  2/4 1/16
[36;22m[DEBUG] [39;1msnarkJS[0m: betaTauG1: fft 21 join  19/21  1/4 5/16
[36;22m[DEBUG] [39;1msnarkJS[0m: betaTauG1: fft 21 join  19/21  2/4 6/16
[36;22m[DEBUG] [39;1msnarkJS[0m: betaTauG1: fft 21 join  19/21  1/4 4/16
[36;22m[DEBUG] [39;1msnarkJS[0m: betaTauG1: fft 21 join  19/21  3/4 1/16
[36;22m[DEBUG] [39;1msnarkJS[0m: betaTauG1: fft 21 join  19/21  3/4 2/16
[36;22m[DEBUG] [39;1msnarkJS[0m: betaTauG1: fft 21 join  19/21  3/4 4/16
[36;22m[DEBUG] [39;1msnarkJS[0m: betaTauG1: fft 21 join  19/21  3/4 3/16
[36;22m[DEBUG] [39;1msnarkJS[0m: betaTauG1: fft 21 join  19/21  3/4 5/16
[36;22m[DEBUG] [39;1msnarkJS[0m: betaTauG1: fft 21 join  19/21  3/4 6/16
[36;22m[DEBUG] [39;1msnarkJS[0m: betaTauG1: fft 21 join  19/21  3/4 7/16
[36;22m[DEBUG] [39;1msnarkJS[0m: betaTauG1: fft 21 join  19/21  3/4 0/16
[36;22m[DEBUG] [39;1msnarkJS[0m: betaTauG1: fft 21 join  19/21  3/4 9/16
[36;22m[DEBUG] [39;1msnarkJS[0m: betaTauG1: fft 21 join  19/21  3/4 11/16
[36;22m[DEBUG] [39;1msnarkJS[0m: betaTauG1: fft 21 join  19/21  3/4 12/16
[36;22m[DEBUG] [39;1msnarkJS[0m: betaTauG1: fft 21 join  19/21  3/4 8/16
[36;22m[DEBUG] [39;1msnarkJS[0m: betaTauG1: fft 21 join  19/21  3/4 14/16
[36;22m[DEBUG] [39;1msnarkJS[0m: betaTauG1: fft 21 join  19/21  3/4 10/16
[36;22m[DEBUG] [39;1msnarkJS[0m: betaTauG1: fft 21 join  19/21  4/4 8/16
[36;22m[DEBUG] [39;1msnarkJS[0m: betaTauG1: fft 21 join  19/21  4/4 7/16
[36;22m[DEBUG] [39;1msnarkJS[0m: betaTauG1: fft 21 join  19/21  4/4 2/16
[36;22m[DEBUG] [39;1msnarkJS[0m: betaTauG1: fft 21 join  19/21  4/4 10/16
[36;22m[DEBUG] [39;1msnarkJS[0m: betaTauG1: fft 21 join  19/21  4/4 14/16
[36;22m[DEBUG] [39;1msnarkJS[0m: betaTauG1: fft 21 join  19/21  4/4 15/16
[36;22m[DEBUG] [39;1msnarkJS[0m: betaTauG1: fft 21 join  19/21  4/4 4/16
[36;22m[DEBUG] [39;1msnarkJS[0m: betaTauG1: fft 21 join  19/21  3/4 13/16
[36;22m[DEBUG] [39;1msnarkJS[0m: betaTauG1: fft 21 join  19/21  4/4 1/16
[36;22m[DEBUG] [39;1msnarkJS[0m: betaTauG1: fft 21 join  19/21  4/4 5/16
[36;22m[DEBUG] [39;1msnarkJS[0m: betaTauG1: fft 21 join  19/21  4/4 9/16
[36;22m[DEBUG] [39;1msnarkJS[0m: betaTauG1: fft 21 join  19/21  4/4 13/16
[36;22m[DEBUG] [39;1msnarkJS[0m: betaTauG1: fft 21 join  19/21  4/4 0/16
[36;22m[DEBUG] [39;1msnarkJS[0m: betaTauG1: fft 21 join  19/21  4/4 6/16
[36;22m[DEBUG] [39;1msnarkJS[0m: betaTauG1: fft 21 join  19/21  4/4 3/16
[36;22m[DEBUG] [39;1msnarkJS[0m: betaTauG1: fft 21 join  19/21  4/4 12/16
[36;22m[DEBUG] [39;1msnarkJS[0m: betaTauG1: fft 21 join  19/21  3/4 15/16
[36;22m[DEBUG] [39;1msnarkJS[0m: betaTauG1: fft 21 join  19/21  4/4 11/16
[36;22m[DEBUG] [39;1msnarkJS[0m: betaTauG1: fft  21  join: 20/21
[36;22m[DEBUG] [39;1msnarkJS[0m: betaTauG1: fft 21 join  20/21  1/2 3/32
[36;22m[DEBUG] [39;1msnarkJS[0m: betaTauG1: fft 21 join  20/21  1/2 8/32
[36;22m[DEBUG] [39;1msnarkJS[0m: betaTauG1: fft 21 join  20/21  1/2 4/32
[36;22m[DEBUG] [39;1msnarkJS[0m: betaTauG1: fft 21 join  20/21  1/2 12/32
[36;22m[DEBUG] [39;1msnarkJS[0m: betaTauG1: fft 21 join  20/21  1/2 28/32
[36;22m[DEBUG] [39;1msnarkJS[0m: betaTauG1: fft 21 join  20/21  1/2 2/32
[36;22m[DEBUG] [39;1msnarkJS[0m: betaTauG1: fft 21 join  20/21  1/2 30/32
[36;22m[DEBUG] [39;1msnarkJS[0m: betaTauG1: fft 21 join  20/21  1/2 21/32
[36;22m[DEBUG] [39;1msnarkJS[0m: betaTauG1: fft 21 join  20/21  1/2 29/32
[36;22m[DEBUG] [39;1msnarkJS[0m: betaTauG1: fft 21 join  20/21  1/2 7/32
[36;22m[DEBUG] [39;1msnarkJS[0m: betaTauG1: fft 21 join  20/21  1/2 18/32
[36;22m[DEBUG] [39;1msnarkJS[0m: betaTauG1: fft 21 join  20/21  1/2 1/32
[36;22m[DEBUG] [39;1msnarkJS[0m: betaTauG1: fft 21 join  20/21  1/2 31/32
[36;22m[DEBUG] [39;1msnarkJS[0m: betaTauG1: fft 21 join  20/21  1/2 9/32
[36;22m[DEBUG] [39;1msnarkJS[0m: betaTauG1: fft 21 join  20/21  1/2 0/32
[36;22m[DEBUG] [39;1msnarkJS[0m: betaTauG1: fft 21 join  20/21  1/2 10/32
[36;22m[DEBUG] [39;1msnarkJS[0m: betaTauG1: fft 21 join  20/21  1/2 15/32
[36;22m[DEBUG] [39;1msnarkJS[0m: betaTauG1: fft 21 join  20/21  1/2 20/32
[36;22m[DEBUG] [39;1msnarkJS[0m: betaTauG1: fft 21 join  20/21  1/2 13/32
[36;22m[DEBUG] [39;1msnarkJS[0m: betaTauG1: fft 21 join  20/21  1/2 14/32
[36;22m[DEBUG] [39;1msnarkJS[0m: betaTauG1: fft 21 join  20/21  1/2 16/32
[36;22m[DEBUG] [39;1msnarkJS[0m: betaTauG1: fft 21 join  20/21  1/2 17/32
[36;22m[DEBUG] [39;1msnarkJS[0m: betaTauG1: fft 21 join  20/21  1/2 19/32
[36;22m[DEBUG] [39;1msnarkJS[0m: betaTauG1: fft 21 join  20/21  1/2 24/32
[36;22m[DEBUG] [39;1msnarkJS[0m: betaTauG1: fft 21 join  20/21  1/2 25/32
[36;22m[DEBUG] [39;1msnarkJS[0m: betaTauG1: fft 21 join  20/21  1/2 26/32
[36;22m[DEBUG] [39;1msnarkJS[0m: betaTauG1: fft 21 join  20/21  1/2 27/32
[36;22m[DEBUG] [39;1msnarkJS[0m: betaTauG1: fft 21 join  20/21  1/2 5/32
[36;22m[DEBUG] [39;1msnarkJS[0m: betaTauG1: fft 21 join  20/21  1/2 11/32
[36;22m[DEBUG] [39;1msnarkJS[0m: betaTauG1: fft 21 join  20/21  1/2 23/32
[36;22m[DEBUG] [39;1msnarkJS[0m: betaTauG1: fft 21 join  20/21  1/2 6/32
[36;22m[DEBUG] [39;1msnarkJS[0m: betaTauG1: fft 21 join  20/21  1/2 22/32
[36;22m[DEBUG] [39;1msnarkJS[0m: betaTauG1: fft 21 join  20/21  2/2 1/32
[36;22m[DEBUG] [39;1msnarkJS[0m: betaTauG1: fft 21 join  20/21  2/2 2/32
[36;22m[DEBUG] [39;1msnarkJS[0m: betaTauG1: fft 21 join  20/21  2/2 4/32
[36;22m[DEBUG] [39;1msnarkJS[0m: betaTauG1: fft 21 join  20/21  2/2 3/32
[36;22m[DEBUG] [39;1msnarkJS[0m: betaTauG1: fft 21 join  20/21  2/2 5/32
[36;22m[DEBUG] [39;1msnarkJS[0m: betaTauG1: fft 21 join  20/21  2/2 6/32
[36;22m[DEBUG] [39;1msnarkJS[0m: betaTauG1: fft 21 join  20/21  2/2 7/32
[36;22m[DEBUG] [39;1msnarkJS[0m: betaTauG1: fft 21 join  20/21  2/2 8/32
[36;22m[DEBUG] [39;1msnarkJS[0m: betaTauG1: fft 21 join  20/21  2/2 9/32
[36;22m[DEBUG] [39;1msnarkJS[0m: betaTauG1: fft 21 join  20/21  2/2 11/32
[36;22m[DEBUG] [39;1msnarkJS[0m: betaTauG1: fft 21 join  20/21  2/2 12/32
[36;22m[DEBUG] [39;1msnarkJS[0m: betaTauG1: fft 21 join  20/21  2/2 0/32
[36;22m[DEBUG] [39;1msnarkJS[0m: betaTauG1: fft 21 join  20/21  2/2 13/32
[36;22m[DEBUG] [39;1msnarkJS[0m: betaTauG1: fft 21 join  20/21  2/2 10/32
[36;22m[DEBUG] [39;1msnarkJS[0m: betaTauG1: fft 21 join  20/21  2/2 15/32
[36;22m[DEBUG] [39;1msnarkJS[0m: betaTauG1: fft 21 join  20/21  2/2 21/32
[36;22m[DEBUG] [39;1msnarkJS[0m: betaTauG1: fft 21 join  20/21  2/2 23/32
[36;22m[DEBUG] [39;1msnarkJS[0m: betaTauG1: fft 21 join  20/21  2/2 26/32
[36;22m[DEBUG] [39;1msnarkJS[0m: betaTauG1: fft 21 join  20/21  2/2 24/32
[36;22m[DEBUG] [39;1msnarkJS[0m: betaTauG1: fft 21 join  20/21  2/2 25/32
[36;22m[DEBUG] [39;1msnarkJS[0m: betaTauG1: fft 21 join  20/21  2/2 19/32
[36;22m[DEBUG] [39;1msnarkJS[0m: betaTauG1: fft 21 join  20/21  2/2 27/32
[36;22m[DEBUG] [39;1msnarkJS[0m: betaTauG1: fft 21 join  20/21  2/2 17/32
[36;22m[DEBUG] [39;1msnarkJS[0m: betaTauG1: fft 21 join  20/21  2/2 29/32
[36;22m[DEBUG] [39;1msnarkJS[0m: betaTauG1: fft 21 join  20/21  2/2 14/32
[36;22m[DEBUG] [39;1msnarkJS[0m: betaTauG1: fft 21 join  20/21  2/2 22/32
[36;22m[DEBUG] [39;1msnarkJS[0m: betaTauG1: fft 21 join  20/21  2/2 18/32
[36;22m[DEBUG] [39;1msnarkJS[0m: betaTauG1: fft 21 join  20/21  2/2 28/32
[36;22m[DEBUG] [39;1msnarkJS[0m: betaTauG1: fft 21 join  20/21  2/2 16/32
[36;22m[DEBUG] [39;1msnarkJS[0m: betaTauG1: fft 21 join  20/21  2/2 30/32
[36;22m[DEBUG] [39;1msnarkJS[0m: betaTauG1: fft 21 join  20/21  2/2 20/32
[36;22m[DEBUG] [39;1msnarkJS[0m: betaTauG1: fft 21 join  20/21  2/2 31/32
[36;22m[DEBUG] [39;1msnarkJS[0m: betaTauG1: fft  21  join: 21/21
[36;22m[DEBUG] [39;1msnarkJS[0m: betaTauG1: fft 21 join  21/21  1/1 12/64
[36;22m[DEBUG] [39;1msnarkJS[0m: betaTauG1: fft 21 join  21/21  1/1 4/64
[36;22m[DEBUG] [39;1msnarkJS[0m: betaTauG1: fft 21 join  21/21  1/1 8/64
[36;22m[DEBUG] [39;1msnarkJS[0m: betaTauG1: fft 21 join  21/21  1/1 2/64
[36;22m[DEBUG] [39;1msnarkJS[0m: betaTauG1: fft 21 join  21/21  1/1 21/64
[36;22m[DEBUG] [39;1msnarkJS[0m: betaTauG1: fft 21 join  21/21  1/1 11/64
[36;22m[DEBUG] [39;1msnarkJS[0m: betaTauG1: fft 21 join  21/21  1/1 0/64
[36;22m[DEBUG] [39;1msnarkJS[0m: betaTauG1: fft 21 join  21/21  1/1 13/64
[36;22m[DEBUG] [39;1msnarkJS[0m: betaTauG1: fft 21 join  21/21  1/1 28/64
[36;22m[DEBUG] [39;1msnarkJS[0m: betaTauG1: fft 21 join  21/21  1/1 14/64
[36;22m[DEBUG] [39;1msnarkJS[0m: betaTauG1: fft 21 join  21/21  1/1 1/64
[36;22m[DEBUG] [39;1msnarkJS[0m: betaTauG1: fft 21 join  21/21  1/1 23/64
[36;22m[DEBUG] [39;1msnarkJS[0m: betaTauG1: fft 21 join  21/21  1/1 5/64
[36;22m[DEBUG] [39;1msnarkJS[0m: betaTauG1: fft 21 join  21/21  1/1 31/64
[36;22m[DEBUG] [39;1msnarkJS[0m: betaTauG1: fft 21 join  21/21  1/1 16/64
[36;22m[DEBUG] [39;1msnarkJS[0m: betaTauG1: fft 21 join  21/21  1/1 6/64
[36;22m[DEBUG] [39;1msnarkJS[0m: betaTauG1: fft 21 join  21/21  1/1 7/64
[36;22m[DEBUG] [39;1msnarkJS[0m: betaTauG1: fft 21 join  21/21  1/1 10/64
[36;22m[DEBUG] [39;1msnarkJS[0m: betaTauG1: fft 21 join  21/21  1/1 9/64
[36;22m[DEBUG] [39;1msnarkJS[0m: betaTauG1: fft 21 join  21/21  1/1 20/64
[36;22m[DEBUG] [39;1msnarkJS[0m: betaTauG1: fft 21 join  21/21  1/1 29/64
[36;22m[DEBUG] [39;1msnarkJS[0m: betaTauG1: fft 21 join  21/21  1/1 26/64
[36;22m[DEBUG] [39;1msnarkJS[0m: betaTauG1: fft 21 join  21/21  1/1 27/64
[36;22m[DEBUG] [39;1msnarkJS[0m: betaTauG1: fft 21 join  21/21  1/1 18/64
[36;22m[DEBUG] [39;1msnarkJS[0m: betaTauG1: fft 21 join  21/21  1/1 24/64
[36;22m[DEBUG] [39;1msnarkJS[0m: betaTauG1: fft 21 join  21/21  1/1 3/64
[36;22m[DEBUG] [39;1msnarkJS[0m: betaTauG1: fft 21 join  21/21  1/1 19/64
[36;22m[DEBUG] [39;1msnarkJS[0m: betaTauG1: fft 21 join  21/21  1/1 25/64
[36;22m[DEBUG] [39;1msnarkJS[0m: betaTauG1: fft 21 join  21/21  1/1 17/64
[36;22m[DEBUG] [39;1msnarkJS[0m: betaTauG1: fft 21 join  21/21  1/1 30/64
[36;22m[DEBUG] [39;1msnarkJS[0m: betaTauG1: fft 21 join  21/21  1/1 15/64
[36;22m[DEBUG] [39;1msnarkJS[0m: betaTauG1: fft 21 join  21/21  1/1 22/64
[36;22m[DEBUG] [39;1msnarkJS[0m: betaTauG1: fft 21 join  21/21  1/1 32/64
[36;22m[DEBUG] [39;1msnarkJS[0m: betaTauG1: fft 21 join  21/21  1/1 36/64
[36;22m[DEBUG] [39;1msnarkJS[0m: betaTauG1: fft 21 join  21/21  1/1 35/64
[36;22m[DEBUG] [39;1msnarkJS[0m: betaTauG1: fft 21 join  21/21  1/1 38/64
[36;22m[DEBUG] [39;1msnarkJS[0m: betaTauG1: fft 21 join  21/21  1/1 34/64
[36;22m[DEBUG] [39;1msnarkJS[0m: betaTauG1: fft 21 join  21/21  1/1 37/64
[36;22m[DEBUG] [39;1msnarkJS[0m: betaTauG1: fft 21 join  21/21  1/1 39/64
[36;22m[DEBUG] [39;1msnarkJS[0m: betaTauG1: fft 21 join  21/21  1/1 41/64
[36;22m[DEBUG] [39;1msnarkJS[0m: betaTauG1: fft 21 join  21/21  1/1 33/64
[36;22m[DEBUG] [39;1msnarkJS[0m: betaTauG1: fft 21 join  21/21  1/1 40/64
[36;22m[DEBUG] [39;1msnarkJS[0m: betaTauG1: fft 21 join  21/21  1/1 43/64
[36;22m[DEBUG] [39;1msnarkJS[0m: betaTauG1: fft 21 join  21/21  1/1 46/64
[36;22m[DEBUG] [39;1msnarkJS[0m: betaTauG1: fft 21 join  21/21  1/1 45/64
[36;22m[DEBUG] [39;1msnarkJS[0m: betaTauG1: fft 21 join  21/21  1/1 53/64
[36;22m[DEBUG] [39;1msnarkJS[0m: betaTauG1: fft 21 join  21/21  1/1 61/64
[36;22m[DEBUG] [39;1msnarkJS[0m: betaTauG1: fft 21 join  21/21  1/1 42/64
[36;22m[DEBUG] [39;1msnarkJS[0m: betaTauG1: fft 21 join  21/21  1/1 48/64
[36;22m[DEBUG] [39;1msnarkJS[0m: betaTauG1: fft 21 join  21/21  1/1 50/64
[36;22m[DEBUG] [39;1msnarkJS[0m: betaTauG1: fft 21 join  21/21  1/1 54/64
[36;22m[DEBUG] [39;1msnarkJS[0m: betaTauG1: fft 21 join  21/21  1/1 52/64
[36;22m[DEBUG] [39;1msnarkJS[0m: betaTauG1: fft 21 join  21/21  1/1 44/64
[36;22m[DEBUG] [39;1msnarkJS[0m: betaTauG1: fft 21 join  21/21  1/1 51/64
[36;22m[DEBUG] [39;1msnarkJS[0m: betaTauG1: fft 21 join  21/21  1/1 62/64
[36;22m[DEBUG] [39;1msnarkJS[0m: betaTauG1: fft 21 join  21/21  1/1 56/64
[36;22m[DEBUG] [39;1msnarkJS[0m: betaTauG1: fft 21 join  21/21  1/1 60/64
[36;22m[DEBUG] [39;1msnarkJS[0m: betaTauG1: fft 21 join  21/21  1/1 57/64
[36;22m[DEBUG] [39;1msnarkJS[0m: betaTauG1: fft 21 join  21/21  1/1 59/64
[36;22m[DEBUG] [39;1msnarkJS[0m: betaTauG1: fft 21 join  21/21  1/1 49/64
[36;22m[DEBUG] [39;1msnarkJS[0m: betaTauG1: fft 21 join  21/21  1/1 47/64
[36;22m[DEBUG] [39;1msnarkJS[0m: betaTauG1: fft 21 join  21/21  1/1 55/64
[36;22m[DEBUG] [39;1msnarkJS[0m: betaTauG1: fft 21 join  21/21  1/1 58/64
[36;22m[DEBUG] [39;1msnarkJS[0m: betaTauG1: fft 21 join  21/21  1/1 63/64
