size,phase,step,group,rep,prover,cmd,ok,returncode,scope,wall_s,cpu_user_s,cpu_sys_s,cpu_total_s,cpu_pct_of_core,cpu_pct_of_machine,rss_peak_bytes,rss_mean_bytes,io_read_bytes,io_write_bytes,io_rchar_bytes,io_wchar_bytes,io_read_mb_per_s,io_write_mb_per_s,sys_cpu_busy_s,sys_cpu_iowait_s,sys_mem_used_peak_bytes,sys_mem_used_delta_bytes,sys_read_bytes,sys_write_bytes,n_samples,samples_file,log_file
1,env,ptau_new,ptau,1,,snarkjs powersoftau new bn128 8 pot8_0000.ptau -v,True,0,process,2.7248434509992876,1.058336,0.607062,1.665398,61.11903417384382,3.819939635865239,301621248.0,75441388.3076923,50290688.0,0.0,4248188.0,108405.0,17.60135522002601,0.0,2.089999999995598,0.14000000000000057,1235546112.0,27852800.0,50806784.0,16384.0,28,raw/samples/n1_ptau_new_r1.csv,logs/n1_ptau_new_r1.log
1,env,ptau_contribute_1,ptau,1,,"snarkjs powersoftau contribute pot8_0000.ptau pot8_0001.ptau --name=""First contribution"" -v -e=""some random text""",True,0,process,2.6235902440002974,1.603336,0.5532730000000001,2.1566090000000004,82.2006792002599,5.137542450016244,253857792.0,82014863.36,0.0,0.0,4312484.0,2991.0,0.0,0.0,3.540000000008149,0.0,1208303616.0,-401408.0,253952.0,0.0,28,raw/samples/n1_ptau_contribute_1_r1.csv,logs/n1_ptau_contribute_1_r1.log
1,env,ptau_contribute_2,ptau,1,,"snarkjs powersoftau contribute pot8_0001.ptau pot8_0002.ptau --name=""Second contribution"" -v -e=""some random text""",True,0,process,2.4703214609999122,1.4602050000000002,0.45950599999999975,1.919711,77.71097933233995,4.856936208271247,213708800.0,76109994.66666667,0.0,0.0,4264188.0,110517.0,0.0,0.0,2.3500000000058208,0.0,1167171584.0,10354688.0,0.0,0.0,26,raw/samples/n1_ptau_contribute_2_r1.csv,logs/n1_ptau_contribute_2_r1.log
1,env,ptau_export_challenge,ptau,1,,snarkjs powersoftau export challenge pot8_0002.ptau challenge_0003,True,0,process,2.348213510000278,0.8980359999999994,0.4996400000000003,1.3976759999999997,59.52082270405788,3.7200514190036174,192077824.0,71293729.39130434,0.0,0.0,4311652.0,101854.0,0.0,0.0,1.959999999991851,0.0,1147731968.0,24272896.0,0.0,24576.0,25,raw/samples/n1_ptau_export_challenge_r1.csv,logs/n1_ptau_export_challenge_r1.log
1,env,ptau_challenge_contribute,ptau,1,,"snarkjs powersoftau challenge contribute bn128 challenge_0003 response_0003 -e=""some random text""",True,0,process,2.451333732000421,1.5560970000000003,0.3829279999999997,1.939025,79.10081661617126,4.943801038510704,213950464.0,76240384.0,0.0,0.0,4378369.0,55783.0,0.0,0.0,2.6900000000023283,0.0,1161863168.0,-6750208.0,0.0,0.0,26,raw/samples/n1_ptau_challenge_contribute_r1.csv,logs/n1_ptau_challenge_contribute_r1.log
1,env,ptau_import_response,ptau,1,,"snarkjs powersoftau import response pot8_0002.ptau response_0003 pot8_0003.ptau -n=""Third contribution""",True,0,process,2.4090383190005014,1.1021100000000006,0.4361670000000002,1.5382770000000008,63.85440147910244,3.9909000924439026,205893632.0,70316032.0,0.0,0.0,4232615.0,1412.0,0.0,0.0,2.5599999999976717,0.0,1155719168.0,11239424.0,0.0,0.0,25,raw/samples/n1_ptau_import_response_r1.csv,logs/n1_ptau_import_response_r1.log
1,env,ptau_verify,ptau,1,,snarkjs powersoftau verify pot8_0003.ptau,True,0,process,2.66122664500017,1.3007349999999995,0.48284600000000033,1.7835809999999999,67.02101090679129,4.188813181674456,279347200.0,89527374.76923077,0.0,0.0,4285225.0,7479.0,0.0,0.0,2.2600000000093132,0.0,1229611008.0,19886080.0,0.0,24576.0,28,raw/samples/n1_ptau_verify_r1.csv,logs/n1_ptau_verify_r1.log
1,env,ptau_beacon,ptau,1,,"snarkjs powersoftau beacon pot8_0003.ptau pot8_beacon.ptau 0102030405060708090a0b0c0d0e0f101112131015161718191a1b1c1d1e1f 10 -n=""Final Beacon""",True,0,process,2.447077363000062,1.5010359999999991,0.4580429999999991,1.9590789999999982,80.05791029010261,5.003619393131413,214519808.0,74847573.33333333,81920.0,0.0,4455185.0,143750.0,0.03192583985339168,0.0,2.4899999999906868,0.0,1163976704.0,-19755008.0,81920.0,0.0,26,raw/samples/n1_ptau_beacon_r1.csv,logs/n1_ptau_beacon_r1.log
1,env,ptau_prepare_phase2,ptau,1,,snarkjs powersoftau prepare phase2 pot8_beacon.ptau pot8_final.ptau -v,True,0,process,3.139343583000482,4.714529000000001,0.44433700000000087,5.1588660000000015,164.32944861260856,10.270590538288035,220749824.0,104946522.83870968,0.0,0.0,4425080.0,630960.0,0.0,0.0,6.010000000009313,0.0,1168465920.0,21618688.0,0.0,0.0,33,raw/samples/n1_ptau_prepare_phase2_r1.csv,logs/n1_ptau_prepare_phase2_r1.log
1,env,ptau_verify_final,ptau,1,,snarkjs powersoftau verify pot8_final.ptau,True,0,process,3.038602114999776,2.314482,0.7512629999999998,3.0657449999999997,100.89326881154447,6.30582930072153,279695360.0,106708850.7586207,0.0,0.0,4806188.0,106238.0,0.0,0.0,4.25,0.0,1229275136.0,11415552.0,0.0,0.0,32,raw/samples/n1_ptau_verify_final_r1.csv,logs/n1_ptau_verify_final_r1.log
1,env,circom_compile,compile,1,,circom --r1cs --wasm --sym --inspect circuit.circom,True,0,process,0.15441954899961274,0.021598000000000894,0.021598000000000006,0.0431960000000009,27.973142182994735,1.748321386437171,8830976.0,8830976.0,5537792.0,0.0,26366.0,0.0,34.200656809412415,0.0,0.13000000000374712,0.030000000000001137,1016504320.0,-9125888.0,8032256.0,0.0,3,raw/samples/n1_circom_compile_r1.csv,logs/n1_circom_compile_r1.log
1,env,r1cs_info,compile,1,,snarkjs r1cs info circuit.r1cs,True,0,process,2.3591628450003554,0.9127559999999981,0.4006999999999996,1.3134559999999977,55.67466454397301,3.479666533998313,213368832.0,70544873.73913044,0.0,0.0,4240353.0,1460.0,0.0,0.0,2.0,0.0,1159299072.0,14802944.0,0.0,0.0,25,raw/samples/n1_r1cs_info_r1.csv,logs/n1_r1cs_info_r1.log
1,env,r1cs_export_json,compile,1,,snarkjs r1cs export json circuit.r1cs circuit.r1cs.json,True,0,process,2.944894088000183,0.4789670000000008,0.24922500000000003,0.7281920000000008,24.727272976207477,1.5454545610129673,89329664.0,70407980.13793103,0.0,0.0,3269210.0,392.0,0.0,0.0,1.3299999999871943,0.0,1047719936.0,-20275200.0,0.0,20480.0,31,raw/samples/n1_r1cs_export_json_r1.csv,logs/n1_r1cs_export_json_r1.log
1,env,zkey_setup,zkey,1,,snarkjs groth16 setup circuit.r1cs pot8_final.ptau circuit_0000.zkey,True,0,process,2.4530367650004337,1.0610140000000001,0.43418899999999994,1.495203,60.95314270594455,3.8095714191215344,211976192.0,75828053.33333333,0.0,0.0,4512932.0,601289.0,0.0,0.0,2.1200000000098953,0.0,1163726848.0,28413952.0,0.0,0.0,26,raw/samples/n1_zkey_setup_r1.csv,logs/n1_zkey_setup_r1.log
1,env,zkey_contribute_1,zkey,1,,"snarkjs zkey contribute circuit_0000.zkey circuit_0001.zkey --name=""1st Contributor"" -v -e=""some random text""",True,0,process,2.401962199999616,1.0377340000000004,0.3887980000000004,1.4265320000000008,59.39027683284228,3.7118923020526426,210849792.0,70573723.82608695,0.0,0.0,4219579.0,1420.0,0.0,0.0,2.470000000001164,0.0,1162383360.0,3698688.0,0.0,0.0,25,raw/samples/n1_zkey_contribute_1_r1.csv,logs/n1_zkey_contribute_1_r1.log
1,env,zkey_contribute_2,zkey,1,,"snarkjs zkey contribute circuit_0001.zkey circuit_0002.zkey --name=""2nd Contributor"" -v -e=""some random text""",True,0,process,2.426582027999757,1.0300779999999996,0.4298919999999997,1.4599699999999993,60.16569739467903,3.7603560871674393,202969088.0,70316210.08695652,0.0,0.0,4193797.0,1092.0,0.0,0.0,2.1199999999953434,0.0,1153818624.0,18231296.0,0.0,0.0,26,raw/samples/n1_zkey_contribute_2_r1.csv,logs/n1_zkey_contribute_2_r1.log
1,env,zkey_export_bellman,zkey,1,,snarkjs zkey export bellman circuit_0002.zkey challenge_phase2_0003,True,0,process,2.408739344999958,1.1978590000000011,0.4304460000000008,1.628305000000002,67.59988387203558,4.2249927420022235,208322560.0,70517092.17391305,0.0,0.0,4231682.0,1532.0,0.0,0.0,2.2400000000052387,0.0,1161551872.0,15499264.0,0.0,0.0,25,raw/samples/n1_zkey_export_bellman_r1.csv,logs/n1_zkey_export_bellman_r1.log
1,env,zkey_bellman_contribute,zkey,1,,"snarkjs zkey bellman contribute bn128 challenge_phase2_0003 response_phase2_0003 -e=""some random text""",True,0,process,2.392800116000217,0.9761819999999979,0.46038899999999927,1.4365709999999972,60.0372337995936,3.7523271124746,215670784.0,70752701.2173913,0.0,0.0,4215762.0,1436.0,0.0,0.0,1.9700000000011642,0.0,1163603968.0,22360064.0,0.0,0.0,25,raw/samples/n1_zkey_bellman_contribute_r1.csv,logs/n1_zkey_bellman_contribute_r1.log
1,env,zkey_import_bellman,zkey,1,,"snarkjs zkey import bellman circuit_0002.zkey response_phase2_0003 circuit_0003.zkey -n=""Third contribution""",True,0,process,2.391326038000443,1.2312290000000026,0.4548179999999995,1.686047000000002,70.50678047272154,4.4066737795450965,211333120.0,71680534.26086956,0.0,0.0,4371958.0,22172.0,0.0,0.0,2.7299999999959255,0.0,1163546624.0,1294336.0,0.0,0.0,25,raw/samples/n1_zkey_import_bellman_r1.csv,logs/n1_zkey_import_bellman_r1.log
1,env,zkey_verify,zkey,1,,snarkjs zkey verify circuit.r1cs pot8_final.ptau circuit_0003.zkey,True,0,process,2.537493361000088,1.148579999999999,0.45664700000000025,1.6052269999999993,63.260342851393325,3.953771428212083,225574912.0,78937948.16,0.0,0.0,4734902.0,9859.0,0.0,0.0,2.1199999999953434,0.0,1184706560.0,-5513216.0,0.0,0.0,27,raw/samples/n1_zkey_verify_r1.csv,logs/n1_zkey_verify_r1.log
1,env,zkey_beacon,zkey,1,,"snarkjs zkey beacon circuit_0003.zkey circuit_final.zkey 0102030405060708090a0b0c0d0e0f101112131515161718191a1b1c1d1e1f 10 -n=""Final Beacon phase2""",True,0,process,2.367735628000446,1.0628649999999986,0.3651119999999999,1.4279769999999985,60.30981597408853,3.769363498380533,215015424.0,74053364.86956522,0.0,0.0,4341417.0,54964.0,0.0,0.0,2.0200000000040745,0.0,1169436672.0,-5738496.0,0.0,0.0,25,raw/samples/n1_zkey_beacon_r1.csv,logs/n1_zkey_beacon_r1.log
1,env,zkey_verify_final,zkey,1,,snarkjs zkey verify circuit.r1cs pot8_final.ptau circuit_final.zkey,True,0,process,2.5551542670000345,1.2394099999999995,0.47494299999999967,1.7143529999999991,67.09391374685151,4.1933696091782195,232337408.0,83013304.32,0.0,0.0,4765054.0,9277.0,0.0,0.0,2.25,0.0,1185394688.0,13598720.0,0.0,0.0,27,raw/samples/n1_zkey_verify_final_r1.csv,logs/n1_zkey_verify_final_r1.log
1,env,zkey_export_vkey,zkey,1,,snarkjs zkey export verificationkey circuit_final.zkey verification_key.json,True,0,process,3.1102949859996443,0.9122380000000021,0.5291200000000007,1.4413580000000028,46.34152086821285,2.896345054263303,213250048.0,102958694.4,0.0,0.0,4444730.0,1734.0,0.0,0.0,2.710000000006403,0.0,1165950976.0,2232320.0,0.0,0.0,32,raw/samples/n1_zkey_export_vkey_r1.csv,logs/n1_zkey_export_vkey_r1.log
1,env,zkey_export_verifier,zkey,1,,snarkjs zkey export solidityverifier circuit_final.zkey verifier.sol,True,0,process,2.3915743899997324,0.8782740000000011,0.41247399999999956,1.2907480000000007,53.97063981773718,3.3731649886085737,207290368.0,70668109.91304348,0.0,0.0,4246669.0,1152.0,0.0,0.0,1.8799999999901047,0.0,1157083136.0,16003072.0,0.0,0.0,25,raw/samples/n1_zkey_export_verifier_r1.csv,logs/n1_zkey_export_verifier_r1.log
1,prove,fullprove_snarkjs,prove,1,snarkjs,snarkjs groth16 fullprove input.json circuit_js/circuit.wasm circuit_final.zkey proof.json public.json,True,0,process,3.114181386999917,1.0852460000000015,0.4565619999999999,1.5418080000000014,49.509254869875136,3.094328429367196,219668480.0,104722295.46666667,0.0,0.0,4451706.0,11108.0,0.0,0.0,2.320000000006985,0.0,1172213760.0,-6545408.0,0.0,0.0,32,raw/samples/n1_fullprove_snarkjs_r1.csv,logs/n1_fullprove_snarkjs_r1.log
1,prove,fullprove_snarkjs,prove,2,snarkjs,snarkjs groth16 fullprove input.json circuit_js/circuit.wasm circuit_final.zkey proof.json public.json,True,0,process,3.1852571240006,1.0450559999999953,0.5029390000000014,1.5479949999999967,48.59874539910785,3.0374215874442405,219774976.0,105528286.96774194,0.0,0.0,4478153.0,11108.0,0.0,0.0,2.8500000000058208,0.0,1173925888.0,17416192.0,0.0,0.0,33,raw/samples/n1_fullprove_snarkjs_r2.csv,logs/n1_fullprove_snarkjs_r2.log
1,verify,verify_snarkjs,verify,1,snarkjs,snarkjs groth16 verify verification_key.json public.json proof.json,True,0,process,2.40013903199997,0.8824070000000006,0.45528299999999966,1.3376900000000003,55.733854671132946,3.483365916945809,207073280.0,70202056.3478261,0.0,0.0,4165559.0,1076.0,0.0,0.0,2.0,0.0,1155899392.0,34852864.0,0.0,0.0,25,raw/samples/n1_verify_snarkjs_r1.csv,logs/n1_verify_snarkjs_r1.log
1,verify,verify_snarkjs,verify,2,snarkjs,snarkjs groth16 verify verification_key.json public.json proof.json,True,0,process,2.3437065719999737,0.9293070000000014,0.45578899999999933,1.3850960000000008,59.098524386439976,3.6936577741524985,162201600.0,70731152.69565217,0.0,0.0,4282106.0,5892.0,0.0,0.0,2.0,0.0,1135824896.0,35672064.0,0.0,0.0,25,raw/samples/n1_verify_snarkjs_r2.csv,logs/n1_verify_snarkjs_r2.log
1,prove,witness_rapidsnark,prove,1,rapidsnark,snarkjs wtns calculate circuit_js/circuit.wasm input.json witness.wtns,True,0,process,2.15562526299982,0.1854900000000015,0.18466100000000019,0.3701510000000017,17.171398310896148,1.0732123944310092,67170304.0,62482919.61904762,0.0,0.0,3061097.0,148.0,0.0,0.0,1.2000000000116415,0.0,1031323648.0,3817472.0,0.0,0.0,23,raw/samples/n1_witness_rapidsnark_r1.csv,logs/n1_witness_rapidsnark_r1.log
1,prove,prove_rapidsnark,prove,1,rapidsnark,docker exec debian_rapidsnark mnt/projet/rapidsnark/package/bin/prover mnt/projet/1/circuit_final.zkey mnt/projet/1/witness.wtns mnt/projet/1/proof.json mnt/projet/1/public.json,True,0,system,0.15440506000049936,0.01211399999999685,0.008618999999999488,0.1899999999877764,123.05296211611324,7.690810132257077,24510464.0,24510464.0,253952.0,0.0,12965.0,1000.0,1.568520487600709,0.0,0.1899999999877764,0.0,1022046208.0,45056.0,253952.0,0.0,3,raw/samples/n1_prove_rapidsnark_r1.csv,logs/n1_prove_rapidsnark_r1.log
1,prove,witness_rapidsnark,prove,2,rapidsnark,snarkjs wtns calculate circuit_js/circuit.wasm input.json witness.wtns,True,0,process,2.156698724999842,0.1686990000000037,0.19661600000000057,0.3653150000000043,16.938619927084673,1.058663745442792,67411968.0,62549820.952380955,0.0,0.0,3053495.0,148.0,0.0,0.0,0.8700000000098953,0.0,1034883072.0,4091904.0,0.0,0.0,23,raw/samples/n1_witness_rapidsnark_r2.csv,logs/n1_witness_rapidsnark_r2.log
1,prove,prove_rapidsnark,prove,2,rapidsnark,docker exec debian_rapidsnark mnt/projet/rapidsnark/package/bin/prover mnt/projet/1/circuit_final.zkey mnt/projet/1/witness.wtns mnt/projet/1/proof.json mnt/projet/1/public.json,True,0,system,0.12639543499972206,0.004810999999996568,0.012406000000000361,0.16999999999825377,134.4985283674427,8.406158022965169,23986176.0,23986176.0,0.0,0.0,12965.0,1000.0,0.0,0.0,0.16999999999825377,0.0,1020129280.0,1761280.0,0.0,0.0,3,raw/samples/n1_prove_rapidsnark_r2.csv,logs/n1_prove_rapidsnark_r2.log
1,verify,verify_rapidsnark,verify,1,rapidsnark,snarkjs groth16 verify verification_key.json public.json proof.json,True,0,process,2.426856472000509,0.9793039999999991,0.4994329999999998,1.4787369999999989,60.932198383410984,3.8082623989631865,182046720.0,69009942.26086956,0.0,0.0,4134843.0,508.0,0.0,0.0,2.1199999999953434,0.0,1135222784.0,23261184.0,0.0,12288.0,26,raw/samples/n1_verify_rapidsnark_r1.csv,logs/n1_verify_rapidsnark_r1.log
1,verify,verify_rapidsnark,verify,2,rapidsnark,snarkjs groth16 verify verification_key.json public.json proof.json,True,0,process,2.415104390000124,1.032315000000004,0.44570500000000024,1.4780200000000043,61.19901094626922,3.824938184141826,196849664.0,69572697.04347827,0.0,0.0,4106657.0,588.0,0.0,0.0,2.430000000007567,0.0,1147654144.0,20905984.0,0.0,0.0,25,raw/samples/n1_verify_rapidsnark_r2.csv,logs/n1_verify_rapidsnark_r2.log
2,env,ptau_new,ptau,1,,snarkjs powersoftau new bn128 9 pot9_0000.ptau -v,True,0,process,2.4479399729998477,1.0058969999999974,0.49219499999999883,1.4980919999999962,61.198069255111164,3.824879328444448,238702592.0,80819712.0,0.0,0.0,4183914.0,215636.0,0.0,0.0,2.0900000000110595,0.0,1192525824.0,26320896.0,0.0,12288.0,26,raw/samples/n2_ptau_new_r1.csv,logs/n2_ptau_new_r1.log
2,env,ptau_contribute_1,ptau,1,,"snarkjs powersoftau contribute pot9_0000.ptau pot9_0001.ptau --name=""First contribution"" -v -e=""some random text""",True,0,process,2.5873076319994652,2.3198429999999988,0.48027200000000114,2.800115,108.22505083541525,6.764065677213453,255291392.0,86117089.28,0.0,0.0,4412222.0,152087.0,0.0,0.0,4.0,0.0,1207230464.0,-446464.0,0.0,0.0,27,raw/samples/n2_ptau_contribute_1_r1.csv,logs/n2_ptau_contribute_1_r1.log
2,env,ptau_contribute_2,ptau,1,,"snarkjs powersoftau contribute pot9_0001.ptau pot9_0002.ptau --name=""Second contribution"" -v -e=""some random text""",True,0,process,2.42628103899915,2.111981,0.35595399999999877,2.467934999999999,101.71678220005509,6.357298887503443,217387008.0,75713847.6521739,0.0,0.0,4461908.0,76411.0,0.0,0.0,3.1200000000044383,0.00999999999999801,1164673024.0,4001792.0,0.0,24576.0,26,raw/samples/n2_ptau_contribute_2_r1.csv,logs/n2_ptau_contribute_2_r1.log
2,env,ptau_export_challenge,ptau,1,,snarkjs powersoftau export challenge pot9_0002.ptau challenge_0003,True,0,process,2.3625445339994258,0.9416250000000019,0.46876299999999915,1.410388000000001,59.69783763662776,3.731114852289235,217268224.0,72258604.52173913,0.0,0.0,4422979.0,68094.0,0.0,0.0,1.9799999999959255,0.0,1165615104.0,19283968.0,0.0,0.0,25,raw/samples/n2_ptau_export_challenge_r1.csv,logs/n2_ptau_export_challenge_r1.log
2,env,ptau_challenge_contribute,ptau,1,,"snarkjs powersoftau challenge contribute bn128 challenge_0003 response_0003 -e=""some random text""",True,0,process,2.445908806999796,2.2837260000000015,0.39255600000000257,2.676282000000004,109.41871554413301,6.838669721508313,215773184.0,80570880.0,0.0,0.0,4652051.0,105255.0,0.0,0.0,3.150000000008731,0.0,1165721600.0,65536.0,0.0,0.0,26,raw/samples/n2_ptau_challenge_contribute_r1.csv,logs/n2_ptau_challenge_contribute_r1.log
2,env,ptau_import_response,ptau,1,,"snarkjs powersoftau import response pot9_0002.ptau response_0003 pot9_0003.ptau -n=""Third contribution""",True,0,process,2.362676284000372,1.272833999999996,0.4415680000000002,1.7144019999999962,72.56186603343102,4.5351166270894385,212676608.0,73963074.7826087,0.0,0.0,4462781.0,200746.0,0.0,0.0,2.8500000000058208,0.0,1166888960.0,10903552.0,0.0,0.0,25,raw/samples/n2_ptau_import_response_r1.csv,logs/n2_ptau_import_response_r1.log
2,env,ptau_verify,ptau,1,,snarkjs powersoftau verify pot9_0003.ptau,True,0,process,2.559300587000507,1.2668940000000006,0.4577929999999988,1.7246869999999994,67.38899716431229,4.211812322769518,262340608.0,89100451.84,0.0,0.0,4452888.0,6641.0,0.0,0.0,2.3800000000046566,0.0,1214955520.0,-16953344.0,0.0,0.0,27,raw/samples/n2_ptau_verify_r1.csv,logs/n2_ptau_verify_r1.log
2,env,ptau_beacon,ptau,1,,"snarkjs powersoftau beacon pot9_0003.ptau pot9_beacon.ptau 0102030405060708090a0b0c0d0e0f101112131015161718191a1b1c1d1e1f 10 -n=""Final Beacon""",True,0,process,2.507200422999631,2.1816870000000037,0.4141030000000008,2.5957900000000045,103.53340627209948,6.470837892006218,217767936.0,77326165.33333333,0.0,0.0,4416019.0,76240.0,0.0,0.0,3.039999999993597,0.0,1171066880.0,21319680.0,0.0,0.0,26,raw/samples/n2_ptau_beacon_r1.csv,logs/n2_ptau_beacon_r1.log
2,env,ptau_prepare_phase2,ptau,1,,snarkjs powersoftau prepare phase2 pot9_beacon.ptau pot9_final.ptau -v,True,0,process,3.776108247000593,10.242559,0.4756879999999981,10.718246999999998,283.8437433173063,17.740233957331643,232660992.0,131301818.8108108,0.0,0.0,4656500.0,1001257.0,0.0,0.0,11.880000000004657,0.0,1186476032.0,-3342336.0,0.0,16384.0,39,raw/samples/n2_ptau_prepare_phase2_r1.csv,logs/n2_ptau_prepare_phase2_r1.log
2,env,ptau_verify_final,ptau,1,,snarkjs powersoftau verify pot9_final.ptau,True,0,process,3.018291293999937,2.6041219999999967,0.8328950000000006,3.4370169999999973,113.87293886552452,7.117058679095282,314159104.0,114269501.79310344,0.0,0.0,5363887.0,124886.0,0.0,0.0,4.009999999994761,0.0,1260646400.0,33665024.0,0.0,0.0,31,raw/samples/n2_ptau_verify_final_r1.csv,logs/n2_ptau_verify_final_r1.log
2,env,circom_compile,compile,1,,circom --r1cs --wasm --sym --inspect circuit.circom,True,0,process,0.1361511969998901,0.03224999999999767,0.009215000000001083,0.04146499999999875,30.45511234104848,1.90344452131553,11055104.0,11055104.0,0.0,0.0,30345.0,65488.0,0.0,0.0,0.059999999997671694,0.0,1018273792.0,-13279232.0,0.0,0.0,3,raw/samples/n2_circom_compile_r1.csv,logs/n2_circom_compile_r1.log
2,env,r1cs_info,compile,1,,snarkjs r1cs info circuit.r1cs,True,0,process,2.3363846519996514,0.9317720000000023,0.6925710000000009,1.6243430000000032,69.52378319253938,4.3452364495337115,161902592.0,69673494.26086956,0.0,0.0,4290562.0,2395.0,0.0,0.0,2.1699999999982538,0.0,1112711168.0,30642176.0,0.0,0.0,25,raw/samples/n2_r1cs_info_r1.csv,logs/n2_r1cs_info_r1.log
2,env,r1cs_export_json,compile,1,,snarkjs r1cs export json circuit.r1cs circuit.r1cs.json,True,0,process,2.9470176369995897,0.5384320000000002,0.25090299999999743,0.7893349999999977,26.784196677005077,1.6740122923128173,100589568.0,70498798.34482759,0.0,0.0,3293696.0,38416.0,0.0,0.0,2.1199999999953434,0.0,1065050112.0,-23937024.0,0.0,0.0,31,raw/samples/n2_r1cs_export_json_r1.csv,logs/n2_r1cs_export_json_r1.log
2,env,zkey_setup,zkey,1,,snarkjs groth16 setup circuit.r1cs pot9_final.ptau circuit_0000.zkey,True,0,process,2.4788738289998946,1.0691269999999946,0.397552000000001,1.4666789999999956,59.16715013251519,3.6979468832821993,225550336.0,79000917.33333333,0.0,0.0,4840020.0,398214.0,0.0,0.0,2.430000000007567,0.0,1183232000.0,23273472.0,0.0,0.0,26,raw/samples/n2_zkey_setup_r1.csv,logs/n2_zkey_setup_r1.log
2,env,zkey_contribute_1,zkey,1,,"snarkjs zkey contribute circuit_0000.zkey circuit_0001.zkey --name=""1st Contributor"" -v -e=""some random text""",True,0,process,2.3416258990000642,1.2614650000000012,0.328279000000002,1.5897440000000032,67.89060544123917,4.243162840077448,176328704.0,72608367.30434783,0.0,0.0,4398050.0,226870.0,0.0,0.0,2.1900000000023283,0.0,1130160128.0,14540800.0,0.0,0.0,25,raw/samples/n2_zkey_contribute_1_r1.csv,logs/n2_zkey_contribute_1_r1.log
2,env,zkey_contribute_2,zkey,1,,"snarkjs zkey contribute circuit_0001.zkey circuit_0002.zkey --name=""2nd Contributor"" -v -e=""some random text""",True,0,process,2.3533532900000864,1.1883360000000067,0.3905229999999982,1.578859000000005,67.08975684649316,4.1931098029058225,214482944.0,74604187.82608695,0.0,0.0,4449817.0,235199.0,0.0,0.0,2.150000000008731,0.0,1159987200.0,-6180864.0,0.0,0.0,25,raw/samples/n2_zkey_contribute_2_r1.csv,logs/n2_zkey_contribute_2_r1.log
2,env,zkey_export_bellman,zkey,1,,snarkjs zkey export bellman circuit_0002.zkey challenge_phase2_0003,True,0,process,2.3951671120003084,1.743157999999994,0.41202300000000136,2.1551809999999954,89.98040216910418,5.623775135569011,213184512.0,75526678.26086956,0.0,0.0,4332933.0,3616.0,0.0,0.0,2.789999999993597,0.0,1162248192.0,27156480.0,0.0,0.0,25,raw/samples/n2_zkey_export_bellman_r1.csv,logs/n2_zkey_export_bellman_r1.log
2,env,zkey_bellman_contribute,zkey,1,,"snarkjs zkey bellman contribute bn128 challenge_phase2_0003 response_phase2_0003 -e=""some random text""",True,0,process,2.3701855230001456,1.1552170000000075,0.433408,1.5886250000000075,67.02534399033665,4.189083999396041,216518656.0,72957773.91304348,0.0,0.0,4294780.0,36904.0,0.0,0.0,2.679999999993015,0.0,1170276352.0,7565312.0,0.0,0.0,25,raw/samples/n2_zkey_bellman_contribute_r1.csv,logs/n2_zkey_bellman_contribute_r1.log
2,env,zkey_import_bellman,zkey,1,,"snarkjs zkey import bellman circuit_0002.zkey response_phase2_0003 circuit_0003.zkey -n=""Third contribution""",True,0,process,2.5097633039995344,1.7223749999999995,0.467255999999999,2.1896309999999986,87.24452208344205,5.452782630215128,212307968.0,75263658.66666667,0.0,0.0,4341832.0,49704.0,0.0,0.0,2.7599999999947613,0.0,1166311424.0,-3207168.0,0.0,0.0,26,raw/samples/n2_zkey_import_bellman_r1.csv,logs/n2_zkey_import_bellman_r1.log
2,env,zkey_verify,zkey,1,,snarkjs zkey verify circuit.r1cs pot9_final.ptau circuit_0003.zkey,True,0,process,2.5646474499999385,1.2224819999999994,0.48726699999999923,1.7097489999999986,66.66604409896728,4.166627756185455,247562240.0,85590835.2,0.0,0.0,5254502.0,8052.0,0.0,0.0,2.2599999999947613,0.0,1205166080.0,11767808.0,0.0,0.0,27,raw/samples/n2_zkey_verify_r1.csv,logs/n2_zkey_verify_r1.log
2,env,zkey_beacon,zkey,1,,"snarkjs zkey beacon circuit_0003.zkey circuit_final.zkey 0102030405060708090a0b0c0d0e0f101112131515161718191a1b1c1d1e1f 10 -n=""Final Beacon phase2""",True,0,process,2.3677902520003045,1.1827150000000017,0.4406339999999993,1.623349000000001,68.55966226858983,4.2849788917868645,215306240.0,72679424.0,0.0,0.0,4419196.0,184784.0,0.0,0.0,2.139999999999418,0.0,1169862656.0,20811776.0,0.0,0.0,25,raw/samples/n2_zkey_beacon_r1.csv,logs/n2_zkey_beacon_r1.log
2,env,zkey_verify_final,zkey,1,,snarkjs zkey verify circuit.r1cs pot9_final.ptau circuit_final.zkey,True,0,process,2.57497600699935,1.2412279999999924,0.5063969999999998,1.7476249999999922,67.86956442504956,4.2418477765655975,235147264.0,84645642.24,0.0,0.0,5211562.0,7065.0,0.0,0.0,2.679999999993015,0.0,1189470208.0,5783552.0,0.0,0.0,27,raw/samples/n2_zkey_verify_final_r1.csv,logs/n2_zkey_verify_final_r1.log
2,env,zkey_export_vkey,zkey,1,,snarkjs zkey export verificationkey circuit_final.zkey verification_key.json,True,0,process,3.1319631269998354,0.9666940000000039,0.4548480000000019,1.4215420000000059,45.38820996151787,2.836763122594867,214708224.0,102906265.6,0.0,0.0,4438982.0,2166.0,0.0,0.0,2.210000000006403,0.0,1171107840.0,-11296768.0,0.0,0.0,33,raw/samples/n2_zkey_export_vkey_r1.csv,logs/n2_zkey_export_vkey_r1.log
2,env,zkey_export_verifier,zkey,1,,snarkjs zkey export solidityverifier circuit_final.zkey verifier.sol,True,0,process,2.415912315999776,0.9033100000000047,0.47557700000000125,1.378887000000006,57.07520885042475,3.567200553151547,166109184.0,67979353.04347827,0.0,0.0,4201758.0,632.0,0.0,0.0,1.9099999999889405,0.0,1120485376.0,17911808.0,0.0,0.0,25,raw/samples/n2_zkey_export_verifier_r1.csv,logs/n2_zkey_export_verifier_r1.log
2,prove,fullprove_snarkjs,prove,1,snarkjs,snarkjs groth16 fullprove input.json circuit_js/circuit.wasm circuit_final.zkey proof.json public.json,True,0,process,3.16765729799954,1.1209209999999956,0.48275199999999785,1.6036729999999935,50.62646773730087,3.1641542335813044,227610624.0,108522462.96774194,0.0,0.0,4612477.0,11584.0,0.0,0.0,2.4900000000052387,0.0,1184133120.0,-22241280.0,0.0,0.0,33,raw/samples/n2_fullprove_snarkjs_r1.csv,logs/n2_fullprove_snarkjs_r1.log
2,prove,fullprove_snarkjs,prove,2,snarkjs,snarkjs groth16 fullprove input.json circuit_js/circuit.wasm circuit_final.zkey proof.json public.json,True,0,process,3.1434871159999602,1.0747570000000053,0.48077599999999876,1.555533000000004,49.4843128856019,3.092769555350119,227721216.0,107045921.03225806,0.0,0.0,4652879.0,11762.0,0.0,0.0,2.3000000000029104,0.0,1177899008.0,22700032.0,0.0,0.0,33,raw/samples/n2_fullprove_snarkjs_r2.csv,logs/n2_fullprove_snarkjs_r2.log
2,verify,verify_snarkjs,verify,1,snarkjs,snarkjs groth16 verify verification_key.json public.json proof.json,True,0,process,2.3409660360002817,0.9302969999999959,0.38730600000000237,1.3176029999999983,56.28458421597705,3.5177865134985655,153161728.0,70048901.56521739,0.0,0.0,4223781.0,5956.0,0.0,0.0,1.8500000000058208,0.0,1128853504.0,31756288.0,0.0,0.0,25,raw/samples/n2_verify_snarkjs_r1.csv,logs/n2_verify_snarkjs_r1.log
2,verify,verify_snarkjs,verify,2,snarkjs,snarkjs groth16 verify verification_key.json public.json proof.json,True,0,process,2.3675620520007215,0.9775039999999962,0.3956419999999987,1.3731459999999949,57.9983109139467,3.624894432121669,213770240.0,71022324.86956522,0.0,0.0,4191844.0,3484.0,0.0,0.0,2.430000000007567,0.0,1165004800.0,36139008.0,0.0,0.0,25,raw/samples/n2_verify_snarkjs_r2.csv,logs/n2_verify_snarkjs_r2.log
2,prove,witness_rapidsnark,prove,1,rapidsnark,snarkjs wtns calculate circuit_js/circuit.wasm input.json witness.wtns,True,0,process,2.126165237999885,0.17331800000000896,0.21023800000000037,0.38355600000000933,18.039802041012866,1.1274876275633041,67559424.0,62726144.0,0.0,0.0,3109718.0,10656.0,0.0,0.0,0.9100000000034925,0.0,1027702784.0,4526080.0,0.0,0.0,23,raw/samples/n2_witness_rapidsnark_r1.csv,logs/n2_witness_rapidsnark_r1.log
2,prove,prove_rapidsnark,prove,1,rapidsnark,docker exec debian_rapidsnark mnt/projet/rapidsnark/package/bin/prover mnt/projet/2/circuit_final.zkey mnt/projet/2/witness.wtns mnt/projet/2/proof.json mnt/projet/2/public.json,True,0,system,0.14663764400029322,0.0,0.021146000000001663,0.1300000000046566,88.65390663559533,5.540869164724708,24510464.0,24510464.0,0.0,0.0,12973.0,1008.0,0.0,0.0,0.1300000000046566,0.0,1015279616.0,-2965504.0,0.0,0.0,3,raw/samples/n2_prove_rapidsnark_r1.csv,logs/n2_prove_rapidsnark_r1.log
2,prove,witness_rapidsnark,prove,2,rapidsnark,snarkjs wtns calculate circuit_js/circuit.wasm input.json witness.wtns,True,0,process,2.1017395209992173,0.18010400000000004,0.19374199999999675,0.3738459999999968,17.787456355308077,1.1117160222067548,67633152.0,62495129.6,0.0,0.0,3052604.0,148.0,0.0,0.0,0.930000000007567,0.0,1031892992.0,5287936.0,0.0,0.0,22,raw/samples/n2_witness_rapidsnark_r2.csv,logs/n2_witness_rapidsnark_r2.log
2,prove,prove_rapidsnark,prove,2,rapidsnark,docker exec debian_rapidsnark mnt/projet/rapidsnark/package/bin/prover mnt/projet/2/circuit_final.zkey mnt/projet/2/witness.wtns mnt/projet/2/proof.json mnt/projet/2/public.json,True,0,system,0.13508103200001642,0.006010999999986666,0.01186100000000323,0.16999999999825377,125.85038586189741,7.865649116368588,24379392.0,24379392.0,0.0,0.0,12965.0,1000.0,0.0,0.0,0.16999999999825377,0.0,1012342784.0,-4198400.0,0.0,0.0,3,raw/samples/n2_prove_rapidsnark_r2.csv,logs/n2_prove_rapidsnark_r2.log
2,verify,verify_rapidsnark,verify,1,rapidsnark,snarkjs groth16 verify verification_key.json public.json proof.json,True,0,process,2.4112040660002094,0.9622150000000005,0.4188619999999972,1.3810769999999977,57.27748304153191,3.5798426900957443,198721536.0,69254099.47826087,0.0,0.0,4193989.0,804.0,0.0,0.0,2.4400000000023283,0.0,1150828544.0,32587776.0,0.0,12288.0,25,raw/samples/n2_verify_rapidsnark_r1.csv,logs/n2_verify_rapidsnark_r1.log
2,verify,verify_rapidsnark,verify,2,rapidsnark,snarkjs groth16 verify verification_key.json public.json proof.json,True,0,process,2.387505405000411,1.003651000000005,0.39023300000000205,1.393884000000007,58.38244374570398,3.648902734106499,210178048.0,70254413.91304348,0.0,0.0,4203399.0,1340.0,0.0,0.0,1.930000000007567,0.0,1161281536.0,35639296.0,0.0,0.0,25,raw/samples/n2_verify_rapidsnark_r2.csv,logs/n2_verify_rapidsnark_r2.log
4,env,ptau_new,ptau,1,,snarkjs powersoftau new bn128 10 pot10_0000.ptau -v,True,0,process,2.5187496190001184,1.0161480000000012,0.5232469999999978,1.539394999999999,61.11742859979472,3.81983928748717,274534400.0,80457557.33333333,0.0,0.0,4217324.0,428081.0,0.0,0.0,2.5500000000029104,0.0,1232805888.0,11550720.0,0.0,12288.0,26,raw/samples/n4_ptau_new_r1.csv,logs/n4_ptau_new_r1.log
4,env,ptau_contribute_1,ptau,1,,"snarkjs powersoftau contribute pot10_0000.ptau pot10_0001.ptau --name=""First contribution"" -v -e=""some random text""",True,0,process,2.647528563999913,3.543441999999999,0.5497360000000029,4.093178000000002,154.603733295175,9.662733330948438,278511616.0,92189302.15384616,0.0,0.0,5030259.0,436314.0,0.0,0.0,4.680000000007567,0.0,1235673088.0,16125952.0,0.0,0.0,28,raw/samples/n4_ptau_contribute_1_r1.csv,logs/n4_ptau_contribute_1_r1.log
4,env,ptau_contribute_2,ptau,1,,"snarkjs powersoftau contribute pot10_0001.ptau pot10_0002.ptau --name=""Second contribution"" -v -e=""some random text""",True,0,process,2.574171839999508,3.4454980000000006,0.49078599999999994,3.9362840000000006,152.91457776186198,9.557161110116374,219324416.0,82782126.08,0.0,0.0,4771579.0,431486.0,0.0,0.0,4.439999999997781,0.00999999999999801,1175453696.0,-1302528.0,0.0,24576.0,27,raw/samples/n4_ptau_contribute_2_r1.csv,logs/n4_ptau_contribute_2_r1.log
4,env,ptau_export_challenge,ptau,1,,snarkjs powersoftau export challenge pot10_0002.ptau challenge_0003,True,0,process,2.355430064000757,0.900069000000002,0.43326199999999915,1.3333310000000012,56.606690233685185,3.537918139605324,215584768.0,72966144.0,0.0,0.0,4666061.0,331054.0,0.0,0.0,1.9399999999877764,0.0,1175064576.0,-1560576.0,0.0,0.0,25,raw/samples/n4_ptau_export_challenge_r1.csv,logs/n4_ptau_export_challenge_r1.log
4,env,ptau_challenge_contribute,ptau,1,,"snarkjs powersoftau challenge contribute bn128 challenge_0003 response_0003 -e=""some random text""",True,0,process,2.6031309549998696,3.4160600000000017,0.4751529999999988,3.8912130000000005,149.48203018853485,9.342626886783428,222126080.0,82928107.52,0.0,0.0,4962230.0,135606.0,0.0,0.0,5.010000000009313,0.0,1183756288.0,7000064.0,0.0,0.0,27,raw/samples/n4_ptau_challenge_contribute_r1.csv,logs/n4_ptau_challenge_contribute_r1.log
4,env,ptau_import_response,ptau,1,,"snarkjs powersoftau import response pot10_0002.ptau response_0003 pot10_0003.ptau -n=""Third contribution""",True,0,process,2.4390510489993176,1.5287199999999928,0.3978339999999996,1.9265539999999923,78.98785065570522,4.936740665981576,213356544.0,73794218.66666667,0.0,0.0,4867440.0,420029.0,0.0,0.0,2.5599999999976717,0.0,1171701760.0,-7426048.0,0.0,0.0,26,raw/samples/n4_ptau_import_response_r1.csv,logs/n4_ptau_import_response_r1.log
4,env,ptau_verify,ptau,1,,snarkjs powersoftau verify pot10_0003.ptau,True,0,process,2.7431294660000276,1.2556629999999984,0.5970760000000013,1.8527389999999997,67.54107026168269,4.221316891355168,221896704.0,85274927.4074074,0.0,0.0,4706487.0,7951.0,0.0,0.0,2.430000000007567,0.0,1184215040.0,-8364032.0,0.0,0.0,29,raw/samples/n4_ptau_verify_r1.csv,logs/n4_ptau_verify_r1.log
4,env,ptau_beacon,ptau,1,,"snarkjs powersoftau beacon pot10_0003.ptau pot10_beacon.ptau 0102030405060708090a0b0c0d0e0f101112131015161718191a1b1c1d1e1f 10 -n=""Final Beacon""",True,0,process,2.6653708639996694,3.6730830000000054,0.4895959999999988,4.162679000000004,156.1763526503575,9.761022040647344,220397568.0,86180470.15384616,0.0,0.0,5064191.0,431974.0,0.0,0.0,4.669999999998254,0.0,1178451968.0,16990208.0,0.0,16384.0,28,raw/samples/n4_ptau_beacon_r1.csv,logs/n4_ptau_beacon_r1.log
4,env,ptau_prepare_phase2,ptau,1,,snarkjs powersoftau prepare phase2 pot10_beacon.ptau pot10_final.ptau -v,True,0,process,5.12351912000031,22.374938,0.4936360000000022,22.868574000000002,446.3450504308573,27.896565651928583,242491392.0,154553221.12,0.0,0.0,5102225.0,1565729.0,0.0,0.0,24.230000000010477,0.0,1194672128.0,14381056.0,0.0,0.0,52,raw/samples/n4_ptau_prepare_phase2_r1.csv,logs/n4_ptau_prepare_phase2_r1.log
4,env,ptau_verify_final,ptau,1,,snarkjs powersoftau verify pot10_final.ptau,True,0,process,3.1996190119998573,3.2255269999999996,0.9213540000000009,4.1468810000000005,129.60546191429447,8.100341369643404,326459392.0,121294187.35483871,0.0,0.0,6233895.0,143214.0,0.0,0.0,4.6600000000034925,0.0,1277140992.0,6270976.0,0.0,0.0,33,raw/samples/n4_ptau_verify_final_r1.csv,logs/n4_ptau_verify_final_r1.log
4,env,circom_compile,compile,1,,circom --r1cs --wasm --sym --inspect circuit.circom,True,0,process,0.1348894399998244,0.0262299999999982,0.016393999999998243,0.04262399999999644,31.59921191759113,1.9749507448494457,10797056.0,10797056.0,0.0,0.0,30345.0,97720.0,0.0,0.0,0.08000000000174623,0.0,1013235712.0,-15130624.0,0.0,0.0,3,raw/samples/n4_circom_compile_r1.csv,logs/n4_circom_compile_r1.log
4,env,r1cs_info,compile,1,,snarkjs r1cs info circuit.r1cs,True,0,process,2.4470471120002912,1.0685359999999946,0.5199390000000008,1.5884749999999954,64.91395250259515,4.057122031412197,143441920.0,69576874.66666667,0.0,0.0,4279685.0,2291.0,0.0,0.0,2.7399999999906868,0.0,1120792576.0,42397696.0,0.0,0.0,26,raw/samples/n4_r1cs_info_r1.csv,logs/n4_r1cs_info_r1.log
4,env,r1cs_export_json,compile,1,,snarkjs r1cs export json circuit.r1cs circuit.r1cs.json,True,0,process,3.1214813579999827,0.5921120000000144,0.3116449999999986,0.903757000000013,28.952823879078828,1.8095514924424267,108007424.0,74371072.0,0.0,0.0,3340247.0,409.0,0.0,0.0,1.8300000000017462,0.0,1065271296.0,-25686016.0,0.0,0.0,32,raw/samples/n4_r1cs_export_json_r1.csv,logs/n4_r1cs_export_json_r1.log
4,env,zkey_setup,zkey,1,,snarkjs groth16 setup circuit.r1cs pot10_final.ptau circuit_0000.zkey,True,0,process,2.6190538739992917,1.3249480000000062,0.713321999999998,2.0382700000000042,77.82466868035704,4.864041792522315,234594304.0,84014202.88,0.0,0.0,5516371.0,428122.0,0.0,0.0,2.5600000000122236,0.0,1185214464.0,29065216.0,0.0,0.0,27,raw/samples/n4_zkey_setup_r1.csv,logs/n4_zkey_setup_r1.log
4,env,zkey_contribute_1,zkey,1,,"snarkjs zkey contribute circuit_0000.zkey circuit_0001.zkey --name=""1st Contributor"" -v -e=""some random text""",True,0,process,2.4300550779998957,1.5196039999999869,0.4733710000000002,1.992974999999987,82.01357319194362,5.125848324496476,210812928.0,71601107.47826087,0.0,0.0,4263620.0,1596.0,0.0,0.0,2.5599999999976717,0.0,1160486912.0,-3461120.0,0.0,0.0,26,raw/samples/n4_zkey_contribute_1_r1.csv,logs/n4_zkey_contribute_1_r1.log
4,env,zkey_contribute_2,zkey,1,,"snarkjs zkey contribute circuit_0001.zkey circuit_0002.zkey --name=""2nd Contributor"" -v -e=""some random text""",True,0,process,2.4969295740002053,1.5772409999999866,0.47153800000000246,2.048778999999989,82.05193375629507,5.128245859768442,215076864.0,72963413.33333333,0.0,0.0,4558342.0,412323.0,0.0,0.0,3.029999999998836,0.0,1168007168.0,32223232.0,0.0,0.0,26,raw/samples/n4_zkey_contribute_2_r1.csv,logs/n4_zkey_contribute_2_r1.log
4,env,zkey_export_bellman,zkey,1,,snarkjs zkey export bellman circuit_0002.zkey challenge_phase2_0003,True,0,process,2.55632441599937,2.630658000000011,0.48369399999999985,3.114352000000011,121.82929445527692,7.614330903454808,215904256.0,82669240.32,0.0,0.0,4560939.0,284996.0,0.0,0.0,3.6900000000023283,0.0,1170915328.0,245760.0,0.0,0.0,27,raw/samples/n4_zkey_export_bellman_r1.csv,logs/n4_zkey_export_bellman_r1.log
4,env,zkey_bellman_contribute,zkey,1,,"snarkjs zkey bellman contribute bn128 challenge_phase2_0003 response_phase2_0003 -e=""some random text""",True,0,process,2.4592728709994844,1.4589579999999955,0.47194499999999806,1.9309029999999936,78.51519946280897,4.90719996642556,219541504.0,76907008.0,0.0,0.0,4482421.0,314904.0,0.0,0.0,2.539999999993597,0.0,1173041152.0,19636224.0,0.0,0.0,26,raw/samples/n4_zkey_bellman_contribute_r1.csv,logs/n4_zkey_bellman_contribute_r1.log
4,env,zkey_import_bellman,zkey,1,,"snarkjs zkey import bellman circuit_0002.zkey response_phase2_0003 circuit_0003.zkey -n=""Third contribution""",True,0,process,2.6930260710005314,3.1884310000000085,0.45859000000000094,3.6470210000000094,135.4246451333107,8.464040320831918,219164672.0,84336324.92307693,0.0,0.0,4420002.0,90548.0,0.0,0.0,4.420000000012806,0.0,1173692416.0,-15011840.0,0.0,0.0,28,raw/samples/n4_zkey_import_bellman_r1.csv,logs/n4_zkey_import_bellman_r1.log
4,env,zkey_verify,zkey,1,,snarkjs zkey verify circuit.r1cs pot10_final.ptau circuit_0003.zkey,True,0,process,2.8063155870004266,1.5173829999999953,0.5008389999999991,2.0182219999999944,71.91714322326813,4.494821451454258,235819008.0,88069006.22222222,0.0,0.0,5872385.0,5329.0,0.0,0.0,3.2299999999959255,0.0,1192198144.0,4554752.0,0.0,0.0,29,raw/samples/n4_zkey_verify_r1.csv,logs/n4_zkey_verify_r1.log
4,env,zkey_beacon,zkey,1,,"snarkjs zkey beacon circuit_0003.zkey circuit_final.zkey 0102030405060708090a0b0c0d0e0f101112131515161718191a1b1c1d1e1f 10 -n=""Final Beacon phase2""",True,0,process,2.4927662510008304,1.498410000000007,0.4168549999999982,1.915265000000005,76.83291601172144,4.80205725073259,215662592.0,72455168.0,0.0,0.0,4536507.0,404340.0,0.0,0.0,2.4799999999959255,0.0,1169833984.0,12406784.0,0.0,0.0,26,raw/samples/n4_zkey_beacon_r1.csv,logs/n4_zkey_beacon_r1.log
4,env,zkey_verify_final,zkey,1,,snarkjs zkey verify circuit.r1cs pot10_final.ptau circuit_final.zkey,True,0,process,2.8450904270002866,1.555060999999995,0.6053910000000045,2.1604519999999994,75.93614528019998,4.746009080012499,233480192.0,91473627.42857143,0.0,0.0,6116362.0,10965.0,0.0,0.0,2.710000000006403,0.0,1188990976.0,-10018816.0,0.0,0.0,30,raw/samples/n4_zkey_verify_final_r1.csv,logs/n4_zkey_verify_final_r1.log
4,env,zkey_export_vkey,zkey,1,,snarkjs zkey export verificationkey circuit_final.zkey verification_key.json,True,0,process,3.203521233000174,0.9480110000000082,0.4406680000000023,1.3886790000000104,43.348518676727466,2.7092824172954666,216027136.0,104106446.4516129,0.0,0.0,4472160.0,1926.0,0.0,0.0,3.069999999992433,0.0,1173458944.0,22388736.0,0.0,0.0,33,raw/samples/n4_zkey_export_vkey_r1.csv,logs/n4_zkey_export_vkey_r1.log
4,env,zkey_export_verifier,zkey,1,,snarkjs zkey export solidityverifier circuit_final.zkey verifier.sol,True,0,process,2.3376986650000617,0.863993999999991,0.37384199999999623,1.2378359999999873,52.95105047253619,3.3094406545335118,134672384.0,69183933.2173913,0.0,0.0,4418423.0,9320.0,0.0,0.0,1.9499999999970896,0.0,1120059392.0,9371648.0,0.0,0.0,25,raw/samples/n4_zkey_export_verifier_r1.csv,logs/n4_zkey_export_verifier_r1.log
4,prove,fullprove_snarkjs,prove,1,snarkjs,snarkjs groth16 fullprove input.json circuit_js/circuit.wasm circuit_final.zkey proof.json public.json,True,0,process,3.0476489789998595,1.1623419999999953,0.4485039999999998,1.6108459999999951,52.855365270071985,3.303460329379499,245608448.0,113427797.33333333,0.0,0.0,4774645.0,11402.0,0.0,0.0,2.460000000006403,0.0,1201717248.0,-18227200.0,0.0,0.0,32,raw/samples/n4_fullprove_snarkjs_r1.csv,logs/n4_fullprove_snarkjs_r1.log
4,prove,fullprove_snarkjs,prove,2,snarkjs,snarkjs groth16 fullprove input.json circuit_js/circuit.wasm circuit_final.zkey proof.json public.json,True,0,process,3.069458785000279,1.143133000000006,0.5522559999999999,1.6953890000000058,55.2341347042994,3.4521334190187125,245747712.0,111017574.4,0.0,0.0,4795699.0,10108.0,0.0,0.0,2.460000000006403,0.0,1199534080.0,25358336.0,0.0,0.0,32,raw/samples/n4_fullprove_snarkjs_r2.csv,logs/n4_fullprove_snarkjs_r2.log
4,verify,verify_snarkjs,verify,1,snarkjs,snarkjs groth16 verify verification_key.json public.json proof.json,True,0,process,2.3684171740005695,1.031848999999994,0.381810999999999,1.413659999999993,59.687964414315346,3.730497775894709,215015424.0,71960843.13043478,0.0,0.0,4225082.0,4164.0,0.0,0.0,2.029999999998836,0.0,1158914048.0,31272960.0,0.0,0.0,25,raw/samples/n4_verify_snarkjs_r1.csv,logs/n4_verify_snarkjs_r1.log
4,verify,verify_snarkjs,verify,2,snarkjs,snarkjs groth16 verify verification_key.json public.json proof.json,True,0,process,2.399496998000359,0.967456999999996,0.46693000000000495,1.434387000000001,59.77865365930274,3.7361658537064213,207138816.0,70427336.3478261,0.0,0.0,4174217.0,892.0,0.0,0.0,2.0,0.0,1151643648.0,33042432.0,0.0,0.0,25,raw/samples/n4_verify_snarkjs_r2.csv,logs/n4_verify_snarkjs_r2.log
4,prove,witness_rapidsnark,prove,1,rapidsnark,snarkjs wtns calculate circuit_js/circuit.wasm input.json witness.wtns,True,0,process,2.1379671719996622,0.17558400000001484,0.20561499999999455,0.3811990000000094,17.82997442582199,1.1143734016138744,68587520.0,62739212.190476194,0.0,0.0,3110529.0,332.0,0.0,0.0,0.9299999999930151,0.0,1022410752.0,10645504.0,0.0,0.0,23,raw/samples/n4_witness_rapidsnark_r1.csv,logs/n4_witness_rapidsnark_r1.log
4,prove,prove_rapidsnark,prove,1,rapidsnark,docker exec debian_rapidsnark mnt/projet/rapidsnark/package/bin/prover mnt/projet/4/circuit_final.zkey mnt/projet/4/witness.wtns mnt/projet/4/proof.json mnt/projet/4/public.json,True,0,system,0.17681240000001708,0.01241799999999671,0.009658999999999196,0.26000000000385626,147.04851017453026,9.190531885908142,23986176.0,23986176.0,0.0,0.0,12973.0,1008.0,0.0,0.0,0.26000000000385626,0.010000000000005116,1015144448.0,593920.0,0.0,0.0,3,raw/samples/n4_prove_rapidsnark_r1.csv,logs/n4_prove_rapidsnark_r1.log
4,prove,witness_rapidsnark,prove,2,rapidsnark,snarkjs wtns calculate circuit_js/circuit.wasm input.json witness.wtns,True,0,process,2.1065276039998935,0.15852000000001,0.20340200000000408,0.36192200000001407,17.18097590142153,1.0738109938388456,67555328.0,62443520.0,0.0,0.0,3049803.0,148.0,0.0,0.0,0.8799999999901047,0.0,1029189632.0,1736704.0,0.0,0.0,22,raw/samples/n4_witness_rapidsnark_r2.csv,logs/n4_witness_rapidsnark_r2.log
4,prove,prove_rapidsnark,prove,2,rapidsnark,docker exec debian_rapidsnark mnt/projet/rapidsnark/package/bin/prover mnt/projet/4/circuit_final.zkey mnt/projet/4/witness.wtns mnt/projet/4/proof.json mnt/projet/4/public.json,True,0,system,0.13582561100065504,0.0,0.017803999999998155,0.1599999999980355,117.7981080440447,7.3623817527527935,24379392.0,24379392.0,0.0,0.0,12973.0,1008.0,0.0,0.0,0.1599999999980355,0.00999999999999801,1013678080.0,-1859584.0,0.0,0.0,3,raw/samples/n4_prove_rapidsnark_r2.csv,logs/n4_prove_rapidsnark_r2.log
4,verify,verify_rapidsnark,verify,1,rapidsnark,snarkjs groth16 verify verification_key.json public.json proof.json,True,0,process,2.4187605360002635,0.9389259999999808,0.5203520000000026,1.4592779999999834,60.33164417396566,3.7707277608728536,194572288.0,69543134.60869566,0.0,0.0,4120736.0,636.0,0.0,0.0,1.959999999991851,0.0,1140977664.0,26288128.0,0.0,12288.0,25,raw/samples/n4_verify_rapidsnark_r1.csv,logs/n4_verify_rapidsnark_r1.log
4,verify,verify_rapidsnark,verify,2,rapidsnark,snarkjs groth16 verify verification_key.json public.json proof.json,True,0,process,2.409008931000244,1.0197930000000213,0.42707699999999704,1.4468700000000183,60.06079850435688,3.753799906522305,201768960.0,70177658.43478261,0.0,0.0,4111802.0,828.0,0.0,0.0,2.139999999999418,0.0,1147535360.0,34377728.0,0.0,0.0,25,raw/samples/n4_verify_rapidsnark_r2.csv,logs/n4_verify_rapidsnark_r2.log
8,env,ptau_new,ptau,1,,snarkjs powersoftau new bn128 11 pot11_0000.ptau -v,True,0,process,2.5983770209995782,1.071881999999988,0.5821070000000006,1.6539889999999886,63.65469624433909,3.9784185152711933,230293504.0,81087692.8,0.0,0.0,4265626.0,821604.0,0.0,0.0,2.279999999998836,0.0,1179856896.0,26349568.0,0.0,0.0,27,raw/samples/n8_ptau_new_r1.csv,logs/n8_ptau_new_r1.log
8,env,ptau_contribute_1,ptau,1,,"snarkjs powersoftau contribute pot11_0000.ptau pot11_0001.ptau --name=""First contribution"" -v -e=""some random text""",True,0,process,3.0059987229997205,6.2817249999999945,0.5232689999999991,6.8049939999999935,226.38046875845683,14.148779297403552,268492800.0,110387482.48275863,0.0,0.0,5016607.0,684999.0,0.0,0.0,7.630000000004657,0.0,1219403776.0,25649152.0,0.0,24576.0,31,raw/samples/n8_ptau_contribute_1_r1.csv,logs/n8_ptau_contribute_1_r1.log
8,env,ptau_contribute_2,ptau,1,,"snarkjs powersoftau contribute pot11_0001.ptau pot11_0002.ptau --name=""Second contribution"" -v -e=""some random text""",True,0,process,2.921375786000681,6.712811000000016,0.48471400000000386,7.19752500000002,246.37450048332613,15.398406280207883,219738112.0,94170550.85714285,0.0,0.0,5002566.0,684321.0,0.0,0.0,7.7700000000040745,0.0,1170206720.0,3842048.0,0.0,0.0,30,raw/samples/n8_ptau_contribute_2_r1.csv,logs/n8_ptau_contribute_2_r1.log
8,env,ptau_export_challenge,ptau,1,,snarkjs powersoftau export challenge pot11_0002.ptau challenge_0003,True,0,process,2.3940590980000707,0.9994269999999972,0.4024569999999983,1.4018839999999955,58.55678337978748,3.6597989612367177,213737472.0,71446884.17391305,0.0,0.0,4239730.0,2078.0,0.0,0.0,1.8800000000046566,0.0,1159483392.0,1961984.0,0.0,0.0,25,raw/samples/n8_ptau_export_challenge_r1.csv,logs/n8_ptau_export_challenge_r1.log
8,env,ptau_challenge_contribute,ptau,1,,"snarkjs powersoftau challenge contribute bn128 challenge_0003 response_0003 -e=""some random text""",True,0,process,2.8079868810000335,5.937829999999991,0.45603200000000044,6.3938619999999915,227.7027020056051,14.231418875350318,228253696.0,94609408.0,0.0,0.0,5773639.0,333702.0,0.0,0.0,6.989999999990687,0.0,1176363008.0,-4071424.0,0.0,0.0,29,raw/samples/n8_ptau_challenge_contribute_r1.csv,logs/n8_ptau_challenge_contribute_r1.log
8,env,ptau_import_response,ptau,1,,"snarkjs powersoftau import response pot11_0002.ptau response_0003 pot11_0003.ptau -n=""Third contribution""",True,0,process,2.524477883000145,2.0264139999999884,0.4234989999999996,2.449912999999988,97.04632456864536,6.065395285540335,214237184.0,75925845.33333333,0.0,0.0,4589168.0,272932.0,0.0,0.0,3.4900000000052387,0.0,1165996032.0,9392128.0,0.0,0.0,26,raw/samples/n8_ptau_import_response_r1.csv,logs/n8_ptau_import_response_r1.log
8,env,ptau_verify,ptau,1,,snarkjs powersoftau verify pot11_0003.ptau,True,0,process,2.6370592030007174,1.3395340000000147,0.6128610000000023,1.952395000000017,74.03682851634052,4.6273017822712825,254414848.0,89426550.15384616,0.0,0.0,5049009.0,9087.0,0.0,0.0,2.639999999999418,0.0,1210052608.0,15388672.0,0.0,0.0,28,raw/samples/n8_ptau_verify_r1.csv,logs/n8_ptau_verify_r1.log
8,env,ptau_beacon,ptau,1,,"snarkjs powersoftau beacon pot11_0003.ptau pot11_beacon.ptau 0102030405060708090a0b0c0d0e0f101112131015161718191a1b1c1d1e1f 10 -n=""Final Beacon""",True,0,process,2.7990998420000324,6.024985999999984,0.4489799999999988,6.473965999999983,231.28742686699448,14.455464179187155,221532160.0,93660046.22222222,0.0,0.0,5021461.0,684656.0,0.0,0.0,7.040000000008149,0.0,1176563712.0,839680.0,0.0,16384.0,29,raw/samples/n8_ptau_beacon_r1.csv,logs/n8_ptau_beacon_r1.log
8,env,ptau_prepare_phase2,ptau,1,,snarkjs powersoftau prepare phase2 pot11_beacon.ptau pot11_final.ptau -v,True,0,process,7.911818293000579,49.914558,0.5940559999999948,50.508613999999994,638.3945147562845,39.89965717226778,257175552.0,188072627.53246754,0.0,0.0,5852066.0,2729887.0,0.0,0.0,51.86000000000058,0.0,1207832576.0,19070976.0,0.0,0.0,80,raw/samples/n8_ptau_prepare_phase2_r1.csv,logs/n8_ptau_prepare_phase2_r1.log
8,env,ptau_verify_final,ptau,1,,snarkjs powersoftau verify pot11_final.ptau,True,0,process,3.339933220999228,4.116556000000003,1.004494000000001,5.121050000000004,153.32791589371683,9.582994743357302,385490944.0,132555776.0,0.0,0.0,7919552.0,147750.0,0.0,0.0,5.820000000006985,0.0,1331810304.0,16928768.0,0.0,0.0,35,raw/samples/n8_ptau_verify_final_r1.csv,logs/n8_ptau_verify_final_r1.log
8,env,circom_compile,compile,1,,circom --r1cs --wasm --sym --inspect circuit.circom,True,0,process,0.13631262099988817,0.019384999999999764,0.027139000000005353,0.04652400000000512,34.13036860324422,2.133148037702764,10661888.0,10661888.0,0.0,0.0,30345.0,194981.0,0.0,0.0,0.08999999999650754,0.0,1034559488.0,-28946432.0,0.0,0.0,3,raw/samples/n8_circom_compile_r1.csv,logs/n8_circom_compile_r1.log
8,env,r1cs_info,compile,1,,snarkjs r1cs info circuit.r1cs,True,0,process,2.377956587000881,0.9478480000000218,0.3872259999999983,1.33507400000002,56.1437499447304,3.50898437154565,213061632.0,70886622.60869566,0.0,0.0,4435075.0,1524.0,0.0,0.0,2.3699999999953434,0.0,1162874880.0,31178752.0,0.0,0.0,25,raw/samples/n8_r1cs_info_r1.csv,logs/n8_r1cs_info_r1.log
8,env,r1cs_export_json,compile,1,,snarkjs r1cs export json circuit.r1cs circuit.r1cs.json,True,0,process,3.2151009909994173,0.7291789999999878,0.2676869999999951,0.9968659999999829,31.005744540861414,1.9378590338038384,136273920.0,81533126.19354838,0.0,0.0,3438770.0,114302.0,0.0,0.0,1.679999999993015,0.0,1095315456.0,-16109568.0,0.0,0.0,33,raw/samples/n8_r1cs_export_json_r1.csv,logs/n8_r1cs_export_json_r1.log
8,env,zkey_setup,zkey,1,,snarkjs groth16 setup circuit.r1cs pot11_final.ptau circuit_0000.zkey,True,0,process,2.799922936999792,1.4356290000000058,0.4460640000000069,1.8816930000000127,67.205171082898,4.200323192681125,241311744.0,96562289.77777778,0.0,0.0,6788924.0,1566918.0,0.0,0.0,2.6499999999941792,0.0,1194942464.0,20955136.0,0.0,0.0,29,raw/samples/n8_zkey_setup_r1.csv,logs/n8_zkey_setup_r1.log
8,env,zkey_contribute_1,zkey,1,,"snarkjs zkey contribute circuit_0000.zkey circuit_0001.zkey --name=""1st Contributor"" -v -e=""some random text""",True,0,process,2.5373794730003283,1.997811999999982,0.4560589999999962,2.453870999999978,96.70886937137529,6.044304335710955,218537984.0,75017420.8,0.0,0.0,4976702.0,1006464.0,0.0,0.0,3.039999999993597,0.0,1166102528.0,19738624.0,0.0,0.0,27,raw/samples/n8_zkey_contribute_1_r1.csv,logs/n8_zkey_contribute_1_r1.log
8,env,zkey_contribute_2,zkey,1,,"snarkjs zkey contribute circuit_0001.zkey circuit_0002.zkey --name=""2nd Contributor"" -v -e=""some random text""",True,0,process,2.5907787269998153,2.1221880000000226,0.46032499999999743,2.58251300000002,99.68095588736877,6.230059742960548,215121920.0,77206323.2,0.0,0.0,4956129.0,863372.0,0.0,0.0,3.6300000000046566,0.0,1166753792.0,1970176.0,0.0,0.0,27,raw/samples/n8_zkey_contribute_2_r1.csv,logs/n8_zkey_contribute_2_r1.log
8,env,zkey_export_bellman,zkey,1,,snarkjs zkey export bellman circuit_0002.zkey challenge_phase2_0003,True,0,process,2.7936937369995576,4.897685999999993,0.4186110000000056,5.316296999999999,190.29634242262114,11.893521401413821,216334336.0,88721787.25925925,0.0,0.0,4340897.0,3840.0,0.0,0.0,6.009999999994761,0.0,1169039360.0,23527424.0,0.0,0.0,29,raw/samples/n8_zkey_export_bellman_r1.csv,logs/n8_zkey_export_bellman_r1.log
8,env,zkey_bellman_contribute,zkey,1,,"snarkjs zkey bellman contribute bn128 challenge_phase2_0003 response_phase2_0003 -e=""some random text""",True,0,process,2.502379452999776,2.0351180000000113,0.4395849999999939,2.474703000000005,98.89399455519853,6.180874659699908,218374144.0,76613461.33333333,0.0,0.0,4434852.0,135184.0,0.0,0.0,3.150000000008731,0.0,1168203776.0,10956800.0,0.0,0.0,26,raw/samples/n8_zkey_bellman_contribute_r1.csv,logs/n8_zkey_bellman_contribute_r1.log
8,env,zkey_import_bellman,zkey,1,,"snarkjs zkey import bellman circuit_0002.zkey response_phase2_0003 circuit_0003.zkey -n=""Third contribution""",True,0,process,2.87582436699995,5.049087999999983,0.36322800000000655,5.41231599999999,188.2005056395742,11.762531602473388,219119616.0,94776466.28571428,0.0,0.0,4771553.0,548872.0,0.0,0.0,6.120000000009895,0.0,1171836928.0,14569472.0,0.0,0.0,30,raw/samples/n8_zkey_import_bellman_r1.csv,logs/n8_zkey_import_bellman_r1.log
8,env,zkey_verify,zkey,1,,snarkjs zkey verify circuit.r1cs pot11_final.ptau circuit_0003.zkey,True,0,process,3.0050173549998362,1.717788999999982,0.6120429999999999,2.329831999999982,77.53139914894464,4.84571244680904,278966272.0,102250990.34482759,0.0,0.0,7703363.0,6569.0,0.0,0.0,3.210000000006403,0.0,1231429632.0,-16625664.0,0.0,0.0,31,raw/samples/n8_zkey_verify_r1.csv,logs/n8_zkey_verify_r1.log
8,env,zkey_beacon,zkey,1,,"snarkjs zkey beacon circuit_0003.zkey circuit_final.zkey 0102030405060708090a0b0c0d0e0f101112131515161718191a1b1c1d1e1f 10 -n=""Final Beacon phase2""",True,0,process,2.5326436630002718,1.9686760000000163,0.47014499999999515,2.4388210000000115,96.29546531275093,6.018466582046933,216551424.0,74110805.33333333,0.0,0.0,4857746.0,764688.0,0.0,0.0,2.9900000000052387,0.0,1167843328.0,15511552.0,0.0,0.0,27,raw/samples/n8_zkey_beacon_r1.csv,logs/n8_zkey_beacon_r1.log
8,env,zkey_verify_final,zkey,1,,snarkjs zkey verify circuit.r1cs pot11_final.ptau circuit_final.zkey,True,0,process,2.979697255999781,1.7775869999999827,0.5513900000000049,2.3289769999999876,78.16153118611183,4.885095699131989,294879232.0,105890356.96551724,0.0,0.0,7890913.0,9457.0,0.0,0.0,2.8700000000098953,0.0,1246162944.0,-3624960.0,0.0,0.0,31,raw/samples/n8_zkey_verify_final_r1.csv,logs/n8_zkey_verify_final_r1.log
8,env,zkey_export_vkey,zkey,1,,snarkjs zkey export verificationkey circuit_final.zkey verification_key.json,True,0,process,3.0520846330000495,0.8869490000000155,0.46314499999999725,1.3500940000000128,44.2351429381215,2.7646964336325937,216391680.0,104806946.13333334,0.0,0.0,4532749.0,5095.0,0.0,0.0,2.5,0.0,1170980864.0,11993088.0,0.0,0.0,32,raw/samples/n8_zkey_export_vkey_r1.csv,logs/n8_zkey_export_vkey_r1.log
8,env,zkey_export_verifier,zkey,1,,snarkjs zkey export solidityverifier circuit_final.zkey verifier.sol,True,0,process,2.3274781349991827,0.9401990000000069,0.405698000000001,1.345897000000008,57.826407894503404,3.6141504934064628,125427712.0,66341050.18181818,0.0,0.0,3887689.0,688.0,0.0,0.0,1.8599999999860302,0.0,1084665856.0,6905856.0,0.0,0.0,25,raw/samples/n8_zkey_export_verifier_r1.csv,logs/n8_zkey_export_verifier_r1.log
8,prove,fullprove_snarkjs,prove,1,snarkjs,snarkjs groth16 fullprove input.json circuit_js/circuit.wasm circuit_final.zkey proof.json public.json,True,0,process,3.0983453899998494,1.1486320000000205,0.6252409999999955,1.773873000000016,57.25226779833291,3.578266737395807,283578368.0,122813917.86666666,0.0,0.0,5070457.0,9988.0,0.0,0.0,2.5099999999947613,0.0,1237872640.0,17125376.0,0.0,0.0,32,raw/samples/n8_fullprove_snarkjs_r1.csv,logs/n8_fullprove_snarkjs_r1.log
8,prove,fullprove_snarkjs,prove,2,snarkjs,snarkjs groth16 fullprove input.json circuit_js/circuit.wasm circuit_final.zkey proof.json public.json,True,0,process,3.1316125739995186,1.0911739999999668,0.6632790000000028,1.7544529999999696,56.023947999393855,3.501496749962116,284975104.0,121242419.2,0.0,0.0,5055281.0,9996.0,0.0,0.0,2.970000000001164,0.0,1238380544.0,5099520.0,0.0,0.0,33,raw/samples/n8_fullprove_snarkjs_r2.csv,logs/n8_fullprove_snarkjs_r2.log
8,verify,verify_snarkjs,verify,1,snarkjs,snarkjs groth16 verify verification_key.json public.json proof.json,True,0,process,2.332210749999831,0.9154920000000288,0.40637100000000004,1.3218630000000289,56.678539878959256,3.5424087424349535,149135360.0,69009051.82608695,0.0,0.0,4237271.0,6156.0,0.0,0.0,1.8300000000017462,0.0,1097605120.0,37888000.0,0.0,0.0,25,raw/samples/n8_verify_snarkjs_r1.csv,logs/n8_verify_snarkjs_r1.log
8,verify,verify_snarkjs,verify,2,snarkjs,snarkjs groth16 verify verification_key.json public.json proof.json,True,0,process,2.3155538920000254,0.8671939999999836,0.4266239999999968,1.2938179999999804,55.87509772370118,3.492193607731324,180350976.0,68748194.9090909,0.0,0.0,4174507.0,708.0,0.0,0.0,1.7799999999988358,0.0,1124700160.0,32546816.0,0.0,0.0,24,raw/samples/n8_verify_snarkjs_r2.csv,logs/n8_verify_snarkjs_r2.log
8,prove,witness_rapidsnark,prove,1,rapidsnark,snarkjs wtns calculate circuit_js/circuit.wasm input.json witness.wtns,True,0,process,2.112200419000146,0.17915199999998777,0.19320500000000607,0.37235699999999383,17.62886687505993,1.1018041796912457,67039232.0,62366515.2,0.0,0.0,3049705.0,148.0,0.0,0.0,1.5200000000040745,0.0,1031716864.0,4288512.0,0.0,0.0,22,raw/samples/n8_witness_rapidsnark_r1.csv,logs/n8_witness_rapidsnark_r1.log
8,prove,prove_rapidsnark,prove,1,rapidsnark,docker exec debian_rapidsnark mnt/projet/rapidsnark/package/bin/prover mnt/projet/8/circuit_final.zkey mnt/projet/8/witness.wtns mnt/projet/8/proof.json mnt/projet/8/public.json,True,0,system,0.1311414750007316,0.004050000000006548,0.014848999999998114,0.22000000000480213,167.75775932333752,10.484859957708595,24510464.0,24510464.0,0.0,0.0,12957.0,992.0,0.0,0.0,0.22000000000480213,0.020000000000003126,1015365632.0,-3002368.0,0.0,0.0,3,raw/samples/n8_prove_rapidsnark_r1.csv,logs/n8_prove_rapidsnark_r1.log
8,prove,witness_rapidsnark,prove,2,rapidsnark,snarkjs wtns calculate circuit_js/circuit.wasm input.json witness.wtns,True,0,process,2.050047523000103,0.16832399999998415,0.19128200000000106,0.3596059999999852,17.541349454851986,1.096334340928249,67424256.0,62469734.4,0.0,0.0,3061925.0,148.0,0.0,0.0,0.8899999999994179,0.0,1032036352.0,4964352.0,0.0,0.0,22,raw/samples/n8_witness_rapidsnark_r2.csv,logs/n8_witness_rapidsnark_r2.log
8,prove,prove_rapidsnark,prove,2,rapidsnark,docker exec debian_rapidsnark mnt/projet/rapidsnark/package/bin/prover mnt/projet/8/circuit_final.zkey mnt/projet/8/witness.wtns mnt/projet/8/proof.json mnt/projet/8/public.json,True,0,system,0.13421856799959642,0.0024570000000494474,0.01469900000000024,0.21000000001095032,156.46121333345008,9.77882583334063,24248320.0,24248320.0,0.0,0.0,12965.0,1000.0,0.0,0.0,0.21000000001095032,0.01999999999999602,1015205888.0,-3334144.0,0.0,0.0,3,raw/samples/n8_prove_rapidsnark_r2.csv,logs/n8_prove_rapidsnark_r2.log
8,verify,verify_rapidsnark,verify,1,rapidsnark,snarkjs groth16 verify verification_key.json public.json proof.json,True,0,process,2.3154671829997824,0.9502359999999612,0.4207439999999991,1.3709799999999603,59.209649355677755,3.7006030847298597,180310016.0,68678749.0909091,0.0,0.0,4106742.0,476.0,0.0,0.0,1.999999999994543,0.00999999999999801,1133830144.0,24215552.0,0.0,12288.0,24,raw/samples/n8_verify_rapidsnark_r1.csv,logs/n8_verify_rapidsnark_r1.log
8,verify,verify_rapidsnark,verify,2,rapidsnark,snarkjs groth16 verify verification_key.json public.json proof.json,True,0,process,2.339502867000192,0.9760449999999992,0.44366899999999987,1.419713999999999,60.68443086887153,3.7927769293044706,143130624.0,69724605.2173913,0.0,0.0,4226528.0,5988.0,0.0,0.0,2.5099999999947613,0.0,1124245504.0,23638016.0,0.0,0.0,25,raw/samples/n8_verify_rapidsnark_r2.csv,logs/n8_verify_rapidsnark_r2.log
16,env,ptau_new,ptau,1,,snarkjs powersoftau new bn128 12 pot12_0000.ptau -v,True,0,process,2.5110110529994927,1.0804750000000354,0.5904060000000015,1.670881000000037,66.54216029850247,4.158885018656404,217047040.0,81449301.33333333,0.0,0.0,4247722.0,1608189.0,0.0,0.0,2.1899999999877764,0.0,1171972096.0,34111488.0,0.0,12288.0,26,raw/samples/n16_ptau_new_r1.csv,logs/n16_ptau_new_r1.log
16,env,ptau_contribute_1,ptau,1,,"snarkjs powersoftau contribute pot12_0000.ptau pot12_0001.ptau --name=""First contribution"" -v -e=""some random text""",True,0,process,3.408818373000031,11.318403999999987,0.5232989999999944,11.841702999999981,347.38439260342113,21.71152453771382,237666304.0,114979933.0909091,0.0,0.0,6543879.0,1614768.0,0.0,0.0,12.910000000003492,0.0,1191055360.0,6934528.0,0.0,24576.0,35,raw/samples/n16_ptau_contribute_1_r1.csv,logs/n16_ptau_contribute_1_r1.log
16,env,ptau_contribute_2,ptau,1,,"snarkjs powersoftau contribute pot12_0001.ptau pot12_0002.ptau --name=""Second contribution"" -v -e=""some random text""",True,0,process,3.126044678000653,11.288703999999996,0.48877900000000096,11.777482999999997,376.75350844737784,23.547094277961115,233553920.0,109689105.06666666,0.0,0.0,5836260.0,1488681.0,0.0,0.0,12.320000000006985,0.0,1189634048.0,-14770176.0,0.0,0.0,32,raw/samples/n16_ptau_contribute_2_r1.csv,logs/n16_ptau_contribute_2_r1.log
16,env,ptau_export_challenge,ptau,1,,snarkjs powersoftau export challenge pot12_0002.ptau challenge_0003,True,0,process,2.3950336099997003,0.9220250000000192,0.46055600000000396,1.3825810000000232,57.72699782698232,3.607937364186395,215437312.0,73477787.82608695,0.0,0.0,4802180.0,518918.0,0.0,0.0,1.930000000007567,0.0,1170755584.0,15380480.0,0.0,0.0,25,raw/samples/n16_ptau_export_challenge_r1.csv,logs/n16_ptau_export_challenge_r1.log
16,env,ptau_challenge_contribute,ptau,1,,"snarkjs powersoftau challenge contribute bn128 challenge_0003 response_0003 -e=""some random text""",True,0,process,3.182228132000091,11.250563999999997,0.4694110000000009,11.719974999999998,368.29461980256485,23.018413737660303,242163712.0,116166259.61290322,0.0,0.0,7313267.0,795583.0,0.0,0.0,12.630000000004657,0.0,1190387712.0,6946816.0,0.0,0.0,33,raw/samples/n16_ptau_challenge_contribute_r1.csv,logs/n16_ptau_challenge_contribute_r1.log
16,env,ptau_import_response,ptau,1,,"snarkjs powersoftau import response pot12_0002.ptau response_0003 pot12_0003.ptau -n=""Third contribution""",True,0,process,2.6066943760006325,3.1190990000000056,0.4298379999999966,3.5489370000000022,136.147030993523,8.509189437095188,225382400.0,84099399.68,0.0,0.0,5679002.0,1611354.0,0.0,0.0,4.320000000006985,0.0,1176838144.0,26533888.0,0.0,0.0,27,raw/samples/n16_ptau_import_response_r1.csv,logs/n16_ptau_import_response_r1.log
16,env,ptau_verify,ptau,1,,snarkjs powersoftau verify pot12_0003.ptau,True,0,process,2.7047253159998945,1.4856379999999945,0.648617999999999,2.1342559999999935,78.9084195491028,4.931776221818925,276721664.0,94808694.15384616,0.0,0.0,5830342.0,8718.0,0.0,0.0,2.8399999999965075,0.0,1228828672.0,-16498688.0,0.0,0.0,28,raw/samples/n16_ptau_verify_r1.csv,logs/n16_ptau_verify_r1.log
16,env,ptau_beacon,ptau,1,,"snarkjs powersoftau beacon pot12_0003.ptau pot12_beacon.ptau 0102030405060708090a0b0c0d0e0f101112131015161718191a1b1c1d1e1f 10 -n=""Final Beacon""",True,0,process,3.1858177079993766,11.555633999999998,0.4519289999999998,12.007562999999998,376.9067818867917,23.55667386792448,239824896.0,111347910.19354838,0.0,0.0,7141421.0,1615838.0,0.0,0.0,12.440000000002328,0.0,1188995072.0,18763776.0,0.0,16384.0,33,raw/samples/n16_ptau_beacon_r1.csv,logs/n16_ptau_beacon_r1.log
16,env,ptau_prepare_phase2,ptau,1,,snarkjs powersoftau prepare phase2 pot12_beacon.ptau pot12_final.ptau -v,True,0,process,13.73768945699976,109.69007999999997,0.7980450000000019,110.48812499999997,804.27007282293,50.26687955143313,271065088.0,215828434.4888889,0.0,0.0,7468543.0,5023497.0,0.0,0.0,112.11999999999534,0.0,1222721536.0,21753856.0,0.0,0.0,137,raw/samples/n16_ptau_prepare_phase2_r1.csv,logs/n16_ptau_prepare_phase2_r1.log
16,env,ptau_verify_final,ptau,1,,snarkjs powersoftau verify pot12_final.ptau,True,0,process,3.5260643350002283,5.893177000000037,1.1866520000000023,7.079829000000039,200.7855877649374,12.549099235308587,486109184.0,167050420.70588234,0.0,0.0,11855278.0,168686.0,0.0,0.0,7.639999999999418,0.0,1433591808.0,-7401472.0,0.0,0.0,36,raw/samples/n16_ptau_verify_final_r1.csv,logs/n16_ptau_verify_final_r1.log
16,env,circom_compile,compile,1,,circom --r1cs --wasm --sym --inspect circuit.circom,True,0,process,0.1536504710002191,0.049575000000004366,0.00619700000000023,0.055772000000004596,36.29796878391935,2.2686230489949595,11190272.0,11190272.0,0.0,0.0,30346.0,319.0,0.0,0.0,0.11000000000058208,0.0,1009033216.0,-6078464.0,0.0,0.0,3,raw/samples/n16_circom_compile_r1.csv,logs/n16_circom_compile_r1.log
16,env,r1cs_info,compile,1,,snarkjs r1cs info circuit.r1cs,True,0,process,2.333702104000622,0.9537969999999518,0.42201699999999676,1.3758139999999486,58.95413976108674,3.6846337350679215,207126528.0,72875319.6521739,0.0,0.0,4600417.0,2399.0,0.0,0.0,2.400000000008731,0.0,1154863104.0,36487168.0,0.0,0.0,25,raw/samples/n16_r1cs_info_r1.csv,logs/n16_r1cs_info_r1.log
16,env,r1cs_export_json,compile,1,,snarkjs r1cs export json circuit.r1cs circuit.r1cs.json,True,0,process,3.238469111000086,0.7254420000000437,0.3791489999999982,1.1045910000000418,34.10843093263064,2.131776933289415,146755584.0,87218242.06451613,0.0,0.0,3636624.0,343178.0,0.0,0.0,2.3399999999965075,0.0,1108389888.0,-21184512.0,0.0,0.0,34,raw/samples/n16_r1cs_export_json_r1.csv,logs/n16_r1cs_export_json_r1.log
16,env,zkey_setup,zkey,1,,snarkjs groth16 setup circuit.r1cs pot12_final.ptau circuit_0000.zkey,True,0,process,3.132910776999779,1.8468059999999582,0.4838200000000086,2.330625999999967,74.39171319879982,4.649482074924989,270192640.0,120368196.26666667,0.0,0.0,9347609.0,3124110.0,0.0,0.0,3.040000000008149,0.0,1222807552.0,6692864.0,0.0,0.0,33,raw/samples/n16_zkey_setup_r1.csv,logs/n16_zkey_setup_r1.log
16,env,zkey_contribute_1,zkey,1,,"snarkjs zkey contribute circuit_0000.zkey circuit_0001.zkey --name=""1st Contributor"" -v -e=""some random text""",True,0,process,2.5102242680004565,3.07116400000001,0.4309829999999977,3.502147000000008,139.51530325972337,8.71970645373271,218222592.0,80304469.33333333,0.0,0.0,5689872.0,1409668.0,0.0,0.0,4.059999999997672,0.0,1166102528.0,18341888.0,0.0,0.0,26,raw/samples/n16_zkey_contribute_1_r1.csv,logs/n16_zkey_contribute_1_r1.log
16,env,zkey_contribute_2,zkey,1,,"snarkjs zkey contribute circuit_0001.zkey circuit_0002.zkey --name=""2nd Contributor"" -v -e=""some random text""",True,0,process,2.538827561999824,3.0238780000000247,0.41312999999999533,3.43700800000002,135.37776458093526,8.461110286308454,218611712.0,81000038.4,0.0,0.0,5720091.0,1700829.0,0.0,0.0,4.180000000007567,0.0,1168269312.0,-11001856.0,0.0,0.0,27,raw/samples/n16_zkey_contribute_2_r1.csv,logs/n16_zkey_contribute_2_r1.log
16,env,zkey_export_bellman,zkey,1,,snarkjs zkey export bellman circuit_0002.zkey challenge_phase2_0003,True,0,process,3.1371860330000345,9.460335999999984,0.4135969999999958,9.87393299999998,314.73852350916263,19.671157719322665,223088640.0,105551462.4,0.0,0.0,4519020.0,3912.0,0.0,0.0,10.710000000006403,0.0,1176674304.0,39591936.0,0.0,0.0,33,raw/samples/n16_zkey_export_bellman_r1.csv,logs/n16_zkey_export_bellman_r1.log
16,env,zkey_bellman_contribute,zkey,1,,"snarkjs zkey bellman contribute bn128 challenge_phase2_0003 response_phase2_0003 -e=""some random text""",True,0,process,2.5218773659998988,3.2963470000000257,0.45273400000000663,3.7490810000000323,148.66230414473623,9.291394009046014,221253632.0,79598762.66666667,0.0,0.0,4614391.0,266392.0,0.0,0.0,4.25,0.0,1173499904.0,-2252800.0,0.0,0.0,26,raw/samples/n16_zkey_bellman_contribute_r1.csv,logs/n16_zkey_bellman_contribute_r1.log
16,env,zkey_import_bellman,zkey,1,,"snarkjs zkey import bellman circuit_0002.zkey response_phase2_0003 circuit_0003.zkey -n=""Third contribution""",True,0,process,3.277925661000154,10.077472999999998,0.5003779999999978,10.577850999999995,322.69953909731146,20.168721193581966,233463808.0,115680256.0,0.0,0.0,5670358.0,1494908.0,0.0,0.0,11.169999999998254,0.0,1184784384.0,18141184.0,0.0,0.0,34,raw/samples/n16_zkey_import_bellman_r1.csv,logs/n16_zkey_import_bellman_r1.log
16,env,zkey_verify,zkey,1,,snarkjs zkey verify circuit.r1cs pot12_final.ptau circuit_0003.zkey,True,0,process,3.3773253349991137,2.301852999999994,0.6959959999999938,2.997848999999988,88.76399821282763,5.547749888301727,321323008.0,130058798.54545455,0.0,0.0,11412462.0,11643.0,0.0,0.0,4.1600000000034925,0.0,1276403712.0,5926912.0,0.0,0.0,35,raw/samples/n16_zkey_verify_r1.csv,logs/n16_zkey_verify_r1.log
16,env,zkey_beacon,zkey,1,,"snarkjs zkey beacon circuit_0003.zkey circuit_final.zkey 0102030405060708090a0b0c0d0e0f101112131515161718191a1b1c1d1e1f 10 -n=""Final Beacon phase2""",True,0,process,2.541774744000577,3.064000999999962,0.4056160000000091,3.469616999999971,136.50371686906587,8.531482304316617,218009600.0,80466247.68,0.0,0.0,5691057.0,1699298.0,0.0,0.0,4.05000000000291,0.0,1167560704.0,-733184.0,0.0,0.0,27,raw/samples/n16_zkey_beacon_r1.csv,logs/n16_zkey_beacon_r1.log
16,env,zkey_verify_final,zkey,1,,snarkjs zkey verify circuit.r1cs pot12_final.ptau circuit_final.zkey,True,0,process,3.279304732000128,2.306117000000029,0.5854609999999951,2.891578000000024,88.17655681045477,5.511034800653423,357068800.0,132398208.0,0.0,0.0,11396352.0,10989.0,0.0,0.0,3.3300000000017462,0.0,1306910720.0,393216.0,0.0,0.0,34,raw/samples/n16_zkey_verify_final_r1.csv,logs/n16_zkey_verify_final_r1.log
16,env,zkey_export_vkey,zkey,1,,snarkjs zkey export verificationkey circuit_final.zkey verification_key.json,True,0,process,3.0957070829999793,1.0006730000000061,0.4199950000000001,1.4206680000000063,45.89155116779554,2.8682219479872213,215752704.0,105137629.86666666,0.0,0.0,4459604.0,2070.0,0.0,0.0,2.5199999999895226,0.0,1168420864.0,17633280.0,0.0,0.0,32,raw/samples/n16_zkey_export_vkey_r1.csv,logs/n16_zkey_export_vkey_r1.log
16,env,zkey_export_verifier,zkey,1,,snarkjs zkey export solidityverifier circuit_final.zkey verifier.sol,True,0,process,2.359472812000604,0.9407979999999725,0.3633430000000004,1.304140999999973,55.272558910911464,3.4545349319319665,214003712.0,71970459.82608695,0.0,0.0,4378764.0,1753.0,0.0,0.0,1.8800000000046566,0.0,1162702848.0,1507328.0,0.0,0.0,25,raw/samples/n16_zkey_export_verifier_r1.csv,logs/n16_zkey_export_verifier_r1.log
16,prove,fullprove_snarkjs,prove,1,snarkjs,snarkjs groth16 fullprove input.json circuit_js/circuit.wasm circuit_final.zkey proof.json public.json,True,0,process,3.1656711679997898,1.2625130000000127,0.6854040000000055,1.947917000000018,61.5325122738758,3.8457820171172377,346083328.0,141143667.61290324,0.0,0.0,5812461.0,10953.0,0.0,0.0,2.529999999998836,0.0,1296302080.0,-8019968.0,0.0,0.0,33,raw/samples/n16_fullprove_snarkjs_r1.csv,logs/n16_fullprove_snarkjs_r1.log
16,prove,fullprove_snarkjs,prove,2,snarkjs,snarkjs groth16 fullprove input.json circuit_js/circuit.wasm circuit_final.zkey proof.json public.json,True,0,process,3.238676800999201,1.3398139999999898,0.7001589999999993,2.039972999999989,62.98785353853814,3.9367408461586337,345436160.0,139021543.22580644,0.0,0.0,5814975.0,10476.0,0.0,0.0,3.25,0.0,1302233088.0,37474304.0,0.0,0.0,34,raw/samples/n16_fullprove_snarkjs_r2.csv,logs/n16_fullprove_snarkjs_r2.log
16,verify,verify_snarkjs,verify,1,snarkjs,snarkjs groth16 verify verification_key.json public.json proof.json,True,0,process,2.3758454629996777,0.9672630000000026,0.3579989999999924,1.325261999999995,55.78064822140222,3.4862905138376385,213749760.0,71459350.26086956,0.0,0.0,4218317.0,1436.0,0.0,0.0,1.6599999999889405,0.0,1169010688.0,14843904.0,0.0,0.0,25,raw/samples/n16_verify_snarkjs_r1.csv,logs/n16_verify_snarkjs_r1.log
16,verify,verify_snarkjs,verify,2,snarkjs,snarkjs groth16 verify verification_key.json public.json proof.json,True,0,process,2.3735901290001493,0.8661460000000147,0.4409880000000044,1.3071340000000191,55.06991219881067,3.441869512425667,212639744.0,72242398.60869566,0.0,0.0,4221249.0,1436.0,0.0,0.0,1.7899999999935972,0.0,1158815744.0,32010240.0,0.0,0.0,25,raw/samples/n16_verify_snarkjs_r2.csv,logs/n16_verify_snarkjs_r2.log
16,prove,witness_rapidsnark,prove,1,rapidsnark,snarkjs wtns calculate circuit_js/circuit.wasm input.json witness.wtns,True,0,process,2.171784834999926,0.16132399999997915,0.22883899999999358,0.3901629999999727,17.965085385633337,1.1228178366020836,67301376.0,62607750.0952381,0.0,0.0,3055543.0,148.0,0.0,0.0,1.3699999999953434,0.0,1027112960.0,8560640.0,0.0,0.0,23,raw/samples/n16_witness_rapidsnark_r1.csv,logs/n16_witness_rapidsnark_r1.log
16,prove,prove_rapidsnark,prove,1,rapidsnark,docker exec debian_rapidsnark mnt/projet/rapidsnark/package/bin/prover mnt/projet/16/circuit_final.zkey mnt/projet/16/witness.wtns mnt/projet/16/proof.json mnt/projet/16/public.json,True,0,system,0.15596371100036777,0.020943999999985863,0.0,0.2500000000027285,160.29369806553206,10.018356129095753,24248320.0,24248320.0,0.0,0.0,12965.0,1004.0,0.0,0.0,0.2500000000027285,0.05000000000000426,1016082432.0,7933952.0,0.0,0.0,3,raw/samples/n16_prove_rapidsnark_r1.csv,logs/n16_prove_rapidsnark_r1.log
16,prove,witness_rapidsnark,prove,2,rapidsnark,snarkjs wtns calculate circuit_js/circuit.wasm input.json witness.wtns,True,0,process,2.14437474999977,0.16942200000005414,0.20857800000000282,0.37800000000005696,17.62751589945263,1.1017197437157893,67141632.0,62451907.047619045,0.0,0.0,3126037.0,252.0,0.0,0.0,0.7799999999988358,0.0,1033707520.0,1720320.0,0.0,0.0,23,raw/samples/n16_witness_rapidsnark_r2.csv,logs/n16_witness_rapidsnark_r2.log
16,prove,prove_rapidsnark,prove,2,rapidsnark,docker exec debian_rapidsnark mnt/projet/rapidsnark/package/bin/prover mnt/projet/16/circuit_final.zkey mnt/projet/16/witness.wtns mnt/projet/16/proof.json mnt/projet/16/public.json,True,0,system,0.14295981399936863,0.0117029999999545,0.007801999999998088,0.2400000000034197,167.87934545331714,10.492459090832321,23986176.0,23986176.0,0.0,0.0,12973.0,1012.0,0.0,0.0,0.2400000000034197,0.05999999999999517,1019539456.0,1855488.0,0.0,0.0,3,raw/samples/n16_prove_rapidsnark_r2.csv,logs/n16_prove_rapidsnark_r2.log
16,verify,verify_rapidsnark,verify,1,rapidsnark,snarkjs groth16 verify verification_key.json public.json proof.json,True,0,process,2.430013823000081,0.924111000000039,0.4538350000000122,1.3779460000000512,56.70527414115064,3.544079633821915,155652096.0,66992929.39130435,0.0,0.0,4107200.0,428.0,0.0,0.0,1.9399999999877764,0.0,1111187456.0,28078080.0,0.0,12288.0,26,raw/samples/n16_verify_rapidsnark_r1.csv,logs/n16_verify_rapidsnark_r1.log
16,verify,verify_rapidsnark,verify,2,rapidsnark,snarkjs groth16 verify verification_key.json public.json proof.json,True,0,process,2.290329108000151,0.9096589999999765,0.46108199999999044,1.370740999999967,59.84908436136753,3.7405677725854707,209854464.0,71522862.54545455,0.0,0.0,4226847.0,1276.0,0.0,0.0,2.5599999999976717,0.0,1157857280.0,15917056.0,0.0,0.0,24,raw/samples/n16_verify_rapidsnark_r2.csv,logs/n16_verify_rapidsnark_r2.log
32,env,ptau_new,ptau,1,,snarkjs powersoftau new bn128 13 pot13_0000.ptau -v,True,0,process,2.679162016000191,1.3167290000000094,0.5362840000000091,1.8530130000000185,69.16390232967106,4.322743895604441,259141632.0,90428179.6923077,0.0,0.0,4246366.0,3181770.0,0.0,0.0,2.4499999999970896,0.0,1211146240.0,27795456.0,0.0,0.0,28,raw/samples/n32_ptau_new_r1.csv,logs/n32_ptau_new_r1.log
32,env,ptau_contribute_1,ptau,1,,"snarkjs powersoftau contribute pot13_0000.ptau pot13_0001.ptau --name=""First contribution"" -v -e=""some random text""",True,0,process,4.300122234999435,22.628062,0.6732629999999915,23.30132499999999,541.8758753029506,33.86724220643441,282652672.0,145540729.9047619,0.0,0.0,10469251.0,3193059.0,0.0,0.0,24.17000000000735,0.010000000000005116,1235382272.0,15654912.0,0.0,24576.0,44,raw/samples/n32_ptau_contribute_1_r1.csv,logs/n32_ptau_contribute_1_r1.log
32,env,ptau_contribute_2,ptau,1,,"snarkjs powersoftau contribute pot13_0001.ptau pot13_0002.ptau --name=""Second contribution"" -v -e=""some random text""",True,0,process,4.00075822099916,21.962131999999997,0.5452319999999986,22.507363999999995,562.5774604889507,35.16109128055942,251748352.0,138090968.6153846,0.0,0.0,10510452.0,3193614.0,0.0,0.0,23.10000000000582,0.0,1198010368.0,25747456.0,0.0,0.0,41,raw/samples/n32_ptau_contribute_2_r1.csv,logs/n32_ptau_contribute_2_r1.log
32,env,ptau_export_challenge,ptau,1,,snarkjs powersoftau export challenge pot13_0002.ptau challenge_0003,True,0,process,2.5011157219996676,0.9992119999999431,0.49764600000000314,1.4968579999999463,59.84761068165183,3.7404756676032394,232017920.0,78363306.66666667,0.0,0.0,6368402.0,2085638.0,0.0,0.0,2.039999999993597,0.0,1179029504.0,12673024.0,0.0,0.0,26,raw/samples/n32_ptau_export_challenge_r1.csv,logs/n32_ptau_export_challenge_r1.log
32,env,ptau_challenge_contribute,ptau,1,,"snarkjs powersoftau challenge contribute bn128 challenge_0003 response_0003 -e=""some random text""",True,0,process,4.066985882999688,21.424260000000004,0.5368189999999942,21.961078999999998,539.9841462887537,33.749009143047104,264241152.0,139897619.69230768,0.0,0.0,10469200.0,1321126.0,0.0,0.0,22.970000000001164,0.0,1210355712.0,-9306112.0,0.0,0.0,41,raw/samples/n32_ptau_challenge_contribute_r1.csv,logs/n32_ptau_challenge_contribute_r1.log
32,env,ptau_import_response,ptau,1,,"snarkjs powersoftau import response pot13_0002.ptau response_0003 pot13_0003.ptau -n=""Third contribution""",True,0,process,2.813091252999584,5.373961000000008,0.34334900000000346,5.717310000000012,203.23940767665022,12.702462979790639,243806208.0,96759201.18518518,0.0,0.0,8015308.0,3186650.0,0.0,0.0,6.480000000010477,0.0,1189552128.0,-1183744.0,0.0,0.0,29,raw/samples/n32_ptau_import_response_r1.csv,logs/n32_ptau_import_response_r1.log
32,env,ptau_verify,ptau,1,,snarkjs powersoftau verify pot13_0003.ptau,True,0,process,2.826196772000003,2.0488980000000083,0.6279290000000088,2.676827000000017,94.71481343833388,5.919675839895867,313393152.0,100283885.03703703,0.0,0.0,7400774.0,13174.0,0.0,0.0,3.2299999999959255,0.0,1258528768.0,-4321280.0,0.0,16384.0,30,raw/samples/n32_ptau_verify_r1.csv,logs/n32_ptau_verify_r1.log
32,env,ptau_beacon,ptau,1,,"snarkjs powersoftau beacon pot13_0003.ptau pot13_beacon.ptau 0102030405060708090a0b0c0d0e0f101112131015161718191a1b1c1d1e1f 10 -n=""Final Beacon""",True,0,process,3.9519159970004694,21.694897000000083,0.48101199999999267,22.175909000000075,561.143228166584,35.0714517604115,253947904.0,136551154.52631578,0.0,0.0,9514665.0,3188510.0,0.0,0.0,23.00999999999476,0.0,1209270272.0,30425088.0,0.0,0.0,41,raw/samples/n32_ptau_beacon_r1.csv,logs/n32_ptau_beacon_r1.log
32,env,ptau_prepare_phase2,ptau,1,,snarkjs powersoftau prepare phase2 pot13_beacon.ptau pot13_final.ptau -v,True,0,process,26.337915918000363,245.16215799999998,0.837994000000009,246.00015199999999,934.0152530135229,58.37595331334518,286339072.0,225693142.4864865,0.0,0.0,10645755.0,9544785.0,0.0,0.0,248.75,0.0,1234161664.0,-5365760.0,0.0,0.0,261,raw/samples/n32_ptau_prepare_phase2_r1.csv,logs/n32_ptau_prepare_phase2_r1.log
32,env,ptau_verify_final,ptau,1,,snarkjs powersoftau verify pot13_final.ptau,True,0,process,4.025286154000241,9.200162999999975,1.3145789999999948,10.51474199999997,261.2172550652244,16.326078441576524,632152064.0,218420145.23076922,0.0,0.0,20309576.0,186558.0,0.0,0.0,11.429999999993015,0.0,1587314688.0,-20713472.0,0.0,0.0,41,raw/samples/n32_ptau_verify_final_r1.csv,logs/n32_ptau_verify_final_r1.log
32,env,circom_compile,compile,1,,circom --r1cs --wasm --sym --inspect circuit.circom,True,0,process,0.17994665399965015,0.057684999999992215,0.017749999999992383,0.0754349999999846,41.92075724849613,2.620047328031008,11841536.0,11841536.0,0.0,0.0,30346.0,303.0,0.0,0.0,0.13999999999941792,0.0,1010061312.0,1503232.0,0.0,0.0,3,raw/samples/n32_circom_compile_r1.csv,logs/n32_circom_compile_r1.log
32,env,r1cs_info,compile,1,,snarkjs r1cs info circuit.r1cs,True,0,process,2.376896009999655,0.8746260000000348,0.4369180000000057,1.3115440000000405,55.17885487974002,3.4486784299837514,235147264.0,73497377.39130434,0.0,0.0,5024378.0,1796.0,0.0,0.0,1.820000000006985,0.0,1192382464.0,33820672.0,0.0,69632.0,25,raw/samples/n32_r1cs_info_r1.csv,logs/n32_r1cs_info_r1.log
32,env,r1cs_export_json,compile,1,,snarkjs r1cs export json circuit.r1cs circuit.r1cs.json,True,0,process,3.638215850999586,0.9687139999999772,0.3570610000000016,1.3257749999999788,36.44025132911581,2.277515708069738,146509824.0,93563991.77142857,0.0,0.0,4026576.0,1006020.0,0.0,0.0,2.139999999999418,0.0,1109557248.0,-19255296.0,0.0,0.0,38,raw/samples/n32_r1cs_export_json_r1.csv,logs/n32_r1cs_export_json_r1.log
32,env,zkey_setup,zkey,1,,snarkjs groth16 setup circuit.r1cs pot13_final.ptau circuit_0000.zkey,True,0,process,4.06816127699949,2.652372000000014,0.5803609999999964,3.2327330000000103,79.46422916606546,4.966514322879092,307585024.0,157526528.0,0.0,0.0,14454868.0,19382889.0,0.0,0.0,4.2700000000040745,0.0,1266356224.0,29442048.0,0.0,0.0,42,raw/samples/n32_zkey_setup_r1.csv,logs/n32_zkey_setup_r1.log
32,env,zkey_contribute_1,zkey,1,,"snarkjs zkey contribute circuit_0000.zkey circuit_0001.zkey --name=""1st Contributor"" -v -e=""some random text""",True,0,process,2.7777845410000737,5.296876999999995,0.4766429999999957,5.773519999999991,207.8462139443463,12.990388371521643,223576064.0,92634832.5925926,0.0,0.0,7051195.0,3157188.0,0.0,0.0,6.419999999998254,0.0,1182515200.0,15331328.0,0.0,0.0,29,raw/samples/n32_zkey_contribute_1_r1.csv,logs/n32_zkey_contribute_1_r1.log
32,env,zkey_contribute_2,zkey,1,,"snarkjs zkey contribute circuit_0001.zkey circuit_0002.zkey --name=""2nd Contributor"" -v -e=""some random text""",True,0,process,2.8349225960000695,5.5162540000000035,0.44935100000000716,5.965605000000011,210.43272957142372,13.152045598213983,214401024.0,91458066.96296297,0.0,0.0,6958557.0,3109492.0,0.0,0.0,6.3399999999965075,0.0,1174122496.0,3428352.0,0.0,0.0,30,raw/samples/n32_zkey_contribute_2_r1.csv,logs/n32_zkey_contribute_2_r1.log
32,env,zkey_export_bellman,zkey,1,,snarkjs zkey export bellman circuit_0002.zkey challenge_phase2_0003,True,0,process,4.154881004999879,19.313192999999956,0.5350799999999936,19.84827299999995,477.7097822083241,29.856861388020256,232976384.0,129365094.4,0.0,0.0,4783852.0,4944.0,0.0,0.0,20.869999999995343,0.0,1190203392.0,14589952.0,0.0,0.0,43,raw/samples/n32_zkey_export_bellman_r1.csv,logs/n32_zkey_export_bellman_r1.log
32,env,zkey_bellman_contribute,zkey,1,,"snarkjs zkey bellman contribute bn128 challenge_phase2_0003 response_phase2_0003 -e=""some random text""",True,0,process,2.760992566999448,5.2582270000000335,0.4658370000000076,5.724064000000041,207.31906591913636,12.957441619946023,229466112.0,91821549.03703703,0.0,0.0,6328287.0,2490812.0,0.0,0.0,6.279999999998836,0.0,1182842880.0,9375744.0,0.0,0.0,29,raw/samples/n32_zkey_bellman_contribute_r1.csv,logs/n32_zkey_bellman_contribute_r1.log
32,env,zkey_import_bellman,zkey,1,,"snarkjs zkey import bellman circuit_0002.zkey response_phase2_0003 circuit_0003.zkey -n=""Third contribution""",True,0,process,4.346192480999889,21.672780999999986,0.49422900000000425,22.16700999999999,510.03286432680557,31.877054020425348,242040832.0,142699471.23809522,0.0,0.0,5792106.0,1188876.0,0.0,0.0,23.29999999998836,0.0,1196158976.0,8077312.0,0.0,0.0,44,raw/samples/n32_zkey_import_bellman_r1.csv,logs/n32_zkey_import_bellman_r1.log
32,env,zkey_verify,zkey,1,,snarkjs zkey verify circuit.r1cs pot13_final.ptau circuit_0003.zkey,True,0,process,4.209073473999524,3.498572999999965,0.7803849999999954,4.27895799999996,101.66033038938689,6.35377064933668,442114048.0,172614431.2195122,0.0,0.0,18361998.0,13097.0,0.0,0.0,5.040000000008149,0.0,1389944832.0,2781184.0,0.0,57344.0,43,raw/samples/n32_zkey_verify_r1.csv,logs/n32_zkey_verify_r1.log
32,env,zkey_beacon,zkey,1,,"snarkjs zkey beacon circuit_0003.zkey circuit_final.zkey 0102030405060708090a0b0c0d0e0f101112131515161718191a1b1c1d1e1f 10 -n=""Final Beacon phase2""",True,0,process,2.868159163999735,5.673483000000033,0.5159419999999955,6.189425000000028,215.7978217418272,13.4873638588642,223477760.0,94877110.85714285,0.0,0.0,7009624.0,3639192.0,0.0,0.0,6.860000000000582,0.0,1169104896.0,28983296.0,0.0,0.0,30,raw/samples/n32_zkey_beacon_r1.csv,logs/n32_zkey_beacon_r1.log
32,env,zkey_verify_final,zkey,1,,snarkjs zkey verify circuit.r1cs pot13_final.ptau circuit_final.zkey,True,0,process,4.281362521999654,3.7235729999999876,0.7595570000000009,4.4831299999999885,104.71269314297864,6.544543321436165,359604224.0,170958945.52380952,0.0,0.0,18337480.0,14805.0,0.0,0.0,5.570000000006985,0.0,1312735232.0,14491648.0,0.0,0.0,44,raw/samples/n32_zkey_verify_final_r1.csv,logs/n32_zkey_verify_final_r1.log
32,env,zkey_export_vkey,zkey,1,,snarkjs zkey export verificationkey circuit_final.zkey verification_key.json,True,0,process,3.0270770360002643,0.961956999999984,0.425335000000004,1.387291999999988,45.829425003106095,2.864339062694131,210522112.0,102442937.37931034,0.0,0.0,4419228.0,1894.0,0.0,0.0,2.039999999993597,0.0,1162600448.0,14127104.0,0.0,0.0,32,raw/samples/n32_zkey_export_vkey_r1.csv,logs/n32_zkey_export_vkey_r1.log
32,env,zkey_export_verifier,zkey,1,,snarkjs zkey export solidityverifier circuit_final.zkey verifier.sol,True,0,process,2.3257507929993153,0.9105030000000625,0.46915900000000477,1.3796620000000672,59.321144989091415,3.7075715618182135,142495744.0,66894382.54545455,0.0,0.0,4091648.0,688.0,0.0,0.0,1.8099999999976717,0.0,1100324864.0,18292736.0,0.0,0.0,25,raw/samples/n32_zkey_export_verifier_r1.csv,logs/n32_zkey_export_verifier_r1.log
32,prove,fullprove_snarkjs,prove,1,snarkjs,snarkjs groth16 fullprove input.json circuit_js/circuit.wasm circuit_final.zkey proof.json public.json,True,0,process,3.276972286000273,1.568031000000019,0.8392039999999952,2.4072350000000142,73.45911987977715,4.591194992486072,446439424.0,169835008.0,0.0,0.0,7226334.0,10546.0,0.0,0.0,3.639999999999418,0.0,1399255040.0,-26775552.0,0.0,0.0,34,raw/samples/n32_fullprove_snarkjs_r1.csv,logs/n32_fullprove_snarkjs_r1.log
32,prove,fullprove_snarkjs,prove,2,snarkjs,snarkjs groth16 fullprove input.json circuit_js/circuit.wasm circuit_final.zkey proof.json public.json,True,0,process,3.2591401169993333,1.4809599999999818,0.8703029999999927,2.3512629999999746,72.14366107600078,4.508978817250049,451248128.0,163820048.51612905,0.0,0.0,7143916.0,9436.0,0.0,0.0,3.139999999999418,0.0,1403674624.0,20926464.0,0.0,0.0,34,raw/samples/n32_fullprove_snarkjs_r2.csv,logs/n32_fullprove_snarkjs_r2.log
32,verify,verify_snarkjs,verify,1,snarkjs,snarkjs groth16 verify verification_key.json public.json proof.json,True,0,process,2.3669841760001873,1.002642999999921,0.4520219999999995,1.4546649999999204,61.456473378629184,3.841029586164324,217047040.0,72704534.26086956,0.0,0.0,4215094.0,5524.0,0.0,0.0,2.389999999999418,0.0,1181384704.0,45895680.0,0.0,0.0,25,raw/samples/n32_verify_snarkjs_r1.csv,logs/n32_verify_snarkjs_r1.log
32,verify,verify_snarkjs,verify,2,snarkjs,snarkjs groth16 verify verification_key.json public.json proof.json,True,0,process,2.412796440999955,0.9810740000000351,0.38708400000000154,1.3681580000000366,56.70424478216736,3.54401529888546,198520832.0,69138877.2173913,0.0,0.0,4130403.0,756.0,0.0,0.0,2.389999999999418,0.0,1145638912.0,25284608.0,0.0,0.0,25,raw/samples/n32_verify_snarkjs_r2.csv,logs/n32_verify_snarkjs_r2.log
32,prove,witness_rapidsnark,prove,1,rapidsnark,snarkjs wtns calculate circuit_js/circuit.wasm input.json witness.wtns,True,0,process,2.2112617080001655,0.19703100000003815,0.21069599999999866,0.4077270000000368,18.43865873157002,1.1524161707231262,67399680.0,62163041.52380952,0.0,0.0,3050556.0,148.0,0.0,0.0,0.9499999999970896,0.0,1022685184.0,12046336.0,0.0,0.0,23,raw/samples/n32_witness_rapidsnark_r1.csv,logs/n32_witness_rapidsnark_r1.log
32,prove,prove_rapidsnark,prove,1,rapidsnark,docker exec debian_rapidsnark mnt/projet/rapidsnark/package/bin/prover mnt/projet/32/circuit_final.zkey mnt/projet/32/witness.wtns mnt/projet/32/proof.json mnt/projet/32/public.json,True,0,system,0.161148490999949,0.014069999999946958,0.004690000000010741,0.2599999999993088,161.34187691487045,10.083867307179403,24379392.0,24379392.0,0.0,0.0,12973.0,1012.0,0.0,0.0,0.2599999999993088,0.12999999999999545,1012621312.0,-569344.0,0.0,0.0,3,raw/samples/n32_prove_rapidsnark_r1.csv,logs/n32_prove_rapidsnark_r1.log
32,prove,witness_rapidsnark,prove,2,rapidsnark,snarkjs wtns calculate circuit_js/circuit.wasm input.json witness.wtns,True,0,process,2.09653968099974,0.17140200000005734,0.2112989999999968,0.38270100000005414,18.25393544745894,1.1408709654661837,67428352.0,62382080.0,0.0,0.0,3052245.0,148.0,0.0,0.0,0.9100000000034925,0.0,1030397952.0,7417856.0,0.0,0.0,22,raw/samples/n32_witness_rapidsnark_r2.csv,logs/n32_witness_rapidsnark_r2.log
32,prove,prove_rapidsnark,prove,2,rapidsnark,docker exec debian_rapidsnark mnt/projet/rapidsnark/package/bin/prover mnt/projet/32/circuit_final.zkey mnt/projet/32/witness.wtns mnt/projet/32/proof.json mnt/projet/32/public.json,True,0,system,0.1557066240002314,0.016046999999957734,0.0032099999999957163,0.28999999999814463,186.24769617875324,11.640481011172078,24510464.0,24510464.0,57344.0,0.0,12973.0,1012.0,0.3512214098220942,0.0,0.28999999999814463,0.13000000000000256,1018093568.0,-3608576.0,0.0,0.0,3,raw/samples/n32_prove_rapidsnark_r2.csv,logs/n32_prove_rapidsnark_r2.log
32,verify,verify_rapidsnark,verify,1,rapidsnark,snarkjs groth16 verify verification_key.json public.json proof.json,True,0,process,2.4965765010001633,1.1561020000000326,0.6640450000000016,1.8201470000000342,72.90571705977598,4.556607316235999,210104320.0,72398506.66666667,0.0,0.0,4236183.0,1372.0,0.0,0.0,2.970000000001164,0.0,1164034048.0,19353600.0,0.0,12288.0,26,raw/samples/n32_verify_rapidsnark_r1.csv,logs/n32_verify_rapidsnark_r1.log
32,verify,verify_rapidsnark,verify,2,rapidsnark,snarkjs groth16 verify verification_key.json public.json proof.json,True,0,process,2.3962503250004374,0.9350170000000162,0.4061530000000033,1.3411700000000195,55.96952814183863,3.4980955088649144,206086144.0,70198494.60869566,0.0,0.0,4208074.0,996.0,0.0,0.0,1.9400000000023283,0.0,1155239936.0,29159424.0,0.0,0.0,25,raw/samples/n32_verify_rapidsnark_r2.csv,logs/n32_verify_rapidsnark_r2.log
64,env,ptau_new,ptau,1,,snarkjs powersoftau new bn128 14 pot14_0000.ptau -v,True,0,process,2.783101672999692,1.3641920000000027,0.608233999999996,1.9724259999999987,70.87150351478435,4.429468969674022,259731456.0,96131299.55555555,0.0,0.0,4260731.0,6328546.0,0.0,0.0,2.60999999998603,0.0,1212788736.0,29155328.0,0.0,0.0,29,raw/samples/n64_ptau_new_r1.csv,logs/n64_ptau_new_r1.log
64,env,ptau_contribute_1,ptau,1,,"snarkjs powersoftau contribute pot14_0000.ptau pot14_0001.ptau --name=""First contribution"" -v -e=""some random text""",True,0,process,5.978590460000305,43.33046300000001,0.7422860000000071,44.072749000000016,737.1762507378331,46.07351567111457,298721280.0,180997649.6551724,0.0,0.0,16846670.0,6343341.0,0.0,0.0,44.39000000000942,0.00999999999999801,1247174656.0,10362880.0,0.0,24576.0,60,raw/samples/n64_ptau_contribute_1_r1.csv,logs/n64_ptau_contribute_1_r1.log
64,env,ptau_contribute_2,ptau,1,,"snarkjs powersoftau contribute pot14_0001.ptau pot14_0002.ptau --name=""Second contribution"" -v -e=""some random text""",True,0,process,5.8552682660001665,44.03527999999994,0.6641139999999979,44.69939399999994,763.4047146832925,47.71279466770578,291397632.0,175164793.2631579,0.0,0.0,16743179.0,6346006.0,0.0,0.0,45.16000000000349,0.0,1242718208.0,17866752.0,0.0,0.0,59,raw/samples/n64_ptau_contribute_2_r1.csv,logs/n64_ptau_contribute_2_r1.log
64,env,ptau_export_challenge,ptau,1,,snarkjs powersoftau export challenge pot14_0002.ptau challenge_0003,True,0,process,2.63240100099938,1.1909349999999677,0.5296369999999939,1.7205719999999616,65.3613184065328,4.0850824004083,252002304.0,84037304.32,0.0,0.0,9474093.0,4202062.0,0.0,0.0,2.4199999999982538,0.0,1202970624.0,16273408.0,0.0,0.0,28,raw/samples/n64_ptau_export_challenge_r1.csv,logs/n64_ptau_export_challenge_r1.log
64,env,ptau_challenge_contribute,ptau,1,,"snarkjs powersoftau challenge contribute bn128 challenge_0003 response_0003 -e=""some random text""",True,0,process,5.710020950999933,41.84778199999994,0.6550409999999971,42.502822999999935,744.3549395831357,46.52218372394598,297574400.0,180288716.8,0.0,0.0,16787247.0,2639470.0,0.0,0.0,43.470000000001164,0.0,1244250112.0,-37167104.0,0.0,16384.0,58,raw/samples/n64_ptau_challenge_contribute_r1.csv,logs/n64_ptau_challenge_contribute_r1.log
64,env,ptau_import_response,ptau,1,,"snarkjs powersoftau import response pot14_0002.ptau response_0003 pot14_0003.ptau -n=""Third contribution""",True,0,process,3.3594862230002036,9.845495000000028,0.602800000000002,10.44829500000003,311.0087170016472,19.43804481260295,273895424.0,116577621.33333333,0.0,0.0,13625855.0,6344105.0,0.0,0.0,11.070000000006985,0.0,1221877760.0,32141312.0,0.0,0.0,35,raw/samples/n64_ptau_import_response_r1.csv,logs/n64_ptau_import_response_r1.log
64,env,ptau_verify,ptau,1,,snarkjs powersoftau verify pot14_0003.ptau,True,0,process,3.0721675539998614,2.80848600000013,0.6967300000000023,3.5052160000001322,114.09586028068215,7.130991267542634,372428800.0,122232149.33333333,0.0,0.0,10551012.0,22311.0,0.0,0.0,4.1600000000034925,0.0,1319907328.0,-24739840.0,0.0,0.0,32,raw/samples/n64_ptau_verify_r1.csv,logs/n64_ptau_verify_r1.log
64,env,ptau_beacon,ptau,1,,"snarkjs powersoftau beacon pot14_0003.ptau pot14_beacon.ptau 0102030405060708090a0b0c0d0e0f101112131015161718191a1b1c1d1e1f 10 -n=""Final Beacon""",True,0,process,5.5275365850002345,42.05492400000003,0.6182780000000037,42.67320200000003,772.0112086783813,48.25070054239883,284082176.0,171269385.4814815,0.0,0.0,16833125.0,6350054.0,0.0,0.0,43.5,0.0,1240383488.0,14213120.0,0.0,0.0,56,raw/samples/n64_ptau_beacon_r1.csv,logs/n64_ptau_beacon_r1.log
64,env,ptau_prepare_phase2,ptau,1,,snarkjs powersoftau prepare phase2 pot14_beacon.ptau pot14_final.ptau -v,True,0,process,54.192637954999554,554.5861559999998,1.508696999999998,556.0948529999998,1026.1446461819583,64.13404038637239,356495360.0,273791869.11278194,0.0,0.0,16946159.0,19615200.0,0.0,0.0,557.9700000000012,0.0,1309646848.0,-1314816.0,0.0,0.0,534,raw/samples/n64_ptau_prepare_phase2_r1.csv,logs/n64_ptau_prepare_phase2_r1.log
64,env,ptau_verify_final,ptau,1,,snarkjs powersoftau verify pot14_final.ptau,True,0,process,4.792998797999644,14.573647000000165,1.9222089999999952,16.49585600000016,344.1656611072946,21.510353819205914,871350272.0,331999677.2173913,0.0,0.0,36020580.0,216838.0,0.0,0.0,17.710000000006403,0.0,1821601792.0,671744.0,0.0,0.0,49,raw/samples/n64_ptau_verify_final_r1.csv,logs/n64_ptau_verify_final_r1.log
64,env,circom_compile,compile,1,,circom --r1cs --wasm --sym --inspect circuit.circom,True,0,process,0.2348265350001384,0.0968119999999999,0.016136000000003037,0.11294800000000293,48.0984825671155,3.0061551604447185,15532032.0,14344192.0,0.0,0.0,30346.0,2418842.0,0.0,0.0,0.16000000000349246,0.0,1018564608.0,-196608.0,0.0,0.0,4,raw/samples/n64_circom_compile_r1.csv,logs/n64_circom_compile_r1.log
64,env,r1cs_info,compile,1,,snarkjs r1cs info circuit.r1cs,True,0,process,2.405211975000384,0.9143319999998312,0.43876400000000615,1.3530959999998373,56.256829504585404,3.5160518440365878,233103360.0,73415813.56521739,0.0,0.0,5789842.0,2020.0,0.0,0.0,1.9899999999906868,0.0,1185120256.0,19288064.0,0.0,0.0,25,raw/samples/n64_r1cs_info_r1.csv,logs/n64_r1cs_info_r1.log
64,env,r1cs_export_json,compile,1,,snarkjs r1cs export json circuit.r1cs circuit.r1cs.json,True,0,process,4.2628042830001505,1.4033180000001266,0.3517359999999883,1.755054000000115,41.171348330468334,2.573209270654271,203153408.0,110166315.70731707,0.0,0.0,4804744.0,2289134.0,0.0,0.0,3.3999999999941792,0.0,1173860352.0,-3403776.0,0.0,0.0,44,raw/samples/n64_r1cs_export_json_r1.csv,logs/n64_r1cs_export_json_r1.log
64,env,zkey_setup,zkey,1,,snarkjs groth16 setup circuit.r1cs pot14_final.ptau circuit_0000.zkey,True,0,process,5.683285698999498,4.160509999999931,0.7282130000000109,4.888722999999942,86.01930747315004,5.376206717071877,392220672.0,224406674.2857143,0.0,0.0,60286628.0,39914025.0,0.0,0.0,5.850000000005821,0.0,1351135232.0,7786496.0,0.0,0.0,58,raw/samples/n64_zkey_setup_r1.csv,logs/n64_zkey_setup_r1.log
64,env,zkey_contribute_1,zkey,1,,"snarkjs zkey contribute circuit_0000.zkey circuit_0001.zkey --name=""1st Contributor"" -v -e=""some random text""",True,0,process,3.225201475999711,10.040862000000061,0.5852780000000024,10.626140000000063,329.472130007205,20.592008125450313,231284736.0,108542414.4516129,0.0,0.0,9760684.0,6145134.0,0.0,0.0,11.529999999998836,0.0,1186369536.0,22233088.0,0.0,0.0,33,raw/samples/n64_zkey_contribute_1_r1.csv,logs/n64_zkey_contribute_1_r1.log
64,env,zkey_contribute_2,zkey,1,,"snarkjs zkey contribute circuit_0001.zkey circuit_0002.zkey --name=""2nd Contributor"" -v -e=""some random text""",True,0,process,3.195247689000098,9.805528999999979,0.5429759999999959,10.348504999999975,323.87176229328173,20.24198514333011,232259584.0,107702866.58064516,0.0,0.0,9827045.0,6152038.0,0.0,0.0,11.35000000000582,0.0,1182126080.0,9424896.0,0.0,0.0,33,raw/samples/n64_zkey_contribute_2_r1.csv,logs/n64_zkey_contribute_2_r1.log
64,env,zkey_export_bellman,zkey,1,,snarkjs zkey export bellman circuit_0002.zkey challenge_phase2_0003,True,0,process,5.700109821999831,40.65153200000009,0.5764609999999948,41.22799300000008,723.284187277915,45.205261704869685,258510848.0,165259190.85714287,0.0,0.0,8602504.0,4329380.0,0.0,0.0,41.88999999999942,0.0,1207812096.0,4775936.0,0.0,0.0,58,raw/samples/n64_zkey_export_bellman_r1.csv,logs/n64_zkey_export_bellman_r1.log
64,env,zkey_bellman_contribute,zkey,1,,"snarkjs zkey bellman contribute bn128 challenge_phase2_0003 response_phase2_0003 -e=""some random text""",True,0,process,3.1874571139996988,9.887581999999838,0.5588110000000057,10.446392999999844,327.7343859504185,20.483399121901158,252141568.0,107351931.87096775,0.0,0.0,8594022.0,4874216.0,0.0,0.0,11.620000000009895,0.0,1204916224.0,16175104.0,0.0,0.0,33,raw/samples/n64_zkey_bellman_contribute_r1.csv,logs/n64_zkey_bellman_contribute_r1.log
64,env,zkey_import_bellman,zkey,1,,"snarkjs zkey import bellman circuit_0002.zkey response_phase2_0003 circuit_0003.zkey -n=""Third contribution""",True,0,process,6.372818023999571,45.55298300000004,0.5668939999999907,46.11987700000003,723.696751206702,45.23104695041887,273534976.0,181741634.06451613,0.0,0.0,8669750.0,5134780.0,0.0,0.0,46.689999999987776,0.0,1227194368.0,5091328.0,0.0,0.0,64,raw/samples/n64_zkey_import_bellman_r1.csv,logs/n64_zkey_import_bellman_r1.log
64,env,zkey_verify,zkey,1,,snarkjs zkey verify circuit.r1cs pot14_final.ptau circuit_0003.zkey,True,0,process,6.019117269000162,5.939208000000008,0.8819390000000027,6.8211470000000105,113.3247068491336,7.08279417807085,510140416.0,239102889.22033897,0.0,0.0,68001872.0,15339.0,0.0,0.0,7.9799999999959255,0.0,1461891072.0,10915840.0,0.0,0.0,61,raw/samples/n64_zkey_verify_r1.csv,logs/n64_zkey_verify_r1.log
64,env,zkey_beacon,zkey,1,,"snarkjs zkey beacon circuit_0003.zkey circuit_final.zkey 0102030405060708090a0b0c0d0e0f101112131515161718191a1b1c1d1e1f 10 -n=""Final Beacon phase2""",True,0,process,3.104906605999531,9.947867999999971,0.5524610000000081,10.50032899999998,338.18501914712874,21.136563696695546,233365504.0,109839155.2,0.0,0.0,9770328.0,6155252.0,0.0,0.0,11.190000000002328,0.0,1182879744.0,33968128.0,0.0,0.0,32,raw/samples/n64_zkey_beacon_r1.csv,logs/n64_zkey_beacon_r1.log
64,env,zkey_verify_final,zkey,1,,snarkjs zkey verify circuit.r1cs pot14_final.ptau circuit_final.zkey,True,0,process,5.958462876999874,5.878827000000001,1.0579460000000012,6.936773000000002,116.41883390389962,7.2761771189937265,598872064.0,243182980.41379312,0.0,0.0,68012473.0,14225.0,0.0,0.0,8.369999999995343,0.0,1550589952.0,-2007040.0,0.0,0.0,60,raw/samples/n64_zkey_verify_final_r1.csv,logs/n64_zkey_verify_final_r1.log
64,env,zkey_export_vkey,zkey,1,,snarkjs zkey export verificationkey circuit_final.zkey verification_key.json,True,0,process,2.994583240000793,0.9348549999999705,0.4365880000000004,1.3714429999999709,45.79745794608828,2.8623411216305175,215883776.0,104170036.96551724,0.0,0.0,4487114.0,1958.0,0.0,0.0,2.0600000000122236,0.0,1166733312.0,16297984.0,0.0,0.0,31,raw/samples/n64_zkey_export_vkey_r1.csv,logs/n64_zkey_export_vkey_r1.log
64,env,zkey_export_verifier,zkey,1,,snarkjs zkey export solidityverifier circuit_final.zkey verifier.sol,True,0,process,2.341507653000008,0.9240019999999731,0.41587099999999566,1.3398729999999688,57.22266157376358,3.576416348360224,151093248.0,69274579.47826087,0.0,0.0,4380402.0,9389.0,0.0,0.0,1.8500000000058208,0.0,1121402880.0,20975616.0,0.0,0.0,25,raw/samples/n64_zkey_export_verifier_r1.csv,logs/n64_zkey_export_verifier_r1.log
64,prove,fullprove_snarkjs,prove,1,snarkjs,snarkjs groth16 fullprove input.json circuit_js/circuit.wasm circuit_final.zkey proof.json public.json,True,0,process,3.4190190879999136,1.9266090000000986,1.0905869999999993,3.017196000000098,88.24741606707795,5.515463504192372,648192000.0,225594399.03030303,0.0,0.0,9936285.0,9356.0,0.0,0.0,4.279999999998836,0.0,1602007040.0,-3002368.0,0.0,0.0,35,raw/samples/n64_fullprove_snarkjs_r1.csv,logs/n64_fullprove_snarkjs_r1.log
64,prove,fullprove_snarkjs,prove,2,snarkjs,snarkjs groth16 fullprove input.json circuit_js/circuit.wasm circuit_final.zkey proof.json public.json,True,0,process,3.5367406350005695,2.0422779999998966,1.167344,3.2096219999998965,90.75084466857943,5.6719277917862145,642527232.0,219248399.05882353,0.0,0.0,9955917.0,9772.0,0.0,0.0,4.110000000000582,0.0,1594556416.0,24858624.0,0.0,0.0,37,raw/samples/n64_fullprove_snarkjs_r2.csv,logs/n64_fullprove_snarkjs_r2.log
64,verify,verify_snarkjs,verify,1,snarkjs,snarkjs groth16 verify verification_key.json public.json proof.json,True,0,process,2.5127356080001846,1.1197700000000168,0.5263939999999963,1.646164000000013,65.5128217532663,4.094551359579143,197758976.0,70006101.33333333,0.0,0.0,4063041.0,700.0,0.0,0.0,3.360000000000582,0.0,1148092416.0,17154048.0,0.0,0.0,26,raw/samples/n64_verify_snarkjs_r1.csv,logs/n64_verify_snarkjs_r1.log
64,verify,verify_snarkjs,verify,2,snarkjs,snarkjs groth16 verify verification_key.json public.json proof.json,True,0,process,2.370833545000096,0.8593900000000758,0.42197800000000996,1.2813680000000858,54.04715158946487,3.377946974341554,215146496.0,72065202.08695652,0.0,0.0,4270778.0,2492.0,0.0,0.0,1.790000000008149,0.0,1162575872.0,20127744.0,0.0,0.0,25,raw/samples/n64_verify_snarkjs_r2.csv,logs/n64_verify_snarkjs_r2.log
64,prove,witness_rapidsnark,prove,1,rapidsnark,snarkjs wtns calculate circuit_js/circuit.wasm input.json witness.wtns,True,0,process,2.1167158410007687,0.16872600000010607,0.22680199999999218,0.39552800000009825,18.68592809382932,1.1678705058643326,67035136.0,62224793.6,0.0,0.0,3050654.0,148.0,0.0,0.0,0.9900000000052387,0.0,1029419008.0,13123584.0,0.0,0.0,22,raw/samples/n64_witness_rapidsnark_r1.csv,logs/n64_witness_rapidsnark_r1.log
64,prove,prove_rapidsnark,prove,1,rapidsnark,docker exec debian_rapidsnark mnt/projet/rapidsnark/package/bin/prover mnt/projet/64/circuit_final.zkey mnt/projet/64/witness.wtns mnt/projet/64/proof.json mnt/projet/64/public.json,True,0,system,0.1724603759994352,0.014088999999785301,0.007621999999997797,0.3699999999953434,214.54203485939004,13.408877178711878,24248320.0,24248320.0,0.0,0.0,12965.0,1004.0,0.0,0.0,0.3699999999953434,0.25,1018691584.0,-3715072.0,0.0,0.0,3,raw/samples/n64_prove_rapidsnark_r1.csv,logs/n64_prove_rapidsnark_r1.log
64,prove,witness_rapidsnark,prove,2,rapidsnark,snarkjs wtns calculate circuit_js/circuit.wasm input.json witness.wtns,True,0,process,2.1037743790002423,0.172760000000153,0.21165200000000084,0.38441200000015385,18.272491757544575,1.142030734846536,67096576.0,62476288.0,0.0,0.0,3054617.0,148.0,0.0,0.0,1.389999999999418,0.0,1031049216.0,4345856.0,0.0,0.0,22,raw/samples/n64_witness_rapidsnark_r2.csv,logs/n64_witness_rapidsnark_r2.log
64,prove,prove_rapidsnark,prove,2,rapidsnark,docker exec debian_rapidsnark mnt/projet/rapidsnark/package/bin/prover mnt/projet/64/circuit_final.zkey mnt/projet/64/witness.wtns mnt/projet/64/proof.json mnt/projet/64/public.json,True,0,system,0.18522144200051116,0.005883000000039829,0.011766000000008603,0.41999999999825377,226.75560424429406,14.172225265268379,24117248.0,24117248.0,0.0,0.0,12965.0,1004.0,0.0,0.0,0.41999999999825377,0.25,1014824960.0,-3358720.0,0.0,0.0,3,raw/samples/n64_prove_rapidsnark_r2.csv,logs/n64_prove_rapidsnark_r2.log
64,verify,verify_rapidsnark,verify,1,rapidsnark,snarkjs groth16 verify verification_key.json public.json proof.json,True,0,process,2.36159924399999,0.9469329999999445,0.4296139999999866,1.3765469999999311,58.28876357820925,3.643047723638078,216997888.0,72009638.95652173,0.0,0.0,4210473.0,5428.0,0.0,0.0,1.9400000000023283,0.0,1163907072.0,29470720.0,0.0,12288.0,25,raw/samples/n64_verify_rapidsnark_r1.csv,logs/n64_verify_rapidsnark_r1.log
64,verify,verify_rapidsnark,verify,2,rapidsnark,snarkjs groth16 verify verification_key.json public.json proof.json,True,0,process,2.3485853909996877,1.0150220000000445,0.3695120000000003,1.3845340000000448,58.951827142666104,3.6844891964166315,182358016.0,70737741.91304348,0.0,0.0,4214056.0,5796.0,0.0,0.0,2.1199999999953434,0.0,1141698560.0,39632896.0,0.0,0.0,25,raw/samples/n64_verify_rapidsnark_r2.csv,logs/n64_verify_rapidsnark_r2.log
128,env,ptau_new,ptau,1,,snarkjs powersoftau new bn128 15 pot15_0000.ptau -v,True,0,process,3.011785251999754,1.5511050000000068,0.6188540000000131,2.16995900000002,72.04892840746925,4.503058025466828,277090304.0,109080293.51724137,0.0,0.0,4209748.0,12622046.0,0.0,0.0,2.8699999999953434,0.0,1231347712.0,33923072.0,0.0,12288.0,31,raw/samples/n128_ptau_new_r1.csv,logs/n128_ptau_new_r1.log
128,env,ptau_contribute_1,ptau,1,,"snarkjs powersoftau contribute pot15_0000.ptau pot15_0001.ptau --name=""First contribution"" -v -e=""some random text""",True,0,process,8.996315409999625,83.364147,0.9310039999999873,84.29515099999999,936.9963941715946,58.56227463572466,362549248.0,217635234.9090909,0.0,0.0,29397825.0,12655054.0,0.0,0.0,85.54000000000815,0.0,1312174080.0,26984448.0,0.0,24576.0,90,raw/samples/n128_ptau_contribute_1_r1.csv,logs/n128_ptau_contribute_1_r1.log
128,env,ptau_contribute_2,ptau,1,,"snarkjs powersoftau contribute pot15_0001.ptau pot15_0002.ptau --name=""Second contribution"" -v -e=""some random text""",True,0,process,8.583389843999612,83.30000099999984,0.7504940000000033,84.05049499999984,979.2226209876393,61.201413811727456,357163008.0,220716519.6190476,0.0,0.0,29409180.0,12655253.0,0.0,0.0,85.09999999999127,0.0,1305038848.0,-18604032.0,0.0,0.0,86,raw/samples/n128_ptau_contribute_2_r1.csv,logs/n128_ptau_contribute_2_r1.log
128,env,ptau_export_challenge,ptau,1,,snarkjs powersoftau export challenge pot15_0002.ptau challenge_0003,True,0,process,2.8110750309997456,1.512038000000075,0.5244540000000057,2.036492000000081,72.4453092693087,4.527831829331793,285483008.0,102679589.92592593,0.0,0.0,16883604.0,12306222.0,0.0,0.0,2.8400000000110595,0.0,1232637952.0,21475328.0,0.0,16384.0,29,raw/samples/n128_ptau_export_challenge_r1.csv,logs/n128_ptau_export_challenge_r1.log
128,env,ptau_challenge_contribute,ptau,1,,"snarkjs powersoftau challenge contribute bn128 challenge_0003 response_0003 -e=""some random text""",True,0,process,8.755609918000118,82.43059599999992,0.7789959999999923,83.20959199999992,950.3574597234449,59.397341232715306,349237248.0,230839332.14117646,0.0,0.0,29424357.0,5803974.0,0.0,0.0,84.26000000000931,0.0,1299468288.0,-5406720.0,0.0,0.0,88,raw/samples/n128_ptau_challenge_contribute_r1.csv,logs/n128_ptau_challenge_contribute_r1.log
128,env,ptau_import_response,ptau,1,,"snarkjs powersoftau import response pot15_0002.ptau response_0003 pot15_0003.ptau -n=""Third contribution""",True,0,process,4.168562732000282,18.509628000000248,0.675815,19.185443000000248,460.24119662927865,28.765074789329915,335245312.0,154365337.6,0.0,0.0,21158560.0,12638082.0,0.0,0.0,20.389999999999418,0.0,1304666112.0,49524736.0,0.0,0.0,43,raw/samples/n128_ptau_import_response_r1.csv,logs/n128_ptau_import_response_r1.log
128,env,ptau_verify,ptau,1,,snarkjs powersoftau verify pot15_0003.ptau,True,0,process,3.4872690140000486,4.4260489999996935,0.8430820000000097,5.269130999999703,151.09620103428102,9.443512564642564,519258112.0,159023344.94117647,0.0,0.0,16873027.0,31871.0,0.0,0.0,6.309999999997672,0.0,1473134592.0,-40235008.0,0.0,0.0,36,raw/samples/n128_ptau_verify_r1.csv,logs/n128_ptau_verify_r1.log
128,env,ptau_beacon,ptau,1,,"snarkjs powersoftau beacon pot15_0003.ptau pot15_beacon.ptau 0102030405060708090a0b0c0d0e0f101112131015161718191a1b1c1d1e1f 10 -n=""Final Beacon""",True,0,process,8.476221832000192,81.65212100000008,0.7469619999999964,82.39908300000008,972.1204167748381,60.75752604842738,354390016.0,218940675.08433735,0.0,0.0,29369825.0,12655838.0,0.0,0.0,83.61000000000058,0.0,1306705920.0,31035392.0,0.0,0.0,85,raw/samples/n128_ptau_beacon_r1.csv,logs/n128_ptau_beacon_r1.log
128,env,ptau_prepare_phase2,ptau,1,,snarkjs powersoftau prepare phase2 pot15_beacon.ptau pot15_final.ptau -v,True,0,process,105.5200932709995,1152.464458,1.8754260000000045,1154.339884,1093.952675947124,68.37204224669524,525492224.0,381564768.3387873,0.0,0.0,29547417.0,37669148.0,0.0,0.0,1162.530000000007,0.010000000000005116,1484677120.0,516096.0,249856.0,0.0,1041,raw/samples/n128_ptau_prepare_phase2_r1.csv,logs/n128_ptau_prepare_phase2_r1.log
128,env,ptau_verify_final,ptau,1,,snarkjs powersoftau verify pot15_final.ptau,True,0,process,6.227379806000499,26.212160999999924,1.9486709999999903,28.160831999999914,452.2099643394973,28.26312277121858,1012555776.0,479620437.3333333,0.0,0.0,67578041.0,243070.0,0.0,0.0,30.210000000006403,0.0,1963380736.0,154689536.0,0.0,0.0,63,raw/samples/n128_ptau_verify_final_r1.csv,logs/n128_ptau_verify_final_r1.log
128,env,circom_compile,compile,1,,circom --r1cs --wasm --sym --inspect circuit.circom,True,0,process,0.3495670959991912,0.17053900000018984,0.025080000000002656,0.1956190000001925,55.960358465959594,3.4975224041224746,21798912.0,19397290.666666668,0.0,0.0,30347.0,4590504.0,0.0,0.0,0.22999999999592546,0.0,1136803840.0,-137912320.0,0.0,0.0,5,raw/samples/n128_circom_compile_r1.csv,logs/n128_circom_compile_r1.log
128,env,r1cs_info,compile,1,,snarkjs r1cs info circuit.r1cs,True,0,process,2.4674111159993117,1.077429999999822,0.3953379999999953,1.4727679999998173,59.68879650618499,3.730549781636562,267325440.0,80262144.0,0.0,0.0,7306469.0,2004.0,0.0,0.0,2.0800000000017462,0.0,1218850816.0,41226240.0,0.0,0.0,26,raw/samples/n128_r1cs_info_r1.csv,logs/n128_r1cs_info_r1.log
128,env,r1cs_export_json,compile,1,,snarkjs r1cs export json circuit.r1cs circuit.r1cs.json,True,0,process,5.265394172000015,1.8679950000000645,0.457406000000006,2.3254010000000704,44.163854101672825,2.7602408813545516,168333312.0,122732303.05882353,0.0,0.0,6365674.0,4894661.0,0.0,0.0,3.569999999992433,0.0,1252261888.0,-5296128.0,0.0,0.0,54,raw/samples/n128_r1cs_export_json_r1.csv,logs/n128_r1cs_export_json_r1.log
128,env,zkey_setup,zkey,1,,snarkjs groth16 setup circuit.r1cs pot15_final.ptau circuit_0000.zkey,True,0,process,7.00759157199991,7.44341200000008,0.9182129999999944,8.361625000000075,119.3223793665494,7.457648710409337,524201984.0,291542713.5072464,0.0,0.0,116441491.0,79129897.0,0.0,0.0,9.339999999996508,0.0,1478950912.0,17715200.0,0.0,0.0,71,raw/samples/n128_zkey_setup_r1.csv,logs/n128_zkey_setup_r1.log
128,env,zkey_contribute_1,zkey,1,,"snarkjs zkey contribute circuit_0000.zkey circuit_0001.zkey --name=""1st Contributor"" -v -e=""some random text""",True,0,process,3.9562945970001238,18.88244500000019,0.6344670000000008,19.51691200000019,493.31290988287293,30.832056867679558,247119872.0,135257357.47368422,0.0,0.0,15249997.0,10900110.0,0.0,0.0,20.710000000006403,0.0,1202987008.0,12918784.0,0.0,0.0,40,raw/samples/n128_zkey_contribute_1_r1.csv,logs/n128_zkey_contribute_1_r1.log
128,env,zkey_contribute_2,zkey,1,,"snarkjs zkey contribute circuit_0001.zkey circuit_0002.zkey --name=""2nd Contributor"" -v -e=""some random text""",True,0,process,3.8502964310000607,18.631401000000096,0.5781920000000014,19.209593000000098,498.91205376648554,31.182003360405346,245714944.0,133308083.8918919,0.0,0.0,15172621.0,10941450.0,0.0,0.0,19.830000000001746,0.0,1198211072.0,16515072.0,0.0,0.0,40,raw/samples/n128_zkey_contribute_2_r1.csv,logs/n128_zkey_contribute_2_r1.log
128,env,zkey_export_bellman,zkey,1,,snarkjs zkey export bellman circuit_0002.zkey challenge_phase2_0003,True,0,process,9.45507815899964,86.17615299999989,0.7425800000000038,86.91873299999989,919.2809571570587,57.455059822316166,311705600.0,203459584.0,0.0,0.0,10276319.0,5424476.0,0.0,0.0,88.0,0.0,1262026752.0,-12828672.0,0.0,0.0,94,raw/samples/n128_zkey_export_bellman_r1.csv,logs/n128_zkey_export_bellman_r1.log
128,env,zkey_bellman_contribute,zkey,1,,"snarkjs zkey bellman contribute bn128 challenge_phase2_0003 response_phase2_0003 -e=""some random text""",True,0,process,3.7386516010001287,18.634853999999905,0.5572229999999934,19.192076999999898,513.3422166126903,32.083888538293145,278065152.0,136889457.7777778,0.0,0.0,10773807.0,6646392.0,0.0,0.0,19.779999999998836,0.0,1227407360.0,12242944.0,0.0,0.0,38,raw/samples/n128_zkey_bellman_contribute_r1.csv,logs/n128_zkey_bellman_contribute_r1.log
128,env,zkey_import_bellman,zkey,1,,"snarkjs zkey import bellman circuit_0002.zkey response_phase2_0003 circuit_0003.zkey -n=""Third contribution""",True,0,process,10.390356859999883,92.01411000000007,0.7309750000000008,92.74508500000007,892.6073112757468,55.78795695473418,318431232.0,236461397.33333334,0.0,0.0,15095482.0,12718888.0,0.0,0.0,93.80000000000291,0.0,1268072448.0,9302016.0,0.0,0.0,104,raw/samples/n128_zkey_import_bellman_r1.csv,logs/n128_zkey_import_bellman_r1.log
128,env,zkey_verify,zkey,1,,snarkjs zkey verify circuit.r1cs pot15_final.ptau circuit_0003.zkey,True,0,process,7.64721414900032,10.108158999999887,1.3354770000000116,11.443635999999898,149.6445081441307,9.352781759008169,766984192.0,322691672.74666667,0.0,0.0,131696454.0,21667.0,0.0,0.0,12.749999999985448,0.0,1723555840.0,-12337152.0,0.0,0.0,77,raw/samples/n128_zkey_verify_r1.csv,logs/n128_zkey_verify_r1.log
128,env,zkey_beacon,zkey,1,,"snarkjs zkey beacon circuit_0003.zkey circuit_final.zkey 0102030405060708090a0b0c0d0e0f101112131515161718191a1b1c1d1e1f 10 -n=""Final Beacon phase2""",True,0,process,4.302244901000449,19.01041699999996,0.7476789999999909,19.758095999999952,459.2508435632147,28.703177722700918,248659968.0,139049057.52380952,0.0,0.0,15270772.0,13054262.0,0.0,0.0,21.44000000000233,0.0,1202692096.0,32587776.0,0.0,0.0,44,raw/samples/n128_zkey_beacon_r1.csv,logs/n128_zkey_beacon_r1.log
128,env,zkey_verify_final,zkey,1,,snarkjs zkey verify circuit.r1cs pot15_final.ptau circuit_final.zkey,True,0,process,7.686768485000357,10.257278999999926,1.5333679999999958,11.790646999999922,153.3888658544576,9.5868041159036,844410880.0,313866977.28,0.0,0.0,131647512.0,24789.0,0.0,0.0,12.680000000007567,0.0,1805746176.0,-24186880.0,0.0,0.0,78,raw/samples/n128_zkey_verify_final_r1.csv,logs/n128_zkey_verify_final_r1.log
128,env,zkey_export_vkey,zkey,1,,snarkjs zkey export verificationkey circuit_final.zkey verification_key.json,True,0,process,3.1028985470002226,0.9493569999999636,0.4801779999999951,1.4295349999999587,46.07095521643738,2.8794347010273365,213291008.0,103153117.86666666,0.0,0.0,4452647.0,1806.0,0.0,0.0,2.6499999999941792,0.0,1186971648.0,19427328.0,0.0,0.0,32,raw/samples/n128_zkey_export_vkey_r1.csv,logs/n128_zkey_export_vkey_r1.log
128,env,zkey_export_verifier,zkey,1,,snarkjs zkey export solidityverifier circuit_final.zkey verifier.sol,True,0,process,2.3545145339994633,0.9279410000003736,0.4277940000000058,1.3557350000003794,57.58023492415989,3.598764682759993,205086720.0,71006831.30434783,0.0,0.0,4332210.0,8966.0,0.0,0.0,1.9099999999889405,0.0,1158606848.0,-4685824.0,0.0,0.0,25,raw/samples/n128_zkey_export_verifier_r1.csv,logs/n128_zkey_export_verifier_r1.log
128,prove,fullprove_snarkjs,prove,1,snarkjs,snarkjs groth16 fullprove input.json circuit_js/circuit.wasm circuit_final.zkey proof.json public.json,True,0,process,3.6982077120001122,2.732079999999769,1.303401000000008,4.035480999999777,109.11991197534053,6.819994498458783,813150208.0,288419157.3333333,0.0,0.0,15500885.0,15040.0,0.0,0.0,4.80000000000291,0.0,1761329152.0,-14184448.0,0.0,0.0,38,raw/samples/n128_fullprove_snarkjs_r1.csv,logs/n128_fullprove_snarkjs_r1.log
128,prove,fullprove_snarkjs,prove,2,snarkjs,snarkjs groth16 fullprove input.json circuit_js/circuit.wasm circuit_final.zkey proof.json public.json,True,0,process,3.687113873999806,2.9037320000002182,1.3127210000000105,4.216453000000229,114.35646264502788,7.147278915314242,825212928.0,279046599.1111111,0.0,0.0,15477007.0,14841.0,0.0,0.0,5.559999999997672,0.0,1776484352.0,10280960.0,0.0,0.0,38,raw/samples/n128_fullprove_snarkjs_r2.csv,logs/n128_fullprove_snarkjs_r2.log
128,verify,verify_snarkjs,verify,1,snarkjs,snarkjs groth16 verify verification_key.json public.json proof.json,True,0,process,2.398170573999778,0.9187409999999545,0.4361159999999984,1.354856999999953,56.4954392606136,3.53096495378835,206299136.0,69818991.30434783,0.0,0.0,4134044.0,1004.0,0.0,0.0,1.9600000000064028,0.0,1151631360.0,28966912.0,0.0,0.0,25,raw/samples/n128_verify_snarkjs_r1.csv,logs/n128_verify_snarkjs_r1.log
128,verify,verify_snarkjs,verify,2,snarkjs,snarkjs groth16 verify verification_key.json public.json proof.json,True,0,process,2.3676422690004983,0.9472120000000359,0.4546969999999817,1.4019090000000176,59.2111831400879,3.7006989462554936,213532672.0,71275386.43478261,0.0,0.0,4181144.0,2692.0,0.0,0.0,2.0,0.0,1159077888.0,28712960.0,0.0,0.0,25,raw/samples/n128_verify_snarkjs_r2.csv,logs/n128_verify_snarkjs_r2.log
128,prove,witness_rapidsnark,prove,1,rapidsnark,snarkjs wtns calculate circuit_js/circuit.wasm input.json witness.wtns,True,0,process,2.1633841620005114,0.22996699999976045,0.17867599999999584,0.4086429999997563,18.889063125149182,1.1805664453218239,67563520.0,62177084.952380955,0.0,0.0,3062233.0,148.0,0.0,0.0,1.1999999999970896,0.0,1030778880.0,17227776.0,0.0,0.0,23,raw/samples/n128_witness_rapidsnark_r1.csv,logs/n128_witness_rapidsnark_r1.log
128,prove,prove_rapidsnark,prove,1,rapidsnark,docker exec debian_rapidsnark mnt/projet/rapidsnark/package/bin/prover mnt/projet/128/circuit_final.zkey mnt/projet/128/witness.wtns mnt/projet/128/proof.json mnt/projet/128/public.json,False,1,system,0.10626108500036935,0.013683000000128231,0.009121000000021695,0.10000000000582077,94.10782884954844,5.8817393030967775,23986176.0,23986176.0,98304.0,0.0,13020.0,1221.0,0.8822608954131622,0.0,0.10000000000582077,0.0,1013293056.0,-4526080.0,0.0,0.0,3,raw/samples/n128_prove_rapidsnark_r1.csv,logs/n128_prove_rapidsnark_r1.log
128,verify,verify_rapidsnark,verify,1,rapidsnark,snarkjs groth16 verify verification_key.json public.json proof.json,True,0,process,2.333686621000197,0.9894100000001345,0.41595399999999927,1.4053640000001337,60.220767748062386,3.763797984253899,150392832.0,69617218.7826087,0.0,0.0,4248818.0,6116.0,0.0,0.0,1.9499999999970896,0.0,1106604032.0,33939456.0,0.0,0.0,25,raw/samples/n128_verify_rapidsnark_r1.csv,logs/n128_verify_rapidsnark_r1.log
128,verify,verify_rapidsnark,verify,2,rapidsnark,snarkjs groth16 verify verification_key.json public.json proof.json,True,0,process,2.368010789999971,0.9348609999997279,0.41549799999998527,1.3503589999997132,57.025035768512254,3.564064735532016,215838720.0,72216576.0,0.0,0.0,4218677.0,3892.0,0.0,0.0,1.8999999999941792,0.0,1168515072.0,16470016.0,0.0,12288.0,25,raw/samples/n128_verify_rapidsnark_r2.csv,logs/n128_verify_rapidsnark_r2.log
