date,chain,metric,value
2021-06-01,arbitrum,txcosts_median_usd,0.747076212700749
2021-06-02,arbitrum,txcosts_median_usd,0.9426133295331333
2021-06-03,arbitrum,txcosts_median_usd,1.4737456676268443
2021-06-04,arbitrum,txcosts_median_usd,0.5032593184236891
2021-06-05,arbitrum,txcosts_median_usd,0.4365986413269076
2021-06-06,arbitrum,txcosts_median_usd,0.37091522713680225
2021-06-07,arbitrum,txcosts_median_usd,0.3608132608203893
2021-06-08,arbitrum,txcosts_median_usd,0.31123686446667953
2021-06-09,arbitrum,txcosts_median_usd,0.3475165219429376
2021-06-10,arbitrum,txcosts_median_usd,0.33186067339333825
2021-06-11,arbitrum,txcosts_median_usd,0.3031620709303286
2021-06-12,arbitrum,txcosts_median_usd,0.29408178422095244
2021-06-13,arbitrum,txcosts_median_usd,0.2935349487133091
2021-06-14,arbitrum,txcosts_median_usd,0.30907197517774443
2021-06-15,arbitrum,txcosts_median_usd,0.31265466392116426
2021-06-16,arbitrum,txcosts_median_usd,0.2082046504898246
2021-06-17,arbitrum,txcosts_median_usd,0.19337594531951485
2021-06-18,arbitrum,txcosts_median_usd,0.21501239008436301
2021-06-19,arbitrum,txcosts_median_usd,0.20979527895534955
2021-06-20,arbitrum,txcosts_median_usd,0.19395342411425237
2021-06-21,arbitrum,txcosts_median_usd,0.21303045367468199
2021-06-22,arbitrum,txcosts_median_usd,0.3918785166470371
2021-06-23,arbitrum,txcosts_median_usd,0.5065414364058377
2021-06-24,arbitrum,txcosts_median_usd,0.36361849761559023
2021-06-25,arbitrum,txcosts_median_usd,0.3168657906122648
2021-06-26,arbitrum,txcosts_median_usd,0.28601729841482193
2021-06-27,arbitrum,txcosts_median_usd,0.25857093729047886
2021-06-28,arbitrum,txcosts_median_usd,0.2661806359500876
2021-06-29,arbitrum,txcosts_median_usd,0.282666419426498
2021-06-30,arbitrum,txcosts_median_usd,0.27990968612611516
2021-07-01,arbitrum,txcosts_median_usd,0.2774829301618446
2021-07-02,arbitrum,txcosts_median_usd,0.27169215590871915
2021-07-03,arbitrum,txcosts_median_usd,0.28802909162646984
2021-07-04,arbitrum,txcosts_median_usd,0.30327858461935503
2021-07-05,arbitrum,txcosts_median_usd,0.2926277610992228
2021-07-06,arbitrum,txcosts_median_usd,0.3007695607877435
2021-07-07,arbitrum,txcosts_median_usd,0.8877398860859854
2021-07-08,arbitrum,txcosts_median_usd,0.7504252829277025
2021-07-09,arbitrum,txcosts_median_usd,0.7066106409646764
2021-07-10,arbitrum,txcosts_median_usd,0.5761048195769053
2021-07-11,arbitrum,txcosts_median_usd,0.5220737309651046
2021-07-12,arbitrum,txcosts_median_usd,0.5124044268492969
2021-07-13,arbitrum,txcosts_median_usd,0.4866002119701946
2021-07-14,arbitrum,txcosts_median_usd,0.4740750897680089
2021-07-15,arbitrum,txcosts_median_usd,0.4705658641045001
2021-07-16,arbitrum,txcosts_median_usd,0.4664209709003151
2021-07-17,arbitrum,txcosts_median_usd,0.4601801783788066
2021-07-18,arbitrum,txcosts_median_usd,0.47521592901466575
2021-07-19,arbitrum,txcosts_median_usd,0.44931047788741324
2021-07-20,arbitrum,txcosts_median_usd,0.4327479638723183
2021-07-21,arbitrum,txcosts_median_usd,0.34157205798926815
2021-07-22,arbitrum,txcosts_median_usd,0.3482118510017028
2021-07-23,arbitrum,txcosts_median_usd,0.3588515279395855
2021-07-24,arbitrum,txcosts_median_usd,0.3703427132457439
2021-07-25,arbitrum,txcosts_median_usd,0.3753576483437892
2021-07-26,arbitrum,txcosts_median_usd,0.4043844790114594
2021-07-27,arbitrum,txcosts_median_usd,0.3850526911447522
2021-07-28,arbitrum,txcosts_median_usd,0.39822181358309
2021-07-29,arbitrum,txcosts_median_usd,0.3991571798736335
2021-07-30,arbitrum,txcosts_median_usd,0.41002423327795917
2021-07-31,arbitrum,txcosts_median_usd,0.5640318818356016
2021-08-01,arbitrum,txcosts_median_usd,0.6463507126156995
2021-08-02,arbitrum,txcosts_median_usd,0.7191837691750982
2021-08-03,arbitrum,txcosts_median_usd,0.7465676763602274
2021-08-04,arbitrum,txcosts_median_usd,0.7701377616379012
2021-08-05,arbitrum,txcosts_median_usd,0.9033875738365648
2021-08-06,arbitrum,txcosts_median_usd,1.08840599454645
2021-08-07,arbitrum,txcosts_median_usd,1.9756466706349196
2021-08-08,arbitrum,txcosts_median_usd,2.4484557822245865
2021-08-09,arbitrum,txcosts_median_usd,2.1493236758625804
2021-08-10,arbitrum,txcosts_median_usd,2.3712546344064886
2021-08-11,arbitrum,txcosts_median_usd,2.3460894350014625
2021-08-12,arbitrum,txcosts_median_usd,1.940021924622817
2021-08-13,arbitrum,txcosts_median_usd,2.0693823536593308
2021-08-14,arbitrum,txcosts_median_usd,2.397585939055355
2021-08-15,arbitrum,txcosts_median_usd,2.212873745585695
2021-08-16,arbitrum,txcosts_median_usd,2.801050466327456
2021-08-17,arbitrum,txcosts_median_usd,2.4999639755582375
2021-08-18,arbitrum,txcosts_median_usd,2.34698927160231
2021-08-19,arbitrum,txcosts_median_usd,2.1935317253684126
2021-08-20,arbitrum,txcosts_median_usd,1.2198268863859645
2021-08-21,arbitrum,txcosts_median_usd,2.0873807262661366
2021-08-22,arbitrum,txcosts_median_usd,1.9467330969201988
2021-08-23,arbitrum,txcosts_median_usd,2.209686846467682
2021-08-24,arbitrum,txcosts_median_usd,3.0515268732634477
2021-08-25,arbitrum,txcosts_median_usd,3.511934813919724
2021-08-26,arbitrum,txcosts_median_usd,3.7704906957012243
2021-08-27,arbitrum,txcosts_median_usd,4.269157501366978
2021-08-28,arbitrum,txcosts_median_usd,2.037780526076108
2021-08-29,arbitrum,txcosts_median_usd,5.186273441477437
2021-08-30,arbitrum,txcosts_median_usd,4.511037253351754
2021-08-31,arbitrum,txcosts_median_usd,2.284415817865771
2021-09-01,arbitrum,txcosts_median_usd,3.5758767262259186
2021-09-02,arbitrum,txcosts_median_usd,3.865945105179639
2021-09-03,arbitrum,txcosts_median_usd,4.141406997381386
2021-09-04,arbitrum,txcosts_median_usd,4.500609295075192
2021-09-05,arbitrum,txcosts_median_usd,3.974915049455797
2021-09-06,arbitrum,txcosts_median_usd,4.051736993938811
2021-09-07,arbitrum,txcosts_median_usd,3.949682376967145
2021-09-08,arbitrum,txcosts_median_usd,3.7835802729422987
2021-09-09,arbitrum,txcosts_median_usd,4.061960936303841
2021-09-10,arbitrum,txcosts_median_usd,3.467520067007558
2021-09-11,arbitrum,txcosts_median_usd,2.631653804708022
2021-09-12,arbitrum,txcosts_median_usd,2.085374754063019
2021-09-13,arbitrum,txcosts_median_usd,2.17797610337239
2021-09-14,arbitrum,txcosts_median_usd,2.0891618601914974
2021-09-15,arbitrum,txcosts_median_usd,1.993973191547817
2021-09-16,arbitrum,txcosts_median_usd,2.1709779876544526
2021-09-17,arbitrum,txcosts_median_usd,2.3394240805172752
2021-09-18,arbitrum,txcosts_median_usd,1.9774585004584224
2021-09-19,arbitrum,txcosts_median_usd,1.7455646557970497
2021-09-20,arbitrum,txcosts_median_usd,1.8607138365408546
2021-09-21,arbitrum,txcosts_median_usd,2.100974066391138
2021-09-22,arbitrum,txcosts_median_usd,2.1425990237997907
2021-09-23,arbitrum,txcosts_median_usd,2.2737228439803334
2021-09-24,arbitrum,txcosts_median_usd,2.10398022217356
2021-09-25,arbitrum,txcosts_median_usd,1.785417568366413
2021-09-26,arbitrum,txcosts_median_usd,1.5950037619452462
2021-09-27,arbitrum,txcosts_median_usd,1.720876678464874
2021-09-28,arbitrum,txcosts_median_usd,2.0574986033883316
2021-09-29,arbitrum,txcosts_median_usd,1.953723591579592
2021-09-30,arbitrum,txcosts_median_usd,2.140891953590102
2021-10-01,arbitrum,txcosts_median_usd,2.416454968291466
2021-10-02,arbitrum,txcosts_median_usd,2.3476947304767055
2021-10-03,arbitrum,txcosts_median_usd,2.110043082332694
2021-10-04,arbitrum,txcosts_median_usd,2.3282727119971276
2021-10-05,arbitrum,txcosts_median_usd,2.847437404356827
2021-10-06,arbitrum,txcosts_median_usd,3.5264302921711557
2021-10-07,arbitrum,txcosts_median_usd,3.871184066731044
2021-10-08,arbitrum,txcosts_median_usd,3.956436013142486
2021-10-09,arbitrum,txcosts_median_usd,3.5247464590723663
2021-10-10,arbitrum,txcosts_median_usd,2.996376552364634
2021-10-11,arbitrum,txcosts_median_usd,3.027364977036959
2021-10-12,arbitrum,txcosts_median_usd,3.1641567798106
2021-10-13,arbitrum,txcosts_median_usd,2.930039555288488
2021-10-14,arbitrum,txcosts_median_usd,3.3866885934390374
2021-10-15,arbitrum,txcosts_median_usd,4.052169760845668
2021-10-16,arbitrum,txcosts_median_usd,3.868925477377692
2021-10-17,arbitrum,txcosts_median_usd,3.1689359826877976
2021-10-18,arbitrum,txcosts_median_usd,2.936302729589739
2021-10-19,arbitrum,txcosts_median_usd,2.6069629913496795
2021-10-20,arbitrum,txcosts_median_usd,2.8106628696777904
2021-10-21,arbitrum,txcosts_median_usd,3.177994387659886
2021-10-22,arbitrum,txcosts_median_usd,3.0116726000459213
2021-10-23,arbitrum,txcosts_median_usd,2.8554475311451197
2021-10-24,arbitrum,txcosts_median_usd,2.4254588240743153
2021-10-25,arbitrum,txcosts_median_usd,2.799909814859928
2021-10-26,arbitrum,txcosts_median_usd,4.52530716015206
2021-10-27,arbitrum,txcosts_median_usd,4.804927264435172
2021-10-28,arbitrum,txcosts_median_usd,5.787958168428731
2021-10-29,arbitrum,txcosts_median_usd,6.529591191983457
2021-10-30,arbitrum,txcosts_median_usd,6.599255244129553
2021-10-31,arbitrum,txcosts_median_usd,6.270771607222955
2021-11-01,arbitrum,txcosts_median_usd,5.811669024078199
2021-11-02,arbitrum,txcosts_median_usd,6.3294821515084445
2021-11-03,arbitrum,txcosts_median_usd,6.850688147712906
2021-11-04,arbitrum,txcosts_median_usd,6.5720087029544185
2021-11-05,arbitrum,txcosts_median_usd,5.978872864333984
2021-11-06,arbitrum,txcosts_median_usd,5.423165392801949
2021-11-07,arbitrum,txcosts_median_usd,4.657009634405206
2021-11-08,arbitrum,txcosts_median_usd,4.749109412941243
2021-11-09,arbitrum,txcosts_median_usd,6.135790003579985
2021-11-10,arbitrum,txcosts_median_usd,6.315119398919531
2021-11-11,arbitrum,txcosts_median_usd,6.857375613656107
2021-11-12,arbitrum,txcosts_median_usd,7.147347361340772
2021-11-13,arbitrum,txcosts_median_usd,6.212110246253577
2021-11-14,arbitrum,txcosts_median_usd,5.638855698767166
2021-11-15,arbitrum,txcosts_median_usd,5.49863976883334
2021-11-16,arbitrum,txcosts_median_usd,5.885214457930561
2021-11-17,arbitrum,txcosts_median_usd,5.62366178083053
2021-11-18,arbitrum,txcosts_median_usd,5.539797957196176
2021-11-19,arbitrum,txcosts_median_usd,5.136565365538459
2021-11-20,arbitrum,txcosts_median_usd,4.68501747288367
2021-11-21,arbitrum,txcosts_median_usd,4.527244491752787
2021-11-22,arbitrum,txcosts_median_usd,4.786825879016262
2021-11-23,arbitrum,txcosts_median_usd,4.586193921289353
2021-11-24,arbitrum,txcosts_median_usd,4.7284363096032855
2021-11-25,arbitrum,txcosts_median_usd,4.990476932404329
2021-11-26,arbitrum,txcosts_median_usd,5.0656340065834256
2021-11-27,arbitrum,txcosts_median_usd,4.334981455718544
2021-11-28,arbitrum,txcosts_median_usd,3.9771228357329287
2021-11-29,arbitrum,txcosts_median_usd,4.609746913451899
2021-11-30,arbitrum,txcosts_median_usd,5.0897560092771865
2021-12-01,arbitrum,txcosts_median_usd,5.336216073382223
2021-12-02,arbitrum,txcosts_median_usd,5.1765295264585465
2021-12-03,arbitrum,txcosts_median_usd,4.768870121390629
2021-12-04,arbitrum,txcosts_median_usd,4.949888114830977
2021-12-05,arbitrum,txcosts_median_usd,4.525444253456661
2021-12-06,arbitrum,txcosts_median_usd,4.477118502335943
2021-12-07,arbitrum,txcosts_median_usd,4.4196725805930965
2021-12-08,arbitrum,txcosts_median_usd,3.88815180178859
2021-12-09,arbitrum,txcosts_median_usd,3.7141977216702764
2021-12-10,arbitrum,txcosts_median_usd,3.1800680000370956
2021-12-11,arbitrum,txcosts_median_usd,2.7468466128351747
2021-12-12,arbitrum,txcosts_median_usd,2.657764598659661
2021-12-13,arbitrum,txcosts_median_usd,3.00372622544477
2021-12-14,arbitrum,txcosts_median_usd,2.902515556093383
2021-12-15,arbitrum,txcosts_median_usd,2.866760930378683
2021-12-16,arbitrum,txcosts_median_usd,3.23046898298052
2021-12-17,arbitrum,txcosts_median_usd,3.489564804151991
2021-12-18,arbitrum,txcosts_median_usd,3.2455416103139143
2021-12-19,arbitrum,txcosts_median_usd,2.648566406303001
2021-12-20,arbitrum,txcosts_median_usd,2.546506108119221
2021-12-21,arbitrum,txcosts_median_usd,2.735589763947697
2021-12-22,arbitrum,txcosts_median_usd,2.8577548058239186
2021-12-23,arbitrum,txcosts_median_usd,3.12930756696879
2021-12-24,arbitrum,txcosts_median_usd,3.1942310121441055
2021-12-25,arbitrum,txcosts_median_usd,2.957867737391817
2021-12-26,arbitrum,txcosts_median_usd,2.7600683996860496
2021-12-27,arbitrum,txcosts_median_usd,2.664348782880125
2021-12-28,arbitrum,txcosts_median_usd,3.2280549795381663
2021-12-29,arbitrum,txcosts_median_usd,3.6920567908241613
2021-12-30,arbitrum,txcosts_median_usd,3.751323407972297
2021-12-31,arbitrum,txcosts_median_usd,3.672007631649218
2022-01-01,arbitrum,txcosts_median_usd,3.1443008891857254
2022-01-02,arbitrum,txcosts_median_usd,3.1990434661023968
2022-01-03,arbitrum,txcosts_median_usd,3.4989637724562668
2022-01-04,arbitrum,txcosts_median_usd,3.7599868415094804
2022-01-05,arbitrum,txcosts_median_usd,4.214600552728832
2022-01-06,arbitrum,txcosts_median_usd,4.095124159103976
2022-01-07,arbitrum,txcosts_median_usd,4.016975714583201
2022-01-08,arbitrum,txcosts_median_usd,3.5848202630451875
2022-01-09,arbitrum,txcosts_median_usd,3.735415991400138
2022-01-10,arbitrum,txcosts_median_usd,4.504664862006036
2022-01-11,arbitrum,txcosts_median_usd,4.852488051766768
2022-01-12,arbitrum,txcosts_median_usd,4.823873978142721
2022-01-13,arbitrum,txcosts_median_usd,5.111013422641747
2022-01-14,arbitrum,txcosts_median_usd,5.134574868293989
2022-01-15,arbitrum,txcosts_median_usd,4.743414856653218
2022-01-16,arbitrum,txcosts_median_usd,4.189923718044038
2022-01-17,arbitrum,txcosts_median_usd,4.054303907536781
2022-01-18,arbitrum,txcosts_median_usd,3.6308528198460497
2022-01-19,arbitrum,txcosts_median_usd,3.426806890973863
2022-01-20,arbitrum,txcosts_median_usd,3.4986772808537863
2022-01-21,arbitrum,txcosts_median_usd,3.8269516624688964
2022-01-22,arbitrum,txcosts_median_usd,2.812177938048188
2022-01-23,arbitrum,txcosts_median_usd,2.1904217381754334
2022-01-24,arbitrum,txcosts_median_usd,2.1891596141786986
2022-01-25,arbitrum,txcosts_median_usd,1.9689722108246452
2022-01-26,arbitrum,txcosts_median_usd,2.0135357816367594
2022-01-27,arbitrum,txcosts_median_usd,2.1119083968236816
2022-01-28,arbitrum,txcosts_median_usd,2.0791587830923963
2022-01-29,arbitrum,txcosts_median_usd,2.1545600146257997
2022-01-30,arbitrum,txcosts_median_usd,1.8328574034472893
2022-01-31,arbitrum,txcosts_median_usd,1.8388591318650374
2022-02-01,arbitrum,txcosts_median_usd,2.028422010677239
2022-02-02,arbitrum,txcosts_median_usd,2.4966373103658155
2022-02-03,arbitrum,txcosts_median_usd,2.2565746772114874
2022-02-04,arbitrum,txcosts_median_usd,2.068719480828031
2022-02-05,arbitrum,txcosts_median_usd,1.9523418168595859
2022-02-06,arbitrum,txcosts_median_usd,1.4239851006852668
2022-02-07,arbitrum,txcosts_median_usd,1.5161516623845992
2022-02-08,arbitrum,txcosts_median_usd,1.7404730690246362
2022-02-09,arbitrum,txcosts_median_usd,1.6145279720634742
2022-02-10,arbitrum,txcosts_median_usd,1.6939349136724096
2022-02-11,arbitrum,txcosts_median_usd,1.6124252498239176
2022-02-12,arbitrum,txcosts_median_usd,1.402525625590235
2022-02-13,arbitrum,txcosts_median_usd,1.1767055021885382
2022-02-14,arbitrum,txcosts_median_usd,1.053601840315957
2022-02-15,arbitrum,txcosts_median_usd,1.1199073651643505
2022-02-16,arbitrum,txcosts_median_usd,1.3523515044359604
2022-02-17,arbitrum,txcosts_median_usd,1.357258886209434
2022-02-18,arbitrum,txcosts_median_usd,1.3632515920091024
2022-02-19,arbitrum,txcosts_median_usd,1.3115346396709422
2022-02-20,arbitrum,txcosts_median_usd,1.280233237261255
2022-02-21,arbitrum,txcosts_median_usd,1.1711358568600938
2022-02-22,arbitrum,txcosts_median_usd,1.3293177142757888
2022-02-23,arbitrum,txcosts_median_usd,1.3121098328495422
2022-02-24,arbitrum,txcosts_median_usd,1.4183260875331003
2022-02-25,arbitrum,txcosts_median_usd,1.1126913455100074
2022-02-26,arbitrum,txcosts_median_usd,1.036925824576436
2022-02-27,arbitrum,txcosts_median_usd,0.8987299549552284
2022-02-28,arbitrum,txcosts_median_usd,0.844318556009252
2022-03-01,arbitrum,txcosts_median_usd,1.1637158210276355
2022-03-02,arbitrum,txcosts_median_usd,1.1551584825088679
2022-03-03,arbitrum,txcosts_median_usd,1.022177623194783
2022-03-04,arbitrum,txcosts_median_usd,0.8773014997599743
2022-03-05,arbitrum,txcosts_median_usd,0.6967823578725106
2022-03-06,arbitrum,txcosts_median_usd,0.6214058946237492
2022-03-07,arbitrum,txcosts_median_usd,0.633407173465358
2022-03-08,arbitrum,txcosts_median_usd,0.5810729020429672
2022-03-09,arbitrum,txcosts_median_usd,0.6153052584755156
2022-03-10,arbitrum,txcosts_median_usd,0.6191113544858566
2022-03-11,arbitrum,txcosts_median_usd,0.52271760009171
2022-03-12,arbitrum,txcosts_median_usd,0.4373956549898437
2022-03-13,arbitrum,txcosts_median_usd,0.39801447272361334
2022-03-14,arbitrum,txcosts_median_usd,0.41264612809960366
2022-03-15,arbitrum,txcosts_median_usd,0.47158908584772863
2022-03-16,arbitrum,txcosts_median_usd,0.5846422307636158
2022-03-17,arbitrum,txcosts_median_usd,0.7189693895410597
2022-03-18,arbitrum,txcosts_median_usd,1.0166727062094745
2022-03-19,arbitrum,txcosts_median_usd,0.8320204773282542
2022-03-20,arbitrum,txcosts_median_usd,0.6117775391264435
2022-03-21,arbitrum,txcosts_median_usd,0.5283528691585011
2022-03-22,arbitrum,txcosts_median_usd,0.5849721026242596
2022-03-23,arbitrum,txcosts_median_usd,0.6537693858165601
2022-03-24,arbitrum,txcosts_median_usd,0.7085326824398395
2022-03-25,arbitrum,txcosts_median_usd,0.8368691894783005
2022-03-26,arbitrum,txcosts_median_usd,0.8698082609254065
2022-03-27,arbitrum,txcosts_median_usd,0.6951906504511194
2022-03-28,arbitrum,txcosts_median_usd,0.7919689433213382
2022-03-29,arbitrum,txcosts_median_usd,0.9596706890799509
2022-03-30,arbitrum,txcosts_median_usd,0.8957446567998049
2022-03-31,arbitrum,txcosts_median_usd,1.0736882679177504
2022-04-01,arbitrum,txcosts_median_usd,1.1922498751897999
2022-04-02,arbitrum,txcosts_median_usd,1.2262631328248337
2022-04-03,arbitrum,txcosts_median_usd,1.080754768616491
2022-04-04,arbitrum,txcosts_median_usd,1.1841231857594785
2022-04-05,arbitrum,txcosts_median_usd,1.4190931079443774
2022-04-06,arbitrum,txcosts_median_usd,1.5808538813620239
2022-04-07,arbitrum,txcosts_median_usd,1.2980561003329005
2022-04-08,arbitrum,txcosts_median_usd,1.430914158489766
2022-04-09,arbitrum,txcosts_median_usd,1.0304851048135875
2022-04-10,arbitrum,txcosts_median_usd,0.8423933438394491
2022-04-11,arbitrum,txcosts_median_usd,0.8414325231979627
2022-04-12,arbitrum,txcosts_median_usd,0.8821653407062257
2022-04-13,arbitrum,txcosts_median_usd,0.9005866319285182
2022-04-14,arbitrum,txcosts_median_usd,0.8225670110761188
2022-04-15,arbitrum,txcosts_median_usd,0.7597606171365435
2022-04-16,arbitrum,txcosts_median_usd,0.7253484690072843
2022-04-17,arbitrum,txcosts_median_usd,0.5949319327908075
2022-04-18,arbitrum,txcosts_median_usd,0.5849121908879638
2022-04-19,arbitrum,txcosts_median_usd,0.6940873959003176
2022-04-20,arbitrum,txcosts_median_usd,0.8346595047885135
2022-04-21,arbitrum,txcosts_median_usd,1.1168409545859495
2022-04-22,arbitrum,txcosts_median_usd,0.9978092254543571
2022-04-23,arbitrum,txcosts_median_usd,0.8677855800559668
2022-04-24,arbitrum,txcosts_median_usd,0.6814675696083647
2022-04-25,arbitrum,txcosts_median_usd,0.7281490504512168
2022-04-26,arbitrum,txcosts_median_usd,0.8826694686892873
2022-04-27,arbitrum,txcosts_median_usd,0.8466901968641074
2022-04-28,arbitrum,txcosts_median_usd,0.8632862141497198
2022-04-29,arbitrum,txcosts_median_usd,0.8756870901084309
2022-04-30,arbitrum,txcosts_median_usd,0.8464977607433138
2022-05-01,arbitrum,txcosts_median_usd,2.4982712291330014
2022-05-02,arbitrum,txcosts_median_usd,1.3671574345437059
2022-05-03,arbitrum,txcosts_median_usd,1.1803413463564758
2022-05-04,arbitrum,txcosts_median_usd,0.90022633902699
2022-05-05,arbitrum,txcosts_median_usd,1.1370629195089481
2022-05-06,arbitrum,txcosts_median_usd,0.9495554056453139
2022-05-07,arbitrum,txcosts_median_usd,0.641060405826905
2022-05-08,arbitrum,txcosts_median_usd,0.5279863461359618
2022-05-09,arbitrum,txcosts_median_usd,0.6261054554896475
2022-05-10,arbitrum,txcosts_median_usd,0.9550982470479884
2022-05-11,arbitrum,txcosts_median_usd,1.2845810793588515
2022-05-12,arbitrum,txcosts_median_usd,3.6408141398732115
2022-05-13,arbitrum,txcosts_median_usd,1.6509701727457862
2022-05-14,arbitrum,txcosts_median_usd,0.6793918067491124
2022-05-15,arbitrum,txcosts_median_usd,0.36191158839676674
2022-05-16,arbitrum,txcosts_median_usd,0.32878536933989694
2022-05-17,arbitrum,txcosts_median_usd,0.35379960476096134
2022-05-18,arbitrum,txcosts_median_usd,0.4173741814363308
2022-05-19,arbitrum,txcosts_median_usd,0.3412505754580823
2022-05-20,arbitrum,txcosts_median_usd,0.35548170020673425
2022-05-21,arbitrum,txcosts_median_usd,0.31202897633481075
2022-05-22,arbitrum,txcosts_median_usd,0.30454094415690525
2022-05-23,arbitrum,txcosts_median_usd,0.34877333761267
2022-05-24,arbitrum,txcosts_median_usd,0.34895635757773946
2022-05-25,arbitrum,txcosts_median_usd,0.3784091860564229
2022-05-26,arbitrum,txcosts_median_usd,0.5955519420506435
2022-05-27,arbitrum,txcosts_median_usd,0.5369030886650825
2022-05-28,arbitrum,txcosts_median_usd,0.35162080854991645
2022-05-29,arbitrum,txcosts_median_usd,0.22875750562186764
2022-05-30,arbitrum,txcosts_median_usd,0.38846746590370046
2022-05-31,arbitrum,txcosts_median_usd,0.5665577163310026
2022-06-01,arbitrum,txcosts_median_usd,0.7180133175905171
2022-06-02,arbitrum,txcosts_median_usd,0.6646482504542227
2022-06-03,arbitrum,txcosts_median_usd,0.724042544844095
2022-06-04,arbitrum,txcosts_median_usd,0.6524979009997052
2022-06-05,arbitrum,txcosts_median_usd,0.7419132988425892
2022-06-06,arbitrum,txcosts_median_usd,0.6411210535605605
2022-06-07,arbitrum,txcosts_median_usd,0.7283015178142667
2022-06-08,arbitrum,txcosts_median_usd,0.7977888568764395
2022-06-09,arbitrum,txcosts_median_usd,0.6935640253222297
2022-06-10,arbitrum,txcosts_median_usd,0.6646111137616943
2022-06-11,arbitrum,txcosts_median_usd,0.4704536672786349
2022-06-12,arbitrum,txcosts_median_usd,0.39142368018221346
2022-06-13,arbitrum,txcosts_median_usd,0.9107951558809669
2022-06-14,arbitrum,txcosts_median_usd,0.5380150806570488
2022-06-15,arbitrum,txcosts_median_usd,0.5802019355833257
2022-06-16,arbitrum,txcosts_median_usd,0.46545171770379173
2022-06-17,arbitrum,txcosts_median_usd,0.28179142477281854
2022-06-18,arbitrum,txcosts_median_usd,0.313571087596963
2022-06-19,arbitrum,txcosts_median_usd,0.26828091570852786
2022-06-20,arbitrum,txcosts_median_usd,0.2084968598437356
2022-06-21,arbitrum,txcosts_median_usd,0.27072753029979457
2022-06-22,arbitrum,txcosts_median_usd,0.2721419736288056
2022-06-23,arbitrum,txcosts_median_usd,0.2922739703759008
2022-06-24,arbitrum,txcosts_median_usd,0.37831991183585173
2022-06-25,arbitrum,txcosts_median_usd,0.29792970635777116
2022-06-26,arbitrum,txcosts_median_usd,0.2768058460449469
2022-06-27,arbitrum,txcosts_median_usd,0.29904412108731465
2022-06-28,arbitrum,txcosts_median_usd,0.7825644013611693
2022-06-29,arbitrum,txcosts_median_usd,0.9266608459570481
2022-06-30,arbitrum,txcosts_median_usd,0.47484445250577373
2022-07-01,arbitrum,txcosts_median_usd,0.30591660036200463
2022-07-02,arbitrum,txcosts_median_usd,0.17983479594964835
2022-07-03,arbitrum,txcosts_median_usd,0.14987984570389476
2022-07-04,arbitrum,txcosts_median_usd,0.1796675245142807
2022-07-05,arbitrum,txcosts_median_usd,0.1996029961698879
2022-07-06,arbitrum,txcosts_median_usd,0.20792753882116852
2022-07-07,arbitrum,txcosts_median_usd,0.26431835995586334
2022-07-08,arbitrum,txcosts_median_usd,0.30629540700367386
2022-07-09,arbitrum,txcosts_median_usd,0.17906494203745166
2022-07-10,arbitrum,txcosts_median_usd,0.1488150423949852
2022-07-11,arbitrum,txcosts_median_usd,0.19957259872063393
2022-07-12,arbitrum,txcosts_median_usd,0.20934105900561983
2022-07-13,arbitrum,txcosts_median_usd,0.21711796242055736
2022-07-14,arbitrum,txcosts_median_usd,0.23834071352732586
2022-07-15,arbitrum,txcosts_median_usd,0.26659730595519243
2022-07-16,arbitrum,txcosts_median_usd,0.19399182925504374
2022-07-17,arbitrum,txcosts_median_usd,0.17959701754143023
2022-07-18,arbitrum,txcosts_median_usd,0.2252576824823042
2022-07-19,arbitrum,txcosts_median_usd,0.3075392163699205
2022-07-20,arbitrum,txcosts_median_usd,0.28976401857167855
2022-07-21,arbitrum,txcosts_median_usd,0.2524562095475407
2022-07-22,arbitrum,txcosts_median_usd,0.18285287459001998
2022-07-23,arbitrum,txcosts_median_usd,0.13768400913164502
2022-07-24,arbitrum,txcosts_median_usd,0.11993538970202257
2022-07-25,arbitrum,txcosts_median_usd,0.1520606823849768
2022-07-26,arbitrum,txcosts_median_usd,0.2333085057713222
2022-07-27,arbitrum,txcosts_median_usd,0.17066500076735114
2022-07-28,arbitrum,txcosts_median_usd,0.2404327984690305
2022-07-29,arbitrum,txcosts_median_usd,0.21650757989988798
2022-07-30,arbitrum,txcosts_median_usd,0.13634905622724994
2022-07-31,arbitrum,txcosts_median_usd,0.0995002524226141
2022-08-01,arbitrum,txcosts_median_usd,0.13129277026551583
2022-08-02,arbitrum,txcosts_median_usd,0.15957290082073766
2022-08-03,arbitrum,txcosts_median_usd,0.1348128740289318
2022-08-04,arbitrum,txcosts_median_usd,0.14414993696125528
2022-08-05,arbitrum,txcosts_median_usd,0.14874005031668178
2022-08-06,arbitrum,txcosts_median_usd,0.1298234877579216
2022-08-07,arbitrum,txcosts_median_usd,0.09655984053521693
2022-08-08,arbitrum,txcosts_median_usd,0.14274100565858117
2022-08-09,arbitrum,txcosts_median_usd,0.20874480672905785
2022-08-10,arbitrum,txcosts_median_usd,0.24549710958713047
2022-08-11,arbitrum,txcosts_median_usd,0.322291271902299
2022-08-12,arbitrum,txcosts_median_usd,0.2851738802827989
2022-08-13,arbitrum,txcosts_median_usd,0.21799608081803146
2022-08-14,arbitrum,txcosts_median_usd,0.15519530543308166
2022-08-15,arbitrum,txcosts_median_usd,0.21538566101149295
2022-08-16,arbitrum,txcosts_median_usd,0.22744027164864475
2022-08-17,arbitrum,txcosts_median_usd,0.1756947158331953
2022-08-18,arbitrum,txcosts_median_usd,0.2077240973043501
2022-08-19,arbitrum,txcosts_median_usd,0.19220551432079727
2022-08-20,arbitrum,txcosts_median_usd,0.1539959452459627
2022-08-21,arbitrum,txcosts_median_usd,0.11827101636386295
2022-08-22,arbitrum,txcosts_median_usd,0.11851255006728428
2022-08-23,arbitrum,txcosts_median_usd,0.14080079017023422
2022-08-24,arbitrum,txcosts_median_usd,0.1315316114054587
2022-08-25,arbitrum,txcosts_median_usd,0.144840208646964
2022-08-26,arbitrum,txcosts_median_usd,0.14798649537108827
2022-08-27,arbitrum,txcosts_median_usd,0.1443052478163169
2022-08-28,arbitrum,txcosts_median_usd,0.07799051123084998
2022-08-29,arbitrum,txcosts_median_usd,0.15943650072950538
2022-08-30,arbitrum,txcosts_median_usd,0.1907202420828238
2022-08-31,arbitrum,txcosts_median_usd,0.1668865082170096
2022-09-01,arbitrum,txcosts_median_usd,0.07474031789010471
2022-09-02,arbitrum,txcosts_median_usd,0.07515173234536544
2022-09-03,arbitrum,txcosts_median_usd,0.04695355843001466
2022-09-04,arbitrum,txcosts_median_usd,0.051848429109078054
2022-09-05,arbitrum,txcosts_median_usd,0.061346166740185025
2022-09-06,arbitrum,txcosts_median_usd,0.07989582727404697
2022-09-07,arbitrum,txcosts_median_usd,0.08178572841414937
2022-09-08,arbitrum,txcosts_median_usd,0.08254819407390594
2022-09-09,arbitrum,txcosts_median_usd,0.097469427341835
2022-09-10,arbitrum,txcosts_median_usd,0.055137274687468554
2022-09-11,arbitrum,txcosts_median_usd,0.06574303456955932
2022-09-12,arbitrum,txcosts_median_usd,0.0764415117858921
2022-09-13,arbitrum,txcosts_median_usd,0.07059654431668506
2022-09-14,arbitrum,txcosts_median_usd,0.06101816719288279
2022-09-15,arbitrum,txcosts_median_usd,0.08581928299501111
2022-09-16,arbitrum,txcosts_median_usd,0.04914740981598177
2022-09-17,arbitrum,txcosts_median_usd,0.04066797224877164
2022-09-18,arbitrum,txcosts_median_usd,0.049357115359103344
2022-09-19,arbitrum,txcosts_median_usd,0.041162408503979446
2022-09-20,arbitrum,txcosts_median_usd,0.040372757899281096
2022-09-21,arbitrum,txcosts_median_usd,0.048452185461564136
2022-09-22,arbitrum,txcosts_median_usd,0.036244005372345706
2022-09-23,arbitrum,txcosts_median_usd,0.04087891915734437
2022-09-24,arbitrum,txcosts_median_usd,0.03345822101780865
2022-09-25,arbitrum,txcosts_median_usd,0.03617287080269508
2022-09-26,arbitrum,txcosts_median_usd,0.04250189762119134
2022-09-27,arbitrum,txcosts_median_usd,0.07554536092507934
2022-09-28,arbitrum,txcosts_median_usd,0.06288030385255007
2022-09-29,arbitrum,txcosts_median_usd,0.05897631227831871
2022-09-30,arbitrum,txcosts_median_usd,0.06544572109307527
2022-10-01,arbitrum,txcosts_median_usd,0.04411217917548916
2022-10-02,arbitrum,txcosts_median_usd,0.03324591311056862
2022-10-03,arbitrum,txcosts_median_usd,0.055174695392027004
2022-10-04,arbitrum,txcosts_median_usd,0.05659653112782539
2022-10-05,arbitrum,txcosts_median_usd,0.054744171843551404
2022-10-06,arbitrum,txcosts_median_usd,0.05441901666954923
2022-10-07,arbitrum,txcosts_median_usd,0.044625046618032405
2022-10-08,arbitrum,txcosts_median_usd,0.041585211775762146
2022-10-09,arbitrum,txcosts_median_usd,0.09199808204712337
2022-10-10,arbitrum,txcosts_median_usd,0.1325497588915811
2022-10-11,arbitrum,txcosts_median_usd,0.1036853004749911
2022-10-12,arbitrum,txcosts_median_usd,0.07553199973961666
2022-10-13,arbitrum,txcosts_median_usd,0.0821736937608114
2022-10-14,arbitrum,txcosts_median_usd,0.06938257613233616
2022-10-15,arbitrum,txcosts_median_usd,0.06688938373297461
2022-10-16,arbitrum,txcosts_median_usd,0.05961700400534271
2022-10-17,arbitrum,txcosts_median_usd,0.06841726695061125
2022-10-18,arbitrum,txcosts_median_usd,0.08253080801585387
2022-10-19,arbitrum,txcosts_median_usd,0.08381296006566069
2022-10-20,arbitrum,txcosts_median_usd,0.10245103078248056
2022-10-21,arbitrum,txcosts_median_usd,0.09788531600813966
2022-10-22,arbitrum,txcosts_median_usd,0.07382874276157554
2022-10-23,arbitrum,txcosts_median_usd,0.060407558524768624
2022-10-24,arbitrum,txcosts_median_usd,0.06922295180614958
2022-10-25,arbitrum,txcosts_median_usd,0.07397981025687847
2022-10-26,arbitrum,txcosts_median_usd,0.07622503901131977
2022-10-27,arbitrum,txcosts_median_usd,0.07726835402706733
2022-10-28,arbitrum,txcosts_median_usd,0.07028165065037967
2022-10-29,arbitrum,txcosts_median_usd,0.06730800586908933
2022-10-30,arbitrum,txcosts_median_usd,0.05574780419130883
2022-10-31,arbitrum,txcosts_median_usd,0.07764215396366618
2022-11-01,arbitrum,txcosts_median_usd,0.06759715446133746
2022-11-02,arbitrum,txcosts_median_usd,0.07414828394995893
2022-11-03,arbitrum,txcosts_median_usd,0.0852423990224663
2022-11-04,arbitrum,txcosts_median_usd,0.0840421235424851
2022-11-05,arbitrum,txcosts_median_usd,0.07243428485235559
2022-11-06,arbitrum,txcosts_median_usd,0.06795648050203615
2022-11-07,arbitrum,txcosts_median_usd,0.0815422672382816
2022-11-08,arbitrum,txcosts_median_usd,0.10520658687562554
2022-11-09,arbitrum,txcosts_median_usd,0.1155950394217925
2022-11-10,arbitrum,txcosts_median_usd,0.09473652370007356
2022-11-11,arbitrum,txcosts_median_usd,0.08269023852675125
2022-11-12,arbitrum,txcosts_median_usd,0.0665226233376898
2022-11-13,arbitrum,txcosts_median_usd,0.06352503440442984
2022-11-14,arbitrum,txcosts_median_usd,0.07326836119156405
2022-11-15,arbitrum,txcosts_median_usd,0.07210467657633547
2022-11-16,arbitrum,txcosts_median_usd,0.06698102923979539
2022-11-17,arbitrum,txcosts_median_usd,0.06344265624109294
2022-11-18,arbitrum,txcosts_median_usd,0.05859748127483056
2022-11-19,arbitrum,txcosts_median_usd,0.05245933648105056
2022-11-20,arbitrum,txcosts_median_usd,0.05318969181084932
2022-11-21,arbitrum,txcosts_median_usd,0.051160687159106315
2022-11-22,arbitrum,txcosts_median_usd,0.055772472130619886
2022-11-23,arbitrum,txcosts_median_usd,0.0547144074415115
2022-11-24,arbitrum,txcosts_median_usd,0.05301709076759865
2022-11-25,arbitrum,txcosts_median_usd,0.05145868651469133
2022-11-26,arbitrum,txcosts_median_usd,0.04873836103468882
2022-11-27,arbitrum,txcosts_median_usd,0.047529386890404667
2022-11-28,arbitrum,txcosts_median_usd,0.05546222591102766
2022-11-29,arbitrum,txcosts_median_usd,0.051196433326419044
2022-11-30,arbitrum,txcosts_median_usd,0.055180227537871274
2022-12-01,arbitrum,txcosts_median_usd,0.06048261918455999
2022-12-02,arbitrum,txcosts_median_usd,0.057207031697521914
2022-12-03,arbitrum,txcosts_median_usd,0.05644049324861129
2022-12-04,arbitrum,txcosts_median_usd,0.05300279399458545
2022-12-05,arbitrum,txcosts_median_usd,0.05902658237071266
2022-12-06,arbitrum,txcosts_median_usd,0.06006500758688763
2022-12-07,arbitrum,txcosts_median_usd,0.06263957559958383
2022-12-08,arbitrum,txcosts_median_usd,0.06056168472419258
2022-12-09,arbitrum,txcosts_median_usd,0.07919833226371763
2022-12-10,arbitrum,txcosts_median_usd,0.06028228875908045
2022-12-11,arbitrum,txcosts_median_usd,0.0632172283400445
2022-12-12,arbitrum,txcosts_median_usd,0.06169766749910018
2022-12-13,arbitrum,txcosts_median_usd,0.08471469141611536
2022-12-14,arbitrum,txcosts_median_usd,0.07961376274969621
2022-12-15,arbitrum,txcosts_median_usd,0.0792798285900442
2022-12-16,arbitrum,txcosts_median_usd,0.08209411643655114
2022-12-17,arbitrum,txcosts_median_usd,0.06506123048070431
2022-12-18,arbitrum,txcosts_median_usd,0.06902363958307965
2022-12-19,arbitrum,txcosts_median_usd,0.06819890392711266
2022-12-20,arbitrum,txcosts_median_usd,0.07033959119212864
2022-12-21,arbitrum,txcosts_median_usd,0.06597336586185241
2022-12-22,arbitrum,txcosts_median_usd,0.06757845412413863
2022-12-23,arbitrum,txcosts_median_usd,0.06587113763859191
2022-12-24,arbitrum,txcosts_median_usd,0.06054276458068726
2022-12-25,arbitrum,txcosts_median_usd,0.05416299799134803
2022-12-26,arbitrum,txcosts_median_usd,0.05516498606907125
2022-12-27,arbitrum,txcosts_median_usd,0.066284589486247
2022-12-28,arbitrum,txcosts_median_usd,0.07311361972897962
2022-12-29,arbitrum,txcosts_median_usd,0.06993417536820855
2022-12-30,arbitrum,txcosts_median_usd,0.061018892029717005
2022-12-31,arbitrum,txcosts_median_usd,0.07181515376557868
2023-01-01,arbitrum,txcosts_median_usd,0.061550373733679664
2023-01-02,arbitrum,txcosts_median_usd,0.07113163318181942
2023-01-03,arbitrum,txcosts_median_usd,0.07445123632942935
2023-01-04,arbitrum,txcosts_median_usd,0.07280856362292412
2023-01-05,arbitrum,txcosts_median_usd,0.08140810278674147
2023-01-06,arbitrum,txcosts_median_usd,0.07930009835671295
2023-01-07,arbitrum,txcosts_median_usd,0.05538238957637956
2023-01-08,arbitrum,txcosts_median_usd,0.07900834236283948
2023-01-09,arbitrum,txcosts_median_usd,0.09333417678873433
2023-01-10,arbitrum,txcosts_median_usd,0.08462848667437338
2023-01-11,arbitrum,txcosts_median_usd,0.08862764930921298
2023-01-12,arbitrum,txcosts_median_usd,0.0947970589205622
2023-01-13,arbitrum,txcosts_median_usd,0.10788469928797426
2023-01-14,arbitrum,txcosts_median_usd,0.11322090420955301
2023-01-15,arbitrum,txcosts_median_usd,0.09543983002407243
2023-01-16,arbitrum,txcosts_median_usd,0.10817906707826931
2023-01-17,arbitrum,txcosts_median_usd,0.11153204901180463
2023-01-18,arbitrum,txcosts_median_usd,0.1358062755667218
2023-01-19,arbitrum,txcosts_median_usd,0.10340273618396484
2023-01-20,arbitrum,txcosts_median_usd,0.10940228761910244
2023-01-21,arbitrum,txcosts_median_usd,0.10679869922987348
2023-01-22,arbitrum,txcosts_median_usd,0.09867453334252835
2023-01-23,arbitrum,txcosts_median_usd,0.10294325198471034
2023-01-24,arbitrum,txcosts_median_usd,0.10596134903819948
2023-01-25,arbitrum,txcosts_median_usd,0.10895928292913742
2023-01-26,arbitrum,txcosts_median_usd,0.10919558789750174
2023-01-27,arbitrum,txcosts_median_usd,0.10481432168868732
2023-01-28,arbitrum,txcosts_median_usd,0.08700318993611703
2023-01-29,arbitrum,txcosts_median_usd,0.10767878154100381
2023-01-30,arbitrum,txcosts_median_usd,0.10769585640542863
2023-01-31,arbitrum,txcosts_median_usd,0.11695169242633711
2023-02-01,arbitrum,txcosts_median_usd,0.11231230547244139
2023-02-02,arbitrum,txcosts_median_usd,0.13259126469172147
2023-02-03,arbitrum,txcosts_median_usd,0.1431921426988557
2023-02-04,arbitrum,txcosts_median_usd,0.1253696718206333
2023-02-05,arbitrum,txcosts_median_usd,0.11633813621675622
2023-02-06,arbitrum,txcosts_median_usd,0.12269957030725909
2023-02-07,arbitrum,txcosts_median_usd,0.14677981532715245
2023-02-08,arbitrum,txcosts_median_usd,0.15498099100458324
2023-02-09,arbitrum,txcosts_median_usd,0.16239537689684067
2023-02-10,arbitrum,txcosts_median_usd,0.11755249966263283
2023-02-11,arbitrum,txcosts_median_usd,0.09764379872191083
2023-02-12,arbitrum,txcosts_median_usd,0.09295104331399061
2023-02-13,arbitrum,txcosts_median_usd,0.1109370816094477
2023-02-14,arbitrum,txcosts_median_usd,0.11211278176313032
2023-02-15,arbitrum,txcosts_median_usd,0.1486708387616777
2023-02-16,arbitrum,txcosts_median_usd,0.18208784794406918
2023-02-17,arbitrum,txcosts_median_usd,0.1538957322619021
2023-02-18,arbitrum,txcosts_median_usd,0.14330551121546256
2023-02-19,arbitrum,txcosts_median_usd,0.13374276905251503
2023-02-20,arbitrum,txcosts_median_usd,0.13717025268545224
2023-02-21,arbitrum,txcosts_median_usd,0.1378055346226694
2023-02-22,arbitrum,txcosts_median_usd,0.16817152382429987
2023-02-23,arbitrum,txcosts_median_usd,0.15248023070302325
2023-02-24,arbitrum,txcosts_median_usd,0.15047151583162624
2023-02-25,arbitrum,txcosts_median_usd,0.11899354700942688
2023-02-26,arbitrum,txcosts_median_usd,0.11521614322737023
2023-02-27,arbitrum,txcosts_median_usd,0.11619640804271236
2023-02-28,arbitrum,txcosts_median_usd,0.11756116222617558
2023-03-01,arbitrum,txcosts_median_usd,0.13084780602914814
2023-03-02,arbitrum,txcosts_median_usd,0.1351321175236046
2023-03-03,arbitrum,txcosts_median_usd,0.1395432683366412
2023-03-04,arbitrum,txcosts_median_usd,0.11157940524549033
2023-03-05,arbitrum,txcosts_median_usd,0.12256493429821506
2023-03-06,arbitrum,txcosts_median_usd,0.14262692515895337
2023-03-07,arbitrum,txcosts_median_usd,0.13883067081657208
2023-03-08,arbitrum,txcosts_median_usd,0.1235711252126674
2023-03-09,arbitrum,txcosts_median_usd,0.12966359465434227
2023-03-10,arbitrum,txcosts_median_usd,0.11614142412179995
2023-03-11,arbitrum,txcosts_median_usd,0.2304469286021671
2023-03-12,arbitrum,txcosts_median_usd,0.10895165921839366
2023-03-13,arbitrum,txcosts_median_usd,0.1424114273842698
2023-03-14,arbitrum,txcosts_median_usd,0.12841600164048947
2023-03-15,arbitrum,txcosts_median_usd,0.13328625047881698
2023-03-16,arbitrum,txcosts_median_usd,0.10657123477047172
2023-03-17,arbitrum,txcosts_median_usd,0.10999103445060637
2023-03-18,arbitrum,txcosts_median_usd,0.1015756147481978
2023-03-19,arbitrum,txcosts_median_usd,0.10427077208622658
2023-03-20,arbitrum,txcosts_median_usd,0.10911107791835556
2023-03-21,arbitrum,txcosts_median_usd,0.09606368889432612
2023-03-22,arbitrum,txcosts_median_usd,0.1073038601782817
2023-03-23,arbitrum,txcosts_median_usd,0.19524039077047983
2023-03-24,arbitrum,txcosts_median_usd,0.10661868768825006
2023-03-25,arbitrum,txcosts_median_usd,0.09168327459942553
2023-03-26,arbitrum,txcosts_median_usd,0.09576225115915274
2023-03-27,arbitrum,txcosts_median_usd,0.1324684018774938
2023-03-28,arbitrum,txcosts_median_usd,0.12398342718953338
2023-03-29,arbitrum,txcosts_median_usd,0.141973390830907
2023-03-30,arbitrum,txcosts_median_usd,0.1464957516236804
2023-03-31,arbitrum,txcosts_median_usd,0.13474807144582837
2023-04-01,arbitrum,txcosts_median_usd,0.1185255256334051
2023-04-02,arbitrum,txcosts_median_usd,0.11397476381705096
2023-04-03,arbitrum,txcosts_median_usd,0.15675733907911565
2023-04-04,arbitrum,txcosts_median_usd,0.1435429740057839
2023-04-05,arbitrum,txcosts_median_usd,0.18106810603016968
2023-04-06,arbitrum,txcosts_median_usd,0.15406238849027665
2023-04-07,arbitrum,txcosts_median_usd,0.13134152467864593
2023-04-08,arbitrum,txcosts_median_usd,0.11466192536790713
2023-04-09,arbitrum,txcosts_median_usd,0.10030250285103744
2023-04-10,arbitrum,txcosts_median_usd,0.12852370142993189
2023-04-11,arbitrum,txcosts_median_usd,0.1445011695609374
2023-04-12,arbitrum,txcosts_median_usd,0.13227132435956707
2023-04-13,arbitrum,txcosts_median_usd,0.1725907818595166
2023-04-14,arbitrum,txcosts_median_usd,0.16992022623377023
2023-04-15,arbitrum,txcosts_median_usd,0.15635550859206843
2023-04-16,arbitrum,txcosts_median_usd,0.15687466712340936
2023-04-17,arbitrum,txcosts_median_usd,0.18392554363727892
2023-04-18,arbitrum,txcosts_median_usd,0.23528077242675655
2023-04-19,arbitrum,txcosts_median_usd,0.3115581868939456
2023-04-20,arbitrum,txcosts_median_usd,0.30927011488685874
2023-04-21,arbitrum,txcosts_median_usd,0.2004722871794469
2023-04-22,arbitrum,txcosts_median_usd,0.18617716152947805
2023-04-23,arbitrum,txcosts_median_usd,0.18144114159743777
2023-04-24,arbitrum,txcosts_median_usd,0.1961758947745663
2023-04-25,arbitrum,txcosts_median_usd,0.16906477893460936
2023-04-26,arbitrum,txcosts_median_usd,0.18560102988909957
2023-04-27,arbitrum,txcosts_median_usd,0.18279159711992055
2023-04-28,arbitrum,txcosts_median_usd,0.18842981910524528
2023-04-29,arbitrum,txcosts_median_usd,0.18677008697561298
2023-04-30,arbitrum,txcosts_median_usd,0.19265228037607635
2023-05-01,arbitrum,txcosts_median_usd,0.2811204148728893
2023-05-02,arbitrum,txcosts_median_usd,0.3082985355128231
2023-05-03,arbitrum,txcosts_median_usd,0.2858261357405521
2023-05-04,arbitrum,txcosts_median_usd,0.2913978527074838
2023-05-05,arbitrum,txcosts_median_usd,0.49450339036437685
2023-05-06,arbitrum,txcosts_median_usd,0.481364413784661
2023-05-07,arbitrum,txcosts_median_usd,0.3608672280959956
2023-05-08,arbitrum,txcosts_median_usd,0.4009570291290823
2023-05-09,arbitrum,txcosts_median_usd,0.3237927052912224
2023-05-10,arbitrum,txcosts_median_usd,0.349477386219993
2023-05-11,arbitrum,txcosts_median_usd,0.4254397320373775
2023-05-12,arbitrum,txcosts_median_usd,0.2396703145882705
2023-05-13,arbitrum,txcosts_median_usd,0.16374820313096747
2023-05-14,arbitrum,txcosts_median_usd,0.18126336137043905
2023-05-15,arbitrum,txcosts_median_usd,0.23269567609774336
2023-05-16,arbitrum,txcosts_median_usd,0.20610137677245643
2023-05-17,arbitrum,txcosts_median_usd,0.20180271370915479
2023-05-18,arbitrum,txcosts_median_usd,0.22896249630953003
2023-05-19,arbitrum,txcosts_median_usd,0.17617909019283753
2023-05-20,arbitrum,txcosts_median_usd,0.16486368653998357
2023-05-21,arbitrum,txcosts_median_usd,0.1644548733268605
2023-05-22,arbitrum,txcosts_median_usd,0.20782612874297918
2023-05-23,arbitrum,txcosts_median_usd,0.23294230336803828
2023-05-24,arbitrum,txcosts_median_usd,0.21434212422593263
2023-05-25,arbitrum,txcosts_median_usd,0.18309556927757376
2023-05-26,arbitrum,txcosts_median_usd,0.1507286750442326
2023-05-27,arbitrum,txcosts_median_usd,0.1484964624661942
2023-05-28,arbitrum,txcosts_median_usd,0.1574463163414013
2023-05-29,arbitrum,txcosts_median_usd,0.1927476237743397
2023-05-30,arbitrum,txcosts_median_usd,0.17541442640854063
2023-05-31,arbitrum,txcosts_median_usd,0.19281427957376865
2023-06-01,arbitrum,txcosts_median_usd,0.18447882243963504
2023-06-02,arbitrum,txcosts_median_usd,0.16134688602827338
2023-06-03,arbitrum,txcosts_median_usd,0.11884664199798017
2023-06-04,arbitrum,txcosts_median_usd,0.12972501575418394
2023-06-05,arbitrum,txcosts_median_usd,0.17817807707011632
2023-06-06,arbitrum,txcosts_median_usd,0.11418612687402353
2023-06-07,arbitrum,txcosts_median_usd,0.11982704531306444
2023-06-08,arbitrum,txcosts_median_usd,0.13622095398270231
2023-06-09,arbitrum,txcosts_median_usd,0.12467573513666354
2023-06-10,arbitrum,txcosts_median_usd,0.1371735721838106
2023-06-11,arbitrum,txcosts_median_usd,0.11032931316035709
2023-06-12,arbitrum,txcosts_median_usd,0.11298356190799871
2023-06-13,arbitrum,txcosts_median_usd,0.10624496334232224
2023-06-14,arbitrum,txcosts_median_usd,0.13046870093052626
2023-06-15,arbitrum,txcosts_median_usd,0.10310715617684194
2023-06-16,arbitrum,txcosts_median_usd,0.11744487757779426
2023-06-17,arbitrum,txcosts_median_usd,0.11144740682083798
2023-06-18,arbitrum,txcosts_median_usd,0.10282208569171608
2023-06-19,arbitrum,txcosts_median_usd,0.11430617697104414
2023-06-20,arbitrum,txcosts_median_usd,0.11872314847811338
2023-06-21,arbitrum,txcosts_median_usd,0.140321025522466
2023-06-22,arbitrum,txcosts_median_usd,0.11928666011476245
2023-06-23,arbitrum,txcosts_median_usd,0.12897276024351595
2023-06-24,arbitrum,txcosts_median_usd,0.10356677568157789
2023-06-25,arbitrum,txcosts_median_usd,0.10186541884670722
2023-06-26,arbitrum,txcosts_median_usd,0.11085351577028953
2023-06-27,arbitrum,txcosts_median_usd,0.12342334138752627
2023-06-28,arbitrum,txcosts_median_usd,0.12987050161675553
2023-06-29,arbitrum,txcosts_median_usd,0.16069013253405734
2023-06-30,arbitrum,txcosts_median_usd,0.16997668994828163
2023-07-01,arbitrum,txcosts_median_usd,0.13192494520552075
2023-07-02,arbitrum,txcosts_median_usd,0.12343239822822144
2023-07-03,arbitrum,txcosts_median_usd,0.14176550010368744
2023-07-04,arbitrum,txcosts_median_usd,0.15688216303363323
2023-07-05,arbitrum,txcosts_median_usd,0.26410611359515945
2023-07-06,arbitrum,txcosts_median_usd,0.1945320481026752
2023-07-07,arbitrum,txcosts_median_usd,0.16015747323089555
2023-07-08,arbitrum,txcosts_median_usd,0.12713900248572482
2023-07-09,arbitrum,txcosts_median_usd,0.12772345960864107
2023-07-10,arbitrum,txcosts_median_usd,0.14274513023194338
2023-07-11,arbitrum,txcosts_median_usd,0.14393694668167517
2023-07-12,arbitrum,txcosts_median_usd,0.1553054959213529
2023-07-13,arbitrum,txcosts_median_usd,0.18148293720632522
2023-07-14,arbitrum,txcosts_median_usd,0.16875948531794674
2023-07-15,arbitrum,txcosts_median_usd,0.10582070043524397
2023-07-16,arbitrum,txcosts_median_usd,0.11853745108336261
2023-07-17,arbitrum,txcosts_median_usd,0.13394071971421592
2023-07-18,arbitrum,txcosts_median_usd,0.16264235610990235
2023-07-19,arbitrum,txcosts_median_usd,0.14964713876077637
2023-07-20,arbitrum,txcosts_median_usd,0.1525627439070865
2023-07-21,arbitrum,txcosts_median_usd,0.15093159433925035
2023-07-22,arbitrum,txcosts_median_usd,0.1280891368097689
2023-07-23,arbitrum,txcosts_median_usd,0.1308793086073249
2023-07-24,arbitrum,txcosts_median_usd,0.17011859037492635
2023-07-25,arbitrum,txcosts_median_usd,0.16514741348608084
2023-07-26,arbitrum,txcosts_median_usd,0.15373157746205973
2023-07-27,arbitrum,txcosts_median_usd,0.16999187113677525
2023-07-28,arbitrum,txcosts_median_usd,0.1735972398293834
2023-07-29,arbitrum,txcosts_median_usd,0.12996535237231907
2023-07-30,arbitrum,txcosts_median_usd,0.12538748188394566
2023-07-31,arbitrum,txcosts_median_usd,0.1314703492712367
2023-08-01,arbitrum,txcosts_median_usd,0.13615431565627567
2023-08-02,arbitrum,txcosts_median_usd,0.14156070146383676
2023-08-03,arbitrum,txcosts_median_usd,0.13343754933036112
2023-08-04,arbitrum,txcosts_median_usd,0.12268286600759319
2023-08-05,arbitrum,txcosts_median_usd,0.1128104376172173
2023-08-06,arbitrum,txcosts_median_usd,0.10821529442966926
2023-08-07,arbitrum,txcosts_median_usd,0.14168343095386532
2023-08-08,arbitrum,txcosts_median_usd,0.14375046388285043
2023-08-09,arbitrum,txcosts_median_usd,0.13974837848439625
2023-08-10,arbitrum,txcosts_median_usd,0.13471956873223595
2023-08-11,arbitrum,txcosts_median_usd,0.12181898631772314
2023-08-12,arbitrum,txcosts_median_usd,0.10490700008348736
2023-08-13,arbitrum,txcosts_median_usd,0.10073839975076754
2023-08-14,arbitrum,txcosts_median_usd,0.12045163284234506
2023-08-15,arbitrum,txcosts_median_usd,0.1427600405534462
2023-08-16,arbitrum,txcosts_median_usd,0.15570533039513088
2023-08-17,arbitrum,txcosts_median_usd,0.18633784694899705
2023-08-18,arbitrum,txcosts_median_usd,0.11917173813338679
2023-08-19,arbitrum,txcosts_median_usd,0.07330811975879141
2023-08-20,arbitrum,txcosts_median_usd,0.0790157058546866
2023-08-21,arbitrum,txcosts_median_usd,0.1183728849278249
2023-08-22,arbitrum,txcosts_median_usd,0.14760674644294505
2023-08-23,arbitrum,txcosts_median_usd,0.11319496070705934
2023-08-24,arbitrum,txcosts_median_usd,0.11757816806806516
2023-08-25,arbitrum,txcosts_median_usd,0.16767492250112415
2023-08-26,arbitrum,txcosts_median_usd,0.09210228125795987
2023-08-27,arbitrum,txcosts_median_usd,0.08229230621896613
2023-08-28,arbitrum,txcosts_median_usd,0.12120790580701107
2023-08-29,arbitrum,txcosts_median_usd,0.1595273446672636
2023-08-30,arbitrum,txcosts_median_usd,0.12973461536463107
2023-08-31,arbitrum,txcosts_median_usd,0.1246408817584498
2023-09-01,arbitrum,txcosts_median_usd,0.10661053478158503
2023-09-02,arbitrum,txcosts_median_usd,0.09085332633756393
2023-09-03,arbitrum,txcosts_median_usd,0.08824253301874067
2023-09-04,arbitrum,txcosts_median_usd,0.0963080644092333
2023-09-05,arbitrum,txcosts_median_usd,0.09529477600951128
2023-09-06,arbitrum,txcosts_median_usd,0.10943167450709054
2023-09-07,arbitrum,txcosts_median_usd,0.09826617102915601
2023-09-08,arbitrum,txcosts_median_usd,0.09033144525175466
2023-09-09,arbitrum,txcosts_median_usd,0.07446167882321827
2023-09-10,arbitrum,txcosts_median_usd,0.0760232563477454
2023-09-11,arbitrum,txcosts_median_usd,0.10898827072081786
2023-09-12,arbitrum,txcosts_median_usd,0.08532731208550429
2023-09-13,arbitrum,txcosts_median_usd,0.09912224815952028
2023-09-14,arbitrum,txcosts_median_usd,0.09389740246148442
2023-09-15,arbitrum,txcosts_median_usd,0.06013514167835472
2023-09-16,arbitrum,txcosts_median_usd,0.04803819751800867
2023-09-17,arbitrum,txcosts_median_usd,0.05375010242643275
2023-09-18,arbitrum,txcosts_median_usd,0.05960045249255352
2023-09-19,arbitrum,txcosts_median_usd,0.05238986387395321
2023-09-20,arbitrum,txcosts_median_usd,0.05250168746307763
2023-09-21,arbitrum,txcosts_median_usd,0.06631326723242816
2023-09-22,arbitrum,txcosts_median_usd,0.058369242797226
2023-09-23,arbitrum,txcosts_median_usd,0.06401415367589296
2023-09-24,arbitrum,txcosts_median_usd,0.06159012849087416
2023-09-25,arbitrum,txcosts_median_usd,0.08431373169010131
2023-09-26,arbitrum,txcosts_median_usd,0.07521134269775041
2023-09-27,arbitrum,txcosts_median_usd,0.07459156532446462
2023-09-28,arbitrum,txcosts_median_usd,0.07500549907186689
2023-09-29,arbitrum,txcosts_median_usd,0.06577867890199746
2023-09-30,arbitrum,txcosts_median_usd,0.06320807570898657
2023-10-01,arbitrum,txcosts_median_usd,0.06948433105109277
2023-10-02,arbitrum,txcosts_median_usd,0.10270164407382809
2023-10-03,arbitrum,txcosts_median_usd,0.07748243775487673
2023-10-04,arbitrum,txcosts_median_usd,0.06908111702893026
2023-10-05,arbitrum,txcosts_median_usd,0.07081092319018283
2023-10-06,arbitrum,txcosts_median_usd,0.06059407150260349
2023-10-07,arbitrum,txcosts_median_usd,0.04780728412180382
2023-10-08,arbitrum,txcosts_median_usd,0.06253449397807023
2023-10-09,arbitrum,txcosts_median_usd,0.06458503792206874
2023-10-10,arbitrum,txcosts_median_usd,0.0406378194459598
2023-10-11,arbitrum,txcosts_median_usd,0.05967062138118632
2023-10-12,arbitrum,txcosts_median_usd,0.0680406918689017
2023-10-13,arbitrum,txcosts_median_usd,0.06186307520278798
2023-10-14,arbitrum,txcosts_median_usd,0.047427836991672905
2023-10-15,arbitrum,txcosts_median_usd,0.05605942476590384
2023-10-16,arbitrum,txcosts_median_usd,0.07049864486801287
2023-10-17,arbitrum,txcosts_median_usd,0.07482033991135725
2023-10-18,arbitrum,txcosts_median_usd,0.07799092817556462
2023-10-19,arbitrum,txcosts_median_usd,0.07701377444876495
2023-10-20,arbitrum,txcosts_median_usd,0.08373617310766086
2023-10-21,arbitrum,txcosts_median_usd,0.07312369879914142
2023-10-22,arbitrum,txcosts_median_usd,0.06975751251279182
2023-10-23,arbitrum,txcosts_median_usd,0.12452596964591603
2023-10-24,arbitrum,txcosts_median_usd,0.1508955939765529
2023-10-25,arbitrum,txcosts_median_usd,0.1404942430408966
2023-10-26,arbitrum,txcosts_median_usd,0.14438422216353697
2023-10-27,arbitrum,txcosts_median_usd,0.1279750385249706
2023-10-28,arbitrum,txcosts_median_usd,0.10136885494339398
2023-10-29,arbitrum,txcosts_median_usd,0.10372372402730637
2023-10-30,arbitrum,txcosts_median_usd,0.13146603504641477
2023-10-31,arbitrum,txcosts_median_usd,0.13732532060225383
2023-11-01,arbitrum,txcosts_median_usd,0.15208033577531724
2023-11-02,arbitrum,txcosts_median_usd,0.15483167805551631
2023-11-03,arbitrum,txcosts_median_usd,0.13134801214540537
2023-11-04,arbitrum,txcosts_median_usd,0.11350096604750683
2023-11-05,arbitrum,txcosts_median_usd,0.12395227891784505
2023-11-06,arbitrum,txcosts_median_usd,0.1718499361998209
2023-11-07,arbitrum,txcosts_median_usd,0.17738383831798274
2023-11-08,arbitrum,txcosts_median_usd,0.1729841805040201
2023-11-09,arbitrum,txcosts_median_usd,0.2355495345337689
2023-11-10,arbitrum,txcosts_median_usd,0.22120147039384389
2023-11-11,arbitrum,txcosts_median_usd,0.1837040994176982
2023-11-12,arbitrum,txcosts_median_usd,0.1756835325005846
2023-11-13,arbitrum,txcosts_median_usd,0.274763503416323
2023-11-14,arbitrum,txcosts_median_usd,0.235477305613983
2023-11-15,arbitrum,txcosts_median_usd,0.20356922742282046
2023-11-16,arbitrum,txcosts_median_usd,0.19729053903747576
2023-11-17,arbitrum,txcosts_median_usd,0.13261817538008164
2023-11-18,arbitrum,txcosts_median_usd,0.11764149761499652
2023-11-19,arbitrum,txcosts_median_usd,0.10335431844256303
2023-11-20,arbitrum,txcosts_median_usd,0.17468383376761132
2023-11-21,arbitrum,txcosts_median_usd,0.20944345491815275
2023-11-22,arbitrum,txcosts_median_usd,0.1932031922966113
2023-11-23,arbitrum,txcosts_median_usd,0.17229209456377004
2023-11-24,arbitrum,txcosts_median_usd,0.16569857926989265
2023-11-25,arbitrum,txcosts_median_usd,0.09035991011683384
2023-11-26,arbitrum,txcosts_median_usd,0.1120735355802142
2023-11-27,arbitrum,txcosts_median_usd,0.17881959443143852
2023-11-28,arbitrum,txcosts_median_usd,0.19368334197870563
2023-11-29,arbitrum,txcosts_median_usd,0.1862588616422462
2023-11-30,arbitrum,txcosts_median_usd,0.22542786679178128
2023-12-01,arbitrum,txcosts_median_usd,0.24781193540505805
2023-12-02,arbitrum,txcosts_median_usd,0.21615358579490251
2023-12-03,arbitrum,txcosts_median_usd,0.1980322679052882
2023-12-04,arbitrum,txcosts_median_usd,0.2756897234623268
2023-12-05,arbitrum,txcosts_median_usd,0.3386183988790504
2023-12-06,arbitrum,txcosts_median_usd,0.3082432730039396
2023-12-07,arbitrum,txcosts_median_usd,0.2893833779780675
2023-12-08,arbitrum,txcosts_median_usd,0.24628010276905588
2023-12-09,arbitrum,txcosts_median_usd,0.21209236971817774
2023-12-10,arbitrum,txcosts_median_usd,0.18741924944456423
2023-12-11,arbitrum,txcosts_median_usd,0.24731464440743348
2023-12-12,arbitrum,txcosts_median_usd,0.23891003738381558
2023-12-13,arbitrum,txcosts_median_usd,0.2637466215010845
2023-12-14,arbitrum,txcosts_median_usd,0.24910038747682028
2023-12-15,arbitrum,txcosts_median_usd,0.12331313682128034
2023-12-16,arbitrum,txcosts_median_usd,0.16930931611905195
2023-12-17,arbitrum,txcosts_median_usd,0.2127688770595066
2023-12-18,arbitrum,txcosts_median_usd,0.23136057307665084
2023-12-19,arbitrum,txcosts_median_usd,0.20516581951884783
2023-12-20,arbitrum,txcosts_median_usd,0.3334157958452535
2023-12-21,arbitrum,txcosts_median_usd,0.24519954108613504
2023-12-22,arbitrum,txcosts_median_usd,0.2126792760331914
2023-12-23,arbitrum,txcosts_median_usd,0.14989946652370606
2023-12-24,arbitrum,txcosts_median_usd,0.14568051792698783
2023-12-25,arbitrum,txcosts_median_usd,0.13806148143800986
2023-12-26,arbitrum,txcosts_median_usd,0.13154544481891697
2023-12-27,arbitrum,txcosts_median_usd,0.18219762087321992
2023-12-28,arbitrum,txcosts_median_usd,0.1965725826269125
2023-12-29,arbitrum,txcosts_median_usd,0.1673688645618637
2023-12-30,arbitrum,txcosts_median_usd,0.12500591945776318
2023-12-31,arbitrum,txcosts_median_usd,0.1128365523973312
2024-01-01,arbitrum,txcosts_median_usd,0.09513123937586433
2024-01-02,arbitrum,txcosts_median_usd,0.13501592272341206
2024-01-03,arbitrum,txcosts_median_usd,0.18100269647966236
2024-01-04,arbitrum,txcosts_median_usd,0.14410299019890094
2024-01-05,arbitrum,txcosts_median_usd,0.13884068134258695
2024-01-06,arbitrum,txcosts_median_usd,0.13260917956720364
2024-01-07,arbitrum,txcosts_median_usd,0.17988224183501775
2024-01-08,arbitrum,txcosts_median_usd,0.16019611553528576
2024-01-09,arbitrum,txcosts_median_usd,0.14174362836995796
2024-01-10,arbitrum,txcosts_median_usd,0.21425416571413058
2024-01-11,arbitrum,txcosts_median_usd,0.2330686580984844
2024-01-12,arbitrum,txcosts_median_usd,0.20020410856016177
2024-01-13,arbitrum,txcosts_median_usd,0.13431693029194258
2024-01-14,arbitrum,txcosts_median_usd,0.2225450155774887
2024-01-15,arbitrum,txcosts_median_usd,0.161360377495901
2024-01-16,arbitrum,txcosts_median_usd,0.22458219928488904
2024-01-17,arbitrum,txcosts_median_usd,0.24569863811955686
2024-01-18,arbitrum,txcosts_median_usd,0.2486904748847274
2024-01-19,arbitrum,txcosts_median_usd,0.2234609647895022
2024-01-20,arbitrum,txcosts_median_usd,0.1326616649192042
2024-01-21,arbitrum,txcosts_median_usd,0.13724422105910364
2024-01-22,arbitrum,txcosts_median_usd,0.1338774289092278
2024-01-23,arbitrum,txcosts_median_usd,0.12381951112996467
2024-01-24,arbitrum,txcosts_median_usd,0.09131769813291411
2024-01-25,arbitrum,txcosts_median_usd,0.15805063577065173
2024-01-26,arbitrum,txcosts_median_usd,0.1371867930035098
2024-01-27,arbitrum,txcosts_median_usd,0.10967962937409366
2024-01-28,arbitrum,txcosts_median_usd,0.10155431269377023
2024-01-29,arbitrum,txcosts_median_usd,0.11531763419568977
2024-01-30,arbitrum,txcosts_median_usd,0.1785443558666266
2024-01-31,arbitrum,txcosts_median_usd,0.18385426598659135
2024-02-01,arbitrum,txcosts_median_usd,0.18354546239172084
2024-02-02,arbitrum,txcosts_median_usd,0.16644296321655838
2024-02-03,arbitrum,txcosts_median_usd,0.15403327869524958
2024-02-04,arbitrum,txcosts_median_usd,0.14171072193170425
2024-02-05,arbitrum,txcosts_median_usd,0.14904548642529003
2024-02-06,arbitrum,txcosts_median_usd,0.21542195735798728
2024-02-07,arbitrum,txcosts_median_usd,0.2655075268231336
2024-02-08,arbitrum,txcosts_median_usd,0.3264629386369031
2024-02-09,arbitrum,txcosts_median_usd,0.3867277997670098
2024-02-10,arbitrum,txcosts_median_usd,0.2525088391732783
2024-02-11,arbitrum,txcosts_median_usd,0.2131408012728418
2024-02-12,arbitrum,txcosts_median_usd,0.2504644692729037
2024-02-13,arbitrum,txcosts_median_usd,0.24080797245213245
2024-02-14,arbitrum,txcosts_median_usd,0.21682351168101965
2024-02-15,arbitrum,txcosts_median_usd,0.2596730906686512
2024-02-16,arbitrum,txcosts_median_usd,0.24281079049789392
2024-02-17,arbitrum,txcosts_median_usd,0.20130521712458374
2024-02-18,arbitrum,txcosts_median_usd,0.20157475073652265
2024-02-19,arbitrum,txcosts_median_usd,0.2735942874512615
2024-02-20,arbitrum,txcosts_median_usd,0.2990803021338005
2024-02-21,arbitrum,txcosts_median_usd,0.3186532152387373
2024-02-22,arbitrum,txcosts_median_usd,0.35431425650560394
2024-02-23,arbitrum,txcosts_median_usd,0.33826250298027244
2024-02-24,arbitrum,txcosts_median_usd,0.2453679880306507
2024-02-25,arbitrum,txcosts_median_usd,0.25136026724637783
2024-02-26,arbitrum,txcosts_median_usd,0.34129533867930495
2024-02-27,arbitrum,txcosts_median_usd,0.38008677704454435
2024-02-28,arbitrum,txcosts_median_usd,0.472577455227879
2024-02-29,arbitrum,txcosts_median_usd,0.5216886834951093
2024-03-01,arbitrum,txcosts_median_usd,0.43965795383029027
2024-03-02,arbitrum,txcosts_median_usd,0.4315821157895967
2024-03-03,arbitrum,txcosts_median_usd,0.4332820575411534
2024-03-04,arbitrum,txcosts_median_usd,0.6464514120934871
2024-03-05,arbitrum,txcosts_median_usd,0.7319385525609535
2024-03-06,arbitrum,txcosts_median_usd,0.6104709352834219
2024-03-07,arbitrum,txcosts_median_usd,0.6269083658268756
2024-03-08,arbitrum,txcosts_median_usd,0.5698104893579439
2024-03-09,arbitrum,txcosts_median_usd,0.4992196945797073
2024-03-10,arbitrum,txcosts_median_usd,0.5288718218115206
2024-03-11,arbitrum,txcosts_median_usd,0.6072042812208807
2024-03-12,arbitrum,txcosts_median_usd,0.5530524751493628
2024-03-13,arbitrum,txcosts_median_usd,0.5472709613697295
2024-03-14,arbitrum,txcosts_median_usd,0.26833174087664113
2024-03-15,arbitrum,txcosts_median_usd,0.09052814690513648
2024-03-16,arbitrum,txcosts_median_usd,0.08601683365975914
2024-03-17,arbitrum,txcosts_median_usd,0.07900736154705067
2024-03-18,arbitrum,txcosts_median_usd,0.07611736128498628
2024-03-19,arbitrum,txcosts_median_usd,0.01711024503820669
2024-03-20,arbitrum,txcosts_median_usd,0.00918446282925143
2024-03-21,arbitrum,txcosts_median_usd,0.008959932334159421
2024-03-22,arbitrum,txcosts_median_usd,0.008478543056663857
2024-03-23,arbitrum,txcosts_median_usd,0.007420002553201077
2024-03-24,arbitrum,txcosts_median_usd,0.007874442309916855
2024-03-25,arbitrum,txcosts_median_usd,0.008718355150421516
2024-03-26,arbitrum,txcosts_median_usd,0.008685283581190275
2024-03-27,arbitrum,txcosts_median_usd,0.012995200848818125
2024-03-28,arbitrum,txcosts_median_usd,0.018583717955261262
2024-03-29,arbitrum,txcosts_median_usd,0.015745960927631353
2024-03-30,arbitrum,txcosts_median_usd,0.015915372835385983
2024-03-31,arbitrum,txcosts_median_usd,0.02839840309172631
2024-04-01,arbitrum,txcosts_median_usd,0.03004664909236965
2024-04-02,arbitrum,txcosts_median_usd,0.0337224146079865
2024-04-03,arbitrum,txcosts_median_usd,0.022883132430397777
2024-04-04,arbitrum,txcosts_median_usd,0.006939926921322617
2024-04-05,arbitrum,txcosts_median_usd,0.006410131339005162
2024-04-06,arbitrum,txcosts_median_usd,0.004720807372065373
2024-04-07,arbitrum,txcosts_median_usd,0.00489230269092643
2024-04-08,arbitrum,txcosts_median_usd,0.007210187320451911
2024-04-09,arbitrum,txcosts_median_usd,0.00878321938808909
2024-04-10,arbitrum,txcosts_median_usd,0.007311125559377561
2024-04-11,arbitrum,txcosts_median_usd,0.0076635726228790405
2024-04-12,arbitrum,txcosts_median_usd,0.009768523617867472
2024-04-13,arbitrum,txcosts_median_usd,0.009881108718520625
2024-04-14,arbitrum,txcosts_median_usd,0.007120292150109721
2024-04-15,arbitrum,txcosts_median_usd,0.007039197511145402
2024-04-16,arbitrum,txcosts_median_usd,0.006548136485081227
2024-04-17,arbitrum,txcosts_median_usd,0.007546300273317153
2024-04-18,arbitrum,txcosts_median_usd,0.005724364690160783
2024-04-19,arbitrum,txcosts_median_usd,0.007208774486711161
2024-04-20,arbitrum,txcosts_median_usd,0.005918242277827654
2024-04-21,arbitrum,txcosts_median_usd,0.005960071113660969
2024-04-22,arbitrum,txcosts_median_usd,0.006344360755777122
2024-04-23,arbitrum,txcosts_median_usd,0.006989794237030366
2024-04-24,arbitrum,txcosts_median_usd,0.008019068137743082
2024-04-25,arbitrum,txcosts_median_usd,0.0069195374758479694
2024-04-26,arbitrum,txcosts_median_usd,0.005821195361098209
2024-04-27,arbitrum,txcosts_median_usd,0.005511957633869944
2024-04-28,arbitrum,txcosts_median_usd,0.005382291428027985
2024-04-29,arbitrum,txcosts_median_usd,0.005700454616910584
2024-04-30,arbitrum,txcosts_median_usd,0.007116689097096815
2024-05-01,arbitrum,txcosts_median_usd,0.006733873279497558
2024-05-02,arbitrum,txcosts_median_usd,0.004732325314258016
2024-05-03,arbitrum,txcosts_median_usd,0.004678374337199089
2024-05-04,arbitrum,txcosts_median_usd,0.0047347038543701135
2024-05-05,arbitrum,txcosts_median_usd,0.004801417292671375
2024-05-06,arbitrum,txcosts_median_usd,0.004814524319389239
2024-05-07,arbitrum,txcosts_median_usd,0.004565416517022428
2024-05-08,arbitrum,txcosts_median_usd,0.0058036921923747325
2024-05-09,arbitrum,txcosts_median_usd,0.004291383045960734
2024-05-10,arbitrum,txcosts_median_usd,0.004736215942675651
2024-05-11,arbitrum,txcosts_median_usd,0.004201294587830341
2024-05-12,arbitrum,txcosts_median_usd,0.0041092533268241435
2024-05-13,arbitrum,txcosts_median_usd,0.004765506990537041
2024-05-14,arbitrum,txcosts_median_usd,0.004871548967836347
2024-05-15,arbitrum,txcosts_median_usd,0.004631292020963712
2024-05-16,arbitrum,txcosts_median_usd,0.004496422188899078
2024-05-17,arbitrum,txcosts_median_usd,0.004328772033276982
2024-05-18,arbitrum,txcosts_median_usd,0.00471301204622328
2024-05-19,arbitrum,txcosts_median_usd,0.00447200360468839
2024-05-20,arbitrum,txcosts_median_usd,0.005725764077318457
2024-05-21,arbitrum,txcosts_median_usd,0.0069739410295012495
2024-05-22,arbitrum,txcosts_median_usd,0.006575709708734875
2024-05-23,arbitrum,txcosts_median_usd,0.007038897496658443
2024-05-24,arbitrum,txcosts_median_usd,0.006187083933507759
2024-05-25,arbitrum,txcosts_median_usd,0.005460200329010803
2024-05-26,arbitrum,txcosts_median_usd,0.005459653780327549
2024-05-27,arbitrum,txcosts_median_usd,0.007153738260563702
2024-05-28,arbitrum,txcosts_median_usd,0.01062973332013746
2024-05-29,arbitrum,txcosts_median_usd,0.008493503273610398
2024-05-30,arbitrum,txcosts_median_usd,0.008402975546387626
2024-05-31,arbitrum,txcosts_median_usd,0.008141247622226936
2024-06-01,arbitrum,txcosts_median_usd,0.006841473137168545
2024-06-02,arbitrum,txcosts_median_usd,0.007723717139678353
2024-06-03,arbitrum,txcosts_median_usd,0.008786599674764578
2024-06-04,arbitrum,txcosts_median_usd,0.007710820128747899
2024-06-05,arbitrum,txcosts_median_usd,0.008130651093264444
2024-06-06,arbitrum,txcosts_median_usd,0.010102051465074003
2024-06-07,arbitrum,txcosts_median_usd,0.009311609507361754
2024-06-08,arbitrum,txcosts_median_usd,0.00682158944058541
2024-06-09,arbitrum,txcosts_median_usd,0.006305294161388776
2024-06-10,arbitrum,txcosts_median_usd,0.006468847087722154
2024-06-11,arbitrum,txcosts_median_usd,0.007989245611944062
2024-06-12,arbitrum,txcosts_median_usd,0.007888084640411113
2024-06-13,arbitrum,txcosts_median_usd,0.00862096209104437
2024-06-14,arbitrum,txcosts_median_usd,0.007233248115645298
2024-06-15,arbitrum,txcosts_median_usd,0.005604558505283218
2024-06-16,arbitrum,txcosts_median_usd,0.005942567685050396
2024-06-17,arbitrum,txcosts_median_usd,0.006069173610400521
2024-06-18,arbitrum,txcosts_median_usd,0.008154942158950811
2024-06-19,arbitrum,txcosts_median_usd,0.0061426086864545875
2024-06-20,arbitrum,txcosts_median_usd,0.009901691496481757
2024-06-21,arbitrum,txcosts_median_usd,0.004926263172140803
2024-06-22,arbitrum,txcosts_median_usd,0.003962001285280717
2024-06-23,arbitrum,txcosts_median_usd,0.00428043795430021
2024-06-24,arbitrum,txcosts_median_usd,0.004550592388362881
2024-06-25,arbitrum,txcosts_median_usd,0.0037985514115224895
2024-06-26,arbitrum,txcosts_median_usd,0.0035994615233574077
2024-06-27,arbitrum,txcosts_median_usd,0.005641759363216778
2024-06-28,arbitrum,txcosts_median_usd,0.0053111871480951344
2024-06-29,arbitrum,txcosts_median_usd,0.0038922898007475227
2024-06-30,arbitrum,txcosts_median_usd,0.004719493977895338
2024-07-01,arbitrum,txcosts_median_usd,0.00512459892074652
2024-07-02,arbitrum,txcosts_median_usd,0.004949483560806127
2024-07-03,arbitrum,txcosts_median_usd,0.0063213115739796915
2024-07-04,arbitrum,txcosts_median_usd,0.007069921035483877
2024-07-05,arbitrum,txcosts_median_usd,0.007394168172888838
2024-07-06,arbitrum,txcosts_median_usd,0.004015322176867331
2024-07-07,arbitrum,txcosts_median_usd,0.004210019537277537
2024-07-08,arbitrum,txcosts_median_usd,0.005012395519012232
2024-07-09,arbitrum,txcosts_median_usd,0.004628747755347224
2024-07-10,arbitrum,txcosts_median_usd,0.005264008689408967
2024-07-11,arbitrum,txcosts_median_usd,0.005036896996725297
2024-07-12,arbitrum,txcosts_median_usd,0.004591125731240253
2024-07-13,arbitrum,txcosts_median_usd,0.004350733210739186
2024-07-14,arbitrum,txcosts_median_usd,0.004621657398452771
2024-07-15,arbitrum,txcosts_median_usd,0.005726549658933504
2024-07-16,arbitrum,txcosts_median_usd,0.0067923370427654586
2024-07-17,arbitrum,txcosts_median_usd,0.007570815955607856
2024-07-18,arbitrum,txcosts_median_usd,0.007700761841049461
2024-07-19,arbitrum,txcosts_median_usd,0.006468511506716211
2024-07-20,arbitrum,txcosts_median_usd,0.005109748464529065
2024-07-21,arbitrum,txcosts_median_usd,0.006183965813478211
2024-07-22,arbitrum,txcosts_median_usd,0.005941727040500395
2024-07-23,arbitrum,txcosts_median_usd,0.006273447952090582
2024-07-24,arbitrum,txcosts_median_usd,0.005479549003812008
2024-07-25,arbitrum,txcosts_median_usd,0.005792549160827344
2024-07-26,arbitrum,txcosts_median_usd,0.004658760910297507
2024-07-27,arbitrum,txcosts_median_usd,0.0051482908482816
2024-07-28,arbitrum,txcosts_median_usd,0.004275416208582971
2024-07-29,arbitrum,txcosts_median_usd,0.004645174888824262
2024-07-30,arbitrum,txcosts_median_usd,0.005547703418506619
2024-07-31,arbitrum,txcosts_median_usd,0.005836755536872189
2024-08-01,arbitrum,txcosts_median_usd,0.006615610398902909
2024-08-02,arbitrum,txcosts_median_usd,0.005516911086212373
2024-08-03,arbitrum,txcosts_median_usd,0.0047985742755729055
2024-08-04,arbitrum,txcosts_median_usd,0.006239752046162801
2024-08-05,arbitrum,txcosts_median_usd,0.059452961521108544
2024-08-06,arbitrum,txcosts_median_usd,0.004416718898651552
2024-08-07,arbitrum,txcosts_median_usd,0.004739659950778073
2024-08-08,arbitrum,txcosts_median_usd,0.0053301383238334495
2024-08-09,arbitrum,txcosts_median_usd,0.004648304558477605
2024-08-10,arbitrum,txcosts_median_usd,0.0034464773921973092
2024-08-11,arbitrum,txcosts_median_usd,0.0038120997298321468
2024-08-12,arbitrum,txcosts_median_usd,0.005240335327708352
2024-08-13,arbitrum,txcosts_median_usd,0.004360964849704226
2024-08-14,arbitrum,txcosts_median_usd,0.004685564098365059
2024-08-15,arbitrum,txcosts_median_usd,0.004578734390368364
2024-08-16,arbitrum,txcosts_median_usd,0.003882341137861967
2024-08-17,arbitrum,txcosts_median_usd,0.003438977675746085
2024-08-18,arbitrum,txcosts_median_usd,0.0035448248998481346
2024-08-19,arbitrum,txcosts_median_usd,0.0037458214358721234
2024-08-20,arbitrum,txcosts_median_usd,0.004253488837601114
2024-08-21,arbitrum,txcosts_median_usd,0.003960957233955982
2024-08-22,arbitrum,txcosts_median_usd,0.0034763352272553626
2024-08-23,arbitrum,txcosts_median_usd,0.0038468960831049013
2024-08-24,arbitrum,txcosts_median_usd,0.0036761771979494902
2024-08-25,arbitrum,txcosts_median_usd,0.003606626403062208
2024-08-26,arbitrum,txcosts_median_usd,0.0038110855350964507
2024-08-27,arbitrum,txcosts_median_usd,0.003998137402929288
2024-08-28,arbitrum,txcosts_median_usd,0.004217055779616811
2024-08-29,arbitrum,txcosts_median_usd,0.0036121052801254966
2024-08-30,arbitrum,txcosts_median_usd,0.0038100282863220546
2024-08-31,arbitrum,txcosts_median_usd,0.0032238899564092263
2024-09-01,arbitrum,txcosts_median_usd,0.0033548767333999256
2024-09-02,arbitrum,txcosts_median_usd,0.0034574952629381353
2024-09-03,arbitrum,txcosts_median_usd,0.0035579370727521343
2024-09-04,arbitrum,txcosts_median_usd,0.004071322480846092
2024-09-05,arbitrum,txcosts_median_usd,0.004015106097328816
2024-09-06,arbitrum,txcosts_median_usd,0.007536111077753342
2024-09-07,arbitrum,txcosts_median_usd,0.0029588448580234704
2024-09-08,arbitrum,txcosts_median_usd,0.0030277183989422312
2024-09-09,arbitrum,txcosts_median_usd,0.003624717084663372
2024-09-10,arbitrum,txcosts_median_usd,0.0038920568239416424
2024-09-11,arbitrum,txcosts_median_usd,0.0038459030016029052
2024-09-12,arbitrum,txcosts_median_usd,0.003482351448044453
2024-09-13,arbitrum,txcosts_median_usd,0.0034466344467920284
2024-09-14,arbitrum,txcosts_median_usd,0.0031900619365179306
2024-09-15,arbitrum,txcosts_median_usd,0.003221587767075934
2024-09-16,arbitrum,txcosts_median_usd,0.003976128616210658
2024-09-17,arbitrum,txcosts_median_usd,0.004203101466237545
2024-09-18,arbitrum,txcosts_median_usd,0.004401483501511233
2024-09-19,arbitrum,txcosts_median_usd,0.006388195744414489
2024-09-20,arbitrum,txcosts_median_usd,0.005844580479619117
2024-09-21,arbitrum,txcosts_median_usd,0.0056720422986941054
2024-09-22,arbitrum,txcosts_median_usd,0.005246270555917002
2024-09-23,arbitrum,txcosts_median_usd,0.008340237225876864
2024-09-24,arbitrum,txcosts_median_usd,0.007929300146261973
2024-09-25,arbitrum,txcosts_median_usd,0.007509158114409651
2024-09-26,arbitrum,txcosts_median_usd,0.006941519268381921
2024-09-27,arbitrum,txcosts_median_usd,0.006299064627929375
2024-09-28,arbitrum,txcosts_median_usd,0.005314015607296278
2024-09-29,arbitrum,txcosts_median_usd,0.004907346832010314
2024-09-30,arbitrum,txcosts_median_usd,0.0054208193726675855
2024-10-01,arbitrum,txcosts_median_usd,0.00829391200854051
2024-10-02,arbitrum,txcosts_median_usd,0.005061454018591226
2024-10-03,arbitrum,txcosts_median_usd,0.004786979782647992
2024-10-04,arbitrum,txcosts_median_usd,0.004114416894677137
2024-10-05,arbitrum,txcosts_median_usd,0.0037013685684646937
2024-10-06,arbitrum,txcosts_median_usd,0.004057152601911086
2024-10-07,arbitrum,txcosts_median_usd,0.0065651491713034135
2024-10-08,arbitrum,txcosts_median_usd,0.005896897820477694
2024-10-09,arbitrum,txcosts_median_usd,0.006633451971357769
2024-10-10,arbitrum,txcosts_median_usd,0.005133142843871972
2024-10-11,arbitrum,txcosts_median_usd,0.0061930998074801345
2024-10-12,arbitrum,txcosts_median_usd,0.005173131097475986
2024-10-13,arbitrum,txcosts_median_usd,0.004852384553116373
2024-10-14,arbitrum,txcosts_median_usd,0.0070341728688355885
2024-10-15,arbitrum,txcosts_median_usd,0.007320577396637562
2024-10-16,arbitrum,txcosts_median_usd,0.006140344034186696
2024-10-17,arbitrum,txcosts_median_usd,0.006477630916627407
2024-10-18,arbitrum,txcosts_median_usd,0.008200141301113663
2024-10-19,arbitrum,txcosts_median_usd,0.005340062227292529
2024-10-20,arbitrum,txcosts_median_usd,0.004929238339790358
2024-10-21,arbitrum,txcosts_median_usd,0.005083750625926058
2024-10-22,arbitrum,txcosts_median_usd,0.005385878251031764
2024-10-23,arbitrum,txcosts_median_usd,0.005293819121977885
2024-10-24,arbitrum,txcosts_median_usd,0.004724617701231519
2024-10-25,arbitrum,txcosts_median_usd,0.004507359194656196
2024-10-26,arbitrum,txcosts_median_usd,0.003433744528870559
2024-10-27,arbitrum,txcosts_median_usd,0.0028101240449249
2024-10-28,arbitrum,txcosts_median_usd,0.004325153184508736
2024-10-29,arbitrum,txcosts_median_usd,0.005288534323032165
2024-10-30,arbitrum,txcosts_median_usd,0.006499694107325811
2024-10-31,arbitrum,txcosts_median_usd,0.006415270059669188
2024-11-01,arbitrum,txcosts_median_usd,0.0056846161544851555
2024-11-02,arbitrum,txcosts_median_usd,0.004111049291041792
2024-11-03,arbitrum,txcosts_median_usd,0.004058542225524002
2024-11-04,arbitrum,txcosts_median_usd,0.004958635308095335
2024-11-05,arbitrum,txcosts_median_usd,0.004406537174742027
2024-11-06,arbitrum,txcosts_median_usd,0.009202382269333034
2024-11-07,arbitrum,txcosts_median_usd,0.007345385366756746
2024-11-08,arbitrum,txcosts_median_usd,0.006842875357695001
2024-11-09,arbitrum,txcosts_median_usd,0.00691152880497965
2024-11-10,arbitrum,txcosts_median_usd,0.009951796923821487
2024-11-11,arbitrum,txcosts_median_usd,0.014633916767430527
2024-11-12,arbitrum,txcosts_median_usd,0.02000203166358238
2024-11-13,arbitrum,txcosts_median_usd,0.018448857944550784
2024-11-14,arbitrum,txcosts_median_usd,0.013304435044254468
2024-11-15,arbitrum,txcosts_median_usd,0.010367653060934888
2024-11-16,arbitrum,txcosts_median_usd,0.00953924662510823
2024-11-17,arbitrum,txcosts_median_usd,0.009085544861003
2024-11-18,arbitrum,txcosts_median_usd,0.008847813384801183
2024-11-19,arbitrum,txcosts_median_usd,0.00956068464724025
2024-11-20,arbitrum,txcosts_median_usd,0.008306486226190292
2024-11-21,arbitrum,txcosts_median_usd,0.011059176748137589
2024-11-22,arbitrum,txcosts_median_usd,0.009273549708446951
2024-11-23,arbitrum,txcosts_median_usd,0.010202498947662546
2024-11-24,arbitrum,txcosts_median_usd,0.010245726872412646
2024-11-25,arbitrum,txcosts_median_usd,0.01825571628999816
2024-11-26,arbitrum,txcosts_median_usd,0.01820229996364227
2024-11-27,arbitrum,txcosts_median_usd,0.010261769620633406
2024-11-28,arbitrum,txcosts_median_usd,0.013498245934094525
2024-11-29,arbitrum,txcosts_median_usd,0.006792695144383428
2024-11-30,arbitrum,txcosts_median_usd,0.008535171532577497
2024-12-01,arbitrum,txcosts_median_usd,0.011186495096638868
2024-12-02,arbitrum,txcosts_median_usd,0.014933454630718292
2024-12-03,arbitrum,txcosts_median_usd,0.014336825509885704
2024-12-04,arbitrum,txcosts_median_usd,0.021616370506612415
2024-12-05,arbitrum,txcosts_median_usd,0.02374234214051877
2024-12-06,arbitrum,txcosts_median_usd,0.017210361011506442
2024-12-07,arbitrum,txcosts_median_usd,0.013444777349087236
2024-12-08,arbitrum,txcosts_median_usd,0.009125762821754193
2024-12-09,arbitrum,txcosts_median_usd,0.017932139606464427
2024-12-10,arbitrum,txcosts_median_usd,0.01956785303326804
2024-12-11,arbitrum,txcosts_median_usd,0.021975491415109304
2024-12-12,arbitrum,txcosts_median_usd,0.03274029116866518
2024-12-13,arbitrum,txcosts_median_usd,0.015613750956295764
2024-12-14,arbitrum,txcosts_median_usd,0.013413433307122361
2024-12-15,arbitrum,txcosts_median_usd,0.010992055942748423
2024-12-16,arbitrum,txcosts_median_usd,0.016792210044017934
2024-12-17,arbitrum,txcosts_median_usd,0.009910814683993466
2024-12-18,arbitrum,txcosts_median_usd,0.010587657723899139
2024-12-19,arbitrum,txcosts_median_usd,0.01597222452847622
2024-12-20,arbitrum,txcosts_median_usd,0.03267576255398941
2024-12-21,arbitrum,txcosts_median_usd,0.007581809908175308
2024-12-22,arbitrum,txcosts_median_usd,0.006263968184914915
2024-12-23,arbitrum,txcosts_median_usd,0.0083771930696045
2024-12-24,arbitrum,txcosts_median_usd,0.00824310604518958
2024-12-25,arbitrum,txcosts_median_usd,0.00663183173503782
2024-12-26,arbitrum,txcosts_median_usd,0.011888968440585427
2024-12-27,arbitrum,txcosts_median_usd,0.012546000231778107
2024-12-28,arbitrum,txcosts_median_usd,0.01175723261971959
2024-12-29,arbitrum,txcosts_median_usd,0.008222304740136972
2024-12-30,arbitrum,txcosts_median_usd,0.01375010223754574
2024-12-31,arbitrum,txcosts_median_usd,0.010565036327468016
2025-01-01,arbitrum,txcosts_median_usd,0.0066441006628191294
2025-01-02,arbitrum,txcosts_median_usd,0.00903507932946183
2025-01-03,arbitrum,txcosts_median_usd,0.008799980238023896
2025-01-04,arbitrum,txcosts_median_usd,0.0074106546597363055
2025-01-05,arbitrum,txcosts_median_usd,0.006287983931833671
2025-01-06,arbitrum,txcosts_median_usd,0.009601333141661804
2025-01-07,arbitrum,txcosts_median_usd,0.008840995668144778
2025-01-08,arbitrum,txcosts_median_usd,0.011027719078197704
2025-01-09,arbitrum,txcosts_median_usd,0.01114608284741194
2025-01-10,arbitrum,txcosts_median_usd,0.00714316199196114
2025-01-11,arbitrum,txcosts_median_usd,0.0046554176627192755
2025-01-12,arbitrum,txcosts_median_usd,0.004432612665046553
2025-01-13,arbitrum,txcosts_median_usd,0.00948015502083181
2025-01-14,arbitrum,txcosts_median_usd,0.006788443366877541
2025-01-15,arbitrum,txcosts_median_usd,0.011056799355667736
2025-01-16,arbitrum,txcosts_median_usd,0.01272793040230246
2025-01-17,arbitrum,txcosts_median_usd,0.011629452170238787
2025-01-18,arbitrum,txcosts_median_usd,0.012011667723743305
2025-01-19,arbitrum,txcosts_median_usd,0.013009242479574865
2025-01-20,arbitrum,txcosts_median_usd,0.023328897200083843
2025-01-21,arbitrum,txcosts_median_usd,0.009339141435471156
2025-01-22,arbitrum,txcosts_median_usd,0.006962452913566724
2025-01-23,arbitrum,txcosts_median_usd,0.009539150795982993
2025-01-24,arbitrum,txcosts_median_usd,0.0076988861389294585
2025-01-25,arbitrum,txcosts_median_usd,0.004689924909438071
2025-01-26,arbitrum,txcosts_median_usd,0.005333277793984778
2025-01-27,arbitrum,txcosts_median_usd,0.010519036452601407
2025-01-28,arbitrum,txcosts_median_usd,0.009301463054840755
2025-01-29,arbitrum,txcosts_median_usd,0.006363795527830456
2025-01-30,arbitrum,txcosts_median_usd,0.00434981149141342
2025-01-31,arbitrum,txcosts_median_usd,0.006954053267908056
2025-02-01,arbitrum,txcosts_median_usd,0.0047088466226670655
2025-02-02,arbitrum,txcosts_median_usd,0.01207890296245433
2025-02-03,arbitrum,txcosts_median_usd,0.02293923586328182
2025-02-04,arbitrum,txcosts_median_usd,0.007544838673896448
2025-02-05,arbitrum,txcosts_median_usd,0.004829921904249858
2025-02-06,arbitrum,txcosts_median_usd,0.004662106601316983
2025-02-07,arbitrum,txcosts_median_usd,0.004643189185028443
2025-02-08,arbitrum,txcosts_median_usd,0.002945672832132252
2025-02-09,arbitrum,txcosts_median_usd,0.003532795904745851
2025-02-10,arbitrum,txcosts_median_usd,0.004431906382834987
2025-02-11,arbitrum,txcosts_median_usd,0.004440051513127018
2025-02-12,arbitrum,txcosts_median_usd,0.005799156387350624
2025-02-13,arbitrum,txcosts_median_usd,0.00524242977262697
2025-02-14,arbitrum,txcosts_median_usd,0.004252359116684631
2025-02-15,arbitrum,txcosts_median_usd,0.0016968583308901819
2025-02-16,arbitrum,txcosts_median_usd,0.002287483320566301
2025-02-17,arbitrum,txcosts_median_usd,0.005537166496482849
2025-02-18,arbitrum,txcosts_median_usd,0.004764657986401732
2025-02-19,arbitrum,txcosts_median_usd,0.0031687679403589147
2025-02-20,arbitrum,txcosts_median_usd,0.004256864114645086
2025-02-21,arbitrum,txcosts_median_usd,0.007032954651258723
2025-02-22,arbitrum,txcosts_median_usd,0.0040051018741520195
2025-02-23,arbitrum,txcosts_median_usd,0.0031532873672707874
2025-02-24,arbitrum,txcosts_median_usd,0.006277251797715961
2025-02-25,arbitrum,txcosts_median_usd,0.010748041500059808
2025-02-26,arbitrum,txcosts_median_usd,0.009178709143270264
2025-02-27,arbitrum,txcosts_median_usd,0.004200173872489683
2025-02-28,arbitrum,txcosts_median_usd,0.010068960989242742
2025-03-01,arbitrum,txcosts_median_usd,0.0028564847310985934
2025-03-02,arbitrum,txcosts_median_usd,0.0043589011200306435
2025-03-03,arbitrum,txcosts_median_usd,0.007018477965496614
2025-03-04,arbitrum,txcosts_median_usd,0.006771303863083077
2025-03-05,arbitrum,txcosts_median_usd,0.003515901316859746
2025-03-06,arbitrum,txcosts_median_usd,0.0036195040425990965
2025-03-07,arbitrum,txcosts_median_usd,0.0050152589943419585
2025-03-08,arbitrum,txcosts_median_usd,0.0022656144746428467
2025-03-09,arbitrum,txcosts_median_usd,0.004021734500568419
2025-03-10,arbitrum,txcosts_median_usd,0.00779958725054374
2025-03-11,arbitrum,txcosts_median_usd,0.004566217583089951
2025-03-12,arbitrum,txcosts_median_usd,0.004290477939286116
2025-03-13,arbitrum,txcosts_median_usd,0.0036781781697842538
2025-03-14,arbitrum,txcosts_median_usd,0.002921599937097897
2025-03-15,arbitrum,txcosts_median_usd,0.0018947476306360703
2025-03-16,arbitrum,txcosts_median_usd,0.002316388619214869
2025-03-17,arbitrum,txcosts_median_usd,0.003188778113120454
2025-03-18,arbitrum,txcosts_median_usd,0.0020009150473706463
2025-03-19,arbitrum,txcosts_median_usd,0.00361228311263935
2025-03-20,arbitrum,txcosts_median_usd,0.002628135891657962
2025-03-21,arbitrum,txcosts_median_usd,0.0024611931997587794
2025-03-22,arbitrum,txcosts_median_usd,0.0023556869108950027
2025-03-23,arbitrum,txcosts_median_usd,0.0020885294466442606
2025-03-24,arbitrum,txcosts_median_usd,0.002416148901020937
2025-03-25,arbitrum,txcosts_median_usd,0.002125394101309361
2025-03-26,arbitrum,txcosts_median_usd,0.0023824582938870697
2025-03-27,arbitrum,txcosts_median_usd,0.0019251896976394368
2025-03-28,arbitrum,txcosts_median_usd,0.002722142439335581
2025-03-29,arbitrum,txcosts_median_usd,0.0018613897483729985
2025-03-30,arbitrum,txcosts_median_usd,0.001708564561602818
2025-03-31,arbitrum,txcosts_median_usd,0.002493945679582396
2025-04-01,arbitrum,txcosts_median_usd,0.002813448288352133
2025-04-02,arbitrum,txcosts_median_usd,0.003222724710517701
2025-04-03,arbitrum,txcosts_median_usd,0.00261808023308191
2025-04-04,arbitrum,txcosts_median_usd,0.0036445593944274754
2025-04-05,arbitrum,txcosts_median_usd,0.0013395613498574208
2025-04-06,arbitrum,txcosts_median_usd,0.012173476312307124
2025-04-07,arbitrum,txcosts_median_usd,0.007543606984204918
2025-04-08,arbitrum,txcosts_median_usd,0.0027759067035103523
2025-04-09,arbitrum,txcosts_median_usd,0.003738205461877151
2025-04-10,arbitrum,txcosts_median_usd,0.003928101613817183
2025-04-11,arbitrum,txcosts_median_usd,0.0023962620891404486
2025-04-12,arbitrum,txcosts_median_usd,0.002469814931484827
2025-04-13,arbitrum,txcosts_median_usd,0.0025187728831789287
2025-04-14,arbitrum,txcosts_median_usd,0.002616176096415458
2025-04-15,arbitrum,txcosts_median_usd,0.0024762517042273406
2025-04-16,arbitrum,txcosts_median_usd,0.0030939924330067895
2025-04-17,arbitrum,txcosts_median_usd,0.003742482799311184
2025-04-18,arbitrum,txcosts_median_usd,0.0029280129113995706
2025-04-19,arbitrum,txcosts_median_usd,0.0014227005007957216
2025-04-20,arbitrum,txcosts_median_usd,0.0014512529187037904
2025-04-21,arbitrum,txcosts_median_usd,0.0023147556066330436
2025-04-22,arbitrum,txcosts_median_usd,0.005597603845040206
2025-04-23,arbitrum,txcosts_median_usd,0.006838588841648876
2025-04-24,arbitrum,txcosts_median_usd,0.003253193333393752
2025-04-25,arbitrum,txcosts_median_usd,0.004547409528290512
2025-04-26,arbitrum,txcosts_median_usd,0.0027989682888873205
2025-04-27,arbitrum,txcosts_median_usd,0.002720175319718389
2025-04-28,arbitrum,txcosts_median_usd,0.0039104455261820175
2025-04-29,arbitrum,txcosts_median_usd,0.0032977492134788756
2025-04-30,arbitrum,txcosts_median_usd,0.0035574958899177033
2025-05-01,arbitrum,txcosts_median_usd,0.0038817670510672307
2025-05-02,arbitrum,txcosts_median_usd,0.0031236066823503495
2025-05-03,arbitrum,txcosts_median_usd,0.0015177506560575915
2025-05-04,arbitrum,txcosts_median_usd,0.002009825259594445
2025-05-05,arbitrum,txcosts_median_usd,0.002461428125147305
2025-05-06,arbitrum,txcosts_median_usd,0.002564531884340899
2025-05-07,arbitrum,txcosts_median_usd,0.0025012820109635066
2025-05-08,arbitrum,txcosts_median_usd,0.0047615542209931
2025-05-09,arbitrum,txcosts_median_usd,0.007121131107168348
2025-05-10,arbitrum,txcosts_median_usd,0.005114359666327906
2025-05-11,arbitrum,txcosts_median_usd,0.004928260136666705
2025-05-12,arbitrum,txcosts_median_usd,0.006240069581513672
2025-05-13,arbitrum,txcosts_median_usd,0.005315754729787548
2025-05-14,arbitrum,txcosts_median_usd,0.004314946687009022
2025-05-15,arbitrum,txcosts_median_usd,0.0048295585712239955
2025-05-16,arbitrum,txcosts_median_usd,0.004085216555124897
2025-05-17,arbitrum,txcosts_median_usd,0.0034058147132152573
2025-05-18,arbitrum,txcosts_median_usd,0.00402164163215461
2025-05-19,arbitrum,txcosts_median_usd,0.003921174144438634
2025-05-20,arbitrum,txcosts_median_usd,0.0036640591739530953
2025-05-21,arbitrum,txcosts_median_usd,0.004363721049140531
2025-05-22,arbitrum,txcosts_median_usd,0.00455768889846138
2025-05-23,arbitrum,txcosts_median_usd,0.005392774472482438
2025-05-24,arbitrum,txcosts_median_usd,0.002894006159688349
2025-05-25,arbitrum,txcosts_median_usd,0.003739631724333733
2025-05-26,arbitrum,txcosts_median_usd,0.003959747126328647
2025-05-27,arbitrum,txcosts_median_usd,0.007300066243091018
2025-05-28,arbitrum,txcosts_median_usd,0.004029345564409024
2025-05-29,arbitrum,txcosts_median_usd,0.0042760062582431054
2025-05-30,arbitrum,txcosts_median_usd,0.004309158642876233
2025-05-31,arbitrum,txcosts_median_usd,0.003347808914024399
2025-06-01,arbitrum,txcosts_median_usd,0.002471636725717375
2025-06-02,arbitrum,txcosts_median_usd,0.003379050976444118
2025-06-03,arbitrum,txcosts_median_usd,0.003426245748605723
2025-06-04,arbitrum,txcosts_median_usd,0.003296946352016392
2025-06-05,arbitrum,txcosts_median_usd,0.004935715213622967
2025-06-06,arbitrum,txcosts_median_usd,0.0033574035905917943
2025-06-07,arbitrum,txcosts_median_usd,0.002800859932526577
2025-06-08,arbitrum,txcosts_median_usd,0.00232614651251541
2025-06-09,arbitrum,txcosts_median_usd,0.003503818082680703
2025-06-10,arbitrum,txcosts_median_usd,0.004947676690977487
2025-06-11,arbitrum,txcosts_median_usd,0.004757201868248347
2025-06-12,arbitrum,txcosts_median_usd,0.00410568595914332
2025-06-13,arbitrum,txcosts_median_usd,0.004758915318428821
2025-06-14,arbitrum,txcosts_median_usd,0.0024008042625732386
2025-06-15,arbitrum,txcosts_median_usd,0.00232318489586617
2025-06-16,arbitrum,txcosts_median_usd,0.003598067562098784
2025-06-17,arbitrum,txcosts_median_usd,0.003570673095024832
2025-06-18,arbitrum,txcosts_median_usd,0.0033713648219893307
2025-06-19,arbitrum,txcosts_median_usd,0.00275826312519306
2025-06-20,arbitrum,txcosts_median_usd,0.0033841087068792863
2025-06-21,arbitrum,txcosts_median_usd,0.0031182383648727854
2025-06-22,arbitrum,txcosts_median_usd,0.004814429443569259
2025-06-23,arbitrum,txcosts_median_usd,0.004763924326238877
2025-06-24,arbitrum,txcosts_median_usd,0.0036233663832349284
2025-06-25,arbitrum,txcosts_median_usd,0.003720547097238637
2025-06-26,arbitrum,txcosts_median_usd,0.0031382130188470853
2025-06-27,arbitrum,txcosts_median_usd,0.0019862832870923826
2025-06-28,arbitrum,txcosts_median_usd,0.0012867260050280426
2025-06-29,arbitrum,txcosts_median_usd,0.0018477611279597253
2025-06-30,arbitrum,txcosts_median_usd,0.0022388407057121764
2025-07-01,arbitrum,txcosts_median_usd,0.0019295421873848084
2025-07-02,arbitrum,txcosts_median_usd,0.0036405827203365706
2025-07-03,arbitrum,txcosts_median_usd,0.003470126431980473
2025-07-04,arbitrum,txcosts_median_usd,0.0025614262622913084
2025-07-05,arbitrum,txcosts_median_usd,0.0014706383299001708
2025-07-06,arbitrum,txcosts_median_usd,0.0014925541148441003
2025-07-07,arbitrum,txcosts_median_usd,0.0025085621871586087
2025-07-08,arbitrum,txcosts_median_usd,0.00219810477229748
2025-07-09,arbitrum,txcosts_median_usd,0.004606135437317068
2025-07-10,arbitrum,txcosts_median_usd,0.004207595497317186
2025-07-11,arbitrum,txcosts_median_usd,0.005181216058623734
2025-07-12,arbitrum,txcosts_median_usd,0.0023515175974780584
2025-07-13,arbitrum,txcosts_median_usd,0.00264119032250686
2025-07-14,arbitrum,txcosts_median_usd,0.004324998427238607
2025-07-15,arbitrum,txcosts_median_usd,0.0052002690598849455
2025-07-16,arbitrum,txcosts_median_usd,0.005717476522005366
2025-07-17,arbitrum,txcosts_median_usd,0.007221880703737775
2025-07-18,arbitrum,txcosts_median_usd,0.010096670083195093
2025-07-19,arbitrum,txcosts_median_usd,0.003656893703571557
2025-07-20,arbitrum,txcosts_median_usd,0.005012780354347564
2025-07-21,arbitrum,txcosts_median_usd,0.005171051973403824
2025-07-22,arbitrum,txcosts_median_usd,0.005468869534459358
2025-07-23,arbitrum,txcosts_median_usd,0.006121414439913555
2025-07-24,arbitrum,txcosts_median_usd,0.0059593646319223365
2025-07-25,arbitrum,txcosts_median_usd,0.005463168012806815
2025-07-26,arbitrum,txcosts_median_usd,0.0028671602759645113
2025-07-27,arbitrum,txcosts_median_usd,0.00331575681900301
2025-07-28,arbitrum,txcosts_median_usd,0.004721436912233713
2025-07-29,arbitrum,txcosts_median_usd,0.005033869089774306
2025-07-30,arbitrum,txcosts_median_usd,0.005178673000131715
2025-07-31,arbitrum,txcosts_median_usd,0.005038735129872473
2025-08-01,arbitrum,txcosts_median_usd,0.005918234424649296
2025-08-02,arbitrum,txcosts_median_usd,0.003374294781019713
2025-08-03,arbitrum,txcosts_median_usd,0.0023509580749362553
2025-08-04,arbitrum,txcosts_median_usd,0.0031190657639294634
2025-08-05,arbitrum,txcosts_median_usd,0.0038533388767653023
2025-08-06,arbitrum,txcosts_median_usd,0.002489107074171847
2025-08-07,arbitrum,txcosts_median_usd,0.0035189269814574257
2025-08-08,arbitrum,txcosts_median_usd,0.004288155448591676
2025-08-09,arbitrum,txcosts_median_usd,0.004926852215393275
2025-08-10,arbitrum,txcosts_median_usd,0.0035132130514830876
2025-08-11,arbitrum,txcosts_median_usd,0.0051516633534444
2025-08-12,arbitrum,txcosts_median_usd,0.0054695612374319885
2025-08-13,arbitrum,txcosts_median_usd,0.0064607388112589105
2025-08-14,arbitrum,txcosts_median_usd,0.007703900410426476
2025-08-15,arbitrum,txcosts_median_usd,0.005876903296500452
2025-08-16,arbitrum,txcosts_median_usd,0.002632609143421531
2025-08-17,arbitrum,txcosts_median_usd,0.0027950542447956425
2025-08-18,arbitrum,txcosts_median_usd,0.005582154293837027
2025-08-19,arbitrum,txcosts_median_usd,0.005251232021911048
2025-08-20,arbitrum,txcosts_median_usd,0.004524727570464622
2025-08-21,arbitrum,txcosts_median_usd,0.0029930625734045447
2025-08-22,arbitrum,txcosts_median_usd,0.00581878396180658
2025-08-23,arbitrum,txcosts_median_usd,0.0029808094085752483
2025-08-24,arbitrum,txcosts_median_usd,0.0033715679160027626
2025-08-25,arbitrum,txcosts_median_usd,0.005980735565712694
2025-08-26,arbitrum,txcosts_median_usd,0.004202023319114301
2025-08-27,arbitrum,txcosts_median_usd,0.0036445003094636398
2025-08-28,arbitrum,txcosts_median_usd,0.0029043936785180594
2025-08-29,arbitrum,txcosts_median_usd,0.0036076259909770367
2025-08-30,arbitrum,txcosts_median_usd,0.0024238337920468155
2025-08-31,arbitrum,txcosts_median_usd,0.0023004750153157536
2025-09-01,arbitrum,txcosts_median_usd,0.004555271967024648
2025-09-02,arbitrum,txcosts_median_usd,0.002985819894274221
2025-09-03,arbitrum,txcosts_median_usd,0.002481484211503449
2025-09-04,arbitrum,txcosts_median_usd,0.002607978108636617
2025-09-05,arbitrum,txcosts_median_usd,0.0029691871626118817
2025-09-06,arbitrum,txcosts_median_usd,0.0020655379731531875
2025-09-07,arbitrum,txcosts_median_usd,0.0020864797176388217
2025-09-08,arbitrum,txcosts_median_usd,0.0025971520135898954
2025-09-09,arbitrum,txcosts_median_usd,0.002883470520423051
2025-09-10,arbitrum,txcosts_median_usd,0.0036722064211061685
2025-09-11,arbitrum,txcosts_median_usd,0.003804971900257597
2025-09-12,arbitrum,txcosts_median_usd,0.003938069216218718
2025-09-13,arbitrum,txcosts_median_usd,0.0037651898586223364
2025-09-14,arbitrum,txcosts_median_usd,0.0032745313373097468
2025-09-15,arbitrum,txcosts_median_usd,0.004480527708399724
2025-09-16,arbitrum,txcosts_median_usd,0.0037511872063580682
2025-09-17,arbitrum,txcosts_median_usd,0.005446198874343344
2025-09-18,arbitrum,txcosts_median_usd,0.0047308993887995665
2025-09-19,arbitrum,txcosts_median_usd,0.003670214071402206
2025-09-20,arbitrum,txcosts_median_usd,0.003048688182095441
2025-09-21,arbitrum,txcosts_median_usd,0.0030654163851156833
2025-09-22,arbitrum,txcosts_median_usd,0.008181193334776342
2025-09-23,arbitrum,txcosts_median_usd,0.00983955216445766
2025-09-24,arbitrum,txcosts_median_usd,0.0027285631768312903
2025-09-25,arbitrum,txcosts_median_usd,0.0061056048046125655
2025-09-26,arbitrum,txcosts_median_usd,0.0037714700570419483
2025-09-27,arbitrum,txcosts_median_usd,0.006236629981338737
2025-09-28,arbitrum,txcosts_median_usd,0.002971024532474885
2025-09-29,arbitrum,txcosts_median_usd,0.003556763393137642
2025-09-30,arbitrum,txcosts_median_usd,0.003432981075462336
2025-10-01,arbitrum,txcosts_median_usd,0.003325827831464961
2025-10-02,arbitrum,txcosts_median_usd,0.0033208209727807504
2025-10-03,arbitrum,txcosts_median_usd,0.004067980146413997
2025-10-04,arbitrum,txcosts_median_usd,0.0022617630868784788
2025-10-05,arbitrum,txcosts_median_usd,0.0028257293702926007
2025-10-06,arbitrum,txcosts_median_usd,0.003960885078245877
2025-10-07,arbitrum,txcosts_median_usd,0.0029718118738054767
2025-10-08,arbitrum,txcosts_median_usd,0.0041121333512844456
2025-10-09,arbitrum,txcosts_median_usd,0.0073297329652802405
2025-10-10,arbitrum,txcosts_median_usd,0.00954656200483852
2025-10-11,arbitrum,txcosts_median_usd,0.008210813224437863
2025-10-12,arbitrum,txcosts_median_usd,0.004666539399512546
2025-10-13,arbitrum,txcosts_median_usd,0.006766173662149413
2025-10-14,arbitrum,txcosts_median_usd,0.006631386466800224
2025-10-15,arbitrum,txcosts_median_usd,0.004290036159606426
2025-10-16,arbitrum,txcosts_median_usd,0.004764432192316048
2025-10-17,arbitrum,txcosts_median_usd,0.006473641755213761
2025-10-18,arbitrum,txcosts_median_usd,0.0020350802813203935
2025-10-19,arbitrum,txcosts_median_usd,0.0022734121831544224
2025-10-20,arbitrum,txcosts_median_usd,0.003219981714804625
2025-10-21,arbitrum,txcosts_median_usd,0.005049882756679756
2025-10-22,arbitrum,txcosts_median_usd,0.004132166567221853
2025-10-23,arbitrum,txcosts_median_usd,0.002505827977414132
2025-10-24,arbitrum,txcosts_median_usd,0.002494729849207358
2025-10-25,arbitrum,txcosts_median_usd,0.0021856185077385962
2025-10-26,arbitrum,txcosts_median_usd,0.002766233313470274
2025-10-27,arbitrum,txcosts_median_usd,0.004549566860006595
2025-10-28,arbitrum,txcosts_median_usd,0.005026477007434224
2025-10-29,arbitrum,txcosts_median_usd,0.0036693998539242215
2025-10-30,arbitrum,txcosts_median_usd,0.004703254211456106
2025-10-31,arbitrum,txcosts_median_usd,0.0027385823769126533
2025-11-01,arbitrum,txcosts_median_usd,0.0021968457322573006
2025-11-02,arbitrum,txcosts_median_usd,0.0023388521324002893
2025-11-03,arbitrum,txcosts_median_usd,0.004834284768802031
2025-11-04,arbitrum,txcosts_median_usd,0.014443313366088562
2025-11-05,arbitrum,txcosts_median_usd,0.0032614035294179803
2025-11-06,arbitrum,txcosts_median_usd,0.003821306801108979
2025-11-07,arbitrum,txcosts_median_usd,0.0045433319086613825
2025-11-08,arbitrum,txcosts_median_usd,0.0027226849669539812
2025-11-09,arbitrum,txcosts_median_usd,0.0027311337963147617
2025-11-10,arbitrum,txcosts_median_usd,0.0038884975029268073
2025-11-11,arbitrum,txcosts_median_usd,0.003907561781221845
2025-11-12,arbitrum,txcosts_median_usd,0.0035959573411132404
2025-11-13,arbitrum,txcosts_median_usd,0.005324388878329268
2025-11-14,arbitrum,txcosts_median_usd,0.00649487927605879
2025-11-15,arbitrum,txcosts_median_usd,0.0019463478388732124
2025-11-16,arbitrum,txcosts_median_usd,0.004093155683994981
2025-11-17,arbitrum,txcosts_median_usd,0.006397349910592854
2025-11-18,arbitrum,txcosts_median_usd,0.0045611994413310595
2025-11-19,arbitrum,txcosts_median_usd,0.004767168502541211
2025-11-20,arbitrum,txcosts_median_usd,0.0057905422950142674
2025-11-21,arbitrum,txcosts_median_usd,0.009048912510046915
2025-11-22,arbitrum,txcosts_median_usd,0.0017966078871516852
2025-11-23,arbitrum,txcosts_median_usd,0.0025738455651943357
2025-11-24,arbitrum,txcosts_median_usd,0.0036173048985487805
2025-11-25,arbitrum,txcosts_median_usd,0.0021734397725868566
2025-11-26,arbitrum,txcosts_median_usd,0.0017448071878107445
2025-11-27,arbitrum,txcosts_median_usd,0.0015811605429044563
2025-11-28,arbitrum,txcosts_median_usd,0.0018923365546501087
2025-11-29,arbitrum,txcosts_median_usd,0.0015626411531609165
2025-11-30,arbitrum,txcosts_median_usd,0.0015301951594669193
2025-12-01,arbitrum,txcosts_median_usd,0.0032219620935525746
2025-12-02,arbitrum,txcosts_median_usd,0.00212600132498919
2025-12-03,arbitrum,txcosts_median_usd,0.0023799892876071485
2025-12-04,arbitrum,txcosts_median_usd,0.005827822989219525
2025-12-05,arbitrum,txcosts_median_usd,0.0030475911962508815
2025-12-06,arbitrum,txcosts_median_usd,0.00216963255208735
2025-12-07,arbitrum,txcosts_median_usd,0.0019098382726128861
2025-12-08,arbitrum,txcosts_median_usd,0.00173061016267126
2025-12-09,arbitrum,txcosts_median_usd,0.0022029453390496278
2025-12-10,arbitrum,txcosts_median_usd,0.0023643023201047214
2025-12-11,arbitrum,txcosts_median_usd,0.0024777644942509036
2025-12-12,arbitrum,txcosts_median_usd,0.002087380693411944
2025-12-13,arbitrum,txcosts_median_usd,0.0015528707454373757
2025-12-14,arbitrum,txcosts_median_usd,0.002013962087487723
2025-12-15,arbitrum,txcosts_median_usd,0.002229593085444855
2025-12-16,arbitrum,txcosts_median_usd,0.001914812340278502
2025-12-17,arbitrum,txcosts_median_usd,0.0028244681582580704
2025-12-18,arbitrum,txcosts_median_usd,0.002921856942379639
2025-12-19,arbitrum,txcosts_median_usd,0.0022191030820986717
2025-12-20,arbitrum,txcosts_median_usd,0.0019243503363256195
2025-12-21,arbitrum,txcosts_median_usd,0.002414329737348076
2025-12-22,arbitrum,txcosts_median_usd,0.003484618444596747
2025-12-23,arbitrum,txcosts_median_usd,0.004244441455146727
2025-12-24,arbitrum,txcosts_median_usd,0.016859577721777687
2025-12-25,arbitrum,txcosts_median_usd,0.03925387030171745
2025-12-26,arbitrum,txcosts_median_usd,0.0024602212036341007
2025-12-27,arbitrum,txcosts_median_usd,0.0017880061668031591
2025-12-28,arbitrum,txcosts_median_usd,0.0017415389945252201
2025-12-29,arbitrum,txcosts_median_usd,0.0026212663776982764
2025-12-30,arbitrum,txcosts_median_usd,0.0021117549685859024
2025-12-31,arbitrum,txcosts_median_usd,0.0018465131890395843
2026-01-01,arbitrum,txcosts_median_usd,0.0018123430109644163
2026-01-02,arbitrum,txcosts_median_usd,0.0025083503817182984
2026-01-03,arbitrum,txcosts_median_usd,0.0019409168670712256
2026-01-04,arbitrum,txcosts_median_usd,0.0019113865649233452
2026-01-05,arbitrum,txcosts_median_usd,0.002650899016705519
2026-01-06,arbitrum,txcosts_median_usd,0.0027347220149769483
2026-01-07,arbitrum,txcosts_median_usd,0.0022308828582323515
2026-01-08,arbitrum,txcosts_median_usd,0.0026643294007330314
2026-01-09,arbitrum,txcosts_median_usd,0.0045155230498849135
2026-01-10,arbitrum,txcosts_median_usd,0.0037508344115335557
2026-01-11,arbitrum,txcosts_median_usd,0.0039097058220828144
2026-01-12,arbitrum,txcosts_median_usd,0.003930284943331618
2026-01-13,arbitrum,txcosts_median_usd,0.004887158511422538
2026-01-14,arbitrum,txcosts_median_usd,0.0044208601169724296
2026-01-15,arbitrum,txcosts_median_usd,0.004255529602005294
2026-01-16,arbitrum,txcosts_median_usd,0.004249547302277979
2026-01-17,arbitrum,txcosts_median_usd,0.0037563522881425174
2026-01-18,arbitrum,txcosts_median_usd,0.004102239889172488
2026-01-19,arbitrum,txcosts_median_usd,0.004656188617868721
2026-01-20,arbitrum,txcosts_median_usd,0.0045558824628155956
2026-01-21,arbitrum,txcosts_median_usd,0.004440602704811211
2026-01-22,arbitrum,txcosts_median_usd,0.003708230983116762
2026-01-23,arbitrum,txcosts_median_usd,0.003710770256122926
2026-01-24,arbitrum,txcosts_median_usd,0.0033317688359137464
2026-01-25,arbitrum,txcosts_median_usd,0.0036753243983877774
2026-01-26,arbitrum,txcosts_median_usd,0.0026616215835752054
2026-01-27,arbitrum,txcosts_median_usd,0.003297683318911084
2026-01-28,arbitrum,txcosts_median_usd,0.0034563544193205575
2026-01-29,arbitrum,txcosts_median_usd,0.004070251074565184
2026-01-30,arbitrum,txcosts_median_usd,0.0036360605888933178
2026-01-31,arbitrum,txcosts_median_usd,0.005619549329832863
2026-02-01,arbitrum,txcosts_median_usd,0.0028342621556201597
2026-02-02,arbitrum,txcosts_median_usd,0.0029148926186918058
2026-02-03,arbitrum,txcosts_median_usd,0.002665050897141045
2026-02-04,arbitrum,txcosts_median_usd,0.0022937971732977834
2026-02-05,arbitrum,txcosts_median_usd,0.003207847656967012
2026-02-06,arbitrum,txcosts_median_usd,0.002367332982783063
2026-02-07,arbitrum,txcosts_median_usd,0.0021267926563935504
2026-02-08,arbitrum,txcosts_median_usd,0.002077642568840002
2026-02-09,arbitrum,txcosts_median_usd,0.002155947251875171
2026-02-10,arbitrum,txcosts_median_usd,0.002365830528228422
2026-02-11,arbitrum,txcosts_median_usd,0.0022891693974196508
2026-02-12,arbitrum,txcosts_median_usd,0.0021818611957174923
2026-02-13,arbitrum,txcosts_median_usd,0.002185679969015186
2026-02-14,arbitrum,txcosts_median_usd,0.0023008814029811617
2026-02-15,arbitrum,txcosts_median_usd,0.002328570612583423
2026-02-16,arbitrum,txcosts_median_usd,0.002086586778196923
2026-02-17,arbitrum,txcosts_median_usd,0.0022435513273833226
2026-02-18,arbitrum,txcosts_median_usd,0.00223355564200054
2026-02-19,arbitrum,txcosts_median_usd,0.0021460749094365395
2026-02-20,arbitrum,txcosts_median_usd,0.0019384596751651233
2026-02-21,arbitrum,txcosts_median_usd,0.0019324968534510075
2026-02-22,arbitrum,txcosts_median_usd,0.0019340354965210413
2026-02-23,arbitrum,txcosts_median_usd,0.001924192119250408
2026-02-24,arbitrum,txcosts_median_usd,0.0018278923449816752
2026-02-25,arbitrum,txcosts_median_usd,0.00197159792258565
2026-02-26,arbitrum,txcosts_median_usd,0.0020427955315638073
2026-02-27,arbitrum,txcosts_median_usd,0.0020217926507214174
2026-02-28,arbitrum,txcosts_median_usd,0.0019645993227701743
2026-03-01,arbitrum,txcosts_median_usd,0.00196287507985915
2026-03-02,arbitrum,txcosts_median_usd,0.0019820729116095293
2026-03-03,arbitrum,txcosts_median_usd,0.0024196979323920283
2026-03-04,arbitrum,txcosts_median_usd,0.0024809672374035154
2026-03-05,arbitrum,txcosts_median_usd,0.0021511516430775318
2026-03-06,arbitrum,txcosts_median_usd,0.0023696510938283856
2026-03-07,arbitrum,txcosts_median_usd,0.0019624390542720936
2026-03-08,arbitrum,txcosts_median_usd,0.002375687083880764
2026-03-09,arbitrum,txcosts_median_usd,0.002667354034791124
2026-03-10,arbitrum,txcosts_median_usd,0.0032034941174439308
2026-03-11,arbitrum,txcosts_median_usd,0.0029546359039517604
2026-03-12,arbitrum,txcosts_median_usd,0.0020569425655791473
2026-03-13,arbitrum,txcosts_median_usd,0.0032876235534021036
2026-03-14,arbitrum,txcosts_median_usd,0.002680722519869342
2026-03-15,arbitrum,txcosts_median_usd,0.002614928673379187
2026-03-16,arbitrum,txcosts_median_usd,0.003306951696952856
2026-03-17,arbitrum,txcosts_median_usd,0.0029507605670231873
2026-03-18,arbitrum,txcosts_median_usd,0.002846449692358973
2026-03-19,arbitrum,txcosts_median_usd,0.002380904120201328
2026-03-20,arbitrum,txcosts_median_usd,0.002282497398039386
2026-03-21,arbitrum,txcosts_median_usd,0.001896466387969321
2026-03-22,arbitrum,txcosts_median_usd,0.002538051772551545
2026-03-23,arbitrum,txcosts_median_usd,0.0026013441045826674
2026-03-24,arbitrum,txcosts_median_usd,0.0018224595704612926
2026-03-25,arbitrum,txcosts_median_usd,0.0017532159759965852
2026-03-26,arbitrum,txcosts_median_usd,0.0020150503550557777
2026-03-27,arbitrum,txcosts_median_usd,0.002476923177958124
2026-03-28,arbitrum,txcosts_median_usd,0.0019196339647924567
2026-03-29,arbitrum,txcosts_median_usd,0.0023200387530726203
2026-03-30,arbitrum,txcosts_median_usd,0.00334520941535781
2026-03-31,arbitrum,txcosts_median_usd,0.003066777840384981
2026-04-01,arbitrum,txcosts_median_usd,0.002741638891328856
2026-04-02,arbitrum,txcosts_median_usd,0.003492559334763906
2026-04-03,arbitrum,txcosts_median_usd,0.0020296103935271946
2026-04-04,arbitrum,txcosts_median_usd,0.001960698499870392
2026-04-05,arbitrum,txcosts_median_usd,0.0018504841932531697
2026-04-06,arbitrum,txcosts_median_usd,0.0017168650896860682
2026-04-07,arbitrum,txcosts_median_usd,0.0020553012384825885
2026-04-08,arbitrum,txcosts_median_usd,0.002582123657635899
2026-04-09,arbitrum,txcosts_median_usd,0.0027343305870961253
2026-04-10,arbitrum,txcosts_median_usd,0.002754727440564213
2026-04-11,arbitrum,txcosts_median_usd,0.0022397020262454478
2026-04-12,arbitrum,txcosts_median_usd,0.0022923774191706287
2026-04-13,arbitrum,txcosts_median_usd,0.003607413922215753
2026-04-14,arbitrum,txcosts_median_usd,0.0029976353548490896
2026-04-15,arbitrum,txcosts_median_usd,0.0019065465029331195
2026-04-16,arbitrum,txcosts_median_usd,0.0030019892344075177
2026-04-17,arbitrum,txcosts_median_usd,0.003106591176349392
2026-04-18,arbitrum,txcosts_median_usd,0.003123029128964891
2026-04-19,arbitrum,txcosts_median_usd,0.0027133601682893947
2026-04-20,arbitrum,txcosts_median_usd,0.0031391182515232356
2026-04-21,arbitrum,txcosts_median_usd,0.0035690035179253283
2026-04-22,arbitrum,txcosts_median_usd,0.003986292003015405
2026-04-23,arbitrum,txcosts_median_usd,0.00301484044120164
2026-04-24,arbitrum,txcosts_median_usd,0.002940351620343483
2026-04-25,arbitrum,txcosts_median_usd,0.002217790553854889
2026-04-26,arbitrum,txcosts_median_usd,0.0021455592505817277
2026-04-27,arbitrum,txcosts_median_usd,0.0023613165306937437
2026-04-28,arbitrum,txcosts_median_usd,0.0018479182375053527
2026-04-29,arbitrum,txcosts_median_usd,0.0028587127193791333
2026-04-30,arbitrum,txcosts_median_usd,0.002611824817560771
2026-05-01,arbitrum,txcosts_median_usd,0.002857117129413288
2026-05-02,arbitrum,txcosts_median_usd,0.002666676769190065
2026-05-03,arbitrum,txcosts_median_usd,0.00272441595147687
2026-05-04,arbitrum,txcosts_median_usd,0.0030209459491096495
2026-05-05,arbitrum,txcosts_median_usd,0.002947826321553885
2026-05-06,arbitrum,txcosts_median_usd,0.002970831576015706
2026-05-07,arbitrum,txcosts_median_usd,0.0033952128987340597
2026-05-08,arbitrum,txcosts_median_usd,0.003450502868871452
2026-05-09,arbitrum,txcosts_median_usd,0.0034760078433493965
2026-05-10,arbitrum,txcosts_median_usd,0.0023549715351055427
2026-05-11,arbitrum,txcosts_median_usd,0.004642116420017144
2026-05-12,arbitrum,txcosts_median_usd,0.0051254623450979996
2026-05-13,arbitrum,txcosts_median_usd,0.005349596780839879
2026-05-14,arbitrum,txcosts_median_usd,0.006196078740146292
2026-05-15,arbitrum,txcosts_median_usd,0.005427049147886659
2026-05-16,arbitrum,txcosts_median_usd,0.005511657350499396
2026-05-17,arbitrum,txcosts_median_usd,0.005906621026806234
2026-05-18,arbitrum,txcosts_median_usd,0.005768451898064903
2026-05-19,arbitrum,txcosts_median_usd,0.006068440606129177
2026-05-20,arbitrum,txcosts_median_usd,0.01239124921633881
2026-05-21,arbitrum,txcosts_median_usd,0.0030764319162727193
2026-05-22,arbitrum,txcosts_median_usd,0.0031046541698921755
2026-05-23,arbitrum,txcosts_median_usd,0.0029217371943090153
2026-05-24,arbitrum,txcosts_median_usd,0.003990060583413715
2026-05-25,arbitrum,txcosts_median_usd,0.0032548805469556404
2026-05-26,arbitrum,txcosts_median_usd,0.0032212556388031667
2026-05-27,arbitrum,txcosts_median_usd,0.003170882868903357
2026-05-28,arbitrum,txcosts_median_usd,0.004616377394080868
2026-05-29,arbitrum,txcosts_median_usd,0.004429053852611724
2026-05-30,arbitrum,txcosts_median_usd,0.004335776208725707
2026-05-31,arbitrum,txcosts_median_usd,0.004077730101028879
2026-06-01,arbitrum,txcosts_median_usd,0.004676495625958483
2026-06-02,arbitrum,txcosts_median_usd,0.00368198561361188
2026-06-03,arbitrum,txcosts_median_usd,0.004221876661153396
2026-06-04,arbitrum,txcosts_median_usd,0.0044106512454503465
2026-06-05,arbitrum,txcosts_median_usd,0.0032859554375683888
2026-06-06,arbitrum,txcosts_median_usd,0.0027545598743429723
2026-06-07,arbitrum,txcosts_median_usd,0.0036841872240913017
2026-06-08,arbitrum,txcosts_median_usd,0.004019569730933112
2026-06-09,arbitrum,txcosts_median_usd,0.00274880449331449
2026-06-10,arbitrum,txcosts_median_usd,0.0031251501445782137
2026-06-11,arbitrum,txcosts_median_usd,0.0025039321782327727
2026-06-12,arbitrum,txcosts_median_usd,0.0033904464560927344
2026-06-13,arbitrum,txcosts_median_usd,0.0035460154685888
2026-06-14,arbitrum,txcosts_median_usd,0.004014779324702081
2026-06-15,arbitrum,txcosts_median_usd,0.003784202619912461
2026-06-16,arbitrum,txcosts_median_usd,0.003932908945256786
2026-06-17,arbitrum,txcosts_median_usd,0.003950239401395054
2026-06-18,arbitrum,txcosts_median_usd,0.004037260157778366
2026-06-19,arbitrum,txcosts_median_usd,0.003954706669514896
2026-06-20,arbitrum,txcosts_median_usd,0.002704085743645053
2026-06-21,arbitrum,txcosts_median_usd,0.003997794103370064
2026-06-22,arbitrum,txcosts_median_usd,0.003373338362707887
2026-06-23,arbitrum,txcosts_median_usd,0.00405127035850894
2026-06-24,arbitrum,txcosts_median_usd,0.004088752197544909
2026-06-25,arbitrum,txcosts_median_usd,0.004241006705974284
2026-06-26,arbitrum,txcosts_median_usd,0.0036765875947241938
2026-06-27,arbitrum,txcosts_median_usd,0.0036843442469846263
2026-06-28,arbitrum,txcosts_median_usd,0.0037110046578428596
2026-06-29,arbitrum,txcosts_median_usd,0.003919884419174996
2026-06-30,arbitrum,txcosts_median_usd,0.003969161430252015
2026-07-01,arbitrum,txcosts_median_usd,0.0041033946542301325
2026-07-02,arbitrum,txcosts_median_usd,0.004279837568376589
2026-07-03,arbitrum,txcosts_median_usd,0.004318491372453816
2026-07-04,arbitrum,txcosts_median_usd,0.004434069924933221
2026-07-05,arbitrum,txcosts_median_usd,0.004236819957154425
2026-07-06,arbitrum,txcosts_median_usd,0.004412043517185626
2026-07-07,arbitrum,txcosts_median_usd,0.004415493174374608
2026-07-08,arbitrum,txcosts_median_usd,0.003753445967780529
2026-07-09,arbitrum,txcosts_median_usd,0.004075145039587689
2026-07-10,arbitrum,txcosts_median_usd,0.004060565809041509
2026-07-11,arbitrum,txcosts_median_usd,0.004200482567727656
2026-07-12,arbitrum,txcosts_median_usd,0.004187401793388035
2026-07-13,arbitrum,txcosts_median_usd,0.0042223546452935645
2026-07-14,arbitrum,txcosts_median_usd,0.003706792191773249
2026-07-15,arbitrum,txcosts_median_usd,0.0036696411826705353
2026-07-16,arbitrum,txcosts_median_usd,0.003625804625994771
2026-07-17,arbitrum,txcosts_median_usd,0.003625882342295399
2026-07-18,arbitrum,txcosts_median_usd,0.0035658969347078188
2026-07-19,arbitrum,txcosts_median_usd,0.003611864731131235
2026-07-20,arbitrum,txcosts_median_usd,0.0037343050695163344
2026-07-21,arbitrum,txcosts_median_usd,0.0036362429970436478
2026-07-22,arbitrum,txcosts_median_usd,0.0037263720249147312
2026-07-23,arbitrum,txcosts_median_usd,0.003832955455722574
2026-07-24,arbitrum,txcosts_median_usd,0.004024436131655118
2026-07-25,arbitrum,txcosts_median_usd,0.003911037033983281
2026-07-26,arbitrum,txcosts_median_usd,0.003792546269081375
2026-07-27,arbitrum,txcosts_median_usd,0.004258263185786849
2026-07-28,arbitrum,txcosts_median_usd,0.0036744416161867926
2026-07-29,arbitrum,txcosts_median_usd,0.003645272716355773
2026-07-30,arbitrum,txcosts_median_usd,0.0036300763367620318
2026-07-31,arbitrum,txcosts_median_usd,0.00244691810244622
2026-08-01,arbitrum,txcosts_median_usd,0.0023368135095777737
2026-08-02,arbitrum,txcosts_median_usd,0.002827884566992995
2026-08-03,arbitrum,txcosts_median_usd,0.003135452434001221
2026-08-04,arbitrum,txcosts_median_usd,0.0034498317134206273
2026-08-05,arbitrum,txcosts_median_usd,0.0030996910745837887
2026-08-06,arbitrum,txcosts_median_usd,0.0033520052481767174
2026-08-07,arbitrum,txcosts_median_usd,0.0029795854459222994
2026-08-08,arbitrum,txcosts_median_usd,0.0024887127802155832
2026-08-09,arbitrum,txcosts_median_usd,0.0029927798166932327
2026-08-10,arbitrum,txcosts_median_usd,0.002999218520443496
2026-08-11,arbitrum,txcosts_median_usd,0.002589808194129343
2026-08-12,arbitrum,txcosts_median_usd,0.0026293529592533154
2026-08-13,arbitrum,txcosts_median_usd,0.002648753661126467
2026-08-14,arbitrum,txcosts_median_usd,0.0023847658362792633
2026-08-15,arbitrum,txcosts_median_usd,0.002347636119086788
2026-08-16,arbitrum,txcosts_median_usd,0.0028823854038592988
2026-08-17,arbitrum,txcosts_median_usd,0.0031567669321360447
2026-08-18,arbitrum,txcosts_median_usd,0.0032282965896901004
2026-08-19,arbitrum,txcosts_median_usd,0.0036894846356380962
2026-08-20,arbitrum,txcosts_median_usd,0.003172284929737797
2023-07-30,base,txcosts_median_usd,0.3625782194898156
2023-07-31,base,txcosts_median_usd,0.24098697193610927
2023-08-01,base,txcosts_median_usd,0.20343620539322144
2023-08-02,base,txcosts_median_usd,0.20215543822408383
2023-08-03,base,txcosts_median_usd,0.17546420007786173
2023-08-04,base,txcosts_median_usd,0.17089883991735805
2023-08-05,base,txcosts_median_usd,0.17408170703644477
2023-08-06,base,txcosts_median_usd,0.12289728498400097
2023-08-07,base,txcosts_median_usd,0.20408438825360017
2023-08-08,base,txcosts_median_usd,0.22295505383997935
2023-08-09,base,txcosts_median_usd,0.23232663971595616
2023-08-10,base,txcosts_median_usd,0.20507286361312513
2023-08-11,base,txcosts_median_usd,0.19643136216310791
2023-08-12,base,txcosts_median_usd,0.12015666292099136
2023-08-13,base,txcosts_median_usd,0.10678230070038995
2023-08-14,base,txcosts_median_usd,0.138791019849318
2023-08-15,base,txcosts_median_usd,0.11722662170845485
2023-08-16,base,txcosts_median_usd,0.12794193536575832
2023-08-17,base,txcosts_median_usd,0.12993158103006672
2023-08-18,base,txcosts_median_usd,0.10408248188144723
2023-08-19,base,txcosts_median_usd,0.09885273402109471
2023-08-20,base,txcosts_median_usd,0.10876077557185054
2023-08-21,base,txcosts_median_usd,0.13444443692603034
2023-08-22,base,txcosts_median_usd,0.13276362368365321
2023-08-23,base,txcosts_median_usd,0.11790466604512291
2023-08-24,base,txcosts_median_usd,0.11716064924695026
2023-08-25,base,txcosts_median_usd,0.135346939382237
2023-08-26,base,txcosts_median_usd,0.17114862659918748
2023-08-27,base,txcosts_median_usd,0.12440084432931299
2023-08-28,base,txcosts_median_usd,0.1689197851516
2023-08-29,base,txcosts_median_usd,0.17774517100782242
2023-08-30,base,txcosts_median_usd,0.1573465229325226
2023-08-31,base,txcosts_median_usd,0.13821513456517162
2023-09-01,base,txcosts_median_usd,0.11334551081470333
2023-09-02,base,txcosts_median_usd,0.0827842225565229
2023-09-03,base,txcosts_median_usd,0.0796451715004504
2023-09-04,base,txcosts_median_usd,0.09136224571085712
2023-09-05,base,txcosts_median_usd,0.09128154776443631
2023-09-06,base,txcosts_median_usd,0.09636206681374218
2023-09-07,base,txcosts_median_usd,0.09780314783880094
2023-09-08,base,txcosts_median_usd,0.0942474173581932
2023-09-09,base,txcosts_median_usd,0.046643213434080275
2023-09-10,base,txcosts_median_usd,0.03616319662278856
2023-09-11,base,txcosts_median_usd,0.06323530262755923
2023-09-12,base,txcosts_median_usd,0.05320103593454656
2023-09-13,base,txcosts_median_usd,0.05996270840923946
2023-09-14,base,txcosts_median_usd,0.06832760208521262
2023-09-15,base,txcosts_median_usd,0.05289641511973071
2023-09-16,base,txcosts_median_usd,0.039822275547099335
2023-09-17,base,txcosts_median_usd,0.034777679160226185
2023-09-18,base,txcosts_median_usd,0.08703342467717641
2023-09-19,base,txcosts_median_usd,0.04598809929698084
2023-09-20,base,txcosts_median_usd,0.047981837046024205
2023-09-21,base,txcosts_median_usd,0.04254419438763657
2023-09-22,base,txcosts_median_usd,0.03453621706201759
2023-09-23,base,txcosts_median_usd,0.03081859216017234
2023-09-24,base,txcosts_median_usd,0.031439447789576566
2023-09-25,base,txcosts_median_usd,0.03881954073026483
2023-09-26,base,txcosts_median_usd,0.046224702558660916
2023-09-27,base,txcosts_median_usd,0.044377615246599854
2023-09-28,base,txcosts_median_usd,0.043660359667927515
2023-09-29,base,txcosts_median_usd,0.035850965496338864
2023-09-30,base,txcosts_median_usd,0.032654653467105145
2023-10-01,base,txcosts_median_usd,0.029346202265627515
2023-10-02,base,txcosts_median_usd,0.053398733820260315
2023-10-03,base,txcosts_median_usd,0.04059638111586946
2023-10-04,base,txcosts_median_usd,0.03778253309991
2023-10-05,base,txcosts_median_usd,0.04216738413241284
2023-10-06,base,txcosts_median_usd,0.030294502850845156
2023-10-07,base,txcosts_median_usd,0.02444180151548283
2023-10-08,base,txcosts_median_usd,0.02774278003081737
2023-10-09,base,txcosts_median_usd,0.02862726286312546
2023-10-10,base,txcosts_median_usd,0.03020027548024305
2023-10-11,base,txcosts_median_usd,0.030115970279909195
2023-10-12,base,txcosts_median_usd,0.034018795856052796
2023-10-13,base,txcosts_median_usd,0.03154894853510159
2023-10-14,base,txcosts_median_usd,0.022608517953099757
2023-10-15,base,txcosts_median_usd,0.02302432049531207
2023-10-16,base,txcosts_median_usd,0.035352993418647
2023-10-17,base,txcosts_median_usd,0.03427784641947087
2023-10-18,base,txcosts_median_usd,0.033863544229849434
2023-10-19,base,txcosts_median_usd,0.034483897883934085
2023-10-20,base,txcosts_median_usd,0.044480574876298314
2023-10-21,base,txcosts_median_usd,0.03430869685677365
2023-10-22,base,txcosts_median_usd,0.033981553538774065
2023-10-23,base,txcosts_median_usd,0.06829486036319793
2023-10-24,base,txcosts_median_usd,0.10189199280389177
2023-10-25,base,txcosts_median_usd,0.09082884824659533
2023-10-26,base,txcosts_median_usd,0.09697888728899275
2023-10-27,base,txcosts_median_usd,0.07450742746409084
2023-10-28,base,txcosts_median_usd,0.056119515302531196
2023-10-29,base,txcosts_median_usd,0.05845209858769716
2023-10-30,base,txcosts_median_usd,0.09082258293030597
2023-10-31,base,txcosts_median_usd,0.10459999825829618
2023-11-01,base,txcosts_median_usd,0.1119943717635632
2023-11-02,base,txcosts_median_usd,0.11710498716782708
2023-11-03,base,txcosts_median_usd,0.09465999215054058
2023-11-04,base,txcosts_median_usd,0.07622366754445448
2023-11-05,base,txcosts_median_usd,0.09029720122927312
2023-11-06,base,txcosts_median_usd,0.13478553589367967
2023-11-07,base,txcosts_median_usd,0.12718234390527317
2023-11-08,base,txcosts_median_usd,0.1380895222934943
2023-11-09,base,txcosts_median_usd,0.1857835372567086
2023-11-10,base,txcosts_median_usd,0.19588330570053983
2023-11-11,base,txcosts_median_usd,0.14829984371926255
2023-11-12,base,txcosts_median_usd,0.13863941221455903
2023-11-13,base,txcosts_median_usd,0.21209274212819354
2023-11-14,base,txcosts_median_usd,0.1812668120116762
2023-11-15,base,txcosts_median_usd,0.15529272260869617
2023-11-16,base,txcosts_median_usd,0.16885988272712374
2023-11-17,base,txcosts_median_usd,0.12361140720994893
2023-11-18,base,txcosts_median_usd,0.09799531392321924
2023-11-19,base,txcosts_median_usd,0.09199826721683362
2023-11-20,base,txcosts_median_usd,0.14357557699882528
2023-11-21,base,txcosts_median_usd,0.173398427104979
2023-11-22,base,txcosts_median_usd,0.15297737018834445
2023-11-23,base,txcosts_median_usd,0.14775303430546508
2023-11-24,base,txcosts_median_usd,0.13198702687757946
2023-11-25,base,txcosts_median_usd,0.11051909043215852
2023-11-26,base,txcosts_median_usd,0.11772405898138966
2023-11-27,base,txcosts_median_usd,0.14923724062568405
2023-11-28,base,txcosts_median_usd,0.1794462830545764
2023-11-29,base,txcosts_median_usd,0.1753059499712089
2023-11-30,base,txcosts_median_usd,0.1949678125397347
2023-12-01,base,txcosts_median_usd,0.19866482614940673
2023-12-02,base,txcosts_median_usd,0.18458848053772972
2023-12-03,base,txcosts_median_usd,0.1777140137953657
2023-12-04,base,txcosts_median_usd,0.2582472124652387
2023-12-05,base,txcosts_median_usd,0.31094814187041847
2023-12-06,base,txcosts_median_usd,0.32137328727457104
2023-12-07,base,txcosts_median_usd,0.26078836791786436
2023-12-08,base,txcosts_median_usd,0.24328395094119282
2023-12-09,base,txcosts_median_usd,0.19901533507161026
2023-12-10,base,txcosts_median_usd,0.16776023671002444
2023-12-11,base,txcosts_median_usd,0.2066008585018546
2023-12-12,base,txcosts_median_usd,0.20599853568079915
2023-12-13,base,txcosts_median_usd,0.2370727757066535
2023-12-14,base,txcosts_median_usd,0.24880497697596893
2023-12-15,base,txcosts_median_usd,0.29188155682860784
2023-12-16,base,txcosts_median_usd,0.2611120418822964
2023-12-17,base,txcosts_median_usd,0.19205269080303783
2023-12-18,base,txcosts_median_usd,0.2674697969867586
2023-12-19,base,txcosts_median_usd,0.2753338716179752
2023-12-20,base,txcosts_median_usd,0.28654500437120817
2023-12-21,base,txcosts_median_usd,0.23032353433886502
2023-12-22,base,txcosts_median_usd,0.2033944990700403
2023-12-23,base,txcosts_median_usd,0.1468287605639167
2023-12-24,base,txcosts_median_usd,0.1451520065322116
2023-12-25,base,txcosts_median_usd,0.12238902420881846
2023-12-26,base,txcosts_median_usd,0.11383711267229929
2023-12-27,base,txcosts_median_usd,0.14821622075002513
2023-12-28,base,txcosts_median_usd,0.1856537338527232
2023-12-29,base,txcosts_median_usd,0.14526879699799874
2023-12-30,base,txcosts_median_usd,0.09863301206589636
2023-12-31,base,txcosts_median_usd,0.08815167508790439
2024-01-01,base,txcosts_median_usd,0.06742504877081833
2024-01-02,base,txcosts_median_usd,0.11688243092751169
2024-01-03,base,txcosts_median_usd,0.14236494936428395
2024-01-04,base,txcosts_median_usd,0.125740734663974
2024-01-05,base,txcosts_median_usd,0.10993900729810852
2024-01-06,base,txcosts_median_usd,0.09872757062910996
2024-01-07,base,txcosts_median_usd,0.17296579263577644
2024-01-08,base,txcosts_median_usd,0.13201295205370994
2024-01-09,base,txcosts_median_usd,0.11392537465623516
2024-01-10,base,txcosts_median_usd,0.1887152998329318
2024-01-11,base,txcosts_median_usd,0.21370152974022913
2024-01-12,base,txcosts_median_usd,0.14994252448163128
2024-01-13,base,txcosts_median_usd,0.11206416575221329
2024-01-14,base,txcosts_median_usd,0.19739995491636247
2024-01-15,base,txcosts_median_usd,0.14180638274368343
2024-01-16,base,txcosts_median_usd,0.20487599865718387
2024-01-17,base,txcosts_median_usd,0.23840461531447327
2024-01-18,base,txcosts_median_usd,0.21461199135030548
2024-01-19,base,txcosts_median_usd,0.16026128696110278
2024-01-20,base,txcosts_median_usd,0.09663683087224274
2024-01-21,base,txcosts_median_usd,0.08260324402347013
2024-01-22,base,txcosts_median_usd,0.09735252185052692
2024-01-23,base,txcosts_median_usd,0.077159293580345
2024-01-24,base,txcosts_median_usd,0.05635411136985159
2024-01-25,base,txcosts_median_usd,0.11037939623840472
2024-01-26,base,txcosts_median_usd,0.09769204565376662
2024-01-27,base,txcosts_median_usd,0.07245703365341243
2024-01-28,base,txcosts_median_usd,0.06228589846747303
2024-01-29,base,txcosts_median_usd,0.0639001580832059
2024-01-30,base,txcosts_median_usd,0.14246853125575235
2024-01-31,base,txcosts_median_usd,0.1397765082182622
2024-02-01,base,txcosts_median_usd,0.15509458544896465
2024-02-02,base,txcosts_median_usd,0.122711895807518
2024-02-03,base,txcosts_median_usd,0.10658661428796054
2024-02-04,base,txcosts_median_usd,0.09832629093952472
2024-02-05,base,txcosts_median_usd,0.11242516314016937
2024-02-06,base,txcosts_median_usd,0.18982114342791873
2024-02-07,base,txcosts_median_usd,0.24140377152002548
2024-02-08,base,txcosts_median_usd,0.3222515100867138
2024-02-09,base,txcosts_median_usd,0.37258635601986767
2024-02-10,base,txcosts_median_usd,0.21802820014231472
2024-02-11,base,txcosts_median_usd,0.17594677228304695
2024-02-12,base,txcosts_median_usd,0.22198803676248297
2024-02-13,base,txcosts_median_usd,0.17643615311116273
2024-02-14,base,txcosts_median_usd,0.17000298912911285
2024-02-15,base,txcosts_median_usd,0.21050354507229108
2024-02-16,base,txcosts_median_usd,0.19124274395584875
2024-02-17,base,txcosts_median_usd,0.1469773459269263
2024-02-18,base,txcosts_median_usd,0.15911180514536735
2024-02-19,base,txcosts_median_usd,0.2377745855872869
2024-02-20,base,txcosts_median_usd,0.26286645032863015
2024-02-21,base,txcosts_median_usd,0.27366208094271
2024-02-22,base,txcosts_median_usd,0.3210458926152798
2024-02-23,base,txcosts_median_usd,0.29821099731775313
2024-02-24,base,txcosts_median_usd,0.2084635549822189
2024-02-25,base,txcosts_median_usd,0.2201468511912116
2024-02-26,base,txcosts_median_usd,0.30195180020342854
2024-02-27,base,txcosts_median_usd,0.3681376136062875
2024-02-28,base,txcosts_median_usd,0.4523671777704763
2024-02-29,base,txcosts_median_usd,0.522746988627459
2024-03-01,base,txcosts_median_usd,0.42562576579062683
2024-03-02,base,txcosts_median_usd,0.3993710557520282
2024-03-03,base,txcosts_median_usd,0.42321950487589083
2024-03-04,base,txcosts_median_usd,0.6817485826647726
2024-03-05,base,txcosts_median_usd,0.8351243268289704
2024-03-06,base,txcosts_median_usd,0.7214221114389934
2024-03-07,base,txcosts_median_usd,0.678765198777703
2024-03-08,base,txcosts_median_usd,0.5984643765878935
2024-03-09,base,txcosts_median_usd,0.5307401239155767
2024-03-10,base,txcosts_median_usd,0.5818969520205237
2024-03-11,base,txcosts_median_usd,0.6391965084315478
2024-03-12,base,txcosts_median_usd,0.5888028675103906
2024-03-13,base,txcosts_median_usd,0.49362729130954447
2024-03-14,base,txcosts_median_usd,0.018601561217155237
2024-03-15,base,txcosts_median_usd,0.0037608959864541174
2024-03-16,base,txcosts_median_usd,0.008677436600880363
2024-03-17,base,txcosts_median_usd,0.004808287323844187
2024-03-18,base,txcosts_median_usd,0.005551797497494651
2024-03-19,base,txcosts_median_usd,0.007072860337578875
2024-03-20,base,txcosts_median_usd,0.21818527653461103
2024-03-21,base,txcosts_median_usd,0.11183579772865722
2024-03-22,base,txcosts_median_usd,0.055414478161466316
2024-03-23,base,txcosts_median_usd,0.03210441400524671
2024-03-24,base,txcosts_median_usd,0.10061914095851139
2024-03-25,base,txcosts_median_usd,0.2762432019523506
2024-03-26,base,txcosts_median_usd,0.3167683028806955
2024-03-27,base,txcosts_median_usd,0.28098771793065025
2024-03-28,base,txcosts_median_usd,0.054190778023561405
2024-03-29,base,txcosts_median_usd,0.05635035861445892
2024-03-30,base,txcosts_median_usd,0.10577868264572099
2024-03-31,base,txcosts_median_usd,0.09213585525522228
2024-04-01,base,txcosts_median_usd,0.09168202121124146
2024-04-02,base,txcosts_median_usd,0.044601518329656746
2024-04-03,base,txcosts_median_usd,0.03527190586921223
2024-04-04,base,txcosts_median_usd,0.005104798443228342
2024-04-05,base,txcosts_median_usd,0.006705867247265591
2024-04-06,base,txcosts_median_usd,0.009386564022821607
2024-04-07,base,txcosts_median_usd,0.018307881491833173
2024-04-08,base,txcosts_median_usd,0.04083640550340729
2024-04-09,base,txcosts_median_usd,0.032376942184401666
2024-04-10,base,txcosts_median_usd,0.03484607625805845
2024-04-11,base,txcosts_median_usd,0.04089625331535088
2024-04-12,base,txcosts_median_usd,0.027933546651895954
2024-04-13,base,txcosts_median_usd,0.014698729010873077
2024-04-14,base,txcosts_median_usd,0.013105215411551645
2024-04-15,base,txcosts_median_usd,0.02289306035267311
2024-04-16,base,txcosts_median_usd,0.014837674559512966
2024-04-17,base,txcosts_median_usd,0.014258687130272913
2024-04-18,base,txcosts_median_usd,0.013499221706940949
2024-04-19,base,txcosts_median_usd,0.018678301531226515
2024-04-20,base,txcosts_median_usd,0.01280480912557321
2024-04-21,base,txcosts_median_usd,0.014950433138771408
2024-04-22,base,txcosts_median_usd,0.02488874948262611
2024-04-23,base,txcosts_median_usd,0.024676871455451943
2024-04-24,base,txcosts_median_usd,0.0343183407700596
2024-04-25,base,txcosts_median_usd,0.044995358424421456
2024-04-26,base,txcosts_median_usd,0.042013306846485236
2024-04-27,base,txcosts_median_usd,0.035558756828336154
2024-04-28,base,txcosts_median_usd,0.026881193452628776
2024-04-29,base,txcosts_median_usd,0.02807056663948248
2024-04-30,base,txcosts_median_usd,0.02631350203312297
2024-05-01,base,txcosts_median_usd,0.024446946934656866
2024-05-02,base,txcosts_median_usd,0.016928104918674563
2024-05-03,base,txcosts_median_usd,0.04004638876395772
2024-05-04,base,txcosts_median_usd,0.03309056712557725
2024-05-05,base,txcosts_median_usd,0.030288485103899192
2024-05-06,base,txcosts_median_usd,0.029389451651395802
2024-05-07,base,txcosts_median_usd,0.02514161550215949
2024-05-08,base,txcosts_median_usd,0.02728154709665556
2024-05-09,base,txcosts_median_usd,0.05018721597491579
2024-05-10,base,txcosts_median_usd,0.04260246231180504
2024-05-11,base,txcosts_median_usd,0.017221554138077428
2024-05-12,base,txcosts_median_usd,0.015804853481085943
2024-05-13,base,txcosts_median_usd,0.020469177118891832
2024-05-14,base,txcosts_median_usd,0.02212254222330923
2024-05-15,base,txcosts_median_usd,0.031121229500831703
2024-05-16,base,txcosts_median_usd,0.03236476474232118
2024-05-17,base,txcosts_median_usd,0.0241971477877393
2024-05-18,base,txcosts_median_usd,0.013744797993943058
2024-05-19,base,txcosts_median_usd,0.011007254630472188
2024-05-20,base,txcosts_median_usd,0.013005838834738603
2024-05-21,base,txcosts_median_usd,0.033963525564643764
2024-05-22,base,txcosts_median_usd,0.03192501207688366
2024-05-23,base,txcosts_median_usd,0.04846733017252172
2024-05-24,base,txcosts_median_usd,0.03739288775876976
2024-05-25,base,txcosts_median_usd,0.03366616225127611
2024-05-26,base,txcosts_median_usd,0.04037880716337612
2024-05-27,base,txcosts_median_usd,0.03212870900262557
2024-05-28,base,txcosts_median_usd,0.019395238393021857
2024-05-29,base,txcosts_median_usd,0.004883855678158952
2024-05-30,base,txcosts_median_usd,0.0035373698428913074
2024-05-31,base,txcosts_median_usd,0.0012881564705840038
2024-06-01,base,txcosts_median_usd,0.0010847618298628853
2024-06-02,base,txcosts_median_usd,0.0012874614397042103
2024-06-03,base,txcosts_median_usd,0.002240250482394197
2024-06-04,base,txcosts_median_usd,0.002389615431251957
2024-06-05,base,txcosts_median_usd,0.004388578681766873
2024-06-06,base,txcosts_median_usd,0.0035852484034017557
2024-06-07,base,txcosts_median_usd,0.0034174752827701074
2024-06-08,base,txcosts_median_usd,0.0013788983434259246
2024-06-09,base,txcosts_median_usd,0.0014430416388987416
2024-06-10,base,txcosts_median_usd,0.0021980743202246163
2024-06-11,base,txcosts_median_usd,0.0035706353135880335
2024-06-12,base,txcosts_median_usd,0.005873329747550453
2024-06-13,base,txcosts_median_usd,0.0045145243818549485
2024-06-14,base,txcosts_median_usd,0.005704256575892891
2024-06-15,base,txcosts_median_usd,0.003768606018597279
2024-06-16,base,txcosts_median_usd,0.004149631254230519
2024-06-17,base,txcosts_median_usd,0.005069740636708309
2024-06-18,base,txcosts_median_usd,0.0037406178893849484
2024-06-19,base,txcosts_median_usd,0.004280421280365679
2024-06-20,base,txcosts_median_usd,0.005293473774979305
2024-06-21,base,txcosts_median_usd,0.005689143849110241
2024-06-22,base,txcosts_median_usd,0.002537813799856748
2024-06-23,base,txcosts_median_usd,0.001447937397635635
2024-06-24,base,txcosts_median_usd,0.0032991929570105254
2024-06-25,base,txcosts_median_usd,0.0044032709933675114
2024-06-26,base,txcosts_median_usd,0.0027951456290091197
2024-06-27,base,txcosts_median_usd,0.004306584991912313
2024-06-28,base,txcosts_median_usd,0.003830760992187272
2024-06-29,base,txcosts_median_usd,0.0023638005665247816
2024-06-30,base,txcosts_median_usd,0.0026558864198319427
2024-07-01,base,txcosts_median_usd,0.004248803822746907
2024-07-02,base,txcosts_median_usd,0.0029026141542586345
2024-07-03,base,txcosts_median_usd,0.003445237048364609
2024-07-04,base,txcosts_median_usd,0.003116679655548588
2024-07-05,base,txcosts_median_usd,0.002982322209554389
2024-07-06,base,txcosts_median_usd,0.0012241176766608105
2024-07-07,base,txcosts_median_usd,0.0011201152942370582
2024-07-08,base,txcosts_median_usd,0.0021862283376810876
2024-07-09,base,txcosts_median_usd,0.0022715243842210044
2024-07-10,base,txcosts_median_usd,0.002447766158188048
2024-07-11,base,txcosts_median_usd,0.003236328836852471
2024-07-12,base,txcosts_median_usd,0.002898533446607168
2024-07-13,base,txcosts_median_usd,0.0026145338711780573
2024-07-14,base,txcosts_median_usd,0.0028600456633906704
2024-07-15,base,txcosts_median_usd,0.004250414566364097
2024-07-16,base,txcosts_median_usd,0.0053966290638022265
2024-07-17,base,txcosts_median_usd,0.005422821251145171
2024-07-18,base,txcosts_median_usd,0.006253441312626108
2024-07-19,base,txcosts_median_usd,0.004990424053855894
2024-07-20,base,txcosts_median_usd,0.007154555991180398
2024-07-21,base,txcosts_median_usd,0.004766860444808222
2024-07-22,base,txcosts_median_usd,0.006933466195571072
2024-07-23,base,txcosts_median_usd,0.00861100719558229
2024-07-24,base,txcosts_median_usd,0.00799822889011805
2024-07-25,base,txcosts_median_usd,0.003955529262097573
2024-07-26,base,txcosts_median_usd,0.002163172522746872
2024-07-27,base,txcosts_median_usd,0.0020032973985793616
2024-07-28,base,txcosts_median_usd,0.00340246954825397
2024-07-29,base,txcosts_median_usd,0.005334894088982103
2024-07-30,base,txcosts_median_usd,0.002891712341413576
2024-07-31,base,txcosts_median_usd,0.003702431188660713
2024-08-01,base,txcosts_median_usd,0.0026709386647564798
2024-08-02,base,txcosts_median_usd,0.0040331684551653405
2024-08-03,base,txcosts_median_usd,0.0014908036756276246
2024-08-04,base,txcosts_median_usd,0.002471263893105464
2024-08-05,base,txcosts_median_usd,0.011839444801999673
2024-08-06,base,txcosts_median_usd,0.003039473235210623
2024-08-07,base,txcosts_median_usd,0.003152377354108295
2024-08-08,base,txcosts_median_usd,0.0026086518594034594
2024-08-09,base,txcosts_median_usd,0.002778341440643441
2024-08-10,base,txcosts_median_usd,0.0009356980404855063
2024-08-11,base,txcosts_median_usd,0.0013410805650521758
2024-08-12,base,txcosts_median_usd,0.0019095846725033557
2024-08-13,base,txcosts_median_usd,0.0019209727181313807
2024-08-14,base,txcosts_median_usd,0.002339568167507592
2024-08-15,base,txcosts_median_usd,0.0022821463403301405
2024-08-16,base,txcosts_median_usd,0.0018140825536316224
2024-08-17,base,txcosts_median_usd,0.0010866311528369848
2024-08-18,base,txcosts_median_usd,0.000847137518589309
2024-08-19,base,txcosts_median_usd,0.0014346527978210373
2024-08-20,base,txcosts_median_usd,0.002226009670301538
2024-08-21,base,txcosts_median_usd,0.001655641941167627
2024-08-22,base,txcosts_median_usd,0.0018977700454201397
2024-08-23,base,txcosts_median_usd,0.001868451532203604
2024-08-24,base,txcosts_median_usd,0.0021067816656460832
2024-08-25,base,txcosts_median_usd,0.0018253473411811104
2024-08-26,base,txcosts_median_usd,0.0017563427818697841
2024-08-27,base,txcosts_median_usd,0.003223335001124822
2024-08-28,base,txcosts_median_usd,0.0030199579401918265
2024-08-29,base,txcosts_median_usd,0.0020646669709051277
2024-08-30,base,txcosts_median_usd,0.0019915502339226754
2024-08-31,base,txcosts_median_usd,0.0015943634209084968
2024-09-01,base,txcosts_median_usd,0.0012079694757583513
2024-09-02,base,txcosts_median_usd,0.0009922154615019231
2024-09-03,base,txcosts_median_usd,0.0009921362102873258
2024-09-04,base,txcosts_median_usd,0.0016518676497549716
2024-09-05,base,txcosts_median_usd,0.0013763251338487462
2024-09-06,base,txcosts_median_usd,0.0018072207709833683
2024-09-07,base,txcosts_median_usd,0.0010878343065376342
2024-09-08,base,txcosts_median_usd,0.0007641849876751002
2024-09-09,base,txcosts_median_usd,0.0012465008866898721
2024-09-10,base,txcosts_median_usd,0.0012754899788795433
2024-09-11,base,txcosts_median_usd,0.0014554580077057908
2024-09-12,base,txcosts_median_usd,0.0014738255823357191
2024-09-13,base,txcosts_median_usd,0.0015010443216942465
2024-09-14,base,txcosts_median_usd,0.0012044941433973302
2024-09-15,base,txcosts_median_usd,0.0011222752531563705
2024-09-16,base,txcosts_median_usd,0.0013637965521215631
2024-09-17,base,txcosts_median_usd,0.0012525825234699832
2024-09-18,base,txcosts_median_usd,0.0015181100016277327
2024-09-19,base,txcosts_median_usd,0.0015159418687037283
2024-09-20,base,txcosts_median_usd,0.0018621432399038116
2024-09-21,base,txcosts_median_usd,0.0012361956516090857
2024-09-22,base,txcosts_median_usd,0.0013118599644238826
2024-09-23,base,txcosts_median_usd,0.0019376146059780022
2024-09-24,base,txcosts_median_usd,0.0019489323436950596
2024-09-25,base,txcosts_median_usd,0.001517726005580793
2024-09-26,base,txcosts_median_usd,0.002042659860756116
2024-09-27,base,txcosts_median_usd,0.0022695840634151697
2024-09-28,base,txcosts_median_usd,0.0015022221872078992
2024-09-29,base,txcosts_median_usd,0.0013792926476240432
2024-09-30,base,txcosts_median_usd,0.0021023165164109924
2024-10-01,base,txcosts_median_usd,0.002123317846212463
2024-10-02,base,txcosts_median_usd,0.0030429507662836537
2024-10-03,base,txcosts_median_usd,0.0016688121709018948
2024-10-04,base,txcosts_median_usd,0.0012167401919829
2024-10-05,base,txcosts_median_usd,0.0010935814563283732
2024-10-06,base,txcosts_median_usd,0.0010859492525497085
2024-10-07,base,txcosts_median_usd,0.0016135208442923203
2024-10-08,base,txcosts_median_usd,0.0017876336707092334
2024-10-09,base,txcosts_median_usd,0.0018504312672527517
2024-10-10,base,txcosts_median_usd,0.002120843657931113
2024-10-11,base,txcosts_median_usd,0.0013415259316253503
2024-10-12,base,txcosts_median_usd,0.0014557749475998581
2024-10-13,base,txcosts_median_usd,0.0016163425429098926
2024-10-14,base,txcosts_median_usd,0.0026076195737386814
2024-10-15,base,txcosts_median_usd,0.0029761077200145206
2024-10-16,base,txcosts_median_usd,0.002759941758376479
2024-10-17,base,txcosts_median_usd,0.0017378578489292364
2024-10-18,base,txcosts_median_usd,0.0020686215268442077
2024-10-19,base,txcosts_median_usd,0.0050032360664175515
2024-10-20,base,txcosts_median_usd,0.0008943016473876187
2024-10-21,base,txcosts_median_usd,0.001589707111239438
2024-10-22,base,txcosts_median_usd,0.003554580806942184
2024-10-23,base,txcosts_median_usd,0.0028077874113055963
2024-10-24,base,txcosts_median_usd,0.003122720654214847
2024-10-25,base,txcosts_median_usd,0.0022965887971292064
2024-10-26,base,txcosts_median_usd,0.0015873599474138303
2024-10-27,base,txcosts_median_usd,0.002327073182103824
2024-10-28,base,txcosts_median_usd,0.0036490765519200477
2024-10-29,base,txcosts_median_usd,0.004096963771760047
2024-10-30,base,txcosts_median_usd,0.0030484021239246427
2024-10-31,base,txcosts_median_usd,0.0033618317715417303
2024-11-01,base,txcosts_median_usd,0.0023322605834193402
2024-11-02,base,txcosts_median_usd,0.0020604578965686743
2024-11-03,base,txcosts_median_usd,0.002406590607800382
2024-11-04,base,txcosts_median_usd,0.002561667086731541
2024-11-05,base,txcosts_median_usd,0.0022016509956696412
2024-11-06,base,txcosts_median_usd,0.003701646316025855
2024-11-07,base,txcosts_median_usd,0.003125162534517867
2024-11-08,base,txcosts_median_usd,0.0033036009122042412
2024-11-09,base,txcosts_median_usd,0.004281768431988431
2024-11-10,base,txcosts_median_usd,0.005905380666978268
2024-11-11,base,txcosts_median_usd,0.007045580368776551
2024-11-12,base,txcosts_median_usd,0.008191875246402885
2024-11-13,base,txcosts_median_usd,0.007679773155408043
2024-11-14,base,txcosts_median_usd,0.010194472175237905
2024-11-15,base,txcosts_median_usd,0.013109222390154532
2024-11-16,base,txcosts_median_usd,0.008582162807115924
2024-11-17,base,txcosts_median_usd,0.007650915513946029
2024-11-18,base,txcosts_median_usd,0.00764000799210972
2024-11-19,base,txcosts_median_usd,0.007754851261301862
2024-11-20,base,txcosts_median_usd,0.005705782259890897
2024-11-21,base,txcosts_median_usd,0.008162514377484428
2024-11-22,base,txcosts_median_usd,0.003970755751165791
2024-11-23,base,txcosts_median_usd,0.004745730199438438
2024-11-24,base,txcosts_median_usd,0.007764349788577658
2024-11-25,base,txcosts_median_usd,0.013626773690589164
2024-11-26,base,txcosts_median_usd,0.017010507502072437
2024-11-27,base,txcosts_median_usd,0.013966102566505703
2024-11-28,base,txcosts_median_usd,0.021096482745465786
2024-11-29,base,txcosts_median_usd,0.022384971982673262
2024-11-30,base,txcosts_median_usd,0.021519044801800356
2024-12-01,base,txcosts_median_usd,0.014671619017921113
2024-12-02,base,txcosts_median_usd,0.015613624596899469
2024-12-03,base,txcosts_median_usd,0.015933923218392675
2024-12-04,base,txcosts_median_usd,0.01728354428503596
2024-12-05,base,txcosts_median_usd,0.022065063834290917
2024-12-06,base,txcosts_median_usd,0.01849982791375129
2024-12-07,base,txcosts_median_usd,0.008709483386977697
2024-12-08,base,txcosts_median_usd,0.0036970751994624576
2024-12-09,base,txcosts_median_usd,0.012127885559816054
2024-12-10,base,txcosts_median_usd,0.008807363567461812
2024-12-11,base,txcosts_median_usd,0.005780534549377369
2024-12-12,base,txcosts_median_usd,0.01069269579685336
2024-12-13,base,txcosts_median_usd,0.01396291399815509
2024-12-14,base,txcosts_median_usd,0.010017803968601382
2024-12-15,base,txcosts_median_usd,0.007286119648470618
2024-12-16,base,txcosts_median_usd,0.016954149689377286
2024-12-17,base,txcosts_median_usd,0.009107785855077153
2024-12-18,base,txcosts_median_usd,0.009420872130896898
2024-12-19,base,txcosts_median_usd,0.00991374448543474
2024-12-20,base,txcosts_median_usd,0.019073859164179762
2024-12-21,base,txcosts_median_usd,0.0049066309668246415
2024-12-22,base,txcosts_median_usd,0.0029022758367055687
2024-12-23,base,txcosts_median_usd,0.005863189384084172
2024-12-24,base,txcosts_median_usd,0.006277348921452027
2024-12-25,base,txcosts_median_usd,0.00441828480251752
2024-12-26,base,txcosts_median_usd,0.0118658028987878
2024-12-27,base,txcosts_median_usd,0.014577925122950768
2024-12-28,base,txcosts_median_usd,0.011819243067972296
2024-12-29,base,txcosts_median_usd,0.008741378004870702
2024-12-30,base,txcosts_median_usd,0.013593577288556312
2024-12-31,base,txcosts_median_usd,0.009285235411684791
2025-01-01,base,txcosts_median_usd,0.0028226319406252707
2025-01-02,base,txcosts_median_usd,0.009613624174425904
2025-01-03,base,txcosts_median_usd,0.011098345163711526
2025-01-04,base,txcosts_median_usd,0.006813605831006577
2025-01-05,base,txcosts_median_usd,0.006549651391628158
2025-01-06,base,txcosts_median_usd,0.012131019515963577
2025-01-07,base,txcosts_median_usd,0.009112815924208094
2025-01-08,base,txcosts_median_usd,0.012515212650266677
2025-01-09,base,txcosts_median_usd,0.010403602060403697
2025-01-10,base,txcosts_median_usd,0.00575327364567055
2025-01-11,base,txcosts_median_usd,0.002877133381460887
2025-01-12,base,txcosts_median_usd,0.0025523343050436733
2025-01-13,base,txcosts_median_usd,0.009502568175606468
2025-01-14,base,txcosts_median_usd,0.008937785256513979
2025-01-15,base,txcosts_median_usd,0.015519468528575015
2025-01-16,base,txcosts_median_usd,0.014837493997137102
2025-01-17,base,txcosts_median_usd,0.010841913568419466
2025-01-18,base,txcosts_median_usd,0.012477304841727791
2025-01-19,base,txcosts_median_usd,0.011001781713357769
2025-01-20,base,txcosts_median_usd,0.01269067650902603
2025-01-21,base,txcosts_median_usd,0.005930996541933399
2025-01-22,base,txcosts_median_usd,0.004283979541459658
2025-01-23,base,txcosts_median_usd,0.008008347247162933
2025-01-24,base,txcosts_median_usd,0.0060770844277408705
2025-01-25,base,txcosts_median_usd,0.001978088799331251
2025-01-26,base,txcosts_median_usd,0.004208630880494495
2025-01-27,base,txcosts_median_usd,0.016721073900648375
2025-01-28,base,txcosts_median_usd,0.0192708694145143
2025-01-29,base,txcosts_median_usd,0.004304455946828795
2025-01-30,base,txcosts_median_usd,0.003159055599862515
2025-01-31,base,txcosts_median_usd,0.005640784505996879
2025-02-01,base,txcosts_median_usd,0.0039369625194729954
2025-02-02,base,txcosts_median_usd,0.006253224207193936
2025-02-03,base,txcosts_median_usd,0.012525827906414487
2025-02-04,base,txcosts_median_usd,0.008440597500829507
2025-02-05,base,txcosts_median_usd,0.0038074225477484278
2025-02-06,base,txcosts_median_usd,0.0046215974598283055
2025-02-07,base,txcosts_median_usd,0.0037734722250391158
2025-02-08,base,txcosts_median_usd,0.0017090877905198627
2025-02-09,base,txcosts_median_usd,0.0013479023748703303
2025-02-10,base,txcosts_median_usd,0.004238772644787372
2025-02-11,base,txcosts_median_usd,0.006599719775017463
2025-02-12,base,txcosts_median_usd,0.006078889055264521
2025-02-13,base,txcosts_median_usd,0.007404880471777798
2025-02-14,base,txcosts_median_usd,0.004874313278825564
2025-02-15,base,txcosts_median_usd,0.0015295126719933117
2025-02-16,base,txcosts_median_usd,0.0013039726191411952
2025-02-17,base,txcosts_median_usd,0.002676369310018861
2025-02-18,base,txcosts_median_usd,0.004016136699819987
2025-02-19,base,txcosts_median_usd,0.002285145976693888
2025-02-20,base,txcosts_median_usd,0.0037797594256910386
2025-02-21,base,txcosts_median_usd,0.0058206809714667716
2025-02-22,base,txcosts_median_usd,0.0033309145468958827
2025-02-23,base,txcosts_median_usd,0.0012349360229669756
2025-02-24,base,txcosts_median_usd,0.0050335383278511045
2025-02-25,base,txcosts_median_usd,0.00746349914738655
2025-02-26,base,txcosts_median_usd,0.005945567435156618
2025-02-27,base,txcosts_median_usd,0.002913136632213804
2025-02-28,base,txcosts_median_usd,0.003780325424565478
2025-03-01,base,txcosts_median_usd,0.0016561726594544258
2025-03-02,base,txcosts_median_usd,0.0018572512774125936
2025-03-03,base,txcosts_median_usd,0.003228278130820204
2025-03-04,base,txcosts_median_usd,0.002376828759751487
2025-03-05,base,txcosts_median_usd,0.0012389447176221423
2025-03-06,base,txcosts_median_usd,0.00132987983364516
2025-03-07,base,txcosts_median_usd,0.002749582093494341
2025-03-08,base,txcosts_median_usd,0.0012702649860475055
2025-03-09,base,txcosts_median_usd,0.0013512137914313722
2025-03-10,base,txcosts_median_usd,0.004146850857275819
2025-03-11,base,txcosts_median_usd,0.0036615883208367442
2025-03-12,base,txcosts_median_usd,0.004153849056755549
2025-03-13,base,txcosts_median_usd,0.003591556138189802
2025-03-14,base,txcosts_median_usd,0.0023462164002388576
2025-03-15,base,txcosts_median_usd,0.0014628760654905983
2025-03-16,base,txcosts_median_usd,0.0010920493160799152
2025-03-17,base,txcosts_median_usd,0.0027232569729935983
2025-03-18,base,txcosts_median_usd,0.0015405982750887036
2025-03-19,base,txcosts_median_usd,0.0020754566420747938
2025-03-20,base,txcosts_median_usd,0.0010824479646579115
2025-03-21,base,txcosts_median_usd,0.0011233716843604806
2025-03-22,base,txcosts_median_usd,0.001042514554596333
2025-03-23,base,txcosts_median_usd,0.0009101781099161006
2025-03-24,base,txcosts_median_usd,0.0011504175317169573
2025-03-25,base,txcosts_median_usd,0.001375872014289926
2025-03-26,base,txcosts_median_usd,0.0010617148797003968
2025-03-27,base,txcosts_median_usd,0.0010260510122316894
2025-03-28,base,txcosts_median_usd,0.0013699721645340944
2025-03-29,base,txcosts_median_usd,0.0008474067089832134
2025-03-30,base,txcosts_median_usd,0.0006699404467365452
2025-03-31,base,txcosts_median_usd,0.001216812003841917
2025-04-01,base,txcosts_median_usd,0.0016795441409178623
2025-04-02,base,txcosts_median_usd,0.000984145339842273
2025-04-03,base,txcosts_median_usd,0.0007390690299199333
2025-04-04,base,txcosts_median_usd,0.0006996436676226913
2025-04-05,base,txcosts_median_usd,0.0006109577361350917
2025-04-06,base,txcosts_median_usd,0.0007669569365714011
2025-04-07,base,txcosts_median_usd,0.002213262547531404
2025-04-08,base,txcosts_median_usd,0.000839014738805113
2025-04-09,base,txcosts_median_usd,0.0009142903138858021
2025-04-10,base,txcosts_median_usd,0.0009088030722552429
2025-04-11,base,txcosts_median_usd,0.0008496754760948305
2025-04-12,base,txcosts_median_usd,0.0010572664843090612
2025-04-13,base,txcosts_median_usd,0.0006322532311726371
2025-04-14,base,txcosts_median_usd,0.0009609648163826642
2025-04-15,base,txcosts_median_usd,0.0014922554860875854
2025-04-16,base,txcosts_median_usd,0.0022607903426361165
2025-04-17,base,txcosts_median_usd,0.005956080854801161
2025-04-18,base,txcosts_median_usd,0.002737758778662048
2025-04-19,base,txcosts_median_usd,0.0007660198071246968
2025-04-20,base,txcosts_median_usd,0.0007210781901358415
2025-04-21,base,txcosts_median_usd,0.0013183957306554367
2025-04-22,base,txcosts_median_usd,0.003047479055269658
2025-04-23,base,txcosts_median_usd,0.007070966412344231
2025-04-24,base,txcosts_median_usd,0.0017688389922941214
2025-04-25,base,txcosts_median_usd,0.0035269323358632534
2025-04-26,base,txcosts_median_usd,0.0015753212382708887
2025-04-27,base,txcosts_median_usd,0.001437314869627234
2025-04-28,base,txcosts_median_usd,0.0042259134381326365
2025-04-29,base,txcosts_median_usd,0.0027487048575826887
2025-04-30,base,txcosts_median_usd,0.002960062225862459
2025-05-01,base,txcosts_median_usd,0.004709880057201689
2025-05-02,base,txcosts_median_usd,0.0029080772549562083
2025-05-03,base,txcosts_median_usd,0.0008936676172332712
2025-05-04,base,txcosts_median_usd,0.0012417204297192966
2025-05-05,base,txcosts_median_usd,0.0013887284261168851
2025-05-06,base,txcosts_median_usd,0.0009624120047430039
2025-05-07,base,txcosts_median_usd,0.0007532313542193149
2025-05-08,base,txcosts_median_usd,0.0015289361756243684
2025-05-09,base,txcosts_median_usd,0.0013423297624775346
2025-05-10,base,txcosts_median_usd,0.0010480937243898657
2025-05-11,base,txcosts_median_usd,0.001086502774213117
2025-05-12,base,txcosts_median_usd,0.0018510176189867815
2025-05-13,base,txcosts_median_usd,0.0022958006518278063
2025-05-14,base,txcosts_median_usd,0.0016928875855804723
2025-05-15,base,txcosts_median_usd,0.0015125073358232325
2025-05-16,base,txcosts_median_usd,0.0010351968181406186
2025-05-17,base,txcosts_median_usd,0.0009113465294119527
2025-05-18,base,txcosts_median_usd,0.0011581919784802515
2025-05-19,base,txcosts_median_usd,0.001361631204413942
2025-05-20,base,txcosts_median_usd,0.0009669057216901316
2025-05-21,base,txcosts_median_usd,0.0022595265588903645
2025-05-22,base,txcosts_median_usd,0.0011289789537066088
2025-05-23,base,txcosts_median_usd,0.000871121789220925
2025-05-24,base,txcosts_median_usd,0.0005110346617784127
2025-05-25,base,txcosts_median_usd,0.000521004796475325
2025-05-26,base,txcosts_median_usd,0.0005880749475414627
2025-05-27,base,txcosts_median_usd,0.0006223552804536689
2025-05-28,base,txcosts_median_usd,0.001242057729777143
2025-05-29,base,txcosts_median_usd,0.0017219932710285948
2025-05-30,base,txcosts_median_usd,0.0009535116271309236
2025-05-31,base,txcosts_median_usd,0.0007846258534774236
2025-06-01,base,txcosts_median_usd,0.0006962372515086116
2025-06-02,base,txcosts_median_usd,0.0007701157327296766
2025-06-03,base,txcosts_median_usd,0.0009622727326122284
2025-06-04,base,txcosts_median_usd,0.002227319015258431
2025-06-05,base,txcosts_median_usd,0.0014043884429847837
2025-06-06,base,txcosts_median_usd,0.0008599429882664457
2025-06-07,base,txcosts_median_usd,0.0007289890054860933
2025-06-08,base,txcosts_median_usd,0.0008614592996520027
2025-06-09,base,txcosts_median_usd,0.002361355122302571
2025-06-10,base,txcosts_median_usd,0.0023644447856339765
2025-06-11,base,txcosts_median_usd,0.002020518484959413
2025-06-12,base,txcosts_median_usd,0.001716996550405227
2025-06-13,base,txcosts_median_usd,0.0025254285963695914
2025-06-14,base,txcosts_median_usd,0.0007435605024567057
2025-06-15,base,txcosts_median_usd,0.0006477729910131315
2025-06-16,base,txcosts_median_usd,0.0008873407318170008
2025-06-17,base,txcosts_median_usd,0.0013753862580256314
2025-06-18,base,txcosts_median_usd,0.0013312269826461266
2025-06-19,base,txcosts_median_usd,0.0021639831801874127
2025-06-20,base,txcosts_median_usd,0.0008061621066945087
2025-06-21,base,txcosts_median_usd,0.0008868788680609612
2025-06-22,base,txcosts_median_usd,0.003163796410619939
2025-06-23,base,txcosts_median_usd,0.0012733330533449042
2025-06-24,base,txcosts_median_usd,0.0013680706754874926
2025-06-25,base,txcosts_median_usd,0.001713032185560233
2025-06-26,base,txcosts_median_usd,0.0010009858767603779
2025-06-27,base,txcosts_median_usd,0.0006745048999574897
2025-06-28,base,txcosts_median_usd,0.0005061208509059779
2025-06-29,base,txcosts_median_usd,0.0004881028907225005
2025-06-30,base,txcosts_median_usd,0.0006840371372150734
2025-07-01,base,txcosts_median_usd,0.0006951034547595746
2025-07-02,base,txcosts_median_usd,0.0012808671047746408
2025-07-03,base,txcosts_median_usd,0.0019858103574806134
2025-07-04,base,txcosts_median_usd,0.000567463045741073
2025-07-05,base,txcosts_median_usd,0.0006649697892082742
2025-07-06,base,txcosts_median_usd,0.0004560870494811249
2025-07-07,base,txcosts_median_usd,0.0004924493723811322
2025-07-08,base,txcosts_median_usd,0.0007161810950425594
2025-07-09,base,txcosts_median_usd,0.0014369097341826026
2025-07-10,base,txcosts_median_usd,0.0019696996323224306
2025-07-11,base,txcosts_median_usd,0.0015316385447664968
2025-07-12,base,txcosts_median_usd,0.0006020102608209593
2025-07-13,base,txcosts_median_usd,0.0007615219616106908
2025-07-14,base,txcosts_median_usd,0.0020880465092683533
2025-07-15,base,txcosts_median_usd,0.0035176673265073827
2025-07-16,base,txcosts_median_usd,0.005659546016247064
2025-07-17,base,txcosts_median_usd,0.006034985848428914
2025-07-18,base,txcosts_median_usd,0.00472659848263604
2025-07-19,base,txcosts_median_usd,0.00216615863728468
2025-07-20,base,txcosts_median_usd,0.002847008799364126
2025-07-21,base,txcosts_median_usd,0.0035275104808038813
2025-07-22,base,txcosts_median_usd,0.006161548288910029
2025-07-23,base,txcosts_median_usd,0.007003826390838708
2025-07-24,base,txcosts_median_usd,0.004304503830812274
2025-07-25,base,txcosts_median_usd,0.0023318543236630182
2025-07-26,base,txcosts_median_usd,0.0028736585290243463
2025-07-27,base,txcosts_median_usd,0.005770328918642128
2025-07-28,base,txcosts_median_usd,0.006243044867618599
2025-07-29,base,txcosts_median_usd,0.005026285683452873
2025-07-30,base,txcosts_median_usd,0.00418226965286886
2025-07-31,base,txcosts_median_usd,0.005477475941156584
2025-08-01,base,txcosts_median_usd,0.004594994613107443
2025-08-02,base,txcosts_median_usd,0.002402761496189635
2025-08-03,base,txcosts_median_usd,0.0013823563847799873
2025-08-04,base,txcosts_median_usd,0.0023000341762164506
2025-08-05,base,txcosts_median_usd,0.002689413036836094
2025-08-06,base,txcosts_median_usd,0.002720087186477578
2025-08-07,base,txcosts_median_usd,0.004561153820411104
2025-08-08,base,txcosts_median_usd,0.0047767416337950635
2025-08-09,base,txcosts_median_usd,0.004664725877746263
2025-08-10,base,txcosts_median_usd,0.001740487573243035
2025-08-11,base,txcosts_median_usd,0.0038245989488552125
2025-08-12,base,txcosts_median_usd,0.00455116474097119
2025-08-13,base,txcosts_median_usd,0.005390382463561728
2025-08-14,base,txcosts_median_usd,0.005213201538208425
2025-08-15,base,txcosts_median_usd,0.001575568345959422
2025-08-16,base,txcosts_median_usd,0.0007041348480146477
2025-08-17,base,txcosts_median_usd,0.0008413748838588241
2025-08-18,base,txcosts_median_usd,0.0013632166666968895
2025-08-19,base,txcosts_median_usd,0.00283704012059055
2025-08-20,base,txcosts_median_usd,0.004022489224939575
2025-08-21,base,txcosts_median_usd,0.0010541146217107082
2025-08-22,base,txcosts_median_usd,0.0015581057209866568
2025-08-23,base,txcosts_median_usd,0.001048073153019376
2025-08-24,base,txcosts_median_usd,0.0012099542518849646
2025-08-25,base,txcosts_median_usd,0.0025411538799989105
2025-08-26,base,txcosts_median_usd,0.001733641274327671
2025-08-27,base,txcosts_median_usd,0.0032193429640913476
2025-08-28,base,txcosts_median_usd,0.001158031550887121
2025-08-29,base,txcosts_median_usd,0.001211208435718606
2025-08-30,base,txcosts_median_usd,0.00039557297484080553
2025-08-31,base,txcosts_median_usd,0.00032372259130503036
2025-09-01,base,txcosts_median_usd,0.0006294819682845775
2025-09-02,base,txcosts_median_usd,0.000568693309437125
2025-09-03,base,txcosts_median_usd,0.0005778439760487553
2025-09-04,base,txcosts_median_usd,0.0007882596060963225
2025-09-05,base,txcosts_median_usd,0.0006911065129801031
2025-09-06,base,txcosts_median_usd,0.0005797345950909146
2025-09-07,base,txcosts_median_usd,0.00038282456509243485
2025-09-08,base,txcosts_median_usd,0.0008109933114696835
2025-09-09,base,txcosts_median_usd,0.0021941486607351002
2025-09-10,base,txcosts_median_usd,0.0020683735160746887
2025-09-11,base,txcosts_median_usd,0.0013630222799086034
2025-09-12,base,txcosts_median_usd,0.0013018498121374232
2025-09-13,base,txcosts_median_usd,0.0009963528221959078
2025-09-14,base,txcosts_median_usd,0.0011258980025850526
2025-09-15,base,txcosts_median_usd,0.0028985805059303497
2025-09-16,base,txcosts_median_usd,0.0018270133178141812
2025-09-17,base,txcosts_median_usd,0.0023601494525898226
2025-09-18,base,txcosts_median_usd,0.002487515848249923
2025-09-19,base,txcosts_median_usd,0.0014053831292897801
2025-09-20,base,txcosts_median_usd,0.0013057504026453368
2025-09-21,base,txcosts_median_usd,0.002663258857037545
2025-09-22,base,txcosts_median_usd,0.003705839561683231
2025-09-23,base,txcosts_median_usd,0.002433883221676778
2025-09-24,base,txcosts_median_usd,0.002402370744990654
2025-09-25,base,txcosts_median_usd,0.003532718914596716
2025-09-26,base,txcosts_median_usd,0.0024651403572165643
2025-09-27,base,txcosts_median_usd,0.0010521506698106993
2025-09-28,base,txcosts_median_usd,0.0009885973434883059
2025-09-29,base,txcosts_median_usd,0.0013105708072507624
2025-09-30,base,txcosts_median_usd,0.001942556740129811
2025-10-01,base,txcosts_median_usd,0.001550226435152551
2025-10-02,base,txcosts_median_usd,0.0016449927450948385
2025-10-03,base,txcosts_median_usd,0.0014823560358762317
2025-10-04,base,txcosts_median_usd,0.0009759581678079503
2025-10-05,base,txcosts_median_usd,0.002996804076848644
2025-10-06,base,txcosts_median_usd,0.0034306026560324003
2025-10-07,base,txcosts_median_usd,0.002682441405848123
2025-10-08,base,txcosts_median_usd,0.002492038919742417
2025-10-09,base,txcosts_median_usd,0.004190824063517
2025-10-10,base,txcosts_median_usd,0.00904761181777867
2025-10-11,base,txcosts_median_usd,0.005449490965154671
2025-10-12,base,txcosts_median_usd,0.0047037837508740014
2025-10-13,base,txcosts_median_usd,0.005650748776028378
2025-10-14,base,txcosts_median_usd,0.005790060919214946
2025-10-15,base,txcosts_median_usd,0.007159903071287724
2025-10-16,base,txcosts_median_usd,0.0024308489872127345
2025-10-17,base,txcosts_median_usd,0.0030423498944032847
2025-10-18,base,txcosts_median_usd,0.0008473034104390855
2025-10-19,base,txcosts_median_usd,0.0005727259942255829
2025-10-20,base,txcosts_median_usd,0.001552532333628994
2025-10-21,base,txcosts_median_usd,0.003947276329835834
2025-10-22,base,txcosts_median_usd,0.00333160797389617
2025-10-23,base,txcosts_median_usd,0.001929055429095866
2025-10-24,base,txcosts_median_usd,0.006533928403313072
2025-10-25,base,txcosts_median_usd,0.007213914931889267
2025-10-26,base,txcosts_median_usd,0.007787623889869134
2025-10-27,base,txcosts_median_usd,0.0071016382736600455
2025-10-28,base,txcosts_median_usd,0.00523703277310123
2025-10-29,base,txcosts_median_usd,0.0037844569119993435
2025-10-30,base,txcosts_median_usd,0.006199427816807679
2025-10-31,base,txcosts_median_usd,0.003988958024596844
2025-11-01,base,txcosts_median_usd,0.0024968810384387655
2025-11-02,base,txcosts_median_usd,0.0019859905634526387
2025-11-03,base,txcosts_median_usd,0.004097070688080619
2025-11-04,base,txcosts_median_usd,0.0054601663540687915
2025-11-05,base,txcosts_median_usd,0.004884884324215474
2025-11-06,base,txcosts_median_usd,0.0033210062236267643
2025-11-07,base,txcosts_median_usd,0.0012622719298086707
2025-11-08,base,txcosts_median_usd,0.0005267308274936196
2025-11-09,base,txcosts_median_usd,0.0008287299154667168
2025-11-10,base,txcosts_median_usd,0.0010318981942167079
2025-11-11,base,txcosts_median_usd,0.0015163081686220502
2025-11-12,base,txcosts_median_usd,0.0018292431017147084
2025-11-13,base,txcosts_median_usd,0.0029953473975541786
2025-11-14,base,txcosts_median_usd,0.002009321170048416
2025-11-15,base,txcosts_median_usd,0.0006196524594169053
2025-11-16,base,txcosts_median_usd,0.000546876137477605
2025-11-17,base,txcosts_median_usd,0.0009684184886266805
2025-11-18,base,txcosts_median_usd,0.0009729974880389882
2025-11-19,base,txcosts_median_usd,0.001148416626153101
2025-11-20,base,txcosts_median_usd,0.0012104227076833005
2025-11-21,base,txcosts_median_usd,0.002307105836455895
2025-11-22,base,txcosts_median_usd,0.0004426034064916186
2025-11-23,base,txcosts_median_usd,0.0003197855352789817
2025-11-24,base,txcosts_median_usd,0.0004895721411326396
2025-11-25,base,txcosts_median_usd,0.00044870559046634025
2025-11-26,base,txcosts_median_usd,0.0006722390543808217
2025-11-27,base,txcosts_median_usd,0.0005893242217220255
2025-11-28,base,txcosts_median_usd,0.00030012129777904527
2025-11-29,base,txcosts_median_usd,0.0001988160101848655
2025-11-30,base,txcosts_median_usd,0.000193575775690228
2025-12-01,base,txcosts_median_usd,0.00046761581283508326
2025-12-02,base,txcosts_median_usd,0.0003310478613156806
2025-12-03,base,txcosts_median_usd,0.0004218220433789746
2025-12-04,base,txcosts_median_usd,0.00043381581166655655
2025-12-05,base,txcosts_median_usd,0.00036688963147963493
2025-12-06,base,txcosts_median_usd,0.0002808260960548018
2025-12-07,base,txcosts_median_usd,0.0004855164318187143
2025-12-08,base,txcosts_median_usd,0.00034941722109693447
2025-12-09,base,txcosts_median_usd,0.0004847255275615587
2025-12-10,base,txcosts_median_usd,0.000537732569881338
2025-12-11,base,txcosts_median_usd,0.0006129075857390569
2025-12-12,base,txcosts_median_usd,0.0005315087790139793
2025-12-13,base,txcosts_median_usd,0.000321518823035757
2025-12-14,base,txcosts_median_usd,0.0004439100386148936
2025-12-15,base,txcosts_median_usd,0.0006038779516898622
2025-12-16,base,txcosts_median_usd,0.0006414120825704873
2025-12-17,base,txcosts_median_usd,0.00072734085981067
2025-12-18,base,txcosts_median_usd,0.000997459140936549
2025-12-19,base,txcosts_median_usd,0.0006236487749637029
2025-12-20,base,txcosts_median_usd,0.0003933471857386463
2025-12-21,base,txcosts_median_usd,0.0005516788481086795
2025-12-22,base,txcosts_median_usd,0.0004978988010593327
2025-12-23,base,txcosts_median_usd,0.000435592454935258
2025-12-24,base,txcosts_median_usd,0.0004175959820856944
2025-12-25,base,txcosts_median_usd,0.0004146091596766701
2025-12-26,base,txcosts_median_usd,0.0004523087058752274
2025-12-27,base,txcosts_median_usd,0.0004388948735130867
2025-12-28,base,txcosts_median_usd,0.0005950602144109295
2025-12-29,base,txcosts_median_usd,0.0008292156368869078
2025-12-30,base,txcosts_median_usd,0.0005617916598892011
2025-12-31,base,txcosts_median_usd,0.0005307096260939019
2026-01-01,base,txcosts_median_usd,0.0006691445784178753
2026-01-02,base,txcosts_median_usd,0.0012890122743754815
2026-01-03,base,txcosts_median_usd,0.0014180475902293454
2026-01-04,base,txcosts_median_usd,0.0016455482854240257
2026-01-05,base,txcosts_median_usd,0.0021115770602526487
2026-01-06,base,txcosts_median_usd,0.002021704753113422
2026-01-07,base,txcosts_median_usd,0.0018708168747054506
2026-01-08,base,txcosts_median_usd,0.0019334919132963963
2026-01-09,base,txcosts_median_usd,0.0022748496156895295
2026-01-10,base,txcosts_median_usd,0.001090007855372566
2026-01-11,base,txcosts_median_usd,0.0009591486782277161
2026-01-12,base,txcosts_median_usd,0.0014344273018795219
2026-01-13,base,txcosts_median_usd,0.002023802696827136
2026-01-14,base,txcosts_median_usd,0.0027079531540455154
2026-01-15,base,txcosts_median_usd,0.0029040637881123646
2026-01-16,base,txcosts_median_usd,0.0031510865660280053
2026-01-17,base,txcosts_median_usd,0.0020286327263613646
2026-01-18,base,txcosts_median_usd,0.0029586298800844233
2026-01-19,base,txcosts_median_usd,0.002517029831263352
2026-01-20,base,txcosts_median_usd,0.0030905732475573692
2026-01-21,base,txcosts_median_usd,0.0024478307968423974
2026-01-22,base,txcosts_median_usd,0.0020757693951661787
2026-01-23,base,txcosts_median_usd,0.0023475381502139525
2026-01-24,base,txcosts_median_usd,0.001501527794139085
2026-01-25,base,txcosts_median_usd,0.00404076764316439
2026-01-26,base,txcosts_median_usd,0.0017419159107666473
2026-01-27,base,txcosts_median_usd,0.0013277503691022836
2026-01-28,base,txcosts_median_usd,0.0015056015155019982
2026-01-29,base,txcosts_median_usd,0.0032863643480318893
2026-01-30,base,txcosts_median_usd,0.005949992847094679
2026-01-31,base,txcosts_median_usd,0.00908007126446961
2026-02-01,base,txcosts_median_usd,0.0062253895060444125
2026-02-02,base,txcosts_median_usd,0.003118348736744639
2026-02-03,base,txcosts_median_usd,0.0030399920853754828
2026-02-04,base,txcosts_median_usd,0.00427587070853789
2026-02-05,base,txcosts_median_usd,0.013045085706252759
2026-02-06,base,txcosts_median_usd,0.0018046770566665208
2026-02-07,base,txcosts_median_usd,0.0016087543433757384
2026-02-08,base,txcosts_median_usd,0.0015358110042001103
2026-02-09,base,txcosts_median_usd,0.0009963186695842378
2026-02-10,base,txcosts_median_usd,0.0012342191027461002
2026-02-11,base,txcosts_median_usd,0.0015796090688445874
2026-02-12,base,txcosts_median_usd,0.0010404863713630625
2026-02-13,base,txcosts_median_usd,0.001478321646300365
2026-02-14,base,txcosts_median_usd,0.0013260994346718739
2026-02-15,base,txcosts_median_usd,0.0014049504083498492
2026-02-16,base,txcosts_median_usd,0.0013685472169252832
2026-02-17,base,txcosts_median_usd,0.0034654826254474362
2026-02-18,base,txcosts_median_usd,0.0016078486232593313
2026-02-19,base,txcosts_median_usd,0.0014912418467433067
2026-02-20,base,txcosts_median_usd,0.0017635555853333718
2026-02-21,base,txcosts_median_usd,0.001685283049883814
2026-02-22,base,txcosts_median_usd,0.0017450961162011108
2026-02-23,base,txcosts_median_usd,0.0018242321131038978
2026-02-24,base,txcosts_median_usd,0.0014741534727224332
2026-02-25,base,txcosts_median_usd,0.0016815939183341846
2026-02-26,base,txcosts_median_usd,0.002158328701003753
2026-02-27,base,txcosts_median_usd,0.0024502446679458808
2026-02-28,base,txcosts_median_usd,0.0020490795028288065
2026-03-01,base,txcosts_median_usd,0.0018220376697645404
2026-03-02,base,txcosts_median_usd,0.0018312352719764597
2026-03-03,base,txcosts_median_usd,0.0015189103681759676
2026-03-04,base,txcosts_median_usd,0.0015335734092904506
2026-03-05,base,txcosts_median_usd,0.0014322147868181935
2026-03-06,base,txcosts_median_usd,0.0015483444801950724
2026-03-07,base,txcosts_median_usd,0.0012914480509103434
2026-03-08,base,txcosts_median_usd,0.001707137723934231
2026-03-09,base,txcosts_median_usd,0.0012809313450449816
2026-03-10,base,txcosts_median_usd,0.0016148299358060135
2026-03-11,base,txcosts_median_usd,0.0015610352296335252
2026-03-12,base,txcosts_median_usd,0.001534733521680249
2026-03-13,base,txcosts_median_usd,0.0016010517387352612
2026-03-14,base,txcosts_median_usd,0.001525743113597645
2026-03-15,base,txcosts_median_usd,0.0014695908029051818
2026-03-16,base,txcosts_median_usd,0.0015712875459279053
2026-03-17,base,txcosts_median_usd,0.0015262315430362942
2026-03-18,base,txcosts_median_usd,0.0016790092131658768
2026-03-19,base,txcosts_median_usd,0.0015565572509249044
2026-03-20,base,txcosts_median_usd,0.0015586477179649052
2026-03-21,base,txcosts_median_usd,0.0016224029910073424
2026-03-22,base,txcosts_median_usd,0.0017684336495863615
2026-03-23,base,txcosts_median_usd,0.0014960798685306035
2026-03-24,base,txcosts_median_usd,0.0014064508535802352
2026-03-25,base,txcosts_median_usd,0.0012933187328812614
2026-03-26,base,txcosts_median_usd,0.0010861199043015917
2026-03-27,base,txcosts_median_usd,0.0015544496837015729
2026-03-28,base,txcosts_median_usd,0.0016941898457213916
2026-03-29,base,txcosts_median_usd,0.0013660470084822616
2026-03-30,base,txcosts_median_usd,0.0016031604181262254
2026-03-31,base,txcosts_median_usd,0.0015098979158839148
2026-04-01,base,txcosts_median_usd,0.0018631970343140347
2026-04-02,base,txcosts_median_usd,0.001186186626231944
2026-04-03,base,txcosts_median_usd,0.0016447576920290347
2026-04-04,base,txcosts_median_usd,0.0013944088244260036
2026-04-05,base,txcosts_median_usd,0.0017201770767320964
2026-04-06,base,txcosts_median_usd,0.0013311447402973439
2026-04-07,base,txcosts_median_usd,0.001146431012987107
2026-04-08,base,txcosts_median_usd,0.0011657204033412897
2026-04-09,base,txcosts_median_usd,0.001164789905550754
2026-04-10,base,txcosts_median_usd,0.0011063838512664474
2026-04-11,base,txcosts_median_usd,0.0014095416726855664
2026-04-12,base,txcosts_median_usd,0.0015263417840601673
2026-04-13,base,txcosts_median_usd,0.0014300205190148137
2026-04-14,base,txcosts_median_usd,0.0015279653478235383
2026-04-15,base,txcosts_median_usd,0.0015233478882978573
2026-04-16,base,txcosts_median_usd,0.0014132547728541967
2026-04-17,base,txcosts_median_usd,0.0015130938144158573
2026-04-18,base,txcosts_median_usd,0.0014717781852538177
2026-04-19,base,txcosts_median_usd,0.001406420886008233
2026-04-20,base,txcosts_median_usd,0.0014437802326904838
2026-04-21,base,txcosts_median_usd,0.00139027546823579
2026-04-22,base,txcosts_median_usd,0.001474776513852058
2026-04-23,base,txcosts_median_usd,0.0012260080281744968
2026-04-24,base,txcosts_median_usd,0.001318586111001013
2026-04-25,base,txcosts_median_usd,0.0011002764606013948
2026-04-26,base,txcosts_median_usd,0.0011113563685426434
2026-04-27,base,txcosts_median_usd,0.0011383167904539576
2026-04-28,base,txcosts_median_usd,0.0009685321422332764
2026-04-29,base,txcosts_median_usd,0.0011457949319168177
2026-04-30,base,txcosts_median_usd,0.0010265646321485132
2026-05-01,base,txcosts_median_usd,0.0013919269672904985
2026-05-02,base,txcosts_median_usd,0.0012356186591729555
2026-05-03,base,txcosts_median_usd,0.0013676291399445297
2026-05-04,base,txcosts_median_usd,0.0014337685640472644
2026-05-05,base,txcosts_median_usd,0.001468013129465472
2026-05-06,base,txcosts_median_usd,0.0015162073983861714
2026-05-07,base,txcosts_median_usd,0.0014988562651217915
2026-05-08,base,txcosts_median_usd,0.0015449694305384237
2026-05-09,base,txcosts_median_usd,0.001409920338053402
2026-05-10,base,txcosts_median_usd,0.0014032314490070492
2026-05-11,base,txcosts_median_usd,0.0015812300774329963
2026-05-12,base,txcosts_median_usd,0.0014312533902128746
2026-05-13,base,txcosts_median_usd,0.0013622510337900548
2026-05-14,base,txcosts_median_usd,0.001062404252856942
2026-05-15,base,txcosts_median_usd,0.0014236321794197254
2026-05-16,base,txcosts_median_usd,0.0014227814538437314
2026-05-17,base,txcosts_median_usd,0.0014096021208341366
2026-05-18,base,txcosts_median_usd,0.0014480783209461956
2026-05-19,base,txcosts_median_usd,0.0013828371427646992
2026-05-20,base,txcosts_median_usd,0.0013316069303573922
2026-05-21,base,txcosts_median_usd,0.0013531095669738428
2026-05-22,base,txcosts_median_usd,0.001735042030101064
2026-05-23,base,txcosts_median_usd,0.002066530003338944
2026-05-24,base,txcosts_median_usd,0.0014463508934341326
2026-05-25,base,txcosts_median_usd,0.0014632441030427987
2026-05-26,base,txcosts_median_usd,0.001496366927710125
2026-05-27,base,txcosts_median_usd,0.002209119965458381
2026-05-28,base,txcosts_median_usd,0.002260229655841518
2026-05-29,base,txcosts_median_usd,0.0013021380991709065
2026-05-30,base,txcosts_median_usd,0.001218792982958862
2026-05-31,base,txcosts_median_usd,0.0012414192939625814
2026-06-01,base,txcosts_median_usd,0.0018662279049359678
2026-06-02,base,txcosts_median_usd,0.004178031684978187
2026-06-03,base,txcosts_median_usd,0.0023426372338117164
2026-06-04,base,txcosts_median_usd,0.0022272002973920623
2026-06-05,base,txcosts_median_usd,0.00513076285097643
2026-06-06,base,txcosts_median_usd,0.0011600626884219229
2026-06-07,base,txcosts_median_usd,0.0010967602911659212
2026-06-08,base,txcosts_median_usd,0.0011779187289545155
2026-06-09,base,txcosts_median_usd,0.0012543908092877837
2026-06-10,base,txcosts_median_usd,0.0011677200807067056
2026-06-11,base,txcosts_median_usd,0.0009508778391670383
2026-06-12,base,txcosts_median_usd,0.001030440350416002
2026-06-13,base,txcosts_median_usd,0.0007742951689752741
2026-06-14,base,txcosts_median_usd,0.0009784418181126595
2026-06-15,base,txcosts_median_usd,0.0011853530418694256
2026-06-16,base,txcosts_median_usd,0.0013118859931261796
2026-06-17,base,txcosts_median_usd,0.0012821602951172137
2026-06-18,base,txcosts_median_usd,0.001221155468224878
2026-06-19,base,txcosts_median_usd,0.0011836591589920143
2026-06-20,base,txcosts_median_usd,0.0011846774777956252
2026-06-21,base,txcosts_median_usd,0.0011271072048075665
2026-06-22,base,txcosts_median_usd,0.0011839857512021886
2026-06-23,base,txcosts_median_usd,0.0011117762560642504
2026-06-24,base,txcosts_median_usd,0.0014427859374918453
2026-06-25,base,txcosts_median_usd,0.0012465437213524779
2026-06-26,base,txcosts_median_usd,0.001355281381467692
2026-06-27,base,txcosts_median_usd,0.0010940987745912028
2026-06-28,base,txcosts_median_usd,0.0012411114571318964
2026-06-29,base,txcosts_median_usd,0.0012740255899967605
2026-06-30,base,txcosts_median_usd,0.001026853201986492
2026-07-01,base,txcosts_median_usd,0.0011787859604724664
2026-07-02,base,txcosts_median_usd,0.0009846488087465967
2026-07-03,base,txcosts_median_usd,0.0010803583073424128
2026-07-04,base,txcosts_median_usd,0.0011260390256063355
2026-07-05,base,txcosts_median_usd,0.0011557380143837526
2026-07-06,base,txcosts_median_usd,0.0014081715377140278
2026-07-07,base,txcosts_median_usd,0.0014218159101445076
2026-07-08,base,txcosts_median_usd,0.0006747711506510051
2026-07-09,base,txcosts_median_usd,0.0011929583769622505
2026-07-10,base,txcosts_median_usd,0.0013176104840987115
2026-07-11,base,txcosts_median_usd,0.0011706969110585673
2026-07-12,base,txcosts_median_usd,0.0011393039629298324
2026-07-13,base,txcosts_median_usd,0.0015414086581129948
2026-07-14,base,txcosts_median_usd,0.0013682450029592886
2026-07-15,base,txcosts_median_usd,0.0012777473312883833
2026-07-16,base,txcosts_median_usd,0.0010709983657193635
2026-07-17,base,txcosts_median_usd,0.0014714554836080629
2026-07-18,base,txcosts_median_usd,0.001022971888384172
2026-07-19,base,txcosts_median_usd,0.0008047756461253274
2026-07-20,base,txcosts_median_usd,0.0009387497627795748
2026-07-21,base,txcosts_median_usd,0.0008382008269524588
2026-07-22,base,txcosts_median_usd,0.0009326138684049158
2026-07-23,base,txcosts_median_usd,0.000988694670325313
2026-07-24,base,txcosts_median_usd,0.0011655526399869474
2026-07-25,base,txcosts_median_usd,0.0010346058280852938
2026-07-26,base,txcosts_median_usd,0.0010302788294274164
2026-07-27,base,txcosts_median_usd,0.0012423479320663967
2026-07-28,base,txcosts_median_usd,0.0014505683247594532
2026-07-29,base,txcosts_median_usd,0.0010563195102946815
2026-07-30,base,txcosts_median_usd,0.0008256244022510142
2026-07-31,base,txcosts_median_usd,0.0008224476194714967
2026-08-01,base,txcosts_median_usd,0.0007244673366397918
2026-08-02,base,txcosts_median_usd,0.0007170255031804994
2026-08-03,base,txcosts_median_usd,0.0008054105702542014
2026-08-04,base,txcosts_median_usd,0.0008133866382267448
2026-08-05,base,txcosts_median_usd,0.0008077372254444905
2026-08-06,base,txcosts_median_usd,0.0005900399749707664
2026-08-07,base,txcosts_median_usd,0.0007515141283136535
2026-08-08,base,txcosts_median_usd,0.0008212036151705234
2026-08-09,base,txcosts_median_usd,0.0008580801885378755
2026-08-10,base,txcosts_median_usd,0.0008360149111985829
2026-08-11,base,txcosts_median_usd,0.0007563270400804267
2026-08-12,base,txcosts_median_usd,0.000816441975812349
2026-08-13,base,txcosts_median_usd,0.0009121549808207233
2026-08-14,base,txcosts_median_usd,0.0007337326722038595
2026-08-15,base,txcosts_median_usd,0.0008157703265976712
2026-08-16,base,txcosts_median_usd,0.0012731524795676016
2026-08-17,base,txcosts_median_usd,0.0012021613312571211
2026-08-18,base,txcosts_median_usd,0.0008344879156391633
2026-08-19,base,txcosts_median_usd,0.001253045124720233
2026-08-20,base,txcosts_median_usd,0.0009998225903050358
2020-01-01,ethereum,txcosts_median_usd,0.03773220610040191
2020-01-02,ethereum,txcosts_median_usd,0.03174543071492149
2020-01-03,ethereum,txcosts_median_usd,0.033062579463773376
2020-01-04,ethereum,txcosts_median_usd,0.02687855666687911
2020-01-05,ethereum,txcosts_median_usd,0.02788304583181541
2020-01-06,ethereum,txcosts_median_usd,0.03458459587335402
2020-01-07,ethereum,txcosts_median_usd,0.03401970299479409
2020-01-08,ethereum,txcosts_median_usd,0.04200683811151254
2020-01-09,ethereum,txcosts_median_usd,0.038126632685877786
2020-01-10,ethereum,txcosts_median_usd,0.042058272737818446
2020-01-11,ethereum,txcosts_median_usd,0.041821038295557236
2020-01-12,ethereum,txcosts_median_usd,0.04313484692846427
2020-01-13,ethereum,txcosts_median_usd,0.03990162940040391
2020-01-14,ethereum,txcosts_median_usd,0.04275683783066851
2020-01-15,ethereum,txcosts_median_usd,0.04744343751355228
2020-01-16,ethereum,txcosts_median_usd,0.03456003123856535
2020-01-17,ethereum,txcosts_median_usd,0.045280655717586056
2020-01-18,ethereum,txcosts_median_usd,0.044208010727147085
2020-01-19,ethereum,txcosts_median_usd,0.04276388472151208
2020-01-20,ethereum,txcosts_median_usd,0.038149186380086825
2020-01-21,ethereum,txcosts_median_usd,0.03544944600401096
2020-01-22,ethereum,txcosts_median_usd,0.03585450362706607
2020-01-23,ethereum,txcosts_median_usd,0.028514797762308308
2020-01-24,ethereum,txcosts_median_usd,0.030137216013174945
2020-01-25,ethereum,txcosts_median_usd,0.02706350849831052
2020-01-26,ethereum,txcosts_median_usd,0.02456523558765053
2020-01-27,ethereum,txcosts_median_usd,0.02654633165933926
2020-01-28,ethereum,txcosts_median_usd,0.030286210984718395
2020-01-29,ethereum,txcosts_median_usd,0.032945381058045294
2020-01-30,ethereum,txcosts_median_usd,0.033580768607116625
2020-01-31,ethereum,txcosts_median_usd,0.035760015650547754
2020-02-01,ethereum,txcosts_median_usd,0.030856306717130903
2020-02-02,ethereum,txcosts_median_usd,0.03224327513348397
2020-02-03,ethereum,txcosts_median_usd,0.038407466485852325
2020-02-04,ethereum,txcosts_median_usd,0.057800527838344724
2020-02-05,ethereum,txcosts_median_usd,0.05721287041411057
2020-02-06,ethereum,txcosts_median_usd,0.07223594173455851
2020-02-07,ethereum,txcosts_median_usd,0.07473710727438623
2020-02-08,ethereum,txcosts_median_usd,0.061831671952138165
2020-02-09,ethereum,txcosts_median_usd,0.05495119827882429
2020-02-10,ethereum,txcosts_median_usd,0.061114511309780656
2020-02-11,ethereum,txcosts_median_usd,0.05470204527201136
2020-02-12,ethereum,txcosts_median_usd,0.07388079751358476
2020-02-13,ethereum,txcosts_median_usd,0.09039204700467754
2020-02-14,ethereum,txcosts_median_usd,0.08749518617853179
2020-02-15,ethereum,txcosts_median_usd,0.0959819203298135
2020-02-16,ethereum,txcosts_median_usd,0.08125896747752916
2020-02-17,ethereum,txcosts_median_usd,0.0823906345495749
2020-02-18,ethereum,txcosts_median_usd,0.07288634324963299
2020-02-19,ethereum,txcosts_median_usd,0.08314331799975035
2020-02-20,ethereum,txcosts_median_usd,0.08281133985415642
2020-02-21,ethereum,txcosts_median_usd,0.053632288661125876
2020-02-22,ethereum,txcosts_median_usd,0.05703344561103752
2020-02-23,ethereum,txcosts_median_usd,0.08312468238645875
2020-02-24,ethereum,txcosts_median_usd,0.0783256671754461
2020-02-25,ethereum,txcosts_median_usd,0.07791399833413835
2020-02-26,ethereum,txcosts_median_usd,0.08744434720959056
2020-02-27,ethereum,txcosts_median_usd,0.06508105333435023
2020-02-28,ethereum,txcosts_median_usd,0.06044998337145651
2020-02-29,ethereum,txcosts_median_usd,0.04724541729824668
2020-03-01,ethereum,txcosts_median_usd,0.0519559441357379
2020-03-02,ethereum,txcosts_median_usd,0.04963158640717962
2020-03-03,ethereum,txcosts_median_usd,0.058424614343753914
2020-03-04,ethereum,txcosts_median_usd,0.0590697295562135
2020-03-05,ethereum,txcosts_median_usd,0.06911132280378614
2020-03-06,ethereum,txcosts_median_usd,0.0650478125328801
2020-03-07,ethereum,txcosts_median_usd,0.06374304811300802
2020-03-08,ethereum,txcosts_median_usd,0.07672410470968587
2020-03-09,ethereum,txcosts_median_usd,0.0803219791396024
2020-03-10,ethereum,txcosts_median_usd,0.05844857887869961
2020-03-11,ethereum,txcosts_median_usd,0.0700292413309192
2020-03-12,ethereum,txcosts_median_usd,0.3769239564410437
2020-03-13,ethereum,txcosts_median_usd,0.18443538313748653
2020-03-14,ethereum,txcosts_median_usd,0.052314138240242135
2020-03-15,ethereum,txcosts_median_usd,0.04029981142224765
2020-03-16,ethereum,txcosts_median_usd,0.097827633842416
2020-03-17,ethereum,txcosts_median_usd,0.04821891782416405
2020-03-18,ethereum,txcosts_median_usd,0.0360475324690323
2020-03-19,ethereum,txcosts_median_usd,0.048453929045417454
2020-03-20,ethereum,txcosts_median_usd,0.048836841492355794
2020-03-21,ethereum,txcosts_median_usd,0.034276601133309104
2020-03-22,ethereum,txcosts_median_usd,0.0349040526964289
2020-03-23,ethereum,txcosts_median_usd,0.03672314561484061
2020-03-24,ethereum,txcosts_median_usd,0.04038174050206551
2020-03-25,ethereum,txcosts_median_usd,0.044792377788338805
2020-03-26,ethereum,txcosts_median_usd,0.03702177489990983
2020-03-27,ethereum,txcosts_median_usd,0.03568863005531845
2020-03-28,ethereum,txcosts_median_usd,0.031811640944921823
2020-03-29,ethereum,txcosts_median_usd,0.030566411786587113
2020-03-30,ethereum,txcosts_median_usd,0.03529634326969936
2020-03-31,ethereum,txcosts_median_usd,0.04041709527232562
2020-04-01,ethereum,txcosts_median_usd,0.03943621885513893
2020-04-02,ethereum,txcosts_median_usd,0.04620189198871976
2020-04-03,ethereum,txcosts_median_usd,0.04634434840126407
2020-04-04,ethereum,txcosts_median_usd,0.03527106731378956
2020-04-05,ethereum,txcosts_median_usd,0.034338713814067216
2020-04-06,ethereum,txcosts_median_usd,0.05320905892905804
2020-04-07,ethereum,txcosts_median_usd,0.05993570027152313
2020-04-08,ethereum,txcosts_median_usd,0.045598621910870496
2020-04-09,ethereum,txcosts_median_usd,0.052125351993695536
2020-04-10,ethereum,txcosts_median_usd,0.05205424305686402
2020-04-11,ethereum,txcosts_median_usd,0.037027941252016666
2020-04-12,ethereum,txcosts_median_usd,0.03469527500350928
2020-04-13,ethereum,txcosts_median_usd,0.04439571659574455
2020-04-14,ethereum,txcosts_median_usd,0.0439139283830282
2020-04-15,ethereum,txcosts_median_usd,0.04390144604121879
2020-04-16,ethereum,txcosts_median_usd,0.061861724202499656
2020-04-17,ethereum,txcosts_median_usd,0.052936422499775856
2020-04-18,ethereum,txcosts_median_usd,0.054124812021851446
2020-04-19,ethereum,txcosts_median_usd,0.055134263087286056
2020-04-20,ethereum,txcosts_median_usd,0.06789537911083263
2020-04-21,ethereum,txcosts_median_usd,0.0648433114700215
2020-04-22,ethereum,txcosts_median_usd,0.06487534608153593
2020-04-23,ethereum,txcosts_median_usd,0.07052554539904167
2020-04-24,ethereum,txcosts_median_usd,0.06670134900981912
2020-04-25,ethereum,txcosts_median_usd,0.06249883574624466
2020-04-26,ethereum,txcosts_median_usd,0.06524420531808198
2020-04-27,ethereum,txcosts_median_usd,0.07284343995808956
2020-04-28,ethereum,txcosts_median_usd,0.06518277196964674
2020-04-29,ethereum,txcosts_median_usd,0.09712669415025167
2020-04-30,ethereum,txcosts_median_usd,0.14440435358768589
2020-05-01,ethereum,txcosts_median_usd,0.07921583371187327
2020-05-02,ethereum,txcosts_median_usd,0.05960202987760683
2020-05-03,ethereum,txcosts_median_usd,0.06983643112355671
2020-05-04,ethereum,txcosts_median_usd,0.08579173891836431
2020-05-05,ethereum,txcosts_median_usd,0.09742469707508589
2020-05-06,ethereum,txcosts_median_usd,0.10235520219500097
2020-05-07,ethereum,txcosts_median_usd,0.12344164145758496
2020-05-08,ethereum,txcosts_median_usd,0.12674627293136365
2020-05-09,ethereum,txcosts_median_usd,0.10551352193619896
2020-05-10,ethereum,txcosts_median_usd,0.16945924963212095
2020-05-11,ethereum,txcosts_median_usd,0.12252196769654587
2020-05-12,ethereum,txcosts_median_usd,0.1421693773118806
2020-05-13,ethereum,txcosts_median_usd,0.17318651896926907
2020-05-14,ethereum,txcosts_median_usd,0.25537665644756247
2020-05-15,ethereum,txcosts_median_usd,0.19010617482231312
2020-05-16,ethereum,txcosts_median_usd,0.13505397164742428
2020-05-17,ethereum,txcosts_median_usd,0.16624324561039977
2020-05-18,ethereum,txcosts_median_usd,0.234248941787409
2020-05-19,ethereum,txcosts_median_usd,0.2275008154851533
2020-05-20,ethereum,txcosts_median_usd,0.2558932181979179
2020-05-21,ethereum,txcosts_median_usd,0.31809009322499004
2020-05-22,ethereum,txcosts_median_usd,0.23772390283225517
2020-05-23,ethereum,txcosts_median_usd,0.14655910415654216
2020-05-24,ethereum,txcosts_median_usd,0.1909177060543449
2020-05-25,ethereum,txcosts_median_usd,0.24688165059305692
2020-05-26,ethereum,txcosts_median_usd,0.23141642434803517
2020-05-27,ethereum,txcosts_median_usd,0.23803890789753357
2020-05-28,ethereum,txcosts_median_usd,0.25039499373067714
2020-05-29,ethereum,txcosts_median_usd,0.2300746590145898
2020-05-30,ethereum,txcosts_median_usd,0.22673016588871145
2020-05-31,ethereum,txcosts_median_usd,0.22043725881253212
2020-06-01,ethereum,txcosts_median_usd,0.23667165103284618
2020-06-02,ethereum,txcosts_median_usd,0.26468982655402323
2020-06-03,ethereum,txcosts_median_usd,0.22452329420583356
2020-06-04,ethereum,txcosts_median_usd,0.24513070459961647
2020-06-05,ethereum,txcosts_median_usd,0.24063015226364487
2020-06-06,ethereum,txcosts_median_usd,0.28876060866092773
2020-06-07,ethereum,txcosts_median_usd,0.34121812462217077
2020-06-08,ethereum,txcosts_median_usd,0.3317417690163465
2020-06-09,ethereum,txcosts_median_usd,0.28992954191854964
2020-06-10,ethereum,txcosts_median_usd,0.3148356481867014
2020-06-11,ethereum,txcosts_median_usd,0.3135626521730027
2020-06-12,ethereum,txcosts_median_usd,0.2488171178788676
2020-06-13,ethereum,txcosts_median_usd,0.2172279522077508
2020-06-14,ethereum,txcosts_median_usd,0.18786444540964367
2020-06-15,ethereum,txcosts_median_usd,0.30260085761582
2020-06-16,ethereum,txcosts_median_usd,0.2856149536821526
2020-06-17,ethereum,txcosts_median_usd,0.30568871340321213
2020-06-18,ethereum,txcosts_median_usd,0.2701584128762104
2020-06-19,ethereum,txcosts_median_usd,0.28652852414064134
2020-06-20,ethereum,txcosts_median_usd,0.2230157170010636
2020-06-21,ethereum,txcosts_median_usd,0.20923398446383157
2020-06-22,ethereum,txcosts_median_usd,0.28900997291783354
2020-06-23,ethereum,txcosts_median_usd,0.3480015579648823
2020-06-24,ethereum,txcosts_median_usd,0.34423357130310966
2020-06-25,ethereum,txcosts_median_usd,0.29093941640399046
2020-06-26,ethereum,txcosts_median_usd,0.263017237211696
2020-06-27,ethereum,txcosts_median_usd,0.257177747943561
2020-06-28,ethereum,txcosts_median_usd,0.23726154304440802
2020-06-29,ethereum,txcosts_median_usd,0.26892613997135995
2020-06-30,ethereum,txcosts_median_usd,0.3757336458280124
2020-07-01,ethereum,txcosts_median_usd,0.3327219341974567
2020-07-02,ethereum,txcosts_median_usd,0.30366976027205295
2020-07-03,ethereum,txcosts_median_usd,0.30891036210892464
2020-07-04,ethereum,txcosts_median_usd,0.22629813033109575
2020-07-05,ethereum,txcosts_median_usd,0.2324689498298263
2020-07-06,ethereum,txcosts_median_usd,0.2857597570750508
2020-07-07,ethereum,txcosts_median_usd,0.3082013920404057
2020-07-08,ethereum,txcosts_median_usd,0.39331169842547004
2020-07-09,ethereum,txcosts_median_usd,0.3589208816033773
2020-07-10,ethereum,txcosts_median_usd,0.2971322996295742
2020-07-11,ethereum,txcosts_median_usd,0.2574156528118078
2020-07-12,ethereum,txcosts_median_usd,0.23818866194790228
2020-07-13,ethereum,txcosts_median_usd,0.37072927052761523
2020-07-14,ethereum,txcosts_median_usd,0.3353280900771891
2020-07-15,ethereum,txcosts_median_usd,0.3654635141645931
2020-07-16,ethereum,txcosts_median_usd,0.4123167348369456
2020-07-17,ethereum,txcosts_median_usd,0.42544646492381805
2020-07-18,ethereum,txcosts_median_usd,0.36100723816313374
2020-07-19,ethereum,txcosts_median_usd,0.3875253234081534
2020-07-20,ethereum,txcosts_median_usd,0.4984877281705047
2020-07-21,ethereum,txcosts_median_usd,0.5546533420737685
2020-07-22,ethereum,txcosts_median_usd,0.5280132655707381
2020-07-23,ethereum,txcosts_median_usd,0.6369252537525458
2020-07-24,ethereum,txcosts_median_usd,0.6322226250186964
2020-07-25,ethereum,txcosts_median_usd,0.6761252208463664
2020-07-26,ethereum,txcosts_median_usd,0.6795863290111899
2020-07-27,ethereum,txcosts_median_usd,0.8981606358550235
2020-07-28,ethereum,txcosts_median_usd,0.6902274631332725
2020-07-29,ethereum,txcosts_median_usd,0.7112380893430041
2020-07-30,ethereum,txcosts_median_usd,0.6971073474399929
2020-07-31,ethereum,txcosts_median_usd,0.8157971137352815
2020-08-01,ethereum,txcosts_median_usd,0.6777862875765536
2020-08-02,ethereum,txcosts_median_usd,0.9327333148173299
2020-08-03,ethereum,txcosts_median_usd,0.8026279427756329
2020-08-04,ethereum,txcosts_median_usd,0.7142068578724294
2020-08-05,ethereum,txcosts_median_usd,0.6609313219992642
2020-08-06,ethereum,txcosts_median_usd,0.7356708677498847
2020-08-07,ethereum,txcosts_median_usd,0.9138016621541313
2020-08-08,ethereum,txcosts_median_usd,0.8391022360627381
2020-08-09,ethereum,txcosts_median_usd,0.9624863494935079
2020-08-10,ethereum,txcosts_median_usd,1.4046797932908488
2020-08-11,ethereum,txcosts_median_usd,1.6511861566109107
2020-08-12,ethereum,txcosts_median_usd,2.9221430326332984
2020-08-13,ethereum,txcosts_median_usd,3.351456364241665
2020-08-14,ethereum,txcosts_median_usd,3.0055753940538708
2020-08-15,ethereum,txcosts_median_usd,1.731938513704845
2020-08-16,ethereum,txcosts_median_usd,1.4816650316029403
2020-08-17,ethereum,txcosts_median_usd,1.6327565462474727
2020-08-18,ethereum,txcosts_median_usd,1.9297040335730848
2020-08-19,ethereum,txcosts_median_usd,1.9454018090610625
2020-08-20,ethereum,txcosts_median_usd,1.5913207528220006
2020-08-21,ethereum,txcosts_median_usd,2.142872442057079
2020-08-22,ethereum,txcosts_median_usd,1.3494294234740556
2020-08-23,ethereum,txcosts_median_usd,1.0695766913788511
2020-08-24,ethereum,txcosts_median_usd,1.275542686308347
2020-08-25,ethereum,txcosts_median_usd,1.5035739948095694
2020-08-26,ethereum,txcosts_median_usd,1.1608641751328292
2020-08-27,ethereum,txcosts_median_usd,1.247158956072013
2020-08-28,ethereum,txcosts_median_usd,1.1745573845942199
2020-08-29,ethereum,txcosts_median_usd,1.391367621556878
2020-08-30,ethereum,txcosts_median_usd,2.896469247357508
2020-08-31,ethereum,txcosts_median_usd,3.388256814538858
2020-09-01,ethereum,txcosts_median_usd,6.875659250564788
2020-09-02,ethereum,txcosts_median_usd,8.802037455822822
2020-09-03,ethereum,txcosts_median_usd,6.262771247955325
2020-09-04,ethereum,txcosts_median_usd,3.26902191366689
2020-09-05,ethereum,txcosts_median_usd,3.857217025002522
2020-09-06,ethereum,txcosts_median_usd,1.5255162678826144
2020-09-07,ethereum,txcosts_median_usd,1.446498457761792
2020-09-08,ethereum,txcosts_median_usd,1.247237002895396
2020-09-09,ethereum,txcosts_median_usd,1.3973125169892109
2020-09-10,ethereum,txcosts_median_usd,2.3919603051203717
2020-09-11,ethereum,txcosts_median_usd,2.1531873400403825
2020-09-12,ethereum,txcosts_median_usd,1.456134608326071
2020-09-13,ethereum,txcosts_median_usd,1.6595778224092297
2020-09-14,ethereum,txcosts_median_usd,2.5595388130053935
2020-09-15,ethereum,txcosts_median_usd,2.513082407369033
2020-09-16,ethereum,txcosts_median_usd,2.1696135376687122
2020-09-17,ethereum,txcosts_median_usd,6.952656682334932
2020-09-18,ethereum,txcosts_median_usd,4.4539293746557505
2020-09-19,ethereum,txcosts_median_usd,2.4796989462870482
2020-09-20,ethereum,txcosts_median_usd,1.833982045169422
2020-09-21,ethereum,txcosts_median_usd,2.3200899350926147
2020-09-22,ethereum,txcosts_median_usd,2.0315773641871746
2020-09-23,ethereum,txcosts_median_usd,1.5575753385789302
2020-09-24,ethereum,txcosts_median_usd,1.208635083059639
2020-09-25,ethereum,txcosts_median_usd,1.2928539002116162
2020-09-26,ethereum,txcosts_median_usd,1.0219130548736859
2020-09-27,ethereum,txcosts_median_usd,1.06673765051317
2020-09-28,ethereum,txcosts_median_usd,1.4395332699693182
2020-09-29,ethereum,txcosts_median_usd,1.850774707732664
2020-09-30,ethereum,txcosts_median_usd,1.4670859841289778
2020-10-01,ethereum,txcosts_median_usd,1.2235492751471473
2020-10-02,ethereum,txcosts_median_usd,1.1647811306328726
2020-10-03,ethereum,txcosts_median_usd,0.8568620396423817
2020-10-04,ethereum,txcosts_median_usd,0.934772732492268
2020-10-05,ethereum,txcosts_median_usd,1.0761110163351424
2020-10-06,ethereum,txcosts_median_usd,1.2465664685138456
2020-10-07,ethereum,txcosts_median_usd,0.9819983406605961
2020-10-08,ethereum,txcosts_median_usd,0.8886435899088266
2020-10-09,ethereum,txcosts_median_usd,0.9333177428517828
2020-10-10,ethereum,txcosts_median_usd,0.7419857918490136
2020-10-11,ethereum,txcosts_median_usd,0.5752607786621062
2020-10-12,ethereum,txcosts_median_usd,0.908659800138781
2020-10-13,ethereum,txcosts_median_usd,0.9467606201520471
2020-10-14,ethereum,txcosts_median_usd,0.9045752936010267
2020-10-15,ethereum,txcosts_median_usd,0.8490115782948249
2020-10-16,ethereum,txcosts_median_usd,0.75817277362155
2020-10-17,ethereum,txcosts_median_usd,0.4016243092922204
2020-10-18,ethereum,txcosts_median_usd,0.38546570281012965
2020-10-19,ethereum,txcosts_median_usd,0.625212932554377
2020-10-20,ethereum,txcosts_median_usd,0.7138108155329488
2020-10-21,ethereum,txcosts_median_usd,0.8927685964706346
2020-10-22,ethereum,txcosts_median_usd,0.8061421891752043
2020-10-23,ethereum,txcosts_median_usd,0.69294241130412
2020-10-24,ethereum,txcosts_median_usd,0.3980521952287074
2020-10-25,ethereum,txcosts_median_usd,0.43292981142445985
2020-10-26,ethereum,txcosts_median_usd,0.7265941766198869
2020-10-27,ethereum,txcosts_median_usd,0.5393509709077939
2020-10-28,ethereum,txcosts_median_usd,0.77542077595413
2020-10-29,ethereum,txcosts_median_usd,0.8692753917431831
2020-10-30,ethereum,txcosts_median_usd,0.7815653042861278
2020-10-31,ethereum,txcosts_median_usd,0.46091808015007574
2020-11-01,ethereum,txcosts_median_usd,0.39562102638259394
2020-11-02,ethereum,txcosts_median_usd,0.7763432345656857
2020-11-03,ethereum,txcosts_median_usd,0.6005962431760409
2020-11-04,ethereum,txcosts_median_usd,0.45966911962654294
2020-11-05,ethereum,txcosts_median_usd,0.6181036809302498
2020-11-06,ethereum,txcosts_median_usd,0.8411803075936884
2020-11-07,ethereum,txcosts_median_usd,0.816490267479396
2020-11-08,ethereum,txcosts_median_usd,0.4248738829916632
2020-11-09,ethereum,txcosts_median_usd,0.6518295628592091
2020-11-10,ethereum,txcosts_median_usd,0.7609299751212577
2020-11-11,ethereum,txcosts_median_usd,0.7508370845531055
2020-11-12,ethereum,txcosts_median_usd,0.8103875221028392
2020-11-13,ethereum,txcosts_median_usd,0.8413864002250354
2020-11-14,ethereum,txcosts_median_usd,0.4822602396047431
2020-11-15,ethereum,txcosts_median_usd,0.4850513087929216
2020-11-16,ethereum,txcosts_median_usd,0.6733835135951737
2020-11-17,ethereum,txcosts_median_usd,1.1746457482790142
2020-11-18,ethereum,txcosts_median_usd,1.297268332901394
2020-11-19,ethereum,txcosts_median_usd,0.783119625155922
2020-11-20,ethereum,txcosts_median_usd,1.078364075093174
2020-11-21,ethereum,txcosts_median_usd,1.0892800123071438
2020-11-22,ethereum,txcosts_median_usd,1.1700902631934196
2020-11-23,ethereum,txcosts_median_usd,1.4577169941688761
2020-11-24,ethereum,txcosts_median_usd,1.9256318489348192
2020-11-25,ethereum,txcosts_median_usd,1.2366499467989687
2020-11-26,ethereum,txcosts_median_usd,2.188061647281981
2020-11-27,ethereum,txcosts_median_usd,0.682123415027791
2020-11-28,ethereum,txcosts_median_usd,0.46278331582848875
2020-11-29,ethereum,txcosts_median_usd,0.4286380980854662
2020-11-30,ethereum,txcosts_median_usd,1.503665529833281
2020-12-01,ethereum,txcosts_median_usd,1.7139062178300248
2020-12-02,ethereum,txcosts_median_usd,0.867479432929823
2020-12-03,ethereum,txcosts_median_usd,0.9341216758692397
2020-12-04,ethereum,txcosts_median_usd,1.0988828866703388
2020-12-05,ethereum,txcosts_median_usd,0.6463640723376959
2020-12-06,ethereum,txcosts_median_usd,0.6707508730314604
2020-12-07,ethereum,txcosts_median_usd,0.9479952882146903
2020-12-08,ethereum,txcosts_median_usd,1.1915281005052172
2020-12-09,ethereum,txcosts_median_usd,1.2219896675064394
2020-12-10,ethereum,txcosts_median_usd,1.0534732877391777
2020-12-11,ethereum,txcosts_median_usd,1.1929401605760699
2020-12-12,ethereum,txcosts_median_usd,0.7647728737635495
2020-12-13,ethereum,txcosts_median_usd,0.8008377306368297
2020-12-14,ethereum,txcosts_median_usd,1.2220744438661753
2020-12-15,ethereum,txcosts_median_usd,1.641321227883535
2020-12-16,ethereum,txcosts_median_usd,1.5796949028043425
2020-12-17,ethereum,txcosts_median_usd,2.713078864932003
2020-12-18,ethereum,txcosts_median_usd,1.5207458134732939
2020-12-19,ethereum,txcosts_median_usd,1.421105000297578
2020-12-20,ethereum,txcosts_median_usd,0.9861139512008109
2020-12-21,ethereum,txcosts_median_usd,1.7384777973813281
2020-12-22,ethereum,txcosts_median_usd,1.3662462620211238
2020-12-23,ethereum,txcosts_median_usd,2.2602405238496335
2020-12-24,ethereum,txcosts_median_usd,1.7762305736810495
2020-12-25,ethereum,txcosts_median_usd,1.960128893700413
2020-12-26,ethereum,txcosts_median_usd,1.470951244233215
2020-12-27,ethereum,txcosts_median_usd,2.023731830687072
2020-12-28,ethereum,txcosts_median_usd,2.4434785294245516
2020-12-29,ethereum,txcosts_median_usd,2.4048961661956
2020-12-30,ethereum,txcosts_median_usd,2.873762416480893
2020-12-31,ethereum,txcosts_median_usd,2.605741243892345
2021-01-01,ethereum,txcosts_median_usd,1.662037075495061
2021-01-02,ethereum,txcosts_median_usd,2.5258994349807935
2021-01-03,ethereum,txcosts_median_usd,3.900275504877589
2021-01-04,ethereum,txcosts_median_usd,8.287804370661766
2021-01-05,ethereum,txcosts_median_usd,4.560878031958377
2021-01-06,ethereum,txcosts_median_usd,4.426461119152553
2021-01-07,ethereum,txcosts_median_usd,4.974667650491524
2021-01-08,ethereum,txcosts_median_usd,5.40932041578281
2021-01-09,ethereum,txcosts_median_usd,3.641425189811618
2021-01-10,ethereum,txcosts_median_usd,3.5889466924485633
2021-01-11,ethereum,txcosts_median_usd,8.859049063587193
2021-01-12,ethereum,txcosts_median_usd,3.1538158716368763
2021-01-13,ethereum,txcosts_median_usd,2.3957461458016684
2021-01-14,ethereum,txcosts_median_usd,3.258726036371029
2021-01-15,ethereum,txcosts_median_usd,3.353216442979553
2021-01-16,ethereum,txcosts_median_usd,3.0366699926804026
2021-01-17,ethereum,txcosts_median_usd,2.6889623998278367
2021-01-18,ethereum,txcosts_median_usd,3.0128880160059044
2021-01-19,ethereum,txcosts_median_usd,4.032726716474598
2021-01-20,ethereum,txcosts_median_usd,3.6392048588102277
2021-01-21,ethereum,txcosts_median_usd,5.571474541512639
2021-01-22,ethereum,txcosts_median_usd,4.625005812658246
2021-01-23,ethereum,txcosts_median_usd,3.3513067159829206
2021-01-24,ethereum,txcosts_median_usd,3.2526218293373135
2021-01-25,ethereum,txcosts_median_usd,4.839109259768544
2021-01-26,ethereum,txcosts_median_usd,3.670780362496952
2021-01-27,ethereum,txcosts_median_usd,4.508114464391947
2021-01-28,ethereum,txcosts_median_usd,3.9815633405146666
2021-01-29,ethereum,txcosts_median_usd,5.534332736242075
2021-01-30,ethereum,txcosts_median_usd,4.986366988955091
2021-01-31,ethereum,txcosts_median_usd,5.929848048745906
2021-02-01,ethereum,txcosts_median_usd,6.5210334339178475
2021-02-02,ethereum,txcosts_median_usd,7.950705633650978
2021-02-03,ethereum,txcosts_median_usd,8.593591385649077
2021-02-04,ethereum,txcosts_median_usd,12.366967408788414
2021-02-05,ethereum,txcosts_median_usd,13.111721387166737
2021-02-06,ethereum,txcosts_median_usd,10.163768713573438
2021-02-07,ethereum,txcosts_median_usd,8.663190171999398
2021-02-08,ethereum,txcosts_median_usd,10.94856843795644
2021-02-09,ethereum,txcosts_median_usd,13.084410968932016
2021-02-10,ethereum,txcosts_median_usd,12.231167200253404
2021-02-11,ethereum,txcosts_median_usd,9.94270142602826
2021-02-12,ethereum,txcosts_median_usd,10.472826305751271
2021-02-13,ethereum,txcosts_median_usd,11.235738454835221
2021-02-14,ethereum,txcosts_median_usd,9.396577910028192
2021-02-15,ethereum,txcosts_median_usd,10.483907217509625
2021-02-16,ethereum,txcosts_median_usd,10.249510897790257
2021-02-17,ethereum,txcosts_median_usd,10.307430194197122
2021-02-18,ethereum,txcosts_median_usd,11.007403847048076
2021-02-19,ethereum,txcosts_median_usd,11.750157289850193
2021-02-20,ethereum,txcosts_median_usd,12.935116737806167
2021-02-21,ethereum,txcosts_median_usd,9.279638375147535
2021-02-22,ethereum,txcosts_median_usd,15.679502218392985
2021-02-23,ethereum,txcosts_median_usd,21.93598493356769
2021-02-24,ethereum,txcosts_median_usd,10.052144576334545
2021-02-25,ethereum,txcosts_median_usd,8.945388577708513
2021-02-26,ethereum,txcosts_median_usd,7.67019506840958
2021-02-27,ethereum,txcosts_median_usd,5.5133709673648985
2021-02-28,ethereum,txcosts_median_usd,5.664934204823206
2021-03-01,ethereum,txcosts_median_usd,5.442671344401821
2021-03-02,ethereum,txcosts_median_usd,6.212198752676866
2021-03-03,ethereum,txcosts_median_usd,6.386501881137721
2021-03-04,ethereum,txcosts_median_usd,5.966606244477738
2021-03-05,ethereum,txcosts_median_usd,7.052626785794665
2021-03-06,ethereum,txcosts_median_usd,4.998902079022121
2021-03-07,ethereum,txcosts_median_usd,7.8066678037295665
2021-03-08,ethereum,txcosts_median_usd,7.780207713273393
2021-03-09,ethereum,txcosts_median_usd,8.559384294781298
2021-03-10,ethereum,txcosts_median_usd,8.145043589580307
2021-03-11,ethereum,txcosts_median_usd,7.716950829595292
2021-03-12,ethereum,txcosts_median_usd,10.052852448518438
2021-03-13,ethereum,txcosts_median_usd,9.346517164564865
2021-03-14,ethereum,txcosts_median_usd,9.484403625625143
2021-03-15,ethereum,txcosts_median_usd,11.730609677036577
2021-03-16,ethereum,txcosts_median_usd,11.13211295324478
2021-03-17,ethereum,txcosts_median_usd,11.408363661152704
2021-03-18,ethereum,txcosts_median_usd,10.888000945669763
2021-03-19,ethereum,txcosts_median_usd,9.2268340822216
2021-03-20,ethereum,txcosts_median_usd,8.460160868191458
2021-03-21,ethereum,txcosts_median_usd,8.466444870442192
2021-03-22,ethereum,txcosts_median_usd,11.230591833419249
2021-03-23,ethereum,txcosts_median_usd,8.954312232285211
2021-03-24,ethereum,txcosts_median_usd,9.902014102588577
2021-03-25,ethereum,txcosts_median_usd,9.504362664670754
2021-03-26,ethereum,txcosts_median_usd,7.573519697999723
2021-03-27,ethereum,txcosts_median_usd,6.678949891281051
2021-03-28,ethereum,txcosts_median_usd,7.115836940962746
2021-03-29,ethereum,txcosts_median_usd,8.686845134575591
2021-03-30,ethereum,txcosts_median_usd,10.196134726539912
2021-03-31,ethereum,txcosts_median_usd,12.53213568726283
2021-04-01,ethereum,txcosts_median_usd,11.690181521159806
2021-04-02,ethereum,txcosts_median_usd,11.506072084141612
2021-04-03,ethereum,txcosts_median_usd,10.264222403204036
2021-04-04,ethereum,txcosts_median_usd,7.489536614789737
2021-04-05,ethereum,txcosts_median_usd,10.056345654704854
2021-04-06,ethereum,txcosts_median_usd,10.246688837641251
2021-04-07,ethereum,txcosts_median_usd,10.432198817903707
2021-04-08,ethereum,txcosts_median_usd,8.078040161996917
2021-04-09,ethereum,txcosts_median_usd,7.9957156762773485
2021-04-10,ethereum,txcosts_median_usd,6.403438410331456
2021-04-11,ethereum,txcosts_median_usd,6.030542037524919
2021-04-12,ethereum,txcosts_median_usd,7.534809882486104
2021-04-13,ethereum,txcosts_median_usd,8.396268921235706
2021-04-14,ethereum,txcosts_median_usd,9.950743828060705
2021-04-15,ethereum,txcosts_median_usd,8.234073552198849
2021-04-16,ethereum,txcosts_median_usd,14.930815835898425
2021-04-17,ethereum,txcosts_median_usd,11.024290013688159
2021-04-18,ethereum,txcosts_median_usd,12.301041094699181
2021-04-19,ethereum,txcosts_median_usd,13.830173236540324
2021-04-20,ethereum,txcosts_median_usd,17.509624147188074
2021-04-21,ethereum,txcosts_median_usd,12.07380073112915
2021-04-22,ethereum,txcosts_median_usd,10.644158934909841
2021-04-23,ethereum,txcosts_median_usd,9.739350918313946
2021-04-24,ethereum,txcosts_median_usd,5.29848715150572
2021-04-25,ethereum,txcosts_median_usd,3.9445194648768633
2021-04-26,ethereum,txcosts_median_usd,4.703315309209008
2021-04-27,ethereum,txcosts_median_usd,5.715409246996796
2021-04-28,ethereum,txcosts_median_usd,6.683350138803264
2021-04-29,ethereum,txcosts_median_usd,6.513388814889509
2021-04-30,ethereum,txcosts_median_usd,5.443371285749024
2021-05-01,ethereum,txcosts_median_usd,4.3620667224597724
2021-05-02,ethereum,txcosts_median_usd,4.058033398555885
2021-05-03,ethereum,txcosts_median_usd,6.570847687007579
2021-05-04,ethereum,txcosts_median_usd,7.806098231929828
2021-05-05,ethereum,txcosts_median_usd,6.2536437388580275
2021-05-06,ethereum,txcosts_median_usd,7.605378123662824
2021-05-07,ethereum,txcosts_median_usd,7.991358823591604
2021-05-08,ethereum,txcosts_median_usd,15.26987014239233
2021-05-09,ethereum,txcosts_median_usd,15.321259736592081
2021-05-10,ethereum,txcosts_median_usd,30.135961161665453
2021-05-11,ethereum,txcosts_median_usd,34.30392385896591
2021-05-12,ethereum,txcosts_median_usd,38.151860877498095
2021-05-13,ethereum,txcosts_median_usd,21.20121947943298
2021-05-14,ethereum,txcosts_median_usd,15.39317045735774
2021-05-15,ethereum,txcosts_median_usd,12.603997023988741
2021-05-16,ethereum,txcosts_median_usd,10.123520938489953
2021-05-17,ethereum,txcosts_median_usd,11.632032782018822
2021-05-18,ethereum,txcosts_median_usd,9.883970860737517
2021-05-19,ethereum,txcosts_median_usd,26.216288522184524
2021-05-20,ethereum,txcosts_median_usd,9.633564492560566
2021-05-21,ethereum,txcosts_median_usd,9.124618301114342
2021-05-22,ethereum,txcosts_median_usd,4.830540503089041
2021-05-23,ethereum,txcosts_median_usd,9.784231195862432
2021-05-24,ethereum,txcosts_median_usd,5.016099190858389
2021-05-25,ethereum,txcosts_median_usd,4.767488967633684
2021-05-26,ethereum,txcosts_median_usd,4.589853968692828
2021-05-27,ethereum,txcosts_median_usd,3.958412574354322
2021-05-28,ethereum,txcosts_median_usd,3.961603301384047
2021-05-29,ethereum,txcosts_median_usd,2.5384065905026505
2021-05-30,ethereum,txcosts_median_usd,1.9650986855908905
2021-05-31,ethereum,txcosts_median_usd,2.3603123281967737
2021-06-01,ethereum,txcosts_median_usd,2.6483867043945346
2021-06-02,ethereum,txcosts_median_usd,2.903257596884787
2021-06-03,ethereum,txcosts_median_usd,3.111933970873456
2021-06-04,ethereum,txcosts_median_usd,2.7918667673242465
2021-06-05,ethereum,txcosts_median_usd,1.9386110369842675
2021-06-06,ethereum,txcosts_median_usd,1.5919330714772424
2021-06-07,ethereum,txcosts_median_usd,2.3024118809583083
2021-06-08,ethereum,txcosts_median_usd,2.867476433119261
2021-06-09,ethereum,txcosts_median_usd,2.3523145265318433
2021-06-10,ethereum,txcosts_median_usd,2.1044858343965442
2021-06-11,ethereum,txcosts_median_usd,2.284786642015061
2021-06-12,ethereum,txcosts_median_usd,1.6681969729776247
2021-06-13,ethereum,txcosts_median_usd,1.4298512246830493
2021-06-14,ethereum,txcosts_median_usd,2.009799682275094
2021-06-15,ethereum,txcosts_median_usd,2.1433089265389005
2021-06-16,ethereum,txcosts_median_usd,1.9754724200311822
2021-06-17,ethereum,txcosts_median_usd,2.1103773920453155
2021-06-18,ethereum,txcosts_median_usd,2.023091923704617
2021-06-19,ethereum,txcosts_median_usd,1.510014179419107
2021-06-20,ethereum,txcosts_median_usd,1.4642741339702527
2021-06-21,ethereum,txcosts_median_usd,3.612278922526068
2021-06-22,ethereum,txcosts_median_usd,3.8091616897672154
2021-06-23,ethereum,txcosts_median_usd,1.5901344464303373
2021-06-24,ethereum,txcosts_median_usd,1.4459334771461327
2021-06-25,ethereum,txcosts_median_usd,1.7724586137103218
2021-06-26,ethereum,txcosts_median_usd,1.1036074166487133
2021-06-27,ethereum,txcosts_median_usd,1.0319232193121486
2021-06-28,ethereum,txcosts_median_usd,1.4304210535730926
2021-06-29,ethereum,txcosts_median_usd,1.866144540599673
2021-06-30,ethereum,txcosts_median_usd,2.0067089217065637
2021-07-01,ethereum,txcosts_median_usd,1.865864191509771
2021-07-02,ethereum,txcosts_median_usd,1.4242723527518548
2021-07-03,ethereum,txcosts_median_usd,1.270599708955193
2021-07-04,ethereum,txcosts_median_usd,1.2987469450487281
2021-07-05,ethereum,txcosts_median_usd,1.5096342239750329
2021-07-06,ethereum,txcosts_median_usd,4.457097020585536
2021-07-07,ethereum,txcosts_median_usd,3.617137539490909
2021-07-08,ethereum,txcosts_median_usd,3.351325742089119
2021-07-09,ethereum,txcosts_median_usd,2.4706791399000183
2021-07-10,ethereum,txcosts_median_usd,1.535153651467682
2021-07-11,ethereum,txcosts_median_usd,1.2976988427266016
2021-07-12,ethereum,txcosts_median_usd,2.405353566515192
2021-07-13,ethereum,txcosts_median_usd,2.6549663869438214
2021-07-14,ethereum,txcosts_median_usd,3.137560272242652
2021-07-15,ethereum,txcosts_median_usd,3.2581278437730012
2021-07-16,ethereum,txcosts_median_usd,2.9341560468705428
2021-07-17,ethereum,txcosts_median_usd,1.9973379751116993
2021-07-18,ethereum,txcosts_median_usd,2.0456031813102786
2021-07-19,ethereum,txcosts_median_usd,2.0945930508730854
2021-07-20,ethereum,txcosts_median_usd,2.4055891417135493
2021-07-21,ethereum,txcosts_median_usd,1.6263275717633177
2021-07-22,ethereum,txcosts_median_usd,2.149727740094099
2021-07-23,ethereum,txcosts_median_usd,1.7929186537541475
2021-07-24,ethereum,txcosts_median_usd,1.607557181989858
2021-07-25,ethereum,txcosts_median_usd,1.8294405706120986
2021-07-26,ethereum,txcosts_median_usd,3.1797311029822644
2021-07-27,ethereum,txcosts_median_usd,2.514419595023677
2021-07-28,ethereum,txcosts_median_usd,2.9358031601987653
2021-07-29,ethereum,txcosts_median_usd,2.7660340964866834
2021-07-30,ethereum,txcosts_median_usd,3.168213070220773
2021-07-31,ethereum,txcosts_median_usd,3.1462814697617763
2021-08-01,ethereum,txcosts_median_usd,3.5778389272763333
2021-08-02,ethereum,txcosts_median_usd,3.5241147930302272
2021-08-03,ethereum,txcosts_median_usd,4.418124157615706
2021-08-04,ethereum,txcosts_median_usd,4.284552079056989
2021-08-05,ethereum,txcosts_median_usd,6.975984214843892
2021-08-06,ethereum,txcosts_median_usd,5.9951999511311875
2021-08-07,ethereum,txcosts_median_usd,6.369396088421893
2021-08-08,ethereum,txcosts_median_usd,5.894381581117079
2021-08-09,ethereum,txcosts_median_usd,6.694557894450124
2021-08-10,ethereum,txcosts_median_usd,7.281919917809323
2021-08-11,ethereum,txcosts_median_usd,8.261894134342064
2021-08-12,ethereum,txcosts_median_usd,6.800108855267623
2021-08-13,ethereum,txcosts_median_usd,7.228289202917108
2021-08-14,ethereum,txcosts_median_usd,6.933485013865148
2021-08-15,ethereum,txcosts_median_usd,6.115609224496038
2021-08-16,ethereum,txcosts_median_usd,7.7568339776294355
2021-08-17,ethereum,txcosts_median_usd,7.017348025068838
2021-08-18,ethereum,txcosts_median_usd,6.226122674796947
2021-08-19,ethereum,txcosts_median_usd,5.3423222000063
2021-08-20,ethereum,txcosts_median_usd,5.968255223978873
2021-08-21,ethereum,txcosts_median_usd,5.214114457965033
2021-08-22,ethereum,txcosts_median_usd,5.435387906724107
2021-08-23,ethereum,txcosts_median_usd,8.62777856844425
2021-08-24,ethereum,txcosts_median_usd,11.708524664184262
2021-08-25,ethereum,txcosts_median_usd,13.526567954555182
2021-08-26,ethereum,txcosts_median_usd,12.951620523520447
2021-08-27,ethereum,txcosts_median_usd,13.804185741216155
2021-08-28,ethereum,txcosts_median_usd,11.1204521789205
2021-08-29,ethereum,txcosts_median_usd,11.241233620590664
2021-08-30,ethereum,txcosts_median_usd,13.811007468646412
2021-08-31,ethereum,txcosts_median_usd,14.842193871988425
2021-09-01,ethereum,txcosts_median_usd,16.981258846933425
2021-09-02,ethereum,txcosts_median_usd,17.783285690789306
2021-09-03,ethereum,txcosts_median_usd,23.632974370966835
2021-09-04,ethereum,txcosts_median_usd,21.102039673778844
2021-09-05,ethereum,txcosts_median_usd,18.984123469040412
2021-09-06,ethereum,txcosts_median_usd,20.436543410048515
2021-09-07,ethereum,txcosts_median_usd,22.79030499944114
2021-09-08,ethereum,txcosts_median_usd,20.06767355180415
2021-09-09,ethereum,txcosts_median_usd,19.884874906350063
2021-09-10,ethereum,txcosts_median_usd,14.218608396814291
2021-09-11,ethereum,txcosts_median_usd,8.471029550589549
2021-09-12,ethereum,txcosts_median_usd,8.654833541336542
2021-09-13,ethereum,txcosts_median_usd,12.089683830168964
2021-09-14,ethereum,txcosts_median_usd,8.802615661668492
2021-09-15,ethereum,txcosts_median_usd,9.734060756001096
2021-09-16,ethereum,txcosts_median_usd,11.99793064613346
2021-09-17,ethereum,txcosts_median_usd,11.689148185246427
2021-09-18,ethereum,txcosts_median_usd,8.354944674474137
2021-09-19,ethereum,txcosts_median_usd,8.349689488515455
2021-09-20,ethereum,txcosts_median_usd,12.869577226093131
2021-09-21,ethereum,txcosts_median_usd,12.054129803580532
2021-09-22,ethereum,txcosts_median_usd,8.179036202290979
2021-09-23,ethereum,txcosts_median_usd,9.595750143091879
2021-09-24,ethereum,txcosts_median_usd,10.438453390914614
2021-09-25,ethereum,txcosts_median_usd,6.477452076330913
2021-09-26,ethereum,txcosts_median_usd,8.398234216315096
2021-09-27,ethereum,txcosts_median_usd,11.155565215177639
2021-09-28,ethereum,txcosts_median_usd,11.575061499437494
2021-09-29,ethereum,txcosts_median_usd,9.725065496892231
2021-09-30,ethereum,txcosts_median_usd,11.734482873121376
2021-10-01,ethereum,txcosts_median_usd,10.96760424351592
2021-10-02,ethereum,txcosts_median_usd,9.336944255329897
2021-10-03,ethereum,txcosts_median_usd,9.460273437978804
2021-10-04,ethereum,txcosts_median_usd,14.765650960875723
2021-10-05,ethereum,txcosts_median_usd,16.021694271228647
2021-10-06,ethereum,txcosts_median_usd,18.089321147783508
2021-10-07,ethereum,txcosts_median_usd,19.883699981108112
2021-10-08,ethereum,txcosts_median_usd,15.9051903426453
2021-10-09,ethereum,txcosts_median_usd,12.177930463426392
2021-10-10,ethereum,txcosts_median_usd,12.016143262587978
2021-10-11,ethereum,txcosts_median_usd,15.461620610161878
2021-10-12,ethereum,txcosts_median_usd,13.978184862249618
2021-10-13,ethereum,txcosts_median_usd,15.540671509404254
2021-10-14,ethereum,txcosts_median_usd,18.12140222828354
2021-10-15,ethereum,txcosts_median_usd,19.915965041448807
2021-10-16,ethereum,txcosts_median_usd,14.289497159194008
2021-10-17,ethereum,txcosts_median_usd,12.534563934064277
2021-10-18,ethereum,txcosts_median_usd,14.190221815153777
2021-10-19,ethereum,txcosts_median_usd,11.50528722387366
2021-10-20,ethereum,txcosts_median_usd,12.517150424210305
2021-10-21,ethereum,txcosts_median_usd,14.995867580529321
2021-10-22,ethereum,txcosts_median_usd,13.923169077704214
2021-10-23,ethereum,txcosts_median_usd,10.972686601462154
2021-10-24,ethereum,txcosts_median_usd,12.04387604357053
2021-10-25,ethereum,txcosts_median_usd,15.618869259149209
2021-10-26,ethereum,txcosts_median_usd,20.210357403708667
2021-10-27,ethereum,txcosts_median_usd,27.217454611175075
2021-10-28,ethereum,txcosts_median_usd,25.783707565758714
2021-10-29,ethereum,txcosts_median_usd,28.197064812763553
2021-10-30,ethereum,txcosts_median_usd,27.928838033672182
2021-10-31,ethereum,txcosts_median_usd,26.188802430444273
2021-11-01,ethereum,txcosts_median_usd,27.320623040524453
2021-11-02,ethereum,txcosts_median_usd,29.716857402854448
2021-11-03,ethereum,txcosts_median_usd,29.791241532276747
2021-11-04,ethereum,txcosts_median_usd,26.96494329367797
2021-11-05,ethereum,txcosts_median_usd,24.776093534161273
2021-11-06,ethereum,txcosts_median_usd,20.064246518469805
2021-11-07,ethereum,txcosts_median_usd,18.222838202896273
2021-11-08,ethereum,txcosts_median_usd,23.04288844776532
2021-11-09,ethereum,txcosts_median_usd,35.481985221792506
2021-11-10,ethereum,txcosts_median_usd,30.53851256412972
2021-11-11,ethereum,txcosts_median_usd,28.705582262456293
2021-11-12,ethereum,txcosts_median_usd,27.455563450006448
2021-11-13,ethereum,txcosts_median_usd,23.042822927263863
2021-11-14,ethereum,txcosts_median_usd,19.852221207617937
2021-11-15,ethereum,txcosts_median_usd,28.256265181435055
2021-11-16,ethereum,txcosts_median_usd,27.073695219473915
2021-11-17,ethereum,txcosts_median_usd,20.716782709751396
2021-11-18,ethereum,txcosts_median_usd,25.114743220423524
2021-11-19,ethereum,txcosts_median_usd,20.06635807521609
2021-11-20,ethereum,txcosts_median_usd,19.65612490504661
2021-11-21,ethereum,txcosts_median_usd,18.721197845583223
2021-11-22,ethereum,txcosts_median_usd,25.941830256274503
2021-11-23,ethereum,txcosts_median_usd,22.667790427949683
2021-11-24,ethereum,txcosts_median_usd,22.226727787673347
2021-11-25,ethereum,txcosts_median_usd,22.463723875009332
2021-11-26,ethereum,txcosts_median_usd,20.904726692963408
2021-11-27,ethereum,txcosts_median_usd,18.750373218575206
2021-11-28,ethereum,txcosts_median_usd,18.859011492476405
2021-11-29,ethereum,txcosts_median_usd,21.53176278943233
2021-11-30,ethereum,txcosts_median_usd,22.577884829339524
2021-12-01,ethereum,txcosts_median_usd,26.468104335500808
2021-12-02,ethereum,txcosts_median_usd,20.791149259492794
2021-12-03,ethereum,txcosts_median_usd,20.734820088114933
2021-12-04,ethereum,txcosts_median_usd,23.754282663829475
2021-12-05,ethereum,txcosts_median_usd,13.516534503467694
2021-12-06,ethereum,txcosts_median_usd,18.223145152510753
2021-12-07,ethereum,txcosts_median_usd,17.024638634700572
2021-12-08,ethereum,txcosts_median_usd,13.267059216941213
2021-12-09,ethereum,txcosts_median_usd,14.769539712268577
2021-12-10,ethereum,txcosts_median_usd,13.036821000582217
2021-12-11,ethereum,txcosts_median_usd,11.340643201365017
2021-12-12,ethereum,txcosts_median_usd,10.237542687847416
2021-12-13,ethereum,txcosts_median_usd,13.19648445087012
2021-12-14,ethereum,txcosts_median_usd,12.196540079057053
2021-12-15,ethereum,txcosts_median_usd,13.077991932968876
2021-12-16,ethereum,txcosts_median_usd,13.863563805272351
2021-12-17,ethereum,txcosts_median_usd,13.432961044810352
2021-12-18,ethereum,txcosts_median_usd,10.488291890844206
2021-12-19,ethereum,txcosts_median_usd,9.00597289954373
2021-12-20,ethereum,txcosts_median_usd,10.244298490345455
2021-12-21,ethereum,txcosts_median_usd,10.858952826317573
2021-12-22,ethereum,txcosts_median_usd,11.817873170731836
2021-12-23,ethereum,txcosts_median_usd,13.019333612512932
2021-12-24,ethereum,txcosts_median_usd,12.064218882610398
2021-12-25,ethereum,txcosts_median_usd,12.887027102358383
2021-12-26,ethereum,txcosts_median_usd,10.034245389824909
2021-12-27,ethereum,txcosts_median_usd,12.69668516596454
2021-12-28,ethereum,txcosts_median_usd,16.522023179056298
2021-12-29,ethereum,txcosts_median_usd,20.96385561964763
2021-12-30,ethereum,txcosts_median_usd,16.3500854770381
2021-12-31,ethereum,txcosts_median_usd,14.99061400445753
2022-01-01,ethereum,txcosts_median_usd,13.277661077291866
2022-01-02,ethereum,txcosts_median_usd,15.901663987422353
2022-01-03,ethereum,txcosts_median_usd,16.951046019364814
2022-01-04,ethereum,txcosts_median_usd,19.01553526889347
2022-01-05,ethereum,txcosts_median_usd,21.302710440579837
2022-01-06,ethereum,txcosts_median_usd,19.140602876055553
2022-01-07,ethereum,txcosts_median_usd,20.240043756104125
2022-01-08,ethereum,txcosts_median_usd,14.886403504491318
2022-01-09,ethereum,txcosts_median_usd,19.554342761417058
2022-01-10,ethereum,txcosts_median_usd,30.581369201537512
2022-01-11,ethereum,txcosts_median_usd,23.712563332588697
2022-01-12,ethereum,txcosts_median_usd,23.283915990398885
2022-01-13,ethereum,txcosts_median_usd,22.210933352683135
2022-01-14,ethereum,txcosts_median_usd,24.713564679057693
2022-01-15,ethereum,txcosts_median_usd,18.01000099262127
2022-01-16,ethereum,txcosts_median_usd,18.195019406687692
2022-01-17,ethereum,txcosts_median_usd,19.08808037087823
2022-01-18,ethereum,txcosts_median_usd,16.262736675260438
2022-01-19,ethereum,txcosts_median_usd,15.59377124966151
2022-01-20,ethereum,txcosts_median_usd,16.64383007471268
2022-01-21,ethereum,txcosts_median_usd,21.817622564168943
2022-01-22,ethereum,txcosts_median_usd,17.411553695586246
2022-01-23,ethereum,txcosts_median_usd,12.453674896432732
2022-01-24,ethereum,txcosts_median_usd,14.7087083491758
2022-01-25,ethereum,txcosts_median_usd,13.627927228811025
2022-01-26,ethereum,txcosts_median_usd,14.487146302796791
2022-01-27,ethereum,txcosts_median_usd,16.115594721662106
2022-01-28,ethereum,txcosts_median_usd,13.939947805030497
2022-01-29,ethereum,txcosts_median_usd,12.04348392896513
2022-01-30,ethereum,txcosts_median_usd,11.654248229966065
2022-01-31,ethereum,txcosts_median_usd,12.358897092802291
2022-02-01,ethereum,txcosts_median_usd,16.268690070342803
2022-02-02,ethereum,txcosts_median_usd,16.528814130604598
2022-02-03,ethereum,txcosts_median_usd,13.227229886117966
2022-02-04,ethereum,txcosts_median_usd,11.80926283056236
2022-02-05,ethereum,txcosts_median_usd,8.64631470016994
2022-02-06,ethereum,txcosts_median_usd,8.842121498813928
2022-02-07,ethereum,txcosts_median_usd,14.695113897448037
2022-02-08,ethereum,txcosts_median_usd,11.962066423712201
2022-02-09,ethereum,txcosts_median_usd,11.207844139877572
2022-02-10,ethereum,txcosts_median_usd,11.667293707355569
2022-02-11,ethereum,txcosts_median_usd,9.18545420012793
2022-02-12,ethereum,txcosts_median_usd,7.998299522465242
2022-02-13,ethereum,txcosts_median_usd,6.746769251973276
2022-02-14,ethereum,txcosts_median_usd,7.1722005480898385
2022-02-15,ethereum,txcosts_median_usd,7.960613992734637
2022-02-16,ethereum,txcosts_median_usd,10.236041323429431
2022-02-17,ethereum,txcosts_median_usd,9.667963926524656
2022-02-18,ethereum,txcosts_median_usd,12.004503638689393
2022-02-19,ethereum,txcosts_median_usd,7.731319635217876
2022-02-20,ethereum,txcosts_median_usd,6.392849442177543
2022-02-21,ethereum,txcosts_median_usd,10.12868356998974
2022-02-22,ethereum,txcosts_median_usd,9.33537941155433
2022-02-23,ethereum,txcosts_median_usd,8.379471651063897
2022-02-24,ethereum,txcosts_median_usd,8.819479687841483
2022-02-25,ethereum,txcosts_median_usd,5.944895071095272
2022-02-26,ethereum,txcosts_median_usd,4.989037076280587
2022-02-27,ethereum,txcosts_median_usd,4.961065801194602
2022-02-28,ethereum,txcosts_median_usd,6.896385564118491
2022-03-01,ethereum,txcosts_median_usd,7.024992866881234
2022-03-02,ethereum,txcosts_median_usd,6.33440006877326
2022-03-03,ethereum,txcosts_median_usd,5.860551843978679
2022-03-04,ethereum,txcosts_median_usd,5.255459499671893
2022-03-05,ethereum,txcosts_median_usd,3.8474319674586988
2022-03-06,ethereum,txcosts_median_usd,3.973553408862611
2022-03-07,ethereum,txcosts_median_usd,3.8516189628367585
2022-03-08,ethereum,txcosts_median_usd,3.6285286198955053
2022-03-09,ethereum,txcosts_median_usd,3.8729157592500214
2022-03-10,ethereum,txcosts_median_usd,3.722245427922289
2022-03-11,ethereum,txcosts_median_usd,3.2507571365444528
2022-03-12,ethereum,txcosts_median_usd,2.3980894012242895
2022-03-13,ethereum,txcosts_median_usd,2.991581288239241
2022-03-14,ethereum,txcosts_median_usd,3.2967449169062775
2022-03-15,ethereum,txcosts_median_usd,3.6363649677251626
2022-03-16,ethereum,txcosts_median_usd,3.8512060741731307
2022-03-17,ethereum,txcosts_median_usd,5.939607992166696
2022-03-18,ethereum,txcosts_median_usd,5.579595894519086
2022-03-19,ethereum,txcosts_median_usd,3.7719424824387953
2022-03-20,ethereum,txcosts_median_usd,3.1146823718498164
2022-03-21,ethereum,txcosts_median_usd,3.744830477438777
2022-03-22,ethereum,txcosts_median_usd,4.428711613044014
2022-03-23,ethereum,txcosts_median_usd,4.488705514265855
2022-03-24,ethereum,txcosts_median_usd,5.773957244238445
2022-03-25,ethereum,txcosts_median_usd,5.709683363144774
2022-03-26,ethereum,txcosts_median_usd,4.054184931752645
2022-03-27,ethereum,txcosts_median_usd,4.323972167428578
2022-03-28,ethereum,txcosts_median_usd,6.747294878727154
2022-03-29,ethereum,txcosts_median_usd,6.1708267551554785
2022-03-30,ethereum,txcosts_median_usd,7.038199443521418
2022-03-31,ethereum,txcosts_median_usd,7.113662410680708
2022-04-01,ethereum,txcosts_median_usd,8.648570350364054
2022-04-02,ethereum,txcosts_median_usd,7.915894056635259
2022-04-03,ethereum,txcosts_median_usd,7.459895008857917
2022-04-04,ethereum,txcosts_median_usd,9.605115565116531
2022-04-05,ethereum,txcosts_median_usd,10.469860284417251
2022-04-06,ethereum,txcosts_median_usd,8.59810353003123
2022-04-07,ethereum,txcosts_median_usd,8.143379267202219
2022-04-08,ethereum,txcosts_median_usd,7.6878657664342045
2022-04-09,ethereum,txcosts_median_usd,4.865954505196524
2022-04-10,ethereum,txcosts_median_usd,4.8380602025013575
2022-04-11,ethereum,txcosts_median_usd,6.207918299216473
2022-04-12,ethereum,txcosts_median_usd,6.293454820807015
2022-04-13,ethereum,txcosts_median_usd,6.400297772306374
2022-04-14,ethereum,txcosts_median_usd,6.407106131313899
2022-04-15,ethereum,txcosts_median_usd,5.339865868354724
2022-04-16,ethereum,txcosts_median_usd,3.909123240850416
2022-04-17,ethereum,txcosts_median_usd,3.565990188389473
2022-04-18,ethereum,txcosts_median_usd,4.590425406540069
2022-04-19,ethereum,txcosts_median_usd,4.8032422991420285
2022-04-20,ethereum,txcosts_median_usd,6.924683805152464
2022-04-21,ethereum,txcosts_median_usd,8.166606654020269
2022-04-22,ethereum,txcosts_median_usd,6.2361865710979085
2022-04-23,ethereum,txcosts_median_usd,4.361071437083224
2022-04-24,ethereum,txcosts_median_usd,4.123821279425443
2022-04-25,ethereum,txcosts_median_usd,6.3578496069252965
2022-04-26,ethereum,txcosts_median_usd,5.834432577781237
2022-04-27,ethereum,txcosts_median_usd,5.612920703597252
2022-04-28,ethereum,txcosts_median_usd,5.823534856801988
2022-04-29,ethereum,txcosts_median_usd,5.8491111005775105
2022-04-30,ethereum,txcosts_median_usd,5.351960689083974
2022-05-01,ethereum,txcosts_median_usd,9.227027100943433
2022-05-02,ethereum,txcosts_median_usd,8.098913057482903
2022-05-03,ethereum,txcosts_median_usd,7.787344761639348
2022-05-04,ethereum,txcosts_median_usd,5.8942734099135405
2022-05-05,ethereum,txcosts_median_usd,6.92430973155379
2022-05-06,ethereum,txcosts_median_usd,5.128696757652607
2022-05-07,ethereum,txcosts_median_usd,3.9161244394375365
2022-05-08,ethereum,txcosts_median_usd,2.977393811994482
2022-05-09,ethereum,txcosts_median_usd,5.408321759614569
2022-05-10,ethereum,txcosts_median_usd,4.660734234525291
2022-05-11,ethereum,txcosts_median_usd,10.97730902637929
2022-05-12,ethereum,txcosts_median_usd,13.706806447142927
2022-05-13,ethereum,txcosts_median_usd,5.320365898667572
2022-05-14,ethereum,txcosts_median_usd,3.0422473964310193
2022-05-15,ethereum,txcosts_median_usd,2.1953680597963805
2022-05-16,ethereum,txcosts_median_usd,2.1836067280117994
2022-05-17,ethereum,txcosts_median_usd,2.826468316382279
2022-05-18,ethereum,txcosts_median_usd,2.329060638318659
2022-05-19,ethereum,txcosts_median_usd,2.1639770120005344
2022-05-20,ethereum,txcosts_median_usd,2.700620891571642
2022-05-21,ethereum,txcosts_median_usd,1.872797102854214
2022-05-22,ethereum,txcosts_median_usd,2.0530085332441232
2022-05-23,ethereum,txcosts_median_usd,2.458401871144855
2022-05-24,ethereum,txcosts_median_usd,2.4310950880360624
2022-05-25,ethereum,txcosts_median_usd,2.9244246166519963
2022-05-26,ethereum,txcosts_median_usd,4.260915967410721
2022-05-27,ethereum,txcosts_median_usd,3.4890539596184795
2022-05-28,ethereum,txcosts_median_usd,1.6176807253228376
2022-05-29,ethereum,txcosts_median_usd,1.6835479704731184
2022-05-30,ethereum,txcosts_median_usd,2.9273099025029024
2022-05-31,ethereum,txcosts_median_usd,3.969656074103435
2022-06-01,ethereum,txcosts_median_usd,4.973798688045956
2022-06-02,ethereum,txcosts_median_usd,5.579394606112684
2022-06-03,ethereum,txcosts_median_usd,5.638366306897787
2022-06-04,ethereum,txcosts_median_usd,4.648822079276666
2022-06-05,ethereum,txcosts_median_usd,4.704082629259561
2022-06-06,ethereum,txcosts_median_usd,4.350248230178973
2022-06-07,ethereum,txcosts_median_usd,4.729715111476076
2022-06-08,ethereum,txcosts_median_usd,6.307240731524253
2022-06-09,ethereum,txcosts_median_usd,5.731669829860959
2022-06-10,ethereum,txcosts_median_usd,4.373623012204172
2022-06-11,ethereum,txcosts_median_usd,2.67770520819608
2022-06-12,ethereum,txcosts_median_usd,2.365264662204151
2022-06-13,ethereum,txcosts_median_usd,4.630917396805676
2022-06-14,ethereum,txcosts_median_usd,2.639932904580917
2022-06-15,ethereum,txcosts_median_usd,3.0946560638758935
2022-06-16,ethereum,txcosts_median_usd,2.139122369672453
2022-06-17,ethereum,txcosts_median_usd,1.709877823305743
2022-06-18,ethereum,txcosts_median_usd,1.933850030980679
2022-06-19,ethereum,txcosts_median_usd,1.1572101436927742
2022-06-20,ethereum,txcosts_median_usd,1.3580983642336146
2022-06-21,ethereum,txcosts_median_usd,1.787036367416361
2022-06-22,ethereum,txcosts_median_usd,1.7271306334916297
2022-06-23,ethereum,txcosts_median_usd,2.042474806117957
2022-06-24,ethereum,txcosts_median_usd,1.9643749256046954
2022-06-25,ethereum,txcosts_median_usd,2.0093642820495674
2022-06-26,ethereum,txcosts_median_usd,2.146042474913062
2022-06-27,ethereum,txcosts_median_usd,2.470049697804274
2022-06-28,ethereum,txcosts_median_usd,2.299503334101847
2022-06-29,ethereum,txcosts_median_usd,2.4554365995592558
2022-06-30,ethereum,txcosts_median_usd,2.374457611339384
2022-07-01,ethereum,txcosts_median_usd,1.3003660945201718
2022-07-02,ethereum,txcosts_median_usd,0.7144540803138882
2022-07-03,ethereum,txcosts_median_usd,0.8775181051612889
2022-07-04,ethereum,txcosts_median_usd,1.1322728449604842
2022-07-05,ethereum,txcosts_median_usd,1.47256283089878
2022-07-06,ethereum,txcosts_median_usd,1.4373427133112835
2022-07-07,ethereum,txcosts_median_usd,1.7653595971368592
2022-07-08,ethereum,txcosts_median_usd,1.5171111515770324
2022-07-09,ethereum,txcosts_median_usd,0.9984246815154035
2022-07-10,ethereum,txcosts_median_usd,0.9565814712234783
2022-07-11,ethereum,txcosts_median_usd,1.4031175363366868
2022-07-12,ethereum,txcosts_median_usd,1.1664301329678843
2022-07-13,ethereum,txcosts_median_usd,1.2333216780075413
2022-07-14,ethereum,txcosts_median_usd,1.3655966961912225
2022-07-15,ethereum,txcosts_median_usd,1.4212794845738161
2022-07-16,ethereum,txcosts_median_usd,0.9401390316781066
2022-07-17,ethereum,txcosts_median_usd,1.0908698725574362
2022-07-18,ethereum,txcosts_median_usd,1.7072892622878328
2022-07-19,ethereum,txcosts_median_usd,1.99672486745383
2022-07-20,ethereum,txcosts_median_usd,1.8471863229478214
2022-07-21,ethereum,txcosts_median_usd,1.2518127876841196
2022-07-22,ethereum,txcosts_median_usd,1.0520870713767754
2022-07-23,ethereum,txcosts_median_usd,0.8302618994529014
2022-07-24,ethereum,txcosts_median_usd,0.7629006016927075
2022-07-25,ethereum,txcosts_median_usd,1.1170726164717724
2022-07-26,ethereum,txcosts_median_usd,1.0150873274900154
2022-07-27,ethereum,txcosts_median_usd,0.992955921082742
2022-07-28,ethereum,txcosts_median_usd,1.4555294058410901
2022-07-29,ethereum,txcosts_median_usd,1.1208031486590149
2022-07-30,ethereum,txcosts_median_usd,0.6816986370377973
2022-07-31,ethereum,txcosts_median_usd,0.6181864286031538
2022-08-01,ethereum,txcosts_median_usd,0.8978569046881348
2022-08-02,ethereum,txcosts_median_usd,0.9314804990563286
2022-08-03,ethereum,txcosts_median_usd,0.8297411303736021
2022-08-04,ethereum,txcosts_median_usd,0.7688560708387575
2022-08-05,ethereum,txcosts_median_usd,0.9937027831795999
2022-08-06,ethereum,txcosts_median_usd,0.6820226104702573
2022-08-07,ethereum,txcosts_median_usd,0.7041419468999993
2022-08-08,ethereum,txcosts_median_usd,1.279880478959535
2022-08-09,ethereum,txcosts_median_usd,1.4456636323322316
2022-08-10,ethereum,txcosts_median_usd,1.863748267680647
2022-08-11,ethereum,txcosts_median_usd,2.0274317676992033
2022-08-12,ethereum,txcosts_median_usd,1.526438455521914
2022-08-13,ethereum,txcosts_median_usd,1.012001067965698
2022-08-14,ethereum,txcosts_median_usd,1.0699183242336536
2022-08-15,ethereum,txcosts_median_usd,1.7296405276733064
2022-08-16,ethereum,txcosts_median_usd,1.1390629639511296
2022-08-17,ethereum,txcosts_median_usd,1.0820127532569221
2022-08-18,ethereum,txcosts_median_usd,1.0694165583203759
2022-08-19,ethereum,txcosts_median_usd,1.4793765125540712
2022-08-20,ethereum,txcosts_median_usd,0.8037104489951628
2022-08-21,ethereum,txcosts_median_usd,0.5550683060791205
2022-08-22,ethereum,txcosts_median_usd,1.0868168536356573
2022-08-23,ethereum,txcosts_median_usd,1.0356839993084004
2022-08-24,ethereum,txcosts_median_usd,0.9900797320115319
2022-08-25,ethereum,txcosts_median_usd,1.0708651402580482
2022-08-26,ethereum,txcosts_median_usd,1.1145095305536232
2022-08-27,ethereum,txcosts_median_usd,0.6482262876173996
2022-08-28,ethereum,txcosts_median_usd,0.6213861953493673
2022-08-29,ethereum,txcosts_median_usd,1.084704324636175
2022-08-30,ethereum,txcosts_median_usd,1.41805633888791
2022-08-31,ethereum,txcosts_median_usd,1.6039348938261624
2022-09-01,ethereum,txcosts_median_usd,1.4682978569310543
2022-09-02,ethereum,txcosts_median_usd,1.0325604619209034
2022-09-03,ethereum,txcosts_median_usd,0.5781246403191834
2022-09-04,ethereum,txcosts_median_usd,0.5468086434047977
2022-09-05,ethereum,txcosts_median_usd,0.8124207793247965
2022-09-06,ethereum,txcosts_median_usd,1.13507297178746
2022-09-07,ethereum,txcosts_median_usd,1.4563445883527053
2022-09-08,ethereum,txcosts_median_usd,1.6745312628280706
2022-09-09,ethereum,txcosts_median_usd,1.5724681232744868
2022-09-10,ethereum,txcosts_median_usd,0.8663014957218557
2022-09-11,ethereum,txcosts_median_usd,0.8479776331857709
2022-09-12,ethereum,txcosts_median_usd,1.322707770794546
2022-09-13,ethereum,txcosts_median_usd,1.2147350749244683
2022-09-14,ethereum,txcosts_median_usd,0.871032002586654
2022-09-15,ethereum,txcosts_median_usd,1.1035124444707771
2022-09-16,ethereum,txcosts_median_usd,0.6253852806887764
2022-09-17,ethereum,txcosts_median_usd,0.4004068932159999
2022-09-18,ethereum,txcosts_median_usd,0.5257714418765491
2022-09-19,ethereum,txcosts_median_usd,0.6852842856947088
2022-09-20,ethereum,txcosts_median_usd,0.7653827012733114
2022-09-21,ethereum,txcosts_median_usd,0.741624176868382
2022-09-22,ethereum,txcosts_median_usd,0.6743657666993789
2022-09-23,ethereum,txcosts_median_usd,0.589896764884453
2022-09-24,ethereum,txcosts_median_usd,0.4118420403487843
2022-09-25,ethereum,txcosts_median_usd,0.5224482068659599
2022-09-26,ethereum,txcosts_median_usd,0.7481817377949851
2022-09-27,ethereum,txcosts_median_usd,1.1839853112270313
2022-09-28,ethereum,txcosts_median_usd,1.0128981566539532
2022-09-29,ethereum,txcosts_median_usd,0.9750119951135916
2022-09-30,ethereum,txcosts_median_usd,0.9358515065951438
2022-10-01,ethereum,txcosts_median_usd,0.6024452905265191
2022-10-02,ethereum,txcosts_median_usd,0.3888435141300771
2022-10-03,ethereum,txcosts_median_usd,0.8687376946915887
2022-10-04,ethereum,txcosts_median_usd,0.9340305593776365
2022-10-05,ethereum,txcosts_median_usd,0.9371763276365531
2022-10-06,ethereum,txcosts_median_usd,0.7158178545115892
2022-10-07,ethereum,txcosts_median_usd,0.6383317899328499
2022-10-08,ethereum,txcosts_median_usd,0.7869503170028779
2022-10-09,ethereum,txcosts_median_usd,2.263315202340646
2022-10-10,ethereum,txcosts_median_usd,2.532823560572829
2022-10-11,ethereum,txcosts_median_usd,1.8837510787358278
2022-10-12,ethereum,txcosts_median_usd,1.372220644829886
2022-10-13,ethereum,txcosts_median_usd,1.4687320157590267
2022-10-14,ethereum,txcosts_median_usd,1.239131687010193
2022-10-15,ethereum,txcosts_median_usd,1.312728389654523
2022-10-16,ethereum,txcosts_median_usd,1.1805065978626643
2022-10-17,ethereum,txcosts_median_usd,1.6031277941489914
2022-10-18,ethereum,txcosts_median_usd,1.8517087417550802
2022-10-19,ethereum,txcosts_median_usd,2.062265343558976
2022-10-20,ethereum,txcosts_median_usd,1.928404404791976
2022-10-21,ethereum,txcosts_median_usd,1.9526600700257088
2022-10-22,ethereum,txcosts_median_usd,1.3554792841642886
2022-10-23,ethereum,txcosts_median_usd,1.0629475847743246
2022-10-24,ethereum,txcosts_median_usd,1.3724033920827794
2022-10-25,ethereum,txcosts_median_usd,1.4740343208577753
2022-10-26,ethereum,txcosts_median_usd,1.4238320818567318
2022-10-27,ethereum,txcosts_median_usd,1.3246660834377741
2022-10-28,ethereum,txcosts_median_usd,1.336537883773262
2022-10-29,ethereum,txcosts_median_usd,1.1000592965435536
2022-10-30,ethereum,txcosts_median_usd,0.8326825448048614
2022-10-31,ethereum,txcosts_median_usd,1.5772163729784583
2022-11-01,ethereum,txcosts_median_usd,1.1724191952689405
2022-11-02,ethereum,txcosts_median_usd,1.323087802269359
2022-11-03,ethereum,txcosts_median_usd,1.6396108781038101
2022-11-04,ethereum,txcosts_median_usd,1.5059283060101172
2022-11-05,ethereum,txcosts_median_usd,1.172002911356381
2022-11-06,ethereum,txcosts_median_usd,1.166672080912568
2022-11-07,ethereum,txcosts_median_usd,1.4787537945116336
2022-11-08,ethereum,txcosts_median_usd,2.539213935793793
2022-11-09,ethereum,txcosts_median_usd,2.7271884807963893
2022-11-10,ethereum,txcosts_median_usd,1.74579562339685
2022-11-11,ethereum,txcosts_median_usd,1.4329830608067415
2022-11-12,ethereum,txcosts_median_usd,1.0480691734967427
2022-11-13,ethereum,txcosts_median_usd,1.0418874985745799
2022-11-14,ethereum,txcosts_median_usd,1.191332072928833
2022-11-15,ethereum,txcosts_median_usd,1.1562137423046592
2022-11-16,ethereum,txcosts_median_usd,1.1365771095402608
2022-11-17,ethereum,txcosts_median_usd,1.0508745718424453
2022-11-18,ethereum,txcosts_median_usd,0.8903371259918826
2022-11-19,ethereum,txcosts_median_usd,0.8580788627123932
2022-11-20,ethereum,txcosts_median_usd,0.849131782275257
2022-11-21,ethereum,txcosts_median_usd,0.8308236939718164
2022-11-22,ethereum,txcosts_median_usd,0.9108565681670252
2022-11-23,ethereum,txcosts_median_usd,0.8353112477634634
2022-11-24,ethereum,txcosts_median_usd,0.7341532169381839
2022-11-25,ethereum,txcosts_median_usd,0.6825371700071416
2022-11-26,ethereum,txcosts_median_usd,0.6683629100749237
2022-11-27,ethereum,txcosts_median_usd,0.683832013449922
2022-11-28,ethereum,txcosts_median_usd,0.7715145521742734
2022-11-29,ethereum,txcosts_median_usd,0.7407580529930757
2022-11-30,ethereum,txcosts_median_usd,0.8523939807691259
2022-12-01,ethereum,txcosts_median_usd,0.9503987913317602
2022-12-02,ethereum,txcosts_median_usd,0.8484295138248102
2022-12-03,ethereum,txcosts_median_usd,0.8464797344023506
2022-12-04,ethereum,txcosts_median_usd,0.8064568455067167
2022-12-05,ethereum,txcosts_median_usd,1.0006924357054943
2022-12-06,ethereum,txcosts_median_usd,1.050716596611537
2022-12-07,ethereum,txcosts_median_usd,1.1225764471687927
2022-12-08,ethereum,txcosts_median_usd,1.039728961271864
2022-12-09,ethereum,txcosts_median_usd,0.9414884849264495
2022-12-10,ethereum,txcosts_median_usd,0.9843317086567862
2022-12-11,ethereum,txcosts_median_usd,1.0248055214089271
2022-12-12,ethereum,txcosts_median_usd,0.9965656499412427
2022-12-13,ethereum,txcosts_median_usd,1.1711738244546142
2022-12-14,ethereum,txcosts_median_usd,1.1103708696651429
2022-12-15,ethereum,txcosts_median_usd,1.2288709032175018
2022-12-16,ethereum,txcosts_median_usd,1.1566199721869206
2022-12-17,ethereum,txcosts_median_usd,0.9097875135901992
2022-12-18,ethereum,txcosts_median_usd,0.9798097346982958
2022-12-19,ethereum,txcosts_median_usd,0.9995616091844899
2022-12-20,ethereum,txcosts_median_usd,1.0603273201521464
2022-12-21,ethereum,txcosts_median_usd,1.0343903105021766
2022-12-22,ethereum,txcosts_median_usd,1.0079633266830716
2022-12-23,ethereum,txcosts_median_usd,0.8759996803701263
2022-12-24,ethereum,txcosts_median_usd,0.7666886199874435
2022-12-25,ethereum,txcosts_median_usd,0.7718219982098913
2022-12-26,ethereum,txcosts_median_usd,0.8125607660319797
2022-12-27,ethereum,txcosts_median_usd,1.060820555280162
2022-12-28,ethereum,txcosts_median_usd,1.0868932826992719
2022-12-29,ethereum,txcosts_median_usd,1.133884453035054
2022-12-30,ethereum,txcosts_median_usd,1.1150100548762472
2022-12-31,ethereum,txcosts_median_usd,1.0799881605730446
2023-01-01,ethereum,txcosts_median_usd,1.0692483790522582
2023-01-02,ethereum,txcosts_median_usd,1.1824925200266794
2023-01-03,ethereum,txcosts_median_usd,1.2939741095142834
2023-01-04,ethereum,txcosts_median_usd,1.2476005829904209
2023-01-05,ethereum,txcosts_median_usd,1.2437490842449967
2023-01-06,ethereum,txcosts_median_usd,1.3871505110023115
2023-01-07,ethereum,txcosts_median_usd,1.063616399405253
2023-01-08,ethereum,txcosts_median_usd,0.8568237822418062
2023-01-09,ethereum,txcosts_median_usd,1.463093786745052
2023-01-10,ethereum,txcosts_median_usd,1.5114542893342595
2023-01-11,ethereum,txcosts_median_usd,1.5491736530236322
2023-01-12,ethereum,txcosts_median_usd,1.5535032385005723
2023-01-13,ethereum,txcosts_median_usd,1.873193904183284
2023-01-14,ethereum,txcosts_median_usd,1.6798668892567206
2023-01-15,ethereum,txcosts_median_usd,1.5654963954761416
2023-01-16,ethereum,txcosts_median_usd,1.7443096165578535
2023-01-17,ethereum,txcosts_median_usd,1.9356027771628417
2023-01-18,ethereum,txcosts_median_usd,1.9875766603675493
2023-01-19,ethereum,txcosts_median_usd,1.6408112773302879
2023-01-20,ethereum,txcosts_median_usd,1.7145152435413156
2023-01-21,ethereum,txcosts_median_usd,1.566572920909265
2023-01-22,ethereum,txcosts_median_usd,1.4546738973323592
2023-01-23,ethereum,txcosts_median_usd,1.6874436696753632
2023-01-24,ethereum,txcosts_median_usd,1.8650234118953037
2023-01-25,ethereum,txcosts_median_usd,1.7098270834654519
2023-01-26,ethereum,txcosts_median_usd,1.7985347084258339
2023-01-27,ethereum,txcosts_median_usd,1.6169464346448583
2023-01-28,ethereum,txcosts_median_usd,1.3775906305108139
2023-01-29,ethereum,txcosts_median_usd,1.667359181158095
2023-01-30,ethereum,txcosts_median_usd,1.6547625100285834
2023-01-31,ethereum,txcosts_median_usd,1.9866598621746752
2023-02-01,ethereum,txcosts_median_usd,1.8943795873971152
2023-02-02,ethereum,txcosts_median_usd,2.3665796382385005
2023-02-03,ethereum,txcosts_median_usd,2.5424596424119534
2023-02-04,ethereum,txcosts_median_usd,2.074021516415158
2023-02-05,ethereum,txcosts_median_usd,1.7748089329440844
2023-02-06,ethereum,txcosts_median_usd,2.10481051548874
2023-02-07,ethereum,txcosts_median_usd,2.6105380152357527
2023-02-08,ethereum,txcosts_median_usd,2.909515008447416
2023-02-09,ethereum,txcosts_median_usd,3.0174042165991852
2023-02-10,ethereum,txcosts_median_usd,2.091002497568354
2023-02-11,ethereum,txcosts_median_usd,1.5567464953617323
2023-02-12,ethereum,txcosts_median_usd,1.508132531963122
2023-02-13,ethereum,txcosts_median_usd,1.9745156743184133
2023-02-14,ethereum,txcosts_median_usd,2.277185422085607
2023-02-15,ethereum,txcosts_median_usd,3.0397940011783278
2023-02-16,ethereum,txcosts_median_usd,3.2201071483291304
2023-02-17,ethereum,txcosts_median_usd,2.792131131254665
2023-02-18,ethereum,txcosts_median_usd,2.3123505926695973
2023-02-19,ethereum,txcosts_median_usd,2.2675117846319024
2023-02-20,ethereum,txcosts_median_usd,2.5918293928498066
2023-02-21,ethereum,txcosts_median_usd,2.6614377016475803
2023-02-22,ethereum,txcosts_median_usd,2.7348851740348548
2023-02-23,ethereum,txcosts_median_usd,2.8750317642461845
2023-02-24,ethereum,txcosts_median_usd,2.4959889977648033
2023-02-25,ethereum,txcosts_median_usd,1.9509847320594276
2023-02-26,ethereum,txcosts_median_usd,1.88493385456583
2023-02-27,ethereum,txcosts_median_usd,2.015232268165326
2023-02-28,ethereum,txcosts_median_usd,2.1129091664221415
2023-03-01,ethereum,txcosts_median_usd,2.5501387432010154
2023-03-02,ethereum,txcosts_median_usd,2.355568172125425
2023-03-03,ethereum,txcosts_median_usd,2.4159009992067846
2023-03-04,ethereum,txcosts_median_usd,2.0019970510553478
2023-03-05,ethereum,txcosts_median_usd,2.2304383263355634
2023-03-06,ethereum,txcosts_median_usd,2.824687005553134
2023-03-07,ethereum,txcosts_median_usd,2.6720483587872788
2023-03-08,ethereum,txcosts_median_usd,2.7600553453759282
2023-03-09,ethereum,txcosts_median_usd,2.8532348419230145
2023-03-10,ethereum,txcosts_median_usd,2.3540827172681853
2023-03-11,ethereum,txcosts_median_usd,5.241463047618948
2023-03-12,ethereum,txcosts_median_usd,1.8208128767649883
2023-03-13,ethereum,txcosts_median_usd,2.243990758140277
2023-03-14,ethereum,txcosts_median_usd,2.4054541403681
2023-03-15,ethereum,txcosts_median_usd,2.3902616109775994
2023-03-16,ethereum,txcosts_median_usd,2.17669866359428
2023-03-17,ethereum,txcosts_median_usd,2.018583588781683
2023-03-18,ethereum,txcosts_median_usd,1.6530811342165497
2023-03-19,ethereum,txcosts_median_usd,1.6710380234302742
2023-03-20,ethereum,txcosts_median_usd,1.8106133804605062
2023-03-21,ethereum,txcosts_median_usd,1.6386335788032538
2023-03-22,ethereum,txcosts_median_usd,1.7542521151636405
2023-03-23,ethereum,txcosts_median_usd,1.8609283115130424
2023-03-24,ethereum,txcosts_median_usd,2.053499477272992
2023-03-25,ethereum,txcosts_median_usd,1.678227799481763
2023-03-26,ethereum,txcosts_median_usd,1.7328930439567056
2023-03-27,ethereum,txcosts_median_usd,2.458416989337747
2023-03-28,ethereum,txcosts_median_usd,2.34715081817204
2023-03-29,ethereum,txcosts_median_usd,2.642604171692478
2023-03-30,ethereum,txcosts_median_usd,2.7451669066921225
2023-03-31,ethereum,txcosts_median_usd,2.429055314401354
2023-04-01,ethereum,txcosts_median_usd,2.1545096364704586
2023-04-02,ethereum,txcosts_median_usd,2.056029623856795
2023-04-03,ethereum,txcosts_median_usd,2.615603507856102
2023-04-04,ethereum,txcosts_median_usd,2.7904686622478874
2023-04-05,ethereum,txcosts_median_usd,3.2864135201712026
2023-04-06,ethereum,txcosts_median_usd,2.885672579099854
2023-04-07,ethereum,txcosts_median_usd,2.362570011234382
2023-04-08,ethereum,txcosts_median_usd,2.2008031064583604
2023-04-09,ethereum,txcosts_median_usd,1.903082348295708
2023-04-10,ethereum,txcosts_median_usd,2.2340468058488505
2023-04-11,ethereum,txcosts_median_usd,2.5195991881544657
2023-04-12,ethereum,txcosts_median_usd,2.2996887383531233
2023-04-13,ethereum,txcosts_median_usd,3.1222164275212543
2023-04-14,ethereum,txcosts_median_usd,2.9173624509272087
2023-04-15,ethereum,txcosts_median_usd,2.5378372697315763
2023-04-16,ethereum,txcosts_median_usd,2.7342202004844713
2023-04-17,ethereum,txcosts_median_usd,3.6395904606297242
2023-04-18,ethereum,txcosts_median_usd,5.359544717891464
2023-04-19,ethereum,txcosts_median_usd,7.976855660539609
2023-04-20,ethereum,txcosts_median_usd,6.479588514287645
2023-04-21,ethereum,txcosts_median_usd,3.970936498967983
2023-04-22,ethereum,txcosts_median_usd,3.810918639807914
2023-04-23,ethereum,txcosts_median_usd,4.420156261635683
2023-04-24,ethereum,txcosts_median_usd,4.508116949663102
2023-04-25,ethereum,txcosts_median_usd,3.7218526492428476
2023-04-26,ethereum,txcosts_median_usd,3.8468580620617296
2023-04-27,ethereum,txcosts_median_usd,3.53178530757108
2023-04-28,ethereum,txcosts_median_usd,3.7325178147926352
2023-04-29,ethereum,txcosts_median_usd,3.5563851698454805
2023-04-30,ethereum,txcosts_median_usd,4.6411158778442445
2023-05-01,ethereum,txcosts_median_usd,7.186441900710031
2023-05-02,ethereum,txcosts_median_usd,8.060174605899073
2023-05-03,ethereum,txcosts_median_usd,7.142892239805173
2023-05-04,ethereum,txcosts_median_usd,7.739812305509352
2023-05-05,ethereum,txcosts_median_usd,12.394865897695112
2023-05-06,ethereum,txcosts_median_usd,14.509362377613835
2023-05-07,ethereum,txcosts_median_usd,11.937945428098132
2023-05-08,ethereum,txcosts_median_usd,10.748527071176003
2023-05-09,ethereum,txcosts_median_usd,8.795397913924084
2023-05-10,ethereum,txcosts_median_usd,9.184142334393732
2023-05-11,ethereum,txcosts_median_usd,9.862791695087035
2023-05-12,ethereum,txcosts_median_usd,6.133740811021262
2023-05-13,ethereum,txcosts_median_usd,4.209045299001532
2023-05-14,ethereum,txcosts_median_usd,4.4679616848001755
2023-05-15,ethereum,txcosts_median_usd,5.664337776544772
2023-05-16,ethereum,txcosts_median_usd,5.390510500065033
2023-05-17,ethereum,txcosts_median_usd,4.927745618917375
2023-05-18,ethereum,txcosts_median_usd,5.052645951182802
2023-05-19,ethereum,txcosts_median_usd,4.40174438128262
2023-05-20,ethereum,txcosts_median_usd,2.9661227068915257
2023-05-21,ethereum,txcosts_median_usd,3.219994155987467
2023-05-22,ethereum,txcosts_median_usd,4.4581820975334345
2023-05-23,ethereum,txcosts_median_usd,5.091014949699853
2023-05-24,ethereum,txcosts_median_usd,4.358016251597687
2023-05-25,ethereum,txcosts_median_usd,3.5381863969177028
2023-05-26,ethereum,txcosts_median_usd,3.0929767118306697
2023-05-27,ethereum,txcosts_median_usd,2.552328355774191
2023-05-28,ethereum,txcosts_median_usd,3.0487985351951323
2023-05-29,ethereum,txcosts_median_usd,3.7736773616563224
2023-05-30,ethereum,txcosts_median_usd,4.472464520843343
2023-05-31,ethereum,txcosts_median_usd,3.835782185119596
2023-06-01,ethereum,txcosts_median_usd,4.097278049802162
2023-06-02,ethereum,txcosts_median_usd,2.8274763635219036
2023-06-03,ethereum,txcosts_median_usd,2.4609280334054846
2023-06-04,ethereum,txcosts_median_usd,2.378056672984094
2023-06-05,ethereum,txcosts_median_usd,2.918674722247068
2023-06-06,ethereum,txcosts_median_usd,2.4438222198591295
2023-06-07,ethereum,txcosts_median_usd,2.295484585856981
2023-06-08,ethereum,txcosts_median_usd,2.428833666619441
2023-06-09,ethereum,txcosts_median_usd,1.9175256954135294
2023-06-10,ethereum,txcosts_median_usd,1.8422027228621276
2023-06-11,ethereum,txcosts_median_usd,1.425684647028303
2023-06-12,ethereum,txcosts_median_usd,1.6556380871399723
2023-06-13,ethereum,txcosts_median_usd,1.5566096205795776
2023-06-14,ethereum,txcosts_median_usd,1.929599590104115
2023-06-15,ethereum,txcosts_median_usd,1.701750039088298
2023-06-16,ethereum,txcosts_median_usd,1.5778459987615965
2023-06-17,ethereum,txcosts_median_usd,1.5276727636395857
2023-06-18,ethereum,txcosts_median_usd,1.17384947491538
2023-06-19,ethereum,txcosts_median_usd,1.5650923923578726
2023-06-20,ethereum,txcosts_median_usd,1.5133040620960614
2023-06-21,ethereum,txcosts_median_usd,1.7869832695888639
2023-06-22,ethereum,txcosts_median_usd,1.6693136917230014
2023-06-23,ethereum,txcosts_median_usd,1.8065838932929432
2023-06-24,ethereum,txcosts_median_usd,1.3029078934012335
2023-06-25,ethereum,txcosts_median_usd,1.2249988062042303
2023-06-26,ethereum,txcosts_median_usd,1.423667048748368
2023-06-27,ethereum,txcosts_median_usd,1.5608467960412469
2023-06-28,ethereum,txcosts_median_usd,1.9024336790850096
2023-06-29,ethereum,txcosts_median_usd,2.9577985295636604
2023-06-30,ethereum,txcosts_median_usd,2.527869824060105
2023-07-01,ethereum,txcosts_median_usd,1.77674219321792
2023-07-02,ethereum,txcosts_median_usd,1.5432701658969041
2023-07-03,ethereum,txcosts_median_usd,1.9396681427820122
2023-07-04,ethereum,txcosts_median_usd,2.226648683612045
2023-07-05,ethereum,txcosts_median_usd,4.699380557066225
2023-07-06,ethereum,txcosts_median_usd,3.7455167311779407
2023-07-07,ethereum,txcosts_median_usd,3.066176427129164
2023-07-08,ethereum,txcosts_median_usd,1.9038501188476493
2023-07-09,ethereum,txcosts_median_usd,1.8152139474109592
2023-07-10,ethereum,txcosts_median_usd,1.9880192881394132
2023-07-11,ethereum,txcosts_median_usd,2.0513561095315036
2023-07-12,ethereum,txcosts_median_usd,2.5227480214805658
2023-07-13,ethereum,txcosts_median_usd,2.7329117514459607
2023-07-14,ethereum,txcosts_median_usd,2.3502997925375415
2023-07-15,ethereum,txcosts_median_usd,1.538537968066504
2023-07-16,ethereum,txcosts_median_usd,1.750816880068955
2023-07-17,ethereum,txcosts_median_usd,2.3230040327500503
2023-07-18,ethereum,txcosts_median_usd,2.9580363218390797
2023-07-19,ethereum,txcosts_median_usd,2.4515863920219534
2023-07-20,ethereum,txcosts_median_usd,2.701608707605115
2023-07-21,ethereum,txcosts_median_usd,2.541440219463298
2023-07-22,ethereum,txcosts_median_usd,2.054262972787876
2023-07-23,ethereum,txcosts_median_usd,2.1634368013591674
2023-07-24,ethereum,txcosts_median_usd,3.188229036272537
2023-07-25,ethereum,txcosts_median_usd,3.0912125586984827
2023-07-26,ethereum,txcosts_median_usd,2.58534140308461
2023-07-27,ethereum,txcosts_median_usd,3.0274073661777186
2023-07-28,ethereum,txcosts_median_usd,3.0677214813158384
2023-07-29,ethereum,txcosts_median_usd,2.3533327814737537
2023-07-30,ethereum,txcosts_median_usd,1.7518583040327314
2023-07-31,ethereum,txcosts_median_usd,2.078723405862796
2023-08-01,ethereum,txcosts_median_usd,2.1169172569231445
2023-08-02,ethereum,txcosts_median_usd,2.385201955534639
2023-08-03,ethereum,txcosts_median_usd,2.0677407652152393
2023-08-04,ethereum,txcosts_median_usd,1.7555305034370172
2023-08-05,ethereum,txcosts_median_usd,1.40501991026387
2023-08-06,ethereum,txcosts_median_usd,1.3615660376504106
2023-08-07,ethereum,txcosts_median_usd,2.129937229798863
2023-08-08,ethereum,txcosts_median_usd,2.087579939526665
2023-08-09,ethereum,txcosts_median_usd,1.999865361128836
2023-08-10,ethereum,txcosts_median_usd,2.218987338250403
2023-08-11,ethereum,txcosts_median_usd,1.8843529400528654
2023-08-12,ethereum,txcosts_median_usd,1.516328416154745
2023-08-13,ethereum,txcosts_median_usd,1.551609568442683
2023-08-14,ethereum,txcosts_median_usd,2.066424768138444
2023-08-15,ethereum,txcosts_median_usd,2.3968470687434236
2023-08-16,ethereum,txcosts_median_usd,2.8247334537285504
2023-08-17,ethereum,txcosts_median_usd,3.033101764176907
2023-08-18,ethereum,txcosts_median_usd,2.0950303887143353
2023-08-19,ethereum,txcosts_median_usd,1.383394682802843
2023-08-20,ethereum,txcosts_median_usd,1.4780858741653853
2023-08-21,ethereum,txcosts_median_usd,2.07499170516256
2023-08-22,ethereum,txcosts_median_usd,2.6658984175638882
2023-08-23,ethereum,txcosts_median_usd,1.9512545985062142
2023-08-24,ethereum,txcosts_median_usd,1.8639103437455777
2023-08-25,ethereum,txcosts_median_usd,2.132255331270243
2023-08-26,ethereum,txcosts_median_usd,1.2388880400666082
2023-08-27,ethereum,txcosts_median_usd,1.2456731118091726
2023-08-28,ethereum,txcosts_median_usd,2.467881824717562
2023-08-29,ethereum,txcosts_median_usd,2.7670180716032577
2023-08-30,ethereum,txcosts_median_usd,2.1955968813641893
2023-08-31,ethereum,txcosts_median_usd,2.0088339645688262
2023-09-01,ethereum,txcosts_median_usd,1.4866027340871286
2023-09-02,ethereum,txcosts_median_usd,0.9590625531364406
2023-09-03,ethereum,txcosts_median_usd,0.9365491692861969
2023-09-04,ethereum,txcosts_median_usd,1.4541624140800646
2023-09-05,ethereum,txcosts_median_usd,1.4353555407429357
2023-09-06,ethereum,txcosts_median_usd,1.539553517042425
2023-09-07,ethereum,txcosts_median_usd,1.5549944747917503
2023-09-08,ethereum,txcosts_median_usd,1.300000666794596
2023-09-09,ethereum,txcosts_median_usd,1.0393452511165038
2023-09-10,ethereum,txcosts_median_usd,0.9432892921357167
2023-09-11,ethereum,txcosts_median_usd,1.4148571392850058
2023-09-12,ethereum,txcosts_median_usd,1.08074781227306
2023-09-13,ethereum,txcosts_median_usd,0.9651283672214076
2023-09-14,ethereum,txcosts_median_usd,1.3994844119447094
2023-09-15,ethereum,txcosts_median_usd,1.3692951999205178
2023-09-16,ethereum,txcosts_median_usd,0.9696847630259456
2023-09-17,ethereum,txcosts_median_usd,0.8730573555323425
2023-09-18,ethereum,txcosts_median_usd,1.320832589048462
2023-09-19,ethereum,txcosts_median_usd,1.133804116933558
2023-09-20,ethereum,txcosts_median_usd,1.2436788822011657
2023-09-21,ethereum,txcosts_median_usd,1.3534015819437717
2023-09-22,ethereum,txcosts_median_usd,0.8654181719743874
2023-09-23,ethereum,txcosts_median_usd,0.7176201055702068
2023-09-24,ethereum,txcosts_median_usd,0.727207477783557
2023-09-25,ethereum,txcosts_median_usd,1.0966800332971687
2023-09-26,ethereum,txcosts_median_usd,1.2808422505097412
2023-09-27,ethereum,txcosts_median_usd,0.9646925137345258
2023-09-28,ethereum,txcosts_median_usd,0.9406550076120767
2023-09-29,ethereum,txcosts_median_usd,0.8517029007941328
2023-09-30,ethereum,txcosts_median_usd,0.7754568119768503
2023-10-01,ethereum,txcosts_median_usd,0.7452844160824947
2023-10-02,ethereum,txcosts_median_usd,1.4748595571458512
2023-10-03,ethereum,txcosts_median_usd,1.0427180616406166
2023-10-04,ethereum,txcosts_median_usd,0.8828564252578153
2023-10-05,ethereum,txcosts_median_usd,0.8000600085120254
2023-10-06,ethereum,txcosts_median_usd,0.721086586843892
2023-10-07,ethereum,txcosts_median_usd,0.5830545727753912
2023-10-08,ethereum,txcosts_median_usd,0.5999807841616035
2023-10-09,ethereum,txcosts_median_usd,0.7408714236292467
2023-10-10,ethereum,txcosts_median_usd,0.6687654457449401
2023-10-11,ethereum,txcosts_median_usd,0.6977975258467178
2023-10-12,ethereum,txcosts_median_usd,0.7165666785536332
2023-10-13,ethereum,txcosts_median_usd,0.6785753871839811
2023-10-14,ethereum,txcosts_median_usd,0.5038670004442809
2023-10-15,ethereum,txcosts_median_usd,0.5494386641642528
2023-10-16,ethereum,txcosts_median_usd,0.8740101201916114
2023-10-17,ethereum,txcosts_median_usd,0.8088846320685021
2023-10-18,ethereum,txcosts_median_usd,0.8308209767276826
2023-10-19,ethereum,txcosts_median_usd,0.8655339366907734
2023-10-20,ethereum,txcosts_median_usd,1.0575278699000688
2023-10-21,ethereum,txcosts_median_usd,0.7310348781376222
2023-10-22,ethereum,txcosts_median_usd,0.7489235085543258
2023-10-23,ethereum,txcosts_median_usd,1.681972794754789
2023-10-24,ethereum,txcosts_median_usd,2.29968574434159
2023-10-25,ethereum,txcosts_median_usd,2.112997409767066
2023-10-26,ethereum,txcosts_median_usd,2.2102960278311925
2023-10-27,ethereum,txcosts_median_usd,1.8045332991024294
2023-10-28,ethereum,txcosts_median_usd,1.3987905613078204
2023-10-29,ethereum,txcosts_median_usd,1.2442513559843213
2023-10-30,ethereum,txcosts_median_usd,2.042427503102438
2023-10-31,ethereum,txcosts_median_usd,2.232864366810017
2023-11-01,ethereum,txcosts_median_usd,2.2167858862384007
2023-11-02,ethereum,txcosts_median_usd,2.5160805507210586
2023-11-03,ethereum,txcosts_median_usd,1.8962339338043728
2023-11-04,ethereum,txcosts_median_usd,1.5699967246653945
2023-11-05,ethereum,txcosts_median_usd,1.8730443464536224
2023-11-06,ethereum,txcosts_median_usd,2.9110239669363844
2023-11-07,ethereum,txcosts_median_usd,2.701459427703079
2023-11-08,ethereum,txcosts_median_usd,3.05836094212694
2023-11-09,ethereum,txcosts_median_usd,4.142832059232445
2023-11-10,ethereum,txcosts_median_usd,4.0148734616298105
2023-11-11,ethereum,txcosts_median_usd,2.858956996942346
2023-11-12,ethereum,txcosts_median_usd,2.802345208535369
2023-11-13,ethereum,txcosts_median_usd,4.722391715373753
2023-11-14,ethereum,txcosts_median_usd,4.002371060416337
2023-11-15,ethereum,txcosts_median_usd,3.4335575312817483
2023-11-16,ethereum,txcosts_median_usd,3.478101799952781
2023-11-17,ethereum,txcosts_median_usd,2.7326418424396235
2023-11-18,ethereum,txcosts_median_usd,1.9753440188868985
2023-11-19,ethereum,txcosts_median_usd,2.120683778241895
2023-11-20,ethereum,txcosts_median_usd,3.573969990250267
2023-11-21,ethereum,txcosts_median_usd,4.172138018002904
2023-11-22,ethereum,txcosts_median_usd,3.4746926288948443
2023-11-23,ethereum,txcosts_median_usd,3.083870289352322
2023-11-24,ethereum,txcosts_median_usd,3.0555215622711476
2023-11-25,ethereum,txcosts_median_usd,2.5235798796940974
2023-11-26,ethereum,txcosts_median_usd,2.767297681816963
2023-11-27,ethereum,txcosts_median_usd,3.5560355720388563
2023-11-28,ethereum,txcosts_median_usd,3.570496509327404
2023-11-29,ethereum,txcosts_median_usd,3.5585768012932686
2023-11-30,ethereum,txcosts_median_usd,4.3161207796798395
2023-12-01,ethereum,txcosts_median_usd,4.1245746575412845
2023-12-02,ethereum,txcosts_median_usd,2.90382445708145
2023-12-03,ethereum,txcosts_median_usd,3.6447473110416584
2023-12-04,ethereum,txcosts_median_usd,4.9176029888428525
2023-12-05,ethereum,txcosts_median_usd,5.530758154382453
2023-12-06,ethereum,txcosts_median_usd,6.203176540091023
2023-12-07,ethereum,txcosts_median_usd,4.930340317041889
2023-12-08,ethereum,txcosts_median_usd,4.508561879433778
2023-12-09,ethereum,txcosts_median_usd,3.6646850137462557
2023-12-10,ethereum,txcosts_median_usd,3.285219508916479
2023-12-11,ethereum,txcosts_median_usd,4.2052381493716355
2023-12-12,ethereum,txcosts_median_usd,4.644690164710454
2023-12-13,ethereum,txcosts_median_usd,4.812039085792597
2023-12-14,ethereum,txcosts_median_usd,4.441678232313689
2023-12-15,ethereum,txcosts_median_usd,5.354518462022039
2023-12-16,ethereum,txcosts_median_usd,4.836749329647397
2023-12-17,ethereum,txcosts_median_usd,3.7020796898095414
2023-12-18,ethereum,txcosts_median_usd,5.345082363547747
2023-12-19,ethereum,txcosts_median_usd,5.379788323163064
2023-12-20,ethereum,txcosts_median_usd,5.043377625173772
2023-12-21,ethereum,txcosts_median_usd,3.881215834287283
2023-12-22,ethereum,txcosts_median_usd,3.119169798313395
2023-12-23,ethereum,txcosts_median_usd,2.3239793302454856
2023-12-24,ethereum,txcosts_median_usd,2.3714371370899534
2023-12-25,ethereum,txcosts_median_usd,2.097405804625035
2023-12-26,ethereum,txcosts_median_usd,1.8812458809889343
2023-12-27,ethereum,txcosts_median_usd,2.6002137358555153
2023-12-28,ethereum,txcosts_median_usd,3.122604334795454
2023-12-29,ethereum,txcosts_median_usd,2.678221460992516
2023-12-30,ethereum,txcosts_median_usd,1.9863126354465541
2023-12-31,ethereum,txcosts_median_usd,1.5244978433803518
2024-01-01,ethereum,txcosts_median_usd,1.2309420317670385
2024-01-02,ethereum,txcosts_median_usd,2.0638610667048236
2024-01-03,ethereum,txcosts_median_usd,3.3946445385593935
2024-01-04,ethereum,txcosts_median_usd,2.3742503515331568
2024-01-05,ethereum,txcosts_median_usd,2.0859722733269113
2024-01-06,ethereum,txcosts_median_usd,1.8104578972221255
2024-01-07,ethereum,txcosts_median_usd,3.529477385877193
2024-01-08,ethereum,txcosts_median_usd,2.4869539678749684
2024-01-09,ethereum,txcosts_median_usd,2.240562227305127
2024-01-10,ethereum,txcosts_median_usd,3.7032376725897778
2024-01-11,ethereum,txcosts_median_usd,3.5530131348600764
2024-01-12,ethereum,txcosts_median_usd,2.7596595786348117
2024-01-13,ethereum,txcosts_median_usd,2.052145779493944
2024-01-14,ethereum,txcosts_median_usd,2.726674986055069
2024-01-15,ethereum,txcosts_median_usd,2.840225092677113
2024-01-16,ethereum,txcosts_median_usd,3.849523757886946
2024-01-17,ethereum,txcosts_median_usd,4.7284637427914324
2024-01-18,ethereum,txcosts_median_usd,4.11634157833187
2024-01-19,ethereum,txcosts_median_usd,3.33766139083509
2024-01-20,ethereum,txcosts_median_usd,2.041601858518239
2024-01-21,ethereum,txcosts_median_usd,1.4817391612845843
2024-01-22,ethereum,txcosts_median_usd,2.1315932819814365
2024-01-23,ethereum,txcosts_median_usd,1.7535108685966136
2024-01-24,ethereum,txcosts_median_usd,1.3785190046225526
2024-01-25,ethereum,txcosts_median_usd,2.5346274053155495
2024-01-26,ethereum,txcosts_median_usd,2.1047018909428545
2024-01-27,ethereum,txcosts_median_usd,1.4520872063894354
2024-01-28,ethereum,txcosts_median_usd,1.3468255999802443
2024-01-29,ethereum,txcosts_median_usd,1.4821804085882442
2024-01-30,ethereum,txcosts_median_usd,2.6501149030920335
2024-01-31,ethereum,txcosts_median_usd,2.6936647293888663
2024-02-01,ethereum,txcosts_median_usd,2.9836422089669976
2024-02-02,ethereum,txcosts_median_usd,2.422254364736981
2024-02-03,ethereum,txcosts_median_usd,2.129860994258682
2024-02-04,ethereum,txcosts_median_usd,1.8313530345440916
2024-02-05,ethereum,txcosts_median_usd,2.0567365222958216
2024-02-06,ethereum,txcosts_median_usd,3.504098309026842
2024-02-07,ethereum,txcosts_median_usd,4.02523643025836
2024-02-08,ethereum,txcosts_median_usd,6.047659466073975
2024-02-09,ethereum,txcosts_median_usd,6.554007849235395
2024-02-10,ethereum,txcosts_median_usd,3.974606310078741
2024-02-11,ethereum,txcosts_median_usd,3.1427532200134167
2024-02-12,ethereum,txcosts_median_usd,4.018095929114746
2024-02-13,ethereum,txcosts_median_usd,3.5242189495718006
2024-02-14,ethereum,txcosts_median_usd,2.9869066176961034
2024-02-15,ethereum,txcosts_median_usd,4.016990299433087
2024-02-16,ethereum,txcosts_median_usd,3.407526430589977
2024-02-17,ethereum,txcosts_median_usd,2.608249662605944
2024-02-18,ethereum,txcosts_median_usd,2.9237372686331207
2024-02-19,ethereum,txcosts_median_usd,4.335567493904886
2024-02-20,ethereum,txcosts_median_usd,4.920054271944874
2024-02-21,ethereum,txcosts_median_usd,5.457600820498291
2024-02-22,ethereum,txcosts_median_usd,6.029705810484108
2024-02-23,ethereum,txcosts_median_usd,5.450460130448686
2024-02-24,ethereum,txcosts_median_usd,3.812213745109281
2024-02-25,ethereum,txcosts_median_usd,3.9197054711984687
2024-02-26,ethereum,txcosts_median_usd,5.266315279566352
2024-02-27,ethereum,txcosts_median_usd,6.686686666488776
2024-02-28,ethereum,txcosts_median_usd,8.111902596070212
2024-02-29,ethereum,txcosts_median_usd,9.718965575867264
2024-03-01,ethereum,txcosts_median_usd,8.038475799001453
2024-03-02,ethereum,txcosts_median_usd,7.522864697137828
2024-03-03,ethereum,txcosts_median_usd,7.790678290277938
2024-03-04,ethereum,txcosts_median_usd,11.942823390251935
2024-03-05,ethereum,txcosts_median_usd,13.384989380033936
2024-03-06,ethereum,txcosts_median_usd,12.07927338208094
2024-03-07,ethereum,txcosts_median_usd,11.320630038085465
2024-03-08,ethereum,txcosts_median_usd,10.229143684485551
2024-03-09,ethereum,txcosts_median_usd,9.517174768235737
2024-03-10,ethereum,txcosts_median_usd,10.688107723307182
2024-03-11,ethereum,txcosts_median_usd,11.253262028017224
2024-03-12,ethereum,txcosts_median_usd,10.58519987466536
2024-03-13,ethereum,txcosts_median_usd,10.610260556352658
2024-03-14,ethereum,txcosts_median_usd,9.265565891024114
2024-03-15,ethereum,txcosts_median_usd,7.023750171054714
2024-03-16,ethereum,txcosts_median_usd,5.497134246571765
2024-03-17,ethereum,txcosts_median_usd,4.560896412323082
2024-03-18,ethereum,txcosts_median_usd,5.907693262427378
2024-03-19,ethereum,txcosts_median_usd,6.354720729048066
2024-03-20,ethereum,txcosts_median_usd,4.832405835159497
2024-03-21,ethereum,txcosts_median_usd,4.815591664764825
2024-03-22,ethereum,txcosts_median_usd,3.83127431082194
2024-03-23,ethereum,txcosts_median_usd,2.7898531906889956
2024-03-24,ethereum,txcosts_median_usd,2.852739481614593
2024-03-25,ethereum,txcosts_median_usd,3.732909014627356
2024-03-26,ethereum,txcosts_median_usd,4.771005185550268
2024-03-27,ethereum,txcosts_median_usd,5.48100461603112
2024-03-28,ethereum,txcosts_median_usd,5.1184610034996165
2024-03-29,ethereum,txcosts_median_usd,4.099016447830184
2024-03-30,ethereum,txcosts_median_usd,3.5524448551088845
2024-03-31,ethereum,txcosts_median_usd,3.3302931232988597
2024-04-01,ethereum,txcosts_median_usd,3.9781840968824564
2024-04-02,ethereum,txcosts_median_usd,5.8219337094851245
2024-04-03,ethereum,txcosts_median_usd,4.7843716042771804
2024-04-04,ethereum,txcosts_median_usd,4.052410407373891
2024-04-05,ethereum,txcosts_median_usd,2.9946146612608597
2024-04-06,ethereum,txcosts_median_usd,2.1525941487057856
2024-04-07,ethereum,txcosts_median_usd,2.5790299708926736
2024-04-08,ethereum,txcosts_median_usd,3.7347970346520496
2024-04-09,ethereum,txcosts_median_usd,4.5823058851003875
2024-04-10,ethereum,txcosts_median_usd,3.2079593190982645
2024-04-11,ethereum,txcosts_median_usd,3.2144800968125913
2024-04-12,ethereum,txcosts_median_usd,3.400816060488132
2024-04-13,ethereum,txcosts_median_usd,3.1635262551098084
2024-04-14,ethereum,txcosts_median_usd,1.8928219159879196
2024-04-15,ethereum,txcosts_median_usd,2.223144537584561
2024-04-16,ethereum,txcosts_median_usd,1.6629733663470376
2024-04-17,ethereum,txcosts_median_usd,2.6758546059906614
2024-04-18,ethereum,txcosts_median_usd,1.7667192672807084
2024-04-19,ethereum,txcosts_median_usd,1.7278073534280063
2024-04-20,ethereum,txcosts_median_usd,1.1888986094659466
2024-04-21,ethereum,txcosts_median_usd,1.2278626124848635
2024-04-22,ethereum,txcosts_median_usd,1.6472037614493151
2024-04-23,ethereum,txcosts_median_usd,1.990719206386946
2024-04-24,ethereum,txcosts_median_usd,2.2188758430895583
2024-04-25,ethereum,txcosts_median_usd,1.7507552889238602
2024-04-26,ethereum,txcosts_median_usd,1.1294052770974294
2024-04-27,ethereum,txcosts_median_usd,0.9664493576420559
2024-04-28,ethereum,txcosts_median_usd,1.1385423009971292
2024-04-29,ethereum,txcosts_median_usd,1.4638115081706549
2024-04-30,ethereum,txcosts_median_usd,1.9804863824964065
2024-05-01,ethereum,txcosts_median_usd,1.4596160897005037
2024-05-02,ethereum,txcosts_median_usd,1.234754670963371
2024-05-03,ethereum,txcosts_median_usd,1.1047971760165882
2024-05-04,ethereum,txcosts_median_usd,0.9572649514620521
2024-05-05,ethereum,txcosts_median_usd,0.9852496275944781
2024-05-06,ethereum,txcosts_median_usd,1.0318124562085083
2024-05-07,ethereum,txcosts_median_usd,0.995375273589149
2024-05-08,ethereum,txcosts_median_usd,0.8240127387427144
2024-05-09,ethereum,txcosts_median_usd,0.7711058692443569
2024-05-10,ethereum,txcosts_median_usd,1.0080644124873137
2024-05-11,ethereum,txcosts_median_usd,0.851556897216668
2024-05-12,ethereum,txcosts_median_usd,0.6496150278144975
2024-05-13,ethereum,txcosts_median_usd,1.159507330813889
2024-05-14,ethereum,txcosts_median_usd,1.05622686134751
2024-05-15,ethereum,txcosts_median_usd,1.038108052859793
2024-05-16,ethereum,txcosts_median_usd,0.8096364859868793
2024-05-17,ethereum,txcosts_median_usd,0.8857410619752061
2024-05-18,ethereum,txcosts_median_usd,0.593124802024244
2024-05-19,ethereum,txcosts_median_usd,0.6142479457205613
2024-05-20,ethereum,txcosts_median_usd,1.6401789601826686
2024-05-21,ethereum,txcosts_median_usd,2.4079775338223666
2024-05-22,ethereum,txcosts_median_usd,1.9600232088355967
2024-05-23,ethereum,txcosts_median_usd,2.148772068660597
2024-05-24,ethereum,txcosts_median_usd,1.570036013496164
2024-05-25,ethereum,txcosts_median_usd,0.9006415561700263
2024-05-26,ethereum,txcosts_median_usd,1.0981104313297472
2024-05-27,ethereum,txcosts_median_usd,2.697707895005818
2024-05-28,ethereum,txcosts_median_usd,3.185782475284509
2024-05-29,ethereum,txcosts_median_usd,2.3057784822828453
2024-05-30,ethereum,txcosts_median_usd,2.4550403227207025
2024-05-31,ethereum,txcosts_median_usd,2.138218130447955
2024-06-01,ethereum,txcosts_median_usd,1.4151171369149245
2024-06-02,ethereum,txcosts_median_usd,1.8345186998591148
2024-06-03,ethereum,txcosts_median_usd,2.4626082156925286
2024-06-04,ethereum,txcosts_median_usd,1.8710810430273919
2024-06-05,ethereum,txcosts_median_usd,3.389785282641362
2024-06-06,ethereum,txcosts_median_usd,3.6992284882172597
2024-06-07,ethereum,txcosts_median_usd,2.734764348546642
2024-06-08,ethereum,txcosts_median_usd,1.4237472610585302
2024-06-09,ethereum,txcosts_median_usd,1.3175415813723066
2024-06-10,ethereum,txcosts_median_usd,1.851248188959273
2024-06-11,ethereum,txcosts_median_usd,2.4534897852190114
2024-06-12,ethereum,txcosts_median_usd,2.76012329257277
2024-06-13,ethereum,txcosts_median_usd,2.3099539316820428
2024-06-14,ethereum,txcosts_median_usd,1.6722211363056187
2024-06-15,ethereum,txcosts_median_usd,0.9153492821926814
2024-06-16,ethereum,txcosts_median_usd,0.7842957634567721
2024-06-17,ethereum,txcosts_median_usd,1.291602325335153
2024-06-18,ethereum,txcosts_median_usd,1.6354446697083396
2024-06-19,ethereum,txcosts_median_usd,1.358572144697171
2024-06-20,ethereum,txcosts_median_usd,1.8123110342183655
2024-06-21,ethereum,txcosts_median_usd,0.8318057338702451
2024-06-22,ethereum,txcosts_median_usd,0.41033469594301425
2024-06-23,ethereum,txcosts_median_usd,0.5731597637147547
2024-06-24,ethereum,txcosts_median_usd,1.033694283300283
2024-06-25,ethereum,txcosts_median_usd,0.9554367150265465
2024-06-26,ethereum,txcosts_median_usd,0.8167922771040195
2024-06-27,ethereum,txcosts_median_usd,1.1810336138755813
2024-06-28,ethereum,txcosts_median_usd,0.7972919270080464
2024-06-29,ethereum,txcosts_median_usd,0.3941077045835502
2024-06-30,ethereum,txcosts_median_usd,0.5504068839815329
2024-07-01,ethereum,txcosts_median_usd,1.0296090760132453
2024-07-02,ethereum,txcosts_median_usd,0.8871619582455736
2024-07-03,ethereum,txcosts_median_usd,1.483978593888343
2024-07-04,ethereum,txcosts_median_usd,1.2407611661549531
2024-07-05,ethereum,txcosts_median_usd,1.2429858998527201
2024-07-06,ethereum,txcosts_median_usd,0.36950582236361784
2024-07-07,ethereum,txcosts_median_usd,0.37171310317654765
2024-07-08,ethereum,txcosts_median_usd,0.6012452913207403
2024-07-09,ethereum,txcosts_median_usd,0.6829380627442463
2024-07-10,ethereum,txcosts_median_usd,1.1227043385592566
2024-07-11,ethereum,txcosts_median_usd,0.9159912771674886
2024-07-12,ethereum,txcosts_median_usd,0.562662993001768
2024-07-13,ethereum,txcosts_median_usd,0.36112660013776265
2024-07-14,ethereum,txcosts_median_usd,0.6252674930654808
2024-07-15,ethereum,txcosts_median_usd,1.2963487521313715
2024-07-16,ethereum,txcosts_median_usd,1.496738006282777
2024-07-17,ethereum,txcosts_median_usd,1.8703463710041637
2024-07-18,ethereum,txcosts_median_usd,1.9047630776157574
2024-07-19,ethereum,txcosts_median_usd,1.3073337625889625
2024-07-20,ethereum,txcosts_median_usd,0.7336281830041406
2024-07-21,ethereum,txcosts_median_usd,0.8583452615739552
2024-07-22,ethereum,txcosts_median_usd,1.1990377322511077
2024-07-23,ethereum,txcosts_median_usd,0.9662181737367793
2024-07-24,ethereum,txcosts_median_usd,0.8715607787758989
2024-07-25,ethereum,txcosts_median_usd,0.8578365850156153
2024-07-26,ethereum,txcosts_median_usd,0.5173168874370366
2024-07-27,ethereum,txcosts_median_usd,0.6071458110082636
2024-07-28,ethereum,txcosts_median_usd,0.40065385783515856
2024-07-29,ethereum,txcosts_median_usd,0.5777302115933548
2024-07-30,ethereum,txcosts_median_usd,1.240310923805323
2024-07-31,ethereum,txcosts_median_usd,1.2708173118319919
2024-08-01,ethereum,txcosts_median_usd,1.525339021171097
2024-08-02,ethereum,txcosts_median_usd,0.8326852962890336
2024-08-03,ethereum,txcosts_median_usd,0.384149711800248
2024-08-04,ethereum,txcosts_median_usd,0.5109282014627028
2024-08-05,ethereum,txcosts_median_usd,3.5379706841297747
2024-08-06,ethereum,txcosts_median_usd,0.582092916788477
2024-08-07,ethereum,txcosts_median_usd,0.6017814730520267
2024-08-08,ethereum,txcosts_median_usd,0.742323929598104
2024-08-09,ethereum,txcosts_median_usd,0.6569803421090714
2024-08-10,ethereum,txcosts_median_usd,0.2646404002398342
2024-08-11,ethereum,txcosts_median_usd,0.32247510543552194
2024-08-12,ethereum,txcosts_median_usd,0.6951482094220003
2024-08-13,ethereum,txcosts_median_usd,0.43266613880325966
2024-08-14,ethereum,txcosts_median_usd,0.40708059321168805
2024-08-15,ethereum,txcosts_median_usd,0.5529685970691199
2024-08-16,ethereum,txcosts_median_usd,0.2905575776132712
2024-08-17,ethereum,txcosts_median_usd,0.21277502525192582
2024-08-18,ethereum,txcosts_median_usd,0.24673204737885557
2024-08-19,ethereum,txcosts_median_usd,0.330978084356042
2024-08-20,ethereum,txcosts_median_usd,0.3153572343122879
2024-08-21,ethereum,txcosts_median_usd,0.31104421206969507
2024-08-22,ethereum,txcosts_median_usd,0.2511208299981187
2024-08-23,ethereum,txcosts_median_usd,0.29030061752862857
2024-08-24,ethereum,txcosts_median_usd,0.2126179210128727
2024-08-25,ethereum,txcosts_median_usd,0.2035305192239715
2024-08-26,ethereum,txcosts_median_usd,0.35843877539738483
2024-08-27,ethereum,txcosts_median_usd,0.29402469523658287
2024-08-28,ethereum,txcosts_median_usd,0.26618411976480316
2024-08-29,ethereum,txcosts_median_usd,0.27788228843766305
2024-08-30,ethereum,txcosts_median_usd,0.232408223359433
2024-08-31,ethereum,txcosts_median_usd,0.15808049047431658
2024-09-01,ethereum,txcosts_median_usd,0.15905736985435998
2024-09-02,ethereum,txcosts_median_usd,0.48455998989621846
2024-09-03,ethereum,txcosts_median_usd,0.3084974426760718
2024-09-04,ethereum,txcosts_median_usd,0.505619595703004
2024-09-05,ethereum,txcosts_median_usd,0.5512788188059835
2024-09-06,ethereum,txcosts_median_usd,0.6652597052211757
2024-09-07,ethereum,txcosts_median_usd,0.25657933765364754
2024-09-08,ethereum,txcosts_median_usd,0.18122558369794836
2024-09-09,ethereum,txcosts_median_usd,0.5761890450735602
2024-09-10,ethereum,txcosts_median_usd,0.6692915429723982
2024-09-11,ethereum,txcosts_median_usd,0.3997014554139132
2024-09-12,ethereum,txcosts_median_usd,0.48854494248497093
2024-09-13,ethereum,txcosts_median_usd,0.40137436047994096
2024-09-14,ethereum,txcosts_median_usd,0.27220429953070596
2024-09-15,ethereum,txcosts_median_usd,0.2576278945621329
2024-09-16,ethereum,txcosts_median_usd,0.8498463271421643
2024-09-17,ethereum,txcosts_median_usd,0.8818195744744609
2024-09-18,ethereum,txcosts_median_usd,1.1545923271267917
2024-09-19,ethereum,txcosts_median_usd,2.1093061837503844
2024-09-20,ethereum,txcosts_median_usd,1.9924968925123814
2024-09-21,ethereum,txcosts_median_usd,1.9333437363558506
2024-09-22,ethereum,txcosts_median_usd,1.8029467470548883
2024-09-23,ethereum,txcosts_median_usd,3.1144182297437655
2024-09-24,ethereum,txcosts_median_usd,3.3456685966196273
2024-09-25,ethereum,txcosts_median_usd,3.0599718355593004
2024-09-26,ethereum,txcosts_median_usd,2.707511087458283
2024-09-27,ethereum,txcosts_median_usd,1.8866961772646131
2024-09-28,ethereum,txcosts_median_usd,1.0722317637428485
2024-09-29,ethereum,txcosts_median_usd,1.2096986387584245
2024-09-30,ethereum,txcosts_median_usd,1.4994124311132924
2024-10-01,ethereum,txcosts_median_usd,2.35012518763741
2024-10-02,ethereum,txcosts_median_usd,1.3516226796635293
2024-10-03,ethereum,txcosts_median_usd,0.9413059154397073
2024-10-04,ethereum,txcosts_median_usd,0.8205068082374515
2024-10-05,ethereum,txcosts_median_usd,0.7763277201109868
2024-10-06,ethereum,txcosts_median_usd,1.1323209808611112
2024-10-07,ethereum,txcosts_median_usd,2.5223523300484354
2024-10-08,ethereum,txcosts_median_usd,2.5966311392306314
2024-10-09,ethereum,txcosts_median_usd,2.6289335949416732
2024-10-10,ethereum,txcosts_median_usd,1.6359685267854982
2024-10-11,ethereum,txcosts_median_usd,2.2693611337020743
2024-10-12,ethereum,txcosts_median_usd,1.6043618047675263
2024-10-13,ethereum,txcosts_median_usd,1.639897325394628
2024-10-14,ethereum,txcosts_median_usd,2.4672359209348556
2024-10-15,ethereum,txcosts_median_usd,2.2023860173414613
2024-10-16,ethereum,txcosts_median_usd,1.8808171642003415
2024-10-17,ethereum,txcosts_median_usd,2.4004642094496407
2024-10-18,ethereum,txcosts_median_usd,2.788100111014905
2024-10-19,ethereum,txcosts_median_usd,1.5159422197365382
2024-10-20,ethereum,txcosts_median_usd,1.2739556001343668
2024-10-21,ethereum,txcosts_median_usd,1.2252888611137334
2024-10-22,ethereum,txcosts_median_usd,1.3022264910592511
2024-10-23,ethereum,txcosts_median_usd,1.4057303426664953
2024-10-24,ethereum,txcosts_median_usd,1.2766746171227528
2024-10-25,ethereum,txcosts_median_usd,0.9623283010735043
2024-10-26,ethereum,txcosts_median_usd,0.6946141841341348
2024-10-27,ethereum,txcosts_median_usd,0.7543042539470274
2024-10-28,ethereum,txcosts_median_usd,1.3192084814590042
2024-10-29,ethereum,txcosts_median_usd,1.4446897984140532
2024-10-30,ethereum,txcosts_median_usd,1.7374877156761148
2024-10-31,ethereum,txcosts_median_usd,1.3041060596322465
2024-11-01,ethereum,txcosts_median_usd,1.0281076569485976
2024-11-02,ethereum,txcosts_median_usd,0.7133877477957745
2024-11-03,ethereum,txcosts_median_usd,0.6728733941019744
2024-11-04,ethereum,txcosts_median_usd,0.7875741185885055
2024-11-05,ethereum,txcosts_median_usd,0.8483745073233577
2024-11-06,ethereum,txcosts_median_usd,2.406506403742821
2024-11-07,ethereum,txcosts_median_usd,2.247997119693731
2024-11-08,ethereum,txcosts_median_usd,1.9426654059476094
2024-11-09,ethereum,txcosts_median_usd,1.5507556460902685
2024-11-10,ethereum,txcosts_median_usd,2.6049162543026014
2024-11-11,ethereum,txcosts_median_usd,3.4652499496987246
2024-11-12,ethereum,txcosts_median_usd,4.542389904698624
2024-11-13,ethereum,txcosts_median_usd,6.290992145977373
2024-11-14,ethereum,txcosts_median_usd,4.466112554380745
2024-11-15,ethereum,txcosts_median_usd,2.6759753377170505
2024-11-16,ethereum,txcosts_median_usd,1.962062216695342
2024-11-17,ethereum,txcosts_median_usd,1.5818023948183928
2024-11-18,ethereum,txcosts_median_usd,2.0129208799766842
2024-11-19,ethereum,txcosts_median_usd,2.154937181112674
2024-11-20,ethereum,txcosts_median_usd,1.7872655307000083
2024-11-21,ethereum,txcosts_median_usd,2.181377902668047
2024-11-22,ethereum,txcosts_median_usd,1.9454552765587092
2024-11-23,ethereum,txcosts_median_usd,1.9798374910348924
2024-11-24,ethereum,txcosts_median_usd,1.571444216822987
2024-11-25,ethereum,txcosts_median_usd,1.8964672808048593
2024-11-26,ethereum,txcosts_median_usd,1.7137491293172338
2024-11-27,ethereum,txcosts_median_usd,2.1098102263754788
2024-11-28,ethereum,txcosts_median_usd,1.771305801180417
2024-11-29,ethereum,txcosts_median_usd,1.71650357793484
2024-11-30,ethereum,txcosts_median_usd,1.7182151622154767
2024-12-01,ethereum,txcosts_median_usd,2.3677662498932226
2024-12-02,ethereum,txcosts_median_usd,3.5815844480991865
2024-12-03,ethereum,txcosts_median_usd,3.921514364748568
2024-12-04,ethereum,txcosts_median_usd,3.9284922941606513
2024-12-05,ethereum,txcosts_median_usd,3.895363503137049
2024-12-06,ethereum,txcosts_median_usd,3.48110723693312
2024-12-07,ethereum,txcosts_median_usd,2.523775810536677
2024-12-08,ethereum,txcosts_median_usd,2.0113098821453685
2024-12-09,ethereum,txcosts_median_usd,4.539279914610723
2024-12-10,ethereum,txcosts_median_usd,3.897972220854102
2024-12-11,ethereum,txcosts_median_usd,2.9587562738071687
2024-12-12,ethereum,txcosts_median_usd,3.1543036680247014
2024-12-13,ethereum,txcosts_median_usd,2.519555379811648
2024-12-14,ethereum,txcosts_median_usd,1.7201668050597867
2024-12-15,ethereum,txcosts_median_usd,1.5821476818305935
2024-12-16,ethereum,txcosts_median_usd,2.76197644700397
2024-12-17,ethereum,txcosts_median_usd,2.773790290231543
2024-12-18,ethereum,txcosts_median_usd,2.9626112082420875
2024-12-19,ethereum,txcosts_median_usd,3.0675250556229514
2024-12-20,ethereum,txcosts_median_usd,2.8371384606560857
2024-12-21,ethereum,txcosts_median_usd,1.340938069491655
2024-12-22,ethereum,txcosts_median_usd,0.9999463301416739
2024-12-23,ethereum,txcosts_median_usd,1.3677423681676855
2024-12-24,ethereum,txcosts_median_usd,1.0273966876904723
2024-12-25,ethereum,txcosts_median_usd,0.8810863075546971
2024-12-26,ethereum,txcosts_median_usd,1.124764397189216
2024-12-27,ethereum,txcosts_median_usd,0.9808067288326029
2024-12-28,ethereum,txcosts_median_usd,0.7883125940579286
2024-12-29,ethereum,txcosts_median_usd,0.7818687857827538
2024-12-30,ethereum,txcosts_median_usd,1.03186130719279
2024-12-31,ethereum,txcosts_median_usd,1.3383222841803128
2025-01-01,ethereum,txcosts_median_usd,2.166261453319209
2025-01-02,ethereum,txcosts_median_usd,2.5442941488568116
2025-01-03,ethereum,txcosts_median_usd,1.83331767648236
2025-01-04,ethereum,txcosts_median_usd,1.5156044509512645
2025-01-05,ethereum,txcosts_median_usd,1.4622775945889985
2025-01-06,ethereum,txcosts_median_usd,2.267966139479244
2025-01-07,ethereum,txcosts_median_usd,1.7325455057604362
2025-01-08,ethereum,txcosts_median_usd,1.3721910244792692
2025-01-09,ethereum,txcosts_median_usd,1.1691834704300776
2025-01-10,ethereum,txcosts_median_usd,0.9607986321503001
2025-01-11,ethereum,txcosts_median_usd,0.5819548143545816
2025-01-12,ethereum,txcosts_median_usd,0.48892079411081024
2025-01-13,ethereum,txcosts_median_usd,1.0827942384182176
2025-01-14,ethereum,txcosts_median_usd,0.8960321569651785
2025-01-15,ethereum,txcosts_median_usd,1.0998376655217745
2025-01-16,ethereum,txcosts_median_usd,1.0887045855963895
2025-01-17,ethereum,txcosts_median_usd,1.2852204098333229
2025-01-18,ethereum,txcosts_median_usd,2.3158772129993466
2025-01-19,ethereum,txcosts_median_usd,4.8855926879396625
2025-01-20,ethereum,txcosts_median_usd,4.524067685345064
2025-01-21,ethereum,txcosts_median_usd,2.0284170410300026
2025-01-22,ethereum,txcosts_median_usd,1.4889618817376291
2025-01-23,ethereum,txcosts_median_usd,1.382078761227847
2025-01-24,ethereum,txcosts_median_usd,1.4614067583451607
2025-01-25,ethereum,txcosts_median_usd,0.8046407994742938
2025-01-26,ethereum,txcosts_median_usd,0.7699053416698411
2025-01-27,ethereum,txcosts_median_usd,1.4392583518396882
2025-01-28,ethereum,txcosts_median_usd,0.8380717761738066
2025-01-29,ethereum,txcosts_median_usd,0.5638888763144916
2025-01-30,ethereum,txcosts_median_usd,0.5541213446747999
2025-01-31,ethereum,txcosts_median_usd,0.6556804910289695
2025-02-01,ethereum,txcosts_median_usd,0.48850778493430935
2025-02-02,ethereum,txcosts_median_usd,0.9159192305530734
2025-02-03,ethereum,txcosts_median_usd,2.30189492578297
2025-02-04,ethereum,txcosts_median_usd,0.4529141669404309
2025-02-05,ethereum,txcosts_median_usd,0.28533998890955353
2025-02-06,ethereum,txcosts_median_usd,0.29468559417802426
2025-02-07,ethereum,txcosts_median_usd,0.24545747485035938
2025-02-08,ethereum,txcosts_median_usd,0.17764499152509633
2025-02-09,ethereum,txcosts_median_usd,0.18172009829695357
2025-02-10,ethereum,txcosts_median_usd,0.1875783837900443
2025-02-11,ethereum,txcosts_median_usd,0.2618156814601763
2025-02-12,ethereum,txcosts_median_usd,0.24501743453803385
2025-02-13,ethereum,txcosts_median_usd,0.2702800757514642
2025-02-14,ethereum,txcosts_median_usd,0.20519795552075887
2025-02-15,ethereum,txcosts_median_usd,0.15596613659534442
2025-02-16,ethereum,txcosts_median_usd,0.1562462656600379
2025-02-17,ethereum,txcosts_median_usd,0.4266977146274606
2025-02-18,ethereum,txcosts_median_usd,0.251150908589564
2025-02-19,ethereum,txcosts_median_usd,0.17670337398667893
2025-02-20,ethereum,txcosts_median_usd,0.18578865347272902
2025-02-21,ethereum,txcosts_median_usd,0.2533311327426784
2025-02-22,ethereum,txcosts_median_usd,0.16879254988751743
2025-02-23,ethereum,txcosts_median_usd,0.1636614151817874
2025-02-24,ethereum,txcosts_median_usd,0.23345335199065922
2025-02-25,ethereum,txcosts_median_usd,0.35964882715042756
2025-02-26,ethereum,txcosts_median_usd,0.2215436163751108
2025-02-27,ethereum,txcosts_median_usd,0.14878336054448293
2025-02-28,ethereum,txcosts_median_usd,0.25979660054198883
2025-03-01,ethereum,txcosts_median_usd,0.13811958375661107
2025-03-02,ethereum,txcosts_median_usd,0.23084601063728327
2025-03-03,ethereum,txcosts_median_usd,0.23441275054836644
2025-03-04,ethereum,txcosts_median_usd,0.2141286011668177
2025-03-05,ethereum,txcosts_median_usd,0.13174781719913403
2025-03-06,ethereum,txcosts_median_usd,0.15583689711682175
2025-03-07,ethereum,txcosts_median_usd,0.16149131865012556
2025-03-08,ethereum,txcosts_median_usd,0.12353467505438949
2025-03-09,ethereum,txcosts_median_usd,0.13838337674444573
2025-03-10,ethereum,txcosts_median_usd,0.2614391280319221
2025-03-11,ethereum,txcosts_median_usd,0.168527641824672
2025-03-12,ethereum,txcosts_median_usd,0.12235923450324972
2025-03-13,ethereum,txcosts_median_usd,0.11334410353502813
2025-03-14,ethereum,txcosts_median_usd,0.09927176734771666
2025-03-15,ethereum,txcosts_median_usd,0.09248994563881083
2025-03-16,ethereum,txcosts_median_usd,0.10500876223599517
2025-03-17,ethereum,txcosts_median_usd,0.10280941470913971
2025-03-18,ethereum,txcosts_median_usd,0.09654427690779831
2025-03-19,ethereum,txcosts_median_usd,0.11725426959444277
2025-03-20,ethereum,txcosts_median_usd,0.10698895640601785
2025-03-21,ethereum,txcosts_median_usd,0.08540593975976879
2025-03-22,ethereum,txcosts_median_usd,0.07618059805069796
2025-03-23,ethereum,txcosts_median_usd,0.08083099324694623
2025-03-24,ethereum,txcosts_median_usd,0.11286402860245537
2025-03-25,ethereum,txcosts_median_usd,0.09799948118386881
2025-03-26,ethereum,txcosts_median_usd,0.10948120799676095
2025-03-27,ethereum,txcosts_median_usd,0.10533765940790743
2025-03-28,ethereum,txcosts_median_usd,0.1061724950900199
2025-03-29,ethereum,txcosts_median_usd,0.09065315977087275
2025-03-30,ethereum,txcosts_median_usd,0.08394956374375219
2025-03-31,ethereum,txcosts_median_usd,0.10501825293079747
2025-04-01,ethereum,txcosts_median_usd,0.12700564455396893
2025-04-02,ethereum,txcosts_median_usd,0.12888422146927994
2025-04-03,ethereum,txcosts_median_usd,0.11943098990934611
2025-04-04,ethereum,txcosts_median_usd,0.09969228129465192
2025-04-05,ethereum,txcosts_median_usd,0.08128485253418966
2025-04-06,ethereum,txcosts_median_usd,0.19329193757239135
2025-04-07,ethereum,txcosts_median_usd,0.23399293959660425
2025-04-08,ethereum,txcosts_median_usd,0.09531806421797269
2025-04-09,ethereum,txcosts_median_usd,0.12085207383617667
2025-04-10,ethereum,txcosts_median_usd,0.14843492238613049
2025-04-11,ethereum,txcosts_median_usd,0.11370565103085893
2025-04-12,ethereum,txcosts_median_usd,0.0982942802274237
2025-04-13,ethereum,txcosts_median_usd,0.09183810517380493
2025-04-14,ethereum,txcosts_median_usd,0.15188665930993303
2025-04-15,ethereum,txcosts_median_usd,0.09769233111185059
2025-04-16,ethereum,txcosts_median_usd,0.07823265706274814
2025-04-17,ethereum,txcosts_median_usd,0.07860571509443187
2025-04-18,ethereum,txcosts_median_usd,0.06969141321775874
2025-04-19,ethereum,txcosts_median_usd,0.06409864284659647
2025-04-20,ethereum,txcosts_median_usd,0.06540136984952426
2025-04-21,ethereum,txcosts_median_usd,0.08043746687338384
2025-04-22,ethereum,txcosts_median_usd,0.16384675215734257
2025-04-23,ethereum,txcosts_median_usd,0.15651635970761393
2025-04-24,ethereum,txcosts_median_usd,0.17823543299583708
2025-04-25,ethereum,txcosts_median_usd,0.14366925060523264
2025-04-26,ethereum,txcosts_median_usd,0.0908684153987513
2025-04-27,ethereum,txcosts_median_usd,0.08345072854575039
2025-04-28,ethereum,txcosts_median_usd,0.09382024394161517
2025-04-29,ethereum,txcosts_median_usd,0.09234099910047701
2025-04-30,ethereum,txcosts_median_usd,0.09447398010669514
2025-05-01,ethereum,txcosts_median_usd,0.11122842482262923
2025-05-02,ethereum,txcosts_median_usd,0.09168773619455
2025-05-03,ethereum,txcosts_median_usd,0.07733995881515222
2025-05-04,ethereum,txcosts_median_usd,0.05867997969270305
2025-05-05,ethereum,txcosts_median_usd,0.07594255594145202
2025-05-06,ethereum,txcosts_median_usd,0.11110566600253713
2025-05-07,ethereum,txcosts_median_usd,0.1251589280584941
2025-05-08,ethereum,txcosts_median_usd,0.6037960163998286
2025-05-09,ethereum,txcosts_median_usd,0.4403065058578016
2025-05-10,ethereum,txcosts_median_usd,0.4811863308350358
2025-05-11,ethereum,txcosts_median_usd,0.5727588264632448
2025-05-12,ethereum,txcosts_median_usd,0.684908054565722
2025-05-13,ethereum,txcosts_median_usd,0.5076820167402941
2025-05-14,ethereum,txcosts_median_usd,0.3288116691833473
2025-05-15,ethereum,txcosts_median_usd,0.37048293897268975
2025-05-16,ethereum,txcosts_median_usd,0.2812658953527048
2025-05-17,ethereum,txcosts_median_usd,0.13975203843699888
2025-05-18,ethereum,txcosts_median_usd,0.1461342822486404
2025-05-19,ethereum,txcosts_median_usd,0.20484953904523637
2025-05-20,ethereum,txcosts_median_usd,0.22851267429143798
2025-05-21,ethereum,txcosts_median_usd,0.28238789852584156
2025-05-22,ethereum,txcosts_median_usd,0.4715535543309092
2025-05-23,ethereum,txcosts_median_usd,0.3195934715855462
2025-05-24,ethereum,txcosts_median_usd,0.13820325246183918
2025-05-25,ethereum,txcosts_median_usd,0.13565360262657722
2025-05-26,ethereum,txcosts_median_usd,0.19876842571568562
2025-05-27,ethereum,txcosts_median_usd,0.4064621633526941
2025-05-28,ethereum,txcosts_median_usd,0.43459673625703227
2025-05-29,ethereum,txcosts_median_usd,0.4754223677322409
2025-05-30,ethereum,txcosts_median_usd,0.4064780932426217
2025-05-31,ethereum,txcosts_median_usd,0.16280078961158653
2025-06-01,ethereum,txcosts_median_usd,0.21594192814884963
2025-06-02,ethereum,txcosts_median_usd,0.3879920052693455
2025-06-03,ethereum,txcosts_median_usd,0.3958579626689586
2025-06-04,ethereum,txcosts_median_usd,0.40323134385036075
2025-06-05,ethereum,txcosts_median_usd,0.4505574652609141
2025-06-06,ethereum,txcosts_median_usd,0.2773542337136503
2025-06-07,ethereum,txcosts_median_usd,0.1645267144008625
2025-06-08,ethereum,txcosts_median_usd,0.13388854682479154
2025-06-09,ethereum,txcosts_median_usd,0.32664243647518126
2025-06-10,ethereum,txcosts_median_usd,0.4785221533351065
2025-06-11,ethereum,txcosts_median_usd,0.434609672718537
2025-06-12,ethereum,txcosts_median_usd,0.36088673035692403
2025-06-13,ethereum,txcosts_median_usd,0.27858169168753055
2025-06-14,ethereum,txcosts_median_usd,0.11074410523131392
2025-06-15,ethereum,txcosts_median_usd,0.11004014618109824
2025-06-16,ethereum,txcosts_median_usd,0.24024758284101394
2025-06-17,ethereum,txcosts_median_usd,0.2213164799672721
2025-06-18,ethereum,txcosts_median_usd,0.16812790897122834
2025-06-19,ethereum,txcosts_median_usd,0.20824701277200983
2025-06-20,ethereum,txcosts_median_usd,0.19258070339684563
2025-06-21,ethereum,txcosts_median_usd,0.1021932471778018
2025-06-22,ethereum,txcosts_median_usd,0.2191650005288472
2025-06-23,ethereum,txcosts_median_usd,0.3804233327915706
2025-06-24,ethereum,txcosts_median_usd,0.4633553105441172
2025-06-25,ethereum,txcosts_median_usd,0.44256147940611307
2025-06-26,ethereum,txcosts_median_usd,0.24846698092764485
2025-06-27,ethereum,txcosts_median_usd,0.17787282619006137
2025-06-28,ethereum,txcosts_median_usd,0.1030782939635264
2025-06-29,ethereum,txcosts_median_usd,0.10918504421208675
2025-06-30,ethereum,txcosts_median_usd,0.2627800635723594
2025-07-01,ethereum,txcosts_median_usd,0.22877240132241278
2025-07-02,ethereum,txcosts_median_usd,0.19870492847859655
2025-07-03,ethereum,txcosts_median_usd,0.18445608464607238
2025-07-04,ethereum,txcosts_median_usd,0.14680550730404107
2025-07-05,ethereum,txcosts_median_usd,0.09979145660633983
2025-07-06,ethereum,txcosts_median_usd,0.10702587531476218
2025-07-07,ethereum,txcosts_median_usd,0.22777426676754864
2025-07-08,ethereum,txcosts_median_usd,0.19265498360274877
2025-07-09,ethereum,txcosts_median_usd,0.3108621968264915
2025-07-10,ethereum,txcosts_median_usd,0.4960625741367488
2025-07-11,ethereum,txcosts_median_usd,0.6238314474373495
2025-07-12,ethereum,txcosts_median_usd,0.19018153000966756
2025-07-13,ethereum,txcosts_median_usd,0.20918454577965528
2025-07-14,ethereum,txcosts_median_usd,0.5647433422109667
2025-07-15,ethereum,txcosts_median_usd,0.3939575267213365
2025-07-16,ethereum,txcosts_median_usd,0.7303850777226321
2025-07-17,ethereum,txcosts_median_usd,0.831792199795364
2025-07-18,ethereum,txcosts_median_usd,0.7412815723256396
2025-07-19,ethereum,txcosts_median_usd,0.24247054060648116
2025-07-20,ethereum,txcosts_median_usd,0.37231564257432825
2025-07-21,ethereum,txcosts_median_usd,0.4221153789686207
2025-07-22,ethereum,txcosts_median_usd,0.31115599410341893
2025-07-23,ethereum,txcosts_median_usd,0.2825377726645438
2025-07-24,ethereum,txcosts_median_usd,0.2224496804091508
2025-07-25,ethereum,txcosts_median_usd,0.17629321982089438
2025-07-26,ethereum,txcosts_median_usd,0.13120919065116188
2025-07-27,ethereum,txcosts_median_usd,0.137238354877342
2025-07-28,ethereum,txcosts_median_usd,0.18956217130979133
2025-07-29,ethereum,txcosts_median_usd,0.32625685048556397
2025-07-30,ethereum,txcosts_median_usd,0.5848079363587734
2025-07-31,ethereum,txcosts_median_usd,0.5378786459868381
2025-08-01,ethereum,txcosts_median_usd,0.17484215760338429
2025-08-02,ethereum,txcosts_median_usd,0.11164159802080786
2025-08-03,ethereum,txcosts_median_usd,0.10211000509202255
2025-08-04,ethereum,txcosts_median_usd,0.14211415048967915
2025-08-05,ethereum,txcosts_median_usd,0.17615703604680194
2025-08-06,ethereum,txcosts_median_usd,0.13739042450427258
2025-08-07,ethereum,txcosts_median_usd,0.17097541475324618
2025-08-08,ethereum,txcosts_median_usd,0.18908587589175369
2025-08-09,ethereum,txcosts_median_usd,0.20999085864566072
2025-08-10,ethereum,txcosts_median_usd,0.18114100681090295
2025-08-11,ethereum,txcosts_median_usd,0.24792517781224774
2025-08-12,ethereum,txcosts_median_usd,0.3416052908774317
2025-08-13,ethereum,txcosts_median_usd,0.4603531648942717
2025-08-14,ethereum,txcosts_median_usd,0.41173678460162627
2025-08-15,ethereum,txcosts_median_usd,0.23385621949007385
2025-08-16,ethereum,txcosts_median_usd,0.12724677786125912
2025-08-17,ethereum,txcosts_median_usd,0.13828248916911803
2025-08-18,ethereum,txcosts_median_usd,0.20984054625831886
2025-08-19,ethereum,txcosts_median_usd,0.19743659891984988
2025-08-20,ethereum,txcosts_median_usd,0.1870670135878671
2025-08-21,ethereum,txcosts_median_usd,0.18188064714825927
2025-08-22,ethereum,txcosts_median_usd,0.29929981878662537
2025-08-23,ethereum,txcosts_median_usd,0.17185332999408717
2025-08-24,ethereum,txcosts_median_usd,0.18993667786707313
2025-08-25,ethereum,txcosts_median_usd,0.21364852440176793
2025-08-26,ethereum,txcosts_median_usd,0.21177292579564827
2025-08-27,ethereum,txcosts_median_usd,0.25935532858546156
2025-08-28,ethereum,txcosts_median_usd,0.2073819273356516
2025-08-29,ethereum,txcosts_median_usd,0.1852757965143807
2025-08-30,ethereum,txcosts_median_usd,0.10801260857440012
2025-08-31,ethereum,txcosts_median_usd,0.09595889213104045
2025-09-01,ethereum,txcosts_median_usd,0.3883588828248714
2025-09-02,ethereum,txcosts_median_usd,0.1413193108489748
2025-09-03,ethereum,txcosts_median_usd,0.16828684724573267
2025-09-04,ethereum,txcosts_median_usd,0.19072223252140594
2025-09-05,ethereum,txcosts_median_usd,0.1523953355688176
2025-09-06,ethereum,txcosts_median_usd,0.1052869572980758
2025-09-07,ethereum,txcosts_median_usd,0.09255061110909879
2025-09-08,ethereum,txcosts_median_usd,0.17371074851462884
2025-09-09,ethereum,txcosts_median_usd,0.14564460800510917
2025-09-10,ethereum,txcosts_median_usd,0.16602477422389209
2025-09-11,ethereum,txcosts_median_usd,0.1211682951702584
2025-09-12,ethereum,txcosts_median_usd,0.15308639928642193
2025-09-13,ethereum,txcosts_median_usd,0.11363373909222681
2025-09-14,ethereum,txcosts_median_usd,0.10403106936138384
2025-09-15,ethereum,txcosts_median_usd,0.24207810157019977
2025-09-16,ethereum,txcosts_median_usd,0.20944135233648575
2025-09-17,ethereum,txcosts_median_usd,0.17225205469764251
2025-09-18,ethereum,txcosts_median_usd,0.31928929560689284
2025-09-19,ethereum,txcosts_median_usd,0.16411964668355597
2025-09-20,ethereum,txcosts_median_usd,0.09836462423041492
2025-09-21,ethereum,txcosts_median_usd,0.09316384812883069
2025-09-22,ethereum,txcosts_median_usd,0.17971787882205165
2025-09-23,ethereum,txcosts_median_usd,0.12073312575664528
2025-09-24,ethereum,txcosts_median_usd,0.1282461301946988
2025-09-25,ethereum,txcosts_median_usd,0.30276867195815677
2025-09-26,ethereum,txcosts_median_usd,0.15981492820762827
2025-09-27,ethereum,txcosts_median_usd,0.11062579145757047
2025-09-28,ethereum,txcosts_median_usd,0.09720035687335044
2025-09-29,ethereum,txcosts_median_usd,0.34642258282089516
2025-09-30,ethereum,txcosts_median_usd,0.20194197883520607
2025-10-01,ethereum,txcosts_median_usd,0.17789224054647695
2025-10-02,ethereum,txcosts_median_usd,0.1862338742654254
2025-10-03,ethereum,txcosts_median_usd,0.16568307143837552
2025-10-04,ethereum,txcosts_median_usd,0.09720634502726236
2025-10-05,ethereum,txcosts_median_usd,0.10473840418620158
2025-10-06,ethereum,txcosts_median_usd,0.21225252749469325
2025-10-07,ethereum,txcosts_median_usd,0.21087927279439622
2025-10-08,ethereum,txcosts_median_usd,0.14079420576679566
2025-10-09,ethereum,txcosts_median_usd,0.17722791255224649
2025-10-10,ethereum,txcosts_median_usd,0.2723239798592211
2025-10-11,ethereum,txcosts_median_usd,0.33854569320683164
2025-10-12,ethereum,txcosts_median_usd,0.1495446212095814
2025-10-13,ethereum,txcosts_median_usd,0.17065568053136695
2025-10-14,ethereum,txcosts_median_usd,0.18935891654423506
2025-10-15,ethereum,txcosts_median_usd,0.16188187827217917
2025-10-16,ethereum,txcosts_median_usd,0.15699623212115957
2025-10-17,ethereum,txcosts_median_usd,0.2734288365310218
2025-10-18,ethereum,txcosts_median_usd,0.08045612769254917
2025-10-19,ethereum,txcosts_median_usd,0.08245776419001119
2025-10-20,ethereum,txcosts_median_usd,0.08523150536662691
2025-10-21,ethereum,txcosts_median_usd,0.11082675776891805
2025-10-22,ethereum,txcosts_median_usd,0.09322029289709047
2025-10-23,ethereum,txcosts_median_usd,0.07253777639914799
2025-10-24,ethereum,txcosts_median_usd,0.08872142977093954
2025-10-25,ethereum,txcosts_median_usd,0.054136899556128756
2025-10-26,ethereum,txcosts_median_usd,0.06816027783243657
2025-10-27,ethereum,txcosts_median_usd,0.14598129599736503
2025-10-28,ethereum,txcosts_median_usd,0.09090381464481123
2025-10-29,ethereum,txcosts_median_usd,0.11622990173406736
2025-10-30,ethereum,txcosts_median_usd,0.16379092533526635
2025-10-31,ethereum,txcosts_median_usd,0.08124162413646191
2025-11-01,ethereum,txcosts_median_usd,0.04715480243141357
2025-11-02,ethereum,txcosts_median_usd,0.05512274864283822
2025-11-03,ethereum,txcosts_median_usd,0.21311766993383274
2025-11-04,ethereum,txcosts_median_usd,0.372386999625251
2025-11-05,ethereum,txcosts_median_usd,0.16418654310817699
2025-11-06,ethereum,txcosts_median_usd,0.23991423325518227
2025-11-07,ethereum,txcosts_median_usd,0.22844814764844437
2025-11-08,ethereum,txcosts_median_usd,0.05599887460418905
2025-11-09,ethereum,txcosts_median_usd,0.037710007786414264
2025-11-10,ethereum,txcosts_median_usd,0.10532967860683436
2025-11-11,ethereum,txcosts_median_usd,0.09123833594703232
2025-11-12,ethereum,txcosts_median_usd,0.080060954174149
2025-11-13,ethereum,txcosts_median_usd,0.14320380713272882
2025-11-14,ethereum,txcosts_median_usd,0.14204094792925623
2025-11-15,ethereum,txcosts_median_usd,0.028945526222375003
2025-11-16,ethereum,txcosts_median_usd,0.050011678032571
2025-11-17,ethereum,txcosts_median_usd,0.11773783130026529
2025-11-18,ethereum,txcosts_median_usd,0.10156693519581422
2025-11-19,ethereum,txcosts_median_usd,0.12185793563194436
2025-11-20,ethereum,txcosts_median_usd,0.13924229385962456
2025-11-21,ethereum,txcosts_median_usd,0.18683415558082253
2025-11-22,ethereum,txcosts_median_usd,0.03513964466765175
2025-11-23,ethereum,txcosts_median_usd,0.031761959508526276
2025-11-24,ethereum,txcosts_median_usd,0.06987079236456813
2025-11-25,ethereum,txcosts_median_usd,0.060454279514727434
2025-11-26,ethereum,txcosts_median_usd,0.02693844834882861
2025-11-27,ethereum,txcosts_median_usd,0.014294724221575352
2025-11-28,ethereum,txcosts_median_usd,0.02701918394054268
2025-11-29,ethereum,txcosts_median_usd,0.015731992917739333
2025-11-30,ethereum,txcosts_median_usd,0.014195192233875938
2025-12-01,ethereum,txcosts_median_usd,0.04659334652790969
2025-12-02,ethereum,txcosts_median_usd,0.028254968142917326
2025-12-03,ethereum,txcosts_median_usd,0.01659627298204343
2025-12-04,ethereum,txcosts_median_usd,0.018399059186481843
2025-12-05,ethereum,txcosts_median_usd,0.015515674292359621
2025-12-06,ethereum,txcosts_median_usd,0.009889406435720022
2025-12-07,ethereum,txcosts_median_usd,0.09041388910376989
2025-12-08,ethereum,txcosts_median_usd,0.09559472232630747
2025-12-09,ethereum,txcosts_median_usd,0.08214205649099506
2025-12-10,ethereum,txcosts_median_usd,0.0628973680994774
2025-12-11,ethereum,txcosts_median_usd,0.04820321061794828
2025-12-12,ethereum,txcosts_median_usd,0.03978716241463675
2025-12-13,ethereum,txcosts_median_usd,0.018545972263075923
2025-12-14,ethereum,txcosts_median_usd,0.0225976776273756
2025-12-15,ethereum,txcosts_median_usd,0.03326942386369645
2025-12-16,ethereum,txcosts_median_usd,0.018493200503963286
2025-12-17,ethereum,txcosts_median_usd,0.02129625303412922
2025-12-18,ethereum,txcosts_median_usd,0.016736275627428295
2025-12-19,ethereum,txcosts_median_usd,0.024310089752928747
2025-12-20,ethereum,txcosts_median_usd,0.006027638374675529
2025-12-21,ethereum,txcosts_median_usd,0.006215666991877726
2025-12-22,ethereum,txcosts_median_usd,0.010347365373313266
2025-12-23,ethereum,txcosts_median_usd,0.009649949130970378
2025-12-24,ethereum,txcosts_median_usd,0.00837691856188438
2025-12-25,ethereum,txcosts_median_usd,0.010095110670278294
2025-12-26,ethereum,txcosts_median_usd,0.011486413620522145
2025-12-27,ethereum,txcosts_median_usd,0.008022551207990933
2025-12-28,ethereum,txcosts_median_usd,0.007121502034912132
2025-12-29,ethereum,txcosts_median_usd,0.013644198931655135
2025-12-30,ethereum,txcosts_median_usd,0.015371457132045322
2025-12-31,ethereum,txcosts_median_usd,0.01599496500411484
2026-01-01,ethereum,txcosts_median_usd,0.00844329779468704
2026-01-02,ethereum,txcosts_median_usd,0.017263905761895713
2026-01-03,ethereum,txcosts_median_usd,0.009773018104452295
2026-01-04,ethereum,txcosts_median_usd,0.012366336413062846
2026-01-05,ethereum,txcosts_median_usd,0.022919990107922308
2026-01-06,ethereum,txcosts_median_usd,0.03773216450213213
2026-01-07,ethereum,txcosts_median_usd,0.021476893844747134
2026-01-08,ethereum,txcosts_median_usd,0.020406284420572664
2026-01-09,ethereum,txcosts_median_usd,0.013474648980522693
2026-01-10,ethereum,txcosts_median_usd,0.006267672269484749
2026-01-11,ethereum,txcosts_median_usd,0.007355601447324518
2026-01-12,ethereum,txcosts_median_usd,0.012695421580559018
2026-01-13,ethereum,txcosts_median_usd,0.01633725332805491
2026-01-14,ethereum,txcosts_median_usd,0.01787329938466409
2026-01-15,ethereum,txcosts_median_usd,0.01855364209625869
2026-01-16,ethereum,txcosts_median_usd,0.0065187291465026295
2026-01-17,ethereum,txcosts_median_usd,0.005586896324264096
2026-01-18,ethereum,txcosts_median_usd,0.006586851947260759
2026-01-19,ethereum,txcosts_median_usd,0.00862255687563015
2026-01-20,ethereum,txcosts_median_usd,0.01741699727250326
2026-01-21,ethereum,txcosts_median_usd,0.018675210743396578
2026-01-22,ethereum,txcosts_median_usd,0.012270928372562948
2026-01-23,ethereum,txcosts_median_usd,0.010732057164336428
2026-01-24,ethereum,txcosts_median_usd,0.008331764723405747
2026-01-25,ethereum,txcosts_median_usd,0.01154255580642687
2026-01-26,ethereum,txcosts_median_usd,0.014813601978607096
2026-01-27,ethereum,txcosts_median_usd,0.01201045492964902
2026-01-28,ethereum,txcosts_median_usd,0.014190975852851832
2026-01-29,ethereum,txcosts_median_usd,0.015790986376458437
2026-01-30,ethereum,txcosts_median_usd,0.05222377077025085
2026-01-31,ethereum,txcosts_median_usd,0.05313641450241711
2026-02-01,ethereum,txcosts_median_usd,0.0215130876350732
2026-02-02,ethereum,txcosts_median_usd,0.040548886952404925
2026-02-03,ethereum,txcosts_median_usd,0.029157225055542354
2026-02-04,ethereum,txcosts_median_usd,0.02808507172548468
2026-02-05,ethereum,txcosts_median_usd,0.11353652226627486
2026-02-06,ethereum,txcosts_median_usd,0.047049647543956755
2026-02-07,ethereum,txcosts_median_usd,0.010139023821942575
2026-02-08,ethereum,txcosts_median_usd,0.005650568079614698
2026-02-09,ethereum,txcosts_median_usd,0.008345213295298427
2026-02-10,ethereum,txcosts_median_usd,0.006746982702425387
2026-02-11,ethereum,txcosts_median_usd,0.010454873056113955
2026-02-12,ethereum,txcosts_median_usd,0.017461412493365292
2026-02-13,ethereum,txcosts_median_usd,0.009332571743055696
2026-02-14,ethereum,txcosts_median_usd,0.0060187171003086215
2026-02-15,ethereum,txcosts_median_usd,0.007163719561504686
2026-02-16,ethereum,txcosts_median_usd,0.005370315796741235
2026-02-17,ethereum,txcosts_median_usd,0.010075277849300431
2026-02-18,ethereum,txcosts_median_usd,0.011035713365050794
2026-02-19,ethereum,txcosts_median_usd,0.01281006653225025
2026-02-20,ethereum,txcosts_median_usd,0.012301546167899515
2026-02-21,ethereum,txcosts_median_usd,0.006910393698628198
2026-02-22,ethereum,txcosts_median_usd,0.006249081067869071
2026-02-23,ethereum,txcosts_median_usd,0.00905695166551528
2026-02-24,ethereum,txcosts_median_usd,0.01142504185562857
2026-02-25,ethereum,txcosts_median_usd,0.013145524510248289
2026-02-26,ethereum,txcosts_median_usd,0.015623715414748182
2026-02-27,ethereum,txcosts_median_usd,0.01504532258021652
2026-02-28,ethereum,txcosts_median_usd,0.010846575139883474
2026-03-01,ethereum,txcosts_median_usd,0.01027331379940446
2026-03-02,ethereum,txcosts_median_usd,0.014360607466835783
2026-03-03,ethereum,txcosts_median_usd,0.020368976203130267
2026-03-04,ethereum,txcosts_median_usd,0.028740271693658188
2026-03-05,ethereum,txcosts_median_usd,0.01612681584796082
2026-03-06,ethereum,txcosts_median_usd,0.012557714196442235
2026-03-07,ethereum,txcosts_median_usd,0.006065966016826528
2026-03-08,ethereum,txcosts_median_usd,0.006730586287078781
2026-03-09,ethereum,txcosts_median_usd,0.012295559738688115
2026-03-10,ethereum,txcosts_median_usd,0.013032811274467275
2026-03-11,ethereum,txcosts_median_usd,0.013628707117490722
2026-03-12,ethereum,txcosts_median_usd,0.012521396842895782
2026-03-13,ethereum,txcosts_median_usd,0.017608663225574462
2026-03-14,ethereum,txcosts_median_usd,0.004365616164214607
2026-03-15,ethereum,txcosts_median_usd,0.007846762303357398
2026-03-16,ethereum,txcosts_median_usd,0.031799846351883904
2026-03-17,ethereum,txcosts_median_usd,0.014209726851348517
2026-03-18,ethereum,txcosts_median_usd,0.01249257594257314
2026-03-19,ethereum,txcosts_median_usd,0.011352546506980404
2026-03-20,ethereum,txcosts_median_usd,0.009896836680715428
2026-03-21,ethereum,txcosts_median_usd,0.003890614294531444
2026-03-22,ethereum,txcosts_median_usd,0.011535800014784204
2026-03-23,ethereum,txcosts_median_usd,0.011075596976811333
2026-03-24,ethereum,txcosts_median_usd,0.007488240713376626
2026-03-25,ethereum,txcosts_median_usd,0.011707996278163477
2026-03-26,ethereum,txcosts_median_usd,0.009529034626014293
2026-03-27,ethereum,txcosts_median_usd,0.010688446074369437
2026-03-28,ethereum,txcosts_median_usd,0.004534022775575586
2026-03-29,ethereum,txcosts_median_usd,0.011984454266828324
2026-03-30,ethereum,txcosts_median_usd,0.012646076653333685
2026-03-31,ethereum,txcosts_median_usd,0.026253901004321508
2026-04-01,ethereum,txcosts_median_usd,0.02493645310001027
2026-04-02,ethereum,txcosts_median_usd,0.016041031950734835
2026-04-03,ethereum,txcosts_median_usd,0.010256447015298006
2026-04-04,ethereum,txcosts_median_usd,0.008583773544987367
2026-04-05,ethereum,txcosts_median_usd,0.008264120058811632
2026-04-06,ethereum,txcosts_median_usd,0.012465723247841226
2026-04-07,ethereum,txcosts_median_usd,0.012169696337663473
2026-04-08,ethereum,txcosts_median_usd,0.02668847129393308
2026-04-09,ethereum,txcosts_median_usd,0.011444342060779817
2026-04-10,ethereum,txcosts_median_usd,0.00935791961422014
2026-04-11,ethereum,txcosts_median_usd,0.006413773949306412
2026-04-12,ethereum,txcosts_median_usd,0.008336764571263831
2026-04-13,ethereum,txcosts_median_usd,0.01253516771622114
2026-04-14,ethereum,txcosts_median_usd,0.011537570369743148
2026-04-15,ethereum,txcosts_median_usd,0.009650137716853469
2026-04-16,ethereum,txcosts_median_usd,0.027331611264604285
2026-04-17,ethereum,txcosts_median_usd,0.10728282054374269
2026-04-18,ethereum,txcosts_median_usd,0.043332175907981725
2026-04-19,ethereum,txcosts_median_usd,0.20930005949636382
2026-04-20,ethereum,txcosts_median_usd,0.23128802422603018
2026-04-21,ethereum,txcosts_median_usd,0.11547697067664295
2026-04-22,ethereum,txcosts_median_usd,0.4096386355006948
2026-04-23,ethereum,txcosts_median_usd,0.1869177530768422
2026-04-24,ethereum,txcosts_median_usd,0.14106542584204942
2026-04-25,ethereum,txcosts_median_usd,0.06295853402159934
2026-04-26,ethereum,txcosts_median_usd,0.09740431360774127
2026-04-27,ethereum,txcosts_median_usd,0.11055624890719667
2026-04-28,ethereum,txcosts_median_usd,0.07354618559689668
2026-04-29,ethereum,txcosts_median_usd,0.07940259644778243
2026-04-30,ethereum,txcosts_median_usd,0.06030461345503703
2026-05-01,ethereum,txcosts_median_usd,0.024949584095881935
2026-05-02,ethereum,txcosts_median_usd,0.016068127088763373
2026-05-03,ethereum,txcosts_median_usd,0.016040655183869844
2026-05-04,ethereum,txcosts_median_usd,0.0877781018491679
2026-05-05,ethereum,txcosts_median_usd,0.049265908994319346
2026-05-06,ethereum,txcosts_median_usd,0.06457009918048731
2026-05-07,ethereum,txcosts_median_usd,0.11370071919722288
2026-05-08,ethereum,txcosts_median_usd,0.1244120111208867
2026-05-09,ethereum,txcosts_median_usd,0.04846321024433713
2026-05-10,ethereum,txcosts_median_usd,0.07952831230312783
2026-05-11,ethereum,txcosts_median_usd,0.1373338435306642
2026-05-12,ethereum,txcosts_median_usd,0.08587964677354633
2026-05-13,ethereum,txcosts_median_usd,0.03776849184971383
2026-05-14,ethereum,txcosts_median_usd,0.06487457943278133
2026-05-15,ethereum,txcosts_median_usd,0.07455818771633603
2026-05-16,ethereum,txcosts_median_usd,0.035862799022955125
2026-05-17,ethereum,txcosts_median_usd,0.025212924647586222
2026-05-18,ethereum,txcosts_median_usd,0.0482454678796602
2026-05-19,ethereum,txcosts_median_usd,0.030651429968011023
2026-05-20,ethereum,txcosts_median_usd,0.027106678038635753
2026-05-21,ethereum,txcosts_median_usd,0.015261862820934597
2026-05-22,ethereum,txcosts_median_usd,0.016163984804417896
2026-05-23,ethereum,txcosts_median_usd,0.005416160264364679
2026-05-24,ethereum,txcosts_median_usd,0.005302917446040031
2026-05-25,ethereum,txcosts_median_usd,0.014090263212352147
2026-05-26,ethereum,txcosts_median_usd,0.014212340940718734
2026-05-27,ethereum,txcosts_median_usd,0.021766721167964628
2026-05-28,ethereum,txcosts_median_usd,0.04426015410324494
2026-05-29,ethereum,txcosts_median_usd,0.0285157888395815
2026-05-30,ethereum,txcosts_median_usd,0.00985058180032798
2026-05-31,ethereum,txcosts_median_usd,0.016150647911118976
2026-06-01,ethereum,txcosts_median_usd,0.05234613999302713
2026-06-02,ethereum,txcosts_median_usd,0.06883947836894429
2026-06-03,ethereum,txcosts_median_usd,0.07427184219337239
2026-06-04,ethereum,txcosts_median_usd,0.0874543657423968
2026-06-05,ethereum,txcosts_median_usd,0.1185021959193329
2026-06-06,ethereum,txcosts_median_usd,0.026109941669229777
2026-06-07,ethereum,txcosts_median_usd,0.02031932678082777
2026-06-08,ethereum,txcosts_median_usd,0.03363961757966551
2026-06-09,ethereum,txcosts_median_usd,0.026003468292927122
2026-06-10,ethereum,txcosts_median_usd,0.027870268761061388
2026-06-11,ethereum,txcosts_median_usd,0.024725790857228057
2026-06-12,ethereum,txcosts_median_usd,0.013789543498527396
2026-06-13,ethereum,txcosts_median_usd,0.005299542873243767
2026-06-14,ethereum,txcosts_median_usd,0.006468821302344364
2026-06-15,ethereum,txcosts_median_usd,0.03816027206995204
2026-06-16,ethereum,txcosts_median_usd,0.03099949250806131
2026-06-17,ethereum,txcosts_median_usd,0.01746320159997871
2026-06-18,ethereum,txcosts_median_usd,0.027522305927998952
2026-06-19,ethereum,txcosts_median_usd,0.022431229341902736
2026-06-20,ethereum,txcosts_median_usd,0.014563794638038122
2026-06-21,ethereum,txcosts_median_usd,0.004728713126603716
2026-06-22,ethereum,txcosts_median_usd,0.009311852200031057
2026-06-23,ethereum,txcosts_median_usd,0.01098230618120917
2026-06-24,ethereum,txcosts_median_usd,0.015192913779123221
2026-06-25,ethereum,txcosts_median_usd,0.01716796697378365
2026-06-26,ethereum,txcosts_median_usd,0.020618264353988527
2026-06-27,ethereum,txcosts_median_usd,0.020430669343139897
2026-06-28,ethereum,txcosts_median_usd,0.016606433235975295
2026-06-29,ethereum,txcosts_median_usd,0.03290117705975611
2026-06-30,ethereum,txcosts_median_usd,0.031415068889032144
2026-07-01,ethereum,txcosts_median_usd,0.021920289801789953
2026-07-02,ethereum,txcosts_median_usd,0.04125118390581863
2026-07-03,ethereum,txcosts_median_usd,0.020268531929271593
2026-07-04,ethereum,txcosts_median_usd,0.010148541798896517
2026-07-05,ethereum,txcosts_median_usd,0.005203661781562021
2026-07-06,ethereum,txcosts_median_usd,0.010019702200828665
2026-07-07,ethereum,txcosts_median_usd,0.008570188042815358
2026-07-08,ethereum,txcosts_median_usd,0.012526949549569422
2026-07-09,ethereum,txcosts_median_usd,0.007881995636365461
2026-07-10,ethereum,txcosts_median_usd,0.007524751048754195
2026-07-11,ethereum,txcosts_median_usd,0.00522670209969533
2026-07-12,ethereum,txcosts_median_usd,0.005288318132467415
2026-07-13,ethereum,txcosts_median_usd,0.0070959614258679
2026-07-14,ethereum,txcosts_median_usd,0.007836986375210048
2026-07-15,ethereum,txcosts_median_usd,0.008334062659025795
2026-07-16,ethereum,txcosts_median_usd,0.009076761537276665
2026-07-17,ethereum,txcosts_median_usd,0.0086646760662945
2026-07-18,ethereum,txcosts_median_usd,0.004044337389942625
2026-07-19,ethereum,txcosts_median_usd,0.007219962202291898
2026-07-20,ethereum,txcosts_median_usd,0.007675046568613213
2026-07-21,ethereum,txcosts_median_usd,0.007442118262507958
2026-07-22,ethereum,txcosts_median_usd,0.008594185558744898
2026-07-23,ethereum,txcosts_median_usd,0.015445960339640064
2026-07-24,ethereum,txcosts_median_usd,0.008954707485013655
2026-07-25,ethereum,txcosts_median_usd,0.010814091162214809
2026-07-26,ethereum,txcosts_median_usd,0.026605631314390508
2026-07-27,ethereum,txcosts_median_usd,0.030403266256386178
2026-07-28,ethereum,txcosts_median_usd,0.04150003342916492
2026-07-29,ethereum,txcosts_median_usd,0.038040374361955794
2026-07-30,ethereum,txcosts_median_usd,0.058262648086869505
2026-07-31,ethereum,txcosts_median_usd,0.054061710689287897
2026-08-01,ethereum,txcosts_median_usd,0.013310890543997181
2026-08-02,ethereum,txcosts_median_usd,0.0037259151899750936
2026-08-03,ethereum,txcosts_median_usd,0.0105230856050293
2026-08-04,ethereum,txcosts_median_usd,0.012499159726193624
2026-08-05,ethereum,txcosts_median_usd,0.008633328635061126
2026-08-06,ethereum,txcosts_median_usd,0.007747914318335834
2026-08-07,ethereum,txcosts_median_usd,0.008353604755644676
2026-08-08,ethereum,txcosts_median_usd,0.019094654121402696
2026-08-09,ethereum,txcosts_median_usd,0.003513747750803794
2026-08-10,ethereum,txcosts_median_usd,0.010835777232312523
2026-08-11,ethereum,txcosts_median_usd,0.0094827521230131
2026-08-12,ethereum,txcosts_median_usd,0.005956504633124274
2026-08-13,ethereum,txcosts_median_usd,0.004744126647339448
2026-08-14,ethereum,txcosts_median_usd,0.004589754074046856
2026-08-15,ethereum,txcosts_median_usd,0.002563461109284501
2026-08-16,ethereum,txcosts_median_usd,0.0051857324310986596
2026-08-17,ethereum,txcosts_median_usd,0.004554721149345901
2026-08-18,ethereum,txcosts_median_usd,0.00450161715402921
2026-08-19,ethereum,txcosts_median_usd,0.015600358955951264
2026-08-20,ethereum,txcosts_median_usd,0.05324356386872221
2023-07-18,linea,txcosts_median_usd,0.6031918911326616
2023-07-19,linea,txcosts_median_usd,0.39841181365537504
2023-07-20,linea,txcosts_median_usd,0.37784476135595235
2023-07-21,linea,txcosts_median_usd,0.3971130461463767
2023-07-22,linea,txcosts_median_usd,0.342583792764214
2023-07-23,linea,txcosts_median_usd,0.30097400604090696
2023-07-24,linea,txcosts_median_usd,0.37756539641681314
2023-07-25,linea,txcosts_median_usd,0.40064679079646504
2023-07-26,linea,txcosts_median_usd,0.35570847159004937
2023-07-27,linea,txcosts_median_usd,0.39729435736752217
2023-07-28,linea,txcosts_median_usd,0.3844050248051012
2023-07-29,linea,txcosts_median_usd,0.3188396755297351
2023-07-30,linea,txcosts_median_usd,0.3292554900079551
2023-07-31,linea,txcosts_median_usd,0.3250423276312645
2023-08-01,linea,txcosts_median_usd,0.317359508618641
2023-08-02,linea,txcosts_median_usd,0.3204651884258813
2023-08-03,linea,txcosts_median_usd,0.3107087780793881
2023-08-04,linea,txcosts_median_usd,0.32377606398227543
2023-08-05,linea,txcosts_median_usd,0.268783795753872
2023-08-06,linea,txcosts_median_usd,0.2697553752125573
2023-08-07,linea,txcosts_median_usd,0.35321098284046293
2023-08-08,linea,txcosts_median_usd,0.36538669735211177
2023-08-09,linea,txcosts_median_usd,0.2889048949693128
2023-08-10,linea,txcosts_median_usd,0.2662632027882765
2023-08-11,linea,txcosts_median_usd,0.27207891761088326
2023-08-12,linea,txcosts_median_usd,0.2647984244197743
2023-08-13,linea,txcosts_median_usd,0.21610320294405042
2023-08-14,linea,txcosts_median_usd,0.27040838327311256
2023-08-15,linea,txcosts_median_usd,0.2709964687487824
2023-08-16,linea,txcosts_median_usd,0.30608837829326585
2023-08-17,linea,txcosts_median_usd,0.2659906899828429
2023-08-18,linea,txcosts_median_usd,0.24441960010221905
2023-08-19,linea,txcosts_median_usd,0.1586825354178478
2023-08-20,linea,txcosts_median_usd,0.12699978738001133
2023-08-21,linea,txcosts_median_usd,0.22484280473258908
2023-08-22,linea,txcosts_median_usd,0.3108114885638687
2023-08-23,linea,txcosts_median_usd,0.27206132940468597
2023-08-24,linea,txcosts_median_usd,0.2334168853745629
2023-08-25,linea,txcosts_median_usd,0.2437847493649001
2023-08-26,linea,txcosts_median_usd,0.17180752810073682
2023-08-27,linea,txcosts_median_usd,0.1753128603227942
2023-08-28,linea,txcosts_median_usd,0.27820962546052963
2023-08-29,linea,txcosts_median_usd,0.3317155778621894
2023-08-30,linea,txcosts_median_usd,0.32395788492449384
2023-08-31,linea,txcosts_median_usd,0.26006120241882
2023-09-01,linea,txcosts_median_usd,0.16408426045006755
2023-09-02,linea,txcosts_median_usd,0.1449350286725403
2023-09-03,linea,txcosts_median_usd,0.1598629532125477
2023-09-04,linea,txcosts_median_usd,0.18558701907115274
2023-09-05,linea,txcosts_median_usd,0.14780657109924983
2023-09-06,linea,txcosts_median_usd,0.1718662931710797
2023-09-07,linea,txcosts_median_usd,0.12310208273968669
2023-09-08,linea,txcosts_median_usd,0.1629781739295285
2023-09-09,linea,txcosts_median_usd,0.07281146511829031
2023-09-10,linea,txcosts_median_usd,0.09097201919178846
2023-09-11,linea,txcosts_median_usd,0.1432872776991657
2023-09-12,linea,txcosts_median_usd,0.14193875100018966
2023-09-13,linea,txcosts_median_usd,0.1765164252744522
2023-09-14,linea,txcosts_median_usd,0.1597692905110919
2023-09-15,linea,txcosts_median_usd,0.14474861947834447
2023-09-16,linea,txcosts_median_usd,0.10344189001327038
2023-09-17,linea,txcosts_median_usd,0.12622588755731487
2023-09-18,linea,txcosts_median_usd,0.11899827941115043
2023-09-19,linea,txcosts_median_usd,0.14448311499821442
2023-09-20,linea,txcosts_median_usd,0.13876771550820466
2023-09-21,linea,txcosts_median_usd,0.12444416583336422
2023-09-22,linea,txcosts_median_usd,0.10863996763268666
2023-09-23,linea,txcosts_median_usd,0.09069216743838865
2023-09-24,linea,txcosts_median_usd,0.08551112351729187
2023-09-25,linea,txcosts_median_usd,0.09957010129127135
2023-09-26,linea,txcosts_median_usd,0.1594656486194224
2023-09-27,linea,txcosts_median_usd,0.1195867704666358
2023-09-28,linea,txcosts_median_usd,0.12509179351140567
2023-09-29,linea,txcosts_median_usd,0.12933918510001077
2023-09-30,linea,txcosts_median_usd,0.12018047178025319
2023-10-01,linea,txcosts_median_usd,0.1158027341324041
2023-10-02,linea,txcosts_median_usd,0.1710002321988386
2023-10-03,linea,txcosts_median_usd,0.14327881525980135
2023-10-04,linea,txcosts_median_usd,0.12964279635011774
2023-10-05,linea,txcosts_median_usd,0.115031651918296
2023-10-06,linea,txcosts_median_usd,0.11313596648709838
2023-10-07,linea,txcosts_median_usd,0.10099512766205798
2023-10-08,linea,txcosts_median_usd,0.11045394801240824
2023-10-09,linea,txcosts_median_usd,0.1236969530532028
2023-10-10,linea,txcosts_median_usd,0.11179649865768153
2023-10-11,linea,txcosts_median_usd,0.09615076378775426
2023-10-12,linea,txcosts_median_usd,0.09858972079177845
2023-10-13,linea,txcosts_median_usd,0.11080968336888232
2023-10-14,linea,txcosts_median_usd,0.10881996425806996
2023-10-15,linea,txcosts_median_usd,0.10031572758996589
2023-10-16,linea,txcosts_median_usd,0.12120161149476294
2023-10-17,linea,txcosts_median_usd,0.1148092105458875
2023-10-18,linea,txcosts_median_usd,0.11919505452074938
2023-10-19,linea,txcosts_median_usd,0.11417177918837539
2023-10-20,linea,txcosts_median_usd,0.14197587823623706
2023-10-21,linea,txcosts_median_usd,0.09988905405875821
2023-10-22,linea,txcosts_median_usd,0.10974946233623915
2023-10-23,linea,txcosts_median_usd,0.1626872696270092
2023-10-24,linea,txcosts_median_usd,0.31005457843013723
2023-10-25,linea,txcosts_median_usd,0.2515583938052561
2023-10-26,linea,txcosts_median_usd,0.293783627774446
2023-10-27,linea,txcosts_median_usd,0.225269145787582
2023-10-28,linea,txcosts_median_usd,0.17974636246852516
2023-10-29,linea,txcosts_median_usd,0.17131212157601997
2023-10-30,linea,txcosts_median_usd,0.21210763417720443
2023-10-31,linea,txcosts_median_usd,0.2660169772977222
2023-11-01,linea,txcosts_median_usd,0.255135157981494
2023-11-02,linea,txcosts_median_usd,0.2933104038774631
2023-11-03,linea,txcosts_median_usd,0.24206692973475846
2023-11-04,linea,txcosts_median_usd,0.2289451770613912
2023-11-05,linea,txcosts_median_usd,0.2692948968349693
2023-11-06,linea,txcosts_median_usd,0.337264044224995
2023-11-07,linea,txcosts_median_usd,0.3670468769045567
2023-11-08,linea,txcosts_median_usd,0.5239066545256617
2023-11-09,linea,txcosts_median_usd,0.7198409234808218
2023-11-10,linea,txcosts_median_usd,1.1589665568891703
2023-11-11,linea,txcosts_median_usd,0.7938787006392292
2023-11-12,linea,txcosts_median_usd,0.7668098887435904
2023-11-13,linea,txcosts_median_usd,1.2158077918525496
2023-11-14,linea,txcosts_median_usd,0.7811897843214658
2023-11-15,linea,txcosts_median_usd,0.2747374504147252
2023-11-16,linea,txcosts_median_usd,0.25976607706388594
2023-11-17,linea,txcosts_median_usd,0.1708199053878317
2023-11-18,linea,txcosts_median_usd,0.16434746429779543
2023-11-19,linea,txcosts_median_usd,0.15204479168517035
2023-11-20,linea,txcosts_median_usd,0.21116830571167103
2023-11-21,linea,txcosts_median_usd,0.3983573873491704
2023-11-22,linea,txcosts_median_usd,0.4016779709822148
2023-11-23,linea,txcosts_median_usd,0.4822043375999647
2023-11-24,linea,txcosts_median_usd,0.33815200088397923
2023-11-25,linea,txcosts_median_usd,0.4335289891797143
2023-11-26,linea,txcosts_median_usd,0.4096840583355335
2023-11-27,linea,txcosts_median_usd,0.5319929557175419
2023-11-28,linea,txcosts_median_usd,0.6275012244437405
2023-11-29,linea,txcosts_median_usd,0.5082939096289575
2023-11-30,linea,txcosts_median_usd,0.5572324670107804
2023-12-01,linea,txcosts_median_usd,0.6567598072950092
2023-12-02,linea,txcosts_median_usd,0.670948212716908
2023-12-03,linea,txcosts_median_usd,0.6719179160337905
2023-12-04,linea,txcosts_median_usd,0.9097283249920849
2023-12-05,linea,txcosts_median_usd,0.9429696223459983
2023-12-06,linea,txcosts_median_usd,0.7280566487587119
2023-12-07,linea,txcosts_median_usd,0.9731884485758315
2023-12-08,linea,txcosts_median_usd,0.9445813625159006
2023-12-09,linea,txcosts_median_usd,0.8868219072858361
2023-12-10,linea,txcosts_median_usd,0.6419457126940679
2023-12-11,linea,txcosts_median_usd,0.6069842254466269
2023-12-12,linea,txcosts_median_usd,0.6369338842571979
2023-12-13,linea,txcosts_median_usd,0.7114213049768089
2023-12-14,linea,txcosts_median_usd,0.8036707894637409
2023-12-15,linea,txcosts_median_usd,0.5930115156296227
2023-12-16,linea,txcosts_median_usd,0.8668207673205771
2023-12-17,linea,txcosts_median_usd,0.9063385826943287
2023-12-18,linea,txcosts_median_usd,0.9522535037350112
2023-12-19,linea,txcosts_median_usd,1.0056586983655815
2023-12-20,linea,txcosts_median_usd,0.8801712373937606
2023-12-21,linea,txcosts_median_usd,0.4141330537628776
2023-12-22,linea,txcosts_median_usd,0.3423392802515996
2023-12-23,linea,txcosts_median_usd,0.30749958141388123
2023-12-24,linea,txcosts_median_usd,0.2459080577187953
2023-12-25,linea,txcosts_median_usd,0.23781567041846594
2023-12-26,linea,txcosts_median_usd,0.14838740934348674
2023-12-27,linea,txcosts_median_usd,0.21207713788967059
2023-12-28,linea,txcosts_median_usd,0.28411897930039537
2023-12-29,linea,txcosts_median_usd,0.24625237476294548
2023-12-30,linea,txcosts_median_usd,0.22690121092756438
2023-12-31,linea,txcosts_median_usd,0.21145775682842444
2024-01-01,linea,txcosts_median_usd,0.17370864639869646
2024-01-02,linea,txcosts_median_usd,0.24675276037634736
2024-01-03,linea,txcosts_median_usd,0.28155529245207095
2024-01-04,linea,txcosts_median_usd,0.43722313637937327
2024-01-05,linea,txcosts_median_usd,0.7910266815103866
2024-01-06,linea,txcosts_median_usd,0.8661040558516112
2024-01-07,linea,txcosts_median_usd,1.4515136620529034
2024-01-08,linea,txcosts_median_usd,0.31767943257740594
2024-01-09,linea,txcosts_median_usd,0.31073324555740056
2024-01-10,linea,txcosts_median_usd,0.4251111401468487
2024-01-11,linea,txcosts_median_usd,0.45605503541911463
2024-01-12,linea,txcosts_median_usd,0.30359402678640707
2024-01-13,linea,txcosts_median_usd,0.26507267785858035
2024-01-14,linea,txcosts_median_usd,0.38190767830157707
2024-01-15,linea,txcosts_median_usd,0.2883169888506879
2024-01-16,linea,txcosts_median_usd,0.3943658488163696
2024-01-17,linea,txcosts_median_usd,0.48122120479829494
2024-01-18,linea,txcosts_median_usd,0.45788781025401415
2024-01-19,linea,txcosts_median_usd,0.3584338162029915
2024-01-20,linea,txcosts_median_usd,0.2614098967886048
2024-01-21,linea,txcosts_median_usd,0.22637947026414032
2024-01-22,linea,txcosts_median_usd,0.25776550241155427
2024-01-23,linea,txcosts_median_usd,0.18627386613492444
2024-01-24,linea,txcosts_median_usd,0.15648072253665343
2024-01-25,linea,txcosts_median_usd,0.2276934373731051
2024-01-26,linea,txcosts_median_usd,0.24727638000333907
2024-01-27,linea,txcosts_median_usd,0.1761165527918047
2024-01-28,linea,txcosts_median_usd,0.17277543280399324
2024-01-29,linea,txcosts_median_usd,0.15703748156225067
2024-01-30,linea,txcosts_median_usd,0.3008973148960047
2024-01-31,linea,txcosts_median_usd,0.2953441764024764
2024-02-01,linea,txcosts_median_usd,0.29983190846293495
2024-02-02,linea,txcosts_median_usd,0.3152359463699614
2024-02-03,linea,txcosts_median_usd,0.24932568745484066
2024-02-04,linea,txcosts_median_usd,0.22540707018236
2024-02-05,linea,txcosts_median_usd,0.21389006342689976
2024-02-06,linea,txcosts_median_usd,0.3345964497325879
2024-02-07,linea,txcosts_median_usd,0.3936228114150618
2024-02-08,linea,txcosts_median_usd,0.5161887345846693
2024-02-09,linea,txcosts_median_usd,0.6520199869829909
2024-02-10,linea,txcosts_median_usd,0.4770458250411484
2024-02-11,linea,txcosts_median_usd,0.3638679965777794
2024-02-12,linea,txcosts_median_usd,0.3660478650366767
2024-02-13,linea,txcosts_median_usd,0.43773349128144157
2024-02-14,linea,txcosts_median_usd,0.27736129023667705
2024-02-15,linea,txcosts_median_usd,0.27818405798463147
2024-02-16,linea,txcosts_median_usd,0.17808975297887616
2024-02-17,linea,txcosts_median_usd,0.14204121269967412
2024-02-18,linea,txcosts_median_usd,0.1529761216613085
2024-02-19,linea,txcosts_median_usd,0.20364958006811432
2024-02-20,linea,txcosts_median_usd,0.2285006170096959
2024-02-21,linea,txcosts_median_usd,0.33879439291482744
2024-02-22,linea,txcosts_median_usd,0.3858592485921353
2024-02-23,linea,txcosts_median_usd,0.3658538746732685
2024-02-24,linea,txcosts_median_usd,0.25799228397020896
2024-02-25,linea,txcosts_median_usd,0.3084855871498322
2024-02-26,linea,txcosts_median_usd,0.3435089432847378
2024-02-27,linea,txcosts_median_usd,0.5724486162311301
2024-02-28,linea,txcosts_median_usd,0.6396109095711363
2024-02-29,linea,txcosts_median_usd,0.8322262773941395
2024-03-01,linea,txcosts_median_usd,0.7768217688342994
2024-03-02,linea,txcosts_median_usd,0.7653672479465828
2024-03-03,linea,txcosts_median_usd,0.669757335616702
2024-03-04,linea,txcosts_median_usd,0.8175812435431682
2024-03-05,linea,txcosts_median_usd,0.8812401557718317
2024-03-06,linea,txcosts_median_usd,0.7508329760753416
2024-03-07,linea,txcosts_median_usd,0.4092793819734751
2024-03-08,linea,txcosts_median_usd,0.30778974571561135
2024-03-09,linea,txcosts_median_usd,0.3417300928691224
2024-03-10,linea,txcosts_median_usd,0.35987121342863615
2024-03-11,linea,txcosts_median_usd,0.4222360467675274
2024-03-12,linea,txcosts_median_usd,0.42481046448330767
2024-03-13,linea,txcosts_median_usd,0.7079952541657885
2024-03-14,linea,txcosts_median_usd,0.6520657407427132
2024-03-15,linea,txcosts_median_usd,0.6063185473998706
2024-03-16,linea,txcosts_median_usd,0.4947617100962488
2024-03-17,linea,txcosts_median_usd,0.38197258989402355
2024-03-18,linea,txcosts_median_usd,0.3588403288778658
2024-03-19,linea,txcosts_median_usd,0.41397603493948454
2024-03-20,linea,txcosts_median_usd,0.33298585284718124
2024-03-21,linea,txcosts_median_usd,0.30684311582544355
2024-03-22,linea,txcosts_median_usd,0.27998980105659993
2024-03-23,linea,txcosts_median_usd,0.20934215095964506
2024-03-24,linea,txcosts_median_usd,0.20343487079216377
2024-03-25,linea,txcosts_median_usd,0.23310134982623507
2024-03-26,linea,txcosts_median_usd,0.2622831819273989
2024-03-27,linea,txcosts_median_usd,0.13207390676264533
2024-03-28,linea,txcosts_median_usd,0.05202140193221143
2024-03-29,linea,txcosts_median_usd,0.0438092528096859
2024-03-30,linea,txcosts_median_usd,0.03571367212873231
2024-03-31,linea,txcosts_median_usd,0.03336850128701549
2024-04-01,linea,txcosts_median_usd,0.04577326929354238
2024-04-02,linea,txcosts_median_usd,0.0985398886470528
2024-04-03,linea,txcosts_median_usd,0.07048227063657757
2024-04-04,linea,txcosts_median_usd,0.06950546546120379
2024-04-05,linea,txcosts_median_usd,0.05121842326171645
2024-04-06,linea,txcosts_median_usd,0.014484876975461667
2024-04-07,linea,txcosts_median_usd,0.017079334100641344
2024-04-08,linea,txcosts_median_usd,0.04459464942055493
2024-04-09,linea,txcosts_median_usd,0.03501239630304034
2024-04-10,linea,txcosts_median_usd,0.032902564859800205
2024-04-11,linea,txcosts_median_usd,0.03800532864361479
2024-04-12,linea,txcosts_median_usd,0.03962729141322562
2024-04-13,linea,txcosts_median_usd,0.03124975682687875
2024-04-14,linea,txcosts_median_usd,0.0314069512046305
2024-04-15,linea,txcosts_median_usd,0.025741791267748573
2024-04-16,linea,txcosts_median_usd,0.02368387796649909
2024-04-17,linea,txcosts_median_usd,0.03327171304966251
2024-04-18,linea,txcosts_median_usd,0.02830114679489285
2024-04-19,linea,txcosts_median_usd,0.027058210602509628
2024-04-20,linea,txcosts_median_usd,0.021288260089996715
2024-04-21,linea,txcosts_median_usd,0.02029921373209073
2024-04-22,linea,txcosts_median_usd,0.017572217705789896
2024-04-23,linea,txcosts_median_usd,0.026987410482775923
2024-04-24,linea,txcosts_median_usd,0.032254773684489
2024-04-25,linea,txcosts_median_usd,0.03189374699497544
2024-04-26,linea,txcosts_median_usd,0.028675189398151824
2024-04-27,linea,txcosts_median_usd,0.019235712545670774
2024-04-28,linea,txcosts_median_usd,0.02009548930326737
2024-04-29,linea,txcosts_median_usd,0.021050263861374072
2024-04-30,linea,txcosts_median_usd,0.025511028143909948
2024-05-01,linea,txcosts_median_usd,0.020342877021021354
2024-05-02,linea,txcosts_median_usd,0.01752389769041978
2024-05-03,linea,txcosts_median_usd,0.015874010772510116
2024-05-04,linea,txcosts_median_usd,0.015148467327723599
2024-05-05,linea,txcosts_median_usd,0.014922546152534041
2024-05-06,linea,txcosts_median_usd,0.019420997741201974
2024-05-07,linea,txcosts_median_usd,0.018291320227415822
2024-05-08,linea,txcosts_median_usd,0.01601283177364148
2024-05-09,linea,txcosts_median_usd,0.01580341307019685
2024-05-10,linea,txcosts_median_usd,0.013603732663439989
2024-05-11,linea,txcosts_median_usd,0.010775412232754692
2024-05-12,linea,txcosts_median_usd,0.010421722941061704
2024-05-13,linea,txcosts_median_usd,0.010674596435799034
2024-05-14,linea,txcosts_median_usd,0.010647504340556111
2024-05-15,linea,txcosts_median_usd,0.011865450564259384
2024-05-16,linea,txcosts_median_usd,0.010656251069065216
2024-05-17,linea,txcosts_median_usd,0.01074325574701745
2024-05-18,linea,txcosts_median_usd,0.011199705534538902
2024-05-19,linea,txcosts_median_usd,0.011550014520546846
2024-05-20,linea,txcosts_median_usd,0.013858607724125942
2024-05-21,linea,txcosts_median_usd,0.023424032120783717
2024-05-22,linea,txcosts_median_usd,0.010127075953831497
2024-05-23,linea,txcosts_median_usd,0.01063078609778897
2024-05-24,linea,txcosts_median_usd,0.011819962838921408
2024-05-25,linea,txcosts_median_usd,0.010991183185174018
2024-05-26,linea,txcosts_median_usd,0.010841853136709378
2024-05-27,linea,txcosts_median_usd,0.013831047529342175
2024-05-28,linea,txcosts_median_usd,0.014475228704184882
2024-05-29,linea,txcosts_median_usd,0.013344181621801145
2024-05-30,linea,txcosts_median_usd,0.013959332086896781
2024-05-31,linea,txcosts_median_usd,0.013082152118434833
2024-06-01,linea,txcosts_median_usd,0.017067581793979134
2024-06-02,linea,txcosts_median_usd,0.016182323332733207
2024-06-03,linea,txcosts_median_usd,0.021894067088015785
2024-06-04,linea,txcosts_median_usd,0.0220332131642826
2024-06-05,linea,txcosts_median_usd,0.027645727728943803
2024-06-06,linea,txcosts_median_usd,0.022693204532761815
2024-06-07,linea,txcosts_median_usd,0.01975783584259994
2024-06-08,linea,txcosts_median_usd,0.013179087181166014
2024-06-09,linea,txcosts_median_usd,0.01388601645734405
2024-06-10,linea,txcosts_median_usd,0.013498036207965539
2024-06-11,linea,txcosts_median_usd,0.017063256037058556
2024-06-12,linea,txcosts_median_usd,0.021527456951290744
2024-06-13,linea,txcosts_median_usd,0.016338165595674817
2024-06-14,linea,txcosts_median_usd,0.014554330163039359
2024-06-15,linea,txcosts_median_usd,0.014533727442374581
2024-06-16,linea,txcosts_median_usd,0.014105741246737209
2024-06-17,linea,txcosts_median_usd,0.014114720016457919
2024-06-18,linea,txcosts_median_usd,0.016489491405152466
2024-06-19,linea,txcosts_median_usd,0.015143646223796848
2024-06-20,linea,txcosts_median_usd,0.019325501919308926
2024-06-21,linea,txcosts_median_usd,0.01229295803402686
2024-06-22,linea,txcosts_median_usd,0.012221591934948652
2024-06-23,linea,txcosts_median_usd,0.01272913975098898
2024-06-24,linea,txcosts_median_usd,0.014354748479067047
2024-06-25,linea,txcosts_median_usd,0.0140253934254972
2024-06-26,linea,txcosts_median_usd,0.014260280185936496
2024-06-27,linea,txcosts_median_usd,0.013633666260706206
2024-06-28,linea,txcosts_median_usd,0.012537625887750353
2024-06-29,linea,txcosts_median_usd,0.011922617271802698
2024-06-30,linea,txcosts_median_usd,0.012328579190496963
2024-07-01,linea,txcosts_median_usd,0.025995420053914916
2024-07-02,linea,txcosts_median_usd,0.02566991849870962
2024-07-03,linea,txcosts_median_usd,0.020595165448948082
2024-07-04,linea,txcosts_median_usd,0.019561851913787464
2024-07-05,linea,txcosts_median_usd,0.01518499202284601
2024-07-06,linea,txcosts_median_usd,0.014052203103876792
2024-07-07,linea,txcosts_median_usd,0.02221195163299312
2024-07-08,linea,txcosts_median_usd,0.014215959182053891
2024-07-09,linea,txcosts_median_usd,0.01625108046676954
2024-07-10,linea,txcosts_median_usd,0.023507263482675313
2024-07-11,linea,txcosts_median_usd,0.01604965460406944
2024-07-12,linea,txcosts_median_usd,0.015509849241165576
2024-07-13,linea,txcosts_median_usd,0.015489403680587757
2024-07-14,linea,txcosts_median_usd,0.01540476258049018
2024-07-15,linea,txcosts_median_usd,0.03415489779877408
2024-07-16,linea,txcosts_median_usd,0.027334002394103912
2024-07-17,linea,txcosts_median_usd,0.025515377692381422
2024-07-18,linea,txcosts_median_usd,0.01957567169579979
2024-07-19,linea,txcosts_median_usd,0.0139126566564271
2024-07-20,linea,txcosts_median_usd,0.013541677151713997
2024-07-21,linea,txcosts_median_usd,0.026383061667247028
2024-07-22,linea,txcosts_median_usd,0.01934696252243971
2024-07-23,linea,txcosts_median_usd,0.018805586805878998
2024-07-24,linea,txcosts_median_usd,0.018455297380708995
2024-07-25,linea,txcosts_median_usd,0.015937442073100137
2024-07-26,linea,txcosts_median_usd,0.013658237203962259
2024-07-27,linea,txcosts_median_usd,0.015659460486500854
2024-07-28,linea,txcosts_median_usd,0.017245221405672025
2024-07-29,linea,txcosts_median_usd,0.03602241590598481
2024-07-30,linea,txcosts_median_usd,0.016438533301606825
2024-07-31,linea,txcosts_median_usd,0.012956506091777294
2024-08-01,linea,txcosts_median_usd,0.017592107380735078
2024-08-02,linea,txcosts_median_usd,0.03526733468851612
2024-08-03,linea,txcosts_median_usd,0.019176672092042883
2024-08-04,linea,txcosts_median_usd,0.010932079631337192
2024-08-05,linea,txcosts_median_usd,0.026543806016610667
2024-08-06,linea,txcosts_median_usd,0.008654241129787616
2024-08-07,linea,txcosts_median_usd,0.008795348115920755
2024-08-08,linea,txcosts_median_usd,0.008387296607149488
2024-08-09,linea,txcosts_median_usd,0.009328872789318767
2024-08-10,linea,txcosts_median_usd,0.009042908201776324
2024-08-11,linea,txcosts_median_usd,0.00840841253987001
2024-08-12,linea,txcosts_median_usd,0.008888537398255243
2024-08-13,linea,txcosts_median_usd,0.009182818672190382
2024-08-14,linea,txcosts_median_usd,0.009393280994939194
2024-08-15,linea,txcosts_median_usd,0.009251628159065316
2024-08-16,linea,txcosts_median_usd,0.006973958691747713
2024-08-17,linea,txcosts_median_usd,0.0070730362530268195
2024-08-18,linea,txcosts_median_usd,0.009080978828728908
2024-08-19,linea,txcosts_median_usd,0.0067364556428764115
2024-08-20,linea,txcosts_median_usd,0.007988302283483866
2024-08-21,linea,txcosts_median_usd,0.008007639829961883
2024-08-22,linea,txcosts_median_usd,0.007416462511207899
2024-08-23,linea,txcosts_median_usd,0.007478806826963532
2024-08-24,linea,txcosts_median_usd,0.009598791097090472
2024-08-25,linea,txcosts_median_usd,0.008135993434040341
2024-08-26,linea,txcosts_median_usd,0.008353055691877113
2024-08-27,linea,txcosts_median_usd,0.009320284131793798
2024-08-28,linea,txcosts_median_usd,0.00787636116003521
2024-08-29,linea,txcosts_median_usd,0.008287415801193592
2024-08-30,linea,txcosts_median_usd,0.008778960428569273
2024-08-31,linea,txcosts_median_usd,0.008784032896786063
2024-09-01,linea,txcosts_median_usd,0.006935694051394514
2024-09-02,linea,txcosts_median_usd,0.007834483452881654
2024-09-03,linea,txcosts_median_usd,0.008807334178685096
2024-09-04,linea,txcosts_median_usd,0.008469384716858281
2024-09-05,linea,txcosts_median_usd,0.00850645962446141
2024-09-06,linea,txcosts_median_usd,0.008906912623419258
2024-09-07,linea,txcosts_median_usd,0.007726356130877619
2024-09-08,linea,txcosts_median_usd,0.007897901284346344
2024-09-09,linea,txcosts_median_usd,0.008223787355299845
2024-09-10,linea,txcosts_median_usd,0.008849467266386774
2024-09-11,linea,txcosts_median_usd,0.008303714703219443
2024-09-12,linea,txcosts_median_usd,0.008533800928910415
2024-09-13,linea,txcosts_median_usd,0.008780123932588306
2024-09-14,linea,txcosts_median_usd,0.008758006416798936
2024-09-15,linea,txcosts_median_usd,0.008951790918049367
2024-09-16,linea,txcosts_median_usd,0.009734009052862157
2024-09-17,linea,txcosts_median_usd,0.010724809776168435
2024-09-18,linea,txcosts_median_usd,0.010666051459919864
2024-09-19,linea,txcosts_median_usd,0.013677421688723511
2024-09-20,linea,txcosts_median_usd,0.00987061234721429
2024-09-21,linea,txcosts_median_usd,0.011186737406603468
2024-09-22,linea,txcosts_median_usd,0.011899628617075877
2024-09-23,linea,txcosts_median_usd,0.028963374258244648
2024-09-24,linea,txcosts_median_usd,0.014470572484357307
2024-09-25,linea,txcosts_median_usd,0.01533516605482141
2024-09-26,linea,txcosts_median_usd,0.015274917306240577
2024-09-27,linea,txcosts_median_usd,0.01429794867118508
2024-09-28,linea,txcosts_median_usd,0.012083183129457517
2024-09-29,linea,txcosts_median_usd,0.01232276111991156
2024-09-30,linea,txcosts_median_usd,0.014181201111211522
2024-10-01,linea,txcosts_median_usd,0.02073800350906757
2024-10-02,linea,txcosts_median_usd,0.01551701333066654
2024-10-03,linea,txcosts_median_usd,0.012686440454539497
2024-10-04,linea,txcosts_median_usd,0.010700042710178288
2024-10-05,linea,txcosts_median_usd,0.010151057658619114
2024-10-06,linea,txcosts_median_usd,0.013980202688109403
2024-10-07,linea,txcosts_median_usd,0.01881071690345083
2024-10-08,linea,txcosts_median_usd,0.02112071635559614
2024-10-09,linea,txcosts_median_usd,0.024598419453262445
2024-10-10,linea,txcosts_median_usd,0.021641127872214908
2024-10-11,linea,txcosts_median_usd,0.026454215644903897
2024-10-12,linea,txcosts_median_usd,0.021295971051051306
2024-10-13,linea,txcosts_median_usd,0.022362387946553507
2024-10-14,linea,txcosts_median_usd,0.023404513248270645
2024-10-15,linea,txcosts_median_usd,0.032118819692986876
2024-10-16,linea,txcosts_median_usd,0.03334695855084627
2024-10-17,linea,txcosts_median_usd,0.03424012821081052
2024-10-18,linea,txcosts_median_usd,0.030101775809991054
2024-10-19,linea,txcosts_median_usd,0.02072913619137514
2024-10-20,linea,txcosts_median_usd,0.02671179162851551
2024-10-21,linea,txcosts_median_usd,0.028801071385395408
2024-10-22,linea,txcosts_median_usd,0.03421689534474884
2024-10-23,linea,txcosts_median_usd,0.03258192070703062
2024-10-24,linea,txcosts_median_usd,0.03498519058857474
2024-10-25,linea,txcosts_median_usd,0.03407069049821821
2024-10-26,linea,txcosts_median_usd,0.022287511133334603
2024-10-27,linea,txcosts_median_usd,0.024761668458591127
2024-10-28,linea,txcosts_median_usd,0.031182313385262037
2024-10-29,linea,txcosts_median_usd,0.04215958071789553
2024-10-30,linea,txcosts_median_usd,0.04315901794711427
2024-10-31,linea,txcosts_median_usd,0.04164634056835301
2024-11-01,linea,txcosts_median_usd,0.03911963720505028
2024-11-02,linea,txcosts_median_usd,0.026325841312840267
2024-11-03,linea,txcosts_median_usd,0.025654770937747592
2024-11-04,linea,txcosts_median_usd,0.023444429702844244
2024-11-05,linea,txcosts_median_usd,0.022493442785755352
2024-11-06,linea,txcosts_median_usd,0.04917002899382514
2024-11-07,linea,txcosts_median_usd,0.03950714273415196
2024-11-08,linea,txcosts_median_usd,0.03853989592348604
2024-11-09,linea,txcosts_median_usd,0.033944758144149
2024-11-10,linea,txcosts_median_usd,0.04793364637510332
2024-11-11,linea,txcosts_median_usd,0.07145397314198293
2024-11-12,linea,txcosts_median_usd,0.10058943557967737
2024-11-13,linea,txcosts_median_usd,0.08797526547300981
2024-11-14,linea,txcosts_median_usd,0.06533575046126318
2024-11-15,linea,txcosts_median_usd,0.056819880929008915
2024-11-16,linea,txcosts_median_usd,0.056053197251429286
2024-11-17,linea,txcosts_median_usd,0.044815773496570455
2024-11-18,linea,txcosts_median_usd,0.04558115650149826
2024-11-19,linea,txcosts_median_usd,0.04855181358889342
2024-11-20,linea,txcosts_median_usd,0.037547582852023115
2024-11-21,linea,txcosts_median_usd,0.04535743353857983
2024-11-22,linea,txcosts_median_usd,0.03820681582960235
2024-11-23,linea,txcosts_median_usd,0.049681219959870244
2024-11-24,linea,txcosts_median_usd,0.05821396831420389
2024-11-25,linea,txcosts_median_usd,0.1111835701941107
2024-11-26,linea,txcosts_median_usd,0.11129479871918148
2024-11-27,linea,txcosts_median_usd,0.05981152696020355
2024-11-28,linea,txcosts_median_usd,0.09816219683147091
2024-11-29,linea,txcosts_median_usd,0.03516743619432218
2024-11-30,linea,txcosts_median_usd,0.04813910964744306
2024-12-01,linea,txcosts_median_usd,0.04546838201099716
2024-12-02,linea,txcosts_median_usd,0.045437436888066035
2024-12-03,linea,txcosts_median_usd,0.04639641821237972
2024-12-04,linea,txcosts_median_usd,0.05650161234562275
2024-12-05,linea,txcosts_median_usd,0.06294193628316731
2024-12-06,linea,txcosts_median_usd,0.06528676287677243
2024-12-07,linea,txcosts_median_usd,0.046497635413508605
2024-12-08,linea,txcosts_median_usd,0.025311587988061053
2024-12-09,linea,txcosts_median_usd,0.05177958200348805
2024-12-10,linea,txcosts_median_usd,0.05529016191183097
2024-12-11,linea,txcosts_median_usd,0.03565534370715156
2024-12-12,linea,txcosts_median_usd,0.052795241664325344
2024-12-13,linea,txcosts_median_usd,0.06480170536911821
2024-12-14,linea,txcosts_median_usd,0.041850437389633545
2024-12-15,linea,txcosts_median_usd,0.03459772171575829
2024-12-16,linea,txcosts_median_usd,0.05412580167606788
2024-12-17,linea,txcosts_median_usd,0.03513973274014953
2024-12-18,linea,txcosts_median_usd,0.027879703521546017
2024-12-19,linea,txcosts_median_usd,0.04283202029225495
2024-12-20,linea,txcosts_median_usd,0.07345658209199975
2024-12-21,linea,txcosts_median_usd,0.025681860970385134
2024-12-22,linea,txcosts_median_usd,0.02093002817226217
2024-12-23,linea,txcosts_median_usd,0.03361092294637723
2024-12-24,linea,txcosts_median_usd,0.03667834924996579
2024-12-25,linea,txcosts_median_usd,0.02728385562735851
2024-12-26,linea,txcosts_median_usd,0.049756958493475445
2024-12-27,linea,txcosts_median_usd,0.06309203879572187
2024-12-28,linea,txcosts_median_usd,0.05530150617709169
2024-12-29,linea,txcosts_median_usd,0.045788042378786385
2024-12-30,linea,txcosts_median_usd,0.06145453940157168
2024-12-31,linea,txcosts_median_usd,0.07691769810865963
2025-01-01,linea,txcosts_median_usd,0.04266831719268128
2025-01-02,linea,txcosts_median_usd,0.04466874289498547
2025-01-03,linea,txcosts_median_usd,0.046653852188604274
2025-01-04,linea,txcosts_median_usd,0.03141339975487021
2025-01-05,linea,txcosts_median_usd,0.03139762880892627
2025-01-06,linea,txcosts_median_usd,0.04287270609063104
2025-01-07,linea,txcosts_median_usd,0.0398855295834275
2025-01-08,linea,txcosts_median_usd,0.04455942805165057
2025-01-09,linea,txcosts_median_usd,0.04180169435039783
2025-01-10,linea,txcosts_median_usd,0.03106740442047032
2025-01-11,linea,txcosts_median_usd,0.02536668479895562
2025-01-12,linea,txcosts_median_usd,0.0264328878331873
2025-01-13,linea,txcosts_median_usd,0.04393115877011518
2025-01-14,linea,txcosts_median_usd,0.03283944409222849
2025-01-15,linea,txcosts_median_usd,0.043166179390052316
2025-01-16,linea,txcosts_median_usd,0.04913549932093411
2025-01-17,linea,txcosts_median_usd,0.03903854317718087
2025-01-18,linea,txcosts_median_usd,0.05019816308065272
2025-01-19,linea,txcosts_median_usd,0.045984122638121995
2025-01-20,linea,txcosts_median_usd,0.0681437781293824
2025-01-21,linea,txcosts_median_usd,0.0370081332163875
2025-01-22,linea,txcosts_median_usd,0.031910046930492944
2025-01-23,linea,txcosts_median_usd,0.0405239104203321
2025-01-24,linea,txcosts_median_usd,0.02337557784783642
2025-01-25,linea,txcosts_median_usd,0.013809109616854928
2025-01-26,linea,txcosts_median_usd,0.01802768290773948
2025-01-27,linea,txcosts_median_usd,0.0332163825255336
2025-01-28,linea,txcosts_median_usd,0.03421991576320344
2025-01-29,linea,txcosts_median_usd,0.028707953360701106
2025-01-30,linea,txcosts_median_usd,0.023614572100429512
2025-01-31,linea,txcosts_median_usd,0.032491123769689295
2025-02-01,linea,txcosts_median_usd,0.029508035557179256
2025-02-02,linea,txcosts_median_usd,0.03582296970210328
2025-02-03,linea,txcosts_median_usd,0.04286118166224605
2025-02-04,linea,txcosts_median_usd,0.033892253080141606
2025-02-05,linea,txcosts_median_usd,0.027950616931910897
2025-02-06,linea,txcosts_median_usd,0.027648335464758665
2025-02-07,linea,txcosts_median_usd,0.025985912551182787
2025-02-08,linea,txcosts_median_usd,0.017189097189632428
2025-02-09,linea,txcosts_median_usd,0.017066716591689676
2025-02-10,linea,txcosts_median_usd,0.021073319408805538
2025-02-11,linea,txcosts_median_usd,0.017099421157409995
2025-02-12,linea,txcosts_median_usd,0.026207005451441424
2025-02-13,linea,txcosts_median_usd,0.022475134776369473
2025-02-14,linea,txcosts_median_usd,0.02308718119148737
2025-02-15,linea,txcosts_median_usd,0.021548219180965427
2025-02-16,linea,txcosts_median_usd,0.021141018551526086
2025-02-17,linea,txcosts_median_usd,0.027366804931109254
2025-02-18,linea,txcosts_median_usd,0.013819202006741933
2025-02-19,linea,txcosts_median_usd,0.013454252675891312
2025-02-20,linea,txcosts_median_usd,0.014398108649886254
2025-02-21,linea,txcosts_median_usd,0.025949622306080673
2025-02-22,linea,txcosts_median_usd,0.020344769178359107
2025-02-23,linea,txcosts_median_usd,0.02081860658928767
2025-02-24,linea,txcosts_median_usd,0.029293975120674564
2025-02-25,linea,txcosts_median_usd,0.0519011872815214
2025-02-26,linea,txcosts_median_usd,0.05911948538725597
2025-02-27,linea,txcosts_median_usd,0.036727504937147416
2025-02-28,linea,txcosts_median_usd,0.03684007099948489
2025-03-01,linea,txcosts_median_usd,0.023236427813783274
2025-03-02,linea,txcosts_median_usd,0.025209644002298977
2025-03-03,linea,txcosts_median_usd,0.02804620017805757
2025-03-04,linea,txcosts_median_usd,0.025655981910720438
2025-03-05,linea,txcosts_median_usd,0.021695795117338743
2025-03-06,linea,txcosts_median_usd,0.027761039228078682
2025-03-07,linea,txcosts_median_usd,0.03255413766176431
2025-03-08,linea,txcosts_median_usd,0.019221913774236682
2025-03-09,linea,txcosts_median_usd,0.021491423734430887
2025-03-10,linea,txcosts_median_usd,0.028750816387845032
2025-03-11,linea,txcosts_median_usd,0.020499821488098594
2025-03-12,linea,txcosts_median_usd,0.014920367586612119
2025-03-13,linea,txcosts_median_usd,0.010439391847146075
2025-03-14,linea,txcosts_median_usd,0.008263808155426529
2025-03-15,linea,txcosts_median_usd,0.009300051956775067
2025-03-16,linea,txcosts_median_usd,0.008439341622417482
2025-03-17,linea,txcosts_median_usd,0.009211246074963285
2025-03-18,linea,txcosts_median_usd,0.009462314214795424
2025-03-19,linea,txcosts_median_usd,0.010569336431453783
2025-03-20,linea,txcosts_median_usd,0.010043312750626917
2025-03-21,linea,txcosts_median_usd,0.008690718917075294
2025-03-22,linea,txcosts_median_usd,0.008943944438395109
2025-03-23,linea,txcosts_median_usd,0.009463665858668707
2025-03-24,linea,txcosts_median_usd,0.009090827758278566
2025-03-25,linea,txcosts_median_usd,0.011563006843208873
2025-03-26,linea,txcosts_median_usd,0.013963774238583318
2025-03-27,linea,txcosts_median_usd,0.011368117887361072
2025-03-28,linea,txcosts_median_usd,0.012983072634251224
2025-03-29,linea,txcosts_median_usd,0.011730819931011
2025-03-30,linea,txcosts_median_usd,0.011524429483436181
2025-03-31,linea,txcosts_median_usd,0.013510853192380155
2025-04-01,linea,txcosts_median_usd,0.014286163376865862
2025-04-02,linea,txcosts_median_usd,0.016869600101055853
2025-04-03,linea,txcosts_median_usd,0.01501458082450277
2025-04-04,linea,txcosts_median_usd,0.017400043343215665
2025-04-05,linea,txcosts_median_usd,0.012048367371552933
2025-04-06,linea,txcosts_median_usd,0.018811040168797016
2025-04-07,linea,txcosts_median_usd,0.023001698159952746
2025-04-08,linea,txcosts_median_usd,0.014946429046404953
2025-04-09,linea,txcosts_median_usd,0.01739751956419459
2025-04-10,linea,txcosts_median_usd,0.018842218661459978
2025-04-11,linea,txcosts_median_usd,0.014749662225196091
2025-04-12,linea,txcosts_median_usd,0.014157294492806546
2025-04-13,linea,txcosts_median_usd,0.015564692819901556
2025-04-14,linea,txcosts_median_usd,0.015962691177668614
2025-04-15,linea,txcosts_median_usd,0.015892514560072468
2025-04-16,linea,txcosts_median_usd,0.016990146280092898
2025-04-17,linea,txcosts_median_usd,0.019205215970537943
2025-04-18,linea,txcosts_median_usd,0.013872454232306559
2025-04-19,linea,txcosts_median_usd,0.010487628237909531
2025-04-20,linea,txcosts_median_usd,0.01203595141165444
2025-04-21,linea,txcosts_median_usd,0.01369777589606153
2025-04-22,linea,txcosts_median_usd,0.019530956340304866
2025-04-23,linea,txcosts_median_usd,0.030935358786967813
2025-04-24,linea,txcosts_median_usd,0.016991462530341204
2025-04-25,linea,txcosts_median_usd,0.019371356128282207
2025-04-26,linea,txcosts_median_usd,0.013387072803323649
2025-04-27,linea,txcosts_median_usd,0.013264702844382033
2025-04-28,linea,txcosts_median_usd,0.014321194685120456
2025-04-29,linea,txcosts_median_usd,0.013169080124967633
2025-04-30,linea,txcosts_median_usd,0.015613107352219345
2025-05-01,linea,txcosts_median_usd,0.017605913518366156
2025-05-02,linea,txcosts_median_usd,0.016605157109002906
2025-05-03,linea,txcosts_median_usd,0.014464445524974459
2025-05-04,linea,txcosts_median_usd,0.012169496122354167
2025-05-05,linea,txcosts_median_usd,0.011739149295708245
2025-05-06,linea,txcosts_median_usd,0.015241563607355454
2025-05-07,linea,txcosts_median_usd,0.013938350005944086
2025-05-08,linea,txcosts_median_usd,0.01606337450485763
2025-05-09,linea,txcosts_median_usd,0.02129784212374966
2025-05-10,linea,txcosts_median_usd,0.020891302986773455
2025-05-11,linea,txcosts_median_usd,0.021424518733342585
2025-05-12,linea,txcosts_median_usd,0.023518764223710537
2025-05-13,linea,txcosts_median_usd,0.02087816458644377
2025-05-14,linea,txcosts_median_usd,0.020296852966201588
2025-05-15,linea,txcosts_median_usd,0.01948580001606723
2025-05-16,linea,txcosts_median_usd,0.014218579283331636
2025-05-17,linea,txcosts_median_usd,0.014542698552812818
2025-05-18,linea,txcosts_median_usd,0.01758932047283085
2025-05-19,linea,txcosts_median_usd,0.019953991586241986
2025-05-20,linea,txcosts_median_usd,0.016476321550289247
2025-05-21,linea,txcosts_median_usd,0.019570575611516025
2025-05-22,linea,txcosts_median_usd,0.01806194853783725
2025-05-23,linea,txcosts_median_usd,0.01714840306449495
2025-05-24,linea,txcosts_median_usd,0.014596120159803452
2025-05-25,linea,txcosts_median_usd,0.01451889869306392
2025-05-26,linea,txcosts_median_usd,0.014961452608301845
2025-05-27,linea,txcosts_median_usd,0.018969965335671905
2025-05-28,linea,txcosts_median_usd,0.019611718037128287
2025-05-29,linea,txcosts_median_usd,0.019674732808833296
2025-05-30,linea,txcosts_median_usd,0.019795430495306195
2025-05-31,linea,txcosts_median_usd,0.01634695258207346
2025-06-01,linea,txcosts_median_usd,0.014715119644991573
2025-06-02,linea,txcosts_median_usd,0.017424486056856838
2025-06-03,linea,txcosts_median_usd,0.017134713791836342
2025-06-04,linea,txcosts_median_usd,0.014815481593162861
2025-06-05,linea,txcosts_median_usd,0.01687643120943161
2025-06-06,linea,txcosts_median_usd,0.014636511258488204
2025-06-07,linea,txcosts_median_usd,0.010892392706045953
2025-06-08,linea,txcosts_median_usd,0.011422719523252647
2025-06-09,linea,txcosts_median_usd,0.018775329759177905
2025-06-10,linea,txcosts_median_usd,0.01874720382601186
2025-06-11,linea,txcosts_median_usd,0.014569061055951356
2025-06-12,linea,txcosts_median_usd,0.015047595130643299
2025-06-13,linea,txcosts_median_usd,0.013697951853096664
2025-06-14,linea,txcosts_median_usd,0.011940445523471831
2025-06-15,linea,txcosts_median_usd,0.01149071839859411
2025-06-16,linea,txcosts_median_usd,0.01567390190930885
2025-06-17,linea,txcosts_median_usd,0.019168573327197316
2025-06-18,linea,txcosts_median_usd,0.01882174883018465
2025-06-19,linea,txcosts_median_usd,0.013865297535645076
2025-06-20,linea,txcosts_median_usd,0.018878827666424167
2025-06-21,linea,txcosts_median_usd,0.017862179523714522
2025-06-22,linea,txcosts_median_usd,0.01897479962463731
2025-06-23,linea,txcosts_median_usd,0.01927925903334841
2025-06-24,linea,txcosts_median_usd,0.017404011953462216
2025-06-25,linea,txcosts_median_usd,0.016881016041807473
2025-06-26,linea,txcosts_median_usd,0.017327028802741593
2025-06-27,linea,txcosts_median_usd,0.01549289273940853
2025-06-28,linea,txcosts_median_usd,0.013384317528754353
2025-06-29,linea,txcosts_median_usd,0.01597848937379865
2025-06-30,linea,txcosts_median_usd,0.01809703251233314
2025-07-01,linea,txcosts_median_usd,0.01643369440549502
2025-07-02,linea,txcosts_median_usd,0.017999408869530064
2025-07-03,linea,txcosts_median_usd,0.019257264876273796
2025-07-04,linea,txcosts_median_usd,0.013054266827964152
2025-07-05,linea,txcosts_median_usd,0.012646551551605888
2025-07-06,linea,txcosts_median_usd,0.014346313886150179
2025-07-07,linea,txcosts_median_usd,0.016165500038736187
2025-07-08,linea,txcosts_median_usd,0.015257812366350909
2025-07-09,linea,txcosts_median_usd,0.018836013825952968
2025-07-10,linea,txcosts_median_usd,0.01914383449901354
2025-07-11,linea,txcosts_median_usd,0.021379115425572835
2025-07-12,linea,txcosts_median_usd,0.01632262706140298
2025-07-13,linea,txcosts_median_usd,0.01613542600415901
2025-07-14,linea,txcosts_median_usd,0.021026261890514274
2025-07-15,linea,txcosts_median_usd,0.022703490453907346
2025-07-16,linea,txcosts_median_usd,0.02287164041038658
2025-07-17,linea,txcosts_median_usd,0.025241396852337224
2025-07-18,linea,txcosts_median_usd,0.020650128442753823
2025-07-19,linea,txcosts_median_usd,0.021038201799320113
2025-07-20,linea,txcosts_median_usd,0.021316954834514658
2025-07-21,linea,txcosts_median_usd,0.023654726413042258
2025-07-22,linea,txcosts_median_usd,0.02425318064230039
2025-07-23,linea,txcosts_median_usd,0.025396363030099726
2025-07-24,linea,txcosts_median_usd,0.027255070853538572
2025-07-25,linea,txcosts_median_usd,0.02896434455955493
2025-07-26,linea,txcosts_median_usd,0.025523537248088854
2025-07-27,linea,txcosts_median_usd,0.022195373518640902
2025-07-28,linea,txcosts_median_usd,0.02373886333954218
2025-07-29,linea,txcosts_median_usd,0.024517983376516055
2025-07-30,linea,txcosts_median_usd,0.024551984529567437
2025-07-31,linea,txcosts_median_usd,0.02258078344950401
2025-08-01,linea,txcosts_median_usd,0.025113117281648965
2025-08-02,linea,txcosts_median_usd,0.024589332674382614
2025-08-03,linea,txcosts_median_usd,0.021040327461857904
2025-08-04,linea,txcosts_median_usd,0.02289042414867567
2025-08-05,linea,txcosts_median_usd,0.027069541694930938
2025-08-06,linea,txcosts_median_usd,0.02763309325490863
2025-08-07,linea,txcosts_median_usd,0.03106142135563875
2025-08-08,linea,txcosts_median_usd,0.02897241496576912
2025-08-09,linea,txcosts_median_usd,0.026021157515081363
2025-08-10,linea,txcosts_median_usd,0.027344480794857597
2025-08-11,linea,txcosts_median_usd,0.027286342296899427
2025-08-12,linea,txcosts_median_usd,0.02711267667585243
2025-08-13,linea,txcosts_median_usd,0.03524063170546324
2025-08-14,linea,txcosts_median_usd,0.03053263297932962
2025-08-15,linea,txcosts_median_usd,0.034159637698268235
2025-08-16,linea,txcosts_median_usd,0.03522186453596311
2025-08-17,linea,txcosts_median_usd,0.036033861110365856
2025-08-18,linea,txcosts_median_usd,0.0347879732151307
2025-08-19,linea,txcosts_median_usd,0.03413393031252358
2025-08-20,linea,txcosts_median_usd,0.0348810037786818
2025-08-21,linea,txcosts_median_usd,0.035848514975043384
2025-08-22,linea,txcosts_median_usd,0.03528655683398895
2025-08-23,linea,txcosts_median_usd,0.039304030755404305
2025-08-24,linea,txcosts_median_usd,0.03994319239485345
2025-08-25,linea,txcosts_median_usd,0.04089377720584533
2025-08-26,linea,txcosts_median_usd,0.03736651395024493
2025-08-27,linea,txcosts_median_usd,0.029845119156382983
2025-08-28,linea,txcosts_median_usd,0.029182220757062054
2025-08-29,linea,txcosts_median_usd,0.02989969984737561
2025-08-30,linea,txcosts_median_usd,0.02810159153130602
2025-08-31,linea,txcosts_median_usd,0.028357974537669937
2025-09-01,linea,txcosts_median_usd,0.033831652714184736
2025-09-02,linea,txcosts_median_usd,0.028382097710045084
2025-09-03,linea,txcosts_median_usd,0.027252894729223428
2025-09-04,linea,txcosts_median_usd,0.02727067880323094
2025-09-05,linea,txcosts_median_usd,0.02814376871797817
2025-09-06,linea,txcosts_median_usd,0.025388382650172677
2025-09-07,linea,txcosts_median_usd,0.02519087261245959
2025-09-08,linea,txcosts_median_usd,0.02790843466477496
2025-09-09,linea,txcosts_median_usd,0.02653895580276145
2025-09-10,linea,txcosts_median_usd,0.06515726295480798
2025-09-11,linea,txcosts_median_usd,0.01849933163546022
2025-09-12,linea,txcosts_median_usd,0.021187319630150397
2025-09-13,linea,txcosts_median_usd,0.027813056292326596
2025-09-14,linea,txcosts_median_usd,0.03526318703190416
2025-09-15,linea,txcosts_median_usd,0.04008320421066896
2025-09-16,linea,txcosts_median_usd,0.04205068722987722
2025-09-17,linea,txcosts_median_usd,0.03254680223744118
2025-09-18,linea,txcosts_median_usd,0.03279638259792711
2025-09-19,linea,txcosts_median_usd,0.035911939440855
2025-09-20,linea,txcosts_median_usd,0.035242499726376754
2025-09-21,linea,txcosts_median_usd,0.039491778231598273
2025-09-22,linea,txcosts_median_usd,0.036672603361010185
2025-09-23,linea,txcosts_median_usd,0.03649788233679822
2025-09-24,linea,txcosts_median_usd,0.04151784390731155
2025-09-25,linea,txcosts_median_usd,0.027912034439418695
2025-09-26,linea,txcosts_median_usd,0.0315459452926351
2025-09-27,linea,txcosts_median_usd,0.013621383745814427
2025-09-28,linea,txcosts_median_usd,0.02569706785744174
2025-09-29,linea,txcosts_median_usd,0.03273091677264764
2025-09-30,linea,txcosts_median_usd,0.03216047670562919
2025-10-01,linea,txcosts_median_usd,0.033951500565689234
2025-10-02,linea,txcosts_median_usd,0.035940777893210187
2025-10-03,linea,txcosts_median_usd,0.038844602540221845
2025-10-04,linea,txcosts_median_usd,0.037081754370516924
2025-10-05,linea,txcosts_median_usd,0.03248068121447647
2025-10-06,linea,txcosts_median_usd,0.035271505681030754
2025-10-07,linea,txcosts_median_usd,0.037502554028586245
2025-10-08,linea,txcosts_median_usd,0.028874898611259463
2025-10-09,linea,txcosts_median_usd,0.02859845271070599
2025-10-10,linea,txcosts_median_usd,0.043522988353346115
2025-10-11,linea,txcosts_median_usd,0.03670358595351926
2025-10-12,linea,txcosts_median_usd,0.0332949626689148
2025-10-13,linea,txcosts_median_usd,0.03527409240940347
2025-10-14,linea,txcosts_median_usd,0.036449622674249414
2025-10-15,linea,txcosts_median_usd,0.030200007510923426
2025-10-16,linea,txcosts_median_usd,0.0345082950077122
2025-10-17,linea,txcosts_median_usd,0.03596970597441669
2025-10-18,linea,txcosts_median_usd,0.028761340763290618
2025-10-19,linea,txcosts_median_usd,0.033696905840225
2025-10-20,linea,txcosts_median_usd,0.037044567380423145
2025-10-21,linea,txcosts_median_usd,0.03630802595363687
2025-10-22,linea,txcosts_median_usd,0.03269701742765358
2025-10-23,linea,txcosts_median_usd,0.03135684051248297
2025-10-24,linea,txcosts_median_usd,0.03400773264356758
2025-10-25,linea,txcosts_median_usd,0.023180807817292953
2025-10-26,linea,txcosts_median_usd,0.034240236875755226
2025-10-27,linea,txcosts_median_usd,0.03375566387373429
2025-10-28,linea,txcosts_median_usd,0.03167363952767443
2025-10-29,linea,txcosts_median_usd,0.03188796168606678
2025-10-30,linea,txcosts_median_usd,0.03213159181264294
2025-10-31,linea,txcosts_median_usd,0.03158167135094661
2025-11-01,linea,txcosts_median_usd,0.04053076990544761
2025-11-02,linea,txcosts_median_usd,0.03916282547473168
2025-11-03,linea,txcosts_median_usd,0.03899408015437196
2025-11-04,linea,txcosts_median_usd,0.028560986056235794
2025-11-05,linea,txcosts_median_usd,0.022835473736869442
2025-11-06,linea,txcosts_median_usd,0.02005597147418702
2025-11-07,linea,txcosts_median_usd,0.0316633961801359
2025-11-08,linea,txcosts_median_usd,0.03316552635517869
2025-11-09,linea,txcosts_median_usd,0.011736106223786407
2025-11-10,linea,txcosts_median_usd,0.013000501077269628
2025-11-11,linea,txcosts_median_usd,0.013775788513889916
2025-11-12,linea,txcosts_median_usd,0.02633383970941868
2025-11-13,linea,txcosts_median_usd,0.03170053728055307
2025-11-14,linea,txcosts_median_usd,0.022965672359780073
2025-11-15,linea,txcosts_median_usd,0.014625390496748318
2025-11-16,linea,txcosts_median_usd,0.015394238240826943
2025-11-17,linea,txcosts_median_usd,0.015461792382088014
2025-11-18,linea,txcosts_median_usd,0.019952075764463388
2025-11-19,linea,txcosts_median_usd,0.019624661830810405
2025-11-20,linea,txcosts_median_usd,0.022228251590406728
2025-11-21,linea,txcosts_median_usd,0.022908357256747995
2025-11-22,linea,txcosts_median_usd,0.018251406901606884
2025-11-23,linea,txcosts_median_usd,0.0177769176310256
2025-11-24,linea,txcosts_median_usd,0.018149751867576423
2025-11-25,linea,txcosts_median_usd,0.017663616383032404
2025-11-26,linea,txcosts_median_usd,0.016218713445940412
2025-11-27,linea,txcosts_median_usd,0.011587664025045883
2025-11-28,linea,txcosts_median_usd,0.011188293566126242
2025-11-29,linea,txcosts_median_usd,0.009371467333678139
2025-11-30,linea,txcosts_median_usd,0.010825708899792359
2025-12-01,linea,txcosts_median_usd,0.01658794679495529
2025-12-02,linea,txcosts_median_usd,0.01463776006627292
2025-12-03,linea,txcosts_median_usd,0.01661410634151766
2025-12-04,linea,txcosts_median_usd,0.016642924194301165
2025-12-05,linea,txcosts_median_usd,0.01625870050222813
2025-12-06,linea,txcosts_median_usd,0.014302363183256516
2025-12-07,linea,txcosts_median_usd,0.016158147059292815
2025-12-08,linea,txcosts_median_usd,0.017236175542376653
2025-12-09,linea,txcosts_median_usd,0.0199633502238202
2025-12-10,linea,txcosts_median_usd,0.019730151203201016
2025-12-11,linea,txcosts_median_usd,0.019202223472843283
2025-12-12,linea,txcosts_median_usd,0.01698338928890403
2025-12-13,linea,txcosts_median_usd,0.008959055860285595
2025-12-14,linea,txcosts_median_usd,0.00916759651829797
2025-12-15,linea,txcosts_median_usd,0.008866720531871104
2025-12-16,linea,txcosts_median_usd,0.009531421721600965
2025-12-17,linea,txcosts_median_usd,0.009718809843997318
2025-12-18,linea,txcosts_median_usd,0.009894469033374827
2025-12-19,linea,txcosts_median_usd,0.009520829142026212
2025-12-20,linea,txcosts_median_usd,0.009001146154817608
2025-12-21,linea,txcosts_median_usd,0.009116350909975715
2025-12-22,linea,txcosts_median_usd,0.009822226537365522
2025-12-23,linea,txcosts_median_usd,0.009058928031743702
2025-12-24,linea,txcosts_median_usd,0.008788482049734845
2025-12-25,linea,txcosts_median_usd,0.008028708900126948
2025-12-26,linea,txcosts_median_usd,0.008150106148569885
2025-12-27,linea,txcosts_median_usd,0.007389410409400314
2025-12-28,linea,txcosts_median_usd,0.007584133591313434
2025-12-29,linea,txcosts_median_usd,0.007380546678174936
2025-12-30,linea,txcosts_median_usd,0.0068855817612335606
2025-12-31,linea,txcosts_median_usd,0.006441055355565345
2026-01-01,linea,txcosts_median_usd,0.0061791341674030595
2026-01-02,linea,txcosts_median_usd,0.006506903924125734
2026-01-03,linea,txcosts_median_usd,0.006502228327203133
2026-01-04,linea,txcosts_median_usd,0.006672381566445343
2026-01-05,linea,txcosts_median_usd,0.006592615494499389
2026-01-06,linea,txcosts_median_usd,0.006674652883345421
2026-01-07,linea,txcosts_median_usd,0.006861719351847597
2026-01-08,linea,txcosts_median_usd,0.006590367720850638
2026-01-09,linea,txcosts_median_usd,0.006465404070274765
2026-01-10,linea,txcosts_median_usd,0.006383685193685513
2026-01-11,linea,txcosts_median_usd,0.006374174483541095
2026-01-12,linea,txcosts_median_usd,0.00644804476182864
2026-01-13,linea,txcosts_median_usd,0.006346352558756066
2026-01-14,linea,txcosts_median_usd,0.006655877518348427
2026-01-15,linea,txcosts_median_usd,0.006746607629528098
2026-01-16,linea,txcosts_median_usd,0.006814421999663296
2026-01-17,linea,txcosts_median_usd,0.006606709967516763
2026-01-18,linea,txcosts_median_usd,0.006943746251634528
2026-01-19,linea,txcosts_median_usd,0.006897694079737191
2026-01-20,linea,txcosts_median_usd,0.007754622981249412
2026-01-21,linea,txcosts_median_usd,0.00744736934354184
2026-01-22,linea,txcosts_median_usd,0.007633121332851342
2026-01-23,linea,txcosts_median_usd,0.007177206763457657
2026-01-24,linea,txcosts_median_usd,0.006926290428039528
2026-01-25,linea,txcosts_median_usd,0.006333725795175887
2026-01-26,linea,txcosts_median_usd,0.0067502402684141575
2026-01-27,linea,txcosts_median_usd,0.007191174242609256
2026-01-28,linea,txcosts_median_usd,0.009131343016112627
2026-01-29,linea,txcosts_median_usd,0.009465728270991687
2026-01-30,linea,txcosts_median_usd,0.010904883217561216
2026-01-31,linea,txcosts_median_usd,0.016173875817412444
2026-02-01,linea,txcosts_median_usd,0.016150714022137205
2026-02-02,linea,txcosts_median_usd,0.016561245822127597
2026-02-03,linea,txcosts_median_usd,0.015407924053661972
2026-02-04,linea,txcosts_median_usd,0.015158602618997333
2026-02-05,linea,txcosts_median_usd,0.016636062302697922
2026-02-06,linea,txcosts_median_usd,0.013406418951389514
2026-02-07,linea,txcosts_median_usd,0.013099896932533472
2026-02-08,linea,txcosts_median_usd,0.011844711493972742
2026-02-09,linea,txcosts_median_usd,0.0130826859675996
2026-02-10,linea,txcosts_median_usd,0.013096403235455844
2026-02-11,linea,txcosts_median_usd,0.015886306140585147
2026-02-12,linea,txcosts_median_usd,0.017080579753983787
2026-02-13,linea,txcosts_median_usd,0.01215064940203725
2026-02-14,linea,txcosts_median_usd,0.01283248383028988
2026-02-15,linea,txcosts_median_usd,0.01308207033224828
2026-02-16,linea,txcosts_median_usd,0.012263596767205221
2026-02-17,linea,txcosts_median_usd,0.012493332504165032
2026-02-18,linea,txcosts_median_usd,0.01263461137425329
2026-02-19,linea,txcosts_median_usd,0.012347200452133004
2026-02-20,linea,txcosts_median_usd,0.013190799055334445
2026-02-21,linea,txcosts_median_usd,0.009795007057473005
2026-02-22,linea,txcosts_median_usd,0.010505067096925851
2026-02-23,linea,txcosts_median_usd,0.013237625503910505
2026-02-24,linea,txcosts_median_usd,0.013680943854219814
2026-02-25,linea,txcosts_median_usd,0.009205828451389425
2026-02-26,linea,txcosts_median_usd,0.00933524060730031
2026-02-27,linea,txcosts_median_usd,0.011241123490825693
2026-02-28,linea,txcosts_median_usd,0.009080003336113878
2026-03-01,linea,txcosts_median_usd,0.011481737052350206
2026-03-02,linea,txcosts_median_usd,0.013613950659275459
2026-03-03,linea,txcosts_median_usd,0.005226180832960245
2026-03-04,linea,txcosts_median_usd,0.005377955229196485
2026-03-05,linea,txcosts_median_usd,0.013479191145623126
2026-03-06,linea,txcosts_median_usd,0.01447949025377124
2026-03-07,linea,txcosts_median_usd,0.011231417887449333
2026-03-08,linea,txcosts_median_usd,0.012300265469404291
2026-03-09,linea,txcosts_median_usd,0.012951494674264525
2026-03-10,linea,txcosts_median_usd,0.014693209584481023
2026-03-11,linea,txcosts_median_usd,0.012855397324326168
2026-03-12,linea,txcosts_median_usd,0.012642944825925548
2026-03-13,linea,txcosts_median_usd,0.01567057917845902
2026-03-14,linea,txcosts_median_usd,0.009827174583180267
2026-03-15,linea,txcosts_median_usd,0.01554239503921177
2026-03-16,linea,txcosts_median_usd,0.015873284256412233
2026-03-17,linea,txcosts_median_usd,0.01455698138578849
2026-03-18,linea,txcosts_median_usd,0.014476101074628756
2026-03-19,linea,txcosts_median_usd,0.01359046777077987
2026-03-20,linea,txcosts_median_usd,0.012788364475120693
2026-03-21,linea,txcosts_median_usd,0.012449716488529564
2026-03-22,linea,txcosts_median_usd,0.01181276005030864
2026-03-23,linea,txcosts_median_usd,0.011254917527903148
2026-03-24,linea,txcosts_median_usd,0.013029280776940336
2026-03-25,linea,txcosts_median_usd,0.013297671515555987
2026-03-26,linea,txcosts_median_usd,0.012132392698413255
2026-03-27,linea,txcosts_median_usd,0.012219199399318877
2026-03-28,linea,txcosts_median_usd,0.00999276627887723
2026-03-29,linea,txcosts_median_usd,0.011425989324863016
2026-03-30,linea,txcosts_median_usd,0.011091314737774392
2026-03-31,linea,txcosts_median_usd,0.012745372459265382
2026-04-01,linea,txcosts_median_usd,0.012985178534288391
2026-04-02,linea,txcosts_median_usd,0.013262163174542065
2026-04-03,linea,txcosts_median_usd,0.010833026292917183
2026-04-04,linea,txcosts_median_usd,0.01271402539469699
2026-04-05,linea,txcosts_median_usd,0.013441986048842043
2026-04-06,linea,txcosts_median_usd,0.013661397115235849
2026-04-07,linea,txcosts_median_usd,0.013109701787923865
2026-04-08,linea,txcosts_median_usd,0.011929536821164476
2026-04-09,linea,txcosts_median_usd,0.01279652987485667
2026-04-10,linea,txcosts_median_usd,0.01358775196398126
2026-04-11,linea,txcosts_median_usd,0.014557394615648176
2026-04-12,linea,txcosts_median_usd,0.01273625919447781
2026-04-13,linea,txcosts_median_usd,0.014274179844940971
2026-04-14,linea,txcosts_median_usd,0.013448760910809245
2026-04-15,linea,txcosts_median_usd,0.014439148327006041
2026-04-16,linea,txcosts_median_usd,0.01601393818739408
2026-04-17,linea,txcosts_median_usd,0.016595245179022236
2026-04-18,linea,txcosts_median_usd,0.0164301090305642
2026-04-19,linea,txcosts_median_usd,0.015685449532387704
2026-04-20,linea,txcosts_median_usd,0.017146531113218108
2026-04-21,linea,txcosts_median_usd,0.013537030088836758
2026-04-22,linea,txcosts_median_usd,0.010805168937541233
2026-04-23,linea,txcosts_median_usd,0.012106304109534168
2026-04-24,linea,txcosts_median_usd,0.01072901503588622
2026-04-25,linea,txcosts_median_usd,0.013907693021794912
2026-04-26,linea,txcosts_median_usd,0.013567811031496771
2026-04-27,linea,txcosts_median_usd,0.015657335913921912
2026-04-28,linea,txcosts_median_usd,0.012641163984176324
2026-04-29,linea,txcosts_median_usd,0.012528695815397662
2026-04-30,linea,txcosts_median_usd,0.010679871686262695
2026-05-01,linea,txcosts_median_usd,0.010577842084576043
2026-05-02,linea,txcosts_median_usd,0.01018268895801585
2026-05-03,linea,txcosts_median_usd,0.012834996402282162
2026-05-04,linea,txcosts_median_usd,0.011713632326163754
2026-05-05,linea,txcosts_median_usd,0.01138536283860024
2026-05-06,linea,txcosts_median_usd,0.013268844935283556
2026-05-07,linea,txcosts_median_usd,0.01117886969977751
2026-05-08,linea,txcosts_median_usd,0.013885534886872981
2026-05-09,linea,txcosts_median_usd,0.011079627301813123
2026-05-10,linea,txcosts_median_usd,0.0016285200950302604
2026-05-11,linea,txcosts_median_usd,0.0065300348408233455
2026-05-12,linea,txcosts_median_usd,0.01360078248325922
2026-05-13,linea,txcosts_median_usd,0.014105433778285806
2026-05-14,linea,txcosts_median_usd,0.013943506205934868
2026-05-15,linea,txcosts_median_usd,0.013515031491670304
2026-05-16,linea,txcosts_median_usd,0.010580792038562797
2026-05-17,linea,txcosts_median_usd,0.010178444173450958
2026-05-18,linea,txcosts_median_usd,0.016896772755242137
2026-05-19,linea,txcosts_median_usd,0.010489749664852784
2026-05-20,linea,txcosts_median_usd,0.008764487241367512
2026-05-21,linea,txcosts_median_usd,0.009859042288182927
2026-05-22,linea,txcosts_median_usd,0.010198054308435728
2026-05-23,linea,txcosts_median_usd,0.009666558151743826
2026-05-24,linea,txcosts_median_usd,0.01038991846006036
2026-05-25,linea,txcosts_median_usd,0.010356395976798978
2026-05-26,linea,txcosts_median_usd,0.013260884915164431
2026-05-27,linea,txcosts_median_usd,0.020148290184511065
2026-05-28,linea,txcosts_median_usd,0.012113242272017438
2026-05-29,linea,txcosts_median_usd,0.01051865847998599
2026-05-30,linea,txcosts_median_usd,0.009111083227474398
2026-05-31,linea,txcosts_median_usd,0.011332120757064646
2026-06-01,linea,txcosts_median_usd,0.013857708223632812
2026-06-02,linea,txcosts_median_usd,0.015335361710001863
2026-06-03,linea,txcosts_median_usd,0.013156546372425264
2026-06-04,linea,txcosts_median_usd,0.014807979562228605
2026-06-05,linea,txcosts_median_usd,0.01475517177651785
2026-06-06,linea,txcosts_median_usd,0.011434007872244344
2026-06-07,linea,txcosts_median_usd,0.01268998833496069
2026-06-08,linea,txcosts_median_usd,0.013061203592678164
2026-06-09,linea,txcosts_median_usd,0.007297740835540105
2026-06-10,linea,txcosts_median_usd,0.01300939695144672
2026-06-11,linea,txcosts_median_usd,0.05189575148625464
2026-06-12,linea,txcosts_median_usd,0.03904555469354206
2026-06-13,linea,txcosts_median_usd,0.03682115118297735
2026-06-14,linea,txcosts_median_usd,0.11866935598834541
2026-06-15,linea,txcosts_median_usd,0.021430326051218
2026-06-16,linea,txcosts_median_usd,0.010831204816045305
2026-06-17,linea,txcosts_median_usd,0.007732550435300042
2026-06-18,linea,txcosts_median_usd,0.007860847073477978
2026-06-19,linea,txcosts_median_usd,0.011209947217961327
2026-06-20,linea,txcosts_median_usd,0.009467695113145103
2026-06-21,linea,txcosts_median_usd,0.00978240964560384
2026-06-22,linea,txcosts_median_usd,0.00873946332903122
2026-06-23,linea,txcosts_median_usd,0.013038838233229278
2026-06-24,linea,txcosts_median_usd,0.014057722327735113
2026-06-25,linea,txcosts_median_usd,0.013631242670632029
2026-06-26,linea,txcosts_median_usd,0.014440971524420051
2026-06-27,linea,txcosts_median_usd,0.008696555820554418
2026-06-28,linea,txcosts_median_usd,0.012270525872595122
2026-06-29,linea,txcosts_median_usd,0.013270700231286117
2026-06-30,linea,txcosts_median_usd,0.014492819996670734
2026-07-01,linea,txcosts_median_usd,0.012551786876053614
2026-07-02,linea,txcosts_median_usd,0.011402229475857206
2026-07-03,linea,txcosts_median_usd,0.01216272137668661
2026-07-04,linea,txcosts_median_usd,0.012505717362101328
2026-07-05,linea,txcosts_median_usd,0.011688844551239905
2026-07-06,linea,txcosts_median_usd,0.016449279372533297
2026-07-07,linea,txcosts_median_usd,0.014993551943217076
2026-07-08,linea,txcosts_median_usd,0.014336659745999195
2026-07-09,linea,txcosts_median_usd,0.010714317307518057
2026-07-10,linea,txcosts_median_usd,0.012654250228198822
2026-07-11,linea,txcosts_median_usd,0.01167811246909738
2026-07-12,linea,txcosts_median_usd,0.014857961237508632
2026-07-13,linea,txcosts_median_usd,0.0071667156882588715
2026-07-14,linea,txcosts_median_usd,0.004631405068273522
2026-07-15,linea,txcosts_median_usd,0.007562985348131081
2026-07-16,linea,txcosts_median_usd,0.008929804237266397
2026-07-17,linea,txcosts_median_usd,0.010656136511766476
2026-07-18,linea,txcosts_median_usd,0.004868643832042897
2026-07-19,linea,txcosts_median_usd,0.006044234211489038
2026-07-20,linea,txcosts_median_usd,0.0074732135930532075
2026-07-21,linea,txcosts_median_usd,0.009540913752349434
2026-07-22,linea,txcosts_median_usd,0.020057243063616045
2026-07-23,linea,txcosts_median_usd,0.01824134775952964
2026-07-24,linea,txcosts_median_usd,0.01432765932439561
2026-07-25,linea,txcosts_median_usd,0.03480059085691728
2026-07-26,linea,txcosts_median_usd,0.028065571855005425
2026-07-27,linea,txcosts_median_usd,0.030003544244498408
2026-07-28,linea,txcosts_median_usd,0.046172762296366486
2026-07-29,linea,txcosts_median_usd,0.031336868439687554
2026-07-30,linea,txcosts_median_usd,0.011824135267135527
2026-07-31,linea,txcosts_median_usd,0.02027676994405886
2026-08-01,linea,txcosts_median_usd,0.02205693166686339
2026-08-02,linea,txcosts_median_usd,0.02181195374887432
2026-08-03,linea,txcosts_median_usd,0.021827692559611745
2026-08-04,linea,txcosts_median_usd,0.02949910556515054
2026-08-05,linea,txcosts_median_usd,0.028262541521105335
2026-08-06,linea,txcosts_median_usd,0.022603025674438757
2026-08-07,linea,txcosts_median_usd,0.014564113343080207
2026-08-08,linea,txcosts_median_usd,0.02174963946481681
2026-08-09,linea,txcosts_median_usd,0.01269840079198159
2026-08-10,linea,txcosts_median_usd,0.006709540783394243
2026-08-11,linea,txcosts_median_usd,0.004886557640911054
2026-08-12,linea,txcosts_median_usd,0.030178967048950955
2026-08-13,linea,txcosts_median_usd,0.011608924786084681
2026-08-14,linea,txcosts_median_usd,0.022136388058129862
2026-08-15,linea,txcosts_median_usd,0.018914701744440248
2026-08-16,linea,txcosts_median_usd,0.030465715171495256
2026-08-17,linea,txcosts_median_usd,0.018894041276812695
2026-08-18,linea,txcosts_median_usd,0.020941228602639465
2026-08-19,linea,txcosts_median_usd,0.017734279936256
2026-08-20,linea,txcosts_median_usd,0.01939398548752344
2021-11-11,optimism,txcosts_median_usd,5.405935080928995
2021-11-12,optimism,txcosts_median_usd,4.677674912783979
2021-11-13,optimism,txcosts_median_usd,4.270751141111519
2021-11-14,optimism,txcosts_median_usd,3.6794160523265624
2021-11-15,optimism,txcosts_median_usd,5.05484880152491
2021-11-16,optimism,txcosts_median_usd,4.58767268186846
2021-11-17,optimism,txcosts_median_usd,3.860678626257372
2021-11-18,optimism,txcosts_median_usd,4.351030647857152
2021-11-19,optimism,txcosts_median_usd,3.405607761097727
2021-11-20,optimism,txcosts_median_usd,3.20107141415819
2021-11-21,optimism,txcosts_median_usd,3.3135680850520908
2021-11-22,optimism,txcosts_median_usd,4.3456721985710764
2021-11-23,optimism,txcosts_median_usd,3.575530453507976
2021-11-24,optimism,txcosts_median_usd,3.9105715933354346
2021-11-25,optimism,txcosts_median_usd,3.6744714628695756
2021-11-26,optimism,txcosts_median_usd,3.6092777655969908
2021-11-27,optimism,txcosts_median_usd,2.902668983097652
2021-11-28,optimism,txcosts_median_usd,3.175775782248406
2021-11-29,optimism,txcosts_median_usd,3.7329771423946894
2021-11-30,optimism,txcosts_median_usd,3.996015666938179
2021-12-01,optimism,txcosts_median_usd,4.421966799164163
2021-12-02,optimism,txcosts_median_usd,3.519945627322212
2021-12-03,optimism,txcosts_median_usd,3.6175993649138496
2021-12-04,optimism,txcosts_median_usd,3.729495458274839
2021-12-05,optimism,txcosts_median_usd,2.979856587338819
2021-12-06,optimism,txcosts_median_usd,2.996663779662097
2021-12-07,optimism,txcosts_median_usd,2.769183814048509
2021-12-08,optimism,txcosts_median_usd,2.3605881902775367
2021-12-09,optimism,txcosts_median_usd,2.5641942258718893
2021-12-10,optimism,txcosts_median_usd,2.2385672489080743
2021-12-11,optimism,txcosts_median_usd,1.8355188697907034
2021-12-12,optimism,txcosts_median_usd,1.609232722536296
2021-12-13,optimism,txcosts_median_usd,2.6306399217451317
2021-12-14,optimism,txcosts_median_usd,2.05751620150595
2021-12-15,optimism,txcosts_median_usd,2.540531908870523
2021-12-16,optimism,txcosts_median_usd,2.4060082238343363
2021-12-17,optimism,txcosts_median_usd,2.2594473919808014
2021-12-18,optimism,txcosts_median_usd,1.7102296156858392
2021-12-19,optimism,txcosts_median_usd,1.4482597785791447
2021-12-20,optimism,txcosts_median_usd,1.6105255696690406
2021-12-21,optimism,txcosts_median_usd,1.7984518925482573
2021-12-22,optimism,txcosts_median_usd,2.051830568154458
2021-12-23,optimism,txcosts_median_usd,2.1551610236029366
2021-12-24,optimism,txcosts_median_usd,1.948424236918607
2021-12-25,optimism,txcosts_median_usd,1.9951376584026046
2021-12-26,optimism,txcosts_median_usd,1.6051931059950222
2021-12-27,optimism,txcosts_median_usd,2.1437541141156857
2021-12-28,optimism,txcosts_median_usd,2.710737104899433
2021-12-29,optimism,txcosts_median_usd,3.3158999580629978
2021-12-30,optimism,txcosts_median_usd,2.7432664064938472
2021-12-31,optimism,txcosts_median_usd,2.4545141423781676
2022-01-01,optimism,txcosts_median_usd,1.961173538789045
2022-01-02,optimism,txcosts_median_usd,2.581247911968713
2022-01-03,optimism,txcosts_median_usd,2.8789515445496128
2022-01-04,optimism,txcosts_median_usd,3.0430327420854955
2022-01-05,optimism,txcosts_median_usd,4.102002086965387
2022-01-06,optimism,txcosts_median_usd,3.237525960648661
2022-01-07,optimism,txcosts_median_usd,3.3643050707675366
2022-01-08,optimism,txcosts_median_usd,1.9301936243477444
2022-01-09,optimism,txcosts_median_usd,2.1125980341987396
2022-01-10,optimism,txcosts_median_usd,3.8965666699765475
2022-01-11,optimism,txcosts_median_usd,2.8073596492340833
2022-01-12,optimism,txcosts_median_usd,2.726839281442975
2022-01-13,optimism,txcosts_median_usd,2.9015259283214823
2022-01-14,optimism,txcosts_median_usd,2.774138500612921
2022-01-15,optimism,txcosts_median_usd,2.2119858209425356
2022-01-16,optimism,txcosts_median_usd,2.1041051387501972
2022-01-17,optimism,txcosts_median_usd,2.2613278998049844
2022-01-18,optimism,txcosts_median_usd,1.8718791614658121
2022-01-19,optimism,txcosts_median_usd,1.8172277128067977
2022-01-20,optimism,txcosts_median_usd,2.206198421246895
2022-01-21,optimism,txcosts_median_usd,2.955597836977374
2022-01-22,optimism,txcosts_median_usd,2.159380213564121
2022-01-23,optimism,txcosts_median_usd,1.570645159823674
2022-01-24,optimism,txcosts_median_usd,1.9618562107331867
2022-01-25,optimism,txcosts_median_usd,1.6759410089371642
2022-01-26,optimism,txcosts_median_usd,2.0187891613562656
2022-01-27,optimism,txcosts_median_usd,2.019080430156438
2022-01-28,optimism,txcosts_median_usd,1.7533580040217662
2022-01-29,optimism,txcosts_median_usd,1.5422737857138888
2022-01-30,optimism,txcosts_median_usd,1.5078394546006613
2022-01-31,optimism,txcosts_median_usd,1.6283125300402923
2022-02-01,optimism,txcosts_median_usd,2.0561658596284182
2022-02-02,optimism,txcosts_median_usd,2.0141069171436947
2022-02-03,optimism,txcosts_median_usd,1.627273513652328
2022-02-04,optimism,txcosts_median_usd,1.5569248158836386
2022-02-05,optimism,txcosts_median_usd,1.1774160794469022
2022-02-06,optimism,txcosts_median_usd,1.1813305178700848
2022-02-07,optimism,txcosts_median_usd,1.8868576940780286
2022-02-08,optimism,txcosts_median_usd,1.486172773743029
2022-02-09,optimism,txcosts_median_usd,1.399448296590598
2022-02-10,optimism,txcosts_median_usd,1.7497752177967638
2022-02-11,optimism,txcosts_median_usd,1.3299511678646418
2022-02-12,optimism,txcosts_median_usd,0.9660301815064354
2022-02-13,optimism,txcosts_median_usd,0.9003042417828313
2022-02-14,optimism,txcosts_median_usd,0.9605845698924579
2022-02-15,optimism,txcosts_median_usd,0.9944103565610585
2022-02-16,optimism,txcosts_median_usd,1.2934816384950278
2022-02-17,optimism,txcosts_median_usd,1.3007519522966078
2022-02-18,optimism,txcosts_median_usd,2.0362899288497216
2022-02-19,optimism,txcosts_median_usd,1.0779265648553822
2022-02-20,optimism,txcosts_median_usd,1.0114965831438725
2022-02-21,optimism,txcosts_median_usd,1.757278796204869
2022-02-22,optimism,txcosts_median_usd,1.3967599550265588
2022-02-23,optimism,txcosts_median_usd,1.295362934020675
2022-02-24,optimism,txcosts_median_usd,1.4973276237088522
2022-02-25,optimism,txcosts_median_usd,0.9711357401605152
2022-02-26,optimism,txcosts_median_usd,0.7725500189419723
2022-02-27,optimism,txcosts_median_usd,0.7554299100039588
2022-02-28,optimism,txcosts_median_usd,0.953468024616928
2022-03-01,optimism,txcosts_median_usd,1.0705903482606496
2022-03-02,optimism,txcosts_median_usd,1.0112350437624797
2022-03-03,optimism,txcosts_median_usd,0.9319379403359929
2022-03-04,optimism,txcosts_median_usd,0.8268841207705975
2022-03-05,optimism,txcosts_median_usd,0.5829152045382399
2022-03-06,optimism,txcosts_median_usd,0.5543898970985204
2022-03-07,optimism,txcosts_median_usd,0.6486113010718908
2022-03-08,optimism,txcosts_median_usd,0.5864053028112738
2022-03-09,optimism,txcosts_median_usd,0.590784096900528
2022-03-10,optimism,txcosts_median_usd,0.5421468347417191
2022-03-11,optimism,txcosts_median_usd,0.4290476458045264
2022-03-12,optimism,txcosts_median_usd,0.34183450734009674
2022-03-13,optimism,txcosts_median_usd,0.4467226375901161
2022-03-14,optimism,txcosts_median_usd,0.4567707902503404
2022-03-15,optimism,txcosts_median_usd,0.582203379913559
2022-03-16,optimism,txcosts_median_usd,0.7316302644511511
2022-03-17,optimism,txcosts_median_usd,0.7702253610841785
2022-03-18,optimism,txcosts_median_usd,0.9600955332593887
2022-03-19,optimism,txcosts_median_usd,0.5427007897676823
2022-03-20,optimism,txcosts_median_usd,0.43967367135772933
2022-03-21,optimism,txcosts_median_usd,0.5699717989204682
2022-03-22,optimism,txcosts_median_usd,0.7103590114486418
2022-03-23,optimism,txcosts_median_usd,0.7154861791615862
2022-03-24,optimism,txcosts_median_usd,0.8994929046042273
2022-03-25,optimism,txcosts_median_usd,0.8882072249542489
2022-03-26,optimism,txcosts_median_usd,0.5887065752747704
2022-03-27,optimism,txcosts_median_usd,0.6647355629364531
2022-03-28,optimism,txcosts_median_usd,1.046442808390714
2022-03-29,optimism,txcosts_median_usd,0.9850382785133368
2022-03-30,optimism,txcosts_median_usd,1.033215476174756
2022-03-31,optimism,txcosts_median_usd,1.113033036936479
2022-04-01,optimism,txcosts_median_usd,1.2209802342612415
2022-04-02,optimism,txcosts_median_usd,1.2040786043569076
2022-04-03,optimism,txcosts_median_usd,1.037040450070884
2022-04-04,optimism,txcosts_median_usd,1.4430448989180114
2022-04-05,optimism,txcosts_median_usd,1.4361770694909384
2022-04-06,optimism,txcosts_median_usd,1.0430825251082176
2022-04-07,optimism,txcosts_median_usd,0.8767166158482652
2022-04-08,optimism,txcosts_median_usd,0.8700661625866195
2022-04-09,optimism,txcosts_median_usd,0.576440232197544
2022-04-10,optimism,txcosts_median_usd,0.5540457287280905
2022-04-11,optimism,txcosts_median_usd,0.7207774396629228
2022-04-12,optimism,txcosts_median_usd,0.7124397305333102
2022-04-13,optimism,txcosts_median_usd,0.7476836114918195
2022-04-14,optimism,txcosts_median_usd,0.6960980289636952
2022-04-15,optimism,txcosts_median_usd,0.6003804099651754
2022-04-16,optimism,txcosts_median_usd,0.41471328097482657
2022-04-17,optimism,txcosts_median_usd,0.3779094024528772
2022-04-18,optimism,txcosts_median_usd,0.5331780568977014
2022-04-19,optimism,txcosts_median_usd,0.6469088647245749
2022-04-20,optimism,txcosts_median_usd,0.8115603442555063
2022-04-21,optimism,txcosts_median_usd,0.8746835467421212
2022-04-22,optimism,txcosts_median_usd,0.6716110280217048
2022-04-23,optimism,txcosts_median_usd,0.457961998055462
2022-04-24,optimism,txcosts_median_usd,0.42095048938095075
2022-04-25,optimism,txcosts_median_usd,0.7331261102590606
2022-04-26,optimism,txcosts_median_usd,0.7695235502485822
2022-04-27,optimism,txcosts_median_usd,0.5775082514684629
2022-04-28,optimism,txcosts_median_usd,0.7094068929008758
2022-04-29,optimism,txcosts_median_usd,0.67995247361289
2022-04-30,optimism,txcosts_median_usd,0.7011438786016313
2022-05-01,optimism,txcosts_median_usd,0.9109543277918055
2022-05-02,optimism,txcosts_median_usd,0.958728767700265
2022-05-03,optimism,txcosts_median_usd,0.8917435932846257
2022-05-04,optimism,txcosts_median_usd,0.695577335539357
2022-05-05,optimism,txcosts_median_usd,0.9190204509306292
2022-05-06,optimism,txcosts_median_usd,0.5986923684549367
2022-05-07,optimism,txcosts_median_usd,0.4260630148638238
2022-05-08,optimism,txcosts_median_usd,0.34768686528192433
2022-05-09,optimism,txcosts_median_usd,0.838567904077017
2022-05-10,optimism,txcosts_median_usd,0.6694233366102085
2022-05-11,optimism,txcosts_median_usd,1.5340614709692106
2022-05-12,optimism,txcosts_median_usd,2.173127742798285
2022-05-13,optimism,txcosts_median_usd,0.8301002213112204
2022-05-14,optimism,txcosts_median_usd,0.39228434419363656
2022-05-15,optimism,txcosts_median_usd,0.2513045529385028
2022-05-16,optimism,txcosts_median_usd,0.2612509411080518
2022-05-17,optimism,txcosts_median_usd,0.34170322192027497
2022-05-18,optimism,txcosts_median_usd,0.3168756809805962
2022-05-19,optimism,txcosts_median_usd,0.2600680777736446
2022-05-20,optimism,txcosts_median_usd,0.31206126417259883
2022-05-21,optimism,txcosts_median_usd,0.19463543943915396
2022-05-22,optimism,txcosts_median_usd,0.21050823628250792
2022-05-23,optimism,txcosts_median_usd,0.2736460835919759
2022-05-24,optimism,txcosts_median_usd,0.2710683489325105
2022-05-25,optimism,txcosts_median_usd,0.3017619496767299
2022-05-26,optimism,txcosts_median_usd,0.5189474692487326
2022-05-27,optimism,txcosts_median_usd,0.383846007501004
2022-05-28,optimism,txcosts_median_usd,0.17926497721028412
2022-05-29,optimism,txcosts_median_usd,0.16817178534686894
2022-05-30,optimism,txcosts_median_usd,0.3128704651945988
2022-05-31,optimism,txcosts_median_usd,0.6556500902741587
2022-06-01,optimism,txcosts_median_usd,0.48231433118315
2022-06-02,optimism,txcosts_median_usd,0.5601310022423418
2022-06-03,optimism,txcosts_median_usd,0.5372705521752774
2022-06-04,optimism,txcosts_median_usd,0.40105248081775946
2022-06-05,optimism,txcosts_median_usd,0.41655592106848344
2022-06-06,optimism,txcosts_median_usd,0.4430191627498248
2022-06-07,optimism,txcosts_median_usd,0.48284599171949244
2022-06-08,optimism,txcosts_median_usd,0.6429906205378784
2022-06-09,optimism,txcosts_median_usd,0.5512122982078115
2022-06-10,optimism,txcosts_median_usd,0.5003319786817975
2022-06-11,optimism,txcosts_median_usd,0.30968546061702895
2022-06-12,optimism,txcosts_median_usd,0.2511936375539859
2022-06-13,optimism,txcosts_median_usd,0.6743433607059056
2022-06-14,optimism,txcosts_median_usd,0.3274591036707437
2022-06-15,optimism,txcosts_median_usd,0.4355212390217171
2022-06-16,optimism,txcosts_median_usd,0.25548120231988025
2022-06-17,optimism,txcosts_median_usd,0.17992300360479568
2022-06-18,optimism,txcosts_median_usd,0.28600393982947103
2022-06-19,optimism,txcosts_median_usd,0.11825521854588351
2022-06-20,optimism,txcosts_median_usd,0.13990221946527637
2022-06-21,optimism,txcosts_median_usd,0.19873109457969393
2022-06-22,optimism,txcosts_median_usd,0.19721383835813522
2022-06-23,optimism,txcosts_median_usd,0.20318756235607358
2022-06-24,optimism,txcosts_median_usd,0.21353088561061823
2022-06-25,optimism,txcosts_median_usd,0.19912161754766436
2022-06-26,optimism,txcosts_median_usd,0.20666003678421976
2022-06-27,optimism,txcosts_median_usd,0.23591594185135925
2022-06-28,optimism,txcosts_median_usd,0.2462508184733267
2022-06-29,optimism,txcosts_median_usd,0.24849181011187096
2022-06-30,optimism,txcosts_median_usd,0.24925049051813017
2022-07-01,optimism,txcosts_median_usd,0.12035976092627132
2022-07-02,optimism,txcosts_median_usd,0.07703937055324249
2022-07-03,optimism,txcosts_median_usd,0.0874642002938655
2022-07-04,optimism,txcosts_median_usd,0.11968170740666434
2022-07-05,optimism,txcosts_median_usd,0.14122854946664345
2022-07-06,optimism,txcosts_median_usd,0.15185586272866589
2022-07-07,optimism,txcosts_median_usd,0.19884929838475457
2022-07-08,optimism,txcosts_median_usd,0.15054852796537635
2022-07-09,optimism,txcosts_median_usd,0.0832700171526948
2022-07-10,optimism,txcosts_median_usd,0.09775060264714522
2022-07-11,optimism,txcosts_median_usd,0.12681113341304895
2022-07-12,optimism,txcosts_median_usd,0.11357492080783836
2022-07-13,optimism,txcosts_median_usd,0.14731098276472615
2022-07-14,optimism,txcosts_median_usd,0.13864430071948033
2022-07-15,optimism,txcosts_median_usd,0.14563522356130867
2022-07-16,optimism,txcosts_median_usd,0.10900140902366473
2022-07-17,optimism,txcosts_median_usd,0.11179152845963031
2022-07-18,optimism,txcosts_median_usd,0.16933500441582203
2022-07-19,optimism,txcosts_median_usd,0.22276607740907167
2022-07-20,optimism,txcosts_median_usd,0.1794741019204765
2022-07-21,optimism,txcosts_median_usd,0.12142471243652517
2022-07-22,optimism,txcosts_median_usd,0.10376178512982544
2022-07-23,optimism,txcosts_median_usd,0.07184562506057836
2022-07-24,optimism,txcosts_median_usd,0.06563907001741481
2022-07-25,optimism,txcosts_median_usd,0.10356360804399857
2022-07-26,optimism,txcosts_median_usd,0.14029421072468973
2022-07-27,optimism,txcosts_median_usd,0.07498291160233216
2022-07-28,optimism,txcosts_median_usd,0.16558506298963085
2022-07-29,optimism,txcosts_median_usd,0.10885149544406894
2022-07-30,optimism,txcosts_median_usd,0.05681653734538749
2022-07-31,optimism,txcosts_median_usd,0.056907212964483984
2022-08-01,optimism,txcosts_median_usd,0.10139361240249348
2022-08-02,optimism,txcosts_median_usd,0.09582420821420559
2022-08-03,optimism,txcosts_median_usd,0.09028787231805872
2022-08-04,optimism,txcosts_median_usd,0.10142376646859173
2022-08-05,optimism,txcosts_median_usd,0.09274217199565625
2022-08-06,optimism,txcosts_median_usd,0.05788252649660939
2022-08-07,optimism,txcosts_median_usd,0.05026146473544897
2022-08-08,optimism,txcosts_median_usd,0.09769260592165686
2022-08-09,optimism,txcosts_median_usd,0.12656385234475212
2022-08-10,optimism,txcosts_median_usd,0.17275884538599856
2022-08-11,optimism,txcosts_median_usd,0.19514469552630942
2022-08-12,optimism,txcosts_median_usd,0.1313390590262594
2022-08-13,optimism,txcosts_median_usd,0.0864652522235844
2022-08-14,optimism,txcosts_median_usd,0.08194303511608064
2022-08-15,optimism,txcosts_median_usd,0.15675952809727065
2022-08-16,optimism,txcosts_median_usd,0.09986026901222285
2022-08-17,optimism,txcosts_median_usd,0.09889508441577369
2022-08-18,optimism,txcosts_median_usd,0.0927526967051265
2022-08-19,optimism,txcosts_median_usd,0.1504418220110655
2022-08-20,optimism,txcosts_median_usd,0.06803467987557917
2022-08-21,optimism,txcosts_median_usd,0.044242224393902504
2022-08-22,optimism,txcosts_median_usd,0.08883160662573461
2022-08-23,optimism,txcosts_median_usd,0.08896875807224884
2022-08-24,optimism,txcosts_median_usd,0.08234206679102446
2022-08-25,optimism,txcosts_median_usd,0.08181140284303348
2022-08-26,optimism,txcosts_median_usd,0.11089156016793678
2022-08-27,optimism,txcosts_median_usd,0.05455649315295555
2022-08-28,optimism,txcosts_median_usd,0.04947742946990989
2022-08-29,optimism,txcosts_median_usd,0.1025198064132995
2022-08-30,optimism,txcosts_median_usd,0.13412791603724494
2022-08-31,optimism,txcosts_median_usd,0.14031045461912878
2022-09-01,optimism,txcosts_median_usd,0.12019242346568021
2022-09-02,optimism,txcosts_median_usd,0.09512158782335078
2022-09-03,optimism,txcosts_median_usd,0.05286746435898979
2022-09-04,optimism,txcosts_median_usd,0.0504120967067802
2022-09-05,optimism,txcosts_median_usd,0.07196368822508253
2022-09-06,optimism,txcosts_median_usd,0.11565039661592871
2022-09-07,optimism,txcosts_median_usd,0.1446825358947544
2022-09-08,optimism,txcosts_median_usd,0.13700689382664408
2022-09-09,optimism,txcosts_median_usd,0.15910886855684384
2022-09-10,optimism,txcosts_median_usd,0.08227452301971226
2022-09-11,optimism,txcosts_median_usd,0.07290814088876947
2022-09-12,optimism,txcosts_median_usd,0.11404665074663634
2022-09-13,optimism,txcosts_median_usd,0.13068229651032778
2022-09-14,optimism,txcosts_median_usd,0.09361841326808261
2022-09-15,optimism,txcosts_median_usd,0.11410132829495323
2022-09-16,optimism,txcosts_median_usd,0.06227678229916308
2022-09-17,optimism,txcosts_median_usd,0.03522525517742348
2022-09-18,optimism,txcosts_median_usd,0.045465806363326165
2022-09-19,optimism,txcosts_median_usd,0.05594461141390804
2022-09-20,optimism,txcosts_median_usd,0.06440813678995559
2022-09-21,optimism,txcosts_median_usd,0.060145050939596864
2022-09-22,optimism,txcosts_median_usd,0.0476424053187464
2022-09-23,optimism,txcosts_median_usd,0.043519591505702934
2022-09-24,optimism,txcosts_median_usd,0.03098482415938737
2022-09-25,optimism,txcosts_median_usd,0.03754154521113192
2022-09-26,optimism,txcosts_median_usd,0.04215438366801818
2022-09-27,optimism,txcosts_median_usd,0.09485772996431888
2022-09-28,optimism,txcosts_median_usd,0.0841788100391216
2022-09-29,optimism,txcosts_median_usd,0.07674352101414823
2022-09-30,optimism,txcosts_median_usd,0.09157769876540689
2022-10-01,optimism,txcosts_median_usd,0.0459490653464355
2022-10-02,optimism,txcosts_median_usd,0.029523176176625976
2022-10-03,optimism,txcosts_median_usd,0.06904065569664261
2022-10-04,optimism,txcosts_median_usd,0.07286466284368466
2022-10-05,optimism,txcosts_median_usd,0.05278848123572357
2022-10-06,optimism,txcosts_median_usd,0.05544271658692972
2022-10-07,optimism,txcosts_median_usd,0.04214813244478938
2022-10-08,optimism,txcosts_median_usd,0.04232279232399056
2022-10-09,optimism,txcosts_median_usd,0.16459981050452158
2022-10-10,optimism,txcosts_median_usd,0.2168063724930376
2022-10-11,optimism,txcosts_median_usd,0.15984379400208215
2022-10-12,optimism,txcosts_median_usd,0.1122325300706262
2022-10-13,optimism,txcosts_median_usd,0.10577709621392958
2022-10-14,optimism,txcosts_median_usd,0.09990853938747496
2022-10-15,optimism,txcosts_median_usd,0.09299614558958227
2022-10-16,optimism,txcosts_median_usd,0.08007443307666236
2022-10-17,optimism,txcosts_median_usd,0.10216491764894943
2022-10-18,optimism,txcosts_median_usd,0.12504296375496624
2022-10-19,optimism,txcosts_median_usd,0.13557938177071158
2022-10-20,optimism,txcosts_median_usd,0.1663422764320017
2022-10-21,optimism,txcosts_median_usd,0.16187526101239658
2022-10-22,optimism,txcosts_median_usd,0.11193289890861224
2022-10-23,optimism,txcosts_median_usd,0.07944468828273628
2022-10-24,optimism,txcosts_median_usd,0.09394311452565182
2022-10-25,optimism,txcosts_median_usd,0.11635716824401898
2022-10-26,optimism,txcosts_median_usd,0.11192383844604413
2022-10-27,optimism,txcosts_median_usd,0.10646567690508665
2022-10-28,optimism,txcosts_median_usd,0.09657430688138571
2022-10-29,optimism,txcosts_median_usd,0.08445914174305505
2022-10-30,optimism,txcosts_median_usd,0.061288731723342524
2022-10-31,optimism,txcosts_median_usd,0.1287982454557115
2022-11-01,optimism,txcosts_median_usd,0.09108163012715255
2022-11-02,optimism,txcosts_median_usd,0.09967345077760321
2022-11-03,optimism,txcosts_median_usd,0.13258624793810644
2022-11-04,optimism,txcosts_median_usd,0.12296421961807608
2022-11-05,optimism,txcosts_median_usd,0.09747062943596334
2022-11-06,optimism,txcosts_median_usd,0.08945956643583843
2022-11-07,optimism,txcosts_median_usd,0.11229482310706124
2022-11-08,optimism,txcosts_median_usd,0.19414143334529457
2022-11-09,optimism,txcosts_median_usd,0.2512365206110572
2022-11-10,optimism,txcosts_median_usd,0.17165836399381912
2022-11-11,optimism,txcosts_median_usd,0.119768436287424
2022-11-12,optimism,txcosts_median_usd,0.08950163665911856
2022-11-13,optimism,txcosts_median_usd,0.08331214710193713
2022-11-14,optimism,txcosts_median_usd,0.09817170685200183
2022-11-15,optimism,txcosts_median_usd,0.09555787554967629
2022-11-16,optimism,txcosts_median_usd,0.08999382253601997
2022-11-17,optimism,txcosts_median_usd,0.08466414822545179
2022-11-18,optimism,txcosts_median_usd,0.07166628305741617
2022-11-19,optimism,txcosts_median_usd,0.06684448809211117
2022-11-20,optimism,txcosts_median_usd,0.06958267485984002
2022-11-21,optimism,txcosts_median_usd,0.06657138675506417
2022-11-22,optimism,txcosts_median_usd,0.07268385473996009
2022-11-23,optimism,txcosts_median_usd,0.0708782691612272
2022-11-24,optimism,txcosts_median_usd,0.06679201190786387
2022-11-25,optimism,txcosts_median_usd,0.06253672672231204
2022-11-26,optimism,txcosts_median_usd,0.06002992367972631
2022-11-27,optimism,txcosts_median_usd,0.05693292998961645
2022-11-28,optimism,txcosts_median_usd,0.06827508645483314
2022-11-29,optimism,txcosts_median_usd,0.06385788470810069
2022-11-30,optimism,txcosts_median_usd,0.06944139141765704
2022-12-01,optimism,txcosts_median_usd,0.07633014976262119
2022-12-02,optimism,txcosts_median_usd,0.07561676599036267
2022-12-03,optimism,txcosts_median_usd,0.07260436466105581
2022-12-04,optimism,txcosts_median_usd,0.07339958601367717
2022-12-05,optimism,txcosts_median_usd,0.07802699689572037
2022-12-06,optimism,txcosts_median_usd,0.08359310839759729
2022-12-07,optimism,txcosts_median_usd,0.08653077540100076
2022-12-08,optimism,txcosts_median_usd,0.08173835069547396
2022-12-09,optimism,txcosts_median_usd,0.11623720438036236
2022-12-10,optimism,txcosts_median_usd,0.08547357477661481
2022-12-11,optimism,txcosts_median_usd,0.08343078386743587
2022-12-12,optimism,txcosts_median_usd,0.09172633012730035
2022-12-13,optimism,txcosts_median_usd,0.09716301594908243
2022-12-14,optimism,txcosts_median_usd,0.08989064778790332
2022-12-15,optimism,txcosts_median_usd,0.09322730844640091
2022-12-16,optimism,txcosts_median_usd,0.1007861865640486
2022-12-17,optimism,txcosts_median_usd,0.07347555484285313
2022-12-18,optimism,txcosts_median_usd,0.07506848961297302
2022-12-19,optimism,txcosts_median_usd,0.07425825040660539
2022-12-20,optimism,txcosts_median_usd,0.07795979135842819
2022-12-21,optimism,txcosts_median_usd,0.08081550711133463
2022-12-22,optimism,txcosts_median_usd,0.07900425184823055
2022-12-23,optimism,txcosts_median_usd,0.07236701829150058
2022-12-24,optimism,txcosts_median_usd,0.06507076993699153
2022-12-25,optimism,txcosts_median_usd,0.0633578784863294
2022-12-26,optimism,txcosts_median_usd,0.0657328818677131
2022-12-27,optimism,txcosts_median_usd,0.07674280760262706
2022-12-28,optimism,txcosts_median_usd,0.08292216283456291
2022-12-29,optimism,txcosts_median_usd,0.08804412391711558
2022-12-30,optimism,txcosts_median_usd,0.09193184516970376
2022-12-31,optimism,txcosts_median_usd,0.0941835489442454
2023-01-01,optimism,txcosts_median_usd,0.07739696735197027
2023-01-02,optimism,txcosts_median_usd,0.08488240223330042
2023-01-03,optimism,txcosts_median_usd,0.09512875304303858
2023-01-04,optimism,txcosts_median_usd,0.10064781104620296
2023-01-05,optimism,txcosts_median_usd,0.11081905143676259
2023-01-06,optimism,txcosts_median_usd,0.1021406294496287
2023-01-07,optimism,txcosts_median_usd,0.08838364510662014
2023-01-08,optimism,txcosts_median_usd,0.09471110630776436
2023-01-09,optimism,txcosts_median_usd,0.11299549128805594
2023-01-10,optimism,txcosts_median_usd,0.1137013928110653
2023-01-11,optimism,txcosts_median_usd,0.12046750067975971
2023-01-12,optimism,txcosts_median_usd,0.12820861997530592
2023-01-13,optimism,txcosts_median_usd,0.13302035376785917
2023-01-14,optimism,txcosts_median_usd,0.14464464058258902
2023-01-15,optimism,txcosts_median_usd,0.127617171050627
2023-01-16,optimism,txcosts_median_usd,0.1447206412522482
2023-01-17,optimism,txcosts_median_usd,0.15199856480103743
2023-01-18,optimism,txcosts_median_usd,0.16954612033747515
2023-01-19,optimism,txcosts_median_usd,0.1350030894261776
2023-01-20,optimism,txcosts_median_usd,0.16290953756062881
2023-01-21,optimism,txcosts_median_usd,0.13495057853637163
2023-01-22,optimism,txcosts_median_usd,0.12217418379136345
2023-01-23,optimism,txcosts_median_usd,0.13570940456051683
2023-01-24,optimism,txcosts_median_usd,0.15858148857824264
2023-01-25,optimism,txcosts_median_usd,0.15558663662083233
2023-01-26,optimism,txcosts_median_usd,0.14957720018279522
2023-01-27,optimism,txcosts_median_usd,0.1486529981352455
2023-01-28,optimism,txcosts_median_usd,0.11523030476535943
2023-01-29,optimism,txcosts_median_usd,0.13893703494060528
2023-01-30,optimism,txcosts_median_usd,0.1504083396531123
2023-01-31,optimism,txcosts_median_usd,0.17048674600416666
2023-02-01,optimism,txcosts_median_usd,0.1708532433543748
2023-02-02,optimism,txcosts_median_usd,0.22468351090260358
2023-02-03,optimism,txcosts_median_usd,0.22702508528816723
2023-02-04,optimism,txcosts_median_usd,0.18045151309832816
2023-02-05,optimism,txcosts_median_usd,0.16755682094769994
2023-02-06,optimism,txcosts_median_usd,0.18399701800528767
2023-02-07,optimism,txcosts_median_usd,0.2638621407788917
2023-02-08,optimism,txcosts_median_usd,0.27284902423045215
2023-02-09,optimism,txcosts_median_usd,0.3221303575292304
2023-02-10,optimism,txcosts_median_usd,0.17539638533583737
2023-02-11,optimism,txcosts_median_usd,0.12372803059597581
2023-02-12,optimism,txcosts_median_usd,0.11685486862401485
2023-02-13,optimism,txcosts_median_usd,0.17225546654239213
2023-02-14,optimism,txcosts_median_usd,0.1715247388847385
2023-02-15,optimism,txcosts_median_usd,0.28963882564738036
2023-02-16,optimism,txcosts_median_usd,0.31529581055002043
2023-02-17,optimism,txcosts_median_usd,0.2614440401577745
2023-02-18,optimism,txcosts_median_usd,0.20498430687593494
2023-02-19,optimism,txcosts_median_usd,0.19365203722793028
2023-02-20,optimism,txcosts_median_usd,0.2287841061349141
2023-02-21,optimism,txcosts_median_usd,0.26083269600704534
2023-02-22,optimism,txcosts_median_usd,0.26985566140714473
2023-02-23,optimism,txcosts_median_usd,0.34136328009391714
2023-02-24,optimism,txcosts_median_usd,0.2702423002340428
2023-02-25,optimism,txcosts_median_usd,0.1795572008514147
2023-02-26,optimism,txcosts_median_usd,0.1795622898562927
2023-02-27,optimism,txcosts_median_usd,0.19710450998341567
2023-02-28,optimism,txcosts_median_usd,0.19757434200146945
2023-03-01,optimism,txcosts_median_usd,0.22392057468153823
2023-03-02,optimism,txcosts_median_usd,0.2077519793070344
2023-03-03,optimism,txcosts_median_usd,0.2228075358323694
2023-03-04,optimism,txcosts_median_usd,0.17963664920612796
2023-03-05,optimism,txcosts_median_usd,0.1824299686839179
2023-03-06,optimism,txcosts_median_usd,0.24489377128307793
2023-03-07,optimism,txcosts_median_usd,0.24553684107965285
2023-03-08,optimism,txcosts_median_usd,0.23703481811609226
2023-03-09,optimism,txcosts_median_usd,0.2794170584085017
2023-03-10,optimism,txcosts_median_usd,0.2220946778827802
2023-03-11,optimism,txcosts_median_usd,0.5651343627043526
2023-03-12,optimism,txcosts_median_usd,0.17543942930866288
2023-03-13,optimism,txcosts_median_usd,0.23003560885327823
2023-03-14,optimism,txcosts_median_usd,0.27568611847915475
2023-03-15,optimism,txcosts_median_usd,0.23944493018686827
2023-03-16,optimism,txcosts_median_usd,0.1993935168134346
2023-03-17,optimism,txcosts_median_usd,0.1986405382550547
2023-03-18,optimism,txcosts_median_usd,0.16169854906719613
2023-03-19,optimism,txcosts_median_usd,0.14381205510753106
2023-03-20,optimism,txcosts_median_usd,0.17042366205297263
2023-03-21,optimism,txcosts_median_usd,0.148811346968818
2023-03-22,optimism,txcosts_median_usd,0.17805211244417637
2023-03-23,optimism,txcosts_median_usd,0.17886504543824774
2023-03-24,optimism,txcosts_median_usd,0.21213631155376417
2023-03-25,optimism,txcosts_median_usd,0.14905316014026862
2023-03-26,optimism,txcosts_median_usd,0.149628751846676
2023-03-27,optimism,txcosts_median_usd,0.23308330340818384
2023-03-28,optimism,txcosts_median_usd,0.22005860341490027
2023-03-29,optimism,txcosts_median_usd,0.25792361858927054
2023-03-30,optimism,txcosts_median_usd,0.29517090706849164
2023-03-31,optimism,txcosts_median_usd,0.24588507529828693
2023-04-01,optimism,txcosts_median_usd,0.1995445423739029
2023-04-02,optimism,txcosts_median_usd,0.18844087274960916
2023-04-03,optimism,txcosts_median_usd,0.25717408454493534
2023-04-04,optimism,txcosts_median_usd,0.27721482621740934
2023-04-05,optimism,txcosts_median_usd,0.3518652846721834
2023-04-06,optimism,txcosts_median_usd,0.2965774435316225
2023-04-07,optimism,txcosts_median_usd,0.22583019672872748
2023-04-08,optimism,txcosts_median_usd,0.2068947331467764
2023-04-09,optimism,txcosts_median_usd,0.1985707023671579
2023-04-10,optimism,txcosts_median_usd,0.23297793726402055
2023-04-11,optimism,txcosts_median_usd,0.25002485101657995
2023-04-12,optimism,txcosts_median_usd,0.22813727214595633
2023-04-13,optimism,txcosts_median_usd,0.320268531067741
2023-04-14,optimism,txcosts_median_usd,0.30742995452422356
2023-04-15,optimism,txcosts_median_usd,0.2696055561119667
2023-04-16,optimism,txcosts_median_usd,0.2768239993599491
2023-04-17,optimism,txcosts_median_usd,0.35943488940002616
2023-04-18,optimism,txcosts_median_usd,0.48953340557394465
2023-04-19,optimism,txcosts_median_usd,0.7965538712648401
2023-04-20,optimism,txcosts_median_usd,0.6089189595058949
2023-04-21,optimism,txcosts_median_usd,0.4014275761698474
2023-04-22,optimism,txcosts_median_usd,0.3387403528604002
2023-04-23,optimism,txcosts_median_usd,0.40924892116320377
2023-04-24,optimism,txcosts_median_usd,0.40771090279227956
2023-04-25,optimism,txcosts_median_usd,0.3585649599707623
2023-04-26,optimism,txcosts_median_usd,0.3866540562389225
2023-04-27,optimism,txcosts_median_usd,0.3880799839728841
2023-04-28,optimism,txcosts_median_usd,0.39392673394150823
2023-04-29,optimism,txcosts_median_usd,0.37162848157264033
2023-04-30,optimism,txcosts_median_usd,0.4696965200137667
2023-05-01,optimism,txcosts_median_usd,0.7040666807220001
2023-05-02,optimism,txcosts_median_usd,0.8058871669251506
2023-05-03,optimism,txcosts_median_usd,0.8393775458592564
2023-05-04,optimism,txcosts_median_usd,0.7604168866942843
2023-05-05,optimism,txcosts_median_usd,1.3246792681319566
2023-05-06,optimism,txcosts_median_usd,1.3327569090185658
2023-05-07,optimism,txcosts_median_usd,1.0285057804987026
2023-05-08,optimism,txcosts_median_usd,1.083485475856386
2023-05-09,optimism,txcosts_median_usd,0.8166093677607716
2023-05-10,optimism,txcosts_median_usd,0.9047860869572244
2023-05-11,optimism,txcosts_median_usd,0.9137424266743378
2023-05-12,optimism,txcosts_median_usd,0.5782969470195846
2023-05-13,optimism,txcosts_median_usd,0.3919042796450689
2023-05-14,optimism,txcosts_median_usd,0.3981658892547246
2023-05-15,optimism,txcosts_median_usd,0.4722868177940037
2023-05-16,optimism,txcosts_median_usd,0.5055686778051806
2023-05-17,optimism,txcosts_median_usd,0.45140785551708357
2023-05-18,optimism,txcosts_median_usd,0.3688290974056954
2023-05-19,optimism,txcosts_median_usd,0.47095256327348023
2023-05-20,optimism,txcosts_median_usd,0.3669559000808842
2023-05-21,optimism,txcosts_median_usd,0.3303495269656751
2023-05-22,optimism,txcosts_median_usd,0.43647196817433553
2023-05-23,optimism,txcosts_median_usd,0.5329160764264053
2023-05-24,optimism,txcosts_median_usd,0.47246221787911946
2023-05-25,optimism,txcosts_median_usd,0.3900284338582347
2023-05-26,optimism,txcosts_median_usd,0.3311261686723726
2023-05-27,optimism,txcosts_median_usd,0.2837606644636451
2023-05-28,optimism,txcosts_median_usd,0.31850146195151835
2023-05-29,optimism,txcosts_median_usd,0.41723202660684766
2023-05-30,optimism,txcosts_median_usd,0.48228341178196515
2023-05-31,optimism,txcosts_median_usd,0.40812238520044525
2023-06-01,optimism,txcosts_median_usd,0.39356123212939775
2023-06-02,optimism,txcosts_median_usd,0.3248667311489581
2023-06-03,optimism,txcosts_median_usd,0.26414791670684995
2023-06-04,optimism,txcosts_median_usd,0.2382820600447775
2023-06-05,optimism,txcosts_median_usd,0.3127599207286793
2023-06-06,optimism,txcosts_median_usd,0.2430694233208643
2023-06-07,optimism,txcosts_median_usd,0.11982329536580626
2023-06-08,optimism,txcosts_median_usd,0.11248400567918865
2023-06-09,optimism,txcosts_median_usd,0.10295744052180647
2023-06-10,optimism,txcosts_median_usd,0.11050602094736071
2023-06-11,optimism,txcosts_median_usd,0.08720330107541938
2023-06-12,optimism,txcosts_median_usd,0.08603513584840665
2023-06-13,optimism,txcosts_median_usd,0.07999256631840819
2023-06-14,optimism,txcosts_median_usd,0.09048763505171008
2023-06-15,optimism,txcosts_median_usd,0.08881575040343985
2023-06-16,optimism,txcosts_median_usd,0.08352508875107403
2023-06-17,optimism,txcosts_median_usd,0.07881706233291545
2023-06-18,optimism,txcosts_median_usd,0.07243190776396428
2023-06-19,optimism,txcosts_median_usd,0.08851151427445003
2023-06-20,optimism,txcosts_median_usd,0.08909358012236789
2023-06-21,optimism,txcosts_median_usd,0.10614980015715436
2023-06-22,optimism,txcosts_median_usd,0.09026170671160706
2023-06-23,optimism,txcosts_median_usd,0.08631932959009785
2023-06-24,optimism,txcosts_median_usd,0.07759865944238484
2023-06-25,optimism,txcosts_median_usd,0.07257346056141707
2023-06-26,optimism,txcosts_median_usd,0.07654661553298121
2023-06-27,optimism,txcosts_median_usd,0.08038299494626534
2023-06-28,optimism,txcosts_median_usd,0.09729864772410252
2023-06-29,optimism,txcosts_median_usd,0.12165172501616461
2023-06-30,optimism,txcosts_median_usd,0.13633098369310473
2023-07-01,optimism,txcosts_median_usd,0.0974659519361123
2023-07-02,optimism,txcosts_median_usd,0.07636053983236246
2023-07-03,optimism,txcosts_median_usd,0.09549657632545379
2023-07-04,optimism,txcosts_median_usd,0.10685300156809739
2023-07-05,optimism,txcosts_median_usd,0.24830308875150203
2023-07-06,optimism,txcosts_median_usd,0.18499766082945426
2023-07-07,optimism,txcosts_median_usd,0.14347189142043773
2023-07-08,optimism,txcosts_median_usd,0.10402487768986951
2023-07-09,optimism,txcosts_median_usd,0.0984801612979529
2023-07-10,optimism,txcosts_median_usd,0.11119508053322583
2023-07-11,optimism,txcosts_median_usd,0.10922833964623352
2023-07-12,optimism,txcosts_median_usd,0.11643398816383062
2023-07-13,optimism,txcosts_median_usd,0.12970605384937872
2023-07-14,optimism,txcosts_median_usd,0.12818389561435864
2023-07-15,optimism,txcosts_median_usd,0.07176089537609362
2023-07-16,optimism,txcosts_median_usd,0.0791833534225772
2023-07-17,optimism,txcosts_median_usd,0.12772868658430564
2023-07-18,optimism,txcosts_median_usd,0.1275931883583393
2023-07-19,optimism,txcosts_median_usd,0.10565407711282397
2023-07-20,optimism,txcosts_median_usd,0.10588638663309859
2023-07-21,optimism,txcosts_median_usd,0.12063745236565536
2023-07-22,optimism,txcosts_median_usd,0.10262547107996273
2023-07-23,optimism,txcosts_median_usd,0.10721687319025505
2023-07-24,optimism,txcosts_median_usd,0.21933270119770867
2023-07-25,optimism,txcosts_median_usd,0.20152439364802407
2023-07-26,optimism,txcosts_median_usd,0.1900425419259245
2023-07-27,optimism,txcosts_median_usd,0.27854807746321614
2023-07-28,optimism,txcosts_median_usd,0.18421457802323354
2023-07-29,optimism,txcosts_median_usd,0.14376433016282958
2023-07-30,optimism,txcosts_median_usd,0.12349236204033587
2023-07-31,optimism,txcosts_median_usd,0.13876257659562824
2023-08-01,optimism,txcosts_median_usd,0.1440081721806629
2023-08-02,optimism,txcosts_median_usd,0.15582205232449767
2023-08-03,optimism,txcosts_median_usd,0.1348360770550368
2023-08-04,optimism,txcosts_median_usd,0.11440494113913942
2023-08-05,optimism,txcosts_median_usd,0.09481123529286976
2023-08-06,optimism,txcosts_median_usd,0.08674675640947002
2023-08-07,optimism,txcosts_median_usd,0.20755400426766343
2023-08-08,optimism,txcosts_median_usd,0.1739354210504325
2023-08-09,optimism,txcosts_median_usd,0.13435629646855146
2023-08-10,optimism,txcosts_median_usd,0.11816832382951789
2023-08-11,optimism,txcosts_median_usd,0.11738252674659483
2023-08-12,optimism,txcosts_median_usd,0.0758343314256516
2023-08-13,optimism,txcosts_median_usd,0.07614744364859037
2023-08-14,optimism,txcosts_median_usd,0.1714857103119333
2023-08-15,optimism,txcosts_median_usd,0.20485556648140257
2023-08-16,optimism,txcosts_median_usd,0.1851737521559136
2023-08-17,optimism,txcosts_median_usd,0.14811603123597908
2023-08-18,optimism,txcosts_median_usd,0.11097648908067854
2023-08-19,optimism,txcosts_median_usd,0.06950276824430844
2023-08-20,optimism,txcosts_median_usd,0.06749864090336934
2023-08-21,optimism,txcosts_median_usd,0.09139048318284637
2023-08-22,optimism,txcosts_median_usd,0.11173225596687335
2023-08-23,optimism,txcosts_median_usd,0.08869303188292892
2023-08-24,optimism,txcosts_median_usd,0.08528975868719592
2023-08-25,optimism,txcosts_median_usd,0.09734421001465021
2023-08-26,optimism,txcosts_median_usd,0.0596345590485151
2023-08-27,optimism,txcosts_median_usd,0.05831130627424914
2023-08-28,optimism,txcosts_median_usd,0.1407654376501356
2023-08-29,optimism,txcosts_median_usd,0.14351608281708014
2023-08-30,optimism,txcosts_median_usd,0.10313713664816913
2023-08-31,optimism,txcosts_median_usd,0.09501920472171634
2023-09-01,optimism,txcosts_median_usd,0.08306746290898176
2023-09-02,optimism,txcosts_median_usd,0.05874126890059766
2023-09-03,optimism,txcosts_median_usd,0.05815317950052159
2023-09-04,optimism,txcosts_median_usd,0.07511752196968381
2023-09-05,optimism,txcosts_median_usd,0.07212985255854254
2023-09-06,optimism,txcosts_median_usd,0.08270349178363437
2023-09-07,optimism,txcosts_median_usd,0.07062129981141112
2023-09-08,optimism,txcosts_median_usd,0.06189315344054202
2023-09-09,optimism,txcosts_median_usd,0.048651184395623534
2023-09-10,optimism,txcosts_median_usd,0.05059935450205088
2023-09-11,optimism,txcosts_median_usd,0.11365948581340943
2023-09-12,optimism,txcosts_median_usd,0.05759101095873909
2023-09-13,optimism,txcosts_median_usd,0.08225623032459463
2023-09-14,optimism,txcosts_median_usd,0.07280743812890611
2023-09-15,optimism,txcosts_median_usd,0.061589453091587594
2023-09-16,optimism,txcosts_median_usd,0.12275241609721166
2023-09-17,optimism,txcosts_median_usd,0.11189092160696908
2023-09-18,optimism,txcosts_median_usd,0.11576402210472955
2023-09-19,optimism,txcosts_median_usd,0.09075193814380018
2023-09-20,optimism,txcosts_median_usd,0.09056806166560215
2023-09-21,optimism,txcosts_median_usd,0.08534989297053265
2023-09-22,optimism,txcosts_median_usd,0.08642222487964717
2023-09-23,optimism,txcosts_median_usd,0.06959646185015807
2023-09-24,optimism,txcosts_median_usd,0.0660595720581194
2023-09-25,optimism,txcosts_median_usd,0.09299525400996911
2023-09-26,optimism,txcosts_median_usd,0.08811258814468567
2023-09-27,optimism,txcosts_median_usd,0.07079986393885095
2023-09-28,optimism,txcosts_median_usd,0.06716491929086946
2023-09-29,optimism,txcosts_median_usd,0.06715866895826986
2023-09-30,optimism,txcosts_median_usd,0.05635707325531122
2023-10-01,optimism,txcosts_median_usd,0.05542443897718906
2023-10-02,optimism,txcosts_median_usd,0.09636265045647123
2023-10-03,optimism,txcosts_median_usd,0.055902038681093204
2023-10-04,optimism,txcosts_median_usd,0.0644214027867099
2023-10-05,optimism,txcosts_median_usd,0.05740226335511658
2023-10-06,optimism,txcosts_median_usd,0.049551739709991896
2023-10-07,optimism,txcosts_median_usd,0.04166865813751404
2023-10-08,optimism,txcosts_median_usd,0.04642189394974738
2023-10-09,optimism,txcosts_median_usd,0.06641887477352738
2023-10-10,optimism,txcosts_median_usd,0.05257370277716922
2023-10-11,optimism,txcosts_median_usd,0.047363708090225116
2023-10-12,optimism,txcosts_median_usd,0.04566196859393342
2023-10-13,optimism,txcosts_median_usd,0.047481245484169085
2023-10-14,optimism,txcosts_median_usd,0.034378359931628084
2023-10-15,optimism,txcosts_median_usd,0.03484514772331083
2023-10-16,optimism,txcosts_median_usd,0.061024362508697735
2023-10-17,optimism,txcosts_median_usd,0.046138891216326965
2023-10-18,optimism,txcosts_median_usd,0.04757177856991117
2023-10-19,optimism,txcosts_median_usd,0.04660418270608912
2023-10-20,optimism,txcosts_median_usd,0.058885769239390304
2023-10-21,optimism,txcosts_median_usd,0.04776455339923911
2023-10-22,optimism,txcosts_median_usd,0.048475942623602004
2023-10-23,optimism,txcosts_median_usd,0.1150338464354336
2023-10-24,optimism,txcosts_median_usd,0.13456551186238688
2023-10-25,optimism,txcosts_median_usd,0.12329849373795264
2023-10-26,optimism,txcosts_median_usd,0.12454350314159049
2023-10-27,optimism,txcosts_median_usd,0.10328634226969002
2023-10-28,optimism,txcosts_median_usd,0.0727640973501371
2023-10-29,optimism,txcosts_median_usd,0.0759594394050464
2023-10-30,optimism,txcosts_median_usd,0.10942837209415712
2023-10-31,optimism,txcosts_median_usd,0.13572931716050093
2023-11-01,optimism,txcosts_median_usd,0.14853812686485462
2023-11-02,optimism,txcosts_median_usd,0.14488521498465842
2023-11-03,optimism,txcosts_median_usd,0.10435710485925179
2023-11-04,optimism,txcosts_median_usd,0.08521081574104919
2023-11-05,optimism,txcosts_median_usd,0.0972089335958421
2023-11-06,optimism,txcosts_median_usd,0.15292113310169003
2023-11-07,optimism,txcosts_median_usd,0.128807864841998
2023-11-08,optimism,txcosts_median_usd,0.14450441867717514
2023-11-09,optimism,txcosts_median_usd,0.21715550417324053
2023-11-10,optimism,txcosts_median_usd,0.1990748249865546
2023-11-11,optimism,txcosts_median_usd,0.15380434984920738
2023-11-12,optimism,txcosts_median_usd,0.14668617461936864
2023-11-13,optimism,txcosts_median_usd,0.2305816146339084
2023-11-14,optimism,txcosts_median_usd,0.19243732662565372
2023-11-15,optimism,txcosts_median_usd,0.16224346908254852
2023-11-16,optimism,txcosts_median_usd,0.15899478340763257
2023-11-17,optimism,txcosts_median_usd,0.10048177362999813
2023-11-18,optimism,txcosts_median_usd,0.09694346772535277
2023-11-19,optimism,txcosts_median_usd,0.09515228505116981
2023-11-20,optimism,txcosts_median_usd,0.16230623929759905
2023-11-21,optimism,txcosts_median_usd,0.19144181252187767
2023-11-22,optimism,txcosts_median_usd,0.17156333427878892
2023-11-23,optimism,txcosts_median_usd,0.1642229372934948
2023-11-24,optimism,txcosts_median_usd,0.14875503783794133
2023-11-25,optimism,txcosts_median_usd,0.11689620024970922
2023-11-26,optimism,txcosts_median_usd,0.12708369372042724
2023-11-27,optimism,txcosts_median_usd,0.16434810547122766
2023-11-28,optimism,txcosts_median_usd,0.19823080476609053
2023-11-29,optimism,txcosts_median_usd,0.18378766997495952
2023-11-30,optimism,txcosts_median_usd,0.2155256655830643
2023-12-01,optimism,txcosts_median_usd,0.20174723162067465
2023-12-02,optimism,txcosts_median_usd,0.17111146462621515
2023-12-03,optimism,txcosts_median_usd,0.17235568791850628
2023-12-04,optimism,txcosts_median_usd,0.2437243559501047
2023-12-05,optimism,txcosts_median_usd,0.3033427038344012
2023-12-06,optimism,txcosts_median_usd,0.2899403303273139
2023-12-07,optimism,txcosts_median_usd,0.27878975839164033
2023-12-08,optimism,txcosts_median_usd,0.19922859060751183
2023-12-09,optimism,txcosts_median_usd,0.18043389930998152
2023-12-10,optimism,txcosts_median_usd,0.1519820126224527
2023-12-11,optimism,txcosts_median_usd,0.2188906577086791
2023-12-12,optimism,txcosts_median_usd,0.22897239528579236
2023-12-13,optimism,txcosts_median_usd,0.23783045586865947
2023-12-14,optimism,txcosts_median_usd,0.22932949760282328
2023-12-15,optimism,txcosts_median_usd,0.2815675460219214
2023-12-16,optimism,txcosts_median_usd,0.25228814719748477
2023-12-17,optimism,txcosts_median_usd,0.19005287121437614
2023-12-18,optimism,txcosts_median_usd,0.3142033510468672
2023-12-19,optimism,txcosts_median_usd,0.24700399920262842
2023-12-20,optimism,txcosts_median_usd,0.25629742374147635
2023-12-21,optimism,txcosts_median_usd,0.20382631144940283
2023-12-22,optimism,txcosts_median_usd,0.17459825040613416
2023-12-23,optimism,txcosts_median_usd,0.12348997501498955
2023-12-24,optimism,txcosts_median_usd,0.12853403845938424
2023-12-25,optimism,txcosts_median_usd,0.11475833679215965
2023-12-26,optimism,txcosts_median_usd,0.10399617779668066
2023-12-27,optimism,txcosts_median_usd,0.16054209798512506
2023-12-28,optimism,txcosts_median_usd,0.17083638783495447
2023-12-29,optimism,txcosts_median_usd,0.13856991030384636
2023-12-30,optimism,txcosts_median_usd,0.09940788027163473
2023-12-31,optimism,txcosts_median_usd,0.0829954044528822
2024-01-01,optimism,txcosts_median_usd,0.10277947371086235
2024-01-02,optimism,txcosts_median_usd,0.15678908579109108
2024-01-03,optimism,txcosts_median_usd,0.1933892366945194
2024-01-04,optimism,txcosts_median_usd,0.12508433318228798
2024-01-05,optimism,txcosts_median_usd,0.12081861797033318
2024-01-06,optimism,txcosts_median_usd,0.10460214954440418
2024-01-07,optimism,txcosts_median_usd,0.1608990039352561
2024-01-08,optimism,txcosts_median_usd,0.1352394094144547
2024-01-09,optimism,txcosts_median_usd,0.11999049662110484
2024-01-10,optimism,txcosts_median_usd,0.19997015264972864
2024-01-11,optimism,txcosts_median_usd,0.2004535652379876
2024-01-12,optimism,txcosts_median_usd,0.16295787542706827
2024-01-13,optimism,txcosts_median_usd,0.0982201633992521
2024-01-14,optimism,txcosts_median_usd,0.18705015761340607
2024-01-15,optimism,txcosts_median_usd,0.145701986308802
2024-01-16,optimism,txcosts_median_usd,0.2066792381231221
2024-01-17,optimism,txcosts_median_usd,0.200096709547811
2024-01-18,optimism,txcosts_median_usd,0.19936896327803452
2024-01-19,optimism,txcosts_median_usd,0.16578365053089594
2024-01-20,optimism,txcosts_median_usd,0.0864024597763361
2024-01-21,optimism,txcosts_median_usd,0.07716884524633952
2024-01-22,optimism,txcosts_median_usd,0.10012324876516095
2024-01-23,optimism,txcosts_median_usd,0.07888156688106336
2024-01-24,optimism,txcosts_median_usd,0.05776330620752251
2024-01-25,optimism,txcosts_median_usd,0.10935435946185729
2024-01-26,optimism,txcosts_median_usd,0.09619877059218161
2024-01-27,optimism,txcosts_median_usd,0.06950649237339764
2024-01-28,optimism,txcosts_median_usd,0.06380343607996995
2024-01-29,optimism,txcosts_median_usd,0.08533657710127962
2024-01-30,optimism,txcosts_median_usd,0.18822942563337
2024-01-31,optimism,txcosts_median_usd,0.17878500298686625
2024-02-01,optimism,txcosts_median_usd,0.13608350420295365
2024-02-02,optimism,txcosts_median_usd,0.10617967367039878
2024-02-03,optimism,txcosts_median_usd,0.09048590520040985
2024-02-04,optimism,txcosts_median_usd,0.08966759561805068
2024-02-05,optimism,txcosts_median_usd,0.10730295027359636
2024-02-06,optimism,txcosts_median_usd,0.1799355200804693
2024-02-07,optimism,txcosts_median_usd,0.201738130520329
2024-02-08,optimism,txcosts_median_usd,0.2920391783927941
2024-02-09,optimism,txcosts_median_usd,0.3409919766285662
2024-02-10,optimism,txcosts_median_usd,0.18211037695678198
2024-02-11,optimism,txcosts_median_usd,0.15191906550959178
2024-02-12,optimism,txcosts_median_usd,0.24527385053332973
2024-02-13,optimism,txcosts_median_usd,0.23678984982532075
2024-02-14,optimism,txcosts_median_usd,0.2133587778899053
2024-02-15,optimism,txcosts_median_usd,0.23256158910085806
2024-02-16,optimism,txcosts_median_usd,0.18491980782537265
2024-02-17,optimism,txcosts_median_usd,0.1276485087668766
2024-02-18,optimism,txcosts_median_usd,0.15019602266826154
2024-02-19,optimism,txcosts_median_usd,0.22408519240499658
2024-02-20,optimism,txcosts_median_usd,0.250583132537385
2024-02-21,optimism,txcosts_median_usd,0.26092081418529256
2024-02-22,optimism,txcosts_median_usd,0.31189345707548416
2024-02-23,optimism,txcosts_median_usd,0.2651524462173388
2024-02-24,optimism,txcosts_median_usd,0.1875071000721502
2024-02-25,optimism,txcosts_median_usd,0.19666355108008896
2024-02-26,optimism,txcosts_median_usd,0.2975280707008946
2024-02-27,optimism,txcosts_median_usd,0.353971839349236
2024-02-28,optimism,txcosts_median_usd,0.49252168063500523
2024-02-29,optimism,txcosts_median_usd,0.5484958081817582
2024-03-01,optimism,txcosts_median_usd,0.40918487239734563
2024-03-02,optimism,txcosts_median_usd,0.3621483288579115
2024-03-03,optimism,txcosts_median_usd,0.3841934622642115
2024-03-04,optimism,txcosts_median_usd,0.6211460909232835
2024-03-05,optimism,txcosts_median_usd,0.7672041670298557
2024-03-06,optimism,txcosts_median_usd,0.5901204205706372
2024-03-07,optimism,txcosts_median_usd,0.5477676404328772
2024-03-08,optimism,txcosts_median_usd,0.5126765285167031
2024-03-09,optimism,txcosts_median_usd,0.438539586335738
2024-03-10,optimism,txcosts_median_usd,0.44675410732625037
2024-03-11,optimism,txcosts_median_usd,0.5646989537028391
2024-03-12,optimism,txcosts_median_usd,0.5352704188390515
2024-03-13,optimism,txcosts_median_usd,0.4975214919046954
2024-03-14,optimism,txcosts_median_usd,0.012803324111378826
2024-03-15,optimism,txcosts_median_usd,0.008790025428999329
2024-03-16,optimism,txcosts_median_usd,0.007089065201094557
2024-03-17,optimism,txcosts_median_usd,0.008660549783088521
2024-03-18,optimism,txcosts_median_usd,0.007529463287558197
2024-03-19,optimism,txcosts_median_usd,0.00991797138572989
2024-03-20,optimism,txcosts_median_usd,0.00847751251043954
2024-03-21,optimism,txcosts_median_usd,0.007612675012016213
2024-03-22,optimism,txcosts_median_usd,0.008048474024314108
2024-03-23,optimism,txcosts_median_usd,0.006094032754303
2024-03-24,optimism,txcosts_median_usd,0.006072740848792124
2024-03-25,optimism,txcosts_median_usd,0.011915928109075172
2024-03-26,optimism,txcosts_median_usd,0.014178158103410929
2024-03-27,optimism,txcosts_median_usd,0.014497177393520721
2024-03-28,optimism,txcosts_median_usd,0.032353484546475526
2024-03-29,optimism,txcosts_median_usd,0.025528805958261406
2024-03-30,optimism,txcosts_median_usd,0.027301991415226743
2024-03-31,optimism,txcosts_median_usd,0.06394494219728315
2024-04-01,optimism,txcosts_median_usd,0.06743337580087837
2024-04-02,optimism,txcosts_median_usd,0.07899237543259532
2024-04-03,optimism,txcosts_median_usd,0.04755577758512375
2024-04-04,optimism,txcosts_median_usd,0.016427102418461303
2024-04-05,optimism,txcosts_median_usd,0.014327726340047612
2024-04-06,optimism,txcosts_median_usd,0.00720539763854286
2024-04-07,optimism,txcosts_median_usd,0.0059860384657685495
2024-04-08,optimism,txcosts_median_usd,0.01720048050932074
2024-04-09,optimism,txcosts_median_usd,0.02967085780655686
2024-04-10,optimism,txcosts_median_usd,0.029363491127115195
2024-04-11,optimism,txcosts_median_usd,0.029986712598661033
2024-04-12,optimism,txcosts_median_usd,0.03849443888197351
2024-04-13,optimism,txcosts_median_usd,0.04498356564354434
2024-04-14,optimism,txcosts_median_usd,0.03514966244357221
2024-04-15,optimism,txcosts_median_usd,0.03153538538837944
2024-04-16,optimism,txcosts_median_usd,0.030785463142703806
2024-04-17,optimism,txcosts_median_usd,0.03116154322522927
2024-04-18,optimism,txcosts_median_usd,0.03198640215958813
2024-04-19,optimism,txcosts_median_usd,0.023534177447365644
2024-04-20,optimism,txcosts_median_usd,0.0064511642673248555
2024-04-21,optimism,txcosts_median_usd,0.0051005237697500354
2024-04-22,optimism,txcosts_median_usd,0.011388419872263493
2024-04-23,optimism,txcosts_median_usd,0.020012537678912767
2024-04-24,optimism,txcosts_median_usd,0.030827476418992274
2024-04-25,optimism,txcosts_median_usd,0.030175825074693092
2024-04-26,optimism,txcosts_median_usd,0.026679733834584912
2024-04-27,optimism,txcosts_median_usd,0.030336807987543207
2024-04-28,optimism,txcosts_median_usd,0.028565247986038666
2024-04-29,optimism,txcosts_median_usd,0.03191456273269546
2024-04-30,optimism,txcosts_median_usd,0.02732806392671706
2024-05-01,optimism,txcosts_median_usd,0.026459137371042264
2024-05-02,optimism,txcosts_median_usd,0.02118276024693379
2024-05-03,optimism,txcosts_median_usd,0.010119403949675749
2024-05-04,optimism,txcosts_median_usd,0.005668436661368224
2024-05-05,optimism,txcosts_median_usd,0.005242437434026084
2024-05-06,optimism,txcosts_median_usd,0.011626803273920688
2024-05-07,optimism,txcosts_median_usd,0.023353631579594726
2024-05-08,optimism,txcosts_median_usd,0.028612288222235775
2024-05-09,optimism,txcosts_median_usd,0.02069256609984697
2024-05-10,optimism,txcosts_median_usd,0.026731894163515037
2024-05-11,optimism,txcosts_median_usd,0.020230610000633045
2024-05-12,optimism,txcosts_median_usd,0.020728875819356795
2024-05-13,optimism,txcosts_median_usd,0.021055902458758106
2024-05-14,optimism,txcosts_median_usd,0.015218201894464913
2024-05-15,optimism,txcosts_median_usd,0.005524673290174113
2024-05-16,optimism,txcosts_median_usd,0.005336673387788072
2024-05-17,optimism,txcosts_median_usd,0.004864267261126301
2024-05-18,optimism,txcosts_median_usd,0.004445670174031468
2024-05-19,optimism,txcosts_median_usd,0.0035476468498931717
2024-05-20,optimism,txcosts_median_usd,0.014215135415724911
2024-05-21,optimism,txcosts_median_usd,0.03928151659921075
2024-05-22,optimism,txcosts_median_usd,0.03416661445223844
2024-05-23,optimism,txcosts_median_usd,0.04994326911064605
2024-05-24,optimism,txcosts_median_usd,0.04037373999951784
2024-05-25,optimism,txcosts_median_usd,0.03036315895329982
2024-05-26,optimism,txcosts_median_usd,0.03570313709875281
2024-05-27,optimism,txcosts_median_usd,0.03907101485320227
2024-05-28,optimism,txcosts_median_usd,0.04102330890071987
2024-05-29,optimism,txcosts_median_usd,0.021392206607131613
2024-05-30,optimism,txcosts_median_usd,0.00468925471754818
2024-05-31,optimism,txcosts_median_usd,0.0034247548227398605
2024-06-01,optimism,txcosts_median_usd,0.002526063271880158
2024-06-02,optimism,txcosts_median_usd,0.002433851741043196
2024-06-03,optimism,txcosts_median_usd,0.010195337658541807
2024-06-04,optimism,txcosts_median_usd,0.01965069518494888
2024-06-05,optimism,txcosts_median_usd,0.03658963219025433
2024-06-06,optimism,txcosts_median_usd,0.0338603629060369
2024-06-07,optimism,txcosts_median_usd,0.04207445439707766
2024-06-08,optimism,txcosts_median_usd,0.035305102851631465
2024-06-09,optimism,txcosts_median_usd,0.036757651634282525
2024-06-10,optimism,txcosts_median_usd,0.035421739042062375
2024-06-11,optimism,txcosts_median_usd,0.04413257246202657
2024-06-12,optimism,txcosts_median_usd,0.012664727469110484
2024-06-13,optimism,txcosts_median_usd,0.003377479870241448
2024-06-14,optimism,txcosts_median_usd,0.002913056004140078
2024-06-15,optimism,txcosts_median_usd,0.0013975556558917571
2024-06-16,optimism,txcosts_median_usd,0.0012978313752211117
2024-06-17,optimism,txcosts_median_usd,0.011423571650841825
2024-06-18,optimism,txcosts_median_usd,0.039379308975099045
2024-06-19,optimism,txcosts_median_usd,0.035450822212778635
2024-06-20,optimism,txcosts_median_usd,0.054160697582045204
2024-06-21,optimism,txcosts_median_usd,0.022952600595578167
2024-06-22,optimism,txcosts_median_usd,0.0214490430956749
2024-06-23,optimism,txcosts_median_usd,0.024953739277802863
2024-06-24,optimism,txcosts_median_usd,0.03379185766542748
2024-06-25,optimism,txcosts_median_usd,0.029316844991663496
2024-06-26,optimism,txcosts_median_usd,0.020833742877557928
2024-06-27,optimism,txcosts_median_usd,0.0018868394230843015
2024-06-28,optimism,txcosts_median_usd,0.00186769827214569
2024-06-29,optimism,txcosts_median_usd,0.0009498304534577721
2024-06-30,optimism,txcosts_median_usd,0.0008174555481510089
2024-07-01,optimism,txcosts_median_usd,0.006084428995069772
2024-07-02,optimism,txcosts_median_usd,0.010286324760103147
2024-07-03,optimism,txcosts_median_usd,0.038460228660567836
2024-07-04,optimism,txcosts_median_usd,0.03877512628974374
2024-07-05,optimism,txcosts_median_usd,0.040331179672673266
2024-07-06,optimism,txcosts_median_usd,0.032362898548986996
2024-07-07,optimism,txcosts_median_usd,0.03554924788803756
2024-07-08,optimism,txcosts_median_usd,0.03407951974828309
2024-07-09,optimism,txcosts_median_usd,0.03338651030221265
2024-07-10,optimism,txcosts_median_usd,0.03148604561409299
2024-07-11,optimism,txcosts_median_usd,0.0017595939724559945
2024-07-12,optimism,txcosts_median_usd,0.0011323932467763138
2024-07-13,optimism,txcosts_median_usd,0.0008393380396530873
2024-07-14,optimism,txcosts_median_usd,0.0010225233302962374
2024-07-15,optimism,txcosts_median_usd,0.007229136900561798
2024-07-16,optimism,txcosts_median_usd,0.014127703943672503
2024-07-17,optimism,txcosts_median_usd,0.03438544309034932
2024-07-18,optimism,txcosts_median_usd,0.03585549618427639
2024-07-19,optimism,txcosts_median_usd,0.03739823636356155
2024-07-20,optimism,txcosts_median_usd,0.03687375640044615
2024-07-21,optimism,txcosts_median_usd,0.03938019183109006
2024-07-22,optimism,txcosts_median_usd,0.03919068701746231
2024-07-23,optimism,txcosts_median_usd,0.04766732032214955
2024-07-24,optimism,txcosts_median_usd,0.038290508712638636
2024-07-25,optimism,txcosts_median_usd,0.0054404571666304274
2024-07-26,optimism,txcosts_median_usd,0.0019818690376523095
2024-07-27,optimism,txcosts_median_usd,0.0018380459470611018
2024-07-28,optimism,txcosts_median_usd,0.001271316516906209
2024-07-29,optimism,txcosts_median_usd,0.001516083870523464
2024-07-30,optimism,txcosts_median_usd,0.001650258865431218
2024-07-31,optimism,txcosts_median_usd,0.001756716764827788
2024-08-01,optimism,txcosts_median_usd,0.0031039396755247204
2024-08-02,optimism,txcosts_median_usd,0.0032529620381989296
2024-08-03,optimism,txcosts_median_usd,0.0020881260359918346
2024-08-04,optimism,txcosts_median_usd,0.004475147394210715
2024-08-05,optimism,txcosts_median_usd,0.04631343145189542
2024-08-06,optimism,txcosts_median_usd,0.0022497957778339055
2024-08-07,optimism,txcosts_median_usd,0.002575194859414379
2024-08-08,optimism,txcosts_median_usd,0.0026724532284787277
2024-08-09,optimism,txcosts_median_usd,0.0011975746104048888
2024-08-10,optimism,txcosts_median_usd,0.0009373704605372513
2024-08-11,optimism,txcosts_median_usd,0.0010090213788488931
2024-08-12,optimism,txcosts_median_usd,0.002329193959229066
2024-08-13,optimism,txcosts_median_usd,0.001030394938170058
2024-08-14,optimism,txcosts_median_usd,0.0008856872698741967
2024-08-15,optimism,txcosts_median_usd,0.0011815214512863595
2024-08-16,optimism,txcosts_median_usd,0.0007637135619905494
2024-08-17,optimism,txcosts_median_usd,0.0005651819895785913
2024-08-18,optimism,txcosts_median_usd,0.00045620490020798946
2024-08-19,optimism,txcosts_median_usd,0.0008267952690426205
2024-08-20,optimism,txcosts_median_usd,0.0008870404870227587
2024-08-21,optimism,txcosts_median_usd,0.0009403342219377754
2024-08-22,optimism,txcosts_median_usd,0.0008208331059701509
2024-08-23,optimism,txcosts_median_usd,0.0013467955438115629
2024-08-24,optimism,txcosts_median_usd,0.0007107654455219359
2024-08-25,optimism,txcosts_median_usd,0.0004446064328490964
2024-08-26,optimism,txcosts_median_usd,0.00242158836795968
2024-08-27,optimism,txcosts_median_usd,0.001638531243857919
2024-08-28,optimism,txcosts_median_usd,0.008417556902262494
2024-08-29,optimism,txcosts_median_usd,0.0009257600961431021
2024-08-30,optimism,txcosts_median_usd,0.0003904765699904283
2024-08-31,optimism,txcosts_median_usd,0.00014693491004441432
2024-09-01,optimism,txcosts_median_usd,0.0003373192325464572
2024-09-02,optimism,txcosts_median_usd,0.0004685126775128036
2024-09-03,optimism,txcosts_median_usd,0.0003879167370437449
2024-09-04,optimism,txcosts_median_usd,0.0010298038677706966
2024-09-05,optimism,txcosts_median_usd,0.0011030307221919537
2024-09-06,optimism,txcosts_median_usd,0.005186206511989941
2024-09-07,optimism,txcosts_median_usd,0.0009476605867651354
2024-09-08,optimism,txcosts_median_usd,0.0008181406639522535
2024-09-09,optimism,txcosts_median_usd,0.0018141417225517825
2024-09-10,optimism,txcosts_median_usd,0.001991173849528945
2024-09-11,optimism,txcosts_median_usd,0.002324650563997361
2024-09-12,optimism,txcosts_median_usd,0.0015854620188406907
2024-09-13,optimism,txcosts_median_usd,0.0010610710826909286
2024-09-14,optimism,txcosts_median_usd,0.0006387698049856158
2024-09-15,optimism,txcosts_median_usd,0.0010111098173121373
2024-09-16,optimism,txcosts_median_usd,0.0024588881287525835
2024-09-17,optimism,txcosts_median_usd,0.00397911421248414
2024-09-18,optimism,txcosts_median_usd,0.003762067233690262
2024-09-19,optimism,txcosts_median_usd,0.004673699363144516
2024-09-20,optimism,txcosts_median_usd,0.009316111630115517
2024-09-21,optimism,txcosts_median_usd,0.006612447940530335
2024-09-22,optimism,txcosts_median_usd,0.003542198573789432
2024-09-23,optimism,txcosts_median_usd,0.009005086935262682
2024-09-24,optimism,txcosts_median_usd,0.002847489848094386
2024-09-25,optimism,txcosts_median_usd,0.0016698661338612236
2024-09-26,optimism,txcosts_median_usd,0.002179970552004218
2024-09-27,optimism,txcosts_median_usd,0.002265650374382723
2024-09-28,optimism,txcosts_median_usd,0.00539403322351131
2024-09-29,optimism,txcosts_median_usd,0.0012209405145530874
2024-09-30,optimism,txcosts_median_usd,0.0014499177344153842
2024-10-01,optimism,txcosts_median_usd,0.004245151614157383
2024-10-02,optimism,txcosts_median_usd,0.00382034588055812
2024-10-03,optimism,txcosts_median_usd,0.0029741372511481487
2024-10-04,optimism,txcosts_median_usd,0.0014522385865178968
2024-10-05,optimism,txcosts_median_usd,0.0008670698635095634
2024-10-06,optimism,txcosts_median_usd,0.0008207492222006927
2024-10-07,optimism,txcosts_median_usd,0.0022791159024966147
2024-10-08,optimism,txcosts_median_usd,0.0022243706520209397
2024-10-09,optimism,txcosts_median_usd,0.0030204117328226747
2024-10-10,optimism,txcosts_median_usd,0.0027671441495190933
2024-10-11,optimism,txcosts_median_usd,0.0019984783840108268
2024-10-12,optimism,txcosts_median_usd,0.0016783740289986542
2024-10-13,optimism,txcosts_median_usd,0.0009449697110229747
2024-10-14,optimism,txcosts_median_usd,0.002800180556360424
2024-10-15,optimism,txcosts_median_usd,0.004144745097843458
2024-10-16,optimism,txcosts_median_usd,0.00446484791421322
2024-10-17,optimism,txcosts_median_usd,0.004910263267802938
2024-10-18,optimism,txcosts_median_usd,0.0031731792914256587
2024-10-19,optimism,txcosts_median_usd,0.0008084524621610867
2024-10-20,optimism,txcosts_median_usd,0.0007428768408832528
2024-10-21,optimism,txcosts_median_usd,0.0008181521853762511
2024-10-22,optimism,txcosts_median_usd,0.0016536227369555578
2024-10-23,optimism,txcosts_median_usd,0.0008405773200747462
2024-10-24,optimism,txcosts_median_usd,0.0007493779055753578
2024-10-25,optimism,txcosts_median_usd,0.0005615727715191216
2024-10-26,optimism,txcosts_median_usd,0.00038635242956252543
2024-10-27,optimism,txcosts_median_usd,0.00038484930661449165
2024-10-28,optimism,txcosts_median_usd,0.0007433387722369869
2024-10-29,optimism,txcosts_median_usd,0.0010904448961623332
2024-10-30,optimism,txcosts_median_usd,0.001590283714632626
2024-10-31,optimism,txcosts_median_usd,0.002041634619671809
2024-11-01,optimism,txcosts_median_usd,0.0016078672996797012
2024-11-02,optimism,txcosts_median_usd,0.0008709653051687635
2024-11-03,optimism,txcosts_median_usd,0.0007189238507244822
2024-11-04,optimism,txcosts_median_usd,0.001441179969087861
2024-11-05,optimism,txcosts_median_usd,0.001393515202395248
2024-11-06,optimism,txcosts_median_usd,0.0028045427015492303
2024-11-07,optimism,txcosts_median_usd,0.0015085948707681202
2024-11-08,optimism,txcosts_median_usd,0.001286290589353429
2024-11-09,optimism,txcosts_median_usd,0.0016359843913732878
2024-11-10,optimism,txcosts_median_usd,0.0026923638277672694
2024-11-11,optimism,txcosts_median_usd,0.005240706737340527
2024-11-12,optimism,txcosts_median_usd,0.004505788099724806
2024-11-13,optimism,txcosts_median_usd,0.004842288146929891
2024-11-14,optimism,txcosts_median_usd,0.0022727819719374617
2024-11-15,optimism,txcosts_median_usd,0.0028986258477010974
2024-11-16,optimism,txcosts_median_usd,0.0027307260290432437
2024-11-17,optimism,txcosts_median_usd,0.002618130558948638
2024-11-18,optimism,txcosts_median_usd,0.0019416702142902695
2024-11-19,optimism,txcosts_median_usd,0.0018895609349878243
2024-11-20,optimism,txcosts_median_usd,0.0013940378229867364
2024-11-21,optimism,txcosts_median_usd,0.0020517334151334736
2024-11-22,optimism,txcosts_median_usd,0.0019381588842658662
2024-11-23,optimism,txcosts_median_usd,0.0021366950645964836
2024-11-24,optimism,txcosts_median_usd,0.0027902374152419173
2024-11-25,optimism,txcosts_median_usd,0.009725790526803243
2024-11-26,optimism,txcosts_median_usd,0.010704811582330621
2024-11-27,optimism,txcosts_median_usd,0.002143115101881825
2024-11-28,optimism,txcosts_median_usd,0.0032433456654695314
2024-11-29,optimism,txcosts_median_usd,0.000796270993016651
2024-11-30,optimism,txcosts_median_usd,0.0012021159165063338
2024-12-01,optimism,txcosts_median_usd,0.0017456064634257537
2024-12-02,optimism,txcosts_median_usd,0.0027996370062869677
2024-12-03,optimism,txcosts_median_usd,0.0019058879926622252
2024-12-04,optimism,txcosts_median_usd,0.0032086073408052105
2024-12-05,optimism,txcosts_median_usd,0.005651601735783081
2024-12-06,optimism,txcosts_median_usd,0.0047000599663842395
2024-12-07,optimism,txcosts_median_usd,0.003274780354934147
2024-12-08,optimism,txcosts_median_usd,0.00103980189342637
2024-12-09,optimism,txcosts_median_usd,0.003662384085278314
2024-12-10,optimism,txcosts_median_usd,0.003679954405920369
2024-12-11,optimism,txcosts_median_usd,0.001663678017789776
2024-12-12,optimism,txcosts_median_usd,0.0032196930561819324
2024-12-13,optimism,txcosts_median_usd,0.006501012089482804
2024-12-14,optimism,txcosts_median_usd,0.004249125782015169
2024-12-15,optimism,txcosts_median_usd,0.0023650253341089824
2024-12-16,optimism,txcosts_median_usd,0.004791484656905468
2024-12-17,optimism,txcosts_median_usd,0.0024990264049902415
2024-12-18,optimism,txcosts_median_usd,0.0031554499104736403
2024-12-19,optimism,txcosts_median_usd,0.0050024166197613655
2024-12-20,optimism,txcosts_median_usd,0.011521301277620041
2024-12-21,optimism,txcosts_median_usd,0.003363108375132282
2024-12-22,optimism,txcosts_median_usd,0.0023561496059344477
2024-12-23,optimism,txcosts_median_usd,0.0037356383991599125
2024-12-24,optimism,txcosts_median_usd,0.0029481099430454065
2024-12-25,optimism,txcosts_median_usd,0.0020749419289650965
2024-12-26,optimism,txcosts_median_usd,0.005558339658242736
2024-12-27,optimism,txcosts_median_usd,0.006581981955014515
2024-12-28,optimism,txcosts_median_usd,0.0051905597900063286
2024-12-29,optimism,txcosts_median_usd,0.003364195389463317
2024-12-30,optimism,txcosts_median_usd,0.005478736753021195
2024-12-31,optimism,txcosts_median_usd,0.004194741549509497
2025-01-01,optimism,txcosts_median_usd,0.0010087169453224989
2025-01-02,optimism,txcosts_median_usd,0.0014010964236113694
2025-01-03,optimism,txcosts_median_usd,0.0020082131235179463
2025-01-04,optimism,txcosts_median_usd,0.0013168273501514426
2025-01-05,optimism,txcosts_median_usd,0.0008636205081577503
2025-01-06,optimism,txcosts_median_usd,0.001985603343348845
2025-01-07,optimism,txcosts_median_usd,0.0019053712011210446
2025-01-08,optimism,txcosts_median_usd,0.004892915973332263
2025-01-09,optimism,txcosts_median_usd,0.003274890940514867
2025-01-10,optimism,txcosts_median_usd,0.001763898083556567
2025-01-11,optimism,txcosts_median_usd,0.0008262145108167614
2025-01-12,optimism,txcosts_median_usd,0.0005956213633198346
2025-01-13,optimism,txcosts_median_usd,0.0017904221023924095
2025-01-14,optimism,txcosts_median_usd,0.0011908581600295692
2025-01-15,optimism,txcosts_median_usd,0.005061632066500645
2025-01-16,optimism,txcosts_median_usd,0.007144634293067956
2025-01-17,optimism,txcosts_median_usd,0.005132427767732198
2025-01-18,optimism,txcosts_median_usd,0.005061663140019752
2025-01-19,optimism,txcosts_median_usd,0.0023565383983011183
2025-01-20,optimism,txcosts_median_usd,0.0057186107533587485
2025-01-21,optimism,txcosts_median_usd,0.0025365387807047457
2025-01-22,optimism,txcosts_median_usd,0.0018608212597603028
2025-01-23,optimism,txcosts_median_usd,0.0027627140720868416
2025-01-24,optimism,txcosts_median_usd,0.0026256625495165303
2025-01-25,optimism,txcosts_median_usd,0.0009479612016744896
2025-01-26,optimism,txcosts_median_usd,0.0010091770618705857
2025-01-27,optimism,txcosts_median_usd,0.0026289886875522166
2025-01-28,optimism,txcosts_median_usd,0.004604139011581015
2025-01-29,optimism,txcosts_median_usd,0.0016652693403423414
2025-01-30,optimism,txcosts_median_usd,0.0006200793049645322
2025-01-31,optimism,txcosts_median_usd,0.002406644452768703
2025-02-01,optimism,txcosts_median_usd,0.0005187892695965016
2025-02-02,optimism,txcosts_median_usd,0.001427893773745821
2025-02-03,optimism,txcosts_median_usd,0.002152665145601672
2025-02-04,optimism,txcosts_median_usd,0.003104020424081034
2025-02-05,optimism,txcosts_median_usd,0.0015375923315334114
2025-02-06,optimism,txcosts_median_usd,0.0012465034685889098
2025-02-07,optimism,txcosts_median_usd,0.000590983643388387
2025-02-08,optimism,txcosts_median_usd,0.00031563926180566655
2025-02-09,optimism,txcosts_median_usd,0.0002850812778622283
2025-02-10,optimism,txcosts_median_usd,0.0013174036001900066
2025-02-11,optimism,txcosts_median_usd,0.0012810298930825506
2025-02-12,optimism,txcosts_median_usd,0.002006908247689509
2025-02-13,optimism,txcosts_median_usd,0.002647967378538671
2025-02-14,optimism,txcosts_median_usd,0.0016512629667351758
2025-02-15,optimism,txcosts_median_usd,0.0003151147499430502
2025-02-16,optimism,txcosts_median_usd,0.0003585918184682297
2025-02-17,optimism,txcosts_median_usd,0.0015371459529921001
2025-02-18,optimism,txcosts_median_usd,0.0018358197829394633
2025-02-19,optimism,txcosts_median_usd,0.000313300840287747
2025-02-20,optimism,txcosts_median_usd,0.0009246699521196313
2025-02-21,optimism,txcosts_median_usd,0.0030458769905315586
2025-02-22,optimism,txcosts_median_usd,0.001622287843085698
2025-02-23,optimism,txcosts_median_usd,0.00040250783895473975
2025-02-24,optimism,txcosts_median_usd,0.0018855229303610696
2025-02-25,optimism,txcosts_median_usd,0.00431283694441111
2025-02-26,optimism,txcosts_median_usd,0.0034564151927295784
2025-02-27,optimism,txcosts_median_usd,0.0016131474442788536
2025-02-28,optimism,txcosts_median_usd,0.002977556384627278
2025-03-01,optimism,txcosts_median_usd,0.0001294082909230171
2025-03-02,optimism,txcosts_median_usd,0.0004035675704214006
2025-03-03,optimism,txcosts_median_usd,0.002158997214151441
2025-03-04,optimism,txcosts_median_usd,0.0011065519379339663
2025-03-05,optimism,txcosts_median_usd,0.00036900940704617796
2025-03-06,optimism,txcosts_median_usd,0.00031213433728200846
2025-03-07,optimism,txcosts_median_usd,0.0015850253218761465
2025-03-08,optimism,txcosts_median_usd,0.000532365727562012
2025-03-09,optimism,txcosts_median_usd,0.00037525541847680124
2025-03-10,optimism,txcosts_median_usd,0.0026083443619245882
2025-03-11,optimism,txcosts_median_usd,0.0028241683347891445
2025-03-12,optimism,txcosts_median_usd,0.002459604120414238
2025-03-13,optimism,txcosts_median_usd,0.0023556889190394985
2025-03-14,optimism,txcosts_median_usd,0.0013309088897946269
2025-03-15,optimism,txcosts_median_usd,0.0010166579044983191
2025-03-16,optimism,txcosts_median_usd,0.0007436044065162201
2025-03-17,optimism,txcosts_median_usd,0.0014447565735150694
2025-03-18,optimism,txcosts_median_usd,0.0004688130633133312
2025-03-19,optimism,txcosts_median_usd,0.00031771271816923567
2025-03-20,optimism,txcosts_median_usd,0.00023255050776899494
2025-03-21,optimism,txcosts_median_usd,5.398338699029681e-05
2025-03-22,optimism,txcosts_median_usd,0.00019916615384606514
2025-03-23,optimism,txcosts_median_usd,7.013607169723451e-05
2025-03-24,optimism,txcosts_median_usd,9.893295478846144e-05
2025-03-25,optimism,txcosts_median_usd,0.00012142334105504871
2025-03-26,optimism,txcosts_median_usd,0.0001914834801859749
2025-03-27,optimism,txcosts_median_usd,0.00011803201452461267
2025-03-28,optimism,txcosts_median_usd,0.0004911531450980725
2025-03-29,optimism,txcosts_median_usd,0.00020114266150533572
2025-03-30,optimism,txcosts_median_usd,0.0001312639485028566
2025-03-31,optimism,txcosts_median_usd,0.000545686016080292
2025-04-01,optimism,txcosts_median_usd,0.0004948583148339584
2025-04-02,optimism,txcosts_median_usd,0.0002476590101561131
2025-04-03,optimism,txcosts_median_usd,0.00026229199710427464
2025-04-04,optimism,txcosts_median_usd,0.0005267180857905446
2025-04-05,optimism,txcosts_median_usd,0.00033914665136537366
2025-04-06,optimism,txcosts_median_usd,0.0007616900900285647
2025-04-07,optimism,txcosts_median_usd,0.0033153110202347132
2025-04-08,optimism,txcosts_median_usd,0.001649226083167108
2025-04-09,optimism,txcosts_median_usd,0.0014856839079426187
2025-04-10,optimism,txcosts_median_usd,0.001816684738811268
2025-04-11,optimism,txcosts_median_usd,0.001683510823210957
2025-04-12,optimism,txcosts_median_usd,0.0014407674141613208
2025-04-13,optimism,txcosts_median_usd,0.0008118889810731559
2025-04-14,optimism,txcosts_median_usd,0.0008671161001000772
2025-04-15,optimism,txcosts_median_usd,0.0013324926253567716
2025-04-16,optimism,txcosts_median_usd,0.001728271043397676
2025-04-17,optimism,txcosts_median_usd,0.004397286676259853
2025-04-18,optimism,txcosts_median_usd,0.0034642109626079605
2025-04-19,optimism,txcosts_median_usd,0.0007486042809732755
2025-04-20,optimism,txcosts_median_usd,0.0005704320454663067
2025-04-21,optimism,txcosts_median_usd,0.0020642434117977885
2025-04-22,optimism,txcosts_median_usd,0.003288772713606037
2025-04-23,optimism,txcosts_median_usd,0.005213159684721032
2025-04-24,optimism,txcosts_median_usd,0.001012244578506584
2025-04-25,optimism,txcosts_median_usd,0.002101453845057908
2025-04-26,optimism,txcosts_median_usd,0.0008936224438816418
2025-04-27,optimism,txcosts_median_usd,0.0005655323427431704
2025-04-28,optimism,txcosts_median_usd,0.002079370970981392
2025-04-29,optimism,txcosts_median_usd,0.0016677402276269373
2025-04-30,optimism,txcosts_median_usd,0.0013205793262649566
2025-05-01,optimism,txcosts_median_usd,0.001648519479311595
2025-05-02,optimism,txcosts_median_usd,0.0012540445829276267
2025-05-03,optimism,txcosts_median_usd,0.0003089174276405921
2025-05-04,optimism,txcosts_median_usd,0.00041914375316197503
2025-05-05,optimism,txcosts_median_usd,0.00036834851134707493
2025-05-06,optimism,txcosts_median_usd,0.0003014456492040846
2025-05-07,optimism,txcosts_median_usd,0.00023605551548698203
2025-05-08,optimism,txcosts_median_usd,0.0003511014449368263
2025-05-09,optimism,txcosts_median_usd,0.0003930359176452188
2025-05-10,optimism,txcosts_median_usd,0.00021897776907535096
2025-05-11,optimism,txcosts_median_usd,0.00046876502689940875
2025-05-12,optimism,txcosts_median_usd,0.0006605649806030834
2025-05-13,optimism,txcosts_median_usd,0.0005743170074733594
2025-05-14,optimism,txcosts_median_usd,0.0004715028575047319
2025-05-15,optimism,txcosts_median_usd,0.0005337803855780611
2025-05-16,optimism,txcosts_median_usd,0.00044816623956419525
2025-05-17,optimism,txcosts_median_usd,0.0002723740277323743
2025-05-18,optimism,txcosts_median_usd,0.00026419811877162285
2025-05-19,optimism,txcosts_median_usd,0.00027225006906583744
2025-05-20,optimism,txcosts_median_usd,0.0002885804992675076
2025-05-21,optimism,txcosts_median_usd,0.0007216014219733112
2025-05-22,optimism,txcosts_median_usd,0.0009339110324171133
2025-05-23,optimism,txcosts_median_usd,0.0005223834203020503
2025-05-24,optimism,txcosts_median_usd,0.00023476344797712664
2025-05-25,optimism,txcosts_median_usd,0.0002897243028712242
2025-05-26,optimism,txcosts_median_usd,0.00025763273771630996
2025-05-27,optimism,txcosts_median_usd,0.0003938771780640275
2025-05-28,optimism,txcosts_median_usd,0.0003921910064457824
2025-05-29,optimism,txcosts_median_usd,0.0003382890545094352
2025-05-30,optimism,txcosts_median_usd,0.00029755608262766473
2025-05-31,optimism,txcosts_median_usd,0.0003060277882371388
2025-06-01,optimism,txcosts_median_usd,0.0003067699972587558
2025-06-02,optimism,txcosts_median_usd,0.00033979067493707305
2025-06-03,optimism,txcosts_median_usd,0.0003117229745407955
2025-06-04,optimism,txcosts_median_usd,0.0002445467146943182
2025-06-05,optimism,txcosts_median_usd,0.00038683205669670754
2025-06-06,optimism,txcosts_median_usd,0.0002669575707473453
2025-06-07,optimism,txcosts_median_usd,0.00025028249308174335
2025-06-08,optimism,txcosts_median_usd,0.0001549790302892915
2025-06-09,optimism,txcosts_median_usd,0.00023289654566223872
2025-06-10,optimism,txcosts_median_usd,0.00034378146814210986
2025-06-11,optimism,txcosts_median_usd,0.0005415419973114347
2025-06-12,optimism,txcosts_median_usd,0.000463534750700487
2025-06-13,optimism,txcosts_median_usd,0.0003455624546690946
2025-06-14,optimism,txcosts_median_usd,0.00015409133090524298
2025-06-15,optimism,txcosts_median_usd,0.0001352356189091401
2025-06-16,optimism,txcosts_median_usd,0.0007770411760405579
2025-06-17,optimism,txcosts_median_usd,0.000280684002746935
2025-06-18,optimism,txcosts_median_usd,0.00021430083905572624
2025-06-19,optimism,txcosts_median_usd,0.0002481928863455543
2025-06-20,optimism,txcosts_median_usd,0.0005420273260822259
2025-06-21,optimism,txcosts_median_usd,0.0003267422707432056
2025-06-22,optimism,txcosts_median_usd,0.00026492575059559604
2025-06-23,optimism,txcosts_median_usd,0.0008940777227419795
2025-06-24,optimism,txcosts_median_usd,0.0004980110665688187
2025-06-25,optimism,txcosts_median_usd,0.0005054707726795247
2025-06-26,optimism,txcosts_median_usd,0.00030508132787391716
2025-06-27,optimism,txcosts_median_usd,0.00023123415943977332
2025-06-28,optimism,txcosts_median_usd,0.00018453574428034257
2025-06-29,optimism,txcosts_median_usd,0.0001943500139704974
2025-06-30,optimism,txcosts_median_usd,0.0003439233579294657
2025-07-01,optimism,txcosts_median_usd,0.0003416041410102993
2025-07-02,optimism,txcosts_median_usd,0.0002425400598220777
2025-07-03,optimism,txcosts_median_usd,0.0003684546623017198
2025-07-04,optimism,txcosts_median_usd,0.0003178937131604543
2025-07-05,optimism,txcosts_median_usd,0.00018878399604794154
2025-07-06,optimism,txcosts_median_usd,0.0002038828977266335
2025-07-07,optimism,txcosts_median_usd,0.0003759419935690802
2025-07-08,optimism,txcosts_median_usd,0.00030679646079565724
2025-07-09,optimism,txcosts_median_usd,0.0003828833964208029
2025-07-10,optimism,txcosts_median_usd,0.0007809419791126091
2025-07-11,optimism,txcosts_median_usd,0.0008449610943480542
2025-07-12,optimism,txcosts_median_usd,0.00038030157097895855
2025-07-13,optimism,txcosts_median_usd,0.00032718941832423384
2025-07-14,optimism,txcosts_median_usd,0.0006706044411236579
2025-07-15,optimism,txcosts_median_usd,0.0006223546741511325
2025-07-16,optimism,txcosts_median_usd,0.0009842796439589324
2025-07-17,optimism,txcosts_median_usd,0.0012428497710973978
2025-07-18,optimism,txcosts_median_usd,0.0012183263912121513
2025-07-19,optimism,txcosts_median_usd,0.0005096194400125253
2025-07-20,optimism,txcosts_median_usd,0.00029539918608314337
2025-07-21,optimism,txcosts_median_usd,0.00016101282656671499
2025-07-22,optimism,txcosts_median_usd,0.0002304249291921406
2025-07-23,optimism,txcosts_median_usd,0.00013547101679024792
2025-07-24,optimism,txcosts_median_usd,0.0006187342462120314
2025-07-25,optimism,txcosts_median_usd,0.00017948687687842333
2025-07-26,optimism,txcosts_median_usd,0.0001350092839827423
2025-07-27,optimism,txcosts_median_usd,0.00013685966572547672
2025-07-28,optimism,txcosts_median_usd,0.00014146632413871294
2025-07-29,optimism,txcosts_median_usd,0.00019239871731101049
2025-07-30,optimism,txcosts_median_usd,0.000493623805621498
2025-07-31,optimism,txcosts_median_usd,0.0006052191222801844
2025-08-01,optimism,txcosts_median_usd,0.0002639419195670796
2025-08-02,optimism,txcosts_median_usd,0.00028545383766522903
2025-08-03,optimism,txcosts_median_usd,0.0001788889585321091
2025-08-04,optimism,txcosts_median_usd,0.0003101432901534711
2025-08-05,optimism,txcosts_median_usd,0.0003692789020616474
2025-08-06,optimism,txcosts_median_usd,0.0002470899885050637
2025-08-07,optimism,txcosts_median_usd,0.00027371847773122155
2025-08-08,optimism,txcosts_median_usd,0.000444255940363554
2025-08-09,optimism,txcosts_median_usd,0.00022947598897934255
2025-08-10,optimism,txcosts_median_usd,0.00012457400495562517
2025-08-11,optimism,txcosts_median_usd,0.0006184140882266601
2025-08-12,optimism,txcosts_median_usd,0.0005411875135727271
2025-08-13,optimism,txcosts_median_usd,0.00048196660635819793
2025-08-14,optimism,txcosts_median_usd,0.0008947417254035238
2025-08-15,optimism,txcosts_median_usd,0.000509414570720867
2025-08-16,optimism,txcosts_median_usd,0.0004654226893972897
2025-08-17,optimism,txcosts_median_usd,0.00043274747343986835
2025-08-18,optimism,txcosts_median_usd,0.000402548302021281
2025-08-19,optimism,txcosts_median_usd,0.0005267426583239345
2025-08-20,optimism,txcosts_median_usd,0.0004311161440224821
2025-08-21,optimism,txcosts_median_usd,0.0003853225302726368
2025-08-22,optimism,txcosts_median_usd,0.0005916000887211261
2025-08-23,optimism,txcosts_median_usd,0.00042956963767837926
2025-08-24,optimism,txcosts_median_usd,0.0002003381455852857
2025-08-25,optimism,txcosts_median_usd,0.0004474748080826572
2025-08-26,optimism,txcosts_median_usd,0.00026989264278855875
2025-08-27,optimism,txcosts_median_usd,0.00027890721895326926
2025-08-28,optimism,txcosts_median_usd,0.0002074131002527291
2025-08-29,optimism,txcosts_median_usd,0.0002094421017932394
2025-08-30,optimism,txcosts_median_usd,0.00010492960420133024
2025-08-31,optimism,txcosts_median_usd,9.840983884132373e-05
2025-09-01,optimism,txcosts_median_usd,0.00029859018167176026
2025-09-02,optimism,txcosts_median_usd,0.00017079072733842078
2025-09-03,optimism,txcosts_median_usd,0.00014884401325429466
2025-09-04,optimism,txcosts_median_usd,0.0001895306989432208
2025-09-05,optimism,txcosts_median_usd,0.0001575794456268423
2025-09-06,optimism,txcosts_median_usd,9.827751161099926e-05
2025-09-07,optimism,txcosts_median_usd,6.841261108043383e-05
2025-09-08,optimism,txcosts_median_usd,0.0001354053086107836
2025-09-09,optimism,txcosts_median_usd,0.00018360778993341696
2025-09-10,optimism,txcosts_median_usd,0.00016107350301960632
2025-09-11,optimism,txcosts_median_usd,0.00017053474512488447
2025-09-12,optimism,txcosts_median_usd,0.00019607042113125583
2025-09-13,optimism,txcosts_median_usd,0.00012315677453752269
2025-09-14,optimism,txcosts_median_usd,0.00010321207948621945
2025-09-15,optimism,txcosts_median_usd,0.00023789503164837808
2025-09-16,optimism,txcosts_median_usd,0.00018424511870671206
2025-09-17,optimism,txcosts_median_usd,0.00012816056792356117
2025-09-18,optimism,txcosts_median_usd,0.0002288705328331906
2025-09-19,optimism,txcosts_median_usd,0.00017450825226030176
2025-09-20,optimism,txcosts_median_usd,8.632007548698129e-05
2025-09-21,optimism,txcosts_median_usd,3.837311923024364e-05
2025-09-22,optimism,txcosts_median_usd,0.00017048116366278604
2025-09-23,optimism,txcosts_median_usd,0.00011108821488041736
2025-09-24,optimism,txcosts_median_usd,0.00011699502220656372
2025-09-25,optimism,txcosts_median_usd,0.000278820373883754
2025-09-26,optimism,txcosts_median_usd,0.0001766177255821303
2025-09-27,optimism,txcosts_median_usd,0.00013920149570600634
2025-09-28,optimism,txcosts_median_usd,0.00012181452914017663
2025-09-29,optimism,txcosts_median_usd,0.00028234285611371105
2025-09-30,optimism,txcosts_median_usd,0.00018067933581419763
2025-10-01,optimism,txcosts_median_usd,0.00019380044488419203
2025-10-02,optimism,txcosts_median_usd,0.00023306233098943296
2025-10-03,optimism,txcosts_median_usd,0.00020904541956738018
2025-10-04,optimism,txcosts_median_usd,7.960794949040703e-05
2025-10-05,optimism,txcosts_median_usd,2.882286320751703e-05
2025-10-06,optimism,txcosts_median_usd,9.384694761268108e-05
2025-10-07,optimism,txcosts_median_usd,0.00010285764008364334
2025-10-08,optimism,txcosts_median_usd,5.827257952907537e-05
2025-10-09,optimism,txcosts_median_usd,0.00012792810698298315
2025-10-10,optimism,txcosts_median_usd,0.0001669937229474016
2025-10-11,optimism,txcosts_median_usd,0.0001424672245758025
2025-10-12,optimism,txcosts_median_usd,8.243427359260468e-05
2025-10-13,optimism,txcosts_median_usd,0.00017504260884630238
2025-10-14,optimism,txcosts_median_usd,0.0001959032143350405
2025-10-15,optimism,txcosts_median_usd,9.227146187637491e-05
2025-10-16,optimism,txcosts_median_usd,8.053765507208359e-05
2025-10-17,optimism,txcosts_median_usd,0.00019723215282045303
2025-10-18,optimism,txcosts_median_usd,4.123931929444487e-05
2025-10-19,optimism,txcosts_median_usd,2.4664691170551524e-05
2025-10-20,optimism,txcosts_median_usd,2.267895009178927e-05
2025-10-21,optimism,txcosts_median_usd,6.046685986598376e-05
2025-10-22,optimism,txcosts_median_usd,3.438519881980088e-05
2025-10-23,optimism,txcosts_median_usd,2.041585854300837e-05
2025-10-24,optimism,txcosts_median_usd,2.171011879004138e-05
2025-10-25,optimism,txcosts_median_usd,1.1336239539923195e-05
2025-10-26,optimism,txcosts_median_usd,2.306836246699339e-05
2025-10-27,optimism,txcosts_median_usd,5.404738224854256e-05
2025-10-28,optimism,txcosts_median_usd,5.0153028979846706e-05
2025-10-29,optimism,txcosts_median_usd,4.125092685511244e-05
2025-10-30,optimism,txcosts_median_usd,9.297926642891679e-05
2025-10-31,optimism,txcosts_median_usd,4.325790794487702e-05
2025-11-01,optimism,txcosts_median_usd,1.1821694601315956e-05
2025-11-02,optimism,txcosts_median_usd,1.9107983771447394e-05
2025-11-03,optimism,txcosts_median_usd,0.00011432383007026447
2025-11-04,optimism,txcosts_median_usd,0.0002687494607858634
2025-11-05,optimism,txcosts_median_usd,8.10374498055336e-05
2025-11-06,optimism,txcosts_median_usd,0.00011438643934908969
2025-11-07,optimism,txcosts_median_usd,0.00014115356041417775
2025-11-08,optimism,txcosts_median_usd,2.0166179644692398e-05
2025-11-09,optimism,txcosts_median_usd,1.476304688622594e-05
2025-11-10,optimism,txcosts_median_usd,5.0503979667244904e-05
2025-11-11,optimism,txcosts_median_usd,3.5291585764725765e-05
2025-11-12,optimism,txcosts_median_usd,2.9554414307636276e-05
2025-11-13,optimism,txcosts_median_usd,7.709651722476163e-05
2025-11-14,optimism,txcosts_median_usd,0.00010462896003717294
2025-11-15,optimism,txcosts_median_usd,9.926327441366093e-06
2025-11-16,optimism,txcosts_median_usd,2.710822016943764e-05
2025-11-17,optimism,txcosts_median_usd,6.988273750625121e-05
2025-11-18,optimism,txcosts_median_usd,9.867527556141087e-05
2025-11-19,optimism,txcosts_median_usd,0.00018859670295732453
2025-11-20,optimism,txcosts_median_usd,0.00018534129592754123
2025-11-21,optimism,txcosts_median_usd,0.00019870927549223236
2025-11-22,optimism,txcosts_median_usd,6.739425319754725e-05
2025-11-23,optimism,txcosts_median_usd,7.239511397552678e-05
2025-11-24,optimism,txcosts_median_usd,0.0001016714929878426
2025-11-25,optimism,txcosts_median_usd,0.00010017624387000854
2025-11-26,optimism,txcosts_median_usd,8.823292675471232e-05
2025-11-27,optimism,txcosts_median_usd,6.837028091786007e-05
2025-11-28,optimism,txcosts_median_usd,7.98986392157243e-05
2025-11-29,optimism,txcosts_median_usd,6.846112056337059e-05
2025-11-30,optimism,txcosts_median_usd,5.701930635723318e-05
2025-12-01,optimism,txcosts_median_usd,9.057844066388438e-05
2025-12-02,optimism,txcosts_median_usd,6.682041426342994e-05
2025-12-03,optimism,txcosts_median_usd,5.5350505915701615e-05
2025-12-04,optimism,txcosts_median_usd,5.408766912751119e-05
2025-12-05,optimism,txcosts_median_usd,3.568391030553864e-05
2025-12-06,optimism,txcosts_median_usd,2.0402259709058603e-05
2025-12-07,optimism,txcosts_median_usd,0.00013038491275379672
2025-12-08,optimism,txcosts_median_usd,0.00012279250181693055
2025-12-09,optimism,txcosts_median_usd,9.852933892606201e-05
2025-12-10,optimism,txcosts_median_usd,8.167931892228958e-05
2025-12-11,optimism,txcosts_median_usd,6.570352589624576e-05
2025-12-12,optimism,txcosts_median_usd,4.5401663259891644e-05
2025-12-13,optimism,txcosts_median_usd,1.976696807614338e-05
2025-12-14,optimism,txcosts_median_usd,2.357998219792175e-05
2025-12-15,optimism,txcosts_median_usd,3.772021257160571e-05
2025-12-16,optimism,txcosts_median_usd,2.267453589515287e-05
2025-12-17,optimism,txcosts_median_usd,2.4113093499948162e-05
2025-12-18,optimism,txcosts_median_usd,3.5526406515274146e-05
2025-12-19,optimism,txcosts_median_usd,3.9044053409954533e-05
2025-12-20,optimism,txcosts_median_usd,2.02400722281205e-05
2025-12-21,optimism,txcosts_median_usd,1.8398120228764636e-05
2025-12-22,optimism,txcosts_median_usd,2.233630860636646e-05
2025-12-23,optimism,txcosts_median_usd,2.2441518654218116e-05
2025-12-24,optimism,txcosts_median_usd,2.3647359135679565e-05
2025-12-25,optimism,txcosts_median_usd,2.010368255298905e-05
2025-12-26,optimism,txcosts_median_usd,2.1694328966810687e-05
2025-12-27,optimism,txcosts_median_usd,1.1592748403104648e-05
2025-12-28,optimism,txcosts_median_usd,1.4878084714799681e-05
2025-12-29,optimism,txcosts_median_usd,2.4286334894431916e-05
2025-12-30,optimism,txcosts_median_usd,1.4172081163381318e-05
2025-12-31,optimism,txcosts_median_usd,1.6028744869975568e-05
2026-01-01,optimism,txcosts_median_usd,1.695849543875799e-05
2026-01-02,optimism,txcosts_median_usd,6.501724514534133e-05
2026-01-03,optimism,txcosts_median_usd,2.4903524748219532e-05
2026-01-04,optimism,txcosts_median_usd,2.987693582940403e-05
2026-01-05,optimism,txcosts_median_usd,3.9580587238212224e-05
2026-01-06,optimism,txcosts_median_usd,5.4507768221929774e-05
2026-01-07,optimism,txcosts_median_usd,2.9562214193055473e-05
2026-01-08,optimism,txcosts_median_usd,3.300070992769276e-05
2026-01-09,optimism,txcosts_median_usd,2.6054925582287553e-05
2026-01-10,optimism,txcosts_median_usd,1.2603608817664297e-05
2026-01-11,optimism,txcosts_median_usd,1.4351293020948761e-05
2026-01-12,optimism,txcosts_median_usd,3.3177231179462574e-05
2026-01-13,optimism,txcosts_median_usd,4.707546344206967e-05
2026-01-14,optimism,txcosts_median_usd,4.746031619684228e-05
2026-01-15,optimism,txcosts_median_usd,3.283241745486505e-05
2026-01-16,optimism,txcosts_median_usd,2.4120061488904557e-05
2026-01-17,optimism,txcosts_median_usd,2.1819442855594436e-05
2026-01-18,optimism,txcosts_median_usd,6.212798649877545e-05
2026-01-19,optimism,txcosts_median_usd,3.238712232031429e-05
2026-01-20,optimism,txcosts_median_usd,3.811810581079219e-05
2026-01-21,optimism,txcosts_median_usd,5.791268890333641e-05
2026-01-22,optimism,txcosts_median_usd,5.2635349912758186e-05
2026-01-23,optimism,txcosts_median_usd,9.600740107046211e-05
2026-01-24,optimism,txcosts_median_usd,3.197505768921486e-05
2026-01-25,optimism,txcosts_median_usd,3.708728919045847e-05
2026-01-26,optimism,txcosts_median_usd,4.734366628391756e-05
2026-01-27,optimism,txcosts_median_usd,3.353762161466418e-05
2026-01-28,optimism,txcosts_median_usd,3.6610610403786575e-05
2026-01-29,optimism,txcosts_median_usd,5.401529720624731e-05
2026-01-30,optimism,txcosts_median_usd,7.544640010056455e-05
2026-01-31,optimism,txcosts_median_usd,0.0001208803490575066
2026-02-01,optimism,txcosts_median_usd,9.064139961388438e-05
2026-02-02,optimism,txcosts_median_usd,9.346770639450958e-05
2026-02-03,optimism,txcosts_median_usd,9.035414592727708e-05
2026-02-04,optimism,txcosts_median_usd,0.0001094743163215748
2026-02-05,optimism,txcosts_median_usd,0.0001625181196894359
2026-02-06,optimism,txcosts_median_usd,0.00021445454429668353
2026-02-07,optimism,txcosts_median_usd,0.00014748614151317523
2026-02-08,optimism,txcosts_median_usd,1.9326937244750987e-05
2026-02-09,optimism,txcosts_median_usd,3.8866005959535976e-05
2026-02-10,optimism,txcosts_median_usd,5.340215130105163e-05
2026-02-11,optimism,txcosts_median_usd,7.812025238199047e-05
2026-02-12,optimism,txcosts_median_usd,2.6850864217673006e-05
2026-02-13,optimism,txcosts_median_usd,1.1891356806005362e-05
2026-02-14,optimism,txcosts_median_usd,5.099950632437623e-06
2026-02-15,optimism,txcosts_median_usd,1.1022942664522522e-05
2026-02-16,optimism,txcosts_median_usd,1.1722492577945084e-05
2026-02-17,optimism,txcosts_median_usd,4.7811222357114546e-05
2026-02-18,optimism,txcosts_median_usd,2.2883401971515624e-05
2026-02-19,optimism,txcosts_median_usd,0.00011880751427121732
2026-02-20,optimism,txcosts_median_usd,7.310272849533644e-05
2026-02-21,optimism,txcosts_median_usd,4.8280797690395854e-06
2026-02-22,optimism,txcosts_median_usd,7.5468339533395096e-06
2026-02-23,optimism,txcosts_median_usd,2.651516350849441e-05
2026-02-24,optimism,txcosts_median_usd,1.6026824071431796e-05
2026-02-25,optimism,txcosts_median_usd,2.4579891969679154e-05
2026-02-26,optimism,txcosts_median_usd,2.359610059671329e-05
2026-02-27,optimism,txcosts_median_usd,4.120764345670838e-05
2026-02-28,optimism,txcosts_median_usd,0.00011829336033842506
2026-03-01,optimism,txcosts_median_usd,7.42747673576026e-05
2026-03-02,optimism,txcosts_median_usd,6.113118265202346e-05
2026-03-03,optimism,txcosts_median_usd,5.7284904226764505e-05
2026-03-04,optimism,txcosts_median_usd,2.7576651252197296e-05
2026-03-05,optimism,txcosts_median_usd,2.6992787117058054e-05
2026-03-06,optimism,txcosts_median_usd,1.786861948174252e-05
2026-03-07,optimism,txcosts_median_usd,8.13130592948237e-05
2026-03-08,optimism,txcosts_median_usd,7.377290393433064e-05
2026-03-09,optimism,txcosts_median_usd,7.171720793580901e-05
2026-03-10,optimism,txcosts_median_usd,7.019842435252584e-06
2026-03-11,optimism,txcosts_median_usd,1.034380812011405e-05
2026-03-12,optimism,txcosts_median_usd,8.968868695529721e-06
2026-03-13,optimism,txcosts_median_usd,9.524925871196638e-06
2026-03-14,optimism,txcosts_median_usd,2.078966798505055e-06
2026-03-15,optimism,txcosts_median_usd,8.807745139892467e-06
2026-03-16,optimism,txcosts_median_usd,2.5027003437384647e-05
2026-03-17,optimism,txcosts_median_usd,1.91577584434497e-05
2026-03-18,optimism,txcosts_median_usd,1.3130463938752937e-05
2026-03-19,optimism,txcosts_median_usd,1.8226386781437158e-05
2026-03-20,optimism,txcosts_median_usd,1.3574954649088251e-05
2026-03-21,optimism,txcosts_median_usd,1.1368737103954439e-05
2026-03-22,optimism,txcosts_median_usd,1.0439433018012964e-05
2026-03-23,optimism,txcosts_median_usd,1.1336169208112743e-05
2026-03-24,optimism,txcosts_median_usd,7.4691417921903005e-06
2026-03-25,optimism,txcosts_median_usd,5.533490483112274e-06
2026-03-26,optimism,txcosts_median_usd,9.496104035210004e-06
2026-03-27,optimism,txcosts_median_usd,1.2275213506644676e-05
2026-03-28,optimism,txcosts_median_usd,9.60130604875952e-06
2026-03-29,optimism,txcosts_median_usd,1.5765403305936152e-05
2026-03-30,optimism,txcosts_median_usd,1.1326768621422277e-05
2026-03-31,optimism,txcosts_median_usd,1.983371405840977e-05
2026-04-01,optimism,txcosts_median_usd,1.7975953518119405e-05
2026-04-02,optimism,txcosts_median_usd,1.1430045100971307e-05
2026-04-03,optimism,txcosts_median_usd,1.5422980757772693e-05
2026-04-04,optimism,txcosts_median_usd,1.4720721265262124e-05
2026-04-05,optimism,txcosts_median_usd,1.5366516426552663e-05
2026-04-06,optimism,txcosts_median_usd,1.0309876541822928e-05
2026-04-07,optimism,txcosts_median_usd,2.1476756709086944e-05
2026-04-08,optimism,txcosts_median_usd,4.1464181839017905e-05
2026-04-09,optimism,txcosts_median_usd,4.3240937930687394e-05
2026-04-10,optimism,txcosts_median_usd,3.196212703632122e-05
2026-04-11,optimism,txcosts_median_usd,1.8574620274604962e-05
2026-04-12,optimism,txcosts_median_usd,2.6545833073005657e-05
2026-04-13,optimism,txcosts_median_usd,2.3978915133025595e-05
2026-04-14,optimism,txcosts_median_usd,2.2084903894708353e-05
2026-04-15,optimism,txcosts_median_usd,2.273493861415114e-05
2026-04-16,optimism,txcosts_median_usd,2.8239946747314038e-05
2026-04-17,optimism,txcosts_median_usd,6.96973347045313e-05
2026-04-18,optimism,txcosts_median_usd,4.901405215552999e-05
2026-04-19,optimism,txcosts_median_usd,5.919219216412248e-05
2026-04-20,optimism,txcosts_median_usd,7.294151004008209e-05
2026-04-21,optimism,txcosts_median_usd,3.341232445457634e-05
2026-04-22,optimism,txcosts_median_usd,0.00012079853501529208
2026-04-23,optimism,txcosts_median_usd,6.210077269938407e-05
2026-04-24,optimism,txcosts_median_usd,5.103556730706284e-05
2026-04-25,optimism,txcosts_median_usd,3.275711654928554e-05
2026-04-26,optimism,txcosts_median_usd,5.55883229345131e-05
2026-04-27,optimism,txcosts_median_usd,7.870323015149845e-05
2026-04-28,optimism,txcosts_median_usd,5.410390080480374e-05
2026-04-29,optimism,txcosts_median_usd,5.910370124733661e-05
2026-04-30,optimism,txcosts_median_usd,4.25709854838574e-05
2026-05-01,optimism,txcosts_median_usd,2.339514585195296e-05
2026-05-02,optimism,txcosts_median_usd,1.2140871723253744e-05
2026-05-03,optimism,txcosts_median_usd,1.0402795377685585e-05
2026-05-04,optimism,txcosts_median_usd,3.8013717057839514e-05
2026-05-05,optimism,txcosts_median_usd,1.339875031743382e-05
2026-05-06,optimism,txcosts_median_usd,2.9702439825324478e-05
2026-05-07,optimism,txcosts_median_usd,4.502576748369577e-05
2026-05-08,optimism,txcosts_median_usd,5.147544696068478e-05
2026-05-09,optimism,txcosts_median_usd,2.716892096876473e-05
2026-05-10,optimism,txcosts_median_usd,2.4300179071241123e-05
2026-05-11,optimism,txcosts_median_usd,4.261810870278744e-05
2026-05-12,optimism,txcosts_median_usd,3.470798107729105e-05
2026-05-13,optimism,txcosts_median_usd,2.504335085115585e-05
2026-05-14,optimism,txcosts_median_usd,3.004565670374653e-05
2026-05-15,optimism,txcosts_median_usd,3.315528895170022e-05
2026-05-16,optimism,txcosts_median_usd,1.5495955708321496e-05
2026-05-17,optimism,txcosts_median_usd,1.1422121663422452e-05
2026-05-18,optimism,txcosts_median_usd,3.092737646799145e-05
2026-05-19,optimism,txcosts_median_usd,1.1423936632621501e-05
2026-05-20,optimism,txcosts_median_usd,1.4515497233264397e-05
2026-05-21,optimism,txcosts_median_usd,1.3555747258559563e-05
2026-05-22,optimism,txcosts_median_usd,1.0263528882643392e-05
2026-05-23,optimism,txcosts_median_usd,1.0599599824217701e-05
2026-05-24,optimism,txcosts_median_usd,7.82009929758036e-06
2026-05-25,optimism,txcosts_median_usd,1.1917398630279947e-05
2026-05-26,optimism,txcosts_median_usd,2.222196481479303e-05
2026-05-27,optimism,txcosts_median_usd,1.8653965416197437e-05
2026-05-28,optimism,txcosts_median_usd,3.360122458675623e-05
2026-05-29,optimism,txcosts_median_usd,2.738765698728412e-05
2026-05-30,optimism,txcosts_median_usd,2.273944979643096e-05
2026-05-31,optimism,txcosts_median_usd,2.0240903644636254e-05
2026-06-01,optimism,txcosts_median_usd,3.2320484227097535e-05
2026-06-02,optimism,txcosts_median_usd,4.8934340124931355e-05
2026-06-03,optimism,txcosts_median_usd,3.076629118213008e-05
2026-06-04,optimism,txcosts_median_usd,4.696834099067792e-05
2026-06-05,optimism,txcosts_median_usd,9.681313584255622e-05
2026-06-06,optimism,txcosts_median_usd,1.855952048365157e-05
2026-06-07,optimism,txcosts_median_usd,1.1935134243513626e-05
2026-06-08,optimism,txcosts_median_usd,2.1757628734356477e-05
2026-06-09,optimism,txcosts_median_usd,1.2564571546134007e-05
2026-06-10,optimism,txcosts_median_usd,1.267052607876117e-05
2026-06-11,optimism,txcosts_median_usd,9.915196834694434e-06
2026-06-12,optimism,txcosts_median_usd,1.3335936517986792e-05
2026-06-13,optimism,txcosts_median_usd,1.0535198887218357e-05
2026-06-14,optimism,txcosts_median_usd,7.468842503570793e-06
2026-06-15,optimism,txcosts_median_usd,1.6367070525769833e-05
2026-06-16,optimism,txcosts_median_usd,1.0826148798864417e-05
2026-06-17,optimism,txcosts_median_usd,1.3721386586359705e-05
2026-06-18,optimism,txcosts_median_usd,1.5252020971247758e-05
2026-06-19,optimism,txcosts_median_usd,1.3421623510214299e-05
2026-06-20,optimism,txcosts_median_usd,1.154074508172142e-05
2026-06-21,optimism,txcosts_median_usd,9.106874486369647e-06
2026-06-22,optimism,txcosts_median_usd,1.3897699322904114e-05
2026-06-23,optimism,txcosts_median_usd,2.1965363273137385e-05
2026-06-24,optimism,txcosts_median_usd,2.414786676081559e-05
2026-06-25,optimism,txcosts_median_usd,2.5136562440659884e-05
2026-06-26,optimism,txcosts_median_usd,1.8583002052979726e-05
2026-06-27,optimism,txcosts_median_usd,6.967352261161387e-06
2026-06-28,optimism,txcosts_median_usd,5.3988847095832826e-06
2026-06-29,optimism,txcosts_median_usd,9.84355674328159e-06
2026-06-30,optimism,txcosts_median_usd,2.1996939800894825e-05
2026-07-01,optimism,txcosts_median_usd,1.1397124002069398e-05
2026-07-02,optimism,txcosts_median_usd,2.3800066023616596e-05
2026-07-03,optimism,txcosts_median_usd,9.758491752847173e-06
2026-07-04,optimism,txcosts_median_usd,9.738494758773897e-06
2026-07-05,optimism,txcosts_median_usd,8.623582014716282e-06
2026-07-06,optimism,txcosts_median_usd,1.7555553691273983e-05
2026-07-07,optimism,txcosts_median_usd,1.3856927192157842e-05
2026-07-08,optimism,txcosts_median_usd,1.3815228926039348e-05
2026-07-09,optimism,txcosts_median_usd,8.766405539431657e-06
2026-07-10,optimism,txcosts_median_usd,1.1626434805301083e-05
2026-07-11,optimism,txcosts_median_usd,1.0607607550962874e-05
2026-07-12,optimism,txcosts_median_usd,8.086713995640428e-06
2026-07-13,optimism,txcosts_median_usd,9.347740919917696e-06
2026-07-14,optimism,txcosts_median_usd,1.992945277858671e-05
2026-07-15,optimism,txcosts_median_usd,1.2768494823822237e-05
2026-07-16,optimism,txcosts_median_usd,9.808904751686212e-06
2026-07-17,optimism,txcosts_median_usd,8.860559337782318e-06
2026-07-18,optimism,txcosts_median_usd,4.16957080791163e-06
2026-07-19,optimism,txcosts_median_usd,3.025483557846771e-06
2026-07-20,optimism,txcosts_median_usd,8.953540310679523e-06
2026-07-21,optimism,txcosts_median_usd,1.4486578866192188e-05
2026-07-22,optimism,txcosts_median_usd,1.143284641715436e-05
2026-07-23,optimism,txcosts_median_usd,1.5019846512162743e-05
2026-07-24,optimism,txcosts_median_usd,1.3177283509830315e-05
2026-07-25,optimism,txcosts_median_usd,8.606687544104578e-06
2026-07-26,optimism,txcosts_median_usd,1.0764190989250108e-05
2026-07-27,optimism,txcosts_median_usd,1.1505525203146768e-05
2026-07-28,optimism,txcosts_median_usd,9.423429660282977e-06
2026-07-29,optimism,txcosts_median_usd,1.4740202995851171e-05
2026-07-30,optimism,txcosts_median_usd,1.6957460751931827e-05
2026-07-31,optimism,txcosts_median_usd,1.8225033818726722e-05
2026-08-01,optimism,txcosts_median_usd,3.493536932704229e-06
2026-08-02,optimism,txcosts_median_usd,3.6945907046693092e-06
2026-08-03,optimism,txcosts_median_usd,1.1870984430399097e-05
2026-08-04,optimism,txcosts_median_usd,1.33512709052958e-05
2026-08-05,optimism,txcosts_median_usd,1.2631110173330967e-05
2026-08-06,optimism,txcosts_median_usd,1.41277024205505e-05
2026-08-07,optimism,txcosts_median_usd,1.1656837816478781e-05
2026-08-08,optimism,txcosts_median_usd,5.253184676131329e-06
2026-08-09,optimism,txcosts_median_usd,5.381688166734177e-06
2026-08-10,optimism,txcosts_median_usd,1.1642612977612499e-05
2026-08-11,optimism,txcosts_median_usd,8.298958285207328e-06
2026-08-12,optimism,txcosts_median_usd,8.006544621863417e-06
2026-08-13,optimism,txcosts_median_usd,7.632658509716595e-06
2026-08-14,optimism,txcosts_median_usd,6.197276072724931e-06
2026-08-15,optimism,txcosts_median_usd,3.4140032908643142e-06
2026-08-16,optimism,txcosts_median_usd,3.110909151890226e-06
2026-08-17,optimism,txcosts_median_usd,6.442434292197846e-06
2026-08-18,optimism,txcosts_median_usd,6.71453972563982e-06
2026-08-19,optimism,txcosts_median_usd,2.1902788751722632e-05
2026-08-20,optimism,txcosts_median_usd,2.08055933688103e-05
2021-05-29,arbitrum,txcount,9.0
2021-05-30,arbitrum,txcount,25.0
2021-05-31,arbitrum,txcount,71.0
2021-06-01,arbitrum,txcount,38.0
2021-06-02,arbitrum,txcount,166.0
2021-06-03,arbitrum,txcount,114.0
2021-06-04,arbitrum,txcount,94.0
2021-06-05,arbitrum,txcount,15.0
2021-06-06,arbitrum,txcount,54.0
2021-06-07,arbitrum,txcount,191.0
2021-06-08,arbitrum,txcount,133.0
2021-06-09,arbitrum,txcount,138.0
2021-06-10,arbitrum,txcount,186.0
2021-06-11,arbitrum,txcount,122.0
2021-06-12,arbitrum,txcount,89.0
2021-06-13,arbitrum,txcount,160.0
2021-06-14,arbitrum,txcount,104.0
2021-06-15,arbitrum,txcount,269.0
2021-06-16,arbitrum,txcount,161.0
2021-06-17,arbitrum,txcount,351.0
2021-06-18,arbitrum,txcount,166.0
2021-06-19,arbitrum,txcount,88.0
2021-06-20,arbitrum,txcount,96.0
2021-06-21,arbitrum,txcount,199.0
2021-06-22,arbitrum,txcount,3166.0
2021-06-23,arbitrum,txcount,4095.0
2021-06-24,arbitrum,txcount,3933.0
2021-06-25,arbitrum,txcount,3907.0
2021-06-26,arbitrum,txcount,3992.0
2021-06-27,arbitrum,txcount,4235.0
2021-06-28,arbitrum,txcount,4289.0
2021-06-29,arbitrum,txcount,4334.0
2021-06-30,arbitrum,txcount,4352.0
2021-07-01,arbitrum,txcount,4363.0
2021-07-02,arbitrum,txcount,4305.0
2021-07-03,arbitrum,txcount,4317.0
2021-07-04,arbitrum,txcount,4332.0
2021-07-05,arbitrum,txcount,4500.0
2021-07-06,arbitrum,txcount,4491.0
2021-07-07,arbitrum,txcount,4341.0
2021-07-08,arbitrum,txcount,4519.0
2021-07-09,arbitrum,txcount,4628.0
2021-07-10,arbitrum,txcount,4611.0
2021-07-11,arbitrum,txcount,4631.0
2021-07-12,arbitrum,txcount,4691.0
2021-07-13,arbitrum,txcount,4743.0
2021-07-14,arbitrum,txcount,5039.0
2021-07-15,arbitrum,txcount,4948.0
2021-07-16,arbitrum,txcount,4883.0
2021-07-17,arbitrum,txcount,4818.0
2021-07-18,arbitrum,txcount,4707.0
2021-07-19,arbitrum,txcount,4795.0
2021-07-20,arbitrum,txcount,4817.0
2021-07-21,arbitrum,txcount,4828.0
2021-07-22,arbitrum,txcount,5010.0
2021-07-23,arbitrum,txcount,4826.0
2021-07-24,arbitrum,txcount,1111.0
2021-07-25,arbitrum,txcount,4426.0
2021-07-26,arbitrum,txcount,5330.0
2021-07-27,arbitrum,txcount,5438.0
2021-07-28,arbitrum,txcount,5507.0
2021-07-29,arbitrum,txcount,5323.0
2021-07-30,arbitrum,txcount,4969.0
2021-07-31,arbitrum,txcount,4313.0
2021-08-01,arbitrum,txcount,4447.0
2021-08-02,arbitrum,txcount,4392.0
2021-08-03,arbitrum,txcount,4421.0
2021-08-04,arbitrum,txcount,4477.0
2021-08-05,arbitrum,txcount,4644.0
2021-08-06,arbitrum,txcount,2344.0
2021-08-07,arbitrum,txcount,324.0
2021-08-08,arbitrum,txcount,320.0
2021-08-09,arbitrum,txcount,360.0
2021-08-10,arbitrum,txcount,295.0
2021-08-11,arbitrum,txcount,289.0
2021-08-12,arbitrum,txcount,512.0
2021-08-13,arbitrum,txcount,252.0
2021-08-14,arbitrum,txcount,247.0
2021-08-15,arbitrum,txcount,222.0
2021-08-16,arbitrum,txcount,398.0
2021-08-17,arbitrum,txcount,521.0
2021-08-18,arbitrum,txcount,425.0
2021-08-19,arbitrum,txcount,424.0
2021-08-20,arbitrum,txcount,334.0
2021-08-21,arbitrum,txcount,273.0
2021-08-22,arbitrum,txcount,266.0
2021-08-23,arbitrum,txcount,232.0
2021-08-24,arbitrum,txcount,793.0
2021-08-25,arbitrum,txcount,1092.0
2021-08-26,arbitrum,txcount,846.0
2021-08-27,arbitrum,txcount,358.0
2021-08-28,arbitrum,txcount,705.0
2021-08-29,arbitrum,txcount,232.0
2021-08-30,arbitrum,txcount,666.0
2021-08-31,arbitrum,txcount,1939.0
2021-09-01,arbitrum,txcount,22526.0
2021-09-02,arbitrum,txcount,8962.0
2021-09-03,arbitrum,txcount,8685.0
2021-09-04,arbitrum,txcount,8995.0
2021-09-05,arbitrum,txcount,11123.0
2021-09-06,arbitrum,txcount,12419.0
2021-09-07,arbitrum,txcount,12302.0
2021-09-08,arbitrum,txcount,10565.0
2021-09-09,arbitrum,txcount,17221.0
2021-09-10,arbitrum,txcount,29288.0
2021-09-11,arbitrum,txcount,91474.0
2021-09-12,arbitrum,txcount,241741.0
2021-09-13,arbitrum,txcount,104245.0
2021-09-14,arbitrum,txcount,110395.0
2021-09-15,arbitrum,txcount,127970.0
2021-09-16,arbitrum,txcount,120306.0
2021-09-17,arbitrum,txcount,70922.0
2021-09-18,arbitrum,txcount,72786.0
2021-09-19,arbitrum,txcount,71259.0
2021-09-20,arbitrum,txcount,59818.0
2021-09-21,arbitrum,txcount,63320.0
2021-09-22,arbitrum,txcount,51822.0
2021-09-23,arbitrum,txcount,55762.0
2021-09-24,arbitrum,txcount,46779.0
2021-09-25,arbitrum,txcount,44017.0
2021-09-26,arbitrum,txcount,38644.0
2021-09-27,arbitrum,txcount,36730.0
2021-09-28,arbitrum,txcount,35457.0
2021-09-29,arbitrum,txcount,34646.0
2021-09-30,arbitrum,txcount,35523.0
2021-10-01,arbitrum,txcount,34683.0
2021-10-02,arbitrum,txcount,29678.0
2021-10-03,arbitrum,txcount,29107.0
2021-10-04,arbitrum,txcount,31808.0
2021-10-05,arbitrum,txcount,29883.0
2021-10-06,arbitrum,txcount,27829.0
2021-10-07,arbitrum,txcount,25299.0
2021-10-08,arbitrum,txcount,24388.0
2021-10-09,arbitrum,txcount,32798.0
2021-10-10,arbitrum,txcount,37806.0
2021-10-11,arbitrum,txcount,35481.0
2021-10-12,arbitrum,txcount,36763.0
2021-10-13,arbitrum,txcount,31168.0
2021-10-14,arbitrum,txcount,30286.0
2021-10-15,arbitrum,txcount,32984.0
2021-10-16,arbitrum,txcount,25968.0
2021-10-17,arbitrum,txcount,33354.0
2021-10-18,arbitrum,txcount,29575.0
2021-10-19,arbitrum,txcount,34160.0
2021-10-20,arbitrum,txcount,29779.0
2021-10-21,arbitrum,txcount,25891.0
2021-10-22,arbitrum,txcount,24778.0
2021-10-23,arbitrum,txcount,23069.0
2021-10-24,arbitrum,txcount,37281.0
2021-10-25,arbitrum,txcount,25555.0
2021-10-26,arbitrum,txcount,44796.0
2021-10-27,arbitrum,txcount,50097.0
2021-10-28,arbitrum,txcount,36616.0
2021-10-29,arbitrum,txcount,32732.0
2021-10-30,arbitrum,txcount,20321.0
2021-10-31,arbitrum,txcount,24250.0
2021-11-01,arbitrum,txcount,25002.0
2021-11-02,arbitrum,txcount,23165.0
2021-11-03,arbitrum,txcount,22198.0
2021-11-04,arbitrum,txcount,19145.0
2021-11-05,arbitrum,txcount,20332.0
2021-11-06,arbitrum,txcount,18964.0
2021-11-07,arbitrum,txcount,19417.0
2021-11-08,arbitrum,txcount,21868.0
2021-11-09,arbitrum,txcount,20086.0
2021-11-10,arbitrum,txcount,27837.0
2021-11-11,arbitrum,txcount,20756.0
2021-11-12,arbitrum,txcount,21764.0
2021-11-13,arbitrum,txcount,21075.0
2021-11-14,arbitrum,txcount,21157.0
2021-11-15,arbitrum,txcount,21156.0
2021-11-16,arbitrum,txcount,25776.0
2021-11-17,arbitrum,txcount,23578.0
2021-11-18,arbitrum,txcount,21097.0
2021-11-19,arbitrum,txcount,22606.0
2021-11-20,arbitrum,txcount,37237.0
2021-11-21,arbitrum,txcount,32069.0
2021-11-22,arbitrum,txcount,31054.0
2021-11-23,arbitrum,txcount,27747.0
2021-11-24,arbitrum,txcount,28092.0
2021-11-25,arbitrum,txcount,27903.0
2021-11-26,arbitrum,txcount,31799.0
2021-11-27,arbitrum,txcount,22780.0
2021-11-28,arbitrum,txcount,29124.0
2021-11-29,arbitrum,txcount,27249.0
2021-11-30,arbitrum,txcount,27943.0
2021-12-01,arbitrum,txcount,28370.0
2021-12-02,arbitrum,txcount,23800.0
2021-12-03,arbitrum,txcount,24306.0
2021-12-04,arbitrum,txcount,31188.0
2021-12-05,arbitrum,txcount,26395.0
2021-12-06,arbitrum,txcount,29657.0
2021-12-07,arbitrum,txcount,25734.0
2021-12-08,arbitrum,txcount,33889.0
2021-12-09,arbitrum,txcount,26101.0
2021-12-10,arbitrum,txcount,26864.0
2021-12-11,arbitrum,txcount,31878.0
2021-12-12,arbitrum,txcount,28967.0
2021-12-13,arbitrum,txcount,38461.0
2021-12-14,arbitrum,txcount,27913.0
2021-12-15,arbitrum,txcount,25989.0
2021-12-16,arbitrum,txcount,20131.0
2021-12-17,arbitrum,txcount,20378.0
2021-12-18,arbitrum,txcount,19839.0
2021-12-19,arbitrum,txcount,20596.0
2021-12-20,arbitrum,txcount,22134.0
2021-12-21,arbitrum,txcount,20492.0
2021-12-22,arbitrum,txcount,21329.0
2021-12-23,arbitrum,txcount,22762.0
2021-12-24,arbitrum,txcount,19120.0
2021-12-25,arbitrum,txcount,14592.0
2021-12-26,arbitrum,txcount,17400.0
2021-12-27,arbitrum,txcount,20224.0
2021-12-28,arbitrum,txcount,24011.0
2021-12-29,arbitrum,txcount,21542.0
2021-12-30,arbitrum,txcount,27827.0
2021-12-31,arbitrum,txcount,29058.0
2022-01-01,arbitrum,txcount,29917.0
2022-01-02,arbitrum,txcount,31715.0
2022-01-03,arbitrum,txcount,32881.0
2022-01-04,arbitrum,txcount,44167.0
2022-01-05,arbitrum,txcount,42774.0
2022-01-06,arbitrum,txcount,38128.0
2022-01-07,arbitrum,txcount,40484.0
2022-01-08,arbitrum,txcount,34175.0
2022-01-09,arbitrum,txcount,17129.0
2022-01-10,arbitrum,txcount,34227.0
2022-01-11,arbitrum,txcount,27615.0
2022-01-12,arbitrum,txcount,25705.0
2022-01-13,arbitrum,txcount,27899.0
2022-01-14,arbitrum,txcount,29395.0
2022-01-15,arbitrum,txcount,29225.0
2022-01-16,arbitrum,txcount,33320.0
2022-01-17,arbitrum,txcount,33755.0
2022-01-18,arbitrum,txcount,33503.0
2022-01-19,arbitrum,txcount,29865.0
2022-01-20,arbitrum,txcount,37249.0
2022-01-21,arbitrum,txcount,47511.0
2022-01-22,arbitrum,txcount,44752.0
2022-01-23,arbitrum,txcount,29221.0
2022-01-24,arbitrum,txcount,61316.0
2022-01-25,arbitrum,txcount,55375.0
2022-01-26,arbitrum,txcount,70131.0
2022-01-27,arbitrum,txcount,49920.0
2022-01-28,arbitrum,txcount,38518.0
2022-01-29,arbitrum,txcount,34395.0
2022-01-30,arbitrum,txcount,49882.0
2022-01-31,arbitrum,txcount,35801.0
2022-02-01,arbitrum,txcount,35894.0
2022-02-02,arbitrum,txcount,35341.0
2022-02-03,arbitrum,txcount,36616.0
2022-02-04,arbitrum,txcount,35005.0
2022-02-05,arbitrum,txcount,31206.0
2022-02-06,arbitrum,txcount,71427.0
2022-02-07,arbitrum,txcount,69355.0
2022-02-08,arbitrum,txcount,77621.0
2022-02-09,arbitrum,txcount,83926.0
2022-02-10,arbitrum,txcount,72754.0
2022-02-11,arbitrum,txcount,66766.0
2022-02-12,arbitrum,txcount,65604.0
2022-02-13,arbitrum,txcount,58935.0
2022-02-14,arbitrum,txcount,67008.0
2022-02-15,arbitrum,txcount,74867.0
2022-02-16,arbitrum,txcount,72595.0
2022-02-17,arbitrum,txcount,75085.0
2022-02-18,arbitrum,txcount,74327.0
2022-02-19,arbitrum,txcount,71035.0
2022-02-20,arbitrum,txcount,93469.0
2022-02-21,arbitrum,txcount,99953.0
2022-02-22,arbitrum,txcount,104594.0
2022-02-23,arbitrum,txcount,86127.0
2022-02-24,arbitrum,txcount,105011.0
2022-02-25,arbitrum,txcount,78954.0
2022-02-26,arbitrum,txcount,78975.0
2022-02-27,arbitrum,txcount,87132.0
2022-02-28,arbitrum,txcount,78361.0
2022-03-01,arbitrum,txcount,75638.0
2022-03-02,arbitrum,txcount,117648.0
2022-03-03,arbitrum,txcount,70502.0
2022-03-04,arbitrum,txcount,44961.0
2022-03-05,arbitrum,txcount,29382.0
2022-03-06,arbitrum,txcount,33359.0
2022-03-07,arbitrum,txcount,60194.0
2022-03-08,arbitrum,txcount,69075.0
2022-03-09,arbitrum,txcount,70277.0
2022-03-10,arbitrum,txcount,46682.0
2022-03-11,arbitrum,txcount,52300.0
2022-03-12,arbitrum,txcount,57620.0
2022-03-13,arbitrum,txcount,43858.0
2022-03-14,arbitrum,txcount,51345.0
2022-03-15,arbitrum,txcount,54491.0
2022-03-16,arbitrum,txcount,62750.0
2022-03-17,arbitrum,txcount,59100.0
2022-03-18,arbitrum,txcount,54526.0
2022-03-19,arbitrum,txcount,47518.0
2022-03-20,arbitrum,txcount,52102.0
2022-03-21,arbitrum,txcount,56439.0
2022-03-22,arbitrum,txcount,65349.0
2022-03-23,arbitrum,txcount,101683.0
2022-03-24,arbitrum,txcount,99217.0
2022-03-25,arbitrum,txcount,81576.0
2022-03-26,arbitrum,txcount,55308.0
2022-03-27,arbitrum,txcount,63811.0
2022-03-28,arbitrum,txcount,73157.0
2022-03-29,arbitrum,txcount,70891.0
2022-03-30,arbitrum,txcount,83015.0
2022-03-31,arbitrum,txcount,69438.0
2022-04-01,arbitrum,txcount,81242.0
2022-04-02,arbitrum,txcount,137060.0
2022-04-03,arbitrum,txcount,61316.0
2022-04-04,arbitrum,txcount,57547.0
2022-04-05,arbitrum,txcount,48447.0
2022-04-06,arbitrum,txcount,61647.0
2022-04-07,arbitrum,txcount,56397.0
2022-04-08,arbitrum,txcount,53844.0
2022-04-09,arbitrum,txcount,44485.0
2022-04-10,arbitrum,txcount,41944.0
2022-04-11,arbitrum,txcount,59502.0
2022-04-12,arbitrum,txcount,53887.0
2022-04-13,arbitrum,txcount,53238.0
2022-04-14,arbitrum,txcount,58877.0
2022-04-15,arbitrum,txcount,66035.0
2022-04-16,arbitrum,txcount,55318.0
2022-04-17,arbitrum,txcount,60152.0
2022-04-18,arbitrum,txcount,63125.0
2022-04-19,arbitrum,txcount,75148.0
2022-04-20,arbitrum,txcount,97077.0
2022-04-21,arbitrum,txcount,76187.0
2022-04-22,arbitrum,txcount,74930.0
2022-04-23,arbitrum,txcount,64161.0
2022-04-24,arbitrum,txcount,58957.0
2022-04-25,arbitrum,txcount,70121.0
2022-04-26,arbitrum,txcount,65159.0
2022-04-27,arbitrum,txcount,87553.0
2022-04-28,arbitrum,txcount,86097.0
2022-04-29,arbitrum,txcount,89685.0
2022-04-30,arbitrum,txcount,88761.0
2022-05-01,arbitrum,txcount,54950.0
2022-05-02,arbitrum,txcount,75689.0
2022-05-03,arbitrum,txcount,73803.0
2022-05-04,arbitrum,txcount,86467.0
2022-05-05,arbitrum,txcount,82957.0
2022-05-06,arbitrum,txcount,94020.0
2022-05-07,arbitrum,txcount,86831.0
2022-05-08,arbitrum,txcount,102843.0
2022-05-09,arbitrum,txcount,131660.0
2022-05-10,arbitrum,txcount,111724.0
2022-05-11,arbitrum,txcount,122314.0
2022-05-12,arbitrum,txcount,117799.0
2022-05-13,arbitrum,txcount,72095.0
2022-05-14,arbitrum,txcount,81484.0
2022-05-15,arbitrum,txcount,87349.0
2022-05-16,arbitrum,txcount,103610.0
2022-05-17,arbitrum,txcount,93504.0
2022-05-18,arbitrum,txcount,88736.0
2022-05-19,arbitrum,txcount,87793.0
2022-05-20,arbitrum,txcount,83605.0
2022-05-21,arbitrum,txcount,77789.0
2022-05-22,arbitrum,txcount,75827.0
2022-05-23,arbitrum,txcount,85160.0
2022-05-24,arbitrum,txcount,80941.0
2022-05-25,arbitrum,txcount,70689.0
2022-05-26,arbitrum,txcount,73673.0
2022-05-27,arbitrum,txcount,79331.0
2022-05-28,arbitrum,txcount,70873.0
2022-05-29,arbitrum,txcount,72969.0
2022-05-30,arbitrum,txcount,79310.0
2022-05-31,arbitrum,txcount,81768.0
2022-06-01,arbitrum,txcount,94703.0
2022-06-02,arbitrum,txcount,100259.0
2022-06-03,arbitrum,txcount,87656.0
2022-06-04,arbitrum,txcount,89311.0
2022-06-05,arbitrum,txcount,86211.0
2022-06-06,arbitrum,txcount,101036.0
2022-06-07,arbitrum,txcount,113028.0
2022-06-08,arbitrum,txcount,90720.0
2022-06-09,arbitrum,txcount,86562.0
2022-06-10,arbitrum,txcount,81920.0
2022-06-11,arbitrum,txcount,100945.0
2022-06-12,arbitrum,txcount,97284.0
2022-06-13,arbitrum,txcount,127664.0
2022-06-14,arbitrum,txcount,116538.0
2022-06-15,arbitrum,txcount,130272.0
2022-06-16,arbitrum,txcount,101889.0
2022-06-17,arbitrum,txcount,109529.0
2022-06-18,arbitrum,txcount,110297.0
2022-06-19,arbitrum,txcount,92306.0
2022-06-20,arbitrum,txcount,94333.0
2022-06-21,arbitrum,txcount,116001.0
2022-06-22,arbitrum,txcount,180930.0
2022-06-23,arbitrum,txcount,154532.0
2022-06-24,arbitrum,txcount,170413.0
2022-06-25,arbitrum,txcount,177663.0
2022-06-26,arbitrum,txcount,212896.0
2022-06-27,arbitrum,txcount,249779.0
2022-06-28,arbitrum,txcount,209939.0
2022-06-29,arbitrum,txcount,241218.0
2022-06-30,arbitrum,txcount,155835.0
2022-07-01,arbitrum,txcount,110563.0
2022-07-02,arbitrum,txcount,97342.0
2022-07-03,arbitrum,txcount,82721.0
2022-07-04,arbitrum,txcount,87367.0
2022-07-05,arbitrum,txcount,75046.0
2022-07-06,arbitrum,txcount,75613.0
2022-07-07,arbitrum,txcount,69734.0
2022-07-08,arbitrum,txcount,67824.0
2022-07-09,arbitrum,txcount,62318.0
2022-07-10,arbitrum,txcount,57944.0
2022-07-11,arbitrum,txcount,57842.0
2022-07-12,arbitrum,txcount,65534.0
2022-07-13,arbitrum,txcount,87066.0
2022-07-14,arbitrum,txcount,77391.0
2022-07-15,arbitrum,txcount,73284.0
2022-07-16,arbitrum,txcount,76067.0
2022-07-17,arbitrum,txcount,87911.0
2022-07-18,arbitrum,txcount,116206.0
2022-07-19,arbitrum,txcount,109483.0
2022-07-20,arbitrum,txcount,107193.0
2022-07-21,arbitrum,txcount,103648.0
2022-07-22,arbitrum,txcount,91043.0
2022-07-23,arbitrum,txcount,76354.0
2022-07-24,arbitrum,txcount,90750.0
2022-07-25,arbitrum,txcount,99303.0
2022-07-26,arbitrum,txcount,91568.0
2022-07-27,arbitrum,txcount,89798.0
2022-07-28,arbitrum,txcount,101228.0
2022-07-29,arbitrum,txcount,92968.0
2022-07-30,arbitrum,txcount,87939.0
2022-07-31,arbitrum,txcount,96520.0
2022-08-01,arbitrum,txcount,85586.0
2022-08-02,arbitrum,txcount,90215.0
2022-08-03,arbitrum,txcount,97775.0
2022-08-04,arbitrum,txcount,86361.0
2022-08-05,arbitrum,txcount,99427.0
2022-08-06,arbitrum,txcount,88648.0
2022-08-07,arbitrum,txcount,91674.0
2022-08-08,arbitrum,txcount,105292.0
2022-08-09,arbitrum,txcount,112322.0
2022-08-10,arbitrum,txcount,106106.0
2022-08-11,arbitrum,txcount,102837.0
2022-08-12,arbitrum,txcount,76817.0
2022-08-13,arbitrum,txcount,80225.0
2022-08-14,arbitrum,txcount,86028.0
2022-08-15,arbitrum,txcount,94622.0
2022-08-16,arbitrum,txcount,101064.0
2022-08-17,arbitrum,txcount,111470.0
2022-08-18,arbitrum,txcount,88964.0
2022-08-19,arbitrum,txcount,117021.0
2022-08-20,arbitrum,txcount,95791.0
2022-08-21,arbitrum,txcount,96582.0
2022-08-22,arbitrum,txcount,100847.0
2022-08-23,arbitrum,txcount,106931.0
2022-08-24,arbitrum,txcount,101082.0
2022-08-25,arbitrum,txcount,115391.0
2022-08-26,arbitrum,txcount,183391.0
2022-08-27,arbitrum,txcount,147685.0
2022-08-28,arbitrum,txcount,177377.0
2022-08-29,arbitrum,txcount,157428.0
2022-08-30,arbitrum,txcount,176575.0
2022-08-31,arbitrum,txcount,205298.0
2022-09-01,arbitrum,txcount,161438.0
2022-09-02,arbitrum,txcount,166393.0
2022-09-03,arbitrum,txcount,148992.0
2022-09-04,arbitrum,txcount,163879.0
2022-09-05,arbitrum,txcount,176412.0
2022-09-06,arbitrum,txcount,228770.0
2022-09-07,arbitrum,txcount,221146.0
2022-09-08,arbitrum,txcount,207713.0
2022-09-09,arbitrum,txcount,202227.0
2022-09-10,arbitrum,txcount,157814.0
2022-09-11,arbitrum,txcount,151071.0
2022-09-12,arbitrum,txcount,164112.0
2022-09-13,arbitrum,txcount,203773.0
2022-09-14,arbitrum,txcount,155186.0
2022-09-15,arbitrum,txcount,161349.0
2022-09-16,arbitrum,txcount,141116.0
2022-09-17,arbitrum,txcount,111679.0
2022-09-18,arbitrum,txcount,136771.0
2022-09-19,arbitrum,txcount,178691.0
2022-09-20,arbitrum,txcount,232780.0
2022-09-21,arbitrum,txcount,265140.0
2022-09-22,arbitrum,txcount,241448.0
2022-09-23,arbitrum,txcount,227701.0
2022-09-24,arbitrum,txcount,193916.0
2022-09-25,arbitrum,txcount,209956.0
2022-09-26,arbitrum,txcount,214959.0
2022-09-27,arbitrum,txcount,195095.0
2022-09-28,arbitrum,txcount,234103.0
2022-09-29,arbitrum,txcount,198476.0
2022-09-30,arbitrum,txcount,193557.0
2022-10-01,arbitrum,txcount,192145.0
2022-10-02,arbitrum,txcount,208481.0
2022-10-03,arbitrum,txcount,178789.0
2022-10-04,arbitrum,txcount,184381.0
2022-10-05,arbitrum,txcount,220356.0
2022-10-06,arbitrum,txcount,210526.0
2022-10-07,arbitrum,txcount,227555.0
2022-10-08,arbitrum,txcount,222525.0
2022-10-09,arbitrum,txcount,184210.0
2022-10-10,arbitrum,txcount,151411.0
2022-10-11,arbitrum,txcount,168878.0
2022-10-12,arbitrum,txcount,172148.0
2022-10-13,arbitrum,txcount,216325.0
2022-10-14,arbitrum,txcount,218500.0
2022-10-15,arbitrum,txcount,175886.0
2022-10-16,arbitrum,txcount,178129.0
2022-10-17,arbitrum,txcount,207931.0
2022-10-18,arbitrum,txcount,227438.0
2022-10-19,arbitrum,txcount,382698.0
2022-10-20,arbitrum,txcount,376731.0
2022-10-21,arbitrum,txcount,246815.0
2022-10-22,arbitrum,txcount,233029.0
2022-10-23,arbitrum,txcount,263452.0
2022-10-24,arbitrum,txcount,321910.0
2022-10-25,arbitrum,txcount,356336.0
2022-10-26,arbitrum,txcount,413906.0
2022-10-27,arbitrum,txcount,420949.0
2022-10-28,arbitrum,txcount,383193.0
2022-10-29,arbitrum,txcount,357222.0
2022-10-30,arbitrum,txcount,366195.0
2022-10-31,arbitrum,txcount,377326.0
2022-11-01,arbitrum,txcount,377617.0
2022-11-02,arbitrum,txcount,379379.0
2022-11-03,arbitrum,txcount,323639.0
2022-11-04,arbitrum,txcount,329702.0
2022-11-05,arbitrum,txcount,343122.0
2022-11-06,arbitrum,txcount,370695.0
2022-11-07,arbitrum,txcount,391254.0
2022-11-08,arbitrum,txcount,571947.0
2022-11-09,arbitrum,txcount,570554.0
2022-11-10,arbitrum,txcount,468596.0
2022-11-11,arbitrum,txcount,470736.0
2022-11-12,arbitrum,txcount,350735.0
2022-11-13,arbitrum,txcount,331691.0
2022-11-14,arbitrum,txcount,353050.0
2022-11-15,arbitrum,txcount,341791.0
2022-11-16,arbitrum,txcount,340727.0
2022-11-17,arbitrum,txcount,314633.0
2022-11-18,arbitrum,txcount,300180.0
2022-11-19,arbitrum,txcount,451744.0
2022-11-20,arbitrum,txcount,491936.0
2022-11-21,arbitrum,txcount,498037.0
2022-11-22,arbitrum,txcount,458247.0
2022-11-23,arbitrum,txcount,411453.0
2022-11-24,arbitrum,txcount,351278.0
2022-11-25,arbitrum,txcount,348858.0
2022-11-26,arbitrum,txcount,333429.0
2022-11-27,arbitrum,txcount,320356.0
2022-11-28,arbitrum,txcount,340899.0
2022-11-29,arbitrum,txcount,374065.0
2022-11-30,arbitrum,txcount,406581.0
2022-12-01,arbitrum,txcount,367959.0
2022-12-02,arbitrum,txcount,363234.0
2022-12-03,arbitrum,txcount,365412.0
2022-12-04,arbitrum,txcount,400746.0
2022-12-05,arbitrum,txcount,352178.0
2022-12-06,arbitrum,txcount,360583.0
2022-12-07,arbitrum,txcount,342831.0
2022-12-08,arbitrum,txcount,335786.0
2022-12-09,arbitrum,txcount,312780.0
2022-12-10,arbitrum,txcount,267349.0
2022-12-11,arbitrum,txcount,257367.0
2022-12-12,arbitrum,txcount,378811.0
2022-12-13,arbitrum,txcount,361666.0
2022-12-14,arbitrum,txcount,349433.0
2022-12-15,arbitrum,txcount,379337.0
2022-12-16,arbitrum,txcount,348971.0
2022-12-17,arbitrum,txcount,281563.0
2022-12-18,arbitrum,txcount,255048.0
2022-12-19,arbitrum,txcount,260200.0
2022-12-20,arbitrum,txcount,306238.0
2022-12-21,arbitrum,txcount,316936.0
2022-12-22,arbitrum,txcount,291008.0
2022-12-23,arbitrum,txcount,277889.0
2022-12-24,arbitrum,txcount,339330.0
2022-12-25,arbitrum,txcount,294154.0
2022-12-26,arbitrum,txcount,258009.0
2022-12-27,arbitrum,txcount,236503.0
2022-12-28,arbitrum,txcount,235853.0
2022-12-29,arbitrum,txcount,218381.0
2022-12-30,arbitrum,txcount,322731.0
2022-12-31,arbitrum,txcount,206956.0
2023-01-01,arbitrum,txcount,158731.0
2023-01-02,arbitrum,txcount,203740.0
2023-01-03,arbitrum,txcount,289056.0
2023-01-04,arbitrum,txcount,365768.0
2023-01-05,arbitrum,txcount,244090.0
2023-01-06,arbitrum,txcount,262761.0
2023-01-07,arbitrum,txcount,248922.0
2023-01-08,arbitrum,txcount,225789.0
2023-01-09,arbitrum,txcount,295565.0
2023-01-10,arbitrum,txcount,303136.0
2023-01-11,arbitrum,txcount,320045.0
2023-01-12,arbitrum,txcount,347955.0
2023-01-13,arbitrum,txcount,283658.0
2023-01-14,arbitrum,txcount,344584.0
2023-01-15,arbitrum,txcount,305236.0
2023-01-16,arbitrum,txcount,292065.0
2023-01-17,arbitrum,txcount,282571.0
2023-01-18,arbitrum,txcount,287015.0
2023-01-19,arbitrum,txcount,248216.0
2023-01-20,arbitrum,txcount,275850.0
2023-01-21,arbitrum,txcount,278260.0
2023-01-22,arbitrum,txcount,266834.0
2023-01-23,arbitrum,txcount,299770.0
2023-01-24,arbitrum,txcount,301669.0
2023-01-25,arbitrum,txcount,321308.0
2023-01-26,arbitrum,txcount,361429.0
2023-01-27,arbitrum,txcount,406015.0
2023-01-28,arbitrum,txcount,323911.0
2023-01-29,arbitrum,txcount,355894.0
2023-01-30,arbitrum,txcount,405864.0
2023-01-31,arbitrum,txcount,344702.0
2023-02-01,arbitrum,txcount,416113.0
2023-02-02,arbitrum,txcount,430240.0
2023-02-03,arbitrum,txcount,376726.0
2023-02-04,arbitrum,txcount,400331.0
2023-02-05,arbitrum,txcount,430889.0
2023-02-06,arbitrum,txcount,458986.0
2023-02-07,arbitrum,txcount,504980.0
2023-02-08,arbitrum,txcount,529939.0
2023-02-09,arbitrum,txcount,506934.0
2023-02-10,arbitrum,txcount,501756.0
2023-02-11,arbitrum,txcount,378897.0
2023-02-12,arbitrum,txcount,442257.0
2023-02-13,arbitrum,txcount,490029.0
2023-02-14,arbitrum,txcount,529186.0
2023-02-15,arbitrum,txcount,566431.0
2023-02-16,arbitrum,txcount,624370.0
2023-02-17,arbitrum,txcount,685970.0
2023-02-18,arbitrum,txcount,638823.0
2023-02-19,arbitrum,txcount,691339.0
2023-02-20,arbitrum,txcount,924043.0
2023-02-21,arbitrum,txcount,1097873.0
2023-02-22,arbitrum,txcount,1087926.0
2023-02-23,arbitrum,txcount,946898.0
2023-02-24,arbitrum,txcount,761559.0
2023-02-25,arbitrum,txcount,624855.0
2023-02-26,arbitrum,txcount,568508.0
2023-02-27,arbitrum,txcount,828366.0
2023-02-28,arbitrum,txcount,711333.0
2023-03-01,arbitrum,txcount,673194.0
2023-03-02,arbitrum,txcount,645365.0
2023-03-03,arbitrum,txcount,629380.0
2023-03-04,arbitrum,txcount,525443.0
2023-03-05,arbitrum,txcount,457490.0
2023-03-06,arbitrum,txcount,552947.0
2023-03-07,arbitrum,txcount,594663.0
2023-03-08,arbitrum,txcount,669469.0
2023-03-09,arbitrum,txcount,754804.0
2023-03-10,arbitrum,txcount,749967.0
2023-03-11,arbitrum,txcount,615308.0
2023-03-12,arbitrum,txcount,513677.0
2023-03-13,arbitrum,txcount,602619.0
2023-03-14,arbitrum,txcount,789785.0
2023-03-15,arbitrum,txcount,783042.0
2023-03-16,arbitrum,txcount,1073819.0
2023-03-17,arbitrum,txcount,994813.0
2023-03-18,arbitrum,txcount,954271.0
2023-03-19,arbitrum,txcount,929892.0
2023-03-20,arbitrum,txcount,1042202.0
2023-03-21,arbitrum,txcount,1305896.0
2023-03-22,arbitrum,txcount,1211808.0
2023-03-23,arbitrum,txcount,2715232.0
2023-03-24,arbitrum,txcount,1814378.0
2023-03-25,arbitrum,txcount,1109263.0
2023-03-26,arbitrum,txcount,1044162.0
2023-03-27,arbitrum,txcount,1167607.0
2023-03-28,arbitrum,txcount,1059053.0
2023-03-29,arbitrum,txcount,1013072.0
2023-03-30,arbitrum,txcount,1481946.0
2023-03-31,arbitrum,txcount,1003166.0
2023-04-01,arbitrum,txcount,864826.0
2023-04-02,arbitrum,txcount,973018.0
2023-04-03,arbitrum,txcount,1283137.0
2023-04-04,arbitrum,txcount,1006133.0
2023-04-05,arbitrum,txcount,1085952.0
2023-04-06,arbitrum,txcount,1143685.0
2023-04-07,arbitrum,txcount,956510.0
2023-04-08,arbitrum,txcount,986368.0
2023-04-09,arbitrum,txcount,1156977.0
2023-04-10,arbitrum,txcount,1068322.0
2023-04-11,arbitrum,txcount,1052296.0
2023-04-12,arbitrum,txcount,1068769.0
2023-04-13,arbitrum,txcount,1036372.0
2023-04-14,arbitrum,txcount,1325309.0
2023-04-15,arbitrum,txcount,1329521.0
2023-04-16,arbitrum,txcount,1108662.0
2023-04-17,arbitrum,txcount,1935794.0
2023-04-18,arbitrum,txcount,1372651.0
2023-04-19,arbitrum,txcount,1571963.0
2023-04-20,arbitrum,txcount,1458553.0
2023-04-21,arbitrum,txcount,1103229.0
2023-04-22,arbitrum,txcount,1383956.0
2023-04-23,arbitrum,txcount,1263265.0
2023-04-24,arbitrum,txcount,1316601.0
2023-04-25,arbitrum,txcount,1265394.0
2023-04-26,arbitrum,txcount,1217592.0
2023-04-27,arbitrum,txcount,1258911.0
2023-04-28,arbitrum,txcount,903219.0
2023-04-29,arbitrum,txcount,907836.0
2023-04-30,arbitrum,txcount,1250070.0
2023-05-01,arbitrum,txcount,1015482.0
2023-05-02,arbitrum,txcount,1070941.0
2023-05-03,arbitrum,txcount,1039670.0
2023-05-04,arbitrum,txcount,930705.0
2023-05-05,arbitrum,txcount,971183.0
2023-05-06,arbitrum,txcount,1143882.0
2023-05-07,arbitrum,txcount,871407.0
2023-05-08,arbitrum,txcount,874664.0
2023-05-09,arbitrum,txcount,1114586.0
2023-05-10,arbitrum,txcount,1018301.0
2023-05-11,arbitrum,txcount,1112555.0
2023-05-12,arbitrum,txcount,918050.0
2023-05-13,arbitrum,txcount,765246.0
2023-05-14,arbitrum,txcount,724840.0
2023-05-15,arbitrum,txcount,777448.0
2023-05-16,arbitrum,txcount,795124.0
2023-05-17,arbitrum,txcount,750572.0
2023-05-18,arbitrum,txcount,701860.0
2023-05-19,arbitrum,txcount,698897.0
2023-05-20,arbitrum,txcount,698109.0
2023-05-21,arbitrum,txcount,677176.0
2023-05-22,arbitrum,txcount,731214.0
2023-05-23,arbitrum,txcount,842483.0
2023-05-24,arbitrum,txcount,925747.0
2023-05-25,arbitrum,txcount,1109090.0
2023-05-26,arbitrum,txcount,990514.0
2023-05-27,arbitrum,txcount,844105.0
2023-05-28,arbitrum,txcount,824752.0
2023-05-29,arbitrum,txcount,871350.0
2023-05-30,arbitrum,txcount,1018306.0
2023-05-31,arbitrum,txcount,907466.0
2023-06-01,arbitrum,txcount,743525.0
2023-06-02,arbitrum,txcount,822480.0
2023-06-03,arbitrum,txcount,964078.0
2023-06-04,arbitrum,txcount,805743.0
2023-06-05,arbitrum,txcount,881490.0
2023-06-06,arbitrum,txcount,971790.0
2023-06-07,arbitrum,txcount,793510.0
2023-06-08,arbitrum,txcount,722358.0
2023-06-09,arbitrum,txcount,767604.0
2023-06-10,arbitrum,txcount,953667.0
2023-06-11,arbitrum,txcount,805225.0
2023-06-12,arbitrum,txcount,996314.0
2023-06-13,arbitrum,txcount,863223.0
2023-06-14,arbitrum,txcount,845684.0
2023-06-15,arbitrum,txcount,843730.0
2023-06-16,arbitrum,txcount,792407.0
2023-06-17,arbitrum,txcount,713472.0
2023-06-18,arbitrum,txcount,655674.0
2023-06-19,arbitrum,txcount,749998.0
2023-06-20,arbitrum,txcount,831984.0
2023-06-21,arbitrum,txcount,944025.0
2023-06-22,arbitrum,txcount,801329.0
2023-06-23,arbitrum,txcount,768574.0
2023-06-24,arbitrum,txcount,678181.0
2023-06-25,arbitrum,txcount,756376.0
2023-06-26,arbitrum,txcount,871456.0
2023-06-27,arbitrum,txcount,884659.0
2023-06-28,arbitrum,txcount,854142.0
2023-06-29,arbitrum,txcount,909686.0
2023-06-30,arbitrum,txcount,1002869.0
2023-07-01,arbitrum,txcount,704067.0
2023-07-02,arbitrum,txcount,752140.0
2023-07-03,arbitrum,txcount,835209.0
2023-07-04,arbitrum,txcount,758386.0
2023-07-05,arbitrum,txcount,670444.0
2023-07-06,arbitrum,txcount,746838.0
2023-07-07,arbitrum,txcount,741084.0
2023-07-08,arbitrum,txcount,717472.0
2023-07-09,arbitrum,txcount,686810.0
2023-07-10,arbitrum,txcount,748112.0
2023-07-11,arbitrum,txcount,738193.0
2023-07-12,arbitrum,txcount,744556.0
2023-07-13,arbitrum,txcount,839790.0
2023-07-14,arbitrum,txcount,894953.0
2023-07-15,arbitrum,txcount,750234.0
2023-07-16,arbitrum,txcount,695299.0
2023-07-17,arbitrum,txcount,801128.0
2023-07-18,arbitrum,txcount,714457.0
2023-07-19,arbitrum,txcount,735593.0
2023-07-20,arbitrum,txcount,744102.0
2023-07-21,arbitrum,txcount,682530.0
2023-07-22,arbitrum,txcount,637143.0
2023-07-23,arbitrum,txcount,651672.0
2023-07-24,arbitrum,txcount,679323.0
2023-07-25,arbitrum,txcount,630598.0
2023-07-26,arbitrum,txcount,664915.0
2023-07-27,arbitrum,txcount,656523.0
2023-07-28,arbitrum,txcount,582396.0
2023-07-29,arbitrum,txcount,562494.0
2023-07-30,arbitrum,txcount,599171.0
2023-07-31,arbitrum,txcount,671521.0
2023-08-01,arbitrum,txcount,644793.0
2023-08-02,arbitrum,txcount,630957.0
2023-08-03,arbitrum,txcount,673608.0
2023-08-04,arbitrum,txcount,653077.0
2023-08-05,arbitrum,txcount,576730.0
2023-08-06,arbitrum,txcount,562423.0
2023-08-07,arbitrum,txcount,637634.0
2023-08-08,arbitrum,txcount,653147.0
2023-08-09,arbitrum,txcount,625504.0
2023-08-10,arbitrum,txcount,617056.0
2023-08-11,arbitrum,txcount,584317.0
2023-08-12,arbitrum,txcount,485264.0
2023-08-13,arbitrum,txcount,543223.0
2023-08-14,arbitrum,txcount,579855.0
2023-08-15,arbitrum,txcount,586654.0
2023-08-16,arbitrum,txcount,593320.0
2023-08-17,arbitrum,txcount,894699.0
2023-08-18,arbitrum,txcount,704062.0
2023-08-19,arbitrum,txcount,636610.0
2023-08-20,arbitrum,txcount,532122.0
2023-08-21,arbitrum,txcount,557963.0
2023-08-22,arbitrum,txcount,577255.0
2023-08-23,arbitrum,txcount,607553.0
2023-08-24,arbitrum,txcount,537924.0
2023-08-25,arbitrum,txcount,694542.0
2023-08-26,arbitrum,txcount,531696.0
2023-08-27,arbitrum,txcount,472081.0
2023-08-28,arbitrum,txcount,504002.0
2023-08-29,arbitrum,txcount,561346.0
2023-08-30,arbitrum,txcount,516007.0
2023-08-31,arbitrum,txcount,656984.0
2023-09-01,arbitrum,txcount,574096.0
2023-09-02,arbitrum,txcount,508040.0
2023-09-03,arbitrum,txcount,430582.0
2023-09-04,arbitrum,txcount,468599.0
2023-09-05,arbitrum,txcount,569614.0
2023-09-06,arbitrum,txcount,507782.0
2023-09-07,arbitrum,txcount,509672.0
2023-09-08,arbitrum,txcount,506702.0
2023-09-09,arbitrum,txcount,433448.0
2023-09-10,arbitrum,txcount,470429.0
2023-09-11,arbitrum,txcount,553427.0
2023-09-12,arbitrum,txcount,528771.0
2023-09-13,arbitrum,txcount,482992.0
2023-09-14,arbitrum,txcount,502437.0
2023-09-15,arbitrum,txcount,479045.0
2023-09-16,arbitrum,txcount,441575.0
2023-09-17,arbitrum,txcount,422230.0
2023-09-18,arbitrum,txcount,535097.0
2023-09-19,arbitrum,txcount,559501.0
2023-09-20,arbitrum,txcount,637126.0
2023-09-21,arbitrum,txcount,922749.0
2023-09-22,arbitrum,txcount,593898.0
2023-09-23,arbitrum,txcount,462604.0
2023-09-24,arbitrum,txcount,497398.0
2023-09-25,arbitrum,txcount,523551.0
2023-09-26,arbitrum,txcount,590822.0
2023-09-27,arbitrum,txcount,678595.0
2023-09-28,arbitrum,txcount,749134.0
2023-09-29,arbitrum,txcount,726293.0
2023-09-30,arbitrum,txcount,701544.0
2023-10-01,arbitrum,txcount,703660.0
2023-10-02,arbitrum,txcount,612469.0
2023-10-03,arbitrum,txcount,652875.0
2023-10-04,arbitrum,txcount,635102.0
2023-10-05,arbitrum,txcount,626671.0
2023-10-06,arbitrum,txcount,701125.0
2023-10-07,arbitrum,txcount,583636.0
2023-10-08,arbitrum,txcount,476792.0
2023-10-09,arbitrum,txcount,544765.0
2023-10-10,arbitrum,txcount,743887.0
2023-10-11,arbitrum,txcount,522438.0
2023-10-12,arbitrum,txcount,488994.0
2023-10-13,arbitrum,txcount,426781.0
2023-10-14,arbitrum,txcount,360155.0
2023-10-15,arbitrum,txcount,353891.0
2023-10-16,arbitrum,txcount,565362.0
2023-10-17,arbitrum,txcount,463086.0
2023-10-18,arbitrum,txcount,478704.0
2023-10-19,arbitrum,txcount,484837.0
2023-10-20,arbitrum,txcount,518429.0
2023-10-21,arbitrum,txcount,469817.0
2023-10-22,arbitrum,txcount,488026.0
2023-10-23,arbitrum,txcount,625639.0
2023-10-24,arbitrum,txcount,767333.0
2023-10-25,arbitrum,txcount,645394.0
2023-10-26,arbitrum,txcount,703268.0
2023-10-27,arbitrum,txcount,638300.0
2023-10-28,arbitrum,txcount,534858.0
2023-10-29,arbitrum,txcount,469227.0
2023-10-30,arbitrum,txcount,515100.0
2023-10-31,arbitrum,txcount,629599.0
2023-11-01,arbitrum,txcount,741205.0
2023-11-02,arbitrum,txcount,698354.0
2023-11-03,arbitrum,txcount,720278.0
2023-11-04,arbitrum,txcount,722799.0
2023-11-05,arbitrum,txcount,641402.0
2023-11-06,arbitrum,txcount,582579.0
2023-11-07,arbitrum,txcount,676865.0
2023-11-08,arbitrum,txcount,721152.0
2023-11-09,arbitrum,txcount,927152.0
2023-11-10,arbitrum,txcount,742548.0
2023-11-11,arbitrum,txcount,739874.0
2023-11-12,arbitrum,txcount,617145.0
2023-11-13,arbitrum,txcount,644561.0
2023-11-14,arbitrum,txcount,690209.0
2023-11-15,arbitrum,txcount,688074.0
2023-11-16,arbitrum,txcount,796373.0
2023-11-17,arbitrum,txcount,917510.0
2023-11-18,arbitrum,txcount,684184.0
2023-11-19,arbitrum,txcount,652473.0
2023-11-20,arbitrum,txcount,678373.0
2023-11-21,arbitrum,txcount,825123.0
2023-11-22,arbitrum,txcount,783339.0
2023-11-23,arbitrum,txcount,778972.0
2023-11-24,arbitrum,txcount,744934.0
2023-11-25,arbitrum,txcount,2429998.0
2023-11-26,arbitrum,txcount,818435.0
2023-11-27,arbitrum,txcount,674539.0
2023-11-28,arbitrum,txcount,640102.0
2023-11-29,arbitrum,txcount,610055.0
2023-11-30,arbitrum,txcount,542430.0
2023-12-01,arbitrum,txcount,516315.0
2023-12-02,arbitrum,txcount,568921.0
2023-12-03,arbitrum,txcount,554151.0
2023-12-04,arbitrum,txcount,696563.0
2023-12-05,arbitrum,txcount,615970.0
2023-12-06,arbitrum,txcount,618104.0
2023-12-07,arbitrum,txcount,704794.0
2023-12-08,arbitrum,txcount,657418.0
2023-12-09,arbitrum,txcount,696828.0
2023-12-10,arbitrum,txcount,611662.0
2023-12-11,arbitrum,txcount,752455.0
2023-12-12,arbitrum,txcount,800795.0
2023-12-13,arbitrum,txcount,680299.0
2023-12-14,arbitrum,txcount,598720.0
2023-12-15,arbitrum,txcount,4385430.0
2023-12-16,arbitrum,txcount,5089670.0
2023-12-17,arbitrum,txcount,562042.0
2023-12-18,arbitrum,txcount,1836090.0
2023-12-19,arbitrum,txcount,1538386.0
2023-12-20,arbitrum,txcount,739199.0
2023-12-21,arbitrum,txcount,793036.0
2023-12-22,arbitrum,txcount,1160798.0
2023-12-23,arbitrum,txcount,917594.0
2023-12-24,arbitrum,txcount,798260.0
2023-12-25,arbitrum,txcount,721892.0
2023-12-26,arbitrum,txcount,848205.0
2023-12-27,arbitrum,txcount,1118160.0
2023-12-28,arbitrum,txcount,1131634.0
2023-12-29,arbitrum,txcount,978974.0
2023-12-30,arbitrum,txcount,892709.0
2023-12-31,arbitrum,txcount,988239.0
2024-01-01,arbitrum,txcount,1059189.0
2024-01-02,arbitrum,txcount,1173638.0
2024-01-03,arbitrum,txcount,1412349.0
2024-01-04,arbitrum,txcount,1211444.0
2024-01-05,arbitrum,txcount,990689.0
2024-01-06,arbitrum,txcount,753376.0
2024-01-07,arbitrum,txcount,717092.0
2024-01-08,arbitrum,txcount,971195.0
2024-01-09,arbitrum,txcount,1338972.0
2024-01-10,arbitrum,txcount,1237036.0
2024-01-11,arbitrum,txcount,1108332.0
2024-01-12,arbitrum,txcount,1107769.0
2024-01-13,arbitrum,txcount,773901.0
2024-01-14,arbitrum,txcount,639566.0
2024-01-15,arbitrum,txcount,719955.0
2024-01-16,arbitrum,txcount,697236.0
2024-01-17,arbitrum,txcount,702132.0
2024-01-18,arbitrum,txcount,762696.0
2024-01-19,arbitrum,txcount,830908.0
2024-01-20,arbitrum,txcount,835068.0
2024-01-21,arbitrum,txcount,714874.0
2024-01-22,arbitrum,txcount,1141195.0
2024-01-23,arbitrum,txcount,1076764.0
2024-01-24,arbitrum,txcount,1043148.0
2024-01-25,arbitrum,txcount,881272.0
2024-01-26,arbitrum,txcount,797358.0
2024-01-27,arbitrum,txcount,709749.0
2024-01-28,arbitrum,txcount,841050.0
2024-01-29,arbitrum,txcount,868161.0
2024-01-30,arbitrum,txcount,840086.0
2024-01-31,arbitrum,txcount,791808.0
2024-02-01,arbitrum,txcount,735082.0
2024-02-02,arbitrum,txcount,666361.0
2024-02-03,arbitrum,txcount,630826.0
2024-02-04,arbitrum,txcount,633671.0
2024-02-05,arbitrum,txcount,710430.0
2024-02-06,arbitrum,txcount,693689.0
2024-02-07,arbitrum,txcount,744731.0
2024-02-08,arbitrum,txcount,673145.0
2024-02-09,arbitrum,txcount,625932.0
2024-02-10,arbitrum,txcount,669054.0
2024-02-11,arbitrum,txcount,724170.0
2024-02-12,arbitrum,txcount,772596.0
2024-02-13,arbitrum,txcount,856256.0
2024-02-14,arbitrum,txcount,772637.0
2024-02-15,arbitrum,txcount,795035.0
2024-02-16,arbitrum,txcount,778207.0
2024-02-17,arbitrum,txcount,725705.0
2024-02-18,arbitrum,txcount,746843.0
2024-02-19,arbitrum,txcount,759045.0
2024-02-20,arbitrum,txcount,872079.0
2024-02-21,arbitrum,txcount,820510.0
2024-02-22,arbitrum,txcount,795116.0
2024-02-23,arbitrum,txcount,751173.0
2024-02-24,arbitrum,txcount,747451.0
2024-02-25,arbitrum,txcount,800537.0
2024-02-26,arbitrum,txcount,857600.0
2024-02-27,arbitrum,txcount,816129.0
2024-02-28,arbitrum,txcount,1032380.0
2024-02-29,arbitrum,txcount,983722.0
2024-03-01,arbitrum,txcount,825455.0
2024-03-02,arbitrum,txcount,757158.0
2024-03-03,arbitrum,txcount,810704.0
2024-03-04,arbitrum,txcount,709611.0
2024-03-05,arbitrum,txcount,937203.0
2024-03-06,arbitrum,txcount,818866.0
2024-03-07,arbitrum,txcount,746793.0
2024-03-08,arbitrum,txcount,747871.0
2024-03-09,arbitrum,txcount,650473.0
2024-03-10,arbitrum,txcount,642392.0
2024-03-11,arbitrum,txcount,734523.0
2024-03-12,arbitrum,txcount,856023.0
2024-03-13,arbitrum,txcount,757942.0
2024-03-14,arbitrum,txcount,974454.0
2024-03-15,arbitrum,txcount,1303373.0
2024-03-16,arbitrum,txcount,1113079.0
2024-03-17,arbitrum,txcount,991043.0
2024-03-18,arbitrum,txcount,1175360.0
2024-03-19,arbitrum,txcount,1713716.0
2024-03-20,arbitrum,txcount,1862635.0
2024-03-21,arbitrum,txcount,1499596.0
2024-03-22,arbitrum,txcount,1534588.0
2024-03-23,arbitrum,txcount,1314561.0
2024-03-24,arbitrum,txcount,1311866.0
2024-03-25,arbitrum,txcount,1500551.0
2024-03-26,arbitrum,txcount,1825826.0
2024-03-27,arbitrum,txcount,1777075.0
2024-03-28,arbitrum,txcount,1663577.0
2024-03-29,arbitrum,txcount,1765261.0
2024-03-30,arbitrum,txcount,1457636.0
2024-03-31,arbitrum,txcount,1222510.0
2024-04-01,arbitrum,txcount,1281647.0
2024-04-02,arbitrum,txcount,1579367.0
2024-04-03,arbitrum,txcount,1403396.0
2024-04-04,arbitrum,txcount,1605153.0
2024-04-05,arbitrum,txcount,1537387.0
2024-04-06,arbitrum,txcount,1434328.0
2024-04-07,arbitrum,txcount,1652293.0
2024-04-08,arbitrum,txcount,1703617.0
2024-04-09,arbitrum,txcount,1771712.0
2024-04-10,arbitrum,txcount,1832036.0
2024-04-11,arbitrum,txcount,1617383.0
2024-04-12,arbitrum,txcount,1706527.0
2024-04-13,arbitrum,txcount,1789380.0
2024-04-14,arbitrum,txcount,1914162.0
2024-04-15,arbitrum,txcount,1810051.0
2024-04-16,arbitrum,txcount,1860546.0
2024-04-17,arbitrum,txcount,1739243.0
2024-04-18,arbitrum,txcount,1740257.0
2024-04-19,arbitrum,txcount,1755861.0
2024-04-20,arbitrum,txcount,1375136.0
2024-04-21,arbitrum,txcount,1381133.0
2024-04-22,arbitrum,txcount,1518283.0
2024-04-23,arbitrum,txcount,1477575.0
2024-04-24,arbitrum,txcount,1693284.0
2024-04-25,arbitrum,txcount,1809838.0
2024-04-26,arbitrum,txcount,1699292.0
2024-04-27,arbitrum,txcount,1643770.0
2024-04-28,arbitrum,txcount,1553914.0
2024-04-29,arbitrum,txcount,1576985.0
2024-04-30,arbitrum,txcount,1730519.0
2024-05-01,arbitrum,txcount,1745509.0
2024-05-02,arbitrum,txcount,1484643.0
2024-05-03,arbitrum,txcount,1480941.0
2024-05-04,arbitrum,txcount,1299224.0
2024-05-05,arbitrum,txcount,1384329.0
2024-05-06,arbitrum,txcount,1509890.0
2024-05-07,arbitrum,txcount,1688278.0
2024-05-08,arbitrum,txcount,2240874.0
2024-05-09,arbitrum,txcount,1695546.0
2024-05-10,arbitrum,txcount,1950076.0
2024-05-11,arbitrum,txcount,1497334.0
2024-05-12,arbitrum,txcount,1634163.0
2024-05-13,arbitrum,txcount,2171413.0
2024-05-14,arbitrum,txcount,2273408.0
2024-05-15,arbitrum,txcount,2127919.0
2024-05-16,arbitrum,txcount,2541107.0
2024-05-17,arbitrum,txcount,2719806.0
2024-05-18,arbitrum,txcount,2733218.0
2024-05-19,arbitrum,txcount,3417772.0
2024-05-20,arbitrum,txcount,1924413.0
2024-05-21,arbitrum,txcount,2311103.0
2024-05-22,arbitrum,txcount,2054545.0
2024-05-23,arbitrum,txcount,2450221.0
2024-05-24,arbitrum,txcount,2535580.0
2024-05-25,arbitrum,txcount,1971556.0
2024-05-26,arbitrum,txcount,1925341.0
2024-05-27,arbitrum,txcount,1987566.0
2024-05-28,arbitrum,txcount,1928341.0
2024-05-29,arbitrum,txcount,2570001.0
2024-05-30,arbitrum,txcount,1845785.0
2024-05-31,arbitrum,txcount,1953919.0
2024-06-01,arbitrum,txcount,1911638.0
2024-06-02,arbitrum,txcount,2009197.0
2024-06-03,arbitrum,txcount,1865179.0
2024-06-04,arbitrum,txcount,1896617.0
2024-06-05,arbitrum,txcount,1644358.0
2024-06-06,arbitrum,txcount,2050698.0
2024-06-07,arbitrum,txcount,1808637.0
2024-06-08,arbitrum,txcount,1960767.0
2024-06-09,arbitrum,txcount,2030749.0
2024-06-10,arbitrum,txcount,1715161.0
2024-06-11,arbitrum,txcount,2316155.0
2024-06-12,arbitrum,txcount,2065064.0
2024-06-13,arbitrum,txcount,2218849.0
2024-06-14,arbitrum,txcount,1975292.0
2024-06-15,arbitrum,txcount,1794394.0
2024-06-16,arbitrum,txcount,1782169.0
2024-06-17,arbitrum,txcount,1955080.0
2024-06-18,arbitrum,txcount,2190793.0
2024-06-19,arbitrum,txcount,2289885.0
2024-06-20,arbitrum,txcount,3500292.0
2024-06-21,arbitrum,txcount,3176831.0
2024-06-22,arbitrum,txcount,2516427.0
2024-06-23,arbitrum,txcount,2029896.0
2024-06-24,arbitrum,txcount,2570336.0
2024-06-25,arbitrum,txcount,2447393.0
2024-06-26,arbitrum,txcount,2264637.0
2024-06-27,arbitrum,txcount,2536370.0
2024-06-28,arbitrum,txcount,1996635.0
2024-06-29,arbitrum,txcount,1538552.0
2024-06-30,arbitrum,txcount,1771261.0
2024-07-01,arbitrum,txcount,1989110.0
2024-07-02,arbitrum,txcount,1781861.0
2024-07-03,arbitrum,txcount,1840805.0
2024-07-04,arbitrum,txcount,2330739.0
2024-07-05,arbitrum,txcount,2291901.0
2024-07-06,arbitrum,txcount,1719831.0
2024-07-07,arbitrum,txcount,1893217.0
2024-07-08,arbitrum,txcount,2253853.0
2024-07-09,arbitrum,txcount,2142088.0
2024-07-10,arbitrum,txcount,1973062.0
2024-07-11,arbitrum,txcount,2016345.0
2024-07-12,arbitrum,txcount,1891293.0
2024-07-13,arbitrum,txcount,1623148.0
2024-07-14,arbitrum,txcount,1694758.0
2024-07-15,arbitrum,txcount,2013757.0
2024-07-16,arbitrum,txcount,1960917.0
2024-07-17,arbitrum,txcount,2250792.0
2024-07-18,arbitrum,txcount,3174941.0
2024-07-19,arbitrum,txcount,2201774.0
2024-07-20,arbitrum,txcount,1664822.0
2024-07-21,arbitrum,txcount,1626004.0
2024-07-22,arbitrum,txcount,1735343.0
2024-07-23,arbitrum,txcount,2032893.0
2024-07-24,arbitrum,txcount,1628698.0
2024-07-25,arbitrum,txcount,2021548.0
2024-07-26,arbitrum,txcount,1614141.0
2024-07-27,arbitrum,txcount,1498875.0
2024-07-28,arbitrum,txcount,1488388.0
2024-07-29,arbitrum,txcount,1917988.0
2024-07-30,arbitrum,txcount,1711889.0
2024-07-31,arbitrum,txcount,1786970.0
2024-08-01,arbitrum,txcount,2022797.0
2024-08-02,arbitrum,txcount,2126104.0
2024-08-03,arbitrum,txcount,2090256.0
2024-08-04,arbitrum,txcount,2056256.0
2024-08-05,arbitrum,txcount,2569989.0
2024-08-06,arbitrum,txcount,2394678.0
2024-08-07,arbitrum,txcount,2151766.0
2024-08-08,arbitrum,txcount,1959814.0
2024-08-09,arbitrum,txcount,1875503.0
2024-08-10,arbitrum,txcount,1492106.0
2024-08-11,arbitrum,txcount,1628565.0
2024-08-12,arbitrum,txcount,2071456.0
2024-08-13,arbitrum,txcount,1786125.0
2024-08-14,arbitrum,txcount,1808126.0
2024-08-15,arbitrum,txcount,1955809.0
2024-08-16,arbitrum,txcount,1634940.0
2024-08-17,arbitrum,txcount,1122178.0
2024-08-18,arbitrum,txcount,1257715.0
2024-08-19,arbitrum,txcount,1540916.0
2024-08-20,arbitrum,txcount,1772732.0
2024-08-21,arbitrum,txcount,1869803.0
2024-08-22,arbitrum,txcount,1755593.0
2024-08-23,arbitrum,txcount,1947962.0
2024-08-24,arbitrum,txcount,1718892.0
2024-08-25,arbitrum,txcount,1409751.0
2024-08-26,arbitrum,txcount,1968586.0
2024-08-27,arbitrum,txcount,2086844.0
2024-08-28,arbitrum,txcount,2004655.0
2024-08-29,arbitrum,txcount,1608381.0
2024-08-30,arbitrum,txcount,1705276.0
2024-08-31,arbitrum,txcount,1165244.0
2024-09-01,arbitrum,txcount,1467511.0
2024-09-02,arbitrum,txcount,1525204.0
2024-09-03,arbitrum,txcount,1459151.0
2024-09-04,arbitrum,txcount,1726436.0
2024-09-05,arbitrum,txcount,1575652.0
2024-09-06,arbitrum,txcount,2263655.0
2024-09-07,arbitrum,txcount,1319781.0
2024-09-08,arbitrum,txcount,1381302.0
2024-09-09,arbitrum,txcount,1794612.0
2024-09-10,arbitrum,txcount,1866580.0
2024-09-11,arbitrum,txcount,1812655.0
2024-09-12,arbitrum,txcount,1628821.0
2024-09-13,arbitrum,txcount,1500924.0
2024-09-14,arbitrum,txcount,1151570.0
2024-09-15,arbitrum,txcount,1258803.0
2024-09-16,arbitrum,txcount,1456912.0
2024-09-17,arbitrum,txcount,1432117.0
2024-09-18,arbitrum,txcount,1665110.0
2024-09-19,arbitrum,txcount,1737870.0
2024-09-20,arbitrum,txcount,1945250.0
2024-09-21,arbitrum,txcount,1716913.0
2024-09-22,arbitrum,txcount,1670116.0
2024-09-23,arbitrum,txcount,1873035.0
2024-09-24,arbitrum,txcount,1784819.0
2024-09-25,arbitrum,txcount,1744132.0
2024-09-26,arbitrum,txcount,1930864.0
2024-09-27,arbitrum,txcount,1800901.0
2024-09-28,arbitrum,txcount,1447692.0
2024-09-29,arbitrum,txcount,1382440.0
2024-09-30,arbitrum,txcount,1800037.0
2024-10-01,arbitrum,txcount,1860184.0
2024-10-02,arbitrum,txcount,2043819.0
2024-10-03,arbitrum,txcount,2068580.0
2024-10-04,arbitrum,txcount,1657713.0
2024-10-05,arbitrum,txcount,1273457.0
2024-10-06,arbitrum,txcount,1217061.0
2024-10-07,arbitrum,txcount,1573264.0
2024-10-08,arbitrum,txcount,1588343.0
2024-10-09,arbitrum,txcount,1619316.0
2024-10-10,arbitrum,txcount,1884290.0
2024-10-11,arbitrum,txcount,1614870.0
2024-10-12,arbitrum,txcount,1551659.0
2024-10-13,arbitrum,txcount,1590758.0
2024-10-14,arbitrum,txcount,1946239.0
2024-10-15,arbitrum,txcount,2111677.0
2024-10-16,arbitrum,txcount,2080271.0
2024-10-17,arbitrum,txcount,1907325.0
2024-10-18,arbitrum,txcount,1762646.0
2024-10-19,arbitrum,txcount,1553072.0
2024-10-20,arbitrum,txcount,1825404.0
2024-10-21,arbitrum,txcount,1874350.0
2024-10-22,arbitrum,txcount,1841913.0
2024-10-23,arbitrum,txcount,2102815.0
2024-10-24,arbitrum,txcount,2117092.0
2024-10-25,arbitrum,txcount,2437110.0
2024-10-26,arbitrum,txcount,1998080.0
2024-10-27,arbitrum,txcount,1879881.0
2024-10-28,arbitrum,txcount,2273529.0
2024-10-29,arbitrum,txcount,2270035.0
2024-10-30,arbitrum,txcount,1838172.0
2024-10-31,arbitrum,txcount,1840227.0
2024-11-01,arbitrum,txcount,1968175.0
2024-11-02,arbitrum,txcount,1489618.0
2024-11-03,arbitrum,txcount,1825766.0
2024-11-04,arbitrum,txcount,2028959.0
2024-11-05,arbitrum,txcount,1849628.0
2024-11-06,arbitrum,txcount,2583949.0
2024-11-07,arbitrum,txcount,2401212.0
2024-11-08,arbitrum,txcount,2140562.0
2024-11-09,arbitrum,txcount,1747481.0
2024-11-10,arbitrum,txcount,2216768.0
2024-11-11,arbitrum,txcount,2492071.0
2024-11-12,arbitrum,txcount,2610386.0
2024-11-13,arbitrum,txcount,2516294.0
2024-11-14,arbitrum,txcount,2220939.0
2024-11-15,arbitrum,txcount,2352180.0
2024-11-16,arbitrum,txcount,2012225.0
2024-11-17,arbitrum,txcount,2050070.0
2024-11-18,arbitrum,txcount,2364706.0
2024-11-19,arbitrum,txcount,1988272.0
2024-11-20,arbitrum,txcount,2026489.0
2024-11-21,arbitrum,txcount,2556546.0
2024-11-22,arbitrum,txcount,2323163.0
2024-11-23,arbitrum,txcount,2474551.0
2024-11-24,arbitrum,txcount,2275941.0
2024-11-25,arbitrum,txcount,2678851.0
2024-11-26,arbitrum,txcount,2571880.0
2024-11-27,arbitrum,txcount,3317747.0
2024-11-28,arbitrum,txcount,2132374.0
2024-11-29,arbitrum,txcount,1937370.0
2024-11-30,arbitrum,txcount,1981825.0
2024-12-01,arbitrum,txcount,1893154.0
2024-12-02,arbitrum,txcount,2652180.0
2024-12-03,arbitrum,txcount,2166165.0
2024-12-04,arbitrum,txcount,2371348.0
2024-12-05,arbitrum,txcount,2431288.0
2024-12-06,arbitrum,txcount,2155361.0
2024-12-07,arbitrum,txcount,1505451.0
2024-12-08,arbitrum,txcount,1665896.0
2024-12-09,arbitrum,txcount,2358327.0
2024-12-10,arbitrum,txcount,2568843.0
2024-12-11,arbitrum,txcount,1792101.0
2024-12-12,arbitrum,txcount,2006606.0
2024-12-13,arbitrum,txcount,2152958.0
2024-12-14,arbitrum,txcount,1845872.0
2024-12-15,arbitrum,txcount,1898299.0
2024-12-16,arbitrum,txcount,2383333.0
2024-12-17,arbitrum,txcount,2429220.0
2024-12-18,arbitrum,txcount,2367016.0
2024-12-19,arbitrum,txcount,2509530.0
2024-12-20,arbitrum,txcount,2801865.0
2024-12-21,arbitrum,txcount,2155047.0
2024-12-22,arbitrum,txcount,2023147.0
2024-12-23,arbitrum,txcount,2290450.0
2024-12-24,arbitrum,txcount,1974529.0
2024-12-25,arbitrum,txcount,2029775.0
2024-12-26,arbitrum,txcount,1816512.0
2024-12-27,arbitrum,txcount,1750032.0
2024-12-28,arbitrum,txcount,1381111.0
2024-12-29,arbitrum,txcount,1389535.0
2024-12-30,arbitrum,txcount,1930266.0
2024-12-31,arbitrum,txcount,1630849.0
2025-01-01,arbitrum,txcount,1276230.0
2025-01-02,arbitrum,txcount,1607228.0
2025-01-03,arbitrum,txcount,1558621.0
2025-01-04,arbitrum,txcount,1470804.0
2025-01-05,arbitrum,txcount,1377810.0
2025-01-06,arbitrum,txcount,1701283.0
2025-01-07,arbitrum,txcount,1756640.0
2025-01-08,arbitrum,txcount,2143257.0
2025-01-09,arbitrum,txcount,1979061.0
2025-01-10,arbitrum,txcount,1797060.0
2025-01-11,arbitrum,txcount,1400506.0
2025-01-12,arbitrum,txcount,1202190.0
2025-01-13,arbitrum,txcount,2723886.0
2025-01-14,arbitrum,txcount,1735250.0
2025-01-15,arbitrum,txcount,1821571.0
2025-01-16,arbitrum,txcount,1860598.0
2025-01-17,arbitrum,txcount,1720118.0
2025-01-18,arbitrum,txcount,2247652.0
2025-01-19,arbitrum,txcount,2915137.0
2025-01-20,arbitrum,txcount,3173104.0
2025-01-21,arbitrum,txcount,2533092.0
2025-01-22,arbitrum,txcount,1876077.0
2025-01-23,arbitrum,txcount,2409792.0
2025-01-24,arbitrum,txcount,2210790.0
2025-01-25,arbitrum,txcount,1685724.0
2025-01-26,arbitrum,txcount,1266873.0
2025-01-27,arbitrum,txcount,2318045.0
2025-01-28,arbitrum,txcount,1562848.0
2025-01-29,arbitrum,txcount,1475002.0
2025-01-30,arbitrum,txcount,1550695.0
2025-01-31,arbitrum,txcount,1627876.0
2025-02-01,arbitrum,txcount,1553716.0
2025-02-02,arbitrum,txcount,2545297.0
2025-02-03,arbitrum,txcount,2879222.0
2025-02-04,arbitrum,txcount,2499058.0
2025-02-05,arbitrum,txcount,2053986.0
2025-02-06,arbitrum,txcount,1937476.0
2025-02-07,arbitrum,txcount,1843226.0
2025-02-08,arbitrum,txcount,1405234.0
2025-02-09,arbitrum,txcount,1385567.0
2025-02-10,arbitrum,txcount,1520598.0
2025-02-11,arbitrum,txcount,1521748.0
2025-02-12,arbitrum,txcount,1601189.0
2025-02-13,arbitrum,txcount,1514121.0
2025-02-14,arbitrum,txcount,1482124.0
2025-02-15,arbitrum,txcount,1205449.0
2025-02-16,arbitrum,txcount,1189067.0
2025-02-17,arbitrum,txcount,1674437.0
2025-02-18,arbitrum,txcount,2020770.0
2025-02-19,arbitrum,txcount,1586888.0
2025-02-20,arbitrum,txcount,1547270.0
2025-02-21,arbitrum,txcount,1879202.0
2025-02-22,arbitrum,txcount,1452184.0
2025-02-23,arbitrum,txcount,1342365.0
2025-02-24,arbitrum,txcount,2195366.0
2025-02-25,arbitrum,txcount,2945251.0
2025-02-26,arbitrum,txcount,2273561.0
2025-02-27,arbitrum,txcount,2242600.0
2025-02-28,arbitrum,txcount,2996701.0
2025-03-01,arbitrum,txcount,1631918.0
2025-03-02,arbitrum,txcount,1903260.0
2025-03-03,arbitrum,txcount,2523509.0
2025-03-04,arbitrum,txcount,2800127.0
2025-03-05,arbitrum,txcount,2156210.0
2025-03-06,arbitrum,txcount,2080139.0
2025-03-07,arbitrum,txcount,2419764.0
2025-03-08,arbitrum,txcount,1903262.0
2025-03-09,arbitrum,txcount,2334451.0
2025-03-10,arbitrum,txcount,2999581.0
2025-03-11,arbitrum,txcount,2757133.0
2025-03-12,arbitrum,txcount,2370857.0
2025-03-13,arbitrum,txcount,2010558.0
2025-03-14,arbitrum,txcount,1651294.0
2025-03-15,arbitrum,txcount,1328168.0
2025-03-16,arbitrum,txcount,1641914.0
2025-03-17,arbitrum,txcount,1765060.0
2025-03-18,arbitrum,txcount,1806151.0
2025-03-19,arbitrum,txcount,1933691.0
2025-03-20,arbitrum,txcount,1695369.0
2025-03-21,arbitrum,txcount,1544740.0
2025-03-22,arbitrum,txcount,1420938.0
2025-03-23,arbitrum,txcount,1444043.0
2025-03-24,arbitrum,txcount,1938733.0
2025-03-25,arbitrum,txcount,1927120.0
2025-03-26,arbitrum,txcount,1983921.0
2025-03-27,arbitrum,txcount,2035325.0
2025-03-28,arbitrum,txcount,2138979.0
2025-03-29,arbitrum,txcount,2353307.0
2025-03-30,arbitrum,txcount,2033571.0
2025-03-31,arbitrum,txcount,2527164.0
2025-04-01,arbitrum,txcount,2108991.0
2025-04-02,arbitrum,txcount,2594227.0
2025-04-03,arbitrum,txcount,2373404.0
2025-04-04,arbitrum,txcount,2158307.0
2025-04-05,arbitrum,txcount,1424133.0
2025-04-06,arbitrum,txcount,2698267.0
2025-04-07,arbitrum,txcount,3099411.0
2025-04-08,arbitrum,txcount,2442809.0
2025-04-09,arbitrum,txcount,2817235.0
2025-04-10,arbitrum,txcount,2460568.0
2025-04-11,arbitrum,txcount,1992862.0
2025-04-12,arbitrum,txcount,1640046.0
2025-04-13,arbitrum,txcount,1750107.0
2025-04-14,arbitrum,txcount,1854777.0
2025-04-15,arbitrum,txcount,1740977.0
2025-04-16,arbitrum,txcount,1853339.0
2025-04-17,arbitrum,txcount,1547908.0
2025-04-18,arbitrum,txcount,1274552.0
2025-04-19,arbitrum,txcount,1276144.0
2025-04-20,arbitrum,txcount,1353976.0
2025-04-21,arbitrum,txcount,1893025.0
2025-04-22,arbitrum,txcount,2082688.0
2025-04-23,arbitrum,txcount,2096173.0
2025-04-24,arbitrum,txcount,1797698.0
2025-04-25,arbitrum,txcount,1873277.0
2025-04-26,arbitrum,txcount,1540912.0
2025-04-27,arbitrum,txcount,1573349.0
2025-04-28,arbitrum,txcount,1877949.0
2025-04-29,arbitrum,txcount,1802494.0
2025-04-30,arbitrum,txcount,1779130.0
2025-05-01,arbitrum,txcount,1679415.0
2025-05-02,arbitrum,txcount,1591310.0
2025-05-03,arbitrum,txcount,1283842.0
2025-05-04,arbitrum,txcount,1367704.0
2025-05-05,arbitrum,txcount,1555726.0
2025-05-06,arbitrum,txcount,1789464.0
2025-05-07,arbitrum,txcount,1780084.0
2025-05-08,arbitrum,txcount,2542661.0
2025-05-09,arbitrum,txcount,2581605.0
2025-05-10,arbitrum,txcount,2723463.0
2025-05-11,arbitrum,txcount,2492207.0
2025-05-12,arbitrum,txcount,2608879.0
2025-05-13,arbitrum,txcount,2627129.0
2025-05-14,arbitrum,txcount,2328628.0
2025-05-15,arbitrum,txcount,2433316.0
2025-05-16,arbitrum,txcount,1999093.0
2025-05-17,arbitrum,txcount,1978272.0
2025-05-18,arbitrum,txcount,2076084.0
2025-05-19,arbitrum,txcount,2476660.0
2025-05-20,arbitrum,txcount,2347544.0
2025-05-21,arbitrum,txcount,2451673.0
2025-05-22,arbitrum,txcount,2476676.0
2025-05-23,arbitrum,txcount,2373751.0
2025-05-24,arbitrum,txcount,1696645.0
2025-05-25,arbitrum,txcount,1937305.0
2025-05-26,arbitrum,txcount,2074462.0
2025-05-27,arbitrum,txcount,2361211.0
2025-05-28,arbitrum,txcount,1907293.0
2025-05-29,arbitrum,txcount,2192329.0
2025-05-30,arbitrum,txcount,2551001.0
2025-05-31,arbitrum,txcount,1849786.0
2025-06-01,arbitrum,txcount,1576148.0
2025-06-02,arbitrum,txcount,1915279.0
2025-06-03,arbitrum,txcount,1975152.0
2025-06-04,arbitrum,txcount,1925566.0
2025-06-05,arbitrum,txcount,2302728.0
2025-06-06,arbitrum,txcount,2027484.0
2025-06-07,arbitrum,txcount,1588043.0
2025-06-08,arbitrum,txcount,1504552.0
2025-06-09,arbitrum,txcount,2007951.0
2025-06-10,arbitrum,txcount,2635303.0
2025-06-11,arbitrum,txcount,2404976.0
2025-06-12,arbitrum,txcount,2287136.0
2025-06-13,arbitrum,txcount,2627877.0
2025-06-14,arbitrum,txcount,1569389.0
2025-06-15,arbitrum,txcount,1530117.0
2025-06-16,arbitrum,txcount,2102407.0
2025-06-17,arbitrum,txcount,2398762.0
2025-06-18,arbitrum,txcount,2126273.0
2025-06-19,arbitrum,txcount,1712087.0
2025-06-20,arbitrum,txcount,2012119.0
2025-06-21,arbitrum,txcount,1964867.0
2025-06-22,arbitrum,txcount,2667299.0
2025-06-23,arbitrum,txcount,2529514.0
2025-06-24,arbitrum,txcount,2275430.0
2025-06-25,arbitrum,txcount,2237478.0
2025-06-26,arbitrum,txcount,2287933.0
2025-06-27,arbitrum,txcount,1784118.0
2025-06-28,arbitrum,txcount,1685540.0
2025-06-29,arbitrum,txcount,2180717.0
2025-06-30,arbitrum,txcount,2898580.0
2025-07-01,arbitrum,txcount,2182879.0
2025-07-02,arbitrum,txcount,2199742.0
2025-07-03,arbitrum,txcount,2031889.0
2025-07-04,arbitrum,txcount,1978236.0
2025-07-05,arbitrum,txcount,1677855.0
2025-07-06,arbitrum,txcount,1868188.0
2025-07-07,arbitrum,txcount,2104777.0
2025-07-08,arbitrum,txcount,2008502.0
2025-07-09,arbitrum,txcount,2659878.0
2025-07-10,arbitrum,txcount,2591083.0
2025-07-11,arbitrum,txcount,2815788.0
2025-07-12,arbitrum,txcount,2176999.0
2025-07-13,arbitrum,txcount,1987513.0
2025-07-14,arbitrum,txcount,2801400.0
2025-07-15,arbitrum,txcount,3045779.0
2025-07-16,arbitrum,txcount,3054293.0
2025-07-17,arbitrum,txcount,3068988.0
2025-07-18,arbitrum,txcount,3207843.0
2025-07-19,arbitrum,txcount,2339029.0
2025-07-20,arbitrum,txcount,2923959.0
2025-07-21,arbitrum,txcount,2825497.0
2025-07-22,arbitrum,txcount,2872614.0
2025-07-23,arbitrum,txcount,2771623.0
2025-07-24,arbitrum,txcount,3145366.0
2025-07-25,arbitrum,txcount,3267657.0
2025-07-26,arbitrum,txcount,2335538.0
2025-07-27,arbitrum,txcount,2607932.0
2025-07-28,arbitrum,txcount,3024654.0
2025-07-29,arbitrum,txcount,2667701.0
2025-07-30,arbitrum,txcount,2675378.0
2025-07-31,arbitrum,txcount,2556428.0
2025-08-01,arbitrum,txcount,3278202.0
2025-08-02,arbitrum,txcount,2495258.0
2025-08-03,arbitrum,txcount,2035982.0
2025-08-04,arbitrum,txcount,2473196.0
2025-08-05,arbitrum,txcount,2713111.0
2025-08-06,arbitrum,txcount,2382735.0
2025-08-07,arbitrum,txcount,2617140.0
2025-08-08,arbitrum,txcount,2995974.0
2025-08-09,arbitrum,txcount,2727277.0
2025-08-10,arbitrum,txcount,2607182.0
2025-08-11,arbitrum,txcount,3059072.0
2025-08-12,arbitrum,txcount,2820061.0
2025-08-13,arbitrum,txcount,3305726.0
2025-08-14,arbitrum,txcount,3102063.0
2025-08-15,arbitrum,txcount,2942493.0
2025-08-16,arbitrum,txcount,2496095.0
2025-08-17,arbitrum,txcount,2582339.0
2025-08-18,arbitrum,txcount,3139734.0
2025-08-19,arbitrum,txcount,3038535.0
2025-08-20,arbitrum,txcount,2982881.0
2025-08-21,arbitrum,txcount,2624276.0
2025-08-22,arbitrum,txcount,2898086.0
2025-08-23,arbitrum,txcount,2705813.0
2025-08-24,arbitrum,txcount,2739797.0
2025-08-25,arbitrum,txcount,3228017.0
2025-08-26,arbitrum,txcount,3157403.0
2025-08-27,arbitrum,txcount,3126768.0
2025-08-28,arbitrum,txcount,2926912.0
2025-08-29,arbitrum,txcount,3104286.0
2025-08-30,arbitrum,txcount,2407434.0
2025-08-31,arbitrum,txcount,2169315.0
2025-09-01,arbitrum,txcount,2551532.0
2025-09-02,arbitrum,txcount,2634634.0
2025-09-03,arbitrum,txcount,2570970.0
2025-09-04,arbitrum,txcount,2629357.0
2025-09-05,arbitrum,txcount,2674208.0
2025-09-06,arbitrum,txcount,1877967.0
2025-09-07,arbitrum,txcount,2081595.0
2025-09-08,arbitrum,txcount,2537634.0
2025-09-09,arbitrum,txcount,2205770.0
2025-09-10,arbitrum,txcount,2031339.0
2025-09-11,arbitrum,txcount,1931552.0
2025-09-12,arbitrum,txcount,2008440.0
2025-09-13,arbitrum,txcount,1644925.0
2025-09-14,arbitrum,txcount,1711908.0
2025-09-15,arbitrum,txcount,1998529.0
2025-09-16,arbitrum,txcount,1817962.0
2025-09-17,arbitrum,txcount,1927303.0
2025-09-18,arbitrum,txcount,1940735.0
2025-09-19,arbitrum,txcount,1925442.0
2025-09-20,arbitrum,txcount,1978447.0
2025-09-21,arbitrum,txcount,1643289.0
2025-09-22,arbitrum,txcount,2669350.0
2025-09-23,arbitrum,txcount,3385620.0
2025-09-24,arbitrum,txcount,4288306.0
2025-09-25,arbitrum,txcount,5944858.0
2025-09-26,arbitrum,txcount,4339715.0
2025-09-27,arbitrum,txcount,4062281.0
2025-09-28,arbitrum,txcount,2460415.0
2025-09-29,arbitrum,txcount,2733270.0
2025-09-30,arbitrum,txcount,3117539.0
2025-10-01,arbitrum,txcount,3245840.0
2025-10-02,arbitrum,txcount,2601142.0
2025-10-03,arbitrum,txcount,2178503.0
2025-10-04,arbitrum,txcount,2756416.0
2025-10-05,arbitrum,txcount,3509569.0
2025-10-06,arbitrum,txcount,3461877.0
2025-10-07,arbitrum,txcount,4198543.0
2025-10-08,arbitrum,txcount,3757846.0
2025-10-09,arbitrum,txcount,2912934.0
2025-10-10,arbitrum,txcount,3858255.0
2025-10-11,arbitrum,txcount,3586713.0
2025-10-12,arbitrum,txcount,3667624.0
2025-10-13,arbitrum,txcount,3232441.0
2025-10-14,arbitrum,txcount,3721368.0
2025-10-15,arbitrum,txcount,3326362.0
2025-10-16,arbitrum,txcount,3100234.0
2025-10-17,arbitrum,txcount,3074585.0
2025-10-18,arbitrum,txcount,2286869.0
2025-10-19,arbitrum,txcount,2609693.0
2025-10-20,arbitrum,txcount,2158090.0
2025-10-21,arbitrum,txcount,2424249.0
2025-10-22,arbitrum,txcount,3050663.0
2025-10-23,arbitrum,txcount,3183679.0
2025-10-24,arbitrum,txcount,3219406.0
2025-10-25,arbitrum,txcount,2360962.0
2025-10-26,arbitrum,txcount,2842946.0
2025-10-27,arbitrum,txcount,3449226.0
2025-10-28,arbitrum,txcount,3572429.0
2025-10-29,arbitrum,txcount,3593226.0
2025-10-30,arbitrum,txcount,3477439.0
2025-10-31,arbitrum,txcount,3209225.0
2025-11-01,arbitrum,txcount,3245047.0
2025-11-02,arbitrum,txcount,3077688.0
2025-11-03,arbitrum,txcount,3129266.0
2025-11-04,arbitrum,txcount,3564141.0
2025-11-05,arbitrum,txcount,3042694.0
2025-11-06,arbitrum,txcount,2809308.0
2025-11-07,arbitrum,txcount,2838437.0
2025-11-08,arbitrum,txcount,2504205.0
2025-11-09,arbitrum,txcount,2329293.0
2025-11-10,arbitrum,txcount,2749516.0
2025-11-11,arbitrum,txcount,2664400.0
2025-11-12,arbitrum,txcount,2589274.0
2025-11-13,arbitrum,txcount,2941912.0
2025-11-14,arbitrum,txcount,2992486.0
2025-11-15,arbitrum,txcount,1833839.0
2025-11-16,arbitrum,txcount,2368705.0
2025-11-17,arbitrum,txcount,2570614.0
2025-11-18,arbitrum,txcount,2636749.0
2025-11-19,arbitrum,txcount,2680681.0
2025-11-20,arbitrum,txcount,2476244.0
2025-11-21,arbitrum,txcount,3141165.0
2025-11-22,arbitrum,txcount,1990031.0
2025-11-23,arbitrum,txcount,1684982.0
2025-11-24,arbitrum,txcount,2372275.0
2025-11-25,arbitrum,txcount,2958452.0
2025-11-26,arbitrum,txcount,2675579.0
2025-11-27,arbitrum,txcount,2798686.0
2025-11-28,arbitrum,txcount,2464426.0
2025-11-29,arbitrum,txcount,2254097.0
2025-11-30,arbitrum,txcount,2760139.0
2025-12-01,arbitrum,txcount,3652644.0
2025-12-02,arbitrum,txcount,3152721.0
2025-12-03,arbitrum,txcount,2825001.0
2025-12-04,arbitrum,txcount,4342112.0
2025-12-05,arbitrum,txcount,3989851.0
2025-12-06,arbitrum,txcount,3279279.0
2025-12-07,arbitrum,txcount,3953597.0
2025-12-08,arbitrum,txcount,3968299.0
2025-12-09,arbitrum,txcount,3597141.0
2025-12-10,arbitrum,txcount,3630724.0
2025-12-11,arbitrum,txcount,3606368.0
2025-12-12,arbitrum,txcount,2915873.0
2025-12-13,arbitrum,txcount,2765939.0
2025-12-14,arbitrum,txcount,2026784.0
2025-12-15,arbitrum,txcount,3285942.0
2025-12-16,arbitrum,txcount,3254974.0
2025-12-17,arbitrum,txcount,2652143.0
2025-12-18,arbitrum,txcount,2798731.0
2025-12-19,arbitrum,txcount,2607186.0
2025-12-20,arbitrum,txcount,1717963.0
2025-12-21,arbitrum,txcount,1955058.0
2025-12-22,arbitrum,txcount,2493902.0
2025-12-23,arbitrum,txcount,2635205.0
2025-12-24,arbitrum,txcount,2531844.0
2025-12-25,arbitrum,txcount,2119018.0
2025-12-26,arbitrum,txcount,2227882.0
2025-12-27,arbitrum,txcount,1755193.0
2025-12-28,arbitrum,txcount,1808721.0
2025-12-29,arbitrum,txcount,2413075.0
2025-12-30,arbitrum,txcount,2470090.0
2025-12-31,arbitrum,txcount,2318601.0
2026-01-01,arbitrum,txcount,1911168.0
2026-01-02,arbitrum,txcount,2357879.0
2026-01-03,arbitrum,txcount,1874605.0
2026-01-04,arbitrum,txcount,2169896.0
2026-01-05,arbitrum,txcount,2611253.0
2026-01-06,arbitrum,txcount,2486608.0
2026-01-07,arbitrum,txcount,2521925.0
2026-01-08,arbitrum,txcount,2590203.0
2026-01-09,arbitrum,txcount,2161449.0
2026-01-10,arbitrum,txcount,1512075.0
2026-01-11,arbitrum,txcount,1562592.0
2026-01-12,arbitrum,txcount,2309552.0
2026-01-13,arbitrum,txcount,2063290.0
2026-01-14,arbitrum,txcount,1961451.0
2026-01-15,arbitrum,txcount,2038718.0
2026-01-16,arbitrum,txcount,1675395.0
2026-01-17,arbitrum,txcount,1506430.0
2026-01-18,arbitrum,txcount,1461934.0
2026-01-19,arbitrum,txcount,1888711.0
2026-01-20,arbitrum,txcount,2376785.0
2026-01-21,arbitrum,txcount,2488565.0
2026-01-22,arbitrum,txcount,1867275.0
2026-01-23,arbitrum,txcount,2006045.0
2026-01-24,arbitrum,txcount,1393246.0
2026-01-25,arbitrum,txcount,2104116.0
2026-01-26,arbitrum,txcount,2943797.0
2026-01-27,arbitrum,txcount,2221457.0
2026-01-28,arbitrum,txcount,2304373.0
2026-01-29,arbitrum,txcount,3094279.0
2026-01-30,arbitrum,txcount,4452457.0
2026-01-31,arbitrum,txcount,4879501.0
2026-02-01,arbitrum,txcount,3542864.0
2026-02-02,arbitrum,txcount,4115094.0
2026-02-03,arbitrum,txcount,5171596.0
2026-02-04,arbitrum,txcount,5725743.0
2026-02-05,arbitrum,txcount,9390390.0
2026-02-06,arbitrum,txcount,6170930.0
2026-02-07,arbitrum,txcount,4472654.0
2026-02-08,arbitrum,txcount,4017373.0
2026-02-09,arbitrum,txcount,4112816.0
2026-02-10,arbitrum,txcount,4474057.0
2026-02-11,arbitrum,txcount,4567157.0
2026-02-12,arbitrum,txcount,4413314.0
2026-02-13,arbitrum,txcount,3687987.0
2026-02-14,arbitrum,txcount,3453878.0
2026-02-15,arbitrum,txcount,5273283.0
2026-02-16,arbitrum,txcount,3735520.0
2026-02-17,arbitrum,txcount,3933196.0
2026-02-18,arbitrum,txcount,4282290.0
2026-02-19,arbitrum,txcount,4130654.0
2026-02-20,arbitrum,txcount,4220269.0
2026-02-21,arbitrum,txcount,3991331.0
2026-02-22,arbitrum,txcount,4418964.0
2026-02-23,arbitrum,txcount,4715768.0
2026-02-24,arbitrum,txcount,4584632.0
2026-02-25,arbitrum,txcount,3314305.0
2026-02-26,arbitrum,txcount,3206291.0
2026-02-27,arbitrum,txcount,3076663.0
2026-02-28,arbitrum,txcount,3219400.0
2026-03-01,arbitrum,txcount,3266802.0
2026-03-02,arbitrum,txcount,3817068.0
2026-03-03,arbitrum,txcount,3410974.0
2026-03-04,arbitrum,txcount,3575175.0
2026-03-05,arbitrum,txcount,3276149.0
2026-03-06,arbitrum,txcount,3243175.0
2026-03-07,arbitrum,txcount,2465668.0
2026-03-08,arbitrum,txcount,1862870.0
2026-03-09,arbitrum,txcount,2190637.0
2026-03-10,arbitrum,txcount,1946569.0
2026-03-11,arbitrum,txcount,1635375.0
2026-03-12,arbitrum,txcount,2012267.0
2026-03-13,arbitrum,txcount,1750758.0
2026-03-14,arbitrum,txcount,3042381.0
2026-03-15,arbitrum,txcount,1285676.0
2026-03-16,arbitrum,txcount,1760856.0
2026-03-17,arbitrum,txcount,1488085.0
2026-03-18,arbitrum,txcount,2006281.0
2026-03-19,arbitrum,txcount,2737102.0
2026-03-20,arbitrum,txcount,1955517.0
2026-03-21,arbitrum,txcount,1557878.0
2026-03-22,arbitrum,txcount,1758791.0
2026-03-23,arbitrum,txcount,2464189.0
2026-03-24,arbitrum,txcount,2130974.0
2026-03-25,arbitrum,txcount,2067268.0
2026-03-26,arbitrum,txcount,2525170.0
2026-03-27,arbitrum,txcount,2218014.0
2026-03-28,arbitrum,txcount,1741246.0
2026-03-29,arbitrum,txcount,1255813.0
2026-03-30,arbitrum,txcount,1536406.0
2026-03-31,arbitrum,txcount,1982570.0
2026-04-01,arbitrum,txcount,1734842.0
2026-04-02,arbitrum,txcount,1755366.0
2026-04-03,arbitrum,txcount,1381853.0
2026-04-04,arbitrum,txcount,1057099.0
2026-04-05,arbitrum,txcount,1343349.0
2026-04-06,arbitrum,txcount,2403093.0
2026-04-07,arbitrum,txcount,2603980.0
2026-04-08,arbitrum,txcount,1924115.0
2026-04-09,arbitrum,txcount,1664757.0
2026-04-10,arbitrum,txcount,1595119.0
2026-04-11,arbitrum,txcount,1472000.0
2026-04-12,arbitrum,txcount,1702436.0
2026-04-13,arbitrum,txcount,1434302.0
2026-04-14,arbitrum,txcount,1329426.0
2026-04-15,arbitrum,txcount,1655727.0
2026-04-16,arbitrum,txcount,1449638.0
2026-04-17,arbitrum,txcount,1558946.0
2026-04-18,arbitrum,txcount,1474795.0
2026-04-19,arbitrum,txcount,1681001.0
2026-04-20,arbitrum,txcount,1407374.0
2026-04-21,arbitrum,txcount,2276169.0
2026-04-22,arbitrum,txcount,2119930.0
2026-04-23,arbitrum,txcount,2199490.0
2026-04-24,arbitrum,txcount,1337184.0
2026-04-25,arbitrum,txcount,1093334.0
2026-04-26,arbitrum,txcount,1564243.0
2026-04-27,arbitrum,txcount,1809793.0
2026-04-28,arbitrum,txcount,1903317.0
2026-04-29,arbitrum,txcount,1535817.0
2026-04-30,arbitrum,txcount,1377978.0
2026-05-01,arbitrum,txcount,1228509.0
2026-05-02,arbitrum,txcount,942453.0
2026-05-03,arbitrum,txcount,1003254.0
2026-05-04,arbitrum,txcount,1615159.0
2026-05-05,arbitrum,txcount,1294230.0
2026-05-06,arbitrum,txcount,1501183.0
2026-05-07,arbitrum,txcount,1313637.0
2026-05-08,arbitrum,txcount,1425399.0
2026-05-09,arbitrum,txcount,1238298.0
2026-05-10,arbitrum,txcount,2311025.0
2026-05-11,arbitrum,txcount,1385515.0
2026-05-12,arbitrum,txcount,1478121.0
2026-05-13,arbitrum,txcount,1377281.0
2026-05-14,arbitrum,txcount,1586316.0
2026-05-15,arbitrum,txcount,1636504.0
2026-05-16,arbitrum,txcount,1258941.0
2026-05-17,arbitrum,txcount,1489238.0
2026-05-18,arbitrum,txcount,1658006.0
2026-05-19,arbitrum,txcount,1516256.0
2026-05-20,arbitrum,txcount,2465848.0
2026-05-21,arbitrum,txcount,1227791.0
2026-05-22,arbitrum,txcount,1182620.0
2026-05-23,arbitrum,txcount,1200475.0
2026-05-24,arbitrum,txcount,994622.0
2026-05-25,arbitrum,txcount,1022469.0
2026-05-26,arbitrum,txcount,1362854.0
2026-05-27,arbitrum,txcount,1461356.0
2026-05-28,arbitrum,txcount,1434906.0
2026-05-29,arbitrum,txcount,1374347.0
2026-05-30,arbitrum,txcount,1055030.0
2026-05-31,arbitrum,txcount,1107045.0
2026-06-01,arbitrum,txcount,1564689.0
2026-06-02,arbitrum,txcount,2070789.0
2026-06-03,arbitrum,txcount,1936929.0
2026-06-04,arbitrum,txcount,2354565.0
2026-06-05,arbitrum,txcount,3461511.0
2026-06-06,arbitrum,txcount,1698857.0
2026-06-07,arbitrum,txcount,1510024.0
2026-06-08,arbitrum,txcount,1524105.0
2026-06-09,arbitrum,txcount,1625431.0
2026-06-10,arbitrum,txcount,1582612.0
2026-06-11,arbitrum,txcount,1513365.0
2026-06-12,arbitrum,txcount,1281773.0
2026-06-13,arbitrum,txcount,1057952.0
2026-06-14,arbitrum,txcount,1142653.0
2026-06-15,arbitrum,txcount,1432831.0
2026-06-16,arbitrum,txcount,1395033.0
2026-06-17,arbitrum,txcount,1639662.0
2026-06-18,arbitrum,txcount,1465394.0
2026-06-19,arbitrum,txcount,1235941.0
2026-06-20,arbitrum,txcount,1296439.0
2026-06-21,arbitrum,txcount,1346584.0
2026-06-22,arbitrum,txcount,1942905.0
2026-06-23,arbitrum,txcount,1733403.0
2026-06-24,arbitrum,txcount,2696425.0
2026-06-25,arbitrum,txcount,3327042.0
2026-06-26,arbitrum,txcount,3173447.0
2026-06-27,arbitrum,txcount,2344300.0
2026-06-28,arbitrum,txcount,2617442.0
2026-06-29,arbitrum,txcount,3045294.0
2026-06-30,arbitrum,txcount,2556379.0
2026-07-01,arbitrum,txcount,2697760.0
2026-07-02,arbitrum,txcount,2211012.0
2026-07-03,arbitrum,txcount,1912473.0
2026-07-04,arbitrum,txcount,1633449.0
2026-07-05,arbitrum,txcount,1786653.0
2026-07-06,arbitrum,txcount,2093719.0
2026-07-07,arbitrum,txcount,1892743.0
2026-07-08,arbitrum,txcount,2148228.0
2026-07-09,arbitrum,txcount,1995939.0
2026-07-10,arbitrum,txcount,2054854.0
2026-07-11,arbitrum,txcount,1620719.0
2026-07-12,arbitrum,txcount,1488608.0
2026-07-13,arbitrum,txcount,1896825.0
2026-07-14,arbitrum,txcount,1962504.0
2026-07-15,arbitrum,txcount,1983848.0
2026-07-16,arbitrum,txcount,1706874.0
2026-07-17,arbitrum,txcount,1553695.0
2026-07-18,arbitrum,txcount,1271586.0
2026-07-19,arbitrum,txcount,1331772.0
2026-07-20,arbitrum,txcount,1717562.0
2026-07-21,arbitrum,txcount,1484533.0
2026-07-22,arbitrum,txcount,1478360.0
2026-07-23,arbitrum,txcount,1484287.0
2026-07-24,arbitrum,txcount,1525219.0
2026-07-25,arbitrum,txcount,1380499.0
2026-07-26,arbitrum,txcount,1286661.0
2026-07-27,arbitrum,txcount,1698809.0
2026-07-28,arbitrum,txcount,1542134.0
2026-07-29,arbitrum,txcount,1651579.0
2026-07-30,arbitrum,txcount,1371637.0
2026-07-31,arbitrum,txcount,1710273.0
2026-08-01,arbitrum,txcount,1439636.0
2026-08-02,arbitrum,txcount,1010696.0
2026-08-03,arbitrum,txcount,1250477.0
2026-08-04,arbitrum,txcount,1266469.0
2026-08-05,arbitrum,txcount,1321607.0
2026-08-06,arbitrum,txcount,1281875.0
2026-08-07,arbitrum,txcount,1582428.0
2026-08-08,arbitrum,txcount,921907.0
2026-08-09,arbitrum,txcount,961375.0
2026-08-10,arbitrum,txcount,1178054.0
2026-08-11,arbitrum,txcount,1177799.0
2026-08-12,arbitrum,txcount,1155716.0
2026-08-13,arbitrum,txcount,1181464.0
2026-08-14,arbitrum,txcount,1206018.0
2026-08-15,arbitrum,txcount,1027057.0
2026-08-16,arbitrum,txcount,1091640.0
2026-08-17,arbitrum,txcount,1234102.0
2026-08-18,arbitrum,txcount,1174972.0
2026-08-19,arbitrum,txcount,2096092.0
2026-08-20,arbitrum,txcount,1880345.0
2023-06-15,base,txcount,9.0
2023-06-16,base,txcount,1.0
2023-06-17,base,txcount,4.0
2023-06-19,base,txcount,3.0
2023-06-20,base,txcount,5.0
2023-06-21,base,txcount,1.0
2023-06-22,base,txcount,2.0
2023-06-23,base,txcount,1.0
2023-06-27,base,txcount,1.0
2023-06-28,base,txcount,13.0
2023-06-29,base,txcount,15.0
2023-06-30,base,txcount,3.0
2023-07-04,base,txcount,7.0
2023-07-05,base,txcount,5.0
2023-07-06,base,txcount,13.0
2023-07-07,base,txcount,6.0
2023-07-10,base,txcount,19.0
2023-07-11,base,txcount,82.0
2023-07-12,base,txcount,65.0
2023-07-13,base,txcount,735.0
2023-07-14,base,txcount,13835.0
2023-07-15,base,txcount,22240.0
2023-07-16,base,txcount,14639.0
2023-07-17,base,txcount,11105.0
2023-07-18,base,txcount,13637.0
2023-07-19,base,txcount,18757.0
2023-07-20,base,txcount,15163.0
2023-07-21,base,txcount,14898.0
2023-07-22,base,txcount,21653.0
2023-07-23,base,txcount,19488.0
2023-07-24,base,txcount,16810.0
2023-07-25,base,txcount,15421.0
2023-07-26,base,txcount,9944.0
2023-07-27,base,txcount,9482.0
2023-07-28,base,txcount,8328.0
2023-07-29,base,txcount,17162.0
2023-07-30,base,txcount,565070.0
2023-07-31,base,txcount,542793.0
2023-08-01,base,txcount,158837.0
2023-08-02,base,txcount,145005.0
2023-08-03,base,txcount,458089.0
2023-08-04,base,txcount,253225.0
2023-08-05,base,txcount,264869.0
2023-08-06,base,txcount,313187.0
2023-08-07,base,txcount,354775.0
2023-08-08,base,txcount,303337.0
2023-08-09,base,txcount,444801.0
2023-08-10,base,txcount,694769.0
2023-08-11,base,txcount,610243.0
2023-08-12,base,txcount,503122.0
2023-08-13,base,txcount,562998.0
2023-08-14,base,txcount,526134.0
2023-08-15,base,txcount,531194.0
2023-08-16,base,txcount,423244.0
2023-08-17,base,txcount,372773.0
2023-08-18,base,txcount,434297.0
2023-08-19,base,txcount,650016.0
2023-08-20,base,txcount,842575.0
2023-08-21,base,txcount,1356944.0
2023-08-22,base,txcount,925234.0
2023-08-23,base,txcount,736010.0
2023-08-24,base,txcount,677920.0
2023-08-25,base,txcount,661591.0
2023-08-26,base,txcount,393225.0
2023-08-27,base,txcount,391499.0
2023-08-28,base,txcount,353847.0
2023-08-29,base,txcount,353574.0
2023-08-30,base,txcount,362835.0
2023-08-31,base,txcount,478984.0
2023-09-01,base,txcount,346144.0
2023-09-02,base,txcount,302048.0
2023-09-03,base,txcount,298633.0
2023-09-04,base,txcount,308383.0
2023-09-05,base,txcount,339306.0
2023-09-06,base,txcount,332740.0
2023-09-07,base,txcount,325736.0
2023-09-08,base,txcount,354645.0
2023-09-09,base,txcount,511810.0
2023-09-10,base,txcount,741088.0
2023-09-11,base,txcount,566435.0
2023-09-12,base,txcount,728807.0
2023-09-13,base,txcount,1354606.0
2023-09-14,base,txcount,1833845.0
2023-09-15,base,txcount,1686753.0
2023-09-16,base,txcount,1686306.0
2023-09-17,base,txcount,1112420.0
2023-09-18,base,txcount,1305126.0
2023-09-19,base,txcount,1115378.0
2023-09-20,base,txcount,917341.0
2023-09-21,base,txcount,631019.0
2023-09-22,base,txcount,861751.0
2023-09-23,base,txcount,633134.0
2023-09-24,base,txcount,654023.0
2023-09-25,base,txcount,725778.0
2023-09-26,base,txcount,1185010.0
2023-09-27,base,txcount,1193512.0
2023-09-28,base,txcount,984838.0
2023-09-29,base,txcount,733279.0
2023-09-30,base,txcount,874197.0
2023-10-01,base,txcount,1105750.0
2023-10-02,base,txcount,1433352.0
2023-10-03,base,txcount,725071.0
2023-10-04,base,txcount,702190.0
2023-10-05,base,txcount,818590.0
2023-10-06,base,txcount,570780.0
2023-10-07,base,txcount,542638.0
2023-10-08,base,txcount,503537.0
2023-10-09,base,txcount,568345.0
2023-10-10,base,txcount,536679.0
2023-10-11,base,txcount,418725.0
2023-10-12,base,txcount,360307.0
2023-10-13,base,txcount,313327.0
2023-10-14,base,txcount,388411.0
2023-10-15,base,txcount,442081.0
2023-10-16,base,txcount,407122.0
2023-10-17,base,txcount,417469.0
2023-10-18,base,txcount,451347.0
2023-10-19,base,txcount,419350.0
2023-10-20,base,txcount,383769.0
2023-10-21,base,txcount,365250.0
2023-10-22,base,txcount,374770.0
2023-10-23,base,txcount,315400.0
2023-10-24,base,txcount,305058.0
2023-10-25,base,txcount,314075.0
2023-10-26,base,txcount,305383.0
2023-10-27,base,txcount,333316.0
2023-10-28,base,txcount,350372.0
2023-10-29,base,txcount,305073.0
2023-10-30,base,txcount,294189.0
2023-10-31,base,txcount,260789.0
2023-11-01,base,txcount,266848.0
2023-11-02,base,txcount,244879.0
2023-11-03,base,txcount,246916.0
2023-11-04,base,txcount,263998.0
2023-11-05,base,txcount,263238.0
2023-11-06,base,txcount,220256.0
2023-11-07,base,txcount,227685.0
2023-11-08,base,txcount,267423.0
2023-11-09,base,txcount,232602.0
2023-11-10,base,txcount,182214.0
2023-11-11,base,txcount,214172.0
2023-11-12,base,txcount,211308.0
2023-11-13,base,txcount,178526.0
2023-11-14,base,txcount,194130.0
2023-11-15,base,txcount,212507.0
2023-11-16,base,txcount,230546.0
2023-11-17,base,txcount,227821.0
2023-11-18,base,txcount,312845.0
2023-11-19,base,txcount,371007.0
2023-11-20,base,txcount,273310.0
2023-11-21,base,txcount,270989.0
2023-11-22,base,txcount,290611.0
2023-11-23,base,txcount,250937.0
2023-11-24,base,txcount,255465.0
2023-11-25,base,txcount,271999.0
2023-11-26,base,txcount,272000.0
2023-11-27,base,txcount,244354.0
2023-11-28,base,txcount,208520.0
2023-11-29,base,txcount,221339.0
2023-11-30,base,txcount,219091.0
2023-12-01,base,txcount,192173.0
2023-12-02,base,txcount,258099.0
2023-12-03,base,txcount,238917.0
2023-12-04,base,txcount,199516.0
2023-12-05,base,txcount,211609.0
2023-12-06,base,txcount,188525.0
2023-12-07,base,txcount,219376.0
2023-12-08,base,txcount,211332.0
2023-12-09,base,txcount,249336.0
2023-12-10,base,txcount,269107.0
2023-12-11,base,txcount,246024.0
2023-12-12,base,txcount,251495.0
2023-12-13,base,txcount,231391.0
2023-12-14,base,txcount,209996.0
2023-12-15,base,txcount,189841.0
2023-12-16,base,txcount,199258.0
2023-12-17,base,txcount,263050.0
2023-12-18,base,txcount,216895.0
2023-12-19,base,txcount,198614.0
2023-12-20,base,txcount,208207.0
2023-12-21,base,txcount,260525.0
2023-12-22,base,txcount,296886.0
2023-12-23,base,txcount,347546.0
2023-12-24,base,txcount,284639.0
2023-12-25,base,txcount,269037.0
2023-12-26,base,txcount,330719.0
2023-12-27,base,txcount,311243.0
2023-12-28,base,txcount,289831.0
2023-12-29,base,txcount,294839.0
2023-12-30,base,txcount,351759.0
2023-12-31,base,txcount,354580.0
2024-01-01,base,txcount,370840.0
2024-01-02,base,txcount,325447.0
2024-01-03,base,txcount,297442.0
2024-01-04,base,txcount,292896.0
2024-01-05,base,txcount,286335.0
2024-01-06,base,txcount,290483.0
2024-01-07,base,txcount,226738.0
2024-01-08,base,txcount,316698.0
2024-01-09,base,txcount,354051.0
2024-01-10,base,txcount,294616.0
2024-01-11,base,txcount,262299.0
2024-01-12,base,txcount,296855.0
2024-01-13,base,txcount,295239.0
2024-01-14,base,txcount,225419.0
2024-01-15,base,txcount,274908.0
2024-01-16,base,txcount,243863.0
2024-01-17,base,txcount,247157.0
2024-01-18,base,txcount,240983.0
2024-01-19,base,txcount,271399.0
2024-01-20,base,txcount,350581.0
2024-01-21,base,txcount,307311.0
2024-01-22,base,txcount,309368.0
2024-01-23,base,txcount,364975.0
2024-01-24,base,txcount,485827.0
2024-01-25,base,txcount,347030.0
2024-01-26,base,txcount,334589.0
2024-01-27,base,txcount,320451.0
2024-01-28,base,txcount,399296.0
2024-01-29,base,txcount,416832.0
2024-01-30,base,txcount,278906.0
2024-01-31,base,txcount,294157.0
2024-02-01,base,txcount,296069.0
2024-02-02,base,txcount,359678.0
2024-02-03,base,txcount,396587.0
2024-02-04,base,txcount,454388.0
2024-02-05,base,txcount,482955.0
2024-02-06,base,txcount,423004.0
2024-02-07,base,txcount,403933.0
2024-02-08,base,txcount,400579.0
2024-02-09,base,txcount,428634.0
2024-02-10,base,txcount,429777.0
2024-02-11,base,txcount,454752.0
2024-02-12,base,txcount,412639.0
2024-02-13,base,txcount,459183.0
2024-02-14,base,txcount,346446.0
2024-02-15,base,txcount,360764.0
2024-02-16,base,txcount,455773.0
2024-02-17,base,txcount,587744.0
2024-02-18,base,txcount,520161.0
2024-02-19,base,txcount,422003.0
2024-02-20,base,txcount,384293.0
2024-02-21,base,txcount,437924.0
2024-02-22,base,txcount,350578.0
2024-02-23,base,txcount,325273.0
2024-02-24,base,txcount,443833.0
2024-02-25,base,txcount,482009.0
2024-02-26,base,txcount,388389.0
2024-02-27,base,txcount,405481.0
2024-02-28,base,txcount,421010.0
2024-02-29,base,txcount,436764.0
2024-03-01,base,txcount,370651.0
2024-03-02,base,txcount,399568.0
2024-03-03,base,txcount,399953.0
2024-03-04,base,txcount,341936.0
2024-03-05,base,txcount,418381.0
2024-03-06,base,txcount,476352.0
2024-03-07,base,txcount,463739.0
2024-03-08,base,txcount,394798.0
2024-03-09,base,txcount,401427.0
2024-03-10,base,txcount,421370.0
2024-03-11,base,txcount,411652.0
2024-03-12,base,txcount,406248.0
2024-03-13,base,txcount,526962.0
2024-03-14,base,txcount,1181906.0
2024-03-15,base,txcount,1325278.0
2024-03-16,base,txcount,2068077.0
2024-03-17,base,txcount,1103458.0
2024-03-18,base,txcount,1141680.0
2024-03-19,base,txcount,1167072.0
2024-03-20,base,txcount,1596839.0
2024-03-21,base,txcount,1352882.0
2024-03-22,base,txcount,1278840.0
2024-03-23,base,txcount,1269964.0
2024-03-24,base,txcount,1430965.0
2024-03-25,base,txcount,1486270.0
2024-03-26,base,txcount,1567796.0
2024-03-27,base,txcount,1622193.0
2024-03-28,base,txcount,2116467.0
2024-03-29,base,txcount,2220433.0
2024-03-30,base,txcount,2329945.0
2024-03-31,base,txcount,2207413.0
2024-04-01,base,txcount,2295243.0
2024-04-02,base,txcount,2574559.0
2024-04-03,base,txcount,2668790.0
2024-04-04,base,txcount,2950118.0
2024-04-05,base,txcount,3030163.0
2024-04-06,base,txcount,3031288.0
2024-04-07,base,txcount,3104299.0
2024-04-08,base,txcount,3186272.0
2024-04-09,base,txcount,2980657.0
2024-04-10,base,txcount,2944745.0
2024-04-11,base,txcount,3009829.0
2024-04-12,base,txcount,2716617.0
2024-04-13,base,txcount,2592758.0
2024-04-14,base,txcount,2604772.0
2024-04-15,base,txcount,2971306.0
2024-04-16,base,txcount,2769653.0
2024-04-17,base,txcount,2678938.0
2024-04-18,base,txcount,2656509.0
2024-04-19,base,txcount,2539205.0
2024-04-20,base,txcount,2500150.0
2024-04-21,base,txcount,2524622.0
2024-04-22,base,txcount,2737000.0
2024-04-23,base,txcount,2758584.0
2024-04-24,base,txcount,2787116.0
2024-04-25,base,txcount,2482849.0
2024-04-26,base,txcount,2621321.0
2024-04-27,base,txcount,2301402.0
2024-04-28,base,txcount,2413039.0
2024-04-29,base,txcount,2504995.0
2024-04-30,base,txcount,2480935.0
2024-05-01,base,txcount,2345037.0
2024-05-02,base,txcount,2482992.0
2024-05-03,base,txcount,2695559.0
2024-05-04,base,txcount,2420556.0
2024-05-05,base,txcount,2307120.0
2024-05-06,base,txcount,2448190.0
2024-05-07,base,txcount,2607962.0
2024-05-08,base,txcount,2256528.0
2024-05-09,base,txcount,2537733.0
2024-05-10,base,txcount,2202664.0
2024-05-11,base,txcount,1954254.0
2024-05-12,base,txcount,1900202.0
2024-05-13,base,txcount,1991288.0
2024-05-14,base,txcount,2051341.0
2024-05-15,base,txcount,1896970.0
2024-05-16,base,txcount,1880573.0
2024-05-17,base,txcount,1816514.0
2024-05-18,base,txcount,1764017.0
2024-05-19,base,txcount,1712529.0
2024-05-20,base,txcount,1992730.0
2024-05-21,base,txcount,2110810.0
2024-05-22,base,txcount,2130253.0
2024-05-23,base,txcount,2237334.0
2024-05-24,base,txcount,2017848.0
2024-05-25,base,txcount,1661477.0
2024-05-26,base,txcount,1858118.0
2024-05-27,base,txcount,1771684.0
2024-05-28,base,txcount,1930092.0
2024-05-29,base,txcount,2186184.0
2024-05-30,base,txcount,2269864.0
2024-05-31,base,txcount,2279623.0
2024-06-01,base,txcount,2108022.0
2024-06-02,base,txcount,2233869.0
2024-06-03,base,txcount,2527644.0
2024-06-04,base,txcount,2706252.0
2024-06-05,base,txcount,2929830.0
2024-06-06,base,txcount,2927889.0
2024-06-07,base,txcount,2891548.0
2024-06-08,base,txcount,2473743.0
2024-06-09,base,txcount,2618414.0
2024-06-10,base,txcount,2784043.0
2024-06-11,base,txcount,2889404.0
2024-06-12,base,txcount,3100819.0
2024-06-13,base,txcount,3104603.0
2024-06-14,base,txcount,2925010.0
2024-06-15,base,txcount,2859640.0
2024-06-16,base,txcount,2845160.0
2024-06-17,base,txcount,3053922.0
2024-06-18,base,txcount,3161839.0
2024-06-19,base,txcount,3180439.0
2024-06-20,base,txcount,3371875.0
2024-06-21,base,txcount,3206544.0
2024-06-22,base,txcount,2754661.0
2024-06-23,base,txcount,3077110.0
2024-06-24,base,txcount,3307536.0
2024-06-25,base,txcount,3461838.0
2024-06-26,base,txcount,3437159.0
2024-06-27,base,txcount,3639143.0
2024-06-28,base,txcount,3500992.0
2024-06-29,base,txcount,3223656.0
2024-06-30,base,txcount,3006214.0
2024-07-01,base,txcount,3166685.0
2024-07-02,base,txcount,3111159.0
2024-07-03,base,txcount,3374928.0
2024-07-04,base,txcount,3234494.0
2024-07-05,base,txcount,3125820.0
2024-07-06,base,txcount,2911036.0
2024-07-07,base,txcount,2912097.0
2024-07-08,base,txcount,3246487.0
2024-07-09,base,txcount,3357510.0
2024-07-10,base,txcount,3276960.0
2024-07-11,base,txcount,3421498.0
2024-07-12,base,txcount,3182389.0
2024-07-13,base,txcount,3115997.0
2024-07-14,base,txcount,3156440.0
2024-07-15,base,txcount,3451216.0
2024-07-16,base,txcount,3444881.0
2024-07-17,base,txcount,3463341.0
2024-07-18,base,txcount,4045249.0
2024-07-19,base,txcount,3951129.0
2024-07-20,base,txcount,4085783.0
2024-07-21,base,txcount,4010535.0
2024-07-22,base,txcount,4311206.0
2024-07-23,base,txcount,3910805.0
2024-07-24,base,txcount,3342368.0
2024-07-25,base,txcount,3747343.0
2024-07-26,base,txcount,4177428.0
2024-07-27,base,txcount,4387230.0
2024-07-28,base,txcount,3646985.0
2024-07-29,base,txcount,3860046.0
2024-07-30,base,txcount,3622862.0
2024-07-31,base,txcount,3667072.0
2024-08-01,base,txcount,3479532.0
2024-08-02,base,txcount,3373493.0
2024-08-03,base,txcount,3171611.0
2024-08-04,base,txcount,3414717.0
2024-08-05,base,txcount,3523715.0
2024-08-06,base,txcount,3374147.0
2024-08-07,base,txcount,3510028.0
2024-08-08,base,txcount,3607172.0
2024-08-09,base,txcount,3643218.0
2024-08-10,base,txcount,3437209.0
2024-08-11,base,txcount,3733828.0
2024-08-12,base,txcount,3906286.0
2024-08-13,base,txcount,3981376.0
2024-08-14,base,txcount,4057266.0
2024-08-15,base,txcount,4074919.0
2024-08-16,base,txcount,4013332.0
2024-08-17,base,txcount,3996063.0
2024-08-18,base,txcount,3848579.0
2024-08-19,base,txcount,4074738.0
2024-08-20,base,txcount,4120255.0
2024-08-21,base,txcount,4071214.0
2024-08-22,base,txcount,3993802.0
2024-08-23,base,txcount,3979515.0
2024-08-24,base,txcount,4261499.0
2024-08-25,base,txcount,4274932.0
2024-08-26,base,txcount,4206767.0
2024-08-27,base,txcount,4335514.0
2024-08-28,base,txcount,4253224.0
2024-08-29,base,txcount,4346400.0
2024-08-30,base,txcount,4387115.0
2024-08-31,base,txcount,4290985.0
2024-09-01,base,txcount,3978279.0
2024-09-02,base,txcount,4222844.0
2024-09-03,base,txcount,3999040.0
2024-09-04,base,txcount,3967158.0
2024-09-05,base,txcount,4094363.0
2024-09-06,base,txcount,4404841.0
2024-09-07,base,txcount,4231914.0
2024-09-08,base,txcount,4038315.0
2024-09-09,base,txcount,4373979.0
2024-09-10,base,txcount,4410887.0
2024-09-11,base,txcount,4688420.0
2024-09-12,base,txcount,4671536.0
2024-09-13,base,txcount,4841413.0
2024-09-14,base,txcount,4567455.0
2024-09-15,base,txcount,4525568.0
2024-09-16,base,txcount,4786076.0
2024-09-17,base,txcount,4413171.0
2024-09-18,base,txcount,4863290.0
2024-09-19,base,txcount,4615428.0
2024-09-20,base,txcount,5235855.0
2024-09-21,base,txcount,4906319.0
2024-09-22,base,txcount,4226996.0
2024-09-23,base,txcount,4574512.0
2024-09-24,base,txcount,4676058.0
2024-09-25,base,txcount,4848078.0
2024-09-26,base,txcount,4750168.0
2024-09-27,base,txcount,5338386.0
2024-09-28,base,txcount,5180154.0
2024-09-29,base,txcount,5090572.0
2024-09-30,base,txcount,5056431.0
2024-10-01,base,txcount,5083658.0
2024-10-02,base,txcount,4769872.0
2024-10-03,base,txcount,5519031.0
2024-10-04,base,txcount,5701884.0
2024-10-05,base,txcount,4467958.0
2024-10-06,base,txcount,4316774.0
2024-10-07,base,txcount,5406092.0
2024-10-08,base,txcount,5744521.0
2024-10-09,base,txcount,5503460.0
2024-10-10,base,txcount,6157848.0
2024-10-11,base,txcount,6062459.0
2024-10-12,base,txcount,6055895.0
2024-10-13,base,txcount,6189272.0
2024-10-14,base,txcount,6099537.0
2024-10-15,base,txcount,5887885.0
2024-10-16,base,txcount,5873632.0
2024-10-17,base,txcount,6334296.0
2024-10-18,base,txcount,5342934.0
2024-10-19,base,txcount,4156527.0
2024-10-20,base,txcount,6296283.0
2024-10-21,base,txcount,6012634.0
2024-10-22,base,txcount,5720143.0
2024-10-23,base,txcount,5917703.0
2024-10-24,base,txcount,5745467.0
2024-10-25,base,txcount,6428603.0
2024-10-26,base,txcount,6513692.0
2024-10-27,base,txcount,5997951.0
2024-10-28,base,txcount,6311899.0
2024-10-29,base,txcount,6904909.0
2024-10-30,base,txcount,6977287.0
2024-10-31,base,txcount,6758593.0
2024-11-01,base,txcount,7056575.0
2024-11-02,base,txcount,6647060.0
2024-11-03,base,txcount,6102219.0
2024-11-04,base,txcount,5726702.0
2024-11-05,base,txcount,6958625.0
2024-11-06,base,txcount,7070889.0
2024-11-07,base,txcount,7369937.0
2024-11-08,base,txcount,6390916.0
2024-11-09,base,txcount,6784846.0
2024-11-10,base,txcount,6812683.0
2024-11-11,base,txcount,6911733.0
2024-11-12,base,txcount,7233123.0
2024-11-13,base,txcount,6658622.0
2024-11-14,base,txcount,6825206.0
2024-11-15,base,txcount,7276449.0
2024-11-16,base,txcount,6770905.0
2024-11-17,base,txcount,7248248.0
2024-11-18,base,txcount,7521660.0
2024-11-19,base,txcount,7678661.0
2024-11-20,base,txcount,7520833.0
2024-11-21,base,txcount,7296812.0
2024-11-22,base,txcount,7244340.0
2024-11-23,base,txcount,7053547.0
2024-11-24,base,txcount,9026038.0
2024-11-25,base,txcount,9232551.0
2024-11-26,base,txcount,11402689.0
2024-11-27,base,txcount,7223788.0
2024-11-28,base,txcount,10447547.0
2024-11-29,base,txcount,5899935.0
2024-11-30,base,txcount,6680199.0
2024-12-01,base,txcount,8346892.0
2024-12-02,base,txcount,8174754.0
2024-12-03,base,txcount,7584926.0
2024-12-04,base,txcount,8110379.0
2024-12-05,base,txcount,7695799.0
2024-12-06,base,txcount,7563102.0
2024-12-07,base,txcount,8120518.0
2024-12-08,base,txcount,8767985.0
2024-12-09,base,txcount,8069791.0
2024-12-10,base,txcount,8056030.0
2024-12-11,base,txcount,7740508.0
2024-12-12,base,txcount,9033051.0
2024-12-13,base,txcount,8499339.0
2024-12-14,base,txcount,8203417.0
2024-12-15,base,txcount,8039070.0
2024-12-16,base,txcount,8060582.0
2024-12-17,base,txcount,8300409.0
2024-12-18,base,txcount,7775032.0
2024-12-19,base,txcount,7286618.0
2024-12-20,base,txcount,7494285.0
2024-12-21,base,txcount,8505852.0
2024-12-22,base,txcount,9449030.0
2024-12-23,base,txcount,8649925.0
2024-12-24,base,txcount,8523936.0
2024-12-25,base,txcount,8742690.0
2024-12-26,base,txcount,7614616.0
2024-12-27,base,txcount,8544870.0
2024-12-28,base,txcount,8400149.0
2024-12-29,base,txcount,10144621.0
2024-12-30,base,txcount,10199838.0
2024-12-31,base,txcount,11040285.0
2025-01-01,base,txcount,13349665.0
2025-01-02,base,txcount,12447682.0
2025-01-03,base,txcount,12356765.0
2025-01-04,base,txcount,11691707.0
2025-01-05,base,txcount,10434843.0
2025-01-06,base,txcount,11892603.0
2025-01-07,base,txcount,11149654.0
2025-01-08,base,txcount,11043382.0
2025-01-09,base,txcount,11361354.0
2025-01-10,base,txcount,10581930.0
2025-01-11,base,txcount,11470474.0
2025-01-12,base,txcount,11677295.0
2025-01-13,base,txcount,9525231.0
2025-01-14,base,txcount,10810654.0
2025-01-15,base,txcount,11252382.0
2025-01-16,base,txcount,10642104.0
2025-01-17,base,txcount,11014466.0
2025-01-18,base,txcount,10558267.0
2025-01-19,base,txcount,9766948.0
2025-01-20,base,txcount,9178636.0
2025-01-21,base,txcount,9987170.0
2025-01-22,base,txcount,10924794.0
2025-01-23,base,txcount,9128025.0
2025-01-24,base,txcount,10326040.0
2025-01-25,base,txcount,10920735.0
2025-01-26,base,txcount,9835168.0
2025-01-27,base,txcount,9335803.0
2025-01-28,base,txcount,8587569.0
2025-01-29,base,txcount,9212362.0
2025-01-30,base,txcount,9505884.0
2025-01-31,base,txcount,9714345.0
2025-02-01,base,txcount,8550474.0
2025-02-02,base,txcount,8440632.0
2025-02-03,base,txcount,8483101.0
2025-02-04,base,txcount,8141744.0
2025-02-05,base,txcount,7413229.0
2025-02-06,base,txcount,7941783.0
2025-02-07,base,txcount,7488554.0
2025-02-08,base,txcount,7458783.0
2025-02-09,base,txcount,7539415.0
2025-02-10,base,txcount,7477967.0
2025-02-11,base,txcount,7224463.0
2025-02-12,base,txcount,7608859.0
2025-02-13,base,txcount,7989058.0
2025-02-14,base,txcount,7298197.0
2025-02-15,base,txcount,6563221.0
2025-02-16,base,txcount,7110345.0
2025-02-17,base,txcount,6938368.0
2025-02-18,base,txcount,7010710.0
2025-02-19,base,txcount,6941621.0
2025-02-20,base,txcount,7773192.0
2025-02-21,base,txcount,7604068.0
2025-02-22,base,txcount,6935701.0
2025-02-23,base,txcount,6844332.0
2025-02-24,base,txcount,7287980.0
2025-02-25,base,txcount,6895053.0
2025-02-26,base,txcount,6459430.0
2025-02-27,base,txcount,6536148.0
2025-02-28,base,txcount,7421702.0
2025-03-01,base,txcount,7023742.0
2025-03-02,base,txcount,7973911.0
2025-03-03,base,txcount,8153104.0
2025-03-04,base,txcount,7628439.0
2025-03-05,base,txcount,7442250.0
2025-03-06,base,txcount,7834930.0
2025-03-07,base,txcount,7130354.0
2025-03-08,base,txcount,7517122.0
2025-03-09,base,txcount,8175583.0
2025-03-10,base,txcount,7692916.0
2025-03-11,base,txcount,7468340.0
2025-03-12,base,txcount,7591919.0
2025-03-13,base,txcount,7657380.0
2025-03-14,base,txcount,7535562.0
2025-03-15,base,txcount,7018793.0
2025-03-16,base,txcount,7546582.0
2025-03-17,base,txcount,6896510.0
2025-03-18,base,txcount,7426995.0
2025-03-19,base,txcount,7741344.0
2025-03-20,base,txcount,8221351.0
2025-03-21,base,txcount,8377076.0
2025-03-22,base,txcount,7610390.0
2025-03-23,base,txcount,7249498.0
2025-03-24,base,txcount,7197677.0
2025-03-25,base,txcount,6903330.0
2025-03-26,base,txcount,6804832.0
2025-03-27,base,txcount,6957059.0
2025-03-28,base,txcount,7059591.0
2025-03-29,base,txcount,6776553.0
2025-03-30,base,txcount,6896911.0
2025-03-31,base,txcount,7471159.0
2025-04-01,base,txcount,6651133.0
2025-04-02,base,txcount,7255479.0
2025-04-03,base,txcount,7517070.0
2025-04-04,base,txcount,6943821.0
2025-04-05,base,txcount,5903442.0
2025-04-06,base,txcount,7231135.0
2025-04-07,base,txcount,7668059.0
2025-04-08,base,txcount,6996324.0
2025-04-09,base,txcount,6924600.0
2025-04-10,base,txcount,7305218.0
2025-04-11,base,txcount,7409022.0
2025-04-12,base,txcount,7759580.0
2025-04-13,base,txcount,7611879.0
2025-04-14,base,txcount,7942267.0
2025-04-15,base,txcount,7136945.0
2025-04-16,base,txcount,7117595.0
2025-04-17,base,txcount,6493399.0
2025-04-18,base,txcount,5507716.0
2025-04-19,base,txcount,5903564.0
2025-04-20,base,txcount,6728854.0
2025-04-21,base,txcount,6648164.0
2025-04-22,base,txcount,6825568.0
2025-04-23,base,txcount,6949824.0
2025-04-24,base,txcount,7181708.0
2025-04-25,base,txcount,7049861.0
2025-04-26,base,txcount,6994190.0
2025-04-27,base,txcount,7508039.0
2025-04-28,base,txcount,7044288.0
2025-04-29,base,txcount,6964368.0
2025-04-30,base,txcount,7273219.0
2025-05-01,base,txcount,7981357.0
2025-05-02,base,txcount,7088154.0
2025-05-03,base,txcount,7753694.0
2025-05-04,base,txcount,7035272.0
2025-05-05,base,txcount,6759145.0
2025-05-06,base,txcount,7061783.0
2025-05-07,base,txcount,7621618.0
2025-05-08,base,txcount,10212601.0
2025-05-09,base,txcount,10307135.0
2025-05-10,base,txcount,10980247.0
2025-05-11,base,txcount,11115521.0
2025-05-12,base,txcount,12167516.0
2025-05-13,base,txcount,11458443.0
2025-05-14,base,txcount,10801094.0
2025-05-15,base,txcount,9509608.0
2025-05-16,base,txcount,8829229.0
2025-05-17,base,txcount,8019025.0
2025-05-18,base,txcount,8792143.0
2025-05-19,base,txcount,9237171.0
2025-05-20,base,txcount,10261262.0
2025-05-21,base,txcount,12618459.0
2025-05-22,base,txcount,10774330.0
2025-05-23,base,txcount,10593028.0
2025-05-24,base,txcount,8106382.0
2025-05-25,base,txcount,8703356.0
2025-05-26,base,txcount,10382934.0
2025-05-27,base,txcount,9813237.0
2025-05-28,base,txcount,11945584.0
2025-05-29,base,txcount,13990302.0
2025-05-30,base,txcount,11546565.0
2025-05-31,base,txcount,8795551.0
2025-06-01,base,txcount,8386724.0
2025-06-02,base,txcount,8773707.0
2025-06-03,base,txcount,11669435.0
2025-06-04,base,txcount,9916279.0
2025-06-05,base,txcount,11945884.0
2025-06-06,base,txcount,10873947.0
2025-06-07,base,txcount,8781327.0
2025-06-08,base,txcount,9351027.0
2025-06-09,base,txcount,10641588.0
2025-06-10,base,txcount,10229759.0
2025-06-11,base,txcount,10658053.0
2025-06-12,base,txcount,12170326.0
2025-06-13,base,txcount,10994765.0
2025-06-14,base,txcount,9987352.0
2025-06-15,base,txcount,7828252.0
2025-06-16,base,txcount,11264596.0
2025-06-17,base,txcount,10202361.0
2025-06-18,base,txcount,11560418.0
2025-06-19,base,txcount,9130169.0
2025-06-20,base,txcount,10973552.0
2025-06-21,base,txcount,11329752.0
2025-06-22,base,txcount,8742242.0
2025-06-23,base,txcount,8588254.0
2025-06-24,base,txcount,7912680.0
2025-06-25,base,txcount,8780880.0
2025-06-26,base,txcount,8196457.0
2025-06-27,base,txcount,7975390.0
2025-06-28,base,txcount,7391104.0
2025-06-29,base,txcount,7926844.0
2025-06-30,base,txcount,9380725.0
2025-07-01,base,txcount,10438275.0
2025-07-02,base,txcount,8844574.0
2025-07-03,base,txcount,8316117.0
2025-07-04,base,txcount,8253223.0
2025-07-05,base,txcount,8144934.0
2025-07-06,base,txcount,7219589.0
2025-07-07,base,txcount,7760378.0
2025-07-08,base,txcount,8389826.0
2025-07-09,base,txcount,8156012.0
2025-07-10,base,txcount,9264445.0
2025-07-11,base,txcount,9316986.0
2025-07-12,base,txcount,9099077.0
2025-07-13,base,txcount,8890506.0
2025-07-14,base,txcount,9315127.0
2025-07-15,base,txcount,8959924.0
2025-07-16,base,txcount,9240831.0
2025-07-17,base,txcount,10601748.0
2025-07-18,base,txcount,9773254.0
2025-07-19,base,txcount,10152357.0
2025-07-20,base,txcount,9783266.0
2025-07-21,base,txcount,8926503.0
2025-07-22,base,txcount,8902081.0
2025-07-23,base,txcount,8967416.0
2025-07-24,base,txcount,8935658.0
2025-07-25,base,txcount,8870869.0
2025-07-26,base,txcount,9056727.0
2025-07-27,base,txcount,8735697.0
2025-07-28,base,txcount,8544265.0
2025-07-29,base,txcount,8806401.0
2025-07-30,base,txcount,8594860.0
2025-07-31,base,txcount,9403898.0
2025-08-01,base,txcount,9898483.0
2025-08-02,base,txcount,10368922.0
2025-08-03,base,txcount,8799647.0
2025-08-04,base,txcount,8837270.0
2025-08-05,base,txcount,8775410.0
2025-08-06,base,txcount,9495505.0
2025-08-07,base,txcount,9065082.0
2025-08-08,base,txcount,9868664.0
2025-08-09,base,txcount,9273541.0
2025-08-10,base,txcount,8336111.0
2025-08-11,base,txcount,8577682.0
2025-08-12,base,txcount,8244742.0
2025-08-13,base,txcount,8774301.0
2025-08-14,base,txcount,8769670.0
2025-08-15,base,txcount,8243939.0
2025-08-16,base,txcount,8097013.0
2025-08-17,base,txcount,8369926.0
2025-08-18,base,txcount,8870920.0
2025-08-19,base,txcount,9313713.0
2025-08-20,base,txcount,9413989.0
2025-08-21,base,txcount,9754872.0
2025-08-22,base,txcount,9307968.0
2025-08-23,base,txcount,9059361.0
2025-08-24,base,txcount,9173195.0
2025-08-25,base,txcount,11796701.0
2025-08-26,base,txcount,10903645.0
2025-08-27,base,txcount,13191063.0
2025-08-28,base,txcount,10988626.0
2025-08-29,base,txcount,10747523.0
2025-08-30,base,txcount,9814543.0
2025-08-31,base,txcount,9717844.0
2025-09-01,base,txcount,11160323.0
2025-09-02,base,txcount,11516328.0
2025-09-03,base,txcount,11457101.0
2025-09-04,base,txcount,11533930.0
2025-09-05,base,txcount,11707833.0
2025-09-06,base,txcount,10905433.0
2025-09-07,base,txcount,11478360.0
2025-09-08,base,txcount,12144660.0
2025-09-09,base,txcount,11677854.0
2025-09-10,base,txcount,12287621.0
2025-09-11,base,txcount,11687195.0
2025-09-12,base,txcount,11746708.0
2025-09-13,base,txcount,12499363.0
2025-09-14,base,txcount,12572871.0
2025-09-15,base,txcount,13352432.0
2025-09-16,base,txcount,11861408.0
2025-09-17,base,txcount,12192016.0
2025-09-18,base,txcount,12942698.0
2025-09-19,base,txcount,12232566.0
2025-09-20,base,txcount,12742466.0
2025-09-21,base,txcount,14437966.0
2025-09-22,base,txcount,13733162.0
2025-09-23,base,txcount,12424741.0
2025-09-24,base,txcount,11659156.0
2025-09-25,base,txcount,12276364.0
2025-09-26,base,txcount,11260230.0
2025-09-27,base,txcount,10961918.0
2025-09-28,base,txcount,11271386.0
2025-09-29,base,txcount,11263285.0
2025-09-30,base,txcount,11751915.0
2025-10-01,base,txcount,11354789.0
2025-10-02,base,txcount,11397620.0
2025-10-03,base,txcount,11012225.0
2025-10-04,base,txcount,10378985.0
2025-10-05,base,txcount,11755852.0
2025-10-06,base,txcount,12633661.0
2025-10-07,base,txcount,10636044.0
2025-10-08,base,txcount,10074361.0
2025-10-09,base,txcount,10160568.0
2025-10-10,base,txcount,9961053.0
2025-10-11,base,txcount,9398756.0
2025-10-12,base,txcount,9068133.0
2025-10-13,base,txcount,8986577.0
2025-10-14,base,txcount,9706308.0
2025-10-15,base,txcount,9431375.0
2025-10-16,base,txcount,11862560.0
2025-10-17,base,txcount,11743186.0
2025-10-18,base,txcount,10591728.0
2025-10-19,base,txcount,10330868.0
2025-10-20,base,txcount,10808094.0
2025-10-21,base,txcount,10468728.0
2025-10-22,base,txcount,11557719.0
2025-10-23,base,txcount,11751732.0
2025-10-24,base,txcount,13237192.0
2025-10-25,base,txcount,12184874.0
2025-10-26,base,txcount,12173650.0
2025-10-27,base,txcount,11497751.0
2025-10-28,base,txcount,12211719.0
2025-10-29,base,txcount,11849003.0
2025-10-30,base,txcount,12039651.0
2025-10-31,base,txcount,11913421.0
2025-11-01,base,txcount,12499514.0
2025-11-02,base,txcount,12501508.0
2025-11-03,base,txcount,13133316.0
2025-11-04,base,txcount,13902323.0
2025-11-05,base,txcount,12291060.0
2025-11-06,base,txcount,12970412.0
2025-11-07,base,txcount,14613741.0
2025-11-08,base,txcount,13485165.0
2025-11-09,base,txcount,15434788.0
2025-11-10,base,txcount,15849215.0
2025-11-11,base,txcount,15282438.0
2025-11-12,base,txcount,16055590.0
2025-11-13,base,txcount,16912008.0
2025-11-14,base,txcount,17147498.0
2025-11-15,base,txcount,14861041.0
2025-11-16,base,txcount,16533700.0
2025-11-17,base,txcount,17057069.0
2025-11-18,base,txcount,18215118.0
2025-11-19,base,txcount,18054106.0
2025-11-20,base,txcount,16460780.0
2025-11-21,base,txcount,17757379.0
2025-11-22,base,txcount,15692896.0
2025-11-23,base,txcount,14694804.0
2025-11-24,base,txcount,15772991.0
2025-11-25,base,txcount,15111670.0
2025-11-26,base,txcount,15239499.0
2025-11-27,base,txcount,15653540.0
2025-11-28,base,txcount,13754918.0
2025-11-29,base,txcount,12761149.0
2025-11-30,base,txcount,13142339.0
2025-12-01,base,txcount,14415026.0
2025-12-02,base,txcount,13469211.0
2025-12-03,base,txcount,14480072.0
2025-12-04,base,txcount,13997419.0
2025-12-05,base,txcount,13390846.0
2025-12-06,base,txcount,12949637.0
2025-12-07,base,txcount,12821903.0
2025-12-08,base,txcount,13772082.0
2025-12-09,base,txcount,12733473.0
2025-12-10,base,txcount,12848016.0
2025-12-11,base,txcount,13998903.0
2025-12-12,base,txcount,14321326.0
2025-12-13,base,txcount,11382824.0
2025-12-14,base,txcount,12395695.0
2025-12-15,base,txcount,13989243.0
2025-12-16,base,txcount,14109539.0
2025-12-17,base,txcount,14832495.0
2025-12-18,base,txcount,14275995.0
2025-12-19,base,txcount,14032432.0
2025-12-20,base,txcount,10358559.0
2025-12-21,base,txcount,11330700.0
2025-12-22,base,txcount,12829553.0
2025-12-23,base,txcount,11772986.0
2025-12-24,base,txcount,10553360.0
2025-12-25,base,txcount,10399217.0
2025-12-26,base,txcount,10241451.0
2025-12-27,base,txcount,9140186.0
2025-12-28,base,txcount,9657515.0
2025-12-29,base,txcount,11269639.0
2025-12-30,base,txcount,10927110.0
2025-12-31,base,txcount,11266239.0
2026-01-01,base,txcount,10600159.0
2026-01-02,base,txcount,10652438.0
2026-01-03,base,txcount,9153115.0
2026-01-04,base,txcount,9497596.0
2026-01-05,base,txcount,10699052.0
2026-01-06,base,txcount,10546304.0
2026-01-07,base,txcount,10058436.0
2026-01-08,base,txcount,10608271.0
2026-01-09,base,txcount,10698214.0
2026-01-10,base,txcount,8698732.0
2026-01-11,base,txcount,8542036.0
2026-01-12,base,txcount,9664525.0
2026-01-13,base,txcount,9789147.0
2026-01-14,base,txcount,9550535.0
2026-01-15,base,txcount,9774489.0
2026-01-16,base,txcount,8418152.0
2026-01-17,base,txcount,8257763.0
2026-01-18,base,txcount,7855674.0
2026-01-19,base,txcount,8747669.0
2026-01-20,base,txcount,11357661.0
2026-01-21,base,txcount,11305237.0
2026-01-22,base,txcount,9719193.0
2026-01-23,base,txcount,8866393.0
2026-01-24,base,txcount,7682887.0
2026-01-25,base,txcount,9963040.0
2026-01-26,base,txcount,8258594.0
2026-01-27,base,txcount,9708353.0
2026-01-28,base,txcount,10024032.0
2026-01-29,base,txcount,11532386.0
2026-01-30,base,txcount,11470850.0
2026-01-31,base,txcount,12457976.0
2026-02-01,base,txcount,11016741.0
2026-02-02,base,txcount,12244036.0
2026-02-03,base,txcount,11968522.0
2026-02-04,base,txcount,11964332.0
2026-02-05,base,txcount,19593308.0
2026-02-06,base,txcount,13444005.0
2026-02-07,base,txcount,10443620.0
2026-02-08,base,txcount,9709101.0
2026-02-09,base,txcount,9694559.0
2026-02-10,base,txcount,11033351.0
2026-02-11,base,txcount,11438918.0
2026-02-12,base,txcount,11811430.0
2026-02-13,base,txcount,10808882.0
2026-02-14,base,txcount,10302697.0
2026-02-15,base,txcount,10695580.0
2026-02-16,base,txcount,9919774.0
2026-02-17,base,txcount,10859276.0
2026-02-18,base,txcount,12467751.0
2026-02-19,base,txcount,11667307.0
2026-02-20,base,txcount,11071039.0
2026-02-21,base,txcount,9529826.0
2026-02-22,base,txcount,7746486.0
2026-02-23,base,txcount,11106302.0
2026-02-24,base,txcount,12753156.0
2026-02-25,base,txcount,10731643.0
2026-02-26,base,txcount,10712540.0
2026-02-27,base,txcount,10119947.0
2026-02-28,base,txcount,10961716.0
2026-03-01,base,txcount,10129505.0
2026-03-02,base,txcount,10652234.0
2026-03-03,base,txcount,10543362.0
2026-03-04,base,txcount,11584567.0
2026-03-05,base,txcount,10406202.0
2026-03-06,base,txcount,9458839.0
2026-03-07,base,txcount,9189269.0
2026-03-08,base,txcount,9218767.0
2026-03-09,base,txcount,9674593.0
2026-03-10,base,txcount,10297539.0
2026-03-11,base,txcount,9073913.0
2026-03-12,base,txcount,9607184.0
2026-03-13,base,txcount,9608340.0
2026-03-14,base,txcount,7906023.0
2026-03-15,base,txcount,8125336.0
2026-03-16,base,txcount,9747240.0
2026-03-17,base,txcount,8953598.0
2026-03-18,base,txcount,8867269.0
2026-03-19,base,txcount,10215504.0
2026-03-20,base,txcount,8069171.0
2026-03-21,base,txcount,7010291.0
2026-03-22,base,txcount,8361504.0
2026-03-23,base,txcount,9135756.0
2026-03-24,base,txcount,7974564.0
2026-03-25,base,txcount,7675741.0
2026-03-26,base,txcount,8829927.0
2026-03-27,base,txcount,12853178.0
2026-03-28,base,txcount,6735098.0
2026-03-29,base,txcount,7538411.0
2026-03-30,base,txcount,8103807.0
2026-03-31,base,txcount,8697902.0
2026-04-01,base,txcount,8767309.0
2026-04-02,base,txcount,9455077.0
2026-04-03,base,txcount,7693082.0
2026-04-04,base,txcount,7178047.0
2026-04-05,base,txcount,7012613.0
2026-04-06,base,txcount,7773388.0
2026-04-07,base,txcount,8735550.0
2026-04-08,base,txcount,8322320.0
2026-04-09,base,txcount,9919533.0
2026-04-10,base,txcount,8998106.0
2026-04-11,base,txcount,7439404.0
2026-04-12,base,txcount,7224841.0
2026-04-13,base,txcount,8616524.0
2026-04-14,base,txcount,9268456.0
2026-04-15,base,txcount,7810065.0
2026-04-16,base,txcount,8568286.0
2026-04-17,base,txcount,8575547.0
2026-04-18,base,txcount,7613074.0
2026-04-19,base,txcount,7700514.0
2026-04-20,base,txcount,7503879.0
2026-04-21,base,txcount,7727289.0
2026-04-22,base,txcount,7675339.0
2026-04-23,base,txcount,8235420.0
2026-04-24,base,txcount,6821717.0
2026-04-25,base,txcount,5809386.0
2026-04-26,base,txcount,6289043.0
2026-04-27,base,txcount,7241531.0
2026-04-28,base,txcount,7026689.0
2026-04-29,base,txcount,7342686.0
2026-04-30,base,txcount,7048454.0
2026-05-01,base,txcount,5996947.0
2026-05-02,base,txcount,5949242.0
2026-05-03,base,txcount,5825067.0
2026-05-04,base,txcount,9160199.0
2026-05-05,base,txcount,9892864.0
2026-05-06,base,txcount,11093167.0
2026-05-07,base,txcount,11364010.0
2026-05-08,base,txcount,11552735.0
2026-05-09,base,txcount,7276040.0
2026-05-10,base,txcount,6893519.0
2026-05-11,base,txcount,6643150.0
2026-05-12,base,txcount,7559813.0
2026-05-13,base,txcount,7696388.0
2026-05-14,base,txcount,9896428.0
2026-05-15,base,txcount,7532319.0
2026-05-16,base,txcount,6773511.0
2026-05-17,base,txcount,7213878.0
2026-05-18,base,txcount,9755103.0
2026-05-19,base,txcount,8912885.0
2026-05-20,base,txcount,8621199.0
2026-05-21,base,txcount,10568545.0
2026-05-22,base,txcount,10336623.0
2026-05-23,base,txcount,11214179.0
2026-05-24,base,txcount,8414141.0
2026-05-25,base,txcount,8932005.0
2026-05-26,base,txcount,9960303.0
2026-05-27,base,txcount,12845739.0
2026-05-28,base,txcount,12609531.0
2026-05-29,base,txcount,8743910.0
2026-05-30,base,txcount,7309127.0
2026-05-31,base,txcount,7643720.0
2026-06-01,base,txcount,11596650.0
2026-06-02,base,txcount,18265506.0
2026-06-03,base,txcount,16718571.0
2026-06-04,base,txcount,15952761.0
2026-06-05,base,txcount,20723517.0
2026-06-06,base,txcount,10421155.0
2026-06-07,base,txcount,8555351.0
2026-06-08,base,txcount,9430313.0
2026-06-09,base,txcount,9935606.0
2026-06-10,base,txcount,12280448.0
2026-06-11,base,txcount,11160717.0
2026-06-12,base,txcount,9547369.0
2026-06-13,base,txcount,7249216.0
2026-06-14,base,txcount,6995876.0
2026-06-15,base,txcount,8851538.0
2026-06-16,base,txcount,9278016.0
2026-06-17,base,txcount,10625184.0
2026-06-18,base,txcount,10336285.0
2026-06-19,base,txcount,7984953.0
2026-06-20,base,txcount,6964028.0
2026-06-21,base,txcount,6638458.0
2026-06-22,base,txcount,8329952.0
2026-06-23,base,txcount,8607906.0
2026-06-24,base,txcount,12944536.0
2026-06-25,base,txcount,11567311.0
2026-06-26,base,txcount,10402190.0
2026-06-27,base,txcount,6427187.0
2026-06-28,base,txcount,6480381.0
2026-06-29,base,txcount,8605113.0
2026-06-30,base,txcount,8086623.0
2026-07-01,base,txcount,8604703.0
2026-07-02,base,txcount,7848827.0
2026-07-03,base,txcount,6758742.0
2026-07-04,base,txcount,6235819.0
2026-07-05,base,txcount,6461451.0
2026-07-06,base,txcount,7782479.0
2026-07-07,base,txcount,8734708.0
2026-07-08,base,txcount,13234222.0
2026-07-09,base,txcount,9149680.0
2026-07-10,base,txcount,7801073.0
2026-07-11,base,txcount,6377131.0
2026-07-12,base,txcount,6321159.0
2026-07-13,base,txcount,8140115.0
2026-07-14,base,txcount,7630710.0
2026-07-15,base,txcount,8314350.0
2026-07-16,base,txcount,8317711.0
2026-07-17,base,txcount,10516722.0
2026-07-18,base,txcount,7050485.0
2026-07-19,base,txcount,6005406.0
2026-07-20,base,txcount,7543347.0
2026-07-21,base,txcount,6889053.0
2026-07-22,base,txcount,6622362.0
2026-07-23,base,txcount,7311498.0
2026-07-24,base,txcount,6255451.0
2026-07-25,base,txcount,5219874.0
2026-07-26,base,txcount,5147784.0
2026-07-27,base,txcount,7408416.0
2026-07-28,base,txcount,9642043.0
2026-07-29,base,txcount,7542454.0
2026-07-30,base,txcount,7772745.0
2026-07-31,base,txcount,7482561.0
2026-08-01,base,txcount,6311647.0
2026-08-02,base,txcount,6294146.0
2026-08-03,base,txcount,7001384.0
2026-08-04,base,txcount,7843008.0
2026-08-05,base,txcount,7009982.0
2026-08-06,base,txcount,11029262.0
2026-08-07,base,txcount,7909026.0
2026-08-08,base,txcount,5423636.0
2026-08-09,base,txcount,5212324.0
2026-08-10,base,txcount,6610568.0
2026-08-11,base,txcount,8684680.0
2026-08-12,base,txcount,6893332.0
2026-08-13,base,txcount,7867593.0
2026-08-14,base,txcount,8154520.0
2026-08-15,base,txcount,6593216.0
2026-08-16,base,txcount,10040017.0
2026-08-17,base,txcount,10989448.0
2026-08-18,base,txcount,12011786.0
2026-08-19,base,txcount,11046009.0
2026-08-20,base,txcount,11576565.0
2020-01-01,ethereum,txcount,466526.0
2020-01-02,ethereum,txcount,505639.0
2020-01-03,ethereum,txcount,581641.0
2020-01-04,ethereum,txcount,559074.0
2020-01-05,ethereum,txcount,524664.0
2020-01-06,ethereum,txcount,626525.0
2020-01-07,ethereum,txcount,646478.0
2020-01-08,ethereum,txcount,653831.0
2020-01-09,ethereum,txcount,621399.0
2020-01-10,ethereum,txcount,605095.0
2020-01-11,ethereum,txcount,549612.0
2020-01-12,ethereum,txcount,523951.0
2020-01-13,ethereum,txcount,565389.0
2020-01-14,ethereum,txcount,671748.0
2020-01-15,ethereum,txcount,698399.0
2020-01-16,ethereum,txcount,693649.0
2020-01-17,ethereum,txcount,676556.0
2020-01-18,ethereum,txcount,628211.0
2020-01-19,ethereum,txcount,615368.0
2020-01-20,ethereum,txcount,599266.0
2020-01-21,ethereum,txcount,558962.0
2020-01-22,ethereum,txcount,513767.0
2020-01-23,ethereum,txcount,552533.0
2020-01-24,ethereum,txcount,497135.0
2020-01-25,ethereum,txcount,435515.0
2020-01-26,ethereum,txcount,428839.0
2020-01-27,ethereum,txcount,476541.0
2020-01-28,ethereum,txcount,526284.0
2020-01-29,ethereum,txcount,551529.0
2020-01-30,ethereum,txcount,566052.0
2020-01-31,ethereum,txcount,583358.0
2020-02-01,ethereum,txcount,545761.0
2020-02-02,ethereum,txcount,530094.0
2020-02-03,ethereum,txcount,621191.0
2020-02-04,ethereum,txcount,524476.0
2020-02-05,ethereum,txcount,610780.0
2020-02-06,ethereum,txcount,606505.0
2020-02-07,ethereum,txcount,626252.0
2020-02-08,ethereum,txcount,661649.0
2020-02-09,ethereum,txcount,628631.0
2020-02-10,ethereum,txcount,668760.0
2020-02-11,ethereum,txcount,709280.0
2020-02-12,ethereum,txcount,798162.0
2020-02-13,ethereum,txcount,764763.0
2020-02-14,ethereum,txcount,771827.0
2020-02-15,ethereum,txcount,699151.0
2020-02-16,ethereum,txcount,661490.0
2020-02-17,ethereum,txcount,695366.0
2020-02-18,ethereum,txcount,733983.0
2020-02-19,ethereum,txcount,695837.0
2020-02-20,ethereum,txcount,689600.0
2020-02-21,ethereum,txcount,670542.0
2020-02-22,ethereum,txcount,605859.0
2020-02-23,ethereum,txcount,606290.0
2020-02-24,ethereum,txcount,687702.0
2020-02-25,ethereum,txcount,670257.0
2020-02-26,ethereum,txcount,704929.0
2020-02-27,ethereum,txcount,714482.0
2020-02-28,ethereum,txcount,688694.0
2020-02-29,ethereum,txcount,620465.0
2020-03-01,ethereum,txcount,628500.0
2020-03-02,ethereum,txcount,681477.0
2020-03-03,ethereum,txcount,661419.0
2020-03-04,ethereum,txcount,663966.0
2020-03-05,ethereum,txcount,720114.0
2020-03-06,ethereum,txcount,676799.0
2020-03-07,ethereum,txcount,630992.0
2020-03-08,ethereum,txcount,662565.0
2020-03-09,ethereum,txcount,784085.0
2020-03-10,ethereum,txcount,760588.0
2020-03-11,ethereum,txcount,713065.0
2020-03-12,ethereum,txcount,760781.0
2020-03-13,ethereum,txcount,847947.0
2020-03-14,ethereum,txcount,681830.0
2020-03-15,ethereum,txcount,657653.0
2020-03-16,ethereum,txcount,784094.0
2020-03-17,ethereum,txcount,763100.0
2020-03-18,ethereum,txcount,768437.0
2020-03-19,ethereum,txcount,864017.0
2020-03-20,ethereum,txcount,822158.0
2020-03-21,ethereum,txcount,857503.0
2020-03-22,ethereum,txcount,746195.0
2020-03-23,ethereum,txcount,801238.0
2020-03-24,ethereum,txcount,791900.0
2020-03-25,ethereum,txcount,765389.0
2020-03-26,ethereum,txcount,772649.0
2020-03-27,ethereum,txcount,748776.0
2020-03-28,ethereum,txcount,667726.0
2020-03-29,ethereum,txcount,607984.0
2020-03-30,ethereum,txcount,724004.0
2020-03-31,ethereum,txcount,731749.0
2020-04-01,ethereum,txcount,683007.0
2020-04-02,ethereum,txcount,720554.0
2020-04-03,ethereum,txcount,722688.0
2020-04-04,ethereum,txcount,625952.0
2020-04-05,ethereum,txcount,614001.0
2020-04-06,ethereum,txcount,771300.0
2020-04-07,ethereum,txcount,783472.0
2020-04-08,ethereum,txcount,830223.0
2020-04-09,ethereum,txcount,727502.0
2020-04-10,ethereum,txcount,745643.0
2020-04-11,ethereum,txcount,680523.0
2020-04-12,ethereum,txcount,678530.0
2020-04-13,ethereum,txcount,744306.0
2020-04-14,ethereum,txcount,813972.0
2020-04-15,ethereum,txcount,792152.0
2020-04-16,ethereum,txcount,790334.0
2020-04-17,ethereum,txcount,785639.0
2020-04-18,ethereum,txcount,783111.0
2020-04-19,ethereum,txcount,741675.0
2020-04-20,ethereum,txcount,828885.0
2020-04-21,ethereum,txcount,812963.0
2020-04-22,ethereum,txcount,790519.0
2020-04-23,ethereum,txcount,826397.0
2020-04-24,ethereum,txcount,846807.0
2020-04-25,ethereum,txcount,792299.0
2020-04-26,ethereum,txcount,801949.0
2020-04-27,ethereum,txcount,841193.0
2020-04-28,ethereum,txcount,838453.0
2020-04-29,ethereum,txcount,897881.0
2020-04-30,ethereum,txcount,899459.0
2020-05-01,ethereum,txcount,827138.0
2020-05-02,ethereum,txcount,765990.0
2020-05-03,ethereum,txcount,789689.0
2020-05-04,ethereum,txcount,774035.0
2020-05-05,ethereum,txcount,785518.0
2020-05-06,ethereum,txcount,833506.0
2020-05-07,ethereum,txcount,877129.0
2020-05-08,ethereum,txcount,887756.0
2020-05-09,ethereum,txcount,894382.0
2020-05-10,ethereum,txcount,879153.0
2020-05-11,ethereum,txcount,887554.0
2020-05-12,ethereum,txcount,880678.0
2020-05-13,ethereum,txcount,856962.0
2020-05-14,ethereum,txcount,820300.0
2020-05-15,ethereum,txcount,888691.0
2020-05-16,ethereum,txcount,875030.0
2020-05-17,ethereum,txcount,808464.0
2020-05-18,ethereum,txcount,857645.0
2020-05-19,ethereum,txcount,848038.0
2020-05-20,ethereum,txcount,855377.0
2020-05-21,ethereum,txcount,867704.0
2020-05-22,ethereum,txcount,916282.0
2020-05-23,ethereum,txcount,868425.0
2020-05-24,ethereum,txcount,825755.0
2020-05-25,ethereum,txcount,875607.0
2020-05-26,ethereum,txcount,916975.0
2020-05-27,ethereum,txcount,896217.0
2020-05-28,ethereum,txcount,907265.0
2020-05-29,ethereum,txcount,949269.0
2020-05-30,ethereum,txcount,881950.0
2020-05-31,ethereum,txcount,850103.0
2020-06-01,ethereum,txcount,929874.0
2020-06-02,ethereum,txcount,980902.0
2020-06-03,ethereum,txcount,898364.0
2020-06-04,ethereum,txcount,930407.0
2020-06-05,ethereum,txcount,901995.0
2020-06-06,ethereum,txcount,946196.0
2020-06-07,ethereum,txcount,943786.0
2020-06-08,ethereum,txcount,966206.0
2020-06-09,ethereum,txcount,923075.0
2020-06-10,ethereum,txcount,939890.0
2020-06-11,ethereum,txcount,925331.0
2020-06-12,ethereum,txcount,889318.0
2020-06-13,ethereum,txcount,833267.0
2020-06-14,ethereum,txcount,785017.0
2020-06-15,ethereum,txcount,912281.0
2020-06-16,ethereum,txcount,904928.0
2020-06-17,ethereum,txcount,879736.0
2020-06-18,ethereum,txcount,913845.0
2020-06-19,ethereum,txcount,945942.0
2020-06-20,ethereum,txcount,941415.0
2020-06-21,ethereum,txcount,987058.0
2020-06-22,ethereum,txcount,1092083.0
2020-06-23,ethereum,txcount,1119442.0
2020-06-24,ethereum,txcount,1070862.0
2020-06-25,ethereum,txcount,1041742.0
2020-06-26,ethereum,txcount,1017505.0
2020-06-27,ethereum,txcount,1017138.0
2020-06-28,ethereum,txcount,997731.0
2020-06-29,ethereum,txcount,1056189.0
2020-06-30,ethereum,txcount,1111318.0
2020-07-01,ethereum,txcount,1044438.0
2020-07-02,ethereum,txcount,1039119.0
2020-07-03,ethereum,txcount,1022098.0
2020-07-04,ethereum,txcount,946287.0
2020-07-05,ethereum,txcount,880075.0
2020-07-06,ethereum,txcount,1020012.0
2020-07-07,ethereum,txcount,1064506.0
2020-07-08,ethereum,txcount,1092210.0
2020-07-09,ethereum,txcount,1070343.0
2020-07-10,ethereum,txcount,1034806.0
2020-07-11,ethereum,txcount,982930.0
2020-07-12,ethereum,txcount,997960.0
2020-07-13,ethereum,txcount,1151834.0
2020-07-14,ethereum,txcount,1098661.0
2020-07-15,ethereum,txcount,1111360.0
2020-07-16,ethereum,txcount,1068620.0
2020-07-17,ethereum,txcount,1078101.0
2020-07-18,ethereum,txcount,1071509.0
2020-07-19,ethereum,txcount,1082448.0
2020-07-20,ethereum,txcount,1143700.0
2020-07-21,ethereum,txcount,1120095.0
2020-07-22,ethereum,txcount,1138040.0
2020-07-23,ethereum,txcount,1147143.0
2020-07-24,ethereum,txcount,1146282.0
2020-07-25,ethereum,txcount,1175506.0
2020-07-26,ethereum,txcount,1137893.0
2020-07-27,ethereum,txcount,1261456.0
2020-07-28,ethereum,txcount,1222353.0
2020-07-29,ethereum,txcount,1163851.0
2020-07-30,ethereum,txcount,1164479.0
2020-07-31,ethereum,txcount,1218838.0
2020-08-01,ethereum,txcount,1171566.0
2020-08-02,ethereum,txcount,1125886.0
2020-08-03,ethereum,txcount,1176793.0
2020-08-04,ethereum,txcount,1164208.0
2020-08-05,ethereum,txcount,1182699.0
2020-08-06,ethereum,txcount,1215885.0
2020-08-07,ethereum,txcount,1249695.0
2020-08-08,ethereum,txcount,1182406.0
2020-08-09,ethereum,txcount,1229151.0
2020-08-10,ethereum,txcount,1289980.0
2020-08-11,ethereum,txcount,1254244.0
2020-08-12,ethereum,txcount,1229214.0
2020-08-13,ethereum,txcount,1209139.0
2020-08-14,ethereum,txcount,1201546.0
2020-08-15,ethereum,txcount,1107833.0
2020-08-16,ethereum,txcount,1152369.0
2020-08-17,ethereum,txcount,1181976.0
2020-08-18,ethereum,txcount,1229256.0
2020-08-19,ethereum,txcount,1216891.0
2020-08-20,ethereum,txcount,1182994.0
2020-08-21,ethereum,txcount,1256752.0
2020-08-22,ethereum,txcount,1102479.0
2020-08-23,ethereum,txcount,1122524.0
2020-08-24,ethereum,txcount,1162182.0
2020-08-25,ethereum,txcount,1138199.0
2020-08-26,ethereum,txcount,1166218.0
2020-08-27,ethereum,txcount,1136576.0
2020-08-28,ethereum,txcount,1131912.0
2020-08-29,ethereum,txcount,1130992.0
2020-08-30,ethereum,txcount,1142415.0
2020-08-31,ethereum,txcount,1235856.0
2020-09-01,ethereum,txcount,1245701.0
2020-09-02,ethereum,txcount,1181212.0
2020-09-03,ethereum,txcount,1149636.0
2020-09-04,ethereum,txcount,1141207.0
2020-09-05,ethereum,txcount,1040906.0
2020-09-06,ethereum,txcount,1026667.0
2020-09-07,ethereum,txcount,1051480.0
2020-09-08,ethereum,txcount,1026700.0
2020-09-09,ethereum,txcount,1052603.0
2020-09-10,ethereum,txcount,1120964.0
2020-09-11,ethereum,txcount,1074413.0
2020-09-12,ethereum,txcount,1034584.0
2020-09-13,ethereum,txcount,1042047.0
2020-09-14,ethereum,txcount,1079688.0
2020-09-15,ethereum,txcount,1089837.0
2020-09-16,ethereum,txcount,1035013.0
2020-09-17,ethereum,txcount,1406016.0
2020-09-18,ethereum,txcount,1244808.0
2020-09-19,ethereum,txcount,1090001.0
2020-09-20,ethereum,txcount,1095309.0
2020-09-21,ethereum,txcount,1133662.0
2020-09-22,ethereum,txcount,1081497.0
2020-09-23,ethereum,txcount,1084100.0
2020-09-24,ethereum,txcount,1087537.0
2020-09-25,ethereum,txcount,1034790.0
2020-09-26,ethereum,txcount,984559.0
2020-09-27,ethereum,txcount,966479.0
2020-09-28,ethereum,txcount,1080187.0
2020-09-29,ethereum,txcount,1088234.0
2020-09-30,ethereum,txcount,1079040.0
2020-10-01,ethereum,txcount,1018741.0
2020-10-02,ethereum,txcount,1002138.0
2020-10-03,ethereum,txcount,956528.0
2020-10-04,ethereum,txcount,985452.0
2020-10-05,ethereum,txcount,1027690.0
2020-10-06,ethereum,txcount,1083502.0
2020-10-07,ethereum,txcount,1035384.0
2020-10-08,ethereum,txcount,1019446.0
2020-10-09,ethereum,txcount,1049571.0
2020-10-10,ethereum,txcount,1036351.0
2020-10-11,ethereum,txcount,1004701.0
2020-10-12,ethereum,txcount,1092162.0
2020-10-13,ethereum,txcount,1127396.0
2020-10-14,ethereum,txcount,1093927.0
2020-10-15,ethereum,txcount,1249576.0
2020-10-16,ethereum,txcount,1161135.0
2020-10-17,ethereum,txcount,1051772.0
2020-10-18,ethereum,txcount,995711.0
2020-10-19,ethereum,txcount,1128930.0
2020-10-20,ethereum,txcount,1105678.0
2020-10-21,ethereum,txcount,1159354.0
2020-10-22,ethereum,txcount,1189043.0
2020-10-23,ethereum,txcount,1132837.0
2020-10-24,ethereum,txcount,1012156.0
2020-10-25,ethereum,txcount,965206.0
2020-10-26,ethereum,txcount,1086139.0
2020-10-27,ethereum,txcount,1078466.0
2020-10-28,ethereum,txcount,1139608.0
2020-10-29,ethereum,txcount,1107849.0
2020-10-30,ethereum,txcount,1111013.0
2020-10-31,ethereum,txcount,1089587.0
2020-11-01,ethereum,txcount,1050753.0
2020-11-02,ethereum,txcount,1156870.0
2020-11-03,ethereum,txcount,1119359.0
2020-11-04,ethereum,txcount,1137324.0
2020-11-05,ethereum,txcount,1128431.0
2020-11-06,ethereum,txcount,1171971.0
2020-11-07,ethereum,txcount,1131722.0
2020-11-08,ethereum,txcount,1016465.0
2020-11-09,ethereum,txcount,1147695.0
2020-11-10,ethereum,txcount,1157455.0
2020-11-11,ethereum,txcount,1096582.0
2020-11-12,ethereum,txcount,1099253.0
2020-11-13,ethereum,txcount,1156377.0
2020-11-14,ethereum,txcount,1067063.0
2020-11-15,ethereum,txcount,1037428.0
2020-11-16,ethereum,txcount,1105512.0
2020-11-17,ethereum,txcount,1173012.0
2020-11-18,ethereum,txcount,1120798.0
2020-11-19,ethereum,txcount,1122748.0
2020-11-20,ethereum,txcount,1162871.0
2020-11-21,ethereum,txcount,1172183.0
2020-11-22,ethereum,txcount,1148006.0
2020-11-23,ethereum,txcount,1213632.0
2020-11-24,ethereum,txcount,1240072.0
2020-11-25,ethereum,txcount,1205924.0
2020-11-26,ethereum,txcount,1173330.0
2020-11-27,ethereum,txcount,1102889.0
2020-11-28,ethereum,txcount,992335.0
2020-11-29,ethereum,txcount,993930.0
2020-11-30,ethereum,txcount,1183915.0
2020-12-01,ethereum,txcount,1172361.0
2020-12-02,ethereum,txcount,1071389.0
2020-12-03,ethereum,txcount,1114178.0
2020-12-04,ethereum,txcount,1134337.0
2020-12-05,ethereum,txcount,1055722.0
2020-12-06,ethereum,txcount,1034515.0
2020-12-07,ethereum,txcount,1102501.0
2020-12-08,ethereum,txcount,1149816.0
2020-12-09,ethereum,txcount,1150822.0
2020-12-10,ethereum,txcount,1092429.0
2020-12-11,ethereum,txcount,1122160.0
2020-12-12,ethereum,txcount,1092064.0
2020-12-13,ethereum,txcount,1142703.0
2020-12-14,ethereum,txcount,1241593.0
2020-12-15,ethereum,txcount,1215285.0
2020-12-16,ethereum,txcount,1261767.0
2020-12-17,ethereum,txcount,1342281.0
2020-12-18,ethereum,txcount,1193950.0
2020-12-19,ethereum,txcount,1162872.0
2020-12-20,ethereum,txcount,1074305.0
2020-12-21,ethereum,txcount,1146949.0
2020-12-22,ethereum,txcount,1147101.0
2020-12-23,ethereum,txcount,1254308.0
2020-12-24,ethereum,txcount,1142743.0
2020-12-25,ethereum,txcount,1140417.0
2020-12-26,ethereum,txcount,1139562.0
2020-12-27,ethereum,txcount,1177372.0
2020-12-28,ethereum,txcount,1256783.0
2020-12-29,ethereum,txcount,1206703.0
2020-12-30,ethereum,txcount,1227653.0
2020-12-31,ethereum,txcount,1163876.0
2021-01-01,ethereum,txcount,1136712.0
2021-01-02,ethereum,txcount,1170839.0
2021-01-03,ethereum,txcount,1234419.0
2021-01-04,ethereum,txcount,1275169.0
2021-01-05,ethereum,txcount,1258441.0
2021-01-06,ethereum,txcount,1280434.0
2021-01-07,ethereum,txcount,1298568.0
2021-01-08,ethereum,txcount,1288953.0
2021-01-09,ethereum,txcount,1231759.0
2021-01-10,ethereum,txcount,1210603.0
2021-01-11,ethereum,txcount,1280285.0
2021-01-12,ethereum,txcount,1165508.0
2021-01-13,ethereum,txcount,1126532.0
2021-01-14,ethereum,txcount,1184604.0
2021-01-15,ethereum,txcount,1227187.0
2021-01-16,ethereum,txcount,1193339.0
2021-01-17,ethereum,txcount,1133096.0
2021-01-18,ethereum,txcount,1217953.0
2021-01-19,ethereum,txcount,1252236.0
2021-01-20,ethereum,txcount,1213930.0
2021-01-21,ethereum,txcount,1178190.0
2021-01-22,ethereum,txcount,1182794.0
2021-01-23,ethereum,txcount,1140666.0
2021-01-24,ethereum,txcount,1117744.0
2021-01-25,ethereum,txcount,1207263.0
2021-01-26,ethereum,txcount,1194595.0
2021-01-27,ethereum,txcount,1140980.0
2021-01-28,ethereum,txcount,1190834.0
2021-01-29,ethereum,txcount,1293963.0
2021-01-30,ethereum,txcount,1218241.0
2021-01-31,ethereum,txcount,1244924.0
2021-02-01,ethereum,txcount,1300451.0
2021-02-02,ethereum,txcount,1302891.0
2021-02-03,ethereum,txcount,1314906.0
2021-02-04,ethereum,txcount,1309863.0
2021-02-05,ethereum,txcount,1316904.0
2021-02-06,ethereum,txcount,1227828.0
2021-02-07,ethereum,txcount,1230638.0
2021-02-08,ethereum,txcount,1275739.0
2021-02-09,ethereum,txcount,1327544.0
2021-02-10,ethereum,txcount,1320357.0
2021-02-11,ethereum,txcount,1270521.0
2021-02-12,ethereum,txcount,1290300.0
2021-02-13,ethereum,txcount,1252364.0
2021-02-14,ethereum,txcount,1206665.0
2021-02-15,ethereum,txcount,1210500.0
2021-02-16,ethereum,txcount,1217916.0
2021-02-17,ethereum,txcount,1258503.0
2021-02-18,ethereum,txcount,1298425.0
2021-02-19,ethereum,txcount,1323618.0
2021-02-20,ethereum,txcount,1337507.0
2021-02-21,ethereum,txcount,1233518.0
2021-02-22,ethereum,txcount,1312178.0
2021-02-23,ethereum,txcount,1302882.0
2021-02-24,ethereum,txcount,1285208.0
2021-02-25,ethereum,txcount,1232758.0
2021-02-26,ethereum,txcount,1236241.0
2021-02-27,ethereum,txcount,1202432.0
2021-02-28,ethereum,txcount,1179859.0
2021-03-01,ethereum,txcount,1185925.0
2021-03-02,ethereum,txcount,1240182.0
2021-03-03,ethereum,txcount,1235048.0
2021-03-04,ethereum,txcount,1234903.0
2021-03-05,ethereum,txcount,1208640.0
2021-03-06,ethereum,txcount,1160519.0
2021-03-07,ethereum,txcount,1180104.0
2021-03-08,ethereum,txcount,1216417.0
2021-03-09,ethereum,txcount,1275347.0
2021-03-10,ethereum,txcount,1256065.0
2021-03-11,ethereum,txcount,1284767.0
2021-03-12,ethereum,txcount,1325679.0
2021-03-13,ethereum,txcount,1293352.0
2021-03-14,ethereum,txcount,1277890.0
2021-03-15,ethereum,txcount,1321388.0
2021-03-16,ethereum,txcount,1308992.0
2021-03-17,ethereum,txcount,1272298.0
2021-03-18,ethereum,txcount,1299760.0
2021-03-19,ethereum,txcount,1291231.0
2021-03-20,ethereum,txcount,1262309.0
2021-03-21,ethereum,txcount,1206064.0
2021-03-22,ethereum,txcount,1307460.0
2021-03-23,ethereum,txcount,1298959.0
2021-03-24,ethereum,txcount,1309468.0
2021-03-25,ethereum,txcount,1349663.0
2021-03-26,ethereum,txcount,1265836.0
2021-03-27,ethereum,txcount,1230764.0
2021-03-28,ethereum,txcount,1211918.0
2021-03-29,ethereum,txcount,1269901.0
2021-03-30,ethereum,txcount,1300973.0
2021-03-31,ethereum,txcount,1354603.0
2021-04-01,ethereum,txcount,1368006.0
2021-04-02,ethereum,txcount,1358619.0
2021-04-03,ethereum,txcount,1293333.0
2021-04-04,ethereum,txcount,1197875.0
2021-04-05,ethereum,txcount,1296946.0
2021-04-06,ethereum,txcount,1335799.0
2021-04-07,ethereum,txcount,1312638.0
2021-04-08,ethereum,txcount,1284449.0
2021-04-09,ethereum,txcount,1300882.0
2021-04-10,ethereum,txcount,1315016.0
2021-04-11,ethereum,txcount,1256904.0
2021-04-12,ethereum,txcount,1347983.0
2021-04-13,ethereum,txcount,1350467.0
2021-04-14,ethereum,txcount,1386341.0
2021-04-15,ethereum,txcount,1197340.0
2021-04-16,ethereum,txcount,1426977.0
2021-04-17,ethereum,txcount,1453000.0
2021-04-18,ethereum,txcount,1396766.0
2021-04-19,ethereum,txcount,1476842.0
2021-04-20,ethereum,txcount,1555560.0
2021-04-21,ethereum,txcount,1565355.0
2021-04-22,ethereum,txcount,1577266.0
2021-04-23,ethereum,txcount,1537100.0
2021-04-24,ethereum,txcount,1389103.0
2021-04-25,ethereum,txcount,1389350.0
2021-04-26,ethereum,txcount,1448466.0
2021-04-27,ethereum,txcount,1448293.0
2021-04-28,ethereum,txcount,1517604.0
2021-04-29,ethereum,txcount,1530717.0
2021-04-30,ethereum,txcount,1441230.0
2021-05-01,ethereum,txcount,1427568.0
2021-05-02,ethereum,txcount,1417458.0
2021-05-03,ethereum,txcount,1488804.0
2021-05-04,ethereum,txcount,1536119.0
2021-05-05,ethereum,txcount,1518877.0
2021-05-06,ethereum,txcount,1532197.0
2021-05-07,ethereum,txcount,1527890.0
2021-05-08,ethereum,txcount,1710882.0
2021-05-09,ethereum,txcount,1716600.0
2021-05-10,ethereum,txcount,1716489.0
2021-05-11,ethereum,txcount,1716051.0
2021-05-12,ethereum,txcount,1624077.0
2021-05-13,ethereum,txcount,1588560.0
2021-05-14,ethereum,txcount,1531689.0
2021-05-15,ethereum,txcount,1472680.0
2021-05-16,ethereum,txcount,1425115.0
2021-05-17,ethereum,txcount,1446627.0
2021-05-18,ethereum,txcount,1425053.0
2021-05-19,ethereum,txcount,1461174.0
2021-05-20,ethereum,txcount,1459146.0
2021-05-21,ethereum,txcount,1367394.0
2021-05-22,ethereum,txcount,1283663.0
2021-05-23,ethereum,txcount,1264253.0
2021-05-24,ethereum,txcount,1312739.0
2021-05-25,ethereum,txcount,1289446.0
2021-05-26,ethereum,txcount,1326432.0
2021-05-27,ethereum,txcount,1291385.0
2021-05-28,ethereum,txcount,1305078.0
2021-05-29,ethereum,txcount,1293425.0
2021-05-30,ethereum,txcount,1280282.0
2021-05-31,ethereum,txcount,1297889.0
2021-06-01,ethereum,txcount,1274354.0
2021-06-02,ethereum,txcount,1314178.0
2021-06-03,ethereum,txcount,1337711.0
2021-06-04,ethereum,txcount,1301803.0
2021-06-05,ethereum,txcount,1176676.0
2021-06-06,ethereum,txcount,1134526.0
2021-06-07,ethereum,txcount,1225549.0
2021-06-08,ethereum,txcount,1221063.0
2021-06-09,ethereum,txcount,1194275.0
2021-06-10,ethereum,txcount,1188556.0
2021-06-11,ethereum,txcount,1183286.0
2021-06-12,ethereum,txcount,1131777.0
2021-06-13,ethereum,txcount,1124736.0
2021-06-14,ethereum,txcount,1188556.0
2021-06-15,ethereum,txcount,1224101.0
2021-06-16,ethereum,txcount,1201109.0
2021-06-17,ethereum,txcount,1218956.0
2021-06-18,ethereum,txcount,1170182.0
2021-06-19,ethereum,txcount,1050189.0
2021-06-20,ethereum,txcount,1057288.0
2021-06-21,ethereum,txcount,1209567.0
2021-06-22,ethereum,txcount,1297644.0
2021-06-23,ethereum,txcount,1201974.0
2021-06-24,ethereum,txcount,1207012.0
2021-06-25,ethereum,txcount,1227331.0
2021-06-26,ethereum,txcount,1150460.0
2021-06-27,ethereum,txcount,1104703.0
2021-06-28,ethereum,txcount,1404100.0
2021-06-29,ethereum,txcount,1264320.0
2021-06-30,ethereum,txcount,1212214.0
2021-07-01,ethereum,txcount,1211710.0
2021-07-02,ethereum,txcount,1181574.0
2021-07-03,ethereum,txcount,1122543.0
2021-07-04,ethereum,txcount,1105343.0
2021-07-05,ethereum,txcount,1147895.0
2021-07-06,ethereum,txcount,1355421.0
2021-07-07,ethereum,txcount,1290979.0
2021-07-08,ethereum,txcount,1262627.0
2021-07-09,ethereum,txcount,1223691.0
2021-07-10,ethereum,txcount,1139265.0
2021-07-11,ethereum,txcount,1101766.0
2021-07-12,ethereum,txcount,1191465.0
2021-07-13,ethereum,txcount,1183412.0
2021-07-14,ethereum,txcount,1223130.0
2021-07-15,ethereum,txcount,1259972.0
2021-07-16,ethereum,txcount,1199018.0
2021-07-17,ethereum,txcount,1164624.0
2021-07-18,ethereum,txcount,1168843.0
2021-07-19,ethereum,txcount,1195218.0
2021-07-20,ethereum,txcount,1192750.0
2021-07-21,ethereum,txcount,1195171.0
2021-07-22,ethereum,txcount,1202844.0
2021-07-23,ethereum,txcount,1203397.0
2021-07-24,ethereum,txcount,1225509.0
2021-07-25,ethereum,txcount,1128848.0
2021-07-26,ethereum,txcount,1260619.0
2021-07-27,ethereum,txcount,1318124.0
2021-07-28,ethereum,txcount,1300283.0
2021-07-29,ethereum,txcount,1259128.0
2021-07-30,ethereum,txcount,1242337.0
2021-07-31,ethereum,txcount,1212322.0
2021-08-01,ethereum,txcount,1190618.0
2021-08-02,ethereum,txcount,1269470.0
2021-08-03,ethereum,txcount,1219663.0
2021-08-04,ethereum,txcount,1223841.0
2021-08-05,ethereum,txcount,1159663.0
2021-08-06,ethereum,txcount,1212021.0
2021-08-07,ethereum,txcount,1198433.0
2021-08-08,ethereum,txcount,1184278.0
2021-08-09,ethereum,txcount,1218594.0
2021-08-10,ethereum,txcount,1212289.0
2021-08-11,ethereum,txcount,1234409.0
2021-08-12,ethereum,txcount,1195283.0
2021-08-13,ethereum,txcount,1197050.0
2021-08-14,ethereum,txcount,1159942.0
2021-08-15,ethereum,txcount,1125295.0
2021-08-16,ethereum,txcount,1253968.0
2021-08-17,ethereum,txcount,1252163.0
2021-08-18,ethereum,txcount,1201544.0
2021-08-19,ethereum,txcount,1255453.0
2021-08-20,ethereum,txcount,1260054.0
2021-08-21,ethereum,txcount,1186758.0
2021-08-22,ethereum,txcount,1183893.0
2021-08-23,ethereum,txcount,1245624.0
2021-08-24,ethereum,txcount,1247051.0
2021-08-25,ethereum,txcount,1184780.0
2021-08-26,ethereum,txcount,1175063.0
2021-08-27,ethereum,txcount,1119072.0
2021-08-28,ethereum,txcount,1131721.0
2021-08-29,ethereum,txcount,1147150.0
2021-08-30,ethereum,txcount,1198993.0
2021-08-31,ethereum,txcount,1206314.0
2021-09-01,ethereum,txcount,1225104.0
2021-09-02,ethereum,txcount,1261258.0
2021-09-03,ethereum,txcount,1198777.0
2021-09-04,ethereum,txcount,1189085.0
2021-09-05,ethereum,txcount,1136467.0
2021-09-06,ethereum,txcount,1206493.0
2021-09-07,ethereum,txcount,1308071.0
2021-09-08,ethereum,txcount,1178449.0
2021-09-09,ethereum,txcount,1219850.0
2021-09-10,ethereum,txcount,1244706.0
2021-09-11,ethereum,txcount,1249438.0
2021-09-12,ethereum,txcount,1211328.0
2021-09-13,ethereum,txcount,1267491.0
2021-09-14,ethereum,txcount,1231240.0
2021-09-15,ethereum,txcount,1207590.0
2021-09-16,ethereum,txcount,1224358.0
2021-09-17,ethereum,txcount,1187578.0
2021-09-18,ethereum,txcount,1143196.0
2021-09-19,ethereum,txcount,1128226.0
2021-09-20,ethereum,txcount,1174559.0
2021-09-21,ethereum,txcount,1193295.0
2021-09-22,ethereum,txcount,1174030.0
2021-09-23,ethereum,txcount,1193053.0
2021-09-24,ethereum,txcount,1152685.0
2021-09-25,ethereum,txcount,1121078.0
2021-09-26,ethereum,txcount,1088537.0
2021-09-27,ethereum,txcount,1133903.0
2021-09-28,ethereum,txcount,1108122.0
2021-09-29,ethereum,txcount,1135869.0
2021-09-30,ethereum,txcount,1116157.0
2021-10-01,ethereum,txcount,1207263.0
2021-10-02,ethereum,txcount,1117899.0
2021-10-03,ethereum,txcount,1130224.0
2021-10-04,ethereum,txcount,1121513.0
2021-10-05,ethereum,txcount,1235674.0
2021-10-06,ethereum,txcount,1337833.0
2021-10-07,ethereum,txcount,1344295.0
2021-10-08,ethereum,txcount,1287034.0
2021-10-09,ethereum,txcount,1191856.0
2021-10-10,ethereum,txcount,1137901.0
2021-10-11,ethereum,txcount,1183486.0
2021-10-12,ethereum,txcount,1203566.0
2021-10-13,ethereum,txcount,1189854.0
2021-10-14,ethereum,txcount,1227097.0
2021-10-15,ethereum,txcount,1302993.0
2021-10-16,ethereum,txcount,1181031.0
2021-10-17,ethereum,txcount,1144184.0
2021-10-18,ethereum,txcount,1197673.0
2021-10-19,ethereum,txcount,1243503.0
2021-10-20,ethereum,txcount,1259885.0
2021-10-21,ethereum,txcount,1277275.0
2021-10-22,ethereum,txcount,1256044.0
2021-10-23,ethereum,txcount,1235169.0
2021-10-24,ethereum,txcount,1261312.0
2021-10-25,ethereum,txcount,1299495.0
2021-10-26,ethereum,txcount,1344772.0
2021-10-27,ethereum,txcount,1370504.0
2021-10-28,ethereum,txcount,1510502.0
2021-10-29,ethereum,txcount,1456333.0
2021-10-30,ethereum,txcount,1379095.0
2021-10-31,ethereum,txcount,1304184.0
2021-11-01,ethereum,txcount,1341733.0
2021-11-02,ethereum,txcount,1395656.0
2021-11-03,ethereum,txcount,1417221.0
2021-11-04,ethereum,txcount,1352186.0
2021-11-05,ethereum,txcount,1339661.0
2021-11-06,ethereum,txcount,1255921.0
2021-11-07,ethereum,txcount,1276998.0
2021-11-08,ethereum,txcount,1329018.0
2021-11-09,ethereum,txcount,1334145.0
2021-11-10,ethereum,txcount,1390746.0
2021-11-11,ethereum,txcount,1347643.0
2021-11-12,ethereum,txcount,1345131.0
2021-11-13,ethereum,txcount,1300464.0
2021-11-14,ethereum,txcount,1275744.0
2021-11-15,ethereum,txcount,1289636.0
2021-11-16,ethereum,txcount,1310153.0
2021-11-17,ethereum,txcount,1353219.0
2021-11-18,ethereum,txcount,1284250.0
2021-11-19,ethereum,txcount,1255788.0
2021-11-20,ethereum,txcount,1160128.0
2021-11-21,ethereum,txcount,1260939.0
2021-11-22,ethereum,txcount,1221508.0
2021-11-23,ethereum,txcount,1264994.0
2021-11-24,ethereum,txcount,1342491.0
2021-11-25,ethereum,txcount,1301578.0
2021-11-26,ethereum,txcount,1297524.0
2021-11-27,ethereum,txcount,1213284.0
2021-11-28,ethereum,txcount,1135653.0
2021-11-29,ethereum,txcount,1247688.0
2021-11-30,ethereum,txcount,1280926.0
2021-12-01,ethereum,txcount,1221643.0
2021-12-02,ethereum,txcount,1265286.0
2021-12-03,ethereum,txcount,1211488.0
2021-12-04,ethereum,txcount,1235697.0
2021-12-05,ethereum,txcount,1386491.0
2021-12-06,ethereum,txcount,1244773.0
2021-12-07,ethereum,txcount,1224771.0
2021-12-08,ethereum,txcount,1296307.0
2021-12-09,ethereum,txcount,1251338.0
2021-12-10,ethereum,txcount,1237735.0
2021-12-11,ethereum,txcount,1199384.0
2021-12-12,ethereum,txcount,1181898.0
2021-12-13,ethereum,txcount,1242978.0
2021-12-14,ethereum,txcount,1214900.0
2021-12-15,ethereum,txcount,1258462.0
2021-12-16,ethereum,txcount,1155456.0
2021-12-17,ethereum,txcount,1270355.0
2021-12-18,ethereum,txcount,1159873.0
2021-12-19,ethereum,txcount,1137581.0
2021-12-20,ethereum,txcount,1201239.0
2021-12-21,ethereum,txcount,1203638.0
2021-12-22,ethereum,txcount,1233315.0
2021-12-23,ethereum,txcount,1245242.0
2021-12-24,ethereum,txcount,1298329.0
2021-12-25,ethereum,txcount,1299519.0
2021-12-26,ethereum,txcount,1206942.0
2021-12-27,ethereum,txcount,1252037.0
2021-12-28,ethereum,txcount,1241032.0
2021-12-29,ethereum,txcount,1252468.0
2021-12-30,ethereum,txcount,1255688.0
2021-12-31,ethereum,txcount,1214585.0
2022-01-01,ethereum,txcount,1180989.0
2022-01-02,ethereum,txcount,1158900.0
2022-01-03,ethereum,txcount,1209173.0
2022-01-04,ethereum,txcount,1221316.0
2022-01-05,ethereum,txcount,1249628.0
2022-01-06,ethereum,txcount,1212495.0
2022-01-07,ethereum,txcount,1188490.0
2022-01-08,ethereum,txcount,1183873.0
2022-01-09,ethereum,txcount,1108322.0
2022-01-10,ethereum,txcount,1233195.0
2022-01-11,ethereum,txcount,1277649.0
2022-01-12,ethereum,txcount,1283346.0
2022-01-13,ethereum,txcount,1282921.0
2022-01-14,ethereum,txcount,1218460.0
2022-01-15,ethereum,txcount,1174849.0
2022-01-16,ethereum,txcount,1162954.0
2022-01-17,ethereum,txcount,1198719.0
2022-01-18,ethereum,txcount,1169526.0
2022-01-19,ethereum,txcount,1223143.0
2022-01-20,ethereum,txcount,1190018.0
2022-01-21,ethereum,txcount,1189898.0
2022-01-22,ethereum,txcount,1204920.0
2022-01-23,ethereum,txcount,1077884.0
2022-01-24,ethereum,txcount,1147109.0
2022-01-25,ethereum,txcount,1177640.0
2022-01-26,ethereum,txcount,1146116.0
2022-01-27,ethereum,txcount,1133684.0
2022-01-28,ethereum,txcount,1137559.0
2022-01-29,ethereum,txcount,1147157.0
2022-01-30,ethereum,txcount,1183850.0
2022-01-31,ethereum,txcount,1177345.0
2022-02-01,ethereum,txcount,1173199.0
2022-02-02,ethereum,txcount,1152665.0
2022-02-03,ethereum,txcount,1111215.0
2022-02-04,ethereum,txcount,1168994.0
2022-02-05,ethereum,txcount,1235023.0
2022-02-06,ethereum,txcount,1173884.0
2022-02-07,ethereum,txcount,1163338.0
2022-02-08,ethereum,txcount,1180780.0
2022-02-09,ethereum,txcount,1205889.0
2022-02-10,ethereum,txcount,1205676.0
2022-02-11,ethereum,txcount,1183966.0
2022-02-12,ethereum,txcount,1114648.0
2022-02-13,ethereum,txcount,1115296.0
2022-02-14,ethereum,txcount,1147522.0
2022-02-15,ethereum,txcount,1192633.0
2022-02-16,ethereum,txcount,1194693.0
2022-02-17,ethereum,txcount,1141997.0
2022-02-18,ethereum,txcount,1252754.0
2022-02-19,ethereum,txcount,1150162.0
2022-02-20,ethereum,txcount,1343869.0
2022-02-21,ethereum,txcount,1134349.0
2022-02-22,ethereum,txcount,1129213.0
2022-02-23,ethereum,txcount,1147632.0
2022-02-24,ethereum,txcount,1181182.0
2022-02-25,ethereum,txcount,1137898.0
2022-02-26,ethereum,txcount,1167802.0
2022-02-27,ethereum,txcount,1125065.0
2022-02-28,ethereum,txcount,1108112.0
2022-03-01,ethereum,txcount,1161564.0
2022-03-02,ethereum,txcount,1191369.0
2022-03-03,ethereum,txcount,1167187.0
2022-03-04,ethereum,txcount,1167450.0
2022-03-05,ethereum,txcount,1077981.0
2022-03-06,ethereum,txcount,1123245.0
2022-03-07,ethereum,txcount,1174568.0
2022-03-08,ethereum,txcount,1195626.0
2022-03-09,ethereum,txcount,1178322.0
2022-03-10,ethereum,txcount,1229591.0
2022-03-11,ethereum,txcount,1119334.0
2022-03-12,ethereum,txcount,1120627.0
2022-03-13,ethereum,txcount,1041827.0
2022-03-14,ethereum,txcount,1097913.0
2022-03-15,ethereum,txcount,1190207.0
2022-03-16,ethereum,txcount,1236011.0
2022-03-17,ethereum,txcount,1174532.0
2022-03-18,ethereum,txcount,1265944.0
2022-03-19,ethereum,txcount,1127607.0
2022-03-20,ethereum,txcount,1119066.0
2022-03-21,ethereum,txcount,1162829.0
2022-03-22,ethereum,txcount,1220571.0
2022-03-23,ethereum,txcount,1164437.0
2022-03-24,ethereum,txcount,1151969.0
2022-03-25,ethereum,txcount,1146814.0
2022-03-26,ethereum,txcount,1123878.0
2022-03-27,ethereum,txcount,1122675.0
2022-03-28,ethereum,txcount,1218023.0
2022-03-29,ethereum,txcount,1199899.0
2022-03-30,ethereum,txcount,1152200.0
2022-03-31,ethereum,txcount,1167121.0
2022-04-01,ethereum,txcount,1159493.0
2022-04-02,ethereum,txcount,1094668.0
2022-04-03,ethereum,txcount,1060779.0
2022-04-04,ethereum,txcount,1105170.0
2022-04-05,ethereum,txcount,1087129.0
2022-04-06,ethereum,txcount,1127174.0
2022-04-07,ethereum,txcount,1127793.0
2022-04-08,ethereum,txcount,1104419.0
2022-04-09,ethereum,txcount,1085399.0
2022-04-10,ethereum,txcount,1104239.0
2022-04-11,ethereum,txcount,1113264.0
2022-04-12,ethereum,txcount,1112524.0
2022-04-13,ethereum,txcount,1067983.0
2022-04-14,ethereum,txcount,1117285.0
2022-04-15,ethereum,txcount,1110994.0
2022-04-16,ethereum,txcount,1059286.0
2022-04-17,ethereum,txcount,1043251.0
2022-04-18,ethereum,txcount,1103439.0
2022-04-19,ethereum,txcount,1214496.0
2022-04-20,ethereum,txcount,1241534.0
2022-04-21,ethereum,txcount,1119925.0
2022-04-22,ethereum,txcount,1144822.0
2022-04-23,ethereum,txcount,1051478.0
2022-04-24,ethereum,txcount,1071778.0
2022-04-25,ethereum,txcount,1149227.0
2022-04-26,ethereum,txcount,1125250.0
2022-04-27,ethereum,txcount,1161504.0
2022-04-28,ethereum,txcount,1155514.0
2022-04-29,ethereum,txcount,1168081.0
2022-04-30,ethereum,txcount,1211671.0
2022-05-01,ethereum,txcount,1154787.0
2022-05-02,ethereum,txcount,1112065.0
2022-05-03,ethereum,txcount,1077506.0
2022-05-04,ethereum,txcount,1102254.0
2022-05-05,ethereum,txcount,1187804.0
2022-05-06,ethereum,txcount,1116562.0
2022-05-07,ethereum,txcount,1051489.0
2022-05-08,ethereum,txcount,1087198.0
2022-05-09,ethereum,txcount,1158340.0
2022-05-10,ethereum,txcount,1202934.0
2022-05-11,ethereum,txcount,1210708.0
2022-05-12,ethereum,txcount,1327755.0
2022-05-13,ethereum,txcount,1342405.0
2022-05-14,ethereum,txcount,1139785.0
2022-05-15,ethereum,txcount,1089441.0
2022-05-16,ethereum,txcount,1124352.0
2022-05-17,ethereum,txcount,1135718.0
2022-05-18,ethereum,txcount,1177913.0
2022-05-19,ethereum,txcount,1093367.0
2022-05-20,ethereum,txcount,1112811.0
2022-05-21,ethereum,txcount,1094539.0
2022-05-22,ethereum,txcount,1055644.0
2022-05-23,ethereum,txcount,1085863.0
2022-05-24,ethereum,txcount,1100715.0
2022-05-25,ethereum,txcount,1094639.0
2022-05-26,ethereum,txcount,1071180.0
2022-05-27,ethereum,txcount,1093469.0
2022-05-28,ethereum,txcount,1069802.0
2022-05-29,ethereum,txcount,1065407.0
2022-05-30,ethereum,txcount,1070320.0
2022-05-31,ethereum,txcount,1149142.0
2022-06-01,ethereum,txcount,1091283.0
2022-06-02,ethereum,txcount,1092776.0
2022-06-03,ethereum,txcount,1067485.0
2022-06-04,ethereum,txcount,1029121.0
2022-06-05,ethereum,txcount,1007109.0
2022-06-06,ethereum,txcount,1044319.0
2022-06-07,ethereum,txcount,1050984.0
2022-06-08,ethereum,txcount,1042749.0
2022-06-09,ethereum,txcount,1022462.0
2022-06-10,ethereum,txcount,1079448.0
2022-06-11,ethereum,txcount,1031618.0
2022-06-12,ethereum,txcount,1021635.0
2022-06-13,ethereum,txcount,1109435.0
2022-06-14,ethereum,txcount,1086757.0
2022-06-15,ethereum,txcount,1097000.0
2022-06-16,ethereum,txcount,1100312.0
2022-06-17,ethereum,txcount,1110579.0
2022-06-18,ethereum,txcount,1058336.0
2022-06-19,ethereum,txcount,1018674.0
2022-06-20,ethereum,txcount,1042748.0
2022-06-21,ethereum,txcount,1012862.0
2022-06-22,ethereum,txcount,988683.0
2022-06-23,ethereum,txcount,967965.0
2022-06-24,ethereum,txcount,1019472.0
2022-06-25,ethereum,txcount,939290.0
2022-06-26,ethereum,txcount,919721.0
2022-06-27,ethereum,txcount,994102.0
2022-06-28,ethereum,txcount,976577.0
2022-06-29,ethereum,txcount,1005566.0
2022-06-30,ethereum,txcount,1054433.0
2022-07-01,ethereum,txcount,1178620.0
2022-07-02,ethereum,txcount,1189382.0
2022-07-03,ethereum,txcount,1157052.0
2022-07-04,ethereum,txcount,1151999.0
2022-07-05,ethereum,txcount,1182504.0
2022-07-06,ethereum,txcount,1161432.0
2022-07-07,ethereum,txcount,1194330.0
2022-07-08,ethereum,txcount,1192819.0
2022-07-09,ethereum,txcount,1170747.0
2022-07-10,ethereum,txcount,1148902.0
2022-07-11,ethereum,txcount,1146369.0
2022-07-12,ethereum,txcount,1135896.0
2022-07-13,ethereum,txcount,1174882.0
2022-07-14,ethereum,txcount,1189567.0
2022-07-15,ethereum,txcount,1217596.0
2022-07-16,ethereum,txcount,1241502.0
2022-07-17,ethereum,txcount,1245545.0
2022-07-18,ethereum,txcount,1213565.0
2022-07-19,ethereum,txcount,1175526.0
2022-07-20,ethereum,txcount,1191452.0
2022-07-21,ethereum,txcount,1204397.0
2022-07-22,ethereum,txcount,1201699.0
2022-07-23,ethereum,txcount,1144468.0
2022-07-24,ethereum,txcount,1122303.0
2022-07-25,ethereum,txcount,1275861.0
2022-07-26,ethereum,txcount,1679068.0
2022-07-27,ethereum,txcount,1197448.0
2022-07-28,ethereum,txcount,1158611.0
2022-07-29,ethereum,txcount,1192330.0
2022-07-30,ethereum,txcount,1179749.0
2022-07-31,ethereum,txcount,1158621.0
2022-08-01,ethereum,txcount,1342202.0
2022-08-02,ethereum,txcount,1206185.0
2022-08-03,ethereum,txcount,1250888.0
2022-08-04,ethereum,txcount,1459603.0
2022-08-05,ethereum,txcount,1207188.0
2022-08-06,ethereum,txcount,1148225.0
2022-08-07,ethereum,txcount,1166932.0
2022-08-08,ethereum,txcount,1167115.0
2022-08-09,ethereum,txcount,1125139.0
2022-08-10,ethereum,txcount,1160380.0
2022-08-11,ethereum,txcount,1098707.0
2022-08-12,ethereum,txcount,1130848.0
2022-08-13,ethereum,txcount,1106236.0
2022-08-14,ethereum,txcount,1102367.0
2022-08-15,ethereum,txcount,1104408.0
2022-08-16,ethereum,txcount,1086312.0
2022-08-17,ethereum,txcount,1099261.0
2022-08-18,ethereum,txcount,1117868.0
2022-08-19,ethereum,txcount,1093309.0
2022-08-20,ethereum,txcount,1096088.0
2022-08-21,ethereum,txcount,1077250.0
2022-08-22,ethereum,txcount,1059940.0
2022-08-23,ethereum,txcount,1075718.0
2022-08-24,ethereum,txcount,1043820.0
2022-08-25,ethereum,txcount,1074563.0
2022-08-26,ethereum,txcount,1057768.0
2022-08-27,ethereum,txcount,1047949.0
2022-08-28,ethereum,txcount,1025044.0
2022-08-29,ethereum,txcount,1083202.0
2022-08-30,ethereum,txcount,1051964.0
2022-08-31,ethereum,txcount,1035135.0
2022-09-01,ethereum,txcount,1085160.0
2022-09-02,ethereum,txcount,1083220.0
2022-09-03,ethereum,txcount,1035586.0
2022-09-04,ethereum,txcount,1113119.0
2022-09-05,ethereum,txcount,1091350.0
2022-09-06,ethereum,txcount,1076929.0
2022-09-07,ethereum,txcount,1068296.0
2022-09-08,ethereum,txcount,1078689.0
2022-09-09,ethereum,txcount,1093966.0
2022-09-10,ethereum,txcount,998158.0
2022-09-11,ethereum,txcount,1024482.0
2022-09-12,ethereum,txcount,1068969.0
2022-09-13,ethereum,txcount,1093205.0
2022-09-14,ethereum,txcount,1109172.0
2022-09-15,ethereum,txcount,1265640.0
2022-09-16,ethereum,txcount,1311849.0
2022-09-17,ethereum,txcount,1322077.0
2022-09-18,ethereum,txcount,1156893.0
2022-09-19,ethereum,txcount,1138210.0
2022-09-20,ethereum,txcount,1149031.0
2022-09-21,ethereum,txcount,1100130.0
2022-09-22,ethereum,txcount,1118297.0
2022-09-23,ethereum,txcount,1119895.0
2022-09-24,ethereum,txcount,1109206.0
2022-09-25,ethereum,txcount,1107217.0
2022-09-26,ethereum,txcount,1141218.0
2022-09-27,ethereum,txcount,1214294.0
2022-09-28,ethereum,txcount,1109706.0
2022-09-29,ethereum,txcount,1129558.0
2022-09-30,ethereum,txcount,1225886.0
2022-10-01,ethereum,txcount,1158038.0
2022-10-02,ethereum,txcount,1163876.0
2022-10-03,ethereum,txcount,1307142.0
2022-10-04,ethereum,txcount,1185269.0
2022-10-05,ethereum,txcount,1169356.0
2022-10-06,ethereum,txcount,1202667.0
2022-10-07,ethereum,txcount,1180358.0
2022-10-08,ethereum,txcount,1180084.0
2022-10-09,ethereum,txcount,1068531.0
2022-10-10,ethereum,txcount,1123390.0
2022-10-11,ethereum,txcount,1130309.0
2022-10-12,ethereum,txcount,1074204.0
2022-10-13,ethereum,txcount,1124129.0
2022-10-14,ethereum,txcount,1071895.0
2022-10-15,ethereum,txcount,1037870.0
2022-10-16,ethereum,txcount,980678.0
2022-10-17,ethereum,txcount,1073063.0
2022-10-18,ethereum,txcount,1062562.0
2022-10-19,ethereum,txcount,1088602.0
2022-10-20,ethereum,txcount,1155589.0
2022-10-21,ethereum,txcount,1116822.0
2022-10-22,ethereum,txcount,959417.0
2022-10-23,ethereum,txcount,1009771.0
2022-10-24,ethereum,txcount,1039240.0
2022-10-25,ethereum,txcount,1048003.0
2022-10-26,ethereum,txcount,1104723.0
2022-10-27,ethereum,txcount,1111785.0
2022-10-28,ethereum,txcount,1059633.0
2022-10-29,ethereum,txcount,1038800.0
2022-10-30,ethereum,txcount,1033475.0
2022-10-31,ethereum,txcount,1063248.0
2022-11-01,ethereum,txcount,1071986.0
2022-11-02,ethereum,txcount,1015945.0
2022-11-03,ethereum,txcount,1093977.0
2022-11-04,ethereum,txcount,1014135.0
2022-11-05,ethereum,txcount,952067.0
2022-11-06,ethereum,txcount,962845.0
2022-11-07,ethereum,txcount,1106711.0
2022-11-08,ethereum,txcount,1132048.0
2022-11-09,ethereum,txcount,1219648.0
2022-11-10,ethereum,txcount,1184632.0
2022-11-11,ethereum,txcount,1118967.0
2022-11-12,ethereum,txcount,1033438.0
2022-11-13,ethereum,txcount,1133442.0
2022-11-14,ethereum,txcount,1192824.0
2022-11-15,ethereum,txcount,1136911.0
2022-11-16,ethereum,txcount,1083796.0
2022-11-17,ethereum,txcount,1103401.0
2022-11-18,ethereum,txcount,1008485.0
2022-11-19,ethereum,txcount,911890.0
2022-11-20,ethereum,txcount,927233.0
2022-11-21,ethereum,txcount,963954.0
2022-11-22,ethereum,txcount,962924.0
2022-11-23,ethereum,txcount,972566.0
2022-11-24,ethereum,txcount,990202.0
2022-11-25,ethereum,txcount,999123.0
2022-11-26,ethereum,txcount,934988.0
2022-11-27,ethereum,txcount,881336.0
2022-11-28,ethereum,txcount,1087721.0
2022-11-29,ethereum,txcount,1047387.0
2022-11-30,ethereum,txcount,1026508.0
2022-12-01,ethereum,txcount,984139.0
2022-12-02,ethereum,txcount,1032952.0
2022-12-03,ethereum,txcount,963761.0
2022-12-04,ethereum,txcount,962172.0
2022-12-05,ethereum,txcount,1008205.0
2022-12-06,ethereum,txcount,1049066.0
2022-12-07,ethereum,txcount,972121.0
2022-12-08,ethereum,txcount,923887.0
2022-12-09,ethereum,txcount,1932711.0
2022-12-10,ethereum,txcount,1103199.0
2022-12-11,ethereum,txcount,1068092.0
2022-12-12,ethereum,txcount,1182001.0
2022-12-13,ethereum,txcount,1151038.0
2022-12-14,ethereum,txcount,1095120.0
2022-12-15,ethereum,txcount,1080176.0
2022-12-16,ethereum,txcount,1153272.0
2022-12-17,ethereum,txcount,1040618.0
2022-12-18,ethereum,txcount,916817.0
2022-12-19,ethereum,txcount,994746.0
2022-12-20,ethereum,txcount,992470.0
2022-12-21,ethereum,txcount,1029079.0
2022-12-22,ethereum,txcount,989565.0
2022-12-23,ethereum,txcount,1044772.0
2022-12-24,ethereum,txcount,911507.0
2022-12-25,ethereum,txcount,836424.0
2022-12-26,ethereum,txcount,937653.0
2022-12-27,ethereum,txcount,1025274.0
2022-12-28,ethereum,txcount,977389.0
2022-12-29,ethereum,txcount,945627.0
2022-12-30,ethereum,txcount,944771.0
2022-12-31,ethereum,txcount,865806.0
2023-01-01,ethereum,txcount,742785.0
2023-01-02,ethereum,txcount,920276.0
2023-01-03,ethereum,txcount,948116.0
2023-01-04,ethereum,txcount,1046389.0
2023-01-05,ethereum,txcount,1142818.0
2023-01-06,ethereum,txcount,1028132.0
2023-01-07,ethereum,txcount,957607.0
2023-01-08,ethereum,txcount,1184114.0
2023-01-09,ethereum,txcount,1093675.0
2023-01-10,ethereum,txcount,1061055.0
2023-01-11,ethereum,txcount,1083178.0
2023-01-12,ethereum,txcount,1085563.0
2023-01-13,ethereum,txcount,1076328.0
2023-01-14,ethereum,txcount,1107804.0
2023-01-15,ethereum,txcount,1000777.0
2023-01-16,ethereum,txcount,1057284.0
2023-01-17,ethereum,txcount,1018353.0
2023-01-18,ethereum,txcount,1118225.0
2023-01-19,ethereum,txcount,1007125.0
2023-01-20,ethereum,txcount,1024504.0
2023-01-21,ethereum,txcount,994076.0
2023-01-22,ethereum,txcount,889814.0
2023-01-23,ethereum,txcount,947725.0
2023-01-24,ethereum,txcount,1032293.0
2023-01-25,ethereum,txcount,1020705.0
2023-01-26,ethereum,txcount,1048864.0
2023-01-27,ethereum,txcount,1100192.0
2023-01-28,ethereum,txcount,964429.0
2023-01-29,ethereum,txcount,998228.0
2023-01-30,ethereum,txcount,1074566.0
2023-01-31,ethereum,txcount,1086364.0
2023-02-01,ethereum,txcount,1064236.0
2023-02-02,ethereum,txcount,1104114.0
2023-02-03,ethereum,txcount,1072608.0
2023-02-04,ethereum,txcount,1064597.0
2023-02-05,ethereum,txcount,1069625.0
2023-02-06,ethereum,txcount,1077149.0
2023-02-07,ethereum,txcount,1142836.0
2023-02-08,ethereum,txcount,1121215.0
2023-02-09,ethereum,txcount,1082467.0
2023-02-10,ethereum,txcount,1071635.0
2023-02-11,ethereum,txcount,961493.0
2023-02-12,ethereum,txcount,953020.0
2023-02-13,ethereum,txcount,1054742.0
2023-02-14,ethereum,txcount,1141796.0
2023-02-15,ethereum,txcount,1160879.0
2023-02-16,ethereum,txcount,1138195.0
2023-02-17,ethereum,txcount,1066755.0
2023-02-18,ethereum,txcount,972865.0
2023-02-19,ethereum,txcount,1002399.0
2023-02-20,ethereum,txcount,1059640.0
2023-02-21,ethereum,txcount,1084290.0
2023-02-22,ethereum,txcount,1080839.0
2023-02-23,ethereum,txcount,1093537.0
2023-02-24,ethereum,txcount,1095771.0
2023-02-25,ethereum,txcount,995229.0
2023-02-26,ethereum,txcount,982721.0
2023-02-27,ethereum,txcount,1034112.0
2023-02-28,ethereum,txcount,1044634.0
2023-03-01,ethereum,txcount,1081357.0
2023-03-02,ethereum,txcount,1088950.0
2023-03-03,ethereum,txcount,1092189.0
2023-03-04,ethereum,txcount,971157.0
2023-03-05,ethereum,txcount,940858.0
2023-03-06,ethereum,txcount,1037182.0
2023-03-07,ethereum,txcount,1035152.0
2023-03-08,ethereum,txcount,1011772.0
2023-03-09,ethereum,txcount,1037747.0
2023-03-10,ethereum,txcount,1065950.0
2023-03-11,ethereum,txcount,1031282.0
2023-03-12,ethereum,txcount,974883.0
2023-03-13,ethereum,txcount,1173725.0
2023-03-14,ethereum,txcount,1105574.0
2023-03-15,ethereum,txcount,1076742.0
2023-03-16,ethereum,txcount,1042763.0
2023-03-17,ethereum,txcount,1068367.0
2023-03-18,ethereum,txcount,1023641.0
2023-03-19,ethereum,txcount,992358.0
2023-03-20,ethereum,txcount,1123422.0
2023-03-21,ethereum,txcount,1081542.0
2023-03-22,ethereum,txcount,1073049.0
2023-03-23,ethereum,txcount,1077305.0
2023-03-24,ethereum,txcount,1084231.0
2023-03-25,ethereum,txcount,1052415.0
2023-03-26,ethereum,txcount,1011463.0
2023-03-27,ethereum,txcount,1100122.0
2023-03-28,ethereum,txcount,1149677.0
2023-03-29,ethereum,txcount,1165012.0
2023-03-30,ethereum,txcount,1187924.0
2023-03-31,ethereum,txcount,1150727.0
2023-04-01,ethereum,txcount,1020143.0
2023-04-02,ethereum,txcount,981226.0
2023-04-03,ethereum,txcount,1052294.0
2023-04-04,ethereum,txcount,1068725.0
2023-04-05,ethereum,txcount,1123693.0
2023-04-06,ethereum,txcount,1036898.0
2023-04-07,ethereum,txcount,1043552.0
2023-04-08,ethereum,txcount,924776.0
2023-04-09,ethereum,txcount,956899.0
2023-04-10,ethereum,txcount,1016480.0
2023-04-11,ethereum,txcount,1084502.0
2023-04-12,ethereum,txcount,1021632.0
2023-04-13,ethereum,txcount,1094764.0
2023-04-14,ethereum,txcount,1166392.0
2023-04-15,ethereum,txcount,1056292.0
2023-04-16,ethereum,txcount,854249.0
2023-04-17,ethereum,txcount,1011979.0
2023-04-18,ethereum,txcount,1070108.0
2023-04-19,ethereum,txcount,1085066.0
2023-04-20,ethereum,txcount,1073576.0
2023-04-21,ethereum,txcount,1009840.0
2023-04-22,ethereum,txcount,862010.0
2023-04-23,ethereum,txcount,867666.0
2023-04-24,ethereum,txcount,940804.0
2023-04-25,ethereum,txcount,976311.0
2023-04-26,ethereum,txcount,978121.0
2023-04-27,ethereum,txcount,939262.0
2023-04-28,ethereum,txcount,987649.0
2023-04-29,ethereum,txcount,887098.0
2023-04-30,ethereum,txcount,974972.0
2023-05-01,ethereum,txcount,1102060.0
2023-05-02,ethereum,txcount,1127805.0
2023-05-03,ethereum,txcount,1117146.0
2023-05-04,ethereum,txcount,1110210.0
2023-05-05,ethereum,txcount,1208548.0
2023-05-06,ethereum,txcount,1145565.0
2023-05-07,ethereum,txcount,1101487.0
2023-05-08,ethereum,txcount,1145960.0
2023-05-09,ethereum,txcount,1126707.0
2023-05-10,ethereum,txcount,1086375.0
2023-05-11,ethereum,txcount,1099638.0
2023-05-12,ethereum,txcount,1070884.0
2023-05-13,ethereum,txcount,994500.0
2023-05-14,ethereum,txcount,992354.0
2023-05-15,ethereum,txcount,1091921.0
2023-05-16,ethereum,txcount,1072600.0
2023-05-17,ethereum,txcount,1043585.0
2023-05-18,ethereum,txcount,1054402.0
2023-05-19,ethereum,txcount,1073998.0
2023-05-20,ethereum,txcount,1049772.0
2023-05-21,ethereum,txcount,1014742.0
2023-05-22,ethereum,txcount,1075234.0
2023-05-23,ethereum,txcount,1113165.0
2023-05-24,ethereum,txcount,1054823.0
2023-05-25,ethereum,txcount,1062757.0
2023-05-26,ethereum,txcount,1059510.0
2023-05-27,ethereum,txcount,982620.0
2023-05-28,ethereum,txcount,968996.0
2023-05-29,ethereum,txcount,1082245.0
2023-05-30,ethereum,txcount,1190789.0
2023-05-31,ethereum,txcount,1098149.0
2023-06-01,ethereum,txcount,1071180.0
2023-06-02,ethereum,txcount,1102996.0
2023-06-03,ethereum,txcount,1003794.0
2023-06-04,ethereum,txcount,962454.0
2023-06-05,ethereum,txcount,1151611.0
2023-06-06,ethereum,txcount,1095144.0
2023-06-07,ethereum,txcount,1071257.0
2023-06-08,ethereum,txcount,1008582.0
2023-06-09,ethereum,txcount,1046976.0
2023-06-10,ethereum,txcount,1204433.0
2023-06-11,ethereum,txcount,1106073.0
2023-06-12,ethereum,txcount,975959.0
2023-06-13,ethereum,txcount,952433.0
2023-06-14,ethereum,txcount,1023424.0
2023-06-15,ethereum,txcount,1110065.0
2023-06-16,ethereum,txcount,1146585.0
2023-06-17,ethereum,txcount,984217.0
2023-06-18,ethereum,txcount,1001818.0
2023-06-19,ethereum,txcount,1046350.0
2023-06-20,ethereum,txcount,1072045.0
2023-06-21,ethereum,txcount,1091714.0
2023-06-22,ethereum,txcount,1052333.0
2023-06-23,ethereum,txcount,1054976.0
2023-06-24,ethereum,txcount,1004563.0
2023-06-25,ethereum,txcount,934895.0
2023-06-26,ethereum,txcount,996984.0
2023-06-27,ethereum,txcount,1067370.0
2023-06-28,ethereum,txcount,1094481.0
2023-06-29,ethereum,txcount,1064346.0
2023-06-30,ethereum,txcount,1129184.0
2023-07-01,ethereum,txcount,1015838.0
2023-07-02,ethereum,txcount,925771.0
2023-07-03,ethereum,txcount,1061564.0
2023-07-04,ethereum,txcount,931944.0
2023-07-05,ethereum,txcount,760586.0
2023-07-06,ethereum,txcount,914280.0
2023-07-07,ethereum,txcount,1038341.0
2023-07-08,ethereum,txcount,1014086.0
2023-07-09,ethereum,txcount,954379.0
2023-07-10,ethereum,txcount,1057858.0
2023-07-11,ethereum,txcount,1091428.0
2023-07-12,ethereum,txcount,1041317.0
2023-07-13,ethereum,txcount,1121269.0
2023-07-14,ethereum,txcount,1110332.0
2023-07-15,ethereum,txcount,950700.0
2023-07-16,ethereum,txcount,946750.0
2023-07-17,ethereum,txcount,1036419.0
2023-07-18,ethereum,txcount,1175963.0
2023-07-19,ethereum,txcount,1093783.0
2023-07-20,ethereum,txcount,1049510.0
2023-07-21,ethereum,txcount,1110882.0
2023-07-22,ethereum,txcount,1004374.0
2023-07-23,ethereum,txcount,977305.0
2023-07-24,ethereum,txcount,1036300.0
2023-07-25,ethereum,txcount,990249.0
2023-07-26,ethereum,txcount,1029348.0
2023-07-27,ethereum,txcount,998420.0
2023-07-28,ethereum,txcount,1014601.0
2023-07-29,ethereum,txcount,991161.0
2023-07-30,ethereum,txcount,981157.0
2023-07-31,ethereum,txcount,1048101.0
2023-08-01,ethereum,txcount,1068108.0
2023-08-02,ethereum,txcount,1042149.0
2023-08-03,ethereum,txcount,1049539.0
2023-08-04,ethereum,txcount,1075359.0
2023-08-05,ethereum,txcount,1124372.0
2023-08-06,ethereum,txcount,987506.0
2023-08-07,ethereum,txcount,1047336.0
2023-08-08,ethereum,txcount,1098689.0
2023-08-09,ethereum,txcount,1076595.0
2023-08-10,ethereum,txcount,1037733.0
2023-08-11,ethereum,txcount,1050203.0
2023-08-12,ethereum,txcount,972839.0
2023-08-13,ethereum,txcount,920802.0
2023-08-14,ethereum,txcount,1009971.0
2023-08-15,ethereum,txcount,1056395.0
2023-08-16,ethereum,txcount,1076026.0
2023-08-17,ethereum,txcount,1065879.0
2023-08-18,ethereum,txcount,1081417.0
2023-08-19,ethereum,txcount,1041484.0
2023-08-20,ethereum,txcount,943440.0
2023-08-21,ethereum,txcount,1010718.0
2023-08-22,ethereum,txcount,1040834.0
2023-08-23,ethereum,txcount,1045220.0
2023-08-24,ethereum,txcount,1055235.0
2023-08-25,ethereum,txcount,1025742.0
2023-08-26,ethereum,txcount,990794.0
2023-08-27,ethereum,txcount,907110.0
2023-08-28,ethereum,txcount,995843.0
2023-08-29,ethereum,txcount,1019692.0
2023-08-30,ethereum,txcount,1027316.0
2023-08-31,ethereum,txcount,1010128.0
2023-09-01,ethereum,txcount,1006635.0
2023-09-02,ethereum,txcount,1024172.0
2023-09-03,ethereum,txcount,1038128.0
2023-09-04,ethereum,txcount,952440.0
2023-09-05,ethereum,txcount,994049.0
2023-09-06,ethereum,txcount,1058940.0
2023-09-07,ethereum,txcount,1017089.0
2023-09-08,ethereum,txcount,1014297.0
2023-09-09,ethereum,txcount,929400.0
2023-09-10,ethereum,txcount,866548.0
2023-09-11,ethereum,txcount,1021616.0
2023-09-12,ethereum,txcount,1092958.0
2023-09-13,ethereum,txcount,1627860.0
2023-09-14,ethereum,txcount,1071590.0
2023-09-15,ethereum,txcount,1002709.0
2023-09-16,ethereum,txcount,922374.0
2023-09-17,ethereum,txcount,879624.0
2023-09-18,ethereum,txcount,979571.0
2023-09-19,ethereum,txcount,1002911.0
2023-09-20,ethereum,txcount,1012663.0
2023-09-21,ethereum,txcount,1131119.0
2023-09-22,ethereum,txcount,974991.0
2023-09-23,ethereum,txcount,863503.0
2023-09-24,ethereum,txcount,883746.0
2023-09-25,ethereum,txcount,990751.0
2023-09-26,ethereum,txcount,1041222.0
2023-09-27,ethereum,txcount,1056862.0
2023-09-28,ethereum,txcount,1030538.0
2023-09-29,ethereum,txcount,1024678.0
2023-09-30,ethereum,txcount,977771.0
2023-10-01,ethereum,txcount,922694.0
2023-10-02,ethereum,txcount,1016845.0
2023-10-03,ethereum,txcount,1002455.0
2023-10-04,ethereum,txcount,983598.0
2023-10-05,ethereum,txcount,955796.0
2023-10-06,ethereum,txcount,993544.0
2023-10-07,ethereum,txcount,996807.0
2023-10-08,ethereum,txcount,924403.0
2023-10-09,ethereum,txcount,993579.0
2023-10-10,ethereum,txcount,1005950.0
2023-10-11,ethereum,txcount,1005828.0
2023-10-12,ethereum,txcount,1004069.0
2023-10-13,ethereum,txcount,1007291.0
2023-10-14,ethereum,txcount,898577.0
2023-10-15,ethereum,txcount,921231.0
2023-10-16,ethereum,txcount,1027904.0
2023-10-17,ethereum,txcount,1002389.0
2023-10-18,ethereum,txcount,1010682.0
2023-10-19,ethereum,txcount,997931.0
2023-10-20,ethereum,txcount,1087921.0
2023-10-21,ethereum,txcount,987400.0
2023-10-22,ethereum,txcount,980622.0
2023-10-23,ethereum,txcount,1063574.0
2023-10-24,ethereum,txcount,1098323.0
2023-10-25,ethereum,txcount,1081158.0
2023-10-26,ethereum,txcount,1091779.0
2023-10-27,ethereum,txcount,1034649.0
2023-10-28,ethereum,txcount,991315.0
2023-10-29,ethereum,txcount,1071556.0
2023-10-30,ethereum,txcount,1094713.0
2023-10-31,ethereum,txcount,1089606.0
2023-11-01,ethereum,txcount,1101380.0
2023-11-02,ethereum,txcount,1045341.0
2023-11-03,ethereum,txcount,1104674.0
2023-11-04,ethereum,txcount,1013882.0
2023-11-05,ethereum,txcount,1034459.0
2023-11-06,ethereum,txcount,1101645.0
2023-11-07,ethereum,txcount,1055975.0
2023-11-08,ethereum,txcount,1066274.0
2023-11-09,ethereum,txcount,1125199.0
2023-11-10,ethereum,txcount,1146191.0
2023-11-11,ethereum,txcount,1107685.0
2023-11-12,ethereum,txcount,1061494.0
2023-11-13,ethereum,txcount,1088278.0
2023-11-14,ethereum,txcount,1050000.0
2023-11-15,ethereum,txcount,1075386.0
2023-11-16,ethereum,txcount,1093005.0
2023-11-17,ethereum,txcount,1084679.0
2023-11-18,ethereum,txcount,1134614.0
2023-11-19,ethereum,txcount,983460.0
2023-11-20,ethereum,txcount,1151945.0
2023-11-21,ethereum,txcount,1129495.0
2023-11-22,ethereum,txcount,1142003.0
2023-11-23,ethereum,txcount,1123339.0
2023-11-24,ethereum,txcount,1068410.0
2023-11-25,ethereum,txcount,985612.0
2023-11-26,ethereum,txcount,989613.0
2023-11-27,ethereum,txcount,1077314.0
2023-11-28,ethereum,txcount,1155016.0
2023-11-29,ethereum,txcount,1151825.0
2023-11-30,ethereum,txcount,1119717.0
2023-12-01,ethereum,txcount,1119260.0
2023-12-02,ethereum,txcount,1210135.0
2023-12-03,ethereum,txcount,1030989.0
2023-12-04,ethereum,txcount,1158630.0
2023-12-05,ethereum,txcount,1197166.0
2023-12-06,ethereum,txcount,1126986.0
2023-12-07,ethereum,txcount,1159526.0
2023-12-08,ethereum,txcount,1182465.0
2023-12-09,ethereum,txcount,1120555.0
2023-12-10,ethereum,txcount,1129096.0
2023-12-11,ethereum,txcount,1087662.0
2023-12-12,ethereum,txcount,1076667.0
2023-12-13,ethereum,txcount,1081514.0
2023-12-14,ethereum,txcount,1157276.0
2023-12-15,ethereum,txcount,1162222.0
2023-12-16,ethereum,txcount,1056961.0
2023-12-17,ethereum,txcount,1081782.0
2023-12-18,ethereum,txcount,1137970.0
2023-12-19,ethereum,txcount,1153138.0
2023-12-20,ethereum,txcount,1246531.0
2023-12-21,ethereum,txcount,1242003.0
2023-12-22,ethereum,txcount,1205712.0
2023-12-23,ethereum,txcount,1121929.0
2023-12-24,ethereum,txcount,1140411.0
2023-12-25,ethereum,txcount,1102694.0
2023-12-26,ethereum,txcount,1116447.0
2023-12-27,ethereum,txcount,1137685.0
2023-12-28,ethereum,txcount,1185508.0
2023-12-29,ethereum,txcount,1110469.0
2023-12-30,ethereum,txcount,1090893.0
2023-12-31,ethereum,txcount,1061956.0
2024-01-01,ethereum,txcount,1101465.0
2024-01-02,ethereum,txcount,1128657.0
2024-01-03,ethereum,txcount,1092220.0
2024-01-04,ethereum,txcount,1116573.0
2024-01-05,ethereum,txcount,1069252.0
2024-01-06,ethereum,txcount,994947.0
2024-01-07,ethereum,txcount,1049831.0
2024-01-08,ethereum,txcount,1073535.0
2024-01-09,ethereum,txcount,1078832.0
2024-01-10,ethereum,txcount,1247106.0
2024-01-11,ethereum,txcount,1209246.0
2024-01-12,ethereum,txcount,1209875.0
2024-01-13,ethereum,txcount,1212202.0
2024-01-14,ethereum,txcount,1961144.0
2024-01-15,ethereum,txcount,1154132.0
2024-01-16,ethereum,txcount,1269778.0
2024-01-17,ethereum,txcount,1181029.0
2024-01-18,ethereum,txcount,1204406.0
2024-01-19,ethereum,txcount,1173934.0
2024-01-20,ethereum,txcount,1062400.0
2024-01-21,ethereum,txcount,1119258.0
2024-01-22,ethereum,txcount,1076456.0
2024-01-23,ethereum,txcount,1083406.0
2024-01-24,ethereum,txcount,1080129.0
2024-01-25,ethereum,txcount,1173661.0
2024-01-26,ethereum,txcount,1172353.0
2024-01-27,ethereum,txcount,1147736.0
2024-01-28,ethereum,txcount,1128110.0
2024-01-29,ethereum,txcount,1115710.0
2024-01-30,ethereum,txcount,1190513.0
2024-01-31,ethereum,txcount,1137621.0
2024-02-01,ethereum,txcount,1127338.0
2024-02-02,ethereum,txcount,1108172.0
2024-02-03,ethereum,txcount,1054604.0
2024-02-04,ethereum,txcount,1049649.0
2024-02-05,ethereum,txcount,1120237.0
2024-02-06,ethereum,txcount,1080846.0
2024-02-07,ethereum,txcount,1143018.0
2024-02-08,ethereum,txcount,1052168.0
2024-02-09,ethereum,txcount,1075272.0
2024-02-10,ethereum,txcount,1010940.0
2024-02-11,ethereum,txcount,1027275.0
2024-02-12,ethereum,txcount,984284.0
2024-02-13,ethereum,txcount,1102512.0
2024-02-14,ethereum,txcount,1130386.0
2024-02-15,ethereum,txcount,1153897.0
2024-02-16,ethereum,txcount,1179007.0
2024-02-17,ethereum,txcount,1078511.0
2024-02-18,ethereum,txcount,1093072.0
2024-02-19,ethereum,txcount,1146697.0
2024-02-20,ethereum,txcount,1149756.0
2024-02-21,ethereum,txcount,1100360.0
2024-02-22,ethereum,txcount,1082822.0
2024-02-23,ethereum,txcount,1159988.0
2024-02-24,ethereum,txcount,1101339.0
2024-02-25,ethereum,txcount,1102202.0
2024-02-26,ethereum,txcount,1187460.0
2024-02-27,ethereum,txcount,1219667.0
2024-02-28,ethereum,txcount,1227000.0
2024-02-29,ethereum,txcount,1236458.0
2024-03-01,ethereum,txcount,1205380.0
2024-03-02,ethereum,txcount,1210225.0
2024-03-03,ethereum,txcount,1182830.0
2024-03-04,ethereum,txcount,1267200.0
2024-03-05,ethereum,txcount,1303724.0
2024-03-06,ethereum,txcount,1218992.0
2024-03-07,ethereum,txcount,1228816.0
2024-03-08,ethereum,txcount,1212254.0
2024-03-09,ethereum,txcount,1160185.0
2024-03-10,ethereum,txcount,1157440.0
2024-03-11,ethereum,txcount,1245874.0
2024-03-12,ethereum,txcount,1232719.0
2024-03-13,ethereum,txcount,1277221.0
2024-03-14,ethereum,txcount,1300877.0
2024-03-15,ethereum,txcount,1312102.0
2024-03-16,ethereum,txcount,1275332.0
2024-03-17,ethereum,txcount,1204019.0
2024-03-18,ethereum,txcount,1281387.0
2024-03-19,ethereum,txcount,1377677.0
2024-03-20,ethereum,txcount,1370939.0
2024-03-21,ethereum,txcount,1331198.0
2024-03-22,ethereum,txcount,1323924.0
2024-03-23,ethereum,txcount,1297609.0
2024-03-24,ethereum,txcount,1230758.0
2024-03-25,ethereum,txcount,1279190.0
2024-03-26,ethereum,txcount,1315082.0
2024-03-27,ethereum,txcount,1272273.0
2024-03-28,ethereum,txcount,1287078.0
2024-03-29,ethereum,txcount,1304561.0
2024-03-30,ethereum,txcount,1239605.0
2024-03-31,ethereum,txcount,1245309.0
2024-04-01,ethereum,txcount,1245715.0
2024-04-02,ethereum,txcount,1239577.0
2024-04-03,ethereum,txcount,1211600.0
2024-04-04,ethereum,txcount,1234719.0
2024-04-05,ethereum,txcount,1242174.0
2024-04-06,ethereum,txcount,1201522.0
2024-04-07,ethereum,txcount,1177838.0
2024-04-08,ethereum,txcount,1221235.0
2024-04-09,ethereum,txcount,1226401.0
2024-04-10,ethereum,txcount,1207941.0
2024-04-11,ethereum,txcount,1213672.0
2024-04-12,ethereum,txcount,1322052.0
2024-04-13,ethereum,txcount,1162426.0
2024-04-14,ethereum,txcount,1133064.0
2024-04-15,ethereum,txcount,1187906.0
2024-04-16,ethereum,txcount,1178451.0
2024-04-17,ethereum,txcount,1245968.0
2024-04-18,ethereum,txcount,1235484.0
2024-04-19,ethereum,txcount,1182165.0
2024-04-20,ethereum,txcount,1152540.0
2024-04-21,ethereum,txcount,1133785.0
2024-04-22,ethereum,txcount,1178253.0
2024-04-23,ethereum,txcount,1199365.0
2024-04-24,ethereum,txcount,1171434.0
2024-04-25,ethereum,txcount,1186539.0
2024-04-26,ethereum,txcount,1177416.0
2024-04-27,ethereum,txcount,1103918.0
2024-04-28,ethereum,txcount,1140939.0
2024-04-29,ethereum,txcount,1224677.0
2024-04-30,ethereum,txcount,1262466.0
2024-05-01,ethereum,txcount,1206626.0
2024-05-02,ethereum,txcount,1223696.0
2024-05-03,ethereum,txcount,1194608.0
2024-05-04,ethereum,txcount,1163073.0
2024-05-05,ethereum,txcount,1145911.0
2024-05-06,ethereum,txcount,1190232.0
2024-05-07,ethereum,txcount,1231931.0
2024-05-08,ethereum,txcount,1159221.0
2024-05-09,ethereum,txcount,1126649.0
2024-05-10,ethereum,txcount,1154535.0
2024-05-11,ethereum,txcount,1113685.0
2024-05-12,ethereum,txcount,1055429.0
2024-05-13,ethereum,txcount,1163122.0
2024-05-14,ethereum,txcount,1182521.0
2024-05-15,ethereum,txcount,1197067.0
2024-05-16,ethereum,txcount,1218766.0
2024-05-17,ethereum,txcount,1112590.0
2024-05-18,ethereum,txcount,1082308.0
2024-05-19,ethereum,txcount,1022057.0
2024-05-20,ethereum,txcount,1124081.0
2024-05-21,ethereum,txcount,1198696.0
2024-05-22,ethereum,txcount,1188672.0
2024-05-23,ethereum,txcount,1156304.0
2024-05-24,ethereum,txcount,1164101.0
2024-05-25,ethereum,txcount,1157033.0
2024-05-26,ethereum,txcount,1139013.0
2024-05-27,ethereum,txcount,1159616.0
2024-05-28,ethereum,txcount,1105315.0
2024-05-29,ethereum,txcount,1172771.0
2024-05-30,ethereum,txcount,1149944.0
2024-05-31,ethereum,txcount,1175396.0
2024-06-01,ethereum,txcount,1119675.0
2024-06-02,ethereum,txcount,1076974.0
2024-06-03,ethereum,txcount,1152786.0
2024-06-04,ethereum,txcount,1164380.0
2024-06-05,ethereum,txcount,1178477.0
2024-06-06,ethereum,txcount,1154720.0
2024-06-07,ethereum,txcount,1184232.0
2024-06-08,ethereum,txcount,1156305.0
2024-06-09,ethereum,txcount,1142399.0
2024-06-10,ethereum,txcount,1180168.0
2024-06-11,ethereum,txcount,1177067.0
2024-06-12,ethereum,txcount,1224208.0
2024-06-13,ethereum,txcount,1230853.0
2024-06-14,ethereum,txcount,1184071.0
2024-06-15,ethereum,txcount,1137118.0
2024-06-16,ethereum,txcount,1123092.0
2024-06-17,ethereum,txcount,1143178.0
2024-06-18,ethereum,txcount,1147395.0
2024-06-19,ethereum,txcount,1127592.0
2024-06-20,ethereum,txcount,1150083.0
2024-06-21,ethereum,txcount,1263722.0
2024-06-22,ethereum,txcount,1316624.0
2024-06-23,ethereum,txcount,1095704.0
2024-06-24,ethereum,txcount,1158931.0
2024-06-25,ethereum,txcount,1193832.0
2024-06-26,ethereum,txcount,1248199.0
2024-06-27,ethereum,txcount,1173697.0
2024-06-28,ethereum,txcount,1175815.0
2024-06-29,ethereum,txcount,1142572.0
2024-06-30,ethereum,txcount,1122964.0
2024-07-01,ethereum,txcount,1155552.0
2024-07-02,ethereum,txcount,1135937.0
2024-07-03,ethereum,txcount,1151881.0
2024-07-04,ethereum,txcount,1241195.0
2024-07-05,ethereum,txcount,1237133.0
2024-07-06,ethereum,txcount,1137910.0
2024-07-07,ethereum,txcount,1028463.0
2024-07-08,ethereum,txcount,1137702.0
2024-07-09,ethereum,txcount,1151773.0
2024-07-10,ethereum,txcount,1175636.0
2024-07-11,ethereum,txcount,1191567.0
2024-07-12,ethereum,txcount,1187556.0
2024-07-13,ethereum,txcount,1144551.0
2024-07-14,ethereum,txcount,1083062.0
2024-07-15,ethereum,txcount,1156258.0
2024-07-16,ethereum,txcount,1199035.0
2024-07-17,ethereum,txcount,1187616.0
2024-07-18,ethereum,txcount,1182695.0
2024-07-19,ethereum,txcount,1143619.0
2024-07-20,ethereum,txcount,1106348.0
2024-07-21,ethereum,txcount,1110007.0
2024-07-22,ethereum,txcount,1151384.0
2024-07-23,ethereum,txcount,1153608.0
2024-07-24,ethereum,txcount,1134655.0
2024-07-25,ethereum,txcount,1125280.0
2024-07-26,ethereum,txcount,1138693.0
2024-07-27,ethereum,txcount,1073935.0
2024-07-28,ethereum,txcount,1041777.0
2024-07-29,ethereum,txcount,1093737.0
2024-07-30,ethereum,txcount,1167025.0
2024-07-31,ethereum,txcount,1166240.0
2024-08-01,ethereum,txcount,1125933.0
2024-08-02,ethereum,txcount,1087561.0
2024-08-03,ethereum,txcount,1087774.0
2024-08-04,ethereum,txcount,1043193.0
2024-08-05,ethereum,txcount,1133164.0
2024-08-06,ethereum,txcount,1130468.0
2024-08-07,ethereum,txcount,1123175.0
2024-08-08,ethereum,txcount,1097066.0
2024-08-09,ethereum,txcount,1100553.0
2024-08-10,ethereum,txcount,1051563.0
2024-08-11,ethereum,txcount,985147.0
2024-08-12,ethereum,txcount,1060624.0
2024-08-13,ethereum,txcount,1088875.0
2024-08-14,ethereum,txcount,1278666.0
2024-08-15,ethereum,txcount,1252405.0
2024-08-16,ethereum,txcount,1111995.0
2024-08-17,ethereum,txcount,1003438.0
2024-08-18,ethereum,txcount,1029131.0
2024-08-19,ethereum,txcount,1042805.0
2024-08-20,ethereum,txcount,1070613.0
2024-08-21,ethereum,txcount,1084041.0
2024-08-22,ethereum,txcount,1093186.0
2024-08-23,ethereum,txcount,1125193.0
2024-08-24,ethereum,txcount,1088203.0
2024-08-25,ethereum,txcount,973412.0
2024-08-26,ethereum,txcount,1114163.0
2024-08-27,ethereum,txcount,1132797.0
2024-08-28,ethereum,txcount,1149274.0
2024-08-29,ethereum,txcount,1153728.0
2024-08-30,ethereum,txcount,1133892.0
2024-08-31,ethereum,txcount,1012648.0
2024-09-01,ethereum,txcount,1011212.0
2024-09-02,ethereum,txcount,1086384.0
2024-09-03,ethereum,txcount,1129081.0
2024-09-04,ethereum,txcount,1108873.0
2024-09-05,ethereum,txcount,1121084.0
2024-09-06,ethereum,txcount,1124382.0
2024-09-07,ethereum,txcount,1115728.0
2024-09-08,ethereum,txcount,1085480.0
2024-09-09,ethereum,txcount,1158357.0
2024-09-10,ethereum,txcount,1166560.0
2024-09-11,ethereum,txcount,1170510.0
2024-09-12,ethereum,txcount,1168620.0
2024-09-13,ethereum,txcount,1158069.0
2024-09-14,ethereum,txcount,1095765.0
2024-09-15,ethereum,txcount,1086732.0
2024-09-16,ethereum,txcount,1101816.0
2024-09-17,ethereum,txcount,1144470.0
2024-09-18,ethereum,txcount,1132760.0
2024-09-19,ethereum,txcount,1178603.0
2024-09-20,ethereum,txcount,1156825.0
2024-09-21,ethereum,txcount,1082726.0
2024-09-22,ethereum,txcount,1063818.0
2024-09-23,ethereum,txcount,1135378.0
2024-09-24,ethereum,txcount,1144263.0
2024-09-25,ethereum,txcount,1151716.0
2024-09-26,ethereum,txcount,1151158.0
2024-09-27,ethereum,txcount,1202550.0
2024-09-28,ethereum,txcount,1113743.0
2024-09-29,ethereum,txcount,1116620.0
2024-09-30,ethereum,txcount,1195210.0
2024-10-01,ethereum,txcount,1266656.0
2024-10-02,ethereum,txcount,1156600.0
2024-10-03,ethereum,txcount,1161490.0
2024-10-04,ethereum,txcount,1139613.0
2024-10-05,ethereum,txcount,1099244.0
2024-10-06,ethereum,txcount,1069768.0
2024-10-07,ethereum,txcount,1154423.0
2024-10-08,ethereum,txcount,1156248.0
2024-10-09,ethereum,txcount,1182083.0
2024-10-10,ethereum,txcount,1154738.0
2024-10-11,ethereum,txcount,1227069.0
2024-10-12,ethereum,txcount,1159085.0
2024-10-13,ethereum,txcount,1060369.0
2024-10-14,ethereum,txcount,1173591.0
2024-10-15,ethereum,txcount,1212877.0
2024-10-16,ethereum,txcount,1156834.0
2024-10-17,ethereum,txcount,1247886.0
2024-10-18,ethereum,txcount,1330449.0
2024-10-19,ethereum,txcount,1250641.0
2024-10-20,ethereum,txcount,1177600.0
2024-10-21,ethereum,txcount,1185104.0
2024-10-22,ethereum,txcount,1181372.0
2024-10-23,ethereum,txcount,1137677.0
2024-10-24,ethereum,txcount,1132267.0
2024-10-25,ethereum,txcount,1143624.0
2024-10-26,ethereum,txcount,1098532.0
2024-10-27,ethereum,txcount,965098.0
2024-10-28,ethereum,txcount,1053714.0
2024-10-29,ethereum,txcount,1173025.0
2024-10-30,ethereum,txcount,1106479.0
2024-10-31,ethereum,txcount,1085336.0
2024-11-01,ethereum,txcount,1101047.0
2024-11-02,ethereum,txcount,1073738.0
2024-11-03,ethereum,txcount,1114734.0
2024-11-04,ethereum,txcount,1121115.0
2024-11-05,ethereum,txcount,1105923.0
2024-11-06,ethereum,txcount,1195439.0
2024-11-07,ethereum,txcount,1223300.0
2024-11-08,ethereum,txcount,1228931.0
2024-11-09,ethereum,txcount,1154408.0
2024-11-10,ethereum,txcount,1211713.0
2024-11-11,ethereum,txcount,1276334.0
2024-11-12,ethereum,txcount,1288787.0
2024-11-13,ethereum,txcount,1270183.0
2024-11-14,ethereum,txcount,1284085.0
2024-11-15,ethereum,txcount,1244665.0
2024-11-16,ethereum,txcount,1241006.0
2024-11-17,ethereum,txcount,1204729.0
2024-11-18,ethereum,txcount,1229167.0
2024-11-19,ethereum,txcount,1222473.0
2024-11-20,ethereum,txcount,1243428.0
2024-11-21,ethereum,txcount,1266953.0
2024-11-22,ethereum,txcount,1301173.0
2024-11-23,ethereum,txcount,1277757.0
2024-11-24,ethereum,txcount,1207132.0
2024-11-25,ethereum,txcount,1292463.0
2024-11-26,ethereum,txcount,1265769.0
2024-11-27,ethereum,txcount,1275842.0
2024-11-28,ethereum,txcount,1256719.0
2024-11-29,ethereum,txcount,1279446.0
2024-11-30,ethereum,txcount,1232587.0
2024-12-01,ethereum,txcount,1228535.0
2024-12-02,ethereum,txcount,1341788.0
2024-12-03,ethereum,txcount,1349338.0
2024-12-04,ethereum,txcount,1339995.0
2024-12-05,ethereum,txcount,1344520.0
2024-12-06,ethereum,txcount,1330997.0
2024-12-07,ethereum,txcount,1243988.0
2024-12-08,ethereum,txcount,1224361.0
2024-12-09,ethereum,txcount,1329408.0
2024-12-10,ethereum,txcount,1379827.0
2024-12-11,ethereum,txcount,1297795.0
2024-12-12,ethereum,txcount,1350929.0
2024-12-13,ethereum,txcount,1280204.0
2024-12-14,ethereum,txcount,1238981.0
2024-12-15,ethereum,txcount,1199954.0
2024-12-16,ethereum,txcount,1288678.0
2024-12-17,ethereum,txcount,1319728.0
2024-12-18,ethereum,txcount,1288421.0
2024-12-19,ethereum,txcount,1281658.0
2024-12-20,ethereum,txcount,1327871.0
2024-12-21,ethereum,txcount,1257560.0
2024-12-22,ethereum,txcount,1254501.0
2024-12-23,ethereum,txcount,1306194.0
2024-12-24,ethereum,txcount,1263508.0
2024-12-25,ethereum,txcount,1206212.0
2024-12-26,ethereum,txcount,1208665.0
2024-12-27,ethereum,txcount,1240371.0
2024-12-28,ethereum,txcount,1193108.0
2024-12-29,ethereum,txcount,1199862.0
2024-12-30,ethereum,txcount,1240007.0
2024-12-31,ethereum,txcount,1248109.0
2025-01-01,ethereum,txcount,1040808.0
2025-01-02,ethereum,txcount,1086430.0
2025-01-03,ethereum,txcount,1236060.0
2025-01-04,ethereum,txcount,1161690.0
2025-01-05,ethereum,txcount,1142808.0
2025-01-06,ethereum,txcount,1214663.0
2025-01-07,ethereum,txcount,1212018.0
2025-01-08,ethereum,txcount,1200637.0
2025-01-09,ethereum,txcount,1201934.0
2025-01-10,ethereum,txcount,1191720.0
2025-01-11,ethereum,txcount,1120421.0
2025-01-12,ethereum,txcount,1097434.0
2025-01-13,ethereum,txcount,1216397.0
2025-01-14,ethereum,txcount,1228551.0
2025-01-15,ethereum,txcount,1235101.0
2025-01-16,ethereum,txcount,1243708.0
2025-01-17,ethereum,txcount,1244622.0
2025-01-18,ethereum,txcount,1242402.0
2025-01-19,ethereum,txcount,1342035.0
2025-01-20,ethereum,txcount,1389309.0
2025-01-21,ethereum,txcount,1266425.0
2025-01-22,ethereum,txcount,1272295.0
2025-01-23,ethereum,txcount,1272961.0
2025-01-24,ethereum,txcount,1372877.0
2025-01-25,ethereum,txcount,1401619.0
2025-01-26,ethereum,txcount,1224985.0
2025-01-27,ethereum,txcount,1262797.0
2025-01-28,ethereum,txcount,1189629.0
2025-01-29,ethereum,txcount,1173714.0
2025-01-30,ethereum,txcount,1192475.0
2025-01-31,ethereum,txcount,1187266.0
2025-02-01,ethereum,txcount,1128799.0
2025-02-02,ethereum,txcount,1127284.0
2025-02-03,ethereum,txcount,1244916.0
2025-02-04,ethereum,txcount,1330098.0
2025-02-05,ethereum,txcount,1209086.0
2025-02-06,ethereum,txcount,1333804.0
2025-02-07,ethereum,txcount,1330807.0
2025-02-08,ethereum,txcount,1203788.0
2025-02-09,ethereum,txcount,1187055.0
2025-02-10,ethereum,txcount,1356631.0
2025-02-11,ethereum,txcount,1325846.0
2025-02-12,ethereum,txcount,1275635.0
2025-02-13,ethereum,txcount,1321148.0
2025-02-14,ethereum,txcount,1349547.0
2025-02-15,ethereum,txcount,1171706.0
2025-02-16,ethereum,txcount,1129295.0
2025-02-17,ethereum,txcount,1358017.0
2025-02-18,ethereum,txcount,1312465.0
2025-02-19,ethereum,txcount,1257368.0
2025-02-20,ethereum,txcount,1323505.0
2025-02-21,ethereum,txcount,1357193.0
2025-02-22,ethereum,txcount,1185038.0
2025-02-23,ethereum,txcount,1119166.0
2025-02-24,ethereum,txcount,1304929.0
2025-02-25,ethereum,txcount,1397681.0
2025-02-26,ethereum,txcount,1289180.0
2025-02-27,ethereum,txcount,1302283.0
2025-02-28,ethereum,txcount,1342176.0
2025-03-01,ethereum,txcount,1121214.0
2025-03-02,ethereum,txcount,1142048.0
2025-03-03,ethereum,txcount,1328012.0
2025-03-04,ethereum,txcount,1347191.0
2025-03-05,ethereum,txcount,1273243.0
2025-03-06,ethereum,txcount,1339568.0
2025-03-07,ethereum,txcount,1277137.0
2025-03-08,ethereum,txcount,1097056.0
2025-03-09,ethereum,txcount,1123093.0
2025-03-10,ethereum,txcount,1283100.0
2025-03-11,ethereum,txcount,1311724.0
2025-03-12,ethereum,txcount,1221476.0
2025-03-13,ethereum,txcount,1183406.0
2025-03-14,ethereum,txcount,1165047.0
2025-03-15,ethereum,txcount,1002601.0
2025-03-16,ethereum,txcount,971166.0
2025-03-17,ethereum,txcount,1139344.0
2025-03-18,ethereum,txcount,1165679.0
2025-03-19,ethereum,txcount,1211649.0
2025-03-20,ethereum,txcount,1210998.0
2025-03-21,ethereum,txcount,1117996.0
2025-03-22,ethereum,txcount,1047954.0
2025-03-23,ethereum,txcount,979935.0
2025-03-24,ethereum,txcount,1227168.0
2025-03-25,ethereum,txcount,1243357.0
2025-03-26,ethereum,txcount,1306796.0
2025-03-27,ethereum,txcount,1280595.0
2025-03-28,ethereum,txcount,1296364.0
2025-03-29,ethereum,txcount,1128659.0
2025-03-30,ethereum,txcount,1062800.0
2025-03-31,ethereum,txcount,1317669.0
2025-04-01,ethereum,txcount,1300318.0
2025-04-02,ethereum,txcount,1302159.0
2025-04-03,ethereum,txcount,1292692.0
2025-04-04,ethereum,txcount,1256395.0
2025-04-05,ethereum,txcount,1068681.0
2025-04-06,ethereum,txcount,1113030.0
2025-04-07,ethereum,txcount,1433231.0
2025-04-08,ethereum,txcount,1428053.0
2025-04-09,ethereum,txcount,1426415.0
2025-04-10,ethereum,txcount,1329892.0
2025-04-11,ethereum,txcount,1302595.0
2025-04-12,ethereum,txcount,1169101.0
2025-04-13,ethereum,txcount,1105874.0
2025-04-14,ethereum,txcount,1251733.0
2025-04-15,ethereum,txcount,1238535.0
2025-04-16,ethereum,txcount,1213894.0
2025-04-17,ethereum,txcount,1164340.0
2025-04-18,ethereum,txcount,1117701.0
2025-04-19,ethereum,txcount,1042005.0
2025-04-20,ethereum,txcount,1010667.0
2025-04-21,ethereum,txcount,1184491.0
2025-04-22,ethereum,txcount,1292920.0
2025-04-23,ethereum,txcount,1328925.0
2025-04-24,ethereum,txcount,1245755.0
2025-04-25,ethereum,txcount,1341650.0
2025-04-26,ethereum,txcount,1206766.0
2025-04-27,ethereum,txcount,1118354.0
2025-04-28,ethereum,txcount,1277668.0
2025-04-29,ethereum,txcount,1288147.0
2025-04-30,ethereum,txcount,1296564.0
2025-05-01,ethereum,txcount,1250968.0
2025-05-02,ethereum,txcount,1264114.0
2025-05-03,ethereum,txcount,1085858.0
2025-05-04,ethereum,txcount,1262969.0
2025-05-05,ethereum,txcount,1337743.0
2025-05-06,ethereum,txcount,1278812.0
2025-05-07,ethereum,txcount,1308012.0
2025-05-08,ethereum,txcount,1452547.0
2025-05-09,ethereum,txcount,1437368.0
2025-05-10,ethereum,txcount,1334492.0
2025-05-11,ethereum,txcount,1289812.0
2025-05-12,ethereum,txcount,1383305.0
2025-05-13,ethereum,txcount,1397760.0
2025-05-14,ethereum,txcount,1394983.0
2025-05-15,ethereum,txcount,1422790.0
2025-05-16,ethereum,txcount,1405696.0
2025-05-17,ethereum,txcount,1368230.0
2025-05-18,ethereum,txcount,1238570.0
2025-05-19,ethereum,txcount,1374664.0
2025-05-20,ethereum,txcount,1451257.0
2025-05-21,ethereum,txcount,1385790.0
2025-05-22,ethereum,txcount,1392141.0
2025-05-23,ethereum,txcount,1423960.0
2025-05-24,ethereum,txcount,1240510.0
2025-05-25,ethereum,txcount,1223121.0
2025-05-26,ethereum,txcount,1359468.0
2025-05-27,ethereum,txcount,1404742.0
2025-05-28,ethereum,txcount,1387335.0
2025-05-29,ethereum,txcount,1400660.0
2025-05-30,ethereum,txcount,1500885.0
2025-05-31,ethereum,txcount,1522831.0
2025-06-01,ethereum,txcount,1313000.0
2025-06-02,ethereum,txcount,1417405.0
2025-06-03,ethereum,txcount,1433650.0
2025-06-04,ethereum,txcount,1399775.0
2025-06-05,ethereum,txcount,1419397.0
2025-06-06,ethereum,txcount,1387541.0
2025-06-07,ethereum,txcount,1385754.0
2025-06-08,ethereum,txcount,1360849.0
2025-06-09,ethereum,txcount,1391320.0
2025-06-10,ethereum,txcount,1485070.0
2025-06-11,ethereum,txcount,1450970.0
2025-06-12,ethereum,txcount,1453407.0
2025-06-13,ethereum,txcount,1419245.0
2025-06-14,ethereum,txcount,1325699.0
2025-06-15,ethereum,txcount,1265509.0
2025-06-16,ethereum,txcount,1380850.0
2025-06-17,ethereum,txcount,1432124.0
2025-06-18,ethereum,txcount,1415169.0
2025-06-19,ethereum,txcount,1362756.0
2025-06-20,ethereum,txcount,1360603.0
2025-06-21,ethereum,txcount,1307498.0
2025-06-22,ethereum,txcount,1234807.0
2025-06-23,ethereum,txcount,1361463.0
2025-06-24,ethereum,txcount,1572034.0
2025-06-25,ethereum,txcount,1750938.0
2025-06-26,ethereum,txcount,1507683.0
2025-06-27,ethereum,txcount,1391823.0
2025-06-28,ethereum,txcount,1299685.0
2025-06-29,ethereum,txcount,1236648.0
2025-06-30,ethereum,txcount,1427448.0
2025-07-01,ethereum,txcount,1410928.0
2025-07-02,ethereum,txcount,1428473.0
2025-07-03,ethereum,txcount,1453267.0
2025-07-04,ethereum,txcount,1451905.0
2025-07-05,ethereum,txcount,1277865.0
2025-07-06,ethereum,txcount,1230348.0
2025-07-07,ethereum,txcount,1449576.0
2025-07-08,ethereum,txcount,1475278.0
2025-07-09,ethereum,txcount,1463328.0
2025-07-10,ethereum,txcount,1506853.0
2025-07-11,ethereum,txcount,1512430.0
2025-07-12,ethereum,txcount,1404234.0
2025-07-13,ethereum,txcount,1312482.0
2025-07-14,ethereum,txcount,1478444.0
2025-07-15,ethereum,txcount,1465228.0
2025-07-16,ethereum,txcount,1488281.0
2025-07-17,ethereum,txcount,1492775.0
2025-07-18,ethereum,txcount,1517614.0
2025-07-19,ethereum,txcount,1408927.0
2025-07-20,ethereum,txcount,1412561.0
2025-07-21,ethereum,txcount,1605423.0
2025-07-22,ethereum,txcount,1649941.0
2025-07-23,ethereum,txcount,1616678.0
2025-07-24,ethereum,txcount,1645511.0
2025-07-25,ethereum,txcount,1645045.0
2025-07-26,ethereum,txcount,1431491.0
2025-07-27,ethereum,txcount,1477026.0
2025-07-28,ethereum,txcount,1611238.0
2025-07-29,ethereum,txcount,1713564.0
2025-07-30,ethereum,txcount,1820812.0
2025-07-31,ethereum,txcount,1807763.0
2025-08-01,ethereum,txcount,1758306.0
2025-08-02,ethereum,txcount,1642345.0
2025-08-03,ethereum,txcount,1515954.0
2025-08-04,ethereum,txcount,1728281.0
2025-08-05,ethereum,txcount,1877988.0
2025-08-06,ethereum,txcount,1833756.0
2025-08-07,ethereum,txcount,1766307.0
2025-08-08,ethereum,txcount,1711849.0
2025-08-09,ethereum,txcount,1645152.0
2025-08-10,ethereum,txcount,1670117.0
2025-08-11,ethereum,txcount,1723347.0
2025-08-12,ethereum,txcount,1740109.0
2025-08-13,ethereum,txcount,1798594.0
2025-08-14,ethereum,txcount,1757300.0
2025-08-15,ethereum,txcount,1719504.0
2025-08-16,ethereum,txcount,1533046.0
2025-08-17,ethereum,txcount,1532243.0
2025-08-18,ethereum,txcount,1706017.0
2025-08-19,ethereum,txcount,1713300.0
2025-08-20,ethereum,txcount,1696969.0
2025-08-21,ethereum,txcount,1678588.0
2025-08-22,ethereum,txcount,1673545.0
2025-08-23,ethereum,txcount,1615078.0
2025-08-24,ethereum,txcount,1564920.0
2025-08-25,ethereum,txcount,1632504.0
2025-08-26,ethereum,txcount,1599674.0
2025-08-27,ethereum,txcount,1525226.0
2025-08-28,ethereum,txcount,1629739.0
2025-08-29,ethereum,txcount,1715662.0
2025-08-30,ethereum,txcount,1483368.0
2025-08-31,ethereum,txcount,1577808.0
2025-09-01,ethereum,txcount,1691908.0
2025-09-02,ethereum,txcount,1721464.0
2025-09-03,ethereum,txcount,1646923.0
2025-09-04,ethereum,txcount,1651298.0
2025-09-05,ethereum,txcount,1643953.0
2025-09-06,ethereum,txcount,1418127.0
2025-09-07,ethereum,txcount,1339101.0
2025-09-08,ethereum,txcount,1633703.0
2025-09-09,ethereum,txcount,1678617.0
2025-09-10,ethereum,txcount,1687034.0
2025-09-11,ethereum,txcount,1709635.0
2025-09-12,ethereum,txcount,1753023.0
2025-09-13,ethereum,txcount,1637457.0
2025-09-14,ethereum,txcount,1518453.0
2025-09-15,ethereum,txcount,1675545.0
2025-09-16,ethereum,txcount,1801312.0
2025-09-17,ethereum,txcount,1687103.0
2025-09-18,ethereum,txcount,1843631.0
2025-09-19,ethereum,txcount,1721377.0
2025-09-20,ethereum,txcount,1589396.0
2025-09-21,ethereum,txcount,1418164.0
2025-09-22,ethereum,txcount,1588927.0
2025-09-23,ethereum,txcount,1688051.0
2025-09-24,ethereum,txcount,1597810.0
2025-09-25,ethereum,txcount,1623982.0
2025-09-26,ethereum,txcount,1638520.0
2025-09-27,ethereum,txcount,1427739.0
2025-09-28,ethereum,txcount,1404703.0
2025-09-29,ethereum,txcount,1703595.0
2025-09-30,ethereum,txcount,1755868.0
2025-10-01,ethereum,txcount,1704159.0
2025-10-02,ethereum,txcount,1788304.0
2025-10-03,ethereum,txcount,1634980.0
2025-10-04,ethereum,txcount,1390295.0
2025-10-05,ethereum,txcount,1387006.0
2025-10-06,ethereum,txcount,1576776.0
2025-10-07,ethereum,txcount,1595107.0
2025-10-08,ethereum,txcount,1616072.0
2025-10-09,ethereum,txcount,1594068.0
2025-10-10,ethereum,txcount,1626874.0
2025-10-11,ethereum,txcount,1647197.0
2025-10-12,ethereum,txcount,1480041.0
2025-10-13,ethereum,txcount,1580074.0
2025-10-14,ethereum,txcount,1571821.0
2025-10-15,ethereum,txcount,1634250.0
2025-10-16,ethereum,txcount,1569359.0
2025-10-17,ethereum,txcount,1649015.0
2025-10-18,ethereum,txcount,1357463.0
2025-10-19,ethereum,txcount,1276777.0
2025-10-20,ethereum,txcount,1454515.0
2025-10-21,ethereum,txcount,1561160.0
2025-10-22,ethereum,txcount,1545336.0
2025-10-23,ethereum,txcount,1571959.0
2025-10-24,ethereum,txcount,1567092.0
2025-10-25,ethereum,txcount,1310607.0
2025-10-26,ethereum,txcount,1268621.0
2025-10-27,ethereum,txcount,1592425.0
2025-10-28,ethereum,txcount,1644088.0
2025-10-29,ethereum,txcount,1562100.0
2025-10-30,ethereum,txcount,1613405.0
2025-10-31,ethereum,txcount,1639228.0
2025-11-01,ethereum,txcount,1360364.0
2025-11-02,ethereum,txcount,1439919.0
2025-11-03,ethereum,txcount,1582508.0
2025-11-04,ethereum,txcount,1613463.0
2025-11-05,ethereum,txcount,1575751.0
2025-11-06,ethereum,txcount,1649380.0
2025-11-07,ethereum,txcount,1586398.0
2025-11-08,ethereum,txcount,1491639.0
2025-11-09,ethereum,txcount,1458302.0
2025-11-10,ethereum,txcount,1575000.0
2025-11-11,ethereum,txcount,1526371.0
2025-11-12,ethereum,txcount,1455050.0
2025-11-13,ethereum,txcount,1519016.0
2025-11-14,ethereum,txcount,1604324.0
2025-11-15,ethereum,txcount,1484873.0
2025-11-16,ethereum,txcount,1373141.0
2025-11-17,ethereum,txcount,1516435.0
2025-11-18,ethereum,txcount,1518529.0
2025-11-19,ethereum,txcount,1569897.0
2025-11-20,ethereum,txcount,1594628.0
2025-11-21,ethereum,txcount,1533133.0
2025-11-22,ethereum,txcount,1353840.0
2025-11-23,ethereum,txcount,1268889.0
2025-11-24,ethereum,txcount,1434689.0
2025-11-25,ethereum,txcount,1598545.0
2025-11-26,ethereum,txcount,1660505.0
2025-11-27,ethereum,txcount,1892795.0
2025-11-28,ethereum,txcount,1689025.0
2025-11-29,ethereum,txcount,1364687.0
2025-11-30,ethereum,txcount,1380993.0
2025-12-01,ethereum,txcount,1846657.0
2025-12-02,ethereum,txcount,1804162.0
2025-12-03,ethereum,txcount,1852396.0
2025-12-04,ethereum,txcount,1713350.0
2025-12-05,ethereum,txcount,1708608.0
2025-12-06,ethereum,txcount,1444550.0
2025-12-07,ethereum,txcount,1124281.0
2025-12-08,ethereum,txcount,1306645.0
2025-12-09,ethereum,txcount,1463824.0
2025-12-10,ethereum,txcount,1602340.0
2025-12-11,ethereum,txcount,1611771.0
2025-12-12,ethereum,txcount,1458943.0
2025-12-13,ethereum,txcount,1283192.0
2025-12-14,ethereum,txcount,1197410.0
2025-12-15,ethereum,txcount,1559887.0
2025-12-16,ethereum,txcount,1645312.0
2025-12-17,ethereum,txcount,1644033.0
2025-12-18,ethereum,txcount,1703217.0
2025-12-19,ethereum,txcount,1693655.0
2025-12-20,ethereum,txcount,1617520.0
2025-12-21,ethereum,txcount,1552206.0
2025-12-22,ethereum,txcount,1788353.0
2025-12-23,ethereum,txcount,1913481.0
2025-12-24,ethereum,txcount,1875393.0
2025-12-25,ethereum,txcount,1578577.0
2025-12-26,ethereum,txcount,1732102.0
2025-12-27,ethereum,txcount,1643744.0
2025-12-28,ethereum,txcount,1621715.0
2025-12-29,ethereum,txcount,2230604.0
2025-12-30,ethereum,txcount,2122776.0
2025-12-31,ethereum,txcount,2130049.0
2026-01-01,ethereum,txcount,1941246.0
2026-01-02,ethereum,txcount,1987000.0
2026-01-03,ethereum,txcount,2020414.0
2026-01-04,ethereum,txcount,1727390.0
2026-01-05,ethereum,txcount,2084513.0
2026-01-06,ethereum,txcount,2008996.0
2026-01-07,ethereum,txcount,2030046.0
2026-01-08,ethereum,txcount,2060683.0
2026-01-09,ethereum,txcount,2086825.0
2026-01-10,ethereum,txcount,1891622.0
2026-01-11,ethereum,txcount,1819598.0
2026-01-12,ethereum,txcount,2164623.0
2026-01-13,ethereum,txcount,2319935.0
2026-01-14,ethereum,txcount,2595176.0
2026-01-15,ethereum,txcount,2812123.0
2026-01-16,ethereum,txcount,2885524.0
2026-01-17,ethereum,txcount,2398467.0
2026-01-18,ethereum,txcount,1920802.0
2026-01-19,ethereum,txcount,2528438.0
2026-01-20,ethereum,txcount,2288096.0
2026-01-21,ethereum,txcount,2473076.0
2026-01-22,ethereum,txcount,2372922.0
2026-01-23,ethereum,txcount,2531327.0
2026-01-24,ethereum,txcount,2268230.0
2026-01-25,ethereum,txcount,2181909.0
2026-01-26,ethereum,txcount,2362952.0
2026-01-27,ethereum,txcount,2558259.0
2026-01-28,ethereum,txcount,2726585.0
2026-01-29,ethereum,txcount,2625095.0
2026-01-30,ethereum,txcount,2290086.0
2026-01-31,ethereum,txcount,2047319.0
2026-02-01,ethereum,txcount,2538407.0
2026-02-02,ethereum,txcount,2308687.0
2026-02-03,ethereum,txcount,2563472.0
2026-02-04,ethereum,txcount,2489539.0
2026-02-05,ethereum,txcount,2263195.0
2026-02-06,ethereum,txcount,2418355.0
2026-02-07,ethereum,txcount,2896853.0
2026-02-08,ethereum,txcount,2317029.0
2026-02-09,ethereum,txcount,2709180.0
2026-02-10,ethereum,txcount,2843652.0
2026-02-11,ethereum,txcount,2466399.0
2026-02-12,ethereum,txcount,2190099.0
2026-02-13,ethereum,txcount,2275538.0
2026-02-14,ethereum,txcount,1932723.0
2026-02-15,ethereum,txcount,1747152.0
2026-02-16,ethereum,txcount,2005852.0
2026-02-17,ethereum,txcount,1957905.0
2026-02-18,ethereum,txcount,1996006.0
2026-02-19,ethereum,txcount,2010885.0
2026-02-20,ethereum,txcount,1869746.0
2026-02-21,ethereum,txcount,1686661.0
2026-02-22,ethereum,txcount,1727974.0
2026-02-23,ethereum,txcount,2026951.0
2026-02-24,ethereum,txcount,2068299.0
2026-02-25,ethereum,txcount,2363418.0
2026-02-26,ethereum,txcount,2137692.0
2026-02-27,ethereum,txcount,2051384.0
2026-02-28,ethereum,txcount,2026162.0
2026-03-01,ethereum,txcount,1883259.0
2026-03-02,ethereum,txcount,2201151.0
2026-03-03,ethereum,txcount,2044346.0
2026-03-04,ethereum,txcount,2026090.0
2026-03-05,ethereum,txcount,2182628.0
2026-03-06,ethereum,txcount,2134644.0
2026-03-07,ethereum,txcount,1913801.0
2026-03-08,ethereum,txcount,1724478.0
2026-03-09,ethereum,txcount,2131079.0
2026-03-10,ethereum,txcount,2257070.0
2026-03-11,ethereum,txcount,2149499.0
2026-03-12,ethereum,txcount,2210735.0
2026-03-13,ethereum,txcount,2179905.0
2026-03-14,ethereum,txcount,2026567.0
2026-03-15,ethereum,txcount,1777105.0
2026-03-16,ethereum,txcount,2158939.0
2026-03-17,ethereum,txcount,2434980.0
2026-03-18,ethereum,txcount,2610981.0
2026-03-19,ethereum,txcount,2648418.0
2026-03-20,ethereum,txcount,2417921.0
2026-03-21,ethereum,txcount,2144976.0
2026-03-22,ethereum,txcount,1852313.0
2026-03-23,ethereum,txcount,2495605.0
2026-03-24,ethereum,txcount,2563142.0
2026-03-25,ethereum,txcount,2061186.0
2026-03-26,ethereum,txcount,2449787.0
2026-03-27,ethereum,txcount,2661907.0
2026-03-28,ethereum,txcount,2494325.0
2026-03-29,ethereum,txcount,1806814.0
2026-03-30,ethereum,txcount,2275599.0
2026-03-31,ethereum,txcount,2622649.0
2026-04-01,ethereum,txcount,2363069.0
2026-04-02,ethereum,txcount,2428667.0
2026-04-03,ethereum,txcount,2302049.0
2026-04-04,ethereum,txcount,2076522.0
2026-04-05,ethereum,txcount,2032528.0
2026-04-06,ethereum,txcount,2435658.0
2026-04-07,ethereum,txcount,2566181.0
2026-04-08,ethereum,txcount,2423150.0
2026-04-09,ethereum,txcount,2370057.0
2026-04-10,ethereum,txcount,2415730.0
2026-04-11,ethereum,txcount,2864397.0
2026-04-12,ethereum,txcount,3617817.0
2026-04-13,ethereum,txcount,2526120.0
2026-04-14,ethereum,txcount,2839334.0
2026-04-15,ethereum,txcount,2504075.0
2026-04-16,ethereum,txcount,1872611.0
2026-04-17,ethereum,txcount,1888757.0
2026-04-18,ethereum,txcount,2129894.0
2026-04-19,ethereum,txcount,1736671.0
2026-04-20,ethereum,txcount,1847884.0
2026-04-21,ethereum,txcount,1932624.0
2026-04-22,ethereum,txcount,1952492.0
2026-04-23,ethereum,txcount,1933746.0
2026-04-24,ethereum,txcount,2035895.0
2026-04-25,ethereum,txcount,2114944.0
2026-04-26,ethereum,txcount,2387950.0
2026-04-27,ethereum,txcount,3161280.0
2026-04-28,ethereum,txcount,3627491.0
2026-04-29,ethereum,txcount,3241629.0
2026-04-30,ethereum,txcount,3196815.0
2026-05-01,ethereum,txcount,2896417.0
2026-05-02,ethereum,txcount,3170691.0
2026-05-03,ethereum,txcount,2480596.0
2026-05-04,ethereum,txcount,2138093.0
2026-05-05,ethereum,txcount,2001403.0
2026-05-06,ethereum,txcount,2018650.0
2026-05-07,ethereum,txcount,1950229.0
2026-05-08,ethereum,txcount,1822874.0
2026-05-09,ethereum,txcount,1843847.0
2026-05-10,ethereum,txcount,1782298.0
2026-05-11,ethereum,txcount,1954419.0
2026-05-12,ethereum,txcount,1966401.0
2026-05-13,ethereum,txcount,2313802.0
2026-05-14,ethereum,txcount,1969580.0
2026-05-15,ethereum,txcount,1788096.0
2026-05-16,ethereum,txcount,1972251.0
2026-05-17,ethereum,txcount,1960969.0
2026-05-18,ethereum,txcount,1824281.0
2026-05-19,ethereum,txcount,1932741.0
2026-05-20,ethereum,txcount,2086396.0
2026-05-21,ethereum,txcount,2320690.0
2026-05-22,ethereum,txcount,2311203.0
2026-05-23,ethereum,txcount,2673568.0
2026-05-24,ethereum,txcount,2538521.0
2026-05-25,ethereum,txcount,2217108.0
2026-05-26,ethereum,txcount,2367610.0
2026-05-27,ethereum,txcount,2164713.0
2026-05-28,ethereum,txcount,1968415.0
2026-05-29,ethereum,txcount,2304638.0
2026-05-30,ethereum,txcount,2663274.0
2026-05-31,ethereum,txcount,2112284.0
2026-06-01,ethereum,txcount,1976494.0
2026-06-02,ethereum,txcount,1930816.0
2026-06-03,ethereum,txcount,1832229.0
2026-06-04,ethereum,txcount,1749070.0
2026-06-05,ethereum,txcount,1799068.0
2026-06-06,ethereum,txcount,1708907.0
2026-06-07,ethereum,txcount,1587962.0
2026-06-08,ethereum,txcount,2033826.0
2026-06-09,ethereum,txcount,2218768.0
2026-06-10,ethereum,txcount,2048238.0
2026-06-11,ethereum,txcount,2085988.0
2026-06-12,ethereum,txcount,2348372.0
2026-06-13,ethereum,txcount,2573193.0
2026-06-14,ethereum,txcount,2203662.0
2026-06-15,ethereum,txcount,1842441.0
2026-06-16,ethereum,txcount,1850517.0
2026-06-17,ethereum,txcount,2359008.0
2026-06-18,ethereum,txcount,2128356.0
2026-06-19,ethereum,txcount,1882938.0
2026-06-20,ethereum,txcount,2082631.0
2026-06-21,ethereum,txcount,2924395.0
2026-06-22,ethereum,txcount,2838530.0
2026-06-23,ethereum,txcount,2891966.0
2026-06-24,ethereum,txcount,2700616.0
2026-06-25,ethereum,txcount,2683262.0
2026-06-26,ethereum,txcount,2317705.0
2026-06-27,ethereum,txcount,1439609.0
2026-06-28,ethereum,txcount,1464848.0
2026-06-29,ethereum,txcount,1868738.0
2026-06-30,ethereum,txcount,2136976.0
2026-07-01,ethereum,txcount,2238716.0
2026-07-02,ethereum,txcount,1800137.0
2026-07-03,ethereum,txcount,1857982.0
2026-07-04,ethereum,txcount,1925087.0
2026-07-05,ethereum,txcount,2762431.0
2026-07-06,ethereum,txcount,2718589.0
2026-07-07,ethereum,txcount,2825301.0
2026-07-08,ethereum,txcount,2413211.0
2026-07-09,ethereum,txcount,2395813.0
2026-07-10,ethereum,txcount,2823931.0
2026-07-11,ethereum,txcount,3242618.0
2026-07-12,ethereum,txcount,2239450.0
2026-07-13,ethereum,txcount,2695854.0
2026-07-14,ethereum,txcount,2992020.0
2026-07-15,ethereum,txcount,2780952.0
2026-07-16,ethereum,txcount,2836598.0
2026-07-17,ethereum,txcount,2461401.0
2026-07-18,ethereum,txcount,2595074.0
2026-07-19,ethereum,txcount,1592187.0
2026-07-20,ethereum,txcount,2551324.0
2026-07-21,ethereum,txcount,2816241.0
2026-07-22,ethereum,txcount,2561990.0
2026-07-23,ethereum,txcount,2359636.0
2026-07-24,ethereum,txcount,2552428.0
2026-07-25,ethereum,txcount,1998222.0
2026-07-26,ethereum,txcount,1538710.0
2026-07-27,ethereum,txcount,1871418.0
2026-07-28,ethereum,txcount,1664208.0
2026-07-29,ethereum,txcount,1734060.0
2026-07-30,ethereum,txcount,1766204.0
2026-07-31,ethereum,txcount,1756645.0
2026-08-01,ethereum,txcount,1570149.0
2026-08-02,ethereum,txcount,2565586.0
2026-08-03,ethereum,txcount,2565611.0
2026-08-04,ethereum,txcount,2442310.0
2026-08-05,ethereum,txcount,2638960.0
2026-08-06,ethereum,txcount,2926153.0
2026-08-07,ethereum,txcount,2634626.0
2026-08-08,ethereum,txcount,1364930.0
2026-08-09,ethereum,txcount,2913654.0
2026-08-10,ethereum,txcount,2315258.0
2026-08-11,ethereum,txcount,2400544.0
2026-08-12,ethereum,txcount,2642783.0
2026-08-13,ethereum,txcount,2716949.0
2026-08-14,ethereum,txcount,2901172.0
2026-08-15,ethereum,txcount,2884106.0
2026-08-16,ethereum,txcount,1875663.0
2026-08-17,ethereum,txcount,2718405.0
2026-08-18,ethereum,txcount,2856957.0
2026-08-19,ethereum,txcount,2467880.0
2026-08-20,ethereum,txcount,1975006.0
2023-07-06,linea,txcount,5.0
2023-07-07,linea,txcount,13.0
2023-07-11,linea,txcount,1.0
2023-07-12,linea,txcount,32.0
2023-07-13,linea,txcount,76.0
2023-07-14,linea,txcount,837.0
2023-07-15,linea,txcount,672.0
2023-07-16,linea,txcount,215.0
2023-07-17,linea,txcount,552.0
2023-07-18,linea,txcount,35717.0
2023-07-19,linea,txcount,128253.0
2023-07-20,linea,txcount,123193.0
2023-07-21,linea,txcount,107814.0
2023-07-22,linea,txcount,132716.0
2023-07-23,linea,txcount,140787.0
2023-07-24,linea,txcount,103350.0
2023-07-25,linea,txcount,100955.0
2023-07-26,linea,txcount,98689.0
2023-07-27,linea,txcount,85748.0
2023-07-28,linea,txcount,79429.0
2023-07-29,linea,txcount,120343.0
2023-07-30,linea,txcount,140769.0
2023-07-31,linea,txcount,127368.0
2023-08-01,linea,txcount,112814.0
2023-08-02,linea,txcount,99927.0
2023-08-03,linea,txcount,78569.0
2023-08-04,linea,txcount,68110.0
2023-08-05,linea,txcount,75127.0
2023-08-06,linea,txcount,86426.0
2023-08-07,linea,txcount,77327.0
2023-08-08,linea,txcount,67823.0
2023-08-09,linea,txcount,98470.0
2023-08-10,linea,txcount,91624.0
2023-08-11,linea,txcount,79160.0
2023-08-12,linea,txcount,88299.0
2023-08-13,linea,txcount,101431.0
2023-08-14,linea,txcount,77892.0
2023-08-15,linea,txcount,76620.0
2023-08-16,linea,txcount,62959.0
2023-08-17,linea,txcount,67098.0
2023-08-18,linea,txcount,62216.0
2023-08-19,linea,txcount,86916.0
2023-08-20,linea,txcount,93208.0
2023-08-21,linea,txcount,89085.0
2023-08-22,linea,txcount,100196.0
2023-08-23,linea,txcount,116480.0
2023-08-24,linea,txcount,146142.0
2023-08-25,linea,txcount,123364.0
2023-08-26,linea,txcount,155032.0
2023-08-27,linea,txcount,149855.0
2023-08-28,linea,txcount,102174.0
2023-08-29,linea,txcount,99120.0
2023-08-30,linea,txcount,105338.0
2023-08-31,linea,txcount,114937.0
2023-09-01,linea,txcount,118091.0
2023-09-02,linea,txcount,131557.0
2023-09-03,linea,txcount,133522.0
2023-09-04,linea,txcount,144990.0
2023-09-05,linea,txcount,194892.0
2023-09-06,linea,txcount,147173.0
2023-09-07,linea,txcount,160815.0
2023-09-08,linea,txcount,142277.0
2023-09-09,linea,txcount,174438.0
2023-09-10,linea,txcount,158742.0
2023-09-11,linea,txcount,118651.0
2023-09-12,linea,txcount,118486.0
2023-09-13,linea,txcount,91217.0
2023-09-14,linea,txcount,109839.0
2023-09-15,linea,txcount,113822.0
2023-09-16,linea,txcount,148277.0
2023-09-17,linea,txcount,138601.0
2023-09-18,linea,txcount,134614.0
2023-09-19,linea,txcount,129766.0
2023-09-20,linea,txcount,118434.0
2023-09-21,linea,txcount,110693.0
2023-09-22,linea,txcount,121439.0
2023-09-23,linea,txcount,125977.0
2023-09-24,linea,txcount,137284.0
2023-09-25,linea,txcount,126883.0
2023-09-26,linea,txcount,106096.0
2023-09-27,linea,txcount,125173.0
2023-09-28,linea,txcount,137043.0
2023-09-29,linea,txcount,137793.0
2023-09-30,linea,txcount,191447.0
2023-10-01,linea,txcount,167413.0
2023-10-02,linea,txcount,140982.0
2023-10-03,linea,txcount,170415.0
2023-10-04,linea,txcount,204565.0
2023-10-05,linea,txcount,197443.0
2023-10-06,linea,txcount,213450.0
2023-10-07,linea,txcount,294643.0
2023-10-08,linea,txcount,353115.0
2023-10-09,linea,txcount,363725.0
2023-10-10,linea,txcount,357355.0
2023-10-11,linea,txcount,132998.0
2023-10-12,linea,txcount,134063.0
2023-10-13,linea,txcount,139279.0
2023-10-14,linea,txcount,162414.0
2023-10-15,linea,txcount,156604.0
2023-10-16,linea,txcount,142150.0
2023-10-17,linea,txcount,146247.0
2023-10-18,linea,txcount,144597.0
2023-10-19,linea,txcount,141916.0
2023-10-20,linea,txcount,109884.0
2023-10-21,linea,txcount,134657.0
2023-10-22,linea,txcount,147016.0
2023-10-23,linea,txcount,108122.0
2023-10-24,linea,txcount,71578.0
2023-10-25,linea,txcount,91251.0
2023-10-26,linea,txcount,75741.0
2023-10-27,linea,txcount,86932.0
2023-10-28,linea,txcount,112648.0
2023-10-29,linea,txcount,121092.0
2023-10-30,linea,txcount,100451.0
2023-10-31,linea,txcount,87203.0
2023-11-01,linea,txcount,92107.0
2023-11-02,linea,txcount,82879.0
2023-11-03,linea,txcount,85326.0
2023-11-04,linea,txcount,122266.0
2023-11-05,linea,txcount,114131.0
2023-11-06,linea,txcount,82443.0
2023-11-07,linea,txcount,87332.0
2023-11-08,linea,txcount,137954.0
2023-11-09,linea,txcount,126221.0
2023-11-10,linea,txcount,120886.0
2023-11-11,linea,txcount,237588.0
2023-11-12,linea,txcount,258093.0
2023-11-13,linea,txcount,221980.0
2023-11-14,linea,txcount,235930.0
2023-11-15,linea,txcount,224000.0
2023-11-16,linea,txcount,201411.0
2023-11-17,linea,txcount,255318.0
2023-11-18,linea,txcount,315140.0
2023-11-19,linea,txcount,376184.0
2023-11-20,linea,txcount,422390.0
2023-11-21,linea,txcount,470421.0
2023-11-22,linea,txcount,436547.0
2023-11-23,linea,txcount,353834.0
2023-11-24,linea,txcount,451551.0
2023-11-25,linea,txcount,621901.0
2023-11-26,linea,txcount,557256.0
2023-11-27,linea,txcount,452739.0
2023-11-28,linea,txcount,482594.0
2023-11-29,linea,txcount,310688.0
2023-11-30,linea,txcount,319899.0
2023-12-01,linea,txcount,314404.0
2023-12-02,linea,txcount,648236.0
2023-12-03,linea,txcount,858317.0
2023-12-04,linea,txcount,471617.0
2023-12-05,linea,txcount,546587.0
2023-12-06,linea,txcount,284694.0
2023-12-07,linea,txcount,544310.0
2023-12-08,linea,txcount,568264.0
2023-12-09,linea,txcount,1106194.0
2023-12-10,linea,txcount,1288883.0
2023-12-11,linea,txcount,775295.0
2023-12-12,linea,txcount,684609.0
2023-12-13,linea,txcount,638472.0
2023-12-14,linea,txcount,496783.0
2023-12-15,linea,txcount,784595.0
2023-12-16,linea,txcount,763644.0
2023-12-17,linea,txcount,902241.0
2023-12-18,linea,txcount,524432.0
2023-12-19,linea,txcount,457239.0
2023-12-20,linea,txcount,418536.0
2023-12-21,linea,txcount,140793.0
2023-12-22,linea,txcount,145297.0
2023-12-23,linea,txcount,184625.0
2023-12-24,linea,txcount,145394.0
2023-12-25,linea,txcount,155935.0
2023-12-26,linea,txcount,197945.0
2023-12-27,linea,txcount,154163.0
2023-12-28,linea,txcount,122987.0
2023-12-29,linea,txcount,131037.0
2023-12-30,linea,txcount,157430.0
2023-12-31,linea,txcount,158671.0
2024-01-01,linea,txcount,156324.0
2024-01-02,linea,txcount,127116.0
2024-01-03,linea,txcount,105979.0
2024-01-04,linea,txcount,207613.0
2024-01-05,linea,txcount,645755.0
2024-01-06,linea,txcount,768165.0
2024-01-07,linea,txcount,609209.0
2024-01-08,linea,txcount,138625.0
2024-01-09,linea,txcount,170780.0
2024-01-10,linea,txcount,150482.0
2024-01-11,linea,txcount,159738.0
2024-01-12,linea,txcount,194151.0
2024-01-13,linea,txcount,222980.0
2024-01-14,linea,txcount,147211.0
2024-01-15,linea,txcount,193987.0
2024-01-16,linea,txcount,139048.0
2024-01-17,linea,txcount,162611.0
2024-01-18,linea,txcount,183178.0
2024-01-19,linea,txcount,187249.0
2024-01-20,linea,txcount,261184.0
2024-01-21,linea,txcount,286420.0
2024-01-22,linea,txcount,197274.0
2024-01-23,linea,txcount,181818.0
2024-01-24,linea,txcount,199880.0
2024-01-25,linea,txcount,152253.0
2024-01-26,linea,txcount,168404.0
2024-01-27,linea,txcount,202412.0
2024-01-28,linea,txcount,211652.0
2024-01-29,linea,txcount,209589.0
2024-01-30,linea,txcount,144760.0
2024-01-31,linea,txcount,147144.0
2024-02-01,linea,txcount,123896.0
2024-02-02,linea,txcount,298792.0
2024-02-03,linea,txcount,434087.0
2024-02-04,linea,txcount,233691.0
2024-02-05,linea,txcount,210930.0
2024-02-06,linea,txcount,146331.0
2024-02-07,linea,txcount,121444.0
2024-02-08,linea,txcount,102968.0
2024-02-09,linea,txcount,75484.0
2024-02-10,linea,txcount,117841.0
2024-02-11,linea,txcount,144226.0
2024-02-12,linea,txcount,131607.0
2024-02-13,linea,txcount,122309.0
2024-02-14,linea,txcount,157715.0
2024-02-15,linea,txcount,194500.0
2024-02-16,linea,txcount,218527.0
2024-02-17,linea,txcount,255984.0
2024-02-18,linea,txcount,285739.0
2024-02-19,linea,txcount,275241.0
2024-02-20,linea,txcount,347521.0
2024-02-21,linea,txcount,672202.0
2024-02-22,linea,txcount,780262.0
2024-02-23,linea,txcount,954956.0
2024-02-24,linea,txcount,1047454.0
2024-02-25,linea,txcount,1114190.0
2024-02-26,linea,txcount,1118154.0
2024-02-27,linea,txcount,889421.0
2024-02-28,linea,txcount,953111.0
2024-02-29,linea,txcount,706243.0
2024-03-01,linea,txcount,822198.0
2024-03-02,linea,txcount,1120783.0
2024-03-03,linea,txcount,1030102.0
2024-03-04,linea,txcount,487373.0
2024-03-05,linea,txcount,428508.0
2024-03-06,linea,txcount,682145.0
2024-03-07,linea,txcount,830055.0
2024-03-08,linea,txcount,899775.0
2024-03-09,linea,txcount,1411875.0
2024-03-10,linea,txcount,1287246.0
2024-03-11,linea,txcount,938863.0
2024-03-12,linea,txcount,805610.0
2024-03-13,linea,txcount,637674.0
2024-03-14,linea,txcount,725460.0
2024-03-15,linea,txcount,874537.0
2024-03-16,linea,txcount,1086960.0
2024-03-17,linea,txcount,1224871.0
2024-03-18,linea,txcount,924521.0
2024-03-19,linea,txcount,928703.0
2024-03-20,linea,txcount,1203316.0
2024-03-21,linea,txcount,1513740.0
2024-03-22,linea,txcount,1561873.0
2024-03-23,linea,txcount,1941169.0
2024-03-24,linea,txcount,2117776.0
2024-03-25,linea,txcount,1858209.0
2024-03-26,linea,txcount,1767149.0
2024-03-27,linea,txcount,1461774.0
2024-03-28,linea,txcount,2027161.0
2024-03-29,linea,txcount,2630381.0
2024-03-30,linea,txcount,3985154.0
2024-03-31,linea,txcount,4812417.0
2024-04-01,linea,txcount,4603218.0
2024-04-02,linea,txcount,4398099.0
2024-04-03,linea,txcount,4487765.0
2024-04-04,linea,txcount,3334409.0
2024-04-05,linea,txcount,784488.0
2024-04-06,linea,txcount,976239.0
2024-04-07,linea,txcount,786597.0
2024-04-08,linea,txcount,452002.0
2024-04-09,linea,txcount,546251.0
2024-04-10,linea,txcount,584762.0
2024-04-11,linea,txcount,541292.0
2024-04-12,linea,txcount,573439.0
2024-04-13,linea,txcount,503409.0
2024-04-14,linea,txcount,502947.0
2024-04-15,linea,txcount,434306.0
2024-04-16,linea,txcount,437155.0
2024-04-17,linea,txcount,421056.0
2024-04-18,linea,txcount,425711.0
2024-04-19,linea,txcount,432219.0
2024-04-20,linea,txcount,380090.0
2024-04-21,linea,txcount,369579.0
2024-04-22,linea,txcount,383174.0
2024-04-23,linea,txcount,397204.0
2024-04-24,linea,txcount,448096.0
2024-04-25,linea,txcount,478824.0
2024-04-26,linea,txcount,504882.0
2024-04-27,linea,txcount,357171.0
2024-04-28,linea,txcount,385986.0
2024-04-29,linea,txcount,407582.0
2024-04-30,linea,txcount,368852.0
2024-05-01,linea,txcount,331245.0
2024-05-02,linea,txcount,310283.0
2024-05-03,linea,txcount,289950.0
2024-05-04,linea,txcount,289463.0
2024-05-05,linea,txcount,331585.0
2024-05-06,linea,txcount,486603.0
2024-05-07,linea,txcount,445117.0
2024-05-08,linea,txcount,380287.0
2024-05-09,linea,txcount,386044.0
2024-05-10,linea,txcount,336256.0
2024-05-11,linea,txcount,294745.0
2024-05-12,linea,txcount,318027.0
2024-05-13,linea,txcount,364212.0
2024-05-14,linea,txcount,368683.0
2024-05-15,linea,txcount,402185.0
2024-05-16,linea,txcount,404341.0
2024-05-17,linea,txcount,440816.0
2024-05-18,linea,txcount,370938.0
2024-05-19,linea,txcount,332596.0
2024-05-20,linea,txcount,402015.0
2024-05-21,linea,txcount,474734.0
2024-05-22,linea,txcount,891135.0
2024-05-23,linea,txcount,1020964.0
2024-05-24,linea,txcount,946986.0
2024-05-25,linea,txcount,973846.0
2024-05-26,linea,txcount,976350.0
2024-05-27,linea,txcount,880553.0
2024-05-28,linea,txcount,1022026.0
2024-05-29,linea,txcount,1010329.0
2024-05-30,linea,txcount,963112.0
2024-05-31,linea,txcount,1055452.0
2024-06-01,linea,txcount,809914.0
2024-06-02,linea,txcount,880541.0
2024-06-03,linea,txcount,1101149.0
2024-06-04,linea,txcount,1102855.0
2024-06-05,linea,txcount,649917.0
2024-06-06,linea,txcount,604224.0
2024-06-07,linea,txcount,526055.0
2024-06-08,linea,txcount,455520.0
2024-06-09,linea,txcount,449983.0
2024-06-10,linea,txcount,430237.0
2024-06-11,linea,txcount,418086.0
2024-06-12,linea,txcount,456734.0
2024-06-13,linea,txcount,530942.0
2024-06-14,linea,txcount,442628.0
2024-06-15,linea,txcount,392735.0
2024-06-16,linea,txcount,347496.0
2024-06-17,linea,txcount,412144.0
2024-06-18,linea,txcount,423364.0
2024-06-19,linea,txcount,423996.0
2024-06-20,linea,txcount,471851.0
2024-06-21,linea,txcount,514700.0
2024-06-22,linea,txcount,492913.0
2024-06-23,linea,txcount,457079.0
2024-06-24,linea,txcount,467843.0
2024-06-25,linea,txcount,486350.0
2024-06-26,linea,txcount,481913.0
2024-06-27,linea,txcount,499762.0
2024-06-28,linea,txcount,443028.0
2024-06-29,linea,txcount,410770.0
2024-06-30,linea,txcount,406787.0
2024-07-01,linea,txcount,670592.0
2024-07-02,linea,txcount,1020180.0
2024-07-03,linea,txcount,919104.0
2024-07-04,linea,txcount,1450181.0
2024-07-05,linea,txcount,1297500.0
2024-07-06,linea,txcount,772348.0
2024-07-07,linea,txcount,619121.0
2024-07-08,linea,txcount,1081922.0
2024-07-09,linea,txcount,1340114.0
2024-07-10,linea,txcount,1279533.0
2024-07-11,linea,txcount,1221400.0
2024-07-12,linea,txcount,1140502.0
2024-07-13,linea,txcount,1163332.0
2024-07-14,linea,txcount,939921.0
2024-07-15,linea,txcount,1123298.0
2024-07-16,linea,txcount,1395598.0
2024-07-17,linea,txcount,1183784.0
2024-07-18,linea,txcount,1212906.0
2024-07-19,linea,txcount,1170842.0
2024-07-20,linea,txcount,1165900.0
2024-07-21,linea,txcount,1101483.0
2024-07-22,linea,txcount,865034.0
2024-07-23,linea,txcount,1456787.0
2024-07-24,linea,txcount,1236171.0
2024-07-25,linea,txcount,1108130.0
2024-07-26,linea,txcount,1109190.0
2024-07-27,linea,txcount,1053291.0
2024-07-28,linea,txcount,847388.0
2024-07-29,linea,txcount,643698.0
2024-07-30,linea,txcount,544702.0
2024-07-31,linea,txcount,627933.0
2024-08-01,linea,txcount,561337.0
2024-08-02,linea,txcount,761523.0
2024-08-03,linea,txcount,481956.0
2024-08-04,linea,txcount,387431.0
2024-08-05,linea,txcount,538152.0
2024-08-06,linea,txcount,434883.0
2024-08-07,linea,txcount,445048.0
2024-08-08,linea,txcount,450751.0
2024-08-09,linea,txcount,439799.0
2024-08-10,linea,txcount,383830.0
2024-08-11,linea,txcount,368002.0
2024-08-12,linea,txcount,439595.0
2024-08-13,linea,txcount,411811.0
2024-08-14,linea,txcount,440242.0
2024-08-15,linea,txcount,439983.0
2024-08-16,linea,txcount,388616.0
2024-08-17,linea,txcount,328686.0
2024-08-18,linea,txcount,276319.0
2024-08-19,linea,txcount,404337.0
2024-08-20,linea,txcount,369644.0
2024-08-21,linea,txcount,388745.0
2024-08-22,linea,txcount,382389.0
2024-08-23,linea,txcount,381209.0
2024-08-24,linea,txcount,309863.0
2024-08-25,linea,txcount,323466.0
2024-08-26,linea,txcount,359827.0
2024-08-27,linea,txcount,363154.0
2024-08-28,linea,txcount,410125.0
2024-08-29,linea,txcount,401846.0
2024-08-30,linea,txcount,376030.0
2024-08-31,linea,txcount,290610.0
2024-09-01,linea,txcount,353847.0
2024-09-02,linea,txcount,396548.0
2024-09-03,linea,txcount,400305.0
2024-09-04,linea,txcount,405193.0
2024-09-05,linea,txcount,439906.0
2024-09-06,linea,txcount,506574.0
2024-09-07,linea,txcount,537829.0
2024-09-08,linea,txcount,568372.0
2024-09-09,linea,txcount,630065.0
2024-09-10,linea,txcount,586917.0
2024-09-11,linea,txcount,631637.0
2024-09-12,linea,txcount,530855.0
2024-09-13,linea,txcount,500571.0
2024-09-14,linea,txcount,531566.0
2024-09-15,linea,txcount,450587.0
2024-09-16,linea,txcount,506735.0
2024-09-17,linea,txcount,428763.0
2024-09-18,linea,txcount,551483.0
2024-09-19,linea,txcount,498704.0
2024-09-20,linea,txcount,314707.0
2024-09-21,linea,txcount,280727.0
2024-09-22,linea,txcount,285020.0
2024-09-23,linea,txcount,356892.0
2024-09-24,linea,txcount,290783.0
2024-09-25,linea,txcount,293442.0
2024-09-26,linea,txcount,288108.0
2024-09-27,linea,txcount,309975.0
2024-09-28,linea,txcount,250569.0
2024-09-29,linea,txcount,233386.0
2024-09-30,linea,txcount,268507.0
2024-10-01,linea,txcount,250031.0
2024-10-02,linea,txcount,269151.0
2024-10-03,linea,txcount,286921.0
2024-10-04,linea,txcount,275876.0
2024-10-05,linea,txcount,273338.0
2024-10-06,linea,txcount,222905.0
2024-10-07,linea,txcount,228741.0
2024-10-08,linea,txcount,223496.0
2024-10-09,linea,txcount,229770.0
2024-10-10,linea,txcount,200558.0
2024-10-11,linea,txcount,169364.0
2024-10-12,linea,txcount,177545.0
2024-10-13,linea,txcount,166702.0
2024-10-14,linea,txcount,190917.0
2024-10-15,linea,txcount,204799.0
2024-10-16,linea,txcount,195398.0
2024-10-17,linea,txcount,184416.0
2024-10-18,linea,txcount,199513.0
2024-10-19,linea,txcount,182250.0
2024-10-20,linea,txcount,175118.0
2024-10-21,linea,txcount,182368.0
2024-10-22,linea,txcount,214592.0
2024-10-23,linea,txcount,256890.0
2024-10-24,linea,txcount,289879.0
2024-10-25,linea,txcount,319077.0
2024-10-26,linea,txcount,287401.0
2024-10-27,linea,txcount,279602.0
2024-10-28,linea,txcount,296225.0
2024-10-29,linea,txcount,286219.0
2024-10-30,linea,txcount,280079.0
2024-10-31,linea,txcount,280860.0
2024-11-01,linea,txcount,219916.0
2024-11-02,linea,txcount,241052.0
2024-11-03,linea,txcount,231472.0
2024-11-04,linea,txcount,184672.0
2024-11-05,linea,txcount,181475.0
2024-11-06,linea,txcount,220133.0
2024-11-07,linea,txcount,211316.0
2024-11-08,linea,txcount,186976.0
2024-11-09,linea,txcount,197060.0
2024-11-10,linea,txcount,236870.0
2024-11-11,linea,txcount,240704.0
2024-11-12,linea,txcount,233593.0
2024-11-13,linea,txcount,207303.0
2024-11-14,linea,txcount,208492.0
2024-11-15,linea,txcount,205495.0
2024-11-16,linea,txcount,197068.0
2024-11-17,linea,txcount,232575.0
2024-11-18,linea,txcount,247307.0
2024-11-19,linea,txcount,233894.0
2024-11-20,linea,txcount,269403.0
2024-11-21,linea,txcount,249955.0
2024-11-22,linea,txcount,253562.0
2024-11-23,linea,txcount,221402.0
2024-11-24,linea,txcount,220322.0
2024-11-25,linea,txcount,216334.0
2024-11-26,linea,txcount,213389.0
2024-11-27,linea,txcount,221474.0
2024-11-28,linea,txcount,177311.0
2024-11-29,linea,txcount,186713.0
2024-11-30,linea,txcount,168001.0
2024-12-01,linea,txcount,170750.0
2024-12-02,linea,txcount,222420.0
2024-12-03,linea,txcount,192456.0
2024-12-04,linea,txcount,195928.0
2024-12-05,linea,txcount,205609.0
2024-12-06,linea,txcount,187246.0
2024-12-07,linea,txcount,179900.0
2024-12-08,linea,txcount,187675.0
2024-12-09,linea,txcount,206902.0
2024-12-10,linea,txcount,215501.0
2024-12-11,linea,txcount,195746.0
2024-12-12,linea,txcount,207630.0
2024-12-13,linea,txcount,174937.0
2024-12-14,linea,txcount,164471.0
2024-12-15,linea,txcount,169283.0
2024-12-16,linea,txcount,187610.0
2024-12-17,linea,txcount,177080.0
2024-12-18,linea,txcount,202724.0
2024-12-19,linea,txcount,209372.0
2024-12-20,linea,txcount,200218.0
2024-12-21,linea,txcount,193885.0
2024-12-22,linea,txcount,189481.0
2024-12-23,linea,txcount,206331.0
2024-12-24,linea,txcount,215597.0
2024-12-25,linea,txcount,224302.0
2024-12-26,linea,txcount,210462.0
2024-12-27,linea,txcount,162944.0
2024-12-28,linea,txcount,134843.0
2024-12-29,linea,txcount,139694.0
2024-12-30,linea,txcount,156052.0
2024-12-31,linea,txcount,121138.0
2025-01-01,linea,txcount,135058.0
2025-01-02,linea,txcount,204563.0
2025-01-03,linea,txcount,171479.0
2025-01-04,linea,txcount,141625.0
2025-01-05,linea,txcount,146002.0
2025-01-06,linea,txcount,170633.0
2025-01-07,linea,txcount,164939.0
2025-01-08,linea,txcount,168726.0
2025-01-09,linea,txcount,176755.0
2025-01-10,linea,txcount,163341.0
2025-01-11,linea,txcount,128451.0
2025-01-12,linea,txcount,120581.0
2025-01-13,linea,txcount,173382.0
2025-01-14,linea,txcount,135969.0
2025-01-15,linea,txcount,123107.0
2025-01-16,linea,txcount,128934.0
2025-01-17,linea,txcount,136100.0
2025-01-18,linea,txcount,114672.0
2025-01-19,linea,txcount,170846.0
2025-01-20,linea,txcount,180571.0
2025-01-21,linea,txcount,157967.0
2025-01-22,linea,txcount,120226.0
2025-01-23,linea,txcount,123665.0
2025-01-24,linea,txcount,141708.0
2025-01-25,linea,txcount,253526.0
2025-01-26,linea,txcount,133592.0
2025-01-27,linea,txcount,137232.0
2025-01-28,linea,txcount,107158.0
2025-01-29,linea,txcount,112690.0
2025-01-30,linea,txcount,102332.0
2025-01-31,linea,txcount,117454.0
2025-02-01,linea,txcount,105269.0
2025-02-02,linea,txcount,134477.0
2025-02-03,linea,txcount,195613.0
2025-02-04,linea,txcount,144609.0
2025-02-05,linea,txcount,119016.0
2025-02-06,linea,txcount,119364.0
2025-02-07,linea,txcount,111650.0
2025-02-08,linea,txcount,110811.0
2025-02-09,linea,txcount,122349.0
2025-02-10,linea,txcount,120038.0
2025-02-11,linea,txcount,131560.0
2025-02-12,linea,txcount,140078.0
2025-02-13,linea,txcount,125015.0
2025-02-14,linea,txcount,104766.0
2025-02-15,linea,txcount,92337.0
2025-02-16,linea,txcount,102177.0
2025-02-17,linea,txcount,127010.0
2025-02-18,linea,txcount,408000.0
2025-02-19,linea,txcount,193086.0
2025-02-20,linea,txcount,155677.0
2025-02-21,linea,txcount,142442.0
2025-02-22,linea,txcount,105119.0
2025-02-23,linea,txcount,99991.0
2025-02-24,linea,txcount,141973.0
2025-02-25,linea,txcount,175521.0
2025-02-26,linea,txcount,169662.0
2025-02-27,linea,txcount,161852.0
2025-02-28,linea,txcount,207171.0
2025-03-01,linea,txcount,122633.0
2025-03-02,linea,txcount,144474.0
2025-03-03,linea,txcount,137584.0
2025-03-04,linea,txcount,181221.0
2025-03-05,linea,txcount,156421.0
2025-03-06,linea,txcount,157506.0
2025-03-07,linea,txcount,138758.0
2025-03-08,linea,txcount,101690.0
2025-03-09,linea,txcount,111779.0
2025-03-10,linea,txcount,138393.0
2025-03-11,linea,txcount,123757.0
2025-03-12,linea,txcount,115234.0
2025-03-13,linea,txcount,148543.0
2025-03-14,linea,txcount,173726.0
2025-03-15,linea,txcount,117769.0
2025-03-16,linea,txcount,121979.0
2025-03-17,linea,txcount,110840.0
2025-03-18,linea,txcount,94201.0
2025-03-19,linea,txcount,101275.0
2025-03-20,linea,txcount,94681.0
2025-03-21,linea,txcount,94991.0
2025-03-22,linea,txcount,74797.0
2025-03-23,linea,txcount,85150.0
2025-03-24,linea,txcount,102239.0
2025-03-25,linea,txcount,119363.0
2025-03-26,linea,txcount,113726.0
2025-03-27,linea,txcount,99250.0
2025-03-28,linea,txcount,99139.0
2025-03-29,linea,txcount,91971.0
2025-03-30,linea,txcount,97574.0
2025-03-31,linea,txcount,106350.0
2025-04-01,linea,txcount,83670.0
2025-04-02,linea,txcount,101642.0
2025-04-03,linea,txcount,89610.0
2025-04-04,linea,txcount,83203.0
2025-04-05,linea,txcount,64381.0
2025-04-06,linea,txcount,106842.0
2025-04-07,linea,txcount,143619.0
2025-04-08,linea,txcount,90766.0
2025-04-09,linea,txcount,126213.0
2025-04-10,linea,txcount,100024.0
2025-04-11,linea,txcount,82876.0
2025-04-12,linea,txcount,74739.0
2025-04-13,linea,txcount,83242.0
2025-04-14,linea,txcount,85423.0
2025-04-15,linea,txcount,85495.0
2025-04-16,linea,txcount,87499.0
2025-04-17,linea,txcount,71299.0
2025-04-18,linea,txcount,62100.0
2025-04-19,linea,txcount,64345.0
2025-04-20,linea,txcount,59578.0
2025-04-21,linea,txcount,88961.0
2025-04-22,linea,txcount,94803.0
2025-04-23,linea,txcount,93182.0
2025-04-24,linea,txcount,95014.0
2025-04-25,linea,txcount,88747.0
2025-04-26,linea,txcount,83610.0
2025-04-27,linea,txcount,93665.0
2025-04-28,linea,txcount,101260.0
2025-04-29,linea,txcount,105153.0
2025-04-30,linea,txcount,103912.0
2025-05-01,linea,txcount,80382.0
2025-05-02,linea,txcount,68503.0
2025-05-03,linea,txcount,63936.0
2025-05-04,linea,txcount,60959.0
2025-05-05,linea,txcount,72892.0
2025-05-06,linea,txcount,82852.0
2025-05-07,linea,txcount,76863.0
2025-05-08,linea,txcount,95393.0
2025-05-09,linea,txcount,114882.0
2025-05-10,linea,txcount,97641.0
2025-05-11,linea,txcount,91824.0
2025-05-12,linea,txcount,102062.0
2025-05-13,linea,txcount,99118.0
2025-05-14,linea,txcount,96290.0
2025-05-15,linea,txcount,95346.0
2025-05-16,linea,txcount,84831.0
2025-05-17,linea,txcount,73472.0
2025-05-18,linea,txcount,75865.0
2025-05-19,linea,txcount,97990.0
2025-05-20,linea,txcount,85048.0
2025-05-21,linea,txcount,97168.0
2025-05-22,linea,txcount,93960.0
2025-05-23,linea,txcount,97794.0
2025-05-24,linea,txcount,72344.0
2025-05-25,linea,txcount,75353.0
2025-05-26,linea,txcount,83670.0
2025-05-27,linea,txcount,87804.0
2025-05-28,linea,txcount,78050.0
2025-05-29,linea,txcount,82647.0
2025-05-30,linea,txcount,87259.0
2025-05-31,linea,txcount,65294.0
2025-06-01,linea,txcount,66366.0
2025-06-02,linea,txcount,74957.0
2025-06-03,linea,txcount,81995.0
2025-06-04,linea,txcount,90580.0
2025-06-05,linea,txcount,97709.0
2025-06-06,linea,txcount,85732.0
2025-06-07,linea,txcount,69471.0
2025-06-08,linea,txcount,73240.0
2025-06-09,linea,txcount,95767.0
2025-06-10,linea,txcount,119350.0
2025-06-11,linea,txcount,106766.0
2025-06-12,linea,txcount,93172.0
2025-06-13,linea,txcount,83382.0
2025-06-14,linea,txcount,69269.0
2025-06-15,linea,txcount,71266.0
2025-06-16,linea,txcount,85765.0
2025-06-17,linea,txcount,70834.0
2025-06-18,linea,txcount,69788.0
2025-06-19,linea,txcount,56614.0
2025-06-20,linea,txcount,60512.0
2025-06-21,linea,txcount,54852.0
2025-06-22,linea,txcount,70897.0
2025-06-23,linea,txcount,70894.0
2025-06-24,linea,txcount,66042.0
2025-06-25,linea,txcount,64802.0
2025-06-26,linea,txcount,69783.0
2025-06-27,linea,txcount,62166.0
2025-06-28,linea,txcount,51507.0
2025-06-29,linea,txcount,63225.0
2025-06-30,linea,txcount,73351.0
2025-07-01,linea,txcount,55417.0
2025-07-02,linea,txcount,63339.0
2025-07-03,linea,txcount,70004.0
2025-07-04,linea,txcount,73778.0
2025-07-05,linea,txcount,86753.0
2025-07-06,linea,txcount,54759.0
2025-07-07,linea,txcount,62984.0
2025-07-08,linea,txcount,62460.0
2025-07-09,linea,txcount,63592.0
2025-07-10,linea,txcount,72617.0
2025-07-11,linea,txcount,73599.0
2025-07-12,linea,txcount,56035.0
2025-07-13,linea,txcount,66551.0
2025-07-14,linea,txcount,76994.0
2025-07-15,linea,txcount,90689.0
2025-07-16,linea,txcount,93008.0
2025-07-17,linea,txcount,106085.0
2025-07-18,linea,txcount,128555.0
2025-07-19,linea,txcount,94942.0
2025-07-20,linea,txcount,116618.0
2025-07-21,linea,txcount,215226.0
2025-07-22,linea,txcount,166175.0
2025-07-23,linea,txcount,163790.0
2025-07-24,linea,txcount,173767.0
2025-07-25,linea,txcount,231165.0
2025-07-26,linea,txcount,101908.0
2025-07-27,linea,txcount,86221.0
2025-07-28,linea,txcount,106332.0
2025-07-29,linea,txcount,141444.0
2025-07-30,linea,txcount,113012.0
2025-07-31,linea,txcount,84578.0
2025-08-01,linea,txcount,84692.0
2025-08-02,linea,txcount,76237.0
2025-08-03,linea,txcount,61967.0
2025-08-04,linea,txcount,82769.0
2025-08-05,linea,txcount,80598.0
2025-08-06,linea,txcount,161878.0
2025-08-07,linea,txcount,304585.0
2025-08-08,linea,txcount,288427.0
2025-08-09,linea,txcount,234378.0
2025-08-10,linea,txcount,244494.0
2025-08-11,linea,txcount,268998.0
2025-08-12,linea,txcount,268839.0
2025-08-13,linea,txcount,304032.0
2025-08-14,linea,txcount,305684.0
2025-08-15,linea,txcount,211057.0
2025-08-16,linea,txcount,247178.0
2025-08-17,linea,txcount,248093.0
2025-08-18,linea,txcount,221897.0
2025-08-19,linea,txcount,209573.0
2025-08-20,linea,txcount,220687.0
2025-08-21,linea,txcount,243758.0
2025-08-22,linea,txcount,227427.0
2025-08-23,linea,txcount,184328.0
2025-08-24,linea,txcount,194308.0
2025-08-25,linea,txcount,186482.0
2025-08-26,linea,txcount,200829.0
2025-08-27,linea,txcount,201160.0
2025-08-28,linea,txcount,183278.0
2025-08-29,linea,txcount,188523.0
2025-08-30,linea,txcount,166216.0
2025-08-31,linea,txcount,152585.0
2025-09-01,linea,txcount,163492.0
2025-09-02,linea,txcount,192463.0
2025-09-03,linea,txcount,293968.0
2025-09-04,linea,txcount,237855.0
2025-09-05,linea,txcount,207063.0
2025-09-06,linea,txcount,162197.0
2025-09-07,linea,txcount,171703.0
2025-09-08,linea,txcount,208086.0
2025-09-09,linea,txcount,199373.0
2025-09-10,linea,txcount,1625133.0
2025-09-11,linea,txcount,1053189.0
2025-09-12,linea,txcount,626574.0
2025-09-13,linea,txcount,629018.0
2025-09-14,linea,txcount,661613.0
2025-09-15,linea,txcount,572184.0
2025-09-16,linea,txcount,504158.0
2025-09-17,linea,txcount,305736.0
2025-09-18,linea,txcount,274012.0
2025-09-19,linea,txcount,365288.0
2025-09-20,linea,txcount,264509.0
2025-09-21,linea,txcount,348232.0
2025-09-22,linea,txcount,344459.0
2025-09-23,linea,txcount,314975.0
2025-09-24,linea,txcount,488867.0
2025-09-25,linea,txcount,269623.0
2025-09-26,linea,txcount,227269.0
2025-09-27,linea,txcount,227131.0
2025-09-28,linea,txcount,145855.0
2025-09-29,linea,txcount,161125.0
2025-09-30,linea,txcount,156649.0
2025-10-01,linea,txcount,140051.0
2025-10-02,linea,txcount,148417.0
2025-10-03,linea,txcount,145840.0
2025-10-04,linea,txcount,148349.0
2025-10-05,linea,txcount,134039.0
2025-10-06,linea,txcount,149449.0
2025-10-07,linea,txcount,161525.0
2025-10-08,linea,txcount,136754.0
2025-10-09,linea,txcount,163958.0
2025-10-10,linea,txcount,196318.0
2025-10-11,linea,txcount,145838.0
2025-10-12,linea,txcount,141219.0
2025-10-13,linea,txcount,145155.0
2025-10-14,linea,txcount,141181.0
2025-10-15,linea,txcount,127109.0
2025-10-16,linea,txcount,132545.0
2025-10-17,linea,txcount,122080.0
2025-10-18,linea,txcount,96078.0
2025-10-19,linea,txcount,94091.0
2025-10-20,linea,txcount,104272.0
2025-10-21,linea,txcount,121268.0
2025-10-22,linea,txcount,112322.0
2025-10-23,linea,txcount,99530.0
2025-10-24,linea,txcount,92451.0
2025-10-25,linea,txcount,83959.0
2025-10-26,linea,txcount,80626.0
2025-10-27,linea,txcount,122596.0
2025-10-28,linea,txcount,139848.0
2025-10-29,linea,txcount,215531.0
2025-10-30,linea,txcount,180393.0
2025-10-31,linea,txcount,144664.0
2025-11-01,linea,txcount,126592.0
2025-11-02,linea,txcount,121118.0
2025-11-03,linea,txcount,156371.0
2025-11-04,linea,txcount,181677.0
2025-11-05,linea,txcount,156416.0
2025-11-06,linea,txcount,141346.0
2025-11-07,linea,txcount,117488.0
2025-11-08,linea,txcount,106729.0
2025-11-09,linea,txcount,135425.0
2025-11-10,linea,txcount,174972.0
2025-11-11,linea,txcount,161046.0
2025-11-12,linea,txcount,132556.0
2025-11-13,linea,txcount,139379.0
2025-11-14,linea,txcount,131524.0
2025-11-15,linea,txcount,75103.0
2025-11-16,linea,txcount,99421.0
2025-11-17,linea,txcount,122108.0
2025-11-18,linea,txcount,105801.0
2025-11-19,linea,txcount,114353.0
2025-11-20,linea,txcount,106297.0
2025-11-21,linea,txcount,120905.0
2025-11-22,linea,txcount,77783.0
2025-11-23,linea,txcount,82228.0
2025-11-24,linea,txcount,108627.0
2025-11-25,linea,txcount,107118.0
2025-11-26,linea,txcount,113041.0
2025-11-27,linea,txcount,110467.0
2025-11-28,linea,txcount,115712.0
2025-11-29,linea,txcount,92097.0
2025-11-30,linea,txcount,82358.0
2025-12-01,linea,txcount,117266.0
2025-12-02,linea,txcount,101374.0
2025-12-03,linea,txcount,111199.0
2025-12-04,linea,txcount,90686.0
2025-12-05,linea,txcount,93184.0
2025-12-06,linea,txcount,70104.0
2025-12-07,linea,txcount,78851.0
2025-12-08,linea,txcount,82774.0
2025-12-09,linea,txcount,75428.0
2025-12-10,linea,txcount,81219.0
2025-12-11,linea,txcount,83597.0
2025-12-12,linea,txcount,78689.0
2025-12-13,linea,txcount,78395.0
2025-12-14,linea,txcount,114219.0
2025-12-15,linea,txcount,135563.0
2025-12-16,linea,txcount,92476.0
2025-12-17,linea,txcount,89551.0
2025-12-18,linea,txcount,88836.0
2025-12-19,linea,txcount,78141.0
2025-12-20,linea,txcount,65349.0
2025-12-21,linea,txcount,67727.0
2025-12-22,linea,txcount,82966.0
2025-12-23,linea,txcount,85851.0
2025-12-24,linea,txcount,73686.0
2025-12-25,linea,txcount,74469.0
2025-12-26,linea,txcount,82353.0
2025-12-27,linea,txcount,68551.0
2025-12-28,linea,txcount,72151.0
2025-12-29,linea,txcount,93077.0
2025-12-30,linea,txcount,101883.0
2025-12-31,linea,txcount,98211.0
2026-01-01,linea,txcount,96669.0
2026-01-02,linea,txcount,123303.0
2026-01-03,linea,txcount,123854.0
2026-01-04,linea,txcount,128127.0
2026-01-05,linea,txcount,152719.0
2026-01-06,linea,txcount,190542.0
2026-01-07,linea,txcount,221987.0
2026-01-08,linea,txcount,284708.0
2026-01-09,linea,txcount,256834.0
2026-01-10,linea,txcount,241013.0
2026-01-11,linea,txcount,248224.0
2026-01-12,linea,txcount,257751.0
2026-01-13,linea,txcount,267574.0
2026-01-14,linea,txcount,233102.0
2026-01-15,linea,txcount,249032.0
2026-01-16,linea,txcount,243884.0
2026-01-17,linea,txcount,192503.0
2026-01-18,linea,txcount,278268.0
2026-01-19,linea,txcount,236445.0
2026-01-20,linea,txcount,257455.0
2026-01-21,linea,txcount,252378.0
2026-01-22,linea,txcount,276130.0
2026-01-23,linea,txcount,162792.0
2026-01-24,linea,txcount,120524.0
2026-01-25,linea,txcount,110071.0
2026-01-26,linea,txcount,126148.0
2026-01-27,linea,txcount,99305.0
2026-01-28,linea,txcount,74400.0
2026-01-29,linea,txcount,81434.0
2026-01-30,linea,txcount,84355.0
2026-01-31,linea,txcount,75785.0
2026-02-01,linea,txcount,65681.0
2026-02-02,linea,txcount,67492.0
2026-02-03,linea,txcount,62536.0
2026-02-04,linea,txcount,63817.0
2026-02-05,linea,txcount,101902.0
2026-02-06,linea,txcount,75376.0
2026-02-07,linea,txcount,54982.0
2026-02-08,linea,txcount,40859.0
2026-02-09,linea,txcount,44644.0
2026-02-10,linea,txcount,42179.0
2026-02-11,linea,txcount,52696.0
2026-02-12,linea,txcount,53038.0
2026-02-13,linea,txcount,43447.0
2026-02-14,linea,txcount,34012.0
2026-02-15,linea,txcount,37058.0
2026-02-16,linea,txcount,34318.0
2026-02-17,linea,txcount,42039.0
2026-02-18,linea,txcount,35994.0
2026-02-19,linea,txcount,34046.0
2026-02-20,linea,txcount,38584.0
2026-02-21,linea,txcount,28778.0
2026-02-22,linea,txcount,26928.0
2026-02-23,linea,txcount,38134.0
2026-02-24,linea,txcount,115861.0
2026-02-25,linea,txcount,123721.0
2026-02-26,linea,txcount,76767.0
2026-02-27,linea,txcount,76699.0
2026-02-28,linea,txcount,103889.0
2026-03-01,linea,txcount,81844.0
2026-03-02,linea,txcount,77033.0
2026-03-03,linea,txcount,84767.0
2026-03-04,linea,txcount,121193.0
2026-03-05,linea,txcount,44673.0
2026-03-06,linea,txcount,39077.0
2026-03-07,linea,txcount,31546.0
2026-03-08,linea,txcount,36839.0
2026-03-09,linea,txcount,41759.0
2026-03-10,linea,txcount,35662.0
2026-03-11,linea,txcount,32066.0
2026-03-12,linea,txcount,32881.0
2026-03-13,linea,txcount,32864.0
2026-03-14,linea,txcount,22588.0
2026-03-15,linea,txcount,30439.0
2026-03-16,linea,txcount,35782.0
2026-03-17,linea,txcount,30917.0
2026-03-18,linea,txcount,35248.0
2026-03-19,linea,txcount,35887.0
2026-03-20,linea,txcount,32278.0
2026-03-21,linea,txcount,27899.0
2026-03-22,linea,txcount,31128.0
2026-03-23,linea,txcount,57023.0
2026-03-24,linea,txcount,28579.0
2026-03-25,linea,txcount,28780.0
2026-03-26,linea,txcount,30832.0
2026-03-27,linea,txcount,29882.0
2026-03-28,linea,txcount,22517.0
2026-03-29,linea,txcount,23715.0
2026-03-30,linea,txcount,29818.0
2026-03-31,linea,txcount,29947.0
2026-04-01,linea,txcount,28362.0
2026-04-02,linea,txcount,30330.0
2026-04-03,linea,txcount,24583.0
2026-04-04,linea,txcount,26203.0
2026-04-05,linea,txcount,26199.0
2026-04-06,linea,txcount,28314.0
2026-04-07,linea,txcount,29416.0
2026-04-08,linea,txcount,26531.0
2026-04-09,linea,txcount,27731.0
2026-04-10,linea,txcount,26113.0
2026-04-11,linea,txcount,25016.0
2026-04-12,linea,txcount,24904.0
2026-04-13,linea,txcount,29943.0
2026-04-14,linea,txcount,28546.0
2026-04-15,linea,txcount,26011.0
2026-04-16,linea,txcount,29882.0
2026-04-17,linea,txcount,29472.0
2026-04-18,linea,txcount,26036.0
2026-04-19,linea,txcount,28788.0
2026-04-20,linea,txcount,29992.0
2026-04-21,linea,txcount,26950.0
2026-04-22,linea,txcount,28347.0
2026-04-23,linea,txcount,27020.0
2026-04-24,linea,txcount,22739.0
2026-04-25,linea,txcount,26295.0
2026-04-26,linea,txcount,25000.0
2026-04-27,linea,txcount,28901.0
2026-04-28,linea,txcount,25308.0
2026-04-29,linea,txcount,26192.0
2026-04-30,linea,txcount,25542.0
2026-05-01,linea,txcount,23548.0
2026-05-02,linea,txcount,19199.0
2026-05-03,linea,txcount,20650.0
2026-05-04,linea,txcount,26807.0
2026-05-05,linea,txcount,23022.0
2026-05-06,linea,txcount,25636.0
2026-05-07,linea,txcount,27507.0
2026-05-08,linea,txcount,26954.0
2026-05-09,linea,txcount,22696.0
2026-05-10,linea,txcount,60677.0
2026-05-11,linea,txcount,32837.0
2026-05-12,linea,txcount,21331.0
2026-05-13,linea,txcount,20957.0
2026-05-14,linea,txcount,22005.0
2026-05-15,linea,txcount,20247.0
2026-05-16,linea,txcount,17361.0
2026-05-17,linea,txcount,21197.0
2026-05-18,linea,txcount,26367.0
2026-05-19,linea,txcount,22057.0
2026-05-20,linea,txcount,21684.0
2026-05-21,linea,txcount,22805.0
2026-05-22,linea,txcount,20289.0
2026-05-23,linea,txcount,21373.0
2026-05-24,linea,txcount,16497.0
2026-05-25,linea,txcount,18419.0
2026-05-26,linea,txcount,22411.0
2026-05-27,linea,txcount,26366.0
2026-05-28,linea,txcount,23455.0
2026-05-29,linea,txcount,19386.0
2026-05-30,linea,txcount,17034.0
2026-05-31,linea,txcount,18420.0
2026-06-01,linea,txcount,24461.0
2026-06-02,linea,txcount,26447.0
2026-06-03,linea,txcount,29338.0
2026-06-04,linea,txcount,27828.0
2026-06-05,linea,txcount,44610.0
2026-06-06,linea,txcount,25283.0
2026-06-07,linea,txcount,21043.0
2026-06-08,linea,txcount,21878.0
2026-06-09,linea,txcount,38464.0
2026-06-10,linea,txcount,37693.0
2026-06-11,linea,txcount,34526.0
2026-06-12,linea,txcount,29390.0
2026-06-13,linea,txcount,23388.0
2026-06-14,linea,txcount,29766.0
2026-06-15,linea,txcount,25354.0
2026-06-16,linea,txcount,20092.0
2026-06-17,linea,txcount,25619.0
2026-06-18,linea,txcount,24378.0
2026-06-19,linea,txcount,15971.0
2026-06-20,linea,txcount,14891.0
2026-06-21,linea,txcount,14632.0
2026-06-22,linea,txcount,18149.0
2026-06-23,linea,txcount,18641.0
2026-06-24,linea,txcount,23894.0
2026-06-25,linea,txcount,21598.0
2026-06-26,linea,txcount,21339.0
2026-06-27,linea,txcount,16253.0
2026-06-28,linea,txcount,17379.0
2026-06-29,linea,txcount,20204.0
2026-06-30,linea,txcount,18921.0
2026-07-01,linea,txcount,20301.0
2026-07-02,linea,txcount,20266.0
2026-07-03,linea,txcount,17191.0
2026-07-04,linea,txcount,15588.0
2026-07-05,linea,txcount,16401.0
2026-07-06,linea,txcount,17604.0
2026-07-07,linea,txcount,15849.0
2026-07-08,linea,txcount,16577.0
2026-07-09,linea,txcount,18895.0
2026-07-10,linea,txcount,17765.0
2026-07-11,linea,txcount,14304.0
2026-07-12,linea,txcount,14571.0
2026-07-13,linea,txcount,23651.0
2026-07-14,linea,txcount,28183.0
2026-07-15,linea,txcount,27252.0
2026-07-16,linea,txcount,20479.0
2026-07-17,linea,txcount,20517.0
2026-07-18,linea,txcount,21003.0
2026-07-19,linea,txcount,20021.0
2026-07-20,linea,txcount,22977.0
2026-07-21,linea,txcount,20051.0
2026-07-22,linea,txcount,16649.0
2026-07-23,linea,txcount,19834.0
2026-07-24,linea,txcount,18912.0
2026-07-25,linea,txcount,14475.0
2026-07-26,linea,txcount,15095.0
2026-07-27,linea,txcount,18453.0
2026-07-28,linea,txcount,16690.0
2026-07-29,linea,txcount,16900.0
2026-07-30,linea,txcount,17177.0
2026-07-31,linea,txcount,14379.0
2026-08-01,linea,txcount,12803.0
2026-08-02,linea,txcount,12703.0
2026-08-03,linea,txcount,14455.0
2026-08-04,linea,txcount,13939.0
2026-08-05,linea,txcount,12908.0
2026-08-06,linea,txcount,15090.0
2026-08-07,linea,txcount,15122.0
2026-08-08,linea,txcount,10364.0
2026-08-09,linea,txcount,13485.0
2026-08-10,linea,txcount,15751.0
2026-08-11,linea,txcount,19456.0
2026-08-12,linea,txcount,26306.0
2026-08-13,linea,txcount,15603.0
2026-08-14,linea,txcount,13462.0
2026-08-15,linea,txcount,9658.0
2026-08-16,linea,txcount,10964.0
2026-08-17,linea,txcount,12584.0
2026-08-18,linea,txcount,14030.0
2026-08-19,linea,txcount,22497.0
2026-08-20,linea,txcount,20685.0
2021-11-11,optimism,txcount,555.0
2021-11-12,optimism,txcount,28003.0
2021-11-13,optimism,txcount,21216.0
2021-11-14,optimism,txcount,26020.0
2021-11-15,optimism,txcount,22424.0
2021-11-16,optimism,txcount,39732.0
2021-11-17,optimism,txcount,43182.0
2021-11-18,optimism,txcount,41559.0
2021-11-19,optimism,txcount,32373.0
2021-11-20,optimism,txcount,26496.0
2021-11-21,optimism,txcount,28607.0
2021-11-22,optimism,txcount,33359.0
2021-11-23,optimism,txcount,30073.0
2021-11-24,optimism,txcount,29709.0
2021-11-25,optimism,txcount,25937.0
2021-11-26,optimism,txcount,43259.0
2021-11-27,optimism,txcount,27464.0
2021-11-28,optimism,txcount,34630.0
2021-11-29,optimism,txcount,24373.0
2021-11-30,optimism,txcount,35423.0
2021-12-01,optimism,txcount,28355.0
2021-12-02,optimism,txcount,28645.0
2021-12-03,optimism,txcount,32835.0
2021-12-04,optimism,txcount,50636.0
2021-12-05,optimism,txcount,42688.0
2021-12-06,optimism,txcount,44292.0
2021-12-07,optimism,txcount,31023.0
2021-12-08,optimism,txcount,37727.0
2021-12-09,optimism,txcount,35820.0
2021-12-10,optimism,txcount,40939.0
2021-12-11,optimism,txcount,33113.0
2021-12-12,optimism,txcount,29044.0
2021-12-13,optimism,txcount,38993.0
2021-12-14,optimism,txcount,51514.0
2021-12-15,optimism,txcount,40098.0
2021-12-16,optimism,txcount,27371.0
2021-12-17,optimism,txcount,34441.0
2021-12-18,optimism,txcount,31281.0
2021-12-19,optimism,txcount,32580.0
2021-12-20,optimism,txcount,33230.0
2021-12-21,optimism,txcount,23463.0
2021-12-22,optimism,txcount,29371.0
2021-12-23,optimism,txcount,35203.0
2021-12-24,optimism,txcount,37846.0
2021-12-25,optimism,txcount,27827.0
2021-12-26,optimism,txcount,39013.0
2021-12-27,optimism,txcount,38205.0
2021-12-28,optimism,txcount,43714.0
2021-12-29,optimism,txcount,39619.0
2021-12-30,optimism,txcount,33981.0
2021-12-31,optimism,txcount,34036.0
2022-01-01,optimism,txcount,27621.0
2022-01-02,optimism,txcount,22529.0
2022-01-03,optimism,txcount,33299.0
2022-01-04,optimism,txcount,36341.0
2022-01-05,optimism,txcount,45019.0
2022-01-06,optimism,txcount,42068.0
2022-01-07,optimism,txcount,52163.0
2022-01-08,optimism,txcount,40646.0
2022-01-09,optimism,txcount,36465.0
2022-01-10,optimism,txcount,39813.0
2022-01-11,optimism,txcount,30014.0
2022-01-12,optimism,txcount,26339.0
2022-01-13,optimism,txcount,29457.0
2022-01-14,optimism,txcount,24839.0
2022-01-15,optimism,txcount,20012.0
2022-01-16,optimism,txcount,19396.0
2022-01-17,optimism,txcount,23224.0
2022-01-18,optimism,txcount,28921.0
2022-01-19,optimism,txcount,33547.0
2022-01-20,optimism,txcount,30797.0
2022-01-21,optimism,txcount,67562.0
2022-01-22,optimism,txcount,89141.0
2022-01-23,optimism,txcount,50410.0
2022-01-24,optimism,txcount,80160.0
2022-01-25,optimism,txcount,46061.0
2022-01-26,optimism,txcount,47067.0
2022-01-27,optimism,txcount,46379.0
2022-01-28,optimism,txcount,42020.0
2022-01-29,optimism,txcount,29076.0
2022-01-30,optimism,txcount,29586.0
2022-01-31,optimism,txcount,37109.0
2022-02-01,optimism,txcount,32788.0
2022-02-02,optimism,txcount,41996.0
2022-02-03,optimism,txcount,35543.0
2022-02-04,optimism,txcount,34114.0
2022-02-05,optimism,txcount,32101.0
2022-02-06,optimism,txcount,25694.0
2022-02-07,optimism,txcount,32744.0
2022-02-08,optimism,txcount,38488.0
2022-02-09,optimism,txcount,29191.0
2022-02-10,optimism,txcount,36372.0
2022-02-11,optimism,txcount,38310.0
2022-02-12,optimism,txcount,32313.0
2022-02-13,optimism,txcount,25166.0
2022-02-14,optimism,txcount,30609.0
2022-02-15,optimism,txcount,30407.0
2022-02-16,optimism,txcount,29784.0
2022-02-17,optimism,txcount,28544.0
2022-02-18,optimism,txcount,19211.0
2022-02-19,optimism,txcount,14521.0
2022-02-20,optimism,txcount,19820.0
2022-02-21,optimism,txcount,28741.0
2022-02-22,optimism,txcount,27765.0
2022-02-23,optimism,txcount,27674.0
2022-02-24,optimism,txcount,59789.0
2022-02-25,optimism,txcount,39218.0
2022-02-26,optimism,txcount,25848.0
2022-02-27,optimism,txcount,30878.0
2022-02-28,optimism,txcount,39959.0
2022-03-01,optimism,txcount,31465.0
2022-03-02,optimism,txcount,31915.0
2022-03-03,optimism,txcount,25051.0
2022-03-04,optimism,txcount,33063.0
2022-03-05,optimism,txcount,21953.0
2022-03-06,optimism,txcount,26723.0
2022-03-07,optimism,txcount,34715.0
2022-03-08,optimism,txcount,34997.0
2022-03-09,optimism,txcount,36161.0
2022-03-10,optimism,txcount,42217.0
2022-03-11,optimism,txcount,35353.0
2022-03-12,optimism,txcount,20408.0
2022-03-13,optimism,txcount,21061.0
2022-03-14,optimism,txcount,26639.0
2022-03-15,optimism,txcount,25846.0
2022-03-16,optimism,txcount,43966.0
2022-03-17,optimism,txcount,27773.0
2022-03-18,optimism,txcount,29420.0
2022-03-19,optimism,txcount,31152.0
2022-03-20,optimism,txcount,31300.0
2022-03-21,optimism,txcount,33057.0
2022-03-22,optimism,txcount,34448.0
2022-03-23,optimism,txcount,40011.0
2022-03-24,optimism,txcount,48860.0
2022-03-25,optimism,txcount,40510.0
2022-03-26,optimism,txcount,28358.0
2022-03-27,optimism,txcount,31280.0
2022-03-28,optimism,txcount,51154.0
2022-03-29,optimism,txcount,56890.0
2022-03-30,optimism,txcount,60762.0
2022-03-31,optimism,txcount,57710.0
2022-04-01,optimism,txcount,52641.0
2022-04-02,optimism,txcount,45314.0
2022-04-03,optimism,txcount,38184.0
2022-04-04,optimism,txcount,40877.0
2022-04-05,optimism,txcount,35188.0
2022-04-06,optimism,txcount,70581.0
2022-04-07,optimism,txcount,50110.0
2022-04-08,optimism,txcount,51236.0
2022-04-09,optimism,txcount,36395.0
2022-04-10,optimism,txcount,33481.0
2022-04-11,optimism,txcount,60316.0
2022-04-12,optimism,txcount,46290.0
2022-04-13,optimism,txcount,42786.0
2022-04-14,optimism,txcount,46501.0
2022-04-15,optimism,txcount,42384.0
2022-04-16,optimism,txcount,32562.0
2022-04-17,optimism,txcount,36007.0
2022-04-18,optimism,txcount,43401.0
2022-04-19,optimism,txcount,46961.0
2022-04-20,optimism,txcount,79404.0
2022-04-21,optimism,txcount,68429.0
2022-04-22,optimism,txcount,64034.0
2022-04-23,optimism,txcount,61805.0
2022-04-24,optimism,txcount,60418.0
2022-04-25,optimism,txcount,61348.0
2022-04-26,optimism,txcount,72554.0
2022-04-27,optimism,txcount,90537.0
2022-04-28,optimism,txcount,63604.0
2022-04-29,optimism,txcount,68417.0
2022-04-30,optimism,txcount,72657.0
2022-05-01,optimism,txcount,53725.0
2022-05-02,optimism,txcount,57357.0
2022-05-03,optimism,txcount,51786.0
2022-05-04,optimism,txcount,75910.0
2022-05-05,optimism,txcount,79269.0
2022-05-06,optimism,txcount,86342.0
2022-05-07,optimism,txcount,71168.0
2022-05-08,optimism,txcount,85152.0
2022-05-09,optimism,txcount,127502.0
2022-05-10,optimism,txcount,162695.0
2022-05-11,optimism,txcount,214170.0
2022-05-12,optimism,txcount,161107.0
2022-05-13,optimism,txcount,110244.0
2022-05-14,optimism,txcount,85030.0
2022-05-15,optimism,txcount,70652.0
2022-05-16,optimism,txcount,75104.0
2022-05-17,optimism,txcount,56764.0
2022-05-18,optimism,txcount,65354.0
2022-05-19,optimism,txcount,68169.0
2022-05-20,optimism,txcount,60741.0
2022-05-21,optimism,txcount,53416.0
2022-05-22,optimism,txcount,52226.0
2022-05-23,optimism,txcount,66660.0
2022-05-24,optimism,txcount,64635.0
2022-05-25,optimism,txcount,60369.0
2022-05-26,optimism,txcount,72240.0
2022-05-27,optimism,txcount,87428.0
2022-05-28,optimism,txcount,59222.0
2022-05-29,optimism,txcount,50395.0
2022-05-30,optimism,txcount,65507.0
2022-05-31,optimism,txcount,266891.0
2022-06-01,optimism,txcount,478811.0
2022-06-02,optimism,txcount,243315.0
2022-06-03,optimism,txcount,129439.0
2022-06-04,optimism,txcount,107236.0
2022-06-05,optimism,txcount,87693.0
2022-06-06,optimism,txcount,94832.0
2022-06-07,optimism,txcount,108125.0
2022-06-08,optimism,txcount,106933.0
2022-06-09,optimism,txcount,90115.0
2022-06-10,optimism,txcount,100619.0
2022-06-11,optimism,txcount,116348.0
2022-06-12,optimism,txcount,139692.0
2022-06-13,optimism,txcount,191222.0
2022-06-14,optimism,txcount,151645.0
2022-06-15,optimism,txcount,166406.0
2022-06-16,optimism,txcount,116129.0
2022-06-17,optimism,txcount,89125.0
2022-06-18,optimism,txcount,107672.0
2022-06-19,optimism,txcount,114431.0
2022-06-20,optimism,txcount,111062.0
2022-06-21,optimism,txcount,108459.0
2022-06-22,optimism,txcount,125088.0
2022-06-23,optimism,txcount,103427.0
2022-06-24,optimism,txcount,114085.0
2022-06-25,optimism,txcount,105657.0
2022-06-26,optimism,txcount,117417.0
2022-06-27,optimism,txcount,144531.0
2022-06-28,optimism,txcount,68333.0
2022-06-29,optimism,txcount,75588.0
2022-06-30,optimism,txcount,77041.0
2022-07-01,optimism,txcount,86654.0
2022-07-02,optimism,txcount,57531.0
2022-07-03,optimism,txcount,58329.0
2022-07-04,optimism,txcount,71492.0
2022-07-05,optimism,txcount,64300.0
2022-07-06,optimism,txcount,69347.0
2022-07-07,optimism,txcount,54790.0
2022-07-08,optimism,txcount,75324.0
2022-07-09,optimism,txcount,52591.0
2022-07-10,optimism,txcount,53786.0
2022-07-11,optimism,txcount,59948.0
2022-07-12,optimism,txcount,56302.0
2022-07-13,optimism,txcount,80986.0
2022-07-14,optimism,txcount,83044.0
2022-07-15,optimism,txcount,94468.0
2022-07-16,optimism,txcount,84386.0
2022-07-17,optimism,txcount,90661.0
2022-07-18,optimism,txcount,126100.0
2022-07-19,optimism,txcount,127662.0
2022-07-20,optimism,txcount,128272.0
2022-07-21,optimism,txcount,113961.0
2022-07-22,optimism,txcount,121670.0
2022-07-23,optimism,txcount,120892.0
2022-07-24,optimism,txcount,118962.0
2022-07-25,optimism,txcount,110098.0
2022-07-26,optimism,txcount,118362.0
2022-07-27,optimism,txcount,213613.0
2022-07-28,optimism,txcount,237953.0
2022-07-29,optimism,txcount,269594.0
2022-07-30,optimism,txcount,211660.0
2022-07-31,optimism,txcount,167996.0
2022-08-01,optimism,txcount,146986.0
2022-08-02,optimism,txcount,182482.0
2022-08-03,optimism,txcount,193419.0
2022-08-04,optimism,txcount,217356.0
2022-08-05,optimism,txcount,213241.0
2022-08-06,optimism,txcount,140589.0
2022-08-07,optimism,txcount,109978.0
2022-08-08,optimism,txcount,152664.0
2022-08-09,optimism,txcount,121305.0
2022-08-10,optimism,txcount,150862.0
2022-08-11,optimism,txcount,141092.0
2022-08-12,optimism,txcount,104066.0
2022-08-13,optimism,txcount,102326.0
2022-08-14,optimism,txcount,101902.0
2022-08-15,optimism,txcount,133249.0
2022-08-16,optimism,txcount,174322.0
2022-08-17,optimism,txcount,135184.0
2022-08-18,optimism,txcount,109294.0
2022-08-19,optimism,txcount,166749.0
2022-08-20,optimism,txcount,138533.0
2022-08-21,optimism,txcount,108597.0
2022-08-22,optimism,txcount,119089.0
2022-08-23,optimism,txcount,130102.0
2022-08-24,optimism,txcount,121156.0
2022-08-25,optimism,txcount,99722.0
2022-08-26,optimism,txcount,136082.0
2022-08-27,optimism,txcount,114189.0
2022-08-28,optimism,txcount,113453.0
2022-08-29,optimism,txcount,136327.0
2022-08-30,optimism,txcount,170502.0
2022-08-31,optimism,txcount,152267.0
2022-09-01,optimism,txcount,193261.0
2022-09-02,optimism,txcount,141409.0
2022-09-03,optimism,txcount,104323.0
2022-09-04,optimism,txcount,92735.0
2022-09-05,optimism,txcount,101280.0
2022-09-06,optimism,txcount,156769.0
2022-09-07,optimism,txcount,119638.0
2022-09-08,optimism,txcount,112803.0
2022-09-09,optimism,txcount,125989.0
2022-09-10,optimism,txcount,102459.0
2022-09-11,optimism,txcount,102010.0
2022-09-12,optimism,txcount,117437.0
2022-09-13,optimism,txcount,147248.0
2022-09-14,optimism,txcount,128950.0
2022-09-15,optimism,txcount,171943.0
2022-09-16,optimism,txcount,122491.0
2022-09-17,optimism,txcount,83683.0
2022-09-18,optimism,txcount,108966.0
2022-09-19,optimism,txcount,147317.0
2022-09-20,optimism,txcount,225399.0
2022-09-21,optimism,txcount,346381.0
2022-09-22,optimism,txcount,273354.0
2022-09-23,optimism,txcount,317297.0
2022-09-24,optimism,txcount,209969.0
2022-09-25,optimism,txcount,219525.0
2022-09-26,optimism,txcount,220960.0
2022-09-27,optimism,txcount,204735.0
2022-09-28,optimism,txcount,261596.0
2022-09-29,optimism,txcount,236002.0
2022-09-30,optimism,txcount,239061.0
2022-10-01,optimism,txcount,211953.0
2022-10-02,optimism,txcount,226401.0
2022-10-03,optimism,txcount,190427.0
2022-10-04,optimism,txcount,177426.0
2022-10-05,optimism,txcount,245602.0
2022-10-06,optimism,txcount,254959.0
2022-10-07,optimism,txcount,208340.0
2022-10-08,optimism,txcount,194084.0
2022-10-09,optimism,txcount,128545.0
2022-10-10,optimism,txcount,134105.0
2022-10-11,optimism,txcount,177287.0
2022-10-12,optimism,txcount,179896.0
2022-10-13,optimism,txcount,266015.0
2022-10-14,optimism,txcount,181624.0
2022-10-15,optimism,txcount,190745.0
2022-10-16,optimism,txcount,190806.0
2022-10-17,optimism,txcount,173356.0
2022-10-18,optimism,txcount,188607.0
2022-10-19,optimism,txcount,164830.0
2022-10-20,optimism,txcount,168018.0
2022-10-21,optimism,txcount,187988.0
2022-10-22,optimism,txcount,164362.0
2022-10-23,optimism,txcount,208674.0
2022-10-24,optimism,txcount,207158.0
2022-10-25,optimism,txcount,257867.0
2022-10-26,optimism,txcount,287415.0
2022-10-27,optimism,txcount,294266.0
2022-10-28,optimism,txcount,265083.0
2022-10-29,optimism,txcount,281409.0
2022-10-30,optimism,txcount,281304.0
2022-10-31,optimism,txcount,261974.0
2022-11-01,optimism,txcount,288673.0
2022-11-02,optimism,txcount,312841.0
2022-11-03,optimism,txcount,293430.0
2022-11-04,optimism,txcount,340738.0
2022-11-05,optimism,txcount,355687.0
2022-11-06,optimism,txcount,391053.0
2022-11-07,optimism,txcount,348484.0
2022-11-08,optimism,txcount,475550.0
2022-11-09,optimism,txcount,498279.0
2022-11-10,optimism,txcount,335007.0
2022-11-11,optimism,txcount,400191.0
2022-11-12,optimism,txcount,328654.0
2022-11-13,optimism,txcount,302611.0
2022-11-14,optimism,txcount,326807.0
2022-11-15,optimism,txcount,301274.0
2022-11-16,optimism,txcount,295607.0
2022-11-17,optimism,txcount,318632.0
2022-11-18,optimism,txcount,316862.0
2022-11-19,optimism,txcount,391736.0
2022-11-20,optimism,txcount,392190.0
2022-11-21,optimism,txcount,415749.0
2022-11-22,optimism,txcount,384012.0
2022-11-23,optimism,txcount,410093.0
2022-11-24,optimism,txcount,425020.0
2022-11-25,optimism,txcount,359913.0
2022-11-26,optimism,txcount,361790.0
2022-11-27,optimism,txcount,364456.0
2022-11-28,optimism,txcount,333638.0
2022-11-29,optimism,txcount,343990.0
2022-11-30,optimism,txcount,367429.0
2022-12-01,optimism,txcount,355895.0
2022-12-02,optimism,txcount,353936.0
2022-12-03,optimism,txcount,342473.0
2022-12-04,optimism,txcount,346841.0
2022-12-05,optimism,txcount,368668.0
2022-12-06,optimism,txcount,345405.0
2022-12-07,optimism,txcount,348253.0
2022-12-08,optimism,txcount,406091.0
2022-12-09,optimism,txcount,361454.0
2022-12-10,optimism,txcount,452497.0
2022-12-11,optimism,txcount,421061.0
2022-12-12,optimism,txcount,447053.0
2022-12-13,optimism,txcount,510469.0
2022-12-14,optimism,txcount,588673.0
2022-12-15,optimism,txcount,472243.0
2022-12-16,optimism,txcount,467382.0
2022-12-17,optimism,txcount,536714.0
2022-12-18,optimism,txcount,436084.0
2022-12-19,optimism,txcount,408635.0
2022-12-20,optimism,txcount,536796.0
2022-12-21,optimism,txcount,598597.0
2022-12-22,optimism,txcount,542618.0
2022-12-23,optimism,txcount,500181.0
2022-12-24,optimism,txcount,459660.0
2022-12-25,optimism,txcount,520163.0
2022-12-26,optimism,txcount,505994.0
2022-12-27,optimism,txcount,518295.0
2022-12-28,optimism,txcount,597275.0
2022-12-29,optimism,txcount,564309.0
2022-12-30,optimism,txcount,581126.0
2022-12-31,optimism,txcount,463475.0
2023-01-01,optimism,txcount,376651.0
2023-01-02,optimism,txcount,396881.0
2023-01-03,optimism,txcount,504789.0
2023-01-04,optimism,txcount,525197.0
2023-01-05,optimism,txcount,511981.0
2023-01-06,optimism,txcount,630666.0
2023-01-07,optimism,txcount,689590.0
2023-01-08,optimism,txcount,596293.0
2023-01-09,optimism,txcount,644943.0
2023-01-10,optimism,txcount,595132.0
2023-01-11,optimism,txcount,611128.0
2023-01-12,optimism,txcount,798603.0
2023-01-13,optimism,txcount,732743.0
2023-01-14,optimism,txcount,735436.0
2023-01-15,optimism,txcount,668993.0
2023-01-16,optimism,txcount,687436.0
2023-01-17,optimism,txcount,600335.0
2023-01-18,optimism,txcount,238299.0
2023-01-19,optimism,txcount,164422.0
2023-01-20,optimism,txcount,196733.0
2023-01-21,optimism,txcount,235759.0
2023-01-22,optimism,txcount,191729.0
2023-01-23,optimism,txcount,186148.0
2023-01-24,optimism,txcount,200939.0
2023-01-25,optimism,txcount,237168.0
2023-01-26,optimism,txcount,203090.0
2023-01-27,optimism,txcount,188796.0
2023-01-28,optimism,txcount,150340.0
2023-01-29,optimism,txcount,157309.0
2023-01-30,optimism,txcount,201402.0
2023-01-31,optimism,txcount,165730.0
2023-02-01,optimism,txcount,211386.0
2023-02-02,optimism,txcount,235619.0
2023-02-03,optimism,txcount,182633.0
2023-02-04,optimism,txcount,149675.0
2023-02-05,optimism,txcount,155651.0
2023-02-06,optimism,txcount,174840.0
2023-02-07,optimism,txcount,177021.0
2023-02-08,optimism,txcount,197190.0
2023-02-09,optimism,txcount,261201.0
2023-02-10,optimism,txcount,278995.0
2023-02-11,optimism,txcount,184511.0
2023-02-12,optimism,txcount,195281.0
2023-02-13,optimism,txcount,221979.0
2023-02-14,optimism,txcount,201307.0
2023-02-15,optimism,txcount,204848.0
2023-02-16,optimism,txcount,263015.0
2023-02-17,optimism,txcount,205512.0
2023-02-18,optimism,txcount,162049.0
2023-02-19,optimism,txcount,224215.0
2023-02-20,optimism,txcount,191911.0
2023-02-21,optimism,txcount,190986.0
2023-02-22,optimism,txcount,263522.0
2023-02-23,optimism,txcount,307619.0
2023-02-24,optimism,txcount,426715.0
2023-02-25,optimism,txcount,284212.0
2023-02-26,optimism,txcount,267697.0
2023-02-27,optimism,txcount,256115.0
2023-02-28,optimism,txcount,193293.0
2023-03-01,optimism,txcount,207349.0
2023-03-02,optimism,txcount,209871.0
2023-03-03,optimism,txcount,204452.0
2023-03-04,optimism,txcount,161242.0
2023-03-05,optimism,txcount,155485.0
2023-03-06,optimism,txcount,158955.0
2023-03-07,optimism,txcount,194621.0
2023-03-08,optimism,txcount,231368.0
2023-03-09,optimism,txcount,276668.0
2023-03-10,optimism,txcount,277346.0
2023-03-11,optimism,txcount,234673.0
2023-03-12,optimism,txcount,225424.0
2023-03-13,optimism,txcount,262490.0
2023-03-14,optimism,txcount,270088.0
2023-03-15,optimism,txcount,306540.0
2023-03-16,optimism,txcount,266001.0
2023-03-17,optimism,txcount,251962.0
2023-03-18,optimism,txcount,248454.0
2023-03-19,optimism,txcount,234019.0
2023-03-20,optimism,txcount,258454.0
2023-03-21,optimism,txcount,260149.0
2023-03-22,optimism,txcount,264374.0
2023-03-23,optimism,txcount,227490.0
2023-03-24,optimism,txcount,232738.0
2023-03-25,optimism,txcount,207476.0
2023-03-26,optimism,txcount,217408.0
2023-03-27,optimism,txcount,236870.0
2023-03-28,optimism,txcount,275849.0
2023-03-29,optimism,txcount,250132.0
2023-03-30,optimism,txcount,285892.0
2023-03-31,optimism,txcount,278876.0
2023-04-01,optimism,txcount,214333.0
2023-04-02,optimism,txcount,231240.0
2023-04-03,optimism,txcount,260033.0
2023-04-04,optimism,txcount,295398.0
2023-04-05,optimism,txcount,341516.0
2023-04-06,optimism,txcount,455825.0
2023-04-07,optimism,txcount,371773.0
2023-04-08,optimism,txcount,414998.0
2023-04-09,optimism,txcount,474036.0
2023-04-10,optimism,txcount,439253.0
2023-04-11,optimism,txcount,426168.0
2023-04-12,optimism,txcount,454751.0
2023-04-13,optimism,txcount,392744.0
2023-04-14,optimism,txcount,436946.0
2023-04-15,optimism,txcount,417711.0
2023-04-16,optimism,txcount,400959.0
2023-04-17,optimism,txcount,386773.0
2023-04-18,optimism,txcount,342508.0
2023-04-19,optimism,txcount,350815.0
2023-04-20,optimism,txcount,296648.0
2023-04-21,optimism,txcount,336891.0
2023-04-22,optimism,txcount,318878.0
2023-04-23,optimism,txcount,317602.0
2023-04-24,optimism,txcount,290407.0
2023-04-25,optimism,txcount,298086.0
2023-04-26,optimism,txcount,321785.0
2023-04-27,optimism,txcount,285639.0
2023-04-28,optimism,txcount,249819.0
2023-04-29,optimism,txcount,243450.0
2023-04-30,optimism,txcount,238955.0
2023-05-01,optimism,txcount,170141.0
2023-05-02,optimism,txcount,162368.0
2023-05-03,optimism,txcount,282067.0
2023-05-04,optimism,txcount,208585.0
2023-05-05,optimism,txcount,147845.0
2023-05-06,optimism,txcount,131734.0
2023-05-07,optimism,txcount,127543.0
2023-05-08,optimism,txcount,148453.0
2023-05-09,optimism,txcount,163207.0
2023-05-10,optimism,txcount,179659.0
2023-05-11,optimism,txcount,208587.0
2023-05-12,optimism,txcount,282237.0
2023-05-13,optimism,txcount,244543.0
2023-05-14,optimism,txcount,246681.0
2023-05-15,optimism,txcount,257042.0
2023-05-16,optimism,txcount,325056.0
2023-05-17,optimism,txcount,336642.0
2023-05-18,optimism,txcount,393508.0
2023-05-19,optimism,txcount,208775.0
2023-05-20,optimism,txcount,218270.0
2023-05-21,optimism,txcount,262603.0
2023-05-22,optimism,txcount,259175.0
2023-05-23,optimism,txcount,303815.0
2023-05-24,optimism,txcount,325427.0
2023-05-25,optimism,txcount,319861.0
2023-05-26,optimism,txcount,326712.0
2023-05-27,optimism,txcount,305226.0
2023-05-28,optimism,txcount,289568.0
2023-05-29,optimism,txcount,290273.0
2023-05-30,optimism,txcount,314200.0
2023-05-31,optimism,txcount,348631.0
2023-06-01,optimism,txcount,276109.0
2023-06-02,optimism,txcount,308943.0
2023-06-03,optimism,txcount,332473.0
2023-06-04,optimism,txcount,327992.0
2023-06-05,optimism,txcount,334813.0
2023-06-06,optimism,txcount,257105.0
2023-06-07,optimism,txcount,381654.0
2023-06-08,optimism,txcount,394661.0
2023-06-09,optimism,txcount,421558.0
2023-06-10,optimism,txcount,428146.0
2023-06-11,optimism,txcount,386861.0
2023-06-12,optimism,txcount,418992.0
2023-06-13,optimism,txcount,456496.0
2023-06-14,optimism,txcount,535146.0
2023-06-15,optimism,txcount,501182.0
2023-06-16,optimism,txcount,415210.0
2023-06-17,optimism,txcount,377673.0
2023-06-18,optimism,txcount,360670.0
2023-06-19,optimism,txcount,382831.0
2023-06-20,optimism,txcount,431914.0
2023-06-21,optimism,txcount,529548.0
2023-06-22,optimism,txcount,523909.0
2023-06-23,optimism,txcount,531712.0
2023-06-24,optimism,txcount,450329.0
2023-06-25,optimism,txcount,509891.0
2023-06-26,optimism,txcount,552346.0
2023-06-27,optimism,txcount,614205.0
2023-06-28,optimism,txcount,590862.0
2023-06-29,optimism,txcount,549664.0
2023-06-30,optimism,txcount,518553.0
2023-07-01,optimism,txcount,520968.0
2023-07-02,optimism,txcount,446463.0
2023-07-03,optimism,txcount,475202.0
2023-07-04,optimism,txcount,425435.0
2023-07-05,optimism,txcount,316298.0
2023-07-06,optimism,txcount,385527.0
2023-07-07,optimism,txcount,354177.0
2023-07-08,optimism,txcount,443758.0
2023-07-09,optimism,txcount,442521.0
2023-07-10,optimism,txcount,430965.0
2023-07-11,optimism,txcount,440557.0
2023-07-12,optimism,txcount,442771.0
2023-07-13,optimism,txcount,494740.0
2023-07-14,optimism,txcount,569236.0
2023-07-15,optimism,txcount,523797.0
2023-07-16,optimism,txcount,449218.0
2023-07-17,optimism,txcount,526167.0
2023-07-18,optimism,txcount,510209.0
2023-07-19,optimism,txcount,534494.0
2023-07-20,optimism,txcount,585415.0
2023-07-21,optimism,txcount,484860.0
2023-07-22,optimism,txcount,524951.0
2023-07-23,optimism,txcount,489801.0
2023-07-24,optimism,txcount,650109.0
2023-07-25,optimism,txcount,843553.0
2023-07-26,optimism,txcount,808336.0
2023-07-27,optimism,txcount,900586.0
2023-07-28,optimism,txcount,660967.0
2023-07-29,optimism,txcount,631843.0
2023-07-30,optimism,txcount,613084.0
2023-07-31,optimism,txcount,679221.0
2023-08-01,optimism,txcount,675865.0
2023-08-02,optimism,txcount,547768.0
2023-08-03,optimism,txcount,660791.0
2023-08-04,optimism,txcount,645983.0
2023-08-05,optimism,txcount,559862.0
2023-08-06,optimism,txcount,474943.0
2023-08-07,optimism,txcount,782923.0
2023-08-08,optimism,txcount,824269.0
2023-08-09,optimism,txcount,567350.0
2023-08-10,optimism,txcount,528229.0
2023-08-11,optimism,txcount,448094.0
2023-08-12,optimism,txcount,388472.0
2023-08-13,optimism,txcount,394903.0
2023-08-14,optimism,txcount,650374.0
2023-08-15,optimism,txcount,894051.0
2023-08-16,optimism,txcount,611121.0
2023-08-17,optimism,txcount,560502.0
2023-08-18,optimism,txcount,432042.0
2023-08-19,optimism,txcount,381864.0
2023-08-20,optimism,txcount,359393.0
2023-08-21,optimism,txcount,405521.0
2023-08-22,optimism,txcount,408387.0
2023-08-23,optimism,txcount,431832.0
2023-08-24,optimism,txcount,385821.0
2023-08-25,optimism,txcount,328085.0
2023-08-26,optimism,txcount,319108.0
2023-08-27,optimism,txcount,311962.0
2023-08-28,optimism,txcount,374491.0
2023-08-29,optimism,txcount,383659.0
2023-08-30,optimism,txcount,379635.0
2023-08-31,optimism,txcount,422753.0
2023-09-01,optimism,txcount,342105.0
2023-09-02,optimism,txcount,298565.0
2023-09-03,optimism,txcount,278496.0
2023-09-04,optimism,txcount,302299.0
2023-09-05,optimism,txcount,331085.0
2023-09-06,optimism,txcount,352441.0
2023-09-07,optimism,txcount,354349.0
2023-09-08,optimism,txcount,347196.0
2023-09-09,optimism,txcount,320019.0
2023-09-10,optimism,txcount,294016.0
2023-09-11,optimism,txcount,350430.0
2023-09-12,optimism,txcount,441382.0
2023-09-13,optimism,txcount,311577.0
2023-09-14,optimism,txcount,334824.0
2023-09-15,optimism,txcount,353269.0
2023-09-16,optimism,txcount,277459.0
2023-09-17,optimism,txcount,257140.0
2023-09-18,optimism,txcount,277050.0
2023-09-19,optimism,txcount,307084.0
2023-09-20,optimism,txcount,301268.0
2023-09-21,optimism,txcount,318848.0
2023-09-22,optimism,txcount,300451.0
2023-09-23,optimism,txcount,276369.0
2023-09-24,optimism,txcount,253297.0
2023-09-25,optimism,txcount,281349.0
2023-09-26,optimism,txcount,315923.0
2023-09-27,optimism,txcount,320844.0
2023-09-28,optimism,txcount,343815.0
2023-09-29,optimism,txcount,285151.0
2023-09-30,optimism,txcount,381855.0
2023-10-01,optimism,txcount,247948.0
2023-10-02,optimism,txcount,242649.0
2023-10-03,optimism,txcount,287527.0
2023-10-04,optimism,txcount,238384.0
2023-10-05,optimism,txcount,246163.0
2023-10-06,optimism,txcount,242644.0
2023-10-07,optimism,txcount,218883.0
2023-10-08,optimism,txcount,210861.0
2023-10-09,optimism,txcount,247818.0
2023-10-10,optimism,txcount,239149.0
2023-10-11,optimism,txcount,255648.0
2023-10-12,optimism,txcount,269042.0
2023-10-13,optimism,txcount,223778.0
2023-10-14,optimism,txcount,201200.0
2023-10-15,optimism,txcount,210043.0
2023-10-16,optimism,txcount,216124.0
2023-10-17,optimism,txcount,265685.0
2023-10-18,optimism,txcount,238850.0
2023-10-19,optimism,txcount,237265.0
2023-10-20,optimism,txcount,253972.0
2023-10-21,optimism,txcount,225475.0
2023-10-22,optimism,txcount,221556.0
2023-10-23,optimism,txcount,294023.0
2023-10-24,optimism,txcount,313247.0
2023-10-25,optimism,txcount,248669.0
2023-10-26,optimism,txcount,268158.0
2023-10-27,optimism,txcount,242450.0
2023-10-28,optimism,txcount,236011.0
2023-10-29,optimism,txcount,204115.0
2023-10-30,optimism,txcount,203605.0
2023-10-31,optimism,txcount,215702.0
2023-11-01,optimism,txcount,244845.0
2023-11-02,optimism,txcount,245989.0
2023-11-03,optimism,txcount,261622.0
2023-11-04,optimism,txcount,266637.0
2023-11-05,optimism,txcount,312664.0
2023-11-06,optimism,txcount,312144.0
2023-11-07,optimism,txcount,338587.0
2023-11-08,optimism,txcount,312683.0
2023-11-09,optimism,txcount,381562.0
2023-11-10,optimism,txcount,303577.0
2023-11-11,optimism,txcount,324524.0
2023-11-12,optimism,txcount,308235.0
2023-11-13,optimism,txcount,314102.0
2023-11-14,optimism,txcount,300828.0
2023-11-15,optimism,txcount,302788.0
2023-11-16,optimism,txcount,396809.0
2023-11-17,optimism,txcount,494842.0
2023-11-18,optimism,txcount,328232.0
2023-11-19,optimism,txcount,308417.0
2023-11-20,optimism,txcount,358962.0
2023-11-21,optimism,txcount,363842.0
2023-11-22,optimism,txcount,317687.0
2023-11-23,optimism,txcount,285401.0
2023-11-24,optimism,txcount,283229.0
2023-11-25,optimism,txcount,258324.0
2023-11-26,optimism,txcount,260347.0
2023-11-27,optimism,txcount,240272.0
2023-11-28,optimism,txcount,229207.0
2023-11-29,optimism,txcount,235714.0
2023-11-30,optimism,txcount,268459.0
2023-12-01,optimism,txcount,246613.0
2023-12-02,optimism,txcount,246609.0
2023-12-03,optimism,txcount,237331.0
2023-12-04,optimism,txcount,331434.0
2023-12-05,optimism,txcount,290742.0
2023-12-06,optimism,txcount,265082.0
2023-12-07,optimism,txcount,304671.0
2023-12-08,optimism,txcount,370946.0
2023-12-09,optimism,txcount,358300.0
2023-12-10,optimism,txcount,345897.0
2023-12-11,optimism,txcount,371284.0
2023-12-12,optimism,txcount,309185.0
2023-12-13,optimism,txcount,301537.0
2023-12-14,optimism,txcount,270717.0
2023-12-15,optimism,txcount,254023.0
2023-12-16,optimism,txcount,264323.0
2023-12-17,optimism,txcount,300126.0
2023-12-18,optimism,txcount,341444.0
2023-12-19,optimism,txcount,469477.0
2023-12-20,optimism,txcount,329562.0
2023-12-21,optimism,txcount,400656.0
2023-12-22,optimism,txcount,479003.0
2023-12-23,optimism,txcount,415059.0
2023-12-24,optimism,txcount,363854.0
2023-12-25,optimism,txcount,335992.0
2023-12-26,optimism,txcount,421945.0
2023-12-27,optimism,txcount,425124.0
2023-12-28,optimism,txcount,414468.0
2023-12-29,optimism,txcount,366787.0
2023-12-30,optimism,txcount,357405.0
2023-12-31,optimism,txcount,368691.0
2024-01-01,optimism,txcount,359188.0
2024-01-02,optimism,txcount,375435.0
2024-01-03,optimism,txcount,369843.0
2024-01-04,optimism,txcount,351338.0
2024-01-05,optimism,txcount,341170.0
2024-01-06,optimism,txcount,328723.0
2024-01-07,optimism,txcount,281851.0
2024-01-08,optimism,txcount,358169.0
2024-01-09,optimism,txcount,411965.0
2024-01-10,optimism,txcount,446936.0
2024-01-11,optimism,txcount,400452.0
2024-01-12,optimism,txcount,422908.0
2024-01-13,optimism,txcount,372317.0
2024-01-14,optimism,txcount,293080.0
2024-01-15,optimism,txcount,369680.0
2024-01-16,optimism,txcount,359028.0
2024-01-17,optimism,txcount,337916.0
2024-01-18,optimism,txcount,305049.0
2024-01-19,optimism,txcount,315744.0
2024-01-20,optimism,txcount,358107.0
2024-01-21,optimism,txcount,306139.0
2024-01-22,optimism,txcount,340017.0
2024-01-23,optimism,txcount,396012.0
2024-01-24,optimism,txcount,457337.0
2024-01-25,optimism,txcount,416941.0
2024-01-26,optimism,txcount,358966.0
2024-01-27,optimism,txcount,309057.0
2024-01-28,optimism,txcount,365096.0
2024-01-29,optimism,txcount,351489.0
2024-01-30,optimism,txcount,331790.0
2024-01-31,optimism,txcount,334820.0
2024-02-01,optimism,txcount,365302.0
2024-02-02,optimism,txcount,329022.0
2024-02-03,optimism,txcount,308537.0
2024-02-04,optimism,txcount,292148.0
2024-02-05,optimism,txcount,307019.0
2024-02-06,optimism,txcount,304871.0
2024-02-07,optimism,txcount,297289.0
2024-02-08,optimism,txcount,256977.0
2024-02-09,optimism,txcount,236257.0
2024-02-10,optimism,txcount,255230.0
2024-02-11,optimism,txcount,274363.0
2024-02-12,optimism,txcount,300079.0
2024-02-13,optimism,txcount,351928.0
2024-02-14,optimism,txcount,326916.0
2024-02-15,optimism,txcount,317818.0
2024-02-16,optimism,txcount,343457.0
2024-02-17,optimism,txcount,367065.0
2024-02-18,optimism,txcount,356679.0
2024-02-19,optimism,txcount,390211.0
2024-02-20,optimism,txcount,442715.0
2024-02-21,optimism,txcount,438297.0
2024-02-22,optimism,txcount,425594.0
2024-02-23,optimism,txcount,390562.0
2024-02-24,optimism,txcount,391488.0
2024-02-25,optimism,txcount,397202.0
2024-02-26,optimism,txcount,416974.0
2024-02-27,optimism,txcount,437487.0
2024-02-28,optimism,txcount,463657.0
2024-02-29,optimism,txcount,465409.0
2024-03-01,optimism,txcount,386785.0
2024-03-02,optimism,txcount,381395.0
2024-03-03,optimism,txcount,380864.0
2024-03-04,optimism,txcount,355982.0
2024-03-05,optimism,txcount,441419.0
2024-03-06,optimism,txcount,402424.0
2024-03-07,optimism,txcount,374887.0
2024-03-08,optimism,txcount,361870.0
2024-03-09,optimism,txcount,405861.0
2024-03-10,optimism,txcount,317787.0
2024-03-11,optimism,txcount,339123.0
2024-03-12,optimism,txcount,327665.0
2024-03-13,optimism,txcount,301763.0
2024-03-14,optimism,txcount,515561.0
2024-03-15,optimism,txcount,723669.0
2024-03-16,optimism,txcount,584727.0
2024-03-17,optimism,txcount,542000.0
2024-03-18,optimism,txcount,618175.0
2024-03-19,optimism,txcount,735057.0
2024-03-20,optimism,txcount,737944.0
2024-03-21,optimism,txcount,628844.0
2024-03-22,optimism,txcount,631183.0
2024-03-23,optimism,txcount,555458.0
2024-03-24,optimism,txcount,556122.0
2024-03-25,optimism,txcount,674498.0
2024-03-26,optimism,txcount,800936.0
2024-03-27,optimism,txcount,975203.0
2024-03-28,optimism,txcount,942566.0
2024-03-29,optimism,txcount,886491.0
2024-03-30,optimism,txcount,833154.0
2024-03-31,optimism,txcount,701014.0
2024-04-01,optimism,txcount,600225.0
2024-04-02,optimism,txcount,635788.0
2024-04-03,optimism,txcount,634039.0
2024-04-04,optimism,txcount,758156.0
2024-04-05,optimism,txcount,749908.0
2024-04-06,optimism,txcount,507706.0
2024-04-07,optimism,txcount,584091.0
2024-04-08,optimism,txcount,643501.0
2024-04-09,optimism,txcount,646032.0
2024-04-10,optimism,txcount,666551.0
2024-04-11,optimism,txcount,674596.0
2024-04-12,optimism,txcount,670828.0
2024-04-13,optimism,txcount,667164.0
2024-04-14,optimism,txcount,661227.0
2024-04-15,optimism,txcount,669688.0
2024-04-16,optimism,txcount,663673.0
2024-04-17,optimism,txcount,616498.0
2024-04-18,optimism,txcount,610703.0
2024-04-19,optimism,txcount,657922.0
2024-04-20,optimism,txcount,573160.0
2024-04-21,optimism,txcount,591692.0
2024-04-22,optimism,txcount,607720.0
2024-04-23,optimism,txcount,654434.0
2024-04-24,optimism,txcount,644916.0
2024-04-25,optimism,txcount,660341.0
2024-04-26,optimism,txcount,661721.0
2024-04-27,optimism,txcount,662627.0
2024-04-28,optimism,txcount,666124.0
2024-04-29,optimism,txcount,641134.0
2024-04-30,optimism,txcount,766402.0
2024-05-01,optimism,txcount,792790.0
2024-05-02,optimism,txcount,653744.0
2024-05-03,optimism,txcount,571833.0
2024-05-04,optimism,txcount,476957.0
2024-05-05,optimism,txcount,471022.0
2024-05-06,optimism,txcount,555330.0
2024-05-07,optimism,txcount,540855.0
2024-05-08,optimism,txcount,532666.0
2024-05-09,optimism,txcount,521153.0
2024-05-10,optimism,txcount,518078.0
2024-05-11,optimism,txcount,424921.0
2024-05-12,optimism,txcount,400654.0
2024-05-13,optimism,txcount,511632.0
2024-05-14,optimism,txcount,482011.0
2024-05-15,optimism,txcount,563847.0
2024-05-16,optimism,txcount,543728.0
2024-05-17,optimism,txcount,472526.0
2024-05-18,optimism,txcount,376829.0
2024-05-19,optimism,txcount,358282.0
2024-05-20,optimism,txcount,520300.0
2024-05-21,optimism,txcount,609862.0
2024-05-22,optimism,txcount,630235.0
2024-05-23,optimism,txcount,656576.0
2024-05-24,optimism,txcount,530798.0
2024-05-25,optimism,txcount,461698.0
2024-05-26,optimism,txcount,461876.0
2024-05-27,optimism,txcount,500013.0
2024-05-28,optimism,txcount,516548.0
2024-05-29,optimism,txcount,523386.0
2024-05-30,optimism,txcount,523907.0
2024-05-31,optimism,txcount,488481.0
2024-06-01,optimism,txcount,444499.0
2024-06-02,optimism,txcount,420882.0
2024-06-03,optimism,txcount,515757.0
2024-06-04,optimism,txcount,535602.0
2024-06-05,optimism,txcount,479926.0
2024-06-06,optimism,txcount,514048.0
2024-06-07,optimism,txcount,506175.0
2024-06-08,optimism,txcount,437741.0
2024-06-09,optimism,txcount,403235.0
2024-06-10,optimism,txcount,498386.0
2024-06-11,optimism,txcount,534180.0
2024-06-12,optimism,txcount,560364.0
2024-06-13,optimism,txcount,550021.0
2024-06-14,optimism,txcount,527551.0
2024-06-15,optimism,txcount,504749.0
2024-06-16,optimism,txcount,423831.0
2024-06-17,optimism,txcount,532231.0
2024-06-18,optimism,txcount,567315.0
2024-06-19,optimism,txcount,479444.0
2024-06-20,optimism,txcount,828881.0
2024-06-21,optimism,txcount,698094.0
2024-06-22,optimism,txcount,502149.0
2024-06-23,optimism,txcount,479347.0
2024-06-24,optimism,txcount,529294.0
2024-06-25,optimism,txcount,459782.0
2024-06-26,optimism,txcount,436595.0
2024-06-27,optimism,txcount,469157.0
2024-06-28,optimism,txcount,453697.0
2024-06-29,optimism,txcount,409170.0
2024-06-30,optimism,txcount,418778.0
2024-07-01,optimism,txcount,429922.0
2024-07-02,optimism,txcount,448361.0
2024-07-03,optimism,txcount,459543.0
2024-07-04,optimism,txcount,503818.0
2024-07-05,optimism,txcount,575849.0
2024-07-06,optimism,txcount,415583.0
2024-07-07,optimism,txcount,377421.0
2024-07-08,optimism,txcount,520784.0
2024-07-09,optimism,txcount,500692.0
2024-07-10,optimism,txcount,460366.0
2024-07-11,optimism,txcount,484072.0
2024-07-12,optimism,txcount,494753.0
2024-07-13,optimism,txcount,397209.0
2024-07-14,optimism,txcount,393757.0
2024-07-15,optimism,txcount,501229.0
2024-07-16,optimism,txcount,562356.0
2024-07-17,optimism,txcount,523193.0
2024-07-18,optimism,txcount,499968.0
2024-07-19,optimism,txcount,482298.0
2024-07-20,optimism,txcount,444906.0
2024-07-21,optimism,txcount,494711.0
2024-07-22,optimism,txcount,501434.0
2024-07-23,optimism,txcount,513100.0
2024-07-24,optimism,txcount,418160.0
2024-07-25,optimism,txcount,495975.0
2024-07-26,optimism,txcount,453184.0
2024-07-27,optimism,txcount,427015.0
2024-07-28,optimism,txcount,348838.0
2024-07-29,optimism,txcount,442193.0
2024-07-30,optimism,txcount,407931.0
2024-07-31,optimism,txcount,427955.0
2024-08-01,optimism,txcount,506080.0
2024-08-02,optimism,txcount,495612.0
2024-08-03,optimism,txcount,455999.0
2024-08-04,optimism,txcount,465411.0
2024-08-05,optimism,txcount,818437.0
2024-08-06,optimism,txcount,597380.0
2024-08-07,optimism,txcount,542954.0
2024-08-08,optimism,txcount,528049.0
2024-08-09,optimism,txcount,501106.0
2024-08-10,optimism,txcount,383422.0
2024-08-11,optimism,txcount,418965.0
2024-08-12,optimism,txcount,503094.0
2024-08-13,optimism,txcount,487817.0
2024-08-14,optimism,txcount,478451.0
2024-08-15,optimism,txcount,501344.0
2024-08-16,optimism,txcount,493775.0
2024-08-17,optimism,txcount,439702.0
2024-08-18,optimism,txcount,452005.0
2024-08-19,optimism,txcount,513031.0
2024-08-20,optimism,txcount,515917.0
2024-08-21,optimism,txcount,516340.0
2024-08-22,optimism,txcount,458740.0
2024-08-23,optimism,txcount,530762.0
2024-08-24,optimism,txcount,534810.0
2024-08-25,optimism,txcount,492249.0
2024-08-26,optimism,txcount,615339.0
2024-08-27,optimism,txcount,602377.0
2024-08-28,optimism,txcount,567679.0
2024-08-29,optimism,txcount,583259.0
2024-08-30,optimism,txcount,661052.0
2024-08-31,optimism,txcount,589039.0
2024-09-01,optimism,txcount,630445.0
2024-09-02,optimism,txcount,653611.0
2024-09-03,optimism,txcount,667779.0
2024-09-04,optimism,txcount,677624.0
2024-09-05,optimism,txcount,685685.0
2024-09-06,optimism,txcount,733406.0
2024-09-07,optimism,txcount,608683.0
2024-09-08,optimism,txcount,589228.0
2024-09-09,optimism,txcount,624029.0
2024-09-10,optimism,txcount,589521.0
2024-09-11,optimism,txcount,607686.0
2024-09-12,optimism,txcount,585329.0
2024-09-13,optimism,txcount,598708.0
2024-09-14,optimism,txcount,548274.0
2024-09-15,optimism,txcount,527153.0
2024-09-16,optimism,txcount,564087.0
2024-09-17,optimism,txcount,576020.0
2024-09-18,optimism,txcount,659831.0
2024-09-19,optimism,txcount,732072.0
2024-09-20,optimism,txcount,886601.0
2024-09-21,optimism,txcount,759261.0
2024-09-22,optimism,txcount,664518.0
2024-09-23,optimism,txcount,743276.0
2024-09-24,optimism,txcount,705522.0
2024-09-25,optimism,txcount,771577.0
2024-09-26,optimism,txcount,800232.0
2024-09-27,optimism,txcount,869369.0
2024-09-28,optimism,txcount,729918.0
2024-09-29,optimism,txcount,710426.0
2024-09-30,optimism,txcount,774292.0
2024-10-01,optimism,txcount,766549.0
2024-10-02,optimism,txcount,829608.0
2024-10-03,optimism,txcount,831045.0
2024-10-04,optimism,txcount,766247.0
2024-10-05,optimism,txcount,695032.0
2024-10-06,optimism,txcount,687952.0
2024-10-07,optimism,txcount,770155.0
2024-10-08,optimism,txcount,783763.0
2024-10-09,optimism,txcount,801902.0
2024-10-10,optimism,txcount,792458.0
2024-10-11,optimism,txcount,793476.0
2024-10-12,optimism,txcount,742268.0
2024-10-13,optimism,txcount,733962.0
2024-10-14,optimism,txcount,877568.0
2024-10-15,optimism,txcount,943046.0
2024-10-16,optimism,txcount,868984.0
2024-10-17,optimism,txcount,957662.0
2024-10-18,optimism,txcount,854963.0
2024-10-19,optimism,txcount,662761.0
2024-10-20,optimism,txcount,583889.0
2024-10-21,optimism,txcount,606408.0
2024-10-22,optimism,txcount,632227.0
2024-10-23,optimism,txcount,813430.0
2024-10-24,optimism,txcount,904316.0
2024-10-25,optimism,txcount,929907.0
2024-10-26,optimism,txcount,733431.0
2024-10-27,optimism,txcount,655120.0
2024-10-28,optimism,txcount,804466.0
2024-10-29,optimism,txcount,908643.0
2024-10-30,optimism,txcount,823490.0
2024-10-31,optimism,txcount,755689.0
2024-11-01,optimism,txcount,762709.0
2024-11-02,optimism,txcount,729692.0
2024-11-03,optimism,txcount,843508.0
2024-11-04,optimism,txcount,686675.0
2024-11-05,optimism,txcount,691017.0
2024-11-06,optimism,txcount,879803.0
2024-11-07,optimism,txcount,901258.0
2024-11-08,optimism,txcount,936529.0
2024-11-09,optimism,txcount,823132.0
2024-11-10,optimism,txcount,932965.0
2024-11-11,optimism,txcount,953882.0
2024-11-12,optimism,txcount,1072595.0
2024-11-13,optimism,txcount,1003509.0
2024-11-14,optimism,txcount,963420.0
2024-11-15,optimism,txcount,907323.0
2024-11-16,optimism,txcount,819134.0
2024-11-17,optimism,txcount,840055.0
2024-11-18,optimism,txcount,928876.0
2024-11-19,optimism,txcount,870144.0
2024-11-20,optimism,txcount,921260.0
2024-11-21,optimism,txcount,1073953.0
2024-11-22,optimism,txcount,997609.0
2024-11-23,optimism,txcount,979167.0
2024-11-24,optimism,txcount,893410.0
2024-11-25,optimism,txcount,876159.0
2024-11-26,optimism,txcount,853230.0
2024-11-27,optimism,txcount,1140093.0
2024-11-28,optimism,txcount,795670.0
2024-11-29,optimism,txcount,912445.0
2024-11-30,optimism,txcount,950845.0
2024-12-01,optimism,txcount,906750.0
2024-12-02,optimism,txcount,1072074.0
2024-12-03,optimism,txcount,1041048.0
2024-12-04,optimism,txcount,1081867.0
2024-12-05,optimism,txcount,975754.0
2024-12-06,optimism,txcount,973345.0
2024-12-07,optimism,txcount,950882.0
2024-12-08,optimism,txcount,926616.0
2024-12-09,optimism,txcount,1062546.0
2024-12-10,optimism,txcount,1115298.0
2024-12-11,optimism,txcount,1031987.0
2024-12-12,optimism,txcount,1048361.0
2024-12-13,optimism,txcount,1063692.0
2024-12-14,optimism,txcount,988801.0
2024-12-15,optimism,txcount,936158.0
2024-12-16,optimism,txcount,910906.0
2024-12-17,optimism,txcount,1094565.0
2024-12-18,optimism,txcount,1096386.0
2024-12-19,optimism,txcount,1126966.0
2024-12-20,optimism,txcount,1095034.0
2024-12-21,optimism,txcount,1155674.0
2024-12-22,optimism,txcount,1110378.0
2024-12-23,optimism,txcount,1061145.0
2024-12-24,optimism,txcount,983535.0
2024-12-25,optimism,txcount,888084.0
2024-12-26,optimism,txcount,795285.0
2024-12-27,optimism,txcount,700299.0
2024-12-28,optimism,txcount,742471.0
2024-12-29,optimism,txcount,642455.0
2024-12-30,optimism,txcount,845534.0
2024-12-31,optimism,txcount,726116.0
2025-01-01,optimism,txcount,624090.0
2025-01-02,optimism,txcount,833933.0
2025-01-03,optimism,txcount,781664.0
2025-01-04,optimism,txcount,857837.0
2025-01-05,optimism,txcount,741417.0
2025-01-06,optimism,txcount,682673.0
2025-01-07,optimism,txcount,812619.0
2025-01-08,optimism,txcount,797579.0
2025-01-09,optimism,txcount,755432.0
2025-01-10,optimism,txcount,777495.0
2025-01-11,optimism,txcount,753914.0
2025-01-12,optimism,txcount,712274.0
2025-01-13,optimism,txcount,1142696.0
2025-01-14,optimism,txcount,816300.0
2025-01-15,optimism,txcount,703664.0
2025-01-16,optimism,txcount,699996.0
2025-01-17,optimism,txcount,679793.0
2025-01-18,optimism,txcount,688608.0
2025-01-19,optimism,txcount,1214025.0
2025-01-20,optimism,txcount,992602.0
2025-01-21,optimism,txcount,836645.0
2025-01-22,optimism,txcount,715664.0
2025-01-23,optimism,txcount,770693.0
2025-01-24,optimism,txcount,753019.0
2025-01-25,optimism,txcount,743173.0
2025-01-26,optimism,txcount,690730.0
2025-01-27,optimism,txcount,904543.0
2025-01-28,optimism,txcount,657571.0
2025-01-29,optimism,txcount,776061.0
2025-01-30,optimism,txcount,835261.0
2025-01-31,optimism,txcount,801249.0
2025-02-01,optimism,txcount,827215.0
2025-02-02,optimism,txcount,1091406.0
2025-02-03,optimism,txcount,1718506.0
2025-02-04,optimism,txcount,1025972.0
2025-02-05,optimism,txcount,871267.0
2025-02-06,optimism,txcount,902514.0
2025-02-07,optimism,txcount,1057969.0
2025-02-08,optimism,txcount,861609.0
2025-02-09,optimism,txcount,877254.0
2025-02-10,optimism,txcount,828402.0
2025-02-11,optimism,txcount,855913.0
2025-02-12,optimism,txcount,755926.0
2025-02-13,optimism,txcount,791678.0
2025-02-14,optimism,txcount,798673.0
2025-02-15,optimism,txcount,752206.0
2025-02-16,optimism,txcount,654880.0
2025-02-17,optimism,txcount,766752.0
2025-02-18,optimism,txcount,865689.0
2025-02-19,optimism,txcount,1118455.0
2025-02-20,optimism,txcount,861098.0
2025-02-21,optimism,txcount,968173.0
2025-02-22,optimism,txcount,870151.0
2025-02-23,optimism,txcount,950395.0
2025-02-24,optimism,txcount,1165328.0
2025-02-25,optimism,txcount,1134130.0
2025-02-26,optimism,txcount,909357.0
2025-02-27,optimism,txcount,911197.0
2025-02-28,optimism,txcount,1004694.0
2025-03-01,optimism,txcount,985964.0
2025-03-02,optimism,txcount,1074895.0
2025-03-03,optimism,txcount,965166.0
2025-03-04,optimism,txcount,1118124.0
2025-03-05,optimism,txcount,930372.0
2025-03-06,optimism,txcount,867948.0
2025-03-07,optimism,txcount,894723.0
2025-03-08,optimism,txcount,703549.0
2025-03-09,optimism,txcount,837519.0
2025-03-10,optimism,txcount,935709.0
2025-03-11,optimism,txcount,876167.0
2025-03-12,optimism,txcount,776203.0
2025-03-13,optimism,txcount,758391.0
2025-03-14,optimism,txcount,732217.0
2025-03-15,optimism,txcount,708649.0
2025-03-16,optimism,txcount,687557.0
2025-03-17,optimism,txcount,724276.0
2025-03-18,optimism,txcount,733823.0
2025-03-19,optimism,txcount,781355.0
2025-03-20,optimism,txcount,771324.0
2025-03-21,optimism,txcount,1675417.0
2025-03-22,optimism,txcount,1465580.0
2025-03-23,optimism,txcount,1057368.0
2025-03-24,optimism,txcount,1148547.0
2025-03-25,optimism,txcount,1069180.0
2025-03-26,optimism,txcount,1057530.0
2025-03-27,optimism,txcount,1147883.0
2025-03-28,optimism,txcount,986631.0
2025-03-29,optimism,txcount,972971.0
2025-03-30,optimism,txcount,1082444.0
2025-03-31,optimism,txcount,993648.0
2025-04-01,optimism,txcount,870764.0
2025-04-02,optimism,txcount,964993.0
2025-04-03,optimism,txcount,953180.0
2025-04-04,optimism,txcount,813380.0
2025-04-05,optimism,txcount,741968.0
2025-04-06,optimism,txcount,1052634.0
2025-04-07,optimism,txcount,1099492.0
2025-04-08,optimism,txcount,1143483.0
2025-04-09,optimism,txcount,1113757.0
2025-04-10,optimism,txcount,980920.0
2025-04-11,optimism,txcount,887800.0
2025-04-12,optimism,txcount,857159.0
2025-04-13,optimism,txcount,943055.0
2025-04-14,optimism,txcount,930488.0
2025-04-15,optimism,txcount,1365456.0
2025-04-16,optimism,txcount,968389.0
2025-04-17,optimism,txcount,824691.0
2025-04-18,optimism,txcount,826509.0
2025-04-19,optimism,txcount,845359.0
2025-04-20,optimism,txcount,871782.0
2025-04-21,optimism,txcount,912806.0
2025-04-22,optimism,txcount,865829.0
2025-04-23,optimism,txcount,778242.0
2025-04-24,optimism,txcount,957091.0
2025-04-25,optimism,txcount,870814.0
2025-04-26,optimism,txcount,772136.0
2025-04-27,optimism,txcount,786606.0
2025-04-28,optimism,txcount,767964.0
2025-04-29,optimism,txcount,781620.0
2025-04-30,optimism,txcount,795911.0
2025-05-01,optimism,txcount,803927.0
2025-05-02,optimism,txcount,821294.0
2025-05-03,optimism,txcount,745064.0
2025-05-04,optimism,txcount,718185.0
2025-05-05,optimism,txcount,755331.0
2025-05-06,optimism,txcount,863380.0
2025-05-07,optimism,txcount,869347.0
2025-05-08,optimism,txcount,1052774.0
2025-05-09,optimism,txcount,1191533.0
2025-05-10,optimism,txcount,1138361.0
2025-05-11,optimism,txcount,945516.0
2025-05-12,optimism,txcount,967999.0
2025-05-13,optimism,txcount,943683.0
2025-05-14,optimism,txcount,931062.0
2025-05-15,optimism,txcount,943034.0
2025-05-16,optimism,txcount,928438.0
2025-05-17,optimism,txcount,889399.0
2025-05-18,optimism,txcount,960084.0
2025-05-19,optimism,txcount,1026199.0
2025-05-20,optimism,txcount,1066352.0
2025-05-21,optimism,txcount,1031393.0
2025-05-22,optimism,txcount,1061092.0
2025-05-23,optimism,txcount,1071252.0
2025-05-24,optimism,txcount,971158.0
2025-05-25,optimism,txcount,968070.0
2025-05-26,optimism,txcount,1018892.0
2025-05-27,optimism,txcount,1093954.0
2025-05-28,optimism,txcount,953958.0
2025-05-29,optimism,txcount,1022730.0
2025-05-30,optimism,txcount,1183548.0
2025-05-31,optimism,txcount,921229.0
2025-06-01,optimism,txcount,732956.0
2025-06-02,optimism,txcount,748904.0
2025-06-03,optimism,txcount,816555.0
2025-06-04,optimism,txcount,940717.0
2025-06-05,optimism,txcount,994485.0
2025-06-06,optimism,txcount,963095.0
2025-06-07,optimism,txcount,1031236.0
2025-06-08,optimism,txcount,844471.0
2025-06-09,optimism,txcount,1006959.0
2025-06-10,optimism,txcount,1045322.0
2025-06-11,optimism,txcount,1208290.0
2025-06-12,optimism,txcount,1197244.0
2025-06-13,optimism,txcount,1144671.0
2025-06-14,optimism,txcount,1019137.0
2025-06-15,optimism,txcount,1065269.0
2025-06-16,optimism,txcount,1452396.0
2025-06-17,optimism,txcount,1362939.0
2025-06-18,optimism,txcount,1358734.0
2025-06-19,optimism,txcount,1141789.0
2025-06-20,optimism,txcount,1193810.0
2025-06-21,optimism,txcount,1211713.0
2025-06-22,optimism,txcount,1435854.0
2025-06-23,optimism,txcount,1168520.0
2025-06-24,optimism,txcount,1202298.0
2025-06-25,optimism,txcount,1164951.0
2025-06-26,optimism,txcount,1188810.0
2025-06-27,optimism,txcount,1296281.0
2025-06-28,optimism,txcount,1184340.0
2025-06-29,optimism,txcount,1191125.0
2025-06-30,optimism,txcount,1280783.0
2025-07-01,optimism,txcount,1285708.0
2025-07-02,optimism,txcount,1394847.0
2025-07-03,optimism,txcount,1032538.0
2025-07-04,optimism,txcount,1084014.0
2025-07-05,optimism,txcount,1135981.0
2025-07-06,optimism,txcount,1100388.0
2025-07-07,optimism,txcount,1114069.0
2025-07-08,optimism,txcount,1076233.0
2025-07-09,optimism,txcount,1140379.0
2025-07-10,optimism,txcount,1150615.0
2025-07-11,optimism,txcount,1203531.0
2025-07-12,optimism,txcount,1174915.0
2025-07-13,optimism,txcount,1146938.0
2025-07-14,optimism,txcount,1158568.0
2025-07-15,optimism,txcount,1314317.0
2025-07-16,optimism,txcount,1244470.0
2025-07-17,optimism,txcount,1280190.0
2025-07-18,optimism,txcount,1470916.0
2025-07-19,optimism,txcount,1059390.0
2025-07-20,optimism,txcount,1247156.0
2025-07-21,optimism,txcount,1971930.0
2025-07-22,optimism,txcount,1932311.0
2025-07-23,optimism,txcount,1982655.0
2025-07-24,optimism,txcount,1389291.0
2025-07-25,optimism,txcount,1587069.0
2025-07-26,optimism,txcount,1541818.0
2025-07-27,optimism,txcount,1554319.0
2025-07-28,optimism,txcount,2109142.0
2025-07-29,optimism,txcount,1711368.0
2025-07-30,optimism,txcount,1250655.0
2025-07-31,optimism,txcount,1087989.0
2025-08-01,optimism,txcount,1365402.0
2025-08-02,optimism,txcount,1013153.0
2025-08-03,optimism,txcount,916053.0
2025-08-04,optimism,txcount,949426.0
2025-08-05,optimism,txcount,989292.0
2025-08-06,optimism,txcount,973759.0
2025-08-07,optimism,txcount,984490.0
2025-08-08,optimism,txcount,1019667.0
2025-08-09,optimism,txcount,1477253.0
2025-08-10,optimism,txcount,1601077.0
2025-08-11,optimism,txcount,1076803.0
2025-08-12,optimism,txcount,1064523.0
2025-08-13,optimism,txcount,1118625.0
2025-08-14,optimism,txcount,1049130.0
2025-08-15,optimism,txcount,1147381.0
2025-08-16,optimism,txcount,1087444.0
2025-08-17,optimism,txcount,941315.0
2025-08-18,optimism,txcount,1207806.0
2025-08-19,optimism,txcount,1088396.0
2025-08-20,optimism,txcount,1063967.0
2025-08-21,optimism,txcount,1091539.0
2025-08-22,optimism,txcount,1196465.0
2025-08-23,optimism,txcount,1035060.0
2025-08-24,optimism,txcount,2308648.0
2025-08-25,optimism,txcount,1193781.0
2025-08-26,optimism,txcount,1192271.0
2025-08-27,optimism,txcount,1265996.0
2025-08-28,optimism,txcount,1182079.0
2025-08-29,optimism,txcount,1397847.0
2025-08-30,optimism,txcount,1036134.0
2025-08-31,optimism,txcount,1068272.0
2025-09-01,optimism,txcount,1113861.0
2025-09-02,optimism,txcount,1185457.0
2025-09-03,optimism,txcount,1107119.0
2025-09-04,optimism,txcount,1141847.0
2025-09-05,optimism,txcount,1287801.0
2025-09-06,optimism,txcount,993838.0
2025-09-07,optimism,txcount,1014270.0
2025-09-08,optimism,txcount,1186645.0
2025-09-09,optimism,txcount,1308354.0
2025-09-10,optimism,txcount,1142922.0
2025-09-11,optimism,txcount,1250359.0
2025-09-12,optimism,txcount,1096534.0
2025-09-13,optimism,txcount,979500.0
2025-09-14,optimism,txcount,866260.0
2025-09-15,optimism,txcount,1032648.0
2025-09-16,optimism,txcount,1075191.0
2025-09-17,optimism,txcount,1276287.0
2025-09-18,optimism,txcount,1187143.0
2025-09-19,optimism,txcount,1093572.0
2025-09-20,optimism,txcount,1064862.0
2025-09-21,optimism,txcount,1305392.0
2025-09-22,optimism,txcount,1588200.0
2025-09-23,optimism,txcount,1390382.0
2025-09-24,optimism,txcount,1427315.0
2025-09-25,optimism,txcount,1802055.0
2025-09-26,optimism,txcount,1466765.0
2025-09-27,optimism,txcount,1165567.0
2025-09-28,optimism,txcount,1196505.0
2025-09-29,optimism,txcount,1102428.0
2025-09-30,optimism,txcount,1240256.0
2025-10-01,optimism,txcount,1165910.0
2025-10-02,optimism,txcount,1248923.0
2025-10-03,optimism,txcount,1228556.0
2025-10-04,optimism,txcount,1237802.0
2025-10-05,optimism,txcount,1798930.0
2025-10-06,optimism,txcount,1571697.0
2025-10-07,optimism,txcount,1747790.0
2025-10-08,optimism,txcount,2040044.0
2025-10-09,optimism,txcount,2801506.0
2025-10-10,optimism,txcount,2904958.0
2025-10-11,optimism,txcount,2528705.0
2025-10-12,optimism,txcount,2387007.0
2025-10-13,optimism,txcount,2429386.0
2025-10-14,optimism,txcount,2487703.0
2025-10-15,optimism,txcount,2309742.0
2025-10-16,optimism,txcount,1955405.0
2025-10-17,optimism,txcount,1753852.0
2025-10-18,optimism,txcount,1284233.0
2025-10-19,optimism,txcount,1594754.0
2025-10-20,optimism,txcount,1833086.0
2025-10-21,optimism,txcount,1805495.0
2025-10-22,optimism,txcount,2282995.0
2025-10-23,optimism,txcount,1669615.0
2025-10-24,optimism,txcount,1581364.0
2025-10-25,optimism,txcount,1264731.0
2025-10-26,optimism,txcount,1636154.0
2025-10-27,optimism,txcount,1915090.0
2025-10-28,optimism,txcount,2016751.0
2025-10-29,optimism,txcount,1666986.0
2025-10-30,optimism,txcount,1724077.0
2025-10-31,optimism,txcount,1652397.0
2025-11-01,optimism,txcount,1569684.0
2025-11-02,optimism,txcount,1567986.0
2025-11-03,optimism,txcount,1778028.0
2025-11-04,optimism,txcount,2030164.0
2025-11-05,optimism,txcount,1701662.0
2025-11-06,optimism,txcount,1465700.0
2025-11-07,optimism,txcount,1618204.0
2025-11-08,optimism,txcount,1606388.0
2025-11-09,optimism,txcount,1674277.0
2025-11-10,optimism,txcount,1810730.0
2025-11-11,optimism,txcount,2148543.0
2025-11-12,optimism,txcount,2242673.0
2025-11-13,optimism,txcount,2064355.0
2025-11-14,optimism,txcount,2120976.0
2025-11-15,optimism,txcount,1848324.0
2025-11-16,optimism,txcount,1849872.0
2025-11-17,optimism,txcount,2018444.0
2025-11-18,optimism,txcount,1823686.0
2025-11-19,optimism,txcount,1780576.0
2025-11-20,optimism,txcount,2072827.0
2025-11-21,optimism,txcount,2323195.0
2025-11-22,optimism,txcount,1670832.0
2025-11-23,optimism,txcount,1547680.0
2025-11-24,optimism,txcount,1485303.0
2025-11-25,optimism,txcount,1336874.0
2025-11-26,optimism,txcount,1311764.0
2025-11-27,optimism,txcount,1257211.0
2025-11-28,optimism,txcount,1706067.0
2025-11-29,optimism,txcount,1164545.0
2025-11-30,optimism,txcount,1229342.0
2025-12-01,optimism,txcount,1884783.0
2025-12-02,optimism,txcount,1406422.0
2025-12-03,optimism,txcount,1594461.0
2025-12-04,optimism,txcount,1670818.0
2025-12-05,optimism,txcount,1796765.0
2025-12-06,optimism,txcount,1620937.0
2025-12-07,optimism,txcount,1126948.0
2025-12-08,optimism,txcount,1233481.0
2025-12-09,optimism,txcount,1416727.0
2025-12-10,optimism,txcount,1488972.0
2025-12-11,optimism,txcount,1665754.0
2025-12-12,optimism,txcount,1681231.0
2025-12-13,optimism,txcount,1507952.0
2025-12-14,optimism,txcount,1710004.0
2025-12-15,optimism,txcount,2002137.0
2025-12-16,optimism,txcount,2231342.0
2025-12-17,optimism,txcount,2135161.0
2025-12-18,optimism,txcount,2120505.0
2025-12-19,optimism,txcount,1899570.0
2025-12-20,optimism,txcount,1614668.0
2025-12-21,optimism,txcount,1503855.0
2025-12-22,optimism,txcount,1678024.0
2025-12-23,optimism,txcount,1756973.0
2025-12-24,optimism,txcount,1876528.0
2025-12-25,optimism,txcount,2213147.0
2025-12-26,optimism,txcount,1891274.0
2025-12-27,optimism,txcount,1466078.0
2025-12-28,optimism,txcount,1638842.0
2025-12-29,optimism,txcount,1787103.0
2025-12-30,optimism,txcount,1694555.0
2025-12-31,optimism,txcount,2118907.0
2026-01-01,optimism,txcount,2136534.0
2026-01-02,optimism,txcount,1940134.0
2026-01-03,optimism,txcount,1797718.0
2026-01-04,optimism,txcount,1805104.0
2026-01-05,optimism,txcount,2080243.0
2026-01-06,optimism,txcount,2294046.0
2026-01-07,optimism,txcount,2255498.0
2026-01-08,optimism,txcount,2241546.0
2026-01-09,optimism,txcount,2474683.0
2026-01-10,optimism,txcount,2100102.0
2026-01-11,optimism,txcount,1889889.0
2026-01-12,optimism,txcount,2326357.0
2026-01-13,optimism,txcount,2201983.0
2026-01-14,optimism,txcount,2482943.0
2026-01-15,optimism,txcount,2137642.0
2026-01-16,optimism,txcount,2193119.0
2026-01-17,optimism,txcount,2128173.0
2026-01-18,optimism,txcount,1957750.0
2026-01-19,optimism,txcount,2183877.0
2026-01-20,optimism,txcount,2374380.0
2026-01-21,optimism,txcount,2456349.0
2026-01-22,optimism,txcount,2221608.0
2026-01-23,optimism,txcount,2029359.0
2026-01-24,optimism,txcount,1905453.0
2026-01-25,optimism,txcount,2219541.0
2026-01-26,optimism,txcount,2260135.0
2026-01-27,optimism,txcount,2051731.0
2026-01-28,optimism,txcount,2079195.0
2026-01-29,optimism,txcount,2314719.0
2026-01-30,optimism,txcount,2369248.0
2026-01-31,optimism,txcount,2741929.0
2026-02-01,optimism,txcount,2480448.0
2026-02-02,optimism,txcount,2417933.0
2026-02-03,optimism,txcount,2449937.0
2026-02-04,optimism,txcount,2228666.0
2026-02-05,optimism,txcount,3780449.0
2026-02-06,optimism,txcount,2433740.0
2026-02-07,optimism,txcount,2721764.0
2026-02-08,optimism,txcount,3065074.0
2026-02-09,optimism,txcount,2597204.0
2026-02-10,optimism,txcount,2254226.0
2026-02-11,optimism,txcount,2454573.0
2026-02-12,optimism,txcount,2441796.0
2026-02-13,optimism,txcount,2301181.0
2026-02-14,optimism,txcount,1955013.0
2026-02-15,optimism,txcount,2207007.0
2026-02-16,optimism,txcount,2227910.0
2026-02-17,optimism,txcount,2018950.0
2026-02-18,optimism,txcount,2313864.0
2026-02-19,optimism,txcount,2460530.0
2026-02-20,optimism,txcount,2455519.0
2026-02-21,optimism,txcount,2127950.0
2026-02-22,optimism,txcount,2119286.0
2026-02-23,optimism,txcount,2411390.0
2026-02-24,optimism,txcount,2189215.0
2026-02-25,optimism,txcount,2397465.0
2026-02-26,optimism,txcount,2116954.0
2026-02-27,optimism,txcount,2320579.0
2026-02-28,optimism,txcount,2142051.0
2026-03-01,optimism,txcount,1990631.0
2026-03-02,optimism,txcount,2194876.0
2026-03-03,optimism,txcount,1818841.0
2026-03-04,optimism,txcount,1592584.0
2026-03-05,optimism,txcount,1993641.0
2026-03-06,optimism,txcount,2217245.0
2026-03-07,optimism,txcount,2028945.0
2026-03-08,optimism,txcount,2124635.0
2026-03-09,optimism,txcount,1741515.0
2026-03-10,optimism,txcount,1642896.0
2026-03-11,optimism,txcount,1707880.0
2026-03-12,optimism,txcount,1413879.0
2026-03-13,optimism,txcount,1641846.0
2026-03-14,optimism,txcount,1597041.0
2026-03-15,optimism,txcount,1987728.0
2026-03-16,optimism,txcount,1916884.0
2026-03-17,optimism,txcount,1873177.0
2026-03-18,optimism,txcount,2376308.0
2026-03-19,optimism,txcount,1796024.0
2026-03-20,optimism,txcount,1745402.0
2026-03-21,optimism,txcount,1641629.0
2026-03-22,optimism,txcount,1680206.0
2026-03-23,optimism,txcount,1893661.0
2026-03-24,optimism,txcount,2014437.0
2026-03-25,optimism,txcount,2254562.0
2026-03-26,optimism,txcount,1948863.0
2026-03-27,optimism,txcount,2191445.0
2026-03-28,optimism,txcount,1929571.0
2026-03-29,optimism,txcount,1737454.0
2026-03-30,optimism,txcount,1861746.0
2026-03-31,optimism,txcount,1707931.0
2026-04-01,optimism,txcount,1920975.0
2026-04-02,optimism,txcount,1964316.0
2026-04-03,optimism,txcount,1476940.0
2026-04-04,optimism,txcount,1528536.0
2026-04-05,optimism,txcount,1788315.0
2026-04-06,optimism,txcount,1849384.0
2026-04-07,optimism,txcount,1796575.0
2026-04-08,optimism,txcount,2065299.0
2026-04-09,optimism,txcount,2087216.0
2026-04-10,optimism,txcount,1900287.0
2026-04-11,optimism,txcount,2035308.0
2026-04-12,optimism,txcount,1939284.0
2026-04-13,optimism,txcount,1861571.0
2026-04-14,optimism,txcount,2113397.0
2026-04-15,optimism,txcount,1990081.0
2026-04-16,optimism,txcount,2022634.0
2026-04-17,optimism,txcount,1698448.0
2026-04-18,optimism,txcount,1556871.0
2026-04-19,optimism,txcount,1403370.0
2026-04-20,optimism,txcount,1413329.0
2026-04-21,optimism,txcount,1421841.0
2026-04-22,optimism,txcount,1224339.0
2026-04-23,optimism,txcount,1325743.0
2026-04-24,optimism,txcount,1288679.0
2026-04-25,optimism,txcount,1332663.0
2026-04-26,optimism,txcount,1233435.0
2026-04-27,optimism,txcount,1144173.0
2026-04-28,optimism,txcount,1092898.0
2026-04-29,optimism,txcount,1188032.0
2026-04-30,optimism,txcount,1311702.0
2026-05-01,optimism,txcount,1208578.0
2026-05-02,optimism,txcount,1200415.0
2026-05-03,optimism,txcount,1207733.0
2026-05-04,optimism,txcount,1288690.0
2026-05-05,optimism,txcount,1335533.0
2026-05-06,optimism,txcount,1269045.0
2026-05-07,optimism,txcount,1273209.0
2026-05-08,optimism,txcount,1604814.0
2026-05-09,optimism,txcount,1590096.0
2026-05-10,optimism,txcount,1394017.0
2026-05-11,optimism,txcount,1295023.0
2026-05-12,optimism,txcount,1457115.0
2026-05-13,optimism,txcount,1597370.0
2026-05-14,optimism,txcount,1321046.0
2026-05-15,optimism,txcount,1372209.0
2026-05-16,optimism,txcount,1290105.0
2026-05-17,optimism,txcount,1159211.0
2026-05-18,optimism,txcount,1927498.0
2026-05-19,optimism,txcount,1256344.0
2026-05-20,optimism,txcount,1137279.0
2026-05-21,optimism,txcount,1509271.0
2026-05-22,optimism,txcount,1616514.0
2026-05-23,optimism,txcount,1918738.0
2026-05-24,optimism,txcount,1491889.0
2026-05-25,optimism,txcount,1634248.0
2026-05-26,optimism,txcount,1676750.0
2026-05-27,optimism,txcount,1521378.0
2026-05-28,optimism,txcount,2332535.0
2026-05-29,optimism,txcount,1489565.0
2026-05-30,optimism,txcount,1168372.0
2026-05-31,optimism,txcount,1246886.0
2026-06-01,optimism,txcount,1418991.0
2026-06-02,optimism,txcount,1898766.0
2026-06-03,optimism,txcount,1991007.0
2026-06-04,optimism,txcount,2470133.0
2026-06-05,optimism,txcount,3090354.0
2026-06-06,optimism,txcount,2237294.0
2026-06-07,optimism,txcount,1991628.0
2026-06-08,optimism,txcount,1647677.0
2026-06-09,optimism,txcount,1371164.0
2026-06-10,optimism,txcount,1397119.0
2026-06-11,optimism,txcount,1440601.0
2026-06-12,optimism,txcount,1688512.0
2026-06-13,optimism,txcount,1607083.0
2026-06-14,optimism,txcount,1341082.0
2026-06-15,optimism,txcount,2301862.0
2026-06-16,optimism,txcount,1775868.0
2026-06-17,optimism,txcount,1575345.0
2026-06-18,optimism,txcount,2056113.0
2026-06-19,optimism,txcount,1675369.0
2026-06-20,optimism,txcount,1778449.0
2026-06-21,optimism,txcount,1186378.0
2026-06-22,optimism,txcount,1350009.0
2026-06-23,optimism,txcount,1604998.0
2026-06-24,optimism,txcount,1856425.0
2026-06-25,optimism,txcount,1902852.0
2026-06-26,optimism,txcount,2074024.0
2026-06-27,optimism,txcount,1414844.0
2026-06-28,optimism,txcount,1391530.0
2026-06-29,optimism,txcount,1579876.0
2026-06-30,optimism,txcount,1695475.0
2026-07-01,optimism,txcount,1740954.0
2026-07-02,optimism,txcount,1805822.0
2026-07-03,optimism,txcount,1608581.0
2026-07-04,optimism,txcount,1477548.0
2026-07-05,optimism,txcount,1191112.0
2026-07-06,optimism,txcount,1664920.0
2026-07-07,optimism,txcount,1880533.0
2026-07-08,optimism,txcount,1568030.0
2026-07-09,optimism,txcount,1239015.0
2026-07-10,optimism,txcount,1595872.0
2026-07-11,optimism,txcount,1371589.0
2026-07-12,optimism,txcount,1485244.0
2026-07-13,optimism,txcount,1774275.0
2026-07-14,optimism,txcount,1767436.0
2026-07-15,optimism,txcount,1786281.0
2026-07-16,optimism,txcount,1538562.0
2026-07-17,optimism,txcount,1836626.0
2026-07-18,optimism,txcount,1615294.0
2026-07-19,optimism,txcount,1273797.0
2026-07-20,optimism,txcount,1422760.0
2026-07-21,optimism,txcount,1376181.0
2026-07-22,optimism,txcount,1507579.0
2026-07-23,optimism,txcount,1188669.0
2026-07-24,optimism,txcount,1010363.0
2026-07-25,optimism,txcount,999731.0
2026-07-26,optimism,txcount,912092.0
2026-07-27,optimism,txcount,1458377.0
2026-07-28,optimism,txcount,1597940.0
2026-07-29,optimism,txcount,1669507.0
2026-07-30,optimism,txcount,1746009.0
2026-07-31,optimism,txcount,1570365.0
2026-08-01,optimism,txcount,1906255.0
2026-08-02,optimism,txcount,1540694.0
2026-08-03,optimism,txcount,1521240.0
2026-08-04,optimism,txcount,1309937.0
2026-08-05,optimism,txcount,1340726.0
2026-08-06,optimism,txcount,1412210.0
2026-08-07,optimism,txcount,1609411.0
2026-08-08,optimism,txcount,1345605.0
2026-08-09,optimism,txcount,1221126.0
2026-08-10,optimism,txcount,2267931.0
2026-08-11,optimism,txcount,1775160.0
2026-08-12,optimism,txcount,1473708.0
2026-08-13,optimism,txcount,1765330.0
2026-08-14,optimism,txcount,1681882.0
2026-08-15,optimism,txcount,1493684.0
2026-08-16,optimism,txcount,1677555.0
2026-08-17,optimism,txcount,1725661.0
2026-08-18,optimism,txcount,1886721.0
2026-08-19,optimism,txcount,2829742.0
2026-08-20,optimism,txcount,3093863.0
2023-02-14,zksync_era,txcount,6.0
2023-02-15,zksync_era,txcount,18.0
2023-02-16,zksync_era,txcount,112.0
2023-02-17,zksync_era,txcount,30.0
2023-02-18,zksync_era,txcount,1.0
2023-02-19,zksync_era,txcount,1.0
2023-02-20,zksync_era,txcount,814.0
2023-02-21,zksync_era,txcount,33.0
2023-02-22,zksync_era,txcount,102.0
2023-02-23,zksync_era,txcount,115.0
2023-02-24,zksync_era,txcount,68.0
2023-02-25,zksync_era,txcount,16.0
2023-02-26,zksync_era,txcount,7.0
2023-02-27,zksync_era,txcount,27.0
2023-02-28,zksync_era,txcount,15.0
2023-03-01,zksync_era,txcount,181.0
2023-03-02,zksync_era,txcount,2338.0
2023-03-03,zksync_era,txcount,1842.0
2023-03-04,zksync_era,txcount,1817.0
2023-03-05,zksync_era,txcount,1261.0
2023-03-06,zksync_era,txcount,35.0
2023-03-07,zksync_era,txcount,16.0
2023-03-08,zksync_era,txcount,21.0
2023-03-09,zksync_era,txcount,31.0
2023-03-10,zksync_era,txcount,26.0
2023-03-11,zksync_era,txcount,2.0
2023-03-12,zksync_era,txcount,12.0
2023-03-13,zksync_era,txcount,8.0
2023-03-14,zksync_era,txcount,10.0
2023-03-15,zksync_era,txcount,12.0
2023-03-16,zksync_era,txcount,9.0
2023-03-17,zksync_era,txcount,28.0
2023-03-18,zksync_era,txcount,14.0
2023-03-19,zksync_era,txcount,33.0
2023-03-20,zksync_era,txcount,45.0
2023-03-21,zksync_era,txcount,20.0
2023-03-22,zksync_era,txcount,62.0
2023-03-23,zksync_era,txcount,214.0
2023-03-24,zksync_era,txcount,81035.0
2023-03-25,zksync_era,txcount,392438.0
2023-03-26,zksync_era,txcount,435063.0
2023-03-27,zksync_era,txcount,343445.0
2023-03-28,zksync_era,txcount,329348.0
2023-03-29,zksync_era,txcount,315544.0
2023-03-30,zksync_era,txcount,289683.0
2023-03-31,zksync_era,txcount,400990.0
2023-04-01,zksync_era,txcount,347096.0
2023-04-02,zksync_era,txcount,401133.0
2023-04-03,zksync_era,txcount,416704.0
2023-04-04,zksync_era,txcount,368654.0
2023-04-05,zksync_era,txcount,306959.0
2023-04-06,zksync_era,txcount,390227.0
2023-04-07,zksync_era,txcount,389140.0
2023-04-08,zksync_era,txcount,423136.0
2023-04-09,zksync_era,txcount,438409.0
2023-04-10,zksync_era,txcount,445793.0
2023-04-11,zksync_era,txcount,426313.0
2023-04-12,zksync_era,txcount,423833.0
2023-04-13,zksync_era,txcount,291441.0
2023-04-14,zksync_era,txcount,291438.0
2023-04-15,zksync_era,txcount,330079.0
2023-04-16,zksync_era,txcount,307407.0
2023-04-17,zksync_era,txcount,248052.0
2023-04-18,zksync_era,txcount,180110.0
2023-04-19,zksync_era,txcount,154180.0
2023-04-20,zksync_era,txcount,116758.0
2023-04-21,zksync_era,txcount,183973.0
2023-04-22,zksync_era,txcount,231975.0
2023-04-23,zksync_era,txcount,228800.0
2023-04-24,zksync_era,txcount,230858.0
2023-04-25,zksync_era,txcount,291740.0
2023-04-26,zksync_era,txcount,286675.0
2023-04-27,zksync_era,txcount,314538.0
2023-04-28,zksync_era,txcount,296226.0
2023-04-29,zksync_era,txcount,301636.0
2023-04-30,zksync_era,txcount,301690.0
2023-05-01,zksync_era,txcount,266380.0
2023-05-02,zksync_era,txcount,120825.0
2023-05-03,zksync_era,txcount,145862.0
2023-05-04,zksync_era,txcount,249732.0
2023-05-05,zksync_era,txcount,105195.0
2023-05-06,zksync_era,txcount,82841.0
2023-05-07,zksync_era,txcount,88676.0
2023-05-08,zksync_era,txcount,131411.0
2023-05-09,zksync_era,txcount,159137.0
2023-05-10,zksync_era,txcount,341299.0
2023-05-11,zksync_era,txcount,309702.0
2023-05-12,zksync_era,txcount,305228.0
2023-05-13,zksync_era,txcount,704088.0
2023-05-14,zksync_era,txcount,580734.0
2023-05-15,zksync_era,txcount,587822.0
2023-05-16,zksync_era,txcount,1036798.0
2023-05-17,zksync_era,txcount,966287.0
2023-05-18,zksync_era,txcount,533887.0
2023-05-19,zksync_era,txcount,517833.0
2023-05-20,zksync_era,txcount,663689.0
2023-05-21,zksync_era,txcount,804821.0
2023-05-22,zksync_era,txcount,575167.0
2023-05-23,zksync_era,txcount,472811.0
2023-05-24,zksync_era,txcount,607211.0
2023-05-25,zksync_era,txcount,629565.0
2023-05-26,zksync_era,txcount,763056.0
2023-05-27,zksync_era,txcount,819731.0
2023-05-28,zksync_era,txcount,781741.0
2023-05-29,zksync_era,txcount,617806.0
2023-05-30,zksync_era,txcount,509671.0
2023-05-31,zksync_era,txcount,685269.0
2023-06-01,zksync_era,txcount,486021.0
2023-06-02,zksync_era,txcount,663066.0
2023-06-03,zksync_era,txcount,790380.0
2023-06-04,zksync_era,txcount,888058.0
2023-06-05,zksync_era,txcount,661209.0
2023-06-06,zksync_era,txcount,716786.0
2023-06-07,zksync_era,txcount,661483.0
2023-06-08,zksync_era,txcount,629013.0
2023-06-09,zksync_era,txcount,647695.0
2023-06-10,zksync_era,txcount,583048.0
2023-06-11,zksync_era,txcount,769275.0
2023-06-12,zksync_era,txcount,803193.0
2023-06-13,zksync_era,txcount,789636.0
2023-06-14,zksync_era,txcount,801284.0
2023-06-15,zksync_era,txcount,712046.0
2023-06-16,zksync_era,txcount,724987.0
2023-06-17,zksync_era,txcount,729036.0
2023-06-18,zksync_era,txcount,687056.0
2023-06-19,zksync_era,txcount,712105.0
2023-06-20,zksync_era,txcount,765145.0
2023-06-21,zksync_era,txcount,701337.0
2023-06-22,zksync_era,txcount,643675.0
2023-06-23,zksync_era,txcount,654693.0
2023-06-24,zksync_era,txcount,757898.0
2023-06-25,zksync_era,txcount,867732.0
2023-06-26,zksync_era,txcount,874586.0
2023-06-27,zksync_era,txcount,834321.0
2023-06-28,zksync_era,txcount,879506.0
2023-06-29,zksync_era,txcount,729175.0
2023-06-30,zksync_era,txcount,668892.0
2023-07-01,zksync_era,txcount,782337.0
2023-07-02,zksync_era,txcount,857198.0
2023-07-03,zksync_era,txcount,730404.0
2023-07-04,zksync_era,txcount,835096.0
2023-07-05,zksync_era,txcount,396474.0
2023-07-06,zksync_era,txcount,517061.0
2023-07-07,zksync_era,txcount,745432.0
2023-07-08,zksync_era,txcount,970832.0
2023-07-09,zksync_era,txcount,846314.0
2023-07-10,zksync_era,txcount,946544.0
2023-07-11,zksync_era,txcount,972504.0
2023-07-12,zksync_era,txcount,933710.0
2023-07-13,zksync_era,txcount,898459.0
2023-07-14,zksync_era,txcount,824284.0
2023-07-15,zksync_era,txcount,1088594.0
2023-07-16,zksync_era,txcount,977719.0
2023-07-17,zksync_era,txcount,877658.0
2023-07-18,zksync_era,txcount,731294.0
2023-07-19,zksync_era,txcount,891407.0
2023-07-20,zksync_era,txcount,856400.0
2023-07-21,zksync_era,txcount,804022.0
2023-07-22,zksync_era,txcount,920761.0
2023-07-23,zksync_era,txcount,942915.0
2023-07-24,zksync_era,txcount,762812.0
2023-07-25,zksync_era,txcount,1109993.0
2023-07-26,zksync_era,txcount,1000923.0
2023-07-27,zksync_era,txcount,649872.0
2023-07-28,zksync_era,txcount,365130.0
2023-07-29,zksync_era,txcount,964834.0
2023-07-30,zksync_era,txcount,997820.0
2023-07-31,zksync_era,txcount,596948.0
2023-08-01,zksync_era,txcount,341418.0
2023-08-02,zksync_era,txcount,839064.0
2023-08-03,zksync_era,txcount,890110.0
2023-08-04,zksync_era,txcount,881637.0
2023-08-05,zksync_era,txcount,933510.0
2023-08-06,zksync_era,txcount,992280.0
2023-08-07,zksync_era,txcount,841085.0
2023-08-08,zksync_era,txcount,862871.0
2023-08-09,zksync_era,txcount,926390.0
2023-08-10,zksync_era,txcount,881824.0
2023-08-11,zksync_era,txcount,969449.0
2023-08-12,zksync_era,txcount,1124856.0
2023-08-13,zksync_era,txcount,1114978.0
2023-08-14,zksync_era,txcount,951445.0
2023-08-15,zksync_era,txcount,846799.0
2023-08-16,zksync_era,txcount,748857.0
2023-08-17,zksync_era,txcount,800795.0
2023-08-18,zksync_era,txcount,776053.0
2023-08-19,zksync_era,txcount,1161399.0
2023-08-20,zksync_era,txcount,1056167.0
2023-08-21,zksync_era,txcount,942803.0
2023-08-22,zksync_era,txcount,837332.0
2023-08-23,zksync_era,txcount,1010441.0
2023-08-24,zksync_era,txcount,1031357.0
2023-08-25,zksync_era,txcount,863856.0
2023-08-26,zksync_era,txcount,1317468.0
2023-08-27,zksync_era,txcount,1220221.0
2023-08-28,zksync_era,txcount,849845.0
2023-08-29,zksync_era,txcount,878394.0
2023-08-30,zksync_era,txcount,897607.0
2023-08-31,zksync_era,txcount,1045698.0
2023-09-01,zksync_era,txcount,922815.0
2023-09-02,zksync_era,txcount,1107868.0
2023-09-03,zksync_era,txcount,1132370.0
2023-09-04,zksync_era,txcount,957801.0
2023-09-05,zksync_era,txcount,1027656.0
2023-09-06,zksync_era,txcount,895419.0
2023-09-07,zksync_era,txcount,924865.0
2023-09-08,zksync_era,txcount,1009761.0
2023-09-09,zksync_era,txcount,1155414.0
2023-09-10,zksync_era,txcount,1147160.0
2023-09-11,zksync_era,txcount,962463.0
2023-09-12,zksync_era,txcount,915351.0
2023-09-13,zksync_era,txcount,760719.0
2023-09-14,zksync_era,txcount,958417.0
2023-09-15,zksync_era,txcount,938894.0
2023-09-16,zksync_era,txcount,1094009.0
2023-09-17,zksync_era,txcount,1081315.0
2023-09-18,zksync_era,txcount,959454.0
2023-09-19,zksync_era,txcount,1079730.0
2023-09-20,zksync_era,txcount,1025527.0
2023-09-21,zksync_era,txcount,998241.0
2023-09-22,zksync_era,txcount,1052848.0
2023-09-23,zksync_era,txcount,1087164.0
2023-09-24,zksync_era,txcount,1112855.0
2023-09-25,zksync_era,txcount,968403.0
2023-09-26,zksync_era,txcount,960522.0
2023-09-27,zksync_era,txcount,1050811.0
2023-09-28,zksync_era,txcount,1004633.0
2023-09-29,zksync_era,txcount,934880.0
2023-09-30,zksync_era,txcount,1044123.0
2023-10-01,zksync_era,txcount,896162.0
2023-10-02,zksync_era,txcount,748742.0
2023-10-03,zksync_era,txcount,873502.0
2023-10-04,zksync_era,txcount,868440.0
2023-10-05,zksync_era,txcount,876289.0
2023-10-06,zksync_era,txcount,936651.0
2023-10-07,zksync_era,txcount,1015786.0
2023-10-08,zksync_era,txcount,1009501.0
2023-10-09,zksync_era,txcount,930729.0
2023-10-10,zksync_era,txcount,958344.0
2023-10-11,zksync_era,txcount,919468.0
2023-10-12,zksync_era,txcount,878843.0
2023-10-13,zksync_era,txcount,895276.0
2023-10-14,zksync_era,txcount,920829.0
2023-10-15,zksync_era,txcount,872817.0
2023-10-16,zksync_era,txcount,852442.0
2023-10-17,zksync_era,txcount,910995.0
2023-10-18,zksync_era,txcount,875404.0
2023-10-19,zksync_era,txcount,807665.0
2023-10-20,zksync_era,txcount,740065.0
2023-10-21,zksync_era,txcount,878198.0
2023-10-22,zksync_era,txcount,869648.0
2023-10-23,zksync_era,txcount,719842.0
2023-10-24,zksync_era,txcount,510201.0
2023-10-25,zksync_era,txcount,709094.0
2023-10-26,zksync_era,txcount,587705.0
2023-10-27,zksync_era,txcount,694711.0
2023-10-28,zksync_era,txcount,832503.0
2023-10-29,zksync_era,txcount,837486.0
2023-10-30,zksync_era,txcount,737379.0
2023-10-31,zksync_era,txcount,657209.0
2023-11-01,zksync_era,txcount,638909.0
2023-11-02,zksync_era,txcount,559121.0
2023-11-03,zksync_era,txcount,655110.0
2023-11-04,zksync_era,txcount,843935.0
2023-11-05,zksync_era,txcount,788116.0
2023-11-06,zksync_era,txcount,540351.0
2023-11-07,zksync_era,txcount,591013.0
2023-11-08,zksync_era,txcount,608227.0
2023-11-09,zksync_era,txcount,410483.0
2023-11-10,zksync_era,txcount,350324.0
2023-11-11,zksync_era,txcount,648661.0
2023-11-12,zksync_era,txcount,753215.0
2023-11-13,zksync_era,txcount,412681.0
2023-11-14,zksync_era,txcount,525243.0
2023-11-15,zksync_era,txcount,551201.0
2023-11-16,zksync_era,txcount,464547.0
2023-11-17,zksync_era,txcount,935591.0
2023-11-18,zksync_era,txcount,856294.0
2023-11-19,zksync_era,txcount,906850.0
2023-11-20,zksync_era,txcount,481258.0
2023-11-21,zksync_era,txcount,491568.0
2023-11-22,zksync_era,txcount,491889.0
2023-11-23,zksync_era,txcount,567988.0
2023-11-24,zksync_era,txcount,681063.0
2023-11-25,zksync_era,txcount,1026980.0
2023-11-26,zksync_era,txcount,965325.0
2023-11-27,zksync_era,txcount,615771.0
2023-11-28,zksync_era,txcount,534505.0
2023-11-29,zksync_era,txcount,527850.0
2023-11-30,zksync_era,txcount,598001.0
2023-12-01,zksync_era,txcount,434875.0
2023-12-02,zksync_era,txcount,648451.0
2023-12-03,zksync_era,txcount,885044.0
2023-12-04,zksync_era,txcount,755809.0
2023-12-05,zksync_era,txcount,1123646.0
2023-12-06,zksync_era,txcount,1149987.0
2023-12-07,zksync_era,txcount,896411.0
2023-12-08,zksync_era,txcount,900141.0
2023-12-09,zksync_era,txcount,1128859.0
2023-12-10,zksync_era,txcount,1350570.0
2023-12-11,zksync_era,txcount,976377.0
2023-12-12,zksync_era,txcount,849631.0
2023-12-13,zksync_era,txcount,755198.0
2023-12-14,zksync_era,txcount,666881.0
2023-12-15,zksync_era,txcount,615307.0
2023-12-16,zksync_era,txcount,5362921.0
2023-12-17,zksync_era,txcount,2935589.0
2023-12-18,zksync_era,txcount,711193.0
2023-12-19,zksync_era,txcount,757604.0
2023-12-20,zksync_era,txcount,1594334.0
2023-12-21,zksync_era,txcount,961126.0
2023-12-22,zksync_era,txcount,1026220.0
2023-12-23,zksync_era,txcount,1298715.0
2023-12-24,zksync_era,txcount,1220779.0
2023-12-25,zksync_era,txcount,1004204.0
2023-12-26,zksync_era,txcount,1519355.0
2023-12-27,zksync_era,txcount,1463025.0
2023-12-28,zksync_era,txcount,1191346.0
2023-12-29,zksync_era,txcount,1295359.0
2023-12-30,zksync_era,txcount,1396515.0
2023-12-31,zksync_era,txcount,1445726.0
2024-01-01,zksync_era,txcount,1198387.0
2024-01-02,zksync_era,txcount,1310105.0
2024-01-03,zksync_era,txcount,1242716.0
2024-01-04,zksync_era,txcount,1667932.0
2024-01-05,zksync_era,txcount,1390354.0
2024-01-06,zksync_era,txcount,1381355.0
2024-01-07,zksync_era,txcount,1237273.0
2024-01-08,zksync_era,txcount,1498793.0
2024-01-09,zksync_era,txcount,1469672.0
2024-01-10,zksync_era,txcount,1054888.0
2024-01-11,zksync_era,txcount,1261635.0
2024-01-12,zksync_era,txcount,1584577.0
2024-01-13,zksync_era,txcount,1496714.0
2024-01-14,zksync_era,txcount,1194474.0
2024-01-15,zksync_era,txcount,1386182.0
2024-01-16,zksync_era,txcount,1113176.0
2024-01-17,zksync_era,txcount,1404392.0
2024-01-18,zksync_era,txcount,1280282.0
2024-01-19,zksync_era,txcount,1233484.0
2024-01-20,zksync_era,txcount,1659688.0
2024-01-21,zksync_era,txcount,1855156.0
2024-01-22,zksync_era,txcount,1439293.0
2024-01-23,zksync_era,txcount,1424958.0
2024-01-24,zksync_era,txcount,1610842.0
2024-01-25,zksync_era,txcount,1761451.0
2024-01-26,zksync_era,txcount,1632471.0
2024-01-27,zksync_era,txcount,1359764.0
2024-01-28,zksync_era,txcount,1410228.0
2024-01-29,zksync_era,txcount,1292901.0
2024-01-30,zksync_era,txcount,1219450.0
2024-01-31,zksync_era,txcount,1468043.0
2024-02-01,zksync_era,txcount,1264291.0
2024-02-02,zksync_era,txcount,1185849.0
2024-02-03,zksync_era,txcount,1385249.0
2024-02-04,zksync_era,txcount,1445435.0
2024-02-05,zksync_era,txcount,1939354.0
2024-02-06,zksync_era,txcount,1192175.0
2024-02-07,zksync_era,txcount,1071559.0
2024-02-08,zksync_era,txcount,957430.0
2024-02-09,zksync_era,txcount,571256.0
2024-02-10,zksync_era,txcount,873524.0
2024-02-11,zksync_era,txcount,1134876.0
2024-02-12,zksync_era,txcount,960785.0
2024-02-13,zksync_era,txcount,948741.0
2024-02-14,zksync_era,txcount,1298496.0
2024-02-15,zksync_era,txcount,1208052.0
2024-02-16,zksync_era,txcount,1184227.0
2024-02-17,zksync_era,txcount,1499641.0
2024-02-18,zksync_era,txcount,1581223.0
2024-02-19,zksync_era,txcount,1286070.0
2024-02-20,zksync_era,txcount,1400726.0
2024-02-21,zksync_era,txcount,1346094.0
2024-02-22,zksync_era,txcount,1358973.0
2024-02-23,zksync_era,txcount,1479930.0
2024-02-24,zksync_era,txcount,2027168.0
2024-02-25,zksync_era,txcount,2224753.0
2024-02-26,zksync_era,txcount,1885023.0
2024-02-27,zksync_era,txcount,1597721.0
2024-02-28,zksync_era,txcount,1643403.0
2024-02-29,zksync_era,txcount,1429608.0
2024-03-01,zksync_era,txcount,1086138.0
2024-03-02,zksync_era,txcount,1282187.0
2024-03-03,zksync_era,txcount,1279690.0
2024-03-04,zksync_era,txcount,938369.0
2024-03-05,zksync_era,txcount,815236.0
2024-03-06,zksync_era,txcount,922937.0
2024-03-07,zksync_era,txcount,1016087.0
2024-03-08,zksync_era,txcount,998738.0
2024-03-09,zksync_era,txcount,1063012.0
2024-03-10,zksync_era,txcount,1048899.0
2024-03-11,zksync_era,txcount,880326.0
2024-03-12,zksync_era,txcount,932734.0
2024-03-13,zksync_era,txcount,909398.0
2024-03-14,zksync_era,txcount,1179295.0
2024-03-15,zksync_era,txcount,1201148.0
2024-03-16,zksync_era,txcount,1199308.0
2024-03-17,zksync_era,txcount,1296362.0
2024-03-18,zksync_era,txcount,1123278.0
2024-03-19,zksync_era,txcount,1146312.0
2024-03-20,zksync_era,txcount,1242335.0
2024-03-21,zksync_era,txcount,1228252.0
2024-03-22,zksync_era,txcount,1282707.0
2024-03-23,zksync_era,txcount,1402475.0
2024-03-24,zksync_era,txcount,1405024.0
2024-03-25,zksync_era,txcount,1282698.0
2024-03-26,zksync_era,txcount,1297447.0
2024-03-27,zksync_era,txcount,1262380.0
2024-03-28,zksync_era,txcount,1235312.0
2024-03-29,zksync_era,txcount,1219495.0
2024-03-30,zksync_era,txcount,1175646.0
2024-03-31,zksync_era,txcount,1178690.0
2024-04-01,zksync_era,txcount,1013668.0
2024-04-02,zksync_era,txcount,917404.0
2024-04-03,zksync_era,txcount,902281.0
2024-04-04,zksync_era,txcount,899477.0
2024-04-05,zksync_era,txcount,1006777.0
2024-04-06,zksync_era,txcount,1110800.0
2024-04-07,zksync_era,txcount,1136268.0
2024-04-08,zksync_era,txcount,1111695.0
2024-04-09,zksync_era,txcount,1077663.0
2024-04-10,zksync_era,txcount,1097629.0
2024-04-11,zksync_era,txcount,1068004.0
2024-04-12,zksync_era,txcount,999637.0
2024-04-13,zksync_era,txcount,922281.0
2024-04-14,zksync_era,txcount,1065495.0
2024-04-15,zksync_era,txcount,1155137.0
2024-04-16,zksync_era,txcount,1113986.0
2024-04-17,zksync_era,txcount,995139.0
2024-04-18,zksync_era,txcount,1053538.0
2024-04-19,zksync_era,txcount,1003604.0
2024-04-20,zksync_era,txcount,1024354.0
2024-04-21,zksync_era,txcount,1075489.0
2024-04-22,zksync_era,txcount,1045895.0
2024-04-23,zksync_era,txcount,1045756.0
2024-04-24,zksync_era,txcount,1108671.0
2024-04-25,zksync_era,txcount,1097745.0
2024-04-26,zksync_era,txcount,1089459.0
2024-04-27,zksync_era,txcount,918273.0
2024-04-28,zksync_era,txcount,988298.0
2024-04-29,zksync_era,txcount,1006077.0
2024-04-30,zksync_era,txcount,1222355.0
2024-05-01,zksync_era,txcount,972989.0
2024-05-02,zksync_era,txcount,988954.0
2024-05-03,zksync_era,txcount,949218.0
2024-05-04,zksync_era,txcount,853893.0
2024-05-05,zksync_era,txcount,835766.0
2024-05-06,zksync_era,txcount,941102.0
2024-05-07,zksync_era,txcount,958233.0
2024-05-08,zksync_era,txcount,895239.0
2024-05-09,zksync_era,txcount,913177.0
2024-05-10,zksync_era,txcount,857305.0
2024-05-11,zksync_era,txcount,757230.0
2024-05-12,zksync_era,txcount,749641.0
2024-05-13,zksync_era,txcount,781529.0
2024-05-14,zksync_era,txcount,834149.0
2024-05-15,zksync_era,txcount,806900.0
2024-05-16,zksync_era,txcount,760410.0
2024-05-17,zksync_era,txcount,792020.0
2024-05-18,zksync_era,txcount,713038.0
2024-05-19,zksync_era,txcount,694476.0
2024-05-20,zksync_era,txcount,762642.0
2024-05-21,zksync_era,txcount,748890.0
2024-05-22,zksync_era,txcount,751015.0
2024-05-23,zksync_era,txcount,721675.0
2024-05-24,zksync_era,txcount,683403.0
2024-05-25,zksync_era,txcount,626627.0
2024-05-26,zksync_era,txcount,603149.0
2024-05-27,zksync_era,txcount,618623.0
2024-05-28,zksync_era,txcount,628470.0
2024-05-29,zksync_era,txcount,662067.0
2024-05-30,zksync_era,txcount,636778.0
2024-05-31,zksync_era,txcount,609800.0
2024-06-01,zksync_era,txcount,543959.0
2024-06-02,zksync_era,txcount,662283.0
2024-06-03,zksync_era,txcount,637217.0
2024-06-04,zksync_era,txcount,597744.0
2024-06-05,zksync_era,txcount,571233.0
2024-06-06,zksync_era,txcount,515332.0
2024-06-07,zksync_era,txcount,491294.0
2024-06-08,zksync_era,txcount,445584.0
2024-06-09,zksync_era,txcount,474287.0
2024-06-10,zksync_era,txcount,490195.0
2024-06-11,zksync_era,txcount,783072.0
2024-06-12,zksync_era,txcount,552496.0
2024-06-13,zksync_era,txcount,509313.0
2024-06-14,zksync_era,txcount,537002.0
2024-06-15,zksync_era,txcount,530134.0
2024-06-16,zksync_era,txcount,595797.0
2024-06-17,zksync_era,txcount,1885300.0
2024-06-18,zksync_era,txcount,1181724.0
2024-06-19,zksync_era,txcount,792170.0
2024-06-20,zksync_era,txcount,681451.0
2024-06-21,zksync_era,txcount,667106.0
2024-06-22,zksync_era,txcount,542984.0
2024-06-23,zksync_era,txcount,475737.0
2024-06-24,zksync_era,txcount,537127.0
2024-06-25,zksync_era,txcount,506777.0
2024-06-26,zksync_era,txcount,491195.0
2024-06-27,zksync_era,txcount,433732.0
2024-06-28,zksync_era,txcount,408717.0
2024-06-29,zksync_era,txcount,365101.0
2024-06-30,zksync_era,txcount,360216.0
2024-07-01,zksync_era,txcount,364479.0
2024-07-02,zksync_era,txcount,331208.0
2024-07-03,zksync_era,txcount,349458.0
2024-07-04,zksync_era,txcount,360072.0
2024-07-05,zksync_era,txcount,400169.0
2024-07-06,zksync_era,txcount,319077.0
2024-07-07,zksync_era,txcount,334594.0
2024-07-08,zksync_era,txcount,383333.0
2024-07-09,zksync_era,txcount,347339.0
2024-07-10,zksync_era,txcount,320916.0
2024-07-11,zksync_era,txcount,314741.0
2024-07-12,zksync_era,txcount,285240.0
2024-07-13,zksync_era,txcount,271985.0
2024-07-14,zksync_era,txcount,273991.0
2024-07-15,zksync_era,txcount,323847.0
2024-07-16,zksync_era,txcount,390457.0
2024-07-17,zksync_era,txcount,370383.0
2024-07-18,zksync_era,txcount,283769.0
2024-07-19,zksync_era,txcount,261247.0
2024-07-20,zksync_era,txcount,248005.0
2024-07-21,zksync_era,txcount,292562.0
2024-07-22,zksync_era,txcount,305386.0
2024-07-23,zksync_era,txcount,289349.0
2024-07-24,zksync_era,txcount,276533.0
2024-07-25,zksync_era,txcount,265483.0
2024-07-26,zksync_era,txcount,281628.0
2024-07-27,zksync_era,txcount,232821.0
2024-07-28,zksync_era,txcount,242480.0
2024-07-29,zksync_era,txcount,264331.0
2024-07-30,zksync_era,txcount,238884.0
2024-07-31,zksync_era,txcount,291367.0
2024-08-01,zksync_era,txcount,262232.0
2024-08-02,zksync_era,txcount,228369.0
2024-08-03,zksync_era,txcount,247191.0
2024-08-04,zksync_era,txcount,308506.0
2024-08-05,zksync_era,txcount,418264.0
2024-08-06,zksync_era,txcount,344785.0
2024-08-07,zksync_era,txcount,324059.0
2024-08-08,zksync_era,txcount,298917.0
2024-08-09,zksync_era,txcount,236141.0
2024-08-10,zksync_era,txcount,212100.0
2024-08-11,zksync_era,txcount,217466.0
2024-08-12,zksync_era,txcount,230745.0
2024-08-13,zksync_era,txcount,200717.0
2024-08-14,zksync_era,txcount,203320.0
2024-08-15,zksync_era,txcount,232419.0
2024-08-16,zksync_era,txcount,215322.0
2024-08-17,zksync_era,txcount,209695.0
2024-08-18,zksync_era,txcount,226615.0
2024-08-19,zksync_era,txcount,230943.0
2024-08-20,zksync_era,txcount,196165.0
2024-08-21,zksync_era,txcount,197728.0
2024-08-22,zksync_era,txcount,195672.0
2024-08-23,zksync_era,txcount,202215.0
2024-08-24,zksync_era,txcount,179178.0
2024-08-25,zksync_era,txcount,181663.0
2024-08-26,zksync_era,txcount,190195.0
2024-08-27,zksync_era,txcount,211331.0
2024-08-28,zksync_era,txcount,223253.0
2024-08-29,zksync_era,txcount,207066.0
2024-08-30,zksync_era,txcount,212425.0
2024-08-31,zksync_era,txcount,182996.0
2024-09-01,zksync_era,txcount,202803.0
2024-09-02,zksync_era,txcount,200631.0
2024-09-03,zksync_era,txcount,215246.0
2024-09-04,zksync_era,txcount,222972.0
2024-09-05,zksync_era,txcount,228892.0
2024-09-06,zksync_era,txcount,215180.0
2024-09-07,zksync_era,txcount,178914.0
2024-09-08,zksync_era,txcount,172745.0
2024-09-09,zksync_era,txcount,156884.0
2024-09-10,zksync_era,txcount,190835.0
2024-09-11,zksync_era,txcount,225273.0
2024-09-12,zksync_era,txcount,166701.0
2024-09-13,zksync_era,txcount,163410.0
2024-09-14,zksync_era,txcount,146675.0
2024-09-15,zksync_era,txcount,149820.0
2024-09-16,zksync_era,txcount,218831.0
2024-09-17,zksync_era,txcount,251629.0
2024-09-18,zksync_era,txcount,205983.0
2024-09-19,zksync_era,txcount,217930.0
2024-09-20,zksync_era,txcount,292142.0
2024-09-21,zksync_era,txcount,236826.0
2024-09-22,zksync_era,txcount,212574.0
2024-09-23,zksync_era,txcount,210620.0
2024-09-24,zksync_era,txcount,211692.0
2024-09-25,zksync_era,txcount,207754.0
2024-09-26,zksync_era,txcount,205385.0
2024-09-27,zksync_era,txcount,211189.0
2024-09-28,zksync_era,txcount,185421.0
2024-09-29,zksync_era,txcount,185547.0
2024-09-30,zksync_era,txcount,199032.0
2024-10-01,zksync_era,txcount,172483.0
2024-10-02,zksync_era,txcount,144178.0
2024-10-03,zksync_era,txcount,146997.0
2024-10-04,zksync_era,txcount,156739.0
2024-10-05,zksync_era,txcount,133027.0
2024-10-06,zksync_era,txcount,120877.0
2024-10-07,zksync_era,txcount,143563.0
2024-10-08,zksync_era,txcount,154905.0
2024-10-09,zksync_era,txcount,144046.0
2024-10-10,zksync_era,txcount,128966.0
2024-10-11,zksync_era,txcount,112669.0
2024-10-12,zksync_era,txcount,108511.0
2024-10-13,zksync_era,txcount,98510.0
2024-10-14,zksync_era,txcount,111602.0
2024-10-15,zksync_era,txcount,122757.0
2024-10-16,zksync_era,txcount,117511.0
2024-10-17,zksync_era,txcount,124297.0
2024-10-18,zksync_era,txcount,123071.0
2024-10-19,zksync_era,txcount,119213.0
2024-10-20,zksync_era,txcount,127172.0
2024-10-21,zksync_era,txcount,132869.0
2024-10-22,zksync_era,txcount,157677.0
2024-10-23,zksync_era,txcount,152797.0
2024-10-24,zksync_era,txcount,142173.0
2024-10-25,zksync_era,txcount,143238.0
2024-10-26,zksync_era,txcount,135180.0
2024-10-27,zksync_era,txcount,132653.0
2024-10-28,zksync_era,txcount,188390.0
2024-10-29,zksync_era,txcount,204117.0
2024-10-30,zksync_era,txcount,159604.0
2024-10-31,zksync_era,txcount,154462.0
2024-11-01,zksync_era,txcount,157094.0
2024-11-02,zksync_era,txcount,116572.0
2024-11-03,zksync_era,txcount,134104.0
2024-11-04,zksync_era,txcount,137281.0
2024-11-05,zksync_era,txcount,125819.0
2024-11-06,zksync_era,txcount,147792.0
2024-11-07,zksync_era,txcount,152352.0
2024-11-08,zksync_era,txcount,138135.0
2024-11-09,zksync_era,txcount,130829.0
2024-11-10,zksync_era,txcount,176393.0
2024-11-11,zksync_era,txcount,169619.0
2024-11-12,zksync_era,txcount,216795.0
2024-11-13,zksync_era,txcount,182786.0
2024-11-14,zksync_era,txcount,154189.0
2024-11-15,zksync_era,txcount,161821.0
2024-11-16,zksync_era,txcount,141944.0
2024-11-17,zksync_era,txcount,153811.0
2024-11-18,zksync_era,txcount,147248.0
2024-11-19,zksync_era,txcount,137954.0
2024-11-20,zksync_era,txcount,112819.0
2024-11-21,zksync_era,txcount,143100.0
2024-11-22,zksync_era,txcount,130911.0
2024-11-23,zksync_era,txcount,151982.0
2024-11-24,zksync_era,txcount,150316.0
2024-11-25,zksync_era,txcount,165426.0
2024-11-26,zksync_era,txcount,150933.0
2024-11-27,zksync_era,txcount,130936.0
2024-11-28,zksync_era,txcount,125345.0
2024-11-29,zksync_era,txcount,122691.0
2024-11-30,zksync_era,txcount,143946.0
2024-12-01,zksync_era,txcount,183889.0
2024-12-02,zksync_era,txcount,158218.0
2024-12-03,zksync_era,txcount,155808.0
2024-12-04,zksync_era,txcount,160975.0
2024-12-05,zksync_era,txcount,175901.0
2024-12-06,zksync_era,txcount,177733.0
2024-12-07,zksync_era,txcount,145935.0
2024-12-08,zksync_era,txcount,124365.0
2024-12-09,zksync_era,txcount,162329.0
2024-12-10,zksync_era,txcount,150469.0
2024-12-11,zksync_era,txcount,162164.0
2024-12-12,zksync_era,txcount,161889.0
2024-12-13,zksync_era,txcount,160733.0
2024-12-14,zksync_era,txcount,160113.0
2024-12-15,zksync_era,txcount,149470.0
2024-12-16,zksync_era,txcount,164458.0
2024-12-17,zksync_era,txcount,180215.0
2024-12-18,zksync_era,txcount,172847.0
2024-12-19,zksync_era,txcount,175864.0
2024-12-20,zksync_era,txcount,146633.0
2024-12-21,zksync_era,txcount,139667.0
2024-12-22,zksync_era,txcount,115971.0
2024-12-23,zksync_era,txcount,142633.0
2024-12-24,zksync_era,txcount,136291.0
2024-12-25,zksync_era,txcount,124494.0
2024-12-26,zksync_era,txcount,122700.0
2024-12-27,zksync_era,txcount,161207.0
2024-12-28,zksync_era,txcount,122010.0
2024-12-29,zksync_era,txcount,120710.0
2024-12-30,zksync_era,txcount,147411.0
2024-12-31,zksync_era,txcount,128216.0
2025-01-01,zksync_era,txcount,105590.0
2025-01-02,zksync_era,txcount,128042.0
2025-01-03,zksync_era,txcount,128341.0
2025-01-04,zksync_era,txcount,128681.0
2025-01-05,zksync_era,txcount,161025.0
2025-01-06,zksync_era,txcount,212509.0
2025-01-07,zksync_era,txcount,208199.0
2025-01-08,zksync_era,txcount,187966.0
2025-01-09,zksync_era,txcount,168603.0
2025-01-10,zksync_era,txcount,174034.0
2025-01-11,zksync_era,txcount,137077.0
2025-01-12,zksync_era,txcount,137610.0
2025-01-13,zksync_era,txcount,151947.0
2025-01-14,zksync_era,txcount,147224.0
2025-01-15,zksync_era,txcount,172761.0
2025-01-16,zksync_era,txcount,162229.0
2025-01-17,zksync_era,txcount,144827.0
2025-01-18,zksync_era,txcount,134150.0
2025-01-19,zksync_era,txcount,190190.0
2025-01-20,zksync_era,txcount,196115.0
2025-01-21,zksync_era,txcount,173460.0
2025-01-22,zksync_era,txcount,135785.0
2025-01-23,zksync_era,txcount,131884.0
2025-01-24,zksync_era,txcount,121758.0
2025-01-25,zksync_era,txcount,142874.0
2025-01-26,zksync_era,txcount,128584.0
2025-01-27,zksync_era,txcount,166516.0
2025-01-28,zksync_era,txcount,128603.0
2025-01-29,zksync_era,txcount,122821.0
2025-01-30,zksync_era,txcount,102783.0
2025-01-31,zksync_era,txcount,111876.0
2025-02-01,zksync_era,txcount,97509.0
2025-02-02,zksync_era,txcount,136125.0
2025-02-03,zksync_era,txcount,189891.0
2025-02-04,zksync_era,txcount,152232.0
2025-02-05,zksync_era,txcount,121612.0
2025-02-06,zksync_era,txcount,118815.0
2025-02-07,zksync_era,txcount,111819.0
2025-02-08,zksync_era,txcount,86414.0
2025-02-09,zksync_era,txcount,95831.0
2025-02-10,zksync_era,txcount,103163.0
2025-02-11,zksync_era,txcount,99278.0
2025-02-12,zksync_era,txcount,108216.0
2025-02-13,zksync_era,txcount,99326.0
2025-02-14,zksync_era,txcount,88752.0
2025-02-15,zksync_era,txcount,74354.0
2025-02-16,zksync_era,txcount,77763.0
2025-02-17,zksync_era,txcount,121423.0
2025-02-18,zksync_era,txcount,110692.0
2025-02-19,zksync_era,txcount,95408.0
2025-02-20,zksync_era,txcount,85944.0
2025-02-21,zksync_era,txcount,100200.0
2025-02-22,zksync_era,txcount,63554.0
2025-02-23,zksync_era,txcount,50878.0
2025-02-24,zksync_era,txcount,79939.0
2025-02-25,zksync_era,txcount,96333.0
2025-02-26,zksync_era,txcount,83459.0
2025-02-27,zksync_era,txcount,92189.0
2025-02-28,zksync_era,txcount,138815.0
2025-03-01,zksync_era,txcount,95388.0
2025-03-02,zksync_era,txcount,100387.0
2025-03-03,zksync_era,txcount,123051.0
2025-03-04,zksync_era,txcount,151134.0
2025-03-05,zksync_era,txcount,106792.0
2025-03-06,zksync_era,txcount,94672.0
2025-03-07,zksync_era,txcount,111416.0
2025-03-08,zksync_era,txcount,73712.0
2025-03-09,zksync_era,txcount,95029.0
2025-03-10,zksync_era,txcount,123671.0
2025-03-11,zksync_era,txcount,124629.0
2025-03-12,zksync_era,txcount,114393.0
2025-03-13,zksync_era,txcount,105280.0
2025-03-14,zksync_era,txcount,89506.0
2025-03-15,zksync_era,txcount,80207.0
2025-03-16,zksync_era,txcount,78356.0
2025-03-17,zksync_era,txcount,90997.0
2025-03-18,zksync_era,txcount,78170.0
2025-03-19,zksync_era,txcount,81390.0
2025-03-20,zksync_era,txcount,71618.0
2025-03-21,zksync_era,txcount,69232.0
2025-03-22,zksync_era,txcount,66993.0
2025-03-23,zksync_era,txcount,83084.0
2025-03-24,zksync_era,txcount,75762.0
2025-03-25,zksync_era,txcount,64655.0
2025-03-26,zksync_era,txcount,69646.0
2025-03-27,zksync_era,txcount,68264.0
2025-03-28,zksync_era,txcount,82427.0
2025-03-29,zksync_era,txcount,71088.0
2025-03-30,zksync_era,txcount,71580.0
2025-03-31,zksync_era,txcount,77494.0
2025-04-01,zksync_era,txcount,69608.0
2025-04-02,zksync_era,txcount,83664.0
2025-04-03,zksync_era,txcount,75585.0
2025-04-04,zksync_era,txcount,76440.0
2025-04-05,zksync_era,txcount,50801.0
2025-04-06,zksync_era,txcount,80184.0
2025-04-07,zksync_era,txcount,109817.0
2025-04-08,zksync_era,txcount,75988.0
2025-04-09,zksync_era,txcount,111585.0
2025-04-10,zksync_era,txcount,86777.0
2025-04-11,zksync_era,txcount,65448.0
2025-04-12,zksync_era,txcount,64262.0
2025-04-13,zksync_era,txcount,75223.0
2025-04-14,zksync_era,txcount,70430.0
2025-04-15,zksync_era,txcount,77721.0
2025-04-16,zksync_era,txcount,71577.0
2025-04-17,zksync_era,txcount,75632.0
2025-04-18,zksync_era,txcount,68886.0
2025-04-19,zksync_era,txcount,42285.0
2025-04-20,zksync_era,txcount,45488.0
2025-04-21,zksync_era,txcount,52492.0
2025-04-22,zksync_era,txcount,56876.0
2025-04-23,zksync_era,txcount,63375.0
2025-04-24,zksync_era,txcount,62791.0
2025-04-25,zksync_era,txcount,70501.0
2025-04-26,zksync_era,txcount,52407.0
2025-04-27,zksync_era,txcount,53228.0
2025-04-28,zksync_era,txcount,57101.0
2025-04-29,zksync_era,txcount,55599.0
2025-04-30,zksync_era,txcount,56843.0
2025-05-01,zksync_era,txcount,49904.0
2025-05-02,zksync_era,txcount,45565.0
2025-05-03,zksync_era,txcount,43288.0
2025-05-04,zksync_era,txcount,48998.0
2025-05-05,zksync_era,txcount,52643.0
2025-05-06,zksync_era,txcount,56157.0
2025-05-07,zksync_era,txcount,53700.0
2025-05-08,zksync_era,txcount,71673.0
2025-05-09,zksync_era,txcount,89447.0
2025-05-10,zksync_era,txcount,74869.0
2025-05-11,zksync_era,txcount,72652.0
2025-05-12,zksync_era,txcount,83182.0
2025-05-13,zksync_era,txcount,77409.0
2025-05-14,zksync_era,txcount,85877.0
2025-05-15,zksync_era,txcount,68744.0
2025-05-16,zksync_era,txcount,62815.0
2025-05-17,zksync_era,txcount,58459.0
2025-05-18,zksync_era,txcount,64063.0
2025-05-19,zksync_era,txcount,68416.0
2025-05-20,zksync_era,txcount,67688.0
2025-05-21,zksync_era,txcount,69959.0
2025-05-22,zksync_era,txcount,65999.0
2025-05-23,zksync_era,txcount,69297.0
2025-05-24,zksync_era,txcount,51434.0
2025-05-25,zksync_era,txcount,53050.0
2025-05-26,zksync_era,txcount,52538.0
2025-05-27,zksync_era,txcount,61291.0
2025-05-28,zksync_era,txcount,55285.0
2025-05-29,zksync_era,txcount,62237.0
2025-05-30,zksync_era,txcount,63534.0
2025-05-31,zksync_era,txcount,51558.0
2025-06-01,zksync_era,txcount,45379.0
2025-06-02,zksync_era,txcount,52421.0
2025-06-03,zksync_era,txcount,57791.0
2025-06-04,zksync_era,txcount,54109.0
2025-06-05,zksync_era,txcount,57789.0
2025-06-06,zksync_era,txcount,58120.0
2025-06-07,zksync_era,txcount,37438.0
2025-06-08,zksync_era,txcount,40127.0
2025-06-09,zksync_era,txcount,51344.0
2025-06-10,zksync_era,txcount,62172.0
2025-06-11,zksync_era,txcount,57504.0
2025-06-12,zksync_era,txcount,57437.0
2025-06-13,zksync_era,txcount,67876.0
2025-06-14,zksync_era,txcount,49879.0
2025-06-15,zksync_era,txcount,45646.0
2025-06-16,zksync_era,txcount,51534.0
2025-06-17,zksync_era,txcount,61425.0
2025-06-18,zksync_era,txcount,64398.0
2025-06-19,zksync_era,txcount,50831.0
2025-06-20,zksync_era,txcount,54374.0
2025-06-21,zksync_era,txcount,54067.0
2025-06-22,zksync_era,txcount,69253.0
2025-06-23,zksync_era,txcount,63754.0
2025-06-24,zksync_era,txcount,54237.0
2025-06-25,zksync_era,txcount,54345.0
2025-06-26,zksync_era,txcount,60170.0
2025-06-27,zksync_era,txcount,53207.0
2025-06-28,zksync_era,txcount,38310.0
2025-06-29,zksync_era,txcount,45708.0
2025-06-30,zksync_era,txcount,51858.0
2025-07-01,zksync_era,txcount,46588.0
2025-07-02,zksync_era,txcount,53124.0
2025-07-03,zksync_era,txcount,52913.0
2025-07-04,zksync_era,txcount,45831.0
2025-07-05,zksync_era,txcount,39207.0
2025-07-06,zksync_era,txcount,42766.0
2025-07-07,zksync_era,txcount,48961.0
2025-07-08,zksync_era,txcount,46966.0
2025-07-09,zksync_era,txcount,61960.0
2025-07-10,zksync_era,txcount,54087.0
2025-07-11,zksync_era,txcount,79091.0
2025-07-12,zksync_era,txcount,49284.0
2025-07-13,zksync_era,txcount,53388.0
2025-07-14,zksync_era,txcount,111475.0
2025-07-15,zksync_era,txcount,137715.0
2025-07-16,zksync_era,txcount,68375.0
2025-07-17,zksync_era,txcount,74240.0
2025-07-18,zksync_era,txcount,73999.0
2025-07-19,zksync_era,txcount,57017.0
2025-07-20,zksync_era,txcount,63013.0
2025-07-21,zksync_era,txcount,66957.0
2025-07-22,zksync_era,txcount,68397.0
2025-07-23,zksync_era,txcount,66778.0
2025-07-24,zksync_era,txcount,68680.0
2025-07-25,zksync_era,txcount,61862.0
2025-07-26,zksync_era,txcount,42962.0
2025-07-27,zksync_era,txcount,52718.0
2025-07-28,zksync_era,txcount,68065.0
2025-07-29,zksync_era,txcount,78506.0
2025-07-30,zksync_era,txcount,80644.0
2025-07-31,zksync_era,txcount,59841.0
2025-08-01,zksync_era,txcount,63084.0
2025-08-02,zksync_era,txcount,49173.0
2025-08-03,zksync_era,txcount,40411.0
2025-08-04,zksync_era,txcount,43855.0
2025-08-05,zksync_era,txcount,47780.0
2025-08-06,zksync_era,txcount,46845.0
2025-08-07,zksync_era,txcount,46682.0
2025-08-08,zksync_era,txcount,52472.0
2025-08-09,zksync_era,txcount,60427.0
2025-08-10,zksync_era,txcount,54214.0
2025-08-11,zksync_era,txcount,59199.0
2025-08-12,zksync_era,txcount,59045.0
2025-08-13,zksync_era,txcount,56483.0
2025-08-14,zksync_era,txcount,50237.0
2025-08-15,zksync_era,txcount,33137.0
2025-08-16,zksync_era,txcount,25096.0
2025-08-17,zksync_era,txcount,29287.0
2025-08-18,zksync_era,txcount,34787.0
2025-08-19,zksync_era,txcount,30655.0
2025-08-20,zksync_era,txcount,32773.0
2025-08-21,zksync_era,txcount,33166.0
2025-08-22,zksync_era,txcount,36174.0
2025-08-23,zksync_era,txcount,29120.0
2025-08-24,zksync_era,txcount,37606.0
2025-08-25,zksync_era,txcount,35231.0
2025-08-26,zksync_era,txcount,28669.0
2025-08-27,zksync_era,txcount,31513.0
2025-08-28,zksync_era,txcount,31041.0
2025-08-29,zksync_era,txcount,29846.0
2025-08-30,zksync_era,txcount,22798.0
2025-08-31,zksync_era,txcount,25653.0
2025-09-01,zksync_era,txcount,27229.0
2025-09-02,zksync_era,txcount,25717.0
2025-09-03,zksync_era,txcount,26644.0
2025-09-04,zksync_era,txcount,24806.0
2025-09-05,zksync_era,txcount,28142.0
2025-09-06,zksync_era,txcount,21619.0
2025-09-07,zksync_era,txcount,24510.0
2025-09-08,zksync_era,txcount,24281.0
2025-09-09,zksync_era,txcount,24812.0
2025-09-10,zksync_era,txcount,29905.0
2025-09-11,zksync_era,txcount,37466.0
2025-09-12,zksync_era,txcount,37341.0
2025-09-13,zksync_era,txcount,30197.0
2025-09-14,zksync_era,txcount,33529.0
2025-09-15,zksync_era,txcount,38958.0
2025-09-16,zksync_era,txcount,31393.0
2025-09-17,zksync_era,txcount,30470.0
2025-09-18,zksync_era,txcount,28875.0
2025-09-19,zksync_era,txcount,26181.0
2025-09-20,zksync_era,txcount,23446.0
2025-09-21,zksync_era,txcount,27321.0
2025-09-22,zksync_era,txcount,35380.0
2025-09-23,zksync_era,txcount,30995.0
2025-09-24,zksync_era,txcount,27531.0
2025-09-25,zksync_era,txcount,30161.0
2025-09-26,zksync_era,txcount,25576.0
2025-09-27,zksync_era,txcount,24155.0
2025-09-28,zksync_era,txcount,28671.0
2025-09-29,zksync_era,txcount,26671.0
2025-09-30,zksync_era,txcount,26817.0
2025-10-01,zksync_era,txcount,27257.0
2025-10-02,zksync_era,txcount,29481.0
2025-10-03,zksync_era,txcount,27843.0
2025-10-04,zksync_era,txcount,23654.0
2025-10-05,zksync_era,txcount,26820.0
2025-10-06,zksync_era,txcount,27672.0
2025-10-07,zksync_era,txcount,31294.0
2025-10-08,zksync_era,txcount,25816.0
2025-10-09,zksync_era,txcount,29420.0
2025-10-10,zksync_era,txcount,52748.0
2025-10-11,zksync_era,txcount,40018.0
2025-10-12,zksync_era,txcount,33449.0
2025-10-13,zksync_era,txcount,28030.0
2025-10-14,zksync_era,txcount,30567.0
2025-10-15,zksync_era,txcount,28558.0
2025-10-16,zksync_era,txcount,29693.0
2025-10-17,zksync_era,txcount,49456.0
2025-10-18,zksync_era,txcount,15618.0
2025-10-19,zksync_era,txcount,22019.0
2025-10-20,zksync_era,txcount,24160.0
2025-10-21,zksync_era,txcount,27598.0
2025-10-22,zksync_era,txcount,25077.0
2025-10-23,zksync_era,txcount,24021.0
2025-10-24,zksync_era,txcount,24441.0
2025-10-25,zksync_era,txcount,18145.0
2025-10-26,zksync_era,txcount,21452.0
2025-10-27,zksync_era,txcount,27411.0
2025-10-28,zksync_era,txcount,25399.0
2025-10-29,zksync_era,txcount,61861.0
2025-10-30,zksync_era,txcount,95803.0
2025-10-31,zksync_era,txcount,62497.0
2025-11-01,zksync_era,txcount,49768.0
2025-11-02,zksync_era,txcount,91118.0
2025-11-03,zksync_era,txcount,56610.0
2025-11-04,zksync_era,txcount,76833.0
2025-11-05,zksync_era,txcount,87516.0
2025-11-06,zksync_era,txcount,57478.0
2025-11-07,zksync_era,txcount,45355.0
2025-11-08,zksync_era,txcount,32927.0
2025-11-09,zksync_era,txcount,40229.0
2025-11-10,zksync_era,txcount,42566.0
2025-11-11,zksync_era,txcount,31501.0
2025-11-12,zksync_era,txcount,28258.0
2025-11-13,zksync_era,txcount,36654.0
2025-11-14,zksync_era,txcount,44220.0
2025-11-15,zksync_era,txcount,29733.0
2025-11-16,zksync_era,txcount,40130.0
2025-11-17,zksync_era,txcount,42158.0
2025-11-18,zksync_era,txcount,32512.0
2025-11-19,zksync_era,txcount,44339.0
2025-11-20,zksync_era,txcount,33169.0
2025-11-21,zksync_era,txcount,39587.0
2025-11-22,zksync_era,txcount,25707.0
2025-11-23,zksync_era,txcount,25209.0
2025-11-24,zksync_era,txcount,27120.0
2025-11-25,zksync_era,txcount,28644.0
2025-11-26,zksync_era,txcount,23713.0
2025-11-27,zksync_era,txcount,19023.0
2025-11-28,zksync_era,txcount,20086.0
2025-11-29,zksync_era,txcount,18161.0
2025-11-30,zksync_era,txcount,17409.0
2025-12-01,zksync_era,txcount,59884.0
2025-12-02,zksync_era,txcount,79050.0
2025-12-03,zksync_era,txcount,47465.0
2025-12-04,zksync_era,txcount,24223.0
2025-12-05,zksync_era,txcount,26081.0
2025-12-06,zksync_era,txcount,15299.0
2025-12-07,zksync_era,txcount,22135.0
2025-12-08,zksync_era,txcount,27327.0
2025-12-09,zksync_era,txcount,29333.0
2025-12-10,zksync_era,txcount,24903.0
2025-12-11,zksync_era,txcount,22533.0
2025-12-12,zksync_era,txcount,21887.0
2025-12-13,zksync_era,txcount,28898.0
2025-12-14,zksync_era,txcount,18987.0
2025-12-15,zksync_era,txcount,81793.0
2025-12-16,zksync_era,txcount,86938.0
2025-12-17,zksync_era,txcount,79199.0
2025-12-18,zksync_era,txcount,32238.0
2025-12-19,zksync_era,txcount,21188.0
2025-12-20,zksync_era,txcount,15700.0
2025-12-21,zksync_era,txcount,17147.0
2025-12-22,zksync_era,txcount,24983.0
2025-12-23,zksync_era,txcount,21192.0
2025-12-24,zksync_era,txcount,16390.0
2025-12-25,zksync_era,txcount,17754.0
2025-12-26,zksync_era,txcount,18516.0
2025-12-27,zksync_era,txcount,17031.0
2025-12-28,zksync_era,txcount,16968.0
2025-12-29,zksync_era,txcount,19706.0
2025-12-30,zksync_era,txcount,20153.0
2025-12-31,zksync_era,txcount,18791.0
2026-01-01,zksync_era,txcount,15897.0
2026-01-02,zksync_era,txcount,21924.0
2026-01-03,zksync_era,txcount,17181.0
2026-01-04,zksync_era,txcount,19324.0
2026-01-05,zksync_era,txcount,22803.0
2026-01-06,zksync_era,txcount,39843.0
2026-01-07,zksync_era,txcount,21856.0
2026-01-08,zksync_era,txcount,24000.0
2026-01-09,zksync_era,txcount,19345.0
2026-01-10,zksync_era,txcount,17185.0
2026-01-11,zksync_era,txcount,17091.0
2026-01-12,zksync_era,txcount,18552.0
2026-01-13,zksync_era,txcount,23369.0
2026-01-14,zksync_era,txcount,21968.0
2026-01-15,zksync_era,txcount,21257.0
2026-01-16,zksync_era,txcount,19895.0
2026-01-17,zksync_era,txcount,16668.0
2026-01-18,zksync_era,txcount,58358.0
2026-01-19,zksync_era,txcount,77629.0
2026-01-20,zksync_era,txcount,58283.0
2026-01-21,zksync_era,txcount,23117.0
2026-01-22,zksync_era,txcount,20125.0
2026-01-23,zksync_era,txcount,19008.0
2026-01-24,zksync_era,txcount,13931.0
2026-01-25,zksync_era,txcount,17708.0
2026-01-26,zksync_era,txcount,23185.0
2026-01-27,zksync_era,txcount,18176.0
2026-01-28,zksync_era,txcount,19324.0
2026-01-29,zksync_era,txcount,23061.0
2026-01-30,zksync_era,txcount,25486.0
2026-01-31,zksync_era,txcount,28443.0
2026-02-01,zksync_era,txcount,116488.0
2026-02-02,zksync_era,txcount,45601.0
2026-02-03,zksync_era,txcount,40014.0
2026-02-04,zksync_era,txcount,34794.0
2026-02-05,zksync_era,txcount,48476.0
2026-02-06,zksync_era,txcount,51976.0
2026-02-07,zksync_era,txcount,29395.0
2026-02-08,zksync_era,txcount,20777.0
2026-02-09,zksync_era,txcount,28450.0
2026-02-10,zksync_era,txcount,22390.0
2026-02-11,zksync_era,txcount,25891.0
2026-02-12,zksync_era,txcount,22719.0
2026-02-13,zksync_era,txcount,23698.0
2026-02-14,zksync_era,txcount,17432.0
2026-02-15,zksync_era,txcount,21121.0
2026-02-16,zksync_era,txcount,17664.0
2026-02-17,zksync_era,txcount,18672.0
2026-02-18,zksync_era,txcount,18766.0
2026-02-19,zksync_era,txcount,18139.0
2026-02-20,zksync_era,txcount,21389.0
2026-02-21,zksync_era,txcount,14885.0
2026-02-22,zksync_era,txcount,17868.0
2026-02-23,zksync_era,txcount,27455.0
2026-02-24,zksync_era,txcount,37176.0
2026-02-25,zksync_era,txcount,30714.0
2026-02-26,zksync_era,txcount,22073.0
2026-02-27,zksync_era,txcount,20571.0
2026-02-28,zksync_era,txcount,21924.0
2026-03-01,zksync_era,txcount,21335.0
2026-03-02,zksync_era,txcount,22706.0
2026-03-03,zksync_era,txcount,20760.0
2026-03-04,zksync_era,txcount,26439.0
2026-03-05,zksync_era,txcount,19704.0
2026-03-06,zksync_era,txcount,17054.0
2026-03-07,zksync_era,txcount,15863.0
2026-03-08,zksync_era,txcount,15864.0
2026-03-09,zksync_era,txcount,21034.0
2026-03-10,zksync_era,txcount,23542.0
2026-03-11,zksync_era,txcount,16693.0
2026-03-12,zksync_era,txcount,17245.0
2026-03-13,zksync_era,txcount,20413.0
2026-03-14,zksync_era,txcount,14833.0
2026-03-15,zksync_era,txcount,13714.0
2026-03-16,zksync_era,txcount,20616.0
2026-03-17,zksync_era,txcount,19952.0
2026-03-18,zksync_era,txcount,24755.0
2026-03-19,zksync_era,txcount,18434.0
2026-03-20,zksync_era,txcount,15963.0
2026-03-21,zksync_era,txcount,13683.0
2026-03-22,zksync_era,txcount,19742.0
2026-03-23,zksync_era,txcount,20770.0
2026-03-24,zksync_era,txcount,15754.0
2026-03-25,zksync_era,txcount,15282.0
2026-03-26,zksync_era,txcount,16789.0
2026-03-27,zksync_era,txcount,15586.0
2026-03-28,zksync_era,txcount,13317.0
2026-03-29,zksync_era,txcount,15019.0
2026-03-30,zksync_era,txcount,15952.0
2026-03-31,zksync_era,txcount,15858.0
2026-04-01,zksync_era,txcount,18218.0
2026-04-02,zksync_era,txcount,18051.0
2026-04-03,zksync_era,txcount,17088.0
2026-04-04,zksync_era,txcount,16354.0
2026-04-05,zksync_era,txcount,19467.0
2026-04-06,zksync_era,txcount,17709.0
2026-04-07,zksync_era,txcount,18933.0
2026-04-08,zksync_era,txcount,17207.0
2026-04-09,zksync_era,txcount,16912.0
2026-04-10,zksync_era,txcount,14681.0
2026-04-11,zksync_era,txcount,16235.0
2026-04-12,zksync_era,txcount,14688.0
2026-04-13,zksync_era,txcount,19075.0
2026-04-14,zksync_era,txcount,18525.0
2026-04-15,zksync_era,txcount,17015.0
2026-04-16,zksync_era,txcount,23874.0
2026-04-17,zksync_era,txcount,19418.0
2026-04-18,zksync_era,txcount,15691.0
2026-04-19,zksync_era,txcount,21262.0
2026-04-20,zksync_era,txcount,23402.0
2026-04-21,zksync_era,txcount,20583.0
2026-04-22,zksync_era,txcount,18925.0
2026-04-23,zksync_era,txcount,19329.0
2026-04-24,zksync_era,txcount,16790.0
2026-04-25,zksync_era,txcount,14313.0
2026-04-26,zksync_era,txcount,17897.0
2026-04-27,zksync_era,txcount,18576.0
2026-04-28,zksync_era,txcount,18506.0
2026-04-29,zksync_era,txcount,18816.0
2026-04-30,zksync_era,txcount,15230.0
2026-05-01,zksync_era,txcount,17580.0
2026-05-02,zksync_era,txcount,16362.0
2026-05-03,zksync_era,txcount,24330.0
2026-05-04,zksync_era,txcount,20942.0
2026-05-05,zksync_era,txcount,23427.0
2026-05-06,zksync_era,txcount,19284.0
2026-05-07,zksync_era,txcount,15705.0
2026-05-08,zksync_era,txcount,18828.0
2026-05-09,zksync_era,txcount,15077.0
2026-05-10,zksync_era,txcount,17731.0
2026-05-11,zksync_era,txcount,18880.0
2026-05-12,zksync_era,txcount,70306.0
2026-05-13,zksync_era,txcount,19267.0
2026-05-14,zksync_era,txcount,22074.0
2026-05-15,zksync_era,txcount,18923.0
2026-05-16,zksync_era,txcount,16342.0
2026-05-17,zksync_era,txcount,14303.0
2026-05-18,zksync_era,txcount,17637.0
2026-05-19,zksync_era,txcount,14407.0
2026-05-20,zksync_era,txcount,15803.0
2026-05-21,zksync_era,txcount,17035.0
2026-05-22,zksync_era,txcount,15603.0
2026-05-23,zksync_era,txcount,16209.0
2026-05-24,zksync_era,txcount,16695.0
2026-05-25,zksync_era,txcount,16559.0
2026-05-26,zksync_era,txcount,17940.0
2026-05-27,zksync_era,txcount,15295.0
2026-05-28,zksync_era,txcount,21474.0
2026-05-29,zksync_era,txcount,22709.0
2026-05-30,zksync_era,txcount,17788.0
2026-05-31,zksync_era,txcount,16033.0
2026-06-01,zksync_era,txcount,17985.0
2026-06-02,zksync_era,txcount,26870.0
2026-06-03,zksync_era,txcount,27341.0
2026-06-04,zksync_era,txcount,26458.0
2026-06-05,zksync_era,txcount,145415.0
2026-06-06,zksync_era,txcount,76393.0
2026-06-07,zksync_era,txcount,20322.0
2026-06-08,zksync_era,txcount,19373.0
2026-06-09,zksync_era,txcount,33350.0
2026-06-10,zksync_era,txcount,122601.0
2026-06-11,zksync_era,txcount,22122.0
2026-06-12,zksync_era,txcount,16163.0
2026-06-13,zksync_era,txcount,13322.0
2026-06-14,zksync_era,txcount,14804.0
2026-06-15,zksync_era,txcount,18219.0
2026-06-16,zksync_era,txcount,16918.0
2026-06-17,zksync_era,txcount,19134.0
2026-06-18,zksync_era,txcount,14419.0
2026-06-19,zksync_era,txcount,12239.0
2026-06-20,zksync_era,txcount,12799.0
2026-06-21,zksync_era,txcount,12157.0
2026-06-22,zksync_era,txcount,16896.0
2026-06-23,zksync_era,txcount,14246.0
2026-06-24,zksync_era,txcount,17522.0
2026-06-25,zksync_era,txcount,18353.0
2026-06-26,zksync_era,txcount,18400.0
2026-06-27,zksync_era,txcount,12226.0
2026-06-28,zksync_era,txcount,12246.0
2026-06-29,zksync_era,txcount,15927.0
2026-06-30,zksync_era,txcount,14879.0
2026-07-01,zksync_era,txcount,15728.0
2026-07-02,zksync_era,txcount,16019.0
2026-07-03,zksync_era,txcount,14816.0
2026-07-04,zksync_era,txcount,14155.0
2026-07-05,zksync_era,txcount,11921.0
2026-07-06,zksync_era,txcount,17284.0
2026-07-07,zksync_era,txcount,26803.0
2026-07-08,zksync_era,txcount,17655.0
2026-07-09,zksync_era,txcount,11604.0
2026-07-10,zksync_era,txcount,11409.0
2026-07-11,zksync_era,txcount,10552.0
2026-07-12,zksync_era,txcount,10872.0
2026-07-13,zksync_era,txcount,14308.0
2026-07-14,zksync_era,txcount,14826.0
2026-07-15,zksync_era,txcount,13818.0
2026-07-16,zksync_era,txcount,15032.0
2026-07-17,zksync_era,txcount,15106.0
2026-07-18,zksync_era,txcount,9785.0
2026-07-19,zksync_era,txcount,11220.0
2026-07-20,zksync_era,txcount,16709.0
2026-07-21,zksync_era,txcount,14220.0
2026-07-22,zksync_era,txcount,14132.0
2026-07-23,zksync_era,txcount,16410.0
2026-07-24,zksync_era,txcount,17083.0
2026-07-25,zksync_era,txcount,16005.0
2026-07-26,zksync_era,txcount,12229.0
2026-07-27,zksync_era,txcount,14312.0
2026-07-28,zksync_era,txcount,15217.0
2026-07-29,zksync_era,txcount,31602.0
2026-07-30,zksync_era,txcount,11849.0
2026-07-31,zksync_era,txcount,18234.0
2026-08-01,zksync_era,txcount,17420.0
2026-08-02,zksync_era,txcount,11055.0
2026-08-03,zksync_era,txcount,13466.0
2026-08-04,zksync_era,txcount,13526.0
2026-08-05,zksync_era,txcount,13263.0
2026-08-06,zksync_era,txcount,10661.0
2026-08-07,zksync_era,txcount,28602.0
2026-08-08,zksync_era,txcount,8266.0
2026-08-09,zksync_era,txcount,8454.0
2026-08-10,zksync_era,txcount,11233.0
2026-08-11,zksync_era,txcount,11242.0
2026-08-12,zksync_era,txcount,14539.0
2026-08-13,zksync_era,txcount,10083.0
2026-08-14,zksync_era,txcount,12846.0
2026-08-15,zksync_era,txcount,9809.0
2026-08-16,zksync_era,txcount,8902.0
2026-08-17,zksync_era,txcount,11185.0
2026-08-18,zksync_era,txcount,10851.0
2026-08-19,zksync_era,txcount,19287.0
2026-08-20,zksync_era,txcount,18127.0
