t_s,proc_rss_bytes,proc_cpu_s,proc_cpu_pct,proc_read_bytes,proc_write_bytes,nproc,sys_cpu_pct,sys_iowait_pct,sys_mem_used_bytes,sys_read_bytes,sys_write_bytes
0.0000,0,0.0000,0.00,0,0,0,0.00,0.00,1033625600,0,0
0.0109,14381056,0.0000,0.00,0,0,1,22.86,0.00,1031618560,0,0
0.0222,28987392,0.0100,89.02,0,0,1,11.13,0.00,1034100736,0,0
0.0332,35196928,0.0100,0.00,0,0,1,11.37,0.00,1034358784,0,0
0.0442,35196928,0.0300,181.90,0,0,1,11.37,0.00,1034358784,0,0
0.0553,39587840,0.0300,0.00,0,0,1,11.27,0.00,1036939264,0,0
0.0662,42909696,0.0400,90.97,0,0,1,11.37,0.00,1038688256,0,0
0.0770,48291840,0.0500,92.93,0,0,1,11.62,0.00,1040322560,0,0
0.0878,49197056,0.0600,92.44,0,0,1,11.55,0.00,1040322560,0,0
0.0991,50724864,0.0800,177.38,0,0,1,44.34,0.00,1040769024,0,0
0.1102,51388416,0.0900,90.44,0,0,1,11.30,0.00,1041285120,0,0
0.1210,52150272,0.1000,92.44,0,0,1,23.11,0.00,1041543168,0,0
0.1322,53096448,0.1100,89.22,0,0,1,11.15,0.00,1041801216,0,0
0.1432,58945536,0.1200,90.85,0,0,1,22.71,0.00,1042317312,0,0
0.1542,59940864,0.1300,90.79,0,0,1,11.35,0.00,1043091456,0,0
0.1654,60764160,0.1400,89.04,0,0,1,11.13,0.00,1043607552,0,0
0.1766,61906944,0.1500,89.87,0,0,1,11.23,0.00,1044639744,0,0
0.1873,62939136,0.1600,92.85,0,0,1,11.61,0.00,1044897792,0,0
0.1984,63750144,0.1800,180.95,0,0,1,11.31,0.00,1045929984,0,0
0.2095,64720896,0.1900,90.25,0,0,1,22.56,0.00,1046446080,0,0
0.2205,65654784,0.2000,91.02,0,0,1,11.38,0.00,1047220224,0,0
0.2313,67162112,0.2100,92.48,0,0,1,11.56,0.00,1047994368,0,0
0.2423,68239360,0.2300,181.92,0,0,1,22.74,0.00,1047994368,0,0
0.2531,68816896,0.2400,92.03,0,0,1,11.50,0.00,1048510464,0,0
0.2639,73658368,0.2500,92.82,0,0,1,11.60,0.00,1050574848,0,0
0.2750,74530816,0.2800,269.53,0,0,1,22.46,0.00,1050832896,0,0
0.2861,76423168,0.2900,90.70,0,0,1,11.34,0.00,1052639232,0,0
0.2971,76754944,0.3000,90.68,0,0,1,11.33,0.00,1052639232,0,0
0.3082,76754944,0.3100,90.20,0,0,1,11.27,0.00,1052524544,0,0
0.3194,76754944,0.3300,177.46,0,0,1,33.27,0.00,1052524544,0,0
0.3304,77025280,0.3500,182.48,0,0,1,22.81,0.00,1052782592,0,0
0.3414,77025280,0.3600,91.09,0,0,1,11.39,0.00,1052782592,0,0
0.3520,77025280,0.3700,93.78,0,0,1,11.72,0.00,1052782592,0,0
0.3629,77025280,0.3800,91.67,0,0,1,11.46,0.00,1052782592,0,0
0.3738,77025280,0.3900,91.75,0,0,1,11.47,0.00,1052782592,0,0
0.3850,77025280,0.4000,90.06,0,0,1,11.26,0.00,1052782592,0,0
0.3959,77295616,0.4200,182.74,0,0,1,11.42,0.00,1052782592,0,0
0.4069,77295616,0.4200,0.00,0,0,1,11.35,0.00,1052782592,0,0
0.4176,77295616,0.4300,93.39,0,0,1,46.70,0.00,1052782592,0,0
0.4288,77295616,0.4500,178.05,0,0,1,44.51,0.00,1052782592,0,0
0.4407,76972032,0.4700,168.57,0,0,1,10.54,0.00,1052782592,0,0
0.4514,76972032,0.4800,93.86,0,0,1,11.73,0.00,1052782592,0,0
0.4623,76972032,0.4900,91.35,0,0,1,11.42,0.00,1052782592,0,0
0.4737,76972032,0.5000,87.73,0,0,1,10.97,0.00,1052782592,0,0
0.4846,76972032,0.5100,91.56,0,0,1,11.44,0.00,1052782592,0,0
0.4957,77475840,0.5400,270.17,0,0,1,11.26,0.00,1052782592,0,0
0.5072,77922304,0.5600,174.58,0,0,1,21.82,0.00,1052782592,0,0
0.5182,77815808,0.5800,182.30,0,0,1,11.39,0.00,1053040640,0,0
0.5296,83492864,0.6100,263.50,0,0,1,65.87,0.00,1055621120,0,0
0.5406,87822336,0.6300,181.83,0,0,1,11.36,0.00,1062846464,0,0
0.5514,90521600,0.6600,275.62,0,0,1,45.94,0.00,1062846464,0,0
0.5626,98615296,0.6700,89.92,0,0,1,44.96,0.00,1070370816,0,0
0.5735,103460864,0.7000,274.60,0,0,1,45.77,0.00,1074757632,0,0
0.5845,112893952,0.7300,273.00,0,0,1,56.88,0.00,1081208832,0,0
0.5951,114802688,0.7600,281.91,0,0,1,0.00,0.00,1085079552,0,0
0.6062,120209408,0.7900,270.28,0,0,1,22.52,0.00,1088692224,0,0
0.6171,128180224,0.8300,366.34,0,0,1,34.34,0.00,1094885376,0,0
0.6280,134995968,0.8900,554.30,0,0,1,80.83,0.00,1101078528,0,0
0.6397,139231232,0.9300,341.97,0,0,1,42.75,0.00,1105723392,0,0
0.6543,148471808,1.0100,544.98,0,0,1,8.52,0.00,1114497024,0,0
0.6654,154787840,1.0900,724.81,0,0,1,22.65,0.00,1121206272,0,0
0.6763,159027200,1.1300,367.21,0,0,1,57.38,0.00,1124560896,0,0
0.6878,160649216,1.2200,782.11,0,0,1,86.90,0.00,1126625280,0,0
0.6998,163426304,1.3100,748.22,0,0,1,155.88,0.00,1128689664,0,0
0.7108,167972864,1.3800,638.87,0,0,1,45.63,0.00,1132818432,0,0
0.7225,170676224,1.4400,512.75,0,0,1,74.78,0.00,1135398912,0,0
0.7350,172568576,1.5400,796.62,0,0,1,69.70,0.00,1138237440,0,0
0.7461,174792704,1.5800,360.39,0,0,1,22.52,0.00,1140301824,0,0
0.7579,177078272,1.6300,424.00,0,0,1,84.80,0.00,1142624256,0,0
0.7690,178700288,1.7600,1169.55,0,0,1,157.44,0.00,1143398400,0,0
0.7799,179240960,1.7700,91.75,0,0,1,11.47,0.00,1143656448,0,0
0.7910,179814400,1.7800,90.57,0,0,1,11.32,0.00,1143656448,0,0
0.8019,179814400,1.7900,91.23,0,0,1,11.40,0.00,1143656448,0,0
0.8130,180355072,1.8000,90.60,0,0,1,11.32,0.00,1143656448,0,0
0.8238,180625408,1.8100,92.33,0,0,1,23.08,0.00,1143656448,0,0
0.8348,181166080,1.8200,90.96,0,0,1,11.37,0.00,1143656448,0,0
0.8460,181436416,1.8300,88.93,0,0,1,22.23,0.00,1143656448,0,0
0.8568,181977088,1.8400,92.68,0,0,1,0.00,0.00,1143914496,0,0
0.8678,182247424,1.8500,90.74,0,0,1,22.69,0.00,1144172544,0,0
0.8790,182517760,1.8600,89.28,0,0,1,33.48,0.00,1144430592,0,0
0.8904,183058432,1.8700,88.22,0,0,1,22.06,0.00,1144946688,0,0
0.9013,183328768,1.8800,91.15,0,0,1,11.39,0.00,1145204736,0,0
0.9126,183599104,1.8900,89.12,0,0,1,11.14,0.00,1145720832,0,0
0.9235,184139776,1.9000,91.69,0,0,1,11.46,0.00,1145978880,0,0
0.9345,185491456,1.9200,181.67,0,0,1,34.06,0.00,1146753024,0,0
0.9457,187383808,1.9400,178.01,0,0,1,44.50,0.00,1148559360,0,0
0.9569,185913344,1.9600,178.24,0,0,1,11.14,0.00,1148559360,0,0
0.9678,185913344,1.9700,91.90,0,0,1,11.49,0.00,1148559360,0,0
0.9788,185913344,1.9800,90.77,0,0,1,45.39,0.00,1148559360,0,0
0.9903,185913344,1.9900,87.50,0,0,1,10.94,0.00,1148559360,0,0
1.0012,185913344,2.0000,91.42,0,0,1,11.43,0.00,1148559360,0,0
1.0124,185913344,2.0200,178.11,0,0,1,11.13,0.00,1148559360,0,0
1.0238,185913344,2.0200,0.00,0,0,1,0.00,0.00,1148559360,0,0
1.0348,185987072,2.0300,91.20,0,0,1,11.40,0.00,1148559360,0,0
1.0457,185987072,2.0400,91.70,0,0,1,11.46,0.00,1148559360,0,0
1.0565,185987072,2.0600,184.77,0,0,1,11.55,0.00,1148559360,0,0
1.0675,185987072,2.0800,181.78,0,0,1,22.72,0.00,1148559360,0,0
1.0788,185987072,2.1000,177.06,0,0,1,66.40,0.00,1148645376,0,0
1.0902,185987072,2.1200,175.43,0,0,1,21.93,0.00,1148645376,0,0
1.1012,185987072,2.1600,364.94,0,0,1,57.02,0.00,1148645376,0,0
1.1126,185987072,2.1900,263.43,0,0,1,21.95,0.00,1148645376,0,0
1.1238,185987072,2.2200,266.89,0,0,1,44.48,0.00,1148645376,0,0
1.1345,185987072,2.2600,374.11,0,0,1,46.76,0.00,1148645376,0,0
1.1546,185987072,2.3800,595.41,0,0,1,62.02,0.00,1148645376,0,0
1.1656,185987072,2.4100,273.05,0,0,1,11.38,0.00,1148645376,0,0
1.1764,185987072,2.4600,465.83,0,0,1,46.58,0.00,1148645376,0,0
1.1873,185987072,2.5000,366.11,0,0,1,45.76,0.00,1148645376,0,0
1.1980,185987072,2.5100,93.17,0,0,1,46.59,0.00,1148645376,0,0
1.2089,185987072,2.5400,275.26,0,0,1,103.22,0.00,1148645376,0,0
1.2198,185987072,2.6200,737.41,0,0,1,23.04,0.00,1148645376,0,0
1.2304,185987072,2.6700,468.47,0,0,1,70.27,0.00,1148645376,0,0
1.2413,185987072,2.7400,643.02,0,0,1,91.86,0.00,1148645376,0,0
1.2521,185987072,2.8100,651.99,0,0,1,81.50,0.00,1148645376,0,0
1.2640,185987072,2.9000,755.90,0,0,1,94.49,0.00,1148645376,0,0
1.2748,185987072,2.9600,555.56,0,0,1,46.30,0.00,1148645376,0,0
1.2856,185987072,2.9900,275.93,0,0,1,34.49,0.00,1148645376,0,0
1.2965,185987072,3.0000,92.14,0,0,1,46.07,0.00,1148645376,0,0
1.3074,185987072,3.0500,459.72,0,0,1,45.97,0.00,1148645376,0,0
1.3181,185987072,3.0800,279.01,0,0,1,23.25,0.00,1148645376,0,0
1.3292,185987072,3.1200,361.69,0,0,1,101.72,0.00,1148645376,0,0
1.3405,185987072,3.1700,440.21,0,0,1,11.01,0.00,1148645376,0,0
1.3515,185987072,3.2100,363.21,0,0,1,45.40,0.00,1148645376,0,0
1.3623,185987072,3.2500,373.40,0,0,1,46.67,0.00,1148645376,0,0
1.3732,185987072,3.2900,366.50,0,0,1,45.81,0.00,1148645376,0,0
1.3841,185987072,3.3300,366.15,0,0,1,45.77,0.00,1148645376,0,0
1.3952,185987072,3.3700,361.86,0,0,1,45.23,0.00,1148645376,0,0
1.4062,185987072,3.4100,362.54,0,0,1,45.32,0.00,1148645376,0,0
1.4170,185987072,3.4700,555.49,0,0,1,46.29,0.00,1148645376,0,0
1.4330,185987072,3.5500,498.92,0,0,1,109.14,0.00,1148645376,0,0
1.4440,185987072,3.6200,639.89,0,0,1,79.99,0.00,1148645376,0,0
1.4550,185987072,3.7000,726.61,0,0,1,90.83,0.00,1148645376,0,0
1.4657,185987072,3.7700,649.58,0,0,1,81.20,0.00,1148645376,0,0
1.4775,185987072,3.8500,682.19,0,0,1,85.27,0.00,1148645376,0,0
1.4885,185987072,3.9400,817.74,0,0,1,90.86,0.00,1148645376,0,0
1.4991,185987072,4.0100,659.51,0,0,1,164.88,0.00,1148645376,0,0
1.5098,185987072,4.1600,1402.21,0,0,1,116.85,0.00,1148645376,0,0
1.5204,185987072,4.2500,847.57,0,0,1,94.17,0.00,1148645376,0,0
1.5313,185987072,4.3300,735.29,0,0,1,91.91,0.00,1148645376,0,0
1.5421,185987072,4.4000,647.64,0,0,1,80.96,0.00,1148645376,0,0
1.5528,185987072,4.4500,466.47,0,0,1,34.99,0.00,1148645376,0,0
1.5638,185987072,4.4800,273.46,0,0,1,45.58,0.00,1148645376,0,0
1.5747,185987072,4.5200,366.78,0,0,1,45.85,0.00,1148645376,0,0
1.5858,185987072,4.5600,360.02,0,0,1,45.00,0.00,1148645376,0,0
1.5970,185987072,4.6100,447.87,0,0,1,44.79,0.00,1148645376,0,0
1.6080,185987072,4.6500,362.95,0,0,1,22.68,0.00,1148645376,0,0
1.6189,185987072,4.6700,183.54,0,0,1,103.24,0.00,1148645376,0,0
1.6299,185987072,4.7500,727.86,0,0,1,45.49,0.00,1148645376,0,0
1.6406,185987072,4.7900,371.85,0,0,1,46.48,0.00,1148645376,0,0
1.6513,185987072,4.8300,374.82,0,0,1,46.85,0.00,1148903424,0,0
1.6622,186527744,4.8500,183.46,0,0,1,45.87,0.00,1148903424,0,0
1.6733,186527744,4.8900,362.21,0,0,1,45.28,0.00,1148903424,0,0
1.6842,186527744,4.9300,366.98,0,0,1,45.87,0.00,1148903424,0,0
1.6954,186527744,4.9700,355.85,0,0,1,44.48,0.00,1148903424,0,0
1.7063,186527744,5.0100,365.29,0,0,1,45.66,0.00,1148903424,0,0
1.7172,186527744,5.0500,367.06,0,0,1,45.88,0.00,1148903424,0,0
1.7283,186527744,5.0900,362.67,0,0,1,45.33,0.00,1148903424,0,0
1.7397,186527744,5.1700,702.75,0,0,1,98.82,0.00,1148903424,0,0
1.7503,186527744,5.2100,375.27,0,0,1,46.91,0.00,1148903424,0,0
1.7610,186527744,5.2500,374.28,0,0,1,46.79,0.00,1148903424,0,0
1.7722,186527744,5.2900,357.25,0,0,1,44.66,0.00,1148903424,0,0
1.7830,186527744,5.3300,371.55,0,0,1,46.44,0.00,1148903424,0,0
1.7935,186527744,5.3800,472.97,0,0,1,47.30,0.00,1148903424,0,0
1.8068,186527744,5.4000,150.31,0,0,1,18.79,0.00,1148903424,0,0
1.8207,186527744,5.5300,935.34,0,0,1,143.90,0.00,1148903424,0,0
1.8316,186527744,5.6100,734.25,0,0,1,91.78,0.00,1148903424,0,0
1.8424,186527744,5.6900,740.71,0,0,1,92.59,0.00,1148903424,0,0
1.8531,186527744,5.7700,749.68,0,0,1,93.71,0.00,1148903424,0,0
1.8693,186527744,5.8800,680.23,0,0,1,92.76,0.00,1148903424,0,0
1.8848,186527744,6.0100,834.96,0,0,1,152.54,0.00,1148903424,0,0
1.9011,186527744,6.1400,802.12,0,0,1,69.41,0.00,1148903424,0,0
1.9144,186527744,6.2300,671.85,0,0,1,74.65,0.00,1148903424,0,0
1.9256,186527744,6.3100,716.36,0,0,1,89.54,0.00,1148903424,0,0
1.9366,186527744,6.4000,816.56,0,0,1,90.73,0.00,1148903424,0,0
1.9480,186527744,6.4800,706.14,0,0,1,88.27,0.00,1148903424,0,0
1.9590,186527744,6.6000,1089.66,0,0,1,158.91,0.00,1148903424,0,0
1.9700,186527744,6.6800,724.12,0,0,1,90.51,0.00,1148903424,0,0
1.9824,186527744,6.7800,810.84,0,0,1,101.35,0.00,1148903424,0,0
1.9933,186527744,6.8600,732.17,0,0,1,91.52,0.00,1148903424,0,0
2.0081,186527744,6.9400,538.88,0,0,1,67.36,0.00,1148903424,0,0
2.0191,186527744,7.0800,1281.77,0,0,1,171.67,0.00,1148903424,0,0
2.0316,186527744,7.1600,639.25,0,0,1,79.91,0.00,1148903424,0,0
2.0425,186527744,7.2500,819.96,0,0,1,102.50,0.00,1148903424,0,0
2.0535,186527744,7.3300,730.34,0,0,1,91.29,0.00,1148903424,0,0
2.0645,186527744,7.4100,729.38,0,0,1,91.17,0.00,1148903424,0,0
2.0754,186527744,7.4900,729.91,0,0,1,91.24,0.00,1148903424,0,0
2.0870,186527744,7.5800,776.02,0,0,1,86.22,0.00,1148903424,0,0
2.0986,186527744,7.6500,605.92,0,0,1,86.56,0.00,1148903424,0,0
2.1096,186527744,7.7900,1272.85,0,0,1,170.47,0.00,1148903424,0,0
2.1262,186527744,7.8800,540.79,0,0,1,67.60,0.00,1148903424,0,0
2.1375,186527744,7.9600,709.45,0,0,1,88.68,0.00,1148903424,0,0
2.1512,186527744,8.1000,1020.52,0,0,1,145.79,0.00,1148903424,0,0
2.1667,186527744,8.1900,582.06,0,0,1,64.67,0.00,1148903424,0,0
2.1779,186527744,8.2700,713.61,0,0,1,89.20,0.00,1148903424,0,0
2.1890,186527744,8.3500,717.84,0,0,1,168.24,0.00,1148903424,0,0
2.1998,186527744,8.4700,1115.47,0,0,1,58.10,0.00,1148903424,0,0
2.2107,186527744,8.5000,275.50,0,0,1,22.96,0.00,1148903424,0,0
2.2218,186798080,8.5200,180.11,0,0,1,45.03,0.00,1149161472,0,0
2.2326,186798080,8.5600,370.86,0,0,1,46.36,0.00,1149161472,0,0
2.2434,186798080,8.6000,368.87,0,0,1,46.11,0.00,1149161472,0,0
2.2544,186798080,8.6400,365.19,0,0,1,57.06,0.00,1149161472,0,0
2.2651,186798080,8.6800,373.67,0,0,1,46.71,0.00,1149161472,0,0
2.2759,186798080,8.7200,370.10,0,0,1,57.83,0.00,1149161472,0,0
2.2868,186798080,8.7600,365.33,0,0,1,45.67,0.00,1149161472,0,0
2.2979,186798080,8.8000,362.76,0,0,1,45.34,0.00,1149161472,0,0
2.3088,186798080,8.8400,364.40,0,0,1,45.55,0.00,1149161472,0,0
2.3198,186798080,8.9100,637.41,0,0,1,91.06,0.00,1149419520,0,0
2.3305,186798080,8.9300,187.28,0,0,1,11.70,0.00,1149419520,0,0
2.3414,186798080,8.9700,366.70,0,0,1,45.84,0.00,1149419520,0,0
2.3523,186798080,9.0100,365.74,0,0,1,45.72,0.00,1149419520,0,0
2.3633,186798080,9.0500,364.83,0,0,1,45.60,0.00,1149419520,0,0
2.3745,186798080,9.0900,358.73,0,0,1,44.84,0.00,1149419520,0,0
2.3854,186798080,9.1300,365.39,0,0,1,45.67,0.00,1149419520,0,0
2.3964,186798080,9.1700,365.07,0,0,1,45.63,0.00,1149419520,0,0
2.4073,186798080,9.2100,365.95,0,0,1,45.74,0.00,1149419520,0,0
2.4182,186798080,9.2500,365.34,0,0,1,57.08,0.00,1149419520,0,0
2.4293,187068416,9.3200,634.47,0,0,1,79.31,0.00,1149419520,0,0
2.4401,187609088,9.3500,277.71,0,0,1,46.29,0.00,1149419520,0,0
2.4510,187609088,9.3900,366.74,0,0,1,45.84,0.00,1149419520,0,0
2.4620,187609088,9.4300,361.44,0,0,1,45.18,0.00,1149419520,0,0
2.4730,187609088,9.4700,363.56,0,0,1,45.45,0.00,1149419520,0,0
2.4840,187609088,9.5100,366.36,0,0,1,45.79,0.00,1149419520,0,0
2.4951,187609088,9.5500,360.61,0,0,1,45.08,0.00,1149419520,0,0
2.5060,187609088,9.5900,366.22,0,0,1,57.22,0.00,1149419520,0,0
2.5169,187609088,9.6300,364.93,0,0,1,45.62,0.00,1149419520,0,0
2.5281,187609088,9.6700,357.41,0,0,1,55.84,0.00,1149419520,0,0
2.5391,187609088,9.7500,730.79,0,0,1,114.19,0.00,1149419520,0,0
2.5498,187609088,9.7900,372.45,0,0,1,46.56,0.00,1149419520,0,0
2.5608,187609088,9.8300,365.37,0,0,1,57.09,0.00,1149419520,0,0
2.5724,187609088,9.8700,344.22,0,0,1,43.03,0.00,1149419520,0,0
2.5833,187609088,9.9100,368.06,0,0,1,57.51,0.00,1149419520,0,0
2.5942,187609088,9.9500,364.96,0,0,1,45.62,0.00,1149419520,0,0
2.6051,187609088,9.9900,366.82,0,0,1,45.85,0.00,1149419520,0,0
2.6158,187609088,10.0300,373.08,0,0,1,58.29,0.00,1149419520,0,0
2.6266,187609088,10.0700,371.51,0,0,1,46.44,0.00,1149419520,0,0
2.6378,187609088,10.1100,358.76,0,0,1,56.06,0.00,1149419520,0,0
2.6487,187609088,10.1500,365.07,0,0,1,45.63,0.00,1149419520,0,0
2.6598,187609088,10.2300,720.78,0,0,1,101.36,0.00,1149419520,0,0
2.6714,187609088,10.2700,345.91,0,0,1,43.24,0.00,1149419520,0,0
2.6823,187609088,10.3100,365.57,0,0,1,45.70,0.00,1149419520,0,0
2.6932,187609088,10.3500,366.13,0,0,1,45.77,0.00,1149419520,0,0
2.7049,187609088,10.3900,341.79,0,0,1,42.72,0.00,1149419520,0,0
2.7157,187609088,10.4400,464.07,0,0,1,46.41,0.00,1149419520,0,0
2.7265,187609088,10.4600,186.17,0,0,1,11.64,0.00,1149419520,0,0
2.7384,187609088,10.4800,167.34,0,0,1,73.21,0.00,1149419520,0,0
2.7492,187609088,10.6100,1206.56,0,0,1,174.02,0.00,1149419520,0,0
2.7601,187609088,10.6900,736.46,0,0,1,92.06,0.00,1149419520,0,0
2.7712,187609088,10.7700,715.66,0,0,1,89.46,0.00,1149419520,0,0
2.7820,187609088,10.8600,836.76,0,0,1,104.59,0.00,1149419520,0,0
2.7927,187609088,10.9400,747.13,0,0,1,93.39,0.00,1149419520,0,0
2.8038,187609088,11.0200,722.17,0,0,1,90.27,0.00,1149419520,0,0
2.8146,187609088,11.1000,742.09,0,0,1,92.76,0.00,1149419520,0,0
2.8269,187609088,11.1800,646.05,0,0,1,80.76,0.00,1149419520,0,0
2.8379,187609088,11.2700,819.80,0,0,1,91.09,0.00,1149419520,0,0
2.8486,187609088,11.3500,751.55,0,0,1,93.94,0.00,1149419520,0,0
2.8595,187609088,11.4800,1184.84,0,0,1,182.28,0.00,1149419520,0,0
2.8711,187609088,11.5700,776.16,0,0,1,86.24,0.00,1149419520,0,0
2.8824,187609088,11.6600,795.52,0,0,1,88.39,0.00,1149419520,0,0
2.8934,187609088,11.7300,636.19,0,0,1,90.88,0.00,1149419520,0,0
2.9054,187609088,11.8200,750.63,0,0,1,83.40,0.00,1149419520,0,0
2.9178,187609088,11.9000,648.64,0,0,1,81.08,0.00,1149419520,0,0
2.9303,187609088,12.0400,1117.36,0,0,1,149.65,0.00,1149419520,0,0
2.9414,187609088,12.1300,811.96,0,0,1,101.49,0.00,1149419520,0,0
2.9523,187609088,12.2100,735.53,0,0,1,91.94,0.00,1149419520,0,0
2.9631,187609088,12.2800,642.83,0,0,1,80.35,0.00,1149419520,0,0
2.9739,187609088,12.3700,833.26,0,0,1,104.16,0.00,1149419520,0,0
2.9847,187609088,12.4500,741.04,0,0,1,92.63,0.00,1149419520,0,0
2.9955,187609088,12.5300,742.54,0,0,1,92.82,0.00,1149419520,0,0
3.0063,187609088,12.6100,738.81,0,0,1,92.35,0.00,1149419520,0,0
3.0171,187609088,12.7000,837.42,0,0,1,93.05,0.00,1149419520,0,0
3.0318,187609088,12.8400,953.08,0,0,1,136.15,0.00,1149419520,0,0
3.0522,187609088,12.9900,735.72,0,0,1,91.96,0.00,1149419520,0,0
3.0681,187609088,13.1000,690.50,0,0,1,70.62,0.00,1149419520,0,0
3.0841,187609088,13.2500,939.80,0,0,1,125.31,0.00,1149419520,0,0
3.1032,187609088,13.3800,680.02,0,0,1,98.08,0.00,1149419520,0,0
3.1235,187609088,13.5600,884.79,0,0,1,98.31,0.00,1149419520,0,0
3.1364,187609088,13.6300,545.06,0,0,1,68.13,0.00,1149419520,0,0
3.1518,187609088,13.8000,1098.41,0,0,1,137.30,0.00,1149419520,0,0
3.1644,187609088,13.8800,639.06,0,0,1,79.88,0.00,1149419520,0,0
3.1754,187609088,13.9500,634.83,0,0,1,90.69,0.00,1149419520,0,0
3.1864,187609088,14.0800,1180.81,0,0,1,158.95,0.00,1149419520,0,0
3.2013,187609088,14.1500,468.28,0,0,1,50.17,0.00,1149419520,0,0
3.2127,187609088,14.2600,968.21,0,0,1,121.03,0.00,1149419520,0,0
3.2249,187609088,14.3500,737.28,0,0,1,92.16,0.00,1149419520,0,0
3.2370,187609088,14.4400,744.51,0,0,1,82.72,0.00,1149419520,0,0
3.2485,187609088,14.5100,608.95,0,0,1,86.99,0.00,1149419520,0,0
3.2665,187609088,14.6600,832.77,0,0,1,111.04,0.00,1149419520,0,0
3.2835,187609088,14.8200,939.61,0,0,1,117.45,0.00,1149419520,0,0
3.3061,187609088,14.9800,709.88,0,0,1,83.19,0.00,1149419520,0,0
3.3183,187609088,15.0700,734.34,0,0,1,91.79,0.00,1149419520,0,0
3.3350,187609088,15.2200,901.34,0,0,1,120.18,0.00,1149419520,0,0
3.3487,187609088,15.3700,1091.16,0,0,1,145.49,0.00,1149419520,0,0
3.3674,187609088,15.4600,481.49,0,0,1,53.50,0.00,1149419520,0,0
3.3820,187609088,15.6000,957.92,0,0,1,128.29,0.00,1149419520,0,0
3.3934,187609088,15.6800,700.51,0,0,1,87.56,0.00,1149419520,0,0
3.4078,187609088,15.7800,695.20,0,0,1,60.83,0.00,1149419520,0,0
3.4205,187609088,15.8900,867.11,0,0,1,128.10,0.00,1149419520,0,0
3.4339,187609088,16.0000,821.75,0,0,1,93.38,0.00,1149419520,0,0
3.4456,187609088,16.0900,767.15,0,0,1,95.89,0.00,1149419520,0,0
3.4567,187609088,16.1700,722.18,0,0,1,90.27,0.00,1149419520,0,0
3.4678,187609088,16.2500,724.48,0,0,1,90.56,0.00,1149419520,0,0
3.4805,187609088,16.3800,1019.10,0,0,1,146.99,0.00,1149419520,0,0
3.4969,187609088,16.4800,609.43,0,0,1,68.56,0.00,1149419520,0,0
3.5079,187609088,16.5600,731.61,0,0,1,91.45,0.00,1149419520,0,0
3.5188,187609088,16.6500,822.25,0,0,1,91.36,0.00,1149419520,0,0
3.5298,187609088,16.7800,1179.53,0,0,1,170.12,0.00,1149419520,0,0
3.5441,187609088,16.8600,558.96,0,0,1,69.87,0.00,1149419520,0,0
3.5598,187609088,16.9700,700.84,0,0,1,71.68,0.00,1149419520,0,0
3.5756,187609088,17.1000,823.06,0,0,1,87.05,0.00,1149419520,0,0
3.5916,187609088,17.2300,814.28,0,0,1,109.61,0.00,1149419520,0,0
3.6073,187609088,17.3400,700.22,0,0,1,79.57,0.00,1149419520,0,0
3.6235,187609088,17.4900,923.39,0,0,1,100.03,0.00,1149419520,0,0
3.6396,187609088,17.6100,748.24,0,0,1,77.94,0.00,1149419520,0,0
3.6557,187609088,17.7400,805.40,0,0,1,85.19,0.00,1149419520,0,0
3.6715,187609088,17.8800,889.75,0,0,1,111.22,0.00,1149419520,0,0
3.6876,187609088,17.9800,619.99,0,0,1,69.75,0.00,1149419520,0,0
3.7032,187609088,18.1100,830.94,0,0,1,95.88,0.00,1149419520,0,0
3.7189,187609088,18.2400,828.53,0,0,1,103.57,0.00,1149419520,0,0
3.7309,187609088,18.3500,915.97,0,0,1,114.50,0.00,1149419520,0,0
3.7418,187609088,18.4500,917.41,0,0,1,114.68,0.00,1149419520,0,0
3.7588,187609088,18.6000,886.12,0,0,1,110.77,0.00,1149419520,0,0
3.7808,187879424,18.7300,590.40,0,0,1,73.80,0.00,1149419520,0,0
3.7922,187879424,18.7800,437.64,0,0,1,54.70,0.00,1149419520,0,0
3.8037,187879424,18.8300,436.72,0,0,1,54.59,0.00,1149419520,0,0
3.8147,187879424,18.8900,543.03,0,0,1,56.57,0.00,1149419520,0,0
3.8258,187879424,18.9300,359.39,0,0,1,56.16,0.00,1149419520,0,0
3.8374,187879424,18.9700,345.57,0,0,1,54.00,0.00,1149419520,0,0
3.8484,187879424,19.0100,363.07,0,0,1,56.73,0.00,1149419520,0,0
3.8593,187879424,19.0700,553.51,0,0,1,103.78,0.00,1149419520,0,0
3.8710,187879424,19.0900,169.95,0,0,1,21.24,0.00,1149419520,0,0
3.8820,187879424,19.1000,90.86,0,0,1,11.36,0.00,1149419520,0,0
3.8932,187879424,19.1100,89.75,0,0,1,22.44,0.00,1149419520,0,0
3.9050,187879424,19.1200,84.75,0,0,1,21.19,0.00,1149419520,0,0
3.9160,187879424,19.1300,90.50,0,0,1,11.31,0.00,1149419520,0,0
3.9275,187879424,19.1400,87.45,0,0,1,21.86,0.00,1149419520,0,0
3.9386,187879424,19.1600,179.83,0,0,1,11.24,0.00,1149419520,0,0
3.9496,187879424,19.2300,633.96,0,0,1,113.21,0.00,1149419520,0,0
3.9606,187879424,19.2700,363.79,0,0,1,45.47,0.00,1149419520,0,0
3.9716,187879424,19.3100,364.71,0,0,1,45.59,0.00,1149419520,0,0
3.9825,187879424,19.3500,367.93,0,0,1,45.99,0.00,1149419520,0,0
3.9935,187879424,19.3900,361.79,0,0,1,56.53,0.00,1149419520,0,0
4.0045,187879424,19.4300,363.58,0,0,1,45.45,0.00,1149419520,0,0
4.0153,187879424,19.4700,371.33,0,0,1,46.42,0.00,1149419520,0,0
4.0264,187879424,19.5100,358.43,0,0,1,56.00,0.00,1149419520,0,0
4.0378,187879424,19.5500,353.55,0,0,1,44.19,0.00,1149419520,0,0
4.0487,187879424,19.5900,364.83,0,0,1,45.60,0.00,1149419520,0,0
4.0601,187879424,19.6700,702.91,0,0,1,98.85,0.00,1149419520,0,0
4.0712,187879424,19.7100,359.24,0,0,1,44.91,0.00,1149419520,0,0
4.0822,187879424,19.7500,366.14,0,0,1,45.77,0.00,1149419520,0,0
4.0933,187879424,19.7900,358.02,0,0,1,44.75,0.00,1149419520,0,0
4.1048,187879424,19.8300,348.65,0,0,1,43.58,0.00,1149419520,0,0
4.1158,187879424,19.8700,364.55,0,0,1,45.57,0.00,1149419520,0,0
4.1270,188420096,19.9200,444.05,0,0,1,44.40,0.00,1149419520,0,0
4.1382,188956672,19.9400,179.31,0,0,1,22.41,0.00,1149677568,0,0
4.1493,188956672,20.0100,632.48,0,0,1,112.94,0.00,1149677568,0,0
4.1604,188956672,20.0500,358.50,0,0,1,44.81,0.00,1149677568,0,0
4.1715,188956672,20.0900,361.48,0,0,1,45.19,0.00,1149677568,0,0
4.1824,188956672,20.1300,365.15,0,0,1,57.05,0.00,1149677568,0,0
4.1936,188956672,20.1700,360.13,0,0,1,45.02,0.00,1149677568,0,0
4.2047,188956672,20.2100,359.56,0,0,1,56.18,0.00,1149677568,0,0
4.2157,188956672,20.2500,363.31,0,0,1,45.41,0.00,1149677568,0,0
4.2269,188956672,20.2900,357.85,0,0,1,55.91,0.00,1149677568,0,0
4.2380,188956672,20.3300,359.32,0,0,1,56.14,0.00,1149677568,0,0
4.2491,188956672,20.4100,722.61,0,0,1,112.91,0.00,1149677568,0,0
4.2601,188956672,20.4300,180.83,0,0,1,22.60,0.00,1149677568,0,0
4.2711,188956672,20.4900,547.67,0,0,1,79.87,0.00,1149677568,0,0
4.2820,188956672,20.5300,365.32,0,0,1,45.66,0.00,1149677568,0,0
4.2932,188956672,20.5700,358.78,0,0,1,56.06,0.00,1149677568,0,0
4.3042,188956672,20.6100,362.84,0,0,1,45.36,0.00,1149677568,0,0
4.3154,188956672,20.6500,358.57,0,0,1,44.82,0.00,1149677568,0,0
4.3267,188956672,20.6900,351.65,0,0,1,54.95,0.00,1149677568,0,0
4.3379,188956672,20.7300,359.72,0,0,1,44.96,0.00,1149677568,0,0
4.3489,188956672,20.7700,362.10,0,0,1,101.84,0.00,1149677568,0,0
4.3601,188956672,20.8300,536.62,0,0,1,33.54,0.00,1149677568,0,0
4.3712,188956672,20.8900,540.46,0,0,1,67.56,0.00,1149677568,0,0
4.3821,189227008,20.9200,275.02,0,0,1,22.92,0.00,1149677568,0,0
4.3941,189227008,20.9400,166.53,0,0,1,52.04,0.00,1149935616,0,0
4.4053,189227008,20.9800,355.69,0,0,1,44.46,0.00,1149935616,0,0
4.4164,189227008,21.0200,360.96,0,0,1,45.12,0.00,1149935616,0,0
4.4275,189227008,21.0600,362.10,0,0,1,56.58,0.00,1149935616,0,0
4.4385,189227008,21.1000,363.27,0,0,1,45.41,0.00,1149935616,0,0
4.4496,189227008,21.1800,719.80,0,0,1,112.47,0.00,1149935616,0,0
4.4605,189227008,21.2200,365.43,0,0,1,45.68,0.00,1149935616,0,0
4.4716,189227008,21.2600,362.98,0,0,1,45.37,0.00,1149935616,0,0
4.4828,189227008,21.3000,356.25,0,0,1,44.53,0.00,1149935616,0,0
4.4938,189227008,21.3400,363.40,0,0,1,56.78,0.00,1149935616,0,0
4.5047,189227008,21.3800,366.79,0,0,1,45.85,0.00,1149935616,0,0
4.5155,189227008,21.4200,369.52,0,0,1,46.19,0.00,1149935616,0,0
4.5265,189227008,21.4600,363.55,0,0,1,45.44,0.00,1149935616,0,0
4.5375,189227008,21.5000,364.20,0,0,1,45.53,0.00,1149935616,0,0
4.5485,189227008,21.5400,364.17,0,0,1,56.90,0.00,1149935616,0,0
4.5596,189227008,21.6000,539.30,0,0,1,78.65,0.00,1149935616,0,0
4.5707,189227008,21.6600,541.18,0,0,1,67.65,0.00,1149935616,0,0
4.5816,189227008,21.7000,367.21,0,0,1,57.38,0.00,1149935616,0,0
4.5928,189227008,21.7400,358.52,0,0,1,44.82,0.00,1149935616,0,0
4.6039,189227008,21.7800,358.03,0,0,1,55.94,0.00,1149935616,0,0
4.6148,189227008,21.8200,367.37,0,0,1,45.92,0.00,1149935616,0,0
4.6259,189227008,21.8600,359.90,0,0,1,44.99,0.00,1149935616,0,0
4.6373,189227008,21.9000,353.32,0,0,1,44.16,0.00,1149935616,0,0
4.6482,189227008,21.9400,365.89,0,0,1,57.17,0.00,1149935616,0,0
4.6592,189227008,22.0100,635.69,0,0,1,90.81,0.00,1149935616,0,0
4.6705,189227008,22.0600,442.23,0,0,1,55.28,0.00,1149935616,0,0
4.6814,189227008,22.1000,366.05,0,0,1,45.76,0.00,1149935616,0,0
4.6929,189227008,22.1400,348.94,0,0,1,54.52,0.00,1149935616,0,0
4.7040,189227008,22.1800,361.80,0,0,1,45.23,0.00,1149935616,0,0
4.7149,189227008,22.2200,365.35,0,0,1,57.09,0.00,1149935616,0,0
4.7263,189227008,22.2600,349.95,0,0,1,43.74,0.00,1149935616,0,0
4.7375,189227008,22.3000,358.53,0,0,1,56.02,0.00,1149935616,0,0
4.7486,189227008,22.3400,361.16,0,0,1,45.15,0.00,1149935616,0,0
4.7597,189227008,22.4200,717.13,0,0,1,112.05,0.00,1149935616,0,0
4.7707,189227008,22.4600,365.49,0,0,1,45.69,0.00,1149935616,0,0
4.7816,189227008,22.5000,367.24,0,0,1,45.91,0.00,1149935616,0,0
4.7926,189227008,22.5400,362.18,0,0,1,45.27,0.00,1149935616,0,0
4.8037,189227008,22.5800,359.86,0,0,1,56.23,0.00,1149935616,0,0
4.8146,189227008,22.6300,460.34,0,0,1,46.03,0.00,1149935616,0,0
4.8255,189227008,22.6600,275.77,0,0,1,45.96,0.00,1149935616,0,0
4.8368,189227008,22.7000,352.18,0,0,1,44.02,0.00,1149935616,0,0
4.8477,189227008,22.7400,366.54,0,0,1,45.82,0.00,1149935616,0,0
4.8588,189227008,22.8100,629.99,0,0,1,101.25,0.00,1149935616,0,0
4.8704,189227008,22.8600,434.24,0,0,1,54.28,0.00,1149935616,0,0
4.8812,189227008,22.9000,367.27,0,0,1,45.91,0.00,1149935616,0,0
4.8923,189227008,22.9400,361.50,0,0,1,45.19,0.00,1149935616,0,0
4.9038,189227008,22.9800,348.03,0,0,1,43.50,0.00,1149935616,0,0
4.9148,189227008,23.0200,362.53,0,0,1,45.32,0.00,1149935616,0,0
4.9260,189227008,23.0600,359.36,0,0,1,56.15,0.00,1149935616,0,0
4.9371,189227008,23.1000,359.73,0,0,1,44.97,0.00,1149935616,0,0
4.9479,189227008,23.1400,371.17,0,0,1,58.00,0.00,1149935616,0,0
4.9592,189227008,23.2100,615.05,0,0,1,98.85,0.00,1149935616,0,0
4.9704,189227008,23.2600,447.58,0,0,1,55.95,0.00,1149935616,0,0
4.9813,189227008,23.3000,366.29,0,0,1,45.79,0.00,1149935616,0,0
4.9925,189227008,23.3400,357.81,0,0,1,44.73,0.00,1149935616,0,0
5.0037,189227008,23.3800,356.38,0,0,1,44.55,0.00,1149935616,0,0
5.0147,189227008,23.4200,364.59,0,0,1,34.18,0.00,1149935616,0,0
5.0259,189497344,23.4500,267.24,0,0,1,33.40,0.00,1149935616,0,0
5.0371,190038016,23.4800,267.67,0,0,1,22.31,0.00,1149935616,0,0
5.0515,191389696,23.5300,347.16,0,0,1,78.11,0.00,1150967808,0,0
5.0626,191389696,23.5900,545.11,0,0,1,79.50,0.00,1150967808,0,0
5.0736,191389696,23.6900,908.71,0,0,1,102.23,0.00,1150967808,0,0
5.0844,191389696,23.7600,644.18,0,0,1,80.52,0.00,1150967808,0,0
5.0952,191389696,23.8600,925.66,0,0,1,104.14,0.00,1150967808,0,0
5.1085,191389696,23.9700,830.64,0,0,1,122.71,0.00,1150967808,0,0
5.1205,191389696,24.0800,917.21,0,0,1,114.65,0.00,1150967808,0,0
5.1314,191389696,24.1500,642.73,0,0,1,91.82,0.00,1150967808,0,0
5.1427,191389696,24.2300,704.25,0,0,1,77.03,0.00,1150967808,0,0
5.1536,191389696,24.3200,826.10,0,0,1,103.26,0.00,1150967808,0,0
5.1645,191389696,24.4000,732.58,0,0,1,91.57,0.00,1150967808,0,0
5.1758,191389696,24.4700,623.34,0,0,1,89.05,0.00,1150967808,0,0
5.1961,191389696,24.6900,1079.61,0,0,1,147.22,0.00,1150967808,0,0
5.2152,191389696,24.8300,734.63,0,0,1,104.95,0.00,1150967808,0,0
5.2317,191389696,24.9300,606.81,0,0,1,60.68,0.00,1150967808,0,0
5.2452,191389696,25.0500,888.84,0,0,1,120.36,0.00,1150967808,0,0
5.2623,191389696,25.1500,583.61,0,0,1,65.66,0.00,1150967808,0,0
5.2736,191389696,25.2400,800.19,0,0,1,100.02,0.00,1150967808,0,0
5.2848,191389696,25.3200,710.73,0,0,1,88.84,0.00,1150967808,0,0
5.2967,191389696,25.4000,674.68,0,0,1,84.33,0.00,1150967808,0,0
5.3078,191389696,25.4800,721.33,0,0,1,90.17,0.00,1150967808,0,0
5.3195,191389696,25.6100,1107.43,0,0,1,149.08,0.00,1150967808,0,0
5.3372,191389696,25.7100,563.75,0,0,1,70.47,0.00,1150967808,0,0
5.3482,191389696,25.7900,729.96,0,0,1,91.25,0.00,1150967808,0,0
5.3594,191389696,25.9400,1343.19,0,0,1,179.09,0.00,1150967808,0,0
5.3819,191389696,26.0900,666.19,0,0,1,83.27,0.00,1150967808,0,0
5.3947,191389696,26.1800,700.48,0,0,1,87.56,0.00,1150967808,0,0
5.4056,191389696,26.2500,641.64,0,0,1,91.66,0.00,1150967808,0,0
5.4164,191389696,26.3400,833.19,0,0,1,92.58,0.00,1150967808,0,0
5.4282,191389696,26.4200,678.75,0,0,1,84.84,0.00,1150967808,0,0
5.4396,191389696,26.5700,1316.69,0,0,1,175.56,0.00,1150967808,0,0
5.4504,191389696,26.6400,648.88,0,0,1,92.70,0.00,1150967808,0,0
5.4614,191389696,26.7200,729.84,0,0,1,79.83,0.00,1150967808,0,0
5.4723,191389696,26.7900,642.36,0,0,1,103.24,0.00,1150967808,0,0
5.4832,191389696,26.8800,825.89,0,0,1,91.77,0.00,1150967808,0,0
5.4943,191389696,26.9600,716.99,0,0,1,89.62,0.00,1150967808,0,0
5.5053,191389696,27.0500,819.11,0,0,1,91.01,0.00,1150967808,0,0
5.5161,191389696,27.1300,738.38,0,0,1,92.30,0.00,1150967808,0,0
5.5272,191389696,27.2100,724.31,0,0,1,90.54,0.00,1150967808,0,0
5.5433,191389696,27.3600,933.51,0,0,1,124.47,0.00,1150967808,0,0
5.5604,191389696,27.5100,874.78,0,0,1,116.64,0.00,1150967808,0,0
5.5720,191389696,27.5900,691.79,0,0,1,86.47,0.00,1150967808,0,0
5.5829,191389696,27.6700,728.68,0,0,1,91.08,0.00,1150967808,0,0
5.5939,191389696,27.7500,729.22,0,0,1,91.15,0.00,1150967808,0,0
5.6047,191389696,27.8300,738.94,0,0,1,92.37,0.00,1150967808,0,0
5.6158,191389696,27.9300,904.74,0,0,1,90.47,0.00,1150967808,0,0
5.6362,191389696,28.0500,589.53,0,0,1,92.11,0.00,1150967808,0,0
5.6546,191389696,28.2200,922.16,0,0,1,115.27,0.00,1150967808,0,0
5.6727,191389696,28.3600,773.97,0,0,1,110.57,0.00,1150967808,0,0
5.6847,191389696,28.4600,828.73,0,0,1,82.87,0.00,1150967808,0,0
5.6957,191389696,28.5300,637.27,0,0,1,91.04,0.00,1150967808,0,0
5.7068,191389696,28.6100,723.19,0,0,1,90.40,0.00,1150967808,0,0
5.7180,191389696,28.7000,803.84,0,0,1,89.32,0.00,1150967808,0,0
5.7291,191389696,28.8300,1168.70,0,0,1,157.33,0.00,1150967808,0,0
5.7410,191389696,28.9200,754.41,0,0,1,104.78,0.00,1150967808,0,0
5.7561,191389696,29.0100,595.94,0,0,1,66.22,0.00,1150967808,0,0
5.7672,191389696,29.1000,810.88,0,0,1,90.10,0.00,1150967808,0,0
5.7782,191389696,29.1700,637.00,0,0,1,91.00,0.00,1150967808,0,0
5.7892,191389696,29.3200,1369.34,0,0,1,182.58,0.00,1150967808,0,0
5.8001,191389696,29.3900,641.07,0,0,1,91.58,0.00,1150967808,0,0
5.8141,191389696,29.4800,642.67,0,0,1,71.41,0.00,1150967808,0,0
5.8260,191389696,29.6300,1261.15,0,0,1,168.15,0.00,1150967808,0,0
5.8422,191389696,29.7100,492.80,0,0,1,61.60,0.00,1150967808,0,0
5.8535,191389696,29.7900,711.41,0,0,1,88.93,0.00,1150967808,0,0
5.8660,191389696,29.8800,716.62,0,0,1,79.62,0.00,1150967808,0,0
5.8771,191389696,29.9500,631.46,0,0,1,90.21,0.00,1150967808,0,0
5.8926,191389696,30.1000,970.04,0,0,1,129.34,0.00,1150967808,0,0
5.9036,191389696,30.1800,729.14,0,0,1,91.14,0.00,1150967808,0,0
5.9145,191389696,30.2600,728.26,0,0,1,91.03,0.00,1150967808,0,0
5.9257,191389696,30.3400,720.18,0,0,1,90.02,0.00,1150967808,0,0
5.9373,191389696,30.4200,688.82,0,0,1,86.10,0.00,1150967808,0,0
5.9489,191389696,30.5000,686.58,0,0,1,160.92,0.00,1150967808,0,0
5.9600,191389696,30.6500,1357.40,0,0,1,101.81,0.00,1150967808,0,0
5.9717,191389696,30.7300,683.32,0,0,1,85.42,0.00,1150967808,0,0
5.9829,191389696,30.8100,709.74,0,0,1,88.72,0.00,1150967808,0,0
5.9942,191389696,30.8900,711.86,0,0,1,88.98,0.00,1150967808,0,0
6.0052,191389696,30.9700,726.45,0,0,1,90.81,0.00,1150967808,0,0
6.0171,191389696,31.0600,755.40,0,0,1,83.93,0.00,1150967808,0,0
6.0282,191389696,31.1400,722.79,0,0,1,90.35,0.00,1150967808,0,0
6.0392,191389696,31.2700,1178.90,0,0,1,170.03,0.00,1150967808,0,0
6.0503,191389696,31.3700,905.36,0,0,1,101.85,0.00,1150967808,0,0
6.0612,191389696,31.4400,642.13,0,0,1,91.73,0.00,1150967808,0,0
6.0720,191389696,31.5200,740.31,0,0,1,92.54,0.00,1150967808,0,0
6.0827,191389696,31.5900,654.62,0,0,1,81.83,0.00,1150967808,0,0
6.0934,191389696,31.6900,929.92,0,0,1,104.62,0.00,1150967808,0,0
6.1043,191389696,31.7700,734.93,0,0,1,91.87,0.00,1150967808,0,0
6.1153,191389696,31.8500,723.71,0,0,1,90.46,0.00,1150967808,0,0
6.1263,191389696,31.9300,727.50,0,0,1,90.94,0.00,1150967808,0,0
6.1382,191389696,32.0000,588.57,0,0,1,84.08,0.00,1150967808,0,0
6.1530,191389696,32.1600,1083.78,0,0,1,135.47,0.00,1150967808,0,0
6.1640,191389696,32.2400,726.28,0,0,1,90.79,0.00,1150967808,0,0
6.1751,191389696,32.3200,724.44,0,0,1,90.55,0.00,1150967808,0,0
6.1861,191389696,32.4000,726.84,0,0,1,90.85,0.00,1150967808,0,0
6.1970,191389696,32.4800,730.68,0,0,1,91.33,0.00,1150967808,0,0
6.2080,191389696,32.5700,821.09,0,0,1,91.23,0.00,1150967808,0,0
6.2193,191389696,32.7000,1147.69,0,0,1,165.53,0.00,1150967808,0,0
6.2311,191389696,32.7800,678.83,0,0,1,84.85,0.00,1150967808,0,0
6.2434,191389696,32.8700,728.61,0,0,1,91.08,0.00,1150967808,0,0
6.2545,191389696,32.9500,726.32,0,0,1,90.79,0.00,1150967808,0,0
6.2653,191389696,33.0300,737.58,0,0,1,92.20,0.00,1150967808,0,0
6.2765,191389696,33.1100,712.21,0,0,1,89.03,0.00,1150967808,0,0
6.2874,191389696,33.1900,732.82,0,0,1,91.60,0.00,1150967808,0,0
6.2984,191389696,33.2700,733.56,0,0,1,91.69,0.00,1150967808,0,0
6.3093,191389696,33.4000,1187.58,0,0,1,171.29,0.00,1150967808,0,0
6.3208,191389696,33.5000,868.56,0,0,1,97.71,0.00,1150967808,0,0
6.3317,191389696,33.5800,733.11,0,0,1,91.64,0.00,1150967808,0,0
6.3433,191389696,33.6600,693.96,0,0,1,86.75,0.00,1150967808,0,0
6.3542,191389696,33.7400,734.22,0,0,1,91.78,0.00,1150967808,0,0
6.3651,191389696,33.8200,732.10,0,0,1,91.51,0.00,1150967808,0,0
6.3784,191389696,33.9000,602.57,0,0,1,75.32,0.00,1150967808,0,0
6.3892,191389696,34.0400,1287.73,0,0,1,172.46,0.00,1150967808,0,0
6.4001,191389696,34.1200,738.08,0,0,1,92.26,0.00,1150967808,0,0
6.4109,191389696,34.2200,924.30,0,0,1,103.98,0.00,1150967808,0,0
6.4274,191389696,34.3000,483.72,0,0,1,60.46,0.00,1150967808,0,0
6.4383,191389696,34.3900,828.15,0,0,1,92.02,0.00,1150967808,0,0
6.4493,191389696,34.5100,1086.62,0,0,1,169.78,0.00,1150967808,0,0
6.4604,191389696,34.5800,634.65,0,0,1,90.66,0.00,1150967808,0,0
6.4721,191389696,34.6900,937.43,0,0,1,95.87,0.00,1150967808,0,0
6.4880,191389696,34.7800,567.33,0,0,1,63.04,0.00,1150967808,0,0
6.4990,191389696,34.9200,1268.96,0,0,1,181.28,0.00,1150967808,0,0
6.5100,191389696,34.9800,545.19,0,0,1,68.15,0.00,1150967808,0,0
6.5223,191389696,35.0800,813.36,0,0,1,101.67,0.00,1150967808,0,0
6.5332,191389696,35.1400,550.58,0,0,1,91.76,0.00,1150967808,0,0
6.5442,191389696,35.2400,905.61,0,0,1,90.56,0.00,1150967808,0,0
6.5584,191389696,35.3200,564.89,0,0,1,70.61,0.00,1150967808,0,0
6.5698,191389696,35.4400,1051.10,0,0,1,142.34,0.00,1150967808,0,0
6.5808,191389696,35.5400,907.79,0,0,1,113.47,0.00,1150967808,0,0
6.5920,191389696,35.6300,808.29,0,0,1,101.04,0.00,1150967808,0,0
6.6035,191389696,35.7100,694.76,0,0,1,86.85,0.00,1150967808,0,0
6.6145,191389696,35.7900,727.21,0,0,1,90.90,0.00,1150967808,0,0
6.6298,191389696,35.9300,915.47,0,0,1,122.61,0.00,1150967808,0,0
6.6464,191389696,36.0300,600.02,0,0,1,67.50,0.00,1150967808,0,0
6.6579,191389696,36.1100,700.78,0,0,1,87.60,0.00,1150967808,0,0
6.6696,191389696,36.2400,1110.90,0,0,1,160.23,0.00,1150967808,0,0
6.6807,191389696,36.3200,717.20,0,0,1,89.65,0.00,1150967808,0,0
6.6923,191389696,36.4000,689.15,0,0,1,86.14,0.00,1150967808,0,0
6.7034,191389696,36.5000,905.97,0,0,1,101.92,0.00,1150967808,0,0
6.7181,191389696,36.6400,947.36,0,0,1,126.88,0.00,1150967808,0,0
6.7364,191389696,36.7300,492.74,0,0,1,61.59,0.00,1150967808,0,0
6.7481,191389696,36.8100,685.18,0,0,1,85.65,0.00,1150967808,0,0
6.7593,191389696,36.9300,1073.88,0,0,1,145.42,0.00,1150967808,0,0
6.7704,191389696,37.0300,894.49,0,0,1,111.81,0.00,1150967808,0,0
6.7851,191389696,37.1200,614.86,0,0,1,76.86,0.00,1150967808,0,0
6.7967,191389696,37.2000,687.91,0,0,1,85.99,0.00,1150967808,0,0
6.8077,191389696,37.2900,815.26,0,0,1,90.58,0.00,1150967808,0,0
6.8187,191389696,37.3700,727.66,0,0,1,90.96,0.00,1150967808,0,0
6.8298,191389696,37.5000,1179.42,0,0,1,170.11,0.00,1150967808,0,0
6.8435,191389696,37.6000,725.32,0,0,1,81.60,0.00,1150967808,0,0
6.8544,191389696,37.6800,735.86,0,0,1,91.98,0.00,1150967808,0,0
6.8654,191389696,37.7600,728.32,0,0,1,91.04,0.00,1150967808,0,0
6.8763,191389696,37.8400,731.60,0,0,1,91.45,0.00,1150967808,0,0
6.8873,191389696,37.9200,728.37,0,0,1,91.05,0.00,1150967808,0,0
6.8982,191389696,37.9900,645.98,0,0,1,92.28,0.00,1150967808,0,0
6.9090,191389696,38.0800,827.70,0,0,1,172.44,0.00,1150967808,0,0
6.9199,191389696,38.2000,1108.09,0,0,1,80.80,0.00,1150967808,0,0
6.9307,191389696,38.2900,829.81,0,0,1,103.73,0.00,1150967808,0,0
6.9416,191389696,38.3900,917.65,0,0,1,103.24,0.00,1150967808,0,0
6.9526,191389696,38.4600,638.17,0,0,1,91.17,0.00,1150967808,0,0
6.9634,191389696,38.5500,831.14,0,0,1,92.35,0.00,1150967808,0,0
6.9742,191389696,38.6100,553.85,0,0,1,80.77,0.00,1150967808,0,0
6.9851,191389696,38.7100,921.27,0,0,1,103.64,0.00,1150967808,0,0
6.9960,191389696,38.7900,735.96,0,0,1,91.99,0.00,1150967808,0,0
7.0069,191389696,38.8700,728.01,0,0,1,91.00,0.00,1150967808,0,0
7.0198,191389696,39.0200,1162.85,0,0,1,155.05,0.00,1150967808,0,0
7.0307,191389696,39.1000,736.46,0,0,1,92.06,0.00,1150967808,0,0
7.0450,191389696,39.1800,558.83,0,0,1,69.85,0.00,1150967808,0,0
7.0558,191389696,39.2600,740.83,0,0,1,92.60,0.00,1150967808,0,0
7.0666,191389696,39.3400,744.83,0,0,1,93.10,0.00,1150967808,0,0
7.0774,191389696,39.4200,739.31,0,0,1,92.41,0.00,1150967808,0,0
7.0883,191389696,39.5000,729.68,0,0,1,91.21,0.00,1150967808,0,0
7.0993,191660032,39.6400,1273.29,0,0,1,181.90,0.00,1150967808,0,0
7.1103,191660032,39.7100,636.04,0,0,1,79.51,0.00,1150967808,0,0
7.1213,191660032,39.7800,636.77,0,0,1,79.60,0.00,1150967808,0,0
7.1323,191930368,39.8500,640.40,0,0,1,57.18,0.00,1150967808,0,0
7.1434,191930368,39.9000,447.62,0,0,1,55.95,0.00,1150967808,0,0
7.1545,191930368,39.9500,453.22,0,0,1,45.32,0.00,1150967808,0,0
7.1654,191930368,39.9900,365.51,0,0,1,45.69,0.00,1150967808,0,0
7.1763,191930368,40.0300,366.19,0,0,1,45.77,0.00,1150967808,0,0
7.1871,191930368,40.0700,370.61,0,0,1,46.33,0.00,1150967808,0,0
7.1981,191930368,40.1100,365.19,0,0,1,45.65,0.00,1150967808,0,0
7.2091,191930368,40.1900,724.86,0,0,1,101.93,0.00,1150967808,0,0
7.2201,192200704,40.2300,365.02,0,0,1,22.81,0.00,1150967808,0,0
7.2308,192200704,40.2500,186.95,0,0,1,35.05,0.00,1150967808,0,0
7.2415,192471040,40.2700,185.70,0,0,1,11.61,0.00,1150967808,0,0
7.2523,192471040,40.2800,92.72,0,0,1,23.18,0.00,1150967808,0,0
7.2631,192471040,40.2900,92.74,0,0,1,11.59,0.00,1150967808,0,0
7.2745,192471040,40.3000,87.72,0,0,1,21.93,0.00,1150967808,0,0
7.2858,192471040,40.3100,88.46,0,0,1,11.06,0.00,1150967808,0,0
7.2966,192471040,40.3200,92.67,0,0,1,11.58,0.00,1150967808,0,0
7.3083,192471040,40.3300,85.81,0,0,1,10.73,0.00,1150967808,0,0
7.3200,192471040,40.3500,170.31,0,0,1,42.58,0.00,1150967808,0,0
7.3312,192471040,40.3600,89.61,0,0,1,22.40,0.00,1150967808,0,0
7.3423,192471040,40.3700,89.73,0,0,1,11.22,0.00,1150967808,0,0
7.3535,192471040,40.3800,89.55,0,0,1,22.39,0.00,1150967808,0,0
7.3648,192471040,40.3900,88.23,0,0,1,11.03,0.00,1150967808,0,0
7.3762,192471040,40.4000,87.71,0,0,1,21.93,0.00,1150967808,0,0
7.3874,192471040,40.4100,89.67,0,0,1,11.21,0.00,1150967808,0,0
7.3986,192471040,40.4200,89.20,0,0,1,22.30,0.00,1150967808,0,0
7.4098,193552384,40.4600,355.71,0,0,1,77.81,0.00,1151225856,0,0
7.4207,193552384,40.5000,368.86,0,0,1,46.11,0.00,1151225856,0,0
7.4315,193552384,40.5400,369.39,0,0,1,57.72,0.00,1151225856,0,0
7.4424,193552384,40.5800,365.71,0,0,1,57.14,0.00,1151225856,0,0
7.4533,193552384,40.6200,368.94,0,0,1,46.12,0.00,1151225856,0,0
7.4641,193552384,40.6600,369.74,0,0,1,57.77,0.00,1151225856,0,0
7.4749,193552384,40.7000,368.53,0,0,1,69.10,0.00,1151225856,0,0
7.4859,193552384,40.7400,364.98,0,0,1,57.03,0.00,1151225856,0,0
7.4970,193552384,40.7800,360.53,0,0,1,56.33,0.00,1153318912,0,0
7.5079,193552384,40.8200,368.23,0,0,1,46.03,0.00,1153318912,0,0
7.5186,193552384,40.8600,371.17,0,0,1,57.99,0.00,1153318912,0,0
7.5294,193552384,40.9400,740.77,0,0,1,115.75,0.00,1153318912,0,0
7.5406,193552384,40.9800,359.41,0,0,1,44.93,0.00,1153318912,0,0
7.5518,193552384,41.0200,354.86,0,0,1,44.36,0.00,1153318912,0,0
7.5627,193552384,41.0600,367.83,0,0,1,57.47,0.00,1153318912,0,0
7.5738,193552384,41.1000,359.74,0,0,1,44.97,0.00,1153318912,0,0
7.5849,193552384,41.1400,360.29,0,0,1,45.04,0.00,1153318912,0,0
7.5957,193552384,41.1800,369.95,0,0,1,46.24,0.00,1153318912,0,0
7.6068,193552384,41.2200,362.73,0,0,1,56.68,0.00,1153318912,0,0
7.6182,193552384,41.2600,349.64,0,0,1,43.70,0.00,1153318912,0,0
7.6294,193552384,41.3400,712.76,0,0,1,100.23,0.00,1153318912,0,0
7.6406,193552384,41.3800,357.49,0,0,1,55.86,0.00,1153318912,0,0
7.6523,193552384,41.4200,341.37,0,0,1,42.67,0.00,1153318912,0,0
7.6630,193552384,41.4600,374.48,0,0,1,58.51,0.00,1153318912,0,0
7.6739,193552384,41.5000,366.91,0,0,1,45.86,0.00,1153318912,0,0
7.6849,193552384,41.5400,364.01,0,0,1,56.88,0.00,1153318912,0,0
7.6960,193552384,41.5800,361.73,0,0,1,45.22,0.00,1153318912,0,0
7.7072,193552384,41.6200,355.38,0,0,1,44.42,0.00,1153318912,0,0
7.7183,193552384,41.6600,362.54,0,0,1,56.65,0.00,1153318912,0,0
7.7292,194363392,41.7300,642.13,0,0,1,80.27,0.00,1153576960,0,0
7.7404,194363392,41.7400,89.06,0,0,1,11.13,0.00,1153576960,0,0
7.7516,194904064,41.7600,178.67,0,0,1,55.83,0.00,1154093056,0,0
7.7625,194904064,41.8000,366.35,0,0,1,45.79,0.00,1154093056,0,0
7.7739,194904064,41.8400,351.16,0,0,1,54.87,0.00,1154093056,0,0
7.7852,194904064,41.8800,353.25,0,0,1,55.19,0.00,1154093056,0,0
7.7962,194904064,41.9200,364.47,0,0,1,56.95,0.00,1154093056,0,0
7.8073,194904064,41.9600,361.47,0,0,1,56.48,0.00,1154093056,0,0
7.8183,194904064,42.0000,362.45,0,0,1,45.31,0.00,1154093056,0,0
7.8292,194904064,42.0800,736.13,0,0,1,115.02,0.00,1154093056,0,0
7.8403,194904064,42.1200,358.95,0,0,1,56.09,0.00,1154093056,0,0
7.8518,194904064,42.1600,347.38,0,0,1,43.42,0.00,1154093056,0,0
7.8628,194904064,42.2000,364.98,0,0,1,45.62,0.00,1154093056,0,0
7.8739,194904064,42.2400,361.12,0,0,1,56.42,0.00,1154093056,0,0
7.8849,194904064,42.2800,361.01,0,0,1,45.13,0.00,1154093056,0,0
7.8958,194904064,42.3200,367.38,0,0,1,45.92,0.00,1154093056,0,0
7.9069,194904064,42.3600,359.74,0,0,1,56.21,0.00,1154093056,0,0
7.9180,194904064,42.4000,362.27,0,0,1,45.28,0.00,1154093056,0,0
7.9289,194904064,42.4400,367.87,0,0,1,57.48,0.00,1154093056,0,0
7.9400,194904064,42.5200,715.29,0,0,1,100.59,0.00,1154093056,0,0
7.9514,194904064,42.5600,351.51,0,0,1,54.92,0.00,1154093056,0,0
7.9623,194904064,42.6000,369.07,0,0,1,46.13,0.00,1154093056,0,0
7.9733,194904064,42.6400,361.89,0,0,1,56.55,0.00,1154093056,0,0
7.9849,194904064,42.6800,344.96,0,0,1,43.12,0.00,1154093056,0,0
7.9958,194904064,42.7200,366.15,0,0,1,45.77,0.00,1154093056,0,0
8.0069,194904064,42.7600,360.17,0,0,1,56.28,0.00,1154093056,0,0
8.0184,194904064,42.8000,347.72,0,0,1,43.47,0.00,1154093056,0,0
8.0294,194904064,42.8800,729.00,0,0,1,113.91,0.00,1154093056,0,0
8.0405,194904064,42.9200,360.89,0,0,1,45.11,0.00,1154093056,0,0
8.0514,194904064,42.9600,367.19,0,0,1,57.37,0.00,1154093056,0,0
8.0621,194904064,43.0000,372.99,0,0,1,46.62,0.00,1154093056,0,0
8.0732,194904064,43.0400,361.01,0,0,1,45.13,0.00,1154093056,0,0
8.0846,194904064,43.0800,350.53,0,0,1,43.82,0.00,1154093056,0,0
8.0956,195174400,43.1300,452.99,0,0,1,56.62,0.00,1154351104,0,0
8.1067,195985408,43.1600,271.65,0,0,1,33.96,0.00,1155125248,0,0
8.1181,195985408,43.1800,175.06,0,0,1,54.71,0.00,1155125248,0,0
8.1292,195985408,43.2600,722.27,0,0,1,112.85,0.00,1155125248,0,0
8.1404,195985408,43.3000,357.02,0,0,1,44.63,0.00,1155125248,0,0
8.1513,195985408,43.3400,365.79,0,0,1,45.72,0.00,1155125248,0,0
8.1622,195985408,43.3800,368.15,0,0,1,46.02,0.00,1155125248,0,0
8.1733,195985408,43.4200,359.66,0,0,1,44.96,0.00,1155125248,0,0
8.1846,195985408,43.4600,355.84,0,0,1,44.48,0.00,1155125248,0,0
8.1957,195985408,43.5000,358.40,0,0,1,44.80,0.00,1155125248,0,0
8.2067,195985408,43.5400,364.60,0,0,1,45.57,0.00,1155125248,0,0
8.2178,195985408,43.5800,360.39,0,0,1,56.31,0.00,1155125248,0,0
8.2287,195985408,43.6200,366.42,0,0,1,45.80,0.00,1155125248,0,0
8.2397,195985408,43.7000,729.93,0,0,1,114.05,0.00,1155125248,0,0
8.2510,195985408,43.7400,353.71,0,0,1,55.27,0.00,1155125248,0,0
8.2617,195985408,43.7800,371.42,0,0,1,46.43,0.00,1155125248,0,0
8.2726,195985408,43.8200,369.89,0,0,1,57.79,0.00,1155125248,0,0
8.2840,195985408,43.8600,348.74,0,0,1,43.59,0.00,1155125248,0,0
8.2948,195985408,43.9000,371.49,0,0,1,58.05,0.00,1155125248,0,0
8.3057,195985408,43.9400,367.44,0,0,1,45.93,0.00,1155125248,0,0
8.3170,195985408,43.9800,352.18,0,0,1,55.03,0.00,1155125248,0,0
8.3280,195985408,44.0200,365.61,0,0,1,45.70,0.00,1155125248,0,0
8.3388,195985408,44.0600,368.15,0,0,1,46.02,0.00,1155125248,0,0
8.3501,195985408,44.1400,713.50,0,0,1,111.48,0.00,1155125248,0,0
8.3610,195985408,44.1800,366.09,0,0,1,45.76,0.00,1155125248,0,0
8.3717,195985408,44.2200,372.49,0,0,1,46.56,0.00,1155125248,0,0
8.3829,195985408,44.2600,358.24,0,0,1,55.97,0.00,1155125248,0,0
8.3940,195985408,44.3000,359.69,0,0,1,44.96,0.00,1155125248,0,0
8.4052,195985408,44.3400,357.46,0,0,1,55.85,0.00,1155125248,0,0
8.4162,195985408,44.3800,363.22,0,0,1,45.40,0.00,1155125248,0,0
8.4273,195985408,44.4200,361.10,0,0,1,56.42,0.00,1155125248,0,0
8.4382,195985408,44.4600,365.58,0,0,1,45.70,0.00,1155125248,0,0
8.4491,195985408,44.5400,734.48,0,0,1,114.76,0.00,1155125248,0,0
8.4601,195985408,44.5800,364.79,0,0,1,45.60,0.00,1155125248,0,0
8.4709,195985408,44.6200,369.04,0,0,1,57.66,0.00,1155125248,0,0
8.4817,195985408,44.6600,370.25,0,0,1,46.28,0.00,1155125248,0,0
8.4926,195985408,44.7000,366.53,0,0,1,45.82,0.00,1155125248,0,0
8.5035,195985408,44.7400,367.04,0,0,1,57.35,0.00,1155125248,0,0
8.5144,195985408,44.7800,367.90,0,0,1,45.99,0.00,1155125248,0,0
8.5254,195985408,44.8200,363.13,0,0,1,45.39,0.00,1155125248,0,0
8.5364,195985408,44.8600,365.29,0,0,1,57.08,0.00,1155125248,0,0
8.5473,195985408,44.9000,365.38,0,0,1,45.67,0.00,1155125248,0,0
8.5583,195985408,44.9400,365.76,0,0,1,57.15,0.00,1155125248,0,0
8.5692,195985408,45.0200,729.94,0,0,1,114.05,0.00,1155125248,0,0
8.5801,195985408,45.0600,368.13,0,0,1,46.02,0.00,1155125248,0,0
8.5910,195985408,45.1000,365.50,0,0,1,45.69,0.00,1155125248,0,0
8.6020,195985408,45.1400,364.17,0,0,1,56.90,0.00,1155125248,0,0
8.6131,195985408,45.1800,361.55,0,0,1,45.19,0.00,1155125248,0,0
8.6241,195985408,45.2200,364.01,0,0,1,56.88,0.00,1155125248,0,0
8.6349,195985408,45.2600,368.56,0,0,1,46.07,0.00,1155125248,0,0
8.6457,195985408,45.3000,371.52,0,0,1,58.05,0.00,1155125248,0,0
8.6567,195985408,45.3400,364.81,0,0,1,45.60,0.00,1155125248,0,0
8.6675,195985408,45.3800,369.26,0,0,1,46.16,0.00,1155125248,0,0
8.6782,195985408,45.4200,371.67,0,0,1,58.07,0.00,1155125248,0,0
8.6891,195985408,45.5000,736.51,0,0,1,103.57,0.00,1155125248,0,0
8.7002,195985408,45.5400,360.39,0,0,1,45.05,0.00,1155125248,0,0
8.7109,195985408,45.5800,375.78,0,0,1,58.72,0.00,1155125248,0,0
8.7217,195985408,45.6200,369.50,0,0,1,46.19,0.00,1155125248,0,0
8.7325,195985408,45.6600,371.35,0,0,1,58.02,0.00,1155125248,0,0
8.7431,195985408,45.7000,375.07,0,0,1,46.88,0.00,1155125248,0,0
8.7540,195985408,45.7400,366.53,0,0,1,57.27,0.00,1155125248,0,0
8.7650,195985408,45.7800,363.33,0,0,1,45.42,0.00,1155125248,0,0
8.7761,195985408,45.8200,361.36,0,0,1,56.46,0.00,1155125248,0,0
8.7870,195985408,45.8600,367.88,0,0,1,45.98,0.00,1155125248,0,0
8.7976,195985408,45.9000,375.95,0,0,1,46.99,0.00,1155125248,0,0
8.8086,195985408,45.9400,365.47,0,0,1,57.10,0.00,1155125248,0,0
8.8196,195985408,46.0200,724.64,0,0,1,101.90,0.00,1155125248,0,0
8.8306,195985408,46.0600,365.25,0,0,1,57.07,0.00,1155125248,0,0
8.8417,195985408,46.1500,806.90,0,0,1,89.66,0.00,1155383296,0,0
8.8583,194990080,46.2100,362.15,0,0,1,52.81,0.00,1156157440,0,0
8.8694,193499136,46.3100,901.73,0,0,1,146.53,0.00,1156157440,0,0
8.8802,193499136,46.3500,367.89,0,0,1,57.48,0.00,1156157440,0,0
8.8913,193499136,46.3900,361.82,0,0,1,45.23,0.00,1156157440,0,0
8.9023,193499136,46.4300,363.68,0,0,1,45.46,0.00,1156157440,0,0
8.9131,193499136,46.4700,369.46,0,0,1,46.18,0.00,1156157440,0,0
8.9241,193499136,46.5100,363.73,0,0,1,56.83,0.00,1156157440,0,0
8.9353,193499136,46.5500,358.62,0,0,1,56.03,0.00,1156157440,0,0
8.9463,193499136,46.5900,364.05,0,0,1,45.51,0.00,1156157440,0,0
8.9575,193499136,46.6300,356.59,0,0,1,55.72,0.00,1156157440,0,0
8.9685,193499136,46.6700,361.52,0,0,1,45.19,0.00,1156157440,0,0
8.9797,193499136,46.7500,717.64,0,0,1,112.13,0.00,1156157440,0,0
8.9907,193499136,46.7900,363.11,0,0,1,45.39,0.00,1156157440,0,0
9.0018,193499136,46.8300,361.59,0,0,1,45.20,0.00,1156157440,0,0
9.0126,193499136,46.8700,368.60,0,0,1,57.59,0.00,1156157440,0,0
9.0235,193499136,46.9100,368.04,0,0,1,46.00,0.00,1156157440,0,0
9.0344,193499136,46.9500,366.41,0,0,1,57.25,0.00,1156157440,0,0
9.0453,193499136,46.9900,366.11,0,0,1,45.76,0.00,1156157440,0,0
9.0566,193499136,47.0300,355.54,0,0,1,55.55,0.00,1156157440,0,0
9.0677,193499136,47.0700,360.28,0,0,1,45.04,0.00,1156157440,0,0
9.0787,193499136,47.1100,362.73,0,0,1,56.68,0.00,1156157440,0,0
9.0898,193499136,47.1900,720.71,0,0,1,112.61,0.00,1156157440,0,0
9.1006,193499136,47.2300,371.54,0,0,1,46.44,0.00,1156157440,0,0
9.1115,193499136,47.2700,367.64,0,0,1,57.44,0.00,1156157440,0,0
9.1226,193499136,47.3100,357.87,0,0,1,44.73,0.00,1156157440,0,0
9.1341,193499136,47.3500,349.48,0,0,1,54.61,0.00,1156157440,0,0
9.1449,193499136,47.3900,368.33,0,0,1,46.04,0.00,1156157440,0,0
9.1558,193499136,47.4300,368.09,0,0,1,46.01,0.00,1156157440,0,0
9.1672,193499136,47.4700,352.54,0,0,1,55.08,0.00,1156157440,0,0
9.1782,193499136,47.5100,360.67,0,0,1,45.08,0.00,1156157440,0,0
9.1895,193499136,47.5900,709.06,0,0,1,110.79,0.00,1156157440,0,0
9.2008,193499136,47.6300,355.24,0,0,1,55.51,0.00,1156157440,0,0
9.2115,193499136,47.6700,374.59,0,0,1,46.82,0.00,1156157440,0,0
9.2227,193224704,47.7200,444.06,0,0,1,55.51,0.00,1156673536,0,0
9.2341,193462272,47.7700,440.57,0,0,1,33.04,0.00,1157189632,0,0
9.2450,193048576,47.8100,365.64,0,0,1,22.85,0.00,1157963776,0,0
9.2563,191565824,47.8500,354.80,0,0,1,33.26,0.00,1158221824,0,0
9.2677,191565824,47.8900,351.34,0,0,1,54.90,0.00,1158221824,0,0
9.2786,191565824,47.9400,458.64,0,0,1,80.26,0.00,1158221824,0,0
9.2904,191565824,48.0800,1185.86,0,0,1,158.82,0.00,1158221824,0,0
9.3013,191565824,48.1700,824.00,0,0,1,103.00,0.00,1158221824,0,0
9.3121,191565824,48.2600,833.52,0,0,1,92.61,0.00,1158221824,0,0
9.3244,191565824,48.3300,570.46,0,0,1,81.49,0.00,1158221824,0,0
9.3352,191565824,48.4100,740.99,0,0,1,92.62,0.00,1158221824,0,0
9.3460,191565824,48.4900,736.87,0,0,1,92.11,0.00,1158221824,0,0
9.3569,191565824,48.5700,733.79,0,0,1,91.72,0.00,1158221824,0,0
9.3677,191565824,48.6600,834.31,0,0,1,92.70,0.00,1158221824,0,0
9.3786,191565824,48.7300,642.79,0,0,1,91.83,0.00,1158221824,0,0
9.3896,191565824,48.8600,1182.08,0,0,1,159.13,0.00,1158221824,0,0
9.4005,191565824,48.9600,919.97,0,0,1,115.00,0.00,1158221824,0,0
9.4113,191565824,49.0300,646.18,0,0,1,80.77,0.00,1158221824,0,0
9.4264,191565824,49.1300,661.39,0,0,1,74.41,0.00,1158221824,0,0
9.4379,191565824,49.2700,1215.53,0,0,1,162.79,0.00,1158221824,0,0
9.4599,191565824,49.4200,682.32,0,0,1,90.98,0.00,1158221824,0,0
9.4709,191565824,49.5000,728.00,0,0,1,102.38,0.00,1158221824,0,0
9.4822,191565824,49.5800,706.14,0,0,1,88.27,0.00,1158221824,0,0
9.5038,191565824,49.7500,789.98,0,0,1,92.94,0.00,1158221824,0,0
9.5204,191565824,49.8900,841.40,0,0,1,105.17,0.00,1158221824,0,0
9.5341,191565824,49.9800,658.96,0,0,1,91.52,0.00,1158221824,0,0
9.5450,191565824,50.0600,729.89,0,0,1,91.24,0.00,1158221824,0,0
9.5614,191565824,50.2100,916.88,0,0,1,114.61,0.00,1158221824,0,0
9.5776,191565824,50.3100,614.89,0,0,1,107.61,0.00,1160318976,0,0
9.5938,191565824,50.4600,926.47,0,0,1,84.93,0.00,1158221824,0,0
9.6135,191565824,50.6200,814.85,0,0,1,101.86,0.00,1158221824,0,0
9.6323,191565824,50.7700,797.94,0,0,1,106.39,0.00,1158221824,0,0
9.6502,191565824,50.9200,836.56,0,0,1,111.54,0.00,1158221824,0,0
9.6697,191565824,51.0600,716.23,0,0,1,89.53,0.00,1158221824,0,0
9.6847,191565824,51.1700,737.36,0,0,1,67.03,0.00,1158221824,0,0
9.6959,191565824,51.3200,1332.85,0,0,1,177.71,0.00,1158221824,0,0
9.7236,191565824,51.4700,541.32,0,0,1,72.18,0.00,1158221824,0,0
9.7377,191565824,51.6000,921.82,0,0,1,124.09,0.00,1158221824,0,0
9.7527,191565824,51.7000,667.50,0,0,1,150.19,0.00,1158221824,0,0
9.7799,191565824,51.8700,625.49,0,0,1,59.79,0.00,1158221824,0,0
9.7911,191565824,51.9500,711.89,0,0,1,88.99,0.00,1158221824,0,0
9.8059,191565824,52.0300,541.88,0,0,1,84.67,0.00,1158221824,0,0
9.8169,191565824,52.0900,545.67,0,0,1,90.95,0.00,1158221824,0,0
9.8305,191565824,52.2200,956.52,0,0,1,137.96,0.00,1158221824,0,0
9.8418,191565824,52.2700,442.81,0,0,1,55.35,0.00,1158221824,0,0
9.8529,191565824,52.3800,983.81,0,0,1,122.98,0.00,1158221824,0,0
9.8663,191565824,52.4600,599.80,0,0,1,74.97,0.00,1158221824,0,0
9.8808,191565824,52.6100,1035.57,0,0,1,138.08,0.00,1158221824,0,0
9.8919,191565824,52.6700,538.34,0,0,1,67.29,0.00,1158221824,0,0
9.9039,191565824,52.7800,916.25,0,0,1,104.12,0.00,1158221824,0,0
9.9176,191565824,52.8600,582.79,0,0,1,72.85,0.00,1158221824,0,0
9.9307,191565824,53.0100,1149.23,0,0,1,153.23,0.00,1158221824,0,0
9.9420,191565824,53.0900,708.28,0,0,1,88.53,0.00,1158221824,0,0
9.9531,191565824,53.1600,632.35,0,0,1,90.34,0.00,1158221824,0,0
9.9645,191565824,53.2300,613.43,0,0,1,87.63,0.00,1158221824,0,0
9.9756,191565824,53.3000,627.18,0,0,1,89.60,0.00,1158221824,0,0
9.9867,191565824,53.4000,904.80,0,0,1,90.48,0.00,1158221824,0,0
10.0001,191565824,53.5100,819.48,0,0,1,149.00,0.00,1158221824,0,0
10.0116,191565824,53.5800,608.33,0,0,1,86.90,0.00,1158221824,0,0
10.0231,191565824,53.6600,699.60,0,0,1,87.45,0.00,1158221824,0,0
10.0346,191565824,53.7500,779.72,0,0,1,86.64,0.00,1158221824,0,0
10.0454,191565824,53.8200,650.28,0,0,1,92.90,0.00,1158221824,0,0
10.0587,191565824,53.9100,677.22,0,0,1,75.25,0.00,1158221824,0,0
10.0698,191565824,54.0500,1257.06,0,0,1,179.58,0.00,1158221824,0,0
10.0807,191565824,54.1400,825.45,0,0,1,91.72,0.00,1158221824,0,0
10.0916,191565824,54.2200,730.18,0,0,1,91.27,0.00,1158221824,0,0
10.1026,191565824,54.3000,731.67,0,0,1,91.46,0.00,1158221824,0,0
10.1136,191565824,54.3800,724.78,0,0,1,90.60,0.00,1158221824,0,0
10.1251,191565824,54.4600,698.36,0,0,1,87.29,0.00,1158221824,0,0
10.1361,191565824,54.5400,723.60,0,0,1,90.45,0.00,1158221824,0,0
10.1470,191565824,54.6200,734.53,0,0,1,91.82,0.00,1158221824,0,0
10.1587,191565824,54.7000,684.69,0,0,1,85.59,0.00,1158221824,0,0
10.1697,191565824,54.8400,1273.76,0,0,1,170.59,0.00,1158221824,0,0
10.1806,191565824,54.9300,828.94,0,0,1,103.62,0.00,1158221824,0,0
10.1956,191565824,55.0100,530.23,0,0,1,57.99,0.00,1158221824,0,0
10.2067,191565824,55.1000,812.12,0,0,1,101.52,0.00,1158221824,0,0
10.2179,191565824,55.1700,623.93,0,0,1,89.13,0.00,1158221824,0,0
10.2291,191565824,55.3100,1260.19,0,0,1,180.03,0.00,1158221824,0,0
10.2401,191565824,55.3800,631.08,0,0,1,67.62,0.00,1158221824,0,0
10.2511,191565824,55.4800,909.93,0,0,1,113.74,0.00,1158221824,0,0
10.2620,191565824,55.5600,735.20,0,0,1,91.90,0.00,1158221824,0,0
10.2730,191565824,55.6400,727.87,0,0,1,90.98,0.00,1158221824,0,0
10.2852,191565824,55.7200,653.81,0,0,1,81.73,0.00,1158221824,0,0
10.2961,191565824,55.8000,737.01,0,0,1,92.13,0.00,1158221824,0,0
10.3071,191565824,55.8800,730.39,0,0,1,91.30,0.00,1158221824,0,0
10.3189,191565824,55.9800,841.84,0,0,1,157.84,0.00,1158221824,0,0
10.3401,191565824,56.1800,946.07,0,0,1,94.61,0.00,1158221824,0,0
10.3532,191565824,56.2700,685.67,0,0,1,85.71,0.00,1158221824,0,0
10.3641,191565824,56.3500,730.45,0,0,1,91.31,0.00,1158221824,0,0
10.3752,191565824,56.4300,724.70,0,0,1,90.59,0.00,1158221824,0,0
10.3945,191565824,56.5900,828.03,0,0,1,103.50,0.00,1158221824,0,0
10.4077,191565824,56.6700,605.28,0,0,1,75.66,0.00,1158221824,0,0
10.4187,191565824,56.7400,637.05,0,0,1,91.01,0.00,1158221824,0,0
10.4295,191565824,56.8700,1208.79,0,0,1,162.72,0.00,1158221824,0,0
10.4411,191565824,56.9600,775.36,0,0,1,96.92,0.00,1158221824,0,0
10.4523,191565824,57.0500,805.46,0,0,1,100.68,0.00,1158221824,0,0
10.4630,191565824,57.1300,744.90,0,0,1,93.11,0.00,1158221824,0,0
10.4739,191565824,57.2100,734.68,0,0,1,91.84,0.00,1158221824,0,0
10.4846,191565824,57.2900,743.15,0,0,1,92.89,0.00,1158221824,0,0
10.4954,191565824,57.3700,741.73,0,0,1,92.72,0.00,1158221824,0,0
10.5063,191565824,57.4500,738.30,0,0,1,92.29,0.00,1158221824,0,0
10.5171,191565824,57.5400,829.66,0,0,1,92.18,0.00,1158221824,0,0
10.5279,191565824,57.6200,739.85,0,0,1,92.48,0.00,1158221824,0,0
10.5389,191565824,57.6900,640.78,0,0,1,91.54,0.00,1158221824,0,0
10.5505,191565824,57.8400,1286.02,0,0,1,171.47,0.00,1158221824,0,0
10.5649,191565824,57.9200,556.98,0,0,1,69.62,0.00,1158221824,0,0
10.5758,191565824,58.0000,731.62,0,0,1,91.45,0.00,1158221824,0,0
10.5880,191565824,58.0900,738.39,0,0,1,82.04,0.00,1158221824,0,0
10.5992,191565824,58.2200,1156.34,0,0,1,166.78,0.00,1158221824,0,0
10.6101,191565824,58.2900,644.03,0,0,1,80.50,0.00,1158221824,0,0
10.6251,191565824,58.4000,735.19,0,0,1,83.54,0.00,1158221824,0,0
10.6362,191565824,58.4800,717.73,0,0,1,89.72,0.00,1158221824,0,0
10.6499,191565824,58.6300,1098.65,0,0,1,146.49,0.00,1158221824,0,0
10.6608,191565824,58.7000,642.51,0,0,1,80.31,0.00,1158221824,0,0
10.6723,191565824,58.7900,778.93,0,0,1,97.37,0.00,1158221824,0,0
10.6849,191565824,58.8800,715.41,0,0,1,79.49,0.00,1158221824,0,0
10.6957,191565824,58.9500,645.82,0,0,1,92.26,0.00,1158221824,0,0
10.7084,191565824,59.0300,630.25,0,0,1,78.78,0.00,1158221824,0,0
10.7192,191565824,59.1700,1300.03,0,0,1,174.11,0.00,1158221824,0,0
10.7299,191565824,59.2600,842.16,0,0,1,105.27,0.00,1158221824,0,0
10.7407,191565824,59.3400,740.09,0,0,1,92.51,0.00,1158221824,0,0
10.7515,191565824,59.4100,645.67,0,0,1,80.71,0.00,1158221824,0,0
10.7622,191565824,59.4900,750.32,0,0,1,93.79,0.00,1158221824,0,0
10.7731,191565824,59.5800,828.12,0,0,1,103.52,0.00,1158221824,0,0
10.7839,191565824,59.6700,830.10,0,0,1,92.23,0.00,1158221824,0,0
10.7951,191565824,59.7400,628.69,0,0,1,89.81,0.00,1158221824,0,0
10.8060,191565824,59.8100,640.70,0,0,1,91.53,0.00,1158221824,0,0
10.8170,191565824,59.8800,635.68,0,0,1,90.81,0.00,1158221824,0,0
10.8280,191565824,59.9600,727.43,0,0,1,90.93,0.00,1158221824,0,0
10.8389,191565824,60.0400,733.11,0,0,1,91.64,0.00,1158221824,0,0
10.8496,191565824,60.1900,1395.65,0,0,1,174.46,0.00,1158221824,0,0
10.8604,191565824,60.2800,838.42,0,0,1,104.80,0.00,1158221824,0,0
10.8747,191565824,60.3600,558.60,0,0,1,69.83,0.00,1158221824,0,0
10.8856,191565824,60.4500,828.80,0,0,1,92.09,0.00,1158221824,0,0
10.8963,191565824,60.5200,653.02,0,0,1,93.29,0.00,1158221824,0,0
10.9075,191565824,60.6000,715.32,0,0,1,89.42,0.00,1158221824,0,0
10.9183,191565824,60.6800,739.10,0,0,1,92.39,0.00,1158221824,0,0
10.9289,191565824,60.7600,751.71,0,0,1,93.96,0.00,1158221824,0,0
10.9397,191565824,60.9100,1393.08,0,0,1,185.74,0.00,1158221824,0,0
10.9509,191565824,60.9900,712.43,0,0,1,89.05,0.00,1158221824,0,0
10.9616,191565824,61.0700,749.62,0,0,1,93.70,0.00,1158221824,0,0
10.9724,191565824,61.1500,742.92,0,0,1,92.87,0.00,1158221824,0,0
10.9844,191565824,61.2300,665.36,0,0,1,83.17,0.00,1158221824,0,0
10.9952,191565824,61.3100,743.15,0,0,1,92.89,0.00,1158221824,0,0
11.0061,191565824,61.4000,824.08,0,0,1,91.56,0.00,1158221824,0,0
11.0169,191565824,61.4700,643.95,0,0,1,91.99,0.00,1158221824,0,0
11.0278,191565824,61.5600,832.16,0,0,1,92.46,0.00,1158221824,0,0
11.0386,191565824,61.6300,642.98,0,0,1,91.85,0.00,1158221824,0,0
11.0495,191565824,61.7700,1295.15,0,0,1,173.46,0.00,1158221824,0,0
11.0602,191565824,61.8500,741.91,0,0,1,92.74,0.00,1158221824,0,0
11.0744,191565824,61.9400,635.79,0,0,1,79.47,0.00,1158221824,0,0
11.0855,191565824,62.0200,718.63,0,0,1,89.83,0.00,1158221824,0,0
11.0964,191565824,62.1100,829.63,0,0,1,92.18,0.00,1158221824,0,0
11.1122,191565824,62.2600,949.67,0,0,1,126.62,0.00,1158221824,0,0
11.1296,191565824,62.4100,859.42,0,0,1,114.59,0.00,1158221824,0,0
11.1462,191565824,62.5000,544.39,0,0,1,60.49,0.00,1158221824,0,0
11.1614,191565824,62.6400,918.61,0,0,1,123.03,0.00,1158221824,0,0
11.1787,191565824,62.7400,578.98,0,0,1,65.14,0.00,1158221824,0,0
11.1902,191565824,62.8900,1299.68,0,0,1,173.29,0.00,1158221824,0,0
11.2013,191565824,62.9500,540.04,0,0,1,78.76,0.00,1158221824,0,0
11.2123,191565824,63.0400,819.60,0,0,1,102.45,0.00,1158221824,0,0
11.2288,191565824,63.1300,544.43,0,0,1,60.49,0.00,1158221824,0,0
11.2398,191565824,63.2500,1094.81,0,0,1,148.26,0.00,1158221824,0,0
11.2507,191565824,63.3600,1007.94,0,0,1,125.99,0.00,1158221824,0,0
11.2648,191565824,63.4400,568.71,0,0,1,71.09,0.00,1158221824,0,0
11.2758,191565824,63.5400,906.34,0,0,1,90.63,0.00,1158221824,0,0
11.2874,191565824,63.6100,604.21,0,0,1,86.32,0.00,1158221824,0,0
11.2989,191565824,63.6900,692.43,0,0,1,151.47,0.00,1158221824,0,0
11.3099,191565824,63.8100,1100.59,0,0,1,91.72,0.00,1158221824,0,0
11.3227,191565824,63.9100,780.66,0,0,1,97.58,0.00,1158221824,0,0
11.3337,191565824,63.9900,726.44,0,0,1,90.81,0.00,1158221824,0,0
11.3506,191565824,64.1400,886.60,0,0,1,118.21,0.00,1158221824,0,0
11.3660,191565824,64.2200,517.82,0,0,1,64.73,0.00,1158221824,0,0
11.3770,191565824,64.3000,731.11,0,0,1,91.39,0.00,1158221824,0,0
11.3889,191565824,64.4300,1089.40,0,0,1,157.13,0.00,1158221824,0,0
11.4002,191565824,64.5300,889.41,0,0,1,100.06,0.00,1158221824,0,0
11.4126,191565824,64.6100,643.43,0,0,1,80.43,0.00,1158221824,0,0
11.4236,191565824,64.6900,726.90,0,0,1,90.86,0.00,1158221824,0,0
11.4348,191565824,64.7700,715.68,0,0,1,89.46,0.00,1158221824,0,0
11.4457,191565824,64.8500,730.94,0,0,1,91.37,0.00,1158221824,0,0
11.4566,191565824,64.9300,732.58,0,0,1,91.57,0.00,1158221824,0,0
11.4675,191565824,65.0100,734.84,0,0,1,172.23,0.00,1158221824,0,0
11.4800,191565824,65.1500,1124.40,0,0,1,80.31,0.00,1158221824,0,0
11.4908,191565824,65.2300,737.90,0,0,1,92.24,0.00,1158221824,0,0
11.5016,191565824,65.3200,832.30,0,0,1,104.04,0.00,1158221824,0,0
11.5125,191565824,65.4000,734.35,0,0,1,91.79,0.00,1158221824,0,0
11.5239,191565824,65.4800,705.33,0,0,1,88.17,0.00,1158221824,0,0
11.5347,191565824,65.5600,737.47,0,0,1,92.18,0.00,1158221824,0,0
11.5454,191565824,65.6400,745.61,0,0,1,93.20,0.00,1158221824,0,0
11.5563,191565824,65.7200,734.84,0,0,1,91.86,0.00,1158221824,0,0
11.5672,191565824,65.8000,733.41,0,0,1,91.68,0.00,1158221824,0,0
11.5780,191565824,65.8800,741.61,0,0,1,92.70,0.00,1158221824,0,0
11.5890,191565824,65.9600,732.02,0,0,1,160.13,0.00,1158221824,0,0
11.5998,191565824,66.0900,1196.01,0,0,1,92.00,0.00,1158221824,0,0
11.6107,191565824,66.1800,825.21,0,0,1,103.15,0.00,1158221824,0,0
11.6218,191565824,66.2700,816.52,0,0,1,102.07,0.00,1158221824,0,0
11.6331,191565824,66.3500,707.26,0,0,1,88.41,0.00,1158221824,0,0
11.6451,191565824,66.4300,664.21,0,0,1,83.03,0.00,1158221824,0,0
11.6569,191565824,66.5100,680.24,0,0,1,85.03,0.00,1158221824,0,0
11.6677,191565824,66.5900,736.71,0,0,1,92.09,0.00,1158221824,0,0
11.6785,191565824,66.6700,745.44,0,0,1,93.18,0.00,1158221824,0,0
11.6894,191565824,66.8000,1184.72,0,0,1,170.87,0.00,1158221824,0,0
11.7005,191565824,66.8900,810.15,0,0,1,90.02,0.00,1158221824,0,0
11.7113,191565824,66.9800,838.88,0,0,1,104.86,0.00,1158221824,0,0
11.7222,191565824,67.0600,732.57,0,0,1,91.57,0.00,1158221824,0,0
11.7369,191565824,67.1400,543.12,0,0,1,67.89,0.00,1158221824,0,0
11.7485,191565824,67.2200,691.22,0,0,1,86.40,0.00,1158221824,0,0
11.7594,191565824,67.3700,1380.99,0,0,1,184.13,0.00,1158221824,0,0
11.7715,191565824,67.4500,661.36,0,0,1,82.67,0.00,1158221824,0,0
11.7822,191565824,67.5300,741.40,0,0,1,92.67,0.00,1158221824,0,0
11.7931,191565824,67.6100,736.83,0,0,1,92.10,0.00,1158221824,0,0
11.8090,191565824,67.7300,753.45,0,0,1,109.88,0.00,1158221824,0,0
11.8240,191565824,67.8300,667.99,0,0,1,83.50,0.00,1158221824,0,0
11.8350,191565824,67.9100,728.01,0,0,1,91.00,0.00,1158221824,0,0
11.8458,191565824,67.9900,737.65,0,0,1,92.21,0.00,1158221824,0,0
11.8568,191565824,68.0700,731.24,0,0,1,91.41,0.00,1158221824,0,0
11.8676,191565824,68.1500,738.62,0,0,1,92.33,0.00,1158221824,0,0
11.8784,191565824,68.2400,837.02,0,0,1,93.00,0.00,1158221824,0,0
11.8915,191565824,68.3700,988.76,0,0,1,142.61,0.00,1158221824,0,0
11.9027,191565824,68.4600,803.04,0,0,1,100.38,0.00,1158221824,0,0
11.9136,191565824,68.5400,731.71,0,0,1,91.46,0.00,1158221824,0,0
11.9245,191565824,68.6300,831.07,0,0,1,92.34,0.00,1158221824,0,0
11.9353,191565824,68.7100,739.73,0,0,1,92.47,0.00,1158221824,0,0
11.9461,191565824,68.7900,738.90,0,0,1,92.36,0.00,1158221824,0,0
11.9570,191565824,68.8700,737.84,0,0,1,92.23,0.00,1158221824,0,0
11.9678,191565824,68.9400,648.56,0,0,1,92.65,0.00,1158221824,0,0
11.9786,191565824,69.0300,832.61,0,0,1,92.51,0.00,1158221824,0,0
11.9894,191565824,69.1700,1286.33,0,0,1,183.76,0.00,1158221824,0,0
12.0003,191565824,69.2400,645.69,0,0,1,80.71,0.00,1158221824,0,0
12.0112,191565824,69.3100,642.06,0,0,1,80.26,0.00,1158221824,0,0
12.0226,191565824,69.4200,967.29,0,0,1,109.92,0.00,1158221824,0,0
12.0347,191565824,69.5000,659.40,0,0,1,82.43,0.00,1158221824,0,0
12.0455,191565824,69.5800,742.01,0,0,1,92.75,0.00,1158221824,0,0
12.0565,191565824,69.6600,726.62,0,0,1,90.83,0.00,1158221824,0,0
12.0674,191565824,69.7400,730.63,0,0,1,91.33,0.00,1158221824,0,0
12.0782,191565824,69.8300,834.64,0,0,1,92.74,0.00,1158221824,0,0
12.0890,191565824,69.9000,648.10,0,0,1,162.03,0.00,1158221824,0,0
12.0998,191565824,70.0400,1302.39,0,0,1,104.66,0.00,1158221824,0,0
12.1106,191565824,70.1300,832.46,0,0,1,104.06,0.00,1158221824,0,0
12.1214,191565824,70.2100,739.81,0,0,1,92.48,0.00,1158221824,0,0
12.1322,191565824,70.2900,740.81,0,0,1,92.60,0.00,1158221824,0,0
12.1429,191565824,70.3700,750.55,0,0,1,93.82,0.00,1158221824,0,0
12.1567,191565824,70.4500,575.86,0,0,1,71.98,0.00,1158221824,0,0
12.1676,191565824,70.5300,735.80,0,0,1,91.97,0.00,1158221824,0,0
12.1784,191565824,70.6100,743.91,0,0,1,92.99,0.00,1158221824,0,0
12.1892,191565824,70.7500,1291.67,0,0,1,172.99,0.00,1158221824,0,0
12.1999,191565824,70.8400,838.46,0,0,1,104.81,0.00,1158221824,0,0
12.2106,191565824,70.9100,656.42,0,0,1,93.77,0.00,1158221824,0,0
12.2242,191565824,70.9900,587.95,0,0,1,64.31,0.00,1158221824,0,0
12.2352,191565824,71.0800,822.04,0,0,1,102.75,0.00,1158221824,0,0
12.2461,191565824,71.1600,732.37,0,0,1,91.55,0.00,1158221824,0,0
12.2570,191565824,71.2400,734.62,0,0,1,91.83,0.00,1158221824,0,0
12.2678,191565824,71.3200,737.51,0,0,1,92.19,0.00,1158221824,0,0
12.2786,191565824,71.4000,745.15,0,0,1,93.14,0.00,1158221824,0,0
12.2911,191565824,71.5500,1198.84,0,0,1,159.85,0.00,1158221824,0,0
12.3020,191565824,71.6200,643.31,0,0,1,80.41,0.00,1158221824,0,0
12.3129,191565824,71.7200,917.52,0,0,1,103.22,0.00,1158221824,0,0
12.3244,191565824,71.8000,691.57,0,0,1,86.45,0.00,1158221824,0,0
12.3354,191565824,71.8700,636.07,0,0,1,90.87,0.00,1158221824,0,0
12.3468,191565824,71.9600,789.25,0,0,1,87.69,0.00,1158221824,0,0
12.3578,191565824,72.0400,728.62,0,0,1,91.08,0.00,1158221824,0,0
12.3688,191565824,72.1200,730.51,0,0,1,91.31,0.00,1158221824,0,0
12.3814,191565824,72.2500,1032.36,0,0,1,148.90,0.00,1158221824,0,0
12.3940,191565824,72.3500,788.76,0,0,1,78.88,0.00,1158221824,0,0
12.4050,191565824,72.4200,639.96,0,0,1,91.42,0.00,1158221824,0,0
12.4159,191565824,72.5100,825.31,0,0,1,91.70,0.00,1158221824,0,0
12.4267,191565824,72.5900,737.09,0,0,1,92.14,0.00,1158221824,0,0
12.4380,191565824,72.6700,707.91,0,0,1,88.49,0.00,1158221824,0,0
12.4493,191565824,72.7900,1069.28,0,0,1,144.80,0.00,1158221824,0,0
12.4600,191565824,72.8500,557.19,0,0,1,69.65,0.00,1158221824,0,0
12.4787,191565824,72.9900,748.87,0,0,1,73.55,0.00,1158221824,0,0
12.4906,191565824,73.1100,1012.66,0,0,1,147.68,0.00,1158221824,0,0
12.5015,191565824,73.1800,639.88,0,0,1,79.99,0.00,1158221824,0,0
12.5143,191565824,73.3000,936.94,0,0,1,97.60,0.00,1158221824,0,0
12.5253,191565824,73.3800,728.99,0,0,1,182.25,0.00,1158221824,0,0
12.5453,191565824,73.5300,748.89,0,0,1,49.93,0.00,1158221824,0,0
12.5575,191565824,73.6100,656.54,0,0,1,92.33,0.00,1158221824,0,0
12.5683,191565824,73.6900,739.83,0,0,1,92.48,0.00,1158221824,0,0
12.5791,191565824,73.8200,1208.01,0,0,1,174.23,0.00,1158221824,0,0
12.5899,191565824,73.9100,833.34,0,0,1,104.17,0.00,1158221824,0,0
12.6014,191565824,73.9900,696.94,0,0,1,76.23,0.00,1158221824,0,0
12.6125,191565824,74.0800,804.31,0,0,1,100.54,0.00,1158221824,0,0
12.6234,191565824,74.1600,738.11,0,0,1,92.26,0.00,1158221824,0,0
12.6343,191565824,74.2400,735.89,0,0,1,91.99,0.00,1158221824,0,0
12.6452,191565824,74.3200,731.57,0,0,1,91.45,0.00,1158221824,0,0
12.6561,191565824,74.4000,731.61,0,0,1,91.45,0.00,1158221824,0,0
12.6669,191565824,74.4800,741.29,0,0,1,92.66,0.00,1158221824,0,0
12.6776,191565824,74.5600,750.84,0,0,1,93.86,0.00,1158221824,0,0
12.6883,191565824,74.6400,742.43,0,0,1,92.80,0.00,1158221824,0,0
12.6992,191565824,74.7800,1295.46,0,0,1,173.50,0.00,1158221824,0,0
12.7118,191565824,74.8700,709.48,0,0,1,88.69,0.00,1158221824,0,0
12.7227,191565824,74.9500,738.50,0,0,1,92.31,0.00,1158221824,0,0
12.7335,191565824,75.0300,738.07,0,0,1,92.26,0.00,1158221824,0,0
12.7442,191565824,75.1100,746.44,0,0,1,93.31,0.00,1158221824,0,0
12.7550,191565824,75.1900,744.69,0,0,1,93.09,0.00,1158221824,0,0
12.7657,191565824,75.2700,744.69,0,0,1,93.09,0.00,1158221824,0,0
12.7765,191565824,75.3500,744.02,0,0,1,93.00,0.00,1158221824,0,0
12.7872,191565824,75.4300,743.74,0,0,1,92.97,0.00,1158221824,0,0
12.7979,191565824,75.5200,842.65,0,0,1,93.63,0.00,1158221824,0,0
12.8121,191565824,75.6600,986.91,0,0,1,140.99,0.00,1158221824,0,0
12.8231,191565824,75.7400,727.01,0,0,1,90.88,0.00,1158221824,0,0
12.8340,191565824,75.8200,731.74,0,0,1,91.47,0.00,1158221824,0,0
12.8449,191565824,75.9000,736.58,0,0,1,92.07,0.00,1158221824,0,0
12.8562,191565824,75.9800,709.67,0,0,1,88.71,0.00,1158221824,0,0
12.8670,191565824,76.0600,739.31,0,0,1,92.41,0.00,1158221824,0,0
12.8777,191565824,76.1500,839.36,0,0,1,93.26,0.00,1158221824,0,0
12.8894,191565824,76.2700,1029.23,0,0,1,150.10,0.00,1158221824,0,0
12.9006,191565824,76.3700,892.13,0,0,1,111.52,0.00,1158221824,0,0
12.9115,191565824,76.4500,731.38,0,0,1,91.42,0.00,1158221824,0,0
12.9251,191565824,76.5400,661.97,0,0,1,73.55,0.00,1158221824,0,0
12.9360,191565824,76.6800,1280.55,0,0,1,182.94,0.00,1158221824,0,0
12.9522,191565824,76.7600,493.81,0,0,1,61.73,0.00,1158221824,0,0
12.9634,191565824,76.8400,717.35,0,0,1,89.67,0.00,1158221824,0,0
12.9742,191565824,76.9300,831.37,0,0,1,92.37,0.00,1158221824,0,0
12.9851,191565824,77.0000,645.68,0,0,1,92.24,0.00,1158221824,0,0
13.0009,191565824,77.1600,1007.58,0,0,1,125.95,0.00,1158221824,0,0
13.0118,191565824,77.2300,643.68,0,0,1,91.95,0.00,1158221824,0,0
13.0235,191565824,77.3100,683.39,0,0,1,74.75,0.00,1158221824,0,0
13.0344,191565824,77.3800,643.67,0,0,1,91.95,0.00,1158221824,0,0
13.0452,191565824,77.4700,832.56,0,0,1,104.07,0.00,1158221824,0,0
13.0562,191565824,77.5500,727.11,0,0,1,90.89,0.00,1158221824,0,0
13.0678,191565824,77.6300,689.91,0,0,1,86.24,0.00,1158221824,0,0
13.0787,191565824,77.7200,828.38,0,0,1,92.04,0.00,1158221824,0,0
13.0896,191565824,77.8500,1190.40,0,0,1,171.69,0.00,1158221824,0,0
13.1005,191565824,77.9300,735.46,0,0,1,91.93,0.00,1158221824,0,0
13.1112,191565824,78.0200,836.19,0,0,1,104.52,0.00,1158221824,0,0
13.1220,191565824,78.1000,739.28,0,0,1,92.41,0.00,1158221824,0,0
13.1329,191565824,78.1800,737.85,0,0,1,92.23,0.00,1158221824,0,0
13.1438,191565824,78.2600,735.96,0,0,1,91.99,0.00,1158221824,0,0
13.1551,191565824,78.3400,702.92,0,0,1,87.87,0.00,1158221824,0,0
13.1660,191565824,78.4200,736.57,0,0,1,92.07,0.00,1158221824,0,0
13.1768,191565824,78.5000,742.87,0,0,1,92.86,0.00,1158221824,0,0
13.1876,191565824,78.5800,737.30,0,0,1,92.16,0.00,1158221824,0,0
13.1991,191565824,78.6600,698.54,0,0,1,163.72,0.00,1158221824,0,0
13.2098,191565824,78.8100,1392.84,0,0,1,92.86,0.00,1158221824,0,0
13.2208,191565824,78.8800,638.72,0,0,1,91.25,0.00,1158221824,0,0
13.2317,191565824,78.9600,732.22,0,0,1,91.53,0.00,1158221824,0,0
13.2427,191565824,79.0500,820.92,0,0,1,102.62,0.00,1158221824,0,0
13.2550,191565824,79.1300,650.59,0,0,1,81.32,0.00,1158221824,0,0
13.2659,191565824,79.2100,733.34,0,0,1,91.67,0.00,1158221824,0,0
13.2768,191565824,79.2900,736.20,0,0,1,92.03,0.00,1158221824,0,0
13.2882,191565824,79.3700,696.83,0,0,1,87.10,0.00,1158221824,0,0
13.2991,191565824,79.4500,739.24,0,0,1,173.26,0.00,1158221824,0,0
13.3097,191565824,79.5900,1311.51,0,0,1,93.68,0.00,1158221824,0,0
13.3206,191565824,79.6600,641.73,0,0,1,80.22,0.00,1158221824,0,0
13.3315,191565824,79.7500,830.87,0,0,1,103.86,0.00,1158221824,0,0
13.3422,191565824,79.8300,746.70,0,0,1,93.34,0.00,1158221824,0,0
13.3532,191565824,79.9300,906.75,0,0,1,102.01,0.00,1158221824,0,0
13.3644,191565824,80.0000,624.93,0,0,1,89.28,0.00,1158221824,0,0
13.3754,191565824,80.0900,821.76,0,0,1,91.31,0.00,1158221824,0,0
13.3866,191565824,80.1700,714.70,0,0,1,89.34,0.00,1158221824,0,0
13.3975,191565824,80.3100,1275.71,0,0,1,182.24,0.00,1158221824,0,0
13.4132,191565824,80.3900,509.63,0,0,1,63.70,0.00,1158221824,0,0
13.4245,191565824,80.4800,797.70,0,0,1,88.63,0.00,1158221824,0,0
13.4382,191565824,80.5700,655.85,0,0,1,72.87,0.00,1158221824,0,0
13.4556,191565824,80.7100,806.13,0,0,1,115.16,0.00,1158221824,0,0
13.4678,191565824,80.8000,736.29,0,0,1,81.81,0.00,1158221824,0,0
13.4837,191565824,80.9500,945.79,0,0,1,126.10,0.00,1158221824,0,0
13.4947,191565824,81.0200,636.14,0,0,1,90.88,0.00,1158221824,0,0
13.5086,191565824,81.1000,576.02,0,0,1,72.00,0.00,1158221824,0,0
13.5259,191565824,81.2600,926.10,0,0,1,115.76,0.00,1158221824,0,0
13.5435,191565824,81.4200,908.88,0,0,1,113.61,0.00,1158221824,0,0
13.5619,191565824,81.5700,813.64,0,0,1,108.49,0.00,1158221824,0,0
13.5813,191565824,81.7300,823.08,0,0,1,102.89,0.00,1158221824,0,0
13.5952,191565824,81.8100,578.73,0,0,1,72.34,0.00,1158221824,0,0
13.6063,191565824,81.8900,716.43,0,0,1,89.55,0.00,1158221824,0,0
13.6172,191565824,81.9700,734.86,0,0,1,91.86,0.00,1158221824,0,0
13.6285,191565824,82.0600,799.83,0,0,1,88.87,0.00,1158221824,0,0
13.6396,191565824,82.1900,1168.67,0,0,1,168.56,0.00,1158221824,0,0
13.6505,191565824,82.2700,734.17,0,0,1,91.77,0.00,1158221824,0,0
13.6613,191565824,82.3500,742.45,0,0,1,92.81,0.00,1158221824,0,0
13.6721,191565824,82.4400,827.47,0,0,1,103.43,0.00,1158221824,0,0
13.6830,191565824,82.5300,831.06,0,0,1,92.34,0.00,1158221824,0,0
13.6937,191565824,82.6000,655.53,0,0,1,93.65,0.00,1158221824,0,0
13.7054,191565824,82.6800,678.74,0,0,1,84.84,0.00,1158221824,0,0
13.7163,191565824,82.7600,737.85,0,0,1,92.23,0.00,1158221824,0,0
13.7269,191565824,82.8500,845.66,0,0,1,93.96,0.00,1158221824,0,0
13.7377,191565824,82.9200,649.80,0,0,1,92.83,0.00,1158221824,0,0
13.7485,191565824,83.0000,742.68,0,0,1,92.83,0.00,1158221824,0,0
13.7592,191565824,83.1400,1309.29,0,0,1,187.04,0.00,1158221824,0,0
13.7700,191565824,83.2300,830.77,0,0,1,92.31,0.00,1158221824,0,0
13.7831,191565824,83.3100,608.37,0,0,1,76.05,0.00,1158221824,0,0
13.7940,191565824,83.4000,827.30,0,0,1,91.92,0.00,1158221824,0,0
13.8049,191565824,83.4700,642.84,0,0,1,91.83,0.00,1158221824,0,0
13.8157,191565824,83.5500,743.03,0,0,1,92.88,0.00,1158221824,0,0
13.8264,191565824,83.6300,748.13,0,0,1,93.52,0.00,1158221824,0,0
13.8379,191565824,83.7200,781.17,0,0,1,86.80,0.00,1158221824,0,0
13.8487,191565824,83.8700,1393.42,0,0,1,185.79,0.00,1158221824,0,0
13.8701,191565824,83.9700,465.82,0,0,1,58.23,0.00,1158221824,0,0
13.8866,191565824,84.0800,666.02,0,0,1,60.55,0.00,1158221824,0,0
13.9028,191565824,84.2100,802.96,0,0,1,92.65,0.00,1158221824,0,0
13.9183,191565824,84.3400,839.34,0,0,1,80.71,0.00,1158221824,0,0
13.9342,191565824,84.4600,754.45,0,0,1,94.31,0.00,1158221824,0,0
13.9501,191565824,84.5900,820.61,0,0,1,94.69,0.00,1158221824,0,0
13.9659,191565824,84.7400,944.78,0,0,1,110.22,0.00,1158221824,0,0
13.9869,191565824,84.9100,809.97,0,0,1,95.29,0.00,1158221824,0,0
14.0030,192372736,85.0500,870.39,0,0,1,101.03,0.00,1158995968,0,0
14.0141,188588032,85.1300,721.20,0,0,1,123.96,0.00,1157152768,0,0
14.0248,188588032,85.2000,652.39,0,0,1,81.55,0.00,1157152768,0,0
14.0362,188588032,85.2500,440.20,0,0,1,66.03,0.00,1157152768,0,0
14.0471,188588032,85.3100,550.23,0,0,1,80.24,0.00,1157152768,0,0
14.0580,187580416,85.3900,733.54,0,0,1,80.23,0.00,1157152768,0,0
14.0690,187580416,85.4800,818.84,0,0,1,136.47,0.00,1157152768,0,0
14.0802,187580416,85.5300,447.06,0,0,1,55.88,0.00,1157152768,0,0
14.0910,187580416,85.5800,460.90,0,0,1,57.61,0.00,1157152768,0,0
14.1021,187580416,85.6300,451.58,0,0,1,56.45,0.00,1157152768,0,0
14.1135,187580416,85.6800,437.09,0,0,1,54.64,0.00,1157152768,0,0
14.1250,187580416,85.7300,437.70,0,0,1,65.65,0.00,1157152768,0,0
14.1359,187580416,85.7800,455.57,0,0,1,56.95,0.00,1157152768,0,0
14.1470,187580416,85.8300,454.23,0,0,1,56.78,0.00,1157152768,0,0
14.1579,187580416,85.8800,455.43,0,0,1,68.32,0.00,1157152768,0,0
14.1691,187580416,85.9800,897.92,0,0,1,123.46,0.00,1157152768,0,0
14.1804,187580416,86.0300,441.64,0,0,1,55.20,0.00,1157152768,0,0
14.1912,187580416,86.0800,460.99,0,0,1,57.62,0.00,1157152768,0,0
14.2024,187580416,86.1300,447.27,0,0,1,67.09,0.00,1157152768,0,0
14.2137,187580416,86.1800,442.82,0,0,1,55.35,0.00,1157152768,0,0
14.2246,187580416,86.2300,460.07,0,0,1,57.51,0.00,1157152768,0,0
14.2355,187580416,86.2800,456.32,0,0,1,57.04,0.00,1157152768,0,0
14.2468,187580416,86.3300,445.30,0,0,1,55.66,0.00,1157152768,0,0
14.2577,187580416,86.4000,638.37,0,0,1,68.40,0.00,1157152768,0,0
14.2693,184389632,86.5000,866.94,0,0,1,140.88,0.00,1157152768,0,0
14.2809,184389632,86.5300,257.99,0,0,1,32.25,0.00,1157152768,0,0
14.2917,184389632,86.5600,277.94,0,0,1,34.74,0.00,1157152768,0,0
14.3025,184389632,86.5900,278.32,0,0,1,34.79,0.00,1157152768,0,0
14.3133,184389632,86.6200,276.01,0,0,1,34.50,0.00,1157152768,0,0
14.3241,184389632,86.6600,370.22,0,0,1,34.71,0.00,1157152768,0,0
14.3354,183214080,86.6900,265.90,0,0,1,22.16,0.00,1157152768,0,0
14.3468,183214080,86.7100,175.75,0,0,1,21.97,0.00,1157152768,0,0
14.3577,181755904,86.7500,367.95,0,0,1,80.49,0.00,1156136960,0,0
14.3689,181755904,86.7700,178.70,0,0,1,44.67,0.00,1156136960,0,0
14.3803,182026240,86.7800,87.38,0,0,1,43.69,0.00,1156136960,0,0
14.3912,180416512,86.8400,549.11,0,0,1,57.20,0.00,1156136960,0,0
14.4021,180416512,86.8800,368.65,0,0,1,46.08,0.00,1156136960,0,0
14.4131,180416512,86.9200,361.81,0,0,1,45.23,0.00,1156136960,0,0
14.4238,180416512,86.9600,374.78,0,0,1,46.85,0.00,1156136960,0,0
14.4347,180416512,87.0000,368.88,0,0,1,46.11,0.00,1156136960,0,0
14.4461,180416512,87.0400,349.45,0,0,1,43.68,0.00,1156136960,0,0
14.4571,180416512,87.0800,364.76,0,0,1,45.59,0.00,1156136960,0,0
14.4680,180416512,87.1200,367.18,0,0,1,45.90,0.00,1156136960,0,0
14.4797,180416512,87.2000,683.55,0,0,1,106.81,0.00,1156136960,0,0
14.4906,180416512,87.2400,366.02,0,0,1,45.75,0.00,1156136960,0,0
14.5016,180416512,87.2800,363.98,0,0,1,45.50,0.00,1156136960,0,0
14.5130,180416512,87.3200,349.35,0,0,1,54.59,0.00,1156136960,0,0
14.5239,180416512,87.3600,369.59,0,0,1,46.20,0.00,1156136960,0,0
14.5347,180416512,87.4000,367.54,0,0,1,57.43,0.00,1156136960,0,0
14.5460,180416512,87.4400,353.54,0,0,1,44.19,0.00,1156136960,0,0
14.5569,180416512,87.4800,369.92,0,0,1,46.24,0.00,1156136960,0,0
14.5678,180416512,87.5200,365.75,0,0,1,45.72,0.00,1156136960,0,0
14.5794,180416512,87.6000,691.86,0,0,1,108.10,0.00,1156136960,0,0
14.5901,180416512,87.6400,371.19,0,0,1,46.40,0.00,1156136960,0,0
14.6009,180416512,87.6800,373.18,0,0,1,58.31,0.00,1156136960,0,0
14.6124,180416512,87.7200,346.78,0,0,1,54.18,0.00,1156136960,0,0
14.6235,180416512,87.7600,361.31,0,0,1,56.45,0.00,1156136960,0,0
14.6343,180416512,87.8000,369.77,0,0,1,57.78,0.00,1156136960,0,0
14.6453,180416512,87.8400,362.14,0,0,1,56.58,0.00,1156136960,0,0
14.6562,180416512,87.8800,366.34,0,0,1,45.79,0.00,1156136960,0,0
14.6672,180416512,87.9200,365.91,0,0,1,45.74,0.00,1156136960,0,0
14.6781,180416512,87.9600,367.07,0,0,1,45.88,0.00,1156136960,0,0
14.6890,180416512,88.0000,367.39,0,0,1,114.81,0.00,1156136960,0,0
14.6998,180416512,88.0800,736.69,0,0,1,57.55,0.00,1156136960,0,0
14.7105,180416512,88.1200,374.51,0,0,1,46.81,0.00,1156136960,0,0
14.7213,180416512,88.1600,370.25,0,0,1,46.28,0.00,1156136960,0,0
14.7320,180416512,88.2000,372.51,0,0,1,58.20,0.00,1156136960,0,0
14.7427,180416512,88.2400,375.99,0,0,1,47.00,0.00,1156136960,0,0
14.7534,180416512,88.2800,372.20,0,0,1,58.16,0.00,1156136960,0,0
14.7642,180416512,88.3200,370.54,0,0,1,46.32,0.00,1156136960,0,0
14.7750,180416512,88.3600,370.58,0,0,1,57.90,0.00,1156136960,0,0
14.7859,180416512,88.4000,369.19,0,0,1,46.15,0.00,1156136960,0,0
14.7967,180416512,88.4400,368.97,0,0,1,46.12,0.00,1156136960,0,0
14.8075,180416512,88.4800,370.09,0,0,1,57.83,0.00,1156136960,0,0
14.8186,180416512,88.5200,361.01,0,0,1,45.13,0.00,1156136960,0,0
14.8295,180416512,88.5900,642.02,0,0,1,103.18,0.00,1156136960,0,0
14.8404,180416512,88.6400,458.11,0,0,1,45.81,0.00,1156136960,0,0
14.8512,180416512,88.6800,369.32,0,0,1,46.16,0.00,1156136960,0,0
14.8625,180416512,88.7200,355.50,0,0,1,44.44,0.00,1156136960,0,0
14.8732,180416512,88.7600,372.39,0,0,1,46.55,0.00,1156136960,0,0
14.8842,180416512,88.8000,364.29,0,0,1,56.92,0.00,1156136960,0,0
14.8957,180416512,88.8400,349.37,0,0,1,43.67,0.00,1156136960,0,0
14.9065,180416512,88.8700,277.72,0,0,1,57.86,0.00,1156136960,0,0
14.9173,180416512,88.9100,368.08,0,0,1,46.01,0.00,1156136960,0,0
14.9285,180416512,88.9500,358.58,0,0,1,44.82,0.00,1156136960,0,0
14.9396,180416512,89.0300,720.54,0,0,1,112.58,0.00,1156136960,0,0
14.9505,180416512,89.0700,367.73,0,0,1,57.46,0.00,1156136960,0,0
14.9617,180416512,89.1100,356.20,0,0,1,44.53,0.00,1156136960,0,0
14.9726,180416512,89.1500,368.01,0,0,1,57.50,0.00,1156136960,0,0
14.9835,180416512,89.1900,365.97,0,0,1,45.75,0.00,1156136960,0,0
14.9947,180416512,89.2300,356.20,0,0,1,55.66,0.00,1156136960,0,0
15.0055,180416512,89.2700,370.24,0,0,1,46.28,0.00,1156136960,0,0
15.0165,180416512,89.3100,365.04,0,0,1,57.04,0.00,1156136960,0,0
15.0274,180416512,89.3500,365.61,0,0,1,45.70,0.00,1156136960,0,0
15.0383,180416512,89.3900,368.40,0,0,1,57.56,0.00,1156136960,0,0
15.0491,180416512,89.4300,370.37,0,0,1,115.74,0.00,1156136960,0,0
15.0599,180416512,89.5100,741.52,0,0,1,23.17,0.00,1156112384,0,0
15.0706,180416512,89.5200,93.56,0,0,1,58.48,0.00,1156112384,0,0
15.0813,180416512,89.5600,370.69,0,0,1,46.34,0.00,1156112384,0,0
15.0921,180416512,89.6000,371.68,0,0,1,58.08,0.00,1156112384,0,0
15.1029,180416512,89.6400,369.97,0,0,1,46.25,0.00,1156112384,0,0
15.1137,180416512,89.6800,370.67,0,0,1,46.33,0.00,1156112384,0,0
15.1245,180416512,89.7200,371.54,0,0,1,46.44,0.00,1156112384,0,0
15.1353,180416512,89.7600,369.99,0,0,1,46.25,0.00,1156112384,0,0
15.1462,180416512,89.8000,367.41,0,0,1,45.93,0.00,1156112384,0,0
15.1569,180416512,89.8400,372.01,0,0,1,46.50,0.00,1156112384,0,0
15.1678,180416512,89.8800,367.34,0,0,1,45.92,0.00,1156112384,0,0
15.1790,180416512,89.9200,356.34,0,0,1,100.22,0.00,1156112384,0,0
15.1899,180416512,90.0000,734.72,0,0,1,57.40,0.00,1156112384,0,0
15.2008,180416512,90.0400,367.21,0,0,1,45.90,0.00,1156112384,0,0
15.2122,180416512,90.0800,350.58,0,0,1,43.82,0.00,1156112384,0,0
15.2230,180416512,90.1200,370.09,0,0,1,46.26,0.00,1156112384,0,0
15.2340,180416512,90.1600,366.07,0,0,1,45.76,0.00,1156112384,0,0
15.2454,180416512,90.2000,350.99,0,0,1,43.87,0.00,1156112384,0,0
15.2562,180416512,90.2400,369.78,0,0,1,57.78,0.00,1156112384,0,0
15.2671,180416512,90.2800,367.20,0,0,1,45.90,0.00,1156112384,0,0
15.2787,180416512,90.3200,343.95,0,0,1,42.99,0.00,1156112384,0,0
15.2897,180416512,90.4000,726.80,0,0,1,113.56,0.00,1156112384,0,0
15.3006,180416512,90.4400,368.36,0,0,1,46.04,0.00,1156112384,0,0
15.3118,180416512,90.4800,354.80,0,0,1,55.44,0.00,1156112384,0,0
15.3225,180416512,90.5200,373.82,0,0,1,46.73,0.00,1156112384,0,0
15.3333,180416512,90.5600,370.12,0,0,1,57.83,0.00,1156112384,0,0
15.3441,180416512,90.6000,373.01,0,0,1,46.63,0.00,1156112384,0,0
15.3550,180416512,90.6400,365.75,0,0,1,57.15,0.00,1156112384,0,0
15.3660,180416512,90.6800,363.12,0,0,1,45.39,0.00,1156112384,0,0
15.3769,180416512,90.7200,369.05,0,0,1,46.13,0.00,1156112384,0,0
15.3878,180416512,90.7600,366.54,0,0,1,57.27,0.00,1156112384,0,0
15.3985,180416512,90.8000,373.14,0,0,1,46.64,0.00,1156112384,0,0
15.4095,180416512,90.8800,729.47,0,0,1,102.58,0.00,1156112384,0,0
15.4202,180416512,90.9200,372.29,0,0,1,46.54,0.00,1156112384,0,0
15.4311,180416512,90.9600,368.05,0,0,1,46.01,0.00,1156112384,0,0
15.4420,180416512,91.0000,367.28,0,0,1,45.91,0.00,1156112384,0,0
15.4526,180416512,91.0400,375.59,0,0,1,46.95,0.00,1156112384,0,0
15.4634,180416512,91.0800,369.40,0,0,1,46.18,0.00,1156112384,0,0
15.4743,180416512,91.1200,369.70,0,0,1,46.21,0.00,1156112384,0,0
15.4852,180416512,91.1600,365.23,0,0,1,45.65,0.00,1156112384,0,0
15.4961,180416512,91.2000,368.91,0,0,1,57.64,0.00,1156112384,0,0
15.5068,180416512,91.2400,371.83,0,0,1,46.48,0.00,1156112384,0,0
15.5178,180416512,91.2800,364.70,0,0,1,45.59,0.00,1156112384,0,0
15.5290,180416512,91.3200,357.97,0,0,1,100.68,0.00,1156112384,0,0
15.5399,180416512,91.4000,732.74,0,0,1,45.80,0.00,1156112384,0,0
15.5508,180416512,91.4400,366.65,0,0,1,45.83,0.00,1156112384,0,0
15.5619,180416512,91.4800,359.76,0,0,1,44.97,0.00,1156112384,0,0
15.5726,180416512,91.5200,373.85,0,0,1,46.73,0.00,1156112384,0,0
15.5834,180416512,91.5600,371.06,0,0,1,46.38,0.00,1156112384,0,0
15.5942,180416512,91.6000,370.28,0,0,1,46.28,0.00,1156112384,0,0
15.6050,180416512,91.6400,368.23,0,0,1,57.54,0.00,1156112384,0,0
15.6159,180416512,91.6800,368.99,0,0,1,46.12,0.00,1156112384,0,0
15.6268,180416512,91.7200,366.91,0,0,1,45.86,0.00,1156112384,0,0
15.6378,180416512,91.7600,362.93,0,0,1,45.37,0.00,1156112384,0,0
15.6487,180416512,91.8000,367.24,0,0,1,45.91,0.00,1156112384,0,0
15.6597,180416512,91.8800,728.03,0,0,1,102.38,0.00,1156112384,0,0
15.6704,180416512,91.9200,374.67,0,0,1,46.83,0.00,1156112384,0,0
15.6813,180416512,91.9600,365.22,0,0,1,45.65,0.00,1156112384,0,0
15.6925,180416512,92.0000,358.62,0,0,1,44.83,0.00,1156112384,0,0
15.7035,180416512,92.0400,362.27,0,0,1,45.28,0.00,1156112384,0,0
15.7145,180416512,92.0800,364.01,0,0,1,45.50,0.00,1156112384,0,0
15.7254,180416512,92.1200,366.13,0,0,1,45.77,0.00,1156112384,0,0
15.7364,180416512,92.1600,364.05,0,0,1,45.51,0.00,1156112384,0,0
15.7474,180416512,92.2000,363.96,0,0,1,34.12,0.00,1156112384,0,0
15.7585,180416512,92.2300,270.33,0,0,1,33.79,0.00,1156112384,0,0
15.7693,180686848,92.2800,464.48,0,0,1,58.06,0.00,1156112384,0,0
15.7804,180764672,92.3100,270.56,0,0,1,45.09,0.00,1156112384,0,0
15.7914,180764672,92.3500,362.18,0,0,1,45.27,0.00,1156112384,0,0
15.8024,180764672,92.3900,364.51,0,0,1,45.56,0.00,1156112384,0,0
15.8134,180764672,92.4300,362.96,0,0,1,56.71,0.00,1156112384,0,0
15.8244,180764672,92.4700,364.67,0,0,1,45.58,0.00,1156112384,0,0
15.8353,180764672,92.5100,365.68,0,0,1,45.71,0.00,1156112384,0,0
15.8463,180764672,92.5500,362.96,0,0,1,45.37,0.00,1156112384,0,0
15.8573,180764672,92.5900,363.16,0,0,1,45.39,0.00,1156112384,0,0
15.8683,180764672,92.6300,365.24,0,0,1,45.65,0.00,1156112384,0,0
15.8795,180764672,92.7100,715.96,0,0,1,89.50,0.00,1156112384,0,0
15.8905,180764672,92.7500,361.65,0,0,1,45.21,0.00,1156112384,0,0
15.9015,180764672,92.7900,363.66,0,0,1,45.46,0.00,1156112384,0,0
15.9123,180764672,92.8300,370.53,0,0,1,46.32,0.00,1156112384,0,0
15.9232,180764672,92.8700,367.99,0,0,1,46.00,0.00,1156112384,0,0
15.9343,180764672,92.9100,361.59,0,0,1,45.20,0.00,1156112384,0,0
15.9456,180764672,92.9500,351.26,0,0,1,43.91,0.00,1156112384,0,0
15.9563,180764672,92.9900,373.54,0,0,1,46.69,0.00,1156112384,0,0
15.9674,180764672,93.0300,363.00,0,0,1,45.37,0.00,1156112384,0,0
15.9787,180764672,93.0700,353.60,0,0,1,44.20,0.00,1156112384,0,0
15.9897,180764672,93.1500,723.31,0,0,1,101.72,0.00,1156112384,0,0
16.0007,180764672,93.1900,363.49,0,0,1,45.44,0.00,1156112384,0,0
16.0121,180764672,93.2300,350.91,0,0,1,43.86,0.00,1156112384,0,0
16.0228,180764672,93.2700,375.66,0,0,1,46.96,0.00,1156112384,0,0
16.0338,180764672,93.3100,363.55,0,0,1,45.44,0.00,1156112384,0,0
16.0453,180764672,93.3500,348.78,0,0,1,43.60,0.00,1156112384,0,0
16.0563,180764672,93.3900,361.17,0,0,1,45.15,0.00,1156112384,0,0
16.0675,180764672,93.4300,359.65,0,0,1,44.96,0.00,1156112384,0,0
16.0786,180764672,93.4700,357.78,0,0,1,44.72,0.00,1156112384,0,0
16.0894,180764672,93.5500,741.40,0,0,1,92.67,0.00,1156112384,0,0
16.1003,180764672,93.5900,367.11,0,0,1,45.89,0.00,1156112384,0,0
16.1117,180764672,93.6300,350.36,0,0,1,43.79,0.00,1156112384,0,0
16.1225,180764672,93.6700,370.16,0,0,1,46.27,0.00,1156112384,0,0
16.1332,180764672,93.7100,375.72,0,0,1,46.97,0.00,1156112384,0,0
16.1446,180764672,93.7500,351.29,0,0,1,43.91,0.00,1156112384,0,0
16.1554,180764672,93.7900,370.57,0,0,1,46.32,0.00,1156112384,0,0
16.1661,180764672,93.8300,371.36,0,0,1,46.42,0.00,1156112384,0,0
16.1770,180764672,93.8700,369.30,0,0,1,46.16,0.00,1156112384,0,0
16.1877,180764672,93.9100,371.38,0,0,1,46.42,0.00,1156112384,0,0
16.1986,180764672,93.9500,370.08,0,0,1,46.26,0.00,1156112384,0,0
16.2097,180764672,94.0300,718.73,0,0,1,101.07,0.00,1156112384,0,0
16.2206,180764672,94.0700,368.19,0,0,1,46.02,0.00,1156112384,0,0
16.2314,180764672,94.1100,369.76,0,0,1,46.22,0.00,1156112384,0,0
16.2421,180764672,94.1500,371.03,0,0,1,46.38,0.00,1156112384,0,0
16.2531,180764672,94.1900,366.30,0,0,1,45.79,0.00,1156112384,0,0
16.2640,180764672,94.2300,365.57,0,0,1,45.70,0.00,1156112384,0,0
16.2749,180764672,94.2700,366.55,0,0,1,45.82,0.00,1156112384,0,0
16.2858,180764672,94.3100,366.20,0,0,1,45.78,0.00,1156112384,0,0
16.2966,180764672,94.3500,371.78,0,0,1,46.47,0.00,1156112384,0,0
16.3075,180764672,94.3900,366.25,0,0,1,45.78,0.00,1156112384,0,0
16.3186,180764672,94.4300,362.44,0,0,1,45.31,0.00,1156112384,0,0
16.3296,180764672,94.5100,727.24,0,0,1,102.27,0.00,1156112384,0,0
16.3404,180764672,94.5500,367.65,0,0,1,45.96,0.00,1156112384,0,0
16.3514,180764672,94.5900,363.68,0,0,1,45.46,0.00,1156112384,0,0
16.3623,180764672,94.6300,367.65,0,0,1,45.96,0.00,1156112384,0,0
16.3732,180764672,94.6700,369.30,0,0,1,46.16,0.00,1156112384,0,0
16.3843,180764672,94.7100,360.45,0,0,1,45.06,0.00,1156112384,0,0
16.3955,180764672,94.7500,356.88,0,0,1,44.61,0.00,1156112384,0,0
16.4065,180764672,94.7900,360.81,0,0,1,45.10,0.00,1156112384,0,0
16.4176,180764672,94.8300,361.28,0,0,1,45.16,0.00,1156112384,0,0
16.4285,180764672,94.8700,367.92,0,0,1,45.99,0.00,1156112384,0,0
16.4392,180764672,94.9500,744.24,0,0,1,104.66,0.00,1156112384,0,0
16.4502,180764672,94.9900,364.41,0,0,1,45.55,0.00,1156112384,0,0
16.4616,180764672,95.0300,351.52,0,0,1,43.94,0.00,1156112384,0,0
16.4727,180764672,95.0700,361.70,0,0,1,45.21,0.00,1156112384,0,0
16.4840,180764672,95.1100,352.55,0,0,1,44.07,0.00,1156112384,0,0
16.4951,180764672,95.1500,359.17,0,0,1,44.90,0.00,1156112384,0,0
16.5062,180764672,95.1900,361.69,0,0,1,45.21,0.00,1156112384,0,0
16.5172,180764672,95.2300,363.99,0,0,1,45.50,0.00,1156112384,0,0
16.5282,180764672,95.2700,363.30,0,0,1,45.41,0.00,1156112384,0,0
16.5390,180764672,95.3100,370.48,0,0,1,104.20,0.00,1156112384,0,0
16.5500,180764672,95.3900,727.52,0,0,1,45.47,0.00,1156112384,0,0
16.5611,180764672,95.4300,358.85,0,0,1,44.86,0.00,1156112384,0,0
16.5720,180764672,95.4700,368.37,0,0,1,46.05,0.00,1156112384,0,0
16.5828,180764672,95.5100,369.23,0,0,1,46.15,0.00,1156112384,0,0
16.5939,180764672,95.5500,361.67,0,0,1,45.21,0.00,1156112384,0,0
16.6047,180764672,95.5900,369.67,0,0,1,46.21,0.00,1156112384,0,0
16.6154,180764672,95.6300,374.35,0,0,1,46.79,0.00,1156112384,0,0
16.6262,180764672,95.6700,371.39,0,0,1,46.42,0.00,1156112384,0,0
16.6370,180764672,95.7100,369.89,0,0,1,46.24,0.00,1156112384,0,0
16.6478,180764672,95.7500,368.42,0,0,1,46.05,0.00,1156112384,0,0
16.6588,180764672,95.7900,365.94,0,0,1,45.74,0.00,1156112384,0,0
16.6696,180764672,95.8700,739.03,0,0,1,103.93,0.00,1156112384,0,0
16.6803,180764672,95.9100,373.61,0,0,1,46.70,0.00,1156112384,0,0
16.6913,180764672,95.9500,363.81,0,0,1,45.48,0.00,1156112384,0,0
16.7022,180764672,95.9900,367.92,0,0,1,45.99,0.00,1156112384,0,0
16.7131,180764672,96.0300,367.36,0,0,1,45.92,0.00,1156112384,0,0
16.7239,180764672,96.0700,369.30,0,0,1,46.16,0.00,1156112384,0,0
16.7347,180764672,96.1100,368.87,0,0,1,46.11,0.00,1156112384,0,0
16.7455,180764672,96.1500,372.79,0,0,1,46.60,0.00,1156112384,0,0
16.7561,180764672,96.1900,374.27,0,0,1,46.78,0.00,1156112384,0,0
16.7673,180764672,96.2300,358.88,0,0,1,44.86,0.00,1156112384,0,0
16.7784,180764672,96.2700,361.32,0,0,1,45.17,0.00,1156112384,0,0
16.7892,180764672,96.3500,738.53,0,0,1,103.86,0.00,1156112384,0,0
16.8002,180764672,96.3900,362.55,0,0,1,45.32,0.00,1156112384,0,0
16.8117,180764672,96.4300,349.60,0,0,1,43.70,0.00,1156112384,0,0
16.8225,180764672,96.4700,369.36,0,0,1,46.17,0.00,1156112384,0,0
16.8336,180764672,96.5100,361.24,0,0,1,45.16,0.00,1156112384,0,0
16.8447,180764672,96.5500,360.05,0,0,1,45.01,0.00,1156112384,0,0
16.8555,180764672,96.5900,370.98,0,0,1,46.37,0.00,1156112384,0,0
16.8665,180764672,96.6300,362.91,0,0,1,45.36,0.00,1156112384,0,0
16.8779,180764672,96.6700,349.84,0,0,1,43.73,0.00,1156112384,0,0
16.8888,180764672,96.7100,366.24,0,0,1,45.78,0.00,1156112384,0,0
16.8999,180764672,96.7900,723.40,0,0,1,101.73,0.00,1156112384,0,0
16.9108,180764672,96.8300,367.38,0,0,1,45.92,0.00,1156112384,0,0
16.9218,180764672,96.8700,364.67,0,0,1,45.58,0.00,1156112384,0,0
16.9326,180764672,96.9100,367.25,0,0,1,45.91,0.00,1156112384,0,0
16.9444,180764672,96.9500,341.46,0,0,1,42.68,0.00,1156112384,0,0
16.9552,180764672,96.9900,367.78,0,0,1,45.97,0.00,1156112384,0,0
16.9660,180764672,97.0300,370.11,0,0,1,46.26,0.00,1156112384,0,0
16.9774,180764672,97.0700,351.56,0,0,1,43.95,0.00,1156112384,0,0
16.9882,180764672,97.1100,369.41,0,0,1,46.18,0.00,1156112384,0,0
16.9991,180764672,97.1900,738.25,0,0,1,103.82,0.00,1156112384,0,0
17.0105,180764672,97.2300,351.16,0,0,1,43.89,0.00,1156112384,0,0
17.0213,180764672,97.2700,371.26,0,0,1,46.41,0.00,1156112384,0,0
17.0320,180764672,97.3100,371.09,0,0,1,46.39,0.00,1156112384,0,0
17.0428,180764672,97.3500,371.95,0,0,1,46.49,0.00,1156112384,0,0
17.0534,180764672,97.3900,375.64,0,0,1,46.95,0.00,1156112384,0,0
17.0640,180764672,97.4300,376.77,0,0,1,47.10,0.00,1156112384,0,0
17.0748,180764672,97.4700,371.73,0,0,1,46.47,0.00,1156112384,0,0
17.0858,180764672,97.5100,364.13,0,0,1,45.52,0.00,1156112384,0,0
17.0967,180764672,97.5500,365.79,0,0,1,45.72,0.00,1156112384,0,0
17.1076,180764672,97.5900,368.24,0,0,1,46.03,0.00,1156112384,0,0
17.1188,180764672,97.6300,358.12,0,0,1,44.76,0.00,1156112384,0,0
17.1296,180764672,97.7100,737.34,0,0,1,103.69,0.00,1156112384,0,0
17.1404,180764672,97.7500,371.32,0,0,1,46.41,0.00,1156112384,0,0
17.1512,180764672,97.7900,370.97,0,0,1,46.37,0.00,1156112384,0,0
17.1619,180764672,97.8300,372.19,0,0,1,46.52,0.00,1156112384,0,0
17.1727,180764672,97.8700,371.00,0,0,1,46.37,0.00,1156112384,0,0
17.1838,180764672,97.9100,361.49,0,0,1,45.19,0.00,1156112384,0,0
17.1946,180764672,97.9500,369.14,0,0,1,46.14,0.00,1156112384,0,0
17.2054,180764672,97.9900,368.68,0,0,1,46.08,0.00,1156112384,0,0
17.2165,180764672,98.0300,362.58,0,0,1,45.32,0.00,1156112384,0,0
17.2277,180764672,98.0700,354.94,0,0,1,44.37,0.00,1156112384,0,0
17.2388,180764672,98.1100,361.75,0,0,1,101.74,0.00,1156112384,0,0
17.2501,180764672,98.1900,711.26,0,0,1,44.45,0.00,1156112384,0,0
17.2609,180764672,98.2300,367.88,0,0,1,45.99,0.00,1156112384,0,0
17.2716,180764672,98.2700,375.51,0,0,1,46.94,0.00,1156112384,0,0
17.2828,180764672,98.3100,355.46,0,0,1,44.43,0.00,1156112384,0,0
17.2943,180764672,98.3500,347.69,0,0,1,43.46,0.00,1156112384,0,0
17.3053,180764672,98.3900,364.54,0,0,1,45.57,0.00,1156112384,0,0
17.3165,180764672,98.4300,357.77,0,0,1,44.72,0.00,1156112384,0,0
17.3278,180764672,98.4700,353.46,0,0,1,44.18,0.00,1156112384,0,0
17.3386,180764672,98.5100,369.38,0,0,1,46.17,0.00,1156112384,0,0
17.3496,180764672,98.5900,731.36,0,0,1,102.85,0.00,1156112384,0,0
17.3608,180764672,98.6300,357.44,0,0,1,44.68,0.00,1156112384,0,0
17.3716,180764672,98.6700,370.32,0,0,1,46.29,0.00,1156112384,0,0
17.3822,180764672,98.7100,376.75,0,0,1,58.87,0.00,1156112384,0,0
17.3936,180764672,98.7500,351.25,0,0,1,43.91,0.00,1156112384,0,0
17.4043,180764672,98.7900,371.11,0,0,1,46.39,0.00,1156112384,0,0
17.4152,180764672,98.8300,369.73,0,0,1,46.22,0.00,1156112384,0,0
17.4263,180764672,98.8700,359.04,0,0,1,44.88,0.00,1156112384,0,0
17.4371,180764672,98.9100,371.40,0,0,1,46.43,0.00,1156112384,0,0
17.4479,180764672,98.9500,368.51,0,0,1,46.06,0.00,1156112384,0,0
17.4589,180764672,98.9900,366.20,0,0,1,102.99,0.00,1156112384,0,0
17.4699,180764672,99.0700,726.68,0,0,1,45.42,0.00,1156112384,0,0
17.4807,180764672,99.1100,370.30,0,0,1,46.29,0.00,1156112384,0,0
17.4914,180764672,99.1500,373.01,0,0,1,46.63,0.00,1156112384,0,0
17.5026,180764672,99.1900,355.30,0,0,1,44.41,0.00,1156112384,0,0
17.5138,180764672,99.2300,359.89,0,0,1,44.99,0.00,1156112384,0,0
17.5246,180764672,99.2700,367.74,0,0,1,45.97,0.00,1156112384,0,0
17.5355,180764672,99.3100,367.14,0,0,1,45.89,0.00,1156112384,0,0
17.5464,180764672,99.3500,367.88,0,0,1,45.99,0.00,1156112384,0,0
17.5573,180764672,99.3900,366.57,0,0,1,45.82,0.00,1156112384,0,0
17.5680,180764672,99.4300,374.44,0,0,1,46.81,0.00,1156112384,0,0
17.5788,180764672,99.4700,371.72,0,0,1,58.08,0.00,1156112384,0,0
17.5895,180764672,99.5500,743.84,0,0,1,104.60,0.00,1156112384,0,0
17.6002,180764672,99.5900,374.27,0,0,1,46.78,0.00,1156112384,0,0
17.6110,180764672,99.6300,370.85,0,0,1,46.36,0.00,1156112384,0,0
17.6218,180764672,99.6700,369.79,0,0,1,46.22,0.00,1156112384,0,0
17.6328,180764672,99.7100,364.54,0,0,1,45.57,0.00,1156112384,0,0
17.6440,180764672,99.7500,357.10,0,0,1,44.64,0.00,1156112384,0,0
17.6548,180764672,99.7900,370.59,0,0,1,46.32,0.00,1156112384,0,0
17.6654,180764672,99.8300,374.76,0,0,1,46.84,0.00,1156112384,0,0
17.6769,180764672,99.8700,349.54,0,0,1,43.69,0.00,1156112384,0,0
17.6877,180764672,99.9100,370.22,0,0,1,46.28,0.00,1156112384,0,0
17.6986,180764672,99.9500,366.18,0,0,1,91.54,0.00,1156112384,0,0
17.7115,180764672,100.0300,622.56,0,0,1,48.64,0.00,1156112384,0,0
17.7223,180764672,100.0700,369.73,0,0,1,46.22,0.00,1156112384,0,0
17.7332,180764672,100.1100,365.74,0,0,1,45.72,0.00,1156112384,0,0
17.7444,180764672,100.1500,358.18,0,0,1,44.77,0.00,1156112384,0,0
17.7553,180764672,100.1900,367.25,0,0,1,45.91,0.00,1156112384,0,0
17.7663,180764672,100.2300,361.98,0,0,1,45.25,0.00,1156112384,0,0
17.7777,180764672,100.2700,351.31,0,0,1,43.91,0.00,1156112384,0,0
17.7885,180764672,100.3100,370.91,0,0,1,46.36,0.00,1156112384,0,0
17.7995,180764672,100.3900,728.41,0,0,1,91.05,0.00,1156112384,0,0
17.8109,180764672,100.4300,349.33,0,0,1,43.67,0.00,1156112384,0,0
17.8217,180764672,100.4700,370.94,0,0,1,46.37,0.00,1156112384,0,0
17.8326,180764672,100.5100,368.68,0,0,1,46.08,0.00,1156112384,0,0
17.8438,180764672,100.5600,443.72,0,0,1,44.37,0.00,1156112384,0,0
17.8546,181035008,100.5800,185.62,0,0,1,23.20,0.00,1156112384,0,0
17.8656,181035008,100.6000,182.29,0,0,1,22.79,0.00,1156112384,0,0
17.8777,181035008,100.6300,246.71,0,0,1,20.56,0.00,1156112384,0,0
17.8887,181035008,100.6400,91.44,0,0,1,11.43,0.00,1156112384,0,0
17.8998,181846016,100.6600,179.82,0,0,1,33.72,0.00,1156370432,0,0
17.9115,183468032,100.6800,170.99,0,0,1,21.37,0.00,1157144576,0,0
17.9225,185352192,100.6900,91.00,0,0,1,0.00,0.00,1158434816,0,0
17.9334,185352192,100.7400,456.66,0,0,1,68.50,0.00,1158434816,0,0
17.9474,185352192,100.8500,786.20,0,0,1,80.41,0.00,1158692864,0,0
17.9585,185352192,100.9200,635.11,0,0,1,90.73,0.00,1158692864,0,0
17.9695,185352192,101.0400,1090.87,0,0,1,159.09,0.00,1158692864,0,0
17.9859,185352192,101.1400,609.45,0,0,1,76.18,0.00,1158692864,0,0
17.9968,185352192,101.2700,1187.48,0,0,1,159.85,0.00,1158692864,0,0
18.0118,185352192,101.3800,733.85,0,0,1,83.39,0.00,1158692864,0,0
18.0228,185352192,101.4500,638.29,0,0,1,91.18,0.00,1158692864,0,0
18.0382,185352192,101.5400,582.65,0,0,1,64.74,0.00,1158692864,0,0
18.0494,185352192,101.6400,890.83,0,0,1,122.49,0.00,1158692864,0,0
18.0609,185352192,101.7700,1134.04,0,0,1,141.76,0.00,1158692864,0,0
18.0718,185352192,101.8500,734.96,0,0,1,91.87,0.00,1158692864,0,0
18.0829,185352192,101.9300,718.33,0,0,1,89.79,0.00,1158692864,0,0
18.0938,185352192,102.0000,641.70,0,0,1,91.67,0.00,1158692864,0,0
18.1078,185352192,102.1000,713.54,0,0,1,71.35,0.00,1158692864,0,0
18.1187,185352192,102.1700,644.65,0,0,1,92.09,0.00,1158692864,0,0
18.1295,185352192,102.3000,1205.39,0,0,1,173.85,0.00,1158692864,0,0
18.1403,185352192,102.3800,737.50,0,0,1,92.19,0.00,1158692864,0,0
18.1511,185352192,102.4800,930.53,0,0,1,104.68,0.00,1158692864,0,0
18.1626,185352192,102.5500,608.05,0,0,1,86.86,0.00,1158692864,0,0
18.1733,185352192,102.6300,746.69,0,0,1,81.67,0.00,1158692864,0,0
18.1841,185352192,102.7100,743.56,0,0,1,104.56,0.00,1158692864,0,0
18.1949,185352192,102.8000,833.69,0,0,1,92.63,0.00,1158692864,0,0
18.2056,185352192,102.8800,744.74,0,0,1,93.09,0.00,1158692864,0,0
18.2214,185352192,103.0300,947.55,0,0,1,126.34,0.00,1158692864,0,0
18.2323,185352192,103.1100,734.52,0,0,1,91.81,0.00,1158692864,0,0
18.2434,185352192,103.1900,723.88,0,0,1,90.48,0.00,1158692864,0,0
18.2541,185352192,103.2700,749.65,0,0,1,93.71,0.00,1158692864,0,0
18.2650,185352192,103.3500,730.93,0,0,1,91.37,0.00,1158692864,0,0
18.2766,185352192,103.4300,691.93,0,0,1,86.49,0.00,1158692864,0,0
18.2901,185352192,103.5700,1034.86,0,0,1,129.36,0.00,1158692864,0,0
18.3011,185352192,103.6500,726.79,0,0,1,90.85,0.00,1158692864,0,0
18.3120,185352192,103.7400,824.97,0,0,1,103.12,0.00,1158692864,0,0
18.3235,185352192,103.8300,785.09,0,0,1,87.23,0.00,1158692864,0,0
18.3368,185352192,103.9100,598.44,0,0,1,74.80,0.00,1158692864,0,0
18.3477,185352192,103.9900,734.24,0,0,1,91.78,0.00,1158692864,0,0
18.3586,185352192,104.0700,736.88,0,0,1,92.11,0.00,1158692864,0,0
18.3695,185352192,104.2200,1377.22,0,0,1,183.63,0.00,1158692864,0,0
18.3843,185352192,104.2900,473.82,0,0,1,59.23,0.00,1158692864,0,0
18.3953,185352192,104.3800,817.17,0,0,1,102.15,0.00,1158692864,0,0
18.4061,185352192,104.4600,736.78,0,0,1,92.10,0.00,1158692864,0,0
18.4170,185352192,104.5400,735.71,0,0,1,91.96,0.00,1158692864,0,0
18.4298,185352192,104.6800,1097.16,0,0,1,146.94,0.00,1158692864,0,0
18.4406,185352192,104.7700,828.43,0,0,1,103.55,0.00,1158692864,0,0
18.4516,185352192,104.8500,730.30,0,0,1,91.29,0.00,1158692864,0,0
18.4624,185352192,104.9300,737.95,0,0,1,92.24,0.00,1158692864,0,0
18.4732,185352192,105.0100,741.76,0,0,1,92.72,0.00,1158692864,0,0
18.4867,185352192,105.1000,668.13,0,0,1,74.24,0.00,1158692864,0,0
18.4977,185352192,105.1700,636.64,0,0,1,90.95,0.00,1158692864,0,0
18.5095,185352192,105.3000,1097.72,0,0,1,147.77,0.00,1158692864,0,0
18.5215,185352192,105.4000,836.03,0,0,1,104.50,0.00,1158692864,0,0
18.5342,185352192,105.4800,629.65,0,0,1,78.71,0.00,1158692864,0,0
18.5452,185352192,105.5600,722.82,0,0,1,90.35,0.00,1158692864,0,0
18.5570,185352192,105.6500,766.75,0,0,1,85.19,0.00,1158692864,0,0
18.5682,185352192,105.7300,715.23,0,0,1,89.40,0.00,1158692864,0,0
18.5790,185352192,105.8100,736.12,0,0,1,149.52,0.00,1158692864,0,0
18.5905,185352192,105.9400,1131.73,0,0,1,119.70,0.00,1158692864,0,0
18.6033,185352192,106.0400,782.23,0,0,1,78.22,0.00,1158692864,0,0
18.6142,185352192,106.1100,644.26,0,0,1,92.04,0.00,1158692864,0,0
18.6250,185352192,106.2000,830.36,0,0,1,92.26,0.00,1158692864,0,0
18.6378,185352192,106.2700,545.47,0,0,1,77.92,0.00,1158692864,0,0
18.6493,185352192,106.3900,1047.65,0,0,1,152.78,0.00,1158692864,0,0
18.6602,185352192,106.4900,914.93,0,0,1,102.93,0.00,1158692864,0,0
18.6719,185352192,106.5800,772.64,0,0,1,96.58,0.00,1158692864,0,0
18.6827,185352192,106.6600,741.74,0,0,1,92.72,0.00,1158692864,0,0
18.6935,185352192,106.7500,833.57,0,0,1,92.62,0.00,1158692864,0,0
18.7044,185352192,106.8300,730.66,0,0,1,91.33,0.00,1158692864,0,0
18.7166,185352192,106.9000,571.86,0,0,1,81.69,0.00,1158692864,0,0
18.7283,185352192,106.9900,772.43,0,0,1,85.83,0.00,1158692864,0,0
18.7395,185352192,107.1100,1067.52,0,0,1,155.68,0.00,1158692864,0,0
18.7507,185352192,107.2100,897.26,0,0,1,100.94,0.00,1158692864,0,0
18.7619,185352192,107.3000,800.57,0,0,1,100.07,0.00,1158692864,0,0
18.7739,185352192,107.3700,583.21,0,0,1,83.32,0.00,1158692864,0,0
18.7929,185352192,107.5300,842.54,0,0,1,105.32,0.00,1158692864,0,0
18.8041,185352192,107.6100,715.68,0,0,1,89.46,0.00,1158692864,0,0
18.8151,185352192,107.6900,727.86,0,0,1,90.98,0.00,1158692864,0,0
18.8283,185352192,107.7700,605.29,0,0,1,75.66,0.00,1158692864,0,0
18.8392,185352192,107.9100,1286.15,0,0,1,183.74,0.00,1158692864,0,0
18.8504,185352192,107.9900,716.40,0,0,1,78.36,0.00,1158692864,0,0
18.8613,185352192,108.0800,821.88,0,0,1,102.74,0.00,1158692864,0,0
18.8752,185352192,108.1600,577.04,0,0,1,72.13,0.00,1158692864,0,0
18.8860,185352192,108.2400,738.71,0,0,1,92.34,0.00,1158692864,0,0
18.8970,185352192,108.3200,728.01,0,0,1,91.00,0.00,1158692864,0,0
18.9082,185352192,108.4000,714.52,0,0,1,89.32,0.00,1158692864,0,0
18.9221,185352192,108.5500,1078.94,0,0,1,143.86,0.00,1158692864,0,0
18.9333,185352192,108.6200,624.30,0,0,1,89.19,0.00,1158692864,0,0
18.9468,185352192,108.7100,667.81,0,0,1,74.20,0.00,1158692864,0,0
18.9576,185352192,108.7900,736.79,0,0,1,92.10,0.00,1158692864,0,0
18.9725,185352192,108.9400,1012.00,0,0,1,134.93,0.00,1158692864,0,0
18.9834,185352192,109.0200,732.35,0,0,1,91.54,0.00,1158692864,0,0
18.9942,185352192,109.1000,737.25,0,0,1,92.16,0.00,1158692864,0,0
19.0064,185352192,109.1900,740.67,0,0,1,82.30,0.00,1158692864,0,0
19.0178,185352192,109.2600,615.56,0,0,1,87.94,0.00,1158692864,0,0
19.0343,185352192,109.4300,1027.39,0,0,1,120.87,0.00,1158692864,0,0
19.0460,185352192,109.5000,596.35,0,0,1,85.19,0.00,1158692864,0,0
19.0569,185352192,109.5800,737.28,0,0,1,92.16,0.00,1158692864,0,0
19.0697,185352192,109.7300,1167.72,0,0,1,155.70,0.00,1158692864,0,0
19.0805,185352192,109.8100,746.01,0,0,1,93.25,0.00,1158692864,0,0
19.0912,185352192,109.8900,744.72,0,0,1,93.09,0.00,1158692864,0,0
19.1022,185352192,109.9700,730.57,0,0,1,91.32,0.00,1158692864,0,0
19.1133,185352192,110.0500,716.68,0,0,1,89.59,0.00,1158692864,0,0
19.1240,185352192,110.1300,750.08,0,0,1,93.76,0.00,1158692864,0,0
19.1348,185352192,110.2100,739.07,0,0,1,92.38,0.00,1158692864,0,0
19.1455,185352192,110.2900,750.37,0,0,1,93.80,0.00,1158692864,0,0
19.1563,185352192,110.3700,738.90,0,0,1,92.36,0.00,1158692864,0,0
19.1673,185352192,110.4500,730.14,0,0,1,91.27,0.00,1158692864,0,0
19.1781,185352192,110.5300,736.54,0,0,1,92.07,0.00,1158692864,0,0
19.1889,185352192,110.6100,744.45,0,0,1,93.06,0.00,1158692864,0,0
19.2000,185352192,110.7500,1260.20,0,0,1,180.03,0.00,1158692864,0,0
19.2108,185352192,110.8300,740.47,0,0,1,80.99,0.00,1158692864,0,0
19.2242,185352192,110.9200,670.61,0,0,1,83.83,0.00,1158692864,0,0
19.2369,185352192,111.0000,630.61,0,0,1,78.83,0.00,1158692864,0,0
19.2478,185352192,111.0800,729.92,0,0,1,91.24,0.00,1158692864,0,0
19.2586,185352192,111.1700,833.45,0,0,1,92.61,0.00,1158692864,0,0
19.2694,185352192,111.3000,1210.52,0,0,1,174.59,0.00,1158692864,0,0
19.2823,185352192,111.4000,775.73,0,0,1,87.27,0.00,1158692864,0,0
19.2930,185352192,111.4800,744.38,0,0,1,93.05,0.00,1158692864,0,0
19.3058,185352192,111.5600,627.02,0,0,1,78.38,0.00,1158692864,0,0
19.3171,185352192,111.6400,703.97,0,0,1,88.00,0.00,1158692864,0,0
19.3282,185352192,111.7900,1353.26,0,0,1,180.43,0.00,1158692864,0,0
19.3448,185352192,111.8700,483.63,0,0,1,60.45,0.00,1158692864,0,0
19.3557,185352192,111.9500,728.72,0,0,1,91.09,0.00,1158692864,0,0
19.3667,185352192,112.0300,727.04,0,0,1,90.88,0.00,1158692864,0,0
19.3776,185352192,112.1100,734.06,0,0,1,91.76,0.00,1158692864,0,0
19.3886,185352192,112.2000,823.80,0,0,1,91.53,0.00,1158692864,0,0
19.4002,185352192,112.3400,1209.08,0,0,1,172.73,0.00,1158692864,0,0
19.4111,185352192,112.4200,732.14,0,0,1,91.52,0.00,1158692864,0,0
19.4218,185352192,112.4900,649.83,0,0,1,81.23,0.00,1158692864,0,0
19.4366,185352192,112.5800,608.12,0,0,1,76.01,0.00,1158692864,0,0
19.4480,185352192,112.6700,790.61,0,0,1,87.85,0.00,1158692864,0,0
19.4619,185352192,112.8200,1079.47,0,0,1,143.93,0.00,1158692864,0,0
19.4730,185352192,112.8700,451.46,0,0,1,67.72,0.00,1158692864,0,0
19.4858,185352192,112.9800,860.88,0,0,1,97.83,0.00,1158692864,0,0
19.5009,185352192,113.1200,927.96,0,0,1,124.28,0.00,1158692864,0,0
19.5193,185352192,113.2600,760.52,0,0,1,95.07,0.00,1158692864,0,0
19.5353,185352192,113.3700,684.46,0,0,1,77.78,0.00,1158692864,0,0
19.5492,185352192,113.5000,936.10,0,0,1,135.01,0.00,1158692864,0,0
19.5605,185352192,113.5900,800.93,0,0,1,100.12,0.00,1158692864,0,0
19.5714,185352192,113.6600,638.69,0,0,1,79.84,0.00,1158692864,0,0
19.5826,185352192,113.7500,804.32,0,0,1,100.54,0.00,1158692864,0,0
19.5937,185352192,113.8400,810.64,0,0,1,101.33,0.00,1158692864,0,0
19.6047,185352192,113.9200,731.42,0,0,1,91.43,0.00,1158692864,0,0
19.6194,185352192,114.0600,952.27,0,0,1,119.03,0.00,1158692864,0,0
19.6340,185352192,114.1600,685.52,0,0,1,85.69,0.00,1158692864,0,0
19.6448,185352192,114.2300,642.53,0,0,1,91.79,0.00,1158692864,0,0
19.6565,185352192,114.3200,772.11,0,0,1,85.79,0.00,1158692864,0,0
19.6682,185352192,114.4000,685.69,0,0,1,85.71,0.00,1158692864,0,0
19.6800,185352192,114.5300,1099.79,0,0,1,137.47,0.00,1158692864,0,0
19.6923,185352192,114.6300,812.17,0,0,1,101.52,0.00,1158692864,0,0
19.7086,185352192,114.7600,797.55,0,0,1,115.03,0.00,1158692864,0,0
19.7274,185352192,114.8600,531.30,0,0,1,59.77,0.00,1158692864,0,0
19.7388,185352192,114.9400,702.66,0,0,1,153.71,0.00,1158692864,0,0
19.7504,185352192,115.0500,950.46,0,0,1,97.21,0.00,1158692864,0,0
19.7620,185352192,115.1300,690.03,0,0,1,97.04,0.00,1158692864,0,0
19.7781,185352192,115.2500,742.83,0,0,1,116.07,0.00,1158692864,0,0
19.7926,185352192,115.3400,620.09,0,0,1,77.51,0.00,1158692864,0,0
19.8037,185352192,115.4200,722.55,0,0,1,90.32,0.00,1158692864,0,0
19.8155,185352192,115.5000,681.38,0,0,1,85.17,0.00,1158692864,0,0
19.8301,185352192,115.6500,1026.44,0,0,1,136.86,0.00,1158692864,0,0
19.8416,185352192,115.7300,695.18,0,0,1,86.90,0.00,1158692864,0,0
19.8525,185352192,115.8200,825.19,0,0,1,91.69,0.00,1158692864,0,0
19.8634,185352192,115.8900,640.97,0,0,1,91.57,0.00,1158692864,0,0
19.8853,185352192,116.0400,686.55,0,0,1,85.82,0.00,1158692864,0,0
19.8966,185352192,116.1300,796.51,0,0,1,99.56,0.00,1158692864,0,0
19.9089,185352192,116.2100,649.87,0,0,1,81.23,0.00,1158692864,0,0
19.9199,185352192,116.3300,1091.18,0,0,1,147.76,0.00,1158692864,0,0
19.9427,185352192,116.5100,787.33,0,0,1,98.42,0.00,1158692864,0,0
19.9585,185352192,116.6200,696.52,0,0,1,71.23,0.00,1158692864,0,0
19.9742,185352192,116.7500,827.37,0,0,1,119.33,0.00,1158692864,0,0
19.9900,185352192,116.8800,826.85,0,0,1,87.45,0.00,1158692864,0,0
20.0058,185352192,117.0000,756.78,0,0,1,78.83,0.00,1158692864,0,0
20.0217,185352192,117.1400,878.64,0,0,1,109.83,0.00,1158692864,0,0
20.0375,185352192,117.2500,697.31,0,0,1,71.32,0.00,1158692864,0,0
20.0537,185352192,117.3900,863.09,0,0,1,115.59,0.00,1158692864,0,0
20.0649,185352192,117.4500,536.76,0,0,1,78.28,0.00,1158692864,0,0
20.0824,185352192,117.5900,799.68,0,0,1,107.10,0.00,1158692864,0,0
20.0936,185352192,117.6800,804.78,0,0,1,89.42,0.00,1158692864,0,0
20.1072,185352192,117.7800,734.77,0,0,1,82.66,0.00,1158692864,0,0
20.1208,185352192,117.8900,810.57,0,0,1,138.17,0.00,1158692864,0,0
20.1356,185352192,117.9700,541.31,0,0,1,59.21,0.00,1158692864,0,0
20.1518,185352192,118.1100,861.50,0,0,1,123.07,0.00,1158692864,0,0
20.1629,185352192,118.1900,721.37,0,0,1,101.44,0.00,1158692864,0,0
20.1739,185352192,118.2500,545.18,0,0,1,90.86,0.00,1158692864,0,0
20.1850,185352192,118.3400,809.39,0,0,1,89.93,0.00,1158692864,0,0
20.1960,185352192,118.4100,637.06,0,0,1,91.01,0.00,1158692864,0,0
20.2068,185352192,118.5000,836.29,0,0,1,92.92,0.00,1158692864,0,0
20.2189,185352192,118.5800,659.86,0,0,1,103.10,0.00,1158692864,0,0
20.2301,185352192,118.7000,1069.15,0,0,1,133.64,0.00,1158692864,0,0
20.2425,185352192,118.8000,811.36,0,0,1,101.42,0.00,1158692864,0,0
20.2538,185352192,118.8800,703.03,0,0,1,87.88,0.00,1158692864,0,0
20.2649,185352192,118.9700,813.70,0,0,1,90.41,0.00,1158692864,0,0
20.2769,185352192,119.0500,668.49,0,0,1,83.56,0.00,1158692864,0,0
20.2918,185352192,119.2000,1000.82,0,0,1,133.44,0.00,1158692864,0,0
20.3062,185352192,119.2900,628.40,0,0,1,69.82,0.00,1158692864,0,0
20.3173,185352192,119.3600,630.91,0,0,1,90.13,0.00,1158692864,0,0
20.3323,185352192,119.5100,997.92,0,0,1,133.06,0.00,1158692864,0,0
20.3470,185352192,119.6000,613.53,0,0,1,68.17,0.00,1158692864,0,0
20.3590,185352192,119.7300,1083.15,0,0,1,145.81,0.00,1158692864,0,0
20.3700,185352192,119.8100,724.29,0,0,1,90.54,0.00,1158692864,0,0
20.3839,185352192,119.9100,721.89,0,0,1,90.24,0.00,1158692864,0,0
20.3993,185352192,120.0500,907.48,0,0,1,121.54,0.00,1158692864,0,0
20.4103,185352192,120.1300,726.63,0,0,1,90.83,0.00,1158692864,0,0
20.4274,185352192,120.2300,585.37,0,0,1,65.85,0.00,1158692864,0,0
20.4383,185352192,120.3000,642.05,0,0,1,91.72,0.00,1158692864,0,0
20.4524,185352192,120.4600,1130.74,0,0,1,141.34,0.00,1158692864,0,0
20.4633,185352192,120.5400,735.12,0,0,1,91.89,0.00,1158692864,0,0
20.4746,185352192,120.6200,710.11,0,0,1,88.76,0.00,1158692864,0,0
20.4890,185352192,120.7100,626.47,0,0,1,130.52,0.00,1158692864,0,0
20.4999,185352192,120.8400,1184.20,0,0,1,91.09,0.00,1158692864,0,0
20.5107,185352192,120.9300,833.45,0,0,1,104.18,0.00,1158692864,0,0
20.5228,185352192,121.0100,661.46,0,0,1,82.68,0.00,1158692864,0,0
20.5337,185352192,121.0900,734.60,0,0,1,91.83,0.00,1158692864,0,0
20.5476,185352192,121.1900,719.33,0,0,1,71.93,0.00,1158692864,0,0
20.5589,185352192,121.2600,619.05,0,0,1,165.82,0.00,1158692864,0,0
20.5698,185352192,121.3900,1191.39,0,0,1,91.65,0.00,1158692864,0,0
20.5809,185352192,121.4700,722.99,0,0,1,90.37,0.00,1158692864,0,0
20.5921,185352192,121.5600,803.04,0,0,1,100.38,0.00,1158692864,0,0
20.6029,185352192,121.6400,740.42,0,0,1,80.98,0.00,1158692864,0,0
20.6141,185352192,121.7700,1162.40,0,0,1,156.48,0.00,1158692864,0,0
20.6348,185352192,121.8800,531.32,0,0,1,66.42,0.00,1158692864,0,0
20.6458,185352192,121.9600,728.03,0,0,1,91.00,0.00,1158692864,0,0
20.6613,185352192,122.1100,969.14,0,0,1,129.22,0.00,1158692864,0,0
20.6721,185352192,122.1900,737.52,0,0,1,92.19,0.00,1158692864,0,0
20.6835,185352192,122.2700,702.02,0,0,1,87.75,0.00,1158692864,0,0
20.6943,185352192,122.3500,739.05,0,0,1,92.38,0.00,1158692864,0,0
20.7051,185352192,122.4300,744.57,0,0,1,93.07,0.00,1158692864,0,0
20.7191,185352192,122.5400,785.51,0,0,1,116.04,0.00,1158692864,0,0
20.7346,185352192,122.6600,772.00,0,0,1,88.46,0.00,1158692864,0,0
20.7457,185352192,122.7400,721.93,0,0,1,90.24,0.00,1158692864,0,0
20.7574,185352192,122.8900,1286.79,0,0,1,171.57,0.00,1158692864,0,0
20.7703,185352192,122.9700,617.72,0,0,1,77.21,0.00,1158692864,0,0
20.7814,185352192,123.0500,721.75,0,0,1,90.22,0.00,1158692864,0,0
20.7922,185352192,123.1200,649.78,0,0,1,92.83,0.00,1158692864,0,0
20.8051,185352192,123.2000,617.26,0,0,1,77.16,0.00,1158692864,0,0
20.8169,185352192,123.2800,677.76,0,0,1,84.72,0.00,1158692864,0,0
20.8278,185352192,123.3700,824.90,0,0,1,91.66,0.00,1158692864,0,0
20.8389,185352192,123.5100,1269.57,0,0,1,181.37,0.00,1158692864,0,0
20.8520,185352192,123.6000,685.90,0,0,1,76.21,0.00,1158692864,0,0
20.8628,185352192,123.6700,647.71,0,0,1,92.53,0.00,1158692864,0,0
20.8755,185352192,123.7600,706.50,0,0,1,78.50,0.00,1158692864,0,0
20.8873,185352192,123.8500,767.15,0,0,1,85.24,0.00,1158692864,0,0
20.8981,185352192,123.9200,646.70,0,0,1,92.39,0.00,1158692864,0,0
20.9089,185352192,124.0000,741.54,0,0,1,92.69,0.00,1158692864,0,0
20.9197,185352192,124.1400,1299.70,0,0,1,185.67,0.00,1158692864,0,0
20.9319,185352192,124.2300,733.04,0,0,1,81.45,0.00,1158692864,0,0
20.9427,185352192,124.3100,744.83,0,0,1,93.10,0.00,1158692864,0,0
20.9534,185352192,124.3900,746.54,0,0,1,93.32,0.00,1158692864,0,0
20.9641,185352192,124.4700,744.36,0,0,1,93.04,0.00,1158692864,0,0
20.9810,185352192,124.6200,889.89,0,0,1,118.65,0.00,1158692864,0,0
20.9918,185352192,124.7000,738.69,0,0,1,92.34,0.00,1158692864,0,0
21.0026,185352192,124.7800,744.35,0,0,1,93.04,0.00,1158692864,0,0
21.0135,185352192,124.8600,730.50,0,0,1,91.31,0.00,1158692864,0,0
21.0265,185352192,124.9400,617.84,0,0,1,77.23,0.00,1158692864,0,0
21.0371,185352192,125.0300,843.41,0,0,1,93.71,0.00,1158692864,0,0
21.0479,185352192,125.1000,650.54,0,0,1,92.93,0.00,1158692864,0,0
21.0586,185352192,125.1800,747.14,0,0,1,93.39,0.00,1158692864,0,0
21.0702,185352192,125.3300,1297.01,0,0,1,172.93,0.00,1158692864,0,0
21.0810,185352192,125.3900,552.00,0,0,1,69.00,0.00,1158692864,0,0
21.0918,185352192,125.4900,933.14,0,0,1,116.64,0.00,1158692864,0,0
21.1044,185352192,125.5700,632.89,0,0,1,79.11,0.00,1158692864,0,0
21.1151,185352192,125.6600,839.86,0,0,1,93.32,0.00,1158692864,0,0
21.1283,185352192,125.7400,606.90,0,0,1,75.86,0.00,1158692864,0,0
21.1391,185352192,125.8900,1388.07,0,0,1,185.08,0.00,1158692864,0,0
21.1522,185352192,125.9700,609.10,0,0,1,76.14,0.00,1158692864,0,0
21.1632,185352192,126.0500,728.99,0,0,1,91.12,0.00,1158692864,0,0
21.1765,185352192,126.1300,600.53,0,0,1,75.07,0.00,1158692864,0,0
21.1873,185352192,126.2100,741.07,0,0,1,92.63,0.00,1158692864,0,0
21.1982,185352192,126.2900,736.29,0,0,1,92.04,0.00,1158692864,0,0
21.2106,185352192,126.4400,1212.73,0,0,1,161.70,0.00,1158692864,0,0
21.2212,185352192,126.5200,748.91,0,0,1,93.61,0.00,1158692864,0,0
21.2321,185352192,126.6000,736.21,0,0,1,92.03,0.00,1158692864,0,0
21.2440,185352192,126.6800,670.63,0,0,1,83.83,0.00,1158692864,0,0
21.2547,185352192,126.7600,748.54,0,0,1,93.57,0.00,1158692864,0,0
21.2655,185352192,126.8400,742.20,0,0,1,92.78,0.00,1158692864,0,0
21.2802,185352192,126.9700,884.02,0,0,1,119.00,0.00,1158692864,0,0
21.2998,185352192,127.1200,765.73,0,0,1,95.72,0.00,1158692864,0,0
21.3116,185352192,127.2300,932.92,0,0,1,116.62,0.00,1158692864,0,0
21.3230,185352192,127.3100,704.19,0,0,1,88.02,0.00,1158692864,0,0
21.3342,185352192,127.3800,624.13,0,0,1,78.02,0.00,1158692864,0,0
21.3501,185352192,127.5400,1005.70,0,0,1,133.57,0.00,1158692864,0,0
21.3612,185352192,127.6100,630.88,0,0,1,78.86,0.00,1158692864,0,0
21.3720,185352192,127.7000,834.60,0,0,1,104.33,0.00,1158692864,0,0
21.3849,185352192,127.7900,694.11,0,0,1,77.12,0.00,1158692864,0,0
21.3958,185352192,127.8600,641.75,0,0,1,91.68,0.00,1158692864,0,0
21.4068,185352192,127.9400,726.27,0,0,1,90.78,0.00,1158692864,0,0
21.4202,185352192,128.0900,1125.28,0,0,1,150.04,0.00,1158692864,0,0
21.4310,185352192,128.1600,645.48,0,0,1,80.69,0.00,1158692864,0,0
21.4430,185352192,128.2400,667.14,0,0,1,83.39,0.00,1158692864,0,0
21.4584,185352192,128.3400,649.48,0,0,1,73.07,0.00,1158692864,0,0
21.4692,185352192,128.4900,1389.72,0,0,1,185.30,0.00,1158692864,0,0
21.4829,185352192,128.5700,586.31,0,0,1,73.29,0.00,1158692864,0,0
21.4937,185352192,128.6500,735.47,0,0,1,91.93,0.00,1158692864,0,0
21.5083,185352192,128.7300,549.20,0,0,1,68.65,0.00,1158692864,0,0
21.5195,185352192,128.8800,1344.13,0,0,1,179.22,0.00,1158692864,0,0
21.5302,185352192,128.9500,653.47,0,0,1,93.35,0.00,1158692864,0,0
21.5445,185352192,129.0400,628.91,0,0,1,69.88,0.00,1158692864,0,0
21.5557,185352192,129.1200,715.34,0,0,1,89.42,0.00,1158692864,0,0
21.5664,185352192,129.2000,746.06,0,0,1,93.26,0.00,1158692864,0,0
21.5779,185352192,129.2900,780.94,0,0,1,86.77,0.00,1158692864,0,0
21.5888,185352192,129.3700,733.91,0,0,1,91.74,0.00,1158692864,0,0
21.5999,185352192,129.5000,1176.81,0,0,1,181.05,0.00,1158692864,0,0
21.6119,185352192,129.5900,747.64,0,0,1,83.07,0.00,1158692864,0,0
21.6244,185352192,129.6700,640.59,0,0,1,80.07,0.00,1158692864,0,0
21.6353,185352192,129.7600,826.39,0,0,1,91.82,0.00,1158692864,0,0
21.6476,185352192,129.8900,1053.25,0,0,1,151.91,0.00,1158692864,0,0
21.6602,185352192,129.9900,794.57,0,0,1,89.39,0.00,1158692864,0,0
21.6709,185352192,130.0700,747.83,0,0,1,93.48,0.00,1158692864,0,0
21.6826,185352192,130.1500,685.58,0,0,1,85.70,0.00,1158692864,0,0
21.6933,185352192,130.2300,743.66,0,0,1,92.96,0.00,1158692864,0,0
21.7041,185352192,130.3100,739.47,0,0,1,92.43,0.00,1158692864,0,0
21.7150,185352192,130.3900,739.69,0,0,1,92.46,0.00,1158692864,0,0
21.7258,185352192,130.4700,739.15,0,0,1,92.39,0.00,1158692864,0,0
21.7365,185352192,130.5500,743.35,0,0,1,92.92,0.00,1158692864,0,0
21.7474,185352192,130.6300,734.53,0,0,1,91.82,0.00,1158692864,0,0
21.7585,185352192,130.7100,725.61,0,0,1,90.70,0.00,1158692864,0,0
21.7751,185352192,130.8700,961.70,0,0,1,120.21,0.00,1158692864,0,0
21.7860,185352192,130.9500,734.28,0,0,1,91.79,0.00,1158692864,0,0
21.7998,185352192,131.0900,1010.46,0,0,1,144.35,0.00,1158692864,0,0
21.8109,185352192,131.1700,720.62,0,0,1,90.08,0.00,1158692864,0,0
21.8218,185352192,131.2500,738.19,0,0,1,92.27,0.00,1158692864,0,0
21.8327,185352192,131.3300,734.22,0,0,1,91.78,0.00,1158692864,0,0
21.8435,185352192,131.4100,739.58,0,0,1,92.45,0.00,1158692864,0,0
21.8542,185352192,131.4900,748.82,0,0,1,93.60,0.00,1158692864,0,0
21.8649,185352192,131.5700,743.47,0,0,1,92.93,0.00,1158692864,0,0
21.8790,185352192,131.6900,851.14,0,0,1,124.12,0.00,1158692864,0,0
21.8930,185352192,131.8000,786.34,0,0,1,89.36,0.00,1158692864,0,0
21.9038,185352192,131.8900,838.39,0,0,1,93.15,0.00,1158692864,0,0
21.9163,185352192,131.9600,558.47,0,0,1,79.78,0.00,1158692864,0,0
21.9288,185352192,132.0500,717.22,0,0,1,139.46,0.00,1158692864,0,0
21.9400,185352192,132.1800,1160.79,0,0,1,89.29,0.00,1158692864,0,0
21.9508,185352192,132.2700,836.09,0,0,1,104.51,0.00,1158692864,0,0
21.9617,185352192,132.3600,826.01,0,0,1,103.25,0.00,1158692864,0,0
21.9757,185352192,132.4400,571.10,0,0,1,71.39,0.00,1158692864,0,0
21.9865,185352192,132.5200,741.34,0,0,1,92.67,0.00,1158692864,0,0
21.9973,185352192,132.6000,744.37,0,0,1,93.05,0.00,1158692864,0,0
22.0080,185352192,132.6800,746.64,0,0,1,93.33,0.00,1158692864,0,0
22.0187,185352192,132.7600,748.72,0,0,1,93.59,0.00,1158692864,0,0
22.0302,185352192,132.9000,1209.95,0,0,1,162.05,0.00,1158692864,0,0
22.0411,185352192,132.9900,824.26,0,0,1,103.03,0.00,1158692864,0,0
22.0519,185352192,133.0700,743.00,0,0,1,92.87,0.00,1158692864,0,0
22.0627,185352192,133.1500,744.30,0,0,1,93.04,0.00,1158692864,0,0
22.0734,185352192,133.2300,743.68,0,0,1,92.96,0.00,1158692864,0,0
22.0890,185352192,133.3200,576.91,0,0,1,120.19,0.00,1158692864,0,0
22.0998,185352192,133.4500,1208.15,0,0,1,92.93,0.00,1158692864,0,0
22.1132,185352192,133.5500,743.95,0,0,1,83.69,0.00,1158692864,0,0
22.1241,185352192,133.6300,736.80,0,0,1,92.10,0.00,1158692864,0,0
22.1348,185352192,133.7100,743.40,0,0,1,92.92,0.00,1158692864,0,0
22.1457,185352192,133.7900,736.44,0,0,1,92.05,0.00,1158692864,0,0
22.1579,185352192,133.8700,654.76,0,0,1,81.85,0.00,1158692864,0,0
22.1687,185352192,133.9500,743.74,0,0,1,92.97,0.00,1158692864,0,0
22.1805,185352192,134.0900,1187.82,0,0,1,159.08,0.00,1158692864,0,0
22.1921,185352192,134.1800,775.38,0,0,1,96.92,0.00,1158692864,0,0
22.2029,185352192,134.2600,738.06,0,0,1,92.26,0.00,1158692864,0,0
22.2136,185352192,134.3400,746.99,0,0,1,93.37,0.00,1158692864,0,0
22.2245,185352192,134.4100,644.89,0,0,1,80.61,0.00,1158692864,0,0
22.2352,185352192,134.5000,841.07,0,0,1,105.13,0.00,1158692864,0,0
22.2461,185352192,134.5800,735.23,0,0,1,91.90,0.00,1158692864,0,0
22.2571,185352192,134.6600,724.92,0,0,1,90.62,0.00,1158692864,0,0
22.2678,185352192,134.7400,747.85,0,0,1,93.48,0.00,1158692864,0,0
22.2790,185352192,134.8600,1069.73,0,0,1,144.86,0.00,1158692864,0,0
22.2903,185352192,134.9600,885.14,0,0,1,110.64,0.00,1158692864,0,0
22.3010,185352192,135.0400,748.18,0,0,1,93.52,0.00,1158692864,0,0
22.3160,185352192,135.1300,598.84,0,0,1,74.85,0.00,1158692864,0,0
22.3270,185352192,135.2100,727.63,0,0,1,90.95,0.00,1158692864,0,0
22.3519,185352192,135.4400,926.11,0,0,1,115.76,0.00,1158692864,0,0
22.3632,185352192,135.5100,618.25,0,0,1,77.28,0.00,1158692864,0,0
22.3746,185352192,135.5900,701.89,0,0,1,98.70,0.00,1158692864,0,0
22.3877,185352192,135.6900,759.05,0,0,1,75.90,0.00,1158692864,0,0
22.3991,185352192,135.8000,965.39,0,0,1,142.61,0.00,1158692864,0,0
22.4101,185352192,135.8900,818.78,0,0,1,102.35,0.00,1158692864,0,0
22.4229,185352192,135.9900,784.51,0,0,1,88.26,0.00,1158692864,0,0
22.4400,185352192,136.1200,758.30,0,0,1,94.79,0.00,1158692864,0,0
22.4562,185352192,136.2300,681.54,0,0,1,85.19,0.00,1158692864,0,0
22.4729,185352192,136.3900,953.31,0,0,1,119.16,0.00,1158692864,0,0
22.4888,185352192,136.4800,567.06,0,0,1,102.39,0.00,1158692864,0,0
22.5105,185352192,136.6600,831.11,0,0,1,80.80,0.00,1158692864,0,0
22.5264,185352192,136.7800,751.61,0,0,1,78.29,0.00,1158692864,0,0
22.5425,185352192,136.9200,873.98,0,0,1,101.44,0.00,1158692864,0,0
22.5583,185352192,137.0400,758.56,0,0,1,79.02,0.00,1158692864,0,0
22.5744,185352192,137.1800,869.67,0,0,1,124.24,0.00,1158692864,0,0
22.5903,185352192,137.3100,814.49,0,0,1,109.64,0.00,1158692864,0,0
22.6062,185352192,137.4200,691.58,0,0,1,78.59,0.00,1158692864,0,0
22.6222,185352192,137.5600,877.41,0,0,1,117.51,0.00,1158692864,0,0
22.6368,185352192,137.6600,686.83,0,0,1,68.68,0.00,1158692864,0,0
22.6477,185352192,137.7300,638.18,0,0,1,91.17,0.00,1158692864,0,0
22.6587,185352192,137.8200,819.04,0,0,1,91.00,0.00,1158692864,0,0
22.6696,185352192,137.9600,1285.61,0,0,1,183.66,0.00,1158692864,0,0
22.6823,185352192,138.0500,706.42,0,0,1,78.49,0.00,1158692864,0,0
22.6934,185352192,138.1300,725.17,0,0,1,90.65,0.00,1158692864,0,0
22.7041,185352192,138.2100,745.86,0,0,1,93.23,0.00,1158692864,0,0
22.7153,185352192,138.2900,712.14,0,0,1,89.02,0.00,1158692864,0,0
22.7262,185352192,138.3600,642.25,0,0,1,91.75,0.00,1158692864,0,0
22.7381,185352192,138.4500,760.94,0,0,1,84.55,0.00,1158692864,0,0
22.7488,185352192,138.5300,744.11,0,0,1,93.01,0.00,1158692864,0,0
22.7596,185352192,138.6600,1207.30,0,0,1,174.13,0.00,1158692864,0,0
22.7703,185352192,138.7500,839.63,0,0,1,104.95,0.00,1158692864,0,0
22.7823,185352192,138.8400,750.09,0,0,1,83.34,0.00,1158692864,0,0
22.7995,185352192,138.9700,757.04,0,0,1,109.19,0.00,1158692864,0,0
22.8102,185352192,139.0600,839.40,0,0,1,104.92,0.00,1158692864,0,0
22.8233,185352192,139.1500,689.24,0,0,1,76.58,0.00,1158692864,0,0
22.8340,185352192,139.2300,743.60,0,0,1,92.95,0.00,1158692864,0,0
22.8448,185352192,139.3100,744.11,0,0,1,93.01,0.00,1158692864,0,0
22.8569,185352192,139.4000,741.95,0,0,1,82.44,0.00,1158692864,0,0
22.8677,185352192,139.4600,554.67,0,0,1,92.44,0.00,1158692864,0,0
22.8786,185352192,139.5500,824.70,0,0,1,148.90,0.00,1158692864,0,0
22.8899,185352192,139.6800,1154.19,0,0,1,110.98,0.00,1158692864,0,0
22.9006,185352192,139.7700,836.76,0,0,1,104.59,0.00,1158692864,0,0
22.9120,185352192,139.8600,794.10,0,0,1,88.23,0.00,1158692864,0,0
22.9233,185352192,139.9400,705.26,0,0,1,88.16,0.00,1158692864,0,0
22.9341,185352192,140.0200,741.93,0,0,1,92.74,0.00,1158692864,0,0
22.9453,185352192,140.1000,717.63,0,0,1,89.70,0.00,1158692864,0,0
22.9567,185352192,140.1700,609.14,0,0,1,87.02,0.00,1158692864,0,0
22.9677,185352192,140.2600,823.96,0,0,1,91.55,0.00,1158692864,0,0
22.9789,185352192,140.3900,1154.97,0,0,1,155.48,0.00,1158692864,0,0
22.9910,185352192,140.4900,829.79,0,0,1,103.72,0.00,1158692864,0,0
23.0020,185352192,140.5700,728.35,0,0,1,91.04,0.00,1158692864,0,0
23.0132,185352192,140.6500,711.63,0,0,1,88.95,0.00,1158692864,0,0
23.0241,185352192,140.7300,734.42,0,0,1,91.80,0.00,1158692864,0,0
23.0365,185352192,140.8100,645.31,0,0,1,80.66,0.00,1158692864,0,0
23.0474,185352192,140.8900,735.04,0,0,1,91.88,0.00,1158692864,0,0
23.0581,185352192,140.9700,742.64,0,0,1,92.83,0.00,1158692864,0,0
23.0688,185352192,141.0500,747.81,0,0,1,93.48,0.00,1158692864,0,0
23.0797,185352192,141.1900,1291.49,0,0,1,172.97,0.00,1158692864,0,0
23.0904,185352192,141.2700,743.39,0,0,1,92.92,0.00,1158692864,0,0
23.1048,185352192,141.3600,626.29,0,0,1,78.29,0.00,1158692864,0,0
23.1156,185352192,141.4400,739.81,0,0,1,92.48,0.00,1158692864,0,0
23.1269,185352192,141.5200,709.35,0,0,1,88.67,0.00,1158692864,0,0
23.1377,185352192,141.6000,740.21,0,0,1,92.53,0.00,1158692864,0,0
23.1485,185352192,141.6800,739.47,0,0,1,92.43,0.00,1158692864,0,0
23.1594,185352192,141.8200,1293.47,0,0,1,173.23,0.00,1158692864,0,0
23.1701,185352192,141.8900,649.44,0,0,1,81.18,0.00,1158692864,0,0
23.1811,185352192,141.9800,824.49,0,0,1,103.06,0.00,1158692864,0,0
23.1927,185352192,142.0700,770.36,0,0,1,96.30,0.00,1158692864,0,0
23.2035,185352192,142.1500,742.61,0,0,1,92.83,0.00,1158692864,0,0
23.2142,185352192,142.2300,744.66,0,0,1,93.08,0.00,1158692864,0,0
23.2250,185352192,142.3100,744.73,0,0,1,93.09,0.00,1158692864,0,0
23.2363,185352192,142.3900,706.19,0,0,1,88.27,0.00,1158692864,0,0
23.2470,185352192,142.4700,747.10,0,0,1,93.39,0.00,1158692864,0,0
23.2577,185352192,142.5500,746.29,0,0,1,93.29,0.00,1158692864,0,0
23.2686,185352192,142.6300,739.07,0,0,1,92.38,0.00,1158692864,0,0
23.2795,185352192,142.7800,1372.82,0,0,1,183.04,0.00,1158692864,0,0
23.2914,185352192,142.8600,672.14,0,0,1,84.02,0.00,1158692864,0,0
23.3022,185352192,142.9300,646.68,0,0,1,80.83,0.00,1158692864,0,0
23.3131,185352192,143.0200,831.39,0,0,1,103.92,0.00,1158692864,0,0
23.3252,185352192,143.1000,657.59,0,0,1,82.20,0.00,1158692864,0,0
23.3362,185352192,143.1800,730.18,0,0,1,91.27,0.00,1158692864,0,0
23.3479,185352192,143.2600,679.61,0,0,1,84.95,0.00,1158692864,0,0
23.3624,185352192,143.3900,896.58,0,0,1,129.31,0.00,1158692864,0,0
23.3737,185352192,143.4900,891.74,0,0,1,100.32,0.00,1158692864,0,0
23.3845,185352192,143.5800,828.27,0,0,1,92.03,0.00,1158692864,0,0
23.3983,185352192,143.6600,579.10,0,0,1,72.39,0.00,1158692864,0,0
23.4094,185352192,143.8000,1264.16,0,0,1,169.31,0.00,1158692864,0,0
23.4203,185352192,143.8900,823.92,0,0,1,102.99,0.00,1158692864,0,0
23.4317,185352192,143.9700,702.95,0,0,1,87.87,0.00,1158692864,0,0
23.4426,185352192,144.0500,737.23,0,0,1,92.15,0.00,1158692864,0,0
23.4535,185352192,144.1300,733.18,0,0,1,91.65,0.00,1158692864,0,0
23.4643,185352192,144.2100,741.77,0,0,1,92.72,0.00,1158692864,0,0
23.4760,185352192,144.2900,682.30,0,0,1,85.29,0.00,1158692864,0,0
23.4896,185352192,144.4400,1104.15,0,0,1,147.22,0.00,1158692864,0,0
23.5005,185352192,144.5100,643.09,0,0,1,80.39,0.00,1158692864,0,0
23.5115,185352192,144.6000,812.38,0,0,1,101.55,0.00,1158692864,0,0
23.5232,185352192,144.6800,684.25,0,0,1,85.53,0.00,1158692864,0,0
23.5388,185352192,144.7600,514.00,0,0,1,120.47,0.00,1158692864,0,0
23.5499,185352192,144.9100,1351.82,0,0,1,101.39,0.00,1158692864,0,0
23.5616,185352192,144.9900,684.47,0,0,1,85.56,0.00,1158692864,0,0
23.5734,185352192,145.0700,679.12,0,0,1,84.89,0.00,1158692864,0,0
23.5863,185352192,145.1500,617.26,0,0,1,77.16,0.00,1158692864,0,0
23.5973,185352192,145.2300,728.02,0,0,1,91.00,0.00,1158692864,0,0
23.6082,185352192,145.3300,916.33,0,0,1,91.63,0.00,1158692864,0,0
23.6208,185352192,145.4600,1037.05,0,0,1,159.55,0.00,1158692864,0,0
23.6317,185352192,145.5400,730.73,0,0,1,91.34,0.00,1158692864,0,0
23.6429,185352192,145.6200,714.06,0,0,1,89.26,0.00,1158692864,0,0
23.6548,185352192,145.7000,671.86,0,0,1,83.98,0.00,1158692864,0,0
23.6658,185352192,145.7800,728.27,0,0,1,91.03,0.00,1158692864,0,0
23.6767,185352192,145.8600,733.18,0,0,1,91.65,0.00,1158692864,0,0
23.6878,185352192,145.9500,814.04,0,0,1,90.45,0.00,1158692864,0,0
23.6987,185352192,146.0200,640.64,0,0,1,91.52,0.00,1158692864,0,0
23.7096,185352192,146.1600,1279.68,0,0,1,182.81,0.00,1158692864,0,0
23.7204,185352192,146.2500,838.75,0,0,1,93.19,0.00,1158692864,0,0
23.7312,185352192,146.3100,553.92,0,0,1,80.78,0.00,1158692864,0,0
23.7424,185352192,146.4100,895.56,0,0,1,100.75,0.00,1158692864,0,0
23.7532,185352192,146.4900,736.50,0,0,1,92.06,0.00,1158692864,0,0
23.7641,185352192,146.5700,736.76,0,0,1,92.10,0.00,1158692864,0,0
23.7756,185352192,146.6500,695.60,0,0,1,86.95,0.00,1158692864,0,0
23.7865,185352192,146.7400,825.29,0,0,1,91.70,0.00,1158692864,0,0
23.7974,185352192,146.8100,642.51,0,0,1,91.79,0.00,1158692864,0,0
23.8083,185352192,146.8900,734.80,0,0,1,91.85,0.00,1158692864,0,0
23.8190,185352192,146.9700,743.16,0,0,1,174.18,0.00,1158692864,0,0
23.8310,185352192,147.1000,1090.34,0,0,1,73.39,0.00,1158692864,0,0
23.8417,185352192,147.2000,928.36,0,0,1,116.04,0.00,1158692864,0,0
23.8524,185352192,147.2800,746.34,0,0,1,93.29,0.00,1158692864,0,0
23.8633,185352192,147.3600,739.01,0,0,1,92.38,0.00,1158692864,0,0
23.8756,185352192,147.4400,647.08,0,0,1,80.88,0.00,1158692864,0,0
23.8884,185352192,147.5300,706.00,0,0,1,78.44,0.00,1158692864,0,0
23.8996,185352192,147.6700,1249.15,0,0,1,167.30,0.00,1158692864,0,0
23.9106,185352192,147.7500,728.91,0,0,1,91.11,0.00,1158692864,0,0
23.9225,185352192,147.8400,755.36,0,0,1,94.42,0.00,1158692864,0,0
23.9333,185352192,147.9200,737.53,0,0,1,92.19,0.00,1158692864,0,0
23.9445,185352192,148.0000,717.60,0,0,1,89.70,0.00,1158692864,0,0
23.9562,185352192,148.0800,680.80,0,0,1,85.10,0.00,1158692864,0,0
23.9677,185352192,148.1600,699.88,0,0,1,87.48,0.00,1158692864,0,0
23.9787,185352192,148.2400,722.48,0,0,1,90.31,0.00,1158692864,0,0
23.9896,185352192,148.3800,1293.67,0,0,1,173.26,0.00,1158692864,0,0
24.0004,185352192,148.4500,647.62,0,0,1,80.95,0.00,1158692864,0,0
24.0113,185352192,148.5500,910.31,0,0,1,113.79,0.00,1158692864,0,0
24.0223,185352192,148.6300,733.48,0,0,1,91.68,0.00,1158692864,0,0
24.0329,185352192,148.7100,749.21,0,0,1,93.65,0.00,1158692864,0,0
24.0437,185352192,148.7900,739.79,0,0,1,92.47,0.00,1158692864,0,0
24.0552,185352192,148.8700,700.52,0,0,1,87.56,0.00,1158692864,0,0
24.0662,185352192,148.9500,727.74,0,0,1,90.97,0.00,1158692864,0,0
24.0790,185352192,149.0800,1012.21,0,0,1,136.26,0.00,1158692864,0,0
24.0901,185352192,149.1700,810.96,0,0,1,101.37,0.00,1158692864,0,0
24.1009,185352192,149.2600,829.97,0,0,1,103.75,0.00,1158692864,0,0
24.1120,185352192,149.3400,723.21,0,0,1,90.40,0.00,1158692864,0,0
24.1232,185352192,149.4200,716.36,0,0,1,89.54,0.00,1158692864,0,0
24.1340,185352192,149.5000,738.84,0,0,1,92.36,0.00,1158692864,0,0
24.1449,185352192,149.5800,736.51,0,0,1,92.06,0.00,1158692864,0,0
24.1567,185352192,149.6600,674.94,0,0,1,84.37,0.00,1158692864,0,0
24.1679,185352192,149.7400,717.72,0,0,1,89.71,0.00,1158692864,0,0
24.1789,185352192,149.8200,727.98,0,0,1,159.25,0.00,1158692864,0,0
24.1899,185352192,149.9700,1352.62,0,0,1,112.72,0.00,1158692864,0,0
24.2009,185352192,150.0500,729.19,0,0,1,91.15,0.00,1158692864,0,0
24.2120,185352192,150.1300,722.12,0,0,1,90.27,0.00,1158692864,0,0
24.2239,185352192,150.2100,670.62,0,0,1,83.83,0.00,1158692864,0,0
24.2348,185352192,150.2900,732.31,0,0,1,91.54,0.00,1158692864,0,0
24.2458,185352192,150.3700,732.31,0,0,1,91.54,0.00,1158692864,0,0
24.2566,185352192,150.4500,735.68,0,0,1,91.96,0.00,1158692864,0,0
24.2676,185352192,150.5300,728.70,0,0,1,91.09,0.00,1158692864,0,0
24.2786,185352192,150.6100,726.41,0,0,1,90.80,0.00,1158692864,0,0
24.2915,185352192,150.7600,1169.52,0,0,1,155.94,0.00,1158692864,0,0
24.3023,185352192,150.8400,735.89,0,0,1,91.99,0.00,1158692864,0,0
24.3134,185352192,150.9300,816.49,0,0,1,90.72,0.00,1158692864,0,0
24.3245,185352192,151.0000,629.07,0,0,1,89.87,0.00,1158692864,0,0
24.3389,185352192,151.0900,623.02,0,0,1,129.80,0.00,1158692864,0,0
24.3499,185352192,151.2300,1279.34,0,0,1,102.80,0.00,1158692864,0,0
24.3611,185352192,151.3200,799.53,0,0,1,88.84,0.00,1158692864,0,0
24.3726,185352192,151.4000,697.72,0,0,1,87.22,0.00,1158692864,0,0
24.3898,185352192,151.5300,755.22,0,0,1,116.19,0.00,1158692864,0,0
24.4022,185352192,151.6300,806.87,0,0,1,80.69,0.00,1158692864,0,0
24.4134,185352192,151.7100,717.50,0,0,1,89.69,0.00,1158692864,0,0
24.4243,185352192,151.7800,640.57,0,0,1,91.51,0.00,1158692864,0,0
24.4361,185352192,151.8700,760.43,0,0,1,84.49,0.00,1158692864,0,0
24.4475,185352192,151.9500,701.07,0,0,1,87.63,0.00,1158692864,0,0
24.4584,185352192,152.0200,644.71,0,0,1,92.10,0.00,1158692864,0,0
24.4694,185352192,152.1700,1360.10,0,0,1,170.01,0.00,1158692864,0,0
24.4803,185352192,152.2500,731.80,0,0,1,91.48,0.00,1158692864,0,0
24.4912,185352192,152.3400,825.61,0,0,1,103.20,0.00,1158692864,0,0
24.5068,185352192,152.4200,515.44,0,0,1,64.43,0.00,1158692864,0,0
24.5186,185352192,152.5000,673.28,0,0,1,84.16,0.00,1158692864,0,0
24.5300,185352192,152.6500,1325.69,0,0,1,176.76,0.00,1158692864,0,0
24.5409,185352192,152.7300,729.88,0,0,1,91.24,0.00,1158692864,0,0
24.5518,185352192,152.8100,734.93,0,0,1,91.87,0.00,1158692864,0,0
24.5627,185352192,152.8900,735.67,0,0,1,91.96,0.00,1158692864,0,0
24.5736,185352192,152.9700,736.12,0,0,1,92.01,0.00,1158692864,0,0
24.5845,185352192,153.0500,730.78,0,0,1,91.35,0.00,1158692864,0,0
24.5954,185352192,153.1300,733.37,0,0,1,91.67,0.00,1158692864,0,0
24.6091,185352192,153.2600,948.08,0,0,1,136.74,0.00,1158692864,0,0
24.6200,185352192,153.3500,830.54,0,0,1,103.82,0.00,1158692864,0,0
24.6315,185352192,153.4400,777.38,0,0,1,86.38,0.00,1158692864,0,0
24.6425,185352192,153.5200,732.01,0,0,1,91.50,0.00,1158692864,0,0
24.6538,185352192,153.6000,706.07,0,0,1,88.26,0.00,1158692864,0,0
24.6648,185352192,153.6800,728.46,0,0,1,91.06,0.00,1158692864,0,0
24.6757,185352192,153.7600,735.20,0,0,1,91.90,0.00,1158692864,0,0
24.6872,185352192,153.8400,695.93,0,0,1,86.99,0.00,1158692864,0,0
24.6994,185352192,153.9900,1222.81,0,0,1,163.04,0.00,1158692864,0,0
24.7128,185352192,154.0700,596.40,0,0,1,74.55,0.00,1158692864,0,0
24.7237,185352192,154.1500,738.42,0,0,1,92.30,0.00,1158692864,0,0
24.7381,185352192,154.2300,554.93,0,0,1,69.37,0.00,1158692864,0,0
24.7494,185352192,154.3600,1152.55,0,0,1,155.15,0.00,1158692864,0,0
24.7605,185352192,154.4500,805.63,0,0,1,111.89,0.00,1158692864,0,0
24.7728,185352192,154.5400,732.72,0,0,1,81.41,0.00,1158692864,0,0
24.7838,185352192,154.6200,727.34,0,0,1,90.92,0.00,1158692864,0,0
24.7950,185352192,154.7000,713.63,0,0,1,89.20,0.00,1158692864,0,0
24.8061,185352192,154.7800,723.04,0,0,1,90.38,0.00,1158692864,0,0
24.8186,185352192,154.8600,640.32,0,0,1,80.04,0.00,1158692864,0,0
24.8297,185352192,155.0000,1261.48,0,0,1,168.95,0.00,1158692864,0,0
24.8406,185352192,155.0900,821.41,0,0,1,102.68,0.00,1158692864,0,0
24.8524,185352192,155.1700,681.01,0,0,1,85.13,0.00,1158692864,0,0
24.8640,185352192,155.2600,776.04,0,0,1,86.23,0.00,1158692864,0,0
24.8750,185352192,155.3300,634.69,0,0,1,90.67,0.00,1158692864,0,0
24.8859,185352192,155.4100,736.23,0,0,1,92.03,0.00,1158692864,0,0
24.8970,185352192,155.5000,812.65,0,0,1,90.29,0.00,1158692864,0,0
24.9082,185352192,155.5700,623.15,0,0,1,89.02,0.00,1158692864,0,0
24.9238,185352192,155.7300,1026.43,0,0,1,128.30,0.00,1158692864,0,0
24.9350,185352192,155.8200,803.37,0,0,1,89.26,0.00,1158692864,0,0
24.9461,185352192,155.8900,626.55,0,0,1,89.51,0.00,1158692864,0,0
24.9615,185352192,156.0400,977.28,0,0,1,130.30,0.00,1158692864,0,0
24.9734,185352192,156.1200,673.04,0,0,1,84.13,0.00,1158692864,0,0
24.9845,185352192,156.1900,629.30,0,0,1,78.66,0.00,1158692864,0,0
24.9965,185352192,156.2800,750.87,0,0,1,93.86,0.00,1158692864,0,0
25.0075,185352192,156.3600,728.57,0,0,1,91.07,0.00,1158692864,0,0
25.0186,185352192,156.4400,722.20,0,0,1,90.28,0.00,1158692864,0,0
25.0302,185352192,156.5800,1202.49,0,0,1,171.78,0.00,1158692864,0,0
25.0449,185352192,156.6700,611.41,0,0,1,67.93,0.00,1158692864,0,0
25.0572,185352192,156.7500,650.05,0,0,1,81.26,0.00,1158692864,0,0
25.0681,185352192,156.8300,732.77,0,0,1,91.60,0.00,1158692864,0,0
25.0797,185352192,156.9600,1124.81,0,0,1,151.42,0.00,1158692864,0,0
25.0908,185352192,157.0600,902.08,0,0,1,112.76,0.00,1158692864,0,0
25.1016,185352192,157.1400,742.85,0,0,1,92.86,0.00,1158692864,0,0
25.1124,185352192,157.2200,735.84,0,0,1,91.98,0.00,1158692864,0,0
25.1234,185352192,157.3000,728.93,0,0,1,91.12,0.00,1158692864,0,0
25.1343,185352192,157.3800,734.62,0,0,1,91.83,0.00,1158692864,0,0
25.1463,185352192,157.4700,748.01,0,0,1,83.11,0.00,1158692864,0,0
25.1576,185352192,157.5500,707.75,0,0,1,88.47,0.00,1158692864,0,0
25.1685,185352192,157.6200,642.49,0,0,1,91.78,0.00,1158692864,0,0
25.1794,185352192,157.7500,1197.34,0,0,1,161.18,0.00,1158692864,0,0
25.1902,185352192,157.8400,834.70,0,0,1,104.34,0.00,1158692864,0,0
25.2010,185352192,157.9300,830.92,0,0,1,103.87,0.00,1158692864,0,0
25.2119,185352192,158.0100,735.18,0,0,1,91.90,0.00,1158692864,0,0
25.2227,185352192,158.0900,735.45,0,0,1,91.93,0.00,1158692864,0,0
25.2348,185352192,158.1800,747.14,0,0,1,83.02,0.00,1158692864,0,0
25.2456,185352192,158.2600,738.19,0,0,1,92.27,0.00,1158692864,0,0
25.2564,185352192,158.3400,743.05,0,0,1,92.88,0.00,1158692864,0,0
25.2671,185352192,158.4300,838.90,0,0,1,93.21,0.00,1158692864,0,0
25.2781,185352192,158.5000,639.96,0,0,1,91.42,0.00,1158692864,0,0
25.2895,185352192,158.6500,1310.49,0,0,1,174.73,0.00,1158692864,0,0
25.3005,185352192,158.7300,730.91,0,0,1,91.36,0.00,1158692864,0,0
25.3115,185352192,158.8100,727.30,0,0,1,90.91,0.00,1158692864,0,0
25.3224,185352192,158.8900,728.65,0,0,1,91.08,0.00,1158692864,0,0
25.3333,185352192,158.9700,738.09,0,0,1,92.26,0.00,1158692864,0,0
25.3444,185352192,159.0500,716.53,0,0,1,89.57,0.00,1158692864,0,0
25.3556,185352192,159.1300,718.50,0,0,1,89.81,0.00,1158692864,0,0
25.3664,185352192,159.2100,736.59,0,0,1,92.07,0.00,1158692864,0,0
25.3775,185352192,159.2900,724.45,0,0,1,90.56,0.00,1158692864,0,0
25.3883,185352192,159.3700,736.04,0,0,1,92.01,0.00,1158692864,0,0
25.3995,185352192,159.4900,1076.60,0,0,1,145.79,0.00,1158692864,0,0
25.4108,185352192,159.5900,882.28,0,0,1,110.28,0.00,1158692864,0,0
25.4258,185352192,159.6800,600.04,0,0,1,75.00,0.00,1158692864,0,0
25.4381,185352192,159.7600,651.84,0,0,1,81.48,0.00,1158692864,0,0
25.4492,185352192,159.9000,1261.26,0,0,1,168.92,0.00,1158692864,0,0
25.4628,185352192,159.9900,662.75,0,0,1,82.84,0.00,1158692864,0,0
25.4737,185352192,160.0700,732.60,0,0,1,91.57,0.00,1158692864,0,0
25.4846,185352192,160.1500,732.73,0,0,1,91.59,0.00,1158692864,0,0
25.4955,185352192,160.2400,827.74,0,0,1,91.97,0.00,1158692864,0,0
25.5105,185352192,160.3700,864.31,0,0,1,124.66,0.00,1158692864,0,0
25.5217,185352192,160.4600,807.20,0,0,1,100.90,0.00,1158692864,0,0
25.5325,185352192,160.5400,739.25,0,0,1,92.41,0.00,1158692864,0,0
25.5436,185352192,160.6300,811.36,0,0,1,90.15,0.00,1158692864,0,0
25.5548,185352192,160.7000,625.61,0,0,1,89.37,0.00,1158692864,0,0
25.5669,185352192,160.7800,660.65,0,0,1,82.58,0.00,1158692864,0,0
25.5821,185352192,160.9300,989.48,0,0,1,131.93,0.00,1158692864,0,0
25.5929,185352192,161.0100,736.51,0,0,1,92.06,0.00,1158692864,0,0
25.6079,185352192,161.1100,667.90,0,0,1,66.79,0.00,1158692864,0,0
25.6210,185352192,161.2400,994.17,0,0,1,152.95,0.00,1158692864,0,0
25.6327,185352192,161.3300,768.18,0,0,1,85.35,0.00,1158692864,0,0
25.6436,185352192,161.4000,642.34,0,0,1,91.76,0.00,1158692864,0,0
25.6566,185352192,161.4900,693.63,0,0,1,77.07,0.00,1158692864,0,0
25.6674,185352192,161.5700,740.10,0,0,1,92.51,0.00,1158692864,0,0
25.6792,185352192,161.7000,1094.68,0,0,1,147.36,0.00,1158692864,0,0
25.6906,185352192,161.8000,878.82,0,0,1,109.85,0.00,1158692864,0,0
25.7014,185352192,161.8800,739.82,0,0,1,92.48,0.00,1158692864,0,0
25.7122,185352192,161.9600,740.98,0,0,1,92.62,0.00,1158692864,0,0
25.7230,185352192,162.0400,745.87,0,0,1,93.23,0.00,1158692864,0,0
25.7338,185352192,162.1100,645.84,0,0,1,92.26,0.00,1158692864,0,0
25.7449,185352192,162.2000,811.40,0,0,1,90.16,0.00,1158692864,0,0
25.7560,185352192,162.2800,721.06,0,0,1,90.13,0.00,1158692864,0,0
25.7708,185352192,162.4300,1012.48,0,0,1,135.00,0.00,1158692864,0,0
25.7817,185352192,162.5100,732.26,0,0,1,91.53,0.00,1158692864,0,0
25.7938,185352192,162.5900,663.73,0,0,1,82.97,0.00,1158692864,0,0
25.8052,185352192,162.6700,699.56,0,0,1,87.44,0.00,1158692864,0,0
25.8161,185352192,162.7500,731.92,0,0,1,91.49,0.00,1158692864,0,0
25.8272,185352192,162.8300,723.97,0,0,1,90.50,0.00,1158692864,0,0
25.8385,185352192,162.9100,708.38,0,0,1,88.55,0.00,1158692864,0,0
25.8494,185352192,163.0500,1283.15,0,0,1,171.85,0.00,1158692864,0,0
25.8604,185352192,163.1300,727.09,0,0,1,90.89,0.00,1158692864,0,0
25.8718,185352192,163.2200,786.36,0,0,1,98.29,0.00,1158692864,0,0
25.8828,185352192,163.3000,732.57,0,0,1,91.57,0.00,1158692864,0,0
25.8984,185352192,163.3800,511.08,0,0,1,63.88,0.00,1158692864,0,0
25.9102,185352192,163.5100,1100.86,0,0,1,148.19,0.00,1158692864,0,0
25.9246,185352192,163.6100,697.78,0,0,1,87.22,0.00,1158692864,0,0
25.9356,185352192,163.6900,725.30,0,0,1,90.66,0.00,1158692864,0,0
25.9467,185352192,163.7700,720.55,0,0,1,90.07,0.00,1158692864,0,0
25.9575,185352192,163.8500,738.04,0,0,1,92.25,0.00,1158692864,0,0
25.9684,185352192,163.9300,735.69,0,0,1,91.96,0.00,1158692864,0,0
25.9833,185352192,164.0800,1007.47,0,0,1,134.33,0.00,1158692864,0,0
25.9943,185352192,164.1600,727.09,0,0,1,90.89,0.00,1158692864,0,0
26.0055,185352192,164.2400,716.63,0,0,1,89.58,0.00,1158692864,0,0
26.0179,185352192,164.3300,725.84,0,0,1,151.22,0.00,1158692864,0,0
26.0317,185352192,164.4700,1007.77,0,0,1,80.98,0.00,1158692864,0,0
26.0428,185352192,164.5500,723.89,0,0,1,90.49,0.00,1158692864,0,0
26.0543,185352192,164.6300,697.61,0,0,1,87.20,0.00,1158692864,0,0
26.0651,185352192,164.7200,827.14,0,0,1,91.90,0.00,1158692864,0,0
26.0763,185352192,164.7900,626.71,0,0,1,89.53,0.00,1158692864,0,0
26.0900,185352192,164.9400,1098.21,0,0,1,146.43,0.00,1158692864,0,0
26.1009,185352192,165.0200,730.11,0,0,1,91.26,0.00,1158692864,0,0
26.1134,185352192,165.1100,722.21,0,0,1,80.25,0.00,1158692864,0,0
26.1244,185352192,165.1900,729.82,0,0,1,91.23,0.00,1158692864,0,0
26.1362,185352192,165.2700,675.66,0,0,1,84.46,0.00,1158692864,0,0
26.1479,185352192,165.3500,683.01,0,0,1,85.38,0.00,1158692864,0,0
26.1590,185352192,165.4700,1080.31,0,0,1,146.29,0.00,1158692864,0,0
26.1704,185352192,165.5800,966.76,0,0,1,120.84,0.00,1158692864,0,0
26.1813,185352192,165.6600,731.70,0,0,1,91.46,0.00,1158692864,0,0
26.1924,185352192,165.7400,722.75,0,0,1,90.34,0.00,1158692864,0,0
26.2101,185352192,165.8800,790.19,0,0,1,105.83,0.00,1158692864,0,0
26.2214,185352192,165.9700,799.23,0,0,1,99.90,0.00,1158692864,0,0
26.2323,185352192,166.0500,735.26,0,0,1,91.91,0.00,1158692864,0,0
26.2500,185352192,166.2000,843.95,0,0,1,112.53,0.00,1158692864,0,0
26.2610,185352192,166.2500,457.27,0,0,1,57.16,0.00,1158692864,0,0
26.2720,185352192,166.3600,1000.16,0,0,1,125.02,0.00,1158692864,0,0
26.2828,185352192,166.4400,734.64,0,0,1,91.83,0.00,1158692864,0,0
26.2941,185352192,166.5300,797.06,0,0,1,88.56,0.00,1158692864,0,0
26.3051,185352192,166.6000,637.18,0,0,1,91.03,0.00,1158692864,0,0
26.3184,185352192,166.6900,679.15,0,0,1,75.46,0.00,1158692864,0,0
26.3294,185352192,166.8200,1179.29,0,0,1,170.09,0.00,1158692864,0,0
26.3404,185352192,166.9100,821.62,0,0,1,102.70,0.00,1158692864,0,0
26.3517,185352192,166.9900,707.83,0,0,1,88.48,0.00,1158692864,0,0
26.3626,185352192,167.0700,730.01,0,0,1,91.25,0.00,1158692864,0,0
26.3791,185352192,167.2000,790.46,0,0,1,98.81,0.00,1158692864,0,0
26.3954,185352192,167.3100,671.62,0,0,1,83.95,0.00,1158692864,0,0
26.4076,185352192,167.3900,657.95,0,0,1,82.24,0.00,1158692864,0,0
26.4185,185352192,167.4800,826.49,0,0,1,91.83,0.00,1158692864,0,0
26.4295,185352192,167.6200,1272.46,0,0,1,181.78,0.00,1158692864,0,0
26.4407,185352192,167.6900,626.94,0,0,1,78.37,0.00,1158692864,0,0
26.4515,185352192,167.7800,828.37,0,0,1,103.55,0.00,1158692864,0,0
26.4625,185352192,167.8700,819.26,0,0,1,91.03,0.00,1158692864,0,0
26.4764,185352192,167.9400,505.03,0,0,1,72.15,0.00,1158692864,0,0
26.4880,185352192,168.0200,686.34,0,0,1,85.79,0.00,1158692864,0,0
26.4990,185352192,168.1000,728.23,0,0,1,170.68,0.00,1158692864,0,0
26.5100,185352192,168.2300,1184.41,0,0,1,79.72,0.00,1158692864,0,0
26.5209,185352192,168.3200,828.09,0,0,1,103.51,0.00,1158692864,0,0
26.5385,185352192,168.4900,963.53,0,0,1,120.44,0.00,1158692864,0,0
26.5521,185352192,168.5700,586.17,0,0,1,73.27,0.00,1158692864,0,0
26.5630,185352192,168.6500,739.81,0,0,1,92.48,0.00,1158692864,0,0
26.5740,185352192,168.7300,722.97,0,0,1,90.37,0.00,1158692864,0,0
26.5934,185352192,168.8800,773.86,0,0,1,103.18,0.00,1158692864,0,0
26.6044,185352192,168.9600,725.16,0,0,1,90.65,0.00,1158692864,0,0
26.6291,185352192,169.1400,730.62,0,0,1,96.40,0.00,1158692864,0,0
26.6448,185352192,169.2400,634.00,0,0,1,55.48,0.00,1158692864,0,0
26.6610,185352192,169.3500,681.79,0,0,1,85.22,0.00,1158692864,0,0
26.6767,185352192,169.4500,634.87,0,0,1,71.42,0.00,1158692864,0,0
26.6932,185352192,169.5700,727.61,0,0,1,90.95,0.00,1158692864,0,0
26.7055,185352192,169.7000,1057.14,0,0,1,132.14,0.00,1158692864,0,0
26.7293,185352192,169.8800,758.51,0,0,1,89.55,0.00,1158692864,0,0
26.7403,185352192,169.9900,998.48,0,0,1,113.46,0.00,1158692864,0,0
26.7611,185352192,170.1300,673.07,0,0,1,84.13,0.00,1158692864,0,0
26.7747,185352192,170.2300,731.51,0,0,1,73.15,0.00,1158692864,0,0
26.7871,185352192,170.3200,729.56,0,0,1,101.33,0.00,1158692864,0,0
26.7980,185352192,170.4000,729.15,0,0,1,91.14,0.00,1158692864,0,0
26.8123,185352192,170.5500,1052.70,0,0,1,140.36,0.00,1158692864,0,0
26.8233,185352192,170.6200,635.09,0,0,1,79.39,0.00,1158692864,0,0
26.8351,185352192,170.7100,762.74,0,0,1,95.34,0.00,1158692864,0,0
26.8462,185352192,170.7900,724.31,0,0,1,90.54,0.00,1158692864,0,0
26.8572,185352192,170.8700,724.23,0,0,1,90.53,0.00,1158692864,0,0
26.8686,185352192,170.9500,705.29,0,0,1,88.16,0.00,1158692864,0,0
26.8799,185352192,171.1000,1327.07,0,0,1,176.94,0.00,1158692864,0,0
26.8909,185352192,171.1800,721.72,0,0,1,90.22,0.00,1158692864,0,0
26.9019,185352192,171.2600,728.72,0,0,1,91.09,0.00,1158692864,0,0
26.9128,185352192,171.3500,829.40,0,0,1,92.16,0.00,1158692864,0,0
26.9264,185352192,171.4300,584.95,0,0,1,73.12,0.00,1158692864,0,0
26.9372,185352192,171.5000,648.22,0,0,1,92.60,0.00,1158692864,0,0
26.9496,185352192,171.6500,1217.25,0,0,1,162.30,0.00,1158692864,0,0
26.9606,185352192,171.7300,724.57,0,0,1,90.57,0.00,1158692864,0,0
26.9726,185352192,171.8100,667.63,0,0,1,83.45,0.00,1158692864,0,0
26.9835,185352192,171.8900,730.40,0,0,1,91.30,0.00,1158692864,0,0
26.9945,185352192,171.9800,822.78,0,0,1,91.42,0.00,1158692864,0,0
27.0058,185352192,172.0500,619.70,0,0,1,88.53,0.00,1158692864,0,0
27.0177,185352192,172.1400,757.28,0,0,1,84.14,0.00,1158692864,0,0
27.0287,185352192,172.2100,633.63,0,0,1,90.52,0.00,1158692864,0,0
27.0397,185352192,172.3400,1187.70,0,0,1,159.88,0.00,1158692864,0,0
27.0547,185352192,172.4400,665.38,0,0,1,83.17,0.00,1158692864,0,0
27.0717,185352192,172.5900,882.67,0,0,1,117.69,0.00,1158692864,0,0
27.0836,185352192,172.6800,752.72,0,0,1,83.64,0.00,1158692864,0,0
27.0946,185352192,172.7600,730.75,0,0,1,91.34,0.00,1158692864,0,0
27.1056,185352192,172.8400,727.50,0,0,1,90.94,0.00,1158692864,0,0
27.1251,185352192,172.9800,716.52,0,0,1,102.36,0.00,1158692864,0,0
27.1380,185352192,173.1200,1083.57,0,0,1,145.12,0.00,1158692864,0,0
27.1507,185352192,173.2200,792.51,0,0,1,89.16,0.00,1158692864,0,0
27.1617,185352192,173.2900,633.74,0,0,1,79.22,0.00,1158692864,0,0
27.1749,185352192,173.3800,683.42,0,0,1,85.43,0.00,1158692864,0,0
27.1876,185352192,173.4500,551.64,0,0,1,78.81,0.00,1158692864,0,0
27.1985,185352192,173.5400,823.07,0,0,1,91.45,0.00,1158692864,0,0
27.2096,185352192,173.6700,1174.53,0,0,1,158.11,0.00,1158692864,0,0
27.2207,185352192,173.7700,894.21,0,0,1,111.78,0.00,1158692864,0,0
27.2346,185352192,173.8400,506.17,0,0,1,63.27,0.00,1158692864,0,0
27.2456,185352192,173.9300,814.03,0,0,1,101.75,0.00,1158692864,0,0
27.2574,185352192,174.0100,678.78,0,0,1,84.85,0.00,1158692864,0,0
27.2713,185352192,174.1600,1083.48,0,0,1,144.46,0.00,1158692864,0,0
27.2845,185352192,174.2400,604.94,0,0,1,75.62,0.00,1158692864,0,0
27.2957,185352192,174.3200,715.80,0,0,1,89.48,0.00,1158692864,0,0
27.3094,185352192,174.4600,1020.49,0,0,1,136.67,0.00,1158692864,0,0
27.3248,185352192,174.5500,582.68,0,0,1,72.83,0.00,1158692864,0,0
27.3373,185352192,174.6300,642.00,0,0,1,80.25,0.00,1158692864,0,0
27.3486,185352192,174.7100,705.66,0,0,1,88.21,0.00,1158692864,0,0
27.3598,185352192,174.8600,1341.33,0,0,1,178.84,0.00,1158692864,0,0
27.3710,185352192,174.9400,714.78,0,0,1,89.35,0.00,1158692864,0,0
27.3830,185352192,175.0200,666.41,0,0,1,72.89,0.00,1158692864,0,0
27.3941,185352192,175.1000,722.45,0,0,1,101.59,0.00,1158692864,0,0
27.4074,185352192,175.2100,828.32,0,0,1,122.36,0.00,1158692864,0,0
27.4208,185352192,175.3300,893.43,0,0,1,102.37,0.00,1158692864,0,0
27.4321,185352192,175.4100,705.21,0,0,1,88.15,0.00,1158692864,0,0
27.4450,185352192,175.4900,621.29,0,0,1,77.66,0.00,1158692864,0,0
27.4566,185352192,175.5700,689.45,0,0,1,86.18,0.00,1158692864,0,0
27.4681,185352192,175.7200,1306.42,0,0,1,174.19,0.00,1158692864,0,0
27.4806,185352192,175.8100,722.18,0,0,1,80.24,0.00,1158692864,0,0
27.4984,185352192,175.8800,392.83,0,0,1,56.12,0.00,1158692864,0,0
27.5101,185352192,176.0300,1275.50,0,0,1,170.07,0.00,1158692864,0,0
27.5210,185352192,176.1100,738.89,0,0,1,92.36,0.00,1158692864,0,0
27.5329,185352192,176.1900,668.00,0,0,1,83.50,0.00,1158692864,0,0
27.5446,185352192,176.2700,688.51,0,0,1,86.06,0.00,1158692864,0,0
27.5555,185352192,176.3500,732.70,0,0,1,91.59,0.00,1158692864,0,0
27.5673,185352192,176.4300,675.62,0,0,1,84.45,0.00,1158692864,0,0
27.5783,185352192,176.5100,729.53,0,0,1,91.19,0.00,1158692864,0,0
27.5891,185352192,176.6500,1291.99,0,0,1,173.03,0.00,1158692864,0,0
27.6000,185352192,176.7400,827.36,0,0,1,103.42,0.00,1158692864,0,0
27.6135,185352192,176.8300,665.63,0,0,1,73.96,0.00,1158692864,0,0
27.6249,185352192,176.9100,704.20,0,0,1,88.02,0.00,1158692864,0,0
27.6390,185352192,176.9900,568.13,0,0,1,142.03,0.00,1158692864,0,0
27.6499,185352192,177.1400,1368.86,0,0,1,91.26,0.00,1158692864,0,0
27.6609,185352192,177.2200,730.08,0,0,1,91.26,0.00,1158692864,0,0
27.6745,185352192,177.3000,585.62,0,0,1,73.20,0.00,1158692864,0,0
27.6859,185352192,177.3800,704.76,0,0,1,88.09,0.00,1158692864,0,0
27.6968,185352192,177.4700,826.54,0,0,1,91.84,0.00,1158692864,0,0
27.7089,185352192,177.5800,909.17,0,0,1,144.64,0.00,1158692864,0,0
27.7204,185352192,177.6900,958.98,0,0,1,108.98,0.00,1158692864,0,0
27.7313,185352192,177.7700,730.70,0,0,1,91.34,0.00,1158692864,0,0
27.7423,185352192,177.8500,724.31,0,0,1,90.54,0.00,1158692864,0,0
27.7544,185352192,177.9300,664.83,0,0,1,83.10,0.00,1158692864,0,0
27.7707,185352192,178.0300,614.36,0,0,1,84.47,0.00,1158692864,0,0
27.7866,185352192,178.1600,815.38,0,0,1,78.40,0.00,1158692864,0,0
27.8023,185352192,178.2900,826.22,0,0,1,103.28,0.00,1158692864,0,0
27.8187,185352192,178.4300,853.95,0,0,1,68.62,0.00,1158692864,0,0
27.8347,185352192,178.5600,814.68,0,0,1,101.83,0.00,1158692864,0,0
27.8507,185352192,178.6900,813.39,0,0,1,93.85,0.00,1158692864,0,0
27.8665,185352192,178.8100,757.82,0,0,1,86.83,0.00,1158692864,0,0
27.8776,185352192,178.8900,723.87,0,0,1,101.79,0.00,1158692864,0,0
27.8986,185352192,179.0600,806.95,0,0,1,89.00,0.00,1158692864,0,0
27.9105,185352192,179.1900,1096.51,0,0,1,158.15,0.00,1158692864,0,0
27.9221,185352192,179.2400,428.42,0,0,1,64.26,0.00,1158692864,0,0
27.9453,185352192,179.4400,863.55,0,0,1,86.36,0.00,1158692864,0,0
27.9567,185352192,179.5100,614.14,0,0,1,87.73,0.00,1158692864,0,0
27.9682,185352192,179.6000,784.65,0,0,1,87.18,0.00,1158692864,0,0
27.9809,185352192,179.7400,1098.48,0,0,1,156.93,0.00,1158692864,0,0
27.9923,185352192,179.8100,616.96,0,0,1,77.12,0.00,1158692864,0,0
28.0035,185352192,179.9000,802.82,0,0,1,100.35,0.00,1162887168,0,0
28.0213,185352192,180.0400,786.87,0,0,1,112.41,0.00,1162887168,0,0
28.0331,185352192,180.1200,677.19,0,0,1,84.65,0.00,1162887168,0,0
28.0440,185352192,180.2000,733.47,0,0,1,91.68,0.00,1162887168,0,0
28.0550,185352192,180.2800,725.57,0,0,1,90.70,0.00,1162887168,0,0
28.0660,185352192,180.3600,726.75,0,0,1,90.84,0.00,1162887168,0,0
28.0770,185352192,180.4400,728.87,0,0,1,91.11,0.00,1162887168,0,0
28.0895,185352192,180.5800,1120.58,0,0,1,150.08,0.00,1162887168,0,0
28.1006,185352192,180.6700,807.93,0,0,1,100.99,0.00,1162887168,0,0
28.1117,185352192,180.7400,634.45,0,0,1,79.31,0.00,1162887168,0,0
28.1271,185352192,180.8300,582.28,0,0,1,72.78,0.00,1162887168,0,0
28.1382,185352192,180.9100,722.56,0,0,1,90.32,0.00,1162887168,0,0
28.1492,185352192,181.0400,1177.47,0,0,1,158.51,0.00,1162887168,0,0
28.1603,185352192,181.1300,810.03,0,0,1,101.25,0.00,1162887168,0,0
28.1713,185352192,181.2100,729.17,0,0,1,102.54,0.00,1162887168,0,0
28.1864,185352192,181.2900,529.10,0,0,1,66.14,0.00,1162887168,0,0
28.1979,185352192,181.3800,785.17,0,0,1,87.24,0.00,1162887168,0,0
28.2090,185352192,181.5100,1168.83,0,0,1,179.82,0.00,1162887168,0,0
28.2204,185352192,181.6000,793.90,0,0,1,88.21,0.00,1162887168,0,0
28.2313,185352192,181.6800,730.91,0,0,1,91.36,0.00,1162887168,0,0
28.2482,185352192,181.7700,533.97,0,0,1,59.33,0.00,1162887168,0,0
28.2592,185352192,181.8600,812.58,0,0,1,124.14,0.00,1162887168,0,0
28.2729,185352192,181.9600,733.55,0,0,1,82.52,0.00,1162887168,0,0
28.2841,185352192,182.0700,981.36,0,0,1,133.82,0.00,1162887168,0,0
28.2954,185352192,182.1500,706.93,0,0,1,88.37,0.00,1162887168,0,0
28.3088,185352192,182.2300,596.00,0,0,1,74.50,0.00,1162887168,0,0
28.3201,185352192,182.3800,1329.32,0,0,1,177.24,0.00,1162887168,0,0
28.3314,185352192,182.4600,707.41,0,0,1,88.43,0.00,1162887168,0,0
28.3430,185352192,182.5400,687.28,0,0,1,85.91,0.00,1162887168,0,0
28.3579,185352192,182.6300,604.39,0,0,1,117.52,0.00,1162887168,0,0
28.3699,185352192,182.7700,1172.92,0,0,1,104.72,0.00,1162887168,0,0
28.3811,185352192,182.8400,623.37,0,0,1,77.92,0.00,1162887168,0,0
28.3921,185352192,182.9300,818.54,0,0,1,102.32,0.00,1162887168,0,0
28.4030,185352192,183.0100,730.61,0,0,1,91.33,0.00,1162887168,0,0
28.4139,185352192,183.0900,735.12,0,0,1,91.89,0.00,1162887168,0,0
28.4252,185352192,183.1700,710.75,0,0,1,88.84,0.00,1162887168,0,0
28.4364,185352192,183.2500,714.07,0,0,1,89.26,0.00,1162887168,0,0
28.4474,185352192,183.3400,815.93,0,0,1,90.66,0.00,1162887168,0,0
28.4598,185352192,183.4700,1052.59,0,0,1,161.94,0.00,1162887168,0,0
28.4707,185352192,183.5600,826.75,0,0,1,91.86,0.00,1162887168,0,0
28.4816,185352192,183.6400,731.91,0,0,1,91.49,0.00,1162887168,0,0
28.4924,185352192,183.7200,736.57,0,0,1,92.07,0.00,1162887168,0,0
28.5034,185352192,183.8000,733.52,0,0,1,91.69,0.00,1162887168,0,0
28.5149,185352192,183.8800,693.33,0,0,1,86.67,0.00,1162887168,0,0
28.5281,185352192,183.9600,607.26,0,0,1,75.91,0.00,1162887168,0,0
28.5390,185352192,184.0400,730.81,0,0,1,171.28,0.00,1162887168,0,0
28.5499,185352192,184.1800,1290.78,0,0,1,92.20,0.00,1162887168,0,0
28.5607,185352192,184.2700,832.15,0,0,1,104.02,0.00,1162887168,0,0
28.5720,185618432,184.3500,705.64,0,0,1,88.21,0.00,1162887168,0,0
28.5828,185618432,184.4200,646.36,0,0,1,92.34,0.00,1162887168,0,0
28.5937,185618432,184.4900,643.03,0,0,1,91.86,0.00,1162887168,0,0
28.6050,185618432,184.5600,622.31,0,0,1,88.90,0.00,1162887168,0,0
28.6158,185618432,184.6300,645.53,0,0,1,80.69,0.00,1162887168,0,0
28.6266,185618432,184.7000,646.52,0,0,1,92.36,0.00,1162887168,0,0
28.6374,185618432,184.7700,648.43,0,0,1,92.63,0.00,1162887168,0,0
28.6484,185618432,184.8400,641.47,0,0,1,80.18,0.00,1162887168,0,0
28.6593,185888768,184.9600,1097.17,0,0,1,137.15,0.00,1162887168,0,0
28.6703,185888768,185.0300,637.31,0,0,1,79.66,0.00,1162887168,0,0
28.6811,186425344,185.0900,552.01,0,0,1,69.00,0.00,1162887168,0,0
28.6921,186425344,185.1200,272.90,0,0,1,45.48,0.00,1162887168,0,0
28.7031,186425344,185.1600,363.96,0,0,1,45.49,0.00,1162887168,0,0
28.7140,186425344,185.2000,367.94,0,0,1,45.99,0.00,1162887168,0,0
28.7250,186425344,185.2400,362.02,0,0,1,45.25,0.00,1162887168,0,0
28.7360,186425344,185.2800,364.67,0,0,1,45.58,0.00,1162887168,0,0
28.7467,186425344,185.3200,373.33,0,0,1,46.67,0.00,1162887168,0,0
28.7579,186425344,185.3600,359.62,0,0,1,44.95,0.00,1162887168,0,0
28.7694,186425344,185.4400,691.45,0,0,1,86.43,0.00,1162887168,0,0
28.7803,186425344,185.4800,367.67,0,0,1,45.96,0.00,1162887168,0,0
28.7914,186425344,185.5200,360.22,0,0,1,45.03,0.00,1162887168,0,0
28.8028,186425344,185.5600,352.04,0,0,1,44.00,0.00,1162887168,0,0
28.8135,186425344,185.6000,373.45,0,0,1,46.68,0.00,1162887168,0,0
28.8246,186425344,185.6400,361.19,0,0,1,45.15,0.00,1162887168,0,0
28.8357,186425344,185.6800,360.20,0,0,1,45.02,0.00,1162887168,0,0
28.8464,186425344,185.7200,373.75,0,0,1,46.72,0.00,1162887168,0,0
28.8571,186425344,185.7600,371.16,0,0,1,46.40,0.00,1162887168,0,0
28.8691,186425344,185.8400,669.31,0,0,1,94.12,0.00,1162887168,0,0
28.8800,186425344,185.8800,366.79,0,0,1,45.85,0.00,1162887168,0,0
28.8910,186425344,185.9200,363.32,0,0,1,45.41,0.00,1162887168,0,0
28.9022,186425344,185.9600,358.02,0,0,1,55.94,0.00,1162887168,0,0
28.9129,186425344,186.0000,371.82,0,0,1,46.48,0.00,1162887168,0,0
28.9241,186425344,186.0400,357.05,0,0,1,44.63,0.00,1162887168,0,0
28.9355,186425344,186.0800,353.67,0,0,1,44.21,0.00,1162887168,0,0
28.9463,186425344,186.1200,370.31,0,0,1,46.29,0.00,1162887168,0,0
28.9575,186425344,186.1600,355.65,0,0,1,44.46,0.00,1162887168,0,0
28.9694,186425344,186.2400,670.25,0,0,1,83.78,0.00,1162887168,0,0
28.9803,186425344,186.2800,366.60,0,0,1,45.83,0.00,1162887168,0,0
28.9914,186425344,186.3200,362.61,0,0,1,45.33,0.00,1162887168,0,0
29.0024,186425344,186.3600,362.42,0,0,1,45.30,0.00,1162887168,0,0
29.0134,186425344,186.4000,365.33,0,0,1,45.67,0.00,1162887168,0,0
29.0246,186425344,186.4400,357.02,0,0,1,55.78,0.00,1162887168,0,0
29.0356,186425344,186.4800,362.42,0,0,1,45.30,0.00,1162887168,0,0
29.0465,186425344,186.5200,365.60,0,0,1,45.70,0.00,1162887168,0,0
29.0576,186425344,186.5600,363.07,0,0,1,45.38,0.00,1162887168,0,0
29.0691,186425344,186.6000,347.96,0,0,1,97.86,0.00,1162887168,0,0
29.0799,186961920,186.6800,737.14,0,0,1,34.55,0.00,1162887168,0,0
29.0910,186961920,186.7100,271.72,0,0,1,33.97,0.00,1162887168,0,0
29.1021,186961920,186.7400,268.70,0,0,1,33.59,0.00,1162887168,0,0
29.1128,186961920,186.7700,279.89,0,0,1,34.99,0.00,1162887168,0,0
29.1239,186961920,186.8000,270.58,0,0,1,33.82,0.00,1162887168,0,0
29.1353,186961920,186.8300,264.36,0,0,1,33.05,0.00,1162887168,0,0
29.1462,186961920,186.8600,275.53,0,0,1,34.44,0.00,1162887168,0,0
29.1571,186961920,186.8900,274.79,0,0,1,34.35,0.00,1162887168,0,0
29.1686,187228160,186.9200,261.00,0,0,1,32.63,0.00,1162887168,0,0
29.1797,187228160,186.9600,358.47,0,0,1,56.01,0.00,1162887168,0,0
29.1906,187228160,186.9800,183.76,0,0,1,22.97,0.00,1162887168,0,0
29.2022,187764736,187.0000,173.13,0,0,1,10.82,0.00,1162887168,0,0
29.2134,187764736,187.0100,88.81,0,0,1,11.10,0.00,1162887168,0,0
29.2246,187764736,187.0200,89.36,0,0,1,11.17,0.00,1162887168,0,0
29.2355,187764736,187.0300,91.72,0,0,1,11.47,0.00,1162887168,0,0
29.2464,187764736,187.0400,91.53,0,0,1,11.44,0.00,1162887168,0,0
29.2578,187764736,187.0500,88.43,0,0,1,11.05,0.00,1162887168,0,0
29.2688,187764736,187.0600,90.43,0,0,1,11.30,0.00,1162887168,0,0
29.2798,187764736,187.0800,182.26,0,0,1,34.17,0.00,1162887168,0,0
29.2908,187764736,187.0900,90.52,0,0,1,11.32,0.00,1162887168,0,0
29.3023,187764736,187.1000,87.52,0,0,1,10.94,0.00,1162887168,0,0
29.3129,187764736,187.1100,93.53,0,0,1,11.69,0.00,1162887168,0,0
29.3241,187764736,187.1200,89.31,0,0,1,11.16,0.00,1162887168,0,0
29.3353,187764736,187.1300,89.48,0,0,1,11.19,0.00,1162887168,0,0
29.3465,187764736,187.1400,89.54,0,0,1,11.19,0.00,1162887168,0,0
29.3575,187764736,187.1500,91.04,0,0,1,11.38,0.00,1162887168,0,0
29.3688,187764736,187.1600,88.60,0,0,1,11.08,0.00,1162887168,0,0
29.3795,187764736,187.1800,186.36,0,0,1,34.94,0.00,1162887168,0,0
29.3909,187764736,187.1900,87.68,0,0,1,10.96,0.00,1162887168,0,0
29.4023,187764736,187.2000,87.88,0,0,1,10.98,0.00,1162887168,0,0
29.4131,187764736,187.2100,92.33,0,0,1,11.54,0.00,1162887168,0,0
29.4244,187764736,187.2200,88.24,0,0,1,11.03,0.00,1162887168,0,0
29.4361,187764736,187.2300,85.46,0,0,1,10.68,0.00,1162887168,0,0
29.4471,187764736,187.2400,91.15,0,0,1,11.39,0.00,1162887168,0,0
29.4582,187764736,187.2500,90.56,0,0,1,11.32,0.00,1162887168,0,0
29.4694,187764736,187.2700,177.81,0,0,1,33.34,0.00,1162887168,0,0
29.4804,187764736,187.2800,91.12,0,0,1,11.39,0.00,1162887168,0,0
29.4915,187764736,187.2900,89.57,0,0,1,11.20,0.00,1162887168,0,0
29.5024,187764736,187.3000,91.90,0,0,1,11.49,0.00,1162887168,0,0
29.5134,187764736,187.3100,91.37,0,0,1,11.42,0.00,1162887168,0,0
29.5246,187764736,187.3200,88.73,0,0,1,11.09,0.00,1162887168,0,0
29.5357,187764736,187.3300,90.13,0,0,1,11.27,0.00,1162887168,0,0
29.5467,187764736,187.3400,91.57,0,0,1,11.45,0.00,1162887168,0,0
29.5579,187764736,187.3500,89.23,0,0,1,11.15,0.00,1162887168,0,0
29.5689,187764736,187.3600,90.40,0,0,1,11.30,0.00,1162887168,0,0
29.5797,187764736,187.3800,185.32,0,0,1,34.75,0.00,1162887168,0,0
29.5909,187764736,187.3900,89.65,0,0,1,11.21,0.00,1162887168,0,0
29.6023,187764736,187.4000,87.15,0,0,1,76.26,0.00,1162887168,0,0
29.6133,187764736,187.4100,91.56,0,0,1,57.23,0.00,1162887168,0,0
29.6245,187764736,187.4200,89.05,0,0,1,55.66,0.00,1162887168,0,0
29.6355,187764736,187.4300,90.58,0,0,1,33.97,0.00,1162887168,0,0
29.6465,187764736,187.4400,90.94,0,0,1,11.37,0.00,1162887168,0,0
29.6577,187764736,187.4500,89.65,0,0,1,11.21,0.00,1162887168,0,0
29.6695,187764736,187.4700,169.08,0,0,1,21.13,0.00,1162887168,0,0
29.6804,187764736,187.4800,91.72,0,0,1,11.47,0.00,1162887168,0,0
29.6913,187764736,187.4900,91.72,0,0,1,11.47,0.00,1162887168,0,0
29.7025,187764736,187.5000,89.72,0,0,1,11.22,0.00,1162887168,0,0
29.7134,187764736,187.5100,91.36,0,0,1,11.42,0.00,1162887168,0,0
29.7245,187764736,187.5200,90.51,0,0,1,22.63,0.00,1162887168,0,0
29.7355,187764736,187.5300,90.39,0,0,1,11.30,0.00,1162887168,0,0
29.7466,187764736,187.5400,90.45,0,0,1,11.31,0.00,1162887168,0,0
29.7577,187764736,187.5500,89.88,0,0,1,11.24,0.00,1162887168,0,0
29.7685,187764736,187.5600,92.56,0,0,1,11.57,0.00,1162887168,0,0
29.7795,187764736,187.5800,181.10,0,0,1,22.64,0.00,1162887168,0,0
29.7907,187764736,187.5900,89.29,0,0,1,11.16,0.00,1162887168,0,0
29.8017,187764736,187.6000,91.72,0,0,1,11.47,0.00,1162887168,0,0
29.8124,187764736,187.6100,92.79,0,0,1,11.60,0.00,1162887168,0,0
29.8232,187764736,187.6200,93.01,0,0,1,11.63,0.00,1162887168,0,0
29.8348,187764736,187.6300,86.06,0,0,1,10.76,0.00,1162887168,0,0
29.8457,187764736,187.6500,184.11,0,0,1,23.01,0.00,1162887168,0,0
29.8569,187764736,187.6500,0.00,0,0,1,22.31,0.00,1162887168,0,0
29.8684,191246336,187.6700,173.57,0,0,1,10.85,0.00,1163919360,0,0
29.8793,191246336,187.7300,550.21,0,0,1,126.09,0.00,1163919360,0,0
29.8905,191246336,187.7700,355.92,0,0,1,55.61,0.00,1163919360,0,0
29.9019,191246336,187.8100,350.93,0,0,1,76.77,0.00,1163919360,0,0
29.9128,191246336,187.8500,368.80,0,0,1,46.10,0.00,1163919360,0,0
29.9238,191246336,187.8900,363.44,0,0,1,45.43,0.00,1163919360,0,0
29.9350,191246336,187.9300,358.03,0,0,1,44.75,0.00,1163919360,0,0
29.9459,191246336,187.9700,366.50,0,0,1,45.81,0.00,1163919360,0,0
29.9574,191246336,188.0100,347.85,0,0,1,43.48,0.00,1163919360,0,0
29.9687,191246336,188.0500,353.91,0,0,1,44.24,0.00,1163919360,0,0
29.9795,191246336,188.1300,736.56,0,0,1,103.58,0.00,1163919360,0,0
29.9904,191246336,188.1700,366.89,0,0,1,45.86,0.00,1163919360,0,0
30.0017,191246336,188.2100,355.37,0,0,1,44.42,0.00,1163919360,0,0
30.0127,191246336,188.2500,363.37,0,0,1,45.42,0.00,1163919360,0,0
30.0240,191246336,188.2900,352.63,0,0,1,44.08,0.00,1163919360,0,0
30.0350,191246336,188.3300,363.74,0,0,1,45.47,0.00,1163919360,0,0
30.0459,191246336,188.3700,368.72,0,0,1,46.09,0.00,1163919360,0,0
30.0569,191246336,188.4100,363.44,0,0,1,45.43,0.00,1163919360,0,0
30.0682,191246336,188.4500,353.11,0,0,1,44.14,0.00,1163919360,0,0
30.0791,191246336,188.5300,737.46,0,0,1,103.70,0.00,1163919360,0,0
30.0903,191246336,188.5700,356.32,0,0,1,44.54,0.00,1163919360,0,0
30.1016,191246336,188.6100,353.03,0,0,1,44.13,0.00,1163919360,0,0
30.1124,191246336,188.6500,369.91,0,0,1,46.24,0.00,1163919360,0,0
30.1234,191246336,188.6900,363.57,0,0,1,45.45,0.00,1163919360,0,0
30.1345,191246336,188.7300,362.95,0,0,1,45.37,0.00,1163919360,0,0
30.1453,191246336,188.7700,368.54,0,0,1,46.07,0.00,1163919360,0,0
30.1563,191246336,188.8100,365.45,0,0,1,45.68,0.00,1163919360,0,0
30.1680,191246336,188.8500,341.06,0,0,1,42.63,0.00,1163919360,0,0
30.1789,191246336,188.9300,730.71,0,0,1,102.76,0.00,1163919360,0,0
30.1903,191246336,188.9700,350.78,0,0,1,43.85,0.00,1163919360,0,0
30.2014,191246336,189.0100,361.81,0,0,1,45.23,0.00,1163919360,0,0
30.2122,191246336,189.0500,369.16,0,0,1,46.14,0.00,1163919360,0,0
30.2233,191246336,189.0900,362.68,0,0,1,45.33,0.00,1163919360,0,0
30.2345,191246336,189.1300,356.18,0,0,1,44.52,0.00,1163919360,0,0
30.2452,191246336,189.1700,372.87,0,0,1,46.61,0.00,1163919360,0,0
30.2561,191246336,189.2100,367.18,0,0,1,45.90,0.00,1163919360,0,0
30.2677,191246336,189.2500,345.37,0,0,1,43.17,0.00,1163919360,0,0
30.2786,191246336,189.2900,366.04,0,0,1,45.75,0.00,1163919360,0,0
30.2898,191246336,189.3700,717.49,0,0,1,100.90,0.00,1163919360,0,0
30.3015,191246336,189.4100,340.52,0,0,1,42.56,0.00,1163919360,0,0
30.3124,191246336,189.4500,367.60,0,0,1,45.95,0.00,1163919360,0,0
30.3234,191246336,189.4900,363.40,0,0,1,45.43,0.00,1163919360,0,0
30.3346,191246336,189.5300,358.45,0,0,1,44.81,0.00,1163919360,0,0
30.3452,191246336,189.5700,375.15,0,0,1,46.89,0.00,1163919360,0,0
30.3559,191246336,189.6100,373.15,0,0,1,46.64,0.00,1163919360,0,0
30.3675,191246336,189.6500,346.35,0,0,1,43.29,0.00,1163919360,0,0
30.3782,191246336,189.6900,372.20,0,0,1,46.53,0.00,1163919360,0,0
30.3891,191246336,189.7600,645.63,0,0,1,103.76,0.00,1163919360,0,0
30.4005,191246336,189.8100,436.27,0,0,1,43.63,0.00,1163919360,0,0
30.4112,191246336,189.8500,375.07,0,0,1,46.88,0.00,1163919360,0,0
30.4221,191246336,189.8900,366.38,0,0,1,45.80,0.00,1163919360,0,0
30.4334,191246336,189.9300,355.18,0,0,1,44.40,0.00,1163919360,0,0
30.4442,191246336,189.9700,369.73,0,0,1,46.22,0.00,1163919360,0,0
30.4551,191246336,190.0100,367.46,0,0,1,45.93,0.00,1163919360,0,0
30.4659,191246336,190.0500,369.98,0,0,1,46.25,0.00,1163919360,0,0
30.4767,191246336,190.0900,369.15,0,0,1,46.14,0.00,1163919360,0,0
30.4875,191246336,190.1300,370.25,0,0,1,46.28,0.00,1163919360,0,0
30.4984,191246336,190.1700,369.60,0,0,1,46.20,0.00,1163919360,0,0
30.5094,191246336,190.2500,722.45,0,0,1,90.31,0.00,1163919360,0,0
30.5202,191246336,190.2900,372.40,0,0,1,46.55,0.00,1163919360,0,0
30.5309,191246336,190.3300,371.78,0,0,1,46.47,0.00,1163919360,0,0
30.5418,191246336,190.3700,368.34,0,0,1,46.04,0.00,1163919360,0,0
30.5527,191246336,190.4100,368.06,0,0,1,46.01,0.00,1163919360,0,0
30.5637,191246336,190.4500,362.34,0,0,1,45.29,0.00,1163919360,0,0
30.5748,191246336,190.4900,361.83,0,0,1,45.23,0.00,1163919360,0,0
30.5857,191246336,190.5300,366.75,0,0,1,45.84,0.00,1163919360,0,0
30.5965,191246336,190.5700,368.22,0,0,1,46.03,0.00,1163919360,0,0
30.6074,191246336,190.6100,366.77,0,0,1,45.85,0.00,1163919360,0,0
30.6185,191246336,190.6500,361.58,0,0,1,45.20,0.00,1163919360,0,0
30.6298,191246336,190.7300,706.03,0,0,1,99.28,0.00,1163919360,0,0
30.6412,191246336,190.7700,350.40,0,0,1,54.75,0.00,1163919360,0,0
30.6526,191246336,190.8100,353.29,0,0,1,55.20,0.00,1163919360,0,0
30.6635,191246336,190.8500,366.45,0,0,1,57.26,0.00,1163919360,0,0
30.6746,191246336,190.8900,360.12,0,0,1,45.01,0.00,1163919360,0,0
30.6855,191246336,190.9300,367.68,0,0,1,45.96,0.00,1163919360,0,0
30.6963,191246336,190.9700,368.48,0,0,1,46.06,0.00,1163919360,0,0
30.7072,191246336,191.0100,366.60,0,0,1,45.83,0.00,1163919360,0,0
30.7181,191246336,191.0500,368.47,0,0,1,46.06,0.00,1163919360,0,0
30.7289,191246336,191.0900,369.07,0,0,1,103.80,0.00,1163919360,0,0
30.7400,191246336,191.1700,725.73,0,0,1,45.36,0.00,1163919360,0,0
30.7510,191246336,191.2100,362.24,0,0,1,45.28,0.00,1163919360,0,0
30.7619,191246336,191.2500,366.05,0,0,1,45.76,0.00,1163919360,0,0
30.7728,191246336,191.2900,368.86,0,0,1,46.11,0.00,1163919360,0,0
30.7844,191246336,191.3300,342.64,0,0,1,42.83,0.00,1163919360,0,0
30.7952,191246336,191.3700,371.38,0,0,1,46.42,0.00,1163919360,0,0
30.8062,191246336,191.4100,365.36,0,0,1,45.67,0.00,1163919360,0,0
30.8174,191246336,191.4500,356.69,0,0,1,44.59,0.00,1163919360,0,0
30.8286,191246336,191.4900,357.20,0,0,1,44.65,0.00,1163919360,0,0
30.8399,191246336,191.5700,703.43,0,0,1,98.92,0.00,1163919360,0,0
30.8513,191246336,191.6100,351.98,0,0,1,44.00,0.00,1163919360,0,0
30.8624,191246336,191.6500,361.37,0,0,1,45.17,0.00,1163919360,0,0
30.8732,191246336,191.6900,370.03,0,0,1,46.25,0.00,1163919360,0,0
30.8842,191246336,191.7300,364.66,0,0,1,45.58,0.00,1163919360,0,0
30.8949,191246336,191.7700,371.91,0,0,1,46.49,0.00,1163919360,0,0
30.9060,191246336,191.8100,359.63,0,0,1,44.95,0.00,1163919360,0,0
30.9176,191246336,191.8500,345.07,0,0,1,43.13,0.00,1163919360,0,0
30.9285,191246336,191.8900,367.01,0,0,1,45.88,0.00,1163919360,0,0
30.9398,191246336,191.9700,710.09,0,0,1,99.86,0.00,1163919360,0,0
30.9508,191246336,192.0100,362.61,0,0,1,45.33,0.00,1163919360,0,0
30.9618,191246336,192.0500,365.75,0,0,1,45.72,0.00,1163919360,0,0
30.9728,191246336,192.0900,362.50,0,0,1,45.31,0.00,1163919360,0,0
30.9845,191246336,192.1300,342.87,0,0,1,42.86,0.00,1163919360,0,0
30.9953,191246336,192.1700,367.56,0,0,1,45.95,0.00,1163919360,0,0
31.0064,191246336,192.2100,362.60,0,0,1,45.33,0.00,1163919360,0,0
31.0177,191246336,192.2500,352.46,0,0,1,44.06,0.00,1163919360,0,0
31.0284,191246336,192.2900,374.11,0,0,1,46.76,0.00,1163919360,0,0
31.0396,191246336,192.3700,715.35,0,0,1,89.42,0.00,1163919360,0,0
31.0509,191246336,192.4100,354.70,0,0,1,44.34,0.00,1163919360,0,0
31.0617,191246336,192.4500,370.37,0,0,1,46.30,0.00,1163919360,0,0
31.0729,191246336,192.4900,357.02,0,0,1,44.63,0.00,1163919360,0,0
31.0848,191246336,192.5300,336.62,0,0,1,42.08,0.00,1163919360,0,0
31.0958,191246336,192.5700,362.18,0,0,1,45.27,0.00,1163919360,0,0
31.1069,191246336,192.6100,359.87,0,0,1,44.98,0.00,1163919360,0,0
31.1179,191246336,192.6500,364.32,0,0,1,45.54,0.00,1163919360,0,0
31.1287,191246336,192.6900,372.05,0,0,1,46.51,0.00,1163919360,0,0
31.1398,191246336,192.7600,627.22,0,0,1,89.60,0.00,1163919360,0,0
31.1511,191246336,192.8100,443.59,0,0,1,55.45,0.00,1163919360,0,0
31.1620,191246336,192.8500,365.37,0,0,1,45.67,0.00,1163919360,0,0
31.1732,191246336,192.8900,358.65,0,0,1,44.83,0.00,1163919360,0,0
31.1842,191246336,192.9300,364.02,0,0,1,45.50,0.00,1163919360,0,0
31.1951,191246336,192.9700,365.03,0,0,1,45.63,0.00,1163919360,0,0
31.2062,191246336,193.0100,360.66,0,0,1,45.08,0.00,1163919360,0,0
31.2174,191246336,193.0500,358.94,0,0,1,44.87,0.00,1163919360,0,0
31.2280,191246336,193.0900,377.67,0,0,1,47.21,0.00,1163919360,0,0
31.2388,191246336,193.1700,739.28,0,0,1,103.96,0.00,1163919360,0,0
31.2507,191246336,193.2100,334.91,0,0,1,41.86,0.00,1163919360,0,0
31.2617,191246336,193.2500,362.96,0,0,1,45.37,0.00,1163919360,0,0
31.2728,191246336,193.2900,363.23,0,0,1,45.40,0.00,1163919360,0,0
31.2840,191246336,193.3300,355.08,0,0,1,44.39,0.00,1163919360,0,0
31.2950,191246336,193.3700,363.04,0,0,1,45.38,0.00,1163919360,0,0
31.3060,191246336,193.4100,363.53,0,0,1,45.44,0.00,1163919360,0,0
31.3173,191246336,193.4500,356.11,0,0,1,44.51,0.00,1163919360,0,0
31.3280,191246336,193.4900,371.71,0,0,1,46.46,0.00,1163919360,0,0
31.3392,191246336,193.5700,717.79,0,0,1,100.94,0.00,1163919360,0,0
31.3506,193138688,193.6000,261.69,0,0,1,21.81,0.00,1163919360,0,0
31.3617,196382720,193.6300,271.78,0,0,1,45.30,0.00,1165725696,0,0
31.3730,196382720,193.6700,353.95,0,0,1,44.24,0.00,1165725696,0,0
31.3840,196382720,193.7100,364.22,0,0,1,45.53,0.00,1165725696,0,0
31.3950,196382720,193.7500,363.66,0,0,1,45.46,0.00,1165725696,0,0
31.4059,196382720,193.7900,367.34,0,0,1,45.92,0.00,1165725696,0,0
31.4171,196382720,193.8300,355.33,0,0,1,44.42,0.00,1165725696,0,0
31.4280,196382720,193.8700,368.71,0,0,1,46.09,0.00,1165725696,0,0
31.4388,196382720,193.9500,736.20,0,0,1,103.53,0.00,1165725696,0,0
31.4502,196382720,193.9900,352.49,0,0,1,44.06,0.00,1165725696,0,0
31.4610,196382720,194.0300,369.49,0,0,1,46.19,0.00,1165725696,0,0
31.4731,196382720,194.0700,331.93,0,0,1,41.49,0.00,1165725696,0,0
31.4871,196382720,194.1100,283.99,0,0,1,35.50,0.00,1165725696,0,0
31.4982,196382720,194.1500,362.03,0,0,1,45.25,0.00,1165725696,0,0
31.5092,196382720,194.2300,728.31,0,0,1,102.42,0.00,1165725696,0,0
31.5201,196382720,194.2700,366.54,0,0,1,45.82,0.00,1165725696,0,0
31.5310,196382720,194.3100,367.82,0,0,1,45.98,0.00,1165725696,0,0
31.5420,196382720,194.3500,362.61,0,0,1,45.33,0.00,1165725696,0,0
31.5529,196382720,194.3900,367.54,0,0,1,45.94,0.00,1165725696,0,0
31.5637,196382720,194.4300,370.12,0,0,1,46.27,0.00,1165725696,0,0
31.5746,196382720,194.4700,365.47,0,0,1,45.68,0.00,1165725696,0,0
31.5855,196382720,194.5100,368.70,0,0,1,46.09,0.00,1165725696,0,0
31.5962,196382720,194.5500,373.57,0,0,1,46.70,0.00,1165725696,0,0
31.6072,196382720,194.5900,362.20,0,0,1,45.27,0.00,1165725696,0,0
31.6183,196382720,194.6300,362.73,0,0,1,45.34,0.00,1165725696,0,0
31.6292,196382720,194.7100,731.68,0,0,1,114.33,0.00,1165725696,0,0
31.6404,196382720,194.7400,267.97,0,0,1,33.50,0.00,1165725696,0,0
31.6514,196382720,194.7900,452.06,0,0,1,56.51,0.00,1165725696,0,0
31.6625,196382720,194.8300,361.79,0,0,1,45.22,0.00,1165725696,0,0
31.6735,196382720,194.8700,362.75,0,0,1,45.34,0.00,1165725696,0,0
31.6847,196382720,194.9100,358.33,0,0,1,44.79,0.00,1165725696,0,0
31.6957,196382720,194.9500,363.07,0,0,1,45.38,0.00,1165725696,0,0
31.7067,196382720,194.9900,363.07,0,0,1,45.38,0.00,1165725696,0,0
31.7178,196382720,195.0300,359.77,0,0,1,44.97,0.00,1165725696,0,0
31.7289,196382720,195.0700,363.34,0,0,1,102.19,0.00,1165725696,0,0
31.7399,196382720,195.1500,721.54,0,0,1,45.10,0.00,1165725696,0,0
31.7510,196382720,195.1900,360.01,0,0,1,45.00,0.00,1165725696,0,0
31.7620,196382720,195.2300,366.08,0,0,1,45.76,0.00,1165725696,0,0
31.7730,196382720,195.2700,364.50,0,0,1,45.56,0.00,1165725696,0,0
31.7841,196382720,195.3100,359.83,0,0,1,44.98,0.00,1165725696,0,0
31.7952,196382720,195.3500,359.98,0,0,1,56.25,0.00,1165725696,0,0
31.8062,196382720,195.3900,361.79,0,0,1,45.22,0.00,1165725696,0,0
31.8173,196382720,195.4300,362.41,0,0,1,45.30,0.00,1165725696,0,0
31.8283,196382720,195.4700,363.58,0,0,1,56.81,0.00,1165725696,0,0
31.8398,196382720,195.5400,609.66,0,0,1,76.21,0.00,1165725696,0,0
31.8509,196382720,195.5900,446.96,0,0,1,67.04,0.00,1165725696,0,0
31.8618,196382720,195.6300,366.94,0,0,1,57.33,0.00,1165725696,0,0
31.8728,196382720,195.6700,365.18,0,0,1,45.65,0.00,1165725696,0,0
31.8841,196382720,195.7100,355.01,0,0,1,44.38,0.00,1165725696,0,0
31.8951,196382720,195.7500,363.67,0,0,1,56.82,0.00,1165725696,0,0
31.9062,196382720,195.7900,360.37,0,0,1,45.05,0.00,1165725696,0,0
31.9171,196382720,195.8300,364.14,0,0,1,45.52,0.00,1165725696,0,0
31.9278,196382720,195.8700,374.47,0,0,1,58.51,0.00,1165725696,0,0
31.9389,196382720,195.9500,719.42,0,0,1,101.17,0.00,1165725696,0,0
31.9501,196382720,195.9900,357.76,0,0,1,44.72,0.00,1165725696,0,0
31.9612,196382720,196.0300,361.40,0,0,1,56.47,0.00,1165725696,0,0
31.9722,196382720,196.0700,364.30,0,0,1,45.54,0.00,1165725696,0,0
31.9832,196382720,196.1100,362.23,0,0,1,56.60,0.00,1165725696,0,0
31.9941,196382720,196.1500,368.92,0,0,1,46.11,0.00,1165725696,0,0
32.0051,196382720,196.1900,362.37,0,0,1,56.62,0.00,1165725696,0,0
32.0164,196382720,196.2300,353.19,0,0,1,44.15,0.00,1165725696,0,0
32.0271,196382720,196.2700,373.16,0,0,1,58.31,0.00,1165725696,0,0
32.0379,196382720,196.3100,372.20,0,0,1,46.53,0.00,1165725696,0,0
32.0494,196382720,196.3900,693.19,0,0,1,97.48,0.00,1165725696,0,0
32.0603,196382720,196.4300,367.80,0,0,1,57.47,0.00,1165725696,0,0
32.0712,196382720,196.4700,367.04,0,0,1,45.88,0.00,1165725696,0,0
32.0829,196382720,196.5100,342.40,0,0,1,42.80,0.00,1165725696,0,0
32.0940,196382720,196.5500,361.48,0,0,1,45.19,0.00,1165725696,0,0
32.1049,196382720,196.5900,365.53,0,0,1,45.69,0.00,1165725696,0,0
32.1164,196382720,196.6300,349.18,0,0,1,43.65,0.00,1165725696,0,0
32.1272,196382720,196.6700,369.28,0,0,1,46.16,0.00,1165725696,0,0
32.1381,196382720,196.7100,367.98,0,0,1,114.99,0.00,1165725696,0,0
32.1501,196382720,196.7900,661.68,0,0,1,41.35,0.00,1165725696,0,0
32.1611,196382720,196.8300,363.65,0,0,1,45.46,0.00,1165725696,0,0
32.1724,196382720,196.8700,354.56,0,0,1,44.32,0.00,1165725696,0,0
32.1838,196382720,196.9100,352.80,0,0,1,44.10,0.00,1165725696,0,0
32.1947,196382720,196.9500,365.69,0,0,1,45.71,0.00,1165725696,0,0
32.2058,196382720,196.9900,359.40,0,0,1,44.92,0.00,1165725696,0,0
32.2168,196382720,197.0300,364.72,0,0,1,56.99,0.00,1165725696,0,0
32.2281,196382720,197.0700,354.02,0,0,1,44.25,0.00,1165725696,0,0
32.2394,196382720,197.1500,707.35,0,0,1,110.52,0.00,1165725696,0,0
32.2505,196382720,197.1900,360.96,0,0,1,45.12,0.00,1165725696,0,0
32.2614,196382720,197.2300,365.79,0,0,1,45.72,0.00,1165725696,0,0
32.2726,196382720,197.2700,357.52,0,0,1,55.86,0.00,1165725696,0,0
32.2838,196382720,197.3100,356.69,0,0,1,44.59,0.00,1165725696,0,0
32.2951,196382720,197.3500,353.77,0,0,1,44.22,0.00,1165725696,0,0
32.3061,196382720,197.3900,363.50,0,0,1,56.80,0.00,1165725696,0,0
32.3172,196382720,197.4300,362.11,0,0,1,45.26,0.00,1165725696,0,0
32.3281,196382720,197.4700,366.91,0,0,1,57.33,0.00,1165725696,0,0
32.3393,196382720,197.5400,626.59,0,0,1,89.51,0.00,1165725696,0,0
32.3503,196382720,197.5700,272.68,0,0,1,34.08,0.00,1165725696,0,0
32.3613,196382720,197.6000,271.34,0,0,1,45.22,0.00,1165725696,0,0
32.3724,196382720,197.6600,543.03,0,0,1,67.88,0.00,1165725696,0,0
32.3833,196382720,197.7100,455.30,0,0,1,68.30,0.00,1165725696,0,0
32.3944,196382720,197.7500,361.50,0,0,1,45.19,0.00,1165725696,0,0
32.4056,196382720,197.7900,356.39,0,0,1,55.69,0.00,1165725696,0,0
32.4166,196382720,197.8300,364.54,0,0,1,45.57,0.00,1165725696,0,0
32.4274,196382720,197.8700,371.13,0,0,1,57.99,0.00,1165725696,0,0
32.4385,196382720,197.9100,359.22,0,0,1,44.90,0.00,1165725696,0,0
32.4498,196382720,197.9900,709.92,0,0,1,110.93,0.00,1165725696,0,0
32.4606,196382720,198.0300,370.53,0,0,1,46.32,0.00,1165725696,0,0
32.4715,196382720,198.0700,365.19,0,0,1,57.06,0.00,1165725696,0,0
32.4830,196382720,198.1100,349.63,0,0,1,43.70,0.00,1165725696,0,0
32.4937,196382720,198.1500,372.21,0,0,1,46.53,0.00,1165725696,0,0
32.5047,196382720,198.1900,364.55,0,0,1,56.96,0.00,1165725696,0,0
32.5161,196382720,198.2300,352.20,0,0,1,44.03,0.00,1165725696,0,0
32.5269,196382720,198.2700,368.90,0,0,1,57.64,0.00,1165725696,0,0
32.5378,196382720,198.3100,365.55,0,0,1,45.69,0.00,1165725696,0,0
32.5493,196382720,198.3900,698.88,0,0,1,109.20,0.00,1165725696,0,0
32.5600,196382720,198.4300,372.45,0,0,1,46.56,0.00,1165725696,0,0
32.5710,196382720,198.4700,364.89,0,0,1,45.61,0.00,1165725696,0,0
32.5826,196382720,198.5100,345.66,0,0,1,54.01,0.00,1165725696,0,0
32.5936,196382720,198.5500,363.43,0,0,1,45.43,0.00,1165725696,0,0
32.6047,196382720,198.5900,359.14,0,0,1,44.89,0.00,1165725696,0,0
32.6164,196382720,198.6300,341.05,0,0,1,53.29,0.00,1165725696,0,0
32.6273,196382720,198.6700,368.02,0,0,1,46.00,0.00,1165725696,0,0
32.6382,196382720,198.7100,368.58,0,0,1,57.59,0.00,1165725696,0,0
32.6493,196382720,198.7900,720.82,0,0,1,101.37,0.00,1165725696,0,0
32.6601,196382720,198.8300,368.96,0,0,1,46.12,0.00,1165725696,0,0
32.6711,196382720,198.8700,364.82,0,0,1,45.60,0.00,1165725696,0,0
32.6825,196382720,198.9100,348.60,0,0,1,43.57,0.00,1165725696,0,0
32.6934,196382720,198.9500,367.29,0,0,1,45.91,0.00,1165725696,0,0
32.7047,196382720,198.9900,355.00,0,0,1,44.37,0.00,1165725696,0,0
32.7162,196382720,199.0300,346.18,0,0,1,43.27,0.00,1165725696,0,0
32.7271,196382720,199.0700,367.03,0,0,1,45.88,0.00,1165725696,0,0
32.7382,196382720,199.1100,362.07,0,0,1,45.26,0.00,1165725696,0,0
32.7494,196382720,199.1900,715.90,0,0,1,89.49,0.00,1165725696,0,0
32.7603,196382720,199.2300,366.17,0,0,1,45.77,0.00,1165725696,0,0
32.7713,196382720,199.2700,363.86,0,0,1,45.48,0.00,1165725696,0,0
32.7825,196382720,199.3100,356.98,0,0,1,44.62,0.00,1165725696,0,0
32.7934,196382720,199.3500,367.88,0,0,1,45.99,0.00,1165725696,0,0
32.8045,196382720,199.3900,358.25,0,0,1,44.78,0.00,1165725696,0,0
32.8160,196382720,199.4300,349.80,0,0,1,43.73,0.00,1165725696,0,0
32.8269,196382720,199.4700,366.09,0,0,1,45.76,0.00,1165725696,0,0
32.8378,196382720,199.5100,366.27,0,0,1,45.78,0.00,1165725696,0,0
32.8492,196382720,199.5900,702.23,0,0,1,98.75,0.00,1165725696,0,0
32.8601,196382720,199.6300,368.42,0,0,1,46.05,0.00,1165725696,0,0
32.8708,196382720,199.6700,371.23,0,0,1,46.40,0.00,1165725696,0,0
32.8822,196382720,199.7100,351.24,0,0,1,43.90,0.00,1165725696,0,0
32.8931,196382720,199.7500,366.32,0,0,1,45.79,0.00,1165725696,0,0
32.9040,196382720,199.7900,367.04,0,0,1,45.88,0.00,1165725696,0,0
32.9156,196382720,199.8300,344.85,0,0,1,43.11,0.00,1165725696,0,0
32.9265,196382720,199.8700,367.24,0,0,1,45.90,0.00,1165725696,0,0
32.9376,196382720,199.9100,360.78,0,0,1,45.10,0.00,1165725696,0,0
32.9493,198004736,199.9800,601.04,0,0,1,85.86,0.00,1166499840,0,0
32.9602,198004736,200.0000,182.74,0,0,1,22.84,0.00,1166499840,0,0
32.9712,201465856,200.0200,182.05,0,0,1,22.76,0.00,1168048128,0,0
32.9826,201465856,200.0600,351.49,0,0,1,43.94,0.00,1168048128,0,0
32.9933,201465856,200.1000,371.52,0,0,1,46.44,0.00,1168048128,0,0
33.0044,201465856,200.1400,361.37,0,0,1,45.17,0.00,1168048128,0,0
33.0158,201465856,200.1800,350.07,0,0,1,43.76,0.00,1168048128,0,0
33.0265,201465856,200.2200,374.28,0,0,1,46.78,0.00,1168048128,0,0
33.0372,201465856,200.2600,373.20,0,0,1,46.65,0.00,1168048128,0,0
33.0486,201465856,200.3000,353.16,0,0,1,44.15,0.00,1168048128,0,0
33.0598,201465856,200.3800,710.41,0,0,1,99.90,0.00,1168048128,0,0
33.0707,201465856,200.4200,367.00,0,0,1,45.87,0.00,1168048128,0,0
33.0825,201465856,200.4600,339.57,0,0,1,42.45,0.00,1168048128,0,0
33.0934,201465856,200.5000,368.06,0,0,1,57.51,0.00,1168048128,0,0
33.1045,201465856,200.5400,358.87,0,0,1,44.86,0.00,1168048128,0,0
33.1159,201465856,200.5800,353.13,0,0,1,44.14,0.00,1168048128,0,0
33.1268,201465856,200.6200,366.38,0,0,1,45.80,0.00,1168048128,0,0
33.1379,201465856,200.6600,359.16,0,0,1,44.90,0.00,1168048128,0,0
33.1490,201465856,200.7400,718.45,0,0,1,101.03,0.00,1168048128,0,0
33.1600,201465856,200.7800,364.48,0,0,1,45.56,0.00,1168048128,0,0
33.1709,201465856,200.8200,367.76,0,0,1,57.46,0.00,1168048128,0,0
33.1824,201465856,200.8600,348.26,0,0,1,43.53,0.00,1168048128,0,0
33.1931,201465856,200.9000,374.64,0,0,1,46.83,0.00,1168048128,0,0
33.2041,201465856,200.9400,361.50,0,0,1,45.19,0.00,1168048128,0,0
33.2156,201465856,200.9800,349.31,0,0,1,43.66,0.00,1168048128,0,0
33.2265,201465856,201.0200,366.07,0,0,1,45.76,0.00,1168048128,0,0
33.2372,201465856,201.0600,373.16,0,0,1,46.65,0.00,1168048128,0,0
33.2488,201465856,201.1000,345.56,0,0,1,43.19,0.00,1168048128,0,0
33.2594,201465856,201.1800,752.46,0,0,1,105.81,0.00,1168048128,0,0
33.2703,201465856,201.2200,366.42,0,0,1,45.80,0.00,1168048128,0,0
33.2820,201465856,201.2600,344.08,0,0,1,43.01,0.00,1168048128,0,0
33.2929,201465856,201.3000,366.19,0,0,1,45.77,0.00,1168048128,0,0
33.3039,201465856,201.3400,363.40,0,0,1,45.43,0.00,1168048128,0,0
33.3157,201465856,201.3800,338.67,0,0,1,42.33,0.00,1168048128,0,0
33.3267,201465856,201.4200,364.06,0,0,1,45.51,0.00,1168048128,0,0
33.3379,201465856,201.4600,357.82,0,0,1,44.73,0.00,1168048128,0,0
33.3491,201465856,201.5400,714.02,0,0,1,100.41,0.00,1168048128,0,0
33.3599,201465856,201.5800,368.59,0,0,1,46.07,0.00,1168048128,0,0
33.3710,201465856,201.6200,360.30,0,0,1,45.04,0.00,1168048128,0,0
33.3823,201465856,201.6600,355.97,0,0,1,44.50,0.00,1168048128,0,0
33.3931,201465856,201.7000,367.68,0,0,1,45.96,0.00,1168048128,0,0
33.4041,201465856,201.7400,364.36,0,0,1,45.54,0.00,1168048128,0,0
33.4154,201465856,201.7800,353.63,0,0,1,44.20,0.00,1168048128,0,0
33.4266,201465856,201.8200,358.06,0,0,1,44.76,0.00,1168048128,0,0
33.4377,201465856,201.8600,360.47,0,0,1,45.06,0.00,1168048128,0,0
33.4489,201465856,201.9000,357.59,0,0,1,44.70,0.00,1168048128,0,0
33.4598,201465856,201.9800,736.77,0,0,1,103.61,0.00,1168048128,0,0
33.4708,201465856,202.0200,363.33,0,0,1,45.42,0.00,1168048128,0,0
33.4820,201465856,202.0600,356.78,0,0,1,44.60,0.00,1168048128,0,0
33.4926,201465856,202.1000,375.85,0,0,1,46.98,0.00,1168048128,0,0
33.5036,201465856,202.1400,364.39,0,0,1,45.55,0.00,1168048128,0,0
33.5151,201465856,202.1800,347.05,0,0,1,54.23,0.00,1168048128,0,0
33.5260,201465856,202.2200,366.09,0,0,1,45.76,0.00,1168048128,0,0
33.5368,201465856,202.2600,372.11,0,0,1,46.51,0.00,1168048128,0,0
33.5486,201465856,202.3000,339.13,0,0,1,42.39,0.00,1168048128,0,0
33.5596,201465856,202.3800,729.15,0,0,1,102.54,0.00,1168048128,0,0
33.5706,201465856,202.4200,362.74,0,0,1,45.34,0.00,1168048128,0,0
33.5822,201465856,202.4600,345.74,0,0,1,43.22,0.00,1168048128,0,0
33.5931,201465856,202.5000,366.13,0,0,1,45.77,0.00,1168048128,0,0
33.6041,201465856,202.5400,363.26,0,0,1,45.41,0.00,1168048128,0,0
33.6154,201465856,202.5800,354.06,0,0,1,44.26,0.00,1168048128,0,0
33.6262,201465856,202.6200,368.70,0,0,1,46.09,0.00,1168048128,0,0
33.6375,201465856,202.6600,355.55,0,0,1,44.44,0.00,1168048128,0,0
33.6487,201465856,202.7000,355.95,0,0,1,44.49,0.00,1168048128,0,0
33.6596,201465856,202.7800,736.39,0,0,1,103.55,0.00,1168048128,0,0
33.6705,201465856,202.8200,366.41,0,0,1,45.80,0.00,1168048128,0,0
33.6820,201465856,202.8600,347.60,0,0,1,43.45,0.00,1168048128,0,0
33.6929,201465856,202.9000,368.08,0,0,1,46.01,0.00,1168048128,0,0
33.7037,201465856,202.9400,371.01,0,0,1,46.38,0.00,1168048128,0,0
33.7151,201465856,202.9800,348.44,0,0,1,43.55,0.00,1168048128,0,0
33.7261,201465856,203.0200,364.70,0,0,1,45.59,0.00,1168048128,0,0
33.7369,201465856,203.0600,370.76,0,0,1,46.34,0.00,1168048128,0,0
33.7485,201465856,203.1000,344.42,0,0,1,43.05,0.00,1168048128,0,0
33.7593,201465856,203.1500,463.52,0,0,1,81.12,0.00,1168048128,0,0
33.7707,201465856,203.2000,438.85,0,0,1,43.88,0.00,1168048128,0,0
33.7822,201465856,203.2500,434.14,0,0,1,54.27,0.00,1168048128,0,0
33.7933,201465856,203.2900,361.58,0,0,1,56.50,0.00,1168048128,0,0
33.8043,201465856,203.3400,451.57,0,0,1,45.16,0.00,1168048128,0,0
33.8154,201465856,203.3800,361.25,0,0,1,33.87,0.00,1168048128,0,0
33.8265,201465856,203.4200,362.41,0,0,1,45.30,0.00,1168048128,0,0
33.8374,201465856,203.4700,456.56,0,0,1,45.66,0.00,1168048128,0,0
33.8485,201465856,203.5000,269.72,0,0,1,44.95,0.00,1168048128,0,0
33.8600,201465856,203.5400,349.01,0,0,1,54.53,0.00,1168048128,0,0
33.8717,201465856,203.6200,684.33,0,0,1,85.54,0.00,1168048128,0,0
33.8835,201465856,203.6600,337.32,0,0,1,42.16,0.00,1168048128,0,0
33.8946,201465856,203.7000,360.54,0,0,1,45.07,0.00,1168048128,0,0
33.9058,201465856,203.7400,358.97,0,0,1,44.87,0.00,1168048128,0,0
33.9169,201465856,203.7800,360.44,0,0,1,45.05,0.00,1168048128,0,0
33.9277,201465856,203.8200,369.48,0,0,1,46.19,0.00,1168048128,0,0
33.9391,201465856,203.9000,698.80,0,0,1,98.27,0.00,1168048128,0,0
33.9506,201465856,203.9400,349.69,0,0,1,43.71,0.00,1168048128,0,0
33.9616,201465856,203.9800,363.54,0,0,1,45.44,0.00,1168048128,0,0
33.9730,201465856,204.0200,350.79,0,0,1,43.85,0.00,1168048128,0,0
33.9840,201465856,204.0600,363.79,0,0,1,45.47,0.00,1168048128,0,0
33.9951,201465856,204.1000,359.69,0,0,1,44.96,0.00,1168048128,0,0
34.0064,201465856,204.1400,353.77,0,0,1,44.22,0.00,1168048128,0,0
34.0175,201465856,204.1800,360.29,0,0,1,45.04,0.00,1168048128,0,0
34.0285,201465856,204.2200,363.55,0,0,1,45.44,0.00,1168048128,0,0
34.0397,201465856,204.3000,715.32,0,0,1,100.59,0.00,1168048128,0,0
34.0507,201465856,204.3400,363.69,0,0,1,56.83,0.00,1168048128,0,0
34.0616,201465856,204.3800,366.39,0,0,1,57.25,0.00,1168048128,0,0
34.0730,201465856,204.4200,352.35,0,0,1,55.06,0.00,1168048128,0,0
34.0839,201465856,204.4600,365.56,0,0,1,57.12,0.00,1168048128,0,0
34.0950,201465856,204.5000,360.31,0,0,1,56.30,0.00,1168048128,0,0
34.1062,201465856,204.5400,358.10,0,0,1,55.95,0.00,1168048128,0,0
34.1171,201465856,204.5800,365.42,0,0,1,45.68,0.00,1168048128,0,0
34.1281,201465856,204.6200,363.89,0,0,1,45.49,0.00,1168048128,0,0
34.1396,201465856,204.7000,699.26,0,0,1,87.41,0.00,1168048128,0,0
34.1508,201465856,204.7400,355.62,0,0,1,44.45,0.00,1168048128,0,0
34.1617,201465856,204.7800,366.26,0,0,1,45.78,0.00,1168048128,0,0
34.1725,201465856,204.8200,372.51,0,0,1,46.56,0.00,1168048128,0,0
34.1833,201465856,204.8600,368.62,0,0,1,46.08,0.00,1168048128,0,0
34.1941,201465856,204.9000,371.60,0,0,1,46.45,0.00,1168048128,0,0
34.2052,201465856,204.9400,361.15,0,0,1,45.14,0.00,1168048128,0,0
34.2161,201465856,204.9800,366.75,0,0,1,57.30,0.00,1168048128,0,0
34.2270,201465856,205.0200,366.45,0,0,1,45.81,0.00,1168048128,0,0
34.2380,201465856,205.0600,364.82,0,0,1,45.60,0.00,1168048128,0,0
34.2488,201465856,205.1000,370.39,0,0,1,46.30,0.00,1168048128,0,0
34.2595,201465856,205.1800,745.53,0,0,1,93.19,0.00,1168048128,0,0
34.2704,201465856,205.2200,366.56,0,0,1,45.82,0.00,1168048128,0,0
34.2813,201465856,205.2600,366.99,0,0,1,45.87,0.00,1168048128,0,0
34.2922,201465856,205.3000,368.16,0,0,1,46.02,0.00,1168048128,0,0
34.3031,201465856,205.3400,365.67,0,0,1,45.71,0.00,1168048128,0,0
34.3140,201465856,205.3800,366.33,0,0,1,45.79,0.00,1168048128,0,0
34.3250,201465856,205.4200,365.05,0,0,1,45.63,0.00,1168048128,0,0
34.3359,201465856,205.4600,365.31,0,0,1,45.66,0.00,1168048128,0,0
34.3469,201465856,205.5000,363.71,0,0,1,45.46,0.00,1168048128,0,0
34.3582,201465856,205.5400,356.02,0,0,1,44.50,0.00,1168048128,0,0
34.3693,201465856,205.6200,718.43,0,0,1,101.03,0.00,1168048128,0,0
34.3802,201465856,205.6600,366.85,0,0,1,45.86,0.00,1168048128,0,0
34.3910,201465856,205.7000,368.84,0,0,1,46.11,0.00,1168048128,0,0
34.4019,201465856,205.7400,367.88,0,0,1,45.99,0.00,1168048128,0,0
34.4129,201465856,205.7800,364.18,0,0,1,45.52,0.00,1168048128,0,0
34.4238,201465856,205.8200,365.54,0,0,1,45.69,0.00,1168048128,0,0
34.4346,201465856,205.8600,372.36,0,0,1,46.55,0.00,1168048128,0,0
34.4458,201465856,205.9000,356.76,0,0,1,44.59,0.00,1168048128,0,0
34.4569,201465856,205.9400,359.68,0,0,1,44.96,0.00,1168048128,0,0
34.4679,201465856,205.9800,364.14,0,0,1,45.52,0.00,1168048128,0,0
34.4786,201465856,206.0200,375.46,0,0,1,46.93,0.00,1168048128,0,0
34.4893,201465856,206.1000,743.99,0,0,1,104.62,0.00,1168048128,0,0
34.5003,201465856,206.1400,364.88,0,0,1,45.61,0.00,1168048128,0,0
34.5115,201465856,206.1800,355.95,0,0,1,44.49,0.00,1168048128,0,0
34.5225,201465856,206.2200,363.79,0,0,1,45.47,0.00,1168048128,0,0
34.5334,201465856,206.2600,366.05,0,0,1,45.76,0.00,1168048128,0,0
34.5441,201465856,206.3000,373.93,0,0,1,46.74,0.00,1168048128,0,0
34.5553,201465856,206.3400,359.23,0,0,1,44.90,0.00,1168048128,0,0
34.5661,201465856,206.3800,368.02,0,0,1,46.00,0.00,1168048128,0,0
34.5771,201465856,206.4200,364.90,0,0,1,45.61,0.00,1168048128,0,0
34.5885,201465856,206.4600,351.13,0,0,1,43.89,0.00,1168048128,0,0
34.5996,201465856,206.5400,717.33,0,0,1,100.87,0.00,1168048128,0,0
34.6103,201465856,206.5800,374.34,0,0,1,58.49,0.00,1168048128,0,0
34.6213,201465856,206.6200,363.68,0,0,1,56.83,0.00,1168048128,0,0
34.6322,201465856,206.6600,367.16,0,0,1,45.89,0.00,1168048128,0,0
34.6429,201465856,206.7000,375.12,0,0,1,58.61,0.00,1168048128,0,0
34.6539,201465856,206.7400,361.36,0,0,1,56.46,0.00,1168048128,0,0
34.6648,201465856,206.7800,368.62,0,0,1,57.60,0.00,1168048128,0,0
34.6756,201465856,206.8200,370.67,0,0,1,46.33,0.00,1168048128,0,0
34.6863,201465856,206.8600,373.29,0,0,1,46.66,0.00,1168048128,0,0
34.6972,201465856,206.9000,368.67,0,0,1,46.08,0.00,1168048128,0,0
34.7080,201465856,206.9400,368.78,0,0,1,46.10,0.00,1168048128,0,0
34.7189,201465856,206.9800,366.59,0,0,1,103.10,0.00,1168048128,0,0
34.7299,201465856,207.0600,726.43,0,0,1,45.40,0.00,1168048128,0,0
34.7409,201465856,207.1000,364.34,0,0,1,45.54,0.00,1168048128,0,0
34.7525,201465856,207.1400,344.58,0,0,1,43.07,0.00,1168048128,0,0
34.7634,201465856,207.1800,367.97,0,0,1,46.00,0.00,1168048128,0,0
34.7742,201465856,207.2200,368.49,0,0,1,57.58,0.00,1168048128,0,0
34.7851,201465856,207.2600,368.22,0,0,1,46.03,0.00,1168048128,0,0
34.7959,201465856,207.3000,369.54,0,0,1,46.19,0.00,1168048128,0,0
34.8069,201465856,207.3400,364.99,0,0,1,45.62,0.00,1168048128,0,0
34.8179,201465856,207.3800,364.51,0,0,1,45.56,0.00,1168048128,0,0
34.8287,201465856,207.4200,368.85,0,0,1,46.11,0.00,1168048128,0,0
34.8397,201465856,207.5000,728.11,0,0,1,113.77,0.00,1168048128,0,0
34.8506,201465856,207.5400,367.86,0,0,1,45.98,0.00,1168048128,0,0
34.8613,201465856,207.5800,371.32,0,0,1,58.02,0.00,1168048128,0,0
34.8723,201465856,207.6200,365.25,0,0,1,45.66,0.00,1168048128,0,0
34.8832,201465856,207.6600,368.05,0,0,1,57.51,0.00,1168048128,0,0
34.8940,201465856,207.7000,369.61,0,0,1,46.20,0.00,1168048128,0,0
34.9050,201465856,207.7400,364.33,0,0,1,56.93,0.00,1168048128,0,0
34.9159,201465856,207.7800,367.03,0,0,1,45.88,0.00,1168048128,0,0
34.9266,201465856,207.8200,370.99,0,0,1,46.37,0.00,1168048128,0,0
34.9374,201465856,207.8600,372.98,0,0,1,58.28,0.00,1168048128,0,0
34.9483,201465856,207.9000,365.71,0,0,1,45.71,0.00,1168048128,0,0
34.9592,201465856,207.9800,736.59,0,0,1,115.09,0.00,1168048128,0,0
34.9701,201465856,208.0200,364.49,0,0,1,56.95,0.00,1168048128,0,0
34.9811,201465856,208.0600,365.55,0,0,1,45.69,0.00,1168048128,0,0
34.9921,201465856,208.1000,363.48,0,0,1,56.79,0.00,1168048128,0,0
35.0028,201465856,208.1400,372.31,0,0,1,46.54,0.00,1168048128,0,0
35.0137,201465856,208.1800,367.78,0,0,1,57.47,0.00,1168048128,0,0
35.0243,201465856,208.2200,375.75,0,0,1,46.97,0.00,1168048128,0,0
35.0352,201465856,208.2600,368.61,0,0,1,57.60,0.00,1168048128,0,0
35.0461,201465856,208.3000,368.23,0,0,1,46.03,0.00,1168048128,0,0
35.0570,201465856,208.3400,366.53,0,0,1,45.82,0.00,1168048128,0,0
35.0679,201465856,208.3800,366.65,0,0,1,45.83,0.00,1168048128,0,0
35.0786,201465856,208.4200,372.68,0,0,1,46.59,0.00,1168048128,0,0
35.0896,201465856,208.5000,731.27,0,0,1,102.83,0.00,1168048128,0,0
35.1005,201465856,208.5400,367.13,0,0,1,45.89,0.00,1168048128,0,0
35.1113,201465856,208.5800,367.80,0,0,1,45.97,0.00,1168048128,0,0
35.1223,201465856,208.6200,364.36,0,0,1,45.55,0.00,1168048128,0,0
35.1333,201465856,208.6600,364.56,0,0,1,45.57,0.00,1168048128,0,0
35.1440,201465856,208.7000,371.46,0,0,1,46.43,0.00,1168048128,0,0
35.1552,201465856,208.7400,358.94,0,0,1,44.87,0.00,1168048128,0,0
35.1663,201465856,208.7800,359.45,0,0,1,44.93,0.00,1168048128,0,0
35.1773,201465856,208.8200,363.98,0,0,1,45.50,0.00,1168048128,0,0
35.1884,201465856,208.8600,360.67,0,0,1,45.08,0.00,1168048128,0,0
35.1994,201465856,208.9400,729.83,0,0,1,102.63,0.00,1168048128,0,0
35.2102,201465856,208.9800,368.57,0,0,1,46.07,0.00,1168048128,0,0
35.2213,201465856,209.0200,359.47,0,0,1,44.93,0.00,1168048128,0,0
35.2323,201465856,209.0600,364.05,0,0,1,45.51,0.00,1168048128,0,0
35.2431,201465856,209.1000,369.59,0,0,1,46.20,0.00,1168048128,0,0
35.2540,201465856,209.1400,367.00,0,0,1,45.88,0.00,1168048128,0,0
35.2657,201465856,209.1800,343.23,0,0,1,42.90,0.00,1168048128,0,0
35.2766,201465856,209.2200,366.73,0,0,1,45.84,0.00,1168048128,0,0
35.2873,201465856,209.2600,372.55,0,0,1,46.57,0.00,1168048128,0,0
35.2983,201465856,209.3000,363.69,0,0,1,45.46,0.00,1168048128,0,0
35.3091,201465856,209.3800,741.31,0,0,1,104.25,0.00,1168048128,0,0
35.3201,201465856,209.4200,365.87,0,0,1,45.73,0.00,1168048128,0,0
35.3317,201465856,209.4600,344.32,0,0,1,43.04,0.00,1168048128,0,0
35.3427,201465856,209.5000,364.67,0,0,1,45.58,0.00,1168048128,0,0
35.3537,201465856,209.5400,361.09,0,0,1,45.14,0.00,1168048128,0,0
35.3653,201465856,209.5800,347.03,0,0,1,43.38,0.00,1168048128,0,0
35.3762,201465856,209.6200,367.03,0,0,1,45.88,0.00,1168048128,0,0
35.3871,201465856,209.6600,367.07,0,0,1,45.88,0.00,1168048128,0,0
35.3986,201465856,209.7000,346.60,0,0,1,43.32,0.00,1168048128,0,0
35.4093,201465856,209.7800,749.34,0,0,1,105.38,0.00,1168048128,0,0
35.4200,201465856,209.8200,371.17,0,0,1,46.40,0.00,1168048128,0,0
35.4312,201465856,209.8600,359.56,0,0,1,44.94,0.00,1168048128,0,0
35.4420,201465856,209.9000,368.97,0,0,1,46.12,0.00,1168048128,0,0
35.4528,201465856,209.9400,370.30,0,0,1,46.29,0.00,1168048128,0,0
35.4638,201465856,209.9800,363.22,0,0,1,45.40,0.00,1168048128,0,0
35.4747,201465856,210.0200,367.34,0,0,1,45.92,0.00,1168048128,0,0
35.4858,201465856,210.0600,360.01,0,0,1,45.00,0.00,1168048128,0,0
35.4966,201465856,210.1000,370.01,0,0,1,46.25,0.00,1168048128,0,0
35.5075,201465856,210.1400,368.77,0,0,1,46.10,0.00,1168048128,0,0
35.5183,201465856,210.1800,368.78,0,0,1,46.10,0.00,1168048128,0,0
35.5293,201465856,210.2600,732.59,0,0,1,103.02,0.00,1168048128,0,0
35.5402,201465856,210.3000,365.85,0,0,1,45.73,0.00,1168048128,0,0
35.5512,201465856,210.3400,363.17,0,0,1,45.40,0.00,1168048128,0,0
35.5621,201465856,210.3800,365.65,0,0,1,45.71,0.00,1168048128,0,0
35.5731,201465856,210.4200,363.44,0,0,1,45.43,0.00,1168048128,0,0
35.5839,201465856,210.4600,372.02,0,0,1,46.50,0.00,1168048128,0,0
35.5947,201465856,210.5000,368.75,0,0,1,46.09,0.00,1168048128,0,0
35.6058,201465856,210.5400,360.79,0,0,1,45.10,0.00,1168048128,0,0
35.6167,201465856,210.5800,367.81,0,0,1,57.47,0.00,1168048128,0,0
35.6276,201465856,210.6200,368.51,0,0,1,46.06,0.00,1168048128,0,0
35.6386,201465856,210.6600,362.69,0,0,1,45.34,0.00,1168048128,0,0
35.6494,201465856,210.7400,740.90,0,0,1,104.19,0.00,1168048128,0,0
35.6603,201465856,210.7800,366.98,0,0,1,45.87,0.00,1168048128,0,0
35.6714,201465856,210.8200,361.20,0,0,1,45.15,0.00,1168048128,0,0
35.6824,201465856,210.8600,361.39,0,0,1,45.17,0.00,1168048128,0,0
35.6934,201465856,210.9000,365.92,0,0,1,45.74,0.00,1168048128,0,0
35.7045,201465856,210.9400,359.12,0,0,1,44.89,0.00,1168048128,0,0
35.7154,201465856,210.9800,365.60,0,0,1,45.70,0.00,1168048128,0,0
35.7264,201465856,211.0200,363.66,0,0,1,45.46,0.00,1168048128,0,0
35.7380,201465856,211.0600,346.96,0,0,1,43.37,0.00,1168048128,0,0
35.7495,201465856,211.1400,695.43,0,0,1,86.93,0.00,1168048128,0,0
35.7603,201465856,211.1800,368.08,0,0,1,46.01,0.00,1168048128,0,0
35.7716,201465856,211.2200,354.40,0,0,1,44.30,0.00,1168048128,0,0
35.7828,201465856,211.2600,358.61,0,0,1,44.83,0.00,1168048128,0,0
35.7935,201465856,211.3000,372.54,0,0,1,46.57,0.00,1168048128,0,0
35.8045,201465856,211.3400,363.66,0,0,1,45.46,0.00,1168048128,0,0
35.8160,201465856,211.3800,347.48,0,0,1,43.43,0.00,1168048128,0,0
35.8269,201465856,211.4200,369.57,0,0,1,46.20,0.00,1168048128,0,0
35.8380,201465856,211.4600,358.76,0,0,1,44.85,0.00,1168048128,0,0
35.8490,201465856,211.5000,363.13,0,0,1,102.13,0.00,1168048128,0,0
35.8600,201465856,211.5800,730.08,0,0,1,45.63,0.00,1168048128,0,0
35.8707,201465856,211.6200,373.99,0,0,1,46.75,0.00,1168048128,0,0
35.8815,201465856,211.6600,367.98,0,0,1,46.00,0.00,1168048128,0,0
35.8924,201465856,211.7000,367.95,0,0,1,45.99,0.00,1168048128,0,0
35.9033,201465856,211.7400,367.04,0,0,1,45.88,0.00,1168048128,0,0
35.9142,201465856,211.7800,368.07,0,0,1,46.01,0.00,1168048128,0,0
35.9250,201465856,211.8200,367.94,0,0,1,45.99,0.00,1168048128,0,0
35.9360,201465856,211.8600,364.19,0,0,1,45.52,0.00,1168048128,0,0
35.9471,201465856,211.9000,362.15,0,0,1,45.27,0.00,1168048128,0,0
35.9581,201465856,211.9400,362.58,0,0,1,45.32,0.00,1168048128,0,0
35.9690,201465856,212.0200,731.24,0,0,1,114.26,0.00,1168048128,0,0
35.9800,201465856,212.0600,365.42,0,0,1,45.68,0.00,1168048128,0,0
35.9910,201465856,212.1000,364.90,0,0,1,45.61,0.00,1168048128,0,0
36.0019,201465856,212.1400,366.37,0,0,1,45.80,0.00,1168048128,0,0
36.0127,201465856,212.1800,368.30,0,0,1,46.04,0.00,1168048128,0,0
36.0234,201465856,212.2200,373.58,0,0,1,46.70,0.00,1168048128,0,0
36.0343,201465856,212.2600,367.17,0,0,1,45.90,0.00,1168048128,0,0
36.0453,201465856,212.3000,364.82,0,0,1,45.60,0.00,1168048128,0,0
36.0562,201465856,212.3400,367.05,0,0,1,45.88,0.00,1168048128,0,0
36.0672,201465856,212.3800,362.54,0,0,1,45.32,0.00,1168048128,0,0
36.0781,201465856,212.4200,366.92,0,0,1,45.87,0.00,1168048128,0,0
36.0891,201465856,212.5000,730.43,0,0,1,102.72,0.00,1168048128,0,0
36.1001,201465856,212.5400,362.04,0,0,1,45.25,0.00,1168048128,0,0
36.1110,201465856,212.5800,367.73,0,0,1,45.97,0.00,1168048128,0,0
36.1221,201465856,212.6200,361.88,0,0,1,45.24,0.00,1168048128,0,0
36.1330,201465856,212.6600,367.09,0,0,1,45.89,0.00,1168048128,0,0
36.1438,201465856,212.7000,368.46,0,0,1,46.06,0.00,1168048128,0,0
36.1548,201465856,212.7400,363.28,0,0,1,45.41,0.00,1168048128,0,0
36.1660,201465856,212.7800,359.61,0,0,1,44.95,0.00,1168048128,0,0
36.1776,201465856,212.8200,344.69,0,0,1,43.09,0.00,1168048128,0,0
36.1888,201465856,212.8600,356.54,0,0,1,44.57,0.00,1168048128,0,0
36.1998,201465856,212.9400,725.35,0,0,1,102.00,0.00,1168048128,0,0
36.2108,201465856,212.9800,364.66,0,0,1,45.58,0.00,1168048128,0,0
36.2218,201465856,213.0200,363.66,0,0,1,45.46,0.00,1168048128,0,0
36.2335,201465856,213.0600,340.33,0,0,1,42.54,0.00,1168048128,0,0
36.2445,201465856,213.1000,363.67,0,0,1,45.46,0.00,1168048128,0,0
36.2556,201465856,213.1400,359.96,0,0,1,45.00,0.00,1168048128,0,0
36.2667,201465856,213.1800,360.52,0,0,1,45.06,0.00,1168048128,0,0
36.2779,201465856,213.2200,359.11,0,0,1,44.89,0.00,1168048128,0,0
36.2890,201465856,213.3000,720.33,0,0,1,112.55,0.00,1168048128,0,0
36.3001,201465856,213.3400,358.51,0,0,1,44.81,0.00,1168048128,0,0
36.3110,201465856,213.3800,368.75,0,0,1,46.09,0.00,1168048128,0,0
36.3223,201465856,213.4200,354.17,0,0,1,44.27,0.00,1168048128,0,0
36.3338,201465856,213.4600,348.13,0,0,1,43.52,0.00,1168048128,0,0
36.3448,201465856,213.5000,361.10,0,0,1,45.14,0.00,1168048128,0,0
36.3558,201465856,213.5400,364.01,0,0,1,45.50,0.00,1168048128,0,0
36.3669,201465856,213.5800,361.89,0,0,1,45.24,0.00,1168048128,0,0
36.3779,201465856,213.6200,364.46,0,0,1,45.56,0.00,1168048128,0,0
36.3892,201465856,213.7000,707.40,0,0,1,99.48,0.00,1168048128,0,0
36.4008,201465856,213.7400,343.66,0,0,1,42.96,0.00,1168048128,0,0
36.4118,201465856,213.7800,365.18,0,0,1,45.65,0.00,1168048128,0,0
36.4227,201465856,213.8200,365.88,0,0,1,45.73,0.00,1168048128,0,0
36.4335,201465856,213.8600,371.27,0,0,1,46.41,0.00,1168048128,0,0
36.4444,201465856,213.9000,365.29,0,0,1,45.66,0.00,1168048128,0,0
36.4557,201465856,213.9400,354.06,0,0,1,44.26,0.00,1168048128,0,0
36.4665,201465856,213.9800,370.50,0,0,1,46.31,0.00,1168048128,0,0
36.4774,201465856,214.0200,366.40,0,0,1,45.80,0.00,1168048128,0,0
36.4884,201465856,214.0600,365.23,0,0,1,45.65,0.00,1168048128,0,0
36.4994,201465856,214.1400,726.56,0,0,1,90.82,0.00,1168048128,0,0
36.5103,201465856,214.1800,368.33,0,0,1,46.04,0.00,1168048128,0,0
36.5212,201465856,214.2200,363.78,0,0,1,45.47,0.00,1168048128,0,0
36.5327,201465856,214.2600,348.03,0,0,1,43.50,0.00,1168048128,0,0
36.5435,201465856,214.3000,372.52,0,0,1,46.56,0.00,1168048128,0,0
36.5543,201465856,214.3400,370.92,0,0,1,46.37,0.00,1168048128,0,0
36.5652,201465856,214.3800,364.53,0,0,1,45.57,0.00,1168048128,0,0
36.5763,201465856,214.4200,361.98,0,0,1,45.25,0.00,1168048128,0,0
36.5876,201465856,214.4600,354.58,0,0,1,44.32,0.00,1168048128,0,0
36.5985,201465856,214.5000,365.71,0,0,1,45.71,0.00,1168048128,0,0
36.6092,201465856,214.5800,749.14,0,0,1,105.35,0.00,1168048128,0,0
36.6204,201465856,214.6200,356.44,0,0,1,44.56,0.00,1168048128,0,0
36.6315,201465856,214.6600,360.56,0,0,1,45.07,0.00,1168048128,0,0
36.6423,201465856,214.7000,369.78,0,0,1,46.22,0.00,1168048128,0,0
36.6533,201465856,214.7400,363.37,0,0,1,45.42,0.00,1168048128,0,0
36.6643,201465856,214.7800,363.65,0,0,1,45.46,0.00,1168048128,0,0
36.6752,201465856,214.8200,368.92,0,0,1,46.11,0.00,1168048128,0,0
36.6861,201465856,214.8600,365.97,0,0,1,45.75,0.00,1168048128,0,0
36.6977,201465856,214.9000,345.53,0,0,1,43.19,0.00,1168048128,0,0
36.7086,201465856,214.9400,367.18,0,0,1,45.90,0.00,1168048128,0,0
36.7194,201465856,215.0200,738.25,0,0,1,103.82,0.00,1168048128,0,0
36.7309,201465856,215.0600,347.79,0,0,1,43.47,0.00,1168048128,0,0
36.7416,201465856,215.1000,375.73,0,0,1,46.97,0.00,1168048128,0,0
36.7524,201465856,215.1400,369.25,0,0,1,46.16,0.00,1168048128,0,0
36.7632,201465856,215.1800,368.33,0,0,1,46.04,0.00,1168048128,0,0
36.7742,201465856,215.2200,364.30,0,0,1,45.54,0.00,1168048128,0,0
36.7852,201465856,215.2600,364.06,0,0,1,45.51,0.00,1168048128,0,0
36.7961,201465856,215.3000,368.61,0,0,1,46.08,0.00,1168048128,0,0
36.8068,201465856,215.3400,372.08,0,0,1,46.51,0.00,1168048128,0,0
36.8177,201465856,215.3800,369.04,0,0,1,46.13,0.00,1168048128,0,0
36.8285,201465856,215.4200,370.11,0,0,1,46.26,0.00,1168048128,0,0
36.8394,201465856,215.5000,731.56,0,0,1,102.88,0.00,1168048128,0,0
36.8504,201465856,215.5400,363.55,0,0,1,45.44,0.00,1168048128,0,0
36.8612,201465856,215.5800,369.41,0,0,1,46.18,0.00,1168048128,0,0
36.8722,201465856,215.6200,365.82,0,0,1,45.73,0.00,1168048128,0,0
36.8830,201465856,215.6600,367.99,0,0,1,46.00,0.00,1168048128,0,0
36.8940,201465856,215.7000,365.76,0,0,1,45.72,0.00,1168048128,0,0
36.9050,201465856,215.7400,362.77,0,0,1,45.35,0.00,1168048128,0,0
36.9159,201465856,215.7800,366.25,0,0,1,45.78,0.00,1168048128,0,0
36.9269,201465856,215.8200,364.70,0,0,1,45.59,0.00,1168048128,0,0
36.9379,201465856,215.8600,363.18,0,0,1,45.40,0.00,1168048128,0,0
36.9488,201465856,215.9000,366.27,0,0,1,45.78,0.00,1168048128,0,0
36.9597,201465856,215.9800,732.95,0,0,1,103.07,0.00,1168048128,0,0
36.9712,201465856,216.0200,348.32,0,0,1,43.54,0.00,1168048128,0,0
36.9830,201465856,216.0600,339.73,0,0,1,42.47,0.00,1168048128,0,0
36.9940,201465856,216.1000,362.80,0,0,1,56.69,0.00,1168048128,0,0
37.0050,201465856,216.1400,362.77,0,0,1,45.35,0.00,1168048128,0,0
37.0163,201465856,216.1800,354.72,0,0,1,44.34,0.00,1168048128,0,0
37.0272,201465856,216.2200,367.61,0,0,1,45.95,0.00,1168048128,0,0
37.0380,201465856,216.2600,368.68,0,0,1,46.08,0.00,1168048128,0,0
37.0488,201465856,216.3000,373.16,0,0,1,46.65,0.00,1168048128,0,0
37.0597,201465856,216.3800,731.50,0,0,1,102.87,0.00,1168048128,0,0
37.0706,201465856,216.4200,366.68,0,0,1,45.84,0.00,1168048128,0,0
37.0815,201465856,216.4600,367.58,0,0,1,45.95,0.00,1168048128,0,0
37.0924,201465856,216.5000,367.27,0,0,1,45.91,0.00,1168048128,0,0
37.1034,201465856,216.5400,362.64,0,0,1,45.33,0.00,1168048128,0,0
37.1145,201465856,216.5800,359.52,0,0,1,44.94,0.00,1168048128,0,0
37.1254,201465856,216.6200,366.98,0,0,1,45.87,0.00,1168048128,0,0
37.1366,201465856,216.6600,357.13,0,0,1,44.64,0.00,1168048128,0,0
37.1475,201465856,216.7000,369.06,0,0,1,46.13,0.00,1168048128,0,0
37.1584,201465856,216.7400,366.13,0,0,1,45.77,0.00,1168048128,0,0
37.1698,201465856,216.8000,525.24,0,0,1,76.60,0.00,1168048128,0,0
37.1813,201465856,216.8600,524.67,0,0,1,54.65,0.00,1168048128,0,0
37.1922,201465856,216.9000,365.28,0,0,1,45.66,0.00,1168048128,0,0
37.2035,201465856,216.9400,354.55,0,0,1,44.32,0.00,1168048128,0,0
37.2145,201465856,216.9800,363.58,0,0,1,45.45,0.00,1168048128,0,0
37.2254,201465856,217.0200,366.74,0,0,1,45.84,0.00,1168048128,0,0
37.2365,201465856,217.0600,359.63,0,0,1,44.95,0.00,1168048128,0,0
37.2475,201465856,217.1000,365.86,0,0,1,45.73,0.00,1168048128,0,0
37.2582,201465856,217.1400,373.26,0,0,1,46.66,0.00,1168048128,0,0
37.2691,201465856,217.2200,731.65,0,0,1,102.89,0.00,1168048128,0,0
37.2808,201465856,217.2600,341.74,0,0,1,42.72,0.00,1168048128,0,0
37.2917,201465856,217.3000,367.34,0,0,1,45.92,0.00,1168048128,0,0
37.3033,201465856,217.3400,346.31,0,0,1,43.29,0.00,1168048128,0,0
37.3146,201465856,217.3800,352.02,0,0,1,44.00,0.00,1168048128,0,0
37.3256,201465856,217.4200,365.79,0,0,1,45.72,0.00,1168048128,0,0
37.3366,201465856,217.4600,362.43,0,0,1,56.63,0.00,1168048128,0,0
37.3475,201465856,217.5000,367.08,0,0,1,45.88,0.00,1168048128,0,0
37.3584,201465856,217.5400,367.07,0,0,1,45.88,0.00,1168048128,0,0
37.3693,201465856,217.6200,733.26,0,0,1,103.11,0.00,1168048128,0,0
37.3802,201465856,217.6600,365.69,0,0,1,45.71,0.00,1168048128,0,0
37.3911,201465856,217.7000,367.56,0,0,1,45.95,0.00,1168048128,0,0
37.4022,201465856,217.7400,360.31,0,0,1,45.04,0.00,1168048128,0,0
37.4129,201465856,217.7800,372.71,0,0,1,46.59,0.00,1168048128,0,0
37.4238,201465856,217.8200,370.34,0,0,1,46.29,0.00,1168048128,0,0
37.4346,201465856,217.8600,367.42,0,0,1,45.93,0.00,1168048128,0,0
37.4455,201465856,217.9000,369.80,0,0,1,46.22,0.00,1168048128,0,0
37.4563,201465856,217.9400,367.88,0,0,1,45.98,0.00,1168048128,0,0
37.4672,201465856,217.9800,366.81,0,0,1,45.85,0.00,1168048128,0,0
37.4780,201465856,218.0200,369.78,0,0,1,46.22,0.00,1168048128,0,0
37.4889,201465856,218.0600,367.53,0,0,1,103.37,0.00,1168048128,0,0
37.4999,201465856,218.1400,728.46,0,0,1,45.53,0.00,1168048128,0,0
37.5109,201465856,218.1800,365.64,0,0,1,45.71,0.00,1168048128,0,0
37.5216,201465856,218.2200,373.90,0,0,1,46.74,0.00,1168048128,0,0
37.5322,201465856,218.2600,375.66,0,0,1,46.96,0.00,1168048128,0,0
37.5431,201465856,218.3000,367.50,0,0,1,45.94,0.00,1168048128,0,0
37.5538,201465856,218.3400,373.67,0,0,1,46.71,0.00,1168048128,0,0
37.5646,201465856,218.3800,371.21,0,0,1,46.40,0.00,1168048128,0,0
37.5755,201465856,218.4200,365.29,0,0,1,45.66,0.00,1168048128,0,0
37.5869,201465856,218.4600,352.62,0,0,1,44.08,0.00,1168220160,0,0
37.5978,201465856,218.5000,365.82,0,0,1,45.73,0.00,1168220160,0,0
37.6086,201465856,218.5400,371.11,0,0,1,46.39,0.00,1168220160,0,0
37.6197,201465856,218.6200,715.98,0,0,1,111.87,0.00,1168220160,0,0
37.6307,201465856,218.6600,365.88,0,0,1,45.73,0.00,1168220160,0,0
37.6414,201465856,218.7000,372.48,0,0,1,58.20,0.00,1168220160,0,0
37.6526,201465856,218.7400,358.42,0,0,1,44.80,0.00,1168220160,0,0
37.6640,202817536,218.7800,351.68,0,0,1,43.96,0.00,1168220160,0,0
37.6747,203628544,218.8000,186.54,0,0,1,23.32,0.00,1168220160,0,0
37.6854,203628544,218.8100,92.81,0,0,1,11.60,0.00,1168220160,0,0
37.6973,203628544,218.8200,84.13,0,0,1,31.55,0.00,1168220160,0,0
37.7084,203628544,218.8300,90.34,0,0,1,11.29,0.00,1168220160,0,0
37.7195,203628544,218.8500,180.70,0,0,1,33.88,0.00,1168220160,0,0
37.7307,203898880,218.8600,89.15,0,0,1,22.29,0.00,1168220160,0,0
37.7417,205791232,218.8700,90.94,0,0,1,11.37,0.00,1168736256,0,0
37.7533,205791232,218.8900,172.49,0,0,1,10.78,0.00,1168736256,0,0
37.7655,203948032,218.9400,409.72,0,0,1,61.46,0.00,1168736256,0,0
37.7769,204214272,218.9600,175.75,0,0,1,32.95,0.00,1168736256,0,0
37.7880,204214272,219.0000,360.39,0,0,1,56.31,0.00,1168736256,0,0
37.7990,203374592,219.0200,181.65,0,0,1,34.06,0.00,1169768448,0,0
37.8100,203374592,219.0300,90.67,0,0,1,11.33,0.00,1169768448,0,0
37.8209,203374592,219.0400,91.78,0,0,1,11.47,0.00,1169768448,0,0
37.8319,203374592,219.0500,91.00,0,0,1,11.37,0.00,1169768448,0,0
37.8428,203374592,219.0600,91.42,0,0,1,11.43,0.00,1169768448,0,0
37.8543,203374592,219.0700,87.40,0,0,1,10.92,0.00,1169768448,0,0
37.8656,203374592,219.0800,88.48,0,0,1,11.06,0.00,1169768448,0,0
37.8769,203374592,219.1000,177.19,0,0,1,22.15,0.00,1169768448,0,0
37.8879,203374592,219.1200,181.27,0,0,1,22.66,0.00,1169768448,0,0
37.8988,203374592,219.1300,91.27,0,0,1,11.41,0.00,1169768448,0,0
37.9096,203374592,219.1500,185.26,0,0,1,34.74,0.00,1169768448,0,0
37.9204,203374592,219.1600,92.95,0,0,1,11.62,0.00,1169768448,0,0
37.9312,203374592,219.1700,92.79,0,0,1,11.60,0.00,1169768448,0,0
37.9420,203374592,219.1900,185.27,0,0,1,57.90,0.00,1169768448,0,0
37.9530,203374592,219.2200,272.84,0,0,1,22.74,0.00,1169768448,0,0
37.9641,203644928,219.2500,270.39,0,0,1,22.53,0.00,1169768448,0,0
37.9749,203644928,219.2600,92.24,0,0,1,23.06,0.00,1169768448,0,0
37.9859,203644928,219.2800,182.38,0,0,1,22.80,0.00,1169768448,0,0
37.9966,203644928,219.3000,186.62,0,0,1,23.33,0.00,1169768448,0,0
38.0072,203644928,219.3200,189.19,0,0,1,23.65,0.00,1169768448,0,0
38.0233,203644928,219.4000,495.89,0,0,1,61.99,0.00,1169768448,0,0
38.0341,203644928,219.4400,368.46,0,0,1,11.51,0.00,1169768448,0,0
38.0451,203644928,219.4600,182.02,0,0,1,56.88,0.00,1169768448,0,0
38.0559,203915264,219.5100,466.54,0,0,1,46.65,0.00,1169768448,0,0
38.0665,203915264,219.5300,188.47,0,0,1,47.12,0.00,1169768448,0,0
38.0772,203915264,219.5800,464.18,0,0,1,46.42,0.00,1169768448,0,0
38.0883,203915264,219.6000,181.41,0,0,1,45.35,0.00,1169768448,0,0
38.0990,203915264,219.6400,371.00,0,0,1,104.34,0.00,1169768448,0,0
38.1098,203915264,219.7200,744.23,0,0,1,46.51,0.00,1169768448,0,0
38.1205,203915264,219.7600,375.14,0,0,1,58.62,0.00,1169768448,0,0
38.1313,203915264,219.7800,184.75,0,0,1,23.09,0.00,1169768448,0,0
38.1425,203915264,219.8600,713.62,0,0,1,89.20,0.00,1169768448,0,0
38.1539,203915264,219.9300,614.26,0,0,1,87.75,0.00,1169768448,0,0
38.1659,203915264,220.0900,1334.29,0,0,1,166.79,0.00,1169768448,0,0
38.1821,203915264,220.1700,492.67,0,0,1,61.58,0.00,1169768448,0,0
38.1930,203915264,220.2000,276.43,0,0,1,11.52,0.00,1169768448,0,0
38.2038,203915264,220.2400,368.22,0,0,1,46.03,0.00,1169768448,0,0
38.2147,203915264,220.2800,369.38,0,0,1,46.17,0.00,1169768448,0,0
38.2255,203915264,220.3300,460.98,0,0,1,57.62,0.00,1169768448,0,0
38.2366,203915264,220.3400,90.15,0,0,1,45.08,0.00,1169768448,0,0
38.2478,203915264,220.4000,533.74,0,0,1,44.48,0.00,1169768448,0,0
38.2587,203915264,220.4200,184.81,0,0,1,46.20,0.00,1169768448,0,0
38.2696,203915264,220.4900,641.23,0,0,1,68.70,0.00,1169768448,0,0
38.2813,203915264,220.5200,255.07,0,0,1,53.14,0.00,1169768448,0,0
38.2920,203915264,220.5600,374.71,0,0,1,58.55,0.00,1169768448,0,0
38.3028,203915264,220.6000,369.17,0,0,1,57.68,0.00,1169768448,0,0
38.3141,203915264,220.6400,357.07,0,0,1,55.79,0.00,1169768448,0,0
38.3251,203915264,220.6800,363.32,0,0,1,56.77,0.00,1169768448,0,0
38.3361,203915264,220.7200,361.89,0,0,1,56.55,0.00,1169768448,0,0
38.3472,203915264,220.7600,360.83,0,0,1,56.38,0.00,1169768448,0,0
38.3581,203915264,220.8000,367.41,0,0,1,45.93,0.00,1169768448,0,0
38.3690,203915264,220.8600,549.15,0,0,1,102.97,0.00,1169768448,0,0
38.3800,203915264,220.9200,545.04,0,0,1,45.42,0.00,1169768448,0,0
38.3909,203915264,220.9500,274.94,0,0,1,34.37,0.00,1169768448,0,0
38.4018,203915264,220.9700,183.95,0,0,1,57.49,0.00,1169768448,0,0
38.4257,203915264,221.1200,628.28,0,0,1,83.77,0.00,1169768448,0,0
38.4370,203915264,221.1900,621.00,0,0,1,88.71,0.00,1169768448,0,0
38.4480,203915264,221.2800,814.57,0,0,1,90.51,0.00,1169768448,0,0
38.4639,203915264,221.4200,878.06,0,0,1,125.44,0.00,1169768448,0,0
38.4749,203915264,221.5100,824.85,0,0,1,91.65,0.00,1169768448,0,0
38.4895,203915264,221.6300,821.85,0,0,1,128.41,0.00,1169768448,0,0
38.5011,203915264,221.7200,775.30,0,0,1,86.14,0.00,1169768448,0,0
38.5133,203915264,221.8200,820.54,0,0,1,92.31,0.00,1169768448,0,0
38.5242,203915264,221.8900,639.33,0,0,1,91.33,0.00,1169768448,0,0
38.5352,203915264,221.9700,726.39,0,0,1,90.80,0.00,1169768448,0,0
38.5463,203915264,222.0600,813.12,0,0,1,90.35,0.00,1169768448,0,0
38.5597,203915264,222.1900,968.06,0,0,1,139.62,0.00,1169768448,0,0
38.5707,203915264,222.2700,726.25,0,0,1,90.78,0.00,1169768448,0,0
38.5817,203915264,222.3400,640.38,0,0,1,80.05,0.00,1169768448,0,0
38.5927,203915264,222.4100,631.96,0,0,1,67.71,0.00,1169768448,0,0
38.6039,203915264,222.4400,269.43,0,0,1,33.68,0.00,1169768448,0,0
38.6151,203915264,222.4800,355.61,0,0,1,22.23,0.00,1169768448,0,0
38.6262,203915264,222.4900,90.03,0,0,1,22.51,0.00,1169768448,0,0
38.6372,203915264,222.5000,91.25,0,0,1,57.03,0.00,1169768448,0,0
38.6481,203915264,222.5400,367.72,0,0,1,57.46,0.00,1169768448,0,0
38.6590,203915264,222.5800,366.37,0,0,1,114.49,0.00,1169768448,0,0
38.6699,203915264,222.6600,731.44,0,0,1,57.14,0.00,1169768448,0,0
38.6808,203915264,222.7000,367.18,0,0,1,57.37,0.00,1169768448,0,0
38.6916,203915264,222.7400,372.23,0,0,1,58.16,0.00,1169768448,0,0
38.7028,203915264,222.7800,357.05,0,0,1,55.79,0.00,1169768448,0,0
38.7136,203915264,222.8200,368.22,0,0,1,23.01,0.00,1170026496,0,0
38.7246,203915264,222.8500,273.92,0,0,1,57.07,0.00,1170026496,0,0
38.7355,203915264,222.8900,367.16,0,0,1,45.90,0.00,1170026496,0,0
38.7464,203915264,222.9300,367.40,0,0,1,57.41,0.00,1170026496,0,0
38.7573,203915264,222.9700,364.03,0,0,1,56.88,0.00,1170026496,0,0
38.7682,203915264,223.0100,369.68,0,0,1,115.53,0.00,1170026496,0,0
38.7800,203915264,223.0900,674.78,0,0,1,42.17,0.00,1170026496,0,0
38.7910,203915264,223.1300,364.48,0,0,1,45.56,0.00,1170026496,0,0
38.8021,203915264,223.1600,271.05,0,0,1,56.47,0.00,1170026496,0,0
38.8135,203915264,223.2000,349.80,0,0,1,54.66,0.00,1170026496,0,0
38.8243,203915264,223.2400,369.85,0,0,1,46.23,0.00,1170026496,0,0
38.8355,203915264,223.2800,359.20,0,0,1,56.12,0.00,1170026496,0,0
38.8468,203915264,223.3200,353.49,0,0,1,44.19,0.00,1170026496,0,0
38.8576,203915264,223.3600,368.10,0,0,1,57.52,0.00,1170026496,0,0
38.8686,203915264,223.4000,364.40,0,0,1,45.55,0.00,1170026496,0,0
38.8796,203915264,223.4800,730.84,0,0,1,102.77,0.00,1170026496,0,0
38.8905,203915264,223.5200,367.05,0,0,1,45.88,0.00,1170026496,0,0
38.9016,203915264,223.5600,359.91,0,0,1,44.99,0.00,1170026496,0,0
38.9126,203915264,223.6000,363.59,0,0,1,45.45,0.00,1170026496,0,0
38.9233,203915264,223.6400,372.09,0,0,1,46.51,0.00,1170026496,0,0
38.9343,203915264,223.6800,364.86,0,0,1,45.61,0.00,1170026496,0,0
38.9459,203915264,223.7200,343.63,0,0,1,42.95,0.00,1170026496,0,0
38.9572,203915264,223.7600,353.67,0,0,1,44.21,0.00,1170026496,0,0
38.9692,203915264,223.8400,667.84,0,0,1,93.92,0.00,1170026496,0,0
38.9803,203915264,223.8800,360.47,0,0,1,45.06,0.00,1170026496,0,0
38.9913,203915264,223.9200,365.58,0,0,1,45.70,0.00,1170026496,0,0
39.0022,203915264,223.9600,364.98,0,0,1,45.62,0.00,1170026496,0,0
39.0130,203915264,224.0000,371.90,0,0,1,46.49,0.00,1170026496,0,0
39.0240,203915264,224.0400,363.86,0,0,1,45.48,0.00,1170026496,0,0
39.0349,203915264,224.0800,367.13,0,0,1,45.89,0.00,1170026496,0,0
39.0459,203915264,224.1200,362.15,0,0,1,45.27,0.00,1170026496,0,0
39.0568,203915264,224.1600,366.70,0,0,1,45.84,0.00,1170026496,0,0
39.0678,203915264,224.2100,456.69,0,0,1,45.67,0.00,1170026496,0,0
39.0792,203915264,224.2400,262.47,0,0,1,98.43,0.00,1170026496,0,0
39.1094,204185600,224.4600,728.06,0,0,1,99.28,0.00,1170026496,0,0
39.1205,204185600,224.5500,808.21,0,0,1,89.80,0.00,1170026496,0,0
39.1319,204185600,224.6300,705.31,0,0,1,88.16,0.00,1170026496,0,0
39.1435,204185600,224.7100,688.44,0,0,1,86.05,0.00,1170026496,0,0
39.1543,204185600,224.8000,831.47,0,0,1,92.39,0.00,1170026496,0,0
39.1652,204185600,224.8700,643.86,0,0,1,91.98,0.00,1170026496,0,0
39.1759,204185600,224.9600,841.54,0,0,1,93.50,0.00,1170026496,0,0
39.1872,204185600,225.0300,618.17,0,0,1,88.31,0.00,1170026496,0,0
39.1984,204185600,225.1100,713.85,0,0,1,89.23,0.00,1170026496,0,0
39.2093,204185600,225.2600,1384.12,0,0,1,184.55,0.00,1170026496,0,0
39.2202,204185600,225.3400,734.12,0,0,1,91.76,0.00,1170026496,0,0
39.2310,204185600,225.4200,736.12,0,0,1,92.02,0.00,1170026496,0,0
39.2418,204185600,225.5000,739.88,0,0,1,92.49,0.00,1170026496,0,0
39.2527,204185600,225.5800,735.88,0,0,1,91.98,0.00,1170026496,0,0
39.2635,204185600,225.6600,738.86,0,0,1,92.36,0.00,1170026496,0,0
39.2744,204185600,225.7400,736.21,0,0,1,92.03,0.00,1170026496,0,0
39.2854,204185600,225.8200,729.72,0,0,1,91.22,0.00,1170026496,0,0
39.2963,204185600,225.9000,730.50,0,0,1,91.31,0.00,1170026496,0,0
39.3072,204185600,225.9900,826.27,0,0,1,91.81,0.00,1170026496,0,0
39.3183,204185600,226.0600,628.58,0,0,1,89.80,0.00,1170026496,0,0
39.3295,204185600,226.2000,1258.98,0,0,1,168.61,0.00,1170026496,0,0
39.3403,204185600,226.2800,736.30,0,0,1,92.04,0.00,1170026496,0,0
39.3530,204185600,226.3900,869.64,0,0,1,88.94,0.00,1170026496,0,0
39.3639,204185600,226.4500,550.17,0,0,1,91.70,0.00,1170026496,0,0
39.3748,204185600,226.5300,733.62,0,0,1,91.70,0.00,1170026496,0,0
39.3868,204185600,226.6100,668.12,0,0,1,83.52,0.00,1170026496,0,0
39.3977,204185600,226.6900,730.99,0,0,1,91.37,0.00,1170026496,0,0
39.4086,204185600,226.7700,731.28,0,0,1,91.41,0.00,1170026496,0,0
39.4199,204185600,226.9100,1243.92,0,0,1,166.60,0.00,1170026496,0,0
39.4317,204185600,226.9900,681.07,0,0,1,95.77,0.00,1170026496,0,0
39.4473,204185600,227.0800,576.38,0,0,1,64.04,0.00,1170026496,0,0
39.4584,204185600,227.1600,717.41,0,0,1,89.68,0.00,1170026496,0,0
39.4694,204185600,227.2800,1088.85,0,0,1,147.45,0.00,1170026496,0,0
39.4810,204185600,227.3900,953.52,0,0,1,119.19,0.00,1170026496,0,0
39.4919,204185600,227.4600,643.14,0,0,1,80.39,0.00,1170026496,0,0
39.5031,204185600,227.5500,798.85,0,0,1,99.86,0.00,1170026496,0,0
39.5218,204185600,227.7000,802.66,0,0,1,107.02,0.00,1170026496,0,0
39.5407,204185600,227.8500,793.88,0,0,1,99.23,0.00,1170026496,0,0
39.5621,204185600,227.9700,560.59,0,0,1,75.91,0.00,1170026496,0,0
39.5782,204185600,228.1100,870.02,0,0,1,108.75,0.00,1170026496,0,0
39.5900,204185600,228.2000,762.26,0,0,1,63.52,0.00,1170026496,0,0
39.6010,204185600,228.2900,817.60,0,0,1,102.20,0.00,1170026496,0,0
39.6123,204185600,228.3700,710.49,0,0,1,66.61,0.00,1170026496,0,0
39.6234,204185600,228.4300,538.54,0,0,1,67.32,0.00,1170026496,0,0
39.6346,204185600,228.5300,897.56,0,0,1,112.19,0.00,1170026496,0,0
39.6456,204185600,228.5800,453.42,0,0,1,45.34,0.00,1170026496,0,0
39.6566,204185600,228.6400,543.45,0,0,1,56.61,0.00,1170026496,0,0
39.6678,204185600,228.6800,359.03,0,0,1,44.88,0.00,1170026496,0,0
39.6789,204185600,228.7100,268.69,0,0,1,55.98,0.00,1170026496,0,0
39.6899,204185600,228.7300,181.75,0,0,1,0.00,0.00,1170026496,0,0
39.7009,204185600,228.7500,182.72,0,0,1,22.84,0.00,1170026496,0,0
39.7119,204185600,228.7600,90.63,0,0,1,11.33,0.00,1170026496,0,0
39.7227,204185600,228.7700,92.56,0,0,1,11.57,0.00,1170026496,0,0
39.7337,204185600,228.8000,272.20,0,0,1,45.37,0.00,1170026496,0,0
39.7449,204185600,228.8400,358.02,0,0,1,44.75,0.00,1170026496,0,0
39.7559,204185600,228.8800,362.85,0,0,1,45.36,0.00,1170026496,0,0
39.7670,204185600,228.9200,362.94,0,0,1,56.71,0.00,1170026496,0,0
39.7781,204185600,228.9600,359.12,0,0,1,44.89,0.00,1170026496,0,0
39.7892,204185600,229.0400,720.21,0,0,1,112.53,0.00,1170026496,0,0
39.8003,204185600,229.0700,269.37,0,0,1,33.67,0.00,1170026496,0,0
39.8114,204185600,229.1200,453.32,0,0,1,68.00,0.00,1170026496,0,0
39.8226,204185600,229.1600,356.82,0,0,1,55.75,0.00,1170026496,0,0
39.8347,204185600,229.2100,414.32,0,0,1,62.15,0.00,1170026496,0,0
39.8477,204185600,229.2500,306.53,0,0,1,67.05,0.00,1170026496,0,0
39.8588,204185600,229.2800,269.97,0,0,1,56.24,0.00,1170026496,0,0
39.8699,204185600,229.3600,724.56,0,0,1,101.89,0.00,1170026496,0,0
39.8810,204185600,229.4000,358.61,0,0,1,44.83,0.00,1170026496,0,0
39.8920,204185600,229.4400,363.71,0,0,1,45.46,0.00,1170026496,0,0
39.9034,204185600,229.4800,351.20,0,0,1,43.90,0.00,1170026496,0,0
39.9148,204185600,229.5200,350.81,0,0,1,43.85,0.00,1170026496,0,0
39.9271,204185600,229.5600,326.14,0,0,1,61.15,0.00,1170026496,0,0
39.9385,204185600,229.6100,438.57,0,0,1,65.79,0.00,1170026496,0,0
39.9497,204185600,229.6600,444.38,0,0,1,88.88,0.00,1170026496,0,0
39.9609,204185600,229.7000,357.95,0,0,1,67.11,0.00,1170026496,0,0
39.9719,204185600,229.7400,364.07,0,0,1,45.51,0.00,1170026496,0,0
39.9830,204185600,229.7800,359.09,0,0,1,44.89,0.00,1170026496,0,0
39.9942,204185600,229.8200,357.61,0,0,1,44.70,0.00,1170026496,0,0
40.0053,204185600,229.8600,360.85,0,0,1,45.11,0.00,1170026496,0,0
40.0168,204185600,229.9000,347.33,0,0,1,43.42,0.00,1170026496,0,0
40.0278,204185600,229.9400,363.49,0,0,1,45.44,0.00,1170026496,0,0
40.0388,204185600,229.9800,365.29,0,0,1,45.66,0.00,1170026496,0,0
40.0498,204185600,230.0600,726.56,0,0,1,102.17,0.00,1170026496,0,0
40.0608,204185600,230.1000,363.21,0,0,1,45.40,0.00,1170026496,0,0
40.0717,204185600,230.1400,366.92,0,0,1,45.86,0.00,1170026496,0,0
40.0828,204185600,230.1800,360.24,0,0,1,45.03,0.00,1170026496,0,0
40.0940,204185600,230.2200,355.56,0,0,1,44.44,0.00,1170026496,0,0
40.1050,204185600,230.2600,366.51,0,0,1,57.27,0.00,1170026496,0,0
40.1160,204185600,230.3100,450.75,0,0,1,45.07,0.00,1170026496,0,0
40.1272,204185600,230.3300,178.62,0,0,1,11.16,0.00,1170284544,0,0
40.1380,204185600,230.3600,277.87,0,0,1,46.31,0.00,1170284544,0,0
40.1492,204185600,230.4300,627.76,0,0,1,100.89,0.00,1170284544,0,0
40.1606,204185600,230.4800,439.12,0,0,1,43.91,0.00,1170284544,0,0
40.1715,204185600,230.5200,367.67,0,0,1,45.96,0.00,1170284544,0,0
40.1824,204185600,230.5600,364.83,0,0,1,45.60,0.00,1170284544,0,0
40.1936,204185600,230.6000,356.16,0,0,1,44.52,0.00,1170284544,0,0
40.2045,204185600,230.6400,367.41,0,0,1,45.93,0.00,1170284544,0,0
40.2156,204185600,230.6800,361.58,0,0,1,45.20,0.00,1170284544,0,0
40.2270,204185600,230.7200,350.25,0,0,1,43.78,0.00,1170284544,0,0
40.2382,204185600,230.7600,357.90,0,0,1,44.74,0.00,1170284544,0,0
40.2492,204185600,230.8300,634.48,0,0,1,90.64,0.00,1170284544,0,0
40.2605,204185600,230.8800,444.26,0,0,1,55.53,0.00,1170284544,0,0
40.2712,204185600,230.9200,373.58,0,0,1,46.70,0.00,1170284544,0,0
40.2819,204185600,230.9600,374.40,0,0,1,46.80,0.00,1170284544,0,0
40.2934,204185600,231.0000,347.21,0,0,1,43.40,0.00,1170284544,0,0
40.3045,204185600,231.0400,361.14,0,0,1,45.14,0.00,1170284544,0,0
40.3156,204185600,231.0800,360.22,0,0,1,45.03,0.00,1170284544,0,0
40.3269,204185600,231.1200,353.23,0,0,1,44.15,0.00,1170284544,0,0
40.3377,204185600,231.1600,369.35,0,0,1,46.17,0.00,1170284544,0,0
40.3488,204185600,231.2400,720.72,0,0,1,101.35,0.00,1170284544,0,0
40.3606,204185600,231.2800,339.31,0,0,1,42.41,0.00,1170284544,0,0
40.3717,204185600,231.3200,359.48,0,0,1,44.93,0.00,1170284544,0,0
40.3829,204185600,231.3600,359.51,0,0,1,44.94,0.00,1170284544,0,0
40.3940,204185600,231.4000,360.85,0,0,1,45.11,0.00,1170284544,0,0
40.4050,204185600,231.4400,362.50,0,0,1,45.31,0.00,1170284544,0,0
40.4160,204185600,231.4800,361.91,0,0,1,45.24,0.00,1170284544,0,0
40.4270,204185600,231.5200,363.48,0,0,1,45.44,0.00,1170284544,0,0
40.4382,204185600,231.5600,358.81,0,0,1,44.85,0.00,1170284544,0,0
40.4496,204185600,231.6400,703.67,0,0,1,98.95,0.00,1170284544,0,0
40.4605,204185600,231.6800,364.86,0,0,1,45.61,0.00,1170284544,0,0
40.4714,204185600,231.7200,366.34,0,0,1,45.79,0.00,1170284544,0,0
40.4825,204185600,231.7600,363.34,0,0,1,45.42,0.00,1170284544,0,0
40.4937,204185600,231.8000,356.15,0,0,1,44.52,0.00,1170284544,0,0
40.5045,204185600,231.8400,368.75,0,0,1,46.09,0.00,1170284544,0,0
40.5156,204185600,231.8800,361.81,0,0,1,45.23,0.00,1170284544,0,0
40.5269,204185600,231.9200,355.04,0,0,1,44.38,0.00,1170284544,0,0
40.5377,204185600,231.9600,369.41,0,0,1,46.18,0.00,1170284544,0,0
40.5485,204185600,232.0000,371.51,0,0,1,104.49,0.00,1170284544,0,0
40.5601,204185600,232.0800,684.30,0,0,1,42.77,0.00,1170284544,0,0
40.5712,204185600,232.1200,362.93,0,0,1,45.37,0.00,1170284544,0,0
40.5825,204185600,232.1600,351.96,0,0,1,44.00,0.00,1170284544,0,0
40.5938,204185600,232.2000,353.44,0,0,1,44.18,0.00,1170284544,0,0
40.6049,204185600,232.2400,361.94,0,0,1,33.93,0.00,1170284544,0,0
40.6160,204185600,232.2800,360.84,0,0,1,33.83,0.00,1170284544,0,0
40.6275,204185600,232.3000,174.24,0,0,1,10.89,0.00,1170284544,0,0
40.6391,204185600,232.3600,514.31,0,0,1,128.58,0.00,1170284544,0,0
40.6518,204185600,232.4600,788.88,0,0,1,98.61,0.00,1170284544,0,0
40.6642,204185600,232.5400,643.27,0,0,1,80.41,0.00,1170284544,0,0
40.6789,204185600,232.6400,684.00,0,0,1,102.60,0.00,1170284544,0,0
40.6905,204185600,232.7500,947.26,0,0,1,107.64,0.00,1170284544,0,0
40.7018,204185600,232.8400,794.24,0,0,1,88.25,0.00,1170284544,0,0
40.7229,204185600,232.9800,664.90,0,0,1,89.05,0.00,1170284544,0,0
40.7340,204185600,233.0900,987.45,0,0,1,112.21,0.00,1170284544,0,0
40.7449,204185600,233.1700,733.11,0,0,1,103.09,0.00,1170284544,0,0
40.7595,204185600,233.3100,960.31,0,0,1,128.61,0.00,1170284544,0,0
40.7718,204185600,233.3800,570.27,0,0,1,71.28,0.00,1170284544,0,0
40.7851,204185600,233.4600,601.42,0,0,1,65.78,0.00,1170284544,0,0
40.8007,204185600,233.6100,961.59,0,0,1,136.23,0.00,1170284544,0,0
40.8116,204185600,233.7100,912.54,0,0,1,114.07,0.00,1170284544,0,0
40.8244,204185600,233.7900,626.77,0,0,1,78.35,0.00,1170284544,0,0
40.8358,204185600,233.8700,703.74,0,0,1,87.97,0.00,1170284544,0,0
40.8473,204185600,233.9600,780.21,0,0,1,86.69,0.00,1170284544,0,0
40.8628,204185600,234.1000,905.25,0,0,1,129.32,0.00,1170284544,0,0
40.8738,204185600,234.1600,543.69,0,0,1,79.29,0.00,1170284544,0,0
40.8915,204185600,234.3300,958.67,0,0,1,119.83,0.00,1170284544,0,0
40.9041,204185600,234.4100,636.73,0,0,1,79.59,0.00,1170284544,0,0
40.9153,204185600,234.4900,711.84,0,0,1,88.98,0.00,1170284544,0,0
40.9266,204185600,234.5700,707.08,0,0,1,88.39,0.00,1170284544,0,0
40.9380,204185600,234.6500,701.34,0,0,1,87.67,0.00,1170284544,0,0
40.9492,204185600,234.7700,1076.54,0,0,1,156.99,0.00,1170284544,0,0
40.9609,204185600,234.8700,857.88,0,0,1,96.51,0.00,1170284544,0,0
40.9718,204185600,234.9600,825.81,0,0,1,103.23,0.00,1170284544,0,0
40.9838,204185600,235.0400,663.10,0,0,1,82.89,0.00,1170284544,0,0
40.9961,204185600,235.1200,652.42,0,0,1,81.55,0.00,1170284544,0,0
41.0069,204185600,235.2000,740.65,0,0,1,92.58,0.00,1170284544,0,0
41.0179,204185600,235.2800,723.57,0,0,1,169.59,0.00,1170284544,0,0
41.0302,204185600,235.4200,1144.86,0,0,1,81.78,0.00,1170284544,0,0
41.0410,204185600,235.5100,833.71,0,0,1,104.21,0.00,1170284544,0,0
41.0521,204185600,235.5900,718.78,0,0,1,89.85,0.00,1170284544,0,0
41.0630,204185600,235.6700,733.00,0,0,1,91.63,0.00,1170284544,0,0
41.0738,204185600,235.7500,742.32,0,0,1,92.79,0.00,1170284544,0,0
41.0861,204185600,235.8300,647.17,0,0,1,80.90,0.00,1170284544,0,0
41.0971,204185600,235.9100,729.56,0,0,1,91.19,0.00,1170284544,0,0
41.1078,204185600,235.9900,746.23,0,0,1,93.28,0.00,1170284544,0,0
41.1187,204185600,236.0700,734.73,0,0,1,91.84,0.00,1170284544,0,0
41.1296,204185600,236.2200,1384.25,0,0,1,184.57,0.00,1170284544,0,0
41.1403,204185600,236.3000,740.88,0,0,1,92.61,0.00,1170284544,0,0
41.1512,204185600,236.3800,737.59,0,0,1,92.20,0.00,1170284544,0,0
41.1620,204185600,236.4600,742.34,0,0,1,92.79,0.00,1170284544,0,0
41.1729,204185600,236.5400,733.33,0,0,1,91.67,0.00,1170284544,0,0
41.1855,204185600,236.6200,633.58,0,0,1,79.20,0.00,1170284544,0,0
41.1965,204185600,236.7000,725.51,0,0,1,90.69,0.00,1170284544,0,0
41.2076,204185600,236.7800,720.78,0,0,1,90.10,0.00,1170284544,0,0
41.2186,204185600,236.8600,727.69,0,0,1,90.96,0.00,1170284544,0,0
41.2336,204185600,237.0100,1001.94,0,0,1,133.59,0.00,1170284544,0,0
41.2446,204185600,237.0900,724.36,0,0,1,90.55,0.00,1170284544,0,0
41.2554,204185600,237.1700,743.36,0,0,1,92.92,0.00,1170284544,0,0
41.2662,204185600,237.2600,830.65,0,0,1,92.29,0.00,1170284544,0,0
41.2772,204185600,237.3900,1191.40,0,0,1,171.84,0.00,1170284544,0,0
41.2901,204185600,237.4800,694.10,0,0,1,86.76,0.00,1170284544,0,0
41.3011,204185600,237.5300,455.90,0,0,1,56.99,0.00,1170284544,0,0
41.3120,204185600,237.6400,1007.87,0,0,1,125.98,0.00,1170284544,0,0
41.3229,204185600,237.7200,734.42,0,0,1,91.80,0.00,1170284544,0,0
41.3339,204185600,237.8000,725.83,0,0,1,90.73,0.00,1170284544,0,0
41.3519,204185600,237.9600,887.39,0,0,1,110.92,0.00,1170284544,0,0
41.3675,204185600,238.0400,513.68,0,0,1,64.21,0.00,1170284544,0,0
41.3792,204185600,238.1900,1285.91,0,0,1,171.45,0.00,1170284544,0,0
41.4041,204185600,238.3400,602.86,0,0,1,80.38,0.00,1170284544,0,0
41.4186,204185600,238.4700,892.44,0,0,1,128.72,0.00,1170284544,0,0
41.4339,204185600,238.5700,656.29,0,0,1,73.83,0.00,1170284544,0,0
41.4461,204185600,238.6500,655.13,0,0,1,81.89,0.00,1170284544,0,0
41.4578,204185600,238.7300,683.25,0,0,1,85.41,0.00,1170284544,0,0
41.4687,204185600,238.8100,730.85,0,0,1,91.36,0.00,1170284544,0,0
41.4797,204185600,238.9400,1188.82,0,0,1,160.03,0.00,1170284544,0,0
41.4906,204185600,239.0400,918.95,0,0,1,114.87,0.00,1170284544,0,0
41.5016,204185600,239.1100,636.14,0,0,1,90.88,0.00,1170284544,0,0
41.5125,204185600,239.2000,822.44,0,0,1,91.38,0.00,1170284544,0,0
41.5234,204185600,239.2800,731.85,0,0,1,91.48,0.00,1170284544,0,0
41.5344,204185600,239.3600,731.91,0,0,1,91.49,0.00,1170284544,0,0
41.5453,204185600,239.4400,732.78,0,0,1,91.60,0.00,1170284544,0,0
41.5562,204185600,239.5200,731.74,0,0,1,91.47,0.00,1170284544,0,0
41.5671,204185600,239.6000,733.47,0,0,1,91.68,0.00,1170284544,0,0
41.5780,204185600,239.6800,732.27,0,0,1,91.53,0.00,1170284544,0,0
41.5893,204185600,239.8300,1328.63,0,0,1,177.15,0.00,1170284544,0,0
41.6003,204185600,239.9000,636.42,0,0,1,79.55,0.00,1170284544,0,0
41.6112,204185600,239.9900,827.68,0,0,1,103.46,0.00,1170284544,0,0
41.6220,204185600,240.0700,739.24,0,0,1,92.40,0.00,1170284544,0,0
41.6331,204185600,240.1400,634.93,0,0,1,79.37,0.00,1170284544,0,0
41.6455,204185600,240.2300,723.70,0,0,1,90.46,0.00,1170284544,0,0
41.6563,204185600,240.3100,738.37,0,0,1,92.30,0.00,1170284544,0,0
41.6672,204185600,240.3900,736.02,0,0,1,92.00,0.00,1170284544,0,0
41.6781,204185600,240.4700,736.65,0,0,1,92.08,0.00,1170284544,0,0
41.6889,204185600,240.5500,739.48,0,0,1,92.43,0.00,1170284544,0,0
41.6998,204185600,240.7000,1371.70,0,0,1,182.89,0.00,1170284544,0,0
41.7106,204185600,240.7800,742.74,0,0,1,92.84,0.00,1170284544,0,0
41.7224,204185600,240.8600,677.80,0,0,1,84.72,0.00,1170284544,0,0
41.7333,204185600,240.9400,733.20,0,0,1,91.65,0.00,1170284544,0,0
41.7442,204185600,241.0200,735.40,0,0,1,91.92,0.00,1170284544,0,0
41.7550,204185600,241.1000,741.87,0,0,1,92.73,0.00,1170284544,0,0
41.7683,204185600,241.1800,598.83,0,0,1,74.85,0.00,1170284544,0,0
41.7792,204185600,241.3200,1282.51,0,0,1,171.76,0.00,1170284544,0,0
41.7900,204185600,241.4000,744.69,0,0,1,93.09,0.00,1170284544,0,0
41.8036,204185600,241.4900,659.23,0,0,1,82.40,0.00,1170284544,0,0
41.8168,204185600,241.5800,682.25,0,0,1,75.81,0.00,1170284544,0,0
41.8279,204185600,241.6500,632.74,0,0,1,90.39,0.00,1170284544,0,0
41.8388,204185600,241.7300,729.80,0,0,1,159.64,0.00,1170284544,0,0
41.8508,204185600,241.8700,1165.68,0,0,1,104.08,0.00,1170284544,0,0
41.8617,204185600,241.9600,828.18,0,0,1,92.02,0.00,1170284544,0,0
41.8725,204185600,242.0400,740.29,0,0,1,92.54,0.00,1170284544,0,0
41.8843,204185600,242.1200,677.24,0,0,1,84.66,0.00,1170284544,0,0
41.8954,204185600,242.1900,630.97,0,0,1,90.14,0.00,1170284544,0,0
41.9063,204185600,242.2800,831.52,0,0,1,92.39,0.00,1170284544,0,0
41.9172,204185600,242.3500,640.88,0,0,1,91.55,0.00,1170284544,0,0
41.9281,204185600,242.4300,729.78,0,0,1,91.22,0.00,1170284544,0,0
41.9390,204185600,242.5200,829.46,0,0,1,184.33,0.00,1170284544,0,0
41.9499,204185600,242.6500,1186.27,0,0,1,91.25,0.00,1170284544,0,0
41.9608,204185600,242.7200,646.34,0,0,1,92.33,0.00,1170284544,0,0
41.9717,204185600,242.7800,551.79,0,0,1,68.97,0.00,1170284544,0,0
41.9826,204185600,242.8300,455.39,0,0,1,56.92,0.00,1170284544,0,0
41.9936,204185600,242.8600,273.01,0,0,1,56.88,0.00,1170284544,0,0
42.0044,204185600,242.9000,372.19,0,0,1,58.15,0.00,1170284544,0,0
42.0154,204185600,242.9400,362.15,0,0,1,56.59,0.00,1170284544,0,0
42.0264,204185600,242.9900,454.96,0,0,1,56.87,0.00,1170284544,0,0
42.0375,204185600,243.0200,270.82,0,0,1,33.85,0.00,1170284544,0,0
42.0486,204185600,243.0400,179.90,0,0,1,33.73,0.00,1170284544,0,0
42.0598,204455936,243.0700,268.95,0,0,1,56.03,0.00,1170284544,0,0
42.0706,204996608,243.1000,275.36,0,0,1,57.37,0.00,1170284544,0,0
42.0817,204996608,243.1400,363.32,0,0,1,56.77,0.00,1170284544,0,0
42.0926,204996608,243.1800,364.11,0,0,1,45.51,0.00,1170284544,0,0
42.1036,204996608,243.2200,363.47,0,0,1,45.43,0.00,1170284544,0,0
42.1147,204996608,243.2600,360.86,0,0,1,45.11,0.00,1170284544,0,0
42.1262,204996608,243.3000,349.47,0,0,1,54.60,0.00,1170284544,0,0
42.1372,204996608,243.3400,363.43,0,0,1,56.79,0.00,1170284544,0,0
42.1481,204996608,243.3800,365.30,0,0,1,45.66,0.00,1170284544,0,0
42.1593,204996608,243.4600,716.68,0,0,1,100.78,0.00,1170284544,0,0
42.1703,204996608,243.5000,362.14,0,0,1,45.27,0.00,1170284544,0,0
42.1815,204996608,243.5400,359.11,0,0,1,44.89,0.00,1170284544,0,0
42.1926,204996608,243.5800,361.20,0,0,1,45.15,0.00,1170284544,0,0
42.2035,204996608,243.6200,365.29,0,0,1,45.66,0.00,1170284544,0,0
42.2147,204996608,243.6600,356.87,0,0,1,44.61,0.00,1170284544,0,0
42.2262,204996608,243.7000,348.47,0,0,1,43.56,0.00,1170284544,0,0
42.2373,204996608,243.7400,358.48,0,0,1,44.81,0.00,1170284544,0,0
42.2485,204996608,243.7800,360.09,0,0,1,45.01,0.00,1170284544,0,0
42.2594,204996608,243.8600,728.46,0,0,1,91.06,0.00,1170284544,0,0
42.2704,204996608,243.9000,365.22,0,0,1,45.65,0.00,1170284544,0,0
42.2815,204996608,243.9400,361.12,0,0,1,45.14,0.00,1170284544,0,0
42.2925,204996608,243.9800,364.02,0,0,1,45.50,0.00,1170284544,0,0
42.3034,204996608,244.0200,366.29,0,0,1,45.79,0.00,1170284544,0,0
42.3145,204996608,244.0600,358.89,0,0,1,44.86,0.00,1170284544,0,0
42.3259,204996608,244.1000,350.21,0,0,1,43.78,0.00,1170284544,0,0
42.3370,204996608,244.1400,363.33,0,0,1,45.42,0.00,1170284544,0,0
42.3484,204996608,244.1800,350.54,0,0,1,43.82,0.00,1170284544,0,0
42.3595,204996608,244.2600,721.24,0,0,1,101.42,0.00,1170284544,0,0
42.3707,204996608,244.3000,356.08,0,0,1,44.51,0.00,1170284544,0,0
42.3817,204996608,244.3400,362.90,0,0,1,56.70,0.00,1170284544,0,0
42.3928,204996608,244.3800,360.09,0,0,1,45.01,0.00,1170284544,0,0
42.4039,204996608,244.4200,360.10,0,0,1,45.01,0.00,1170284544,0,0
42.4151,204996608,244.4600,357.18,0,0,1,44.65,0.00,1170284544,0,0
42.4263,204996608,244.5000,357.52,0,0,1,44.69,0.00,1170284544,0,0
42.4374,204996608,244.5400,360.25,0,0,1,45.03,0.00,1170284544,0,0
42.4485,204996608,244.5800,359.67,0,0,1,44.96,0.00,1170284544,0,0
42.4597,204996608,244.6600,716.19,0,0,1,100.71,0.00,1170284544,0,0
42.4705,205266944,244.6900,277.85,0,0,1,11.58,0.00,1170542592,0,0
42.4815,205266944,244.7300,362.46,0,0,1,56.63,0.00,1170542592,0,0
42.4926,205266944,244.7700,363.26,0,0,1,45.41,0.00,1170542592,0,0
42.5035,205266944,244.8100,364.11,0,0,1,45.51,0.00,1170542592,0,0
42.5151,205266944,244.8500,346.13,0,0,1,43.27,0.00,1170542592,0,0
42.5262,205266944,244.8900,361.44,0,0,1,45.18,0.00,1170542592,0,0
42.5371,205266944,244.9300,366.42,0,0,1,45.80,0.00,1170542592,0,0
42.5483,205266944,244.9700,355.12,0,0,1,44.39,0.00,1170542592,0,0
42.5596,205266944,245.0500,713.01,0,0,1,100.27,0.00,1170542592,0,0
42.5705,205266944,245.0900,364.82,0,0,1,45.60,0.00,1170542592,0,0
42.5815,205266944,245.1300,363.21,0,0,1,45.40,0.00,1170542592,0,0
42.5924,205266944,245.1700,368.36,0,0,1,46.05,0.00,1170542592,0,0
42.6034,205266944,245.2100,364.57,0,0,1,45.57,0.00,1170542592,0,0
42.6149,205266944,245.2500,348.41,0,0,1,43.55,0.00,1170542592,0,0
42.6259,205266944,245.2900,360.81,0,0,1,45.10,0.00,1170542592,0,0
42.6370,205266944,245.3300,362.89,0,0,1,45.36,0.00,1170542592,0,0
42.6480,205266944,245.3700,362.36,0,0,1,45.30,0.00,1170542592,0,0
42.6589,205266944,245.4100,365.74,0,0,1,45.72,0.00,1170542592,0,0
42.6698,205266944,245.4900,737.95,0,0,1,103.77,0.00,1170542592,0,0
42.6804,205266944,245.5300,375.04,0,0,1,46.88,0.00,1170542592,0,0
42.6919,205266944,245.5700,348.48,0,0,1,43.56,0.00,1170542592,0,0
42.7028,205266944,245.6100,367.08,0,0,1,45.88,0.00,1170542592,0,0
42.7140,205266944,245.6500,358.80,0,0,1,44.85,0.00,1170542592,0,0
42.7254,205266944,245.6900,348.56,0,0,1,43.57,0.00,1170542592,0,0
42.7364,205266944,245.7300,365.42,0,0,1,45.68,0.00,1170542592,0,0
42.7475,205266944,245.7700,358.67,0,0,1,56.04,0.00,1170542592,0,0
42.7586,205266944,245.8100,361.91,0,0,1,56.55,0.00,1170542592,0,0
42.7694,205266944,245.8900,740.96,0,0,1,115.77,0.00,1170542592,0,0
42.7804,205266944,245.9300,362.36,0,0,1,45.30,0.00,1170542592,0,0
42.7921,205266944,245.9700,341.52,0,0,1,42.69,0.00,1170542592,0,0
42.8030,205266944,246.0100,369.67,0,0,1,46.21,0.00,1170542592,0,0
42.8140,205807616,246.0500,362.30,0,0,1,45.29,0.00,1170542592,0,0
42.8253,206077952,246.0700,176.63,0,0,1,11.04,0.00,1170800640,0,0
42.8362,206077952,246.1100,367.93,0,0,1,45.99,0.00,1170800640,0,0
42.8472,206077952,246.1500,362.46,0,0,1,45.31,0.00,1170800640,0,0
42.8590,206077952,246.1900,341.26,0,0,1,95.98,0.00,1170800640,0,0
42.8698,206077952,246.2700,735.20,0,0,1,45.95,0.00,1170800640,0,0
42.8808,206077952,246.3100,363.47,0,0,1,45.43,0.00,1170800640,0,0
42.8920,206077952,246.3500,359.38,0,0,1,44.92,0.00,1170800640,0,0
42.9029,206077952,246.3900,365.98,0,0,1,45.75,0.00,1170800640,0,0
42.9138,206077952,246.4300,366.79,0,0,1,45.85,0.00,1170800640,0,0
42.9250,206077952,246.4700,358.40,0,0,1,44.80,0.00,1170800640,0,0
42.9357,206077952,246.5100,373.38,0,0,1,46.67,0.00,1170800640,0,0
42.9465,206077952,246.5500,370.05,0,0,1,46.26,0.00,1170800640,0,0
42.9581,206077952,246.5900,345.53,0,0,1,43.19,0.00,1170800640,0,0
42.9687,206077952,246.6300,374.40,0,0,1,46.80,0.00,1170800640,0,0
42.9798,206077952,246.7100,724.25,0,0,1,101.85,0.00,1170800640,0,0
42.9916,206077952,246.7500,338.25,0,0,1,42.28,0.00,1170800640,0,0
43.0027,206077952,246.7900,361.29,0,0,1,45.16,0.00,1170800640,0,0
43.0140,206077952,246.8300,352.77,0,0,1,44.10,0.00,1170800640,0,0
43.0257,206077952,246.8700,343.34,0,0,1,42.92,0.00,1170800640,0,0
43.0369,206077952,246.9100,357.53,0,0,1,44.69,0.00,1170800640,0,0
43.0481,206077952,246.9500,356.20,0,0,1,44.52,0.00,1170800640,0,0
43.0593,206077952,247.0300,715.53,0,0,1,100.62,0.00,1170800640,0,0
43.0704,206077952,247.0700,360.06,0,0,1,45.01,0.00,1170800640,0,0
43.0814,206077952,247.1100,363.25,0,0,1,45.41,0.00,1170800640,0,0
43.0925,206077952,247.1500,361.01,0,0,1,45.13,0.00,1170800640,0,0
43.1035,206077952,247.1900,363.59,0,0,1,45.45,0.00,1170800640,0,0
43.1145,206077952,247.2300,363.99,0,0,1,45.50,0.00,1170800640,0,0
43.1256,206077952,247.2700,358.50,0,0,1,44.81,0.00,1170800640,0,0
43.1367,206077952,247.3100,362.14,0,0,1,45.27,0.00,1170800640,0,0
43.1478,206077952,247.3500,360.83,0,0,1,45.10,0.00,1170800640,0,0
43.1588,206077952,247.3900,362.22,0,0,1,90.56,0.00,1170800640,0,0
43.1700,206077952,247.4700,717.01,0,0,1,56.02,0.00,1170800640,0,0
43.1809,206077952,247.5100,364.45,0,0,1,45.56,0.00,1170800640,0,0
43.1920,206077952,247.5500,363.01,0,0,1,45.38,0.00,1170800640,0,0
43.2030,206077952,247.5900,362.51,0,0,1,45.31,0.00,1170800640,0,0
43.2143,206077952,247.6300,355.15,0,0,1,44.39,0.00,1170800640,0,0
43.2253,206077952,247.6700,361.96,0,0,1,45.25,0.00,1170800640,0,0
43.2363,206077952,247.7100,365.04,0,0,1,45.63,0.00,1170800640,0,0
43.2474,206077952,247.7500,357.47,0,0,1,44.68,0.00,1170800640,0,0
43.2584,206077952,247.7900,365.69,0,0,1,45.71,0.00,1170800640,0,0
43.2694,206077952,247.8700,725.48,0,0,1,102.02,0.00,1170800640,0,0
43.2806,206077952,247.9100,356.32,0,0,1,44.54,0.00,1170800640,0,0
43.2918,206077952,247.9500,358.12,0,0,1,44.76,0.00,1170800640,0,0
43.3025,206077952,247.9900,373.54,0,0,1,46.69,0.00,1170800640,0,0
43.3133,206077952,248.0300,369.71,0,0,1,46.21,0.00,1170800640,0,0
43.3248,206077952,248.0700,349.15,0,0,1,43.64,0.00,1170800640,0,0
43.3357,206077952,248.1100,366.64,0,0,1,45.83,0.00,1170800640,0,0
43.3469,206077952,248.1500,355.78,0,0,1,44.47,0.00,1170800640,0,0
43.3586,206077952,248.1900,343.95,0,0,1,42.99,0.00,1170800640,0,0
43.3694,206077952,248.2700,740.98,0,0,1,104.20,0.00,1170800640,0,0
43.3805,206077952,248.3100,359.74,0,0,1,44.97,0.00,1170800640,0,0
43.3916,206077952,248.3500,360.56,0,0,1,45.07,0.00,1170800640,0,0
43.4025,206077952,248.3900,367.41,0,0,1,45.93,0.00,1170800640,0,0
43.4135,206077952,248.4300,363.60,0,0,1,45.45,0.00,1170800640,0,0
43.4251,206077952,248.4700,343.51,0,0,1,53.67,0.00,1170800640,0,0
43.4361,206077952,248.5100,363.61,0,0,1,45.45,0.00,1170800640,0,0
43.4473,206077952,248.5500,359.07,0,0,1,44.88,0.00,1170800640,0,0
43.4582,206077952,248.5900,366.62,0,0,1,45.83,0.00,1170800640,0,0
43.4690,206077952,248.6300,370.35,0,0,1,46.29,0.00,1170800640,0,0
43.4799,206077952,248.7100,734.39,0,0,1,103.27,0.00,1170800640,0,0
43.4912,206077952,248.7500,352.26,0,0,1,44.03,0.00,1170800640,0,0
43.5020,206077952,248.7900,370.12,0,0,1,46.27,0.00,1170800640,0,0
43.5268,206077952,248.8700,322.79,0,0,1,40.35,0.00,1170800640,0,0
43.5379,206077952,248.9100,360.02,0,0,1,45.00,0.00,1170800640,0,0
43.5490,206077952,248.9700,541.86,0,0,1,90.31,0.00,1170800640,0,0
43.5600,206077952,249.0300,546.57,0,0,1,56.93,0.00,1170800640,0,0
43.5709,206077952,249.0700,365.48,0,0,1,57.11,0.00,1170800640,0,0
43.5817,206077952,249.1100,369.53,0,0,1,46.19,0.00,1170800640,0,0
43.5925,206077952,249.1500,371.47,0,0,1,46.43,0.00,1170800640,0,0
43.6033,206077952,249.1900,369.49,0,0,1,46.19,0.00,1170800640,0,0
43.6143,206077952,249.2300,365.67,0,0,1,45.71,0.00,1170800640,0,0
43.6253,206077952,249.2700,364.20,0,0,1,45.53,0.00,1170800640,0,0
43.6366,206077952,249.3100,353.79,0,0,1,55.28,0.00,1170800640,0,0
43.6476,206077952,249.3500,362.32,0,0,1,45.29,0.00,1170800640,0,0
43.6585,206077952,249.3900,366.25,0,0,1,45.78,0.00,1170800640,0,0
43.6694,206077952,249.4700,736.03,0,0,1,92.00,0.00,1170800640,0,0
43.6805,206077952,249.5100,361.49,0,0,1,45.19,0.00,1170800640,0,0
43.6913,206077952,249.5500,367.57,0,0,1,45.95,0.00,1170800640,0,0
43.7022,206077952,249.5900,369.85,0,0,1,46.23,0.00,1170800640,0,0
43.7131,206077952,249.6300,365.76,0,0,1,45.72,0.00,1170800640,0,0
43.7245,206077952,249.6700,349.42,0,0,1,43.68,0.00,1170800640,0,0
43.7352,206077952,249.7100,374.88,0,0,1,46.86,0.00,1170800640,0,0
43.7462,206077952,249.7500,365.59,0,0,1,45.70,0.00,1170800640,0,0
43.7576,206077952,249.7900,349.21,0,0,1,43.65,0.00,1170800640,0,0
43.7683,206077952,249.8300,372.41,0,0,1,46.55,0.00,1170800640,0,0
43.7793,206077952,249.9100,732.58,0,0,1,103.02,0.00,1170800640,0,0
43.7911,206077952,249.9500,337.58,0,0,1,42.20,0.00,1170800640,0,0
43.8021,206077952,249.9900,363.22,0,0,1,45.40,0.00,1170800640,0,0
43.8134,206077952,250.0400,444.00,0,0,1,44.40,0.00,1171058688,0,0
43.8247,206348288,250.0600,176.62,0,0,1,22.08,0.00,1171058688,0,0
43.8358,206348288,250.0600,0.00,0,0,1,0.00,0.00,1171058688,0,0
43.8469,206348288,250.0700,90.10,0,0,1,33.79,0.00,1171058688,0,0
43.8582,206348288,250.1100,354.55,0,0,1,55.40,0.00,1171058688,0,0
43.8792,206348288,250.2500,666.00,0,0,1,95.14,0.00,1171058688,0,0
43.8911,206348288,250.3000,420.91,0,0,1,42.09,0.00,1171058688,0,0
43.9022,206348288,250.4000,898.19,0,0,1,101.05,0.00,1171058688,0,0
43.9198,206348288,250.5300,740.51,0,0,1,92.56,0.00,1171058688,0,0
43.9355,206348288,250.6300,635.36,0,0,1,63.54,0.00,1171058688,0,0
43.9512,206348288,250.7900,1018.42,0,0,1,111.39,0.00,1171058688,0,0
43.9672,206348288,250.8900,627.32,0,0,1,62.73,0.00,1171058688,0,0
43.9833,206348288,251.0300,868.60,0,0,1,108.57,0.00,1171058688,0,0
43.9992,206348288,251.1700,880.20,0,0,1,117.88,0.00,1171058688,0,0
44.0149,206348288,251.2800,701.20,0,0,1,71.71,0.00,1171058688,0,0
44.0310,206348288,251.4100,806.25,0,0,1,108.53,0.00,1171058688,0,0
44.0467,206348288,251.5200,699.49,0,0,1,63.59,0.00,1171058688,0,0
44.0624,206348288,251.6700,957.36,0,0,1,119.67,0.00,1171058688,0,0
44.0748,206348288,251.7600,722.90,0,0,1,100.40,0.00,1171058688,0,0
44.0858,206348288,251.8500,818.13,0,0,1,90.90,0.00,1171058688,0,0
44.1078,206348288,252.0400,863.92,0,0,1,130.72,0.00,1171058688,0,0
44.1318,206348288,252.1900,626.96,0,0,1,78.37,0.00,1171058688,0,0
44.1434,206348288,252.2800,772.20,0,0,1,96.52,0.00,1171058688,0,0
44.1670,206348288,252.4500,720.66,0,0,1,84.78,0.00,1171058688,0,0
44.1827,206348288,252.5800,829.77,0,0,1,119.68,0.00,1171058688,0,0
44.1986,206348288,252.6800,629.78,0,0,1,70.85,0.00,1171058688,0,0
44.2183,206348288,252.9100,1166.85,0,0,1,139.52,0.00,1171058688,0,0
44.2338,206348288,252.9900,514.34,0,0,1,56.26,0.00,1171058688,0,0
44.2495,206348288,253.1300,890.59,0,0,1,111.32,0.00,1171058688,0,0
44.2655,206348288,253.2400,689.30,0,0,1,70.50,0.00,1171058688,0,0
44.2812,206348288,253.3800,890.19,0,0,1,127.17,0.00,1171058688,0,0
44.2973,206348288,253.4600,496.47,0,0,1,54.30,0.00,1171058688,0,0
44.3130,206348288,253.6400,1148.06,0,0,1,143.51,0.00,1171058688,0,0
44.3287,206348288,253.7100,445.71,0,0,1,63.67,0.00,1171058688,0,0
44.5249,206348288,255.2400,779.82,0,0,1,90.47,0.00,1171058688,0,0
44.5371,206348288,255.3500,905.12,0,0,1,82.28,0.00,1171058688,0,0
44.5536,206348288,255.4600,665.50,0,0,1,121.00,0.00,1171058688,0,0
44.5667,206348288,255.5300,536.09,0,0,1,76.58,0.00,1171058688,0,0
44.5781,206348288,255.6200,787.20,0,0,1,87.47,0.00,1171058688,0,0
44.5894,206348288,255.7500,1148.16,0,0,1,176.64,0.00,1171058688,0,0
44.6016,206348288,255.8000,409.26,0,0,1,61.39,0.00,1171058688,0,0
44.6147,206348288,255.9100,844.27,0,0,1,76.75,0.00,1171058688,0,0
44.6256,206348288,256.0100,916.27,0,0,1,103.08,0.00,1171058688,0,0
44.6365,206348288,256.1000,820.82,0,0,1,91.20,0.00,1171058688,0,0
44.6477,206348288,256.1600,535.89,0,0,1,89.32,0.00,1171058688,0,0
44.6591,206348288,256.3000,1233.31,0,0,1,165.18,0.00,1171058688,0,0
44.6704,206348288,256.3900,794.33,0,0,1,99.29,0.00,1171058688,0,0
44.6815,206348288,256.4700,723.56,0,0,1,90.45,0.00,1171058688,0,0
44.6928,206348288,256.5500,707.08,0,0,1,88.38,0.00,1171058688,0,0
44.7045,206348288,256.6300,680.56,0,0,1,85.07,0.00,1171058688,0,0
44.7155,206348288,256.7100,727.35,0,0,1,90.92,0.00,1171058688,0,0
44.7268,206348288,256.7900,713.39,0,0,1,89.17,0.00,1171058688,0,0
44.7377,206348288,256.8700,728.14,0,0,1,91.02,0.00,1171058688,0,0
44.7491,206348288,256.9900,1055.13,0,0,1,142.88,0.00,1171058688,0,0
44.7603,206348288,257.0900,896.02,0,0,1,112.00,0.00,1171058688,0,0
44.7712,206348288,257.1700,730.59,0,0,1,91.32,0.00,1171058688,0,0
44.7834,206348288,257.2400,577.00,0,0,1,72.13,0.00,1171058688,0,0
44.7943,206348288,257.3400,911.62,0,0,1,113.95,0.00,1171058688,0,0
44.8052,206348288,257.4200,734.97,0,0,1,91.87,0.00,1171058688,0,0
44.8164,206348288,257.5100,807.19,0,0,1,89.69,0.00,1171058688,0,0
44.8273,206348288,257.5800,638.18,0,0,1,91.17,0.00,1171058688,0,0
44.8382,206348288,257.6600,738.07,0,0,1,92.26,0.00,1171058688,0,0
44.8490,206348288,257.7900,1195.14,0,0,1,160.88,0.00,1171058688,0,0
44.8601,206348288,257.8600,631.70,0,0,1,78.96,0.00,1171058688,0,0
44.8743,206348288,257.9700,777.30,0,0,1,97.16,0.00,1171058688,0,0
44.8898,206348288,258.0900,770.87,0,0,1,104.39,0.00,1171058688,0,0
44.9013,206348288,258.1900,870.00,0,0,1,108.75,0.00,1171058688,0,0
44.9126,206348288,258.2800,798.46,0,0,1,99.81,0.00,1171058688,0,0
44.9238,206348288,258.3600,715.52,0,0,1,89.44,0.00,1171058688,0,0
44.9347,206348288,258.4400,735.68,0,0,1,91.96,0.00,1171058688,0,0
44.9458,206348288,258.5200,717.44,0,0,1,89.68,0.00,1171058688,0,0
44.9575,206348288,258.6000,686.09,0,0,1,85.76,0.00,1171058688,0,0
44.9685,206348288,258.6700,634.12,0,0,1,79.26,0.00,1171058688,0,0
44.9800,206348288,258.7900,1044.75,0,0,1,141.48,0.00,1171058688,0,0
44.9912,206348288,258.9000,980.64,0,0,1,111.44,0.00,1171058688,0,0
45.0024,206348288,258.9800,717.49,0,0,1,89.69,0.00,1171058688,0,0
45.0136,206348288,259.0700,798.51,0,0,1,99.81,0.00,1171058688,0,0
45.0257,206348288,259.1500,663.17,0,0,1,82.90,0.00,1171058688,0,0
45.0370,206348288,259.2400,798.37,0,0,1,88.71,0.00,1171058688,0,0
45.0493,206348288,259.3300,732.34,0,0,1,111.89,0.00,1171058688,0,0
45.0606,206348288,259.4500,1061.86,0,0,1,132.73,0.00,1171058688,0,0
45.0734,206348288,259.5100,469.00,0,0,1,58.63,0.00,1171058688,0,0
45.0845,206348288,259.6200,989.92,0,0,1,123.74,0.00,1171058688,0,0
45.0962,206348288,259.7100,768.39,0,0,1,74.70,0.00,1171058688,0,0
45.1073,206348288,259.7800,631.55,0,0,1,78.94,0.00,1171058688,0,0
45.1187,206348288,259.8700,787.82,0,0,1,98.48,0.00,1171058688,0,0
45.1299,206348288,259.9900,1071.73,0,0,1,156.29,0.00,1171058688,0,0
45.1434,206348288,260.0900,739.17,0,0,1,83.16,0.00,1171058688,0,0
45.1565,206348288,260.1600,535.03,0,0,1,66.88,0.00,1171058688,0,0
45.1686,206348288,260.2600,825.08,0,0,1,103.13,0.00,1171058688,0,0
45.1798,206348288,260.3900,1164.63,0,0,1,156.78,0.00,1171058688,0,0
45.1911,206348288,260.4800,793.80,0,0,1,88.20,0.00,1171058688,0,0
45.2022,206348288,260.5400,541.84,0,0,1,67.73,0.00,1171058688,0,0
45.2133,206348288,260.6400,901.46,0,0,1,123.95,0.00,1171058688,0,0
45.2243,206348288,260.7100,636.11,0,0,1,68.15,0.00,1171058688,0,0
45.2353,206348288,260.8100,911.08,0,0,1,102.50,0.00,1171058688,0,0
45.2464,206348288,260.8900,716.20,0,0,1,100.72,0.00,1171058688,0,0
45.2576,206348288,260.9700,715.45,0,0,1,89.43,0.00,1171058688,0,0
45.2688,206348288,261.0500,713.05,0,0,1,133.70,0.00,1171058688,0,0
45.2799,206348288,261.1800,1175.32,0,0,1,124.31,0.00,1171058688,0,0
45.2909,206348288,261.2200,364.36,0,0,1,45.54,0.00,1171058688,0,0
45.3020,206348288,261.3400,1078.20,0,0,1,112.31,0.00,1171058688,0,0
45.3130,206348288,261.4200,724.74,0,0,1,101.92,0.00,1171058688,0,0
45.3246,206348288,261.5200,868.96,0,0,1,86.90,0.00,1171058688,0,0
45.3369,206348288,261.6000,646.64,0,0,1,80.83,0.00,1171058688,0,0
45.3480,206348288,261.7000,903.96,0,0,1,90.40,0.00,1171058688,0,0
45.3616,206348288,261.8000,737.26,0,0,1,119.80,0.00,1171058688,0,0
45.3734,206348288,261.8900,758.93,0,0,1,84.33,0.00,1171058688,0,0
45.3891,206348288,262.0200,828.72,0,0,1,111.56,0.00,1171058688,0,0
45.4113,206348288,262.1700,675.63,0,0,1,84.45,0.00,1171058688,0,0
45.4271,206348288,262.3000,821.59,0,0,1,71.10,0.00,1171058688,0,0
45.4428,206348288,262.4200,765.04,0,0,1,103.60,0.00,1171058688,0,0
45.4578,206348288,262.5400,798.34,0,0,1,91.48,0.00,1171058688,0,0
45.4719,206348288,262.6600,856.23,0,0,1,115.95,0.00,1171058688,0,0
45.4832,206348288,262.7700,967.87,0,0,1,120.98,0.00,1171058688,0,0
45.4989,206348288,262.8600,575.35,0,0,1,87.90,0.00,1171058688,0,0
45.5098,206348288,263.0000,1274.52,0,0,1,147.94,0.00,1171058688,0,0
45.5208,206348288,263.0400,366.53,0,0,1,45.82,0.00,1171058688,0,0
45.5320,206348288,263.1600,1064.62,0,0,1,121.99,0.00,1171058688,0,0
45.5429,206348288,263.2500,825.53,0,0,1,80.26,0.00,1171058688,0,0
45.5539,206348288,263.3100,548.29,0,0,1,68.54,0.00,1171058688,0,0
45.5648,206348288,263.4100,912.31,0,0,1,125.44,0.00,1171058688,0,0
45.5758,206348288,263.4900,730.08,0,0,1,79.85,0.00,1171058688,0,0
45.5872,206348288,263.5500,524.18,0,0,1,65.52,0.00,1171058688,0,0
45.5997,206348288,263.7000,1200.90,0,0,1,150.11,0.00,1171058688,0,0
45.6154,206348288,263.7900,574.00,0,0,1,71.75,0.00,1171058688,0,0
45.6265,206348288,263.8900,899.15,0,0,1,89.92,0.00,1171058688,0,0
45.6376,206348288,263.9700,723.18,0,0,1,79.10,0.00,1171058688,0,0
45.6486,206348288,264.0400,633.75,0,0,1,101.85,0.00,1171058688,0,0
45.6649,206348288,264.2000,984.71,0,0,1,123.09,0.00,1171058688,0,0
45.6760,206348288,264.2800,720.54,0,0,1,90.07,0.00,1171058688,0,0
45.6904,206348288,264.4100,905.04,0,0,1,121.83,0.00,1171058688,0,0
45.7013,206348288,264.4700,549.36,0,0,1,57.22,0.00,1171058688,0,0
45.7140,206348288,264.5800,865.98,0,0,1,98.41,0.00,1171058688,0,0
45.7250,206348288,264.6600,727.12,0,0,1,90.89,0.00,1171058688,0,0
45.7359,206348288,264.7300,642.25,0,0,1,80.28,0.00,1171058688,0,0
45.7469,206348288,264.8300,911.17,0,0,1,113.90,0.00,1171058688,0,0
45.7579,206348288,264.9300,908.26,0,0,1,90.83,0.00,1171058688,0,0
45.7689,206348288,264.9900,546.12,0,0,1,79.64,0.00,1171058688,0,0
45.7798,206348288,265.1100,1098.32,0,0,1,137.29,0.00,1171058688,0,0
45.7919,206348288,265.2200,909.64,0,0,1,113.71,0.00,1171058688,0,0
45.8031,206348288,265.2700,445.18,0,0,1,55.65,0.00,1171058688,0,0
45.8147,206348288,265.3800,947.08,0,0,1,118.38,0.00,1171058688,0,0
45.8257,206348288,265.4700,822.42,0,0,1,91.38,0.00,1171058688,0,0
45.8366,206348288,265.5300,546.95,0,0,1,79.76,0.00,1171058688,0,0
45.8476,206348288,265.6200,819.45,0,0,1,102.43,0.00,1171058688,0,0
45.8586,206348288,265.7200,908.45,0,0,1,90.84,0.00,1171058688,0,0
45.8699,206348288,265.8100,797.86,0,0,1,132.98,0.00,1171058688,0,0
45.8881,206348288,265.9400,714.37,0,0,1,75.56,0.00,1171058688,0,0
45.8993,206348288,266.0500,985.06,0,0,1,134.33,0.00,1171058688,0,0
45.9127,206348288,266.1600,821.38,0,0,1,102.67,0.00,1171058688,0,0
45.9240,206348288,266.2400,707.03,0,0,1,88.38,0.00,1171058688,0,0
45.9349,198696960,266.3300,820.94,0,0,1,91.22,0.00,1167360000,0,0
45.9460,188493824,266.4100,721.44,0,0,1,101.45,0.00,1159217152,0,0
45.9607,188493824,266.5400,888.53,0,0,1,119.61,0.00,1159217152,0,0
45.9771,188493824,266.6500,670.04,0,0,1,76.14,0.00,1159475200,0,0
45.9892,188493824,266.7600,907.69,0,0,1,134.09,0.00,1159073792,0,0
46.0003,188493824,266.8400,722.59,0,0,1,79.03,0.00,1158070272,0,0
46.0115,188493824,266.9500,979.86,0,0,1,111.35,0.00,1158070272,0,0
46.0239,188493824,267.0100,484.26,0,0,1,70.62,0.00,1158070272,0,0
46.0349,188493824,267.0900,723.11,0,0,1,90.39,0.00,1158070272,0,0
46.0459,188493824,267.2000,1003.08,0,0,1,113.99,0.00,1158070272,0,0
46.0573,188493824,267.2900,793.19,0,0,1,88.13,0.00,1158070272,0,0
46.0683,188493824,267.3500,545.79,0,0,1,79.59,0.00,1158070272,0,0
46.0792,188493824,267.4800,1189.89,0,0,1,148.74,0.00,1158070272,0,0
46.0904,188493824,267.5700,800.56,0,0,1,100.07,0.00,1158070272,0,0
46.1014,188493824,267.6400,640.15,0,0,1,68.59,0.00,1158070272,0,0
46.1129,188493824,267.7300,780.07,0,0,1,86.67,0.00,1158070272,0,0
46.1239,188493824,267.8100,728.35,0,0,1,102.42,0.00,1158070272,0,0
46.1354,188493824,267.9100,868.13,0,0,1,97.67,0.00,1158070272,0,0
46.1464,188493824,267.9900,723.99,0,0,1,90.50,0.00,1158070272,0,0
46.1574,188493824,268.0700,729.69,0,0,1,91.21,0.00,1158070272,0,0
46.1699,188493824,268.1900,959.64,0,0,1,139.95,0.00,1158070272,0,0
46.1818,188493824,268.2700,674.63,0,0,1,73.79,0.00,1158070272,0,0
46.1957,188493824,268.3800,787.86,0,0,1,98.48,0.00,1158070272,0,0
46.2122,188493824,268.5300,912.55,0,0,1,121.67,0.00,1158070272,0,0
46.2233,188493824,268.6200,808.58,0,0,1,89.84,0.00,1158070272,0,0
46.2350,188493824,268.6800,514.87,0,0,1,75.09,0.00,1158070272,0,0
46.2461,188493824,268.7900,984.34,0,0,1,100.67,0.00,1158070272,0,0
46.2588,188493824,268.8900,786.43,0,0,1,127.79,0.00,1158070272,0,0
46.2704,188493824,268.9800,776.05,0,0,1,97.01,0.00,1158070272,0,0
46.2815,188493824,269.0800,901.98,0,0,1,112.75,0.00,1158070272,0,0
46.2926,188493824,269.1600,722.19,0,0,1,78.99,0.00,1158070272,0,0
46.3074,188493824,269.2400,542.15,0,0,1,67.77,0.00,1158070272,0,0
46.3186,188493824,269.3300,801.59,0,0,1,89.07,0.00,1158070272,0,0
46.3297,188493824,269.4600,1169.15,0,0,1,168.63,0.00,1158070272,0,0
46.3408,188493824,269.5200,538.88,0,0,1,56.13,0.00,1158070272,0,0
46.3520,188493824,269.6300,982.73,0,0,1,122.84,0.00,1158070272,0,0
46.3649,188493824,269.7100,624.28,0,0,1,68.28,0.00,1158070272,0,0
46.3766,188493824,269.8000,767.25,0,0,1,95.91,0.00,1158070272,0,0
46.3902,188493824,269.9200,879.76,0,0,1,137.46,0.00,1158070272,0,0
46.4014,188493824,270.0000,717.97,0,0,1,78.53,0.00,1158070272,0,0
46.4124,188493824,270.1000,902.12,0,0,1,112.76,0.00,1158070272,0,0
46.4235,188493824,270.1700,635.67,0,0,1,79.46,0.00,1158070272,0,0
46.4346,188493824,270.2600,810.94,0,0,1,90.10,0.00,1158070272,0,0
46.4460,188493824,270.3400,700.24,0,0,1,98.47,0.00,1158070272,0,0
46.4577,188493824,270.4900,1278.27,0,0,1,170.44,0.00,1158070272,0,0
46.4720,188493824,270.5600,491.56,0,0,1,61.45,0.00,1158070272,0,0
46.4829,188493824,270.6600,917.26,0,0,1,103.19,0.00,1158070272,0,0
46.4972,188493824,270.7400,557.77,0,0,1,69.72,0.00,1158070272,0,0
46.5117,188493824,270.8800,967.57,0,0,1,129.58,0.00,1158070272,0,0
46.5230,188493824,270.9600,707.57,0,0,1,88.45,0.00,1158070272,0,0
46.5342,188493824,271.0300,624.79,0,0,1,89.26,0.00,1158070272,0,0
46.5475,188493824,271.1200,674.46,0,0,1,84.31,0.00,1158070272,0,0
46.5630,188719104,271.2500,837.54,0,0,1,112.75,0.00,1158070272,0,0
46.5741,187269120,271.3400,811.74,0,0,1,112.74,0.00,1158070272,0,0
46.5854,187269120,271.4100,619.59,0,0,1,66.38,0.00,1158070272,0,0
46.5979,187269120,271.5000,720.82,0,0,1,100.11,0.00,1158070272,0,0
46.6090,187269120,271.6300,1175.93,0,0,1,169.61,0.00,1158070272,0,0
46.6259,187269120,271.7300,590.10,0,0,1,59.01,0.00,1158070272,0,0
46.6370,187269120,271.8000,632.94,0,0,1,67.82,0.00,1158070272,0,0
46.6480,187269120,271.8900,817.39,0,0,1,113.53,0.00,1158070272,0,0
46.6591,187269120,272.0300,1260.03,0,0,1,168.75,0.00,1158070272,0,0
46.6702,187269120,272.1000,630.99,0,0,1,78.87,0.00,1158070272,0,0
46.6815,187269120,272.1800,710.68,0,0,1,99.94,0.00,1158070272,0,0
46.6934,187269120,272.2800,837.82,0,0,1,94.25,0.00,1158070272,0,0
46.7055,187269120,272.3800,823.03,0,0,1,82.30,0.00,1158070272,0,0
46.7185,187269120,272.4900,849.20,0,0,1,135.10,0.00,1158070272,0,0
46.7305,187269120,272.5800,750.81,0,0,1,83.42,0.00,1158070272,0,0
46.7451,187269120,272.6800,683.49,0,0,1,76.89,0.00,1158070272,0,0
46.7562,187269120,272.7600,722.51,0,0,1,90.31,0.00,1158070272,0,0
46.7705,187269120,272.9000,979.23,0,0,1,131.15,0.00,1158070272,0,0
46.7816,187269120,272.9800,722.14,0,0,1,90.27,0.00,1158070272,0,0
46.7966,187269120,273.0700,598.33,0,0,1,74.79,0.00,1158070272,0,0
46.8090,187269120,273.2000,1051.61,0,0,1,141.56,0.00,1158070272,0,0
46.8218,187269120,273.3000,778.60,0,0,1,97.32,0.00,1158070272,0,0
46.8332,187269120,273.3900,786.49,0,0,1,87.39,0.00,1158070272,0,0
46.8483,187269120,273.4700,531.22,0,0,1,66.40,0.00,1158070272,0,0
46.8654,187269120,273.6200,877.52,0,0,1,117.00,0.00,1158070272,0,0
46.8764,187269120,273.7100,818.65,0,0,1,90.96,0.00,1158070272,0,0
46.9019,187269120,273.9300,863.12,0,0,1,117.70,0.00,1158070272,0,0
46.9129,187269120,273.9900,542.44,0,0,1,67.81,0.00,1158070272,0,0
46.9331,187269120,274.1700,891.39,0,0,1,105.23,0.00,1158070272,0,0
46.9541,187269120,274.3300,764.03,0,0,1,95.50,0.00,1158070272,0,0
46.9650,187269120,274.4100,735.26,0,0,1,103.40,0.00,1158070272,0,0
46.9802,187269120,274.5200,723.20,0,0,1,90.40,0.00,1158070272,0,0
46.9915,187269120,274.6200,885.99,0,0,1,121.82,0.00,1158070272,0,0
47.0032,187269120,274.7100,766.62,0,0,1,95.83,0.00,1158070272,0,0
47.0152,187269120,274.8100,830.61,0,0,1,93.44,0.00,1158070272,0,0
47.0320,187269120,274.9700,953.91,0,0,1,119.24,0.00,1158070272,0,0
47.0492,187269120,275.0800,640.26,0,0,1,94.58,0.00,1158070272,0,0
47.0639,187269120,275.1900,746.52,0,0,1,84.83,0.00,1158070272,0,0
47.0847,187269120,275.3500,769.03,0,0,1,96.13,0.00,1158070272,0,0
47.1064,187269120,275.5100,739.06,0,0,1,92.38,0.00,1158070272,0,0
47.1188,187269120,275.5900,645.63,0,0,1,80.70,0.00,1158070272,0,0
47.1297,187269120,275.7100,1097.00,0,0,1,159.98,0.00,1158070272,0,0
47.1415,187269120,275.8000,763.06,0,0,1,95.38,0.00,1158070272,0,0
47.1525,187269120,275.9000,910.73,0,0,1,91.07,0.00,1158070272,0,0
47.1760,187269120,276.0400,595.38,0,0,1,79.74,0.00,1158070272,0,0
47.1953,187269120,276.1900,778.07,0,0,1,90.77,0.00,1158070272,0,0
47.2158,187269120,276.3700,877.31,0,0,1,109.66,0.00,1158070272,0,0
47.2272,187269120,276.4600,791.46,0,0,1,87.94,0.00,1158070272,0,0
47.2397,187269120,276.5700,876.54,0,0,1,129.49,0.00,1158070272,0,0
47.2507,187269120,276.6500,727.84,0,0,1,90.98,0.00,1158070272,0,0
47.2654,187269120,276.7700,815.02,0,0,1,93.39,0.00,1158070272,0,0
47.2771,187269120,276.8500,683.47,0,0,1,149.51,0.00,1158070272,0,0
47.2938,187269120,276.9900,841.29,0,0,1,67.60,0.00,1158070272,0,0
47.3084,187269120,277.0900,681.95,0,0,1,76.72,0.00,1158070272,0,0
47.3206,187269120,277.2000,903.57,0,0,1,164.29,0.00,1158070272,0,0
47.3362,187269120,277.3200,769.63,0,0,1,64.14,0.00,1158070272,0,0
47.3472,187269120,277.3900,635.04,0,0,1,90.72,0.00,1158070272,0,0
47.3607,187269120,277.5100,893.31,0,0,1,130.27,0.00,1158070272,0,0
47.3764,187269120,277.6300,764.00,0,0,1,79.58,0.00,1158070272,0,0
47.3923,187269120,277.7800,940.60,0,0,1,125.41,0.00,1158070272,0,0
47.4033,187269120,277.8600,725.76,0,0,1,90.72,0.00,1158070272,0,0
47.4143,187269120,277.9700,1007.36,0,0,1,160.26,0.00,1158070272,0,0
47.4301,187269120,278.0500,504.52,0,0,1,47.30,0.00,1158070272,0,0
47.4430,187269120,278.1700,928.74,0,0,1,116.09,0.00,1158070272,0,0
47.4540,187269120,278.2600,820.80,0,0,1,91.20,0.00,1158070272,0,0
47.4698,187269120,278.3900,823.44,0,0,1,118.77,0.00,1158070272,0,0
47.4807,187269120,278.4300,368.28,0,0,1,46.03,0.00,1158070272,0,0
47.4964,187539456,278.5700,886.59,0,0,1,102.91,0.00,1158328320,0,0
47.5078,187539456,278.6800,968.97,0,0,1,154.15,0.00,1158328320,0,0
47.5206,187539456,278.7300,389.93,0,0,1,48.74,0.00,1158328320,0,0
47.5357,187539456,278.8300,662.28,0,0,1,82.79,0.00,1158328320,0,0
47.5509,187539456,278.9500,789.90,0,0,1,98.74,0.00,1158328320,0,0
47.5627,187539456,279.0300,676.24,0,0,1,95.10,0.00,1158328320,0,0
47.5738,187539456,279.0800,452.38,0,0,1,56.55,0.00,1158328320,0,0
47.5848,187539456,279.1300,452.62,0,0,1,56.58,0.00,1158328320,0,0
47.5961,187539456,279.1800,445.78,0,0,1,55.72,0.00,1158328320,0,0
47.6072,187539456,279.2300,448.43,0,0,1,56.05,0.00,1158328320,0,0
47.6184,187539456,279.2800,447.94,0,0,1,55.99,0.00,1158328320,0,0
47.6296,187539456,279.3700,804.18,0,0,1,111.69,0.00,1158328320,0,0
47.6406,187539456,279.4300,540.99,0,0,1,67.62,0.00,1158328320,0,0
47.6517,187539456,279.4700,362.47,0,0,1,45.31,0.00,1158328320,0,0
47.6628,187539456,279.5100,359.48,0,0,1,44.93,0.00,1158328320,0,0
47.6739,187539456,279.5800,630.09,0,0,1,78.76,0.00,1158328320,0,0
47.6850,187539456,279.6300,452.02,0,0,1,56.50,0.00,1158328320,0,0
47.6961,187539456,279.6800,449.24,0,0,1,56.15,0.00,1158328320,0,0
47.7080,187539456,279.7300,421.45,0,0,1,52.68,0.00,1158328320,0,0
47.7191,187539456,279.8300,901.69,0,0,1,123.98,0.00,1158328320,0,0
47.7303,187539456,279.8800,446.56,0,0,1,55.82,0.00,1158328320,0,0
47.7413,187539456,279.9300,453.45,0,0,1,56.68,0.00,1158328320,0,0
47.7523,187539456,279.9800,454.60,0,0,1,56.83,0.00,1158328320,0,0
47.7633,187539456,280.0300,454.31,0,0,1,56.79,0.00,1158328320,0,0
47.7744,187539456,280.0800,451.81,0,0,1,56.48,0.00,1158328320,0,0
47.7854,187539456,280.1300,451.85,0,0,1,56.48,0.00,1158328320,0,0
47.7966,187539456,280.1800,448.29,0,0,1,56.04,0.00,1158328320,0,0
47.8076,187539456,280.2300,454.40,0,0,1,56.80,0.00,1158328320,0,0
47.8186,187539456,280.2800,453.60,0,0,1,56.70,0.00,1158328320,0,0
47.8298,187539456,280.3800,892.86,0,0,1,122.77,0.00,1158328320,0,0
47.8408,187539456,280.4300,456.67,0,0,1,57.08,0.00,1158328320,0,0
47.8516,187539456,280.4800,460.88,0,0,1,57.61,0.00,1158328320,0,0
47.8626,187539456,280.5200,365.24,0,0,1,45.66,0.00,1158328320,0,0
47.8736,187539456,280.5800,545.08,0,0,1,68.13,0.00,1158328320,0,0
47.8847,187539456,280.6300,449.38,0,0,1,56.17,0.00,1158328320,0,0
47.8957,187539456,280.6800,453.46,0,0,1,56.68,0.00,1158328320,0,0
47.9075,187539456,280.7300,423.77,0,0,1,52.97,0.00,1158328320,0,0
47.9186,187539456,280.7800,452.88,0,0,1,56.61,0.00,1158328320,0,0
47.9296,187539456,280.8800,904.63,0,0,1,124.39,0.00,1158328320,0,0
47.9407,187539456,280.9300,451.97,0,0,1,56.50,0.00,1158328320,0,0
47.9518,187539456,280.9800,450.10,0,0,1,45.01,0.00,1158328320,0,0
47.9629,187539456,281.0200,361.29,0,0,1,45.16,0.00,1158328320,0,0
47.9738,187539456,281.0600,365.43,0,0,1,45.68,0.00,1158328320,0,0
47.9847,187539456,281.1000,366.67,0,0,1,45.83,0.00,1158328320,0,0
47.9957,187539456,281.1400,362.99,0,0,1,45.37,0.00,1158328320,0,0
48.0067,187539456,281.1800,363.06,0,0,1,45.38,0.00,1158328320,0,0
48.0178,187539456,281.2200,360.98,0,0,1,45.12,0.00,1158328320,0,0
48.0289,187539456,281.2600,360.95,0,0,1,101.52,0.00,1158328320,0,0
48.0400,187539456,281.3400,721.13,0,0,1,45.07,0.00,1158328320,0,0
48.0510,187539456,281.3800,362.32,0,0,1,45.29,0.00,1158328320,0,0
48.0621,187539456,281.4200,361.37,0,0,1,45.17,0.00,1158328320,0,0
48.0731,187539456,281.4600,363.07,0,0,1,45.38,0.00,1158328320,0,0
48.0842,187539456,281.5000,361.02,0,0,1,45.13,0.00,1158328320,0,0
48.0950,187539456,281.5400,370.50,0,0,1,46.31,0.00,1158328320,0,0
48.1059,187539456,281.5800,368.08,0,0,1,46.01,0.00,1158328320,0,0
48.1165,187539456,281.6200,375.10,0,0,1,46.89,0.00,1158328320,0,0
48.1275,187539456,281.6600,364.98,0,0,1,45.62,0.00,1158328320,0,0
48.1383,187539456,281.7000,371.17,0,0,1,46.40,0.00,1158328320,0,0
48.1489,187539456,281.7400,377.06,0,0,1,47.13,0.00,1158328320,0,0
48.1598,187539456,281.8200,734.35,0,0,1,103.27,0.00,1158328320,0,0
48.1708,187539456,281.8600,363.59,0,0,1,45.45,0.00,1158328320,0,0
48.1823,187539456,281.9000,347.87,0,0,1,54.35,0.00,1158328320,0,0
48.1941,187539456,281.9400,339.35,0,0,1,42.42,0.00,1158328320,0,0
48.2048,187539456,281.9800,372.86,0,0,1,46.61,0.00,1158328320,0,0
48.2157,187539456,282.0200,367.07,0,0,1,45.88,0.00,1158328320,0,0
48.2269,187539456,282.0600,355.15,0,0,1,44.39,0.00,1158328320,0,0
48.2383,187539456,282.1000,351.15,0,0,1,43.89,0.00,1158328320,0,0
48.2491,187539456,282.1400,371.51,0,0,1,104.49,0.00,1158328320,0,0
48.2599,187539456,282.2200,742.04,0,0,1,46.38,0.00,1158328320,0,0
48.2710,187539456,282.2600,359.47,0,0,1,44.93,0.00,1158328320,0,0
48.2819,187539456,282.3000,368.82,0,0,1,46.10,0.00,1158328320,0,0
48.2929,187539456,282.3400,361.97,0,0,1,45.25,0.00,1158328320,0,0
48.3048,187539456,282.3800,336.92,0,0,1,42.12,0.00,1158328320,0,0
48.3158,187539456,282.4200,362.41,0,0,1,45.30,0.00,1158328320,0,0
48.3271,187539456,282.4600,355.13,0,0,1,44.39,0.00,1158328320,0,0
48.3382,187539456,282.5000,359.77,0,0,1,44.97,0.00,1158328320,0,0
48.3491,187809792,282.5800,732.79,0,0,1,91.60,0.00,1158328320,0,0
48.3601,187809792,282.6100,273.04,0,0,1,34.13,0.00,1158328320,0,0
48.3713,187809792,282.6400,267.33,0,0,1,22.28,0.00,1158586368,0,0
48.3820,187809792,282.6600,186.72,0,0,1,23.34,0.00,1158586368,0,0
48.3933,187809792,282.6800,178.11,0,0,1,22.26,0.00,1158586368,0,0
48.4044,187809792,282.6900,89.50,0,0,1,11.19,0.00,1158586368,0,0
48.4153,187809792,282.7000,92.45,0,0,1,11.56,0.00,1158586368,0,0
48.4265,188350464,282.7200,177.98,0,0,1,11.12,0.00,1158672384,0,0
48.4379,188350464,282.7300,87.43,0,0,1,54.64,0.00,1158672384,0,0
48.4490,188350464,282.8100,722.77,0,0,1,112.93,0.00,1158672384,0,0
48.4639,188395520,282.8500,268.92,0,0,1,42.02,0.00,1168551936,0,0
48.4748,188395520,282.8900,366.06,0,0,1,45.76,0.00,1162780672,0,0
48.4857,188395520,282.9300,367.61,0,0,1,57.44,0.00,1162780672,0,0
48.4968,188395520,282.9700,358.52,0,0,1,44.81,0.00,1162780672,0,0
48.5079,188395520,283.0100,362.42,0,0,1,56.63,0.00,1162780672,0,0
48.5189,188395520,283.0800,632.62,0,0,1,90.37,0.00,1162780672,0,0
48.5300,188395520,283.1300,451.40,0,0,1,56.42,0.00,1162780672,0,0
48.5411,188395520,283.1700,362.62,0,0,1,45.33,0.00,1162780672,0,0
48.5521,188395520,283.2100,362.64,0,0,1,45.33,0.00,1162780672,0,0
48.5631,188395520,283.2500,362.28,0,0,1,45.28,0.00,1162780672,0,0
48.5740,188395520,283.2900,368.06,0,0,1,46.01,0.00,1162780672,0,0
48.5850,188395520,283.3300,364.36,0,0,1,45.54,0.00,1162780672,0,0
48.5960,188395520,283.3700,361.36,0,0,1,45.17,0.00,1162780672,0,0
48.6071,188395520,283.4100,362.98,0,0,1,45.37,0.00,1162780672,0,0
48.6180,188395520,283.4500,366.72,0,0,1,45.84,0.00,1162780672,0,0
48.6289,188395520,283.4900,366.92,0,0,1,45.86,0.00,1162780672,0,0
48.6398,188395520,283.5600,638.15,0,0,1,91.16,0.00,1162780672,0,0
48.6509,188395520,283.6100,452.37,0,0,1,56.55,0.00,1162780672,0,0
48.6619,188395520,283.6500,361.83,0,0,1,45.23,0.00,1162780672,0,0
48.6732,188395520,283.6900,355.36,0,0,1,44.42,0.00,1162780672,0,0
48.6842,188395520,283.7300,363.19,0,0,1,45.40,0.00,1162780672,0,0
48.6953,188395520,283.7700,362.08,0,0,1,56.57,0.00,1162780672,0,0
48.7064,188395520,283.8100,359.83,0,0,1,56.22,0.00,1162780672,0,0
48.7174,188395520,283.8500,361.90,0,0,1,45.24,0.00,1162780672,0,0
48.7287,188395520,283.8900,356.29,0,0,1,44.54,0.00,1162780672,0,0
48.7398,188395520,283.9700,718.44,0,0,1,101.03,0.00,1162780672,0,0
48.7508,188395520,284.0100,363.94,0,0,1,45.49,0.00,1162780672,0,0
48.7619,188395520,284.0500,361.17,0,0,1,45.15,0.00,1162780672,0,0
48.7729,188395520,284.0900,362.66,0,0,1,56.67,0.00,1162780672,0,0
48.7840,188395520,284.1300,361.35,0,0,1,45.17,0.00,1162780672,0,0
48.7950,188395520,284.1700,363.76,0,0,1,45.47,0.00,1162780672,0,0
48.8058,188395520,284.2100,367.84,0,0,1,45.98,0.00,1162780672,0,0
48.8167,188395520,284.2500,368.45,0,0,1,46.06,0.00,1162780672,0,0
48.8276,188395520,284.2900,365.35,0,0,1,45.67,0.00,1162780672,0,0
48.8386,188395520,284.3300,365.58,0,0,1,45.70,0.00,1162780672,0,0
48.8499,188395520,284.4100,704.75,0,0,1,99.11,0.00,1162780672,0,0
48.8609,188395520,284.4500,364.30,0,0,1,45.54,0.00,1162780672,0,0
48.8719,188395520,284.4900,363.81,0,0,1,45.48,0.00,1162780672,0,0
48.8828,188395520,284.5300,365.98,0,0,1,45.75,0.00,1162780672,0,0
48.8938,188395520,284.5700,365.72,0,0,1,45.72,0.00,1162780672,0,0
48.9048,188395520,284.6100,363.71,0,0,1,45.46,0.00,1162780672,0,0
48.9156,188395520,284.6500,369.79,0,0,1,46.22,0.00,1162780672,0,0
48.9265,188395520,284.6900,366.55,0,0,1,45.82,0.00,1162780672,0,0
48.9375,188395520,284.7300,362.25,0,0,1,45.28,0.00,1162780672,0,0
48.9484,188395520,284.7700,368.51,0,0,1,46.06,0.00,1162780672,0,0
48.9597,188395520,284.8500,709.32,0,0,1,99.75,0.00,1162780672,0,0
48.9707,188395520,284.8900,361.82,0,0,1,45.23,0.00,1162780672,0,0
48.9816,188395520,284.9300,366.87,0,0,1,45.86,0.00,1162780672,0,0
48.9927,188395520,284.9700,361.37,0,0,1,45.17,0.00,1162780672,0,0
49.0041,188395520,285.0100,350.51,0,0,1,43.81,0.00,1162780672,0,0
49.0149,188395520,285.0500,369.60,0,0,1,46.20,0.00,1162780672,0,0
49.0261,188395520,285.0900,359.11,0,0,1,44.89,0.00,1162780672,0,0
49.0374,188395520,285.1300,353.55,0,0,1,55.24,0.00,1162780672,0,0
49.0482,188395520,285.1700,370.28,0,0,1,57.86,0.00,1162780672,0,0
49.0595,188395520,285.2400,620.38,0,0,1,99.70,0.00,1162780672,0,0
49.0707,188395520,285.2900,446.48,0,0,1,55.81,0.00,1162780672,0,0
49.0816,188395520,285.3300,367.14,0,0,1,45.89,0.00,1162780672,0,0
49.0927,188395520,285.3700,359.51,0,0,1,44.94,0.00,1162780672,0,0
49.1041,188395520,285.4100,350.85,0,0,1,43.86,0.00,1162780672,0,0
49.1152,188395520,285.4500,361.33,0,0,1,45.17,0.00,1162780672,0,0
49.1262,188395520,285.4900,363.13,0,0,1,45.39,0.00,1162780672,0,0
49.1380,188665856,285.5400,423.93,0,0,1,42.39,0.00,1162780672,0,0
49.1489,188932096,285.5700,274.96,0,0,1,80.20,0.00,1162780672,0,0
49.1601,189464576,285.6100,357.85,0,0,1,55.91,0.00,1164070912,0,0
49.1709,189464576,285.6500,368.04,0,0,1,57.51,0.00,1164070912,0,0
49.1853,189464576,285.6900,278.26,0,0,1,34.78,0.00,1164070912,0,0
49.1960,189464576,285.7300,373.48,0,0,1,46.69,0.00,1164070912,0,0
49.2069,189464576,285.7700,367.78,0,0,1,57.46,0.00,1164070912,0,0
49.2177,189464576,285.8100,371.18,0,0,1,46.40,0.00,1164070912,0,0
49.2285,189464576,285.8500,368.20,0,0,1,46.03,0.00,1164070912,0,0
49.2393,189464576,285.9300,743.29,0,0,1,104.52,0.00,1164070912,0,0
49.2500,189464576,285.9700,372.11,0,0,1,46.51,0.00,1164070912,0,0
49.2610,189464576,286.0100,365.87,0,0,1,45.73,0.00,1164070912,0,0
49.2718,189464576,286.0500,369.51,0,0,1,46.19,0.00,1164070912,0,0
49.2825,189464576,286.0900,374.13,0,0,1,46.77,0.00,1164070912,0,0
49.2933,189464576,286.1300,369.40,0,0,1,46.18,0.00,1164070912,0,0
49.3042,189464576,286.1700,368.63,0,0,1,46.08,0.00,1164070912,0,0
49.3148,189464576,286.2100,376.41,0,0,1,47.05,0.00,1164070912,0,0
49.3259,189464576,286.2500,359.09,0,0,1,44.89,0.00,1164070912,0,0
49.3372,189464576,286.2900,354.20,0,0,1,44.27,0.00,1164070912,0,0
49.3483,189464576,286.3300,361.30,0,0,1,45.16,0.00,1164070912,0,0
49.3595,189464576,286.4100,717.29,0,0,1,100.87,0.00,1164070912,0,0
49.3704,189464576,286.4500,366.50,0,0,1,45.81,0.00,1164070912,0,0
49.3810,189464576,286.4900,374.62,0,0,1,46.83,0.00,1164070912,0,0
49.3921,189464576,286.5300,362.40,0,0,1,45.30,0.00,1164070912,0,0
49.4039,189464576,286.5700,339.78,0,0,1,42.47,0.00,1164070912,0,0
49.4149,189464576,286.6100,362.42,0,0,1,45.30,0.00,1164070912,0,0
49.4258,189464576,286.6500,366.65,0,0,1,45.83,0.00,1164070912,0,0
49.4370,189464576,286.6900,356.95,0,0,1,44.62,0.00,1164070912,0,0
49.4480,189464576,286.7300,362.67,0,0,1,45.33,0.00,1164070912,0,0
49.4590,189464576,286.8100,729.10,0,0,1,102.53,0.00,1164070912,0,0
49.4710,189464576,286.8500,333.15,0,0,1,41.64,0.00,1164070912,0,0
49.4820,189464576,286.8900,364.55,0,0,1,45.57,0.00,1164070912,0,0
49.4930,189464576,286.9300,364.35,0,0,1,45.54,0.00,1164070912,0,0
49.5039,189464576,286.9700,364.31,0,0,1,45.54,0.00,1164070912,0,0
49.5149,189464576,287.0100,364.86,0,0,1,45.61,0.00,1164070912,0,0
49.5262,189464576,287.0500,354.46,0,0,1,44.31,0.00,1164070912,0,0
49.5373,189464576,287.0900,361.16,0,0,1,45.14,0.00,1164070912,0,0
49.5482,189464576,287.1300,364.59,0,0,1,45.57,0.00,1164070912,0,0
49.5596,189464576,287.2000,615.62,0,0,1,76.95,0.00,1164070912,0,0
49.5706,189464576,287.2500,455.34,0,0,1,56.92,0.00,1164070912,0,0
49.5815,189464576,287.2900,366.63,0,0,1,45.83,0.00,1164070912,0,0
49.5927,189464576,287.3300,357.61,0,0,1,44.70,0.00,1164070912,0,0
49.6040,189464576,287.3700,352.30,0,0,1,44.04,0.00,1164070912,0,0
49.6150,189464576,287.4100,365.44,0,0,1,45.68,0.00,1164070912,0,0
49.6265,189464576,287.4500,347.30,0,0,1,43.41,0.00,1164070912,0,0
49.6381,189464576,287.4900,345.62,0,0,1,43.20,0.00,1164070912,0,0
49.6491,189464576,287.5700,726.00,0,0,1,102.09,0.00,1164070912,0,0
49.6602,189464576,287.6100,359.80,0,0,1,56.22,0.00,1164070912,0,0
49.6713,189464576,287.6500,359.99,0,0,1,56.25,0.00,1164271616,0,0
49.6823,189464576,287.6900,365.55,0,0,1,57.12,0.00,1164271616,0,0
49.6954,189464576,287.7300,304.66,0,0,1,66.64,0.00,1164271616,0,0
49.7064,189464576,287.7700,364.85,0,0,1,57.01,0.00,1164271616,0,0
49.7175,189464576,287.8100,359.34,0,0,1,44.92,0.00,1164271616,0,0
49.7285,189464576,287.8500,362.98,0,0,1,45.37,0.00,1164271616,0,0
49.7397,189464576,287.9300,717.88,0,0,1,100.95,0.00,1164271616,0,0
49.7507,189464576,287.9700,361.59,0,0,1,45.20,0.00,1164271616,0,0
49.7617,189464576,288.0100,362.98,0,0,1,45.37,0.00,1164271616,0,0
49.7728,189464576,288.0500,362.25,0,0,1,45.28,0.00,1164271616,0,0
49.7838,189464576,288.0900,362.57,0,0,1,45.32,0.00,1164271616,0,0
49.7949,189464576,288.1300,360.67,0,0,1,45.08,0.00,1164271616,0,0
49.8059,189464576,288.1700,363.11,0,0,1,45.39,0.00,1164271616,0,0
49.8169,189464576,288.2100,363.11,0,0,1,45.39,0.00,1164271616,0,0
49.8279,189464576,288.2500,363.47,0,0,1,45.43,0.00,1164271616,0,0
49.8391,189464576,288.3300,719.42,0,0,1,101.17,0.00,1164271616,0,0
49.8501,189464576,288.3700,362.37,0,0,1,45.30,0.00,1164271616,0,0
49.8611,189464576,288.4000,272.08,0,0,1,34.01,0.00,1164271616,0,0
49.8722,189464576,288.4500,452.21,0,0,1,56.53,0.00,1164271616,0,0
49.8832,189464576,288.4900,361.94,0,0,1,45.24,0.00,1164271616,0,0
49.8943,189734912,288.5200,271.94,0,0,1,33.99,0.00,1164271616,0,0
49.9053,190816256,288.5500,271.60,0,0,1,11.32,0.00,1165045760,0,0
49.9163,190816256,288.5900,364.90,0,0,1,45.61,0.00,1165045760,0,0
49.9302,190816256,288.6700,573.94,0,0,1,98.65,0.00,1165045760,0,0
49.9413,190816256,288.7100,361.24,0,0,1,56.44,0.00,1165045760,0,0
49.9534,190816256,288.7500,329.92,0,0,1,61.86,0.00,1165045760,0,0
49.9644,190816256,288.7900,364.24,0,0,1,79.68,0.00,1165045760,0,0
49.9759,190816256,288.8300,346.42,0,0,1,54.13,0.00,1165045760,0,0
49.9885,190816256,288.8700,319.05,0,0,1,49.85,0.00,1165045760,0,0
49.9996,190816256,288.9500,718.79,0,0,1,101.08,0.00,1165045760,0,0
50.0107,190816256,288.9900,359.83,0,0,1,44.98,0.00,1165045760,0,0
50.0218,190816256,289.0300,361.87,0,0,1,45.23,0.00,1165045760,0,0
50.0327,190816256,289.0700,365.89,0,0,1,57.17,0.00,1165045760,0,0
50.0437,190816256,289.1100,363.04,0,0,1,45.38,0.00,1165045760,0,0
50.0547,190816256,289.1500,364.54,0,0,1,56.96,0.00,1165045760,0,0
50.0659,190816256,289.1900,356.93,0,0,1,44.62,0.00,1165045760,0,0
50.0770,190816256,289.2300,361.25,0,0,1,45.16,0.00,1165045760,0,0
50.0880,190816256,289.2700,363.08,0,0,1,56.73,0.00,1165045760,0,0
50.0989,190816256,289.3100,365.81,0,0,1,102.88,0.00,1165045760,0,0
50.1099,190816256,289.3900,726.64,0,0,1,56.77,0.00,1165045760,0,0
50.1209,190816256,289.4300,364.38,0,0,1,45.55,0.00,1165045760,0,0
50.1319,190816256,289.4700,363.69,0,0,1,56.83,0.00,1165045760,0,0
50.1430,190816256,289.5100,361.98,0,0,1,45.25,0.00,1165045760,0,0
50.1539,190816256,289.5500,365.62,0,0,1,57.13,0.00,1165045760,0,0
50.1645,190816256,289.5900,376.13,0,0,1,47.02,0.00,1165045760,0,0
50.1756,190816256,289.6300,360.59,0,0,1,56.34,0.00,1165045760,0,0
50.1866,190816256,289.6700,365.27,0,0,1,45.66,0.00,1165045760,0,0
50.1975,190816256,289.7100,366.69,0,0,1,57.30,0.00,1165045760,0,0
50.2086,190816256,289.7500,358.63,0,0,1,44.83,0.00,1165045760,0,0
50.2198,190816256,289.8300,716.25,0,0,1,111.91,0.00,1165045760,0,0
50.2306,190816256,289.8700,371.15,0,0,1,46.39,0.00,1165045760,0,0
50.2415,190816256,289.9100,366.72,0,0,1,57.30,0.00,1165045760,0,0
50.2527,190816256,289.9500,358.08,0,0,1,44.76,0.00,1165045760,0,0
50.2635,190816256,289.9900,369.48,0,0,1,57.73,0.00,1165045760,0,0
50.2742,190816256,290.0300,372.84,0,0,1,46.61,0.00,1165045760,0,0
50.2856,190816256,290.0700,350.23,0,0,1,54.72,0.00,1165045760,0,0
50.2966,190816256,290.1100,366.75,0,0,1,45.84,0.00,1165045760,0,0
50.3075,190816256,290.1500,366.77,0,0,1,45.85,0.00,1165045760,0,0
50.3187,190816256,290.1900,356.48,0,0,1,44.56,0.00,1165045760,0,0
50.3297,190816256,290.2700,728.20,0,0,1,102.40,0.00,1165045760,0,0
50.3408,190816256,290.3100,358.83,0,0,1,44.85,0.00,1165045760,0,0
50.3526,190816256,290.3500,337.96,0,0,1,42.24,0.00,1165045760,0,0
50.3636,190816256,290.3900,365.60,0,0,1,45.70,0.00,1165045760,0,0
50.3747,190816256,290.4300,359.54,0,0,1,44.94,0.00,1165045760,0,0
50.3863,190816256,290.4700,345.03,0,0,1,43.13,0.00,1165045760,0,0
50.3973,190816256,290.5100,363.77,0,0,1,45.47,0.00,1165045760,0,0
50.4085,190816256,290.5500,356.10,0,0,1,44.51,0.00,1165045760,0,0
50.4197,190816256,290.6300,715.01,0,0,1,100.55,0.00,1165045760,0,0
50.4305,190816256,290.6700,371.57,0,0,1,46.45,0.00,1165045760,0,0
50.4414,190816256,290.7100,368.21,0,0,1,46.03,0.00,1165045760,0,0
50.4527,190816256,290.7500,353.56,0,0,1,44.19,0.00,1165045760,0,0
50.4634,190816256,290.7900,371.90,0,0,1,46.49,0.00,1165045760,0,0
50.4744,190816256,290.8300,365.01,0,0,1,45.63,0.00,1165045760,0,0
50.4859,190816256,290.8700,346.10,0,0,1,43.26,0.00,1165045760,0,0
50.4967,190816256,290.9100,371.65,0,0,1,46.46,0.00,1165045760,0,0
50.5076,190816256,290.9500,366.52,0,0,1,45.82,0.00,1165045760,0,0
50.5194,190816256,291.0300,678.20,0,0,1,95.37,0.00,1165045760,0,0
50.5303,190816256,291.0700,367.16,0,0,1,45.90,0.00,1165017088,0,0
50.5415,190816256,291.1100,356.08,0,0,1,44.51,0.00,1165017088,0,0
50.5531,190816256,291.1500,346.25,0,0,1,54.10,0.00,1165017088,0,0
50.5641,190816256,291.1900,362.13,0,0,1,45.27,0.00,1165017088,0,0
50.5755,190816256,291.2300,353.41,0,0,1,44.18,0.00,1165017088,0,0
50.5866,190816256,291.2700,359.15,0,0,1,44.89,0.00,1165017088,0,0
50.5977,190816256,291.3100,360.66,0,0,1,45.08,0.00,1165017088,0,0
50.6088,190816256,291.3800,627.18,0,0,1,112.00,0.00,1165017088,0,0
50.6205,190816256,291.4300,430.65,0,0,1,53.83,0.00,1165017088,0,0
50.6315,190816256,291.4700,363.16,0,0,1,56.74,0.00,1165017088,0,0
50.6425,190816256,291.5100,361.49,0,0,1,45.19,0.00,1165017088,0,0
50.6537,190816256,291.5500,358.87,0,0,1,44.86,0.00,1165017088,0,0
50.6647,190816256,291.5900,361.51,0,0,1,45.19,0.00,1165017088,0,0
50.6757,190816256,291.6300,363.56,0,0,1,56.81,0.00,1165017088,0,0
50.6868,190816256,291.6700,360.47,0,0,1,45.06,0.00,1165017088,0,0
50.6979,190816256,291.7100,361.65,0,0,1,45.21,0.00,1165017088,0,0
50.7094,190816256,291.7900,697.52,0,0,1,108.99,0.00,1165017088,0,0
50.7204,190816256,291.8300,362.89,0,0,1,45.36,0.00,1165017088,0,0
50.7314,190816256,291.8700,364.15,0,0,1,45.52,0.00,1165017088,0,0
50.7424,190816256,291.9100,362.88,0,0,1,45.36,0.00,1165017088,0,0
50.7534,190816256,291.9500,363.75,0,0,1,45.47,0.00,1165017088,0,0
50.7644,190816256,291.9900,362.98,0,0,1,45.37,0.00,1165017088,0,0
50.7752,190816256,292.0300,370.06,0,0,1,46.26,0.00,1165017088,0,0
50.7863,190816256,292.0700,362.82,0,0,1,45.35,0.00,1165017088,0,0
50.7973,190816256,292.1100,363.65,0,0,1,45.46,0.00,1165017088,0,0
50.8082,190816256,292.1500,363.81,0,0,1,45.48,0.00,1165017088,0,0
50.8195,190816256,292.2300,710.90,0,0,1,99.97,0.00,1165017088,0,0
50.8305,190816256,292.2700,364.35,0,0,1,45.54,0.00,1165017088,0,0
50.8416,190816256,292.3100,358.37,0,0,1,56.00,0.00,1165017088,0,0
50.8528,190816256,292.3500,359.32,0,0,1,44.92,0.00,1165017088,0,0
50.8638,190816256,292.3900,363.25,0,0,1,45.41,0.00,1165017088,0,0
50.8751,190816256,292.4300,354.61,0,0,1,44.33,0.00,1165017088,0,0
50.8862,190816256,292.4700,358.77,0,0,1,44.85,0.00,1165017088,0,0
50.8972,190816256,292.5100,364.68,0,0,1,45.59,0.00,1165017088,0,0
50.9087,190816256,292.5500,348.01,0,0,1,54.38,0.00,1165017088,0,0
50.9198,190816256,292.6300,721.44,0,0,1,112.72,0.00,1165017088,0,0
50.9308,190816256,292.6700,363.34,0,0,1,45.42,0.00,1165017088,0,0
50.9420,190816256,292.7100,357.18,0,0,1,44.65,0.00,1165017088,0,0
50.9532,190816256,292.7500,357.36,0,0,1,55.84,0.00,1165017088,0,0
50.9641,190816256,292.7900,365.13,0,0,1,45.64,0.00,1165017088,0,0
50.9752,190816256,292.8300,359.81,0,0,1,44.98,0.00,1165017088,0,0
50.9862,190816256,292.8700,364.99,0,0,1,45.62,0.00,1165017088,0,0
50.9972,190816256,292.9100,363.69,0,0,1,56.83,0.00,1165017088,0,0
51.0086,190816256,292.9500,350.81,0,0,1,43.85,0.00,1165017088,0,0
51.0197,190816256,293.0300,720.97,0,0,1,112.65,0.00,1165017088,0,0
51.0308,190816256,293.0700,358.83,0,0,1,44.85,0.00,1165017088,0,0
51.0419,190816256,293.1100,360.12,0,0,1,56.27,0.00,1165017088,0,0
51.0529,190816256,293.1500,365.49,0,0,1,45.69,0.00,1165017088,0,0
51.0638,190816256,293.1900,365.86,0,0,1,45.73,0.00,1165017088,0,0
51.0752,190816256,293.2300,351.90,0,0,1,43.99,0.00,1165017088,0,0
51.0865,190816256,293.2700,354.47,0,0,1,55.39,0.00,1165017088,0,0
51.0975,190816256,293.3100,362.67,0,0,1,45.33,0.00,1165017088,0,0
51.1085,190816256,293.3500,362.22,0,0,1,45.28,0.00,1165017088,0,0
51.1197,190816256,293.4300,719.10,0,0,1,112.36,0.00,1165017088,0,0
51.1305,190816256,293.4700,369.07,0,0,1,57.67,0.00,1165017088,0,0
51.1419,190816256,293.5100,350.57,0,0,1,43.82,0.00,1165017088,0,0
51.1530,190816256,293.5500,359.78,0,0,1,44.97,0.00,1165017088,0,0
51.1643,190816256,293.5900,355.12,0,0,1,44.39,0.00,1165017088,0,0
51.1753,190816256,293.6300,364.86,0,0,1,57.01,0.00,1165017088,0,0
51.1861,190816256,293.6700,368.21,0,0,1,46.03,0.00,1165017088,0,0
51.1969,190816256,293.7100,370.46,0,0,1,57.88,0.00,1165017088,0,0
51.2079,190816256,293.7500,364.46,0,0,1,45.56,0.00,1165017088,0,0
51.2191,190816256,293.8300,714.19,0,0,1,133.91,0.00,1165017088,0,0
51.2302,190816256,293.8700,359.23,0,0,1,44.90,0.00,1165017088,0,0
51.2415,190816256,293.9100,354.54,0,0,1,44.32,0.00,1165017088,0,0
51.2527,190816256,293.9500,358.67,0,0,1,44.83,0.00,1165017088,0,0
51.2637,190816256,293.9900,363.53,0,0,1,45.44,0.00,1165017088,0,0
51.2748,190816256,294.0300,360.40,0,0,1,45.05,0.00,1165017088,0,0
51.2858,190816256,294.0700,364.41,0,0,1,45.55,0.00,1165017088,0,0
51.2966,190816256,294.1100,367.67,0,0,1,57.45,0.00,1165017088,0,0
51.3077,190816256,294.1500,359.92,0,0,1,44.99,0.00,1165017088,0,0
51.3189,190816256,294.1900,360.17,0,0,1,56.28,0.00,1165017088,0,0
51.3297,190816256,294.2700,737.02,0,0,1,115.16,0.00,1165017088,0,0
51.3408,190816256,294.3100,360.39,0,0,1,45.05,0.00,1165017088,0,0
51.3523,190816256,294.3500,347.32,0,0,1,54.27,0.00,1165017088,0,0
51.3633,190816256,294.3900,364.31,0,0,1,45.54,0.00,1165017088,0,0
51.3744,190816256,294.4300,359.82,0,0,1,56.22,0.00,1165017088,0,0
51.3855,190816256,294.4700,361.97,0,0,1,45.25,0.00,1165017088,0,0
51.3965,190816256,294.5100,363.67,0,0,1,56.82,0.00,1165017088,0,0
51.4076,190816256,294.5500,360.05,0,0,1,45.01,0.00,1165017088,0,0
51.4188,190816256,294.5900,357.56,0,0,1,55.87,0.00,1165017088,0,0
51.4296,190816256,294.6700,740.39,0,0,1,104.12,0.00,1165017088,0,0
51.4405,190816256,294.7100,366.10,0,0,1,57.20,0.00,1165017088,0,0
51.4518,190816256,294.7500,354.00,0,0,1,44.25,0.00,1165017088,0,0
51.4627,190816256,294.7900,367.10,0,0,1,45.89,0.00,1165017088,0,0
51.4737,190816256,294.8300,362.73,0,0,1,45.34,0.00,1165017088,0,0
51.4847,190816256,294.8700,363.40,0,0,1,45.43,0.00,1165017088,0,0
51.4960,190816256,294.9100,355.72,0,0,1,55.58,0.00,1165017088,0,0
51.5071,190816256,294.9500,358.55,0,0,1,44.82,0.00,1165017088,0,0
51.5184,190816256,294.9900,356.31,0,0,1,44.54,0.00,1165017088,0,0
51.5293,190816256,295.0700,732.57,0,0,1,103.02,0.00,1165017088,0,0
51.5404,190816256,295.1100,358.79,0,0,1,56.06,0.00,1165017088,0,0
51.5522,190816256,295.1500,339.96,0,0,1,42.49,0.00,1165017088,0,0
51.5633,190816256,295.1900,361.22,0,0,1,56.44,0.00,1165017088,0,0
51.5744,190816256,295.2300,360.32,0,0,1,45.04,0.00,1165017088,0,0
51.5856,190816256,295.2700,356.58,0,0,1,44.57,0.00,1165017088,0,0
51.5966,190816256,295.3100,364.36,0,0,1,45.55,0.00,1165017088,0,0
51.6077,190816256,295.3500,360.11,0,0,1,45.01,0.00,1165017088,0,0
51.6188,190816256,295.3900,359.12,0,0,1,56.11,0.00,1165017088,0,0
51.6297,190816256,295.4700,735.45,0,0,1,103.42,0.00,1165017088,0,0
51.6407,190816256,295.5100,362.45,0,0,1,45.31,0.00,1165017088,0,0
51.6520,190816256,295.5500,355.28,0,0,1,44.41,0.00,1165017088,0,0
51.6627,190816256,295.5900,374.32,0,0,1,58.49,0.00,1165017088,0,0
51.6737,190816256,295.6300,363.52,0,0,1,45.44,0.00,1165017088,0,0
51.6851,190816256,295.6700,350.14,0,0,1,43.77,0.00,1165017088,0,0
51.6959,190816256,295.7100,369.73,0,0,1,46.22,0.00,1165017088,0,0
51.7070,190816256,295.7500,361.29,0,0,1,79.03,0.00,1165017088,0,0
51.7188,190816256,295.7900,339.66,0,0,1,53.07,0.00,1165017088,0,0
51.7300,190816256,295.8700,713.11,0,0,1,122.57,0.00,1165017088,0,0
51.7407,190816256,295.9100,372.29,0,0,1,46.54,0.00,1165017088,0,0
51.7517,190816256,295.9500,365.83,0,0,1,57.16,0.00,1165017088,0,0
51.7624,190816256,295.9900,373.07,0,0,1,46.63,0.00,1165017088,0,0
51.7732,190816256,296.0300,368.71,0,0,1,57.61,0.00,1165017088,0,0
51.7847,190816256,296.0700,348.81,0,0,1,43.60,0.00,1165017088,0,0
51.7954,190816256,296.1100,372.74,0,0,1,46.59,0.00,1165017088,0,0
51.8064,190816256,296.1500,364.82,0,0,1,45.60,0.00,1165017088,0,0
51.8181,190816256,296.1900,340.61,0,0,1,53.22,0.00,1165017088,0,0
51.8289,190816256,296.2300,370.01,0,0,1,104.06,0.00,1165017088,0,0
51.8398,190816256,296.3100,736.51,0,0,1,57.54,0.00,1165017088,0,0
51.8511,190816256,296.3500,353.64,0,0,1,44.20,0.00,1165017088,0,0
51.8618,190816256,296.3900,375.28,0,0,1,58.64,0.00,1165017088,0,0
51.8730,190816256,296.4300,355.40,0,0,1,44.43,0.00,1165017088,0,0
51.8843,190816256,296.4700,354.59,0,0,1,44.32,0.00,1165017088,0,0
51.8951,190816256,296.5100,372.28,0,0,1,58.17,0.00,1165017088,0,0
51.9059,190816256,296.5500,367.31,0,0,1,45.91,0.00,1165017088,0,0
51.9173,190816256,296.5900,351.00,0,0,1,54.84,0.00,1165017088,0,0
51.9283,190816256,296.6300,365.88,0,0,1,45.74,0.00,1165017088,0,0
51.9392,190816256,296.7100,735.10,0,0,1,114.86,0.00,1165017088,0,0
51.9500,190816256,296.7500,369.20,0,0,1,46.15,0.00,1165017088,0,0
51.9608,190816256,296.7900,371.09,0,0,1,46.39,0.00,1165017088,0,0
51.9716,190816256,296.8300,369.11,0,0,1,46.14,0.00,1165017088,0,0
51.9824,190816256,296.8700,368.95,0,0,1,46.12,0.00,1165017088,0,0
51.9933,191086592,296.9100,367.13,0,0,1,45.89,0.00,1165017088,0,0
52.0041,191086592,296.9400,279.66,0,0,1,34.96,0.00,1165017088,0,0
52.0149,191356928,296.9700,277.72,0,0,1,34.72,0.00,1165017088,0,0
52.0258,191356928,296.9900,183.17,0,0,1,11.45,0.00,1165017088,0,0
52.0367,191893504,297.0100,182.65,0,0,1,11.42,0.00,1165017088,0,0
52.0477,192974848,297.0200,91.17,0,0,1,22.79,0.00,1165017088,0,0
52.0590,193245184,297.0500,264.80,0,0,1,33.10,0.00,1165533184,0,0
52.0794,193245184,297.2200,834.94,0,0,1,110.51,0.00,1165533184,0,0
52.0936,193245184,297.3100,632.15,0,0,1,79.02,0.00,1165533184,0,0
52.1044,193245184,297.3900,740.53,0,0,1,92.57,0.00,1165533184,0,0
52.1153,193245184,297.4700,735.40,0,0,1,91.93,0.00,1165533184,0,0
52.1302,193245184,297.6200,1009.00,0,0,1,134.53,0.00,1165533184,0,0
52.1478,193245184,297.7100,511.79,0,0,1,56.87,0.00,1165533184,0,0
52.1589,193245184,297.7900,720.80,0,0,1,135.15,0.00,1165533184,0,0
52.1698,193245184,297.9300,1284.46,0,0,1,126.15,0.00,1165533184,0,0
52.1805,193245184,298.0200,837.06,0,0,1,104.63,0.00,1165533184,0,0
52.1914,193245184,298.1000,738.14,0,0,1,92.27,0.00,1165533184,0,0
52.2033,193245184,298.1900,751.67,0,0,1,83.52,0.00,1165533184,0,0
52.2154,193245184,298.2800,744.33,0,0,1,82.70,0.00,1165533184,0,0
52.2265,193245184,298.3500,631.86,0,0,1,90.27,0.00,1165533184,0,0
52.2375,193245184,298.4800,1182.72,0,0,1,170.58,0.00,1165533184,0,0
52.2519,193245184,298.5700,623.74,0,0,1,69.30,0.00,1165533184,0,0
52.2632,193245184,298.6500,709.31,0,0,1,88.66,0.00,1165533184,0,0
52.2742,193245184,298.7400,817.53,0,0,1,90.84,0.00,1165533184,0,0
52.2872,193245184,298.8800,1080.86,0,0,1,144.76,0.00,1165533184,0,0
52.3035,193245184,298.9600,490.77,0,0,1,61.35,0.00,1165533184,0,0
52.3148,193245184,299.0400,703.78,0,0,1,98.97,0.00,1165533184,0,0
52.3265,193245184,299.1300,774.23,0,0,1,86.03,0.00,1165533184,0,0
52.3458,193245184,299.2800,776.68,0,0,1,103.56,0.00,1165533184,0,0
52.3641,193245184,299.4400,872.23,0,0,1,109.03,0.00,1165533184,0,0
52.3843,193245184,299.6000,794.24,0,0,1,99.28,0.00,1165533184,0,0
52.3999,193245184,299.7300,833.65,0,0,1,80.16,0.00,1165533184,0,0
52.4195,193245184,299.8300,508.62,0,0,1,69.94,0.00,1165533184,0,0
52.4356,193245184,299.9800,930.02,0,0,1,77.50,0.00,1165533184,0,0
52.4503,193245184,300.1400,1090.33,0,0,1,136.29,0.00,1165533184,0,0
52.4667,193245184,300.2700,792.98,0,0,1,106.75,0.00,1165533184,0,0
52.4879,193245184,300.4000,613.74,0,0,1,64.91,0.00,1165533184,0,0
52.5049,193245184,300.5400,824.96,0,0,1,117.85,0.00,1165533184,0,0
52.5158,193245184,300.6300,821.29,0,0,1,91.25,0.00,1165533184,0,0
52.5268,193245184,300.7000,638.65,0,0,1,91.24,0.00,1165533184,0,0
52.5404,193245184,300.8500,1099.91,0,0,1,146.66,0.00,1165533184,0,0
52.5514,193245184,300.9300,730.67,0,0,1,91.33,0.00,1165533184,0,0
52.5620,193245184,301.0100,749.57,0,0,1,93.70,0.00,1165533184,0,0
52.5727,193245184,301.1000,841.89,0,0,1,93.54,0.00,1165533184,0,0
52.5845,193245184,301.1700,593.20,0,0,1,84.74,0.00,1165533184,0,0
52.5958,193245184,301.2600,797.56,0,0,1,88.62,0.00,1165533184,0,0
52.6071,193245184,301.3300,621.10,0,0,1,88.73,0.00,1165533184,0,0
52.6183,193245184,301.4100,712.59,0,0,1,89.07,0.00,1165533184,0,0
52.6293,193245184,301.5500,1278.79,0,0,1,171.27,0.00,1165533184,0,0
52.6430,193245184,301.6500,726.23,0,0,1,81.70,0.00,1165533184,0,0
52.6540,193245184,301.7300,732.14,0,0,1,91.52,0.00,1165533184,0,0
52.6649,193245184,301.8100,731.76,0,0,1,91.47,0.00,1165533184,0,0
52.6757,193245184,301.8900,740.37,0,0,1,92.55,0.00,1165533184,0,0
52.6902,193245184,302.0200,893.08,0,0,1,120.22,0.00,1165533184,0,0
52.7011,193245184,302.1200,923.96,0,0,1,115.50,0.00,1165533184,0,0
52.7154,193245184,302.2000,556.58,0,0,1,69.57,0.00,1165533184,0,0
52.7295,193245184,302.3500,1067.12,0,0,1,142.28,0.00,1165533184,0,0
52.7419,193245184,302.4400,728.36,0,0,1,80.93,0.00,1165533184,0,0
52.7528,193245184,302.5100,640.46,0,0,1,91.49,0.00,1165533184,0,0
52.7636,193245184,302.6000,830.77,0,0,1,92.31,0.00,1165533184,0,0
52.7746,193245184,302.6800,727.88,0,0,1,90.99,0.00,1165533184,0,0
52.7856,193245184,302.7600,731.22,0,0,1,91.40,0.00,1165533184,0,0
52.7967,193245184,302.8400,717.87,0,0,1,89.73,0.00,1165533184,0,0
52.8082,193245184,302.9200,693.39,0,0,1,86.67,0.00,1165533184,0,0
52.8274,193245184,303.0600,730.26,0,0,1,97.80,0.00,1165533184,0,0
52.8389,193245184,303.2000,1218.94,0,0,1,141.48,0.00,1165533184,0,0
52.8517,193245184,303.2900,704.24,0,0,1,97.81,0.00,1165533184,0,0
52.8626,193245184,303.3900,910.88,0,0,1,102.47,0.00,1165533184,0,0
52.8754,193245184,303.4700,627.28,0,0,1,78.41,0.00,1165533184,0,0
52.8891,193245184,303.5900,875.41,0,0,1,127.66,0.00,1165533184,0,0
52.9011,193245184,303.7000,918.04,0,0,1,104.32,0.00,1165533184,0,0
52.9121,193245184,303.7800,725.42,0,0,1,90.68,0.00,1165533184,0,0
52.9233,193245184,303.8500,624.98,0,0,1,78.12,0.00,1165533184,0,0
52.9352,193245184,303.9500,843.99,0,0,1,84.40,0.00,1165533184,0,0
52.9461,193245184,304.0300,732.20,0,0,1,91.53,0.00,1165533184,0,0
52.9572,193245184,304.0900,539.42,0,0,1,89.90,0.00,1165533184,0,0
52.9684,193245184,304.1700,715.61,0,0,1,89.45,0.00,1165533184,0,0
52.9794,193245184,304.3100,1277.23,0,0,1,171.06,0.00,1165533184,0,0
52.9904,193245184,304.3500,362.81,0,0,1,56.69,0.00,1165533184,0,0
53.0014,193245184,304.4700,1090.69,0,0,1,124.98,0.00,1165533184,0,0
53.0126,193245184,304.5700,890.12,0,0,1,100.14,0.00,1165533184,0,0
53.0237,193245184,304.6400,632.45,0,0,1,90.35,0.00,1165533184,0,0
53.0377,193245184,304.7200,571.02,0,0,1,62.46,0.00,1165533184,0,0
53.0488,193245184,304.8200,903.64,0,0,1,169.43,0.00,1165533184,0,0
53.0600,193245184,304.9300,980.82,0,0,1,89.17,0.00,1165533184,0,0
53.0723,193245184,305.0300,814.44,0,0,1,101.81,0.00,1165533184,0,0
53.0836,193245184,305.1000,615.31,0,0,1,76.91,0.00,1165533184,0,0
53.0946,193245184,305.1900,821.01,0,0,1,102.63,0.00,1165533184,0,0
53.1055,193245184,305.2700,732.26,0,0,1,91.53,0.00,1165533184,0,0
53.1168,193245184,305.3600,799.70,0,0,1,88.86,0.00,1165533184,0,0
53.1277,193245184,305.4300,642.20,0,0,1,91.74,0.00,1165533184,0,0
53.1386,193245184,305.5200,824.43,0,0,1,137.41,0.00,1165533184,0,0
53.1505,193245184,305.6400,1008.46,0,0,1,105.05,0.00,1165533184,0,0
53.1614,193245184,305.7400,915.88,0,0,1,114.48,0.00,1165533184,0,0
53.1723,193245184,305.8200,737.87,0,0,1,92.23,0.00,1165533184,0,0
53.1835,193245184,305.9000,712.39,0,0,1,89.05,0.00,1165533184,0,0
53.1942,193245184,305.9900,838.27,0,0,1,93.14,0.00,1165533184,0,0
53.2051,193245184,306.0700,734.75,0,0,1,91.84,0.00,1165533184,0,0
53.2188,193245184,306.1500,582.82,0,0,1,72.85,0.00,1165533184,0,0
53.2297,193245184,306.2900,1288.62,0,0,1,172.58,0.00,1165533184,0,0
53.2419,193245184,306.3800,737.24,0,0,1,92.15,0.00,1165533184,0,0
53.2528,193245184,306.4600,731.28,0,0,1,91.41,0.00,1165533184,0,0
53.2686,193245184,306.5500,571.76,0,0,1,63.53,0.00,1165533184,0,0
53.2805,193245184,306.6900,1179.86,0,0,1,168.55,0.00,1165533184,0,0
53.2914,193245184,306.7600,637.03,0,0,1,79.63,0.00,1165533184,0,0
53.3023,193245184,306.8400,739.98,0,0,1,92.50,0.00,1165533184,0,0
53.3130,193245184,306.9300,838.10,0,0,1,104.76,0.00,1165533184,0,0
53.3238,193245184,307.0100,737.23,0,0,1,92.15,0.00,1165533184,0,0
53.3347,193245184,307.0900,738.12,0,0,1,92.27,0.00,1165533184,0,0
53.3455,193245184,307.1700,739.62,0,0,1,92.45,0.00,1165533184,0,0
53.3584,193245184,307.2500,621.82,0,0,1,77.73,0.00,1165533184,0,0
53.3693,193245184,307.3800,1190.49,0,0,1,160.26,0.00,1165533184,0,0
53.3805,193245184,307.4700,799.75,0,0,1,99.97,0.00,1165533184,0,0
53.3917,193245184,307.5400,628.35,0,0,1,78.54,0.00,1165533184,0,0
53.4028,193245184,307.6400,899.75,0,0,1,101.22,0.00,1165533184,0,0
53.4138,193245184,307.7200,728.21,0,0,1,91.03,0.00,1165533184,0,0
53.4248,193245184,307.8000,728.80,0,0,1,91.10,0.00,1165533184,0,0
53.4358,193245184,307.8800,723.03,0,0,1,90.38,0.00,1165533184,0,0
53.4467,193245184,307.9600,733.11,0,0,1,91.64,0.00,1165533184,0,0
53.4592,193245184,308.0800,958.73,0,0,1,129.83,0.00,1165533184,0,0
53.4703,193245184,308.1800,906.08,0,0,1,113.26,0.00,1165533184,0,0
53.4812,193245184,308.2700,822.59,0,0,1,102.82,0.00,1165533184,0,0
53.4924,193245184,308.3400,626.50,0,0,1,89.50,0.00,1165533184,0,0
53.5059,193245184,308.4300,668.32,0,0,1,74.26,0.00,1165533184,0,0
53.5196,193245184,308.5800,1093.17,0,0,1,145.76,0.00,1165533184,0,0
53.5307,193245184,308.6600,718.86,0,0,1,89.86,0.00,1165533184,0,0
53.5484,193245184,308.7500,510.14,0,0,1,56.68,0.00,1165533184,0,0
53.5591,193245184,308.8800,1205.92,0,0,1,185.53,0.00,1165533184,0,0
53.5718,193245184,308.9600,634.05,0,0,1,69.35,0.00,1165533184,0,0
53.5825,193245184,309.0300,650.34,0,0,1,81.29,0.00,1165533184,0,0
53.5934,193245184,309.1300,916.60,0,0,1,114.57,0.00,1165533184,0,0
53.6063,193245184,309.2200,699.80,0,0,1,77.76,0.00,1165533184,0,0
53.6197,193245184,309.3700,1120.06,0,0,1,149.34,0.00,1165533184,0,0
53.6305,193245184,309.4500,737.19,0,0,1,92.15,0.00,1165533184,0,0
53.6415,193245184,309.5300,728.05,0,0,1,91.01,0.00,1165533184,0,0
53.6524,193245184,309.6100,738.50,0,0,1,92.31,0.00,1165533184,0,0
53.6631,193245184,309.6900,743.26,0,0,1,92.91,0.00,1165533184,0,0
53.6747,193245184,309.7700,691.44,0,0,1,86.43,0.00,1165533184,0,0
53.6855,193245184,309.8500,738.06,0,0,1,92.26,0.00,1165533184,0,0
53.6962,193245184,309.9300,746.55,0,0,1,93.32,0.00,1165533184,0,0
53.7088,193245184,310.0100,638.12,0,0,1,79.77,0.00,1165533184,0,0
53.7197,193245184,310.1500,1276.80,0,0,1,171.00,0.00,1165533184,0,0
53.7306,193245184,310.2400,831.43,0,0,1,103.93,0.00,1165533184,0,0
53.7423,193245184,310.3200,680.50,0,0,1,85.06,0.00,1165533184,0,0
53.7546,193245184,310.4000,651.14,0,0,1,81.39,0.00,1165533184,0,0
53.7654,193245184,310.4800,739.61,0,0,1,92.45,0.00,1165533184,0,0
53.7796,193245184,310.6200,990.68,0,0,1,141.53,0.00,1165533184,0,0
53.7903,193245184,310.7100,837.02,0,0,1,93.00,0.00,1165533184,0,0
53.8014,193245184,310.7900,722.54,0,0,1,90.32,0.00,1165533184,0,0
53.8145,193245184,310.8700,609.05,0,0,1,76.13,0.00,1165533184,0,0
53.8254,193245184,310.9500,734.06,0,0,1,91.76,0.00,1165533184,0,0
53.8363,193245184,311.0300,733.49,0,0,1,91.69,0.00,1165533184,0,0
53.8487,193245184,311.1100,644.55,0,0,1,80.57,0.00,1165533184,0,0
53.8598,193245184,311.2500,1263.86,0,0,1,169.27,0.00,1165533184,0,0
53.8707,193245184,311.3400,827.80,0,0,1,103.47,0.00,1165533184,0,0
53.8813,193245184,311.4200,750.44,0,0,1,93.81,0.00,1165533184,0,0
53.8923,193245184,311.5000,731.13,0,0,1,91.39,0.00,1165533184,0,0
53.9043,193245184,311.5800,666.19,0,0,1,83.27,0.00,1165533184,0,0
53.9155,193245184,311.6600,714.16,0,0,1,89.27,0.00,1165533184,0,0
53.9264,193245184,311.7400,734.12,0,0,1,91.77,0.00,1165533184,0,0
53.9407,193245184,311.8900,1048.86,0,0,1,139.85,0.00,1165533184,0,0
53.9517,193245184,311.9600,634.18,0,0,1,79.27,0.00,1165533184,0,0
53.9627,193245184,312.0500,820.09,0,0,1,102.51,0.00,1165533184,0,0
53.9746,193245184,312.1300,675.56,0,0,1,84.45,0.00,1165533184,0,0
53.9855,193245184,312.2100,728.20,0,0,1,91.03,0.00,1165533184,0,0
53.9963,193245184,312.3000,839.50,0,0,1,93.28,0.00,1165533184,0,0
54.0125,193245184,312.4400,859.68,0,0,1,122.81,0.00,1165533184,0,0
54.0234,193245184,312.5200,739.19,0,0,1,92.40,0.00,1165533184,0,0
54.0357,193245184,312.6100,732.21,0,0,1,81.36,0.00,1165533184,0,0
54.0468,193245184,312.6900,715.84,0,0,1,89.48,0.00,1165533184,0,0
54.0578,193245184,312.8300,1277.64,0,0,1,182.52,0.00,1165533184,0,0
54.0741,193245184,312.9100,489.38,0,0,1,61.17,0.00,1165533184,0,0
54.0850,193245184,313.0000,827.60,0,0,1,91.96,0.00,1165533184,0,0
54.0958,193245184,313.0800,740.77,0,0,1,92.60,0.00,1165533184,0,0
54.1066,193245184,313.1600,738.99,0,0,1,92.37,0.00,1165533184,0,0
54.1175,193245184,313.2300,646.28,0,0,1,92.33,0.00,1165533184,0,0
54.1282,193245184,313.3100,742.12,0,0,1,92.77,0.00,1165533184,0,0
54.1415,193245184,313.4700,1203.81,0,0,1,150.48,0.00,1165533184,0,0
54.1534,193245184,313.5500,674.37,0,0,1,84.30,0.00,1165533184,0,0
54.1644,193245184,313.6300,728.51,0,0,1,91.06,0.00,1165533184,0,0
54.1755,193245184,313.7100,722.31,0,0,1,90.29,0.00,1165533184,0,0
54.1881,193245184,313.7900,633.70,0,0,1,118.82,0.00,1165533184,0,0
54.2003,193245184,313.9300,1145.34,0,0,1,112.49,0.00,1165533184,0,0
54.2128,193245184,314.0200,720.42,0,0,1,90.05,0.00,1165533184,0,0
54.2266,193245184,314.1100,652.48,0,0,1,72.50,0.00,1165533184,0,0
54.2375,193245184,314.1800,640.05,0,0,1,91.44,0.00,1165533184,0,0
54.2492,193245184,314.3000,1025.03,0,0,1,149.48,0.00,1165533184,0,0
54.2601,193245184,314.3900,827.50,0,0,1,91.94,0.00,1165533184,0,0
54.2712,193245184,314.4900,904.12,0,0,1,113.01,0.00,1165533184,0,0
54.2821,193245184,314.5700,730.00,0,0,1,91.25,0.00,1165533184,0,0
54.2931,193245184,314.6500,730.09,0,0,1,91.26,0.00,1165533184,0,0
54.3051,193245184,314.7300,664.23,0,0,1,83.03,0.00,1165533184,0,0
54.3163,193245184,314.8200,803.93,0,0,1,89.33,0.00,1165533184,0,0
54.3287,193245184,314.8900,567.13,0,0,1,81.02,0.00,1165533184,0,0
54.3397,193245184,315.0200,1182.28,0,0,1,159.15,0.00,1165533184,0,0
54.3507,193245184,315.1200,906.51,0,0,1,113.31,0.00,1165533184,0,0
54.3618,193245184,315.2000,720.56,0,0,1,90.07,0.00,1165533184,0,0
54.3731,193245184,315.2800,708.29,0,0,1,88.54,0.00,1165533184,0,0
54.3850,193245184,315.3700,757.63,0,0,1,84.18,0.00,1165533184,0,0
54.3959,193245184,315.4500,730.27,0,0,1,159.75,0.00,1165533184,0,0
54.4243,193245184,315.6400,670.87,0,0,1,61.79,0.00,1165533184,0,0
54.4403,193245184,315.7700,810.82,0,0,1,93.56,0.00,1165533184,0,0
54.4561,193245184,315.9000,819.61,0,0,1,70.93,0.00,1165533184,0,0
54.4751,193245184,316.0600,842.66,0,0,1,92.17,0.00,1165533184,0,0
54.4913,193245184,316.1800,744.03,0,0,1,77.50,0.00,1165533184,0,0
54.5074,193245184,316.3100,806.64,0,0,1,77.56,0.00,1165533184,0,0
54.5183,193245184,316.4000,824.47,0,0,1,114.51,0.00,1165533184,0,0
54.5297,193245184,316.5700,1488.56,0,0,1,218.91,0.00,1165533184,0,0
54.5588,193245184,316.7100,480.68,0,0,1,51.50,0.00,1165533184,0,0
54.5701,193245184,316.8400,1159.51,0,0,1,167.24,0.00,1165533184,0,0
54.5814,193245184,316.9100,619.43,0,0,1,66.37,0.00,1165533184,0,0
54.5936,193245184,317.0100,817.61,0,0,1,91.98,0.00,1165533184,0,0
54.6101,193245184,317.1500,847.83,0,0,1,113.55,0.00,1165533184,0,0
54.6262,193245184,317.2600,681.54,0,0,1,69.70,0.00,1165533184,0,0
54.6391,193245184,317.3800,935.20,0,0,1,136.38,0.00,1165533184,0,0
54.6504,193245184,317.4600,705.22,0,0,1,88.15,0.00,1165533184,0,0
54.6614,193245184,317.5600,910.54,0,0,1,113.82,0.00,1165533184,0,0
54.6821,193245184,317.7100,724.84,0,0,1,90.60,0.00,1165533184,0,0
54.6936,193245184,317.7900,697.82,0,0,1,87.23,0.00,1165533184,0,0
54.7047,193245184,318.1500,3220.01,0,0,1,424.86,0.00,1165533184,0,0
54.7503,193245184,318.2400,197.51,0,0,1,21.95,0.00,1165533184,0,0
54.7685,193245184,318.3500,605.07,0,0,1,68.76,0.00,1165533184,0,0
54.7827,193245184,318.4900,986.22,0,0,1,132.08,0.00,1165533184,0,0
54.7976,193245184,318.5900,668.23,0,0,1,66.82,0.00,1165533184,0,0
54.8088,193245184,318.6600,628.84,0,0,1,134.75,0.00,1165533184,0,0
54.8208,193245184,318.8000,1160.12,0,0,1,124.30,0.00,1165533184,0,0
54.8326,193245184,318.8900,766.03,0,0,1,85.11,0.00,1165533184,0,0
54.8436,193245184,318.9800,820.84,0,0,1,91.20,0.00,1165533184,0,0
54.8582,193245184,319.0500,477.22,0,0,1,68.17,0.00,1165533184,0,0
54.8691,193245184,319.1800,1195.18,0,0,1,160.89,0.00,1165533184,0,0
54.8801,193245184,319.2700,820.20,0,0,1,102.52,0.00,1165533184,0,0
54.8910,193245184,319.3500,730.88,0,0,1,91.36,0.00,1165533184,0,0
54.9020,193245184,319.4400,822.95,0,0,1,102.87,0.00,1165533184,0,0
54.9129,193245184,319.5200,731.54,0,0,1,91.44,0.00,1165533184,0,0
54.9237,193245184,319.6000,737.98,0,0,1,92.25,0.00,1165533184,0,0
54.9346,193245184,319.6800,737.85,0,0,1,92.23,0.00,1165533184,0,0
54.9453,193245184,319.7600,743.42,0,0,1,92.93,0.00,1165533184,0,0
54.9561,193245184,319.8400,741.36,0,0,1,92.67,0.00,1165533184,0,0
54.9670,193245184,319.9200,735.84,0,0,1,91.98,0.00,1165533184,0,0
54.9786,193245184,320.0000,688.89,0,0,1,86.11,0.00,1165533184,0,0
54.9915,193245184,320.1200,931.87,0,0,1,126.19,0.00,1165533184,0,0
55.0026,193245184,320.2300,989.75,0,0,1,101.22,0.00,1165533184,0,0
55.0154,193245184,320.3200,703.50,0,0,1,87.94,0.00,1165533184,0,0
55.0282,193245184,320.4000,625.20,0,0,1,78.15,0.00,1165533184,0,0
55.0391,193245184,320.5000,914.63,0,0,1,137.19,0.00,1165533184,0,0
55.0501,193245184,320.6000,911.57,0,0,1,113.95,0.00,1165533184,0,0
55.0656,193245184,320.7000,644.32,0,0,1,80.54,0.00,1165533184,0,0
55.0766,193245184,320.7800,730.28,0,0,1,91.28,0.00,1165533184,0,0
55.0874,193245184,320.8600,740.72,0,0,1,92.59,0.00,1165533184,0,0
55.1011,193245184,321.0100,1093.48,0,0,1,145.80,0.00,1165533184,0,0
55.1125,193245184,321.0900,699.61,0,0,1,87.45,0.00,1165533184,0,0
55.1261,193245184,321.1500,442.39,0,0,1,55.30,0.00,1165533184,0,0
55.1371,193245184,321.2600,999.87,0,0,1,102.26,0.00,1165533184,0,0
55.1489,193245184,321.3400,674.91,0,0,1,137.09,0.00,1165533184,0,0
55.1656,193245184,321.4800,840.92,0,0,1,75.08,0.00,1165533184,0,0
55.1766,193245184,321.5800,905.11,0,0,1,101.82,0.00,1165533184,0,0
55.1960,193245184,321.7300,774.22,0,0,1,103.23,0.00,1165533184,0,0
55.2071,193245184,321.8200,812.36,0,0,1,90.26,0.00,1165533184,0,0
55.2185,193245184,321.8900,615.50,0,0,1,87.93,0.00,1165533184,0,0
55.2329,193245184,322.0300,967.22,0,0,1,129.54,0.00,1165533184,0,0
55.2447,193245184,322.1300,850.60,0,0,1,95.69,0.00,1165533184,0,0
55.2558,193245184,322.2000,631.83,0,0,1,90.26,0.00,1165533184,0,0
55.2693,193245184,322.3200,890.28,0,0,1,139.11,0.00,1165533184,0,0
55.2803,193245184,322.4000,722.58,0,0,1,67.74,0.00,1165533184,0,0
55.2914,193245184,322.4800,722.94,0,0,1,90.37,0.00,1165533184,0,0
55.3025,193245184,322.5800,902.76,0,0,1,112.84,0.00,1165533184,0,0
55.3143,193245184,322.6600,673.39,0,0,1,73.65,0.00,1165533184,0,0
55.3254,193245184,322.7500,810.69,0,0,1,101.34,0.00,1165533184,0,0
55.3368,193245184,322.8400,792.72,0,0,1,88.08,0.00,1165533184,0,0
55.3488,193245184,322.9500,917.21,0,0,1,135.50,0.00,1165533184,0,0
55.3604,193245184,323.0600,951.20,0,0,1,108.09,0.00,1165533184,0,0
55.3716,193245184,323.1500,800.93,0,0,1,88.99,0.00,1165533184,0,0
55.3923,193245184,323.2900,675.63,0,0,1,84.45,0.00,1165533184,0,0
55.4052,193245184,323.3900,774.81,0,0,1,96.85,0.00,1165533184,0,0
55.4265,193245184,323.5500,750.88,0,0,1,93.86,0.00,1165533184,0,0
55.4378,193245184,323.6800,1148.74,0,0,1,154.64,0.00,1165533184,0,0
55.4509,193245184,323.7700,689.46,0,0,1,86.18,0.00,1165533184,0,0
55.4618,193245184,323.8600,824.76,0,0,1,103.09,0.00,1165533184,0,0
55.4728,193245184,323.9200,548.31,0,0,1,79.96,0.00,1165533184,0,0
55.4837,193245184,324.0200,914.00,0,0,1,102.83,0.00,1165533184,0,0
55.4947,193245184,324.1000,730.01,0,0,1,91.25,0.00,1165533184,0,0
55.5061,193245184,324.1800,700.73,0,0,1,164.23,0.00,1165533184,0,0
55.5339,193245184,324.4100,827.18,0,0,1,76.42,0.00,1165533184,0,0
55.5450,193245184,324.5000,806.65,0,0,1,89.63,0.00,1165533184,0,0
55.5667,193245184,324.6500,691.39,0,0,1,92.19,0.00,1165533184,0,0
55.5785,193245184,324.7300,677.52,0,0,1,84.69,0.00,1165533184,0,0
55.5957,193245184,324.8700,815.59,0,0,1,109.23,0.00,1165533184,0,0
55.6146,193245184,325.0500,953.29,0,0,1,112.54,0.00,1165533184,0,0
55.6334,193245184,325.2000,797.36,0,0,1,106.31,0.00,1165533184,0,0
55.6489,193245184,325.3200,772.44,0,0,1,104.60,0.00,1165533184,0,0
55.6654,193245184,325.4400,730.12,0,0,1,83.66,0.00,1165533184,0,0
55.6765,193245184,325.5100,631.56,0,0,1,90.22,0.00,1165533184,0,0
55.6876,193245184,325.5900,719.78,0,0,1,89.97,0.00,1165533184,0,0
55.7006,193245184,325.7400,1154.61,0,0,1,153.95,0.00,1165533184,0,0
55.7128,193245184,325.8200,654.44,0,0,1,81.80,0.00,1165533184,0,0
55.7237,193245184,325.9100,821.58,0,0,1,91.29,0.00,1165533184,0,0
55.7347,193245184,325.9800,640.15,0,0,1,91.45,0.00,1165533184,0,0
55.7456,193245184,326.0800,912.77,0,0,1,91.28,0.00,1165533184,0,0
55.7566,193245184,326.1500,635.90,0,0,1,90.84,0.00,1165533184,0,0
55.7675,193245184,326.2200,646.40,0,0,1,92.34,0.00,1165533184,0,0
55.7783,193245184,326.3100,827.37,0,0,1,91.93,0.00,1165533184,0,0
55.7893,193245184,326.4300,1094.95,0,0,1,148.27,0.00,1165533184,0,0
55.8003,193245184,326.5300,908.90,0,0,1,113.61,0.00,1165533184,0,0
55.8113,193245184,326.6100,726.96,0,0,1,102.23,0.00,1165533184,0,0
55.8223,193245184,326.7000,817.61,0,0,1,90.85,0.00,1165533184,0,0
55.8331,193245184,326.7800,738.60,0,0,1,92.32,0.00,1165533184,0,0
55.8442,193245184,326.8600,726.54,0,0,1,90.82,0.00,1165533184,0,0
55.8551,193245184,326.9400,728.57,0,0,1,91.07,0.00,1165533184,0,0
55.8663,193245184,327.0200,716.15,0,0,1,89.52,0.00,1165533184,0,0
55.8782,193245184,327.1000,674.44,0,0,1,84.31,0.00,1165533184,0,0
55.8891,193245184,327.2400,1276.62,0,0,1,182.37,0.00,1165533184,0,0
55.9000,193245184,327.3200,736.07,0,0,1,92.01,0.00,1165533184,0,0
55.9201,193245184,327.4800,797.99,0,0,1,99.75,0.00,1165533184,0,0
55.9319,193245184,327.5600,673.22,0,0,1,84.15,0.00,1165533184,0,0
55.9427,193245184,327.6400,741.07,0,0,1,92.63,0.00,1165533184,0,0
55.9549,193245184,327.7200,658.61,0,0,1,82.33,0.00,1165533184,0,0
55.9673,193245184,327.8000,644.04,0,0,1,80.51,0.00,1165533184,0,0
55.9781,193245184,327.8800,743.98,0,0,1,93.00,0.00,1165533184,0,0
55.9889,193245184,327.9600,735.70,0,0,1,149.44,0.00,1165533184,0,0
56.0000,193245184,328.1100,1350.96,0,0,1,123.84,0.00,1165533184,0,0
56.0112,193245184,328.1900,715.49,0,0,1,89.44,0.00,1165533184,0,0
56.0219,193245184,328.2700,745.44,0,0,1,93.18,0.00,1165533184,0,0
56.0329,193245184,328.3500,733.74,0,0,1,91.72,0.00,1165533184,0,0
56.0437,193245184,328.4300,740.09,0,0,1,92.51,0.00,1165533184,0,0
56.0545,193245184,328.5100,735.54,0,0,1,91.94,0.00,1165533184,0,0
56.0658,193245184,328.5900,712.08,0,0,1,89.01,0.00,1165533184,0,0
56.0771,193245184,328.6600,617.07,0,0,1,77.13,0.00,1165533184,0,0
56.0882,193245184,328.7500,812.96,0,0,1,101.62,0.00,1165533184,0,0
56.0999,193245184,328.8900,1190.26,0,0,1,159.41,0.00,1165533184,0,0
56.1107,193245184,328.9800,837.58,0,0,1,104.70,0.00,1165533184,0,0
56.1216,193245184,329.0600,733.55,0,0,1,91.69,0.00,1165533184,0,0
56.1326,193245184,329.1400,725.64,0,0,1,90.71,0.00,1165533184,0,0
56.1433,193245184,329.2200,747.83,0,0,1,93.48,0.00,1165533184,0,0
56.1542,193245184,329.3000,732.86,0,0,1,91.61,0.00,1165533184,0,0
56.1654,193245184,329.3800,714.45,0,0,1,89.31,0.00,1165533184,0,0
56.1805,193245184,329.5200,926.42,0,0,1,124.07,0.00,1165533184,0,0
56.1916,193245184,329.6100,812.41,0,0,1,101.55,0.00,1165533184,0,0
56.2039,193245184,329.7000,730.91,0,0,1,81.21,0.00,1165533184,0,0
56.2153,193245184,329.7700,616.80,0,0,1,88.11,0.00,1165533184,0,0
56.2260,193245184,329.8500,748.77,0,0,1,93.60,0.00,1165533184,0,0
56.2373,193245184,329.9800,1151.81,0,0,1,155.05,0.00,1165533184,0,0
56.2522,193245184,330.0700,602.32,0,0,1,75.29,0.00,1165533184,0,0
56.2630,193245184,330.1600,830.02,0,0,1,103.75,0.00,1165533184,0,0
56.2746,193245184,330.2600,864.30,0,0,1,86.43,0.00,1165533184,0,0
56.2900,193245184,330.4000,909.29,0,0,1,129.90,0.00,1165533184,0,0
56.3011,193245184,330.4800,720.37,0,0,1,90.05,0.00,1165533184,0,0
56.3121,193245184,330.5600,731.07,0,0,1,91.38,0.00,1165533184,0,0
56.3243,193245184,330.6400,654.16,0,0,1,81.77,0.00,1165533184,0,0
56.3351,193245184,330.7200,736.91,0,0,1,92.11,0.00,1165533184,0,0
56.3460,193245184,330.8000,739.48,0,0,1,92.44,0.00,1165533184,0,0
56.3584,193245184,330.8900,721.30,0,0,1,80.14,0.00,1165533184,0,0
56.3695,193245184,331.0000,995.10,0,0,1,147.00,0.00,1165533184,0,0
56.3810,193245184,331.1000,869.22,0,0,1,108.65,0.00,1165533184,0,0
56.3921,193245184,331.1700,632.82,0,0,1,101.70,0.00,1165533184,0,0
56.4070,193245184,331.2700,669.70,0,0,1,66.97,0.00,1165533184,0,0
56.4180,193245184,331.3500,725.45,0,0,1,90.68,0.00,1165533184,0,0
56.4295,193245184,331.4900,1220.74,0,0,1,174.39,0.00,1165533184,0,0
56.4404,193245184,331.5800,824.90,0,0,1,91.66,0.00,1165533184,0,0
56.4512,193245184,331.6600,743.26,0,0,1,92.91,0.00,1165533184,0,0
56.4640,193245184,331.7500,701.77,0,0,1,77.97,0.00,1165533184,0,0
56.4748,193245184,331.8200,645.64,0,0,1,92.23,0.00,1165533184,0,0
56.4856,193245184,331.9100,834.31,0,0,1,92.70,0.00,1165533184,0,0
56.4964,193245184,331.9900,740.33,0,0,1,92.54,0.00,1165533184,0,0
56.5074,193245184,332.0600,636.80,0,0,1,90.97,0.00,1165533184,0,0
56.5184,193245184,332.1500,816.00,0,0,1,90.67,0.00,1165533184,0,0
56.5322,193245184,332.3000,1092.06,0,0,1,145.61,0.00,1165533184,0,0
56.5437,193245184,332.3800,691.81,0,0,1,86.48,0.00,1165533184,0,0
56.5546,193245184,332.4600,737.43,0,0,1,92.18,0.00,1165533184,0,0
56.5683,193245184,332.5400,584.81,0,0,1,73.10,0.00,1165533184,0,0
56.5791,193245184,332.6800,1293.59,0,0,1,173.25,0.00,1165533184,0,0
56.5899,193245184,332.7700,831.79,0,0,1,103.97,0.00,1165533184,0,0
56.6006,193245184,332.8500,746.08,0,0,1,93.26,0.00,1165533184,0,0
56.6114,193245184,332.9300,743.41,0,0,1,92.93,0.00,1165533184,0,0
56.6222,193245184,333.0000,645.13,0,0,1,80.64,0.00,1165533184,0,0
56.6332,193245184,333.0900,818.80,0,0,1,102.35,0.00,1165533184,0,0
56.6442,193245184,333.1700,728.46,0,0,1,91.06,0.00,1165533184,0,0
56.6563,193245184,333.2500,661.49,0,0,1,82.69,0.00,1165533184,0,0
56.6673,193245184,333.3300,730.11,0,0,1,91.26,0.00,1165533184,0,0
56.6782,193245184,333.4200,824.65,0,0,1,91.63,0.00,1165533184,0,0
56.6891,193245184,333.5400,1095.67,0,0,1,159.78,0.00,1165533184,0,0
56.7000,193245184,333.6300,831.58,0,0,1,103.95,0.00,1165533184,0,0
56.7107,193245184,333.7100,743.61,0,0,1,92.95,0.00,1165533184,0,0
56.7216,193245184,333.7800,640.96,0,0,1,80.12,0.00,1165533184,0,0
56.7325,193245184,333.8800,918.17,0,0,1,103.29,0.00,1165533184,0,0
56.7434,193245184,333.9600,733.71,0,0,1,103.18,0.00,1165533184,0,0
56.7565,193245184,334.0400,612.07,0,0,1,76.51,0.00,1165533184,0,0
56.7683,193245184,334.1300,761.90,0,0,1,84.66,0.00,1165533184,0,0
56.7792,193245184,334.2600,1191.69,0,0,1,171.88,0.00,1165533184,0,0
56.7901,193245184,334.3400,736.63,0,0,1,92.08,0.00,1165533184,0,0
56.8009,193245184,334.4300,832.33,0,0,1,104.04,0.00,1165533184,0,0
56.8117,193245184,334.5100,744.14,0,0,1,93.02,0.00,1165533184,0,0
56.8227,193245184,334.6000,816.44,0,0,1,90.72,0.00,1165533184,0,0
56.8363,193245184,334.6800,589.12,0,0,1,73.64,0.00,1165533184,0,0
56.8475,193245184,334.7600,709.76,0,0,1,88.72,0.00,1165533184,0,0
56.8585,193245184,334.8400,729.39,0,0,1,91.17,0.00,1165533184,0,0
56.8695,193245184,334.9800,1272.25,0,0,1,170.39,0.00,1165533184,0,0
56.8814,193245184,335.0600,670.85,0,0,1,94.34,0.00,1165533184,0,0
56.8923,193245184,335.1500,824.82,0,0,1,91.65,0.00,1165533184,0,0
56.9033,193245184,335.2300,729.64,0,0,1,91.20,0.00,1165533184,0,0
56.9148,193245184,335.3000,606.87,0,0,1,86.70,0.00,1165533184,0,0
56.9256,193245184,335.3900,834.54,0,0,1,92.73,0.00,1165533184,0,0
56.9369,193245184,335.4600,618.44,0,0,1,88.35,0.00,1165533184,0,0
56.9485,193245184,335.5500,776.13,0,0,1,86.24,0.00,1165533184,0,0
56.9594,193245184,335.7000,1380.74,0,0,1,184.10,0.00,1165533184,0,0
56.9738,193245184,335.7800,555.49,0,0,1,69.44,0.00,1165533184,0,0
56.9847,193245184,335.8600,733.74,0,0,1,91.72,0.00,1165533184,0,0
56.9991,193245184,336.0000,972.39,0,0,1,130.23,0.00,1165533184,0,0
57.0114,193245184,336.0900,734.44,0,0,1,91.81,0.00,1165533184,0,0
57.0221,193245184,336.1600,648.73,0,0,1,81.09,0.00,1165533184,0,0
57.0347,193245184,336.2500,714.62,0,0,1,89.33,0.00,1165533184,0,0
57.0455,193245184,336.3400,832.47,0,0,1,92.50,0.00,1165533184,0,0
57.0565,193245184,336.4100,639.78,0,0,1,91.40,0.00,1165533184,0,0
57.0689,193245184,336.5300,966.11,0,0,1,130.83,0.00,1165533184,0,0
57.0861,193245184,336.6500,696.59,0,0,1,79.82,0.00,1165533184,0,0
57.0977,193245184,336.7300,690.23,0,0,1,86.28,0.00,1165533184,0,0
57.1085,193245184,336.8100,742.80,0,0,1,92.85,0.00,1165533184,0,0
57.1199,193245184,336.9400,1139.13,0,0,1,153.34,0.00,1165533184,0,0
57.1325,193245184,337.0400,794.43,0,0,1,99.30,0.00,1165533184,0,0
57.1433,193245184,337.1200,741.06,0,0,1,92.63,0.00,1165533184,0,0
57.1540,193245184,337.2000,744.42,0,0,1,93.05,0.00,1165533184,0,0
57.1649,193245184,337.2800,737.35,0,0,1,92.17,0.00,1165533184,0,0
57.1757,193245184,337.3500,646.55,0,0,1,80.82,0.00,1165533184,0,0
57.1870,193245184,337.4400,796.75,0,0,1,99.59,0.00,1165533184,0,0
57.1984,193245184,337.5200,702.30,0,0,1,87.79,0.00,1165533184,0,0
57.2093,193245184,337.6600,1287.49,0,0,1,172.43,0.00,1165533184,0,0
57.2229,193245184,337.7400,587.88,0,0,1,73.48,0.00,1165533184,0,0
57.2337,193245184,337.8300,829.60,0,0,1,103.70,0.00,1165533184,0,0
57.2446,193245184,337.9100,738.80,0,0,1,92.35,0.00,1165533184,0,0
57.2554,193245184,337.9900,739.48,0,0,1,92.44,0.00,1165533184,0,0
57.2662,193245184,338.0700,739.63,0,0,1,92.45,0.00,1165533184,0,0
57.2771,193245184,338.1600,826.94,0,0,1,91.88,0.00,1165533184,0,0
57.2881,193245184,338.2300,637.61,0,0,1,91.09,0.00,1165533184,0,0
57.2990,193245184,338.3400,1001.24,0,0,1,147.91,0.00,1165533184,0,0
57.3102,193245184,338.4500,989.96,0,0,1,112.50,0.00,1165533184,0,0
57.3215,193245184,338.5300,706.50,0,0,1,88.31,0.00,1165533184,0,0
57.3340,193245184,338.6200,717.25,0,0,1,89.66,0.00,1165533184,0,0
57.3449,193245184,338.7000,736.45,0,0,1,92.06,0.00,1165533184,0,0
57.3559,193245184,338.7800,727.19,0,0,1,90.90,0.00,1165533184,0,0
57.3680,193245184,338.8600,662.87,0,0,1,82.86,0.00,1165533184,0,0
57.3800,193245184,339.0000,1160.47,0,0,1,155.42,0.00,1165533184,0,0
57.3909,193245184,339.0800,736.93,0,0,1,103.63,0.00,1165533184,0,0
57.4018,193245184,339.1800,915.92,0,0,1,91.59,0.00,1165533184,0,0
57.4136,193245184,339.2500,591.06,0,0,1,84.44,0.00,1165533184,0,0
57.4248,193245184,339.3500,895.63,0,0,1,89.56,0.00,1165533184,0,0
57.4361,193245184,339.4200,619.48,0,0,1,88.50,0.00,1165533184,0,0
57.4481,193245184,339.5000,666.24,0,0,1,83.28,0.00,1165533184,0,0
57.4595,193245184,339.6300,1138.89,0,0,1,164.26,0.00,1165533184,0,0
57.4720,193245184,339.7300,804.65,0,0,1,90.52,0.00,1165533184,0,0
57.4829,193245184,339.8000,642.66,0,0,1,80.33,0.00,1165533184,0,0
57.4956,193245184,339.8900,707.78,0,0,1,88.47,0.00,1165533184,0,0
57.5079,193245184,339.9700,648.11,0,0,1,141.77,0.00,1165533184,0,0
57.5202,193245184,340.1100,1142.79,0,0,1,91.83,0.00,1165533184,0,0
57.5311,193245184,340.1900,732.21,0,0,1,91.53,0.00,1165533184,0,0
57.5440,193245184,340.2800,697.31,0,0,1,87.16,0.00,1165533184,0,0
57.5552,193245184,340.3600,711.19,0,0,1,88.90,0.00,1165533184,0,0
57.5662,193245184,340.4400,731.06,0,0,1,91.38,0.00,1165533184,0,0
57.5771,193245184,340.5200,735.01,0,0,1,91.88,0.00,1165533184,0,0
57.5880,193245184,340.6000,731.99,0,0,1,91.50,0.00,1165533184,0,0
57.6010,193245184,340.7500,1154.31,0,0,1,153.91,0.00,1165533184,0,0
57.6119,193245184,340.8300,731.85,0,0,1,91.48,0.00,1165533184,0,0
57.6247,193245184,340.9200,707.20,0,0,1,78.58,0.00,1165533184,0,0
57.6435,193245184,341.0700,794.51,0,0,1,105.94,0.00,1165533184,0,0
57.6556,193245184,341.1500,664.61,0,0,1,83.08,0.00,1165533184,0,0
57.6667,193245184,341.2300,715.79,0,0,1,89.47,0.00,1165533184,0,0
57.6775,193245184,341.3200,834.45,0,0,1,92.72,0.00,1165533184,0,0
57.6886,193245184,341.3900,629.83,0,0,1,89.98,0.00,1165533184,0,0
57.7011,193245184,341.5400,1200.12,0,0,1,160.02,0.00,1165533184,0,0
57.7173,193245184,341.6300,558.66,0,0,1,62.07,0.00,1165533184,0,0
57.7284,193245184,341.7100,718.76,0,0,1,89.84,0.00,1165533184,0,0
57.7394,193245184,341.8100,905.02,0,0,1,124.44,0.00,1165533184,0,0
57.7506,193245184,341.9400,1169.15,0,0,1,146.14,0.00,1165533184,0,0
57.7622,193245184,342.0100,599.68,0,0,1,74.96,0.00,1165533184,0,0
57.7744,193245184,342.1000,737.65,0,0,1,92.21,0.00,1165533184,0,0
57.7853,193245184,342.1800,734.38,0,0,1,91.80,0.00,1165533184,0,0
57.7983,193245184,342.2600,614.67,0,0,1,76.83,0.00,1165533184,0,0
57.8135,193245184,342.4100,987.76,0,0,1,131.70,0.00,1165533184,0,0
57.8244,193245184,342.4900,736.44,0,0,1,92.05,0.00,1165533184,0,0
57.8353,193245184,342.5700,732.56,0,0,1,91.57,0.00,1165533184,0,0
57.8464,193245184,342.6500,717.72,0,0,1,89.71,0.00,1165533184,0,0
57.8574,193245184,342.7300,732.54,0,0,1,91.57,0.00,1165533184,0,0
57.8682,193245184,342.8100,736.83,0,0,1,92.10,0.00,1165533184,0,0
57.8823,193245184,342.9600,1067.76,0,0,1,142.37,0.00,1165533184,0,0
57.8931,193245184,343.0400,738.62,0,0,1,92.33,0.00,1165533184,0,0
57.9040,193245184,343.1200,732.67,0,0,1,91.58,0.00,1165533184,0,0
57.9175,193245184,343.2000,594.85,0,0,1,74.36,0.00,1165533184,0,0
57.9283,193245184,343.2800,739.54,0,0,1,92.44,0.00,1165533184,0,0
57.9391,193245184,343.3600,742.69,0,0,1,174.07,0.00,1165533184,0,0
57.9498,193245184,343.5100,1396.03,0,0,1,104.70,0.00,1165533184,0,0
57.9605,193245184,343.5700,561.76,0,0,1,70.22,0.00,1165533184,0,0
57.9714,193245184,343.6700,915.86,0,0,1,114.48,0.00,1165533184,0,0
57.9823,193245184,343.7500,732.41,0,0,1,91.55,0.00,1165533184,0,0
57.9932,193245184,343.8300,735.96,0,0,1,91.99,0.00,1165533184,0,0
58.0047,193245184,343.9100,696.92,0,0,1,87.11,0.00,1165533184,0,0
58.0172,193245184,343.9900,636.53,0,0,1,79.57,0.00,1165533184,0,0
58.0282,193245184,344.0800,820.89,0,0,1,91.21,0.00,1165533184,0,0
58.0395,193245184,344.2200,1235.30,0,0,1,176.47,0.00,1165533184,0,0
58.0504,193245184,344.2900,646.83,0,0,1,80.85,0.00,1165533184,0,0
58.0615,193245184,344.3800,809.50,0,0,1,101.19,0.00,1165533184,0,0
58.0819,193245184,344.5300,734.63,0,0,1,85.71,0.00,1165533184,0,0
58.0950,193245184,344.6200,689.54,0,0,1,86.19,0.00,1165533184,0,0
58.1059,193245184,344.7000,730.75,0,0,1,91.34,0.00,1165533184,0,0
58.1168,193245184,344.7800,735.97,0,0,1,92.00,0.00,1165533184,0,0
58.1278,193245184,344.8700,814.84,0,0,1,90.54,0.00,1165533184,0,0
58.1387,193245184,344.9400,645.84,0,0,1,92.26,0.00,1165533184,0,0
58.1495,193245184,345.0600,1103.77,0,0,1,137.97,0.00,1165533184,0,0
58.1623,193245184,345.1800,936.26,0,0,1,117.03,0.00,1165533184,0,0
58.1733,193245184,345.2600,733.43,0,0,1,91.68,0.00,1165533184,0,0
58.1841,193245184,345.3400,736.93,0,0,1,92.12,0.00,1165533184,0,0
58.1951,193245184,345.4200,725.35,0,0,1,90.67,0.00,1165533184,0,0
58.2095,193245184,345.5600,974.20,0,0,1,130.47,0.00,1165533184,0,0
58.2205,193245184,345.6600,911.10,0,0,1,102.50,0.00,1165533184,0,0
58.2365,193245184,345.7300,435.96,0,0,1,62.28,0.00,1165533184,0,0
58.2531,193245184,345.8900,963.94,0,0,1,120.49,0.00,1165533184,0,0
58.2683,193245184,345.9900,658.32,0,0,1,65.83,0.00,1165533184,0,0
58.2817,193245184,346.1200,974.23,0,0,1,149.88,0.00,1165533184,0,0
58.2927,193245184,346.1900,636.42,0,0,1,79.55,0.00,1165533184,0,0
58.3038,193245184,346.2800,807.21,0,0,1,100.90,0.00,1165533184,0,0
58.3146,193245184,346.3700,834.39,0,0,1,139.06,0.00,1165533184,0,0
58.3300,193245184,346.5000,844.38,0,0,1,89.31,0.00,1165533184,0,0
58.3422,193245184,346.5900,739.94,0,0,1,92.49,0.00,1165533184,0,0
58.3532,193245184,346.6700,726.84,0,0,1,90.85,0.00,1165533184,0,0
58.3640,193245184,346.7400,648.95,0,0,1,92.71,0.00,1165533184,0,0
58.3775,193245184,346.8300,665.65,0,0,1,73.96,0.00,1165533184,0,0
58.3887,193245184,346.9100,711.70,0,0,1,88.96,0.00,1165533184,0,0
58.4015,193245184,347.0500,1098.38,0,0,1,156.91,0.00,1165533184,0,0
58.4126,193245184,347.1300,719.72,0,0,1,89.96,0.00,1165533184,0,0
58.4303,193245184,347.2900,902.92,0,0,1,112.86,0.00,1165533184,0,0
58.4412,193245184,347.3700,735.97,0,0,1,92.00,0.00,1165533184,0,0
58.4534,193245184,347.4500,654.50,0,0,1,81.81,0.00,1165533184,0,0
58.4641,193245184,347.5300,745.05,0,0,1,93.13,0.00,1165533184,0,0
58.4749,193245184,347.6100,744.90,0,0,1,93.11,0.00,1165533184,0,0
58.4860,193245184,347.6900,717.04,0,0,1,89.63,0.00,1165533184,0,0
58.4969,193245184,347.7700,736.15,0,0,1,92.02,0.00,1165533184,0,0
58.5078,193245184,347.8500,734.47,0,0,1,91.81,0.00,1165533184,0,0
58.5189,193245184,347.9700,1084.87,0,0,1,158.21,0.00,1165533184,0,0
58.5303,193245184,348.0700,875.84,0,0,1,98.53,0.00,1165533184,0,0
58.5412,193245184,348.1600,820.77,0,0,1,102.60,0.00,1165533184,0,0
58.5526,193245184,348.2300,617.35,0,0,1,88.19,0.00,1165533184,0,0
58.5636,193245184,348.3100,728.16,0,0,1,91.02,0.00,1165533184,0,0
58.5743,193245184,348.3900,742.62,0,0,1,92.83,0.00,1165533184,0,0
58.5852,193245184,348.4700,737.12,0,0,1,92.14,0.00,1165533184,0,0
58.5962,193245184,348.5500,725.83,0,0,1,90.73,0.00,1165533184,0,0
58.6088,193245184,348.6300,634.78,0,0,1,79.35,0.00,1165533184,0,0
58.6195,193245184,348.7600,1212.92,0,0,1,163.28,0.00,1165533184,0,0
58.6302,193245184,348.8500,839.78,0,0,1,104.97,0.00,1165533184,0,0
58.6453,193245184,348.9500,662.72,0,0,1,74.56,0.00,1165533184,0,0
58.6590,193245184,349.0700,878.04,0,0,1,128.05,0.00,1165533184,0,0
58.6701,193245184,349.1700,903.11,0,0,1,101.60,0.00,1165533184,0,0
58.6808,193245184,349.2600,837.78,0,0,1,104.72,0.00,1165533184,0,0
58.6915,193245184,349.3400,749.19,0,0,1,93.65,0.00,1165533184,0,0
58.7022,193245184,349.4200,744.91,0,0,1,93.11,0.00,1165533184,0,0
58.7132,193249280,349.4900,638.40,0,0,1,91.20,0.00,1171218432,0,0
58.7239,193249280,349.5700,748.80,0,0,1,93.60,0.00,1171218432,0,0
58.7347,193253376,349.6500,739.82,0,0,1,92.48,0.00,1171218432,0,0
58.7471,193253376,349.7200,565.24,0,0,1,80.75,0.00,1175412736,0,0
58.7584,193253376,349.7900,621.00,0,0,1,88.71,0.00,1173684224,0,0
58.7694,193253376,349.9100,1087.50,0,0,1,158.59,0.00,1173684224,0,0
58.7808,193253376,350.0100,875.77,0,0,1,109.47,0.00,1173684224,0,0
58.7916,193253376,350.0800,648.02,0,0,1,81.00,0.00,1173684224,0,0
58.8025,193253376,350.1700,825.19,0,0,1,103.15,0.00,1173684224,0,0
58.8175,193253376,350.2600,599.82,0,0,1,66.65,0.00,1173684224,0,0
58.8296,193253376,350.4000,1159.90,0,0,1,155.34,0.00,1173684224,0,0
58.8405,193253376,350.4800,736.57,0,0,1,92.07,0.00,1173684224,0,0
58.8514,193253376,350.5600,729.62,0,0,1,91.20,0.00,1173684224,0,0
58.8644,193253376,350.6500,693.99,0,0,1,86.75,0.00,1173684224,0,0
58.8753,193253376,350.7300,732.17,0,0,1,91.52,0.00,1173684224,0,0
58.8899,193253376,350.8800,1027.58,0,0,1,137.01,0.00,1173684224,0,0
58.9008,193253376,350.9600,736.25,0,0,1,92.03,0.00,1173684224,0,0
58.9124,193253376,351.0400,686.17,0,0,1,85.77,0.00,1173684224,0,0
58.9232,193253376,351.1200,745.84,0,0,1,93.23,0.00,1173684224,0,0
58.9348,193253376,351.2000,684.80,0,0,1,85.60,0.00,1173684224,0,0
58.9460,193253376,351.2800,716.65,0,0,1,89.58,0.00,1173684224,0,0
58.9591,193253376,351.4200,1065.94,0,0,1,142.76,0.00,1173684224,0,0
58.9700,193253376,351.4900,644.95,0,0,1,80.62,0.00,1173684224,0,0
58.9808,193253376,351.5800,833.93,0,0,1,104.24,0.00,1173684224,0,0
58.9918,193253376,351.6700,819.82,0,0,1,102.48,0.00,1173684224,0,0
59.0027,193253376,351.7500,729.84,0,0,1,91.23,0.00,1173684224,0,0
59.0135,193253376,351.8300,743.28,0,0,1,92.91,0.00,1173684224,0,0
59.0243,193253376,351.9200,830.15,0,0,1,92.24,0.00,1173684224,0,0
59.0352,193253376,351.9900,646.68,0,0,1,92.38,0.00,1173684224,0,0
59.0468,193253376,352.0800,774.40,0,0,1,86.04,0.00,1173684224,0,0
59.0575,193253376,352.1500,650.64,0,0,1,92.95,0.00,1173684224,0,0
59.0688,193253376,352.2400,797.79,0,0,1,155.13,0.00,1173684224,0,0
59.0799,193253376,352.3600,1085.35,0,0,1,101.75,0.00,1173684224,0,0
59.0907,193253376,352.4600,923.08,0,0,1,103.85,0.00,1173684224,0,0
59.1054,193253376,352.5500,613.63,0,0,1,68.18,0.00,1173684224,0,0
59.1162,193253376,352.6300,740.93,0,0,1,92.62,0.00,1173684224,0,0
59.1269,193253376,352.7100,745.22,0,0,1,93.15,0.00,1173684224,0,0
59.1376,193253376,352.7800,651.58,0,0,1,93.08,0.00,1173684224,0,0
59.1502,193253376,352.9300,1194.26,0,0,1,159.23,0.00,1173684224,0,0
59.1608,193253376,353.0200,847.11,0,0,1,94.12,0.00,1173684224,0,0
59.1715,193253376,353.1000,746.74,0,0,1,93.34,0.00,1173684224,0,0
59.1824,193253376,353.1800,740.14,0,0,1,92.52,0.00,1173684224,0,0
59.1931,193253376,353.2500,651.55,0,0,1,93.08,0.00,1173684224,0,0
59.2077,193253376,353.3400,617.96,0,0,1,68.66,0.00,1173684224,0,0
59.2187,193253376,353.4200,722.98,0,0,1,90.37,0.00,1173684224,0,0
59.2326,193253376,353.5700,1084.67,0,0,1,144.62,0.00,1173684224,0,0
59.2434,193253376,353.6500,735.46,0,0,1,91.93,0.00,1173684224,0,0
59.2568,193253376,353.7300,599.07,0,0,1,74.88,0.00,1173684224,0,0
59.2676,193253376,353.8100,739.25,0,0,1,92.41,0.00,1173684224,0,0
59.2856,193253376,354.0100,1112.76,0,0,1,153.00,0.00,1173684224,0,0
59.3003,193253376,354.1000,609.91,0,0,1,76.24,0.00,1173684224,0,0
59.3116,193253376,354.1700,622.15,0,0,1,77.77,0.00,1173684224,0,0
59.3225,193253376,354.2700,915.34,0,0,1,102.98,0.00,1173684224,0,0
59.3334,193253376,354.3400,640.31,0,0,1,91.47,0.00,1173684224,0,0
59.3503,193253376,354.5100,1006.62,0,0,1,125.83,0.00,1173684224,0,0
59.3627,193253376,354.5900,648.38,0,0,1,81.05,0.00,1173684224,0,0
59.3735,193253376,354.6600,646.09,0,0,1,80.76,0.00,1173684224,0,0
59.3858,193253376,354.7600,816.39,0,0,1,91.84,0.00,1173684224,0,0
59.3977,193253376,354.8300,587.95,0,0,1,83.99,0.00,1173684224,0,0
59.4086,193253376,354.9200,824.44,0,0,1,91.60,0.00,1173684224,0,0
59.4196,193253376,355.0300,995.41,0,0,1,147.05,0.00,1173684224,0,0
59.4351,193253376,355.1300,644.47,0,0,1,80.56,0.00,1173684224,0,0
59.4468,193253376,355.2200,770.45,0,0,1,96.31,0.00,1173684224,0,0
59.4586,193253376,355.3000,678.66,0,0,1,84.83,0.00,1173684224,0,0
59.4696,193523712,355.4400,1274.44,0,0,1,159.31,0.00,1173942272,0,0
59.4804,193523712,355.5000,553.15,0,0,1,69.14,0.00,1173942272,0,0
59.4914,193523712,355.5800,732.60,0,0,1,80.13,0.00,1173942272,0,0
59.5037,193523712,355.6500,567.31,0,0,1,81.04,0.00,1173942272,0,0
59.5150,193523712,355.6900,354.33,0,0,1,44.29,0.00,1173942272,0,0
59.5288,193523712,355.8000,796.51,0,0,1,99.56,0.00,1173942272,0,0
59.5447,193523712,355.9300,819.08,0,0,1,86.63,0.00,1173942272,0,0
59.5606,193523712,356.0300,626.20,0,0,1,70.45,0.00,1173942272,0,0
59.5766,193523712,356.1400,690.54,0,0,1,86.32,0.00,1173942272,0,0
59.5925,193794048,356.2700,815.07,0,0,1,94.05,0.00,1173942272,0,0
59.6086,193794048,356.3500,497.14,0,0,1,69.91,0.00,1173942272,0,0
59.6248,193794048,356.4600,681.18,0,0,1,92.89,0.00,1173942272,0,0
59.6405,193794048,356.5500,573.56,0,0,1,63.73,0.00,1173942272,0,0
59.6518,193794048,356.6300,706.54,0,0,1,110.40,0.00,1173942272,0,0
59.6748,193794048,356.7500,521.38,0,0,1,59.74,0.00,1173942272,0,0
59.6908,194060288,356.8500,625.58,0,0,1,93.84,0.00,1174200320,0,0
59.7068,194060288,356.9200,436.15,0,0,1,46.73,0.00,1174200320,0,0
59.7184,194060288,356.9700,433.05,0,0,1,54.13,0.00,1174200320,0,0
59.7300,194060288,357.0500,690.86,0,0,1,97.15,0.00,1174200320,0,0
59.7409,194060288,357.1000,455.29,0,0,1,68.29,0.00,1174200320,0,0
59.7520,194060288,357.1600,542.11,0,0,1,90.35,0.00,1174200320,0,0
59.7630,194060288,357.2000,363.71,0,0,1,34.10,0.00,1174200320,0,0
59.7739,194060288,357.2600,548.55,0,0,1,80.00,0.00,1174200320,0,0
59.7856,194060288,357.3200,515.07,0,0,1,64.38,0.00,1174200320,0,0
59.7969,194060288,357.3800,532.13,0,0,1,66.52,0.00,1174200320,0,0
59.8080,194326528,357.4300,450.04,0,0,1,56.26,0.00,1174200320,0,0
59.8190,194326528,357.4900,545.26,0,0,1,90.88,0.00,1174200320,0,0
59.8302,194596864,357.5400,446.22,0,0,1,44.62,0.00,1174200320,0,0
59.8412,194596864,357.5700,272.77,0,0,1,34.10,0.00,1174200320,0,0
59.8522,194596864,357.6000,272.52,0,0,1,45.42,0.00,1174200320,0,0
59.8634,194596864,357.6300,267.83,0,0,1,44.64,0.00,1174200320,0,0
59.8745,194596864,357.6500,180.78,0,0,1,22.60,0.00,1174200320,0,0
59.8856,194867200,357.6900,359.62,0,0,1,67.43,0.00,1174458368,0,0
59.8985,194867200,357.7300,308.73,0,0,1,67.53,0.00,1174716416,0,0
59.9202,194867200,357.7700,184.68,0,0,1,57.71,0.00,1174716416,0,0
59.9316,194867200,357.7900,174.60,0,0,1,21.82,0.00,1174716416,0,0
59.9427,194867200,357.8100,181.55,0,0,1,22.69,0.00,1174716416,0,0
59.9537,194867200,357.8300,181.58,0,0,1,22.70,0.00,1174716416,0,0
59.9647,194867200,357.8500,181.61,0,0,1,22.70,0.00,1174716416,0,0
59.9757,194867200,357.8700,181.80,0,0,1,22.73,0.00,1174716416,0,0
59.9867,194867200,357.8900,182.03,0,0,1,22.75,0.00,1174716416,0,0
59.9985,194867200,357.9300,338.45,0,0,1,74.04,0.00,1174716416,0,0
60.0196,194867200,357.9700,189.54,0,0,1,35.54,0.00,1174716416,0,0
60.0308,194867200,357.9900,179.25,0,0,1,22.41,0.00,1174716416,0,0
60.0419,194867200,358.0100,179.89,0,0,1,22.49,0.00,1174716416,0,0
60.0527,194867200,358.0300,184.23,0,0,1,23.03,0.00,1174716416,0,0
60.0638,194867200,358.0500,180.73,0,0,1,22.59,0.00,1174716416,0,0
60.0748,194867200,358.0700,181.32,0,0,1,22.67,0.00,1174716416,0,0
60.0859,194867200,358.0900,181.28,0,0,1,22.66,0.00,1174716416,0,0
60.0969,194867200,358.1100,180.86,0,0,1,22.61,0.00,1174716416,0,0
60.1079,194867200,358.1300,182.83,0,0,1,22.85,0.00,1174716416,0,0
60.1189,194867200,358.1500,181.63,0,0,1,56.76,0.00,1174716416,0,0
60.1299,194867200,358.1900,362.40,0,0,1,22.65,0.00,1174716416,0,0
60.1407,194867200,358.2100,184.96,0,0,1,23.12,0.00,1174716416,0,0
60.1517,194867200,358.2300,182.59,0,0,1,22.82,0.00,1174716416,0,0
60.1626,194867200,358.2400,91.69,0,0,1,11.46,0.00,1174716416,0,0
60.1733,194867200,358.2500,93.10,0,0,1,11.64,0.00,1174716416,0,0
60.1845,194867200,358.2600,89.29,0,0,1,11.16,0.00,1174716416,0,0
60.1962,194867200,358.2700,85.50,0,0,1,10.69,0.00,1174716416,0,0
60.2072,194867200,358.2800,91.23,0,0,1,11.40,0.00,1174716416,0,0
60.2185,194867200,358.2900,88.48,0,0,1,33.18,0.00,1174716416,0,0
60.2301,194867200,358.3100,171.99,0,0,1,10.75,0.00,1174716416,0,0
60.2410,194867200,358.3200,91.87,0,0,1,11.48,0.00,1174716416,0,0
60.2519,194867200,358.3300,91.77,0,0,1,11.47,0.00,1174716416,0,0
60.2631,194867200,358.3400,89.60,0,0,1,11.20,0.00,1174716416,0,0
60.2742,196218880,358.3600,179.59,0,0,1,0.00,0.00,1175490560,0,0
60.2851,196218880,358.3900,275.82,0,0,1,57.46,0.00,1175490560,0,0
60.2959,196218880,358.4300,368.83,0,0,1,46.10,0.00,1175490560,0,0
60.3068,196218880,358.4700,369.05,0,0,1,57.66,0.00,1175490560,0,0
60.3181,196218880,358.5100,353.30,0,0,1,44.16,0.00,1175490560,0,0
60.3291,196218880,358.5500,363.19,0,0,1,79.45,0.00,1175490560,0,0
60.3400,196218880,358.6300,729.81,0,0,1,79.82,0.00,1175490560,0,0
60.3511,196218880,358.6700,360.91,0,0,1,45.11,0.00,1175490560,0,0
60.3622,196218880,358.7100,360.33,0,0,1,45.04,0.00,1175490560,0,0
60.3731,196218880,358.7500,366.63,0,0,1,45.83,0.00,1175490560,0,0
60.3841,196218880,358.7900,365.65,0,0,1,45.71,0.00,1175490560,0,0
60.3956,196218880,358.8300,347.73,0,0,1,43.47,0.00,1175490560,0,0
60.4064,196218880,358.8700,370.90,0,0,1,46.36,0.00,1175490560,0,0
60.4174,196218880,358.9100,361.96,0,0,1,45.25,0.00,1175490560,0,0
60.4287,196218880,358.9500,355.83,0,0,1,44.48,0.00,1175490560,0,0
60.4397,196218880,359.0200,635.87,0,0,1,90.84,0.00,1175490560,0,0
60.4510,196218880,359.0700,439.49,0,0,1,54.94,0.00,1175490560,0,0
60.4621,196218880,359.1100,362.70,0,0,1,45.34,0.00,1175490560,0,0
60.4729,196218880,359.1500,370.38,0,0,1,46.30,0.00,1175490560,0,0
60.4838,196218880,359.1900,366.98,0,0,1,45.87,0.00,1175490560,0,0
60.4950,196218880,359.2300,357.10,0,0,1,44.64,0.00,1175490560,0,0
60.5056,196218880,359.2700,376.47,0,0,1,47.06,0.00,1175490560,0,0
60.5164,196218880,359.3100,370.20,0,0,1,46.28,0.00,1175490560,0,0
60.5276,196218880,359.3500,357.10,0,0,1,44.64,0.00,1175490560,0,0
60.5384,196218880,359.3900,371.67,0,0,1,46.46,0.00,1175490560,0,0
60.5492,196218880,359.4700,736.43,0,0,1,103.56,0.00,1175490560,0,0
60.5601,196218880,359.5100,366.67,0,0,1,45.83,0.00,1175490560,0,0
60.5709,196218880,359.5500,372.00,0,0,1,46.50,0.00,1175490560,0,0
60.5815,196218880,359.5900,377.26,0,0,1,47.16,0.00,1175490560,0,0
60.5923,196218880,359.6300,371.93,0,0,1,46.49,0.00,1175490560,0,0
60.6029,196218880,359.6700,377.18,0,0,1,47.15,0.00,1175490560,0,0
60.6136,196218880,359.7100,373.04,0,0,1,46.63,0.00,1175490560,0,0
60.6243,196218880,359.7500,374.76,0,0,1,46.85,0.00,1175490560,0,0
60.6350,196218880,359.7900,373.51,0,0,1,46.69,0.00,1175490560,0,0
60.6460,196218880,359.8300,363.86,0,0,1,56.85,0.00,1175490560,0,0
60.6570,196218880,359.8700,362.37,0,0,1,56.62,0.00,1175490560,0,0
60.6680,196218880,359.9100,362.94,0,0,1,56.71,0.00,1175490560,0,0
60.6791,196218880,359.9900,720.81,0,0,1,123.89,0.00,1175490560,0,0
60.6902,196218880,360.0300,362.14,0,0,1,56.58,0.00,1175490560,0,0
60.7013,196218880,360.0700,358.88,0,0,1,56.07,0.00,1175490560,0,0
60.7123,196218880,360.1100,365.34,0,0,1,45.67,0.00,1175490560,0,0
60.7228,196218880,360.1500,378.62,0,0,1,47.33,0.00,1175490560,0,0
60.7338,196218880,360.1900,365.27,0,0,1,45.66,0.00,1175490560,0,0
60.7449,196218880,360.2300,358.32,0,0,1,44.79,0.00,1175490560,0,0
60.7559,196218880,360.2700,363.79,0,0,1,45.47,0.00,1175490560,0,0
60.7671,196218880,360.3100,356.95,0,0,1,44.62,0.00,1175490560,0,0
60.7788,196218880,360.3500,342.49,0,0,1,42.81,0.00,1175490560,0,0
60.7895,196218880,360.4300,750.65,0,0,1,93.83,0.00,1175490560,0,0
60.8007,196218880,360.4700,356.56,0,0,1,44.57,0.00,1175490560,0,0
60.8121,196218880,360.5100,351.29,0,0,1,43.91,0.00,1175490560,0,0
60.8228,196218880,360.5500,371.87,0,0,1,46.48,0.00,1175490560,0,0
60.8337,196218880,360.5900,369.47,0,0,1,46.18,0.00,1175490560,0,0
60.8450,196218880,360.6300,354.16,0,0,1,44.27,0.00,1175490560,0,0
60.8557,196218880,360.6700,372.29,0,0,1,46.54,0.00,1175490560,0,0
60.8667,196218880,360.7100,364.10,0,0,1,45.51,0.00,1175490560,0,0
60.8780,196218880,360.7500,354.43,0,0,1,44.30,0.00,1175490560,0,0
60.8891,196218880,360.8300,721.65,0,0,1,101.48,0.00,1175490560,0,0
60.9003,196218880,360.8700,356.45,0,0,1,44.56,0.00,1175490560,0,0
60.9122,196218880,360.9100,335.11,0,0,1,83.78,0.00,1175490560,0,0
60.9230,196218880,360.9500,370.42,0,0,1,46.30,0.00,1175490560,0,0
60.9339,196218880,360.9900,368.13,0,0,1,46.02,0.00,1175490560,0,0
60.9451,196218880,361.0300,356.44,0,0,1,44.55,0.00,1175490560,0,0
60.9560,196218880,361.0700,367.85,0,0,1,45.98,0.00,1175490560,0,0
60.9670,196218880,361.1100,362.21,0,0,1,45.28,0.00,1175490560,0,0
60.9782,196218880,361.1500,356.95,0,0,1,44.62,0.00,1175490560,0,0
60.9890,196218880,361.2200,648.86,0,0,1,104.28,0.00,1175490560,0,0
61.0002,196218880,361.2700,445.00,0,0,1,44.50,0.00,1175490560,0,0
61.0117,196218880,361.3100,347.91,0,0,1,43.49,0.00,1175490560,0,0
61.0225,196218880,361.3500,370.38,0,0,1,46.30,0.00,1175490560,0,0
61.0334,196218880,361.3900,370.00,0,0,1,46.25,0.00,1175490560,0,0
61.0447,196218880,361.4300,351.38,0,0,1,43.92,0.00,1175490560,0,0
61.0555,196218880,361.4700,372.72,0,0,1,46.59,0.00,1175490560,0,0
61.0662,196218880,361.5100,372.60,0,0,1,46.58,0.00,1175490560,0,0
61.0772,196218880,361.5500,362.45,0,0,1,45.31,0.00,1175490560,0,0
61.0881,196218880,361.5900,366.89,0,0,1,45.86,0.00,1175490560,0,0
61.0990,196218880,361.6700,735.13,0,0,1,103.38,0.00,1175490560,0,0
61.1103,196218880,361.7100,355.45,0,0,1,44.43,0.00,1175490560,0,0
61.1212,196218880,361.7500,366.60,0,0,1,45.82,0.00,1175490560,0,0
61.1320,196218880,361.7900,369.51,0,0,1,46.19,0.00,1175490560,0,0
61.1429,196218880,361.8300,366.55,0,0,1,45.82,0.00,1175490560,0,0
61.1538,196218880,361.8700,366.86,0,0,1,45.86,0.00,1175490560,0,0
61.1645,196218880,361.9100,373.59,0,0,1,46.70,0.00,1175490560,0,0
61.1752,196218880,361.9500,374.71,0,0,1,46.84,0.00,1175490560,0,0
61.1861,196218880,361.9900,367.68,0,0,1,45.96,0.00,1175490560,0,0
61.1969,196218880,362.0300,371.51,0,0,1,46.44,0.00,1175490560,0,0
61.2077,196218880,362.0700,368.97,0,0,1,46.12,0.00,1175490560,0,0
61.2186,196218880,362.1100,367.47,0,0,1,45.93,0.00,1175490560,0,0
61.2296,196218880,362.1900,729.09,0,0,1,102.53,0.00,1175490560,0,0
61.2405,196218880,362.2300,366.25,0,0,1,45.78,0.00,1175490560,0,0
61.2513,196218880,362.2700,368.99,0,0,1,46.12,0.00,1175490560,0,0
61.2624,196218880,362.3100,361.39,0,0,1,45.17,0.00,1175490560,0,0
61.2733,196218880,362.3500,366.24,0,0,1,45.78,0.00,1175490560,0,0
61.2842,196218880,362.3900,367.16,0,0,1,45.90,0.00,1175490560,0,0
61.2952,196218880,362.4300,364.52,0,0,1,45.56,0.00,1175490560,0,0
61.3062,196218880,362.4700,363.21,0,0,1,45.40,0.00,1175490560,0,0
61.3173,196218880,362.5100,361.62,0,0,1,45.20,0.00,1175490560,0,0
61.3285,196218880,362.5500,357.09,0,0,1,44.64,0.00,1175490560,0,0
61.3394,196218880,362.6300,729.13,0,0,1,91.14,0.00,1175490560,0,0
61.3505,196218880,362.6700,362.04,0,0,1,45.25,0.00,1175490560,0,0
61.3618,196218880,362.7100,354.30,0,0,1,44.29,0.00,1175490560,0,0
61.3725,196218880,362.7500,371.82,0,0,1,46.48,0.00,1175490560,0,0
61.3833,196218880,362.7900,371.62,0,0,1,46.45,0.00,1175490560,0,0
61.3946,196218880,362.8300,352.60,0,0,1,44.07,0.00,1175490560,0,0
61.4057,196218880,362.8700,362.24,0,0,1,45.28,0.00,1175490560,0,0
61.4170,196218880,362.9100,352.18,0,0,1,44.02,0.00,1175490560,0,0
61.4285,196218880,362.9500,349.83,0,0,1,43.73,0.00,1175490560,0,0
61.4394,196218880,363.0200,637.99,0,0,1,79.75,0.00,1175490560,0,0
61.4508,196218880,363.0600,353.36,0,0,1,44.17,0.00,1175490560,0,0
61.4619,196218880,363.1100,450.47,0,0,1,56.31,0.00,1175490560,0,0
61.4729,196218880,363.1500,363.32,0,0,1,45.42,0.00,1175490560,0,0
61.4839,196218880,363.1900,362.86,0,0,1,45.36,0.00,1175490560,0,0
61.4949,196218880,363.2300,364.24,0,0,1,45.53,0.00,1175490560,0,0
61.5058,196218880,363.2700,367.58,0,0,1,45.95,0.00,1175490560,0,0
61.5168,196218880,363.3100,362.78,0,0,1,45.35,0.00,1175490560,0,0
61.5284,196489216,363.3500,345.06,0,0,1,43.13,0.00,1175748608,0,0
61.5394,197029888,363.4100,546.34,0,0,1,68.29,0.00,1176006656,0,0
61.5503,198381568,363.4300,181.91,0,0,1,45.48,0.00,1177296896,0,0
61.5618,198381568,363.4700,348.71,0,0,1,43.59,0.00,1177296896,0,0
61.5729,198381568,363.5100,362.26,0,0,1,56.60,0.00,1177296896,0,0
61.5839,198381568,363.5500,361.79,0,0,1,45.22,0.00,1177296896,0,0
61.5950,198381568,363.5900,361.41,0,0,1,45.18,0.00,1177296896,0,0
61.6061,198381568,363.6300,359.86,0,0,1,44.98,0.00,1177296896,0,0
61.6174,198381568,363.6700,353.52,0,0,1,44.19,0.00,1177296896,0,0
61.6285,198381568,363.7100,361.85,0,0,1,45.23,0.00,1177296896,0,0
61.6395,198381568,363.7900,724.86,0,0,1,90.61,0.00,1177296896,0,0
61.6507,198381568,363.8300,357.37,0,0,1,44.67,0.00,1177296896,0,0
61.6619,198381568,363.8700,356.77,0,0,1,44.60,0.00,1177296896,0,0
61.6729,198381568,363.9100,364.06,0,0,1,45.51,0.00,1177296896,0,0
61.6839,198381568,363.9500,364.29,0,0,1,45.54,0.00,1177296896,0,0
61.6948,198381568,363.9900,367.56,0,0,1,45.95,0.00,1177296896,0,0
61.7056,198381568,364.0300,369.44,0,0,1,46.18,0.00,1177296896,0,0
61.7165,198381568,364.0700,365.88,0,0,1,45.73,0.00,1177296896,0,0
61.7278,198381568,364.1100,354.08,0,0,1,44.26,0.00,1177296896,0,0
61.7386,198381568,364.1500,371.07,0,0,1,46.38,0.00,1177296896,0,0
61.7498,198381568,364.2300,713.63,0,0,1,100.35,0.00,1177296896,0,0
61.7610,198381568,364.2700,357.38,0,0,1,44.67,0.00,1177296896,0,0
61.7719,198381568,364.3100,368.42,0,0,1,46.05,0.00,1177296896,0,0
61.7832,198381568,364.3500,354.07,0,0,1,44.26,0.00,1177296896,0,0
61.7947,198381568,364.3900,345.64,0,0,1,43.20,0.00,1177296896,0,0
61.8058,198381568,364.4300,362.83,0,0,1,45.35,0.00,1177296896,0,0
61.8169,198381568,364.4700,358.13,0,0,1,44.77,0.00,1177296896,0,0
61.8279,198381568,364.5100,365.77,0,0,1,45.72,0.00,1177296896,0,0
61.8385,198381568,364.5500,375.17,0,0,1,46.90,0.00,1177296896,0,0
61.8493,198381568,364.6300,743.06,0,0,1,104.49,0.00,1177296896,0,0
61.8606,198381568,364.6700,352.84,0,0,1,44.10,0.00,1177296896,0,0
61.8713,198381568,364.7100,374.83,0,0,1,46.85,0.00,1177296896,0,0
61.8819,198381568,364.7500,377.02,0,0,1,47.13,0.00,1177296896,0,0
61.8929,198381568,364.7900,363.36,0,0,1,45.42,0.00,1177296896,0,0
61.9039,198381568,364.8300,365.17,0,0,1,45.65,0.00,1177296896,0,0
61.9149,198381568,364.8700,362.44,0,0,1,45.31,0.00,1177296896,0,0
61.9259,198381568,364.9100,363.81,0,0,1,56.85,0.00,1177296896,0,0
61.9367,198381568,364.9500,369.97,0,0,1,46.25,0.00,1177296896,0,0
61.9475,198381568,364.9900,369.96,0,0,1,57.81,0.00,1177296896,0,0
61.9581,198381568,365.0300,377.61,0,0,1,59.00,0.00,1177296896,0,0
61.9689,198381568,365.0700,371.82,0,0,1,116.19,0.00,1177296896,0,0
61.9799,198381568,365.1500,724.96,0,0,1,45.31,0.00,1177296896,0,0
61.9908,198381568,365.1900,368.25,0,0,1,46.03,0.00,1177296896,0,0
62.0017,198381568,365.2300,364.80,0,0,1,45.60,0.00,1177296896,0,0
62.0126,198381568,365.2700,366.39,0,0,1,45.80,0.00,1177296896,0,0
62.0234,198381568,365.3100,371.38,0,0,1,46.42,0.00,1177296896,0,0
62.0342,198381568,365.3500,371.60,0,0,1,46.45,0.00,1177296896,0,0
62.0452,198381568,365.3800,271.27,0,0,1,33.91,0.00,1177296896,0,0
62.0563,198381568,365.4400,542.80,0,0,1,56.54,0.00,1177296896,0,0
62.0673,198381568,365.4700,273.64,0,0,1,34.21,0.00,1177296896,0,0
62.0784,198381568,365.5200,448.36,0,0,1,56.04,0.00,1177296896,0,0
62.0894,198381568,365.5700,453.31,0,0,1,56.66,0.00,1177296896,0,0
62.1005,198381568,365.6300,543.69,0,0,1,56.63,0.00,1177296896,0,0
62.1117,198381568,365.6400,88.76,0,0,1,22.19,0.00,1177296896,0,0
62.1228,198381568,365.7000,541.08,0,0,1,67.64,0.00,1177296896,0,0
62.1339,198381568,365.7500,453.45,0,0,1,56.68,0.00,1177296896,0,0
62.1452,198381568,365.7900,351.30,0,0,1,43.91,0.00,1177296896,0,0
62.1564,198381568,365.8300,357.62,0,0,1,44.70,0.00,1177296896,0,0
62.1677,198381568,365.8800,445.56,0,0,1,44.56,0.00,1177296896,0,0
62.1789,198381568,365.9100,267.38,0,0,1,89.13,0.00,1177296896,0,0
62.1899,198381568,365.9900,725.25,0,0,1,56.66,0.00,1177296896,0,0
62.2009,198381568,366.0200,272.89,0,0,1,34.11,0.00,1177296896,0,0
62.2123,198381568,366.0700,440.39,0,0,1,55.05,0.00,1177296896,0,0
62.2234,198381568,366.1100,359.99,0,0,1,45.00,0.00,1177296896,0,0
62.2344,198381568,366.1500,363.30,0,0,1,45.41,0.00,1177296896,0,0
62.2454,198381568,366.1900,363.98,0,0,1,45.50,0.00,1177296896,0,0
62.2564,198381568,366.2300,361.74,0,0,1,45.22,0.00,1177296896,0,0
62.2674,198381568,366.2700,363.61,0,0,1,45.45,0.00,1177296896,0,0
62.2784,198381568,366.3100,364.79,0,0,1,45.60,0.00,1177296896,0,0
62.2894,198381568,366.3900,725.56,0,0,1,102.03,0.00,1177296896,0,0
62.3004,198381568,366.4300,363.98,0,0,1,45.50,0.00,1177296896,0,0
62.3114,198381568,366.4700,362.28,0,0,1,45.28,0.00,1177296896,0,0
62.3222,198381568,366.5100,370.95,0,0,1,46.37,0.00,1177296896,0,0
62.3332,198381568,366.5500,363.41,0,0,1,45.43,0.00,1177296896,0,0
62.3442,198381568,366.5900,364.26,0,0,1,45.53,0.00,1177296896,0,0
62.3555,198381568,366.6300,354.60,0,0,1,44.33,0.00,1177296896,0,0
62.3667,198381568,366.6700,355.61,0,0,1,44.45,0.00,1177296896,0,0
62.3777,198381568,366.7100,364.16,0,0,1,45.52,0.00,1177296896,0,0
62.3888,198381568,366.7500,361.47,0,0,1,45.18,0.00,1177296896,0,0
62.3999,198381568,366.8300,719.63,0,0,1,101.20,0.00,1177296896,0,0
62.4109,198381568,366.8700,365.22,0,0,1,45.65,0.00,1177296896,0,0
62.4218,198381568,366.9100,366.63,0,0,1,45.83,0.00,1177296896,0,0
62.4330,198381568,366.9500,355.86,0,0,1,55.60,0.00,1177296896,0,0
62.4441,198381568,366.9900,359.52,0,0,1,44.94,0.00,1177296896,0,0
62.4551,198381568,367.0300,364.61,0,0,1,45.58,0.00,1177296896,0,0
62.4664,198381568,367.0700,354.00,0,0,1,44.25,0.00,1177296896,0,0
62.4775,198381568,367.1100,359.06,0,0,1,44.88,0.00,1177296896,0,0
62.4885,198381568,367.1500,364.07,0,0,1,45.51,0.00,1177296896,0,0
62.5000,198381568,367.2200,612.45,0,0,1,87.49,0.00,1177296896,0,0
62.5110,198381568,367.2700,452.80,0,0,1,56.60,0.00,1177296896,0,0
62.5219,198381568,367.3100,367.48,0,0,1,45.94,0.00,1177296896,0,0
62.5331,198381568,367.3500,357.74,0,0,1,44.72,0.00,1177296896,0,0
62.5445,198381568,367.3900,349.53,0,0,1,43.69,0.00,1177296896,0,0
62.5553,198381568,367.4300,372.22,0,0,1,46.53,0.00,1177296896,0,0
62.5665,198381568,367.4700,355.75,0,0,1,44.47,0.00,1177296896,0,0
62.5776,198381568,367.5100,361.63,0,0,1,45.20,0.00,1177296896,0,0
62.5885,198381568,367.5500,365.30,0,0,1,45.66,0.00,1177296896,0,0
62.5997,198381568,367.6200,623.28,0,0,1,77.91,0.00,1177296896,0,0
62.6107,198381568,367.6500,274.14,0,0,1,22.84,0.00,1177296896,0,0
62.6217,198381568,367.6900,362.95,0,0,1,45.37,0.00,1177296896,0,0
62.6329,198381568,367.7500,534.22,0,0,1,66.78,0.00,1177296896,0,0
62.6441,198381568,367.7800,268.13,0,0,1,22.34,0.00,1177296896,0,0
62.6552,198381568,367.8300,452.55,0,0,1,67.88,0.00,1177296896,0,0
62.6664,198381568,367.8700,356.10,0,0,1,44.51,0.00,1177296896,0,0
62.6777,198381568,367.9200,443.31,0,0,1,44.33,0.00,1177296896,0,0
62.6887,198381568,367.9500,271.71,0,0,1,45.29,0.00,1177296896,0,0
62.6997,198381568,368.0300,731.32,0,0,1,91.42,0.00,1177296896,0,0
62.7106,198381568,368.0700,367.33,0,0,1,45.92,0.00,1177296896,0,0
62.7213,198381568,368.1100,372.29,0,0,1,46.54,0.00,1177296896,0,0
62.7322,198381568,368.1500,368.53,0,0,1,46.07,0.00,1177296896,0,0
62.7433,198381568,368.1900,357.81,0,0,1,44.73,0.00,1177296896,0,0
62.7542,198381568,368.2300,368.07,0,0,1,46.01,0.00,1177296896,0,0
62.7650,198381568,368.2700,371.00,0,0,1,46.38,0.00,1177296896,0,0
62.7763,198381568,368.3100,354.93,0,0,1,44.37,0.00,1177296896,0,0
62.7870,198381568,368.3500,371.92,0,0,1,46.49,0.00,1177296896,0,0
62.7978,198381568,368.3900,370.47,0,0,1,46.31,0.00,1177296896,0,0
62.8091,198381568,368.4700,707.87,0,0,1,99.54,0.00,1177296896,0,0
62.8200,198381568,368.5100,369.03,0,0,1,46.13,0.00,1177296896,0,0
62.8306,198381568,368.5500,374.65,0,0,1,46.83,0.00,1177296896,0,0
62.8412,198381568,368.5900,378.36,0,0,1,47.30,0.00,1177296896,0,0
62.8521,198381568,368.6300,368.05,0,0,1,46.01,0.00,1177296896,0,0
62.8627,198381568,368.6700,375.48,0,0,1,46.94,0.00,1177296896,0,0
62.8736,198381568,368.7100,367.09,0,0,1,45.89,0.00,1177296896,0,0
62.8845,198381568,368.7500,366.26,0,0,1,45.78,0.00,1177296896,0,0
62.8955,198381568,368.7900,365.90,0,0,1,45.74,0.00,1177296896,0,0
62.9063,198381568,368.8300,369.14,0,0,1,46.14,0.00,1177296896,0,0
62.9170,198381568,368.8700,374.76,0,0,1,46.85,0.00,1177296896,0,0
62.9278,198381568,368.9100,368.94,0,0,1,46.12,0.00,1177296896,0,0
62.9386,198381568,368.9500,372.12,0,0,1,46.51,0.00,1177296896,0,0
62.9494,198381568,369.0300,737.62,0,0,1,92.20,0.00,1177296896,0,0
62.9602,198381568,369.0700,369.30,0,0,1,46.16,0.00,1177296896,0,0
62.9710,198381568,369.1100,373.18,0,0,1,46.65,0.00,1177296896,0,0
62.9816,198922240,369.1500,377.73,0,0,1,59.02,0.00,1177554944,0,0
62.9930,200003584,369.1800,261.22,0,0,1,43.54,0.00,1177812992,0,0
63.0037,200273920,369.2000,187.58,0,0,1,11.72,0.00,1178329088,0,0
63.0145,200814592,369.2200,185.69,0,0,1,46.42,0.00,1178845184,0,0
63.0265,200814592,369.2600,333.92,0,0,1,41.74,0.00,1178845184,0,0
63.0373,200814592,369.3000,369.25,0,0,1,46.16,0.00,1178845184,0,0
63.0481,200814592,369.3400,369.86,0,0,1,46.23,0.00,1178845184,0,0
63.0596,200814592,369.4200,695.80,0,0,1,97.85,0.00,1178845184,0,0
63.0702,200814592,369.4600,375.64,0,0,1,46.96,0.00,1178845184,0,0
63.0812,200814592,369.5000,365.41,0,0,1,45.68,0.00,1178845184,0,0
63.0922,200814592,369.5400,362.89,0,0,1,45.36,0.00,1178845184,0,0
63.1032,200814592,369.5800,365.76,0,0,1,45.72,0.00,1178845184,0,0
63.1141,200814592,369.6200,365.51,0,0,1,45.69,0.00,1178845184,0,0
63.1250,200814592,369.6600,367.70,0,0,1,45.96,0.00,1178845184,0,0
63.1359,200814592,369.7000,364.61,0,0,1,45.58,0.00,1178845184,0,0
63.1468,200814592,369.7400,366.90,0,0,1,45.86,0.00,1178845184,0,0
63.1577,200814592,369.7800,368.63,0,0,1,46.08,0.00,1178845184,0,0
63.1685,200814592,369.8200,370.33,0,0,1,46.29,0.00,1178845184,0,0
63.1795,200814592,369.9000,729.59,0,0,1,91.20,0.00,1178845184,0,0
63.1904,200814592,369.9400,367.15,0,0,1,45.89,0.00,1178845184,0,0
63.2012,200814592,369.9800,368.92,0,0,1,46.12,0.00,1178845184,0,0
63.2118,200814592,370.0200,376.11,0,0,1,47.01,0.00,1178845184,0,0
63.2226,200814592,370.0600,372.29,0,0,1,46.54,0.00,1178845184,0,0
63.2333,200814592,370.1000,374.70,0,0,1,46.84,0.00,1178845184,0,0
63.2440,200814592,370.1400,372.36,0,0,1,46.54,0.00,1178845184,0,0
63.2550,200814592,370.1800,363.31,0,0,1,45.41,0.00,1178845184,0,0
63.2657,200814592,370.2200,372.47,0,0,1,46.56,0.00,1178845184,0,0
63.2765,200814592,370.2600,371.51,0,0,1,46.44,0.00,1178845184,0,0
63.2874,200814592,370.3000,366.66,0,0,1,45.83,0.00,1178845184,0,0
63.2984,200814592,370.3400,364.99,0,0,1,45.62,0.00,1178845184,0,0
63.3096,200814592,370.4200,711.60,0,0,1,100.07,0.00,1178845184,0,0
63.3203,200814592,370.4600,374.09,0,0,1,46.76,0.00,1178845184,0,0
63.3311,200814592,370.5000,371.33,0,0,1,46.42,0.00,1178845184,0,0
63.3425,200814592,370.5400,350.58,0,0,1,43.82,0.00,1178845184,0,0
63.3534,200814592,370.5800,365.64,0,0,1,45.71,0.00,1178845184,0,0
63.3642,200814592,370.6200,370.18,0,0,1,46.27,0.00,1178845184,0,0
63.3750,200814592,370.6600,372.24,0,0,1,46.53,0.00,1178845184,0,0
63.3859,200814592,370.7000,366.33,0,0,1,45.79,0.00,1178845184,0,0
63.3968,200814592,370.7400,366.88,0,0,1,45.86,0.00,1178845184,0,0
63.4078,200814592,370.7800,363.20,0,0,1,45.40,0.00,1178845184,0,0
63.4188,200814592,370.8200,365.44,0,0,1,45.68,0.00,1178845184,0,0
63.4297,200814592,370.9000,732.50,0,0,1,103.01,0.00,1178845184,0,0
63.4407,200814592,370.9400,365.00,0,0,1,45.62,0.00,1178845184,0,0
63.4517,200814592,370.9800,363.25,0,0,1,45.41,0.00,1178845184,0,0
63.4626,200814592,371.0200,366.48,0,0,1,45.81,0.00,1178845184,0,0
63.4734,200814592,371.0600,370.82,0,0,1,46.35,0.00,1178845184,0,0
63.4843,200814592,371.1000,364.25,0,0,1,45.53,0.00,1178845184,0,0
63.4952,200814592,371.1400,367.89,0,0,1,45.99,0.00,1178845184,0,0
63.5061,200814592,371.1800,366.97,0,0,1,45.87,0.00,1178845184,0,0
63.5169,200814592,371.2200,369.75,0,0,1,46.22,0.00,1178845184,0,0
63.5277,200814592,371.2600,370.79,0,0,1,46.35,0.00,1178845184,0,0
63.5384,200814592,371.3000,374.23,0,0,1,46.78,0.00,1178845184,0,0
63.5492,200814592,371.3800,741.43,0,0,1,104.26,0.00,1178845184,0,0
63.5599,200814592,371.4200,372.19,0,0,1,46.52,0.00,1178845184,0,0
63.5706,200814592,371.4600,376.59,0,0,1,47.07,0.00,1178845184,0,0
63.5814,200814592,371.5000,369.75,0,0,1,46.22,0.00,1178845184,0,0
63.5924,200814592,371.5400,362.82,0,0,1,45.35,0.00,1178845184,0,0
63.6030,200814592,371.5800,376.55,0,0,1,47.07,0.00,1178845184,0,0
63.6137,200814592,371.6200,376.33,0,0,1,47.04,0.00,1178845184,0,0
63.6245,200814592,371.6600,367.71,0,0,1,45.96,0.00,1178845184,0,0
63.6355,200814592,371.6900,274.25,0,0,1,45.71,0.00,1178845184,0,0
63.6462,200814592,371.7400,464.98,0,0,1,46.50,0.00,1178845184,0,0
63.6570,200814592,371.7800,370.32,0,0,1,46.29,0.00,1178845184,0,0
63.6679,200814592,371.8100,275.27,0,0,1,45.88,0.00,1178845184,0,0
63.6788,200814592,371.8600,458.83,0,0,1,45.88,0.00,1178845184,0,0
63.6898,200814592,371.9400,731.42,0,0,1,102.86,0.00,1178845184,0,0
63.7007,200814592,371.9800,366.09,0,0,1,45.76,0.00,1178845184,0,0
63.7118,200814592,372.0200,360.08,0,0,1,45.01,0.00,1178845184,0,0
63.7226,200814592,372.0600,369.11,0,0,1,46.14,0.00,1178845184,0,0
63.7337,200814592,372.0900,271.05,0,0,1,45.18,0.00,1178845184,0,0
63.7445,200814592,372.1400,464.97,0,0,1,46.50,0.00,1178845184,0,0
63.7551,200814592,372.1700,281.21,0,0,1,46.87,0.00,1178845184,0,0
63.7659,200814592,372.2100,370.01,0,0,1,46.25,0.00,1178845184,0,0
63.7769,200814592,372.2500,363.78,0,0,1,45.47,0.00,1178845184,0,0
63.7877,200814592,372.3000,462.88,0,0,1,46.29,0.00,1178845184,0,0
63.7989,200814592,372.3400,358.21,0,0,1,100.75,0.00,1178845184,0,0
63.8100,200814592,372.4100,632.55,0,0,1,45.18,0.00,1178845184,0,0
63.8209,200814592,372.4600,458.30,0,0,1,45.83,0.00,1178845184,0,0
63.8320,200814592,372.5000,359.19,0,0,1,44.90,0.00,1178845184,0,0
63.8429,200814592,372.5400,367.36,0,0,1,45.92,0.00,1178845184,0,0
63.8537,200814592,372.5800,371.51,0,0,1,46.44,0.00,1178845184,0,0
63.8643,200814592,372.6200,377.38,0,0,1,47.17,0.00,1178845184,0,0
63.8756,200814592,372.6600,353.37,0,0,1,44.17,0.00,1178845184,0,0
63.8865,200814592,372.7000,368.28,0,0,1,46.04,0.00,1178845184,0,0
63.8973,200814592,372.7400,370.38,0,0,1,46.30,0.00,1178845184,0,0
63.9085,200814592,372.7800,356.74,0,0,1,44.59,0.00,1178845184,0,0
63.9192,200814592,372.8600,742.49,0,0,1,104.41,0.00,1178845184,0,0
63.9301,200814592,372.9000,367.02,0,0,1,45.88,0.00,1178845184,0,0
63.9408,200814592,372.9400,373.60,0,0,1,46.70,0.00,1178845184,0,0
63.9517,200814592,372.9800,368.32,0,0,1,46.04,0.00,1178845184,0,0
63.9625,200814592,373.0200,370.88,0,0,1,46.36,0.00,1178845184,0,0
63.9731,200814592,373.0600,375.66,0,0,1,46.96,0.00,1178845184,0,0
63.9839,200814592,373.1000,372.22,0,0,1,46.53,0.00,1178845184,0,0
63.9946,200814592,373.1400,372.81,0,0,1,46.60,0.00,1178845184,0,0
64.0054,200814592,373.1800,372.54,0,0,1,46.57,0.00,1178845184,0,0
64.0162,200814592,373.2200,368.59,0,0,1,46.07,0.00,1178845184,0,0
64.0271,200814592,373.2600,366.51,0,0,1,45.81,0.00,1178845184,0,0
64.0379,200814592,373.3000,372.72,0,0,1,46.59,0.00,1178845184,0,0
64.0486,200814592,373.3400,370.95,0,0,1,46.37,0.00,1178845184,0,0
64.0594,200814592,373.4200,742.33,0,0,1,92.79,0.00,1178845184,0,0
64.0701,200814592,373.4600,372.75,0,0,1,46.59,0.00,1178845184,0,0
64.0809,200814592,373.5000,371.26,0,0,1,46.41,0.00,1178845184,0,0
64.0920,200814592,373.5400,361.29,0,0,1,45.16,0.00,1178845184,0,0
64.1028,200814592,373.5800,370.99,0,0,1,46.37,0.00,1178845184,0,0
64.1137,200814592,373.6200,364.89,0,0,1,45.61,0.00,1178845184,0,0
64.1256,200814592,373.6600,337.51,0,0,1,42.19,0.00,1178845184,0,0
64.1366,200814592,373.7000,361.91,0,0,1,45.24,0.00,1178845184,0,0
64.1475,200814592,373.7400,367.27,0,0,1,45.91,0.00,1178845184,0,0
64.1590,200814592,373.7800,349.19,0,0,1,109.12,0.00,1178845184,0,0
64.1697,200814592,373.8600,744.61,0,0,1,46.54,0.00,1178845184,0,0
64.1806,200814592,373.9000,367.90,0,0,1,45.99,0.00,1178845184,0,0
64.1921,200814592,373.9400,346.85,0,0,1,43.36,0.00,1178845184,0,0
64.2031,200814592,373.9800,363.64,0,0,1,45.46,0.00,1178845184,0,0
64.2138,200814592,374.0200,373.96,0,0,1,46.75,0.00,1178845184,0,0
64.2252,200814592,374.0600,351.80,0,0,1,43.97,0.00,1178845184,0,0
64.2361,200814592,374.1000,366.00,0,0,1,45.75,0.00,1178845184,0,0
64.2471,200814592,374.1400,365.13,0,0,1,45.64,0.00,1178845184,0,0
64.2585,200814592,374.1800,350.14,0,0,1,43.77,0.00,1178845184,0,0
64.2694,200814592,374.2600,735.53,0,0,1,103.43,0.00,1178845184,0,0
64.2802,200814592,374.3000,370.22,0,0,1,46.28,0.00,1178845184,0,0
64.2912,200814592,374.3400,363.52,0,0,1,45.44,0.00,1178845184,0,0
64.3019,200814592,374.3800,373.40,0,0,1,46.68,0.00,1178845184,0,0
64.3129,200814592,374.4200,364.55,0,0,1,45.57,0.00,1178845184,0,0
64.3237,200814592,374.4600,367.89,0,0,1,45.99,0.00,1178845184,0,0
64.3345,200814592,374.5000,371.49,0,0,1,46.44,0.00,1178845184,0,0
64.3452,200814592,374.5400,372.99,0,0,1,46.62,0.00,1178845184,0,0
64.3561,200814592,374.5800,366.73,0,0,1,45.84,0.00,1178845184,0,0
64.3672,200814592,374.6200,363.13,0,0,1,45.39,0.00,1178845184,0,0
64.3782,200814592,374.6600,363.11,0,0,1,45.39,0.00,1178845184,0,0
64.3892,200814592,374.7400,722.77,0,0,1,101.64,0.00,1178845184,0,0
64.4002,200814592,374.7800,365.83,0,0,1,45.73,0.00,1178845184,0,0
64.4111,200814592,374.8200,365.57,0,0,1,45.70,0.00,1178845184,0,0
64.4221,200814592,374.8600,365.24,0,0,1,45.65,0.00,1178845184,0,0
64.4331,200814592,374.9000,362.32,0,0,1,45.29,0.00,1178845184,0,0
64.4442,200814592,374.9400,361.35,0,0,1,45.17,0.00,1178845184,0,0
64.4552,200814592,374.9800,362.73,0,0,1,45.34,0.00,1178845184,0,0
64.4663,200814592,375.0200,361.61,0,0,1,45.20,0.00,1178845184,0,0
64.4772,200814592,375.0600,366.06,0,0,1,45.76,0.00,1178845184,0,0
64.4882,200814592,375.1000,362.15,0,0,1,45.27,0.00,1178845184,0,0
64.4993,200814592,375.1800,724.98,0,0,1,101.95,0.00,1178845184,0,0
64.5104,200814592,375.2200,359.05,0,0,1,44.88,0.00,1178845184,0,0
64.5214,200814592,375.2600,363.12,0,0,1,45.39,0.00,1178845184,0,0
64.5324,200814592,375.3000,364.62,0,0,1,45.58,0.00,1178845184,0,0
64.5433,200814592,375.3400,367.34,0,0,1,45.92,0.00,1178845184,0,0
64.5541,200814592,375.3800,369.13,0,0,1,46.14,0.00,1178845184,0,0
64.5652,200814592,375.4200,362.96,0,0,1,45.37,0.00,1178845184,0,0
64.5761,200814592,375.4600,363.74,0,0,1,45.47,0.00,1178845184,0,0
64.5871,200814592,375.5000,365.34,0,0,1,45.67,0.00,1178845184,0,0
64.5983,200814592,375.5400,357.36,0,0,1,44.67,0.00,1178845184,0,0
64.6094,200814592,375.6200,721.40,0,0,1,101.45,0.00,1178845184,0,0
64.6203,200814592,375.6600,364.86,0,0,1,45.61,0.00,1178845184,0,0
64.6315,200814592,375.7000,358.07,0,0,1,44.76,0.00,1178845184,0,0
64.6425,200814592,375.7400,364.29,0,0,1,45.54,0.00,1178845184,0,0
64.6535,200814592,375.7800,361.82,0,0,1,45.23,0.00,1178845184,0,0
64.6647,200814592,375.8200,357.97,0,0,1,44.75,0.00,1178845184,0,0
64.6757,200814592,375.8600,363.42,0,0,1,45.43,0.00,1178845184,0,0
64.6867,200814592,375.9000,366.14,0,0,1,45.77,0.00,1178845184,0,0
64.6980,200814592,375.9400,353.78,0,0,1,44.22,0.00,1178845184,0,0
64.7092,200814592,376.0200,714.54,0,0,1,100.48,0.00,1178845184,0,0
64.7200,200814592,376.0600,368.13,0,0,1,46.02,0.00,1178845184,0,0
64.7310,200814592,376.0900,274.30,0,0,1,45.72,0.00,1178845184,0,0
64.7419,200814592,376.1400,455.78,0,0,1,45.58,0.00,1178845184,0,0
64.7526,200814592,376.1800,376.36,0,0,1,47.04,0.00,1178845184,0,0
64.7634,200814592,376.2100,277.08,0,0,1,46.18,0.00,1178845184,0,0
64.7745,200814592,376.2500,361.23,0,0,1,45.15,0.00,1178845184,0,0
64.7853,200814592,376.3000,462.87,0,0,1,46.29,0.00,1178845184,0,0
64.7960,200814592,376.3300,278.13,0,0,1,46.35,0.00,1178845184,0,0
64.8067,200814592,376.3700,376.84,0,0,1,47.10,0.00,1178845184,0,0
64.8174,200814592,376.4100,370.97,0,0,1,46.37,0.00,1178845184,0,0
64.8281,200814592,376.4500,374.18,0,0,1,46.77,0.00,1178845184,0,0
64.8389,200814592,376.4900,372.81,0,0,1,46.60,0.00,1178845184,0,0
64.8496,200814592,376.5700,741.79,0,0,1,104.31,0.00,1178845184,0,0
64.8604,200814592,376.6100,372.02,0,0,1,46.50,0.00,1178845184,0,0
64.8711,200814592,376.6500,373.95,0,0,1,46.74,0.00,1178845184,0,0
64.8819,200814592,376.6900,370.14,0,0,1,46.27,0.00,1178845184,0,0
64.8927,200814592,376.7300,369.11,0,0,1,46.14,0.00,1178845184,0,0
64.9038,200814592,376.7700,362.36,0,0,1,45.30,0.00,1178845184,0,0
64.9146,200814592,376.8100,369.06,0,0,1,46.13,0.00,1178845184,0,0
64.9254,200814592,376.8500,372.36,0,0,1,46.55,0.00,1178845184,0,0
64.9362,200814592,376.8900,368.74,0,0,1,46.09,0.00,1178845184,0,0
64.9470,200814592,376.9300,370.88,0,0,1,46.36,0.00,1178845184,0,0
64.9580,200814592,376.9700,364.35,0,0,1,45.54,0.00,1178845184,0,0
64.9688,200814592,377.0100,369.09,0,0,1,46.14,0.00,1178845184,0,0
64.9797,200814592,377.0900,737.62,0,0,1,103.73,0.00,1178845184,0,0
64.9907,200814592,377.1300,361.92,0,0,1,45.24,0.00,1178845184,0,0
65.0014,200814592,377.1700,375.27,0,0,1,46.91,0.00,1178845184,0,0
65.0123,200814592,377.2100,366.45,0,0,1,45.81,0.00,1178845184,0,0
65.0232,200814592,377.2500,367.81,0,0,1,45.98,0.00,1178845184,0,0
65.0339,200814592,377.2900,373.83,0,0,1,46.73,0.00,1178845184,0,0
65.0446,200814592,377.3300,371.66,0,0,1,46.46,0.00,1178845184,0,0
65.0554,200814592,377.3700,372.68,0,0,1,46.59,0.00,1178845184,0,0
65.0660,200814592,377.4100,376.58,0,0,1,47.07,0.00,1178845184,0,0
65.0766,200814592,377.4500,376.24,0,0,1,47.03,0.00,1178845184,0,0
65.0872,200814592,377.4900,376.98,0,0,1,47.12,0.00,1178845184,0,0
65.0980,200814592,377.5300,369.96,0,0,1,46.25,0.00,1178845184,0,0
65.1088,200814592,377.5700,371.83,0,0,1,46.48,0.00,1178845184,0,0
65.1194,200814592,377.6500,752.69,0,0,1,94.09,0.00,1178845184,0,0
65.1301,200814592,377.6900,373.83,0,0,1,46.73,0.00,1178845184,0,0
65.1413,200814592,377.7300,357.76,0,0,1,44.72,0.00,1178845184,0,0
65.1520,200814592,377.7700,373.99,0,0,1,46.75,0.00,1178845184,0,0
65.1627,200814592,377.8100,372.23,0,0,1,46.53,0.00,1178845184,0,0
65.1735,200814592,377.8500,371.90,0,0,1,46.49,0.00,1178845184,0,0
65.1841,200814592,377.8900,375.77,0,0,1,46.97,0.00,1178845184,0,0
65.1948,200814592,377.9300,374.74,0,0,1,46.84,0.00,1178845184,0,0
65.2058,200814592,377.9700,363.56,0,0,1,45.45,0.00,1178845184,0,0
65.2166,200814592,378.0100,370.10,0,0,1,46.26,0.00,1178845184,0,0
65.2274,200814592,378.0500,371.77,0,0,1,46.47,0.00,1178845184,0,0
65.2380,200814592,378.0900,377.99,0,0,1,47.25,0.00,1178845184,0,0
65.2487,200814592,378.1300,374.06,0,0,1,46.76,0.00,1178845184,0,0
65.2593,200814592,378.2100,748.23,0,0,1,93.53,0.00,1178845184,0,0
65.2700,200814592,378.2500,374.25,0,0,1,58.48,0.00,1178845184,0,0
65.2809,200814592,378.2900,369.16,0,0,1,46.15,0.00,1178845184,0,0
65.2917,200814592,378.3300,369.62,0,0,1,46.20,0.00,1178845184,0,0
65.3025,200814592,378.3700,368.54,0,0,1,46.07,0.00,1178845184,0,0
65.3146,200814592,378.4100,332.22,0,0,1,41.53,0.00,1178845184,0,0
65.3255,200814592,378.4500,366.22,0,0,1,45.78,0.00,1178845184,0,0
65.3361,200814592,378.4900,378.22,0,0,1,47.28,0.00,1178845184,0,0
65.3469,200814592,378.5300,369.51,0,0,1,46.19,0.00,1178845184,0,0
65.3580,200814592,378.5700,361.40,0,0,1,45.18,0.00,1178845184,0,0
65.3686,200814592,378.6100,376.54,0,0,1,47.07,0.00,1178845184,0,0
65.3796,200814592,378.6900,729.90,0,0,1,102.64,0.00,1178845184,0,0
65.3907,200814592,378.7400,447.62,0,0,1,44.76,0.00,1178845184,0,0
65.4014,200814592,378.7700,281.14,0,0,1,46.86,0.00,1178845184,0,0
65.4121,200814592,378.8100,375.56,0,0,1,46.95,0.00,1178845184,0,0
65.4230,200814592,378.8500,365.28,0,0,1,45.66,0.00,1178845184,0,0
65.4339,200814592,378.8900,367.57,0,0,1,45.95,0.00,1178845184,0,0
65.4447,200814592,378.9300,369.99,0,0,1,46.25,0.00,1178845184,0,0
65.4554,200814592,378.9700,372.15,0,0,1,46.52,0.00,1178845184,0,0
65.4663,200814592,379.0100,368.42,0,0,1,46.05,0.00,1178845184,0,0
65.4772,200814592,379.0500,366.88,0,0,1,45.86,0.00,1178845184,0,0
65.4880,200814592,379.0900,371.99,0,0,1,46.50,0.00,1178845184,0,0
65.4988,200814592,379.1300,370.47,0,0,1,46.31,0.00,1178845184,0,0
65.5097,200814592,379.2100,728.28,0,0,1,102.41,0.00,1178845184,0,0
65.5207,200814592,379.2500,365.58,0,0,1,45.70,0.00,1178845184,0,0
65.5313,200814592,379.2900,375.07,0,0,1,46.88,0.00,1178845184,0,0
65.5422,200814592,379.3300,367.98,0,0,1,46.00,0.00,1178845184,0,0
65.5529,200814592,379.3700,373.63,0,0,1,46.70,0.00,1178845184,0,0
65.5638,200814592,379.4100,366.82,0,0,1,45.85,0.00,1178845184,0,0
65.5747,200814592,379.4500,366.49,0,0,1,45.81,0.00,1178845184,0,0
65.5855,200814592,379.4900,372.63,0,0,1,46.58,0.00,1178845184,0,0
65.5964,200814592,379.5300,366.97,0,0,1,45.87,0.00,1178845184,0,0
65.6079,200814592,379.5700,346.95,0,0,1,43.37,0.00,1178845184,0,0
65.6189,200814592,379.6100,363.94,0,0,1,45.49,0.00,1178845184,0,0
65.6300,200814592,379.6900,721.04,0,0,1,101.40,0.00,1178845184,0,0
65.6412,200814592,379.7300,355.61,0,0,1,44.45,0.00,1178845184,0,0
65.6521,200814592,379.7700,368.45,0,0,1,46.06,0.00,1178845184,0,0
65.6628,200814592,379.8100,372.55,0,0,1,46.57,0.00,1178845184,0,0
65.6740,200814592,379.8500,358.94,0,0,1,44.87,0.00,1178845184,0,0
65.6850,200814592,379.8900,362.91,0,0,1,45.36,0.00,1178845184,0,0
65.6957,200814592,379.9300,372.78,0,0,1,46.60,0.00,1178845184,0,0
65.7068,200814592,379.9700,362.27,0,0,1,45.28,0.00,1178845184,0,0
65.7174,200814592,380.0100,375.67,0,0,1,46.96,0.00,1178845184,0,0
65.7282,200814592,380.0500,370.14,0,0,1,46.27,0.00,1178845184,0,0
65.7391,200814592,380.0900,368.26,0,0,1,103.57,0.00,1178845184,0,0
65.7497,200814592,380.1700,750.49,0,0,1,46.91,0.00,1178845184,0,0
65.7603,200814592,380.2100,378.15,0,0,1,47.27,0.00,1178845184,0,0
65.7711,200814592,380.2500,372.38,0,0,1,46.55,0.00,1178845184,0,0
65.7817,200814592,380.2900,376.28,0,0,1,47.04,0.00,1178845184,0,0
65.7924,200814592,380.3300,373.28,0,0,1,46.66,0.00,1178845184,0,0
65.8032,200814592,380.3700,370.25,0,0,1,46.28,0.00,1178845184,0,0
65.8141,200814592,380.4100,367.53,0,0,1,45.94,0.00,1178845184,0,0
65.8249,200814592,380.4500,369.58,0,0,1,46.20,0.00,1178845184,0,0
65.8357,200814592,380.4900,372.53,0,0,1,46.57,0.00,1178845184,0,0
65.8465,200814592,380.5300,370.24,0,0,1,46.28,0.00,1178845184,0,0
65.8577,200814592,380.5700,356.08,0,0,1,44.51,0.00,1178845184,0,0
65.8684,200814592,380.6100,374.29,0,0,1,46.79,0.00,1178845184,0,0
65.8791,200814592,380.6900,745.82,0,0,1,104.88,0.00,1178845184,0,0
65.8901,200814592,380.7300,364.83,0,0,1,45.60,0.00,1178845184,0,0
65.9008,200814592,380.7700,371.90,0,0,1,46.49,0.00,1178845184,0,0
65.9115,200814592,380.8100,373.14,0,0,1,46.64,0.00,1178845184,0,0
65.9225,200814592,380.8500,366.19,0,0,1,45.77,0.00,1178845184,0,0
65.9335,200814592,380.8900,363.66,0,0,1,45.46,0.00,1178845184,0,0
65.9443,200814592,380.9300,368.58,0,0,1,46.07,0.00,1178845184,0,0
65.9552,200814592,380.9700,367.23,0,0,1,45.90,0.00,1178845184,0,0
65.9660,200814592,381.0100,371.35,0,0,1,46.42,0.00,1178845184,0,0
65.9767,200814592,381.0500,372.14,0,0,1,58.15,0.00,1178845184,0,0
65.9875,200814592,381.0900,371.93,0,0,1,46.49,0.00,1178845184,0,0
65.9982,200814592,381.1300,371.88,0,0,1,46.49,0.00,1178845184,0,0
66.0090,200814592,381.1700,370.53,0,0,1,104.21,0.00,1178845184,0,0
66.0198,200814592,381.2500,745.57,0,0,1,46.60,0.00,1178845184,0,0
66.0306,200814592,381.2900,368.12,0,0,1,46.01,0.00,1178845184,0,0
66.0414,200814592,381.3300,370.68,0,0,1,46.34,0.00,1178845184,0,0
66.0523,200814592,381.3700,367.38,0,0,1,45.92,0.00,1178845184,0,0
66.0632,200814592,381.4100,368.31,0,0,1,46.04,0.00,1178845184,0,0
66.0743,200814592,381.4500,358.77,0,0,1,44.85,0.00,1178845184,0,0
66.0850,200814592,381.4900,373.62,0,0,1,46.70,0.00,1178845184,0,0
66.0958,200814592,381.5300,373.12,0,0,1,46.64,0.00,1178845184,0,0
66.1069,200814592,381.5700,359.74,0,0,1,44.97,0.00,1178845184,0,0
66.1179,200814592,381.6100,361.50,0,0,1,45.19,0.00,1178845184,0,0
66.1287,200814592,381.6500,370.82,0,0,1,46.35,0.00,1178845184,0,0
66.1397,200814592,381.7300,730.97,0,0,1,102.79,0.00,1178845184,0,0
66.1503,200814592,381.7700,376.30,0,0,1,47.04,0.00,1178845184,0,0
66.1609,200814592,381.8100,376.36,0,0,1,47.05,0.00,1178845184,0,0
66.1716,200814592,381.8500,373.56,0,0,1,46.69,0.00,1178845184,0,0
66.1824,200814592,381.8900,372.99,0,0,1,46.62,0.00,1178845184,0,0
66.1929,200814592,381.9300,378.21,0,0,1,47.28,0.00,1178845184,0,0
66.2038,200814592,381.9700,368.64,0,0,1,46.08,0.00,1178845184,0,0
66.2145,200814592,382.0100,373.44,0,0,1,46.68,0.00,1178845184,0,0
66.2253,200814592,382.0500,370.49,0,0,1,46.31,0.00,1178845184,0,0
66.2361,200814592,382.0900,371.58,0,0,1,46.45,0.00,1178845184,0,0
66.2470,200814592,382.1300,367.04,0,0,1,45.88,0.00,1178845184,0,0
66.2577,200814592,382.1700,373.24,0,0,1,46.65,0.00,1178845184,0,0
66.2684,200814592,382.2100,374.00,0,0,1,46.75,0.00,1178845184,0,0
66.2792,200814592,382.2900,740.35,0,0,1,104.11,0.00,1178845184,0,0
66.2902,200814592,382.3300,361.21,0,0,1,45.15,0.00,1178845184,0,0
66.3008,200814592,382.3700,377.49,0,0,1,47.19,0.00,1178845184,0,0
66.3114,200814592,382.4100,378.35,0,0,1,47.29,0.00,1178845184,0,0
66.3221,200814592,382.4500,373.51,0,0,1,46.69,0.00,1178845184,0,0
66.3329,200814592,382.4900,371.12,0,0,1,46.39,0.00,1178845184,0,0
66.3436,200814592,382.5300,372.87,0,0,1,46.61,0.00,1178845184,0,0
66.3542,200814592,382.5700,377.52,0,0,1,47.19,0.00,1178845184,0,0
66.3649,200814592,382.6100,375.06,0,0,1,46.88,0.00,1178845184,0,0
66.3757,200814592,382.6500,370.61,0,0,1,57.91,0.00,1178845184,0,0
66.3865,200814592,382.6900,369.84,0,0,1,57.79,0.00,1178845184,0,0
66.3974,200814592,382.7300,368.39,0,0,1,46.05,0.00,1178845184,0,0
66.4084,200814592,382.7700,363.69,0,0,1,45.46,0.00,1178845184,0,0
66.4192,200814592,382.8500,739.16,0,0,1,103.94,0.00,1178845184,0,0
66.4303,200814592,382.8900,360.51,0,0,1,45.06,0.00,1178845184,0,0
66.4411,200814592,382.9300,371.01,0,0,1,46.38,0.00,1178845184,0,0
66.4517,200814592,382.9700,375.19,0,0,1,46.90,0.00,1178845184,0,0
66.4627,200814592,383.0100,364.42,0,0,1,45.55,0.00,1178845184,0,0
66.4742,200814592,383.0500,346.91,0,0,1,43.36,0.00,1178845184,0,0
66.4849,200814592,383.0900,376.13,0,0,1,47.02,0.00,1178845184,0,0
66.4956,200814592,383.1300,371.93,0,0,1,46.49,0.00,1178845184,0,0
66.5070,200814592,383.1700,351.54,0,0,1,43.94,0.00,1178845184,0,0
66.5177,200814592,383.2100,373.76,0,0,1,46.72,0.00,1178845184,0,0
66.5284,200814592,383.2500,373.55,0,0,1,46.69,0.00,1178845184,0,0
66.5393,200814592,383.3300,735.74,0,0,1,103.46,0.00,1178845184,0,0
66.5500,200814592,383.3700,372.16,0,0,1,46.52,0.00,1178845184,0,0
66.5608,200814592,383.4100,371.29,0,0,1,46.41,0.00,1178845184,0,0
66.5715,200814592,383.4500,373.83,0,0,1,46.73,0.00,1178845184,0,0
66.5823,200814592,383.4900,370.64,0,0,1,46.33,0.00,1178845184,0,0
66.5929,200814592,383.5300,376.80,0,0,1,47.10,0.00,1178845184,0,0
66.6038,200814592,383.5700,366.06,0,0,1,45.76,0.00,1178845184,0,0
66.6146,200814592,383.6100,370.09,0,0,1,46.26,0.00,1178845184,0,0
66.6255,200814592,383.6500,369.72,0,0,1,46.21,0.00,1178845184,0,0
66.6362,200814592,383.6900,373.09,0,0,1,46.64,0.00,1178845184,0,0
66.6469,201084928,383.7400,465.38,0,0,1,46.54,0.00,1179045888,0,0
66.6577,201084928,383.7700,277.68,0,0,1,34.71,0.00,1179045888,0,0
66.6684,201084928,383.8000,279.89,0,0,1,46.65,0.00,1179045888,0,0
66.6795,201084928,383.8600,543.86,0,0,1,90.64,0.00,1179045888,0,0
66.6908,201355264,383.8800,176.81,0,0,1,22.10,0.00,1179303936,0,0
66.7014,201355264,383.9000,188.40,0,0,1,23.55,0.00,1179303936,0,0
66.7124,201895936,383.9200,181.54,0,0,1,22.69,0.00,1179820032,0,0
66.7245,202166272,383.9500,249.09,0,0,1,31.14,0.00,1180078080,0,0
66.7355,202166272,383.9800,272.25,0,0,1,22.69,0.00,1180078080,0,0
66.7471,202166272,383.9900,85.95,0,0,1,10.74,0.00,1180078080,0,0
66.7695,203517952,384.1400,671.55,0,0,1,111.92,0.00,1181110272,0,0
66.7862,203517952,384.2300,537.42,0,0,1,59.71,0.00,1181110272,0,0
66.7994,203517952,384.3600,985.31,0,0,1,132.64,0.00,1181110272,0,0
66.8103,203517952,384.4500,827.28,0,0,1,103.41,0.00,1181110272,0,0
66.8210,203517952,384.5400,836.42,0,0,1,104.55,0.00,1181110272,0,0
66.8375,203517952,384.6200,484.58,0,0,1,60.57,0.00,1181110272,0,0
66.8484,203517952,384.7000,733.84,0,0,1,91.73,0.00,1181110272,0,0
66.8594,203517952,384.8300,1187.09,0,0,1,171.22,0.00,1181110272,0,0
66.8703,203517952,384.9100,734.61,0,0,1,80.35,0.00,1181110272,0,0
66.8812,203517952,385.0000,824.77,0,0,1,103.10,0.00,1181110272,0,0
66.8921,203517952,385.0800,732.80,0,0,1,91.60,0.00,1181110272,0,0
66.9030,203517952,385.1700,827.78,0,0,1,103.47,0.00,1181110272,0,0
66.9144,203517952,385.2500,700.28,0,0,1,87.54,0.00,1181110272,0,0
66.9254,203517952,385.3300,729.26,0,0,1,91.16,0.00,1181110272,0,0
66.9362,203517952,385.4100,740.20,0,0,1,92.52,0.00,1181110272,0,0
66.9527,203517952,385.5600,908.12,0,0,1,121.08,0.00,1181110272,0,0
66.9637,203517952,385.6400,727.49,0,0,1,90.94,0.00,1181110272,0,0
66.9744,203517952,385.7200,744.87,0,0,1,93.11,0.00,1181110272,0,0
66.9852,203517952,385.8100,835.85,0,0,1,92.87,0.00,1181110272,0,0
66.9962,203517952,385.8800,636.65,0,0,1,90.95,0.00,1181110272,0,0
67.0075,203517952,385.9700,794.11,0,0,1,88.23,0.00,1181110272,0,0
67.0182,203517952,386.0500,748.60,0,0,1,93.57,0.00,1181110272,0,0
67.0315,203517952,386.2000,1126.19,0,0,1,150.16,0.00,1181110272,0,0
67.0423,203517952,386.2800,745.61,0,0,1,93.20,0.00,1181110272,0,0
67.0530,203517952,386.3600,748.42,0,0,1,93.55,0.00,1181110272,0,0
67.0638,203517952,386.4400,740.47,0,0,1,92.56,0.00,1181110272,0,0
67.0745,203517952,386.5200,744.83,0,0,1,93.10,0.00,1181110272,0,0
67.0853,203517952,386.6000,743.19,0,0,1,92.90,0.00,1181110272,0,0
67.0961,203517952,386.6800,740.62,0,0,1,92.58,0.00,1181110272,0,0
67.1072,203517952,386.7600,720.02,0,0,1,90.00,0.00,1181110272,0,0
67.1180,203517952,386.8400,741.71,0,0,1,92.71,0.00,1181110272,0,0
67.1288,203517952,386.9200,736.65,0,0,1,149.63,0.00,1181110272,0,0
67.1399,203517952,387.0600,1269.66,0,0,1,113.36,0.00,1181110272,0,0
67.1506,203517952,387.1500,840.60,0,0,1,105.07,0.00,1181110272,0,0
67.1613,203517952,387.2300,745.83,0,0,1,93.23,0.00,1181110272,0,0
67.1720,203517952,387.3100,747.00,0,0,1,93.38,0.00,1181110272,0,0
67.1827,203517952,387.3900,745.72,0,0,1,93.21,0.00,1181110272,0,0
67.1935,203517952,387.4700,744.96,0,0,1,93.12,0.00,1181110272,0,0
67.2043,203517952,387.5500,741.76,0,0,1,92.72,0.00,1181110272,0,0
67.2151,203517952,387.6300,735.90,0,0,1,91.99,0.00,1181110272,0,0
67.2260,203517952,387.7100,736.66,0,0,1,92.08,0.00,1181110272,0,0
67.2367,203517952,387.7900,745.38,0,0,1,93.17,0.00,1181110272,0,0
67.2475,203517952,387.8700,743.20,0,0,1,92.90,0.00,1181110272,0,0
67.2593,203517952,388.0100,1185.93,0,0,1,158.83,0.00,1181110272,0,0
67.2700,203517952,388.1000,841.81,0,0,1,105.23,0.00,1181110272,0,0
67.2807,203517952,388.1800,744.05,0,0,1,93.01,0.00,1181110272,0,0
67.2915,203517952,388.2600,743.41,0,0,1,92.93,0.00,1181110272,0,0
67.3023,203517952,388.3400,742.00,0,0,1,92.75,0.00,1181110272,0,0
67.3130,203517952,388.4200,743.51,0,0,1,92.94,0.00,1181110272,0,0
67.3239,203517952,388.5000,736.74,0,0,1,92.09,0.00,1181110272,0,0
67.3347,203517952,388.5800,741.24,0,0,1,92.66,0.00,1181110272,0,0
67.3455,203517952,388.6600,741.74,0,0,1,92.72,0.00,1181110272,0,0
67.3564,203517952,388.7400,730.16,0,0,1,91.27,0.00,1181110272,0,0
67.3671,203517952,388.8200,748.63,0,0,1,93.58,0.00,1181110272,0,0
67.3779,203517952,388.9000,741.93,0,0,1,92.74,0.00,1181110272,0,0
67.3913,203517952,389.0500,1122.30,0,0,1,149.64,0.00,1181110272,0,0
67.4020,203517952,389.1300,741.88,0,0,1,92.74,0.00,1181110272,0,0
67.4129,203517952,389.2100,739.63,0,0,1,92.45,0.00,1181110272,0,0
67.4236,203517952,389.2900,742.15,0,0,1,92.77,0.00,1181110272,0,0
67.4344,203517952,389.3700,744.16,0,0,1,93.02,0.00,1181110272,0,0
67.4474,203517952,389.4500,615.69,0,0,1,76.96,0.00,1181110272,0,0
67.4582,203517952,389.5300,737.28,0,0,1,92.16,0.00,1181110272,0,0
67.4690,203517952,389.6100,742.53,0,0,1,174.03,0.00,1181110272,0,0
67.4798,203517952,389.7500,1296.03,0,0,1,92.57,0.00,1181110272,0,0
67.4906,203517952,389.8300,744.68,0,0,1,93.08,0.00,1181110272,0,0
67.5012,203517952,389.9200,842.23,0,0,1,105.28,0.00,1181110272,0,0
67.5141,203517952,390.0000,619.83,0,0,1,77.48,0.00,1181110272,0,0
67.5250,203517952,390.0800,735.93,0,0,1,91.99,0.00,1181110272,0,0
67.5358,203517952,390.1600,742.56,0,0,1,92.82,0.00,1181110272,0,0
67.5466,203517952,390.2400,738.11,0,0,1,92.26,0.00,1181110272,0,0
67.5574,203517952,390.3200,742.12,0,0,1,92.77,0.00,1181110272,0,0
67.5682,203517952,390.4000,739.35,0,0,1,92.42,0.00,1181110272,0,0
67.5793,203517952,390.5300,1175.63,0,0,1,158.26,0.00,1181110272,0,0
67.5901,203517952,390.6300,925.04,0,0,1,115.63,0.00,1181110272,0,0
67.6008,203517952,390.7100,747.30,0,0,1,93.41,0.00,1181110272,0,0
67.6118,203517952,390.7900,727.49,0,0,1,90.94,0.00,1181110272,0,0
67.6230,203517952,390.8700,716.16,0,0,1,89.52,0.00,1181110272,0,0
67.6338,203517952,390.9500,736.71,0,0,1,92.09,0.00,1181110272,0,0
67.6447,203517952,391.0300,736.32,0,0,1,92.04,0.00,1181110272,0,0
67.6554,203517952,391.1100,744.41,0,0,1,93.05,0.00,1181110272,0,0
67.6675,203517952,391.1900,664.50,0,0,1,83.06,0.00,1181110272,0,0
67.6787,203517952,391.2700,712.18,0,0,1,89.02,0.00,1181110272,0,0
67.6897,203517952,391.4100,1280.32,0,0,1,171.47,0.00,1181110272,0,0
67.7004,203517952,391.4900,741.15,0,0,1,92.64,0.00,1181110272,0,0
67.7125,203517952,391.5800,748.69,0,0,1,93.59,0.00,1181110272,0,0
67.7233,203517952,391.6600,736.50,0,0,1,92.06,0.00,1181110272,0,0
67.7342,203517952,391.7400,737.66,0,0,1,92.21,0.00,1181110272,0,0
67.7475,203517952,391.8200,600.30,0,0,1,75.04,0.00,1181110272,0,0
67.7583,203517952,391.9000,739.99,0,0,1,92.50,0.00,1181110272,0,0
67.7693,203517952,392.0500,1359.98,0,0,1,181.33,0.00,1181110272,0,0
67.7802,203517952,392.1300,733.92,0,0,1,80.27,0.00,1181110272,0,0
67.7910,203517952,392.2100,740.41,0,0,1,104.12,0.00,1181110272,0,0
67.8019,203517952,392.2900,736.62,0,0,1,92.08,0.00,1181110272,0,0
67.8139,203517952,392.3700,664.90,0,0,1,83.11,0.00,1181110272,0,0
67.8248,203517952,392.4600,831.85,0,0,1,92.43,0.00,1181110272,0,0
67.8355,203517952,392.5300,649.09,0,0,1,92.73,0.00,1181110272,0,0
67.8464,203517952,392.6100,734.11,0,0,1,91.76,0.00,1181110272,0,0
67.8572,203517952,392.6900,745.23,0,0,1,93.15,0.00,1181110272,0,0
67.8679,203517952,392.7800,840.41,0,0,1,93.38,0.00,1181110272,0,0
67.8788,203517952,392.8500,643.39,0,0,1,91.91,0.00,1181110272,0,0
67.8897,203517952,392.9900,1280.38,0,0,1,171.48,0.00,1181110272,0,0
67.9005,203517952,393.0800,835.60,0,0,1,104.45,0.00,1181110272,0,0
67.9115,203517952,393.1600,726.17,0,0,1,90.77,0.00,1181110272,0,0
67.9233,203517952,393.2400,676.29,0,0,1,84.54,0.00,1181110272,0,0
67.9341,203517952,393.3200,739.22,0,0,1,92.40,0.00,1181110272,0,0
67.9452,203517952,393.4000,722.72,0,0,1,90.34,0.00,1181110272,0,0
67.9591,203517952,393.5500,1076.38,0,0,1,143.52,0.00,1181110272,0,0
67.9699,203517952,393.6300,745.03,0,0,1,93.13,0.00,1181110272,0,0
67.9806,203517952,393.7000,651.58,0,0,1,81.45,0.00,1181110272,0,0
67.9914,203517952,393.7900,833.28,0,0,1,104.16,0.00,1181110272,0,0
68.0022,203517952,393.8700,743.50,0,0,1,92.94,0.00,1181110272,0,0
68.0130,203517952,393.9500,737.87,0,0,1,92.23,0.00,1181110272,0,0
68.0237,203517952,394.0300,745.89,0,0,1,93.24,0.00,1181110272,0,0
68.0344,203517952,394.1200,843.56,0,0,1,93.73,0.00,1181110272,0,0
68.0454,203517952,394.2000,725.99,0,0,1,90.75,0.00,1181110272,0,0
68.0563,203517952,394.2900,826.06,0,0,1,91.78,0.00,1181110272,0,0
68.0671,203517952,394.3600,650.72,0,0,1,92.96,0.00,1181110272,0,0
68.0786,203517952,394.4400,696.83,0,0,1,152.43,0.00,1181110272,0,0
68.0898,203517952,394.5700,1161.52,0,0,1,100.52,0.00,1181110272,0,0
68.1005,203517952,394.6600,836.43,0,0,1,104.55,0.00,1181110272,0,0
68.1127,203517952,394.7400,654.46,0,0,1,81.81,0.00,1181110272,0,0
68.1236,203517952,394.8200,735.98,0,0,1,92.00,0.00,1181110272,0,0
68.1344,203517952,394.9000,742.37,0,0,1,92.80,0.00,1181110272,0,0
68.1452,203517952,394.9900,831.86,0,0,1,92.43,0.00,1181110272,0,0
68.1570,203517952,395.0700,681.32,0,0,1,85.17,0.00,1181110272,0,0
68.1677,203517952,395.1500,746.04,0,0,1,93.26,0.00,1181110272,0,0
68.1786,203517952,395.2300,733.32,0,0,1,91.67,0.00,1181110272,0,0
68.1895,203517952,395.3700,1283.91,0,0,1,171.95,0.00,1181110272,0,0
68.2003,203517952,395.4400,647.45,0,0,1,104.05,0.00,1181110272,0,0
68.2112,203517952,395.5300,828.80,0,0,1,92.09,0.00,1181110272,0,0
68.2222,203517952,395.6200,813.17,0,0,1,90.35,0.00,1181110272,0,0
68.2348,203517952,395.7000,635.32,0,0,1,79.42,0.00,1181110272,0,0
68.2457,203517952,395.7800,738.66,0,0,1,92.33,0.00,1181110272,0,0
68.2566,203517952,395.8500,642.21,0,0,1,91.74,0.00,1181110272,0,0
68.2674,203517952,395.9400,826.98,0,0,1,91.89,0.00,1181110272,0,0
68.2814,203517952,396.0900,1070.72,0,0,1,142.76,0.00,1181110272,0,0
68.2923,203517952,396.1700,738.98,0,0,1,92.37,0.00,1181110272,0,0
68.3034,203517952,396.2500,715.80,0,0,1,89.48,0.00,1180938240,0,0
68.3145,203517952,396.3300,726.64,0,0,1,90.83,0.00,1180938240,0,0
68.3252,203517952,396.4100,742.30,0,0,1,92.79,0.00,1180938240,0,0
68.3359,203517952,396.4900,747.90,0,0,1,93.49,0.00,1180938240,0,0
68.3468,203517952,396.5800,831.57,0,0,1,92.40,0.00,1180938240,0,0
68.3576,203517952,396.6500,647.18,0,0,1,92.45,0.00,1180938240,0,0
68.3685,203517952,396.7300,730.77,0,0,1,91.35,0.00,1180938240,0,0
68.3795,203517952,396.8500,1091.79,0,0,1,159.22,0.00,1180938240,0,0
68.3904,203517952,396.9600,1014.15,0,0,1,115.24,0.00,1180938240,0,0
68.4092,203517952,397.1000,744.55,0,0,1,99.72,0.00,1180938240,0,0
68.4206,203517952,397.1900,787.84,0,0,1,98.48,0.00,1180938240,0,0
68.4315,203517952,397.2700,735.74,0,0,1,91.97,0.00,1180938240,0,0
68.4423,203517952,397.3500,736.69,0,0,1,92.09,0.00,1180938240,0,0
68.4531,203517952,397.4300,742.89,0,0,1,92.86,0.00,1180938240,0,0
68.4648,203517952,397.5100,680.30,0,0,1,85.04,0.00,1180938240,0,0
68.4764,203517952,397.5900,689.92,0,0,1,86.24,0.00,1180938240,0,0
68.4871,203517952,397.6700,747.28,0,0,1,93.41,0.00,1180938240,0,0
68.4981,203517952,397.7500,728.43,0,0,1,91.05,0.00,1180938240,0,0
68.5089,203517952,397.8300,740.42,0,0,1,92.55,0.00,1180938240,0,0
68.5197,203517952,397.9700,1300.50,0,0,1,174.17,0.00,1180938240,0,0
68.5305,203517952,398.0500,743.56,0,0,1,92.95,0.00,1180938240,0,0
68.5413,203517952,398.1300,735.29,0,0,1,91.91,0.00,1180938240,0,0
68.5522,203517952,398.2200,831.38,0,0,1,103.92,0.00,1180938240,0,0
68.5634,203517952,398.3000,709.34,0,0,1,88.67,0.00,1180938240,0,0
68.5742,203517952,398.3800,742.89,0,0,1,92.86,0.00,1180938240,0,0
68.5850,203517952,398.4600,741.87,0,0,1,92.73,0.00,1180938240,0,0
68.5958,203517952,398.5400,739.99,0,0,1,92.50,0.00,1180938240,0,0
68.6067,203517952,398.6300,823.33,0,0,1,91.48,0.00,1180938240,0,0
68.6176,203517952,398.7100,733.20,0,0,1,91.65,0.00,1180938240,0,0
68.6286,203517952,398.7800,637.43,0,0,1,91.06,0.00,1180938240,0,0
68.6398,203517952,398.9200,1258.16,0,0,1,168.50,0.00,1180938240,0,0
68.6506,203517952,399.0000,740.53,0,0,1,92.57,0.00,1180938240,0,0
68.6614,203517952,399.0900,827.12,0,0,1,103.39,0.00,1180938240,0,0
68.6722,203517952,399.1700,740.32,0,0,1,92.54,0.00,1180938240,0,0
68.6830,203517952,399.2500,740.32,0,0,1,92.54,0.00,1180938240,0,0
68.6939,203517952,399.3300,736.81,0,0,1,92.10,0.00,1180938240,0,0
68.7053,203517952,399.4100,703.44,0,0,1,87.93,0.00,1180938240,0,0
68.7160,203517952,399.4900,746.14,0,0,1,93.27,0.00,1180938240,0,0
68.7268,203517952,399.5700,738.87,0,0,1,92.36,0.00,1180938240,0,0
68.7399,203517952,399.7100,1072.77,0,0,1,143.67,0.00,1180938240,0,0
68.7506,203517952,399.7900,746.90,0,0,1,93.36,0.00,1180938240,0,0
68.7619,203517952,399.8800,792.66,0,0,1,99.08,0.00,1180938240,0,0
68.7728,203517952,399.9600,736.08,0,0,1,92.01,0.00,1180938240,0,0
68.7838,203517952,400.0400,727.25,0,0,1,90.91,0.00,1180938240,0,0
68.7948,203517952,400.1200,731.24,0,0,1,91.41,0.00,1180938240,0,0
68.8059,203517952,400.2000,719.80,0,0,1,89.97,0.00,1180938240,0,0
68.8167,203517952,400.2800,740.59,0,0,1,92.57,0.00,1180938240,0,0
68.8276,203517952,400.3600,733.40,0,0,1,91.68,0.00,1180938240,0,0
68.8386,203517952,400.4400,724.53,0,0,1,90.57,0.00,1180938240,0,0
68.8494,203517952,400.5800,1295.95,0,0,1,185.14,0.00,1180938240,0,0
68.8602,203517952,400.6700,835.06,0,0,1,92.78,0.00,1180938240,0,0
68.8711,203517952,400.7400,644.58,0,0,1,80.57,0.00,1180938240,0,0
68.8818,203517952,400.8300,834.87,0,0,1,104.36,0.00,1180938240,0,0
68.8926,203517952,400.9100,742.92,0,0,1,92.87,0.00,1180938240,0,0
68.9034,203517952,400.9900,741.23,0,0,1,92.65,0.00,1180938240,0,0
68.9142,203517952,401.0700,738.13,0,0,1,92.27,0.00,1180938240,0,0
68.9250,203517952,401.1500,741.00,0,0,1,92.63,0.00,1180938240,0,0
68.9357,203517952,401.2300,751.66,0,0,1,93.96,0.00,1180938240,0,0
68.9465,203517952,401.3100,738.87,0,0,1,92.36,0.00,1180938240,0,0
68.9573,203522048,401.4200,1020.35,0,0,1,92.76,0.00,1185132544,0,0
68.9684,203522048,401.4700,449.26,0,0,1,89.85,0.00,1185132544,0,0
68.9822,203522048,401.6100,1015.44,0,0,1,136.00,0.00,1185132544,0,0
69.0000,203522048,401.7500,784.47,0,0,1,112.07,0.00,1186623488,0,0
69.0170,203522048,401.8400,531.59,0,0,1,66.45,0.00,1186623488,0,0
69.0282,203522048,401.9200,713.91,0,0,1,89.24,0.00,1186623488,0,0
69.0393,203522048,402.0300,992.89,0,0,1,146.68,0.00,1186623488,0,0
69.0524,203522048,402.1400,839.59,0,0,1,104.95,0.00,1186623488,0,0
69.0634,203522048,402.2200,727.58,0,0,1,90.95,0.00,1186623488,0,0
69.0760,203522048,402.3100,713.83,0,0,1,79.31,0.00,1186623488,0,0
69.0868,203522048,402.3800,645.58,0,0,1,92.23,0.00,1186623488,0,0
69.0982,203522048,402.4600,703.61,0,0,1,87.95,0.00,1186623488,0,0
69.1091,203522048,402.5900,1189.32,0,0,1,160.10,0.00,1186623488,0,0
69.1201,203522048,402.6900,912.67,0,0,1,114.08,0.00,1186623488,0,0
69.1311,203522048,402.7500,546.23,0,0,1,68.28,0.00,1186623488,0,0
69.1424,203522048,402.8500,883.44,0,0,1,110.43,0.00,1186623488,0,0
69.1534,203522048,402.9200,632.65,0,0,1,90.38,0.00,1190817792,0,0
69.1645,203522048,403.0000,724.96,0,0,1,90.62,0.00,1190817792,0,0
69.1755,203522048,403.0900,814.92,0,0,1,90.55,0.00,1190817792,0,0
69.1867,203522048,403.1700,713.44,0,0,1,89.18,0.00,1190817792,0,0
69.1978,203522048,403.2400,634.89,0,0,1,90.70,0.00,1190817792,0,0
69.2088,203522048,403.3900,1359.15,0,0,1,181.22,0.00,1190817792,0,0
69.2255,203522048,403.4700,477.67,0,0,1,59.71,0.00,1190817792,0,0
69.2364,203522048,403.5600,828.92,0,0,1,92.10,0.00,1190817792,0,0
69.2475,203522048,403.6300,628.72,0,0,1,89.82,0.00,1190817792,0,0
69.2585,203522048,403.7000,639.86,0,0,1,91.41,0.00,1190817792,0,0
69.2694,203522048,403.8400,1283.43,0,0,1,171.89,0.00,1190817792,0,0
69.2803,203522048,403.9200,730.36,0,0,1,91.29,0.00,1190817792,0,0
69.2911,203522048,404.0000,741.26,0,0,1,92.66,0.00,1190817792,0,0
69.3019,203522048,404.0900,838.38,0,0,1,104.80,0.00,1190817792,0,0
69.3128,203522048,404.1700,734.04,0,0,1,91.76,0.00,1190817792,0,0
69.3236,203522048,404.2500,739.91,0,0,1,92.49,0.00,1190817792,0,0
69.3346,203522048,404.3300,724.11,0,0,1,90.51,0.00,1190817792,0,0
69.3457,203522048,404.4100,720.71,0,0,1,90.09,0.00,1190817792,0,0
69.3565,203522048,404.4900,742.87,0,0,1,92.86,0.00,1190817792,0,0
69.3672,203522048,404.5700,746.52,0,0,1,93.32,0.00,1190817792,0,0
69.3803,203522048,404.7100,1068.43,0,0,1,143.09,0.00,1190817792,0,0
69.3911,203522048,404.8000,832.26,0,0,1,104.03,0.00,1190817792,0,0
69.4019,203522048,404.8800,743.75,0,0,1,92.97,0.00,1190817792,0,0
69.4128,203522048,404.9600,731.62,0,0,1,91.45,0.00,1190817792,0,0
69.4236,203522048,405.0500,830.39,0,0,1,92.27,0.00,1190817792,0,0
69.4344,203522048,405.1200,652.05,0,0,1,93.15,0.00,1190817792,0,0
69.4451,203522048,405.2000,748.74,0,0,1,93.59,0.00,1190817792,0,0
69.4558,203522048,405.2900,836.94,0,0,1,92.99,0.00,1190817792,0,0
69.4687,203522048,405.3700,621.43,0,0,1,77.68,0.00,1190817792,0,0
69.4798,203522048,405.4900,1079.36,0,0,1,146.16,0.00,1190817792,0,0
69.4933,203522048,405.6000,816.00,0,0,1,102.00,0.00,1190817792,0,0
69.5054,203522048,405.6800,663.42,0,0,1,145.12,0.00,1190817792,0,0
69.5296,203522048,405.8800,825.17,0,0,1,77.36,0.00,1190817792,0,0
69.5422,203522048,405.9800,790.49,0,0,1,98.81,0.00,1190817792,0,0
69.5572,203522048,406.0600,534.37,0,0,1,66.80,0.00,1190817792,0,0
69.5681,203522048,406.1400,733.90,0,0,1,91.74,0.00,1190817792,0,0
69.5822,203522048,406.2900,1065.77,0,0,1,142.10,0.00,1190817792,0,0
69.5975,203522048,406.3800,589.57,0,0,1,65.51,0.00,1190817792,0,0
69.6083,203522048,406.4600,736.86,0,0,1,92.11,0.00,1190817792,0,0
69.6192,203522048,406.5900,1198.35,0,0,1,172.84,0.00,1190817792,0,0
69.6302,203522048,406.6800,818.19,0,0,1,102.27,0.00,1190817792,0,0
69.6418,203522048,406.7500,599.64,0,0,1,85.66,0.00,1190817792,0,0
69.6550,203522048,406.8400,684.07,0,0,1,76.01,0.00,1190817792,0,0
69.6659,203522048,406.9200,731.56,0,0,1,91.44,0.00,1190817792,0,0
69.6811,203522048,407.0700,985.90,0,0,1,123.24,0.00,1190817792,0,0
69.6922,203522048,407.1500,722.22,0,0,1,90.28,0.00,1190817792,0,0
69.7153,203522048,407.3100,692.64,0,0,1,75.76,0.00,1190817792,0,0
69.7295,203522048,407.4400,918.17,0,0,1,123.60,0.00,1190817792,0,0
69.7406,203522048,407.5300,812.14,0,0,1,101.52,0.00,1190817792,0,0
69.7515,203522048,407.6300,912.80,0,0,1,114.10,0.00,1190817792,0,0
69.7644,203522048,407.7000,543.30,0,0,1,67.91,0.00,1190817792,0,0
69.7819,203522048,407.8400,798.90,0,0,1,121.26,0.00,1190817792,0,0
69.8016,203522048,407.9700,660.84,0,0,1,101.67,0.00,1190817792,0,0
69.8182,203522048,408.0900,720.85,0,0,1,112.63,0.00,1190817792,0,0
69.8369,203522048,408.2000,588.63,0,0,1,60.20,0.00,1190817792,0,0
69.8577,203522048,408.3400,674.03,0,0,1,96.29,0.00,1190817792,0,0
69.8687,203522048,408.4200,724.81,0,0,1,79.28,0.00,1190817792,0,0
69.8797,203522048,408.5400,1089.53,0,0,1,181.59,0.00,1190817792,0,0
69.8908,203522048,408.6100,636.16,0,0,1,90.88,0.00,1190817792,0,0
69.9048,203522048,408.7100,714.17,0,0,1,80.34,0.00,1190817792,0,0
69.9158,203522048,408.7900,721.54,0,0,1,90.19,0.00,1190817792,0,0
69.9302,203522048,408.9300,975.84,0,0,1,130.69,0.00,1190817792,0,0
69.9413,203522048,409.0100,720.83,0,0,1,90.10,0.00,1190817792,0,0
69.9523,203522048,409.1100,907.78,0,0,1,102.12,0.00,1190817792,0,0
69.9646,203522048,409.1800,567.63,0,0,1,81.09,0.00,1190817792,0,0
69.9764,203522048,409.2500,596.38,0,0,1,85.20,0.00,1190817792,0,0
69.9886,203522048,409.3200,571.50,0,0,1,81.64,0.00,1190817792,0,0
70.0002,203522048,409.4500,1123.09,0,0,1,161.98,0.00,1190817792,0,0
70.0117,203522048,409.5100,522.34,0,0,1,65.29,0.00,1190817792,0,0
70.0228,203522048,409.6000,810.44,0,0,1,112.56,0.00,1190817792,0,0
70.0360,203522048,409.6900,679.14,0,0,1,84.89,0.00,1190817792,0,0
70.0470,203522048,409.7700,731.80,0,0,1,91.47,0.00,1190817792,0,0
70.0579,203522048,409.8500,734.30,0,0,1,91.79,0.00,1190817792,0,0
70.0687,203522048,409.9300,739.61,0,0,1,92.45,0.00,1190817792,0,0
70.0804,203522048,410.0700,1191.01,0,0,1,159.51,0.00,1190817792,0,0
70.0912,203522048,410.1600,834.87,0,0,1,104.36,0.00,1190817792,0,0
70.1019,203522048,410.2400,749.18,0,0,1,93.65,0.00,1190817792,0,0
70.1128,203522048,410.3200,735.63,0,0,1,91.95,0.00,1190817792,0,0
70.1235,203522048,410.4000,742.70,0,0,1,92.84,0.00,1190817792,0,0
70.1342,203522048,410.4800,748.79,0,0,1,93.60,0.00,1190817792,0,0
70.1451,203522048,410.5600,734.32,0,0,1,91.79,0.00,1190817792,0,0
70.1560,203522048,410.6400,736.94,0,0,1,92.12,0.00,1190817792,0,0
70.1669,203522048,410.7200,730.30,0,0,1,91.29,0.00,1190817792,0,0
70.1777,203522048,410.8000,741.60,0,0,1,92.70,0.00,1190817792,0,0
70.1885,203522048,410.8800,744.35,0,0,1,93.04,0.00,1190817792,0,0
70.1992,203522048,411.0200,1304.27,0,0,1,174.68,0.00,1190817792,0,0
70.2107,203522048,411.0900,607.28,0,0,1,75.91,0.00,1190817792,0,0
70.2215,203522048,411.1900,926.15,0,0,1,115.77,0.00,1190817792,0,0
70.2322,203522048,411.2700,746.48,0,0,1,93.31,0.00,1190817792,0,0
70.2462,203522048,411.3500,571.35,0,0,1,71.42,0.00,1190817792,0,0
70.2571,203522048,411.4300,738.74,0,0,1,92.34,0.00,1190817792,0,0
70.2678,203522048,411.5200,841.67,0,0,1,93.52,0.00,1190817792,0,0
70.2787,203522048,411.5900,640.74,0,0,1,91.53,0.00,1190817792,0,0
70.2896,203522048,411.7300,1287.21,0,0,1,183.89,0.00,1190817792,0,0
70.3003,203522048,411.8200,841.50,0,0,1,93.50,0.00,1190817792,0,0
70.3117,203522048,411.9000,697.26,0,0,1,87.16,0.00,1190817792,0,0
70.3233,203522048,411.9800,693.62,0,0,1,86.70,0.00,1190817792,0,0
70.3340,203522048,412.0600,743.20,0,0,1,92.90,0.00,1190817792,0,0
70.3448,203522048,412.1400,740.13,0,0,1,92.52,0.00,1190817792,0,0
70.3556,203522048,412.2200,745.59,0,0,1,93.20,0.00,1190817792,0,0
70.3662,203522048,412.3100,844.88,0,0,1,93.88,0.00,1190817792,0,0
70.3774,203522048,412.3800,629.09,0,0,1,89.87,0.00,1190817792,0,0
70.3888,203522048,412.4700,782.99,0,0,1,87.00,0.00,1190817792,0,0
70.3996,203522048,412.6100,1301.39,0,0,1,185.91,0.00,1190817792,0,0
70.4105,203522048,412.6900,733.68,0,0,1,91.71,0.00,1190817792,0,0
70.4213,203522048,412.7600,647.76,0,0,1,80.97,0.00,1190817792,0,0
70.4321,203522048,412.8500,833.16,0,0,1,104.14,0.00,1190817792,0,0
70.4442,203522048,412.9300,664.24,0,0,1,83.03,0.00,1190817792,0,0
70.4550,203522048,413.0100,735.49,0,0,1,91.94,0.00,1190817792,0,0
70.4676,203522048,413.1000,718.88,0,0,1,79.88,0.00,1190817792,0,0
70.4824,203522048,413.2500,1010.73,0,0,1,134.76,0.00,1190817792,0,0
70.4934,203522048,413.3300,729.03,0,0,1,91.13,0.00,1190817792,0,0
70.5045,203522048,413.4100,715.69,0,0,1,89.46,0.00,1190817792,0,0
70.5168,203522048,413.5000,735.19,0,0,1,81.69,0.00,1190817792,0,0
70.5278,203522048,413.5800,728.71,0,0,1,91.09,0.00,1190817792,0,0
70.5385,203522048,413.6500,649.76,0,0,1,92.82,0.00,1190817792,0,0
70.5493,203522048,413.7900,1307.07,0,0,1,175.05,0.00,1190817792,0,0
70.5623,203522048,413.8700,611.24,0,0,1,85.96,0.00,1190817792,0,0
70.5732,203522048,413.9700,916.84,0,0,1,91.68,0.00,1190817792,0,0
70.5845,203522048,414.0400,620.15,0,0,1,88.59,0.00,1190817792,0,0
70.5954,203522048,414.1200,733.65,0,0,1,91.71,0.00,1190817792,0,0
70.6063,203522048,414.2000,738.00,0,0,1,92.25,0.00,1190817792,0,0
70.6170,203522048,414.2800,743.27,0,0,1,92.91,0.00,1190817792,0,0
70.6279,203522048,414.3600,735.87,0,0,1,91.98,0.00,1190817792,0,0
70.6388,203522048,414.4500,828.18,0,0,1,92.02,0.00,1190817792,0,0
70.6496,203522048,414.5800,1196.46,0,0,1,172.57,0.00,1190817792,0,0
70.6605,203522048,414.6300,460.92,0,0,1,57.62,0.00,1190817792,0,0
70.6713,203522048,414.7400,1022.01,0,0,1,127.75,0.00,1190817792,0,0
70.6820,203522048,414.8300,837.03,0,0,1,104.63,0.00,1190817792,0,0
70.6930,203522048,414.9100,726.44,0,0,1,90.80,0.00,1190817792,0,0
70.7042,203522048,414.9900,715.01,0,0,1,89.38,0.00,1190817792,0,0
70.7149,203522048,415.0700,745.70,0,0,1,93.21,0.00,1190817792,0,0
70.7257,203522048,415.1500,741.45,0,0,1,92.68,0.00,1190817792,0,0
70.7375,203522048,415.2300,677.44,0,0,1,84.68,0.00,1190817792,0,0
70.7483,203522048,415.3100,742.54,0,0,1,92.82,0.00,1190817792,0,0
70.7594,203522048,415.4400,1173.75,0,0,1,158.00,0.00,1190817792,0,0
70.7717,203522048,415.5400,811.98,0,0,1,101.50,0.00,1190817792,0,0
70.7828,203522048,415.6200,720.52,0,0,1,90.06,0.00,1190817792,0,0
70.7948,203522048,415.7000,667.92,0,0,1,83.49,0.00,1190817792,0,0
70.8057,203522048,415.7800,734.16,0,0,1,91.77,0.00,1190817792,0,0
70.8167,203522048,415.8600,725.69,0,0,1,90.71,0.00,1190817792,0,0
70.8278,203522048,415.9400,722.52,0,0,1,90.31,0.00,1190817792,0,0
70.8386,203522048,416.0200,737.11,0,0,1,92.14,0.00,1190817792,0,0
70.8495,203522048,416.1500,1190.60,0,0,1,171.72,0.00,1190817792,0,0
70.8607,203522048,416.2300,715.20,0,0,1,100.57,0.00,1190817792,0,0
70.8717,203522048,416.3200,820.04,0,0,1,91.12,0.00,1190817792,0,0
70.8830,203522048,416.4000,708.49,0,0,1,88.56,0.00,1190817792,0,0
70.8939,203522048,416.4800,736.33,0,0,1,92.04,0.00,1190817792,0,0
70.9052,203522048,416.5700,795.21,0,0,1,88.36,0.00,1190817792,0,0
70.9161,203522048,416.6400,643.46,0,0,1,91.92,0.00,1190817792,0,0
70.9269,203522048,416.7200,736.30,0,0,1,92.04,0.00,1190817792,0,0
70.9379,203522048,416.8000,727.68,0,0,1,90.96,0.00,1190817792,0,0
70.9488,203522048,416.8900,825.27,0,0,1,171.93,0.00,1190817792,0,0
70.9601,203522048,416.9900,889.43,0,0,1,66.71,0.00,1190817792,0,0
70.9710,203522048,417.1100,1101.43,0,0,1,126.21,0.00,1190817792,0,0
70.9821,203522048,417.1800,630.02,0,0,1,90.00,0.00,1190817792,0,0
70.9930,203522048,417.2700,827.32,0,0,1,91.92,0.00,1190817792,0,0
71.0042,203522048,417.3500,713.90,0,0,1,89.24,0.00,1190817792,0,0
71.0153,203522048,417.4300,719.12,0,0,1,89.89,0.00,1190817792,0,0
71.0266,203522048,417.5100,705.69,0,0,1,88.21,0.00,1190817792,0,0
71.0380,203522048,417.6000,792.14,0,0,1,88.02,0.00,1190817792,0,0
71.0488,203522048,417.6800,737.56,0,0,1,92.19,0.00,1190817792,0,0
71.0610,203522048,417.8200,1150.19,0,0,1,164.31,0.00,1190817792,0,0
71.0721,203522048,417.9000,719.39,0,0,1,89.92,0.00,1190817792,0,0
71.0830,203522048,417.9900,828.93,0,0,1,92.10,0.00,1190817792,0,0
71.0939,203522048,418.0700,735.67,0,0,1,91.96,0.00,1190817792,0,0
71.1059,203522048,418.1500,666.49,0,0,1,83.31,0.00,1190817792,0,0
71.1167,203522048,418.2200,642.72,0,0,1,91.82,0.00,1190817792,0,0
71.1277,203522048,418.3000,728.72,0,0,1,91.09,0.00,1190817792,0,0
71.1429,203522048,418.4500,989.53,0,0,1,131.94,0.00,1190817792,0,0
71.1543,203522048,418.5300,703.34,0,0,1,87.92,0.00,1190817792,0,0
71.1652,203522048,418.6200,823.80,0,0,1,91.53,0.00,1190817792,0,0
71.1766,203522048,418.6900,611.66,0,0,1,87.38,0.00,1190817792,0,0
71.1875,203522048,418.7800,827.14,0,0,1,91.90,0.00,1190817792,0,0
71.1992,203522048,418.9100,1114.81,0,0,1,160.79,0.00,1190817792,0,0
71.2126,203522048,419.0000,671.03,0,0,1,74.56,0.00,1190817792,0,0
71.2235,203522048,419.0900,825.17,0,0,1,103.15,0.00,1190817792,0,0
71.2343,203522048,419.1700,737.43,0,0,1,92.18,0.00,1190817792,0,0
71.2461,203522048,419.2500,680.35,0,0,1,85.04,0.00,1190817792,0,0
71.2569,203522048,419.3300,740.29,0,0,1,92.54,0.00,1190817792,0,0
71.2677,203522048,419.4100,737.78,0,0,1,92.22,0.00,1190817792,0,0
71.2788,203522048,419.5600,1351.95,0,0,1,180.26,0.00,1190817792,0,0
71.2907,203522048,419.6300,590.48,0,0,1,73.81,0.00,1190817792,0,0
71.3020,203522048,419.7200,794.96,0,0,1,99.37,0.00,1190817792,0,0
71.3189,203522048,419.8500,771.48,0,0,1,103.85,0.00,1190817792,0,0
71.3334,203522048,419.9600,758.25,0,0,1,86.16,0.00,1190817792,0,0
71.3448,203522048,420.0200,523.75,0,0,1,65.47,0.00,1190817792,0,0
71.3577,203522048,420.1100,697.14,0,0,1,96.82,0.00,1190817792,0,0
71.3689,203522048,420.1900,715.18,0,0,1,156.45,0.00,1190817792,0,0
71.3799,203522048,420.3300,1281.09,0,0,1,102.95,0.00,1190817792,0,0
71.3909,203522048,420.4100,724.04,0,0,1,90.50,0.00,1190817792,0,0
71.4055,203522048,420.5000,618.35,0,0,1,77.29,0.00,1190817792,0,0
71.4165,203522048,420.5900,816.22,0,0,1,90.69,0.00,1190817792,0,0
71.4276,203522048,420.6600,631.42,0,0,1,90.20,0.00,1190817792,0,0
71.4387,203522048,420.7400,717.24,0,0,1,89.66,0.00,1190817792,0,0
71.4497,203522048,420.8700,1181.93,0,0,1,159.11,0.00,1190817792,0,0
71.4626,203522048,420.9600,698.31,0,0,1,87.29,0.00,1190817792,0,0
71.4797,203522048,421.1100,878.55,0,0,1,109.82,0.00,1190817792,0,0
71.4942,203522048,421.2200,758.53,0,0,1,86.20,0.00,1190817792,0,0
71.5055,203522048,421.2900,620.16,0,0,1,88.59,0.00,1190817792,0,0
71.5164,203522048,421.3700,732.48,0,0,1,91.56,0.00,1190817792,0,0
71.5332,203522048,421.5200,892.11,0,0,1,111.51,0.00,1190817792,0,0
71.5443,203522048,421.6100,813.41,0,0,1,101.68,0.00,1190817792,0,0
71.5578,203522048,421.6900,593.59,0,0,1,74.20,0.00,1190817792,0,0
71.5700,203522048,421.8200,1058.48,0,0,1,142.49,0.00,1190817792,0,0
71.5812,203522048,421.9100,805.65,0,0,1,100.71,0.00,1190817792,0,0
71.5923,203522048,422.0000,813.26,0,0,1,101.66,0.00,1190817792,0,0
71.6036,203522048,422.0800,705.48,0,0,1,88.18,0.00,1190817792,0,0
71.6148,203522048,422.1600,715.98,0,0,1,89.50,0.00,1190817792,0,0
71.6258,203522048,422.2400,728.10,0,0,1,91.01,0.00,1190817792,0,0
71.6369,203522048,422.3200,716.97,0,0,1,89.62,0.00,1190817792,0,0
71.6478,203522048,422.4000,735.63,0,0,1,91.95,0.00,1190817792,0,0
71.6589,203522048,422.5200,1086.38,0,0,1,158.43,0.00,1190817792,0,0
71.6702,203522048,422.6300,967.96,0,0,1,110.00,0.00,1190817792,0,0
71.6810,203522048,422.7000,646.70,0,0,1,80.84,0.00,1190817792,0,0
71.6919,203522048,422.7900,825.61,0,0,1,103.20,0.00,1190817792,0,0
71.7036,203522048,422.8600,602.04,0,0,1,86.01,0.00,1190817792,0,0
71.7143,203522048,422.9500,835.10,0,0,1,92.79,0.00,1190817792,0,0
71.7251,203522048,423.0200,648.67,0,0,1,92.67,0.00,1190817792,0,0
71.7361,203522048,423.1100,823.79,0,0,1,91.53,0.00,1190817792,0,0
71.7469,203522048,423.2400,1199.35,0,0,1,172.98,0.00,1190817792,0,0
71.7609,203522048,423.3200,570.33,0,0,1,71.29,0.00,1190817792,0,0
71.7717,203522048,423.4200,924.19,0,0,1,103.97,0.00,1190817792,0,0
71.7826,203522048,423.4900,647.78,0,0,1,92.54,0.00,1190817792,0,0
71.7934,203522048,423.5700,739.36,0,0,1,92.42,0.00,1190817792,0,0
71.8051,203522048,423.6800,936.23,0,0,1,85.11,0.00,1190817792,0,0
71.8168,203522048,423.7300,426.59,0,0,1,85.32,0.00,1190817792,0,0
71.8277,203522048,423.8100,737.59,0,0,1,92.20,0.00,1190817792,0,0
71.8386,203522048,423.8900,735.66,0,0,1,91.96,0.00,1190817792,0,0
71.8492,203522048,424.0200,1217.31,0,0,1,175.57,0.00,1190817792,0,0
71.8606,203522048,424.1200,882.07,0,0,1,99.23,0.00,1190817792,0,0
71.8714,203522048,424.1800,553.08,0,0,1,80.66,0.00,1190817792,0,0
71.8825,203522048,424.2700,816.44,0,0,1,90.72,0.00,1190817792,0,0
71.8934,203522048,424.3600,819.62,0,0,1,102.45,0.00,1190817792,0,0
71.9042,203522048,424.4400,741.75,0,0,1,92.72,0.00,1190817792,0,0
71.9149,203522048,424.5200,747.10,0,0,1,93.39,0.00,1190817792,0,0
71.9273,203522048,424.6000,645.81,0,0,1,80.73,0.00,1190817792,0,0
71.9382,203522048,424.6800,732.64,0,0,1,91.58,0.00,1190817792,0,0
71.9491,203522048,424.8200,1282.77,0,0,1,171.80,0.00,1190817792,0,0
71.9601,203522048,424.9000,728.76,0,0,1,91.10,0.00,1190817792,0,0
71.9709,203522048,424.9800,741.00,0,0,1,92.62,0.00,1190817792,0,0
71.9816,203522048,425.0700,841.32,0,0,1,105.16,0.00,1190817792,0,0
71.9946,203522048,425.1500,616.83,0,0,1,77.10,0.00,1190817792,0,0
72.0054,203522048,425.2300,739.50,0,0,1,92.44,0.00,1190817792,0,0
72.0162,203522048,425.3100,743.72,0,0,1,92.96,0.00,1190817792,0,0
72.0281,203522048,425.3900,667.63,0,0,1,83.45,0.00,1190817792,0,0
72.0393,203522048,425.5300,1256.86,0,0,1,168.33,0.00,1190817792,0,0
72.0501,203522048,425.6200,832.65,0,0,1,104.08,0.00,1190817792,0,0
72.0619,203522048,425.7000,677.45,0,0,1,84.68,0.00,1190817792,0,0
72.0727,203522048,425.7800,742.80,0,0,1,92.85,0.00,1190817792,0,0
72.0834,203522048,425.8600,747.89,0,0,1,93.49,0.00,1190817792,0,0
72.0942,203522048,425.9400,737.64,0,0,1,92.20,0.00,1190817792,0,0
72.1058,203522048,426.0200,689.68,0,0,1,86.21,0.00,1190817792,0,0
72.1167,203522048,426.1100,828.82,0,0,1,92.09,0.00,1190817792,0,0
72.1275,203522048,426.1800,645.78,0,0,1,92.25,0.00,1190817792,0,0
72.1383,203522048,426.2600,741.60,0,0,1,92.70,0.00,1190817792,0,0
72.1491,203522048,426.4000,1298.15,0,0,1,173.86,0.00,1190817792,0,0
72.1599,203522048,426.4700,648.71,0,0,1,104.26,0.00,1190817792,0,0
72.1707,203522048,426.5600,833.27,0,0,1,81.01,0.00,1190817792,0,0
72.1814,203522048,426.6500,836.52,0,0,1,104.57,0.00,1190817792,0,0
72.1924,203522048,426.7300,732.11,0,0,1,91.51,0.00,1190817792,0,0
72.2033,203522048,426.8100,733.82,0,0,1,91.73,0.00,1190817792,0,0
72.2141,203522048,426.8900,740.59,0,0,1,92.57,0.00,1190817792,0,0
72.2249,203522048,426.9700,740.94,0,0,1,92.62,0.00,1190817792,0,0
72.2357,203522048,427.0500,740.32,0,0,1,92.54,0.00,1190817792,0,0
72.2465,203522048,427.1300,735.94,0,0,1,91.99,0.00,1190817792,0,0
72.2576,203522048,427.2200,814.34,0,0,1,90.48,0.00,1190817792,0,0
72.2684,203522048,427.2900,646.99,0,0,1,92.43,0.00,1190817792,0,0
72.2793,203522048,427.4300,1290.91,0,0,1,172.89,0.00,1190817792,0,0
72.2901,203522048,427.5100,736.63,0,0,1,92.08,0.00,1190817792,0,0
72.3010,203522048,427.6000,829.10,0,0,1,103.64,0.00,1190817792,0,0
72.3119,203522048,427.6800,732.65,0,0,1,91.58,0.00,1190817792,0,0
72.3228,203522048,427.7600,733.74,0,0,1,91.72,0.00,1190817792,0,0
72.3336,203522048,427.8400,741.15,0,0,1,92.64,0.00,1190817792,0,0
72.3465,203522048,427.9200,620.38,0,0,1,77.55,0.00,1190817792,0,0
72.3589,203522048,428.0000,643.43,0,0,1,160.86,0.00,1190817792,0,0
72.3698,203522048,428.1300,1190.19,0,0,1,68.66,0.00,1190817792,0,0
72.3808,203522048,428.2000,640.09,0,0,1,80.01,0.00,1190817792,0,0
72.3918,203522048,428.2900,817.60,0,0,1,102.20,0.00,1190817792,0,0
72.4031,203522048,428.3800,792.62,0,0,1,99.08,0.00,1190817792,0,0
72.4141,203522048,428.4800,915.61,0,0,1,103.01,0.00,1190817792,0,0
72.4252,203522048,428.5500,629.14,0,0,1,89.88,0.00,1190817792,0,0
72.4396,203522048,428.6900,968.81,0,0,1,129.75,0.00,1190817792,0,0
72.4505,203522048,428.7600,643.13,0,0,1,91.88,0.00,1190817792,0,0
72.4614,203522048,428.8400,736.27,0,0,1,80.53,0.00,1190817792,0,0
72.4723,203522048,428.9300,827.31,0,0,1,103.41,0.00,1190817792,0,0
72.4834,203522048,429.0000,631.14,0,0,1,78.89,0.00,1190817792,0,0
72.4944,203522048,429.0900,817.64,0,0,1,102.21,0.00,1190817792,0,0
72.5054,203522048,429.1800,818.68,0,0,1,102.33,0.00,1190817792,0,0
72.5199,203522048,429.3100,892.36,0,0,1,120.12,0.00,1190817792,0,0
72.5308,203522048,429.3800,642.27,0,0,1,80.28,0.00,1190817792,0,0
72.5422,203522048,429.4900,967.33,0,0,1,109.92,0.00,1190817792,0,0
72.5634,203522048,429.6500,753.16,0,0,1,94.15,0.00,1190817792,0,0
72.5807,203522048,429.7700,694.56,0,0,1,65.11,0.00,1190817792,0,0
72.5964,203522048,429.8900,766.65,0,0,1,103.82,0.00,1190817792,0,0
72.6074,203522048,430.0300,1268.22,0,0,1,169.85,0.00,1190817792,0,0
72.6290,203522048,430.1600,602.69,0,0,1,75.34,0.00,1190817792,0,0
72.6400,203522048,430.2700,1001.75,0,0,1,136.60,0.00,1190817792,0,0
72.6507,203522048,430.3400,648.86,0,0,1,81.11,0.00,1190817792,0,0
72.6616,203522048,430.4200,737.20,0,0,1,92.15,0.00,1190817792,0,0
72.6724,203522048,430.5000,741.44,0,0,1,92.68,0.00,1190817792,0,0
72.6832,203522048,430.5900,836.22,0,0,1,104.53,0.00,1190817792,0,0
72.6955,203522048,430.6700,645.43,0,0,1,80.68,0.00,1190817792,0,0
72.7064,203522048,430.7500,738.61,0,0,1,92.33,0.00,1190817792,0,0
72.7171,203522048,430.8400,840.14,0,0,1,93.35,0.00,1190817792,0,0
72.7282,203522048,430.9100,632.33,0,0,1,90.33,0.00,1190817792,0,0
72.7390,203522048,431.0000,828.15,0,0,1,172.53,0.00,1190817792,0,0
72.7498,203522048,431.1300,1209.47,0,0,1,93.04,0.00,1190817792,0,0
72.7605,203522048,431.2100,743.24,0,0,1,92.90,0.00,1190817792,0,0
72.7713,203522048,431.2900,746.47,0,0,1,93.31,0.00,1190817792,0,0
72.7819,203522048,431.3700,748.59,0,0,1,93.57,0.00,1190817792,0,0
72.7946,203522048,431.4700,790.18,0,0,1,88.90,0.00,1190817792,0,0
72.8055,203522048,431.5600,822.22,0,0,1,91.36,0.00,1190817792,0,0
72.8162,203522048,431.6300,656.42,0,0,1,93.77,0.00,1190817792,0,0
72.8272,203522048,431.7100,727.69,0,0,1,90.96,0.00,1190817792,0,0
72.8406,203522048,431.8600,1116.52,0,0,1,148.87,0.00,1190817792,0,0
72.8519,203522048,431.9400,713.05,0,0,1,89.13,0.00,1190817792,0,0
72.8626,203522048,432.0200,743.55,0,0,1,92.94,0.00,1190817792,0,0
72.8735,203522048,432.1000,734.80,0,0,1,91.85,0.00,1190817792,0,0
72.8849,203522048,432.1800,703.56,0,0,1,87.95,0.00,1190817792,0,0
72.8958,203522048,432.2600,734.93,0,0,1,91.87,0.00,1190817792,0,0
72.9065,203522048,432.3400,743.52,0,0,1,92.94,0.00,1190817792,0,0
72.9173,203522048,432.4200,744.86,0,0,1,93.11,0.00,1190817792,0,0
72.9281,203522048,432.5000,738.96,0,0,1,92.37,0.00,1190817792,0,0
72.9389,203522048,432.5800,739.73,0,0,1,92.47,0.00,1190817792,0,0
72.9497,203522048,432.7100,1203.44,0,0,1,173.57,0.00,1190817792,0,0
72.9605,203522048,432.8100,925.90,0,0,1,104.16,0.00,1190817792,0,0
72.9713,203522048,432.8800,651.16,0,0,1,93.02,0.00,1190817792,0,0
72.9819,203522048,432.9600,752.68,0,0,1,94.09,0.00,1190817792,0,0
72.9928,203522048,433.0400,736.02,0,0,1,92.00,0.00,1190817792,0,0
73.0036,203522048,433.1200,739.43,0,0,1,92.43,0.00,1190817792,0,0
73.0143,203522048,433.2100,835.59,0,0,1,92.84,0.00,1190817792,0,0
73.0260,203522048,433.2900,686.15,0,0,1,85.77,0.00,1190817792,0,0
73.0368,203522048,433.3700,738.24,0,0,1,92.28,0.00,1190817792,0,0
73.0476,203522048,433.4500,740.68,0,0,1,92.59,0.00,1190817792,0,0
73.0587,203522048,433.5300,725.09,0,0,1,90.64,0.00,1190817792,0,0
73.0694,203522048,433.6700,1300.20,0,0,1,174.13,0.00,1190817792,0,0
73.0802,203522048,433.7600,839.63,0,0,1,104.95,0.00,1190817792,0,0
73.0911,203522048,433.8400,732.18,0,0,1,91.52,0.00,1190817792,0,0
73.1024,203522048,433.9200,709.59,0,0,1,88.70,0.00,1190817792,0,0
73.1131,203522048,434.0000,746.94,0,0,1,93.37,0.00,1190817792,0,0
73.1244,203522048,434.0800,709.06,0,0,1,88.63,0.00,1190817792,0,0
73.1360,203522048,434.1600,685.30,0,0,1,85.66,0.00,1190817792,0,0
73.1468,203522048,434.2400,739.96,0,0,1,92.49,0.00,1190817792,0,0
73.1578,203522048,434.3200,728.78,0,0,1,91.10,0.00,1190817792,0,0
73.1693,203522048,434.4600,1222.97,0,0,1,163.79,0.00,1190817792,0,0
73.1800,203522048,434.5500,837.11,0,0,1,104.64,0.00,1190817792,0,0
73.1908,203522048,434.6300,744.42,0,0,1,93.05,0.00,1190817792,0,0
73.2016,203522048,434.7100,739.48,0,0,1,92.43,0.00,1190817792,0,0
73.2123,203522048,434.7900,746.47,0,0,1,93.31,0.00,1190817792,0,0
73.2230,203522048,434.8700,745.23,0,0,1,93.15,0.00,1190817792,0,0
73.2337,203522048,434.9500,750.60,0,0,1,93.82,0.00,1190817792,0,0
73.2445,203522048,435.0300,737.67,0,0,1,92.21,0.00,1190817792,0,0
73.2553,203522048,435.1100,742.61,0,0,1,92.83,0.00,1190817792,0,0
73.2661,203522048,435.1900,741.82,0,0,1,92.73,0.00,1190817792,0,0
73.2773,203522048,435.2700,713.67,0,0,1,89.21,0.00,1190817792,0,0
73.2880,203522048,435.3500,745.76,0,0,1,93.22,0.00,1190817792,0,0
73.2988,203522048,435.4300,741.38,0,0,1,92.67,0.00,1190817792,0,0
73.3105,203522048,435.5800,1288.78,0,0,1,171.84,0.00,1190817792,0,0
73.3212,203522048,435.6500,650.96,0,0,1,81.37,0.00,1190817792,0,0
73.3319,203522048,435.7300,746.97,0,0,1,93.37,0.00,1190817792,0,0
73.3427,203522048,435.8200,833.24,0,0,1,104.15,0.00,1190817792,0,0
73.3535,203522048,435.9000,743.33,0,0,1,92.92,0.00,1190817792,0,0
73.3643,203522048,435.9800,741.15,0,0,1,92.64,0.00,1190817792,0,0
73.3764,203522048,436.0600,659.69,0,0,1,82.46,0.00,1190817792,0,0
73.3878,203522048,436.1400,700.35,0,0,1,87.54,0.00,1190817792,0,0
73.3985,203522048,436.2200,746.56,0,0,1,93.32,0.00,1190817792,0,0
73.4105,203522048,436.3600,1171.35,0,0,1,156.88,0.00,1190817792,0,0
73.4213,203522048,436.4400,739.55,0,0,1,92.44,0.00,1190817792,0,0
73.4320,203522048,436.5300,839.49,0,0,1,104.94,0.00,1190817792,0,0
73.4428,203522048,436.6100,745.22,0,0,1,93.15,0.00,1190817792,0,0
73.4535,203522048,436.6900,748.24,0,0,1,93.53,0.00,1190817792,0,0
73.4642,203522048,436.7700,742.37,0,0,1,92.80,0.00,1190817792,0,0
73.4764,203522048,436.8500,657.87,0,0,1,82.23,0.00,1190817792,0,0
73.4872,203522048,436.9300,738.13,0,0,1,92.27,0.00,1190817792,0,0
73.4979,203522048,437.0100,750.63,0,0,1,93.83,0.00,1190817792,0,0
73.5088,203522048,437.0900,735.83,0,0,1,91.98,0.00,1190817792,0,0
73.5197,203522048,437.2300,1282.08,0,0,1,171.71,0.00,1190817792,0,0
73.5304,203522048,437.3200,838.80,0,0,1,104.85,0.00,1190817792,0,0
73.5413,203522048,437.4000,733.24,0,0,1,91.65,0.00,1190817792,0,0
73.5543,203522048,437.4800,614.49,0,0,1,76.81,0.00,1190817792,0,0
73.5651,203522048,437.5600,744.77,0,0,1,93.10,0.00,1190817792,0,0
73.5759,203522048,437.6400,741.01,0,0,1,92.63,0.00,1190817792,0,0
73.5875,203522048,437.7200,688.39,0,0,1,86.05,0.00,1190817792,0,0
73.5984,203522048,437.8700,1372.25,0,0,1,182.97,0.00,1190817792,0,0
73.6116,203522048,437.9500,607.88,0,0,1,75.99,0.00,1190817792,0,0
73.6288,203522048,438.0300,464.95,0,0,1,101.71,0.00,1190817792,0,0
73.6399,203522048,438.1600,1174.25,0,0,1,90.33,0.00,1190817792,0,0
73.6569,203522048,438.2600,588.12,0,0,1,73.51,0.00,1190817792,0,0
73.6695,203522048,438.4000,1113.30,0,0,1,149.10,0.00,1190817792,0,0
73.6815,203522048,438.4900,748.73,0,0,1,93.59,0.00,1190817792,0,0
73.6956,203522048,438.5800,637.44,0,0,1,70.83,0.00,1190817792,0,0
73.7066,203522048,438.6700,820.89,0,0,1,91.21,0.00,1190817792,0,0
73.7205,203522048,438.7900,857.86,0,0,1,134.04,0.00,1190817792,0,0
73.7314,203522048,438.8700,738.75,0,0,1,103.89,0.00,1190817792,0,0
73.7468,203522048,438.9700,646.68,0,0,1,64.67,0.00,1190817792,0,0
73.7595,203522048,439.1000,1025.61,0,0,1,138.06,0.00,1190817792,0,0
73.7704,203522048,439.1900,827.12,0,0,1,103.39,0.00,1190817792,0,0
73.7813,203522048,439.2700,733.63,0,0,1,91.70,0.00,1190817792,0,0
73.7923,203522048,439.3500,728.37,0,0,1,91.05,0.00,1190817792,0,0
73.8032,203522048,439.4400,821.40,0,0,1,102.68,0.00,1190817792,0,0
73.8141,203522048,439.5200,735.85,0,0,1,91.98,0.00,1190817792,0,0
73.8288,203522048,439.6000,543.84,0,0,1,67.98,0.00,1190817792,0,0
73.8399,203522048,439.7400,1259.70,0,0,1,168.71,0.00,1190817792,0,0
73.8518,203522048,439.8200,674.24,0,0,1,84.28,0.00,1190817792,0,0
73.8659,203522048,439.9200,707.46,0,0,1,79.59,0.00,1190817792,0,0
73.8771,203522048,440.0000,716.27,0,0,1,89.53,0.00,1190817792,0,0
73.8880,203522048,440.0800,734.26,0,0,1,91.78,0.00,1190817792,0,0
73.9001,203522048,440.2100,1075.16,0,0,1,165.41,0.00,1190817792,0,0
73.9110,203522048,440.3100,916.03,0,0,1,91.60,0.00,1190817792,0,0
73.9218,203522048,440.3900,738.34,0,0,1,92.29,0.00,1190817792,0,0
73.9327,203522048,440.4700,739.53,0,0,1,92.44,0.00,1190817792,0,0
73.9435,203522048,440.5400,645.27,0,0,1,92.18,0.00,1190817792,0,0
73.9543,203522048,440.6300,830.84,0,0,1,92.32,0.00,1190817792,0,0
73.9651,203522048,440.7100,744.43,0,0,1,93.05,0.00,1190817792,0,0
73.9760,203522048,440.7900,735.69,0,0,1,91.96,0.00,1190817792,0,0
73.9867,203522048,440.8700,744.15,0,0,1,93.02,0.00,1190817792,0,0
73.9976,203522048,440.9500,737.23,0,0,1,92.15,0.00,1190817792,0,0
74.0110,203522048,441.1000,1117.72,0,0,1,149.03,0.00,1190817792,0,0
74.0218,203522048,441.1800,737.46,0,0,1,92.18,0.00,1190817792,0,0
74.0325,203522048,441.2600,750.19,0,0,1,93.77,0.00,1190817792,0,0
74.0435,203522048,441.3400,725.94,0,0,1,90.74,0.00,1190817792,0,0
74.0543,203522048,441.4200,740.13,0,0,1,92.52,0.00,1190817792,0,0
74.0651,203522048,441.5000,742.82,0,0,1,92.85,0.00,1190817792,0,0
74.0760,203522048,441.5800,736.04,0,0,1,92.01,0.00,1190817792,0,0
74.0869,203522048,441.6600,730.31,0,0,1,91.29,0.00,1190817792,0,0
74.0976,203522048,441.7400,746.64,0,0,1,93.33,0.00,1190817792,0,0
74.1084,203522048,441.8200,742.56,0,0,1,92.82,0.00,1190817792,0,0
74.1191,203522048,441.9100,840.23,0,0,1,175.05,0.00,1190817792,0,0
74.1298,203522048,442.0400,1216.59,0,0,1,93.58,0.00,1190817792,0,0
74.1412,203522048,442.1300,789.41,0,0,1,98.68,0.00,1190817792,0,0
74.1522,203522048,442.1900,547.47,0,0,1,68.43,0.00,1190817792,0,0
74.1629,203522048,442.2900,929.16,0,0,1,116.15,0.00,1190817792,0,0
74.1738,203522048,442.3700,733.97,0,0,1,91.75,0.00,1190817792,0,0
74.1850,203522048,442.4500,718.42,0,0,1,89.80,0.00,1190817792,0,0
74.1958,203522048,442.5300,738.34,0,0,1,92.29,0.00,1190817792,0,0
74.2066,203522048,442.6100,742.99,0,0,1,92.87,0.00,1190817792,0,0
74.2186,203522048,442.6900,664.87,0,0,1,83.11,0.00,1190817792,0,0
74.2294,203522048,442.8300,1299.14,0,0,1,173.99,0.00,1190817792,0,0
74.2402,203522048,442.9100,741.85,0,0,1,92.73,0.00,1190817792,0,0
74.2511,203522048,443.0000,818.67,0,0,1,102.33,0.00,1190817792,0,0
74.2619,203522048,443.0800,741.91,0,0,1,92.74,0.00,1190817792,0,0
74.2727,203522048,443.1600,743.68,0,0,1,92.96,0.00,1190817792,0,0
74.2834,203522048,443.2400,744.22,0,0,1,93.03,0.00,1190817792,0,0
74.2942,203522048,443.3200,745.23,0,0,1,93.15,0.00,1190817792,0,0
74.3049,203522048,443.4000,745.39,0,0,1,93.17,0.00,1190817792,0,0
74.3156,203522048,443.4800,746.41,0,0,1,93.30,0.00,1190817792,0,0
74.3264,203522048,443.5600,745.44,0,0,1,93.18,0.00,1190817792,0,0
74.3372,203522048,443.6400,738.94,0,0,1,92.37,0.00,1190817792,0,0
74.3479,203522048,443.7200,746.65,0,0,1,93.33,0.00,1190817792,0,0
74.3588,203522048,443.8000,734.62,0,0,1,91.83,0.00,1190817792,0,0
74.3696,203522048,443.9500,1381.12,0,0,1,184.15,0.00,1190817792,0,0
74.3804,203522048,444.0200,650.29,0,0,1,81.29,0.00,1190817792,0,0
74.3916,203522048,444.1100,807.24,0,0,1,100.90,0.00,1190817792,0,0
74.4025,203522048,444.1900,731.31,0,0,1,91.41,0.00,1190817792,0,0
74.4189,203522048,444.2700,488.14,0,0,1,68.64,0.00,1190817792,0,0
74.4347,203522048,444.4100,886.46,0,0,1,94.98,0.00,1190817792,0,0
74.4507,203522048,444.5500,875.19,0,0,1,93.77,0.00,1190817792,0,0
74.4666,203522048,444.6700,751.63,0,0,1,78.30,0.00,1190817792,0,0
74.4827,203522048,444.8100,873.80,0,0,1,117.03,0.00,1190817792,0,0
74.4987,203522048,444.9300,747.28,0,0,1,62.27,0.00,1190817792,0,0
74.5145,203522048,445.0500,762.66,0,0,1,119.17,0.00,1190817792,0,0
74.5280,203522048,445.1600,810.14,0,0,1,82.86,0.00,1190817792,0,0
74.5390,203522048,445.2300,637.75,0,0,1,170.82,0.00,1190817792,0,0
74.5664,203522048,445.4600,838.44,0,0,1,77.46,0.00,1190817792,0,0
74.5775,203522048,445.5600,904.57,0,0,1,90.46,0.00,1190817792,0,0
74.5888,203522048,445.6200,530.09,0,0,1,88.35,0.00,1190817792,0,0
74.6006,203522048,445.7700,1272.94,0,0,1,169.73,0.00,1190817792,0,0
74.6117,203522048,445.8500,719.17,0,0,1,89.90,0.00,1190817792,0,0
74.6226,203522048,445.9200,644.55,0,0,1,92.08,0.00,1190817792,0,0
74.6337,203522048,446.0100,806.03,0,0,1,89.56,0.00,1190817792,0,0
74.6446,203522048,446.0900,740.26,0,0,1,92.53,0.00,1190817792,0,0
74.6556,203522048,446.1700,721.97,0,0,1,90.25,0.00,1190817792,0,0
74.6687,203522048,446.2500,613.38,0,0,1,76.67,0.00,1190817792,0,0
74.6796,203522048,446.3900,1285.80,0,0,1,183.69,0.00,1190817792,0,0
74.6930,203522048,446.4800,669.20,0,0,1,74.36,0.00,1190817792,0,0
74.7038,203522048,446.5600,738.57,0,0,1,92.32,0.00,1190817792,0,0
74.7147,203522048,446.6400,739.22,0,0,1,92.40,0.00,1190817792,0,0
74.7266,203522048,446.7200,671.38,0,0,1,83.92,0.00,1190817792,0,0
74.7379,203522048,446.8000,705.99,0,0,1,88.25,0.00,1190817792,0,0
74.7491,203522048,446.9400,1253.86,0,0,1,167.93,0.00,1190817792,0,0
74.7600,203522048,447.0300,826.56,0,0,1,103.32,0.00,1190817792,0,0
74.7708,203522048,447.1100,741.25,0,0,1,92.66,0.00,1190817792,0,0
74.7815,203522048,447.1900,743.16,0,0,1,92.90,0.00,1190817792,0,0
74.7923,203522048,447.2700,739.99,0,0,1,92.50,0.00,1190817792,0,0
74.8031,203522048,447.3500,743.78,0,0,1,92.97,0.00,1190817792,0,0
74.8139,203522048,447.4300,737.59,0,0,1,92.20,0.00,1190817792,0,0
74.8248,203522048,447.5100,734.12,0,0,1,91.76,0.00,1190817792,0,0
74.8356,203522048,447.5900,740.06,0,0,1,92.51,0.00,1190817792,0,0
74.8467,203522048,447.6700,722.37,0,0,1,90.30,0.00,1190817792,0,0
74.8576,203522048,447.7500,737.16,0,0,1,92.14,0.00,1190817792,0,0
74.8693,203522048,447.8900,1189.56,0,0,1,159.32,0.00,1190817792,0,0
74.8803,203522048,447.9700,730.18,0,0,1,91.27,0.00,1190817792,0,0
74.8913,203522048,448.0500,729.60,0,0,1,91.20,0.00,1190817792,0,0
74.9022,203522048,448.1400,825.39,0,0,1,103.17,0.00,1190817792,0,0
74.9129,203522048,448.2200,743.64,0,0,1,92.96,0.00,1190817792,0,0
74.9244,203522048,448.3000,696.69,0,0,1,87.09,0.00,1190817792,0,0
74.9352,203522048,448.3800,742.77,0,0,1,92.85,0.00,1190817792,0,0
74.9460,203522048,448.4600,739.96,0,0,1,92.50,0.00,1190817792,0,0
74.9569,203522048,448.5400,734.60,0,0,1,91.83,0.00,1190817792,0,0
74.9680,203522048,448.6200,717.69,0,0,1,89.71,0.00,1190817792,0,0
74.9789,203522048,448.7000,737.26,0,0,1,92.16,0.00,1190817792,0,0
74.9920,203522048,448.8400,1070.78,0,0,1,143.41,0.00,1190817792,0,0
75.0027,203522048,448.9300,834.98,0,0,1,104.37,0.00,1190817792,0,0
75.0134,203522048,449.0100,748.18,0,0,1,93.52,0.00,1190817792,0,0
75.0263,203522048,449.1000,698.09,0,0,1,77.57,0.00,1190817792,0,0
75.0371,203522048,449.1700,648.16,0,0,1,92.59,0.00,1190817792,0,0
75.0478,203522048,449.2600,841.45,0,0,1,93.49,0.00,1190817792,0,0
75.0594,203522048,449.4000,1207.52,0,0,1,172.50,0.00,1190817792,0,0
75.0703,203522048,449.4700,645.45,0,0,1,80.68,0.00,1190817792,0,0
75.0810,203522048,449.5600,840.10,0,0,1,105.01,0.00,1190817792,0,0
75.0917,203522048,449.6500,837.07,0,0,1,93.01,0.00,1190817792,0,0
75.1026,203522048,449.7300,735.83,0,0,1,91.98,0.00,1190817792,0,0
75.1149,203522048,449.8000,569.43,0,0,1,81.35,0.00,1190817792,0,0
75.1258,203522048,449.8900,828.13,0,0,1,92.01,0.00,1190817792,0,0
75.1366,203522048,449.9700,738.66,0,0,1,92.33,0.00,1190817792,0,0
75.1475,203522048,450.0500,733.18,0,0,1,91.65,0.00,1190817792,0,0
75.1584,203522048,450.1300,735.42,0,0,1,91.93,0.00,1190817792,0,0
75.1692,203522048,450.2600,1195.18,0,0,1,172.38,0.00,1190817792,0,0
75.1800,203522048,450.3400,744.89,0,0,1,93.11,0.00,1190817792,0,0
75.1908,203522048,450.4400,922.20,0,0,1,103.75,0.00,1190817792,0,0
75.2020,203522048,450.5100,627.34,0,0,1,89.62,0.00,1190817792,0,0
75.2127,203522048,450.6000,840.32,0,0,1,93.37,0.00,1190817792,0,0
75.2237,203522048,450.6800,726.88,0,0,1,90.86,0.00,1190817792,0,0
75.2346,203522048,450.7600,731.59,0,0,1,91.45,0.00,1190817792,0,0
75.2457,203522048,450.8400,721.53,0,0,1,90.19,0.00,1190817792,0,0
75.2566,203522048,450.9200,739.35,0,0,1,92.42,0.00,1190817792,0,0
75.2674,203522048,451.0000,738.95,0,0,1,92.37,0.00,1190817792,0,0
75.2782,203522048,451.0700,648.24,0,0,1,92.61,0.00,1190817792,0,0
75.2899,203522048,451.2300,1369.55,0,0,1,171.19,0.00,1190817792,0,0
75.3011,203522048,451.3100,710.80,0,0,1,88.85,0.00,1190817792,0,0
75.3119,203522048,451.3900,741.12,0,0,1,92.64,0.00,1190817792,0,0
75.3248,203522048,451.4700,619.89,0,0,1,77.49,0.00,1190817792,0,0
75.3357,203522048,451.5500,734.87,0,0,1,91.86,0.00,1190817792,0,0
75.3465,203522048,451.6300,741.50,0,0,1,92.69,0.00,1190817792,0,0
75.3579,203522048,451.7100,701.04,0,0,1,87.63,0.00,1190817792,0,0
75.3687,203522048,451.7900,742.53,0,0,1,92.82,0.00,1190817792,0,0
75.3795,203522048,451.9200,1195.62,0,0,1,160.95,0.00,1190817792,0,0
75.3924,203522048,452.0200,779.85,0,0,1,97.48,0.00,1190817792,0,0
75.4035,203522048,452.1000,721.42,0,0,1,90.18,0.00,1190817792,0,0
75.4143,203522048,452.1900,827.16,0,0,1,91.91,0.00,1190817792,0,0
75.4252,203522048,452.2600,642.04,0,0,1,91.72,0.00,1190817792,0,0
75.4366,203522048,452.3400,707.15,0,0,1,88.39,0.00,1190817792,0,0
75.4473,203522048,452.4200,745.97,0,0,1,93.25,0.00,1190817792,0,0
75.4581,203522048,452.5000,742.55,0,0,1,92.82,0.00,1190817792,0,0
75.4688,203522048,452.5800,745.00,0,0,1,93.12,0.00,1190817792,0,0
75.4794,203522048,452.7200,1314.79,0,0,1,176.09,0.00,1190817792,0,0
75.4904,203522048,452.8100,824.25,0,0,1,103.03,0.00,1190817792,0,0
75.5015,203522048,452.8900,720.01,0,0,1,90.00,0.00,1190817792,0,0
75.5122,203522048,452.9800,838.89,0,0,1,93.21,0.00,1190817792,0,0
75.5230,203522048,453.0600,743.83,0,0,1,92.98,0.00,1190817792,0,0
75.5337,203522048,453.1400,742.47,0,0,1,92.81,0.00,1190817792,0,0
75.5445,203522048,453.2200,740.33,0,0,1,92.54,0.00,1190817792,0,0
75.5553,203522048,453.2900,649.24,0,0,1,92.75,0.00,1190817792,0,0
75.5696,203522048,453.4300,976.69,0,0,1,130.81,0.00,1190817792,0,0
75.5804,203522048,453.5100,741.06,0,0,1,92.63,0.00,1190817792,0,0
75.5914,203522048,453.5900,729.49,0,0,1,91.19,0.00,1190817792,0,0
75.6023,203522048,453.6800,829.53,0,0,1,103.69,0.00,1190817792,0,0
75.6136,203522048,453.7600,707.49,0,0,1,88.44,0.00,1190817792,0,0
75.6249,203522048,453.8400,708.10,0,0,1,88.51,0.00,1190817792,0,0
75.6362,203522048,453.9200,708.20,0,0,1,88.52,0.00,1190817792,0,0
75.6473,203522048,454.0000,718.97,0,0,1,89.87,0.00,1190817792,0,0
75.6582,203522048,454.0800,731.98,0,0,1,91.50,0.00,1190817792,0,0
75.6690,203522048,454.1600,740.34,0,0,1,173.52,0.00,1190817792,0,0
75.6798,203522048,454.3000,1294.30,0,0,1,92.45,0.00,1190817792,0,0
75.6932,203522048,454.3900,672.19,0,0,1,84.02,0.00,1190817792,0,0
75.7042,203522048,454.4800,823.30,0,0,1,91.48,0.00,1190817792,0,0
75.7149,203522048,454.5500,649.61,0,0,1,92.80,0.00,1190817792,0,0
75.7265,203522048,454.6300,694.68,0,0,1,86.84,0.00,1190817792,0,0
75.7376,203522048,454.7200,807.76,0,0,1,89.75,0.00,1190817792,0,0
75.7483,203522048,454.8000,746.64,0,0,1,93.33,0.00,1190817792,0,0
75.7591,203522048,454.9300,1207.09,0,0,1,174.10,0.00,1190817792,0,0
75.7700,203522048,455.0100,735.23,0,0,1,91.90,0.00,1190817792,0,0
75.7807,203522048,455.0900,744.28,0,0,1,93.04,0.00,1190817792,0,0
75.7918,203522048,455.1700,722.03,0,0,1,90.25,0.00,1190817792,0,0
75.8026,203522048,455.2600,832.77,0,0,1,104.10,0.00,1190817792,0,0
75.8134,203522048,455.3400,743.07,0,0,1,92.88,0.00,1190817792,0,0
75.8241,203522048,455.4200,742.59,0,0,1,92.82,0.00,1190817792,0,0
75.8349,203522048,455.5000,740.69,0,0,1,92.59,0.00,1190817792,0,0
75.8456,203522048,455.5900,843.29,0,0,1,93.70,0.00,1190817792,0,0
75.8564,203522048,455.6700,739.82,0,0,1,92.48,0.00,1190817792,0,0
75.8676,203522048,455.7400,624.55,0,0,1,89.22,0.00,1190817792,0,0
75.8784,203522048,455.8200,739.94,0,0,1,92.49,0.00,1190817792,0,0
75.8924,203522048,455.9600,1003.95,0,0,1,134.46,0.00,1190817792,0,0
75.9034,203522048,456.0600,905.37,0,0,1,101.85,0.00,1190817792,0,0
75.9187,203522048,456.1300,457.25,0,0,1,65.32,0.00,1190817792,0,0
75.9307,203522048,456.2700,1172.84,0,0,1,157.08,0.00,1190817792,0,0
75.9460,203522048,456.3800,719.35,0,0,1,73.57,0.00,1190817792,0,0
75.9624,203522048,456.5200,854.43,0,0,1,122.06,0.00,1190817792,0,0
75.9772,203522048,456.6000,538.19,0,0,1,67.27,0.00,1190817792,0,0
75.9888,203522048,456.6800,690.15,0,0,1,86.27,0.00,1190817792,0,0
75.9998,203522048,456.8200,1274.38,0,0,1,170.68,0.00,1190817792,0,0
76.0108,203522048,456.9100,819.76,0,0,1,91.08,0.00,1190817792,0,0
76.0230,203522048,456.9900,655.66,0,0,1,92.20,0.00,1190817792,0,0
76.0352,203522048,457.0700,653.86,0,0,1,81.73,0.00,1190817792,0,0
76.0467,203522048,457.1600,781.97,0,0,1,86.89,0.00,1190817792,0,0
76.0587,203522048,457.2400,667.97,0,0,1,83.50,0.00,1190817792,0,0
76.0697,203522048,457.3600,1093.05,0,0,1,159.40,0.00,1190817792,0,0
76.0806,203522048,457.4500,825.02,0,0,1,103.13,0.00,1190817792,0,0
76.0918,203522048,457.5200,626.41,0,0,1,78.30,0.00,1190817792,0,0
76.1046,203522048,457.6300,858.67,0,0,1,97.58,0.00,1190817792,0,0
76.1160,203522048,457.7200,784.93,0,0,1,87.21,0.00,1190817792,0,0
76.1271,203522048,457.7900,633.30,0,0,1,90.47,0.00,1190817792,0,0
76.1399,203522048,457.9200,1012.88,0,0,1,136.35,0.00,1190817792,0,0
76.1541,203522048,458.0200,703.43,0,0,1,87.93,0.00,1190817792,0,0
76.1714,203522048,458.1700,868.16,0,0,1,115.75,0.00,1190817792,0,0
76.1850,203522048,458.2600,661.68,0,0,1,73.52,0.00,1190817792,0,0
76.1962,203522048,458.3300,627.76,0,0,1,89.68,0.00,1190817792,0,0
76.2086,203522048,458.4100,644.50,0,0,1,80.56,0.00,1190817792,0,0
76.2205,203522048,458.5500,1172.88,0,0,1,157.08,0.00,1190817792,0,0
76.2314,203522048,458.6400,823.81,0,0,1,102.98,0.00,1190817792,0,0
76.2423,203522048,458.7200,737.07,0,0,1,92.13,0.00,1190817792,0,0
76.2536,203522048,458.8000,708.96,0,0,1,88.62,0.00,1190817792,0,0
76.2643,203522048,458.8800,744.11,0,0,1,93.01,0.00,1190817792,0,0
76.2758,203522048,458.9600,699.00,0,0,1,87.38,0.00,1190817792,0,0
76.2869,203522048,459.0400,717.35,0,0,1,89.67,0.00,1190817792,0,0
76.2990,203522048,459.1800,1160.91,0,0,1,155.48,0.00,1190817792,0,0
76.3113,203522048,459.2700,730.78,0,0,1,91.35,0.00,1190817792,0,0
76.3222,203522048,459.3600,826.94,0,0,1,91.88,0.00,1190817792,0,0
76.3335,203522048,459.4400,706.95,0,0,1,88.37,0.00,1190817792,0,0
76.3443,203522048,459.5200,741.72,0,0,1,92.72,0.00,1190817792,0,0
76.3552,203522048,459.6000,734.84,0,0,1,91.86,0.00,1190817792,0,0
76.3664,203522048,459.6800,711.29,0,0,1,88.91,0.00,1190817792,0,0
76.3773,203522048,459.7600,734.92,0,0,1,91.87,0.00,1190817792,0,0
76.3885,203522048,459.8400,712.70,0,0,1,155.90,0.00,1190817792,0,0
76.4001,203522048,459.9800,1211.48,0,0,1,97.35,0.00,1190817792,0,0
76.4112,203522048,460.0700,808.45,0,0,1,101.06,0.00,1190817792,0,0
76.4245,203522048,460.1500,601.38,0,0,1,75.17,0.00,1190817792,0,0
76.4359,203522048,460.2400,790.29,0,0,1,87.81,0.00,1190817792,0,0
76.4467,203522048,460.3100,648.91,0,0,1,92.70,0.00,1190817792,0,0
76.4575,203522048,460.4000,830.00,0,0,1,92.22,0.00,1190817792,0,0
76.4686,203522048,460.4700,630.68,0,0,1,90.10,0.00,1190817792,0,0
76.4796,203522048,460.6200,1368.19,0,0,1,182.43,0.00,1190817792,0,0
76.4919,203522048,460.7100,733.77,0,0,1,81.53,0.00,1190817792,0,0
76.5053,203522048,460.7800,520.93,0,0,1,74.42,0.00,1190817792,0,0
76.5169,203522048,460.8600,689.60,0,0,1,86.20,0.00,1190817792,0,0
76.5277,203522048,460.9400,743.05,0,0,1,92.88,0.00,1190817792,0,0
76.5386,203522048,461.0800,1286.13,0,0,1,172.25,0.00,1190817792,0,0
76.5510,203522048,461.1700,722.98,0,0,1,90.37,0.00,1190817792,0,0
76.5617,203522048,461.2500,748.94,0,0,1,93.62,0.00,1190817792,0,0
76.5725,203522048,461.3300,737.67,0,0,1,92.21,0.00,1190817792,0,0
76.5833,203522048,461.4100,746.08,0,0,1,93.26,0.00,1190817792,0,0
76.5940,203522048,461.4900,746.51,0,0,1,93.31,0.00,1190817792,0,0
76.6048,203522048,461.5700,736.43,0,0,1,92.05,0.00,1190817792,0,0
76.6174,203522048,461.6500,635.08,0,0,1,79.39,0.00,1190817792,0,0
76.6282,203522048,461.7300,744.17,0,0,1,93.02,0.00,1190817792,0,0
76.6394,203522048,461.8600,1162.20,0,0,1,156.45,0.00,1190817792,0,0
76.6502,203522048,461.9600,919.90,0,0,1,114.99,0.00,1190817792,0,0
76.6610,203522048,462.0400,742.77,0,0,1,92.85,0.00,1190817792,0,0
76.6749,203522048,462.1200,576.49,0,0,1,72.06,0.00,1190817792,0,0
76.6892,203522048,462.2700,1049.53,0,0,1,139.94,0.00,1190817792,0,0
76.7048,203522048,462.3500,510.85,0,0,1,63.86,0.00,1190817792,0,0
76.7172,203522048,462.4300,649.73,0,0,1,81.22,0.00,1190817792,0,0
76.7281,203522048,462.5200,825.58,0,0,1,91.73,0.00,1190817792,0,0
76.7391,203522048,462.6000,726.25,0,0,1,158.87,0.00,1190817792,0,0
76.7498,203522048,462.7400,1302.42,0,0,1,116.29,0.00,1190817792,0,0
76.7606,203522048,462.8200,742.05,0,0,1,92.76,0.00,1190817792,0,0
76.7715,203522048,462.9000,732.30,0,0,1,91.54,0.00,1190817792,0,0
76.7826,203522048,462.9900,811.67,0,0,1,90.19,0.00,1190817792,0,0
76.7936,203522048,463.0700,731.62,0,0,1,91.45,0.00,1190817792,0,0
76.8058,203522048,463.1500,655.69,0,0,1,81.96,0.00,1190817792,0,0
76.8165,203522048,463.2300,741.01,0,0,1,92.63,0.00,1190817792,0,0
76.8279,203522048,463.3100,706.20,0,0,1,88.28,0.00,1190817792,0,0
76.8397,203522048,463.4500,1180.60,0,0,1,158.12,0.00,1190817792,0,0
76.8506,203522048,463.5300,737.59,0,0,1,92.20,0.00,1190817792,0,0
76.8613,203522048,463.6200,837.95,0,0,1,104.74,0.00,1190817792,0,0
76.8751,203522048,463.7000,582.77,0,0,1,72.85,0.00,1190817792,0,0
76.8866,203522048,463.7800,690.97,0,0,1,86.37,0.00,1190817792,0,0
76.8975,203522048,463.8600,738.39,0,0,1,92.30,0.00,1190817792,0,0
76.9095,203522048,464.0000,1167.31,0,0,1,166.76,0.00,1190817792,0,0
76.9211,203522048,464.0700,600.45,0,0,1,85.78,0.00,1190817792,0,0
76.9327,203522048,464.1300,516.46,0,0,1,86.08,0.00,1190817792,0,0
76.9437,203522048,464.2200,820.31,0,0,1,91.15,0.00,1190817792,0,0
76.9554,203522048,464.3000,681.86,0,0,1,85.23,0.00,1190817792,0,0
76.9662,203522048,464.3800,739.78,0,0,1,92.47,0.00,1190817792,0,0
76.9770,203522048,464.4600,743.63,0,0,1,92.95,0.00,1190817792,0,0
76.9889,203522048,464.5800,1011.69,0,0,1,147.54,0.00,1190817792,0,0
76.9999,203522048,464.6800,903.31,0,0,1,112.91,0.00,1190817792,0,0
77.0141,203522048,464.7600,563.02,0,0,1,70.38,0.00,1190817792,0,0
77.0250,203522048,464.8400,739.03,0,0,1,92.38,0.00,1190817792,0,0
77.0358,203522048,464.9200,742.36,0,0,1,92.79,0.00,1190817792,0,0
77.0465,203522048,465.0100,838.80,0,0,1,93.20,0.00,1190817792,0,0
77.0573,203522048,465.0900,736.39,0,0,1,92.05,0.00,1190817792,0,0
77.0690,203522048,465.1700,683.41,0,0,1,160.17,0.00,1190817792,0,0
77.0798,203522048,465.3000,1213.25,0,0,1,93.33,0.00,1190817792,0,0
77.0905,203522048,465.3800,744.00,0,0,1,93.00,0.00,1190817792,0,0
77.1029,203522048,465.4700,729.53,0,0,1,91.19,0.00,1190817792,0,0
77.1137,203522048,465.5500,739.07,0,0,1,92.38,0.00,1190817792,0,0
77.1254,203522048,465.6300,682.24,0,0,1,85.28,0.00,1190817792,0,0
77.1361,203522048,465.7200,840.22,0,0,1,93.36,0.00,1190817792,0,0
77.1469,203522048,465.8000,738.68,0,0,1,92.34,0.00,1190817792,0,0
77.1577,203522048,465.8700,647.96,0,0,1,92.57,0.00,1190817792,0,0
77.1686,203522048,465.9500,739.64,0,0,1,92.45,0.00,1190817792,0,0
77.1794,203522048,466.0900,1295.38,0,0,1,173.49,0.00,1190817792,0,0
77.1908,203522048,466.1900,876.52,0,0,1,98.61,0.00,1190817792,0,0
77.2017,203522048,466.2700,733.18,0,0,1,91.65,0.00,1190817792,0,0
77.2129,203522048,466.3500,711.81,0,0,1,88.98,0.00,1190817792,0,0
77.2238,203522048,466.4300,735.55,0,0,1,91.94,0.00,1190817792,0,0
77.2353,203522048,466.5100,694.20,0,0,1,86.77,0.00,1190817792,0,0
77.2461,203522048,466.5900,740.57,0,0,1,92.57,0.00,1190817792,0,0
77.2570,203522048,466.6700,739.37,0,0,1,92.42,0.00,1190817792,0,0
77.2678,203522048,466.7500,738.92,0,0,1,92.37,0.00,1190817792,0,0
77.2787,203522048,466.8200,643.21,0,0,1,91.89,0.00,1190817792,0,0
77.2897,203522048,466.9600,1267.57,0,0,1,181.08,0.00,1190817792,0,0
77.3006,203522048,467.0500,827.38,0,0,1,91.93,0.00,1190817792,0,0
77.3113,203522048,467.1200,651.39,0,0,1,81.42,0.00,1190817792,0,0
77.3244,203522048,467.2200,763.06,0,0,1,85.84,0.00,1190817792,0,0
77.3352,203522048,467.3000,742.54,0,0,1,92.82,0.00,1190817792,0,0
77.3460,203522048,467.3800,742.54,0,0,1,92.82,0.00,1190817792,0,0
77.3572,203522048,467.4600,715.60,0,0,1,89.45,0.00,1190817792,0,0
77.3683,203522048,467.5400,718.14,0,0,1,89.77,0.00,1190817792,0,0
77.3791,203522048,467.6700,1205.75,0,0,1,162.31,0.00,1190817792,0,0
77.3906,203522048,467.7600,781.82,0,0,1,97.73,0.00,1190817792,0,0
77.4014,203522048,467.8500,830.46,0,0,1,103.81,0.00,1190817792,0,0
77.4122,203522048,467.9300,741.30,0,0,1,92.66,0.00,1190817792,0,0
77.4231,203522048,468.0100,735.01,0,0,1,91.88,0.00,1190817792,0,0
77.4341,203522048,468.0900,726.68,0,0,1,90.83,0.00,1190817792,0,0
77.4449,203522048,468.1700,741.83,0,0,1,92.73,0.00,1190817792,0,0
77.4558,203522048,468.2500,736.48,0,0,1,92.06,0.00,1190817792,0,0
77.4675,203522048,468.3300,682.52,0,0,1,85.31,0.00,1190817792,0,0
77.4782,203522048,468.4100,745.65,0,0,1,93.21,0.00,1190817792,0,0
77.4892,203522048,468.5400,1188.46,0,0,1,159.98,0.00,1190817792,0,0
77.5000,203522048,468.6400,925.11,0,0,1,115.64,0.00,1190817792,0,0
77.5107,203522048,468.7200,748.70,0,0,1,93.59,0.00,1190817792,0,0
77.5222,203522048,468.7900,603.93,0,0,1,75.49,0.00,1190817792,0,0
77.5331,203522048,468.8800,828.96,0,0,1,103.62,0.00,1190817792,0,0
77.5439,203522048,468.9600,741.18,0,0,1,92.65,0.00,1190817792,0,0
77.5563,203522048,469.0400,643.72,0,0,1,80.46,0.00,1190817792,0,0
77.5672,203522048,469.1200,736.23,0,0,1,92.03,0.00,1190817792,0,0
77.5779,203522048,469.2100,839.87,0,0,1,93.32,0.00,1190817792,0,0
77.5887,203522048,469.2800,648.01,0,0,1,92.57,0.00,1190817792,0,0
77.5995,203522048,469.4200,1294.04,0,0,1,173.31,0.00,1190817792,0,0
77.6109,203522048,469.5100,792.35,0,0,1,99.04,0.00,1190817792,0,0
77.6218,203522048,469.5900,730.91,0,0,1,91.36,0.00,1190817792,0,0
77.6326,203522048,469.6700,742.79,0,0,1,92.85,0.00,1190817792,0,0
77.6433,203522048,469.7500,750.99,0,0,1,93.87,0.00,1190817792,0,0
77.6570,203522048,469.8300,582.78,0,0,1,72.85,0.00,1190817792,0,0
77.6678,203522048,469.9100,736.95,0,0,1,92.12,0.00,1190817792,0,0
77.6786,203522048,469.9900,744.48,0,0,1,93.06,0.00,1190817792,0,0
77.6895,203522048,470.1300,1286.30,0,0,1,172.27,0.00,1190817792,0,0
77.7002,203522048,470.2200,835.08,0,0,1,104.39,0.00,1190817792,0,0
77.7110,203522048,470.2900,653.39,0,0,1,81.67,0.00,1190817792,0,0
77.7245,203522048,470.3900,735.69,0,0,1,82.77,0.00,1190817792,0,0
77.7353,203522048,470.4600,647.97,0,0,1,92.57,0.00,1190817792,0,0
77.7461,203522048,470.5500,838.93,0,0,1,93.21,0.00,1190817792,0,0
77.7569,203522048,470.6200,643.91,0,0,1,91.99,0.00,1190817792,0,0
77.7705,203522048,470.7700,1105.91,0,0,1,147.45,0.00,1190817792,0,0
77.7818,203522048,470.8500,707.66,0,0,1,88.46,0.00,1190817792,0,0
77.7925,203522048,470.9300,746.47,0,0,1,93.31,0.00,1190817792,0,0
77.8033,203522048,471.0100,743.17,0,0,1,92.90,0.00,1190817792,0,0
77.8141,203522048,471.0900,737.46,0,0,1,92.18,0.00,1190817792,0,0
77.8249,203522048,471.1700,743.44,0,0,1,92.93,0.00,1190817792,0,0
77.8357,203522048,471.2500,744.06,0,0,1,93.01,0.00,1190817792,0,0
77.8465,203522048,471.3400,828.13,0,0,1,92.01,0.00,1190817792,0,0
77.8579,203522048,471.4200,703.94,0,0,1,87.99,0.00,1190817792,0,0
77.8687,203522048,471.5000,739.76,0,0,1,92.47,0.00,1190817792,0,0
77.8799,203522048,471.6200,1071.57,0,0,1,156.27,0.00,1190817792,0,0
77.8912,203522048,471.7200,888.18,0,0,1,99.92,0.00,1190817792,0,0
77.9021,203522048,471.8100,823.08,0,0,1,102.88,0.00,1190817792,0,0
77.9130,203522048,471.8800,639.56,0,0,1,91.37,0.00,1190817792,0,0
77.9240,203522048,471.9700,824.32,0,0,1,91.59,0.00,1190817792,0,0
77.9349,203522048,472.0500,734.06,0,0,1,91.76,0.00,1190817792,0,0
77.9457,203522048,472.1300,739.28,0,0,1,92.41,0.00,1190817792,0,0
77.9566,203522048,472.2300,914.22,0,0,1,91.42,0.00,1190817792,0,0
77.9699,203522048,472.3500,903.11,0,0,1,141.11,0.00,1190817792,0,0
77.9821,203522048,472.4400,736.66,0,0,1,92.08,0.00,1190817792,0,0
77.9932,203522048,472.5200,721.05,0,0,1,90.13,0.00,1190817792,0,0
78.0057,203522048,472.6000,641.44,0,0,1,80.18,0.00,1190817792,0,0
78.0166,203522048,472.6800,735.47,0,0,1,91.93,0.00,1190817792,0,0
78.0274,203522048,472.7700,828.60,0,0,1,92.07,0.00,1190817792,0,0
78.0384,203522048,472.8500,727.87,0,0,1,90.98,0.00,1190817792,0,0
78.0498,203522048,472.9700,1055.85,0,0,1,153.98,0.00,1190817792,0,0
78.0605,203522048,473.0500,747.16,0,0,1,93.40,0.00,1190817792,0,0
78.0742,203522048,473.1400,654.63,0,0,1,81.83,0.00,1190817792,0,0
78.0857,203522048,473.2300,784.62,0,0,1,98.08,0.00,1190817792,0,0
78.0966,203522048,473.3100,737.48,0,0,1,92.19,0.00,1190817792,0,0
78.1077,203522048,473.4000,806.96,0,0,1,156.91,0.00,1190817792,0,0
78.1219,203522048,473.5400,990.00,0,0,1,88.39,0.00,1190817792,0,0
78.1327,203522048,473.6200,737.71,0,0,1,92.21,0.00,1190817792,0,0
78.1450,203522048,473.7100,733.91,0,0,1,81.55,0.00,1190817792,0,0
78.1634,203522048,473.8600,815.05,0,0,1,108.67,0.00,1190817792,0,0
78.1764,203522048,473.9400,613.45,0,0,1,76.68,0.00,1190817792,0,0
78.1875,203522048,474.0200,721.12,0,0,1,90.14,0.00,1190817792,0,0
78.1988,203522048,474.1000,710.58,0,0,1,88.82,0.00,1190817792,0,0
78.2097,203522048,474.2300,1186.09,0,0,1,159.67,0.00,1190817792,0,0
78.2207,203522048,474.3000,636.02,0,0,1,79.50,0.00,1190817792,0,0
78.2322,203522048,474.4100,956.03,0,0,1,108.64,0.00,1190817792,0,0
78.2450,203522048,474.4800,549.27,0,0,1,88.28,0.00,1190817792,0,0
78.2567,203522048,474.5700,770.76,0,0,1,74.93,0.00,1190817792,0,0
78.2742,203522048,474.7100,796.57,0,0,1,106.68,0.00,1190817792,0,0
78.2853,203522048,474.8100,906.40,0,0,1,113.30,0.00,1190817792,0,0
78.3027,203522048,474.9500,802.93,0,0,1,107.53,0.00,1190817792,0,0
78.3179,203522048,475.0500,656.28,0,0,1,98.44,0.00,1190817792,0,0
78.3330,203522048,475.1800,862.62,0,0,1,107.83,0.00,1190817792,0,0
78.3487,203522048,475.2800,636.04,0,0,1,63.60,0.00,1190817792,0,0
78.3601,203522048,475.3900,970.21,0,0,1,143.33,0.00,1190817792,0,0
78.3733,203522048,475.5000,833.52,0,0,1,94.72,0.00,1190817792,0,0
78.3842,203522048,475.5700,638.99,0,0,1,79.87,0.00,1190817792,0,0
78.3952,203522048,475.6800,999.49,0,0,1,113.58,0.00,1190817792,0,0
78.4066,203522048,475.7400,526.86,0,0,1,87.81,0.00,1190817792,0,0
78.4186,203522048,475.8200,669.40,0,0,1,156.89,0.00,1190817792,0,0
78.4358,203522048,475.9700,871.76,0,0,1,50.85,0.00,1190817792,0,0
78.4494,203522048,476.1000,955.25,0,0,1,119.41,0.00,1190817792,0,0
78.4611,203522048,476.2000,852.36,0,0,1,106.54,0.00,1190817792,0,0
78.4773,203522048,476.3000,619.13,0,0,1,69.65,0.00,1190817792,0,0
78.4896,203522048,476.4200,970.62,0,0,1,151.66,0.00,1190817792,0,0
78.5013,203522048,476.5000,685.93,0,0,1,75.02,0.00,1190817792,0,0
78.5123,203522048,476.6000,906.40,0,0,1,101.97,0.00,1190817792,0,0
78.5237,203522048,476.6800,705.13,0,0,1,88.14,0.00,1190817792,0,0
78.5345,203522048,476.7600,736.91,0,0,1,92.11,0.00,1190817792,0,0
78.5453,203522048,476.8400,740.32,0,0,1,92.54,0.00,1190817792,0,0
78.5569,203522048,476.9300,776.33,0,0,1,86.26,0.00,1190817792,0,0
78.5677,203522048,477.0100,739.62,0,0,1,92.45,0.00,1190817792,0,0
78.5792,203522048,477.1300,1049.54,0,0,1,153.06,0.00,1190817792,0,0
78.5901,203522048,477.2100,730.53,0,0,1,91.32,0.00,1190817792,0,0
78.6015,203522048,477.3000,787.79,0,0,1,98.47,0.00,1190817792,0,0
78.6123,203522048,477.3800,744.30,0,0,1,93.04,0.00,1190817792,0,0
78.6238,203522048,477.4800,868.39,0,0,1,97.69,0.00,1190817792,0,0
78.6348,203522048,477.5500,635.97,0,0,1,90.85,0.00,1190817792,0,0
78.6456,203522048,477.6400,831.84,0,0,1,92.43,0.00,1190817792,0,0
78.6565,203522048,477.7200,734.66,0,0,1,91.83,0.00,1190817792,0,0
78.6692,203522048,477.8400,949.61,0,0,1,138.48,0.00,1190817792,0,0
78.6799,203522048,477.9300,838.27,0,0,1,104.78,0.00,1190817792,0,0
78.6908,203522048,478.0200,828.93,0,0,1,103.62,0.00,1190817792,0,0
78.7016,203522048,478.1000,735.61,0,0,1,91.95,0.00,1190817792,0,0
78.7162,203522048,478.1700,480.64,0,0,1,60.08,0.00,1190817792,0,0
78.7278,203522048,478.2600,772.60,0,0,1,85.84,0.00,1190817792,0,0
78.7391,203522048,478.3800,1063.39,0,0,1,144.00,0.00,1190817792,0,0
78.7501,203522048,478.4700,822.31,0,0,1,114.21,0.00,1190817792,0,0
78.7609,203522048,478.5600,827.96,0,0,1,92.00,0.00,1190817792,0,0
78.7719,203522048,478.6400,731.49,0,0,1,91.44,0.00,1190817792,0,0
78.7828,203522048,478.7200,729.77,0,0,1,91.22,0.00,1190817792,0,0
78.7943,203522048,478.8100,784.20,0,0,1,98.03,0.00,1190817792,0,0
78.8053,203522048,478.8900,731.63,0,0,1,91.45,0.00,1190817792,0,0
78.8161,203522048,478.9600,645.41,0,0,1,80.68,0.00,1190817792,0,0
78.8270,203522048,479.0500,829.19,0,0,1,103.65,0.00,1190817792,0,0
78.8378,203522048,479.1400,830.03,0,0,1,92.23,0.00,1190817792,0,0
78.8486,203522048,479.2200,738.67,0,0,1,92.33,0.00,1190817792,0,0
78.8597,203522048,479.3500,1179.14,0,0,1,170.07,0.00,1190817792,0,0
78.8706,203522048,479.4400,823.59,0,0,1,102.95,0.00,1190817792,0,0
78.8820,203522048,479.5200,703.33,0,0,1,87.92,0.00,1190817792,0,0
78.8927,203522048,479.6000,742.39,0,0,1,92.80,0.00,1190817792,0,0
78.9048,203522048,479.6800,660.64,0,0,1,82.58,0.00,1190817792,0,0
78.9170,203522048,479.7600,659.66,0,0,1,82.46,0.00,1190817792,0,0
78.9278,203522048,479.8500,830.42,0,0,1,92.27,0.00,1190817792,0,0
78.9403,203522048,479.9900,1124.06,0,0,1,160.58,0.00,1190817792,0,0
78.9517,203522048,480.0800,783.70,0,0,1,87.08,0.00,1190817792,0,0
78.9626,203522048,480.1600,737.00,0,0,1,92.12,0.00,1190817792,0,0
78.9743,203522048,480.2400,683.75,0,0,1,85.47,0.00,1190817792,0,0
78.9860,203522048,480.3200,682.81,0,0,1,85.35,0.00,1190817792,0,0
78.9973,203522048,480.4000,706.55,0,0,1,88.32,0.00,1190817792,0,0
79.0099,203522048,480.5400,1118.32,0,0,1,159.76,0.00,1190817792,0,0
79.0214,203522048,480.6200,693.65,0,0,1,86.71,0.00,1190817792,0,0
79.0334,203522048,480.7100,751.85,0,0,1,83.54,0.00,1190817792,0,0
79.0441,203522048,480.7900,742.84,0,0,1,92.86,0.00,1190817792,0,0
79.0572,203522048,480.8700,612.24,0,0,1,76.53,0.00,1190817792,0,0
79.0681,203522048,480.9500,735.53,0,0,1,91.94,0.00,1190817792,0,0
79.0789,203522048,481.0300,742.12,0,0,1,92.77,0.00,1190817792,0,0
79.0897,203522048,481.1700,1295.08,0,0,1,185.01,0.00,1190817792,0,0
79.1021,203522048,481.2600,725.85,0,0,1,80.65,0.00,1190817792,0,0
79.1171,203522048,481.3400,532.82,0,0,1,66.60,0.00,1190817792,0,0
79.1279,203522048,481.4200,736.13,0,0,1,92.02,0.00,1190817792,0,0
79.1402,203522048,481.5600,1145.15,0,0,1,153.37,0.00,1190817792,0,0
79.1510,203522048,481.6500,827.21,0,0,1,103.40,0.00,1190817792,0,0
79.1618,203522048,481.7300,743.38,0,0,1,92.92,0.00,1190817792,0,0
79.1726,203522048,481.8100,741.55,0,0,1,92.69,0.00,1190817792,0,0
79.1834,203522048,481.8900,743.25,0,0,1,92.91,0.00,1190817792,0,0
79.1942,203522048,481.9700,740.89,0,0,1,92.61,0.00,1190817792,0,0
79.2050,203522048,482.0500,740.58,0,0,1,92.57,0.00,1190817792,0,0
79.2158,203522048,482.1300,735.18,0,0,1,91.90,0.00,1190817792,0,0
79.2266,203522048,482.2100,741.48,0,0,1,92.69,0.00,1190817792,0,0
79.2374,203522048,482.2900,740.28,0,0,1,92.54,0.00,1190817792,0,0
79.2483,203522048,482.3700,738.62,0,0,1,92.33,0.00,1190817792,0,0
79.2590,203522048,482.5100,1299.11,0,0,1,173.99,0.00,1190817792,0,0
79.2708,203522048,482.6000,768.27,0,0,1,96.03,0.00,1190817792,0,0
79.2822,203522048,482.6800,696.80,0,0,1,87.10,0.00,1190817792,0,0
79.2931,203522048,482.7600,737.40,0,0,1,92.17,0.00,1190817792,0,0
79.3041,203522048,482.8400,726.07,0,0,1,90.76,0.00,1190817792,0,0
79.3151,203522048,482.9200,726.28,0,0,1,90.78,0.00,1190817792,0,0
79.3260,203522048,483.0100,829.35,0,0,1,92.15,0.00,1190817792,0,0
79.3385,203522048,483.1400,1040.79,0,0,1,150.11,0.00,1190817792,0,0
79.3503,203522048,483.2200,677.77,0,0,1,84.72,0.00,1190817792,0,0
79.3612,203522048,483.3100,820.02,0,0,1,102.50,0.00,1190817792,0,0
79.3722,203522048,483.3900,733.30,0,0,1,91.66,0.00,1190817792,0,0
79.3829,203522048,483.4700,741.51,0,0,1,92.69,0.00,1190817792,0,0
79.3937,203522048,483.5500,744.23,0,0,1,93.03,0.00,1190817792,0,0
79.4044,203522048,483.6300,746.98,0,0,1,93.37,0.00,1190817792,0,0
79.4151,203522048,483.7100,746.32,0,0,1,93.29,0.00,1190817792,0,0
79.4262,203522048,483.7900,721.46,0,0,1,90.18,0.00,1190817792,0,0
79.4371,203522048,483.8700,734.71,0,0,1,91.84,0.00,1190817792,0,0
79.4480,203522048,483.9500,733.12,0,0,1,91.64,0.00,1190817792,0,0
79.4589,203522048,484.0300,737.32,0,0,1,92.16,0.00,1190817792,0,0
79.4751,203522048,484.1900,982.43,0,0,1,122.80,0.00,1190817792,0,0
79.4930,203522048,484.3500,894.88,0,0,1,111.86,0.00,1190817792,0,0
79.5070,203522048,484.4300,570.78,0,0,1,71.35,0.00,1190817792,0,0
79.5182,203522048,484.5100,717.62,0,0,1,89.70,0.00,1190817792,0,0
79.5294,203522048,484.6400,1162.91,0,0,1,167.73,0.00,1190817792,0,0
79.5404,203522048,484.7200,722.62,0,0,1,90.33,0.00,1190817792,0,0
79.5574,203522048,484.8200,590.94,0,0,1,66.48,0.00,1190817792,0,0
79.5686,203522048,484.9700,1340.84,0,0,1,178.78,0.00,1190817792,0,0
79.5849,203522048,485.0500,489.22,0,0,1,61.15,0.00,1190817792,0,0
79.5978,203522048,485.1300,620.45,0,0,1,77.56,0.00,1190817792,0,0
79.6095,203522048,485.2700,1195.82,0,0,1,160.15,0.00,1190817792,0,0
79.6213,203522048,485.3500,675.82,0,0,1,84.48,0.00,1190817792,0,0
79.6324,203522048,485.4300,724.35,0,0,1,90.54,0.00,1190817792,0,0
79.6446,203522048,485.5200,734.81,0,0,1,91.85,0.00,1190817792,0,0
79.6572,203522048,485.6000,638.22,0,0,1,79.78,0.00,1190817792,0,0
79.6683,203522048,485.6800,716.68,0,0,1,179.17,0.00,1190817792,0,0
79.6882,203522048,485.8300,754.78,0,0,1,50.32,0.00,1190817792,0,0
79.6993,203522048,485.9500,1085.68,0,0,1,147.02,0.00,1190817792,0,0
79.7103,203522048,486.0200,631.65,0,0,1,78.96,0.00,1190817792,0,0
79.7239,203522048,486.1400,886.52,0,0,1,110.82,0.00,1190817792,0,0
79.7438,203522048,486.2900,751.88,0,0,1,100.25,0.00,1190817792,0,0
79.7560,203522048,486.3700,657.89,0,0,1,82.24,0.00,1190817792,0,0
79.7670,203522048,486.4500,726.37,0,0,1,90.80,0.00,1190817792,0,0
79.7823,203522048,486.5500,653.78,0,0,1,122.58,0.00,1190817792,0,0
79.7934,203522048,486.6400,813.89,0,0,1,101.74,0.00,1190817792,0,0
79.8060,203522048,486.7000,474.93,0,0,1,79.15,0.00,1190817792,0,0
79.8178,203522048,486.8000,845.15,0,0,1,84.52,0.00,1190817792,0,0
79.8294,203526144,486.9000,864.98,0,0,1,162.18,0.00,1197105152,0,0
79.8404,203526144,486.9700,637.97,0,0,1,79.75,0.00,1197105152,0,0
79.8513,203526144,487.0600,822.59,0,0,1,102.82,0.00,1197105152,0,0
79.8630,203526144,487.1400,682.79,0,0,1,85.35,0.00,1197105152,0,0
79.8751,203526144,487.2200,664.27,0,0,1,83.03,0.00,1197105152,0,0
79.8864,203526144,487.2900,617.05,0,0,1,88.15,0.00,1195614208,0,0
79.8979,203526144,487.3700,694.95,0,0,1,86.87,0.00,1195614208,0,0
79.9089,203526144,487.4500,731.06,0,0,1,171.34,0.00,1195614208,0,0
79.9253,203526144,487.6000,914.74,0,0,1,68.61,0.00,1195614208,0,0
79.9382,203526144,487.6900,694.76,0,0,1,77.20,0.00,1195614208,0,0
79.9491,203526144,487.8000,1008.10,0,0,1,148.92,0.00,1195614208,0,0
79.9601,203526144,487.9100,999.77,0,0,1,124.97,0.00,1195614208,0,0
79.9715,203526144,487.9800,617.39,0,0,1,77.17,0.00,1195614208,0,0
79.9824,203526144,488.0700,819.78,0,0,1,102.47,0.00,1195614208,0,0
79.9952,203526144,488.1600,707.11,0,0,1,147.31,0.00,1195614208,0,0
80.0114,203526144,488.2700,678.84,0,0,1,69.43,0.00,1197707264,0,0
80.0226,203526144,488.3400,624.03,0,0,1,89.15,0.00,1197707264,0,0
80.0335,204439552,488.4000,548.66,0,0,1,91.44,0.00,1200087040,0,0
80.0444,204439552,488.4700,645.53,0,0,1,92.22,0.00,1196666880,0,0
80.0553,204439552,488.5500,729.48,0,0,1,91.18,0.00,1196666880,0,0
80.0663,204439552,488.6300,731.24,0,0,1,91.41,0.00,1196666880,0,0
80.0777,204439552,488.7100,697.08,0,0,1,87.14,0.00,1196666880,0,0
80.0886,204439552,488.7900,738.43,0,0,1,92.30,0.00,1196666880,0,0
80.1013,204439552,488.9400,1179.25,0,0,1,157.23,0.00,1196666880,0,0
80.1124,204439552,489.0200,723.25,0,0,1,90.41,0.00,1196666880,0,0
80.1231,204439552,489.1000,745.90,0,0,1,93.24,0.00,1196666880,0,0
80.1376,204439552,489.1800,550.90,0,0,1,68.86,0.00,1196666880,0,0
80.1484,204439552,489.2600,743.84,0,0,1,92.98,0.00,1196666880,0,0
80.1591,204439552,489.4100,1391.96,0,0,1,185.59,0.00,1196666880,0,0
80.1701,204439552,489.4900,732.57,0,0,1,91.57,0.00,1196666880,0,0
80.1808,204439552,489.5700,743.42,0,0,1,92.93,0.00,1196666880,0,0
80.1917,204439552,489.6500,735.87,0,0,1,91.98,0.00,1196666880,0,0
80.2027,204439552,489.7300,725.83,0,0,1,90.73,0.00,1196666880,0,0
80.2138,204439552,489.8100,719.15,0,0,1,89.89,0.00,1196666880,0,0
80.2263,204439552,489.8900,641.84,0,0,1,80.23,0.00,1196666880,0,0
80.2381,204439552,489.9700,676.85,0,0,1,84.61,0.00,1196666880,0,0
80.2490,204439552,490.1100,1288.02,0,0,1,172.50,0.00,1196666880,0,0
80.2650,204439552,490.2000,560.90,0,0,1,70.11,0.00,1196666880,0,0
80.2766,204439552,490.2800,692.66,0,0,1,86.58,0.00,1196666880,0,0
80.2876,204439552,490.3600,728.59,0,0,1,91.07,0.00,1196666880,0,0
80.2990,204439552,490.4400,698.97,0,0,1,163.82,0.00,1196666880,0,0
80.3101,204439552,490.5800,1259.05,0,0,1,89.93,0.00,1196666880,0,0
80.3210,204439552,490.6600,736.14,0,0,1,92.02,0.00,1196666880,0,0
80.3340,204439552,490.7500,693.53,0,0,1,86.69,0.00,1196666880,0,0
80.3491,204439552,490.9000,989.86,0,0,1,131.98,0.00,1196666880,0,0
80.3644,204439552,490.9900,590.31,0,0,1,65.59,0.00,1196666880,0,0
80.3808,204439552,491.1400,912.09,0,0,1,121.61,0.00,1196666880,0,0
80.3918,204439552,491.2200,730.02,0,0,1,91.25,0.00,1196666880,0,0
80.4060,204439552,491.3000,564.02,0,0,1,70.50,0.00,1196666880,0,0
80.4169,204439552,491.3800,728.65,0,0,1,91.08,0.00,1196666880,0,0
80.4279,204439552,491.4600,731.47,0,0,1,91.43,0.00,1196666880,0,0
80.4396,204439552,491.6100,1278.67,0,0,1,170.49,0.00,1196666880,0,0
80.4544,204439552,491.6900,539.23,0,0,1,67.40,0.00,1196666880,0,0
80.4654,204439552,491.7700,731.71,0,0,1,91.46,0.00,1196666880,0,0
80.4771,204439552,491.8500,683.91,0,0,1,85.49,0.00,1196666880,0,0
80.4883,204439552,491.9300,716.05,0,0,1,89.51,0.00,1196666880,0,0
80.4992,204439552,492.0600,1188.43,0,0,1,159.98,0.00,1196666880,0,0
80.5110,204439552,492.1600,844.38,0,0,1,105.55,0.00,1196666880,0,0
80.5223,204439552,492.2300,620.74,0,0,1,77.59,0.00,1196666880,0,0
80.5354,204439552,492.3200,686.40,0,0,1,85.80,0.00,1196666880,0,0
80.5506,204439552,492.4800,1057.69,0,0,1,132.21,0.00,1196666880,0,0
80.5680,204439552,492.5700,514.71,0,0,1,85.79,0.00,1196666880,0,0
80.5859,204439552,492.7100,782.82,0,0,1,83.87,0.00,1196666880,0,0
80.5987,204439552,492.7900,628.12,0,0,1,78.51,0.00,1196666880,0,0
80.6098,204439552,492.9300,1253.27,0,0,1,167.85,0.00,1196666880,0,0
80.6291,204439552,493.0600,674.18,0,0,1,97.24,0.00,1196666880,0,0
80.6421,204439552,493.1600,767.59,0,0,1,95.95,0.00,1196666880,0,0
80.6607,204439552,493.3100,809.83,0,0,1,94.48,0.00,1196666880,0,0
80.6794,204439552,493.4500,746.53,0,0,1,99.98,0.00,1196666880,0,0
80.6914,204439552,493.5500,835.90,0,0,1,104.49,0.00,1196666880,0,0
80.7033,204439552,493.6300,670.23,0,0,1,83.78,0.00,1196666880,0,0
80.7144,204439552,493.7200,813.65,0,0,1,90.41,0.00,1196666880,0,0
80.7266,204439552,493.8300,897.36,0,0,1,132.56,0.00,1196666880,0,0
80.7403,204439552,493.9400,806.47,0,0,1,91.64,0.00,1196666880,0,0
80.7512,204439552,494.0200,730.15,0,0,1,102.68,0.00,1196666880,0,0
80.7635,204439552,494.1000,652.21,0,0,1,81.53,0.00,1196666880,0,0
80.7773,204439552,494.1900,653.01,0,0,1,72.56,0.00,1196666880,0,0
80.7884,204439552,494.2700,718.46,0,0,1,89.81,0.00,1196666880,0,0
80.7998,204439552,494.4100,1230.51,0,0,1,175.79,0.00,1196666880,0,0
80.8110,204439552,494.4800,623.52,0,0,1,89.07,0.00,1196666880,0,0
80.8220,204439552,494.5600,730.54,0,0,1,91.32,0.00,1196666880,0,0
80.8329,204439552,494.6400,729.10,0,0,1,91.14,0.00,1196666880,0,0
80.8440,204439552,494.7200,722.07,0,0,1,90.26,0.00,1196666880,0,0
80.8550,204439552,494.8000,731.32,0,0,1,91.41,0.00,1196666880,0,0
80.8658,204439552,494.8800,735.49,0,0,1,91.94,0.00,1196666880,0,0
80.8767,204439552,494.9600,736.79,0,0,1,92.10,0.00,1196666880,0,0
80.8901,204439552,495.1000,1043.55,0,0,1,139.76,0.00,1196666880,0,0
80.9030,204439552,495.1900,698.87,0,0,1,87.36,0.00,1196666880,0,0
80.9138,204439552,495.2700,738.26,0,0,1,92.28,0.00,1196666880,0,0
80.9247,204439552,495.3500,737.58,0,0,1,92.20,0.00,1196666880,0,0
80.9374,204439552,495.4300,625.99,0,0,1,78.25,0.00,1196666880,0,0
80.9483,204439552,495.5100,734.87,0,0,1,91.86,0.00,1196666880,0,0
80.9592,204439552,495.6500,1292.77,0,0,1,173.14,0.00,1196666880,0,0
80.9723,204439552,495.7400,685.13,0,0,1,85.64,0.00,1196666880,0,0
80.9832,204439552,495.8200,734.00,0,0,1,91.75,0.00,1196666880,0,0
80.9939,204439552,495.9000,746.90,0,0,1,93.36,0.00,1196666880,0,0
81.0049,204439552,495.9800,728.85,0,0,1,91.11,0.00,1196666880,0,0
81.0158,204439552,496.0600,734.71,0,0,1,91.84,0.00,1196666880,0,0
81.0266,204439552,496.1400,742.10,0,0,1,92.76,0.00,1196666880,0,0
81.0375,204439552,496.2200,733.01,0,0,1,91.63,0.00,1196666880,0,0
81.0484,204439552,496.3000,731.95,0,0,1,91.49,0.00,1196666880,0,0
81.0591,204439552,496.4400,1305.34,0,0,1,186.48,0.00,1196666880,0,0
81.0701,204439552,496.5100,636.06,0,0,1,68.15,0.00,1196666880,0,0
81.0812,204439552,496.6000,812.09,0,0,1,101.51,0.00,1196666880,0,0
81.0945,204439552,496.7000,752.59,0,0,1,84.67,0.00,1196666880,0,0
81.1054,204439552,496.7700,644.61,0,0,1,92.09,0.00,1196666880,0,0
81.1162,204439552,496.8500,738.97,0,0,1,92.37,0.00,1196666880,0,0
81.1269,204439552,496.9300,745.87,0,0,1,93.23,0.00,1196666880,0,0
81.1404,204439552,497.0900,1186.24,0,0,1,148.28,0.00,1196666880,0,0
81.1562,204439552,497.1700,505.90,0,0,1,63.24,0.00,1196666880,0,0
81.1716,204439552,497.3300,1042.98,0,0,1,130.37,0.00,1196666880,0,0
81.1825,204439552,497.4100,728.03,0,0,1,91.00,0.00,1196666880,0,0
81.1935,204439552,497.4900,732.54,0,0,1,91.57,0.00,1196666880,0,0
81.2047,204439552,497.5700,711.08,0,0,1,88.89,0.00,1196666880,0,0
81.2155,204439552,497.6500,740.41,0,0,1,92.55,0.00,1196666880,0,0
81.2263,204439552,497.7300,742.63,0,0,1,92.83,0.00,1196666880,0,0
81.2371,204439552,497.8100,737.13,0,0,1,92.14,0.00,1196666880,0,0
81.2479,204439552,497.8900,743.23,0,0,1,92.90,0.00,1196666880,0,0
81.2587,204439552,497.9700,743.45,0,0,1,92.93,0.00,1196666880,0,0
81.2694,204439552,498.1100,1298.62,0,0,1,173.92,0.00,1196666880,0,0
81.2802,204439552,498.2000,837.48,0,0,1,104.68,0.00,1196666880,0,0
81.2910,204439552,498.2800,742.52,0,0,1,92.82,0.00,1196666880,0,0
81.3020,204439552,498.3600,727.44,0,0,1,90.93,0.00,1196666880,0,0
81.3138,204439552,498.4400,673.61,0,0,1,84.20,0.00,1196666880,0,0
81.3247,204439552,498.5300,830.54,0,0,1,92.28,0.00,1196666880,0,0
81.3376,204439552,498.6000,542.54,0,0,1,77.51,0.00,1196666880,0,0
81.3486,204439552,498.6700,636.70,0,0,1,159.18,0.00,1196666880,0,0
81.3599,204439552,498.8100,1235.94,0,0,1,99.32,0.00,1196666880,0,0
81.3709,204439552,498.9000,821.39,0,0,1,102.67,0.00,1196666880,0,0
81.3818,204439552,498.9700,638.33,0,0,1,79.79,0.00,1196666880,0,0
81.3927,204439552,499.0600,826.29,0,0,1,103.29,0.00,1196666880,0,0
81.4037,204439552,499.1400,726.39,0,0,1,90.80,0.00,1196666880,0,0
81.4146,204439552,499.2200,734.15,0,0,1,91.77,0.00,1196666880,0,0
81.4255,204439552,499.3100,826.27,0,0,1,91.81,0.00,1196666880,0,0
81.4381,204439552,499.3800,557.27,0,0,1,79.61,0.00,1196666880,0,0
81.4491,204439552,499.5200,1268.76,0,0,1,169.92,0.00,1196666880,0,0
81.4600,204439552,499.6100,828.72,0,0,1,103.59,0.00,1196666880,0,0
81.4710,204439552,499.6900,728.24,0,0,1,91.03,0.00,1196666880,0,0
81.4818,204439552,499.7700,735.08,0,0,1,91.89,0.00,1196666880,0,0
81.4927,204439552,499.8500,736.73,0,0,1,92.09,0.00,1196666880,0,0
81.5035,204439552,499.9300,738.00,0,0,1,92.25,0.00,1196666880,0,0
81.5144,204439552,500.0100,733.54,0,0,1,91.69,0.00,1196666880,0,0
81.5254,204439552,500.1000,819.30,0,0,1,91.03,0.00,1196666880,0,0
81.5364,204439552,500.1700,637.00,0,0,1,91.00,0.00,1196666880,0,0
81.5473,204439552,500.2500,734.22,0,0,1,91.78,0.00,1196666880,0,0
81.5580,204439552,500.3300,745.58,0,0,1,93.20,0.00,1196666880,0,0
81.5701,204439552,500.4700,1165.15,0,0,1,156.05,0.00,1196666880,0,0
81.5809,204439552,500.5600,829.75,0,0,1,103.72,0.00,1196666880,0,0
81.5917,204439552,500.6500,837.59,0,0,1,93.07,0.00,1196666880,0,0
81.6029,204439552,500.7200,624.94,0,0,1,89.28,0.00,1196666880,0,0
81.6138,204439552,500.8000,728.80,0,0,1,91.10,0.00,1196666880,0,0
81.6247,204439552,500.8800,738.07,0,0,1,92.26,0.00,1196666880,0,0
81.6386,204439552,500.9700,644.97,0,0,1,71.66,0.00,1196666880,0,0
81.6496,204439552,501.1100,1275.93,0,0,1,170.88,0.00,1196666880,0,0
81.6604,204439552,501.2000,836.74,0,0,1,104.59,0.00,1196666880,0,0
81.6714,204439552,501.2800,725.11,0,0,1,90.64,0.00,1196666880,0,0
81.6822,204439552,501.3600,737.27,0,0,1,92.16,0.00,1196666880,0,0
81.6929,204439552,501.4400,747.36,0,0,1,93.42,0.00,1196666880,0,0
81.7038,204439552,501.5200,733.52,0,0,1,91.69,0.00,1196666880,0,0
81.7147,204439552,501.6000,736.16,0,0,1,92.02,0.00,1196666880,0,0
81.7256,204439552,501.6800,736.97,0,0,1,92.12,0.00,1196666880,0,0
81.7364,204439552,501.7600,735.79,0,0,1,91.97,0.00,1196666880,0,0
81.7473,204439552,501.8400,734.01,0,0,1,91.75,0.00,1196666880,0,0
81.7583,204439552,501.9200,728.04,0,0,1,91.00,0.00,1196666880,0,0
81.7692,204439552,502.0500,1199.59,0,0,1,173.02,0.00,1196666880,0,0
81.7799,204439552,502.1300,742.18,0,0,1,92.77,0.00,1196666880,0,0
81.7915,204439552,502.2300,863.90,0,0,1,97.19,0.00,1196666880,0,0
81.8023,204439552,502.3000,650.01,0,0,1,92.86,0.00,1196666880,0,0
81.8131,204439552,502.3800,739.11,0,0,1,92.39,0.00,1196666880,0,0
81.8241,204439552,502.4600,730.90,0,0,1,91.36,0.00,1196666880,0,0
81.8357,204439552,502.5400,689.87,0,0,1,86.23,0.00,1196666880,0,0
81.8466,204439552,502.6200,728.36,0,0,1,91.04,0.00,1196666880,0,0
81.8576,204439552,502.7000,729.23,0,0,1,91.15,0.00,1196666880,0,0
81.8686,204439552,502.8300,1182.74,0,0,1,159.21,0.00,1196666880,0,0
81.8802,204439552,502.9300,864.97,0,0,1,108.12,0.00,1196666880,0,0
81.8911,204439552,503.0100,730.85,0,0,1,91.36,0.00,1196666880,0,0
81.9026,204439552,503.0900,699.24,0,0,1,87.41,0.00,1196666880,0,0
81.9152,204439552,503.1700,633.68,0,0,1,79.21,0.00,1196666880,0,0
81.9260,204439552,503.2500,740.17,0,0,1,92.52,0.00,1196666880,0,0
81.9380,204439552,503.3300,664.24,0,0,1,83.03,0.00,1196666880,0,0
81.9491,204439552,503.4700,1267.34,0,0,1,169.73,0.00,1196666880,0,0
81.9600,204439552,503.5500,735.06,0,0,1,91.88,0.00,1196666880,0,0
81.9709,204439552,503.6400,823.43,0,0,1,102.93,0.00,1196666880,0,0
81.9822,204439552,503.7200,705.83,0,0,1,88.23,0.00,1196666880,0,0
81.9930,204439552,503.8000,741.04,0,0,1,92.63,0.00,1196666880,0,0
82.0039,204439552,503.8800,736.05,0,0,1,92.01,0.00,1196666880,0,0
82.0148,204439552,503.9600,733.72,0,0,1,91.71,0.00,1196666880,0,0
82.0256,204439552,504.0400,741.91,0,0,1,92.74,0.00,1196666880,0,0
82.0365,204439552,504.1200,732.37,0,0,1,91.55,0.00,1196666880,0,0
82.0474,204439552,504.2000,732.53,0,0,1,91.57,0.00,1196666880,0,0
82.0583,204439552,504.2800,735.53,0,0,1,91.94,0.00,1196666880,0,0
82.0692,204439552,504.4100,1192.59,0,0,1,183.48,0.00,1196666880,0,0
82.0809,204439552,504.5100,855.94,0,0,1,85.59,0.00,1196666880,0,0
82.0917,204439552,504.5900,742.22,0,0,1,92.78,0.00,1196666880,0,0
82.1025,204439552,504.6700,735.12,0,0,1,91.89,0.00,1196666880,0,0
82.1133,204439552,504.7500,741.22,0,0,1,92.65,0.00,1196666880,0,0
82.1242,204439552,504.8300,739.51,0,0,1,92.44,0.00,1196666880,0,0
82.1351,204439552,504.9100,732.49,0,0,1,91.56,0.00,1196666880,0,0
82.1460,204439552,504.9900,735.04,0,0,1,91.88,0.00,1196666880,0,0
82.1568,204439552,505.0700,737.86,0,0,1,92.23,0.00,1196666880,0,0
82.1684,204439552,505.1500,686.94,0,0,1,85.87,0.00,1196666880,0,0
82.1793,204439552,505.2900,1293.22,0,0,1,173.20,0.00,1196666880,0,0
82.1900,204439552,505.3800,837.34,0,0,1,104.67,0.00,1196666880,0,0
82.2011,204439552,505.4600,720.63,0,0,1,90.08,0.00,1196666880,0,0
82.2124,204439552,505.5400,712.14,0,0,1,89.02,0.00,1196666880,0,0
82.2232,204439552,505.6200,739.36,0,0,1,92.42,0.00,1196666880,0,0
82.2357,204439552,505.7000,636.45,0,0,1,79.56,0.00,1196666880,0,0
82.2465,204439552,505.7800,742.35,0,0,1,92.79,0.00,1196666880,0,0
82.2573,204439552,505.8600,740.10,0,0,1,92.51,0.00,1196666880,0,0
82.2683,204439552,505.9400,729.98,0,0,1,91.25,0.00,1196666880,0,0
82.2796,204439552,506.0900,1324.52,0,0,1,176.60,0.00,1196666880,0,0
82.2905,204439552,506.1700,737.14,0,0,1,92.14,0.00,1196666880,0,0
82.3015,204439552,506.2500,725.86,0,0,1,90.73,0.00,1196666880,0,0
82.3128,204439552,506.3400,793.17,0,0,1,88.13,0.00,1196666880,0,0
82.3242,204439552,506.4300,789.59,0,0,1,87.73,0.00,1196666880,0,0
82.3352,204439552,506.4900,545.30,0,0,1,90.88,0.00,1196666880,0,0
82.3462,204439552,506.5800,822.78,0,0,1,91.42,0.00,1196666880,0,0
82.3577,204439552,506.6500,609.92,0,0,1,87.13,0.00,1196666880,0,0
82.3689,204439552,506.7500,891.30,0,0,1,89.13,0.00,1196666880,0,0
82.3798,204439552,506.8700,1097.24,0,0,1,160.01,0.00,1196666880,0,0
82.3908,204439552,506.9500,729.85,0,0,1,102.64,0.00,1196666880,0,0
82.4018,204709888,507.0300,727.34,0,0,1,90.92,0.00,1196666880,0,0
82.4127,204709888,507.1000,640.54,0,0,1,80.07,0.00,1196666880,0,0
82.4237,204709888,507.1800,724.13,0,0,1,79.20,0.00,1196666880,0,0
82.4348,204709888,507.2400,542.56,0,0,1,79.12,0.00,1196666880,0,0
82.4459,204709888,507.3200,721.53,0,0,1,78.92,0.00,1196666880,0,0
82.4569,204709888,507.3900,638.42,0,0,1,91.20,0.00,1196666880,0,0
82.4696,204709888,507.5200,1018.78,0,0,1,137.14,0.00,1196666880,0,0
82.4806,204709888,507.5900,636.22,0,0,1,79.53,0.00,1196666880,0,0
82.4917,204709888,507.6600,633.61,0,0,1,79.20,0.00,1196666880,0,0
82.5041,204709888,507.7300,562.65,0,0,1,70.33,0.00,1196666880,0,0
82.5163,205250560,507.8000,574.17,0,0,1,112.78,0.00,1196466176,0,0
82.5305,205791232,507.9100,772.30,0,0,1,70.21,0.00,1196466176,0,0
82.5415,205791232,507.9600,455.27,0,0,1,56.91,0.00,1196466176,0,0
82.5525,205791232,508.0100,455.29,0,0,1,56.91,0.00,1196466176,0,0
82.5635,205791232,508.0600,453.41,0,0,1,56.68,0.00,1196466176,0,0
82.5747,205791232,508.1100,446.70,0,0,1,55.84,0.00,1196466176,0,0
82.5856,205791232,508.1600,457.90,0,0,1,57.24,0.00,1196466176,0,0
82.5967,205791232,508.2100,450.66,0,0,1,56.33,0.00,1196466176,0,0
82.6075,205791232,508.2600,464.02,0,0,1,58.00,0.00,1196466176,0,0
82.6183,205791232,508.3100,464.13,0,0,1,58.02,0.00,1196466176,0,0
82.6292,205791232,508.4100,913.34,0,0,1,148.42,0.00,1196466176,0,0
82.6402,205791232,508.4600,455.62,0,0,1,68.34,0.00,1196466176,0,0
82.6515,205791232,508.5100,441.95,0,0,1,66.29,0.00,1196466176,0,0
82.6624,205791232,508.5600,458.65,0,0,1,68.80,0.00,1196466176,0,0
82.6735,205791232,508.6100,453.44,0,0,1,56.68,0.00,1196466176,0,0
82.6847,205791232,508.6600,446.56,0,0,1,55.82,0.00,1196466176,0,0
82.6956,205791232,508.7100,457.53,0,0,1,57.19,0.00,1196466176,0,0
82.7065,205791232,508.7600,457.14,0,0,1,57.14,0.00,1196466176,0,0
82.7177,205791232,508.8100,445.35,0,0,1,55.67,0.00,1196466176,0,0
82.7288,205791232,508.8600,450.53,0,0,1,56.32,0.00,1196466176,0,0
82.7398,205791232,508.9600,911.73,0,0,1,125.36,0.00,1196466176,0,0
82.7509,205791232,509.0100,451.88,0,0,1,56.49,0.00,1196466176,0,0
82.7623,205791232,509.0600,438.51,0,0,1,54.81,0.00,1196466176,0,0
82.7731,205791232,509.1100,460.45,0,0,1,57.56,0.00,1196466176,0,0
82.7842,205791232,509.1600,450.50,0,0,1,56.31,0.00,1196466176,0,0
82.7956,205791232,509.2100,441.62,0,0,1,55.20,0.00,1196466176,0,0
82.8065,205791232,509.2600,457.40,0,0,1,57.18,0.00,1196466176,0,0
82.8176,205791232,509.3100,450.07,0,0,1,56.26,0.00,1196466176,0,0
82.8288,205791232,509.3600,444.77,0,0,1,55.60,0.00,1196466176,0,0
82.8398,205791232,509.4600,911.05,0,0,1,125.27,0.00,1196466176,0,0
82.8510,205791232,509.5100,446.45,0,0,1,55.81,0.00,1196466176,0,0
82.8622,205791232,509.5600,448.61,0,0,1,56.08,0.00,1196466176,0,0
82.8731,205791232,509.6100,456.13,0,0,1,57.02,0.00,1196466176,0,0
82.8845,205791232,509.6600,439.70,0,0,1,54.96,0.00,1196466176,0,0
82.8957,205791232,509.7100,447.77,0,0,1,55.97,0.00,1196466176,0,0
82.9068,205791232,509.7600,448.85,0,0,1,56.11,0.00,1196466176,0,0
82.9179,205791232,509.8100,448.91,0,0,1,56.11,0.00,1196466176,0,0
82.9290,205791232,509.9000,812.83,0,0,1,124.18,0.00,1196466176,0,0
82.9400,205791232,509.9600,543.71,0,0,1,56.64,0.00,1196466176,0,0
82.9511,205791232,510.0100,452.43,0,0,1,56.55,0.00,1196466176,0,0
82.9621,205791232,510.0600,454.60,0,0,1,68.19,0.00,1196466176,0,0
82.9731,205791232,510.1100,454.03,0,0,1,56.75,0.00,1196466176,0,0
82.9846,205791232,510.1600,434.04,0,0,1,54.26,0.00,1196466176,0,0
82.9958,205791232,510.2100,448.94,0,0,1,56.12,0.00,1196466176,0,0
83.0068,205791232,510.2600,454.85,0,0,1,56.86,0.00,1196466176,0,0
83.0179,205791232,510.3100,448.02,0,0,1,56.00,0.00,1196466176,0,0
83.0291,205791232,510.4100,897.10,0,0,1,123.35,0.00,1196466176,0,0
83.0401,205791232,510.4600,452.53,0,0,1,56.57,0.00,1196466176,0,0
83.0511,205791232,510.5100,454.78,0,0,1,56.85,0.00,1196466176,0,0
83.0621,205791232,510.5600,453.76,0,0,1,56.72,0.00,1196466176,0,0
83.0731,205791232,510.6100,454.64,0,0,1,56.83,0.00,1196466176,0,0
83.0843,205791232,510.6600,447.64,0,0,1,55.96,0.00,1196466176,0,0
83.0953,205791232,510.7100,454.19,0,0,1,68.13,0.00,1196466176,0,0
83.1063,205791232,510.7600,453.67,0,0,1,56.71,0.00,1196466176,0,0
83.1177,205791232,510.8100,438.36,0,0,1,54.80,0.00,1196466176,0,0
83.1287,205791232,510.8600,454.44,0,0,1,56.80,0.00,1196466176,0,0
83.1396,205791232,510.9600,920.23,0,0,1,126.53,0.00,1196466176,0,0
83.1506,205791232,511.0100,454.98,0,0,1,56.87,0.00,1196466176,0,0
83.1618,205791232,511.0600,444.69,0,0,1,55.59,0.00,1196466176,0,0
83.1727,205791232,511.1100,458.58,0,0,1,57.32,0.00,1196466176,0,0
83.1838,205791232,511.1600,452.84,0,0,1,56.60,0.00,1196466176,0,0
83.1951,205791232,511.2100,440.17,0,0,1,55.02,0.00,1196466176,0,0
83.2060,205791232,511.2600,458.98,0,0,1,57.37,0.00,1196466176,0,0
83.2173,205791232,511.3100,444.03,0,0,1,55.50,0.00,1196466176,0,0
83.2288,205791232,511.3600,432.86,0,0,1,54.11,0.00,1196466176,0,0
83.2397,205791232,511.4600,919.39,0,0,1,126.42,0.00,1196466176,0,0
83.2506,205791232,511.5100,461.40,0,0,1,57.67,0.00,1196466176,0,0
83.2616,205791232,511.5600,451.97,0,0,1,56.50,0.00,1196466176,0,0
83.2724,205791232,511.6100,464.37,0,0,1,58.05,0.00,1196466176,0,0
83.2833,205791232,511.6600,458.09,0,0,1,57.26,0.00,1196466176,0,0
83.2945,205791232,511.7100,446.41,0,0,1,55.80,0.00,1196466176,0,0
83.3054,205791232,511.7600,459.12,0,0,1,57.39,0.00,1196466176,0,0
83.3163,205791232,511.8100,458.07,0,0,1,57.26,0.00,1196466176,0,0
83.3280,205791232,511.8600,427.90,0,0,1,53.49,0.00,1196466176,0,0
83.3388,205791232,511.9100,463.13,0,0,1,69.47,0.00,1196466176,0,0
83.3509,205791232,512.0100,826.29,0,0,1,113.61,0.00,1196466176,0,0
83.3619,205791232,512.0600,454.24,0,0,1,56.78,0.00,1196466176,0,0
83.3727,205791232,512.1100,464.17,0,0,1,58.02,0.00,1196466176,0,0
83.3839,205791232,512.1600,445.32,0,0,1,55.66,0.00,1196466176,0,0
83.3950,205791232,512.2100,448.35,0,0,1,56.04,0.00,1196466176,0,0
83.4060,205791232,512.2600,455.77,0,0,1,56.97,0.00,1196466176,0,0
83.4173,205791232,512.3100,441.73,0,0,1,55.22,0.00,1196466176,0,0
83.4284,205791232,512.3600,453.71,0,0,1,56.71,0.00,1196466176,0,0
83.4393,205791232,512.4600,917.78,0,0,1,126.19,0.00,1196466176,0,0
83.4501,205791232,512.5100,459.21,0,0,1,57.40,0.00,1196466176,0,0
83.4611,205791232,512.5600,454.62,0,0,1,56.83,0.00,1196466176,0,0
83.4719,205791232,512.6100,464.27,0,0,1,58.03,0.00,1196466176,0,0
83.4828,205791232,512.6600,460.45,0,0,1,57.56,0.00,1196466176,0,0
83.4939,205791232,512.7100,447.91,0,0,1,55.99,0.00,1196466176,0,0
83.5047,205791232,512.7600,463.57,0,0,1,57.95,0.00,1196466176,0,0
83.5155,205791232,512.8100,463.33,0,0,1,57.92,0.00,1196466176,0,0
83.5264,205791232,512.8600,460.36,0,0,1,57.55,0.00,1196466176,0,0
83.5375,205791232,512.9100,448.66,0,0,1,56.08,0.00,1196466176,0,0
83.5484,205791232,512.9600,461.43,0,0,1,57.68,0.00,1196466176,0,0
83.5592,205791232,513.0600,924.74,0,0,1,127.15,0.00,1196466176,0,0
83.5700,205791232,513.1100,462.24,0,0,1,57.78,0.00,1196466176,0,0
83.5808,205791232,513.1600,460.94,0,0,1,57.62,0.00,1196466176,0,0
83.5917,205791232,513.2100,460.01,0,0,1,57.50,0.00,1196466176,0,0
83.6024,206061568,513.2600,466.08,0,0,1,46.61,0.00,1196466176,0,0
83.6131,206061568,513.3000,375.51,0,0,1,46.94,0.00,1196466176,0,0
83.6240,206061568,513.3400,367.49,0,0,1,57.42,0.00,1196466176,0,0
83.6348,206061568,513.3800,369.95,0,0,1,57.81,0.00,1196466176,0,0
83.6457,206061568,513.4200,367.78,0,0,1,57.47,0.00,1196466176,0,0
83.6565,206061568,513.4600,370.03,0,0,1,46.25,0.00,1196466176,0,0
83.6672,206061568,513.5000,373.50,0,0,1,58.36,0.00,1196466176,0,0
83.6779,206061568,513.5400,373.20,0,0,1,58.31,0.00,1196466176,0,0
83.6887,206061568,513.5800,370.38,0,0,1,57.87,0.00,1196466176,0,0
83.6994,206061568,513.6600,744.50,0,0,1,93.06,0.00,1196466176,0,0
83.7106,206061568,513.7000,358.50,0,0,1,44.81,0.00,1196466176,0,0
83.7213,206061568,513.7400,374.28,0,0,1,46.78,0.00,1196466176,0,0
83.7320,206061568,513.7800,371.39,0,0,1,46.42,0.00,1196466176,0,0
83.7428,206061568,513.8200,370.89,0,0,1,46.36,0.00,1196466176,0,0
83.7536,206061568,513.8600,373.10,0,0,1,46.64,0.00,1196466176,0,0
83.7644,206061568,513.9000,368.75,0,0,1,46.09,0.00,1196466176,0,0
83.7750,206061568,513.9400,377.34,0,0,1,47.17,0.00,1196466176,0,0
83.7858,206061568,513.9800,369.87,0,0,1,46.23,0.00,1196466176,0,0
83.7967,206061568,514.0200,369.25,0,0,1,46.16,0.00,1196466176,0,0
83.8073,206331904,514.0600,377.19,0,0,1,47.15,0.00,1196724224,0,0
83.8180,206331904,514.0900,278.85,0,0,1,34.86,0.00,1196724224,0,0
83.8287,206331904,514.1200,280.28,0,0,1,35.04,0.00,1196724224,0,0
83.8394,206331904,514.1800,560.52,0,0,1,81.74,0.00,1196724224,0,0
83.8503,206331904,514.2100,275.10,0,0,1,34.39,0.00,1196724224,0,0
83.8613,206331904,514.2400,274.37,0,0,1,34.30,0.00,1196724224,0,0
83.8719,206331904,514.2700,282.62,0,0,1,35.33,0.00,1196724224,0,0
83.8826,206868480,514.3000,280.90,0,0,1,35.11,0.00,1196982272,0,0
83.8938,206868480,514.3200,177.21,0,0,1,22.15,0.00,1196982272,0,0
83.9046,206868480,514.3400,185.89,0,0,1,23.24,0.00,1196982272,0,0
83.9154,206868480,514.3600,184.36,0,0,1,23.05,0.00,1196982272,0,0
83.9266,206868480,514.3800,179.70,0,0,1,22.46,0.00,1196982272,0,0
83.9375,206868480,514.4000,182.55,0,0,1,22.82,0.00,1196982272,0,0
83.9483,206868480,514.4200,185.62,0,0,1,23.20,0.00,1196982272,0,0
83.9594,206868480,514.4600,359.82,0,0,1,44.98,0.00,1196982272,0,0
83.9703,206868480,514.4800,183.46,0,0,1,22.93,0.00,1196982272,0,0
83.9810,207409152,514.4900,93.61,0,0,1,11.70,0.00,1196982272,0,0
83.9917,211460096,514.5200,281.00,0,0,1,46.83,0.00,1198616576,0,0
84.0025,211460096,514.5600,369.47,0,0,1,46.18,0.00,1198616576,0,0
84.0132,211460096,514.6000,375.73,0,0,1,46.97,0.00,1198616576,0,0
84.0240,211460096,514.6400,369.68,0,0,1,46.21,0.00,1198616576,0,0
84.0347,211460096,514.6800,372.92,0,0,1,46.61,0.00,1198616576,0,0
84.0455,211460096,514.7200,371.28,0,0,1,46.41,0.00,1198616576,0,0
84.0562,211460096,514.7600,372.58,0,0,1,58.22,0.00,1198616576,0,0
84.0669,211460096,514.8000,375.21,0,0,1,58.63,0.00,1198616576,0,0
84.0776,211460096,514.8400,372.22,0,0,1,46.53,0.00,1198616576,0,0
84.0883,211460096,514.8800,373.16,0,0,1,46.64,0.00,1198616576,0,0
84.0995,211460096,514.9600,715.12,0,0,1,89.39,0.00,1198616576,0,0
84.1107,211460096,515.0000,358.99,0,0,1,44.87,0.00,1198616576,0,0
84.1214,211460096,515.0400,374.25,0,0,1,46.78,0.00,1198616576,0,0
84.1320,211460096,515.0800,376.68,0,0,1,58.86,0.00,1198616576,0,0
84.1429,211460096,515.1200,365.03,0,0,1,45.63,0.00,1198616576,0,0
84.1537,211460096,515.1600,372.38,0,0,1,46.55,0.00,1198616576,0,0
84.1645,211460096,515.2000,369.67,0,0,1,46.21,0.00,1198616576,0,0
84.1754,211460096,515.2400,367.94,0,0,1,45.99,0.00,1198616576,0,0
84.1861,211460096,515.2800,373.40,0,0,1,46.68,0.00,1198616576,0,0
84.1967,211460096,515.3200,375.40,0,0,1,46.93,0.00,1198616576,0,0
84.2074,211460096,515.3600,376.64,0,0,1,47.08,0.00,1198616576,0,0
84.2181,211460096,515.4000,373.89,0,0,1,46.74,0.00,1198616576,0,0
84.2288,211460096,515.4400,373.89,0,0,1,46.74,0.00,1198616576,0,0
84.2394,211460096,515.5200,750.92,0,0,1,93.86,0.00,1198616576,0,0
84.2502,211460096,515.5600,371.04,0,0,1,46.38,0.00,1198616576,0,0
84.2608,211460096,515.6000,376.35,0,0,1,47.04,0.00,1198616576,0,0
84.2715,211460096,515.6400,373.58,0,0,1,46.70,0.00,1198616576,0,0
84.2822,211460096,515.6800,374.31,0,0,1,46.79,0.00,1198616576,0,0
84.2934,211460096,515.7200,358.52,0,0,1,44.82,0.00,1198616576,0,0
84.3041,211460096,515.7600,373.97,0,0,1,46.75,0.00,1198616576,0,0
84.3148,211460096,515.8000,374.12,0,0,1,46.77,0.00,1198616576,0,0
84.3254,211460096,515.8400,375.74,0,0,1,46.97,0.00,1198616576,0,0
84.3361,211460096,515.8800,374.95,0,0,1,46.87,0.00,1198616576,0,0
84.3468,211460096,515.9200,373.03,0,0,1,46.63,0.00,1198616576,0,0
84.3575,211460096,515.9600,374.02,0,0,1,46.75,0.00,1198616576,0,0
84.3682,211460096,516.0000,374.75,0,0,1,46.84,0.00,1198616576,0,0
84.3789,211460096,516.0400,372.93,0,0,1,46.62,0.00,1198616576,0,0
84.3896,211460096,516.1200,749.12,0,0,1,105.34,0.00,1198616576,0,0
84.4003,211460096,516.1600,371.44,0,0,1,46.43,0.00,1198616576,0,0
84.4110,211460096,516.2000,373.56,0,0,1,46.70,0.00,1198616576,0,0
84.4218,211460096,516.2400,372.64,0,0,1,46.58,0.00,1198616576,0,0
84.4327,211460096,516.2800,365.72,0,0,1,45.71,0.00,1198616576,0,0
84.4438,211460096,516.3200,359.50,0,0,1,44.94,0.00,1198616576,0,0
84.4545,211460096,516.3600,374.09,0,0,1,46.76,0.00,1198616576,0,0
84.4653,211460096,516.4000,373.00,0,0,1,46.62,0.00,1198616576,0,0
84.4762,211460096,516.4400,365.91,0,0,1,45.74,0.00,1198616576,0,0
84.4869,211460096,516.4800,373.08,0,0,1,46.63,0.00,1198616576,0,0
84.4976,211460096,516.5200,372.67,0,0,1,46.58,0.00,1198616576,0,0
84.5082,211460096,516.5600,378.01,0,0,1,47.25,0.00,1198616576,0,0
84.5192,211460096,516.6400,730.13,0,0,1,102.67,0.00,1198616576,0,0
84.5299,211460096,516.6800,374.68,0,0,1,46.83,0.00,1198616576,0,0
84.5406,211460096,516.7200,373.43,0,0,1,46.68,0.00,1198616576,0,0
84.5515,211460096,516.7600,365.78,0,0,1,45.72,0.00,1198616576,0,0
84.5623,211460096,516.8000,368.85,0,0,1,46.11,0.00,1198616576,0,0
84.5731,211460096,516.8400,370.98,0,0,1,46.37,0.00,1198616576,0,0
84.5841,211460096,516.8800,365.06,0,0,1,45.63,0.00,1198616576,0,0
84.5948,211460096,516.9200,372.81,0,0,1,46.60,0.00,1198616576,0,0
84.6055,211460096,516.9600,372.84,0,0,1,46.60,0.00,1198616576,0,0
84.6162,211460096,517.0000,374.14,0,0,1,46.77,0.00,1198616576,0,0
84.6274,211460096,517.0400,358.48,0,0,1,44.81,0.00,1198616576,0,0
84.6380,211460096,517.0800,376.85,0,0,1,47.11,0.00,1198616576,0,0
84.6488,211460096,517.1200,371.27,0,0,1,104.42,0.00,1198616576,0,0
84.6601,211460096,517.2000,704.51,0,0,1,44.03,0.00,1198616576,0,0
84.6711,211460096,517.2400,364.96,0,0,1,45.62,0.00,1198616576,0,0
84.6817,211460096,517.2800,376.09,0,0,1,47.01,0.00,1198616576,0,0
84.6928,211460096,517.3200,362.41,0,0,1,45.30,0.00,1198616576,0,0
84.7036,211460096,517.3600,370.17,0,0,1,46.27,0.00,1198616576,0,0
84.7143,211460096,517.4000,372.26,0,0,1,46.53,0.00,1198616576,0,0
84.7249,211460096,517.4400,379.32,0,0,1,47.41,0.00,1198616576,0,0
84.7356,211460096,517.4800,372.31,0,0,1,46.54,0.00,1198616576,0,0
84.7465,211460096,517.5200,367.99,0,0,1,46.00,0.00,1198616576,0,0
84.7574,211460096,517.5600,367.73,0,0,1,45.97,0.00,1198616576,0,0
84.7682,211460096,517.6000,367.38,0,0,1,45.92,0.00,1198616576,0,0
84.7791,211460096,517.6400,369.57,0,0,1,103.94,0.00,1198616576,0,0
84.7898,211460096,517.7200,745.58,0,0,1,46.60,0.00,1198616576,0,0
84.8006,211460096,517.7600,369.70,0,0,1,46.21,0.00,1198616576,0,0
84.8117,211460096,517.8000,361.92,0,0,1,45.24,0.00,1198616576,0,0
84.8224,211460096,517.8400,371.56,0,0,1,46.44,0.00,1198616576,0,0
84.8334,211460096,517.8800,366.43,0,0,1,45.80,0.00,1198616576,0,0
84.8444,211460096,517.9200,363.22,0,0,1,45.40,0.00,1198616576,0,0
84.8551,211460096,517.9600,373.05,0,0,1,46.63,0.00,1198616576,0,0
84.8660,211460096,518.0000,366.53,0,0,1,45.82,0.00,1198616576,0,0
84.8772,211460096,518.0400,357.09,0,0,1,44.64,0.00,1198616576,0,0
84.8880,211460096,518.0800,369.89,0,0,1,46.24,0.00,1198616576,0,0
84.8991,211460096,518.1600,723.26,0,0,1,101.71,0.00,1198616576,0,0
84.9107,211460096,518.2000,345.31,0,0,1,43.16,0.00,1198616576,0,0
84.9215,211460096,518.2400,367.85,0,0,1,45.98,0.00,1198616576,0,0
84.9325,211460096,518.2800,365.41,0,0,1,57.09,0.00,1198616576,0,0
84.9438,211460096,518.3200,354.46,0,0,1,55.39,0.00,1198616576,0,0
84.9546,211460096,518.3600,368.82,0,0,1,46.10,0.00,1198616576,0,0
84.9658,211460096,518.4000,357.36,0,0,1,55.84,0.00,1198616576,0,0
84.9770,211460096,518.4400,357.27,0,0,1,55.82,0.00,1198616576,0,0
84.9876,211460096,518.4800,375.99,0,0,1,58.75,0.00,1198616576,0,0
84.9984,211460096,518.5200,370.20,0,0,1,46.28,0.00,1198616576,0,0
85.0099,211460096,518.6000,701.33,0,0,1,98.62,0.00,1198616576,0,0
85.0206,211460096,518.6400,372.11,0,0,1,46.51,0.00,1198616576,0,0
85.0314,211460096,518.6800,369.91,0,0,1,46.24,0.00,1198616576,0,0
85.0425,211460096,518.7200,359.97,0,0,1,45.00,0.00,1198616576,0,0
85.0533,211460096,518.7600,372.93,0,0,1,46.62,0.00,1198616576,0,0
85.0640,211460096,518.8000,372.09,0,0,1,46.51,0.00,1198616576,0,0
85.0748,211460096,518.8400,372.02,0,0,1,46.50,0.00,1198616576,0,0
85.0858,211460096,518.8800,362.39,0,0,1,45.30,0.00,1198616576,0,0
85.0966,211460096,518.9200,371.23,0,0,1,46.40,0.00,1198616576,0,0
85.1074,211460096,518.9600,369.24,0,0,1,46.16,0.00,1198616576,0,0
85.1183,211460096,519.0000,367.44,0,0,1,45.93,0.00,1198616576,0,0
85.1291,211460096,519.0800,742.38,0,0,1,104.40,0.00,1198616576,0,0
85.1401,211460096,519.1200,362.85,0,0,1,45.36,0.00,1198616576,0,0
85.1512,211460096,519.1600,360.21,0,0,1,45.03,0.00,1198616576,0,0
85.1622,211460096,519.2000,363.70,0,0,1,45.46,0.00,1198616576,0,0
85.1731,211460096,519.2400,365.71,0,0,1,45.71,0.00,1198616576,0,0
85.1840,211460096,519.2800,366.42,0,0,1,45.80,0.00,1198616576,0,0
85.1950,211460096,519.3200,363.73,0,0,1,45.47,0.00,1198616576,0,0
85.2060,211460096,519.3600,365.46,0,0,1,45.68,0.00,1198616576,0,0
85.2170,211460096,519.4000,363.70,0,0,1,45.46,0.00,1198616576,0,0
85.2280,211460096,519.4400,363.22,0,0,1,45.40,0.00,1198616576,0,0
85.2390,211460096,519.5200,727.42,0,0,1,102.29,0.00,1198616576,0,0
85.2500,211460096,519.5600,363.35,0,0,1,45.42,0.00,1198616576,0,0
85.2610,211460096,519.6000,363.39,0,0,1,45.42,0.00,1198616576,0,0
85.2720,211460096,519.6400,365.62,0,0,1,45.70,0.00,1198616576,0,0
85.2830,211460096,519.6800,362.08,0,0,1,45.26,0.00,1198616576,0,0
85.2939,211460096,519.7200,365.63,0,0,1,45.70,0.00,1198616576,0,0
85.3049,211460096,519.7600,365.11,0,0,1,45.64,0.00,1198616576,0,0
85.3161,211460096,519.8000,357.00,0,0,1,44.62,0.00,1198616576,0,0
85.3271,211460096,519.8400,362.09,0,0,1,45.26,0.00,1198616576,0,0
85.3381,211460096,519.8800,363.82,0,0,1,45.48,0.00,1198616576,0,0
85.3492,211460096,519.9600,720.82,0,0,1,112.63,0.00,1198616576,0,0
85.3602,211460096,520.0000,365.99,0,0,1,45.75,0.00,1198616576,0,0
85.3711,211460096,520.0400,366.47,0,0,1,57.26,0.00,1198616576,0,0
85.3820,211460096,520.0800,367.28,0,0,1,45.91,0.00,1198616576,0,0
85.3940,211460096,520.1200,333.16,0,0,1,52.06,0.00,1198616576,0,0
85.4052,211460096,520.1600,355.97,0,0,1,44.50,0.00,1198616576,0,0
85.4162,211460096,520.2000,363.55,0,0,1,45.44,0.00,1198616576,0,0
85.4272,211460096,520.2400,364.81,0,0,1,57.00,0.00,1198616576,0,0
85.4381,211460096,520.2800,367.49,0,0,1,45.94,0.00,1198616576,0,0
85.4492,211460096,520.3600,717.85,0,0,1,112.16,0.00,1198616576,0,0
85.4605,211460096,520.4000,354.30,0,0,1,44.29,0.00,1198616576,0,0
85.4714,211460096,520.4400,366.19,0,0,1,45.77,0.00,1198616576,0,0
85.4825,211460096,520.4800,362.62,0,0,1,45.33,0.00,1198616576,0,0
85.4934,211460096,520.5200,365.74,0,0,1,45.72,0.00,1198616576,0,0
85.5042,211460096,520.5600,371.51,0,0,1,58.05,0.00,1198616576,0,0
85.5151,211460096,520.6000,364.27,0,0,1,45.53,0.00,1198616576,0,0
85.5265,211460096,520.6400,352.86,0,0,1,55.13,0.00,1198616576,0,0
85.5373,211460096,520.6800,368.39,0,0,1,46.05,0.00,1198616576,0,0
85.5482,211460096,520.7200,366.89,0,0,1,57.33,0.00,1198616576,0,0
85.5597,211460096,520.8000,698.58,0,0,1,98.24,0.00,1198616576,0,0
85.5706,211460096,520.8400,367.99,0,0,1,46.00,0.00,1198616576,0,0
85.5816,211460096,520.8800,361.86,0,0,1,56.54,0.00,1198616576,0,0
85.5930,211460096,520.9200,349.91,0,0,1,43.74,0.00,1198616576,0,0
85.6039,211460096,520.9600,368.83,0,0,1,46.10,0.00,1198616576,0,0
85.6149,211460096,521.0000,363.09,0,0,1,56.73,0.00,1198616576,0,0
85.6265,211460096,521.0300,259.78,0,0,1,54.12,0.00,1198616576,0,0
85.6374,211460096,521.0800,457.29,0,0,1,57.16,0.00,1198616576,0,0
85.6487,211460096,521.1200,355.17,0,0,1,110.99,0.00,1198616576,0,0
85.6599,211460096,521.2000,710.46,0,0,1,44.40,0.00,1198616576,0,0
85.6708,211460096,521.2400,368.59,0,0,1,46.07,0.00,1198616576,0,0
85.6818,211460096,521.2700,271.91,0,0,1,45.32,0.00,1198616576,0,0
85.6933,211460096,521.3100,348.56,0,0,1,43.57,0.00,1198616576,0,0
85.7042,211460096,521.3600,459.63,0,0,1,45.96,0.00,1198616576,0,0
85.7152,211460096,521.3900,271.36,0,0,1,45.23,0.00,1198616576,0,0
85.7265,211460096,521.4300,353.75,0,0,1,44.22,0.00,1198616576,0,0
85.7375,211460096,521.4700,365.39,0,0,1,45.67,0.00,1198616576,0,0
85.7488,211460096,521.5500,706.12,0,0,1,99.30,0.00,1198616576,0,0
85.7602,211460096,521.5900,352.09,0,0,1,44.01,0.00,1198616576,0,0
85.7710,211460096,521.6400,461.92,0,0,1,46.19,0.00,1198616576,0,0
85.7820,211460096,521.6700,271.63,0,0,1,45.27,0.00,1198616576,0,0
85.7930,211460096,521.7200,455.11,0,0,1,45.51,0.00,1198616576,0,0
85.8039,211460096,521.7500,276.59,0,0,1,46.10,0.00,1198616576,0,0
85.8148,211460096,521.7900,364.26,0,0,1,45.53,0.00,1198616576,0,0
85.8261,211460096,521.8300,353.89,0,0,1,44.24,0.00,1198616576,0,0
85.8370,211460096,521.8700,367.87,0,0,1,45.98,0.00,1198616576,0,0
85.8479,211460096,521.9100,367.14,0,0,1,45.89,0.00,1198616576,0,0
85.8593,211460096,521.9900,704.60,0,0,1,99.08,0.00,1198616576,0,0
85.8702,211460096,522.0300,365.65,0,0,1,45.71,0.00,1198616576,0,0
85.8811,211460096,522.0700,368.05,0,0,1,46.01,0.00,1198616576,0,0
85.8925,211460096,522.1200,436.42,0,0,1,43.64,0.00,1198616576,0,0
85.9034,211460096,522.1500,276.47,0,0,1,46.08,0.00,1198616576,0,0
85.9143,211460096,522.1900,366.31,0,0,1,45.79,0.00,1198616576,0,0
85.9259,211460096,522.2300,344.55,0,0,1,43.07,0.00,1198616576,0,0
85.9370,211460096,522.2700,359.07,0,0,1,44.88,0.00,1198616576,0,0
85.9480,211460096,522.3100,366.11,0,0,1,45.76,0.00,1198616576,0,0
85.9600,211460096,522.3900,663.69,0,0,1,93.33,0.00,1198616576,0,0
85.9710,211460096,522.4300,365.70,0,0,1,45.71,0.00,1198616576,0,0
85.9819,211460096,522.4700,366.43,0,0,1,45.80,0.00,1198616576,0,0
85.9930,211460096,522.5100,360.68,0,0,1,45.08,0.00,1198616576,0,0
86.0038,211460096,522.5500,369.06,0,0,1,46.13,0.00,1198616576,0,0
86.0148,211460096,522.5900,363.83,0,0,1,45.48,0.00,1198616576,0,0
86.0261,211460096,522.6300,353.33,0,0,1,44.17,0.00,1198616576,0,0
86.0370,211460096,522.6700,367.32,0,0,1,45.92,0.00,1198616576,0,0
86.0479,211460096,522.7100,367.29,0,0,1,45.91,0.00,1198616576,0,0
86.0594,211460096,522.7900,695.84,0,0,1,97.85,0.00,1198616576,0,0
86.0702,211460096,522.8300,370.68,0,0,1,46.33,0.00,1198616576,0,0
86.0812,211460096,522.8800,452.97,0,0,1,45.30,0.00,1198616576,0,0
86.0928,211460096,522.9100,259.44,0,0,1,43.24,0.00,1198616576,0,0
86.1036,211460096,522.9500,370.27,0,0,1,46.28,0.00,1198616576,0,0
86.1146,211460096,522.9900,362.24,0,0,1,45.28,0.00,1198616576,0,0
86.1265,211460096,523.0300,338.35,0,0,1,42.29,0.00,1198616576,0,0
86.1374,211460096,523.0700,366.62,0,0,1,57.28,0.00,1198616576,0,0
86.1484,211460096,523.1100,363.25,0,0,1,45.41,0.00,1198616576,0,0
86.1597,211460096,523.1900,708.30,0,0,1,110.67,0.00,1198616576,0,0
86.1706,211460096,523.2300,366.37,0,0,1,45.80,0.00,1198616576,0,0
86.1815,211460096,523.2700,365.34,0,0,1,45.67,0.00,1198616576,0,0
86.1929,211460096,523.3100,353.70,0,0,1,44.21,0.00,1198616576,0,0
86.2039,211460096,523.3500,361.73,0,0,1,45.22,0.00,1198616576,0,0
86.2150,211460096,523.3900,361.03,0,0,1,56.41,0.00,1198616576,0,0
86.2262,211460096,523.4300,356.40,0,0,1,44.55,0.00,1198616576,0,0
86.2372,211460096,523.4700,364.67,0,0,1,45.58,0.00,1198616576,0,0
86.2481,211460096,523.5100,364.98,0,0,1,45.62,0.00,1198616576,0,0
86.2592,211460096,523.5900,721.32,0,0,1,101.44,0.00,1198616576,0,0
86.2701,211460096,523.6300,367.21,0,0,1,45.90,0.00,1198616576,0,0
86.2813,211460096,523.6700,357.45,0,0,1,44.68,0.00,1198616576,0,0
86.2927,211460096,523.7100,350.42,0,0,1,43.80,0.00,1198616576,0,0
86.3037,211460096,523.7500,365.98,0,0,1,45.75,0.00,1198616576,0,0
86.3148,211460096,523.7900,359.69,0,0,1,44.96,0.00,1198616576,0,0
86.3262,211460096,523.8300,348.88,0,0,1,43.61,0.00,1198616576,0,0
86.3372,211460096,523.8700,365.79,0,0,1,45.72,0.00,1198616576,0,0
86.3482,211460096,523.9100,362.37,0,0,1,45.30,0.00,1198616576,0,0
86.3596,211460096,523.9900,699.89,0,0,1,98.42,0.00,1198616576,0,0
86.3705,211460096,524.0300,368.05,0,0,1,46.01,0.00,1198616576,0,0
86.3816,211460096,524.0700,361.79,0,0,1,45.22,0.00,1198616576,0,0
86.3927,211460096,524.1100,359.56,0,0,1,44.95,0.00,1198616576,0,0
86.4034,211460096,524.1500,373.81,0,0,1,46.73,0.00,1198616576,0,0
86.4145,211460096,524.1900,361.66,0,0,1,45.21,0.00,1198616576,0,0
86.4259,211460096,524.2300,351.04,0,0,1,43.88,0.00,1198616576,0,0
86.4366,211460096,524.2700,370.49,0,0,1,46.31,0.00,1198616576,0,0
86.4480,211460096,524.3100,353.67,0,0,1,44.21,0.00,1198616576,0,0
86.4592,212271104,524.3900,713.39,0,0,1,89.17,0.00,1198616576,0,0
86.4699,213352448,524.4200,279.30,0,0,1,23.28,0.00,1199390720,0,0
86.4806,214163456,524.4300,93.15,0,0,1,11.64,0.00,1199648768,0,0
86.4923,217137152,524.4600,256.72,0,0,1,42.79,0.00,1200939008,0,0
86.5033,217137152,524.5000,364.61,0,0,1,45.58,0.00,1200939008,0,0
86.5145,217137152,524.5400,356.34,0,0,1,44.54,0.00,1200939008,0,0
86.5261,217137152,524.5800,347.07,0,0,1,43.38,0.00,1200939008,0,0
86.5371,217137152,524.6200,362.42,0,0,1,45.30,0.00,1200939008,0,0
86.5482,217137152,524.6600,359.11,0,0,1,44.89,0.00,1200939008,0,0
86.5595,217137152,524.7400,707.46,0,0,1,99.49,0.00,1200939008,0,0
86.5707,217137152,524.7500,89.94,0,0,1,11.24,0.00,1200939008,0,0
86.5818,217137152,524.8200,627.29,0,0,1,78.41,0.00,1200939008,0,0
86.5930,217137152,524.8400,178.76,0,0,1,22.34,0.00,1200939008,0,0
86.6040,217137152,524.8900,455.16,0,0,1,56.90,0.00,1200939008,0,0
86.6151,217137152,524.9500,541.20,0,0,1,56.37,0.00,1200939008,0,0
86.6263,217137152,524.9700,177.43,0,0,1,33.27,0.00,1200939008,0,0
86.6374,217137152,525.0200,452.28,0,0,1,56.53,0.00,1200939008,0,0
86.6487,217137152,525.0700,443.57,0,0,1,44.36,0.00,1200939008,0,0
86.6600,217137152,525.1400,618.59,0,0,1,99.42,0.00,1200939008,0,0
86.6710,217137152,525.1800,365.02,0,0,1,45.63,0.00,1200939008,0,0
86.6820,217137152,525.2200,360.85,0,0,1,45.11,0.00,1200939008,0,0
86.6931,217137152,525.2400,180.78,0,0,1,22.60,0.00,1200939008,0,0
86.7041,217137152,525.3000,547.76,0,0,1,68.47,0.00,1200939008,0,0
86.7150,217137152,525.3400,365.00,0,0,1,45.62,0.00,1200939008,0,0
86.7260,217137152,525.3800,363.78,0,0,1,45.47,0.00,1200939008,0,0
86.7371,217137152,525.4200,359.86,0,0,1,44.98,0.00,1200939008,0,0
86.7485,217137152,525.4600,351.03,0,0,1,43.88,0.00,1200939008,0,0
86.7597,217137152,525.5400,715.96,0,0,1,100.68,0.00,1200939008,0,0
86.7709,217137152,525.5800,357.00,0,0,1,44.63,0.00,1200939008,0,0
86.7819,217137152,525.6200,364.20,0,0,1,45.52,0.00,1200939008,0,0
86.7930,217137152,525.6600,360.30,0,0,1,45.04,0.00,1200939008,0,0
86.8040,217137152,525.7000,363.06,0,0,1,45.38,0.00,1200939008,0,0
86.8151,217137152,525.7400,358.81,0,0,1,44.85,0.00,1200939008,0,0
86.8263,217137152,525.7800,357.62,0,0,1,44.70,0.00,1200939008,0,0
86.8374,217137152,525.8200,361.49,0,0,1,45.19,0.00,1200939008,0,0
86.8484,217137152,525.8600,363.65,0,0,1,45.46,0.00,1200939008,0,0
86.8594,217137152,525.9300,636.83,0,0,1,79.60,0.00,1200939008,0,0
86.8702,217137152,525.9800,460.63,0,0,1,57.58,0.00,1200939008,0,0
86.8814,217137152,526.0200,358.96,0,0,1,44.87,0.00,1200939008,0,0
86.8924,217137152,526.0600,362.88,0,0,1,45.36,0.00,1200939008,0,0
86.9037,217137152,526.1000,354.64,0,0,1,44.33,0.00,1200939008,0,0
86.9148,217137152,526.1400,358.59,0,0,1,44.82,0.00,1200939008,0,0
86.9261,217137152,526.1800,354.69,0,0,1,44.34,0.00,1200939008,0,0
86.9370,217137152,526.2200,366.14,0,0,1,45.77,0.00,1200939008,0,0
86.9484,217137152,526.2600,352.07,0,0,1,44.01,0.00,1200939008,0,0
86.9596,217137152,526.3400,717.54,0,0,1,100.90,0.00,1200939008,0,0
86.9705,217137152,526.3800,366.99,0,0,1,57.34,0.00,1200939008,0,0
86.9815,217137152,526.4200,361.49,0,0,1,56.48,0.00,1200939008,0,0
86.9926,217137152,526.4600,362.48,0,0,1,45.31,0.00,1200939008,0,0
87.0036,217137152,526.5000,363.48,0,0,1,45.44,0.00,1200939008,0,0
87.0148,217137152,526.5400,355.65,0,0,1,44.46,0.00,1200939008,0,0
87.0258,217137152,526.5800,364.11,0,0,1,45.51,0.00,1200939008,0,0
87.0367,217137152,526.6200,366.25,0,0,1,57.23,0.00,1200939008,0,0
87.0476,217137152,526.6600,368.57,0,0,1,46.07,0.00,1200939008,0,0
87.0587,217137152,526.7000,359.67,0,0,1,44.96,0.00,1200939008,0,0
87.0695,217137152,526.7800,741.03,0,0,1,104.21,0.00,1200939008,0,0
87.0804,217137152,526.8200,366.89,0,0,1,45.86,0.00,1200939008,0,0
87.0918,217137152,526.8600,349.77,0,0,1,43.72,0.00,1200939008,0,0
87.1026,217137152,526.9000,372.47,0,0,1,46.56,0.00,1200939008,0,0
87.1132,217137152,526.9400,376.45,0,0,1,58.82,0.00,1200939008,0,0
87.1242,217137152,526.9800,363.08,0,0,1,45.39,0.00,1200939008,0,0
87.1349,217137152,527.0200,373.82,0,0,1,58.41,0.00,1200939008,0,0
87.1457,217137152,527.0600,370.60,0,0,1,46.33,0.00,1200939008,0,0
87.1566,217137152,527.1000,368.27,0,0,1,57.54,0.00,1200939008,0,0
87.1675,217137152,527.1400,366.23,0,0,1,45.78,0.00,1200939008,0,0
87.1783,217137152,527.1800,369.10,0,0,1,57.67,0.00,1200939008,0,0
87.1891,217137152,527.2600,740.21,0,0,1,115.66,0.00,1200939008,0,0
87.2000,217137152,527.3000,368.29,0,0,1,46.04,0.00,1200939008,0,0
87.2109,217137152,527.3400,367.29,0,0,1,57.39,0.00,1200939008,0,0
87.2217,217137152,527.3800,369.06,0,0,1,46.13,0.00,1200939008,0,0
87.2326,217137152,527.4200,367.26,0,0,1,57.38,0.00,1200939008,0,0
87.2434,217137152,527.4600,369.03,0,0,1,46.13,0.00,1200939008,0,0
87.2543,217137152,527.5000,368.24,0,0,1,46.03,0.00,1200939008,0,0
87.2654,217137152,527.5400,361.50,0,0,1,56.48,0.00,1200939008,0,0
87.2764,217137152,527.5800,362.38,0,0,1,45.30,0.00,1200939008,0,0
87.2873,217137152,527.6200,365.87,0,0,1,57.17,0.00,1200939008,0,0
87.2983,217137152,527.6600,365.84,0,0,1,45.73,0.00,1200939008,0,0
87.3092,217137152,527.7400,734.13,0,0,1,103.24,0.00,1200939008,0,0
87.3200,217137152,527.7800,367.94,0,0,1,57.49,0.00,1200939008,0,0
87.3311,217137152,527.8200,362.64,0,0,1,45.33,0.00,1200939008,0,0
87.3420,217137152,527.8600,367.31,0,0,1,57.39,0.00,1200939008,0,0
87.3527,217137152,527.9000,371.49,0,0,1,46.44,0.00,1200939008,0,0
87.3640,217137152,527.9400,354.51,0,0,1,44.31,0.00,1200939008,0,0
87.3756,217137152,527.9800,344.03,0,0,1,43.00,0.00,1200939008,0,0
87.3866,217137152,528.0200,366.01,0,0,1,45.75,0.00,1200939008,0,0
87.3978,217137152,528.0600,355.10,0,0,1,55.48,0.00,1200939008,0,0
87.4088,217137152,528.1000,363.64,0,0,1,45.46,0.00,1200939008,0,0
87.4198,217137152,528.1800,729.87,0,0,1,114.04,0.00,1200939008,0,0
87.4313,217137152,528.2200,348.66,0,0,1,43.58,0.00,1200939008,0,0
87.4426,217137152,528.2600,354.41,0,0,1,55.38,0.00,1200939008,0,0
87.4534,217137152,528.3000,367.71,0,0,1,45.96,0.00,1200939008,0,0
87.4645,217137152,528.3400,362.43,0,0,1,56.63,0.00,1200939008,0,0
87.4755,217137152,528.3800,362.73,0,0,1,45.34,0.00,1200939008,0,0
87.4865,217137152,528.4200,364.02,0,0,1,45.50,0.00,1200939008,0,0
87.4977,217137152,528.4600,357.52,0,0,1,55.86,0.00,1200939008,0,0
87.5088,217137152,528.5000,358.46,0,0,1,44.81,0.00,1200939008,0,0
87.5197,217137152,528.5800,733.73,0,0,1,114.64,0.00,1200939008,0,0
87.5310,217137152,528.6200,355.20,0,0,1,55.50,0.00,1200939008,0,0
87.5423,217137152,528.6600,354.61,0,0,1,44.33,0.00,1200939008,0,0
87.5533,217137152,528.7000,362.13,0,0,1,45.27,0.00,1200939008,0,0
87.5644,217137152,528.7400,362.57,0,0,1,45.32,0.00,1200939008,0,0
87.5754,217137152,528.7800,362.44,0,0,1,45.30,0.00,1200939008,0,0
87.5865,217137152,528.8200,360.74,0,0,1,56.37,0.00,1200939008,0,0
87.5976,217137152,528.8600,360.11,0,0,1,45.01,0.00,1200939008,0,0
87.6087,217137152,528.9000,360.32,0,0,1,45.04,0.00,1200939008,0,0
87.6194,217137152,528.9800,744.95,0,0,1,104.76,0.00,1200939008,0,0
87.6305,217137152,529.0200,361.96,0,0,1,45.24,0.00,1200939008,0,0
87.6417,217137152,529.0600,357.24,0,0,1,55.82,0.00,1200939008,0,0
87.6526,217137152,529.1000,366.87,0,0,1,45.86,0.00,1200939008,0,0
87.6637,217137152,529.1400,359.70,0,0,1,56.20,0.00,1200939008,0,0
87.6752,217137152,529.1800,347.06,0,0,1,43.38,0.00,1200939008,0,0
87.6862,217137152,529.2200,363.78,0,0,1,45.47,0.00,1200939008,0,0
87.6972,217137152,529.2600,364.33,0,0,1,45.54,0.00,1200939008,0,0
87.7085,217137152,529.3000,353.84,0,0,1,55.29,0.00,1200939008,0,0
87.7195,217137152,529.3800,729.74,0,0,1,114.02,0.00,1200939008,0,0
87.7306,217137152,529.4200,359.42,0,0,1,44.93,0.00,1200939008,0,0
87.7417,217137152,529.4600,360.83,0,0,1,56.38,0.00,1200939008,0,0
87.7525,217137152,529.5000,369.79,0,0,1,46.22,0.00,1200939008,0,0
87.7634,217137152,529.5400,366.14,0,0,1,45.77,0.00,1200939008,0,0
87.7746,217137152,529.5800,359.19,0,0,1,44.90,0.00,1200939008,0,0
87.7854,217137152,529.6200,368.52,0,0,1,57.58,0.00,1200939008,0,0
87.7962,217137152,529.6600,369.69,0,0,1,46.21,0.00,1200939008,0,0
87.8080,217137152,529.7000,340.24,0,0,1,53.16,0.00,1200939008,0,0
87.8189,217137152,529.7400,367.06,0,0,1,45.88,0.00,1200939008,0,0
87.8299,217137152,529.8200,724.01,0,0,1,113.13,0.00,1200939008,0,0
87.8412,217137152,529.8600,354.45,0,0,1,44.31,0.00,1200939008,0,0
87.8520,217137152,529.9000,369.97,0,0,1,46.25,0.00,1200939008,0,0
87.8627,217137152,529.9400,373.73,0,0,1,58.39,0.00,1200939008,0,0
87.8743,217137152,529.9800,347.21,0,0,1,54.25,0.00,1200939008,0,0
87.8850,217137152,530.0200,372.41,0,0,1,46.55,0.00,1200939008,0,0
87.8960,217137152,530.0600,365.28,0,0,1,57.08,0.00,1200939008,0,0
87.9073,217137152,530.1000,353.78,0,0,1,44.22,0.00,1200939008,0,0
87.9181,217137152,530.1400,367.26,0,0,1,57.38,0.00,1200939008,0,0
87.9292,217137152,530.2200,725.84,0,0,1,113.41,0.00,1200939008,0,0
87.9407,217137152,530.2600,347.53,0,0,1,43.44,0.00,1200939008,0,0
87.9514,217137152,530.3000,373.33,0,0,1,46.67,0.00,1200939008,0,0
87.9623,217137152,530.3400,365.48,0,0,1,57.11,0.00,1200939008,0,0
87.9736,217137152,530.3800,355.56,0,0,1,44.45,0.00,1200939008,0,0
87.9845,217137152,530.4200,366.86,0,0,1,45.86,0.00,1200939008,0,0
87.9953,217137152,530.4600,368.75,0,0,1,57.62,0.00,1200939008,0,0
88.0062,217137152,530.5000,369.30,0,0,1,46.16,0.00,1200939008,0,0
88.0171,217137152,530.5400,365.31,0,0,1,45.66,0.00,1200939008,0,0
88.0281,217137152,530.5800,365.54,0,0,1,45.69,0.00,1200939008,0,0
88.0389,217137152,530.6200,367.58,0,0,1,103.38,0.00,1200939008,0,0
88.0499,217137152,530.7000,731.33,0,0,1,57.14,0.00,1200939008,0,0
88.0606,217137152,530.7400,374.90,0,0,1,46.86,0.00,1200939008,0,0
88.0711,217137152,530.7800,378.55,0,0,1,47.32,0.00,1200939008,0,0
88.0821,217137152,530.8200,364.39,0,0,1,56.94,0.00,1200939008,0,0
88.0930,217137152,530.8600,368.40,0,0,1,46.05,0.00,1200939008,0,0
88.1038,217137152,530.9000,369.41,0,0,1,46.18,0.00,1200939008,0,0
88.1146,217137152,530.9400,369.18,0,0,1,57.68,0.00,1200939008,0,0
88.1254,217137152,530.9800,370.76,0,0,1,46.34,0.00,1200939008,0,0
88.1363,217137152,531.0200,368.02,0,0,1,46.00,0.00,1200939008,0,0
88.1474,217137152,531.0600,358.62,0,0,1,56.03,0.00,1200939008,0,0
88.1584,217137152,531.1000,364.76,0,0,1,45.60,0.00,1200939008,0,0
88.1693,217137152,531.1800,736.48,0,0,1,115.08,0.00,1200939008,0,0
88.1803,217137152,531.2200,362.63,0,0,1,45.33,0.00,1200939008,0,0
88.1915,217137152,531.2600,355.99,0,0,1,55.62,0.00,1200939008,0,0
88.2024,217137152,531.3000,367.96,0,0,1,45.99,0.00,1200939008,0,0
88.2133,217137152,531.3400,367.76,0,0,1,45.97,0.00,1200939008,0,0
88.2247,217137152,531.3800,349.54,0,0,1,54.62,0.00,1200939008,0,0
88.2356,217137152,531.4200,368.40,0,0,1,46.05,0.00,1200939008,0,0
88.2467,217137152,531.4600,358.22,0,0,1,44.78,0.00,1200939008,0,0
88.2579,217137152,531.5000,357.45,0,0,1,44.68,0.00,1200939008,0,0
88.2688,217137152,531.5400,368.31,0,0,1,46.04,0.00,1200939008,0,0
88.2799,217137152,531.6200,721.47,0,0,1,101.46,0.00,1200939008,0,0
88.2912,217137152,531.6600,352.86,0,0,1,44.11,0.00,1200939008,0,0
88.3020,217137152,531.7000,372.04,0,0,1,46.51,0.00,1200939008,0,0
88.3129,217137152,531.7400,364.28,0,0,1,45.54,0.00,1200939008,0,0
88.3243,217137152,531.7800,352.98,0,0,1,44.12,0.00,1200939008,0,0
88.3351,217137152,531.8200,369.94,0,0,1,46.24,0.00,1200939008,0,0
88.3458,217137152,531.8600,372.58,0,0,1,46.57,0.00,1200939008,0,0
88.3573,217137152,531.9000,348.58,0,0,1,43.57,0.00,1200939008,0,0
88.3683,217137152,531.9400,363.08,0,0,1,45.39,0.00,1200939008,0,0
88.3797,217137152,532.0200,704.92,0,0,1,88.12,0.00,1200939008,0,0
88.3910,217137152,532.0600,354.33,0,0,1,44.29,0.00,1200939008,0,0
88.4018,217137152,532.1000,367.65,0,0,1,45.96,0.00,1200939008,0,0
88.4128,217137152,532.1400,363.64,0,0,1,45.46,0.00,1200939008,0,0
88.4244,217137152,532.1800,345.90,0,0,1,43.24,0.00,1200939008,0,0
88.4352,217137152,532.2200,370.15,0,0,1,46.27,0.00,1200939008,0,0
88.4463,217137152,532.2600,361.43,0,0,1,45.18,0.00,1200939008,0,0
88.4577,217137152,532.3000,348.59,0,0,1,43.57,0.00,1200939008,0,0
88.4686,217137152,532.3400,368.41,0,0,1,46.05,0.00,1200939008,0,0
88.4796,217137152,532.4200,726.24,0,0,1,113.48,0.00,1200939008,0,0
88.4909,217137152,532.4600,354.38,0,0,1,44.30,0.00,1200939008,0,0
88.5018,217137152,532.5000,368.83,0,0,1,46.10,0.00,1200939008,0,0
88.5127,217137152,532.5400,364.81,0,0,1,57.00,0.00,1200939008,0,0
88.5242,217137152,532.5800,347.24,0,0,1,43.40,0.00,1200939008,0,0
88.5351,217137152,532.6200,367.86,0,0,1,57.48,0.00,1200939008,0,0
88.5463,217137152,532.6600,358.18,0,0,1,44.77,0.00,1200939008,0,0
88.5582,217137152,532.7000,336.76,0,0,1,42.09,0.00,1200939008,0,0
88.5692,217137152,532.7800,721.29,0,0,1,101.43,0.00,1200939008,0,0
88.5802,217137152,532.8200,363.96,0,0,1,45.49,0.00,1200939008,0,0
88.5911,217137152,532.8600,369.45,0,0,1,57.73,0.00,1200939008,0,0
88.6021,217137152,532.9000,361.79,0,0,1,45.22,0.00,1200939008,0,0
88.6133,217137152,532.9400,358.07,0,0,1,55.95,0.00,1200939008,0,0
88.6243,217137152,532.9800,364.11,0,0,1,56.89,0.00,1200939008,0,0
88.6351,217137152,533.0200,369.92,0,0,1,46.24,0.00,1200939008,0,0
88.6460,217137152,533.0600,367.13,0,0,1,57.36,0.00,1200939008,0,0
88.6574,217137152,533.1000,349.58,0,0,1,43.70,0.00,1200939008,0,0
88.6684,217137152,533.1400,365.56,0,0,1,57.12,0.00,1200939008,0,0
88.6795,217137152,533.2200,721.79,0,0,1,101.50,0.00,1200939008,0,0
88.6907,217137152,533.2600,356.10,0,0,1,44.51,0.00,1200939008,0,0
88.7014,217137152,533.3000,373.38,0,0,1,58.34,0.00,1200939008,0,0
88.7122,217137152,533.3400,370.56,0,0,1,46.32,0.00,1200939008,0,0
88.7234,217137152,533.3800,357.55,0,0,1,44.69,0.00,1200939008,0,0
88.7342,217137152,533.4200,368.69,0,0,1,57.61,0.00,1200939008,0,0
88.7450,217137152,533.4600,372.08,0,0,1,46.51,0.00,1200939008,0,0
88.7557,217137152,533.5000,373.31,0,0,1,58.33,0.00,1200939008,0,0
88.7667,217137152,533.5400,362.43,0,0,1,45.30,0.00,1200939008,0,0
88.7776,217137152,533.5800,366.81,0,0,1,57.31,0.00,1200939008,0,0
88.7888,217137152,533.6200,359.75,0,0,1,44.97,0.00,1200939008,0,0
88.7999,217137152,533.7000,717.62,0,0,1,112.13,0.00,1200939008,0,0
88.8109,217137152,533.7400,363.48,0,0,1,56.79,0.00,1200939008,0,0
88.8216,217137152,533.7800,374.96,0,0,1,46.87,0.00,1200939008,0,0
88.8322,217137152,533.8200,375.44,0,0,1,46.93,0.00,1200939008,0,0
88.8432,217137152,533.8600,365.46,0,0,1,57.10,0.00,1200939008,0,0
88.8541,217137152,533.9000,367.26,0,0,1,45.91,0.00,1200939008,0,0
88.8652,217137152,533.9400,360.06,0,0,1,45.01,0.00,1200939008,0,0
88.8761,217137152,533.9800,366.78,0,0,1,45.85,0.00,1200939008,0,0
88.8869,217137152,534.0200,368.32,0,0,1,57.55,0.00,1200939008,0,0
88.8979,217137152,534.0600,364.87,0,0,1,57.01,0.00,1200939008,0,0
88.9087,217137152,534.1000,371.08,0,0,1,46.39,0.00,1200939008,0,0
88.9196,217137152,534.1800,730.06,0,0,1,114.07,0.00,1200939008,0,0
88.9305,217137152,534.2200,368.11,0,0,1,46.01,0.00,1200939008,0,0
88.9414,217137152,534.2600,366.24,0,0,1,57.22,0.00,1200939008,0,0
88.9520,217137152,534.3000,376.97,0,0,1,47.12,0.00,1200939008,0,0
88.9631,217137152,534.3400,360.30,0,0,1,56.30,0.00,1200939008,0,0
88.9742,217137152,534.3800,362.86,0,0,1,45.36,0.00,1200939008,0,0
88.9848,217137152,534.4200,374.69,0,0,1,46.84,0.00,1200939008,0,0
88.9959,217137152,534.4600,360.38,0,0,1,56.31,0.00,1200939008,0,0
89.0075,217137152,534.5000,346.52,0,0,1,43.31,0.00,1200939008,0,0
89.0186,217137152,534.5400,359.99,0,0,1,56.25,0.00,1200939008,0,0
89.0297,217137152,534.6200,720.99,0,0,1,101.39,0.00,1200939008,0,0
89.0409,217137152,534.6600,357.83,0,0,1,55.91,0.00,1200939008,0,0
89.0517,217137152,534.7000,369.82,0,0,1,46.23,0.00,1200939008,0,0
89.0627,217137152,534.7400,363.69,0,0,1,56.83,0.00,1200939008,0,0
89.0740,217137152,534.7800,354.95,0,0,1,44.37,0.00,1200939008,0,0
89.0849,217137152,534.8200,366.17,0,0,1,45.77,0.00,1200939008,0,0
89.0961,217137152,534.8600,355.69,0,0,1,55.58,0.00,1200939008,0,0
89.1072,217137152,534.9000,360.87,0,0,1,45.11,0.00,1200939008,0,0
89.1179,217137152,534.9400,374.42,0,0,1,58.50,0.00,1200939008,0,0
89.1290,217137152,535.0200,718.62,0,0,1,101.06,0.00,1200939008,0,0
89.1405,217137152,535.0600,348.33,0,0,1,54.43,0.00,1200939008,0,0
89.1513,217137152,535.1000,370.34,0,0,1,46.29,0.00,1200939008,0,0
89.1620,217137152,535.1400,375.26,0,0,1,58.63,0.00,1200939008,0,0
89.1736,217948160,535.1700,257.15,0,0,1,32.14,0.00,1200939008,0,0
89.1843,217948160,535.2000,280.99,0,0,1,35.12,0.00,1200939008,0,0
89.1951,219840512,535.2300,279.12,0,0,1,46.52,0.00,1202487296,0,0
89.2068,223084544,535.2400,85.45,0,0,1,21.36,0.00,1204035584,0,0
89.2180,223084544,535.2800,357.52,0,0,1,55.86,0.00,1204035584,0,0
89.2291,223084544,535.3600,720.37,0,0,1,112.56,0.00,1204035584,0,0
89.2413,223084544,535.4000,325.86,0,0,1,40.73,0.00,1204035584,0,0
89.2522,223084544,535.4400,367.79,0,0,1,45.97,0.00,1204035584,0,0
89.2631,223084544,535.4800,366.08,0,0,1,57.20,0.00,1204035584,0,0
89.2741,223084544,535.5200,364.99,0,0,1,45.62,0.00,1204035584,0,0
89.2848,223084544,535.5600,372.46,0,0,1,46.56,0.00,1204035584,0,0
89.2962,223084544,535.6000,351.59,0,0,1,43.95,0.00,1204035584,0,0
89.3075,223084544,535.6400,355.79,0,0,1,55.59,0.00,1204035584,0,0
89.3183,223084544,535.6800,369.42,0,0,1,46.18,0.00,1204035584,0,0
89.3290,223084544,535.7600,745.38,0,0,1,116.47,0.00,1204035584,0,0
89.3404,223084544,535.8000,350.93,0,0,1,43.87,0.00,1204035584,0,0
89.3511,223084544,535.8400,374.13,0,0,1,46.77,0.00,1204035584,0,0
89.3622,223084544,535.8800,360.30,0,0,1,56.30,0.00,1204035584,0,0
89.3738,223084544,535.9200,345.80,0,0,1,43.23,0.00,1204035584,0,0
89.3849,223084544,535.9600,359.95,0,0,1,44.99,0.00,1204035584,0,0
89.3959,223084544,536.0000,363.38,0,0,1,56.78,0.00,1204035584,0,0
89.4073,223084544,536.0400,350.18,0,0,1,43.77,0.00,1204035584,0,0
89.4183,223084544,536.0800,363.72,0,0,1,56.83,0.00,1204035584,0,0
89.4295,223084544,536.1600,714.44,0,0,1,100.47,0.00,1204035584,0,0
89.4407,223084544,536.2000,356.20,0,0,1,55.66,0.00,1204035584,0,0
89.4514,223084544,536.2400,374.97,0,0,1,46.87,0.00,1204035584,0,0
89.4624,223084544,536.2800,364.41,0,0,1,56.94,0.00,1204035584,0,0
89.4735,223084544,536.3200,360.83,0,0,1,45.10,0.00,1204035584,0,0
89.4844,223084544,536.3600,367.34,0,0,1,45.92,0.00,1204035584,0,0
89.4958,223084544,536.4000,348.60,0,0,1,43.58,0.00,1204035584,0,0
89.5072,223084544,536.4400,351.29,0,0,1,43.91,0.00,1204035584,0,0
89.5183,223084544,536.4800,360.82,0,0,1,56.38,0.00,1204035584,0,0
89.5298,223084544,536.5600,698.46,0,0,1,87.31,0.00,1204035584,0,0
89.5407,223084544,536.6000,364.82,0,0,1,45.60,0.00,1204035584,0,0
89.5516,223084544,536.6400,366.91,0,0,1,45.86,0.00,1204035584,0,0
89.5629,223084544,536.6800,355.86,0,0,1,55.60,0.00,1204035584,0,0
89.5739,223084544,536.7200,361.25,0,0,1,45.16,0.00,1204035584,0,0
89.5848,223084544,536.7600,368.21,0,0,1,46.03,0.00,1204035584,0,0
89.5963,223084544,536.8000,347.99,0,0,1,43.50,0.00,1204035584,0,0
89.6075,223084544,536.8400,357.83,0,0,1,44.73,0.00,1204035584,0,0
89.6187,223084544,536.8800,355.80,0,0,1,44.47,0.00,1204035584,0,0
89.6299,223084544,536.9400,537.63,0,0,1,78.40,0.00,1204035584,0,0
89.6410,223084544,537.0000,538.50,0,0,1,78.53,0.00,1204035584,0,0
89.6521,223084544,537.0400,359.92,0,0,1,44.99,0.00,1204035584,0,0
89.6632,223084544,537.0800,361.11,0,0,1,56.42,0.00,1204035584,0,0
89.6743,223084544,537.1200,360.43,0,0,1,45.05,0.00,1204035584,0,0
89.6853,223084544,537.1600,363.10,0,0,1,45.39,0.00,1204035584,0,0
89.6965,223084544,537.2000,359.54,0,0,1,44.94,0.00,1204035584,0,0
89.7077,223084544,537.2400,355.55,0,0,1,55.55,0.00,1204035584,0,0
89.7187,223084544,537.2800,363.54,0,0,1,45.44,0.00,1204035584,0,0
89.7299,223084544,537.3500,627.22,0,0,1,89.60,0.00,1204035584,0,0
89.7410,223084544,537.3800,270.04,0,0,1,33.76,0.00,1204035584,0,0
89.7521,223084544,537.4400,540.46,0,0,1,90.08,0.00,1204035584,0,0
89.7631,223084544,537.4700,271.15,0,0,1,45.19,0.00,1204035584,0,0
89.7743,223084544,537.5200,449.07,0,0,1,78.59,0.00,1204035584,0,0
89.7857,223084544,537.5600,349.86,0,0,1,43.73,0.00,1204035584,0,0
89.7968,223084544,537.6100,451.19,0,0,1,56.40,0.00,1204035584,0,0
89.8081,223084544,537.6400,265.58,0,0,1,44.26,0.00,1204035584,0,0
89.8192,223084544,537.7200,717.73,0,0,1,112.15,0.00,1204035584,0,0
89.8305,223084544,537.7500,265.80,0,0,1,44.30,0.00,1204035584,0,0
89.8416,223084544,537.8000,449.62,0,0,1,56.20,0.00,1204035584,0,0
89.8527,223084544,537.8500,452.91,0,0,1,45.29,0.00,1204035584,0,0
89.8639,223084544,537.8800,267.30,0,0,1,44.55,0.00,1204035584,0,0
89.8749,223084544,537.9200,362.46,0,0,1,45.31,0.00,1204035584,0,0
89.8860,223084544,537.9600,362.10,0,0,1,56.58,0.00,1204035584,0,0
89.8971,223084544,538.0100,450.17,0,0,1,45.02,0.00,1204035584,0,0
89.9083,223084544,538.0400,268.36,0,0,1,55.91,0.00,1204035584,0,0
89.9194,223084544,538.1100,629.46,0,0,1,78.68,0.00,1204035584,0,0
89.9305,223084544,538.1400,271.22,0,0,1,45.20,0.00,1204035584,0,0
89.9416,223084544,538.1700,270.28,0,0,1,22.52,0.00,1204035584,0,0
89.9526,223084544,538.2300,542.23,0,0,1,67.78,0.00,1204035584,0,0
89.9637,223084544,538.2900,542.21,0,0,1,67.78,0.00,1204035584,0,0
89.9748,223084544,538.2900,0.00,0,0,1,0.00,0.00,1204035584,0,0
89.9860,223084544,538.3600,626.63,0,0,1,78.33,0.00,1204035584,0,0
89.9971,223084544,538.4100,450.10,0,0,1,56.26,0.00,1204035584,0,0
90.0082,223084544,538.4400,270.37,0,0,1,45.06,0.00,1204035584,0,0
90.0192,223084544,538.4900,453.52,0,0,1,56.69,0.00,1204035584,0,0
90.0305,223084544,538.5600,621.60,0,0,1,88.80,0.00,1204035584,0,0
90.0416,223084544,538.6000,360.78,0,0,1,56.37,0.00,1204035584,0,0
90.0527,223084544,538.6400,359.44,0,0,1,44.93,0.00,1208229888,0,0
90.0637,223084544,538.6800,362.28,0,0,1,67.93,0.00,1206128640,0,0
90.0750,223084544,538.7200,356.30,0,0,1,77.94,0.00,1210351616,0,0
90.0876,224772096,538.7700,393.93,0,0,1,49.24,0.00,1210667008,0,0
90.1005,224772096,538.8400,543.04,0,0,1,135.76,0.00,1210667008,0,0
90.1129,224772096,538.8800,322.97,0,0,1,50.46,0.00,1210667008,0,0
90.1242,224772096,538.9200,356.06,0,0,1,55.63,0.00,1210667008,0,0
90.1350,224772096,538.9600,368.30,0,0,1,46.04,0.00,1210667008,0,0
90.1460,224772096,539.0000,363.27,0,0,1,45.41,0.00,1210667008,0,0
90.1571,224772096,539.0400,360.46,0,0,1,56.32,0.00,1210667008,0,0
90.1681,224772096,539.0800,364.25,0,0,1,45.53,0.00,1210667008,0,0
90.1793,224772096,539.1600,715.05,0,0,1,100.55,0.00,1210667008,0,0
90.1903,224772096,539.2000,362.94,0,0,1,45.37,0.00,1210667008,0,0
90.2012,224772096,539.2400,368.32,0,0,1,46.04,0.00,1210667008,0,0
90.2120,224772096,539.2800,368.30,0,0,1,46.04,0.00,1210667008,0,0
90.2234,224772096,539.3200,351.29,0,0,1,43.91,0.00,1210667008,0,0
90.2341,224772096,539.3600,374.26,0,0,1,46.78,0.00,1210667008,0,0
90.2454,224772096,539.4000,355.37,0,0,1,44.42,0.00,1210667008,0,0
90.2564,224772096,539.4400,361.96,0,0,1,45.24,0.00,1210667008,0,0
90.2673,224772096,539.4800,366.93,0,0,1,45.87,0.00,1210667008,0,0
90.2783,224772096,539.5200,363.27,0,0,1,45.41,0.00,1210667008,0,0
90.2899,224772096,539.6000,689.41,0,0,1,107.72,0.00,1210667008,0,0
90.3008,224772096,539.6400,369.12,0,0,1,46.14,0.00,1210667008,0,0
90.3119,224772096,539.6800,357.89,0,0,1,44.74,0.00,1210667008,0,0
90.3235,224772096,539.7200,346.86,0,0,1,43.36,0.00,1210667008,0,0
90.3343,224772096,539.7600,369.57,0,0,1,46.20,0.00,1210667008,0,0
90.3453,224772096,539.8000,365.18,0,0,1,45.65,0.00,1210667008,0,0
90.3562,224772096,539.8400,364.34,0,0,1,45.54,0.00,1210667008,0,0
90.3672,224772096,539.8800,363.92,0,0,1,45.49,0.00,1210667008,0,0
90.3783,224772096,539.9200,361.30,0,0,1,56.45,0.00,1210667008,0,0
90.3896,224772096,540.0000,705.97,0,0,1,110.31,0.00,1210667008,0,0
90.4004,224772096,540.0400,372.91,0,0,1,46.61,0.00,1210667008,0,0
90.4114,224772096,540.0800,361.01,0,0,1,45.13,0.00,1210667008,0,0
90.4233,224772096,540.1200,335.73,0,0,1,41.97,0.00,1210667008,0,0
90.4343,224772096,540.1600,364.89,0,0,1,45.61,0.00,1210667008,0,0
90.4454,224772096,540.2000,360.56,0,0,1,45.07,0.00,1210667008,0,0
90.4564,224772096,540.2400,362.84,0,0,1,45.36,0.00,1210667008,0,0
90.4674,224772096,540.2800,363.38,0,0,1,45.42,0.00,1210667008,0,0
90.4784,224772096,540.3200,364.08,0,0,1,45.51,0.00,1210667008,0,0
90.4898,224772096,540.4000,705.15,0,0,1,99.16,0.00,1210667008,0,0
90.5006,224772096,540.4400,368.25,0,0,1,46.03,0.00,1210667008,0,0
90.5118,224772096,540.4800,359.49,0,0,1,44.94,0.00,1210667008,0,0
90.5229,224772096,540.5200,359.46,0,0,1,44.93,0.00,1210667008,0,0
90.5338,224772096,540.5600,366.63,0,0,1,45.83,0.00,1210667008,0,0
90.5447,224772096,540.6000,366.46,0,0,1,45.81,0.00,1210667008,0,0
90.5562,224772096,540.6400,348.74,0,0,1,43.59,0.00,1210667008,0,0
90.5673,224772096,540.6800,360.25,0,0,1,45.03,0.00,1210667008,0,0
90.5785,224772096,540.7200,355.83,0,0,1,44.48,0.00,1210667008,0,0
90.5897,224772096,540.8000,718.34,0,0,1,101.02,0.00,1210667008,0,0
90.6003,224772096,540.8400,376.96,0,0,1,47.12,0.00,1210667008,0,0
90.6111,224772096,540.8800,370.59,0,0,1,46.32,0.00,1210667008,0,0
90.6226,224772096,540.9200,346.37,0,0,1,54.12,0.00,1210667008,0,0
90.6333,224772096,540.9600,373.06,0,0,1,58.29,0.00,1210667008,0,0
90.6441,224772096,541.0000,371.05,0,0,1,57.98,0.00,1210667008,0,0
90.6558,224772096,541.0400,341.05,0,0,1,42.63,0.00,1210667008,0,0
90.6668,224772096,541.0800,365.29,0,0,1,57.08,0.00,1210667008,0,0
90.6777,224772096,541.1200,368.39,0,0,1,57.56,0.00,1210667008,0,0
90.6894,224772096,541.2000,682.82,0,0,1,106.69,0.00,1210667008,0,0
90.7003,224772096,541.2400,367.03,0,0,1,45.88,0.00,1210667008,0,0
90.7111,224772096,541.2800,370.10,0,0,1,46.26,0.00,1210667008,0,0
90.7225,224772096,541.3200,350.24,0,0,1,43.78,0.00,1210667008,0,0
90.7335,224772096,541.3600,363.72,0,0,1,45.46,0.00,1210667008,0,0
90.7443,224772096,541.4000,368.48,0,0,1,46.06,0.00,1210667008,0,0
90.7560,224772096,541.4400,343.67,0,0,1,42.96,0.00,1210667008,0,0
90.7669,224772096,541.4800,366.48,0,0,1,45.81,0.00,1210667008,0,0
90.7779,224772096,541.5200,364.50,0,0,1,45.56,0.00,1210667008,0,0
90.7890,224772096,541.5600,360.85,0,0,1,45.11,0.00,1210667008,0,0
90.7997,224772096,541.6400,746.68,0,0,1,116.67,0.00,1210667008,0,0
90.8104,224772096,541.6800,373.40,0,0,1,58.34,0.00,1210667008,0,0
90.8215,224772096,541.7200,359.44,0,0,1,56.16,0.00,1210667008,0,0
90.8322,224772096,541.7600,374.38,0,0,1,46.80,0.00,1210667008,0,0
90.8431,224772096,541.8000,365.46,0,0,1,45.68,0.00,1210667008,0,0
90.8541,224772096,541.8400,365.77,0,0,1,45.72,0.00,1210667008,0,0
90.8650,224772096,541.8800,366.92,0,0,1,45.87,0.00,1210667008,0,0
90.8759,224772096,541.9200,368.04,0,0,1,46.01,0.00,1210667008,0,0
90.8868,224772096,541.9600,365.83,0,0,1,45.73,0.00,1210667008,0,0
90.8978,224772096,542.0000,364.46,0,0,1,45.56,0.00,1210667008,0,0
90.9086,224772096,542.0400,368.00,0,0,1,46.00,0.00,1210667008,0,0
90.9194,224772096,542.1200,743.30,0,0,1,92.91,0.00,1210667008,0,0
90.9302,224772096,542.1600,368.93,0,0,1,46.12,0.00,1210667008,0,0
90.9410,224772096,542.2000,372.15,0,0,1,46.52,0.00,1210667008,0,0
90.9518,224772096,542.2400,368.56,0,0,1,46.07,0.00,1210667008,0,0
90.9628,224772096,542.2800,366.41,0,0,1,45.80,0.00,1210667008,0,0
90.9736,224772096,542.3200,367.49,0,0,1,45.94,0.00,1210667008,0,0
90.9847,224772096,542.3600,361.24,0,0,1,45.16,0.00,1210667008,0,0
90.9958,224772096,542.4000,360.33,0,0,1,45.04,0.00,1210667008,0,0
91.0067,224772096,542.4400,367.42,0,0,1,45.93,0.00,1210667008,0,0
91.0173,224772096,542.4800,376.94,0,0,1,47.12,0.00,1210667008,0,0
91.0283,224772096,542.5200,364.93,0,0,1,45.62,0.00,1210667008,0,0
91.0392,224772096,542.6000,730.62,0,0,1,102.74,0.00,1210667008,0,0
91.0499,224772096,542.6400,375.85,0,0,1,46.98,0.00,1210667008,0,0
91.0607,224772096,542.6800,369.76,0,0,1,46.22,0.00,1210667008,0,0
91.0719,224772096,542.7200,358.01,0,0,1,44.75,0.00,1210667008,0,0
91.0827,224772096,542.7600,368.99,0,0,1,46.12,0.00,1210667008,0,0
91.0936,224772096,542.8000,365.25,0,0,1,45.66,0.00,1210667008,0,0
91.1050,224772096,542.8400,352.70,0,0,1,44.09,0.00,1210667008,0,0
91.1158,224772096,542.8800,369.49,0,0,1,46.19,0.00,1210667008,0,0
91.1265,224772096,542.9200,372.84,0,0,1,46.60,0.00,1210667008,0,0
91.1376,224772096,542.9600,360.79,0,0,1,45.10,0.00,1210667008,0,0
91.1486,224772096,543.0000,365.64,0,0,1,45.70,0.00,1210667008,0,0
91.1594,224772096,543.0800,741.34,0,0,1,104.25,0.00,1210667008,0,0
91.1701,224772096,543.1200,371.07,0,0,1,46.38,0.00,1210667008,0,0
91.1808,224772096,543.1600,375.95,0,0,1,46.99,0.00,1210667008,0,0
91.1915,224772096,543.2000,371.91,0,0,1,46.49,0.00,1210667008,0,0
91.2022,224772096,543.2400,374.15,0,0,1,46.77,0.00,1210667008,0,0
91.2130,224772096,543.2800,370.49,0,0,1,46.31,0.00,1210667008,0,0
91.2238,224772096,543.3200,372.34,0,0,1,46.54,0.00,1210667008,0,0
91.2345,224772096,543.3600,373.60,0,0,1,46.70,0.00,1210667008,0,0
91.2452,224772096,543.4000,373.84,0,0,1,46.73,0.00,1210667008,0,0
91.2559,224772096,543.4400,373.35,0,0,1,46.67,0.00,1210667008,0,0
91.2669,224772096,543.4800,364.06,0,0,1,45.51,0.00,1210667008,0,0
91.2780,224772096,543.5200,359.83,0,0,1,44.98,0.00,1210667008,0,0
91.2892,224772096,543.6000,714.58,0,0,1,111.65,0.00,1210667008,0,0
91.3001,224772096,543.6400,365.96,0,0,1,45.75,0.00,1210667008,0,0
91.3113,224772096,543.6800,357.90,0,0,1,44.74,0.00,1210667008,0,0
91.3226,224772096,543.7200,354.64,0,0,1,55.41,0.00,1210667008,0,0
91.3335,224772096,543.7600,366.59,0,0,1,45.82,0.00,1210667008,0,0
91.3448,224772096,543.8000,352.80,0,0,1,44.10,0.00,1210667008,0,0
91.3556,224772096,543.8400,372.55,0,0,1,46.57,0.00,1210667008,0,0
91.3663,224772096,543.8800,373.16,0,0,1,46.65,0.00,1210667008,0,0
91.3772,224772096,543.9200,367.74,0,0,1,45.97,0.00,1210667008,0,0
91.3882,224772096,543.9600,360.96,0,0,1,45.12,0.00,1210667008,0,0
91.3992,224772096,544.0400,727.02,0,0,1,102.24,0.00,1210667008,0,0
91.4103,224772096,544.0800,361.33,0,0,1,45.17,0.00,1210667008,0,0
91.4221,224772096,544.1200,339.06,0,0,1,42.38,0.00,1210667008,0,0
91.4331,224772096,544.1600,364.86,0,0,1,45.61,0.00,1210667008,0,0
91.4441,224772096,544.2000,363.19,0,0,1,45.40,0.00,1210667008,0,0
91.4553,224772096,544.2400,356.40,0,0,1,44.55,0.00,1210667008,0,0
91.4663,224772096,544.2800,362.87,0,0,1,45.36,0.00,1210667008,0,0
91.4771,224772096,544.3200,372.25,0,0,1,46.53,0.00,1210667008,0,0
91.4877,224772096,544.3600,377.43,0,0,1,47.18,0.00,1210667008,0,0
91.4984,224772096,544.4000,371.31,0,0,1,46.41,0.00,1210667008,0,0
91.5094,224772096,544.4800,733.40,0,0,1,103.13,0.00,1210667008,0,0
91.5204,224772096,544.5200,363.00,0,0,1,45.38,0.00,1210667008,0,0
91.5313,224772096,544.5600,366.17,0,0,1,45.77,0.00,1210667008,0,0
91.5419,224772096,544.6000,375.81,0,0,1,46.98,0.00,1210667008,0,0
91.5527,224772096,544.6400,371.42,0,0,1,46.43,0.00,1210667008,0,0
91.5635,224772096,544.6800,370.84,0,0,1,46.36,0.00,1210667008,0,0
91.5743,224772096,544.7200,369.70,0,0,1,46.21,0.00,1210667008,0,0
91.5851,224772096,544.7600,369.93,0,0,1,46.24,0.00,1210667008,0,0
91.5959,224772096,544.8000,371.38,0,0,1,46.42,0.00,1210667008,0,0
91.6067,224772096,544.8400,371.05,0,0,1,46.38,0.00,1210667008,0,0
91.6175,224772096,544.8800,370.69,0,0,1,46.34,0.00,1210667008,0,0
91.6283,224772096,544.9200,367.65,0,0,1,45.96,0.00,1210667008,0,0
91.6394,224772096,545.0000,726.92,0,0,1,102.22,0.00,1210667008,0,0
91.6501,224772096,545.0400,371.68,0,0,1,46.46,0.00,1210667008,0,0
91.6610,224772096,545.0800,367.11,0,0,1,45.89,0.00,1210667008,0,0
91.6718,224772096,545.1200,369.58,0,0,1,46.20,0.00,1210667008,0,0
91.6826,224772096,545.1600,370.33,0,0,1,46.29,0.00,1210667008,0,0
91.6933,224772096,545.2000,375.31,0,0,1,46.91,0.00,1210667008,0,0
91.7046,224772096,545.2400,354.70,0,0,1,44.34,0.00,1210667008,0,0
91.7153,224772096,545.2800,371.34,0,0,1,46.42,0.00,1210667008,0,0
91.7263,224772096,545.3200,366.60,0,0,1,45.82,0.00,1210667008,0,0
91.7376,224772096,545.3600,353.78,0,0,1,44.22,0.00,1210667008,0,0
91.7482,224772096,545.4000,374.29,0,0,1,46.79,0.00,1210667008,0,0
91.7591,224772096,545.4400,370.14,0,0,1,104.10,0.00,1210667008,0,0
91.7699,224772096,545.5200,740.34,0,0,1,80.97,0.00,1210667008,0,0
91.7810,224772096,545.5600,358.77,0,0,1,44.85,0.00,1210667008,0,0
91.7917,224772096,545.6000,374.87,0,0,1,46.86,0.00,1210667008,0,0
91.8025,224772096,545.6400,369.77,0,0,1,46.22,0.00,1210667008,0,0
91.8131,224772096,545.6800,375.87,0,0,1,46.98,0.00,1210667008,0,0
91.8238,224772096,545.7200,376.94,0,0,1,47.12,0.00,1210667008,0,0
91.8345,224772096,545.7600,371.28,0,0,1,46.41,0.00,1210667008,0,0
91.8452,224772096,545.8000,376.07,0,0,1,47.01,0.00,1210667008,0,0
91.8560,224772096,545.8400,370.07,0,0,1,46.26,0.00,1210667008,0,0
91.8665,224772096,545.8800,378.79,0,0,1,47.35,0.00,1210667008,0,0
91.8774,224772096,545.9200,369.06,0,0,1,46.13,0.00,1210667008,0,0
91.8883,224772096,545.9600,366.37,0,0,1,45.80,0.00,1210667008,0,0
91.8992,224772096,546.0400,730.67,0,0,1,102.75,0.00,1210667008,0,0
91.9101,224772096,546.0800,368.52,0,0,1,46.06,0.00,1210667008,0,0
91.9211,224772096,546.1200,363.54,0,0,1,45.44,0.00,1210667008,0,0
91.9318,224772096,546.1600,374.34,0,0,1,46.79,0.00,1210667008,0,0
91.9425,224772096,546.2000,373.06,0,0,1,46.63,0.00,1210667008,0,0
91.9533,224772096,546.2400,371.93,0,0,1,46.49,0.00,1210667008,0,0
91.9642,224772096,546.2800,366.02,0,0,1,45.75,0.00,1210667008,0,0
91.9750,224772096,546.3200,368.55,0,0,1,46.07,0.00,1210667008,0,0
91.9858,224772096,546.3600,372.16,0,0,1,46.52,0.00,1210667008,0,0
91.9966,224772096,546.4000,371.42,0,0,1,46.43,0.00,1210667008,0,0
92.0073,224772096,546.4400,370.73,0,0,1,46.34,0.00,1210667008,0,0
92.0182,224772096,546.4800,367.60,0,0,1,45.95,0.00,1210667008,0,0
92.0291,224772096,546.5600,737.16,0,0,1,103.66,0.00,1210667008,0,0
92.0400,224772096,546.6000,366.97,0,0,1,45.87,0.00,1210667008,0,0
92.0509,224772096,546.6400,367.63,0,0,1,45.95,0.00,1210667008,0,0
92.0618,224772096,546.6800,365.84,0,0,1,45.73,0.00,1210667008,0,0
92.0728,224772096,546.7200,364.36,0,0,1,45.55,0.00,1210667008,0,0
92.0837,224772096,546.7600,365.13,0,0,1,45.64,0.00,1210667008,0,0
92.0945,224772096,546.8000,371.17,0,0,1,46.40,0.00,1210667008,0,0
92.1055,224772096,546.8400,364.54,0,0,1,45.57,0.00,1210667008,0,0
92.1164,224772096,546.8800,365.67,0,0,1,45.71,0.00,1210667008,0,0
92.1275,224772096,546.9200,360.05,0,0,1,45.01,0.00,1210667008,0,0
92.1385,224772096,546.9600,364.93,0,0,1,45.62,0.00,1210667008,0,0
92.1496,224772096,547.0400,720.79,0,0,1,101.36,0.00,1210667008,0,0
92.1607,224772096,547.0800,358.24,0,0,1,44.78,0.00,1210667008,0,0
92.1720,224772096,547.1200,354.47,0,0,1,44.31,0.00,1210667008,0,0
92.1830,224772096,547.1600,365.18,0,0,1,45.65,0.00,1210667008,0,0
92.1942,224772096,547.2000,357.11,0,0,1,44.64,0.00,1210667008,0,0
92.2052,224772096,547.2400,362.69,0,0,1,45.34,0.00,1210667008,0,0
92.2162,224772096,547.2800,362.81,0,0,1,45.35,0.00,1210667008,0,0
92.2275,224772096,547.3200,355.75,0,0,1,44.47,0.00,1210667008,0,0
92.2388,224772096,547.3600,353.65,0,0,1,44.21,0.00,1210667008,0,0
92.2498,224772096,547.4400,729.34,0,0,1,102.56,0.00,1210667008,0,0
92.2609,224772096,547.4800,360.28,0,0,1,45.04,0.00,1210667008,0,0
92.2719,224772096,547.5200,362.31,0,0,1,45.29,0.00,1210667008,0,0
92.2830,224772096,547.5600,360.82,0,0,1,56.38,0.00,1210667008,0,0
92.2940,224772096,547.6000,362.07,0,0,1,56.57,0.00,1210667008,0,0
92.3050,224772096,547.6400,364.00,0,0,1,56.88,0.00,1210667008,0,0
92.3160,224772096,547.6800,364.45,0,0,1,45.56,0.00,1210667008,0,0
92.3271,224772096,547.7200,359.02,0,0,1,56.10,0.00,1210667008,0,0
92.3381,224772096,547.7600,363.95,0,0,1,56.87,0.00,1210667008,0,0
92.3489,224772096,547.8000,370.90,0,0,1,115.91,0.00,1210667008,0,0
92.3600,224772096,547.8800,721.95,0,0,1,45.12,0.00,1210667008,0,0
92.3716,224772096,547.9200,346.06,0,0,1,43.26,0.00,1210667008,0,0
92.3826,224772096,547.9600,363.94,0,0,1,45.49,0.00,1210667008,0,0
92.3936,224772096,548.0000,360.68,0,0,1,45.09,0.00,1210667008,0,0
92.4049,224772096,548.0400,354.38,0,0,1,44.30,0.00,1210667008,0,0
92.4158,224772096,548.0800,367.14,0,0,1,45.89,0.00,1210667008,0,0
92.4272,224772096,548.1200,350.55,0,0,1,43.82,0.00,1210667008,0,0
92.4383,224772096,548.1600,362.01,0,0,1,45.25,0.00,1210667008,0,0
92.4492,224772096,548.2400,731.91,0,0,1,102.92,0.00,1210667008,0,0
92.4605,224772096,548.2800,354.76,0,0,1,44.35,0.00,1210667008,0,0
92.4716,224772096,548.3200,359.98,0,0,1,45.00,0.00,1210667008,0,0
92.4824,224772096,548.3600,369.44,0,0,1,46.18,0.00,1210667008,0,0
92.4933,224772096,548.4000,366.26,0,0,1,45.78,0.00,1210667008,0,0
92.5043,224772096,548.4400,363.85,0,0,1,45.48,0.00,1210667008,0,0
92.5150,224772096,548.4800,373.96,0,0,1,46.74,0.00,1210667008,0,0
92.5261,224772096,548.5200,363.13,0,0,1,45.39,0.00,1210667008,0,0
92.5376,224772096,548.5600,346.13,0,0,1,43.27,0.00,1210667008,0,0
92.5484,224772096,548.6000,370.44,0,0,1,46.30,0.00,1210667008,0,0
92.5592,224772096,548.6700,651.61,0,0,1,93.09,0.00,1210667008,0,0
92.5705,224772096,548.7200,441.56,0,0,1,55.19,0.00,1210667008,0,0
92.5812,224772096,548.7600,372.91,0,0,1,46.61,0.00,1210667008,0,0
92.5919,224772096,548.8000,375.10,0,0,1,46.89,0.00,1210667008,0,0
92.6030,224772096,548.8400,359.71,0,0,1,44.96,0.00,1210667008,0,0
92.6139,224772096,548.8800,366.43,0,0,1,45.80,0.00,1210667008,0,0
92.6247,224772096,548.9200,369.15,0,0,1,46.14,0.00,1210667008,0,0
92.6356,224772096,548.9600,369.59,0,0,1,46.20,0.00,1210667008,0,0
92.6463,224772096,549.0000,374.14,0,0,1,46.77,0.00,1210667008,0,0
92.6569,224772096,549.0400,374.60,0,0,1,46.82,0.00,1210667008,0,0
92.6677,224772096,549.0800,369.88,0,0,1,46.24,0.00,1210667008,0,0
92.6786,224772096,549.1200,367.39,0,0,1,45.92,0.00,1210667008,0,0
92.6896,224772096,549.2000,728.67,0,0,1,102.47,0.00,1210667008,0,0
92.7003,224772096,549.2400,374.92,0,0,1,46.87,0.00,1210667008,0,0
92.7112,224772096,549.2800,367.24,0,0,1,45.90,0.00,1210667008,0,0
92.7219,224772096,549.3200,373.13,0,0,1,46.64,0.00,1210667008,0,0
92.7328,224772096,549.3600,365.79,0,0,1,45.72,0.00,1210667008,0,0
92.7439,224772096,549.4000,361.93,0,0,1,45.24,0.00,1210667008,0,0
92.7548,224772096,549.4400,366.56,0,0,1,45.82,0.00,1210667008,0,0
92.7656,224772096,549.4800,369.27,0,0,1,46.16,0.00,1210667008,0,0
92.7767,224772096,549.5200,362.31,0,0,1,45.29,0.00,1210667008,0,0
92.7879,224772096,549.5600,355.04,0,0,1,44.38,0.00,1210667008,0,0
92.7992,224772096,549.6400,707.96,0,0,1,110.62,0.00,1210667008,0,0
92.8103,224772096,549.6800,360.28,0,0,1,56.29,0.00,1210667008,0,0
92.8212,224772096,549.7200,368.13,0,0,1,46.02,0.00,1210667008,0,0
92.8320,224772096,549.7600,370.96,0,0,1,57.96,0.00,1210667008,0,0
92.8430,224772096,549.8000,362.31,0,0,1,45.29,0.00,1210667008,0,0
92.8544,224772096,549.8400,352.24,0,0,1,44.03,0.00,1210667008,0,0
92.8651,224772096,549.8800,372.53,0,0,1,46.57,0.00,1210667008,0,0
92.8761,224772096,549.9200,364.60,0,0,1,45.57,0.00,1210667008,0,0
92.8875,224772096,549.9600,350.05,0,0,1,54.70,0.00,1210667008,0,0
92.8984,224772096,550.0000,368.41,0,0,1,46.05,0.00,1210667008,0,0
92.9091,224772096,550.0800,746.21,0,0,1,116.60,0.00,1210667008,0,0
92.9206,224772096,550.1200,347.27,0,0,1,54.26,0.00,1210667008,0,0
92.9317,224772096,550.1600,362.29,0,0,1,45.29,0.00,1210667008,0,0
92.9428,224772096,550.2000,359.18,0,0,1,44.90,0.00,1210667008,0,0
92.9542,224772096,550.2400,349.76,0,0,1,43.72,0.00,1210667008,0,0
92.9651,224772096,550.2800,368.53,0,0,1,46.07,0.00,1210667008,0,0
92.9761,224772096,550.3200,364.11,0,0,1,45.51,0.00,1210667008,0,0
92.9874,224772096,550.3600,351.50,0,0,1,54.92,0.00,1210667008,0,0
92.9982,224772096,550.4000,370.46,0,0,1,46.31,0.00,1210667008,0,0
93.0093,224772096,550.4800,725.91,0,0,1,113.42,0.00,1210667008,0,0
93.0206,224772096,550.5200,352.28,0,0,1,44.03,0.00,1210667008,0,0
93.0315,224772096,550.5600,369.05,0,0,1,46.13,0.00,1210667008,0,0
93.0424,224772096,550.6000,366.47,0,0,1,45.81,0.00,1210667008,0,0
93.0540,224772096,550.6400,345.00,0,0,1,53.91,0.00,1210667008,0,0
93.0651,224772096,550.6800,359.24,0,0,1,44.90,0.00,1210667008,0,0
93.0763,224772096,550.7200,356.12,0,0,1,55.64,0.00,1210667008,0,0
93.0875,224772096,550.7600,359.07,0,0,1,44.88,0.00,1210667008,0,0
93.0982,224772096,550.8000,371.56,0,0,1,58.06,0.00,1210667008,0,0
93.1095,224772096,550.8800,710.11,0,0,1,99.86,0.00,1210667008,0,0
93.1207,224772096,550.9200,356.74,0,0,1,44.59,0.00,1210667008,0,0
93.1314,224772096,550.9600,374.18,0,0,1,46.77,0.00,1210667008,0,0
93.1421,224772096,551.0000,372.26,0,0,1,58.17,0.00,1210667008,0,0
93.1533,224772096,551.0400,357.68,0,0,1,44.71,0.00,1210667008,0,0
93.1644,224772096,551.0800,362.85,0,0,1,56.70,0.00,1210667008,0,0
93.1752,224772096,551.1200,369.12,0,0,1,46.14,0.00,1210667008,0,0
93.1864,224772096,551.1600,356.90,0,0,1,44.61,0.00,1210667008,0,0
93.1973,224772096,551.2000,368.66,0,0,1,57.60,0.00,1210667008,0,0
93.2081,224772096,551.2400,367.51,0,0,1,45.94,0.00,1210667008,0,0
93.2189,224772096,551.2800,371.75,0,0,1,58.09,0.00,1210667008,0,0
93.2298,224772096,551.3600,734.73,0,0,1,103.32,0.00,1210667008,0,0
93.2405,224772096,551.4000,372.40,0,0,1,46.55,0.00,1210667008,0,0
93.2513,224772096,551.4400,371.32,0,0,1,58.02,0.00,1210667008,0,0
93.2623,224772096,551.4800,363.46,0,0,1,45.43,0.00,1210667008,0,0
93.2731,224772096,551.5200,371.61,0,0,1,58.06,0.00,1210667008,0,0
93.2838,224772096,551.5600,374.02,0,0,1,46.75,0.00,1210667008,0,0
93.2945,224772096,551.6000,372.08,0,0,1,58.14,0.00,1210667008,0,0
93.3053,224772096,551.6400,370.39,0,0,1,46.30,0.00,1210667008,0,0
93.3160,224772096,551.6800,372.56,0,0,1,58.21,0.00,1210667008,0,0
93.3268,224772096,551.7200,373.48,0,0,1,46.68,0.00,1210667008,0,0
93.3375,224772096,551.7600,372.99,0,0,1,58.28,0.00,1210667008,0,0
93.3481,224772096,551.8000,377.63,0,0,1,47.20,0.00,1210667008,0,0
93.3592,224772096,551.8800,717.65,0,0,1,112.13,0.00,1210667008,0,0
93.3706,224772096,551.9200,352.42,0,0,1,44.05,0.00,1210667008,0,0
93.3813,224772096,551.9600,372.95,0,0,1,46.62,0.00,1210667008,0,0
93.3921,224772096,552.0000,371.94,0,0,1,46.49,0.00,1210667008,0,0
93.4032,224772096,552.0400,358.44,0,0,1,56.01,0.00,1210667008,0,0
93.4139,224772096,552.0800,373.84,0,0,1,46.73,0.00,1210667008,0,0
93.4248,224772096,552.1200,368.70,0,0,1,46.09,0.00,1210667008,0,0
93.4356,224772096,552.1600,368.75,0,0,1,46.09,0.00,1210667008,0,0
93.4463,224772096,552.2000,375.71,0,0,1,46.96,0.00,1210667008,0,0
93.4572,224772096,552.2400,365.59,0,0,1,57.12,0.00,1210667008,0,0
93.4682,224772096,552.2800,362.93,0,0,1,45.37,0.00,1210667008,0,0
93.4791,224772096,552.3600,731.73,0,0,1,114.33,0.00,1210667008,0,0
93.4900,224772096,552.4000,368.99,0,0,1,57.65,0.00,1210667008,0,0
93.5007,224772096,552.4400,375.00,0,0,1,46.88,0.00,1210667008,0,0
93.5114,224772096,552.4800,372.81,0,0,1,58.25,0.00,1210667008,0,0
93.5221,224772096,552.5200,372.98,0,0,1,46.62,0.00,1210667008,0,0
93.5328,224772096,552.5600,375.26,0,0,1,58.63,0.00,1210667008,0,0
93.5436,224772096,552.6000,370.46,0,0,1,46.31,0.00,1210667008,0,0
93.5543,224772096,552.6400,374.20,0,0,1,58.47,0.00,1210667008,0,0
93.5649,224772096,552.6800,374.47,0,0,1,46.81,0.00,1210667008,0,0
93.5761,224772096,552.7200,359.78,0,0,1,56.22,0.00,1210667008,0,0
93.5872,224772096,552.7600,358.44,0,0,1,44.80,0.00,1210667008,0,0
93.5983,224772096,552.8000,361.54,0,0,1,56.49,0.00,1210667008,0,0
93.6094,224772096,552.8800,717.18,0,0,1,100.85,0.00,1210667008,0,0
93.6203,224772096,552.9200,366.51,0,0,1,57.27,0.00,1210667008,0,0
93.6309,224772096,552.9600,377.66,0,0,1,47.21,0.00,1210667008,0,0
93.6415,224772096,553.0000,377.89,0,0,1,59.05,0.00,1210667008,0,0
93.6524,224772096,553.0400,366.29,0,0,1,45.79,0.00,1210667008,0,0
93.6632,224772096,553.0800,370.64,0,0,1,57.91,0.00,1210667008,0,0
93.6743,224772096,553.1200,362.54,0,0,1,45.32,0.00,1210667008,0,0
93.6852,224772096,553.1600,366.09,0,0,1,45.76,0.00,1210667008,0,0
93.6959,224772096,553.2000,372.70,0,0,1,58.23,0.00,1210667008,0,0
93.7066,224772096,553.2400,375.39,0,0,1,46.92,0.00,1210667008,0,0
93.7173,224772096,553.2800,371.61,0,0,1,58.06,0.00,1210667008,0,0
93.7283,224772096,553.3200,366.58,0,0,1,45.82,0.00,1210667008,0,0
93.7392,224772096,553.4000,730.47,0,0,1,114.14,0.00,1210667008,0,0
93.7502,224772096,553.4400,364.57,0,0,1,45.57,0.00,1210667008,0,0
93.7609,224772096,553.4800,372.04,0,0,1,58.13,0.00,1210667008,0,0
93.7716,224772096,553.5200,373.44,0,0,1,46.68,0.00,1210667008,0,0
93.7823,224772096,553.5600,375.48,0,0,1,46.93,0.00,1210667008,0,0
93.7931,224772096,553.6000,370.92,0,0,1,46.37,0.00,1210667008,0,0
93.8038,224772096,553.6400,371.75,0,0,1,46.47,0.00,1210667008,0,0
93.8145,224772096,553.6800,375.05,0,0,1,46.88,0.00,1210667008,0,0
93.8254,224772096,553.7200,365.71,0,0,1,57.14,0.00,1210667008,0,0
93.8367,224772096,553.7600,354.30,0,0,1,44.29,0.00,1210667008,0,0
93.8475,224772096,553.8000,371.51,0,0,1,58.05,0.00,1210667008,0,0
93.8583,224772096,553.8400,371.75,0,0,1,46.47,0.00,1210667008,0,0
93.8692,224772096,553.9200,729.07,0,0,1,113.92,0.00,1210667008,0,0
93.8801,224772096,553.9600,366.85,0,0,1,45.86,0.00,1210667008,0,0
93.8909,224772096,554.0000,373.14,0,0,1,58.30,0.00,1210667008,0,0
93.9016,224772096,554.0400,373.39,0,0,1,46.67,0.00,1210667008,0,0
93.9125,224772096,554.0800,367.49,0,0,1,45.94,0.00,1210667008,0,0
93.9233,224772096,554.1200,370.26,0,0,1,46.28,0.00,1210667008,0,0
93.9340,224772096,554.1600,372.14,0,0,1,46.52,0.00,1210667008,0,0
93.9446,224772096,554.2000,376.53,0,0,1,58.83,0.00,1210667008,0,0
93.9553,224772096,554.2400,376.59,0,0,1,47.07,0.00,1210667008,0,0
93.9661,224772096,554.2800,367.30,0,0,1,45.91,0.00,1210667008,0,0
93.9769,224772096,554.3200,372.66,0,0,1,58.23,0.00,1210667008,0,0
93.9876,224772096,554.3600,374.11,0,0,1,46.76,0.00,1210667008,0,0
93.9982,224772096,554.4000,375.65,0,0,1,46.96,0.00,1210667008,0,0
94.0090,224772096,554.4800,741.76,0,0,1,115.90,0.00,1210667008,0,0
94.0200,224772096,554.5200,365.29,0,0,1,45.66,0.00,1210667008,0,0
94.0306,224772096,554.5600,374.79,0,0,1,58.56,0.00,1210667008,0,0
94.0413,224772096,554.6000,374.04,0,0,1,46.76,0.00,1210667008,0,0
94.0523,224772096,554.6400,365.51,0,0,1,45.69,0.00,1210667008,0,0
94.0632,224772096,554.6800,366.76,0,0,1,57.31,0.00,1210667008,0,0
94.0739,224772096,554.7200,372.06,0,0,1,46.51,0.00,1210667008,0,0
94.0845,224772096,554.7600,378.17,0,0,1,59.09,0.00,1210667008,0,0
94.0953,224772096,554.8000,368.81,0,0,1,46.10,0.00,1210667008,0,0
94.1061,224772096,554.8400,372.59,0,0,1,58.22,0.00,1210667008,0,0
94.1167,224772096,554.8800,374.85,0,0,1,46.86,0.00,1210667008,0,0
94.1275,224772096,554.9200,373.53,0,0,1,58.36,0.00,1210667008,0,0
94.1382,224772096,554.9600,373.94,0,0,1,46.74,0.00,1210667008,0,0
94.1488,224772096,555.0000,374.17,0,0,1,46.77,0.00,1210667008,0,0
94.1596,224772096,555.0800,745.17,0,0,1,116.43,0.00,1210667008,0,0
94.1703,224772096,555.1200,371.98,0,0,1,46.50,0.00,1210667008,0,0
94.1810,224772096,555.1600,373.41,0,0,1,46.68,0.00,1210667008,0,0
94.1918,224772096,555.2000,370.87,0,0,1,46.36,0.00,1210667008,0,0
94.2028,224772096,555.2400,363.21,0,0,1,56.75,0.00,1210667008,0,0
94.2136,224772096,555.2800,373.26,0,0,1,46.66,0.00,1210667008,0,0
94.2243,224772096,555.3200,373.53,0,0,1,58.36,0.00,1210667008,0,0
94.2351,224772096,555.3600,368.81,0,0,1,46.10,0.00,1210667008,0,0
94.2466,224772096,555.4000,349.68,0,0,1,54.64,0.00,1210667008,0,0
94.2572,224772096,555.4400,374.06,0,0,1,46.76,0.00,1210667008,0,0
94.2682,224772096,555.4800,365.56,0,0,1,57.12,0.00,1210667008,0,0
94.2792,224772096,555.5600,725.27,0,0,1,101.99,0.00,1210667008,0,0
94.2901,224772096,555.6000,369.20,0,0,1,46.15,0.00,1210667008,0,0
94.3008,224772096,555.6400,371.42,0,0,1,46.43,0.00,1210667008,0,0
94.3118,224772096,555.6800,365.91,0,0,1,45.74,0.00,1210667008,0,0
94.3227,224772096,555.7200,364.33,0,0,1,45.54,0.00,1210667008,0,0
94.3335,224772096,555.7600,370.69,0,0,1,46.34,0.00,1210667008,0,0
94.3445,224772096,555.8000,365.70,0,0,1,57.14,0.00,1210667008,0,0
94.3554,224772096,555.8400,364.65,0,0,1,45.58,0.00,1210667008,0,0
94.3664,224772096,555.8800,363.49,0,0,1,45.44,0.00,1210667008,0,0
94.3774,224772096,555.9200,363.71,0,0,1,56.83,0.00,1210667008,0,0
94.3884,224772096,555.9600,365.43,0,0,1,45.68,0.00,1210667008,0,0
94.3995,224772096,556.0400,716.45,0,0,1,111.95,0.00,1210667008,0,0
94.4104,224772096,556.0800,367.13,0,0,1,57.36,0.00,1210667008,0,0
94.4214,224772096,556.1200,366.15,0,0,1,45.77,0.00,1210667008,0,0
94.4323,224772096,556.1600,364.78,0,0,1,45.60,0.00,1210667008,0,0
94.4435,224772096,556.2000,358.83,0,0,1,44.85,0.00,1210667008,0,0
94.4546,224772096,556.2400,358.17,0,0,1,44.77,0.00,1210667008,0,0
94.4657,224772096,556.2800,362.26,0,0,1,45.28,0.00,1210667008,0,0
94.4767,224772096,556.3200,364.44,0,0,1,45.56,0.00,1210667008,0,0
94.4876,224772096,556.3600,365.79,0,0,1,45.72,0.00,1210667008,0,0
94.4985,224772096,556.4000,367.34,0,0,1,45.92,0.00,1210667008,0,0
94.5095,224772096,556.4800,726.91,0,0,1,90.86,0.00,1210667008,0,0
94.5203,224772096,556.5200,368.70,0,0,1,57.61,0.00,1210667008,0,0
94.5311,224772096,556.5600,372.98,0,0,1,46.62,0.00,1210667008,0,0
94.5419,224772096,556.6000,370.38,0,0,1,57.87,0.00,1210667008,0,0
94.5528,224772096,556.6400,367.51,0,0,1,45.94,0.00,1210667008,0,0
94.5635,224772096,556.6800,372.97,0,0,1,58.28,0.00,1210667008,0,0
94.5743,224772096,556.7200,368.35,0,0,1,46.04,0.00,1210667008,0,0
94.5860,224772096,556.7600,341.83,0,0,1,42.73,0.00,1210667008,0,0
94.5968,224772096,556.8000,370.83,0,0,1,57.94,0.00,1210667008,0,0
94.6074,224772096,556.8400,377.71,0,0,1,47.21,0.00,1210667008,0,0
94.6185,224772096,556.8800,362.22,0,0,1,45.28,0.00,1210667008,0,0
94.6292,224772096,556.9600,745.64,0,0,1,104.86,0.00,1210667008,0,0
94.6399,224772096,557.0000,373.13,0,0,1,46.64,0.00,1210667008,0,0
94.6506,224772096,557.0400,374.06,0,0,1,46.76,0.00,1210667008,0,0
94.6615,224772096,557.0800,367.95,0,0,1,45.99,0.00,1210667008,0,0
94.6724,224772096,557.1200,366.89,0,0,1,45.86,0.00,1210667008,0,0
94.6832,224772096,557.1600,368.77,0,0,1,46.10,0.00,1210667008,0,0
94.6942,224772096,557.2000,363.59,0,0,1,45.45,0.00,1210667008,0,0
94.7052,224772096,557.2400,365.07,0,0,1,45.63,0.00,1210667008,0,0
94.7161,224772096,557.2800,366.70,0,0,1,45.84,0.00,1210667008,0,0
94.7271,224772096,557.3200,364.48,0,0,1,45.56,0.00,1210667008,0,0
94.7379,224772096,557.3600,368.83,0,0,1,46.10,0.00,1210667008,0,0
94.7488,224772096,557.4000,368.84,0,0,1,46.11,0.00,1210667008,0,0
94.7595,224772096,557.4800,746.15,0,0,1,104.93,0.00,1210667008,0,0
94.7702,224772096,557.5200,371.74,0,0,1,46.47,0.00,1210667008,0,0
94.7812,224772096,557.5600,366.38,0,0,1,45.80,0.00,1210667008,0,0
94.7922,224772096,557.6000,361.67,0,0,1,45.21,0.00,1210667008,0,0
94.8034,224772096,557.6400,356.78,0,0,1,44.60,0.00,1210667008,0,0
94.8144,224772096,557.6800,362.89,0,0,1,45.36,0.00,1210667008,0,0
94.8255,224772096,557.7200,362.14,0,0,1,45.27,0.00,1210667008,0,0
94.8364,224772096,557.7600,367.40,0,0,1,45.93,0.00,1210667008,0,0
94.8472,224772096,557.8000,368.39,0,0,1,46.05,0.00,1210667008,0,0
94.8581,224772096,557.8400,367.27,0,0,1,45.91,0.00,1210667008,0,0
94.8695,224772096,557.9200,703.34,0,0,1,98.91,0.00,1210667008,0,0
94.8801,224772096,557.9600,375.62,0,0,1,46.95,0.00,1210667008,0,0
94.8910,224772096,558.0000,369.22,0,0,1,46.15,0.00,1210667008,0,0
94.9025,224772096,558.0400,345.84,0,0,1,43.23,0.00,1210667008,0,0
94.9132,224772096,558.0800,374.74,0,0,1,46.84,0.00,1210667008,0,0
94.9241,224772096,558.1200,367.39,0,0,1,45.92,0.00,1210667008,0,0
94.9354,224772096,558.1600,354.35,0,0,1,44.29,0.00,1210667008,0,0
94.9462,224772096,558.2000,371.29,0,0,1,46.41,0.00,1210667008,0,0
94.9571,224772096,558.2400,367.45,0,0,1,45.93,0.00,1210667008,0,0
94.9678,224772096,558.2800,371.07,0,0,1,46.38,0.00,1210667008,0,0
94.9786,224772096,558.3200,372.40,0,0,1,46.55,0.00,1210667008,0,0
94.9894,224772096,558.4000,737.68,0,0,1,92.21,0.00,1210667008,0,0
95.0002,224772096,558.4400,370.52,0,0,1,46.32,0.00,1210667008,0,0
95.0111,224772096,558.4800,369.11,0,0,1,46.14,0.00,1210667008,0,0
95.0219,224772096,558.5200,367.93,0,0,1,45.99,0.00,1210667008,0,0
95.0327,224772096,558.5600,372.84,0,0,1,46.61,0.00,1210667008,0,0
95.0436,224772096,558.6000,365.90,0,0,1,45.74,0.00,1210667008,0,0
95.0544,224772096,558.6400,370.59,0,0,1,46.32,0.00,1210667008,0,0
95.0652,224772096,558.6800,369.95,0,0,1,46.24,0.00,1210667008,0,0
95.0761,224772096,558.7200,365.76,0,0,1,45.72,0.00,1210667008,0,0
95.0870,224772096,558.7600,367.18,0,0,1,45.90,0.00,1210667008,0,0
95.0978,224772096,558.8000,370.03,0,0,1,46.25,0.00,1210667008,0,0
95.1089,224772096,558.8400,361.25,0,0,1,101.60,0.00,1210667008,0,0
95.1200,224772096,558.9200,724.01,0,0,1,45.25,0.00,1210667008,0,0
95.1307,224772096,558.9600,372.51,0,0,1,46.56,0.00,1210667008,0,0
95.1418,224772096,559.0000,360.79,0,0,1,45.10,0.00,1210667008,0,0
95.1533,224772096,559.0400,348.72,0,0,1,43.59,0.00,1210667008,0,0
95.1642,224772096,559.0800,366.78,0,0,1,45.85,0.00,1210667008,0,0
95.1753,224772096,559.1200,360.05,0,0,1,45.01,0.00,1210667008,0,0
95.1864,224772096,559.1600,358.05,0,0,1,44.76,0.00,1210667008,0,0
95.1971,224772096,559.2000,374.63,0,0,1,46.83,0.00,1210667008,0,0
95.2083,224772096,559.2400,356.48,0,0,1,44.56,0.00,1210667008,0,0
95.2196,224772096,559.3200,711.06,0,0,1,99.99,0.00,1210667008,0,0
95.2305,224772096,559.3600,365.82,0,0,1,45.73,0.00,1210667008,0,0
95.2415,224772096,559.4000,364.97,0,0,1,45.62,0.00,1210667008,0,0
95.2527,224772096,559.4400,356.86,0,0,1,44.61,0.00,1210667008,0,0
95.2636,224772096,559.4800,366.99,0,0,1,45.87,0.00,1210667008,0,0
95.2750,224772096,559.5200,351.42,0,0,1,43.93,0.00,1210667008,0,0
95.2864,224772096,559.5600,349.61,0,0,1,43.70,0.00,1210667008,0,0
95.2973,224772096,559.6000,366.37,0,0,1,45.80,0.00,1210667008,0,0
95.3085,224772096,559.6400,357.99,0,0,1,44.75,0.00,1210667008,0,0
95.3196,224772096,559.7200,720.48,0,0,1,101.32,0.00,1210667008,0,0
95.3304,224772096,559.7600,369.60,0,0,1,46.20,0.00,1210667008,0,0
95.3412,224772096,559.8000,370.57,0,0,1,46.32,0.00,1210667008,0,0
95.3524,224772096,559.8400,356.44,0,0,1,44.55,0.00,1210667008,0,0
95.3632,224772096,559.8800,370.36,0,0,1,46.29,0.00,1210667008,0,0
95.3743,224772096,559.9200,362.53,0,0,1,45.32,0.00,1210667008,0,0
95.3861,224772096,559.9600,338.29,0,0,1,42.29,0.00,1210667008,0,0
95.3969,224772096,560.0000,370.47,0,0,1,46.31,0.00,1210667008,0,0
95.4078,224772096,560.0400,368.71,0,0,1,46.09,0.00,1210667008,0,0
95.4191,224772096,560.0800,353.81,0,0,1,99.51,0.00,1210667008,0,0
95.4299,224772096,560.1600,735.82,0,0,1,45.99,0.00,1210667008,0,0
95.4413,224772096,560.2000,350.55,0,0,1,43.82,0.00,1210667008,0,0
95.4528,224772096,560.2400,348.35,0,0,1,43.54,0.00,1210667008,0,0
95.4638,224772096,560.2800,365.81,0,0,1,45.73,0.00,1210667008,0,0
95.4746,224772096,560.3200,367.70,0,0,1,45.96,0.00,1210667008,0,0
95.4858,224772096,560.3600,357.62,0,0,1,44.70,0.00,1210667008,0,0
95.4965,224772096,560.4000,375.27,0,0,1,46.91,0.00,1210667008,0,0
95.5075,224772096,560.4400,362.71,0,0,1,45.34,0.00,1210667008,0,0
95.5187,224772096,560.4800,358.89,0,0,1,44.86,0.00,1210667008,0,0
95.5294,224772096,560.5600,743.12,0,0,1,104.50,0.00,1210667008,0,0
95.5403,224772096,560.6000,366.47,0,0,1,45.81,0.00,1210667008,0,0
95.5516,224772096,560.6400,355.44,0,0,1,44.43,0.00,1210667008,0,0
95.5624,224772096,560.6800,369.40,0,0,1,46.18,0.00,1210667008,0,0
95.5732,224772096,560.7200,371.68,0,0,1,46.46,0.00,1210667008,0,0
95.5839,224772096,560.7600,371.49,0,0,1,46.44,0.00,1210667008,0,0
95.5950,224772096,560.8000,360.77,0,0,1,45.10,0.00,1210667008,0,0
95.6057,224772096,560.8400,375.78,0,0,1,46.97,0.00,1210667008,0,0
95.6166,224772096,560.8800,367.43,0,0,1,57.41,0.00,1210667008,0,0
95.6275,224772096,560.9200,365.53,0,0,1,45.69,0.00,1210667008,0,0
95.6385,224772096,560.9600,363.57,0,0,1,45.45,0.00,1210667008,0,0
95.6495,224772096,561.0400,727.82,0,0,1,102.35,0.00,1210667008,0,0
95.6604,224772096,561.0600,183.91,0,0,1,22.99,0.00,1210667008,0,0
95.6713,224772096,561.1000,366.64,0,0,1,45.83,0.00,1210667008,0,0
95.6823,224772096,561.1400,362.36,0,0,1,45.30,0.00,1210667008,0,0
95.6933,224772096,561.2000,546.17,0,0,1,68.27,0.00,1210667008,0,0
95.7044,224772096,561.2400,361.41,0,0,1,45.18,0.00,1210667008,0,0
95.7154,224772096,561.2800,364.32,0,0,1,45.54,0.00,1210667008,0,0
95.7263,224772096,561.3200,365.39,0,0,1,45.67,0.00,1210667008,0,0
95.7372,224772096,561.3600,368.51,0,0,1,46.06,0.00,1210667008,0,0
95.7480,224772096,561.4000,369.21,0,0,1,46.15,0.00,1210667008,0,0
95.7589,224772096,561.4400,366.81,0,0,1,103.16,0.00,1210667008,0,0
95.7699,224772096,561.5200,726.41,0,0,1,45.40,0.00,1210667008,0,0
95.7808,224772096,561.5600,368.32,0,0,1,46.04,0.00,1210667008,0,0
95.7917,224772096,561.6000,366.56,0,0,1,45.82,0.00,1210667008,0,0
95.8025,224772096,561.6400,368.62,0,0,1,46.08,0.00,1210667008,0,0
95.8134,224772096,561.6800,366.95,0,0,1,45.87,0.00,1210667008,0,0
95.8245,224772096,561.7200,360.83,0,0,1,45.10,0.00,1210667008,0,0
95.8356,224772096,561.7600,359.91,0,0,1,44.99,0.00,1210667008,0,0
95.8463,224772096,561.8000,373.97,0,0,1,46.75,0.00,1210667008,0,0
95.8574,224772096,561.8400,360.34,0,0,1,45.04,0.00,1210667008,0,0
95.8692,224772096,561.9200,680.65,0,0,1,95.72,0.00,1210667008,0,0
95.8801,224772096,561.9600,366.48,0,0,1,45.81,0.00,1210667008,0,0
95.8915,224772096,562.0000,350.66,0,0,1,43.83,0.00,1210667008,0,0
95.9029,224772096,562.0400,351.98,0,0,1,44.00,0.00,1210667008,0,0
95.9139,224772096,562.0800,364.00,0,0,1,45.50,0.00,1210667008,0,0
95.9249,224772096,562.1200,362.07,0,0,1,45.26,0.00,1210667008,0,0
95.9360,224772096,562.1600,360.86,0,0,1,45.11,0.00,1210667008,0,0
95.9470,224772096,562.2000,362.32,0,0,1,45.29,0.00,1210667008,0,0
95.9584,224772096,562.2400,351.72,0,0,1,43.96,0.00,1210667008,0,0
95.9698,224772096,562.3000,528.77,0,0,1,77.11,0.00,1210667008,0,0
95.9808,224772096,562.3600,544.89,0,0,1,68.11,0.00,1210667008,0,0
95.9918,224772096,562.4000,363.64,0,0,1,45.46,0.00,1210667008,0,0
96.0029,224772096,562.4400,357.63,0,0,1,44.70,0.00,1210667008,0,0
96.0140,224772096,562.4800,362.39,0,0,1,45.30,0.00,1210667008,0,0
96.0251,224772096,562.5200,359.41,0,0,1,44.93,0.00,1210667008,0,0
96.0363,224772096,562.5600,358.33,0,0,1,44.79,0.00,1210667008,0,0
96.0474,224772096,562.6000,358.16,0,0,1,44.77,0.00,1210667008,0,0
96.0584,224772096,562.6400,364.46,0,0,1,45.56,0.00,1210667008,0,0
96.0695,224772096,562.7200,719.49,0,0,1,89.94,0.00,1210667008,0,0
96.0806,224772096,562.7600,362.36,0,0,1,45.29,0.00,1210667008,0,0
96.0916,224772096,562.8000,362.55,0,0,1,45.32,0.00,1210667008,0,0
96.1025,224772096,562.8400,365.74,0,0,1,45.72,0.00,1210667008,0,0
96.1136,224772096,562.8800,362.14,0,0,1,45.27,0.00,1210667008,0,0
96.1246,224772096,562.9200,363.69,0,0,1,45.46,0.00,1210667008,0,0
96.1354,224772096,562.9600,368.91,0,0,1,46.11,0.00,1210667008,0,0
96.1462,224772096,563.0000,370.35,0,0,1,46.29,0.00,1210667008,0,0
96.1601,224772096,563.0800,575.72,0,0,1,71.97,0.00,1210667008,0,0
96.1710,224772096,563.1200,368.50,0,0,1,46.06,0.00,1210667008,0,0
96.1819,224772096,563.1600,367.72,0,0,1,45.97,0.00,1210667008,0,0
96.1930,224772096,563.2000,359.02,0,0,1,44.88,0.00,1210667008,0,0
96.2040,224772096,563.2400,363.05,0,0,1,45.38,0.00,1210667008,0,0
96.2150,224772096,563.2800,364.50,0,0,1,45.56,0.00,1210667008,0,0
96.2260,224772096,563.3200,362.32,0,0,1,45.29,0.00,1210667008,0,0
96.2370,224772096,563.3600,363.72,0,0,1,45.46,0.00,1210667008,0,0
96.2480,224772096,563.4000,364.66,0,0,1,45.58,0.00,1210667008,0,0
96.2590,224772096,563.4400,364.62,0,0,1,91.16,0.00,1210667008,0,0
96.2699,224772096,563.5200,734.79,0,0,1,57.41,0.00,1210667008,0,0
96.2808,224772096,563.5600,364.93,0,0,1,45.62,0.00,1210667008,0,0
96.2918,224772096,563.6000,365.07,0,0,1,45.63,0.00,1210667008,0,0
96.3028,224772096,563.6400,363.31,0,0,1,45.41,0.00,1210667008,0,0
96.3138,224772096,563.6800,362.44,0,0,1,45.31,0.00,1210667008,0,0
96.3247,224772096,563.7200,366.22,0,0,1,45.78,0.00,1210667008,0,0
96.3357,224772096,563.7600,365.78,0,0,1,45.72,0.00,1210667008,0,0
96.3467,224772096,563.8000,364.58,0,0,1,45.57,0.00,1210667008,0,0
96.3577,224772096,563.8400,363.04,0,0,1,45.38,0.00,1210667008,0,0
96.3687,224772096,563.8800,364.35,0,0,1,45.54,0.00,1210667008,0,0
96.3795,224772096,563.9500,646.57,0,0,1,92.37,0.00,1210667008,0,0
96.3907,224772096,563.9900,355.87,0,0,1,44.48,0.00,1210667008,0,0
96.4024,224772096,564.0400,427.54,0,0,1,53.44,0.00,1210667008,0,0
96.4134,224772096,564.0700,272.43,0,0,1,34.05,0.00,1210667008,0,0
96.4247,224772096,564.1100,354.37,0,0,1,44.30,0.00,1210667008,0,0
96.4359,224772096,564.1600,444.99,0,0,1,44.50,0.00,1210667008,0,0
96.4469,224772096,564.2000,363.73,0,0,1,45.47,0.00,1210667008,0,0
96.4581,224772096,564.2500,448.07,0,0,1,44.81,0.00,1210667008,0,0
96.4693,224772096,564.2900,356.10,0,0,1,66.77,0.00,1210667008,0,0
96.4803,224772096,564.3300,364.57,0,0,1,34.18,0.00,1210667008,0,0
96.4914,224772096,564.3800,449.58,0,0,1,44.96,0.00,1210667008,0,0
96.5027,224772096,564.4300,443.30,0,0,1,66.50,0.00,1210667008,0,0
96.5137,224772096,564.4500,181.48,0,0,1,34.03,0.00,1210667008,0,0
96.5248,224772096,564.5200,629.59,0,0,1,67.46,0.00,1210667008,0,0
96.5359,224772096,564.5600,361.72,0,0,1,45.21,0.00,1210667008,0,0
96.5471,224772096,564.6000,358.51,0,0,1,44.81,0.00,1210667008,0,0
96.5581,224772096,564.6400,363.32,0,0,1,45.41,0.00,1210667008,0,0
96.5692,224772096,564.7000,540.45,0,0,1,78.82,0.00,1210667008,0,0
96.5803,224772096,564.7400,360.15,0,0,1,33.76,0.00,1210667008,0,0
96.5914,224772096,564.7900,451.26,0,0,1,56.41,0.00,1210667008,0,0
96.6027,224772096,564.8300,354.04,0,0,1,44.26,0.00,1210667008,0,0
96.6137,224772096,564.8800,452.81,0,0,1,56.60,0.00,1210667008,0,0
96.6247,224772096,564.9200,362.25,0,0,1,45.28,0.00,1210667008,0,0
96.6359,224772096,564.9600,359.27,0,0,1,44.91,0.00,1210667008,0,0
96.6470,224772096,565.0000,361.15,0,0,1,45.14,0.00,1210667008,0,0
96.6580,224772096,565.0400,362.64,0,0,1,45.33,0.00,1210667008,0,0
96.6690,224772096,565.0800,363.45,0,0,1,113.58,0.00,1210667008,0,0
96.6800,224772096,565.1600,726.09,0,0,1,45.38,0.00,1210667008,0,0
96.6912,224772096,565.2000,358.13,0,0,1,44.77,0.00,1210667008,0,0
96.7022,224772096,565.2300,271.84,0,0,1,33.98,0.00,1210667008,0,0
96.7135,224772096,565.2800,441.22,0,0,1,55.15,0.00,1210667008,0,0
96.7245,224772096,565.3100,272.70,0,0,1,34.09,0.00,1210667008,0,0
96.7358,224772096,565.3600,444.67,0,0,1,55.58,0.00,1210667008,0,0
96.7507,224772096,565.4400,537.48,0,0,1,67.18,0.00,1210667008,0,0
96.7665,224772096,565.4800,252.11,0,0,1,39.39,0.00,1210667008,0,0
96.7776,224772096,565.5200,360.67,0,0,1,45.08,0.00,1210667008,0,0
96.7886,224772096,565.5700,457.20,0,0,1,45.72,0.00,1210667008,0,0
96.7998,224772096,565.6300,535.48,0,0,1,89.25,0.00,1210667008,0,0
96.8109,224772096,565.6700,358.81,0,0,1,56.06,0.00,1210667008,0,0
96.8220,224772096,565.7200,452.94,0,0,1,45.29,0.00,1210667008,0,0
96.8330,224772096,565.7400,181.56,0,0,1,22.70,0.00,1210667008,0,0
96.8440,224772096,565.8000,543.34,0,0,1,67.92,0.00,1210667008,0,0
96.8550,224772096,565.8400,362.69,0,0,1,45.34,0.00,1210667008,0,0
96.8663,224772096,565.8800,356.97,0,0,1,44.62,0.00,1210667008,0,0
96.8773,224772096,565.9200,363.33,0,0,1,45.42,0.00,1210667008,0,0
96.8883,224772096,565.9600,362.49,0,0,1,45.31,0.00,1210667008,0,0
96.8994,224772096,566.0400,720.80,0,0,1,101.36,0.00,1210667008,0,0
96.9103,224772096,566.0800,365.70,0,0,1,45.71,0.00,1210667008,0,0
96.9212,224772096,566.1200,366.44,0,0,1,45.81,0.00,1210667008,0,0
96.9320,224772096,566.1600,370.97,0,0,1,46.37,0.00,1210667008,0,0
96.9430,224772096,566.2000,365.72,0,0,1,45.71,0.00,1210667008,0,0
96.9538,224772096,566.2400,367.92,0,0,1,45.99,0.00,1210667008,0,0
96.9646,224772096,566.2800,370.19,0,0,1,46.27,0.00,1210667008,0,0
96.9759,224772096,566.3200,354.30,0,0,1,44.29,0.00,1210667008,0,0
96.9870,224772096,566.3600,361.67,0,0,1,45.21,0.00,1210667008,0,0
96.9980,224772096,566.4000,364.74,0,0,1,45.59,0.00,1210667008,0,0
97.0089,224772096,566.4400,365.46,0,0,1,79.94,0.00,1210667008,0,0
97.0200,224772096,566.5200,720.52,0,0,1,67.55,0.00,1210667008,0,0
97.0310,224772096,566.5600,363.43,0,0,1,45.43,0.00,1210667008,0,0
97.0422,224772096,566.6000,356.36,0,0,1,44.55,0.00,1210667008,0,0
97.0531,224772096,566.6400,367.49,0,0,1,45.94,0.00,1210667008,0,0
97.0640,224772096,566.6800,368.50,0,0,1,46.06,0.00,1210667008,0,0
97.0748,224772096,566.7200,368.95,0,0,1,46.12,0.00,1210667008,0,0
97.0857,224772096,566.7600,369.02,0,0,1,46.13,0.00,1210667008,0,0
97.0967,224772096,566.8000,361.46,0,0,1,45.18,0.00,1210667008,0,0
97.1074,224772096,566.8400,374.25,0,0,1,46.78,0.00,1210667008,0,0
97.1182,224772096,566.8800,369.53,0,0,1,46.19,0.00,1210667008,0,0
97.1289,224772096,566.9200,374.55,0,0,1,93.64,0.00,1210667008,0,0
97.1402,224772096,567.0000,707.08,0,0,1,55.24,0.00,1210667008,0,0
97.1515,224772096,567.0400,354.11,0,0,1,44.26,0.00,1210667008,0,0
97.1627,224772096,567.0800,358.02,0,0,1,44.75,0.00,1210667008,0,0
97.1737,224772096,567.1200,362.93,0,0,1,45.37,0.00,1210667008,0,0
97.1848,224772096,567.1600,361.97,0,0,1,45.25,0.00,1210667008,0,0
97.1957,224772096,567.2000,365.28,0,0,1,45.66,0.00,1210667008,0,0
97.2072,224772096,567.2400,349.97,0,0,1,43.75,0.00,1210667008,0,0
97.2183,224772096,567.2800,360.37,0,0,1,45.05,0.00,1210667008,0,0
97.2292,224772096,567.3600,729.13,0,0,1,102.53,0.00,1210667008,0,0
97.2404,224772096,567.4000,356.73,0,0,1,44.59,0.00,1210667008,0,0
97.2514,224772096,567.4400,364.59,0,0,1,45.57,0.00,1210667008,0,0
97.2623,224772096,567.4800,365.94,0,0,1,45.74,0.00,1210667008,0,0
97.2736,224772096,567.5200,355.74,0,0,1,44.47,0.00,1210667008,0,0
97.2848,224772096,567.5600,356.09,0,0,1,44.51,0.00,1210667008,0,0
97.2955,224772096,567.6000,373.10,0,0,1,46.64,0.00,1210667008,0,0
97.3067,224772096,567.6400,357.92,0,0,1,44.74,0.00,1210667008,0,0
97.3184,224772096,567.6800,343.28,0,0,1,42.91,0.00,1210667008,0,0
97.3294,224772096,567.7600,727.41,0,0,1,102.29,0.00,1210667008,0,0
97.3404,224772096,567.8000,362.36,0,0,1,45.29,0.00,1210667008,0,0
97.3515,224772096,567.8400,361.29,0,0,1,45.16,0.00,1210667008,0,0
97.3625,224772096,567.8800,362.51,0,0,1,45.31,0.00,1210667008,0,0
97.3739,224772096,567.9200,350.49,0,0,1,43.81,0.00,1210667008,0,0
97.3849,224772096,567.9600,364.33,0,0,1,45.54,0.00,1210667008,0,0
97.3963,224772096,568.0000,351.14,0,0,1,43.89,0.00,1210667008,0,0
97.4075,224772096,568.0400,356.66,0,0,1,44.58,0.00,1210667008,0,0
97.4185,224772096,568.0800,364.85,0,0,1,45.61,0.00,1210667008,0,0
97.4295,224772096,568.1400,545.13,0,0,1,68.14,0.00,1210667008,0,0
97.4405,224772096,568.2000,546.04,0,0,1,68.26,0.00,1210667008,0,0
97.4514,224772096,568.2400,364.99,0,0,1,45.62,0.00,1210667008,0,0
97.4624,224772096,568.2800,364.34,0,0,1,45.54,0.00,1210667008,0,0
97.4736,224772096,568.3200,358.38,0,0,1,44.80,0.00,1210667008,0,0
97.4847,224772096,568.3600,360.04,0,0,1,45.00,0.00,1210667008,0,0
97.4956,224772096,568.4000,366.36,0,0,1,45.79,0.00,1210667008,0,0
97.5068,224772096,568.4400,355.56,0,0,1,44.45,0.00,1210667008,0,0
97.5178,224772096,568.4800,364.33,0,0,1,45.54,0.00,1210667008,0,0
97.5288,224772096,568.5200,365.26,0,0,1,45.66,0.00,1210667008,0,0
97.5399,224772096,568.6000,719.30,0,0,1,101.15,0.00,1210667008,0,0
97.5510,224772096,568.6400,359.94,0,0,1,44.99,0.00,1210667008,0,0
97.5620,224772096,568.6800,364.99,0,0,1,45.62,0.00,1210667008,0,0
97.5731,224772096,568.7200,360.20,0,0,1,45.03,0.00,1210667008,0,0
97.5842,224772096,568.7600,359.19,0,0,1,44.90,0.00,1210667008,0,0
97.5952,224772096,568.8000,363.44,0,0,1,45.43,0.00,1210667008,0,0
97.6065,224772096,568.8400,354.89,0,0,1,44.36,0.00,1210667008,0,0
97.6179,224772096,568.8800,351.46,0,0,1,43.93,0.00,1210667008,0,0
97.6289,224772096,568.9200,362.96,0,0,1,102.08,0.00,1210667008,0,0
97.6401,224772096,569.0000,716.18,0,0,1,44.76,0.00,1210667008,0,0
97.6510,224772096,569.0400,365.85,0,0,1,45.73,0.00,1210667008,0,0
97.6619,224772096,569.0800,367.00,0,0,1,45.88,0.00,1210667008,0,0
97.6731,224772096,569.1200,356.13,0,0,1,44.52,0.00,1210667008,0,0
97.6844,224772096,569.1600,354.92,0,0,1,44.37,0.00,1210667008,0,0
97.6956,224772096,569.2000,357.31,0,0,1,44.66,0.00,1210667008,0,0
97.7068,225312768,569.2400,357.57,0,0,1,44.70,0.00,1210667008,0,0
97.7178,226394112,569.2800,362.84,0,0,1,34.02,0.00,1211699200,0,0
97.7286,228016128,569.2900,92.72,0,0,1,11.59,0.00,1212215296,0,0
97.7400,228016128,569.3300,349.15,0,0,1,98.20,0.00,1212215296,0,0
97.7519,228016128,569.3500,169.28,0,0,1,31.74,0.00,1212215296,0,0
97.7628,228016128,569.3600,91.47,0,0,1,11.43,0.00,1212215296,0,0
97.7736,228016128,569.3700,92.67,0,0,1,11.58,0.00,1212473344,0,0
97.7847,228016128,569.3800,90.02,0,0,1,11.25,0.00,1212473344,0,0
97.7957,228016128,569.3900,90.65,0,0,1,11.33,0.00,1212473344,0,0
97.8067,228016128,569.4100,181.38,0,0,1,45.34,0.00,1212473344,0,0
97.8178,228016128,569.4200,90.35,0,0,1,0.00,0.00,1212473344,0,0
97.8290,228016128,569.4500,269.12,0,0,1,56.07,0.00,1212473344,0,0
97.8401,228286464,569.5000,449.45,0,0,1,33.71,0.00,1212473344,0,0
97.8512,228556800,569.5200,180.47,0,0,1,0.00,0.00,1212473344,0,0
97.8621,228827136,569.5500,274.21,0,0,1,11.43,0.00,1212473344,0,0
97.8733,228827136,569.5800,267.19,0,0,1,33.40,0.00,1212473344,0,0
97.8845,228827136,569.6300,449.29,0,0,1,56.16,0.00,1212473344,0,0
97.8955,228827136,569.6600,271.80,0,0,1,11.32,0.00,1212473344,0,0
97.9067,228827136,569.6700,89.31,0,0,1,55.82,0.00,1212473344,0,0
97.9207,228827136,569.8000,928.29,0,0,1,98.18,0.00,1212473344,0,0
97.9317,228827136,569.8300,273.91,0,0,1,45.65,0.00,1212473344,0,0
97.9426,228827136,569.8700,365.25,0,0,1,45.66,0.00,1212473344,0,0
97.9536,228827136,569.9200,453.42,0,0,1,45.34,0.00,1212473344,0,0
97.9646,228827136,569.9400,181.52,0,0,1,45.38,0.00,1212473344,0,0
97.9757,228827136,569.9800,362.69,0,0,1,45.34,0.00,1212473344,0,0
97.9867,228827136,570.0200,362.61,0,0,1,45.33,0.00,1212473344,0,0
97.9977,228827136,570.0700,452.94,0,0,1,45.29,0.00,1212473344,0,0
98.0194,228827136,570.2100,645.79,0,0,1,109.55,0.00,1212473344,0,0
98.0304,228827136,570.2800,637.61,0,0,1,79.70,0.00,1212473344,0,0
98.0413,228827136,570.4000,1105.52,0,0,1,126.67,0.00,1212473344,0,0
98.0536,228827136,570.4800,648.69,0,0,1,81.09,0.00,1212473344,0,0
98.0645,228827136,570.5700,822.96,0,0,1,68.58,0.00,1212473344,0,0
98.0774,228827136,570.5900,155.75,0,0,1,0.00,0.00,1212473344,0,0
98.0881,228827136,570.6100,185.93,0,0,1,46.48,0.00,1212473344,0,0
98.0997,228827136,570.6900,693.45,0,0,1,86.68,0.00,1212473344,0,0
98.1106,228827136,570.7200,274.21,0,0,1,45.70,0.00,1212473344,0,0
98.1216,228827136,570.7600,363.84,0,0,1,45.48,0.00,1212473344,0,0
98.1334,228827136,570.8100,423.21,0,0,1,42.32,0.00,1212473344,0,0
98.1444,228827136,570.8300,182.15,0,0,1,45.54,0.00,1212473344,0,0
98.1553,228827136,570.8700,366.19,0,0,1,45.77,0.00,1212473344,0,0
98.1671,228827136,570.9100,339.35,0,0,1,42.42,0.00,1212473344,0,0
98.1782,228827136,570.9500,359.76,0,0,1,44.97,0.00,1212473344,0,0
98.1907,228827136,571.0300,642.94,0,0,1,80.37,0.00,1212473344,0,0
98.2017,228827136,571.0700,362.17,0,0,1,56.59,0.00,1212473344,0,0
98.2127,228827136,571.1100,364.74,0,0,1,56.99,0.00,1212473344,0,0
98.2237,228827136,571.1300,182.13,0,0,1,56.92,0.00,1212473344,0,0
98.2426,228827136,571.2700,740.13,0,0,1,92.52,0.00,1212473344,0,0
98.2583,228827136,571.3500,509.80,0,0,1,55.76,0.00,1212473344,0,0
98.2740,228827136,571.4800,826.27,0,0,1,111.23,0.00,1212473344,0,0
98.2849,228827136,571.5500,639.94,0,0,1,79.99,0.00,1212473344,0,0
98.3008,228827136,571.6900,885.11,0,0,1,118.54,0.00,1212473344,0,0
98.3195,228827136,571.8400,800.36,0,0,1,100.05,0.00,1212473344,0,0
98.3304,228827136,571.9200,733.59,0,0,1,91.70,0.00,1212473344,0,0
98.3419,228827136,572.0100,780.28,0,0,1,97.54,0.00,1212473344,0,0
98.3614,228827136,572.1800,875.20,0,0,1,109.40,0.00,1212473344,0,0
98.3726,228827136,572.2400,533.35,0,0,1,66.67,0.00,1212473344,0,0
98.3842,228827136,572.2800,345.05,0,0,1,43.13,0.00,1212473344,0,0
98.3952,228827136,572.3400,546.33,0,0,1,68.29,0.00,1212473344,0,0
98.4064,228827136,572.3800,357.80,0,0,1,44.72,0.00,1212473344,0,0
98.4174,228827136,572.4200,363.09,0,0,1,34.04,0.00,1212473344,0,0
98.4283,228827136,572.4400,183.77,0,0,1,11.49,0.00,1212473344,0,0
98.4396,228827136,572.5100,616.84,0,0,1,88.12,0.00,1212473344,0,0
98.4506,228827136,572.5500,363.18,0,0,1,45.40,0.00,1212473344,0,0
98.4615,228827136,572.5900,367.48,0,0,1,45.93,0.00,1212473344,0,0
98.4726,228827136,572.6300,362.27,0,0,1,56.60,0.00,1212473344,0,0
98.4839,228827136,572.6500,176.01,0,0,1,44.00,0.00,1212731392,0,0
98.4949,228827136,572.6900,365.35,0,0,1,45.67,0.00,1212731392,0,0
98.5060,228827136,572.7300,360.37,0,0,1,45.05,0.00,1212731392,0,0
98.5170,228827136,572.7700,363.87,0,0,1,56.85,0.00,1212731392,0,0
98.5279,228827136,572.8200,455.77,0,0,1,45.58,0.00,1212731392,0,0
98.5390,228827136,572.8800,539.56,0,0,1,89.93,0.00,1212731392,0,0
98.5509,228827136,572.9200,337.64,0,0,1,42.20,0.00,1212731392,0,0
98.5618,228827136,572.9600,367.08,0,0,1,45.89,0.00,1212731392,0,0
98.5727,228827136,573.0000,365.57,0,0,1,45.70,0.00,1212731392,0,0
98.5836,228827136,573.0400,368.05,0,0,1,46.01,0.00,1212731392,0,0
98.5944,228827136,573.0800,368.91,0,0,1,46.11,0.00,1212731392,0,0
98.6055,228827136,573.1200,361.17,0,0,1,45.15,0.00,1212731392,0,0
98.6168,228827136,573.1600,352.97,0,0,1,44.12,0.00,1212731392,0,0
98.6279,228827136,573.2000,360.95,0,0,1,45.12,0.00,1212731392,0,0
98.6392,228827136,573.2800,709.78,0,0,1,121.99,0.00,1212731392,0,0
98.6504,228827136,573.3200,357.30,0,0,1,44.66,0.00,1212731392,0,0
98.6614,228827136,573.3600,364.43,0,0,1,45.55,0.00,1212731392,0,0
98.6725,228827136,573.4000,358.20,0,0,1,44.77,0.00,1212731392,0,0
98.6836,228827136,573.4300,270.66,0,0,1,11.28,0.00,1212731392,0,0
98.6994,228827136,573.5100,507.09,0,0,1,103.00,0.00,1212731392,0,0
98.7104,228827136,573.6000,821.54,0,0,1,102.69,0.00,1212731392,0,0
98.7251,228827136,573.7000,678.04,0,0,1,76.28,0.00,1212731392,0,0
98.7374,228827136,573.7800,652.38,0,0,1,81.55,0.00,1212731392,0,0
98.7510,228827136,573.9200,1029.47,0,0,1,137.88,0.00,1212731392,0,0
98.7619,228827136,574.0000,728.77,0,0,1,91.10,0.00,1212731392,0,0
98.7753,228827136,574.0900,675.36,0,0,1,84.42,0.00,1212731392,0,0
98.7862,228827136,574.1700,732.87,0,0,1,91.61,0.00,1212731392,0,0
98.7971,228827136,574.2500,735.95,0,0,1,91.99,0.00,1212731392,0,0
98.8080,228827136,574.3900,1276.94,0,0,1,171.02,0.00,1212731392,0,0
98.8205,228827136,574.4700,640.95,0,0,1,80.12,0.00,1212731392,0,0
98.8313,228827136,574.5600,834.45,0,0,1,104.31,0.00,1212731392,0,0
98.8422,228827136,574.6300,642.19,0,0,1,80.27,0.00,1212731392,0,0
98.8530,228827136,574.7300,922.21,0,0,1,103.75,0.00,1212731392,0,0
98.8640,228827136,574.8000,640.40,0,0,1,91.49,0.00,1212731392,0,0
98.8757,228827136,574.8800,679.49,0,0,1,84.94,0.00,1212731392,0,0
98.8889,228827136,574.9900,835.32,0,0,1,113.91,0.00,1212731392,0,0
98.9007,228827136,575.1000,932.30,0,0,1,116.54,0.00,1212731392,0,0
98.9117,228827136,575.1800,728.85,0,0,1,91.11,0.00,1212731392,0,0
98.9234,228827136,575.2700,769.95,0,0,1,85.55,0.00,1212731392,0,0
98.9345,228827136,575.3600,810.62,0,0,1,101.33,0.00,1212731392,0,0
98.9459,228827136,575.4300,610.44,0,0,1,87.21,0.00,1212731392,0,0
98.9641,228827136,575.5900,882.38,0,0,1,110.30,0.00,1212731392,0,0
98.9753,228827136,575.6700,711.46,0,0,1,77.82,0.00,1212731392,0,0
98.9927,228827136,575.8000,747.02,0,0,1,107.74,0.00,1212731392,0,0
99.0092,228827136,575.9500,909.30,0,0,1,113.66,0.00,1212731392,0,0
99.0268,228827136,576.0600,624.45,0,0,1,78.06,0.00,1212731392,0,0
99.0438,228827136,576.2100,886.17,0,0,1,110.77,0.00,1212731392,0,0
99.0549,228827136,576.3600,1346.70,0,0,1,168.34,0.00,1212731392,0,0
99.0770,228827136,576.4600,453.32,0,0,1,45.33,0.00,1212731392,0,0
99.0907,228827136,576.5200,437.21,0,0,1,72.87,0.00,1212731392,0,0
99.1026,228827136,576.6000,673.40,0,0,1,84.17,0.00,1212731392,0,0
99.1136,228827136,576.6600,542.49,0,0,1,56.51,0.00,1212989440,0,0
99.1248,228827136,576.7000,358.15,0,0,1,44.77,0.00,1212989440,0,0
99.1359,228827136,576.7300,269.56,0,0,1,44.93,0.00,1212989440,0,0
99.1470,228827136,576.7800,449.27,0,0,1,44.93,0.00,1212989440,0,0
99.1582,228827136,576.8200,359.11,0,0,1,44.89,0.00,1212989440,0,0
99.1692,228827136,576.8500,272.32,0,0,1,45.39,0.00,1212989440,0,0
99.1801,228827136,576.8700,184.18,0,0,1,46.05,0.00,1212989440,0,0
99.1910,228827136,576.9100,364.79,0,0,1,45.60,0.00,1212989440,0,0
99.2019,228827136,576.9500,367.04,0,0,1,45.88,0.00,1212989440,0,0
99.2129,228827136,576.9900,364.18,0,0,1,45.52,0.00,1212989440,0,0
99.2239,228827136,577.0300,364.05,0,0,1,45.51,0.00,1212989440,0,0
99.2349,228827136,577.0700,364.41,0,0,1,45.55,0.00,1212989440,0,0
99.2458,228827136,577.1100,364.88,0,0,1,45.61,0.00,1212989440,0,0
99.2568,228827136,577.1500,365.12,0,0,1,45.64,0.00,1212989440,0,0
99.2679,228827136,577.1900,359.83,0,0,1,44.98,0.00,1212989440,0,0
99.2789,228827136,577.2300,363.08,0,0,1,102.12,0.00,1212989440,0,0
99.2901,229367808,577.2900,536.90,0,0,1,0.00,0.00,1213247488,0,0
99.3013,229908480,577.3300,358.34,0,0,1,44.79,0.00,1213247488,0,0
99.3123,229908480,577.3700,362.68,0,0,1,45.33,0.00,1213247488,0,0
99.3233,229908480,577.4100,362.08,0,0,1,45.26,0.00,1213247488,0,0
99.3344,229908480,577.4500,361.38,0,0,1,45.17,0.00,1213247488,0,0
99.3454,229908480,577.4900,363.89,0,0,1,45.49,0.00,1213247488,0,0
99.3565,229908480,577.5300,360.71,0,0,1,45.09,0.00,1213247488,0,0
99.3675,229908480,577.5700,364.09,0,0,1,45.51,0.00,1213247488,0,0
99.3788,229908480,577.6100,353.73,0,0,1,99.49,0.00,1213247488,0,0
99.3900,229908480,577.6900,710.67,0,0,1,44.42,0.00,1213247488,0,0
99.4011,229908480,577.7200,271.45,0,0,1,22.62,0.00,1213247488,0,0
99.4122,229908480,577.7600,358.55,0,0,1,44.82,0.00,1213247488,0,0
99.4235,229908480,577.8000,354.21,0,0,1,44.28,0.00,1213247488,0,0
99.4346,229908480,577.8400,361.68,0,0,1,45.21,0.00,1213247488,0,0
99.4456,229908480,577.8800,363.78,0,0,1,45.47,0.00,1213247488,0,0
99.4566,229908480,577.9200,363.15,0,0,1,45.39,0.00,1213247488,0,0
99.4676,229908480,577.9600,363.10,0,0,1,45.39,0.00,1213247488,0,0
99.4784,229908480,578.0000,371.66,0,0,1,46.46,0.00,1213247488,0,0
99.4894,229908480,578.0600,543.28,0,0,1,67.91,0.00,1213247488,0,0
99.5005,229908480,578.1200,540.58,0,0,1,67.57,0.00,1213247488,0,0
99.5118,229908480,578.1600,354.92,0,0,1,44.37,0.00,1213247488,0,0
99.5229,229908480,578.2000,361.07,0,0,1,45.13,0.00,1213247488,0,0
99.5341,229908480,578.2400,357.81,0,0,1,44.73,0.00,1213247488,0,0
99.5452,229908480,578.2800,357.90,0,0,1,44.74,0.00,1213247488,0,0
99.5563,229908480,578.3200,362.68,0,0,1,45.34,0.00,1213247488,0,0
99.5674,229908480,578.3600,358.68,0,0,1,44.83,0.00,1213247488,0,0
99.5785,229908480,578.4000,359.67,0,0,1,44.96,0.00,1213247488,0,0
99.5897,229908480,578.4800,717.61,0,0,1,100.91,0.00,1213247488,0,0
99.6009,229908480,578.5200,356.60,0,0,1,44.57,0.00,1213247488,0,0
99.6119,229908480,578.5600,362.52,0,0,1,45.31,0.00,1213247488,0,0
99.6257,229908480,578.6000,291.34,0,0,1,36.42,0.00,1213247488,0,0
99.6367,229908480,578.6400,361.02,0,0,1,56.41,0.00,1213247488,0,0
99.6480,229908480,578.6800,355.60,0,0,1,44.45,0.00,1213247488,0,0
99.6591,229908480,578.7600,721.55,0,0,1,112.74,0.00,1213247488,0,0
99.6702,229908480,578.8000,358.94,0,0,1,44.87,0.00,1213247488,0,0
99.6819,229908480,578.8400,341.60,0,0,1,42.70,0.00,1213247488,0,0
99.6930,229908480,578.8700,271.26,0,0,1,33.91,0.00,1213247488,0,0
99.7040,229908480,578.9200,453.14,0,0,1,56.64,0.00,1213247488,0,0
99.7160,229908480,578.9600,334.13,0,0,1,41.77,0.00,1213247488,0,0
99.7271,229908480,579.0100,450.68,0,0,1,45.07,0.00,1213247488,0,0
99.7386,229908480,579.0500,346.67,0,0,1,65.00,0.00,1213247488,0,0
99.7504,229908480,579.0900,338.62,0,0,1,42.33,0.00,1213247488,0,0
99.7623,229908480,579.1600,592.29,0,0,1,84.61,0.00,1213247488,0,0
99.7849,229908480,579.2200,264.60,0,0,1,44.10,0.00,1213247488,0,0
99.7967,229908480,579.2300,85.11,0,0,1,10.64,0.00,1213505536,0,0
99.8084,229908480,579.2400,85.64,0,0,1,10.70,0.00,1213505536,0,0
99.8259,230178816,579.3400,570.95,0,0,1,85.64,0.00,1213505536,0,0
99.8371,230178816,579.4600,1071.52,0,0,1,167.43,0.00,1213505536,0,0
99.8616,230178816,579.6100,610.42,0,0,1,86.48,0.00,1213505536,0,0
99.8786,230178816,579.7000,530.78,0,0,1,58.98,0.00,1213505536,0,0
99.9002,230178816,579.9100,972.79,0,0,1,121.60,0.00,1213505536,0,0
99.9162,230178816,580.0000,562.62,0,0,1,70.33,0.00,1213505536,0,0
99.9323,230178816,580.1500,930.09,0,0,1,124.01,0.00,1213505536,0,0
99.9434,230178816,580.2400,812.28,0,0,1,78.97,0.00,1213505536,0,0
99.9589,230178816,580.3800,900.26,0,0,1,120.57,0.00,1213505536,0,0
99.9701,230178816,580.4700,810.34,0,0,1,101.29,0.00,1213505536,0,0
99.9854,230178816,580.5500,522.24,0,0,1,65.28,0.00,1213505536,0,0
99.9988,230178816,580.6500,742.21,0,0,1,120.61,0.00,1213505536,0,0
100.0122,230178816,580.7900,1045.99,0,0,1,93.39,0.00,1213505536,0,0
100.0232,230178816,580.8700,727.95,0,0,1,102.37,0.00,1213505536,0,0
100.0344,230178816,580.9500,718.58,0,0,1,89.82,0.00,1213505536,0,0
100.0453,230178816,581.0400,820.38,0,0,1,91.15,0.00,1213505536,0,0
100.0689,230178816,581.2000,679.61,0,0,1,116.81,0.00,1213505536,0,0
100.0850,230178816,581.3100,680.48,0,0,1,77.33,0.00,1213505536,0,0
100.0970,230178816,581.3700,502.61,0,0,1,83.77,0.00,1213505536,0,0
100.1081,230178816,581.4500,715.74,0,0,1,89.47,0.00,1213505536,0,0
100.1191,230178816,581.5800,1182.38,0,0,1,159.17,0.00,1213505536,0,0
100.1301,230178816,581.6700,821.13,0,0,1,102.64,0.00,1213505536,0,0
100.1412,230178816,581.7600,809.35,0,0,1,101.17,0.00,1213505536,0,0
100.1522,230178816,581.8400,731.65,0,0,1,91.46,0.00,1213505536,0,0
100.1662,230178816,581.9200,568.19,0,0,1,71.02,0.00,1213505536,0,0
100.1772,230178816,582.0000,728.64,0,0,1,91.08,0.00,1213505536,0,0
100.1890,230178816,582.1200,1019.07,0,0,1,148.61,0.00,1213505536,0,0
100.2024,230178816,582.2400,897.70,0,0,1,93.51,0.00,1213505536,0,0
100.2133,230178816,582.3100,641.65,0,0,1,91.66,0.00,1213505536,0,0
100.2243,230178816,582.3800,634.28,0,0,1,79.29,0.00,1213505536,0,0
100.2352,230178816,582.4800,916.19,0,0,1,103.07,0.00,1213505536,0,0
100.2572,230178816,582.6400,728.08,0,0,1,91.01,0.00,1213505536,0,0
100.2772,230178816,582.8000,800.67,0,0,1,100.08,0.00,1213505536,0,0
100.2933,230178816,582.9200,742.29,0,0,1,92.79,0.00,1213505536,0,0
100.3053,230178816,583.0100,755.63,0,0,1,104.95,0.00,1215598592,0,0
100.3167,230178816,583.1000,784.96,0,0,1,98.12,0.00,1215598592,0,0
100.3304,230178816,583.2300,950.08,0,0,1,118.76,0.00,1215598592,0,0
100.3420,230178816,583.3200,776.94,0,0,1,97.12,0.00,1215598592,0,0
100.3542,230178816,583.4000,656.11,0,0,1,71.76,0.00,1215598592,0,0
100.3655,230178816,583.4900,792.75,0,0,1,110.10,0.00,1215598592,0,0
100.3765,230178816,583.5800,817.89,0,0,1,90.88,0.00,1215598592,0,0
100.3877,230178816,583.6500,629.60,0,0,1,89.94,0.00,1215598592,0,0
100.3990,230178816,583.7400,796.33,0,0,1,143.78,0.00,1215598592,0,0
100.4122,230178816,583.8800,1060.65,0,0,1,104.17,0.00,1215598592,0,0
100.4231,230178816,583.9500,639.59,0,0,1,79.95,0.00,1215598592,0,0
100.4340,230178816,584.0500,919.68,0,0,1,103.46,0.00,1215598592,0,0
100.4449,230178816,584.1300,732.08,0,0,1,91.51,0.00,1215598592,0,0
100.4571,230178816,584.2000,574.94,0,0,1,82.13,0.00,1215598592,0,0
100.4680,230178816,584.2800,732.49,0,0,1,91.56,0.00,1215598592,0,0
100.4788,230178816,584.3600,741.41,0,0,1,92.68,0.00,1215598592,0,0
100.4897,230178816,584.4800,1099.65,0,0,1,171.82,0.00,1215598592,0,0
100.5013,230178816,584.5900,945.25,0,0,1,96.67,0.00,1215598592,0,0
100.5122,230178816,584.6700,734.88,0,0,1,91.86,0.00,1215598592,0,0
100.5231,230178816,584.7500,733.34,0,0,1,91.67,0.00,1215598592,0,0
100.5341,230178816,584.8400,822.66,0,0,1,91.41,0.00,1215598592,0,0
100.5462,230178816,584.9100,575.61,0,0,1,82.23,0.00,1215598592,0,0
100.5578,230178816,584.9900,693.60,0,0,1,86.70,0.00,1215598592,0,0
100.5686,230178816,585.0700,736.75,0,0,1,92.09,0.00,1215598592,0,0
100.5796,230178816,585.2200,1369.91,0,0,1,182.66,0.00,1215598592,0,0
100.5924,230178816,585.3000,621.93,0,0,1,77.74,0.00,1215598592,0,0
100.6033,230178816,585.3800,739.82,0,0,1,92.48,0.00,1215598592,0,0
100.6145,230178816,585.4600,711.70,0,0,1,88.96,0.00,1215598592,0,0
100.6279,230178816,585.5600,743.83,0,0,1,74.38,0.00,1215598592,0,0
100.6394,230178816,585.6600,874.49,0,0,1,142.10,0.00,1215598592,0,0
100.6503,230178816,585.7500,825.39,0,0,1,103.17,0.00,1215598592,0,0
100.6630,230178816,585.8500,788.27,0,0,1,98.53,0.00,1215598592,0,0
100.6782,230178816,585.9500,658.04,0,0,1,65.80,0.00,1215598592,0,0
100.6893,230178816,586.0600,988.20,0,0,1,157.21,0.00,1215598592,0,0
100.7013,230178816,586.1600,831.97,0,0,1,93.60,0.00,1215598592,0,0
100.7136,230178816,586.2500,730.33,0,0,1,91.29,0.00,1215598592,0,0
100.7246,230178816,586.3200,636.35,0,0,1,90.91,0.00,1215598592,0,0
100.7391,230178816,586.4500,895.76,0,0,1,111.97,0.00,1215598592,0,0
100.7501,230178816,586.5300,730.61,0,0,1,102.74,0.00,1215598592,0,0
100.7609,230178816,586.6200,830.25,0,0,1,103.78,0.00,1215598592,0,0
100.7719,230178816,586.7000,729.67,0,0,1,91.21,0.00,1215598592,0,0
100.7863,230178816,586.8600,1110.64,0,0,1,138.83,0.00,1215598592,0,0
100.8025,230178816,586.9500,557.25,0,0,1,69.66,0.00,1215598592,0,0
100.8177,230178816,587.0400,591.55,0,0,1,65.73,0.00,1215598592,0,0
100.8287,230178816,587.1500,998.62,0,0,1,158.87,0.00,1215598592,0,0
100.8410,230178816,587.2000,407.21,0,0,1,40.72,0.00,1215598592,0,0
100.8520,230178816,587.2300,272.04,0,0,1,45.34,0.00,1215598592,0,0
100.8630,230178816,587.2700,362.51,0,0,1,45.31,0.00,1215598592,0,0
100.8741,230178816,587.3200,450.23,0,0,1,45.02,0.00,1215598592,0,0
100.8851,230178816,587.3500,274.01,0,0,1,34.25,0.00,1215598592,0,0
100.8959,230178816,587.3800,276.67,0,0,1,34.58,0.00,1215598592,0,0
100.9071,230178816,587.4100,268.40,0,0,1,33.55,0.00,1215598592,0,0
100.9180,230178816,587.4500,365.84,0,0,1,34.30,0.00,1215598592,0,0
100.9288,230178816,587.4600,92.64,0,0,1,34.74,0.00,1215598592,0,0
100.9400,230178816,587.4800,179.05,0,0,1,11.19,0.00,1215598592,0,0
100.9511,230178816,587.5000,180.13,0,0,1,11.26,0.00,1215598592,0,0
100.9624,230178816,587.5000,0.00,0,0,1,0.00,0.00,1215598592,0,0
100.9735,230178816,587.5100,89.54,0,0,1,22.38,0.00,1215598592,0,0
100.9846,231260160,587.5300,180.57,0,0,1,11.29,0.00,1215598592,0,0
100.9956,231260160,587.5700,364.87,0,0,1,45.61,0.00,1215598592,0,0
101.0066,231260160,587.6100,363.48,0,0,1,45.43,0.00,1215598592,0,0
101.0175,231260160,587.6400,273.62,0,0,1,45.60,0.00,1215598592,0,0
101.0285,231260160,587.6900,457.10,0,0,1,45.71,0.00,1215598592,0,0
101.0395,231260160,587.7600,635.32,0,0,1,90.76,0.00,1215598592,0,0
101.0502,231260160,587.8000,373.26,0,0,1,46.66,0.00,1215598592,0,0
101.0610,231260160,587.8400,369.11,0,0,1,57.67,0.00,1215598592,0,0
101.0719,231260160,587.8800,367.34,0,0,1,57.40,0.00,1215598592,0,0
101.0829,231260160,587.9200,363.67,0,0,1,56.82,0.00,1215598592,0,0
101.0937,231260160,587.9600,371.59,0,0,1,46.45,0.00,1215598592,0,0
101.1046,231260160,588.0000,367.92,0,0,1,45.99,0.00,1215598592,0,0
101.1157,231260160,588.0400,360.04,0,0,1,45.01,0.00,1215598592,0,0
101.1265,231260160,588.0800,369.03,0,0,1,46.13,0.00,1215598592,0,0
101.1375,231260160,588.1200,363.60,0,0,1,56.81,0.00,1215598592,0,0
101.1484,231260160,588.1600,367.22,0,0,1,45.90,0.00,1215598592,0,0
101.1594,231260160,588.2400,729.84,0,0,1,114.04,0.00,1215598592,0,0
101.1704,231260160,588.2800,363.04,0,0,1,45.38,0.00,1215598592,0,0
101.1816,231260160,588.3200,357.80,0,0,1,44.73,0.00,1215598592,0,0
101.1925,231260160,588.3600,367.35,0,0,1,34.44,0.00,1215598592,0,0
101.2035,231260160,588.3700,90.80,0,0,1,56.75,0.00,1215598592,0,0
101.2151,231260160,588.4100,343.42,0,0,1,53.66,0.00,1215598592,0,0
101.2262,231260160,588.4500,360.82,0,0,1,45.10,0.00,1215598592,0,0
101.2375,231260160,588.4900,355.55,0,0,1,55.55,0.00,1215598592,0,0
101.2488,231260160,588.5300,353.45,0,0,1,55.23,0.00,1215598592,0,0
101.2598,231260160,588.6100,722.59,0,0,1,124.20,0.00,1215598592,0,0
101.2710,231260160,588.6400,269.90,0,0,1,33.74,0.00,1215598592,0,0
101.2820,231260160,588.6900,452.02,0,0,1,67.80,0.00,1215598592,0,0
101.2930,231260160,588.7300,363.82,0,0,1,45.48,0.00,1215598592,0,0
101.3041,231260160,588.7700,361.35,0,0,1,56.46,0.00,1215598592,0,0
101.3151,231260160,588.8100,363.45,0,0,1,45.43,0.00,1215598592,0,0
101.3260,231260160,588.8600,457.16,0,0,1,45.72,0.00,1215598592,0,0
101.3374,231260160,588.8900,264.79,0,0,1,44.13,0.00,1215598592,0,0
101.3485,231260160,588.9300,360.46,0,0,1,45.06,0.00,1215598592,0,0
101.3595,231260160,589.0000,634.15,0,0,1,90.59,0.00,1215598592,0,0
101.3707,231260160,589.0500,446.26,0,0,1,55.78,0.00,1215598592,0,0
101.3820,231260160,589.0900,353.60,0,0,1,44.20,0.00,1215598592,0,0
101.3933,231260160,589.1300,355.03,0,0,1,44.38,0.00,1215598592,0,0
101.4044,231260160,589.1700,361.02,0,0,1,45.13,0.00,1215598592,0,0
101.4154,231260160,589.2100,363.52,0,0,1,45.44,0.00,1215598592,0,0
101.4264,231800832,589.2700,541.77,0,0,1,45.15,0.00,1215598592,0,0
101.4376,232341504,589.2800,89.73,0,0,1,0.00,0.00,1215598592,0,0
101.4489,232341504,589.3200,354.42,0,0,1,44.30,0.00,1215598592,0,0
101.4599,232341504,589.4000,726.83,0,0,1,102.21,0.00,1215598592,0,0
101.4710,232341504,589.4400,360.47,0,0,1,45.06,0.00,1215598592,0,0
101.4820,232341504,589.4800,363.65,0,0,1,45.46,0.00,1215598592,0,0
101.4929,232341504,589.5200,366.07,0,0,1,45.76,0.00,1215598592,0,0
101.5039,232341504,589.5600,362.96,0,0,1,45.37,0.00,1215598592,0,0
101.5148,232341504,589.6000,365.88,0,0,1,45.73,0.00,1215598592,0,0
101.5258,232341504,589.6400,366.58,0,0,1,45.82,0.00,1215598592,0,0
101.5369,232341504,589.6800,359.30,0,0,1,56.14,0.00,1215598592,0,0
101.5484,232341504,589.7200,348.36,0,0,1,43.55,0.00,1215598592,0,0
101.5593,232341504,589.8000,731.69,0,0,1,114.33,0.00,1215598592,0,0
101.5706,232341504,589.8400,353.89,0,0,1,44.24,0.00,1215598592,0,0
101.5817,232341504,589.8800,361.50,0,0,1,45.19,0.00,1215598592,0,0
101.5926,232341504,589.9200,365.34,0,0,1,57.08,0.00,1215598592,0,0
101.6038,232341504,589.9600,359.43,0,0,1,44.93,0.00,1215598592,0,0
101.6150,232341504,590.0000,355.45,0,0,1,55.54,0.00,1215598592,0,0
101.6259,232341504,590.0400,368.46,0,0,1,46.06,0.00,1215598592,0,0
101.6374,232341504,590.0800,345.37,0,0,1,43.17,0.00,1215598592,0,0
101.6489,232341504,590.1600,695.60,0,0,1,108.69,0.00,1215598592,0,0
101.6600,232341504,590.2000,362.16,0,0,1,45.27,0.00,1215598592,0,0
101.6710,232341504,590.2400,364.42,0,0,1,45.55,0.00,1215598592,0,0
101.6821,232341504,590.2800,360.32,0,0,1,56.30,0.00,1215598592,0,0
101.6931,232341504,590.3200,361.54,0,0,1,45.19,0.00,1215598592,0,0
101.7041,232341504,590.3600,363.90,0,0,1,45.49,0.00,1215598592,0,0
101.7150,232341504,590.4000,367.63,0,0,1,57.44,0.00,1215598592,0,0
101.7259,232341504,590.4400,366.80,0,0,1,45.85,0.00,1215598592,0,0
101.7370,232341504,590.4800,360.29,0,0,1,56.30,0.00,1215598592,0,0
101.7481,232341504,590.5200,362.36,0,0,1,45.30,0.00,1215598592,0,0
101.7591,232341504,590.5800,541.30,0,0,1,90.22,0.00,1215598592,0,0
101.7704,232341504,590.6200,355.67,0,0,1,44.46,0.00,1215598592,0,0
101.7816,232341504,590.6800,534.28,0,0,1,66.79,0.00,1215598592,0,0
101.7926,232341504,590.7200,364.76,0,0,1,45.60,0.00,1215598592,0,0
101.8038,232341504,590.7600,356.30,0,0,1,55.67,0.00,1215598592,0,0
101.8150,232341504,590.8000,357.05,0,0,1,55.79,0.00,1215598592,0,0
101.8260,232341504,590.8500,455.80,0,0,1,45.58,0.00,1215598592,0,0
101.8371,232341504,590.8800,270.03,0,0,1,56.26,0.00,1215598592,0,0
101.8481,232341504,590.9200,364.05,0,0,1,56.88,0.00,1215598592,0,0
101.8590,232341504,591.0000,729.71,0,0,1,114.02,0.00,1215598592,0,0
101.8706,232341504,591.0400,345.86,0,0,1,43.23,0.00,1215598592,0,0
101.8817,232341504,591.0800,359.89,0,0,1,44.99,0.00,1215598592,0,0
101.8928,232341504,591.1200,360.26,0,0,1,45.03,0.00,1215598592,0,0
101.9039,232341504,591.1600,360.03,0,0,1,56.26,0.00,1215598592,0,0
101.9150,232341504,591.2000,360.13,0,0,1,45.02,0.00,1215598592,0,0
101.9259,232341504,591.2400,366.72,0,0,1,45.84,0.00,1215598592,0,0
101.9370,232341504,591.2800,362.74,0,0,1,45.34,0.00,1215598592,0,0
101.9480,232341504,591.3200,362.43,0,0,1,45.30,0.00,1215598592,0,0
101.9589,232341504,591.3600,367.85,0,0,1,114.95,0.00,1215598592,0,0
101.9701,232341504,591.4400,712.20,0,0,1,44.51,0.00,1215598592,0,0
101.9816,232341504,591.4800,349.44,0,0,1,43.68,0.00,1215598592,0,0
101.9926,232341504,591.5200,361.46,0,0,1,56.48,0.00,1215598592,0,0
102.0036,232341504,591.5600,365.23,0,0,1,45.65,0.00,1215598592,0,0
102.0145,232341504,591.6000,366.02,0,0,1,45.75,0.00,1215598592,0,0
102.0255,232341504,591.6400,365.44,0,0,1,57.10,0.00,1215598592,0,0
102.0364,232341504,591.6800,363.84,0,0,1,45.48,0.00,1215598592,0,0
102.0478,232341504,591.7200,351.26,0,0,1,43.91,0.00,1215598592,0,0
102.0590,232341504,591.7600,358.66,0,0,1,78.46,0.00,1215598592,0,0
102.0702,232341504,591.8400,716.37,0,0,1,67.16,0.00,1215598592,0,0
102.0811,232341504,591.8600,182.31,0,0,1,22.79,0.00,1215598592,0,0
102.0918,232341504,591.8700,93.32,0,0,1,0.00,0.00,1215598592,0,0
102.1027,232341504,591.8800,92.07,0,0,1,23.02,0.00,1215598592,0,0
102.1150,232341504,591.9300,408.18,0,0,1,71.43,0.00,1215598592,0,0
102.1259,232341504,592.0200,825.15,0,0,1,91.68,0.00,1215598592,0,0
102.1367,232341504,592.0900,646.85,0,0,1,92.41,0.00,1215598592,0,0
102.1474,232341504,592.1700,748.61,0,0,1,93.58,0.00,1215598592,0,0
102.1583,232341504,592.2500,733.70,0,0,1,91.71,0.00,1215598592,0,0
102.1690,232341504,592.3700,1114.85,0,0,1,162.58,0.00,1215598592,0,0
102.1800,232341504,592.4600,821.54,0,0,1,102.69,0.00,1215598592,0,0
102.1907,232341504,592.5500,839.50,0,0,1,104.94,0.00,1215598592,0,0
102.2014,232341504,592.6200,654.98,0,0,1,93.57,0.00,1215598592,0,0
102.2142,232341504,592.7200,778.99,0,0,1,77.90,0.00,1215598592,0,0
102.2250,232341504,592.8000,746.01,0,0,1,93.25,0.00,1215598592,0,0
102.2357,232341504,592.8800,741.66,0,0,1,92.71,0.00,1215598592,0,0
102.2471,232341504,592.9600,705.12,0,0,1,88.14,0.00,1215598592,0,0
102.2578,232341504,593.0300,650.75,0,0,1,92.96,0.00,1215598592,0,0
102.2686,232341504,593.1900,1481.71,0,0,1,185.21,0.00,1215598592,0,0
102.2842,232341504,593.2600,449.50,0,0,1,64.21,0.00,1215598592,0,0
102.2951,232341504,593.3500,830.86,0,0,1,92.32,0.00,1215598592,0,0
102.3061,232341504,593.4300,727.33,0,0,1,90.92,0.00,1215598592,0,0
102.3173,232341504,593.5200,799.44,0,0,1,88.83,0.00,1215598592,0,0
102.3284,232341504,593.5900,631.78,0,0,1,90.25,0.00,1215598592,0,0
102.3394,232341504,593.7200,1182.20,0,0,1,170.51,0.00,1215598592,0,0
102.3543,232341504,593.8100,604.10,0,0,1,75.51,0.00,1215598592,0,0
102.3653,232341504,593.9000,819.03,0,0,1,91.00,0.00,1215598592,0,0
102.3762,232341504,593.9900,820.18,0,0,1,91.13,0.00,1215598592,0,0
102.3872,232341504,594.0400,458.35,0,0,1,80.21,0.00,1215598592,0,0
102.3995,232341504,594.1800,1137.36,0,0,1,152.32,0.00,1215598592,0,0
102.4103,232341504,594.2600,736.40,0,0,1,103.56,0.00,1215598592,0,0
102.4217,232341504,594.3500,794.37,0,0,1,88.26,0.00,1215598592,0,0
102.4333,232341504,594.4500,858.92,0,0,1,96.63,0.00,1215598592,0,0
102.4445,232341504,594.5300,711.73,0,0,1,88.97,0.00,1215598592,0,0
102.4556,232341504,594.6100,725.27,0,0,1,90.66,0.00,1215598592,0,0
102.4665,232341504,594.6900,733.50,0,0,1,91.69,0.00,1215598592,0,0
102.4774,232341504,594.7700,733.97,0,0,1,91.75,0.00,1215598592,0,0
102.4884,232341504,594.8500,727.85,0,0,1,90.98,0.00,1215598592,0,0
102.4993,232341504,594.9800,1190.23,0,0,1,171.67,0.00,1215598592,0,0
102.5101,232341504,595.0700,831.69,0,0,1,103.96,0.00,1215598592,0,0
102.5210,232341504,595.1500,731.39,0,0,1,80.00,0.00,1215598592,0,0
102.5344,232341504,595.2100,448.67,0,0,1,46.74,0.00,1215598592,0,0
102.5506,232341504,595.3600,928.77,0,0,1,116.10,0.00,1215598592,0,0
102.5668,232341504,595.4700,676.21,0,0,1,61.47,0.00,1215598592,0,0
102.5790,232341504,595.6100,1147.83,0,0,1,174.22,0.00,1215598592,0,0
102.5901,232341504,595.7000,815.47,0,0,1,90.61,0.00,1215598592,0,0
102.6011,232341504,595.7800,728.64,0,0,1,91.08,0.00,1215598592,0,0
102.6215,232341504,595.9500,829.73,0,0,1,97.61,0.00,1215598592,0,0
102.6326,232341504,596.0200,635.80,0,0,1,90.83,0.00,1215598592,0,0
102.6439,232341504,596.1000,703.18,0,0,1,87.90,0.00,1215598592,0,0
102.6557,232341504,596.1900,765.26,0,0,1,85.03,0.00,1215598592,0,0
102.6666,232341504,596.2600,642.86,0,0,1,91.84,0.00,1215598592,0,0
102.6774,232341504,596.3400,737.87,0,0,1,92.23,0.00,1215598592,0,0
102.6890,232341504,596.4200,689.78,0,0,1,161.67,0.00,1215598592,0,0
102.6998,232341504,596.5700,1386.17,0,0,1,103.96,0.00,1215598592,0,0
102.7105,232341504,596.6500,748.72,0,0,1,93.59,0.00,1215598592,0,0
102.7219,232341504,596.7300,705.25,0,0,1,88.16,0.00,1215598592,0,0
102.7327,232341504,596.8200,829.58,0,0,1,92.18,0.00,1215598592,0,0
102.7435,232341504,596.9000,743.40,0,0,1,92.93,0.00,1215598592,0,0
102.7544,232341504,596.9700,642.81,0,0,1,91.83,0.00,1215598592,0,0
102.7652,232341504,597.0500,740.38,0,0,1,92.55,0.00,1215598592,0,0
102.7760,232341504,597.1400,833.09,0,0,1,92.57,0.00,1215598592,0,0
102.7868,232341504,597.2200,737.28,0,0,1,92.16,0.00,1215598592,0,0
102.7976,232341504,597.2900,647.31,0,0,1,92.47,0.00,1215598592,0,0
102.8086,232341504,597.3900,916.20,0,0,1,91.62,0.00,1215598592,0,0
102.8196,232341504,597.4900,907.63,0,0,1,147.49,0.00,1215598592,0,0
102.8304,232341504,597.6000,1018.29,0,0,1,127.29,0.00,1215598592,0,0
102.8413,232341504,597.6800,733.65,0,0,1,91.71,0.00,1215598592,0,0
102.8523,232341504,597.7500,632.73,0,0,1,79.09,0.00,1215598592,0,0
102.8658,232341504,597.8400,669.78,0,0,1,83.72,0.00,1215598592,0,0
102.8766,232341504,597.9300,829.32,0,0,1,92.15,0.00,1215598592,0,0
102.8875,232341504,598.0100,734.38,0,0,1,91.80,0.00,1215598592,0,0
102.8984,232341504,598.0900,738.43,0,0,1,92.30,0.00,1215598592,0,0
102.9098,232341504,598.2200,1134.11,0,0,1,163.57,0.00,1215598592,0,0
102.9210,232341504,598.3200,895.63,0,0,1,100.76,0.00,1215598592,0,0
102.9318,232341504,598.4000,740.11,0,0,1,92.51,0.00,1215598592,0,0
102.9427,232341504,598.4800,734.76,0,0,1,91.85,0.00,1215598592,0,0
102.9599,232341504,598.6100,754.12,0,0,1,94.26,0.00,1215598592,0,0
102.9756,232341504,598.7200,703.41,0,0,1,79.93,0.00,1215598592,0,0
102.9914,232341504,598.8700,946.85,0,0,1,126.25,0.00,1215598592,0,0
103.0025,232341504,598.9500,723.20,0,0,1,90.40,0.00,1215598592,0,0
103.0145,232341504,599.0300,663.37,0,0,1,82.92,0.00,1215598592,0,0
103.0256,232341504,599.1100,723.31,0,0,1,90.41,0.00,1215598592,0,0
103.0398,232341504,599.2500,982.99,0,0,1,131.65,0.00,1215598592,0,0
103.0511,232341504,599.3500,883.23,0,0,1,99.36,0.00,1215598592,0,0
103.0654,232341504,599.4200,490.66,0,0,1,70.09,0.00,1215598592,0,0
103.0764,232341504,599.5100,818.99,0,0,1,91.00,0.00,1215598592,0,0
103.0892,232341504,599.6400,1013.10,0,0,1,146.12,0.00,1215598592,0,0
103.1002,232341504,599.7400,908.46,0,0,1,102.20,0.00,1215598592,0,0
103.1141,232341504,599.8200,575.69,0,0,1,71.96,0.00,1215598592,0,0
103.1251,232341504,599.9000,733.31,0,0,1,91.66,0.00,1215598592,0,0
103.1361,232341504,599.9700,633.86,0,0,1,90.55,0.00,1215598592,0,0
103.1588,232341504,600.1300,704.29,0,0,1,121.05,0.00,1215598592,0,0
103.1739,232341504,600.2900,1063.02,0,0,1,83.05,0.00,1215598592,0,0
103.1915,232341504,600.4500,905.78,0,0,1,113.22,0.00,1215598592,0,0
103.2054,232341504,600.5200,505.42,0,0,1,72.20,0.00,1215598592,0,0
103.2163,232341504,600.6000,730.70,0,0,1,91.34,0.00,1215598592,0,0
103.2291,232341504,600.7300,1015.76,0,0,1,156.27,0.00,1215598592,0,0
103.2411,232341504,600.8200,751.14,0,0,1,73.03,0.00,1215598592,0,0
103.2522,232341504,600.9100,813.52,0,0,1,90.39,0.00,1215598592,0,0
103.2649,232341504,601.0000,708.02,0,0,1,88.50,0.00,1215598592,0,0
103.2835,232341504,601.1600,857.75,0,0,1,107.22,0.00,1215598592,0,0
103.2994,232341504,601.2800,755.16,0,0,1,117.99,0.00,1215598592,0,0
103.3132,232341504,601.3900,800.27,0,0,1,81.85,0.00,1215598592,0,0
103.3242,232341504,601.4700,728.10,0,0,1,91.01,0.00,1215598592,0,0
103.3352,232341504,601.6000,1174.65,0,0,1,158.13,0.00,1215598592,0,0
103.3500,232341504,601.7000,677.77,0,0,1,84.72,0.00,1215598592,0,0
103.3609,232341504,601.7700,642.41,0,0,1,80.30,0.00,1215598592,0,0
103.3746,232341504,601.8700,728.41,0,0,1,81.95,0.00,1215598592,0,0
103.3857,232341504,601.9400,628.53,0,0,1,89.79,0.00,1215598592,0,0
103.3975,232341504,602.0300,766.75,0,0,1,85.19,0.00,1215598592,0,0
103.4084,232341504,602.1000,638.69,0,0,1,91.24,0.00,1215598592,0,0
103.4196,232341504,602.2400,1250.43,0,0,1,178.63,0.00,1215598592,0,0
103.4409,232341504,602.4100,799.59,0,0,1,94.07,0.00,1215598592,0,0
103.4519,232341504,602.4800,634.54,0,0,1,79.32,0.00,1215598592,0,0
103.4651,232341504,602.5800,759.01,0,0,1,85.39,0.00,1215598592,0,0
103.4864,232341504,602.7400,751.21,0,0,1,88.03,0.00,1215598592,0,0
103.5024,232341504,602.8500,687.26,0,0,1,85.91,0.00,1215598592,0,0
103.5181,232341504,602.9900,892.22,0,0,1,111.53,0.00,1215598592,0,0
103.5341,232341504,603.0800,563.96,0,0,1,78.33,0.00,1215598592,0,0
103.5502,232341504,603.2200,864.98,0,0,1,77.23,0.00,1215598592,0,0
103.5665,232341504,603.3500,801.08,0,0,1,84.73,0.00,1215598592,0,0
103.5787,232341504,603.4600,898.25,0,0,1,132.70,0.00,1215598592,0,0
103.6002,232341504,603.6000,652.05,0,0,1,75.68,0.00,1215598592,0,0
103.6163,232341504,603.7600,992.91,0,0,1,108.60,0.00,1215598592,0,0
103.6294,232341504,603.8800,918.30,0,0,1,124.35,0.00,1215598592,0,0
103.6499,232341504,604.0400,778.22,0,0,1,97.28,0.00,1215598592,0,0
103.6705,232341504,604.1800,679.69,0,0,1,66.76,0.00,1215598592,0,0
103.6830,232341504,604.2800,799.73,0,0,1,99.97,0.00,1215598592,0,0
103.6940,232341504,604.3800,908.66,0,0,1,113.58,0.00,1215598592,0,0
103.7065,232341504,604.4700,723.61,0,0,1,80.40,0.00,1215598592,0,0
103.7236,232341504,604.6200,873.86,0,0,1,116.51,0.00,1215598592,0,0
103.7429,232341504,604.7800,829.51,0,0,1,103.69,0.00,1215598592,0,0
103.7587,232341504,604.8700,569.07,0,0,1,63.23,0.00,1215598592,0,0
103.7746,232341504,605.0100,881.67,0,0,1,110.21,0.00,1215598592,0,0
103.7904,232341504,605.1600,952.03,0,0,1,126.94,0.00,1215598592,0,0
103.8061,232341504,605.2500,572.35,0,0,1,63.59,0.00,1215598592,0,0
103.8221,232341504,605.4000,936.95,0,0,1,101.50,0.00,1215598592,0,0
103.8383,232341504,605.5000,617.51,0,0,1,77.19,0.00,1215598592,0,0
103.8529,232341504,605.6400,959.73,0,0,1,128.53,0.00,1215598592,0,0
103.8722,232341504,605.8000,830.84,0,0,1,103.85,0.00,1215598592,0,0
103.8894,232341504,605.9400,811.25,0,0,1,101.41,0.00,1215598592,0,0
103.9094,232341504,606.0900,751.52,0,0,1,100.20,0.00,1215598592,0,0
103.9252,232341504,606.2000,695.83,0,0,1,79.07,0.00,1215598592,0,0
103.9389,232341504,606.2900,654.23,0,0,1,118.13,0.00,1215598592,0,0
103.9572,232341504,606.4500,877.98,0,0,1,75.45,0.00,1215598592,0,0
103.9718,232341504,606.5800,885.47,0,0,1,119.20,0.00,1215598592,0,0
103.9828,232341504,606.6800,910.10,0,0,1,102.39,0.00,1215598592,0,0
103.9949,232341504,606.7600,662.19,0,0,1,82.77,0.00,1215598592,0,0
104.0102,232341504,606.9000,913.00,0,0,1,114.12,0.00,1215598592,0,0
104.0304,232341504,607.0600,792.07,0,0,1,99.01,0.00,1215598592,0,0
104.0415,232341504,607.1500,817.15,0,0,1,102.14,0.00,1215598592,0,0
104.0621,232341504,607.3000,727.05,0,0,1,90.88,0.00,1215598592,0,0
104.0734,232341504,607.3900,792.69,0,0,1,88.08,0.00,1215598592,0,0
104.0973,232341504,607.5500,671.02,0,0,1,89.12,0.00,1215598592,0,0
104.1130,232341504,607.7100,1019.33,0,0,1,127.42,0.00,1215598592,0,0
104.1291,232341504,607.8600,932.36,0,0,1,116.54,0.00,1215598592,0,0
104.1404,232341504,607.9100,442.43,0,0,1,66.36,0.00,1215598592,0,0
104.1586,232341504,608.0300,656.48,0,0,1,68.38,0.00,1215598592,0,0
104.1791,232341504,608.2400,1025.64,0,0,1,134.31,0.00,1215598592,0,0
104.1902,232341504,608.3300,814.03,0,0,1,101.75,0.00,1215598592,0,0
104.2073,232341504,608.4300,583.33,0,0,1,65.62,0.00,1215598592,0,0
104.2259,232341504,608.5800,805.82,0,0,1,100.73,0.00,1215598592,0,0
104.2465,232341504,608.7400,779.48,0,0,1,103.52,0.00,1215598592,0,0
104.2626,232341504,608.8800,868.66,0,0,1,116.34,0.00,1215598592,0,0
104.2788,232341504,608.9900,678.46,0,0,1,69.39,0.00,1215598592,0,0
104.2900,232341504,609.1000,981.35,0,0,1,144.97,0.00,1215598592,0,0
104.3051,232341504,609.2200,792.81,0,0,1,90.84,0.00,1215598592,0,0
104.3225,232341504,609.3700,864.02,0,0,1,115.20,0.00,1215598592,0,0
104.3394,232341504,609.4900,709.66,0,0,1,103.49,0.00,1215598592,0,0
104.3558,232341504,609.6100,733.36,0,0,1,76.39,0.00,1215598592,0,0
104.3743,232341504,609.7700,863.42,0,0,1,107.93,0.00,1215598592,0,0
104.3926,232341504,609.9200,820.98,0,0,1,109.46,0.00,1215598592,0,0
104.4089,232341504,610.0100,551.54,0,0,1,107.24,0.00,1215598592,0,0
104.4270,232341504,610.1700,883.55,0,0,1,69.03,0.00,1215598592,0,0
104.4408,232341504,610.3100,1015.36,0,0,1,145.05,0.00,1215598592,0,0
104.4518,232341504,610.3800,637.28,0,0,1,79.66,0.00,1215598592,0,0
104.4627,232341504,610.4300,456.29,0,0,1,79.85,0.00,1215598592,0,0
104.4737,232341504,610.5000,635.60,0,0,1,68.10,0.00,1215598592,0,0
104.4850,232341504,610.5400,354.74,0,0,1,44.34,0.00,1215598592,0,0
104.4960,232341504,610.5800,363.27,0,0,1,45.41,0.00,1215598592,0,0
104.5070,232341504,610.6100,273.04,0,0,1,45.51,0.00,1215598592,0,0
104.5183,232341504,610.6500,355.65,0,0,1,44.46,0.00,1215598592,0,0
104.5294,232341504,610.7300,718.80,0,0,1,89.85,0.00,1215598592,0,0
104.5404,232341504,610.7700,362.21,0,0,1,45.28,0.00,1215598592,0,0
104.5517,232341504,610.8100,353.90,0,0,1,44.24,0.00,1215598592,0,0
104.5628,232341504,610.8400,271.17,0,0,1,33.90,0.00,1215598592,0,0
104.5739,232341504,610.8800,361.42,0,0,1,33.88,0.00,1215598592,0,0
104.5851,232341504,610.9200,355.82,0,0,1,33.36,0.00,1215598592,0,0
104.5962,232341504,610.9700,451.16,0,0,1,56.39,0.00,1215598592,0,0
104.6073,232341504,611.0200,451.77,0,0,1,56.47,0.00,1215598592,0,0
104.6185,232341504,611.0600,357.48,0,0,1,44.69,0.00,1215598592,0,0
104.6298,232341504,611.1100,442.63,0,0,1,66.40,0.00,1215598592,0,0
104.6409,232341504,611.1500,358.51,0,0,1,33.61,0.00,1215598592,0,0
104.6521,232341504,611.2100,538.39,0,0,1,56.08,0.00,1215598592,0,0
104.6632,232341504,611.2500,360.42,0,0,1,67.58,0.00,1215598592,0,0
104.6743,232341504,611.2800,269.93,0,0,1,44.99,0.00,1215598592,0,0
104.6853,232341504,611.3300,451.65,0,0,1,45.16,0.00,1215598592,0,0
104.6964,232341504,611.3700,360.53,0,0,1,67.60,0.00,1215598592,0,0
104.7075,232611840,611.4300,541.19,0,0,1,56.37,0.00,1215598592,0,0
104.7186,232882176,611.4400,90.63,0,0,1,11.33,0.00,1215598592,0,0
104.7296,232882176,611.4600,180.89,0,0,1,33.92,0.00,1215598592,0,0
104.7404,232882176,611.4700,92.77,0,0,1,11.60,0.00,1215598592,0,0
104.7515,232882176,611.4800,89.59,0,0,1,11.20,0.00,1215598592,0,0
104.7629,232882176,611.4900,88.34,0,0,1,11.04,0.00,1215598592,0,0
104.7738,232882176,611.5000,91.79,0,0,1,11.47,0.00,1215598592,0,0
104.7849,232882176,611.5100,89.48,0,0,1,11.18,0.00,1215598592,0,0
104.7963,232882176,611.5200,88.15,0,0,1,11.02,0.00,1215598592,0,0
104.8073,232882176,611.5300,90.46,0,0,1,11.31,0.00,1215598592,0,0
104.8187,232882176,611.5400,87.93,0,0,1,10.99,0.00,1215598592,0,0
104.8298,232882176,611.5600,181.06,0,0,1,33.95,0.00,1215598592,0,0
104.8408,232882176,611.5700,90.89,0,0,1,11.36,0.00,1215598592,0,0
104.8518,232882176,611.5800,90.57,0,0,1,11.32,0.00,1215598592,0,0
104.8628,232882176,611.5900,90.89,0,0,1,11.36,0.00,1215598592,0,0
104.8739,232882176,611.6000,90.49,0,0,1,11.31,0.00,1215856640,0,0
104.8849,232882176,611.6100,90.22,0,0,1,11.28,0.00,1215856640,0,0
104.8962,233422848,611.6300,177.14,0,0,1,11.07,0.00,1215856640,0,0
104.9073,233422848,611.6400,89.92,0,0,1,44.96,0.00,1215856640,0,0
104.9182,233422848,611.6800,367.19,0,0,1,45.90,0.00,1215856640,0,0
104.9291,233422848,611.7200,369.92,0,0,1,104.04,0.00,1215856640,0,0
104.9399,233422848,611.8000,737.11,0,0,1,46.07,0.00,1215856640,0,0
104.9508,233422848,611.8400,365.89,0,0,1,45.74,0.00,1215856640,0,0
104.9622,233422848,611.8800,353.49,0,0,1,44.19,0.00,1215856640,0,0
104.9731,233422848,611.9200,365.72,0,0,1,45.72,0.00,1215856640,0,0
104.9842,233422848,611.9600,358.96,0,0,1,44.87,0.00,1215856640,0,0
104.9954,233422848,612.0000,358.30,0,0,1,44.79,0.00,1215856640,0,0
105.0063,233422848,612.0400,366.87,0,0,1,45.86,0.00,1215856640,0,0
105.0172,233422848,612.0800,365.57,0,0,1,45.70,0.00,1215856640,0,0
105.0286,233422848,612.1200,351.71,0,0,1,43.96,0.00,1215856640,0,0
105.0396,233422848,612.2000,731.51,0,0,1,102.87,0.00,1215856640,0,0
105.0506,233422848,612.2400,362.54,0,0,1,45.32,0.00,1215856640,0,0
105.0619,233422848,612.2800,352.29,0,0,1,44.04,0.00,1215856640,0,0
105.0728,233422848,612.3200,367.92,0,0,1,45.99,0.00,1215856640,0,0
105.0839,233422848,612.3600,361.64,0,0,1,45.20,0.00,1215856640,0,0
105.0956,233422848,612.4000,342.39,0,0,1,42.80,0.00,1215856640,0,0
105.1064,233422848,612.4400,370.46,0,0,1,46.31,0.00,1215856640,0,0
105.1178,233422848,612.4800,350.55,0,0,1,43.82,0.00,1215856640,0,0
105.1289,233422848,612.5200,357.76,0,0,1,100.62,0.00,1215856640,0,0
105.1399,233422848,612.6000,731.43,0,0,1,45.71,0.00,1215856640,0,0
105.1509,233422848,612.6400,363.51,0,0,1,45.44,0.00,1215856640,0,0
105.1619,233422848,612.6800,364.80,0,0,1,45.60,0.00,1215856640,0,0
105.1726,233422848,612.7200,370.78,0,0,1,46.35,0.00,1215856640,0,0
105.1834,233422848,612.7600,373.20,0,0,1,58.31,0.00,1215856640,0,0
105.1949,233422848,612.8000,346.27,0,0,1,43.28,0.00,1215856640,0,0
105.2058,233422848,612.8400,365.88,0,0,1,45.73,0.00,1215856640,0,0
105.2166,233422848,612.8800,370.95,0,0,1,46.37,0.00,1215856640,0,0
105.2282,233422848,612.9200,344.68,0,0,1,43.08,0.00,1215856640,0,0
105.2389,233422848,612.9600,373.68,0,0,1,105.10,0.00,1215856640,0,0
105.2499,233422848,613.0400,730.67,0,0,1,45.67,0.00,1215856640,0,0
105.2614,233422848,613.0800,347.86,0,0,1,43.48,0.00,1215856640,0,0
105.2721,233963520,613.1100,280.15,0,0,1,23.35,0.00,1215856640,0,0
105.2828,234504192,613.1300,186.24,0,0,1,46.56,0.00,1216372736,0,0
105.2943,234504192,613.1700,348.20,0,0,1,43.53,0.00,1216372736,0,0
105.3053,234504192,613.2100,362.65,0,0,1,45.33,0.00,1216372736,0,0
105.3161,234504192,613.2500,371.93,0,0,1,46.49,0.00,1216372736,0,0
105.3272,234504192,613.2900,361.63,0,0,1,45.20,0.00,1216372736,0,0
105.3381,234504192,613.3300,366.93,0,0,1,45.87,0.00,1216372736,0,0
105.3490,234504192,613.3700,366.24,0,0,1,103.00,0.00,1216372736,0,0
105.3599,234504192,613.4500,731.39,0,0,1,45.71,0.00,1216372736,0,0
105.3708,234504192,613.4900,367.47,0,0,1,45.93,0.00,1216372736,0,0
105.3816,234504192,613.5300,371.22,0,0,1,46.40,0.00,1216372736,0,0
105.3924,234504192,613.5700,369.40,0,0,1,46.17,0.00,1216372736,0,0
105.4033,234504192,613.6100,366.26,0,0,1,45.78,0.00,1216372736,0,0
105.4143,234504192,613.6500,364.88,0,0,1,45.61,0.00,1216372736,0,0
105.4253,234504192,613.6900,363.86,0,0,1,45.48,0.00,1216372736,0,0
105.4363,234504192,613.7300,363.44,0,0,1,45.43,0.00,1216372736,0,0
105.4473,234504192,613.7700,364.41,0,0,1,45.55,0.00,1216372736,0,0
105.4581,234504192,613.8100,369.43,0,0,1,46.18,0.00,1216372736,0,0
105.4688,234504192,613.8500,373.98,0,0,1,46.75,0.00,1216372736,0,0
105.4798,234504192,613.9300,730.14,0,0,1,102.68,0.00,1216372736,0,0
105.4906,234504192,613.9700,369.70,0,0,1,46.21,0.00,1216372736,0,0
105.5015,234504192,614.0100,366.67,0,0,1,45.83,0.00,1216372736,0,0
105.5123,234504192,614.0500,368.64,0,0,1,46.08,0.00,1216372736,0,0
105.5232,234504192,614.0900,367.02,0,0,1,45.88,0.00,1216372736,0,0
105.5342,234504192,614.1300,364.89,0,0,1,45.61,0.00,1216372736,0,0
105.5451,234504192,614.1700,366.02,0,0,1,45.75,0.00,1216372736,0,0
105.5560,234504192,614.2100,368.07,0,0,1,46.01,0.00,1216372736,0,0
105.5670,234504192,614.2500,362.40,0,0,1,45.30,0.00,1216372736,0,0
105.5784,234504192,614.2900,351.20,0,0,1,43.90,0.00,1216372736,0,0
105.5893,234504192,614.3700,736.44,0,0,1,103.56,0.00,1216372736,0,0
105.6003,234504192,614.4100,364.00,0,0,1,45.50,0.00,1216372736,0,0
105.6114,234504192,614.4500,358.37,0,0,1,44.80,0.00,1216372736,0,0
105.6225,234504192,614.4900,362.90,0,0,1,45.36,0.00,1216372736,0,0
105.6336,234504192,614.5300,358.71,0,0,1,44.84,0.00,1216372736,0,0
105.6450,235315200,614.5800,438.08,0,0,1,43.81,0.00,1216888832,0,0
105.6557,235585536,614.5900,93.40,0,0,1,46.70,0.00,1217146880,0,0
105.6668,235585536,614.6300,359.77,0,0,1,44.97,0.00,1217146880,0,0
105.6782,235585536,614.6700,351.24,0,0,1,43.91,0.00,1217146880,0,0
105.6891,235585536,614.7500,739.42,0,0,1,103.98,0.00,1217146880,0,0
105.7002,235585536,614.7900,359.30,0,0,1,44.91,0.00,1217146880,0,0
105.7115,235585536,614.8300,354.21,0,0,1,44.28,0.00,1217146880,0,0
105.7223,235585536,614.8700,369.48,0,0,1,46.18,0.00,1217146880,0,0
105.7336,235585536,614.9100,354.06,0,0,1,44.26,0.00,1217146880,0,0
105.7449,235585536,614.9500,352.70,0,0,1,44.09,0.00,1217146880,0,0
105.7559,235585536,614.9900,364.18,0,0,1,45.52,0.00,1217146880,0,0
105.7667,235585536,615.0300,370.07,0,0,1,46.26,0.00,1217146880,0,0
105.7780,235585536,615.0700,355.87,0,0,1,44.48,0.00,1217146880,0,0
105.7889,235585536,615.1100,366.85,0,0,1,45.86,0.00,1217146880,0,0
105.7998,235585536,615.1900,730.36,0,0,1,102.71,0.00,1217146880,0,0
105.8113,235585536,615.2300,349.02,0,0,1,43.63,0.00,1217146880,0,0
105.8223,235585536,615.2700,362.93,0,0,1,45.37,0.00,1217146880,0,0
105.8335,235585536,615.3100,358.19,0,0,1,44.77,0.00,1217146880,0,0
105.8450,235585536,615.3500,347.11,0,0,1,43.39,0.00,1217146880,0,0
105.8561,235585536,615.3900,359.78,0,0,1,44.97,0.00,1217146880,0,0
105.8674,235585536,615.4300,356.07,0,0,1,44.51,0.00,1217146880,0,0
105.8785,235585536,615.4700,359.96,0,0,1,44.99,0.00,1217146880,0,0
105.8895,235585536,615.5500,728.43,0,0,1,91.05,0.00,1217146880,0,0
105.9006,235585536,615.5900,357.59,0,0,1,44.70,0.00,1217146880,0,0
105.9118,235585536,615.6300,358.92,0,0,1,44.87,0.00,1217146880,0,0
105.9228,235585536,615.6700,364.08,0,0,1,45.51,0.00,1217146880,0,0
105.9339,235585536,615.7100,358.94,0,0,1,44.87,0.00,1217146880,0,0
105.9448,235585536,615.7500,365.79,0,0,1,45.72,0.00,1217146880,0,0
105.9558,235585536,615.7900,363.99,0,0,1,45.50,0.00,1217146880,0,0
105.9670,235585536,615.8300,357.82,0,0,1,44.73,0.00,1217146880,0,0
105.9782,235585536,615.8700,358.90,0,0,1,44.86,0.00,1217146880,0,0
105.9891,235585536,615.9300,546.27,0,0,1,91.05,0.00,1217146880,0,0
106.0003,235585536,615.9900,536.48,0,0,1,55.88,0.00,1217146880,0,0
106.0115,235585536,616.0300,357.36,0,0,1,44.67,0.00,1217146880,0,0
106.0225,235585536,616.0700,363.27,0,0,1,45.41,0.00,1217146880,0,0
106.0338,235585536,616.1100,353.83,0,0,1,44.23,0.00,1217146880,0,0
106.0450,235585536,616.1500,359.25,0,0,1,44.91,0.00,1217146880,0,0
106.0559,235585536,616.1900,366.21,0,0,1,45.78,0.00,1217146880,0,0
106.0671,235585536,616.2300,357.39,0,0,1,44.67,0.00,1217146880,0,0
106.0782,235585536,616.2700,361.29,0,0,1,45.16,0.00,1217146880,0,0
106.0892,235585536,616.3500,726.90,0,0,1,102.22,0.00,1217146880,0,0
106.1004,235585536,616.3900,356.98,0,0,1,44.62,0.00,1217146880,0,0
106.1113,235585536,616.4300,367.05,0,0,1,45.88,0.00,1217146880,0,0
106.1221,235585536,616.4700,368.50,0,0,1,46.06,0.00,1217146880,0,0
106.1331,235585536,616.5100,363.50,0,0,1,45.44,0.00,1217146880,0,0
106.1448,235585536,616.5500,342.59,0,0,1,42.82,0.00,1217146880,0,0
106.1557,235585536,616.5900,365.39,0,0,1,45.67,0.00,1217146880,0,0
106.1666,235585536,616.6300,367.38,0,0,1,45.92,0.00,1217146880,0,0
106.1782,235585536,616.6700,347.34,0,0,1,43.42,0.00,1217146880,0,0
106.1890,235585536,616.7500,734.23,0,0,1,103.25,0.00,1217146880,0,0
106.2001,235585536,616.7900,362.23,0,0,1,45.28,0.00,1217146880,0,0
106.2112,235585536,616.8300,360.91,0,0,1,45.11,0.00,1217146880,0,0
106.2221,235585536,616.8700,366.09,0,0,1,45.76,0.00,1217146880,0,0
106.2332,235585536,616.9100,360.25,0,0,1,45.03,0.00,1217146880,0,0
106.2447,235585536,616.9500,348.38,0,0,1,43.55,0.00,1217146880,0,0
106.2556,235585536,616.9900,367.45,0,0,1,45.93,0.00,1217146880,0,0
106.2666,235585536,617.0300,361.80,0,0,1,45.22,0.00,1217146880,0,0
106.2777,235585536,617.0700,359.95,0,0,1,44.99,0.00,1217146880,0,0
106.2888,235585536,617.1100,362.91,0,0,1,45.36,0.00,1217146880,0,0
106.2998,235585536,617.1900,727.12,0,0,1,102.25,0.00,1217146880,0,0
106.3111,235585536,617.2300,351.43,0,0,1,43.93,0.00,1217146880,0,0
106.3220,235585536,617.2700,369.49,0,0,1,46.19,0.00,1217146880,0,0
106.3333,235585536,617.3100,352.83,0,0,1,44.10,0.00,1217146880,0,0
106.3445,235585536,617.3500,357.40,0,0,1,44.68,0.00,1217146880,0,0
106.3554,235585536,617.3900,366.01,0,0,1,45.75,0.00,1217146880,0,0
106.3666,235585536,617.4300,359.58,0,0,1,44.95,0.00,1217146880,0,0
106.3778,235585536,617.4700,355.53,0,0,1,44.44,0.00,1217146880,0,0
106.3887,235585536,617.5100,366.94,0,0,1,45.87,0.00,1217146880,0,0
106.3997,235585536,617.5900,726.54,0,0,1,102.17,0.00,1217146880,0,0
106.4110,235585536,617.6300,355.39,0,0,1,55.53,0.00,1217146880,0,0
106.4219,235585536,617.6700,367.37,0,0,1,45.92,0.00,1217146880,0,0
106.4328,235585536,617.7100,366.61,0,0,1,45.83,0.00,1217146880,0,0
106.4442,235585536,617.7500,349.25,0,0,1,43.66,0.00,1217146880,0,0
106.4551,235585536,617.7900,367.08,0,0,1,45.88,0.00,1217146880,0,0
106.4661,235585536,617.8300,363.50,0,0,1,45.44,0.00,1217146880,0,0
106.4774,235585536,617.8700,354.16,0,0,1,44.27,0.00,1217146880,0,0
106.4882,235585536,617.9100,369.83,0,0,1,46.23,0.00,1217146880,0,0
106.4992,235585536,617.9700,548.33,0,0,1,79.97,0.00,1217146880,0,0
106.5107,235585536,618.0300,522.80,0,0,1,65.35,0.00,1217146880,0,0
106.5215,235585536,618.0700,369.41,0,0,1,46.18,0.00,1217146880,0,0
106.5323,235585536,618.1100,370.75,0,0,1,46.34,0.00,1217146880,0,0
106.5435,235585536,618.1500,355.77,0,0,1,44.47,0.00,1217146880,0,0
106.5542,235585536,618.1900,375.75,0,0,1,46.97,0.00,1217146880,0,0
106.5650,235585536,618.2300,367.53,0,0,1,45.94,0.00,1217146880,0,0
106.5764,235585536,618.2700,350.71,0,0,1,43.84,0.00,1217146880,0,0
106.5873,235585536,618.3100,367.87,0,0,1,45.98,0.00,1217146880,0,0
106.5981,235585536,618.3500,370.13,0,0,1,46.27,0.00,1217146880,0,0
106.6090,235585536,618.3900,369.08,0,0,1,103.80,0.00,1217146880,0,0
106.6201,235585536,618.4700,720.25,0,0,1,45.02,0.00,1217146880,0,0
106.6309,235585536,618.5100,368.97,0,0,1,46.12,0.00,1217146880,0,0
106.6417,235585536,618.5500,370.84,0,0,1,46.35,0.00,1217146880,0,0
106.6526,235585536,618.5900,367.89,0,0,1,45.99,0.00,1217146880,0,0
106.6634,235585536,618.6300,368.37,0,0,1,46.05,0.00,1217146880,0,0
106.6745,235585536,618.6700,361.30,0,0,1,45.16,0.00,1217146880,0,0
106.6853,235585536,618.7100,370.47,0,0,1,46.31,0.00,1217146880,0,0
106.6960,235585536,618.7500,373.91,0,0,1,46.74,0.00,1217146880,0,0
106.7070,235585536,618.7900,362.99,0,0,1,45.37,0.00,1217146880,0,0
106.7178,235585536,618.8300,370.71,0,0,1,46.34,0.00,1217146880,0,0
106.7284,235585536,618.8700,376.79,0,0,1,47.10,0.00,1217146880,0,0
106.7391,235585536,618.9500,749.87,0,0,1,105.45,0.00,1217146880,0,0
106.7499,235585536,618.9900,368.72,0,0,1,46.09,0.00,1217146880,0,0
106.7607,235585536,619.0300,372.52,0,0,1,46.57,0.00,1217146880,0,0
106.7714,235855872,619.0700,371.91,0,0,1,34.87,0.00,1217404928,0,0
106.7821,236666880,619.0900,187.72,0,0,1,11.73,0.00,1217662976,0,0
106.7937,236666880,619.1100,172.90,0,0,1,0.00,0.00,1217921024,0,0
106.8194,236666880,619.2800,660.29,0,0,1,101.96,0.00,1218437120,0,0
106.8302,236666880,619.3600,739.83,0,0,1,92.48,0.00,1218437120,0,0
106.8408,236666880,619.4500,847.95,0,0,1,105.99,0.00,1218437120,0,0
106.8517,236666880,619.5300,735.53,0,0,1,91.94,0.00,1218437120,0,0
106.8625,236666880,619.6100,743.24,0,0,1,92.90,0.00,1218437120,0,0
106.8733,236666880,619.6900,741.67,0,0,1,92.71,0.00,1218437120,0,0
106.8840,236666880,619.7700,741.89,0,0,1,92.74,0.00,1218437120,0,0
106.9054,236666880,619.9300,749.32,0,0,1,93.66,0.00,1218437120,0,0
106.9163,236666880,620.0100,732.08,0,0,1,91.51,0.00,1218437120,0,0
106.9274,236666880,620.0900,719.72,0,0,1,89.96,0.00,1218437120,0,0
106.9382,236666880,620.1600,648.73,0,0,1,92.68,0.00,1218437120,0,0
106.9492,236666880,620.3000,1272.97,0,0,1,159.12,0.00,1218437120,0,0
106.9603,236666880,620.3900,810.76,0,0,1,112.61,0.00,1218437120,0,0
106.9710,236666880,620.4800,840.59,0,0,1,93.40,0.00,1218437120,0,0
106.9819,236666880,620.5600,737.04,0,0,1,92.13,0.00,1218437120,0,0
106.9941,236666880,620.6300,572.98,0,0,1,81.85,0.00,1218437120,0,0
107.0070,236666880,620.7200,700.43,0,0,1,77.83,0.00,1218437120,0,0
107.0178,236666880,620.7900,645.62,0,0,1,92.23,0.00,1218437120,0,0
107.0302,236666880,620.9500,1291.10,0,0,1,161.39,0.00,1218437120,0,0
107.0409,236666880,621.0300,743.24,0,0,1,92.91,0.00,1218437120,0,0
107.0519,236666880,621.1000,641.92,0,0,1,80.24,0.00,1218437120,0,0
107.0626,236666880,621.1900,834.25,0,0,1,104.28,0.00,1218437120,0,0
107.0744,236666880,621.2700,682.37,0,0,1,85.30,0.00,1218437120,0,0
107.0863,236666880,621.3500,670.18,0,0,1,83.77,0.00,1218437120,0,0
107.0974,236666880,621.4700,1084.35,0,0,1,169.43,0.00,1218437120,0,0
107.1136,236666880,621.5800,677.14,0,0,1,69.25,0.00,1218437120,0,0
107.1259,236666880,621.6600,650.01,0,0,1,81.25,0.00,1218437120,0,0
107.1372,236666880,621.7400,710.07,0,0,1,88.76,0.00,1218437120,0,0
107.1482,236666880,621.8200,729.51,0,0,1,91.19,0.00,1218437120,0,0
107.1608,236666880,621.9700,1190.28,0,0,1,158.70,0.00,1218437120,0,0
107.1717,236666880,622.0500,733.18,0,0,1,91.65,0.00,1218437120,0,0
107.1843,236666880,622.1300,633.19,0,0,1,79.15,0.00,1218437120,0,0
107.1952,236666880,622.2100,736.21,0,0,1,92.03,0.00,1218437120,0,0
107.2060,236666880,622.2900,741.22,0,0,1,92.65,0.00,1218437120,0,0
107.2169,236666880,622.3700,733.37,0,0,1,91.67,0.00,1218437120,0,0
107.2278,236666880,622.4500,730.44,0,0,1,91.30,0.00,1218437120,0,0
107.2386,236666880,622.5300,740.97,0,0,1,92.62,0.00,1218437120,0,0
107.2525,236666880,622.6900,1151.37,0,0,1,143.92,0.00,1218437120,0,0
107.2635,236666880,622.7600,638.24,0,0,1,91.18,0.00,1218437120,0,0
107.2750,236666880,622.8400,693.45,0,0,1,86.68,0.00,1218437120,0,0
107.2877,236666880,622.9300,710.72,0,0,1,78.97,0.00,1218437120,0,0
107.2988,236666880,623.0400,991.37,0,0,1,146.45,0.00,1218437120,0,0
107.3102,236666880,623.1600,1052.08,0,0,1,120.55,0.00,1218437120,0,0
107.3210,236666880,623.2300,644.94,0,0,1,92.13,0.00,1218437120,0,0
107.3319,236666880,623.3200,831.90,0,0,1,92.43,0.00,1218437120,0,0
107.3431,236666880,623.3900,620.21,0,0,1,88.60,0.00,1218437120,0,0
107.3542,236666880,623.4800,816.28,0,0,1,90.70,0.00,1218437120,0,0
107.3652,236666880,623.5600,722.97,0,0,1,90.37,0.00,1218437120,0,0
107.3766,236666880,623.7000,1232.25,0,0,1,165.03,0.00,1218437120,0,0
107.3934,236666880,623.7900,537.10,0,0,1,67.14,0.00,1218437120,0,0
107.4043,236666880,623.8700,732.42,0,0,1,91.55,0.00,1218437120,0,0
107.4178,236666880,623.9500,590.00,0,0,1,73.75,0.00,1218437120,0,0
107.4287,236666880,624.0300,733.28,0,0,1,91.66,0.00,1218437120,0,0
107.4398,236666880,624.1800,1358.12,0,0,1,181.08,0.00,1218437120,0,0
107.4508,236666880,624.2500,634.61,0,0,1,79.33,0.00,1218437120,0,0
107.4670,236666880,624.3400,556.22,0,0,1,69.53,0.00,1218437120,0,0
107.4780,236666880,624.4200,726.09,0,0,1,90.76,0.00,1218437120,0,0
107.4889,236666880,624.5100,828.44,0,0,1,92.05,0.00,1218437120,0,0
107.5023,236666880,624.6600,1118.12,0,0,1,149.08,0.00,1218437120,0,0
107.5132,236666880,624.7400,736.58,0,0,1,92.07,0.00,1218437120,0,0
107.5239,236666880,624.8200,742.21,0,0,1,92.78,0.00,1218437120,0,0
107.5372,236666880,624.9000,602.45,0,0,1,75.31,0.00,1218437120,0,0
107.5487,236666880,624.9800,699.59,0,0,1,142.10,0.00,1218437120,0,0
107.5601,236666880,625.1200,1224.16,0,0,1,109.30,0.00,1218437120,0,0
107.5725,236666880,625.2100,722.42,0,0,1,90.30,0.00,1218437120,0,0
107.5920,236666880,625.3700,823.31,0,0,1,102.91,0.00,1218437120,0,0
107.6030,236666880,625.4500,728.49,0,0,1,91.06,0.00,1218437120,0,0
107.6186,236666880,625.5300,511.69,0,0,1,63.96,0.00,1218437120,0,0
107.6294,236666880,625.6800,1382.61,0,0,1,184.35,0.00,1218437120,0,0
107.6438,236666880,625.7700,625.53,0,0,1,69.50,0.00,1218437120,0,0
107.6547,236666880,625.8400,641.48,0,0,1,91.64,0.00,1218437120,0,0
107.6657,236666880,625.9200,732.02,0,0,1,91.50,0.00,1218437120,0,0
107.6767,236666880,626.0100,812.61,0,0,1,90.29,0.00,1218437120,0,0
107.6876,236666880,626.0800,643.34,0,0,1,91.91,0.00,1218437120,0,0
107.6998,236666880,626.2200,1146.48,0,0,1,153.55,0.00,1218437120,0,0
107.7109,236666880,626.3100,812.48,0,0,1,101.56,0.00,1218437120,0,0
107.7270,236666880,626.3900,497.32,0,0,1,62.16,0.00,1218437120,0,0
107.7379,236666880,626.4700,731.32,0,0,1,91.41,0.00,1218437120,0,0
107.7513,236666880,626.6300,1196.62,0,0,1,149.58,0.00,1218437120,0,0
107.7648,236666880,626.7000,520.73,0,0,1,74.39,0.00,1218437120,0,0
107.7784,236666880,626.7900,660.57,0,0,1,73.40,0.00,1218437120,0,0
107.7894,236666880,626.9200,1179.73,0,0,1,170.15,0.00,1218437120,0,0
107.8004,236666880,627.0100,821.72,0,0,1,102.71,0.00,1218437120,0,0
107.8116,236666880,627.0900,708.86,0,0,1,88.61,0.00,1218437120,0,0
107.8244,236666880,627.1700,629.16,0,0,1,78.65,0.00,1218437120,0,0
107.8354,236666880,627.2500,722.51,0,0,1,90.31,0.00,1218437120,0,0
107.8464,236666880,627.3300,731.54,0,0,1,91.44,0.00,1218437120,0,0
107.8594,236666880,627.4900,1227.12,0,0,1,153.39,0.00,1218437120,0,0
107.8703,236666880,627.5700,732.55,0,0,1,91.57,0.00,1218437120,0,0
107.8814,236666880,627.6500,725.12,0,0,1,90.64,0.00,1218437120,0,0
107.8939,236666880,627.7300,636.73,0,0,1,79.59,0.00,1218437120,0,0
107.9050,236666880,627.8100,719.83,0,0,1,89.98,0.00,1218437120,0,0
107.9160,236666880,627.8900,730.97,0,0,1,91.37,0.00,1218437120,0,0
107.9277,236666880,627.9700,680.86,0,0,1,85.11,0.00,1218437120,0,0
107.9386,236666880,628.0500,738.31,0,0,1,92.29,0.00,1218437120,0,0
107.9494,236666880,628.1800,1200.72,0,0,1,161.63,0.00,1218437120,0,0
107.9601,236666880,628.2800,931.78,0,0,1,116.47,0.00,1218437120,0,0
107.9709,236666880,628.3600,740.50,0,0,1,92.56,0.00,1218437120,0,0
107.9819,236666880,628.4400,726.47,0,0,1,90.81,0.00,1218437120,0,0
107.9931,236666880,628.5200,714.59,0,0,1,89.32,0.00,1218437120,0,0
108.0040,236666880,628.6000,733.76,0,0,1,91.72,0.00,1218437120,0,0
108.0164,236666880,628.6800,645.20,0,0,1,80.65,0.00,1218437120,0,0
108.0275,236666880,628.7600,725.51,0,0,1,90.69,0.00,1218437120,0,0
108.0384,236666880,628.8400,730.45,0,0,1,91.31,0.00,1218437120,0,0
108.0494,236666880,628.9600,1095.60,0,0,1,148.36,0.00,1218437120,0,0
108.0601,236666880,629.0700,1021.10,0,0,1,127.64,0.00,1218437120,0,0
108.0710,236666880,629.1500,734.29,0,0,1,91.79,0.00,1218437120,0,0
108.0819,236666880,629.2200,641.41,0,0,1,80.18,0.00,1218437120,0,0
108.0948,236666880,629.3100,701.60,0,0,1,87.70,0.00,1218437120,0,0
108.1056,236666880,629.3900,735.77,0,0,1,91.97,0.00,1218437120,0,0
108.1180,236666880,629.4700,647.40,0,0,1,80.93,0.00,1218437120,0,0
108.1290,236666880,629.6100,1275.09,0,0,1,170.77,0.00,1218437120,0,0
108.1402,236666880,629.6800,623.46,0,0,1,89.07,0.00,1218437120,0,0
108.1513,236666880,629.7700,811.43,0,0,1,90.16,0.00,1218437120,0,0
108.1631,236666880,629.8600,761.59,0,0,1,95.20,0.00,1218437120,0,0
108.1741,236666880,629.9400,729.98,0,0,1,91.25,0.00,1218437120,0,0
108.1851,236666880,630.0100,636.72,0,0,1,79.59,0.00,1218437120,0,0
108.1962,236666880,630.1000,810.39,0,0,1,101.30,0.00,1218437120,0,0
108.2075,236666880,630.1800,706.65,0,0,1,88.33,0.00,1218437120,0,0
108.2187,236666880,630.3300,1343.01,0,0,1,179.07,0.00,1218437120,0,0
108.2329,236666880,630.4000,492.26,0,0,1,70.32,0.00,1218437120,0,0
108.2441,236666880,630.4900,803.23,0,0,1,89.25,0.00,1218437120,0,0
108.2560,236666880,630.5600,586.47,0,0,1,83.78,0.00,1218437120,0,0
108.2685,236666880,630.6600,798.95,0,0,1,79.89,0.00,1218437120,0,0
108.2796,236666880,630.7900,1180.86,0,0,1,170.32,0.00,1218437120,0,0
108.2921,236666880,630.8900,799.54,0,0,1,89.95,0.00,1218437120,0,0
108.3034,236666880,630.9700,703.15,0,0,1,87.89,0.00,1218437120,0,0
108.3167,236666880,631.0500,605.40,0,0,1,75.68,0.00,1218437120,0,0
108.3276,236666880,631.1300,729.12,0,0,1,91.14,0.00,1218437120,0,0
108.3386,236666880,631.2800,1361.79,0,0,1,181.57,0.00,1218437120,0,0
108.3540,236666880,631.3600,522.45,0,0,1,65.31,0.00,1218437120,0,0
108.3694,236666880,631.4900,840.98,0,0,1,113.21,0.00,1218437120,0,0
108.3804,236666880,631.5800,820.92,0,0,1,102.61,0.00,1218437120,0,0
108.3934,236666880,631.6700,691.28,0,0,1,86.41,0.00,1218437120,0,0
108.4044,236666880,631.7600,816.30,0,0,1,90.70,0.00,1218437120,0,0
108.4165,236666880,631.8300,578.85,0,0,1,82.69,0.00,1218437120,0,0
108.4272,236666880,631.9100,746.00,0,0,1,93.25,0.00,1218437120,0,0
108.4380,236666880,631.9900,745.12,0,0,1,93.14,0.00,1218437120,0,0
108.4489,236666880,632.0700,733.13,0,0,1,91.64,0.00,1218437120,0,0
108.4598,236666880,632.2200,1380.39,0,0,1,184.05,0.00,1218437120,0,0
108.4733,236666880,632.3000,590.82,0,0,1,73.85,0.00,1218437120,0,0
108.4842,236666880,632.3800,730.98,0,0,1,91.37,0.00,1218437120,0,0
108.4951,236666880,632.4600,735.51,0,0,1,91.94,0.00,1218437120,0,0
108.5060,236666880,632.5400,737.04,0,0,1,92.13,0.00,1218437120,0,0
108.5171,236666880,632.6200,718.13,0,0,1,89.77,0.00,1218437120,0,0
108.5282,236666880,632.7600,1257.73,0,0,1,168.45,0.00,1218437120,0,0
108.5409,236666880,632.8500,708.48,0,0,1,88.56,0.00,1218437120,0,0
108.5518,236666880,632.9300,734.50,0,0,1,91.81,0.00,1218437120,0,0
108.5627,236666880,633.0100,737.78,0,0,1,92.22,0.00,1218437120,0,0
108.5759,236666880,633.1600,1131.36,0,0,1,150.85,0.00,1218437120,0,0
108.5944,236666880,633.2400,433.41,0,0,1,54.18,0.00,1218437120,0,0
108.6071,236666880,633.3300,708.67,0,0,1,78.74,0.00,1218437120,0,0
108.6180,236666880,633.4000,641.15,0,0,1,91.59,0.00,1218437120,0,0
108.6303,236666880,633.5500,1223.02,0,0,1,163.07,0.00,1218437120,0,0
108.6441,236666880,633.6400,649.15,0,0,1,72.13,0.00,1218437120,0,0
108.6550,236666880,633.7200,733.76,0,0,1,91.72,0.00,1218437120,0,0
108.6665,236666880,633.8600,1220.60,0,0,1,174.37,0.00,1218437120,0,0
108.6825,236666880,633.9500,563.58,0,0,1,62.62,0.00,1218437120,0,0
108.6934,236666880,634.0300,734.64,0,0,1,91.83,0.00,1218437120,0,0
108.7042,236666880,634.1100,736.10,0,0,1,92.01,0.00,1218437120,0,0
108.7150,236666880,634.1900,741.48,0,0,1,92.69,0.00,1218437120,0,0
108.7257,236666880,634.2700,747.82,0,0,1,93.48,0.00,1218437120,0,0
108.7364,236666880,634.3500,747.82,0,0,1,93.48,0.00,1218437120,0,0
108.7472,236666880,634.4300,741.18,0,0,1,92.65,0.00,1218437120,0,0
108.7595,236666880,634.5700,1143.69,0,0,1,153.17,0.00,1218437120,0,0
108.7716,236666880,634.6500,658.88,0,0,1,82.36,0.00,1218437120,0,0
108.7824,236666880,634.7400,833.64,0,0,1,104.21,0.00,1218437120,0,0
108.7938,236666880,634.8200,704.36,0,0,1,88.05,0.00,1218437120,0,0
108.8046,236666880,634.9000,739.95,0,0,1,92.49,0.00,1218437120,0,0
108.8153,236666880,634.9800,742.14,0,0,1,92.77,0.00,1218437120,0,0
108.8263,236666880,635.0600,730.53,0,0,1,91.32,0.00,1218437120,0,0
108.8370,236666880,635.1400,747.90,0,0,1,93.49,0.00,1218437120,0,0
108.8479,236666880,635.2200,730.38,0,0,1,91.30,0.00,1218437120,0,0
108.8592,236666880,635.3600,1249.59,0,0,1,167.36,0.00,1218437120,0,0
108.8701,236666880,635.4500,825.46,0,0,1,103.18,0.00,1218437120,0,0
108.8811,236666880,635.5300,725.59,0,0,1,90.70,0.00,1218437120,0,0
108.8928,236666880,635.6100,681.01,0,0,1,85.13,0.00,1218437120,0,0
108.9037,236666880,635.6900,733.53,0,0,1,91.69,0.00,1218437120,0,0
108.9148,236666880,635.7700,719.86,0,0,1,89.98,0.00,1218437120,0,0
108.9259,236666880,635.8500,724.65,0,0,1,90.58,0.00,1218437120,0,0
108.9367,236666880,635.9400,830.48,0,0,1,92.28,0.00,1218437120,0,0
108.9479,236666880,636.0100,625.63,0,0,1,89.38,0.00,1218437120,0,0
108.9595,236666880,636.1600,1298.74,0,0,1,173.17,0.00,1218437120,0,0
108.9708,236666880,636.2300,618.32,0,0,1,77.29,0.00,1218437120,0,0
108.9821,236666880,636.3200,798.37,0,0,1,99.80,0.00,1218437120,0,0
108.9940,236666880,636.4000,669.21,0,0,1,83.65,0.00,1218437120,0,0
109.0050,236666880,636.4800,730.99,0,0,1,91.37,0.00,1218437120,0,0
109.0160,236666880,636.5600,727.35,0,0,1,90.92,0.00,1218437120,0,0
109.0314,236666880,636.7100,968.33,0,0,1,129.11,0.00,1218437120,0,0
109.0429,236666880,636.7900,696.06,0,0,1,87.01,0.00,1218437120,0,0
109.0540,236666880,636.8700,725.34,0,0,1,90.67,0.00,1218437120,0,0
109.0650,236666880,636.9500,722.12,0,0,1,90.26,0.00,1218437120,0,0
109.0760,236666880,637.0300,728.26,0,0,1,91.03,0.00,1218437120,0,0
109.0881,236666880,637.1100,664.09,0,0,1,83.01,0.00,1218437120,0,0
109.0991,236666880,637.2500,1267.21,0,0,1,169.72,0.00,1218437120,0,0
109.1101,236666880,637.3400,823.38,0,0,1,102.92,0.00,1218437120,0,0
109.1212,236666880,637.4200,715.23,0,0,1,89.40,0.00,1218437120,0,0
109.1351,236666880,637.5000,575.68,0,0,1,71.96,0.00,1218695168,0,0
109.1461,236666880,637.5800,731.08,0,0,1,91.39,0.00,1218695168,0,0
109.1569,236666880,637.6600,737.01,0,0,1,92.13,0.00,1218695168,0,0
109.1693,236666880,637.8000,1134.07,0,0,1,151.88,0.00,1218695168,0,0
109.1801,236666880,637.9000,923.87,0,0,1,103.94,0.00,1218695168,0,0
109.1910,236666880,637.9700,644.86,0,0,1,92.12,0.00,1218695168,0,0
109.2017,236666880,638.0600,837.89,0,0,1,93.10,0.00,1218695168,0,0
109.2136,236666880,638.1400,671.48,0,0,1,83.93,0.00,1218695168,0,0
109.2250,236666880,638.2200,703.00,0,0,1,87.87,0.00,1218695168,0,0
109.2359,236666880,638.2900,642.68,0,0,1,91.81,0.00,1218695168,0,0
109.2469,236666880,638.3700,727.98,0,0,1,159.24,0.00,1218695168,0,0
109.2598,236666880,638.5200,1157.87,0,0,1,96.49,0.00,1218695168,0,0
109.2751,236666880,638.6100,589.53,0,0,1,65.50,0.00,1218695168,0,0
109.2887,236666880,638.6900,589.44,0,0,1,73.68,0.00,1218695168,0,0
109.2996,236666880,638.8400,1375.83,0,0,1,183.44,0.00,1218695168,0,0
109.3129,236666880,638.9200,600.65,0,0,1,75.08,0.00,1218695168,0,0
109.3244,236666880,639.0000,694.98,0,0,1,86.87,0.00,1218695168,0,0
109.3354,236666880,639.0800,727.84,0,0,1,90.98,0.00,1218695168,0,0
109.3463,236666880,639.1600,736.31,0,0,1,92.04,0.00,1218695168,0,0
109.3570,236666880,639.2400,742.33,0,0,1,92.79,0.00,1218695168,0,0
109.3678,236666880,639.3200,742.39,0,0,1,92.80,0.00,1218695168,0,0
109.3787,236666880,639.4000,736.45,0,0,1,92.06,0.00,1218695168,0,0
109.3897,236666880,639.5300,1182.50,0,0,1,159.18,0.00,1218695168,0,0
109.4007,236666880,639.6300,909.57,0,0,1,113.70,0.00,1218695168,0,0
109.4115,236666880,639.7100,735.52,0,0,1,91.94,0.00,1218695168,0,0
109.4236,236666880,639.7900,664.21,0,0,1,83.03,0.00,1218695168,0,0
109.4367,236666880,639.8700,608.85,0,0,1,76.11,0.00,1218695168,0,0
109.4479,236666880,639.9500,717.79,0,0,1,89.72,0.00,1218695168,0,0
109.4593,236666880,640.0900,1227.77,0,0,1,164.43,0.00,1218695168,0,0
109.4701,236666880,640.1700,738.44,0,0,1,92.31,0.00,1218695168,0,0
109.4814,236666880,640.2600,793.22,0,0,1,99.15,0.00,1218695168,0,0
109.4927,236666880,640.3200,535.09,0,0,1,66.89,0.00,1218695168,0,0
109.5062,236666880,640.4300,813.85,0,0,1,92.48,0.00,1218695168,0,0
109.5199,236666880,640.5800,1093.51,0,0,1,145.80,0.00,1218695168,0,0
109.5322,236666880,640.6400,486.36,0,0,1,70.93,0.00,1218695168,0,0
109.5494,236666880,640.7700,758.47,0,0,1,102.10,0.00,1218695168,0,0
109.5607,236666880,640.8500,708.55,0,0,1,88.57,0.00,1218695168,0,0
109.5717,236666880,640.9600,998.13,0,0,1,113.42,0.00,1218695168,0,0
109.5827,236666880,641.0400,727.97,0,0,1,102.37,0.00,1218695168,0,0
109.5936,236666880,641.1200,730.14,0,0,1,91.27,0.00,1218695168,0,0
109.6049,236666880,641.2700,1325.47,0,0,1,176.73,0.00,1218695168,0,0
109.6211,236666880,641.3600,556.42,0,0,1,61.82,0.00,1218695168,0,0
109.6375,236666880,641.4400,487.33,0,0,1,60.92,0.00,1218695168,0,0
109.6485,236666880,641.5200,730.90,0,0,1,91.36,0.00,1218695168,0,0
109.6594,236666880,641.6500,1189.07,0,0,1,171.50,0.00,1218695168,0,0
109.6705,236666880,641.7300,723.63,0,0,1,90.45,0.00,1218695168,0,0
109.6837,236666880,641.8100,606.69,0,0,1,75.84,0.00,1218695168,0,0
109.7002,236666880,641.9700,964.98,0,0,1,120.62,0.00,1218695168,0,0
109.7115,236666880,642.0600,801.13,0,0,1,100.14,0.00,1218695168,0,0
109.7225,236666880,642.1400,723.76,0,0,1,90.47,0.00,1218695168,0,0
109.7384,236666880,642.2300,566.07,0,0,1,62.90,0.00,1218695168,0,0
109.7494,236666880,642.3500,1091.90,0,0,1,159.24,0.00,1218695168,0,0
109.7604,236666880,642.4300,727.23,0,0,1,79.54,0.00,1218695168,0,0
109.7718,236666880,642.5200,791.57,0,0,1,87.95,0.00,1218695168,0,0
109.7837,236666880,642.6100,752.90,0,0,1,94.11,0.00,1218695168,0,0
109.7948,236666880,642.6800,634.77,0,0,1,79.35,0.00,1218695168,0,0
109.8081,236666880,642.7900,825.40,0,0,1,84.42,0.00,1218695168,0,0
109.8191,236666880,642.8700,725.49,0,0,1,147.36,0.00,1218695168,0,0
109.8306,236666880,642.9600,786.02,0,0,1,109.17,0.00,1218695168,0,0
109.8423,236666880,643.0400,681.75,0,0,1,85.22,0.00,1218695168,0,0
109.8533,236666880,643.1100,636.00,0,0,1,90.86,0.00,1218695168,0,0
109.8644,236666880,643.1900,721.44,0,0,1,90.18,0.00,1218695168,0,0
109.8754,236666880,643.2700,724.64,0,0,1,101.90,0.00,1218695168,0,0
109.8879,236666880,643.3600,721.93,0,0,1,80.21,0.00,1218695168,0,0
109.8996,236666880,643.4200,512.89,0,0,1,128.22,0.00,1218695168,0,0
109.9106,236666880,643.5300,1003.67,0,0,1,114.05,0.00,1218695168,0,0
109.9219,236666880,643.6100,708.57,0,0,1,99.64,0.00,1218695168,0,0
109.9330,236666880,643.6800,629.67,0,0,1,78.71,0.00,1218695168,0,0
109.9452,236666880,643.7900,901.54,0,0,1,102.45,0.00,1218695168,0,0
109.9588,236666880,643.9200,951.36,0,0,1,128.07,0.00,1218695168,0,0
109.9710,236666880,644.0200,825.38,0,0,1,103.17,0.00,1218695168,0,0
109.9820,236666880,644.0900,633.33,0,0,1,79.17,0.00,1218695168,0,0
109.9969,236666880,644.1900,671.17,0,0,1,75.51,0.00,1218695168,0,0
110.0143,236666880,644.3500,920.64,0,0,1,115.08,0.00,1218695168,0,0
110.0256,236666880,644.4700,1059.19,0,0,1,165.50,0.00,1218695168,0,0
110.0444,236666880,644.5700,533.16,0,0,1,59.98,0.00,1218695168,0,0
110.0593,236666880,644.6600,603.95,0,0,1,125.82,0.00,1218695168,0,0
110.0704,236666880,644.7300,631.60,0,0,1,90.23,0.00,1218695168,0,0
110.0818,236666880,644.8200,783.09,0,0,1,97.89,0.00,1218695168,0,0
110.0976,236666880,644.8900,444.81,0,0,1,63.54,0.00,1218695168,0,0
110.1099,236666880,645.0300,1135.68,0,0,1,152.10,0.00,1218695168,0,0
110.1209,236666880,645.1200,821.99,0,0,1,102.75,0.00,1218695168,0,0
110.1318,236666880,645.2000,728.67,0,0,1,91.08,0.00,1218695168,0,0
110.1427,236666880,645.2800,734.35,0,0,1,91.79,0.00,1218695168,0,0
110.1539,236666880,645.3600,717.86,0,0,1,89.73,0.00,1218695168,0,0
110.1686,236666880,645.4400,544.42,0,0,1,68.05,0.00,1218695168,0,0
110.1809,236666880,645.5700,1058.02,0,0,1,142.43,0.00,1218695168,0,0
110.1919,236666880,645.6700,903.32,0,0,1,112.92,0.00,1218695168,0,0
110.2032,236666880,645.7500,712.27,0,0,1,89.03,0.00,1218695168,0,0
110.2141,236666880,645.8300,728.98,0,0,1,91.12,0.00,1218695168,0,0
110.2254,236666880,645.9100,711.30,0,0,1,88.91,0.00,1218695168,0,0
110.2364,236666880,646.0000,820.11,0,0,1,91.12,0.00,1218695168,0,0
110.2475,236666880,646.0700,629.83,0,0,1,89.98,0.00,1218695168,0,0
110.2585,236666880,646.1500,724.44,0,0,1,90.56,0.00,1218695168,0,0
110.2704,236666880,646.2900,1181.89,0,0,1,158.29,0.00,1218695168,0,0
110.2825,236666880,646.3800,740.96,0,0,1,82.33,0.00,1218695168,0,0
110.2936,236666880,646.4700,812.69,0,0,1,101.59,0.00,1218695168,0,0
110.3045,236666880,646.5500,730.09,0,0,1,91.26,0.00,1218695168,0,0
110.3156,236666880,646.6200,631.90,0,0,1,90.27,0.00,1218695168,0,0
110.3266,236666880,646.7400,1094.13,0,0,1,148.16,0.00,1218695168,0,0
110.3409,236666880,646.8500,766.77,0,0,1,95.85,0.00,1218695168,0,0
110.3518,236666880,646.9400,827.53,0,0,1,91.95,0.00,1218695168,0,0
110.3628,236666880,647.0100,638.17,0,0,1,91.17,0.00,1218695168,0,0
110.3783,236666880,647.0900,515.04,0,0,1,64.38,0.00,1218695168,0,0
110.3892,236666880,647.2300,1283.80,0,0,1,160.47,0.00,1218695168,0,0
110.4052,236666880,647.3200,563.83,0,0,1,62.65,0.00,1218695168,0,0
110.4210,236666880,647.4500,820.07,0,0,1,110.39,0.00,1218695168,0,0
110.4369,236666880,647.5700,753.75,0,0,1,78.52,0.00,1218695168,0,0
110.4481,236666880,647.6600,808.59,0,0,1,101.07,0.00,1218695168,0,0
110.4610,236666880,647.7900,1002.20,0,0,1,144.55,0.00,1218695168,0,0
110.4723,236666880,647.8700,712.24,0,0,1,89.03,0.00,1218695168,0,0
110.4834,236666880,647.9600,808.48,0,0,1,101.06,0.00,1218695168,0,0
110.4965,236666880,648.0500,688.16,0,0,1,76.46,0.00,1218695168,0,0
110.5081,236666880,648.1200,603.79,0,0,1,86.26,0.00,1218695168,0,0
110.5191,236666880,648.2300,995.19,0,0,1,169.63,0.00,1218695168,0,0
110.5327,236666880,648.3600,961.49,0,0,1,83.21,0.00,1218695168,0,0
110.5453,236666880,648.4300,552.52,0,0,1,78.93,0.00,1216593920,0,0
110.5565,236666880,648.5100,713.07,0,0,1,89.13,0.00,1216593920,0,0
110.5711,236666880,648.6400,893.59,0,0,1,128.88,0.00,1216593920,0,0
110.5821,236666880,648.7300,817.77,0,0,1,102.22,0.00,1216593920,0,0
110.5932,236666880,648.7900,542.86,0,0,1,90.48,0.00,1216593920,0,0
110.6083,236666880,648.9000,728.07,0,0,1,57.91,0.00,1216593920,0,0
110.6197,236666880,649.0100,960.34,0,0,1,141.87,0.00,1216593920,0,0
110.6355,236666880,649.1300,758.01,0,0,1,86.86,0.00,1216593920,0,0
110.6512,236666880,649.2500,767.70,0,0,1,119.95,0.00,1216593920,0,0
110.6629,236666880,649.3400,764.77,0,0,1,74.35,0.00,1216593920,0,0
110.6758,236666880,649.4400,780.67,0,0,1,97.58,0.00,1216593920,0,0
110.6873,236666880,649.5300,777.61,0,0,1,86.40,0.00,1216593920,0,0
110.6985,236666880,649.6000,628.88,0,0,1,89.84,0.00,1216593920,0,0
110.7096,236666880,649.7200,1079.59,0,0,1,146.19,0.00,1216593920,0,0
110.7228,236666880,649.8300,833.38,0,0,1,85.23,0.00,1216593920,0,0
110.7338,236666880,649.9100,726.68,0,0,1,102.19,0.00,1216593920,0,0
110.7465,236666880,649.9900,627.13,0,0,1,78.39,0.00,1216593920,0,0
110.7598,236666880,650.1300,1053.65,0,0,1,141.11,0.00,1216593920,0,0
110.7708,236666880,650.2100,729.88,0,0,1,91.23,0.00,1216593920,0,0
110.7848,236666880,650.3000,642.71,0,0,1,71.41,0.00,1216593920,0,0
110.7958,236666880,650.3800,723.52,0,0,1,90.44,0.00,1216593920,0,0
110.8078,236666880,650.4800,838.77,0,0,1,94.36,0.00,1216593920,0,0
110.8240,236666880,650.6100,801.19,0,0,1,107.85,0.00,1216593920,0,0
110.8405,236666880,650.7500,848.64,0,0,1,113.66,0.00,1216593920,0,0
110.8566,236666880,650.8500,620.23,0,0,1,77.53,0.00,1216593920,0,0
110.8696,236666880,650.9700,925.66,0,0,1,134.99,0.00,1216593920,0,0
110.8814,236666880,651.0600,763.03,0,0,1,95.38,0.00,1216593920,0,0
110.8990,236666880,651.2000,794.10,0,0,1,106.35,0.00,1216593920,0,0
110.9218,236666880,651.3800,788.21,0,0,1,98.53,0.00,1216593920,0,0
110.9329,236666880,651.4300,452.79,0,0,1,90.56,0.00,1216593920,0,0
110.9565,236666880,651.6000,718.96,0,0,1,84.58,0.00,1216593920,0,0
110.9738,236666880,651.7600,925.12,0,0,1,115.64,0.00,1216593920,0,0
110.9982,236666880,651.9000,573.88,0,0,1,81.98,0.00,1216593920,0,0
111.0169,236666880,652.0900,1016.21,0,0,1,106.97,0.00,1216593920,0,0
111.0308,236666880,652.1700,575.95,0,0,1,116.99,0.00,1216593920,0,0
111.0428,236666880,652.4600,2411.88,0,0,1,301.48,0.00,1216593920,0,0
111.0826,236666880,652.6000,351.75,0,0,1,37.69,0.00,1216593920,0,0
111.0942,236666880,652.7400,1208.15,0,0,1,172.59,0.00,1216593920,0,0
111.1158,236666880,652.8400,462.38,0,0,1,57.80,0.00,1216593920,0,0
111.1342,236666880,652.9900,817.18,0,0,1,108.96,0.00,1216593920,0,0
111.1493,236666880,653.1200,860.44,0,0,1,107.56,0.00,1216593920,0,0
111.1691,236666880,653.2600,705.82,0,0,1,100.83,0.00,1216593920,0,0
111.1914,236666880,653.4400,810.14,0,0,1,95.64,0.00,1216593920,0,0
111.2025,236666880,653.5100,629.54,0,0,1,67.45,0.00,1216593920,0,0
111.2214,236666880,653.6500,740.07,0,0,1,99.12,0.00,1216593920,0,0
111.2362,236666880,653.8200,1151.57,0,0,1,143.95,0.00,1216593920,0,0
111.2630,236666880,653.9800,596.12,0,0,1,74.52,0.00,1216593920,0,0
111.2796,236666880,654.1100,785.31,0,0,1,98.16,0.00,1216593920,0,0
111.2923,236666880,654.1900,627.39,0,0,1,88.23,0.00,1216593920,0,0
111.3072,236666880,654.3100,804.45,0,0,1,75.42,0.00,1216593920,0,0
111.3197,236666880,654.4400,1046.09,0,0,1,140.82,0.00,1216593920,0,0
111.3307,236666880,654.5300,813.31,0,0,1,101.66,0.00,1216593920,0,0
111.3517,236666880,654.7000,809.64,0,0,1,101.20,0.00,1216593920,0,0
111.3677,236666880,654.7700,437.92,0,0,1,54.74,0.00,1216593920,0,0
111.3837,236666880,654.9200,935.64,0,0,1,109.16,0.00,1216593920,0,0
111.4037,236666880,655.0800,799.47,0,0,1,99.93,0.00,1216593920,0,0
111.4198,236666880,655.2100,811.84,0,0,1,101.48,0.00,1216593920,0,0
111.4326,236666880,655.2900,622.09,0,0,1,68.04,0.00,1216593920,0,0
111.4471,236666880,655.4100,829.89,0,0,1,146.96,0.00,1216593920,0,0
111.4716,236666880,655.6300,896.53,0,0,1,91.69,0.00,1216593920,0,0
111.4876,236666880,655.7400,689.44,0,0,1,62.68,0.00,1216593920,0,0
111.4995,236666880,655.8400,837.06,0,0,1,146.49,0.00,1216593920,0,0
111.5142,236666880,655.9500,746.87,0,0,1,84.87,0.00,1216593920,0,0
111.5253,236666880,656.0200,635.19,0,0,1,79.40,0.00,1216593920,0,0
111.5485,236666880,656.1800,687.92,0,0,1,91.36,0.00,1216593920,0,0
111.5640,236666880,656.3600,1164.01,0,0,1,161.67,0.00,1216593920,0,0
111.5901,236666880,656.5500,726.76,0,0,1,86.06,0.00,1216593920,0,0
111.6045,236666880,656.6300,555.32,0,0,1,60.74,0.00,1216593920,0,0
111.6260,236666880,656.8100,838.06,0,0,1,104.76,0.00,1216593920,0,0
111.6418,236666880,656.9400,823.71,0,0,1,110.88,0.00,1216593920,0,0
111.6528,236666880,657.0300,820.06,0,0,1,91.12,0.00,1216593920,0,0
111.6666,236666880,657.1200,650.87,0,0,1,81.36,0.00,1216593920,0,0
111.6778,236666880,657.1900,627.56,0,0,1,78.44,0.00,1216593920,0,0
111.6958,236666880,657.3600,939.85,0,0,1,117.48,0.00,1216593920,0,0
111.7094,236666880,657.4600,736.06,0,0,1,110.41,0.00,1216593920,0,0
111.7204,236666880,657.5700,1006.53,0,0,1,125.82,0.00,1216593920,0,0
111.7376,236666880,657.6700,579.82,0,0,1,65.23,0.00,1216593920,0,0
111.7559,236666880,657.8200,819.96,0,0,1,109.33,0.00,1216593920,0,0
111.7728,236666880,657.9800,946.29,0,0,1,118.29,0.00,1216593920,0,0
111.7887,236666880,658.0700,565.54,0,0,1,102.11,0.00,1216593920,0,0
111.8102,236666880,658.2700,931.73,0,0,1,93.17,0.00,1216593920,0,0
111.8239,236666880,658.3700,729.20,0,0,1,91.15,0.00,1216593920,0,0
111.8442,236666880,658.5400,837.33,0,0,1,98.51,0.00,1216593920,0,0
111.8599,236666880,658.6600,765.77,0,0,1,111.67,0.00,1216593920,0,0
111.8800,236666880,658.8200,796.14,0,0,1,93.30,0.00,1216593920,0,0
111.8997,236666880,658.9600,710.75,0,0,1,82.50,0.00,1216593920,0,0
111.9111,236666880,659.0600,875.12,0,0,1,87.51,0.00,1216593920,0,0
111.9305,236666880,659.2100,773.98,0,0,1,90.30,0.00,1216593920,0,0
111.9519,236666880,659.3700,745.66,0,0,1,110.68,0.00,1216593920,0,0
111.9731,236666880,659.5400,803.32,0,0,1,94.51,0.00,1216593920,0,0
111.9892,236666880,659.6800,867.06,0,0,1,116.12,0.00,1216593920,0,0
112.0006,236666880,659.7600,706.71,0,0,1,88.34,0.00,1216593920,0,0
112.0167,236666880,659.8700,679.60,0,0,1,69.50,0.00,1216593920,0,0
112.0294,236666880,659.9700,789.77,0,0,1,108.59,0.00,1216593920,0,0
112.0539,236937216,660.1500,734.51,0,0,1,96.91,0.00,1216851968,0,0
112.0650,236937216,660.2300,721.93,0,0,1,90.24,0.00,1216851968,0,0
112.0761,236937216,660.3000,632.92,0,0,1,79.12,0.00,1216851968,0,0
112.0878,236937216,660.3600,510.16,0,0,1,74.40,0.00,1216851968,0,0
112.0988,237477888,660.4400,725.71,0,0,1,136.07,0.00,1217110016,0,0
112.1102,237748224,660.5400,878.63,0,0,1,76.88,0.00,1217110016,0,0
112.1213,237748224,660.5800,362.31,0,0,1,45.29,0.00,1217110016,0,0
112.1323,237748224,660.6200,362.26,0,0,1,56.60,0.00,1217110016,0,0
112.1434,237748224,660.6600,359.71,0,0,1,44.96,0.00,1217110016,0,0
112.1545,237748224,660.7000,361.93,0,0,1,45.24,0.00,1217110016,0,0
112.1657,237748224,660.7400,356.44,0,0,1,44.56,0.00,1217110016,0,0
112.1768,237748224,660.7800,359.64,0,0,1,44.95,0.00,1217110016,0,0
112.1880,237748224,660.8200,358.94,0,0,1,44.87,0.00,1217110016,0,0
112.1991,237748224,660.8900,631.31,0,0,1,101.46,0.00,1217110016,0,0
112.2101,237748224,660.9400,452.78,0,0,1,45.28,0.00,1217110016,0,0
112.2211,237748224,660.9800,363.88,0,0,1,45.48,0.00,1217110016,0,0
112.2322,237748224,661.0200,360.30,0,0,1,45.04,0.00,1217110016,0,0
112.2433,237748224,661.0600,360.55,0,0,1,45.07,0.00,1217110016,0,0
112.2543,237748224,661.1000,364.16,0,0,1,45.52,0.00,1217110016,0,0
112.2653,237748224,661.1400,361.17,0,0,1,45.15,0.00,1217110016,0,0
112.2764,237748224,661.1800,360.39,0,0,1,45.05,0.00,1217110016,0,0
112.2876,237748224,661.2300,449.55,0,0,1,44.96,0.00,1217110016,0,0
112.2987,237748224,661.2600,268.95,0,0,1,44.83,0.00,1217110016,0,0
112.3099,237748224,661.3400,717.91,0,0,1,100.96,0.00,1217110016,0,0
112.3211,237748224,661.3800,354.92,0,0,1,44.37,0.00,1217110016,0,0
112.3323,238288896,661.4100,269.36,0,0,1,22.45,0.00,1217110016,0,0
112.3433,238288896,661.4300,180.71,0,0,1,22.59,0.00,1217110016,0,0
112.3544,238288896,661.4500,181.42,0,0,1,22.68,0.00,1217110016,0,0
112.3656,238288896,661.4700,177.84,0,0,1,22.23,0.00,1217110016,0,0
112.3765,238288896,661.4900,182.80,0,0,1,22.85,0.00,1217110016,0,0
112.3874,238288896,661.5100,183.57,0,0,1,22.95,0.00,1217110016,0,0
112.3986,238288896,661.5300,180.01,0,0,1,22.50,0.00,1217110016,0,0
112.4098,238288896,661.5700,354.40,0,0,1,55.38,0.00,1217110016,0,0
112.4210,238288896,661.5900,179.35,0,0,1,22.42,0.00,1217110016,0,0
112.4321,238288896,661.6100,180.06,0,0,1,22.51,0.00,1217110016,0,0
112.4431,238288896,661.6300,182.43,0,0,1,22.80,0.00,1217110016,0,0
112.4542,238288896,661.6500,179.51,0,0,1,33.66,0.00,1217110016,0,0
112.4653,238288896,661.6700,180.88,0,0,1,22.61,0.00,1217368064,0,0
112.4764,238559232,661.6900,179.40,0,0,1,11.21,0.00,1217368064,0,0
112.4873,238559232,661.7000,92.03,0,0,1,11.50,0.00,1217368064,0,0
112.4984,238559232,661.7100,89.69,0,0,1,11.21,0.00,1217368064,0,0
112.5096,238559232,661.7300,179.32,0,0,1,22.42,0.00,1217368064,0,0
112.5207,238559232,661.7400,89.69,0,0,1,11.21,0.00,1217368064,0,0
112.5316,238559232,661.7500,91.80,0,0,1,11.47,0.00,1217368064,0,0
112.5426,238559232,661.7600,91.41,0,0,1,11.43,0.00,1217368064,0,0
112.5536,238559232,661.7700,90.63,0,0,1,11.33,0.00,1217368064,0,0
112.5646,238559232,661.7800,90.48,0,0,1,11.31,0.00,1217368064,0,0
112.5756,238559232,661.7900,91.68,0,0,1,11.46,0.00,1217368064,0,0
112.5864,238559232,661.8000,92.47,0,0,1,11.56,0.00,1217368064,0,0
112.5972,238559232,661.8100,92.28,0,0,1,11.54,0.00,1217368064,0,0
112.6083,238559232,661.8200,90.14,0,0,1,11.27,0.00,1217368064,0,0
112.6194,239910912,661.8500,269.43,0,0,1,67.36,0.00,1218142208,0,0
112.6304,239910912,661.8900,365.10,0,0,1,45.64,0.00,1218142208,0,0
112.6414,239910912,661.9300,363.63,0,0,1,45.45,0.00,1218142208,0,0
112.6525,239910912,661.9700,360.45,0,0,1,45.06,0.00,1218142208,0,0
112.6634,239910912,662.0100,365.15,0,0,1,45.64,0.00,1218142208,0,0
112.6745,239910912,662.0500,362.63,0,0,1,45.33,0.00,1218142208,0,0
112.6856,239910912,662.0900,360.16,0,0,1,45.02,0.00,1218142208,0,0
112.6967,239910912,662.1300,360.33,0,0,1,45.04,0.00,1218142208,0,0
112.7077,239910912,662.1700,363.13,0,0,1,45.39,0.00,1218142208,0,0
112.7187,239910912,662.2100,364.29,0,0,1,45.54,0.00,1218142208,0,0
112.7297,239910912,662.2900,725.90,0,0,1,102.08,0.00,1218142208,0,0
112.7406,239910912,662.3300,365.54,0,0,1,45.69,0.00,1218142208,0,0
112.7517,239910912,662.3700,362.78,0,0,1,45.35,0.00,1218142208,0,0
112.7627,239910912,662.4100,362.92,0,0,1,45.37,0.00,1218142208,0,0
112.7737,239910912,662.4500,361.77,0,0,1,45.22,0.00,1218142208,0,0
112.7848,239910912,662.4900,361.63,0,0,1,45.20,0.00,1218142208,0,0
112.7959,239910912,662.5300,362.16,0,0,1,45.27,0.00,1218142208,0,0
112.8069,239910912,662.5700,362.05,0,0,1,45.26,0.00,1218142208,0,0
112.8180,239910912,662.6100,358.75,0,0,1,44.84,0.00,1218142208,0,0
112.8291,239910912,662.6900,722.98,0,0,1,101.67,0.00,1218142208,0,0
112.8402,239910912,662.7300,360.59,0,0,1,45.07,0.00,1218142208,0,0
112.8514,239910912,662.7700,355.93,0,0,1,44.49,0.00,1218142208,0,0
112.8626,239910912,662.8100,358.82,0,0,1,44.85,0.00,1218142208,0,0
112.8737,239910912,662.8500,361.74,0,0,1,45.22,0.00,1218142208,0,0
112.8847,239910912,662.8900,361.35,0,0,1,45.17,0.00,1218142208,0,0
112.8958,239910912,662.9300,362.07,0,0,1,45.26,0.00,1218142208,0,0
112.9069,239910912,662.9700,358.74,0,0,1,44.84,0.00,1218142208,0,0
112.9180,239910912,663.0100,361.10,0,0,1,45.14,0.00,1218142208,0,0
112.9292,239910912,663.0900,716.25,0,0,1,100.72,0.00,1218142208,0,0
112.9402,239910912,663.1300,361.17,0,0,1,45.15,0.00,1218142208,0,0
112.9510,239910912,663.1700,371.44,0,0,1,46.43,0.00,1218142208,0,0
112.9622,239910912,663.2100,358.96,0,0,1,44.87,0.00,1218142208,0,0
112.9732,239910912,663.2500,361.66,0,0,1,45.21,0.00,1218142208,0,0
112.9843,239910912,663.2900,361.93,0,0,1,45.24,0.00,1218142208,0,0
112.9954,239910912,663.3300,359.04,0,0,1,44.88,0.00,1218142208,0,0
113.0065,239910912,663.3700,360.66,0,0,1,45.08,0.00,1218142208,0,0
113.0176,239910912,663.4100,360.82,0,0,1,45.10,0.00,1218142208,0,0
113.0288,239910912,663.4500,357.51,0,0,1,78.21,0.00,1218142208,0,0
113.0400,239910912,663.5300,711.04,0,0,1,66.66,0.00,1218142208,0,0
113.0510,239910912,663.5700,364.05,0,0,1,45.51,0.00,1218142208,0,0
113.0620,239910912,663.6100,363.14,0,0,1,45.39,0.00,1218142208,0,0
113.0730,239910912,663.6500,363.67,0,0,1,45.46,0.00,1218142208,0,0
113.0841,239910912,663.6900,362.06,0,0,1,45.26,0.00,1218142208,0,0
113.0953,239910912,663.7300,356.49,0,0,1,44.56,0.00,1218142208,0,0
113.1064,239910912,663.7700,359.19,0,0,1,44.90,0.00,1218142208,0,0
113.1174,239910912,663.8100,363.16,0,0,1,45.40,0.00,1218142208,0,0
113.1287,239910912,663.8500,356.71,0,0,1,44.59,0.00,1218142208,0,0
113.1399,239910912,663.9300,709.62,0,0,1,99.79,0.00,1218142208,0,0
113.1509,239910912,663.9700,363.77,0,0,1,45.47,0.00,1218142208,0,0
113.1620,239910912,664.0100,361.25,0,0,1,45.16,0.00,1218142208,0,0
113.1730,239910912,664.0500,362.75,0,0,1,45.34,0.00,1218142208,0,0
113.1840,239910912,664.0900,364.05,0,0,1,45.51,0.00,1218142208,0,0
113.1952,239910912,664.1300,358.03,0,0,1,44.75,0.00,1218142208,0,0
113.2062,239910912,664.1700,362.98,0,0,1,45.37,0.00,1218142208,0,0
113.2172,239910912,664.2100,362.70,0,0,1,45.34,0.00,1218142208,0,0
113.2283,239910912,664.2500,361.88,0,0,1,45.24,0.00,1218142208,0,0
113.2394,239910912,664.3300,721.25,0,0,1,101.43,0.00,1218142208,0,0
113.2504,239910912,664.3700,363.54,0,0,1,45.44,0.00,1218142208,0,0
113.2618,239910912,664.4100,351.77,0,0,1,43.97,0.00,1218142208,0,0
113.2728,239910912,664.4500,360.72,0,0,1,45.09,0.00,1218142208,0,0
113.2839,239910912,664.4900,362.75,0,0,1,45.34,0.00,1218142208,0,0
113.2951,239910912,664.5300,356.18,0,0,1,44.52,0.00,1218142208,0,0
113.3061,239910912,664.5700,362.27,0,0,1,45.28,0.00,1218142208,0,0
113.3172,239910912,664.6100,361.13,0,0,1,45.14,0.00,1218142208,0,0
113.3284,239910912,664.6500,356.76,0,0,1,44.59,0.00,1218142208,0,0
113.3394,239910912,664.7300,727.03,0,0,1,90.88,0.00,1218142208,0,0
113.3504,239910912,664.7700,364.11,0,0,1,45.51,0.00,1218142208,0,0
113.3617,239910912,664.8100,354.68,0,0,1,44.34,0.00,1218142208,0,0
113.3729,239910912,664.8500,358.30,0,0,1,44.79,0.00,1218142208,0,0
113.3841,239910912,664.8900,355.32,0,0,1,44.41,0.00,1218142208,0,0
113.3952,239910912,664.9300,361.60,0,0,1,45.20,0.00,1218142208,0,0
113.4063,239910912,664.9700,359.99,0,0,1,45.00,0.00,1218142208,0,0
113.4173,239910912,665.0100,361.77,0,0,1,45.22,0.00,1218142208,0,0
113.4284,239910912,665.0500,361.55,0,0,1,45.19,0.00,1218142208,0,0
113.4394,239910912,665.1300,726.08,0,0,1,90.76,0.00,1218142208,0,0
113.4504,239910912,665.1700,364.68,0,0,1,45.58,0.00,1218142208,0,0
113.4616,239910912,665.2100,356.98,0,0,1,44.62,0.00,1218142208,0,0
113.4726,239910912,665.2500,364.17,0,0,1,45.52,0.00,1218142208,0,0
113.4836,239910912,665.2900,364.36,0,0,1,45.55,0.00,1218142208,0,0
113.4949,239910912,665.3300,351.29,0,0,1,43.91,0.00,1218142208,0,0
113.5061,240451584,665.3700,358.83,0,0,1,44.85,0.00,1218400256,0,0
113.5171,242073600,665.4100,363.02,0,0,1,22.69,0.00,1219948544,0,0
113.5283,242073600,665.4200,89.08,0,0,1,44.54,0.00,1219948544,0,0
113.5395,242073600,665.5000,713.91,0,0,1,89.24,0.00,1219948544,0,0
113.5506,242073600,665.5400,363.06,0,0,1,45.38,0.00,1219948544,0,0
113.5616,242073600,665.5800,361.28,0,0,1,45.16,0.00,1219948544,0,0
113.5729,242073600,665.6200,354.11,0,0,1,44.26,0.00,1219948544,0,0
113.5841,242073600,665.6600,357.98,0,0,1,44.75,0.00,1219948544,0,0
113.5951,242073600,665.7000,362.63,0,0,1,45.33,0.00,1219948544,0,0
113.6063,242073600,665.7400,357.51,0,0,1,44.69,0.00,1219948544,0,0
113.6174,242073600,665.7800,360.67,0,0,1,45.08,0.00,1219948544,0,0
113.6285,242073600,665.8200,360.53,0,0,1,45.07,0.00,1219948544,0,0
113.6396,242073600,665.9000,719.53,0,0,1,101.18,0.00,1219948544,0,0
113.6506,242073600,665.9400,363.68,0,0,1,45.46,0.00,1219948544,0,0
113.6616,242073600,665.9800,365.03,0,0,1,45.63,0.00,1219948544,0,0
113.6726,242073600,666.0200,364.07,0,0,1,45.51,0.00,1219948544,0,0
113.6834,242073600,666.0600,371.06,0,0,1,46.38,0.00,1219948544,0,0
113.6946,242073600,666.1000,355.94,0,0,1,44.49,0.00,1219948544,0,0
113.7058,242073600,666.1400,356.84,0,0,1,44.61,0.00,1219948544,0,0
113.7168,242073600,666.1800,363.35,0,0,1,45.42,0.00,1219948544,0,0
113.7281,242073600,666.2200,354.74,0,0,1,44.34,0.00,1219948544,0,0
113.7392,242073600,666.3000,721.55,0,0,1,101.47,0.00,1219948544,0,0
113.7502,242073600,666.3400,362.72,0,0,1,45.34,0.00,1219948544,0,0
113.7613,242073600,666.3800,359.35,0,0,1,44.92,0.00,1219948544,0,0
113.7725,242073600,666.4200,357.55,0,0,1,44.69,0.00,1219948544,0,0
113.7834,242073600,666.4600,367.80,0,0,1,45.98,0.00,1219948544,0,0
113.7946,242073600,666.5000,356.40,0,0,1,44.55,0.00,1219948544,0,0
113.8057,242073600,666.5400,360.24,0,0,1,45.03,0.00,1219948544,0,0
113.8167,242073600,666.5800,363.16,0,0,1,45.39,0.00,1219948544,0,0
113.8281,242073600,666.6200,352.81,0,0,1,44.10,0.00,1219948544,0,0
113.8392,242073600,666.7000,718.20,0,0,1,101.00,0.00,1219948544,0,0
113.8502,242073600,666.7400,363.82,0,0,1,45.48,0.00,1219948544,0,0
113.8613,242073600,666.7800,361.71,0,0,1,45.21,0.00,1219948544,0,0
113.8723,242073600,666.8200,361.54,0,0,1,45.19,0.00,1219948544,0,0
113.8834,242073600,666.8600,362.63,0,0,1,45.33,0.00,1219948544,0,0
113.8947,242073600,666.9000,353.55,0,0,1,44.19,0.00,1219948544,0,0
113.9060,242073600,666.9400,353.84,0,0,1,44.23,0.00,1219948544,0,0
113.9170,242073600,666.9900,453.40,0,0,1,45.34,0.00,1219948544,0,0
113.9281,242073600,667.0200,270.24,0,0,1,45.04,0.00,1219948544,0,0
113.9392,242073600,667.1000,718.37,0,0,1,101.02,0.00,1219948544,0,0
113.9503,242073600,667.1400,361.70,0,0,1,45.21,0.00,1219948544,0,0
113.9613,242073600,667.1800,363.51,0,0,1,45.44,0.00,1219948544,0,0
113.9723,242073600,667.2200,364.38,0,0,1,45.55,0.00,1219948544,0,0
113.9834,242073600,667.2600,361.39,0,0,1,45.17,0.00,1219948544,0,0
113.9947,242073600,667.3000,353.61,0,0,1,44.20,0.00,1219948544,0,0
114.0058,242073600,667.3400,360.61,0,0,1,45.08,0.00,1219948544,0,0
114.0168,242073600,667.3800,362.47,0,0,1,45.31,0.00,1219948544,0,0
114.0279,242073600,667.4200,358.62,0,0,1,44.83,0.00,1219948544,0,0
114.0390,242073600,667.4900,630.64,0,0,1,101.35,0.00,1219948544,0,0
114.0501,242073600,667.5400,453.50,0,0,1,45.35,0.00,1219948544,0,0
114.0612,242073600,667.5800,359.86,0,0,1,44.98,0.00,1219948544,0,0
114.0722,242073600,667.6200,363.99,0,0,1,45.50,0.00,1219948544,0,0
114.0832,242073600,667.6600,361.80,0,0,1,45.22,0.00,1219948544,0,0
114.0944,242073600,667.7000,356.94,0,0,1,44.62,0.00,1219948544,0,0
114.1054,242073600,667.7400,363.41,0,0,1,45.43,0.00,1219948544,0,0
114.1165,242073600,667.7800,362.02,0,0,1,45.25,0.00,1219948544,0,0
114.1277,242073600,667.8200,357.74,0,0,1,44.72,0.00,1219948544,0,0
114.1388,242073600,667.8600,359.98,0,0,1,45.00,0.00,1219948544,0,0
114.1499,242073600,667.9200,539.47,0,0,1,78.67,0.00,1219948544,0,0
114.1612,242073600,667.9800,532.50,0,0,1,66.56,0.00,1219948544,0,0
114.1723,242073600,668.0200,361.03,0,0,1,45.13,0.00,1219948544,0,0
114.1833,242073600,668.0600,361.30,0,0,1,45.16,0.00,1219948544,0,0
114.1945,242073600,668.1000,358.58,0,0,1,44.82,0.00,1219948544,0,0
114.2054,242073600,668.1400,365.57,0,0,1,45.70,0.00,1219948544,0,0
114.2166,242073600,668.1800,358.46,0,0,1,44.81,0.00,1219948544,0,0
114.2278,242073600,668.2200,357.06,0,0,1,44.63,0.00,1219948544,0,0
114.2388,242073600,668.2600,361.50,0,0,1,79.08,0.00,1219948544,0,0
114.2500,242073600,668.3400,717.98,0,0,1,67.31,0.00,1219948544,0,0
114.2611,242073600,668.3800,360.26,0,0,1,45.03,0.00,1219948544,0,0
114.2720,242073600,668.4200,365.39,0,0,1,45.67,0.00,1219948544,0,0
114.2831,242073600,668.4600,360.32,0,0,1,45.04,0.00,1219948544,0,0
114.2945,242073600,668.5000,353.36,0,0,1,44.17,0.00,1219948544,0,0
114.3058,242073600,668.5400,352.61,0,0,1,44.08,0.00,1219948544,0,0
114.3168,242073600,668.5800,364.80,0,0,1,45.60,0.00,1219948544,0,0
114.3280,242073600,668.6200,356.37,0,0,1,44.55,0.00,1219948544,0,0
114.3391,242073600,668.6900,628.66,0,0,1,89.81,0.00,1219948544,0,0
114.3504,242073600,668.7400,444.21,0,0,1,55.53,0.00,1219948544,0,0
114.3618,242073600,668.7800,351.15,0,0,1,43.89,0.00,1219948544,0,0
114.3731,242073600,668.8200,353.64,0,0,1,44.20,0.00,1219948544,0,0
114.3842,242073600,668.8600,361.08,0,0,1,45.13,0.00,1219948544,0,0
114.3952,242073600,668.9000,363.17,0,0,1,45.40,0.00,1219948544,0,0
114.4063,242073600,668.9400,361.36,0,0,1,45.17,0.00,1219948544,0,0
114.4173,242614272,668.9900,453.72,0,0,1,45.37,0.00,1220370432,0,0
114.4283,242614272,669.0200,272.62,0,0,1,34.08,0.00,1220370432,0,0
114.4395,242614272,669.0700,447.23,0,0,1,55.90,0.00,1220370432,0,0
114.4504,243695616,669.0900,182.57,0,0,1,45.64,0.00,1221144576,0,0
114.4614,243695616,669.1300,364.26,0,0,1,45.53,0.00,1221144576,0,0
114.4724,243695616,669.1700,364.62,0,0,1,45.58,0.00,1221144576,0,0
114.4832,243695616,669.2100,368.47,0,0,1,46.06,0.00,1221144576,0,0
114.4944,243695616,669.2500,359.08,0,0,1,44.89,0.00,1221144576,0,0
114.5053,243695616,669.2900,365.12,0,0,1,45.64,0.00,1221144576,0,0
114.5163,243695616,669.3300,364.99,0,0,1,45.62,0.00,1221144576,0,0
114.5276,243695616,669.3700,352.93,0,0,1,44.12,0.00,1221144576,0,0
114.5388,243695616,669.4100,358.15,0,0,1,44.77,0.00,1221144576,0,0
114.5498,243695616,669.4900,722.40,0,0,1,101.59,0.00,1221144576,0,0
114.5609,243695616,669.5300,362.14,0,0,1,45.27,0.00,1221144576,0,0
114.5720,243695616,669.5700,360.21,0,0,1,45.03,0.00,1221144576,0,0
114.5829,243695616,669.6100,367.80,0,0,1,45.98,0.00,1221144576,0,0
114.5942,243695616,669.6500,352.04,0,0,1,44.00,0.00,1221144576,0,0
114.6053,243695616,669.6900,361.23,0,0,1,45.15,0.00,1221144576,0,0
114.6165,243695616,669.7300,357.22,0,0,1,44.65,0.00,1221144576,0,0
114.6277,243695616,669.7700,356.31,0,0,1,44.54,0.00,1221144576,0,0
114.6388,243695616,669.8100,360.49,0,0,1,45.06,0.00,1221144576,0,0
114.6498,243695616,669.8900,727.18,0,0,1,102.26,0.00,1221144576,0,0
114.6610,243695616,669.9200,268.49,0,0,1,44.75,0.00,1221144576,0,0
114.6722,243695616,669.9700,448.31,0,0,1,44.83,0.00,1221144576,0,0
114.6832,243695616,670.0100,363.58,0,0,1,45.45,0.00,1221144576,0,0
114.6942,243695616,670.0500,362.41,0,0,1,45.30,0.00,1221144576,0,0
114.7052,243695616,670.0900,364.45,0,0,1,45.56,0.00,1221144576,0,0
114.7161,243695616,670.1300,365.12,0,0,1,45.64,0.00,1221144576,0,0
114.7274,243695616,670.1700,354.77,0,0,1,44.35,0.00,1221144576,0,0
114.7386,243695616,670.2100,356.41,0,0,1,44.55,0.00,1221144576,0,0
114.7497,243695616,670.2900,722.27,0,0,1,101.57,0.00,1221144576,0,0
114.7607,243695616,670.3300,362.42,0,0,1,45.30,0.00,1221144576,0,0
114.7719,243695616,670.3700,359.52,0,0,1,44.94,0.00,1221144576,0,0
114.7830,243695616,670.4100,359.83,0,0,1,44.98,0.00,1221144576,0,0
114.7943,243695616,670.4500,353.49,0,0,1,44.19,0.00,1221144576,0,0
114.8055,243695616,670.4900,358.55,0,0,1,44.82,0.00,1221144576,0,0
114.8163,243695616,670.5300,368.92,0,0,1,46.11,0.00,1221144576,0,0
114.8275,243695616,670.5700,357.84,0,0,1,44.73,0.00,1221144576,0,0
114.8386,243695616,670.6100,359.14,0,0,1,44.89,0.00,1221144576,0,0
114.8499,243695616,670.6900,706.82,0,0,1,99.40,0.00,1221144576,0,0
114.8610,243695616,670.7300,359.89,0,0,1,44.99,0.00,1221144576,0,0
114.8722,243695616,670.7700,359.36,0,0,1,44.92,0.00,1221144576,0,0
114.8832,243695616,670.8100,362.67,0,0,1,45.33,0.00,1221144576,0,0
114.8942,243695616,670.8500,362.53,0,0,1,45.32,0.00,1221144576,0,0
114.9052,243695616,670.8900,363.71,0,0,1,45.46,0.00,1221144576,0,0
114.9163,243695616,670.9300,360.24,0,0,1,45.03,0.00,1221144576,0,0
114.9275,243695616,670.9700,357.17,0,0,1,44.65,0.00,1221144576,0,0
114.9387,243695616,671.0100,357.23,0,0,1,44.65,0.00,1221144576,0,0
114.9498,243695616,671.0900,721.89,0,0,1,101.52,0.00,1221144576,0,0
114.9609,243695616,671.1300,360.25,0,0,1,56.29,0.00,1221144576,0,0
114.9719,243695616,671.1700,364.01,0,0,1,45.50,0.00,1221144576,0,0
114.9829,243695616,671.2100,362.35,0,0,1,45.29,0.00,1221144576,0,0
114.9942,243695616,671.2500,356.64,0,0,1,44.58,0.00,1221144576,0,0
115.0052,243695616,671.2900,362.42,0,0,1,45.30,0.00,1221144576,0,0
115.0162,243695616,671.3300,362.73,0,0,1,56.68,0.00,1221144576,0,0
115.0274,243695616,671.3700,357.93,0,0,1,44.74,0.00,1221144576,0,0
115.0385,243695616,671.4100,361.49,0,0,1,45.19,0.00,1221144576,0,0
115.0497,243695616,671.4900,714.94,0,0,1,100.54,0.00,1221144576,0,0
115.0607,243695616,671.5300,362.31,0,0,1,45.29,0.00,1221144576,0,0
115.0717,243695616,671.5700,362.62,0,0,1,45.33,0.00,1221144576,0,0
115.0828,243695616,671.6100,360.37,0,0,1,45.05,0.00,1221144576,0,0
115.0942,243695616,671.6500,351.07,0,0,1,43.88,0.00,1221144576,0,0
115.1056,243695616,671.6900,352.92,0,0,1,44.12,0.00,1221144576,0,0
115.1167,243695616,671.7300,359.78,0,0,1,44.97,0.00,1221144576,0,0
115.1278,243695616,671.7700,360.06,0,0,1,45.01,0.00,1221144576,0,0
115.1389,243695616,671.8100,359.69,0,0,1,101.16,0.00,1221144576,0,0
115.1500,243695616,671.8900,719.30,0,0,1,44.96,0.00,1221144576,0,0
115.1611,243695616,671.9200,271.21,0,0,1,33.90,0.00,1221144576,0,0
115.1721,243695616,671.9700,453.04,0,0,1,56.63,0.00,1221144576,0,0
115.1833,243695616,672.0100,359.46,0,0,1,44.93,0.00,1221144576,0,0
115.1943,243695616,672.0500,361.35,0,0,1,45.17,0.00,1221144576,0,0
115.2054,243695616,672.0900,359.47,0,0,1,44.93,0.00,1221144576,0,0
115.2167,243695616,672.1300,355.94,0,0,1,44.49,0.00,1221144576,0,0
115.2278,243695616,672.1700,360.98,0,0,1,45.12,0.00,1221144576,0,0
115.2388,243695616,672.2100,361.63,0,0,1,45.20,0.00,1221144576,0,0
115.2499,243695616,672.2900,725.14,0,0,1,101.97,0.00,1221144576,0,0
115.2607,243695616,672.3300,368.81,0,0,1,46.10,0.00,1221144576,0,0
115.2717,243695616,672.3700,363.75,0,0,1,45.47,0.00,1221144576,0,0
115.2827,243695616,672.4100,365.06,0,0,1,45.63,0.00,1221144576,0,0
115.2938,243695616,672.4500,359.15,0,0,1,44.89,0.00,1221144576,0,0
115.3048,243695616,672.4900,364.30,0,0,1,45.54,0.00,1221144576,0,0
115.3155,243695616,672.5300,371.61,0,0,1,46.45,0.00,1221144576,0,0
115.3264,243695616,672.5700,369.69,0,0,1,46.21,0.00,1221144576,0,0
115.3378,243965952,672.6100,350.37,0,0,1,43.80,0.00,1221144576,0,0
115.3487,243965952,672.6500,365.30,0,0,1,45.66,0.00,1221144576,0,0
115.3598,243965952,672.7300,724.56,0,0,1,101.89,0.00,1221144576,0,0
115.3709,243965952,672.7700,360.65,0,0,1,45.08,0.00,1221144576,0,0
115.3817,243965952,672.8100,367.73,0,0,1,45.97,0.00,1221144576,0,0
115.3929,243965952,672.8500,359.49,0,0,1,44.94,0.00,1221144576,0,0
115.4046,243965952,672.8900,339.81,0,0,1,42.48,0.00,1221144576,0,0
115.4153,243965952,672.9300,374.38,0,0,1,46.80,0.00,1221144576,0,0
115.4262,243965952,672.9700,368.45,0,0,1,46.06,0.00,1221144576,0,0
115.4371,243965952,673.0100,364.60,0,0,1,45.57,0.00,1221144576,0,0
115.4478,243965952,673.0500,375.89,0,0,1,46.99,0.00,1221144576,0,0
115.4586,243965952,673.0900,370.93,0,0,1,46.37,0.00,1221144576,0,0
115.4703,243965952,673.1700,681.32,0,0,1,95.81,0.00,1221144576,0,0
115.4810,243965952,673.2100,375.21,0,0,1,46.90,0.00,1221144576,0,0
115.4917,243965952,673.2500,374.17,0,0,1,46.77,0.00,1221144576,0,0
115.5026,243965952,673.2900,365.13,0,0,1,45.64,0.00,1221144576,0,0
115.5135,243965952,673.3300,367.33,0,0,1,45.92,0.00,1221144576,0,0
115.5244,243965952,673.3700,368.38,0,0,1,46.05,0.00,1221144576,0,0
115.5351,243965952,673.4100,373.03,0,0,1,46.63,0.00,1221144576,0,0
115.5458,243965952,673.4500,372.07,0,0,1,46.51,0.00,1221144576,0,0
115.5566,243965952,673.4900,371.71,0,0,1,46.46,0.00,1221144576,0,0
115.5675,243965952,673.5300,366.99,0,0,1,45.87,0.00,1221144576,0,0
115.5782,243965952,673.5700,373.97,0,0,1,46.75,0.00,1221144576,0,0
115.5892,243965952,673.6500,726.65,0,0,1,102.18,0.00,1221144576,0,0
115.5999,243965952,673.6900,373.87,0,0,1,46.73,0.00,1221144576,0,0
115.6105,243965952,673.7300,376.13,0,0,1,47.02,0.00,1221144576,0,0
115.6215,243965952,673.7700,365.53,0,0,1,45.69,0.00,1221144576,0,0
115.6327,243965952,673.8100,357.24,0,0,1,44.65,0.00,1221144576,0,0
115.6437,243965952,673.8500,364.08,0,0,1,45.51,0.00,1221144576,0,0
115.6545,243965952,673.8900,368.85,0,0,1,46.11,0.00,1221144576,0,0
115.6654,243965952,673.9300,368.28,0,0,1,46.04,0.00,1221144576,0,0
115.6762,243965952,673.9700,369.20,0,0,1,46.15,0.00,1221144576,0,0
115.6874,243965952,674.0100,358.32,0,0,1,44.79,0.00,1221144576,0,0
115.6982,243965952,674.0500,369.43,0,0,1,46.18,0.00,1221144576,0,0
115.7093,243965952,674.1300,719.81,0,0,1,101.22,0.00,1221144576,0,0
115.7206,243965952,674.1700,354.04,0,0,1,44.26,0.00,1221144576,0,0
115.7312,243965952,674.2100,376.95,0,0,1,47.12,0.00,1221144576,0,0
115.7420,243965952,674.2500,372.61,0,0,1,46.58,0.00,1221144576,0,0
115.7529,243965952,674.2900,366.48,0,0,1,45.81,0.00,1221144576,0,0
115.7636,243965952,674.3300,372.29,0,0,1,46.54,0.00,1221144576,0,0
115.7743,243965952,674.3700,375.84,0,0,1,46.98,0.00,1221144576,0,0
115.7850,243965952,674.4100,371.19,0,0,1,46.40,0.00,1221144576,0,0
115.7957,243965952,674.4500,374.71,0,0,1,46.84,0.00,1221144576,0,0
115.8065,243965952,674.4900,370.59,0,0,1,46.32,0.00,1221144576,0,0
115.8172,243965952,674.5300,372.59,0,0,1,46.57,0.00,1221144576,0,0
115.8279,243965952,674.5700,374.41,0,0,1,46.80,0.00,1221144576,0,0
115.8386,243965952,674.6100,373.78,0,0,1,46.72,0.00,1221144576,0,0
115.8495,243965952,674.6900,738.42,0,0,1,92.30,0.00,1221144576,0,0
115.8602,243965952,674.7300,372.13,0,0,1,46.52,0.00,1221144576,0,0
115.8709,243965952,674.7700,374.06,0,0,1,46.76,0.00,1221144576,0,0
115.8816,243965952,674.8100,372.90,0,0,1,46.61,0.00,1221144576,0,0
115.8924,243965952,674.8500,369.84,0,0,1,46.23,0.00,1221144576,0,0
115.9037,243965952,674.8900,354.77,0,0,1,44.35,0.00,1221144576,0,0
115.9144,243965952,674.9300,374.17,0,0,1,46.77,0.00,1221144576,0,0
115.9253,243965952,674.9700,368.49,0,0,1,46.06,0.00,1221144576,0,0
115.9368,243965952,675.0100,348.11,0,0,1,43.51,0.00,1221144576,0,0
115.9476,243965952,675.0500,368.13,0,0,1,46.02,0.00,1221144576,0,0
115.9584,243965952,675.0900,371.86,0,0,1,46.48,0.00,1221144576,0,0
115.9693,243965952,675.1700,731.65,0,0,1,102.89,0.00,1221144576,0,0
115.9799,243965952,675.2100,376.85,0,0,1,58.88,0.00,1221144576,0,0
115.9908,243965952,675.2500,368.22,0,0,1,46.03,0.00,1221144576,0,0
116.0014,243965952,675.2900,376.02,0,0,1,47.00,0.00,1221144576,0,0
116.0120,243965952,675.3300,376.88,0,0,1,47.11,0.00,1221144576,0,0
116.0228,243965952,675.3700,373.23,0,0,1,46.65,0.00,1221144576,0,0
116.0336,243965952,675.4100,370.61,0,0,1,46.33,0.00,1221144576,0,0
116.0442,243965952,675.4500,376.32,0,0,1,47.04,0.00,1221144576,0,0
116.0550,243965952,675.4900,370.52,0,0,1,46.32,0.00,1221144576,0,0
116.0656,243965952,675.5300,376.61,0,0,1,47.08,0.00,1221144576,0,0
116.0764,243965952,675.5700,371.55,0,0,1,46.44,0.00,1221144576,0,0
116.0872,243965952,675.6100,369.60,0,0,1,46.20,0.00,1221144576,0,0
116.0980,243965952,675.6500,370.98,0,0,1,46.37,0.00,1221144576,0,0
116.1086,243965952,675.6900,376.72,0,0,1,47.09,0.00,1221144576,0,0
116.1199,243965952,675.7700,708.31,0,0,1,99.61,0.00,1221144576,0,0
116.1306,243965952,675.8100,373.80,0,0,1,46.72,0.00,1221144576,0,0
116.1415,243965952,675.8500,365.64,0,0,1,45.70,0.00,1221144576,0,0
116.1527,243965952,675.8900,357.80,0,0,1,44.72,0.00,1221144576,0,0
116.1635,243965952,675.9300,370.95,0,0,1,46.37,0.00,1221144576,0,0
116.1742,243965952,675.9700,372.33,0,0,1,46.54,0.00,1221144576,0,0
116.1849,243965952,676.0100,374.17,0,0,1,46.77,0.00,1221144576,0,0
116.1957,243965952,676.0500,369.94,0,0,1,46.24,0.00,1221144576,0,0
116.2065,243965952,676.0900,370.75,0,0,1,46.34,0.00,1221144576,0,0
116.2173,243965952,676.1300,371.42,0,0,1,46.43,0.00,1221144576,0,0
116.2282,243965952,676.1700,365.73,0,0,1,45.72,0.00,1221144576,0,0
116.2392,243965952,676.2500,727.79,0,0,1,102.35,0.00,1221144576,0,0
116.2500,243965952,676.2900,370.60,0,0,1,46.33,0.00,1221144576,0,0
116.2608,243965952,676.3300,370.38,0,0,1,46.30,0.00,1221144576,0,0
116.2715,243965952,676.3700,373.82,0,0,1,46.73,0.00,1221144576,0,0
116.2820,243965952,676.4100,381.01,0,0,1,47.63,0.00,1221144576,0,0
116.2929,243965952,676.4500,367.91,0,0,1,45.99,0.00,1221144576,0,0
116.3037,243965952,676.4900,369.77,0,0,1,46.22,0.00,1221144576,0,0
116.3143,243965952,676.5300,378.39,0,0,1,47.30,0.00,1221144576,0,0
116.3249,243965952,676.5700,375.56,0,0,1,46.94,0.00,1221144576,0,0
116.3361,243965952,676.6100,356.65,0,0,1,44.58,0.00,1221144576,0,0
116.3470,243965952,676.6500,367.28,0,0,1,45.91,0.00,1221144576,0,0
116.3577,243965952,676.6900,373.89,0,0,1,46.74,0.00,1221144576,0,0
116.3686,243965952,676.7300,367.09,0,0,1,45.89,0.00,1221144576,0,0
116.3796,243965952,676.8100,730.74,0,0,1,114.18,0.00,1221144576,0,0
116.3907,243965952,676.8500,360.93,0,0,1,45.12,0.00,1221144576,0,0
116.4018,243965952,676.8900,360.11,0,0,1,45.01,0.00,1221144576,0,0
116.4128,243965952,676.9300,362.34,0,0,1,45.29,0.00,1221144576,0,0
116.4239,243965952,676.9700,359.51,0,0,1,44.94,0.00,1221144576,0,0
116.4348,243965952,677.0100,367.16,0,0,1,45.90,0.00,1221144576,0,0
116.4458,243965952,677.0500,364.98,0,0,1,45.62,0.00,1221144576,0,0
116.4568,243965952,677.0900,363.21,0,0,1,45.40,0.00,1221144576,0,0
116.4681,243965952,677.1300,354.08,0,0,1,44.26,0.00,1221144576,0,0
116.4788,243965952,677.1700,373.35,0,0,1,46.67,0.00,1221144576,0,0
116.4897,243965952,677.2500,736.37,0,0,1,103.55,0.00,1221144576,0,0
116.5005,243965952,677.2900,370.07,0,0,1,46.26,0.00,1221144576,0,0
116.5114,243965952,677.3300,366.73,0,0,1,45.84,0.00,1221144576,0,0
116.5225,243965952,677.3700,360.90,0,0,1,45.11,0.00,1221144576,0,0
116.5333,243965952,677.4100,368.90,0,0,1,46.11,0.00,1221144576,0,0
116.5443,243965952,677.4500,365.14,0,0,1,45.64,0.00,1221144576,0,0
116.5551,243965952,677.4900,367.66,0,0,1,45.96,0.00,1221144576,0,0
116.5660,243965952,677.5300,368.63,0,0,1,46.08,0.00,1221144576,0,0
116.5769,243965952,677.5700,367.13,0,0,1,45.89,0.00,1221144576,0,0
116.5878,243965952,677.6100,366.17,0,0,1,45.77,0.00,1221144576,0,0
116.5988,243965952,677.6500,365.58,0,0,1,45.70,0.00,1221144576,0,0
116.6097,243965952,677.7300,729.50,0,0,1,102.59,0.00,1221144576,0,0
116.6206,243965952,677.7700,366.59,0,0,1,45.82,0.00,1221144576,0,0
116.6314,243965952,677.8100,372.51,0,0,1,46.56,0.00,1221144576,0,0
116.6422,243965952,677.8500,368.53,0,0,1,46.07,0.00,1221144576,0,0
116.6533,243965952,677.8900,360.82,0,0,1,45.10,0.00,1221144576,0,0
116.6639,243965952,677.9300,377.02,0,0,1,47.13,0.00,1221144576,0,0
116.6746,243965952,677.9700,374.60,0,0,1,46.82,0.00,1221144576,0,0
116.6857,243965952,678.0100,359.36,0,0,1,44.92,0.00,1221144576,0,0
116.6965,243965952,678.0500,371.73,0,0,1,46.47,0.00,1221144576,0,0
116.7071,243965952,678.0900,375.49,0,0,1,46.94,0.00,1221144576,0,0
116.7186,243965952,678.1300,350.32,0,0,1,43.79,0.00,1221144576,0,0
116.7294,243965952,678.2100,735.80,0,0,1,91.97,0.00,1221144576,0,0
116.7402,243965952,678.2500,371.04,0,0,1,46.38,0.00,1221144576,0,0
116.7509,243965952,678.2900,373.68,0,0,1,46.71,0.00,1221144576,0,0
116.7618,243965952,678.3300,366.12,0,0,1,45.77,0.00,1221144576,0,0
116.7727,243965952,678.3700,366.85,0,0,1,45.86,0.00,1221144576,0,0
116.7835,244236288,678.4100,371.47,0,0,1,46.43,0.00,1221402624,0,0
116.7944,244236288,678.4400,274.53,0,0,1,34.32,0.00,1221402624,0,0
116.8052,244236288,678.4600,186.06,0,0,1,23.26,0.00,1221402624,0,0
116.8158,244506624,678.4900,282.00,0,0,1,23.50,0.00,1221660672,0,0
116.8266,244506624,678.5000,93.27,0,0,1,11.66,0.00,1221660672,0,0
116.8377,244506624,678.5100,89.35,0,0,1,11.17,0.00,1221660672,0,0
116.8487,244776960,678.5200,91.65,0,0,1,11.46,0.00,1221660672,0,0
116.8596,244776960,678.5400,182.26,0,0,1,34.17,0.00,1221660672,0,0
116.8706,244776960,678.5500,91.18,0,0,1,11.40,0.00,1221660672,0,0
116.8814,245047296,678.5600,92.96,0,0,1,11.62,0.00,1221660672,0,0
116.8924,245047296,678.5700,90.34,0,0,1,11.29,0.00,1221660672,0,0
116.9033,245047296,678.5900,183.39,0,0,1,0.00,0.00,1221660672,0,0
116.9142,245047296,678.6100,183.98,0,0,1,23.00,0.00,1221660672,0,0
116.9254,245047296,678.6300,179.03,0,0,1,22.38,0.00,1221660672,0,0
116.9366,245047296,678.6700,355.33,0,0,1,66.62,0.00,1221660672,0,0
116.9473,245047296,678.7000,281.60,0,0,1,0.00,0.00,1221660672,0,0
116.9580,245317632,678.7200,186.90,0,0,1,23.36,0.00,1221660672,0,0
116.9697,245317632,678.7800,510.73,0,0,1,74.48,0.00,1221660672,0,0
116.9820,245317632,678.8600,652.78,0,0,1,81.60,0.00,1221660672,0,0
116.9932,245317632,678.9000,357.53,0,0,1,22.35,0.00,1221660672,0,0
117.0041,245317632,678.9400,367.12,0,0,1,57.36,0.00,1221660672,0,0
117.0148,245317632,678.9600,186.44,0,0,1,46.61,0.00,1221660672,0,0
117.0258,245317632,678.9900,272.76,0,0,1,45.46,0.00,1221660672,0,0
117.0367,245317632,679.0300,366.62,0,0,1,45.83,0.00,1221660672,0,0
117.0476,245317632,679.0800,460.23,0,0,1,46.02,0.00,1221660672,0,0
117.0623,245317632,679.1500,474.75,0,0,1,84.78,0.00,1221660672,0,0
117.0751,245317632,679.2300,627.16,0,0,1,78.39,0.00,1221660672,0,0
117.0871,245317632,679.3100,664.41,0,0,1,83.05,0.00,1221660672,0,0
117.0980,245317632,679.4000,829.65,0,0,1,92.18,0.00,1221660672,0,0
117.1090,245317632,679.4800,724.69,0,0,1,124.56,0.00,1221660672,0,0
117.1203,245317632,679.5200,352.40,0,0,1,55.06,0.00,1221660672,0,0
117.1313,245317632,679.5400,182.27,0,0,1,11.39,0.00,1221660672,0,0
117.1422,245317632,679.5800,366.79,0,0,1,45.85,0.00,1221660672,0,0
117.1532,245317632,679.6300,454.71,0,0,1,45.47,0.00,1221660672,0,0
117.1643,245317632,679.6500,180.79,0,0,1,45.20,0.00,1221660672,0,0
117.1753,245317632,679.6900,362.48,0,0,1,45.31,0.00,1221660672,0,0
117.1865,245317632,679.7300,357.69,0,0,1,44.71,0.00,1221660672,0,0
117.1974,245317632,679.7700,366.73,0,0,1,57.30,0.00,1221660672,0,0
117.2085,245317632,679.8100,361.70,0,0,1,45.21,0.00,1221660672,0,0
117.2197,245317632,679.8900,714.96,0,0,1,89.37,0.00,1221660672,0,0
117.2398,245317632,680.0000,546.60,0,0,1,93.17,0.00,1221660672,0,0
117.2545,245317632,680.0800,544.99,0,0,1,68.12,0.00,1221660672,0,0
117.2677,245317632,680.1500,530.45,0,0,1,75.78,0.00,1221660672,0,0
117.2786,245317632,680.2900,1280.44,0,0,1,171.49,0.00,1221660672,0,0
117.2899,245317632,680.3700,704.68,0,0,1,88.09,0.00,1221660672,0,0
117.3014,245317632,680.4700,871.73,0,0,1,98.07,0.00,1221660672,0,0
117.3124,245317632,680.5500,730.19,0,0,1,91.27,0.00,1221660672,0,0
117.3267,245317632,680.6300,557.82,0,0,1,69.73,0.00,1221660672,0,0
117.3377,245317632,680.7100,730.33,0,0,1,91.29,0.00,1221660672,0,0
117.3486,245317632,680.8000,823.76,0,0,1,91.53,0.00,1221660672,0,0
117.3622,245317632,680.9300,953.25,0,0,1,128.32,0.00,1221660672,0,0
117.3740,245317632,680.9900,510.19,0,0,1,42.52,0.00,1221660672,0,0
117.3858,245317632,681.0000,84.83,0,0,1,10.60,0.00,1221918720,0,0
117.3968,245317632,681.0400,364.45,0,0,1,45.56,0.00,1221918720,0,0
117.4079,245317632,681.0800,357.93,0,0,1,44.74,0.00,1221918720,0,0
117.4195,245317632,681.1600,692.38,0,0,1,86.55,0.00,1221918720,0,0
117.4305,245317632,681.2000,364.64,0,0,1,45.58,0.00,1221918720,0,0
117.4418,245317632,681.2300,264.20,0,0,1,55.04,0.00,1221918720,0,0
117.4530,245317632,681.2700,355.87,0,0,1,55.60,0.00,1221918720,0,0
117.4643,245317632,681.3100,356.40,0,0,1,55.69,0.00,1221918720,0,0
117.4754,245317632,681.3500,360.10,0,0,1,56.27,0.00,1221918720,0,0
117.4864,245317632,681.4100,543.26,0,0,1,56.59,0.00,1221918720,0,0
117.4975,245317632,681.4200,90.62,0,0,1,33.98,0.00,1221918720,0,0
117.5087,245317632,681.4600,357.13,0,0,1,44.64,0.00,1221918720,0,0
117.5198,245317632,681.5400,720.75,0,0,1,101.35,0.00,1221918720,0,0
117.5307,245317632,681.5800,367.13,0,0,1,45.89,0.00,1221918720,0,0
117.5418,245317632,681.6200,357.94,0,0,1,44.74,0.00,1221918720,0,0
117.5529,245317632,681.6600,360.16,0,0,1,45.02,0.00,1221918720,0,0
117.5637,245317632,681.7000,372.80,0,0,1,46.60,0.00,1221918720,0,0
117.5746,245317632,681.7400,364.13,0,0,1,45.52,0.00,1221918720,0,0
117.5860,245317632,681.7800,351.45,0,0,1,43.93,0.00,1221918720,0,0
117.5969,245317632,681.8200,366.58,0,0,1,45.82,0.00,1221918720,0,0
117.6083,245317632,681.8600,353.41,0,0,1,44.18,0.00,1221918720,0,0
117.6194,245317632,681.9400,719.29,0,0,1,89.91,0.00,1221918720,0,0
117.6303,245317632,681.9800,367.89,0,0,1,34.49,0.00,1221918720,0,0
117.6415,245587968,682.0000,178.21,0,0,1,0.00,0.00,1221918720,0,0
117.6527,245858304,682.0400,356.53,0,0,1,77.99,0.00,1221918720,0,0
117.6636,245858304,682.1100,641.22,0,0,1,80.15,0.00,1221918720,0,0
117.6747,245858304,682.1900,722.96,0,0,1,90.37,0.00,1221918720,0,0
117.6865,245858304,682.2600,592.78,0,0,1,84.68,0.00,1221918720,0,0
117.6975,245858304,682.3500,820.59,0,0,1,91.18,0.00,1221918720,0,0
117.7084,245858304,682.4200,640.13,0,0,1,91.45,0.00,1221918720,0,0
117.7196,245858304,682.5700,1335.26,0,0,1,178.04,0.00,1221918720,0,0
117.7309,245858304,682.6500,709.89,0,0,1,88.74,0.00,1221918720,0,0
117.7422,245858304,682.7300,710.24,0,0,1,88.78,0.00,1221918720,0,0
117.7567,245858304,682.8100,551.93,0,0,1,68.99,0.00,1222176768,0,0
117.7676,245858304,682.8900,732.82,0,0,1,91.60,0.00,1222176768,0,0
117.7803,245858304,683.0400,1174.40,0,0,1,156.59,0.00,1222176768,0,0
117.7919,245858304,683.1200,692.00,0,0,1,86.50,0.00,1222176768,0,0
117.8027,245858304,683.2000,738.88,0,0,1,92.36,0.00,1222176768,0,0
117.8145,245858304,683.2900,761.72,0,0,1,84.64,0.00,1222176768,0,0
117.8255,245858304,683.3600,638.05,0,0,1,91.15,0.00,1222176768,0,0
117.8378,245858304,683.5100,1220.06,0,0,1,162.67,0.00,1222176768,0,0
117.8503,245858304,683.5900,640.30,0,0,1,80.04,0.00,1222176768,0,0
117.8643,245858304,683.6800,642.32,0,0,1,71.37,0.00,1222176768,0,0
117.8768,245858304,683.7600,642.36,0,0,1,80.29,0.00,1222176768,0,0
117.8879,245858304,683.8400,721.32,0,0,1,90.16,0.00,1222176768,0,0
117.8988,245858304,683.9200,734.58,0,0,1,91.82,0.00,1222176768,0,0
117.9097,245858304,684.0600,1283.68,0,0,1,171.92,0.00,1222176768,0,0
117.9205,245858304,684.1500,830.91,0,0,1,103.86,0.00,1222176768,0,0
117.9319,245858304,684.2300,703.44,0,0,1,87.93,0.00,1222176768,0,0
117.9428,245858304,684.3100,728.61,0,0,1,91.08,0.00,1222176768,0,0
117.9573,245858304,684.3900,551.83,0,0,1,68.98,0.00,1222176768,0,0
117.9687,245858304,684.4900,878.93,0,0,1,87.89,0.00,1222176768,0,0
117.9797,245858304,684.5900,908.97,0,0,1,124.98,0.00,1222176768,0,0
117.9909,245858304,684.6200,267.15,0,0,1,33.39,0.00,1222176768,0,0
118.0029,245858304,684.6500,251.94,0,0,1,31.49,0.00,1222176768,0,0
118.0140,245858304,684.6800,270.02,0,0,1,33.75,0.00,1222176768,0,0
118.0250,246128640,684.7000,181.00,0,0,1,11.31,0.00,1222176768,0,0
118.0360,246128640,684.7300,273.91,0,0,1,45.65,0.00,1222176768,0,0
118.0469,246128640,684.7700,365.71,0,0,1,45.71,0.00,1222176768,0,0
118.0583,246128640,684.8100,350.12,0,0,1,43.77,0.00,1222176768,0,0
118.0695,246128640,684.8900,718.58,0,0,1,101.05,0.00,1222176768,0,0
118.0803,246128640,684.9300,368.07,0,0,1,46.01,0.00,1222176768,0,0
118.0915,246128640,684.9700,359.49,0,0,1,44.94,0.00,1222176768,0,0
118.1024,246128640,685.0100,364.59,0,0,1,45.57,0.00,1222176768,0,0
118.1134,246128640,685.0500,364.39,0,0,1,45.55,0.00,1222176768,0,0
118.1246,246128640,685.1000,448.30,0,0,1,44.83,0.00,1222176768,0,0
118.1357,246128640,685.1200,180.30,0,0,1,11.27,0.00,1222434816,0,0
118.1466,246128640,685.1600,364.04,0,0,1,45.51,0.00,1222434816,0,0
118.1578,246128640,685.2000,356.83,0,0,1,44.60,0.00,1222434816,0,0
118.1691,246128640,685.2800,712.67,0,0,1,100.22,0.00,1222434816,0,0
118.1800,246128640,685.3200,366.35,0,0,1,45.79,0.00,1222434816,0,0
118.1912,246128640,685.3600,358.43,0,0,1,44.80,0.00,1222434816,0,0
118.2023,246128640,685.4000,359.50,0,0,1,44.94,0.00,1222434816,0,0
118.2130,246128640,685.4400,373.22,0,0,1,46.65,0.00,1222434816,0,0
118.2240,246128640,685.4800,364.77,0,0,1,45.60,0.00,1222434816,0,0
118.2357,246128640,685.5100,255.87,0,0,1,31.98,0.00,1222434816,0,0
118.2465,246128640,685.5200,92.77,0,0,1,57.98,0.00,1222434816,0,0
118.2576,246128640,685.5600,358.22,0,0,1,55.97,0.00,1222434816,0,0
118.2689,246128640,685.6000,354.23,0,0,1,99.63,0.00,1222434816,0,0
118.2799,246128640,685.6800,726.12,0,0,1,56.73,0.00,1222434816,0,0
118.2910,246128640,685.7200,362.11,0,0,1,56.58,0.00,1222434816,0,0
118.3021,246128640,685.7600,359.55,0,0,1,44.94,0.00,1222434816,0,0
118.3129,246128640,685.8000,372.21,0,0,1,46.53,0.00,1222434816,0,0
118.3239,246128640,685.8400,362.43,0,0,1,45.30,0.00,1222434816,0,0
118.3357,246128640,685.8800,339.46,0,0,1,42.43,0.00,1222434816,0,0
118.3465,246128640,685.9200,369.47,0,0,1,46.18,0.00,1222434816,0,0
118.3576,246128640,685.9600,361.17,0,0,1,45.15,0.00,1222434816,0,0
118.3688,246128640,686.0000,357.62,0,0,1,44.70,0.00,1222434816,0,0
118.3797,246128640,686.0800,734.33,0,0,1,103.27,0.00,1222434816,0,0
118.3908,246128640,686.1200,358.09,0,0,1,44.76,0.00,1222434816,0,0
118.4022,246128640,686.1600,351.86,0,0,1,43.98,0.00,1222434816,0,0
118.4133,246128640,686.2000,361.85,0,0,1,45.23,0.00,1222434816,0,0
118.4241,246128640,686.2400,367.33,0,0,1,45.92,0.00,1222434816,0,0
118.4355,246128640,686.2800,350.94,0,0,1,43.87,0.00,1222434816,0,0
118.4465,246128640,686.3200,366.51,0,0,1,45.81,0.00,1222434816,0,0
118.4576,246128640,686.3600,359.19,0,0,1,56.12,0.00,1222434816,0,0
118.4690,246128640,686.4000,350.22,0,0,1,98.50,0.00,1222434816,0,0
118.4799,246128640,686.4800,735.86,0,0,1,45.99,0.00,1222434816,0,0
118.4910,246128640,686.5200,360.97,0,0,1,45.12,0.00,1222434816,0,0
118.5021,246128640,686.5600,360.27,0,0,1,45.03,0.00,1222434816,0,0
118.5132,246128640,686.6000,358.36,0,0,1,44.79,0.00,1222434816,0,0
118.5241,246669312,686.6400,367.12,0,0,1,45.89,0.00,1222434816,0,0
118.5494,246669312,686.7900,593.04,0,0,1,88.96,0.00,1222434816,0,0
118.5604,246669312,686.8800,822.73,0,0,1,91.41,0.00,1222434816,0,0
118.5713,246669312,686.9600,731.47,0,0,1,91.43,0.00,1222434816,0,0
118.5821,246669312,687.0400,739.67,0,0,1,92.46,0.00,1222434816,0,0
118.5931,246669312,687.1200,730.72,0,0,1,91.34,0.00,1222434816,0,0
118.6040,246669312,687.2000,734.17,0,0,1,91.77,0.00,1222434816,0,0
118.6152,246669312,687.2800,711.74,0,0,1,88.97,0.00,1222434816,0,0
118.6261,246669312,687.3600,734.29,0,0,1,91.79,0.00,1222434816,0,0
118.6369,246669312,687.4400,742.84,0,0,1,92.86,0.00,1222434816,0,0
118.6476,246669312,687.5200,743.82,0,0,1,92.98,0.00,1222434816,0,0
118.6586,246669312,687.6000,730.08,0,0,1,91.26,0.00,1222434816,0,0
118.6695,246669312,687.7500,1371.55,0,0,1,182.87,0.00,1222434816,0,0
118.6804,246669312,687.8300,732.78,0,0,1,91.60,0.00,1222434816,0,0
118.6913,246669312,687.9100,736.61,0,0,1,92.08,0.00,1222434816,0,0
118.7020,246669312,687.9900,745.94,0,0,1,93.24,0.00,1222434816,0,0
118.7128,246669312,688.0700,738.27,0,0,1,92.28,0.00,1222434816,0,0
118.7246,246669312,688.1500,680.83,0,0,1,85.10,0.00,1222434816,0,0
118.7357,246669312,688.2300,717.53,0,0,1,89.69,0.00,1222434816,0,0
118.7466,246669312,688.3200,831.27,0,0,1,92.36,0.00,1222434816,0,0
118.7578,246669312,688.3900,624.08,0,0,1,89.15,0.00,1222434816,0,0
118.7689,246669312,688.4700,719.22,0,0,1,89.90,0.00,1222434816,0,0
118.7798,246669312,688.6200,1381.20,0,0,1,184.16,0.00,1222434816,0,0
118.7914,246669312,688.7000,689.72,0,0,1,86.22,0.00,1222434816,0,0
118.8038,246669312,688.7800,644.99,0,0,1,80.62,0.00,1222434816,0,0
118.8145,246669312,688.8600,743.65,0,0,1,92.96,0.00,1222434816,0,0
118.8273,246669312,688.9400,625.70,0,0,1,78.21,0.00,1222434816,0,0
118.8383,246669312,689.0200,727.03,0,0,1,90.88,0.00,1222434816,0,0
118.8491,246669312,689.1600,1293.37,0,0,1,173.22,0.00,1222434816,0,0
118.8601,246669312,689.2400,731.84,0,0,1,102.91,0.00,1222434816,0,0
118.8709,246669312,689.3300,831.31,0,0,1,92.37,0.00,1222434816,0,0
118.8816,246669312,689.4100,747.20,0,0,1,93.40,0.00,1222434816,0,0
118.8943,246669312,689.5000,709.34,0,0,1,78.82,0.00,1222434816,0,0
118.9055,246669312,689.5800,715.57,0,0,1,89.45,0.00,1222434816,0,0
118.9163,246669312,689.6600,739.10,0,0,1,92.39,0.00,1222434816,0,0
118.9271,246669312,689.7400,739.55,0,0,1,92.44,0.00,1222434816,0,0
118.9383,246669312,689.8400,896.42,0,0,1,89.64,0.00,1222434816,0,0
118.9491,246669312,689.9600,1105.40,0,0,1,172.72,0.00,1222434816,0,0
118.9601,246669312,690.0500,824.20,0,0,1,103.02,0.00,1222434816,0,0
118.9708,246669312,690.1300,743.82,0,0,1,92.98,0.00,1222434816,0,0
118.9816,246669312,690.2100,740.32,0,0,1,92.54,0.00,1222434816,0,0
118.9926,246669312,690.2900,731.03,0,0,1,91.38,0.00,1222434816,0,0
119.0034,246669312,690.3700,737.79,0,0,1,92.22,0.00,1222434816,0,0
119.0141,246669312,690.4500,746.45,0,0,1,93.31,0.00,1222434816,0,0
119.0250,246669312,690.5300,734.13,0,0,1,91.77,0.00,1222434816,0,0
119.0358,246669312,690.6100,740.67,0,0,1,92.58,0.00,1222434816,0,0
119.0467,246669312,690.6900,736.16,0,0,1,92.02,0.00,1222434816,0,0
119.0577,246669312,690.7700,727.85,0,0,1,90.98,0.00,1222434816,0,0
119.0688,246669312,690.8500,716.71,0,0,1,89.59,0.00,1222434816,0,0
119.0798,246669312,690.9900,1281.00,0,0,1,171.56,0.00,1222434816,0,0
119.0936,246669312,691.0800,652.14,0,0,1,81.52,0.00,1222434816,0,0
119.1044,246669312,691.1600,736.94,0,0,1,92.12,0.00,1222434816,0,0
119.1152,246669312,691.2400,745.65,0,0,1,93.21,0.00,1222434816,0,0
119.1265,246669312,691.3200,703.56,0,0,1,87.95,0.00,1222434816,0,0
119.1375,246669312,691.4000,732.07,0,0,1,91.51,0.00,1222434816,0,0
119.1484,246669312,691.4800,731.90,0,0,1,91.49,0.00,1222434816,0,0
119.1594,246669312,691.6100,1178.32,0,0,1,158.62,0.00,1222434816,0,0
119.1703,246669312,691.7100,914.77,0,0,1,114.35,0.00,1222434816,0,0
119.1813,246669312,691.7800,639.25,0,0,1,79.91,0.00,1222434816,0,0
119.1922,246669312,691.8600,733.33,0,0,1,91.67,0.00,1222434816,0,0
119.2032,246669312,691.9500,820.71,0,0,1,102.59,0.00,1222434816,0,0
119.2141,246669312,692.0300,735.01,0,0,1,91.88,0.00,1222434816,0,0
119.2249,246669312,692.1100,735.49,0,0,1,91.94,0.00,1222434816,0,0
119.2358,246669312,692.1900,734.33,0,0,1,91.79,0.00,1222434816,0,0
119.2466,246669312,692.2700,742.69,0,0,1,92.84,0.00,1222434816,0,0
119.2577,246669312,692.3500,718.96,0,0,1,89.87,0.00,1222434816,0,0
119.2688,246669312,692.4300,722.00,0,0,1,90.25,0.00,1222434816,0,0
119.2797,246669312,692.5700,1282.93,0,0,1,171.82,0.00,1222434816,0,0
119.2940,246669312,692.6600,631.14,0,0,1,70.13,0.00,1222434816,0,0
119.3050,246669312,692.7500,819.10,0,0,1,102.39,0.00,1222434816,0,0
119.3208,246669312,692.8900,884.72,0,0,1,126.39,0.00,1222434816,0,0
119.3318,246669312,692.9800,819.08,0,0,1,79.63,0.00,1222434816,0,0
119.3428,246669312,693.0500,635.25,0,0,1,79.41,0.00,1222434816,0,0
119.3606,246669312,693.1600,616.85,0,0,1,84.12,0.00,1222434816,0,0
119.3724,246669312,693.2700,934.97,0,0,1,127.50,0.00,1222434816,0,0
119.3932,246669312,693.3200,239.76,0,0,1,29.97,0.00,1222434816,0,0
119.4043,246669312,693.3600,360.54,0,0,1,56.33,0.00,1222434816,0,0
119.4155,246669312,693.4100,447.74,0,0,1,44.77,0.00,1222434816,0,0
119.4263,246669312,693.4400,277.79,0,0,1,46.30,0.00,1222434816,0,0
119.4373,246939648,693.4600,181.87,0,0,1,11.37,0.00,1222434816,0,0
119.4484,246939648,693.4900,271.21,0,0,1,45.20,0.00,1222434816,0,0
119.4594,246939648,693.5800,812.84,0,0,1,90.32,0.00,1222434816,0,0
119.4705,246939648,693.6100,272.22,0,0,1,45.37,0.00,1222434816,0,0
119.4818,246939648,693.6500,351.66,0,0,1,54.95,0.00,1222434816,0,0
119.4929,246939648,693.6900,362.44,0,0,1,45.31,0.00,1222434816,0,0
119.5040,246939648,693.7300,360.60,0,0,1,45.07,0.00,1222434816,0,0
119.5151,246939648,693.7700,359.31,0,0,1,44.91,0.00,1222434816,0,0
119.5262,246939648,693.8100,359.65,0,0,1,44.96,0.00,1222434816,0,0
119.5374,246939648,693.8500,358.21,0,0,1,44.78,0.00,1222434816,0,0
119.5485,246939648,693.9000,450.00,0,0,1,45.00,0.00,1222434816,0,0
119.5596,246939648,693.9600,540.65,0,0,1,90.11,0.00,1222434816,0,0
119.5706,246939648,693.9800,182.08,0,0,1,22.76,0.00,1222434816,0,0
119.5817,246939648,694.0400,540.85,0,0,1,45.07,0.00,1222434816,0,0
119.5928,246939648,694.0900,449.59,0,0,1,33.72,0.00,1222434816,0,0
119.6038,246939648,694.1200,272.89,0,0,1,34.11,0.00,1222434816,0,0
119.6149,246939648,694.1800,542.01,0,0,1,79.04,0.00,1222434816,0,0
119.6261,246939648,694.2100,266.94,0,0,1,44.49,0.00,1222434816,0,0
119.6372,246939648,694.2600,450.15,0,0,1,45.01,0.00,1222434816,0,0
119.6484,246939648,694.3000,358.68,0,0,1,44.84,0.00,1222434816,0,0
119.6594,246939648,694.3600,542.14,0,0,1,79.06,0.00,1222434816,0,0
119.6705,246939648,694.4100,452.60,0,0,1,56.57,0.00,1222434816,0,0
119.6825,246939648,694.4500,332.14,0,0,1,51.90,0.00,1222434816,0,0
119.6936,246939648,694.4900,359.94,0,0,1,44.99,0.00,1222434816,0,0
119.7047,246939648,694.5300,361.37,0,0,1,45.17,0.00,1222434816,0,0
119.7160,246939648,694.5700,352.77,0,0,1,44.10,0.00,1222434816,0,0
119.7272,246939648,694.6100,358.32,0,0,1,55.99,0.00,1222434816,0,0
119.7384,246939648,694.6700,535.41,0,0,1,11.15,0.00,1222434816,0,0
119.7505,246939648,694.7200,414.33,0,0,1,103.58,0.00,1222434816,0,0
119.7616,246939648,694.7600,359.53,0,0,1,44.94,0.00,1222434816,0,0
119.7730,246939648,694.7900,262.53,0,0,1,32.82,0.00,1222434816,0,0
119.7848,246939648,694.8400,423.81,0,0,1,74.17,0.00,1222434816,0,0
119.7959,246939648,694.8900,450.17,0,0,1,45.02,0.00,1222434816,0,0
119.8133,246939648,694.9600,402.38,0,0,1,93.41,0.00,1222434816,0,0
119.8245,246939648,695.0100,445.96,0,0,1,55.75,0.00,1222434816,0,0
119.8356,246939648,695.0400,272.01,0,0,1,90.67,0.00,1222434816,0,0
119.8531,246939648,695.1200,455.43,0,0,1,35.58,0.00,1222434816,0,0
119.8642,246939648,695.1600,362.97,0,0,1,45.37,0.00,1222434816,0,0
119.8754,246939648,695.2000,355.90,0,0,1,44.49,0.00,1222434816,0,0
119.8866,246939648,695.2400,357.62,0,0,1,44.70,0.00,1222434816,0,0
119.8978,246939648,695.2800,356.48,0,0,1,44.56,0.00,1222434816,0,0
119.9089,246939648,695.3200,360.43,0,0,1,78.84,0.00,1222434816,0,0
119.9199,246939648,695.3900,634.76,0,0,1,56.68,0.00,1222434816,0,0
119.9310,246939648,695.4400,449.52,0,0,1,56.19,0.00,1222434816,0,0
119.9422,246939648,695.4700,269.46,0,0,1,33.68,0.00,1222434816,0,0
119.9533,246939648,695.5300,540.44,0,0,1,56.30,0.00,1222434816,0,0
119.9644,246939648,695.5600,270.14,0,0,1,33.77,0.00,1222434816,0,0
119.9755,246939648,695.6000,360.35,0,0,1,56.30,0.00,1222434816,0,0
119.9866,246939648,695.6400,361.13,0,0,1,45.14,0.00,1222434816,0,0
119.9976,246939648,695.6800,361.37,0,0,1,45.17,0.00,1222434816,0,0
120.0085,246939648,695.7200,367.32,0,0,1,45.91,0.00,1222434816,0,0
120.0197,246939648,695.8000,717.04,0,0,1,100.83,0.00,1222434816,0,0
120.0308,246939648,695.8400,359.60,0,0,1,56.19,0.00,1222434816,0,0
120.0419,246939648,695.8700,270.76,0,0,1,56.41,0.00,1222434816,0,0
120.0530,246939648,695.8900,180.46,0,0,1,22.56,0.00,1222434816,0,0
120.0640,246939648,695.9000,90.65,0,0,1,67.99,0.00,1222434816,0,0
120.0752,246939648,695.9400,358.23,0,0,1,44.78,0.00,1222434816,0,0
120.0863,246939648,695.9800,358.60,0,0,1,44.82,0.00,1222434816,0,0
120.0973,246939648,696.0200,363.81,0,0,1,45.48,0.00,1222434816,0,0
120.1084,246939648,696.0600,359.79,0,0,1,44.97,0.00,1222434816,0,0
120.1195,246939648,696.1400,720.25,0,0,1,101.28,0.00,1222434816,0,0
120.1306,246939648,696.1800,362.01,0,0,1,45.25,0.00,1222434816,0,0
120.1435,246939648,696.2200,308.57,0,0,1,38.57,0.00,1222434816,0,0
120.1567,246939648,696.2600,304.38,0,0,1,47.56,0.00,1222434816,0,0
120.1679,246939648,696.3000,355.66,0,0,1,44.46,0.00,1222434816,0,0
120.1790,246939648,696.3800,720.21,0,0,1,112.53,0.00,1222434816,0,0
120.1901,246939648,696.4200,361.35,0,0,1,45.17,0.00,1222434816,0,0
120.2012,246939648,696.4500,271.74,0,0,1,45.29,0.00,1222434816,0,0
120.2123,246939648,696.4900,359.41,0,0,1,44.93,0.00,1222434816,0,0
120.2233,246939648,696.5300,362.54,0,0,1,56.65,0.00,1222434816,0,0
120.2345,246939648,696.5700,357.81,0,0,1,44.73,0.00,1222434816,0,0
120.2458,246939648,696.6100,353.52,0,0,1,44.19,0.00,1222434816,0,0
120.2570,246939648,696.6500,358.59,0,0,1,44.82,0.00,1222434816,0,0
120.2680,246939648,696.6900,363.96,0,0,1,45.50,0.00,1222434816,0,0
120.2794,246939648,696.7700,697.78,0,0,1,109.03,0.00,1222434816,0,0
120.2904,246939648,696.8100,362.87,0,0,1,56.70,0.00,1222434816,0,0
120.3013,246939648,696.8500,367.95,0,0,1,45.99,0.00,1222434816,0,0
120.3124,246939648,696.8900,362.14,0,0,1,45.27,0.00,1222434816,0,0
120.3234,246939648,696.9200,271.56,0,0,1,33.95,0.00,1222434816,0,0
120.3346,246939648,696.9700,447.31,0,0,1,55.91,0.00,1222434816,0,0
120.3456,246939648,697.0100,362.34,0,0,1,45.29,0.00,1222434816,0,0
120.3567,246939648,697.0500,359.57,0,0,1,44.95,0.00,1222434816,0,0
120.3680,246939648,697.0900,354.58,0,0,1,44.32,0.00,1222434816,0,0
120.3791,246939648,697.1700,722.77,0,0,1,112.93,0.00,1222434816,0,0
120.3901,246939648,697.2100,363.91,0,0,1,56.86,0.00,1222434816,0,0
120.4013,246939648,697.2500,356.90,0,0,1,44.61,0.00,1222434816,0,0
120.4122,246939648,697.2900,365.95,0,0,1,57.18,0.00,1222434816,0,0
120.4232,246939648,697.3300,365.11,0,0,1,45.64,0.00,1222434816,0,0
120.4342,246939648,697.3700,363.72,0,0,1,45.47,0.00,1222434816,0,0
120.4451,246939648,697.4100,366.27,0,0,1,57.23,0.00,1222434816,0,0
120.4560,246939648,697.4500,365.35,0,0,1,45.67,0.00,1222434816,0,0
120.4673,246939648,697.4900,354.78,0,0,1,55.43,0.00,1222434816,0,0
120.4780,246939648,697.5300,373.58,0,0,1,46.70,0.00,1222434816,0,0
120.4891,246939648,697.5900,542.62,0,0,1,79.13,0.00,1222434816,0,0
120.5003,246939648,697.6500,533.31,0,0,1,66.66,0.00,1222434816,0,0
120.5113,246939648,697.6900,365.68,0,0,1,57.14,0.00,1222434816,0,0
120.5225,246939648,697.7300,355.36,0,0,1,44.42,0.00,1222434816,0,0
120.5340,246939648,697.7700,347.82,0,0,1,54.35,0.00,1222434816,0,0
120.5449,246939648,697.8100,367.63,0,0,1,45.95,0.00,1222434816,0,0
120.5560,246939648,697.8500,359.98,0,0,1,45.00,0.00,1222434816,0,0
120.5673,246939648,697.8900,354.60,0,0,1,44.32,0.00,1222434816,0,0
120.5785,246939648,697.9300,356.38,0,0,1,44.55,0.00,1222434816,0,0
120.5898,246939648,698.0100,706.72,0,0,1,110.42,0.00,1222434816,0,0
120.6008,246939648,698.0500,364.79,0,0,1,57.00,0.00,1222434816,0,0
120.6115,246939648,698.0900,375.74,0,0,1,46.97,0.00,1222434816,0,0
120.6227,246939648,698.1300,356.40,0,0,1,55.69,0.00,1222434816,0,0
120.6339,246939648,698.1700,356.60,0,0,1,44.57,0.00,1222434816,0,0
120.6448,246939648,698.2100,365.38,0,0,1,45.67,0.00,1222434816,0,0
120.6561,246939648,698.2500,356.49,0,0,1,44.56,0.00,1222434816,0,0
120.6672,246939648,698.2900,359.83,0,0,1,56.22,0.00,1222434816,0,0
120.6783,246939648,698.3300,359.61,0,0,1,44.95,0.00,1222434816,0,0
120.6894,246939648,698.4000,630.61,0,0,1,112.61,0.00,1222434816,0,0
120.7006,246939648,698.4400,357.60,0,0,1,44.70,0.00,1222434816,0,0
120.7113,246939648,698.4600,186.33,0,0,1,23.29,0.00,1222434816,0,0
120.7225,246939648,698.4800,179.39,0,0,1,33.64,0.00,1222434816,0,0
120.7340,246939648,698.4900,86.86,0,0,1,10.86,0.00,1222434816,0,0
120.7451,246939648,698.5000,90.05,0,0,1,33.77,0.00,1222434816,0,0
120.7561,247480320,698.5300,273.39,0,0,1,45.56,0.00,1222434816,0,0
120.7669,247750656,698.6500,1109.68,0,0,1,161.83,0.00,1222434816,0,0
120.7803,247750656,698.7400,671.01,0,0,1,83.88,0.00,1222434816,0,0
120.7911,247750656,698.8100,646.57,0,0,1,80.82,0.00,1222434816,0,0
120.8036,247750656,698.9000,721.49,0,0,1,90.19,0.00,1224527872,0,0
120.8166,247750656,698.9800,615.34,0,0,1,76.92,0.00,1224527872,0,0
120.8274,247750656,699.0900,1018.72,0,0,1,92.61,0.00,1224527872,0,0
120.8430,247750656,699.2000,704.70,0,0,1,120.12,0.00,1224527872,0,0
120.8570,247750656,699.2900,644.12,0,0,1,80.52,0.00,1224527872,0,0
120.8691,247750656,699.3700,660.23,0,0,1,165.06,0.00,1224527872,0,0
120.8798,247750656,699.5100,1302.29,0,0,1,81.39,0.00,1224527872,0,0
120.8910,247750656,699.6000,807.00,0,0,1,100.87,0.00,1224527872,0,0
120.9183,247750656,699.7700,623.07,0,0,1,68.72,0.00,1224527872,0,0
120.9341,247750656,699.9000,823.69,0,0,1,95.04,0.00,1224527872,0,0
120.9501,247750656,700.0200,746.30,0,0,1,93.29,0.00,1224527872,0,0
120.9656,247750656,700.1500,838.39,0,0,1,64.49,0.00,1224527872,0,0
120.9858,247750656,700.3300,891.51,0,0,1,111.44,0.00,1224527872,0,0
121.0019,247750656,700.4600,811.57,0,0,1,101.45,0.00,1224527872,0,0
121.0133,247750656,700.5700,963.96,0,0,1,109.54,0.00,1224527872,0,0
121.0259,247750656,700.6400,555.90,0,0,1,79.41,0.00,1224527872,0,0
121.0493,247750656,700.8600,939.00,0,0,1,122.71,0.00,1224527872,0,0
121.0629,247750656,700.9400,585.93,0,0,1,73.24,0.00,1224527872,0,0
121.0738,247750656,701.0200,736.14,0,0,1,92.02,0.00,1224527872,0,0
121.0846,247750656,701.1000,742.15,0,0,1,92.77,0.00,1224527872,0,0
121.0954,247750656,701.1800,739.35,0,0,1,92.42,0.00,1224527872,0,0
121.1062,247750656,701.2600,739.21,0,0,1,92.40,0.00,1224527872,0,0
121.1173,247750656,701.3400,720.96,0,0,1,90.12,0.00,1224527872,0,0
121.1290,247750656,701.4800,1203.95,0,0,1,161.24,0.00,1224527872,0,0
121.1415,247750656,701.5600,639.48,0,0,1,79.94,0.00,1224527872,0,0
121.1524,247750656,701.6500,823.75,0,0,1,102.97,0.00,1224527872,0,0
121.1634,247750656,701.7300,724.75,0,0,1,90.59,0.00,1224527872,0,0
121.1838,247750656,701.9000,832.73,0,0,1,97.97,0.00,1224527872,0,0
121.2090,247750656,702.0400,556.09,0,0,1,84.41,0.00,1224527872,0,0
121.2247,247750656,702.1600,763.15,0,0,1,55.65,0.00,1224527872,0,0
121.2406,247750656,702.3000,884.82,0,0,1,102.70,0.00,1224527872,0,0
121.2564,247750656,702.4300,818.83,0,0,1,78.73,0.00,1224527872,0,0
121.2708,247750656,702.6000,1180.60,0,0,1,147.58,0.00,1224527872,0,0
121.2890,247750656,702.7000,549.44,0,0,1,96.15,0.00,1224527872,0,0
121.3004,247750656,702.8100,964.46,0,0,1,98.64,0.00,1224527872,0,0
121.3114,247750656,702.9000,824.98,0,0,1,103.12,0.00,1224527872,0,0
121.3269,247750656,703.0100,706.67,0,0,1,64.24,0.00,1224527872,0,0
121.3379,247750656,703.0800,636.61,0,0,1,90.94,0.00,1224527872,0,0
121.3498,247750656,703.2100,1090.02,0,0,1,157.21,0.00,1224527872,0,0
121.3608,247750656,703.2900,729.47,0,0,1,102.58,0.00,1224527872,0,0
121.3720,247750656,703.3700,716.53,0,0,1,89.57,0.00,1224527872,0,0
121.3848,247750656,703.4500,624.59,0,0,1,78.07,0.00,1224527872,0,0
121.3958,247750656,703.5400,818.66,0,0,1,90.96,0.00,1224527872,0,0
121.4068,247750656,703.6100,637.92,0,0,1,91.13,0.00,1224527872,0,0
121.4177,247750656,703.6900,730.94,0,0,1,91.37,0.00,1224527872,0,0
121.4290,247750656,703.8400,1328.41,0,0,1,177.12,0.00,1224527872,0,0
121.4415,247750656,703.9300,721.47,0,0,1,80.16,0.00,1224527872,0,0
121.4523,247750656,704.0000,648.71,0,0,1,92.67,0.00,1224527872,0,0
121.4651,247750656,704.0800,621.14,0,0,1,77.64,0.00,1224527872,0,0
121.4771,247750656,704.1600,669.32,0,0,1,83.67,0.00,1224527872,0,0
121.4881,247750656,704.2400,724.69,0,0,1,90.59,0.00,1224527872,0,0
121.4992,247750656,704.3900,1353.67,0,0,1,180.49,0.00,1224527872,0,0
121.5105,247750656,704.4700,709.37,0,0,1,88.67,0.00,1224527872,0,0
121.5243,247750656,704.5500,579.18,0,0,1,72.40,0.00,1224527872,0,0
121.5353,247750656,704.6300,725.37,0,0,1,90.67,0.00,1224527872,0,0
121.5462,247750656,704.7100,737.03,0,0,1,92.13,0.00,1224527872,0,0
121.5575,247750656,704.7900,705.60,0,0,1,88.20,0.00,1224527872,0,0
121.5691,247750656,704.8700,693.43,0,0,1,173.36,0.00,1224527872,0,0
121.5798,247750656,705.0200,1389.95,0,0,1,92.66,0.00,1224527872,0,0
121.5906,247750656,705.1000,745.96,0,0,1,93.24,0.00,1224527872,0,0
121.6015,247750656,705.1800,734.00,0,0,1,91.75,0.00,1224527872,0,0
121.6141,247750656,705.2600,635.58,0,0,1,79.45,0.00,1224527872,0,0
121.6253,247750656,705.3400,711.00,0,0,1,88.88,0.00,1224527872,0,0
121.6362,247750656,705.4200,734.72,0,0,1,91.84,0.00,1224527872,0,0
121.6470,247750656,705.5100,835.78,0,0,1,92.86,0.00,1224527872,0,0
121.6578,247750656,705.5800,644.09,0,0,1,92.01,0.00,1224527872,0,0
121.6686,247750656,705.6700,832.32,0,0,1,92.48,0.00,1224527872,0,0
121.6797,247750656,705.8100,1261.12,0,0,1,180.16,0.00,1224527872,0,0
121.6915,247750656,705.8900,679.36,0,0,1,84.92,0.00,1224527872,0,0
121.7024,247750656,705.9700,735.53,0,0,1,91.94,0.00,1224527872,0,0
121.7132,247750656,706.0500,739.48,0,0,1,92.43,0.00,1224527872,0,0
121.7291,247750656,706.1900,883.05,0,0,1,126.15,0.00,1224527872,0,0
121.7400,247750656,706.2700,735.43,0,0,1,80.44,0.00,1224527872,0,0
121.7508,247750656,706.3600,828.71,0,0,1,103.59,0.00,1224527872,0,0
121.7617,247750656,706.4400,735.35,0,0,1,91.92,0.00,1224527872,0,0
121.7732,247750656,706.5200,697.68,0,0,1,87.21,0.00,1224527872,0,0
121.7839,247750656,706.6000,743.59,0,0,1,92.95,0.00,1224527872,0,0
121.7947,247750656,706.6800,741.77,0,0,1,92.72,0.00,1224527872,0,0
121.8056,247750656,706.7600,731.56,0,0,1,91.45,0.00,1224527872,0,0
121.8164,247750656,706.8400,740.48,0,0,1,92.56,0.00,1224527872,0,0
121.8272,247750656,706.9400,925.88,0,0,1,92.59,0.00,1224527872,0,0
121.8390,247750656,707.0600,1019.52,0,0,1,159.30,0.00,1224527872,0,0
121.8503,247750656,707.1500,795.38,0,0,1,99.42,0.00,1224527872,0,0
121.8619,247750656,707.2300,689.13,0,0,1,86.14,0.00,1224527872,0,0
121.8764,247750656,707.3100,553.56,0,0,1,69.19,0.00,1224527872,0,0
121.8875,247750656,707.3900,719.95,0,0,1,89.99,0.00,1224527872,0,0
121.8993,247750656,707.5400,1269.92,0,0,1,169.32,0.00,1224527872,0,0
121.9103,247750656,707.6000,546.22,0,0,1,68.28,0.00,1224527872,0,0
121.9216,247750656,707.6700,620.55,0,0,1,77.57,0.00,1224527872,0,0
121.9335,247750656,707.7800,918.84,0,0,1,114.85,0.00,1224527872,0,0
121.9446,247750656,707.8600,720.75,0,0,1,90.09,0.00,1224527872,0,0
121.9557,247750656,707.9400,720.61,0,0,1,90.08,0.00,1224527872,0,0
121.9673,247750656,708.0200,693.02,0,0,1,86.63,0.00,1224527872,0,0
121.9783,247750656,708.1000,724.91,0,0,1,90.61,0.00,1224527872,0,0
121.9895,247750656,708.2400,1250.79,0,0,1,167.52,0.00,1224527872,0,0
122.0004,247750656,708.3200,733.47,0,0,1,91.68,0.00,1224527872,0,0
122.0112,247750656,708.4000,740.36,0,0,1,92.55,0.00,1224527872,0,0
122.0221,247750656,708.4900,829.87,0,0,1,103.73,0.00,1224527872,0,0
122.0329,247750656,708.5700,737.77,0,0,1,92.22,0.00,1224527872,0,0
122.0439,247750656,708.6500,728.00,0,0,1,91.00,0.00,1224527872,0,0
122.0551,247750656,708.7300,713.13,0,0,1,89.14,0.00,1224527872,0,0
122.0661,247750656,708.8100,730.97,0,0,1,91.37,0.00,1224527872,0,0
122.0778,247750656,708.8900,681.15,0,0,1,85.14,0.00,1224527872,0,0
122.0889,247750656,709.0200,1176.27,0,0,1,158.34,0.00,1224527872,0,0
122.1005,247750656,709.1100,775.28,0,0,1,96.91,0.00,1224527872,0,0
122.1115,247750656,709.2000,814.91,0,0,1,101.86,0.00,1224527872,0,0
122.1225,247750656,709.2800,728.51,0,0,1,91.06,0.00,1224527872,0,0
122.1338,247750656,709.3700,796.24,0,0,1,88.47,0.00,1224527872,0,0
122.1454,247750656,709.4400,602.64,0,0,1,86.09,0.00,1224527872,0,0
122.1565,247750656,709.5200,722.02,0,0,1,90.25,0.00,1224527872,0,0
122.1675,247750656,709.6700,1360.91,0,0,1,181.46,0.00,1224527872,0,0
122.1817,247750656,709.7500,563.06,0,0,1,70.38,0.00,1224527872,0,0
122.1925,247750656,709.8300,740.15,0,0,1,92.52,0.00,1224527872,0,0
122.2037,247750656,709.9100,714.65,0,0,1,89.33,0.00,1224527872,0,0
122.2154,247750656,709.9900,685.40,0,0,1,85.67,0.00,1224527872,0,0
122.2263,247750656,710.0700,736.86,0,0,1,92.11,0.00,1224527872,0,0
122.2372,247750656,710.1500,732.80,0,0,1,91.60,0.00,1224527872,0,0
122.2484,247750656,710.2300,715.93,0,0,1,89.49,0.00,1224527872,0,0
122.2596,247750656,710.3800,1330.19,0,0,1,177.36,0.00,1224527872,0,0
122.2710,247750656,710.4600,705.71,0,0,1,88.21,0.00,1224527872,0,0
122.2825,247750656,710.5400,691.74,0,0,1,86.47,0.00,1224527872,0,0
122.2935,247750656,710.6200,729.97,0,0,1,91.25,0.00,1224527872,0,0
122.3109,247750656,710.7700,863.98,0,0,1,115.20,0.00,1224527872,0,0
122.3218,247750656,710.8500,731.06,0,0,1,91.38,0.00,1224527872,0,0
122.3330,247750656,710.9300,715.79,0,0,1,89.47,0.00,1224527872,0,0
122.3445,247750656,711.0200,782.61,0,0,1,86.96,0.00,1224527872,0,0
122.3554,247750656,711.0800,547.40,0,0,1,91.23,0.00,1224527872,0,0
122.3671,247750656,711.1600,686.08,0,0,1,85.76,0.00,1224527872,0,0
122.3792,247750656,711.3000,1156.94,0,0,1,154.95,0.00,1224527872,0,0
122.3904,247750656,711.3700,623.38,0,0,1,77.92,0.00,1224527872,0,0
122.4020,247750656,711.4700,864.61,0,0,1,108.08,0.00,1224527872,0,0
122.4176,247750656,711.5500,512.88,0,0,1,64.11,0.00,1224527872,0,0
122.4287,247750656,711.6300,721.34,0,0,1,90.17,0.00,1224527872,0,0
122.4405,247750656,711.7700,1183.75,0,0,1,169.11,0.00,1224527872,0,0
122.4555,247750656,711.8500,532.34,0,0,1,124.77,0.00,1224527872,0,0
122.4718,247750656,712.0100,984.52,0,0,1,69.22,0.00,1224527872,0,0
122.4877,247750656,712.1300,751.85,0,0,1,101.81,0.00,1224527872,0,0
122.5002,247750656,712.2300,800.18,0,0,1,100.02,0.00,1224527872,0,0
122.5115,247750656,712.3200,797.63,0,0,1,99.70,0.00,1224527872,0,0
122.5300,247750656,712.4600,758.91,0,0,1,101.64,0.00,1224527872,0,0
122.5521,247750656,712.6100,679.10,0,0,1,84.89,0.00,1224527872,0,0
122.5711,247750656,712.7600,786.23,0,0,1,91.73,0.00,1224527872,0,0
122.5866,247750656,712.8800,776.46,0,0,1,80.88,0.00,1224527872,0,0
122.5986,247750656,712.9600,667.56,0,0,1,83.45,0.00,1224527872,0,0
122.6122,247750656,713.1400,1318.71,0,0,1,201.47,0.00,1224527872,0,0
122.6327,247750656,713.2500,537.42,0,0,1,61.07,0.00,1224527872,0,0
122.6442,247750656,713.3300,693.53,0,0,1,86.69,0.00,1224527872,0,0
122.6552,247750656,713.4100,726.82,0,0,1,90.85,0.00,1224527872,0,0
122.6662,247750656,713.5000,822.45,0,0,1,91.38,0.00,1224527872,0,0
122.6774,247750656,713.5600,534.36,0,0,1,89.06,0.00,1224527872,0,0
122.6893,247750656,713.7000,1177.20,0,0,1,157.66,0.00,1224527872,0,0
122.7002,247750656,713.7900,828.07,0,0,1,103.51,0.00,1224527872,0,0
122.7113,247750656,713.8700,717.84,0,0,1,89.73,0.00,1224527872,0,0
122.7276,247750656,713.9600,553.53,0,0,1,61.50,0.00,1224527872,0,0
122.7385,247750656,714.0300,641.94,0,0,1,91.71,0.00,1224527872,0,0
122.7499,247750656,714.1800,1314.87,0,0,1,175.32,0.00,1224527872,0,0
122.7618,247750656,714.2600,669.08,0,0,1,83.63,0.00,1224527872,0,0
122.7728,247750656,714.3500,823.49,0,0,1,91.50,0.00,1224527872,0,0
122.7837,247750656,714.4200,641.41,0,0,1,91.63,0.00,1224527872,0,0
122.7949,247750656,714.5100,804.59,0,0,1,89.40,0.00,1224527872,0,0
122.8078,247750656,714.5800,539.73,0,0,1,77.10,0.00,1224527872,0,0
122.8189,247750656,714.7400,1442.18,0,0,1,180.27,0.00,1224527872,0,0
122.8303,247750656,714.8200,704.02,0,0,1,88.00,0.00,1224527872,0,0
122.8462,247750656,714.9000,502.35,0,0,1,62.79,0.00,1224527872,0,0
122.8581,247750656,714.9800,674.41,0,0,1,84.30,0.00,1224527872,0,0
122.8690,247750656,715.0500,639.15,0,0,1,182.61,0.00,1224527872,0,0
122.8804,247750656,715.2000,1326.10,0,0,1,88.41,0.00,1224527872,0,0
122.8959,247750656,715.2900,580.17,0,0,1,64.46,0.00,1224527872,0,0
122.9068,247750656,715.3700,730.73,0,0,1,91.34,0.00,1224527872,0,0
122.9177,247750656,715.4500,736.17,0,0,1,92.02,0.00,1224527872,0,0
122.9288,247750656,715.6000,1349.84,0,0,1,179.98,0.00,1224527872,0,0
122.9448,247750656,715.6800,500.32,0,0,1,62.54,0.00,1224527872,0,0
122.9556,247750656,715.7600,737.43,0,0,1,92.18,0.00,1224527872,0,0
122.9664,247750656,715.8400,740.33,0,0,1,92.54,0.00,1224527872,0,0
122.9773,247750656,715.9200,733.23,0,0,1,91.65,0.00,1224527872,0,0
122.9886,248020992,716.0600,1248.54,0,0,1,156.07,0.00,1224527872,0,0
123.0027,248020992,716.1300,495.53,0,0,1,61.94,0.00,1224527872,0,0
123.0138,248020992,716.2000,629.66,0,0,1,67.46,0.00,1224527872,0,0
123.0247,248020992,716.2500,458.27,0,0,1,57.28,0.00,1224527872,0,0
123.0356,248020992,716.2800,274.82,0,0,1,22.90,0.00,1224527872,0,0
123.0464,248020992,716.3000,186.49,0,0,1,23.31,0.00,1224527872,0,0
123.0574,248020992,716.3200,181.06,0,0,1,11.32,0.00,1224527872,0,0
123.0684,248020992,716.3300,91.12,0,0,1,11.39,0.00,1224527872,0,0
123.0792,248020992,716.3500,185.30,0,0,1,34.74,0.00,1224527872,0,0
123.0902,248020992,716.3600,90.42,0,0,1,11.30,0.00,1224527872,0,0
123.1012,248020992,716.3700,91.39,0,0,1,11.42,0.00,1224527872,0,0
123.1121,248020992,716.3800,91.42,0,0,1,11.43,0.00,1224527872,0,0
123.1229,248020992,716.3900,93.07,0,0,1,11.63,0.00,1224527872,0,0
123.1339,248020992,716.4000,90.84,0,0,1,11.35,0.00,1224527872,0,0
123.1447,248020992,716.4200,184.16,0,0,1,11.51,0.00,1224527872,0,0
123.1556,248020992,716.4300,91.66,0,0,1,45.83,0.00,1224527872,0,0
123.1664,248020992,716.4700,373.11,0,0,1,46.64,0.00,1224527872,0,0
123.1772,248020992,716.5100,367.35,0,0,1,45.92,0.00,1224527872,0,0
123.1879,248020992,716.5500,374.36,0,0,1,46.79,0.00,1224527872,0,0
123.1988,248020992,716.5900,366.30,0,0,1,45.79,0.00,1224527872,0,0
123.2095,248020992,716.6700,749.30,0,0,1,105.37,0.00,1224527872,0,0
123.2203,248020992,716.7100,370.40,0,0,1,46.30,0.00,1224527872,0,0
123.2315,248020992,716.7500,357.99,0,0,1,44.75,0.00,1224527872,0,0
123.2422,248020992,716.7900,375.08,0,0,1,46.89,0.00,1224527872,0,0
123.2534,248020992,716.8300,356.98,0,0,1,44.62,0.00,1224527872,0,0
123.2650,248020992,716.8700,344.56,0,0,1,43.07,0.00,1224527872,0,0
123.2757,248020992,716.9100,371.91,0,0,1,46.49,0.00,1224527872,0,0
123.2868,248020992,716.9500,362.85,0,0,1,45.36,0.00,1224527872,0,0
123.2982,248020992,716.9900,350.72,0,0,1,43.84,0.00,1224527872,0,0
123.3090,248020992,717.0300,369.45,0,0,1,103.91,0.00,1224527872,0,0
123.3200,248020992,717.1100,725.40,0,0,1,45.34,0.00,1224527872,0,0
123.3311,248020992,717.1500,361.49,0,0,1,56.48,0.00,1224527872,0,0
123.3419,248020992,717.1900,368.15,0,0,1,46.02,0.00,1224527872,0,0
123.3528,248020992,717.2300,367.93,0,0,1,45.99,0.00,1224527872,0,0
123.3642,248020992,717.2700,352.07,0,0,1,44.01,0.00,1224527872,0,0
123.3750,248020992,717.3100,369.54,0,0,1,46.19,0.00,1224527872,0,0
123.3858,248020992,717.3500,371.05,0,0,1,46.38,0.00,1224527872,0,0
123.3967,248020992,717.3900,365.22,0,0,1,45.65,0.00,1224527872,0,0
123.4076,248020992,717.4300,367.04,0,0,1,45.88,0.00,1224527872,0,0
123.4186,248020992,717.4700,364.94,0,0,1,45.62,0.00,1224527872,0,0
123.4296,248020992,717.5500,725.27,0,0,1,101.99,0.00,1224527872,0,0
123.4406,248020992,717.5900,364.39,0,0,1,45.55,0.00,1224527872,0,0
123.4516,248020992,717.6300,364.36,0,0,1,45.54,0.00,1224527872,0,0
123.4625,248020992,717.6700,365.18,0,0,1,45.65,0.00,1224527872,0,0
123.4734,248020992,717.7100,369.64,0,0,1,46.20,0.00,1224527872,0,0
123.4843,248020992,717.7500,365.07,0,0,1,45.63,0.00,1224527872,0,0
123.4951,248020992,717.7900,369.15,0,0,1,46.14,0.00,1224527872,0,0
123.5060,248020992,717.8300,368.44,0,0,1,46.06,0.00,1224527872,0,0
123.5169,248020992,717.8700,367.66,0,0,1,45.96,0.00,1224527872,0,0
123.5275,248020992,717.9200,469.24,0,0,1,46.92,0.00,1224527872,0,0
123.5385,248020992,717.9500,274.87,0,0,1,34.36,0.00,1224527872,0,0
123.5494,248020992,718.0200,639.62,0,0,1,91.37,0.00,1224527872,0,0
123.5602,248020992,718.0600,369.49,0,0,1,46.19,0.00,1224527872,0,0
123.5711,248020992,718.1000,367.37,0,0,1,45.92,0.00,1224527872,0,0
123.5820,248020992,718.1400,368.79,0,0,1,46.10,0.00,1224527872,0,0
123.5928,248020992,718.1800,369.86,0,0,1,46.23,0.00,1224527872,0,0
123.6037,248020992,718.2200,364.43,0,0,1,45.55,0.00,1224527872,0,0
123.6148,248020992,718.2600,363.54,0,0,1,45.44,0.00,1224527872,0,0
123.6257,248020992,718.3000,365.25,0,0,1,45.66,0.00,1224527872,0,0
123.6371,248020992,718.3400,351.90,0,0,1,43.99,0.00,1224527872,0,0
123.6484,248020992,718.3800,354.16,0,0,1,44.27,0.00,1224527872,0,0
123.6592,248020992,718.4600,738.27,0,0,1,103.82,0.00,1224527872,0,0
123.6702,248020992,718.5000,363.15,0,0,1,45.39,0.00,1224527872,0,0
123.6814,248020992,718.5400,358.99,0,0,1,44.87,0.00,1224527872,0,0
123.6922,248020992,718.5800,368.18,0,0,1,57.53,0.00,1224527872,0,0
123.7033,248020992,718.6200,361.19,0,0,1,45.15,0.00,1224527872,0,0
123.7146,248020992,718.6600,354.79,0,0,1,44.35,0.00,1224527872,0,0
123.7256,248020992,718.7000,362.21,0,0,1,45.28,0.00,1224527872,0,0
123.7364,248020992,718.7400,370.26,0,0,1,46.28,0.00,1224527872,0,0
123.7478,248020992,718.7800,350.81,0,0,1,43.85,0.00,1224527872,0,0
123.7588,248020992,718.8200,363.37,0,0,1,45.42,0.00,1224527872,0,0
123.7698,248020992,718.9000,730.13,0,0,1,102.68,0.00,1224527872,0,0
123.7814,248020992,718.9400,343.55,0,0,1,42.94,0.00,1224527872,0,0
123.7921,248020992,718.9800,373.10,0,0,1,46.64,0.00,1224527872,0,0
123.8031,248020992,719.0200,364.34,0,0,1,45.54,0.00,1224527872,0,0
123.8144,248020992,719.0600,355.34,0,0,1,44.42,0.00,1224527872,0,0
123.8252,248020992,719.1000,370.04,0,0,1,46.26,0.00,1224527872,0,0
123.8360,248020992,719.1400,369.45,0,0,1,46.18,0.00,1224527872,0,0
123.8475,248020992,719.1800,349.06,0,0,1,43.63,0.00,1224527872,0,0
123.8584,248020992,719.2200,366.64,0,0,1,45.83,0.00,1224527872,0,0
123.8692,248020992,719.3000,737.24,0,0,1,103.67,0.00,1224527872,0,0
123.8806,248020992,719.3400,350.59,0,0,1,43.82,0.00,1224527872,0,0
123.8916,248020992,719.3800,363.85,0,0,1,45.48,0.00,1224527872,0,0
123.9026,248020992,719.4100,274.79,0,0,1,11.45,0.00,1224527872,0,0
123.9146,248020992,719.4200,82.77,0,0,1,10.35,0.00,1224785920,0,0
123.9255,248020992,719.4400,183.46,0,0,1,45.86,0.00,1224785920,0,0
123.9364,248020992,719.4800,369.83,0,0,1,46.23,0.00,1224785920,0,0
123.9477,248020992,719.5200,354.01,0,0,1,44.25,0.00,1224785920,0,0
123.9585,248020992,719.5600,369.61,0,0,1,46.20,0.00,1224785920,0,0
123.9694,248020992,719.6400,731.72,0,0,1,91.47,0.00,1224785920,0,0
123.9808,248020992,719.6800,352.27,0,0,1,44.03,0.00,1224785920,0,0
123.9916,248020992,719.7200,369.20,0,0,1,46.15,0.00,1224785920,0,0
124.0025,248020992,719.7600,368.41,0,0,1,46.05,0.00,1224785920,0,0
124.0139,248020992,719.8000,349.67,0,0,1,43.71,0.00,1224785920,0,0
124.0248,248020992,719.8400,366.79,0,0,1,45.85,0.00,1224785920,0,0
124.0357,248020992,719.8800,368.03,0,0,1,46.00,0.00,1224785920,0,0
124.0472,248020992,719.9200,346.68,0,0,1,43.33,0.00,1224785920,0,0
124.0580,248020992,719.9600,371.52,0,0,1,46.44,0.00,1224785920,0,0
124.0689,248020992,720.0000,367.60,0,0,1,45.95,0.00,1224785920,0,0
124.0800,248020992,720.0800,719.54,0,0,1,112.43,0.00,1224785920,0,0
124.0906,248020992,720.1200,376.51,0,0,1,47.06,0.00,1224785920,0,0
124.1014,248020992,720.1600,369.55,0,0,1,46.19,0.00,1224785920,0,0
124.1122,248020992,720.2000,369.63,0,0,1,46.20,0.00,1224785920,0,0
124.1232,248020992,720.2400,365.75,0,0,1,45.72,0.00,1224785920,0,0
124.1341,248020992,720.2800,364.80,0,0,1,45.60,0.00,1224785920,0,0
124.1450,248020992,720.3200,369.42,0,0,1,46.18,0.00,1224785920,0,0
124.1558,248020992,720.3600,367.98,0,0,1,46.00,0.00,1224785920,0,0
124.1665,248020992,720.4000,375.15,0,0,1,46.89,0.00,1224785920,0,0
124.1773,248020992,720.4400,370.26,0,0,1,46.28,0.00,1224785920,0,0
124.1882,248020992,720.4800,368.37,0,0,1,46.05,0.00,1224785920,0,0
124.1991,248020992,720.5600,732.60,0,0,1,103.02,0.00,1224785920,0,0
124.2099,248020992,720.6000,368.72,0,0,1,46.09,0.00,1224785920,0,0
124.2208,248020992,720.6400,366.63,0,0,1,45.83,0.00,1224785920,0,0
124.2318,248020992,720.6800,364.58,0,0,1,45.57,0.00,1224785920,0,0
124.2428,248020992,720.7200,364.42,0,0,1,45.55,0.00,1224785920,0,0
124.2538,248020992,720.7600,363.38,0,0,1,45.42,0.00,1224785920,0,0
124.2649,248020992,720.8000,359.62,0,0,1,44.95,0.00,1224785920,0,0
124.2759,248020992,720.8400,364.70,0,0,1,45.59,0.00,1224785920,0,0
124.2870,248020992,720.8800,361.26,0,0,1,45.16,0.00,1224785920,0,0
124.2980,248020992,720.9200,363.87,0,0,1,45.48,0.00,1224785920,0,0
124.3088,248020992,720.9600,368.86,0,0,1,92.21,0.00,1224785920,0,0
124.3202,248020992,721.0400,702.42,0,0,1,54.88,0.00,1224785920,0,0
124.3312,248020992,721.0800,364.62,0,0,1,45.58,0.00,1224785920,0,0
124.3422,248020992,721.1200,361.59,0,0,1,45.20,0.00,1224785920,0,0
124.3534,248020992,721.1600,358.39,0,0,1,44.80,0.00,1224785920,0,0
124.3644,248020992,721.2000,362.75,0,0,1,45.34,0.00,1224785920,0,0
124.3754,248020992,721.2400,363.58,0,0,1,45.45,0.00,1224785920,0,0
124.3868,248020992,721.2800,350.77,0,0,1,43.85,0.00,1224785920,0,0
124.3980,248020992,721.3200,357.35,0,0,1,44.67,0.00,1224785920,0,0
124.4090,248020992,721.4000,725.70,0,0,1,102.05,0.00,1224785920,0,0
124.4201,248020992,721.4400,361.01,0,0,1,45.13,0.00,1224785920,0,0
124.4311,248020992,721.4800,365.52,0,0,1,45.69,0.00,1224785920,0,0
124.4420,248020992,721.5200,365.40,0,0,1,45.67,0.00,1224785920,0,0
124.4533,248020992,721.5600,355.31,0,0,1,44.41,0.00,1224785920,0,0
124.4642,248020992,721.6000,366.91,0,0,1,45.86,0.00,1224785920,0,0
124.4750,248020992,721.6400,367.89,0,0,1,45.99,0.00,1224785920,0,0
124.4860,248020992,721.6800,365.97,0,0,1,45.75,0.00,1224785920,0,0
124.4971,248020992,721.7200,358.19,0,0,1,44.77,0.00,1224785920,0,0
124.5080,248020992,721.7600,368.09,0,0,1,46.01,0.00,1224785920,0,0
124.5189,248020992,721.8400,735.10,0,0,1,103.37,0.00,1224785920,0,0
124.5304,248020992,721.8800,348.68,0,0,1,43.58,0.00,1224785920,0,0
124.5412,248020992,721.9200,368.53,0,0,1,46.07,0.00,1224785920,0,0
124.5521,248020992,721.9600,366.58,0,0,1,45.82,0.00,1224785920,0,0
124.5637,248020992,722.0000,347.00,0,0,1,43.37,0.00,1224785920,0,0
124.5745,248020992,722.0400,368.50,0,0,1,46.06,0.00,1224785920,0,0
124.5852,248020992,722.0800,374.24,0,0,1,46.78,0.00,1224785920,0,0
124.5964,248020992,722.1200,356.92,0,0,1,44.61,0.00,1224785920,0,0
124.6072,248020992,722.1600,369.51,0,0,1,46.19,0.00,1224785920,0,0
124.6181,248020992,722.2000,368.87,0,0,1,46.11,0.00,1224785920,0,0
124.6292,248020992,722.2800,720.59,0,0,1,101.33,0.00,1224785920,0,0
124.6401,248020992,722.3200,364.81,0,0,1,45.60,0.00,1224785920,0,0
124.6511,248020992,722.3600,366.50,0,0,1,45.81,0.00,1224785920,0,0
124.6619,248020992,722.4000,369.29,0,0,1,46.16,0.00,1224785920,0,0
124.6726,248020992,722.4400,373.37,0,0,1,46.67,0.00,1224785920,0,0
124.6835,248020992,722.4800,367.59,0,0,1,45.95,0.00,1224785920,0,0
124.6941,248020992,722.5200,375.99,0,0,1,47.00,0.00,1224785920,0,0
124.7050,248020992,722.5600,366.26,0,0,1,45.78,0.00,1224785920,0,0
124.7159,248020992,722.6000,369.53,0,0,1,46.19,0.00,1224785920,0,0
124.7265,248020992,722.6400,375.76,0,0,1,46.97,0.00,1224785920,0,0
124.7374,248020992,722.6800,367.73,0,0,1,45.97,0.00,1224785920,0,0
124.7482,248020992,722.7200,368.98,0,0,1,46.12,0.00,1224785920,0,0
124.7591,248020992,722.8000,734.88,0,0,1,103.34,0.00,1224785920,0,0
124.7700,248020992,722.8400,366.33,0,0,1,45.79,0.00,1224785920,0,0
124.7810,248020992,722.8800,365.71,0,0,1,45.71,0.00,1224785920,0,0
124.7917,248020992,722.9200,371.91,0,0,1,46.49,0.00,1224785920,0,0
124.8027,248020992,722.9600,365.64,0,0,1,45.71,0.00,1224785920,0,0
124.8140,248020992,723.0000,352.09,0,0,1,44.01,0.00,1224785920,0,0
124.8247,248020992,723.0400,375.87,0,0,1,46.98,0.00,1224785920,0,0
124.8353,248020992,723.0800,377.68,0,0,1,47.21,0.00,1224785920,0,0
124.8466,248020992,723.1200,351.23,0,0,1,43.90,0.00,1224785920,0,0
124.8575,248020992,723.1600,367.77,0,0,1,45.97,0.00,1224785920,0,0
124.8686,248020992,723.2000,362.00,0,0,1,45.25,0.00,1224785920,0,0
124.8800,248020992,723.2800,699.12,0,0,1,98.31,0.00,1224785920,0,0
124.8907,248020992,723.3200,375.10,0,0,1,46.89,0.00,1224785920,0,0
124.9015,248020992,723.3600,370.78,0,0,1,46.35,0.00,1224785920,0,0
124.9123,248020992,723.4000,367.97,0,0,1,46.00,0.00,1224785920,0,0
124.9232,248020992,723.4400,366.88,0,0,1,45.86,0.00,1224785920,0,0
124.9341,248020992,723.4800,367.64,0,0,1,45.96,0.00,1224785920,0,0
124.9449,248020992,723.5200,369.40,0,0,1,46.17,0.00,1224785920,0,0
124.9559,248020992,723.5600,365.80,0,0,1,45.72,0.00,1224785920,0,0
124.9669,248020992,723.6000,363.86,0,0,1,56.85,0.00,1224785920,0,0
124.9776,248020992,723.6400,374.58,0,0,1,58.53,0.00,1224785920,0,0
124.9883,248020992,723.6800,373.54,0,0,1,46.69,0.00,1224785920,0,0
124.9991,248020992,723.7600,736.73,0,0,1,103.60,0.00,1224785920,0,0
125.0100,248020992,723.8000,367.87,0,0,1,45.98,0.00,1224785920,0,0
125.0209,248020992,723.8400,366.39,0,0,1,45.80,0.00,1224785920,0,0
125.0318,248020992,723.8800,368.98,0,0,1,34.59,0.00,1224785920,0,0
125.0424,248020992,723.9000,187.17,0,0,1,23.40,0.00,1224785920,0,0
125.0533,248020992,723.9200,184.39,0,0,1,23.05,0.00,1224785920,0,0
125.0644,248020992,723.9400,179.42,0,0,1,56.07,0.00,1224785920,0,0
125.0997,248020992,724.2200,794.56,0,0,1,109.96,0.00,1224785920,0,0
125.1106,248020992,724.3000,733.11,0,0,1,91.64,0.00,1224785920,0,0
125.1215,248020992,724.3800,735.50,0,0,1,91.94,0.00,1224785920,0,0
125.1330,248020992,724.4600,696.36,0,0,1,87.05,0.00,1224785920,0,0
125.1437,248020992,724.5400,742.18,0,0,1,92.77,0.00,1224785920,0,0
125.1545,248020992,724.6200,741.67,0,0,1,92.71,0.00,1224785920,0,0
125.1654,248020992,724.7000,737.43,0,0,1,92.18,0.00,1224785920,0,0
125.1767,248020992,724.7900,795.35,0,0,1,88.37,0.00,1224785920,0,0
125.1875,248020992,724.8700,740.76,0,0,1,92.60,0.00,1224785920,0,0
125.1983,248020992,724.9400,648.93,0,0,1,92.70,0.00,1224785920,0,0
125.2091,248020992,725.0800,1292.59,0,0,1,184.66,0.00,1224785920,0,0
125.2202,248020992,725.1700,809.86,0,0,1,89.98,0.00,1224785920,0,0
125.2312,248020992,725.2500,725.20,0,0,1,90.65,0.00,1224785920,0,0
125.2450,248020992,725.3300,581.18,0,0,1,72.65,0.00,1224785920,0,0
125.2559,248020992,725.4100,733.00,0,0,1,91.62,0.00,1224785920,0,0
125.2667,248020992,725.4900,739.24,0,0,1,92.41,0.00,1224785920,0,0
125.2777,248020992,725.5700,727.46,0,0,1,90.93,0.00,1224785920,0,0
125.2887,248020992,725.7200,1363.15,0,0,1,181.75,0.00,1224785920,0,0
125.3024,248020992,725.8000,586.01,0,0,1,73.25,0.00,1224785920,0,0
125.3133,248020992,725.8900,829.13,0,0,1,92.13,0.00,1224785920,0,0
125.3244,248020992,725.9700,714.52,0,0,1,89.31,0.00,1224785920,0,0
125.3354,248020992,726.0400,636.67,0,0,1,90.95,0.00,1224785920,0,0
125.3467,248020992,726.1300,799.53,0,0,1,88.84,0.00,1224785920,0,0
125.3575,248020992,726.2000,645.41,0,0,1,92.20,0.00,1224785920,0,0
125.3688,248020992,726.3500,1331.55,0,0,1,177.54,0.00,1224785920,0,0
125.3801,248020992,726.4300,710.77,0,0,1,88.85,0.00,1224785920,0,0
125.3931,248020992,726.5200,688.86,0,0,1,76.54,0.00,1224785920,0,0
125.4042,248020992,726.6000,723.35,0,0,1,90.42,0.00,1224785920,0,0
125.4151,248020992,726.6800,733.40,0,0,1,91.67,0.00,1224785920,0,0
125.4263,248020992,726.7600,714.18,0,0,1,89.27,0.00,1224785920,0,0
125.4375,248020992,726.8400,714.22,0,0,1,89.28,0.00,1224785920,0,0
125.4486,248020992,726.9200,722.05,0,0,1,90.26,0.00,1224785920,0,0
125.4598,248020992,727.0600,1242.99,0,0,1,166.47,0.00,1224785920,0,0
125.4712,248020992,727.1400,704.48,0,0,1,88.06,0.00,1224785920,0,0
125.4822,248020992,727.2300,814.91,0,0,1,101.86,0.00,1224785920,0,0
125.4934,248020992,727.3100,718.60,0,0,1,89.83,0.00,1224785920,0,0
125.5044,248020992,727.3900,726.93,0,0,1,90.87,0.00,1224785920,0,0
125.5155,248020992,727.4700,716.83,0,0,1,89.60,0.00,1224785920,0,0
125.5279,248020992,727.5500,648.27,0,0,1,81.03,0.00,1224785920,0,0
125.5394,248020992,727.7000,1297.50,0,0,1,173.00,0.00,1224785920,0,0
125.5504,248020992,727.7700,641.34,0,0,1,80.17,0.00,1224785920,0,0
125.5616,248020992,727.8600,803.34,0,0,1,100.42,0.00,1224785920,0,0
125.5725,248020992,727.9400,728.82,0,0,1,91.10,0.00,1224785920,0,0
125.5852,248020992,728.0200,630.42,0,0,1,78.80,0.00,1224785920,0,0
125.5968,248020992,728.1000,693.82,0,0,1,86.73,0.00,1224785920,0,0
125.6160,248020992,728.2600,832.39,0,0,1,104.05,0.00,1224785920,0,0
125.6289,248020992,728.3400,619.41,0,0,1,125.82,0.00,1224785920,0,0
125.6468,248020992,728.4900,838.78,0,0,1,76.89,0.00,1224785920,0,0
125.6579,248020992,728.5700,720.56,0,0,1,90.07,0.00,1224785920,0,0
125.6691,248020992,728.7100,1243.59,0,0,1,166.55,0.00,1224785920,0,0
125.6801,248020992,728.7900,727.98,0,0,1,91.00,0.00,1224785920,0,0
125.6911,248020992,728.8700,727.40,0,0,1,90.93,0.00,1224785920,0,0
125.7024,248020992,728.9600,798.62,0,0,1,99.83,0.00,1224785920,0,0
125.7138,248020992,729.0400,703.32,0,0,1,87.92,0.00,1224785920,0,0
125.7249,248020992,729.1200,718.10,0,0,1,89.76,0.00,1224785920,0,0
125.7360,248020992,729.2100,809.87,0,0,1,89.99,0.00,1224785920,0,0
125.7482,248020992,729.2800,576.10,0,0,1,82.30,0.00,1224785920,0,0
125.7592,248020992,729.4300,1364.20,0,0,1,181.89,0.00,1224785920,0,0
125.7705,248020992,729.5100,708.79,0,0,1,88.60,0.00,1224785920,0,0
125.7870,248020992,729.5900,483.19,0,0,1,60.40,0.00,1224785920,0,0
125.8003,248020992,729.7400,1127.43,0,0,1,150.32,0.00,1224785920,0,0
125.8114,248020992,729.8300,810.79,0,0,1,90.09,0.00,1224785920,0,0
125.8224,248020992,729.9100,729.92,0,0,1,91.24,0.00,1224785920,0,0
125.8333,248020992,729.9900,731.00,0,0,1,91.38,0.00,1224785920,0,0
125.8453,248020992,730.0700,667.88,0,0,1,83.49,0.00,1224785920,0,0
125.8562,248020992,730.1400,639.47,0,0,1,91.35,0.00,1224785920,0,0
125.8672,248020992,730.2300,823.25,0,0,1,91.47,0.00,1224785920,0,0
125.8784,248020992,730.3100,711.48,0,0,1,88.94,0.00,1224785920,0,0
125.8894,248020992,730.4500,1278.73,0,0,1,182.68,0.00,1224785920,0,0
125.9058,248020992,730.5400,548.88,0,0,1,60.99,0.00,1224785920,0,0
125.9190,248020992,730.6700,983.51,0,0,1,132.39,0.00,1224785920,0,0
125.9317,248020992,730.7700,785.17,0,0,1,98.15,0.00,1224785920,0,0
125.9435,248020992,730.8500,677.87,0,0,1,84.73,0.00,1224785920,0,0
125.9551,248020992,730.9300,689.69,0,0,1,86.21,0.00,1224785920,0,0
125.9702,248020992,731.0700,928.22,0,0,1,124.32,0.00,1224785920,0,0
125.9874,248020992,731.1700,582.77,0,0,1,65.56,0.00,1224785920,0,0
125.9984,248020992,731.2500,722.90,0,0,1,90.36,0.00,1224785920,0,0
126.0094,248020992,731.3900,1275.14,0,0,1,170.78,0.00,1224785920,0,0
126.0204,248020992,731.4700,726.17,0,0,1,90.77,0.00,1224785920,0,0
126.0314,248020992,731.5600,823.22,0,0,1,102.90,0.00,1224785920,0,0
126.0439,248020992,731.6400,636.78,0,0,1,79.60,0.00,1224785920,0,0
126.0551,248020992,731.7200,716.62,0,0,1,89.58,0.00,1224785920,0,0
126.0662,248020992,731.8000,721.24,0,0,1,180.31,0.00,1224785920,0,0
126.0809,248020992,731.9500,1016.90,0,0,1,67.79,0.00,1224785920,0,0
126.0919,248020992,732.0300,730.89,0,0,1,91.36,0.00,1224785920,0,0
126.1029,248020992,732.1100,726.85,0,0,1,90.86,0.00,1224785920,0,0
126.1149,248020992,732.1900,663.63,0,0,1,82.95,0.00,1224785920,0,0
126.1262,248020992,732.2700,713.01,0,0,1,89.13,0.00,1224785920,0,0
126.1372,248020992,732.3500,727.61,0,0,1,90.95,0.00,1224785920,0,0
126.1485,248020992,732.4300,701.95,0,0,1,87.74,0.00,1224785920,0,0
126.1615,248020992,732.5800,1156.83,0,0,1,154.24,0.00,1224785920,0,0
126.1727,248020992,732.6600,715.47,0,0,1,89.43,0.00,1224785920,0,0
126.1838,248020992,732.7400,719.37,0,0,1,89.92,0.00,1224785920,0,0
126.1957,248020992,732.8200,673.69,0,0,1,84.21,0.00,1224785920,0,0
126.2066,248020992,732.9000,730.15,0,0,1,91.27,0.00,1224785920,0,0
126.2175,248020992,732.9800,737.24,0,0,1,92.16,0.00,1224785920,0,0
126.2289,248020992,733.1200,1225.10,0,0,1,164.08,0.00,1224785920,0,0
126.2405,248020992,733.2100,780.61,0,0,1,97.58,0.00,1224785920,0,0
126.2516,248020992,733.2900,718.33,0,0,1,89.79,0.00,1224785920,0,0
126.2664,248020992,733.3600,472.71,0,0,1,59.09,0.00,1224785920,0,0
126.2776,248020992,733.4500,802.67,0,0,1,89.19,0.00,1224785920,0,0
126.2887,248020992,733.5300,723.65,0,0,1,90.46,0.00,1224785920,0,0
126.2997,248020992,733.6600,1175.87,0,0,1,158.29,0.00,1224785920,0,0
126.3118,248020992,733.7600,828.76,0,0,1,103.59,0.00,1224785920,0,0
126.3261,248020992,733.8400,558.19,0,0,1,69.77,0.00,1224785920,0,0
126.3373,248020992,733.9200,716.15,0,0,1,89.52,0.00,1224785920,0,0
126.3483,248020992,734.0100,821.05,0,0,1,91.23,0.00,1224785920,0,0
126.3624,248020992,734.1500,987.91,0,0,1,141.13,0.00,1224785920,0,0
126.3734,248020992,734.2400,816.83,0,0,1,90.76,0.00,1224785920,0,0
126.3845,248020992,734.3800,1267.23,0,0,1,181.03,0.00,1224785920,0,0
126.4043,248020992,734.4600,404.77,0,0,1,50.60,0.00,1224785920,0,0
126.4152,248020992,734.5400,728.96,0,0,1,91.12,0.00,1224785920,0,0
126.4262,248020992,734.6300,820.00,0,0,1,91.11,0.00,1224785920,0,0
126.4373,248020992,734.7200,812.53,0,0,1,90.28,0.00,1224785920,0,0
126.4482,248020992,734.7900,638.55,0,0,1,91.22,0.00,1224785920,0,0
126.4602,248020992,734.9100,1003.54,0,0,1,146.35,0.00,1224785920,0,0
126.4715,248020992,735.0200,977.57,0,0,1,111.09,0.00,1224785920,0,0
126.4846,248020992,735.1000,606.51,0,0,1,75.81,0.00,1224785920,0,0
126.5022,248020992,735.2400,796.22,0,0,1,106.64,0.00,1224785920,0,0
126.5133,248020992,735.3300,815.47,0,0,1,101.93,0.00,1224785920,0,0
126.5242,248020992,735.4200,821.03,0,0,1,91.23,0.00,1224785920,0,0
126.5373,248020992,735.5000,612.92,0,0,1,67.04,0.00,1224785920,0,0
126.5504,248020992,735.6400,1068.74,0,0,1,152.68,0.00,1224785920,0,0
126.5639,248020992,735.7200,593.20,0,0,1,83.42,0.00,1224785920,0,0
126.5769,248020992,735.8100,691.76,0,0,1,76.86,0.00,1224785920,0,0
126.5878,248020992,735.8900,729.35,0,0,1,91.17,0.00,1224785920,0,0
126.5994,248020992,736.0100,1037.92,0,0,1,151.36,0.00,1224785920,0,0
126.6126,248020992,736.1200,831.99,0,0,1,94.54,0.00,1224785920,0,0
126.6242,248020992,736.2000,690.39,0,0,1,86.30,0.00,1224785920,0,0
126.6381,248020992,736.2800,577.23,0,0,1,72.15,0.00,1224785920,0,0
126.6490,248020992,736.4100,1185.07,0,0,1,170.92,0.00,1224785920,0,0
126.6602,248020992,736.5100,898.66,0,0,1,101.10,0.00,1224785920,0,0
126.6714,248020992,736.5800,625.54,0,0,1,78.19,0.00,1224785920,0,0
126.6825,248020992,736.6500,627.25,0,0,1,89.61,0.00,1224785920,0,0
126.6936,248020992,736.7400,813.85,0,0,1,101.73,0.00,1224785920,0,0
126.7054,248020992,736.8200,679.55,0,0,1,84.94,0.00,1224785920,0,0
126.7166,248020992,736.9000,711.21,0,0,1,88.90,0.00,1224785920,0,0
126.7282,248020992,736.9900,777.43,0,0,1,86.38,0.00,1224785920,0,0
126.7393,248020992,737.1200,1167.40,0,0,1,168.37,0.00,1224785920,0,0
126.7505,248020992,737.2000,714.54,0,0,1,89.32,0.00,1224785920,0,0
126.7624,248020992,737.2900,758.95,0,0,1,94.87,0.00,1224785920,0,0
126.7734,248020992,737.3700,723.12,0,0,1,90.39,0.00,1224785920,0,0
126.7847,248020992,737.4500,707.07,0,0,1,88.38,0.00,1224785920,0,0
126.7966,248020992,737.5300,677.77,0,0,1,84.72,0.00,1224785920,0,0
126.8074,248020992,737.6100,736.74,0,0,1,92.09,0.00,1224785920,0,0
126.8184,248020992,737.6900,727.70,0,0,1,90.96,0.00,1224785920,0,0
126.8298,248020992,737.8400,1312.74,0,0,1,175.03,0.00,1224785920,0,0
126.8408,248020992,737.9200,729.71,0,0,1,91.21,0.00,1224785920,0,0
126.8524,248020992,738.0000,687.35,0,0,1,85.92,0.00,1224785920,0,0
126.8633,248020992,738.0800,733.49,0,0,1,91.69,0.00,1224785920,0,0
126.8743,248020992,738.1600,732.33,0,0,1,91.54,0.00,1224785920,0,0
126.8917,248020992,738.3100,858.71,0,0,1,114.49,0.00,1224785920,0,0
126.9035,248020992,738.3900,682.31,0,0,1,85.29,0.00,1224785920,0,0
126.9144,248020992,738.4700,729.21,0,0,1,91.15,0.00,1224785920,0,0
126.9282,248020992,738.5500,582.10,0,0,1,72.76,0.00,1224785920,0,0
126.9394,248020992,738.7000,1332.97,0,0,1,177.73,0.00,1224785920,0,0
126.9533,248020992,738.7800,577.23,0,0,1,72.15,0.00,1224785920,0,0
126.9643,248020992,738.8600,726.98,0,0,1,90.87,0.00,1224785920,0,0
126.9754,248020992,738.9400,722.01,0,0,1,90.25,0.00,1224785920,0,0
126.9878,248020992,739.0200,642.14,0,0,1,80.27,0.00,1224785920,0,0
126.9990,248020992,739.1000,715.28,0,0,1,167.64,0.00,1224785920,0,0
127.0099,248020992,739.2400,1285.06,0,0,1,91.79,0.00,1224785920,0,0
127.0208,248020992,739.3300,828.60,0,0,1,103.58,0.00,1224785920,0,0
127.0315,248020992,739.4100,742.51,0,0,1,92.81,0.00,1224785920,0,0
127.0422,248020992,739.4900,750.80,0,0,1,93.85,0.00,1224785920,0,0
127.0529,248020992,739.5700,745.83,0,0,1,93.23,0.00,1224785920,0,0
127.0637,248020992,739.6500,739.43,0,0,1,92.43,0.00,1224785920,0,0
127.0745,248020992,739.7300,741.63,0,0,1,92.70,0.00,1224785920,0,0
127.0853,248020992,739.8100,740.82,0,0,1,92.60,0.00,1224785920,0,0
127.0960,248020992,739.8900,746.23,0,0,1,93.28,0.00,1224785920,0,0
127.1071,248020992,739.9700,723.41,0,0,1,90.43,0.00,1224785920,0,0
127.1179,248020992,740.0500,738.61,0,0,1,92.33,0.00,1224785920,0,0
127.1289,248020992,740.1300,730.69,0,0,1,91.34,0.00,1224785920,0,0
127.1397,248020992,740.2800,1393.00,0,0,1,185.73,0.00,1224785920,0,0
127.1519,248020992,740.3600,653.70,0,0,1,81.71,0.00,1224785920,0,0
127.1628,248020992,740.4500,828.54,0,0,1,92.06,0.00,1224785920,0,0
127.1737,248020992,740.5300,728.37,0,0,1,91.05,0.00,1224785920,0,0
127.1851,248020992,740.6100,702.52,0,0,1,87.81,0.00,1224785920,0,0
127.1963,248020992,740.6800,627.72,0,0,1,89.67,0.00,1224785920,0,0
127.2073,248020992,740.7600,724.98,0,0,1,90.62,0.00,1224785920,0,0
127.2183,248020992,740.8400,730.52,0,0,1,91.32,0.00,1224785920,0,0
127.2291,248020992,740.9700,1200.23,0,0,1,161.57,0.00,1224785920,0,0
127.2404,248020992,741.0700,882.36,0,0,1,110.29,0.00,1224785920,0,0
127.2514,248020992,741.1400,637.82,0,0,1,79.73,0.00,1224785920,0,0
127.2623,248020992,741.2300,829.24,0,0,1,103.66,0.00,1224785920,0,0
127.2730,248020992,741.3200,835.06,0,0,1,92.78,0.00,1224785920,0,0
127.2845,248020992,741.4000,698.64,0,0,1,87.33,0.00,1224785920,0,0
127.2956,248020992,741.4800,717.84,0,0,1,89.73,0.00,1224785920,0,0
127.3065,248020992,741.5600,734.39,0,0,1,91.80,0.00,1224785920,0,0
127.3186,248020992,741.6300,579.17,0,0,1,82.74,0.00,1224785920,0,0
127.3298,248020992,741.7600,1163.64,0,0,1,156.64,0.00,1224785920,0,0
127.3407,248020992,741.8600,918.80,0,0,1,114.85,0.00,1224785920,0,0
127.3516,248020992,741.9300,640.10,0,0,1,80.01,0.00,1224785920,0,0
127.3651,248020992,742.0400,812.06,0,0,1,83.05,0.00,1224785920,0,0
127.3760,248020992,742.1100,642.84,0,0,1,91.83,0.00,1224785920,0,0
127.3869,248020992,742.1800,645.79,0,0,1,92.26,0.00,1224785920,0,0
127.3977,248020992,742.2600,738.57,0,0,1,92.32,0.00,1224785920,0,0
127.4086,248020992,742.3400,734.13,0,0,1,91.77,0.00,1224785920,0,0
127.4196,248020992,742.4900,1365.28,0,0,1,182.04,0.00,1224785920,0,0
127.4304,248020992,742.5600,646.11,0,0,1,80.76,0.00,1224785920,0,0
127.4413,248020992,742.6500,824.67,0,0,1,103.08,0.00,1224785920,0,0
127.4523,248020992,742.7200,636.56,0,0,1,79.57,0.00,1224785920,0,0
127.4633,248020992,742.8100,817.19,0,0,1,102.15,0.00,1224785920,0,0
127.4787,248020992,742.8900,521.63,0,0,1,65.20,0.00,1224785920,0,0
127.4899,248020992,743.0400,1341.53,0,0,1,178.87,0.00,1224785920,0,0
127.5013,248020992,743.1200,702.17,0,0,1,87.77,0.00,1224785920,0,0
127.5148,248020992,743.2000,591.40,0,0,1,73.92,0.00,1224785920,0,0
127.5257,248020992,743.2800,733.82,0,0,1,91.73,0.00,1224785920,0,0
127.5365,248020992,743.3600,737.80,0,0,1,92.23,0.00,1224785920,0,0
127.5474,248020992,743.4400,737.88,0,0,1,92.23,0.00,1224785920,0,0
127.5583,248020992,743.5300,824.53,0,0,1,91.61,0.00,1224785920,0,0
127.5692,248020992,743.6600,1188.41,0,0,1,182.83,0.00,1224785920,0,0
127.5800,248020992,743.7400,741.49,0,0,1,81.10,0.00,1224785920,0,0
127.5909,248020992,743.8300,827.45,0,0,1,103.43,0.00,1224785920,0,0
127.6019,248020992,743.9100,726.99,0,0,1,90.87,0.00,1224785920,0,0
127.6128,248020992,743.9900,733.59,0,0,1,91.70,0.00,1224785920,0,0
127.6236,248020992,744.0700,743.48,0,0,1,92.94,0.00,1224785920,0,0
127.6365,248020992,744.1500,616.02,0,0,1,77.00,0.00,1224785920,0,0
127.6476,248020992,744.2400,815.65,0,0,1,90.63,0.00,1224785920,0,0
127.6586,248020992,744.3200,726.73,0,0,1,90.84,0.00,1224785920,0,0
127.6696,248020992,744.4500,1184.78,0,0,1,170.88,0.00,1224785920,0,0
127.6806,248020992,744.5400,817.90,0,0,1,102.24,0.00,1224785920,0,0
127.6913,248020992,744.6200,743.71,0,0,1,92.96,0.00,1224785920,0,0
127.7027,248020992,744.7000,701.73,0,0,1,87.72,0.00,1224785920,0,0
127.7135,248020992,744.7800,739.45,0,0,1,92.43,0.00,1224785920,0,0
127.7243,248020992,744.8600,745.95,0,0,1,93.24,0.00,1224785920,0,0
127.7419,248020992,745.0100,849.04,0,0,1,113.21,0.00,1225043968,0,0
127.7529,248020992,745.1000,820.33,0,0,1,91.15,0.00,1225043968,0,0
127.7638,248020992,745.1700,641.62,0,0,1,91.66,0.00,1225043968,0,0
127.7745,248020992,745.2500,746.79,0,0,1,93.35,0.00,1225043968,0,0
127.7855,248020992,745.3300,731.29,0,0,1,91.41,0.00,1225043968,0,0
127.7974,248020992,745.4100,670.21,0,0,1,83.78,0.00,1225043968,0,0
127.8093,248020992,745.5600,1256.43,0,0,1,167.52,0.00,1225043968,0,0
127.8204,248020992,745.6400,725.38,0,0,1,90.67,0.00,1225043968,0,0
127.8313,248020992,745.7200,729.49,0,0,1,91.19,0.00,1225043968,0,0
127.8422,248020992,745.8000,734.91,0,0,1,91.86,0.00,1225043968,0,0
127.8537,248020992,745.8900,786.54,0,0,1,87.39,0.00,1225043968,0,0
127.8656,248020992,745.9600,586.43,0,0,1,83.78,0.00,1225043968,0,0
127.8770,248020992,746.0400,704.98,0,0,1,88.12,0.00,1225043968,0,0
127.8879,248020992,746.1200,730.32,0,0,1,91.29,0.00,1225043968,0,0
127.8987,248020992,746.2000,738.99,0,0,1,92.37,0.00,1225043968,0,0
127.9102,248020992,746.3500,1306.89,0,0,1,174.25,0.00,1225043968,0,0
127.9215,248020992,746.4300,706.45,0,0,1,88.31,0.00,1225043968,0,0
127.9324,248020992,746.5100,738.30,0,0,1,92.29,0.00,1225043968,0,0
127.9452,248020992,746.6000,703.69,0,0,1,78.19,0.00,1225043968,0,0
127.9563,248020992,746.6800,719.48,0,0,1,89.93,0.00,1225043968,0,0
127.9672,248020992,746.7600,733.47,0,0,1,91.68,0.00,1225043968,0,0
127.9789,248020992,746.9100,1283.25,0,0,1,171.10,0.00,1225043968,0,0
127.9949,248020992,746.9900,498.24,0,0,1,62.28,0.00,1225043968,0,0
128.0059,248020992,747.0700,727.22,0,0,1,90.90,0.00,1225043968,0,0
128.0179,248020992,747.1500,667.02,0,0,1,83.38,0.00,1225043968,0,0
128.0291,248020992,747.2800,1167.78,0,0,1,179.66,0.00,1225043968,0,0
128.0408,248020992,747.3800,848.83,0,0,1,84.88,0.00,1225043968,0,0
128.0517,248020992,747.4500,641.57,0,0,1,91.65,0.00,1225043968,0,0
128.0644,248020992,747.5400,710.83,0,0,1,78.98,0.00,1225043968,0,0
128.0754,248020992,747.6200,731.02,0,0,1,91.38,0.00,1225043968,0,0
128.0864,248020992,747.7000,723.97,0,0,1,90.50,0.00,1225043968,0,0
128.0976,248020992,747.7800,717.29,0,0,1,89.66,0.00,1225043968,0,0
128.1085,248020992,747.8600,729.57,0,0,1,91.20,0.00,1225043968,0,0
128.1210,248020992,748.0100,1199.54,0,0,1,159.94,0.00,1225043968,0,0
128.1320,248020992,748.0900,726.60,0,0,1,90.82,0.00,1225043968,0,0
128.1430,248020992,748.1700,729.63,0,0,1,91.20,0.00,1225043968,0,0
128.1539,248020992,748.2500,733.45,0,0,1,91.68,0.00,1225043968,0,0
128.1648,248020992,748.3300,731.48,0,0,1,91.44,0.00,1225043968,0,0
128.1759,248020992,748.4100,722.18,0,0,1,90.27,0.00,1225043968,0,0
128.1869,248020992,748.4900,731.83,0,0,1,91.48,0.00,1225043968,0,0
128.1981,248020992,748.6200,1151.26,0,0,1,154.98,0.00,1225043968,0,0
128.2110,248020992,748.7200,777.67,0,0,1,97.21,0.00,1225043968,0,0
128.2219,248020992,748.8000,732.76,0,0,1,91.60,0.00,1225043968,0,0
128.2330,248020992,748.8800,719.39,0,0,1,89.92,0.00,1225043968,0,0
128.2445,248020992,748.9600,697.09,0,0,1,87.14,0.00,1225043968,0,0
128.2555,248020992,749.0400,726.66,0,0,1,90.83,0.00,1225043968,0,0
128.2667,248020992,749.1200,713.14,0,0,1,89.14,0.00,1225043968,0,0
128.2783,248020992,749.2000,694.53,0,0,1,86.82,0.00,1225043968,0,0
128.2892,248020992,749.3500,1368.30,0,0,1,182.44,0.00,1225043968,0,0
128.3003,248020992,749.4200,633.98,0,0,1,79.25,0.00,1225043968,0,0
128.3112,248020992,749.5100,822.11,0,0,1,102.76,0.00,1225043968,0,0
128.3219,248020992,749.5900,746.21,0,0,1,93.28,0.00,1225043968,0,0
128.3352,248020992,749.6700,601.67,0,0,1,75.21,0.00,1225043968,0,0
128.3465,248020992,749.7500,712.00,0,0,1,89.00,0.00,1225043968,0,0
128.3575,248020992,749.8300,722.08,0,0,1,90.26,0.00,1225043968,0,0
128.3686,248020992,749.9100,724.92,0,0,1,90.61,0.00,1225043968,0,0
128.3796,248020992,750.0500,1271.16,0,0,1,170.24,0.00,1225043968,0,0
128.3905,248020992,750.1300,732.33,0,0,1,91.54,0.00,1225043968,0,0
128.4032,248020992,750.2300,786.67,0,0,1,88.50,0.00,1225043968,0,0
128.4145,248020992,750.3100,713.18,0,0,1,89.15,0.00,1225043968,0,0
128.4255,248020992,750.3800,635.67,0,0,1,90.81,0.00,1225043968,0,0
128.4366,248020992,750.4600,715.89,0,0,1,89.49,0.00,1225043968,0,0
128.4484,248020992,750.6200,1359.54,0,0,1,169.94,0.00,1225043968,0,0
128.4632,248020992,750.6900,472.45,0,0,1,67.49,0.00,1225043968,0,0
128.4742,248020992,750.7700,729.88,0,0,1,91.24,0.00,1225043968,0,0
128.4868,248020992,750.8500,633.49,0,0,1,79.19,0.00,1225043968,0,0
128.4978,248020992,750.9300,727.85,0,0,1,90.98,0.00,1225043968,0,0
128.5102,248020992,751.0800,1206.96,0,0,1,160.93,0.00,1225043968,0,0
128.5222,248020992,751.1600,667.11,0,0,1,83.39,0.00,1225043968,0,0
128.5337,248020992,751.2400,696.25,0,0,1,87.03,0.00,1225043968,0,0
128.5447,248020992,751.3200,726.75,0,0,1,90.84,0.00,1225043968,0,0
128.5592,248020992,751.4800,1107.06,0,0,1,138.38,0.00,1225043968,0,0
128.5704,248020992,751.5500,621.28,0,0,1,88.75,0.00,1225043968,0,0
128.5815,248020992,751.6300,726.22,0,0,1,79.43,0.00,1225043968,0,0
128.5928,248020992,751.7200,791.36,0,0,1,98.92,0.00,1225043968,0,0
128.6038,248020992,751.8000,728.96,0,0,1,91.12,0.00,1225043968,0,0
128.6146,248020992,751.8800,738.33,0,0,1,92.29,0.00,1225043968,0,0
128.6307,248020992,752.0200,871.86,0,0,1,116.77,0.00,1225043968,0,0
128.6417,248020992,752.1200,906.77,0,0,1,102.01,0.00,1225043968,0,0
128.6529,248020992,752.1900,628.75,0,0,1,78.59,0.00,1225043968,0,0
128.6670,248020992,752.2800,634.26,0,0,1,79.28,0.00,1225043968,0,0
128.6781,248020992,752.3600,723.77,0,0,1,90.47,0.00,1225043968,0,0
128.6890,248020992,752.4900,1191.14,0,0,1,171.80,0.00,1225043968,0,0
128.7001,248020992,752.5700,718.98,0,0,1,78.64,0.00,1225043968,0,0
128.7111,248020992,752.6700,913.74,0,0,1,114.22,0.00,1225043968,0,0
128.7221,248020992,752.7500,728.47,0,0,1,91.06,0.00,1225043968,0,0
128.7338,248020992,752.8200,594.85,0,0,1,84.98,0.00,1225043968,0,0
128.7451,248020992,752.9100,801.92,0,0,1,89.10,0.00,1225043968,0,0
128.7561,248020992,752.9900,724.07,0,0,1,90.51,0.00,1225043968,0,0
128.7672,248020992,753.0600,632.53,0,0,1,90.36,0.00,1225043968,0,0
128.7796,248020992,753.2200,1290.80,0,0,1,161.35,0.00,1225043968,0,0
128.7952,248020992,753.3000,511.85,0,0,1,63.98,0.00,1225043968,0,0
128.8081,248020992,753.3800,619.71,0,0,1,77.46,0.00,1225043968,0,0
128.8192,248020992,753.5100,1174.31,0,0,1,158.08,0.00,1225043968,0,0
128.8306,248020992,753.6100,875.78,0,0,1,109.47,0.00,1225043968,0,0
128.8447,248020992,753.6900,566.95,0,0,1,70.87,0.00,1225043968,0,0
128.8570,248020992,753.7700,648.82,0,0,1,81.10,0.00,1225043968,0,0
128.8691,248020992,753.9100,1161.01,0,0,1,155.49,0.00,1225043968,0,0
128.8801,248020992,754.0000,820.58,0,0,1,102.57,0.00,1225043968,0,0
128.8911,248020992,754.0700,633.13,0,0,1,79.14,0.00,1225043968,0,0
128.9047,248020992,754.1600,662.11,0,0,1,73.57,0.00,1225043968,0,0
128.9163,248020992,754.2400,688.65,0,0,1,96.84,0.00,1225043968,0,0
128.9277,248020992,754.3200,703.15,0,0,1,87.89,0.00,1225043968,0,0
128.9388,248020992,754.4000,724.13,0,0,1,90.52,0.00,1225043968,0,0
128.9500,248020992,754.5200,1063.66,0,0,1,144.04,0.00,1225043968,0,0
128.9668,248020992,754.6300,658.17,0,0,1,82.27,0.00,1225043968,0,0
128.9783,248020992,754.7100,693.15,0,0,1,86.64,0.00,1225043968,0,0
128.9894,248020992,754.8400,1174.38,0,0,1,158.09,0.00,1225043968,0,0
129.0096,248020992,754.9800,692.87,0,0,1,92.80,0.00,1225043968,0,0
129.0207,248020992,755.0900,986.56,0,0,1,112.11,0.00,1225043968,0,0
129.0326,248020992,755.1800,754.76,0,0,1,94.35,0.00,1225043968,0,0
129.0443,248020992,755.2600,684.96,0,0,1,85.62,0.00,1225043968,0,0
129.0554,248020992,755.3400,722.22,0,0,1,90.28,0.00,1225043968,0,0
129.0667,248020992,755.4200,705.40,0,0,1,88.18,0.00,1225043968,0,0
129.0778,248020992,755.5000,720.06,0,0,1,90.01,0.00,1225043968,0,0
129.0889,248020992,755.5800,725.37,0,0,1,158.68,0.00,1225043968,0,0
129.0999,248020992,755.7100,1176.36,0,0,1,90.49,0.00,1225043968,0,0
129.1110,248020992,755.8100,900.90,0,0,1,112.61,0.00,1225043968,0,0
129.1220,248020992,755.8900,726.07,0,0,1,90.76,0.00,1225043968,0,0
129.1339,248020992,755.9700,673.78,0,0,1,84.22,0.00,1225043968,0,0
129.1470,248020992,756.0600,688.92,0,0,1,76.55,0.00,1225043968,0,0
129.1582,248020992,756.1300,623.99,0,0,1,89.14,0.00,1225043968,0,0
129.1694,248020992,756.2700,1254.11,0,0,1,167.96,0.00,1225043968,0,0
129.1803,248020992,756.3600,822.75,0,0,1,102.84,0.00,1225043968,0,0
129.1927,248020992,756.4500,727.38,0,0,1,80.82,0.00,1225043968,0,0
129.2071,248020992,756.5200,483.79,0,0,1,69.11,0.00,1225043968,0,0
129.2182,248020992,756.6000,724.29,0,0,1,90.54,0.00,1225043968,0,0
129.2325,248020992,756.7600,1120.30,0,0,1,140.04,0.00,1225043968,0,0
129.2445,248020992,756.8400,662.53,0,0,1,82.82,0.00,1225043968,0,0
129.2560,248020992,756.9200,697.02,0,0,1,87.13,0.00,1225043968,0,0
129.2673,248020992,757.0000,706.71,0,0,1,88.34,0.00,1225043968,0,0
129.2787,248020992,757.0800,703.73,0,0,1,87.97,0.00,1225043968,0,0
129.2897,248020992,757.2200,1272.03,0,0,1,181.72,0.00,1225043968,0,0
129.3009,248020992,757.3000,716.06,0,0,1,78.32,0.00,1225043968,0,0
129.3120,248020992,757.3800,722.72,0,0,1,101.63,0.00,1225043968,0,0
129.3230,248020992,757.4600,727.75,0,0,1,90.97,0.00,1225043968,0,0
129.3340,248020992,757.5500,817.99,0,0,1,90.89,0.00,1225043968,0,0
129.3451,248020992,757.6300,717.41,0,0,1,89.68,0.00,1225043968,0,0
129.3569,248020992,757.7100,677.59,0,0,1,84.70,0.00,1225043968,0,0
129.3679,248020992,757.7900,729.01,0,0,1,91.13,0.00,1225043968,0,0
129.3789,248020992,757.9400,1358.97,0,0,1,181.20,0.00,1225043968,0,0
129.3912,248020992,758.0100,568.31,0,0,1,71.04,0.00,1225043968,0,0
129.4037,248020992,758.0900,644.58,0,0,1,80.57,0.00,1225043968,0,0
129.4148,248020992,758.1800,808.51,0,0,1,89.83,0.00,1225043968,0,0
129.4377,248020992,758.3200,611.21,0,0,1,130.97,0.00,1225043968,0,0
129.4591,248020992,758.5500,1073.45,0,0,1,87.51,0.00,1225043968,0,0
129.4750,248020992,758.6400,566.58,0,0,1,70.82,0.00,1225043968,0,0
129.4908,248020992,758.7600,761.63,0,0,1,119.00,0.00,1225043968,0,0
129.5113,248020992,758.9500,925.54,0,0,1,103.51,0.00,1225043968,0,0
129.5274,248020992,759.0500,619.92,0,0,1,61.99,0.00,1225043968,0,0
129.5400,248020992,759.1900,1114.09,0,0,1,159.16,0.00,1225043968,0,0
129.5519,248020992,759.2600,588.37,0,0,1,73.55,0.00,1225043968,0,0
129.5629,248020992,759.3500,815.03,0,0,1,101.88,0.00,1225043968,0,0
129.5786,248020992,759.4400,575.31,0,0,1,103.88,0.00,1225043968,0,0
129.5949,248020992,759.6200,1100.76,0,0,1,114.66,0.00,1225043968,0,0
129.6193,248020992,759.7900,697.18,0,0,1,87.15,0.00,1225043968,0,0
129.6323,248020992,759.8900,770.99,0,0,1,96.37,0.00,1225043968,0,0
129.6439,248020992,759.9800,773.19,0,0,1,85.91,0.00,1225043968,0,0
129.6566,248020992,760.0700,708.14,0,0,1,78.68,0.00,1225043968,0,0
129.6677,248020992,760.1400,629.30,0,0,1,89.90,0.00,1225043968,0,0
129.6789,248020992,760.2200,718.39,0,0,1,168.37,0.00,1225043968,0,0
129.6899,248020992,760.3500,1179.99,0,0,1,90.77,0.00,1225043968,0,0
129.7054,248020992,760.4600,707.78,0,0,1,72.39,0.00,1225043968,0,0
129.7178,248020992,760.5400,647.13,0,0,1,80.89,0.00,1225043968,0,0
129.7290,248020992,760.6600,1067.89,0,0,1,155.73,0.00,1225043968,0,0
129.7401,248020992,760.7300,632.81,0,0,1,90.40,0.00,1225043968,0,0
129.7525,248020992,760.8300,805.02,0,0,1,90.57,0.00,1225043968,0,0
129.7637,248020992,760.9000,627.96,0,0,1,89.71,0.00,1225043968,0,0
129.7750,248020992,760.9900,797.49,0,0,1,77.53,0.00,1225043968,0,0
129.7860,248020992,761.0700,722.54,0,0,1,90.32,0.00,1225043968,0,0
129.7982,248020992,761.1900,986.33,0,0,1,143.84,0.00,1225043968,0,0
129.8117,248020992,761.3100,889.26,0,0,1,101.89,0.00,1225043968,0,0
129.8249,248020992,761.3900,604.02,0,0,1,75.50,0.00,1225043968,0,0
129.8360,248020992,761.4600,630.72,0,0,1,78.84,0.00,1225043968,0,0
129.8471,248020992,761.5500,813.60,0,0,1,101.70,0.00,1225043968,0,0
129.8627,248020992,761.6800,831.55,0,0,1,127.93,0.00,1225043968,0,0
129.8738,248020992,761.7400,543.70,0,0,1,90.62,0.00,1225043968,0,0
129.8869,248020992,761.8000,458.28,0,0,1,76.38,0.00,1225043968,0,0
129.8983,248020992,761.8900,788.06,0,0,1,142.29,0.00,1225043968,0,0
129.9110,248020992,761.9700,629.14,0,0,1,98.30,0.00,1225043968,0,0
129.9228,248020992,762.0600,763.73,0,0,1,95.47,0.00,1225043968,0,0
129.9339,248020992,762.1400,718.10,0,0,1,89.76,0.00,1225043968,0,0
129.9449,248020992,762.2200,728.52,0,0,1,91.07,0.00,1225043968,0,0
129.9557,248020992,762.3000,738.77,0,0,1,92.35,0.00,1225043968,0,0
129.9670,248020992,762.3800,711.66,0,0,1,88.96,0.00,1225043968,0,0
129.9780,248020992,762.4600,728.03,0,0,1,91.00,0.00,1225043968,0,0
129.9898,248291328,762.6100,1270.35,0,0,1,169.38,0.00,1225043968,0,0
130.0016,248291328,762.6800,592.62,0,0,1,74.08,0.00,1225043968,0,0
130.0152,248291328,762.7500,513.43,0,0,1,73.35,0.00,1225043968,0,0
130.0268,248291328,762.8200,601.87,0,0,1,85.98,0.00,1225043968,0,0
130.0379,248291328,762.8900,633.43,0,0,1,90.49,0.00,1225043968,0,0
130.0492,248291328,763.0000,970.62,0,0,1,143.39,0.00,1225043968,0,0
130.0606,248291328,763.0900,790.66,0,0,1,98.83,0.00,1225043968,0,0
130.0732,248291328,763.1600,557.36,0,0,1,69.67,0.00,1225043968,0,0
130.0851,248291328,763.2200,502.47,0,0,1,83.75,0.00,1225043968,0,0
130.0992,248291328,763.3400,850.28,0,0,1,106.29,0.00,1225043968,0,0
130.1107,248561664,763.3900,437.29,0,0,1,87.46,0.00,1225043968,0,0
130.1216,248561664,763.4300,364.10,0,0,1,45.51,0.00,1225043968,0,0
130.1330,248561664,763.4700,353.54,0,0,1,44.19,0.00,1225043968,0,0
130.1441,248561664,763.5000,269.31,0,0,1,44.88,0.00,1225043968,0,0
130.1550,248832000,763.5200,182.73,0,0,1,22.84,0.00,1225043968,0,0
130.1658,248832000,763.5400,185.80,0,0,1,23.23,0.00,1225043968,0,0
130.1766,248832000,763.5600,184.54,0,0,1,23.07,0.00,1225043968,0,0
130.1873,248832000,763.5700,93.61,0,0,1,11.70,0.00,1225043968,0,0
130.1984,248832000,763.5800,90.52,0,0,1,33.95,0.00,1225043968,0,0
130.2098,248832000,763.6000,174.42,0,0,1,10.90,0.00,1225043968,0,0
130.2207,248832000,763.6100,92.43,0,0,1,11.55,0.00,1225043968,0,0
130.2317,248832000,763.6200,90.69,0,0,1,11.34,0.00,1225043968,0,0
130.2428,248832000,763.6300,90.05,0,0,1,22.51,0.00,1225043968,0,0
130.2538,248832000,763.6400,90.67,0,0,1,11.33,0.00,1225043968,0,0
130.2645,248832000,763.6500,93.42,0,0,1,11.68,0.00,1225043968,0,0
130.2763,248832000,763.6600,85.06,0,0,1,10.63,0.00,1225043968,0,0
130.2871,248832000,763.6700,92.34,0,0,1,23.09,0.00,1225043968,0,0
130.2980,248832000,763.6800,91.53,0,0,1,11.44,0.00,1225043968,0,0
130.3091,248832000,763.6900,89.98,0,0,1,44.99,0.00,1225043968,0,0
130.3197,248832000,763.7100,188.91,0,0,1,23.61,0.00,1225043968,0,0
130.3305,248832000,763.7300,186.37,0,0,1,11.65,0.00,1225043968,0,0
130.3415,248832000,763.7300,0.00,0,0,1,11.36,0.00,1225043968,0,0
130.3524,248832000,763.7400,91.51,0,0,1,11.44,0.00,1225043968,0,0
130.3633,248832000,763.7500,92.04,0,0,1,23.01,0.00,1225043968,0,0
130.3742,248832000,763.7600,91.78,0,0,1,11.47,0.00,1225043968,0,0
130.3852,248832000,763.7700,90.85,0,0,1,11.36,0.00,1225043968,0,0
130.3964,248832000,763.7800,88.75,0,0,1,11.09,0.00,1225043968,0,0
130.4078,248832000,763.7900,88.19,0,0,1,22.05,0.00,1225043968,0,0
130.4191,248832000,763.8100,176.82,0,0,1,44.21,0.00,1225043968,0,0
130.4301,248832000,763.8200,90.68,0,0,1,11.34,0.00,1225043968,0,0
130.4412,248832000,763.8300,90.26,0,0,1,11.28,0.00,1225043968,0,0
130.4524,248832000,763.8400,89.42,0,0,1,11.18,0.00,1225043968,0,0
130.4631,249102336,763.8600,186.01,0,0,1,23.25,0.00,1225302016,0,0
130.4739,249102336,763.8800,186.13,0,0,1,46.53,0.00,1225302016,0,0
130.4849,249102336,763.9200,363.15,0,0,1,45.39,0.00,1225302016,0,0
130.4955,249102336,763.9600,376.29,0,0,1,47.04,0.00,1225302016,0,0
130.5064,249102336,764.0000,367.58,0,0,1,45.95,0.00,1225302016,0,0
130.5172,249102336,764.0400,370.09,0,0,1,46.26,0.00,1225302016,0,0
130.5281,249102336,764.0800,366.58,0,0,1,45.82,0.00,1225302016,0,0
130.5389,249102336,764.1200,369.65,0,0,1,46.21,0.00,1225302016,0,0
130.5495,249102336,764.2000,757.89,0,0,1,118.42,0.00,1225302016,0,0
130.5600,249102336,764.2400,381.17,0,0,1,59.56,0.00,1225302016,0,0
130.5706,249102336,764.2800,376.50,0,0,1,47.06,0.00,1225302016,0,0
130.5812,249102336,764.3200,376.17,0,0,1,58.78,0.00,1225302016,0,0
130.5923,249102336,764.3600,361.29,0,0,1,45.16,0.00,1225302016,0,0
130.6028,249102336,764.4000,380.22,0,0,1,47.53,0.00,1225302016,0,0
130.6135,249102336,764.4400,375.65,0,0,1,46.96,0.00,1225302016,0,0
130.6241,249102336,764.4800,376.79,0,0,1,47.10,0.00,1225302016,0,0
130.6349,249102336,764.5200,368.57,0,0,1,46.07,0.00,1225302016,0,0
130.6457,249102336,764.5600,372.35,0,0,1,46.54,0.00,1225302016,0,0
130.6563,249102336,764.6000,376.95,0,0,1,47.12,0.00,1225302016,0,0
130.6670,249102336,764.6400,375.03,0,0,1,46.88,0.00,1225302016,0,0
130.6777,249102336,764.6800,373.51,0,0,1,46.69,0.00,1225302016,0,0
130.6886,249102336,764.7200,365.55,0,0,1,45.69,0.00,1225302016,0,0
130.6994,249102336,764.8000,743.26,0,0,1,92.91,0.00,1225302016,0,0
130.7101,249102336,764.8400,373.56,0,0,1,46.69,0.00,1225302016,0,0
130.7208,249102336,764.8800,374.35,0,0,1,46.79,0.00,1225302016,0,0
130.7315,249102336,764.9200,372.53,0,0,1,46.57,0.00,1225302016,0,0
130.7425,249102336,764.9600,365.34,0,0,1,45.67,0.00,1225302016,0,0
130.7535,249102336,765.0000,363.33,0,0,1,45.42,0.00,1225302016,0,0
130.7641,249102336,765.0400,375.56,0,0,1,46.94,0.00,1225302016,0,0
130.7750,249102336,765.0800,367.82,0,0,1,45.98,0.00,1225302016,0,0
130.7858,249102336,765.1200,370.97,0,0,1,46.37,0.00,1225302016,0,0
130.7965,249102336,765.1600,374.83,0,0,1,46.85,0.00,1225302016,0,0
130.8070,249102336,765.2000,377.58,0,0,1,47.20,0.00,1225302016,0,0
130.8178,249102336,765.2400,372.80,0,0,1,46.60,0.00,1225302016,0,0
130.8283,249102336,765.2800,378.91,0,0,1,47.36,0.00,1225302016,0,0
130.8390,249102336,765.3600,747.16,0,0,1,105.07,0.00,1225302016,0,0
130.8500,249102336,765.4000,365.17,0,0,1,45.65,0.00,1225302016,0,0
130.8606,249102336,765.4400,376.05,0,0,1,47.01,0.00,1225302016,0,0
130.8714,249102336,765.4800,372.75,0,0,1,46.59,0.00,1225302016,0,0
130.8821,249102336,765.5200,372.16,0,0,1,46.52,0.00,1225302016,0,0
130.8928,249102336,765.5600,373.85,0,0,1,46.73,0.00,1225302016,0,0
130.9036,249102336,765.6000,371.20,0,0,1,58.00,0.00,1225302016,0,0
130.9146,249102336,765.6400,364.00,0,0,1,56.88,0.00,1225302016,0,0
130.9257,249102336,765.6800,359.14,0,0,1,56.11,0.00,1225302016,0,0
130.9364,249102336,765.7200,373.13,0,0,1,46.64,0.00,1225302016,0,0
130.9471,249102336,765.7600,374.33,0,0,1,58.49,0.00,1225302016,0,0
130.9580,249102336,765.8000,369.19,0,0,1,46.15,0.00,1225302016,0,0
130.9686,249102336,765.8400,374.40,0,0,1,46.80,0.00,1225302016,0,0
130.9794,249102336,765.9200,741.14,0,0,1,92.64,0.00,1225302016,0,0
130.9902,249102336,765.9600,370.88,0,0,1,46.36,0.00,1225302016,0,0
131.0009,249102336,766.0000,373.93,0,0,1,46.74,0.00,1225302016,0,0
131.0117,249102336,766.0400,369.80,0,0,1,46.22,0.00,1229496320,0,0
131.0225,249102336,766.0800,372.40,0,0,1,46.55,0.00,1229496320,0,0
131.0332,249102336,766.1200,373.72,0,0,1,46.72,0.00,1229496320,0,0
131.0438,249102336,766.1600,377.84,0,0,1,47.23,0.00,1229496320,0,0
131.0547,249102336,766.2000,365.87,0,0,1,45.73,0.00,1229496320,0,0
131.0654,249102336,766.2400,373.53,0,0,1,46.69,0.00,1229496320,0,0
131.0761,249102336,766.2900,466.97,0,0,1,46.70,0.00,1229496320,0,0
131.0868,249102336,766.3100,186.50,0,0,1,23.31,0.00,1229496320,0,0
131.0979,249102336,766.3400,271.06,0,0,1,22.59,0.00,1229496320,0,0
131.1091,249102336,766.4100,625.08,0,0,1,100.46,0.00,1229496320,0,0
131.1200,249102336,766.4500,366.93,0,0,1,45.87,0.00,1229496320,0,0
131.1310,249102336,766.4900,362.24,0,0,1,45.28,0.00,1229496320,0,0
131.1425,249102336,766.5300,348.06,0,0,1,43.51,0.00,1229496320,0,0
131.1535,249102336,766.5700,366.29,0,0,1,45.79,0.00,1229496320,0,0
131.1646,249102336,766.6100,357.68,0,0,1,44.71,0.00,1229496320,0,0
131.1759,249102336,766.6500,355.84,0,0,1,44.48,0.00,1229496320,0,0
131.1868,249102336,766.6900,366.49,0,0,1,45.81,0.00,1229496320,0,0
131.1979,249102336,766.7300,360.50,0,0,1,45.06,0.00,1229496320,0,0
131.2092,249102336,766.8100,707.66,0,0,1,99.52,0.00,1229496320,0,0
131.2202,249102336,766.8500,363.19,0,0,1,45.40,0.00,1229496320,0,0
131.2313,249102336,766.8900,359.15,0,0,1,44.89,0.00,1229496320,0,0
131.2425,249102336,766.9300,357.36,0,0,1,44.67,0.00,1229496320,0,0
131.2534,249102336,766.9700,368.62,0,0,1,46.08,0.00,1229496320,0,0
131.2645,249102336,767.0100,359.31,0,0,1,44.91,0.00,1229496320,0,0
131.2760,249102336,767.0500,349.36,0,0,1,43.67,0.00,1229496320,0,0
131.2871,249102336,767.0900,360.28,0,0,1,45.03,0.00,1229496320,0,0
131.2983,249102336,767.1300,357.22,0,0,1,44.65,0.00,1229496320,0,0
131.3093,249102336,767.2000,637.14,0,0,1,102.40,0.00,1229496320,0,0
131.3202,249102336,767.2500,457.05,0,0,1,45.70,0.00,1229496320,0,0
131.3314,249102336,767.2900,358.60,0,0,1,44.83,0.00,1229496320,0,0
131.3425,249102336,767.3300,359.32,0,0,1,44.92,0.00,1229496320,0,0
131.3532,249102336,767.3700,372.29,0,0,1,46.54,0.00,1229496320,0,0
131.3641,249102336,767.4100,368.68,0,0,1,46.09,0.00,1229496320,0,0
131.3752,249102336,767.4500,360.93,0,0,1,45.12,0.00,1229496320,0,0
131.3859,249102336,767.4900,373.47,0,0,1,46.68,0.00,1229496320,0,0
131.3966,249102336,767.5300,372.74,0,0,1,46.59,0.00,1229496320,0,0
131.4076,249102336,767.5700,364.73,0,0,1,45.59,0.00,1229496320,0,0
131.4185,249102336,767.6100,367.09,0,0,1,57.36,0.00,1229496320,0,0
131.4294,249102336,767.6800,641.69,0,0,1,80.21,0.00,1229496320,0,0
131.4403,249102336,767.7300,457.49,0,0,1,57.19,0.00,1229496320,0,0
131.4513,249102336,767.7700,363.84,0,0,1,45.48,0.00,1229496320,0,0
131.4619,249102336,767.8100,375.76,0,0,1,46.97,0.00,1229496320,0,0
131.4728,249102336,767.8500,369.48,0,0,1,46.19,0.00,1229496320,0,0
131.4834,249102336,767.8900,376.39,0,0,1,47.05,0.00,1229496320,0,0
131.4940,249102336,767.9300,377.28,0,0,1,47.16,0.00,1229496320,0,0
131.5048,249102336,767.9700,371.62,0,0,1,46.45,0.00,1229496320,0,0
131.5155,249102336,768.0100,372.46,0,0,1,46.56,0.00,1229496320,0,0
131.5262,249102336,768.0500,375.12,0,0,1,46.89,0.00,1229496320,0,0
131.5369,249102336,768.0900,373.69,0,0,1,46.71,0.00,1229496320,0,0
131.5478,249102336,768.1300,366.27,0,0,1,45.78,0.00,1229496320,0,0
131.5588,249102336,768.1700,364.48,0,0,1,45.56,0.00,1229496320,0,0
131.5694,249102336,768.2500,751.20,0,0,1,93.90,0.00,1229496320,0,0
131.5801,249102336,768.2900,373.66,0,0,1,46.71,0.00,1229496320,0,0
131.5912,249102336,768.3300,361.49,0,0,1,45.19,0.00,1229496320,0,0
131.6019,249102336,768.3700,374.62,0,0,1,46.83,0.00,1229496320,0,0
131.6126,249102336,768.4100,373.70,0,0,1,46.71,0.00,1229496320,0,0
131.6235,249102336,768.4500,365.49,0,0,1,45.69,0.00,1229496320,0,0
131.6341,249102336,768.4900,376.52,0,0,1,47.07,0.00,1229496320,0,0
131.6449,249102336,768.5300,372.92,0,0,1,46.61,0.00,1229496320,0,0
131.6555,249102336,768.5700,377.06,0,0,1,47.13,0.00,1229496320,0,0
131.6664,249102336,768.6100,367.27,0,0,1,45.91,0.00,1229496320,0,0
131.6771,249102336,768.6500,372.19,0,0,1,46.52,0.00,1229496320,0,0
131.6878,249102336,768.6900,372.74,0,0,1,46.59,0.00,1229496320,0,0
131.6984,249102336,768.7300,378.55,0,0,1,47.32,0.00,1229496320,0,0
131.7091,249102336,768.8100,749.15,0,0,1,105.35,0.00,1229496320,0,0
131.7200,249102336,768.8500,367.28,0,0,1,45.91,0.00,1229496320,0,0
131.7307,249102336,768.8900,372.14,0,0,1,46.52,0.00,1229496320,0,0
131.7416,249102336,768.9300,366.57,0,0,1,45.82,0.00,1229496320,0,0
131.7523,249102336,768.9700,374.09,0,0,1,46.76,0.00,1229496320,0,0
131.7629,249102336,769.0100,377.51,0,0,1,47.19,0.00,1229496320,0,0
131.7738,249102336,769.0500,367.73,0,0,1,45.97,0.00,1229496320,0,0
131.7845,249102336,769.0900,375.43,0,0,1,35.20,0.00,1229496320,0,0
131.7951,249102336,769.1100,188.19,0,0,1,23.52,0.00,1229496320,0,0
131.8057,249102336,769.1300,188.75,0,0,1,23.59,0.00,1229496320,0,0
131.8165,249102336,769.1600,276.85,0,0,1,46.14,0.00,1229496320,0,0
131.8273,249102336,769.2000,370.63,0,0,1,46.33,0.00,1229496320,0,0
131.8381,249102336,769.2400,370.41,0,0,1,46.30,0.00,1229496320,0,0
131.8488,249102336,769.2800,374.07,0,0,1,46.76,0.00,1229496320,0,0
131.8596,249102336,769.3600,737.79,0,0,1,103.75,0.00,1229496320,0,0
131.8703,249102336,769.4000,376.23,0,0,1,47.03,0.00,1229496320,0,0
131.8811,249102336,769.4400,368.34,0,0,1,46.04,0.00,1229496320,0,0
131.8918,249102336,769.4800,375.78,0,0,1,46.97,0.00,1229496320,0,0
131.9026,249102336,769.5200,370.03,0,0,1,57.82,0.00,1229496320,0,0
131.9136,249102336,769.5600,364.72,0,0,1,56.99,0.00,1229496320,0,0
131.9249,249102336,769.6000,352.64,0,0,1,44.08,0.00,1229496320,0,0
131.9356,249102336,769.6400,375.05,0,0,1,46.88,0.00,1229496320,0,0
131.9462,249102336,769.6800,375.95,0,0,1,46.99,0.00,1229496320,0,0
131.9570,249102336,769.7200,369.18,0,0,1,46.15,0.00,1229496320,0,0
131.9677,249102336,769.7600,376.07,0,0,1,47.01,0.00,1229496320,0,0
131.9783,249102336,769.8000,376.86,0,0,1,47.11,0.00,1229496320,0,0
131.9890,249102336,769.8400,374.68,0,0,1,46.83,0.00,1229496320,0,0
131.9998,249102336,769.9200,736.73,0,0,1,103.60,0.00,1229496320,0,0
132.0105,249102336,769.9600,373.56,0,0,1,46.69,0.00,1229496320,0,0
132.0211,249102336,770.0000,379.70,0,0,1,47.46,0.00,1229496320,0,0
132.0318,249102336,770.0400,373.96,0,0,1,46.74,0.00,1229496320,0,0
132.0425,249102336,770.0800,374.11,0,0,1,46.76,0.00,1229496320,0,0
132.0530,249102336,770.1200,378.13,0,0,1,47.27,0.00,1229496320,0,0
132.0638,249102336,770.1600,370.79,0,0,1,46.35,0.00,1229496320,0,0
132.0748,249102336,770.2000,365.85,0,0,1,45.73,0.00,1229496320,0,0
132.0855,249102336,770.2400,372.18,0,0,1,46.52,0.00,1229496320,0,0
132.0961,249102336,770.2800,376.99,0,0,1,47.12,0.00,1229496320,0,0
132.1071,249102336,770.3200,365.22,0,0,1,45.65,0.00,1229496320,0,0
132.1180,249102336,770.3600,367.21,0,0,1,45.90,0.00,1229496320,0,0
132.1290,249102336,770.4000,363.05,0,0,1,102.11,0.00,1229496320,0,0
132.1402,249102336,770.4800,714.91,0,0,1,44.68,0.00,1229496320,0,0
132.1511,249102336,770.5200,365.96,0,0,1,45.74,0.00,1229496320,0,0
132.1619,249102336,770.5600,371.16,0,0,1,46.40,0.00,1229496320,0,0
132.1726,249102336,770.6000,371.83,0,0,1,46.48,0.00,1229496320,0,0
132.1836,249102336,770.6400,365.35,0,0,1,45.67,0.00,1229496320,0,0
132.1944,249102336,770.6800,368.59,0,0,1,46.07,0.00,1229496320,0,0
132.2052,249102336,770.7200,372.42,0,0,1,46.55,0.00,1229496320,0,0
132.2159,249102336,770.7600,372.01,0,0,1,46.50,0.00,1229496320,0,0
132.2269,249102336,770.8000,364.60,0,0,1,45.57,0.00,1229496320,0,0
132.2376,249102336,770.8400,372.16,0,0,1,46.52,0.00,1229496320,0,0
132.2484,249102336,770.8800,372.88,0,0,1,46.61,0.00,1229496320,0,0
132.2591,249102336,770.9600,742.83,0,0,1,104.46,0.00,1229496320,0,0
132.2701,249102336,771.0000,365.74,0,0,1,45.72,0.00,1229496320,0,0
132.2808,249102336,771.0400,372.26,0,0,1,46.53,0.00,1229496320,0,0
132.2915,249102336,771.0800,373.56,0,0,1,46.69,0.00,1229496320,0,0
132.3022,249102336,771.1200,373.90,0,0,1,46.74,0.00,1229496320,0,0
132.3129,249102336,771.1600,374.77,0,0,1,46.85,0.00,1229496320,0,0
132.3237,249102336,771.2000,369.37,0,0,1,46.17,0.00,1229496320,0,0
132.3344,249102336,771.2400,373.83,0,0,1,46.73,0.00,1229496320,0,0
132.3449,249102336,771.2800,380.34,0,0,1,47.54,0.00,1229496320,0,0
132.3556,249102336,771.3200,374.39,0,0,1,46.80,0.00,1229496320,0,0
132.3664,249102336,771.3600,371.00,0,0,1,46.38,0.00,1229496320,0,0
132.3770,249102336,771.4000,377.68,0,0,1,47.21,0.00,1229496320,0,0
132.3877,249102336,771.4400,372.72,0,0,1,46.59,0.00,1229496320,0,0
132.3986,249102336,771.4800,367.84,0,0,1,45.98,0.00,1229496320,0,0
132.4094,249102336,771.5600,738.50,0,0,1,92.31,0.00,1229496320,0,0
132.4202,249102336,771.6000,373.13,0,0,1,46.64,0.00,1229496320,0,0
132.4309,249102336,771.6400,372.68,0,0,1,46.59,0.00,1229496320,0,0
132.4418,249102336,771.6800,365.93,0,0,1,45.74,0.00,1229496320,0,0
132.4528,249102336,771.7200,364.11,0,0,1,45.51,0.00,1229496320,0,0
132.4639,249102336,771.7600,361.17,0,0,1,56.43,0.00,1229496320,0,0
132.4748,249102336,771.8000,365.43,0,0,1,45.68,0.00,1229496320,0,0
132.4857,249102336,771.8400,368.85,0,0,1,46.11,0.00,1229496320,0,0
132.4968,249102336,771.8800,359.81,0,0,1,44.98,0.00,1229496320,0,0
132.5082,249102336,771.9200,349.85,0,0,1,43.73,0.00,1229496320,0,0
132.5191,249102336,772.0000,738.21,0,0,1,103.81,0.00,1229496320,0,0
132.5301,249102336,772.0400,363.41,0,0,1,45.43,0.00,1229496320,0,0
132.5412,249102336,772.0800,358.73,0,0,1,44.84,0.00,1229496320,0,0
132.5520,249102336,772.1200,370.30,0,0,1,46.29,0.00,1229496320,0,0
132.5629,249102336,772.1600,368.25,0,0,1,46.03,0.00,1229496320,0,0
132.5744,249102336,772.2000,346.90,0,0,1,43.36,0.00,1229496320,0,0
132.5853,249102336,772.2400,365.85,0,0,1,45.73,0.00,1229496320,0,0
132.5967,249102336,772.2900,438.75,0,0,1,43.87,0.00,1229496320,0,0
132.6082,249102336,772.3200,262.01,0,0,1,43.67,0.00,1229496320,0,0
132.6193,249102336,772.3700,450.16,0,0,1,56.27,0.00,1229496320,0,0
132.6305,249102336,772.4300,537.02,0,0,1,67.13,0.00,1229496320,0,0
132.6416,249102336,772.4800,450.20,0,0,1,56.28,0.00,1229496320,0,0
132.6525,249102336,772.5200,367.57,0,0,1,45.95,0.00,1229496320,0,0
132.6635,249102336,772.5600,362.18,0,0,1,45.27,0.00,1229496320,0,0
132.6746,249102336,772.6000,361.14,0,0,1,45.14,0.00,1229496320,0,0
132.6853,249102336,772.6400,373.82,0,0,1,46.73,0.00,1229496320,0,0
132.6960,249102336,772.6800,372.76,0,0,1,46.59,0.00,1229496320,0,0
132.7071,249102336,772.7200,362.41,0,0,1,45.30,0.00,1229496320,0,0
132.7179,249102336,772.7600,369.40,0,0,1,46.18,0.00,1229496320,0,0
132.7287,249102336,772.8000,369.37,0,0,1,46.17,0.00,1229496320,0,0
132.7394,249102336,772.8800,747.74,0,0,1,93.47,0.00,1229496320,0,0
132.7501,249102336,772.9200,374.63,0,0,1,46.83,0.00,1229496320,0,0
132.7609,249102336,772.9600,368.84,0,0,1,46.11,0.00,1229496320,0,0
132.7716,249102336,773.0000,375.09,0,0,1,46.89,0.00,1229496320,0,0
132.7823,249102336,773.0400,374.47,0,0,1,46.81,0.00,1229496320,0,0
132.7928,249102336,773.0800,379.23,0,0,1,47.40,0.00,1229496320,0,0
132.8038,249102336,773.1200,365.79,0,0,1,45.72,0.00,1229496320,0,0
132.8146,249102336,773.1600,369.74,0,0,1,46.22,0.00,1229496320,0,0
132.8253,249102336,773.2000,374.17,0,0,1,46.77,0.00,1229496320,0,0
132.8359,249102336,773.2400,375.00,0,0,1,46.87,0.00,1229496320,0,0
132.8469,249102336,773.2800,365.18,0,0,1,45.65,0.00,1229496320,0,0
132.8579,249102336,773.3200,363.62,0,0,1,45.45,0.00,1229496320,0,0
132.8687,249102336,773.3600,368.41,0,0,1,46.05,0.00,1229496320,0,0
132.8794,249102336,773.4400,747.63,0,0,1,93.45,0.00,1229496320,0,0
132.8905,249102336,773.4800,361.10,0,0,1,45.14,0.00,1229496320,0,0
132.9012,249102336,773.5200,375.35,0,0,1,46.92,0.00,1229496320,0,0
132.9120,249102336,773.5600,369.93,0,0,1,46.24,0.00,1229496320,0,0
132.9227,249102336,773.6000,373.62,0,0,1,46.70,0.00,1229496320,0,0
132.9335,249102336,773.6400,371.14,0,0,1,46.39,0.00,1229496320,0,0
132.9442,249102336,773.6800,374.35,0,0,1,46.79,0.00,1229496320,0,0
132.9549,249102336,773.7200,373.65,0,0,1,46.71,0.00,1229496320,0,0
132.9656,249102336,773.7600,372.85,0,0,1,46.61,0.00,1229496320,0,0
132.9761,249102336,773.8000,379.10,0,0,1,47.39,0.00,1229496320,0,0
132.9870,249102336,773.8400,369.65,0,0,1,46.21,0.00,1229496320,0,0
132.9977,249102336,773.8800,374.43,0,0,1,46.80,0.00,1229496320,0,0
133.0083,249102336,773.9200,376.69,0,0,1,47.09,0.00,1229496320,0,0
133.0191,249102336,774.0000,736.48,0,0,1,103.57,0.00,1229496320,0,0
133.0302,249102336,774.0400,360.03,0,0,1,45.00,0.00,1229496320,0,0
133.0412,249102336,774.0800,364.09,0,0,1,45.51,0.00,1229496320,0,0
133.0520,249102336,774.1200,370.25,0,0,1,46.28,0.00,1229496320,0,0
133.0628,249102336,774.1600,370.62,0,0,1,46.33,0.00,1229496320,0,0
133.0738,249102336,774.2000,363.71,0,0,1,45.46,0.00,1229496320,0,0
133.0845,249102336,774.2400,374.99,0,0,1,46.87,0.00,1229496320,0,0
133.0954,249102336,774.2800,367.71,0,0,1,45.96,0.00,1229496320,0,0
133.1062,249102336,774.3200,369.04,0,0,1,46.13,0.00,1229496320,0,0
133.1170,249102336,774.3600,369.33,0,0,1,46.17,0.00,1229496320,0,0
133.1279,249102336,774.4000,367.98,0,0,1,46.00,0.00,1229496320,0,0
133.1387,249102336,774.4400,370.03,0,0,1,46.25,0.00,1229496320,0,0
133.1493,249102336,774.5200,752.75,0,0,1,105.85,0.00,1229496320,0,0
133.1601,249102336,774.5600,372.09,0,0,1,46.51,0.00,1229496320,0,0
133.1708,249102336,774.6000,375.24,0,0,1,46.90,0.00,1229496320,0,0
133.1815,249102336,774.6400,373.55,0,0,1,46.69,0.00,1229496320,0,0
133.1921,249102336,774.6800,376.54,0,0,1,47.07,0.00,1229496320,0,0
133.2027,249102336,774.7200,377.46,0,0,1,47.18,0.00,1229496320,0,0
133.2136,249102336,774.7600,365.91,0,0,1,45.74,0.00,1229496320,0,0
133.2244,249102336,774.8000,369.36,0,0,1,46.17,0.00,1229496320,0,0
133.2351,249102336,774.8400,374.68,0,0,1,46.84,0.00,1229496320,0,0
133.2458,249102336,774.8800,372.93,0,0,1,46.62,0.00,1229496320,0,0
133.2569,249102336,774.9200,361.27,0,0,1,45.16,0.00,1229496320,0,0
133.2676,249102336,774.9600,375.99,0,0,1,47.00,0.00,1229496320,0,0
133.2782,249102336,775.0000,374.97,0,0,1,46.87,0.00,1229496320,0,0
133.2890,249102336,775.0400,372.22,0,0,1,58.16,0.00,1229496320,0,0
133.2997,249102336,775.1200,743.29,0,0,1,92.91,0.00,1229496320,0,0
133.3103,249102336,775.1600,378.38,0,0,1,47.30,0.00,1229496320,0,0
133.3210,249102336,775.2000,375.81,0,0,1,46.98,0.00,1229496320,0,0
133.3317,249102336,775.2400,372.07,0,0,1,46.51,0.00,1229496320,0,0
133.3425,249102336,775.2800,370.80,0,0,1,46.35,0.00,1229496320,0,0
133.3532,249102336,775.3200,373.04,0,0,1,46.63,0.00,1229496320,0,0
133.3640,249102336,775.3600,369.34,0,0,1,46.17,0.00,1229496320,0,0
133.3749,249102336,775.4000,368.05,0,0,1,46.01,0.00,1229496320,0,0
133.3858,249102336,775.4400,367.26,0,0,1,45.91,0.00,1229496320,0,0
133.3968,249102336,775.4800,363.12,0,0,1,45.39,0.00,1229496320,0,0
133.4077,249102336,775.5200,366.21,0,0,1,45.78,0.00,1229496320,0,0
133.4186,249102336,775.5600,368.45,0,0,1,46.06,0.00,1229496320,0,0
133.4299,249102336,775.6400,707.40,0,0,1,88.43,0.00,1229496320,0,0
133.4410,249102336,775.6800,360.59,0,0,1,45.07,0.00,1229496320,0,0
133.4519,249102336,775.7200,365.91,0,0,1,45.74,0.00,1229496320,0,0
133.4632,249102336,775.7600,356.24,0,0,1,44.53,0.00,1229496320,0,0
133.4743,249102336,775.8000,357.80,0,0,1,44.73,0.00,1229496320,0,0
133.4855,249102336,775.8400,359.66,0,0,1,44.96,0.00,1229496320,0,0
133.4966,249102336,775.8800,357.90,0,0,1,44.74,0.00,1229496320,0,0
133.5075,249102336,775.9200,368.71,0,0,1,46.09,0.00,1229496320,0,0
133.5185,249102336,775.9600,363.02,0,0,1,45.38,0.00,1229496320,0,0
133.5298,249102336,776.0400,709.50,0,0,1,88.69,0.00,1229496320,0,0
133.5409,249102336,776.0800,358.74,0,0,1,44.84,0.00,1229496320,0,0
133.5517,249102336,776.1200,370.67,0,0,1,46.33,0.00,1229496320,0,0
133.5627,249102336,776.1600,363.08,0,0,1,45.39,0.00,1229496320,0,0
133.5739,249102336,776.2000,358.45,0,0,1,44.81,0.00,1229496320,0,0
133.5845,249102336,776.2400,377.56,0,0,1,58.99,0.00,1229496320,0,0
133.5953,249102336,776.2800,371.48,0,0,1,46.44,0.00,1229496320,0,0
133.6063,249102336,776.3200,361.14,0,0,1,45.14,0.00,1229496320,0,0
133.6171,249102336,776.3600,370.58,0,0,1,46.32,0.00,1229496320,0,0
133.6280,249102336,776.4000,366.48,0,0,1,45.81,0.00,1229496320,0,0
133.6394,249102336,776.4800,703.50,0,0,1,87.94,0.00,1229496320,0,0
133.6502,249102336,776.5200,369.77,0,0,1,46.22,0.00,1229496320,0,0
133.6610,249102336,776.5600,370.72,0,0,1,46.34,0.00,1229496320,0,0
133.6717,249102336,776.6000,373.23,0,0,1,46.65,0.00,1229496320,0,0
133.6826,249102336,776.6400,368.63,0,0,1,57.60,0.00,1229496320,0,0
133.6934,249102336,776.6800,370.39,0,0,1,46.30,0.00,1229496320,0,0
133.7041,249102336,776.7200,374.60,0,0,1,46.83,0.00,1229496320,0,0
133.7147,249102336,776.7600,375.21,0,0,1,46.90,0.00,1229496320,0,0
133.7254,249102336,776.8000,373.45,0,0,1,46.68,0.00,1229496320,0,0
133.7362,249102336,776.8400,372.87,0,0,1,46.61,0.00,1229496320,0,0
133.7469,249102336,776.8800,372.04,0,0,1,58.13,0.00,1229496320,0,0
133.7579,249102336,776.9200,362.87,0,0,1,45.36,0.00,1229496320,0,0
133.7687,249102336,776.9600,372.86,0,0,1,46.61,0.00,1229496320,0,0
133.7795,249102336,777.0400,740.93,0,0,1,92.62,0.00,1229496320,0,0
133.7904,249102336,777.0800,365.29,0,0,1,45.66,0.00,1229496320,0,0
133.8009,249102336,777.1200,380.07,0,0,1,47.51,0.00,1229496320,0,0
133.8117,249102336,777.1600,371.84,0,0,1,46.48,0.00,1229496320,0,0
133.8226,249102336,777.2000,365.92,0,0,1,45.74,0.00,1229496320,0,0
133.8333,249102336,777.2400,375.21,0,0,1,46.90,0.00,1229496320,0,0
133.8439,249102336,777.2800,376.72,0,0,1,47.09,0.00,1229496320,0,0
133.8546,249102336,777.3200,375.14,0,0,1,46.89,0.00,1229496320,0,0
133.8656,249102336,777.3600,362.23,0,0,1,45.28,0.00,1229496320,0,0
133.8765,249102336,777.4000,366.85,0,0,1,45.86,0.00,1229496320,0,0
133.8875,249102336,777.4400,364.83,0,0,1,45.60,0.00,1229496320,0,0
133.8986,249102336,777.4800,359.85,0,0,1,44.98,0.00,1229496320,0,0
133.9093,249102336,777.5500,651.63,0,0,1,104.73,0.00,1229496320,0,0
133.9202,249102336,777.6000,459.57,0,0,1,45.96,0.00,1229496320,0,0
133.9310,249102336,777.6300,277.66,0,0,1,34.71,0.00,1229496320,0,0
133.9418,249102336,777.6600,277.43,0,0,1,23.12,0.00,1229496320,0,0
133.9526,249102336,777.6800,186.25,0,0,1,23.28,0.00,1229496320,0,0
133.9634,249102336,777.6900,92.71,0,0,1,11.59,0.00,1229496320,0,0
133.9746,249102336,777.7100,178.16,0,0,1,11.13,0.00,1229496320,0,0
133.9853,214945792,777.7100,0.00,0,0,1,23.31,0.00,1204805632,0,0
133.9965,0,777.7100,0.00,0,0,1,11.20,0.00,1173020672,0,0
134.0065,0,777.7100,0.00,0,0,0,24.89,0.00,1046925312,0,0
