t_s,proc_rss_bytes,proc_cpu_s,proc_cpu_pct,proc_read_bytes,proc_write_bytes,nproc,sys_cpu_pct,sys_iowait_pct,sys_mem_used_bytes,sys_read_bytes,sys_write_bytes
0.0000,0,0.0000,0.00,0,0,0,0.00,0.00,61777920,0,0
0.1049,57188352,0.1000,95.32,0,0,1,3.28,0.00,80131072,0,0
0.2119,78114816,0.2300,121.52,0,0,1,4.97,0.00,99263488,0,172032
0.3184,85585920,0.4000,159.57,0,0,1,4.40,0.00,105808896,0,172032
0.4248,162865152,0.8700,441.84,0,0,1,14.10,0.00,196079616,0,172032
0.5313,362225664,2.0100,1070.39,0,708608,1,31.98,0.00,398233600,0,229376
0.6374,371269632,2.2500,226.13,0,15618048,1,5.89,0.00,407051264,0,229376
0.7429,371662848,2.4200,161.13,0,35180544,1,4.74,0.00,407161856,0,229376
0.8494,371662848,2.6300,197.30,0,54366208,1,5.58,0.00,407080960,0,229376
0.9549,371662848,2.8200,180.04,0,73756672,1,5.63,0.00,406938624,0,229376
1.0601,371662848,3.0000,171.05,0,94416896,1,6.24,0.00,407611392,0,253952
1.1653,373235712,3.3200,304.28,0,100683776,1,6.54,0.00,408836096,0,253952
1.2710,376381440,4.6400,1248.86,0,100728832,1,36.66,0.00,412067840,0,4470784
1.3817,378347520,6.0800,1300.81,0,100773888,1,41.50,0.00,414472192,0,4470784
1.4874,379920384,8.0200,1834.77,0,100843520,1,57.93,0.00,416262144,0,4483072
1.5935,383459328,9.7000,1583.58,0,100847616,1,51.25,0.00,418863104,0,4511744
1.7054,384245760,12.5000,2501.76,0,100982784,1,79.02,0.00,419973120,0,4511744
1.8116,384245760,14.0300,1441.50,0,100982784,1,44.46,1.77,420570112,0,84764672
1.9184,384245760,14.0300,0.00,0,100982784,1,0.00,2.92,420258816,0,84764672
2.0239,384245760,14.0300,0.00,0,100982784,1,0.00,3.26,420258816,0,84764672
2.1299,384245760,14.0300,0.00,0,100982784,1,0.00,3.24,420254720,0,84764672
2.2358,384245760,14.0300,0.00,0,100982784,1,0.00,2.95,420250624,0,84764672
2.3427,386211840,15.1300,1028.65,0,100990976,1,32.15,0.88,421565440,0,89081856
2.4485,390537216,16.7600,1541.48,0,100995072,1,49.65,0.00,425489408,0,89081856
2.5575,392896512,18.7200,1798.61,0,101257216,1,54.77,0.00,428959744,0,89090048
2.6635,392896512,21.8400,2942.86,0,101257216,1,103.46,0.00,428959744,0,89090048
2.7786,392896512,25.1900,2910.58,0,101261312,1,79.55,0.00,428890112,0,89090048
2.8844,393289728,27.2300,1928.35,0,101261312,1,61.44,0.00,429459456,0,89090048
2.9898,398794752,28.6600,1355.82,0,101261312,1,40.59,0.00,436447232,0,89090048
3.0956,401940480,30.1900,1446.28,0,101265408,1,47.56,0.00,439011328,0,89090048
3.2011,405479424,31.8800,1602.35,0,101265408,1,48.00,0.00,441776128,0,89090048
3.3066,407838720,33.5000,1534.88,0,101265408,1,47.67,0.00,444291072,0,89090048
3.4127,407838720,35.1600,1564.31,0,101265408,1,50.65,0.00,443602944,0,89090048
3.5215,411770880,36.8900,1591.51,0,101793792,1,49.73,0.00,449903616,0,89090048
3.6271,411770880,40.0100,2954.14,0,101793792,1,91.43,0.00,449514496,0,89249792
3.7325,411770880,43.1200,2948.58,0,101793792,1,95.99,0.00,449514496,0,89249792
3.8382,411770880,46.3200,3027.60,0,101793792,1,91.06,0.00,449514496,0,89315328
3.9441,411770880,49.4400,2947.00,0,101793792,1,95.34,0.00,449584128,0,89315328
4.0499,412557312,52.5900,2976.63,0,101793792,1,89.77,0.00,450370560,0,89315328
4.1549,412950528,55.0400,2333.29,0,101793792,1,73.21,0.00,450890752,0,89315328
4.2601,414130176,57.0600,1920.17,0,101793792,1,61.49,0.00,450907136,0,89315328
4.3656,417669120,57.8000,701.58,0,101793792,1,20.74,0.00,455486464,0,89315328
4.4711,417669120,59.4600,1573.51,0,101793792,1,48.28,0.00,455248896,0,89470976
4.5772,424353792,60.9100,1367.31,0,101797888,1,43.32,0.00,461999104,0,89470976
4.6838,428679168,62.5800,1565.84,0,101797888,1,48.64,0.00,465665024,0,89470976
4.7904,431431680,64.2200,1539.21,0,101797888,1,48.98,0.00,468634624,0,89470976
4.8964,437329920,65.8400,1527.78,0,101797888,1,49.81,0.00,473881600,0,89470976
5.0019,441262080,67.4900,1563.31,0,101801984,1,45.89,0.00,478862336,0,89470976
5.1077,444014592,69.0500,1475.56,0,101801984,1,49.07,0.00,480977920,0,89470976
5.2138,444014592,70.7800,1630.52,0,101801984,1,48.60,0.00,480764928,0,89470976
5.3193,444014592,72.4500,1581.73,0,101801984,1,49.43,0.00,480928768,0,89470976
5.4251,444014592,74.1700,1626.91,0,101801984,1,51.73,0.00,480670720,0,89470976
5.5335,453287936,75.3500,1088.62,0,102850560,1,34.88,0.00,489443328,0,89470976
5.6393,453287936,78.4700,2948.57,0,102850560,1,91.55,0.00,488951808,0,89470976
5.7447,453287936,81.4900,2864.02,0,102850560,1,97.21,0.00,488951808,0,89470976
5.8545,453287936,84.7300,2952.49,0,102850560,1,85.43,0.00,489197568,0,89487360
5.9600,453287936,87.7500,2860.45,0,102850560,1,93.53,0.00,488939520,0,89487360
6.0661,453287936,90.8800,2949.50,0,102850560,1,87.75,0.00,488935424,0,89487360
6.1736,453287936,94.1200,3015.35,0,102850560,1,93.94,0.00,488935424,0,89540608
6.2794,453287936,97.2300,2939.74,0,102850560,1,96.89,0.00,488914944,0,89540608
6.3866,453287936,100.4500,3004.88,0,102850560,1,90.69,0.00,488914944,0,178058240
6.4976,453287936,103.7800,2998.75,0,102850560,1,94.27,0.00,488914944,0,178058240
6.6032,453287936,106.9000,2955.03,0,102850560,1,92.94,0.00,489185280,0,178058240
6.7093,453287936,110.1300,3043.25,0,102850560,1,95.10,0.00,489181184,0,178058240
6.8154,454467584,113.1000,2799.23,0,102850560,1,86.00,0.00,490491904,0,178058240
6.9214,455254016,115.7300,2482.54,0,102854656,1,79.35,0.29,491016192,1024,217736192
7.0280,455254016,118.1000,2221.59,0,102854656,1,71.18,0.00,490950656,1024,217736192
7.1335,455254016,120.4800,2255.73,0,102854656,1,67.23,0.00,490950656,1024,217736192
7.2389,456433664,122.6800,2087.97,0,102854656,1,66.73,0.00,491737088,1024,217736192
7.3446,458006528,124.1300,1371.99,0,102854656,1,43.47,0.00,493780992,1024,217736192
7.4505,458792960,125.0600,878.04,0,102854656,1,26.55,0.00,494138368,1024,217736192
7.5561,465870848,125.8400,738.72,0,102854656,1,25.16,0.00,502727680,1024,217736192
7.6621,465870848,127.5700,1631.87,0,102854656,1,49.23,0.00,502580224,1024,217736192
7.7683,465870848,129.2300,1563.63,0,102854656,1,50.34,0.00,502203392,1024,217736192
7.8741,475308032,130.4000,1105.16,0,102854656,1,33.36,0.00,511575040,1024,217781248
7.9803,475308032,132.0600,1564.10,0,102854656,1,51.23,0.00,511194112,1024,217781248
8.0858,475308032,133.7900,1639.52,0,102854656,1,49.16,0.00,511194112,1024,217781248
8.1918,485138432,135.3800,1499.92,0,102858752,1,48.35,0.00,521937920,1024,217781248
8.2982,485138432,137.1100,1626.56,0,102858752,1,48.77,0.00,521749504,1024,217781248
8.4038,485138432,138.7800,1580.21,0,102858752,1,50.86,0.00,520958976,1024,217781248
8.5097,497946624,140.4500,1577.34,0,102858752,1,49.00,0.30,533492736,1024,217781248
8.6153,481005568,142.3700,1818.29,0,102858752,1,56.53,0.00,516419584,1024,217781248
8.7219,481005568,144.0900,1613.36,0,102858752,1,50.12,0.00,516050944,1024,217805824
8.8279,476626944,145.6700,1491.56,0,102858752,1,47.20,0.00,509730816,1024,217805824
8.9340,470564864,147.4000,1629.45,0,102858752,1,50.04,0.00,504295424,1024,217805824
9.0399,470564864,149.0700,1577.11,0,102858752,1,50.17,0.00,504295424,1024,217805824
9.1455,468779008,150.8100,1648.58,0,102858752,1,49.74,0.00,503308288,1024,217805824
9.2511,444248064,152.6700,1760.12,0,102858752,1,53.82,0.00,477341696,1024,217805824
9.3572,444248064,154.4000,1631.47,0,102858752,1,51.57,0.00,477186048,1024,217805824
9.4633,444248064,156.0700,1574.28,0,102858752,1,49.20,0.00,476928000,1024,217805824
9.5692,444248064,157.7900,1623.49,0,102858752,1,50.73,0.00,477186048,1024,217805824
9.6746,444248064,159.4600,1584.96,0,102858752,1,50.12,0.00,477186048,1024,217805824
9.7803,438362112,160.5100,993.47,0,104960000,1,34.00,0.00,474067968,1024,217805824
9.8871,439148544,163.5300,2827.03,0,104960000,1,85.42,0.00,473740288,1024,217805824
9.9937,439148544,166.5600,2840.80,0,104960000,1,89.07,0.00,473486336,1024,217900032
10.0999,439148544,169.5400,2806.59,0,104960000,1,90.35,0.00,473617408,1024,217900032
10.2061,439148544,172.6700,2948.22,0,104960000,1,89.48,0.00,473617408,1024,217900032
10.3121,439148544,175.6900,2848.74,0,104960000,1,92.27,0.00,473416704,1024,217900032
10.4180,439148544,178.8200,2954.51,0,104960000,1,88.79,0.00,472822784,1024,218022912
10.5254,439148544,181.9800,2941.86,0,104960000,1,92.51,0.00,472822784,1024,218022912
10.6313,439148544,185.1000,2948.38,0,104960000,1,91.84,0.00,472822784,1024,218022912
10.7401,439148544,188.3400,2976.02,0,104960000,1,96.16,0.00,472822784,1024,218022912
10.8461,439148544,191.5800,3058.80,0,104960000,1,92.64,0.00,472822784,1024,218022912
10.9520,439148544,194.7000,2945.46,0,104960000,1,95.59,0.00,472822784,1024,218022912
11.0607,439148544,197.9400,2979.77,0,104960000,1,92.54,0.00,472822784,1024,218022912
11.1664,439148544,201.1700,3055.60,0,104960000,1,93.12,0.00,472757248,1024,218022912
11.2720,439148544,204.2900,2956.20,0,104960000,1,95.64,0.00,472753152,1024,218022912
11.3816,439148544,207.6500,3064.74,0,104960000,1,91.78,0.00,472749056,1024,218022912
11.4878,439148544,210.7700,2937.62,0,104960000,1,96.51,0.00,472749056,1024,304494080
11.5943,439148544,214.0000,3032.94,0,104960000,1,91.55,0.00,472749056,1024,304494080
11.7014,439148544,217.2400,3024.12,0,104960000,1,93.92,0.00,472744960,1024,304494080
11.8073,439148544,220.3600,2948.64,0,104960000,1,92.74,0.30,472744960,1024,304494080
11.9164,439148544,223.6000,2968.48,0,104960000,1,95.91,0.00,472744960,1024,304494080
12.0223,439148544,226.8400,3061.10,0,104960000,1,91.82,0.00,472740864,1024,304563712
12.1283,439148544,229.9600,2941.19,0,104960000,1,96.04,0.00,472740864,1024,304563712
12.2360,439148544,233.2000,3010.47,0,104960000,1,93.79,0.00,472740864,1024,304563712
12.3416,439148544,236.4400,3068.10,0,104960000,1,92.33,0.00,472740864,1024,304563712
12.4476,439148544,239.5300,2914.33,0,104960000,1,93.43,0.00,472740864,1024,304563712
12.5575,439148544,242.7800,2958.22,0,104960000,1,90.74,0.00,472904704,1024,304563712
12.6636,436576256,245.4700,2534.54,0,104960000,1,82.15,0.00,470279168,1024,304563712
12.7695,436576256,248.0500,2437.00,0,104960000,1,72.61,0.00,470279168,1024,304563712
12.8748,436576256,250.4400,2268.66,0,104960000,1,71.19,0.00,470275072,1024,304563712
12.9804,434601984,252.8400,2272.57,0,104960000,1,76.05,0.00,468812800,1024,304563712
13.0905,434601984,255.4100,2334.97,0,104960000,1,67.86,0.00,468812800,1024,304563712
13.1957,433348608,257.6600,2137.70,0,104960000,1,68.88,0.00,467289088,1024,304563712
13.3009,433348608,259.8500,2082.61,0,104960000,1,65.08,0.00,467217408,1024,304563712
13.4067,431632384,262.1200,2145.27,0,104960000,1,65.27,0.00,465267712,1024,304563712
13.5120,431632384,264.1800,1957.07,0,104960000,1,63.53,0.00,464829440,1024,304616960
13.6172,429879296,266.2000,1919.19,0,104960000,1,56.71,0.00,463756288,1024,304772608
13.7229,428687360,267.4500,1182.63,0,104960000,1,36.37,0.00,462240768,1024,304772608
13.8286,429080576,268.1800,690.73,0,104960000,1,21.88,0.00,462359552,1024,304870912
13.9337,429080576,268.8300,618.35,0,104960000,1,19.32,0.00,461921280,1024,304870912
14.0393,427331584,269.4900,624.77,0,104960000,1,19.23,0.00,461160448,1024,304870912
14.1454,427331584,271.1900,1603.53,0,104960000,1,50.11,0.00,460775424,1024,304870912
14.2512,427331584,272.8600,1578.19,0,104960000,1,50.20,0.00,460771328,1024,304870912
14.3566,427331584,274.5200,1574.83,0,104960000,1,50.40,0.00,460771328,1024,304870912
14.4622,427331584,276.2500,1638.59,0,104960000,1,49.73,0.00,460292096,1024,304870912
14.5681,427331584,277.9100,1567.33,0,104960000,1,51.34,0.00,460025856,1024,304870912
14.6741,425779200,279.3700,1377.31,0,104964096,1,39.80,0.00,458887168,1024,304870912
14.7796,425779200,280.0100,606.56,0,104964096,1,19.55,0.00,458739712,1024,304870912
14.8849,426565632,280.6300,588.89,0,104964096,1,17.51,0.00,460455936,1024,304870912
14.9907,427757568,281.4000,727.38,0,104964096,1,24.50,0.00,462561280,1024,304870912
15.0965,427757568,283.0700,1578.74,0,104964096,1,51.11,0.00,462053376,1024,304985600
15.2018,427757568,284.7900,1633.14,0,104964096,1,49.26,0.00,461795328,1024,304985600
15.3077,427757568,286.4500,1568.39,0,104964096,1,51.37,0.00,461537280,1024,304985600
15.4137,427757568,288.1800,1631.68,0,104964096,1,49.22,0.00,461029376,1024,304985600
15.5186,427757568,289.8500,1592.01,0,104964096,1,49.45,0.00,460943360,1024,304985600
15.6238,431689728,290.8500,950.16,0,104964096,1,29.69,0.00,465129472,1024,304985600
15.7295,431689728,291.5000,615.32,0,104964096,1,18.64,0.00,465129472,1024,304985600
15.8352,433262592,291.9600,435.33,0,104964096,1,13.31,0.00,466702336,1024,304985600
15.9408,436408320,292.9200,908.93,0,104964096,1,31.66,0.00,470638592,1024,304985600
16.0465,436408320,294.6500,1635.70,0,104964096,1,48.46,0.00,470126592,1024,304985600
16.1520,436408320,296.3200,1582.77,0,104964096,1,52.13,0.00,470126592,1024,304985600
16.2580,436408320,298.0400,1622.64,0,104964096,1,48.64,0.00,470122496,1024,304985600
16.3635,436408320,299.7100,1583.64,0,104964096,1,50.97,0.00,469614592,1024,304985600
16.4693,436408320,301.4400,1635.25,0,104964096,1,49.33,0.00,469102592,1024,304985600
16.5746,438374400,302.2600,778.86,0,104964096,1,24.04,0.00,471986176,1024,308539904
16.6794,438374400,302.8800,591.53,0,104964096,1,18.78,0.00,471728128,1024,308657664
16.7849,439947264,303.2900,388.73,0,104964096,1,11.26,0.00,473300992,1024,308657664
16.8907,442699776,304.8000,1426.17,0,104964096,1,45.45,0.00,476729344,1024,308657664
16.9965,442699776,306.4600,1570.06,0,104964096,1,51.72,0.00,476729344,1024,308657664
17.1013,442699776,308.1900,1650.81,0,104964096,1,48.90,0.00,476475392,1024,308657664
17.2069,442699776,309.8500,1571.37,0,104964096,1,50.29,0.00,476475392,1024,308657664
17.3123,442699776,311.5100,1574.81,0,104964096,1,50.40,0.00,476475392,1024,308657664
17.4174,445452288,313.0800,1494.11,0,104968192,1,45.50,0.00,479096832,1024,308657664
17.5226,445845504,313.5100,408.74,0,104968192,1,12.77,0.00,478851072,1024,308657664
17.6273,445845504,313.9300,401.08,0,104968192,1,11.94,0.00,478593024,1024,308657664
17.7327,450957312,315.3800,1376.34,0,104968192,1,45.09,0.00,485044224,1024,308678144
17.8379,450957312,317.1100,1643.92,0,104968192,1,49.00,0.00,485044224,1024,308723200
17.9431,450957312,318.7800,1587.47,0,104968192,1,49.61,0.00,484200448,1024,308792832
18.0484,450957312,320.4400,1576.72,0,104968192,1,51.65,0.00,484200448,1024,308792832
18.1535,450957312,322.1700,1646.02,0,104968192,1,49.65,0.00,484200448,1024,308792832
18.2589,450957312,323.8300,1574.37,0,104968192,1,48.90,0.00,484200448,1024,308792832
18.3648,450957312,325.5000,1577.98,0,104968192,1,51.38,0.00,484196352,1024,308792832
18.4698,450957312,327.2200,1636.78,0,104968192,1,49.37,0.00,483942400,1024,308792832
18.5752,450957312,328.8900,1584.76,0,104968192,1,49.52,0.00,483942400,1024,308792832
18.6807,450957312,330.5500,1573.83,0,104968192,1,51.55,0.00,483942400,1024,308792832
18.7859,450957312,332.2800,1644.87,0,104968192,1,49.32,0.00,483942400,1024,308792832
18.8911,450957312,333.9400,1577.85,0,104968192,1,49.01,0.00,483942400,1024,308792832
18.9960,450957312,335.6000,1581.34,0,104968192,1,51.20,0.00,483938304,1024,308792832
19.1012,450957312,337.3300,1644.98,0,104968192,1,50.22,0.00,483938304,1024,308792832
19.2064,450957312,339.0000,1587.42,0,104968192,1,49.61,0.00,483938304,1024,308932096
19.3119,450957312,340.6600,1574.25,0,104968192,1,51.27,0.00,483938304,1024,308932096
19.4175,454889472,342.3700,1619.48,0,104968192,1,48.54,0.00,488132608,1024,308932096
19.5224,442626048,342.9400,542.97,0,104968192,1,16.67,0.00,474284032,1024,308932096
19.6276,442626048,343.3500,390.04,0,104968192,1,12.19,0.00,474546176,1024,308932096
19.7328,442626048,343.7700,399.06,0,104968192,1,12.77,0.00,474419200,1024,308956672
19.8385,442626048,344.2000,406.85,0,104968192,1,12.42,0.00,474419200,1024,308956672
19.9435,442626048,344.6100,390.40,0,104968192,1,13.09,0.00,474419200,1024,308956672
20.0487,442626048,345.0300,399.11,0,104968192,1,11.88,0.00,474419200,1024,308956672
20.1575,461066240,346.1000,984.28,0,109162496,1,32.20,0.00,495812608,1024,308956672
20.2631,461066240,349.2200,2953.14,0,109162496,1,91.40,0.00,495050752,1024,308956672
20.3685,461066240,352.3400,2960.09,0,109162496,1,96.95,0.00,494784512,1024,308956672
20.4736,461066240,355.5800,3083.10,0,109162496,1,92.48,0.00,495251456,1024,308956672
20.5786,461066240,358.7000,2971.78,0,109162496,1,93.17,0.00,494735360,1024,308956672
20.6840,461066240,361.8200,2959.68,0,109162496,1,96.34,0.00,494735360,1024,308956672
20.7900,461066240,365.0600,3056.19,0,109162496,1,91.67,0.00,494735360,1024,308956672
20.8976,461066240,368.3000,3012.56,0,109162496,1,94.43,0.00,494735360,1024,308956672
21.0028,461066240,371.4200,2964.90,0,109162496,1,91.47,0.00,494735360,1024,308956672
21.1096,461066240,374.6600,3033.66,0,109162496,1,95.68,0.00,494735360,1024,308956672
21.2145,461066240,377.8500,3042.16,0,109162496,1,94.77,0.00,494731264,1024,308956672
21.3198,461066240,381.0000,2989.52,0,109162496,1,94.91,0.00,494731264,1024,308956672
21.4252,461066240,384.2400,3074.23,0,109162496,1,95.48,0.00,494546944,1024,308956672
21.5306,461066240,387.3600,2959.14,0,109162496,1,91.88,0.00,494546944,1024,308956672
21.6416,461066240,390.7200,3029.31,0,109162496,1,94.38,0.00,494542848,1024,308956672
21.7472,461066240,393.8400,2952.49,0,109162496,1,93.45,0.00,494542848,1024,310504960
21.8529,461066240,396.9600,2954.18,0,109162496,1,94.98,0.00,494542848,1024,310504960
21.9582,461066240,400.2000,3075.09,0,109162496,1,92.83,0.00,494542848,1024,310504960
22.0636,461066240,403.3200,2959.29,0,109162496,1,91.89,0.00,494538752,1024,310504960
22.1688,461066240,406.4400,2967.92,0,109162496,1,96.61,0.00,494534656,1024,310504960
22.2736,461066240,409.6700,3080.63,0,109162496,1,92.99,0.00,494534656,1024,310504960
22.3794,461066240,412.7900,2949.06,0,109162496,1,92.45,0.00,494534656,1024,310504960
22.4846,461066240,415.9100,2967.37,0,109162496,1,96.89,0.00,494534656,1024,310545920
22.5935,461066240,419.2700,3085.61,0,109162496,1,92.12,0.00,494796800,1024,310545920
22.6987,461066240,422.3900,2965.35,0,109162496,1,93.26,0.00,494796800,1024,310545920
22.8036,461066240,425.6200,3076.95,0,109162496,1,94.96,0.00,494792704,1024,310582784
22.9084,461066240,428.8400,3072.77,0,109162496,1,100.50,0.00,494792704,1024,310582784
23.0174,461066240,432.3100,3183.05,0,109162496,1,98.90,0.00,494792704,1024,310582784
23.1260,461066240,435.6600,3085.35,0,109162496,1,94.11,0.00,494792704,1024,310640128
23.2308,461066240,438.8800,3073.69,0,109162496,1,95.46,0.00,494792704,1024,310640128
23.3361,461066240,442.1100,3065.82,0,109162496,1,99.66,0.00,494526464,1024,310640128
23.4418,461066240,445.4500,3160.91,0,109162496,1,94.34,0.00,494526464,1024,310640128
23.5473,461066240,448.5700,2957.30,0,109162496,1,93.90,0.00,494526464,1024,310713856
23.6522,461066240,451.6600,2945.27,0,109162496,1,94.72,0.00,494526464,1024,310885888
23.7573,461066240,454.8600,3045.99,0,109162496,1,92.21,0.00,494526464,1024,310885888
23.8625,461066240,457.9800,2965.20,0,109162496,1,91.47,0.00,494522368,1024,310885888
23.9676,461066240,461.1600,3026.40,0,109162496,1,99.33,0.00,494522368,1024,310885888
24.0732,461066240,464.5100,3170.37,0,109162496,1,95.23,0.00,494522368,1024,310885888
24.1782,461066240,467.7000,3039.05,0,109162496,1,95.86,0.00,494522368,1024,310906368
24.2833,461066240,470.8500,2996.06,0,109162496,1,92.74,0.00,494522368,1024,310971904
24.3880,461066240,474.0800,3084.85,0,109162496,1,101.18,0.00,494522368,1024,310971904
24.4934,461066240,477.4300,3180.87,0,109162496,1,94.95,0.00,494522368,1024,310971904
24.5985,461066240,480.6500,3061.72,0,109162496,1,96.57,0.00,494522368,1024,310971904
24.7033,461066240,483.8700,3072.83,0,109162496,1,95.13,0.00,494518272,1024,310971904
24.8088,461066240,487.1000,3062.89,0,109162496,1,100.46,0.00,494518272,1024,310971904
24.9140,461066240,490.4400,3174.07,0,109162496,1,94.73,0.00,494518272,1024,310971904
25.0189,461066240,493.6700,3078.92,0,109162496,1,96.81,0.00,494518272,1024,310992384
25.1239,461066240,496.8900,3066.44,0,109162496,1,99.10,0.00,494518272,1024,310992384
25.2290,461066240,500.2400,3189.30,0,109162496,1,96.69,0.00,494518272,1024,310992384
25.3338,461066240,503.4600,3071.02,0,109162496,1,95.08,0.00,494514176,1024,310992384
25.4387,461066240,506.6900,3079.43,0,109162496,1,96.83,0.00,494514176,1024,310992384
25.5439,461066240,509.9100,3060.40,0,109162496,1,94.75,0.00,494514176,1024,310992384
25.6488,461066240,513.1400,3079.16,0,109162496,1,100.99,0.00,494514176,1024,310992384
25.7537,461066240,516.4800,3184.99,0,109162496,1,95.06,0.00,494514176,1024,310992384
25.8592,461066240,519.7100,3061.63,0,109162496,1,96.27,0.00,494514176,1024,310992384
25.9644,461066240,522.9300,3061.11,0,109162496,1,98.93,0.00,494514176,1024,310992384
26.0691,461066240,526.2800,3199.12,0,109162496,1,96.99,0.00,494510080,1024,310992384
26.1740,461066240,529.5000,3070.52,0,109162496,1,95.06,0.00,494510080,1024,310992384
26.2787,461459456,532.7300,3083.29,0,109162496,1,96.95,0.00,494943232,1024,310992384
26.3840,463818752,535.8100,2924.80,0,109162496,1,94.66,0.00,497302528,1024,310992384
26.4894,464605184,538.8100,2846.01,0,109162496,1,85.68,0.00,498088960,1024,310992384
26.5943,465391616,541.5700,2632.35,0,109162496,1,81.07,0.00,498985984,1024,310992384
26.6994,466178048,544.2100,2511.33,0,109166592,1,79.37,0.00,499773440,1024,311021056
26.8048,467750912,546.7800,2438.68,0,109166592,1,78.28,0.00,501608448,1024,311021056
26.9098,467750912,549.3200,2419.80,0,109166592,1,75.02,0.00,501088256,1024,314120704
27.0146,467750912,551.8200,2385.63,0,109166592,1,73.66,0.00,501088256,1024,314120704
27.1195,467750912,554.3200,2382.06,0,109166592,1,74.44,0.00,501161984,1024,314120704
27.2243,467750912,556.8100,2375.93,0,109166592,1,76.93,0.00,501161984,1024,314120704
27.3291,467750912,559.4000,2470.80,0,109166592,1,75.72,0.00,501161984,1024,328272384
27.4348,467750912,561.9000,2365.26,0,109166592,1,73.62,0.00,501161984,1024,360651264
27.5401,468930560,564.3900,2364.79,0,109170688,1,76.57,0.00,502210560,1024,360651264
27.6451,468930560,566.8700,2362.05,0,109170688,1,71.14,0.00,501829632,1024,360716800
27.7504,469716992,569.2600,2269.00,0,109170688,1,72.39,0.00,502878208,1024,360716800
27.8553,470110208,571.5500,2184.99,0,109170688,1,67.09,0.00,503402496,1024,360860160
27.9601,471289856,573.7100,2059.36,0,109170688,1,66.44,0.00,504451072,1024,360860160
28.0651,471289856,575.8700,2058.43,0,109170688,1,61.65,0.00,504451072,1024,360860160
28.1700,471289856,577.9500,1982.71,0,109170688,1,63.15,0.00,504451072,1024,360860160
28.2754,471289856,580.0300,1972.94,0,109170688,1,61.06,0.00,504451072,1024,360860160
28.3802,472076288,582.1100,1985.16,0,109170688,1,63.53,0.00,505241600,1024,360860160
28.4856,472076288,584.1600,1943.98,0,109170688,1,58.97,0.00,505241600,1024,360860160
28.5908,473649152,586.0700,1815.80,0,109170688,1,57.04,0.00,507080704,1024,360860160
28.6958,476794880,587.6400,1496.05,0,109170688,1,47.64,0.00,511270912,1024,360860160
28.8011,479940608,588.7900,1092.26,0,109170688,1,32.65,0.00,513630208,1024,360860160
28.9060,480727040,589.6300,800.37,0,109170688,1,25.01,0.00,514420736,1024,360860160
29.0106,480727040,590.4600,793.69,0,109170688,1,25.10,0.00,514949120,1024,360860160
29.1152,481513472,591.1900,697.75,0,109170688,1,20.91,0.00,515211264,1024,360860160
29.2200,481513472,591.9200,696.72,0,109170688,1,22.97,0.00,515211264,1024,360860160
29.3254,482299904,592.6600,702.02,0,109170688,1,21.35,0.00,515993600,1024,360860160
29.4304,483479552,593.1900,504.57,0,109170688,1,16.07,0.00,517738496,1024,360860160
29.5352,485838848,593.5000,295.80,0,109170688,1,9.24,0.00,520146944,1024,360860160
29.6406,511397888,594.7300,1166.89,0,109170688,1,38.84,0.00,545755136,1024,360909312
29.7455,511397888,596.4600,1650.44,0,109170688,1,49.79,0.00,545755136,1024,360909312
29.8503,511397888,598.1200,1583.68,0,109170688,1,49.49,0.00,545628160,1024,360909312
29.9553,511397888,599.7900,1590.87,0,109170688,1,49.12,0.00,545378304,1024,360909312
30.0600,511397888,601.4500,1584.16,0,109170688,1,51.89,0.00,545378304,1024,360909312
30.1647,511397888,603.1100,1585.44,0,109170688,1,49.84,0.00,545378304,1024,360909312
30.2696,511397888,604.8400,1650.23,0,109170688,1,49.78,0.00,545378304,1024,360909312
30.3746,511397888,606.5100,1590.89,0,109170688,1,49.12,0.00,545378304,1024,360909312
30.4795,511397888,608.1700,1582.30,0,109170688,1,49.74,0.00,545378304,1024,360909312
30.5843,511397888,609.8300,1583.84,0,109170688,1,51.28,0.00,545640448,1024,360909312
30.6890,511397888,611.4900,1585.34,0,109170688,1,49.84,0.00,544673792,1024,360987136
30.7935,528699392,613.0800,1521.01,0,109170688,1,43.65,0.00,563224576,1024,360987136
30.8983,538136576,613.3800,286.34,0,109170688,1,8.95,0.00,572416000,1024,360987136
31.0028,538136576,613.5800,191.37,0,109170688,1,5.98,0.00,572162048,1024,360987136
31.1076,538136576,613.7900,200.33,0,109170688,1,6.56,0.00,572162048,1024,360987136
31.2125,559370240,614.2300,419.56,0,109170688,1,16.39,0.00,593928192,1024,360987136
31.3172,559370240,615.9600,1651.97,0,109170688,1,49.24,0.00,593928192,1024,360987136
31.4219,559370240,617.6200,1585.67,0,109170688,1,50.15,0.00,593674240,1024,360987136
31.5266,559370240,619.2900,1595.68,0,109170688,1,50.16,0.00,593674240,1024,360987136
31.6314,559370240,620.9500,1583.57,0,109170688,1,48.89,0.00,593674240,1024,360987136
31.7360,559370240,622.6100,1587.29,0,109170688,1,52.59,0.00,593674240,1024,411937280
31.8413,559370240,624.3400,1643.30,0,109170688,1,49.28,0.00,593674240,1024,411937280
31.9462,559370240,626.0000,1581.54,0,109170688,1,51.80,0.00,593428480,1024,485451264
32.0518,559370240,627.6700,1581.35,0,109170688,1,53.86,0.30,593686528,1024,513335808
32.1566,559370240,629.3300,1584.75,0,109170688,1,49.52,0.00,593686528,1024,513335808
32.2615,559370240,631.0600,1648.70,0,109170688,1,49.74,0.00,593686528,1024,513335808
32.3665,559370240,632.7200,1580.64,0,109170688,1,49.69,0.00,593686528,1024,513335808
32.4715,602808320,633.8300,1057.74,0,109174784,1,34.25,0.00,637919232,1024,572080640
32.5762,602808320,635.4900,1585.45,0,109174784,1,51.34,0.00,637919232,1024,572174848
32.6809,602808320,637.1600,1594.58,0,109174784,1,49.83,0.00,637161472,1024,572174848
32.7857,602808320,638.8900,1649.99,0,109174784,1,50.07,0.00,637161472,1024,572252672
32.8909,602808320,640.5500,1578.63,0,109174784,1,49.03,0.00,637161472,1024,572252672
32.9962,602808320,642.2100,1577.10,0,109174784,1,51.36,0.00,636669952,1024,572252672
33.1012,602808320,643.9400,1647.06,0,109174784,1,49.39,0.00,636669952,1024,572252672
33.2061,602808320,645.6100,1592.09,0,109174784,1,50.35,0.00,636669952,1024,572252672
33.3111,602808320,647.2700,1580.85,0,109174784,1,49.40,0.00,636669952,1024,572252672
33.4159,602808320,648.9300,1583.36,0,109174784,1,51.57,0.00,636669952,1024,572252672
33.5210,602808320,650.6600,1646.88,0,109174784,1,49.38,0.00,636411904,1024,572252672
33.6261,602808320,652.3300,1588.09,0,109174784,1,49.63,0.00,636485632,1024,572412416
33.7309,624828416,653.1500,782.88,0,109174784,1,23.27,0.00,660078592,1024,572412416
33.8360,624828416,653.3600,199.78,0,109174784,1,6.24,0.00,659824640,1024,572412416
33.9410,624828416,653.5800,209.40,0,109174784,1,6.54,0.00,659070976,1024,572412416
34.0461,645275648,654.9200,1275.25,0,109174784,1,40.45,0.00,679780352,1024,572412416
34.1512,645275648,656.5800,1579.72,0,109174784,1,49.66,0.00,679276544,1024,572412416
34.2562,645275648,658.2400,1580.73,0,109174784,1,51.18,0.00,679272448,1024,572633600
34.3612,645275648,659.9700,1648.55,0,109174784,1,49.43,0.00,679272448,1024,572633600
34.4662,645275648,661.6400,1590.35,0,109174784,1,49.70,0.00,679026688,1024,572686848
34.5710,645275648,663.3000,1584.14,0,109174784,1,49.80,0.00,679026688,1024,572686848
34.6761,645275648,664.9600,1578.27,0,109174784,1,50.81,0.00,679026688,1024,572686848
34.7816,645275648,666.6900,1640.19,0,109174784,1,49.77,0.00,679026688,1024,572686848
34.8866,645275648,668.3500,1581.05,0,109174784,1,50.00,0.00,679026688,1024,572686848
34.9918,645275648,670.0200,1587.84,0,109174784,1,51.70,0.00,679022592,1024,572686848
35.0968,645275648,671.6800,1580.73,0,109174784,1,50.29,0.00,679022592,1024,572686848
35.2017,694820864,673.1200,1372.50,0,109174784,1,41.40,0.00,730128384,1024,572686848
35.3067,694820864,674.7900,1591.16,0,109174784,1,49.13,0.00,729186304,1024,572686848
35.4113,694820864,676.4500,1585.97,0,109174784,1,50.46,0.00,729186304,1024,572686848
35.5165,694820864,678.1200,1588.39,0,109174784,1,51.12,0.00,729145344,1024,572686848
35.6216,694820864,679.8400,1636.73,0,109174784,1,49.36,0.00,729071616,1024,572686848
35.7264,694820864,681.5100,1593.59,0,109174784,1,49.80,0.00,729071616,1024,572686848
35.8311,694820864,683.1700,1584.09,0,109174784,1,49.20,0.00,729071616,1024,572686848
35.9361,694820864,684.8400,1590.63,0,109174784,1,51.49,0.00,728842240,1024,572686848
36.0413,694820864,686.5600,1635.22,0,109174784,1,49.62,0.00,728842240,1024,572686848
36.1467,694820864,688.2300,1585.29,0,109174784,1,49.84,0.00,728842240,1024,572686848
36.2516,694820864,689.8900,1581.80,0,109174784,1,49.13,0.00,728842240,1024,572686848
36.3565,694820864,691.5600,1591.58,0,109174784,1,51.82,0.00,728842240,1024,572686848
36.4620,694820864,693.2800,1631.54,0,109174784,1,48.91,0.00,729104384,1024,572686848
36.5666,694820864,694.9500,1595.57,0,109174784,1,50.16,0.00,729104384,1024,572686848
36.6717,694820864,696.6100,1579.46,0,109174784,1,51.44,0.00,729108480,1024,572686848
36.7769,694820864,698.3400,1644.48,0,109174784,1,48.72,0.00,729108480,1024,572711424
36.8823,694820864,700.0000,1575.94,0,109174784,1,49.54,0.00,728842240,1024,572711424
36.9873,694820864,701.6700,1589.67,0,109174784,1,49.97,0.00,728842240,1024,572711424
37.0928,694820864,703.3300,1574.06,0,109174784,1,55.71,0.00,728841216,1024,655761920
37.1991,694820864,705.0600,1627.07,0,109174784,1,48.49,0.00,728947712,1024,655761920
37.3041,694820864,706.7200,1580.75,0,109174784,1,52.37,0.00,728943616,1024,655761920
37.4092,694820864,708.4500,1646.26,0,109174784,1,49.07,0.00,728939520,1024,655761920
37.5149,694820864,710.1100,1570.05,0,109174784,1,49.06,0.00,728939520,1024,655761920
37.6198,694820864,711.7800,1591.88,0,109174784,1,51.83,0.00,728939520,1024,655888896
37.7250,694820864,713.5000,1635.63,0,109174784,1,49.92,0.00,728939520,1024,655888896
37.8301,694820864,715.1700,1588.40,0,109174784,1,49.04,0.00,728939520,1024,655888896
37.9353,694820864,716.8300,1579.02,0,109174784,1,49.34,0.00,728939520,1024,655888896
38.0403,694820864,718.5000,1589.73,0,109174784,1,51.76,0.00,728939520,1024,655888896
38.1458,694820864,720.2200,1630.40,0,109174784,1,49.47,0.00,728939520,1024,655888896
38.2516,694820864,721.8900,1579.11,0,109174784,1,48.76,0.00,728939520,1024,655938048
38.3567,694820864,723.5500,1578.34,0,109174784,1,51.11,0.30,728935424,1024,655938048
38.4620,694820864,725.2800,1642.70,0,109174784,1,49.85,0.00,728935424,1024,655938048
38.5675,694820864,726.9400,1573.86,0,109174784,1,49.78,0.00,728935424,1024,655938048
38.6727,694820864,728.6100,1587.60,0,109174784,1,50.80,0.00,728935424,1024,655999488
38.7778,694820864,730.3300,1637.33,0,109174784,1,49.38,0.00,728935424,1024,655999488
38.8828,715661312,731.7300,1333.12,0,109174784,1,41.36,0.00,749612032,1024,655999488
38.9884,715513856,731.9300,189.26,0,117563392,1,5.91,0.00,753524736,1024,656114176
39.0935,761573376,733.8000,1780.52,0,117567488,1,57.72,0.00,797487104,1024,656114176
39.1985,761573376,736.7100,2771.71,0,117567488,1,87.21,0.00,796749824,1024,656171520
39.3036,761573376,739.6300,2777.86,0,117567488,1,90.08,0.00,796745728,1024,656171520
39.4093,761573376,742.6500,2856.18,0,117567488,1,84.82,0.00,796495872,1024,656183808
39.5140,761573376,745.5600,2778.85,0,117567488,1,87.44,0.00,796495872,1024,656183808
39.6188,761573376,748.4700,2777.25,0,117567488,1,87.39,0.00,796758016,1024,656183808
39.7239,761573376,751.3900,2778.12,0,117567488,1,90.38,0.00,796762112,1024,656183808
39.8288,761573376,754.3300,2804.41,0,117567488,1,86.74,0.00,796762112,1024,656183808
39.9337,761573376,757.3600,2887.67,0,117567488,1,87.26,0.00,796250112,1024,656249344
40.0393,761573376,760.2400,2727.57,0,117567488,1,85.83,0.00,796246016,1024,656249344
40.1437,761573376,763.1500,2787.45,0,117567488,1,87.11,0.00,796246016,1024,656249344
40.2492,761573376,766.1800,2872.06,0,117567488,1,88.57,0.00,796246016,1024,656249344
40.3549,761573376,769.0900,2751.20,0,117567488,1,86.57,0.00,796246016,1024,656249344
40.4655,761573376,772.3300,2929.38,0,117567488,1,92.67,0.00,796246016,1024,656249344
40.5708,761573376,775.3400,2860.46,0,117567488,1,87.90,0.00,796246016,1024,656249344
40.6762,761573376,778.3500,2854.21,0,117567488,1,93.94,0.00,795996160,1024,656249344
40.7818,761573376,781.4800,2964.76,0,117567488,1,88.21,0.00,795996160,1024,656249344
40.8867,761573376,784.5600,2935.98,0,117567488,1,93.24,0.00,795996160,1024,656249344
40.9924,761573376,787.6900,2962.83,0,117567488,1,94.66,0.00,795996160,1024,656249344
41.0977,761573376,790.9200,3067.09,0,117567488,1,93.47,0.00,795996160,1024,656249344
41.2027,761573376,794.0400,2971.64,0,117567488,1,97.03,0.00,795996160,1024,656249344
41.3103,761573376,797.2800,3010.70,0,117567488,1,89.15,0.00,795996160,1024,656249344
41.4158,761573376,800.4000,2956.79,0,117567488,1,97.14,0.00,795996160,1024,656249344
41.5256,761573376,803.7600,3060.16,0,117567488,1,92.50,0.00,795996160,1024,656249344
41.6313,761573376,806.8800,2952.31,0,117567488,1,90.78,0.00,795996160,1024,656249344
41.7368,761573376,810.0000,2957.56,0,117567488,1,97.16,0.00,795992064,1024,656249344
41.8417,761573376,813.2300,3077.04,0,117567488,1,91.69,0.00,795992064,1024,656249344
41.9474,761573376,816.3500,2952.14,0,117567488,1,93.73,0.00,795992064,1024,656249344
42.0533,761573376,819.5900,3060.13,0,117567488,1,94.15,0.00,795992064,1024,656249344
42.1614,761573376,822.8300,2995.82,0,117567488,1,93.62,0.00,795992064,1024,656249344
42.2674,761573376,826.1300,3115.74,0,117567488,1,99.14,0.00,795987968,1024,659189760
42.3730,761573376,829.5900,3274.55,0,117567488,1,99.96,0.00,795987968,1024,659189760
42.4788,761573376,832.9200,3149.36,0,117567488,1,99.90,0.00,795987968,1024,659283968
42.5844,761573376,836.2500,3150.98,0,117567488,1,104.68,0.00,796250112,1024,659341312
42.6940,761573376,839.7200,3167.63,0,117567488,1,91.86,0.00,795987968,1024,659341312
42.7997,761573376,842.9500,3054.59,0,117567488,1,99.00,0.00,795987968,1024,659341312
42.9050,761573376,846.1800,3069.14,0,117567488,1,97.40,0.00,795983872,1024,659341312
43.0106,761573376,849.5200,3163.41,0,117567488,1,93.83,0.00,795983872,1024,659582976
43.1158,761573376,852.7500,3069.02,0,117567488,1,100.36,0.00,795983872,1024,659582976
43.2214,761573376,856.0900,3162.00,0,117567488,1,94.37,0.00,795983872,1024,659582976
43.3265,761573376,859.3100,3065.71,0,117567488,1,97.59,0.00,795983872,1024,659582976
43.4365,761573376,862.6600,3045.71,0,117567488,1,98.02,0.00,795983872,1024,659582976
43.5420,761573376,866.0600,3221.12,0,117567488,1,95.92,0.00,795983872,1024,659582976
43.6474,761573376,869.3900,3158.08,0,117567488,1,100.47,0.00,795983872,1024,659738624
43.7521,761573376,872.7200,3180.77,0,117567488,1,101.49,0.00,795979776,1024,659738624
43.8579,761573376,876.1700,3262.91,0,117567488,1,99.31,0.00,795979776,1024,659738624
43.9636,761573376,879.5000,3151.13,0,117567488,1,97.29,0.00,795979776,1024,659808256
44.0723,761573376,882.9500,3171.43,0,117567488,1,103.13,0.00,795979776,1024,659861504
44.1777,761573376,886.4100,3284.96,0,117567488,1,99.69,0.00,795979776,1024,659910656
44.2825,761573376,889.7300,3165.39,0,117567488,1,98.02,0.00,795983872,1024,659910656
44.3879,761573376,893.0600,3162.30,0,117567488,1,102.68,0.00,795852800,1024,659910656
44.4938,761573376,896.5100,3257.18,0,117567488,1,98.25,0.00,795848704,1024,659972096
44.5986,761573376,899.8400,3175.38,0,117567488,1,102.81,0.00,795848704,1024,659972096
44.7056,761573376,903.3000,3234.52,0,117567488,1,99.03,0.00,795848704,1024,659972096
44.8107,761573376,906.6200,3158.37,0,117567488,1,97.21,0.00,795848704,1024,659992576
44.9176,761573376,910.0800,3238.34,0,117567488,1,102.08,0.00,795848704,1024,659992576
45.0228,761573376,913.4100,3164.72,0,117567488,1,97.71,0.00,795848704,1024,659992576
45.1280,761573376,916.7300,3154.41,0,117567488,1,102.44,0.00,795844608,1024,659992576
45.2335,761573376,920.1800,3271.03,0,117567488,1,103.70,0.00,796106752,1024,659992576
45.3417,761573376,923.6400,3197.09,0,117567488,1,95.58,0.00,796106752,1024,659992576
45.4470,761573376,926.9700,3162.76,0,117567488,1,100.32,0.00,795848704,1024,659992576
45.5522,761573376,930.3000,3165.91,0,117567488,1,101.01,0.00,795848704,1024,659992576
45.6575,761573376,933.7500,3275.22,0,117567488,1,99.38,0.00,795848704,1024,659992576
45.7655,761573376,937.2100,3204.59,0,117567488,1,101.01,0.00,795734016,1024,659992576
45.8704,761573376,940.5400,3176.25,0,117567488,1,97.17,0.00,795729920,1024,659992576
45.9760,761573376,943.8600,3142.63,0,117567488,1,103.24,0.00,795729920,1024,659992576
46.0811,761573376,947.3200,3293.48,0,117567488,1,98.46,0.00,795729920,1024,659992576
46.1895,761573376,950.7700,3182.89,0,117567488,1,98.89,0.00,795729920,1024,659992576
46.2943,761573376,954.1000,3175.79,0,117567488,1,99.84,0.00,795729920,1024,659992576
46.3991,761573376,957.4300,3177.80,0,117567488,1,99.60,0.00,795729920,1024,659992576
46.5045,761573376,960.7600,3157.86,0,117567488,1,103.72,0.00,795729920,1024,659992576
46.6093,761573376,964.2100,3293.53,0,117567488,1,96.96,0.00,795992064,1024,659992576
46.7176,761573376,967.6600,3186.36,0,117567488,1,100.73,0.00,795987968,1024,659992576
46.8231,761573376,970.9900,3154.67,0,117567488,1,97.99,0.00,795987968,1024,659992576
46.9280,761573376,974.3200,3176.20,0,117567488,1,102.53,0.00,795987968,1024,659992576
47.0331,761573376,977.7700,3282.52,0,117567488,1,99.61,0.00,795987968,1024,659992576
47.1381,761573376,981.1000,3169.48,0,117567488,1,102.91,0.00,795987968,1024,659992576
47.2456,761573376,984.5600,3219.49,0,117567488,1,98.28,0.00,796246016,1024,659992576
47.3505,761573376,987.8800,3165.60,0,117567488,1,97.44,0.00,796246016,1024,663151104
47.4558,761573376,991.2100,3163.43,0,117567488,1,99.15,0.00,795983872,1024,663224832
47.5608,761573376,994.5400,3170.40,0,117567488,1,108.00,0.00,795983872,1024,663249408
47.6699,761573376,998.1200,3281.55,0,117567488,1,93.67,0.00,795983872,1024,663298560
47.7750,761573376,1001.4500,3166.72,0,117567488,1,99.26,0.00,795983872,1024,663298560
47.8804,761573376,1004.7700,3150.20,0,117567488,1,102.59,0.00,795983872,1024,663331328
47.9855,761573376,1008.2300,3294.51,0,117567488,1,100.28,0.00,795983872,1024,663331328
48.0905,761573376,1011.5500,3161.41,0,117567488,1,97.31,0.00,795983872,1024,663392768
48.2004,761573376,1015.0100,3146.80,0,117567488,1,102.32,0.00,795979776,1024,663392768
48.3053,761573376,1018.4600,3290.07,0,117567488,1,100.43,0.00,795979776,1024,663392768
48.4099,761573376,1021.6900,3086.56,0,117567488,1,94.36,0.00,795979776,1024,663392768
48.5148,761573376,1024.9100,3071.06,0,117567488,1,96.57,0.00,795979776,1024,663392768
48.6195,761573376,1028.1400,3085.37,0,117567488,1,96.42,0.00,795979776,1024,663491072
48.7250,761573376,1031.4800,3163.39,0,117567488,1,100.34,0.00,795975680,1024,663491072
48.8299,761573376,1034.7100,3081.76,0,117567488,1,94.22,0.00,795975680,1024,663491072
48.9349,761573376,1037.9300,3066.63,0,117567488,1,96.43,0.00,795975680,1024,663491072
49.0407,761573376,1041.1600,3050.61,0,117567488,1,98.87,0.00,795975680,1024,663491072
49.1455,761573376,1044.5000,3189.78,0,117567488,1,97.89,0.00,795975680,1024,663491072
49.2504,761573376,1047.7300,3078.05,0,117567488,1,94.10,0.00,795975680,1024,663491072
49.3574,761573376,1051.1300,3175.69,0,117567488,1,99.82,0.00,795975680,1024,663491072
49.4626,761573376,1054.4600,3168.01,0,117567488,1,99.30,0.00,795971584,1024,663773696
49.5676,761573376,1057.7900,3169.11,0,117567488,1,102.01,0.00,795971584,1024,663773696
49.6776,761573376,1061.3700,3256.19,0,117567488,1,98.63,0.00,796233728,1024,663773696
49.7837,761573376,1064.7000,3138.15,0,117567488,1,103.07,0.00,795971584,1024,663773696
49.8895,761573376,1068.1600,3271.76,0,117567488,1,96.63,0.00,795971584,1024,663798272
49.9949,761573376,1071.4800,3149.47,0,117567488,1,99.31,0.00,795971584,1024,663876096
50.1002,761573376,1074.8100,3161.14,0,117567488,1,102.64,0.00,795971584,1024,663876096
50.2060,761573376,1078.2600,3261.21,0,117567488,1,98.96,0.00,795967488,1024,663876096
50.3117,761573376,1081.5900,3151.65,0,117567488,1,97.01,0.00,795967488,1024,663876096
50.4171,761573376,1085.0400,3271.03,0,117567488,1,106.96,0.00,795967488,1024,663876096
50.5264,761573376,1088.5000,3167.38,0,117567488,1,95.83,0.00,795967488,1024,663876096
50.6317,761573376,1091.8300,3161.28,0,117567488,1,101.76,0.00,795967488,1024,663876096
50.7376,761573376,1095.2800,3257.52,0,117567488,1,97.96,0.00,795967488,1024,663876096
50.8434,761573376,1098.6100,3146.99,0,117567488,1,98.64,0.00,796229632,1024,663876096
50.9489,761573376,1101.9400,3158.01,0,117567488,1,106.10,0.00,796225536,1024,663876096
51.0581,761573376,1105.5200,3277.03,0,117567488,1,94.97,0.00,796225536,1024,663876096
51.1628,761573376,1108.8400,3171.38,0,117567488,1,99.70,0.00,796225536,1024,663876096
51.2677,761573376,1112.1700,3173.96,0,117567488,1,101.87,0.00,796225536,1024,663876096
51.3734,761573376,1115.6200,3265.99,0,117567488,1,99.40,0.00,796225536,1024,663876096
51.4790,761573376,1118.9500,3150.78,0,117567488,1,98.46,0.00,796225536,1024,663876096
51.5848,761573376,1122.2800,3148.69,0,117567488,1,103.12,0.00,796225536,1024,663876096
51.6905,761573376,1125.7300,3262.76,0,117567488,1,97.23,0.00,796221440,1024,663876096
51.7959,761573376,1129.0600,3159.31,0,117567488,1,102.58,0.00,796221440,1024,663876096
51.9018,761573376,1132.5100,3258.80,0,117567488,1,98.59,0.00,796221440,1024,663933440
52.0084,761573376,1135.8400,3125.15,0,117567488,1,100.89,0.00,795963392,1024,663933440
52.1134,761573376,1139.2900,3286.19,0,117567488,1,102.69,0.00,795963392,1024,663933440
52.2222,761573376,1142.7600,3188.79,0,117567488,1,96.20,0.00,795963392,1024,663933440
52.3273,761573376,1146.0900,3167.59,0,117567488,1,99.58,0.00,795963392,1024,663933440
52.4329,761573376,1149.4200,3153.56,0,117567488,1,101.51,0.00,795959296,1024,666483200
52.5386,761573376,1152.8600,3254.47,0,117567488,1,98.15,0.00,795959296,1024,666483200
52.6456,761573376,1156.3200,3234.41,0,117567488,1,101.66,0.00,795701248,1024,666483200
52.7510,763146240,1159.6000,3111.48,0,117567488,1,96.64,0.00,797278208,1024,666483200
52.8564,764719104,1162.7800,3016.95,0,117567488,1,97.84,0.00,799133696,1024,666483200
52.9618,766291968,1165.9800,3036.90,0,117567488,1,91.94,0.00,800710656,1024,666532352
53.0667,766291968,1168.9900,2867.99,0,117567488,1,89.62,0.00,800706560,1024,666532352
53.1722,766291968,1172.0100,2863.08,0,117567488,1,92.14,0.00,800706560,1024,666532352
53.2773,766291968,1175.1400,2978.85,0,117567488,1,89.82,0.00,800706560,1024,666532352
53.3825,769437696,1178.0300,2746.13,0,117567488,1,86.11,0.00,804114432,1024,666532352
53.4881,771010560,1180.7500,2575.70,0,117567488,1,83.15,0.00,805691392,1024,666675712
53.5932,771010560,1183.5500,2664.99,0,117567488,1,80.60,0.00,805695488,1024,666831360
53.6983,771010560,1186.2600,2578.86,0,117567488,1,80.89,0.00,805441536,1024,666941952
53.8037,774156288,1188.8400,2446.70,0,117567488,1,78.83,0.00,808578048,1024,666941952
53.9091,774156288,1191.4300,2456.54,0,117567488,1,74.10,0.00,808573952,1024,666941952
54.0141,775729152,1193.8600,2314.78,0,117567488,1,72.04,0.00,810408960,1024,666941952
54.1192,777302016,1196.2300,2255.45,0,117567488,1,70.78,0.00,811981824,1024,666941952
54.2248,780447744,1198.4200,2073.91,0,117567488,1,67.18,0.00,815386624,1024,666941952
54.3300,780447744,1200.5800,2053.50,0,117567488,1,60.90,0.00,815128576,1024,666941952
54.4349,780447744,1202.6600,1982.07,0,117567488,1,61.94,0.00,814870528,1024,666941952
54.5399,780447744,1204.7400,1980.38,0,117567488,1,64.27,0.00,814866432,1024,666941952
54.6449,780447744,1206.9000,2057.15,0,117567488,1,62.50,0.00,814866432,1024,666941952
54.7500,780447744,1208.9800,1979.88,0,117567488,1,61.28,0.00,814866432,1024,666941952
54.8552,780447744,1211.0600,1977.81,0,117567488,1,61.21,0.00,814866432,1024,666941952
54.9604,780447744,1213.1400,1977.52,0,117567488,1,65.36,0.00,814866432,1024,666941952
55.0653,780447744,1215.3000,2058.70,0,117567488,1,61.95,0.00,814866432,1024,666941952
55.1703,780447744,1217.3800,1980.40,0,117567488,1,62.18,0.00,814866432,1024,666941952
55.2755,780447744,1219.4600,1977.23,0,117567488,1,61.19,0.00,814867456,1024,667015680
55.3806,780447744,1221.5400,1978.72,0,117567488,1,64.51,0.00,814863360,1024,667015680
55.4857,780447744,1223.6900,2045.69,0,117567488,1,62.14,0.00,814863360,1024,667015680
55.5906,780447744,1225.7700,1982.86,0,117567488,1,61.37,0.00,814863360,1024,667015680
55.6958,780447744,1227.8500,1977.58,0,117567488,1,64.47,0.00,814687232,1024,667015680
55.8008,780447744,1229.9400,1991.08,0,117567488,1,61.03,0.00,814687232,1024,667015680
55.9060,780447744,1232.1000,2051.83,0,117567488,1,62.93,0.00,814601216,1024,667015680
56.0111,780447744,1234.1800,1980.49,0,117567488,1,61.30,0.00,814601216,1024,667015680
56.1159,780447744,1236.2600,1983.45,0,117567488,1,65.26,0.00,814597120,1024,667015680
56.2212,780447744,1238.4200,2052.13,0,117567488,1,60.86,0.00,814597120,1024,667015680
56.3266,780447744,1240.5000,1972.68,0,117567488,1,63.13,0.00,814597120,1024,667015680
56.4316,780447744,1242.5800,1981.65,0,117567488,1,63.71,0.00,814593024,1024,667015680
56.5367,780447744,1244.6600,1978.59,0,117567488,1,62.13,0.00,814593024,1024,667015680
56.6420,780447744,1246.8200,2051.03,0,117567488,1,60.83,0.00,814855168,1024,667015680
56.7471,780447744,1248.8900,1969.33,0,117567488,1,63.33,0.00,814855168,1024,667015680
56.8520,780447744,1250.9700,1982.71,0,117567488,1,64.04,0.00,814855168,1024,667015680
56.9572,780447744,1253.1300,2054.94,0,117567488,1,62.43,0.00,814593024,1024,667015680
57.0623,780447744,1255.2100,1978.99,0,117567488,1,61.25,0.00,814593024,1024,667015680
57.1674,780447744,1257.3000,1987.23,0,117567488,1,62.99,0.00,814593024,1024,667015680
57.2724,780447744,1259.3800,1981.25,0,117567488,1,63.40,0.00,814588928,1024,667015680
57.3775,780447744,1261.5400,2055.48,0,117567488,1,62.75,0.00,814588928,1024,667015680
57.4824,780447744,1263.6200,1983.54,0,117567488,1,60.79,0.00,814588928,1024,667015680
57.5871,780447744,1265.7000,1985.82,0,117567488,1,63.25,0.00,814588928,1024,669284352
57.6924,780447744,1267.7800,1975.36,0,117567488,1,63.51,0.00,814588928,1024,669284352
57.7975,782020608,1269.8800,1998.78,0,117567488,1,60.38,0.00,816423936,1024,669337600
57.9026,788312064,1271.6700,1702.49,0,117567488,1,52.31,0.00,823235584,1024,669337600
58.0078,791457792,1273.1300,1387.64,0,117567488,1,45.74,0.00,826381312,1024,669337600
58.1127,791457792,1274.5400,1344.20,0,117567488,1,40.22,0.00,826123264,1024,703236096
58.2184,794603520,1275.7500,1145.10,0,117571584,1,36.08,0.00,829268992,1024,703236096
58.3236,794603520,1276.8900,1083.35,0,117571584,1,35.34,0.00,829010944,1024,703236096
58.4290,796176384,1278.0200,1071.89,0,117571584,1,32.61,0.00,830325760,1024,703236096
58.5348,796176384,1279.0600,983.43,0,117571584,1,30.14,0.00,830325760,1024,703236096
58.6404,796176384,1280.1000,984.76,0,117571584,1,31.96,0.00,830321664,1024,703236096
58.7456,791482368,1281.1600,1008.10,0,117571584,1,30.31,0.00,824816640,1024,703236096
58.8505,793055232,1282.0200,819.32,0,117571584,1,26.20,0.00,826389504,1024,703305728
58.9556,793055232,1282.8500,789.50,0,117571584,1,25.27,0.00,826389504,1024,703305728
59.0609,793055232,1283.7200,826.34,0,117571584,1,24.64,0.00,826389504,1024,703305728
59.1665,794628096,1284.5400,777.06,0,117571584,1,24.28,0.00,828224512,1024,703305728
59.2716,796200960,1285.2600,684.53,0,117571584,1,21.69,0.00,830055424,1024,703305728
59.3772,796200960,1285.9100,615.57,0,117571584,1,19.53,0.00,830055424,1024,703305728
59.4828,796200960,1286.5300,587.33,0,117571584,1,18.35,0.00,829797376,1024,703305728
59.5879,797380608,1287.0900,532.61,0,117571584,1,17.54,0.00,831370240,1024,703305728
59.6932,800526336,1287.5400,427.60,0,117571584,1,12.17,0.00,834778112,1024,703305728
59.7985,802099200,1287.7600,208.93,0,117571584,1,6.53,0.00,837399552,1024,703305728
59.9035,803672064,1287.8600,95.18,0,117571584,1,4.16,0.00,837927936,1024,703379456
60.0085,856129536,1288.6900,790.42,0,117571584,1,27.08,0.00,892720128,1024,703379456
60.1142,856129536,1290.4200,1637.44,0,117571584,1,49.10,0.00,892216320,1024,703379456
60.2196,856129536,1292.0800,1575.32,0,117571584,1,49.53,0.00,892216320,1024,703379456
60.3247,856129536,1293.7500,1588.07,0,117571584,1,50.82,0.00,892216320,1024,703379456
60.4303,856129536,1295.4700,1628.57,0,117571584,1,50.89,0.00,890733568,1024,703379456
60.5352,856129536,1297.1400,1592.18,0,117571584,1,50.35,0.00,890479616,1024,703379456
60.6404,856129536,1298.8000,1579.15,0,117571584,1,50.83,0.00,890233856,1024,703379456
60.7457,856129536,1300.5300,1642.37,0,117571584,1,49.54,0.00,890233856,1024,703379456
60.8507,856129536,1302.1900,1580.78,0,117571584,1,49.70,0.00,890233856,1024,703379456
60.9561,856129536,1303.8500,1575.08,0,117571584,1,51.30,0.00,890233856,1024,703379456
61.0614,856129536,1305.5800,1642.42,0,117571584,1,48.66,0.00,890229760,1024,703379456
61.1672,856129536,1307.2400,1568.71,0,117571584,1,49.91,0.00,890491904,1024,703379456
61.2726,856129536,1308.9100,1585.02,0,117571584,1,51.31,0.00,890491904,1024,703379456
61.3779,856129536,1310.6400,1643.46,0,117571584,1,48.98,0.00,890491904,1024,703379456
61.4833,856129536,1312.3000,1573.79,0,117571584,1,48.59,0.00,890491904,1024,703408128
61.5883,856129536,1313.9700,1591.77,0,117571584,1,52.13,0.00,890491904,1024,703408128
61.6939,856129536,1315.6900,1628.72,0,117571584,1,49.42,0.00,890491904,1024,703408128
61.7990,856129536,1317.3600,1589.11,0,117571584,1,49.36,0.00,890487808,1024,703408128
61.9045,856129536,1319.0200,1572.41,0,117571584,1,51.51,0.00,890487808,1024,703408128
62.0103,856129536,1320.7500,1636.26,0,117571584,1,48.77,0.00,890487808,1024,703662080
62.1152,856129536,1322.4100,1581.20,0,117571584,1,49.71,0.00,890487808,1024,703662080
62.2206,856129536,1324.0800,1584.47,0,117571584,1,50.40,0.00,890487808,1024,703662080
62.3263,856129536,1325.8000,1628.62,0,117571584,1,50.30,0.00,890487808,1024,703662080
62.4317,905281536,1326.9500,1090.68,0,117575680,1,32.60,0.00,940577792,1024,703662080
62.5380,905281536,1327.1700,206.85,0,117575680,1,6.46,0.00,940327936,1024,703662080
62.6430,905281536,1327.3800,200.14,0,117575680,1,5.96,0.00,940340224,1024,703662080
62.7482,905281536,1327.5800,190.12,0,117575680,1,11.29,0.30,940094464,1024,757529600
62.8540,905281536,1327.8000,207.93,0,117575680,1,6.50,0.00,939844608,1024,757529600
62.9588,905281536,1328.0100,200.41,0,117575680,1,8.35,0.00,939582464,1024,757529600
63.0637,905281536,1328.2200,200.13,0,117575680,1,6.55,0.00,939582464,1024,757529600
63.1691,905281536,1328.4300,199.24,0,117575680,1,7.12,0.00,939582464,1024,757591040
63.2743,917471232,1328.6400,199.59,0,117575680,1,7.13,0.00,959505408,1024,757656576
63.3796,945102848,1330.2500,1529.06,0,117575680,1,50.45,0.00,981001216,1024,757656576
63.4851,945102848,1331.9800,1640.13,0,117575680,1,49.77,0.00,980485120,1024,757656576
63.5900,945102848,1333.6400,1581.44,0,117575680,1,50.02,0.00,980485120,1024,757812224
63.6949,945102848,1335.3100,1592.48,0,117575680,1,50.06,0.00,980485120,1024,757812224
63.8005,945102848,1336.9700,1572.66,0,117575680,1,50.63,0.00,980485120,1024,757812224
63.9055,945102848,1338.7000,1647.91,0,117575680,1,49.41,0.00,979903488,1024,757812224
64.0104,945102848,1340.3600,1582.30,0,117575680,1,49.74,0.00,979899392,1024,757881856
64.1157,945102848,1342.0300,1585.77,0,117575680,1,51.34,0.00,979895296,1024,757881856
64.2209,945102848,1343.6900,1578.09,0,117575680,1,49.32,0.00,979895296,1024,757881856
64.3268,945102848,1345.4200,1633.00,0,117575680,1,49.26,0.00,979895296,1024,757881856
64.4318,945102848,1347.0800,1580.77,0,117575680,1,52.38,0.00,979895296,1024,757881856
64.5371,945102848,1348.8100,1642.75,0,117575680,1,48.37,0.00,979895296,1024,758037504
64.6425,945102848,1350.4800,1585.45,0,117575680,1,49.55,0.00,979895296,1024,758037504
64.7473,945102848,1352.1400,1583.35,0,117575680,1,49.48,0.00,979895296,1024,758037504
64.8529,945102848,1353.8100,1581.95,0,117575680,1,51.80,0.00,979891200,1024,758037504
64.9584,945102848,1355.5400,1639.11,0,117575680,1,48.85,0.00,979891200,1024,758037504
65.0639,945102848,1357.2000,1572.88,0,117575680,1,50.93,0.00,979891200,1024,758037504
65.1694,945102848,1358.9300,1640.21,0,117575680,1,49.78,0.00,979891200,1024,758037504
65.2748,945102848,1360.5900,1575.35,0,117575680,1,49.53,0.00,979891200,1024,758037504
65.3802,945102848,1362.2600,1585.12,0,117575680,1,50.72,0.00,979887104,1024,758037504
65.4854,945102848,1363.9800,1634.11,0,117575680,1,49.58,0.00,979887104,1024,758037504
65.5909,945102848,1365.6500,1582.76,0,117575680,1,49.76,0.00,979887104,1024,758037504
65.6961,965943296,1367.3200,1588.33,0,117575680,1,51.12,0.00,1004684288,1024,758037504
65.8015,997425152,1367.7200,379.51,0,117575680,1,9.78,0.00,1032733696,1024,758037504
65.9068,997425152,1367.9200,189.82,0,117575680,1,6.23,0.00,1031971840,1024,758037504
66.0118,997425152,1368.1300,199.97,0,117575680,1,6.84,0.00,1031971840,1024,758037504
66.1170,997425152,1368.3500,209.29,0,117575680,1,5.95,0.00,1031971840,1024,758037504
66.2220,997425152,1368.5600,199.86,0,117575680,1,6.25,0.00,1031533568,1024,758037504
66.3271,997425152,1368.7600,190.27,0,117575680,1,7.14,0.00,1031533568,1024,758037504
66.4324,997425152,1368.9700,199.42,0,117575680,1,6.53,0.00,1031529472,1024,758037504
66.5378,997425152,1369.1900,208.84,0,117575680,1,6.23,0.00,1031525376,1024,758037504
66.6429,1015513088,1370.0100,779.96,0,117575680,1,24.67,0.00,1050964992,1024,758037504
66.7485,1015513088,1371.6700,1572.21,0,117575680,1,51.50,0.00,1050592256,1024,758037504
66.8540,1015513088,1373.4000,1639.77,0,117575680,1,49.17,0.00,1050366976,1024,758037504
66.9596,1015513088,1375.0700,1581.70,0,117575680,1,49.72,0.00,1050158080,1024,758062080
67.0653,1015513088,1376.7900,1627.49,0,117575680,1,51.45,0.00,1050158080,1024,758062080
67.1706,1015513088,1378.4600,1585.21,0,117575680,1,48.94,0.00,1050158080,1024,758062080
67.2760,1015513088,1380.1200,1575.59,0,117575680,1,51.31,0.00,1050153984,1024,758062080
67.3814,1015513088,1381.8500,1641.30,0,117575680,1,48.92,0.00,1050153984,1024,758062080
67.4865,1015513088,1383.5100,1579.19,0,117575680,1,49.94,0.00,1050153984,1024,758062080
67.5916,1015513088,1385.1800,1588.68,0,117575680,1,51.73,0.00,1049908224,1024,758086656
67.6974,1015513088,1386.9100,1635.27,0,117575680,1,49.03,0.00,1049908224,1024,758086656
67.8022,1015513088,1388.5700,1583.90,0,117575680,1,49.80,0.00,1049908224,1024,761323520
67.9074,1015513088,1390.2300,1578.58,0,117575680,1,49.93,0.00,1049687040,1024,761323520
68.0133,1015513088,1391.9600,1634.05,0,117575680,1,51.36,0.00,1049682944,1024,761323520
68.1191,1015513088,1393.6200,1568.87,0,117575680,1,49.03,0.00,1049682944,1024,761323520
68.2244,1015513088,1395.2800,1576.44,0,117575680,1,51.34,0.00,1049682944,1024,761323520
68.3299,1015513088,1397.0100,1639.12,0,117575680,1,48.85,0.00,1049441280,1024,761323520
68.4352,1015513088,1398.6800,1586.59,0,117575680,1,49.88,0.00,1049441280,1024,761323520
68.5401,1015513088,1400.3400,1581.86,0,117575680,1,51.22,0.00,1049441280,1024,761323520
68.6449,1015513088,1402.0000,1584.09,0,117575680,1,50.10,0.00,1049441280,1024,761323520
68.7501,1015513088,1403.7300,1644.57,0,117575680,1,49.31,0.00,1049437184,1024,761323520
68.8555,1015513088,1405.4000,1584.88,0,117575680,1,49.53,0.00,1049437184,1024,761360384
68.9603,1015513088,1407.0600,1583.72,0,117575680,1,50.98,0.00,1049437184,1024,761360384
69.0653,1028325376,1408.2400,1123.37,0,117575680,1,33.02,0.00,1062220800,1024,761360384
69.1714,1028325376,1408.4500,197.99,0,117575680,1,6.19,0.00,1062216704,1024,761360384
69.2768,1028325376,1408.6700,208.76,0,117575680,1,6.82,0.00,1062216704,1024,761360384
69.3821,1028325376,1408.8700,189.86,0,117575680,1,5.93,0.00,1062216704,1024,761360384
69.4874,1028325376,1409.0800,199.41,0,117575680,1,6.23,0.00,1061991424,1024,761360384
69.5924,1028325376,1409.2900,200.03,0,117575680,1,6.55,0.00,1061987328,1024,761360384
69.6976,1028325376,1409.5100,209.16,0,117575680,1,6.24,0.00,1062249472,1024,761360384
69.8029,1028325376,1409.7100,189.87,0,117575680,1,5.93,0.00,1062249472,1024,761360384
69.9079,1028325376,1409.9200,200.10,0,117575680,1,7.15,0.00,1061987328,1024,761454592
70.0130,1028325376,1411.5400,1541.54,0,117575680,1,49.07,0.00,1063822336,1024,761454592
70.1187,1028325376,1413.2100,1579.36,0,117575680,1,49.06,0.00,1063822336,1024,761753600
70.2240,1028325376,1414.8700,1576.72,0,117575680,1,50.76,0.00,1063314432,1024,761753600
70.3296,1028325376,1416.6000,1638.38,0,117575680,1,50.02,0.00,1063310336,1024,761753600
70.4347,1028325376,1418.2700,1589.10,0,117575680,1,49.36,0.00,1062798336,1024,761753600
70.5399,1028325376,1419.9300,1577.62,0,117575680,1,51.68,0.00,1062798336,1024,761753600
70.6451,1028325376,1421.6600,1643.68,0,117575680,1,48.40,0.00,1062798336,1024,761753600
70.7501,1028325376,1423.3200,1580.95,0,117575680,1,50.30,0.00,1062798336,1024,761753600
70.8556,1028325376,1424.9900,1583.05,0,117575680,1,50.95,0.00,1062544384,1024,761778176
70.9605,1028325376,1426.6500,1582.83,0,117575680,1,50.06,0.00,1061819392,1024,761847808
71.0660,1028325376,1428.3800,1640.04,0,117575680,1,48.29,0.00,1061815296,1024,761847808
71.1720,1028325376,1430.0400,1566.55,0,117575680,1,51.61,0.00,1061815296,1024,761847808
71.2774,1028325376,1431.7700,1641.25,0,117575680,1,49.21,0.00,1061815296,1024,761847808
71.3826,1028325376,1433.4300,1576.83,0,117575680,1,49.87,0.00,1061815296,1024,761847808
71.4881,1028325376,1435.1000,1583.53,0,117575680,1,50.97,0.00,1061598208,1024,761847808
71.5932,1028325376,1436.8300,1646.44,0,117575680,1,49.37,0.00,1061598208,1024,761847808
71.6982,1028325376,1438.4900,1579.78,0,117575680,1,49.67,0.00,1061598208,1024,761847808
71.8039,1028325376,1440.1500,1570.62,0,117575680,1,50.56,0.00,1061594112,1024,761847808
71.9098,1028325376,1441.8800,1634.24,0,117575680,1,49.89,0.00,1061590016,1024,761847808
72.0156,1028325376,1443.5500,1578.64,0,117575680,1,50.51,0.00,1061590016,1024,761847808
72.1212,1028325376,1445.2800,1638.58,0,117575680,1,50.02,0.00,1061590016,1024,761847808
72.2267,1028325376,1446.9400,1572.33,0,117575680,1,48.84,0.00,1061590016,1024,761847808
72.3322,1028325376,1448.6100,1582.80,0,117575680,1,51.24,0.00,1061852160,1024,761847808
72.4378,1031471104,1449.0300,397.74,0,117579776,1,10.65,0.00,1064727552,1024,761847808
72.5432,1033043968,1449.2500,208.80,0,117579776,1,6.23,0.00,1066365952,1024,761847808
72.6485,1040515072,1450.7700,1443.36,0,117579776,1,47.78,0.00,1073185792,1024,761847808
72.7542,1040515072,1452.4900,1627.60,0,117579776,1,49.09,0.00,1073185792,1024,761847808
72.8597,1040515072,1454.1600,1582.93,0,117579776,1,50.95,0.00,1073181696,1024,761847808
72.9650,1040515072,1455.8900,1643.37,0,117579776,1,50.17,0.00,1072931840,1024,764050944
73.0701,1040515072,1457.5500,1578.56,0,117579776,1,49.33,0.00,1072931840,1024,764050944
73.1758,1040515072,1459.2100,1570.94,0,117579776,1,51.46,0.00,1072931840,1024,764112384
73.2809,1040515072,1460.9400,1645.73,0,117579776,1,49.05,0.00,1072931840,1024,764112384
73.3859,1040515072,1462.6100,1590.02,0,117579776,1,49.99,0.00,1072931840,1024,764112384
73.4915,1040515072,1464.2700,1573.14,0,117579776,1,49.16,0.00,1072931840,1024,764165632
73.5975,1040515072,1466.0000,1632.05,0,117579776,1,51.59,0.00,1072931840,1024,764321280
73.7035,1040515072,1467.6700,1575.78,0,117579776,1,48.65,0.00,1072665600,1024,764329472
73.8089,1040515072,1469.3300,1574.64,0,117579776,1,51.88,0.00,1072665600,1024,764329472
73.9145,1040515072,1471.0600,1638.22,0,117579776,1,49.12,0.00,1072665600,1024,764329472
74.0199,1040515072,1472.7200,1575.10,0,117579776,1,51.00,0.00,1072665600,1024,764329472
74.1250,1040515072,1474.4500,1645.71,0,117579776,1,49.64,0.00,1072665600,1024,764329472
74.2306,1040515072,1476.1100,1571.08,0,117579776,1,49.39,0.00,1072665600,1024,764329472
74.3363,1040515072,1477.7800,1580.86,0,117579776,1,51.18,0.00,1072665600,1024,764329472
74.4416,1040515072,1479.5100,1643.44,0,117579776,1,48.98,0.00,1072661504,1024,764329472
74.5469,1040515072,1481.1700,1576.25,0,117579776,1,49.85,0.00,1072661504,1024,764329472
74.6524,1040515072,1482.8300,1572.26,0,117579776,1,51.50,0.00,1072661504,1024,764329472
74.7580,1040515072,1484.5600,1638.29,0,117579776,1,49.13,0.00,1072661504,1024,764329472
74.8635,1040515072,1486.2300,1583.73,0,117579776,1,48.90,0.00,1072661504,1024,764329472
74.9686,1040515072,1487.8900,1579.34,0,117579776,1,51.73,0.00,1072657408,1024,764444160
75.0740,1040515072,1489.6200,1640.78,0,117579776,1,49.79,0.00,1072657408,1024,764444160
75.1791,1040515072,1491.2800,1579.92,0,117579776,1,49.08,0.00,1072657408,1024,764444160
75.2847,1040515072,1492.9500,1581.12,0,117579776,1,51.48,0.00,1072657408,1024,764444160
75.3902,1040515072,1494.6700,1630.13,0,117579776,1,48.87,0.00,1072657408,1024,764444160
75.4956,1040515072,1496.3400,1584.97,0,117579776,1,51.31,0.00,1072657408,1024,764444160
75.6017,1040515072,1498.0700,1630.69,0,117579776,1,49.19,0.00,1072657408,1024,764444160
75.7071,1040515072,1499.7300,1574.29,0,117579776,1,49.79,0.00,1072653312,1024,764464640
75.8128,1040515072,1501.3900,1570.81,0,117579776,1,51.16,0.00,1072653312,1024,764464640
75.9180,1040515072,1503.1200,1644.25,0,117579776,1,49.01,0.00,1072653312,1024,764464640
76.0230,1040515072,1504.7900,1591.33,0,117579776,1,49.43,0.00,1072653312,1024,764464640
76.1281,1040515072,1506.4500,1579.73,0,117579776,1,51.45,0.00,1072653312,1024,764464640
76.2339,1040515072,1508.1800,1634.76,0,117579776,1,49.61,0.00,1072653312,1024,764464640
76.3398,1040515072,1509.8400,1567.23,0,117579776,1,50.75,0.00,1072653312,1024,764464640
76.4450,1040515072,1511.5700,1644.55,0,117579776,1,49.31,0.00,1072653312,1024,764464640
76.5504,1040515072,1513.2300,1574.35,0,117579776,1,49.49,0.00,1072649216,1024,764464640
76.6556,1040515072,1514.9000,1587.57,0,117579776,1,51.39,0.00,1072649216,1024,764464640
76.7614,1040515072,1516.6300,1635.37,0,117579776,1,49.33,0.00,1072649216,1024,764464640
76.8668,1040515072,1518.2900,1575.36,0,117579776,1,49.53,0.00,1072649216,1024,764464640
76.9718,1040515072,1519.9500,1580.86,0,117579776,1,51.19,0.00,1072649216,1024,764464640
77.0775,1040515072,1521.6800,1637.34,0,117579776,1,49.39,0.00,1072649216,1024,764464640
77.1825,1039122432,1523.3700,1608.46,0,117579776,1,51.16,0.00,1070272512,1024,764464640
77.2884,1039122432,1525.0300,1567.87,0,117579776,1,51.06,0.00,1070272512,1024,764464640
77.3938,1039122432,1526.7600,1641.16,0,117579776,1,48.91,0.00,1070206976,1024,764464640
77.4995,1039122432,1528.4300,1579.98,0,117579776,1,49.67,0.00,1070206976,1024,764464640
77.6052,1039122432,1530.1500,1628.15,0,117579776,1,51.18,0.00,1070206976,1024,764464640
77.7105,1039122432,1531.8200,1585.87,0,117579776,1,49.56,0.00,1070206976,1024,764464640
77.8162,1039040512,1533.5000,1589.41,0,117579776,1,51.44,0.00,1070104576,1024,764517888
77.9217,1039040512,1535.2300,1638.68,0,117579776,1,49.43,0.00,1069785088,1024,764517888
78.0265,1039040512,1536.8900,1583.80,0,117579776,1,49.49,0.00,1069625344,1024,768183808
78.1319,1039040512,1538.5500,1574.98,0,117579776,1,50.70,0.00,1069621248,1024,768183808
78.2377,1039040512,1540.2800,1636.21,0,117579776,1,49.36,0.00,1069621248,1024,768183808
78.3427,1039040512,1541.9400,1580.79,0,117579776,1,49.70,0.00,1069621248,1024,768183808
78.4482,1039040512,1543.6100,1582.71,0,117579776,1,51.53,0.00,1069617152,1024,768183808
78.5535,1039040512,1545.3300,1633.77,0,117579776,1,49.27,0.00,1069617152,1024,768253440
78.6588,1039040512,1547.0000,1586.18,0,117579776,1,49.27,0.00,1069617152,1024,768253440
78.7644,1039040512,1548.6600,1571.91,0,117579776,1,51.19,0.00,1069617152,1024,768253440
78.8699,1039040512,1550.3900,1639.73,0,117579776,1,49.76,0.00,1069617152,1024,768253440
78.9751,1039040512,1552.0500,1578.01,0,117579776,1,49.02,0.00,1069613056,1024,768253440
79.0801,1039040512,1553.7200,1589.43,0,117579776,1,51.45,0.00,1069613056,1024,768253440
79.1856,1039040512,1555.4500,1640.21,0,117579776,1,49.48,0.00,1069613056,1024,768253440
79.2911,1039040512,1557.1100,1573.08,0,117579776,1,49.75,0.00,1069613056,1024,768253440
79.3961,1039040512,1558.7700,1580.85,0,117579776,1,51.19,0.00,1069613056,1024,768253440
79.5016,1039040512,1560.5000,1640.36,0,117579776,1,49.48,0.00,1069613056,1024,768253440
79.6071,1039040512,1562.1700,1583.22,0,117579776,1,49.18,0.00,1069608960,1024,768253440
79.7125,1041006592,1563.8300,1574.51,0,117583872,1,50.98,0.00,1073803264,1024,768253440
79.8181,1044938752,1564.4700,606.42,0,117583872,1,16.58,0.00,1078833152,1024,768253440
79.9233,1018789888,1564.6900,209.02,0,134320128,1,6.53,0.00,1054309376,1024,768253440
80.0288,1076850688,1564.8700,170.58,0,134369280,1,5.92,0.00,1114710016,1024,768253440
80.1375,1115942912,1565.9300,975.72,0,134369280,1,33.37,0.00,1153736704,1024,768253440
80.2436,1115942912,1569.0500,2938.66,0,134369280,1,91.24,0.00,1153245184,1024,768253440
80.3493,1115942912,1572.2600,3038.97,0,134369280,1,95.56,0.00,1152884736,1024,768282112
80.4547,1115942912,1575.3800,2959.47,0,134369280,1,91.89,0.00,1152843776,1024,768282112
80.5606,1115942912,1578.5000,2947.13,0,134369280,1,95.34,0.00,1152598016,1024,768282112
80.6694,1115942912,1581.8600,3085.65,0,134369280,1,93.56,0.00,1152598016,1024,768282112
80.7750,1115942912,1584.9800,2956.62,0,134369280,1,92.10,0.00,1152593920,1024,768282112
80.8807,1115942912,1588.1000,2951.80,0,134369280,1,96.09,0.00,1152593920,1024,768294400
80.9855,1115942912,1591.4000,3147.06,0,134369280,1,95.37,0.00,1152593920,1024,768294400
81.0907,1115942912,1594.6200,3062.83,0,134369280,1,95.71,0.00,1152593920,1024,768294400
81.2004,1115942912,1597.9700,3052.21,0,134369280,1,98.80,0.00,1152593920,1024,768294400
81.3061,1115942912,1601.3200,3170.84,0,134369280,1,95.54,0.00,1152589824,1024,768294400
81.4115,1115942912,1604.5400,3053.31,0,134369280,1,95.42,0.00,1152589824,1024,768294400
81.5172,1115942912,1607.8900,3168.87,0,134369280,1,99.03,0.00,1152589824,1024,768294400
81.6220,1115942912,1611.1100,3073.51,0,134369280,1,95.45,0.00,1152589824,1024,768294400
81.7296,1115942912,1614.4600,3114.08,0,134369280,1,97.61,0.00,1152589824,1024,768294400
81.8346,1115942912,1617.6800,3066.09,0,134369280,1,95.82,0.00,1152589824,1024,768294400
81.9403,1115942912,1620.9900,3131.47,0,134369280,1,101.70,0.00,1152430080,1024,768294400
82.0454,1115942912,1624.4500,3293.14,0,134369280,1,98.75,0.00,1152430080,1024,768294400
82.1508,1115942912,1627.7800,3157.59,0,134369280,1,99.56,0.00,1152430080,1024,768294400
82.2565,1115942912,1631.1000,3143.35,0,134369280,1,101.78,0.00,1152430080,1024,768294400
82.3614,1115942912,1634.5600,3296.42,0,134369280,1,102.42,0.00,1152430080,1024,768294400
82.4702,1115942912,1638.0100,3171.97,0,134369280,1,96.54,0.00,1152430080,1024,768294400
82.5754,1115942912,1641.3400,3164.42,0,134369280,1,98.29,0.00,1152430080,1024,768294400
82.6803,1115942912,1644.6700,3174.52,0,134369280,1,103.08,0.00,1152425984,1024,768294400
82.7858,1115942912,1648.1200,3271.22,0,134369280,1,98.37,0.00,1152425984,1024,768294400
82.8911,1115942912,1651.4500,3161.41,0,134369280,1,102.95,0.00,1152425984,1024,768347648
82.9982,1115942912,1654.9000,3220.13,0,134369280,1,97.42,0.00,1152425984,1024,768347648
83.1036,1115942912,1658.2300,3161.25,0,134369280,1,98.20,0.00,1152425984,1024,768347648
83.2094,1115942912,1661.6800,3260.36,0,134369280,1,102.48,0.00,1152425984,1024,770619904
83.3148,1115942912,1665.0100,3160.39,0,134369280,1,102.62,0.00,1152421888,1024,770619904
83.4223,1115942912,1668.4600,3207.74,0,134369280,1,96.17,0.00,1152421888,1024,770836992
83.5275,1115942912,1671.7900,3166.06,0,134369280,1,98.64,0.00,1152421888,1024,770836992
83.6332,1115942912,1675.2500,3273.65,0,134369280,1,102.60,0.00,1152421888,1024,771025408
83.7384,1115942912,1678.5800,3165.01,0,134369280,1,103.06,0.00,1152421888,1024,771025408
83.8464,1115942912,1682.0300,3195.07,0,134369280,1,95.79,0.00,1152421888,1024,771025408
83.9520,1115942912,1685.3600,3152.39,0,134369280,1,102.65,0.00,1152421888,1024,771074560
84.0572,1115942912,1688.8100,3280.58,0,134369280,1,99.25,0.00,1152417792,1024,771074560
84.1630,1115942912,1692.1400,3147.90,0,134369280,1,98.37,0.00,1152417792,1024,771095040
84.2681,1115942912,1695.4700,3168.24,0,134369280,1,102.87,0.00,1152417792,1024,771095040
84.3732,1115942912,1698.9200,3280.60,0,134369280,1,98.06,0.00,1152417792,1024,771095040
84.4800,1115942912,1702.2500,3118.47,0,134369280,1,101.55,0.00,1152417792,1024,771095040
84.5851,1115942912,1705.7000,3283.04,0,134369280,1,98.13,0.00,1152417792,1024,771095040
84.6898,1115942912,1709.0300,3181.11,0,134369280,1,103.59,0.00,1152417792,1024,771127808
84.7973,1115942912,1712.4900,3218.56,0,134369280,1,97.09,0.00,1152417792,1024,771127808
84.9026,1115942912,1715.8100,3153.92,0,134369280,1,98.86,0.00,1152417792,1024,771127808
85.0073,1115942912,1719.1400,3180.17,0,134369280,1,98.49,0.00,1152167936,1024,779586048
85.1176,1115942912,1722.7200,3245.43,0,134369280,1,102.27,0.00,1152167936,1024,779586048
85.2234,1115942912,1726.0500,3148.17,0,134369280,1,98.38,0.00,1152167936,1024,779586048
85.3290,1115942912,1729.3800,3152.05,0,134369280,1,102.64,0.00,1152163840,1024,779586048
85.4343,1115942912,1732.8300,3276.13,0,134369280,1,97.93,0.00,1152163840,1024,779586048
85.5401,1115942912,1736.1700,3156.96,0,134369280,1,102.49,0.00,1152159744,1024,779586048
85.6455,1115942912,1739.6100,3263.46,0,134369280,1,97.83,0.00,1152159744,1024,779586048
85.7536,1115942912,1743.0700,3201.67,0,134369280,1,100.34,0.00,1152159744,1024,779586048
85.8588,1115942912,1746.4000,3165.37,0,134369280,1,99.51,0.00,1152159744,1024,779586048
85.9636,1115942912,1749.7300,3175.78,0,134369280,1,98.95,0.00,1152159744,1024,779586048
86.0691,1115942912,1753.1800,3271.02,0,134369280,1,102.81,0.00,1152159744,1024,779622912
86.1744,1115942912,1756.5100,3162.29,0,134369280,1,97.93,0.00,1152159744,1024,779622912
86.2802,1115942912,1759.8400,3146.34,0,134369280,1,105.41,0.00,1152942080,1024,779647488
86.3898,1115942912,1763.4200,3268.09,0,134369280,1,96.14,0.00,1152942080,1024,779647488
86.4956,1115942912,1766.7500,3148.49,0,134369280,1,97.50,0.00,1152421888,1024,779647488
86.6013,1115942912,1770.2000,3262.92,0,134369280,1,102.56,0.00,1152421888,1024,779647488
86.7062,1115942912,1773.5300,3172.91,0,134369280,1,98.26,0.00,1152421888,1024,779647488
86.8113,1115942912,1776.8600,3170.03,0,134369280,1,100.25,0.00,1152421888,1024,779647488
86.9169,1115942912,1780.1800,3144.96,0,134369280,1,105.38,0.00,1152061440,1024,779647488
87.0260,1115942912,1783.7600,3279.59,0,134369280,1,94.76,0.00,1152061440,1024,779647488
87.1320,1115942912,1787.0900,3141.65,0,134369280,1,102.01,0.00,1152249856,1024,779647488
87.2376,1115942912,1790.5400,3266.74,0,134369280,1,99.13,0.00,1152249856,1024,779647488
87.3432,1115942912,1793.8700,3153.78,0,134369280,1,98.56,0.00,1152249856,1024,779647488
87.4536,1115942912,1797.4500,3243.91,0,134369280,1,100.81,0.00,1152249856,1024,779647488
87.5593,1115942912,1800.7800,3150.36,0,134369280,1,99.04,0.00,1152249856,1024,779696640
87.6653,1115942912,1804.2300,3254.46,0,134369280,1,101.11,0.00,1152249856,1024,779696640
87.7706,1115942912,1807.5600,3160.42,0,134369280,1,99.65,0.00,1152249856,1024,779696640
87.8762,1115942912,1810.8900,3155.86,0,134369280,1,102.47,0.00,1152249856,1024,779729408
87.9814,1115942912,1814.3400,3279.36,0,134369280,1,98.62,0.00,1152245760,1024,779729408
88.0871,1115942912,1817.6700,3148.99,0,134369280,1,101.95,0.00,1152245760,1024,779946496
88.1942,1115942912,1821.1200,3221.59,0,134369280,1,96.88,0.00,1152245760,1024,779946496
88.2992,1115942912,1824.4500,3171.58,0,134369280,1,99.41,0.00,1152245760,1024,801776128
88.4096,1115942912,1828.0300,3243.73,0,134369280,1,101.37,0.00,1152245760,1024,801776128
88.5154,1115942912,1831.3600,3147.07,0,134369280,1,98.05,0.00,1152245760,1024,801776128
88.6210,1115942912,1834.8100,3265.73,0,134369280,1,102.65,0.00,1152503808,1024,801776128
88.7265,1115942912,1838.1400,3157.81,0,134369280,1,97.50,0.00,1152503808,1024,801776128
88.8324,1115942912,1841.4700,3144.56,0,134369280,1,102.40,0.00,1152503808,1024,801776128
88.9376,1115942912,1844.9200,3279.24,0,134369280,1,99.51,0.00,1152503808,1024,801776128
89.0455,1115942912,1848.3800,3207.48,0,134369280,1,99.07,0.00,1152241664,1024,801776128
89.1508,1115942912,1851.7100,3161.71,0,134369280,1,99.69,0.00,1152241664,1024,801776128
89.2565,1115942912,1855.0400,3149.11,0,134369280,1,102.25,0.00,1152241664,1024,801776128
89.3619,1115942912,1858.4900,3272.63,0,134369280,1,98.71,0.00,1152237568,1024,801776128
89.4684,1115942912,1861.8200,3128.61,0,134369280,1,101.29,0.00,1152237568,1024,801776128
89.5764,1115942912,1865.2700,3194.96,0,134369280,1,100.13,0.00,1152237568,1024,801776128
89.6816,1115942912,1868.7300,3286.70,0,134369280,1,98.85,0.00,1152237568,1024,801776128
89.7868,1115942912,1872.0500,3157.35,0,134369280,1,97.78,0.00,1152237568,1024,801776128
89.8927,1115942912,1875.3800,3145.11,0,134369280,1,106.84,0.00,1152237568,1024,801776128
90.0024,1115942912,1878.9600,3263.62,0,134369280,1,94.87,0.00,1152237568,1024,801776128
90.1072,1115942912,1882.2900,3175.29,0,134369280,1,98.04,0.00,1152233472,1024,801776128
90.2129,1115942912,1885.6200,3152.42,0,134369280,1,102.65,0.00,1152233472,1024,801776128
90.3187,1115942912,1889.0700,3260.38,0,134369280,1,98.93,0.00,1152233472,1024,801776128
90.4243,1115942912,1892.4100,3161.68,0,134369280,1,101.46,0.00,1152233472,1024,801776128
90.5295,1115942912,1895.8600,3278.96,0,134369280,1,99.50,0.00,1152233472,1024,801776128
90.6353,1115942912,1899.1900,3148.21,0,134369280,1,98.09,0.00,1152233472,1024,801812992
90.7411,1115942912,1902.6400,3260.76,0,134369280,1,102.78,0.00,1152233472,1024,801812992
90.8494,1115942912,1906.1000,3193.70,0,134369280,1,99.23,0.00,1152229376,1024,801812992
90.9549,1115942912,1909.4300,3158.44,0,134369280,1,98.40,0.00,1152229376,1024,801812992
91.0603,1115942912,1912.7500,3147.97,0,134369280,1,102.82,0.00,1152229376,1024,801812992
91.1657,1115942912,1916.2000,3273.51,0,134369280,1,97.85,0.00,1152229376,1024,801956352
91.2720,1115942912,1919.5300,3132.30,0,134369280,1,101.71,0.00,1152229376,1024,801956352
91.3814,1115942912,1923.1100,3272.41,0,134369280,1,99.41,0.00,1152229376,1024,801956352
91.4869,1115942912,1926.4400,3158.28,0,134369280,1,97.81,0.00,1152225280,1024,801956352
91.5925,1115942912,1929.7700,3151.49,0,134369280,1,102.33,0.00,1152221184,1024,801956352
91.6983,1115942912,1933.2200,3261.91,0,134369280,1,98.68,0.00,1152483328,1024,801997312
91.8034,1115942912,1936.5500,3167.64,0,134369280,1,99.29,0.00,1152483328,1024,801997312
91.9086,1115942912,1939.8800,3166.94,0,134369280,1,105.80,0.00,1152483328,1024,801997312
92.0184,1115942912,1943.4600,3260.67,0,134369280,1,95.06,0.00,1152483328,1024,801997312
92.1237,1115942912,1946.7900,3163.20,0,134369280,1,99.15,0.00,1152483328,1024,802091520
92.2286,1115942912,1950.1200,3173.54,0,134369280,1,102.75,0.00,1152221184,1024,802091520
92.3343,1115942912,1953.5700,3264.63,0,134369280,1,97.88,0.00,1152217088,1024,802091520
92.4398,1115942912,1956.9000,3153.88,0,134369280,1,103.00,0.00,1152217088,1024,802144768
92.5496,1115942912,1960.4800,3262.27,0,134369280,1,98.24,0.00,1152217088,1024,802144768
92.6549,1115942912,1963.8100,3163.50,0,134369280,1,98.27,0.00,1152217088,1024,802198016
92.7606,1115942912,1967.1300,3139.29,0,134369280,1,102.83,0.00,1152217088,1024,802198016
92.8656,1115942912,1970.5900,3295.91,0,134369280,1,97.94,0.00,1152217088,1024,802198016
92.9712,1115942912,1973.9200,3152.67,0,134369280,1,99.41,0.00,1152212992,1024,802198016
93.0768,1115942912,1977.2400,3144.59,0,134369280,1,106.26,0.00,1152212992,1024,802198016
93.1855,1115942912,1980.8200,3294.64,0,134369280,1,94.62,0.00,1152212992,1024,802198016
93.2913,1115942912,1984.1500,3145.56,0,134369280,1,99.18,0.00,1152212992,1024,802198016
93.3970,1115942912,1987.4800,3151.47,0,134369280,1,102.03,0.00,1152212992,1024,804044288
93.5025,1115942912,1990.9300,3268.22,0,134369280,1,98.88,0.00,1152212992,1024,804044288
93.6079,1115942912,1994.2600,3161.91,0,134369280,1,102.37,0.00,1152212992,1024,804199936
93.7138,1115942912,1997.7200,3267.06,0,134369280,1,97.67,0.00,1152212992,1024,804199936
93.8191,1115942912,2001.0400,3151.62,0,134369280,1,103.23,0.00,1152212992,1024,804199936
93.9257,1115942912,2004.5000,3245.99,0,134369280,1,96.45,0.00,1152212992,1024,804261376
94.0315,1115942912,2007.8300,3146.50,0,134369280,1,99.21,0.00,1152212992,1024,804261376
94.1366,1115942912,2011.1600,3170.22,0,134369280,1,102.64,0.00,1152208896,1024,804261376
94.2420,1115942912,2014.6100,3272.74,0,134369280,1,99.01,0.00,1152208896,1024,804261376
94.3484,1115942912,2017.9400,3130.04,0,134369280,1,101.34,0.00,1152208896,1024,804261376
94.4539,1115942912,2021.3900,3269.96,0,134369280,1,98.04,0.00,1152208896,1024,804261376
94.5596,1115942912,2024.7200,3148.73,0,134369280,1,102.83,0.00,1152204800,1024,804261376
94.6657,1115942912,2028.1700,3253.42,0,134369280,1,96.95,0.00,1152466944,1024,804261376
94.7712,1115942912,2031.5000,3155.53,0,134369280,1,99.50,0.00,1152466944,1024,804261376
94.8804,1115942912,2034.9600,3169.95,0,134369280,1,102.78,0.00,1152466944,1024,804261376
94.9852,1115942912,2038.4100,3290.03,0,134369280,1,98.05,0.00,1152376832,1024,804261376
95.0910,1115942912,2041.7400,3148.99,0,134369280,1,98.70,0.00,1152204800,1024,804261376
95.1968,1115942912,2045.0700,3148.04,0,134369280,1,101.92,0.00,1152200704,1024,804261376
95.3023,1115942912,2048.5200,3268.84,0,134369280,1,99.49,0.00,1152200704,1024,804261376
95.4123,1115942912,2051.9800,3146.06,0,134369280,1,101.16,0.00,1152200704,1024,804261376
95.5182,1115942912,2055.4400,3266.77,0,134369280,1,97.96,0.00,1152200704,1024,804261376
95.6235,1115942912,2058.7600,3152.29,0,134369280,1,99.70,0.00,1152200704,1024,804261376
95.7288,1115942912,2062.0900,3163.54,0,134369280,1,101.83,0.00,1152200704,1024,804261376
95.8340,1115942912,2065.5400,3278.69,0,134369280,1,98.90,0.00,1152200704,1024,804261376
95.9389,1115942912,2068.8700,3173.98,0,134369280,1,98.89,0.00,1152196608,1024,804261376
96.0445,1115942912,2072.2000,3152.40,0,134369280,1,101.77,0.00,1152196608,1024,804261376
96.1520,1115942912,2075.6600,3219.33,0,134369280,1,101.19,0.00,1152196608,1024,804261376
96.2574,1115942912,2079.1100,3275.07,0,134369280,1,98.49,0.00,1152196608,1024,804261376
96.3633,1115942912,2082.4400,3144.02,0,134369280,1,99.14,0.00,1152196608,1024,804261376
96.4690,1115942912,2085.7700,3149.24,0,134369280,1,101.37,0.00,1152196608,1024,804261376
96.5774,1115942912,2089.3500,3301.55,0,134369280,1,99.43,0.00,1152196608,1024,804261376
96.6832,1115942912,2092.6700,3139.34,0,134369280,1,99.29,0.00,1152192512,1024,804261376
96.7885,1115942912,2096.0000,3163.30,0,134369280,1,101.82,0.00,1152192512,1024,804285952
96.8939,1115942912,2099.4600,3281.24,0,134369280,1,98.39,0.00,1152192512,1024,804285952
96.9997,1115942912,2102.7800,3138.37,0,134369280,1,98.37,0.00,1152192512,1024,804285952
97.1053,1115942912,2106.2400,3277.49,0,134369280,1,101.53,0.00,1152192512,1024,804285952
97.2135,1115942912,2109.6900,3186.75,0,134369280,1,100.45,0.00,1152192512,1024,804285952
97.3194,1115942912,2113.0200,3146.91,0,134369280,1,98.34,0.00,1152188416,1024,804285952
97.4246,1115942912,2116.3500,3164.59,0,134369280,1,101.86,0.00,1152188416,1024,804285952
97.5303,1115942912,2119.8000,3264.16,0,134369280,1,99.34,0.00,1152188416,1024,804285952
97.6355,1115942912,2123.1300,3164.97,0,134369280,1,98.61,0.00,1152450560,1024,804326912
97.7440,1115942912,2126.5900,3188.26,0,134369280,1,102.51,0.00,1152450560,1024,804326912
97.8497,1115942912,2130.0400,3262.99,0,134369280,1,99.31,0.00,1152450560,1024,804359680
97.9552,1115942912,2133.3700,3157.48,0,134369280,1,98.37,0.00,1152450560,1024,804359680
98.0608,1115942912,2136.7000,3152.95,0,134369280,1,103.26,0.00,1152450560,1024,804359680
98.1667,1115942912,2140.1500,3258.53,0,134369280,1,101.24,0.00,1152446464,1024,804359680
98.2740,1115942912,2143.6000,3216.05,0,134369280,1,96.71,0.00,1152446464,1024,804359680
98.3799,1115942912,2146.9300,3144.07,0,134369280,1,102.97,0.00,1152446464,1024,804359680
98.4857,1115942912,2150.3900,3270.46,0,134369280,1,96.59,0.00,1152184320,1024,804359680
98.5935,1115942912,2153.8400,3200.67,0,134369280,1,100.89,0.00,1152184320,1024,807096320
98.6988,1115942912,2157.1700,3160.40,0,134369280,1,98.76,0.00,1152184320,1024,807096320
98.8046,1115942912,2160.4900,3138.72,0,134369280,1,101.63,0.00,1152184320,1024,807157760
98.9102,1115942912,2163.9500,3278.24,0,134369280,1,99.19,0.00,1152180224,1024,807157760
99.0157,1115942912,2167.2800,3154.14,0,134369280,1,102.12,0.00,1152180224,1024,807157760
99.1224,1115942912,2170.7300,3234.50,0,134369280,1,98.73,0.00,1152180224,1024,807157760
99.2277,1115942912,2174.0600,3162.35,0,134369280,1,101.49,0.00,1152180224,1024,807157760
99.3345,1115942912,2177.5100,3231.17,0,134369280,1,97.46,0.00,1152180224,1024,807157760
99.4403,1115942912,2180.8400,3146.57,0,134369280,1,105.12,0.00,1152180224,1024,807157760
99.5499,1115942912,2184.4200,3267.69,0,134369280,1,95.55,0.00,1152176128,1024,807157760
99.6552,1115942912,2187.7500,3159.69,0,134369280,1,98.74,0.00,1152176128,1024,807157760
99.7610,1115942912,2191.0800,3149.95,0,134369280,1,103.17,0.00,1152176128,1024,807157760
99.8665,1115942912,2194.5300,3268.05,0,134369280,1,96.80,0.00,1152176128,1024,807157760
99.9723,1115942912,2197.8600,3148.55,0,134369280,1,102.82,0.00,1152176128,1024,807157760
100.0782,1115942912,2201.3100,3258.75,0,134369280,1,98.00,0.00,1152176128,1024,807157760
100.1854,1115942912,2204.7700,3225.06,0,134369280,1,100.20,0.00,1152176128,1024,807157760
100.2914,1115942912,2208.1000,3143.65,0,134369280,1,98.83,0.00,1152172032,1024,807157760
100.3972,1115942912,2211.5500,3261.42,0,134369280,1,101.92,0.00,1152172032,1024,807157760
100.5040,1115942912,2214.8800,3116.13,0,134369280,1,100.89,0.00,1152172032,1024,807157760
100.6094,1115942912,2218.3300,3272.47,0,134369280,1,99.30,0.00,1152172032,1024,807157760
100.7176,1115942912,2221.7800,3190.86,0,134369280,1,99.71,0.00,1152176128,1024,807157760
100.8232,1115942912,2225.1100,3152.89,0,134369280,1,99.12,0.00,1152176128,1024,807157760
100.9290,1115942912,2228.4400,3147.54,0,134369280,1,101.61,0.00,1152172032,1024,807157760
101.0346,1115942912,2231.9000,3276.95,0,134369280,1,98.26,0.00,1152172032,1024,807157760
101.1404,1115942912,2235.1600,3081.65,0,134369280,1,103.10,0.00,1152172032,1024,807157760
101.2494,1115942912,2238.6300,3182.28,0,134369280,1,92.85,0.00,1152172032,1024,807157760
101.3547,1115942912,2241.8500,3058.84,0,134369280,1,95.59,0.00,1152172032,1024,807157760
101.4601,1115942912,2245.0800,3062.25,0,134369280,1,100.14,0.00,1152167936,1024,807157760
101.5656,1115942912,2248.4200,3168.11,0,134369280,1,94.26,0.00,1152167936,1024,807157760
101.6710,1115942912,2251.6500,3064.48,0,134369280,1,96.06,0.00,1152163840,1024,807157760
101.7763,1115942912,2254.8700,3058.22,0,134369280,1,103.88,0.00,1152163840,1024,807157760
101.8863,1115942912,2258.3400,3153.02,0,134369280,1,90.30,0.00,1152163840,1024,807182336
101.9920,1115942912,2261.5600,3046.73,0,134369280,1,99.35,0.00,1152163840,1024,807305216
102.0976,1115942912,2264.9000,3164.07,0,134369280,1,95.92,0.00,1152163840,1024,807305216
102.2029,1115942912,2268.1300,3065.09,0,134369280,1,96.08,0.00,1152163840,1024,807305216
102.3083,1115942912,2271.3500,3055.72,0,134369280,1,98.75,0.00,1152163840,1024,807305216
102.4135,1115942912,2274.7000,3186.36,0,134369280,1,95.41,0.00,1152159744,1024,807305216
102.5215,1115942912,2278.0300,3083.39,0,134369280,1,97.22,0.00,1152159744,1024,807305216
102.6268,1115942912,2281.2400,3046.69,0,134369280,1,94.32,0.00,1152159744,1024,807305216
102.7325,1115942912,2284.4700,3056.31,0,134369280,1,99.35,0.00,1152159744,1024,807305216
102.8383,1115942912,2287.8200,3165.36,0,134369280,1,95.08,0.00,1152421888,1024,807305216
102.9441,1115942912,2291.0400,3044.64,0,134369280,1,98.69,0.00,1152421888,1024,807641088
103.0535,1115942912,2294.5000,3163.75,0,134369280,1,95.72,0.00,1152421888,1024,807641088
103.1584,1115942912,2297.7300,3078.67,0,134369280,1,95.91,0.00,1152417792,1024,807641088
103.2637,1115942912,2300.9500,3055.60,0,134369280,1,99.34,0.00,1152417792,1024,807641088
103.3690,1115942912,2304.3000,3181.85,0,134369280,1,95.87,0.00,1152417792,1024,807641088
103.4744,1115942912,2307.5200,3057.07,0,134369280,1,95.53,0.00,1152417792,1024,807641088
103.5816,1115942912,2310.8700,3124.19,0,134369280,1,97.92,0.00,1152417792,1024,807661568
103.6871,1115942912,2314.1700,3128.51,0,134369280,1,96.88,0.00,1152417792,1024,811488256
103.7930,1115942912,2317.6100,3246.35,0,134369280,1,102.04,0.00,1152413696,1024,811488256
103.9006,1115942912,2320.9400,3096.65,0,134369280,1,101.42,0.00,1152413696,1024,811488256
104.0063,1115942912,2324.3900,3262.98,0,134369280,1,97.24,0.00,1152413696,1024,811488256
104.1117,1115942912,2327.6200,3064.97,0,134369280,1,99.34,0.00,1152413696,1024,811488256
104.2201,1115942912,2330.9700,3091.39,0,134369280,1,97.76,0.00,1152413696,1024,811488256
104.3253,1115942912,2334.3100,3172.23,0,134369280,1,94.38,0.00,1152413696,1024,811488256
104.4305,1115942912,2337.5400,3071.97,0,134369280,1,96.59,0.00,1152413696,1024,811488256
104.5357,1115942912,2340.7600,3060.89,0,134369280,1,95.65,0.00,1152409600,1024,811488256
104.6405,1115942912,2343.9800,3072.76,0,134369280,1,102.58,0.00,1152409600,1024,811488256
104.7506,1115942912,2347.4600,3160.04,0,134369280,1,92.51,0.00,1152409600,1024,811488256
104.8556,1115942912,2350.6800,3065.39,0,134369280,1,95.79,0.00,1152409600,1024,811488256
104.9608,1115942912,2353.9000,3061.60,0,134369280,1,100.43,0.00,1152409600,1024,811488256
105.0661,1115942912,2357.2500,3180.75,0,134369280,1,94.35,0.00,1152409600,1024,811488256
105.1721,1115942912,2360.4700,3040.13,0,134369280,1,99.13,0.00,1152409600,1024,811488256
105.2773,1115942912,2363.8100,3174.77,0,134369280,1,95.94,0.00,1152409600,1024,811488256
105.3854,1115942912,2367.1600,3096.48,0,134369280,1,96.48,0.00,1152405504,1024,811488256
105.4907,1115942912,2370.3900,3069.86,0,134369280,1,95.93,0.00,1152405504,1024,811488256
105.5959,1115942912,2373.6100,3058.81,0,134369280,1,99.45,0.00,1152405504,1024,811488256
105.7012,1115942912,2376.9500,3174.06,0,134369280,1,96.81,0.00,1152405504,1024,811488256
105.8061,1115942912,2380.1800,3077.37,0,134369280,1,98.55,0.00,1152405504,1024,811488256
105.9140,1115942912,2383.5300,3104.18,0,134369280,1,93.24,0.00,1152405504,1024,811488256
106.0193,1115942912,2386.7500,3059.20,0,134369280,1,95.90,0.00,1152401408,1024,811488256
106.1252,1115942912,2390.0800,3144.91,0,134369280,1,97.98,0.00,1152401408,1024,811488256
106.2303,1115942912,2393.3100,3071.55,0,134369280,1,99.85,0.00,1152401408,1024,811488256
106.3383,1115942912,2396.6500,3092.76,0,134369280,1,93.18,0.00,1152401408,1024,811488256
106.4440,1115942912,2399.8800,3055.62,0,134369280,1,98.74,0.00,1152401408,1024,811488256
106.5492,1115942912,2403.2200,3175.05,0,134369280,1,99.81,0.00,1152401408,1024,811488256
106.6578,1115942912,2406.5700,3084.86,0,134369280,1,92.66,0.00,1152405504,1024,811488256
106.7637,1115942912,2409.7900,3040.41,0,134369280,1,98.85,0.00,1152401408,1024,811488256
106.8695,1115942912,2413.1400,3169.01,0,134369280,1,95.48,0.00,1152397312,1024,811488256
106.9747,1115942912,2416.3600,3059.23,0,134369280,1,95.60,0.00,1152397312,1024,811488256
107.0806,1115942912,2419.5900,3051.27,0,134369280,1,102.44,0.00,1152397312,1024,811488256
107.1898,1115942912,2423.0600,3177.88,0,134369280,1,92.73,0.00,1152397312,1024,811488256
107.2955,1115942912,2426.2800,3043.73,0,134369280,1,93.94,0.00,1152397312,1024,811488256
107.4011,1115942912,2429.6300,3172.36,0,134369280,1,100.62,0.00,1152397312,1024,811488256
107.5066,1115942912,2432.8500,3052.18,0,134369280,1,94.20,0.00,1152393216,1024,811488256
107.6118,1115942912,2436.0700,3062.81,0,134369280,1,99.28,0.00,1152393216,1024,811488256
107.7216,1115942912,2439.5400,3159.89,0,134369280,1,96.75,0.00,1152393216,1024,811488256
107.8273,1115942912,2442.7700,3055.23,0,134369280,1,94.59,0.00,1152393216,1024,811525120
107.9326,1115942912,2445.9900,3059.23,0,134369280,1,98.87,0.00,1152172032,1024,811525120
108.0384,1116336128,2449.3400,3164.73,0,134369280,1,95.95,0.00,1152434176,1024,811594752
108.1437,1116336128,2452.5700,3066.96,0,134369280,1,99.11,0.00,1152430080,1024,811594752
108.2536,1116336128,2456.0300,3150.17,0,134369280,1,94.46,0.00,1152430080,1024,811594752
108.3593,1116336128,2459.2600,3056.19,0,134369280,1,96.39,0.00,1152430080,1024,811594752
108.4644,1116336128,2462.4800,3063.92,0,134369280,1,100.21,0.00,1152188416,1024,811594752
108.5696,1116336128,2465.8300,3182.15,0,134369280,1,96.77,0.00,1152188416,1024,811594752
108.6754,1116336128,2469.0500,3045.58,0,134369280,1,93.70,0.00,1152188416,1024,811594752
108.7856,1116336128,2472.5200,3148.13,0,134369280,1,99.51,0.00,1152188416,1024,813041664
108.8909,1116336128,2475.7400,3058.05,0,134369280,1,95.86,0.00,1152184320,1024,813041664
108.9968,1116336128,2478.9700,3048.41,0,134369280,1,98.51,0.00,1152184320,1024,813041664
109.1021,1116336128,2482.3100,3171.35,0,134369280,1,95.84,0.00,1152184320,1024,813041664
109.2079,1116336128,2485.5300,3044.31,0,134369280,1,99.27,0.00,1152184320,1024,813041664
109.3131,1116336128,2488.8800,3185.40,0,134369280,1,94.79,0.00,1152184320,1024,813041664
109.4183,1116336128,2492.1000,3060.28,0,134369280,1,96.23,0.00,1152184320,1024,813041664
109.5240,1116336128,2495.3300,3056.78,0,134369280,1,99.07,0.00,1152184320,1024,813041664
109.6300,1116336128,2498.6700,3149.67,0,134369280,1,95.48,0.00,1152180224,1024,813041664
109.7353,1116336128,2501.9000,3068.35,0,134369280,1,94.40,0.00,1152180224,1024,813041664
109.8409,1116336128,2505.1300,3059.05,0,134369280,1,103.59,0.00,1152180224,1024,813066240
109.9504,1116336128,2508.6000,3169.29,0,134369280,1,92.76,0.00,1151922176,1024,813066240
110.0557,1119088640,2511.6900,2932.73,0,134373376,1,94.61,0.00,1155334144,1024,813066240
110.1619,1119088640,2514.8200,2947.71,0,134373376,1,89.17,0.00,1154961408,1024,813066240
110.2675,1119088640,2517.8000,2822.80,0,134373376,1,87.62,0.00,1154957312,1024,813066240
110.3728,1119088640,2520.7200,2773.24,0,134373376,1,89.04,0.00,1154957312,1024,813066240
110.4782,1125773312,2523.7100,2837.19,0,134377472,1,86.88,0.00,1161768960,1024,813066240
110.5834,1125773312,2526.4200,2575.78,0,134377472,1,80.20,0.00,1161527296,1024,813066240
110.6888,1125773312,2529.1100,2551.81,0,134377472,1,83.01,0.00,1161789440,1024,813066240
110.7938,1125773312,2531.8100,2570.46,0,134377472,1,76.16,0.00,1161527296,1024,813066240
110.8996,1125773312,2534.4100,2458.23,0,134377472,1,77.71,0.00,1161277440,1024,813066240
111.0049,1128919040,2537.0600,2516.64,0,134377472,1,78.05,0.00,1164578816,1024,813066240
111.1102,1128919040,2539.5600,2374.29,0,134377472,1,74.79,0.00,1164439552,1024,813312000
111.2155,1128919040,2542.0500,2363.21,0,134377472,1,76.52,0.00,1164439552,1024,813312000
111.3210,1128919040,2544.5800,2398.84,0,134377472,1,72.30,0.00,1164439552,1024,813312000
111.4266,1128919040,2546.9700,2262.73,0,134377472,1,70.12,0.00,1164439552,1024,813312000
111.5323,1128919040,2549.3600,2261.94,0,134377472,1,73.05,0.00,1164439552,1024,813312000
111.6378,1128919040,2551.8500,2360.90,0,134377472,1,71.41,0.00,1164439552,1024,813385728
111.7437,1128919040,2554.2400,2256.27,0,134377472,1,73.16,0.00,1164439552,1024,813385728
111.8491,1128919040,2556.7200,2353.55,0,134377472,1,71.77,0.00,1164435456,1024,813385728
111.9547,1128919040,2559.1100,2262.03,0,134377472,1,69.51,0.00,1164435456,1024,813385728
112.0606,1128919040,2561.5100,2266.20,0,134377472,1,74.06,0.00,1164435456,1024,813385728
112.1658,1128919040,2563.9900,2359.20,0,134377472,1,70.75,0.00,1164435456,1024,813393920
112.2713,1132064768,2566.3000,2187.94,0,134377472,1,68.97,0.00,1167581184,1024,813393920
112.3768,1132064768,2568.5900,2170.82,0,134377472,1,69.91,0.00,1167581184,1024,813393920
112.4824,1132064768,2570.9600,2244.84,0,134377472,1,68.38,0.00,1167581184,1024,813393920
112.5880,1132064768,2573.2500,2168.38,0,134377472,1,70.43,0.00,1167581184,1024,813393920
112.6937,1132064768,2575.6300,2251.25,0,134377472,1,67.10,0.00,1167577088,1024,813434880
112.7997,1132064768,2577.9100,2150.40,0,134377472,1,70.74,0.00,1167577088,1024,813434880
112.9053,1132064768,2580.2900,2255.19,0,134377472,1,67.51,0.00,1167577088,1024,813434880
113.0113,1132064768,2582.5800,2159.49,0,134377472,1,67.78,0.00,1167577088,1024,813434880
113.1173,1132064768,2584.9500,2236.99,0,134377472,1,69.61,0.00,1167593472,1024,813434880
113.2224,1132064768,2587.2400,2177.31,0,134377472,1,68.34,0.00,1167589376,1024,813434880
113.3279,1132064768,2589.5300,2170.69,0,134377472,1,70.80,0.00,1167589376,1024,813434880
113.4333,1132064768,2591.9100,2258.70,0,134377472,1,67.03,0.00,1167589376,1024,813484032
113.5388,1132064768,2594.1900,2161.02,0,134377472,1,68.42,0.00,1167585280,1024,813484032
113.6444,1132064768,2596.4800,2168.62,0,134377472,1,70.73,0.00,1167847424,1024,813643776
113.7501,1135210496,2598.8000,2195.97,0,134377472,1,66.55,0.00,1171255296,1024,813643776
113.8557,1135210496,2600.9800,2063.42,0,134377472,1,66.26,0.00,1171255296,1024,817039360
113.9611,1135210496,2603.2500,2154.83,0,134377472,1,65.26,0.00,1171021824,1024,817049600
114.0661,1135210496,2605.4300,2075.55,0,134377472,1,64.56,0.00,1170759680,1024,817049600
114.1718,1135210496,2607.6200,2071.03,0,134377472,1,66.79,0.00,1170759680,1024,817049600
114.2770,1135210496,2609.8900,2159.27,0,134377472,1,65.40,0.00,1170759680,1024,817049600
114.3823,1135210496,2612.0700,2069.46,0,134377472,1,64.97,0.00,1170755584,1024,817049600
114.4877,1135210496,2614.2500,2069.10,0,134377472,1,67.63,0.00,1170755584,1024,817049600
114.5928,1135210496,2616.4400,2083.14,0,134377472,1,64.21,0.00,1170755584,1024,817049600
114.6983,1135210496,2618.7100,2151.59,0,134377472,1,64.87,0.00,1170755584,1024,817115136
114.8033,1135210496,2620.8900,2076.13,0,134377472,1,65.18,0.00,1170755584,1024,817115136
114.9089,1135210496,2623.0700,2065.33,0,134377472,1,67.80,0.00,1170755584,1024,817115136
115.0142,1138356224,2625.3000,2116.06,0,134377472,1,62.27,0.00,1174163456,1024,817115136
115.1194,1138356224,2627.3800,1978.07,0,134377472,1,62.11,0.00,1174159360,1024,817115136
115.2245,1138356224,2629.4600,1978.29,0,134377472,1,64.20,0.00,1174159360,1024,817156096
115.3296,1138356224,2631.6200,2055.43,0,134377472,1,62.45,0.00,1174159360,1024,817156096
115.4351,1138356224,2633.7000,1972.11,0,134377472,1,60.74,0.00,1174159360,1024,817156096
115.5401,1138356224,2635.7800,1980.21,0,134377472,1,64.56,0.00,1174159360,1024,817156096
115.6452,1138356224,2637.9400,2056.71,0,134377472,1,62.19,0.00,1174159360,1024,817156096
115.7500,1138356224,2640.0200,1984.38,0,134377472,1,62.61,0.00,1174155264,1024,817156096
115.8556,1138356224,2642.1000,1969.39,0,134377472,1,63.32,0.00,1174155264,1024,817156096
115.9611,1138356224,2644.2600,2047.97,0,134377472,1,61.92,0.00,1174155264,1024,817156096
116.0665,1138356224,2646.3400,1972.46,0,134377472,1,61.64,0.00,1174155264,1024,817156096
116.1717,1138356224,2648.4200,1978.23,0,134377472,1,63.90,0.00,1174069248,1024,817156096
116.2771,1138356224,2650.5800,2049.35,0,134377472,1,61.97,0.00,1174069248,1024,817156096
116.3823,1138356224,2652.6600,1976.49,0,134377472,1,61.77,0.00,1174069248,1024,817156096
116.4879,1138356224,2654.7400,1970.38,0,134377472,1,64.53,0.00,1174065152,1024,817156096
116.5929,1138356224,2656.8200,1980.94,0,134377472,1,61.01,0.00,1174065152,1024,817156096
116.6986,1138356224,2658.9800,2042.72,0,134377472,1,61.77,0.00,1174065152,1024,817156096
116.8043,1138356224,2661.0600,1968.07,0,134377472,1,63.87,0.00,1174061056,1024,817156096
116.9096,1138356224,2663.2200,2051.82,0,134377472,1,62.34,0.00,1174061056,1024,817156096
117.0150,1138356224,2665.3000,1972.07,0,134377472,1,60.74,0.00,1174061056,1024,817168384
117.1202,1138356224,2667.3800,1977.31,0,134377472,1,64.46,0.00,1174056960,1024,817168384
117.2256,1138356224,2669.5400,2050.07,0,134377472,1,61.69,0.00,1174056960,1024,817192960
117.3308,1138356224,2671.6200,1976.21,0,134377472,1,62.65,0.00,1174056960,1024,817192960
117.4360,1138356224,2673.7000,1977.30,0,134377472,1,63.57,0.00,1174056960,1024,817192960
117.5417,1138356224,2675.8600,2044.12,0,134377472,1,61.51,0.00,1174056960,1024,817192960
117.6468,1138356224,2677.9400,1979.10,0,134377472,1,61.85,0.00,1174056960,1024,817192960
117.7525,1138356224,2680.0200,1968.00,0,134377472,1,64.16,0.00,1174056960,1024,817254400
117.8578,1138356224,2682.1800,2051.09,0,134377472,1,62.02,0.00,1174056960,1024,817291264
117.9636,1138356224,2684.2600,1966.61,0,134377472,1,63.82,0.00,1174052864,1024,817291264
118.0689,1138356224,2686.4200,2049.81,0,134377472,1,62.57,0.00,1174052864,1024,817291264
118.1749,1138356224,2688.5000,1963.74,0,134377472,1,60.48,0.00,1174052864,1024,817291264
118.2803,1138356224,2690.5700,1963.55,0,134381568,1,63.73,0.00,1174052864,1024,817291264
118.3854,1138356224,2692.6200,1949.32,0,134381568,1,58.54,0.00,1174052864,1024,817291264
118.4914,1138356224,2694.6000,1869.03,0,134381568,1,59.00,0.00,1174052864,1024,817291264
118.5967,1138356224,2696.5700,1870.35,0,134381568,1,60.23,0.00,1174052864,1024,817291264
118.7018,1138356224,2698.6300,1959.88,0,134381568,1,58.87,0.00,1174048768,1024,817291264
118.8073,1138356224,2700.6000,1867.92,0,134381568,1,58.37,0.00,1174048768,1024,817291264
118.9130,1138356224,2702.6500,1939.22,0,134381568,1,60.90,0.00,1174048768,1024,817291264
119.0183,1138356224,2704.6300,1880.29,0,134381568,1,59.65,0.30,1174310912,1024,819627008
119.1235,1138356224,2706.6100,1882.98,0,134381568,1,58.84,0.00,1174310912,1024,819627008
119.2289,1138356224,2708.6600,1943.22,0,134381568,1,61.32,0.00,1174310912,1024,819627008
119.3340,1138356224,2710.6300,1874.45,0,134381568,1,57.68,0.00,1174052864,1024,819627008
119.4395,1138356224,2712.6100,1877.17,0,134381568,1,58.96,0.00,1174048768,1024,819627008
119.5446,1138356224,2714.5800,1874.75,0,134381568,1,60.67,0.00,1174048768,1024,819627008
119.6504,1138356224,2716.6300,1937.59,0,134381568,1,59.66,0.00,1174310912,1024,819627008
119.7555,1138356224,2718.6100,1883.55,0,134381568,1,57.67,0.00,1174048768,1024,819627008
119.8608,1138356224,2720.5800,1871.66,0,134381568,1,61.46,0.00,1174048768,1024,819627008
119.9661,1138356224,2722.6400,1956.72,0,134381568,1,58.18,0.00,1174048768,1024,819627008
120.0712,1138356224,2724.6100,1872.91,0,134381568,1,59.72,0.00,1174044672,1024,819627008
120.1766,1138356224,2726.5900,1879.05,0,134381568,1,60.50,0.00,1174044672,1024,819627008
120.2816,1138356224,2728.6400,1951.96,0,134381568,1,58.92,0.00,1174044672,1024,819627008
120.3871,1141501952,2730.6100,1868.62,0,134385664,1,57.80,0.00,1177190400,1024,819659776
120.4923,1141501952,2732.4900,1786.36,0,134385664,1,58.50,0.00,1176494080,1024,819659776
120.5975,1141501952,2734.4300,1844.34,0,134385664,1,56.15,0.00,1176494080,1024,819659776
120.7032,1141501952,2736.2600,1730.73,0,134385664,1,54.68,0.00,1176756224,1024,819659776
120.8082,1141501952,2738.0300,1685.86,0,134385664,1,55.36,0.00,1176489984,1024,819659776
120.9139,1141501952,2739.8600,1731.89,0,134385664,1,51.16,0.00,1176489984,1024,819659776
121.0193,1141501952,2741.6300,1679.09,0,134385664,1,52.47,0.00,1176489984,1024,819659776
121.1249,1147793408,2743.2800,1563.03,0,134385664,1,50.32,0.00,1183305728,1024,819659776
121.2300,1147793408,2744.8300,1474.32,0,134385664,1,45.48,0.00,1183064064,1024,819659776
121.3349,1150939136,2746.2400,1343.95,0,134385664,1,40.51,0.00,1186471936,1024,819659776
121.4402,1157230592,2747.4800,1177.90,0,134385664,1,38.89,0.00,1192759296,1024,819659776
121.5453,1143562240,2748.5800,1046.00,0,134385664,1,30.90,0.00,1176535040,1024,819659776
121.6505,1143562240,2749.4900,865.80,0,134385664,1,27.35,0.00,1176797184,1024,819688448
121.7554,1143562240,2750.3200,790.49,0,134385664,1,24.41,0.00,1176797184,1024,819688448
121.8606,1146707968,2751.0600,703.92,0,134385664,1,22.89,0.30,1180205056,1024,819688448
121.9659,1146707968,2751.7300,635.96,0,134385664,1,19.28,0.00,1180205056,1024,819688448
122.0712,1146707968,2752.1800,427.33,0,134385664,1,13.35,0.00,1180487680,1024,819688448
122.1767,1146707968,2752.6000,398.30,0,134385664,1,12.74,0.00,1180241920,1024,819688448
122.2817,1146707968,2753.0300,409.58,0,134385664,1,12.20,0.00,1180241920,1024,819688448
122.3866,1146707968,2753.4400,390.61,0,134385664,1,12.80,0.00,1180241920,1024,819688448
122.4917,1146707968,2753.8600,399.69,0,134385664,1,12.79,0.00,1179832320,1024,819766272
122.5971,1146707968,2754.2900,407.94,0,134385664,1,12.45,0.00,1179832320,1024,819766272
122.7021,1146707968,2754.7100,400.11,0,134385664,1,12.21,0.00,1179836416,1024,819766272
122.8070,1149853696,2755.0600,333.67,0,134385664,1,11.02,0.00,1182720000,1024,819766272
122.9119,1149853696,2755.3700,295.45,0,134385664,1,9.53,0.00,1182715904,1024,819766272
123.0169,1149853696,2755.6900,304.69,0,134385664,1,9.22,0.00,1182715904,1024,819766272
123.1219,1149853696,2756.0100,304.76,0,134385664,1,8.93,0.00,1182715904,1024,819766272
123.2271,1149853696,2756.3200,294.76,0,134385664,1,9.81,0.00,1182715904,1024,819766272
123.3320,1149853696,2756.6300,295.54,0,134385664,1,9.83,0.00,1182715904,1024,819766272
123.4369,1149853696,2756.9500,305.12,0,134385664,1,8.94,0.00,1182715904,1024,819766272
123.5420,1149853696,2757.2700,304.47,0,134385664,1,9.22,0.00,1182715904,1024,819766272
123.6472,1149853696,2757.5800,294.66,0,134385664,1,9.51,0.00,1182711808,1024,819926016
123.7523,1149853696,2757.8900,294.86,0,134385664,1,9.81,0.00,1182711808,1024,819926016
123.8575,1149853696,2758.2100,304.35,0,134385664,1,8.92,0.00,1182711808,1024,819983360
123.9624,1149853696,2758.5300,304.89,0,134385664,1,9.23,0.00,1182711808,1024,820036608
124.0677,1149853696,2758.7800,237.51,0,134385664,1,8.31,0.00,1182711808,1024,820036608
124.1729,1149853696,2758.9900,199.60,0,134385664,1,6.24,0.00,1182711808,1024,822615552
124.2778,1149853696,2759.2100,209.66,0,134385664,1,5.96,0.00,1182711808,1024,822615552
124.3824,1149853696,2759.4100,191.19,0,134385664,1,6.27,0.00,1182707712,1024,822615552
124.4872,1149853696,2759.6200,200.46,0,134385664,1,6.56,0.00,1182707712,1024,822771200
124.5928,1149853696,2759.8300,198.90,0,134385664,1,6.51,0.00,1182707712,1024,822771200
124.6976,1149853696,2760.0500,209.77,0,134385664,1,5.96,0.00,1182707712,1024,822894080
124.8031,1149853696,2760.2500,189.67,0,134385664,1,6.22,0.00,1182707712,1024,822894080
124.9084,1149853696,2760.4300,170.99,0,134385664,1,5.34,0.00,1182969856,1024,822894080
125.0135,1175805952,2761.7700,1274.06,0,134385664,1,40.41,0.00,1210818560,1024,822894080
125.1196,1175805952,2763.4300,1565.15,0,134385664,1,50.97,0.00,1210580992,1024,822894080
125.2246,1175805952,2765.1000,1589.61,0,134385664,1,49.38,0.00,1210576896,1024,822894080
125.3300,1175805952,2766.8200,1632.74,0,134385664,1,49.54,0.00,1210576896,1024,822894080
125.4355,1175805952,2768.4900,1583.16,0,134385664,1,49.18,0.00,1210318848,1024,822930944
125.5411,1175805952,2770.2100,1627.90,0,134385664,1,51.76,0.00,1210318848,1024,822930944
125.6465,1175805952,2771.8800,1584.39,0,134385664,1,49.22,0.00,1210318848,1024,822930944
125.7517,1175805952,2773.5400,1577.85,0,134385664,1,51.09,0.00,1210318848,1024,822930944
125.8577,1175805952,2775.2700,1633.46,0,134385664,1,50.16,0.00,1210314752,1024,822930944
125.9627,1175805952,2776.9300,1579.59,0,134385664,1,49.06,0.00,1210314752,1024,822955520
126.0678,1175805952,2778.6000,1589.96,0,134385664,1,51.17,0.00,1210314752,1024,822955520
126.1732,1175805952,2780.3300,1640.68,0,134385664,1,49.20,0.00,1210314752,1024,822955520
126.2788,1175805952,2781.9900,1572.75,0,134385664,1,50.04,0.00,1210314752,1024,822955520
126.3843,1175805952,2783.6500,1572.92,0,134385664,1,50.93,0.00,1210314752,1024,822955520
126.4898,1175805952,2785.3800,1640.33,0,134385664,1,49.19,0.00,1210052608,1024,822955520
126.5953,1175805952,2787.0500,1583.14,0,134385664,1,49.18,0.00,1210052608,1024,822955520
126.7007,1175805952,2788.7100,1575.10,0,134385664,1,51.59,0.00,1210052608,1024,822955520
126.8060,1175805952,2790.4400,1642.52,0,134385664,1,49.25,0.00,1210314752,1024,822955520
126.9107,1175805952,2792.1000,1585.37,0,134385664,1,49.84,0.00,1210314752,1024,822955520
127.0156,1175805952,2793.7700,1591.45,0,134385664,1,49.14,0.00,1210314752,1024,822988288
127.1203,1175805952,2795.4300,1585.16,0,134385664,1,52.22,0.00,1210314752,1024,822988288
127.2253,1175805952,2797.1600,1647.73,0,134385664,1,49.41,0.00,1210314752,1024,822988288
127.3308,1175805952,2798.8200,1573.66,0,134385664,1,49.47,0.00,1210314752,1024,822988288
127.4356,1175805952,2800.4900,1593.99,0,134385664,1,49.51,0.00,1210056704,1024,822988288
127.5404,1175805952,2802.1500,1583.95,0,134385664,1,51.88,0.00,1210056704,1024,822988288
127.6455,1175805952,2803.8800,1646.23,0,134385664,1,49.36,0.00,1210056704,1024,822988288
127.7505,1175805952,2805.5400,1581.39,0,134385664,1,49.72,0.00,1210318848,1024,822988288
127.8553,1175805952,2807.2100,1592.25,0,134385664,1,48.86,0.00,1210318848,1024,823025152
127.9604,1175805952,2808.8700,1579.37,0,134385664,1,51.73,0.00,1210314752,1024,823025152
128.0653,1175805952,2810.6000,1650.53,0,134385664,1,49.49,0.00,1210314752,1024,823025152
128.1702,1175805952,2812.2600,1581.63,0,134385664,1,49.72,0.00,1210314752,1024,823025152
128.2757,1175805952,2813.9300,1582.86,0,134385664,1,51.83,0.00,1210314752,1024,823025152
128.3806,1175805952,2815.5900,1582.13,0,134385664,1,48.85,0.00,1210314752,1024,823025152
128.4862,1175805952,2817.3200,1638.87,0,134385664,1,48.85,0.00,1210314752,1024,823025152
128.5915,1175805952,2818.9800,1575.67,0,134385664,1,49.83,0.00,1210310656,1024,823025152
128.6967,1175805952,2820.6500,1588.58,0,134385664,1,52.02,0.00,1210310656,1024,823025152
128.8024,1175805952,2822.3700,1626.84,0,134385664,1,48.47,0.00,1210310656,1024,823066112
128.9072,1175805952,2824.0400,1593.98,0,134385664,1,49.51,0.00,1210310656,1024,823066112
129.0123,1175805952,2825.7000,1578.43,0,134385664,1,51.41,0.00,1210310656,1024,823066112
129.1182,1175805952,2827.4300,1634.75,0,134385664,1,49.90,0.00,1210310656,1024,823066112
129.2230,1175805952,2829.0900,1582.81,0,134385664,1,49.16,0.00,1210310656,1024,825903616
129.3284,1175805952,2830.7600,1585.54,0,134385664,1,51.33,0.00,1210179584,1024,825903616
129.4336,1175805952,2832.4800,1635.07,0,134385664,1,49.31,0.00,1210179584,1024,825903616
129.5391,1175805952,2834.1500,1583.01,0,134385664,1,50.06,0.00,1210179584,1024,825903616
129.6444,1175805952,2835.8100,1576.39,0,134385664,1,50.45,0.00,1210179584,1024,825903616
129.7494,1175805952,2837.5400,1647.62,0,134385664,1,49.70,0.00,1210441728,1024,825903616
129.8553,1203294208,2838.3900,802.05,0,134389760,1,25.06,0.00,1237225472,1024,825903616
129.9610,1218203648,2839.4600,1012.97,0,134389760,1,32.25,0.00,1252155392,1024,825903616
130.0672,1218203648,2841.1300,1571.77,0,134389760,1,49.12,0.00,1252114432,1024,826006016
130.1725,1218203648,2842.7900,1575.98,0,134389760,1,51.92,0.00,1251872768,1024,826006016
130.2775,1218203648,2844.5200,1648.34,0,134389760,1,49.13,0.00,1251868672,1024,826006016
130.3830,1218203648,2846.1800,1573.71,0,134389760,1,48.88,0.00,1251868672,1024,826006016
130.4885,1218203648,2847.8500,1582.56,0,134389760,1,51.82,0.00,1251868672,1024,826038784
130.5938,1218203648,2849.5700,1634.14,0,134389760,1,49.29,0.00,1251868672,1024,826055168
130.6988,1218203648,2851.2400,1590.28,0,134389760,1,49.70,0.00,1251868672,1024,826055168
130.8040,1218203648,2852.9000,1578.13,0,134389760,1,50.80,0.00,1251618816,1024,826055168
130.9090,1218203648,2854.6300,1647.81,0,134389760,1,50.30,0.00,1251618816,1024,826055168
131.0146,1218203648,2856.2900,1571.46,0,134389760,1,48.81,0.00,1251618816,1024,826055168
131.1200,1218203648,2857.9600,1584.65,0,134389760,1,51.00,0.00,1251618816,1024,826055168
131.2250,1218203648,2859.6900,1646.57,0,134389760,1,49.67,0.00,1251618816,1024,826055168
131.3302,1218203648,2861.3500,1578.01,0,134389760,1,50.20,0.00,1251622912,1024,826055168
131.4354,1218203648,2863.0100,1578.74,0,134389760,1,49.04,0.00,1251618816,1024,826055168
131.5403,1218203648,2864.6800,1591.89,0,134389760,1,51.24,0.00,1251618816,1024,826055168
131.6454,1218203648,2866.4000,1636.79,0,134389760,1,49.66,0.00,1251622912,1024,826055168
131.7510,1218203648,2868.0700,1581.76,0,134389760,1,49.73,0.00,1251360768,1024,826055168
131.8559,1218203648,2869.7300,1582.33,0,134389760,1,51.24,0.00,1251622912,1024,826055168
131.9609,1218203648,2871.4000,1589.46,0,134389760,1,49.08,0.00,1251622912,1024,826055168
132.0664,1218203648,2873.1200,1630.87,0,134389760,1,49.48,0.00,1251618816,1024,826055168
132.1719,1218203648,2874.7900,1583.42,0,134389760,1,51.26,0.00,1251618816,1024,826055168
132.2772,1218203648,2876.5200,1643.03,0,134389760,1,49.86,0.00,1251618816,1024,826055168
132.3824,1218203648,2878.1800,1577.58,0,134389760,1,49.00,0.00,1251618816,1024,826055168
132.4875,1218203648,2879.8400,1578.70,0,134389760,1,49.63,0.00,1251618816,1024,826055168
132.5925,1218203648,2881.5100,1591.57,0,134389760,1,51.52,0.00,1251618816,1024,826055168
132.6974,1218203648,2883.2400,1648.50,0,134389760,1,49.73,0.00,1251618816,1024,826055168
132.8029,1218203648,2884.9000,1573.12,0,134389760,1,48.86,0.00,1251614720,1024,826055168
132.9084,1218203648,2886.5600,1574.14,0,134389760,1,51.86,0.00,1251614720,1024,826055168
133.0141,1218203648,2888.2900,1636.73,0,134389760,1,48.78,0.00,1251614720,1024,826055168
133.1193,1218203648,2889.9600,1587.41,0,134389760,1,49.61,0.00,1251876864,1024,826137088
133.2248,1218203648,2891.6200,1573.52,0,134389760,1,50.95,0.00,1251880960,1024,826206720
133.3301,1218203648,2893.3500,1641.91,0,134389760,1,49.83,0.00,1251622912,1024,826206720
133.4353,1218203648,2895.0100,1578.14,0,134389760,1,49.02,0.00,1251885056,1024,826206720
133.5407,1218203648,2896.6800,1584.72,0,134389760,1,51.01,0.00,1251885056,1024,826206720
133.6456,1218203648,2898.4000,1639.75,0,134389760,1,49.75,0.00,1251885056,1024,826370560
133.7510,1218203648,2900.0700,1585.10,0,134389760,1,49.83,0.00,1251885056,1024,826423808
133.8557,1218203648,2901.7300,1584.86,0,134389760,1,51.32,0.00,1251885056,1024,826423808
133.9613,1218203648,2903.4600,1637.52,0,134389760,1,49.10,0.00,1251880960,1024,826423808
134.0672,1218203648,2905.1200,1568.05,0,134389760,1,49.30,0.00,1251880960,1024,826423808
134.1723,1218203648,2906.7900,1588.80,0,134389760,1,51.43,0.00,1251885056,1024,826423808
134.2778,1218203648,2908.5100,1630.74,0,134389760,1,49.48,0.00,1251885056,1024,826423808
134.3833,1218203648,2910.1800,1582.15,0,134389760,1,50.03,0.00,1251885056,1024,829651456
134.4885,1218203648,2911.8400,1578.44,0,134389760,1,51.70,0.00,1251885056,1024,829651456
134.5937,1218203648,2913.5700,1645.43,0,134389760,1,49.64,0.00,1251885056,1024,829651456
134.6986,1218203648,2915.2300,1581.38,0,134389760,1,49.42,0.00,1251880960,1024,829651456
134.8043,1249300480,2916.4600,1163.75,0,134393856,1,35.48,0.00,1283338240,1024,829671936
134.9101,1268830208,2917.4600,944.97,0,134397952,1,29.83,0.00,1302462464,1024,829671936
135.0155,1268830208,2919.1200,1576.26,0,134397952,1,49.55,0.00,1302462464,1024,829671936
135.1210,1268830208,2920.8500,1638.89,0,134397952,1,51.51,0.00,1302462464,1024,829794816
135.2261,1268830208,2922.5100,1579.23,0,134397952,1,48.76,0.00,1302462464,1024,829794816
135.3312,1268830208,2924.1800,1588.98,0,134397952,1,49.95,0.00,1302462464,1024,829794816
135.4366,1268830208,2925.8400,1574.92,0,134397952,1,51.00,0.00,1302515712,1024,829794816
135.5421,1268830208,2927.5700,1640.19,0,134397952,1,49.77,0.00,1302515712,1024,829794816
135.6469,1268830208,2929.2300,1583.49,0,134397952,1,48.89,0.00,1302511616,1024,829848064
135.7518,1268830208,2930.9000,1592.30,0,134397952,1,52.14,0.00,1302286336,1024,829848064
135.8574,1268830208,2932.6200,1628.60,0,134397952,1,48.82,0.00,1302286336,1024,829848064
135.9623,1268830208,2934.2900,1592.99,0,134397952,1,50.08,0.00,1302192128,1024,829848064
136.0682,1268830208,2935.9500,1567.17,0,134397952,1,50.74,0.00,1302192128,1024,829848064
136.1734,1268830208,2937.6800,1644.22,0,134397952,1,49.60,0.00,1302196224,1024,829848064
136.2783,1268830208,2939.3400,1582.69,0,134397952,1,49.16,0.00,1302200320,1024,829848064
136.3834,1268830208,2941.0100,1588.36,0,134397952,1,50.83,0.00,1304223744,1024,829876736
136.4888,1268830208,2942.6700,1574.93,0,134397952,1,51.29,0.00,1303916544,1024,829876736
136.5944,1268830208,2944.4000,1638.95,0,134397952,1,49.44,0.00,1303916544,1024,829876736
136.6997,1268830208,2946.0600,1576.54,0,134397952,1,48.97,0.00,1303916544,1024,829876736
136.8046,1268830208,2947.7300,1592.05,0,134397952,1,51.24,0.00,1303916544,1024,829876736
136.9100,1268830208,2949.4600,1641.53,0,134397952,1,49.52,0.00,1303916544,1024,829876736
137.0149,1268830208,2951.1300,1592.25,0,134397952,1,50.06,0.00,1303916544,1024,829876736
137.1198,1268830208,2952.7900,1582.43,0,134397952,1,51.24,0.00,1303916544,1024,829876736
137.2251,1268830208,2954.5200,1642.29,0,134397952,1,48.65,0.00,1303912448,1024,829876736
137.3301,1268830208,2956.1800,1581.32,0,134397952,1,49.71,0.00,1303912448,1024,829876736
137.4358,1268830208,2957.8400,1570.52,0,134397952,1,51.15,0.00,1303916544,1024,829876736
137.5410,1268830208,2959.5700,1643.19,0,134397952,1,49.87,0.00,1303916544,1024,829876736
137.6465,1268830208,2961.2300,1573.91,0,134397952,1,48.89,0.00,1303916544,1024,829876736
137.7517,1268830208,2962.9000,1587.78,0,134397952,1,49.32,0.00,1303896064,1024,829876736
137.8566,1268830208,2964.5600,1582.75,0,134397952,1,51.84,0.00,1303896064,1024,829913600
137.9617,1268830208,2966.2900,1645.04,0,134397952,1,49.92,0.00,1303891968,1024,829913600
138.0667,1268830208,2967.9500,1581.72,0,134397952,1,48.83,0.00,1303891968,1024,829913600
138.1716,1268830208,2969.6200,1592.30,0,134397952,1,52.14,0.00,1303891968,1024,829913600
138.2771,1268830208,2971.3500,1639.18,0,134397952,1,48.86,0.00,1303891968,1024,829913600
138.3821,1268830208,2973.0100,1581.84,0,134397952,1,50.03,0.00,1303891968,1024,829913600
138.4874,1268830208,2974.6700,1576.29,0,134397952,1,48.67,0.00,1303896064,1024,829913600
138.5926,1268830208,2976.3400,1586.34,0,134397952,1,51.95,0.00,1303900160,1024,829913600
138.6981,1268830208,2978.0700,1640.70,0,134397952,1,48.90,0.00,1303900160,1024,829938176
138.8033,1268830208,2979.7300,1578.04,0,134397952,1,49.91,0.00,1303896064,1024,829938176
138.9083,1268830208,2981.3900,1580.95,0,134397952,1,50.89,0.00,1303896064,1024,829938176
139.0132,1268830208,2983.1200,1649.47,0,134397952,1,50.06,0.00,1303896064,1024,829938176
139.1181,1268830208,2984.7900,1591.30,0,134397952,1,49.13,0.00,1303896064,1024,829938176
139.2231,1268830208,2986.4500,1581.32,0,134397952,1,50.01,0.00,1303896064,1024,830089728
139.3282,1268830208,2988.1100,1578.66,0,134397952,1,50.82,0.00,1303896064,1024,830089728
139.4334,1268830208,2989.8400,1644.88,0,134397952,1,50.21,0.00,1303891968,1024,830089728
139.5382,1268830208,2991.5100,1593.39,0,134397952,1,50.69,0.00,1303891968,1024,833038336
139.6429,1268830208,2993.1700,1584.94,0,134397952,1,50.13,0.00,1303891968,1024,833038336
139.7479,1278210048,2994.5900,1352.65,0,134397952,1,42.87,0.00,1313132544,1024,833038336
139.8534,1278210048,2995.4800,843.92,0,134397952,1,26.37,0.00,1313075200,1024,833038336
139.9587,1278210048,2997.1400,1576.93,0,134397952,1,48.69,0.00,1313075200,1024,833038336
140.0635,1278210048,2998.8000,1582.62,0,134397952,1,51.24,0.00,1313079296,1024,833038336
140.1686,1278210048,3000.4700,1589.17,0,134397952,1,50.55,0.00,1313075200,1024,833038336
140.2740,1278210048,3002.1900,1632.97,0,134397952,1,48.95,0.00,1313075200,1024,833038336
140.3794,1278210048,3003.8600,1583.91,0,134397952,1,48.90,0.00,1313075200,1024,833038336
140.4843,1278210048,3005.5200,1582.40,0,134397952,1,51.83,0.00,1313075200,1024,833107968
140.5900,1278210048,3007.2500,1636.11,0,134397952,1,50.83,0.00,1313071104,1024,833107968
140.6955,1278210048,3008.9100,1574.46,0,134397952,1,49.20,0.00,1313075200,1024,833107968
140.8005,1278210048,3010.5800,1589.55,0,134397952,1,51.76,0.00,1313075200,1024,833107968
140.9055,1278210048,3012.3100,1647.91,0,134397952,1,48.82,0.00,1313071104,1024,833107968
141.0109,1278210048,3013.9700,1575.68,0,134397952,1,49.83,0.00,1313071104,1024,833107968
141.1161,1278210048,3015.6300,1577.97,0,134397952,1,50.50,0.00,1313071104,1024,833107968
141.2213,1278210048,3017.3600,1643.26,0,134397952,1,50.76,0.00,1313071104,1024,833107968
141.3268,1278210048,3019.0300,1583.86,0,134397952,1,48.61,0.00,1313075200,1024,833107968
141.4318,1278210048,3020.6900,1580.41,0,134397952,1,51.77,0.00,1313071104,1024,833107968
141.5367,1278210048,3022.3500,1582.33,0,134397952,1,48.85,0.00,1313062912,1024,833185792
141.6418,1278210048,3024.0800,1645.73,0,134397952,1,50.54,0.00,1313062912,1024,833185792
141.7469,1278210048,3025.7500,1589.37,0,134397952,1,49.37,0.00,1313062912,1024,833185792
141.8520,1278210048,3027.4100,1579.56,0,134397952,1,51.74,0.00,1313062912,1024,833185792
141.9571,1278210048,3029.1400,1646.06,0,134397952,1,48.76,0.00,1313062912,1024,833185792
142.0624,1278210048,3030.8000,1576.75,0,134397952,1,50.46,0.00,1313062912,1024,833599488
142.1676,1278210048,3032.4600,1577.10,0,134397952,1,51.07,0.00,1313062912,1024,833599488
142.2733,1278210048,3034.1900,1637.72,0,134397952,1,49.11,0.00,1313062912,1024,833599488
142.3787,1278210048,3035.8500,1574.01,0,134397952,1,48.30,0.00,1313320960,1024,833648640
142.4838,1278210048,3037.5200,1589.66,0,134397952,1,51.46,0.00,1313320960,1024,833648640
142.5898,1278210048,3039.2400,1622.11,0,134397952,1,50.10,0.00,1313321984,1024,833648640
142.6951,1278210048,3040.9100,1585.87,0,134397952,1,49.56,0.00,1313068032,1024,833648640
142.8004,1278210048,3042.5700,1576.55,0,134397952,1,51.34,0.00,1312855040,1024,833648640
142.9058,1278210048,3044.3000,1642.66,0,134397952,1,48.37,0.00,1312596992,1024,833648640
143.0112,1278210048,3045.9600,1573.98,0,134397952,1,50.08,0.00,1312592896,1024,833648640
143.1162,1278210048,3047.6300,1591.22,0,134397952,1,50.62,0.00,1312592896,1024,833648640
143.2213,1278210048,3049.3600,1645.51,0,134397952,1,50.53,0.00,1312592896,1024,833648640
143.3270,1278210048,3051.0300,1580.15,0,134397952,1,48.20,0.00,1312592896,1024,833648640
143.4318,1278210048,3052.6900,1584.18,0,134397952,1,52.49,0.00,1312592896,1024,833648640
143.5371,1278210048,3054.4200,1641.78,0,134397952,1,48.64,0.00,1312588800,1024,833648640
143.6428,1278210048,3056.0800,1571.30,0,134397952,1,50.58,0.00,1312588800,1024,833812480
143.7478,1278210048,3057.7500,1589.87,0,134397952,1,51.17,0.00,1312588800,1024,833812480
143.8534,1278210048,3059.4700,1629.76,0,134397952,1,49.45,0.00,1312535552,1024,833886208
143.9584,1278210048,3061.1400,1590.13,0,134397952,1,48.50,0.00,1312535552,1024,833886208
144.0639,1278210048,3062.8000,1573.55,0,134397952,1,51.54,0.00,1312535552,1024,833886208
144.1688,1278210048,3064.4700,1591.19,0,134397952,1,50.32,0.00,1312531456,1024,833886208
144.2744,1278210048,3066.1900,1629.97,0,134397952,1,49.46,0.00,1312531456,1024,833886208
144.3801,1278210048,3067.8600,1578.90,0,134397952,1,51.41,0.00,1312531456,1024,833886208
144.4856,1278210048,3069.5900,1640.86,0,134397952,1,48.31,0.00,1312531456,1024,833886208
144.5912,1278210048,3071.2500,1570.87,0,134397952,1,50.57,0.00,1312531456,1024,837293568
144.6963,1313579008,3072.7100,1389.73,0,134402048,1,43.13,0.00,1347920896,1024,837293568
144.8020,1289785344,3073.4900,738.14,0,134402048,1,25.43,0.00,1322349568,1024,837293568
144.9077,1289785344,3075.1500,1570.37,0,134402048,1,49.96,0.00,1322349568,1024,837293568
145.0133,1289785344,3076.8800,1638.02,0,134402048,1,50.30,0.00,1322099712,1024,837293568
145.1181,1289785344,3078.5500,1593.82,0,134402048,1,48.02,0.00,1322099712,1024,837293568
145.2237,1289785344,3080.2100,1571.54,0,134402048,1,52.07,0.00,1322099712,1024,837293568
145.3293,1289785344,3081.9400,1637.46,0,134402048,1,48.80,0.00,1322099712,1024,837293568
145.4344,1289785344,3083.6000,1579.79,0,134402048,1,50.56,0.00,1321747456,1024,837293568
145.5396,1289785344,3085.2700,1588.38,0,134402048,1,50.83,0.00,1321747456,1024,837293568
145.6449,1289785344,3086.9300,1576.34,0,134402048,1,49.56,0.00,1321657344,1024,837293568
145.7501,1289785344,3088.6600,1643.68,0,134402048,1,48.69,0.00,1321657344,1024,837293568
145.8547,1289785344,3090.3200,1587.70,0,134402048,1,50.81,0.00,1321657344,1024,837293568
145.9601,1289785344,3091.9900,1584.40,0,134402048,1,50.70,0.00,1321657344,1024,837293568
146.0660,1289785344,3093.7100,1624.36,0,134402048,1,49.29,0.00,1321440256,1024,837293568
146.1714,1289785344,3095.3800,1584.69,0,134402048,1,48.63,0.00,1321436160,1024,837293568
146.2769,1289785344,3097.1100,1638.58,0,134402048,1,50.91,0.00,1321701376,1024,837293568
146.3825,1289785344,3098.7700,1572.59,0,134402048,1,49.44,0.00,1321701376,1024,837293568
146.4879,1289785344,3100.4300,1575.42,0,134402048,1,51.01,0.00,1321701376,1024,837293568
146.5932,1289785344,3102.1600,1642.33,0,134402048,1,50.43,0.00,1321701376,1024,837293568
146.6982,1289785344,3103.8300,1590.91,0,134402048,1,49.12,0.00,1322224640,1024,837293568
146.8040,1289785344,3105.4900,1569.11,0,134402048,1,51.40,0.00,1322224640,1024,837293568
146.9090,1289785344,3107.2200,1646.83,0,134402048,1,49.08,0.00,1321733120,1024,837518848
147.0139,1289785344,3108.8800,1583.23,0,134402048,1,50.37,0.00,1321466880,1024,837518848
147.1197,1289785344,3110.5500,1578.26,0,134402048,1,51.98,0.00,1320949760,1024,837518848
147.2253,1289785344,3112.2700,1627.80,0,134402048,1,49.69,0.00,1320949760,1024,837518848
147.3303,1289785344,3113.9400,1591.46,0,134402048,1,49.14,0.00,1320949760,1024,837518848
147.4357,1289785344,3115.6000,1574.01,0,134402048,1,51.26,0.00,1320949760,1024,837584384
147.5410,1289785344,3117.3300,1642.84,0,134402048,1,49.56,0.00,1320695808,1024,837584384
147.6475,1289785344,3118.9900,1559.84,0,134402048,1,49.04,0.00,1320695808,1024,837584384
147.7532,1289785344,3120.7200,1636.57,0,134402048,1,51.14,0.00,1320695808,1024,837584384
147.8584,1289785344,3122.3900,1587.09,0,134402048,1,49.00,0.00,1320695808,1024,837621248
147.9640,1289785344,3124.0500,1572.49,0,134402048,1,51.80,0.00,1320691712,1024,837780992
148.0692,1289785344,3125.7800,1643.84,0,134402048,1,48.99,0.00,1320691712,1024,837780992
148.1743,1289785344,3127.4400,1579.65,0,134402048,1,49.96,0.00,1320556544,1024,837780992
148.2793,1289785344,3129.1000,1580.82,0,134402048,1,49.10,0.00,1320552448,1024,837805568
148.3846,1289785344,3130.7700,1585.92,0,134402048,1,51.93,0.00,1320552448,1024,837805568
148.4899,1289785344,3132.5000,1642.64,0,134402048,1,48.96,0.00,1320552448,1024,837805568
148.5955,1289785344,3134.1600,1572.80,0,134402048,1,49.74,0.00,1320552448,1024,837805568
148.7015,1289785344,3135.8900,1631.84,0,134402048,1,50.70,0.00,1320552448,1024,837805568
148.8069,1289785344,3137.5500,1574.27,0,134402048,1,49.79,0.00,1320548352,1024,837805568
148.9124,1289785344,3139.2200,1583.30,0,134402048,1,51.26,0.00,1320548352,1024,837805568
149.0178,1289785344,3140.9400,1631.27,0,134402048,1,48.90,0.00,1320548352,1024,837805568
149.1229,1289785344,3142.6100,1589.54,0,134402048,1,49.67,0.00,1320798208,1024,837805568
149.2279,1289785344,3144.2700,1581.03,0,134402048,1,51.49,0.00,1320794112,1024,837805568
149.3327,1289785344,3145.9400,1592.88,0,134402048,1,49.78,0.00,1320794112,1024,837805568
149.4382,1289785344,3147.6600,1631.15,0,134402048,1,48.60,0.00,1320794112,1024,837805568
149.5436,1289785344,3149.3300,1584.27,0,134402048,1,49.80,0.00,1320794112,1024,837805568
149.6490,1289785344,3151.0600,1641.40,0,134402048,1,51.59,0.00,1320794112,1024,837805568
149.7550,1289785344,3152.7200,1566.37,0,134402048,1,49.54,0.00,1320794112,1024,841952256
149.8605,1289785344,3154.3800,1573.09,0,134402048,1,50.64,0.00,1320794112,1024,841952256
149.9659,1289785344,3156.1100,1640.87,0,134402048,1,49.80,0.00,1320790016,1024,841972736
150.0713,1289785344,3157.7700,1575.69,0,134402048,1,48.94,0.00,1320790016,1024,841972736
150.1763,1289785344,3159.4400,1589.39,0,134402048,1,51.16,0.00,1320790016,1024,841972736
150.2814,1289785344,3161.1600,1637.43,0,134402048,1,49.98,0.00,1320790016,1024,841972736
150.3863,1289785344,3162.8300,1591.25,0,134402048,1,50.02,0.00,1320790016,1024,841972736
150.4918,1289785344,3164.4900,1574.20,0,134402048,1,51.27,0.00,1320790016,1024,841972736
150.5972,1289785344,3166.2200,1640.59,0,134402048,1,48.31,0.00,1320790016,1024,841972736
150.7027,1289785344,3167.8800,1573.69,0,134402048,1,49.77,0.00,1321048064,1024,841972736
150.8081,1289785344,3169.5500,1585.01,0,134402048,1,51.01,0.00,1321048064,1024,841972736
150.9136,1289785344,3171.2800,1640.04,0,134402048,1,50.07,0.00,1321043968,1024,841972736
151.0192,1289785344,3172.9400,1570.84,0,134402048,1,48.50,0.00,1321064448,1024,842042368
151.1247,1289785344,3174.6000,1573.84,0,134402048,1,51.55,0.00,1321064448,1024,842042368
151.2303,1289785344,3176.3300,1639.18,0,134402048,1,48.86,0.00,1321064448,1024,842042368
151.3358,1289785344,3178.0000,1582.72,0,134402048,1,51.53,0.00,1321060352,1024,842042368
151.4419,1289785344,3179.7200,1621.03,0,134402048,1,49.18,0.00,1321060352,1024,842042368
151.5480,1289785344,3181.3900,1574.33,0,134402048,1,50.67,0.00,1321060352,1024,842042368
151.6535,1289785344,3183.1200,1638.99,0,134402048,1,50.03,0.00,1321060352,1024,842042368
151.7592,1289785344,3184.7800,1570.39,0,134402048,1,48.78,0.00,1321060352,1024,842042368
151.8647,1289785344,3186.4400,1574.10,0,134402048,1,51.56,0.00,1321060352,1024,842054656
151.9704,1289785344,3188.1700,1636.46,0,134402048,1,48.77,0.00,1321060352,1024,842054656
152.0755,1289785344,3189.8400,1589.36,0,134402048,1,50.26,0.00,1321060352,1024,842062848
152.1811,1289785344,3191.5600,1627.85,0,134402048,1,50.57,0.00,1321056256,1024,842062848
152.2870,1289785344,3193.2300,1576.74,0,134402048,1,49.27,0.00,1320794112,1024,842062848
152.3927,1289785344,3194.8900,1571.82,0,134402048,1,51.49,0.00,1320794112,1024,842062848
152.4987,1289785344,3196.6200,1630.68,0,134402048,1,48.60,0.00,1320794112,1024,842062848
152.6040,1289785344,3198.2800,1577.79,0,134402048,1,51.68,0.00,1320794112,1024,842062848
152.7094,1289785344,3200.0100,1640.72,0,134402048,1,49.20,0.00,1320556544,1024,842062848
152.8146,1289785344,3201.6800,1587.58,0,134402048,1,50.50,0.00,1320552448,1024,842087424
152.9196,1289785344,3203.3400,1581.38,0,134402048,1,50.61,0.00,1320552448,1024,842087424
153.0254,1289785344,3205.0700,1634.63,0,134402048,1,49.61,0.00,1320552448,1024,842087424
153.1304,1289785344,3206.7400,1590.95,0,134402048,1,48.53,0.00,1320552448,1024,842087424
153.2356,1289785344,3208.4000,1577.60,0,134402048,1,51.38,0.00,1320552448,1024,842087424
153.3415,1289785344,3210.1300,1633.79,0,134402048,1,49.58,0.00,1320552448,1024,842161152
153.4468,1289785344,3211.7900,1575.65,0,134402048,1,49.54,0.00,1320552448,1024,842161152
153.5524,1289785344,3213.4500,1572.54,0,134402048,1,51.21,0.00,1320552448,1024,842161152
153.6577,1289785344,3215.1800,1642.09,0,134402048,1,48.65,0.00,1320552448,1024,842316800
153.7632,1289785344,3216.8500,1583.68,0,134402048,1,49.49,0.00,1320810496,1024,842316800
153.8686,1289785344,3218.5100,1575.47,0,134402048,1,50.72,0.00,1320810496,1024,842374144
153.9735,1289785344,3220.2400,1647.90,0,134402048,1,50.90,0.00,1320810496,1024,842374144
154.0786,1289785344,3221.9000,1580.57,0,134402048,1,48.80,0.00,1320810496,1024,842374144
154.1841,1289785344,3223.5700,1582.47,0,134402048,1,51.82,0.00,1320810496,1024,842374144
154.2895,1289785344,3225.2900,1632.08,0,134402048,1,48.33,0.00,1320806400,1024,842374144
154.3945,1289785344,3226.9600,1590.55,0,134402048,1,50.60,0.00,1320806400,1024,842374144
154.5005,1289785344,3228.6200,1565.51,0,134402048,1,50.40,0.00,1320806400,1024,842374144
154.6056,1289785344,3230.3500,1646.58,0,134402048,1,49.97,0.00,1320806400,1024,842415104
154.7113,1289785344,3232.0100,1570.70,0,134402048,1,48.20,0.00,1320806400,1024,842415104
154.8164,1289785344,3233.6800,1587.92,0,134402048,1,51.70,0.00,1320568832,1024,844634624
154.9217,1289785344,3235.4100,1643.85,0,134402048,1,49.89,0.00,1320830976,1024,845468672
155.0272,1289785344,3237.0700,1573.29,0,134402048,1,49.76,0.00,1320826880,1024,845468672
155.1322,1289785344,3238.7400,1590.49,0,134402048,1,51.49,0.00,1320826880,1024,845468672
155.2372,1289785344,3240.4600,1637.14,0,134402048,1,48.78,0.00,1320826880,1024,845468672
155.3423,1289785344,3242.1300,1589.12,0,134402048,1,49.66,0.00,1320826880,1024,845468672
155.4477,1289785344,3243.8000,1584.56,0,134402048,1,50.70,0.00,1320826880,1024,845468672
155.5526,1289785344,3245.4600,1582.42,0,134402048,1,50.94,0.00,1320826880,1024,845468672
155.6577,1289785344,3247.1800,1637.62,0,134402048,1,48.80,0.00,1320822784,1024,845468672
155.7629,1289785344,3248.8500,1586.28,0,134402048,1,49.57,0.00,1320822784,1024,845468672
155.8682,1289785344,3250.5100,1576.96,0,134402048,1,50.76,0.00,1320822784,1024,845468672
155.9735,1289785344,3252.2400,1643.09,0,134402048,1,50.46,0.00,1320822784,1024,845468672
156.0790,1289785344,3253.9000,1573.77,0,134402048,1,48.88,0.00,1320822784,1024,845468672
156.1846,1289785344,3255.5600,1571.32,0,134402048,1,52.06,0.00,1320822784,1024,845501440
156.2903,1289785344,3257.2900,1637.35,0,134402048,1,47.62,0.00,1320822784,1024,845501440
156.3957,1289785344,3258.9600,1583.35,0,134402048,1,51.85,0.00,1320822784,1024,845501440
156.5018,1289785344,3260.6800,1621.19,0,134402048,1,48.89,0.00,1320822784,1024,845501440
156.6072,1289785344,3262.3500,1584.65,0,134402048,1,50.41,0.00,1320818688,1024,845501440
156.7126,1289785344,3264.0100,1575.35,0,134402048,1,50.71,0.00,1320818688,1024,845501440
156.8180,1289785344,3265.7400,1640.91,0,134402048,1,48.91,0.00,1320818688,1024,845501440
156.9232,1289785344,3267.4000,1577.97,0,134402048,1,49.31,0.00,1320818688,1024,845501440
157.0283,1289785344,3269.0700,1590.02,0,134402048,1,51.18,0.00,1320818688,1024,845501440
157.1340,1289785344,3270.8000,1635.68,0,134402048,1,50.23,0.00,1320818688,1024,845501440
157.2399,1289785344,3272.4600,1567.82,0,134402048,1,50.47,0.00,1320818688,1024,845501440
157.3451,1289785344,3274.1900,1644.10,0,134402048,1,50.49,0.00,1320814592,1024,845501440
157.4508,1289785344,3275.8500,1570.29,0,134402048,1,47.59,0.00,1320814592,1024,845501440
157.5563,1289785344,3277.5200,1583.47,0,134402048,1,51.85,0.00,1320814592,1024,845546496
157.6618,1289785344,3279.2400,1630.22,0,134402048,1,49.17,0.00,1320814592,1024,845546496
157.7669,1289785344,3280.9100,1588.61,0,134402048,1,50.54,0.00,1320814592,1024,845546496
157.8723,1289785344,3282.5700,1575.44,0,134402048,1,50.72,0.00,1320810496,1024,845583360
157.9778,1289785344,3284.3000,1640.41,0,134402048,1,48.60,0.00,1320810496,1024,845583360
158.0828,1289785344,3285.9600,1581.14,0,134402048,1,49.41,0.00,1320810496,1024,845583360
158.1884,1289785344,3287.6300,1581.45,0,134402048,1,51.20,0.00,1320810496,1024,845583360
158.2940,1289785344,3289.3600,1637.66,0,134402048,1,49.99,0.00,1320810496,1024,845583360
158.3993,1289785344,3291.0200,1576.66,0,134402048,1,48.97,0.00,1320810496,1024,845583360
158.5048,1289785344,3292.6800,1572.77,0,134402048,1,52.11,0.00,1320810496,1024,845583360
158.6103,1289785344,3294.4100,1640.37,0,134402048,1,48.30,0.00,1320806400,1024,845583360
158.7160,1289785344,3296.0800,1579.87,0,134402048,1,51.44,0.00,1320806400,1024,845648896
158.8211,1289785344,3297.8000,1637.03,0,134402048,1,49.97,0.00,1320806400,1024,845648896
158.9264,1289785344,3299.4700,1585.42,0,134402048,1,50.14,0.00,1320802304,1024,845648896
159.0316,1289785344,3301.1300,1577.25,0,134402048,1,50.77,0.00,1320802304,1024,845648896
159.1367,1289785344,3302.8000,1590.29,0,134402048,1,49.10,0.00,1320802304,1024,845648896
159.2416,1298436096,3304.5000,1620.39,0,134406144,1,48.55,0.00,1331832832,1024,845648896
159.3471,1302368256,3305.1100,578.29,0,134406144,1,18.07,0.00,1336293376,1024,845648896
159.4522,1303941120,3305.3400,218.73,0,134406144,1,6.54,0.00,1338443776,1024,845648896
159.5575,1297764352,3305.5000,152.02,0,147529728,1,4.75,0.00,1332150272,1024,845648896
159.6624,1300910080,3305.6500,142.91,0,165076992,1,4.17,0.00,1336080384,1024,845648896
159.7672,1303662592,3305.8200,162.28,0,167985152,1,5.37,0.00,1339260928,1024,845648896
159.8726,1304842240,3306.3700,521.71,0,168001536,1,18.97,0.00,1339797504,1024,845648896
159.9815,1305235456,3307.8600,1368.77,0,168062976,1,46.22,0.29,1341669376,1024,847902208
160.0872,1305235456,3309.3000,1362.10,0,168067072,1,41.97,0.00,1342205952,1024,847902208
160.1919,1305628672,3310.5300,1174.12,0,168071168,1,35.50,0.00,1342799872,1024,847902208
160.2970,1305628672,3312.7200,2084.89,0,168140800,1,66.05,0.00,1343680512,1024,847902208
160.4019,1305628672,3313.9200,1143.21,0,168144896,1,35.73,0.00,1343966208,1024,847902208
160.5070,1305628672,3315.1100,1133.04,0,168144896,1,35.41,0.00,1343491072,1024,847902208
160.6121,1305628672,3316.7300,1540.36,0,168148992,1,48.14,0.00,1342610432,1024,847902208
160.7173,1306021888,3318.9600,2121.51,0,168280064,1,71.65,0.00,1344093184,1024,847902208
160.8258,1306021888,3321.9900,2791.97,0,168280064,1,82.35,0.00,1344359424,1024,847902208
160.9305,1306021888,3323.6900,1622.62,0,168284160,1,50.71,0.00,1344261120,1024,847902208
161.0353,1306021888,3324.8800,1135.83,0,168284160,1,36.09,0.00,1344084992,1024,847902208
161.1400,1306021888,3326.0700,1137.13,0,168288256,1,35.83,0.00,1344560128,1024,847902208
161.2450,1306021888,3327.2800,1151.59,0,168288256,1,36.28,0.00,1344076800,1024,847902208
161.3499,1306021888,3328.7700,1420.31,0,168288256,1,43.79,0.00,1344072704,1024,847902208
161.4550,1306021888,3330.4300,1580.03,0,168288256,1,49.08,0.00,1343826944,1024,847902208
161.5599,1306021888,3330.8700,419.31,0,168505344,1,16.97,0.00,1345551360,1024,847902208
161.6653,1306021888,3333.9200,2894.64,0,168554496,1,89.86,0.00,1345285120,1024,847902208
161.7705,1306021888,3336.9400,2871.58,0,168554496,1,89.44,0.00,1344818176,1024,847902208
161.8774,1306021888,3340.0100,2869.96,0,168554496,1,89.10,0.00,1344601088,1024,847902208
161.9823,1306021888,3342.5900,2460.32,0,168554496,1,76.59,0.00,1344089088,1024,847902208
162.0876,1306021888,3344.0800,1415.19,0,168554496,1,43.63,0.00,1344097280,1024,847902208
162.1924,1306021888,3344.6800,572.73,0,168554496,1,19.99,0.00,1345141760,1024,847902208
162.2970,1306021888,3346.4100,1652.54,0,168554496,1,50.15,0.00,1345141760,1024,847902208
162.4020,1158799360,3347.9100,1429.35,0,168558592,1,44.67,0.00,1197152256,1024,847902208
162.5070,1158799360,3349.4900,1504.55,0,168558592,1,46.12,0.00,1196406784,1024,847902208
162.6120,1158799360,3351.1800,1608.93,0,168558592,1,49.68,0.00,1197004800,1024,847902208
162.7171,1158799360,3352.8500,1589.49,0,168558592,1,50.56,0.00,1196759040,1024,847902208
162.8222,1158799360,3354.4300,1503.90,0,168558592,1,46.40,0.00,1197037568,1024,848074240
162.9272,1159192576,3356.0900,1579.77,0,168558592,1,49.96,0.00,1196779520,1024,848213504
163.0323,1159192576,3357.7600,1590.26,0,168558592,1,51.18,0.00,1196533760,1024,848377344
163.1373,1159192576,3359.4800,1637.60,0,168558592,1,49.09,0.00,1196300288,1024,848377344
163.2455,1159585792,3361.6400,1997.10,0,169086976,1,63.57,0.00,1198538752,1024,848377344
163.3534,1159585792,3364.8800,3000.11,0,169086976,1,94.33,0.00,1198039040,1024,848377344
163.4590,1159585792,3368.0000,2955.10,0,169086976,1,91.16,0.00,1198034944,1024,848377344
163.5736,1159585792,3371.4800,3038.46,0,169086976,1,96.04,0.00,1197318144,1024,848377344
163.6785,1159585792,3374.5900,2962.31,0,169086976,1,91.98,0.00,1197318144,1024,848532992
163.7838,1159585792,3377.7100,2963.42,0,169086976,1,96.76,0.00,1197318144,1024,848532992
163.8890,1159585792,3380.8300,2967.05,0,169086976,1,96.88,0.00,1197318144,1024,848532992
163.9975,1159585792,3384.1900,3096.74,0,169086976,1,88.71,0.00,1197321216,1024,848532992
164.1024,1159585792,3387.0300,2705.72,0,169086976,1,84.26,0.00,1197317120,1024,848532992
164.2122,1159585792,3389.3000,2068.69,0,169086976,1,66.92,0.00,1197579264,1024,848532992
164.3174,1159585792,3391.4700,2063.27,0,169091072,1,62.69,0.00,1197076480,1024,865560064
164.4227,1159585792,3392.6100,1081.85,0,169095168,1,33.51,0.00,1197338624,1024,865560064
164.5275,1159585792,3392.9100,286.38,0,169095168,1,8.35,0.00,1198387200,1024,865613312
164.6327,1160372224,3394.5100,1520.75,0,169095168,1,51.98,0.00,1197617152,1024,865613312
164.7379,1160372224,3396.2400,1644.31,0,169095168,1,49.01,0.00,1197617152,1024,865613312
164.8429,1160372224,3397.7400,1429.04,0,169095168,1,44.96,0.00,1198120960,1024,865613312
164.9477,1160372224,3399.4100,1592.66,0,169095168,1,51.56,0.00,1198125056,1024,865613312
165.0527,1160372224,3401.0700,1581.40,0,169095168,1,49.42,0.00,1197871104,1024,894150144
165.1608,1160372224,3402.6300,1443.71,0,169095168,1,47.43,0.00,1198645248,1024,902742016
165.2660,1160372224,3404.3600,1643.65,0,169095168,1,49.58,0.00,1198137344,1024,902742016
165.3716,1160372224,3406.0200,1572.55,0,169095168,1,50.92,0.00,1198137344,1024,902742016
165.4766,1160765440,3407.6100,1514.33,0,169099264,1,46.73,0.00,1197912064,1024,902742016
165.5820,1160765440,3409.3400,1640.51,0,169099264,1,48.90,0.00,1197670400,1024,902742016
165.6874,1160765440,3411.0000,1574.61,0,169099264,1,49.21,0.00,1197674496,1024,902742016
165.7930,1160765440,3412.6400,1552.98,0,169099264,1,49.12,0.00,1198878720,1024,902742016
165.8990,1160765440,3414.3100,1575.66,0,169099264,1,48.65,0.00,1198878720,1024,902742016
166.0047,1160765440,3415.9700,1570.66,0,169099264,1,51.15,0.00,1198632960,1024,902742016
166.1098,1160765440,3417.7000,1645.75,0,169099264,1,49.05,0.00,1198383104,1024,902742016
166.2148,1160765440,3419.3600,1582.26,0,169099264,1,50.64,0.00,1198379008,1024,902742016
166.3196,1160765440,3421.0300,1593.48,0,169099264,1,48.90,0.00,1198379008,1024,902742016
166.4250,1160765440,3422.7600,1641.38,0,169099264,1,51.89,0.00,1196909568,1024,902742016
166.5298,1160765440,3424.4200,1583.55,0,169099264,1,49.19,0.00,1196532736,1024,902742016
166.6375,1161158656,3426.1900,1643.93,0,170151936,1,63.85,0.00,1199010816,1024,902742016
166.7532,1161158656,3429.5500,2902.75,0,170151936,1,80.45,0.00,1198507008,1024,902742016
166.8581,1161158656,3432.5600,2868.53,0,170151936,1,89.34,0.00,1198593024,1024,902742016
166.9633,1161158656,3435.5800,2873.04,0,170151936,1,90.38,0.00,1198334976,1024,902742016
167.0682,1161158656,3438.6000,2878.31,0,170151936,1,94.12,0.00,1197827072,1024,902742016
167.1730,1161158656,3441.6100,2871.88,0,170151936,1,88.85,0.00,1197831168,1024,902742016
167.2782,1161158656,3444.7400,2973.62,0,170151936,1,89.07,0.00,1197831168,1024,902742016
167.3830,1161158656,3447.7600,2882.90,0,170151936,1,90.69,0.00,1197351936,1024,902742016
167.4925,1161158656,3450.8900,2857.73,0,170151936,1,92.44,0.00,1197609984,1024,902742016
167.5980,1161158656,3453.9600,2911.02,0,170151936,1,87.12,0.00,1197609984,1024,902742016
167.7054,1161158656,3457.0200,2847.51,0,170151936,1,89.57,0.00,1197351936,1024,902742016
167.8104,1161158656,3460.0400,2877.17,0,170151936,1,90.80,0.00,1197351936,1024,902778880
167.9155,1161158656,3463.0800,2893.15,0,170151936,1,89.82,0.00,1197614080,1024,902778880
168.0255,1161158656,3466.4400,3052.99,0,170151936,1,95.12,0.00,1197351936,1024,902778880
168.1304,1161158656,3469.5600,2975.66,0,170151936,1,93.88,0.00,1197351936,1024,902836224
168.2357,1161158656,3472.6800,2962.97,0,170151936,1,94.67,0.00,1197351936,1024,902836224
168.3412,1161158656,3475.9200,3069.55,0,170151936,1,92.96,0.00,1197614080,1024,902836224
168.4462,1161158656,3479.0400,2973.99,0,170151936,1,92.94,0.00,1196212224,1024,902836224
168.5536,1161158656,3482.2700,3006.64,0,170151936,1,94.54,0.00,1195954176,1024,902836224
168.6589,1161158656,3485.1400,2725.88,0,170151936,1,84.29,0.00,1195950080,1024,902881280
168.7644,1161158656,3487.7600,2483.27,0,170151936,1,81.16,0.00,1196212224,1024,902881280
168.8691,1161158656,3490.4600,2577.27,0,170151936,1,77.56,0.00,1196212224,1024,902881280
168.9743,1161158656,3492.9100,2330.16,0,170151936,1,73.11,0.00,1196212224,1024,902881280
169.0796,1161158656,3495.1700,2146.61,0,170151936,1,65.89,0.00,1196212224,1024,902881280
169.1845,1161158656,3497.4300,2153.93,0,170151936,1,70.29,0.00,1196212224,1024,902881280
169.2899,1161158656,3499.5800,2040.52,0,170151936,1,61.69,0.00,1195950080,1024,902881280
169.3946,1161158656,3501.0500,1403.29,0,170151936,1,43.26,0.00,1195950080,1024,902955008
169.4993,1161158656,3502.0500,955.35,0,170151936,1,29.56,0.00,1195941888,1024,902955008
169.6041,1161158656,3502.3100,248.15,0,170151936,1,7.75,0.00,1195941888,1024,902955008
169.7087,1161158656,3502.4100,95.55,0,170151936,1,2.99,0.00,1195941888,1024,902955008
169.8136,1161158656,3503.1000,657.67,0,170151936,1,21.15,0.00,1197514752,1024,902955008
169.9185,1161158656,3504.7600,1582.63,0,170151936,1,49.46,0.00,1197256704,1024,902955008
170.0239,1161158656,3506.4200,1575.73,0,170151936,1,51.02,0.00,1196998656,1024,902955008
170.1291,1161158656,3508.1500,1644.11,0,170151936,1,49.30,0.00,1196736512,1024,902955008
170.2339,1161158656,3509.8100,1584.52,0,170151936,1,53.39,0.00,1195683840,1024,907608576
170.3389,1161551872,3511.4700,1579.99,0,170151936,1,48.48,0.00,1195950080,1024,907608576
170.4439,1161551872,3512.6900,1161.56,0,170156032,1,37.79,0.00,1196744704,1024,907608576
170.5492,1161551872,3514.4200,1644.39,0,170156032,1,50.20,0.00,1196232704,1024,907608576
170.6540,1161551872,3516.0800,1582.94,0,170156032,1,49.47,0.00,1195724800,1024,907608576
170.7600,1161551872,3517.7400,1566.37,0,170156032,1,50.72,0.00,1195724800,1024,907608576
170.8658,1161551872,3519.4700,1634.71,0,170156032,1,48.72,0.00,1195724800,1024,907608576
170.9707,1161551872,3520.9700,1429.90,0,170156032,1,45.28,0.00,1197031424,1024,907608576
171.0755,1161551872,3522.6300,1583.73,0,170156032,1,49.49,0.00,1196011520,1024,907608576
171.1803,1161551872,3524.2900,1584.26,0,170156032,1,51.89,0.00,1196011520,1024,907608576
171.2856,1161551872,3526.0200,1643.05,0,170156032,1,49.56,0.00,1196011520,1024,907608576
171.3910,1161551872,3527.6900,1584.68,0,170156032,1,49.22,0.00,1196011520,1024,907608576
171.4960,1161551872,3529.3500,1581.33,0,170156032,1,51.20,0.00,1196011520,1024,907616768
171.6013,1161551872,3530.9100,1481.30,0,170156032,1,44.51,0.00,1196294144,1024,907694592
171.7068,1161551872,3532.5700,1574.10,0,170156032,1,48.89,0.00,1196552192,1024,907772416
171.8120,1161551872,3534.2300,1577.81,0,170156032,1,52.28,0.00,1196548096,1024,907772416
171.9167,1161551872,3535.9000,1594.90,0,170156032,1,49.24,0.00,1196548096,1024,907772416
172.0216,1161551872,3537.6300,1647.96,0,170156032,1,49.71,0.00,1196494848,1024,907772416
172.1266,1161551872,3539.1100,1410.14,0,170156032,1,44.07,0.00,1198329856,1024,907772416
172.2315,1161551872,3540.7800,1591.40,0,170156032,1,50.03,0.00,1197826048,1024,907772416
172.3369,1161551872,3542.4800,1613.16,0,170156032,1,51.00,0.00,1197580288,1024,907792896
172.4422,1161551872,3544.1700,1604.83,0,170156032,1,48.96,0.00,1197314048,1024,907792896
172.5477,1161551872,3545.8300,1573.45,0,170156032,1,51.54,0.00,1197060096,1024,907792896
172.6530,1161551872,3547.5600,1643.37,0,170156032,1,49.57,0.00,1197060096,1024,907792896
172.7583,1161551872,3549.2300,1585.55,0,170156032,1,48.96,0.00,1197060096,1024,907833856
172.8635,1161551872,3550.8900,1577.91,0,170156032,1,49.90,0.00,1197060096,1024,907833856
172.9684,1161551872,3552.5500,1583.14,0,170156032,1,51.56,0.00,1197060096,1024,907833856
173.0733,1161551872,3554.2800,1648.35,0,170156032,1,49.43,0.00,1197060096,1024,907833856
173.1781,1161551872,3555.9400,1584.09,0,170156032,1,49.20,0.00,1196802048,1024,907833856
173.2830,1161551872,3557.6100,1591.79,0,170156032,1,49.74,0.00,1197326336,1024,908005888
173.3883,1161551872,3559.2700,1577.52,0,170156032,1,51.67,0.00,1197068288,1024,908005888
173.4935,1161551872,3561.0000,1643.59,0,170156032,1,48.99,0.00,1196810240,1024,908005888
173.5990,1161551872,3562.6700,1583.84,0,170156032,1,48.90,0.00,1196810240,1024,908005888
173.7044,1161551872,3564.3300,1573.91,0,170156032,1,51.26,0.00,1196806144,1024,908161536
173.8097,1161551872,3566.0600,1643.00,0,170156032,1,49.86,0.00,1196806144,1024,908161536
173.9150,1156911104,3566.5300,446.53,0,172265472,1,12.77,0.00,1193282560,1024,908161536
174.0215,1156911104,3569.6800,2958.81,0,172265472,1,92.76,0.00,1192131584,1024,908161536
174.1263,1156911104,3572.8000,2975.14,0,172265472,1,96.85,0.00,1191877632,1024,908161536
174.2335,1156911104,3576.0400,3024.33,0,172265472,1,91.59,0.00,1191877632,1024,908161536
174.3384,1156911104,3579.1600,2973.01,0,172265472,1,92.31,0.00,1191627776,1024,908161536
174.4438,1156911104,3582.2800,2958.67,0,172265472,1,96.90,0.00,1191623680,1024,908161536
174.5494,1156911104,3585.5100,3061.33,0,172265472,1,95.96,0.00,1191595008,1024,908161536
174.6581,1156911104,3588.7500,2978.97,0,172265472,1,89.07,0.00,1191595008,1024,908161536
174.7637,1156911104,3591.8600,2945.90,0,172265472,1,96.20,0.00,1191857152,1024,908161536
174.8697,1156911104,3595.0900,3046.45,0,172265472,1,91.08,0.00,1191853056,1024,908341760
174.9758,1156911104,3598.2100,2940.08,0,172265472,1,95.41,0.00,1191857152,1024,908341760
175.0813,1156911104,3601.4500,3071.48,0,172265472,1,96.58,0.00,1191857152,1024,908341760
175.1896,1156911104,3604.6900,2991.47,0,172265472,1,89.44,0.00,1191881728,1024,908341760
175.2953,1156911104,3607.8100,2952.06,0,172265472,1,92.55,0.00,1191431168,1024,911305728
175.4009,1156911104,3611.0500,3068.25,0,172265472,1,95.59,0.00,1191689216,1024,911305728
175.5063,1156911104,3614.1700,2961.22,0,172265472,1,93.43,0.00,1191431168,1024,911305728
175.6110,1156911104,3617.2800,2970.17,0,172265472,1,96.40,0.00,1191431168,1024,911305728
175.7179,1156911104,3620.5200,3029.22,0,172265472,1,90.57,0.00,1191420928,1024,911305728
175.8255,1156911104,3623.7600,3011.35,0,172265472,1,94.98,0.00,1191420928,1024,911305728
175.9306,1156911104,3626.8800,2969.24,0,172265472,1,91.90,0.00,1191420928,1024,911305728
176.0354,1156911104,3630.0000,2978.11,0,172265472,1,96.65,0.00,1191420928,1024,911305728
176.1411,1156911104,3633.2400,3064.83,0,172265472,1,91.93,0.00,1191416832,1024,911305728
176.2496,1156911104,3636.4800,2986.62,0,172265472,1,93.62,0.00,1191171072,1024,911305728
176.3543,1156911104,3639.5900,2970.57,0,172265472,1,93.13,0.00,1191171072,1024,911305728
176.4593,1156911104,3642.6900,2952.83,0,172265472,1,92.28,0.00,1191171072,1024,911305728
176.5650,1156911104,3645.9300,3062.96,0,172265472,1,96.01,0.00,1191171072,1024,911305728
176.6696,1156911104,3649.0500,2984.27,0,172265472,1,92.06,0.00,1191171072,1024,911305728
176.7758,1156911104,3652.1700,2936.71,0,172265472,1,95.60,0.00,1191171072,1024,911305728
176.8856,1156911104,3655.5200,3052.46,0,172265472,1,93.11,0.00,1191166976,1024,911305728
176.9906,1156911104,3658.6400,2971.58,0,172265472,1,91.67,0.00,1191166976,1024,911305728
177.0953,1156911104,3661.7600,2979.00,0,172265472,1,93.99,0.00,1191166976,1024,911305728
177.2000,1156911104,3664.8800,2980.25,0,172265472,1,95.82,0.00,1191166976,1024,911305728
177.3054,1156911104,3668.1200,3074.76,0,172265472,1,96.09,0.00,1191166976,1024,911305728
177.4137,1156911104,3671.3600,2992.02,0,172265472,1,90.90,0.00,1191166976,1024,911305728
177.5187,1156911104,3674.4800,2968.99,0,172265472,1,92.19,0.00,1191162880,1024,911305728
177.6240,1156911104,3677.6000,2964.42,0,172265472,1,97.09,0.00,1191162880,1024,911305728
177.7296,1156911104,3680.8400,3067.47,0,172265472,1,91.12,0.00,1190933504,1024,911305728
177.8344,1156911104,3683.9600,2977.50,0,172265472,1,93.94,0.00,1190892544,1024,911346688
177.9414,1156911104,3687.1900,3017.27,0,172265472,1,93.71,0.00,1190892544,1024,911408128
178.0466,1156911104,3690.3100,2967.26,0,172265472,1,93.92,0.00,1190892544,1024,911408128
178.1576,1156911104,3693.6700,3026.89,0,172265472,1,93.75,0.00,1190892544,1024,911408128
178.2633,1156911104,3696.7900,2952.44,0,172265472,1,91.97,0.00,1190892544,1024,911408128
178.3684,1156911104,3699.9100,2967.64,0,172265472,1,96.31,0.00,1190892544,1024,911408128
178.4744,1156911104,3703.1500,3056.48,0,172265472,1,92.86,0.00,1190892544,1024,911408128
178.5797,1156911104,3705.9900,2696.76,0,172265472,1,86.65,0.00,1190888448,1024,911408128
178.6895,1156911104,3708.8700,2622.58,0,172265472,1,79.11,0.00,1191150592,1024,911424512
178.7950,1156911104,3711.5800,2569.93,0,172265472,1,80.61,0.00,1190888448,1024,911490048
178.9003,1156911104,3714.2000,2487.61,0,172265472,1,80.11,0.00,1190736896,1024,911490048
179.0059,1156911104,3716.9000,2557.92,0,172265472,1,77.57,0.00,1190736896,1024,911490048
179.1134,1156911104,3719.6400,2546.95,0,172265472,1,79.88,0.00,1190732800,1024,911490048
179.2194,1156911104,3722.2100,2425.56,0,172265472,1,75.50,0.00,1190732800,1024,911490048
179.3242,1156911104,3724.6500,2329.07,0,172265472,1,75.77,0.00,1190732800,1024,911490048
179.4293,1156911104,3727.1300,2359.42,0,172265472,1,70.46,0.00,1190732800,1024,911490048
179.5342,1156911104,3729.5300,2286.60,0,172265472,1,71.75,0.00,1190732800,1024,911559680
179.6395,1156911104,3731.8800,2232.78,0,172265472,1,69.77,0.00,1190728704,1024,911559680
179.7449,1156911104,3734.1700,2172.93,0,172265472,1,70.57,0.00,1190728704,1024,911559680
179.8499,1156911104,3736.5300,2246.75,0,172265472,1,66.94,0.00,1190728704,1024,911559680
179.9555,1156911104,3738.7100,2064.24,0,172265472,1,65.10,0.00,1190728704,1024,911559680
180.0603,1156911104,3740.6000,1803.15,0,172269568,1,57.24,0.00,1190990848,1024,911559680
180.1656,1156911104,3742.0800,1406.39,0,172269568,1,42.46,0.00,1191019520,1024,911559680
180.2707,1156911104,3743.4300,1284.42,0,172269568,1,39.84,0.00,1190761472,1024,911559680
180.3763,1156911104,3744.6800,1183.58,0,172269568,1,38.76,0.00,1190761472,1024,911559680
180.4814,1156911104,3745.8200,1084.60,0,172269568,1,33.89,0.00,1190312960,1024,913893888
180.5866,1156911104,3746.2000,361.30,0,172269568,1,10.99,0.00,1190312960,1024,913893888
180.6915,1156911104,3747.3700,1115.17,0,172269568,1,35.74,0.00,1191894016,1024,913893888
180.7967,1156911104,3749.0300,1578.07,0,172269568,1,51.10,0.00,1191635968,1024,913893888
180.9021,1156911104,3750.7600,1640.39,0,172269568,1,49.19,0.00,1191635968,1024,913893888
181.0073,1156911104,3752.4200,1578.37,0,172269568,1,49.32,0.00,1191382016,1024,913893888
181.1123,1156911104,3754.0900,1590.30,0,172269568,1,51.78,0.00,1191275520,1024,913893888
181.2175,1156911104,3755.8100,1634.87,0,172269568,1,49.60,0.00,1191275520,1024,913893888
181.3224,1156911104,3757.4800,1591.92,0,172269568,1,49.75,0.00,1191275520,1024,913893888
181.4274,1156911104,3759.1400,1582.11,0,172269568,1,49.14,0.00,1191271424,1024,913893888
181.5323,1156911104,3760.8100,1590.89,0,172269568,1,51.80,0.00,1191091200,1024,913922560
181.6373,1156911104,3762.5300,1638.13,0,172269568,1,49.70,0.00,1191091200,1024,913922560
181.7429,1156911104,3764.2000,1582.02,0,172269568,1,48.85,0.00,1191353344,1024,913922560
181.8478,1156911104,3765.6100,1343.91,0,172269568,1,44.38,0.00,1192156160,1024,913922560
181.9529,1156911104,3767.3300,1636.17,0,172269568,1,49.05,0.00,1192156160,1024,913922560
182.0581,1156911104,3769.0000,1587.72,0,172269568,1,49.91,0.00,1191898112,1024,913979904
182.1632,1156911104,3770.6600,1580.13,0,172269568,1,49.08,0.00,1191898112,1024,913979904
182.2683,1156911104,3772.3300,1588.43,0,172269568,1,52.02,0.00,1191894016,1024,913979904
182.3734,1156911104,3774.0500,1637.29,0,172269568,1,48.79,0.00,1191894016,1024,913979904
182.4782,1156911104,3775.7200,1592.63,0,172269568,1,50.07,0.00,1191894016,1024,913979904
182.5832,1156911104,3777.3800,1581.10,0,172269568,1,49.11,0.00,1191894016,1024,913979904
182.6882,1156911104,3779.0500,1591.04,0,172269568,1,51.80,0.00,1191390208,1024,913979904
182.7935,1156911104,3780.7800,1642.23,0,172269568,1,49.24,0.00,1191136256,1024,914258432
182.8986,1156911104,3782.4500,1589.72,0,172269568,1,49.38,0.00,1191922688,1024,914258432
183.0035,1156911104,3783.8200,1305.39,0,172269568,1,41.39,0.00,1192471552,1024,914258432
183.1090,1156911104,3785.5500,1639.93,0,172269568,1,50.95,0.00,1192500224,1024,914258432
183.2142,1156911104,3787.2100,1578.67,0,172269568,1,50.22,0.00,1192500224,1024,914258432
183.3191,1156911104,3788.8700,1582.35,0,172269568,1,49.75,0.00,1192246272,1024,914258432
183.4240,1156911104,3790.5400,1591.49,0,172269568,1,51.52,0.00,1192246272,1024,914258432
183.5290,1156911104,3792.2600,1637.83,0,172269568,1,49.10,0.00,1192246272,1024,914258432
183.6339,1156911104,3793.9300,1592.88,0,172269568,1,50.08,0.00,1192242176,1024,914414080
183.7387,1156911104,3795.5900,1582.97,0,172269568,1,50.06,0.00,1191730176,1024,914491904
183.8440,1156911104,3797.2500,1576.54,0,172269568,1,51.34,0.00,1191730176,1024,914491904
183.9495,1156911104,3798.9800,1640.60,0,172269568,1,48.90,0.00,1191730176,1024,914491904
184.0545,1156911104,3800.6400,1580.06,0,172273664,1,48.48,0.00,1191730176,1024,914934272
184.1595,1156911104,3802.0200,1315.22,0,172273664,1,41.70,0.00,1192803328,1024,914934272
184.2648,1156911104,3803.6800,1576.41,0,172273664,1,51.34,0.00,1192549376,1024,914934272
184.3700,1156911104,3805.4100,1643.35,0,172273664,1,48.98,0.00,1192545280,1024,914934272
184.4753,1156911104,3807.0800,1586.22,0,172273664,1,50.16,0.00,1192291328,1024,915114496
184.5806,1156911104,3808.7400,1576.57,0,172273664,1,50.46,0.00,1192291328,1024,915114496
184.6857,1156911104,3810.4700,1646.59,0,172273664,1,49.97,0.00,1192291328,1024,915114496
184.7907,1156911104,3812.1300,1579.73,0,172273664,1,49.07,0.00,1191787520,1024,915556864
184.8962,1156911104,3813.8000,1584.19,0,172273664,1,51.58,0.00,1191533568,1024,915556864
185.0011,1156911104,3815.5200,1639.32,0,172273664,1,49.14,0.00,1191525376,1024,915556864
185.1062,1156911104,3817.1900,1589.42,0,172273664,1,50.26,0.00,1191787520,1024,915556864
185.2115,1156911104,3818.8100,1537.65,0,172277760,1,47.46,0.00,1191787520,1024,915556864
185.3166,1157304320,3820.2100,1331.97,0,172277760,1,44.60,0.00,1193368576,1024,915556864
185.4220,1157304320,3821.9400,1642.04,0,172277760,1,49.53,0.00,1193368576,1024,915556864
185.5269,1157304320,3823.6000,1581.85,0,172277760,1,49.73,0.00,1193114624,1024,915556864
185.6320,1157304320,3825.2600,1579.14,0,172277760,1,52.32,0.00,1193114624,1024,922421760
185.7372,1157304320,3826.9900,1644.97,0,172277760,1,48.73,0.00,1192352768,1024,922421760
185.8421,1157304320,3828.6600,1592.68,0,172277760,1,49.77,0.00,1192348672,1024,922421760
185.9475,1157304320,3830.3200,1573.89,0,172277760,1,49.48,0.00,1192348672,1024,922421760
186.0525,1157304320,3831.9800,1580.90,0,172277760,1,51.49,0.00,1192348672,1024,922421760
186.1577,1157304320,3833.7100,1644.61,0,172277760,1,48.72,0.00,1192348672,1024,922421760
186.2625,1157304320,3835.3800,1593.34,0,172277760,1,50.09,0.00,1192348672,1024,922421760
186.3675,1157304320,3837.0400,1581.81,0,172277760,1,49.43,0.00,1192872960,1024,922421760
186.4722,1157304320,3838.7000,1584.48,0,172277760,1,51.90,0.00,1193131008,1024,922421760
186.5771,1157304320,3840.4300,1649.20,0,172277760,1,48.86,0.00,1192872960,1024,922421760
186.6821,1157304320,3842.1000,1590.64,0,172277760,1,50.01,0.00,1192868864,1024,922421760
186.7869,1157304320,3843.7600,1583.98,0,172277760,1,49.50,0.00,1192098816,1024,922421760
186.8919,1157304320,3845.4200,1581.68,0,172277760,1,51.81,0.00,1192098816,1024,922421760
186.9969,1157304320,3847.0900,1590.28,0,172277760,1,48.80,0.00,1192098816,1024,922421760
187.1022,1157304320,3848.8200,1643.20,0,172277760,1,50.16,0.00,1192098816,1024,922421760
187.2069,1157304320,3850.4800,1584.48,0,172277760,1,49.52,0.00,1192098816,1024,922421760
187.3120,1157304320,3852.1400,1580.18,0,172277760,1,51.76,0.00,1192098816,1024,922421760
187.4169,1157304320,3853.8100,1592.53,0,172277760,1,48.57,0.00,1192094720,1024,922421760
187.5218,1157304320,3855.5400,1648.17,0,172277760,1,50.31,0.00,1192356864,1024,922421760
187.6266,1157304320,3857.2000,1584.35,0,172277760,1,49.51,0.00,1192356864,1024,922421760
187.7314,1157304320,3858.8600,1583.92,0,172277760,1,49.80,0.00,1192619008,1024,922421760
187.8368,1157304320,3860.5300,1584.92,0,172277760,1,50.72,0.00,1192619008,1024,922470912
187.9417,1157304320,3862.2600,1648.83,0,172277760,1,50.33,0.00,1192619008,1024,922495488
188.0469,1157304320,3863.9200,1578.10,0,172277760,1,49.32,0.00,1192619008,1024,922495488
188.1522,1157304320,3865.5800,1576.41,0,172277760,1,51.93,0.00,1192614912,1024,922495488
188.2573,1157304320,3867.3100,1646.07,0,172277760,1,48.47,0.00,1192614912,1024,922495488
188.3622,1157304320,3868.9800,1591.23,0,172277760,1,50.32,0.00,1192614912,1024,922495488
188.4673,1157304320,3870.6400,1580.62,0,172277760,1,49.39,0.00,1192614912,1024,922495488
188.5729,1155727360,3872.2000,1477.25,0,172277760,1,46.16,0.00,1190738944,1024,922495488
188.6779,1176121344,3872.5000,285.57,0,176480256,1,8.03,0.00,1211413504,1024,922495488
188.7855,1176514560,3873.7500,1162.39,0,176484352,1,37.78,0.00,1212339200,1024,922495488
188.8906,1176514560,3876.8700,2966.19,0,176484352,1,92.40,0.00,1212089344,1024,922540544
188.9964,1176514560,3880.0600,3017.26,0,176484352,1,101.97,0.00,1211585536,1024,922540544
189.1063,1176514560,3883.5300,3157.41,0,176484352,1,91.56,0.00,1211585536,1024,922540544
189.2114,1176514560,3886.7600,3072.75,0,176484352,1,95.43,0.00,1211339776,1024,922540544
189.3169,1176514560,3889.9800,3052.63,0,176484352,1,99.25,0.00,1211339776,1024,922540544
189.4222,1176514560,3893.3200,3169.59,0,176484352,1,96.38,0.00,1211102208,1024,922540544
189.5296,1176514560,3896.6700,3120.92,0,176484352,1,96.66,0.00,1210663936,1024,922540544
189.6345,1176514560,3899.8900,3069.87,0,176484352,1,96.83,0.00,1210659840,1024,922540544
189.7399,1176514560,3903.1200,3062.30,0,176484352,1,99.25,0.00,1210414080,1024,922540544
189.8496,1176514560,3906.5900,3165.11,0,176484352,1,94.63,0.00,1210414080,1024,922540544
189.9546,1176514560,3909.8100,3064.76,0,176484352,1,96.67,0.00,1210414080,1024,922667520
190.0601,1176514560,3913.0400,3062.54,0,176484352,1,99.26,0.00,1210414080,1024,922667520
190.1657,1176514560,3916.3800,3162.75,0,176484352,1,95.29,0.00,1210414080,1024,922667520
190.2736,1176514560,3919.7300,3105.91,0,176484352,1,97.06,0.00,1210414080,1024,922667520
190.3786,1176514560,3922.9500,3066.81,0,176484352,1,95.24,0.00,1210409984,1024,922667520
190.4839,1176514560,3926.1700,3057.13,0,176484352,1,99.69,0.00,1210405888,1024,926894592
190.5896,1176514560,3929.5100,3159.79,0,176484352,1,98.74,0.00,1210405888,1024,926894592
190.6975,1176514560,3932.8600,3106.14,0,176484352,1,93.59,0.00,1210254336,1024,934531072
190.8029,1176514560,3936.0800,3054.21,0,176484352,1,96.04,0.00,1210250240,1024,934531072
190.9084,1176514560,3939.3100,3061.81,0,176484352,1,102.49,0.00,1210250240,1024,934531072
191.0180,1176514560,3942.7800,3164.39,0,176484352,1,91.76,0.00,1210250240,1024,934531072
191.1232,1176514560,3946.0000,3061.17,0,176484352,1,96.26,0.00,1210250240,1024,934531072
191.2284,1176514560,3949.2000,3043.05,0,176484352,1,98.07,0.00,1210250240,1024,934531072
191.3337,1176514560,3952.4300,3066.85,0,176484352,1,92.58,0.00,1210508288,1024,934531072
191.4386,1176514560,3955.5500,2974.06,0,176484352,1,92.94,0.00,1210508288,1024,934531072
191.5456,1176514560,3958.7900,3028.79,0,176484352,1,94.94,0.00,1210508288,1024,934531072
191.6505,1176514560,3961.9100,2973.49,0,176484352,1,92.62,0.00,1210508288,1024,934531072
191.7560,1176514560,3965.1400,3060.74,0,176484352,1,99.50,0.00,1211032576,1024,934531072
191.8609,1176514560,3968.4800,3185.65,0,176484352,1,96.27,0.00,1210512384,1024,934531072
191.9685,1176514560,3971.7100,3001.07,0,176484352,1,96.69,0.00,1210512384,1024,934531072
192.0743,1176514560,3975.0500,3156.22,0,176484352,1,95.38,0.00,1210508288,1024,934531072
192.1816,1176514560,3978.4000,3123.69,0,176484352,1,97.91,0.00,1210250240,1024,934531072
192.2872,1176514560,3981.6200,3048.82,0,176484352,1,95.28,0.00,1210250240,1024,934531072
192.3935,1176514560,3984.9700,3150.10,0,176484352,1,98.15,0.00,1211036672,1024,934531072
192.5016,1176514560,3988.3200,3100.54,0,176484352,1,97.18,0.00,1210778624,1024,934531072
192.6070,1176514560,3991.5400,3055.68,0,176484352,1,95.49,0.00,1210778624,1024,934531072
192.7119,1176514560,3994.7600,3068.99,0,176484352,1,99.48,0.00,1210774528,1024,934531072
192.8216,1176514560,3998.2300,3163.17,0,176484352,1,95.72,0.00,1210774528,1024,934531072
192.9268,1176514560,4001.4600,3068.99,0,176484352,1,95.61,0.00,1210774528,1024,934531072
193.0326,1176514560,4004.6800,3043.66,0,176484352,1,98.66,0.00,1210774528,1024,934531072
193.1379,1176514560,4008.0300,3180.91,0,176484352,1,95.84,0.00,1210774528,1024,934531072
193.2455,1176514560,4011.3700,3106.69,0,176484352,1,97.37,0.00,1210778624,1024,934531072
193.3509,1176514560,4014.6000,3061.74,0,176484352,1,95.09,0.00,1210774528,1024,934531072
193.4576,1176514560,4017.9400,3132.24,0,176484352,1,98.47,0.00,1210774528,1024,934531072
193.5629,1176514560,4021.1700,3066.72,0,176484352,1,99.40,0.00,1210770432,1024,934531072
193.6702,1176514560,4024.5100,3111.86,0,176484352,1,93.46,0.00,1210770432,1024,934686720
193.7775,1176514560,4027.8600,3122.58,0,176484352,1,97.87,0.00,1210770432,1024,934776832
193.8828,1176514560,4031.0800,3059.51,0,176484352,1,95.91,0.00,1210770432,1024,934776832
193.9886,1176514560,4034.3100,3052.63,0,176484352,1,98.35,0.00,1210770432,1024,934776832
194.0960,1176514560,4037.6500,3109.16,0,176484352,1,97.74,0.00,1210770432,1024,934776832
194.2019,1176514560,4041.0000,3164.28,0,176484352,1,95.34,0.00,1210766336,1024,934776832
194.3096,1176514560,4044.3400,3100.63,0,176484352,1,96.60,0.00,1210766336,1024,934899712
194.4152,1176514560,4047.5700,3057.18,0,176484352,1,95.54,0.00,1210766336,1024,934899712
194.5207,1176514560,4050.7900,3053.17,0,176484352,1,103.12,0.00,1210766336,1024,934899712
194.6304,1176514560,4054.2600,3162.99,0,176484352,1,91.44,0.00,1210766336,1024,934899712
194.7363,1176514560,4057.4900,3049.17,0,176484352,1,99.12,0.00,1211290624,1024,934899712
194.8420,1176514560,4060.8300,3159.89,0,176484352,1,95.49,0.00,1211028480,1024,934899712
194.9494,1176514560,4064.1700,3109.65,0,176484352,1,96.59,0.00,1211024384,1024,934899712
195.0555,1176514560,4067.4000,3044.47,0,176484352,1,98.97,0.00,1210766336,1024,935014400
195.1640,1176514560,4070.7400,3078.21,0,176484352,1,96.77,0.00,1210766336,1024,935014400
195.2692,1176514560,4074.0900,3185.40,0,176484352,1,95.09,0.00,1210766336,1024,935014400
195.3765,1176514560,4077.3100,3002.74,0,176484352,1,97.92,0.00,1210766336,1024,935014400
195.4856,1176514560,4080.7800,3179.66,0,176484352,1,96.21,0.00,1210762240,1024,935014400
195.5908,1176514560,4084.0100,3071.20,0,176484352,1,95.08,0.00,1210762240,1024,935014400
195.6966,1176514560,4087.2300,3041.82,0,176484352,1,99.19,0.00,1210758144,1024,935014400
195.8026,1176514560,4090.6000,3178.61,0,176484352,1,96.09,0.00,1210758144,1024,938856448
195.9125,1176514560,4094.0500,3139.76,0,176484352,1,101.53,0.00,1210758144,1024,938856448
196.0182,1176514560,4097.5000,3263.75,0,176484352,1,98.44,0.00,1210758144,1024,938856448
196.1239,1176514560,4100.8400,3160.78,0,176484352,1,102.91,0.00,1210758144,1024,938856448
196.2293,1176514560,4104.2900,3272.65,0,176484352,1,97.82,0.00,1210758144,1024,938856448
196.3364,1176514560,4107.6200,3108.54,0,176484352,1,101.52,0.00,1210758144,1024,938856448
196.4419,1176514560,4111.0700,3270.89,0,176484352,1,102.81,0.00,1210758144,1024,938856448
196.5496,1176514560,4114.5300,3213.21,0,176484352,1,95.48,0.00,1210754048,1024,938856448
196.6554,1176514560,4117.8600,3146.41,0,176484352,1,98.62,0.00,1210754048,1024,938856448
196.7616,1176514560,4121.3100,3248.60,0,176484352,1,106.23,0.00,1210754048,1024,938856448
196.8696,1176514560,4124.7700,3204.42,0,176484352,1,95.22,0.00,1210754048,1024,938856448
196.9756,1176514560,4128.0900,3132.48,0,176484352,1,102.61,0.00,1210754048,1024,938856448
197.0810,1176514560,4131.5500,3281.25,0,176484352,1,102.54,0.00,1210754048,1024,938856448
197.1903,1176514560,4135.0000,3158.42,0,176484352,1,94.41,0.00,1210749952,1024,938856448
197.2963,1176514560,4138.3300,3140.55,0,176484352,1,102.27,0.00,1210749952,1024,938856448
197.4014,1176514560,4141.7800,3282.33,0,176484352,1,99.00,0.00,1210688512,1024,938856448
197.5086,1176514560,4145.1100,3106.41,0,176484352,1,100.28,0.00,1210688512,1024,938856448
197.6176,1176514560,4148.6900,3285.15,0,176484352,1,99.79,0.00,1210418176,1024,938856448
197.7228,1176514560,4152.0200,3163.28,0,176484352,1,98.56,0.00,1210422272,1024,938856448
197.8290,1176514560,4155.4700,3251.30,0,176484352,1,101.31,0.00,1210414080,1024,938897408
197.9344,1176514560,4158.8000,3159.23,0,176484352,1,98.73,0.00,1210176512,1024,938897408
198.0403,1176514560,4162.1300,3143.75,0,176484352,1,106.21,0.00,1210176512,1024,938897408
198.1499,1176514560,4165.7100,3266.40,0,176484352,1,94.38,0.00,1210438656,1024,938897408
198.2554,1176514560,4169.0400,3156.43,0,176484352,1,98.64,0.00,1210438656,1024,938897408
198.3612,1176514560,4172.4900,3261.75,0,176484352,1,102.52,0.00,1210442752,1024,938897408
198.4668,1176514560,4175.8200,3153.12,0,176484352,1,98.53,0.00,1210442752,1024,938897408
198.5724,1176514560,4179.1500,3151.82,0,176484352,1,101.75,0.00,1210442752,1024,938897408
198.6800,1176514560,4182.6000,3205.77,0,176484352,1,100.76,0.00,1210442752,1024,938942464
198.7858,1176514560,4186.0600,3271.29,0,176484352,1,98.39,0.00,1210442752,1024,938942464
198.8911,1176514560,4189.3800,3153.99,0,176484352,1,97.97,0.00,1210438656,1024,938942464
198.9974,1176514560,4192.8400,3252.69,0,176484352,1,102.23,0.00,1210438656,1024,938942464
199.1034,1176514560,4196.1700,3143.66,0,176484352,1,98.24,0.00,1210438656,1024,938942464
199.2083,1176907776,4199.1800,2868.56,0,176488448,1,92.32,0.00,1210700800,1024,938942464
199.3138,1177300992,4201.9500,2624.83,0,176488448,1,78.77,0.00,1210962944,1024,938942464
199.4186,1177694208,4204.5000,2433.81,0,176488448,1,76.06,0.00,1211487232,1024,938942464
199.5236,1177694208,4206.9900,2371.28,0,176488448,1,77.38,0.00,1211348992,1024,938942464
199.6288,1177694208,4209.4900,2377.71,0,176488448,1,73.71,0.00,1211185152,1024,938942464
199.7338,1177694208,4212.0800,2465.31,0,176488448,1,74.36,0.00,1210968064,1024,938942464
199.8389,1177694208,4214.5800,2379.74,0,176488448,1,74.37,0.00,1210968064,1024,938942464
199.9436,1177694208,4217.0700,2378.71,0,176488448,1,74.33,0.00,1210963968,1024,939024384
200.0487,1177694208,4219.5700,2378.49,0,176488448,1,77.00,0.00,1210963968,1024,939024384
200.1538,1177694208,4222.1600,2463.22,0,176488448,1,74.30,0.00,1210963968,1024,939024384
200.2588,1177694208,4224.6600,2380.22,0,176488448,1,74.68,0.00,1210963968,1024,939024384
200.3640,1177694208,4227.1200,2339.03,0,176488448,1,76.07,0.00,1210963968,1024,939024384
200.4697,1177694208,4229.7000,2442.22,0,176488448,1,73.66,0.00,1211226112,1024,939024384
200.5746,1177694208,4232.2000,2381.04,0,176488448,1,74.41,0.00,1211226112,1024,939024384
200.6798,1178480640,4234.5900,2273.10,0,176488448,1,73.12,0.00,1211488256,1024,939024384
200.7850,1178480640,4237.0500,2337.77,0,176488448,1,70.68,0.00,1211488256,1024,939024384
200.8896,1178480640,4239.3300,2179.52,0,176488448,1,68.11,0.00,1211746304,1024,939092480
200.9944,1178480640,4241.6200,2185.54,0,176488448,1,68.60,0.00,1211484160,1024,940830208
201.0992,1178480640,4243.9100,2185.08,0,176488448,1,68.58,0.00,1211484160,1024,940830208
201.2042,1178873856,4246.1200,2104.72,0,176492544,1,68.15,0.00,1211770880,1024,940830208
201.3091,1178873856,4248.3900,2164.29,0,176492544,1,64.95,0.00,1211770880,1024,940830208
201.4140,1178873856,4250.5200,2030.98,0,176492544,1,63.17,0.00,1211770880,1024,940830208
201.5190,1178873856,4252.5700,1952.76,0,176492544,1,61.62,0.00,1211525120,1024,940830208
201.6239,1178873856,4254.6500,1982.33,0,176492544,1,64.03,0.00,1211521024,1024,940830208
201.7287,1178873856,4256.7300,1983.87,0,176492544,1,62.00,0.00,1211521024,1024,940830208
201.8337,1178873856,4258.8900,2057.57,0,176492544,1,62.22,0.00,1211521024,1024,940830208
201.9386,1178873856,4260.9700,1982.89,0,176492544,1,62.26,0.00,1211521024,1024,940830208
202.0436,1178873856,4263.0500,1981.86,0,176492544,1,61.93,0.00,1211521024,1024,940830208
202.1485,1178873856,4265.1300,1981.69,0,176492544,1,63.71,0.00,1211529216,1024,940895744
202.2533,1178873856,4267.2900,2062.17,0,176492544,1,62.35,0.00,1211529216,1024,940895744
202.3581,1178873856,4269.3700,1984.48,0,176492544,1,62.31,0.00,1211525120,1024,940895744
202.4631,1178873856,4271.4500,1981.22,0,176492544,1,61.32,0.00,1211525120,1024,940895744
202.5679,1180053504,4273.2600,1725.82,0,176492544,1,56.02,0.00,1213102080,1024,940944896
202.6727,1180446720,4274.8900,1556.52,0,176492544,1,49.54,0.00,1213364224,1024,940944896
202.7775,1180446720,4276.5100,1544.70,0,176492544,1,46.78,0.00,1213364224,1024,940944896
202.8826,1180446720,4278.0700,1484.99,0,176492544,1,45.51,0.00,1213315072,1024,940944896
202.9874,1181626368,4279.5400,1402.85,0,176492544,1,45.63,0.00,1214363648,1024,941002240
203.0929,1182019584,4280.6700,1070.57,0,176492544,1,31.98,0.00,1214625792,1024,941002240
203.1981,1182019584,4281.5700,855.47,0,176492544,1,26.73,0.00,1214621696,1024,941002240
203.3030,1182806016,4282.2400,639.09,0,176492544,1,19.97,0.00,1215670272,1024,941002240
203.4085,1182806016,4282.7100,445.37,0,176492544,1,13.92,0.00,1215932416,1024,941002240
203.5136,1182806016,4283.1400,409.13,0,176492544,1,12.79,0.00,1215932416,1024,941002240
203.6181,1183199232,4283.4100,258.28,0,176492544,1,7.47,0.00,1216718848,1024,941002240
203.7226,1183199232,4284.7800,1311.40,0,176492544,1,41.88,0.00,1217812480,1024,941170176
203.8273,1183199232,4286.4400,1584.80,0,176492544,1,50.42,0.00,1217812480,1024,941170176
203.9320,1183199232,4288.1000,1585.74,0,176492544,1,51.35,0.00,1217308672,1024,941170176
204.0367,1183199232,4289.7700,1595.01,0,176492544,1,49.25,0.00,1217308672,1024,941170176
204.1413,1183199232,4291.5000,1653.75,0,176492544,1,49.59,0.00,1217144832,1024,941170176
204.2461,1183199232,4293.1600,1584.82,0,176492544,1,50.42,0.00,1216882688,1024,941170176
204.3514,1183199232,4294.8300,1585.77,0,176492544,1,48.37,0.00,1216628736,1024,941170176
204.4560,1183199232,4296.4900,1586.32,0,176492544,1,51.96,0.00,1216628736,1024,941170176
204.5608,1183199232,4298.1500,1584.46,0,176492544,1,50.11,0.00,1216628736,1024,941194752
204.6660,1183199232,4299.8800,1644.95,0,176492544,1,49.62,0.00,1216628736,1024,941194752
204.7707,1183199232,4301.5400,1585.56,0,176492544,1,48.65,0.00,1216628736,1024,941231616
204.8753,1183199232,4303.2000,1586.80,0,176492544,1,51.08,0.00,1216628736,1024,941231616
204.9802,1183199232,4304.8600,1582.79,0,176492544,1,50.95,0.00,1216628736,1024,941231616
205.0848,1183199232,4306.5300,1595.54,0,176492544,1,49.86,0.00,1216628736,1024,941231616
205.1895,1183199232,4308.2500,1643.66,0,176492544,1,48.98,0.00,1216866304,1024,941231616
205.2942,1183199232,4309.9200,1595.04,0,176492544,1,50.44,0.00,1216866304,1024,941231616
205.3996,1183199232,4311.5800,1575.24,0,176492544,1,49.23,0.00,1216866304,1024,941231616
205.5041,1183199232,4313.2500,1596.77,0,176492544,1,51.39,0.00,1216866304,1024,941231616
205.6089,1183199232,4314.9700,1641.33,0,176492544,1,49.50,0.00,1216866304,1024,941231616
205.7141,1183199232,4316.6400,1588.65,0,176492544,1,50.24,0.00,1216866304,1024,941231616
205.8188,1183199232,4318.3000,1584.93,0,176492544,1,49.53,0.30,1216866304,1024,941231616
205.9237,1182248960,4319.7200,1354.13,0,176496640,1,41.42,0.00,1215817728,1024,941231616
206.0284,1182248960,4320.6200,859.34,0,176496640,1,29.54,0.00,1217652736,1024,944076288
206.1333,1182248960,4322.3500,1648.43,0,176496640,1,50.32,0.00,1217398784,1024,944076288
206.2388,1182248960,4324.0100,1574.09,0,176496640,1,49.19,0.00,1217398784,1024,944076288
206.3436,1182248960,4325.6800,1593.27,0,176496640,1,49.49,0.00,1216628736,1024,944076288
206.4491,1182248960,4327.4000,1629.83,0,176496640,1,50.93,0.00,1216624640,1024,944076288
206.5544,1182248960,4329.0700,1586.76,0,176496640,1,49.88,0.00,1216624640,1024,944076288
206.6594,1182248960,4330.7300,1580.79,0,176496640,1,49.40,0.00,1216624640,1024,944076288
206.7647,1182248960,4332.4000,1585.45,0,176496640,1,51.33,0.00,1216886784,1024,944076288
206.8696,1182248960,4334.1200,1640.67,0,176496640,1,49.48,0.00,1216362496,1024,944076288
206.9745,1182248960,4335.7900,1591.67,0,176496640,1,50.04,0.00,1215858688,1024,944076288
207.0795,1182248960,4337.4500,1580.84,0,176496640,1,49.40,0.00,1214990336,1024,944076288
207.1844,1182248960,4339.1200,1592.30,0,176496640,1,51.55,0.00,1214990336,1024,944076288
207.2898,1182248960,4340.8400,1631.61,0,176496640,1,49.51,0.00,1214990336,1024,944076288
207.3946,1182248960,4342.5100,1593.42,0,176496640,1,49.79,0.00,1214990336,1024,944076288
207.5000,1182248960,4344.1700,1575.00,0,176496640,1,51.00,0.00,1214990336,1024,944076288
207.6054,1182248960,4345.9000,1642.02,0,176496640,1,50.13,0.00,1214740480,1024,944076288
207.7104,1182248960,4347.5600,1580.92,0,176496640,1,49.70,0.00,1214740480,1024,944076288
207.8156,1182248960,4349.2300,1586.24,0,176496640,1,51.35,0.00,1214740480,1024,944264704
207.9205,1182248960,4350.8900,1582.96,0,176496640,1,49.47,0.00,1214740480,1024,944264704
208.0253,1182248960,4352.6200,1651.25,0,176496640,1,49.81,0.00,1214740480,1024,944264704
208.1299,1182248960,4354.2800,1585.81,0,176496640,1,49.56,0.00,1214740480,1024,944317952
208.2347,1182248960,4355.9500,1594.54,0,176496640,1,49.83,0.00,1214740480,1024,944317952
208.3400,1180712960,4356.9500,949.79,0,176500736,1,31.17,0.00,1214228480,1024,944317952
208.4450,1180712960,4358.6100,1580.26,0,176500736,1,49.68,0.00,1213712384,1024,944317952
208.5503,1180712960,4360.3400,1642.98,0,176500736,1,48.67,0.00,1213716480,1024,944317952
208.6555,1180712960,4362.0100,1588.21,0,176500736,1,49.93,0.00,1213716480,1024,944317952
208.7604,1180712960,4363.6800,1590.74,0,176500736,1,51.20,0.00,1213716480,1024,944317952
208.8657,1180712960,4365.4000,1634.71,0,176500736,1,50.19,0.00,1213458432,1024,944334336
208.9704,1180712960,4367.0700,1594.85,0,176500736,1,48.65,0.00,1213458432,1024,944334336
209.0753,1180712960,4368.7300,1582.74,0,176500736,1,50.35,0.00,1213458432,1024,944334336
209.1802,1180712960,4370.4000,1591.99,0,176500736,1,51.24,0.00,1213720576,1024,944334336
209.2849,1180712960,4372.0600,1584.53,0,176500736,1,50.11,0.00,1213720576,1024,944334336
209.3902,1180712960,4373.7900,1643.58,0,176500736,1,48.10,0.00,1213720576,1024,944334336
209.4951,1180712960,4375.4500,1582.26,0,176500736,1,50.04,0.00,1213724672,1024,944334336
209.6007,1180712960,4377.1200,1581.78,0,176500736,1,51.50,0.00,1213724672,1024,944334336
209.7059,1180712960,4378.8400,1634.27,0,176500736,1,49.59,0.00,1213724672,1024,944334336
209.8108,1180712960,4380.5100,1592.82,0,176500736,1,49.18,0.00,1213982720,1024,944334336
209.9165,1180712960,4382.1700,1569.71,0,176500736,1,51.71,0.00,1213458432,1024,944334336
210.0215,1180712960,4383.9000,1648.33,0,176500736,1,48.83,0.00,1213458432,1024,944334336
210.1268,1180712960,4385.5600,1575.69,0,176500736,1,49.83,0.00,1213462528,1024,944403968
210.2316,1180712960,4387.2300,1593.24,0,176500736,1,50.98,0.00,1213462528,1024,944403968
210.3368,1180712960,4388.8900,1577.94,0,176500736,1,50.20,0.00,1213462528,1024,944403968
210.4419,1180712960,4390.6200,1645.77,0,176500736,1,48.75,0.00,1213462528,1024,944403968
210.5468,1180712960,4392.2800,1583.02,0,176500736,1,50.07,0.00,1213462528,1024,944403968
210.6523,1186611200,4393.2400,910.03,0,176500736,1,29.62,0.00,1220954112,1024,944403968
210.7579,1186611200,4394.9700,1638.41,0,176500736,1,49.42,0.00,1220700160,1024,944403968
210.8632,1186611200,4396.6300,1576.67,0,176500736,1,49.57,0.00,1220696064,1024,944403968
210.9684,1186611200,4398.2900,1576.98,0,176500736,1,51.06,0.00,1220188160,1024,944403968
211.0736,1186611200,4400.0200,1645.13,0,176500736,1,49.03,0.00,1220188160,1024,944403968
211.1788,1186611200,4401.6800,1578.50,0,176500736,1,50.52,0.00,1220188160,1024,947949056
211.2834,1186611200,4403.3500,1595.57,0,176500736,1,49.26,0.00,1220188160,1024,947949056
211.3889,1186611200,4405.0800,1639.77,0,176500736,1,51.54,0.00,1220188160,1024,947949056
211.4939,1186611200,4406.7400,1580.79,0,176500736,1,48.80,0.00,1219926016,1024,947949056
211.5989,1186611200,4408.4000,1581.59,0,176500736,1,50.32,0.00,1219934208,1024,947949056
211.7042,1186611200,4410.0700,1586.26,0,176500736,1,51.65,0.00,1219934208,1024,947990016
211.8093,1186611200,4411.8000,1646.20,0,176500736,1,49.36,0.00,1219934208,1024,947990016
211.9146,1186611200,4413.4600,1576.67,0,176500736,1,48.68,0.00,1219934208,1024,947990016
212.0199,1186611200,4415.1200,1575.72,0,176500736,1,51.61,0.00,1219938304,1024,947990016
212.1250,1186611200,4416.8500,1646.59,0,176500736,1,50.27,0.00,1219938304,1024,947990016
212.2299,1186611200,4418.5200,1591.84,0,176500736,1,49.15,0.00,1219934208,1024,947990016
212.3348,1186611200,4420.1800,1582.17,0,176500736,1,48.85,0.00,1219934208,1024,947990016
212.4398,1186611200,4421.8400,1580.48,0,176500736,1,51.77,0.00,1219934208,1024,947990016
212.5451,1186611200,4423.5700,1642.83,0,176500736,1,50.45,0.00,1219934208,1024,947990016
212.6504,1186611200,4425.2400,1586.61,0,176500736,1,49.58,0.00,1219934208,1024,948051456
212.7558,1186611200,4426.9000,1574.69,0,176500736,1,51.28,0.00,1220196352,1024,948051456
212.8615,1186611200,4428.6300,1636.27,0,176500736,1,48.47,0.00,1219934208,1024,948051456
212.9667,1193295872,4429.6200,941.30,0,176500736,1,29.42,0.00,1225971712,1024,948051456
213.0726,1193295872,4431.2800,1568.21,0,176500736,1,51.07,0.00,1225971712,1024,948051456
213.1778,1193295872,4433.0100,1644.46,0,176500736,1,49.90,0.00,1225971712,1024,948051456
213.2824,1193295872,4434.6800,1596.32,0,176500736,1,49.59,0.00,1225971712,1024,948051456
213.3872,1193295872,4436.3400,1584.38,0,176500736,1,49.51,0.00,1225971712,1024,948051456
213.4926,1193295872,4438.0000,1574.91,0,176500736,1,51.29,0.00,1225971712,1024,948051456
213.5979,1193295872,4439.7300,1642.13,0,176500736,1,49.54,0.00,1225971712,1024,948051456
213.7027,1193295872,4441.4000,1593.52,0,176500736,1,49.50,0.00,1225725952,1024,948293120
213.8082,1193295872,4443.0600,1573.13,0,176500736,1,51.23,0.00,1225476096,1024,948293120
213.9133,1193295872,4444.7900,1646.06,0,176500736,1,49.36,0.00,1225472000,1024,948293120
214.0184,1193295872,4446.4500,1580.58,0,176500736,1,49.39,0.00,1225472000,1024,948293120
214.1235,1193295872,4448.1100,1578.35,0,176500736,1,49.92,0.00,1225472000,1024,948293120
214.2286,1193295872,4449.7800,1589.41,0,176500736,1,51.16,0.00,1225472000,1024,948293120
214.3333,1193295872,4451.5100,1652.16,0,176500736,1,49.54,0.00,1225472000,1024,948293120
214.4382,1193295872,4453.1700,1583.04,0,176500736,1,49.47,0.00,1225472000,1024,948293120
214.5435,1193295872,4454.8300,1576.03,0,176500736,1,49.55,0.00,1225472000,1024,948293120
214.6488,1193295872,4456.4900,1575.96,0,176500736,1,51.33,0.00,1225472000,1024,948293120
214.7543,1193295872,4458.2200,1640.87,0,176500736,1,49.50,0.00,1225472000,1024,948293120
214.8596,1193295872,4459.8900,1586.06,0,176500736,1,48.97,0.00,1225467904,1024,948293120
214.9648,1193295872,4461.5500,1577.50,0,176500736,1,51.38,0.00,1225472000,1024,948293120
215.0699,1193295872,4463.2800,1645.67,0,176500736,1,49.94,0.00,1225472000,1024,948493824
215.1747,1193295872,4464.9500,1593.20,0,176500736,1,49.19,0.00,1225472000,1024,948493824
215.2799,1193295872,4466.6100,1579.02,0,176500736,1,51.72,0.00,1225472000,1024,948493824
215.3847,1193295872,4468.2800,1593.07,0,176500736,1,48.89,0.00,1225472000,1024,948493824
215.4896,1193295872,4470.0000,1639.67,0,176500736,1,50.35,0.00,1225472000,1024,948493824
215.5946,1193295872,4471.6700,1589.64,0,176500736,1,49.08,0.00,1225467904,1024,948493824
215.7001,1193295872,4473.3300,1574.78,0,176500736,1,51.58,0.00,1225467904,1024,948493824
215.8060,1193295872,4475.0600,1633.55,0,176500736,1,48.39,0.00,1225467904,1024,948493824
215.9113,1193295872,4476.7200,1575.72,0,176500736,1,50.13,0.00,1225467904,1024,948493824
216.0168,1193295872,4478.3900,1582.49,0,176500736,1,50.64,0.00,1225467904,1024,948493824
216.1217,1193295872,4480.1200,1649.78,0,176500736,1,50.36,0.00,1225476096,1024,948493824
216.2263,1193295872,4481.7800,1586.89,0,176500736,1,48.99,0.00,1225476096,1024,948493824
216.3311,1193295872,4483.4500,1593.30,0,176500736,1,50.39,0.00,1225472000,1024,952193024
216.4358,1193295872,4485.1100,1586.14,0,176500736,1,51.06,0.00,1225472000,1024,952193024
216.5411,1193295872,4486.8400,1643.03,0,176500736,1,50.16,0.00,1225472000,1024,952193024
216.6458,1193295872,4488.5000,1585.38,0,176500736,1,48.95,0.00,1225472000,1024,952193024
216.7509,1193295872,4490.1600,1579.12,0,176500736,1,50.24,0.00,1225472000,1024,952193024
216.8560,1193295872,4491.8300,1588.67,0,176500736,1,50.84,0.00,1225209856,1024,952193024
216.9609,1193295872,4493.4900,1582.95,0,176500736,1,50.36,0.00,1225209856,1024,952193024
217.0657,1193295872,4495.2200,1650.24,0,176500736,1,49.19,0.00,1225209856,1024,952193024
217.1705,1193295872,4496.8800,1584.95,0,176500736,1,50.42,0.00,1225472000,1024,952193024
217.2759,1193295872,4498.5500,1583.73,0,176500736,1,50.68,0.00,1225472000,1024,952193024
217.3807,1193295872,4500.2100,1583.90,0,176500736,1,50.09,0.00,1225472000,1024,952193024
217.4862,1193295872,4501.9400,1640.05,0,176500736,1,48.59,0.00,1225472000,1024,952193024
217.5914,1193295872,4503.6000,1578.11,0,176500736,1,50.21,0.00,1225472000,1024,952193024
217.6963,1193295872,4505.2700,1590.96,0,176500736,1,50.61,0.00,1225472000,1024,952193024
217.8021,1193295872,4507.0000,1636.04,0,176500736,1,49.65,0.00,1225472000,1024,952283136
217.9067,1193295872,4508.6600,1587.45,0,176500736,1,49.31,0.00,1225472000,1024,952283136
218.0117,1193295872,4510.3200,1580.09,0,176500736,1,51.76,0.00,1225472000,1024,952283136
218.1169,1193295872,4511.9900,1588.28,0,176500736,1,49.34,0.00,1225472000,1024,952283136
218.2217,1193295872,4513.7200,1649.49,0,176500736,1,50.06,0.00,1225472000,1024,952283136
218.3269,1193295872,4515.3800,1578.80,0,176500736,1,49.04,0.00,1225472000,1024,952283136
218.4318,1193295872,4517.0400,1581.86,0,176500736,1,51.52,0.00,1225472000,1024,952283136
218.5374,1193295872,4518.7700,1638.82,0,176500736,1,49.14,0.00,1225472000,1024,952283136
218.6422,1193295872,4520.4300,1583.51,0,176500736,1,50.38,0.00,1225476096,1024,952590336
218.7473,1193295872,4522.1000,1589.81,0,176500736,1,49.09,0.00,1225738240,1024,952590336
218.8529,1193295872,4523.8300,1637.24,0,176500736,1,51.16,0.00,1225734144,1024,952672256
218.9578,1193295872,4525.4900,1582.80,0,176500736,1,49.46,0.00,1225734144,1024,952672256
219.0633,1193295872,4527.1500,1572.90,0,176500736,1,49.75,0.00,1225472000,1024,952672256
219.1687,1193295872,4528.8200,1584.99,0,176500736,1,51.01,0.00,1225472000,1024,952672256
219.2743,1193295872,4530.5500,1639.01,0,176500736,1,49.15,0.00,1225472000,1024,952672256
219.3795,1193295872,4532.2100,1577.02,0,176500736,1,49.28,0.00,1225472000,1024,952672256
219.4850,1193295872,4533.9400,1639.99,0,176500736,1,51.55,0.00,1225467904,1024,952672256
219.5903,1194082304,4535.3200,1310.19,0,176508928,1,40.05,0.00,1226774528,1024,952672256
219.6953,1194082304,4535.6000,266.69,0,176508928,1,8.04,0.00,1227040768,1024,952672256
219.8004,1229926400,4535.7900,180.83,0,184905728,1,5.06,0.00,1263771648,1024,952672256
219.9095,1230798848,4536.4800,632.72,0,184905728,1,25.22,0.00,1266027520,1024,952672256
220.0186,1229955072,4539.6200,2875.89,0,184905728,1,87.01,0.00,1264212992,1024,952672256
220.1233,1229955072,4542.5900,2836.53,0,184905728,1,89.54,0.00,1264200704,1024,952672256
220.2282,1229955072,4545.5000,2775.09,0,184905728,1,89.11,0.00,1264200704,1024,952672256
220.3374,1229955072,4548.6200,2855.97,0,184905728,1,86.10,0.00,1264200704,1024,952672256
220.4422,1229955072,4551.5000,2749.35,0,184905728,1,86.51,0.00,1264200704,1024,952672256
220.5477,1229955072,4554.4900,2833.08,0,184905728,1,90.90,0.00,1264200704,1024,952672256
220.6528,1229955072,4557.5100,2874.10,0,184905728,1,97.85,0.00,1264163840,1024,952741888
220.7653,1229955072,4560.8700,2987.08,0,184905728,1,86.40,0.00,1264053248,1024,952741888
220.8736,1229955072,4564.0000,2889.32,0,184905728,1,86.54,0.00,1264053248,1024,952741888
220.9791,1229955072,4567.0200,2864.03,0,184905728,1,89.50,0.00,1264053248,1024,952741888
221.0841,1229955072,4570.0600,2895.46,0,184905728,1,94.05,0.00,1263840256,1024,952741888
221.1888,1229955072,4573.1400,2940.14,0,184905728,1,92.77,0.30,1264065536,1024,952741888
221.2940,1229955072,4576.3800,3079.54,0,184905728,1,91.48,0.00,1264065536,1024,952741888
221.3986,1229955072,4579.5000,2983.47,0,184905728,1,94.73,0.00,1264065536,1024,956230144
221.5054,1229955072,4582.8400,3126.19,0,184905728,1,103.84,0.00,1264065536,1024,956230144
221.6173,1229955072,4586.3100,3103.48,0,184905728,1,95.31,0.00,1264063488,1024,956230144
221.7256,1229955072,4589.6600,3090.93,0,184905728,1,91.98,0.00,1264317440,1024,956230144
221.8312,1229955072,4592.8800,3049.28,0,184905728,1,95.88,0.00,1264321536,1024,956230144
221.9358,1229955072,4596.1100,3088.32,0,184905728,1,100.10,0.00,1264108544,1024,956230144
222.0407,1229955072,4599.3300,3069.27,0,184905728,1,96.51,0.00,1264108544,1024,956230144
222.1458,1229955072,4602.6800,3187.55,0,184905728,1,94.85,0.00,1264112640,1024,956230144
222.2505,1229955072,4605.9000,3077.08,0,184905728,1,96.76,0.00,1264112640,1024,956230144
222.3551,1229955072,4609.1200,3078.57,0,184905728,1,95.61,0.00,1264112640,1024,956230144
222.4603,1229955072,4612.3500,3069.92,0,184905728,1,100.39,0.00,1263850496,1024,956230144
222.5656,1229955072,4615.7000,3179.63,0,184905728,1,94.91,0.00,1263850496,1024,956230144
222.6705,1229955072,4618.9200,3072.38,0,184905728,1,96.31,0.00,1263850496,1024,956230144
222.7758,1229955072,4622.1500,3066.87,0,184905728,1,99.40,0.00,1263846400,1024,956230144
222.8844,1229955072,4625.4900,3075.49,0,184905728,1,96.11,0.00,1263846400,1024,956230144
222.9892,1229955072,4628.8300,3186.65,0,184905728,1,96.90,0.00,1263846400,1024,956459520
223.0942,1229955072,4632.0600,3076.47,0,184905728,1,94.65,0.00,1263731712,1024,956512768
223.1999,1229955072,4635.2800,3045.97,0,184905728,1,100.21,0.00,1263731712,1024,956512768
223.3049,1229955072,4638.5100,3076.60,0,184905728,1,99.72,0.00,1263731712,1024,956512768
223.4136,1229955072,4641.9800,3190.39,0,184905728,1,91.37,0.00,1263727616,1024,956512768
223.5193,1229955072,4645.2000,3047.76,0,184905728,1,96.72,0.00,1263727616,1024,956512768
223.6240,1229955072,4648.4200,3074.34,0,184905728,1,99.35,0.00,1263727616,1024,956512768
223.7292,1229955072,4651.7500,3166.64,0,184905728,1,95.39,0.00,1263723520,1024,956697088
223.8349,1229955072,4654.9800,3056.43,0,184905728,1,94.33,0.00,1263723520,1024,956697088
223.9397,1229955072,4658.2000,3070.70,0,184905728,1,98.94,0.00,1263721472,1024,960416256
224.0447,1229955072,4661.4200,3068.07,0,184905728,1,101.53,0.00,1263717376,1024,960416256
224.1542,1229955072,4664.8900,3167.33,0,184905728,1,90.99,0.00,1263717376,1024,960416256
224.2589,1229955072,4668.1200,3085.02,0,184905728,1,97.60,0.00,1263717376,1024,960416256
224.3638,1229955072,4671.3400,3069.40,0,184905728,1,99.49,0.00,1263717376,1024,960416256
224.4693,1229955072,4674.6300,3119.20,0,184905728,1,93.92,0.00,1263729664,1024,960481792
224.5740,1229955072,4677.7500,2979.44,0,184905728,1,91.62,0.00,1263729664,1024,960481792
224.6816,1229955072,4681.0100,3031.32,0,184905728,1,96.18,0.00,1263729664,1024,960481792
224.7868,1229955072,4684.2400,3071.05,0,184905728,1,95.67,0.00,1263991808,1024,965249536
224.8923,1229955072,4687.4600,3050.27,0,184905728,1,97.99,0.00,1263987712,1024,965249536
225.0014,1229955072,4690.9300,3179.72,0,184905728,1,97.36,0.00,1263987712,1024,965306880
225.1070,1229955072,4694.1600,3058.91,0,184905728,1,95.00,0.00,1263987712,1024,965306880
225.2123,1229955072,4697.2800,2963.64,0,184905728,1,95.29,0.00,1263975424,1024,965306880
225.3256,1229955072,4700.7500,3063.38,0,184905728,1,93.52,0.00,1263975424,1024,965306880
225.4307,1229955072,4703.8700,2968.86,0,184905728,1,93.07,0.00,1263713280,1024,965306880
225.5362,1229955072,4706.9900,2956.43,0,184905728,1,95.65,0.00,1263709184,1024,965306880
225.6416,1229955072,4710.2300,3073.99,0,184905728,1,93.10,0.00,1263709184,1024,965306880
225.7467,1229955072,4713.3500,2969.95,0,184905728,1,91.92,0.00,1263709184,1024,965306880
225.8524,1229955072,4716.4700,2950.58,0,184905728,1,95.16,0.00,1263709184,1024,965306880
225.9575,1229955072,4719.7100,3084.47,0,184905728,1,93.71,0.00,1263709184,1024,965306880
226.0654,1229955072,4722.9500,3000.04,0,184905728,1,93.46,0.00,1263696896,1024,965306880
226.1703,1229955072,4726.0700,2976.32,0,184905728,1,93.61,0.00,1263688704,1024,965306880
226.2830,1229955072,4729.4300,2979.63,0,184905728,1,93.39,0.00,1263688704,1024,965306880
226.3882,1229955072,4732.5500,2967.04,0,184905728,1,95.69,0.00,1263688704,1024,965306880
226.4974,1229955072,4735.9000,3066.35,0,184905728,1,92.68,0.00,1263434752,1024,975061504
226.6032,1229955072,4739.0200,2950.17,0,184905728,1,92.49,0.00,1263696896,1024,977226240
226.7090,1229955072,4742.1500,2959.04,0,184905728,1,95.72,0.00,1263696896,1024,977226240
226.8146,1229955072,4745.3800,3058.87,0,184905728,1,91.45,0.00,1263700992,1024,977226240
226.9198,1229955072,4748.5000,2966.12,0,184905728,1,97.15,0.00,1263700992,1024,977226240
227.0253,1229955072,4751.7500,3079.12,0,184905728,1,92.67,0.00,1263700992,1024,977226240
227.1304,1229955072,4754.9800,3072.49,0,184905728,1,96.02,0.00,1263700992,1024,977226240
227.2353,1229955072,4758.2000,3070.82,0,184905728,1,95.07,0.00,1263700992,1024,977226240
227.3416,1229955072,4761.5500,3152.13,0,184905728,1,99.39,0.00,1263696896,1024,977226240
227.4470,1229955072,4764.7700,3055.06,0,184905728,1,95.47,0.00,1263696896,1024,977226240
227.5525,1229955072,4768.0000,3062.15,0,184905728,1,103.40,0.00,1263700992,1024,977226240
227.6654,1229955072,4771.5400,3133.00,0,184905728,1,90.72,0.00,1263700992,1024,977226240
227.7707,1229955072,4774.6600,2964.89,0,184905728,1,92.95,0.00,1263700992,1024,977226240
227.8850,1229955072,4778.0200,2940.23,0,184905728,1,94.89,0.00,1263700992,1024,977267200
227.9904,1229955072,4781.2600,3072.18,0,184905728,1,92.75,0.00,1263438848,1024,977267200
228.0955,1229955072,4784.3800,2969.71,0,184905728,1,91.61,0.00,1263549440,1024,977267200
228.2006,1229955072,4787.5000,2968.98,0,184905728,1,100.51,0.00,1263549440,1024,977267200
228.3094,1229955072,4790.8600,3087.38,0,184905728,1,90.16,0.00,1263553536,1024,977291776
228.4142,1229955072,4793.9800,2977.12,0,184905728,1,91.84,0.00,1263508480,1024,977291776
228.5198,1229955072,4797.1000,2955.77,0,184905728,1,93.55,0.00,1263508480,1024,977414656
228.6251,1229955072,4800.3400,3076.57,0,184905728,1,95.55,0.00,1263508480,1024,977414656
228.7334,1229955072,4803.5800,2989.32,0,184905728,1,92.84,0.00,1263508480,1024,977414656
228.8392,1229955072,4806.7800,3026.00,0,184905728,1,96.04,0.00,1263504384,1024,977459712
228.9443,1229955072,4810.0100,3074.48,0,184905728,1,98.75,0.00,1263504384,1024,977459712
229.0493,1229955072,4813.3200,3150.08,0,184905728,1,96.06,0.00,1263504384,1024,977521152
229.1546,1229955072,4816.4400,2962.68,0,184905728,1,91.10,0.00,1263504384,1024,977521152
229.2634,1229955072,4819.7800,3070.44,0,184905728,1,97.39,0.00,1263504384,1024,977521152
229.3684,1229955072,4823.0000,3067.68,0,184905728,1,99.74,0.00,1263504384,1024,977521152
229.4740,1229955072,4826.3500,3171.81,0,184905728,1,93.79,0.00,1263242240,1024,977521152
229.5795,1229955072,4829.5700,3051.07,0,184905728,1,100.68,0.00,1263221760,1024,977521152
229.6861,1229955072,4832.9200,3144.44,0,184905728,1,93.28,0.00,1263221760,1024,977521152
229.7915,1229955072,4836.2300,3139.11,0,184905728,1,100.76,0.00,1263221760,1024,977521152
229.9006,1229955072,4839.6900,3170.91,0,184905728,1,101.38,0.00,1263217664,1024,977521152
230.0060,1229955072,4843.1400,3274.26,0,184905728,1,97.28,0.00,1263217664,1024,977521152
230.1112,1229955072,4846.4700,3166.21,0,184905728,1,100.43,0.00,1263217664,1024,977521152
230.2166,1229955072,4849.8000,3159.02,0,184905728,1,106.13,0.00,1263217664,1024,977598976
230.3254,1229955072,4853.3800,3291.71,0,184905728,1,93.96,0.00,1263213568,1024,977598976
230.4303,1229955072,4856.7000,3164.46,0,184905728,1,100.97,0.00,1263213568,1024,977598976
230.5359,1229955072,4860.0300,3153.03,0,184905728,1,101.49,0.00,1263213568,1024,977598976
230.6455,1229955072,4863.6100,3264.50,0,184905728,1,97.46,0.00,1263213568,1024,977598976
230.7505,1229955072,4866.9400,3172.82,0,184905728,1,100.94,0.00,1263475712,1024,977598976
230.8560,1229955072,4870.2700,3155.26,0,184905728,1,101.56,0.00,1263213568,1024,977598976
230.9619,1229955072,4873.7300,3267.63,0,184905728,1,98.57,0.00,1263213568,1024,977598976
231.0696,1229955072,4877.1800,3204.54,0,184905728,1,100.43,0.00,1263209472,1024,977598976
231.1744,1229955072,4880.5100,3175.91,0,184905728,1,98.06,0.00,1263209472,1024,977598976
231.2793,1229955072,4883.8300,3166.03,0,184905728,1,104.30,0.00,1263209472,1024,977598976
231.3860,1229955072,4887.2900,3243.73,0,184905728,1,96.09,0.00,1263209472,1024,977598976
231.4913,1229955072,4890.6200,3162.81,0,184905728,1,100.02,0.00,1263209472,1024,977598976
231.6005,1229955072,4894.0700,3156.93,0,184905728,1,102.37,0.00,1263471616,1024,977598976
231.7066,1229955072,4897.5200,3252.17,0,184905728,1,96.92,0.00,1263471616,1024,979889664
231.8120,1229955072,4900.8500,3161.42,0,184905728,1,102.35,0.00,1263467520,1024,979889664
231.9177,1229955072,4904.3000,3262.36,0,184905728,1,99.58,0.00,1263467520,1024,979889664
232.0232,1229955072,4907.6300,3156.69,0,184905728,1,98.94,0.00,1263467520,1024,979889664
232.1287,1229955072,4910.9600,3155.88,0,184905728,1,104.84,0.00,1263467520,1024,979889664
232.2378,1229955072,4914.5400,3282.00,0,184905728,1,96.26,0.00,1263467520,1024,979889664
232.3428,1229955072,4917.8700,3171.14,0,184905728,1,99.10,0.00,1263467520,1024,979889664
232.4482,1229955072,4921.2000,3158.33,0,184905728,1,102.55,0.00,1263467520,1024,979889664
232.5531,1229955072,4924.6400,3280.84,0,184905728,1,98.35,0.00,1263463424,1024,979889664
232.6616,1229955072,4928.1000,3189.01,0,184905728,1,100.23,0.00,1263463424,1024,979889664
232.7669,1229955072,4931.4300,3162.67,0,184905728,1,98.24,0.00,1263463424,1024,979889664
232.8725,1229955072,4934.7600,3152.63,0,184905728,1,102.37,0.00,1263463424,1024,979889664
232.9816,1229955072,4938.3400,3281.95,0,184905728,1,99.70,0.00,1263463424,1024,979938816
233.0870,1229955072,4941.6700,3160.19,0,184905728,1,97.87,0.00,1263725568,1024,979938816
233.1922,1229955072,4945.0000,3164.02,0,184905728,1,102.74,0.00,1263725568,1024,980139520
233.2973,1229955072,4948.4500,3281.60,0,184905728,1,99.58,0.00,1263721472,1024,980139520
233.4056,1229955072,4951.9100,3196.32,0,184905728,1,99.02,0.00,1263721472,1024,980200960
233.5105,1229955072,4955.2300,3162.87,0,184905728,1,100.03,0.00,1263983616,1024,980200960
233.6161,1229955072,4958.5600,3154.13,0,184905728,1,102.12,0.00,1263983616,1024,980200960
233.7210,1229955072,4962.0100,3289.13,0,184905728,1,102.19,0.00,1263983616,1024,980360704
233.8302,1229955072,4965.4700,3169.35,0,184905728,1,95.89,0.00,1264245760,1024,980389376
233.9355,1229955072,4968.8000,3161.63,0,184905728,1,98.21,0.00,1263987712,1024,980389376
234.0412,1229955072,4972.2500,3265.37,0,184905728,1,102.63,0.00,1263725568,1024,980389376
234.1495,1229955072,4975.7000,3183.43,0,184905728,1,99.77,0.00,1263725568,1024,980389376
234.2548,1229955072,4979.0300,3164.13,0,184905728,1,97.99,0.00,1263725568,1024,980389376
234.3602,1229955072,4982.3600,3160.25,0,184905728,1,102.91,0.00,1263725568,1024,980389376
234.4656,1229955072,4985.8100,3271.35,0,184905728,1,98.38,0.00,1263987712,1024,980389376
234.5734,1229955072,4989.2600,3199.35,0,184905728,1,99.98,0.00,1263987712,1024,980389376
234.6788,1229955072,4992.5900,3160.39,0,184905728,1,99.65,0.00,1263987712,1024,980389376
234.7837,1229955072,4995.9200,3174.97,0,184905728,1,98.62,0.00,1264245760,1024,980389376
234.8894,1229955072,4999.3700,3263.35,0,184905728,1,105.82,0.00,1263983616,1024,980389376
234.9977,1229955072,5002.8300,3194.69,0,184905728,1,96.66,0.00,1263983616,1024,980389376
235.1033,1229955072,5006.1600,3154.07,0,184905728,1,98.27,0.00,1263983616,1024,980389376
235.2085,1229955072,5009.4900,3166.68,0,184905728,1,103.12,0.00,1263983616,1024,980389376
235.3138,1229955072,5012.9400,3275.14,0,184905728,1,97.90,0.00,1263983616,1024,980418048
235.4190,1229955072,5016.2700,3164.04,0,184905728,1,99.47,0.00,1263983616,1024,980418048
235.5254,1229955072,5019.7200,3242.29,0,184905728,1,100.73,0.00,1263979520,1024,980418048
235.6308,1229955072,5023.0500,3160.71,0,184905728,1,99.66,0.00,1263979520,1024,980418048
235.7355,1229955072,5026.3800,3180.55,0,184905728,1,98.50,0.00,1263979520,1024,980418048
235.8444,1229955072,5029.8300,3168.76,0,184905728,1,102.76,0.00,1263979520,1024,980418048
235.9500,1229955072,5033.2900,3276.39,0,184905728,1,99.13,0.00,1263979520,1024,980418048
236.0552,1229955072,5036.6100,3154.71,0,184905728,1,98.29,0.00,1263979520,1024,980418048
236.1603,1229955072,5039.9400,3169.49,0,184905728,1,102.91,0.00,1263975424,1024,980418048
236.2652,1229955072,5043.3900,3288.91,0,184905728,1,98.91,0.00,1264237568,1024,980446720
236.3719,1229955072,5046.7300,3130.72,0,184905728,1,98.42,0.00,1264237568,1024,980446720
236.4766,1229955072,5050.0500,3170.46,0,184905728,1,103.25,0.00,1264237568,1024,980446720
236.5819,1229955072,5053.5000,3275.96,0,184905728,1,98.22,0.00,1264237568,1024,980446720
236.6894,1229955072,5056.9600,3217.15,0,184905728,1,100.83,0.00,1264237568,1024,980446720
236.7948,1229955072,5060.2900,3159.83,0,184905728,1,97.86,0.00,1264237568,1024,983418368
236.9000,1229955072,5063.6200,3167.07,0,184905728,1,103.13,0.00,1264233472,1024,983418368
237.0050,1229955072,5066.9400,3160.82,0,184905728,1,98.48,0.00,1264233472,1024,983418368
237.1101,1229955072,5070.4000,3293.54,0,184905728,1,102.92,0.00,1264499712,1024,983418368
237.2175,1229955072,5073.8500,3212.80,0,184905728,1,97.49,0.00,1264499712,1024,983418368
237.3222,1229955072,5077.1800,3178.88,0,184905728,1,99.04,0.00,1264499712,1024,983418368
237.4275,1229955072,5080.5100,3163.15,0,184905728,1,98.25,0.00,1264241664,1024,983418368
237.5326,1229955072,5083.8300,3159.13,0,184905728,1,102.89,0.00,1264241664,1024,983418368
237.6403,1229955072,5087.2900,3212.18,0,184905728,1,100.67,0.00,1264237568,1024,983418368
237.7457,1229955072,5090.7400,3272.46,0,184905728,1,98.11,0.00,1264761856,1024,983418368
237.8507,1229955072,5094.0700,3171.70,0,184905728,1,99.71,0.00,1264573440,1024,983459328
237.9616,1229955072,5097.6500,3228.90,0,184905728,1,100.90,0.00,1264315392,1024,983459328
238.0673,1229955072,5100.9800,3151.05,0,184905728,1,97.88,0.00,1264315392,1024,983520768
238.1729,1229955072,5104.3100,3151.81,0,184905728,1,102.34,0.00,1264053248,1024,983520768
238.2781,1229955072,5107.7600,3279.60,0,184905728,1,99.52,0.00,1264053248,1024,983590400
238.3835,1229955072,5111.0900,3159.07,0,184905728,1,98.42,0.00,1264049152,1024,983590400
238.4892,1229955072,5114.5400,3263.65,0,184905728,1,102.28,0.00,1264049152,1024,983590400
238.5974,1229955072,5118.0000,3197.08,0,184905728,1,99.91,0.00,1264049152,1024,983590400
238.7031,1229955072,5121.3300,3153.14,0,184905728,1,97.94,0.00,1264049152,1024,983590400
238.8083,1229955072,5124.6600,3163.43,0,184905728,1,103.01,0.00,1264049152,1024,983590400
238.9140,1229955072,5128.1200,3275.44,0,184905728,1,97.33,0.00,1264049152,1024,983590400
239.0214,1229955072,5131.5700,3209.56,0,184905728,1,101.17,0.00,1264049152,1024,983598592
239.1272,1229955072,5134.9000,3150.12,0,184905728,1,97.85,0.00,1264049152,1024,983598592
239.2322,1229955072,5138.2300,3169.93,0,184905728,1,102.63,0.00,1264045056,1024,983598592
239.3416,1229955072,5141.8100,3272.93,0,184905728,1,99.42,0.00,1264045056,1024,983598592
239.4473,1229955072,5145.1400,3151.00,0,184905728,1,97.88,0.00,1264045056,1024,983598592
239.5522,1229955072,5148.4600,3162.98,0,184905728,1,102.71,0.00,1264045056,1024,983598592
239.6578,1229955072,5151.9200,3278.09,0,184905728,1,99.78,0.00,1264045056,1024,983598592
239.7629,1229955072,5155.2500,3167.38,0,184905728,1,98.39,0.00,1264040960,1024,983598592
239.8685,1229955072,5158.5700,3144.40,0,184905728,1,105.66,0.00,1264040960,1024,983598592
239.9784,1229955072,5162.1500,3258.01,0,184905728,1,95.56,0.00,1264040960,1024,983598592
240.0841,1229955072,5165.4800,3150.83,0,184905728,1,101.12,0.00,1264040960,1024,983598592
240.1892,1229955072,5168.9300,3281.92,0,184905728,1,99.88,0.00,1264040960,1024,983598592
240.2944,1229955072,5172.2600,3164.75,0,184905728,1,98.01,0.00,1264040960,1024,983598592
240.4001,1229955072,5175.5900,3151.02,0,184905728,1,102.61,0.00,1263782912,1024,983598592
240.5096,1229955072,5179.1700,3270.21,0,184905728,1,99.05,0.00,1263778816,1024,983598592
240.6152,1229955072,5182.5000,3151.39,0,184905728,1,97.59,0.00,1263778816,1024,983598592
240.7205,1229955072,5185.8300,3163.96,0,184905728,1,103.03,0.00,1263778816,1024,983598592
240.8261,1229955072,5189.2800,3266.08,0,184905728,1,97.92,0.00,1264036864,1024,983598592
240.9313,1229955072,5192.6100,3166.15,0,184905728,1,99.83,0.00,1263774720,1024,983598592
241.0370,1229955072,5195.9400,3150.57,0,184905728,1,102.59,0.00,1263774720,1024,983598592
241.1455,1229955072,5199.5200,3300.59,0,184905728,1,98.25,0.00,1263774720,1024,983598592
241.2500,1229955072,5202.8400,3175.66,0,184905728,1,100.73,0.00,1263770624,1024,983598592
241.3556,1229955072,5206.1700,3153.29,0,184905728,1,97.36,0.00,1263770624,1024,983598592
241.4605,1229955072,5209.5000,3174.89,0,184905728,1,103.68,0.00,1263770624,1024,983598592
241.5655,1229955072,5212.8600,3201.06,0,184905728,1,100.33,0.00,1263770624,1024,983598592
241.6742,1229955072,5216.2100,3081.12,0,184905728,1,91.97,0.00,1263770624,1024,983627264
241.7790,1229955072,5219.4300,3072.08,0,184905728,1,97.20,0.00,1263770624,1024,983627264
241.8843,1229955072,5222.6500,3056.38,0,184905728,1,98.18,0.00,1263770624,1024,986140672
241.9899,1229955072,5226.0000,3173.97,0,184905728,1,96.23,0.00,1263766528,1024,986140672
242.0975,1229955072,5229.3500,3112.18,0,184905728,1,97.55,0.00,1263766528,1024,986140672
242.2023,1229955072,5232.5700,3074.95,0,184905728,1,95.50,0.00,1263766528,1024,986169344
242.3073,1229955072,5235.7900,3065.75,0,184905728,1,95.51,0.00,1263766528,1024,986169344
242.4121,1229955072,5239.0200,3080.84,0,184905728,1,100.15,0.00,1263766528,1024,986169344
242.5198,1229955072,5242.3700,3110.52,0,184905728,1,97.20,0.00,1263766528,1024,986169344
242.6246,1229955072,5245.5900,3073.26,0,184905728,1,96.04,0.00,1263766528,1024,986169344
242.7301,1229955072,5248.9300,3166.28,0,184905728,1,95.98,0.00,1263762432,1024,986169344
242.8348,1229955072,5252.1600,3084.93,0,184905728,1,95.81,0.00,1264024576,1024,986169344
242.9415,1229955072,5255.5000,3128.87,0,184905728,1,98.07,0.00,1264024576,1024,986169344
243.0468,1229955072,5258.7400,3079.17,0,184909824,1,95.93,0.00,1263766528,1024,986169344
243.1524,1229955072,5261.9600,3046.74,0,184909824,1,99.05,0.00,1263766528,1024,986251264
243.2614,1229955072,5265.4300,3183.39,0,184909824,1,96.04,0.00,1263766528,1024,986251264
243.3662,1229955072,5268.6500,3073.79,0,184909824,1,95.76,0.00,1263766528,1024,986251264
243.4711,1229955072,5271.8800,3079.53,0,184909824,1,96.83,0.00,1263762432,1024,986251264
243.5760,1229955072,5275.1000,3067.97,0,184909824,1,100.04,0.00,1263762432,1024,986251264
243.6814,1229955072,5278.4500,3180.61,0,184909824,1,94.94,0.00,1263762432,1024,986406912
243.7897,1231527936,5281.7400,3038.49,0,184909824,1,94.95,0.00,1265335296,1024,986406912
243.8948,1231527936,5284.7500,2861.33,0,184909824,1,89.12,0.00,1265335296,1024,986476544
243.9998,1231527936,5287.7700,2876.52,0,184909824,1,93.46,0.00,1265335296,1024,986476544
244.1046,1231527936,5290.7900,2883.32,0,184909824,1,89.51,0.00,1265335296,1024,986476544
244.2100,1233100800,5293.8400,2894.40,0,184909824,1,87.78,0.00,1266904064,1024,986476544
244.3151,1233100800,5296.7500,2766.45,0,184909824,1,86.15,0.00,1266904064,1024,986476544
244.4200,1233100800,5299.6600,2775.79,0,184909824,1,90.32,0.00,1266904064,1024,986476544
244.5280,1233100800,5302.5900,2712.14,0,184909824,1,84.75,0.00,1266904064,1024,986648576
244.6338,1233100800,5305.5000,2749.93,0,184909824,1,82.39,0.00,1266904064,1024,986648576
244.7393,1233100800,5308.2200,2579.53,0,184909824,1,81.20,0.00,1266904064,1024,986648576
244.8443,1233100800,5310.9300,2580.27,0,184909824,1,82.72,0.00,1266899968,1024,986648576
244.9499,1233100800,5313.6600,2585.28,0,184909824,1,78.13,0.00,1266899968,1024,986648576
245.0558,1233100800,5316.2600,2455.69,0,184909824,1,79.69,0.00,1266899968,1024,986648576
245.1608,1234673664,5318.7500,2371.24,0,184909824,1,73.80,0.00,1268636672,1024,986648576
245.2654,1234673664,5321.2000,2341.90,0,184909824,1,69.30,0.00,1268636672,1024,986648576
245.3703,1234673664,5323.4900,2182.48,0,184909824,1,68.50,0.00,1268636672,1024,986648576
245.4753,1234673664,5325.5700,1981.26,0,184909824,1,62.21,0.00,1268636672,1024,986648576
245.5804,1234673664,5327.6500,1979.86,0,184909824,1,64.25,0.00,1268632576,1024,986648576
245.6853,1234673664,5329.8100,2059.06,0,184909824,1,61.66,0.00,1268632576,1024,986648576
245.7906,1234673664,5331.8900,1975.44,0,184909824,1,62.33,0.00,1268632576,1024,986648576
245.8955,1234673664,5333.9700,1982.30,0,184909824,1,61.95,0.00,1268632576,1024,986648576
246.0005,1234673664,5336.0500,1980.20,0,184909824,1,64.26,0.00,1268632576,1024,986648576
246.1053,1234673664,5338.2100,2060.94,0,184909824,1,61.72,0.00,1268632576,1024,986648576
246.2104,1234673664,5340.2900,1979.31,0,184909824,1,62.45,0.00,1268632576,1024,986648576
246.3152,1234673664,5342.3700,1985.57,0,184909824,1,61.75,0.00,1268628480,1024,986648576
246.4202,1234673664,5344.4500,1980.65,0,184909824,1,64.57,0.00,1268628480,1024,986648576
246.5252,1234673664,5346.6100,2058.04,0,184909824,1,61.34,0.00,1268628480,1024,986648576
246.6301,1234673664,5348.6900,1982.34,0,184909824,1,62.54,0.00,1268628480,1024,986648576
246.7351,1234673664,5350.7700,1980.35,0,184909824,1,61.89,0.00,1268628480,1024,986648576
246.8401,1234673664,5352.8500,1980.62,0,184909824,1,64.57,0.00,1268628480,1024,986648576
246.9449,1234673664,5354.9300,1985.59,0,184909824,1,61.15,0.00,1268628480,1024,986648576
247.0498,1234673664,5357.0900,2058.32,0,184909824,1,62.54,0.30,1268624384,1024,989120000
247.1546,1234673664,5359.1700,1984.88,0,184909824,1,62.03,0.00,1268624384,1024,989120000
247.2595,1234673664,5361.2500,1983.00,0,184909824,1,61.97,0.00,1268886528,1024,989132288
247.3645,1234673664,5363.3300,1981.73,0,184909824,1,64.01,0.00,1268886528,1024,989132288
247.4694,1234673664,5365.4900,2058.84,0,184909824,1,62.55,0.00,1268886528,1024,989132288
247.5745,1234673664,5367.5700,1978.44,0,184909824,1,62.12,0.00,1268886528,1024,989132288
247.6794,1234673664,5369.6500,1982.39,0,184909824,1,61.35,0.00,1268886528,1024,989132288
247.7846,1234673664,5371.7300,1978.01,0,184909824,1,64.19,0.00,1268886528,1024,989132288
247.8894,1234673664,5373.8900,2060.99,0,184909824,1,62.02,0.00,1268886528,1024,989177344
247.9944,1234673664,5375.9700,1981.36,0,184909824,1,62.22,0.00,1268886528,1024,989177344
248.0992,1234673664,5378.0500,1984.10,0,184909824,1,61.71,0.00,1268886528,1024,989177344
248.2042,1234673664,5380.1300,1980.44,0,184909824,1,63.97,0.00,1268882432,1024,989177344
248.3090,1234673664,5382.2900,2062.28,0,184909824,1,62.66,0.00,1268804608,1024,989177344
248.4140,1234673664,5384.3700,1980.17,0,184909824,1,61.88,0.00,1268808704,1024,989177344
248.5189,1234673664,5386.4500,1982.50,0,184909824,1,61.66,0.00,1268804608,1024,989177344
248.6239,1234673664,5388.5300,1982.08,0,184909824,1,64.32,0.00,1268804608,1024,989177344
248.7291,1234673664,5390.6900,2052.40,0,184909824,1,62.06,0.00,1268804608,1024,989177344
248.8341,1234673664,5392.7700,1981.57,0,184909824,1,61.92,0.00,1268804608,1024,989287936
248.9391,1234673664,5394.8500,1981.21,0,184909824,1,61.62,0.00,1268804608,1024,989287936
249.0442,1235853312,5396.8600,1911.50,0,184913920,1,61.81,0.00,1270377472,1024,989316608
249.1492,1235853312,5398.9100,1952.13,0,184913920,1,59.22,0.00,1270373376,1024,989316608
249.2541,1235853312,5400.8900,1887.38,0,184913920,1,58.68,0.00,1270373376,1024,989316608
249.3592,1235853312,5402.8700,1883.89,0,184913920,1,58.57,0.00,1270373376,1024,989316608
249.4645,1235853312,5404.8400,1872.07,0,184913920,1,60.88,0.00,1270373376,1024,989316608
249.5694,1235853312,5406.8900,1953.54,0,184913920,1,59.56,0.00,1270635520,1024,989316608
249.6744,1235853312,5408.7600,1781.31,0,184913920,1,55.67,0.00,1270377472,1024,989316608
249.7795,1235853312,5410.6300,1779.47,0,184913920,1,55.31,0.00,1270381568,1024,989562368
249.8846,1235853312,5412.5100,1789.08,0,184913920,1,57.99,0.00,1270377472,1024,989652480
249.9896,1235853312,5414.3600,1761.86,0,184918016,1,52.97,0.00,1270639616,1024,989652480
250.0945,1235853312,5416.1300,1686.31,0,184918016,1,52.70,0.00,1270385664,1024,989652480
250.1996,1235853312,5417.9000,1684.92,0,184918016,1,52.36,0.00,1270381568,1024,989652480
250.3044,1235853312,5419.6700,1689.19,0,184918016,1,54.87,0.00,1270381568,1024,989652480
250.4093,1235853312,5421.5000,1743.09,0,184918016,1,52.98,0.00,1270381568,1024,989652480
250.5141,1235853312,5423.2600,1679.90,0,184918016,1,52.80,0.00,1270381568,1024,989652480
250.6186,1238605824,5424.9700,1636.83,0,184918016,1,51.45,0.00,1273789440,1024,989652480
250.7234,1240178688,5426.4700,1431.63,0,184918016,1,44.14,0.00,1275358208,1024,989652480
250.8281,1240178688,5427.9300,1393.72,0,184918016,1,45.34,0.00,1275358208,1024,989652480
250.9329,1240178688,5429.3900,1393.92,0,184918016,1,43.56,0.00,1275358208,1024,989652480
251.0374,1241751552,5430.8400,1386.53,0,184918016,1,42.43,0.00,1276931072,1024,989652480
251.1420,1243324416,5432.0700,1176.42,0,184918016,1,35.27,0.00,1278503936,1024,989652480
251.2469,1243324416,5433.2100,1086.53,0,184918016,1,33.66,0.00,1278503936,1024,989652480
251.3517,1244897280,5434.2300,973.67,0,184918016,1,31.62,0.00,1280072704,1024,989652480
251.4565,1244897280,5435.1700,896.80,0,184918016,1,28.62,0.00,1280072704,1024,989652480
251.5615,1244897280,5436.1400,923.40,0,184918016,1,27.37,0.00,1280072704,1024,989652480
251.6665,1244897280,5437.0800,895.82,0,184918016,1,28.29,0.00,1280072704,1024,989652480
251.7715,1244897280,5438.0100,885.40,0,184918016,1,27.97,0.00,1280072704,1024,989652480
251.8768,1248043008,5438.8600,807.45,0,184918016,1,25.53,0.00,1283218432,1024,989652480
251.9823,1248043008,5439.5900,691.86,0,184918016,1,21.62,0.00,1283214336,1024,989652480
252.0875,1248043008,5440.3200,693.73,0,184918016,1,22.27,0.00,1283214336,1024,989652480
252.1926,1248043008,5441.0500,694.89,0,184918016,1,22.01,0.00,1283214336,1024,992368640
252.2976,1248043008,5441.8000,714.11,0,184918016,1,21.42,0.00,1283214336,1024,992368640
252.4029,1248043008,5442.5300,693.47,0,184918016,1,21.67,0.00,1283214336,1024,992368640
252.5080,1249615872,5443.1400,580.38,0,184918016,1,18.43,0.00,1284787200,1024,992368640
252.6133,1252761600,5443.5600,398.82,0,184918016,1,12.17,0.00,1287932928,1024,992368640
252.7187,1252761600,5443.7700,199.17,0,184918016,1,5.93,0.00,1287932928,1024,992368640
252.8236,1252761600,5443.9800,200.28,0,184918016,1,6.56,0.00,1287928832,1024,992368640
252.9283,1252761600,5444.1900,200.51,0,184918016,1,5.97,0.00,1287928832,1024,992393216
253.0336,1252761600,5445.5800,1320.47,0,184918016,1,43.05,0.00,1289767936,1024,992393216
253.1391,1252761600,5447.2500,1582.38,0,184918016,1,49.15,0.00,1288768512,1024,992544768
253.2442,1252761600,5448.9100,1580.09,0,184918016,1,51.16,0.00,1288510464,1024,992544768
253.3491,1252761600,5450.6400,1648.18,0,184918016,1,49.42,0.00,1288252416,1024,992544768
253.4544,1252761600,5452.3000,1577.07,0,184918016,1,50.17,0.00,1288248320,1024,992544768
253.5591,1252761600,5453.9700,1595.02,0,184918016,1,49.55,0.00,1288248320,1024,992544768
253.6640,1252761600,5455.6300,1582.50,0,184918016,1,51.24,0.00,1288244224,1024,992712704
253.7692,1252761600,5457.3600,1644.49,0,184918016,1,49.01,0.00,1287990272,1024,992712704
253.8740,1252761600,5459.0300,1593.42,0,184918016,1,50.39,0.00,1287990272,1024,992774144
253.9790,1252761600,5460.6900,1580.61,0,184918016,1,49.10,0.00,1287990272,1024,992819200
254.0843,1252761600,5462.3600,1585.78,0,184918016,1,51.34,0.00,1287986176,1024,992819200
254.1890,1252761600,5464.0800,1643.02,0,184918016,1,48.96,0.00,1287986176,1024,992839680
254.2943,1252761600,5465.7500,1585.60,0,184918016,1,50.74,0.00,1287986176,1024,992839680
254.3995,1252761600,5467.4200,1587.56,0,184918016,1,48.42,0.00,1287982080,1024,992839680
254.5050,1252761600,5469.1400,1631.32,0,184918016,1,52.16,0.00,1287982080,1024,992839680
254.6097,1252761600,5470.8100,1594.50,0,184918016,1,48.34,0.00,1287982080,1024,992839680
254.7148,1252761600,5472.4700,1578.83,0,184918016,1,50.82,0.00,1287982080,1024,992839680
254.8200,1252761600,5474.1400,1587.37,0,184918016,1,51.09,0.00,1287982080,1024,992839680
254.9247,1252761600,5475.8000,1586.22,0,184918016,1,49.87,0.00,1287982080,1024,992995328
255.0301,1252761600,5477.5300,1641.85,0,184918016,1,48.05,0.00,1287982080,1024,992995328
255.1354,1252761600,5479.1900,1576.38,0,184918016,1,50.75,0.00,1287982080,1024,992995328
255.2402,1252761600,5480.8500,1582.69,0,184918016,1,51.25,0.00,1287977984,1024,992995328
255.3455,1252761600,5482.5800,1644.25,0,184918016,1,49.90,0.00,1287977984,1024,992995328
255.4505,1252761600,5484.2500,1589.87,0,184918016,1,48.20,0.00,1287977984,1024,992995328
255.5560,1252761600,5485.9100,1572.87,0,184918016,1,51.82,0.00,1287977984,1024,992995328
255.6609,1252761600,5487.6400,1649.11,0,184918016,1,50.05,0.00,1287977984,1024,992995328
255.7661,1252761600,5489.3000,1578.05,0,184918016,1,49.61,0.00,1287715840,1024,992995328
255.8720,1252761600,5490.9700,1577.69,0,184918016,1,51.07,0.00,1287715840,1024,992995328
255.9767,1252761600,5492.6300,1586.06,0,184918016,1,48.97,0.00,1287715840,1024,992995328
256.0822,1252761600,5494.3600,1639.00,0,184918016,1,49.74,0.00,1287711744,1024,992995328
256.1877,1252761600,5496.0200,1573.68,0,184918016,1,50.07,0.00,1287711744,1024,992995328
256.2931,1252761600,5497.7500,1640.63,0,184918016,1,50.97,0.00,1287711744,1024,992995328
256.3987,1252761600,5499.4100,1571.92,0,184918016,1,48.23,0.00,1287711744,1024,992995328
256.5035,1252761600,5501.0800,1594.16,0,184918016,1,50.12,0.00,1287711744,1024,992995328
256.6091,1252761600,5502.8000,1628.61,0,184918016,1,50.30,0.00,1287711744,1024,992995328
256.7149,1252761600,5504.4700,1578.65,0,184918016,1,50.81,0.00,1287465984,1024,992995328
256.8205,1252761600,5506.1300,1572.36,0,184918016,1,50.62,0.00,1287465984,1024,992995328
256.9264,1252761600,5507.8600,1633.62,0,184918016,1,49.28,0.00,1287465984,1024,992995328
257.0324,1252761600,5509.5200,1566.05,0,184918016,1,51.30,0.00,1287465984,1024,992995328
257.1379,1252761600,5511.2500,1639.92,0,184918016,1,48.29,0.00,1287461888,1024,992995328
257.2433,1252761600,5512.9200,1583.81,0,184918016,1,49.79,0.00,1287461888,1024,996713472
257.3487,1252761600,5514.5800,1575.50,0,184918016,1,50.12,0.00,1287461888,1024,996713472
257.4543,1252761600,5516.3100,1638.26,0,184918016,1,50.90,0.00,1287461888,1024,996713472
257.5593,1245716480,5516.9000,561.96,0,184922112,1,17.86,0.00,1280203776,1024,996713472
257.6642,1245716480,5517.8600,914.70,0,184922112,1,31.26,0.00,1280633856,1024,996713472
257.7703,1245716480,5519.5900,1630.49,0,184922112,1,48.01,0.00,1280375808,1024,996713472
257.8756,1245716480,5521.2500,1576.94,0,184922112,1,49.28,0.00,1280121856,1024,996758528
257.9812,1245716480,5522.9700,1628.81,0,184922112,1,51.20,0.00,1279851520,1024,996758528
258.0871,1245716480,5524.6400,1577.05,0,184922112,1,50.17,0.00,1279331328,1024,996758528
258.1925,1245716480,5526.3000,1574.56,0,184922112,1,50.09,0.00,1279331328,1024,996758528
258.2978,1245716480,5528.0300,1642.57,0,184922112,1,50.74,0.00,1279331328,1024,996758528
258.4029,1245716480,5529.6900,1579.49,0,184922112,1,48.17,0.00,1279331328,1024,996758528
258.5083,1245716480,5531.3600,1584.00,0,184922112,1,51.57,0.00,1279331328,1024,996758528
258.6133,1245716480,5533.0900,1648.44,0,184922112,1,49.43,0.00,1279331328,1024,996758528
258.7184,1245716480,5534.7500,1579.30,0,184922112,1,50.84,0.00,1279327232,1024,996758528
258.8243,1245716480,5536.4100,1567.65,0,184922112,1,50.76,0.00,1279298560,1024,996758528
258.9290,1245716480,5538.1400,1651.97,0,184922112,1,49.54,0.00,1279298560,1024,996758528
259.0346,1245716480,5539.8100,1582.18,0,184922112,1,48.85,0.00,1279044608,1024,997151744
259.1403,1245716480,5541.4700,1569.40,0,184922112,1,51.11,0.00,1279044608,1024,997151744
259.2452,1245716480,5543.2000,1649.84,0,184922112,1,50.37,0.00,1279044608,1024,997151744
259.3506,1245716480,5544.8600,1575.33,0,184922112,1,48.93,0.00,1279044608,1024,997233664
259.4558,1245716480,5546.5300,1587.05,0,184922112,1,52.27,0.00,1279040512,1024,997233664
259.5614,1245716480,5548.2500,1629.42,0,184922112,1,48.25,0.00,1279040512,1024,997233664
259.6662,1245716480,5549.9200,1592.45,0,184922112,1,50.06,0.00,1279040512,1024,997233664
259.7713,1245716480,5551.5800,1579.65,0,184922112,1,49.36,0.00,1279040512,1024,997258240
259.8772,1245716480,5553.3100,1633.19,0,184922112,1,51.63,0.00,1279040512,1024,997258240
259.9820,1245716480,5554.9700,1584.78,0,184922112,1,48.63,0.00,1279040512,1024,997258240
260.0876,1245716480,5556.6400,1581.27,0,184922112,1,51.49,0.00,1279040512,1024,997258240
260.1934,1245716480,5558.3600,1626.43,0,184922112,1,49.05,0.00,1279036416,1024,997258240
260.2981,1245716480,5560.0300,1595.03,0,184922112,1,50.74,0.00,1279089664,1024,997336064
260.4032,1245716480,5561.6900,1578.79,0,184922112,1,48.45,0.00,1279089664,1024,997336064
260.5084,1245716480,5563.3600,1587.55,0,184922112,1,51.69,0.00,1279089664,1024,997336064
260.6139,1245716480,5565.0800,1630.63,0,184922112,1,48.59,0.00,1279089664,1024,997336064
260.7187,1245716480,5566.7500,1592.38,0,184922112,1,50.95,0.00,1279089664,1024,997336064
260.8237,1245716480,5568.4100,1581.68,0,184922112,1,51.21,0.00,1279351808,1024,997336064
260.9296,1245716480,5570.1400,1633.61,0,184922112,1,48.69,0.00,1279351808,1024,997336064
261.0344,1245716480,5571.8000,1583.74,0,184922112,1,48.90,0.00,1279351808,1024,997336064
261.1393,1245716480,5573.4700,1592.05,0,184922112,1,50.65,0.00,1279347712,1024,997336064
261.2447,1245716480,5575.1300,1575.25,0,184922112,1,51.30,0.00,1279347712,1024,997336064
261.3499,1245716480,5576.8600,1644.39,0,184922112,1,48.71,0.00,1279347712,1024,997336064
261.4552,1245716480,5578.5200,1576.26,0,184922112,1,48.96,0.00,1279347712,1024,997336064
261.5601,1245716480,5580.1900,1591.86,0,184922112,1,51.83,0.00,1279355904,1024,997336064
261.6651,1245716480,5581.9200,1648.53,0,184922112,1,50.62,0.00,1279355904,1024,997336064
261.7709,1245716480,5583.5800,1568.08,0,184922112,1,48.12,0.00,1279355904,1024,997336064
261.8756,1245716480,5585.2400,1586.53,0,184922112,1,49.58,0.00,1279355904,1024,997336064
261.9810,1245716480,5586.9700,1640.73,0,184922112,1,51.57,0.00,1279355904,1024,997336064
262.0868,1245716480,5588.6300,1569.06,0,184922112,1,49.92,0.00,1279355904,1024,997336064
262.1918,1256333312,5589.7300,1047.30,0,184926208,1,30.94,0.00,1290628096,1024,997336064
262.2969,1265778688,5590.4500,685.31,0,184926208,1,24.09,0.00,1299758080,1024,997336064
262.4023,1265778688,5592.1800,1640.74,0,184926208,1,49.79,0.00,1299753984,1024,999004160
262.5079,1265778688,5593.8400,1572.21,0,184926208,1,51.20,0.00,1299753984,1024,999004160
262.6128,1265778688,5595.5100,1591.81,0,184926208,1,48.85,0.00,1299753984,1024,999024640
262.7179,1265778688,5597.2300,1636.54,0,184926208,1,50.84,0.00,1299569664,1024,999024640
262.8238,1265778688,5598.9000,1576.98,0,184926208,1,50.76,0.00,1299569664,1024,999024640
262.9285,1265778688,5600.5600,1585.85,0,184926208,1,49.86,0.00,1299569664,1024,999024640
263.0341,1265778688,5602.2800,1628.95,0,184926208,1,48.83,0.00,1299569664,1024,999024640
263.1399,1265778688,5603.9500,1578.05,0,184926208,1,51.68,0.00,1299315712,1024,999024640
263.2447,1265778688,5605.6100,1583.72,0,184926208,1,49.49,0.00,1299311616,1024,999024640
263.3502,1265778688,5607.3400,1640.59,0,184926208,1,49.19,0.00,1299311616,1024,999024640
263.4553,1265778688,5609.0000,1579.68,0,184926208,1,49.07,0.00,1299311616,1024,999024640
263.5607,1265778688,5610.6700,1583.11,0,184926208,1,51.84,0.00,1299573760,1024,999024640
263.6657,1265778688,5612.4000,1648.95,0,184926208,1,49.44,0.00,1299573760,1024,999192576
263.7707,1265778688,5614.0600,1579.79,0,184926208,1,49.37,0.00,1299573760,1024,999192576
263.8766,1265778688,5615.7200,1568.52,0,184926208,1,50.79,0.00,1299573760,1024,999258112
263.9812,1265778688,5617.4500,1653.22,0,184926208,1,50.17,0.00,1299573760,1024,999258112
264.0868,1265778688,5619.1200,1581.28,0,184926208,1,49.12,0.00,1299319808,1024,999319552
264.1927,1265778688,5620.7800,1568.35,0,184926208,1,50.49,0.00,1299319808,1024,999319552
264.2976,1265778688,5622.5100,1648.15,0,184926208,1,50.02,0.00,1299315712,1024,999319552
264.4032,1265778688,5624.1700,1572.48,0,184926208,1,49.73,0.00,1299315712,1024,999319552
264.5084,1265778688,5625.8400,1587.29,0,184926208,1,51.09,0.00,1299315712,1024,999319552
264.6139,1265778688,5627.5600,1630.16,0,184926208,1,48.87,0.00,1299315712,1024,999319552
264.7188,1265778688,5629.2300,1592.48,0,184926208,1,49.77,0.00,1299315712,1024,999319552
264.8239,1265778688,5630.8900,1579.86,0,184926208,1,51.45,0.00,1299315712,1024,999319552
264.9297,1265778688,5632.6200,1635.33,0,184926208,1,49.33,0.00,1299311616,1024,999319552
265.0343,1265778688,5634.2800,1587.01,0,184926208,1,49.30,0.00,1299311616,1024,999319552
265.1399,1265778688,5635.9500,1580.63,0,184926208,1,52.06,0.00,1299311616,1024,999319552
265.2456,1265778688,5637.6700,1627.19,0,184926208,1,48.78,0.00,1299311616,1024,999319552
265.3505,1265778688,5639.3400,1592.82,0,184926208,1,49.78,0.00,1299311616,1024,999319552
265.4563,1265778688,5641.0000,1568.86,0,184926208,1,50.50,0.00,1299311616,1024,999319552
265.5614,1265778688,5642.7300,1645.65,0,184926208,1,50.53,0.00,1299311616,1024,999319552
265.6670,1265778688,5644.4000,1582.05,0,184926208,1,49.14,0.00,1299307520,1024,999319552
265.7718,1265778688,5646.0600,1583.84,0,184926208,1,51.28,0.00,1299307520,1024,999319552
265.8776,1265778688,5647.7900,1634.78,0,184926208,1,49.61,0.00,1299307520,1024,999319552
265.9829,1265778688,5649.4500,1575.96,0,184926208,1,49.84,0.00,1299307520,1024,999319552
266.0887,1265778688,5651.1100,1568.85,0,184926208,1,50.50,0.00,1299307520,1024,999319552
266.1945,1265778688,5652.8400,1635.94,0,184926208,1,49.05,0.00,1300126720,1024,999319552
266.2997,1265778688,5654.5100,1587.49,0,184926208,1,51.99,0.00,1299868672,1024,999319552
266.4052,1265778688,5656.2300,1629.76,0,184926208,1,49.15,0.00,1299864576,1024,999319552
266.5111,1265778688,5657.9000,1577.74,0,184926208,1,49.01,0.00,1299862528,1024,999319552
266.6160,1265778688,5659.5600,1581.65,0,184926208,1,51.51,0.00,1299862528,1024,999319552
266.7217,1265778688,5661.2900,1636.75,0,184926208,1,49.67,0.00,1299862528,1024,999319552
266.8277,1270812672,5662.4800,1123.20,0,184930304,1,33.92,0.00,1304504320,1024,999319552
266.9326,1270812672,5663.2300,714.92,0,184930304,1,25.02,0.00,1303803904,1024,999319552
267.0384,1270812672,5664.9600,1634.23,0,184930304,1,49.59,0.00,1303795712,1024,999319552
267.1441,1270812672,5666.6200,1570.21,0,184930304,1,51.14,0.00,1303799808,1024,999319552
267.2501,1270812672,5668.3500,1632.95,0,184930304,1,50.14,0.00,1303799808,1024,999319552
267.3552,1270812672,5670.0200,1588.22,0,184930304,1,48.44,0.00,1303799808,1024,999319552
267.4607,1270812672,5671.6800,1574.68,0,184930304,1,51.88,0.00,1303799808,1024,1001978880
267.5663,1270812672,5673.4100,1637.40,0,184930304,1,48.80,0.00,1303799808,1024,1001978880
267.6710,1270812672,5675.0700,1585.95,0,184930304,1,50.76,0.00,1303799808,1024,1001978880
267.7766,1270812672,5676.7300,1571.82,0,184930304,1,50.01,0.00,1303541760,1024,1001978880
267.8824,1270812672,5678.4600,1634.42,0,184930304,1,49.60,0.00,1303541760,1024,1002023936
267.9879,1270812672,5680.1300,1583.66,0,184930304,1,51.86,0.00,1303541760,1024,1002167296
268.0934,1270812672,5681.8500,1630.57,0,184930304,1,47.99,0.00,1303541760,1024,1002167296
268.1990,1270812672,5683.5200,1581.57,0,184930304,1,49.42,0.00,1303541760,1024,1002167296
268.3044,1270812672,5685.1800,1573.82,0,184930304,1,51.26,0.00,1303541760,1024,1002167296
268.4100,1270812672,5686.9100,1639.54,0,184930304,1,50.35,0.00,1303541760,1024,1002167296
268.5153,1270812672,5688.5800,1585.45,0,184930304,1,48.06,0.00,1303541760,1024,1002167296
268.6210,1270812672,5690.3100,1637.07,0,184930304,1,51.45,0.00,1303537664,1024,1002167296
268.7259,1270812672,5691.9700,1581.77,0,184930304,1,49.43,0.00,1303537664,1024,1002167296
268.8317,1270812672,5693.6300,1569.85,0,184930304,1,49.94,0.00,1303537664,1024,1002167296
268.9373,1270812672,5695.3600,1636.89,0,184930304,1,50.56,0.00,1303537664,1024,1002167296
269.0426,1270812672,5697.0300,1586.21,0,184930304,1,49.87,0.00,1303537664,1024,1002167296
269.1486,1270812672,5698.6900,1566.40,0,184930304,1,51.31,0.00,1303799808,1024,1002167296
269.2544,1270812672,5700.4200,1635.18,0,184930304,1,48.15,0.00,1303799808,1024,1002167296
269.3599,1270812672,5702.0800,1573.46,0,184930304,1,51.84,0.00,1303533568,1024,1002191872
269.4655,1270812672,5703.8100,1638.05,0,184930304,1,49.12,0.00,1303554048,1024,1002191872
269.5709,1270812672,5705.4700,1575.16,0,184930304,1,49.82,0.00,1303554048,1024,1002191872
269.6765,1270812672,5707.1400,1581.33,0,184930304,1,50.30,0.00,1303554048,1024,1002191872
269.7815,1270812672,5708.8700,1648.24,0,184930304,1,50.02,0.00,1303820288,1024,1002269696
269.8870,1270812672,5710.5300,1572.27,0,184930304,1,49.43,0.00,1303820288,1024,1002269696
269.9929,1270812672,5712.1900,1568.53,0,184930304,1,50.20,0.00,1303820288,1024,1002269696
270.0983,1270812672,5713.9200,1640.63,0,184930304,1,49.20,0.00,1303816192,1024,1002269696
270.2043,1270812672,5715.5900,1575.55,0,184930304,1,51.89,0.00,1303816192,1024,1002269696
270.3103,1270812672,5717.3100,1623.29,0,184930304,1,49.25,0.00,1303816192,1024,1002269696
270.4158,1270812672,5718.9800,1583.11,0,184930304,1,50.06,0.00,1303816192,1024,1002269696
270.5215,1270812672,5720.7100,1636.93,0,184930304,1,49.68,0.00,1303816192,1024,1002269696
270.6268,1270812672,5722.3700,1575.43,0,184930304,1,49.83,0.00,1303816192,1024,1002269696
270.7324,1270812672,5724.0300,1571.87,0,184930304,1,51.19,0.00,1303812096,1024,1002269696
270.8375,1270812672,5725.7600,1647.22,0,184930304,1,50.29,0.00,1303549952,1024,1002269696
270.9429,1270812672,5727.4300,1583.18,0,184930304,1,49.47,0.00,1303549952,1024,1002269696
271.0488,1270812672,5729.0900,1568.46,0,184930304,1,51.97,0.00,1303549952,1024,1002269696
271.1547,1270812672,5730.8200,1633.08,0,184930304,1,48.08,0.00,1303549952,1024,1002269696
271.2601,1270812672,5732.4800,1574.66,0,184930304,1,51.58,0.00,1303549952,1024,1002269696
271.3655,1270812672,5734.2100,1642.22,0,184930304,1,49.84,0.00,1303545856,1024,1002269696
271.4707,1281822720,5735.2300,969.02,0,184934400,1,28.80,0.00,1314781184,1024,1002269696
271.5757,1281822720,5735.9600,695.60,0,184934400,1,24.42,0.00,1315837952,1024,1002269696
271.6808,1281822720,5737.6300,1588.68,0,184934400,1,49.94,0.00,1315584000,1024,1002269696
271.7864,1281822720,5739.3500,1628.36,0,184934400,1,48.82,0.00,1315584000,1024,1002269696
271.8917,1281822720,5741.0200,1586.50,0,184934400,1,50.17,0.00,1315330048,1024,1002269696
271.9972,1281822720,5742.7500,1640.09,0,184934400,1,50.36,0.00,1315330048,1024,1002269696
272.1026,1281822720,5744.4100,1574.97,0,184934400,1,50.11,0.00,1315067904,1024,1002302464
272.2081,1281822720,5746.0700,1572.95,0,184934400,1,51.23,0.00,1315063808,1024,1002302464
272.3134,1281822720,5747.8000,1643.15,0,184934400,1,49.86,0.00,1315063808,1024,1002302464
272.4185,1281822720,5749.4600,1579.20,0,184934400,1,48.46,0.00,1314846720,1024,1002302464
272.5238,1281822720,5751.1300,1585.79,0,184934400,1,51.63,0.00,1314846720,1024,1002302464
272.6293,1281822720,5752.8600,1639.86,0,184934400,1,50.06,0.00,1314846720,1024,1006054912
272.7341,1281822720,5754.5200,1583.44,0,184934400,1,49.78,0.00,1314846720,1024,1006054912
272.8398,1281822720,5756.1800,1571.27,0,184934400,1,50.88,0.00,1315108864,1024,1006054912
272.9451,1281822720,5757.9100,1643.42,0,184934400,1,48.98,0.00,1315108864,1024,1006054912
273.0506,1281822720,5759.5800,1582.50,0,184934400,1,49.75,0.00,1315104768,1024,1006054912
273.1558,1281822720,5761.2400,1577.63,0,184934400,1,50.79,0.00,1315366912,1024,1006054912
273.2614,1281822720,5762.9700,1638.65,0,184934400,1,50.32,0.00,1315366912,1024,1006054912
273.3665,1281822720,5764.6300,1579.88,0,184934400,1,49.07,0.00,1315366912,1024,1006054912
273.4714,1281822720,5766.3000,1591.57,0,184934400,1,50.03,0.00,1315366912,1024,1006054912
273.5767,1281822720,5767.9600,1576.92,0,184934400,1,50.47,0.00,1315366912,1024,1006054912
273.6820,1281822720,5769.6900,1642.44,0,184934400,1,50.14,0.00,1315362816,1024,1006210560
273.7867,1281822720,5771.3500,1584.57,0,184934400,1,49.22,0.00,1315362816,1024,1006210560
273.8924,1281822720,5773.0200,1581.27,0,184934400,1,51.78,0.00,1315362816,1024,1006284288
273.9981,1281822720,5774.7500,1635.99,0,184934400,1,48.76,0.00,1315362816,1024,1006284288
274.1029,1281822720,5776.4100,1583.36,0,184934400,1,50.08,0.00,1315362816,1024,1006284288
274.2084,1281822720,5778.0800,1583.83,0,184934400,1,51.57,0.00,1315362816,1024,1006284288
274.3142,1281822720,5779.8100,1634.23,0,184934400,1,48.71,0.00,1315362816,1024,1006284288
274.4191,1281822720,5781.4700,1583.41,0,184934400,1,49.48,0.00,1315358720,1024,1006296576
274.5240,1281822720,5783.1300,1581.91,0,184934400,1,51.82,0.00,1315358720,1024,1006378496
274.6293,1281822720,5784.8600,1642.76,0,184934400,1,50.74,0.00,1315096576,1024,1006378496
274.7347,1281822720,5786.5200,1574.84,0,184934400,1,48.62,0.00,1315096576,1024,1006378496
274.8394,1281822720,5788.1800,1585.33,0,184934400,1,49.54,0.00,1315096576,1024,1006378496
274.9451,1281822720,5789.9100,1637.85,0,184934400,1,51.18,0.00,1315096576,1024,1006378496
275.0509,1281822720,5791.5800,1578.74,0,184934400,1,49.93,0.00,1315096576,1024,1006378496
275.1557,1281822720,5793.2400,1582.65,0,184934400,1,50.35,0.00,1314854912,1024,1006378496
275.2612,1281822720,5794.9700,1640.37,0,184934400,1,50.37,0.00,1314854912,1024,1006378496
275.3671,1281822720,5796.6300,1567.99,0,184934400,1,48.41,0.00,1314854912,1024,1006378496
275.4719,1281822720,5798.3000,1593.24,0,184934400,1,51.88,0.00,1314854912,1024,1006378496
275.5770,1281822720,5800.0200,1635.92,0,184934400,1,49.34,0.00,1314854912,1024,1006378496
275.6824,1281822720,5801.6900,1584.67,0,184934400,1,50.11,0.00,1314854912,1024,1006378496
275.7878,1281822720,5803.3500,1574.84,0,184934400,1,51.59,0.00,1314850816,1024,1006378496
275.8925,1281822720,5805.0100,1585.18,0,184934400,1,48.94,0.00,1314850816,1024,1006378496
275.9981,1281822720,5806.7400,1639.19,0,184934400,1,48.86,0.00,1314850816,1024,1006378496
276.1035,1281822720,5808.4100,1583.51,0,184934400,1,51.26,0.00,1314850816,1024,1006378496
276.2089,1281822720,5810.0700,1575.61,0,184934400,1,50.13,0.00,1314588672,1024,1006378496
276.3144,1281822720,5811.8000,1640.17,0,184934400,1,48.89,0.00,1314588672,1024,1006378496
276.4196,1281822720,5813.4700,1586.46,0,184934400,1,51.36,0.00,1314588672,1024,1006378496
276.5246,1281822720,5815.1300,1580.89,0,184934400,1,49.11,0.00,1314584576,1024,1006378496
276.6301,1281822720,5816.8500,1630.46,0,184934400,1,50.06,0.00,1314584576,1024,1006378496
276.7350,1281822720,5818.5200,1592.47,0,184934400,1,49.17,0.00,1314584576,1024,1006390784
276.8406,1281822720,5820.1800,1571.64,0,184934400,1,51.18,0.00,1314584576,1024,1006390784
276.9463,1281822720,5821.9100,1636.57,0,184934400,1,48.78,0.00,1314584576,1024,1006390784
277.0518,1281822720,5823.5700,1573.82,0,184934400,1,51.55,0.00,1314584576,1024,1006390784
277.1579,1281822720,5825.3000,1631.44,0,184934400,1,48.63,0.00,1314846720,1024,1006390784
277.2634,1281822720,5826.9700,1582.59,0,184934400,1,49.75,0.00,1314842624,1024,1006390784
277.3691,1281822720,5828.6900,1627.41,0,184934400,1,51.45,0.00,1314842624,1024,1006439936
277.4744,1281822720,5830.3600,1585.85,0,184934400,1,48.96,0.00,1314842624,1024,1006439936
277.5795,1281822720,5832.0200,1578.73,0,184934400,1,49.04,0.00,1314842624,1024,1006439936
277.6850,1281822720,5833.7500,1639.54,0,184934400,1,51.53,0.00,1314842624,1024,1006464512
277.7899,1281822720,5835.4100,1583.34,0,184934400,1,51.27,0.00,1314842624,1024,1009510400
277.8954,1281822720,5837.0800,1582.86,0,184934400,1,48.87,0.00,1314842624,1024,1009555456
278.0011,1281822720,5838.8100,1636.74,0,184934400,1,51.15,0.00,1314838528,1024,1009555456
278.1065,1281822720,5840.4700,1575.32,0,184934400,1,49.23,0.00,1314838528,1024,1009555456
278.2119,1281822720,5842.1400,1584.57,0,184934400,1,51.30,0.00,1314838528,1024,1009555456
278.3179,1281822720,5843.8600,1622.08,0,184934400,1,48.92,0.00,1314838528,1024,1009555456
278.4232,1281822720,5845.5300,1585.45,0,184934400,1,49.25,0.00,1314838528,1024,1009555456
278.5283,1281822720,5847.1900,1579.15,0,184934400,1,52.32,0.00,1314838528,1024,1009555456
278.6337,1281822720,5848.9200,1641.85,0,184934400,1,48.64,0.00,1314838528,1024,1009555456
278.7392,1281822720,5850.5800,1573.24,0,184934400,1,49.16,0.00,1314834432,1024,1009616896
278.8441,1281822720,5852.2500,1593.05,0,184934400,1,51.57,0.00,1315096576,1024,1009616896
278.9497,1281822720,5853.9800,1636.90,0,184934400,1,50.27,0.00,1315096576,1024,1009616896
279.0556,1281822720,5855.6400,1568.01,0,184934400,1,48.11,0.00,1315096576,1024,1009616896
279.1606,1281822720,5857.3000,1581.49,0,184934400,1,51.80,0.00,1315096576,1024,1009616896
279.2665,1281822720,5859.0300,1633.70,0,184934400,1,48.69,0.00,1315096576,1024,1009616896
279.3723,1281822720,5860.7000,1578.00,0,184934400,1,51.08,0.00,1315092480,1024,1009616896
279.4773,1281822720,5862.4200,1637.92,0,184934400,1,49.70,0.00,1315092480,1024,1009616896
279.5828,1281822720,5864.0900,1583.29,0,184934400,1,49.48,0.00,1315092480,1024,1009616896
279.6880,1281822720,5865.7500,1577.98,0,184934400,1,51.99,0.00,1315092480,1024,1009616896
279.7936,1281822720,5867.4800,1637.33,0,184934400,1,48.50,0.00,1315092480,1024,1009616896
279.8986,1281822720,5869.1400,1582.12,0,184934400,1,49.74,0.00,1315092480,1024,1009616896
280.0042,1281822720,5870.8100,1580.57,0,184934400,1,51.17,0.00,1315207168,1024,1009686528
280.1102,1281822720,5872.5400,1633.05,0,184934400,1,50.15,0.00,1315203072,1024,1009686528
280.2152,1281822720,5874.2000,1580.86,0,184934400,1,48.51,0.00,1315203072,1024,1009686528
280.3206,1281822720,5875.8600,1574.15,0,184934400,1,51.56,0.00,1315203072,1024,1009686528
280.4261,1281822720,5877.5900,1639.67,0,184934400,1,48.87,0.00,1315203072,1024,1009686528
280.5315,1281822720,5879.2600,1584.70,0,184934400,1,50.41,0.00,1314940928,1024,1009686528
280.6368,1281822720,5880.9200,1576.77,0,184934400,1,50.46,0.00,1314940928,1024,1009686528
280.7424,1281822720,5882.6500,1637.59,0,184934400,1,49.40,0.00,1314940928,1024,1009686528
280.8480,1281822720,5884.3100,1572.21,0,184934400,1,51.80,0.00,1314936832,1024,1009686528
280.9530,1281822720,5886.0400,1647.23,0,184934400,1,48.50,0.00,1314936832,1024,1009686528
281.0587,1281822720,5887.7000,1571.82,0,184934400,1,49.42,0.00,1314936832,1024,1009686528
281.1638,1281822720,5889.3700,1587.84,0,184934400,1,51.40,0.00,1314936832,1024,1009686528
281.2695,1281822720,5891.1000,1637.85,0,184934400,1,50.00,0.00,1314936832,1024,1009686528
281.3747,1281822720,5892.7600,1577.78,0,184934400,1,48.41,0.00,1314936832,1024,1009686528
281.4798,1281822720,5894.4200,1579.62,0,184934400,1,52.04,0.00,1314936832,1024,1009686528
281.5848,1281822720,5896.0900,1590.31,0,184934400,1,49.40,0.00,1314945024,1024,1009686528
281.6896,1281822720,5897.8200,1649.66,0,184934400,1,50.36,0.00,1314945024,1024,1009686528
281.7951,1281822720,5899.4800,1574.53,0,184934400,1,48.31,0.00,1314715648,1024,1009686528
281.9004,1281822720,5901.1400,1576.13,0,184934400,1,51.63,0.00,1314715648,1024,1009686528
282.0055,1281822720,5902.8700,1645.55,0,184934400,1,49.34,0.00,1314715648,1024,1009686528
282.1110,1281822720,5904.5400,1583.72,0,184934400,1,50.38,0.00,1314715648,1024,1009686528
282.2162,1281822720,5906.2000,1576.69,0,184934400,1,50.16,0.00,1314711552,1024,1009686528
282.3217,1281822720,5907.9300,1640.83,0,184934400,1,49.79,0.00,1314711552,1024,1009686528
282.4277,1281822720,5909.5900,1565.61,0,184934400,1,51.87,0.00,1314711552,1024,1009686528
282.5330,1281822720,5911.3200,1643.83,0,184934400,1,48.40,0.00,1314711552,1024,1009686528
282.6382,1281822720,5912.9800,1577.44,0,184934400,1,49.59,0.00,1314711552,1024,1009686528
282.7436,1281822720,5914.6400,1574.78,0,184934400,1,50.40,0.00,1314711552,1024,1009686528
282.8491,1281822720,5916.3700,1640.35,0,184934400,1,51.56,0.00,1314711552,1024,1011438592
282.9546,1281822720,5918.0300,1573.65,0,184934400,1,48.58,0.00,1314707456,1024,1011676160
283.0601,1281822720,5919.7000,1582.87,0,184934400,1,51.24,0.00,1314727936,1024,1011676160
283.1661,1281822720,5921.4300,1631.11,0,184934400,1,48.32,0.00,1314732032,1024,1011676160
283.2720,1281822720,5923.0900,1567.12,0,184934400,1,51.33,0.00,1314732032,1024,1011676160
283.3775,1281822720,5924.8200,1641.14,0,184934400,1,48.91,0.00,1314732032,1024,1011676160
283.4834,1281822720,5926.4800,1566.48,0,184934400,1,49.25,0.00,1314732032,1024,1011676160
283.5889,1281822720,5928.1500,1583.73,0,184934400,1,51.86,0.00,1314732032,1024,1011676160
283.6943,1281822720,5929.8800,1640.53,0,184934400,1,48.60,0.00,1314727936,1024,1011831808
283.7997,1281822720,5931.5400,1575.48,0,184934400,1,51.01,0.00,1314727936,1024,1011831808
283.9051,1281822720,5933.2700,1641.62,0,184934400,1,50.11,0.00,1314727936,1024,1011856384
284.0106,1281822720,5934.9300,1573.39,0,184934400,1,49.46,0.00,1314727936,1024,1011856384
284.1163,1281822720,5936.6000,1579.86,0,184934400,1,50.85,0.00,1314465792,1024,1011909632
284.2223,1281822720,5938.3200,1622.32,0,184934400,1,48.93,0.00,1314465792,1024,1011909632
284.3278,1281822720,5939.9900,1583.33,0,184934400,1,51.85,0.00,1314465792,1024,1011909632
284.4337,1281822720,5941.7200,1634.12,0,184934400,1,48.41,0.00,1314461696,1024,1011909632
284.5396,1281822720,5943.3800,1567.49,0,184934400,1,51.05,0.00,1314461696,1024,1011909632
284.6446,1281822720,5945.0400,1579.67,0,184934400,1,49.96,0.00,1314461696,1024,1011909632
284.7502,1281822720,5946.7700,1638.75,0,184934400,1,49.43,0.00,1314461696,1024,1011909632
284.8556,1281822720,5948.4300,1575.07,0,184934400,1,48.63,0.00,1314461696,1024,1011909632
284.9610,1281822720,5950.1600,1641.84,0,184934400,1,51.60,0.00,1314461696,1024,1011909632
285.0665,1281822720,5951.8300,1582.92,0,184934400,1,49.76,0.00,1314461696,1024,1011909632
285.1722,1281822720,5953.4500,1532.86,0,184938496,1,48.49,0.00,1315506176,1024,1011909632
285.2783,1281822720,5954.1700,678.56,0,184938496,1,20.03,0.00,1316034560,1024,1011909632
285.3832,1281822720,5954.4900,304.80,0,184938496,1,8.93,0.00,1315776512,1024,1011909632
285.4881,1281822720,5954.7100,209.88,0,184938496,1,6.56,0.00,1315305472,1024,1011909632
285.5930,1281822720,5954.8200,104.80,0,184938496,1,2.98,0.00,1315051520,1024,1011909632
285.6981,1300328448,5954.9600,133.24,0,189067264,1,3.87,0.00,1334112256,1024,1012155392
285.8029,1313357824,5955.1300,162.15,0,201674752,1,4.47,0.00,1350862848,1024,1012155392
285.9078,1338859520,5955.2900,152.66,0,201723904,1,5.37,0.00,1373538304,1024,1012155392
286.0127,1342791680,5955.4600,162.05,0,201723904,1,5.66,0.00,1377467392,1024,1012155392
286.1179,1342791680,5955.6500,180.50,0,201723904,1,5.05,0.00,1377205248,1024,1012155392
286.2227,1345544192,5955.8900,228.97,0,201728000,1,8.05,0.00,1388964864,1024,1012155392
286.3283,1322352640,5958.8900,2842.02,0,201728000,1,92.96,0.00,1358527488,1024,1012155392
286.4346,1322352640,5962.0200,2945.50,0,201728000,1,87.93,0.00,1358277632,1024,1012155392
286.5399,1322352640,5965.0900,2914.59,0,201728000,1,94.64,0.00,1358027776,1024,1012155392
286.6452,1322352640,5968.3400,3086.37,0,201728000,1,97.04,0.00,1357777920,1024,1012155392
286.7543,1322352640,5971.6900,3070.74,0,201728000,1,91.95,0.00,1357777920,1024,1012155392
286.8600,1322352640,5974.8700,3009.55,0,201728000,1,97.60,0.00,1357777920,1024,1012155392
286.9656,1322352640,5978.1000,3057.09,0,201728000,1,93.17,0.00,1357777920,1024,1012155392
287.0736,1322352640,5981.3400,3000.26,0,201728000,1,92.89,0.00,1357773824,1024,1012155392
287.1795,1322352640,5984.3900,2881.26,0,201728000,1,91.22,0.00,1357773824,1024,1012155392
287.2854,1322352640,5987.5200,2955.24,0,201728000,1,92.06,0.00,1357773824,1024,1012155392
287.3921,1322352640,5990.5400,2830.65,0,201728000,1,91.09,0.00,1357770752,1024,1012155392
287.5015,1322352640,5993.7800,2961.82,0,201728000,1,89.70,0.00,1357770752,1024,1012155392
287.6073,1322352640,5996.7900,2844.23,0,201728000,1,89.47,0.00,1357651968,1024,1012155392
287.7124,1322352640,5999.8100,2872.26,0,201728000,1,92.43,0.00,1357651968,1024,1012155392
287.8182,1322352640,6002.9400,2959.27,0,201728000,1,90.11,0.00,1357414400,1024,1012200448
287.9254,1322352640,6006.0700,2918.26,0,201728000,1,90.90,0.00,1357324288,1024,1012200448
288.0312,1322352640,6009.0900,2854.99,0,201728000,1,88.63,0.00,1357324288,1024,1014847488
288.1370,1322352640,6012.2100,2950.27,0,201728000,1,95.74,0.00,1357324288,1024,1014847488
288.2461,1322352640,6015.3500,2878.06,0,201728000,1,86.79,0.00,1357324288,1024,1014847488
288.3516,1322352640,6018.3400,2833.61,0,201728000,1,88.55,0.00,1357586432,1024,1014847488
288.4571,1322352640,6021.4600,2956.85,0,201728000,1,95.96,0.00,1357389824,1024,1014847488
288.5664,1322352640,6024.6000,2873.66,0,201728000,1,86.37,0.00,1357385728,1024,1014847488
288.6715,1322352640,6027.6100,2863.97,0,201728000,1,89.50,0.00,1357385728,1024,1014847488
288.7814,1322352640,6030.8600,2955.58,0,201728000,1,92.36,0.00,1357385728,1024,1014892544
288.8866,1322352640,6033.8700,2863.21,0,201728000,1,89.77,0.00,1357385728,1024,1014892544
289.0016,1322352640,6037.2400,2930.48,0,201728000,1,91.31,0.00,1357258752,1024,1014966272
289.1072,1322352640,6040.2500,2849.45,0,201728000,1,89.64,0.00,1357365248,1024,1014966272
289.2129,1322352640,6043.2700,2856.48,0,201728000,1,91.93,0.00,1357365248,1024,1014966272
289.3188,1322352640,6046.4000,2957.82,0,201728000,1,90.36,0.00,1357365248,1024,1014966272
289.4241,1322352640,6049.4200,2866.09,0,201728000,1,92.23,0.00,1357365248,1024,1014966272
289.5299,1322352640,6052.5300,2939.55,0,201728000,1,88.32,0.00,1357373440,1024,1014966272
289.6350,1322352640,6055.5400,2864.86,0,201728000,1,89.23,0.00,1357373440,1024,1014966272
289.7407,1322352640,6058.5600,2857.23,0,201728000,1,92.84,0.00,1357373440,1024,1014966272
289.8494,1322352640,6061.8000,2978.98,0,201728000,1,93.09,0.00,1357631488,1024,1014966272
289.9584,1322352640,6064.9400,2882.51,0,201728000,1,88.07,0.00,1357627392,1024,1014966272
290.0634,1322352640,6067.9500,2864.93,0,201728000,1,88.34,0.00,1357627392,1024,1014966272
290.1775,1322352640,6071.3100,2944.89,0,201728000,1,93.40,0.00,1357508608,1024,1014966272
290.2832,1322352640,6074.3000,2829.61,0,201728000,1,86.95,0.00,1357508608,1024,1019054080
290.3890,1322352640,6077.3200,2854.30,0,201728000,1,92.74,0.00,1357508608,1024,1019054080
290.4946,1322352640,6080.4500,2963.37,0,201728000,1,88.76,0.00,1357512704,1024,1019054080
290.5996,1322352640,6083.4600,2867.67,0,201728000,1,91.10,0.00,1357512704,1024,1019054080
290.7054,1322352640,6086.5900,2959.76,0,201728000,1,91.90,0.00,1357512704,1024,1019054080
290.8106,1322352640,6089.6100,2869.77,0,201728000,1,89.38,0.00,1357254656,1024,1019078656
290.9164,1322352640,6092.6300,2854.09,0,201728000,1,93.32,0.00,1357254656,1024,1019156480
291.0216,1322352640,6095.7300,2946.91,0,201728000,1,87.63,0.00,1357254656,1024,1019205632
291.1273,1322352640,6098.7400,2846.44,0,201728000,1,89.54,0.00,1357254656,1024,1019205632
291.2331,1322352640,6101.8700,2958.74,0,201728000,1,96.89,0.00,1357254656,1024,1019205632
291.3419,1322352640,6105.1000,2969.69,0,201728000,1,88.21,0.00,1357254656,1024,1019205632
291.4478,1322352640,6108.2200,2946.44,0,201728000,1,96.21,0.00,1357254656,1024,1019205632
291.5536,1322352640,6111.5200,3119.38,0,201728000,1,93.35,0.00,1357254656,1024,1019205632
291.6592,1322352640,6114.7400,3048.70,0,201728000,1,96.75,0.00,1357254656,1024,1019205632
291.7685,1322352640,6118.0100,2990.39,0,201728000,1,96.02,0.00,1357254656,1024,1019205632
291.8744,1322352640,6121.2400,3052.59,0,201728000,1,91.26,0.00,1357262848,1024,1019205632
291.9796,1322352640,6124.3700,2974.76,0,201728000,1,94.15,0.00,1357262848,1024,1019205632
292.0855,1322352640,6127.6000,3050.74,0,201728000,1,95.04,0.00,1357262848,1024,1019205632
292.1924,1322352640,6130.7200,2916.06,0,201728000,1,101.06,0.00,1357258752,1024,1019205632
292.3059,1322352640,6134.2000,3067.58,0,201728000,1,86.50,0.00,1357258752,1024,1019205632
292.4113,1322352640,6137.3200,2958.77,0,201728000,1,92.46,0.00,1357258752,1024,1019254784
292.5172,1322352640,6140.5600,3060.46,0,201728000,1,96.23,0.00,1357258752,1024,1019254784
292.6228,1322352640,6143.6800,2953.91,0,201728000,1,91.13,0.00,1357258752,1024,1019254784
292.7286,1322352640,6146.7700,2920.04,0,201728000,1,95.39,0.00,1357258752,1024,1019254784
292.8345,1322352640,6150.0100,3062.30,0,201728000,1,91.56,0.00,1357258752,1024,1019254784
292.9454,1322352640,6153.3700,3027.10,0,201728000,1,95.44,0.00,1357254656,1024,1019254784
293.0508,1322352640,6156.4900,2960.76,0,201728000,1,91.93,0.00,1357254656,1024,1022980096
293.1656,1322352640,6159.9700,3033.25,0,201728000,1,95.88,0.00,1357254656,1024,1039021056
293.2715,1322352640,6163.0900,2946.26,0,201728000,1,91.48,0.00,1357254656,1024,1039021056
293.3766,1322352640,6166.2100,2966.54,0,201728000,1,97.16,0.00,1357254656,1024,1039315968
293.4826,1322352640,6169.4400,3048.06,0,201728000,1,91.12,0.00,1357254656,1024,1039315968
293.5880,1322352640,6172.5600,2960.36,0,201728000,1,99.33,0.00,1357250560,1024,1039315968
293.6980,1322352640,6175.9200,3053.35,0,201728000,1,89.74,0.00,1357250560,1024,1039471616
293.8034,1322352640,6179.0400,2961.69,0,201728000,1,91.66,0.00,1357512704,1024,1039471616
293.9089,1322352640,6182.1600,2956.85,0,201728000,1,95.96,0.00,1357512704,1024,1039471616
294.0143,1322352640,6185.4000,3074.55,0,201728000,1,92.22,0.00,1357512704,1024,1039471616
294.1202,1322352640,6188.5200,2945.45,0,201728000,1,96.18,0.00,1357250560,1024,1039471616
294.2260,1322352640,6191.7600,3062.85,0,201728000,1,92.76,0.00,1357250560,1024,1039471616
294.3325,1322352640,6194.8800,2928.23,0,201728000,1,94.15,0.00,1357271040,1024,1039471616
294.4380,1322352640,6198.1200,3072.24,0,201728000,1,93.64,0.00,1357271040,1024,1039471616
294.5454,1322352640,6201.3500,3005.93,0,201728000,1,100.04,0.00,1357271040,1024,1039471616
294.6580,1322352640,6204.7200,2993.70,0,201728000,1,87.72,0.00,1357275136,1024,1039651840
294.7637,1322352640,6207.8400,2953.37,0,201728000,1,94.66,0.00,1357275136,1024,1039651840
294.8693,1322352640,6211.0700,3057.89,0,201728000,1,95.26,0.00,1357275136,1024,1039651840
294.9779,1322352640,6214.3100,2982.20,0,201728000,1,92.04,0.00,1357275136,1024,1039651840
295.0838,1322352640,6217.4300,2947.90,0,201728000,1,95.07,0.00,1357271040,1024,1039651840
295.1896,1322352640,6220.6700,3062.46,0,201728000,1,92.16,0.00,1357271040,1024,1039651840
295.2951,1322352640,6223.7900,2956.74,0,201728000,1,90.92,0.00,1357271040,1024,1039651840
295.4010,1322352640,6227.0200,3048.85,0,201728000,1,95.87,0.00,1357271040,1024,1039651840
295.5065,1322352640,6230.1500,2968.83,0,201728000,1,93.67,0.00,1357271040,1024,1039651840
295.6118,1322352640,6233.2700,2961.63,0,201728000,1,94.63,0.00,1357271040,1024,1039688704
295.7214,1322352640,6236.6200,3055.38,0,201728000,1,92.63,0.00,1357271040,1024,1039688704
295.8271,1322352640,6239.7400,2953.38,0,201728000,1,93.48,0.00,1357279232,1024,1039688704
295.9328,1322352640,6242.8700,2961.47,0,201728000,1,94.32,0.00,1357279232,1024,1039688704
296.0381,1322352640,6246.1000,3066.93,0,201728000,1,94.95,0.00,1357279232,1024,1039688704
296.1439,1322352640,6249.2200,2949.88,0,201728000,1,94.84,0.00,1357283328,1024,1039688704
296.2493,1322352640,6252.4600,3073.19,0,201728000,1,94.56,0.00,1357283328,1024,1039688704
296.3585,1322352640,6255.7000,2966.54,0,201728000,1,90.99,0.00,1357287424,1024,1039688704
296.4640,1322352640,6258.8200,2958.64,0,201728000,1,95.42,0.00,1357287424,1024,1039688704
296.5697,1322352640,6262.0500,3054.62,0,201728000,1,92.80,0.00,1357021184,1024,1039688704
296.6757,1322352640,6265.1800,2952.83,0,201728000,1,95.81,0.00,1357025280,1024,1039688704
296.7856,1322352640,6268.5300,3049.11,0,201728000,1,91.59,0.00,1357287424,1024,1039688704
296.8912,1322352640,6271.6500,2952.90,0,201728000,1,92.57,0.00,1357549568,1024,1039688704
296.9970,1322352640,6274.7700,2949.81,0,201728000,1,96.02,0.00,1357549568,1024,1039688704
297.1025,1322352640,6278.0100,3070.06,0,201728000,1,90.91,0.00,1357287424,1024,1039688704
297.2082,1322352640,6281.1300,2954.23,0,201728000,1,97.05,0.00,1357283328,1024,1039688704
297.3140,1322352640,6284.3700,3059.74,0,201728000,1,90.60,0.00,1357283328,1024,1039688704
297.4214,1322352640,6287.6100,3016.59,0,201728000,1,94.56,0.00,1357283328,1024,1039758336
297.5270,1322352640,6290.7300,2955.79,0,201728000,1,93.26,0.00,1357291520,1024,1039758336
297.6321,1322352640,6293.8500,2969.42,0,201728000,1,95.17,0.00,1357291520,1024,1039758336
297.7378,1322352640,6297.0900,3064.96,0,201728000,1,94.01,0.00,1357291520,1024,1039758336
297.8430,1322352640,6300.2100,2964.43,0,201728000,1,91.15,0.00,1357045760,1024,1039803392
297.9535,1322352640,6303.5600,3031.45,0,201728000,1,94.73,0.00,1357041664,1024,1039803392
298.0592,1322352640,6306.6800,2951.99,0,201728000,1,94.02,0.00,1357041664,1024,1039803392
298.1647,1322352640,6309.8000,2957.20,0,201728000,1,99.22,0.00,1357041664,1024,1039806464
298.2744,1322352640,6313.1600,3063.99,0,201728000,1,87.49,0.00,1357041664,1024,1043638784
298.3796,1322352640,6316.2800,2964.71,0,201728000,1,94.13,0.00,1357041664,1024,1043638784
298.4849,1322352640,6319.4000,2964.40,0,201728000,1,95.61,0.00,1357041664,1024,1043638784
298.5907,1322352640,6322.6400,3063.04,0,201728000,1,92.77,0.00,1357041664,1024,1043638784
298.6954,1322352640,6325.7600,2978.91,0,201728000,1,91.60,0.00,1357041664,1024,1043638784
298.8008,1322352640,6328.8800,2958.85,0,201728000,1,96.02,0.00,1357037568,1024,1043638784
298.9065,1322352640,6332.1200,3066.93,0,201728000,1,93.18,0.00,1357037568,1024,1043638784
299.0121,1322352640,6335.2400,2953.29,0,201728000,1,94.95,0.00,1357053952,1024,1043638784
299.1179,1322352640,6338.4800,3064.01,0,201728000,1,93.68,0.00,1357053952,1024,1043638784
299.2231,1322352640,6341.6000,2964.83,0,201728000,1,91.17,0.00,1357053952,1024,1043638784
299.3284,1322352640,6344.7200,2963.30,0,201728000,1,99.73,0.00,1357049856,1024,1043638784
299.4378,1322352640,6348.0700,3062.80,0,201728000,1,90.57,0.00,1357049856,1024,1043638784
299.5436,1322352640,6351.2000,2958.81,0,201728000,1,90.69,0.00,1357049856,1024,1043638784
299.6491,1322352640,6354.4300,3060.20,0,201728000,1,97.11,0.00,1357053952,1024,1043638784
299.7543,1322352640,6357.5500,2966.49,0,201728000,1,91.22,0.00,1357058048,1024,1043638784
299.8597,1322352640,6360.6700,2960.06,0,201728000,1,94.28,0.00,1357320192,1024,1043638784
299.9655,1322352640,6363.9100,3063.47,0,201728000,1,94.85,0.00,1357058048,1024,1043638784
300.0774,1322352640,6367.2700,3000.06,0,201728000,1,94.59,0.00,1357058048,1024,1043638784
300.1826,1322352640,6370.3900,2966.97,0,201728000,1,91.23,0.00,1357053952,1024,1043638784
300.2976,1322352640,6373.8700,3026.41,0,201728000,1,95.93,0.00,1357053952,1024,1043638784
300.4027,1322352640,6376.9900,2967.38,0,201728000,1,91.24,0.00,1356812288,1024,1043638784
300.5084,1322352640,6380.1100,2952.98,0,201728000,1,97.01,0.00,1356812288,1024,1043638784
300.6134,1322352640,6383.3200,3056.18,0,201728000,1,91.04,0.00,1356816384,1024,1043638784
300.7191,1322352640,6386.3600,2877.26,0,201728000,1,91.10,0.00,1356816384,1024,1043663360
300.8246,1322352640,6389.3700,2852.69,0,201728000,1,92.11,0.00,1357078528,1024,1043663360
300.9297,1322352640,6392.6100,3083.18,0,201728000,1,93.38,0.00,1357074432,1024,1043663360
301.0353,1322352640,6395.7300,2953.43,0,201728000,1,90.82,0.00,1357078528,1024,1043663360
301.1407,1322352640,6398.8500,2960.92,0,201728000,1,96.38,0.00,1357078528,1024,1043663360
301.2494,1322352640,6402.2000,3080.37,0,201728000,1,94.25,0.00,1357078528,1024,1043663360
301.3545,1322352640,6405.3200,2969.18,0,201728000,1,91.30,0.00,1357078528,1024,1043663360
301.4601,1322352640,6408.4400,2955.64,0,201728000,1,96.21,0.00,1357078528,1024,1043663360
301.5658,1322352640,6411.6800,3063.77,0,201728000,1,92.79,0.00,1357078528,1024,1043692032
301.6712,1322352640,6414.8000,2961.38,0,201728000,1,93.14,0.00,1357078528,1024,1043692032
301.7775,1322352640,6418.0400,3046.88,0,201728000,1,95.51,0.00,1357074432,1024,1043692032
301.8833,1322352640,6421.1600,2949.51,0,201728000,1,90.69,0.00,1357074432,1024,1043692032
301.9930,1322352640,6424.4000,2954.53,0,201728000,1,95.46,0.00,1357074432,1024,1043692032
302.0985,1322352640,6427.6400,3070.88,0,201728000,1,94.19,0.00,1357074432,1024,1043692032
302.2038,1322352640,6430.7600,2961.27,0,201728000,1,95.21,0.00,1357074432,1024,1043692032
302.3097,1322352640,6434.0000,3059.45,0,201728000,1,92.66,0.00,1357074432,1024,1043692032
302.4149,1322352640,6437.1200,2966.50,0,201728000,1,91.22,0.00,1357074432,1024,1043692032
302.5256,1322352640,6440.4700,3026.93,0,201728000,1,95.72,0.00,1357070336,1024,1043692032
302.6313,1322352640,6443.6000,2961.61,0,201728000,1,92.85,0.00,1357070336,1024,1043692032
302.7367,1322352640,6446.7200,2958.66,0,201728000,1,96.31,0.00,1357086720,1024,1043773952
302.8421,1322352640,6449.9500,3065.28,0,201728000,1,91.04,0.00,1357352960,1024,1043773952
302.9478,1322352640,6453.0700,2951.41,0,201728000,1,96.96,0.00,1357352960,1024,1043773952
303.0535,1322352640,6456.3100,3064.75,0,201728000,1,90.75,0.00,1357352960,1024,1043773952
303.1586,1322352640,6459.4300,2970.00,0,201728000,1,96.68,0.00,1357357056,1024,1043827200
303.2665,1322352640,6462.6700,3003.75,0,201728000,1,90.97,0.00,1357352960,1024,1043827200
303.3722,1322352640,6465.7900,2950.91,0,201728000,1,95.17,0.00,1357352960,1024,1045276160
303.4816,1322352640,6469.0900,3016.34,0,201728000,1,91.12,0.00,1357615104,1024,1045276160
303.5895,1322352640,6472.2300,2911.12,0,201728000,1,92.13,0.00,1357615104,1024,1045276160
303.6955,1322352640,6475.2500,2847.89,0,201728000,1,92.24,0.00,1357615104,1024,1045431808
303.8015,1322352640,6478.3800,2953.93,0,201728000,1,88.18,0.00,1357352960,1024,1045497344
303.9067,1322352640,6481.3900,2860.69,0,201728000,1,89.99,0.00,1357348864,1024,1045497344
304.0127,1322352640,6484.4100,2848.52,0,201728000,1,96.39,0.00,1357348864,1024,1045497344
304.1218,1322352640,6487.7700,3079.93,0,201728000,1,88.51,0.00,1357348864,1024,1045497344
304.2276,1322352640,6490.8900,2949.36,0,201728000,1,96.60,0.00,1357348864,1024,1045497344
304.3335,1322352640,6494.0800,3010.86,0,201728000,1,89.96,0.00,1357348864,1024,1045497344
304.4414,1322352640,6497.2300,2918.64,0,201728000,1,91.21,0.00,1357348864,1024,1045497344
304.5470,1322352640,6500.3500,2956.98,0,201728000,1,92.70,0.00,1357348864,1024,1045657088
304.6531,1322352640,6503.5900,3053.97,0,201728000,1,95.14,0.00,1357344768,1024,1045657088
304.7614,1322352640,6506.8100,2970.63,0,201728000,1,92.83,0.00,1357344768,1024,1045657088
304.8694,1322352640,6509.9900,2944.40,0,201728000,1,92.88,0.00,1357344768,1024,1045657088
304.9755,1322352640,6513.1100,2942.79,0,201728000,1,90.78,0.00,1357344768,1024,1045657088
305.0814,1322352640,6516.3400,3049.03,0,201728000,1,95.58,0.00,1357344768,1024,1045657088
305.1894,1322352640,6519.5800,2998.84,0,201728000,1,94.87,0.00,1357344768,1024,1045657088
305.2953,1322352640,6522.7000,2947.07,0,201728000,1,91.21,0.00,1357344768,1024,1045657088
305.4013,1322352640,6525.9400,3057.92,0,201728000,1,95.26,0.00,1357344768,1024,1045657088
305.5084,1322352640,6529.0600,2913.08,0,201728000,1,95.70,0.00,1357340672,1024,1045657088
305.6140,1322352640,6532.3000,3067.88,0,201728000,1,95.87,0.00,1357340672,1024,1045657088
305.7226,1322352640,6535.5400,2984.23,0,201728000,1,88.65,0.00,1357340672,1024,1045657088
305.8280,1322352640,6538.6600,2959.98,0,201728000,1,97.24,0.00,1357340672,1024,1045657088
305.9377,1322352640,6542.0100,3051.89,0,201728000,1,92.24,0.00,1357340672,1024,1045657088
306.0437,1322352640,6545.1400,2953.45,0,201728000,1,94.95,0.00,1357340672,1024,1045657088
306.1492,1322352640,6548.3700,3061.33,0,201728000,1,93.00,0.00,1357336576,1024,1045657088
306.2553,1322352640,6551.4900,2940.56,0,201728000,1,91.01,0.00,1357336576,1024,1045657088
306.3650,1322352640,6554.8500,3062.18,0,201728000,1,95.69,0.00,1357336576,1024,1045657088
306.4703,1322352640,6557.9700,2963.33,0,201728000,1,93.49,0.00,1357336576,1024,1045657088
306.5764,1322352640,6561.0900,2940.46,0,201728000,1,95.42,0.00,1357336576,1024,1045657088
306.6818,1322352640,6564.3300,3075.32,0,201728000,1,95.21,0.00,1357336576,1024,1045657088
306.7902,1322352640,6567.5700,2988.47,0,201728000,1,90.80,0.00,1357336576,1024,1045657088
306.8961,1322352640,6570.6900,2945.54,0,201728000,1,95.59,0.00,1357332480,1024,1045657088
307.0018,1322352640,6573.9200,3055.86,0,201728000,1,94.90,0.00,1357332480,1024,1045657088
307.1105,1322352640,6577.1600,2980.56,0,201728000,1,90.56,0.00,1357332480,1024,1045657088
307.2160,1322352640,6580.2800,2957.65,0,201728000,1,95.98,0.00,1357332480,1024,1045657088
307.3221,1322352640,6583.4200,2959.16,0,201728000,1,87.47,0.00,1357332480,1024,1045657088
307.4281,1322352640,6586.4300,2839.84,0,201728000,1,93.46,0.00,1357070336,1024,1045657088
307.5334,1322352640,6589.5600,2973.32,0,201728000,1,88.76,0.00,1357066240,1024,1045657088
307.6434,1322352640,6592.8000,2945.18,0,201728000,1,91.47,0.00,1357066240,1024,1045657088
307.7488,1322352640,6595.9200,2960.83,0,201728000,1,97.27,0.00,1357066240,1024,1045657088
307.8545,1322352640,6599.1600,3064.16,0,201728000,1,91.62,0.00,1357066240,1024,1045702144
307.9604,1322352640,6602.2800,2946.37,0,201728000,1,95.03,0.00,1357066240,1024,1045702144
308.0696,1322352640,6605.6400,3077.23,0,201728000,1,93.87,0.00,1357066240,1024,1045702144
308.1757,1322352640,6608.7600,2941.23,0,201728000,1,96.04,0.00,1357066240,1024,1045702144
308.2812,1322352640,6611.9900,3061.93,0,201728000,1,90.65,0.00,1357066240,1024,1045702144
308.3872,1322352640,6615.1200,2950.95,0,201728000,1,92.81,0.00,1357062144,1024,1045702144
308.4965,1322352640,6618.3500,2956.02,0,201728000,1,96.95,0.00,1357062144,1024,1048119296
308.6019,1322352640,6621.5900,3074.42,0,201728000,1,90.74,0.00,1357062144,1024,1048119296
308.7080,1322352640,6624.7100,2940.50,0,201728000,1,96.60,0.00,1357062144,1024,1048152064
308.8134,1322352640,6627.9500,3074.11,0,201728000,1,91.62,0.00,1357062144,1024,1048152064
308.9204,1322352640,6631.0700,2914.86,0,201728000,1,94.30,0.00,1357062144,1024,1048152064
309.0262,1322352640,6634.3000,3053.07,0,201728000,1,96.59,0.00,1357058048,1024,1048152064
309.1342,1322352640,6637.5400,3001.78,0,201728000,1,89.75,0.00,1357058048,1024,1048152064
309.2400,1322352640,6640.6600,2946.66,0,201728000,1,95.33,0.00,1357058048,1024,1048152064
309.3496,1322352640,6644.0200,3068.00,0,201728000,1,93.31,0.00,1357058048,1024,1048152064
309.4551,1322352640,6647.1400,2955.02,0,201728000,1,91.75,0.00,1357058048,1024,1048152064
309.5611,1322352640,6650.3800,3057.74,0,201728000,1,95.26,0.00,1357058048,1024,1048152064
309.6664,1322352640,6653.5000,2964.28,0,201728000,1,93.52,0.00,1357058048,1024,1048152064
309.7725,1322352640,6656.6200,2940.16,0,201728000,1,99.54,0.00,1357053952,1024,1048152064
309.8817,1322352640,6659.9700,3066.01,0,201728000,1,87.80,0.00,1357316096,1024,1048152064
309.9875,1322352640,6663.1000,2959.96,0,201728000,1,93.98,0.00,1357316096,1024,1048246272
310.0934,1322352640,6666.3300,3050.56,0,201728000,1,94.44,0.00,1357053952,1024,1048246272
310.1992,1322352640,6669.4500,2947.10,0,201728000,1,95.34,0.00,1357053952,1024,1048246272
310.3064,1322352640,6672.6900,3022.93,0,201728000,1,91.84,0.00,1357053952,1024,1048246272
310.4136,1322352640,6675.9300,3022.81,0,201728000,1,93.88,0.00,1357053952,1024,1048246272
310.5197,1322352640,6679.0500,2941.66,0,201728000,1,95.17,0.00,1357049856,1024,1048246272
310.6256,1322352640,6682.2900,3059.02,0,201728000,1,96.18,0.00,1357049856,1024,1048246272
310.7335,1322352640,6685.5300,3003.49,0,201728000,1,90.09,0.00,1357049856,1024,1048246272
310.8396,1322352640,6688.6500,2940.14,0,201728000,1,95.12,0.00,1357049856,1024,1048246272
310.9450,1322352640,6691.8800,3064.13,0,201728000,1,93.38,0.00,1357049856,1024,1048246272
311.0507,1322352640,6695.0000,2952.65,0,201728000,1,95.23,0.00,1357049856,1024,1048246272
311.1585,1322352640,6698.2400,3003.13,0,201728000,1,91.24,0.00,1357049856,1024,1048246272
311.2640,1322352640,6701.3600,2957.66,0,201728000,1,95.39,0.00,1357045760,1024,1048246272
311.3701,1322352640,6704.6000,3053.11,0,201728000,1,92.17,0.00,1357045760,1024,1048246272
311.4776,1322352640,6707.8300,3006.04,0,201728000,1,94.52,0.00,1357045760,1024,1048246272
311.5829,1322352640,6710.9600,2973.25,0,201728000,1,91.73,0.00,1357045760,1024,1048246272
311.6890,1322352640,6714.1900,3044.07,0,201728000,1,96.01,0.00,1357045760,1024,1048328192
311.7943,1322352640,6717.3100,2962.49,0,201728000,1,96.44,0.00,1357045760,1024,1048328192
311.9023,1322352640,6720.5500,2998.60,0,201728000,1,89.08,0.00,1357041664,1024,1048328192
312.0081,1322352640,6723.6700,2949.66,0,201728000,1,96.61,0.00,1357041664,1024,1048328192
312.1174,1322352640,6727.0300,3073.29,0,201728000,1,93.18,0.00,1357041664,1024,1048328192
312.2236,1322352640,6730.1600,2950.03,0,201728000,1,94.84,0.00,1357041664,1024,1048328192
312.3292,1322352640,6733.3900,3056.51,0,201728000,1,92.56,0.00,1357041664,1024,1048328192
312.4353,1322352640,6736.5100,2940.96,0,201728000,1,91.32,0.00,1357041664,1024,1048328192
312.5411,1322352640,6739.7500,3061.88,0,201728000,1,95.09,0.00,1357041664,1024,1048336384
312.6494,1322352640,6742.9900,2991.22,0,201728000,1,94.34,0.00,1357037568,1024,1048336384
312.7555,1322352640,6746.1100,2943.33,0,201728000,1,91.39,0.00,1357037568,1024,1048336384
312.8608,1322352640,6749.2300,2960.69,0,201728000,1,95.78,0.00,1357299712,1024,1048356864
312.9664,1322352640,6752.3600,2964.12,0,201728000,1,89.67,0.00,1357299712,1024,1048356864
313.0723,1322352640,6755.3700,2842.40,0,201728000,1,92.07,0.00,1357299712,1024,1048356864
313.1782,1322352640,6758.5100,2966.70,0,201728000,1,90.35,0.00,1357037568,1024,1048479744
313.2843,1322352640,6761.5300,2845.36,0,201728000,1,95.69,0.00,1357037568,1024,1048479744
313.3939,1322352640,6764.8900,3065.26,0,201728000,1,88.09,0.00,1357033472,1024,1048479744
313.5000,1322352640,6768.0100,2941.30,0,201728000,1,95.45,0.00,1357033472,1024,1048479744
313.6094,1322352640,6771.3300,3033.24,0,201728000,1,92.22,0.29,1357033472,1024,1050913280
313.7147,1322352640,6774.4500,2965.36,0,201728000,1,92.37,0.00,1357033472,1024,1051068928
313.8208,1322352640,6777.5700,2939.66,0,201728000,1,94.81,0.00,1357033472,1024,1051150848
313.9262,1322352640,6780.8100,3074.38,0,201728000,1,93.41,0.00,1357033472,1024,1051150848
314.0324,1322352640,6783.9300,2938.28,0,201728000,1,95.06,0.00,1357033472,1024,1051150848
314.1404,1322352640,6787.1500,2980.54,0,201728000,1,92.27,0.00,1357029376,1024,1051150848
314.2460,1322352640,6790.2700,2956.02,0,201728000,1,90.30,0.00,1357029376,1024,1051150848
314.3520,1322352640,6793.3200,2875.63,0,201728000,1,93.10,0.00,1357029376,1024,1051150848
314.4575,1322352640,6796.5600,3072.90,0,201728000,1,93.66,0.00,1357029376,1024,1051150848
314.5646,1322352640,6799.6800,2912.47,0,201728000,1,93.64,0.00,1357029376,1024,1051150848
314.6705,1322352640,6802.9200,3058.31,0,201728000,1,92.03,0.00,1357029376,1024,1051150848
314.7776,1322352640,6806.1600,3026.33,0,201728000,1,95.45,0.00,1357029376,1024,1051150848
314.8835,1322352640,6809.2800,2944.86,0,201728000,1,94.68,0.00,1357025280,1024,1051150848
314.9974,1322352640,6812.7200,3019.63,0,201728000,1,92.72,0.00,1357025280,1024,1051150848
315.1025,1322352640,6815.8400,2969.66,0,201728000,1,90.72,0.00,1357025280,1024,1051269632
315.2087,1322352640,6818.9600,2939.43,0,201728000,1,96.27,0.00,1357025280,1024,1051269632
315.3140,1322352640,6822.2000,3076.17,0,201728000,1,91.98,0.00,1357025280,1024,1051269632
315.4206,1322352640,6825.3200,2927.58,0,201728000,1,94.71,0.00,1357025280,1024,1051269632
315.5284,1322352640,6828.5600,3003.33,0,201728000,1,94.72,0.00,1357025280,1024,1051269632
315.6338,1322352640,6831.8000,3074.84,0,201728000,1,91.94,0.00,1357021184,1024,1051269632
315.7397,1322352640,6834.9200,2946.74,0,201728000,1,95.33,0.00,1356877824,1024,1051269632
315.8451,1322352640,6838.1500,3062.66,0,201728000,1,93.63,0.00,1357139968,1024,1051269632
315.9525,1322352640,6841.2800,2914.61,0,201728000,1,93.41,0.00,1357139968,1024,1051269632
316.0579,1322352640,6844.5100,3064.19,0,201728000,1,94.57,0.00,1357139968,1024,1051269632
316.1646,1322352640,6847.5700,2870.14,0,201728000,1,92.04,0.00,1357402112,1024,1051269632
316.2765,1322352640,6850.9200,2993.34,0,201728000,1,94.66,0.00,1357398016,1024,1051269632
316.3818,1322352640,6854.1600,3077.29,0,201728000,1,90.23,0.00,1357398016,1024,1051269632
316.4869,1322352640,6857.2800,2966.85,0,201728000,1,94.20,0.00,1357398016,1024,1051269632
316.5926,1322352640,6860.4000,2952.85,0,201728000,1,94.64,0.00,1357139968,1024,1051269632
316.6977,1322352640,6863.6400,3081.85,0,201728000,1,94.82,0.00,1357402112,1024,1051269632
316.8031,1322352640,6866.7600,2959.77,0,201728000,1,100.79,0.00,1357402112,1024,1051269632
316.9177,1322352640,6870.1700,2977.22,0,201728000,1,85.67,0.00,1357402112,1024,1051269632
317.0233,1322352640,6873.2600,2926.11,0,201728000,1,89.07,0.00,1357402112,1024,1051269632
317.1290,1322352640,6876.3900,2959.77,0,201728000,1,96.63,0.00,1357402112,1024,1051269632
317.2378,1322352640,6879.5500,2905.65,0,201728000,1,89.08,0.00,1357398016,1024,1051269632
317.3436,1322352640,6882.6700,2947.22,0,201728000,1,89.44,0.00,1357398016,1024,1051269632
317.4488,1322352640,6885.7900,2966.27,0,201728000,1,97.45,0.00,1357398016,1024,1051269632
317.5544,1322352640,6889.0300,3067.51,0,201728000,1,92.31,0.00,1357398016,1024,1051269632
317.6595,1322352640,6892.1500,2968.77,0,201728000,1,94.26,0.00,1357398016,1024,1051294208
317.7653,1322352640,6895.3900,3064.55,0,201728000,1,95.18,0.00,1357398016,1024,1051294208
317.8709,1322352640,6898.5100,2954.93,0,201728000,1,91.45,0.00,1357398016,1024,1051339264
317.9760,1322352640,6901.6300,2966.68,0,201728000,1,97.76,0.00,1357131776,1024,1051351552
318.0823,1322352640,6904.8700,3047.09,0,201728000,1,89.05,0.00,1357131776,1024,1051351552
318.1876,1322352640,6907.9900,2964.78,0,201728000,1,97.40,0.00,1357144064,1024,1051421184
318.2944,1322352640,6911.2300,3033.88,0,201728000,1,91.30,0.00,1357144064,1024,1051421184
318.3996,1322352640,6914.3500,2966.04,0,201728000,1,94.17,0.00,1357152256,1024,1051421184
318.5054,1322352640,6917.5100,2984.57,0,201728000,1,92.97,0.00,1357152256,1024,1051421184
318.6163,1322352640,6920.6500,2831.75,0,201728000,1,93.00,0.00,1357148160,1024,1051421184
318.7295,1322352640,6924.0100,2970.37,0,201728000,1,87.58,0.00,1357148160,1024,1054775808
318.8350,1322352640,6927.0200,2851.35,0,201728000,1,89.10,0.00,1357410304,1024,1054775808
318.9408,1322352640,6930.0400,2856.04,0,201728000,1,91.62,0.00,1357410304,1024,1054775808
319.0459,1322352640,6933.1700,2975.69,0,201728000,1,91.50,0.00,1357410304,1024,1054775808
319.1510,1322352640,6936.1800,2864.40,0,201728000,1,88.92,0.00,1357410304,1024,1054775808
319.2565,1322352640,6939.2000,2862.97,0,201728000,1,94.21,0.00,1357406208,1024,1054775808
319.3621,1322352640,6942.3300,2963.23,0,201728000,1,86.68,0.00,1357152256,1024,1054775808
319.4677,1322352640,6945.3500,2860.13,0,201728000,1,93.82,0.00,1357414400,1024,1054775808
319.5774,1322352640,6948.5900,2952.91,0,201728000,1,90.57,0.00,1357414400,1024,1054775808
319.6829,1322352640,6951.6100,2863.01,0,201728000,1,86.80,0.00,1357414400,1024,1054775808
319.7976,1322352640,6954.9700,2931.24,0,201728000,1,94.05,0.00,1357156352,1024,1054775808
319.9026,1322352640,6957.9900,2874.08,0,201728000,1,87.14,0.00,1357156352,1024,1054775808
320.0083,1322352640,6961.0100,2857.91,0,201728000,1,93.75,0.00,1357152256,1024,1054775808
320.1134,1322352640,6964.2100,3043.53,0,201728000,1,91.54,0.00,1357152256,1024,1054775808
320.2192,1322352640,6967.3300,2951.69,0,201728000,1,93.72,0.00,1357152256,1024,1054775808
320.3247,1322352640,6970.4600,2966.19,0,201728000,1,95.06,0.00,1357152256,1024,1054775808
320.4303,1322352640,6973.6600,3028.95,0,201728000,1,91.11,0.00,1357156352,1024,1054775808
320.5374,1322352640,6976.9000,3024.39,0,201728000,1,95.68,0.00,1357160448,1024,1054775808
320.6428,1322352640,6980.0200,2962.38,0,201728000,1,90.50,0.00,1356902400,1024,1054775808
320.7568,1322352640,6983.3800,2947.43,0,201728000,1,97.32,0.00,1357160448,1024,1054775808
320.8654,1322352640,6986.7400,3091.64,0,201728000,1,92.30,0.00,1357160448,1024,1054775808
320.9709,1322352640,6989.8600,2958.54,0,201728000,1,92.16,0.00,1357160448,1024,1054775808
321.0764,1322352640,6992.9800,2956.78,0,201728000,1,97.14,0.00,1357160448,1024,1054775808
321.1814,1322352640,6996.2200,3085.89,0,201728000,1,90.48,0.00,1357160448,1024,1054775808
321.2870,1322352640,6999.3400,2956.26,0,201728000,1,93.86,0.00,1357160448,1024,1054775808
321.3920,1322352640,7002.4600,2969.69,0,201728000,1,95.48,0.00,1357160448,1024,1054775808
321.4975,1322352640,7005.7000,3073.13,0,201728000,1,94.26,0.00,1357160448,1024,1054820864
321.6029,1322352640,7008.8200,2958.75,0,201728000,1,90.09,0.00,1357160448,1024,1054820864
321.7150,1322352640,7012.1800,2996.01,0,201728000,1,94.18,0.00,1357156352,1024,1054820864
321.8208,1322352640,7015.3000,2950.43,0,201728000,1,100.48,0.00,1357164544,1024,1054820864
321.9297,1322352640,7018.6500,3077.22,0,201728000,1,88.99,0.00,1357164544,1024,1054820864
322.0353,1322352640,7021.7700,2953.77,0,201728000,1,92.31,0.00,1357164544,1024,1054820864
322.1405,1322352640,7024.8900,2965.84,0,201728000,1,95.36,0.00,1357164544,1024,1054820864
322.2455,1322352640,7028.1300,3084.12,0,201728000,1,94.30,0.00,1357164544,1024,1054820864
322.3507,1322352640,7031.2200,2937.54,0,201728000,1,91.50,0.00,1357160448,1024,1054820864
322.4561,1322352640,7034.3800,2999.62,0,201728000,1,98.78,0.00,1357160448,1024,1054820864
322.5615,1322352640,7037.7300,3179.19,0,201728000,1,93.12,0.00,1357160448,1024,1054820864
322.6684,1322352640,7040.9500,3011.89,0,201728000,1,99.09,0.00,1357160448,1024,1054820864
322.7737,1322352640,7044.3000,3181.14,0,201728000,1,95.26,0.00,1357168640,1024,1054906880
322.8815,1322352640,7047.6400,3096.50,0,201728000,1,96.19,0.00,1357430784,1024,1054906880
322.9867,1322352640,7050.8700,3071.66,0,201728000,1,97.18,0.00,1357430784,1024,1054906880
323.0922,1322352640,7054.0900,3052.72,0,201728000,1,98.66,0.00,1357426688,1024,1054972416
323.1970,1322352640,7057.4400,3194.35,0,201728000,1,98.93,0.00,1357426688,1024,1054972416
323.3063,1322352640,7060.7900,3064.72,0,201728000,1,93.49,0.00,1357426688,1024,1054972416
323.4119,1322352640,7064.0100,3050.37,0,201728000,1,98.58,0.00,1357164544,1024,1054972416
323.5167,1322352640,7067.2300,3071.45,0,201728000,1,97.47,0.00,1357164544,1024,1054972416
323.6225,1322352640,7070.5800,3166.56,0,201728000,1,93.05,0.00,1357164544,1024,1054972416
323.7282,1322352640,7073.8000,3047.17,0,201728000,1,99.96,0.00,1357180928,1024,1055140352
323.8330,1322352640,7077.0300,3082.54,0,201728000,1,96.03,0.00,1357176832,1024,1058126848
323.9390,1322352640,7080.3700,3149.81,0,201728000,1,96.37,0.00,1357176832,1024,1058126848
324.0446,1322352640,7083.6000,3058.22,0,201728000,1,101.49,0.00,1357176832,1024,1058192384
324.1537,1322352640,7087.0600,3171.88,0,201728000,1,92.25,0.00,1357176832,1024,1058212864
324.2584,1322352640,7090.2200,3018.27,0,201728000,1,95.51,0.00,1357176832,1024,1058212864
324.3637,1322352640,7093.3400,2963.96,0,201728000,1,90.55,0.00,1357180928,1024,1058212864
324.4692,1322352640,7096.5800,3070.98,0,201728000,1,96.86,0.00,1357176832,1024,1058212864
324.5744,1322352640,7099.7000,2966.49,0,201728000,1,92.70,0.00,1357176832,1024,1058212864
324.6845,1322352640,7102.9400,2940.93,0,201728000,1,95.88,0.00,1357180928,1024,1058212864
324.7897,1322352640,7106.1700,3072.58,0,201728000,1,92.15,0.00,1357180928,1024,1058212864
324.8951,1322352640,7109.2900,2959.81,0,201728000,1,92.49,0.00,1357180928,1024,1058212864
325.0001,1322352640,7112.4100,2969.96,0,201728000,1,95.49,0.00,1357180928,1024,1058212864
325.1053,1322352640,7115.6500,3080.85,0,201728000,1,94.49,0.00,1357180928,1024,1058212864
325.2105,1322352640,7118.7700,2966.58,0,201728000,1,95.68,0.00,1357180928,1024,1058212864
325.3175,1322352640,7122.0100,3026.33,0,201728000,1,92.24,0.00,1357180928,1024,1058212864
325.4228,1322352640,7125.1300,2963.03,0,201728000,1,90.52,0.00,1357176832,1024,1058212864
325.5276,1322352640,7128.2500,2978.15,0,201728000,1,94.86,0.00,1357176832,1024,1058212864
325.6365,1322352640,7131.4900,2974.19,0,201728000,1,96.67,0.00,1357176832,1024,1058212864
325.7416,1322352640,7134.7300,3083.62,0,201728000,1,91.01,0.00,1357176832,1024,1058212864
325.8472,1322352640,7137.8500,2954.05,0,201728000,1,93.79,0.00,1357438976,1024,1058212864
325.9523,1322352640,7140.9700,2969.29,0,201728000,1,95.76,0.00,1357438976,1024,1058212864
326.0616,1322352640,7144.3200,3065.54,0,201728000,1,91.79,0.00,1357438976,1024,1058212864
326.1672,1322352640,7147.4500,2962.66,0,201728000,1,93.77,0.00,1357451264,1024,1058212864
326.2723,1322352640,7150.5700,2969.80,0,201728000,1,95.78,0.00,1357643776,1024,1058212864
326.3777,1322352640,7153.8000,3064.33,0,201728000,1,93.39,0.00,1357643776,1024,1058212864
326.4835,1322352640,7156.9200,2947.52,0,201728000,1,90.34,0.00,1357639680,1024,1058212864
326.5893,1322352640,7160.1600,3064.70,0,201728000,1,96.07,0.00,1357639680,1024,1058475008
326.6948,1322352640,7163.2800,2956.15,0,201728000,1,92.97,0.00,1357639680,1024,1058475008
326.8001,1322352640,7166.4000,2961.64,0,201728000,1,95.22,0.00,1357643776,1024,1058503680
326.9096,1322352640,7169.7600,3070.33,0,201728000,1,92.81,0.00,1357344768,1024,1058503680
327.0174,1322352640,7173.0000,3003.48,0,201728000,1,95.31,0.00,1357082624,1024,1058503680
327.1233,1322352640,7176.1200,2948.41,0,201728000,1,90.37,0.00,1357344768,1024,1058503680
327.2289,1322352640,7179.2300,2945.36,0,201728000,1,96.19,0.00,1357340672,1024,1058503680
327.3343,1322352640,7182.4700,3073.84,0,201728000,1,92.80,0.00,1357340672,1024,1058503680
327.4397,1322352640,7185.5900,2959.13,0,201728000,1,93.66,0.00,1357348864,1024,1058503680
327.5451,1322352640,7188.8200,3063.20,0,201728000,1,98.39,0.00,1357348864,1024,1058503680
327.6574,1322352640,7192.1800,2991.93,0,201728000,1,91.27,0.00,1357348864,1024,1058503680
327.7627,1322352640,7195.3000,2964.90,0,201728000,1,90.87,0.00,1357348864,1024,1058503680
327.8683,1322352640,7198.4200,2953.69,0,201728000,1,99.99,0.00,1357344768,1024,1058720768
327.9814,1322352640,7201.9000,3075.94,0,201728000,1,88.67,0.00,1357344768,1024,1058720768
328.0872,1322352640,7205.0500,2979.58,0,201728000,1,94.59,0.00,1357344768,1024,1058720768
328.1928,1322352640,7208.2700,3048.84,0,201728000,1,98.53,0.00,1357344768,1024,1058720768
328.2985,1322352640,7211.6200,3167.33,0,201728000,1,96.62,0.00,1357344768,1024,1058720768
328.4044,1322352640,7214.8400,3040.72,0,201728000,1,97.97,0.00,1357090816,1024,1058720768
328.5101,1322352640,7218.1900,3170.59,0,201728000,1,94.64,0.00,1357352960,1024,1058720768
328.6155,1322352640,7221.4100,3053.76,0,201728000,1,95.73,0.00,1357352960,1024,1058720768
328.7214,1322352640,7224.7600,3164.58,0,201728000,1,98.01,0.00,1357348864,1024,1058720768
328.8296,1322352640,7228.1000,3087.72,0,201728000,1,97.36,0.00,1357611008,1024,1058720768
328.9348,1322352640,7231.3300,3070.47,0,201728000,1,95.66,0.00,1357615104,1024,1062259200
329.0404,1322352640,7234.5600,3056.58,0,201728000,1,98.48,0.00,1357615104,1024,1062259200
329.1459,1322352640,7237.9000,3168.66,0,201728000,1,96.65,0.00,1357352960,1024,1062259200
329.2534,1322352640,7241.2500,3113.49,0,201728000,1,96.72,0.00,1357352960,1024,1062259200
329.3690,1322352640,7244.8500,3114.21,0,201728000,1,97.32,0.00,1357352960,1024,1062259200
329.4742,1322352640,7248.0700,3062.22,0,201728000,1,95.99,0.00,1357348864,1024,1062308352
329.5798,1322352640,7251.2900,3047.80,0,201728000,1,98.50,0.00,1357348864,1024,1062308352
329.6849,1322352640,7254.5200,3073.65,0,201728000,1,96.94,0.00,1357348864,1024,1062308352
329.7901,1322352640,7257.8600,3176.08,0,201728000,1,95.09,0.00,1357348864,1024,1062308352
329.8957,1322352640,7261.0800,3048.87,0,201728000,1,95.28,0.00,1357348864,1024,1062308352
330.0007,1322352640,7264.3000,3067.73,0,201728000,1,99.14,0.00,1357348864,1024,1062308352
330.1061,1322352640,7267.6500,3176.30,0,201728000,1,96.59,0.00,1357348864,1024,1062308352
330.2134,1322352640,7271.0000,3121.90,0,201728000,1,96.98,0.00,1357344768,1024,1062308352
330.3190,1322352640,7274.2200,3050.83,0,201728000,1,96.82,0.00,1357344768,1024,1062308352
330.4241,1322352640,7277.4400,3063.05,0,201728000,1,98.69,0.00,1357344768,1024,1062308352
330.5325,1322352640,7280.7900,3091.90,0,201728000,1,96.05,0.00,1357344768,1024,1062308352
330.6376,1322352640,7284.1400,3186.87,0,201728000,1,97.21,0.00,1357344768,1024,1062308352
330.7428,1322352640,7287.3700,3071.05,0,201728000,1,93.59,0.00,1357344768,1024,1062308352
330.8484,1322352640,7290.5900,3048.84,0,201728000,1,99.71,0.00,1357340672,1024,1062308352
330.9531,1322352640,7293.9400,3197.94,0,201728000,1,96.65,0.00,1357340672,1024,1062308352
331.0614,1322352640,7297.2800,3083.47,0,201728000,1,95.49,0.00,1357340672,1024,1062308352
331.1666,1322352640,7300.5100,3071.07,0,201728000,1,97.46,0.00,1357340672,1024,1062308352
331.2723,1322352640,7303.7300,3047.43,0,201728000,1,98.49,0.00,1357340672,1024,1062472192
331.3775,1322352640,7307.0700,3173.83,0,201728000,1,96.81,0.00,1357365248,1024,1062472192
331.4832,1322352640,7310.3000,3055.38,0,201728000,1,93.12,0.00,1357365248,1024,1062472192
331.5934,1322352640,7313.7700,3148.52,0,201728000,1,99.53,0.00,1357365248,1024,1062472192
331.7016,1322352640,7317.1100,3088.47,0,201728000,1,95.65,0.00,1357365248,1024,1062472192
331.8075,1322352640,7320.3200,3029.78,0,201728000,1,96.16,0.00,1357631488,1024,1062484480
331.9127,1322352640,7323.5500,3071.67,0,201728000,1,98.96,0.00,1357369344,1024,1062484480
332.0180,1322352640,7326.8900,3172.63,0,201728000,1,96.77,0.00,1357365248,1024,1062590976
332.1238,1322352640,7330.1200,3052.78,0,201728000,1,98.35,0.00,1357373440,1024,1062590976
332.2289,1322352640,7333.3400,3063.85,0,201728000,1,94.85,0.00,1357369344,1024,1062590976
332.3374,1322352640,7336.7600,3149.83,0,201728000,1,96.71,0.00,1357373440,1024,1062738432
332.4497,1322352640,7340.1200,2993.90,0,201728000,1,92.17,0.00,1357373440,1024,1062738432
332.5546,1322352640,7343.2400,2973.84,0,201728000,1,93.23,0.00,1357377536,1024,1062738432
332.6601,1322352640,7346.3600,2957.57,0,201728000,1,95.09,0.00,1357377536,1024,1062738432
332.7652,1322352640,7349.5900,3073.23,0,201728000,1,94.25,0.00,1357373440,1024,1062738432
332.8707,1322352640,7352.7100,2956.08,0,201728000,1,91.49,0.00,1357373440,1024,1062738432
332.9758,1322352640,7355.8300,2970.87,0,201728000,1,93.14,0.00,1357373440,1024,1062738432
333.0811,1322352640,7359.0700,3075.30,0,201728000,1,94.92,0.00,1357373440,1024,1062738432
333.1863,1322352640,7362.1900,2965.91,0,201728000,1,96.84,0.00,1357373440,1024,1062738432
333.2935,1322352640,7365.4300,3023.78,0,201728000,1,91.29,0.00,1357373440,1024,1062738432
333.3990,1322352640,7368.6000,3004.63,0,201728000,1,95.38,0.00,1357373440,1024,1062738432
333.5036,1322352640,7371.8200,3078.36,0,201728000,1,94.11,0.00,1357373440,1024,1062738432
333.6091,1322352640,7375.1700,3175.45,0,201728000,1,103.97,0.00,1357373440,1024,1062738432
333.7180,1322352640,7378.5200,3075.01,0,201728000,1,93.51,0.00,1357373440,1024,1062898176
333.8230,1322352640,7381.7400,3067.33,0,201728000,1,105.68,0.00,1357119488,1024,1062898176
333.9379,1322352640,7385.2200,3028.76,0,201728000,1,85.67,0.00,1357377536,1024,1062898176
334.0430,1322352640,7388.3400,2966.57,0,201728000,1,91.22,0.00,1357377536,1024,1065730048
334.1481,1322352640,7391.4600,2971.25,0,201728000,1,96.42,0.00,1357377536,1024,1065730048
334.2530,1322352640,7394.6900,3076.77,0,201728000,1,97.94,0.00,1356910592,1024,1065730048
334.3622,1322352640,7397.9300,2967.18,0,201728000,1,87.86,0.00,1357172736,1024,1065730048
334.4671,1322352640,7401.0500,2975.83,0,201728000,1,93.89,0.00,1357172736,1024,1065730048
334.5725,1322352640,7404.1700,2960.02,0,201728000,1,95.47,0.00,1357172736,1024,1065779200
334.6779,1322352640,7407.4100,3072.43,0,201728000,1,93.64,0.00,1357172736,1024,1065779200
334.7834,1322352640,7410.5300,2959.08,0,201728000,1,90.99,0.00,1357168640,1024,1065779200
334.8964,1322352640,7413.8900,2973.73,0,201728000,1,97.63,0.00,1357430784,1024,1065779200
335.0054,1322352640,7417.2500,3079.98,0,201728000,1,92.24,0.00,1357430784,1024,1065779200
335.1109,1322352640,7420.3700,2957.82,0,201728000,1,91.54,0.00,1357430784,1024,1065779200
335.2157,1322352640,7423.4900,2976.61,0,201728000,1,98.09,0.00,1357168640,1024,1065779200
335.3213,1322352640,7426.7300,3070.71,0,201728000,1,90.92,0.00,1357164544,1024,1065779200
335.4262,1322352640,7429.7400,2868.13,0,201728000,1,90.82,0.00,1357168640,1024,1065779200
335.5319,1322352640,7432.7600,2858.14,0,201728000,1,91.98,0.00,1357168640,1024,1065779200
335.6372,1322352640,7435.8900,2971.86,0,201728000,1,90.79,0.00,1357168640,1024,1065779200
335.7455,1322352640,7439.1100,2974.34,0,201728000,1,92.37,0.00,1357168640,1024,1065779200
335.8512,1322352640,7442.2300,2950.62,0,201728000,1,91.32,0.00,1357168640,1024,1065779200
335.9564,1322352640,7445.3300,2947.83,0,201728000,1,99.25,0.00,1357168640,1024,1065779200
336.0694,1322352640,7448.7800,3050.49,0,201728000,1,88.97,0.00,1357164544,1024,1065779200
336.1753,1322352640,7451.9000,2947.13,0,201728000,1,92.10,0.00,1357164544,1024,1065779200
336.2809,1322352640,7455.1300,3059.00,0,201728000,1,100.03,0.00,1357164544,1024,1065779200
336.3907,1322352640,7458.3800,2960.58,0,201728000,1,88.25,0.00,1357164544,1024,1065779200
336.4960,1322352640,7461.4900,2951.80,0,201728000,1,97.58,0.00,1357164544,1024,1065779200
336.6046,1322352640,7464.7300,2985.69,0,201728000,1,92.44,0.00,1357164544,1024,1065779200
336.7106,1322352640,7467.9700,3054.58,0,201728000,1,91.33,0.00,1357160448,1024,1065779200
336.8156,1322352640,7471.0600,2943.23,0,201728000,1,97.04,0.00,1357422592,1024,1065779200
336.9217,1322352640,7474.3000,3052.85,0,201728000,1,90.40,0.00,1357422592,1024,1065779200
337.0274,1322352640,7477.4200,2954.31,0,201728000,1,95.87,0.00,1357422592,1024,1065779200
337.1333,1322352640,7480.6600,3057.62,0,201728000,1,92.01,0.00,1357160448,1024,1065779200
337.2414,1322352640,7483.8400,2940.89,0,201732096,1,91.90,0.00,1357160448,1024,1065779200
337.3472,1322352640,7486.8600,2856.09,0,201732096,1,89.84,0.00,1357160448,1024,1065779200
337.4528,1322352640,7489.8700,2850.47,0,201732096,1,92.04,0.00,1357160448,1024,1065779200
337.5584,1322352640,7493.0000,2963.64,0,201732096,1,90.54,0.00,1357156352,1024,1065779200
337.6686,1322352640,7496.1300,2840.77,0,201732096,1,90.76,0.00,1357156352,1024,1065779200
337.7740,1322352640,7499.2600,2970.39,0,201732096,1,89.56,0.00,1357152256,1024,1065779200
337.8798,1322352640,7502.2800,2853.34,0,201732096,1,92.41,0.00,1357152256,1024,1065779200
337.9851,1322352640,7505.4100,2972.79,0,201732096,1,90.23,0.00,1357152256,1024,1065779200
338.0906,1322352640,7508.4200,2852.51,0,201732096,1,92.10,0.00,1357152256,1024,1065820160
338.1979,1322352640,7511.5500,2918.15,0,201732096,1,89.15,0.00,1357152256,1024,1065820160
338.3034,1322352640,7514.5700,2862.52,0,201732096,1,87.97,0.00,1357152256,1024,1065820160
338.4124,1322352640,7517.7000,2871.45,0,201732096,1,93.17,0.00,1357152256,1024,1065820160
338.5181,1322352640,7520.8800,3006.94,0,201732096,1,91.90,0.00,1357148160,1024,1065820160
338.6235,1322352640,7524.0000,2959.51,0,201732096,1,95.45,0.00,1357148160,1024,1065820160
338.7294,1322352640,7527.2400,3060.50,0,201732096,1,94.76,0.00,1356890112,1024,1065820160
338.8377,1322352640,7530.4800,2991.16,0,201732096,1,91.17,0.00,1356890112,1024,1065820160
338.9437,1322352640,7533.6000,2945.55,0,201732096,1,95.29,0.00,1356890112,1024,1065881600
339.0490,1322352640,7536.8300,3066.93,0,201732096,1,91.39,0.00,1356886016,1024,1065881600
339.1540,1322352640,7539.9500,2970.66,0,201732096,1,97.59,0.00,1356886016,1024,1068574720
339.2622,1322352640,7543.1900,2994.49,0,201732096,1,89.25,0.00,1356886016,1024,1068574720
339.3679,1322352640,7546.3100,2950.73,0,201732096,1,95.46,0.00,1356886016,1024,1068574720
339.4774,1322352640,7549.6400,3040.68,0,201732096,1,92.74,0.00,1356886016,1024,1068574720
339.5831,1322352640,7552.7600,2951.89,0,201732096,1,91.36,0.00,1356886016,1024,1068574720
339.6890,1322352640,7555.9900,3050.42,0,201732096,1,95.33,0.00,1356886016,1024,1068574720
339.7942,1322352640,7559.1100,2966.38,0,201732096,1,93.00,0.00,1356886016,1024,1068574720
339.9014,1322352640,7562.3500,3021.26,0,201732096,1,94.41,0.00,1356881920,1024,1068574720
340.0073,1322352640,7565.4700,2948.54,0,201732096,1,92.73,0.00,1356881920,1024,1068574720
340.1136,1322352640,7568.7100,3047.59,0,201732096,1,94.65,0.00,1356881920,1024,1068574720
340.2195,1322352640,7571.8300,2944.33,0,201732096,1,95.25,0.00,1356881920,1024,1068574720
340.3259,1322352640,7575.0700,3046.16,0,201732096,1,92.55,0.00,1356881920,1024,1068574720
340.4319,1322352640,7578.1900,2944.10,0,201732096,1,94.95,0.00,1356881920,1024,1068574720
340.5371,1322352640,7581.4300,3078.60,0,201732096,1,93.53,0.00,1356877824,1024,1068574720
340.6425,1322352640,7584.5500,2961.56,0,201732096,1,95.81,0.00,1356877824,1024,1068574720
340.7503,1322352640,7587.7900,3004.00,0,201732096,1,89.53,0.00,1357139968,1024,1068574720
340.8553,1322352640,7590.9100,2972.15,0,201732096,1,93.18,0.00,1357139968,1024,1068574720
340.9609,1322352640,7594.1400,3058.01,0,201732096,1,100.00,0.00,1357402112,1024,1068574720
341.0703,1322352640,7597.3800,2961.59,0,201732096,1,88.26,0.00,1357402112,1024,1068574720
341.1762,1322352640,7600.5000,2946.88,0,201732096,1,96.81,0.00,1357402112,1024,1068574720
341.2819,1322352640,7603.7400,3066.03,0,201732096,1,91.38,0.00,1357398016,1024,1068574720
341.3896,1322352640,7606.9800,3008.26,0,201732096,1,93.72,0.00,1357398016,1024,1068574720
341.4949,1322352640,7610.1000,2963.63,0,201732096,1,92.91,0.00,1357398016,1024,1068574720
341.6009,1322352640,7613.3400,3054.62,0,201732096,1,95.46,0.00,1357398016,1024,1068574720
341.7068,1322352640,7616.4600,2947.18,0,201732096,1,92.69,0.00,1357398016,1024,1068574720
341.8162,1322352640,7619.7000,2960.76,0,201732096,1,96.24,0.00,1357398016,1024,1068574720
341.9221,1322352640,7622.9300,3049.50,0,201732096,1,90.87,0.00,1357922304,1024,1068574720
342.0274,1322352640,7626.0500,2964.58,0,201732096,1,93.53,0.00,1357918208,1024,1068574720
342.1331,1322352640,7629.2900,3064.25,0,201732096,1,94.58,0.00,1357656064,1024,1068574720
342.2416,1322352640,7632.5300,2986.57,0,201732096,1,93.62,0.00,1357656064,1024,1068574720
342.3475,1322352640,7635.6500,2946.47,0,201732096,1,92.67,0.00,1357656064,1024,1068574720
342.4528,1322352640,7638.7700,2963.54,0,201732096,1,95.28,0.00,1357656064,1024,1068574720
342.5584,1322352640,7642.0100,3067.58,0,201732096,1,96.16,0.00,1357656064,1024,1068574720
342.6663,1322352640,7645.2500,3002.41,0,201732096,1,90.93,0.00,1357656064,1024,1068574720
342.7718,1322352640,7648.3700,2957.19,0,201732096,1,95.08,0.00,1357656064,1024,1068599296
342.8816,1322352640,7651.7200,3051.22,0,201732096,1,92.50,0.00,1357651968,1024,1068599296
342.9875,1322352640,7654.8400,2946.39,0,201732096,1,93.55,0.00,1357651968,1024,1068840960
343.0928,1322352640,7657.9600,2962.98,0,201732096,1,94.37,0.00,1357651968,1024,1068840960
343.1981,1322352640,7661.2000,3077.89,0,201732096,1,93.81,0.00,1357651968,1024,1068840960
343.3054,1322352640,7664.4400,3017.22,0,201732096,1,94.00,0.00,1357651968,1024,1068840960
343.4110,1322352640,7667.5600,2955.22,0,201732096,1,91.76,0.00,1357647872,1024,1068840960
343.5199,1322352640,7670.8000,2974.68,0,201732096,1,96.40,0.00,1357647872,1024,1068840960
343.6256,1322352640,7674.0400,3065.87,0,201732096,1,92.85,0.00,1357647872,1024,1068840960
343.7317,1322352640,7677.1600,2940.86,0,201732096,1,94.55,0.00,1357647872,1024,1068996608
343.8377,1322352640,7680.3900,3048.50,0,201732096,1,93.20,0.00,1357647872,1024,1068996608
343.9439,1322352640,7683.5200,2946.48,0,201732096,1,95.02,0.00,1357647872,1024,1068996608
344.0520,1322352640,7686.7500,2988.29,0,201732096,1,92.81,0.00,1357647872,1024,1068996608
344.1577,1322352640,7689.9900,3063.74,0,201732096,1,93.38,0.00,1357647872,1024,1069062144
344.2628,1322352640,7693.1100,2970.59,0,201732096,1,91.94,0.00,1357643776,1024,1071717376
344.3724,1322352640,7696.3500,2954.41,0,201732096,1,95.46,0.00,1357643776,1024,1071717376
344.4778,1322352640,7699.5900,3073.71,0,201732096,1,93.68,0.00,1357643776,1024,1071717376
344.5834,1322352640,7702.7100,2955.45,0,201732096,1,91.47,0.00,1357643776,1024,1071717376
344.6888,1322352640,7705.8300,2961.78,0,201732096,1,96.12,0.00,1357381632,1024,1071717376
344.7944,1322352640,7709.0700,3066.99,0,201732096,1,92.00,0.00,1357381632,1024,1071741952
344.8997,1322352640,7712.1900,2962.08,0,201732096,1,96.42,0.00,1357639680,1024,1071741952
345.0096,1322352640,7715.5500,3058.55,0,201732096,1,92.17,0.00,1357639680,1024,1071741952
345.1149,1322352640,7718.6700,2961.82,0,201732096,1,92.56,0.00,1357639680,1024,1071741952
345.2207,1328250880,7721.6900,2854.30,0,201736192,1,92.45,0.00,1363931136,1024,1071741952
345.3268,1328250880,7724.6000,2742.62,0,201736192,1,83.06,0.00,1363931136,1024,1071741952
345.4320,1328250880,7727.4100,2671.65,0,201736192,1,85.57,0.00,1363931136,1024,1071741952
345.5417,1328250880,7730.4300,2754.11,0,201736192,1,83.79,0.00,1363931136,1024,1071741952
345.6472,1328250880,7733.2400,2661.95,0,201736192,1,83.78,0.00,1363931136,1024,1071741952
345.7530,1328250880,7736.1500,2752.14,0,201736192,1,84.82,0.00,1363927040,1024,1071741952
345.8590,1328250880,7738.9600,2650.83,0,201736192,1,84.02,0.00,1364189184,1024,1071741952
345.9696,1328250880,7741.9800,2730.15,0,201736192,1,84.75,0.00,1364189184,1024,1071741952
346.0749,1328250880,7744.7900,2666.97,0,201736192,1,82.75,0.00,1364189184,1024,1071741952
346.1803,1328250880,7747.6000,2667.25,0,201736192,1,87.21,0.00,1363927040,1024,1071741952
346.2863,1328250880,7750.5100,2744.05,0,201736192,1,83.39,0.00,1363927040,1024,1071741952
346.3921,1328250880,7753.3200,2656.57,0,201736192,1,84.79,0.00,1363922944,1024,1071741952
346.4976,1328250880,7756.2300,2758.16,0,201736192,1,84.42,0.00,1363922944,1024,1071741952
346.6041,1328250880,7759.0400,2640.19,0,201736192,1,85.74,0.00,1363922944,1024,1071741952
346.7096,1328250880,7761.9500,2756.23,0,201736192,1,82.28,0.00,1363922944,1024,1071741952
346.8176,1328250880,7764.8700,2705.04,0,201736192,1,85.11,0.00,1363922944,1024,1071741952
346.9232,1328250880,7767.6600,2642.66,0,201736192,1,82.29,0.00,1363922944,1024,1071741952
347.0287,1328250880,7770.3000,2501.22,0,201736192,1,81.42,0.00,1363918848,1024,1071741952
347.1376,1331396608,7773.0000,2479.68,0,201736192,1,74.91,0.00,1367064576,1024,1071741952
347.2433,1331396608,7775.4900,2355.97,0,201736192,1,73.62,0.00,1367064576,1024,1071741952
347.3487,1331396608,7777.9900,2372.10,0,201736192,1,76.50,0.00,1367064576,1024,1071741952
347.4542,1331396608,7780.6200,2491.73,0,201736192,1,74.31,0.00,1367064576,1024,1071741952
347.5601,1331396608,7783.2200,2456.32,0,201736192,1,80.30,0.00,1367064576,1024,1071741952
347.6650,1331396608,7785.9200,2573.68,0,201736192,1,77.45,0.00,1367064576,1024,1071741952
347.7701,1331396608,7788.5200,2472.68,0,201736192,1,77.57,0.00,1367060480,1024,1071741952
347.8754,1331396608,7791.1200,2469.54,0,201736192,1,76.58,0.00,1367068672,1024,1071774720
347.9808,1331396608,7793.7200,2466.02,0,201736192,1,80.32,0.00,1366810624,1024,1071774720
348.0863,1331396608,7796.4200,2560.29,0,201736192,1,77.05,0.00,1366810624,1024,1071774720
348.1912,1331396608,7799.0200,2477.91,0,201736192,1,77.73,0.00,1366810624,1024,1071774720
348.2972,1331396608,7801.6900,2519.89,0,201740288,1,78.45,0.00,1366810624,1024,1071774720
348.4022,1331396608,7804.1800,2370.34,0,201740288,1,74.07,0.00,1366810624,1024,1071774720
348.5078,1331396608,7806.6800,2367.35,0,201740288,1,78.12,0.00,1366433792,1024,1071774720
348.6136,1331396608,7809.2600,2439.90,0,201740288,1,73.59,0.00,1366429696,1024,1071774720
348.7186,1331396608,7811.7600,2381.14,0,201740288,1,74.71,0.00,1366429696,1024,1071774720
348.8245,1331396608,7814.2600,2359.41,0,201740288,1,76.09,0.00,1366691840,1024,1071774720
348.9299,1331396608,7816.8500,2458.40,0,201740288,1,74.45,0.00,1366691840,1024,1071819776
349.0353,1331396608,7819.3400,2361.08,0,201740288,1,73.49,0.00,1366691840,1024,1071819776
349.1406,1331396608,7821.8400,2374.46,0,201740288,1,77.17,0.00,1366953984,1024,1071893504
349.2464,1331396608,7824.4300,2448.65,0,201740288,1,73.57,0.00,1366949888,1024,1071893504
349.3522,1331396608,7826.9300,2362.58,0,201740288,1,76.49,0.00,1367023616,1024,1071893504
349.4573,1331396608,7829.5200,2465.77,0,201740288,1,74.68,0.00,1367023616,1024,1074345472
349.5629,1331396608,7832.0100,2357.55,0,201740288,1,73.97,0.00,1367023616,1024,1074345472
349.6683,1331396608,7834.5100,2371.66,0,201740288,1,77.08,0.00,1367023616,1024,1074345472
349.7737,1331396608,7837.0800,2436.97,0,201740288,1,72.30,0.00,1367023616,1024,1074345472
349.8797,1331396608,7839.4700,2254.93,0,201740288,1,73.71,0.00,1367023616,1024,1074345472
349.9847,1331396608,7841.8600,2276.28,0,201740288,1,70.54,0.00,1367019520,1024,1074345472
350.0902,1331396608,7844.3400,2350.45,0,201740288,1,71.67,0.00,1367019520,1024,1074345472
350.1955,1331396608,7846.7400,2279.18,0,201740288,1,70.33,0.00,1366298624,1024,1074345472
350.3011,1331396608,7849.2200,2350.47,0,201740288,1,74.04,0.00,1366298624,1024,1074345472
350.4068,1331396608,7851.6100,2260.37,0,201740288,1,70.34,0.00,1366298624,1024,1074345472
350.5125,1331396608,7854.0000,2260.74,0,201740288,1,73.01,0.00,1366298624,1024,1074345472
350.6185,1331396608,7856.4900,2348.43,0,201740288,1,71.03,0.00,1366298624,1024,1074345472
350.7241,1331396608,7858.8800,2264.71,0,201740288,1,73.44,0.00,1366294528,1024,1074365952
350.8296,1331396608,7861.2900,2283.67,0,201740288,1,69.59,0.00,1366294528,1024,1074365952
350.9355,1331396608,7863.5800,2163.21,0,201740288,1,66.42,0.00,1366294528,1024,1074365952
351.0405,1331396608,7865.8700,2179.67,0,201740288,1,71.39,0.00,1366294528,1024,1074365952
351.1463,1331396608,7868.2400,2240.62,0,201740288,1,67.06,0.00,1366294528,1024,1074365952
351.2521,1331396608,7870.5300,2165.42,0,201740288,1,70.03,0.00,1366294528,1024,1074365952
351.3577,1331396608,7872.9100,2252.04,0,201740288,1,68.01,0.00,1366552576,1024,1074365952
351.4637,1331396608,7875.2000,2161.65,0,201740288,1,69.91,0.00,1366294528,1024,1074365952
351.5694,1331396608,7877.5700,2242.41,0,201740288,1,68.89,0.00,1366294528,1024,1074365952
351.6748,1331396608,7879.7800,2095.33,0,201740288,1,64.29,0.00,1366245376,1024,1074365952
351.7808,1331396608,7881.9700,2067.59,0,201740288,1,67.56,0.00,1366245376,1024,1074365952
351.8863,1331396608,7884.2400,2150.60,0,201740288,1,63.95,0.00,1366507520,1024,1074365952
351.9921,1331396608,7886.4200,2060.43,0,201740288,1,67.05,0.00,1366507520,1024,1074365952
352.0975,1331396608,7888.6900,2153.63,0,201740288,1,64.93,0.00,1366503424,1024,1074365952
352.2034,1334542336,7890.7900,1982.39,0,201740288,1,62.24,0.00,1369911296,1024,1074365952
352.3093,1334542336,7892.9500,2040.41,0,201740288,1,64.06,0.00,1369911296,1024,1074365952
352.4143,1334542336,7895.0300,1980.60,0,201740288,1,61.00,0.00,1369911296,1024,1074365952
352.5203,1334542336,7896.9600,1821.36,0,201740288,1,60.16,0.00,1369911296,1024,1074365952
352.6255,1334542336,7898.9100,1854.05,0,201740288,1,54.67,0.00,1369911296,1024,1074365952
352.7305,1334542336,7900.7800,1780.38,0,201740288,1,56.83,0.00,1369911296,1024,1074365952
352.8364,1334542336,7902.6500,1766.54,0,201740288,1,56.68,0.00,1369911296,1024,1074365952
352.9419,1334542336,7904.6000,1847.41,0,201740288,1,55.96,0.00,1369907200,1024,1074365952
353.0477,1337688064,7906.4600,1758.87,0,201740288,1,57.03,0.00,1373315072,1024,1074406912
353.1530,1340833792,7908.2500,1699.35,0,201740288,1,50.14,0.00,1376485376,1024,1074406912
353.2586,1340833792,7909.9100,1571.20,0,201740288,1,49.40,0.00,1376485376,1024,1074406912
353.3636,1340833792,7911.5100,1523.89,0,201740288,1,48.81,0.00,1376485376,1024,1074406912
353.4691,1343979520,7913.0900,1497.55,0,201740288,1,46.50,0.00,1379631104,1024,1074406912
353.5744,1343979520,7914.5500,1386.84,0,201740288,1,42.15,0.00,1379377152,1024,1074406912
353.6798,1343979520,7916.0000,1376.22,0,201740288,1,45.68,0.00,1379377152,1024,1074406912
353.7848,1343979520,7917.4600,1390.15,0,201740288,1,42.55,0.00,1379377152,1024,1074583040
353.8900,1343979520,7918.9700,1435.78,0,201740288,1,44.27,0.00,1379377152,1024,1074583040
353.9950,1343979520,7920.4300,1390.28,0,201740288,1,42.26,0.00,1379639296,1024,1074583040
354.0998,1343979520,7921.8300,1335.71,0,201744384,1,44.13,0.00,1379639296,1024,1074583040
354.2053,1343979520,7923.2300,1327.35,0,201744384,1,39.41,0.00,1379639296,1024,1074583040
354.3106,1343979520,7924.5800,1282.06,0,201744384,1,40.95,0.00,1379377152,1024,1074583040
354.4159,1343979520,7925.9400,1291.44,0,201744384,1,40.95,0.00,1379278848,1024,1074705920
354.5214,1343979520,7927.3400,1327.37,0,201744384,1,40.30,0.00,1379278848,1024,1076715520
354.6264,1343979520,7928.6900,1284.59,0,201744384,1,39.85,0.00,1379024896,1024,1076715520
354.7317,1343979520,7930.0400,1282.53,0,201744384,1,41.27,0.00,1379024896,1024,1076715520
354.8370,1343979520,7931.4500,1338.99,0,201744384,1,40.66,0.00,1379282944,1024,1076768768
354.9423,1343979520,7932.8000,1282.68,0,201744384,1,40.38,0.00,1379282944,1024,1076768768
355.0474,1347125248,7934.0600,1197.86,0,201744384,1,37.43,0.00,1382428672,1024,1076768768
355.1523,1347125248,7935.3000,1182.66,0,201744384,1,38.15,0.00,1382428672,1024,1076768768
355.2576,1347125248,7936.6000,1234.88,0,201744384,1,37.70,0.00,1382428672,1024,1076768768
355.3630,1347125248,7937.8500,1185.73,0,201744384,1,37.05,0.00,1382428672,1024,1076768768
355.4680,1347125248,7939.1000,1189.95,0,201744384,1,38.67,0.00,1382428672,1024,1076768768
355.5733,1347125248,7940.4000,1234.43,0,201744384,1,36.50,0.00,1382424576,1024,1076768768
355.6785,1347125248,7941.6500,1188.81,0,201744384,1,37.74,0.00,1382424576,1024,1076768768
355.7836,1350270976,7942.8500,1141.73,0,201744384,1,37.17,0.00,1385574400,1024,1076789248
355.8886,1350270976,7943.9300,1028.33,0,201744384,1,31.24,0.00,1385574400,1024,1076789248
355.9937,1350270976,7944.9700,989.47,0,201744384,1,30.62,0.00,1385570304,1024,1076789248
356.0985,1350270976,7946.0100,992.53,0,201744384,1,31.61,0.00,1385570304,1024,1076789248
356.2037,1350270976,7947.0500,988.40,0,201744384,1,31.78,0.00,1385570304,1024,1076789248
356.3092,1350270976,7948.1300,1023.58,0,201744384,1,31.10,0.00,1385836544,1024,1076789248
356.4145,1342242816,7949.0000,826.30,0,201744384,1,25.82,0.00,1376169984,1024,1076789248
356.5199,1342242816,7949.7500,711.95,0,201744384,1,22.84,0.00,1376169984,1024,1076789248
356.6252,1348534272,7950.4500,664.91,0,201744384,1,19.59,0.00,1382985728,1024,1076789248
356.7305,1348534272,7950.9700,493.83,0,201744384,1,15.73,0.00,1382731776,1024,1076789248
356.8356,1348534272,7951.4900,494.40,0,201744384,1,16.04,0.00,1382727680,1024,1076789248
356.9406,1348534272,7952.0100,495.18,0,201744384,1,15.47,0.00,1382727680,1024,1076789248
357.0459,1348534272,7952.5500,512.86,0,201744384,1,15.14,0.00,1382727680,1024,1076789248
357.1511,1348534272,7952.9800,408.92,0,201744384,1,13.08,0.00,1382543360,1024,1076789248
357.2564,1351680000,7953.4000,398.85,0,201744384,1,12.76,0.00,1386209280,1024,1076789248
357.3614,1351680000,7953.7300,314.19,0,201744384,1,9.52,0.00,1386209280,1024,1076789248
357.4666,1351680000,7954.0400,294.74,0,201744384,1,8.91,0.00,1386209280,1024,1076789248
357.5717,1351680000,7954.3500,295.01,0,201744384,1,9.81,0.00,1385697280,1024,1076789248
357.6768,1351680000,7954.6700,304.52,0,201744384,1,9.52,0.00,1385697280,1024,1076789248
357.7819,1351680000,7954.9800,294.80,0,201744384,1,9.51,0.00,1385435136,1024,1076789248
357.8872,1351680000,7955.3000,303.86,0,201744384,1,8.90,0.00,1385172992,1024,1076822016
357.9923,1351680000,7955.6100,294.92,0,201744384,1,9.81,0.00,1385172992,1024,1076822016
358.0971,1351680000,7955.9300,305.48,0,201744384,1,9.25,0.00,1384919040,1024,1076871168
358.2021,1354825728,7956.2100,266.72,0,201744384,1,8.63,0.00,1388064768,1024,1076871168
358.3072,1354825728,7956.4200,199.82,0,201744384,1,6.24,0.00,1388064768,1024,1076871168
358.4122,1354825728,7956.6200,190.41,0,201744384,1,6.55,0.00,1388064768,1024,1076871168
358.5173,1354825728,7956.8300,199.80,0,201744384,1,5.95,0.00,1388322816,1024,1076871168
358.6226,1354825728,7956.9300,94.95,0,201744384,1,2.97,0.00,1388322816,1024,1076871168
358.7279,1354825728,7957.0300,94.99,0,201744384,1,3.27,0.00,1388322816,1024,1076871168
358.8330,1365774336,7957.1400,104.70,0,201744384,1,2.97,0.00,1405104128,1024,1076871168
358.9382,1390546944,7958.7600,1539.00,0,201744384,1,49.58,0.00,1426554880,1024,1076871168
359.0435,1390546944,7960.4300,1586.25,0,201744384,1,49.57,0.00,1426300928,1024,1076871168
359.1487,1390546944,7962.0900,1577.82,0,201744384,1,51.09,0.00,1426300928,1024,1076871168
359.2535,1390546944,7963.8200,1650.55,0,201744384,1,50.09,0.00,1426296832,1024,1076871168
359.3583,1390546944,7965.4800,1584.94,0,201744384,1,49.23,0.00,1426296832,1024,1076871168
359.4637,1390546944,7967.1500,1584.62,0,201744384,1,51.60,0.00,1426296832,1024,1076871168
359.5686,1390546944,7968.8100,1582.47,0,201744384,1,49.15,0.00,1426296832,1024,1076871168
359.6736,1390546944,7970.5400,1647.50,0,201744384,1,50.00,0.00,1426296832,1024,1079266816
359.7787,1390546944,7972.2000,1578.93,0,201744384,1,49.04,0.00,1426296832,1024,1079266816
359.8840,1390546944,7973.8700,1586.74,0,201744384,1,51.66,0.00,1426292736,1024,1079266816
359.9890,1390546944,7975.6000,1647.00,0,201744384,1,49.39,0.00,1426292736,1024,1079266816
360.0938,1390546944,7977.2600,1583.75,0,201744384,1,50.09,0.00,1426046976,1024,1079266816
360.1991,1390546944,7978.9200,1576.56,0,201744384,1,48.97,0.00,1426018304,1024,1079336448
360.3041,1390546944,7980.5900,1591.16,0,201744384,1,51.81,0.00,1426018304,1024,1079336448
360.4088,1390546944,7982.2500,1584.29,0,201744384,1,49.81,0.00,1425522688,1024,1079336448
360.5143,1390546944,7983.9800,1640.82,0,201744384,1,50.09,0.00,1425264640,1024,1079336448
360.6190,1390546944,7985.6400,1585.35,0,201744384,1,49.24,0.00,1425260544,1024,1079336448
360.7240,1390546944,7987.3100,1589.82,0,201744384,1,51.47,0.00,1425260544,1024,1079336448
360.8293,1390546944,7989.0400,1642.86,0,201744384,1,49.26,0.00,1425522688,1024,1079336448
360.9347,1390546944,7990.7000,1574.76,0,201744384,1,50.40,0.00,1425391616,1024,1079336448
361.0400,1390546944,7992.3600,1577.49,0,201744384,1,51.08,0.00,1425391616,1024,1079336448
361.1450,1390546944,7994.0900,1646.61,0,201744384,1,49.67,0.00,1425391616,1024,1079336448
361.2505,1390546944,7995.7500,1573.89,0,201744384,1,49.18,0.00,1425391616,1024,1079336448
361.3560,1390546944,7997.4200,1582.34,0,201744384,1,51.22,0.00,1425387520,1024,1079336448
361.4612,1390546944,7999.1500,1645.73,0,201744384,1,49.65,0.00,1425387520,1024,1079365120
361.5668,1390546944,8000.8100,1570.97,0,201744384,1,49.09,0.00,1425387520,1024,1079365120
361.6722,1390546944,8002.4700,1575.76,0,201744384,1,51.91,0.00,1425387520,1024,1079442944
361.7779,1390546944,8004.2000,1636.84,0,201744384,1,48.49,0.00,1425387520,1024,1079442944
361.8833,1390546944,8005.8700,1584.22,0,201744384,1,49.51,0.00,1425125376,1024,1079442944
361.9890,1390546944,8007.5900,1626.29,0,201744384,1,51.12,0.00,1425121280,1024,1079442944
362.0946,1390546944,8009.2600,1582.36,0,201744384,1,50.04,0.00,1425121280,1024,1079442944
362.1998,1390546944,8010.9200,1578.43,0,201744384,1,50.81,0.00,1425121280,1024,1079442944
362.3052,1390546944,8012.6500,1641.03,0,201744384,1,49.50,0.00,1425121280,1024,1079442944
362.4107,1390546944,8014.3100,1573.24,0,201744384,1,49.16,0.00,1425121280,1024,1079442944
362.5157,1390546944,8015.9800,1590.53,0,201744384,1,51.49,0.00,1425121280,1024,1079442944
362.6209,1390546944,8017.6400,1578.42,0,201744384,1,49.62,0.00,1425121280,1024,1079442944
362.7264,1390546944,8019.3700,1638.60,0,201744384,1,49.13,0.00,1425117184,1024,1079455232
362.8318,1390546944,8021.0300,1575.10,0,201744384,1,51.89,0.00,1425117184,1024,1079455232
362.9373,1390546944,8022.7600,1640.82,0,201744384,1,48.31,0.00,1425117184,1024,1079455232
363.0431,1390546944,8024.4300,1577.20,0,201744384,1,49.29,0.00,1425117184,1024,1079455232
363.1481,1390546944,8026.0900,1582.08,0,201744384,1,51.23,0.00,1425117184,1024,1079455232
363.2533,1390546944,8027.8200,1643.19,0,201744384,1,50.46,0.00,1424863232,1024,1079516672
363.3588,1390546944,8029.4900,1583.91,0,201744384,1,48.61,0.00,1424863232,1024,1079516672
363.4645,1390546944,8031.1500,1570.96,0,201744384,1,51.75,0.00,1424605184,1024,1079516672
363.5693,1390546944,8032.8800,1649.36,0,201744384,1,49.46,0.00,1424601088,1024,1079516672
363.6750,1390546944,8034.5400,1571.28,0,201744384,1,49.69,0.00,1424601088,1024,1079516672
363.7809,1390546944,8036.2700,1633.17,0,201744384,1,50.15,0.00,1424601088,1024,1079676416
363.8862,1390546944,8037.9400,1586.01,0,201744384,1,50.16,0.00,1424863232,1024,1079676416
363.9916,1390546944,8039.6000,1574.73,0,201744384,1,50.99,0.00,1424863232,1024,1079676416
364.0969,1390546944,8041.3300,1642.86,0,201744384,1,49.26,0.00,1424863232,1024,1079676416
364.2026,1390546944,8042.9900,1570.95,0,201744384,1,48.80,0.00,1424859136,1024,1079676416
364.3077,1390546944,8044.6600,1588.67,0,201744384,1,51.73,0.00,1424859136,1024,1079676416
364.4130,1390546944,8046.3800,1634.01,0,201744384,1,49.58,0.00,1424859136,1024,1079676416
364.5184,1390546944,8048.0500,1584.52,0,201744384,1,49.52,0.30,1424674816,1024,1079856640
364.6239,1390546944,8049.7100,1573.71,0,201744384,1,51.55,0.00,1424674816,1024,1079856640
364.7297,1390546944,8051.4400,1634.93,0,201744384,1,48.73,0.00,1424674816,1024,1081421824
364.8354,1390546944,8053.1000,1570.68,0,201744384,1,49.38,0.30,1424674816,1024,1082864640
364.9408,1390546944,8054.7600,1573.98,0,201744384,1,50.67,0.00,1424670720,1024,1082864640
365.0459,1390546944,8056.4900,1646.85,0,201744384,1,50.27,0.00,1424670720,1024,1082864640
365.1512,1390546944,8058.1600,1585.75,0,201744384,1,48.66,0.00,1424932864,1024,1082864640
365.2569,1390546944,8059.8200,1570.92,0,201744384,1,51.75,0.00,1424932864,1024,1082864640
365.3620,1390546944,8061.5500,1646.08,0,201744384,1,49.06,0.00,1424932864,1024,1082864640
365.4670,1390546944,8063.2100,1579.64,0,201744384,1,50.26,0.00,1424932864,1024,1082864640
365.5725,1390546944,8064.8800,1583.97,0,201744384,1,50.98,0.00,1424928768,1024,1082864640
365.6780,1390546944,8066.6000,1629.83,0,201744384,1,49.16,0.00,1424928768,1024,1082864640
365.7831,1390546944,8068.2700,1588.83,0,201744384,1,49.06,0.00,1424928768,1024,1082864640
365.8882,1390546944,8069.9300,1579.51,0,201744384,1,51.74,0.00,1424666624,1024,1082864640
365.9943,1390546944,8071.6600,1630.39,0,201744384,1,49.18,0.00,1424666624,1024,1082864640
366.1002,1390546944,8073.3200,1568.31,0,201744384,1,50.78,0.00,1424666624,1024,1082864640
366.2052,1390546944,8075.0500,1646.37,0,201744384,1,50.26,0.00,1424666624,1024,1082864640
366.3104,1390546944,8076.7200,1588.29,0,201744384,1,48.74,0.00,1424662528,1024,1082864640
366.4157,1390546944,8078.3800,1576.43,0,201744384,1,51.64,0.00,1424662528,1024,1082864640
366.5213,1390546944,8080.1100,1638.27,0,201744384,1,49.12,0.00,1424662528,1024,1082864640
366.6265,1390546944,8081.7700,1578.34,0,201744384,1,50.21,0.00,1424662528,1024,1082864640
366.7316,1390546944,8083.4400,1589.13,0,201744384,1,50.85,0.00,1424662528,1024,1082864640
366.8375,1390546944,8085.1600,1623.84,0,201744384,1,49.27,0.00,1424924672,1024,1082864640
366.9424,1390546944,8086.8300,1591.28,0,201744384,1,49.13,0.00,1424924672,1024,1082864640
367.0476,1390546944,8088.4900,1578.86,0,201744384,1,50.23,0.00,1424920576,1024,1082864640
367.1532,1390546944,8090.2200,1637.54,0,201744384,1,50.58,0.00,1424920576,1024,1082864640
367.2583,1390546944,8091.8800,1579.92,0,201744384,1,49.67,0.00,1424920576,1024,1082864640
367.3634,1390546944,8093.5500,1588.72,0,201744384,1,49.05,0.00,1424920576,1024,1082864640
367.4688,1390546944,8095.2100,1575.29,0,201744384,1,51.01,0.00,1424920576,1024,1082864640
367.5744,1390546944,8096.9400,1637.77,0,201744384,1,50.00,0.00,1424920576,1024,1082864640
367.6797,1390546944,8098.6000,1577.22,0,201744384,1,51.07,0.00,1424920576,1024,1082864640
367.7847,1390546944,8100.2700,1589.51,0,201744384,1,49.97,0.00,1424916480,1024,1082864640
367.8906,1398419456,8101.9600,1595.35,0,201748480,1,47.49,0.00,1433112576,1024,1082897408
367.9956,1426984960,8102.4100,428.82,0,201752576,1,14.29,0.00,1461469184,1024,1082897408
368.1006,1443954688,8102.9700,533.10,0,201752576,1,19.34,0.00,1477660672,1024,1082897408
368.2071,1443954688,8104.7000,1625.02,0,201752576,1,48.14,0.00,1477660672,1024,1082897408
368.3121,1443954688,8106.3600,1581.53,0,201752576,1,52.10,0.00,1477660672,1024,1082897408
368.4171,1443954688,8108.0900,1646.16,0,201752576,1,49.36,0.00,1477660672,1024,1082897408
368.5223,1443954688,8109.7600,1588.83,0,201752576,1,49.65,0.00,1477656576,1024,1082897408
368.6274,1443954688,8111.4200,1578.94,0,201752576,1,49.04,0.00,1477656576,1024,1082897408
368.7324,1443954688,8113.0800,1580.23,0,201752576,1,51.76,0.00,1477656576,1024,1082897408
368.8375,1443954688,8114.8100,1646.98,0,201752576,1,49.09,0.00,1477394432,1024,1082934272
368.9426,1443954688,8116.4800,1588.05,0,201752576,1,49.92,0.00,1477394432,1024,1082934272
369.0479,1443954688,8118.1400,1577.47,0,201752576,1,51.08,0.00,1477394432,1024,1082934272
369.1532,1443954688,8119.8700,1641.78,0,201752576,1,49.82,0.00,1477435392,1024,1082934272
369.2584,1443954688,8121.5300,1578.47,0,201752576,1,49.03,0.00,1477431296,1024,1082934272
369.3635,1443954688,8123.2000,1589.85,0,201752576,1,50.28,0.00,1477431296,1024,1082934272
369.4685,1443954688,8124.8600,1579.86,0,201752576,1,50.86,0.00,1477431296,1024,1082934272
369.5737,1443954688,8126.5800,1634.61,0,201752576,1,49.89,0.00,1477431296,1024,1082934272
369.6788,1443954688,8128.2500,1589.52,0,201752576,1,49.08,0.00,1477431296,1024,1082934272
369.7836,1443954688,8129.9100,1584.30,0,201752576,1,50.11,0.00,1477431296,1024,1082934272
369.8889,1443954688,8131.5800,1585.97,0,201752576,1,51.34,0.00,1477693440,1024,1084988928
369.9936,1443954688,8133.3000,1643.10,0,201752576,1,50.15,0.00,1477693440,1024,1084988928
370.0983,1443954688,8134.9700,1594.03,0,201752576,1,48.92,0.00,1477431296,1024,1084988928
370.2035,1443954688,8136.6300,1579.10,0,201752576,1,49.94,0.00,1477431296,1024,1084988928
370.3084,1443954688,8138.3000,1591.50,0,201752576,1,51.22,0.00,1477431296,1024,1084988928
370.4133,1443954688,8140.0200,1638.95,0,201752576,1,49.73,0.00,1477427200,1024,1084988928
370.5183,1443954688,8141.6900,1591.04,0,201752576,1,49.12,0.00,1477427200,1024,1084988928
370.6233,1443954688,8143.3500,1581.37,0,201752576,1,50.31,0.00,1477427200,1024,1084988928
370.7281,1443954688,8145.0100,1583.43,0,201752576,1,51.87,0.00,1477427200,1024,1084988928
370.8330,1443954688,8146.7400,1648.47,0,201752576,1,49.73,0.00,1477193728,1024,1085062656
370.9384,1443954688,8148.4000,1575.11,0,201752576,1,48.93,0.00,1477193728,1024,1085062656
371.0435,1443954688,8150.0700,1589.96,0,201752576,1,50.58,0.00,1477193728,1024,1085062656
371.1486,1443954688,8151.7400,1588.31,0,201752576,1,50.82,0.00,1477193728,1024,1085062656
371.2535,1443954688,8153.4600,1639.36,0,201752576,1,49.44,0.00,1477193728,1024,1085087232
371.3584,1443954688,8155.1300,1592.45,0,201752576,1,49.47,0.00,1477193728,1024,1085087232
371.4633,1443954688,8156.7900,1582.06,0,201752576,1,50.04,0.00,1477193728,1024,1085087232
371.5683,1443954688,8158.4600,1590.77,0,201752576,1,51.50,0.00,1477193728,1024,1085087232
371.6733,1443954688,8160.1800,1638.08,0,201752576,1,49.11,0.00,1477038080,1024,1085087232
371.7782,1443954688,8161.8500,1592.62,0,201752576,1,49.77,0.00,1477033984,1024,1085087232
371.8830,1443954688,8163.5100,1583.36,0,201752576,1,49.78,0.00,1477038080,1024,1085087232
371.9879,1443954688,8165.1800,1592.16,0,201752576,1,51.84,0.00,1477038080,1024,1085087232
372.0931,1443954688,8166.9000,1634.51,0,201752576,1,48.70,0.00,1477038080,1024,1085087232
372.1981,1443954688,8168.5600,1581.17,0,201752576,1,49.41,0.00,1476775936,1024,1085087232
372.3028,1443954688,8170.2300,1595.71,0,201752576,1,50.16,0.00,1476775936,1024,1085087232
372.4077,1443954688,8171.9000,1591.38,0,201752576,1,51.52,0.00,1476775936,1024,1085087232
372.5126,1443954688,8173.5600,1583.33,0,201752576,1,49.18,0.00,1476771840,1024,1085087232
372.6176,1443954688,8175.2800,1637.03,0,201752576,1,49.37,0.00,1476771840,1024,1085087232
372.7224,1443954688,8176.9500,1593.40,0,201752576,1,50.09,0.00,1476771840,1024,1085087232
372.8274,1443954688,8178.6100,1581.33,0,201752576,1,48.82,0.00,1476771840,1024,1085087232
372.9327,1443954688,8180.2700,1575.77,0,201752576,1,51.62,0.00,1477033984,1024,1085390336
373.0373,1443954688,8182.0000,1654.84,0,201752576,1,49.62,0.00,1477033984,1024,1085390336
373.1423,1443954688,8183.6700,1590.47,0,201752576,1,50.30,0.00,1477296128,1024,1085390336
373.2476,1443954688,8185.3300,1576.86,0,201752576,1,49.28,0.00,1477292032,1024,1085451776
373.3527,1443954688,8186.9900,1579.58,0,201752576,1,51.15,0.00,1477292032,1024,1085451776
373.4575,1443954688,8188.7200,1650.66,0,201752576,1,49.20,0.00,1477292032,1024,1085451776
373.5624,1443954688,8190.3900,1592.16,0,201752576,1,50.35,0.00,1477292032,1024,1085451776
373.6673,1443954688,8192.0500,1582.07,0,201752576,1,48.84,0.00,1477292032,1024,1085451776
373.7720,1443954688,8193.7100,1584.63,0,201752576,1,51.91,0.00,1477292032,1024,1085677056
373.8768,1443954688,8195.3800,1594.55,0,201752576,1,48.93,0.00,1477287936,1024,1085677056
373.9817,1443954688,8197.1100,1648.16,0,201752576,1,50.61,0.00,1477287936,1024,1085677056
374.0872,1443954688,8198.7800,1582.75,0,201752576,1,48.28,0.00,1477287936,1024,1085677056
374.1922,1443954688,8200.4400,1582.10,0,201752576,1,51.82,0.00,1477287936,1024,1085677056
374.2972,1443954688,8202.1700,1646.69,0,201752576,1,49.38,0.00,1477287936,1024,1085677056
374.4025,1443954688,8203.8300,1576.59,0,201752576,1,49.86,0.00,1477025792,1024,1085730304
374.5074,1443954688,8205.5000,1592.88,0,201752576,1,49.18,0.00,1477054464,1024,1085730304
374.6122,1443954688,8207.1600,1583.19,0,201752576,1,51.86,0.00,1477050368,1024,1085730304
374.7172,1443954688,8208.8800,1638.53,0,201752576,1,49.42,0.00,1477050368,1024,1085754880
374.8220,1443954688,8210.5500,1592.66,0,201752576,1,49.77,0.00,1477050368,1024,1085754880
374.9270,1443954688,8212.2100,1582.14,0,201752576,1,49.14,0.00,1476792320,1024,1085754880
375.0318,1443954688,8213.8800,1592.93,0,201752576,1,53.65,0.00,1477054464,1024,1089301504
375.1371,1443954688,8215.6000,1633.94,0,201752576,1,48.98,0.00,1477054464,1024,1089301504
375.2417,1443954688,8217.2700,1595.99,0,201752576,1,49.87,0.00,1476800512,1024,1089301504
375.3467,1443954688,8218.9300,1580.46,0,201752576,1,49.09,0.00,1476796416,1024,1089301504
375.4519,1443954688,8220.6000,1587.42,0,201752576,1,51.69,0.00,1476796416,1024,1089301504
375.5568,1443954688,8222.2600,1583.55,0,201752576,1,49.49,0.00,1476796416,1024,1089301504
375.6616,1443954688,8223.9900,1650.37,0,201752576,1,49.79,0.00,1476796416,1024,1089301504
375.7664,1443954688,8225.6500,1583.38,0,201752576,1,49.18,0.00,1476796416,1024,1089301504
375.8714,1443954688,8227.3200,1591.60,0,201752576,1,50.04,0.00,1476796416,1024,1089301504
375.9761,1443954688,8228.9800,1584.38,0,201752576,1,51.30,0.00,1476792320,1024,1089301504
376.0810,1443954688,8230.7100,1649.38,0,201752576,1,49.76,0.00,1476788224,1024,1089301504
376.1861,1443954688,8232.3700,1579.39,0,201752576,1,49.06,0.00,1476526080,1024,1089301504
376.2907,1443954688,8234.0400,1597.42,0,201752576,1,50.22,0.00,1476526080,1024,1089313792
376.3954,1443954688,8235.7000,1585.08,0,201752576,1,49.83,0.00,1476526080,1024,1089313792
376.5004,1443954688,8237.3600,1580.45,0,201752576,1,51.47,0.00,1476526080,1024,1089313792
376.6055,1443954688,8239.0900,1645.79,0,201752576,1,48.76,0.00,1476526080,1024,1089313792
376.7104,1443954688,8240.7600,1593.04,0,201752576,1,50.38,0.00,1476526080,1024,1089313792
376.8154,1443954688,8242.4200,1580.30,0,201752576,1,49.38,0.00,1476521984,1024,1089313792
376.9207,1443954688,8244.0800,1576.61,0,201752576,1,51.35,0.00,1477046272,1024,1089313792
377.0257,1443954688,8245.8100,1648.06,0,201752576,1,49.12,0.00,1477046272,1024,1089313792
377.1306,1452834816,8247.4500,1563.72,0,201756672,1,48.87,0.00,1485901824,1024,1089313792
377.2358,1471709184,8247.9800,503.54,0,201756672,1,15.44,0.00,1504776192,1024,1089313792
377.3412,1491992576,8248.3300,332.14,0,201756672,1,11.57,0.00,1526796288,1024,1089313792
377.4465,1491992576,8249.9900,1576.63,0,201756672,1,48.68,0.00,1526542336,1024,1089313792
377.5513,1491992576,8251.6500,1583.78,0,201756672,1,49.79,0.00,1526206464,1024,1089313792
377.6562,1491992576,8253.3200,1591.88,0,201756672,1,51.83,0.00,1526210560,1024,1089313792
377.7610,1491992576,8255.0500,1650.24,0,201756672,1,50.38,0.00,1526210560,1024,1089313792
377.8658,1491992576,8256.7100,1584.28,0,201756672,1,48.91,0.00,1525956608,1024,1089346560
377.9709,1491992576,8258.3700,1579.19,0,201756672,1,49.94,0.00,1525956608,1024,1089346560
378.0758,1491992576,8260.0400,1592.77,0,201756672,1,51.56,0.00,1525956608,1024,1089346560
378.1807,1491992576,8261.7100,1591.55,0,201756672,1,50.03,0.00,1525448704,1024,1089346560
378.2856,1491992576,8263.4300,1639.90,0,201756672,1,49.16,0.00,1525194752,1024,1089346560
378.3903,1491992576,8265.1000,1594.46,0,201756672,1,49.53,0.00,1525194752,1024,1089346560
378.4951,1491992576,8266.7600,1584.64,0,201756672,1,50.12,0.00,1525194752,1024,1089346560
378.5998,1491992576,8268.4300,1594.02,0,201756672,1,51.90,0.00,1525194752,1024,1089346560
378.7047,1491992576,8270.0900,1582.62,0,201756672,1,48.86,0.00,1525198848,1024,1089346560
378.8097,1491992576,8271.8200,1648.40,0,201756672,1,49.43,0.00,1525198848,1024,1089346560
378.9145,1491992576,8273.4800,1583.72,0,201756672,1,50.39,0.00,1525198848,1024,1089346560
379.0194,1491992576,8275.1500,1592.42,0,201756672,1,49.17,0.00,1525198848,1024,1089346560
379.1243,1491992576,8276.8100,1581.64,0,201756672,1,51.51,0.00,1525202944,1024,1089522688
379.2294,1491992576,8278.5400,1646.59,0,201756672,1,49.37,0.00,1525202944,1024,1089522688
379.3344,1491992576,8280.2000,1581.50,0,201756672,1,50.02,0.00,1525202944,1024,1089522688
379.4391,1491992576,8281.8700,1594.54,0,201756672,1,49.23,0.00,1525198848,1024,1089522688
379.5440,1491992576,8283.5300,1581.83,0,201756672,1,51.52,0.00,1525198848,1024,1089522688
379.6490,1491992576,8285.2500,1638.08,0,201756672,1,49.11,0.00,1525198848,1024,1089522688
379.7540,1491992576,8286.9200,1591.49,0,201756672,1,50.33,0.00,1525026816,1024,1089522688
379.8589,1491992576,8288.5800,1581.98,0,201756672,1,48.84,0.00,1525284864,1024,1089522688
379.9637,1491992576,8290.2500,1593.87,0,201756672,1,51.60,0.00,1525284864,1024,1089522688
380.0686,1491992576,8291.9100,1581.94,0,201756672,1,49.14,0.00,1525022720,1024,1089522688
380.1735,1491992576,8293.6400,1649.70,0,201756672,1,50.66,0.00,1524760576,1024,1092577792
380.2783,1491992576,8295.3000,1583.80,0,201756672,1,49.20,0.00,1524756480,1024,1092577792
380.3835,1491992576,8296.9700,1587.63,0,201756672,1,50.21,0.00,1524756480,1024,1092577792
380.4884,1491992576,8298.6300,1582.41,0,201756672,1,50.34,0.00,1524756480,1024,1092577792
380.5934,1491992576,8300.3600,1646.73,0,201756672,1,50.57,0.00,1524506624,1024,1092647424
380.6984,1491992576,8302.0300,1590.32,0,201756672,1,49.70,0.00,1524510720,1024,1092647424
380.8033,1491992576,8303.6900,1583.78,0,201756672,1,50.09,0.00,1524514816,1024,1092647424
380.9081,1491992576,8305.3600,1592.18,0,201756672,1,50.95,0.00,1524510720,1024,1092647424
381.0131,1491992576,8307.0800,1639.28,0,201756672,1,50.04,0.00,1524510720,1024,1092647424
381.1181,1491992576,8308.7500,1589.40,0,201756672,1,49.37,0.00,1524772864,1024,1092647424
381.2232,1491992576,8310.4100,1579.73,0,201756672,1,49.66,0.00,1524772864,1024,1092647424
381.3283,1491992576,8312.0800,1589.35,0,201756672,1,51.15,0.00,1524772864,1024,1092647424
381.4332,1491992576,8313.8000,1639.01,0,201756672,1,50.33,0.00,1524772864,1024,1092647424
381.5382,1491992576,8315.4700,1590.32,0,201756672,1,49.40,0.00,1524772864,1024,1092647424
381.6432,1491992576,8317.1300,1581.15,0,201756672,1,50.01,0.00,1524776960,1024,1092647424
381.7482,1491992576,8318.8000,1591.60,0,201756672,1,50.63,0.00,1524776960,1024,1092647424
381.8532,1491992576,8320.5200,1637.42,0,201756672,1,50.28,0.00,1524776960,1024,1092647424
381.9582,1491992576,8322.1900,1590.85,0,201756672,1,49.71,0.00,1524715520,1024,1092647424
382.0631,1491992576,8323.8500,1582.19,0,201756672,1,50.04,0.00,1524715520,1024,1092647424
382.1681,1491992576,8325.5200,1591.03,0,201756672,1,50.61,0.00,1524715520,1024,1092647424
382.2729,1491992576,8327.1800,1584.05,0,201756672,1,50.10,0.00,1524715520,1024,1092647424
382.3780,1491992576,8328.9100,1645.52,0,201756672,1,49.34,0.00,1524715520,1024,1092647424
382.4828,1491992576,8330.5700,1584.07,0,201756672,1,50.10,0.00,1524711424,1024,1092647424
382.5879,1491992576,8332.2400,1588.38,0,201756672,1,51.12,0.00,1524711424,1024,1092688384
382.6928,1491992576,8333.9000,1582.30,0,201756672,1,51.53,0.00,1524531200,1024,1092688384
382.7979,1491992576,8335.6300,1646.51,0,201756672,1,49.07,0.00,1524531200,1024,1092688384
382.9030,1491992576,8337.2900,1579.19,0,201756672,1,50.54,0.00,1524539392,1024,1092688384
383.0082,1491992576,8338.9500,1578.96,0,201756672,1,50.53,0.00,1524543488,1024,1092688384
383.1130,1491992576,8340.6800,1650.43,0,201756672,1,50.09,0.00,1524543488,1024,1092688384
383.2180,1491992576,8342.3500,1589.66,0,201756672,1,49.08,0.00,1524543488,1024,1092815360
383.3229,1491992576,8344.0100,1583.15,0,201756672,1,50.37,0.00,1524539392,1024,1092815360
383.4278,1491992576,8345.6700,1582.08,0,201756672,1,50.63,0.00,1524539392,1024,1092815360
383.5328,1491992576,8347.3400,1590.52,0,201756672,1,50.00,0.00,1524539392,1024,1092815360
383.6379,1491992576,8349.0700,1645.34,0,201756672,1,49.04,0.00,1524539392,1024,1092815360
383.7429,1491992576,8350.7300,1581.95,0,201756672,1,50.63,0.00,1524539392,1024,1092987392
383.8479,1491992576,8352.3900,1580.13,0,201756672,1,50.57,0.00,1524801536,1024,1092987392
383.9527,1491992576,8354.0500,1583.85,0,201756672,1,50.09,0.00,1524797440,1024,1092987392
384.0577,1491992576,8355.7800,1648.85,0,201756672,1,49.14,0.00,1524797440,1024,1092987392
384.1627,1491992576,8357.4500,1589.83,0,201756672,1,50.57,0.00,1524535296,1024,1092987392
384.2678,1491992576,8359.1100,1579.61,0,201756672,1,50.55,0.00,1524285440,1024,1092987392
384.3729,1491992576,8360.7700,1579.18,0,201756672,1,50.24,0.00,1524285440,1024,1092987392
384.4779,1491992576,8362.5000,1648.31,0,201756672,1,49.13,0.00,1524285440,1024,1092987392
384.5829,1491992576,8364.1700,1590.55,0,201756672,1,50.30,0.00,1524285440,1024,1092987392
384.6877,1491992576,8365.8300,1582.84,0,201756672,1,50.66,0.00,1524285440,1024,1092987392
384.7927,1491992576,8367.4900,1581.72,0,201756672,1,50.92,0.00,1524285440,1024,1092987392
384.8976,1491992576,8369.2200,1649.06,0,201756672,1,49.15,0.00,1524285440,1024,1092987392
385.0026,1491992576,8370.8900,1590.40,0,201756672,1,50.30,0.00,1524285440,1024,1092987392
385.1074,1491992576,8372.5500,1584.01,0,201756672,1,49.20,0.00,1524551680,1024,1092987392
385.2121,1491992576,8374.2100,1585.10,0,201756672,1,52.22,0.00,1524555776,1024,1094390272
385.3172,1491992576,8375.9400,1646.73,0,201756672,1,49.08,0.00,1524551680,1024,1095327232
385.4221,1491992576,8377.6100,1591.45,0,201756672,1,50.33,0.00,1524551680,1024,1095327232
385.5271,1491992576,8379.2700,1581.54,0,201756672,1,49.42,0.00,1524551680,1024,1095327232
385.6321,1491992576,8380.9300,1580.75,0,201756672,1,51.78,0.00,1524551680,1024,1095327232
385.7373,1491992576,8382.6600,1644.41,0,201756672,1,48.71,0.00,1524551680,1024,1095327232
385.8423,1491992576,8384.3200,1580.80,0,201756672,1,50.59,0.00,1524551680,1024,1095327232
385.9472,1491992576,8385.9800,1582.44,0,201756672,1,49.15,0.00,1524551680,1024,1095327232
386.0522,1491992576,8387.6500,1590.17,0,201756672,1,51.78,0.00,1524547584,1024,1095327232
386.1572,1491992576,8389.3800,1648.72,0,201756672,1,49.14,0.00,1524547584,1024,1095327232
386.2623,1491992576,8391.0400,1578.62,0,201756672,1,52.30,0.00,1525329920,1024,1095327232
386.3676,1491992576,8392.7000,1576.54,0,201756672,1,50.75,0.00,1525329920,1024,1095327232
386.4728,1496715264,8393.5700,827.05,0,201760768,1,23.77,0.00,1530137600,1024,1095327232
386.5781,1498681344,8393.8700,284.86,0,201760768,1,9.50,0.00,1534147584,1024,1095327232
386.6833,1498681344,8395.5400,1587.04,0,201760768,1,48.41,0.00,1533103104,1024,1095327232
386.7882,1498681344,8397.2000,1583.88,0,201760768,1,51.88,0.00,1533103104,1024,1095327232
386.8933,1498681344,8398.9300,1645.29,0,201760768,1,49.34,0.00,1531710464,1024,1095327232
386.9980,1498681344,8400.6000,1595.00,0,201760768,1,51.93,0.00,1531452416,1024,1095327232
387.1030,1498681344,8402.2600,1580.78,0,201760768,1,48.51,0.00,1531314176,1024,1095327232
387.2078,1498681344,8403.9300,1594.01,0,201760768,1,52.20,0.00,1531314176,1024,1095327232
387.3128,1498681344,8405.5900,1580.59,0,201760768,1,49.69,0.00,1531314176,1024,1095327232
387.4179,1498681344,8407.3200,1646.12,0,201760768,1,50.55,0.00,1531314176,1024,1095327232
387.5228,1498681344,8408.9800,1582.20,0,201760768,1,48.25,0.00,1531314176,1024,1095327232
387.6278,1498681344,8410.6500,1590.45,0,201760768,1,52.08,0.00,1531314176,1024,1095327232
387.7329,1498681344,8412.3100,1579.94,0,201760768,1,49.37,0.00,1531322368,1024,1095405056
387.8378,1498681344,8414.0400,1648.33,0,201760768,1,50.32,0.00,1531318272,1024,1095499264
387.9427,1498681344,8415.7000,1583.53,0,201760768,1,48.29,0.00,1531318272,1024,1095499264
388.0477,1498681344,8417.3600,1580.13,0,201760768,1,52.06,0.00,1531318272,1024,1095642624
388.1527,1498681344,8419.0300,1591.51,0,201760768,1,50.03,0.00,1531318272,1024,1095642624
388.2578,1498681344,8420.7600,1645.96,0,201760768,1,50.84,0.00,1531318272,1024,1095642624
388.3629,1498681344,8422.4200,1579.41,0,201760768,1,48.17,0.00,1531318272,1024,1095642624
388.4677,1498681344,8424.0800,1583.53,0,201760768,1,52.76,0.00,1531318272,1024,1095642624
388.5728,1498681344,8425.7500,1589.54,0,201760768,1,49.38,0.00,1531314176,1024,1095642624
388.6778,1498681344,8427.4800,1646.83,0,201760768,1,50.27,0.00,1531314176,1024,1095642624
388.7829,1498681344,8429.1400,1580.23,0,201760768,1,48.19,0.00,1531314176,1024,1095642624
388.8877,1498681344,8430.8000,1583.33,0,201760768,1,51.27,0.00,1531314176,1024,1095642624
388.9926,1498681344,8432.4700,1592.05,0,201760768,1,50.35,0.00,1531314176,1024,1095642624
389.0977,1498681344,8434.1900,1636.95,0,201760768,1,49.96,0.00,1531314176,1024,1095642624
389.2025,1498681344,8435.8500,1583.65,0,201760768,1,48.89,0.00,1531576320,1024,1095642624
389.3072,1498681344,8437.5200,1594.94,0,201760768,1,50.74,0.00,1531588608,1024,1095642624
389.4122,1498681344,8439.1800,1580.17,0,201760768,1,50.57,0.00,1531326464,1024,1095642624
389.5173,1498681344,8440.9100,1647.22,0,201760768,1,50.58,0.00,1531326464,1024,1095642624
389.6217,1498681344,8442.5800,1598.96,0,201760768,1,48.77,0.00,1531588608,1024,1095642624
389.7263,1498681344,8444.2400,1587.92,0,201760768,1,51.12,0.00,1531592704,1024,1095642624
389.8309,1498681344,8445.9000,1585.85,0,201760768,1,49.56,0.00,1531596800,1024,1095642624
389.9355,1498681344,8447.5700,1597.75,0,201760768,1,50.23,0.00,1531596800,1024,1095642624
390.0402,1498681344,8449.2300,1584.94,0,201760768,1,51.62,0.00,1531854848,1024,1095642624
390.1449,1498681344,8450.9000,1595.44,0,201760768,1,50.16,0.00,1531854848,1024,1095642624
390.2498,1498681344,8452.6200,1639.49,0,201760768,1,49.15,0.00,1531858944,1024,1095642624
390.3544,1498681344,8454.2800,1586.91,0,201760768,1,51.38,0.30,1531858944,1024,1098997760
390.4591,1498681344,8455.9500,1595.43,0,201760768,1,52.25,0.00,1531858944,1024,1098997760
390.5641,1498681344,8457.6100,1579.63,0,201760768,1,51.15,0.00,1531858944,1024,1098997760
390.6692,1498681344,8459.3400,1646.21,0,201760768,1,49.66,0.00,1531863040,1024,1098997760
390.7744,1498681344,8461.0000,1578.90,0,201760768,1,49.04,0.00,1531863040,1024,1098997760
390.8794,1498681344,8462.6700,1590.21,0,201760768,1,50.29,0.00,1531600896,1024,1099022336
390.9843,1498681344,8464.3300,1581.77,0,201760768,1,51.22,0.00,1531600896,1024,1099022336
391.0890,1498681344,8466.0700,1662.28,0,201760768,1,49.86,0.00,1531600896,1024,1099022336
391.1939,1498681344,8467.7300,1582.27,0,201760768,1,49.15,0.00,1531600896,1024,1099022336
391.2988,1498681344,8469.3900,1582.93,0,201760768,1,50.36,0.00,1531604992,1024,1099022336
391.4036,1498681344,8471.0600,1592.85,0,201760768,1,51.56,0.00,1531604992,1024,1099022336
391.5085,1498681344,8472.7200,1582.54,0,201760768,1,49.75,0.00,1531604992,1024,1099022336
391.6135,1498681344,8474.4500,1647.31,0,201760768,1,48.80,0.00,1531600896,1024,1099022336
391.7186,1498681344,8476.1100,1579.75,0,201760768,1,50.26,0.00,1531600896,1024,1099034624
391.8241,1498681344,8477.7800,1583.71,0,201760768,1,50.97,0.00,1531600896,1024,1099034624
391.9291,1498681344,8479.5100,1646.48,0,201760768,1,49.67,0.00,1531338752,1024,1099034624
392.0343,1498681344,8481.1700,1578.97,0,201760768,1,48.75,0.00,1531338752,1024,1099087872
392.1390,1498681344,8482.8300,1584.80,0,201760768,1,50.42,0.00,1531334656,1024,1099112448
392.2437,1498681344,8484.5000,1594.76,0,201760768,1,51.33,0.00,1531334656,1024,1099112448
392.3487,1498681344,8486.1600,1581.49,0,201760768,1,49.72,0.00,1531334656,1024,1099112448
392.4536,1498681344,8487.8800,1640.21,0,201760768,1,49.17,0.00,1531334656,1024,1099112448
392.5584,1498681344,8489.5500,1592.62,0,201760768,1,50.37,0.00,1531334656,1024,1099112448
392.6635,1498681344,8491.2100,1579.88,0,201760768,1,48.78,0.00,1531334656,1024,1099112448
392.7685,1498681344,8492.8800,1590.51,0,201760768,1,52.38,0.00,1531334656,1024,1099112448
392.8735,1498681344,8494.6000,1638.14,0,201760768,1,49.11,0.00,1531330560,1024,1099112448
392.9784,1498681344,8496.2700,1591.97,0,201760768,1,50.34,0.00,1531330560,1024,1099112448
393.0834,1498681344,8497.9300,1581.00,0,201760768,1,48.81,0.00,1531351040,1024,1099112448
393.1885,1498681344,8499.6000,1588.61,0,201760768,1,51.72,0.00,1531613184,1024,1099173888
393.2936,1498681344,8501.3200,1637.47,0,201760768,1,49.09,0.00,1531613184,1024,1099173888
393.3986,1498681344,8502.9900,1589.30,0,201760768,1,50.26,0.00,1531613184,1024,1099173888
393.5036,1498681344,8504.6500,1580.97,0,201760768,1,50.60,0.00,1531613184,1024,1099173888
393.6086,1498681344,8506.3200,1590.77,0,201760768,1,50.60,0.00,1531613184,1024,1099173888
393.7136,1498681344,8508.0400,1638.71,0,201760768,1,50.32,0.00,1531613184,1024,1099333632
393.8183,1498681344,8509.7000,1585.43,0,201760768,1,50.74,0.00,1531609088,1024,1099333632
393.9231,1498681344,8511.3700,1593.20,0,201760768,1,48.59,0.00,1531613184,1024,1099333632
394.0280,1498681344,8513.0300,1582.18,0,201760768,1,52.12,0.00,1531613184,1024,1099333632
394.1330,1498681344,8514.7600,1647.46,0,201760768,1,49.70,0.00,1531617280,1024,1099333632
394.2381,1498681344,8516.4200,1579.24,0,201760768,1,50.54,0.00,1531617280,1024,1099333632
394.3430,1498681344,8518.0900,1593.15,0,201760768,1,48.59,0.00,1531617280,1024,1099333632
394.4480,1498681344,8519.7500,1580.62,0,201760768,1,52.37,0.00,1531617280,1024,1099333632
394.5529,1498681344,8521.4800,1648.45,0,201760768,1,49.43,0.00,1531617280,1024,1099333632
394.6580,1498681344,8523.1400,1579.39,0,201760768,1,50.25,0.00,1531617280,1024,1099333632
394.7630,1498681344,8524.8100,1590.77,0,201760768,1,48.82,0.00,1531617280,1024,1099333632
394.8680,1498681344,8526.4700,1580.74,0,201760768,1,51.78,0.00,1531617280,1024,1099333632
394.9730,1498681344,8528.2000,1647.66,0,201760768,1,49.41,0.00,1531617280,1024,1099333632
395.0783,1498681344,8529.8600,1576.73,0,201760768,1,49.87,0.00,1531617280,1024,1099333632
395.1831,1498681344,8531.5300,1593.66,0,201760768,1,48.91,0.00,1531617280,1024,1099333632
395.2881,1498681344,8533.1900,1581.33,0,201760768,1,51.80,0.00,1531629568,1024,1099358208
395.3931,1498681344,8534.9200,1647.84,0,201760768,1,49.41,0.00,1531629568,1024,1099358208
395.4981,1498681344,8536.5800,1579.99,0,201760768,1,51.46,0.00,1531625472,1024,1102155264
395.6027,1498681344,8538.2500,1596.74,0,201760768,1,49.00,0.00,1531625472,1024,1102155264
395.7079,1548414976,8539.1100,817.38,0,201764864,1,25.84,0.00,1582755840,1024,1102155264
395.8134,1326088192,8539.3900,265.49,0,201764864,1,8.89,0.00,1367719936,1024,1102155264
395.9187,1314775040,8541.0400,1566.86,0,201764864,1,49.85,0.00,1349242880,1024,1102155264
396.0242,1314775040,8542.7100,1582.27,0,201764864,1,50.93,0.00,1349128192,1024,1102155264
396.1293,1314775040,8544.4300,1637.26,0,201764864,1,50.87,0.00,1348866048,1024,1102155264
396.2343,1314775040,8546.1000,1591.00,0,201764864,1,48.83,0.00,1348407296,1024,1102155264
396.3394,1314775040,8547.7600,1579.50,0,201764864,1,49.66,0.00,1348190208,1024,1102155264
396.4442,1314775040,8549.4300,1593.61,0,201764864,1,51.29,0.00,1348108288,1024,1102155264
396.5490,1314775040,8551.1500,1640.05,0,201764864,1,50.66,0.00,1348108288,1024,1102155264
396.6539,1314775040,8552.8200,1591.74,0,201764864,1,48.85,0.00,1348038656,1024,1102155264
396.7588,1314775040,8554.4800,1582.45,0,201764864,1,49.75,0.00,1348038656,1024,1102331392
396.8635,1314775040,8556.1400,1586.26,0,201764864,1,49.87,0.00,1348038656,1024,1102331392
396.9685,1314775040,8557.8100,1590.78,0,201764864,1,51.80,0.00,1348038656,1024,1102331392
397.0732,1314775040,8559.5400,1651.49,0,201764864,1,49.22,0.00,1348038656,1024,1102331392
397.1779,1314775040,8561.2000,1586.22,0,201764864,1,49.87,0.00,1348300800,1024,1102331392
397.2826,1314775040,8562.8600,1585.35,0,201764864,1,49.84,0.00,1348222976,1024,1102331392
397.3873,1314775040,8564.5300,1595.01,0,201764864,1,48.95,0.00,1348243456,1024,1102380544
397.4920,1314775040,8566.1900,1585.08,0,201764864,1,51.92,0.00,1348243456,1024,1102380544
397.5969,1314775040,8567.8600,1592.06,0,201764864,1,50.05,0.00,1348243456,1024,1102380544
397.7018,1314775040,8569.5800,1640.25,0,201764864,1,49.77,0.00,1347981312,1024,1102380544
397.8065,1314775040,8571.2500,1594.87,0,201764864,1,48.94,0.00,1347981312,1024,1102413312
397.9115,1314775040,8572.9100,1581.00,0,201764864,1,50.60,0.00,1347977216,1024,1102413312
398.0165,1314775040,8574.5800,1590.93,0,201764864,1,50.91,0.00,1347944448,1024,1102413312
398.1215,1314775040,8576.3000,1638.00,0,201764864,1,49.70,0.00,1347944448,1024,1102413312
398.2263,1314775040,8577.9700,1592.32,0,201764864,1,49.76,0.00,1347944448,1024,1102413312
398.3312,1314775040,8579.6300,1583.02,0,201764864,1,50.66,0.00,1347952640,1024,1102413312
398.4361,1314775040,8581.3000,1591.70,0,201764864,1,50.93,0.00,1347952640,1024,1102413312
398.5410,1314775040,8583.0200,1640.35,0,201764864,1,49.77,0.00,1347952640,1024,1102413312
398.6461,1314775040,8584.6900,1588.56,0,201764864,1,49.05,0.00,1347952640,1024,1102413312
398.7510,1314775040,8586.3500,1582.45,0,201764864,1,50.35,0.00,1347952640,1024,1102413312
398.8560,1314775040,8588.0200,1590.72,0,201764864,1,51.20,0.00,1347956736,1024,1102474752
398.9607,1314775040,8589.6800,1584.96,0,201764864,1,49.53,0.00,1347964928,1024,1102474752
399.0657,1314775040,8591.4100,1648.43,0,201764864,1,49.43,0.00,1347964928,1024,1102474752
399.1707,1314775040,8593.0700,1580.79,0,201764864,1,50.29,0.00,1347960832,1024,1102474752
399.2753,1314775040,8594.7400,1596.17,0,201764864,1,48.98,0.00,1347960832,1024,1102474752
399.3803,1314775040,8596.4000,1580.95,0,201764864,1,51.79,0.00,1347960832,1024,1102474752
399.4852,1314775040,8598.1300,1649.43,0,201764864,1,49.46,0.00,1347960832,1024,1102474752
399.5899,1314775040,8599.7900,1584.86,0,201764864,1,50.42,0.00,1347960832,1024,1102474752
399.6949,1314775040,8601.4600,1591.33,0,201764864,1,48.84,0.00,1347960832,1024,1102474752
399.7997,1314775040,8603.1200,1583.49,0,201764864,1,51.87,0.00,1347956736,1024,1102474752
399.9046,1314775040,8604.7800,1581.90,0,201764864,1,49.14,0.00,1347956736,1024,1102474752
400.0097,1314775040,8606.5100,1647.03,0,201764864,1,50.28,0.00,1347956736,1024,1102474752
400.1147,1314775040,8608.1800,1589.80,0,201764864,1,49.09,0.00,1347694592,1024,1102474752
400.2195,1314775040,8609.8400,1583.77,0,201764864,1,50.09,0.00,1347694592,1024,1102474752
400.3243,1314775040,8611.5000,1584.18,0,201764864,1,51.00,0.00,1347694592,1024,1102474752
400.4291,1314775040,8613.2300,1650.41,0,201764864,1,50.38,0.00,1347694592,1024,1102482944
400.5342,1314775040,8614.8900,1580.68,0,201764864,1,48.80,0.00,1347694592,1024,1102482944
400.6389,1314775040,8616.5600,1594.37,0,201764864,1,49.82,0.00,1347694592,1024,1105019904
400.7435,1314775040,8618.2200,1586.48,0,201764864,1,49.88,0.00,1347690496,1024,1105019904
400.8485,1314775040,8619.8900,1590.68,0,201764864,1,51.49,0.00,1347690496,1024,1105019904
400.9535,1314775040,8621.6100,1637.78,0,201764864,1,49.10,0.00,1347686400,1024,1105019904
401.0585,1314775040,8623.2800,1591.35,0,201764864,1,49.73,0.00,1347686400,1024,1105019904
401.1635,1314775040,8624.9400,1581.38,0,201764864,1,50.01,0.00,1347948544,1024,1105040384
401.2683,1314775040,8626.6100,1593.09,0,201764864,1,51.87,0.00,1347944448,1024,1105040384
401.3733,1314775040,8628.3300,1638.62,0,201764864,1,48.83,0.00,1347973120,1024,1105040384
401.4781,1314775040,8630.0000,1592.78,0,201764864,1,49.48,0.00,1347973120,1024,1105040384
401.5829,1314775040,8631.6600,1583.42,0,201764864,1,50.08,0.00,1347973120,1024,1105040384
401.6879,1314775040,8633.3300,1590.70,0,201764864,1,51.79,0.00,1347973120,1024,1105040384
401.7929,1314775040,8634.9900,1581.58,0,201764864,1,49.13,0.00,1347973120,1024,1105073152
401.8979,1314775040,8636.7200,1647.90,0,201764864,1,49.41,0.00,1348235264,1024,1105073152
402.0029,1314775040,8638.3800,1580.05,0,201764864,1,49.97,0.00,1348231168,1024,1105073152
402.1079,1314775040,8640.0500,1590.36,0,201764864,1,51.78,0.00,1348227072,1024,1105073152
402.2127,1314775040,8641.7100,1584.61,0,201764864,1,48.92,0.30,1347964928,1024,1105073152
402.3176,1314775040,8643.4400,1648.85,0,201764864,1,49.44,0.00,1347973120,1024,1105073152
402.4224,1314775040,8645.1000,1583.68,0,201764864,1,50.09,0.00,1347973120,1024,1105073152
402.5274,1314775040,8646.7700,1591.07,0,201764864,1,48.53,0.00,1347973120,1024,1105073152
402.6323,1314775040,8648.4300,1581.73,0,201764864,1,52.11,0.00,1347977216,1024,1105142784
402.7371,1314775040,8650.1600,1651.82,0,201764864,1,49.83,0.00,1347973120,1024,1105142784
402.8420,1314775040,8651.8200,1582.33,0,201764864,1,50.04,0.00,1347973120,1024,1105142784
402.9468,1314775040,8653.4900,1592.73,0,201764864,1,48.58,0.00,1347973120,1024,1105449984
403.0517,1314775040,8655.1500,1583.12,0,201764864,1,50.96,0.00,1347973120,1024,1105449984
403.1565,1314775040,8656.8100,1583.83,0,201764864,1,50.69,0.00,1347973120,1024,1105449984
403.2615,1314775040,8658.5400,1648.33,0,201764864,1,50.02,0.00,1347973120,1024,1105449984
403.3665,1314775040,8660.2100,1590.25,0,201764864,1,48.51,0.00,1347981312,1024,1105449984
403.4712,1314775040,8661.8700,1584.56,0,201764864,1,51.01,0.00,1347977216,1024,1105449984
403.5761,1314775040,8663.5300,1582.65,0,201764864,1,50.65,0.00,1347977216,1024,1105449984
403.6810,1314775040,8665.2600,1650.05,0,201764864,1,50.37,0.00,1347977216,1024,1105449984
403.7859,1314775040,8666.9300,1590.97,0,201764864,1,48.53,0.00,1347977216,1024,1105609728
403.8908,1314775040,8668.5900,1582.41,0,201764864,1,50.94,0.00,1347977216,1024,1105609728
403.9958,1314775040,8670.2500,1581.14,0,201764864,1,50.60,0.00,1347977216,1024,1105609728
404.1007,1314775040,8671.9200,1592.25,0,201764864,1,50.06,0.00,1347973120,1024,1105609728
404.2056,1314775040,8673.6500,1649.08,0,201764864,1,48.56,0.00,1347710976,1024,1105662976
404.3105,1314775040,8675.3100,1582.28,0,201764864,1,50.94,0.00,1347710976,1024,1105662976
404.4155,1314775040,8676.9700,1580.93,0,201764864,1,49.11,0.00,1347723264,1024,1105662976
404.5205,1314775040,8678.6400,1590.82,0,201764864,1,51.80,0.00,1347723264,1024,1105662976
404.6255,1314775040,8680.3700,1648.39,0,201764864,1,48.53,0.00,1347723264,1024,1105662976
404.7302,1314775040,8682.0300,1584.44,0,201764864,1,51.01,0.00,1347727360,1024,1105687552
404.8351,1314775040,8683.6900,1582.91,0,201764864,1,48.87,0.00,1347723264,1024,1105687552
404.9400,1314775040,8685.3600,1591.61,0,201764864,1,51.82,0.00,1347985408,1024,1105687552
405.0450,1314775040,8687.0900,1648.62,0,201764864,1,48.54,0.00,1347985408,1024,1105687552
405.1496,1314775040,8688.7500,1586.31,0,201764864,1,51.07,0.00,1348247552,1024,1105687552
405.2545,1314775040,8690.4100,1582.50,0,201764864,1,48.86,0.00,1348247552,1024,1105687552
405.3592,1314775040,8692.0800,1594.84,0,201764864,1,50.44,0.00,1348251648,1024,1105687552
405.4639,1314775040,8693.7400,1585.44,0,201764864,1,50.44,0.00,1348251648,1024,1105699840
405.5688,1314775040,8695.4100,1592.92,0,201764864,1,50.97,0.00,1348251648,1024,1105699840
405.6737,1314775040,8697.1300,1639.53,0,201764864,1,48.85,0.00,1348247552,1024,1105699840
405.7785,1314775040,8698.8000,1593.62,0,201764864,1,50.70,0.30,1348247552,1024,1109178880
405.8831,1314775040,8700.4600,1585.79,0,201764864,1,49.56,0.00,1348255744,1024,1109178880
405.9878,1314775040,8702.1300,1595.71,0,201764864,1,49.27,0.00,1348255744,1024,1109178880
406.0923,1314775040,8703.7900,1588.88,0,201764864,1,52.05,0.00,1348255744,1024,1109178880
406.1970,1314775040,8705.5200,1652.12,0,201764864,1,49.84,0.00,1348255744,1024,1109178880
406.3016,1314775040,8707.1800,1586.11,0,201764864,1,50.16,0.00,1348255744,1024,1109178880
406.4067,1314775040,8708.8500,1589.41,0,201764864,1,48.48,0.00,1348255744,1024,1109178880
406.5116,1314775040,8710.5100,1583.03,0,201764864,1,50.96,0.00,1348255744,1024,1109178880
406.6163,1314775040,8712.1700,1585.12,0,201764864,1,51.33,0.00,1348255744,1024,1109178880
406.7210,1314775040,8713.9100,1661.07,0,201764864,1,50.12,0.00,1348255744,1024,1109178880
406.8258,1314775040,8715.5700,1584.96,0,201764864,1,48.93,0.00,1348251648,1024,1109178880
406.9307,1314775040,8717.2400,1592.20,0,201764864,1,50.65,0.00,1347989504,1024,1109178880
407.0358,1314775040,8718.9000,1579.63,0,201764864,1,49.07,0.00,1347989504,1024,1109187072
407.1405,1314775040,8720.5600,1584.75,0,201764864,1,51.61,0.00,1347989504,1024,1109187072
407.2455,1314775040,8722.2900,1648.42,0,201764864,1,49.13,0.00,1347989504,1024,1109187072
407.3502,1314775040,8723.9600,1594.37,0,201764864,1,50.72,0.00,1347989504,1024,1109187072
407.4550,1314775040,8725.6200,1584.22,0,201764864,1,49.21,0.00,1347989504,1024,1109187072
407.5598,1314775040,8727.2800,1583.59,0,201764864,1,51.87,0.00,1347985408,1024,1109187072
407.6646,1314775040,8728.9500,1593.30,0,201764864,1,48.90,0.00,1347985408,1024,1109187072
407.7695,1314775040,8730.6800,1649.82,0,201764864,1,50.66,0.00,1347985408,1024,1109187072
407.8743,1314775040,8732.3400,1583.34,0,201764864,1,49.18,0.00,1348247552,1024,1109223936
407.9792,1314775040,8734.0000,1582.68,0,201764864,1,49.76,0.00,1347817472,1024,1109223936
408.0840,1314775040,8735.6700,1593.81,0,201764864,1,50.70,0.00,1347817472,1024,1109223936
408.1889,1314775040,8737.4000,1648.42,0,201764864,1,50.62,0.00,1347817472,1024,1109223936
408.2938,1314775040,8739.0600,1582.57,0,201764864,1,49.46,0.00,1347555328,1024,1109248512
408.3988,1314775040,8740.7200,1580.99,0,201764864,1,49.70,0.00,1347293184,1024,1109248512
408.5036,1314775040,8742.3800,1585.00,0,201764864,1,51.62,0.00,1347039232,1024,1109248512
408.6086,1314775040,8744.0500,1589.82,0,201764864,1,51.17,0.00,1347063808,1024,1109248512
408.7133,1314775040,8745.7700,1642.19,0,201764864,1,49.83,0.00,1347063808,1024,1109248512
408.8183,1314775040,8747.4400,1590.82,0,201764864,1,49.42,0.00,1347063808,1024,1109293568
408.9231,1314775040,8749.1000,1583.64,0,201764864,1,49.79,0.00,1347063808,1024,1109293568
409.0279,1314775040,8750.7700,1593.33,0,201764864,1,51.58,0.00,1347059712,1024,1109355008
409.1328,1314775040,8752.4300,1583.32,0,201764864,1,49.78,0.00,1347321856,1024,1109355008
409.2378,1314775040,8754.1600,1647.62,0,201764864,1,49.40,0.00,1347321856,1024,1109355008
409.3427,1314775040,8755.8200,1582.43,0,201764864,1,49.45,0.00,1347321856,1024,1109355008
409.4476,1314775040,8757.4900,1592.51,0,201764864,1,49.47,0.00,1347321856,1024,1109355008
409.5524,1314775040,8759.1500,1582.91,0,201764864,1,52.15,0.00,1347072000,1024,1109355008
409.6573,1314775040,8760.8800,1648.97,0,201764864,1,49.45,0.00,1347330048,1024,1109355008
409.7622,1314775040,8762.5400,1583.21,0,201764864,1,49.48,0.00,1347330048,1024,1109355008
409.8671,1314775040,8764.2100,1592.57,0,201764864,1,49.17,0.00,1347334144,1024,1109355008
409.9720,1314775040,8765.8700,1581.54,0,201764864,1,52.10,0.00,1347334144,1024,1109355008
410.0769,1314775040,8767.5300,1583.46,0,201764864,1,49.48,0.00,1347334144,1024,1109355008
410.1818,1314775040,8769.2600,1647.95,0,201764864,1,50.90,0.00,1347235840,1024,1109355008
410.2867,1314775040,8770.9300,1591.96,0,201764864,1,50.05,0.00,1347235840,1024,1109355008
410.3916,1314775040,8772.5900,1582.30,0,201764864,1,50.34,0.00,1347235840,1024,1109355008
410.4965,1314775040,8774.2500,1583.32,0,201764864,1,51.86,0.00,1347235840,1024,1109355008
410.6014,1314775040,8775.9800,1649.52,0,201764864,1,49.46,0.00,1347235840,1024,1109383680
410.7063,1314775040,8777.6500,1591.94,0,201764864,1,49.15,0.00,1347235840,1024,1109383680
410.8111,1314775040,8779.3100,1583.96,0,201764864,1,50.10,0.00,1347235840,1024,1110672896
410.9160,1314775040,8780.9700,1581.93,0,201764864,1,52.12,0.00,1347235840,1024,1111677440
411.0209,1314775040,8782.6400,1592.45,0,201764864,1,49.47,0.00,1347235840,1024,1111677440
411.1258,1314775040,8784.3700,1648.95,0,201764864,1,49.44,0.00,1347244032,1024,1111677440
411.2306,1314775040,8786.0400,1593.77,0,201764864,1,50.10,0.00,1347239936,1024,1111677440
411.3353,1314775040,8787.7000,1584.64,0,201764864,1,49.52,0.00,1347239936,1024,1111677440
411.4401,1314775040,8789.3600,1584.43,0,201764864,1,51.30,0.00,1347239936,1024,1111677440
411.5450,1314775040,8791.0900,1649.18,0,201764864,1,49.45,0.00,1347239936,1024,1111677440
411.6498,1314775040,8792.7600,1593.46,0,201764864,1,50.09,0.00,1347239936,1024,1111677440
411.7545,1314775040,8794.4200,1584.94,0,201764864,1,49.53,0.00,1347239936,1024,1111677440
411.8595,1314775040,8796.0800,1582.13,0,201764864,1,49.74,0.00,1347235840,1024,1111677440
411.9644,1314775040,8797.7400,1582.36,0,201764864,1,50.94,0.00,1347239936,1024,1111677440
412.0692,1314775040,8799.4700,1649.92,0,201764864,1,50.07,0.00,1347239936,1024,1111677440
412.1740,1314775040,8801.1400,1593.61,0,201764864,1,49.80,0.00,1346977792,1024,1111677440
412.2790,1314775040,8802.8000,1581.60,0,201764864,1,50.02,0.00,1346981888,1024,1111755264
412.3839,1314775040,8804.4700,1591.95,0,201764864,1,50.94,0.00,1346981888,1024,1111808512
412.4888,1314775040,8806.1300,1582.16,0,201764864,1,49.74,0.00,1346981888,1024,1111808512
412.5937,1314775040,8807.8600,1649.70,0,201764864,1,49.77,0.00,1346985984,1024,1111808512
412.6986,1314775040,8809.5200,1581.92,0,201764864,1,49.73,0.00,1346985984,1024,1111808512
412.8034,1314775040,8811.1800,1583.43,0,201764864,1,48.89,0.00,1346985984,1024,1111808512
412.9083,1314775040,8812.8500,1591.83,0,201764864,1,51.83,0.00,1346985984,1024,1111808512
413.0132,1314775040,8814.5800,1649.55,0,201764864,1,50.06,0.00,1346985984,1024,1111857664
413.1181,1314775040,8816.2400,1582.72,0,201764864,1,49.76,0.00,1347244032,1024,1111857664
413.2230,1314775040,8817.9000,1582.34,0,201764864,1,49.15,0.00,1347244032,1024,1111857664
413.3278,1314775040,8819.5700,1593.08,0,201764864,1,51.87,0.00,1347244032,1024,1111857664
413.4328,1314775040,8821.2300,1580.75,0,201764864,1,49.70,0.00,1347252224,1024,1112033792
413.5378,1314775040,8822.9600,1649.08,0,201764864,1,49.75,0.00,1347252224,1024,1112033792
413.6426,1314775040,8824.6200,1583.44,0,201764864,1,48.89,0.00,1347252224,1024,1112033792
413.7475,1314775040,8826.2900,1591.34,0,201764864,1,49.73,0.00,1347252224,1024,1112193536
413.8524,1314775040,8827.9500,1582.35,0,201764864,1,51.83,0.00,1347248128,1024,1112193536
413.9575,1314775040,8829.6800,1647.11,0,201764864,1,49.69,0.00,1347248128,1024,1112254976
414.0625,1314775040,8831.3400,1581.02,0,201764864,1,48.81,0.00,1347248128,1024,1112254976
414.1674,1314775040,8833.0100,1591.55,0,201764864,1,49.74,0.00,1347248128,1024,1112254976
414.2724,1314775040,8834.6700,1580.79,0,201764864,1,51.78,0.00,1347248128,1024,1112254976
414.3773,1314775040,8836.4000,1649.19,0,201764864,1,50.05,0.00,1347248128,1024,1112254976
414.4823,1314775040,8838.0600,1580.89,0,201764864,1,49.11,0.00,1347244032,1024,1112254976
414.5873,1314775040,8839.7300,1590.68,0,201764864,1,49.71,0.00,1347244032,1024,1112254976
414.6923,1314775040,8841.3900,1580.85,0,201764864,1,51.78,0.00,1347244032,1024,1112254976
414.7972,1314775040,8843.1200,1649.03,0,201764864,1,49.75,0.00,1347244032,1024,1112254976
414.9022,1314775040,8844.7800,1581.81,0,201764864,1,48.84,0.00,1347244032,1024,1112254976
415.0072,1314775040,8846.4500,1590.51,0,201764864,1,49.70,0.00,1347244032,1024,1112254976
415.1122,1314775040,8848.1100,1581.02,0,201764864,1,51.79,0.00,1347244032,1024,1112254976
415.2169,1314775040,8849.7800,1594.42,0,201764864,1,49.83,0.00,1347239936,1024,1112254976
415.3218,1314775040,8851.5000,1639.74,0,201764864,1,48.86,0.00,1347239936,1024,1112254976
415.4266,1314775040,8853.1700,1592.69,0,201764864,1,49.77,0.00,1347239936,1024,1112254976
415.5314,1314775040,8854.8300,1584.34,0,201764864,1,49.81,0.00,1347239936,1024,1112254976
415.6364,1314775040,8856.5000,1591.36,0,201764864,1,51.81,0.00,1347239936,1024,1112254976
415.7414,1314775040,8858.2200,1636.98,0,201764864,1,48.78,0.00,1347239936,1024,1112254976
415.8465,1314775040,8859.8900,1589.76,0,201764864,1,49.68,0.00,1347239936,1024,1112254976
415.9514,1314775040,8861.5500,1581.45,0,201764864,1,49.72,0.00,1347239936,1024,1114905600
416.0560,1314775040,8863.2200,1597.80,0,201764864,1,52.62,0.00,1347239936,1024,1114905600
416.1606,1314775040,8864.8800,1586.09,0,201764864,1,48.97,0.00,1346977792,1024,1114905600
416.2656,1314775040,8866.6100,1648.32,0,201764864,1,49.72,0.00,1346977792,1024,1114905600
416.3705,1314775040,8868.2700,1582.45,0,201764864,1,49.75,0.00,1346977792,1024,1114905600
416.4755,1314775040,8869.9400,1590.38,0,201764864,1,50.00,0.00,1346977792,1024,1114905600
416.5804,1314775040,8871.6000,1581.50,0,201764864,1,50.61,0.00,1346977792,1024,1114905600
416.6854,1314775040,8873.3300,1648.01,0,201764864,1,50.31,0.00,1346973696,1024,1114905600
416.7904,1314775040,8874.9900,1580.76,0,201764864,1,49.40,0.00,1346973696,1024,1114905600
416.8952,1314775040,8876.6600,1594.51,0,201764864,1,50.13,0.00,1346973696,1024,1114905600
417.0001,1314775040,8878.3200,1582.13,0,201764864,1,50.63,0.00,1346973696,1024,1114905600
417.1049,1314775040,8879.9800,1584.13,0,201764864,1,50.70,0.00,1347235840,1024,1114905600
417.2096,1314775040,8881.7100,1651.37,0,201764864,1,49.52,0.00,1347231744,1024,1114905600
417.3143,1314775040,8883.3800,1595.05,0,201764864,1,50.14,0.00,1347227648,1024,1114905600
417.4193,1314775040,8885.0400,1581.88,0,201764864,1,49.43,0.00,1347227648,1024,1114905600
417.5241,1314775040,8886.7000,1583.65,0,201764864,1,51.58,0.00,1347272704,1024,1114905600
417.6289,1314775040,8888.4300,1650.20,0,201764864,1,49.78,0.00,1347276800,1024,1114905600
417.7339,1314775040,8890.1000,1590.81,0,201764864,1,49.42,0.00,1347276800,1024,1114905600
417.8390,1314775040,8891.7600,1579.67,0,201764864,1,49.36,0.00,1347203072,1024,1114942464
417.9438,1314775040,8893.4200,1583.61,0,201764864,1,51.28,0.00,1347203072,1024,1114942464
418.0489,1314775040,8895.0900,1589.54,0,201764864,1,50.27,0.00,1347198976,1024,1115003904
418.1537,1314775040,8896.8200,1651.18,0,201764864,1,49.51,0.00,1347198976,1024,1115003904
418.2586,1314775040,8898.4800,1582.19,0,201764864,1,49.44,0.00,1347198976,1024,1115003904
418.3635,1314775040,8900.1400,1582.48,0,201764864,1,49.45,0.00,1347198976,1024,1115003904
418.4682,1314775040,8901.8100,1594.30,0,201764864,1,52.21,0.00,1347198976,1024,1115003904
418.5733,1314775040,8903.5300,1637.43,0,201764864,1,49.68,0.00,1347198976,1024,1115003904
418.6781,1314775040,8905.1900,1582.95,0,201764864,1,49.47,0.00,1347207168,1024,1115085824
418.7831,1314775040,8906.8600,1591.48,0,201764864,1,49.73,0.00,1347207168,1024,1115085824
418.8879,1314775040,8908.5200,1582.77,0,201764864,1,51.85,0.00,1347469312,1024,1115085824
418.9929,1314775040,8910.2500,1647.91,0,201764864,1,49.41,0.00,1347469312,1024,1115085824
419.0978,1314775040,8911.9100,1583.62,0,201764864,1,49.19,0.00,1347469312,1024,1115085824
419.2026,1314775040,8913.5800,1592.79,0,201764864,1,49.77,0.00,1347469312,1024,1115085824
419.3074,1314775040,8915.2400,1584.15,0,201764864,1,49.21,0.00,1347469312,1024,1115085824
419.4124,1314775040,8916.9100,1590.58,0,201764864,1,52.09,0.00,1347473408,1024,1115085824
419.5171,1314775040,8918.6300,1642.45,0,201764864,1,49.24,0.00,1347473408,1024,1115085824
419.6216,1314775040,8920.3000,1597.40,0,201764864,1,50.22,0.00,1347473408,1024,1115085824
419.7265,1314775040,8921.9600,1583.25,0,201764864,1,49.18,0.00,1347473408,1024,1115085824
419.8315,1314775040,8923.6300,1591.09,0,201764864,1,50.32,0.00,1347473408,1024,1115085824
419.9365,1314775040,8925.2900,1580.26,0,201764864,1,50.87,0.00,1347469312,1024,1115085824
420.0413,1314775040,8927.0200,1650.53,0,201764864,1,49.79,0.00,1347469312,1024,1115085824
420.1462,1314775040,8928.6800,1583.28,0,201764864,1,49.48,0.00,1347207168,1024,1115085824
420.2509,1314775040,8930.3500,1594.07,0,201764864,1,50.41,0.00,1347207168,1024,1115085824
420.3559,1314775040,8932.0100,1581.67,0,201764864,1,50.92,0.00,1347207168,1024,1115085824
420.4607,1314775040,8933.6700,1583.70,0,201764864,1,51.88,0.00,1346953216,1024,1115085824
420.5656,1314775040,8935.4000,1649.31,0,201764864,1,49.16,0.00,1346949120,1024,1115085824
420.6705,1314775040,8937.0700,1591.66,0,201764864,1,50.33,0.00,1346949120,1024,1115085824
420.7754,1314775040,8938.7300,1581.96,0,201764864,1,49.44,0.00,1346949120,1024,1115085824
420.8804,1314775040,8940.3900,1580.92,0,201764864,1,51.49,0.00,1346949120,1024,1115085824
420.9852,1314775040,8942.1200,1650.84,0,201764864,1,49.20,0.00,1346949120,1024,1115085824
421.0900,1314775040,8943.7900,1593.99,0,201764864,1,50.41,0.00,1346949120,1024,1116884992
421.1946,1314775040,8945.4500,1587.64,0,201764864,1,49.61,0.00,1347211264,1024,1116884992
421.2992,1314775040,8947.1100,1585.78,0,201764864,1,49.26,0.00,1347211264,1024,1116884992
421.4041,1314775040,8948.7800,1592.02,0,201764864,1,51.24,0.00,1347207168,1024,1116884992
421.5091,1314775040,8950.5100,1648.83,0,201764864,1,50.63,0.00,1347219456,1024,1116884992
421.6139,1314775040,8952.1700,1583.59,0,201764864,1,49.49,0.00,1347223552,1024,1116913664
421.7188,1314775040,8953.8300,1581.82,0,201764864,1,49.13,0.00,1347223552,1024,1116913664
421.8238,1314775040,8955.5000,1591.72,0,201764864,1,51.23,0.00,1347223552,1024,1116913664
421.9286,1314775040,8957.1600,1583.46,0,201764864,1,50.38,0.00,1347747840,1024,1116913664
422.0334,1314775040,8958.8900,1651.23,0,201764864,1,49.51,0.00,1347751936,1024,1116913664
422.1382,1314775040,8960.5500,1583.66,0,201764864,1,49.19,0.00,1347485696,1024,1116913664
422.2431,1314775040,8962.2200,1591.87,0,201764864,1,49.75,0.00,1347485696,1024,1116913664
422.3480,1314775040,8963.8800,1582.31,0,201764864,1,52.13,0.00,1347485696,1024,1116913664
422.4528,1314775040,8965.5500,1594.19,0,201764864,1,49.82,0.00,1347485696,1024,1116913664
422.5575,1330503680,8967.1200,1498.95,0,201773056,1,44.46,0.00,1364258816,1024,1116913664
422.6625,1311137792,8967.9400,781.15,0,201773056,1,23.52,0.00,1346850816,1024,1116934144
422.7673,1315069952,8968.3500,391.14,0,201773056,1,12.52,0.00,1351049216,1024,1116987392
422.8721,1315069952,8968.6000,238.57,0,201773056,1,7.46,0.00,1351307264,1024,1116987392
422.9769,1319002112,8968.7900,181.25,0,201773056,1,5.66,0.00,1355501568,1024,1116987392
423.0817,1359339520,8968.9500,152.73,0,214306816,1,5.37,0.00,1397365760,1024,1116987392
423.1865,1364844544,8969.1000,143.08,0,233476096,1,5.37,0.00,1403314176,1024,1116987392
423.2915,1367203840,8969.7200,590.69,0,235380736,1,22.33,0.00,1407234048,1024,1116987392
423.3962,1373888512,8971.2200,1432.51,0,235442176,1,49.84,0.00,1412345856,1024,1116987392
423.5009,1375068160,8972.9100,1613.03,0,235515904,1,45.93,0.00,1414045696,1024,1116987392
423.6062,1375068160,8974.7800,1776.77,0,235524096,1,55.82,0.00,1414832128,1024,1116987392
423.7109,1375854592,8976.7100,1843.06,0,235659264,1,58.19,0.00,1415290880,1024,1116987392
423.8162,1375854592,8979.6300,2772.26,0,235659264,1,87.52,0.00,1415290880,1024,1117147136
423.9211,1376247808,8981.1400,1439.78,0,235663360,1,43.80,0.00,1415573504,1024,1117220864
424.0269,1377034240,8982.7700,1540.39,0,235667456,1,47.84,0.00,1415831552,1024,1117220864
424.1324,1377034240,8984.3900,1536.22,0,235884544,1,55.12,0.00,1416459264,1024,1117220864
424.2422,1377034240,8987.8600,3161.35,0,235933696,1,92.24,0.00,1416000512,1024,1117220864
424.3472,1377034240,8991.0900,3074.33,0,235933696,1,95.78,0.00,1416000512,1024,1117220864
424.4529,1377034240,8993.4500,2233.03,0,235933696,1,70.96,0.00,1415783424,1024,1117220864
424.5579,1377034240,8994.6100,1104.96,0,235933696,1,32.74,0.00,1417090048,1024,1117409280
424.6629,1377427456,8996.2500,1562.05,0,235937792,1,49.71,0.00,1417085952,1024,1117409280
424.7687,1264398336,8997.9100,1569.12,0,235937792,1,49.63,0.00,1303971840,1024,1117409280
424.8739,1179242496,8999.6000,1606.30,0,235941888,1,49.90,0.00,1217525760,1024,1117409280
424.9794,1179242496,9001.2700,1582.57,0,235941888,1,49.46,0.00,1217177600,1024,1117409280
425.0849,1179242496,9002.7700,1422.15,0,236449792,1,47.11,0.00,1218226176,1024,1117409280
425.1936,1179242496,9006.0100,2979.99,0,236466176,1,90.25,0.00,1218242560,1024,1117409280
425.2990,1179242496,9009.1300,2959.47,0,236466176,1,91.89,0.00,1217775616,1024,1117409280
425.4038,1179242496,9012.2500,2979.01,0,236466176,1,96.67,0.00,1217828864,1024,1117409280
425.5124,1179242496,9015.4900,2982.65,0,236466176,1,93.78,0.00,1217566720,1024,1117409280
425.6174,1179242496,9018.7300,3085.73,0,236466176,1,95.54,0.00,1217423360,1024,1117409280
425.7258,1179242496,9020.9600,2056.34,0,236470272,1,61.09,0.00,1217423360,1024,1117409280
425.8309,1179242496,9023.0300,1969.31,0,236470272,1,60.65,0.00,1217423360,1024,1117409280
425.9361,1179242496,9023.7500,684.41,0,236470272,1,21.09,0.00,1216976896,1024,1117409280
426.0408,1179242496,9025.1500,1337.07,0,236470272,1,44.77,0.00,1218033664,1024,1117409280
426.1454,1179242496,9026.7200,1501.30,0,236470272,1,45.42,0.00,1218295808,1024,1117409280
426.2500,1179242496,9028.3800,1587.51,0,236470272,1,49.61,0.00,1217122304,1024,1119833088
426.3546,1179242496,9030.0000,1549.07,0,236474368,1,48.41,0.00,1217654784,1024,1119833088
426.4601,1179242496,9031.6300,1544.48,0,236474368,1,49.45,0.00,1217658880,1024,1119833088
426.5653,1179242496,9033.3600,1643.97,0,236474368,1,49.59,0.00,1217417216,1024,1119833088
426.6703,1180422144,9034.9700,1534.41,0,236474368,1,47.65,0.00,1218203648,1024,1119833088
426.7753,1180422144,9036.6400,1589.71,0,236474368,1,49.38,0.00,1217990656,1024,1119833088
426.8805,1180422144,9038.3000,1578.05,0,236474368,1,51.39,0.00,1217990656,1024,1119833088
426.9860,1180422144,9040.0300,1640.26,0,236474368,1,49.48,0.00,1217990656,1024,1119833088
427.0935,1179856896,9041.9200,1758.63,0,237527040,1,55.25,0.00,1217820672,1024,1119833088
427.1985,1179856896,9045.0400,2971.03,0,237527040,1,93.14,0.00,1217632256,1024,1120078848
427.3031,1179856896,9048.1600,2980.90,0,237527040,1,92.56,0.00,1217165312,1024,1120078848
427.4083,1179856896,9051.2800,2967.98,0,237527040,1,95.72,0.00,1217165312,1024,1120078848
427.5127,1179856896,9054.4000,2986.48,0,237527040,1,94.22,0.00,1216632832,1024,1120078848
427.6254,1179856896,9057.9900,3184.76,0,237527040,1,96.47,0.00,1216632832,1024,1120078848
427.7310,1179856896,9061.2200,3060.82,0,237527040,1,94.76,0.00,1216629760,1024,1145515008
427.8363,1179856896,9064.4400,3057.17,0,237527040,1,103.55,0.00,1216629760,1024,1145551872
427.9458,1179856896,9067.9100,3168.25,0,237527040,1,92.16,0.00,1216674816,1024,1145551872
428.0509,1179856896,9071.1300,3064.83,0,237527040,1,95.48,0.00,1216674816,1024,1145609216
428.1566,1179856896,9074.3500,3045.54,0,237527040,1,100.20,0.00,1216674816,1024,1145609216
428.2620,1179856896,9077.7000,3180.32,0,237527040,1,94.93,0.00,1216670720,1024,1145609216
428.3673,1180643328,9080.3800,2544.98,0,237531136,1,78.34,0.00,1217178624,1024,1145609216
428.4725,1180643328,9082.6100,2118.30,0,237531136,1,69.76,0.00,1216916480,1024,1145609216
428.5776,1180643328,9084.9500,2227.58,0,237531136,1,66.93,0.00,1216916480,1024,1145609216
428.6827,1180643328,9087.1400,2083.34,0,237531136,1,65.10,0.00,1216916480,1024,1145609216
428.7880,1180643328,9089.0700,1832.63,0,237531136,1,56.68,0.00,1217440768,1024,1145654272
428.8928,1180643328,9089.8400,735.00,0,237535232,1,21.78,0.00,1217453056,1024,1145654272
428.9975,1180643328,9090.1200,267.43,0,237535232,1,7.76,0.00,1217448960,1024,1145654272
429.1023,1182609408,9091.7100,1517.36,0,237535232,1,48.31,0.00,1219283968,1024,1145654272
429.2077,1182609408,9093.3700,1573.77,0,237535232,1,51.55,0.00,1219361792,1024,1145654272
429.3132,1185361920,9095.0200,1564.60,0,237535232,1,46.82,0.00,1222176768,1024,1145654272
429.4183,1185361920,9095.2500,218.89,0,237535232,1,6.54,0.00,1222008832,1024,1145654272
429.5235,1186934784,9096.7200,1396.93,0,237535232,1,43.65,0.00,1222631424,1024,1145682944
429.6285,1186934784,9098.3800,1581.53,0,237535232,1,52.10,0.00,1222631424,1024,1145682944
429.7342,1188114432,9100.1100,1636.14,0,237535232,1,48.77,0.00,1225252864,1024,1145682944
429.8391,1191260160,9101.7100,1525.58,0,237535232,1,48.57,0.00,1227608064,1024,1145781248
429.9446,1191260160,9103.3700,1573.52,0,237535232,1,50.65,0.00,1227608064,1024,1145781248
430.0504,1194799104,9105.0100,1550.14,0,237539328,1,46.37,0.00,1232347136,1024,1145850880
430.1563,1195978752,9106.6500,1548.65,0,237539328,1,51.35,0.00,1232347136,1024,1145850880
430.2618,1195978752,9108.3800,1639.19,0,237539328,1,48.86,0.00,1232158720,1024,1145850880
430.3672,1199124480,9109.8900,1432.87,0,237539328,1,44.18,0.00,1235304448,1024,1145850880
430.4720,1200697344,9111.4700,1506.88,0,237539328,1,49.77,0.00,1237360640,1024,1145850880
430.5777,1200697344,9113.2000,1637.39,0,237539328,1,49.69,0.00,1236852736,1024,1145850880
430.6828,1200697344,9114.8600,1578.78,0,237539328,1,49.63,0.00,1236852736,1024,1145850880
430.7887,1200697344,9116.5200,1568.71,0,237539328,1,50.79,0.00,1236856832,1024,1145850880
430.8939,1200697344,9118.2500,1643.21,0,237539328,1,49.27,0.00,1236856832,1024,1145850880
430.9995,1200697344,9119.9200,1581.47,0,237539328,1,49.72,0.00,1236856832,1024,1145850880
431.1050,1200697344,9121.6400,1630.90,0,237539328,1,50.97,0.00,1236852736,1024,1146055680
431.2104,1200697344,9123.3100,1583.99,0,237539328,1,49.50,0.00,1236852736,1024,1146055680
431.3162,1204236288,9124.4800,1105.94,0,239648768,1,41.06,0.00,1241828352,1024,1184844288
431.4221,1204236288,9127.4900,2844.07,0,239648768,1,85.92,0.00,1241717760,1024,1184844288
431.5273,1204236288,9130.4000,2765.80,0,239648768,1,85.84,0.00,1240910848,1024,1184844288
431.6333,1204236288,9133.4300,2857.02,0,239648768,1,89.87,0.00,1240906752,1024,1184844288
431.7387,1204236288,9136.4100,2828.99,0,239648768,1,89.00,0.00,1240538112,1024,1184844288
431.8444,1204236288,9139.4300,2856.43,0,239648768,1,92.22,0.00,1240534016,1024,1184844288
431.9503,1204236288,9142.5600,2955.71,0,239648768,1,89.12,0.00,1240796160,1024,1184844288
432.0560,1204236288,9145.5700,2847.26,0,239648768,1,92.82,0.00,1240796160,1024,1184844288
432.1616,1204236288,9148.7100,2972.48,0,239648768,1,89.04,0.00,1240796160,1024,1184844288
432.2694,1204236288,9151.8900,2949.78,0,239648768,1,92.18,0.00,1240796160,1024,1184844288
432.3754,1204236288,9155.0100,2944.98,0,239648768,1,92.03,0.00,1241058304,1024,1184844288
432.4810,1204236288,9158.2100,3029.89,0,239648768,1,98.23,0.00,1241058304,1024,1184844288
432.5897,1204236288,9161.3500,2888.27,0,239648768,1,86.81,0.00,1240566784,1024,1184844288
432.6955,1204236288,9164.3600,2846.64,0,239648768,1,89.25,0.00,1240828928,1024,1184844288
432.8006,1204236288,9167.3800,2872.18,0,239648768,1,93.02,0.00,1240828928,1024,1184844288
432.9061,1204236288,9170.5000,2957.80,0,239648768,1,88.58,0.00,1240828928,1024,1184844288
433.0136,1204236288,9173.6200,2902.68,0,239648768,1,91.00,0.00,1240828928,1024,1184844288
433.1192,1204236288,9176.6300,2849.13,0,239648768,1,89.33,0.00,1240994816,1024,1184893440
433.2245,1204236288,9179.7500,2964.17,0,239648768,1,99.76,0.00,1240990720,1024,1184946688
433.3335,1204236288,9183.1000,3074.21,0,239648768,1,89.19,0.00,1241248768,1024,1184946688
433.4394,1204236288,9186.2200,2944.84,0,239648768,1,92.03,0.00,1241248768,1024,1184946688
433.5442,1204236288,9189.3400,2976.73,0,239648768,1,96.00,0.00,1240732672,1024,1184946688
433.6493,1204236288,9192.5800,3083.49,0,239648768,1,96.66,0.00,1240732672,1024,1185298944
433.7581,1204236288,9195.8200,2978.90,0,239648768,1,89.93,0.00,1240732672,1024,1185458688
433.8628,1204236288,9198.9400,2977.28,0,239648768,1,93.64,0.00,1240732672,1024,1185532416
433.9685,1204236288,9202.0600,2954.07,0,239648768,1,95.57,0.00,1240470528,1024,1185532416
434.0774,1204236288,9205.4200,3083.03,0,239648768,1,92.90,0.00,1240470528,1024,1185532416
434.1828,1204236288,9208.3300,2763.44,0,239648768,1,86.36,0.00,1240466432,1024,1185532416
434.2878,1204236288,9211.0600,2597.99,0,239648768,1,84.16,0.00,1240466432,1024,1185532416
434.3926,1204236288,9213.5800,2404.68,0,239648768,1,74.25,0.00,1240466432,1024,1185532416
434.4979,1204236288,9216.1800,2469.11,0,239648768,1,74.19,0.00,1240466432,1024,1185532416
434.6028,1204236288,9218.6800,2383.84,0,239648768,1,74.79,0.00,1240466432,1024,1185532416
434.7077,1204236288,9221.1700,2374.75,0,239648768,1,74.21,0.00,1240466432,1024,1185532416
434.8123,1204629504,9223.6300,2350.16,0,239648768,1,76.13,0.00,1240986624,1024,1185532416
434.9170,1205022720,9225.8600,2131.54,0,239648768,1,66.61,0.00,1241416704,1024,1185679872
435.0221,1205809152,9228.0000,2035.80,0,239648768,1,61.54,0.00,1242600448,1024,1185679872
435.1269,1205809152,9229.8700,1783.54,0,239648768,1,55.44,0.00,1242600448,1024,1185679872
435.2322,1205809152,9231.5100,1557.90,0,239648768,1,50.47,0.00,1242338304,1024,1185679872
435.3372,1206595584,9232.8500,1276.28,0,239648768,1,38.10,0.00,1243123712,1024,1185679872
435.4422,1206595584,9233.8900,990.15,0,239648768,1,30.94,0.00,1243123712,1024,1185679872
435.5473,1206988800,9234.8200,884.86,0,239648768,1,28.84,0.00,1243381760,1024,1185679872
435.6527,1207382016,9235.2400,398.65,0,239648768,1,10.68,0.00,1243783168,1024,1185679872
435.7581,1211707392,9235.9300,654.35,0,239648768,1,21.34,0.00,1249185792,1024,1185679872
435.8632,1211707392,9237.5900,1579.39,0,239648768,1,48.76,0.00,1249185792,1024,1185679872
435.9682,1211707392,9239.2600,1591.49,0,239648768,1,51.52,0.00,1249185792,1024,1185679872
436.0733,1211707392,9240.9800,1635.61,0,239648768,1,49.92,0.00,1249185792,1024,1185679872
436.1793,1211707392,9242.6500,1575.68,0,239648768,1,48.65,0.00,1248669696,1024,1185679872
436.2847,1211707392,9244.3100,1574.57,0,239648768,1,51.58,0.00,1248673792,1024,1185679872
436.3898,1221144576,9245.6400,1265.24,0,239652864,1,37.75,0.00,1259159552,1024,1185679872
436.4954,1221144576,9247.3000,1573.25,0,239652864,1,49.76,0.30,1258905600,1024,1190135296
436.6010,1221144576,9249.0300,1637.31,0,239652864,1,51.46,0.00,1258184704,1024,1190135296
436.7066,1221144576,9250.6900,1572.36,0,239652864,1,49.14,0.00,1257930752,1024,1190135296
436.8123,1221144576,9252.3600,1579.35,0,239652864,1,51.13,0.00,1257930752,1024,1190135296
436.9183,1221144576,9254.0900,1632.04,0,239652864,1,48.64,0.00,1257930752,1024,1190135296
437.0244,1230581760,9255.5400,1367.51,0,239652864,1,45.09,0.00,1268416512,1024,1190135296
437.1302,1230581760,9257.2700,1635.18,0,239652864,1,48.74,0.00,1268154368,1024,1190135296
437.2362,1230581760,9258.9300,1565.84,0,239652864,1,51.59,0.00,1267777536,1024,1190135296
437.3416,1230581760,9260.6600,1640.63,0,239652864,1,49.49,0.00,1267777536,1024,1190135296
437.4467,1230581760,9262.3200,1580.08,0,239652864,1,49.67,0.00,1267515392,1024,1190135296
437.5521,1230581760,9263.9900,1584.71,0,239652864,1,51.00,0.00,1267265536,1024,1190135296
437.6577,1240412160,9265.5300,1458.02,0,239652864,1,43.79,0.00,1277636608,1024,1190135296
437.7633,1240412160,9267.1900,1571.12,0,239652864,1,48.80,0.00,1277513728,1024,1190135296
437.8689,1240412160,9268.9200,1638.49,0,239652864,1,51.20,0.00,1277513728,1024,1190172160
437.9749,1240412160,9270.5900,1575.67,0,239652864,1,49.53,0.00,1277657088,1024,1190172160
438.0809,1240412160,9272.3100,1622.85,0,239652864,1,50.42,0.00,1277652992,1024,1190172160
438.1865,1240412160,9273.9800,1582.05,0,239652864,1,50.33,0.00,1277370368,1024,1190172160
438.2924,1251028992,9275.4000,1340.33,0,239656960,1,42.77,0.00,1286807552,1024,1190172160
438.3982,1251028992,9277.1200,1626.38,0,239656960,1,48.16,0.00,1286807552,1024,1190172160
438.5034,1251028992,9278.7900,1587.32,0,239656960,1,51.09,0.00,1286807552,1024,1190172160
438.6088,1251028992,9280.4500,1574.83,0,239656960,1,50.70,0.00,1286557696,1024,1190172160
438.7143,1251028992,9282.1800,1638.97,0,239656960,1,48.55,0.00,1286553600,1024,1190172160
438.8202,1251028992,9283.8400,1567.61,0,239656960,1,51.35,0.00,1286471680,1024,1190172160
438.9259,1251028992,9285.5700,1637.13,0,239656960,1,48.50,0.00,1286361088,1024,1190241792
439.0317,1251028992,9287.2400,1577.80,0,239656960,1,51.37,0.00,1286361088,1024,1190241792
439.1378,1251028992,9288.9600,1622.06,0,239656960,1,48.92,0.00,1286361088,1024,1190241792
439.2431,1251028992,9290.6300,1585.41,0,239656960,1,50.14,0.00,1286361088,1024,1190241792
439.3491,1251028992,9292.3500,1622.60,0,239656960,1,51.00,0.00,1286356992,1024,1190241792
439.4546,1251028992,9294.0200,1583.50,0,239656960,1,49.19,0.00,1286356992,1024,1190241792
439.5597,1251028992,9295.6800,1578.98,0,239656960,1,51.72,0.00,1286356992,1024,1190241792
439.6651,1251028992,9297.4200,1650.87,0,239656960,1,48.62,0.00,1286356992,1024,1190241792
439.7707,1251028992,9299.0800,1572.21,0,239656960,1,49.43,0.00,1286156288,1024,1190241792
439.8763,1251028992,9300.7400,1572.50,0,239656960,1,50.62,0.00,1286156288,1024,1190241792
439.9819,1251028992,9302.4700,1637.99,0,239656960,1,50.00,0.00,1286156288,1024,1190241792
440.0874,1251487744,9303.0900,587.71,0,243851264,1,18.37,0.00,1288210432,1024,1190241792
440.1977,1254633472,9306.3000,2909.53,0,243851264,1,92.34,0.00,1291532288,1024,1190241792
440.3033,1254633472,9309.4200,2954.41,0,243851264,1,91.14,0.00,1291282432,1024,1190241792
440.4177,1254633472,9312.8900,3033.95,0,243851264,1,96.18,0.00,1291032576,1024,1190241792
440.5230,1254633472,9316.0100,2963.67,0,243851264,1,91.43,0.00,1291032576,1024,1190241792
440.6283,1254633472,9319.1500,2980.57,0,243851264,1,97.59,0.00,1291044864,1024,1190241792
440.7333,1254633472,9322.4900,3180.04,0,243851264,1,94.91,0.00,1291044864,1024,1190241792
440.8389,1254633472,9325.7200,3058.94,0,243851264,1,96.78,0.00,1291044864,1024,1190270464
440.9438,1254633472,9328.9400,3069.20,0,243851264,1,94.72,0.00,1291302912,1024,1190270464
441.0487,1254633472,9332.1700,3080.52,0,243851264,1,100.74,0.00,1291094016,1024,1190270464
441.1539,1254633472,9335.5100,3175.07,0,243851264,1,94.76,0.00,1291089920,1024,1190270464
441.2594,1254633472,9338.7400,3059.89,0,243851264,1,96.81,0.00,1291071488,1024,1190270464
441.3648,1254633472,9341.9600,3055.68,0,243851264,1,98.16,0.00,1291071488,1024,1190270464
441.4698,1254633472,9345.3000,3182.51,0,243851264,1,96.77,0.00,1290805248,1024,1190270464
441.5774,1254633472,9348.6500,3111.13,0,243851264,1,97.51,0.00,1290805248,1024,1192027648
441.6827,1254633472,9351.8700,3060.72,0,243851264,1,94.46,0.00,1290412032,1024,1192027648
441.7875,1254633472,9355.1000,3081.84,0,243851264,1,96.31,0.00,1290412032,1024,1192027648
441.8933,1254633472,9358.4400,3155.96,0,243851264,1,103.64,0.00,1290412032,1024,1192027648
442.0021,1254633472,9361.7900,3077.78,0,243851264,1,91.30,0.00,1290412032,1024,1192027648
442.1072,1254633472,9365.0200,3073.23,0,243851264,1,95.74,0.00,1290412032,1024,1192027648
442.2131,1254633472,9368.3600,3155.01,0,243851264,1,98.89,0.00,1290428416,1024,1192027648
442.3182,1254633472,9371.5800,3064.82,0,243851264,1,96.97,0.00,1290428416,1024,1192068608
442.4255,1254633472,9374.9300,3122.52,0,243851264,1,96.41,0.00,1290428416,1024,1192068608
442.5307,1254633472,9378.1600,3069.68,0,243851264,1,96.82,0.00,1290428416,1024,1192068608
442.6363,1254633472,9381.3800,3049.16,0,243851264,1,99.13,0.00,1290432512,1024,1192068608
442.7416,1254633472,9384.7200,3170.23,0,243851264,1,94.62,0.00,1290432512,1024,1192068608
442.8496,1254633472,9388.0700,3104.13,0,243851264,1,97.87,0.00,1290432512,1024,1192089088
442.9552,1254633472,9391.3000,3057.05,0,243851264,1,94.35,0.00,1290428416,1024,1192089088
443.0600,1254633472,9394.5200,3073.18,0,243851264,1,99.91,0.00,1290428416,1024,1192162816
443.1652,1254633472,9397.8600,3174.01,0,243851264,1,95.62,0.00,1290428416,1024,1192162816
443.2703,1254633472,9401.0900,3073.10,0,243851264,1,96.63,0.00,1290432512,1024,1192162816
443.3751,1254633472,9404.3200,3082.63,0,243851264,1,95.44,0.00,1290436608,1024,1192162816
443.4855,1254633472,9407.7900,3141.96,0,243851264,1,98.47,0.00,1290436608,1024,1192162816
443.5903,1254633472,9411.0100,3074.11,0,243851264,1,96.96,0.00,1290174464,1024,1192162816
443.6958,1254633472,9414.2400,3061.08,0,243851264,1,99.21,0.00,1290432512,1024,1192162816
443.8016,1254633472,9417.5800,3158.00,0,243851264,1,94.55,0.00,1290383360,1024,1192388096
443.9067,1254633472,9420.8000,3064.11,0,243851264,1,95.75,0.00,1290387456,1024,1192388096
444.0120,1254633472,9424.0300,3066.96,0,243851264,1,99.11,0.00,1290395648,1024,1192388096
444.1179,1254633472,9427.3700,3153.94,0,243851264,1,96.49,0.00,1290395648,1024,1192388096
444.2238,1254633472,9430.6000,3048.46,0,243851264,1,97.62,0.00,1290395648,1024,1192388096
444.3322,1254633472,9433.9500,3091.97,0,243851264,1,96.34,0.00,1290391552,1024,1192388096
444.4380,1254633472,9437.2900,3157.36,0,243851264,1,96.60,0.00,1290391552,1024,1192388096
444.5429,1254633472,9440.5100,3068.87,0,243851264,1,95.01,0.00,1290391552,1024,1192388096
444.6485,1254633472,9443.7400,3057.44,0,243851264,1,99.98,0.00,1290391552,1024,1192388096
444.7574,1254633472,9447.2100,3185.80,0,243851264,1,96.11,0.00,1290391552,1024,1192388096
444.8629,1254633472,9450.4300,3054.55,0,243851264,1,94.57,0.00,1290391552,1024,1192388096
444.9687,1254633472,9453.6600,3052.27,0,243851264,1,99.52,0.00,1290391552,1024,1192388096
445.0741,1254633472,9457.0000,3168.64,0,243851264,1,94.57,0.00,1290387456,1024,1192388096
445.1795,1254633472,9460.2300,3065.17,0,243851264,1,96.68,0.00,1290387456,1024,1192388096
445.2848,1254633472,9463.4500,3056.94,0,243851264,1,102.95,0.00,1290395648,1024,1192388096
445.3940,1254633472,9466.9200,3176.73,0,243851264,1,91.26,0.00,1290399744,1024,1192388096
445.4995,1254633472,9470.1400,3052.75,0,243851264,1,96.88,0.00,1290399744,1024,1192388096
445.6045,1254633472,9473.3700,3076.34,0,243851264,1,98.81,0.00,1290403840,1024,1192388096
445.7103,1254633472,9476.7100,3155.97,0,243851264,1,95.67,0.00,1290399744,1024,1192388096
445.8158,1254633472,9479.9400,3062.36,0,243851264,1,99.55,0.00,1290661888,1024,1192388096
445.9222,1254633472,9483.2800,3140.60,0,243851264,1,93.74,0.00,1290661888,1024,1192388096
446.0294,1254633472,9486.5200,3020.09,0,243851264,1,94.96,0.00,1290661888,1024,1192388096
446.1347,1254633472,9489.6400,2963.33,0,243851264,1,92.01,0.00,1290661888,1024,1192388096
446.2401,1254633472,9492.7600,2961.94,0,243851264,1,96.12,0.00,1290981376,1024,1192388096
446.3478,1256599552,9495.7700,2792.90,0,243855360,1,87.86,0.00,1292812288,1024,1192388096
446.4535,1258172416,9498.4100,2497.75,0,243855360,1,74.21,0.00,1294121984,1024,1192388096
446.5584,1258172416,9500.9100,2383.17,0,243855360,1,74.47,0.00,1294121984,1024,1192388096
446.6636,1258172416,9503.4000,2367.79,0,243855360,1,73.99,0.00,1293962240,1024,1194763264
446.7680,1258172416,9505.9000,2395.40,0,243855360,1,78.45,0.00,1293802496,1024,1194763264
446.8731,1258172416,9508.4900,2463.49,0,243855360,1,74.31,0.00,1293601792,1024,1194763264
446.9783,1258172416,9510.9900,2377.00,0,243855360,1,74.28,0.00,1293339648,1024,1194763264
447.0834,1258172416,9513.4800,2368.84,0,243855360,1,74.32,0.00,1293250560,1024,1194763264
447.1884,1258172416,9515.9700,2370.57,0,243855360,1,77.95,0.00,1293250560,1024,1194763264
447.2933,1258172416,9518.5700,2479.01,0,243855360,1,73.60,0.00,1293250560,1024,1194763264
447.3982,1258172416,9521.0600,2373.68,0,243855360,1,74.77,0.00,1293512704,1024,1194763264
447.5032,1258958848,9523.5200,2342.41,0,243855360,1,72.61,0.00,1294299136,1024,1194816512
447.6087,1258958848,9525.9100,2266.61,0,243855360,1,74.68,0.00,1294299136,1024,1194816512
447.7135,1258958848,9528.3900,2365.57,0,243855360,1,70.65,0.00,1294299136,1024,1194816512
447.8188,1258958848,9530.7800,2270.01,0,243855360,1,71.53,0.00,1294295040,1024,1194853376
447.9242,1258958848,9533.1700,2267.42,0,243855360,1,73.23,0.00,1294557184,1024,1194853376
448.0291,1258958848,9535.6600,2373.61,0,243855360,1,71.79,0.00,1294565376,1024,1194996736
448.1341,1259745280,9538.0100,2237.42,0,243855360,1,69.32,0.00,1295351808,1024,1194996736
448.2391,1259745280,9540.3000,2182.70,0,243855360,1,68.81,0.00,1295351808,1024,1194996736
448.3440,1259745280,9542.5900,2182.33,0,243855360,1,70.28,0.00,1295360000,1024,1194996736
448.4489,1260138496,9544.8600,2163.29,0,243855360,1,65.52,0.00,1295622144,1024,1194996736
448.5540,1260138496,9546.9400,1980.17,0,243855360,1,61.58,0.00,1295622144,1024,1194996736
448.6595,1262497792,9548.6800,1648.82,0,243855360,1,50.93,0.00,1297985536,1024,1194996736
448.7643,1262891008,9550.0900,1345.83,0,243859456,1,44.15,0.00,1298771968,1024,1196479488
448.8697,1262891008,9551.4900,1328.16,0,243859456,1,39.73,0.00,1299034112,1024,1196479488
448.9751,1263284224,9552.7700,1214.27,0,243859456,1,37.95,0.00,1299820544,1024,1196479488
449.0800,1263284224,9554.0300,1201.12,0,243859456,1,38.73,0.00,1299562496,1024,1196479488
449.1856,1263284224,9555.3200,1221.24,0,243859456,1,37.28,0.00,1299562496,1024,1196479488
449.2907,1263284224,9556.5700,1189.68,0,243859456,1,36.58,0.00,1299300352,1024,1196479488
449.3956,1264463872,9557.6700,1048.23,0,243859456,1,33.95,0.00,1300873216,1024,1196479488
449.5007,1267216384,9558.2700,570.95,0,243859456,1,16.36,0.00,1303867392,1024,1196479488
449.6056,1268002816,9558.5100,228.87,0,243859456,1,6.56,0.00,1304133632,1024,1196479488
449.7105,1268002816,9558.7100,190.57,0,243859456,1,6.25,0.00,1303920640,1024,1196479488
449.8153,1279012864,9559.9000,1136.31,0,243859456,1,36.40,0.00,1315516416,1024,1196479488
449.9208,1279012864,9561.5600,1572.04,0,243859456,1,51.20,0.00,1315516416,1024,1196479488
450.0254,1279012864,9563.2900,1654.96,0,243859456,1,50.82,0.00,1315516416,1024,1196479488
450.1307,1279012864,9564.9500,1576.83,0,243859456,1,48.39,0.00,1315254272,1024,1196479488
450.2360,1279012864,9566.6200,1585.99,0,243859456,1,51.64,0.00,1315000320,1024,1196479488
450.3407,1279012864,9568.2800,1584.58,0,243859456,1,49.22,0.00,1315098624,1024,1196479488
450.4453,1279012864,9570.0100,1653.95,0,243859456,1,51.09,0.00,1315102720,1024,1196479488
450.5501,1279012864,9571.6700,1584.61,0,243859456,1,48.62,0.00,1315098624,1024,1196479488
450.6554,1279012864,9573.3300,1576.24,0,243859456,1,49.55,0.00,1315102720,1024,1196479488
450.7601,1279012864,9574.9900,1585.18,0,243859456,1,51.63,0.00,1315102720,1024,1196479488
450.8655,1279012864,9576.7200,1640.79,0,243859456,1,49.79,0.00,1315102720,1024,1196479488
450.9713,1291988992,9578.1900,1390.09,0,243859456,1,42.55,0.00,1328476160,1024,1196479488
451.0763,1298280448,9579.6600,1400.38,0,243859456,1,46.74,0.00,1334525952,1024,1196626944
451.1810,1298280448,9581.3900,1651.97,0,243859456,1,50.43,0.00,1334530048,1024,1196626944
451.2856,1298280448,9583.0500,1586.68,0,243859456,1,49.58,0.00,1334530048,1024,1196626944
451.3905,1298280448,9584.7100,1582.99,0,243859456,1,48.87,0.00,1334530048,1024,1196626944
451.4953,1298280448,9586.3800,1592.92,0,243859456,1,50.37,0.00,1334530048,1024,1196626944
451.6000,1298280448,9588.0400,1585.63,0,243859456,1,51.64,0.00,1334530048,1024,1196626944
451.7048,1298280448,9589.7100,1592.80,0,243859456,1,49.48,0.00,1334280192,1024,1196626944
451.8095,1298280448,9591.4300,1642.85,0,243859456,1,48.95,0.00,1334276096,1024,1211609088
451.9143,1298280448,9593.1000,1593.45,0,243859456,1,50.39,0.00,1334276096,1024,1211609088
452.0191,1298280448,9594.7600,1585.18,0,243859456,1,49.24,0.00,1334276096,1024,1211609088
452.1238,1298280448,9596.4300,1594.48,0,243859456,1,51.92,0.00,1334280192,1024,1211609088
452.2286,1307193344,9597.7800,1288.57,0,243863552,1,37.29,0.00,1343320064,1024,1211609088
452.3341,1307193344,9598.0000,208.43,0,243863552,1,6.22,0.00,1343066112,1024,1211609088
452.4393,1307193344,9598.2000,190.14,0,243863552,1,6.24,0.00,1342554112,1024,1211609088
452.5440,1307193344,9598.4100,200.49,0,243863552,1,6.56,0.00,1342558208,1024,1211695104
452.6486,1307193344,9598.6200,200.83,0,243863552,1,5.98,0.00,1342558208,1024,1211695104
452.7531,1313484800,9599.9100,1234.98,0,243863552,1,39.79,0.00,1349373952,1024,1211695104
452.8580,1313484800,9601.5700,1581.89,0,243863552,1,49.43,0.00,1349373952,1024,1211695104
452.9628,1313484800,9603.2400,1593.33,0,243863552,1,49.79,0.00,1349373952,1024,1211695104
453.0675,1313484800,9604.9000,1585.86,0,243863552,1,49.56,0.00,1349373952,1024,1211768832
453.1724,1313484800,9606.5600,1582.96,0,243863552,1,51.55,0.00,1349570560,1024,1211768832
453.2772,1313484800,9608.2900,1650.81,0,243863552,1,49.50,0.00,1349570560,1024,1211768832
453.3820,1313484800,9609.9600,1592.23,0,243863552,1,50.06,0.00,1349566464,1024,1211768832
453.4869,1313484800,9611.6200,1583.58,0,243863552,1,49.19,0.00,1349312512,1024,1211822080
453.5918,1313484800,9613.2800,1581.36,0,243863552,1,51.80,0.00,1349312512,1024,1211887616
453.6967,1313484800,9614.9500,1591.87,0,243863552,1,49.15,0.00,1349312512,1024,1211887616
453.8017,1313484800,9616.6800,1649.06,0,243863552,1,49.75,0.00,1349312512,1024,1212043264
453.9064,1332359168,9618.0700,1327.08,0,243863552,1,40.87,0.00,1369239552,1024,1212043264
454.0113,1332359168,9619.7300,1582.98,0,243863552,1,49.47,0.00,1369239552,1024,1212043264
454.1161,1332359168,9621.4000,1592.79,0,243863552,1,51.86,0.00,1369239552,1024,1212043264
454.2210,1332359168,9623.1200,1639.49,0,243863552,1,49.45,0.00,1369235456,1024,1212043264
454.3258,1332359168,9624.7900,1593.88,0,243863552,1,49.81,0.00,1368989696,1024,1212043264
454.4308,1332359168,9626.4500,1580.82,0,243863552,1,49.40,0.00,1368489984,1024,1212043264
454.5357,1332359168,9628.1200,1591.98,0,243863552,1,51.83,0.00,1368498176,1024,1212043264
454.6406,1332359168,9629.7800,1582.56,0,243863552,1,49.16,0.00,1368498176,1024,1212084224
454.7456,1332359168,9631.5100,1647.19,0,243863552,1,49.69,0.00,1368244224,1024,1212084224
454.8505,1332359168,9633.1700,1582.58,0,243863552,1,49.16,0.00,1367986176,1024,1212084224
454.9552,1332359168,9634.8400,1595.21,0,243863552,1,50.45,0.00,1367986176,1024,1212084224
455.0602,1332359168,9636.5000,1581.14,0,243863552,1,51.20,0.00,1367990272,1024,1212084224
455.1652,1352806400,9637.9500,1380.91,0,243863552,1,41.37,0.00,1389494272,1024,1212108800
455.2702,1352806400,9639.6200,1590.80,0,243863552,1,49.41,0.00,1389494272,1024,1212108800
455.3751,1352806400,9641.2800,1581.55,0,243863552,1,49.42,0.00,1389494272,1024,1212108800
455.4800,1352806400,9642.9400,1583.28,0,243863552,1,51.86,0.00,1389338624,1024,1212108800
455.5849,1352806400,9644.6100,1592.01,0,243863552,1,49.15,0.00,1389084672,1024,1212137472
455.6899,1352806400,9646.3400,1646.77,0,243863552,1,49.38,0.00,1389084672,1024,1212137472
455.7948,1352806400,9648.0100,1591.96,0,243863552,1,49.75,0.00,1388834816,1024,1212137472
455.8999,1352806400,9649.6700,1580.40,0,243863552,1,52.66,0.00,1388834816,1024,1212137472
456.0047,1352806400,9651.3300,1584.14,0,243863552,1,49.50,0.00,1388486656,1024,1212137472
456.1092,1352806400,9653.0600,1654.65,0,243863552,1,49.62,0.00,1388748800,1024,1212137472
456.2141,1352806400,9654.7300,1592.90,0,243863552,1,50.37,0.00,1388748800,1024,1212137472
456.3188,1352806400,9656.3900,1585.11,0,243863552,1,49.24,0.00,1388486656,1024,1212137472
456.4238,1352806400,9658.0500,1580.39,0,243863552,1,51.47,0.00,1388748800,1024,1212137472
456.5286,1352806400,9659.7200,1594.18,0,243863552,1,49.22,0.00,1388748800,1024,1212137472
456.6334,1352806400,9661.4500,1650.88,0,243863552,1,50.10,0.00,1388748800,1024,1212137472
456.7382,1352806400,9663.1100,1583.62,0,243863552,1,49.19,0.00,1388498944,1024,1212137472
456.8429,1352806400,9664.7700,1585.81,0,243863552,1,50.45,0.00,1388498944,1024,1212137472
456.9476,1352806400,9666.4400,1594.92,0,243863552,1,50.74,0.00,1388498944,1024,1215551488
457.0526,1352806400,9668.1000,1580.81,0,243863552,1,50.29,0.00,1388503040,1024,1215551488
457.1574,1352806400,9669.8300,1649.99,0,243863552,1,49.48,0.00,1388503040,1024,1215551488
457.2622,1352806400,9671.4900,1584.03,0,243863552,1,50.40,0.00,1388503040,1024,1215551488
457.3672,1352806400,9673.1600,1590.78,0,243863552,1,49.12,0.00,1388503040,1024,1215592448
457.4722,1352806400,9674.8200,1581.77,0,243863552,1,51.51,0.00,1388503040,1024,1215592448
457.5770,1352806400,9676.5500,1650.65,0,243863552,1,49.20,0.00,1388765184,1024,1215592448
457.6817,1352806400,9678.2100,1584.49,0,243863552,1,50.11,0.00,1388511232,1024,1215612928
457.7866,1352806400,9679.8800,1592.52,0,243863552,1,49.47,0.00,1388515328,1024,1215612928
457.8915,1352806400,9681.5400,1582.25,0,243863552,1,48.85,0.00,1388515328,1024,1215649792
457.9963,1352806400,9683.2000,1583.35,0,243863552,1,51.86,0.00,1388777472,1024,1215649792
458.1011,1352806400,9684.9300,1650.99,0,243863552,1,49.80,0.00,1388773376,1024,1215649792
458.2060,1352806400,9686.6000,1592.66,0,243863552,1,49.77,0.00,1388560384,1024,1215649792
458.3109,1352806400,9688.2600,1582.77,0,243863552,1,49.16,0.00,1388306432,1024,1215649792
458.4157,1352806400,9689.9200,1583.79,0,243863552,1,52.18,0.00,1388306432,1024,1215649792
458.5206,1352806400,9691.5900,1592.23,0,243863552,1,49.46,0.00,1388306432,1024,1215649792
458.6255,1352806400,9693.3200,1649.15,0,243863552,1,49.45,0.00,1388306432,1024,1215649792
458.7303,1352806400,9694.9800,1583.52,0,243863552,1,49.49,0.00,1388306432,1024,1215649792
458.8351,1360678912,9696.2100,1173.79,0,243867648,1,36.08,0.00,1396996096,1024,1215649792
458.9404,1387421696,9696.4000,180.48,0,252264448,1,6.83,0.00,1423896576,1024,1219655680
459.0455,1390112768,9699.0300,2502.36,0,252268544,1,79.69,0.00,1427227648,1024,1219655680
459.1535,1390112768,9702.2600,2991.13,0,252268544,1,94.63,0.00,1427104768,1024,1219655680
459.2584,1390112768,9705.3800,2973.66,0,252268544,1,92.33,0.00,1426752512,1024,1219655680
459.3634,1390112768,9708.5000,2969.46,0,252268544,1,93.09,0.00,1426752512,1024,1219655680
459.4722,1390112768,9711.7400,2978.64,0,252268544,1,97.10,0.00,1426367488,1024,1219655680
459.5772,1390112768,9714.9800,3086.79,0,252268544,1,91.70,0.00,1426363392,1024,1219655680
459.6830,1390112768,9718.1000,2948.40,0,252268544,1,93.02,0.00,1426363392,1024,1219655680
459.7886,1390112768,9721.2200,2955.40,0,252268544,1,95.91,0.00,1426359296,1024,1219655680
459.8965,1390112768,9724.4600,3002.79,0,252268544,1,92.97,0.00,1426359296,1024,1219655680
460.0020,1390112768,9727.6900,3061.32,0,252268544,1,93.00,0.00,1426359296,1024,1219655680
460.1096,1390112768,9730.9300,3011.16,0,252268544,1,94.10,0.00,1426359296,1024,1219655680
460.2150,1390112768,9734.0500,2960.13,0,252268544,1,92.80,0.00,1426359296,1024,1219655680
460.3200,1390112768,9737.1700,2971.77,0,252268544,1,96.14,0.00,1426359296,1024,1219655680
460.4295,1390112768,9740.5300,3068.95,0,252268544,1,92.48,0.00,1426359296,1024,1219655680
460.5349,1390112768,9743.6500,2957.98,0,252268544,1,92.73,0.00,1426158592,1024,1219725312
460.6399,1390112768,9746.7700,2973.25,0,252268544,1,96.19,0.00,1426158592,1024,1219725312
460.7455,1390112768,9750.0000,3059.07,0,252268544,1,91.75,0.00,1426158592,1024,1220216832
460.8534,1390112768,9753.2400,3000.09,0,252268544,1,94.62,0.00,1426158592,1024,1220216832
460.9590,1390112768,9756.3600,2956.14,0,252268544,1,91.49,0.00,1426420736,1024,1220216832
461.0643,1390112768,9759.4900,2971.80,0,252268544,1,100.29,0.00,1426420736,1024,1220216832
461.1738,1390112768,9762.8500,3069.05,0,252268544,1,89.63,0.00,1426535424,1024,1220216832
461.2791,1390112768,9765.9700,2962.01,0,252268544,1,91.38,0.00,1426527232,1024,1220216832
461.3849,1390112768,9769.0900,2950.64,0,252268544,1,96.05,0.00,1426785280,1024,1220216832
461.4904,1390112768,9772.3200,3061.39,0,252268544,1,92.71,0.00,1426527232,1024,1220216832
461.5976,1390112768,9775.5600,3021.55,0,252268544,1,93.84,0.00,1426527232,1024,1220216832
461.7035,1390112768,9778.6800,2946.58,0,252268544,1,93.85,0.00,1426527232,1024,1220216832
461.8096,1390112768,9781.8700,3006.46,0,252268544,1,92.77,0.00,1426787328,1024,1220216832
461.9151,1390112768,9784.8900,2861.21,0,252268544,1,90.00,0.00,1426787328,1024,1220216832
462.0282,1390112768,9788.1400,2875.69,0,252268544,1,92.91,0.00,1426787328,1024,1233032192
462.1374,1390112768,9791.4900,3065.40,0,252268544,1,92.08,0.00,1426787328,1024,1233032192
462.2425,1390112768,9794.6100,2968.61,0,252268544,1,93.36,0.00,1426787328,1024,1233032192
462.3482,1390112768,9797.7300,2951.70,0,252268544,1,99.63,0.00,1426787328,1024,1233032192
462.4583,1390112768,9801.0900,3054.50,0,252268544,1,87.78,0.00,1426787328,1024,1233032192
462.5634,1390112768,9804.2100,2967.23,0,252268544,1,93.62,0.00,1426783232,1024,1233032192
462.6692,1390112768,9807.4500,3062.02,0,252268544,1,95.39,0.00,1426783232,1024,1233032192
462.7744,1390112768,9810.5700,2964.94,0,252268544,1,93.25,0.00,1427045376,1024,1233032192
462.8800,1390112768,9813.6900,2954.52,0,252268544,1,95.29,0.00,1427045376,1024,1233032192
462.9852,1390112768,9816.9300,3080.11,0,252268544,1,96.55,0.00,1427045376,1024,1233286144
463.0942,1390112768,9820.1700,2972.02,0,252268544,1,90.01,0.00,1427307520,1024,1233286144
463.1994,1390112768,9823.2000,2881.73,0,252268544,1,88.87,0.00,1427053568,1024,1233286144
463.3051,1390112768,9826.4100,3036.48,0,252268544,1,99.32,0.00,1427049472,1024,1233286144
463.4144,1390112768,9829.6500,2963.45,0,252268544,1,89.75,0.00,1427049472,1024,1233286144
463.5197,1390112768,9832.7700,2965.06,0,252268544,1,95.63,0.00,1427049472,1024,1233286144
463.6258,1390112768,9836.0000,3043.73,0,252268544,1,91.29,0.00,1426922496,1024,1233286144
463.7317,1390112768,9839.1300,2955.79,0,252268544,1,96.79,0.00,1426922496,1024,1233286144
463.8368,1390112768,9842.2400,2957.88,0,252268544,1,91.25,0.00,1426283520,1024,1233441792
463.9429,1390112768,9845.4800,3055.17,0,252268544,1,92.53,0.00,1426541568,1024,1233441792
464.0483,1390112768,9848.6000,2959.06,0,252268544,1,100.47,0.00,1426500608,1024,1233441792
464.1583,1390112768,9851.9600,3054.75,0,252268544,1,87.22,0.00,1426500608,1024,1233642496
464.2637,1390112768,9855.0800,2960.60,0,252268544,1,96.67,0.00,1426500608,1024,1233642496
464.3694,1390112768,9858.3200,3064.04,0,252268544,1,92.20,0.00,1426254848,1024,1233642496
464.4754,1390112768,9861.4400,2943.34,0,252268544,1,95.22,0.00,1425992704,1024,1233642496
464.5815,1390112768,9864.6800,3056.06,0,252268544,1,92.26,0.00,1425992704,1024,1233642496
464.6896,1390112768,9867.9200,2995.81,0,252268544,1,93.62,0.00,1425992704,1024,1233642496
464.7955,1390112768,9871.0400,2945.34,0,252268544,1,92.93,0.00,1425988608,1024,1233695744
464.9040,1390112768,9874.2800,2986.83,0,252268544,1,95.93,0.00,1425988608,1024,1233736704
465.0100,1390112768,9877.5100,3047.15,0,252268544,1,91.98,0.00,1425988608,1024,1233736704
465.1154,1390112768,9880.6300,2961.56,0,252268544,1,92.85,0.00,1425992704,1024,1233736704
465.2212,1390112768,9883.8700,3062.46,0,252268544,1,95.11,0.00,1425992704,1024,1233736704
465.3294,1390112768,9887.1100,2991.93,0,252268544,1,93.79,0.00,1425992704,1024,1233736704
465.4353,1390112768,9890.2300,2947.33,0,252268544,1,92.40,0.00,1425988608,1024,1233736704
465.5405,1390112768,9893.3500,2965.96,0,252268544,1,95.66,0.00,1425988608,1024,1233736704
465.6496,1390112768,9896.7000,3070.56,0,252268544,1,93.09,0.00,1425988608,1024,1233736704
465.7553,1390112768,9899.8300,2960.86,0,252268544,1,92.53,0.00,1425988608,1024,1233736704
465.8611,1390112768,9903.0600,3054.53,0,252268544,1,95.45,0.00,1425988608,1024,1233761280
465.9694,1390112768,9906.2300,2924.64,0,252268544,1,91.68,0.00,1425988608,1024,1233761280
466.0749,1390112768,9909.3500,2959.60,0,252268544,1,92.78,0.00,1425988608,1024,1233761280
466.1808,1390112768,9912.4700,2946.52,0,252268544,1,94.44,0.00,1425984512,1024,1233761280
466.2879,1390112768,9915.7100,3025.02,0,252268544,1,95.12,0.00,1425984512,1024,1233761280
466.3929,1390112768,9918.9400,3074.07,0,252268544,1,92.79,0.00,1425984512,1024,1233761280
466.5016,1390112768,9922.1800,2981.64,0,252268544,1,92.60,0.00,1425984512,1024,1233761280
466.6069,1390112768,9925.3000,2961.66,0,252268544,1,92.85,0.00,1425984512,1024,1233785856
466.7127,1390112768,9928.4300,2960.17,0,252268544,1,96.05,0.00,1425984512,1024,1233785856
466.8216,1390112768,9931.7800,3076.22,0,252268544,1,92.40,0.00,1425984512,1024,1233785856
466.9270,1390112768,9934.9000,2960.58,0,252268544,1,92.81,0.00,1425980416,1024,1233785856
467.0329,1390112768,9938.1400,3058.97,0,252268544,1,96.18,0.00,1425980416,1024,1233785856
467.1380,1390112768,9941.2300,2940.72,0,252268544,1,94.87,0.00,1425980416,1024,1236348928
467.2459,1390112768,9944.3600,2899.78,0,252268544,1,87.43,0.00,1425980416,1024,1237376512
467.3507,1390112768,9947.3700,2871.53,0,252268544,1,90.03,0.00,1425980416,1024,1237376512
467.4574,1390112768,9950.5000,2932.72,0,252268544,1,91.65,0.00,1425980416,1024,1237376512
467.5628,1390112768,9953.5200,2865.85,0,252268544,1,89.26,0.00,1425976320,1024,1237376512
467.6734,1390112768,9956.7400,2910.85,0,252268544,1,91.81,0.00,1426238464,1024,1237376512
467.7787,1390112768,9959.7500,2859.43,0,252268544,1,88.76,0.00,1426050048,1024,1237376512
467.8836,1390112768,9962.8300,2935.33,0,252268544,1,91.43,0.00,1426050048,1024,1237413376
467.9890,1390112768,9965.9500,2962.30,0,252268544,1,96.43,0.00,1425800192,1024,1237413376
468.0974,1390112768,9969.3100,3097.32,0,252268544,1,93.33,0.00,1425800192,1024,1237413376
468.2030,1390112768,9972.4300,2955.61,0,252268544,1,92.07,0.00,1425800192,1024,1237413376
468.3097,1390112768,9975.6200,2991.12,0,252268544,1,93.77,0.00,1425800192,1024,1237413376
468.4216,1390112768,9978.8600,2894.57,0,252268544,1,90.46,0.00,1425606656,1024,1237413376
468.5272,1390112768,9981.8800,2860.46,0,252268544,1,89.69,0.00,1425606656,1024,1237413376
468.6325,1390112768,9984.9000,2866.18,0,252268544,1,93.42,0.00,1425606656,1024,1237413376
468.7376,1390112768,9988.0200,2970.29,0,252268544,1,89.25,0.00,1425606656,1024,1237413376
468.8428,1390112768,9991.0400,2869.70,0,252268544,1,89.08,0.00,1425606656,1024,1237413376
468.9478,1390112768,9994.0600,2875.33,0,252268544,1,93.42,0.00,1425606656,1024,1237458432
469.0574,1390112768,9997.3000,2956.17,0,252268544,1,89.53,0.00,1425602560,1024,1237458432
469.1628,1390112768,10000.3200,2866.16,0,252268544,1,88.97,0.00,1425602560,1024,1237458432
469.2678,1390112768,10003.3300,2867.74,0,252268544,1,93.49,0.00,1425864704,1024,1237532160
469.3765,1390112768,10006.4500,2868.83,0,252268544,1,89.65,0.00,1425864704,1024,1237532160
469.4821,1390112768,10009.5600,2944.70,0,252268544,1,88.18,0.00,1425864704,1024,1237532160
469.5875,1390112768,10012.5800,2866.50,0,252268544,1,90.17,0.00,1425868800,1024,1237532160
469.6931,1390112768,10015.7100,2964.44,0,252268544,1,93.53,0.00,1425868800,1024,1237532160
469.7985,1390112768,10018.7200,2854.09,0,252268544,1,91.56,0.00,1425864704,1024,1237532160
469.9059,1390112768,10021.8600,2925.14,0,252268544,1,88.50,0.00,1425864704,1024,1237532160
470.0108,1390112768,10024.8700,2867.95,0,252268544,1,89.33,0.00,1425860608,1024,1237532160
470.1163,1390112768,10027.8900,2864.82,0,252268544,1,96.05,0.00,1425856512,1024,1237532160
470.2252,1390112768,10031.1300,2973.15,0,252268544,1,87.18,0.00,1425860608,1024,1237532160
470.3300,1390112768,10034.1500,2883.09,0,252268544,1,89.80,0.00,1425860608,1024,1237532160
470.4374,1390112768,10037.2800,2912.68,0,252268544,1,91.31,0.00,1425860608,1024,1237532160
470.5494,1390112768,10040.5200,2892.90,0,252268544,1,90.40,0.00,1425860608,1024,1237532160
470.6549,1390112768,10043.5400,2863.79,0,252268544,1,90.68,0.00,1425860608,1024,1237532160
470.7601,1390112768,10046.5600,2871.45,0,252268544,1,91.52,0.00,1425860608,1024,1237532160
470.8653,1390112768,10049.6900,2975.19,0,252268544,1,90.00,0.00,1425618944,1024,1237532160
470.9704,1390112768,10052.7000,2863.99,0,252268544,1,89.20,0.00,1425881088,1024,1237532160
471.0758,1390112768,10055.7200,2865.03,0,252268544,1,93.39,0.00,1425881088,1024,1237532160
471.1815,1390112768,10058.8500,2960.48,0,252268544,1,88.38,0.00,1425881088,1024,1237532160
471.2894,1390112768,10061.9800,2899.81,0,252268544,1,90.91,0.00,1425618944,1024,1237532160
471.4014,1390112768,10065.2300,2901.80,0,252268544,1,90.40,0.00,1425618944,1024,1237532160
471.5071,1390112768,10068.2400,2848.06,0,252268544,1,89.89,0.00,1425618944,1024,1237532160
471.6124,1390112768,10071.2700,2878.24,0,252268544,1,94.10,0.00,1425614848,1024,1237532160
471.7177,1390112768,10074.4300,3001.33,0,252268544,1,89.64,0.00,1425615872,1024,1237544448
471.8296,1390112768,10077.7800,2993.70,0,252268544,1,92.99,0.00,1425636352,1024,1237544448
471.9345,1390112768,10080.9000,2972.89,0,252268544,1,94.39,0.00,1425636352,1024,1237544448
472.0396,1390112768,10084.0200,2970.95,0,252268544,1,91.95,0.00,1425636352,1024,1237544448
472.1449,1390112768,10087.1400,2962.14,0,252268544,1,95.83,0.00,1425636352,1024,1237544448
472.2502,1390112768,10090.3800,3077.48,0,252268544,1,92.31,0.00,1425632256,1024,1237544448
472.3554,1390112768,10093.5000,2963.79,0,252268544,1,94.40,0.00,1425632256,1024,1240348672
472.4610,1390112768,10096.6200,2955.58,0,252268544,1,95.03,0.00,1425632256,1024,1240348672
472.5660,1393258496,10099.8100,3039.67,0,252268544,1,90.82,0.00,1428777984,1024,1240348672
472.6710,1393258496,10102.5900,2645.46,0,252268544,1,92.48,0.00,1428777984,1024,1240348672
472.7853,1393258496,10105.6000,2634.59,0,252268544,1,76.86,0.00,1428777984,1024,1240348672
472.8935,1393258496,10108.4100,2595.58,0,252268544,1,78.51,0.00,1428786176,1024,1240348672
472.9983,1393258496,10111.1100,2576.97,0,252268544,1,80.53,0.00,1428786176,1024,1240348672
473.1037,1393258496,10113.8200,2572.48,0,252268544,1,79.80,0.00,1428782080,1024,1240356864
473.2082,1393258496,10116.5200,2582.80,0,252268544,1,86.99,0.00,1428782080,1024,1240389632
473.3180,1393258496,10119.4000,2623.05,0,252268544,1,76.56,0.00,1428782080,1024,1240389632
473.4235,1393258496,10122.1000,2559.17,0,252268544,1,79.09,0.00,1428782080,1024,1240389632
473.5285,1393258496,10124.8100,2580.81,0,252268544,1,84.22,0.00,1428782080,1024,1240389632
473.6337,1393258496,10127.6100,2661.89,0,252268544,1,80.81,0.00,1428782080,1024,1240389632
473.7388,1393258496,10130.3200,2579.08,0,252268544,1,80.30,0.00,1428777984,1024,1240389632
473.8437,1393258496,10133.0200,2574.40,0,252268544,1,79.56,0.00,1428777984,1024,1240549376
473.9484,1393258496,10135.7200,2576.58,0,252268544,1,84.40,0.00,1429040128,1024,1240549376
474.0538,1393258496,10138.5300,2666.36,0,252268544,1,80.66,0.00,1429040128,1024,1240565760
474.1586,1393258496,10141.2300,2578.23,0,252268544,1,80.57,0.00,1429040128,1024,1240565760
474.2656,1393258496,10144.0400,2625.46,0,252268544,1,81.75,0.00,1429040128,1024,1240565760
474.3710,1393258496,10146.7400,2559.98,0,252268544,1,80.00,0.00,1429040128,1024,1240565760
474.4759,1393258496,10149.4500,2585.26,0,252268544,1,84.37,0.00,1428790272,1024,1240684544
474.5818,1393258496,10152.2500,2643.23,0,252268544,1,78.77,0.00,1428790272,1024,1240684544
474.6895,1393258496,10155.0600,2608.39,0,252268544,1,82.09,0.00,1428790272,1024,1240684544
474.7944,1393258496,10157.7600,2574.27,0,252272640,1,81.04,0.00,1429052416,1024,1240684544
474.8992,1393258496,10160.3600,2480.97,0,252272640,1,77.83,0.00,1429052416,1024,1240684544
475.0047,1393258496,10162.9600,2465.25,0,252272640,1,79.41,0.00,1429052416,1024,1240684544
475.1095,1393258496,10165.6600,2575.60,0,252272640,1,77.80,0.00,1429314560,1024,1240684544
475.2175,1393258496,10168.4000,2538.50,0,252272640,1,79.91,0.00,1429310464,1024,1240684544
475.3233,1393258496,10171.0000,2456.26,0,252272640,1,75.87,0.00,1429052416,1024,1240684544
475.4283,1393258496,10173.6000,2477.03,0,252272640,1,81.28,0.00,1429052416,1024,1240684544
475.5338,1393258496,10176.3000,2559.58,0,252272640,1,77.02,0.00,1429052416,1024,1240684544
475.6396,1393258496,10178.8700,2429.10,0,252272640,1,77.98,0.00,1429052416,1024,1240684544
475.7445,1394831360,10181.3300,2343.52,0,252272640,1,76.51,0.00,1430887424,1024,1240684544
475.8536,1394831360,10184.0200,2467.01,0,252272640,1,72.22,0.00,1430887424,1024,1240684544
475.9585,1394831360,10186.4300,2297.36,0,252272640,1,71.49,0.00,1430633472,1024,1240684544
476.0638,1396404224,10188.7600,2212.65,0,252272640,1,71.52,0.00,1431956480,1024,1240684544
476.1696,1396404224,10191.1400,2248.58,0,252272640,1,67.61,0.00,1431956480,1024,1240684544
476.2746,1396404224,10193.4300,2181.20,0,252272640,1,68.46,0.00,1431952384,1024,1240684544
476.3805,1396404224,10195.7000,2144.52,0,252272640,1,69.08,0.00,1431952384,1024,1240684544
476.4857,1396404224,10197.9700,2156.82,0,252272640,1,64.73,0.00,1431952384,1024,1240684544
476.5906,1396404224,10200.1500,2077.27,0,252272640,1,65.21,0.00,1431952384,1024,1240684544
476.6960,1396404224,10202.3300,2069.92,0,252272640,1,67.36,0.00,1431952384,1024,1240684544
476.8009,1397977088,10204.5600,2124.35,0,252272640,1,63.41,0.00,1433787392,1024,1240684544
476.9059,1397977088,10206.6400,1982.57,0,252272640,1,61.96,0.00,1433787392,1024,1240684544
477.0104,1397977088,10208.6500,1921.91,0,252272640,1,60.06,0.00,1433533440,1024,1240684544
477.1154,1397977088,10210.6200,1877.53,0,252272640,1,58.97,0.00,1433713664,1024,1240684544
477.2209,1397977088,10212.6800,1951.28,0,252272640,1,60.98,0.00,1433713664,1024,1240684544
477.3257,1397977088,10214.6500,1879.69,0,252272640,1,58.74,0.00,1433709568,1024,1240684544
477.4308,1397977088,10216.6300,1883.91,0,252272640,1,58.87,0.00,1433709568,1024,1242943488
477.5363,1399549952,10218.5600,1830.31,0,252272640,1,59.86,0.00,1435544576,1024,1242943488
477.6415,1402302464,10220.4600,1805.55,0,252272640,1,54.05,0.00,1439210496,1024,1242963968
477.7465,1402302464,10221.9600,1428.31,0,252272640,1,44.34,0.00,1438952448,1024,1242963968
477.8515,1407021056,10223.2000,1181.39,0,252276736,1,37.22,0.00,1443568640,1024,1243004928
477.9566,1407021056,10224.3400,1084.95,0,252276736,1,35.09,0.00,1443568640,1024,1243004928
478.0614,1407021056,10225.4400,1049.06,0,252276736,1,31.89,0.00,1443564544,1024,1243004928
478.1664,1407021056,10226.4800,991.17,0,252276736,1,31.57,0.00,1443564544,1024,1243054080
478.2714,1407021056,10227.5200,990.10,0,252276736,1,31.24,0.00,1443720192,1024,1243054080
478.3763,1408593920,10228.4600,896.11,0,252276736,1,28.60,0.00,1445288960,1024,1243054080
478.4817,1408593920,10229.3300,825.58,0,252276736,1,24.32,0.00,1445288960,1024,1243054080
478.5874,1408593920,10230.0700,700.14,0,252276736,1,22.17,0.00,1445284864,1024,1243054080
478.6927,1408593920,10230.7900,683.29,0,252276736,1,22.24,0.00,1445284864,1024,1243054080
478.7977,1408593920,10231.5500,724.30,0,252276736,1,22.34,0.00,1445284864,1024,1243054080
478.9029,1408593920,10232.2800,693.65,0,252276736,1,21.38,0.00,1445284864,1024,1243054080
479.0075,1410166784,10232.8800,573.65,0,252276736,1,18.23,0.00,1446857728,1024,1243078656
479.1127,1410166784,10233.2400,342.31,0,252276736,1,10.40,0.00,1446861824,1024,1243078656
479.2179,1413705728,10233.3900,142.52,0,252276736,1,4.45,0.00,1450023936,1024,1243078656
479.3227,1413705728,10233.4900,95.41,0,252276736,1,3.28,0.00,1450019840,1024,1243078656
479.4276,1415278592,10233.7000,200.16,0,252276736,1,8.34,0.00,1453165568,1024,1243078656
479.5335,1415278592,10235.4300,1633.66,0,252276736,1,48.69,0.00,1452915712,1024,1243078656
479.6386,1415278592,10237.0900,1579.43,0,252276736,1,50.25,0.00,1452915712,1024,1243078656
479.7437,1415278592,10238.7600,1589.42,0,252276736,1,50.86,0.00,1452661760,1024,1243078656
479.8489,1415278592,10240.4200,1578.04,0,252276736,1,50.21,0.00,1452665856,1024,1243078656
479.9537,1415278592,10242.1500,1650.11,0,252276736,1,49.18,0.00,1452411904,1024,1243078656
480.0585,1415278592,10243.8100,1583.92,0,252276736,1,50.09,0.00,1451904000,1024,1243148288
480.1634,1415278592,10245.4800,1592.10,0,252276736,1,49.16,0.00,1451904000,1024,1243148288
480.2687,1415278592,10247.1400,1576.93,0,252276736,1,51.36,0.00,1451904000,1024,1243299840
480.3739,1415278592,10248.8700,1643.94,0,252276736,1,49.29,0.00,1451904000,1024,1243299840
480.4788,1415278592,10250.5300,1583.24,0,252276736,1,51.56,0.00,1451637760,1024,1243299840
480.5845,1415278592,10252.2000,1579.83,0,252276736,1,50.55,0.00,1451633664,1024,1243299840
480.6895,1415278592,10253.9200,1638.75,0,252276736,1,49.72,0.00,1451633664,1024,1243299840
480.7945,1415278592,10255.5900,1589.17,0,252276736,1,49.07,0.00,1451637760,1024,1243357184
480.8998,1415278592,10257.2500,1576.97,0,252276736,1,51.36,0.00,1451637760,1024,1243357184
481.0044,1415278592,10258.9200,1597.24,0,252276736,1,49.61,0.00,1451637760,1024,1243357184
481.1094,1415278592,10260.6400,1636.93,0,252276736,1,49.96,0.00,1451637760,1024,1243357184
481.2141,1415278592,10262.3100,1595.68,0,252276736,1,49.27,0.00,1451637760,1024,1243357184
481.3191,1415278592,10263.9700,1580.44,0,252276736,1,50.58,0.00,1451637760,1024,1243357184
481.4239,1415278592,10265.6400,1593.94,0,252276736,1,50.41,0.00,1451637760,1024,1243357184
481.5288,1415278592,10267.3000,1582.57,0,252276736,1,50.05,0.00,1451637760,1024,1243385856
481.6339,1415278592,10269.0300,1646.41,0,252276736,1,49.07,0.00,1451633664,1024,1243385856
481.7387,1415278592,10270.6900,1584.18,0,252276736,1,50.70,0.00,1451633664,1024,1243385856
481.8435,1409179648,10272.3400,1573.46,0,252280832,1,47.38,0.00,1444363264,1024,1243385856
481.9484,1410629632,10273.4600,1067.44,0,252280832,1,34.85,0.00,1445547008,1024,1243385856
482.0538,1410629632,10275.1900,1642.63,0,252280832,1,50.74,0.00,1445547008,1024,1243385856
482.1585,1410629632,10276.8500,1585.24,0,252280832,1,49.24,0.00,1445297152,1024,1243385856
482.2633,1410629632,10278.5100,1583.08,0,252280832,1,50.07,0.00,1445293056,1024,1243385856
482.3687,1410629632,10280.1800,1584.27,0,252280832,1,50.10,0.00,1445293056,1024,1243385856
482.4735,1410629632,10281.9100,1651.56,0,252280832,1,50.42,0.00,1445293056,1024,1243385856
482.5784,1410629632,10283.5700,1582.43,0,252280832,1,49.75,0.00,1445293056,1024,1246579712
482.6835,1410629632,10285.2300,1579.08,0,252280832,1,49.94,0.00,1445293056,1024,1246579712
482.7889,1410629632,10286.9600,1641.15,0,252280832,1,50.40,0.00,1445297152,1024,1246579712
482.8939,1410629632,10288.6300,1591.47,0,252280832,1,50.92,0.00,1445297152,1024,1246579712
482.9987,1410629632,10290.2900,1583.88,0,252280832,1,48.60,0.00,1445555200,1024,1246579712
483.1038,1410629632,10291.9500,1579.35,0,252280832,1,51.73,0.00,1445555200,1024,1246612480
483.2085,1410629632,10293.6200,1594.39,0,252280832,1,48.93,0.00,1445555200,1024,1246612480
483.3131,1410629632,10295.3500,1653.76,0,252280832,1,51.08,0.00,1445559296,1024,1246612480
483.4186,1410629632,10297.0100,1573.76,0,252280832,1,48.29,0.00,1445559296,1024,1246612480
483.5233,1410629632,10298.6700,1585.97,0,252280832,1,50.46,0.00,1445559296,1024,1246612480
483.6283,1410629632,10300.3400,1590.90,0,252280832,1,50.91,0.00,1445555200,1024,1246612480
483.7341,1410629632,10302.0700,1635.23,0,252280832,1,50.51,0.00,1445563392,1024,1246612480
483.8387,1410629632,10303.7300,1586.28,0,252280832,1,48.97,0.00,1445563392,1024,1246837760
483.9436,1410629632,10305.3900,1582.16,0,252280832,1,51.53,0.00,1445305344,1024,1246837760
484.0488,1410629632,10307.0600,1588.24,0,252280832,1,48.74,0.00,1445305344,1024,1246837760
484.1538,1410629632,10308.7900,1647.53,0,252280832,1,50.89,0.00,1445305344,1024,1246837760
484.2584,1410629632,10310.4500,1587.02,0,252280832,1,49.00,0.00,1445309440,1024,1246837760
484.3631,1436712960,10311.5700,1069.14,0,252280832,1,33.41,0.00,1472146432,1024,1246837760
484.4690,1436712960,10313.3000,1634.41,0,252280832,1,51.67,0.00,1471884288,1024,1247026176
484.5741,1436712960,10314.9700,1589.31,0,252280832,1,49.07,0.00,1471884288,1024,1247026176
484.6791,1436712960,10316.6300,1580.67,0,252280832,1,50.59,0.00,1471884288,1024,1247026176
484.7850,1436712960,10318.3600,1633.94,0,252280832,1,50.47,0.00,1471880192,1024,1247026176
484.8903,1436712960,10320.0200,1575.17,0,252280832,1,49.82,0.00,1471880192,1024,1247026176
484.9959,1436712960,10321.6900,1581.42,0,252280832,1,51.49,0.00,1471896576,1024,1247026176
485.1019,1436712960,10323.4100,1623.45,0,252280832,1,48.37,0.00,1471896576,1024,1247026176
485.2079,1436712960,10325.0800,1575.67,0,252280832,1,51.30,0.00,1471642624,1024,1247026176
485.3134,1436712960,10326.8100,1639.42,0,252280832,1,48.86,0.00,1471642624,1024,1247026176
485.4190,1436712960,10328.4700,1572.63,0,252280832,1,50.33,0.00,1471642624,1024,1247026176
485.5247,1436712960,10330.1300,1570.04,0,252280832,1,50.84,0.00,1471642624,1024,1247026176
485.6297,1436712960,10331.8600,1648.12,0,252280832,1,49.72,0.00,1471638528,1024,1247050752
485.7349,1436712960,10333.5200,1577.70,0,252280832,1,49.01,0.00,1471384576,1024,1247050752
485.8407,1436712960,10335.1900,1577.78,0,252280832,1,51.37,0.00,1471384576,1024,1247067136
485.9461,1436712960,10336.9100,1632.19,0,252280832,1,49.23,0.00,1471384576,1024,1247067136
486.0514,1436712960,10338.5800,1585.53,0,252280832,1,49.84,0.00,1471384576,1024,1247067136
486.1570,1436712960,10340.3100,1638.14,0,252280832,1,51.49,0.00,1471380480,1024,1247083520
486.2625,1436712960,10341.9700,1573.51,0,252280832,1,48.58,0.00,1471380480,1024,1247083520
486.3685,1436712960,10343.6300,1566.25,0,252280832,1,51.01,0.00,1471380480,1024,1247083520
486.4735,1436712960,10345.3600,1648.50,0,252280832,1,49.43,0.00,1471380480,1024,1247083520
486.5785,1436712960,10347.0300,1589.92,0,252280832,1,49.98,0.00,1471380480,1024,1247083520
486.6843,1436712960,10348.6900,1568.49,0,252280832,1,50.49,0.00,1471380480,1024,1247083520
486.7897,1436712960,10350.4200,1641.01,0,252280832,1,49.21,0.00,1471642624,1024,1247083520
486.8956,1437106176,10351.1500,689.56,0,252289024,1,23.91,0.00,1472687104,1024,1247083520
487.0020,1437106176,10352.8700,1617.37,0,252289024,1,48.49,0.00,1471945728,1024,1247083520
487.1080,1437106176,10354.5400,1574.68,0,252289024,1,50.98,0.00,1471945728,1024,1247083520
487.2134,1437106176,10356.2700,1641.25,0,252289024,1,49.21,0.00,1471949824,1024,1247083520
487.3188,1437106176,10357.9300,1574.92,0,252289024,1,49.51,0.00,1471695872,1024,1247083520
487.4247,1437106176,10359.5900,1567.86,0,252289024,1,50.77,0.00,1471695872,1024,1247083520
487.5297,1437106176,10361.3200,1647.79,0,252289024,1,50.01,0.00,1471695872,1024,1247083520
487.6347,1437106176,10362.9900,1590.81,0,252289024,1,49.71,0.00,1471695872,1024,1251829760
487.7402,1437106176,10364.6500,1572.62,0,252289024,1,51.22,0.00,1471695872,1024,1251829760
487.8457,1437106176,10366.3800,1640.51,0,252289024,1,48.90,0.00,1471695872,1024,1251870720
487.9512,1437106176,10368.0400,1573.72,0,252289024,1,49.48,0.00,1471695872,1024,1251870720
488.0570,1437106176,10369.7700,1633.79,0,252289024,1,50.76,0.00,1471695872,1024,1251870720
488.1630,1437106176,10371.4300,1566.28,0,252289024,1,49.54,0.00,1471691776,1024,1251870720
488.2684,1437106176,10373.1000,1584.66,0,252289024,1,51.00,0.00,1471437824,1024,1251870720
488.3742,1437106176,10374.8300,1636.00,0,252289024,1,49.65,0.00,1471437824,1024,1251870720
488.4795,1437106176,10376.5000,1585.33,0,252289024,1,48.95,0.00,1471437824,1024,1251870720
488.5852,1437106176,10378.2200,1627.78,0,252289024,1,50.87,0.00,1471437824,1024,1251870720
488.6900,1437106176,10379.8900,1593.80,0,252289024,1,49.81,0.00,1471437824,1024,1251870720
488.7956,1437106176,10381.5500,1571.01,0,252289024,1,51.16,0.00,1471437824,1024,1251870720
488.9015,1437106176,10383.2800,1634.37,0,252289024,1,49.01,0.00,1471437824,1024,1251919872
489.0068,1437106176,10384.9400,1575.81,0,252289024,1,49.24,0.00,1471695872,1024,1251919872
489.1127,1437106176,10386.6100,1577.17,0,252289024,1,51.65,0.00,1471695872,1024,1251919872
489.2186,1437106176,10388.3400,1632.92,0,252289024,1,48.67,0.00,1471695872,1024,1251919872
489.3239,1437892608,10389.6700,1263.77,0,252289024,1,38.90,0.00,1472551936,1024,1251948544
489.4293,1437892608,10391.2200,1470.96,0,252289024,1,47.15,0.00,1472457728,1024,1251948544
489.5347,1437892608,10392.8800,1574.32,0,252289024,1,49.79,0.00,1472457728,1024,1251948544
489.6404,1437892608,10394.5500,1579.98,0,252289024,1,51.44,0.00,1472461824,1024,1252014080
489.7453,1437892608,10396.2800,1648.88,0,252289024,1,48.85,0.00,1472461824,1024,1252014080
489.8510,1437892608,10397.9400,1571.04,0,252289024,1,49.10,0.00,1472461824,1024,1252014080
489.9568,1437892608,10399.6000,1568.24,0,252289024,1,50.48,0.00,1472461824,1024,1252112384
490.0625,1437892608,10401.3300,1637.34,0,252289024,1,50.28,0.00,1472461824,1024,1252112384
490.1683,1437892608,10403.0000,1578.21,0,252289024,1,50.21,0.00,1472461824,1024,1252112384
490.2738,1437892608,10404.7200,1630.81,0,252289024,1,50.07,0.00,1472461824,1024,1252112384
490.3791,1437892608,10406.3900,1585.29,0,252289024,1,48.35,0.00,1472457728,1024,1252112384
490.4846,1437892608,10408.0500,1573.79,0,252289024,1,51.85,0.00,1472457728,1024,1252112384
490.5900,1437892608,10409.7800,1641.19,0,252289024,1,49.21,0.00,1472457728,1024,1252112384
490.6956,1437892608,10411.4400,1571.36,0,252289024,1,50.58,0.00,1472457728,1024,1252112384
490.8006,1437892608,10413.1100,1591.49,0,252289024,1,50.63,0.00,1472457728,1024,1252112384
490.9063,1437892608,10414.8300,1627.51,0,252289024,1,48.79,0.00,1472457728,1024,1252349952
491.0122,1437892608,10416.5000,1576.39,0,252289024,1,51.33,0.00,1472457728,1024,1252349952
491.1173,1437892608,10418.2300,1645.47,0,252289024,1,48.75,0.00,1472453632,1024,1252349952
491.2228,1437892608,10419.8900,1574.15,0,252289024,1,50.38,0.00,1472211968,1024,1252366336
491.3281,1437892608,10421.5500,1576.45,0,252289024,1,51.04,0.00,1472211968,1024,1252366336
491.4335,1437892608,10423.2800,1641.89,0,252289024,1,49.53,0.00,1472211968,1024,1252366336
491.5391,1437892608,10424.9500,1581.44,0,252289024,1,48.53,0.00,1472211968,1024,1252366336
491.6439,1437892608,10426.6100,1582.70,0,252289024,1,52.14,0.00,1472207872,1024,1252366336
491.7497,1437892608,10428.3400,1635.75,0,252289024,1,49.05,0.00,1472207872,1024,1252366336
491.8555,1437892608,10430.0000,1568.76,0,252289024,1,49.61,0.00,1472207872,1024,1252366336
491.9610,1437892608,10431.7300,1640.49,0,252289024,1,51.27,0.00,1472470016,1024,1252366336
492.0670,1437892608,10433.3900,1565.98,0,252289024,1,48.94,0.00,1472470016,1024,1252366336
492.1724,1437892608,10435.0600,1583.72,0,252289024,1,51.57,0.00,1472519168,1024,1252366336
492.2779,1437892608,10436.7900,1639.81,0,252289024,1,48.87,0.00,1472519168,1024,1252366336
492.3833,1437892608,10438.4500,1574.72,0,252289024,1,49.80,0.00,1472519168,1024,1252366336
492.4887,1437892608,10440.1100,1575.50,0,252289024,1,50.72,0.00,1472523264,1024,1252628480
492.5943,1437892608,10441.8400,1638.39,0,252289024,1,49.72,0.00,1472523264,1024,1252628480
492.6993,1437892608,10443.5100,1590.16,0,252289024,1,49.10,0.00,1472523264,1024,1252628480
492.8049,1437892608,10445.2300,1628.44,0,252289024,1,52.37,0.00,1472527360,1024,1256613888
492.9108,1437892608,10446.9000,1577.12,0,252289024,1,48.69,0.00,1472523264,1024,1256613888
493.0164,1437892608,10448.5600,1572.24,0,252289024,1,51.20,0.00,1472523264,1024,1256613888
493.1223,1437892608,10450.2900,1633.55,0,252289024,1,49.57,0.00,1472523264,1024,1256613888
493.2283,1437892608,10451.9500,1566.42,0,252289024,1,50.43,0.00,1472523264,1024,1256613888
493.3336,1437892608,10453.6800,1642.05,0,252289024,1,50.42,0.00,1472523264,1024,1256613888
493.4391,1437892608,10455.3500,1584.06,0,252289024,1,48.61,0.00,1472523264,1024,1256613888
493.5444,1437892608,10457.0100,1575.49,0,252289024,1,51.61,0.00,1472523264,1024,1256663040
493.6501,1437892608,10458.7400,1637.41,0,252289024,1,49.10,0.00,1472523264,1024,1256663040
493.7550,1437892608,10460.4000,1581.71,0,252289024,1,50.02,0.00,1472519168,1024,1256798208
493.8607,1437892608,10462.0700,1580.81,0,252289024,1,50.88,0.00,1472519168,1024,1256953856
493.9665,1437892608,10463.7900,1625.41,0,252289024,1,49.02,0.00,1472519168,1024,1256953856
494.0719,1437892608,10465.4500,1575.51,0,252289024,1,51.61,0.00,1472519168,1024,1256953856
494.1779,1437892608,10467.1800,1632.08,0,252289024,1,48.35,0.00,1473043456,1024,1256953856
494.2838,1437892608,10468.8500,1576.10,0,252289024,1,51.32,0.00,1472785408,1024,1256953856
494.3895,1437892608,10470.5700,1628.35,0,252289024,1,49.11,0.00,1472781312,1024,1256953856
494.4949,1437892608,10472.2400,1582.96,0,252289024,1,49.76,0.00,1472523264,1024,1256953856
494.6002,1437892608,10473.9000,1576.86,0,252289024,1,51.06,0.00,1472523264,1024,1256953856
494.7057,1437892608,10475.6300,1639.77,0,252289024,1,49.47,0.00,1472523264,1024,1256953856
494.8107,1437892608,10477.2900,1581.16,0,252289024,1,48.82,0.00,1472523264,1024,1256974336
494.9163,1437892608,10478.9600,1581.60,0,252289024,1,51.20,0.00,1472523264,1024,1256974336
495.0221,1437892608,10480.6900,1635.79,0,252289024,1,49.64,0.00,1472523264,1024,1256974336
495.1274,1437892608,10482.3500,1575.21,0,252289024,1,49.23,0.00,1472519168,1024,1257093120
495.2334,1437892608,10484.0800,1632.54,0,252289024,1,51.61,0.00,1472519168,1024,1257093120
495.3388,1437892608,10485.7400,1575.81,0,252289024,1,48.65,0.00,1472519168,1024,1257093120
495.4442,1437892608,10487.4100,1583.19,0,252289024,1,51.55,0.00,1472519168,1024,1257093120
495.5496,1437892608,10489.1300,1632.99,0,252289024,1,48.95,0.00,1472519168,1024,1257093120
495.6544,1437892608,10490.8000,1592.70,0,252289024,1,50.67,0.00,1472519168,1024,1257093120
495.7603,1437892608,10492.4600,1567.41,0,252289024,1,50.46,0.00,1472437248,1024,1257093120
495.8654,1437892608,10494.1900,1646.03,0,252289024,1,49.36,0.00,1472433152,1024,1257117696
495.9711,1437892608,10495.8500,1571.42,0,252289024,1,49.40,0.00,1472433152,1024,1257117696
496.0769,1437892608,10497.5800,1634.42,0,252289024,1,51.08,0.00,1472433152,1024,1257170944
496.1823,1437892608,10499.2500,1584.62,0,252289024,1,49.82,0.00,1472433152,1024,1257170944
496.2884,1437892608,10500.9100,1563.95,0,252289024,1,50.64,0.00,1472433152,1024,1257170944
496.3937,1437892608,10502.6400,1642.82,0,252289024,1,49.85,0.00,1472433152,1024,1257170944
496.4989,1437892608,10504.3100,1587.49,0,252293120,1,47.83,0.00,1472433152,1024,1257170944
496.6050,1437892608,10504.7400,405.50,0,252293120,1,12.97,0.00,1472695296,1024,1257170944
496.7100,1449914368,10504.9100,161.85,0,269086720,1,4.76,0.00,1485659136,1024,1257170944
496.8151,1451487232,10505.8300,875.87,0,269144064,1,25.88,0.00,1490078720,1024,1257170944
496.9211,1453453312,10507.6300,1698.02,0,269193216,1,53.65,0.00,1491647488,1024,1257170944
497.0268,1453846528,10509.6200,1882.70,0,269262848,1,57.95,0.00,1492569088,1024,1257170944
497.1327,1455419392,10511.2200,1510.97,0,269271040,1,51.05,0.00,1493512192,1024,1257170944
497.2382,1455419392,10513.9600,2595.14,0,269402112,1,79.32,0.00,1494560768,1024,1257170944
497.3443,1455419392,10515.8700,1801.63,0,269406208,1,57.19,0.00,1494716416,1024,1257170944
497.4496,1455419392,10517.5800,1622.66,0,269410304,1,50.12,0.00,1494781952,1024,1257170944
497.5549,1456599040,10519.2200,1557.50,0,269410304,1,49.86,0.00,1494556672,1024,1257170944
497.6609,1456599040,10521.4500,2105.51,0,269676544,1,70.52,0.00,1495355392,1024,1257183232
497.7659,1456599040,10524.6200,3017.62,0,269676544,1,90.43,0.00,1494921216,1024,1257183232
497.8716,1456599040,10527.5400,2763.33,0,269676544,1,87.83,0.00,1494921216,1024,1262215680
497.9766,1456992256,10529.5900,1951.14,0,269676544,1,59.78,0.00,1494978560,1024,1262215680
498.0814,1456992256,10530.9100,1260.14,0,269680640,1,37.29,0.00,1494327296,1024,1262215680
498.1860,1456992256,10532.4400,1462.43,0,269680640,1,46.30,0.00,1495375872,1024,1262215680
498.2912,1456992256,10534.0800,1559.61,0,269684736,1,49.63,0.00,1495134208,1024,1262215680
498.3967,1456992256,10535.7300,1563.19,0,269684736,1,49.44,0.00,1495339008,1024,1262215680
498.5019,1456992256,10537.4500,1635.21,0,269684736,1,50.21,0.00,1495347200,1024,1262215680
498.6094,1458171904,10539.7700,2157.17,0,270213120,1,68.28,0.00,1496391680,1024,1262215680
498.7152,1458171904,10542.9900,3044.20,0,270213120,1,94.24,0.00,1496391680,1024,1262215680
498.8201,1458171904,10546.2200,3078.99,0,270213120,1,99.50,0.00,1496080384,1024,1262215680
498.9256,1458171904,10549.5600,3166.57,0,270213120,1,100.44,0.00,1495814144,1024,1262215680
499.0343,1458171904,10552.9100,3083.34,0,270213120,1,91.46,0.00,1495552000,1024,1262215680
499.1396,1458171904,10555.7700,2715.90,0,270213120,1,84.87,0.00,1495552000,1024,1262363136
499.2444,1458171904,10557.9500,2079.55,0,270213120,1,67.97,0.00,1495552000,1024,1262363136
499.3494,1458171904,10559.9400,1894.55,0,270213120,1,55.04,0.00,1495547904,1024,1262363136
499.4542,1458171904,10560.6300,658.72,0,270213120,1,19.99,0.00,1494838272,1024,1262363136
499.5593,1458171904,10561.3200,656.46,0,270213120,1,22.00,0.00,1495886848,1024,1262363136
499.6642,1458171904,10562.9800,1582.17,0,270213120,1,51.53,0.00,1495886848,1024,1262363136
499.7694,1458171904,10564.6300,1568.13,0,270217216,1,47.22,0.00,1495653376,1024,1262363136
499.8741,1458171904,10566.3700,1661.82,0,270217216,1,51.63,0.00,1496435712,1024,1262363136
499.9791,1458171904,10568.0400,1591.06,0,270217216,1,51.21,0.00,1496435712,1024,1274393088
500.0846,1458565120,10569.5300,1412.45,0,270221312,1,45.32,0.00,1495718912,1024,1274393088
500.1893,1458565120,10571.2100,1604.84,0,270221312,1,48.96,0.00,1496067072,1024,1274393088
500.2942,1458565120,10572.8800,1591.55,0,270221312,1,49.74,0.00,1495608320,1024,1274393088
500.3995,1458565120,10574.5400,1576.41,0,270221312,1,48.67,0.00,1495608320,1024,1274393088
500.5048,1458565120,10576.2100,1585.66,0,270221312,1,51.63,0.00,1495628800,1024,1274393088
500.6097,1458565120,10577.9300,1639.47,0,270221312,1,49.74,0.00,1495890944,1024,1274393088
500.7174,1458565120,10580.4700,2358.00,0,271282176,1,75.14,0.00,1498008576,1024,1274393088
500.8322,1458565120,10583.8300,2929.29,0,271282176,1,94.54,0.00,1496307712,1024,1274393088
500.9377,1458565120,10587.0600,3061.44,0,271282176,1,92.71,0.00,1496356864,1024,1274393088
501.0429,1458565120,10590.1900,2973.51,0,271282176,1,91.14,0.00,1496254464,1024,1274393088
501.1480,1458565120,10593.3100,2969.38,0,271282176,1,97.55,0.00,1496254464,1024,1274393088
501.2538,1458565120,10596.5400,3053.83,0,271282176,1,92.18,0.00,1496250368,1024,1274393088
501.3590,1458565120,10599.6600,2965.65,0,271282176,1,92.97,0.00,1496254464,1024,1274393088
501.4657,1458565120,10602.9000,3036.10,0,271282176,1,94.88,0.00,1495992320,1024,1274393088
501.5710,1458565120,10606.0200,2963.46,0,271282176,1,92.31,0.00,1495996416,1024,1274393088
501.6759,1458565120,10609.1400,2972.44,0,271282176,1,96.76,0.00,1496000512,1024,1274393088
501.7817,1458565120,10612.3800,3064.52,0,271282176,1,95.77,0.00,1495996416,1024,1280422400
501.8898,1458565120,10615.5400,2920.98,0,271282176,1,87.53,0.00,1495738368,1024,1280422400
501.9953,1458565120,10618.1100,2436.82,0,271282176,1,76.15,0.00,1495738368,1024,1280422400
502.1010,1458565120,10620.5800,2337.21,0,271282176,1,72.15,0.00,1495730176,1024,1280422400
502.2063,1458565120,10622.8700,2174.49,0,271282176,1,68.84,0.00,1495730176,1024,1280422400
502.3120,1458565120,10625.1400,2147.00,0,271286272,1,69.16,0.00,1495988224,1024,1280467456
502.4174,1458565120,10626.8900,1660.27,0,271286272,1,49.22,0.00,1495562240,1024,1280541184
502.5230,1458565120,10627.8900,946.96,0,271286272,1,30.48,0.00,1495058432,1024,1280541184
502.6284,1458958336,10628.5400,617.01,0,271286272,1,21.06,0.00,1497056256,1024,1280541184
502.7340,1458958336,10630.2600,1628.36,0,271286272,1,51.77,0.00,1496699904,1024,1280541184
502.8394,1458958336,10631.9300,1584.39,0,271286272,1,48.92,0.00,1496445952,1024,1280541184
502.9450,1458958336,10633.4300,1420.85,0,271286272,1,45.59,0.00,1497199616,1024,1280541184
503.0510,1458958336,10635.0900,1565.02,0,271286272,1,48.91,0.29,1496941568,1024,1300519424
503.1567,1458958336,10636.7600,1581.31,0,271286272,1,51.19,0.00,1496425472,1024,1300519424
503.2619,1458958336,10638.4200,1577.37,0,271290368,1,47.81,0.00,1497748480,1024,1300519424
503.3680,1458958336,10640.0900,1573.35,0,271290368,1,51.52,0.00,1496728576,1024,1300519424
503.4734,1458958336,10641.8100,1632.04,0,271290368,1,48.63,0.00,1496474624,1024,1300519424
503.5792,1459351552,10643.4000,1503.60,0,271290368,1,46.99,0.00,1497273344,1024,1300519424
503.6845,1459351552,10645.0600,1575.64,0,271290368,1,50.72,0.00,1497019392,1024,1300519424
503.7902,1459351552,10646.7900,1636.51,0,271290368,1,49.07,0.00,1496273920,1024,1300744704
503.8961,1459351552,10648.0800,1219.16,0,271290368,1,40.76,0.00,1496990720,1024,1300744704
504.0010,1459351552,10649.8100,1648.10,0,271290368,1,49.12,0.00,1496237056,1024,1300744704
504.1070,1459351552,10651.4700,1566.94,0,271290368,1,48.97,0.00,1495991296,1024,1300744704
504.2126,1459351552,10653.1300,1571.29,0,271290368,1,51.77,0.00,1496515584,1024,1300744704
504.3177,1459351552,10654.8600,1646.62,0,271290368,1,49.67,0.00,1495999488,1024,1300797952
504.4231,1459351552,10656.5300,1584.13,0,271290368,1,48.91,0.00,1495999488,1024,1300797952
504.5285,1459351552,10658.1900,1574.49,0,271290368,1,51.57,0.00,1495970816,1024,1300797952
504.6345,1459351552,10659.9200,1632.64,0,271290368,1,48.66,0.00,1495970816,1024,1300797952
504.7399,1459351552,10661.5800,1574.90,0,271290368,1,51.29,0.00,1495970816,1024,1300797952
504.8495,1376026624,10663.3000,1569.85,0,273391616,1,48.20,0.00,1414922240,1024,1300797952
504.9555,1376026624,10666.3200,2846.77,0,273391616,1,88.37,0.00,1414217728,1024,1300797952
505.0605,1376026624,10669.3100,2848.21,0,273391616,1,92.28,0.00,1414217728,1024,1300797952
505.1666,1376026624,10672.4600,2969.47,0,273391616,1,90.14,0.00,1414230016,1024,1300797952
505.2736,1376026624,10675.7000,3028.72,0,273391616,1,94.36,0.00,1413722112,1024,1300797952
505.3816,1376026624,10678.9400,2999.35,0,273391616,1,93.15,0.00,1413476352,1024,1300797952
505.4875,1376026624,10682.0600,2945.18,0,273391616,1,95.58,0.00,1413246976,1024,1300797952
505.5929,1376026624,10685.3000,3074.08,0,273391616,1,92.51,0.00,1413246976,1024,1300797952
505.7016,1376026624,10688.5400,2981.72,0,273391616,1,92.89,0.00,1413246976,1024,1300797952
505.8070,1376026624,10691.6000,2902.63,0,273391616,1,91.89,0.00,1413509120,1024,1300797952
505.9127,1376026624,10694.6300,2866.30,0,273391616,1,96.67,0.00,1413505024,1024,1300797952
506.0218,1376026624,10697.9900,3079.72,0,273391616,1,88.22,0.00,1413505024,1024,1300797952
506.1273,1376026624,10701.1000,2948.17,0,273391616,1,93.32,0.00,1413509120,1024,1300797952
506.2327,1376026624,10704.1100,2854.99,0,273391616,1,92.18,0.00,1413881856,1024,1300797952
506.3382,1376026624,10707.2400,2968.66,0,273391616,1,90.10,0.00,1413881856,1024,1300797952
506.4433,1376026624,10710.2600,2871.84,0,273391616,1,88.56,0.00,1413885952,1024,1300797952
506.5489,1376026624,10713.3500,2927.00,0,273391616,1,98.87,0.00,1413881856,1024,1300797952
506.6576,1376026624,10716.7100,3091.42,0,273391616,1,90.28,0.00,1413881856,1024,1300797952
506.7627,1376026624,10719.8300,2969.51,0,273391616,1,92.50,0.00,1413881856,1024,1300797952
506.8676,1376026624,10722.9400,2964.60,0,273391616,1,93.54,0.00,1413648384,1024,1300797952
506.9729,1376026624,10726.0600,2962.77,0,273391616,1,95.85,0.00,1413403648,1024,1300797952
507.0785,1376026624,10729.3000,3068.72,0,273391616,1,92.64,0.00,1413141504,1024,1300797952
507.1839,1376026624,10732.4200,2958.70,0,273391616,1,96.02,0.00,1413141504,1024,1300797952
507.2893,1376026624,10735.6600,3074.22,0,273391616,1,95.77,0.00,1413141504,1024,1300797952
507.3979,1376026624,10738.9000,2982.23,0,273391616,1,89.74,0.00,1413141504,1024,1300867584
507.5036,1376026624,10742.0200,2953.99,0,273391616,1,92.31,0.00,1413141504,1024,1300867584
507.6085,1376419840,10745.1000,2935.15,0,273391616,1,95.30,0.00,1413907456,1024,1300888064
507.7138,1376813056,10747.7700,2535.91,0,273391616,1,75.39,0.00,1414427648,1024,1300888064
507.8193,1376813056,10750.2600,2360.11,0,273391616,1,74.35,0.00,1414431744,1024,1300929024
507.9243,1376813056,10752.6700,2294.14,0,273391616,1,75.26,0.00,1414431744,1024,1301080576
508.0300,1376813056,10755.1500,2346.46,0,273391616,1,69.78,0.00,1414431744,1024,1301080576
508.1354,1376813056,10757.5400,2267.38,0,273391616,1,71.15,0.00,1414214656,1024,1305311232
508.2406,1376813056,10759.9400,2283.17,0,273391616,1,73.73,0.00,1414214656,1024,1305311232
508.3464,1376813056,10762.3500,2276.66,0,273391616,1,69.08,0.00,1414734848,1024,1305311232
508.4513,1377206272,10764.4300,1982.15,0,273391616,1,60.75,0.00,1414996992,1024,1305311232
508.5570,1377206272,10766.5000,1958.55,0,273391616,1,61.80,0.00,1414996992,1024,1305311232
508.6634,1377992704,10768.2000,1597.65,0,273391616,1,49.63,0.00,1415783424,1024,1305311232
508.7685,1379172352,10769.2100,961.62,0,273391616,1,31.24,0.00,1417094144,1024,1305311232
508.8734,1379172352,10770.0800,829.20,0,273391616,1,24.42,0.00,1416856576,1024,1305311232
508.9786,1379958784,10770.6400,532.09,0,273391616,1,16.92,0.00,1417643008,1024,1305311232
509.0840,1380352000,10771.3100,636.20,0,273395712,1,22.26,0.00,1419744256,1024,1305311232
509.1889,1380352000,10772.9800,1591.32,0,273395712,1,50.03,0.00,1419039744,1024,1305311232
509.2941,1380352000,10774.7100,1644.83,0,273395712,1,49.32,0.00,1418785792,1024,1305311232
509.3998,1380352000,10776.3700,1570.77,0,273395712,1,50.86,0.00,1418785792,1024,1305311232
509.5045,1380352000,10778.0300,1584.93,0,273395712,1,49.83,0.00,1418785792,1024,1305311232
509.6101,1380352000,10779.7600,1638.25,0,273395712,1,49.12,0.00,1418785792,1024,1305311232
509.7160,1380352000,10781.2300,1388.49,0,273395712,1,45.16,0.00,1420096512,1024,1305311232
509.8217,1380352000,10782.9600,1636.73,0,273395712,1,49.67,0.00,1419678720,1024,1305311232
509.9273,1380352000,10784.6300,1580.61,0,273395712,1,49.69,0.00,1419674624,1024,1305311232
510.0327,1380352000,10786.2900,1574.95,0,273395712,1,50.70,0.00,1419490304,1024,1305311232
510.1382,1380352000,10788.0200,1640.15,0,273395712,1,48.88,0.00,1418994688,1024,1305311232
510.2435,1380352000,10789.6800,1575.88,0,273395712,1,51.32,0.00,1418736640,1024,1305311232
510.3489,1374793728,10791.1200,1366.99,0,273395712,1,43.61,0.00,1411200000,1024,1305311232
510.4547,1374793728,10792.8500,1635.40,0,273395712,1,48.45,0.00,1410761728,1024,1305311232
510.5596,1374793728,10794.5100,1581.32,0,273395712,1,51.80,0.00,1410761728,1024,1305311232
510.6653,1374793728,10796.2400,1637.46,0,273395712,1,48.21,0.00,1410761728,1024,1305311232
510.7711,1374793728,10797.9000,1569.17,0,273395712,1,50.81,0.00,1410761728,1024,1305311232
510.8767,1374793728,10799.5700,1581.33,0,273395712,1,51.19,0.00,1410290688,1024,1305311232
510.9827,1374793728,10801.0600,1405.53,0,273395712,1,41.56,0.00,1412117504,1024,1305311232
511.0886,1374793728,10802.7200,1566.75,0,273395712,1,51.32,0.00,1411605504,1024,1305311232
511.1940,1374793728,10804.4500,1642.29,0,273395712,1,48.95,0.00,1411093504,1024,1305335808
511.2993,1374793728,10806.1200,1585.63,0,273395712,1,48.96,0.00,1411093504,1024,1305335808
511.4040,1374793728,10807.7800,1585.14,0,273395712,1,51.33,0.00,1411093504,1024,1305335808
511.5097,1374793728,10809.5100,1637.02,0,273395712,1,50.27,0.00,1410577408,1024,1305335808
511.6155,1371648000,10811.0200,1426.86,0,273399808,1,43.11,0.00,1409274880,1024,1305335808
511.7212,1371648000,10812.7500,1637.65,0,273399808,1,51.18,0.00,1409238016,1024,1305348096
511.8272,1371648000,10814.4200,1575.64,0,273399808,1,49.83,0.00,1408488448,1024,1305348096
511.9332,1371648000,10816.1400,1622.57,0,273399808,1,50.41,0.00,1407734784,1024,1305430016
512.0386,1371648000,10817.8100,1583.69,0,273399808,1,50.08,0.00,1407734784,1024,1305430016
512.1441,1371648000,10819.4700,1573.97,0,273399808,1,51.26,0.00,1407484928,1024,1305430016
512.2492,1371648000,10821.2000,1645.62,0,273399808,1,49.34,0.00,1407235072,1024,1305430016
512.3546,1371648000,10822.8600,1575.18,0,273399808,1,49.22,0.00,1407235072,1024,1305430016
512.4594,1371648000,10824.5300,1592.95,0,273399808,1,50.08,0.00,1407235072,1024,1305430016
512.5650,1371648000,10826.2600,1639.02,0,273399808,1,51.22,0.00,1407235072,1024,1305430016
512.6708,1371648000,10827.9200,1568.19,0,273399808,1,48.71,0.00,1407230976,1024,1305430016
512.7763,1371648000,10829.5800,1573.66,0,273399808,1,51.55,0.00,1407230976,1024,1305450496
512.8817,1371648000,10831.3100,1641.11,0,273399808,1,48.62,0.00,1407230976,1024,1305450496
512.9872,1371648000,10832.9800,1583.98,0,273399808,1,50.39,0.00,1407230976,1024,1305450496
513.0926,1371648000,10834.6400,1574.18,0,273399808,1,50.38,0.00,1407034368,1024,1305450496
513.1979,1371648000,10836.3700,1642.60,0,273399808,1,50.14,0.00,1407034368,1024,1305450496
513.3031,1371648000,10838.0300,1578.95,0,273399808,1,49.34,0.00,1406776320,1024,1307058688
513.4086,1379475456,10838.8500,777.38,0,277598208,1,33.77,0.00,1417524224,1024,1307058688
513.5176,1379475456,10842.2100,3082.07,0,277598208,1,87.72,0.00,1417024512,1024,1307111936
513.6229,1379475456,10845.3300,2960.98,0,277598208,1,92.53,0.00,1417024512,1024,1307111936
513.7283,1379475456,10848.4900,2998.95,0,277598208,1,97.28,0.00,1417020416,1024,1307173376
513.8337,1379475456,10851.8300,3169.03,0,277598208,1,97.25,0.00,1417020416,1024,1307361792
513.9393,1379475456,10855.0600,3060.35,0,277598208,1,93.86,0.00,1417434112,1024,1307361792
514.0486,1379475456,10858.4100,3064.40,0,277598208,1,99.19,0.00,1417434112,1024,1307361792
514.1544,1379475456,10861.7500,3156.78,0,277598208,1,96.88,0.00,1417081856,1024,1307361792
514.2592,1379475456,10864.9700,3071.69,0,277598208,1,94.50,0.00,1416823808,1024,1307361792
514.3647,1379475456,10868.2000,3060.92,0,277598208,1,100.39,0.00,1416823808,1024,1307361792
514.4699,1379475456,10871.5400,3176.88,0,277598208,1,94.52,0.00,1416823808,1024,1307361792
514.5749,1379475456,10874.7700,3073.97,0,277598208,1,99.63,0.00,1416823808,1024,1307361792
514.6821,1379475456,10878.1100,3116.15,0,277598208,1,93.88,0.00,1416811520,1024,1307361792
514.7875,1379475456,10881.3400,3065.22,0,277598208,1,96.97,0.00,1416684544,1024,1307361792
514.8931,1379475456,10884.6800,3163.03,0,277598208,1,99.14,0.00,1416566784,1024,1307361792
515.0014,1379475456,10888.0700,3128.67,0,277598208,1,96.33,0.00,1416566784,1024,1307361792
515.1067,1379475456,10891.3900,3153.99,0,277598208,1,99.75,0.00,1416566784,1024,1307361792
515.2117,1379475456,10894.7200,3170.83,0,277598208,1,103.25,0.00,1416316928,1024,1307361792
515.3173,1379475456,10898.1700,3268.96,0,277598208,1,97.12,0.00,1416316928,1024,1310503424
515.4223,1379475456,10901.5000,3170.99,0,277598208,1,104.15,0.00,1416316928,1024,1310503424
515.5299,1379475456,10904.9500,3205.38,0,277598208,1,95.23,0.00,1416316928,1024,1310503424
515.6355,1379475456,10908.2800,3152.81,0,277598208,1,100.30,0.00,1416312832,1024,1310503424
515.7409,1379475456,10911.6100,3159.44,0,277598208,1,100.81,0.00,1416312832,1024,1310503424
515.8466,1379475456,10915.0600,3264.81,0,277598208,1,102.03,0.00,1416312832,1024,1310503424
515.9540,1379475456,10918.5200,3222.20,0,277598208,1,98.66,0.00,1416312832,1024,1310503424
516.0593,1379475456,10921.8500,3161.70,0,277598208,1,97.02,0.00,1416312832,1024,1310503424
516.1642,1379475456,10925.1800,3173.52,0,277598208,1,104.24,0.00,1416312832,1024,1310503424
516.2719,1379475456,10928.6300,3205.53,0,277598208,1,100.75,0.00,1416308736,1024,1310503424
516.3773,1379475456,10932.0800,3271.54,0,277598208,1,96.90,0.00,1416308736,1024,1310503424
516.4825,1379475456,10935.4100,3165.70,0,277598208,1,98.63,0.00,1416308736,1024,1310503424
516.5880,1379475456,10938.7400,3156.50,0,277598208,1,102.49,0.00,1416308736,1024,1310503424
516.6944,1379475456,10942.1900,3242.12,0,277598208,1,99.26,0.00,1416308736,1024,1310503424
516.7996,1379475456,10945.5200,3166.37,0,277598208,1,97.46,0.00,1416308736,1024,1310503424
516.9046,1379475456,10948.8500,3170.43,0,277598208,1,106.51,0.00,1416304640,1024,1310503424
517.0137,1379475456,10952.4300,3281.35,0,277598208,1,96.81,0.00,1416562688,1024,1310503424
517.1194,1379475456,10955.7600,3149.97,0,277598208,1,96.96,0.00,1416558592,1024,1310503424
517.2245,1379475456,10959.0900,3168.33,0,277598208,1,104.06,0.00,1416304640,1024,1310503424
517.3303,1379475456,10962.5400,3261.40,0,277598208,1,96.90,0.00,1416304640,1024,1310503424
517.4359,1379475456,10965.8600,3143.87,0,277598208,1,102.09,0.00,1416304640,1024,1310503424
517.5409,1379475456,10969.1900,3173.57,0,277598208,1,103.94,0.00,1416304640,1024,1310503424
517.6504,1379475456,10972.6700,3175.71,0,277598208,1,90.97,0.00,1416304640,1024,1310503424
517.7554,1379475456,10975.8900,3066.57,0,277598208,1,97.02,0.00,1416304640,1024,1310503424
517.8606,1379475456,10979.1200,3070.96,0,277598208,1,98.34,0.00,1416304640,1024,1310544384
517.9664,1379475456,10982.4600,3158.90,0,277598208,1,96.06,0.00,1416304640,1024,1310544384
518.0714,1379475456,10985.6900,3075.41,0,277598208,1,95.21,0.00,1416304640,1024,1310593536
518.1769,1379475456,10988.9100,3050.61,0,277598208,1,102.73,0.00,1416304640,1024,1310593536
518.2862,1379475456,10992.3800,3175.69,0,277598208,1,92.95,0.00,1416304640,1024,1310593536
518.3916,1379475456,10995.6000,3054.86,0,277598208,1,94.87,0.00,1416304640,1024,1320184320
518.4967,1379475456,10998.8200,3063.05,0,277598208,1,99.29,0.00,1416304640,1024,1320184320
518.6025,1379475456,11002.1700,3166.08,0,277598208,1,95.40,0.00,1416300544,1024,1320184320
518.7077,1379475456,11005.3900,3060.80,0,277598208,1,99.51,0.00,1416300544,1024,1320184320
518.8134,1379475456,11008.7300,3159.60,0,277598208,1,96.37,0.00,1416300544,1024,1320184320
518.9186,1379475456,11011.9600,3071.38,0,277598208,1,94.20,0.00,1416562688,1024,1320294912
519.0242,1379475456,11015.1800,3050.78,0,277598208,1,100.07,0.00,1416562688,1024,1320294912
519.1294,1379475456,11018.5300,3181.74,0,277598208,1,102.10,0.00,1416562688,1024,1320294912
519.2418,1379475456,11022.0000,3088.47,0,277598208,1,89.84,0.00,1416304640,1024,1320294912
519.3468,1379475456,11025.2200,3066.71,0,277598208,1,96.73,0.00,1416300544,1024,1320294912
519.4517,1379475456,11028.4500,3080.04,0,277598208,1,106.38,0.00,1416562688,1024,1320294912
519.5659,1379475456,11032.0400,3143.48,0,277598208,1,88.93,0.00,1416562688,1024,1320294912
519.6710,1380261888,11034.9600,2777.13,0,277602304,1,85.60,0.00,1417349120,1024,1320294912
519.7763,1381048320,11037.5900,2498.58,0,277602304,1,81.35,0.00,1418397696,1024,1320294912
519.8809,1381048320,11040.0800,2379.95,0,277602304,1,74.07,0.00,1418139648,1024,1320294912
519.9865,1381834752,11042.6400,2423.23,0,277602304,1,74.54,0.00,1419450368,1024,1320294912
520.0915,1381834752,11045.0300,2277.46,0,277602304,1,69.98,0.00,1419696128,1024,1320294912
520.1966,1382621184,11047.3900,2246.07,0,277602304,1,73.16,0.00,1420224512,1024,1320294912
520.3055,1382621184,11049.9100,2314.24,0,277602304,1,70.31,0.00,1419974656,1024,1320294912
520.4102,1383407616,11052.2200,2206.01,0,277602304,1,68.04,0.00,1420494848,1024,1320294912
520.5158,1383407616,11054.3000,1969.14,0,277602304,1,64.20,0.00,1420494848,1024,1320294912
520.6209,1383407616,11056.3800,1978.64,0,277602304,1,60.94,0.00,1420494848,1024,1320294912
520.7260,1383407616,11058.5400,2055.73,0,277602304,1,63.35,0.00,1420494848,1024,1320294912
520.8318,1383407616,11060.5200,1870.48,0,277602304,1,60.81,0.00,1420494848,1024,1320294912
520.9368,1383407616,11062.5000,1887.10,0,277602304,1,58.67,0.00,1420559360,1024,1320294912
521.0425,1383407616,11064.5500,1938.97,0,277602304,1,57.34,0.00,1420555264,1024,1320294912
521.1483,1384194048,11066.5200,1861.38,0,277602304,1,61.42,0.00,1421448192,1024,1320294912
521.2533,1384194048,11068.5700,1953.48,0,277602304,1,58.96,0.00,1421448192,1024,1320294912
521.3591,1384194048,11070.5500,1870.93,0,277602304,1,58.47,0.00,1421448192,1024,1320294912
521.4643,1384194048,11072.5300,1882.44,0,277602304,1,60.91,0.00,1421452288,1024,1320294912
521.5697,1384194048,11074.5800,1945.58,0,277602304,1,58.13,0.00,1421452288,1024,1320294912
521.6754,1384194048,11076.5500,1862.27,0,277602304,1,58.49,0.00,1421714432,1024,1320294912
521.7804,1384194048,11078.5300,1886.52,0,277602304,1,60.14,0.00,1421710336,1024,1320294912
521.8859,1384980480,11080.5600,1923.36,0,277602304,1,58.92,0.00,1422496768,1024,1320294912
521.9912,1387339776,11082.2100,1567.02,0,277602304,1,47.78,0.00,1425118208,1024,1320294912
522.0967,1388126208,11083.5400,1261.31,0,277602304,1,41.19,0.00,1426097152,1024,1320294912
522.2016,1388912640,11084.6800,1086.35,0,277602304,1,32.46,0.00,1427416064,1024,1320294912
522.3060,1390878720,11085.4300,718.73,0,277602304,1,22.76,0.00,1428202496,1024,1320294912
522.4109,1391665152,11086.0300,571.57,0,277602304,1,17.56,0.00,1429246976,1024,1320294912
522.5159,1391665152,11086.4400,390.56,0,277602304,1,12.80,0.00,1429246976,1024,1320294912
522.6208,1391665152,11086.7700,314.77,0,277602304,1,8.94,0.00,1428558848,1024,1320360448
522.7262,1391665152,11087.0800,293.91,0,277602304,1,9.48,0.00,1428300800,1024,1320360448
522.8311,1392451584,11087.2400,152.59,0,277602304,1,4.47,0.00,1429165056,1024,1320360448
522.9364,1392451584,11088.0300,749.88,0,277602304,1,29.96,0.00,1431008256,1024,1320360448
523.0461,1392451584,11089.8200,1631.55,0,277602304,1,47.00,0.00,1431012352,1024,1320602112
523.1514,1392451584,11091.4800,1577.73,0,277602304,1,49.60,0.00,1431008256,1024,1320602112
523.2561,1392451584,11093.1400,1584.32,0,277602304,1,50.70,0.00,1430754304,1024,1320602112
523.3612,1392451584,11094.8700,1646.34,0,277602304,1,50.85,0.00,1430492160,1024,1320602112
523.4664,1392451584,11096.5400,1587.20,0,277602304,1,49.01,0.00,1430492160,1024,1323172352
523.5712,1392451584,11098.2000,1584.40,0,277602304,1,50.41,0.00,1430492160,1024,1323172352
523.6769,1392451584,11099.8600,1570.75,0,277602304,1,49.68,0.00,1430492160,1024,1323172352
523.7817,1392451584,11101.5900,1650.57,0,277602304,1,50.98,0.00,1430492160,1024,1323328000
523.8877,1392451584,11103.2600,1576.04,0,277602304,1,50.14,0.00,1430492160,1024,1323328000
523.9930,1392451584,11104.9800,1632.79,0,277602304,1,50.13,0.00,1430492160,1024,1323328000
524.0990,1393631232,11106.6300,1557.09,0,277602304,1,47.18,0.00,1432060928,1024,1323328000
524.2042,1395990528,11106.9700,323.06,0,277602304,1,10.99,0.00,1433904128,1024,1323328000
524.3096,1397563392,11107.1500,170.85,0,277602304,1,4.75,0.00,1435476992,1024,1323401728
524.4144,1401495552,11107.8300,648.49,0,277602304,1,21.16,0.00,1440207872,1024,1323401728
524.5195,1401495552,11109.5000,1589.58,0,277602304,1,48.48,0.00,1440207872,1024,1323401728
524.6254,1401495552,11111.2200,1623.46,0,277602304,1,51.62,0.00,1440207872,1024,1323401728
524.7307,1401495552,11112.8900,1587.06,0,277602304,1,50.19,0.00,1440203776,1024,1323401728
524.8361,1401495552,11114.5500,1574.39,0,277602304,1,50.39,0.00,1439695872,1024,1323401728
524.9419,1401495552,11116.2800,1634.73,0,277602304,1,50.20,0.00,1439695872,1024,1323401728
525.0476,1401495552,11117.9400,1571.46,0,277602304,1,48.52,0.00,1439958016,1024,1323422208
525.1528,1401495552,11119.6100,1587.26,0,277602304,1,51.98,0.00,1439958016,1024,1323422208
525.2579,1401495552,11121.3300,1635.61,0,277602304,1,48.44,0.00,1439462400,1024,1323422208
525.3626,1401495552,11123.0000,1595.75,0,277602304,1,50.76,0.00,1439458304,1024,1323422208
525.4681,1401495552,11124.6600,1573.57,0,277602304,1,51.25,0.00,1439458304,1024,1323422208
525.5728,1401495552,11126.3300,1594.03,0,277602304,1,49.81,0.00,1438950400,1024,1323422208
525.6779,1405550592,11127.8000,1399.54,0,277606400,1,41.06,0.00,1444391936,1024,1323422208
525.7834,1405550592,11129.4600,1573.81,0,277606400,1,48.59,0.00,1443658752,1024,1323446784
525.8882,1405550592,11131.1200,1583.33,0,277606400,1,51.86,0.00,1442892800,1024,1323446784
525.9936,1405550592,11132.8500,1641.76,0,277606400,1,49.53,0.00,1442888704,1024,1323446784
526.0989,1405550592,11134.5200,1586.01,0,277606400,1,49.86,0.00,1442888704,1024,1323446784
526.2041,1405550592,11136.1800,1577.11,0,277606400,1,50.47,0.00,1442884608,1024,1323446784
526.3097,1405550592,11137.9100,1638.90,0,277606400,1,50.03,0.00,1442642944,1024,1323446784
526.4147,1405550592,11139.5700,1580.60,0,277606400,1,49.10,0.00,1442388992,1024,1323446784
526.5199,1405550592,11141.2400,1588.20,0,277606400,1,51.12,0.00,1442388992,1024,1323446784
526.6250,1405550592,11142.9600,1635.15,0,277606400,1,49.32,0.00,1442388992,1024,1323446784
526.7300,1405550592,11144.6300,1591.57,0,277606400,1,50.63,0.00,1442388992,1024,1323446784
526.8356,1405550592,11146.1700,1458.08,0,277606400,1,44.68,0.00,1442651136,1024,1323446784
526.9407,1407123456,11147.7100,1465.37,0,277606400,1,47.87,0.00,1444752384,1024,1323446784
527.0459,1407123456,11149.4400,1644.16,0,277606400,1,48.71,0.00,1445010432,1024,1323446784
527.1512,1407123456,11151.1000,1576.09,0,277606400,1,50.14,0.00,1444490240,1024,1323446784
527.2568,1407123456,11152.7700,1582.51,0,277606400,1,51.53,0.00,1444084736,1024,1323446784
527.3620,1407123456,11154.4900,1633.74,0,277606400,1,49.27,0.00,1444084736,1024,1323446784
527.4672,1407123456,11156.1600,1587.59,0,277606400,1,48.42,0.00,1443826688,1024,1323446784
527.5726,1407123456,11157.8200,1575.99,0,277606400,1,52.22,0.00,1443826688,1024,1323446784
527.6779,1407123456,11159.5500,1641.81,0,277606400,1,49.53,0.00,1443822592,1024,1323446784
527.7829,1407123456,11161.2100,1582.10,0,277606400,1,49.44,0.00,1443822592,1024,1323446784
527.8884,1407123456,11162.8800,1582.53,0,277606400,1,51.23,0.00,1443822592,1024,1323487744
527.9932,1407123456,11164.6100,1650.72,0,277606400,1,50.09,0.00,1443564544,1024,1323487744
528.0985,1414987776,11166.0000,1320.17,0,277606400,1,42.44,0.00,1452477440,1024,1323487744
528.2037,1414987776,11167.6700,1587.78,0,277606400,1,50.81,0.00,1452477440,1024,1323487744
528.3090,1414987776,11169.4000,1642.25,0,277606400,1,50.13,0.00,1451977728,1024,1323487744
528.4148,1414987776,11171.0600,1568.69,0,277606400,1,49.91,0.00,1451465728,1024,1323487744
528.5198,1414987776,11172.7200,1581.84,0,277606400,1,52.11,0.30,1451346944,1024,1323647488
528.6249,1414987776,11174.3900,1588.49,0,277606400,1,49.64,0.00,1451346944,1024,1326213632
528.7302,1414987776,11176.1200,1642.60,0,277606400,1,49.55,0.00,1451113472,1024,1326213632
528.8356,1414987776,11177.7800,1574.95,0,277606400,1,51.59,0.00,1451113472,1024,1326258688
528.9408,1414987776,11179.4400,1578.80,0,277606400,1,48.74,0.00,1451113472,1024,1326258688
529.0464,1414987776,11181.1700,1638.10,0,277606400,1,49.42,0.00,1451113472,1024,1326258688
529.1523,1414987776,11182.8400,1576.63,0,277606400,1,51.04,0.00,1451375616,1024,1326320128
529.2576,1414987776,11184.5600,1632.64,0,277606400,1,50.43,0.00,1451260928,1024,1326320128
529.3627,1414987776,11186.2300,1589.40,0,277606400,1,48.78,0.00,1451260928,1024,1326320128
529.4685,1414987776,11187.8900,1569.21,0,277606400,1,51.11,0.00,1451260928,1024,1326320128
529.5732,1414987776,11189.6200,1651.50,0,277606400,1,48.92,0.00,1451260928,1024,1326320128
529.6790,1414987776,11191.2800,1569.02,0,277606400,1,50.51,0.00,1451260928,1024,1326320128
529.7844,1414987776,11192.9500,1585.29,0,277606400,1,50.13,0.00,1451011072,1024,1326320128
529.8898,1414987776,11194.6800,1641.96,0,277606400,1,50.12,0.00,1451011072,1024,1326320128
529.9948,1414987776,11196.3400,1579.63,0,277606400,1,48.47,0.00,1451011072,1024,1326320128
530.1000,1414987776,11198.0000,1578.62,0,277606400,1,52.01,0.00,1451011072,1024,1326320128
530.2061,1414987776,11199.7300,1630.85,0,277606400,1,49.20,0.00,1450767360,1024,1326320128
530.3113,1414987776,11201.4000,1586.48,0,277606400,1,50.47,0.00,1450767360,1024,1326320128
530.4164,1414987776,11203.0600,1580.71,0,277606400,1,51.78,0.00,1450767360,1024,1326320128
530.5217,1414987776,11204.7900,1642.12,0,277606400,1,48.65,0.00,1450767360,1024,1326320128
530.6274,1414987776,11206.4500,1571.26,0,277606400,1,49.10,0.00,1450763264,1024,1326320128
530.7322,1414987776,11208.1200,1593.30,0,277606400,1,51.28,0.00,1450763264,1024,1326320128
530.8373,1414987776,11209.8400,1636.02,0,277606400,1,50.83,0.00,1450763264,1024,1326320128
530.9432,1414987776,11211.5000,1567.92,0,277606400,1,48.41,0.00,1451013120,1024,1326397952
531.0483,1414987776,11213.1700,1588.08,0,277606400,1,51.71,0.00,1451271168,1024,1326397952
531.1540,1414987776,11214.8900,1628.47,0,277606400,1,48.52,0.00,1451271168,1024,1326455296
531.2590,1414987776,11216.5600,1589.18,0,277606400,1,49.96,0.00,1451271168,1024,1326455296
531.3643,1414987776,11218.2200,1577.56,0,277606400,1,50.78,0.00,1451009024,1024,1326455296
531.4696,1414987776,11219.9500,1642.78,0,277606400,1,50.15,0.00,1451009024,1024,1326455296
531.5752,1414987776,11221.6100,1572.00,0,277606400,1,48.83,0.00,1450980352,1024,1326455296
531.6800,1414987776,11223.2800,1592.91,0,277606400,1,51.57,0.00,1450980352,1024,1326455296
531.7857,1416953856,11224.4500,1107.40,0,277614592,1,31.35,0.00,1453483008,1024,1326455296
531.8908,1460523008,11224.6300,171.17,0,286011392,1,5.65,0.00,1497986048,1024,1326455296
531.9954,1470640128,11227.4100,2657.36,0,286011392,1,84.24,0.00,1508144128,1024,1326455296
532.1013,1470640128,11230.5600,2977.00,0,286011392,1,93.33,0.00,1507963904,1024,1326455296
532.2072,1470640128,11233.6600,2925.17,0,286011392,1,92.59,0.00,1507623936,1024,1326455296
532.3126,1470640128,11236.7800,2960.11,0,286011392,1,94.58,0.00,1507447808,1024,1326455296
532.4215,1470640128,11240.1800,3124.37,0,286011392,1,94.48,0.00,1507443712,1024,1326504448
532.5269,1470640128,11243.4100,3064.36,0,286011392,1,96.65,0.00,1507443712,1024,1326504448
532.6325,1470640128,11246.5900,3010.47,0,286011392,1,96.44,0.00,1507439616,1024,1326504448
532.7379,1470640128,11249.9400,3178.07,0,286011392,1,99.61,0.00,1507378176,1024,1326504448
532.8462,1470640128,11253.2700,3075.56,0,286011392,1,93.80,0.00,1507374080,1024,1326504448
532.9521,1470640128,11256.4700,3019.76,0,286011392,1,96.43,0.00,1507374080,1024,1326504448
533.0614,1470640128,11259.9300,3165.33,0,286011392,1,95.77,0.00,1507374080,1024,1326504448
533.1669,1470640128,11263.1600,3062.02,0,286011392,1,96.87,0.00,1507374080,1024,1326504448
533.2730,1470640128,11266.5000,3150.46,0,286011392,1,97.27,0.00,1507369984,1024,1326623232
533.3782,1470640128,11269.7300,3067.86,0,286011392,1,96.17,0.00,1507369984,1024,1326623232
533.4884,1470640128,11273.0800,3041.17,0,286011392,1,97.59,0.00,1507369984,1024,1326623232
533.5935,1470640128,11276.4200,3177.13,0,286011392,1,96.02,0.00,1507369984,1024,1326623232
533.6987,1470640128,11279.6400,3061.78,0,286011392,1,96.57,0.00,1507369984,1024,1329068032
533.8046,1470640128,11282.8600,3041.46,0,286011392,1,99.47,0.00,1507369984,1024,1329227776
533.9136,1470640128,11286.3300,3182.62,0,286011392,1,94.30,0.00,1507365888,1024,1329227776
534.0192,1470640128,11289.5500,3047.36,0,286011392,1,96.41,0.00,1507628032,1024,1329227776
534.1246,1470640128,11292.7800,3066.04,0,286011392,1,99.97,0.00,1507628032,1024,1329227776
534.2307,1470640128,11296.1100,3137.96,0,286011392,1,93.06,0.00,1507628032,1024,1329227776
534.3404,1470640128,11299.3500,2953.25,0,286011392,1,95.99,0.00,1507628032,1024,1329227776
534.4458,1470640128,11302.5900,3076.00,0,286011392,1,93.75,0.00,1507365888,1024,1329289216
534.5517,1470640128,11305.7100,2944.73,0,286011392,1,93.79,0.00,1507365888,1024,1329342464
534.6571,1470640128,11308.9400,3063.71,0,286011392,1,93.67,0.00,1507355648,1024,1329342464
534.7656,1470640128,11312.2500,3051.74,0,286011392,1,95.94,0.00,1507355648,1024,1329342464
534.8710,1470640128,11315.4700,3054.60,0,286011392,1,93.97,0.00,1507355648,1024,1329342464
534.9769,1470640128,11318.8300,3173.36,0,286011392,1,99.76,0.00,1507355648,1024,1329342464
535.0839,1470640128,11322.0500,3010.08,0,286011392,1,98.15,0.00,1507109888,1024,1329342464
535.1895,1470640128,11325.3900,3163.44,0,286011392,1,94.12,0.00,1507109888,1024,1329342464
535.2964,1470640128,11328.6200,3020.04,0,286011392,1,98.47,0.00,1507036160,1024,1329342464
535.4044,1470640128,11331.9600,3092.33,0,286011392,1,97.50,0.00,1507032064,1024,1329342464
535.5100,1470640128,11335.3100,3173.95,0,286011392,1,94.45,0.00,1507032064,1024,1329342464
535.6175,1470640128,11338.6600,3116.53,0,286011392,1,97.68,0.00,1507032064,1024,1329342464
535.7229,1470640128,11341.8900,3062.81,0,286011392,1,95.12,0.00,1507032064,1024,1329342464
535.8320,1470640128,11345.2300,3060.48,0,286011392,1,99.08,0.00,1507032064,1024,1329342464
535.9378,1470640128,11348.5800,3167.51,0,286011392,1,96.03,0.00,1507032064,1024,1329342464
536.0436,1470640128,11351.8000,3044.28,0,286011392,1,99.57,0.00,1507032064,1024,1329342464
536.1494,1470640128,11355.1500,3164.63,0,286011392,1,94.17,0.00,1507027968,1024,1329342464
536.2560,1470640128,11358.3700,3020.57,0,286011392,1,98.50,0.00,1506933760,1024,1333364736
536.3655,1470640128,11361.8400,3168.82,0,286011392,1,96.46,0.00,1506933760,1024,1333364736
536.4718,1470640128,11365.0700,3038.86,0,286011392,1,97.02,0.00,1506933760,1024,1333594112
536.5778,1470640128,11368.4300,3169.64,0,286011392,1,95.81,0.00,1506933760,1024,1333594112
536.6831,1470640128,11371.7500,3155.25,0,286011392,1,98.90,0.00,1506933760,1024,1333594112
536.7888,1470640128,11375.0800,3149.36,0,286011392,1,105.51,0.00,1506933760,1024,1333594112
536.8975,1470640128,11378.6600,3294.74,0,286011392,1,96.06,0.00,1506929664,1024,1333594112
537.0031,1470640128,11381.9900,3152.52,0,286011392,1,98.52,0.00,1506929664,1024,1333594112
537.1084,1470640128,11385.3100,3152.85,0,286011392,1,102.38,0.00,1506929664,1024,1338066944
537.2175,1470640128,11388.8900,3279.98,0,286011392,1,99.35,0.00,1506929664,1024,1338066944
537.3230,1470640128,11392.1700,3110.54,0,286011392,1,97.20,0.00,1506929664,1024,1338066944
537.4287,1470640128,11395.4000,3054.96,0,286011392,1,98.72,0.00,1506929664,1024,1338066944
537.5340,1470640128,11398.7400,3172.23,0,286011392,1,99.43,0.00,1506925568,1024,1338132480
537.6423,1470640128,11402.0900,3093.37,0,286011392,1,93.21,0.00,1506925568,1024,1338132480
537.7482,1470640128,11405.3100,3040.35,0,286011392,1,98.55,0.00,1506925568,1024,1338132480
537.8561,1470640128,11408.6600,3105.96,0,286011392,1,97.06,0.00,1506851840,1024,1338173440
537.9616,1470640128,11411.9200,3088.97,0,286011392,1,92.98,0.00,1506847744,1024,1338173440
538.0676,1470640128,11415.0400,2944.24,0,286011392,1,95.55,0.00,1506843648,1024,1338173440
538.1739,1470640128,11418.2800,3047.17,0,286011392,1,90.82,0.00,1506843648,1024,1338173440
538.2790,1470640128,11421.4000,2967.05,0,286011392,1,97.18,0.00,1506843648,1024,1338173440
538.3863,1470640128,11424.6200,3003.49,0,286011392,1,90.65,0.00,1506700288,1024,1338243072
538.4934,1470640128,11427.7500,2920.01,0,286011392,1,90.38,0.00,1506700288,1024,1338243072
538.5991,1470640128,11430.7600,2847.72,0,286011392,1,89.88,0.00,1506696192,1024,1338243072
538.7045,1470640128,11433.7800,2865.55,0,286011392,1,93.11,0.00,1506696192,1024,1338243072
538.8136,1470640128,11437.0200,2970.71,0,286011392,1,88.82,0.00,1506696192,1024,1341820928
538.9201,1470640128,11440.0400,2836.95,0,286011392,1,93.06,0.00,1506696192,1024,1350457344
539.0259,1470640128,11443.1700,2957.07,0,286011392,1,89.16,0.00,1506696192,1024,1350457344
539.1334,1470640128,11446.3000,2910.36,0,286011392,1,90.08,0.00,1506696192,1024,1350457344
539.2395,1470640128,11449.3200,2847.98,0,286011392,1,89.88,0.00,1506696192,1024,1350457344
539.3454,1470640128,11452.4700,2973.27,0,286011392,1,96.16,0.00,1506696192,1024,1350457344
539.4542,1470640128,11455.7100,2979.29,0,286011392,1,88.79,0.00,1506692096,1024,1350457344
539.5596,1470640128,11458.8300,2959.80,0,286011392,1,96.94,0.00,1506692096,1024,1350457344
539.6655,1470640128,11462.0600,3051.33,0,286011392,1,95.65,0.00,1506692096,1024,1350457344
539.7744,1470640128,11465.3000,2973.00,0,286011392,1,88.61,0.00,1506692096,1024,1350457344
539.8796,1470640128,11468.4200,2965.99,0,286011392,1,97.14,0.00,1506692096,1024,1350457344
539.9854,1470640128,11471.6600,3063.99,0,286011392,1,92.50,0.00,1506954240,1024,1350457344
540.0936,1470640128,11474.9000,2993.50,0,286011392,1,92.68,0.00,1506954240,1024,1350457344
540.1988,1470640128,11478.0200,2965.20,0,286011392,1,92.96,0.00,1506950144,1024,1350457344
540.3041,1470640128,11481.1400,2962.97,0,286011392,1,96.75,0.00,1506950144,1024,1350457344
540.4136,1470640128,11484.5000,3069.45,0,286011392,1,91.64,0.00,1506688000,1024,1350457344
540.5194,1470640128,11487.6200,2948.78,0,286011392,1,92.44,0.00,1506688000,1024,1350486016
540.6250,1470640128,11490.8500,3059.48,0,286011392,1,96.50,0.00,1506688000,1024,1350486016
540.7311,1470640128,11493.9600,2929.91,0,286011392,1,98.04,0.00,1506950144,1024,1350486016
540.8418,1470640128,11497.3200,3035.66,0,286011392,1,88.09,0.00,1506946048,1024,1350486016
540.9467,1470640128,11500.4400,2974.53,0,286011392,1,93.85,0.00,1506946048,1024,1350486016
541.0517,1470640128,11503.5600,2972.52,0,286011392,1,92.00,0.00,1506946048,1024,1350486016
541.1572,1470640128,11506.8000,3068.84,0,286011392,1,95.61,0.00,1506946048,1024,1350486016
541.2628,1470640128,11509.9200,2956.55,0,286011392,1,92.69,0.00,1506946048,1024,1350486016
541.3681,1470640128,11513.0400,2960.77,0,286011392,1,96.08,0.00,1506946048,1024,1350486016
541.4739,1470640128,11516.2800,3062.20,0,286011392,1,91.85,0.00,1506946048,1024,1350514688
541.5814,1470640128,11519.5200,3013.76,0,286011392,1,94.47,0.00,1506954240,1024,1350514688
541.6871,1470640128,11522.6400,2952.77,0,286011392,1,92.87,0.00,1506958336,1024,1350514688
541.7922,1470640128,11525.7600,2970.17,0,286011392,1,95.50,0.00,1506958336,1024,1350514688
541.8981,1470640128,11528.9900,3049.94,0,286011392,1,92.06,0.00,1506958336,1024,1350572032
542.0030,1470640128,11532.1100,2972.13,0,286011392,1,93.47,0.00,1506958336,1024,1350572032
542.1087,1470640128,11535.2300,2954.12,0,286011392,1,95.57,0.00,1506958336,1024,1350572032
542.2174,1470640128,11538.5900,3088.30,0,286011392,1,92.78,0.00,1506966528,1024,1350572032
542.3222,1470640128,11541.7100,2979.25,0,286011392,1,93.70,0.00,1506966528,1024,1350572032
542.4278,1470640128,11544.8300,2955.20,0,286011392,1,95.61,0.00,1506962432,1024,1350572032
542.5330,1470640128,11547.9500,2965.69,0,286011392,1,92.38,0.00,1506962432,1024,1350572032
542.6387,1470640128,11551.1900,3063.97,0,286011392,1,96.34,0.00,1506962432,1024,1350572032
542.7457,1470640128,11554.3700,2970.90,0,286011392,1,89.63,0.00,1506962432,1024,1350572032
542.8513,1470640128,11557.3900,2861.47,0,286011392,1,89.12,0.00,1506962432,1024,1350572032
542.9570,1470640128,11560.4000,2847.94,0,286011392,1,95.80,0.00,1507224576,1024,1350572032
543.0660,1470640128,11563.6500,2980.27,0,286011392,1,86.54,0.00,1507220480,1024,1350572032
543.1712,1470640128,11566.6600,2861.91,0,286011392,1,89.43,0.00,1507220480,1024,1350572032
543.2769,1470640128,11569.7800,2951.88,0,286011392,1,95.20,0.00,1507220480,1024,1350572032
543.3820,1470640128,11573.0100,3072.48,0,286011392,1,93.34,0.00,1506970624,1024,1350572032
543.4878,1470640128,11576.2100,3025.13,0,286011392,1,97.78,0.00,1506970624,1024,1350572032
543.5929,1470640128,11579.4400,3072.13,0,286011392,1,95.71,0.00,1506970624,1024,1350572032
543.7014,1470640128,11582.9100,3197.77,0,286011392,1,96.76,0.00,1506970624,1024,1350572032
543.8071,1470640128,11586.1300,3048.73,0,286011392,1,95.57,0.00,1506966528,1024,1350731776
543.9124,1470640128,11589.3600,3066.47,0,286011392,1,98.79,0.00,1506966528,1024,1350731776
544.0181,1470640128,11592.7800,3236.74,0,286011392,1,97.89,0.00,1506966528,1024,1353338880
544.1234,1470640128,11596.1100,3161.16,0,286011392,1,103.24,0.00,1506966528,1024,1353338880
544.2304,1470640128,11599.5700,3233.00,0,286011392,1,96.65,0.00,1506966528,1024,1353338880
544.3353,1470640128,11602.9000,3173.96,0,286011392,1,102.76,0.00,1506966528,1024,1353338880
544.4420,1470640128,11606.3400,3226.37,0,286011392,1,97.89,0.00,1506966528,1024,1353338880
544.5470,1470640128,11609.6700,3171.57,0,286011392,1,102.98,0.00,1506962432,1024,1353515008
544.6536,1470640128,11613.1300,3243.27,0,286011392,1,96.96,0.00,1506962432,1024,1353515008
544.7591,1470640128,11616.4500,3148.39,0,286011392,1,98.98,0.00,1506962432,1024,1353515008
544.8643,1470640128,11619.7800,3163.84,0,286011392,1,103.32,0.00,1506962432,1024,1353515008
544.9698,1470640128,11623.2300,3271.22,0,286011392,1,98.08,0.00,1506962432,1024,1353515008
545.0750,1470640128,11626.5600,3166.23,0,286011392,1,98.05,0.00,1506962432,1024,1353515008
545.1806,1470640128,11629.8900,3152.52,0,286011392,1,102.95,0.00,1506958336,1024,1353515008
545.2877,1470640128,11633.3500,3230.72,0,286011392,1,100.96,0.00,1506958336,1024,1353515008
545.3934,1470640128,11636.8000,3263.90,0,286011392,1,97.56,0.00,1506978816,1024,1353515008
545.4983,1470640128,11640.1300,3173.69,0,286011392,1,100.07,0.00,1506978816,1024,1353515008
545.6038,1470640128,11643.4400,3139.85,0,286015488,1,101.68,0.00,1506978816,1024,1353515008
545.7100,1472212992,11646.7000,3069.63,0,286015488,1,92.69,0.00,1508551680,1024,1353515008
545.8153,1472212992,11649.8200,2961.55,0,286015488,1,91.36,0.00,1508551680,1024,1353515008
545.9208,1472212992,11653.0600,3069.87,0,286015488,1,96.82,0.00,1508547584,1024,1353515008
546.0265,1472212992,11656.0800,2858.54,0,286015488,1,89.33,0.00,1508809728,1024,1353515008
546.1321,1472212992,11659.0400,2803.77,0,286015488,1,90.28,0.00,1508555776,1024,1353515008
546.2377,1472212992,11662.0700,2869.55,0,286015488,1,86.71,0.00,1508551680,1024,1353515008
546.3432,1472212992,11664.9800,2757.98,0,286015488,1,86.48,0.00,1508551680,1024,1353539584
546.4489,1472212992,11667.9000,2760.71,0,286015488,1,92.18,0.00,1508289536,1024,1353539584
546.5582,1472212992,11671.1400,2966.50,0,286015488,1,86.69,0.00,1508289536,1024,1353539584
546.6638,1473785856,11674.0700,2772.38,0,286015488,1,86.64,0.00,1509862400,1024,1353539584
546.7693,1473785856,11676.9900,2770.16,0,286015488,1,86.57,0.00,1510124544,1024,1353539584
546.8745,1473785856,11679.8000,2668.75,0,286015488,1,82.51,0.00,1509862400,1024,1353539584
546.9807,1473785856,11682.6000,2637.17,0,286015488,1,86.24,0.00,1509858304,1024,1353539584
547.0862,1473785856,11685.5200,2769.49,0,286015488,1,84.47,0.00,1509858304,1024,1353539584
547.1915,1475358720,11688.2400,2582.79,0,286015488,1,80.12,0.00,1511431168,1024,1353539584
547.2976,1475358720,11690.9400,2544.33,0,286015488,1,79.22,0.00,1511431168,1024,1353539584
547.4025,1475358720,11693.4700,2410.63,0,286015488,1,75.33,0.00,1511431168,1024,1353539584
547.5080,1475358720,11695.9700,2371.27,0,286015488,1,77.07,0.00,1511431168,1024,1353539584
547.6130,1475358720,11698.5600,2465.24,0,286015488,1,73.47,0.00,1511365632,1024,1353539584
547.7187,1475358720,11701.0600,2365.93,0,286015488,1,74.53,0.00,1511365632,1024,1353539584
547.8246,1475358720,11703.5500,2351.54,0,286015488,1,77.03,0.00,1511250944,1024,1353654272
547.9297,1475358720,11706.1400,2463.48,0,286015488,1,74.01,0.00,1511250944,1024,1353654272
548.0358,1475358720,11708.5100,2234.10,0,286015488,1,71.88,0.00,1511250944,1024,1353654272
548.1412,1475358720,11710.8800,2247.89,0,286015488,1,68.17,0.00,1511250944,1024,1353654272
548.2466,1475358720,11713.1700,2174.33,0,286015488,1,68.24,0.00,1511250944,1024,1353654272
548.3520,1475358720,11715.4600,2171.54,0,286015488,1,69.34,0.00,1511132160,1024,1353654272
548.4570,1475358720,11717.8300,2257.10,0,286015488,1,69.05,0.00,1511128064,1024,1353654272
548.5626,1475358720,11720.1200,2169.58,0,286015488,1,67.80,0.00,1511128064,1024,1353654272
548.6676,1475358720,11722.4100,2179.87,0,286015488,1,70.50,0.00,1511128064,1024,1353654272
548.7735,1475358720,11724.7900,2246.94,0,286015488,1,66.68,0.00,1511128064,1024,1353654272
548.8794,1475358720,11727.0700,2154.14,0,286015488,1,68.20,0.00,1511128064,1024,1353654272
548.9847,1475358720,11729.3600,2174.83,0,286015488,1,71.23,0.00,1511390208,1024,1353654272
549.0907,1475358720,11731.7400,2243.84,0,286015488,1,66.88,0.00,1511386112,1024,1356033024
549.1961,1478504448,11733.8800,2030.24,0,286015488,1,65.52,0.00,1515056128,1024,1356033024
549.3016,1478504448,11735.9900,2000.17,0,286015488,1,60.14,0.00,1515056128,1024,1356033024
549.4066,1478504448,11737.8900,1810.52,0,286019584,1,57.47,0.00,1514548224,1024,1356033024
549.5115,1478504448,11739.7700,1791.28,0,286019584,1,56.57,0.00,1514548224,1024,1356033024
549.6167,1478504448,11741.6200,1759.66,0,286019584,1,55.29,0.00,1514548224,1024,1356033024
549.7216,1478504448,11743.4500,1743.82,0,286019584,1,53.01,0.00,1514548224,1024,1356033024
549.8266,1478504448,11745.2200,1685.68,0,286019584,1,52.98,0.00,1514548224,1024,1356127232
549.9315,1478504448,11746.9900,1688.19,0,286019584,1,52.46,0.00,1514544128,1024,1356127232
550.0365,1478504448,11748.6900,1617.89,0,286019584,1,51.75,0.00,1514544128,1024,1356127232
550.1416,1478504448,11750.4100,1637.33,0,286019584,1,49.68,0.00,1514544128,1024,1356127232
550.2466,1478504448,11752.0800,1589.70,0,286019584,1,49.98,0.00,1514544128,1024,1356127232
550.3518,1478504448,11753.7400,1577.73,0,286019584,1,50.79,0.00,1514544128,1024,1356127232
550.4570,1478504448,11755.4300,1607.21,0,286019584,1,48.44,0.00,1514544128,1024,1356127232
550.5621,1478504448,11756.9900,1484.19,0,286019584,1,46.38,0.00,1514544128,1024,1356127232
550.6672,1480077312,11758.5500,1484.11,0,286019584,1,46.68,0.00,1516112896,1024,1356147712
550.7724,1481650176,11759.9700,1349.56,0,286019584,1,43.36,0.00,1518210048,1024,1356147712
550.8776,1483223040,11761.2800,1246.11,0,286019584,1,37.75,0.00,1520045056,1024,1356405760
550.9825,1484795904,11762.3300,1000.66,0,286019584,1,30.97,0.00,1521617920,1024,1356405760
551.0874,1487941632,11763.2500,876.80,0,286019584,1,27.40,0.00,1525287936,1024,1356405760
551.1924,1489514496,11764.0200,733.17,0,286019584,1,23.51,0.00,1527122944,1024,1356405760
551.2979,1489514496,11764.7700,711.15,0,286019584,1,21.63,0.00,1527122944,1024,1356405760
551.4029,1489514496,11765.5000,695.56,0,286019584,1,21.74,0.00,1526877184,1024,1356405760
551.5074,1489514496,11766.2300,698.08,0,286019584,1,22.71,0.00,1526873088,1024,1356405760
551.6128,1489514496,11766.9800,711.92,0,286019584,1,21.65,0.00,1526545408,1024,1356405760
551.7183,1489514496,11767.7100,691.90,0,286019584,1,21.62,0.00,1526545408,1024,1356405760
551.8236,1489514496,11768.4400,693.05,0,286019584,1,22.55,0.00,1526545408,1024,1356405760
551.9289,1492660224,11769.0700,598.42,0,286019584,1,17.81,0.00,1529699328,1024,1356405760
552.0341,1494233088,11769.4200,332.76,0,286019584,1,10.70,0.00,1531534336,1024,1356405760
552.1390,1494233088,11769.6200,190.66,0,286019584,1,6.26,0.00,1531288576,1024,1356405760
552.2443,1494233088,11769.8300,199.31,0,286019584,1,6.23,0.00,1531284480,1024,1356405760
552.3493,1494233088,11770.0500,209.56,0,286019584,1,6.85,0.00,1531288576,1024,1356405760
552.4541,1494233088,11770.1700,114.54,0,286019584,1,3.58,0.00,1531030528,1024,1356459008
552.5590,1494233088,11770.2800,104.87,0,286019584,1,3.28,0.00,1531030528,1024,1356459008
552.6637,1495805952,11771.7000,1356.52,0,286023680,1,44.48,0.00,1534188544,1024,1356459008
552.7699,1495805952,11773.4200,1618.47,0,286023680,1,48.52,0.00,1533934592,1024,1356459008
552.8755,1495805952,11775.0900,1581.50,0,286023680,1,50.01,0.00,1533934592,1024,1356459008
552.9809,1495805952,11776.8200,1641.08,0,286023680,1,51.28,0.00,1533680640,1024,1356459008
553.0863,1495805952,11778.4800,1575.14,0,286023680,1,48.93,0.00,1533426688,1024,1356459008
553.1921,1495805952,11780.1400,1569.14,0,286023680,1,51.10,0.00,1533426688,1024,1356528640
553.2973,1495805952,11781.8700,1645.31,0,286023680,1,49.34,0.00,1533168640,1024,1356528640
553.4028,1495805952,11783.5300,1573.26,0,286023680,1,49.76,0.00,1532918784,1024,1356528640
553.5086,1495805952,11785.2000,1578.51,0,286023680,1,50.81,0.00,1532918784,1024,1356528640
553.6137,1495805952,11786.9300,1646.04,0,286023680,1,49.36,0.00,1532918784,1024,1356528640
553.7195,1495805952,11788.5900,1569.32,0,286023680,1,49.04,0.00,1532918784,1024,1356536832
553.8253,1495805952,11790.3200,1635.17,0,286023680,1,51.39,0.00,1532914688,1024,1356696576
553.9308,1495805952,11791.9800,1572.62,0,286023680,1,49.74,0.00,1532914688,1024,1356696576
554.0367,1495805952,11793.6500,1576.60,0,286023680,1,50.74,0.00,1532914688,1024,1356696576
554.1421,1495805952,11795.3700,1632.17,0,286023680,1,49.52,0.00,1532914688,1024,1356696576
554.2477,1495805952,11797.0400,1581.33,0,286023680,1,51.49,0.00,1532922880,1024,1359389696
554.3535,1495805952,11798.7700,1636.18,0,286023680,1,48.77,0.00,1532689408,1024,1359389696
554.4592,1495805952,11800.4400,1578.77,0,286023680,1,49.34,0.00,1532513280,1024,1359389696
554.5648,1495805952,11802.1000,1572.98,0,286023680,1,50.93,0.00,1532509184,1024,1359389696
554.6704,1495805952,11803.8300,1638.32,0,286023680,1,49.42,0.00,1532509184,1024,1359389696
554.7758,1495805952,11805.4900,1573.83,0,286023680,1,51.26,0.00,1532509184,1024,1359389696
554.8813,1495805952,11807.2200,1639.81,0,286023680,1,49.17,0.00,1532509184,1024,1359389696
554.9874,1495805952,11808.8800,1565.52,0,286023680,1,49.22,0.00,1532509184,1024,1359569920
555.0928,1488510976,11810.0100,1071.99,0,286023680,1,34.09,0.00,1525181440,1024,1359569920
555.1990,1488510976,11811.7400,1629.35,0,286023680,1,49.45,0.00,1525181440,1024,1359569920
555.3047,1488510976,11813.4000,1569.56,0,286023680,1,50.82,0.00,1525177344,1024,1359569920
555.4102,1488510976,11815.1300,1639.85,0,286023680,1,48.88,0.00,1524923392,1024,1359569920
555.5157,1488510976,11816.8000,1583.02,0,286023680,1,51.84,0.00,1524923392,1024,1359569920
555.6214,1488510976,11818.5200,1627.47,0,286023680,1,49.08,0.00,1524923392,1024,1359569920
555.7275,1488510976,11820.1900,1574.86,0,286023680,1,49.51,0.00,1524669440,1024,1359594496
555.8333,1488510976,11821.9200,1634.50,0,286023680,1,50.49,0.00,1524669440,1024,1359594496
555.9386,1488510976,11823.5800,1576.66,0,286023680,1,49.86,0.00,1524669440,1024,1359594496
556.0446,1488510976,11825.2400,1566.03,0,286023680,1,51.30,0.00,1524673536,1024,1359606784
556.1506,1488510976,11826.9700,1631.77,0,286023680,1,48.05,0.00,1524673536,1024,1359606784
556.2566,1488510976,11828.6400,1575.46,0,286023680,1,51.59,0.00,1524673536,1024,1359606784
556.3627,1488510976,11830.3600,1621.80,0,286023680,1,48.62,0.00,1524673536,1024,1359606784
556.4681,1488510976,11832.0300,1584.41,0,286023680,1,51.00,0.00,1524435968,1024,1359606784
556.5740,1488510976,11833.7600,1633.60,0,286023680,1,49.28,0.00,1524435968,1024,1359606784
556.6799,1488510976,11835.4200,1567.39,0,286023680,1,51.05,0.00,1524431872,1024,1359606784
556.7851,1488510976,11837.1500,1643.20,0,286023680,1,49.57,0.00,1524431872,1024,1359639552
556.8912,1488510976,11838.8100,1565.39,0,286023680,1,48.62,0.00,1524431872,1024,1359639552
556.9971,1488510976,11840.5400,1632.83,0,286023680,1,51.62,0.00,1524431872,1024,1359639552
557.1028,1488510976,11842.2000,1571.19,0,286023680,1,49.10,0.00,1524431872,1024,1359705088
557.2088,1488510976,11843.8700,1575.67,0,286023680,1,50.71,0.00,1524431872,1024,1359705088
557.3148,1488510976,11845.5900,1622.22,0,286023680,1,49.22,0.00,1524431872,1024,1359705088
557.4209,1488510976,11847.2600,1574.59,0,286023680,1,51.56,0.00,1524431872,1024,1359705088
557.5264,1491595264,11848.4800,1155.68,0,286023680,1,33.15,0.00,1528810496,1024,1359705088
557.6333,1491595264,11850.2100,1618.64,0,286023680,1,51.46,0.00,1528810496,1024,1359705088
557.7393,1491595264,11851.8700,1566.68,0,286023680,1,48.07,0.00,1528810496,1024,1359705088
557.8445,1491595264,11853.5400,1587.67,0,286023680,1,51.40,0.00,1528200192,1024,1359750144
557.9501,1491595264,11855.2600,1628.46,0,286023680,1,49.11,0.00,1528118272,1024,1359750144
558.0555,1491595264,11856.9300,1583.57,0,286023680,1,50.38,0.00,1528118272,1024,1359750144
558.1614,1491595264,11858.6600,1633.68,0,286023680,1,51.35,0.00,1527868416,1024,1359750144
558.2673,1491595264,11860.3200,1567.45,0,286023680,1,47.80,0.00,1527868416,1024,1359750144
558.3731,1491595264,11862.0500,1635.20,0,286023680,1,51.99,0.00,1527868416,1024,1359750144
558.4791,1491595264,11863.7100,1565.85,0,286023680,1,48.34,0.00,1527094272,1024,1359750144
558.5845,1491595264,11865.3800,1584.41,0,286023680,1,51.29,0.00,1527094272,1024,1359750144
558.6900,1491595264,11867.1000,1631.57,0,286023680,1,49.50,0.00,1527094272,1024,1359750144
558.7954,1491595264,11868.7700,1584.05,0,286023680,1,50.09,0.00,1527094272,1024,1359750144
558.9009,1491595264,11870.4300,1574.12,0,286023680,1,50.67,0.00,1527348224,1024,1359750144
559.0068,1491595264,11872.1600,1632.21,0,286023680,1,48.94,0.00,1527614464,1024,1359750144
559.1120,1491595264,11873.8200,1578.51,0,286023680,1,52.30,0.00,1527614464,1024,1359750144
559.2179,1491595264,11875.5500,1634.35,0,286023680,1,48.42,0.00,1527613440,1024,1359750144
559.3233,1491595264,11877.2100,1574.48,0,286023680,1,49.50,0.00,1527609344,1024,1362952704
559.4289,1491595264,11878.9400,1637.69,0,286023680,1,50.88,0.00,1527609344,1024,1362952704
559.5348,1491595264,11880.6100,1577.00,0,286023680,1,49.58,0.00,1527613440,1024,1362952704
559.6403,1491595264,11882.2700,1573.43,0,286023680,1,50.95,0.00,1527613440,1024,1362952704
559.7462,1491595264,11884.0000,1634.04,0,286023680,1,48.41,0.00,1527613440,1024,1362952704
559.8515,1491595264,11885.6600,1576.03,0,286023680,1,49.84,0.00,1527359488,1024,1362952704
559.9575,1502605312,11887.2700,1519.80,0,286031872,1,47.20,0.00,1540467712,1024,1362952704
560.0621,1519927296,11888.2000,888.64,0,286031872,1,29.56,0.00,1556110336,1024,1362952704
560.1681,1519927296,11889.8600,1566.40,0,286031872,1,50.72,0.00,1556368384,1024,1362952704
560.2733,1519927296,11891.5900,1644.51,0,286031872,1,49.01,0.00,1556372480,1024,1362952704
560.3789,1519927296,11893.2500,1571.33,0,286031872,1,49.10,0.00,1556372480,1024,1362952704
560.4847,1519927296,11894.9200,1578.42,0,286031872,1,51.10,0.00,1556372480,1024,1362952704
560.5903,1519927296,11896.6400,1629.73,0,286031872,1,49.74,0.00,1556372480,1024,1362952704
560.6963,1519927296,11898.3100,1575.38,0,286031872,1,50.41,0.00,1556372480,1024,1362952704
560.8022,1519927296,11900.0400,1632.63,0,286031872,1,49.25,0.00,1556368384,1024,1362952704
560.9078,1519927296,11901.7000,1573.12,0,286031872,1,51.53,0.00,1556368384,1024,1362952704
561.0138,1519927296,11903.4300,1631.04,0,286031872,1,48.61,0.00,1556372480,1024,1362952704
561.1192,1519927296,11905.0900,1575.32,0,286031872,1,49.23,0.00,1556626432,1024,1362952704
561.2248,1519927296,11906.7500,1572.20,0,286031872,1,51.20,0.00,1556626432,1024,1362952704
561.3307,1519927296,11908.4800,1634.14,0,286031872,1,49.30,0.00,1556626432,1024,1362952704
561.4365,1519927296,11910.1500,1577.79,0,286031872,1,50.78,0.00,1556626432,1024,1362952704
561.5425,1519927296,11911.8700,1622.18,0,286031872,1,48.92,0.00,1556622336,1024,1362952704
561.6485,1519927296,11913.5400,1576.00,0,286031872,1,51.61,0.00,1556622336,1024,1362952704
561.7540,1519927296,11915.2700,1639.48,0,286031872,1,48.86,0.00,1556622336,1024,1362952704
561.8601,1519927296,11916.9300,1564.51,0,286031872,1,50.95,0.00,1556630528,1024,1362952704
561.9655,1519927296,11918.6600,1642.46,0,286031872,1,49.55,0.00,1556407296,1024,1362952704
562.0712,1519927296,11920.3200,1569.90,0,286031872,1,49.06,0.00,1556669440,1024,1362952704
562.1765,1519927296,11921.9800,1575.61,0,286031872,1,51.31,0.00,1556669440,1024,1363255808
562.2823,1519927296,11923.7100,1636.34,0,286031872,1,49.36,0.00,1556403200,1024,1363255808
562.3883,1519927296,11925.3800,1574.64,0,286031872,1,50.98,0.00,1556141056,1024,1363296768
562.4943,1528578048,11926.6600,1208.25,0,286031872,1,36.87,0.00,1565496320,1024,1363345920
562.6009,1528578048,11928.3300,1565.92,0,286031872,1,50.40,0.00,1565504512,1024,1363345920
562.7069,1528578048,11930.0600,1631.64,0,286031872,1,49.22,0.00,1564529664,1024,1363345920
562.8124,1528578048,11931.7200,1574.27,0,286031872,1,51.57,0.00,1564525568,1024,1363345920
562.9185,1528578048,11933.4500,1631.05,0,286031872,1,49.50,0.00,1564529664,1024,1363345920
563.0238,1528578048,11935.1100,1576.37,0,286031872,1,51.04,0.00,1564529664,1024,1363345920
563.1295,1528578048,11936.8400,1636.79,0,286031872,1,49.38,0.00,1564533760,1024,1363419648
563.2350,1528578048,11938.5000,1573.07,0,286031872,1,49.45,0.00,1564533760,1024,1363419648
563.3407,1528578048,11940.1600,1569.94,0,286031872,1,50.83,0.00,1564529664,1024,1363419648
563.4465,1528578048,11941.8900,1636.04,0,286031872,1,49.35,0.00,1564529664,1024,1363419648
563.5524,1528578048,11943.5600,1575.71,0,286031872,1,51.31,0.00,1564533760,1024,1363419648
563.6584,1528578048,11945.2800,1623.87,0,286031872,1,49.27,0.00,1564533760,1024,1363419648
563.7644,1528578048,11946.9500,1574.69,0,286031872,1,50.68,0.00,1564283904,1024,1363419648
563.8704,1528578048,11948.6800,1631.57,0,286031872,1,48.63,0.00,1564283904,1024,1363583488
563.9761,1528578048,11950.3400,1570.44,0,286031872,1,51.44,0.00,1564288000,1024,1363583488
564.0823,1528578048,11952.0700,1630.03,0,286031872,1,48.88,0.00,1564288000,1024,1363583488
564.1877,1528578048,11953.7300,1574.84,0,286031872,1,50.99,0.00,1564288000,1024,1363583488
564.2938,1528578048,11955.4600,1630.68,0,286031872,1,49.49,0.00,1564283904,1024,1363661312
564.3997,1528578048,11957.1200,1567.38,0,286031872,1,50.75,0.00,1564283904,1024,1363714560
564.5054,1528578048,11958.8500,1637.28,0,286031872,1,49.39,0.00,1564283904,1024,1367095808
564.6112,1528578048,11960.5200,1578.46,0,286031872,1,48.74,0.00,1564288000,1024,1367095808
564.7172,1528578048,11962.2400,1621.70,0,286031872,1,51.86,0.00,1564288000,1024,1367095808
564.8232,1528578048,11963.9100,1575.56,0,286031872,1,48.65,0.00,1564288000,1024,1367095808
564.9287,1528578048,11965.5700,1573.94,0,286031872,1,51.26,0.00,1564288000,1024,1367095808
565.0347,1528578048,11967.3000,1631.49,0,286031872,1,49.81,0.00,1564546048,1024,1367095808
565.1405,1528578048,11968.9600,1568.83,0,286031872,1,50.50,0.00,1564808192,1024,1367095808
565.2461,1528578048,11970.6900,1638.64,0,286031872,1,49.43,0.00,1564808192,1024,1367095808
565.3519,1528578048,11972.3600,1579.16,0,286031872,1,51.42,0.00,1564546048,1024,1367095808
565.4579,1528578048,11974.0800,1622.45,0,286031872,1,48.64,0.00,1564558336,1024,1367095808
565.5638,1528578048,11975.7500,1575.96,0,286031872,1,51.31,0.00,1564558336,1024,1367095808
565.6698,1528578048,11977.4800,1632.90,0,286031872,1,48.67,0.00,1564554240,1024,1367095808
565.7758,1528578048,11979.1400,1566.39,0,286031872,1,51.31,0.00,1564554240,1024,1367095808
565.8818,1528578048,11980.8700,1631.25,0,286031872,1,48.91,0.00,1564554240,1024,1367095808
565.9874,1528578048,11982.5300,1572.79,0,286031872,1,49.74,0.00,1564476416,1024,1367095808
566.0931,1528578048,11984.2600,1636.59,0,286031872,1,51.44,0.00,1564476416,1024,1367095808
566.1988,1528578048,11985.9200,1569.88,0,286031872,1,48.76,0.00,1565008896,1024,1367095808
566.3048,1528578048,11987.5900,1575.78,0,286031872,1,51.01,0.00,1565008896,1024,1367095808
566.4107,1528578048,11989.3200,1633.66,0,286031872,1,48.99,0.00,1565004800,1024,1367095808
566.5167,1528578048,11990.9900,1575.15,0,286031872,1,50.99,0.00,1564742656,1024,1367095808
566.6226,1528578048,11992.7100,1623.70,0,286031872,1,49.27,0.00,1565004800,1024,1367095808
566.7287,1528578048,11994.3800,1574.37,0,286031872,1,50.97,0.00,1565004800,1024,1367095808
566.8345,1528578048,11996.1100,1635.67,0,286031872,1,49.93,0.00,1565004800,1024,1367095808
566.9400,1528578048,11997.7700,1572.37,0,286031872,1,51.50,0.00,1564296192,1024,1367095808
567.0460,1528578048,11999.5000,1633.38,0,286031872,1,49.86,0.00,1564254208,1024,1367095808
567.1512,1528578048,12001.1600,1577.16,0,286031872,1,49.58,0.00,1564254208,1024,1367095808
567.2569,1528578048,12002.8300,1580.71,0,286031872,1,51.47,0.00,1564254208,1024,1367095808
567.3629,1528578048,12004.5500,1622.31,0,286031872,1,49.22,0.00,1564254208,1024,1367095808
567.4689,1528578048,12006.2200,1575.63,0,286031872,1,51.01,0.00,1564254208,1024,1367095808
567.5749,1528578048,12007.9500,1631.13,0,286031872,1,49.79,0.00,1563996160,1024,1367177728
567.6804,1528578048,12009.6100,1573.63,0,286031872,1,51.25,0.00,1563996160,1024,1367177728
567.7865,1528578048,12011.3400,1631.57,0,286031872,1,48.63,0.00,1563996160,1024,1367218688
567.8918,1528578048,12013.0000,1575.80,0,286031872,1,51.91,0.00,1563996160,1024,1367263744
567.9969,1528578048,12014.6700,1589.58,0,286031872,1,49.38,0.00,1564266496,1024,1367407104
568.1026,1528578048,12016.3900,1625.93,0,286031872,1,49.33,0.00,1564266496,1024,1367407104
568.2081,1528578048,12018.0600,1583.23,0,286031872,1,50.96,0.00,1564266496,1024,1367407104
568.3138,1528578048,12019.7900,1637.49,0,286031872,1,49.69,0.00,1564266496,1024,1367407104
568.4195,1528578048,12021.4500,1569.39,0,286031872,1,48.75,0.00,1564004352,1024,1367407104
568.5255,1528578048,12023.1800,1633.17,0,286031872,1,50.74,0.00,1564000256,1024,1367407104
568.6314,1528578048,12024.8400,1566.72,0,286031872,1,49.25,0.00,1564000256,1024,1367407104
568.7369,1528578048,12026.5100,1583.45,0,286031872,1,51.26,0.00,1564000256,1024,1367407104
568.8429,1528578048,12028.2300,1622.25,0,286031872,1,49.22,0.00,1564004352,1024,1367407104
568.9483,1528578048,12029.9000,1585.42,0,286031872,1,51.32,0.00,1564004352,1024,1367407104
569.0534,1528578048,12031.6200,1635.54,0,286031872,1,49.92,0.00,1564000256,1024,1367407104
569.1594,1528578048,12033.2900,1575.64,0,286031872,1,48.65,0.00,1564262400,1024,1367407104
569.2650,1528578048,12035.0200,1638.67,0,286031872,1,51.21,0.00,1564266496,1024,1367407104
569.3706,1528578048,12036.6800,1571.36,0,286031872,1,49.11,0.00,1564266496,1024,1367407104
569.4762,1528578048,12038.3400,1572.45,0,286031872,1,51.21,0.00,1564266496,1024,1367407104
569.5820,1528578048,12040.0700,1634.84,0,286031872,1,49.61,0.00,1564266496,1024,1371554816
569.6878,1528578048,12041.4200,1276.21,0,286035968,1,39.29,0.00,1564528640,1024,1371554816
569.7933,1528578048,12041.6500,217.97,0,286035968,1,6.52,0.00,1564532736,1024,1371554816
569.8982,1378648064,12041.8200,162.01,0,302829568,1,6.25,0.00,1406024704,1024,1371554816
570.0030,0,12041.9300,105.02,0,302829568,1,2.98,0.00,425385984,1024,1371554816
570.0368,0,12041.9300,0.00,0,302829568,0,3.69,0.00,62302208,1024,1371554816
