t_s,proc_rss_bytes,proc_cpu_s,proc_cpu_pct,proc_read_bytes,proc_write_bytes,nproc,sys_cpu_pct,sys_iowait_pct,sys_mem_used_bytes,sys_read_bytes,sys_write_bytes
0.0000,0,0.0000,0.00,0,0,0,0.00,0.00,71284736,0,0
0.1051,57151488,0.0900,85.65,0,0,1,2.97,0.00,89256960,0,0
0.2110,78049280,0.2200,122.72,0,0,1,5.02,0.00,108483584,0,0
0.3165,85520384,0.4000,170.67,0,0,1,5.04,0.00,115033088,0,0
0.4227,117624832,0.6000,188.34,0,0,1,5.00,0.00,151015424,0,0
0.5293,342544384,1.7600,1088.31,0,0,1,33.72,0.00,388396032,0,0
0.6363,373215232,2.2100,420.44,0,6303744,1,10.22,0.00,416959488,0,32768
0.7427,373215232,2.4000,178.60,0,26341376,1,5.58,0.00,417505280,0,32768
0.8485,373608448,2.5900,179.58,0,47820800,1,5.32,0.00,417431552,0,32768
0.9547,373608448,2.7700,169.45,0,69890048,1,5.30,0.00,417671168,0,32768
1.0602,434917376,3.0000,217.99,0,74240000,1,6.52,0.00,483774464,0,32768
1.1665,532434944,3.1900,178.78,0,74256384,1,6.47,0.00,581029888,0,32768
1.2725,1061670912,3.8100,584.75,0,74256384,1,17.39,0.00,1111215104,0,184320
1.3822,1233653760,4.9600,1048.51,0,74256384,1,35.33,0.00,1278753792,0,184320
1.4882,1233653760,7.6300,2519.24,0,74256384,1,90.82,0.00,1278069760,0,184320
1.6071,1233653760,10.7400,2615.19,0,74256384,1,70.16,0.00,1278282752,0,184320
1.7130,1233653760,13.5000,2606.73,0,74256384,1,85.00,0.00,1278540800,0,184320
1.8189,1233653760,16.4100,2745.99,0,74256384,1,83.16,0.00,1278311424,0,184320
1.9248,1233653760,19.2200,2654.77,0,74256384,1,85.32,0.00,1278311424,0,184320
2.0305,1233653760,22.1500,2771.37,0,74256384,1,84.24,0.00,1278308352,0,8499200
2.1358,1233653760,25.1500,2849.76,0,74256384,1,88.46,0.00,1278308352,0,12972032
2.2413,1233653760,28.1700,2861.12,0,74256384,1,93.85,0.00,1278308352,0,12972032
2.3528,1233653760,31.4100,2907.75,0,74256384,1,89.75,0.00,1278308352,0,13021184
2.4585,1233653760,34.5400,2959.56,0,74256384,1,90.12,0.00,1278308352,0,13021184
2.5664,1233653760,37.6700,2902.04,0,74256384,1,89.24,0.00,1278308352,0,13021184
2.6719,1233653760,40.6900,2862.15,0,74256384,1,90.33,0.00,1278308352,0,13021184
2.7776,1233653760,43.7000,2846.63,0,74256384,1,93.09,0.00,1278050304,0,13021184
2.8833,1233653760,46.8300,2962.22,0,74256384,1,89.32,0.00,1278308352,0,13021184
2.9887,1233653760,49.9300,2940.71,0,74256384,1,94.57,0.00,1278308352,0,13021184
3.0948,1233653760,53.1600,3045.53,0,74256384,1,91.34,0.00,1278308352,0,13021184
3.2008,1233653760,56.2800,2941.56,0,74256384,1,96.64,0.00,1278308352,0,13021184
3.3065,1233653760,59.5200,3066.36,0,74256384,1,94.94,0.00,1278308352,0,13021184
3.4150,1233653760,62.7700,2996.35,0,74256384,1,90.18,0.00,1278246912,0,13021184
3.5204,1233653760,65.9600,3025.94,0,74256384,1,95.15,0.00,1278246912,0,13090816
3.6259,1233653760,69.3000,3165.23,0,74256384,1,98.02,0.00,1278238720,0,13090816
3.7342,1233653760,72.6500,3094.48,0,74256384,1,96.70,0.00,1278763008,0,13090816
3.8400,1233653760,75.8800,3051.00,0,74256384,1,95.93,0.00,1278500864,0,13090816
3.9456,1233653760,79.1000,3049.47,0,74256384,1,98.55,0.00,1278242816,0,13090816
4.0543,1233653760,82.5700,3192.64,0,74256384,1,96.32,0.00,1278242816,0,13090816
4.1598,1233653760,85.7900,3053.10,0,74256384,1,95.71,0.00,1278242816,0,13090816
4.2656,1233653760,89.0400,3072.83,0,74256384,1,99.28,0.00,1278242816,0,13090816
4.3710,1233653760,92.4900,3272.05,0,74256384,1,99.58,0.00,1278242816,0,25433600
4.4768,1233653760,95.8200,3148.51,0,74256384,1,101.94,0.00,1278238720,0,25433600
4.5825,1233653760,99.2700,3261.53,0,74256384,1,99.26,0.00,1278238720,0,25433600
4.6903,1233653760,102.6600,3146.72,0,74256384,1,97.75,0.00,1278238720,0,25433600
4.8018,1233653760,106.1300,3109.91,0,74256384,1,98.03,0.00,1278242816,0,25433600
4.9076,1233653760,109.2500,2948.87,0,74256384,1,90.68,0.00,1278242816,0,25433600
5.0140,1233653760,112.5000,3056.40,0,74256384,1,99.63,0.00,1278242816,0,25433600
5.1229,1233653760,115.8500,3075.66,0,74256384,1,92.96,0.00,1278238720,0,25720320
5.2285,1233653760,119.0700,3049.25,0,74256384,1,98.54,0.00,1278238720,0,25720320
5.3346,1233653760,122.4100,3148.76,0,74256384,1,98.10,0.00,1278234624,0,25720320
5.4431,1233653760,125.7600,3087.20,0,74256384,1,93.88,0.00,1278234624,0,25720320
5.5487,1233653760,129.0300,3096.45,0,74256384,1,99.72,0.00,1278234624,0,25720320
5.6582,1233653760,132.6100,3269.94,0,74256384,1,98.47,0.00,1278234624,0,25720320
5.7637,1233653760,135.9400,3155.68,0,74256384,1,99.50,0.00,1278234624,0,25781760
5.8699,1233653760,139.3900,3248.40,0,74256384,1,100.92,0.00,1278193664,0,25781760
5.9783,1233653760,142.8500,3191.75,0,74256384,1,99.45,0.00,1278193664,0,25781760
6.0841,1233653760,146.1800,3146.90,0,74256384,1,99.23,0.00,1278193664,0,25781760
6.1898,1233653760,149.6300,3264.14,0,74256384,1,104.67,0.00,1278193664,0,25781760
6.2993,1233653760,153.0900,3158.95,0,74256384,1,94.72,0.00,1278193664,0,25781760
6.4053,1233653760,156.4200,3143.32,0,74256384,1,101.77,0.00,1278193664,0,25781760
6.5115,1233653760,159.8700,3248.26,0,74256384,1,98.57,0.00,1278189568,0,25781760
6.6176,1233653760,163.2000,3139.95,0,74256384,1,101.36,0.00,1278189568,0,25781760
6.7236,1233653760,166.6500,3253.16,0,74256384,1,99.30,0.00,1278189568,0,25781760
6.8343,1233653760,170.2300,3233.13,0,74256384,1,100.19,0.00,1277931520,0,25781760
6.9402,1233653760,173.5600,3144.42,0,74256384,1,102.98,0.00,1277931520,0,25781760
7.0461,1233653760,177.0200,3267.42,0,74256384,1,96.79,0.00,1277931520,0,25781760
7.1521,1233653760,180.3400,3133.55,0,74256384,1,102.05,0.00,1277923328,0,119584256
7.2623,1233653760,183.8000,3138.51,0,74256384,1,96.38,0.00,1277923328,0,203884032
7.3674,1233653760,187.0200,3063.58,0,74256384,1,94.84,0.00,1277923328,0,203884032
7.4726,1233653760,190.2500,3070.19,0,74256384,1,99.51,0.00,1277923328,0,203884032
7.5780,1233653760,193.5800,3159.27,0,74256384,1,94.87,0.00,1278185472,0,203884032
7.6862,1234046976,196.8200,2996.17,0,74256384,1,93.92,0.00,1278181376,0,203920896
7.7918,1234046976,199.9400,2953.94,0,74256384,1,91.72,0.00,1278439424,0,203920896
7.8971,1234046976,203.0500,2954.70,0,74256384,1,96.49,0.00,1278697472,0,203920896
8.0062,1234440192,206.4000,3069.94,0,74256384,1,93.36,0.00,1278431232,0,204097024
8.1121,1234440192,209.5300,2954.18,0,74256384,1,91.14,0.00,1279217664,0,204097024
8.2174,1234833408,212.6500,2964.50,0,74256384,1,96.50,0.00,1279479808,0,204097024
8.3228,1234833408,215.8800,3063.01,0,74256384,1,96.61,0.00,1280266240,0,204097024
8.4305,1235226624,219.1200,3009.51,0,74256384,1,89.69,0.00,1280569344,0,204097024
8.5358,1235226624,222.3400,3056.12,0,74256384,1,96.39,0.00,1280565248,0,204097024
8.6414,1235619840,225.5700,3060.05,0,74256384,1,103.03,0.00,1280872448,0,204166656
8.7510,1235619840,229.0400,3165.20,0,74256384,1,90.93,0.00,1281695744,0,204166656
8.8562,1236013056,232.2600,3062.54,0,74256384,1,96.30,0.00,1282056192,0,204166656
8.9618,1236013056,235.6100,3171.82,0,74256384,1,98.82,0.00,1281966080,0,204166656
9.0676,1236013056,238.8300,3042.05,0,74256384,1,98.61,0.00,1282510848,0,204166656
9.1743,1236799488,242.1800,3140.28,0,74256384,1,94.33,0.00,1282875392,0,204166656
9.2823,1237585920,245.5300,3101.24,0,74256384,1,97.20,0.00,1282871296,0,204166656
9.3876,1237585920,248.7600,3067.38,0,74256384,1,96.15,0.00,1282871296,0,204166656
9.4929,1159507968,251.9600,3041.19,0,74256384,1,103.65,0.00,1204789248,0,469487616
9.6029,1159901184,255.4100,3135.94,0,74256384,1,91.18,0.00,1206161408,0,469694976
9.7084,1159901184,258.6300,3052.09,0,74256384,1,95.97,0.00,1206738944,0,469694976
9.8131,1160294400,261.8600,3084.79,0,74256384,1,99.38,0.00,1207029760,0,469694976
9.9223,1161080832,265.3200,3167.81,0,74256384,1,96.13,0.00,1207349248,0,469694976
10.0283,1161080832,268.5400,3036.95,0,74256384,1,99.33,0.00,1207480320,0,469879296
10.1336,1160089600,271.9500,3239.01,0,74256384,1,97.06,0.00,1205440512,0,469879296
10.2393,1160876032,275.0700,2951.83,0,74256384,1,91.65,0.00,1205960704,0,469879296
10.3447,1161269248,278.1900,2959.93,0,74256384,1,96.65,0.00,1207005184,0,469879296
10.4497,1162448896,281.4700,3123.60,0,74256384,1,97.61,0.00,1207005184,0,469912064
10.5582,1171771392,284.7600,3033.59,0,74256384,1,91.92,0.00,1218609152,0,469912064
10.6639,1174708224,287.7900,2866.87,0,74256384,1,89.00,0.00,1218732032,0,469912064
10.7703,1181630464,290.9300,2950.00,0,74256384,1,92.77,0.00,1225428992,0,469912064
10.8782,1186304000,294.0300,2873.96,0,74256384,1,89.23,0.00,1230745600,0,469912064
10.9829,1203662848,296.8600,2702.94,0,74256384,1,85.06,0.00,1246810112,0,469912064
11.0883,1208188928,299.4300,2438.48,0,74256384,1,75.61,0.00,1253568512,0,469912064
11.1935,1206001664,301.9400,2386.26,0,74256384,1,78.43,0.00,1251462144,0,470059520
11.2989,1206394880,304.5300,2456.74,0,74256384,1,74.40,0.00,1251724288,0,470059520
11.4041,1193771008,307.0200,2366.01,0,74256384,1,73.34,0.00,1239014400,0,470059520
11.5091,1192325120,309.4300,2296.29,0,74256384,1,73.84,0.00,1237511168,0,470059520
11.6140,1189249024,311.9500,2401.36,0,74256384,1,72.96,0.00,1233574912,0,470059520
11.7190,1188954112,314.3500,2286.83,0,74256384,1,72.06,0.00,1232182272,0,470059520
11.8237,1188954112,316.7500,2291.88,0,74256384,1,71.32,0.00,1233116160,0,470059520
11.9286,1188954112,319.1400,2277.51,0,74256384,1,73.85,0.00,1233710080,0,470059520
12.0339,1190682624,321.5800,2317.07,0,74256384,1,69.14,0.00,1235700736,0,470059520
12.1393,1181007872,323.8300,2136.12,0,74256384,1,67.94,0.00,1225047040,0,470059520
12.2444,1185751040,325.9800,2045.27,0,74256384,1,66.89,0.00,1231035392,1024,492321280
12.3499,1186930688,328.1400,2045.91,0,74256384,1,65.71,0.00,1231293440,1024,667580928
12.4558,1186930688,330.2200,1965.61,0,74256384,1,61.13,0.00,1231424512,1024,667580928
12.5609,1187717120,332.3000,1977.67,0,74256384,1,64.18,0.00,1232169984,1024,667580928
12.6660,1186217984,334.4700,2065.89,0,74256384,1,63.07,0.00,1230281728,1024,667580928
12.7710,1178505216,336.5200,1951.89,0,74256384,1,60.70,0.00,1221663744,1024,667580928
12.8760,1184415744,338.4900,1875.63,0,74256384,1,58.02,0.00,1228614656,1024,667580928
12.9807,1184415744,340.3600,1787.01,0,74256384,1,58.23,0.00,1228717056,1024,667580928
13.0859,1184415744,342.3000,1843.22,0,74256384,1,56.12,0.00,1229044736,1024,667580928
13.1908,1188741120,344.1700,1783.21,0,74256384,1,55.43,0.00,1236560896,1024,667580928
13.2958,1186787328,345.9400,1685.38,0,74256384,1,52.67,0.00,1230228480,1024,667580928
13.4009,1193844736,347.5700,1551.93,0,74256384,1,49.99,0.00,1237597184,1024,667580928
13.5057,1209503744,349.1700,1526.06,0,74256384,1,46.50,0.00,1252920320,1024,667634176
13.6105,1227354112,350.4000,1173.42,0,74256384,1,34.88,0.00,1271028736,1024,667634176
13.7152,1227747328,351.3300,888.47,0,74256384,1,28.06,0.00,1270877184,1024,667712000
13.8200,1234350080,352.2900,915.70,0,74256384,1,29.51,0.00,1277791232,1024,667712000
13.9249,1243078656,353.0900,762.65,0,74256384,1,24.13,0.00,1289702400,1024,667712000
14.0302,1257086976,353.7100,588.82,0,74256384,1,17.81,0.00,1299966976,1024,667712000
14.1353,1252761600,354.2600,523.68,0,74256384,1,16.07,0.00,1296854016,1024,667712000
14.2404,1246146560,354.8200,532.81,0,74256384,1,17.24,0.00,1290296320,1024,667712000
14.3452,1246146560,355.3400,496.12,0,74256384,1,15.80,0.00,1289948160,1024,667712000
14.4500,1244635136,355.8900,524.82,0,74256384,1,15.80,0.00,1287953408,1024,667712000
14.5547,1254735872,356.4400,525.07,0,74256384,1,22.08,0.00,1300786176,1024,771294208
14.6611,1373667328,356.7100,253.85,0,74256384,1,17.92,0.00,1418812416,1024,914237440
14.7666,1487261696,356.8400,123.17,0,74256384,1,4.74,0.00,1528433664,1024,914237440
14.8715,1487261696,356.9900,142.99,0,74256384,1,4.47,0.00,1528425472,1024,914237440
14.9759,1487261696,357.1400,143.69,0,74256384,1,4.19,0.00,1528425472,1024,914237440
15.0806,1487261696,357.2900,143.32,0,74256384,1,4.48,0.00,1528425472,1024,914237440
15.1857,1483341824,357.4600,161.77,0,74256384,1,5.06,0.00,1525378048,1024,914282496
15.2903,1479598080,357.6400,171.97,0,74256384,1,5.67,0.00,1520901120,1024,914282496
15.3951,1501224960,357.8300,181.28,0,74256384,1,5.96,0.00,1546054656,1024,914282496
15.5062,1457774592,360.9700,2827.82,0,74256384,1,89.21,0.00,1500875776,1024,914282496
15.6112,1457774592,364.0900,2969.86,0,74256384,1,93.40,0.00,1500142592,1024,914294784
15.7263,1457774592,367.6600,3102.49,0,74256384,1,96.68,0.00,1499945984,1024,914294784
15.8307,1457774592,370.8800,3082.94,0,74256384,1,96.94,0.00,1499945984,1024,914294784
15.9350,1457774592,374.1100,3097.27,0,74256384,1,96.79,0.00,1499696128,1024,914294784
16.0400,1457774592,377.3300,3066.95,0,74256384,1,96.14,0.00,1499577344,1024,914294784
16.1450,1457774592,380.5500,3067.56,0,74256384,1,98.84,0.00,1499524096,1024,914294784
16.2495,1457774592,383.7800,3090.96,0,74256384,1,96.89,0.00,1499683840,1024,914294784
16.3541,1457774592,387.1200,3192.44,0,74256384,1,96.78,0.00,1499683840,1024,914294784
16.4590,1457774592,390.3500,3078.99,0,74256384,1,95.92,0.00,1499683840,1024,914294784
16.5663,1457774592,393.6900,3113.82,0,74256384,1,97.02,0.00,1499683840,1024,914294784
16.6710,1457774592,396.9200,3083.27,0,74256384,1,96.35,0.00,1499540480,1024,914294784
16.7758,1457774592,400.1400,3074.11,0,74256384,1,96.66,0.00,1499802624,1024,914294784
16.8805,1457774592,403.3700,3084.17,0,74256384,1,97.28,0.00,1499610112,1024,914343936
16.9902,1457774592,406.8300,3153.42,0,74256384,1,97.69,0.00,1499347968,1024,914343936
17.0948,1457774592,410.0600,3087.61,0,74256384,1,96.79,0.00,1499347968,1024,914343936
17.2001,1457774592,413.2800,3058.88,0,74256384,1,95.59,0.00,1499347968,1024,914343936
17.3051,1457774592,416.5100,3077.12,0,74256384,1,99.14,0.00,1499347968,1024,914343936
17.4098,1457774592,419.8500,3189.22,0,74256384,1,96.38,0.00,1499347968,1024,914343936
17.5145,1457774592,423.0700,3075.47,0,74256384,1,96.71,0.00,1499347968,1024,914343936
17.6192,1457774592,426.3000,3084.44,0,74256384,1,96.09,0.00,1499347968,1024,914343936
17.7248,1457774592,429.5200,3049.89,0,74256384,1,98.57,0.00,1499401216,1024,914343936
17.8294,1457774592,432.7500,3087.81,0,74256384,1,100.68,0.00,1499405312,1024,914343936
17.9385,1457774592,436.2100,3172.30,0,74256384,1,92.26,0.00,1499397120,1024,914343936
18.0440,1457774592,439.4400,3059.91,0,74256384,1,95.33,0.00,1499401216,1024,914343936
18.1485,1457774592,442.6700,3092.51,0,74256384,1,98.74,0.00,1499397120,1024,914409472
18.2623,1457774592,446.2600,3154.61,0,74256384,1,96.66,0.00,1499397120,1024,914409472
18.3672,1457774592,449.4800,3069.88,0,74256384,1,95.34,0.00,1499397120,1024,914499584
18.4720,1457774592,452.7000,3070.76,0,74256384,1,95.96,0.00,1499397120,1024,914499584
18.5767,1457774592,455.9300,3086.32,0,74256384,1,100.63,0.00,1499401216,1024,914499584
18.6814,1457774592,459.1500,3075.78,0,74256384,1,96.12,0.00,1499397120,1024,914499584
18.7864,1457774592,462.5000,3189.68,0,74256384,1,95.51,0.00,1499397120,1024,914499584
18.8915,1457774592,465.7200,3064.98,0,74256384,1,95.78,0.00,1499397120,1024,914499584
19.0062,1457774592,469.3100,3129.79,0,74256384,1,98.08,0.00,1499659264,1024,914499584
19.1107,1457774592,472.5400,3089.13,0,74256384,1,96.24,0.00,1499409408,1024,914573312
19.2159,1457774592,475.7600,3062.46,0,74256384,1,96.30,0.00,1499139072,1024,914573312
19.3209,1457774592,478.9900,3074.85,0,74256384,1,99.66,0.00,1499134976,1024,914573312
19.4256,1457774592,482.2100,3075.20,0,74256384,1,95.80,0.00,1499397120,1024,914573312
19.5342,1457774592,485.6800,3196.90,0,74256384,1,96.74,0.00,1499134976,1024,914573312
19.6422,1457774592,488.9700,3046.32,0,74256384,1,95.78,0.00,1499134976,1024,914573312
19.7544,1457774592,492.4400,3092.17,0,74256384,1,96.35,0.00,1499134976,1024,918327296
19.8590,1457774592,495.6600,3079.39,0,74256384,1,96.83,0.00,1499134976,1024,918327296
19.9640,1457774592,498.9400,3121.44,0,74256384,1,97.55,0.00,1499130880,1024,918327296
20.0686,1457774592,502.2700,3185.45,0,74256384,1,102.53,0.00,1499130880,1024,918327296
20.1738,1457774592,505.7300,3287.20,0,74256384,1,99.46,0.00,1499130880,1024,918327296
20.2789,1457774592,509.0500,3159.51,0,74256384,1,99.03,0.00,1499130880,1024,918327296
20.3834,1457774592,512.3800,3186.39,0,74256384,1,99.87,0.00,1499130880,1024,918327296
20.4880,1457774592,515.7100,3183.28,0,74256384,1,98.28,0.00,1499130880,1024,918327296
20.5927,1457774592,519.0400,3181.77,0,74256384,1,103.91,0.00,1499126784,1024,918327296
20.6974,1457774592,522.3600,3170.44,0,74256384,1,103.55,0.00,1499126784,1024,918327296
20.8060,1457774592,525.9400,3297.27,0,74256384,1,94.69,0.00,1499388928,1024,918327296
20.9103,1457774592,529.2700,3191.89,0,74256384,1,99.75,0.00,1499388928,1024,918327296
21.0148,1457774592,532.6000,3187.65,0,74256384,1,99.91,0.00,1499126784,1024,918327296
21.1198,1457774592,535.9300,3171.81,0,74256384,1,99.42,0.00,1499126784,1024,918327296
21.2248,1457774592,539.2600,3171.15,0,74256384,1,102.07,0.00,1499126784,1024,918474752
21.3297,1457774592,542.5800,3163.07,0,74256384,1,103.31,0.00,1499126784,1024,918474752
21.4381,1457774592,546.1600,3303.23,0,74256384,1,96.31,0.00,1499122688,1024,918474752
21.5428,1457774592,549.4900,3182.04,0,74256384,1,99.44,0.00,1499122688,1024,918474752
21.6473,1457774592,552.8200,3186.01,0,74256384,1,98.67,0.00,1499122688,1024,918474752
21.7518,1457774592,556.1500,3185.77,0,74256384,1,99.56,0.00,1499122688,1024,918474752
21.8563,1457774592,559.4700,3178.48,0,74256384,1,104.11,0.00,1499122688,1024,918568960
21.9618,1457774592,562.9300,3276.94,0,74256384,1,98.85,0.00,1499122688,1024,918568960
22.0703,1457774592,566.3800,3181.34,0,74256384,1,98.84,0.00,1499118592,1024,918568960
22.1749,1457774592,569.7100,3183.99,0,74256384,1,99.80,0.00,1499118592,1024,918568960
22.2794,1457774592,573.0400,3184.99,0,74256384,1,99.53,0.00,1499118592,1024,918618112
22.3840,1457774592,576.3600,3175.21,0,74256384,1,99.82,0.00,1499118592,1024,918650880
22.4885,1457774592,579.6900,3186.28,0,74256384,1,98.38,0.00,1499118592,1024,918650880
22.5935,1457774592,583.0200,3172.32,0,74256384,1,103.60,0.00,1499118592,1024,918650880
22.6984,1457774592,586.4700,3287.86,0,74256384,1,99.17,0.00,1499118592,1024,918650880
22.8063,1457774592,589.9300,3207.05,0,74256384,1,99.35,0.00,1499118592,1024,918650880
22.9110,1457774592,593.2500,3169.74,0,74256384,1,99.65,0.00,1499114496,1024,918650880
23.0159,1457774592,596.5800,3175.00,0,74256384,1,99.52,0.00,1499114496,1024,918650880
23.1205,1457774592,599.9100,3184.01,0,74256384,1,99.50,0.00,1499114496,1024,918650880
23.2250,1457774592,603.2400,3186.81,0,74256384,1,102.58,0.00,1499114496,1024,918650880
23.3324,1457774592,606.6900,3211.31,0,74256384,1,97.15,0.00,1499114496,1024,918687744
23.4370,1457774592,610.0200,3185.25,0,74256384,1,103.72,0.00,1499114496,1024,918757376
23.5417,1457774592,613.3500,3180.87,0,74256384,1,99.70,0.00,1499110400,1024,918757376
23.6470,1457774592,616.8000,3274.24,0,74256384,1,97.57,0.00,1499110400,1024,918757376
23.7525,1457774592,620.1300,3158.01,0,74256384,1,98.98,0.00,1499110400,1024,918757376
23.8622,1457774592,623.7100,3261.30,0,74256384,1,102.77,0.00,1499110400,1024,918757376
23.9672,1457774592,627.0400,3173.36,0,74256384,1,97.98,0.00,1499110400,1024,918757376
24.0719,1457774592,630.3700,3180.83,0,74256384,1,99.70,0.00,1499110400,1024,918757376
24.1766,1457774592,633.6900,3169.89,0,74256384,1,103.24,0.00,1499110400,1024,918757376
24.2812,1457774592,637.0200,3184.92,0,74256384,1,100.13,0.00,1499106304,1024,918757376
24.3858,1457774592,640.4700,3295.37,0,74256384,1,98.20,0.00,1499106304,1024,918757376
24.4906,1457774592,643.8000,3179.59,0,74256384,1,103.84,0.00,1499364352,1024,918757376
24.5987,1457774592,647.2600,3201.49,0,74256384,1,96.29,0.00,1499364352,1024,918757376
24.7039,1457774592,650.5800,3153.54,0,74256384,1,99.14,0.00,1499364352,1024,918757376
24.8087,1457774592,653.9100,3178.34,0,74256384,1,102.31,0.00,1499626496,1024,921909760
24.9183,1457774592,657.3900,3175.37,0,74256384,1,96.09,0.00,1499167744,1024,921938432
25.0228,1457774592,660.6200,3091.13,0,74256384,1,96.60,0.00,1499167744,1024,921938432
25.1276,1457774592,663.8400,3073.38,0,74256384,1,95.15,0.00,1499167744,1024,921938432
25.2327,1457774592,667.0600,3063.93,0,74256384,1,100.21,0.00,1499167744,1024,921938432
25.3374,1457774592,670.2900,3083.61,0,74256384,1,96.36,0.00,1499167744,1024,921938432
25.4421,1457774592,673.6300,3190.00,0,74256384,1,99.09,0.00,1499163648,1024,921938432
25.5501,1457774592,676.9800,3102.60,0,74256384,1,93.19,0.00,1499425792,1024,921938432
25.6553,1457774592,680.2000,3059.47,0,74256384,1,96.50,0.00,1499687936,1024,921938432
25.7600,1457774592,683.4300,3087.12,0,74256384,1,96.47,0.00,1499687936,1024,921938432
25.8648,1457774592,686.6500,3069.86,0,74256384,1,98.61,0.00,1499687936,1024,921938432
25.9743,1457774592,690.1200,3170.22,0,74256384,1,96.21,0.00,1499700224,1024,921938432
26.0790,1457774592,693.3500,3086.29,0,74256384,1,96.45,0.00,1499700224,1024,921938432
26.1837,1457774592,696.5700,3073.84,0,74256384,1,96.36,0.00,1499696128,1024,921967104
26.2884,1457774592,699.7900,3074.53,0,74256384,1,95.18,0.00,1499696128,1024,921967104
26.3931,1457774592,703.0200,3086.28,0,74256384,1,100.63,0.00,1499958272,1024,921967104
26.4984,1457774592,706.3600,3172.79,0,74256384,1,96.48,0.00,1499958272,1024,921967104
26.6031,1457774592,709.5800,3075.45,0,74256384,1,96.41,0.00,1499958272,1024,921967104
26.7103,1457774592,712.9300,3124.34,0,74256384,1,96.47,0.00,1499700224,1024,921967104
26.8153,1457774592,716.1500,3066.67,0,74256384,1,96.13,0.00,1499700224,1024,921967104
26.9200,1457774592,719.3800,3083.84,0,74256384,1,96.97,0.00,1499696128,1024,921975296
27.0248,1457774592,722.6000,3072.54,0,74256384,1,98.40,0.00,1499708416,1024,921975296
27.1300,1457774592,725.9400,3175.46,0,74256384,1,100.42,0.00,1499708416,1024,921975296
27.2381,1457774592,729.2900,3099.69,0,74256384,1,93.68,0.00,1499708416,1024,921975296
27.3425,1457774592,732.5200,3092.21,0,74256384,1,96.63,0.00,1499708416,1024,921975296
27.4471,1457774592,735.7400,3079.94,0,74256384,1,95.05,0.00,1499708416,1024,921975296
27.5514,1457774592,738.9600,3086.94,0,74256384,1,96.77,0.00,1499704320,1024,921975296
27.6559,1457774592,742.1900,3091.28,0,74256384,1,101.09,0.00,1499704320,1024,921975296
27.7618,1457774592,745.5300,3155.05,0,74256384,1,95.64,0.00,1499966464,1024,921975296
27.8662,1457774592,748.7600,3093.20,0,74256384,1,94.87,0.00,1499966464,1024,921995776
27.9709,1457774592,751.9800,3074.60,0,74256384,1,96.38,0.00,1499704320,1024,921995776
28.0753,1457774592,755.2900,3169.49,0,74256384,1,99.35,0.00,1499704320,1024,921995776
28.1822,1457774592,758.7500,3238.62,0,74256384,1,101.79,0.00,1499704320,1024,921995776
28.2866,1457774592,762.0700,3180.30,0,74256384,1,98.19,0.00,1499704320,1024,921995776
28.3911,1457774592,765.4000,3185.09,0,74256384,1,99.83,0.00,1499450368,1024,922089984
28.4960,1457774592,768.7300,3174.40,0,74256384,1,99.50,0.00,1499450368,1024,922089984
28.6013,1457774592,772.0600,3163.26,0,74256384,1,103.30,0.00,1499450368,1024,922089984
28.7060,1457774592,775.4300,3219.26,0,74256384,1,99.11,0.00,1499450368,1024,922089984
28.8140,1457774592,778.7700,3090.79,0,74256384,1,93.70,0.00,1499712512,1024,922089984
28.9187,1457774592,782.0000,3087.09,0,74256384,1,97.07,0.00,1499458560,1024,922089984
29.0234,1457774592,785.2200,3074.48,0,74256384,1,96.38,0.00,1499454464,1024,922319360
29.1280,1457774592,788.4400,3076.95,0,74256384,1,94.66,0.00,1499454464,1024,922319360
29.2367,1457774592,791.7900,3081.99,0,74256384,1,101.49,0.00,1499454464,1024,922393088
29.3415,1457774592,795.0100,3073.52,0,74256384,1,96.05,0.00,1499454464,1024,922393088
29.4463,1457774592,798.3600,3198.14,0,74256384,1,94.87,0.00,1499454464,1024,922393088
29.5508,1457774592,801.5800,3078.99,0,74256384,1,96.52,0.00,1499454464,1024,922393088
29.6554,1457774592,804.8100,3088.98,0,74256384,1,96.53,0.00,1499454464,1024,922393088
29.7606,1457774592,808.0300,3061.85,0,74256384,1,100.44,0.00,1499450368,1024,922393088
29.8664,1457774592,811.3700,3157.02,0,74256384,1,93.93,0.00,1499450368,1024,922393088
29.9743,1457774592,814.7200,3103.80,0,74256384,1,97.28,0.00,1499450368,1024,925144064
30.0794,1457774592,817.9400,3064.38,0,74256384,1,96.65,0.00,1499450368,1024,925303808
30.1844,1457774592,821.1700,3075.85,0,74256384,1,96.12,0.00,1499450368,1024,925303808
30.2892,1457774592,824.3900,3073.43,0,74256384,1,98.43,0.00,1499450368,1024,925303808
30.3940,1457774592,827.7300,3186.99,0,74256384,1,101.08,0.00,1499450368,1024,925303808
30.5022,1457774592,831.0800,3093.43,0,74256384,1,93.50,0.00,1499446272,1024,925303808
30.6069,1457774592,834.3100,3086.80,0,74256384,1,94.67,0.00,1499446272,1024,925303808
30.7116,1457774592,837.5300,3074.17,0,74256384,1,96.07,0.00,1499446272,1024,925320192
30.8169,1457774592,840.7600,3068.71,0,74256384,1,100.05,0.00,1499446272,1024,925320192
30.9215,1457774592,843.9800,3077.59,0,74256384,1,97.37,0.00,1499446272,1024,925320192
31.0303,1457774592,847.4500,3190.13,0,74256384,1,94.23,0.00,1499446272,1024,925320192
31.1353,1457774592,850.6700,3067.46,0,74256384,1,97.05,0.00,1499446272,1024,925320192
31.2402,1457774592,853.9000,3077.47,0,74256384,1,95.87,0.00,1499442176,1024,925545472
31.3450,1457774592,857.1200,3074.24,0,74256384,1,99.35,0.00,1499442176,1024,925545472
31.4497,1457774592,860.3400,3074.23,0,74256384,1,96.07,0.00,1499704320,1024,925545472
31.5583,1457774592,863.8200,3204.57,0,74256384,1,97.27,0.00,1500752896,1024,925545472
31.6629,1457774592,867.0400,3077.16,0,74256384,1,97.06,0.00,1500498944,1024,925545472
31.7680,1457774592,870.2600,3064.63,0,74256384,1,94.58,0.00,1500498944,1024,925545472
31.8727,1457774592,873.4800,3074.45,0,74256384,1,100.85,0.00,1500494848,1024,925545472
31.9777,1457774592,876.7100,3076.72,0,74256384,1,95.55,0.00,1500244992,1024,925545472
32.0863,1457774592,880.1800,3196.92,0,74256384,1,95.87,0.00,1500244992,1024,925545472
32.1912,1457774592,883.4000,3069.27,0,74256384,1,95.91,0.00,1500244992,1024,925545472
32.2960,1457774592,886.6200,3070.35,0,74256384,1,97.14,0.00,1500244992,1024,925574144
32.4013,1457774592,889.8500,3070.20,0,74256384,1,99.81,0.00,1500244992,1024,925606912
32.5058,1457774592,893.1900,3193.95,0,74256384,1,95.03,0.00,1499991040,1024,925606912
32.6106,1457774592,896.4200,3083.19,0,74256384,1,95.45,0.00,1499991040,1024,925606912
32.7183,1457774592,899.7600,3100.69,0,74256384,1,98.35,0.00,1499986944,1024,925606912
32.8228,1457774592,902.9600,3062.61,0,74256384,1,96.90,0.00,1499728896,1024,976258048
32.9281,1457774592,906.0800,2963.49,0,74256384,1,90.53,0.00,1499728896,1024,976258048
33.0342,1457774592,909.3200,3053.71,0,74256384,1,96.90,0.00,1499991040,1024,976258048
33.1451,1457774592,912.5600,2920.67,0,74256384,1,93.24,0.00,1499991040,1024,976258048
33.2502,1457774592,915.7900,3074.81,0,74256384,1,93.11,0.00,1499991040,1024,976258048
33.3582,1457774592,919.0300,2999.49,0,74256384,1,94.31,0.00,1500249088,1024,976258048
33.4635,1457774592,922.1500,2963.09,0,74256384,1,94.08,0.00,1499991040,1024,976258048
33.5681,1457774592,925.2700,2980.82,0,74256384,1,91.06,0.00,1499991040,1024,976258048
33.6729,1457774592,928.3900,2977.70,0,74256384,1,97.83,0.00,1499991040,1024,976258048
33.7779,1457774592,931.6300,3086.38,0,74256384,1,92.28,0.00,1500515328,1024,976258048
33.8827,1457774592,934.7500,2977.27,0,74256384,1,96.02,0.00,1500515328,1024,976258048
33.9900,1457774592,937.9900,3019.39,0,74256384,1,91.15,0.00,1500253184,1024,976258048
34.0945,1457774592,941.1100,2985.63,0,74256384,1,94.50,0.00,1499732992,1024,976258048
34.1990,1457774592,944.1500,2908.87,0,74256384,1,90.90,0.00,1499732992,1024,976258048
34.3043,1457774592,947.1700,2868.27,0,74256384,1,90.52,0.00,1499732992,1024,976258048
34.4094,1457774592,950.1900,2873.32,0,74256384,1,95.74,0.00,1499732992,1024,976258048
34.5177,1457774592,953.3200,2890.01,0,74256384,1,86.85,0.00,1499732992,1024,976258048
34.6224,1457774592,956.3500,2894.92,0,74256384,1,88.08,0.00,1499732992,1024,976258048
34.7280,1457774592,959.3400,2829.47,0,74256384,1,86.94,0.00,1499732992,1024,976258048
34.8328,1457774592,962.3700,2893.03,0,74256384,1,94.88,0.00,1499732992,1024,976258048
34.9376,1457774592,965.4500,2937.52,0,74256384,1,96.27,0.00,1499728896,1024,976258048
35.0464,1457774592,968.8000,3081.12,0,74256384,1,87.95,0.00,1499728896,1024,1001624064
35.1519,1457774592,971.9200,2956.26,0,74256384,1,92.68,0.00,1499728896,1024,1001624064
35.2622,1457774592,975.2800,3046.74,0,74256384,1,96.63,0.00,1499728896,1024,1001624064
35.3668,1457774592,978.4000,2983.15,0,74256384,1,91.43,0.00,1499728896,1024,1001624064
35.4714,1457774592,981.5200,2981.66,0,74256384,1,93.48,0.00,1499728896,1024,1001624064
35.5761,1457774592,984.6400,2979.27,0,74256384,1,93.70,0.00,1499724800,1024,1001624064
35.6891,1457774592,988.0200,2991.62,0,74256384,1,96.53,0.00,1499986944,1024,1001624064
35.7937,1457774592,991.2200,3058.93,0,74256384,1,95.89,0.00,1499986944,1024,1001931264
35.8987,1457774592,994.4600,3085.34,0,74256384,1,92.55,0.00,1499986944,1024,1001931264
36.0041,1457774592,997.5800,2962.10,0,74256384,1,93.75,0.00,1499986944,1024,1001931264
36.1088,1457774592,1000.7600,3037.27,0,74256384,1,97.00,0.00,1499728896,1024,1001931264
36.2224,1457774592,1004.3500,3158.86,0,74256384,1,97.06,0.00,1499724800,1024,1001931264
36.3274,1457774592,1007.5800,3075.67,0,74256384,1,94.03,0.00,1499724800,1024,1001931264
36.4322,1457774592,1010.8000,3072.05,0,74256384,1,96.30,0.00,1499724800,1024,1002054144
36.5369,1457774592,1014.0200,3076.23,0,74256384,1,100.01,0.00,1499724800,1024,1002054144
36.6417,1457774592,1017.2500,3081.25,0,74256384,1,97.78,0.00,1499724800,1024,1002054144
36.7464,1457774592,1020.5900,3191.66,0,74256384,1,94.36,0.00,1500249088,1024,1002054144
36.8511,1457774592,1023.7500,3016.88,0,74256384,1,93.98,0.00,1500249088,1024,1002054144
36.9562,1457774592,1026.8700,2968.43,0,74256384,1,93.66,0.00,1500244992,1024,1002054144
37.0610,1457774592,1029.9900,2977.64,0,74256384,1,97.82,0.00,1499982848,1024,1002054144
37.1703,1457774592,1033.3400,3065.68,0,74256384,1,90.65,0.00,1499982848,1024,1002054144
37.2751,1457774592,1036.4600,2977.00,0,74256384,1,93.93,0.00,1499982848,1024,1002054144
37.3798,1457774592,1039.5000,2903.71,0,74256384,1,89.85,0.00,1499982848,1024,1002054144
37.4847,1457774592,1042.5200,2880.07,0,74256384,1,93.28,0.00,1499982848,1024,1002054144
37.5902,1457774592,1045.6400,2956.70,0,74256384,1,89.14,0.00,1499982848,1024,1002054144
37.6945,1457774592,1048.6600,2894.11,0,74256384,1,91.94,0.00,1499982848,1024,1002054144
37.8010,1457774592,1051.7700,2920.49,0,74256384,1,95.08,0.00,1499978752,1024,1002054144
37.9061,1457774592,1055.0100,3084.05,0,74256384,1,91.62,0.00,1499978752,1024,1002054144
38.0110,1457774592,1058.1300,2972.84,0,74256384,1,92.31,0.00,1499978752,1024,1002054144
38.1206,1457774592,1061.3700,2955.68,0,74256384,1,97.50,0.00,1499978752,1024,1002099200
38.2252,1457774592,1064.4900,2982.53,0,74256384,1,92.01,0.00,1499978752,1024,1002099200
38.3306,1457774592,1067.7300,3076.15,0,74256384,1,91.98,0.00,1499978752,1024,1002156544
38.4352,1457774592,1070.8500,2980.84,0,74256384,1,94.94,0.00,1499978752,1024,1002213888
38.5400,1457774592,1073.9700,2979.27,0,74256384,1,91.91,0.00,1499974656,1024,1002213888
38.6450,1457774592,1077.0900,2971.46,0,74256384,1,96.43,0.00,1499974656,1024,1002242560
38.7503,1457774592,1080.3200,3067.58,0,74256384,1,92.30,0.00,1499974656,1024,1002242560
38.8555,1457774592,1083.4400,2963.40,0,74256384,1,93.79,0.00,1499974656,1024,1002242560
38.9602,1457774592,1086.5600,2980.67,0,74256384,1,92.55,0.00,1499974656,1024,1002242560
39.0655,1457774592,1089.6800,2963.61,0,74256384,1,95.88,0.00,1499974656,1024,1002242560
39.1726,1457774592,1092.9200,3024.49,0,74256384,1,95.39,0.00,1499970560,1024,1002242560
39.2776,1457774592,1096.0400,2970.86,0,74256384,1,92.24,0.00,1499970560,1024,1002242560
39.3825,1457774592,1099.2800,3088.47,0,74256384,1,93.83,0.00,1499970560,1024,1002271232
39.4885,1457774592,1102.4000,2945.14,0,74256384,1,93.51,0.00,1499970560,1024,1002271232
39.5938,1457774592,1105.6300,3067.10,0,74256384,1,94.66,0.00,1499970560,1024,1002271232
39.6985,1457774592,1108.7500,2978.58,0,74256384,1,91.89,0.00,1499970560,1024,1002271232
39.8062,1457774592,1111.9900,3010.44,0,74256384,1,93.79,0.00,1499970560,1024,1002271232
39.9112,1457774592,1115.1100,2971.67,0,74256384,1,93.16,0.00,1499966464,1024,1002271232
40.0161,1457774592,1118.2300,2972.34,0,74256384,1,94.08,0.00,1499966464,1024,1002271232
40.1212,1457774592,1121.3500,2968.51,0,74256384,1,96.63,0.00,1499970560,1024,1002271232
40.2261,1457774592,1124.5900,3089.52,0,74256384,1,91.18,0.00,1499970560,1024,1005716480
40.3327,1457774592,1127.7100,2927.73,0,74256384,1,96.48,0.00,1499970560,1024,1005716480
40.4374,1457774592,1130.8300,2978.20,0,74256384,1,91.58,0.00,1499970560,1024,1005716480
40.5451,1457774592,1134.0700,3010.58,0,74256384,1,94.08,0.00,1499966464,1024,1005716480
40.6497,1457774592,1137.1900,2981.79,0,74256384,1,93.18,0.00,1500228608,1024,1005716480
40.7552,1457774592,1140.4300,3071.83,0,74256384,1,93.92,0.00,1500490752,1024,1005716480
40.8602,1457774592,1143.5500,2970.40,0,74256384,1,96.69,0.00,1500490752,1024,1005716480
40.9662,1457774592,1146.7800,3047.77,0,74256384,1,90.23,0.00,1499970560,1024,1005716480
41.0711,1457774592,1149.9000,2972.72,0,74256384,1,92.90,0.00,1499978752,1024,1005716480
41.1758,1457774592,1153.0200,2979.49,0,74256384,1,94.60,0.00,1499978752,1024,1005716480
41.2822,1457774592,1156.2600,3045.40,0,74256384,1,95.46,0.00,1499978752,1024,1005863936
41.3870,1457774592,1159.3800,2977.19,0,74256384,1,91.25,0.00,1499974656,1024,1005863936
41.4923,1457774592,1162.5000,2964.30,0,74256384,1,97.68,0.00,1499974656,1024,1005863936
41.5979,1457774592,1165.7400,3067.60,0,74256384,1,90.83,0.00,1499974656,1024,1005863936
41.7033,1457774592,1168.8400,2941.45,0,74256384,1,94.00,0.00,1499974656,1024,1005863936
41.8103,1457774592,1172.0800,3029.26,0,74256384,1,92.62,0.00,1499974656,1024,1005863936
41.9152,1457774592,1175.2000,2974.22,0,74256384,1,94.43,0.00,1499974656,1024,1005863936
42.0202,1457774592,1178.3200,2970.52,0,74256384,1,91.34,0.00,1499970560,1024,1005863936
42.1251,1457774592,1181.4400,2974.19,0,74256384,1,100.09,0.00,1499970560,1024,1005863936
42.2341,1457774592,1184.8000,3082.13,0,74256384,1,90.87,0.00,1499970560,1024,1005863936
42.3387,1457774592,1187.9200,2981.68,0,74256384,1,91.68,0.00,1499970560,1024,1005896704
42.4442,1457774592,1191.0400,2958.66,0,74256384,1,94.53,0.00,1499970560,1024,1005896704
42.5492,1457774592,1194.1600,2970.74,0,74256384,1,94.32,0.00,1499970560,1024,1005896704
42.6542,1457774592,1197.3900,3077.97,0,74256384,1,94.40,0.00,1499720704,1024,1005896704
42.7610,1457774592,1200.5200,2929.56,0,74256384,1,95.35,0.00,1499716608,1024,1005896704
42.8657,1457774592,1203.6300,2971.69,0,74256384,1,91.37,0.00,1499716608,1024,1005896704
42.9743,1457774592,1206.9900,3093.05,0,74256384,1,94.64,0.00,1499716608,1024,1005896704
43.0793,1457774592,1210.1100,2972.41,0,74256384,1,91.40,0.00,1499978752,1024,1005896704
43.1837,1457774592,1213.2300,2986.00,0,74256384,1,95.11,0.00,1499720704,1024,1005896704
43.2884,1457774592,1216.3500,2982.32,0,74256384,1,91.41,0.00,1499720704,1024,1005896704
43.3931,1457774592,1219.4700,2978.51,0,74256384,1,105.61,0.00,1499720704,1024,1005896704
43.5056,1457774592,1222.8300,2985.63,0,74256384,1,88.02,0.00,1499978752,1024,1005896704
43.6139,1457774592,1226.1800,3093.46,0,74256384,1,91.48,0.00,1499978752,1024,1005896704
43.7222,1457774592,1229.4200,2993.54,0,74256384,1,93.84,0.00,1499978752,1024,1005896704
43.8270,1457774592,1232.5400,2977.39,0,74256384,1,91.55,0.00,1500007424,1024,1006035968
43.9318,1457774592,1235.6600,2976.19,0,74256384,1,92.71,0.00,1500007424,1024,1006035968
44.0368,1457774592,1238.7800,2972.58,0,74256384,1,96.76,0.00,1500007424,1024,1006035968
44.1414,1457774592,1241.9000,2981.37,0,74256384,1,94.66,0.00,1500003328,1024,1006035968
44.2460,1457774592,1245.1400,3098.11,0,74256384,1,95.32,0.00,1500003328,1024,1006035968
44.3540,1457774592,1248.3700,2990.07,0,74256384,1,93.73,0.00,1500003328,1024,1006035968
44.4620,1457774592,1251.6100,2999.97,0,74256384,1,92.01,0.00,1500003328,1024,1006035968
44.5665,1457774592,1254.6700,2927.73,0,74256384,1,89.70,0.00,1500003328,1024,1006035968
44.6710,1457774592,1257.7600,2956.33,0,74256384,1,92.39,0.00,1500003328,1024,1006035968
44.7763,1457774592,1260.8800,2964.79,0,74256384,1,94.43,0.00,1500003328,1024,1006035968
44.8810,1457774592,1264.0000,2978.18,0,74256384,1,96.95,0.00,1500003328,1024,1006035968
44.9859,1457774592,1267.2400,3089.46,0,74256384,1,91.18,0.00,1499999232,1024,1006035968
45.0909,1457774592,1270.3600,2971.32,0,74256384,1,92.56,0.00,1499999232,1024,1006035968
45.1957,1457774592,1273.4800,2978.55,0,74256384,1,94.87,0.00,1499999232,1024,1006035968
45.3003,1457774592,1276.6000,2980.89,0,74256384,1,91.96,0.00,1500261376,1024,1008003072
45.4052,1457774592,1279.7200,2975.55,0,74256384,1,96.56,0.00,1500261376,1024,1008003072
45.5101,1457774592,1282.9600,3089.03,0,74256384,1,92.96,0.00,1500261376,1024,1008003072
45.6148,1457774592,1286.0800,2979.03,0,74256384,1,94.88,0.00,1500257280,1024,1008003072
45.7200,1457774592,1289.2000,2966.12,0,74256384,1,91.21,0.00,1500257280,1024,1008003072
45.8248,1457774592,1292.3200,2977.67,0,74256384,1,96.63,0.00,1500257280,1024,1008003072
45.9297,1457774592,1295.5600,3088.30,0,74256384,1,92.93,0.00,1500257280,1024,1008003072
46.0349,1457774592,1298.6800,2966.13,0,74256384,1,94.47,0.00,1500257280,1024,1008003072
46.1397,1457774592,1301.8000,2977.61,0,74256384,1,91.56,0.00,1500257280,1024,1008003072
46.2444,1457774592,1304.9200,2980.14,0,74256384,1,96.71,0.00,1500519424,1024,1008003072
46.3492,1457774592,1308.0400,2976.46,0,74256384,1,92.72,0.00,1500519424,1024,1008003072
46.4541,1457774592,1311.2800,3089.07,0,74256384,1,95.04,0.00,1500515328,1024,1008044032
46.5587,1457774592,1314.4000,2981.85,0,74256384,1,91.69,0.00,1500515328,1024,1008044032
46.6634,1457774592,1317.5200,2979.95,0,74256384,1,94.91,0.00,1500404736,1024,1008044032
46.7683,1457774592,1320.6400,2973.46,0,74256384,1,91.13,0.00,1500404736,1024,1008044032
46.8731,1457774592,1323.7600,2978.11,0,74256384,1,98.14,0.00,1500404736,1024,1008044032
46.9780,1457774592,1327.0000,3086.86,0,74256384,1,91.40,0.00,1500404736,1024,1008044032
47.0832,1457774592,1330.1200,2965.85,0,74256384,1,94.17,0.00,1500404736,1024,1008093184
47.1879,1457774592,1333.2400,2979.97,0,74256384,1,91.63,0.00,1500400640,1024,1008093184
47.2927,1457774592,1336.3500,2967.86,0,74256384,1,97.52,0.00,1500015616,1024,1008093184
47.3975,1457774592,1339.3700,2882.84,0,74256384,1,88.60,0.00,1500015616,1024,1008150528
47.5022,1457774592,1342.5000,2989.93,0,74256384,1,91.64,0.00,1500015616,1024,1008150528
47.6073,1457774592,1345.5700,2919.03,0,74256384,1,90.03,0.00,1500015616,1024,1008175104
47.7119,1457774592,1348.6900,2985.31,0,74256384,1,92.99,0.00,1500015616,1024,1008175104
47.8168,1457774592,1351.8100,2972.69,0,74256384,1,97.07,0.00,1500277760,1024,1008175104
47.9220,1457774592,1355.0500,3079.92,0,74256384,1,93.87,0.00,1500277760,1024,1008175104
48.0270,1457774592,1358.1700,2972.50,0,74256384,1,91.70,0.00,1500015616,1024,1008175104
48.1318,1457774592,1361.2900,2976.36,0,74256384,1,92.71,0.00,1500011520,1024,1008175104
48.2364,1462493184,1364.4100,2982.23,0,74256384,1,94.39,0.00,1504992256,1024,1008175104
48.3413,1462493184,1367.5300,2974.87,0,74256384,1,96.54,0.00,1504992256,1024,1008244736
48.4461,1462493184,1370.7700,3092.13,0,74256384,1,92.45,0.00,1504992256,1024,1008244736
48.5509,1462493184,1373.8900,2976.17,0,74256384,1,92.41,0.00,1504992256,1024,1008244736
48.6558,1462493184,1377.0100,2973.52,0,74256384,1,94.11,0.00,1504742400,1024,1008244736
48.7622,1462493184,1380.2800,3075.21,0,74256384,1,96.10,0.00,1504742400,1024,1008396288
48.8666,1462493184,1383.5100,3091.73,0,74256384,1,95.72,0.00,1504738304,1024,1008396288
48.9715,1462493184,1386.7300,3071.97,0,74256384,1,95.70,0.00,1504738304,1024,1008396288
49.0810,1462493184,1390.0500,3030.23,0,74256384,1,99.54,0.00,1504738304,1024,1008396288
49.1858,1462493184,1393.4000,3198.77,0,74256384,1,95.19,0.00,1504738304,1024,1008396288
49.2906,1462493184,1396.6200,3070.57,0,74256384,1,95.66,0.00,1504738304,1024,1008396288
49.3957,1462493184,1399.8400,3065.58,0,74256384,1,97.29,0.00,1504738304,1024,1008396288
49.5004,1462493184,1403.0700,3083.88,0,74256384,1,95.48,0.00,1504738304,1024,1008396288
49.6053,1462493184,1406.2900,3069.83,0,74256384,1,102.78,0.00,1504734208,1024,1008396288
49.7145,1462493184,1409.7600,3178.06,0,74256384,1,93.59,0.00,1504734208,1024,1008396288
49.8192,1462493184,1412.9800,3075.94,0,74256384,1,95.53,0.00,1504734208,1024,1008396288
49.9241,1462493184,1416.2100,3079.37,0,74256384,1,96.83,0.00,1504734208,1024,1008396288
50.0294,1462493184,1419.4300,3056.68,0,74256384,1,97.89,0.00,1504734208,1024,1008396288
50.1340,1462493184,1422.7800,3201.02,0,74256384,1,97.64,0.00,1504734208,1024,1008396288
50.2423,1462493184,1426.1200,3086.43,0,74256384,1,96.74,0.00,1504734208,1024,1008494592
50.3478,1462493184,1429.3500,3060.37,0,74256384,1,94.75,0.00,1504730112,1024,1008494592
50.4526,1462493184,1432.5700,3072.57,0,74256384,1,100.49,0.00,1504730112,1024,1011337216
50.5575,1462493184,1435.8000,3080.71,0,74256384,1,95.38,0.00,1504730112,1024,1011337216
50.6627,1462493184,1439.1400,3174.76,0,74256384,1,96.54,0.00,1504730112,1024,1011337216
50.7702,1462493184,1442.4500,3078.54,0,74256384,1,95.04,0.00,1505520640,1024,1011337216
50.8749,1462493184,1445.5700,2980.11,0,74256384,1,94.32,0.00,1505520640,1024,1011337216
50.9800,1462493184,1448.6900,2968.68,0,74256384,1,92.18,0.00,1505000448,1024,1011337216
51.0846,1462493184,1451.8100,2981.22,0,74256384,1,104.21,0.00,1505000448,1024,1011337216
51.1984,1466818560,1455.2800,3050.37,0,74256384,1,84.89,0.00,1509718016,1024,1011337216
51.3033,1466818560,1458.4000,2972.55,0,74256384,1,94.08,0.00,1509718016,1024,1011492864
51.4088,1466818560,1461.5200,2957.28,0,74256384,1,94.19,0.00,1509718016,1024,1011492864
51.5145,1466818560,1464.7200,3027.85,0,74256384,1,94.03,0.00,1509324800,1024,1011492864
51.6196,1466818560,1467.8400,2968.07,0,74256384,1,91.86,0.00,1509324800,1024,1011492864
51.7244,1466818560,1470.9600,2977.88,0,74256384,1,94.25,0.00,1509324800,1024,1011492864
51.8343,1466818560,1474.3200,3058.08,0,74256384,1,95.57,0.00,1509324800,1024,1011492864
51.9395,1466818560,1477.4700,2994.90,0,74256384,1,92.40,0.00,1509324800,1024,1011492864
52.0443,1466818560,1480.7000,3079.91,0,74256384,1,97.14,0.00,1509324800,1024,1011562496
52.1495,1466818560,1483.9200,3061.66,0,74256384,1,97.76,0.00,1509324800,1024,1011562496
52.2540,1466818560,1487.2600,3195.58,0,74256384,1,98.07,0.00,1509287936,1024,1011562496
52.3589,1466818560,1490.4800,3069.28,0,74256384,1,95.02,0.00,1509287936,1024,1011742720
52.4636,1466818560,1493.7100,3085.71,0,74256384,1,99.71,0.00,1509287936,1024,1011742720
52.5701,1466818560,1497.0500,3136.83,0,74256384,1,93.92,0.00,1509287936,1024,1011742720
52.6754,1466818560,1500.2800,3068.08,0,74256384,1,97.36,0.00,1509550080,1024,1011742720
52.7844,1466818560,1503.6300,3073.69,0,74256384,1,96.34,0.00,1509550080,1024,1011742720
52.8891,1466818560,1506.8600,3083.29,0,74256384,1,98.14,0.00,1509550080,1024,1011742720
52.9941,1466818560,1510.2000,3180.35,0,74256384,1,96.71,0.00,1509550080,1024,1011742720
53.0989,1466818560,1513.4200,3074.72,0,74256384,1,96.38,0.00,1509545984,1024,1011742720
53.2035,1466818560,1516.6400,3078.88,0,74256384,1,96.81,0.00,1509545984,1024,1011742720
53.3083,1466818560,1519.8700,3080.24,0,74256384,1,94.77,0.00,1509808128,1024,1011742720
53.4139,1466818560,1523.2100,3161.81,0,74256384,1,99.69,0.00,1509820416,1024,1011742720
53.5184,1466818560,1526.4300,3081.94,0,74256384,1,100.50,0.00,1509570560,1024,1011742720
53.6261,1466818560,1529.7800,3110.06,0,74256384,1,92.55,0.00,1509570560,1024,1011742720
53.7318,1466818560,1533.0000,3048.79,0,74256384,1,95.27,0.00,1509828608,1024,1011742720
53.8363,1466818560,1536.2200,3080.92,0,74256384,1,97.18,0.00,1510086656,1024,1011742720
53.9410,1466818560,1539.4500,3083.48,0,74256384,1,100.54,0.00,1509824512,1024,1011742720
54.0460,1466818560,1542.7900,3181.03,0,74256384,1,94.94,0.00,1509824512,1024,1011742720
54.1513,1466818560,1546.0200,3067.24,0,74256384,1,95.26,0.00,1509824512,1024,1011742720
54.2558,1466818560,1549.2400,3082.63,0,74256384,1,100.82,0.00,1509824512,1024,1011742720
54.3622,1466818560,1552.5900,3148.86,0,74256384,1,95.17,0.00,1509820416,1024,1011742720
54.4678,1466818560,1555.8100,3049.09,0,74256384,1,94.69,0.00,1509820416,1024,1011742720
54.5742,1466818560,1559.1600,3148.59,0,74256384,1,98.39,0.00,1510082560,1024,1011820544
54.6789,1466818560,1562.3800,3073.89,0,74256384,1,96.36,0.00,1510082560,1024,1011820544
54.7835,1466818560,1565.6600,3137.68,0,74256384,1,101.64,0.00,1510082560,1024,1011820544
54.8905,1466818560,1569.0900,3204.29,0,74256384,1,95.75,0.00,1510082560,1024,1011820544
54.9950,1466818560,1572.3100,3080.70,0,74256384,1,97.17,0.00,1510082560,1024,1011820544
55.1023,1466818560,1575.6600,3124.18,0,74256384,1,98.21,0.00,1510082560,1024,1011820544
55.2073,1466818560,1578.8800,3065.81,0,74256384,1,95.21,0.00,1510078464,1024,1011820544
55.3120,1466818560,1582.1000,3073.77,0,74256384,1,95.46,0.00,1510078464,1024,1011820544
55.4167,1466818560,1585.2700,3028.42,0,74256384,1,98.22,0.00,1510078464,1024,1011820544
55.5213,1466818560,1588.4100,3001.26,0,74256384,1,94.98,0.00,1509828608,1024,1015710720
55.6302,1466818560,1591.9600,3261.89,0,74256384,1,97.05,0.00,1509828608,1024,1015710720
55.7346,1466818560,1595.2800,3180.06,0,74256384,1,100.57,0.00,1509828608,1024,1015710720
55.8393,1466818560,1598.6100,3180.56,0,74256384,1,99.09,0.00,1509824512,1024,1015710720
55.9441,1466818560,1601.9400,3175.82,0,74256384,1,99.84,0.00,1509824512,1024,1015710720
56.0487,1466818560,1605.2700,3183.67,0,74256384,1,101.88,0.00,1509824512,1024,1015710720
56.1535,1466818560,1608.5900,3170.07,0,74256384,1,104.14,0.00,1509824512,1024,1015710720
56.2620,1466818560,1612.1700,3299.39,0,74256384,1,96.19,0.00,1509824512,1024,1015710720
56.3672,1466818560,1615.5000,3164.84,0,74256384,1,98.31,0.00,1509824512,1024,1015723008
56.4717,1466818560,1618.8300,3186.89,0,74256384,1,98.69,0.00,1509824512,1024,1015723008
56.5768,1466818560,1622.1000,3108.94,0,74256384,1,101.61,0.00,1510082560,1024,1015723008
56.6814,1466818560,1625.3200,3080.05,0,74256384,1,96.55,0.00,1510082560,1024,1015723008
56.7885,1466818560,1628.6700,3126.84,0,74256384,1,96.55,0.00,1510082560,1024,1015723008
56.8933,1466818560,1631.8900,3073.51,0,74256384,1,96.64,0.00,1510082560,1024,1015723008
56.9979,1466818560,1635.2300,3192.03,0,74256384,1,96.76,0.00,1510344704,1024,1015723008
57.1027,1466818560,1638.4500,3074.76,0,74256384,1,99.37,0.00,1510344704,1024,1015723008
57.2100,1466818560,1641.8000,3121.75,0,74256384,1,93.77,0.00,1510344704,1024,1015723008
57.3144,1466818560,1645.0200,3083.93,0,74256384,1,96.67,0.00,1510340608,1024,1015723008
57.4195,1466818560,1648.2500,3073.11,0,74256384,1,96.33,0.00,1510340608,1024,1015723008
57.5241,1466818560,1651.4800,3087.12,0,74256384,1,100.06,0.00,1510340608,1024,1015723008
57.6299,1466818560,1654.8200,3157.37,0,74256384,1,94.53,0.00,1510090752,1024,1015723008
57.7383,1466818560,1658.1700,3091.52,0,74256384,1,96.90,0.00,1510090752,1024,1015723008
57.8432,1466818560,1661.3900,3068.71,0,74256384,1,96.79,0.00,1510352896,1024,1015723008
57.9486,1466818560,1664.6200,3065.06,0,74256384,1,98.16,0.00,1510086656,1024,1015723008
58.0537,1466818560,1667.8400,3062.55,0,74256384,1,96.00,0.00,1510086656,1024,1015723008
58.1622,1466818560,1671.3100,3199.29,0,74256384,1,97.38,0.00,1510086656,1024,1015723008
58.2670,1466818560,1674.5300,3072.23,0,74256384,1,95.41,0.00,1510086656,1024,1015723008
58.3719,1466818560,1677.7600,3077.80,0,74256384,1,95.88,0.00,1510086656,1024,1015784448
58.4770,1466818560,1680.9800,3065.03,0,74256384,1,99.95,0.00,1510086656,1024,1015784448
58.5818,1466818560,1684.3300,3195.65,0,74256384,1,99.57,0.00,1510348800,1024,1015784448
58.6906,1466818560,1687.6700,3069.58,0,74256384,1,92.48,0.00,1510344704,1024,1015841792
58.7954,1466818560,1690.9000,3081.63,0,74256384,1,96.30,0.00,1510344704,1024,1015841792
58.9003,1466818560,1694.1200,3070.20,0,74256384,1,96.24,0.00,1510344704,1024,1015841792
59.0053,1466818560,1697.3500,3076.97,0,74256384,1,99.43,0.00,1510098944,1024,1015841792
59.1106,1466818560,1700.6900,3170.62,0,74256384,1,95.52,0.00,1510098944,1024,1015895040
59.2155,1466818560,1703.9100,3071.24,0,74256384,1,100.15,0.00,1510098944,1024,1015895040
59.3223,1466818560,1707.3600,3228.81,0,74256384,1,97.68,0.00,1510098944,1024,1015919616
59.4275,1466818560,1710.6900,3167.01,0,74256384,1,98.37,0.00,1510094848,1024,1015919616
59.5342,1466818560,1714.1400,3233.34,0,74256384,1,101.04,0.00,1510094848,1024,1015919616
59.6397,1471537152,1717.4700,3156.35,0,74256384,1,98.64,0.00,1515075584,1024,1015919616
59.7445,1471537152,1720.7900,3168.05,0,74256384,1,99.90,0.00,1515075584,1024,1015919616
59.8493,1471537152,1724.1200,3175.91,0,74256384,1,101.93,0.00,1515075584,1024,1015919616
59.9583,1471537152,1727.7100,3294.48,0,74256384,1,99.51,0.00,1515075584,1024,1015993344
60.0636,1471537152,1731.0400,3161.79,0,74256384,1,99.40,0.00,1515075584,1024,1015993344
60.1684,1471537152,1734.3600,3167.39,0,74256384,1,98.38,0.00,1515071488,1024,1015993344
60.2734,1471537152,1737.6900,3172.55,0,74256384,1,102.72,0.00,1515333632,1024,1015993344
60.3785,1471537152,1741.1400,3281.79,0,74256384,1,99.29,0.00,1515333632,1024,1015993344
60.4834,1471537152,1744.4700,3175.64,0,74256384,1,99.83,0.00,1515087872,1024,1015993344
60.5890,1471537152,1747.8000,3153.99,0,74256384,1,101.52,0.00,1515087872,1024,1015993344
60.6983,1471537152,1751.3800,3274.37,0,74256384,1,99.18,0.00,1515087872,1024,1018042368
60.8032,1471537152,1754.7100,3173.70,0,74256384,1,99.48,0.00,1515350016,1024,1018042368
60.9083,1469382656,1757.9800,3111.70,0,74256384,1,96.65,0.00,1513478144,1024,1018042368
61.0136,1469382656,1761.2000,3056.79,0,74256384,1,98.49,0.00,1513216000,1024,1018042368
61.1185,1469382656,1764.5400,3186.28,0,74256384,1,97.19,0.00,1513003008,1024,1018042368
61.2235,1469382656,1767.7700,3076.72,0,74256384,1,95.85,0.00,1513003008,1024,1018320896
61.3325,1469382656,1771.1100,3061.93,0,74256384,1,95.69,0.00,1513003008,1024,1018755072
61.4372,1469382656,1774.3400,3085.96,0,74256384,1,100.32,0.00,1513265152,1024,1018755072
61.5463,1469382656,1777.8100,3179.23,0,74256384,1,95.92,0.00,1513265152,1024,1018755072
61.6518,1474101248,1781.0400,3061.94,0,74256384,1,95.09,0.00,1518229504,1024,1018755072
61.7569,1474101248,1784.2600,3064.94,0,74256384,1,99.94,0.00,1518225408,1024,1018755072
61.8625,1474101248,1787.6100,3172.21,0,74256384,1,94.99,0.00,1518221312,1024,1018796032
61.9680,1474101248,1790.8300,3052.96,0,74256384,1,96.00,0.00,1518221312,1024,1018796032
62.0771,1474101248,1794.1800,3068.49,0,74256384,1,99.33,0.00,1518221312,1024,1018796032
62.1827,1474101248,1797.4700,3118.17,0,74256384,1,93.59,0.00,1518221312,1024,1018796032
62.2880,1474101248,1800.5900,2962.00,0,74256384,1,92.86,0.00,1518221312,1024,1018796032
62.3933,1474101248,1803.7100,2962.22,0,74256384,1,94.94,0.00,1518221312,1024,1018828800
62.5023,1474101248,1807.1400,3147.22,0,74256384,1,95.77,0.00,1518221312,1024,1018828800
62.6074,1474101248,1810.3700,3072.48,0,74256384,1,96.31,0.00,1518217216,1024,1018828800
62.7128,1474101248,1813.5900,3057.13,0,74256384,1,97.91,0.00,1518479360,1024,1018828800
62.8178,1474101248,1816.9400,3189.93,0,74256384,1,97.01,0.00,1518741504,1024,1018828800
62.9238,1478819840,1820.1600,3037.61,0,74256384,1,95.81,0.00,1523460096,1024,1018828800
63.0303,1478819840,1823.5100,3146.10,0,74256384,1,98.02,0.00,1523460096,1024,1018828800
63.1353,1478819840,1826.7300,3064.62,0,74256384,1,99.64,0.00,1523460096,1024,1018828800
63.2425,1478819840,1830.0700,3117.57,0,74256384,1,94.22,0.00,1522972672,1024,1018828800
63.3474,1478819840,1833.3000,3077.67,0,74256384,1,96.18,0.00,1522968576,1024,1018828800
63.4572,1478819840,1836.6500,3051.49,0,74256384,1,98.77,0.00,1522968576,1024,1018828800
63.5620,1478819840,1839.9900,3187.87,0,74256384,1,96.04,0.00,1522968576,1024,1018828800
63.6671,1478819840,1843.2100,3062.72,0,74256384,1,96.60,0.00,1522968576,1024,1018828800
63.7729,1478819840,1846.4300,3042.29,0,74256384,1,97.14,0.00,1523492864,1024,1018828800
63.8779,1478819840,1849.7800,3190.73,0,74256384,1,100.60,0.00,1523492864,1024,1018828800
63.9863,1478819840,1853.1400,3099.34,0,74256384,1,93.68,0.00,1523492864,1024,1018828800
64.0915,1478819840,1856.3600,3061.32,0,74256384,1,95.07,0.00,1523488768,1024,1018828800
64.1971,1478819840,1859.5800,3048.89,0,74256384,1,99.72,0.00,1523488768,1024,1018828800
64.3021,1478819840,1862.9300,3191.02,0,74256384,1,95.25,0.00,1523488768,1024,1018828800
64.4071,1478819840,1866.1500,3067.03,0,74256384,1,99.71,0.00,1522968576,1024,1018898432
64.5144,1478819840,1869.5000,3121.05,0,74256384,1,92.58,0.00,1522968576,1024,1018898432
64.6200,1478819840,1872.7200,3050.15,0,74256384,1,97.69,0.00,1522968576,1024,1018898432
64.7263,1478819840,1876.0700,3153.06,0,74256384,1,98.24,0.00,1522968576,1024,1018898432
64.8313,1478819840,1879.2900,3064.18,0,74256384,1,95.16,0.00,1523230720,1024,1018898432
64.9413,1478819840,1882.6400,3047.36,0,74256384,1,98.64,0.00,1523226624,1024,1018898432
65.0466,1478819840,1885.9800,3170.45,0,74256384,1,96.41,0.00,1523226624,1024,1018898432
65.1516,1478819840,1889.2100,3075.85,0,74256384,1,94.93,0.00,1523226624,1024,1018898432
65.2570,1478819840,1892.4300,3054.93,0,74256384,1,100.21,0.00,1522968576,1024,1018898432
65.3663,1478819840,1895.9000,3175.82,0,74256384,1,96.38,0.00,1522968576,1024,1018898432
65.4713,1478819840,1899.1200,3066.16,0,74256384,1,94.33,0.00,1522968576,1024,1018898432
65.5765,1478819840,1902.3400,3062.75,0,74256384,1,100.47,0.00,1522964480,1024,1018898432
65.6824,1478819840,1905.6900,3163.09,0,74256384,1,95.01,0.00,1522964480,1024,1018898432
65.7877,1478819840,1908.9100,3056.14,0,74256384,1,98.77,0.00,1522964480,1024,1023261184
65.8942,1478819840,1912.2600,3147.61,0,74256384,1,93.96,0.00,1522964480,1024,1023261184
66.0023,1478819840,1915.6100,3097.72,0,74256384,1,97.67,0.00,1522964480,1024,1023261184
66.1078,1478819840,1918.8300,3053.25,0,74256384,1,96.60,0.00,1522964480,1024,1023261184
66.2131,1478819840,1922.0500,3058.16,0,74256384,1,102.39,0.00,1522964480,1024,1023261184
66.3227,1478819840,1925.5200,3163.88,0,74256384,1,91.46,0.00,1522960384,1024,1023261184
66.4281,1478819840,1928.7500,3064.91,0,74256384,1,96.67,0.00,1522960384,1024,1023261184
66.5331,1478819840,1931.9700,3068.21,0,74256384,1,97.67,0.00,1522960384,1024,1023261184
66.6387,1478819840,1935.3200,3172.34,0,74256384,1,96.77,0.00,1522960384,1024,1023261184
66.7446,1478819840,1938.5400,3040.03,0,74256384,1,99.13,0.00,1522960384,1024,1023261184
66.8496,1478819840,1941.8800,3180.24,0,74256384,1,94.92,0.00,1522976768,1024,1023261184
66.9582,1478819840,1945.2000,3057.71,0,74256384,1,96.13,0.00,1522976768,1024,1023281664
67.0662,1478819840,1948.5400,3092.99,0,74256384,1,96.37,0.00,1522972672,1024,1023281664
67.1714,1478819840,1951.7600,3060.32,0,74256384,1,95.34,0.00,1522972672,1024,1023281664
67.2765,1478819840,1954.9900,3072.33,0,74256384,1,100.17,0.00,1522972672,1024,1023281664
67.3813,1478819840,1958.2100,3072.37,0,74256384,1,99.59,0.00,1522972672,1024,1023281664
67.4901,1478819840,1961.6800,3189.04,0,74256384,1,91.90,0.00,1522972672,1024,1023281664
67.5955,1478819840,1964.9000,3056.02,0,74256384,1,94.91,0.00,1522972672,1024,1023281664
67.7012,1478819840,1968.1300,3056.11,0,74256384,1,99.94,0.00,1522968576,1024,1023281664
67.8066,1478819840,1971.4700,3168.51,0,74256384,1,99.02,0.00,1522706432,1024,1023281664
67.9141,1478819840,1974.8600,3152.41,0,74256384,1,93.86,0.00,1522706432,1024,1023511040
68.0196,1478819840,1978.1800,3149.57,0,74256384,1,100.50,0.00,1522706432,1024,1023519232
68.1252,1478819840,1981.4900,3133.05,0,74256384,1,101.46,0.00,1522968576,1024,1023519232
68.2298,1478819840,1984.9400,3297.09,0,74256384,1,101.54,0.00,1522968576,1024,1023519232
68.3389,1478819840,1988.3900,3163.80,0,74256384,1,96.86,0.00,1522972672,1024,1023519232
68.4441,1478819840,1991.7200,3165.11,0,74256384,1,98.02,0.00,1523230720,1024,1023576576
68.5494,1478819840,1995.0500,3161.63,0,74256384,1,102.66,0.00,1523230720,1024,1023597056
68.6546,1478819840,1998.5000,3278.76,0,74256384,1,98.01,0.00,1523230720,1024,1023597056
68.7594,1478819840,2001.8300,3179.88,0,74256384,1,103.85,0.00,1523230720,1024,1023597056
68.8672,1478819840,2005.2800,3200.55,0,74256384,1,97.12,0.00,1522972672,1024,1023597056
68.9718,1478819840,2008.6100,3181.11,0,74256384,1,98.81,0.00,1522972672,1024,1023597056
69.0769,1478819840,2011.9400,3171.05,0,74256384,1,103.56,0.00,1522976768,1024,1023597056
69.1851,1478819840,2015.3900,3185.75,0,74256384,1,99.55,0.00,1522972672,1024,1023597056
69.2900,1478819840,2018.8500,3299.16,0,74256384,1,98.63,0.00,1522972672,1024,1023597056
69.3951,1478819840,2022.1700,3158.01,0,74256384,1,98.39,0.00,1522972672,1024,1023597056
69.5003,1478819840,2025.5000,3166.82,0,74256384,1,99.85,0.00,1522972672,1024,1023597056
69.6092,1478819840,2028.9500,3168.36,0,74256384,1,102.46,0.00,1522972672,1024,1023597056
69.7144,1478819840,2032.4100,3288.23,0,74256384,1,98.60,0.00,1522972672,1024,1023597056
69.8194,1478819840,2035.7300,3161.82,0,74256384,1,99.70,0.00,1522972672,1024,1023597056
69.9246,1478819840,2039.0600,3164.91,0,74256384,1,102.47,0.00,1522972672,1024,1023597056
70.0331,1478819840,2042.5200,3190.68,0,74256384,1,98.84,0.00,1522976768,1024,1023597056
70.1377,1478819840,2045.8500,3184.17,0,74256384,1,100.40,0.00,1522972672,1024,1023613440
70.2431,1478819840,2049.3000,3272.18,0,74256384,1,98.40,0.00,1522972672,1024,1023613440
70.3481,1478819840,2052.6300,3172.10,0,74256384,1,99.13,0.00,1522972672,1024,1023613440
70.4535,1478819840,2055.9500,3147.86,0,74256384,1,101.63,0.00,1522972672,1024,1023613440
70.5587,1478819840,2059.4000,3280.95,0,74256384,1,99.56,0.00,1522972672,1024,1023613440
70.6635,1478819840,2062.7300,3176.53,0,74256384,1,99.27,0.00,1523234816,1024,1023613440
70.7687,1478819840,2066.0600,3167.40,0,74256384,1,102.25,0.00,1522976768,1024,1023613440
70.8734,1478819840,2069.3900,3180.39,0,74256384,1,99.09,0.00,1522980864,1024,1026616320
70.9787,1478819840,2072.8400,3274.23,0,74256384,1,99.35,0.00,1522976768,1024,1026616320
71.0862,1478819840,2076.2900,3210.90,0,74256384,1,100.92,0.00,1522714624,1024,1026616320
71.1912,1478819840,2079.6200,3171.72,0,74256384,1,98.52,0.00,1522714624,1024,1026616320
71.2966,1478819840,2082.9500,3158.29,0,74256384,1,102.55,0.00,1522714624,1024,1026788352
71.4012,1478819840,2086.2800,3182.13,0,74256384,1,103.92,0.00,1522714624,1024,1026788352
71.5110,1478819840,2089.8600,3262.76,0,74256384,1,93.42,0.00,1522714624,1024,1026788352
71.6160,1478819840,2093.1800,3161.95,0,74256384,1,98.81,0.00,1522714624,1024,1026788352
71.7209,1478819840,2096.5100,3173.93,0,74256384,1,103.95,0.00,1522714624,1024,1026788352
71.8260,1478819840,2099.9700,3291.74,0,74256384,1,99.60,0.00,1522714624,1024,1026788352
71.9307,1478819840,2103.2900,3171.74,0,74256384,1,98.52,0.00,1522980864,1024,1026788352
72.0383,1478819840,2106.7500,3214.79,0,74256384,1,100.75,0.00,1522456576,1024,1026788352
72.1429,1478819840,2110.0700,3174.00,0,74256384,1,99.49,0.00,1522718720,1024,1026788352
72.2481,1478819840,2113.4000,3165.86,0,74256384,1,100.12,0.00,1522718720,1024,1026788352
72.3537,1478819840,2116.7300,3151.66,0,74256384,1,99.97,0.00,1522718720,1024,1026825216
72.4623,1478819840,2120.3100,3298.93,0,74256384,1,100.21,0.00,1522719744,1024,1026825216
72.5673,1478819840,2123.6400,3168.87,0,74256384,1,100.51,0.00,1522719744,1024,1026825216
72.6725,1478819840,2126.9700,3166.75,0,74256384,1,98.37,0.00,1522719744,1024,1026825216
72.7771,1478819840,2130.2900,3173.32,0,74256384,1,103.05,0.00,1522719744,1024,1026825216
72.8823,1478819840,2133.7500,3288.73,0,74256384,1,98.61,0.00,1522719744,1024,1026825216
72.9889,1478819840,2137.0800,3124.03,0,74256384,1,101.44,0.00,1522715648,1024,1026825216
73.0943,1478819840,2140.5400,3285.04,0,74256384,1,97.61,0.00,1522715648,1024,1026825216
73.2003,1478819840,2143.8600,3129.73,0,74256384,1,99.28,0.00,1522715648,1024,1026825216
73.3050,1478819840,2147.1900,3180.56,0,74256384,1,103.87,0.00,1522715648,1024,1026825216
73.4142,1478819840,2150.7700,3280.13,0,74256384,1,97.06,0.00,1522715648,1024,1026825216
73.5188,1478819840,2154.1000,3181.66,0,74256384,1,100.62,0.00,1522715648,1024,1026825216
73.6237,1478819840,2157.4200,3165.07,0,74256384,1,98.31,0.00,1522985984,1024,1026833408
73.7289,1478819840,2160.7500,3167.13,0,74256384,1,103.13,0.00,1522981888,1024,1026894848
73.8340,1478819840,2164.2000,3280.22,0,74256384,1,97.75,0.00,1522981888,1024,1026894848
73.9422,1478819840,2167.6500,3190.77,0,74256384,1,100.58,0.00,1522981888,1024,1026894848
74.0471,1478819840,2170.9800,3172.45,0,74256384,1,100.33,0.00,1522981888,1024,1026894848
74.1530,1478819840,2174.3100,3145.84,0,74256384,1,100.08,0.00,1522985984,1024,1026894848
74.2576,1478819840,2177.6400,3182.53,0,74256384,1,100.95,0.00,1522727936,1024,1026894848
74.3626,1478819840,2181.0900,3286.31,0,74256384,1,98.23,0.00,1522985984,1024,1026894848
74.4689,1478819840,2184.4200,3132.31,0,74256384,1,102.00,0.00,1522985984,1024,1026894848
74.5765,1478819840,2187.8800,3214.94,0,74256384,1,100.47,0.00,1522985984,1024,1026894848
74.6820,1478819840,2191.3300,3272.73,0,74256384,1,98.12,0.00,1522985984,1024,1026894848
74.7873,1478819840,2194.6600,3161.89,0,74256384,1,100.00,0.00,1522985984,1024,1026894848
74.8942,1478819840,2198.1100,3227.40,0,74256384,1,99.10,0.00,1522985984,1024,1026894848
74.9994,1478819840,2201.4400,3165.49,0,74256384,1,100.11,0.00,1522985984,1024,1026919424
75.1080,1478819840,2204.9000,3184.44,0,74256384,1,100.09,0.00,1522990080,1024,1026919424
75.2133,1478819840,2208.2300,3163.36,0,74256384,1,100.64,0.00,1522990080,1024,1027206144
75.3181,1478819840,2211.6800,3292.66,0,74256384,1,100.21,0.00,1522985984,1024,1027206144
75.4233,1478819840,2215.0100,3165.43,0,74256384,1,98.92,0.00,1522985984,1024,1027206144
75.5302,1478819840,2218.4700,3236.53,0,74256384,1,101.43,0.00,1522985984,1024,1027206144
75.6349,1478819840,2221.7900,3169.25,0,74256384,1,98.14,0.00,1522985984,1024,1027206144
75.7423,1478819840,2225.2500,3223.64,0,74256384,1,101.32,0.00,1522985984,1024,1027206144
75.8475,1478819840,2228.5700,3154.74,0,74256384,1,99.48,0.00,1522985984,1024,1027206144
75.9528,1478819840,2231.9000,3162.19,0,74256384,1,101.19,0.00,1522985984,1024,1027206144
76.0623,1478819840,2235.4800,3268.90,0,74256384,1,99.01,0.00,1522981888,1024,1030129152
76.1676,1478819840,2238.8100,3163.02,0,74256384,1,99.73,0.00,1522981888,1024,1030129152
76.2728,1478819840,2242.1000,3126.47,0,74256384,1,100.67,0.00,1522981888,1024,1030129152
76.3779,1478819840,2245.4500,3188.28,0,74256384,1,96.06,0.00,1522981888,1024,1030190592
76.4828,1478819840,2248.6700,3070.25,0,74256384,1,96.24,0.00,1522981888,1024,1030190592
76.5880,1478819840,2251.8900,3061.27,0,74256384,1,99.23,0.00,1522990080,1024,1030190592
76.6941,1478819840,2255.2400,3157.29,0,74256384,1,94.84,0.00,1522990080,1024,1030239744
76.7993,1478819840,2258.4600,3058.99,0,74256384,1,99.75,0.00,1523248128,1024,1030239744
76.9064,1478819840,2261.8100,3130.37,0,74256384,1,94.61,0.00,1523248128,1024,1030317568
77.0116,1478819840,2265.0300,3058.30,0,74256384,1,94.98,0.00,1522985984,1024,1030317568
77.1183,1478819840,2268.3800,3141.22,0,74256384,1,98.16,0.00,1522985984,1024,1030317568
77.2234,1478819840,2271.6100,3073.22,0,74256384,1,95.74,0.00,1523252224,1024,1030317568
77.3303,1478819840,2274.9600,3133.75,0,74256384,1,97.64,0.00,1523252224,1024,1030317568
77.4352,1478819840,2278.1800,3070.62,0,74256384,1,95.96,0.00,1522990080,1024,1030317568
77.5397,1478819840,2281.4000,3080.15,0,74256384,1,96.25,0.00,1522990080,1024,1030317568
77.6463,1478819840,2284.7400,3133.27,0,74256384,1,99.09,0.00,1523039232,1024,1030317568
77.7514,1478819840,2287.9700,3073.79,0,74256384,1,95.16,0.00,1523039232,1024,1030374912
77.8557,1478819840,2291.1900,3085.75,0,74256384,1,96.73,0.00,1523039232,1024,1030526464
77.9623,1478819840,2294.4700,3078.05,0,74256384,1,96.48,0.00,1523043328,1024,1030526464
78.0675,1478819840,2297.5900,2965.19,0,74256384,1,92.96,0.00,1523043328,1024,1030526464
78.1722,1478819840,2300.7100,2978.86,0,74256384,1,92.49,0.00,1523039232,1024,1030526464
78.2808,1478819840,2303.9500,2983.96,0,74256384,1,96.99,0.00,1523039232,1024,1030526464
78.3854,1478819840,2307.0700,2983.65,0,74256384,1,93.54,0.00,1523039232,1024,1030526464
78.4900,1478819840,2310.3100,3097.78,0,74256384,1,92.62,0.00,1523039232,1024,1030526464
78.5951,1478819840,2313.4300,2967.27,0,74256384,1,93.32,0.00,1523039232,1024,1030526464
78.7022,1478819840,2316.6700,3026.94,0,74256384,1,94.59,0.00,1523039232,1024,1030526464
78.8072,1478819840,2319.7900,2970.78,0,74256384,1,93.13,0.00,1523039232,1024,1030526464
78.9122,1478819840,2322.9100,2972.02,0,74256384,1,91.98,0.00,1523039232,1024,1030526464
79.0170,1478819840,2326.0300,2976.05,0,74256384,1,100.75,0.00,1523035136,1024,1030526464
79.1263,1478819840,2329.3900,3073.50,0,74256384,1,89.47,0.00,1523035136,1024,1030526464
79.2308,1478819840,2332.5100,2985.78,0,74256384,1,92.41,0.00,1523035136,1024,1030526464
79.3356,1478819840,2335.6300,2978.31,0,74256384,1,93.67,0.00,1523035136,1024,1030526464
79.4403,1478819840,2338.7500,2979.45,0,74256384,1,92.51,0.00,1523047424,1024,1030526464
79.5450,1478819840,2341.8700,2980.28,0,74256384,1,97.61,0.00,1523047424,1024,1030526464
79.6543,1478819840,2345.2200,3064.67,0,74256384,1,92.34,0.00,1523043328,1024,1030526464
79.7593,1478819840,2348.3400,2970.46,0,74256384,1,92.23,0.00,1523043328,1024,1030526464
79.8645,1478819840,2351.4600,2965.88,0,74256384,1,93.28,0.00,1523305472,1024,1030526464
79.9691,1478819840,2354.5800,2982.40,0,74256384,1,96.49,0.00,1523043328,1024,1030592000
80.0749,1478819840,2357.8100,3054.89,0,74256384,1,91.92,0.00,1523043328,1024,1030592000
80.1799,1478819840,2360.9400,2979.45,0,74256384,1,93.11,0.00,1523043328,1024,1030592000
80.2863,1478819840,2364.1800,3045.51,0,74256384,1,95.47,0.00,1523043328,1024,1030592000
80.3915,1478819840,2367.2900,2955.49,0,74256384,1,92.36,0.00,1523043328,1024,1030592000
80.4982,1478819840,2370.5300,3038.53,0,74256384,1,94.95,0.00,1523043328,1024,1030592000
80.6033,1478819840,2373.6600,2977.90,0,74256384,1,93.06,0.00,1523305472,1024,1030592000
80.7103,1478819840,2376.8900,3018.12,0,74256384,1,94.02,0.00,1523305472,1024,1030592000
80.8154,1478819840,2380.0100,2968.03,0,74256384,1,92.75,0.00,1523305472,1024,1030592000
80.9210,1478819840,2383.1400,2965.05,0,74256384,1,96.51,0.00,1523305472,1024,1030592000
81.0258,1478819840,2386.3600,3071.45,0,74256384,1,93.30,0.00,1523305472,1024,1030592000
81.1311,1478819840,2389.4800,2964.10,0,74256384,1,92.33,0.00,1523305472,1024,1032869888
81.2363,1478819840,2392.5900,2955.65,0,74256384,1,95.04,0.00,1523305472,1024,1033017344
81.3416,1478819840,2395.7200,2972.65,0,74256384,1,90.52,0.00,1523043328,1024,1033046016
81.4465,1481965568,2398.6500,2791.89,0,74256384,1,87.25,0.00,1526189056,1024,1033046016
81.5517,1481965568,2401.4700,2681.39,0,74256384,1,83.50,0.00,1526189056,1024,1033046016
81.6567,1481965568,2404.2700,2668.07,0,74256384,1,87.25,0.00,1526189056,1024,1033046016
81.7620,1481965568,2407.1900,2772.86,0,74256384,1,83.39,0.00,1526189056,1024,1033111552
81.8674,1481965568,2410.0000,2663.84,0,74256384,1,83.25,0.00,1526184960,1024,1033111552
81.9724,1481965568,2412.8000,2668.36,0,74256384,1,86.36,0.00,1525931008,1024,1033111552
82.0777,1481965568,2415.7200,2772.12,0,74256384,1,83.66,0.00,1525931008,1024,1033111552
82.1832,1481965568,2418.5300,2663.81,0,74256384,1,83.24,0.00,1525926912,1024,1033111552
82.2885,1481965568,2421.3300,2658.40,0,74256384,1,85.45,0.00,1525926912,1024,1033111552
82.3936,1481965568,2424.0300,2570.17,0,74256384,1,80.62,0.00,1525926912,1024,1033148416
82.4985,1481965568,2426.8400,2678.79,0,74256384,1,80.73,0.00,1526189056,1024,1033148416
82.6035,1481965568,2429.5500,2581.29,0,74256384,1,80.67,0.00,1526189056,1024,1033148416
82.7082,1481965568,2432.2500,2576.81,0,74256384,1,81.12,0.00,1525931008,1024,1033148416
82.8137,1481965568,2435.0600,2665.94,0,74256384,1,82.42,0.00,1526193152,1024,1033148416
82.9185,1481965568,2437.7600,2575.13,0,74256384,1,81.07,0.00,1525931008,1024,1033148416
83.0234,1481965568,2440.4700,2582.62,0,74256384,1,80.41,0.00,1525926912,1024,1033148416
83.1287,1481965568,2443.1700,2564.15,0,74256384,1,83.10,0.00,1525926912,1024,1033148416
83.2336,1481965568,2445.8700,2575.51,0,74256384,1,80.48,0.00,1525926912,1024,1033148416
83.3386,1481965568,2448.6800,2674.15,0,74256384,1,80.89,0.00,1526189056,1024,1033148416
83.4434,1481965568,2451.2900,2491.82,0,74256384,1,77.87,0.00,1526189056,1024,1033148416
83.5483,1481965568,2453.8900,2477.23,0,74256384,1,80.39,0.00,1526184960,1024,1033148416
83.6531,1481965568,2456.4900,2481.89,0,74256384,1,77.56,0.00,1526184960,1024,1033148416
83.7577,1481965568,2459.1900,2580.09,0,74256384,1,78.24,0.00,1526184960,1024,1033164800
83.8632,1481965568,2461.7900,2466.44,0,74256384,1,77.08,0.00,1526184960,1024,1033164800
83.9679,1481965568,2464.3900,2482.96,0,74256384,1,78.19,0.00,1526184960,1024,1033164800
84.0727,1481965568,2466.9900,2480.48,0,74256384,1,79.60,0.00,1526184960,1024,1033164800
84.1779,1481965568,2469.6900,2565.85,0,74256384,1,77.51,0.00,1526184960,1024,1033164800
84.2827,1481965568,2472.2900,2482.62,0,74256384,1,77.58,0.00,1526180864,1024,1033164800
84.3875,1481965568,2474.8900,2478.68,0,74256384,1,78.05,0.00,1526180864,1024,1033164800
84.4924,1481965568,2477.4900,2478.85,0,74256384,1,79.25,0.00,1526180864,1024,1033164800
84.5972,1481965568,2480.0900,2481.33,0,74256384,1,78.14,0.00,1526180864,1024,1033164800
84.7020,1481965568,2482.7900,2576.80,0,74256384,1,77.24,0.00,1526180864,1024,1033164800
84.8066,1481965568,2485.3900,2485.99,0,74256384,1,78.58,0.00,1526180864,1024,1033164800
84.9120,1481965568,2488.0000,2476.09,0,74256384,1,75.90,0.00,1526180864,1024,1033164800
85.0168,1481965568,2490.5900,2471.68,0,74256384,1,82.01,0.00,1525820416,1024,1033476096
85.1216,1481965568,2493.1900,2480.55,0,74256384,1,77.22,0.00,1525816320,1024,1033476096
85.2268,1481965568,2495.8900,2565.74,0,74256384,1,78.10,0.00,1525816320,1024,1033476096
85.3316,1481965568,2498.4900,2482.72,0,74256384,1,76.39,0.00,1525816320,1024,1033508864
85.4364,1481965568,2501.0900,2479.18,0,74256384,1,81.05,0.00,1525816320,1024,1033508864
85.5415,1485111296,2503.6200,2408.63,0,74256384,1,74.38,0.00,1528962048,1024,1033508864
85.6463,1485111296,2506.2100,2469.77,0,74256384,1,75.69,0.00,1528962048,1024,1033508864
85.7509,1485111296,2508.7000,2381.19,0,74256384,1,73.22,0.00,1528962048,1024,1033508864
85.8557,1485111296,2511.2000,2386.26,0,74256384,1,74.27,0.00,1528962048,1024,1033508864
85.9610,1485111296,2513.7000,2373.00,0,74256384,1,77.12,0.00,1528962048,1024,1033508864
86.0658,1485111296,2516.2900,2471.86,0,74256384,1,76.05,0.00,1528962048,1024,1033537536
86.1708,1485111296,2518.7800,2370.65,0,74256384,1,72.89,0.00,1528962048,1024,1033537536
86.2760,1485111296,2521.2800,2376.60,0,74256384,1,74.57,0.00,1528962048,1024,1037670912
86.3808,1485111296,2523.7700,2377.49,0,74256384,1,77.58,0.00,1528962048,1024,1037670912
86.4856,1485111296,2526.2700,2385.16,0,74256384,1,75.43,0.00,1528962048,1024,1037670912
86.5905,1485111296,2528.8600,2469.18,0,74256384,1,73.29,0.00,1529220096,1024,1037670912
86.6951,1485111296,2531.3600,2389.14,0,74256384,1,74.36,0.00,1528962048,1024,1037670912
86.7999,1485111296,2533.8500,2376.21,0,74256384,1,75.15,0.00,1528978432,1024,1037670912
86.9046,1485111296,2536.3500,2387.00,0,74256384,1,77.88,0.00,1528978432,1024,1037670912
87.0100,1485111296,2538.9400,2458.17,0,74256384,1,72.96,0.00,1528978432,1024,1037670912
87.1147,1485111296,2541.4400,2386.54,0,74256384,1,74.28,0.00,1528978432,1024,1037670912
87.2197,1485111296,2543.9300,2373.32,0,74256384,1,75.06,0.00,1528974336,1024,1037670912
87.3251,1485111296,2546.4300,2370.71,0,74256384,1,77.34,0.00,1528974336,1024,1037670912
87.4302,1485111296,2549.0200,2464.49,0,74256384,1,73.15,0.00,1528974336,1024,1037670912
87.5353,1485111296,2551.5200,2379.06,0,74256384,1,74.35,0.00,1528974336,1024,1037670912
87.6408,1485111296,2554.0100,2360.26,0,74256384,1,77.02,0.00,1528974336,1024,1037670912
87.7458,1485111296,2556.6100,2475.69,0,74256384,1,75.88,0.00,1529101312,1024,1037834752
87.8511,1485111296,2559.0900,2354.63,0,74256384,1,72.40,0.00,1529101312,1024,1037834752
87.9566,1485111296,2561.4800,2265.46,0,74256384,1,74.05,0.00,1529101312,1024,1037834752
88.0619,1485111296,2563.9600,2356.46,0,74256384,1,70.67,0.00,1529097216,1024,1037834752
88.1669,1485111296,2566.3600,2285.63,0,74256384,1,72.32,0.00,1529097216,1024,1037834752
88.2721,1485111296,2568.7500,2272.43,0,74256384,1,69.82,0.00,1529097216,1024,1037908480
88.3772,1485111296,2571.1400,2272.53,0,74256384,1,74.28,0.00,1529097216,1024,1037908480
88.4824,1485111296,2573.6200,2357.86,0,74256384,1,71.01,0.00,1529097216,1024,1037908480
88.5872,1485111296,2576.0200,2289.48,0,74256384,1,72.44,0.00,1529097216,1024,1037908480
88.6921,1485111296,2578.4100,2278.05,0,74256384,1,70.00,0.00,1529097216,1024,1037908480
88.7976,1485111296,2580.8900,2351.40,0,74256384,1,74.37,0.00,1529093120,1024,1037908480
88.9026,1485111296,2583.2800,2277.26,0,74256384,1,70.87,0.00,1529093120,1024,1037908480
89.0077,1485111296,2585.6800,2282.56,0,74256384,1,72.22,0.00,1529093120,1024,1038129664
89.1131,1485111296,2588.0000,2200.92,0,74256384,1,70.26,0.00,1529093120,1024,1038129664
89.2184,1485111296,2590.3800,2260.23,0,74256384,1,68.26,0.00,1529093120,1024,1038129664
89.3234,1485111296,2592.6700,2181.53,0,74256384,1,68.17,0.00,1529072640,1024,1038154240
89.4283,1485111296,2594.9500,2174.21,0,74256384,1,69.14,0.00,1529072640,1024,1038154240
89.5334,1488257024,2597.2100,2148.70,0,74256384,1,68.63,0.00,1532218368,1024,1038154240
89.6386,1488257024,2599.4800,2157.82,0,74256384,1,65.35,0.00,1532214272,1024,1038154240
89.7435,1488257024,2601.6600,2078.99,0,74256384,1,64.67,0.00,1532214272,1024,1038154240
89.8486,1488257024,2603.8500,2084.24,0,74256384,1,67.51,0.00,1532214272,1024,1038154240
89.9537,1488257024,2606.1200,2159.11,0,74256384,1,64.80,0.00,1532214272,1024,1038154240
90.0589,1488257024,2608.3000,2071.35,0,74256384,1,65.32,0.00,1532214272,1024,1038154240
90.1640,1488257024,2610.4800,2075.55,0,74256384,1,64.56,0.00,1532210176,1024,1038162432
90.2692,1488257024,2612.6700,2080.84,0,74256384,1,67.70,0.00,1532210176,1024,1038162432
90.3745,1488257024,2614.9400,2157.15,0,74256384,1,64.74,0.00,1532210176,1024,1038162432
90.4797,1488257024,2617.1200,2071.41,0,74256384,1,65.33,0.00,1532210176,1024,1038178816
90.5847,1488257024,2619.3000,2076.03,0,74256384,1,68.45,0.00,1532210176,1024,1038178816
90.6900,1488257024,2621.5700,2156.17,0,74256384,1,63.82,0.00,1532210176,1024,1038178816
90.7951,1488257024,2623.7000,2025.79,0,74256384,1,63.31,0.00,1532234752,1024,1038178816
90.9003,1488257024,2625.6900,1892.36,0,74256384,1,59.43,0.00,1532230656,1024,1038178816
91.0055,1488257024,2627.6700,1882.00,0,74256384,1,61.78,0.00,1532230656,1024,1038178816
91.1107,1488257024,2629.8300,2053.14,0,74256384,1,61.19,0.00,1532230656,1024,1038178816
91.2159,1488257024,2631.8500,1920.15,0,74256384,1,60.00,0.00,1532230656,1024,1038203392
91.3212,1488257024,2633.8200,1870.47,0,74256384,1,60.83,0.00,1532230656,1024,1038445056
91.4263,1488257024,2635.8700,1951.24,0,74256384,1,59.49,0.00,1532230656,1024,1041872384
91.5311,1488257024,2637.8500,1888.29,0,74256384,1,58.71,0.00,1532230656,1024,1041872384
91.6364,1488257024,2639.8000,1852.67,0,74256384,1,59.97,0.00,1532087296,1024,1041872384
91.7415,1488257024,2641.6700,1779.24,0,74256384,1,55.30,0.00,1532087296,1024,1041872384
91.8467,1488257024,2643.6200,1854.13,0,74256384,1,56.16,0.00,1532087296,1024,1041872384
91.9517,1488257024,2645.4900,1779.81,0,74256384,1,56.21,0.00,1531841536,1024,1041872384
92.0570,1488257024,2647.3600,1777.28,0,74256384,1,58.51,0.00,1531841536,1024,1041872384
92.1620,1488257024,2649.3000,1845.98,0,74256384,1,55.90,0.00,1531841536,1024,1041872384
92.2671,1488257024,2651.1700,1779.51,0,74256384,1,57.99,0.00,1531841536,1024,1041872384
92.3722,1488257024,2653.0400,1779.33,0,74256384,1,56.20,0.00,1531837440,1024,1041909248
92.4775,1488257024,2654.9200,1786.31,0,74256384,1,57.90,0.00,1531837440,1024,1041909248
92.5825,1488257024,2656.7800,1770.45,0,74256384,1,52.65,0.00,1531837440,1024,1041909248
92.6877,1488257024,2658.5500,1683.05,0,74256384,1,53.19,0.00,1531837440,1024,1041909248
92.7928,1488257024,2660.3200,1684.52,0,74256384,1,54.43,0.00,1531837440,1024,1041909248
92.8979,1488257024,2662.1400,1730.57,0,74256384,1,52.59,0.00,1531837440,1024,1041909248
93.0029,1488257024,2663.8000,1581.10,0,74256384,1,48.52,0.00,1531833344,1024,1041909248
93.1080,1488257024,2665.4600,1579.95,0,74256384,1,50.27,0.00,1531575296,1024,1041909248
93.2131,1488257024,2667.1300,1589.62,0,74256384,1,51.16,0.00,1531575296,1024,1041909248
93.3181,1488257024,2668.8600,1646.97,0,74256384,1,50.58,0.00,1531575296,1024,1041909248
93.4231,1488257024,2670.5200,1580.31,0,74256384,1,48.49,0.00,1531472896,1024,1041909248
93.5283,1488257024,2672.1800,1579.09,0,74256384,1,49.94,0.00,1531468800,1024,1041909248
93.6333,1488257024,2673.8500,1589.64,0,74256384,1,51.46,0.00,1531550720,1024,1041909248
93.7386,1488257024,2675.5200,1585.91,0,74256384,1,48.08,0.00,1531550720,1024,1041909248
93.8437,1488257024,2677.0800,1484.76,0,74256384,1,45.51,0.00,1531812864,1024,1041909248
93.9488,1488257024,2678.6400,1483.90,0,74256384,1,48.75,0.00,1531812864,1024,1041909248
94.0540,1488257024,2680.2600,1539.87,0,74256384,1,46.04,0.00,1531808768,1024,1041909248
94.1591,1488257024,2681.8200,1485.27,0,74256384,1,46.71,0.00,1531808768,1024,1041909248
94.2641,1488257024,2683.3800,1484.77,0,74256384,1,45.80,0.00,1531546624,1024,1041909248
94.3692,1488257024,2684.9400,1484.53,0,74256384,1,48.77,0.00,1531546624,1024,1041909248
94.4743,1488257024,2686.5500,1531.53,0,74256384,1,46.37,0.00,1531546624,1024,1041909248
94.5792,1488257024,2688.1100,1487.88,0,74256384,1,46.50,0.00,1531546624,1024,1041909248
94.6842,1488257024,2689.6700,1485.41,0,74256384,1,46.12,0.00,1531542528,1024,1041909248
94.7893,1488257024,2691.2000,1456.14,0,74256384,1,47.88,0.00,1531542528,1024,1041909248
94.8944,1488257024,2692.7200,1446.40,0,74256384,1,43.12,0.00,1531542528,1024,1041909248
94.9995,1488257024,2694.1800,1389.11,0,74256384,1,43.11,0.00,1531542528,1024,1041909248
95.1045,1488257024,2695.6300,1380.15,0,74256384,1,45.51,0.00,1531542528,1024,1041909248
95.2096,1488257024,2697.0900,1389.77,0,74256384,1,42.84,0.00,1531542528,1024,1041966592
95.3148,1488257024,2698.6000,1435.27,0,74256384,1,43.66,0.00,1531542528,1024,1041966592
95.4198,1488257024,2700.0600,1390.11,0,74256384,1,42.85,0.00,1531542528,1024,1041966592
95.5250,1488257024,2701.5100,1378.28,0,74256384,1,45.45,0.00,1531538432,1024,1041966592
95.6302,1488257024,2703.0300,1445.06,0,74256384,1,43.38,0.00,1531538432,1024,1041966592
95.7354,1488257024,2704.4800,1378.60,0,74256384,1,43.08,0.00,1531538432,1024,1041966592
95.8406,1488257024,2705.9400,1387.93,0,74256384,1,44.86,0.00,1531538432,1024,1041966592
95.9458,1488257024,2707.4500,1435.03,0,74256384,1,43.36,0.00,1531538432,1024,1041966592
96.0509,1488257024,2708.8500,1332.32,0,74256384,1,41.63,0.00,1532058624,1024,1041966592
96.1559,1488257024,2710.2000,1285.54,0,74256384,1,39.88,0.00,1532058624,1024,1041966592
96.2609,1488257024,2711.5500,1285.13,0,74256384,1,41.95,0.00,1532058624,1024,1041978880
96.3660,1488257024,2712.9400,1322.50,0,74256384,1,38.95,0.00,1532058624,1024,1042105856
96.4711,1488257024,2714.1900,1190.12,0,74256384,1,37.79,0.00,1532058624,1024,1044883968
96.5755,1488257024,2715.4300,1186.85,0,74256384,1,37.09,0.00,1532058624,1024,1044883968
96.6804,1488257024,2716.6800,1191.76,0,74256384,1,39.03,0.00,1532058624,1024,1044883968
96.7855,1488257024,2717.9300,1189.59,0,74256384,1,36.58,0.00,1532578816,1024,1044883968
96.8906,1488257024,2719.2200,1227.88,0,74256384,1,38.07,0.00,1532578816,1024,1044883968
96.9956,1488257024,2720.4700,1189.68,0,74256384,1,37.18,0.00,1532062720,1024,1044953600
97.1006,1488257024,2721.7200,1190.40,0,74256384,1,38.69,0.00,1532062720,1024,1044953600
97.2059,1488257024,2723.0200,1234.89,0,74256384,1,36.81,0.00,1532062720,1024,1044953600
97.3108,1488257024,2724.2600,1182.28,0,74256384,1,37.54,0.00,1532062720,1024,1044953600
97.4157,1488257024,2725.5100,1192.03,0,74256384,1,37.25,0.00,1532062720,1024,1044953600
97.5206,1488257024,2726.7200,1152.63,0,74256384,1,37.81,0.00,1532062720,1024,1044953600
97.6255,1491402752,2727.7800,1011.17,0,74256384,1,31.00,0.00,1535208448,1024,1044953600
97.7303,1491402752,2728.8600,1030.35,0,74256384,1,31.30,0.00,1535208448,1024,1044953600
97.8352,1491402752,2729.9000,991.46,0,74256384,1,30.98,0.00,1535208448,1024,1044953600
97.9402,1491402752,2730.9400,990.08,0,74256384,1,31.24,0.00,1535208448,1024,1044953600
98.0452,1491402752,2731.8800,895.26,0,74256384,1,28.87,0.00,1535208448,1024,1044953600
98.1503,1491402752,2732.8500,923.48,0,74256384,1,27.97,0.00,1535208448,1024,1044953600
98.2553,1491402752,2733.7900,894.89,0,74256384,1,27.67,0.00,1534950400,1024,1045027328
98.3605,1491402752,2734.7300,893.32,0,74256384,1,29.40,0.00,1534950400,1024,1045027328
98.4656,1491402752,2735.6200,847.37,0,74256384,1,26.48,0.00,1534950400,1024,1045027328
98.5705,1491402752,2736.4300,771.67,0,74256384,1,23.22,0.00,1535212544,1024,1045027328
98.6755,1491402752,2737.1600,695.66,0,74256384,1,22.04,0.00,1535212544,1024,1045027328
98.7808,1491402752,2737.8800,683.75,0,74256384,1,22.85,0.00,1535208448,1024,1045101056
98.8865,1491402752,2738.6400,718.77,0,74256384,1,20.69,0.00,1535208448,1024,1045174784
98.9912,1491402752,2739.3700,697.08,0,74256384,1,22.08,0.00,1535208448,1024,1045174784
99.0963,1491402752,2740.0900,685.28,0,74256384,1,21.71,0.00,1535212544,1024,1045174784
99.2016,1491402752,2740.8500,721.72,0,74256384,1,22.55,0.00,1535212544,1024,1045236224
99.3069,1491402752,2741.5800,693.22,0,74256384,1,21.07,0.00,1535212544,1024,1045236224
99.4120,1491402752,2742.3100,694.63,0,74256384,1,21.71,0.00,1535212544,1024,1045236224
99.5173,1491402752,2743.0300,683.71,0,74256384,1,22.26,0.00,1535212544,1024,1045260800
99.6222,1491402752,2743.7900,724.41,0,74256384,1,22.94,0.00,1535212544,1024,1045260800
99.7276,1491402752,2744.5200,692.47,0,74256384,1,21.05,0.00,1535212544,1024,1045260800
99.8327,1491402752,2745.2500,694.74,0,74256384,1,22.60,0.00,1535470592,1024,1045260800
99.9380,1491402752,2746.0000,712.06,0,74256384,1,21.07,0.00,1535470592,1024,1045260800
100.0433,1491402752,2746.7300,693.32,0,74256384,1,22.26,0.00,1535470592,1024,1045260800
100.1486,1491402752,2747.4600,693.65,0,74256384,1,22.57,0.00,1535470592,1024,1045260800
100.2534,1491402752,2748.2100,715.08,0,74256384,1,22.05,0.00,1535470592,1024,1045260800
100.3585,1491402752,2748.9400,694.64,0,74256384,1,21.11,0.00,1535470592,1024,1045260800
100.4638,1491402752,2749.6700,693.25,0,74256384,1,22.26,0.00,1535208448,1024,1045260800
100.5691,1491402752,2750.4000,693.25,0,74256384,1,21.96,0.00,1535470592,1024,1045260800
100.6743,1491402752,2751.1500,713.05,0,74256384,1,22.28,0.00,1535470592,1024,1045260800
100.7794,1491402752,2751.8800,694.62,0,74256384,1,21.11,0.00,1535470592,1024,1045260800
100.8847,1491402752,2752.6100,693.56,0,74256384,1,22.86,0.00,1535466496,1024,1045260800
100.9897,1491402752,2753.3700,723.41,0,74256384,1,21.71,0.00,1535466496,1024,1045260800
101.0951,1491402752,2754.0900,683.52,0,74256384,1,21.95,0.00,1535470592,1024,1045260800
101.1998,1491402752,2754.8200,696.89,0,74256384,1,21.18,0.00,1535470592,1024,1045260800
101.3047,1491402752,2755.5500,696.25,0,74256384,1,22.95,0.00,1535470592,1024,1045408256
101.4098,1491402752,2756.3000,713.23,0,74256384,1,21.99,0.00,1535470592,1024,1045408256
101.5147,1491402752,2757.0300,696.15,0,74256384,1,21.46,0.00,1535212544,1024,1045408256
101.6195,1491402752,2757.7600,696.41,0,74256384,1,21.46,0.00,1535470592,1024,1048645120
101.7253,1491402752,2758.4400,642.78,0,74256384,1,20.97,0.00,1535470592,1024,1048645120
101.8305,1491402752,2758.9800,513.05,0,74256384,1,15.74,0.00,1535470592,1024,1048645120
101.9358,1491402752,2759.5000,494.08,0,74256384,1,15.14,0.00,1535470592,1024,1048645120
102.0407,1491402752,2760.0200,495.48,0,74256384,1,16.38,0.00,1535470592,1024,1048645120
102.1460,1491402752,2760.5600,512.95,0,74256384,1,15.44,0.00,1535466496,1024,1048645120
102.2513,1491402752,2761.0800,493.94,0,74256384,1,15.73,0.00,1535466496,1024,1048645120
102.3563,1491402752,2761.5900,485.80,0,74256384,1,15.48,0.00,1535204352,1024,1048681984
102.4617,1491402752,2762.0200,407.76,0,74256384,1,13.04,0.00,1535204352,1024,1048681984
102.5669,1491402752,2762.4400,399.34,0,74256384,1,11.88,0.00,1535204352,1024,1048681984
102.6717,1491402752,2762.7800,324.59,0,74256384,1,10.74,0.00,1534946304,1024,1048681984
102.7766,1491402752,2763.0400,247.76,0,74256384,1,7.44,0.00,1534426112,1024,1048751616
102.8816,1491402752,2763.2600,209.44,0,74256384,1,6.54,0.00,1534426112,1024,1048751616
102.9868,1491402752,2763.4700,199.75,0,74256384,1,5.94,0.00,1534163968,1024,1048751616
103.0918,1491402752,2763.6700,190.42,0,74256384,1,6.55,0.00,1534163968,1024,1048751616
103.1972,1491402752,2763.8800,199.28,0,74256384,1,6.23,0.00,1534163968,1024,1048751616
103.3021,1491402752,2764.1000,209.58,0,74256384,1,6.85,0.00,1534163968,1024,1048751616
103.4074,1491402752,2764.3000,190.04,0,74256384,1,5.94,0.00,1534163968,1024,1048751616
103.5123,1491402752,2764.5100,200.24,0,74256384,1,6.56,0.00,1534159872,1024,1048751616
103.6172,1491402752,2764.7200,200.08,0,74256384,1,5.95,0.00,1534159872,1024,1048751616
103.7226,1491402752,2764.9400,208.78,0,74256384,1,6.82,0.00,1534159872,1024,1048751616
103.8281,1491402752,2765.1400,189.60,0,74256384,1,5.92,0.00,1534422016,1024,1048751616
103.9332,1491402752,2765.3500,199.81,0,74256384,1,6.54,0.00,1534422016,1024,1048751616
104.0383,1491402752,2765.5700,209.30,0,74256384,1,5.95,0.00,1534422016,1024,1048751616
104.1438,1491402752,2765.7800,199.11,0,74256384,1,6.52,0.00,1534422016,1024,1049075200
104.2491,1494548480,2765.9100,123.45,0,74256384,1,3.86,0.00,1537825792,1024,1049075200
104.3542,1494548480,2766.0100,95.12,0,74256384,1,2.97,0.00,1537825792,1024,1049099776
104.4594,1494548480,2766.1200,104.54,0,74256384,1,2.97,0.00,1537825792,1024,1049099776
104.5645,1494548480,2766.2200,95.19,0,74256384,1,3.27,0.00,1537825792,1024,1049099776
104.6696,1494548480,2766.3300,104.66,0,74256384,1,3.27,0.00,1537825792,1024,1049099776
104.7748,1494548480,2766.4300,95.03,0,74256384,1,2.97,0.00,1537825792,1024,1049099776
104.8822,1522413568,2767.1700,689.12,0,74256384,1,23.86,0.00,1567878144,1024,1049099776
104.9883,1522413568,2770.2900,2940.69,0,74256384,1,91.90,0.00,1567620096,1024,1049099776
105.0983,1522413568,2773.6500,3054.38,0,74256384,1,94.60,0.00,1567099904,1024,1049099776
105.2037,1522413568,2776.7700,2959.01,0,74256384,1,93.06,0.00,1567095808,1024,1049099776
105.3091,1522413568,2779.8900,2960.60,0,74256384,1,94.89,0.00,1566837760,1024,1049099776
105.4150,1522413568,2783.1200,3051.13,0,74256384,1,93.58,0.00,1566837760,1024,1049099776
105.5206,1522413568,2786.2400,2954.02,0,74256384,1,95.57,0.00,1566837760,1024,1049116160
105.6259,1522413568,2789.4900,3086.88,0,74256384,1,92.90,0.00,1566063616,1024,1049116160
105.7312,1522413568,2792.5900,2944.06,0,74256384,1,95.27,0.00,1566321664,1024,1049116160
105.8384,1522413568,2795.7200,2919.16,0,74256384,1,87.43,0.00,1566321664,1024,1049116160
105.9439,1522413568,2798.7300,2853.73,0,74256384,1,89.48,0.00,1566088192,1024,1049116160
106.0531,1522413568,2801.8700,2876.30,0,74256384,1,93.32,0.00,1565830144,1024,1049116160
106.1587,1522413568,2804.9900,2952.10,0,74256384,1,89.00,0.00,1565830144,1024,1049116160
106.2643,1522413568,2808.0100,2861.59,0,74256384,1,91.50,0.00,1565830144,1024,1049116160
106.3702,1522413568,2811.1400,2953.67,0,74256384,1,94.07,0.00,1565830144,1024,1049157120
106.4785,1522413568,2814.2700,2891.09,0,74256384,1,86.59,0.00,1565826048,1024,1049452032
106.5843,1522413568,2817.2900,2855.17,0,74256384,1,92.77,0.00,1565826048,1024,1049452032
106.6896,1522413568,2820.4200,2971.24,0,74256384,1,92.85,0.00,1565826048,1024,1049452032
106.7983,1522413568,2823.6400,2963.06,0,74256384,1,89.14,0.00,1565826048,1024,1052916224
106.9035,1522413568,2826.6600,2870.04,0,74256384,1,89.69,0.00,1565826048,1024,1052916224
107.0091,1522413568,2829.6700,2850.34,0,74256384,1,91.74,0.00,1565826048,1024,1052916224
107.1147,1522413568,2832.8000,2965.36,0,74256384,1,90.60,0.00,1565826048,1024,1052916224
107.2202,1522413568,2835.8200,2862.44,0,74256384,1,88.86,0.00,1565826048,1024,1052916224
107.3258,1522413568,2839.0000,3010.21,0,74256384,1,97.03,0.00,1565821952,1024,1052916224
107.4353,1522413568,2842.2400,2959.96,0,74256384,1,90.21,0.00,1565821952,1024,1052916224
107.5406,1522413568,2845.3300,2934.59,0,74256384,1,94.97,0.00,1565821952,1024,1052916224
107.6459,1522413568,2848.4600,2971.85,0,74256384,1,89.61,0.00,1565821952,1024,1052916224
107.7512,1522413568,2851.5700,2954.35,0,74256384,1,91.14,0.00,1565821952,1024,1052916224
107.8583,1522413568,2854.8100,3024.13,0,74256384,1,95.38,0.00,1565821952,1024,1052916224
107.9638,1522413568,2857.9300,2956.83,0,74256384,1,92.70,0.00,1565821952,1024,1052944896
108.0743,1522413568,2861.2800,3032.13,0,74256384,1,95.04,0.00,1565821952,1024,1052944896
108.1801,1522413568,2864.4000,2948.81,0,74256384,1,91.56,0.00,1565821952,1024,1052944896
108.2862,1522413568,2867.6300,3045.37,0,74256384,1,95.46,0.00,1565821952,1024,1053067776
108.3916,1522413568,2870.7200,2931.77,0,74256384,1,90.43,0.00,1565821952,1024,1053067776
108.4976,1522413568,2873.9500,3046.26,0,74256384,1,96.08,0.00,1565821952,1024,1053067776
108.6029,1522413568,2877.0700,2964.13,0,74256384,1,96.79,0.00,1565821952,1024,1053067776
108.7103,1522413568,2880.3100,3016.38,0,74256384,1,89.32,0.00,1565555712,1024,1053067776
108.8160,1522413568,2883.4300,2950.09,0,74256384,1,93.96,0.00,1565555712,1024,1053067776
108.9216,1522413568,2886.5600,2965.73,0,74256384,1,99.19,0.00,1565555712,1024,1053067776
109.0308,1522413568,2889.8900,3047.96,0,74256384,1,87.24,0.00,1565555712,1024,1053067776
109.1364,1522413568,2893.0000,2946.02,0,74256384,1,96.50,0.00,1565555712,1024,1053067776
109.2419,1522413568,2896.2400,3071.93,0,74256384,1,93.63,0.00,1565555712,1024,1053067776
109.3503,1522413568,2899.4200,2931.93,0,74256384,1,89.89,0.00,1565555712,1024,1053067776
109.4563,1522413568,2902.4000,2811.85,0,74256384,1,92.00,0.00,1565551616,1024,1053100544
109.5618,1522413568,2905.5300,2967.73,0,74256384,1,93.04,0.00,1565551616,1024,1053100544
109.6707,1522413568,2908.6600,2872.84,0,74256384,1,85.76,0.00,1565551616,1024,1053100544
109.7761,1522413568,2911.6900,2876.79,0,74256384,1,91.09,0.00,1565551616,1024,1053100544
109.8818,1534603264,2914.7500,2895.01,0,74256384,1,90.76,0.00,1578658816,1024,1053100544
109.9872,1534603264,2917.6600,2758.61,0,74256384,1,85.91,0.00,1578658816,1024,1053100544
110.0922,1553477632,2920.3500,2563.62,0,74256384,1,79.82,0.00,1598581760,1024,1053100544
110.1979,1569206272,2922.8900,2402.93,0,74256384,1,75.09,0.00,1614572544,1024,1053100544
110.3034,1578303488,2925.1300,2123.38,0,74256384,1,66.65,0.00,1623243776,1024,1053100544
110.4084,1578303488,2927.3300,2095.51,0,74256384,1,66.97,0.00,1623243776,1024,1053100544
110.5132,1578303488,2929.6400,2202.63,0,74256384,1,70.02,0.00,1622985728,1024,1053100544
110.6188,1578303488,2932.1300,2357.73,0,74256384,1,70.42,0.00,1622727680,1024,1053100544
110.7238,1578303488,2934.5800,2334.44,0,74256384,1,73.55,0.00,1623018496,1024,1053100544
110.8290,1587740672,2937.0300,2328.43,0,74256384,1,75.14,0.00,1632717824,1024,1053100544
110.9342,1587740672,2939.5100,2357.12,0,74256384,1,70.69,0.00,1632451584,1024,1053100544
111.0393,1587740672,2941.9000,2275.52,0,74256384,1,71.41,0.00,1632451584,1024,1053100544
111.1448,1607794688,2944.2300,2206.54,0,74256384,1,71.32,0.00,1652636672,1024,1053100544
111.2498,1607794688,2946.5000,2162.15,0,74256384,1,65.19,0.00,1652378624,1024,1053256192
111.3548,1616445440,2948.6700,2066.80,0,74256384,1,63.99,0.00,1661340672,1024,1053256192
111.4603,1627066368,2950.7300,1952.87,0,74256384,1,62.21,0.00,1671191552,1024,1053256192
111.5654,1645940736,2952.7000,1875.13,0,74256384,1,60.98,0.00,1689947136,1024,1053256192
111.6706,1666076672,2954.4200,1634.58,0,74256384,1,49.30,0.00,1709898752,1024,1053256192
111.7760,1684557824,2955.8500,1357.17,0,74256384,1,42.41,0.00,1731914752,1024,1053256192
111.8813,1722949632,2956.9200,1016.19,0,74256384,1,32.35,0.00,1768090624,1024,1056324096
111.9866,1733484544,2957.8100,844.71,0,74256384,1,25.21,0.00,1778150400,1024,1056393728
112.0918,1742921728,2958.5600,712.93,0,74256384,1,21.98,0.00,1787845632,1024,1056393728
112.1970,1742921728,2959.2900,693.82,0,74256384,1,22.87,0.00,1787845632,1024,1056393728
112.3022,1783054336,2959.9200,599.18,0,74256384,1,17.24,0.00,1828215808,1024,1056393728
112.4075,1802555392,2960.1200,189.92,0,74256384,1,5.94,0.00,1847876608,1024,1056430592
112.5126,1803341824,2960.2200,95.18,0,74256384,1,3.27,0.00,1854950400,1024,1056578048
112.6177,1904570368,2962.8300,2482.23,0,74256384,1,82.92,0.00,1950813184,1024,1056606720
112.7268,1904570368,2966.1500,3042.16,0,74256384,1,91.06,0.00,1950723072,1024,1056606720
112.8322,1904570368,2969.3700,3056.62,0,74256384,1,95.52,0.00,1950723072,1024,1056606720
112.9374,1904570368,2972.6000,3070.89,0,74256384,1,100.12,0.00,1950723072,1024,1056606720
113.0502,1904570368,2976.1900,3182.37,0,74256384,1,95.57,0.00,1950723072,1024,1057106432
113.1547,1904570368,2979.4100,3079.85,0,74256384,1,96.84,0.00,1950723072,1024,1057106432
113.2602,1904570368,2982.6300,3053.60,0,74256384,1,95.72,0.00,1950718976,1024,1057106432
113.3651,1904570368,2985.8600,3078.65,0,74256384,1,99.19,0.00,1950718976,1024,1057106432
113.4701,1904570368,2989.2000,3180.45,0,74256384,1,95.82,0.00,1950718976,1024,1057106432
113.5756,1904570368,2992.4300,3060.32,0,74256384,1,96.23,0.00,1950718976,1024,1057106432
113.6810,1904570368,2995.6500,3057.87,0,74256384,1,99.71,0.00,1950718976,1024,1057106432
113.7903,1904570368,2999.1200,3173.22,0,74256384,1,94.59,0.00,1950981120,1024,1057106432
113.8959,1904570368,3002.3200,3031.58,0,74256384,1,95.33,0.00,1950977024,1024,1057106432
114.0017,1904570368,3005.5400,3043.14,0,74256384,1,99.23,0.00,1950977024,1024,1057106432
114.1067,1904570368,3008.8900,3188.14,0,74256384,1,95.17,0.00,1950723072,1024,1057106432
114.2124,1904570368,3012.1100,3048.76,0,74256384,1,94.98,0.00,1950460928,1024,1057106432
114.3246,1904570368,3015.5800,3091.06,0,74256384,1,100.49,0.00,1950460928,1024,1057106432
114.4296,1904570368,3018.8100,3075.44,0,74256384,1,99.98,0.00,1950456832,1024,1057106432
114.5389,1904570368,3022.2800,3177.17,0,74256384,1,92.42,0.00,1950456832,1024,1057106432
114.6437,1904570368,3025.4700,3043.51,0,74256384,1,95.41,0.00,1950452736,1024,1057106432
114.7492,1904570368,3028.5900,2956.35,0,74256384,1,99.20,0.00,1950452736,1024,1057106432
114.8584,1904570368,3032.0600,3177.89,0,74256384,1,92.73,0.00,1950452736,1024,1057106432
114.9639,1904570368,3035.2800,3051.08,0,74256384,1,95.35,0.00,1950452736,1024,1057106432
115.0696,1904570368,3038.5100,3058.39,0,74256384,1,98.24,0.00,1950452736,1024,1057106432
115.1745,1904570368,3041.8500,3181.63,0,74256384,1,96.45,0.00,1950452736,1024,1057106432
115.2804,1904570368,3045.0700,3041.95,0,74256384,1,99.19,0.00,1950452736,1024,1057249792
115.3887,1904570368,3048.4200,3093.27,0,74256384,1,95.80,0.00,1950448640,1024,1057249792
115.4939,1904570368,3051.7700,3182.86,0,74256384,1,96.20,0.00,1950448640,1024,1057249792
115.5997,1904570368,3054.9300,2986.74,0,74256384,1,93.63,0.00,1950448640,1024,1057249792
115.7047,1904570368,3058.0900,3011.57,0,74256384,1,97.39,0.00,1950448640,1024,1057409536
115.8093,1904570368,3061.3000,3066.99,0,74256384,1,99.72,0.00,1950448640,1024,1057409536
115.9191,1904570368,3064.7600,3153.25,0,74256384,1,92.27,0.00,1950448640,1024,1057409536
116.0240,1904570368,3067.9900,3077.11,0,74256384,1,95.86,0.00,1950448640,1024,1057483264
116.1290,1904570368,3071.2200,3077.78,0,74256384,1,98.86,0.00,1950444544,1024,1057483264
116.2347,1904570368,3074.5600,3158.33,0,74256384,1,95.74,0.00,1950440448,1024,1057483264
116.3400,1904570368,3077.7200,3001.12,0,74256384,1,94.08,0.00,1950702592,1024,1057483264
116.4458,1904570368,3080.9600,3061.41,0,74256384,1,95.37,0.00,1950702592,1024,1057483264
116.5542,1904570368,3084.2300,3018.79,0,74256384,1,94.05,0.00,1950702592,1024,1057483264
116.6622,1904570368,3087.5200,3046.28,0,74256384,1,95.49,0.00,1950702592,1024,1057483264
116.7702,1904570368,3090.8500,3083.36,0,74256384,1,95.78,0.00,1950698496,1024,1057483264
116.8758,1904570368,3094.0800,3057.32,0,74256384,1,96.13,0.00,1950960640,1024,1057483264
116.9812,1904570368,3097.3300,3082.99,0,74256384,1,104.05,0.00,1951222784,1024,1063593472
117.0910,1904570368,3100.9100,3262.69,0,74256384,1,94.27,0.00,1951222784,1024,1063593472
117.1965,1904570368,3104.1500,3069.68,0,74256384,1,99.78,0.00,1951222784,1024,1063593472
117.3025,1904570368,3107.4900,3151.23,0,74256384,1,95.23,0.00,1951222784,1024,1063593472
117.4077,1904570368,3110.7200,3070.39,0,74256384,1,98.92,0.00,1951222784,1024,1063593472
117.5150,1958842368,3113.7400,2814.85,0,74256384,1,85.05,0.00,2005744640,1024,1063613952
117.6222,1968279552,3116.4400,2518.97,0,74256384,1,78.43,0.00,2014944256,1024,1063683584
117.7277,1968279552,3119.0400,2464.03,0,74256384,1,77.89,0.00,2015095808,1024,1063683584
117.8343,1968279552,3121.7400,2533.55,0,74256384,1,79.17,0.00,2015095808,1024,1063683584
117.9399,1977716736,3124.3400,2461.87,0,74256384,1,76.34,0.00,2024795136,1024,1063683584
118.0491,1977716736,3126.9200,2361.67,0,74256384,1,75.52,0.00,2024795136,1024,1063683584
118.1542,1977716736,3129.4000,2360.57,0,74256384,1,72.58,0.00,2024795136,1024,1063683584
118.2595,1977716736,3131.8900,2364.66,0,74256384,1,73.90,0.00,2024791040,1024,1063757312
118.3651,1977716736,3134.3900,2367.42,0,74256384,1,78.72,0.00,2024791040,1024,1063757312
118.4749,1977716736,3137.0700,2439.26,0,74256384,1,71.96,0.00,2025053184,1024,1063757312
118.5796,1977716736,3139.5700,2388.10,0,74256384,1,74.33,0.00,2024815616,1024,1063757312
118.6851,1987153920,3142.0300,2333.21,0,74256384,1,75.88,0.00,2034277376,1024,1063757312
118.7906,1987153920,3144.5100,2349.72,0,74256384,1,70.17,0.00,2034277376,1024,1063814656
118.8961,1996591104,3146.8500,2218.46,0,74256384,1,69.33,0.00,2043976704,1024,1063814656
119.0022,1996591104,3149.2200,2233.52,0,74256384,1,69.50,0.00,2043976704,1024,1063814656
119.1082,1996591104,3151.5100,2160.44,0,74256384,1,67.81,0.00,2043972608,1024,1063814656
119.2140,2025295872,3153.8000,2163.43,0,74256384,1,68.49,0.00,2072837120,1024,1063839232
119.3191,2074583040,3155.6900,1798.59,0,74256384,1,55.31,0.00,2128669696,1024,1063839232
119.4244,2111795200,3156.8700,1120.59,0,74256384,1,33.24,0.00,2159864832,1024,1063839232
119.5296,2121232384,3157.8700,950.55,0,74256384,1,30.30,0.00,2169322496,1024,1063863808
119.6348,2132008960,3158.7400,827.39,0,74256384,1,26.15,0.00,2179628032,1024,1063863808
119.7405,2132008960,3159.5700,784.98,0,74256384,1,25.12,0.00,2179386368,1024,1063863808
119.8468,2132008960,3160.4300,808.80,0,74256384,1,24.98,0.00,2179648512,1024,1063863808
119.9528,2160320512,3161.2200,745.34,0,74256384,1,24.18,0.00,2208504832,1024,1063863808
120.0622,2305519616,3161.9100,630.86,0,74256384,1,22.86,0.00,2352675840,1024,1063863808
120.1717,2306170880,3165.0400,2857.99,0,74256384,1,85.89,0.00,2353712128,1024,1063863808
120.2862,2306170880,3168.3600,2901.11,0,74256384,1,90.93,0.00,2353015808,1024,1063863808
120.3917,2306170880,3171.4400,2918.58,0,74256384,1,91.50,0.00,2353015808,1024,1063863808
120.4969,2306170880,3174.5600,2965.53,0,74256384,1,95.94,0.00,2353011712,1024,1063863808
120.6028,2306170880,3177.8000,3059.41,0,74256384,1,94.13,0.00,2352778240,1024,1063863808
120.7083,2306170880,3180.9200,2958.62,0,74256384,1,90.68,0.00,2352569344,1024,1063863808
120.8140,2306170880,3184.1600,3064.91,0,74256384,1,96.96,0.00,2352569344,1024,1063863808
120.9222,2306170880,3187.4000,2994.71,0,74256384,1,95.90,0.00,2352569344,1024,1063863808
121.0384,2306170880,3190.8600,2976.83,0,74256384,1,89.80,0.00,2352331776,1024,1063863808
121.1441,2306170880,3193.9800,2951.45,0,74256384,1,94.01,0.00,2352331776,1024,1063904768
121.2501,2306170880,3197.2200,3057.52,0,74256384,1,94.37,0.00,2352327680,1024,1064056320
121.3558,2306170880,3200.3400,2950.78,0,74256384,1,92.80,0.00,2352327680,1024,1064056320
121.4616,2306170880,3203.4100,2903.27,0,74256384,1,94.86,0.00,2352327680,1024,1064056320
121.5672,2306170880,3206.6400,3057.15,0,74256384,1,90.80,0.00,2352327680,1024,1064056320
121.6728,2306170880,3209.7700,2964.43,0,74256384,1,96.78,0.00,2352327680,1024,1064056320
121.7778,2306170880,3213.0000,3075.09,0,74256384,1,91.34,0.00,2352327680,1024,1064056320
121.8835,2306170880,3216.1200,2953.19,0,74256384,1,94.36,0.00,2352327680,1024,1064080896
121.9892,2306170880,3219.2400,2950.86,0,74256384,1,98.72,0.00,2352327680,1024,1064080896
122.0987,2306170880,3222.6000,3070.15,0,74256384,1,87.66,0.00,2352323584,1024,1067996160
122.2040,2306170880,3225.7200,2962.42,0,74256384,1,94.36,0.00,2352323584,1024,1067996160
122.3092,2306170880,3228.8400,2963.76,0,74256384,1,94.99,0.00,2352323584,1024,1067996160
122.4150,2306170880,3232.0800,3062.40,0,74256384,1,93.04,0.00,2352323584,1024,1068033024
122.5209,2306170880,3235.2000,2947.45,0,74256384,1,95.95,0.00,2352323584,1024,1068033024
122.6262,2306170880,3238.4300,3068.33,0,74256384,1,94.99,0.00,2352319488,1024,1068033024
122.7350,2306170880,3241.6700,2978.46,0,74256384,1,90.49,0.00,2352081920,1024,1068033024
122.8407,2306170880,3244.8000,2960.55,0,74256384,1,96.06,0.00,2352081920,1024,1068033024
122.9466,2306170880,3248.0300,3050.34,0,74256384,1,90.60,0.00,2352081920,1024,1068033024
123.0521,2306170880,3251.1500,2956.33,0,74256384,1,92.68,0.00,2352081920,1024,1068033024
123.1583,2306170880,3254.3900,3050.82,0,74256384,1,94.75,0.00,2352081920,1024,1068033024
123.2642,2306170880,3257.5100,2947.47,0,74256384,1,93.58,0.00,2352081920,1024,1068033024
123.3731,2306170880,3260.7500,2972.78,0,74256384,1,96.34,0.00,2352077824,1024,1068033024
123.4786,2306170880,3263.9900,3071.48,0,74256384,1,90.95,0.00,2352077824,1024,1068033024
123.5842,2306170880,3267.1100,2956.13,0,74256384,1,93.86,0.00,2352077824,1024,1068033024
123.6900,2306170880,3270.3500,3061.94,0,74256384,1,94.50,0.00,2351602688,1024,1068102656
123.7973,2306170880,3273.4700,2907.01,0,74256384,1,94.05,0.00,2351864832,1024,1068102656
123.9031,2306170880,3276.7100,3063.38,0,74256384,1,93.37,0.00,2351864832,1024,1068102656
124.0079,2306170880,3279.9000,3044.76,0,74256384,1,94.55,0.00,2351864832,1024,1068135424
124.1130,2306170880,3283.0900,3032.69,0,74256384,1,99.23,0.00,2351864832,1024,1068135424
124.2188,2306170880,3286.3600,3092.70,0,74256384,1,91.92,0.00,2351602688,1024,1068135424
124.3243,2306170880,3289.4800,2955.73,0,74256384,1,93.25,0.00,2351598592,1024,1068147712
124.4343,2306170880,3292.8400,3055.10,0,74256384,1,95.47,0.00,2351598592,1024,1068147712
124.5400,2306170880,3295.9600,2951.97,0,74256384,1,91.36,0.00,2351598592,1024,1068147712
124.6455,2306170880,3299.0800,2958.80,0,74256384,1,96.02,0.00,2351598592,1024,1068147712
124.7514,2306170880,3302.3100,3049.33,0,74256384,1,92.34,0.00,2351598592,1024,1068147712
124.8575,2306170880,3305.4400,2949.47,0,74256384,1,95.41,0.00,2351598592,1024,1068147712
124.9633,2310889472,3308.6700,3051.90,0,74256384,1,93.01,0.00,2356575232,1024,1068147712
125.0693,2323865600,3311.5600,2726.99,0,74256384,1,87.87,0.00,2369354752,1024,1068147712
125.1748,2323865600,3314.4600,2748.05,0,74256384,1,86.17,0.00,2369616896,1024,1068147712
125.2827,2323865600,3317.2500,2585.75,0,74256384,1,77.91,0.00,2369403904,1024,1068147712
125.3902,2323865600,3320.0500,2606.27,0,74256384,1,81.16,0.00,2369403904,1024,1068147712
125.4960,2323865600,3322.6600,2466.35,0,74256384,1,76.78,0.00,2369403904,1024,1068147712
125.6017,2323865600,3325.2800,2477.58,0,74256384,1,78.02,0.00,2369403904,1024,1068147712
125.7071,2324258816,3327.7700,2362.79,0,74256384,1,72.35,0.00,2369403904,1024,1068147712
125.8130,2324258816,3330.1600,2256.78,0,74256384,1,73.77,0.00,2369203200,1024,1068147712
125.9185,2324258816,3332.6500,2360.74,0,74256384,1,71.70,0.00,2369203200,1024,1068147712
126.0240,2324258816,3335.0400,2266.38,0,74256384,1,71.12,0.00,2369272832,1024,1068147712
126.1294,2327797760,3337.1700,2020.68,0,74256384,1,64.04,0.00,2372721664,1024,1068147712
126.2350,2327797760,3339.2300,1951.05,0,74256384,1,58.60,0.00,2372496384,1024,1068147712
126.3400,2327797760,3341.2000,1874.57,0,74256384,1,59.47,0.00,2372496384,1024,1068217344
126.4453,2327797760,3343.1800,1880.65,0,74256384,1,59.66,0.00,2372496384,1024,1068241920
126.5510,2329370624,3345.1600,1873.45,0,74256384,1,57.66,0.00,2374065152,1024,1068241920
126.6559,2329763840,3346.8500,1611.50,0,74256384,1,50.06,0.00,2374142976,1024,1068241920
126.7609,2329763840,3348.3800,1457.03,0,74256384,1,47.02,0.00,2373954560,1024,1068299264
126.8663,2331336704,3349.8100,1357.16,0,74256384,1,40.34,0.00,2376313856,1024,1068299264
126.9715,2334482432,3350.9700,1102.04,0,74256384,1,34.44,0.00,2379234304,1024,1068299264
127.0767,2336055296,3351.9200,903.29,0,74256384,1,29.71,0.00,2381069312,1024,1068299264
127.1819,2336055296,3352.6600,703.40,0,74256384,1,20.50,0.00,2381331456,1024,1068299264
127.2869,2337628160,3353.0700,390.29,0,74256384,1,13.39,0.00,2383047680,1024,1071529984
127.3922,2342207488,3353.2900,208.96,0,74256384,1,9.20,0.00,2389834752,1024,1071529984
127.5049,2344304640,3356.6600,2991.77,0,74256384,1,95.71,0.00,2389847040,1024,1071529984
127.6105,2344304640,3360.0100,3171.18,0,74256384,1,95.85,0.00,2389847040,1024,1071529984
127.7162,2344304640,3363.2300,3047.03,0,74256384,1,95.81,0.00,2389625856,1024,1071591424
127.8216,2344304640,3366.4600,3064.94,0,74256384,1,98.45,0.00,2389183488,1024,1071591424
127.9268,2344304640,3369.8000,3173.23,0,74256384,1,95.60,0.00,2389179392,1024,1071865856
128.0361,2344304640,3373.1500,3066.25,0,74256384,1,95.25,0.00,2389179392,1024,1071865856
128.1418,2344304640,3376.4900,3160.54,0,74256384,1,99.65,0.00,2389179392,1024,1071865856
128.2471,2344304640,3379.7200,3066.35,0,74256384,1,95.53,0.00,2389179392,1024,1071865856
128.3527,2344304640,3382.8600,2973.62,0,74256384,1,96.18,0.00,2389179392,1024,1071865856
128.4622,2344304640,3386.2600,3105.62,0,74256384,1,94.20,0.00,2389179392,1024,1071865856
128.5678,2344304640,3389.4800,3048.81,0,74256384,1,95.28,0.00,2389179392,1024,1071865856
128.6733,2344304640,3392.7100,3062.42,0,74256384,1,98.66,0.00,2389175296,1024,1071865856
128.7787,2344304640,3396.0500,3168.13,0,74256384,1,99.89,0.00,2388892672,1024,1071865856
128.8868,2344304640,3399.4000,3098.31,0,74256384,1,93.06,0.00,2388892672,1024,1071865856
128.9918,2344304640,3402.6200,3067.26,0,74256384,1,96.45,0.00,2388892672,1024,1071865856
129.1023,2344304640,3406.0900,3139.67,0,74256384,1,97.83,0.00,2388892672,1024,1071865856
129.2084,2344304640,3409.2900,3017.38,0,74256384,1,98.12,0.00,2388892672,1024,1071865856
129.3142,2344304640,3412.6400,3165.93,0,74256384,1,94.51,0.00,2388892672,1024,1071865856
129.4197,2344304640,3415.8600,3050.70,0,74256384,1,96.22,0.00,2388892672,1024,1071865856
129.5258,2344304640,3419.2100,3157.93,0,74256384,1,102.22,0.00,2388888576,1024,1071865856
129.6346,2344304640,3422.5500,3070.91,0,74256384,1,91.94,0.00,2388888576,1024,1071865856
129.7406,2344304640,3425.7800,3046.11,0,74256384,1,99.32,0.00,2388888576,1024,1071865856
129.8461,2344304640,3429.1200,3166.48,0,74256384,1,95.40,0.00,2389150720,1024,1071865856
129.9543,2344304640,3432.4700,3095.45,0,74256384,1,96.44,0.00,2388892672,1024,1071865856
130.0603,2344304640,3435.6100,2963.23,0,74256384,1,92.90,0.00,2388892672,1024,1071865856
130.1660,2344304640,3438.9400,3149.29,0,74256384,1,102.55,0.00,2388888576,1024,1071865856
130.2747,2344304640,3442.2800,3073.49,0,74256384,1,91.73,0.00,2388888576,1024,1071865856
130.3799,2344304640,3445.5100,3069.49,0,74256384,1,96.22,0.00,2388888576,1024,1071865856
130.4856,2344304640,3448.7300,3045.95,0,74256384,1,98.73,0.00,2388888576,1024,1071865856
130.5909,2344304640,3452.0800,3182.18,0,74256384,1,96.47,0.00,2388888576,1024,1071865856
130.6966,2344304640,3455.3000,3045.79,0,74256384,1,98.73,0.00,2388888576,1024,1071865856
130.8023,2344304640,3458.6400,3159.29,0,74256384,1,95.48,0.00,2388888576,1024,1071865856
130.9080,2344304640,3461.8600,3047.50,0,74256384,1,94.94,0.00,2388884480,1024,1071865856
131.0142,2344304640,3465.2100,3155.27,0,74256384,1,106.25,0.00,2388745216,1024,1071865856
131.1268,2344304640,3468.6800,3081.53,0,74256384,1,89.08,0.00,2388745216,1024,1071865856
131.2321,2344304640,3471.9000,3057.00,0,74256384,1,96.42,0.00,2388745216,1024,1071865856
131.3422,2344304640,3475.3700,3152.70,0,74256384,1,98.24,0.00,2388745216,1024,1072013312
131.4474,2344304640,3478.6000,3069.79,0,74256384,1,95.34,0.00,2388745216,1024,1072013312
131.5527,2344304640,3481.8200,3056.83,0,74256384,1,99.38,0.00,2388745216,1024,1072013312
131.6585,2344304640,3485.1700,3166.04,0,74256384,1,95.39,0.00,2388741120,1024,1072013312
131.7644,2344304640,3488.3900,3042.46,0,74256384,1,98.62,0.00,2388741120,1024,1072013312
131.8703,2344304640,3491.7400,3163.81,0,74256384,1,95.92,0.00,2388741120,1024,1072013312
131.9754,2344304640,3494.9600,3062.65,0,74256384,1,98.98,0.00,2388741120,1024,1072013312
132.0827,2344304640,3498.3100,3121.89,0,74256384,1,94.06,0.00,2388741120,1024,1072013312
132.1886,2344304640,3501.5300,3040.32,0,74256384,1,99.14,0.00,2388741120,1024,1072013312
132.2983,2344304640,3505.0000,3163.22,0,74256384,1,94.86,0.00,2388737024,1024,1072013312
132.4031,2352168960,3507.6900,2565.93,0,74256384,1,79.89,0.00,2396568576,1024,1074160640
132.5091,2352168960,3510.0300,2207.86,0,74256384,1,71.65,0.00,2396568576,1024,1074160640
132.6148,2352168960,3512.4400,2280.20,0,74256384,1,68.60,0.00,2396449792,1024,1074160640
132.7200,2352168960,3514.7300,2177.58,0,74256384,1,68.05,0.00,2396449792,1024,1074160640
132.8262,2352168960,3517.1100,2241.72,0,74256384,1,69.76,0.00,2396449792,1024,1074160640
132.9316,2352168960,3519.3700,2143.71,0,74256384,1,67.29,0.00,2396371968,1024,1074160640
133.0376,2352168960,3521.7400,2235.26,0,74256384,1,70.74,0.00,2396158976,1024,1074160640
133.1430,2352168960,3524.0100,2153.82,0,74256384,1,66.71,0.00,2396158976,1024,1074160640
133.2487,2352168960,3526.2000,2072.93,0,74256384,1,66.85,0.00,2396158976,1024,1074160640
133.3537,2352168960,3528.4700,2161.41,0,74256384,1,65.16,0.00,2396158976,1024,1074160640
133.4587,2352168960,3530.6500,2075.26,0,74256384,1,65.45,0.00,2396158976,1024,1074160640
133.5646,2352168960,3532.8000,2029.95,0,74256384,1,64.62,0.00,2396421120,1024,1074160640
133.6695,2352168960,3534.8600,1963.69,0,74256384,1,61.66,0.00,2396421120,1024,1074160640
133.7748,2352168960,3536.9200,1956.80,0,74256384,1,58.48,0.00,2396421120,1024,1074160640
133.8802,2352168960,3538.8900,1869.65,0,74256384,1,59.61,0.00,2396683264,1024,1074160640
133.9851,2352168960,3540.8700,1886.89,0,74256384,1,59.86,0.00,2396425216,1024,1074160640
134.0904,2352168960,3542.9200,1946.98,0,74256384,1,59.66,0.00,2396421120,1024,1074160640
134.1958,2352168960,3544.7500,1735.78,0,74256384,1,53.65,0.00,2396359680,1024,1074160640
134.3010,2352168960,3545.7400,941.47,0,74256384,1,30.91,0.00,2396621824,1024,1074390016
134.4057,2352168960,3546.6800,897.34,0,74256384,1,25.95,0.00,2396617728,1024,1074390016
134.5113,2352168960,3547.5100,786.10,0,74256384,1,25.75,0.00,2396617728,1024,1074390016
134.6168,2352168960,3548.3400,786.69,0,74256384,1,25.18,0.00,2396617728,1024,1074390016
134.7219,2352168960,3549.2100,828.07,0,74256384,1,25.58,0.00,2396388352,1024,1074390016
134.8271,2352168960,3549.9500,703.53,0,74256384,1,21.09,0.00,2396388352,1024,1074390016
134.9342,2357682176,3551.1500,1120.32,0,74256384,1,38.22,0.00,2404764672,1024,1074390016
135.0406,2357682176,3554.1700,2837.93,0,74256384,1,91.03,0.00,2404252672,1024,1074390016
135.1459,2357682176,3557.3800,3048.03,0,74256384,1,93.47,0.00,2403998720,1024,1074390016
135.2543,2357682176,3560.6200,2988.73,0,74256384,1,93.69,0.00,2403998720,1024,1074390016
135.3603,2357682176,3563.7400,2945.21,0,74256384,1,94.10,0.00,2403998720,1024,1074390016
135.4654,2357682176,3566.8700,2976.82,0,74256384,1,93.92,0.00,2403998720,1024,1074390016
135.5710,2357682176,3570.1000,3058.24,0,74256384,1,92.32,0.00,2403998720,1024,1074390016
135.6769,2357682176,3573.3200,3040.57,0,74256384,1,98.85,0.00,2403994624,1024,1074390016
135.7820,2357682176,3576.6600,3178.77,0,74256384,1,99.34,0.00,2403740672,1024,1074390016
135.8909,2357682176,3580.0100,3076.41,0,74256384,1,92.41,0.00,2403740672,1024,1074390016
135.9961,2357682176,3583.2400,3071.48,0,74256384,1,95.69,0.00,2403486720,1024,1074390016
136.1020,2357682176,3586.5800,3154.03,0,74256384,1,97.97,0.00,2403486720,1024,1074390016
136.2103,2357682176,3589.9300,3091.23,0,74256384,1,97.75,0.00,2403232768,1024,1074467840
136.3163,2357682176,3593.1500,3037.60,0,74256384,1,98.76,0.00,2403232768,1024,1074508800
136.4223,2357682176,3596.5000,3161.04,0,74256384,1,93.77,0.00,2402978816,1024,1074508800
136.5288,2357682176,3599.7200,3023.60,0,74256384,1,99.48,0.00,2402974720,1024,1074508800
136.6383,2357682176,3603.1900,3168.85,0,74256384,1,95.60,0.00,2402974720,1024,1074508800
136.7436,2357682176,3606.4200,3067.04,0,74256384,1,94.36,0.00,2402974720,1024,1074508800
136.8494,2357682176,3609.6400,3044.51,0,74256384,1,99.87,0.00,2402974720,1024,1074508800
136.9548,2357682176,3612.9900,3177.14,0,74256384,1,99.58,0.00,2402974720,1024,1074508800
137.0632,2357682176,3616.3300,3082.56,0,74256384,1,91.43,0.00,2402974720,1024,1074508800
137.1686,2357682176,3619.5600,3064.49,0,74256384,1,100.51,0.00,2402974720,1024,1074508800
137.2739,2357682176,3622.9000,3171.18,0,74256384,1,99.69,0.00,2402970624,1024,1074508800
137.3831,2357682176,3626.2500,3069.05,0,74256384,1,90.75,0.00,2402970624,1024,1074508800
137.4885,2357682176,3629.4700,3053.20,0,74256384,1,100.45,0.00,2402970624,1024,1076984320
137.5945,2357682176,3632.8200,3159.97,0,74256384,1,94.92,0.00,2402970624,1024,1077033472
137.6999,2357682176,3636.0400,3055.46,0,74256384,1,96.08,0.00,2402827264,1024,1077033472
137.8059,2357682176,3639.3900,3160.59,0,74256384,1,98.47,0.00,2402835456,1024,1077033472
137.9131,2357682176,3642.6100,3003.35,0,74256384,1,97.64,0.00,2402831360,1024,1077090816
138.0181,2357682176,3646.0100,3239.16,0,74256384,1,100.03,0.00,2402573312,1024,1077090816
138.1268,2357682176,3649.4700,3181.96,0,74256384,1,97.14,0.00,2402573312,1024,1077090816
138.2326,2357682176,3652.8000,3149.18,0,74256384,1,101.96,0.00,2402573312,1024,1077090816
138.3386,2357682176,3656.2500,3252.19,0,74256384,1,98.39,0.00,2402573312,1024,1077090816
138.4443,2357682176,3659.5800,3151.28,0,74256384,1,102.03,0.00,2402573312,1024,1077164544
138.5496,2357682176,3662.9100,3164.09,0,74256384,1,98.58,0.00,2402569216,1024,1077164544
138.6585,2357682176,3666.4800,3278.22,0,74256384,1,99.29,0.00,2402569216,1024,1077164544
138.7637,2357682176,3669.7200,3077.55,0,74256384,1,94.69,0.00,2402569216,1024,1077164544
138.8694,2357682176,3672.9400,3046.43,0,74256384,1,100.23,0.00,2402569216,1024,1077164544
138.9783,2357682176,3676.4100,3186.81,0,74256384,1,96.14,0.00,2402294784,1024,1077230080
139.0841,2357682176,3679.6400,3054.27,0,74256384,1,93.97,0.00,2402294784,1024,1077230080
139.1899,2357682176,3682.9800,3157.12,0,74256384,1,100.14,0.00,2402294784,1024,1077230080
139.2955,2357682176,3686.2000,3048.06,0,74256384,1,95.84,0.00,2402294784,1024,1077230080
139.4024,2357682176,3689.5500,3135.06,0,74256384,1,96.51,0.00,2402552832,1024,1077230080
139.5091,2357682176,3692.7800,3026.75,0,74256384,1,98.98,0.00,2402552832,1024,1077279232
139.6182,2357682176,3696.2400,3171.84,0,74256384,1,96.26,0.00,2402552832,1024,1077279232
139.7236,2357682176,3699.4700,3063.97,0,74256384,1,94.27,0.00,2402552832,1024,1077279232
139.8289,2357682176,3702.6900,3057.66,0,74256384,1,100.30,0.00,2402552832,1024,1077279232
139.9347,2357682176,3705.3900,2551.88,0,74256384,1,75.61,0.00,2402548736,1024,1077279232
140.0397,2357682176,3707.7900,2285.37,0,74256384,1,71.12,0.00,2402810880,1024,1077279232
140.1447,2357682176,3710.1800,2277.32,0,74256384,1,74.14,0.00,2402810880,1024,1077279232
140.2494,2357682176,3712.5700,2281.94,0,74256384,1,70.12,0.00,2402814976,1024,1077279232
140.3545,2357682176,3715.0500,2358.67,0,74256384,1,72.22,0.00,2402814976,1024,1077279232
140.4601,2357682176,3717.4500,2273.87,0,74256384,1,70.47,0.00,2402814976,1024,1077279232
140.5651,2357682176,3719.7400,2181.71,0,74256384,1,70.86,0.00,2402814976,1024,1077279232
140.6701,2357682176,3722.0100,2161.53,0,74256384,1,64.27,0.00,2402814976,1024,1077279232
140.7757,2357682176,3724.1900,2064.82,0,74256384,1,65.71,0.00,2402814976,1024,1077279232
140.8814,2357682176,3726.3700,2060.60,0,74256384,1,66.46,0.00,2402823168,1024,1077279232
140.9862,2357682176,3728.6400,2167.15,0,74256384,1,65.64,0.00,2402827264,1024,1077279232
141.0913,2357682176,3730.8200,2074.38,0,74256384,1,64.23,0.00,2402827264,1024,1077279232
141.1966,2357682176,3733.0100,2079.14,0,74256384,1,67.94,0.00,2402827264,1024,1077279232
141.3016,2357682176,3735.0700,1962.31,0,74256384,1,61.02,0.00,2402659328,1024,1077426688
141.4067,2357682176,3737.1200,1950.55,0,74256384,1,59.17,0.00,2402659328,1024,1077426688
141.5116,2357682176,3739.1000,1888.03,0,74256384,1,58.11,0.00,2402655232,1024,1077426688
141.6171,2357682176,3741.0700,1866.36,0,74256384,1,61.28,0.00,2402655232,1024,1077426688
141.7219,2357682176,3742.9500,1794.32,0,74256384,1,54.58,0.00,2402655232,1024,1077807616
141.8270,2357682176,3744.2100,1199.08,0,74256384,1,36.58,0.00,2402409472,1024,1077807616
141.9319,2357682176,3745.3000,1038.75,0,74256384,1,32.16,0.00,2402409472,1024,1077807616
142.0372,2357682176,3746.2200,873.82,0,74256384,1,27.31,0.00,2402241536,1024,1077807616
142.1427,2357682176,3747.0900,824.25,0,74256384,1,25.17,0.00,2402241536,1024,1077807616
142.2480,2357682176,3747.8600,731.86,0,74256384,1,22.57,0.00,2402237440,1024,1077807616
142.3531,2357682176,3748.5200,627.97,0,74256384,1,20.22,0.00,2401975296,1024,1077844480
142.4581,2357682176,3748.7700,238.01,0,74256384,1,6.55,0.00,2401979392,1024,1077844480
142.5632,2358075392,3748.9900,209.24,0,74256384,1,7.13,0.00,2404088832,1024,1081444352
142.6697,2340904960,3752.0300,2856.49,0,74256384,1,91.61,0.00,2387573760,1024,1081501696
142.7752,2340904960,3755.1500,2955.19,0,74256384,1,92.65,0.00,2387323904,1024,1081501696
142.8806,2340904960,3758.2900,2979.57,0,74256384,1,95.78,0.00,2387074048,1024,1081501696
142.9861,2340904960,3761.6300,3168.04,0,74256384,1,96.33,0.00,2386570240,1024,1081501696
143.0916,2340904960,3764.8600,3060.86,0,74256384,1,95.36,0.00,2386320384,1024,1081501696
143.1976,2340904960,3768.0800,3038.12,0,74256384,1,98.48,0.00,2386582528,1024,1081501696
143.3024,2340904960,3771.4300,3195.80,0,74256384,1,95.99,0.00,2386582528,1024,1081743360
143.4086,2340904960,3774.6500,3032.02,0,74256384,1,99.16,0.00,2386734080,1024,1081743360
143.5142,2340904960,3778.0000,3171.97,0,74256384,1,95.57,0.00,2386471936,1024,1081743360
143.6192,2340904960,3781.2300,3077.69,0,74256384,1,95.28,0.00,2386471936,1024,1081743360
143.7250,2340904960,3784.4500,3042.23,0,74256384,1,103.04,0.00,2386467840,1024,1081743360
143.8345,2340904960,3788.0300,3269.76,0,74256384,1,95.33,0.00,2386734080,1024,1081743360
143.9400,2340904960,3791.3600,3156.21,0,74256384,1,97.74,0.00,2386467840,1024,1081743360
144.0452,2340904960,3794.6900,3164.95,0,74256384,1,103.06,0.00,2386463744,1024,1081772032
144.1507,2340904960,3798.1400,3270.20,0,74256384,1,98.94,0.00,2386463744,1024,1081772032
144.2559,2340904960,3801.4700,3165.84,0,74256384,1,98.64,0.00,2386463744,1024,1081772032
144.3616,2340904960,3804.8000,3151.32,0,74256384,1,101.73,0.00,2386463744,1024,1081772032
144.4702,2340904960,3808.3800,3296.07,0,74256384,1,99.84,0.00,2386463744,1024,1081772032
144.5757,2340904960,3811.7100,3155.91,0,74256384,1,98.62,0.00,2386463744,1024,1081772032
144.6815,2340904960,3815.0400,3147.33,0,74256384,1,101.60,0.00,2386459648,1024,1081772032
144.7873,2340904960,3818.4900,3260.84,0,74256384,1,98.65,0.00,2386459648,1024,1081772032
144.8982,2340904960,3822.0700,3226.84,0,74256384,1,100.28,0.00,2386459648,1024,1081772032
145.0038,2340904960,3825.3900,3143.61,0,74256384,1,98.83,0.00,2386459648,1024,1081772032
145.1096,2340904960,3828.6600,3091.14,0,74256384,1,100.14,0.00,2386459648,1024,1081772032
145.2148,2340904960,3832.0000,3175.64,0,74256384,1,95.67,0.00,2386459648,1024,1081772032
145.3207,2340904960,3835.2300,3049.29,0,74256384,1,98.83,0.00,2386459648,1024,1081772032
145.4266,2340904960,3838.5700,3155.38,0,74256384,1,95.06,0.00,2386455552,1024,1081772032
145.5319,2340904960,3841.8400,3106.03,0,74256384,1,97.36,0.00,2386455552,1024,1081772032
145.6373,2340904960,3845.0700,3064.75,0,74256384,1,103.19,0.00,2386455552,1024,1081772032
145.7472,2340904960,3848.5400,3155.70,0,74256384,1,90.94,0.00,2386455552,1024,1081772032
145.8525,2340904960,3851.7700,3068.54,0,74256384,1,100.35,0.00,2386455552,1024,1081772032
145.9582,2340904960,3855.1100,3157.99,0,74256384,1,93.96,0.00,2386455552,1024,1081772032
146.0639,2340904960,3858.3300,3046.45,0,74256384,1,96.98,0.00,2386455552,1024,1081772032
146.1691,2340904960,3861.5600,3072.57,0,74256384,1,98.69,0.00,2386451456,1024,1081800704
146.2782,2340904960,3865.0300,3180.39,0,74256384,1,95.09,0.00,2386451456,1024,1081800704
146.3839,2340904960,3868.2500,3045.84,0,74256384,1,96.96,0.00,2386451456,1024,1081800704
146.4896,2340904960,3871.4800,3056.90,0,74256384,1,97.89,0.00,2386451456,1024,1081800704
146.5955,2340904960,3874.8200,3152.52,0,74256384,1,96.16,0.00,2386451456,1024,1081800704
146.7012,2340904960,3878.0500,3054.32,0,74256384,1,101.95,0.00,2386451456,1024,1081866240
146.8103,2340904960,3881.5200,3183.09,0,74256384,1,92.02,0.00,2386709504,1024,1081866240
146.9157,2340904960,3884.7400,3054.66,0,74256384,1,96.64,0.00,2386709504,1024,1082173440
147.0215,2340904960,3887.9600,3041.72,0,74256384,1,98.60,0.00,2386447360,1024,1082173440
147.1268,2340904960,3891.3100,3183.91,0,74256384,1,95.64,0.00,2386447360,1024,1082173440
147.2325,2340904960,3894.5300,3046.07,0,74256384,1,99.33,0.00,2386447360,1024,1082173440
147.3423,2340904960,3898.0000,3159.41,0,74256384,1,95.03,0.00,2386447360,1024,1082173440
147.4478,2340904960,3901.2200,3052.26,0,74256384,1,95.38,0.00,2386447360,1024,1082181632
147.5535,2340904960,3904.4500,3054.23,0,74256384,1,99.29,0.00,2386443264,1024,1082181632
147.6590,2340904960,3907.7900,3167.94,0,74256384,1,94.55,0.00,2386443264,1024,1085243904
147.7654,2340904960,3911.0200,3034.43,0,74256384,1,99.23,0.00,2386443264,1024,1086206976
147.8713,2340904960,3914.3700,3163.21,0,74256384,1,94.72,0.00,2386443264,1024,1086206976
147.9783,2340904960,3917.7100,3122.48,0,74256384,1,97.87,0.00,2386443264,1024,1086206976
148.0835,2340904960,3920.9400,3069.18,0,74256384,1,95.91,0.00,2386443264,1024,1086206976
148.1898,2340904960,3924.2800,3142.04,0,74256384,1,98.19,0.00,2386443264,1024,1086206976
148.2961,2340904960,3927.5100,3038.96,0,74256384,1,95.26,0.00,2386439168,1024,1086206976
148.4063,2340904960,3930.9800,3148.99,0,74256384,1,98.41,0.00,2386439168,1024,1086264320
148.5122,2340904960,3934.2000,3042.40,0,74256384,1,94.78,0.00,2386439168,1024,1086338048
148.6180,2340904960,3937.5400,3156.22,0,74256384,1,98.93,0.00,2386439168,1024,1086338048
148.7238,2340904960,3940.7700,3051.04,0,74256384,1,95.64,0.00,2386435072,1024,1086415872
148.8295,2340904960,3943.9900,3047.41,0,74256384,1,98.78,0.00,2386435072,1024,1086473216
148.9353,2340904960,3947.3400,3166.42,0,74256384,1,95.41,0.00,2386435072,1024,1086698496
149.0423,2340904960,3950.6800,3121.77,0,74256384,1,97.85,0.00,2386435072,1024,1086698496
149.1480,2340904960,3953.9100,3055.08,0,74256384,1,95.18,0.00,2386435072,1024,1086698496
149.2535,2340904960,3957.1300,3053.33,0,74256384,1,99.27,0.00,2386377728,1024,1086698496
149.3594,2340904960,3960.4800,3161.36,0,74256384,1,94.66,0.00,2386377728,1024,1086698496
149.4647,2340904960,3963.7000,3057.77,0,74256384,1,99.71,0.00,2386377728,1024,1086727168
149.5732,2340904960,3967.0500,3087.52,0,74256384,1,96.49,0.00,2386377728,1024,1086727168
149.6790,2340904960,3970.4000,3168.59,0,74256384,1,94.88,0.00,2386377728,1024,1086727168
149.7847,2340904960,3973.6200,3044.44,0,74256384,1,99.28,0.00,2386373632,1024,1086727168
149.8906,2340904960,3976.9700,3166.02,0,74256384,1,98.94,0.00,2386373632,1024,1086727168
149.9989,2340904960,3980.3100,3082.45,0,74256384,1,92.58,0.00,2386373632,1024,1086727168
150.1045,2340904960,3983.4300,2955.40,0,74256384,1,95.91,0.00,2386373632,1024,1086727168
150.2099,2340904960,3986.5600,2969.69,0,74256384,1,95.77,0.00,2386373632,1024,1086727168
150.3230,2340904960,3989.8000,2864.39,0,74256384,1,83.71,0.00,2386373632,1024,1086727168
150.4283,2340904960,3992.8800,2925.40,0,74256384,1,91.12,0.00,2386373632,1024,1086727168
150.5338,2340904960,3996.1200,3070.63,0,74256384,1,99.51,0.00,2386369536,1024,1086727168
150.6431,2340904960,3999.3600,2964.33,0,74256384,1,88.92,0.00,2386369536,1024,1086727168
150.7482,2340904960,4002.4800,2969.09,0,74256384,1,92.78,0.00,2386369536,1024,1086727168
150.8624,2340904960,4005.9500,3038.01,0,74256384,1,95.21,0.00,2386369536,1024,1086727168
150.9681,2340904960,4009.0800,2961.06,0,74256384,1,92.24,0.00,2386369536,1024,1086727168
151.0735,2340904960,4012.2000,2959.47,0,74256384,1,96.34,0.00,2386369536,1024,1086727168
151.1789,2340904960,4015.4300,3063.76,0,74256384,1,92.78,0.00,2386369536,1024,1086727168
151.2848,2340904960,4018.5500,2946.32,0,74256384,1,95.02,0.00,2386365440,1024,1086956544
151.3902,2340904960,4021.7900,3073.76,0,74256384,1,92.79,0.00,2386365440,1024,1086956544
151.4954,2340904960,4024.9100,2966.75,0,74256384,1,92.41,0.00,2386365440,1024,1086956544
151.6012,2340904960,4028.0300,2949.62,0,74256384,1,95.72,0.00,2386365440,1024,1086956544
151.7102,2340904960,4031.3900,3083.11,0,74256384,1,93.19,0.00,2386365440,1024,1086956544
151.8156,2340904960,4034.5100,2959.07,0,74256384,1,92.17,0.00,2386365440,1024,1086956544
151.9212,2340904960,4037.6300,2954.56,0,74256384,1,95.88,0.00,2386361344,1024,1086956544
152.0267,2340904960,4040.8600,3061.66,0,74256384,1,92.42,0.00,2386361344,1024,1086956544
152.1320,2340904960,4043.9800,2962.16,0,74256384,1,92.86,0.00,2386361344,1024,1086956544
152.2418,2340904960,4047.3400,3059.95,0,74256384,1,95.34,0.00,2386361344,1024,1086956544
152.3477,2340904960,4050.4600,2946.44,0,74256384,1,92.08,0.00,2386361344,1024,1086997504
152.4528,2340904960,4053.5800,2969.41,0,74256384,1,96.66,0.00,2386361344,1024,1086997504
152.5581,2340904960,4056.8200,3077.30,0,74256384,1,100.02,0.00,2386361344,1024,1087038464
152.6742,2340904960,4060.3000,2997.91,0,74256384,1,86.95,0.00,2386357248,1024,1087067136
152.7801,2340904960,4063.4200,2944.30,0,74256384,1,92.01,0.00,2386148352,1024,1089897984
152.8860,2340904960,4066.6600,3059.27,0,74256384,1,95.60,0.00,2386160640,1024,1091094016
152.9911,2340904960,4069.7600,2949.60,0,74256384,1,91.88,0.00,2386160640,1024,1091094016
153.0966,2340904960,4072.8300,2911.49,0,74256384,1,95.13,0.00,2386160640,1024,1091094016
153.2016,2340904960,4075.9500,2970.12,0,74256384,1,92.22,0.00,2386160640,1024,1091094016
153.3065,2340904960,4079.1900,3088.81,0,74256384,1,93.55,0.00,2386160640,1024,1091094016
153.4115,2340904960,4082.3100,2972.30,0,74256384,1,92.59,0.00,2386160640,1024,1091094016
153.5223,2340904960,4085.6700,3032.05,0,74256384,1,94.47,0.00,2386156544,1024,1091094016
153.6277,2340904960,4088.7900,2961.34,0,74256384,1,92.84,0.00,2386156544,1024,1091094016
153.7327,2340904960,4091.9100,2969.69,0,74256384,1,96.07,0.00,2386156544,1024,1091094016
153.8385,2340904960,4095.1400,3054.48,0,74256384,1,92.79,0.00,2386418688,1024,1091094016
153.9431,2340904960,4098.2600,2983.54,0,74256384,1,92.64,0.00,2386156544,1024,1091245568
154.0478,2340904960,4101.3800,2978.10,0,74256384,1,93.36,0.00,2386156544,1024,1091245568
154.1535,2340904960,4104.5000,2952.51,0,74256384,1,95.52,0.00,2386156544,1024,1091245568
154.2622,2340904960,4107.8600,3091.73,0,74256384,1,93.17,0.00,2386152448,1024,1091245568
154.3782,2340904960,4111.3400,2999.93,0,74256384,1,94.02,0.00,2386152448,1024,1091245568
154.4833,2340904960,4114.4600,2966.93,0,74256384,1,92.42,0.00,2385992704,1024,1091245568
154.5890,2340904960,4117.5800,2953.72,0,74256384,1,95.85,0.00,2385992704,1024,1091245568
154.6941,2340904960,4120.8200,3082.72,0,74256384,1,92.77,0.00,2385992704,1024,1091245568
154.7996,2340904960,4123.9400,2955.88,0,74256384,1,92.96,0.00,2385992704,1024,1091245568
154.9048,2340904960,4127.0600,2966.19,0,74256384,1,96.26,0.00,2385992704,1024,1091315200
155.0104,2340904960,4130.2700,3041.17,0,74256384,1,91.19,0.00,2385988608,1024,1091315200
155.1154,2340904960,4133.3900,2969.79,0,74256384,1,103.81,0.00,2385988608,1024,1091315200
155.2305,2340904960,4136.8700,3023.50,0,74256384,1,84.44,0.00,2385988608,1024,1091315200
155.3361,2340904960,4139.9900,2955.80,0,74256384,1,92.37,0.00,2385988608,1024,1091315200
155.4415,2340904960,4143.1100,2959.02,0,74256384,1,99.88,0.00,2385988608,1024,1091315200
155.5504,2340904960,4146.4700,3085.16,0,74256384,1,89.24,0.00,2385988608,1024,1091315200
155.6561,2340904960,4149.5600,2922.99,0,74256384,1,93.41,0.00,2385988608,1024,1091315200
155.7619,2340904960,4152.8000,3062.90,0,74256384,1,93.65,0.00,2385984512,1024,1091315200
155.8671,2340904960,4155.9200,2964.94,0,74256384,1,93.25,0.00,2385984512,1024,1091315200
155.9723,2340904960,4159.0400,2965.62,0,74256384,1,92.38,0.00,2385984512,1024,1091315200
156.0772,2340904960,4162.1600,2976.44,0,74256384,1,96.59,0.00,2385984512,1024,1091315200
156.1829,2340904960,4165.3900,3054.34,0,74256384,1,91.61,0.00,2385984512,1024,1091315200
156.2902,2340904960,4168.5800,2974.31,0,74256384,1,93.53,0.00,2385984512,1024,1091315200
156.3950,2340904960,4171.6000,2879.81,0,74256384,1,89.99,0.00,2385984512,1024,1091315200
156.5062,2340904960,4174.8400,2915.45,0,74256384,1,91.67,0.00,2385980416,1024,1091315200
156.6117,2340904960,4177.8600,2863.14,0,74256384,1,88.88,0.00,2385980416,1024,1091315200
156.7263,2340904960,4181.2200,2931.60,0,74256384,1,92.16,0.00,2385980416,1024,1091315200
156.8309,2340904960,4184.2400,2885.38,0,74256384,1,89.57,0.00,2385980416,1024,1091315200
156.9362,2340904960,4187.2600,2868.16,0,74256384,1,89.63,0.00,2385980416,1024,1091315200
157.0418,2340904960,4190.3800,2954.82,0,74256384,1,92.04,0.00,2385980416,1024,1091315200
157.1467,2340904960,4193.4000,2878.18,0,74256384,1,90.54,0.00,2385976320,1024,1091315200
157.2518,2340904960,4196.4100,2864.52,0,74256384,1,89.22,0.00,2385976320,1024,1091315200
157.3574,2340904960,4199.4300,2860.18,0,74256384,1,93.23,0.00,2385976320,1024,1091315200
157.4632,2340904960,4202.5600,2959.64,0,74256384,1,88.06,0.00,2385976320,1024,1091315200
157.5691,2340904960,4205.5900,2861.46,0,74256384,1,93.26,0.00,2385976320,1024,1091315200
157.6744,2340904960,4208.8200,3066.77,0,74256384,1,92.87,0.00,2385976320,1024,1091315200
157.7823,2340904960,4212.0600,3002.36,0,74256384,1,92.95,0.00,2385726464,1024,1091315200
157.8881,2340904960,4215.0100,2789.35,0,74256384,1,88.05,0.00,2386242560,1024,1091315200
157.9936,2340904960,4217.9200,2756.91,0,74256384,1,89.41,0.00,2385988608,1024,1093969408
158.0996,2340904960,4220.9400,2849.64,0,74256384,1,87.87,0.00,2385988608,1024,1093969408
158.2066,2340904960,4223.9600,2822.75,0,74256384,1,86.46,0.00,2385722368,1024,1094026752
158.3122,2340904960,4226.7900,2678.49,0,74256384,1,82.52,0.00,2385718272,1024,1094026752
158.4180,2340904960,4229.7000,2751.92,0,74256384,1,88.95,0.00,2385718272,1024,1094125056
158.5270,2340904960,4232.5300,2595.29,0,74256384,1,79.38,0.00,2385718272,1024,1094125056
158.6342,2340904960,4235.3900,2668.95,0,74256384,1,82.53,0.00,2385718272,1024,1094125056
158.7398,2340904960,4238.2000,2660.59,0,74256384,1,85.81,0.00,2385714176,1024,1094133248
158.8470,2340904960,4241.1200,2722.64,0,74256384,1,83.04,0.00,2385714176,1024,1094133248
158.9543,2340904960,4243.9600,2647.20,0,74256384,1,82.72,0.00,2385714176,1024,1094133248
159.0600,2340904960,4246.6700,2563.84,0,74256384,1,81.01,0.00,2385714176,1024,1094133248
159.1663,2340904960,4249.5300,2691.96,0,74256384,1,83.54,0.00,2385714176,1024,1094133248
159.2719,2340904960,4252.3400,2660.19,0,74256384,1,86.09,0.00,2385714176,1024,1094133248
159.3791,2340904960,4255.2600,2723.46,0,74256384,1,82.78,0.00,2385714176,1024,1094133248
159.4892,2340904960,4258.0700,2552.59,0,74256384,1,82.04,0.00,2385976320,1024,1094133248
159.5946,2340904960,4260.7700,2561.88,0,74256384,1,76.80,0.00,2385972224,1024,1094133248
159.7002,2340904960,4263.3700,2461.48,0,74256384,1,78.70,0.00,2385972224,1024,1094133248
159.8062,2340904960,4265.9700,2453.19,0,74256384,1,75.48,0.00,2385972224,1024,1094133248
159.9118,2340904960,4268.4800,2377.20,0,74256384,1,73.40,0.00,2385972224,1024,1094133248
160.0176,2340904960,4270.9700,2354.09,0,74256384,1,77.41,0.00,2385714176,1024,1094133248
160.1230,2340904960,4273.5600,2455.24,0,74256384,1,72.58,0.00,2385710080,1024,1094133248
160.2289,2342084608,4276.0400,2343.86,0,74256384,1,76.79,0.00,2387020800,1024,1094133248
160.3339,2342084608,4278.5300,2371.24,0,74256384,1,70.83,0.00,2386766848,1024,1094133248
160.4390,2342084608,4280.9200,2273.48,0,74256384,1,71.64,0.00,2386766848,1024,1094133248
160.5446,2342084608,4283.3100,2263.51,0,74256384,1,73.10,0.00,2386766848,1024,1094133248
160.6497,2342084608,4285.7900,2359.41,0,74256384,1,71.65,0.00,2386766848,1024,1094133248
160.7550,2342084608,4288.1800,2270.50,0,74256384,1,70.95,0.00,2386762752,1024,1094133248
160.8604,2342871040,4290.5600,2256.77,0,74256384,1,72.01,0.00,2388069376,1024,1094133248
160.9662,2342871040,4292.9400,2250.09,0,74256384,1,68.25,0.00,2388077568,1024,1094133248
161.0709,2342871040,4295.2200,2177.41,0,74256384,1,68.64,0.00,2388032512,1024,1094133248
161.1758,2342871040,4297.5100,2182.25,0,74256384,1,67.90,0.00,2388032512,1024,1094133248
161.2813,2342871040,4299.7900,2162.29,0,74256384,1,69.35,0.00,2388032512,1024,1094284800
161.3863,2343657472,4301.9600,2066.08,0,74256384,1,62.48,0.00,2389081088,1024,1094284800
161.4915,2343657472,4304.0400,1977.17,0,74256384,1,61.79,0.00,2389081088,1024,1094284800
161.5964,2343657472,4306.1200,1982.51,0,74256384,1,65.23,0.00,2389081088,1024,1094284800
161.7013,2343657472,4308.2000,1983.80,0,74256384,1,61.10,0.00,2388823040,1024,1094284800
161.8065,2343657472,4310.3500,2043.84,0,74256384,1,61.79,0.00,2388818944,1024,1094284800
161.9114,2343657472,4312.3100,1868.40,0,74256384,1,58.69,0.00,2389343232,1024,1094284800
162.0162,2343657472,4314.1800,1784.19,0,74256384,1,55.76,0.00,2389339136,1024,1094284800
162.1213,2343657472,4316.0500,1779.77,0,74256384,1,57.11,0.00,2389339136,1024,1094284800
162.2263,2343657472,4318.0000,1856.86,0,74256384,1,56.24,0.00,2389343232,1024,1094284800
162.3311,2343657472,4319.8700,1783.46,0,74256384,1,55.44,0.00,2389081088,1024,1094325760
162.4364,2343657472,4321.6700,1709.22,0,74256384,1,56.38,0.00,2389089280,1024,1094325760
162.5414,2343657472,4323.4400,1685.40,0,74256384,1,51.78,0.00,2389089280,1024,1094325760
162.6465,2343657472,4325.1800,1656.29,0,74256384,1,49.68,0.00,2388884480,1024,1094325760
162.7518,2343657472,4326.7400,1481.38,0,74256384,1,45.70,0.00,2388884480,1024,1094325760
162.8570,2343657472,4328.3000,1483.34,0,74256384,1,48.73,0.00,2388880384,1024,1094325760
162.9622,2343657472,4329.9200,1539.47,0,74256384,1,45.14,0.00,2388880384,1024,1094325760
163.0670,2343657472,4331.4800,1488.47,0,74256384,1,48.01,0.00,2388626432,1024,1096865792
163.1726,2343657472,4333.0200,1458.75,0,74256384,1,46.77,0.00,2388626432,1024,1096865792
163.2777,2343657472,4334.5300,1437.21,0,74256384,1,43.13,0.00,2388626432,1024,1096865792
163.3829,2343657472,4335.9900,1387.48,0,74256384,1,42.76,0.00,2388626432,1024,1096865792
163.4883,2343657472,4337.4400,1375.54,0,74256384,1,43.87,0.00,2388622336,1024,1096865792
163.5934,2343657472,4338.7900,1283.81,0,74256384,1,41.01,0.00,2388384768,1024,1097005056
163.6984,2343657472,4339.9800,1133.75,0,74256384,1,34.24,0.00,2388384768,1024,1097005056
163.8035,2343657472,4341.1300,1094.72,0,74256384,1,33.91,0.00,2388384768,1024,1097005056
163.9086,2343657472,4342.2000,1017.75,0,74256384,1,32.70,0.00,2388384768,1024,1097005056
164.0138,2343657472,4343.0600,817.78,0,74256384,1,25.26,0.00,2388388864,1024,1097005056
164.1191,2343657472,4343.8900,787.77,0,74256384,1,24.32,0.00,2388388864,1024,1097005056
164.2241,2343657472,4344.7300,800.35,0,74256384,1,25.01,0.00,2388388864,1024,1097005056
164.3294,2343657472,4345.5600,787.81,0,74256384,1,25.51,0.00,2388036608,1024,1097005056
164.4344,2343657472,4346.4200,819.22,0,74256384,1,25.01,0.00,2388036608,1024,1097005056
164.5397,2343657472,4347.2500,788.31,0,74256384,1,24.34,0.00,2388036608,1024,1097005056
164.6451,2343657472,4348.0400,749.41,0,74256384,1,23.72,0.00,2388302848,1024,1097005056
164.7507,2343657472,4348.6800,606.15,0,74256384,1,18.65,0.00,2388560896,1024,1097005056
164.8559,2343657472,4349.1000,399.34,0,74256384,1,12.48,0.00,2388311040,1024,1097005056
164.9607,2343657472,4349.5100,390.92,0,74256384,1,12.51,0.00,2388315136,1024,1097005056
165.0659,2343657472,4349.7400,218.73,0,74256384,1,6.84,0.00,2388311040,1024,1097005056
165.1712,2327269376,4349.9700,218.49,0,93720576,1,7.42,0.00,2373312512,1024,1097005056
165.2762,2330808320,4350.1300,152.35,0,110161920,1,5.06,0.00,2377011200,1024,1097005056
165.3811,2331201536,4350.2700,133.49,0,122253312,1,3.87,0.00,2377438208,1024,1097005056
165.4858,2137247744,4350.4200,143.24,0,130953216,1,4.48,0.00,2183298048,1024,1097005056
165.5905,2137640960,4350.5500,124.16,0,139874304,1,3.58,0.00,2183068672,1024,1097005056
165.6951,2139607040,4350.7700,210.28,0,141369344,1,7.17,0.00,2190747648,1024,1097005056
165.8009,1989386240,4351.1600,368.59,0,154046464,1,12.11,0.00,2035658752,1024,1097005056
165.9064,1990172672,4351.3300,161.22,0,173953024,1,4.45,0.00,2036355072,1024,1097005056
166.0113,1945645056,4351.5200,180.98,0,186998784,1,6.85,0.00,1972742144,1024,1097005056
166.1167,1883250688,4351.7300,199.30,0,204267520,1,5.64,0.00,1928846336,1024,1097005056
166.2219,1883250688,4351.9500,209.15,0,222863360,1,6.24,0.00,1928891392,1024,1097005056
166.3275,1883643904,4352.1700,208.23,0,241401856,1,5.92,0.00,1928837120,1024,1097005056
166.4325,1883643904,4352.4000,219.11,0,259588096,1,5.66,0.00,1928733696,1024,1097005056
166.5379,1883643904,4352.6100,199.23,0,278102016,1,5.63,0.00,1929283584,1024,1097046016
166.6427,1883643904,4352.8300,209.92,0,296755200,1,5.67,0.00,1928637440,1024,1097046016
166.7477,1883643904,4353.0400,199.96,0,314966016,1,6.55,0.00,1929421824,1024,1097046016
166.8532,1883643904,4353.2700,218.05,0,333479936,1,6.22,0.00,1928952832,1024,1097046016
166.9581,1798266880,4353.4900,209.69,0,349773824,1,5.66,0.00,1824552960,1024,1097099264
167.0634,742809600,4353.5900,95.02,0,349773824,1,2.97,0.00,742896640,1024,1097099264
167.1155,0,4353.5900,0.00,0,349773824,0,7.19,0.00,70482944,1024,1097099264
