t_s,proc_rss_bytes,proc_cpu_s,proc_cpu_pct,proc_read_bytes,proc_write_bytes,nproc,sys_cpu_pct,sys_iowait_pct,sys_mem_used_bytes,sys_read_bytes,sys_write_bytes
0.0000,0,0.0000,0.00,0,0,0,0.00,0.00,67757056,0,0
0.1045,57270272,0.1000,95.70,0,0,1,3.29,0.00,85648384,0,0
0.2106,78532608,0.2300,122.55,0,0,1,4.71,0.00,104585216,0,0
0.3163,85610496,0.4100,170.31,0,0,1,5.91,0.00,113969152,0,0
0.4219,168566784,0.8700,435.60,0,0,1,14.50,0.00,210219008,0,0
0.5274,360878080,2.1300,1193.60,0,0,1,35.82,0.00,403207168,0,0
0.6336,362819584,2.2600,122.41,0,0,1,3.53,0.00,404589568,0,0
0.7388,365572096,2.3900,123.62,0,0,1,4.46,0.00,406486016,0,0
0.8441,365965312,2.5000,104.45,0,0,1,4.45,0.00,406453248,0,0
0.9492,365965312,2.6100,104.68,0,0,1,2.68,0.00,406277120,0,0
1.0544,365965312,2.7300,114.01,0,0,1,5.34,0.30,406342656,0,30081536
1.1604,365965312,2.8400,103.79,0,0,1,3.54,0.00,406600704,0,30081536
1.2658,365965312,2.9500,104.37,0,0,1,3.26,0.00,406596608,0,30081536
1.3715,365965312,3.0600,104.14,0,0,1,2.96,0.00,406625280,0,30081536
1.4767,365965312,3.1600,95.01,0,0,1,3.27,0.00,406625280,0,30081536
1.5814,365965312,3.2700,105.07,0,0,1,2.98,0.00,406621184,0,30081536
1.6865,366358528,3.3900,114.14,0,0,1,3.57,0.00,407194624,0,30081536
1.7921,366358528,3.5000,104.24,0,0,1,3.26,0.00,407194624,0,30081536
1.8970,366358528,3.6000,95.33,0,0,1,3.58,0.00,407067648,0,30081536
2.0019,366358528,3.7100,104.86,0,0,1,3.28,0.00,407067648,0,30122496
2.1080,366358528,3.8200,103.65,0,0,1,3.24,0.00,407567360,0,30122496
2.2129,366358528,3.9300,104.87,0,0,1,3.28,0.00,407010304,0,30192128
2.3179,366358528,4.0400,104.69,0,0,1,3.27,0.00,406547456,0,30192128
2.4230,366358528,4.1500,104.67,0,0,1,2.97,0.00,406547456,0,30192128
2.5280,366358528,4.2500,95.29,0,0,1,3.28,0.00,406813696,0,30192128
2.6328,366358528,4.3600,104.92,0,0,1,4.47,0.00,406490112,0,30192128
2.7380,366358528,4.4700,104.57,0,0,1,2.97,0.00,406502400,0,30192128
2.8429,366358528,4.5700,95.38,0,0,1,3.28,0.00,406248448,0,30192128
2.9482,366358528,4.6800,104.40,0,0,1,3.56,0.00,406518784,0,30192128
3.0534,366358528,4.7900,104.56,0,0,1,3.27,0.00,406526976,0,30192128
3.1586,366358528,4.9000,104.58,0,0,1,3.27,0.00,406277120,0,30192128
3.2640,366358528,5.0100,104.41,0,0,1,3.26,0.00,406805504,0,30192128
3.3688,366358528,5.1200,104.93,0,0,1,2.98,0.00,406805504,0,30192128
3.4739,366358528,5.2200,95.13,0,0,1,2.97,0.00,406805504,0,30192128
3.5795,366358528,5.3300,104.14,0,0,1,4.14,0.00,406834176,0,30192128
3.6845,366358528,5.4400,104.82,0,0,1,2.98,0.00,406838272,0,30192128
3.7894,366358528,5.5400,95.28,0,0,1,3.57,0.00,406854656,0,30192128
3.8948,366358528,5.6500,104.44,0,0,1,2.97,0.00,406858752,0,30192128
3.9999,366358528,5.7600,104.65,0,0,1,3.27,0.00,406612992,0,30192128
4.1049,366358528,5.8700,104.78,0,0,1,3.87,0.00,406879232,0,47362560
4.2103,366751744,5.9800,104.34,0,0,1,3.56,0.00,406879232,0,47362560
4.3163,366751744,6.0900,103.76,0,0,1,3.83,0.00,406232064,0,47403520
4.4211,366751744,6.1900,95.39,0,0,1,4.17,0.00,405928960,0,47403520
4.5265,366751744,6.3000,104.39,0,0,1,3.26,0.00,405933056,0,47403520
4.6316,366751744,6.4100,104.63,0,0,1,3.27,0.00,406199296,0,47403520
4.7367,366751744,6.5100,95.22,0,0,1,3.57,0.00,406461440,0,47403520
4.8417,366751744,6.6200,104.73,0,0,1,2.68,0.00,406211584,0,47428096
4.9470,366751744,6.7300,104.44,0,0,1,3.86,0.00,406227968,0,47428096
5.0527,366751744,6.8400,104.05,0,0,1,2.96,0.00,406240256,0,47428096
5.1576,366751744,6.9500,104.93,0,0,1,3.28,0.00,406760448,0,64066048
5.2627,366751744,7.0600,104.59,0,0,1,3.27,0.00,406498304,0,64066048
5.3677,366751744,7.1700,104.79,0,0,1,3.57,0.00,406498304,0,64066048
5.4728,366751744,7.2700,95.13,0,0,1,2.97,0.00,406498304,0,64066048
5.5777,366751744,7.3800,104.93,0,0,1,2.98,0.00,406539264,0,64066048
5.6827,366751744,7.4900,104.71,0,0,1,3.57,0.00,406535168,0,64066048
5.7880,366751744,7.6000,104.52,0,0,1,3.27,0.00,406297600,0,64066048
5.8928,366751744,7.7000,95.42,0,0,1,3.58,0.00,406305792,0,64066048
5.9978,366751744,7.8100,104.67,0,0,1,2.97,0.00,406305792,0,64066048
6.1030,366751744,7.9200,104.56,0,0,1,5.35,0.00,406305792,0,92022784
6.2085,366751744,8.0300,104.34,0,0,1,3.26,0.00,406301696,0,92022784
6.3135,366751744,8.1300,95.17,0,0,1,2.97,0.00,406342656,0,92022784
6.4184,366751744,8.2400,104.88,0,0,1,3.28,0.00,406350848,0,92022784
6.5233,366751744,8.3500,104.92,0,0,1,2.98,0.00,406363136,0,92022784
6.6284,366751744,8.4600,104.63,0,0,1,3.27,0.00,406371328,0,92022784
6.7333,366751744,8.5600,95.35,0,0,1,3.58,0.00,406133760,0,92022784
6.8389,366751744,8.6700,104.15,0,0,1,3.25,0.00,406391808,0,92022784
6.9444,366751744,8.7800,104.27,0,0,1,3.55,0.00,406404096,0,92022784
7.0490,366751744,8.8800,95.57,0,0,1,2.99,0.00,406404096,0,92022784
7.1542,366751744,8.9900,104.62,0,0,1,3.27,0.00,406404096,0,92137472
7.2591,366751744,9.1000,104.79,0,0,1,2.98,0.00,406436864,0,92137472
7.3639,367144960,9.2100,105.02,0,0,1,3.28,0.00,406694912,0,92137472
7.4689,367144960,9.3200,104.73,0,0,1,3.27,0.00,406694912,0,92137472
7.5739,367144960,9.4200,95.25,0,0,1,2.98,0.00,406723584,0,92137472
7.6791,367144960,9.5300,104.56,0,0,1,3.56,0.00,406723584,0,92137472
7.7843,367144960,9.6400,104.60,0,0,1,2.97,0.00,406481920,0,92137472
7.8895,367144960,9.7500,104.51,0,0,1,3.27,0.00,406739968,0,92186624
7.9946,367144960,9.8500,95.21,0,0,1,4.17,0.00,406739968,0,92207104
8.0994,367144960,9.9700,114.47,0,0,1,2.98,0.00,406502400,0,92207104
8.2043,367144960,10.0700,95.35,0,0,1,3.87,0.00,406502400,0,92207104
8.3094,367144960,10.1800,104.65,0,0,1,2.97,0.00,406502400,0,92207104
8.4143,367144960,10.2800,95.33,0,0,1,3.57,0.00,406502400,0,92231680
8.5194,362442752,10.4600,171.20,0,0,1,4.46,0.00,401382400,0,92231680
8.6258,335978496,10.8800,394.98,0,0,1,9.99,0.00,376175616,0,92231680
8.7323,335978496,10.9900,103.26,0,0,1,2.93,0.00,375860224,0,92231680
8.8378,335978496,11.1000,104.21,0,0,1,2.96,0.00,375548928,0,92231680
8.9430,335978496,11.2100,104.58,0,0,1,3.57,0.00,375639040,0,92231680
9.0481,335978496,11.3100,95.15,0,0,1,3.27,0.00,375639040,0,92231680
9.1536,321384448,11.5100,189.66,0,0,1,7.41,0.00,360500224,0,92231680
9.2593,284450816,11.8700,340.42,0,0,1,10.34,0.00,322206720,0,92383232
9.3657,284450816,11.9800,103.37,0,0,1,3.23,0.00,321805312,0,92383232
9.4711,284450816,12.0800,94.93,0,0,1,2.97,0.00,321756160,0,92383232
9.5766,284450816,12.2000,113.72,0,0,1,2.96,0.00,321707008,0,92383232
9.6818,284450816,12.3000,95.06,0,0,1,3.56,0.00,321707008,0,92383232
9.7874,284450816,12.4100,104.14,0,0,1,3.55,0.00,321707008,0,92383232
9.8928,284450816,12.5200,104.41,0,0,1,3.56,0.00,321707008,0,92383232
9.9980,284450816,12.6300,104.49,0,0,1,3.27,0.00,321711104,0,92383232
10.1036,284450816,12.7400,104.25,0,0,1,3.55,0.00,321547264,0,92383232
10.2087,284450816,12.8500,104.62,0,0,1,2.97,0.00,321543168,0,92383232
10.3140,284450816,12.9600,104.42,0,0,1,3.86,0.00,321543168,0,92383232
10.4194,284450816,13.0700,104.39,0,0,1,2.97,0.00,321547264,0,92383232
10.5246,284450816,13.1700,95.04,0,0,1,3.27,0.00,321547264,0,92383232
10.6300,284450816,13.2800,104.44,0,0,1,3.26,0.00,321543168,0,92383232
10.7354,284450816,13.3900,104.30,0,0,1,3.26,0.00,321281024,0,92383232
10.8403,284450816,13.4900,95.35,0,0,1,2.98,0.00,321543168,0,92383232
10.9455,284450816,13.6100,114.06,0,0,1,3.27,0.00,321543168,0,92383232
11.0509,284450816,13.7200,104.36,0,0,1,3.56,0.00,321543168,0,92383232
11.1563,284450816,13.8200,94.87,0,0,1,3.26,0.00,321809408,0,92383232
11.2618,284450816,13.9300,104.25,0,0,1,4.44,0.30,321297408,0,95566848
11.3668,284450816,14.0300,95.27,0,0,1,3.28,0.00,321297408,0,95566848
11.4719,284450816,14.1400,104.69,0,0,1,2.97,0.00,321301504,0,95566848
11.5770,284450816,14.2500,104.65,0,0,1,3.27,0.00,321297408,0,95566848
11.6822,284450816,14.3600,104.59,0,0,1,3.86,0.00,321297408,0,95566848
11.7877,284450816,14.4700,104.22,0,0,1,2.96,0.00,321297408,0,95566848
11.8927,284450816,14.5700,95.21,0,0,1,3.27,0.00,321297408,0,95566848
11.9981,284450816,14.6800,104.43,0,0,1,3.26,0.00,321297408,0,95607808
12.1032,284450816,14.7900,104.59,0,0,1,2.97,0.00,321297408,0,95607808
12.2083,284450816,14.9000,104.69,0,0,1,3.27,0.00,321297408,0,95665152
12.3137,284450816,15.0100,104.39,0,0,1,3.56,0.30,321297408,0,95665152
12.4189,284450816,15.1100,95.03,0,0,1,3.27,0.00,321035264,0,95734784
12.5243,284450816,15.2300,113.92,0,0,1,3.26,0.00,321035264,0,95767552
12.6295,284450816,15.3400,104.48,0,0,1,3.27,0.00,321035264,0,95767552
12.7345,284450816,15.4400,95.25,0,0,1,3.27,0.00,321035264,0,95767552
12.8399,284450816,15.5400,94.94,0,0,1,3.26,0.00,321031168,0,95767552
12.9450,284450816,15.6500,104.58,0,0,1,2.97,0.00,321031168,0,95767552
13.0505,284450816,15.7600,104.34,0,0,1,3.56,0.00,321031168,0,95767552
13.1559,284450816,15.8700,104.34,0,0,1,3.26,0.00,321035264,0,95767552
13.2611,284450816,15.9800,104.58,0,0,1,3.27,0.00,321035264,0,95767552
13.3662,284450816,16.0800,95.08,0,0,1,3.27,0.00,321035264,0,95767552
13.4714,289955840,17.3700,1226.22,0,4096,1,43.67,0.00,327547904,0,95767552
13.5815,290349056,19.8100,2217.46,0,4096,1,65.60,0.00,328104960,0,95767552
13.6874,292315136,21.4400,1538.82,0,4096,1,46.61,0.00,330185728,0,95767552
13.7960,305917952,23.0000,1436.67,0,528384,1,44.03,0.00,346409984,0,95767552
13.9024,306311168,25.6500,2489.72,0,528384,1,80.45,0.00,347143168,0,95767552
14.0076,308670464,27.1100,1388.47,0,528384,1,38.63,0.00,349232128,0,95792128
14.1160,325578752,29.2500,1973.98,0,1052672,1,61.40,0.00,365386752,0,95792128
14.2225,325971968,31.7900,2383.81,0,1052672,1,77.43,0.00,366320640,0,95792128
14.3320,338378752,32.9000,1014.19,0,1576960,1,28.84,0.00,376676352,0,95792128
14.4429,338378752,35.9200,2722.41,0,1576960,1,88.74,0.00,376070144,0,95792128
14.5490,338771968,38.1000,2055.53,0,1576960,1,59.52,0.00,378478592,0,95792128
14.6544,345456640,39.5300,1355.94,0,2101248,1,48.00,0.00,385604608,0,95792128
14.7612,346243072,42.4000,2687.67,0,2101248,1,79.60,0.00,386501632,0,95792128
14.8668,351354880,43.6300,1164.78,0,2101248,1,35.81,0.00,391154688,0,95792128
14.9724,354893824,46.4900,2708.34,0,2625536,1,85.82,0.00,396963840,0,95792128
15.0832,357253120,48.8600,2138.62,0,2625536,1,66.55,0.00,399056896,0,95792128
15.1920,368267264,50.3800,1397.71,0,3149824,1,43.68,0.00,409489408,0,95792128
15.2985,368660480,53.3600,2796.33,0,3149824,1,89.73,0.00,409305088,0,95792128
15.4037,371806208,54.6100,1189.11,0,3149824,1,33.00,0.00,413372416,0,95792128
15.5120,379670528,57.5300,2695.93,0,3674112,1,89.44,0.00,420971520,0,95792128
15.6242,380456960,60.0700,2262.49,0,3674112,1,67.92,0.00,422192128,0,95820800
15.7320,388714496,61.6400,1457.32,0,4198400,1,44.96,0.00,430380032,0,95820800
15.8380,389500928,64.6700,2857.97,0,4198400,1,88.72,0.00,430752768,0,95820800
15.9430,398544896,66.1100,1371.96,0,4722688,1,52.10,0.00,439727104,0,95820800
16.0531,398544896,69.5800,3151.10,0,4722688,1,91.38,0.00,439440384,0,95820800
16.1588,400510976,71.5700,1882.91,0,4722688,1,58.84,0.00,445268992,0,95820800
16.2680,408768512,74.3200,2518.00,0,5246976,1,78.69,0.00,450679808,0,95820800
16.3741,409948160,76.9400,2468.51,0,5246976,1,78.91,0.00,451236864,0,98414592
16.4796,422531072,79.2100,2151.82,0,5771264,1,68.73,0.00,463880192,0,98414592
16.5889,422924288,82.3200,2845.00,0,5771264,1,84.33,0.00,464232448,0,98414592
16.6960,429305856,84.4000,1942.91,0,6295552,1,60.13,0.00,470024192,0,98414592
16.8018,429699072,87.3800,2815.89,0,6295552,1,87.41,0.00,470781952,0,98414592
16.9070,432451584,88.9700,1510.77,0,6295552,1,46.62,0.00,474574848,0,98414592
17.0128,437956608,91.6900,2572.85,0,6819840,1,83.06,0.00,479588352,0,98414592
17.1187,438349824,94.3500,2510.27,0,6819840,1,79.63,0.00,480288768,0,98414592
17.2240,447787008,96.2900,1843.22,0,7344128,1,55.82,0.00,489698304,0,98414592
17.3299,448180224,99.2400,2785.85,0,7344128,1,85.88,0.00,490267648,0,98476032
17.4349,451325952,100.5400,1238.17,0,7344128,1,38.69,0.00,492995584,0,98476032
17.5440,456830976,103.6500,2850.35,0,7868416,1,90.79,0.00,497773568,0,98476032
17.6503,458010624,106.1500,2351.75,0,7868416,1,73.20,0.00,500091904,0,98476032
17.7558,466268160,108.3700,2103.06,0,8392704,1,64.24,0.00,507146240,0,98476032
17.8621,467054592,111.1200,2586.88,0,8392704,1,83.49,0.00,507965440,0,98525184
17.9679,475312128,113.0300,1806.55,0,8916992,1,54.68,0.00,517192704,0,98545664
18.0740,475705344,116.0100,2807.42,0,8916992,1,86.85,0.00,517364736,0,98545664
18.1828,481603584,117.4600,1332.96,0,8916992,1,41.37,0.00,522301440,0,98545664
18.2880,485928960,120.5100,2899.09,0,9441280,1,96.24,0.00,527040512,0,98545664
18.3970,486715392,123.1900,2459.65,0,9441280,1,71.99,0.00,528650240,0,98545664
18.5022,496152576,125.4600,2157.02,0,9965568,1,72.45,0.00,536916992,0,98570240
18.6088,497332224,128.2700,2636.03,0,9965568,1,77.69,0.00,537719808,0,98787328
18.7146,505589760,129.8500,1494.00,0,10489856,1,50.23,0.00,546308096,0,98787328
18.8209,506769408,133.0500,3008.73,0,10489856,1,89.03,0.00,546865152,0,98787328
18.9258,507555840,134.3400,1230.02,0,10489856,1,37.84,0.00,548442112,0,98787328
19.0313,513454080,136.5700,2113.40,0,11014144,1,73.74,0.00,555516928,0,98787328
19.1408,515026944,139.2300,2429.89,0,11014144,1,67.66,0.00,556889088,0,98787328
19.2480,524070912,140.8600,1520.60,0,11538432,1,48.10,0.00,566100992,0,99008512
19.3540,524464128,144.0300,2990.11,0,11538432,1,93.15,0.00,566223872,0,99008512
19.4591,530927616,145.4400,1341.77,0,12062720,1,49.66,0.00,572491776,0,99008512
19.5693,531320832,148.7900,3039.66,0,12062720,1,88.18,0.00,571607040,0,99008512
19.6753,532500480,150.9400,2027.19,0,12062720,1,62.17,0.00,574728192,0,99008512
19.7840,540364800,153.2900,2163.31,0,12587008,1,69.33,0.00,582427648,0,99008512
19.8900,541151232,156.0100,2565.24,0,12587008,1,78.69,0.00,583390208,0,99008512
19.9954,548229120,157.3100,1233.99,0,13111296,1,48.05,0.00,590944256,0,99008512
20.1054,548229120,160.7900,3163.52,0,13111296,1,92.04,0.00,591616000,0,99008512
20.2104,554127360,162.4600,1589.13,0,13111296,1,47.58,0.00,594958336,0,99008512
20.3200,558059520,165.6400,2903.41,0,13635584,1,91.87,0.00,600029184,0,99008512
20.4261,558845952,168.2000,2411.79,0,13635584,1,75.66,0.00,602384384,0,99008512
20.5317,568283136,170.7800,2443.78,0,14159872,1,78.44,0.00,610055168,0,99008512
20.6408,568283136,173.6800,2657.44,0,14159872,1,79.90,0.00,611517440,0,99008512
20.7462,578113536,175.7200,1935.29,0,14684160,1,62.26,0.00,619123712,0,99008512
20.8529,578899968,178.7100,2803.55,0,14684160,1,84.97,0.00,619815936,0,99008512
20.9600,586371072,180.3100,1494.02,0,15208448,1,47.56,0.00,629313536,0,99008512
21.0660,586371072,183.3400,2856.84,0,15208448,1,93.11,0.00,628586496,0,99008512
21.1722,589123584,185.3800,1921.24,0,15208448,1,59.74,0.00,630816768,0,99008512
21.2800,596201472,187.2900,1772.53,0,15732736,1,54.81,0.00,637296640,0,99008512
21.3861,596987904,190.2700,2808.56,0,15732736,1,88.06,0.00,638353408,0,99008512
21.4911,605638656,192.0800,1722.93,0,16257024,1,55.63,0.00,647049216,0,101921792
21.5996,606425088,195.3100,2978.64,0,16257024,1,90.20,0.00,646991872,0,101921792
21.7046,608391168,196.8500,1466.80,0,16257024,1,45.54,0.00,648761344,0,101921792
21.8120,614682624,199.0000,2001.65,0,16781312,1,66.04,0.00,656428032,0,101921792
21.9178,615862272,201.7100,2560.38,0,16781312,1,78.83,0.00,657566720,0,101921792
22.0232,623726592,203.0300,1252.13,0,17305600,1,45.06,0.00,666970112,0,101966848
22.1299,623726592,206.2700,3036.58,0,17305600,1,92.55,0.00,666552320,0,101991424
22.2362,626479104,207.9700,1599.63,0,17305600,1,47.93,0.00,669038592,0,101991424
22.3421,637095936,209.9900,1908.16,0,17829888,1,64.94,0.00,678709248,0,101991424
22.4488,637489152,212.8300,2661.76,0,17829888,1,79.37,0.00,679491584,0,101991424
22.5560,645746688,214.1500,1231.27,0,18354176,1,39.06,0.00,688061440,0,101991424
22.6622,645746688,217.2700,2937.05,0,18354176,1,94.43,0.00,688061440,0,101991424
22.7708,645865472,219.0000,1593.31,0,18354176,1,46.63,0.00,687262720,0,102007808
22.8758,651763712,221.3100,2200.59,0,18878464,1,72.34,0.00,694111232,0,102007808
22.9850,652943360,223.9400,2407.73,0,18878464,1,71.81,0.00,694373376,0,102007808
23.0960,662380544,225.3000,1225.37,0,19402752,1,39.42,0.00,703846400,0,102007808
23.2022,662380544,228.3300,2851.08,0,19402752,1,92.33,0.00,704174080,0,102007808
23.3076,664346624,229.9300,1518.31,0,19402752,1,43.00,0.00,706041856,0,102007808
23.4160,671817728,232.4000,2279.67,0,19927040,1,72.68,0.00,712920064,0,102007808
23.5227,673390592,235.2700,2690.02,0,19927040,1,86.11,0.00,714427392,0,102007808
23.6279,680075264,236.8900,1539.52,0,20451328,1,49.89,0.00,722816000,0,102028288
23.7370,682041344,240.2800,3106.54,0,20451328,1,93.07,0.00,724409344,0,102155264
23.8417,691478528,241.8700,1518.84,0,20975616,1,47.17,0.00,734456832,0,102155264
23.9480,691478528,245.1100,3048.51,0,20975616,1,95.27,0.00,733948928,0,102155264
24.0540,691572736,247.2200,1989.95,0,20975616,1,60.42,0.00,733174784,0,102364160
24.1590,698650624,249.3000,1981.44,0,21499904,1,72.34,0.00,741316608,0,102364160
24.2692,699043840,252.2900,2713.54,0,21499904,1,76.01,0.00,741443584,0,102364160
24.3753,708087808,253.4800,1121.61,0,22024192,1,43.30,0.00,749744128,0,102364160
24.4852,708087808,256.9100,3120.22,0,22024192,1,90.40,0.00,749416448,0,102364160
24.5912,712806400,258.7400,1726.27,0,22241280,1,55.42,0.00,755409920,0,140346368
24.6988,717918208,261.7000,2751.87,0,22548480,1,95.58,0.00,760209408,0,140346368
24.8092,719491072,264.1100,2182.00,0,22548480,1,59.70,0.00,761851904,0,140346368
24.9160,726962176,265.6600,1452.06,0,23072768,1,46.26,0.00,770150400,0,140346368
25.0223,727748608,268.6300,2794.17,0,23072768,1,89.08,0.00,770646016,0,140346368
25.1277,736792576,270.1200,1413.85,0,23597056,1,44.48,0.00,779573248,0,140346368
25.2342,736792576,273.2400,2928.42,0,23597056,1,95.33,0.00,779573248,0,140346368
25.3404,740724736,275.5500,2174.39,0,23597056,1,64.71,0.00,783308800,0,140346368
25.4452,746229760,278.2000,2528.32,0,24121344,1,80.20,0.00,788707328,0,140346368
25.5516,746622976,281.0100,2642.07,0,24121344,1,81.39,0.00,788658176,0,140346368
25.6574,756453376,282.6200,1521.56,0,24645632,1,52.57,0.00,798410752,0,140346368
25.7638,756846592,285.7500,2942.75,0,24645632,1,90.20,0.00,798595072,0,140346368
25.8698,757239808,287.0500,1226.08,0,24645632,1,38.90,0.00,802824192,0,140416000
25.9752,765497344,289.3300,2163.59,0,25169920,1,69.69,0.00,806992896,0,140416000
26.0808,766283776,292.0300,2555.82,0,25169920,1,76.91,0.00,807943168,0,140416000
26.1871,774148096,293.4100,1298.10,0,25694208,1,46.44,0.00,817145856,0,140416000
26.2934,774148096,296.6500,3047.91,0,25694208,1,91.43,0.00,817170432,0,140416000
26.3984,776507392,298.3000,1571.34,0,25694208,1,47.02,0.00,819148800,0,140416000
26.5080,783978496,300.7000,2191.16,0,26218496,1,70.47,0.00,825744384,0,140416000
26.6144,785551360,303.5800,2706.32,0,26218496,1,87.51,0.00,826555392,0,195215360
26.7240,793808896,305.7900,2016.75,0,26742784,1,61.88,0.00,835410944,0,195215360
26.8337,794202112,308.7700,2715.88,0,26742784,1,80.88,0.00,836103168,0,195215360
26.9400,797741056,309.8900,1053.84,0,26812416,1,31.17,0.00,840838144,0,195215360
27.0523,802852864,313.1400,2894.04,0,27267072,1,91.00,0.00,844855296,0,195215360
27.1587,804425728,315.4700,2189.76,0,27267072,1,65.79,0.00,847484928,0,195215360
27.2636,811503616,317.2400,1687.01,0,27791360,1,54.51,0.00,854243328,0,195215360
27.3702,812290048,319.8800,2477.69,0,27791360,1,78.31,0.00,854902784,0,195284992
27.4800,821334016,321.2300,1229.30,0,28315648,1,39.55,0.00,864667648,0,195284992
27.5861,821334016,324.4500,3034.38,0,28315648,1,98.06,0.00,863909888,0,195284992
27.6927,823300096,326.7000,2110.75,0,28315648,1,60.39,0.00,867317760,0,195284992
27.7982,831950848,329.0800,2256.43,0,28839936,1,74.37,0.00,874907648,0,195284992
27.9047,832737280,331.7700,2524.31,0,28839936,1,74.19,0.00,875145216,0,195338240
28.0099,839421952,333.7400,1873.75,0,29364224,1,57.96,0.00,883512320,0,195338240
28.1164,840601600,336.7000,2778.95,0,29364224,1,83.91,0.00,884036608,0,195346432
28.2223,844140544,337.8200,1057.87,0,29364224,1,31.58,0.00,886916096,0,195346432
28.3279,848859136,340.7400,2764.18,0,29888512,1,88.75,0.00,890303488,0,195346432
28.4343,848859136,343.4200,2519.39,0,29888512,1,80.79,0.00,890131456,0,195346432
28.5395,849645568,345.0000,1501.52,0,30412800,1,52.86,0.00,892752896,0,195346432
28.6492,850038784,348.3900,3090.93,0,30412800,1,88.61,0.00,891916288,0,195346432
28.7543,853184512,350.0900,1617.25,0,30937088,1,55.30,0.00,896143360,0,195399680
28.8638,853184512,353.6400,3240.27,0,30937088,1,98.41,0.00,896143360,0,195399680
28.9700,853184512,355.4100,1667.11,0,30937088,1,50.04,0.00,896593920,0,195399680
29.0753,853184512,358.3400,2783.02,0,31461376,1,95.58,0.00,897318912,0,195399680
29.1852,853184512,361.1200,2530.06,0,31461376,1,71.10,0.00,896430080,0,195547136
29.2902,853184512,363.2300,2009.87,0,31985664,1,67.27,0.00,898183168,0,195547136
29.3968,853184512,366.2300,2813.63,0,31985664,1,83.82,0.00,898043904,0,195547136
29.5017,853577728,368.1400,1819.93,0,32509952,1,58.96,0.00,898621440,0,195547136
29.6079,853577728,371.3000,2977.14,0,32509952,1,94.21,0.00,896982016,0,195547136
29.7135,853577728,372.6600,1287.59,0,32509952,1,40.24,0.00,897981440,0,225120256
29.8196,853970944,375.5900,2760.56,0,33034240,1,88.92,0.00,899042304,0,225120256
29.9258,853970944,378.1000,2363.70,0,33034240,1,72.69,0.00,898571264,0,225120256
30.0312,854364160,380.0100,1811.98,0,33558528,1,63.44,0.00,898791424,0,225120256
30.1378,854757376,383.1200,2917.97,0,33558528,1,86.79,0.00,898586624,0,225120256
30.2428,854757376,384.8200,1618.79,0,34082816,1,57.73,0.00,899667968,0,225132544
30.3533,854757376,388.4100,3250.81,0,34082816,1,94.80,0.00,899667968,0,225132544
30.4580,854757376,389.9800,1499.72,0,34607104,1,46.87,0.00,900008960,0,225132544
30.5640,854757376,393.3000,3131.49,0,34607104,1,97.56,0.00,899394560,0,225132544
30.6702,854757376,395.7700,2326.06,0,34607104,1,73.28,0.00,898677760,0,225132544
30.7758,855543808,398.1800,2281.88,0,35131392,1,71.90,0.00,901037056,0,225132544
30.8822,855543808,400.9100,2565.37,0,35131392,1,82.22,0.00,901041152,0,225132544
30.9880,856330240,402.6500,1645.26,0,35655680,1,51.12,0.00,900644864,0,225132544
31.0939,856330240,405.6400,2823.14,0,35655680,1,87.93,0.00,900161536,0,225132544
31.1994,856330240,407.3100,1582.35,0,35655680,1,47.38,0.00,900894720,0,225132544
31.3047,856330240,409.8500,2411.65,0,36179968,1,77.14,0.00,901173248,0,225132544
31.4102,856330240,412.4300,2445.96,0,36179968,1,77.62,0.00,901173248,0,225132544
31.5156,856330240,413.7200,1224.19,0,36704256,1,39.44,0.00,901839872,0,225132544
31.6252,856330240,417.0800,3063.80,0,36704256,1,93.46,0.00,901114880,0,225132544
31.7310,858296320,418.8700,1692.22,0,37228544,1,58.49,0.00,903474176,0,279233536
31.8418,858296320,422.2500,3050.16,0,37228544,1,90.81,0.00,902765568,0,279233536
31.9484,858296320,424.4700,2082.31,0,37228544,1,63.31,0.00,902913024,0,279348224
32.0535,859082752,426.0200,1475.06,0,37752832,1,46.69,0.00,903219200,0,279348224
32.1603,859082752,429.1900,2969.58,0,37752832,1,91.92,0.00,902285312,0,279348224
32.2660,859082752,430.6200,1352.22,0,38277120,1,50.24,0.00,904677376,0,279348224
32.3767,859082752,434.2000,3234.37,0,38277120,1,94.30,0.00,903591936,0,279348224
32.4826,859082752,436.1700,1859.87,0,38277120,1,55.47,0.00,904330240,0,279348224
32.5879,853852160,439.0000,2688.04,0,38801408,1,89.94,0.00,897529856,0,279348224
32.6975,853852160,441.6900,2454.90,0,38801408,1,71.58,0.00,897284096,0,279348224
32.8023,855031808,443.6900,1908.98,0,39325696,1,63.24,0.00,899147776,0,279348224
32.9083,855031808,446.7800,2914.60,0,39325696,1,91.08,0.00,898725888,0,279348224
33.0131,855818240,448.5000,1640.50,0,39849984,1,48.58,0.00,898546688,0,279626752
33.1225,855818240,451.9500,3155.37,0,39849984,1,102.61,0.00,898821120,0,279626752
33.2320,856211456,453.9000,1780.61,0,40374272,1,50.22,0.00,899959808,0,279757824
33.3384,856211456,457.1200,3025.89,0,40374272,1,98.67,0.00,899955712,0,279757824
33.4445,856211456,459.2800,2035.16,0,40374272,1,59.18,0.00,899107840,0,279757824
33.5520,857391104,461.6300,2187.13,0,40898560,1,69.22,0.00,899709952,0,279757824
33.6581,857391104,464.4300,2638.29,0,40898560,1,82.15,0.00,898623488,0,279757824
33.7637,857391104,466.5200,1980.11,0,41422848,1,66.62,0.00,899987456,0,279757824
33.8731,857391104,469.6500,2859.20,0,41422848,1,84.50,0.00,899500032,0,279757824
33.9783,857391104,470.6900,988.90,0,41947136,1,31.79,0.00,900939776,0,279815168
34.0920,858570752,474.1700,3061.10,0,41947136,1,94.83,0.00,900468736,0,279815168
34.1979,858570752,476.3700,2076.31,0,41947136,1,63.41,0.00,900993024,0,279815168
34.3029,860536832,478.9700,2476.07,0,42471424,1,86.90,0.00,902646784,0,279815168
34.4133,860930048,481.7400,2510.38,0,42471424,1,71.09,0.00,902589440,0,279815168
34.5200,865255424,483.1300,1302.75,0,42995712,1,42.47,0.00,906503168,0,279856128
34.6272,865255424,486.4500,3096.92,0,42995712,1,98.53,0.00,905606144,0,279856128
34.7360,865648640,488.3400,1737.27,0,43520000,1,54.86,0.00,908338176,0,279856128
34.8417,865648640,491.6500,3130.15,0,43520000,1,101.66,0.00,907863040,0,577659904
34.9492,865648640,494.1800,2354.41,0,43520000,1,67.76,0.00,907592704,0,835728384
35.0550,865648640,496.3500,2051.25,0,44044288,1,71.78,0.00,908461056,0,851530752
35.1660,865648640,499.2300,2593.69,0,44044288,1,75.14,0.00,908461056,0,859968512
35.2714,866041856,500.6700,1366.87,0,44568576,1,50.43,0.00,907387904,0,868422656
35.3810,866041856,503.9200,2964.41,0,44568576,1,84.66,0.00,907387904,0,872780800
35.4868,866041856,505.4600,1455.33,0,44568576,1,44.89,0.00,908764160,0,893768704
35.5920,866041856,508.1300,2538.51,0,45092864,1,80.52,0.00,909606912,0,902190080
35.6990,866041856,510.7800,2475.44,0,45092864,1,78.53,0.00,908357632,0,906544128
35.8080,866041856,512.9300,1973.57,0,45617152,1,60.53,0.00,910233600,0,914859008
35.9148,866041856,515.7300,2622.00,0,45617152,1,83.99,0.00,909749248,0,930739200
36.0210,866041856,517.0800,1271.06,0,46141440,1,38.84,0.00,910236672,0,940323840
36.1273,866041856,520.3100,3038.83,0,46141440,1,97.61,0.00,909793280,0,952849408
36.2360,866435072,522.6900,2189.29,0,46141440,1,62.09,0.00,911104000,0,961283072
36.3440,866435072,525.6100,2703.81,0,46665728,1,86.52,0.00,910824448,0,969704448
36.4503,866435072,528.2700,2501.35,0,46665728,1,78.76,0.00,910111744,0,973923328
36.5553,861106176,530.2900,1923.51,0,47190016,1,62.19,0.00,906219520,0,978150400
36.6626,861106176,533.3400,2843.41,0,47190016,1,87.69,0.00,905850880,0,999269376
36.7677,861499392,535.0000,1579.47,0,47714304,1,47.28,0.00,906932224,0,1016169472
36.8760,861499392,538.2900,3038.46,0,47714304,1,99.28,0.00,905611264,0,1272108544
36.9857,861892608,540.4500,1968.52,0,47714304,1,73.76,0.00,906676224,0,1720521216
37.0910,861892608,542.9800,2401.85,0,48238592,1,83.36,0.00,906343424,0,1733202432
37.2013,861892608,545.8000,2558.68,0,48238592,1,72.30,0.00,906085376,0,1741632000
37.3080,862285824,547.6200,1705.33,0,48762880,1,55.63,0.00,906464256,0,1758585344
37.4144,862285824,550.7000,2894.60,0,48762880,1,89.28,0.00,906647552,0,1762824704
37.5188,862679040,552.6400,1857.47,0,49287168,1,60.14,0.00,907312128,1024,1775198720
37.6264,862679040,555.8500,2984.86,0,49287168,1,93.28,0.00,906099712,1024,1788174848
37.7326,862679040,557.6900,1732.73,0,49287168,1,49.73,0.00,907604992,1024,1805033984
37.8400,863072256,560.5100,2625.27,0,49811456,1,83.79,0.00,907243520,1024,1822011904
37.9463,863072256,563.1100,2445.08,0,49811456,1,77.88,0.00,906921984,1024,1830765056
38.0510,863858688,565.1700,1968.47,0,50335744,1,66.89,0.00,908580864,1024,1843057152
38.1610,863858688,568.2200,2771.45,0,50335744,1,78.94,0.00,908576768,1024,1847325184
38.2720,864251904,569.8300,1450.95,0,50860032,1,47.60,0.00,909170688,1024,1855721984
38.3781,864251904,573.0500,3033.23,0,50860032,1,98.32,0.00,909170688,1024,1855721984
38.4833,865038336,574.8000,1664.18,0,50860032,1,47.55,0.00,909047808,1024,1855721984
38.5920,865431552,577.6000,2576.24,0,51384320,1,83.10,0.00,908617728,1024,1855721984
38.6979,865431552,580.2600,2511.13,0,51384320,1,79.06,0.00,908007424,1024,1855721984
38.8031,872116224,581.4800,1159.47,0,51908608,1,41.88,0.00,915353600,1024,1855721984
38.9130,872116224,584.8000,3020.71,0,51908608,1,87.29,0.00,915107840,1024,1855754752
39.0189,872509440,586.3400,1454.68,0,51908608,1,44.87,1.48,915017728,1024,1855754752
39.1241,882733056,586.4600,114.12,0,51908608,1,2.97,5.65,925732864,1024,1855754752
39.2287,882733056,586.5500,86.03,0,51908608,1,3.29,5.97,925732864,1024,1855910400
39.3329,882733056,586.6700,115.09,0,51908608,1,3.00,6.59,925728768,1024,1855910400
39.4378,882733056,586.7600,85.83,0,51908608,1,2.98,5.96,925216768,1024,1855910400
39.5428,882733056,586.8700,104.80,0,51908608,1,3.27,6.55,925216768,1024,1855910400
39.6473,882733056,586.9700,95.65,0,51908608,1,2.99,5.98,924622848,1024,1855910400
39.7519,882733056,587.0800,105.12,0,51908608,1,3.29,6.57,924622848,1024,1855910400
39.8569,882733056,587.1800,95.24,0,51908608,1,2.98,5.95,924622848,1024,1855910400
39.9617,882733056,587.2900,104.97,0,51908608,1,3.28,6.56,924626944,1024,1855910400
40.0667,882733056,587.3900,95.23,0,51908608,1,3.27,5.95,924626944,1024,1855910400
40.1714,882733056,587.5100,114.63,0,51908608,1,2.99,6.57,924626944,1024,1855910400
40.2764,882733056,587.6000,85.76,0,51908608,1,3.28,5.96,924622848,1024,1855910400
40.3815,882733056,587.7100,104.60,0,51908608,1,2.97,6.24,924790784,1024,1855910400
40.4859,882733056,587.8100,95.78,0,51908608,1,3.29,6.29,924794880,1024,1855910400
40.5909,882733056,587.9200,104.75,0,51908608,1,2.98,6.25,924794880,1024,1855910400
40.6956,882733056,588.0300,105.12,0,51908608,1,3.29,6.27,924549120,1024,1855910400
40.8004,882733056,588.1300,95.42,0,51908608,1,3.28,6.26,924545024,1024,1855910400
40.9053,882733056,588.2300,95.31,0,51908608,1,2.98,6.25,924545024,1024,1855910400
41.0104,882733056,588.3300,95.14,0,51908608,1,3.27,6.24,924471296,1024,1855910400
41.1151,882733056,588.4400,105.13,0,51908608,1,4.48,5.97,923480064,1024,1855910400
41.2202,882733056,588.5500,104.66,0,51908608,1,2.97,6.24,922920960,1024,1855910400
41.3253,882733056,588.6500,95.09,0,51908608,1,2.97,6.24,922920960,1024,1855910400
41.4304,882733056,588.7500,95.16,0,51908608,1,3.27,6.24,922740736,1024,1855910400
41.5355,882733056,588.8700,114.22,0,51908608,1,3.27,6.25,922740736,1024,1855910400
41.6401,882733056,588.9700,95.62,0,51908608,1,3.29,5.98,922740736,1024,1855910400
41.7447,882733056,589.0800,105.15,0,51908608,1,2.99,6.57,922740736,1024,1855910400
41.8495,882733056,589.1800,95.35,0,51908608,1,3.28,5.96,922744832,1024,1855910400
41.9545,882733056,589.2800,95.25,0,51908608,1,9.23,5.66,922737664,1024,1994168832
42.0598,882733056,589.3900,104.53,0,51908608,1,3.27,6.53,922737664,1024,1994168832
42.1648,882733056,589.4900,95.22,0,51908608,1,2.98,5.95,922737664,1024,1994312192
42.2696,882733056,589.6000,104.98,0,51908608,1,2.98,6.26,922737664,1024,1994312192
42.3740,882733056,589.7000,95.79,0,51908608,1,3.29,6.29,922737664,1024,1994312192
42.4787,882733056,589.8100,104.99,0,51908608,1,3.58,6.26,922741760,1024,1994312192
42.5836,882733056,589.9100,95.31,0,51908608,1,3.28,6.25,922741760,1024,1994312192
42.6887,882733056,590.0200,104.74,0,51908608,1,2.98,6.25,922737664,1024,1994312192
42.7933,882733056,590.1200,95.53,0,51908608,1,2.99,6.27,922999808,1024,1994312192
42.8986,882733056,590.2200,95.02,0,51908608,1,3.27,6.24,922999808,1024,1994312192
43.0038,882733056,590.3400,114.10,0,51908608,1,2.97,6.24,922737664,1024,1994328576
43.1085,882733056,590.4400,95.51,0,51908608,1,2.98,6.27,922999808,1024,1994328576
43.2130,882733056,590.5400,95.65,0,51908608,1,3.29,6.28,922999808,1024,1994328576
43.3175,882733056,590.6400,95.67,0,51908608,1,3.89,6.28,923257856,1024,1994328576
43.4240,882733056,592.6400,1879.01,0,52432896,1,62.54,2.06,926268416,1024,1994336768
43.5301,882733056,595.4500,2649.08,0,52432896,1,81.31,0.00,926542848,1536,2005740032
43.6360,883519488,596.8000,1274.53,0,52961280,1,41.30,0.00,927448064,1536,2005740032
43.7417,883519488,599.9200,2952.02,0,52961280,1,91.95,0.00,927460352,1536,2005740032
43.8575,879316992,601.9200,1726.27,0,52961280,1,52.60,0.00,923957248,1536,2005740032
43.9640,879710208,604.9200,2818.01,0,53485568,1,88.65,0.00,922895360,1536,2005740032
44.0697,879710208,607.5000,2439.28,0,53485568,1,74.45,0.00,922391552,1536,2005740032
44.1760,880103424,609.4400,1826.28,0,54009856,1,60.60,0.29,924312576,1536,2021816832
44.2819,880103424,612.5000,2890.16,0,54009856,1,89.73,0.00,924312576,1536,2021816832
44.3880,880889856,614.5200,1903.43,0,54534144,1,58.60,0.00,924335104,1536,2021816832
44.4940,880889856,617.7300,3027.20,0,54534144,1,93.42,0.00,924085248,1536,2021816832
44.6000,881283072,619.6100,1774.24,0,55058432,1,55.44,0.00,925416448,1536,2021816832
44.7061,881283072,622.8400,3044.93,0,55058432,1,96.04,0.00,925416448,1536,2021816832
44.8161,881283072,625.1100,2062.36,0,55058432,1,62.46,0.00,925158400,1536,2021816832
44.9240,882069504,627.2300,1965.64,0,55582720,1,61.14,0.00,925331456,1536,2021816832
45.0294,882069504,630.1200,2742.20,0,55582720,1,86.29,0.00,924418048,1536,2021816832
45.1348,882069504,631.7600,1555.02,0,56107008,1,55.41,0.00,926351360,1536,2021816832
45.2448,882069504,635.2200,3145.17,0,56107008,1,92.32,0.00,926142464,1536,2021816832
45.3494,882069504,636.8500,1559.45,0,56107008,1,46.34,0.00,926670848,1536,2021816832
45.4560,882855936,639.7800,2748.30,0,56631296,1,87.35,0.00,925432832,1536,2021816832
45.5619,882855936,642.4300,2500.80,0,56631296,1,77.27,0.00,924847104,1536,2021816832
45.6666,883642368,644.5900,2063.74,0,57155584,1,68.97,0.00,927218688,1536,2021816832
45.7720,883642368,647.5000,2762.12,0,57155584,1,83.05,0.00,926309376,1536,2021816832
45.8800,883642368,649.0300,1416.43,0,57679872,1,43.40,0.00,928287744,1536,2021829120
45.9855,883642368,652.2500,3051.24,0,57679872,1,95.06,0.00,926454784,1536,2021829120
46.0916,884035584,654.1800,1819.02,0,58204160,1,56.26,0.00,927781888,1536,2021829120
46.2000,884822016,657.5200,3082.17,0,58204160,1,96.61,0.00,927560704,1536,2021829120
46.3059,885215232,659.9500,2294.06,0,58204160,1,69.62,0.00,927011840,1536,2021829120
46.4110,886001664,661.9400,1893.71,0,58728448,1,69.59,0.00,929920000,1536,2021829120
46.5211,886394880,665.0300,2805.31,0,58728448,1,80.86,0.00,928813056,1536,2021829120
46.6280,888016896,666.3400,1226.10,0,59252736,1,39.49,0.00,930570240,1536,2021829120
46.7337,888016896,669.5700,3053.91,0,59252736,1,94.84,0.00,930017280,1536,2021829120
46.8441,888803328,671.6400,1875.48,0,59252736,1,57.76,0.00,930541568,1536,2021829120
46.9520,880185344,673.7700,1974.73,0,59777024,1,62.29,0.00,920814592,1536,2021829120
47.0580,871448576,676.6200,2687.15,0,59777024,1,84.56,0.00,912593920,1536,2052320256
47.1631,861655040,678.5900,1874.82,0,60301312,1,65.43,0.00,902920192,1536,2052320256
47.2731,861655040,681.9000,3009.35,0,60301312,1,87.22,0.00,902850560,1536,2052320256
47.3784,861655040,683.1500,1187.62,0,60813312,1,36.82,0.00,902916096,1536,2052443136
47.4872,861655040,686.3300,2922.30,0,60825600,1,96.20,0.00,902662144,1536,2052443136
47.5928,861655040,688.7300,2273.01,0,60825600,1,65.11,0.00,901470208,1536,2052443136
47.7000,861655040,690.7200,1856.13,0,61349888,1,59.75,0.00,902199296,1536,2052566016
47.8117,861655040,693.7600,2721.78,0,61349888,1,84.50,0.00,900874240,1536,2052566016
47.9172,861655040,695.3900,1543.97,0,61874176,1,51.21,0.00,901136384,1536,2052566016
48.0231,861655040,698.4900,2927.58,0,61874176,1,92.67,0.00,901251072,1536,2052566016
48.1277,861655040,700.1300,1568.02,0,61874176,1,45.12,0.00,901251072,1536,2052566016
48.2330,861655040,702.7400,2479.21,0,62398464,1,78.96,0.00,902168576,1536,2052566016
48.3387,861655040,705.1600,2290.37,0,62398464,1,71.57,0.00,900898816,1536,2052566016
48.4435,861655040,706.6500,1420.44,0,62922752,1,44.98,0.00,901189632,1536,2052566016
48.5532,861655040,709.8100,2882.28,0,62922752,1,89.22,0.00,901189632,1536,2052566016
48.6582,861655040,711.2100,1333.32,0,62922752,1,39.58,0.00,901148672,1536,2052623360
48.7631,861655040,713.5400,2220.20,0,63447040,1,78.31,0.00,902078464,1536,2052623360
48.8727,861655040,716.3300,2546.88,0,63447040,1,73.03,0.00,902078464,1536,2052623360
48.9778,861655040,717.9300,1521.32,0,63971328,1,51.40,0.00,902164480,1536,2052623360
49.0872,861655040,721.0600,2861.60,0,63971328,1,88.00,0.00,902234112,1536,2052623360
49.1926,861655040,722.3000,1177.05,0,64483328,1,32.93,0.00,901000192,1536,2052865024
49.3003,861655040,725.5500,3017.95,0,64495616,1,96.05,0.00,900856832,1536,2052865024
49.4059,861655040,727.8600,2187.38,0,64495616,1,68.06,0.00,900856832,1536,2052865024
49.5106,861655040,729.9300,1976.74,0,65019904,1,64.76,0.00,901147648,1536,2052865024
49.6174,861655040,732.8600,2743.21,0,65019904,1,81.63,0.00,900885504,1536,2052865024
49.7231,861655040,734.0000,1078.07,0,65544192,1,36.35,0.00,901934080,1536,2052865024
49.8288,861655040,737.2300,3055.94,0,65544192,1,92.25,0.00,901934080,1536,2052865024
49.9347,861655040,739.2200,1880.58,0,65544192,1,58.18,0.00,901934080,1536,2052865024
50.0393,861655040,740.9500,1653.13,0,66068480,1,57.04,0.00,902179840,1536,2052865024
50.1495,861655040,744.1100,2868.76,0,66068480,1,85.96,0.00,900820992,1536,2052865024
50.2556,861655040,746.0700,1846.35,0,66592768,1,58.88,0.00,901607424,1536,2052865024
50.3613,861655040,749.1200,2886.24,0,66592768,1,89.90,0.00,901607424,1536,2052865024
50.4673,861655040,750.5900,1386.92,0,66592768,1,40.98,0.00,901607424,1536,2052865024
50.5724,861655040,753.4500,2721.77,0,67117056,1,87.14,0.00,902844416,1536,2052865024
50.6786,861655040,756.6700,3031.04,0,67117056,1,98.54,0.00,901684224,1536,2052865024
50.7852,861655040,759.6700,2814.15,0,67117056,1,83.84,0.00,901168128,1536,2052865024
50.8902,861655040,761.0500,1314.15,0,67117056,1,39.88,0.00,901164032,1536,2052865024
50.9954,861655040,763.3000,2138.30,0,67641344,1,66.52,0.00,901152768,1536,2052865024
51.1023,861655040,766.4200,2920.63,0,67641344,1,95.07,0.00,901152768,1536,2052865024
51.2080,861655040,769.3400,2761.47,0,67641344,1,81.57,0.00,901144576,1536,2052865024
51.3141,861655040,770.7500,1328.68,0,67641344,1,40.34,0.00,901107712,1536,2052865024
51.4193,861655040,773.5400,2651.39,0,68165632,1,88.80,0.00,901627904,1536,2052865024
51.5277,861655040,777.1200,3303.85,0,68165632,1,100.07,0.00,900706304,1536,2052865024
51.6341,861655040,779.8700,2584.40,0,68165632,1,82.23,0.00,900706304,1536,2052865024
51.7400,861655040,781.6300,1662.29,0,68689920,1,49.88,0.00,901222400,1536,2052865024
51.8458,861655040,784.8500,3042.43,0,68689920,1,95.37,0.00,901080064,1536,2052865024
51.9523,861655040,788.2000,3146.02,0,68689920,1,98.02,0.00,901080064,1536,2052910080
52.0636,861655040,790.6600,2211.20,0,68689920,1,69.10,0.00,901338112,1536,2052910080
52.1720,863621120,792.7700,1945.99,0,69214208,1,60.81,0.00,904287232,1536,2055427072
52.2782,863621120,795.9600,3003.51,0,69214208,1,97.10,0.00,904336384,1536,2055476224
52.3845,863621120,799.1100,2963.96,0,69214208,1,88.80,0.00,904333312,1536,2055476224
52.4905,863621120,801.1500,1923.85,0,69214208,1,58.94,0.00,903854080,1536,2055476224
52.5958,863621120,802.7000,1472.23,0,69738496,1,48.09,0.00,904087552,1536,2055476224
52.7021,863621120,805.8200,2935.50,0,69738496,1,94.97,0.00,903764992,1536,2055476224
52.8076,863621120,808.9900,3002.93,0,69738496,1,90.29,0.00,903048192,1536,2055476224
52.9126,863621120,811.1200,2029.42,0,69738496,1,62.53,0.00,903048192,1536,2055500800
53.0178,863621120,812.6600,1464.50,0,70262784,1,48.44,0.00,902772736,1536,2055500800
53.1243,863621120,816.0000,3136.14,0,70262784,1,97.42,0.00,902772736,1536,2055500800
53.2306,863621120,819.0600,2876.69,0,70262784,1,93.72,0.00,902772736,1536,2055500800
53.3355,863621120,821.0800,1926.83,0,70262784,1,56.34,0.00,902772736,1536,2055500800
53.4404,863621120,821.4000,305.03,0,70787072,1,9.53,0.00,903297024,1536,2055500800
53.5465,863621120,824.5200,2938.98,0,70787072,1,94.79,0.00,903297024,1536,2055500800
53.6520,863621120,827.7600,3071.67,0,70787072,1,93.03,0.00,903297024,1536,2055500800
53.7579,863621120,830.2800,2379.30,0,70787072,1,75.24,0.00,902668288,1536,2055500800
53.8628,863621120,831.2700,943.52,0,71311360,1,34.85,0.00,903009280,1536,2055500800
53.9689,863621120,834.5100,3056.28,0,71311360,1,92.56,0.00,903009280,1536,2055500800
54.0744,863621120,837.6300,2955.07,0,71311360,1,95.60,0.00,903009280,1536,2055500800
54.1804,863621120,840.2300,2453.72,0,71311360,1,72.25,0.00,903009280,1536,2055500800
54.2850,863621120,841.0800,813.00,0,71311360,1,24.51,0.00,902853632,1536,2055500800
54.3897,863621120,843.3600,2176.21,0,71835648,1,70.39,0.00,903107584,1536,2055525376
54.4966,863621120,846.6000,3030.78,0,71835648,1,92.67,0.00,903103488,1536,2055582720
54.6024,863621120,849.4500,2694.54,0,71835648,1,85.98,0.00,903103488,1536,2055582720
54.7074,863621120,851.0600,1533.70,0,71835648,1,46.14,0.00,902579200,1536,2055582720
54.8130,863621120,853.7600,2557.10,0,72359936,1,81.09,0.00,902855680,1536,2055582720
54.9196,863621120,857.0800,3112.72,0,72359936,1,96.98,0.00,902855680,1536,2055582720
55.0252,863621120,859.9200,2690.21,0,72359936,1,84.07,0.00,902855680,1536,2055582720
55.1300,863621120,861.0900,1116.43,0,72359936,1,33.70,0.00,902876160,1536,2055582720
55.2354,863621120,863.5500,2334.33,0,72884224,1,81.84,0.00,902876160,1536,2056020992
55.3448,863621120,867.0200,3171.82,0,72884224,1,90.84,0.00,902847488,1536,2056020992
55.4503,863621120,869.8700,2700.32,0,72884224,1,86.46,0.00,902847488,1536,2056020992
55.5556,863621120,871.4700,1520.20,0,73408512,1,45.72,0.00,902750208,1536,2056020992
55.6620,863621120,874.7000,3033.48,0,73408512,1,95.68,0.00,902750208,1536,2056020992
55.7676,863621120,878.0400,3163.59,0,73408512,1,99.45,0.00,902750208,1536,2056020992
55.8733,863621120,880.6700,2487.98,0,73408512,1,75.98,0.00,902746112,1536,2056020992
55.9784,863621120,881.9400,1208.42,0,73932800,1,41.63,0.00,903008256,1536,2056020992
56.0845,863621120,885.1800,3055.13,0,73932800,1,92.53,0.00,903008256,1536,2056020992
56.1903,863621120,888.3000,2947.15,0,73932800,1,95.64,0.00,903008256,1536,2056020992
56.2960,863621120,890.7700,2338.05,0,73932800,1,68.92,0.00,902787072,1536,2056020992
56.4012,863621120,891.5000,693.83,0,74444800,1,20.49,0.00,902504448,1536,2056020992
56.5121,863621120,894.7300,2912.31,0,74457088,1,92.98,0.00,902504448,1536,2056020992
56.6176,863621120,897.8500,2958.69,0,74457088,1,92.76,0.00,902504448,1536,2056094720
56.7232,863621120,900.3600,2376.27,0,74457088,1,75.74,0.00,902500352,1536,2056094720
56.8288,863621120,901.3800,965.43,0,74457088,1,26.03,0.00,902500352,1536,2056094720
56.9339,863621120,904.0800,2570.26,0,74981376,1,82.40,0.00,902762496,1536,2056094720
57.0399,863621120,907.4300,3161.14,0,74981376,1,99.38,0.00,902762496,1536,2056094720
57.1455,863621120,910.1700,2592.57,0,74981376,1,79.24,0.00,902762496,1536,2056094720
57.2504,863621120,911.4800,1249.35,0,74981376,1,38.74,0.00,902590464,1536,2056094720
57.3555,863621120,914.4700,2845.47,0,75505664,1,88.92,0.00,903372800,1536,2061307392
57.4615,863621120,917.6500,2999.61,0,75505664,1,94.33,0.00,902456320,1536,2061307392
57.5673,863621120,920.4300,2628.27,0,75505664,1,83.91,0.00,902456320,1536,2061307392
57.6731,863621120,922.2200,1691.87,0,76029952,1,57.30,0.00,903242752,1536,2061307392
57.7845,863621120,925.8000,3213.99,0,76029952,1,94.55,0.00,903242752,1536,2061307392
57.8906,863621120,929.1300,3137.29,0,76029952,1,101.28,0.00,903242752,1536,2061307392
57.9968,863621120,931.4700,2204.03,0,76029952,1,64.17,0.00,903242752,1536,2061307392
58.1016,863621120,933.5500,1984.40,0,76554240,1,62.61,0.00,902151168,1536,2061307392
58.2070,863621120,936.7700,3055.35,0,76554240,1,99.04,0.00,902151168,1536,2061307392
58.3121,863621120,939.9400,3014.83,0,76554240,1,90.05,0.00,902151168,1536,2061307392
58.4168,863621120,941.9800,1948.28,0,76554240,1,59.69,0.00,902413312,1536,2061307392
58.5221,866373632,944.4900,2384.83,0,77078528,1,78.98,0.00,905467904,1536,2061360640
58.6296,866373632,947.9400,3209.61,0,77078528,1,95.94,0.00,905463808,1536,2061360640
58.7385,866373632,950.9600,2771.08,0,77078528,1,88.60,0.00,905725952,1536,2061360640
58.8434,866373632,952.4500,1420.88,0,77602816,1,46.79,0.00,905988096,1536,2061360640
58.9520,866373632,956.0100,3279.14,0,77602816,1,99.59,0.00,905269248,1536,2061360640
59.0577,866373632,959.3400,3150.54,0,77602816,1,97.57,0.00,905269248,1536,2061360640
59.1636,866373632,961.8600,2379.65,0,77602816,1,74.95,0.00,905269248,1536,2061360640
59.2685,866373632,963.4200,1487.16,0,78127104,1,44.69,0.00,905601024,1536,2061512192
59.3756,866373632,966.7100,3070.80,0,78127104,1,97.42,0.00,905596928,1536,2061512192
59.4816,866373632,969.8300,2943.26,0,78127104,1,90.50,0.00,905596928,1536,2061512192
59.5878,866373632,972.0900,2128.35,0,78127104,1,65.92,0.00,905854976,1536,2061512192
59.6929,866373632,974.0300,1845.93,0,78651392,1,59.47,0.00,905723904,1536,2061532672
59.7989,866373632,977.1500,2942.08,0,78651392,1,94.89,0.00,905723904,1536,2061532672
59.9048,866373632,980.2300,2909.51,0,78651392,1,86.79,0.00,905723904,1536,2061532672
60.0097,866373632,982.1900,1867.82,0,78651392,1,56.58,0.00,905723904,1536,2061532672
60.1151,866373632,983.9100,1632.49,0,79175680,1,59.32,0.00,906244096,1536,2061532672
60.2248,866373632,987.3600,3143.53,0,79175680,1,89.98,0.00,906244096,1536,2061532672
60.3305,866373632,990.4300,2906.47,0,79175680,1,92.60,0.00,906244096,1536,2061532672
60.4354,866373632,992.3700,1848.01,0,79175680,1,54.18,0.00,906244096,1536,2061532672
60.5440,866373632,994.7300,2174.61,0,79699968,1,69.11,0.00,905735168,1536,2061532672
60.6500,866373632,997.7500,2848.84,0,79699968,1,88.73,0.00,905735168,1536,2061532672
60.7562,866373632,1000.4600,2551.70,0,79699968,1,79.74,0.00,905538560,1536,2061532672
60.8615,866373632,1002.0300,1491.34,0,79699968,1,46.60,0.00,905530368,1536,2061532672
60.9680,866373632,1003.5900,1464.56,0,80224256,1,46.94,0.00,905852928,1536,2061532672
61.0739,866373632,1006.8100,3040.58,0,80224256,1,94.43,0.00,905852928,1536,2061532672
61.1828,866373632,1010.0900,3011.98,0,80224256,1,95.27,0.00,905852928,1536,2061532672
61.2877,866373632,1012.2100,2020.21,0,80224256,1,61.94,0.00,905852928,1536,2061532672
61.3960,866373632,1014.0100,1662.65,0,80748544,1,51.67,0.00,906377216,1536,2061532672
61.5017,866373632,1017.2400,3055.49,0,80748544,1,96.37,0.00,906377216,1536,2061532672
61.6075,866373632,1020.4300,3014.92,0,80748544,1,92.44,0.00,906377216,1536,2061532672
61.7124,866373632,1022.4800,1954.15,0,80748544,1,60.77,0.00,906373120,1536,2061532672
61.8172,866373632,1024.2900,1727.73,0,81272832,1,55.48,0.00,906061824,1536,2061532672
61.9234,866373632,1027.5100,3031.60,0,81272832,1,98.86,0.00,906061824,1536,2061532672
62.0289,866373632,1030.7200,3040.73,0,81272832,1,91.47,0.00,906057728,1536,2061577728
62.1338,866373632,1032.6700,1860.07,0,81272832,1,56.34,0.00,905951232,1536,2061647360
62.2390,866373632,1035.0400,2251.40,0,81797120,1,76.59,0.00,906737664,1536,2061647360
62.3511,866373632,1038.6200,3194.25,0,81797120,1,100.10,0.00,906737664,1536,2061647360
62.4572,866373632,1041.6400,2847.98,0,81797120,1,84.87,0.00,906737664,1536,2064020480
62.5623,863698944,1043.0700,1360.61,0,82321408,1,46.98,0.00,902560768,1536,2064020480
62.6720,863698944,1046.3700,3007.85,0,82321408,1,91.43,0.00,902560768,1536,2064020480
62.7779,863698944,1049.4900,2945.31,0,82321408,1,91.75,0.00,902560768,1536,2064020480
62.8837,863698944,1052.2800,2636.22,0,82321408,1,81.50,0.00,902560768,1536,2064020480
62.9920,863698944,1053.7800,1385.85,0,82845696,1,43.89,0.00,903109632,1536,2064020480
63.0978,863698944,1057.0100,3051.56,0,82845696,1,95.36,0.00,903109632,1536,2064020480
63.2040,863698944,1060.3500,3144.25,0,82845696,1,98.85,0.00,903109632,1536,2064077824
63.3099,863698944,1062.6500,2171.95,0,82845696,1,67.58,0.00,903142400,1536,2064077824
63.4154,863698944,1063.7800,1071.19,0,83369984,1,37.33,0.00,903666688,1536,2064077824
63.5214,863698944,1066.9100,2954.19,0,83369984,1,88.48,0.00,903662592,1536,2064077824
63.6271,863698944,1069.9300,2857.98,0,83369984,1,93.75,0.00,903658496,1536,2064077824
63.7332,863698944,1072.5500,2467.56,0,83369984,1,72.11,0.00,902617088,1536,2064077824
63.8383,863698944,1073.3900,799.57,0,83894272,1,32.72,0.00,903141376,1536,2064077824
63.9488,863698944,1076.7400,3032.04,0,83894272,1,87.68,0.00,903022592,1536,2064077824
64.0546,863698944,1079.8600,2947.75,0,83894272,1,95.96,0.00,903022592,1536,2064077824
64.1608,863698944,1082.2500,2250.45,0,83894272,1,66.50,0.00,903157760,1536,2064077824
64.2680,863698944,1083.4000,1073.19,0,84418560,1,32.66,0.00,903677952,1536,2064077824
64.3741,863698944,1086.6300,3042.23,0,84418560,1,98.31,0.00,902492160,1536,2064077824
64.4840,863698944,1090.1000,3159.53,0,84418560,1,95.61,0.00,902492160,1536,2064114688
64.5902,863698944,1092.4100,2173.62,0,84418560,1,69.69,0.00,902488064,1536,2064114688
64.6961,863698944,1093.9900,1492.13,0,84942848,1,43.68,0.00,902873088,1536,2064135168
64.8023,863698944,1097.1100,2940.10,0,84942848,1,96.00,0.00,902873088,1536,2064135168
64.9090,863698944,1100.3500,3036.22,0,84942848,1,90.49,0.00,902873088,1536,2064135168
65.0144,863698944,1102.5000,2038.73,0,84942848,1,65.49,0.00,902351872,1536,2064135168
65.1194,863698944,1103.5600,1009.70,0,85467136,1,31.26,0.00,903138304,1536,2064135168
65.2293,863698944,1106.7900,2938.32,0,85467136,1,90.69,0.00,903138304,1536,2064135168
65.3355,863698944,1110.0300,3051.06,0,85467136,1,95.93,0.00,903138304,1536,2064135168
65.4417,863698944,1112.3900,2222.64,0,85467136,1,68.87,0.00,903134208,1536,2064385024
65.5478,869597184,1113.7800,1310.57,0,85991424,1,45.67,0.00,908195840,1536,2064385024
65.6572,869597184,1117.1300,3060.89,0,85991424,1,91.08,0.00,908195840,1536,2064385024
65.7634,869597184,1120.2500,2938.79,0,85991424,1,95.96,0.00,908195840,1536,2064385024
65.8693,869990400,1122.7300,2341.10,0,85991424,1,68.44,0.00,908457984,1536,2064385024
65.9743,869990400,1124.4600,1647.56,0,86515712,1,55.65,0.00,909506560,1536,2064409600
66.0803,869990400,1127.7000,3056.27,0,86515712,1,91.09,0.00,909506560,1536,2064409600
66.1864,869990400,1130.7500,2875.36,0,86515712,1,92.51,0.00,909506560,1536,2064409600
66.2914,869990400,1132.9100,2057.19,0,86515712,1,62.80,0.00,909502464,1536,2064409600
66.3974,869990400,1134.1600,1179.35,0,87040000,1,38.33,0.00,909204480,1536,2064409600
66.5039,869990400,1137.5100,3145.49,0,87040000,1,98.59,0.00,908946432,1536,2064454656
66.6101,869990400,1140.7400,3041.51,0,87040000,1,97.40,0.00,908688384,1536,2064454656
66.7155,869990400,1142.9200,2067.23,0,87040000,1,60.45,0.00,908688384,1536,2064454656
66.8212,869990400,1144.2600,1267.70,0,87564288,1,42.57,0.00,909999104,1536,2064737280
66.9274,869990400,1147.4900,3042.00,0,87564288,1,98.89,0.00,909999104,1536,2064737280
67.0329,869990400,1150.8300,3167.34,0,87564288,1,94.53,0.00,909995008,1536,2064737280
67.1378,869990400,1152.9200,1992.15,0,87564288,1,61.96,0.00,909496320,1536,2064737280
67.2426,869990400,1153.2800,343.41,0,87564288,1,9.24,0.00,909496320,1536,2064737280
67.3484,863543296,1156.2700,2826.74,0,88088576,1,90.40,0.00,902785024,1536,2064737280
67.4546,863543296,1159.4600,3004.59,0,88088576,1,98.01,0.00,902785024,1536,2064737280
67.5609,863543296,1162.3800,2745.22,0,88088576,1,81.38,0.29,902727680,1536,2069457408
67.6668,863543296,1163.4600,1019.81,0,88612864,1,36.00,0.00,903510016,1536,2069457408
67.7761,863543296,1166.7900,3047.40,0,88612864,1,92.66,0.00,903510016,1536,2069457408
67.8820,863543296,1169.9200,2955.93,0,88612864,1,91.49,0.00,903251968,1536,2069457408
67.9879,863543296,1172.4700,2408.81,0,88612864,1,75.28,0.00,903251968,1536,2069457408
68.0936,863543296,1173.6700,1134.96,0,89137152,1,36.35,0.00,904570880,1536,2069457408
68.1998,863543296,1177.0100,3145.93,0,89137152,1,98.60,0.00,904448000,1536,2069457408
68.3060,863543296,1180.2400,3041.51,0,89137152,1,96.22,0.00,903390208,1536,2069481984
68.4125,863543296,1182.7100,2318.71,0,89137152,1,70.99,0.00,903390208,1536,2069481984
68.5180,867082240,1184.4000,1601.15,0,89661440,1,54.77,0.00,906892288,1536,2069510656
68.6244,867082240,1187.6400,3046.94,0,89661440,1,92.28,0.00,906892288,1536,2069510656
68.7306,867475456,1190.7500,2928.72,0,89661440,1,93.29,0.00,907154432,1536,2069510656
68.8354,867868672,1192.7500,1907.00,0,89661440,1,56.91,0.00,908465152,1536,2069510656
68.9403,875339776,1193.7000,906.23,0,90185728,1,28.92,0.00,916632576,1536,2069510656
69.0466,875339776,1196.8200,2935.27,0,90185728,1,96.14,0.00,916399104,1536,2069510656
69.1527,875339776,1200.0600,3051.81,0,90185728,1,90.37,0.00,916378624,1536,2069510656
69.2589,875339776,1202.2500,2062.88,0,90185728,1,67.41,0.00,917689344,1536,2069658112
69.3639,854097920,1203.1900,894.89,0,90710016,1,24.40,0.00,895295488,1536,2069658112
69.4709,854097920,1206.3100,2916.19,0,90710016,1,94.34,0.00,895062016,1536,2069658112
69.5771,854097920,1209.5500,3051.07,0,90710016,1,93.29,0.00,894873600,1536,2069658112
69.6834,854097920,1211.8200,2136.36,0,90710016,1,67.06,0.00,894869504,1536,2069658112
69.7920,854097920,1213.1400,1215.27,0,91234304,1,37.69,0.00,896696320,1536,2069678592
69.8983,854097920,1216.3600,3027.44,0,91234304,1,98.43,0.00,896696320,1536,2069678592
70.0044,854097920,1219.7100,3158.16,0,91234304,1,96.34,0.00,896204800,1536,2069678592
70.1105,854097920,1222.0200,2176.96,0,91234304,1,68.62,0.00,895565824,1536,2069678592
70.2157,854491136,1223.9300,1815.66,0,91758592,1,56.15,0.00,897908736,1536,2069678592
70.3214,854491136,1226.8700,2782.40,0,91758592,1,86.95,0.00,897908736,1536,2069678592
70.4268,854491136,1229.7200,2703.75,0,91758592,1,85.97,0.00,896847872,1536,2069678592
70.5326,854491136,1231.8300,1994.41,0,91758592,1,60.26,0.00,896618496,1536,2069678592
70.6400,854491136,1232.6000,717.05,0,92282880,1,24.15,0.00,897386496,1536,2069678592
70.7460,854491136,1235.7200,2942.66,0,92282880,1,91.07,0.00,897386496,1536,2069678592
70.8519,854491136,1238.9500,3051.10,0,92282880,1,96.53,0.00,897386496,1536,2069707264
70.9582,854491136,1241.2600,2172.09,0,92282880,1,69.35,0.00,897067008,1536,2069707264
71.0642,854491136,1242.3200,999.93,0,92807168,1,37.73,0.00,897388544,1536,2069764608
71.1771,854491136,1245.7900,3074.79,0,92807168,1,88.61,0.00,896249856,1536,2069764608
71.2829,854491136,1249.0200,3053.51,0,92807168,1,99.26,0.00,896122880,1536,2069764608
71.3888,854491136,1251.3900,2236.50,0,92807168,1,65.17,0.00,896913408,1536,2069764608
71.4939,855277568,1251.8700,456.96,0,93331456,1,16.66,0.00,897883136,1536,2069764608
71.6000,855277568,1255.2200,3157.70,0,93331456,1,98.38,0.00,897395712,1536,2069764608
71.7060,855277568,1258.4400,3036.47,0,93331456,1,99.31,0.00,897393664,1536,2069764608
71.8124,855277568,1261.1600,2555.23,0,93331456,1,74.86,0.00,897061888,1536,2069764608
71.9191,850051072,1262.3000,1069.06,0,93855744,1,37.80,0.00,893216768,1536,2069780992
72.0321,850051072,1265.8900,3175.33,0,93855744,1,95.08,0.00,892221440,1536,2069826048
72.1384,850051072,1269.1000,3021.74,0,93855744,1,99.14,0.00,892000256,1536,2069826048
72.2446,850444288,1271.4500,2211.85,0,93855744,1,63.53,0.00,892270592,1536,2069826048
72.3500,851230720,1272.6600,1148.43,0,94380032,1,41.52,0.00,893052928,1536,2069826048
72.4557,851230720,1275.9000,3065.84,0,94380032,1,92.26,0.00,892798976,1536,2069826048
72.5614,851230720,1279.0200,2951.36,0,94380032,1,92.82,0.00,892557312,1536,2069826048
72.6674,851230720,1281.2900,2141.29,0,94380032,1,67.80,0.00,891882496,1536,2073240576
72.7724,851230720,1281.9700,647.63,0,94904320,1,20.54,0.00,893758464,1536,2073240576
72.8841,851230720,1285.3700,3044.19,0,94904320,1,95.97,0.00,893135872,1536,2073240576
72.9903,851230720,1288.5000,2947.39,0,94904320,1,95.05,0.00,892763136,1536,2073240576
73.0966,851230720,1290.9600,2312.78,0,94904320,1,68.45,0.00,893029376,1536,2073240576
73.2023,851623936,1292.1400,1117.01,0,95428608,1,41.12,0.00,894094336,1536,2073240576
73.3091,851623936,1295.4600,3108.90,0,95428608,1,93.35,0.00,893733888,1536,2073240576
73.4154,851623936,1298.8100,3149.34,0,95428608,1,99.00,0.00,893733888,1536,2073240576
73.5216,851623936,1301.1100,2166.77,0,95428608,1,67.42,0.00,893242368,1536,2073240576
73.6269,852017152,1301.8500,702.37,0,95952896,1,29.36,0.00,893816832,1536,2073240576
73.7373,852017152,1305.3200,3145.05,0,95952896,1,91.20,0.00,893333504,1536,2073240576
73.8434,852017152,1308.5500,3043.73,0,95952896,1,98.36,0.00,893333504,1536,2073240576
73.9557,852017152,1311.1900,2351.38,0,95952896,1,70.14,0.00,892940288,1536,2073240576
74.0608,852803584,1312.5900,1331.16,0,96477184,1,40.71,0.00,894577664,1536,2073240576
74.1709,852803584,1315.9400,3042.70,0,96477184,1,98.49,0.00,894487552,1536,2073240576
74.2762,852803584,1319.2800,3172.60,0,96477184,1,96.18,0.00,893820928,1536,2080027648
74.3826,852803584,1321.5300,2115.92,0,96477184,1,66.71,0.00,893575168,1536,2080027648
74.4898,852803584,1322.7800,1165.50,0,97005568,1,35.55,0.00,895610880,1536,2080027648
74.5958,852803584,1326.1300,3160.86,0,97005568,1,97.89,0.00,894980096,1536,2080027648
74.7021,852803584,1329.3500,3029.66,0,97005568,1,94.97,0.00,894980096,1536,2080027648
74.8080,852803584,1331.5700,2096.50,0,97005568,1,64.93,0.00,895770624,1536,2080027648
74.9160,853196800,1332.4800,842.45,0,97529856,1,28.93,0.00,895787008,1536,2117522432
75.0224,853196800,1335.7000,3026.86,0,97529856,1,98.11,0.00,895299584,1536,2117522432
75.1284,853196800,1339.0500,3160.03,0,97529856,1,94.62,0.00,895049728,1536,2117522432
75.2338,853196800,1341.3800,2210.60,0,97529856,1,69.08,0.00,895049728,1536,2117522432
75.3398,853983232,1343.2200,1736.06,0,98054144,1,60.15,0.00,896528384,1536,2117522432
75.4490,853983232,1346.5700,3065.88,0,98054144,1,91.80,0.00,895553536,1536,2117522432
75.5550,853983232,1349.7500,2999.90,0,98054144,1,95.52,0.00,896344064,1536,2117551104
75.6605,853983232,1351.8800,2019.83,0,98054144,1,60.45,0.00,896618496,1536,2117551104
75.7720,853983232,1353.6800,1614.48,0,98578432,1,50.45,0.00,895704064,1536,2117551104
75.8779,853983232,1356.8100,2955.05,0,98578432,1,92.35,0.00,895704064,1536,2117551104
75.9832,853983232,1359.8000,2838.73,0,98578432,1,92.86,0.00,895073280,1536,2117551104
76.0928,853983232,1361.9300,1943.08,0,98578432,1,54.73,0.00,895073280,1536,2117551104
76.2000,854376448,1363.0300,1026.78,0,99102720,1,34.13,0.00,898214912,1536,2117551104
76.3058,854376448,1366.2600,3052.08,0,99102720,1,95.67,0.00,896585728,1536,2117551104
76.4117,854376448,1369.6000,3154.00,0,99102720,1,98.56,0.00,896335872,1536,2117551104
76.5240,854376448,1372.0400,2171.78,0,99102720,1,66.76,0.00,896880640,1536,2117551104
76.6295,855556096,1374.1200,1971.84,0,99627008,1,61.62,0.00,899031040,1536,2117551104
76.7358,855556096,1377.3600,3050.25,0,99627008,1,96.20,0.00,898535424,1536,2117551104
76.8418,855556096,1380.2800,2754.71,0,99627008,1,84.91,0.00,897888256,1536,2117628928
76.9472,855556096,1382.3100,1924.72,0,99627008,1,59.85,0.00,897642496,1536,2117628928
77.0560,855556096,1384.3900,1912.69,0,100151296,1,60.92,0.00,898563072,1536,2117628928
77.1621,855556096,1387.6100,3034.85,0,100151296,1,96.90,0.00,898325504,1536,2117628928
77.2680,855556096,1390.7200,2935.64,0,100151296,1,89.67,0.00,897833984,1536,2117768192
77.3731,855556096,1392.4900,1684.50,0,100151296,1,51.75,0.00,897862656,1536,2117768192
77.4784,855949312,1393.5800,1034.74,0,100675584,1,38.27,0.00,898726912,1536,2117768192
77.5840,855949312,1396.8200,3068.59,0,100675584,1,92.34,0.00,898223104,1536,2117768192
77.6957,855949312,1400.2200,3043.96,0,100675584,1,95.68,0.00,898223104,1536,2117768192
77.8013,855949312,1402.4100,2074.27,0,100675584,1,66.30,0.00,898223104,1536,2164288000
77.9069,856342528,1403.4000,936.99,0,101199872,1,36.38,0.00,898855936,1536,2164288000
78.0176,856342528,1406.7200,3000.35,0,101199872,1,85.57,0.00,897897472,1536,2164349440
78.1236,856342528,1409.8500,2953.65,0,101199872,1,93.78,0.00,897897472,1536,2164394496
78.2295,856342528,1412.0800,2104.23,0,101199872,1,65.17,0.00,899204096,1536,2164394496
78.3394,857522176,1412.8200,673.69,0,101724160,1,27.31,0.00,901051392,1536,2164394496
78.4492,857522176,1416.1700,3049.91,0,101724160,1,89.33,0.00,900305920,1536,2164394496
78.5550,857522176,1419.3000,2959.06,0,101724160,1,95.72,0.00,899580928,1536,2164447744
78.6608,857522176,1421.8400,2400.46,0,101724160,1,70.88,0.00,899580928,1536,2164615680
78.7673,859488256,1423.0600,1146.18,0,102248448,1,45.21,0.00,902130688,1536,2164615680
78.8771,859488256,1426.4100,3051.26,0,102248448,1,89.37,0.00,901901312,1536,2164615680
78.9829,859488256,1429.5300,2947.17,0,102248448,1,95.35,0.00,900652032,1536,2164615680
79.0888,857444352,1432.1300,2454.74,0,102248448,1,73.17,0.00,899304448,1536,2164615680
79.1960,857837568,1433.7400,1502.70,0,102772736,1,45.79,0.00,900910080,1536,2164615680
79.3025,857837568,1436.9700,3031.16,0,102772736,1,98.83,0.00,900733952,1536,2164845056
79.4110,857837568,1440.3200,3088.98,0,102772736,1,95.67,0.00,900496384,1536,2164845056
79.5161,857837568,1442.5400,2112.78,0,102772736,1,62.75,0.00,899976192,1536,2164845056
79.6218,857837568,1443.2600,681.22,0,103297024,1,20.99,0.00,902085632,1536,2164845056
79.7272,857837568,1446.3100,2891.95,0,103297024,1,93.04,0.00,901094400,1536,2164845056
79.8360,857837568,1449.6600,3080.41,0,103297024,1,92.81,0.00,900860928,1536,2164845056
79.9413,857837568,1452.1100,2325.34,0,103297024,1,72.37,0.00,901389312,1536,2164845056
80.0471,857837568,1452.9200,766.04,0,103297024,1,21.87,0.00,902245376,1536,2164845056
80.1560,857837568,1455.7500,2598.60,0,103821312,1,84.08,0.00,900834304,1536,2164865536
80.2619,857837568,1458.8700,2945.90,0,103821312,1,91.17,0.00,900588544,1536,2164865536
80.3679,857837568,1461.5100,2490.88,0,103821312,1,78.13,0.00,900588544,1536,2164865536
80.4739,857837568,1462.5700,999.85,0,103821312,1,30.07,0.00,901702656,1536,2164865536
80.5797,857837568,1465.3800,2655.53,0,104345600,1,83.87,0.00,900953088,1536,2164865536
80.6860,857837568,1468.4200,2859.33,0,104345600,1,93.18,0.00,900486144,1536,2164865536
80.7922,857837568,1471.1300,2551.99,0,104345600,1,75.92,0.00,900490240,1536,2164865536
80.8980,857837568,1472.3000,1105.93,0,104345600,1,33.38,0.00,901026816,1536,2164865536
81.0032,859410432,1474.4600,2052.98,0,104869888,1,70.10,0.00,901141504,1536,2164865536
81.1095,859410432,1477.5900,2946.06,0,104869888,1,87.36,0.00,900199424,1536,2164865536
81.2150,859410432,1480.2900,2558.35,0,104869888,1,82.32,0.00,900199424,1536,2164865536
81.3208,859410432,1482.0000,1615.84,0,104869888,1,47.54,0.00,900195328,1536,2164865536
81.4264,859803648,1483.4200,1344.96,0,105394176,1,45.88,0.00,902562816,1536,2164865536
81.5328,859803648,1486.6600,3046.50,0,105394176,1,90.80,0.00,901436416,1536,2164865536
81.6389,859803648,1489.7300,2891.70,0,105394176,1,93.60,0.00,901448704,1536,2164865536
81.7441,859803648,1491.6400,1815.82,0,105394176,1,51.99,0.00,901190656,1536,2164865536
81.8520,859803648,1492.6900,973.38,0,105918464,1,32.16,0.00,904348672,1536,2164890112
81.9581,859803648,1495.9100,3035.53,0,105918464,1,98.40,0.00,903279616,1536,2164935168
82.0642,859803648,1499.2600,3156.77,0,105918464,1,94.23,0.00,903279616,1536,2164935168
82.1721,859803648,1501.5300,2103.15,0,105918464,1,65.43,0.00,903279616,1536,2164935168
82.2800,860590080,1502.8700,1242.34,0,106442752,1,38.53,0.00,903767040,1536,2164935168
82.3864,860590080,1506.0900,3025.81,0,106442752,1,98.37,0.00,903549952,1536,2164935168
82.4925,860590080,1509.4400,3156.95,0,106442752,1,95.12,0.00,903439360,1536,2164935168
82.5981,860590080,1511.5200,1969.08,0,106442752,1,61.24,0.00,903218176,1536,2164935168
82.7035,860983296,1513.2200,1612.89,0,106967040,1,57.52,0.00,904299520,1536,2164935168
82.8129,860983296,1516.5900,3080.64,0,106967040,1,88.84,0.00,904299520,1536,2164935168
82.9188,860983296,1519.6800,2918.82,0,106967040,1,94.46,0.00,904299520,1536,2168349184
83.0236,860983296,1521.7100,1936.30,0,106967040,1,56.34,0.00,903758848,1536,2168349184
83.1320,861769728,1523.8300,1956.84,0,107491328,1,63.17,0.00,904471552,1536,2168349184
83.2375,861769728,1526.9500,2956.56,0,107491328,1,91.50,0.00,904471552,1536,2168349184
83.3439,861769728,1529.8900,2763.78,0,107491328,1,86.66,0.00,903246848,1536,2168349184
83.4497,861769728,1531.5400,1559.73,0,107491328,1,46.38,0.00,903508992,1536,2168349184
83.5552,861769728,1533.2900,1658.07,0,108015616,1,60.70,0.00,904229888,1536,2168349184
83.6644,861769728,1536.6500,3076.75,0,108015616,1,89.57,0.00,904229888,1536,2168467968
83.7703,861769728,1539.5700,2758.35,0,108015616,1,87.38,0.00,904225792,1536,2168467968
83.8755,861769728,1541.2900,1634.06,0,108015616,1,47.80,0.00,904225792,1536,2168467968
83.9840,864522240,1542.3200,949.89,0,108539904,1,31.99,0.00,906281984,1536,2168467968
84.0902,864522240,1545.4400,2935.81,0,108539904,1,95.57,0.00,905442304,1536,2168467968
84.1963,864522240,1548.6800,3055.98,0,108539904,1,91.67,0.00,905704448,1536,2168467968
84.3023,864915456,1550.7700,1971.15,0,108539904,1,62.48,0.00,906753024,1536,2168467968
84.4120,868454400,1551.4600,628.85,0,109064192,1,19.37,0.00,911057920,1536,2168467968
84.5182,868454400,1554.5900,2947.73,0,109064192,1,94.77,0.00,910459904,1536,2168467968
84.6242,868454400,1557.8200,3048.69,0,109064192,1,93.21,0.00,910455808,1536,2168467968
84.7303,868454400,1560.1200,2167.57,0,109064192,1,68.91,0.00,910455808,1536,2168467968
84.8362,868454400,1560.8800,717.71,0,109064192,1,20.36,0.00,910455808,1536,2168467968
84.9440,868454400,1563.6300,2550.48,0,109588480,1,79.12,0.00,912552960,7680,2168504832
85.0503,868454400,1566.8500,3029.18,0,109588480,1,99.37,0.00,911209472,7680,2168504832
85.1561,868454400,1569.6300,2628.17,0,109588480,1,76.81,0.00,911733760,7680,2168504832
85.2616,868454400,1570.7700,1080.53,0,109588480,1,32.58,0.00,912290816,7680,2168504832
85.3667,862973952,1573.4700,2567.67,0,110112768,1,83.81,0.00,906527744,7680,2168529408
85.4721,862973952,1576.6000,2969.43,0,110112768,1,90.42,0.00,906200064,7680,2168529408
85.5776,862973952,1579.1600,2425.93,0,110112768,1,74.33,0.00,905954304,7680,2168529408
85.6831,862973952,1580.3800,1156.60,0,110112768,1,35.85,0.00,905860096,7680,2168529408
85.7884,862973952,1582.2200,1748.49,0,110637056,1,55.23,0.00,907899904,7680,2168529408
85.8941,862973952,1585.3400,2950.07,0,110637056,1,95.74,0.00,907047936,7680,2168529408
86.0001,862973952,1588.3800,2867.17,0,110637056,1,84.59,0.00,907043840,7680,2168529408
86.1051,862973952,1590.2600,1791.41,0,110637056,1,55.39,0.00,907351040,7680,2168529408
86.2099,862973952,1591.5300,1211.84,0,111161344,1,41.15,0.00,908403712,7680,2168529408
86.3161,862973952,1594.7500,3032.78,0,111161344,1,94.19,0.00,908084224,7680,2168529408
86.4214,862973952,1597.8500,2942.68,0,111161344,1,91.37,0.00,908084224,7680,2168529408
86.5265,862973952,1600.0500,2092.66,0,111161344,1,67.18,0.00,907506688,7680,2168529408
86.6321,863367168,1601.6800,1543.47,0,111685632,1,47.94,0.00,908698624,7680,2168529408
86.7381,863367168,1604.8000,2945.18,0,111685632,1,95.58,0.00,908444672,7680,2168529408
86.8438,863367168,1607.9900,3018.30,0,111685632,1,90.18,0.00,908444672,7680,2168529408
86.9487,863367168,1610.0000,1916.16,0,111685632,1,58.99,0.00,908010496,7680,2168529408
87.0560,863367168,1611.0500,978.37,0,112209920,1,31.74,0.00,909267968,7680,2168529408
87.1623,863367168,1614.2800,3038.43,0,112209920,1,98.48,0.00,909030400,7680,2168529408
87.2680,863367168,1617.6200,3158.34,0,112209920,1,94.86,0.00,909202432,7680,2168676864
87.3742,863367168,1619.9100,2156.57,0,112209920,1,68.57,0.00,909083648,7680,2168676864
87.4793,863760384,1621.8000,1798.45,0,112734208,1,59.77,0.00,909784064,7680,2168676864
87.5854,863760384,1625.1500,3158.64,0,112734208,1,94.88,0.00,908895232,7680,2168676864
87.6911,863760384,1628.2900,2970.33,0,112734208,1,94.30,0.00,909681664,7680,2168676864
87.7969,863760384,1630.2700,1870.86,0,112734208,1,55.22,0.00,910410752,7680,2168676864
87.9040,864153600,1632.8600,2419.40,0,113258496,1,76.77,0.00,909337600,7680,2168676864
88.0104,864153600,1636.0900,3034.35,0,113258496,1,98.64,0.00,908297216,7680,2172033536
88.1201,864153600,1639.0600,2707.81,0,113258496,1,81.20,0.00,908297216,7680,2172033536
88.2253,864546816,1640.5600,1426.30,0,113782784,1,44.57,0.00,910808064,7680,2172103168
88.3313,864546816,1643.6500,2914.06,0,113782784,1,94.01,0.00,909550592,7680,2172103168
88.4400,864546816,1647.0600,3138.29,0,113782784,1,94.33,0.00,909431808,7680,2172156416
88.5460,865333248,1649.6600,2452.78,0,113782784,1,77.24,0.00,909960192,7680,2172156416
88.6516,865726464,1651.5000,1742.72,0,114307072,1,57.42,0.00,910771200,7680,2172156416
88.7613,865726464,1654.8500,3052.17,0,114307072,1,92.82,0.00,910771200,7680,2172156416
88.8675,865726464,1658.1900,3146.71,0,114307072,1,97.75,0.00,910771200,7680,2172156416
88.9731,865726464,1660.2900,1986.99,0,114307072,1,60.91,0.00,909734912,7680,2172156416
89.0788,866119680,1662.4800,2071.86,0,114831360,1,73.32,0.00,909686784,7680,2172156416
89.1890,866119680,1665.9500,3149.42,0,114831360,1,91.05,0.00,909572096,7680,2172156416
89.2955,866119680,1668.9000,2770.88,0,114831360,1,85.71,0.00,910092288,7680,2172307968
89.4004,866512896,1670.3500,1381.90,0,114831360,1,41.70,0.00,910096384,7680,2172307968
89.5059,868872192,1672.5300,2066.25,0,115355648,1,65.16,0.00,913147904,7680,2172307968
89.6114,868872192,1675.7900,3089.49,0,115355648,1,96.25,0.00,912664576,7680,2172307968
89.7171,869265408,1678.7100,2764.02,0,115355648,1,85.78,0.00,912685056,7680,2172307968
89.8231,869658624,1680.3800,1575.67,0,115355648,1,48.94,0.00,912668672,7680,2172307968
89.9294,872804352,1681.4800,1034.92,0,115879936,1,32.64,0.00,917395456,7680,2172307968
90.0356,872804352,1684.8300,3152.86,0,115879936,1,99.12,0.00,916285440,7680,2172307968
90.1414,872804352,1688.0600,3054.04,0,115879936,1,95.73,0.00,916547584,7680,2172307968
90.2471,873197568,1690.2400,2061.33,0,115879936,1,64.71,0.00,917354496,7680,2172307968
90.3527,873197568,1692.4800,2121.41,0,116404224,1,66.29,0.00,917148672,7680,2172328448
90.4589,873197568,1695.6000,2939.82,0,116404224,1,95.99,0.00,917148672,7680,2172328448
90.5649,873197568,1698.5600,2790.73,0,116404224,1,82.20,0.00,916112384,7680,2172328448
90.6699,873197568,1700.2000,1562.19,0,116404224,1,47.33,0.00,916108288,7680,2172328448
90.7748,873984000,1701.5000,1238.92,0,116928512,1,46.46,0.00,918987776,7680,2172328448
90.8810,873984000,1704.7400,3051.84,0,116928512,1,91.25,0.00,918987776,7680,2172328448
90.9869,873984000,1707.8300,2917.82,0,116928512,1,93.54,0.00,919151616,7680,2172328448
91.0921,873984000,1709.8000,1872.75,0,116928512,1,55.26,0.00,918512640,7680,2172328448
91.2000,874377216,1711.3600,1445.86,0,117452800,1,46.92,0.00,920249344,7680,2172328448
91.3063,874377216,1714.3800,2839.54,0,117452800,1,91.38,0.00,919925760,7680,2172328448
91.4156,874377216,1717.6300,2974.45,0,117452800,1,89.23,0.00,919925760,7680,2172328448
91.5212,874377216,1719.4400,1713.26,0,117452800,1,52.95,0.00,919925760,7680,2172328448
91.6268,875163648,1720.8400,1325.93,0,117977088,1,47.65,0.00,919287808,7680,2172328448
91.7333,875163648,1723.9700,2940.56,0,117977088,1,87.78,0.00,919286784,7680,2172328448
91.8392,875163648,1726.9500,2812.73,0,117977088,1,89.37,0.00,919282688,7680,2172328448
91.9448,875556864,1728.8100,1762.55,0,117977088,1,52.71,0.00,919806976,7680,2172373504
92.0500,876736512,1729.4000,560.71,0,118501376,1,22.87,0.00,919855104,7680,2172373504
92.1561,876736512,1732.4200,2846.04,0,118501376,1,85.40,0.00,919441408,7680,2172373504
92.2622,876736512,1735.3400,2750.61,0,118501376,1,90.67,0.00,919203840,7680,2172373504
92.3686,876736512,1737.7000,2218.49,0,118501376,1,64.33,0.00,919199744,7680,2172373504
92.4738,876736512,1738.4200,684.40,0,118984704,1,20.50,0.00,920141824,7680,2172373504
92.5793,877129728,1741.4400,2864.10,0,119025664,1,95.43,0.00,919396352,7680,2172373504
92.6855,877129728,1744.6800,3048.61,0,119025664,1,91.74,0.00,919281664,7680,2172373504
92.7916,877129728,1747.2600,2432.87,0,119025664,1,75.14,0.00,919805952,7680,2172373504
92.8974,877129728,1748.1800,869.33,0,119025664,1,26.58,0.00,920064000,7680,2172373504
93.0025,877129728,1750.2400,1960.99,0,119549952,1,65.74,0.00,919726080,7680,2172373504
93.1093,877129728,1753.5900,3135.97,0,119549952,1,94.78,0.00,919726080,7680,2172373504
93.2153,877129728,1756.5200,2763.90,0,119549952,1,87.55,0.00,919750656,7680,2174557184
93.3206,877129728,1758.2400,1633.15,0,119549952,1,47.77,0.00,919463936,7680,2174557184
93.4280,877916160,1760.5000,2105.23,0,120074240,1,67.54,0.00,920231936,7680,2174557184
93.5339,877916160,1763.7200,3040.83,0,120074240,1,95.03,0.00,919867392,7680,2174557184
93.6442,877916160,1766.7900,2783.59,0,120074240,1,86.42,0.00,920387584,7680,2174557184
93.7488,878309376,1768.2000,1346.95,0,120143872,1,41.20,0.00,921698304,7680,2174557184
93.8576,878309376,1771.4100,2951.34,0,120598528,1,93.38,0.00,921960448,7680,2174557184
93.9633,878309376,1774.6400,3057.03,0,120598528,1,99.67,0.00,921497600,7680,2174557184
94.0690,878309376,1777.4300,2639.03,0,120598528,1,78.63,0.00,920600576,7680,2174557184
94.1747,879489024,1778.9400,1428.29,0,121122816,1,49.95,0.00,922785792,7680,2174557184
94.2840,879489024,1782.3400,3111.61,0,121122816,1,93.81,0.00,922785792,7680,2174557184
94.3896,879489024,1785.5700,3056.48,0,121122816,1,94.63,0.00,922785792,7680,2174598144
94.4956,870686720,1788.2600,2538.59,0,121122816,1,79.33,0.00,911009792,7680,2174598144
94.6011,856076288,1790.2900,1924.70,0,121647104,1,62.81,0.00,898289664,7680,2174598144
94.7077,856076288,1793.6400,3142.97,0,121647104,1,97.92,0.00,897883136,7680,2195704832
94.8137,856076288,1796.7900,2972.09,0,121647104,1,93.17,0.00,897879040,7680,2195704832
94.9187,856076288,1798.7700,1884.84,0,121647104,1,59.50,0.00,897592320,7680,2195704832
95.0280,856469504,1801.5400,2535.09,0,122175488,1,78.65,0.00,898407424,7680,2195704832
95.1332,856469504,1804.7700,3068.66,0,122175488,1,95.90,0.00,897879040,7680,2195704832
95.2392,856469504,1807.4800,2556.81,0,122175488,1,81.96,0.00,898538496,7680,2195704832
95.3449,857255936,1808.7600,1210.84,0,122175488,1,33.70,0.00,900434944,7680,2195704832
95.4520,857255936,1811.4600,2522.24,0,122699776,1,81.16,0.00,901041152,7680,2199956480
95.5640,857255936,1814.8200,2998.46,0,122699776,1,94.26,0.00,900295680,7680,2199956480
95.6699,857255936,1817.4800,2512.97,0,122699776,1,79.42,0.00,900049920,7680,2199956480
95.7759,857255936,1818.7800,1226.17,0,122699776,1,35.37,0.00,901352448,7680,2199956480
95.8810,857255936,1821.3600,2454.89,0,123224064,1,79.09,0.00,899811328,7680,2199956480
95.9865,857255936,1824.4800,2958.83,0,123224064,1,96.02,0.00,899454976,7680,2199956480
96.0925,857255936,1827.2900,2651.02,0,123224064,1,79.31,0.00,899491840,7680,2199956480
96.1982,857255936,1828.5300,1172.92,0,123224064,1,35.18,0.00,900790272,7680,2199956480
96.3033,857255936,1831.1700,2510.60,0,123748352,1,87.37,0.00,900446208,7680,2199956480
96.4129,857255936,1834.6100,3140.28,0,123748352,1,91.00,0.00,900446208,7680,2199956480
96.5186,857255936,1837.2600,2506.15,0,123748352,1,79.79,0.00,899632128,7680,2199956480
96.6240,857649152,1838.3900,1072.42,0,123748352,1,30.55,0.00,900680704,7680,2200001536
96.7320,857649152,1841.5100,2888.97,0,124272640,1,91.44,0.00,901204992,7680,2200001536
96.8376,857649152,1844.7400,3059.22,0,124272640,1,96.49,0.00,899988480,7680,2200067072
96.9441,857649152,1847.4800,2572.86,0,124272640,1,79.23,0.00,900516864,7680,2200128512
97.0502,857649152,1848.6400,1092.33,0,124796928,1,36.20,0.00,902077440,7680,2200181760
97.1559,857649152,1851.7400,2933.01,0,124796928,1,89.00,0.00,901598208,7680,2200181760
97.2619,857649152,1854.7500,2841.28,0,124796928,1,88.79,0.00,901598208,7680,2200247296
97.3680,857649152,1857.4100,2507.74,0,124796928,1,78.07,0.00,901598208,7680,2200247296
97.4740,857649152,1858.5200,1046.67,0,124796928,1,31.53,0.00,901258240,7680,2200247296
97.5795,857649152,1860.9400,2294.79,0,125321216,1,74.08,0.00,903629824,7680,2200247296
97.6855,857649152,1864.0600,2943.44,0,125321216,1,91.98,0.00,903625728,7680,2200247296
97.7918,857649152,1866.9600,2727.62,0,125321216,1,84.36,0.00,903625728,7680,2200247296
97.8972,858042368,1868.5300,1489.86,0,125321216,1,46.26,0.00,903625728,7680,2200247296
98.0040,858435584,1871.0800,2387.20,0,125845504,1,76.06,0.00,901797888,7680,2200247296
98.1101,858435584,1874.3100,3042.64,0,125845504,1,95.67,0.00,901343232,7680,2200247296
98.2158,858435584,1877.1500,2686.47,0,125845504,1,83.36,0.00,901343232,7680,2200247296
98.3209,858435584,1878.5300,1314.13,0,125845504,1,40.77,0.30,902674432,7680,2228448768
98.4262,858828800,1881.2200,2552.73,0,126369792,1,85.41,0.00,902948864,7680,2228448768
98.5318,858828800,1884.5700,3172.70,0,126369792,1,95.00,0.00,902809600,7680,2228448768
98.6376,858828800,1887.3000,2581.17,0,126369792,1,80.66,0.00,902259712,7680,2228448768
98.7436,858828800,1888.6700,1292.69,0,126369792,1,38.92,0.00,902280192,7680,2228448768
98.8490,860401664,1891.2700,2466.36,0,126894080,1,80.04,0.00,902845440,7680,2228448768
98.9548,860401664,1894.3800,2939.22,0,126894080,1,95.10,0.00,902845440,7680,2228448768
99.0610,860401664,1897.2200,2673.81,0,126894080,1,78.55,0.00,902521856,7680,2228448768
99.1661,860401664,1898.5500,1265.75,0,126894080,1,38.96,0.00,902185984,7680,2228448768
99.2716,860794880,1900.6100,1951.60,0,127418368,1,60.69,0.00,904680448,7680,2228604416
99.3775,860794880,1903.8300,3040.63,0,127418368,1,95.31,0.00,904680448,7680,2228604416
99.4837,860794880,1906.8900,2882.94,0,127418368,1,88.91,0.00,904328192,7680,2228604416
99.5885,860794880,1908.4700,1506.75,0,127418368,1,46.79,0.00,904352768,7680,2228604416
99.6935,860794880,1910.5800,2009.74,0,127942656,1,62.21,0.00,904027136,7680,2228604416
99.8000,860794880,1913.9300,3148.00,0,127942656,1,99.26,0.00,904027136,7680,2228604416
99.9063,860794880,1916.9200,2812.06,0,127942656,1,90.52,0.00,904027136,7680,2228604416
100.0117,861188096,1918.5400,1536.62,0,127942656,1,45.06,0.00,904203264,7680,2228604416
100.1175,861188096,1921.5900,2883.53,0,128466944,1,91.88,0.00,904358912,7680,2228604416
100.2282,861188096,1925.1600,3224.32,0,128466944,1,99.91,0.00,904383488,7680,2228604416
100.3345,861188096,1927.8400,2521.93,0,128466944,1,80.87,0.00,904797184,7680,2228604416
100.4399,862367744,1929.7200,1783.42,0,128991232,1,54.25,0.00,906386432,7680,2228624896
100.5480,862367744,1933.0600,3090.11,0,128991232,1,97.14,0.00,905735168,7680,2228624896
100.6542,862367744,1936.2800,3030.18,0,128991232,1,97.93,0.00,905280512,7680,2228624896
100.7602,862367744,1938.5600,2152.00,0,128991232,1,63.12,0.00,904119296,7680,2228624896
100.8654,863154176,1940.7600,2090.92,0,129515520,1,65.04,0.00,906224640,7680,2228624896
100.9716,863154176,1944.1000,3145.37,0,129515520,1,98.00,0.00,906224640,7680,2228624896
101.0822,863154176,1947.2700,2866.55,0,129515520,1,89.86,0.00,905303040,7680,2228624896
101.1872,863154176,1948.8900,1542.16,0,129515520,1,48.19,0.00,904158208,7680,2228624896
101.2926,863154176,1951.7500,2715.03,0,130039808,1,86.62,0.00,906791936,7680,2228624896
101.3982,863154176,1954.9700,3046.82,0,130039808,1,99.06,0.00,906791936,7680,2228624896
101.5044,863154176,1957.7800,2647.48,0,130039808,1,78.02,0.00,906439680,7680,2228624896
101.6097,863154176,1959.0200,1177.16,0,130039808,1,37.38,0.00,906185728,7680,2228624896
101.7154,863154176,1960.6400,1532.51,0,130564096,1,48.78,0.00,907758592,7680,2228624896
101.8210,863154176,1963.8700,3058.52,0,130564096,1,94.40,0.00,907160576,7680,2228690432
101.9267,863154176,1967.0200,2980.33,0,130564096,1,96.68,0.00,906910720,7680,2228690432
102.0316,863154176,1969.2500,2126.32,0,130564096,1,63.47,0.00,906660864,7680,2228837888
102.1372,863547392,1971.6200,2245.05,0,131088384,1,70.16,0.00,907684864,7680,2228837888
102.2432,863547392,1974.8400,3035.97,0,131088384,1,99.88,0.00,907684864,7680,2228837888
102.3518,863547392,1978.0300,2938.78,0,131088384,1,88.96,0.00,907680768,7680,2228837888
102.4573,863547392,1979.6100,1497.99,0,131600384,1,50.66,0.00,907134976,7680,2228837888
102.5692,863547392,1982.9100,2946.86,0,131612672,1,87.07,0.00,906528768,7680,2228837888
102.6745,863547392,1986.0300,2964.85,0,131612672,1,95.32,0.00,905861120,7680,2228837888
102.7798,863547392,1988.6100,2449.52,0,131612672,1,74.47,0.00,906385408,7680,2228837888
102.8848,863547392,1989.5100,856.82,0,131612672,1,26.18,0.00,907696128,7680,2228854272
102.9905,863940608,1992.2200,2565.44,0,132136960,1,86.38,0.00,908224512,7680,2228854272
103.0960,863940608,1995.4600,3069.68,0,132136960,1,92.37,0.00,907974656,7680,2228854272
103.2054,863940608,1998.2700,2568.64,0,132136960,1,79.13,0.00,907618304,7680,2228854272
103.3108,864333824,1999.4600,1129.80,0,132136960,1,33.82,0.00,908998656,7680,2228854272
103.4155,864333824,2002.1000,2520.91,0,132661248,1,81.17,0.00,909277184,7680,2232550912
103.5215,864333824,2005.2200,2941.35,0,132661248,1,91.03,0.00,909174784,7680,2232550912
103.6272,864333824,2007.9100,2546.33,0,132661248,1,81.35,0.00,909621248,7680,2232550912
103.7325,864333824,2009.2500,1272.20,0,132661248,1,36.79,0.00,910141440,7680,2232550912
103.8381,864333824,2011.8800,2490.36,0,133185536,1,82.56,0.00,910501888,7680,2232550912
103.9440,864333824,2015.1200,3061.54,0,133185536,1,92.72,0.00,910260224,7680,2232550912
104.0506,864333824,2017.7500,2465.76,0,133185536,1,78.23,0.00,908480512,7680,2232550912
104.1569,864333824,2018.9300,1109.82,0,133185536,1,31.15,0.00,908275712,7680,2232550912
104.2640,865120256,2021.1500,2074.03,0,133709824,1,64.81,0.00,909598720,7680,2232550912
104.3704,865120256,2024.4800,3130.03,0,133709824,1,102.51,0.00,909598720,7680,2232550912
104.4790,865120256,2027.5900,2862.32,0,133709824,1,87.15,0.00,909688832,7680,2232550912
104.5842,865513472,2029.1700,1502.56,0,133709824,1,44.58,0.00,910635008,7680,2232550912
104.6920,865513472,2032.2100,2820.01,0,134234112,1,90.15,0.00,911159296,7680,2232550912
104.7982,865513472,2034.6900,2335.68,0,134234112,1,72.11,0.00,911159296,7680,2232550912
104.9035,865513472,2036.5500,1765.40,0,134758400,1,55.17,0.00,909294592,7680,2232550912
105.0099,865513472,2039.4900,2763.11,0,134758400,1,85.17,0.00,909581312,7680,2232550912
105.1153,866299904,2041.4000,1811.66,0,135282688,1,61.06,0.00,910625792,7680,2232550912
105.2218,866299904,2044.5800,2987.14,0,135282688,1,88.94,0.00,909679616,7680,2232690176
105.3267,866693120,2046.1200,1467.60,0,135282688,1,45.86,0.00,911248384,7680,2232690176
105.4360,866693120,2049.2200,2837.70,0,135806976,1,92.97,0.00,911301632,7680,2232690176
105.5418,866693120,2051.6500,2295.90,0,135806976,1,69.68,0.00,911510528,7680,2232690176
105.6470,867086336,2053.3200,1587.32,0,136331264,1,58.22,0.00,912825344,7680,2232714752
105.7569,867086336,2056.5100,2903.66,0,136331264,1,83.06,0.00,912575488,7680,2232727040
105.8628,867479552,2057.7600,1180.17,0,136855552,1,45.14,0.00,913361920,7680,2232727040
105.9726,867479552,2061.2200,3151.37,0,136855552,1,91.36,0.00,911506432,7680,2232727040
106.0786,867479552,2063.3700,2027.67,0,136855552,1,61.60,0.00,911825920,7680,2232727040
106.1880,867479552,2066.1700,2560.76,0,137379840,1,82.02,0.00,912325632,7680,2232800768
106.2933,867479552,2068.8400,2534.80,0,137379840,1,77.73,0.00,911776768,7680,2232800768
106.3991,867872768,2070.8900,1936.90,0,137904128,1,68.80,0.00,913611776,7680,2232800768
106.5090,868265984,2074.0500,2877.36,0,137904128,1,81.95,0.00,913112064,7680,2232800768
106.6160,868659200,2075.9600,1784.94,0,138428416,1,57.24,0.00,914996224,7680,2232800768
106.7221,868659200,2079.2000,3052.94,0,138428416,1,95.40,0.00,915012608,7680,2232800768
106.8272,868659200,2080.8500,1569.87,0,138940416,1,47.87,0.00,913517568,7680,2232870400
106.9389,869052416,2084.1500,2955.11,0,138952704,1,96.82,0.00,913538048,7680,2232870400
107.0452,869445632,2086.6300,2332.65,0,138952704,1,67.31,0.00,914230272,7680,2232923648
107.1520,869445632,2089.0700,2284.98,0,139476992,1,73.45,0.00,914627584,7680,2232923648
107.2577,869445632,2091.8500,2628.66,0,139476992,1,81.85,0.00,914717696,7680,2232923648
107.3638,869445632,2093.7300,1772.50,0,140001280,1,59.52,0.00,916098048,7680,2232923648
107.4730,869445632,2096.8600,2865.41,0,140001280,1,85.82,0.00,915840000,7680,2233198080
107.5789,869445632,2098.2200,1284.97,0,140001280,1,40.45,0.00,915966976,7680,2233198080
107.6880,870232064,2101.3500,2868.82,0,140525568,1,93.09,0.00,915534848,7680,2233198080
107.7945,870232064,2103.7600,2262.57,0,140525568,1,69.53,0.00,915297280,7680,2233198080
107.8995,871804928,2105.9500,2085.18,0,141049856,1,69.03,0.00,915842048,7680,2233222656
108.0093,872984576,2108.8600,2650.51,0,141049856,1,78.27,0.00,915641344,7680,2233222656
108.1160,872984576,2110.5400,1574.99,0,141574144,1,51.86,0.00,916702208,7680,2233222656
108.2227,872984576,2113.7800,3037.06,0,141574144,1,96.37,0.00,916349952,7680,2233222656
108.3285,873377792,2115.3500,1482.93,0,142098432,1,49.00,0.00,918443008,7680,2233222656
108.4416,873377792,2118.7900,3042.04,0,142098432,1,88.98,0.00,916798464,7680,2233222656
108.5477,873771008,2121.0500,2129.96,0,142098432,1,65.97,0.00,917588992,7680,2235467776
108.6560,871804928,2123.9300,2660.39,0,142622720,1,84.58,0.00,916024320,7680,2235467776
108.7620,871804928,2126.6000,2518.87,0,142622720,1,76.95,0.00,915667968,7680,2235467776
108.8672,872198144,2128.9400,2224.77,0,143147008,1,76.06,0.00,915220480,7680,2235467776
108.9784,872198144,2132.0200,2768.24,0,143147008,1,83.14,0.00,915482624,7680,2235467776
109.0880,872198144,2134.3000,2080.97,0,143671296,1,64.17,0.00,916457472,7680,2235467776
109.1946,872198144,2137.3100,2824.30,0,143671296,1,89.73,0.00,915475456,7680,2235496448
109.3040,872591360,2139.0000,1544.51,0,144195584,1,49.12,0.00,917326848,7680,2235648000
109.4100,872591360,2142.2300,3045.65,0,144195584,1,93.41,0.00,916823040,7680,2235648000
109.5157,873771008,2144.0200,1693.96,0,144707584,1,52.05,0.00,918207488,7680,2235648000
109.6277,873771008,2147.5400,3142.78,0,144719872,1,99.89,0.00,917740544,7680,2235648000
109.7334,873771008,2149.8000,2138.64,0,144719872,1,64.47,0.00,918526976,7680,2235648000
109.8400,874950656,2152.4900,2523.45,0,145244160,1,81.50,0.00,917163008,7680,2235648000
109.9465,874950656,2155.1400,2488.64,0,145244160,1,78.65,0.00,917548032,7680,2235648000
110.0515,875737088,2157.0200,1789.57,0,145768448,1,63.96,0.00,919165952,7680,2235648000
110.1613,875737088,2160.2100,2905.34,0,145768448,1,83.11,0.00,918592512,7680,2235648000
110.2680,875737088,2161.9700,1650.03,0,146292736,1,53.32,0.00,919522304,7680,2235648000
110.3738,875737088,2165.1800,3034.05,0,146292736,1,95.70,0.00,919518208,7680,2235648000
110.4840,876130304,2167.0400,1687.79,0,146817024,1,52.46,0.00,919150592,7680,2235648000
110.5902,876130304,2170.2700,3041.84,0,146817024,1,96.23,0.00,918614016,7680,2235648000
110.6959,876130304,2172.6400,2240.45,0,146817024,1,67.36,0.00,919400448,7680,2235648000
110.8040,876130304,2175.3500,2508.59,0,147341312,1,80.42,0.00,919674880,7680,2235668480
110.9100,876130304,2177.8800,2386.73,0,147341312,1,73.70,0.00,919674880,7680,2235668480
111.0152,876130304,2179.6300,1662.76,0,147865600,1,61.17,0.00,920072192,7680,2235668480
111.1252,876130304,2182.8200,2901.26,0,147865600,1,82.99,0.00,920068096,7680,2235668480
111.2301,876130304,2184.0000,1124.18,0,148303872,1,35.13,0.00,920072192,7680,2235668480
111.3442,876523520,2187.3000,2892.55,0,148389888,1,91.21,0.00,920825856,7680,2235668480
111.4503,876523520,2189.5900,2158.78,0,148389888,1,67.76,0.00,921083904,7680,2235668480
111.5555,876916736,2191.7300,2033.84,0,148914176,1,72.17,0.00,920547328,7680,2235668480
111.6651,876916736,2194.6800,2691.17,0,148914176,1,76.40,0.00,920543232,7680,2235668480
111.7708,877309952,2196.3900,1617.89,0,149438464,1,58.54,0.00,922116096,7680,2235668480
111.8811,877309952,2199.7600,3055.89,0,149438464,1,87.85,0.00,922128384,7680,2235668480
111.9880,877703168,2201.4800,1609.61,0,149962752,1,49.42,0.00,922705920,7680,2235713536
112.0940,877703168,2204.7100,3046.84,0,149962752,1,94.03,0.00,922251264,7680,2235713536
112.1999,877703168,2206.8300,2001.54,0,149962752,1,60.48,0.00,921997312,7680,2235713536
112.3080,878096384,2209.4400,2415.11,0,150487040,1,78.65,0.00,922565632,7680,2235713536
112.4142,878096384,2211.9800,2390.17,0,150487040,1,76.46,0.00,922172416,7680,2235713536
112.5197,878489600,2213.8700,1792.48,0,151011328,1,59.57,0.00,923483136,7680,2235713536
112.6292,878489600,2217.0500,2903.83,0,151011328,1,86.18,0.00,922758144,7680,2235865088
112.7360,878882816,2219.0000,1826.10,0,151535616,1,55.89,0.00,924851200,7680,2235865088
112.8422,878882816,2222.3300,3134.25,0,151535616,1,102.06,0.00,924625920,7680,2235893760
112.9485,879276032,2224.0800,1647.04,0,152059904,1,51.47,0.00,924215296,7680,2235893760
113.0573,880062464,2227.4800,3124.09,0,152059904,1,94.47,0.00,923813888,7680,2235955200
113.1634,863465472,2229.7800,2168.24,0,152059904,1,68.64,0.00,898643968,7680,2235955200
113.2720,857337856,2232.4400,2449.59,0,152584192,1,76.84,0.00,899344384,7680,2235955200
113.3781,857337856,2235.1100,2516.34,0,152584192,1,77.46,0.00,899340288,7680,2235955200
113.4880,858910720,2237.1300,1838.10,0,153108480,1,58.86,0.00,901031936,7680,2235955200
113.5944,858910720,2240.1900,2875.42,0,153108480,1,92.21,0.00,900790272,7680,2238563840
113.6999,860483584,2242.0800,1791.45,0,153632768,1,54.21,0.00,902010880,7680,2239634432
113.8063,860483584,2245.2000,2933.30,0,153632768,1,95.78,0.00,902010880,7680,2239634432
113.9119,860483584,2246.9200,1627.51,0,153632768,1,45.54,0.00,901765120,7680,2239634432
114.0200,860876800,2249.3700,2267.86,0,154157056,1,74.05,0.00,902096896,7680,2239634432
114.1263,860876800,2252.2100,2671.56,0,154157056,1,84.37,0.00,902088704,7680,2239634432
114.2319,860876800,2253.8700,1571.51,0,154681344,1,49.11,0.00,901956608,7680,2239634432
114.3417,860876800,2257.1500,2986.51,0,154681344,1,90.20,0.00,902231040,7680,2239642624
114.4470,864022528,2258.4600,1244.71,0,155193344,1,38.60,0.00,906506240,7680,2239642624
114.5558,864022528,2261.6800,2958.14,0,155205632,1,93.59,0.00,905662464,7680,2239642624
114.6619,864022528,2263.9300,2121.03,0,155205632,1,65.99,0.00,906448896,7680,2239642624
114.7670,865202176,2266.2000,2160.04,0,155729920,1,75.83,0.00,907010048,7680,2239642624
114.8772,865202176,2269.1200,2650.94,0,155729920,1,75.75,0.00,906887168,7680,2239642624
114.9840,865202176,2270.9900,1750.65,0,156254208,1,54.71,0.00,908472320,7680,2239642624
115.0902,860524544,2274.1300,2955.45,0,156254208,1,94.12,0.00,902480896,7680,2239642624
115.1955,861704192,2275.5600,1358.54,0,156778496,1,48.69,0.00,902863872,7680,2247859200
115.3053,861704192,2279.0200,3151.85,0,156778496,1,93.09,0.00,901962752,7680,2247859200
115.4113,861704192,2281.2000,2055.23,0,156778496,1,61.87,0.00,903793664,7680,2247859200
115.5160,861704192,2283.7900,2475.00,0,157302784,1,81.52,0.00,903855104,7680,2247859200
115.6253,861704192,2286.4700,2452.28,0,157302784,1,72.92,0.00,903883776,7680,2247859200
115.7308,861704192,2288.2300,1667.68,0,157827072,1,58.93,0.00,904252416,7680,2247859200
115.8411,861704192,2291.4400,2911.10,0,157827072,1,83.60,0.00,903998464,7680,2247859200
115.9469,862097408,2293.2700,1728.63,0,158351360,1,58.45,0.00,904383488,7680,2260769792
116.0537,862097408,2296.5100,3035.67,0,158351360,1,90.47,0.00,904256512,7680,2260769792
116.1600,862490624,2298.1700,1560.80,0,158351360,1,48.48,0.00,904788992,7680,2260794368
116.2680,862490624,2301.3600,2954.64,0,158875648,1,93.20,0.00,904838144,7680,2260794368
116.3745,862490624,2303.8900,2375.14,0,158875648,1,75.40,0.00,904838144,7680,2260794368
116.4793,862490624,2306.1900,2194.30,0,159399936,1,75.43,0.00,906574848,7680,2260794368
116.5890,862883840,2309.1100,2661.61,0,159399936,1,75.77,0.00,906087424,7680,2260794368
116.6960,862883840,2310.9100,1683.03,0,159924224,1,51.72,0.00,905751552,7680,2260794368
116.8022,862883840,2314.0500,2955.43,0,159924224,1,91.47,0.00,905751552,7680,2260794368
116.9070,862883840,2315.3100,1202.88,0,160436224,1,37.29,0.00,906537984,7680,2260794368
117.0129,863277056,2318.3100,2831.37,0,160448512,1,89.37,0.00,905862144,7680,2260909056
117.1182,863277056,2320.8700,2430.64,0,160448512,1,75.07,0.00,906386432,7680,2260909056
117.2232,863670272,2323.1400,2162.97,0,160972800,1,71.17,0.00,906738688,7680,2260945920
117.3297,863670272,2326.0600,2740.92,0,160972800,1,82.43,0.00,906619904,7680,2261122048
117.4351,863670272,2327.6900,1546.97,0,161497088,1,53.98,0.00,906443776,7680,2261122048
117.5452,863670272,2331.0800,3079.56,0,161497088,1,88.57,0.00,906210304,7680,2261122048
117.6520,864063488,2332.4900,1320.20,0,162021376,1,41.55,0.00,907561984,7680,2261122048
117.7579,864063488,2335.8200,3142.99,0,162021376,1,98.51,0.00,907582464,7680,2261122048
117.8681,864456704,2338.2200,2177.84,0,162021376,1,66.64,0.00,908368896,7680,2261122048
117.9760,864849920,2341.0000,2577.75,0,162545664,1,83.74,0.00,908347392,7680,2261195776
118.0820,864849920,2343.5700,2423.74,0,162545664,1,74.86,0.00,908130304,7680,2261195776
118.1871,865243136,2345.7300,2055.06,0,163069952,1,71.36,0.00,908953600,7680,2261195776
118.2975,865243136,2348.9100,2881.21,0,163069952,1,82.39,0.00,908040192,7680,2261195776
118.4029,865243136,2350.8300,1820.85,0,163594240,1,64.90,0.00,908908544,7680,2261195776
118.5130,865243136,2354.0800,2953.14,0,163594240,1,85.47,0.00,908691456,7680,2261195776
118.6200,865636352,2355.6900,1504.80,0,164118528,1,47.61,0.00,908695552,7680,2261195776
118.7262,865636352,2358.9200,3040.92,0,164118528,1,99.44,0.00,908503040,7680,2285056512
118.8328,866029568,2361.0800,2027.01,0,164118528,1,57.48,0.00,908761088,7680,2285083136
118.9400,866029568,2364.1200,2835.27,0,164642816,1,89.77,0.00,909809664,7680,2285083136
119.0461,866029568,2366.7400,2469.46,0,164642816,1,76.58,0.00,909621248,7680,2285140480
119.1520,867209216,2369.1300,2256.77,0,165167104,1,76.13,0.00,910641152,7680,2285140480
119.2646,867209216,2372.0700,2610.40,0,165167104,1,74.08,0.00,910104576,7680,2285287936
119.3712,867209216,2373.8100,1632.19,0,165691392,1,54.82,0.00,910641152,7680,2285287936
119.4783,867209216,2377.0000,2977.38,0,165691392,1,91.29,0.00,910641152,7680,2285287936
119.5836,867209216,2378.5600,1481.69,0,165691392,1,42.74,0.00,910694400,7680,2285287936
119.6920,867209216,2381.3700,2593.57,0,166215680,1,82.49,0.00,912791552,7680,2285287936
119.7984,867209216,2384.0500,2519.21,0,166215680,1,81.37,0.00,912713728,7680,2285287936
119.9080,867602432,2386.5300,2262.48,0,166739968,1,69.56,0.00,913250304,7680,2285287936
120.0136,867602432,2389.4000,2716.73,0,166739968,1,83.71,0.00,912783360,7680,2285287936
120.1189,867602432,2391.4500,1947.47,0,167264256,1,69.76,0.00,913004544,7680,2285287936
120.2293,867602432,2394.7900,3025.61,0,167264256,1,87.47,0.00,912435200,7680,2285287936
120.3360,869175296,2396.6200,1715.02,0,167788544,1,55.06,0.00,914909184,7680,2288167424
120.4419,869175296,2399.8200,3019.64,0,167788544,1,92.89,0.00,914655232,7680,2288167424
120.5478,869568512,2401.6800,1757.83,0,167788544,1,54.05,0.00,914978816,7680,2288167424
120.6560,870354944,2404.7900,2873.93,0,168312832,1,90.10,0.00,915314688,7680,2288167424
120.7620,870354944,2407.2400,2310.74,0,168312832,1,70.44,0.00,914281472,7680,2288167424
120.8668,870748160,2409.5900,2241.47,0,168837120,1,76.60,0.00,915325952,7680,2288167424
120.9770,870748160,2412.6300,2760.09,0,168837120,1,79.16,0.00,915375104,7680,2288167424
121.0840,871534592,2414.9600,2177.71,0,169361408,1,70.10,0.00,915420160,7680,2289551872
121.1903,871534592,2417.9400,2802.43,0,169361408,1,90.81,0.00,914609152,7680,2289551872
121.2953,872321024,2419.2700,1267.02,0,169885696,1,44.36,0.00,916603904,7680,2289551872
121.4051,872321024,2422.6300,3060.61,0,169885696,1,88.24,0.00,915403776,7680,2289551872
121.5111,873107456,2424.7000,1952.83,0,169885696,1,60.14,0.00,914508800,7680,2289551872
121.6200,873107456,2426.9700,2084.32,0,170409984,1,65.42,0.00,915115008,7680,2289551872
121.7261,873107456,2429.8400,2704.90,0,170409984,1,83.64,0.00,914627584,7680,2289551872
121.8312,873500672,2431.3100,1398.25,0,170934272,1,53.50,0.00,916958208,7680,2289551872
121.9410,873500672,2434.7800,3159.14,0,170934272,1,90.47,0.00,915950592,7680,2289584640
122.0462,873893888,2436.4900,1626.43,0,170934272,1,49.34,0.00,917527552,7680,2289584640
122.1509,874287104,2439.0700,2463.52,0,171458560,1,87.43,0.00,915273728,7680,2289584640
122.2613,874287104,2441.8300,2499.50,0,171458560,1,70.75,0.00,915535872,7680,2289584640
122.3668,874287104,2443.5600,1640.53,0,171982848,1,58.97,0.00,917661696,7680,2289584640
122.4773,874287104,2446.7300,2868.38,0,171982848,1,83.13,0.00,917923840,7680,2289584640
122.5828,874680320,2448.4100,1592.15,0,172507136,1,53.01,0.00,918714368,7680,2289584640
122.6920,874680320,2451.8000,3105.83,0,172507136,1,93.62,0.00,918214656,7680,2289584640
122.7982,874680320,2453.6900,1779.18,0,172507136,1,54.13,0.00,918206464,7680,2289584640
122.9035,874680320,2455.9400,2136.53,0,173031424,1,71.81,0.00,919255040,7680,2289584640
123.0133,874680320,2458.7400,2549.63,0,173031424,1,75.41,0.00,918775808,7680,2289584640
123.1189,875859968,2460.1100,1297.84,0,173555712,1,48.55,0.00,918164480,7680,2289584640
123.2293,875859968,2463.4400,3016.39,0,173555712,1,86.34,0.00,918164480,7680,2289584640
123.3400,875859968,2465.0700,1472.66,0,174080000,1,46.02,0.00,919348224,7680,2289584640
123.4453,875859968,2468.1900,2961.73,0,174080000,1,92.26,0.00,919348224,7680,2289584640
123.5511,875859968,2470.4900,2174.81,0,174080000,1,68.26,0.00,919684096,7680,2289584640
123.6600,876253184,2472.7700,2093.72,0,174604288,1,69.45,0.00,919880704,7680,2289584640
123.7688,876253184,2475.6400,2637.20,0,174604288,1,78.39,0.00,919520256,7680,2289584640
123.8746,876253184,2477.3900,1654.17,0,175128576,1,57.01,0.00,919237632,7680,2296280064
123.9812,876253184,2480.4500,2871.54,0,175128576,1,84.75,0.00,918987776,7680,2296280064
124.0869,876253184,2481.9000,1371.46,0,175128576,1,42.86,0.00,919282688,7680,2296280064
124.1960,876646400,2484.6800,2548.28,0,175652864,1,79.35,0.00,920617984,7680,2296280064
124.3021,876646400,2487.2200,2392.93,0,175652864,1,74.48,0.00,919618560,7680,2296321024
124.4072,876646400,2488.7100,1418.57,0,176177152,1,51.47,0.00,922027008,7680,2296321024
124.5164,876646400,2491.9600,2974.24,0,176177152,1,86.08,0.00,921805824,7680,2296321024
124.6217,876646400,2493.3400,1310.49,0,176177152,1,40.95,0.00,923407360,7680,2296321024
124.7322,876646400,2496.6300,2977.94,0,176701440,1,95.61,0.00,922715136,7680,2296321024
124.8383,876646400,2499.1300,2356.80,0,176701440,1,73.36,0.00,922715136,7680,2296321024
124.9480,877039616,2501.9000,2525.42,0,177225728,1,77.78,0.00,922561536,7680,2296321024
125.0538,877039616,2504.5800,2532.32,0,177225728,1,79.43,0.00,922369024,7680,2296321024
125.1590,877039616,2506.7400,2054.24,0,177750016,1,69.84,0.00,924204032,7680,2296321024
125.2693,877039616,2509.8600,2826.88,0,177750016,1,82.68,0.00,924204032,7680,2296321024
125.3760,877432832,2511.6900,1715.70,0,178274304,1,55.08,0.00,923100160,7680,2308523008
125.4827,877432832,2514.7900,2905.37,0,178274304,1,93.14,0.00,923100160,7680,2321617920
125.5881,878219264,2516.6400,1754.22,0,178802688,1,50.67,0.00,924742656,7680,2321617920
125.6936,878219264,2519.7600,2957.80,0,178802688,1,93.32,0.00,924742656,7680,2321617920
125.7989,878219264,2521.8600,1994.92,0,178802688,1,61.15,0.00,924500992,7680,2321617920
125.9039,879398912,2524.1700,2199.13,0,179326976,1,76.16,0.00,924881920,7680,2321617920
126.0125,879398912,2526.9900,2598.25,0,179326976,1,76.59,0.00,923977728,7680,2321617920
126.1200,879792128,2528.4700,1376.70,0,179851264,1,42.73,0.00,925284352,7680,2328093696
126.2257,879792128,2531.5900,2950.92,0,179851264,1,91.63,0.00,924973056,7680,2328093696
126.3305,879792128,2533.3800,1707.36,0,179851264,1,53.95,0.00,925325312,7680,2328093696
126.4356,880185344,2536.2100,2694.64,0,180375552,1,89.56,0.00,925861888,7680,2328093696
126.5444,880185344,2538.9400,2508.50,0,180375552,1,74.08,0.00,925640704,7680,2328093696
126.6520,880578560,2540.7800,1710.40,0,180899840,1,53.45,0.00,927270912,7680,2328134656
126.7571,880578560,2543.8000,2873.51,0,180899840,1,90.09,0.00,926779392,7680,2328134656
126.8640,881364992,2545.6900,1767.97,0,181424128,1,55.54,0.00,925658112,7680,2328134656
126.9696,881364992,2548.9100,3048.76,0,181424128,1,94.98,0.00,925002752,7680,2328134656
127.0748,881364992,2550.8400,1834.07,0,181424128,1,55.83,0.00,925416448,7680,2328134656
127.1796,882544640,2553.2300,2280.47,0,181948416,1,74.84,0.00,926231552,7680,2328187904
127.2883,882544640,2556.1300,2667.73,0,181948416,1,78.19,0.00,926178304,7680,2328187904
127.3960,884117504,2558.3300,2043.77,0,182472704,1,64.16,0.00,927665152,7680,2328187904
127.5014,884117504,2561.3700,2883.93,0,182472704,1,89.83,0.00,927677440,7680,2328187904
127.6080,884510720,2562.9100,1444.82,0,182996992,1,46.03,0.00,928234496,7680,2328187904
127.7134,884510720,2566.0300,2960.25,0,182996992,1,91.91,0.00,928234496,7680,2328187904
127.8181,861073408,2568.0900,1966.74,0,182996992,1,60.27,0.00,900680704,7680,2328187904
127.9233,860340224,2570.6100,2395.48,0,183521280,1,81.99,0.00,900406272,7680,2328187904
128.0328,860340224,2573.5900,2721.53,0,183521280,1,78.20,0.00,899876864,7680,2328187904
128.1400,860340224,2575.7400,2006.24,0,184045568,1,60.65,0.00,901269504,7680,2328187904
128.2459,860340224,2578.7500,2842.88,0,184045568,1,88.54,0.00,901089280,7680,2328187904
128.3520,861126656,2580.7200,1856.36,0,184569856,1,58.01,0.00,903399424,7680,2328187904
128.4577,861126656,2583.8400,2951.95,0,184569856,1,91.95,0.00,902961152,7680,2328187904
128.5626,861126656,2585.5300,1610.02,0,185081856,1,48.53,0.00,904198144,7680,2328187904
128.6712,861519872,2588.8300,3039.24,0,185094144,1,100.16,0.00,903968768,7680,2328241152
128.7771,861519872,2591.2300,2267.08,0,185094144,1,65.24,0.00,903723008,7680,2328241152
128.8840,861519872,2593.9000,2497.74,0,185618432,1,76.89,0.00,903455744,7680,2328241152
128.9896,861913088,2596.6600,2612.13,0,185618432,1,84.29,0.00,903468032,7680,2362467328
129.0950,861913088,2598.8400,2068.83,0,186142720,1,67.62,0.00,904160256,7680,2362467328
129.1999,861913088,2601.8800,2897.33,0,186142720,1,86.97,0.00,904156160,7680,2362467328
129.3046,862306304,2603.6400,1682.01,0,186667008,1,52.86,0.00,904733696,7680,2362618880
129.4108,862306304,2606.7600,2936.03,0,186667008,1,94.99,0.00,904487936,7680,2362618880
129.5158,862306304,2608.5500,1704.62,0,186667008,1,47.62,0.00,904070144,7680,2362618880
129.6240,862306304,2610.9000,2173.14,0,187191296,1,72.25,0.00,905692160,7680,2362618880
129.7293,862306304,2613.5600,2524.81,0,187191296,1,77.42,0.00,906212352,7680,2362618880
129.8360,862306304,2615.4800,1800.18,0,187715584,1,55.67,0.00,904813568,7680,2362618880
129.9416,862306304,2618.5700,2925.74,0,187715584,1,91.73,0.00,904571904,7680,2362618880
130.0463,862306304,2619.7900,1164.81,0,188006400,1,35.51,0.00,905948160,7680,2362643456
130.1520,862699520,2622.8800,2924.96,0,188239872,1,94.95,0.00,905686016,7680,2362643456
130.2606,862699520,2625.3400,2265.21,0,188239872,1,66.18,0.00,905948160,7680,2362643456
130.3680,863092736,2627.7800,2272.16,0,188764160,1,73.62,0.00,906996736,7680,2362643456
130.4734,863092736,2630.6200,2694.59,0,188764160,1,82.72,0.00,906992640,7680,2362643456
130.5800,863092736,2632.8000,2044.95,0,189288448,1,65.08,0.00,907906048,7680,2362643456
130.6850,863092736,2635.8500,2904.58,0,189288448,1,91.66,0.00,907906048,7680,2362643456
130.7920,863092736,2637.4300,1476.72,0,189812736,1,47.90,0.00,908692480,7680,2362643456
130.8972,863092736,2640.7500,3155.24,0,189812736,1,97.71,0.00,906639360,7680,2362643456
131.0031,863092736,2642.9000,2030.39,0,189812736,1,61.68,0.00,906639360,7680,2362643456
131.1120,863092736,2645.8400,2700.05,0,190337024,1,86.10,0.00,907495424,7680,2362643456
131.2174,863092736,2648.4400,2465.96,0,190337024,1,76.17,0.00,907347968,7680,2362643456
131.3240,864272384,2649.8400,1313.72,0,190861312,1,42.23,0.00,907592704,7680,2362668032
131.4296,864272384,2653.0400,3029.01,0,190861312,1,93.77,0.00,907592704,7680,2362668032
131.5344,864272384,2654.5700,1460.48,0,190861312,1,45.04,0.00,908178432,7680,2362668032
131.6391,864665600,2657.3900,2693.49,0,191385600,1,92.83,0.00,908493824,7680,2362668032
131.7489,865058816,2660.2400,2594.37,0,191385600,1,73.96,0.00,908493824,7680,2362721280
131.8560,865452032,2662.7600,2354.25,0,191909888,1,74.74,0.00,908805120,7680,2362770432
131.9617,865452032,2665.6000,2686.90,0,191909888,1,84.56,0.00,908723200,7680,2362803200
132.0666,865452032,2667.1600,1487.05,0,192434176,1,53.92,0.00,909361152,7680,2362803200
132.1765,865452032,2670.6000,3128.07,0,192434176,1,88.94,0.00,908980224,7680,2362803200
132.2840,865452032,2672.3500,1629.06,0,192958464,1,54.11,0.00,910290944,7680,2362803200
132.3896,865452032,2675.4900,2972.18,0,192958464,1,91.99,0.00,909819904,7680,2362803200
132.4947,865452032,2677.9200,2312.42,0,192958464,1,70.18,0.00,909819904,7680,2362803200
132.5991,865452032,2680.0300,2020.93,0,193482752,1,72.73,0.00,910618624,7680,2362803200
132.7088,865845248,2682.9900,2699.60,0,193482752,1,77.52,0.00,908790784,7680,2362803200
132.8160,865845248,2684.9700,1846.73,0,194007040,1,59.46,0.00,910273536,7680,2362803200
132.9217,865845248,2688.0800,2940.21,0,194007040,1,91.88,0.00,910273536,7680,2362803200
133.0266,866631680,2689.4300,1287.70,0,194531328,1,47.10,0.00,911903744,7680,2362803200
133.1363,866631680,2692.9000,3164.07,0,194531328,1,92.04,0.00,911903744,7680,2362803200
133.2417,867024896,2695.1000,2086.89,0,194531328,1,64.33,0.00,912165888,7680,2362803200
133.3480,867418112,2696.7000,1505.18,0,195055616,1,47.62,0.00,912079872,7680,2362827776
133.4530,867418112,2699.7700,2922.38,0,195055616,1,90.13,0.00,910675968,7680,2362827776
133.5577,867418112,2701.0600,1232.07,0,195055616,1,37.31,0.00,911671296,7680,2362827776
133.6631,867811328,2704.0800,2866.10,0,195579904,1,97.28,0.00,912449536,7680,2362827776
133.7688,867811328,2706.6100,2394.20,0,195579904,1,68.90,0.00,912478208,7680,2362827776
133.8760,868990976,2709.0800,2303.98,0,196104192,1,71.71,0.00,914231296,7680,2362827776
133.9815,868990976,2711.8300,2605.81,0,196104192,1,80.25,0.00,913760256,7680,2362827776
134.0871,869777408,2713.4200,1506.15,0,196628480,1,55.06,0.00,913075200,7680,2365756928
134.1966,869777408,2716.9200,3196.71,0,196628480,1,92.76,0.00,912616448,7680,2365756928
134.3080,869777408,2718.7200,1615.65,0,197152768,1,50.21,0.00,914099200,7680,2365756928
134.4133,869777408,2721.9400,3057.25,0,197152768,1,94.65,0.00,913153024,7680,2365756928
134.5281,869777408,2724.0700,1855.30,0,197152768,1,56.07,0.00,914725888,7680,2365756928
134.6360,869777408,2727.0000,2716.20,0,197677056,1,88.36,0.00,914394112,7680,2365756928
134.7418,870170624,2729.6800,2531.45,0,197677056,1,77.34,0.00,914697216,7680,2365756928
134.8480,870563840,2732.0200,2204.85,0,198201344,1,70.37,0.00,915803136,7680,2365756928
134.9529,870563840,2734.9900,2830.59,0,198201344,1,87.86,0.00,913810432,7680,2365756928
135.0577,870563840,2736.9400,1860.32,0,198725632,1,59.33,0.00,914953216,7680,2365756928
135.1630,870563840,2740.0200,2926.18,0,198725632,1,92.63,0.00,915502080,7680,2365756928
135.2682,870563840,2741.4400,1349.29,0,199163904,1,39.79,0.00,916128768,7680,2365756928
135.3760,871350272,2744.5900,2923.16,0,199249920,1,96.28,0.00,915039232,7680,2365756928
135.4812,871350272,2747.1700,2451.51,0,199249920,1,75.13,0.00,914805760,7680,2365863424
135.5880,872529920,2749.3900,2079.43,0,199774208,1,65.57,0.00,917189632,7680,2365863424
135.6940,872923136,2752.2500,2696.40,0,199774208,1,83.08,0.00,916947968,7680,2365863424
135.8000,873316352,2754.3100,1944.59,0,200298496,1,61.36,0.00,915826688,7680,2365863424
135.9061,873316352,2757.4900,2997.52,0,200298496,1,96.91,0.00,915580928,7680,2365863424
136.0112,873709568,2758.8900,1331.50,0,200822784,1,46.07,0.00,916367360,7680,2365863424
136.1203,873709568,2762.3600,3180.81,0,200822784,1,91.95,0.00,915945472,7680,2365863424
136.2257,873709568,2764.4400,1973.97,0,200822784,1,59.61,0.00,915720192,7680,2365863424
136.3306,0,2764.5500,104.80,0,200822784,1,2.98,0.00,244803584,7680,2365863424
136.3504,0,2764.5500,0.00,0,200822784,0,1.58,0.00,67813376,7680,2365863424
