t_s,proc_rss_bytes,proc_cpu_s,proc_cpu_pct,proc_read_bytes,proc_write_bytes,nproc,sys_cpu_pct,sys_iowait_pct,sys_mem_used_bytes,sys_read_bytes,sys_write_bytes
0.0000,0,0.0000,0.00,0,0,0,0.00,0.00,76478464,0,0
0.1045,56868864,0.0900,86.14,0,0,1,3.59,0.00,94056448,0,0
0.2099,76529664,0.2200,123.29,0,0,1,4.15,0.00,112132096,0,139264
0.3153,85573632,0.3900,161.37,0,0,1,5.04,0.00,120258560,0,139264
0.4202,146583552,0.7000,295.51,0,0,1,9.23,0.00,187940864,0,139264
0.5251,348696576,1.8900,1133.98,0,0,1,37.52,0.00,402014208,0,4109824
0.6314,371695616,2.2100,300.97,0,9449472,1,11.46,0.00,421214208,0,4109824
0.7367,372482048,2.3900,171.05,0,29380608,1,4.75,0.00,421795840,0,4109824
0.8423,372482048,2.5700,170.47,0,49233920,1,5.33,0.00,421841920,0,4109824
0.9481,372482048,2.7400,160.62,0,68472832,1,5.31,0.00,421647360,0,4109824
1.0540,372482048,2.9300,179.45,0,87937024,1,3.54,0.00,422092800,0,4109824
1.1592,372875264,3.1000,161.56,0,107794432,1,4.75,0.00,421923840,0,4109824
1.2647,372875264,3.2600,151.63,0,124604416,1,4.15,0.00,421804032,0,4171264
1.3703,372875264,3.4400,170.51,0,146214912,1,5.62,0.00,421859328,0,4171264
1.4759,406577152,3.6500,198.81,0,148508672,1,7.69,0.00,458139648,0,4171264
1.5813,475783168,3.8300,170.83,0,148508672,1,3.86,0.00,528132096,0,4171264
1.6867,550494208,4.0500,208.65,0,148508672,1,6.52,0.00,604448768,0,4171264
1.7926,643293184,4.1700,113.32,0,148508672,1,3.54,0.00,697247744,0,4171264
1.8987,821981184,4.4300,245.08,0,148508672,1,7.36,0.00,887919616,0,4171264
2.0052,1622794240,5.3700,882.63,0,148508672,1,27.29,0.00,1676703744,0,4171264
2.1106,1794859008,5.4900,113.89,0,148508672,1,2.97,0.00,1848838144,0,4171264
2.2177,2063912960,6.3400,793.59,0,148508672,1,23.92,0.00,2119194624,0,4171264
2.3245,2045915136,8.7000,2208.45,0,148508672,1,75.45,0.00,2097805312,0,4171264
2.4347,2045915136,11.2700,2332.56,0,148508672,1,67.79,0.00,2097793024,0,4171264
2.5409,2045915136,13.8400,2420.00,0,148508672,1,78.57,0.00,2097776640,0,4171264
2.6468,2045915136,16.6600,2662.98,0,148508672,1,79.97,0.00,2097387520,0,4171264
2.7526,2045915136,19.5300,2712.10,0,148508672,1,88.59,0.00,2097199104,0,4171264
2.8617,2045915136,22.6600,2869.28,0,148508672,1,86.23,0.00,2097195008,0,4171264
2.9674,2045915136,25.6300,2810.63,0,148508672,1,87.54,0.00,2096932864,0,4171264
3.0733,2045915136,28.7600,2955.82,0,148508672,1,92.96,0.00,2096752640,0,4171264
3.1792,2045915136,31.7500,2823.33,0,148508672,1,87.05,0.00,2097010688,0,4171264
3.2854,2045915136,34.8800,2946.90,0,148508672,1,93.27,0.00,2097264640,0,4171264
3.3907,2045915136,37.8900,2858.35,0,148508672,1,96.15,0.00,2097264640,0,4216320
3.5021,2045915136,41.2500,3017.60,0,148508672,1,88.41,0.00,2097264640,0,4216320
3.6082,2045915136,44.3700,2938.32,0,148508672,1,95.06,0.00,2097264640,0,4216320
3.7138,2045915136,47.6100,3070.49,0,148508672,1,92.99,0.00,2097264640,0,4216320
3.8196,2045915136,50.7300,2947.52,0,148508672,1,90.93,0.00,2097260544,0,4228608
3.9252,2045915136,53.9300,3031.74,0,148508672,1,95.33,0.00,2096998400,0,4228608
4.0337,2045915136,57.1600,2974.58,0,148508672,1,93.53,0.00,2096736256,0,4228608
4.1391,2045915136,60.2800,2960.53,0,148508672,1,91.63,0.00,2096736256,0,4228608
4.2450,2045915136,63.4000,2946.79,0,148508672,1,95.33,0.00,2096736256,0,4228608
4.3539,2045915136,66.7600,3084.50,0,148508672,1,94.10,0.00,2096736256,0,4228608
4.4596,2045915136,69.8800,2954.25,0,148508672,1,91.14,0.00,2096732160,0,4228608
4.5652,2045915136,73.0600,3011.00,0,148508672,1,94.39,0.00,2096732160,0,4376064
4.6708,2045915136,76.0700,2850.23,0,148508672,1,89.66,0.00,2096732160,0,4376064
4.7805,2045915136,79.2100,2860.97,0,148508672,1,92.82,0.00,2096990208,0,4376064
4.8866,2045915136,82.3400,2951.02,0,148508672,1,88.09,0.00,2096990208,0,4376064
4.9923,2045915136,85.3900,2884.37,0,148508672,1,94.87,0.00,2096990208,0,4376064
5.0982,2045915136,88.6000,3032.48,0,148508672,1,90.04,0.00,2096760832,0,4376064
5.2041,2045915136,91.7200,2945.98,0,148508672,1,95.90,0.00,2096760832,0,4376064
5.3100,2045915136,94.9500,3049.43,0,148508672,1,92.34,0.00,2096756736,0,4376064
5.4178,2045915136,98.1900,3006.14,0,148508672,1,94.52,0.00,2096756736,0,222901760
5.5248,2045915136,101.3700,2971.39,0,148508672,1,98.99,0.00,2096756736,1024,499742208
5.6335,2045915136,104.7700,3127.09,0,148508672,1,98.01,0.00,2096752640,1024,908196352
5.7458,2045915136,108.1300,2992.43,0,148508672,1,97.97,0.00,2096494592,1024,1352842752
5.8568,2045915136,111.4100,2955.53,0,148508672,1,97.15,0.00,2096756736,1024,1487224320
5.9628,2045915136,114.6300,3037.56,0,148508672,1,93.45,0.00,2096756736,1024,1487396352
6.0680,2045915136,117.8200,3032.31,0,148508672,1,98.03,0.00,2096756736,1024,1487396352
6.1735,2045915136,121.1600,3165.12,0,148508672,1,98.02,0.00,2096756736,1024,1487396352
6.2816,2045915136,124.5100,3100.14,0,148508672,1,94.85,0.00,2096756736,1024,1487474176
6.3871,2045915136,127.7300,3050.78,0,148508672,1,94.15,0.00,2096756736,1024,1487474176
6.4924,2045915136,130.9600,3067.37,0,148508672,1,100.01,0.00,2096752640,1024,1487474176
6.5973,2045915136,134.3000,3184.04,0,148508672,1,100.10,0.00,2096752640,1024,1487474176
6.7067,2045915136,137.6500,3064.05,0,148508672,1,91.18,0.00,2096953344,1024,1487474176
6.8117,2045915136,140.8700,3067.27,0,148508672,1,96.15,0.00,2096949248,1024,1487474176
6.9169,2045915136,144.0900,3058.23,0,148508672,1,98.24,0.00,2096949248,1024,1487474176
7.0222,2045915136,147.4400,3183.58,0,148508672,1,97.71,0.00,2096949248,1024,1487474176
7.1298,2045915136,150.7900,3112.92,0,148508672,1,96.70,0.00,2097211392,1024,1487474176
7.2353,2045915136,154.0100,3052.11,0,148508672,1,95.67,0.00,2096945152,1024,1487474176
7.3405,2045915136,157.2400,3071.08,0,148508672,1,100.13,0.00,2096945152,1024,1487474176
7.4460,2045915136,160.6100,3191.97,0,148508672,1,99.16,0.00,2096945152,1024,1487474176
7.5542,2045915136,163.9600,3098.60,0,148508672,1,93.36,0.00,2096945152,1024,1487474176
7.6600,2045915136,167.1800,3042.33,0,148508672,1,98.91,0.00,2096945152,1024,1487474176
7.7697,2045915136,170.6500,3161.57,0,148508672,1,94.81,0.00,2096945152,1024,1487515136
7.8750,2045915136,173.8700,3058.63,0,148508672,1,96.18,0.00,2096879616,1024,1487515136
7.9803,2045915136,177.0500,3019.26,0,148508672,1,97.32,0.00,2096683008,1024,1487515136
8.0854,2045915136,180.2800,3073.56,0,148508672,1,91.89,0.00,2096683008,1024,1487515136
8.1907,2045915136,183.4000,2963.11,0,148508672,1,97.05,0.00,2096240640,1024,1487515136
8.2992,2045915136,186.6400,2987.48,0,148508672,1,88.75,0.00,2096240640,1024,1487515136
8.4058,2045915136,189.8800,3037.68,0,148508672,1,105.47,0.00,2096502784,1024,1487515136
8.5223,2045915136,193.3600,2987.65,0,148508672,1,85.05,0.00,2096502784,1024,1487515136
8.6280,2045915136,196.4800,2952.73,0,148508672,1,95.23,0.00,2096502784,1024,1487515136
8.7331,2045915136,199.6000,2967.50,0,148508672,1,92.73,0.00,2096498688,1024,1487515136
8.8381,2045915136,202.8400,3085.42,0,148508672,1,92.25,0.00,2096498688,1024,1487515136
8.9432,2045915136,205.9600,2969.19,0,148508672,1,93.98,0.00,2096498688,1024,1487515136
9.0478,2045915136,209.0800,2983.45,0,148508672,1,92.64,0.00,2096498688,1024,1487515136
9.1532,2045915136,212.3100,3062.96,0,148508672,1,96.01,0.00,2096494592,1024,1487515136
9.2659,2045915136,215.5700,2893.98,0,148508672,1,90.44,0.00,2096494592,1024,1487515136
9.3708,2045915136,218.5900,2877.94,0,148508672,1,89.64,0.00,2096494592,1024,1487515136
9.4818,2045915136,221.9400,3020.14,0,148508672,1,94.66,0.00,2096494592,1024,1487572480
9.5876,2045915136,225.0600,2946.77,0,148508672,1,92.68,0.00,2096494592,1024,1487572480
9.6928,2045915136,228.2700,3051.87,0,148508672,1,98.64,0.00,2096494592,1024,1487633920
9.7980,2045915136,231.6200,3184.77,0,148508672,1,95.66,0.00,2096490496,1024,1487633920
9.9032,2045915136,234.8500,3069.31,0,148508672,1,95.62,0.00,2096490496,1024,1487633920
10.0082,2045915136,237.9600,2962.06,0,148508672,1,96.43,0.00,2096490496,1024,1487633920
10.1177,2045915136,241.3200,3070.68,0,148508672,1,93.10,0.00,2096752640,1024,1487633920
10.2299,2045915136,244.6800,2994.46,0,148508672,1,92.46,0.00,2097010688,1024,1487633920
10.3354,2045915136,247.8000,2955.60,0,148508672,1,93.84,0.00,2097010688,1024,1487633920
10.4406,2044854272,250.9800,3023.56,0,148508672,1,97.16,0.00,2095273984,1024,1487633920
10.5459,2044854272,254.1400,3001.60,0,148508672,1,91.43,0.00,2095269888,1024,1487633920
10.6578,2044854272,257.5100,3011.23,0,148508672,1,94.10,0.00,2095015936,1024,1487633920
10.7630,2044854272,260.6300,2964.60,0,148508672,1,93.83,0.00,2095015936,1024,1653570048
10.8693,2044854272,263.9800,3153.33,0,148508672,1,98.25,0.00,2094753792,1024,1653570048
10.9749,2044854272,267.2000,3047.95,0,148508672,1,96.14,0.00,2094753792,1024,1653721600
11.0802,2043314176,270.4400,3077.50,0,148508672,1,98.84,0.00,2093684736,1024,1653721600
11.1857,2043314176,273.7800,3167.04,0,148508672,1,97.49,0.00,2093684736,1024,1653721600
11.2907,2043314176,277.0100,3074.54,0,148508672,1,94.00,0.00,2093680640,1024,1653721600
11.3967,2043314176,280.2300,3039.09,0,148508672,1,100.28,0.00,2093680640,1024,1653721600
11.5019,2043314176,283.5700,3172.80,0,148508672,1,94.10,0.00,2093680640,1024,1653721600
11.6098,2043314176,286.9200,3106.16,0,148508672,1,97.07,0.00,2093676544,1024,1653721600
11.7147,2043314176,290.1400,3069.81,0,148508672,1,97.12,0.00,2094159872,1024,1653721600
11.8201,2043314176,293.3800,3072.84,0,148508672,1,98.10,0.00,2094151680,1024,1653721600
11.9253,2043314176,296.7100,3165.39,0,148508672,1,97.14,0.00,2094151680,1024,1653721600
12.0302,2043314176,299.9400,3079.40,0,148508672,1,99.21,0.00,2094151680,1024,1653721600
12.1387,2043314176,303.2900,3088.95,0,148508672,1,93.65,0.00,2094151680,1024,1653721600
12.2438,2043314176,306.5100,3062.18,0,148508672,1,94.21,0.00,2094151680,1024,1653721600
12.3492,2043314176,309.7300,3055.74,0,148508672,1,99.64,0.00,2094139392,1024,1653721600
12.4549,2043314176,313.1100,3196.34,0,148508672,1,101.07,0.00,2093844480,1024,1653721600
12.5620,2043314176,316.5500,3212.48,0,148508672,1,95.43,0.00,2093840384,1024,1653721600
12.6674,2043314176,319.8800,3159.75,0,148508672,1,99.93,0.00,2093840384,1024,1653721600
12.7726,2043314176,323.2100,3165.37,0,148508672,1,106.34,0.00,2093840384,1024,1653721600
12.8823,2043314176,326.7900,3263.21,0,148508672,1,93.71,0.00,2093840384,1024,1653721600
12.9877,2043314176,330.1100,3151.60,0,148508672,1,99.97,0.00,2093840384,1024,1653721600
13.0928,2043314176,333.4500,3177.38,0,148508672,1,102.56,0.00,2093840384,1024,1653721600
13.1986,2043314176,336.9000,3258.68,0,148508672,1,98.00,0.00,2094098432,1024,1653721600
13.3039,2043314176,340.2300,3163.00,0,148508672,1,103.00,0.00,2094098432,1024,1653721600
13.4138,2043314176,343.8100,3258.75,0,148508672,1,98.14,0.00,2094098432,1024,1653721600
13.5190,2043314176,347.1400,3166.39,0,148508672,1,98.65,0.00,2094098432,1024,1653869056
13.6239,2043314176,350.4600,3163.12,0,148508672,1,103.61,0.00,2094098432,1024,1653869056
13.7297,2043314176,353.9200,3272.11,0,148508672,1,96.93,0.00,2094098432,1024,1653869056
13.8349,2043314176,357.2400,3155.80,0,148508672,1,99.81,0.00,2094098432,1024,1653869056
13.9440,2043314176,360.7100,3178.28,0,148508672,1,102.76,0.00,2093832192,1024,1653869056
14.0497,2043314176,364.1500,3256.86,0,148508672,1,97.63,0.00,2093832192,1024,1653893632
14.1549,2043314176,367.4800,3164.64,0,148508672,1,98.90,0.00,2093832192,1024,1653893632
14.2601,2043314176,370.8100,3165.51,0,148508672,1,102.19,0.00,2093832192,1024,1653893632
14.3649,2043314176,374.1400,3177.87,0,148508672,1,100.50,0.00,2093832192,1024,1653893632
14.4727,2043314176,377.5900,3200.78,0,148508672,1,99.44,0.00,2093832192,1024,1653893632
14.5780,2043314176,381.0400,3276.40,0,148508672,1,99.72,0.00,2093832192,1024,1653893632
14.6826,2043314176,384.3700,3180.70,0,148508672,1,97.90,0.00,2093885440,1024,1653893632
14.7884,2043314176,387.7000,3148.67,0,148508672,1,102.53,0.00,2093885440,1024,1653893632
14.8936,2043314176,391.1500,3279.67,0,148508672,1,98.92,0.00,2093885440,1024,1653893632
14.9986,2043314176,394.4900,3181.89,0,148508672,1,100.03,0.00,2093881344,1024,1653893632
15.1082,2043314176,397.9400,3145.53,0,148508672,1,101.15,0.00,2094438400,1024,1653893632
15.2133,2043314176,401.3900,3283.16,0,148508672,1,98.73,0.00,2094962688,1024,1653893632
15.3185,2043707392,404.7200,3165.89,0,148508672,1,100.12,0.00,2094962688,1024,1653893632
15.4234,2043707392,408.0500,3175.88,0,148508672,1,97.46,0.00,2094962688,1024,1653893632
15.5283,2043707392,411.3800,3172.85,0,148508672,1,103.62,0.00,2094958592,1024,1653893632
15.6377,2043707392,414.9600,3274.27,0,148508672,1,100.03,0.00,2094958592,1024,1653893632
15.7425,2044100608,418.2900,3177.09,0,148508672,1,97.50,0.00,2095220736,1024,1653893632
15.8474,2044100608,421.6200,3172.28,0,148508672,1,100.03,0.00,2095482880,1024,1657596928
15.9527,2044100608,424.9500,3164.96,0,148508672,1,101.88,0.00,2096269312,1024,1657744384
16.0573,2044100608,428.3900,3287.55,0,148508672,1,101.54,0.00,2096269312,1024,1657744384
16.1639,2044887040,431.7200,3122.44,0,148508672,1,99.92,0.00,2096896000,1024,1657797632
16.2687,2044887040,435.0500,3178.69,0,148508672,1,99.63,0.00,2097088512,1024,1657797632
16.3778,2045280256,438.6300,3281.66,0,148508672,1,99.97,0.00,2097125376,1024,1657797632
16.4830,2045673472,441.9600,3166.14,0,148508672,1,97.16,0.00,2097694720,1024,1657797632
16.5883,2045673472,445.2900,3162.54,0,148508672,1,103.28,0.00,2098255872,1024,1657797632
16.6940,2046066688,448.7400,3263.85,0,148508672,1,97.56,0.00,2098591744,1024,1657797632
16.7990,2046853120,452.0600,3161.58,0,148508672,1,100.88,0.00,2098636800,1024,1657797632
16.9043,2046853120,455.3900,3160.63,0,148508672,1,101.14,0.00,2099202048,1024,1657797632
17.0121,2046853120,458.8500,3209.17,0,148508672,1,99.71,0.00,2098976768,1024,1657797632
17.1172,2046853120,462.1600,3151.37,0,148508672,1,100.27,0.00,2099042304,1024,1657875456
17.2226,2047246336,465.5100,3179.16,0,148508672,1,94.01,0.00,2099607552,1024,1657875456
17.3274,2047639552,468.7300,3071.70,0,148508672,1,96.29,0.00,2100168704,1024,1657875456
17.4321,2048425984,471.9600,3083.21,0,148508672,1,99.33,0.00,2101217280,1024,1657875456
17.5379,2048819200,475.3000,3159.37,0,148508672,1,96.96,0.00,2101217280,1024,1657875456
17.6458,2049212416,478.6500,3104.39,0,148508672,1,95.85,0.00,2102036480,1024,1657936896
17.7507,2049605632,481.8700,3068.56,0,148508672,1,96.19,0.00,2102032384,1024,1657949184
17.8566,2050392064,485.1000,3051.76,0,148508672,1,99.80,0.00,2102032384,1024,1657949184
17.9616,2050392064,488.4500,3188.29,0,148508672,1,94.88,0.00,2102564864,1024,1657949184
18.0698,2050392064,491.7900,3087.76,0,148508672,1,96.78,0.00,2103130112,1024,1657949184
18.1750,2050392064,495.0200,3070.48,0,148508672,1,95.66,0.00,2104072192,1024,1657949184
18.2800,2050392064,498.2400,3065.16,0,148508672,1,99.65,0.00,2104371200,1024,1657949184
18.3849,2050785280,501.4600,3070.59,0,148508672,1,95.96,0.00,2104797184,1024,1657949184
18.4903,2051178496,504.8100,3177.35,0,148508672,1,96.03,0.00,2105055232,1024,1657949184
18.5977,2052358144,508.1500,3110.41,0,148508672,1,98.07,0.00,2105448448,1024,1657949184
18.7025,2053144576,511.3800,3082.65,0,148508672,1,95.14,0.00,2106149888,1024,1657949184
18.8079,2053144576,514.6000,3054.94,0,148508672,1,99.62,0.00,2106412032,1024,1657949184
18.9132,2053931008,517.8200,3059.10,0,148508672,1,100.05,0.00,2107198464,1024,1657949184
19.0220,2054717440,521.2900,3187.93,0,148508672,1,91.58,0.00,2107722752,1024,1657949184
19.1270,2054717440,524.5200,3077.91,0,148508672,1,95.89,0.00,2108242944,1024,1657949184
19.2319,2055503872,527.6400,2971.56,0,148508672,1,93.16,0.00,2108947456,1024,1657994240
19.3373,2055503872,530.8800,3074.67,0,148508672,1,103.20,0.00,2109209600,1024,1657994240
19.4493,2055503872,534.2400,2999.71,0,148508672,1,89.84,0.00,2109213696,1024,1657994240
19.5584,2055897088,537.4800,2969.39,0,148508672,1,91.07,0.00,2110000128,1024,1657994240
19.6645,2057076736,540.6000,2942.03,0,148508672,1,94.30,0.00,2110741504,1024,1657994240
19.7697,2058256384,543.8800,3118.64,0,148508672,1,93.89,0.00,2111712256,1024,1657994240
19.8753,2059042816,547.1100,3058.69,0,148508672,1,95.29,0.00,2112494592,1024,1657994240
19.9807,2059436032,550.3400,3062.22,0,148508672,1,99.55,0.00,2113215488,1024,1657994240
20.0858,2060222464,553.6800,3180.17,0,148508672,1,95.51,0.00,2113575936,1024,1657994240
20.1909,2060222464,556.9000,3062.55,0,148508672,1,96.00,0.00,2114247680,1024,1658051584
20.2966,2060222464,560.1300,3056.62,0,148508672,1,99.36,0.00,2115062784,1024,1658051584
20.4021,2061008896,563.4800,3174.29,0,148508672,1,95.35,0.00,2115890176,1024,1658051584
20.5076,2060365824,566.6500,3004.20,0,148508672,1,92.99,0.00,2114206720,1024,1658051584
20.6128,2060759040,569.7700,2966.40,0,148508672,1,101.32,0.00,2114731008,1024,1658051584
20.7221,2061545472,573.2400,3176.24,0,148508672,1,92.11,0.00,2115517440,1024,1658051584
20.8273,2062725120,576.4700,3070.37,0,148508672,1,94.76,0.00,2116303872,1024,1658051584
20.9322,2064691200,579.7000,3077.78,0,148508672,1,99.46,0.00,2118097920,1024,1658051584
21.0371,2065870848,582.9200,3068.64,0,148508672,1,97.09,0.00,2118228992,1024,1661234176
21.1457,2043662336,586.3300,3142.60,0,148508672,1,93.60,0.00,2095279104,1024,1661234176
21.2510,2043662336,589.4500,2962.37,0,148508672,1,93.46,0.00,2096446464,1024,1661234176
21.3563,2022023168,592.5700,2963.32,0,148508672,1,96.46,0.00,2074213376,1024,1661234176
21.4628,2022416384,595.7100,2947.89,0,148508672,1,88.01,0.00,2074999808,1024,1661258752
21.5679,2021179392,598.6800,2826.03,0,148508672,1,92.48,0.00,2073500672,1024,1661258752
21.6736,2019946496,601.6700,2827.74,0,148508672,1,84.23,0.00,2071641088,1024,1661258752
21.7791,2019291136,604.5000,2683.74,0,148508672,1,84.76,0.00,2071546880,1024,1661258752
21.8842,2020470784,607.3100,2673.81,0,148508672,1,85.94,0.00,2072632320,1024,1661258752
21.9897,2020417536,610.2300,2767.63,0,148508672,1,84.71,0.00,2072476672,1024,1661258752
22.0945,2021203968,613.0400,2679.35,0,148508672,1,82.54,0.00,2072996864,1024,1661258752
22.2001,2021474304,615.8600,2671.25,0,148508672,1,87.32,0.00,2073267200,1024,1661258752
22.3054,2026803200,618.7600,2753.12,0,148508672,1,86.33,0.00,2076601344,1024,1661258752
22.4149,2026053632,621.4600,2466.12,0,148508672,1,73.36,0.00,2076216320,1024,1661258752
22.5207,2026053632,623.9600,2363.44,0,148508672,1,76.81,0.00,2076691456,1024,1661258752
22.6258,2026840064,626.5500,2464.22,0,148508672,1,74.33,0.00,2078247936,1024,1661258752
22.7313,2026840064,629.0500,2369.29,0,148508672,1,73.74,0.00,2078452736,1024,1661258752
22.8365,2025762816,631.5600,2385.67,0,148508672,1,77.23,0.00,2077998080,1024,1661258752
22.9416,2025918464,634.1700,2485.24,0,148508672,1,75.58,0.00,2077105152,1024,1661258752
23.0472,2025918464,636.6700,2367.47,0,148508672,1,73.98,0.00,2077367296,1024,1661258752
23.1522,2026704896,639.1600,2369.83,0,148508672,1,76.73,0.00,2078186496,1024,1661299712
23.2578,2027884544,641.7500,2452.24,0,148508672,1,73.67,0.00,2079046656,1024,1661299712
23.3631,2028277760,644.2500,2374.76,0,148508672,1,74.51,0.00,2080357376,1024,1661299712
23.4679,2028277760,646.7500,2385.82,0,148508672,1,76.05,0.00,2080619520,1024,1661299712
23.5732,2031378432,649.3500,2468.30,0,148508672,1,74.76,0.00,2085534720,1024,1661508608
23.6780,2033340416,651.7600,2300.26,0,148508672,1,72.18,0.00,2085948416,1024,1661508608
23.7831,2036899840,654.0700,2197.77,0,148508672,1,68.98,0.00,2090605568,1024,1661508608
23.8885,2036899840,656.3600,2172.68,0,148508672,1,69.97,0.00,2090867712,1024,1661508608
23.9934,2036428800,658.7100,2241.15,0,148508672,1,67.65,0.00,2089634816,1024,1661508608
24.0982,2038394880,660.8900,2080.00,0,148508672,1,64.70,0.00,2090281984,1024,1661578240
24.2030,2038415360,663.0800,2089.49,0,148508672,1,66.19,0.00,2090523648,1024,1661578240
24.3078,2038247424,665.2800,2099.52,0,148508672,1,65.91,0.00,2089815040,1024,1661578240
24.4126,2039033856,667.4700,2089.43,0,148508672,1,67.08,0.00,2090601472,1024,1661578240
24.5175,2039033856,669.7300,2155.18,0,148508672,1,65.26,0.00,2091387904,1024,1661578240
24.6229,2039484416,671.9300,2086.92,0,148508672,1,65.51,0.00,2091346944,1024,1661578240
24.7276,2039877632,674.1200,2091.67,0,148508672,1,65.36,0.00,2091416576,1024,1661578240
24.8327,2038595584,676.2700,2044.36,0,148508672,1,65.37,0.00,2090449920,1024,1661578240
24.9380,2039382016,678.4300,2051.99,0,148508672,1,62.05,0.00,2091240448,1024,1661578240
25.0429,2040213504,680.5200,1992.24,0,148508672,1,62.85,0.00,2092686336,1024,1661578240
25.1478,2038013952,682.5200,1906.61,0,148508672,1,62.56,0.00,2089520128,1024,1661578240
25.2529,2036490240,684.3800,1769.57,0,148508672,1,53.52,0.00,2088619008,1024,1661578240
25.3578,2013040640,686.1800,1715.43,0,148508672,1,51.52,0.00,2063666176,1024,1661578240
25.4629,2010558464,687.7500,1494.57,0,148508672,1,45.81,0.00,2061069312,1024,1661578240
25.5676,2011344896,689.2100,1393.75,0,148508672,1,43.85,0.00,2061614080,1024,1661578240
25.6723,2010931200,690.6800,1404.05,0,148508672,1,44.18,0.00,2061814784,1024,1661578240
25.7772,1991458816,692.2000,1450.24,0,148508672,1,44.43,0.00,2042321920,1024,1661578240
25.8821,1990451200,693.6700,1401.28,0,148508672,1,43.19,0.00,2042362880,1024,1661578240
25.9866,1987620864,695.1400,1405.68,0,148508672,1,44.82,0.00,2039266304,1024,1661873152
26.0912,1987821568,696.5000,1300.64,0,148508672,1,40.94,0.00,2039147520,1024,1664309248
26.1960,1987088384,697.8600,1297.50,0,148508672,1,41.44,0.00,2037398528,1024,1664309248
26.3012,1985581056,699.1600,1236.48,0,148508672,1,37.15,0.00,2037804032,1024,1664309248
26.4061,1985581056,700.4100,1191.47,0,148508672,1,37.53,0.00,2037894144,1024,1664309248
26.5108,1967808512,701.6300,1164.86,0,148508672,1,36.10,0.00,2019412992,1024,1664309248
26.6158,1971462144,702.6300,952.73,0,148508672,1,29.18,0.00,2023402496,1024,1664309248
26.7207,1969737728,703.5200,847.90,0,148508672,1,27.39,0.00,2021022720,1024,1664309248
26.8256,1973747712,704.4000,838.83,0,148508672,1,25.02,0.00,2024397824,1024,1664309248
26.9304,1974140928,705.1300,696.55,0,148508672,1,21.77,0.00,2024918016,1024,1664309248
27.0360,1974534144,705.8600,691.25,0,148508672,1,22.19,0.00,2025180160,1024,1664309248
27.1410,1954365440,706.6200,724.28,0,148508672,1,21.14,0.00,2004962304,1024,1664309248
27.2466,1953988608,707.2500,596.31,0,148508672,1,18.93,0.00,2004233216,1024,1664309248
27.3516,1953816576,707.8800,600.29,0,148508672,1,18.76,0.00,2004302848,1024,1664309248
27.4568,1967939584,708.4600,551.38,0,148508672,1,16.04,0.00,2019150848,1024,1664309248
27.5622,1974022144,708.8900,407.67,0,148508672,1,12.44,0.00,2030496768,1024,1664309248
27.6670,1983803392,709.1400,238.60,0,148508672,1,6.86,0.00,2033458176,1024,1664309248
27.7716,1986510848,709.2900,143.37,0,148508672,1,4.48,0.00,2037419008,1024,1664309248
27.8765,1986510848,709.3900,95.41,0,148508672,1,3.28,0.00,2037214208,1024,1664309248
27.9812,2394370048,709.5600,162.29,0,148508672,1,4.77,0.00,2446126080,1024,1664309248
28.0861,2394046464,709.7200,152.55,0,148508672,1,5.07,0.00,2445888512,1024,1664309248
28.1909,2372214784,709.9000,171.69,0,148508672,1,5.07,0.00,2423831552,1024,1664309248
28.2955,2373001216,710.0700,162.59,0,148508672,1,5.08,0.00,2422836224,1024,1664309248
28.4001,2371547136,710.2300,152.95,0,148508672,1,5.68,0.00,2422836224,1024,1664575488
28.5054,2371309568,710.4000,161.49,0,148508672,1,5.34,0.00,2422242304,1024,1664575488
28.6106,2371309568,710.5600,152.05,0,148508672,1,4.45,0.00,2421996544,1024,1664608256
28.7159,2371309568,710.7100,142.49,0,148508672,1,5.05,0.00,2421595136,1024,1664608256
28.8212,2371309568,710.8700,151.87,0,148508672,1,4.75,0.00,2421595136,1024,1664608256
28.9263,2371309568,711.0300,152.26,0,148508672,1,4.46,0.00,2421586944,1024,1664608256
29.0311,2371309568,711.1800,143.17,0,148508672,1,4.18,0.00,2421586944,1024,1664608256
29.1360,2371309568,711.3400,152.41,0,148508672,1,4.76,0.00,2421586944,1024,1664608256
29.2412,2371309568,711.5000,152.10,0,148508672,1,5.64,0.00,2421586944,1024,1664608256
29.3462,2371309568,711.6500,142.97,0,148508672,1,4.47,0.00,2421505024,1024,1664608256
29.4513,2371309568,711.8000,142.71,0,148508672,1,4.46,0.00,2421505024,1024,1664817152
29.5567,2371309568,711.9500,142.24,0,148508672,1,3.26,0.00,2421509120,1024,1664817152
29.6617,2371309568,712.1100,152.44,0,148508672,1,5.06,0.00,2421509120,1024,1664817152
29.7670,2371309568,712.2700,151.96,0,148508672,1,2.97,0.00,2421509120,1024,1665013760
29.8724,2353381376,713.8600,1508.03,0,148508672,1,52.46,0.00,2414967808,1024,1665013760
29.9777,2287058944,717.0700,3047.54,0,148508672,1,91.97,0.00,2338499584,1024,1665013760
30.0833,2287058944,720.0800,2851.73,0,148508672,1,88.82,0.00,2338233344,1024,1665013760
30.1885,2287058944,723.1000,2871.34,0,148508672,1,93.59,0.00,2338233344,1024,1665083392
30.2939,2287058944,726.2300,2968.48,0,148508672,1,89.50,0.00,2338233344,1024,1665083392
30.3992,2287058944,729.2500,2868.18,0,148508672,1,89.33,0.00,2338233344,1024,1665083392
30.5046,2287058944,732.2600,2856.15,0,148508672,1,93.11,0.00,2338233344,1024,1665083392
30.6100,2287058944,735.3900,2969.61,0,148508672,1,88.95,0.00,2338233344,1024,1665083392
30.7158,2287058944,738.4000,2843.62,0,148508672,1,92.41,0.00,2337987584,1024,1665083392
30.8212,2287058944,741.5400,2980.24,0,148508672,1,89.87,0.00,2337983488,1024,1665083392
30.9268,2287058944,744.5500,2851.38,0,148508672,1,89.70,0.00,2337983488,1024,1665083392
31.0322,2287058944,747.5700,2865.40,0,148508672,1,92.81,0.00,2337983488,1024,1665083392
31.1409,2287058944,750.8100,2979.43,0,148508672,1,92.82,0.00,2337868800,1024,1665083392
31.2463,2287058944,754.0800,3103.03,0,148508672,1,94.89,0.00,2337868800,1024,1748636672
31.3521,2287058944,757.3000,3043.75,0,148508672,1,98.07,0.00,2337864704,1024,1748636672
31.4617,2287058944,760.7700,3166.56,0,148508672,1,95.25,0.00,2337864704,1024,1748636672
31.5670,2287058944,764.0000,3065.30,0,148508672,1,96.68,0.00,2337864704,1024,1748636672
31.6727,2287058944,767.2200,3046.41,0,148508672,1,98.16,0.00,2337864704,1024,1748636672
31.7776,2287058944,770.5600,3185.11,0,148508672,1,96.26,0.00,2337864704,1024,1748636672
31.8847,2287058944,773.7900,3014.66,0,148508672,1,98.29,0.00,2337860608,1024,1748636672
31.9901,2287058944,777.1300,3169.73,0,148508672,1,94.61,0.00,2337860608,1024,1748636672
32.0952,2287058944,780.2900,3007.99,0,148508672,1,94.30,0.00,2337860608,1024,1748636672
32.2018,2287058944,783.5300,3038.52,0,148508672,1,94.66,0.00,2337553408,1024,1748636672
32.3070,2287058944,786.6500,2964.23,0,148508672,1,93.82,0.00,2337549312,1024,1748636672
32.4129,2287058944,789.7700,2947.17,0,148508672,1,98.00,0.00,2337549312,1024,1748636672
32.5222,2287058944,793.1300,3073.88,0,148508672,1,89.20,0.00,2337548288,1024,1748636672
32.6275,2287058944,796.2500,2964.28,0,148508672,1,93.52,0.00,2337548288,1024,1748636672
32.7335,2287058944,799.4900,3055.82,0,148508672,1,94.90,0.00,2337531904,1024,1748636672
32.8418,2287058944,802.7200,2982.57,0,148508672,1,93.21,0.00,2337527808,1024,1748636672
32.9471,2287058944,805.8400,2962.49,0,148508672,1,93.17,0.00,2337527808,1024,1748636672
33.0529,2287058944,808.9600,2949.81,0,148508672,1,95.14,0.00,2337527808,1024,1748636672
33.1583,2287058944,812.1900,3063.15,0,148508672,1,96.02,0.00,2337527808,1024,1748636672
33.2656,2287058944,815.4300,3019.58,0,148508672,1,91.45,0.00,2337527808,1024,1748636672
33.3709,2287058944,818.5500,2963.61,0,148508672,1,91.43,0.00,2337523712,1024,1748669440
33.4778,2287058944,821.7900,3031.46,0,148508672,1,95.03,0.00,2337523712,1024,1748669440
33.5826,2287058944,824.9100,2976.59,0,148508672,1,93.32,0.00,2337523712,1024,1748689920
33.6897,2287058944,828.1400,3017.14,0,148508672,1,94.29,0.00,2337523712,1024,1748689920
33.7945,2287058944,831.2600,2974.94,0,148508672,1,93.56,0.00,2337523712,1024,1748689920
33.9018,2287058944,834.5200,3039.41,0,148508672,1,94.40,0.00,2337519616,1024,1748689920
34.0067,2287058944,837.7400,3069.18,0,148508672,1,96.81,0.00,2337519616,1024,1748784128
34.1120,2287058944,840.9600,3056.96,0,148508672,1,99.09,0.00,2337515520,1024,1748784128
34.2217,2287058944,844.4300,3165.41,0,148508672,1,94.93,0.00,2337515520,1024,1748784128
34.3267,2287058944,847.6600,3075.93,0,148508672,1,96.72,0.00,2337515520,1024,1748784128
34.4321,2287058944,850.8800,3053.79,0,148508672,1,98.99,0.00,2337515520,1024,1748784128
34.5376,2287058944,854.2200,3167.31,0,148508672,1,95.13,0.00,2337515520,1024,1748845568
34.6429,2287058944,857.4500,3066.55,0,148508672,1,95.83,0.00,2337515520,1024,1748845568
34.7524,2287058944,860.8000,3059.58,0,148508672,1,99.32,0.00,2337515520,1024,1748845568
34.8579,2287058944,864.1400,3165.58,0,148508672,1,95.07,0.00,2337511424,1024,1748870144
34.9630,2287058944,867.3100,3015.60,0,148508672,1,94.53,0.00,2337511424,1024,1748870144
35.0681,2287058944,870.4300,2969.87,0,148508672,1,96.08,0.00,2337511424,1024,1748870144
35.1778,2287058944,873.7800,3052.79,0,148508672,1,92.27,0.00,2337773568,1024,1748870144
35.2831,2287058944,876.9000,2962.12,0,148508672,1,93.16,0.00,2337773568,1024,1748870144
35.3887,2287058944,880.0200,2955.48,0,148508672,1,95.32,0.00,2337773568,1024,1748870144
35.4939,2287058944,883.2600,3079.06,0,148508672,1,92.95,0.00,2337523712,1024,1748870144
35.6017,2287058944,886.5000,3007.63,0,148508672,1,94.28,0.00,2337519616,1024,1748870144
35.7072,2287058944,889.6200,2955.58,0,148508672,1,92.36,0.00,2337257472,1024,1748870144
35.8121,2287058944,892.7400,2975.45,0,148508672,1,96.26,0.00,2337257472,1024,1748870144
35.9170,2287058944,895.8700,2982.87,0,148508672,1,96.79,0.00,2337258496,1024,1749017600
36.0259,2287058944,899.2200,3076.51,0,148508672,1,89.83,0.00,2337258496,1024,1749017600
36.1313,2287058944,902.3400,2959.81,0,148508672,1,91.90,0.00,2337258496,1024,1749017600
36.2371,2287058944,905.5700,3053.44,0,148508672,1,96.01,0.00,2337258496,1024,1749017600
36.3457,2287058944,908.8400,3010.05,0,148508672,1,94.93,0.00,2337201152,1024,1840254464
36.4527,2287058944,912.0600,3010.16,0,148508672,1,96.99,0.00,2337459200,1024,1850657792
36.5582,2287058944,915.3500,3118.75,0,148508672,1,94.79,0.00,2337459200,1024,1850657792
36.6676,2287058944,918.5900,2960.90,0,148508672,1,92.81,0.00,2337459200,1024,1850657792
36.7728,2287058944,921.7100,2967.50,0,148508672,1,95.11,0.00,2337459200,1024,1850657792
36.8779,2287058944,924.9500,3080.90,0,148508672,1,93.60,0.00,2337459200,1024,1850657792
36.9836,2287058944,928.0700,2951.34,0,148508672,1,91.64,0.00,2337459200,1024,1850657792
37.0938,2287058944,931.4300,3050.31,0,148508672,1,95.04,0.28,2337459200,1024,1850706944
37.1989,2287058944,934.5500,2968.43,0,148508672,1,93.06,0.00,2337455104,1024,1850706944
37.3050,2287058944,937.6700,2940.59,0,148508672,1,95.72,0.00,2337455104,1024,1850706944
37.4104,2287058944,940.9100,3074.25,0,148508672,1,92.51,0.00,2337455104,1024,1850768384
37.5177,2287058944,944.1400,3008.48,0,148508672,1,94.01,0.00,2337455104,1024,1850768384
37.6231,2287058944,947.2600,2960.57,0,148508672,1,92.52,0.00,2337455104,1024,1850768384
37.7338,2287058944,950.6200,3036.36,0,148508672,1,94.32,0.00,2337455104,1024,1850768384
37.8398,2287058944,953.7400,2943.33,0,148508672,1,96.11,0.00,2337410048,1024,1850768384
37.9448,2287058944,956.8600,2972.62,0,148508672,1,93.19,0.00,2337410048,1024,1850768384
38.0505,2287058944,960.1000,3064.64,0,148508672,1,92.22,0.00,2337405952,1024,1850768384
38.1562,2287058944,963.2200,2951.26,0,148508672,1,95.48,0.00,2337668096,1024,1850809344
38.2613,2287058944,966.4500,3073.83,0,148508672,1,96.06,0.00,2337668096,1024,1850809344
38.3699,2287058944,969.6900,2981.70,0,148508672,1,90.30,0.00,2337668096,1024,1850809344
38.4817,2287058944,973.0500,3007.60,0,148508672,1,96.78,0.00,2337668096,1024,1850809344
38.5905,2287058944,976.2900,2975.76,0,148508672,1,89.84,0.00,2337668096,1024,1850809344
38.6958,2287058944,979.4100,2964.53,0,148508672,1,95.91,0.00,2337664000,1024,1850981376
38.8017,2287058944,982.6400,3050.62,0,148508672,1,91.79,0.00,2337664000,1024,1850981376
38.9113,2287058944,985.8800,2955.68,0,148508672,1,92.94,0.00,2337664000,1024,1850981376
39.0171,2287058944,989.1200,3060.44,0,148508672,1,95.34,0.00,2337664000,1024,1850981376
39.1225,2287058944,992.2400,2960.36,0,148508672,1,92.21,0.00,2337664000,1024,1851096064
39.2281,2287058944,995.3600,2954.84,0,148508672,1,96.48,0.00,2337664000,1024,1851116544
39.3377,2287058944,998.7100,3058.63,0,148508672,1,92.16,0.00,2337664000,1024,1851116544
39.4431,2287058944,1001.8300,2957.44,0,148508672,1,92.12,0.00,2337664000,1024,1851116544
39.5486,2287058944,1004.9500,2959.55,0,148508672,1,96.64,0.00,2337659904,1024,1851116544
39.6542,2287058944,1008.1900,3068.58,0,148508672,1,91.45,0.00,2337659904,1024,1851284480
39.7641,2287058944,1011.4400,2956.41,0,148508672,1,95.80,0.00,2337659904,1024,1851284480
39.8696,2287058944,1014.6700,3061.11,0,148508672,1,92.70,0.00,2337659904,1024,1851284480
39.9748,2287058944,1017.7900,2966.30,0,148508672,1,92.10,0.00,2337922048,1024,1851296768
40.0803,2287058944,1020.9100,2957.03,0,148508672,1,96.26,0.00,2337664000,1024,1851296768
40.1861,2287058944,1024.1500,3061.01,0,148508672,1,95.95,0.00,2337664000,1024,1851296768
40.2935,2287058944,1027.3900,3018.65,0,148508672,1,90.55,0.00,2337926144,1024,1851296768
40.3990,2287058944,1030.5100,2955.86,0,148508672,1,92.37,0.00,2337926144,1024,1851296768
40.5098,2287058944,1033.8600,3024.18,0,148508672,1,95.07,0.00,2337922048,1024,1851296768
40.6156,2287058944,1036.8800,2853.29,0,148508672,1,88.57,0.00,2337922048,1024,1851296768
40.7209,2287058944,1039.8700,2839.80,0,148508672,1,92.60,0.00,2337922048,1024,1851296768
40.8263,2287452160,1043.0000,2969.99,0,148508672,1,89.25,0.00,2338184192,1024,1851296768
40.9320,2287452160,1046.0100,2849.38,0,148508672,1,92.59,0.00,2338184192,1024,1851296768
41.0409,2287452160,1049.1400,2873.31,0,148508672,1,90.08,0.00,2338184192,1024,1851296768
41.1462,2287452160,1052.2700,2971.68,0,148508672,1,89.30,0.00,2338192384,1024,1851296768
41.2537,2287452160,1055.4000,2913.46,0,148508672,1,91.05,0.00,2337938432,1024,1851296768
41.3593,2287452160,1058.5200,2953.23,0,148508672,1,91.99,0.00,2337934336,1024,1851296768
41.4645,2287452160,1061.6500,2976.33,0,148508672,1,101.03,0.00,2338196480,1024,1855086592
41.5742,2287452160,1065.1200,3163.24,0,148508672,1,91.44,0.00,2338200576,1024,1855086592
41.6800,2287452160,1068.3500,3052.61,0,148508672,1,99.23,0.00,2338200576,1024,1855086592
41.7850,2287452160,1071.5700,3064.77,0,148508672,1,95.77,0.00,2338200576,1024,1855086592
41.8937,2287452160,1074.9900,3148.74,0,148508672,1,94.66,0.00,2338200576,1024,1855479808
41.9986,2287452160,1078.1200,2981.12,0,148508672,1,93.46,0.00,2338196480,1024,1855479808
42.1039,2287452160,1081.2400,2965.10,0,148508672,1,92.96,0.00,2338196480,1024,1855479808
42.2088,2287452160,1084.3600,2972.40,0,148508672,1,96.46,0.00,2338196480,1024,1855479808
42.3144,2287452160,1087.6000,3069.45,0,148508672,1,95.62,0.00,2338204672,1024,1855479808
42.4216,2287452160,1090.8300,3012.31,0,148508672,1,90.93,0.00,2338204672,1024,1855479808
42.5272,2287452160,1093.9500,2954.38,0,148508672,1,91.73,0.00,2338204672,1024,1855479808
42.6323,2287845376,1097.0700,2969.09,0,148508672,1,96.65,0.00,2338204672,1024,1855479808
42.7417,2287845376,1100.4300,3072.90,0,148508672,1,93.46,0.00,2337942528,1024,1855479808
42.8468,2287845376,1103.5500,2966.80,0,148508672,1,91.82,0.00,2337938432,1024,1855479808
42.9518,2287845376,1106.6700,2973.04,0,148508672,1,93.80,0.00,2337938432,1024,1855479808
43.0569,2287845376,1109.7900,2968.10,0,148508672,1,95.43,0.00,2337938432,1024,1855479808
43.1617,2287845376,1113.0300,3092.23,0,148508672,1,93.95,0.00,2337938432,1024,1855479808
43.2671,2287845376,1116.2500,3054.84,0,148508672,1,94.87,0.00,2337938432,1024,1855479808
43.3719,2287845376,1119.4500,3052.88,0,148508672,1,98.68,0.00,2337934336,1024,1855512576
43.4782,2287845376,1122.8000,3151.07,0,148508672,1,95.24,0.00,2337938432,1024,1855512576
43.5857,2287845376,1126.1400,3108.07,0,148508672,1,101.49,0.00,2337938432,1024,1855512576
43.6977,2287845376,1129.6100,3098.30,0,148508672,1,92.92,0.00,2337938432,1024,1855512576
43.8028,2287845376,1132.8400,3072.37,0,148508672,1,96.31,0.00,2337938432,1024,1855512576
43.9079,2287845376,1136.0600,3063.02,0,148508672,1,99.58,0.00,2337938432,1024,1855512576
44.0132,2287845376,1139.2900,3068.66,0,148508672,1,98.86,0.00,2337938432,1024,1855512576
44.1214,2287845376,1142.7500,3197.64,0,148508672,1,93.86,0.00,2337938432,1024,1855512576
44.2261,2287845376,1145.9800,3083.02,0,148508672,1,95.45,0.00,2338200576,1024,1855512576
44.3337,2287845376,1149.3000,3087.95,0,148508672,1,96.21,0.00,2338204672,1024,1855512576
44.4381,2287845376,1152.5200,3083.05,0,148508672,1,96.64,0.00,2338208768,1024,1855512576
44.5434,2287845376,1155.7400,3058.30,0,148508672,1,96.46,0.00,2338208768,1024,1855512576
44.6520,2287845376,1159.0400,3039.44,0,148508672,1,97.86,0.00,2338470912,1024,1855512576
44.7573,2287845376,1162.2800,3074.87,0,148508672,1,92.83,0.00,2338470912,1024,1855512576
44.8622,2287845376,1165.4000,2974.63,0,148508672,1,93.55,0.00,2338470912,1024,1855512576
44.9767,2287845376,1168.7700,2942.35,0,148508672,1,94.40,0.00,2338995200,1024,1855512576
45.0820,2287845376,1172.0000,3068.82,0,148508672,1,92.93,0.00,2338737152,1024,1855533056
45.1872,2287845376,1175.1300,2974.13,0,148508672,1,92.35,0.00,2338753536,1024,1855533056
45.2926,2287845376,1178.2500,2961.66,0,148508672,1,95.81,0.00,2338753536,1024,1855533056
45.3971,2287845376,1181.3300,2948.10,0,148508672,1,92.73,0.00,2338499584,1024,1855533056
45.5057,2287845376,1184.6100,3020.52,0,148508672,1,91.23,0.00,2338499584,1024,1855533056
45.6107,2287845376,1187.7300,2969.41,0,148508672,1,93.09,0.00,2338499584,1024,1855533056
45.7155,2287845376,1190.8500,2976.75,0,148508672,1,91.83,0.00,2338761728,1024,1855533056
45.8204,2287845376,1193.9700,2974.24,0,148508672,1,96.82,0.00,2339019776,1024,1855533056
45.9337,2287845376,1197.4500,3073.74,0,148508672,1,92.47,0.00,2339245056,1024,1855754240
46.0383,2287845376,1200.5700,2981.88,0,148508672,1,94.08,0.00,2339240960,1024,1855754240
46.1437,2287845376,1203.6900,2958.69,0,148508672,1,91.87,0.00,2339240960,1024,1855754240
46.2487,2287845376,1206.8100,2973.62,0,148508672,1,99.78,0.00,2339240960,1024,1855754240
46.3576,2287845376,1210.1600,3073.89,0,148508672,1,90.32,0.00,2338987008,1024,1855754240
46.4632,2287845376,1213.2800,2955.38,0,148508672,1,91.76,0.00,2338987008,1024,1855754240
46.5685,2287845376,1216.4100,2972.09,0,148508672,1,97.03,0.00,2338987008,1024,1858815488
46.6740,2287845376,1219.7500,3166.39,0,148508672,1,94.21,0.00,2338987008,1024,1858815488
46.7791,2287845376,1222.9700,3062.64,0,148508672,1,96.90,0.00,2338982912,1024,1858815488
46.8841,2287845376,1226.2000,3077.86,0,148508672,1,99.46,0.00,2338982912,1024,1858815488
46.9892,2287845376,1229.4200,3063.00,0,148508672,1,96.31,0.00,2338982912,1024,1858815488
47.0941,2287845376,1232.7600,3185.84,0,148508672,1,99.56,0.00,2338982912,1024,1858844160
47.2016,2287845376,1236.1100,3113.88,0,148508672,1,93.24,0.00,2338982912,1024,1858844160
47.3177,2287845376,1239.6200,3025.44,0,148508672,1,94.81,0.00,2338987008,1024,1858844160
47.4222,2287845376,1242.7400,2982.95,0,148508672,1,92.92,0.00,2338728960,1024,1858844160
47.5275,2287845376,1245.8600,2963.50,0,148508672,1,92.61,0.00,2338728960,1024,1858844160
47.6331,2287845376,1248.9800,2955.28,0,148508672,1,95.31,0.00,2338728960,1024,1858844160
47.7385,2287845376,1252.2200,3074.36,0,148508672,1,93.41,0.00,2338466816,1024,1858844160
47.8440,2287845376,1255.3400,2955.85,0,148508672,1,95.63,0.00,2338466816,1024,1858844160
47.9489,2287845376,1258.4600,2974.42,0,148508672,1,93.55,0.00,2338466816,1024,1858844160
48.0618,2287845376,1261.9300,3074.95,0,148508672,1,92.49,0.00,2338466816,1024,1858844160
48.1669,2287845376,1265.0600,2976.78,0,148508672,1,92.73,0.00,2338728960,1024,1858844160
48.2721,2287845376,1268.1800,2966.24,0,148508672,1,95.96,0.00,2338728960,1024,1858844160
48.3769,2287845376,1271.3000,2978.04,0,148508672,1,97.24,0.00,2338728960,1024,1858844160
48.4862,2287845376,1274.6500,3064.35,0,148508672,1,88.90,0.00,2338728960,1024,1858844160
48.5914,2287845376,1277.7700,2966.95,0,148508672,1,93.31,0.00,2338728960,1024,1858909696
48.6961,2287845376,1280.8900,2978.08,0,148508672,1,96.05,0.00,2338466816,1024,1858909696
48.8014,2287845376,1284.1200,3069.18,0,148508672,1,92.94,0.00,2338466816,1024,1858909696
48.9097,2287845376,1287.3600,2992.15,0,148508672,1,93.79,0.00,2338466816,1024,1858909696
49.0145,2287845376,1290.4800,2976.49,0,148508672,1,92.72,0.00,2338466816,1024,1858909696
49.1200,2287845376,1293.6000,2956.20,0,148508672,1,103.34,0.00,2338462720,1024,1858909696
49.2339,2287845376,1297.0800,3056.46,0,148508672,1,85.36,0.00,2338462720,1024,1858909696
49.3390,2287845376,1300.2000,2967.36,0,148508672,1,92.73,0.00,2338462720,1024,1858909696
49.4444,2287845376,1303.3200,2961.57,0,148508672,1,99.37,0.00,2338462720,1024,1858909696
49.5577,2287845376,1306.8000,3071.83,0,148508672,1,89.37,0.00,2338462720,1024,1858909696
49.6624,2287845376,1309.9200,2978.43,0,148508672,1,93.08,0.00,2338216960,1024,1859044864
49.7675,2287845376,1313.0400,2969.42,0,148508672,1,93.69,0.00,2338216960,1024,1859044864
49.8728,2287845376,1316.1700,2970.72,0,148508672,1,95.50,0.00,2338216960,1024,1859216896
49.9776,2287845376,1319.4000,3083.63,0,148508672,1,96.07,0.00,2338216960,1024,1859216896
50.0897,2287845376,1322.7600,2998.17,0,148508672,1,90.35,0.00,2338216960,1024,1859216896
50.1947,2287845376,1325.8700,2961.70,0,148508672,1,92.85,0.00,2338216960,1024,1859216896
50.2995,2287845376,1328.9900,2974.96,0,148508672,1,92.97,0.00,2338216960,1024,1859216896
50.4049,2287845376,1332.1200,2970.09,0,148508672,1,96.97,0.00,2338212864,1024,1859216896
50.5101,2287845376,1335.3500,3071.72,0,148508672,1,92.13,0.00,2338212864,1024,1859216896
50.6153,2287845376,1338.4700,2964.10,0,148508672,1,92.33,0.00,2338475008,1024,1859216896
50.7199,2287845376,1341.5900,2983.95,0,148508672,1,93.25,0.00,2338475008,1024,1859216896
50.8247,2287845376,1344.7100,2975.90,0,148508672,1,97.47,0.00,2338475008,1024,1859216896
50.9337,2287845376,1348.0600,3075.66,0,148508672,1,91.81,0.00,2338737152,1024,1859216896
51.0384,2287845376,1351.2800,3075.03,0,148508672,1,96.09,0.00,2338733056,1024,1859216896
51.1430,2287845376,1354.5100,3086.72,0,148508672,1,96.76,0.00,2338733056,1024,1859294720
51.2482,2287845376,1357.7400,3071.98,0,148508672,1,99.27,0.00,2338475008,1024,1859294720
51.3533,2287845376,1361.0800,3176.19,0,148508672,1,96.58,0.00,2338475008,1024,1859294720
51.4583,2287845376,1364.2700,3038.49,0,148508672,1,94.06,0.00,2338475008,1024,1859323392
51.5643,2287845376,1367.5000,3046.81,0,148508672,1,99.93,0.00,2338475008,1024,1859323392
51.6690,2287845376,1370.7300,3084.84,0,148508672,1,95.51,0.00,2338475008,1024,1859339776
51.7739,2287845376,1374.0700,3184.56,0,148508672,1,96.54,0.00,2338470912,1024,1863054848
51.8790,2287845376,1377.2900,3063.52,0,148508672,1,99.30,0.00,2338470912,1024,1863054848
51.9854,2287845376,1380.6400,3147.72,0,148508672,1,95.14,0.00,2338470912,1024,1863054848
52.0906,2287845376,1383.8400,3043.46,0,148508672,1,94.51,0.00,2338470912,1024,1863054848
52.1959,2287845376,1386.9800,2982.25,0,148508672,1,93.79,0.00,2338470912,1024,1863054848
52.3006,2287845376,1390.2100,3084.18,0,148508672,1,99.96,0.00,2338733056,1024,1863054848
52.4098,2287845376,1393.6800,3178.32,0,148508672,1,95.60,0.00,2338728960,1024,1863054848
52.5148,2287845376,1396.9200,3084.37,0,148508672,1,96.39,0.00,2338728960,1024,1863054848
52.6193,2287845376,1400.2500,3186.71,0,148508672,1,99.29,0.00,2338724864,1024,1863054848
52.7240,2287845376,1403.5800,3180.01,0,148508672,1,103.55,0.00,2338724864,1024,1863054848
52.8290,2287845376,1406.9000,3161.35,0,148508672,1,98.79,0.00,2338724864,1024,1863054848
52.9339,2287845376,1410.3500,3290.58,0,148508672,1,99.55,0.00,2338724864,1024,1863054848
53.0385,2287845376,1413.6000,3105.60,0,148508672,1,96.75,0.00,2338728960,1024,1863054848
53.1457,2287845376,1416.9500,3125.58,0,148508672,1,98.26,0.00,2338728960,1024,1863054848
53.2508,2287845376,1420.1700,3063.46,0,148508672,1,95.14,0.00,2338475008,1024,1863054848
53.3556,2287845376,1423.3900,3073.76,0,148508672,1,96.65,0.00,2338470912,1024,1863087616
53.4602,2287845376,1426.6100,3078.26,0,148508672,1,99.48,0.00,2338470912,1024,1863087616
53.5649,2287845376,1429.8300,3074.72,0,148508672,1,96.68,0.30,2338470912,1024,1863087616
53.6695,2287845376,1433.1800,3204.55,0,148508672,1,95.36,0.00,2338475008,1024,1863087616
53.7779,2287845376,1436.5200,3081.35,0,148508672,1,97.45,0.00,2338475008,1024,1863087616
53.8825,2287845376,1439.7500,3085.53,0,148508672,1,95.53,0.00,2338475008,1024,1863329280
53.9868,2287845376,1442.9600,3077.29,0,148508672,1,97.36,0.00,2338733056,1024,1863329280
54.0911,2287845376,1446.0800,2991.29,0,148508672,1,92.28,0.00,2338733056,1024,1863329280
54.1961,2287845376,1449.2000,2972.00,0,148508672,1,97.34,0.00,2338737152,1024,1863329280
54.3057,2287845376,1452.5600,3067.78,0,148508672,1,95.01,0.00,2338737152,1024,1863329280
54.4136,2287845376,1455.8000,3002.61,0,148508672,1,94.41,0.00,2338737152,1024,1863329280
54.5257,2287845376,1459.1600,2997.51,0,148508672,1,90.61,0.00,2338737152,1024,1863329280
54.6303,2287845376,1462.2800,2982.04,0,148508672,1,91.99,0.00,2338737152,1024,1863329280
54.7349,2287845376,1465.4000,2981.30,0,148508672,1,93.76,0.00,2338733056,1024,1863329280
54.8394,2287845376,1468.5200,2985.22,0,148508672,1,93.59,0.00,2338491392,1024,1863329280
54.9440,2287845376,1471.6400,2985.17,0,148508672,1,93.59,0.00,2338487296,1024,1863329280
55.0491,2287845376,1474.7600,2967.90,0,148508672,1,95.12,0.00,2338487296,1024,1863329280
55.1535,2287845376,1478.0000,3103.87,0,148508672,1,94.00,0.00,2338487296,1024,1863329280
55.2617,2287845376,1481.2400,2995.02,0,148508672,1,93.31,0.00,2338225152,1024,1863329280
55.3665,2287845376,1484.3600,2975.27,0,148508672,1,93.87,0.00,2338225152,1024,1863329280
55.4778,2287845376,1487.7200,3020.09,0,148508672,1,94.10,0.00,2338225152,1024,1863329280
55.5825,2287845376,1490.8300,2970.73,0,148508672,1,92.54,0.00,2338225152,1024,1863329280
55.6869,2287845376,1493.9600,2995.68,0,148508672,1,94.21,0.00,2338221056,1024,1863329280
55.7916,2287845376,1497.0800,2981.98,0,148508672,1,91.99,0.00,2338221056,1024,1863329280
55.8969,2287845376,1500.2000,2962.77,0,148508672,1,100.30,0.00,2338221056,1024,1863329280
56.0056,2287845376,1503.5500,3082.48,0,148508672,1,90.58,0.00,2338483200,1024,1863505408
56.1104,2287845376,1506.6700,2976.95,0,148508672,1,91.84,0.00,2338483200,1024,1863505408
56.2153,2287845376,1509.7900,2972.18,0,148508672,1,93.48,0.00,2338483200,1024,1863505408
56.3201,2287845376,1512.9100,2977.41,0,148508672,1,96.62,0.00,2338483200,1024,1863505408
56.4250,2287845376,1516.0300,2976.12,0,148508672,1,93.60,0.00,2338221056,1024,1863505408
56.5364,2287845376,1519.3900,3014.08,0,148508672,1,93.63,0.00,2338221056,1024,1863505408
56.6412,2287845376,1522.5100,2979.15,0,148508672,1,97.28,0.00,2338221056,1024,1863505408
56.7496,2287845376,1525.8800,3106.74,0,148508672,1,93.63,0.00,2338221056,1024,1863505408
56.8581,2287845376,1529.2300,3089.37,0,148508672,1,92.80,0.00,2338221056,1024,1865912832
56.9624,2287845376,1532.4600,3095.89,0,148508672,1,96.45,0.00,2338221056,1024,1865912832
57.0671,2287845376,1535.6800,3074.71,0,148508672,1,96.98,0.00,2338216960,1024,1865912832
57.1720,2287845376,1538.9000,3070.99,0,148508672,1,99.25,0.00,2338741248,1024,1865912832
57.2767,2287845376,1542.1300,3085.33,0,148508672,1,96.12,0.00,2338479104,1024,1865986560
57.3857,2287845376,1545.5900,3174.82,0,148508672,1,96.92,0.00,2338741248,1024,1865986560
57.4906,2287845376,1548.8200,3076.70,0,148508672,1,94.36,0.00,2339003392,1024,1865986560
57.6057,2287845376,1552.4200,3127.75,0,148508672,1,99.10,0.00,2339003392,1024,1865994752
57.7104,2287845376,1555.6400,3078.01,0,148508672,1,94.69,0.00,2339003392,1024,1865994752
57.8156,2287845376,1558.8600,3058.37,0,148508672,1,96.17,0.00,2339003392,1024,1865994752
57.9203,2287845376,1562.0900,3086.16,0,148508672,1,99.73,0.00,2338999296,1024,1865994752
58.0249,2287845376,1565.3100,3079.17,0,148508672,1,97.72,0.00,2338999296,1024,1865994752
58.1296,2287845376,1568.6600,3199.10,0,148508672,1,94.60,0.00,2338999296,1024,1865994752
58.2343,2287845376,1571.8800,3075.01,0,148508672,1,96.69,0.00,2338999296,1024,1865994752
58.3417,2287845376,1575.1400,3036.81,0,148508672,1,94.61,0.00,2339261440,1024,1865994752
58.4464,2287845376,1578.3700,3082.16,0,148508672,1,97.51,0.00,2339261440,1024,1865994752
58.5509,2287845376,1581.5900,3082.24,0,148508672,1,94.82,0.00,2339261440,1024,1865994752
58.6556,2287845376,1584.8100,3075.23,0,148508672,1,97.00,0.00,2339261440,1024,1866052096
58.7608,2287845376,1588.0400,3070.82,0,148508672,1,98.93,0.00,2339261440,1024,1866052096
58.8652,2287845376,1591.2600,3084.26,0,148508672,1,97.58,0.00,2339261440,1024,1866052096
58.9699,2287845376,1594.6100,3199.14,0,148508672,1,99.08,0.00,2339261440,1024,1866052096
59.0776,2287845376,1597.9500,3101.50,0,148508672,1,93.73,0.00,2339257344,1024,1866191360
59.1822,2287845376,1601.1800,3087.89,0,148508672,1,95.90,0.00,2339257344,1024,1866387968
59.2866,2287845376,1604.4000,3083.63,0,148508672,1,97.56,0.00,2339257344,1024,1866387968
59.3912,2287845376,1607.6200,3079.07,0,148508672,1,94.73,0.00,2339257344,1024,1866387968
59.4962,2287845376,1610.8500,3077.30,0,148508672,1,100.63,0.00,2339261440,1024,1866387968
59.6041,2287845376,1614.1900,3093.71,0,148508672,1,97.55,0.00,2339261440,1024,1866387968
59.7093,2287845376,1617.5400,3184.65,0,148508672,1,94.17,0.00,2339261440,1024,1866387968
59.8144,2287845376,1620.7700,3073.83,0,148508672,1,96.65,0.00,2339257344,1024,1866387968
59.9191,2287845376,1623.9900,3076.98,0,148508672,1,96.16,0.00,2339257344,1024,1866510848
60.0297,2287845376,1627.4600,3137.68,0,148508672,1,97.77,0.00,2339257344,1024,1866510848
60.1377,2287845376,1630.8100,3101.80,0,148508672,1,97.22,0.00,2339257344,1024,1866519040
60.2427,2287845376,1634.0300,3065.64,0,148508672,1,95.80,0.00,2339519488,1024,1866576384
60.3474,2287845376,1637.2500,3075.68,0,148508672,1,97.01,0.00,2339519488,1024,1866576384
60.4524,2287845376,1640.4500,3047.29,0,148508672,1,98.50,0.00,2339527680,1024,1866576384
60.5570,2287845376,1643.6700,3077.83,0,148508672,1,95.88,0.00,2339523584,1024,1866576384
60.6620,2287845376,1647.0100,3181.27,0,148508672,1,95.84,0.00,2339523584,1024,1866576384
60.7667,2287845376,1650.2300,3076.05,0,148508672,1,97.32,0.00,2339523584,1024,1866576384
60.8719,2287845376,1653.4600,3069.59,0,148508672,1,99.19,0.00,2339523584,1024,1866576384
60.9773,2287845376,1656.8000,3167.59,0,148508672,1,95.43,0.00,2339523584,1024,1866576384
61.0840,2287845376,1660.0000,3001.82,0,148508672,1,97.62,0.00,2339785728,1024,1866576384
61.1925,2287845376,1663.3400,3077.41,0,148508672,1,96.17,0.00,2339785728,1024,1866576384
61.2970,2287845376,1666.5700,3090.58,0,148508672,1,95.98,0.00,2339527680,1024,1866576384
61.4017,2287845376,1669.9200,3200.83,0,148508672,1,96.74,0.00,2339523584,1024,1866576384
61.5063,2287845376,1673.1400,3077.23,0,148508672,1,96.46,0.00,2339523584,1024,1866576384
61.6109,2287845376,1676.3600,3079.63,0,148508672,1,95.64,0.00,2339523584,1024,1866576384
61.7155,2287845376,1679.5800,3076.34,0,148508672,1,96.43,0.00,2339527680,1024,1866576384
61.8217,2287845376,1682.9300,3153.95,0,148508672,1,98.86,0.00,2339523584,1024,1866576384
61.9264,2287845376,1686.1100,3038.78,0,148508672,1,94.96,0.00,2339523584,1024,1870380032
62.0309,2287845376,1689.2300,2986.09,0,148508672,1,96.61,0.00,2339523584,1024,1870380032
62.1374,2287845376,1692.4700,3041.45,0,148508672,1,91.82,0.00,2339523584,1024,1870380032
62.2421,2287845376,1695.6300,3018.54,0,148508672,1,101.79,0.00,2339523584,1024,1870380032
62.3577,2287845376,1699.2200,3106.44,0,148508672,1,90.05,0.00,2339523584,1024,1870380032
62.4620,2287845376,1702.3400,2989.65,0,148508672,1,94.32,0.00,2339523584,1024,1870380032
62.5665,2287845376,1705.4900,3013.39,0,148508672,1,94.17,0.00,2339257344,1024,1870380032
62.6715,2287845376,1708.6600,3019.26,0,148508672,1,93.76,0.00,2339257344,1024,1870380032
62.7763,2287845376,1711.7800,2979.35,0,148508672,1,96.39,0.00,2339257344,1024,1870380032
62.8808,2287845376,1714.9000,2985.01,0,148508672,1,94.18,0.00,2339257344,1024,1870380032
62.9854,2287845376,1718.1400,3097.77,0,148508672,1,93.22,0.00,2339257344,1024,1870388224
63.0898,2287845376,1721.2600,2988.19,0,148508672,1,92.48,0.00,2339253248,1024,1870388224
63.1942,2287845376,1724.3800,2988.01,0,148508672,1,96.97,0.00,2339257344,1024,1870457856
63.3013,2287845376,1727.6100,3016.70,0,148508672,1,91.94,0.00,2339257344,1024,1870490624
63.4139,2292957184,1730.9800,2993.01,0,148508672,1,92.98,0.00,2343975936,1024,1870490624
63.5184,2292957184,1734.1000,2985.76,0,148508672,1,93.01,0.00,2343971840,1024,1870490624
63.6229,2292957184,1737.2200,2983.88,0,148508672,1,93.84,0.00,2343971840,1024,1870490624
63.7278,2292957184,1740.3400,2973.97,0,148508672,1,93.53,0.00,2343754752,1024,1870490624
63.8325,2292957184,1743.4600,2980.48,0,148508672,1,95.83,0.00,2343754752,1024,1870490624
63.9381,2292957184,1746.7000,3068.14,0,148508672,1,92.03,0.00,2343754752,1024,1870490624
64.0428,2292957184,1749.8200,2981.17,0,148508672,1,104.21,0.00,2343754752,1024,1870490624
64.1576,2292957184,1753.2700,3004.32,0,148508672,1,84.09,0.00,2343754752,1024,1870490624
64.2626,2292957184,1756.3900,2973.01,0,148508672,1,93.20,0.00,2343754752,1024,1870490624
64.3672,2292957184,1759.4600,2934.67,0,148508672,1,92.31,0.00,2343754752,1024,1870490624
64.4724,2292957184,1762.4700,2859.87,0,148508672,1,95.61,0.00,2343754752,1024,1870490624
64.5815,2292957184,1765.7900,3044.81,0,148508672,1,88.85,0.00,2343750656,1024,1870490624
64.6897,2292957184,1769.0300,2994.45,0,148508672,1,93.00,0.00,2343750656,1024,1870490624
64.7946,2292957184,1772.1500,2972.60,0,148508672,1,93.19,0.00,2343750656,1024,1870490624
64.8998,2292957184,1775.2700,2965.25,0,148508672,1,92.66,0.00,2343750656,1024,1870490624
65.0044,2292957184,1778.3900,2983.10,0,148508672,1,97.70,0.00,2343750656,1024,1870560256
65.1092,2292957184,1781.5100,2978.36,0,148508672,1,91.88,0.00,2343750656,1024,1870560256
65.2140,2292957184,1784.7300,3070.32,0,148508672,1,92.67,0.00,2344008704,1024,1870560256
65.3217,2292957184,1787.8600,2908.84,0,148508672,1,91.19,0.00,2344008704,1024,1870560256
65.4262,2292957184,1790.8800,2888.48,0,148508672,1,90.86,0.00,2344008704,1024,1870560256
65.5337,2292957184,1794.0100,2913.02,0,148508672,1,89.87,0.00,2344008704,1024,1870560256
65.6419,2292957184,1797.1400,2892.61,0,148508672,1,90.68,0.00,2344008704,1024,1870560256
65.7467,2292957184,1800.1600,2880.46,0,148508672,1,90.31,0.00,2343750656,1024,1870560256
65.8514,2292957184,1803.1800,2884.05,0,148508672,1,89.53,0.00,2343750656,1024,1870584832
65.9562,2292957184,1806.1900,2871.40,0,148508672,1,93.31,0.00,2343750656,1024,1870732288
66.0609,2292957184,1809.2100,2886.60,0,148508672,1,90.21,0.00,2343750656,1024,1870732288
66.1681,2292957184,1812.3400,2918.79,0,148508672,1,91.21,0.00,2344012800,1024,1870732288
66.2732,2292957184,1815.3500,2863.73,0,148508672,1,88.90,0.00,2344008704,1024,1870732288
66.3817,2292957184,1818.6000,2997.00,0,148508672,1,95.10,0.00,2344008704,1024,1870732288
66.4893,2292957184,1821.7300,2908.15,0,148508672,1,90.01,0.00,2343750656,1024,1870732288
66.5984,2292957184,1824.8600,2869.04,0,148508672,1,86.51,0.00,2343758848,1024,1870732288
66.7034,2292957184,1827.8700,2867.05,0,148508672,1,89.89,0.00,2343758848,1024,1870732288
66.8082,2297282560,1830.8900,2881.82,0,148508672,1,93.93,0.00,2348227584,1024,1870732288
66.9218,2297282560,1834.2500,2957.24,0,148508672,1,89.11,0.00,2348485632,1024,1870732288
67.0265,2297282560,1837.2700,2884.70,0,148508672,1,90.45,0.00,2348485632,1024,1870732288
67.1318,2297282560,1840.2800,2858.94,0,148508672,1,89.34,0.00,2348481536,1024,1872896512
67.2364,2297282560,1843.2900,2876.64,0,148508672,1,93.78,0.00,2348231680,1024,1872896512
67.3412,2297282560,1846.3100,2882.21,0,148508672,1,89.47,0.00,2348231680,1024,1872896512
67.4465,2297282560,1849.4400,2970.64,0,148508672,1,89.87,0.00,2348231680,1024,1872896512
67.5513,2297282560,1852.4600,2883.89,0,148508672,1,89.52,0.00,2348248064,1024,1872896512
67.6657,2297282560,1855.8200,2937.09,0,148508672,1,92.33,0.00,2348248064,1024,1872896512
67.7704,2297282560,1858.8400,2883.38,0,148508672,1,89.51,0.00,2348243968,1024,1872896512
67.8749,2297282560,1861.8500,2880.88,0,148508672,1,90.03,0.00,2348047360,1024,1872896512
67.9793,2297282560,1864.8700,2891.40,0,148508672,1,91.25,0.00,2348047360,1024,1872896512
68.0839,2301751296,1867.8800,2877.50,0,148508672,1,89.62,0.00,2352765952,1024,1872937472
68.1885,2301751296,1870.8700,2859.02,0,148508672,1,92.33,0.00,2352045056,1024,1872937472
68.2930,2306469888,1873.7800,2783.79,0,148508672,1,86.69,0.00,2356763648,1024,1873027584
68.3975,2306469888,1876.7900,2882.45,0,148508672,1,88.28,0.00,2356763648,1024,1873056256
68.5020,2306469888,1879.7100,2793.52,0,148508672,1,86.10,0.00,2356763648,1024,1873056256
68.6097,2306469888,1882.7300,2805.09,0,148508672,1,88.24,0.00,2356771840,1024,1873113600
68.7140,2306469888,1885.6400,2788.81,0,148508672,1,86.25,0.00,2356771840,1024,1873203712
68.8187,2306469888,1888.5500,2780.58,0,148508672,1,88.39,0.00,2356771840,1024,1873203712
68.9232,2306469888,1891.4600,2782.99,0,148508672,1,86.07,0.00,2356767744,1024,1873203712
69.0278,2306469888,1894.3700,2782.48,0,148508672,1,91.14,0.00,2356767744,1024,1873203712
69.1332,2306469888,1897.3800,2854.86,0,148508672,1,88.03,0.00,2356767744,1024,1873203712
69.2377,2306469888,1900.5100,2997.46,0,148508672,1,91.58,0.00,2357029888,1024,1873203712
69.3459,2306469888,1903.6400,2892.78,0,148508672,1,90.11,0.00,2357029888,1024,1873203712
69.4501,2306469888,1906.6600,2896.66,0,148508672,1,90.82,0.00,2357029888,1024,1873203712
69.5552,2306469888,1909.6800,2874.16,0,148508672,1,88.03,0.00,2357029888,1024,1873203712
69.6602,2306469888,1912.6900,2867.07,0,148508672,1,94.36,0.00,2357025792,1024,1873203712
69.7697,2306469888,1915.9300,2959.48,0,148508672,1,91.91,0.00,2356763648,1024,1873203712
69.8775,2306469888,1919.0600,2901.99,0,148508672,1,88.66,0.00,2357025792,1024,1873269248
69.9825,2306469888,1922.0800,2875.48,0,148508672,1,89.86,0.00,2357025792,1024,1873269248
70.0872,2306469888,1925.0900,2875.81,0,148508672,1,89.57,0.00,2357287936,1024,1873269248
70.1919,2306469888,1928.1100,2885.57,0,148508672,1,91.07,0.00,2357287936,1024,1873269248
70.2966,2306469888,1931.1200,2873.47,0,148508672,1,92.48,0.00,2357287936,1024,1873269248
70.4085,2306469888,1934.3700,2905.86,0,148508672,1,91.65,0.00,2357283840,1024,1873269248
70.5131,2306469888,1937.3900,2886.03,0,148508672,1,88.70,0.00,2357283840,1024,1873269248
70.6217,2306469888,1940.6300,2984.59,0,148508672,1,90.97,0.00,2357292032,1024,1873269248
70.7267,2306469888,1943.6500,2875.93,0,148508672,1,89.28,0.00,2357554176,1024,1873269248
70.8315,2306469888,1946.6400,2853.15,0,148508672,1,89.76,0.00,2357554176,1024,1873269248
70.9458,2306469888,1950.0000,2939.60,0,148508672,1,91.59,0.00,2357308416,1024,1873281536
71.0504,2306469888,1953.0800,2943.72,0,148508672,1,92.29,0.00,2357312512,1024,1873281536
71.1553,2306469888,1956.2000,2974.38,0,148508672,1,92.06,0.00,2357312512,1024,1873281536
71.2603,2306469888,1959.3100,2960.84,0,148508672,1,96.99,0.00,2357312512,1024,1873281536
71.3657,2306469888,1962.5600,3085.47,0,148508672,1,92.56,0.00,2357574656,1024,1873281536
71.4704,2306469888,1965.6800,2978.17,0,148508672,1,93.37,0.00,2357570560,1024,1873281536
71.5751,2306469888,1968.7200,2905.38,0,148508672,1,90.20,0.00,2357586944,1024,1873281536
71.6817,2306469888,1972.0200,3095.66,0,148508672,1,97.33,0.00,2357586944,1024,1873281536
71.7863,2306469888,1975.2400,3076.06,0,148508672,1,95.83,0.00,2358111232,1024,1873281536
71.8910,2306469888,1978.4700,3087.37,0,148508672,1,96.78,0.00,2358111232,1024,1873281536
71.9977,2306469888,1981.8100,3129.67,0,148508672,1,97.51,0.00,2358373376,1024,1873281536
72.1020,2306469888,1985.0300,3085.58,0,148508672,1,97.02,0.00,2358369280,1024,1873281536
72.2066,2306469888,1988.2600,3089.60,0,148508672,1,96.25,0.00,2358369280,1024,1876307968
72.3109,2306469888,1991.4800,3087.08,0,148508672,1,97.07,0.00,2358107136,1024,1876307968
72.4158,2306469888,1994.7100,3077.20,0,148508672,1,95.86,0.00,2357603328,1024,1876307968
72.5280,2306469888,1998.2700,3173.31,0,148508672,1,103.90,0.00,2357877760,1024,1876307968
72.6328,2306469888,2001.6000,3179.50,0,148508672,1,99.06,0.00,2357873664,1024,1876307968
72.7374,2306469888,2005.0500,3297.62,0,148508672,1,98.57,0.00,2357873664,1024,1876307968
72.8424,2306469888,2008.3800,3169.56,0,148508672,1,100.54,0.00,2357873664,1024,1876307968
72.9470,2306469888,2011.7000,3176.25,0,148508672,1,102.55,0.00,2358139904,1024,1876307968
73.0579,2306469888,2015.2900,3235.45,0,148508672,1,96.88,0.00,2357873664,1024,1876307968
73.1628,2306469888,2018.6100,3165.39,0,148508672,1,99.81,0.00,2358135808,1024,1876307968
73.2678,2306469888,2021.9400,3172.16,0,148508672,1,102.70,0.00,2357890048,1024,1876307968
73.3727,2306469888,2025.2700,3174.80,0,148508672,1,98.91,0.00,2357890048,33792,1876340736
73.4774,2306469888,2028.6400,3218.22,0,148508672,1,100.87,0.00,2357890048,33792,1876496384
73.5854,2306469888,2031.9900,3102.31,0,148508672,1,92.90,0.00,2357885952,33792,1876496384
73.6900,2306469888,2035.2100,3077.20,0,148508672,1,96.16,0.00,2357734400,33792,1876496384
73.7946,2306469888,2038.4300,3079.15,0,148508672,1,96.52,0.00,2357730304,33792,1876496384
73.9018,2306469888,2041.7800,3125.32,0,148508672,1,97.67,0.00,2357730304,33792,1876496384
74.0065,2306469888,2045.0000,3074.53,0,148508672,1,96.08,0.00,2357726208,33792,1876525056
74.1111,2306469888,2048.2300,3088.78,0,148508672,1,100.11,0.00,2357726208,33792,1876525056
74.2172,2306469888,2051.5700,3146.14,0,148508672,1,94.78,0.00,2357726208,33792,1876525056
74.3220,2293256192,2054.8100,3094.45,0,148508672,1,97.00,0.00,2345602048,33792,1876525056
74.4298,2292207616,2058.1500,3097.69,0,148508672,1,97.09,0.00,2345602048,33792,1876525056
74.5342,2292207616,2061.3800,3092.89,0,148508672,1,96.05,0.00,2345602048,33792,1876525056
74.6386,2292207616,2064.6000,3084.18,0,148508672,1,96.98,0.00,2345602048,33792,1876525056
74.7431,2296926208,2067.8200,3081.32,0,148508672,1,96.59,0.00,2350316544,33792,1876525056
74.8479,2296926208,2071.0400,3073.63,0,148508672,1,107.09,0.00,2350316544,33792,1876525056
74.9613,2296926208,2074.6400,3173.38,0,148508672,1,92.28,0.00,2350578688,33792,1876525056
75.0694,2296926208,2077.9800,3089.57,0,148508672,1,93.37,0.00,2350578688,33792,1876525056
75.1777,2296926208,2081.3300,3095.36,0,148508672,1,96.73,0.00,2350656512,33792,1876525056
75.2824,2296926208,2084.5600,3084.50,0,148508672,1,96.09,0.00,2350656512,33792,1876525056
75.3870,2296926208,2087.7800,3077.41,0,148508672,1,96.17,0.00,2350918656,33792,1876525056
75.4916,2296926208,2091.0000,3079.01,0,148508672,1,96.52,0.00,2351176704,33792,1876525056
75.5962,2296926208,2094.2300,3086.30,0,148508672,1,100.03,0.00,2351176704,33792,1876525056
75.7006,2296926208,2097.4500,3085.04,0,148508672,1,96.11,0.00,2351176704,33792,1876525056
75.8052,2296926208,2100.6700,3078.96,0,148508672,1,96.52,0.00,2351176704,33792,1876525056
75.9137,2296926208,2104.1400,3199.31,0,148508672,1,100.27,0.00,2351176704,33792,1876525056
76.0214,2296926208,2107.4900,3109.46,0,148508672,1,96.59,0.00,2351176704,33792,1876672512
76.1294,2296926208,2110.8400,3100.58,0,148508672,1,93.42,0.00,2351172608,33792,1876672512
76.2377,2296926208,2114.1900,3093.57,0,148508672,1,96.67,0.00,2351172608,33792,1876672512
76.3424,2296926208,2117.4100,3075.55,0,148508672,1,95.51,0.00,2351172608,33792,1876672512
76.4470,2296926208,2120.6300,3078.06,0,148508672,1,96.79,0.00,2351172608,33792,1876672512
76.5518,2296926208,2123.8600,3084.26,0,148508672,1,96.08,0.00,2350926848,33792,1877069824
76.6564,2296926208,2127.0500,3049.19,0,148508672,1,99.77,0.00,2350926848,33792,1877069824
76.7640,2296926208,2130.4000,3113.81,0,148508672,1,97.02,0.00,2350668800,33792,1877069824
76.8685,2301243392,2133.6200,3079.39,0,148508672,1,104.00,0.00,2355121152,33792,1877069824
76.9812,2301636608,2137.0900,3080.62,0,148508672,1,92.39,0.00,2355383296,33792,1877069824
77.0898,2301636608,2140.5500,3184.20,0,148508672,1,92.89,0.00,2355383296,33792,1877069824
77.1943,2301636608,2143.6700,2987.15,0,148508672,1,92.75,0.00,2355125248,33792,1877069824
77.2987,2301636608,2146.7900,2988.22,0,148508672,1,93.98,0.00,2355125248,33792,1880442368
77.4037,2301636608,2149.9100,2970.16,0,148508672,1,92.52,0.00,2355125248,33792,1880552960
77.5086,2301636608,2153.0300,2974.06,0,148508672,1,96.81,0.00,2355125248,33792,1880552960
77.6130,2301636608,2156.1500,2988.14,0,148508672,1,92.78,0.00,2355125248,33792,1880565248
77.7176,2301636608,2159.4800,3184.60,0,148508672,1,96.23,0.00,2355121152,33792,1880565248
77.8257,2301636608,2162.8300,3100.69,0,148508672,1,96.32,0.00,2355121152,33792,1880565248
77.9304,2301636608,2166.0500,3075.14,0,148508672,1,99.68,0.00,2355121152,33792,1880565248
78.0375,2301636608,2169.4000,3125.91,0,148508672,1,97.98,0.00,2355121152,33792,1880565248
78.1456,2301636608,2172.7200,3072.10,0,148508672,1,96.87,0.00,2355121152,33792,1880565248
78.2536,2301636608,2176.0700,3101.72,0,148508672,1,96.64,0.00,2355125248,33792,1880565248
78.3615,2301636608,2179.4100,3096.48,0,148508672,1,96.19,0.00,2355121152,33792,1880565248
78.4695,2301636608,2182.7600,3100.80,0,148508672,1,94.30,0.00,2355121152,33792,1880565248
78.5777,2301636608,2186.1000,3088.48,0,148508672,1,96.23,0.00,2355117056,33792,1880622592
78.6822,2301636608,2189.3300,3088.04,0,148508672,1,95.90,0.00,2355117056,33792,1880622592
78.7868,2301636608,2192.5500,3080.81,0,148508672,1,96.28,0.00,2355117056,33792,1880622592
78.8914,2301636608,2195.7700,3077.55,0,148508672,1,97.07,0.00,2355117056,33792,1880622592
78.9959,2301636608,2199.0000,3089.36,0,148508672,1,97.44,0.00,2355117056,33792,1880622592
79.1080,2301636608,2202.4700,3095.54,0,148508672,1,99.24,0.00,2355375104,33792,1880675840
79.2128,2301636608,2205.6900,3074.88,0,148508672,1,99.67,0.00,2355117056,33792,1880675840
79.3216,2301636608,2209.1000,3132.34,0,148508672,1,93.58,0.00,2355117056,33792,1880733184
79.4295,2301636608,2212.3300,2995.36,0,148508672,1,93.89,0.00,2355117056,33792,1880733184
79.5375,2301636608,2215.5700,2998.96,0,148508672,1,90.82,0.00,2355117056,33792,1880733184
79.6421,2301636608,2218.6900,2982.51,0,148508672,1,92.61,0.00,2355117056,33792,1880733184
79.7466,2301636608,2221.8100,2985.03,0,148508672,1,93.58,0.00,2355112960,33792,1880733184
79.8513,2301636608,2224.9400,2990.94,0,148508672,1,93.47,0.00,2355112960,33792,1880733184
79.9558,2301636608,2228.0600,2984.01,0,148508672,1,92.65,0.00,2355112960,33792,1880733184
80.0605,2301636608,2231.1800,2981.25,0,148508672,1,96.45,0.00,2355112960,33792,1880733184
80.1651,2301636608,2234.2900,2972.73,0,148508672,1,93.79,0.00,2355112960,33792,1880733184
80.2697,2301636608,2237.5300,3097.21,0,148508672,1,93.50,0.00,2355112960,33792,1880733184
80.3777,2301636608,2240.7700,2999.53,0,148508672,1,93.74,0.00,2355112960,33792,1880733184
80.4822,2301636608,2243.8900,2985.96,0,148508672,1,92.41,0.00,2355108864,33792,1880733184
80.5897,2301636608,2247.1300,3015.93,0,148508672,1,95.12,0.00,2355108864,33792,1880733184
80.7019,2301636608,2250.4800,2984.90,0,148508672,1,92.72,0.00,2355108864,33792,1880733184
80.8063,2301636608,2253.6000,2987.86,0,148508672,1,94.27,0.00,2355108864,33792,1880733184
80.9114,2301636608,2256.7200,2970.09,0,148508672,1,92.82,0.00,2355108864,33792,1880733184
81.0163,2301636608,2259.8400,2973.21,0,148508672,1,96.49,0.00,2355108864,33792,1880733184
81.1208,2301636608,2262.9600,2985.17,0,148508672,1,92.39,0.00,2355108864,33792,1880733184
81.2260,2301636608,2266.2000,3080.88,0,148508672,1,93.60,0.00,2355366912,33792,1880733184
81.3312,2301636608,2269.3200,2965.21,0,148508672,1,92.66,0.00,2355366912,33792,1880733184
81.4377,2301636608,2272.5500,3033.97,0,148508672,1,95.11,0.00,2355366912,33792,1880757760
81.5499,2301636608,2275.9100,2994.59,0,148508672,1,93.86,0.00,2355375104,33792,1880757760
81.6554,2301636608,2279.0300,2956.72,0,148508672,1,92.10,0.00,2355375104,33792,1880757760
81.7597,2301636608,2282.1500,2991.75,0,148508672,1,93.49,0.00,2355375104,33792,1880757760
81.8644,2301636608,2285.2700,2979.83,0,148508672,1,96.70,0.00,2355379200,33792,1880757760
81.9689,2301636608,2288.4700,3060.91,0,148508672,1,99.54,0.00,2355637248,33792,1880757760
82.0773,2301636608,2291.9300,3191.62,0,148508672,1,92.82,0.00,2355637248,33792,1880757760
82.1857,2301636608,2295.2800,3092.48,0,148508672,1,96.64,0.00,2355637248,33792,1880757760
82.2904,2301636608,2298.5100,3084.80,0,148508672,1,96.10,0.00,2355637248,33792,1880757760
82.4058,2301636608,2302.0600,3076.51,0,148508672,1,96.41,0.00,2355637248,33792,1883168256
82.5102,2301636608,2305.2900,3092.60,0,148508672,1,96.64,0.00,2355637248,33792,1883168256
82.6151,2301636608,2308.5000,3060.81,0,148508672,1,95.65,0.00,2355637248,33792,1883168256
82.7297,2301636608,2312.0900,3132.73,0,148508672,1,97.90,0.00,2355637248,33792,1883168256
82.8343,2301636608,2315.2600,3030.12,0,148508672,1,94.39,0.00,2355637248,33792,1883168256
82.9392,2301636608,2318.3800,2974.47,0,148508672,1,93.25,0.00,2355637248,33792,1883168256
83.0442,2301636608,2321.5500,3019.36,0,148508672,1,97.93,0.00,2355637248,33792,1883168256
83.1488,2301636608,2324.7600,3068.02,0,148508672,1,95.88,0.00,2355637248,33792,1883217408
83.2534,2301636608,2327.9900,3086.80,0,148508672,1,93.18,0.00,2355637248,33792,1883217408
83.3581,2301636608,2331.1100,2980.04,0,148508672,1,93.13,0.00,2355637248,33792,1883250176
83.4627,2301636608,2334.1400,2897.25,0,148508672,1,97.41,0.00,2355633152,33792,1883250176
83.5735,2301636608,2337.4900,3022.51,0,148508672,1,87.97,0.00,2355633152,33792,1883250176
83.6783,2301636608,2340.6100,2977.15,0,148508672,1,93.33,0.00,2355633152,33792,1883250176
83.7837,2301636608,2343.7300,2961.81,0,148508672,1,91.96,0.00,2355633152,33792,1883250176
83.8885,2301636608,2346.8500,2977.87,0,148508672,1,97.23,0.00,2355633152,33792,1883250176
83.9932,2301636608,2350.0900,3093.95,0,148508672,1,92.81,0.00,2355633152,33792,1883250176
84.0982,2301636608,2353.2100,2969.51,0,148508672,1,96.07,0.00,2355633152,33792,1883250176
84.2054,2301636608,2356.4500,3024.94,0,148508672,1,91.03,0.00,2355366912,33792,1883250176
84.3103,2301636608,2359.5700,2973.60,0,148508672,1,93.22,0.00,2355366912,33792,1883250176
84.4177,2301636608,2362.8100,3017.41,0,148508672,1,94.29,0.00,2355629056,33792,1883250176
84.5224,2301636608,2365.9200,2969.49,0,148508672,1,92.50,0.00,2355366912,33792,1883250176
84.6271,2301636608,2369.0400,2979.68,0,148508672,1,93.41,0.00,2355366912,33792,1883250176
84.7319,2301636608,2372.1600,2975.78,0,148508672,1,96.87,0.00,2355366912,33792,1883250176
84.8457,2301636608,2375.6400,3057.80,0,148508672,1,91.99,0.00,2355366912,33792,1883250176
84.9505,2301636608,2378.7600,2977.72,0,148508672,1,93.35,0.00,2355366912,33792,1883250176
85.0554,2301636608,2381.8800,2976.19,0,148508672,1,93.01,0.00,2355362816,33792,1883250176
85.1605,2301636608,2385.0000,2966.43,0,148508672,1,95.67,0.00,2355362816,33792,1883250176
85.2652,2301636608,2388.2400,3094.54,0,148508672,1,97.60,0.00,2355362816,33792,1883250176
85.3804,2301636608,2391.6000,2917.04,0,148508672,1,90.61,0.00,2355362816,33792,1883250176
85.4851,2301636608,2394.8300,3084.66,0,148508672,1,93.11,0.00,2355362816,33792,1883250176
85.5901,2301636608,2397.9500,2972.77,0,148508672,1,93.20,0.00,2355362816,33792,1883250176
85.6955,2301636608,2401.0700,2959.56,0,148508672,1,92.49,0.00,2355358720,33792,1883319808
85.8003,2301636608,2404.1900,2976.53,0,148508672,1,96.30,0.00,2355358720,33792,1883319808
85.9059,2301636608,2407.4300,3067.73,0,148508672,1,92.32,0.00,2355358720,33792,1883319808
86.0137,2301636608,2410.6000,2943.02,0,148508672,1,92.55,0.00,2355330048,33792,1883471360
86.1189,2301636608,2413.7200,2965.63,0,148508672,1,92.97,0.00,2355330048,33792,1883471360
86.2239,2301636608,2416.8400,2970.16,0,148508672,1,92.82,0.00,2355330048,33792,1883471360
86.3285,2301636608,2419.9600,2981.69,0,148508672,1,97.36,0.00,2355330048,33792,1883471360
86.4360,2301636608,2423.2000,3016.12,0,148508672,1,93.96,0.00,2355325952,33792,1883471360
86.5405,2301636608,2426.3200,2983.86,0,148508672,1,92.95,0.00,2355325952,33792,1883471360
86.6458,2301636608,2429.5500,3069.11,0,148508672,1,92.64,0.00,2355325952,33792,1883471360
86.7503,2301636608,2432.6700,2985.45,0,148508672,1,97.18,0.00,2355325952,33792,1883471360
86.8575,2301636608,2435.9100,3022.98,0,148508672,1,90.97,0.00,2355325952,33792,1883471360
86.9624,2301636608,2439.0300,2972.74,0,148508672,1,92.90,0.00,2355325952,33792,1883471360
87.0675,2301636608,2442.1500,2967.90,0,148508672,1,92.45,0.00,2355325952,33792,1883610624
87.1777,2301636608,2445.5100,3051.25,0,148508672,1,95.35,0.00,2355846144,33792,1883610624
87.2857,2301636608,2448.7400,2990.77,0,148508672,1,93.75,0.00,2357578752,33792,1883672064
87.3903,2301636608,2451.8000,2923.60,0,148508672,1,92.26,0.00,2357316608,33792,1883672064
87.4951,2301636608,2454.9200,2976.63,0,148508672,1,93.02,0.00,2357074944,33792,1883672064
87.6059,2301636608,2458.3700,3115.51,0,148508672,1,97.64,0.00,2357075968,33792,1887184384
87.7112,2301636608,2461.5900,3056.15,0,148508672,1,95.80,0.00,2357022720,33792,1887184384
87.8160,2301636608,2464.8000,3064.55,0,148508672,1,102.93,0.00,2357022720,33792,1887184384
87.9261,2301636608,2468.2700,3149.78,0,148508672,1,91.34,0.00,2357022720,33792,1887184384
88.0310,2301636608,2471.4900,3072.39,0,148508672,1,96.31,0.00,2357022720,33792,1887184384
88.1360,2301636608,2474.7100,3065.90,0,148508672,1,99.08,0.00,2357018624,33792,1887184384
88.2407,2301636608,2477.9400,3083.36,0,148508672,1,96.65,0.00,2357018624,33792,1887241728
88.3525,2301636608,2481.4100,3105.72,0,148508672,1,97.05,0.00,2357018624,33792,1887241728
88.4570,2301636608,2484.6300,3080.86,0,148508672,1,100.16,0.00,2357018624,33792,1887241728
88.5655,2301636608,2488.1000,3197.68,0,148508672,1,96.76,0.00,2357018624,33792,1887307264
88.6741,2301636608,2491.4500,3084.65,0,148508672,1,92.37,0.00,2357018624,33792,1887307264
88.7786,2301636608,2494.6700,3082.14,0,148508672,1,96.32,0.00,2357018624,33792,1887364608
88.8833,2301636608,2497.9000,3084.88,0,148508672,1,96.40,0.00,2357014528,33792,1887364608
88.9882,2301636608,2501.1200,3070.18,0,148508672,1,100.11,0.00,2357014528,33792,1887364608
89.0929,2301636608,2504.3400,3075.54,0,148508672,1,95.81,0.00,2357014528,33792,1887364608
89.1975,2301636608,2507.6900,3201.56,0,148508672,1,100.05,0.00,2357276672,33792,1887364608
89.3055,2301636608,2511.0300,3092.02,0,148508672,1,97.20,0.00,2357276672,33792,1887364608
89.4140,2301636608,2514.3800,3086.90,0,148508672,1,92.72,0.00,2357276672,33792,1887364608
89.5217,2301636608,2517.7300,3112.76,0,148508672,1,96.98,0.00,2357276672,33792,1887528448
89.6269,2301636608,2520.9600,3068.79,0,148508672,1,95.90,0.00,2357272576,33792,1887528448
89.7319,2301636608,2524.1800,3065.82,0,148508672,1,99.67,0.00,2357014528,33792,1887528448
89.8367,2301636608,2527.4100,3083.91,0,148508672,1,95.78,0.00,2357014528,33792,1887528448
89.9413,2301636608,2530.7500,3192.36,0,148508672,1,96.48,0.00,2357014528,33792,1887528448
90.0459,2301636608,2533.9800,3087.18,0,148508672,1,95.88,0.00,2357014528,33792,1887528448
90.1506,2301636608,2537.2000,3076.17,0,148508672,1,97.03,0.00,2357014528,33792,1887528448
90.2555,2301636608,2540.4200,3070.08,0,148508672,1,98.92,0.00,2357272576,33792,1887528448
90.3617,2301636608,2543.7600,3145.71,0,148508672,1,95.07,0.00,2357272576,33792,1887528448
90.4663,2301636608,2546.9600,3057.14,0,148508672,1,95.54,0.00,2357534720,33792,1887528448
90.5709,2301636608,2550.0900,2994.06,0,148508672,1,93.27,0.00,2357534720,33792,1887528448
90.6777,2301636608,2553.4200,3118.45,0,148508672,1,97.16,0.00,2357276672,33792,1887528448
90.7827,2301636608,2556.5600,2990.27,0,148508672,1,93.45,0.00,2357276672,33792,1887528448
90.8925,2301636608,2559.8000,2949.26,0,148508672,1,95.86,0.00,2357276672,33792,1887528448
90.9974,2301636608,2563.0300,3081.18,0,148508672,1,92.71,0.00,2357014528,33792,1887528448
91.1024,2301636608,2566.1500,2971.39,0,148508672,1,92.86,0.00,2357010432,33792,1887528448
91.2077,2301636608,2569.2700,2962.82,0,148508672,1,92.88,0.00,2356760576,33792,1887528448
91.3160,2301636608,2572.5100,2991.43,0,148508672,1,96.94,0.00,2356760576,33792,1887528448
91.4208,2301636608,2575.6300,2976.01,0,148508672,1,93.00,0.00,2357022720,33792,1887528448
91.5262,2301636608,2578.8600,3063.76,0,148508672,1,92.48,0.00,2357284864,33792,1887528448
91.6338,2301636608,2582.1000,3012.40,0,148508672,1,94.14,0.00,2357284864,33792,1887528448
91.7387,2301636608,2585.2200,2973.68,0,148508672,1,92.03,0.00,2357022720,33792,1887602176
91.8440,2301636608,2588.3400,2963.76,0,148508672,1,96.48,0.00,2357022720,33792,1887602176
91.9525,2301636608,2591.5800,2984.52,0,148508672,1,93.84,0.00,2357022720,33792,1887602176
92.0571,2301636608,2594.8200,3098.14,0,148508672,1,92.93,0.00,2357022720,33792,1887602176
92.1622,2301636608,2597.9400,2969.19,0,148508672,1,92.79,0.00,2357018624,33792,1887602176
92.2698,2301636608,2601.1800,3011.50,0,148508672,1,93.82,0.00,2357018624,33792,1887602176
92.3748,2301636608,2604.3000,2970.40,0,148508672,1,93.72,0.00,2357018624,33792,1887602176
92.4797,2301636608,2607.4200,2973.67,0,148508672,1,95.91,0.00,2357018624,33792,1887602176
92.5854,2301636608,2610.6600,3065.56,0,148508672,1,95.80,0.00,2357014528,33792,1887602176
92.6942,2301636608,2613.9100,2986.98,0,148508672,1,90.76,0.00,2356756480,33792,1890958336
92.7992,2301636608,2617.1400,3077.77,0,148508672,1,95.29,0.00,2356756480,33792,1890958336
92.9047,2301636608,2620.3600,3050.58,0,148508672,1,99.48,0.00,2356756480,33792,1890958336
93.0096,2301636608,2623.7100,3194.52,0,148508672,1,100.13,0.00,2357018624,33792,1890958336
93.1177,2301636608,2627.0500,3091.07,0,148508672,1,92.84,0.00,2357018624,33792,1890958336
93.2231,2301636608,2630.1700,2958.77,0,148508672,1,96.31,0.00,2357276672,33792,1890987008
93.3294,2301636608,2633.5100,3142.26,0,148508672,1,94.96,0.00,2357272576,33792,1891023872
93.4377,2301636608,2636.8600,3094.58,0,148508672,1,96.13,0.00,2357272576,33792,1891023872
93.5427,2301636608,2640.0900,3076.14,0,148508672,1,96.13,0.00,2357272576,33792,1891023872
93.6482,2301636608,2643.3100,3050.30,0,148508672,1,99.76,0.00,2357268480,33792,1891044352
93.7530,2301636608,2646.5400,3081.88,0,148508672,1,99.29,0.00,2357272576,33792,1891044352
93.8616,2301636608,2650.0100,3195.92,0,148508672,1,92.39,0.00,2357010432,33792,1891044352
93.9674,2301636608,2653.2300,3044.08,0,148508672,1,96.01,0.00,2357010432,33792,1891044352
94.0723,2301636608,2656.4500,3069.68,0,148508672,1,100.10,0.00,2357006336,33792,1891044352
94.1773,2301636608,2659.8000,3189.58,0,148508672,1,98.48,0.00,2356977664,33792,1891044352
94.2860,2301636608,2663.1400,3073.50,0,148508672,1,93.46,0.00,2356977664,33792,1891044352
94.3909,2301636608,2666.3700,3077.61,0,148508672,1,95.58,0.00,2356977664,33792,1891044352
94.4959,2301636608,2669.5900,3068.31,0,148508672,1,99.46,0.00,2356977664,33792,1891044352
94.6040,2301636608,2672.9400,3098.34,0,148508672,1,97.11,0.00,2356977664,33792,1891044352
94.7090,2301636608,2676.1600,3065.52,0,148508672,1,95.80,0.00,2356977664,33792,1891101696
94.8144,2301636608,2679.5000,3169.67,0,148508672,1,95.79,0.00,2356973568,33792,1891101696
94.9203,2301636608,2682.7300,3049.09,0,148508672,1,98.23,0.00,2356973568,33792,1891101696
95.0287,2301636608,2686.0800,3092.26,0,148508672,1,96.92,0.00,2356973568,33792,1891101696
95.1340,2301636608,2689.4200,3170.43,0,148508672,1,96.11,0.00,2356973568,33792,1891101696
95.2392,2301636608,2692.6500,3071.88,0,148508672,1,98.67,0.00,2356973568,33792,1891101696
95.3460,2301636608,2695.9900,3125.54,0,148508672,1,94.75,0.00,2356973568,33792,1891101696
95.4538,2301636608,2699.3400,3108.95,0,148508672,1,97.44,0.00,2356969472,33792,1891101696
95.5587,2301636608,2702.5700,3079.61,0,148508672,1,95.64,0.00,2356723712,33792,1891101696
95.6642,2301636608,2705.7900,3049.90,0,148508672,1,99.16,0.00,2356723712,33792,1891101696
95.7738,2301636608,2709.2600,3167.92,0,148508672,1,95.86,0.00,2356723712,33792,1891101696
95.8793,2301636608,2712.4800,3052.56,0,148508672,1,95.10,0.00,2356723712,33792,1891101696
95.9841,2301636608,2715.7100,3081.54,0,148508672,1,99.88,0.00,2356723712,33792,1891249152
96.0891,2301636608,2719.0500,3180.94,0,148508672,1,95.83,0.00,2356723712,33792,1891249152
96.1942,2301636608,2722.2700,3062.02,0,148508672,1,99.55,0.00,2356981760,33792,1891249152
96.3016,2301636608,2725.6100,3111.29,0,148508672,1,93.73,0.00,2356985856,33792,1891249152
96.4066,2301636608,2728.8400,3074.63,0,148508672,1,96.08,0.00,2356985856,33792,1891249152
96.5137,2301636608,2732.1800,3121.36,0,148508672,1,98.13,0.00,2356985856,33792,1891249152
96.6190,2301636608,2735.4100,3064.67,0,148508672,1,94.88,0.00,2356985856,33792,1891249152
96.7257,2301636608,2738.7500,3133.03,0,148508672,1,98.49,0.00,2356985856,33792,1891249152
96.8311,2301636608,2741.9800,3064.57,0,148508672,1,95.17,0.00,2356985856,33792,1891249152
96.9405,2301636608,2745.3200,3052.12,0,148508672,1,99.66,0.00,2356731904,33792,1891568640
97.0454,2301636608,2748.6700,3191.91,0,148508672,1,96.17,0.00,2356731904,33792,1891568640
97.1508,2301636608,2751.8900,3056.25,0,148508672,1,94.91,0.00,2356731904,33792,1891568640
97.2556,2301636608,2755.1200,3081.70,0,148508672,1,96.90,0.00,2356731904,33792,1891568640
97.3606,2301636608,2758.3400,3065.76,0,148508672,1,103.24,0.00,2356731904,33792,1891568640
97.4695,2301636608,2761.8100,3186.31,0,148508672,1,92.11,0.00,2356731904,33792,1891593216
97.5744,2301636608,2765.0300,3070.97,0,148508672,1,96.86,0.00,2356731904,33792,1891593216
97.6798,2301636608,2768.2600,3063.47,0,148508672,1,94.55,0.00,2356727808,33792,1891593216
97.7844,2301636608,2771.4800,3077.97,0,148508672,1,100.97,0.00,2356727808,33792,1895168000
97.8927,2301636608,2774.8300,3095.90,0,148508672,1,96.75,0.00,2356727808,33792,1895168000
97.9978,2301636608,2778.1700,3176.58,0,148508672,1,95.11,0.00,2356727808,33792,1895168000
98.1027,2301636608,2781.4000,3079.21,0,148508672,1,100.40,0.00,2356727808,33792,1895208960
98.2098,2301636608,2784.7400,3118.99,0,148508672,1,93.09,0.00,2356727808,33792,1895208960
98.3148,2301636608,2787.9600,3065.87,0,148508672,1,99.68,0.00,2356727808,33792,1895208960
98.4216,2301636608,2791.3100,3137.21,0,148508672,1,94.53,0.00,2356723712,33792,1895208960
98.5263,2301636608,2794.5300,3074.97,0,148508672,1,99.67,0.00,2356985856,33792,1895208960
98.6337,2301636608,2797.8800,3120.44,0,148508672,1,94.60,0.00,2356985856,33792,1895208960
98.7390,2301636608,2801.1000,3055.50,0,148508672,1,94.89,0.00,2356985856,33792,1895208960
98.8458,2301636608,2804.4500,3138.67,0,148508672,1,98.67,0.00,2356736000,33792,1895208960
98.9508,2301636608,2807.6800,3075.66,0,148508672,1,94.92,0.00,2356736000,33792,1895208960
99.0561,2301636608,2810.9000,3057.02,0,148508672,1,99.39,0.00,2356731904,33792,1895208960
99.1658,2301636608,2814.3700,3164.57,0,148508672,1,96.04,0.00,2356994048,33792,1895229440
99.2706,2301636608,2817.5900,3071.57,0,148508672,1,95.39,0.00,2356994048,33792,1895229440
99.3755,2301636608,2820.8200,3080.90,0,148508672,1,97.17,0.00,2356994048,33792,1895245824
99.4801,2301636608,2824.0400,3076.01,0,148508672,1,99.11,0.00,2356994048,33792,1895245824
99.5850,2301636608,2827.2600,3071.84,0,148508672,1,96.59,0.00,2356994048,33792,1895245824
99.6937,2301636608,2830.7300,3189.66,0,148508672,1,96.52,0.00,2356736000,33792,1895315456
99.7991,2301636608,2833.9600,3066.44,0,148508672,1,94.64,0.00,2356736000,33792,1895352320
99.9038,2301636608,2837.1800,3075.54,0,148508672,1,96.71,0.00,2356736000,33792,1895352320
100.0088,2301636608,2840.4000,3066.48,0,148508672,1,99.10,0.00,2356731904,33792,1895352320
100.1141,2301636608,2843.7500,3181.52,0,148508672,1,96.75,0.00,2356731904,33792,1895409664
100.2218,2301636608,2847.0900,3101.07,0,148508672,1,96.33,0.00,2356731904,33792,1895409664
100.3266,2301636608,2850.3200,3080.97,0,148508672,1,96.58,0.00,2356731904,33792,1895409664
100.4315,2301636608,2853.5400,3070.94,0,148508672,1,95.37,0.00,2356731904,33792,1895409664
100.5377,2301636608,2856.8900,3152.31,0,148508672,1,98.51,0.00,2356727808,33792,1895409664
100.6429,2301636608,2860.1100,3062.08,0,148508672,1,100.15,0.00,2356727808,33792,1895409664
100.7495,2301636608,2863.4600,3142.25,0,148508672,1,93.80,0.00,2356727808,33792,1895409664
100.8549,2301636608,2866.6800,3054.98,0,148508672,1,99.32,0.00,2356727808,33792,1895409664
100.9619,2301636608,2870.0300,3132.24,0,148508672,1,94.38,0.00,2356727808,33792,1895409664
101.0697,2301636608,2873.3700,3096.12,0,148508672,1,96.75,0.00,2356727808,33792,1895462912
101.1751,2301636608,2876.6000,3065.83,0,148508672,1,96.70,0.00,2356727808,33792,1895462912
101.2799,2301636608,2879.8200,3071.53,0,148508672,1,98.97,0.00,2356482048,33792,1895462912
101.3848,2301636608,2883.0400,3069.93,0,148508672,1,99.51,0.00,2356482048,33792,1895462912
101.4934,2301636608,2886.5100,3195.01,0,148508672,1,93.80,0.00,2356482048,33792,1895462912
101.5983,2301636608,2889.7400,3081.12,0,148508672,1,95.09,0.00,2356482048,33792,1895462912
101.7034,2301636608,2892.9600,3062.24,0,148508672,1,95.99,0.00,2356482048,33792,1895462912
101.8098,2301636608,2896.3000,3140.07,0,148508672,1,98.13,0.00,2356482048,33792,1895462912
101.9152,2301636608,2899.5200,3055.31,0,148508672,1,96.96,0.00,2356482048,33792,1895462912
102.0240,2301636608,2902.8700,3079.24,0,148508672,1,99.10,0.00,2356477952,33792,1895462912
102.1291,2301636608,2906.2100,3175.84,0,148508672,1,100.14,0.00,2356477952,33792,1895462912
102.2377,2301636608,2909.5700,3093.79,0,148508672,1,91.21,0.00,2356477952,33792,1895462912
102.3426,2301636608,2912.7900,3069.29,0,148508672,1,96.51,0.00,2356477952,33792,1895462912
102.4477,2301636608,2916.0100,3066.59,0,148508672,1,96.72,0.00,2356477952,33792,1895462912
102.5527,2301636608,2919.2400,3074.50,0,148508672,1,102.03,0.00,2356477952,33792,1895475200
102.6623,2301636608,2922.7100,3167.07,0,148508672,1,92.41,0.00,2356477952,33792,1895475200
102.7670,2301636608,2925.9300,3073.27,0,148508672,1,96.93,0.00,2356228096,33792,1895475200
102.8726,2301636608,2929.1500,3051.25,0,148508672,1,99.79,0.00,2356228096,33792,1897596928
102.9780,2301636608,2932.5000,3177.47,0,148508672,1,98.11,0.00,2356228096,33792,1898506240
103.0859,2301636608,2935.8500,3103.62,0,148508672,1,94.09,0.00,2356228096,33792,1898506240
103.1911,2301636608,2939.0700,3063.07,0,148508672,1,94.23,0.00,2356490240,33792,1898506240
103.2978,2301636608,2942.4100,3129.81,0,148508672,1,98.10,0.00,2356490240,33792,1898543104
103.4045,2301636608,2945.6400,3027.59,0,148508672,1,99.59,0.00,2356486144,33792,1898543104
103.5137,2301636608,2949.0800,3148.03,0,148508672,1,95.23,0.00,2356486144,33792,1898543104
103.6189,2301636608,2952.3000,3061.90,0,148508672,1,93.90,0.00,2356486144,33792,1898543104
103.7247,2301636608,2955.5200,3044.66,0,148508672,1,100.46,0.00,2356486144,33792,1898543104
103.8302,2301636608,2958.8700,3175.80,0,148508672,1,99.54,0.00,2356486144,33792,1898543104
103.9377,2301636608,2962.2100,3104.73,0,148508672,1,91.79,0.00,2356224000,33792,1898543104
104.0431,2306240512,2965.4400,3065.50,0,148508672,1,96.09,0.00,2361204736,33792,1898543104
104.1538,2306240512,2968.9100,3134.98,0,148508672,1,99.10,0.00,2361204736,33792,1898543104
104.2588,2306240512,2972.1300,3067.03,0,148508672,1,94.36,0.00,2361200640,33792,1898543104
104.3639,2306240512,2975.3500,3062.09,0,148508672,1,101.04,0.00,2360942592,33792,1898543104
104.4692,2306240512,2978.7000,3183.62,0,148508672,1,94.44,0.00,2360942592,33792,1898543104
104.5749,2306240512,2981.9200,3045.18,0,148508672,1,96.94,0.00,2360942592,33792,1898543104
104.6799,2306240512,2985.1500,3075.58,0,148508672,1,98.49,0.00,2360942592,33792,1898543104
104.7857,2306240512,2988.4800,3146.98,0,148508672,1,98.05,0.00,2360954880,33792,1898543104
104.8946,2306240512,2991.8300,3075.97,0,148508672,1,94.12,0.00,2360950784,33792,1898543104
104.9993,2306240512,2995.0600,3087.60,0,148508672,1,94.70,0.00,2360950784,33792,1898543104
105.1049,2306240512,2998.2800,3047.38,0,148508672,1,102.62,0.00,2360950784,33792,1898543104
105.2138,2306240512,3001.7500,3186.98,0,148508672,1,94.14,0.00,2360950784,33792,1898543104
105.3190,2310959104,3004.9700,3059.44,0,148508672,1,94.12,0.00,2366193664,33792,1898543104
105.4242,2310959104,3008.2400,3110.91,0,148508672,1,102.57,0.00,2366193664,33792,1898543104
105.5338,2310959104,3011.7500,3201.87,0,148508672,1,96.64,0.00,2366455808,33792,1898543104
105.6396,2310959104,3014.9700,3043.67,0,148508672,1,94.23,0.00,2365947904,33792,1898543104
105.7447,2310959104,3018.2000,3072.79,0,148508672,1,100.78,0.00,2365943808,33792,1898543104
105.8503,2310959104,3021.5400,3162.86,0,148508672,1,93.81,0.00,2365943808,33792,1898543104
105.9578,2310959104,3024.8900,3115.75,0,148508672,1,97.66,0.00,2365943808,33792,1898608640
106.0639,2310959104,3028.1100,3035.03,0,148508672,1,99.85,0.00,2365943808,33792,1898694656
106.1738,2310959104,3031.5800,3157.87,0,148508672,1,94.99,0.00,2365943808,33792,1898694656
106.2791,2310959104,3034.8100,3067.01,0,148508672,1,94.95,0.00,2365943808,33792,1898694656
106.3844,2310959104,3038.0300,3056.69,0,148508672,1,100.56,0.00,2366464000,33792,1898694656
106.4900,2310959104,3041.3800,3173.69,0,148508672,1,93.85,0.00,2365968384,33792,1898694656
106.5977,2310959104,3044.7000,3084.02,0,148508672,1,96.67,0.00,2365968384,33792,1898694656
106.7026,2310959104,3047.9200,3068.40,0,148508672,1,95.89,0.00,2365968384,33792,1898694656
106.8116,2310959104,3051.2700,3071.96,0,148508672,1,100.30,0.00,2365968384,33792,1898694656
106.9170,2310959104,3054.4900,3055.42,0,148508672,1,94.59,0.00,2365968384,33792,1898694656
107.0232,2310959104,3057.8400,3156.29,0,148508672,1,95.10,0.00,2365964288,33792,1899128832
107.1285,2310959104,3061.0600,3057.67,0,148508672,1,99.11,0.00,2365964288,33792,1899128832
107.2361,2310959104,3064.4100,3111.78,0,148508672,1,97.24,0.00,2365964288,33792,1899128832
107.3420,2310959104,3067.7500,3156.00,0,148508672,1,95.38,0.00,2365964288,33792,1899128832
107.4498,2310959104,3071.1000,3106.95,0,148508672,1,96.80,0.00,2365964288,33792,1899128832
107.5551,2310959104,3074.3200,3058.32,0,148508672,1,97.06,0.00,2365964288,33792,1899128832
107.6618,2315677696,3077.6600,3130.05,0,148508672,1,96.94,0.00,2370682880,33792,1899128832
107.7675,2315677696,3080.8900,3054.67,0,148508672,1,98.71,0.00,2370682880,33792,1899128832
107.8736,2315677696,3084.2700,3185.48,0,148508672,1,97.48,0.00,2370736128,33792,1899128832
107.9818,2315677696,3087.6200,3097.27,0,148508672,1,95.34,0.00,2370736128,33792,1899128832
108.0871,2315677696,3090.8400,3057.14,0,148508672,1,97.32,0.00,2370736128,33792,1901642752
108.1924,2315677696,3094.0600,3059.32,0,148508672,1,99.17,0.00,2370736128,33792,1901642752
108.3008,2315677696,3097.4100,3090.61,0,148508672,1,95.14,0.00,2370736128,33792,1901642752
108.4059,2315677696,3100.7600,3185.24,0,148508672,1,97.46,0.00,2370736128,33792,1901642752
108.5111,2315677696,3103.9800,3060.95,0,148508672,1,99.22,0.00,2370732032,33792,1901696000
108.6180,2315677696,3107.3200,3126.24,0,148508672,1,93.31,0.00,2370732032,33792,1901696000
108.7237,2315677696,3110.5500,3053.70,0,148508672,1,100.16,0.00,2370732032,33792,1901696000
108.8338,2315677696,3114.0200,3153.18,0,148508672,1,94.85,0.00,2370732032,33792,1901696000
108.9390,2315677696,3117.2400,3059.85,0,148508672,1,94.73,0.00,2370732032,33792,1901696000
109.0445,2315677696,3120.4700,3062.24,0,148508672,1,100.44,0.00,2370732032,33792,1901696000
109.1496,2315677696,3123.8100,3177.26,0,148508672,1,93.94,0.00,2370732032,33792,1901696000
109.2554,2315677696,3127.0400,3052.39,0,148508672,1,96.86,0.00,2370727936,33792,1901696000
109.3642,2315677696,3130.3800,3071.03,0,148508672,1,99.99,0.00,2370727936,33792,1901749248
109.4694,2315677696,3133.7300,3184.24,0,148508672,1,93.86,0.00,2370727936,33792,1901749248
109.5747,2315677696,3136.9500,3058.48,0,148508672,1,97.36,0.00,2370727936,33792,1901749248
109.6798,2315677696,3140.1700,3062.64,0,148508672,1,98.38,0.00,2370727936,33792,1901749248
109.7858,2315677696,3143.5100,3150.32,0,148508672,1,98.15,0.00,2370727936,33792,1901749248
109.8937,2315677696,3146.8600,3105.36,0,148508672,1,94.73,0.00,2370727936,33792,1902040064
109.9986,2315677696,3150.0800,3070.79,0,148508672,1,95.07,0.00,2370723840,33792,1902040064
110.1057,2315677696,3153.4300,3126.66,0,148508672,1,98.58,0.00,2370723840,33792,1902040064
110.2114,2315677696,3156.6500,3046.81,0,148508672,1,93.73,0.00,2370985984,33792,1902040064
110.3164,2315677696,3159.8800,3076.43,0,148508672,1,103.88,0.00,2370985984,33792,1902097408
110.4262,2315677696,3163.3500,3159.79,0,148508672,1,92.77,0.00,2370985984,33792,1902097408
110.5312,2315677696,3166.5700,3067.15,0,148508672,1,94.66,0.00,2370985984,33792,1902097408
110.6365,2315677696,3169.7900,3057.49,0,148508672,1,100.00,0.00,2370985984,33792,1902097408
110.7420,2315677696,3173.1400,3175.14,0,148508672,1,95.37,0.00,2370981888,33792,1902097408
110.8470,2315677696,3176.3600,3067.24,0,148508672,1,99.13,0.00,2370719744,33792,1902097408
110.9537,2315677696,3179.7100,3139.08,0,148508672,1,95.75,0.00,2370719744,33792,1902097408
111.0594,2315677696,3182.9300,3047.26,0,148508672,1,98.18,0.00,2370719744,33792,1902130176
111.1653,2315677696,3186.2800,3162.83,0,148508672,1,95.89,0.00,2370719744,33792,1902130176
111.2737,2315677696,3189.6200,3080.17,0,148508672,1,96.26,0.00,2370719744,33792,1902130176
111.3796,2315677696,3192.8500,3052.37,0,148508672,1,94.80,0.00,2370719744,33792,1902130176
111.4843,2315677696,3196.0700,3074.49,0,148508672,1,100.85,0.00,2370715648,33792,1902130176
111.5895,2315677696,3199.4100,3175.81,0,148508672,1,99.24,0.00,2370715648,33792,1902130176
111.6977,2315677696,3202.7600,3094.05,0,148508672,1,92.36,0.00,2370715648,33792,1902130176
111.8026,2315677696,3205.9800,3071.12,0,148508672,1,96.27,0.00,2370715648,33792,1902130176
111.9075,2315677696,3209.2100,3077.95,0,148508672,1,97.08,0.00,2370715648,33792,1902130176
112.0138,2315677696,3212.5500,3143.39,0,148508672,1,98.23,0.00,2370715648,33792,1902130176
112.1193,2320396288,3215.7800,3062.10,0,148508672,1,98.36,0.00,2375434240,33792,1902130176
112.2256,2320396288,3219.1300,3150.03,0,148508672,1,95.50,0.00,2375430144,33792,1902130176
112.3337,2320396288,3222.4700,3088.78,0,148508672,1,96.24,0.00,2375430144,33792,1902158848
112.4390,2320396288,3225.6900,3059.80,0,148508672,1,95.32,0.00,2375430144,33792,1902158848
112.5445,2320396288,3228.9200,3061.40,0,148508672,1,100.41,0.00,2375430144,33792,1902158848
112.6537,2320396288,3232.3800,3169.59,0,148508672,1,95.04,0.00,2375430144,33792,1902158848
112.7584,2320396288,3235.6100,3082.83,0,148508672,1,95.74,0.00,2375430144,33792,1902158848
112.8631,2320396288,3238.8300,3075.04,0,148508672,1,96.09,0.00,2375426048,33792,1902158848
112.9677,2320396288,3242.0600,3089.00,0,148508672,1,97.73,0.00,2375426048,33792,1902158848
113.0724,2320396288,3245.2800,3075.48,0,148508672,1,99.09,0.00,2375426048,33792,1902158848
113.1777,2320396288,3248.6300,3182.80,0,148508672,1,98.87,0.00,2375426048,33792,1904704000
113.2859,2320396288,3251.9800,3093.87,0,148508672,1,94.09,0.00,2375426048,33792,1904704000
113.3905,2320396288,3255.2000,3079.74,0,148508672,1,94.15,0.00,2375426048,33792,1904740864
113.4957,2320396288,3258.4200,3059.23,0,148508672,1,97.38,0.00,2375426048,33792,1904740864
113.6007,2320396288,3261.6400,3067.43,0,148508672,1,99.13,0.00,2375421952,33792,1904740864
113.7056,2320396288,3264.9800,3185.56,0,148508672,1,97.16,0.00,2375421952,33792,1904740864
113.8106,2320396288,3268.2100,3073.91,0,148508672,1,93.98,0.00,2375421952,33792,1904740864
113.9177,2320396288,3271.5500,3121.19,0,148508672,1,98.41,0.00,2375421952,33792,1904740864
114.0223,2320396288,3274.7800,3087.42,0,148508672,1,96.48,0.00,2375421952,33792,1904740864
114.1268,2320396288,3278.0100,3090.68,0,148508672,1,97.18,0.00,2375421952,33792,1904740864
114.2338,2320396288,3281.3500,3121.96,0,148508672,1,97.56,0.00,2375684096,33792,1904740864
114.3384,2320396288,3284.5800,3085.83,0,148508672,1,95.54,0.00,2375680000,33792,1904740864
114.4430,2320396288,3287.8000,3078.13,0,148508672,1,96.49,0.00,2375680000,33792,1904740864
114.5477,2320396288,3291.0200,3076.22,0,148508672,1,97.33,0.00,2375680000,33792,1904740864
114.6565,2320396288,3294.3700,3079.07,0,148508672,1,98.23,0.00,2375675904,33792,1904740864
114.7612,2320396288,3297.6000,3086.44,0,148508672,1,96.75,0.00,2375675904,33792,1904740864
114.8659,2320396288,3300.9400,3190.46,0,148508672,1,97.61,0.00,2375675904,33792,1904740864
114.9703,2320396288,3304.1600,3083.29,0,148508672,1,93.96,0.00,2375413760,33792,1904740864
115.0748,2320396288,3307.3900,3091.57,0,148508672,1,98.11,0.00,2375409664,33792,1904740864
115.1817,2320396288,3310.7300,3122.40,0,148508672,1,97.28,0.00,2375409664,33792,1904843264
115.2868,2320396288,3313.9600,3073.94,0,148508672,1,97.25,0.00,2375409664,33792,1904843264
115.3919,2320396288,3317.1800,3064.81,0,148508672,1,96.07,0.00,2375409664,33792,1904843264
115.4971,2320396288,3320.4100,3070.15,0,148508672,1,101.59,0.00,2375409664,33792,1904843264
115.6058,2320396288,3323.8700,3183.13,0,148508672,1,93.72,0.00,2375409664,33792,1904843264
115.7107,2320396288,3327.1000,3079.78,0,148508672,1,93.86,0.00,2375409664,33792,1904843264
115.8154,2320396288,3330.3200,3074.58,0,148508672,1,97.87,0.00,2375405568,33792,1904843264
115.9203,2320396288,3333.5500,3080.29,0,148508672,1,99.24,0.00,2375405568,33792,1904843264
116.0249,2320396288,3336.7700,3076.22,0,148508672,1,97.33,0.00,2375405568,33792,1904990720
116.1337,2320396288,3340.2300,3182.29,0,148508672,1,95.71,0.00,2375667712,33792,1904990720
116.2387,2320396288,3343.4600,3075.24,0,148508672,1,94.61,0.00,2375667712,33792,1904990720
116.3432,2320396288,3346.6800,3079.41,0,148508672,1,97.13,0.00,2375667712,33792,1904990720
116.4481,2320396288,3349.9100,3081.70,0,148508672,1,98.69,0.00,2375667712,33792,1904990720
116.5532,2320396288,3353.1300,3063.82,0,148508672,1,97.23,0.00,2375663616,33792,1904990720
116.6578,2320396288,3356.4700,3190.70,0,148508672,1,99.71,0.00,2375663616,33792,1904990720
116.7657,2320396288,3359.8200,3104.81,0,148508672,1,93.84,0.00,2375663616,33792,1904990720
116.8710,2320396288,3363.0400,3059.23,0,148508672,1,94.12,0.00,2375405568,33792,1904990720
116.9759,2320396288,3366.2700,3078.35,0,148508672,1,97.39,0.00,2375405568,33792,1904990720
117.0810,2320396288,3369.4900,3065.60,0,148508672,1,103.24,0.00,2375405568,33792,1904990720
117.1898,2320396288,3372.9600,3188.04,0,148508672,1,91.01,0.00,2375667712,33792,1904990720
117.2946,2325131264,3376.1800,3071.45,0,148508672,1,98.07,0.00,2380656640,33792,1904990720
117.4000,2325131264,3379.4000,3057.49,0,148508672,1,94.36,0.00,2379169792,33792,1904990720
117.5045,2325131264,3382.6300,3089.03,0,148508672,1,101.02,0.00,2378833920,33792,1904990720
117.6093,2325131264,3385.9800,3196.18,0,148508672,1,94.51,0.00,2378770432,33792,1904990720
117.7178,2325131264,3389.3200,3079.92,0,148508672,1,97.40,0.00,2378770432,33792,1904990720
117.8231,2325131264,3392.5500,3067.43,0,148508672,1,95.86,0.00,2378770432,33792,1904990720
117.9282,2325131264,3395.7700,3062.04,0,148508672,1,98.36,0.00,2378766336,33792,1905060352
118.0334,2325131264,3399.1100,3174.39,0,148508672,1,97.71,0.00,2378766336,33792,1905060352
118.1388,2325131264,3402.3300,3056.47,0,148508672,1,97.89,0.00,2378766336,33792,1905060352
118.2454,2325131264,3405.6800,3141.28,0,148508672,1,94.94,0.00,2378766336,33792,1907469312
118.3504,2325131264,3408.9100,3078.28,0,148508672,1,94.71,0.00,2378766336,33792,1907469312
118.4577,2325131264,3412.2600,3122.50,0,148508672,1,98.74,0.00,2378766336,33792,1907469312
118.5625,2325131264,3415.4700,3063.04,0,148508672,1,95.42,0.00,2378766336,33792,1907522560
118.6673,2325131264,3418.7000,3081.23,0,148508672,1,96.29,0.00,2378508288,33792,1907522560
118.7721,2325131264,3421.9300,3082.24,0,148508672,1,100.20,0.00,2378511360,33792,1907522560
118.8775,2325131264,3425.2700,3169.51,0,148508672,1,94.90,0.00,2378511360,33792,1907522560
118.9858,2325131264,3428.6100,3083.61,0,148508672,1,96.94,0.00,2378511360,33792,1907522560
119.0910,2325131264,3431.8400,3070.20,0,148508672,1,94.46,0.00,2378511360,33792,1907579904
119.1965,2325131264,3435.0700,3062.07,0,148508672,1,100.13,0.00,2378511360,33792,1907579904
119.3016,2325131264,3438.4100,3177.49,0,148508672,1,96.32,0.00,2378511360,33792,1907579904
119.4065,2325131264,3441.6300,3067.70,0,148508672,1,96.16,0.00,2378507264,33792,1907579904
119.5138,2325131264,3444.9700,3114.63,0,148508672,1,97.62,0.00,2378507264,33792,1907579904
119.6185,2325131264,3448.2000,3084.66,0,148508672,1,95.80,0.00,2378507264,33792,1907579904
119.7239,2325131264,3451.4200,3054.42,0,148508672,1,95.45,0.00,2378507264,33792,1907579904
119.8320,2325131264,3454.7700,3100.42,0,148508672,1,98.33,0.00,2378507264,33792,1907579904
119.9367,2325131264,3458.0000,3084.78,0,148508672,1,98.49,0.00,2378507264,33792,1907579904
120.0413,2325131264,3461.3400,3192.12,0,148508672,1,96.47,0.00,2378507264,33792,1907579904
120.1466,2325131264,3464.5700,3066.70,0,148508672,1,95.24,0.00,2378503168,33792,1907579904
120.2538,2325131264,3467.9100,3117.25,0,148508672,1,98.29,0.00,2378765312,33792,1907702784
120.3587,2325131264,3471.1300,3069.65,0,148508672,1,95.03,0.00,2378765312,33792,1907715072
120.4639,2325131264,3474.3600,3068.65,0,148508672,1,99.16,0.00,2378765312,33792,1907715072
120.5687,2325131264,3477.5900,3084.02,0,148508672,1,101.15,0.00,2378765312,33792,1907715072
120.6776,2325131264,3481.0500,3177.29,0,148508672,1,91.83,0.00,2378503168,33792,1907715072
120.7826,2325131264,3484.2800,3074.81,0,148508672,1,96.39,0.00,2378503168,33792,1907715072
120.8879,2325131264,3487.5000,3056.69,0,148508672,1,95.22,0.00,2378499072,33792,1907715072
120.9931,2325131264,3490.7300,3071.86,0,148508672,1,99.86,0.00,2378499072,33792,1907715072
121.0979,2325131264,3494.0700,3186.60,0,148508672,1,95.71,0.00,2378499072,33792,1907715072
121.2070,2325131264,3497.4200,3070.18,0,148508672,1,95.66,0.00,2378499072,33792,1907715072
121.3121,2325131264,3500.6400,3064.50,0,148508672,1,100.23,0.00,2378499072,33792,1907715072
121.4170,2325131264,3503.8600,3068.89,0,148508672,1,95.60,0.00,2378499072,33792,1907715072
121.5218,2329849856,3507.2000,3187.56,0,148508672,1,96.63,0.00,2383217664,33792,1907715072
121.6272,2329849856,3510.4300,3063.92,0,148508672,1,94.56,0.00,2383213568,33792,1907715072
121.7361,2329849856,3513.7800,3076.25,0,148508672,1,99.86,0.00,2383213568,33792,1907715072
121.8407,2329849856,3517.0000,3077.98,0,148508672,1,97.08,0.00,2383213568,33792,1907715072
121.9460,2334568448,3520.3500,3181.16,0,148508672,1,94.37,0.00,2387932160,33792,1907715072
122.0506,2334568448,3523.5700,3079.70,0,148508672,1,96.84,0.00,2387932160,33792,1907715072
122.1554,2334568448,3526.8000,3080.88,0,148508672,1,96.28,0.00,2387932160,33792,1907715072
122.2618,2334568448,3530.1400,3141.23,0,148508672,1,98.75,0.00,2387928064,33792,1907715072
122.3665,2334568448,3533.3600,3073.66,0,148508672,1,95.46,0.00,2387928064,33792,1907715072
122.4713,2334568448,3536.5900,3081.73,0,148508672,1,100.18,0.00,2387928064,33792,1907715072
122.5775,2334568448,3539.9300,3146.55,0,148508672,1,95.09,0.00,2387928064,33792,1907715072
122.6822,2334568448,3543.1600,3086.06,0,148508672,1,96.44,0.00,2388190208,33792,1907715072
122.7897,2334568448,3546.5100,3116.22,0,148508672,1,96.51,0.00,2388452352,33792,1907715072
122.8949,2334568448,3549.7300,3059.02,0,148508672,1,96.78,0.00,2388452352,33792,1907715072
122.9996,2334568448,3552.9600,3086.88,0,148508672,1,95.87,0.00,2388452352,33792,1907715072
123.1043,2334568448,3556.1800,3074.60,0,148508672,1,99.66,0.00,2388448256,33792,1907919872
123.2138,2334568448,3559.6500,3169.28,0,148508672,1,96.19,0.00,2388972544,33792,1907919872
123.3185,2334568448,3562.8700,3074.94,0,148508672,1,95.79,0.00,2388972544,33792,1907956736
123.4232,2334568448,3566.1000,3083.37,0,148508672,1,96.36,0.00,2388972544,33792,1911342592
123.5280,2334568448,3569.3200,3074.17,0,148508672,1,98.75,0.00,2388972544,33792,1911342592
123.6325,2334568448,3572.5400,3080.63,0,148508672,1,97.47,0.00,2388972544,33792,1911342592
123.7371,2334568448,3575.7700,3088.88,0,148508672,1,96.23,0.00,2388968448,33792,1911342592
123.8421,2334568448,3579.1100,3178.83,0,148508672,1,96.07,0.00,2389492736,33792,1911342592
123.9497,2334568448,3582.4500,3106.78,0,148508672,1,96.51,0.00,2388993024,33792,1911342592
124.0541,2334568448,3585.7600,3170.59,0,148508672,1,100.28,0.00,2388993024,33792,1911342592
124.1617,2334568448,3589.2100,3206.31,0,148508672,1,99.91,0.00,2388993024,33792,1911342592
124.2670,2334568448,3592.5400,3161.54,0,148508672,1,98.50,0.00,2388485120,33792,1911342592
124.3715,2334568448,3595.8700,3184.79,0,148508672,1,98.63,0.00,2388485120,33792,1911342592
124.4763,2334568448,3599.2000,3179.45,0,148508672,1,103.83,0.00,2388227072,33792,1911350784
124.5813,2334568448,3602.5800,3218.60,0,148508672,1,97.31,0.00,2388222976,33792,1911350784
124.6880,2334568448,3605.8000,3018.03,0,148508672,1,96.95,0.00,2388222976,33792,1911576064
124.7927,2334568448,3609.0300,3084.24,0,148508672,1,97.58,0.00,2388222976,33792,1911576064
124.8979,2334568448,3612.3700,3174.28,0,148508672,1,95.04,0.00,2388222976,33792,1911576064
125.0024,2334568448,3615.6000,3091.94,0,148508672,1,96.92,0.00,2388222976,33792,1911576064
125.1081,2334568448,3618.8200,3045.21,0,148508672,1,97.82,0.00,2388218880,33792,1911576064
125.2130,2334568448,3622.0400,3071.29,0,148508672,1,100.45,0.00,2388218880,33792,1911576064
125.3216,2334568448,3625.5100,3194.10,0,148508672,1,93.20,0.00,2388218880,33792,1911576064
125.4265,2334568448,3628.7400,3078.98,0,148508672,1,95.62,0.00,2388218880,33792,1911576064
125.5321,2334568448,3631.9600,3049.29,0,148508672,1,99.73,0.00,2388214784,33792,1911576064
125.6377,2334568448,3635.3100,3174.17,0,148508672,1,94.46,0.00,2388214784,33792,1911576064
125.7431,2334568448,3638.5300,3052.65,0,148508672,1,96.28,0.00,2388214784,33792,1911649792
125.8487,2334568448,3641.7600,3061.15,0,148508672,1,102.77,0.00,2388214784,33792,1911649792
125.9581,2334568448,3645.2200,3162.08,0,148508672,1,91.39,0.00,2387952640,33792,1911649792
126.0629,2334568448,3648.4400,3070.91,0,148508672,1,96.86,0.00,2387948544,33792,1911797248
126.1686,2334568448,3651.6700,3056.96,0,148508672,1,97.60,0.00,2387948544,33792,1911797248
126.2737,2334568448,3655.0100,3179.00,0,148508672,1,97.26,0.00,2388206592,33792,1911797248
126.3786,2334568448,3658.2400,3078.87,0,148508672,1,95.32,0.00,2388206592,33792,1911797248
126.4834,2334568448,3661.4600,3072.09,0,148508672,1,96.90,0.00,2388206592,33792,1911797248
126.5882,2334568448,3664.6900,3082.29,0,148508672,1,98.41,0.00,2388202496,33792,1911797248
126.6934,2334568448,3668.0300,3174.93,0,148508672,1,97.14,0.00,2388202496,33792,1911797248
126.7989,2334568448,3671.2500,3052.46,0,148508672,1,99.24,0.00,2388390912,33792,1911797248
126.9062,2334568448,3674.6000,3121.42,0,148508672,1,93.47,0.00,2388128768,33792,1911797248
127.0114,2334568448,3677.8200,3061.61,0,148508672,1,95.08,0.00,2388128768,33792,1911797248
127.1177,2334568448,3681.1700,3151.56,0,148508672,1,99.07,0.00,2388128768,33792,1911797248
127.2234,2334568448,3684.3900,3045.64,0,148508672,1,95.77,0.00,2388128768,33792,1912026624
127.3298,2334568448,3687.7400,3148.20,0,148508672,1,97.21,0.00,2388124672,33792,1912026624
127.4354,2334568448,3690.9600,3049.12,0,148508672,1,96.47,0.00,2388124672,33792,1912026624
127.5441,2334568448,3694.3100,3080.96,0,148508672,1,99.44,0.00,2388124672,33792,1912026624
127.6492,2334568448,3697.5400,3074.25,0,148508672,1,95.18,0.00,2388124672,33792,1912075776
127.7543,2334568448,3700.8800,3178.66,0,148508672,1,96.95,0.00,2388124672,33792,1912075776
127.8592,2334568448,3704.1100,3078.97,0,148508672,1,95.62,0.00,2387866624,33792,1912075776
127.9645,2334568448,3707.3300,3058.33,0,148508672,1,99.43,0.00,2387866624,33792,1912075776
128.0692,2334568448,3710.5500,3074.35,0,148508672,1,95.48,0.00,2387862528,33792,1912075776
128.1777,2334568448,3714.0200,3199.38,0,148508672,1,97.10,0.00,2387715072,33792,1912075776
128.2826,2334568448,3717.2400,3068.72,0,148508672,1,95.90,0.00,2387715072,33792,1912075776
128.3883,2334568448,3720.4700,3055.99,0,148508672,1,98.46,0.00,2387715072,33792,1912075776
128.4934,2334568448,3723.8100,3177.71,0,148508672,1,96.63,0.00,2387715072,33792,1915869696
128.5985,2334568448,3727.0300,3064.03,0,148508672,1,99.62,0.00,2387977216,33792,1915869696
128.7058,2334568448,3730.3800,3121.61,0,148508672,1,93.76,0.00,2387977216,33792,1915869696
128.8107,2334568448,3733.6000,3069.65,0,148508672,1,95.33,0.00,2387973120,33792,1915869696
128.9162,2334568448,3736.8300,3061.97,0,148508672,1,99.54,0.00,2387973120,33792,1915869696
129.0210,2334568448,3740.0500,3073.02,0,148508672,1,100.21,0.00,2387723264,33792,1915869696
129.1303,2334568448,3743.5200,3173.62,0,148508672,1,91.46,0.00,2387723264,33792,1915869696
129.2356,2334568448,3746.7400,3058.01,0,148508672,1,96.75,0.00,2387985408,33792,1915869696
129.3414,2334568448,3750.0900,3165.70,0,148508672,1,98.93,0.00,2387985408,33792,1915869696
129.4465,2334568448,3753.3100,3063.73,0,148508672,1,95.74,0.00,2387981312,33792,1915869696
129.5516,2334568448,3756.5400,3074.94,0,148508672,1,94.90,0.00,2387981312,33792,1915886080
129.6578,2334568448,3759.8800,3144.82,0,148508672,1,98.86,0.00,2387981312,33792,1915886080
129.7626,2334568448,3763.1100,3079.91,0,148508672,1,96.84,0.00,2387981312,33792,1915886080
129.8698,2334568448,3766.4500,3117.29,0,148508672,1,96.54,0.00,2387981312,33792,1915886080
129.9746,2334568448,3769.6800,3081.28,0,148508672,1,97.18,0.00,2387719168,33792,1915886080
130.0802,2334568448,3772.9100,3058.20,0,148508672,1,99.12,0.00,2387719168,33792,1915886080
130.1853,2334568448,3776.2500,3178.78,0,148508672,1,98.74,0.00,2387715072,33792,1915886080
130.2945,2334568448,3779.6000,3067.33,0,148508672,1,93.28,0.00,2387715072,33792,1915886080
130.3996,2334568448,3782.8200,3065.12,0,148508672,1,95.49,0.00,2387715072,33792,1915886080
130.5043,2334568448,3786.0500,3083.22,0,148508672,1,100.23,0.00,2387715072,33792,1915968000
130.6099,2334568448,3789.3900,3163.75,0,148508672,1,94.43,0.00,2387715072,33792,1915968000
130.7156,2334568448,3792.6100,3046.01,0,148508672,1,99.62,0.00,2387715072,33792,1915968000
130.8222,2334568448,3795.9600,3142.51,0,148508672,1,94.69,0.00,2387977216,33792,1916078592
130.9275,2334568448,3799.1900,3069.27,0,148508672,1,98.29,0.00,2387973120,33792,1916078592
131.0340,2334568448,3802.5300,3133.91,0,148508672,1,95.59,0.00,2387973120,33792,1916131840
131.1385,2334568448,3805.7500,3081.33,0,148508672,1,95.69,0.00,2388235264,33792,1916131840
131.2482,2334568448,3809.1000,3054.14,0,148508672,1,98.58,0.00,2388235264,33792,1916131840
131.3533,2334568448,3812.4500,3186.74,0,148508672,1,96.91,0.00,2388235264,33792,1916131840
131.4583,2334568448,3815.6700,3068.21,0,148508672,1,94.99,0.00,2388235264,33792,1916131840
131.5631,2334568448,3818.8900,3071.97,0,148508672,1,97.19,0.00,2388235264,33792,1916131840
131.6679,2334568448,3822.1200,3080.78,0,148508672,1,97.47,0.00,2388231168,33792,1916131840
131.7733,2334568448,3825.4600,3171.55,0,148508672,1,97.92,0.00,2388517888,33792,1916131840
131.8818,2334568448,3828.8100,3087.31,0,148508672,1,96.77,0.00,2388513792,33792,1916131840
131.9870,2334568448,3832.0400,3068.95,0,148508672,1,95.61,0.00,2388513792,33792,1916131840
132.0920,2334568448,3835.2600,3066.27,0,148508672,1,99.39,0.00,2388251648,33792,1916131840
132.1968,2334568448,3838.4800,3074.38,0,148508672,1,96.07,0.00,2388251648,33792,1916131840
132.3019,2334568448,3841.8200,3176.68,0,148508672,1,96.30,0.00,2388513792,33792,1916176896
132.4073,2334568448,3844.9900,3006.96,0,148508672,1,94.26,0.00,2388251648,33792,1916176896
132.5127,2334568448,3848.1800,3028.29,0,148508672,1,100.86,0.00,2388517888,33792,1916176896
132.6222,2334568448,3851.6400,3159.64,0,148508672,1,92.46,0.00,2388513792,33792,1916176896
132.7270,2334568448,3854.8700,3080.49,0,148508672,1,96.27,0.00,2388513792,33792,1916176896
132.8377,2334568448,3858.3400,3136.79,0,148508672,1,97.46,0.00,2388513792,33792,1916176896
132.9423,2334568448,3861.5600,3075.80,0,148508672,1,96.72,0.00,2388513792,33792,1916176896
133.0477,2334568448,3864.7900,3066.54,0,148508672,1,95.53,0.00,2388513792,33792,1916176896
133.1524,2334568448,3868.0200,3083.08,0,148508672,1,107.38,0.00,2388513792,33792,1916176896
133.2657,2334568448,3871.6000,3160.20,0,148508672,1,88.83,0.00,2388513792,33792,1916176896
133.3709,2334568448,3874.8300,3070.57,0,148508672,1,95.66,0.00,2388509696,33792,1916369408
133.4759,2334568448,3878.0500,3067.20,0,148508672,1,95.85,0.00,2388509696,33792,1916369408
133.5806,2334568448,3881.2800,3086.10,0,148508672,1,100.32,0.00,2388509696,33792,1916369408
133.6897,2334568448,3884.7400,3171.47,0,148508672,1,95.67,0.00,2388509696,33792,1920835584
133.7950,2334568448,3887.9700,3066.94,0,148508672,1,95.55,0.00,2388509696,33792,1920835584
133.8997,2334568448,3891.1900,3074.37,0,148508672,1,96.07,0.00,2388509696,33792,1920835584
134.0053,2334568448,3894.5100,3143.68,0,148508672,1,101.79,0.00,2388509696,33792,1920835584
134.1145,2334568448,3897.8600,3068.79,0,148508672,1,92.75,0.00,2388505600,33792,1920860160
134.2195,2334568448,3901.0800,3065.35,0,148508672,1,95.79,0.00,2388505600,33792,1920860160
134.3338,2334568448,3904.6800,3151.24,0,148508672,1,98.48,0.00,2388505600,33792,1920860160
134.4388,2334568448,3907.9000,3064.57,0,148508672,1,95.77,0.00,2388505600,33792,1920860160
134.5439,2334568448,3911.1300,3072.99,0,148508672,1,95.44,0.00,2388505600,33792,1920860160
134.6488,2334568448,3914.3500,3071.48,0,148508672,1,99.86,0.00,2388505600,33792,1920860160
134.7541,2334568448,3917.6900,3170.64,0,148508672,1,96.12,0.00,2388505600,33792,1920860160
134.8589,2334568448,3920.9200,3083.56,0,148508672,1,96.06,0.00,2388501504,33792,1920860160
134.9644,2334568448,3924.1400,3052.10,0,148508672,1,99.53,0.00,2388501504,33792,1920860160
135.0737,2334568448,3927.6100,3175.20,0,148508672,1,95.51,0.00,2388763648,33792,1920860160
135.1817,2334568448,3930.8700,3018.68,0,148508672,1,93.75,0.00,2388763648,33792,1920860160
135.2868,2339287040,3934.0900,3062.19,0,148508672,1,96.88,0.00,2393895936,33792,1920860160
135.3918,2339287040,3937.3200,3075.94,0,148508672,1,95.23,0.00,2393895936,33792,1920860160
135.4965,2339287040,3940.5400,3074.89,0,148508672,1,100.27,0.00,2393891840,33792,1920860160
135.6018,2339287040,3943.8900,3182.69,0,148508672,1,99.76,0.00,2393891840,33792,1920860160
135.7103,2339287040,3947.3100,3151.07,0,148508672,1,94.15,0.00,2393891840,33792,1920860160
135.8156,2339287040,3950.6300,3153.60,0,148508672,1,99.14,0.00,2393891840,33792,1920860160
135.9207,2339287040,3953.9600,3167.83,0,148508672,1,102.26,0.00,2393629696,33792,1920860160
136.0264,2339287040,3957.4200,3272.59,0,148508672,1,99.31,0.00,2393629696,33792,1921007616
136.1337,2339287040,3960.8700,3218.08,0,148508672,1,100.27,0.00,2393629696,33792,1921007616
136.2388,2339680256,3964.1900,3158.55,0,148508672,1,98.70,0.00,2393449472,33792,1921007616
136.3443,2339680256,3967.5200,3155.30,0,148508672,1,102.75,0.00,2393445376,33792,1921007616
136.4490,2339680256,3970.8500,3181.21,0,148508672,1,103.00,0.00,2393445376,33792,1921007616
136.5582,2339680256,3974.4300,3277.28,0,148508672,1,94.69,0.00,2393445376,33792,1921007616
136.6639,2339680256,3977.7600,3149.58,0,148508672,1,98.42,0.00,2393445376,33792,1921007616
136.7693,2339680256,3981.2200,3282.65,0,148508672,1,102.88,0.00,2393445376,33792,1921007616
136.8748,2339680256,3984.5400,3147.03,0,148508672,1,98.64,0.00,2393445376,33792,1921007616
136.9803,2339680256,3987.8700,3158.59,0,148508672,1,102.26,0.00,2393441280,33792,1921007616
137.0898,2339680256,3991.4500,3269.39,0,148508672,1,99.03,0.00,2393453568,33792,1921007616
137.1952,2339680256,3994.7800,3159.99,0,148508672,1,98.45,0.00,2393453568,33792,1921007616
137.3004,2339680256,3998.1100,3163.71,0,148508672,1,102.73,0.00,2393453568,33792,1921007616
137.4052,2339680256,4001.4400,3179.03,0,148508672,1,98.75,0.00,2393457664,33792,1921007616
137.5107,2339680256,4004.8900,3269.96,0,148508672,1,99.22,0.00,2393457664,33792,1921007616
137.6155,2339680256,4008.2200,3175.67,0,148508672,1,98.94,0.00,2393457664,33792,1921007616
137.7208,2339680256,4011.5400,3153.91,0,148508672,1,102.72,0.00,2393715712,33792,1921007616
137.8260,2339680256,4014.9900,3278.69,0,148508672,1,98.30,0.00,2393715712,33792,1921007616
137.9338,2339680256,4018.4500,3210.12,0,148508672,1,100.61,0.00,2393715712,33792,1921007616
138.0383,2339680256,4021.7800,3186.92,0,148508672,1,99.29,0.00,2393457664,33792,1921007616
138.1429,2339680256,4025.1100,3181.67,0,148508672,1,99.73,0.00,2393461760,33792,1921007616
138.2485,2339680256,4028.4400,3153.72,0,148508672,1,105.95,0.00,2393736192,33792,1921024000
138.3578,2339680256,4032.0200,3277.18,0,148508672,1,94.40,0.00,2393736192,33792,1921024000
138.4628,2339680256,4035.3500,3171.42,0,148508672,1,100.00,0.00,2393736192,33792,1921077248
138.5679,2339680256,4038.6700,3158.22,0,148508672,1,98.99,0.00,2393732096,33792,1921077248
138.6733,2339680256,4042.1200,3274.66,0,148508672,1,102.63,0.00,2393732096,33792,1921077248
138.7781,2339680256,4045.4500,3176.21,0,148508672,1,98.66,0.00,2393732096,33792,1923274752
138.8858,2339680256,4048.9100,3213.41,0,148508672,1,100.42,0.00,2393732096,33792,1923274752
138.9908,2339680256,4052.2400,3169.88,0,148508672,1,99.36,0.00,2393469952,33792,1923274752
139.0963,2339680256,4055.5600,3146.23,0,148508672,1,101.87,0.00,2393474048,33792,1923274752
139.2014,2339680256,4059.0200,3292.68,0,148508672,1,99.33,0.00,2393469952,33792,1923319808
139.3067,2339680256,4062.3400,3152.78,0,148508672,1,98.23,0.00,2393207808,33792,1923389440
139.4120,2339680256,4065.6700,3162.09,0,148508672,1,103.27,0.00,2393469952,33792,1923389440
139.5175,2339680256,4069.1200,3271.76,0,148508672,1,97.80,0.00,2393469952,33792,1923389440
139.6257,2339680256,4072.5800,3196.16,0,148508672,1,99.88,0.00,2393469952,33792,1923446784
139.7311,2339680256,4075.9000,3151.13,0,148508672,1,99.07,0.00,2393474048,33792,1923446784
139.8358,2339680256,4079.2300,3181.63,0,148508672,1,99.72,0.00,2393474048,33792,1923446784
139.9406,2339680256,4082.5600,3175.97,0,148508672,1,102.83,0.00,2393474048,33792,1923446784
140.0461,2339680256,4086.0100,3270.06,0,148508672,1,102.19,0.00,2393211904,33792,1923532800
140.1543,2339680256,4089.4700,3199.33,0,148508672,1,96.80,0.00,2393469952,33792,1923532800
140.2590,2339680256,4092.8000,3178.18,0,148508672,1,98.72,0.00,2393469952,33792,1923532800
140.3642,2339680256,4096.1300,3167.15,0,148508672,1,102.54,0.00,2393469952,33792,1923532800
140.4695,2339680256,4099.5800,3276.85,0,148508672,1,98.84,0.00,2393523200,33792,1923532800
140.5749,2339680256,4102.9000,3149.90,0,148508672,1,99.03,0.00,2393523200,33792,1923532800
140.6806,2339680256,4106.2300,3149.23,0,148508672,1,101.66,0.00,2393785344,33792,1923532800
140.7859,2339680256,4109.6900,3285.94,0,148508672,1,102.69,0.00,2393781248,33792,1923532800
140.8936,2339680256,4113.1400,3204.07,0,148508672,1,97.22,0.00,2393781248,33792,1923532800
140.9991,2339680256,4116.4700,3156.45,0,148508672,1,98.05,0.00,2393781248,33792,1923532800
141.1039,2339680256,4119.8000,3177.38,0,148508672,1,99.29,0.00,2393531392,33792,1923532800
141.2087,2339680256,4123.1300,3176.82,0,148508672,1,102.85,0.00,2393531392,33792,1923532800
141.3161,2339680256,4126.5800,3211.67,0,148508672,1,100.66,0.00,2393793536,33792,1923532800
141.4213,2339680256,4130.0300,3278.91,0,148508672,1,98.60,0.00,2393793536,33792,1923532800
141.5270,2339680256,4133.3600,3152.89,0,148508672,1,98.53,0.00,2393789440,33792,1923532800
141.6317,2339680256,4136.6900,3179.94,0,148508672,1,99.37,0.00,2393789440,33792,1923532800
141.7370,2339680256,4140.0200,3163.24,0,148508672,1,106.27,0.00,2393789440,33792,1923532800
141.8453,2339680256,4143.6000,3303.16,0,148508672,1,96.02,0.00,2393789440,33792,1923532800
141.9508,2339680256,4146.9200,3147.52,0,148508672,1,98.66,0.00,2393531392,33792,1923532800
142.0559,2339680256,4150.2500,3170.09,0,148508672,1,99.07,0.00,2393531392,33792,1923532800
142.1606,2339680256,4153.5800,3178.15,0,148508672,1,102.60,0.00,2393527296,33792,1923532800
142.2657,2339680256,4157.0300,3282.51,0,148508672,1,99.31,0.00,2393789440,33792,1923532800
142.3737,2339680256,4160.4900,3206.17,0,148508672,1,100.48,0.00,2393789440,33792,1923532800
142.4790,2339680256,4163.8200,3161.02,0,148508672,1,98.49,0.00,2393789440,33792,1923532800
142.5836,2339680256,4167.1400,3174.13,0,148508672,1,99.19,0.00,2393789440,33792,1923557376
142.6889,2339680256,4170.4700,3162.47,0,148508672,1,102.98,0.00,2393789440,33792,1923557376
142.7940,2339680256,4173.9200,3281.22,0,148508672,1,98.97,0.00,2393789440,33792,1923557376
142.8994,2339680256,4177.2500,3161.96,0,148508672,1,102.08,0.00,2393789440,33792,1923557376
143.0058,2339680256,4180.7100,3251.57,0,148508672,1,97.79,0.00,2393523200,33792,1923606528
143.1116,2344398848,4184.0300,3136.08,0,148508672,1,98.59,0.00,2398241792,33792,1923622912
143.2178,2344398848,4187.4900,3259.56,0,148508672,1,101.57,0.00,2398241792,33792,1923622912
143.3228,2344398848,4190.8100,3161.62,0,148508672,1,98.50,0.00,2398241792,33792,1923659776
143.4326,2344398848,4194.2700,3150.46,0,148508672,1,102.15,0.00,2398241792,33792,1923659776
143.5376,2344398848,4197.7300,3294.60,0,148508672,1,99.68,0.00,2398241792,33792,1923659776
143.6430,2344398848,4201.0500,3150.02,0,148508672,1,97.55,0.00,2398237696,33792,1923659776
143.7482,2344398848,4204.3800,3167.67,0,148508672,1,103.75,0.00,2398237696,33792,1923659776
143.8537,2344398848,4207.8300,3270.03,0,148508672,1,98.04,0.00,2398237696,33792,1926191104
143.9588,2344398848,4211.1600,3168.12,0,148508672,1,102.27,0.00,2398237696,33792,1926191104
144.0664,2344398848,4214.6200,3214.49,0,148508672,1,97.26,0.00,2398237696,33792,1926191104
144.1716,2344398848,4217.9500,3166.07,0,148508672,1,99.24,0.00,2398258176,33792,1926260736
144.2768,2344398848,4221.2700,3153.91,0,148508672,1,102.72,0.00,2398258176,33792,1926260736
144.3824,2344398848,4224.7300,3279.19,0,148508672,1,97.44,0.00,2398258176,33792,1926260736
144.4872,2344398848,4228.0600,3175.77,0,148508672,1,99.84,0.00,2398258176,33792,1926260736
144.5926,2344398848,4231.3800,3149.01,0,148508672,1,102.26,0.00,2398258176,33792,1926260736
144.7001,2344398848,4234.8400,3220.11,0,148508672,1,100.05,0.00,2398258176,33792,1926260736
144.8057,2344398848,4238.2900,3265.70,0,148508672,1,99.10,0.00,2398258176,33792,1926260736
144.9110,2344398848,4241.6200,3162.97,0,148508672,1,99.14,0.00,2398254080,33792,1926260736
145.0164,2344398848,4244.9500,3159.12,0,148508672,1,102.58,0.00,2398254080,33792,1926260736
145.1214,2344398848,4248.4000,3285.98,0,148508672,1,102.39,0.00,2398258176,33792,1926260736
145.2301,2344398848,4251.8600,3183.04,0,148508672,1,96.02,0.00,2398520320,33792,1926260736
145.3357,2344398848,4255.1900,3153.67,0,148508672,1,97.96,0.00,2398520320,33792,1926260736
145.4406,2344398848,4258.5100,3165.61,0,148508672,1,102.50,0.00,2398520320,33792,1926260736
145.5461,2350567424,4261.9700,3280.26,0,148508672,1,99.25,0.00,2404811776,33792,1926260736
145.6513,2350567424,4265.2900,3154.51,0,148508672,1,99.17,0.00,2404807680,33792,1926260736
145.7566,2350567424,4268.6200,3162.13,0,148508672,1,102.67,0.00,2404807680,33792,1926260736
145.8622,2350567424,4272.0800,3277.93,0,148508672,1,101.84,0.00,2404807680,33792,1926260736
145.9702,2350567424,4275.5300,3193.54,0,148508672,1,96.62,0.00,2404549632,33792,1926281216
146.0753,2350567424,4278.8600,3167.51,0,148508672,1,98.39,0.00,2404549632,33792,1926412288
146.1804,2350567424,4282.1900,3168.31,0,148508672,1,102.28,0.00,2404549632,33792,1926412288
146.2899,2350567424,4285.7700,3271.38,0,148508672,1,99.66,0.00,2404549632,33792,1926412288
146.3945,2350567424,4289.1000,3183.91,0,148508672,1,98.60,0.00,2404549632,33792,1926412288
146.4995,2350567424,4292.4200,3160.96,0,148508672,1,99.97,0.00,2404545536,33792,1926412288
146.6052,2350567424,4295.7500,3150.66,0,148508672,1,101.41,0.00,2404545536,33792,1926412288
146.7109,2350567424,4299.2100,3271.68,0,148508672,1,98.99,0.00,2404545536,33792,1926412288
146.8156,2350567424,4302.5300,3172.74,0,148508672,1,103.33,0.00,2404545536,33792,1926412288
146.9226,2350567424,4305.9900,3233.73,0,148508672,1,96.09,0.00,2404545536,33792,1926412288
147.0282,2350567424,4309.3200,3151.99,0,148508672,1,103.23,0.00,2404545536,33792,1926412288
147.1337,2350567424,4312.7700,3272.68,0,148508672,1,97.82,0.00,2404541440,33792,1926412288
147.2393,2350567424,4316.1000,3150.63,0,148508672,1,99.34,0.00,2404541440,33792,1926412288
147.3450,2350567424,4319.4300,3151.47,0,148508672,1,105.88,0.00,2404897792,33792,1926412288
147.4543,2350567424,4323.0000,3267.28,0,148508672,1,94.95,0.00,2404897792,33792,1926412288
147.5594,2350567424,4326.3300,3166.80,0,148508672,1,99.26,0.00,2404639744,33792,1926412288
147.6649,2350567424,4329.6600,3156.84,0,148508672,1,102.21,0.00,2404639744,33792,1926412288
147.7699,2350567424,4333.1100,3285.68,0,148508672,1,99.11,0.00,2404639744,33792,1926412288
147.8750,2350567424,4336.4300,3160.69,0,148508672,1,98.47,0.00,2404633600,33792,1926412288
147.9857,2350567424,4340.0100,3231.47,0,148508672,1,101.27,0.00,2404621312,33792,1926412288
148.0908,2350567424,4343.3400,3168.59,0,148508672,1,99.32,0.00,2404621312,33792,1926412288
148.1959,2350567424,4346.6700,3169.54,0,148508672,1,102.91,0.00,2404621312,33792,1926473728
148.3015,2350567424,4350.1200,3265.40,0,148508672,1,97.90,0.00,2404621312,33792,1926473728
148.4065,2350567424,4353.4500,3174.25,0,148508672,1,99.20,0.00,2404621312,33792,1926473728
148.5121,2350567424,4356.7800,3153.12,0,148508672,1,102.09,0.00,2404617216,33792,1926473728
148.6171,2350567424,4360.1100,3169.94,0,148508672,1,99.66,0.00,2404617216,33792,1926473728
148.7226,2350567424,4363.5600,3270.05,0,148508672,1,101.89,0.00,2404617216,33792,1926526976
148.8299,2350567424,4367.0100,3215.44,0,148508672,1,97.28,0.00,2404879360,33792,1926584320
148.9356,2350567424,4370.3400,3150.46,0,148508672,1,97.86,0.00,2404621312,33792,1926584320
149.0407,2350567424,4373.6700,3167.62,0,148508672,1,102.85,0.00,2404621312,33792,1929170944
149.1459,2350567424,4377.1200,3281.81,0,148508672,1,98.99,0.00,2404621312,33792,1929170944
149.2537,2350567424,4380.5800,3209.91,0,148508672,1,100.02,0.00,2404617216,33792,1929170944
149.3587,2350567424,4383.9100,3170.86,0,148508672,1,99.68,0.00,2404617216,33792,1929170944
149.4643,2350567424,4387.2400,3152.01,0,148508672,1,101.75,0.00,2404617216,33792,1929338880
149.5738,2350567424,4390.8200,3270.46,0,148508672,1,98.49,0.00,2404617216,33792,1929338880
149.6794,2350567424,4394.1500,3154.32,0,148508672,1,99.16,0.00,2404617216,33792,1929338880
149.7844,2350567424,4397.4700,3161.21,0,148508672,1,102.36,0.00,2404617216,33792,1929338880
149.8900,2350567424,4400.9300,3274.90,0,148508672,1,98.79,0.00,2404617216,33792,1929338880
149.9951,2350567424,4404.2500,3159.91,0,148508672,1,98.45,0.00,2404617216,33792,1929338880
150.1000,2350567424,4407.5800,3174.34,0,148508672,1,102.77,0.00,2404629504,33792,1929338880
150.2066,2350567424,4411.0300,3236.13,0,148508672,1,101.72,0.00,2404367360,33792,1929338880
150.3136,2350567424,4414.4900,3233.85,0,148508672,1,96.97,0.00,2404629504,33792,1929338880
150.4191,2350567424,4417.8200,3155.43,0,148508672,1,99.20,0.00,2404635648,33792,1929338880
150.5247,2350567424,4421.0500,3059.25,0,148508672,1,103.00,0.00,2404635648,33792,1929338880
150.6344,2350567424,4424.5200,3164.59,0,148508672,1,91.20,0.00,2404635648,33792,1929338880
150.7395,2350567424,4427.7500,3073.50,0,148508672,1,96.64,0.00,2404635648,33792,1929338880
150.8447,2350567424,4430.9700,3059.84,0,148508672,1,99.18,0.00,2404635648,33792,1929338880
150.9502,2350567424,4434.3100,3165.77,0,148508672,1,95.67,0.00,2404635648,33792,1929338880
151.0551,2350567424,4437.5400,3078.87,0,148508672,1,95.32,0.00,2404635648,33792,1929338880
151.1645,2350567424,4440.8900,3061.16,0,148508672,1,99.66,0.00,2404635648,33792,1929338880
151.2695,2350567424,4444.1800,3133.49,0,148508672,1,94.95,0.00,2404684800,33792,1929338880
151.3749,2350567424,4447.3000,2961.43,0,148508672,1,91.95,0.00,2404680704,33792,1929338880
151.4801,2350567424,4450.4200,2964.26,0,148508672,1,96.49,0.00,2404680704,33792,1929338880
151.5897,2350567424,4453.7800,3068.22,0,148508672,1,95.60,0.00,2404942848,33792,1929338880
151.7017,2350567424,4457.1400,3000.02,0,148508672,1,90.68,0.00,2404942848,33792,1929338880
151.8068,2350567424,4460.2600,2967.72,0,148508672,1,92.74,0.00,2404942848,33792,1929338880
151.9116,2350567424,4463.3800,2975.37,0,148508672,1,93.28,0.00,2404942848,33792,1929338880
152.0169,2350567424,4466.5000,2962.89,0,148508672,1,96.15,0.00,2404942848,33792,1929338880
152.1221,2350567424,4469.7400,3080.75,0,148508672,1,92.41,0.00,2404938752,33792,1929338880
152.2269,2350567424,4472.9100,3023.94,0,148508672,1,94.20,0.00,2404938752,33792,1929338880
152.3323,2350567424,4476.1300,3055.63,0,148508672,1,99.05,0.00,2404938752,33792,1929338880
152.4375,2350567424,4479.4800,3185.21,0,148508672,1,96.57,0.00,2404938752,33792,1929338880
152.5427,2350567424,4482.7000,3060.62,0,148508672,1,95.94,0.00,2404938752,33792,1929338880
152.6480,2350567424,4485.9200,3058.88,0,148508672,1,99.45,0.00,2404938752,33792,1929338880
152.7532,2350567424,4489.2500,3163.43,0,148508672,1,98.56,0.00,2404938752,33792,1929338880
152.8620,2350567424,4492.4900,2979.58,0,148508672,1,89.38,0.00,2404934656,33792,1929338880
152.9697,2350567424,4495.7300,3009.10,0,148508672,1,94.03,0.00,2404934656,33792,1929338880
153.0750,2350567424,4498.8500,2962.00,0,148508672,1,91.97,0.00,2404934656,33792,1929338880
153.1898,2350567424,4502.3300,3031.06,0,148508672,1,95.27,0.00,2404963328,33792,1929338880
153.2946,2350567424,4505.4500,2976.97,0,148508672,1,92.43,0.00,2404963328,33792,1929338880
153.4002,2350567424,4508.5700,2955.72,0,148508672,1,96.51,0.00,2404963328,33792,1929375744
153.5047,2350567424,4511.6900,2983.42,0,148508672,1,93.23,0.00,2404963328,33792,1929375744
153.6137,2350567424,4515.0400,3075.78,0,148508672,1,92.39,0.00,2404963328,33792,1929375744
153.7187,2350567424,4518.2500,3054.97,0,148508672,1,96.36,0.00,2404959232,33792,1929375744
153.8236,2350567424,4521.4800,3079.04,0,148508672,1,95.92,0.00,2404959232,33792,1929396224
153.9287,2350567424,4524.7100,3072.74,0,148508672,1,99.29,0.00,2404967424,33792,1929396224
154.0337,2350567424,4528.0500,3183.71,0,148508672,1,95.62,0.00,2404967424,33792,1929469952
154.1417,2350567424,4531.4000,3101.91,0,148508672,1,97.51,0.00,2404705280,33792,1931246592
154.2465,2350567424,4534.6200,3069.94,0,148508672,1,95.94,0.00,2405225472,33792,1931246592
154.3579,2350567424,4538.0700,3098.69,0,148508672,1,96.83,0.00,2404963328,33792,1931246592
154.4630,2350567424,4541.2600,3033.63,0,148508672,1,94.50,0.00,2404963328,33792,1931246592
154.5685,2350567424,4544.3800,2958.12,0,148508672,1,96.00,0.00,2404963328,33792,1931299840
154.6738,2350567424,4547.6100,3067.88,0,148508672,1,91.72,0.00,2404967424,33792,1931365376
154.7795,2350567424,4550.8300,3045.89,0,148508672,1,96.07,0.00,2404967424,33792,1931365376
154.8899,2350567424,4554.3000,3143.99,0,148508672,1,98.53,0.00,2404967424,33792,1931365376
154.9951,2350567424,4557.5200,3060.62,0,148508672,1,94.75,0.00,2404963328,33792,1931365376
155.1006,2350567424,4560.7300,3041.62,0,148508672,1,99.49,0.00,2404963328,33792,1931365376
155.2053,2350567424,4564.0600,3180.57,0,148508672,1,99.99,0.00,2404967424,33792,1931365376
155.3142,2350567424,4567.4100,3076.45,0,148508672,1,90.97,0.00,2404967424,33792,1931365376
155.4195,2350567424,4570.6300,3058.57,0,148508672,1,96.47,0.00,2404967424,33792,1931365376
155.5331,2350567424,4574.1100,3062.49,0,148508672,1,97.90,0.00,2404733952,33792,1931365376
155.6387,2350567424,4577.4500,3163.12,0,148508672,1,96.48,0.00,2404733952,33792,1931365376
155.7438,2350567424,4580.6700,3063.22,0,148508672,1,95.73,0.00,2404733952,33792,1931365376
155.8493,2350567424,4584.0000,3158.72,0,148508672,1,99.60,0.00,2404733952,33792,1931365376
155.9601,2350567424,4587.3500,3021.84,0,148508672,1,97.25,0.00,2404733952,33792,1931365376
156.0657,2350567424,4590.7000,3174.12,0,148508672,1,99.78,0.00,2404733952,33792,1931512832
156.1740,2350567424,4594.0400,3083.40,0,148508672,1,91.45,0.00,2404467712,33792,1931512832
156.2793,2350567424,4597.2700,3067.05,0,148508672,1,96.44,0.00,2404467712,33792,1931512832
156.3843,2350567424,4600.4900,3067.21,0,148508672,1,99.72,0.00,2404467712,33792,1931512832
156.4900,2350567424,4603.8400,3169.60,0,148508672,1,96.09,0.00,2404467712,33792,1931512832
156.5950,2350567424,4607.0500,3054.82,0,148508672,1,102.30,0.00,2404467712,33792,1931512832
156.7058,2350567424,4610.4200,3042.21,0,148508672,1,88.02,0.00,2404467712,33792,1931512832
156.8112,2350567424,4613.5400,2961.99,0,148508672,1,93.45,0.00,2404467712,33792,1931512832
156.9160,2350567424,4616.6600,2975.44,0,148508672,1,95.66,0.00,2404463616,33792,1931512832
157.0215,2350567424,4619.9000,3071.51,0,148508672,1,92.73,0.00,2404463616,33792,1931512832
157.1266,2350567424,4623.0200,2969.06,0,148508672,1,92.19,0.00,2404463616,33792,1931512832
157.2321,2350567424,4626.1400,2957.77,0,148508672,1,95.69,0.00,2404467712,33792,1931512832
157.3370,2350567424,4629.3600,3069.23,0,148508672,1,96.51,0.00,2404729856,33792,1931512832
157.4458,2350567424,4632.8300,3188.55,0,148508672,1,96.48,0.00,2404733952,33792,1931561984
157.5510,2350567424,4636.0600,3071.07,0,148508672,1,95.97,0.00,2404733952,33792,1931561984
157.6562,2350567424,4639.2800,3061.44,0,148508672,1,99.24,0.00,2404729856,33792,1931561984
157.7617,2350567424,4642.6300,3173.35,0,148508672,1,95.91,0.00,2404729856,33792,1931561984
157.8664,2350567424,4645.8500,3076.56,0,148508672,1,95.84,0.00,2404488192,33792,1931561984
157.9719,2350567424,4649.0800,3061.86,0,148508672,1,98.65,0.00,2404226048,33792,1931561984
158.0772,2350567424,4652.3000,3058.07,0,148508672,1,100.31,0.00,2404226048,33792,1931561984
158.1858,2350567424,4655.7700,3195.12,0,148508672,1,92.37,0.00,2404230144,33792,1931561984
158.2909,2350567424,4658.9900,3063.12,0,148508672,1,96.02,0.00,2404226048,33792,1931561984
158.3960,2350567424,4662.2200,3072.64,0,148508672,1,99.29,0.00,2404488192,33792,1931561984
158.5008,2350567424,4665.4400,3073.05,0,148508672,1,96.63,0.00,2404488192,33792,1931561984
158.6097,2350567424,4668.8200,3105.24,0,148508672,1,93.02,0.00,2405012480,33792,1931561984
158.7150,2350567424,4671.9700,2990.59,0,148508672,1,92.86,0.00,2405012480,33792,1931561984
158.8202,2350567424,4675.2000,3069.29,0,148508672,1,100.96,0.00,2404754432,33792,1931561984
158.9253,2350567424,4678.5400,3178.79,0,148508672,1,95.17,0.00,2404504576,33792,1931561984
159.0337,2350567424,4681.8900,3091.43,0,148508672,1,96.03,0.00,2404504576,33792,1931717632
159.1384,2350567424,4685.1200,3083.53,0,148508672,1,96.36,0.00,2404508672,33792,1931717632
159.2432,2350567424,4688.3400,3072.71,0,148508672,1,97.22,0.00,2404770816,33792,1934393344
159.3483,2350567424,4691.5600,3064.21,0,148508672,1,98.73,0.00,2404766720,33792,1934393344
159.4565,2350567424,4694.9100,3094.63,0,148508672,1,96.71,0.00,2404766720,33792,1934393344
159.5612,2350567424,4698.1300,3077.64,0,148508672,1,97.07,0.00,2404508672,33792,1934393344
159.6665,2355286016,4701.4700,3169.32,0,148508672,1,95.48,0.00,2409489408,33792,1934393344
159.7717,2355286016,4704.7000,3071.86,0,148508672,1,95.40,0.00,2409239552,33792,1934471168
159.8768,2355286016,4707.9200,3063.65,0,148508672,1,99.90,0.00,2409243648,33792,1934471168
159.9857,2355286016,4711.3900,3187.68,0,148508672,1,96.46,0.00,2409243648,33792,1934471168
160.0911,2355286016,4714.6100,3054.27,0,148508672,1,95.15,0.00,2409247744,33792,1934471168
160.1963,2355286016,4717.8300,3059.03,0,148508672,1,99.45,0.00,2409247744,33792,1934471168
160.3015,2355286016,4721.1800,3185.84,0,148508672,1,96.29,0.00,2409509888,33792,1934491648
160.4073,2355286016,4724.4000,3043.84,0,148508672,1,95.12,0.00,2409509888,33792,1934491648
160.5167,2355286016,4727.7500,3060.78,0,148508672,1,98.79,0.00,2409509888,33792,1934491648
160.6223,2355286016,4731.1000,3172.13,0,148508672,1,95.87,0.00,2409509888,33792,1934491648
160.7274,2355286016,4734.3200,3063.94,0,148508672,1,95.75,0.00,2409509888,33792,1934491648
160.8324,2355286016,4737.4500,2981.47,0,148508672,1,95.55,0.00,2409505792,33792,1934516224
160.9418,2355286016,4740.8100,3071.62,0,148508672,1,93.70,0.00,2409243648,33792,1934516224
161.0470,2355679232,4743.9300,2966.34,0,148508672,1,93.00,0.00,2409243648,33792,1934516224
161.1520,2355679232,4747.0500,2971.50,0,148508672,1,94.94,0.00,2409243648,33792,1934516224
161.2578,2355679232,4750.2900,3061.84,0,148508672,1,93.32,0.00,2409243648,33792,1934573568
161.3657,2357252096,4753.5300,3003.98,0,148508672,1,93.87,0.00,2410816512,33792,1934573568
161.4777,2357252096,4756.8900,3000.02,0,148508672,1,93.75,0.00,2410816512,33792,1934573568
161.5829,2357252096,4760.0100,2965.06,0,148508672,1,92.36,0.00,2410812416,33792,1934573568
161.6878,2357252096,4763.1300,2974.77,0,148508672,1,93.26,0.00,2410812416,33792,1934573568
161.7977,2357252096,4766.4900,3057.62,0,148508672,1,95.27,0.00,2410812416,33792,1934573568
161.9024,2357252096,4769.6100,2977.53,0,148508672,1,93.05,0.00,2410812416,33792,1934573568
162.0078,2357252096,4772.8200,3047.02,0,148508672,1,95.52,0.00,2410812416,33792,1934573568
162.1129,2357252096,4776.0400,3064.33,0,148508672,1,98.14,0.00,2410812416,33792,1934573568
162.2178,2357252096,4779.3800,3183.64,0,148508672,1,97.11,0.00,2410812416,33792,1934573568
162.3230,2357252096,4782.6100,3069.21,0,148508672,1,95.91,0.00,2410812416,33792,1934573568
162.4297,2357252096,4785.9500,3132.12,0,148508672,1,97.59,0.00,2410812416,33792,1934573568
162.5354,2357252096,4789.1800,3054.65,0,148508672,1,94.57,0.00,2410812416,33792,1934573568
162.6401,2357252096,4792.4000,3076.42,0,148508672,1,97.33,0.00,2410832896,33792,1934573568
162.7498,2357252096,4795.8700,3162.69,0,148508672,1,98.55,0.00,2410832896,33792,1934573568
162.8548,2357252096,4799.0900,3065.50,0,148508672,1,95.20,0.00,2410832896,33792,1934573568
162.9595,2357252096,4802.3100,3077.19,0,148508672,1,97.66,0.00,2410832896,33792,1934573568
163.0649,2357252096,4805.5400,3064.02,0,148508672,1,99.60,0.00,2410832896,33792,1934573568
163.1695,2357252096,4808.8800,3192.07,0,148508672,1,95.57,0.00,2410832896,33792,1934573568
163.2743,2361987072,4812.1100,3082.63,0,148508672,1,94.84,0.00,2415547392,33792,1934573568
163.3794,2361987072,4815.3400,3071.67,0,148508672,1,97.48,0.00,2415551488,33792,1934610432
163.4886,2361987072,4818.6800,3059.14,0,148508672,1,99.03,0.00,2415551488,33792,1934610432
163.5941,2361987072,4822.0300,3176.47,0,148508672,1,94.52,0.00,2415551488,33792,1934610432
163.6990,2361987072,4825.2500,3069.98,0,148508672,1,97.43,0.00,2415551488,33792,1934610432
163.8043,2361987072,4828.4800,3066.33,0,148508672,1,99.68,0.00,2415551488,33792,1934610432
163.9094,2361987072,4831.8200,3179.68,0,148508672,1,95.20,0.00,2415813632,33792,1934610432
164.0143,2361987072,4835.0500,3076.74,0,148508672,1,94.96,0.00,2415813632,33792,1934610432
164.1241,2361987072,4838.3900,3043.57,0,148508672,1,100.24,0.00,2415813632,33792,1934610432
164.2289,2361987072,4841.6300,3091.51,0,148508672,1,95.72,0.00,2415768576,33792,1934610432
164.3334,2361987072,4844.9900,3214.71,0,148508672,1,96.57,0.00,2415686656,33792,1937286656
164.4380,2361987072,4848.3200,3184.64,0,148508672,1,100.12,0.00,2415690752,33792,1937286656
164.5430,2361987072,4851.6400,3160.54,0,148508672,1,99.36,0.00,2415948800,33792,1937286656
164.6481,2361987072,4854.9000,3100.63,0,148508672,1,100.16,0.00,2415948800,33792,1937286656
164.7529,2361987072,4858.1200,3073.24,0,148508672,1,95.44,0.00,2415948800,33792,1937286656
164.8581,2361987072,4861.4600,3175.72,0,148508672,1,96.57,0.00,2415567872,33792,1937286656
164.9633,2361987072,4864.6900,3071.29,0,148508672,1,100.14,0.00,2415563776,33792,1937286656
165.0695,2361987072,4868.0400,3153.84,0,148508672,1,94.14,0.00,2415563776,33792,1937286656
165.1743,2363559936,4871.2700,3081.99,0,148508672,1,95.12,0.00,2417136640,33792,1937286656
165.2796,2363559936,4874.4900,3057.20,0,148508672,1,96.72,0.00,2417136640,33792,1937286656
165.3843,2363559936,4877.7100,3074.83,0,148508672,1,100.56,0.00,2417136640,33792,1937286656
165.4915,2363559936,4881.0500,3116.57,0,148508672,1,93.31,0.00,2417136640,33792,1937286656
165.5970,2363559936,4884.2800,3060.61,0,148508672,1,99.20,0.00,2417136640,33792,1937286656
165.7020,2363559936,4887.6200,3182.36,0,148508672,1,96.77,0.00,2417136640,33792,1937286656
165.8071,2363559936,4890.8500,3072.21,0,148508672,1,95.71,0.00,2416874496,33792,1937286656
165.9124,2363559936,4894.0700,3057.89,0,148508672,1,98.23,0.00,2417124352,33792,1937298944
166.0217,2363559936,4897.5400,3176.92,0,148508672,1,96.99,0.00,2417124352,33792,1937446400
166.1264,2363559936,4900.7600,3074.99,0,148508672,1,96.09,0.00,2417124352,33792,1937446400
166.2317,2363559936,4903.9900,3067.31,0,148508672,1,94.96,0.00,2417120256,33792,1937446400
166.3370,2363559936,4907.2100,3056.42,0,148508672,1,99.37,0.00,2417120256,33792,1937446400
166.4423,2368278528,4910.5500,3172.46,0,148508672,1,96.47,0.00,2421838848,33792,1937446400
166.5498,2368278528,4913.9000,3116.68,0,148508672,1,96.52,0.00,2421838848,33792,1937446400
166.6553,2368278528,4917.1200,3051.36,0,148508672,1,95.06,0.00,2421838848,33792,1937446400
166.7606,2368278528,4920.3500,3068.46,0,148508672,1,100.64,0.00,2421838848,33792,1937446400
166.8656,2368278528,4923.6900,3180.55,0,148508672,1,98.80,0.00,2421838848,33792,1937446400
166.9740,2368278528,4927.0400,3089.12,0,148508672,1,92.21,0.00,2421855232,33792,1937475072
167.0792,2368278528,4930.2600,3060.68,0,148508672,1,96.54,0.00,2421855232,33792,1937475072
167.1841,2368278528,4933.4400,3033.90,0,148508672,1,98.69,0.00,2421855232,33792,1937475072
167.2896,2368278528,4936.6800,3070.15,0,148508672,1,92.09,0.00,2421855232,33792,1937475072
167.3946,2368278528,4939.8000,2972.48,0,148508672,1,96.17,0.00,2421855232,33792,1937475072
167.5017,2368278528,4942.9500,2938.67,0,148508672,1,89.21,0.00,2421855232,33792,1937475072
167.6097,2368278528,4946.0500,2872.92,0,148508672,1,88.91,0.00,2421855232,33792,1937475072
167.7257,2368278528,4949.3000,2801.72,0,148508672,1,88.09,0.00,2421855232,33792,1937475072
167.8306,2368278528,4952.2100,2771.60,0,148508672,1,86.02,0.00,2421851136,33792,1937475072
167.9362,2368278528,4955.1200,2755.81,0,148508672,1,89.67,0.00,2421593088,33792,1937475072
168.0414,2368278528,4958.1400,2872.70,0,148508672,1,86.80,0.00,2421593088,33792,1937475072
168.1461,2368278528,4961.0600,2788.59,0,148508672,1,87.14,0.00,2421593088,33792,1937475072
168.2516,2368278528,4964.0600,2842.41,0,148508672,1,88.53,0.00,2421867520,33792,1937475072
168.3566,2368278528,4967.0800,2877.71,0,148508672,1,93.80,0.00,2421867520,33792,1937475072
168.4620,2368278528,4970.2100,2968.16,0,148508672,1,89.20,0.00,2421863424,33792,1937475072
168.5671,2368278528,4973.2200,2864.95,0,148508672,1,100.24,0.00,2421863424,33792,1937475072
168.6824,2368278528,4976.5000,2845.36,0,148508672,1,79.16,0.00,2422125568,33792,1937937920
168.7931,2371424256,4979.6500,2843.30,0,148508672,1,88.57,0.00,2425012224,33792,1937937920
168.8984,2371424256,4982.3500,2566.36,0,148508672,1,80.50,0.00,2425012224,33792,1937937920
169.0057,2371424256,4985.1900,2646.80,0,148508672,1,82.71,0.00,2425008128,33792,1937937920
169.1110,2374569984,4987.9900,2658.84,0,148508672,1,83.39,0.00,2428153856,33792,1937937920
169.2160,2374569984,4990.8000,2674.32,0,148508672,1,86.84,0.00,2428153856,33792,1937937920
169.3258,2374569984,4993.8200,2751.74,0,148508672,1,83.14,0.00,2427637760,33792,1937937920
169.4315,2374569984,4996.6300,2658.74,0,148508672,1,82.79,0.00,2427637760,33792,1939822080
169.5374,2374569984,4999.5400,2747.35,0,148508672,1,86.15,0.00,2427637760,33792,1940742144
169.6423,2374569984,5002.3500,2678.10,0,148508672,1,84.29,0.00,2427637760,33792,1940742144
169.7483,2374569984,5005.1600,2652.35,0,148508672,1,85.54,0.00,2427637760,33792,1940742144
169.8577,2374569984,5008.1800,2760.70,0,148508672,1,83.13,0.00,2427375616,33792,1941024768
169.9634,2374569984,5010.9900,2657.60,0,148508672,1,83.64,0.00,2427371520,33792,1941024768
170.0687,2374569984,5013.8000,2667.48,0,148508672,1,86.03,0.00,2427371520,33792,1941024768
170.1749,2374569984,5016.7100,2740.33,0,148508672,1,85.64,0.00,2427371520,33792,1941024768
170.2825,2374569984,5019.6300,2714.22,0,148508672,1,82.50,0.00,2427371520,33792,1941082112
170.3875,2374569984,5022.4300,2667.17,0,148508672,1,86.33,0.00,2427371520,33792,1941082112
170.4947,2374569984,5025.3500,2723.43,0,148508672,1,81.32,0.00,2427371520,33792,1941082112
170.6043,2374569984,5028.2600,2655.86,0,148508672,1,86.42,0.00,2427371520,33792,1941082112
170.7104,2374569984,5031.1800,2751.66,0,148508672,1,83.04,0.00,2427367424,33792,1941082112
170.8162,2374569984,5033.9900,2656.99,0,148508672,1,85.69,0.00,2427367424,33792,1941082112
170.9214,2374569984,5036.9000,2763.83,0,148508672,1,84.00,0.00,2427367424,33792,1941082112
171.0298,2374569984,5039.8000,2676.12,0,148508672,1,83.34,0.00,2427368448,33792,1941082112
171.1358,2374569984,5042.5100,2556.47,0,148508672,1,82.25,0.00,2427368448,33792,1941082112
171.2417,2374569984,5045.3100,2643.81,0,148508672,1,80.55,0.00,2427630592,33792,1941123072
171.3473,2374569984,5048.0200,2567.41,0,148508672,1,79.34,0.00,2427368448,33792,1941123072
171.4568,2374569984,5050.8300,2566.54,0,148508672,1,83.06,0.00,2427364352,33792,1941123072
171.5622,2374569984,5053.6300,2655.89,0,148508672,1,80.92,0.00,2427364352,33792,1941123072
171.6680,2374569984,5056.3400,2562.05,0,148508672,1,82.72,0.00,2427364352,33792,1941123072
171.7734,2374569984,5059.0500,2569.98,0,148508672,1,76.76,0.00,2427364352,33792,1941123072
171.8787,2374569984,5061.6500,2469.61,0,148508672,1,77.47,0.00,2427364352,33792,1941123072
171.9847,2374569984,5064.2500,2452.25,0,148508672,1,79.87,0.00,2427364352,33792,1941123072
172.0902,2374569984,5066.8800,2491.99,0,148508672,1,75.51,0.00,2427626496,33792,1941123072
172.1962,2374569984,5069.3800,2358.92,0,148508672,1,76.08,0.00,2427626496,33792,1941123072
172.3024,2374569984,5071.9700,2440.41,0,148508672,1,73.61,0.00,2427368448,33792,1941123072
172.4077,2374569984,5074.4600,2363.98,0,148508672,1,77.14,0.00,2427364352,33792,1941123072
172.5133,2374569984,5077.0600,2463.03,0,148508672,1,73.42,0.00,2427626496,33792,1941151744
172.6194,2374569984,5079.5500,2346.03,0,148508672,1,73.61,0.00,2427368448,33792,1941151744
172.7254,2374569984,5082.1400,2443.34,0,148508672,1,76.65,0.00,2427368448,33792,1941151744
172.8307,2374569984,5084.6400,2373.39,0,148508672,1,74.17,0.00,2427368448,33792,1941151744
172.9363,2374569984,5087.1400,2367.00,0,148508672,1,76.34,0.00,2427364352,33792,1941151744
173.0423,2374569984,5089.7300,2444.62,0,148508672,1,74.03,0.00,2427364352,33792,1941151744
173.1477,2374569984,5092.2300,2372.23,0,148508672,1,73.84,0.00,2427364352,33792,1941151744
173.2535,2374569984,5094.7100,2342.83,0,148508672,1,73.21,0.00,2427364352,33792,1941151744
173.3596,2374569984,5097.1000,2252.52,0,148508672,1,70.39,0.00,2427364352,33792,1941192704
173.4657,2374569984,5099.5900,2347.45,0,148508672,1,73.65,0.00,2427364352,33792,1941192704
173.5712,2374569984,5101.9800,2265.56,0,148508672,1,70.50,0.00,2427360256,33792,1941192704
173.6773,2374569984,5104.4600,2337.46,0,148508672,1,73.63,0.00,2427360256,33792,1941192704
173.7833,2374569984,5106.8600,2264.93,0,148508672,1,70.78,0.00,2427360256,33792,1941192704
173.8885,2374569984,5109.2500,2270.95,0,148508672,1,73.34,0.00,2427360256,33792,1941192704
173.9941,2374569984,5111.7300,2347.79,0,148508672,1,71.00,0.00,2427360256,33792,1941192704
174.0999,2374569984,5114.1200,2260.16,0,148508672,1,72.99,0.00,2427360256,33792,1941192704
174.2054,2374569984,5116.6100,2359.11,0,148508672,1,71.65,0.00,2427360256,33792,1941192704
174.3113,2374569984,5119.0000,2258.50,0,148508672,1,70.28,0.00,2427618304,33792,1941192704
174.4173,2374569984,5121.4800,2339.36,0,148508672,1,73.10,0.00,2427618304,33792,1941192704
174.5228,2374569984,5123.8800,2274.69,0,148508672,1,70.49,0.00,2427618304,33792,1941192704
174.6283,2374569984,5126.2700,2265.38,0,148508672,1,75.24,0.00,2427655168,33792,1944011264
174.7345,2374569984,5128.7500,2335.69,0,148508672,1,70.05,0.00,2427655168,33792,1944011264
174.8404,2374569984,5131.1300,2245.82,0,148508672,1,72.84,0.00,2427655168,33792,1944072704
174.9459,2374569984,5133.5000,2246.30,0,148508672,1,68.42,0.00,2427655168,33792,1944072704
175.0515,2374569984,5135.7900,2168.61,0,148508672,1,67.47,0.00,2427655168,33792,1944166912
175.1575,2374569984,5138.1700,2246.70,0,148508672,1,69.91,0.00,2427655168,33792,1944166912
175.2630,2374569984,5140.4600,2170.56,0,148508672,1,67.53,0.00,2427651072,33792,1944166912
175.3687,2374569984,5142.7400,2156.39,0,148508672,1,70.64,0.00,2427651072,33792,1944166912
175.4747,2374569984,5145.1200,2245.26,0,148508672,1,67.22,0.00,2427651072,33792,1944166912
175.5807,2374569984,5147.4100,2159.58,0,148508672,1,70.14,0.00,2427651072,33792,1944166912
175.6868,2374569984,5149.7800,2234.44,0,148508672,1,67.47,0.00,2427651072,33792,1944166912
175.7923,2374569984,5152.0700,2170.73,0,148508672,1,70.21,0.00,2427651072,33792,1944166912
175.8984,2374569984,5154.4500,2242.55,0,148508672,1,67.14,0.00,2427646976,33792,1944166912
176.0044,2374569984,5156.7400,2161.36,0,148508672,1,70.49,0.00,2427646976,33792,1944314368
176.1095,2374569984,5159.1100,2253.69,0,148508672,1,68.05,0.00,2427646976,33792,1944314368
176.2152,2374569984,5161.4000,2167.79,0,148508672,1,67.74,0.00,2427646976,33792,1944314368
176.3211,2374569984,5163.6900,2162.74,0,148508672,1,70.54,0.00,2427646976,33792,1944314368
176.4267,2374569984,5166.0600,2243.45,0,148508672,1,68.04,0.00,2427646976,33792,1944314368
176.5327,2374569984,5168.3500,2159.51,0,148508672,1,69.55,0.00,2427646976,33792,1944314368
176.6387,2374569984,5170.7300,2246.62,0,148508672,1,67.26,0.00,2427642880,33792,1944314368
176.7448,2377715712,5172.9800,2120.89,0,148508672,1,69.52,0.00,2431050752,33792,1944314368
176.8504,2377715712,5175.2500,2148.29,0,148508672,1,64.18,0.00,2431050752,33792,1944314368
176.9566,2377715712,5177.4400,2063.65,0,148508672,1,66.84,0.00,2431050752,33792,1944707584
177.0625,2377715712,5179.7000,2134.13,0,148508672,1,64.92,0.00,2431050752,33792,1944707584
177.1678,2377715712,5181.8900,2078.96,0,148508672,1,67.04,0.00,2431050752,33792,1944707584
177.2740,2377715712,5184.1500,2128.48,0,148508672,1,64.45,0.00,2431054848,33792,1944707584
177.3793,2377715712,5186.3400,2078.72,0,148508672,1,64.37,0.00,2431050752,33792,1944707584
177.4851,2377715712,5188.6100,2146.17,0,148508672,1,68.25,0.00,2431050752,33792,1944707584
177.5910,2377715712,5190.7900,2058.12,0,148508672,1,63.73,0.00,2431050752,33792,1944707584
177.6968,2377715712,5192.9800,2071.31,0,148508672,1,66.80,0.00,2430788608,33792,1944707584
177.8028,2377715712,5195.2400,2131.95,0,148508672,1,64.85,0.00,2430788608,33792,1944707584
177.9083,2377715712,5197.4300,2074.57,0,148508672,1,66.61,0.00,2430788608,33792,1944707584
178.0144,2377715712,5199.6900,2130.36,0,148508672,1,64.81,0.00,2430526464,33792,1944707584
178.1198,2377715712,5201.8700,2067.59,0,148508672,1,66.98,0.00,2430522368,33792,1944707584
178.2252,2377715712,5204.1400,2155.16,0,148508672,1,65.87,0.00,2430522368,33792,1944707584
178.3306,2377715712,5206.3200,2068.12,0,148508672,1,63.44,0.00,2430522368,33792,1944707584
178.4362,2377715712,5208.5100,2073.81,0,148508672,1,67.47,0.00,2430522368,33792,1944707584
178.5417,2377715712,5210.7800,2152.15,0,148508672,1,64.29,0.00,2430522368,33792,1944707584
178.6474,2377715712,5212.9600,2062.64,0,148508672,1,65.94,0.00,2430784512,33792,1944777216
178.7533,2377715712,5215.2300,2141.77,0,148508672,1,66.05,0.00,2430780416,33792,1944777216
178.8593,2377715712,5217.4100,2057.98,0,148508672,1,64.61,0.00,2430780416,33792,1944777216
178.9648,2377715712,5219.5900,2066.41,0,148508672,1,67.83,0.00,2430624768,33792,1944777216
179.0709,2377715712,5221.8600,2139.62,0,148508672,1,63.33,0.00,2430624768,33792,1944777216
179.1763,2377715712,5224.0500,2076.82,0,148508672,1,67.57,0.00,2430624768,33792,1944846848
179.2813,2377715712,5226.3100,2153.21,0,148508672,1,64.61,0.00,2430624768,33792,1944904192
179.3863,2377715712,5228.5000,2084.47,0,148508672,1,66.03,0.00,2430624768,33792,1944904192
179.4918,2377715712,5230.6800,2066.56,0,148508672,1,66.36,0.00,2430620672,33792,1944904192
179.5973,2377715712,5232.9500,2151.53,0,148508672,1,65.16,0.00,2430620672,33792,1944904192
179.7029,2377715712,5235.1300,2064.32,0,148508672,1,64.21,0.30,2430620672,33792,1947279872
179.8089,2377715712,5237.3200,2067.08,0,148508672,1,66.96,0.00,2430620672,33792,1947279872
179.9149,2377715712,5239.5100,2066.47,0,148508672,1,61.92,0.00,2430620672,33792,1947279872
180.0204,2377715712,5241.5900,1970.90,0,148508672,1,63.96,0.00,2430620672,33792,1947587072
180.1261,2377715712,5243.7500,2043.98,0,148508672,1,62.40,0.00,2430620672,33792,1947587072
180.2315,2377715712,5245.8300,1973.25,0,148508672,1,60.77,0.00,2430616576,33792,1947677184
180.3366,2377715712,5247.9100,1978.42,0,148508672,1,64.50,0.00,2430878720,33792,1947677184
180.4418,2377715712,5250.0700,2053.62,0,148508672,1,61.50,0.00,2430878720,33792,1947677184
180.5477,2377715712,5252.1500,1963.78,0,148508672,1,61.96,0.00,2430878720,33792,1947677184
180.6532,2377715712,5254.3100,2048.50,0,148508672,1,63.42,0.00,2430878720,33792,1947677184
180.7592,2377715712,5256.3900,1961.64,0,148508672,1,61.89,0.00,2430878720,33792,1947677184
180.8647,2377715712,5258.4700,1970.93,0,148508672,1,64.26,0.00,2430878720,33792,1947677184
180.9708,2377715712,5260.6300,2035.73,0,148508672,1,60.67,0.00,2430878720,33792,1947677184
181.0763,2377715712,5262.7100,1972.73,0,148508672,1,64.32,0.00,2430878720,33792,1947677184
181.1816,2377715712,5264.8700,2051.53,0,148508672,1,61.74,0.00,2430878720,33792,1947677184
181.2875,2377715712,5266.9500,1963.07,0,148508672,1,61.94,0.00,2430616576,33792,1947677184
181.3924,2377715712,5269.0300,1982.51,0,148508672,1,63.44,0.00,2430616576,33792,1947677184
181.4981,2377715712,5271.1900,2044.86,0,148508672,1,62.13,0.00,2430616576,33792,1947677184
181.6039,2378895360,5273.2300,1926.56,0,148508672,1,62.86,0.00,2432189440,33792,1947677184
181.7099,2378895360,5275.2400,1897.81,0,148508672,1,56.65,0.00,2432185344,33792,1947677184
181.8158,2378895360,5277.1100,1765.49,0,148508672,1,57.24,0.00,2431927296,33792,1947677184
181.9213,2378895360,5279.0600,1848.43,0,148508672,1,54.80,0.00,2431927296,33792,1947677184
182.0274,2378895360,5280.9200,1753.20,0,148508672,1,55.97,0.00,2431927296,33792,1947771392
182.1327,2378895360,5282.6900,1680.77,0,148508672,1,53.71,0.00,2431927296,33792,1947771392
182.2379,2378895360,5284.5300,1748.64,0,148508672,1,53.46,0.00,2431927296,33792,1947771392
182.3433,2378895360,5286.2900,1669.66,0,148508672,1,51.88,0.00,2431927296,33792,1947771392
182.4489,2378895360,5288.0600,1675.52,0,148508672,1,55.02,0.00,2431923200,33792,1947771392
182.5543,2378895360,5289.9000,1746.70,0,148508672,1,51.91,0.00,2431923200,33792,1947771392
182.6598,2378895360,5291.6700,1676.72,0,148508672,1,54.77,0.00,2431923200,33792,1947771392
182.7657,2378895360,5293.5000,1728.99,0,148508672,1,52.85,0.00,2431923200,33792,1947771392
182.8717,2378895360,5295.2700,1668.94,0,148508672,1,53.04,0.00,2431923200,33792,1947771392
182.9772,2378895360,5297.1000,1735.34,0,148508672,1,53.34,0.00,2431923200,33792,1947771392
183.0828,2378895360,5298.8700,1676.55,0,148508672,1,51.80,0.00,2431919104,33792,1947771392
183.1887,2378895360,5300.6400,1670.74,0,148508672,1,54.57,0.00,2431919104,33792,1947771392
183.2937,2378895360,5302.4800,1752.24,0,148508672,1,51.78,0.00,2431677440,33792,1947771392
183.3995,2378895360,5304.2400,1663.61,0,148508672,1,53.17,0.00,2431677440,33792,1947812352
183.5048,2378895360,5306.0100,1681.51,0,148508672,1,54.92,0.00,2431677440,33792,1947812352
183.6103,2378895360,5307.8400,1733.82,0,148508672,1,51.81,0.00,2431677440,33792,1947812352
183.7161,2378895360,5309.6100,1672.75,0,148508672,1,54.34,0.00,2431677440,33792,1947812352
183.8217,2378895360,5311.4500,1743.05,0,148508672,1,52.10,0.00,2431673344,33792,1947812352
183.9279,2378895360,5313.2200,1667.26,0,148508672,1,54.16,0.00,2431673344,33792,1947812352
184.0333,2378895360,5315.0500,1735.30,0,148508672,1,51.86,0.00,2431673344,33792,1947812352
184.1389,2378895360,5316.8200,1676.69,0,148508672,1,52.99,0.00,2431673344,33792,1947812352
184.2448,2378895360,5318.5900,1670.77,0,148508672,1,54.57,0.00,2431673344,33792,1947812352
184.3499,2378895360,5320.4200,1741.34,0,148508672,1,52.04,0.00,2431935488,33792,1947812352
184.4557,2378895360,5322.1900,1673.97,0,148508672,1,51.72,0.00,2431935488,33792,1947812352
184.5610,2378895360,5323.9600,1679.39,0,148508672,1,55.15,0.00,2431931392,33792,1947886080
184.6665,2378895360,5325.8000,1744.07,0,148508672,1,53.02,0.00,2431931392,33792,1947886080
184.7724,2378895360,5327.5600,1662.72,0,148508672,1,53.14,0.00,2431931392,33792,1947886080
184.8781,2378895360,5329.4100,1749.81,0,148508672,1,53.79,0.00,2431931392,33792,1950854656
184.9843,2378895360,5331.1700,1657.89,0,148508672,1,54.46,0.00,2432193536,33792,1950854656
185.0898,2378895360,5333.0100,1743.61,0,148508672,1,51.82,0.00,2432193536,33792,1950854656
185.1955,2378895360,5334.7800,1674.56,0,148508672,1,51.44,0.00,2432193536,33792,1950854656
185.3015,2378895360,5336.6100,1727.07,0,148508672,1,54.86,0.00,2432189440,33792,1950854656
185.4066,2378895360,5338.3800,1684.35,0,148508672,1,53.53,0.00,2432189440,33792,1950854656
185.5119,2378895360,5340.1500,1680.17,0,148508672,1,53.10,0.00,2432013312,33792,1950854656
185.6178,2378895360,5341.9900,1737.76,0,148508672,1,53.12,0.00,2432013312,33792,1950854656
185.7235,2378895360,5343.7500,1664.16,0,148508672,1,51.71,0.00,2432013312,33792,1950854656
185.8297,2378895360,5345.5900,1734.02,0,148508672,1,54.48,0.00,2432013312,33792,1950854656
185.9352,2378895360,5347.3600,1676.56,0,148508672,1,51.50,0.00,2431751168,33792,1950924288
186.0410,2378895360,5349.1200,1663.64,0,148508672,1,54.94,0.00,2431747072,33792,1951088128
186.1469,2378895360,5350.9600,1738.04,0,148508672,1,53.13,0.00,2431747072,33792,1951088128
186.2520,2378895360,5352.7300,1684.30,0,148508672,1,53.23,0.00,2431747072,33792,1951088128
186.3578,2378895360,5354.5600,1728.66,0,148508672,1,53.14,0.00,2431747072,33792,1951088128
186.4632,2378895360,5356.3200,1669.94,0,148508672,1,51.89,0.00,2431747072,33792,1951088128
186.5687,2378895360,5358.0900,1679.04,0,148508672,1,54.84,0.00,2431751168,33792,1951088128
186.6744,2378895360,5359.9300,1740.40,0,148508672,1,51.43,0.00,2431747072,33792,1951088128
186.7801,2378895360,5361.7000,1674.90,0,148508672,1,54.71,0.00,2431747072,33792,1951088128
186.8862,2378895360,5363.5300,1724.63,0,148508672,1,52.42,0.00,2431747072,33792,1951088128
186.9919,2378895360,5365.3000,1674.54,0,148508672,1,53.22,0.00,2431747072,33792,1951088128
187.0974,2378895360,5367.1400,1742.90,0,148508672,1,53.28,0.00,2431747072,33792,1951198720
187.2033,2378895360,5368.9100,1671.61,0,148508672,1,51.94,0.00,2431747072,33792,1951198720
187.3084,2378895360,5370.6800,1684.08,0,148508672,1,55.60,0.00,2432271360,33792,1951198720
187.4142,2378895360,5372.5100,1729.96,0,148508672,1,50.81,0.00,2432267264,33792,1951198720
187.5194,2378895360,5374.2800,1682.20,0,148508672,1,53.46,0.00,2432267264,33792,1951198720
187.6249,2378895360,5376.0500,1677.44,0,148508672,1,54.49,0.00,2432267264,33792,1951198720
187.7307,2378895360,5377.8800,1729.70,0,148508672,1,52.58,0.00,2432267264,33792,1951198720
187.8365,2378895360,5379.6500,1674.12,0,148508672,1,53.79,0.00,2431775744,33792,1951198720
187.9425,2378895360,5381.4900,1734.56,0,148508672,1,52.73,0.00,2431562752,33792,1951239680
188.0480,2378895360,5383.2400,1659.34,0,148508672,1,55.41,0.00,2431824896,33792,1951239680
188.1536,2378895360,5384.9700,1638.51,0,148508672,1,47.95,0.00,2431820800,33792,1951239680
188.2595,2378895360,5386.6400,1576.27,0,148508672,1,51.32,0.00,2431816704,33792,1951239680
188.3644,2378895360,5388.2000,1487.06,0,148508672,1,48.85,0.00,2431816704,33792,1951239680
188.4693,2378895360,5389.8200,1545.27,0,148508672,1,46.50,0.00,2431816704,33792,1951239680
188.5742,2378895360,5391.3800,1486.41,0,148508672,1,45.26,0.00,2432078848,33792,1951239680
188.6792,2378895360,5392.9400,1486.39,0,148508672,1,47.34,0.00,2431820800,33792,1951317504
188.7842,2378895360,5394.5000,1485.44,0,148508672,1,48.50,0.00,2431820800,33792,1951317504
188.8894,2378895360,5396.0700,1493.09,0,148508672,1,44.88,0.00,2431816704,33792,1951317504
188.9942,2378895360,5397.5200,1382.56,0,148508672,1,42.31,0.00,2432078848,33792,1951317504
189.0995,2378895360,5398.9800,1387.03,0,148508672,1,43.64,0.00,2432078848,33792,1951317504
189.2043,2378895360,5400.4400,1392.58,0,148508672,1,45.31,0.00,2432078848,33792,1951317504
189.3094,2378895360,5401.9500,1437.81,0,148508672,1,43.44,0.00,2431820800,33792,1951317504
189.4147,2378895360,5403.4000,1376.24,0,148508672,1,42.41,0.00,2431820800,33792,1951317504
189.5196,2378895360,5404.8600,1392.14,0,148508672,1,43.80,0.00,2431820800,33792,1951317504
189.6246,2378895360,5406.3200,1390.44,0,148508672,1,45.24,0.00,2431816704,33792,1951317504
189.7297,2378895360,5407.8300,1437.22,0,148508672,1,43.72,0.00,2431816704,33792,1951362560
189.8347,2378895360,5409.2800,1379.92,0,148508672,1,42.23,0.00,2431484928,33792,1951424000
189.9396,2378895360,5410.7200,1373.65,0,148508672,1,43.52,0.00,2431243264,33792,1954799104
190.0444,2378895360,5412.0700,1288.21,0,148508672,1,42.05,0.00,2431243264,33792,1954799104
190.1498,2378895360,5413.4700,1327.43,0,148508672,1,40.89,0.00,2431243264,33792,1954799104
190.2548,2378895360,5414.7200,1190.98,0,148508672,1,36.32,0.00,2431374336,33792,1954799104
190.3599,2378895360,5415.9600,1179.61,0,148508672,1,38.94,0.00,2431112192,33792,1954799104
190.4652,2378895360,5417.2600,1234.38,0,148508672,1,36.50,0.00,2431108096,33792,1954799104
190.5700,2378895360,5418.5100,1193.39,0,148508672,1,37.89,0.00,2431108096,33792,1954799104
190.6748,2378895360,5419.7600,1192.02,0,148508672,1,36.65,0.00,2431108096,33792,1954799104
190.7798,2378895360,5421.0000,1180.69,0,148508672,1,39.57,0.00,2431108096,33792,1954799104
190.8848,2378895360,5422.2500,1190.70,0,148508672,1,36.91,0.00,2431108096,33792,1954799104
190.9903,2378895360,5423.5500,1232.23,0,148508672,1,37.32,0.00,2431108096,33792,1954799104
191.0954,2378895360,5424.8000,1189.12,0,148508672,1,36.27,0.00,2431108096,33792,1954799104
191.2005,2382041088,5426.0200,1161.29,0,148508672,1,38.08,0.00,2434249728,33792,1954799104
191.3059,2382041088,5427.2100,1129.18,0,148508672,1,34.40,0.00,2434249728,33792,1954799104
191.4108,2382041088,5428.3600,1095.85,0,148508672,1,34.25,0.00,2434249728,33792,1954799104
191.5157,2382041088,5429.5000,1087.26,0,148508672,1,33.38,0.00,2434249728,33792,1954799104
191.6207,2382041088,5430.6400,1086.05,0,148508672,1,35.73,0.00,2434249728,33792,1954799104
191.7257,2382041088,5431.8300,1132.83,0,148508672,1,34.21,0.00,2434958336,33792,1954799104
191.8305,2382041088,5432.9800,1096.80,0,148508672,1,34.27,0.00,2434958336,33792,1954799104
191.9355,2382041088,5434.1200,1085.96,0,148508672,1,33.64,0.00,2434958336,33792,1954799104
192.0408,2382041088,5435.2600,1083.04,0,148508672,1,35.63,0.00,2434958336,33792,1954799104
192.1456,2382041088,5436.4500,1135.76,0,148508672,1,34.30,0.00,2434958336,33792,1954799104
192.2506,2382041088,5437.5600,1056.81,0,148508672,1,33.03,0.00,2435220480,33792,1954799104
192.3559,2382041088,5438.6000,987.67,0,148508672,1,31.76,0.00,2434958336,33792,1954799104
192.4607,2382041088,5439.6400,991.84,0,148508672,1,32.19,0.00,2433934336,33792,1954799104
192.5656,2382041088,5440.7200,1030.51,0,148508672,1,31.61,0.00,2433688576,33792,1954799104
192.6703,2382041088,5441.7600,992.38,0,148508672,1,31.31,0.00,2433688576,33792,1954799104
192.7754,2382041088,5442.8000,990.30,0,148508672,1,30.95,0.00,2433688576,33792,1954799104
192.8802,2382041088,5443.8400,992.46,0,148508672,1,32.51,0.00,2433688576,33792,1954799104
192.9850,2382041088,5444.8700,981.97,0,148508672,1,30.69,0.00,2433688576,33792,1954815488
193.0905,2382041088,5445.9500,1024.63,0,148508672,1,31.43,0.00,2433688576,33792,1954815488
193.1954,2382041088,5446.9900,990.83,0,148508672,1,30.07,0.00,2433688576,33792,1954815488
193.3005,2382041088,5448.0300,989.62,0,148508672,1,33.30,0.00,2433946624,33792,1954856448
193.4062,2382041088,5449.1100,1021.97,0,148508672,1,30.75,0.00,2433946624,33792,1954856448
193.5117,2382041088,5450.1500,986.06,0,148508672,1,31.41,0.00,2433946624,33792,1955003904
193.6169,2382041088,5451.1900,988.30,0,148508672,1,31.78,0.00,2433946624,33792,1955003904
193.7224,2382041088,5452.2700,1023.73,0,148508672,1,30.51,0.00,2433946624,33792,1955003904
193.8276,2382041088,5453.2800,960.01,0,148508672,1,30.89,0.00,2433692672,33792,1955012096
193.9327,2382041088,5454.2200,894.23,0,148508672,1,29.43,0.00,2433692672,33792,1955012096
194.0376,2382041088,5455.1900,924.63,0,148508672,1,30.09,0.00,2433692672,33792,1955036672
194.1426,2384793600,5456.0600,828.53,0,148508672,1,25.59,0.00,2436834304,33792,1955036672
194.2480,2384793600,5456.8900,787.74,0,148508672,1,25.80,0.00,2436834304,33792,1955036672
194.3529,2384793600,5457.7100,781.55,0,148508672,1,23.53,0.00,2437096448,33792,1955036672
194.4583,2384793600,5458.4700,721.24,0,148508672,1,21.95,0.00,2437096448,33792,1955036672
194.5635,2384793600,5459.2000,693.88,0,148508672,1,21.68,0.00,2437096448,33792,1955036672
194.6685,2384793600,5459.8400,609.62,0,148508672,1,19.65,0.00,2437358592,33792,1955036672
194.7742,2387939328,5460.4200,548.33,0,148508672,1,15.95,0.00,2440504320,33792,1955036672
194.8792,2387939328,5460.9400,495.34,0,148508672,1,15.78,0.00,2440500224,33792,1955036672
194.9842,2387939328,5461.4600,495.14,0,148508672,1,15.77,0.00,2440500224,33792,1955036672
195.0889,2387939328,5461.9100,429.91,0,148508672,1,14.63,0.00,2440500224,33792,1958183936
195.1942,2387939328,5462.3400,408.45,0,148508672,1,13.36,0.00,2440500224,33792,1958183936
195.2994,2387939328,5462.7500,389.54,0,148508672,1,12.47,0.00,2440500224,33792,1958183936
195.4043,2387939328,5463.1700,400.74,0,148508672,1,13.12,0.00,2440500224,33792,1958183936
195.5093,2387939328,5463.6000,409.38,0,148508672,1,12.79,0.00,2440500224,33792,1958183936
195.6144,2387939328,5464.0200,399.63,0,148508672,1,12.19,0.00,2440500224,33792,1958183936
195.7191,2387939328,5464.4400,401.05,0,148508672,1,12.23,0.00,2440496128,33792,1958183936
195.8241,2387939328,5464.7500,295.39,0,148508672,1,9.53,0.00,2440496128,33792,1958183936
195.9293,2391097344,5465.0300,266.02,0,148508672,1,8.31,0.00,2443641856,33792,1958183936
196.0341,2391097344,5465.2300,190.78,0,148508672,1,6.26,0.00,2443641856,33792,1958331392
196.1386,2391097344,5465.4200,181.84,0,148508672,1,5.68,0.00,2443641856,33792,1958331392
196.2437,2391097344,5465.5300,104.72,0,148508672,1,3.27,0.00,2443641856,33792,1958331392
196.3483,2391097344,5465.6300,95.55,0,148508672,1,3.28,0.00,2443654144,33792,1958331392
196.4530,2391097344,5465.7300,95.52,0,148508672,1,3.28,0.00,2443650048,33792,1958331392
196.5580,2391097344,5465.8400,104.77,0,148508672,1,2.98,0.00,2443650048,33792,1958331392
196.6632,2391097344,5465.9500,104.58,0,148508672,1,3.27,0.00,2443650048,33792,1958478848
196.7686,2391097344,5466.0500,94.84,0,148508672,1,2.96,0.00,2443650048,33792,1958478848
196.8736,2391097344,5466.1600,104.83,0,148508672,1,3.28,0.00,2443650048,33792,1958478848
196.9788,2391097344,5466.2600,95.02,0,148508672,1,2.97,0.00,2443645952,33792,1958478848
197.0838,2391097344,5466.3700,104.78,0,148508672,1,3.27,0.00,2443383808,33792,1958478848
197.1889,2391097344,5466.4700,95.09,0,148508672,1,2.97,0.00,2443383808,33792,1958478848
197.2943,2391097344,5466.5800,104.36,0,148508672,1,3.26,0.00,2443383808,33792,1958478848
197.3998,2391097344,5466.6800,94.87,0,148508672,1,3.26,0.00,2443383808,33792,1958478848
197.5048,2391097344,5466.7900,104.73,0,148508672,1,3.27,0.00,2443383808,33792,1958573056
197.6098,2391097344,5466.8900,95.19,0,148508672,1,3.27,0.00,2443383808,33792,1958573056
197.7152,2391097344,5467.0000,104.45,0,148508672,1,3.26,0.00,2443383808,33792,1958585344
197.8204,2391097344,5467.1000,95.04,0,148508672,1,3.27,0.00,2443379712,33792,1958585344
197.9256,2391097344,5467.2100,104.51,0,148508672,1,2.97,0.00,2443379712,33792,1958585344
198.0309,2391097344,5467.3100,95.00,0,148508672,1,2.97,0.00,2443379712,33792,1958585344
198.1356,2391097344,5467.4200,105.02,0,148508672,1,3.28,0.00,2443379712,33792,1958585344
198.2407,2508111872,5469.2900,1779.23,0,148508672,1,63.63,0.00,2563679232,33792,1958585344
198.3512,2508111872,5472.4200,2834.38,0,148508672,1,82.35,0.00,2563445760,33792,1958585344
198.4573,2508111872,5475.4400,2844.76,0,148508672,1,89.49,0.00,2563187712,33792,1958585344
198.5630,2508111872,5478.4900,2885.41,0,148508672,1,90.46,0.00,2562929664,33792,1958593536
198.6738,2508111872,5481.8500,3033.68,0,148508672,1,95.08,0.00,2562847744,33792,1958593536
198.7798,2508111872,5484.9700,2944.28,0,148508672,1,95.25,0.00,2562847744,33792,1958593536
198.8856,2508111872,5488.2800,3127.88,0,148508672,1,93.32,0.00,2562847744,33792,1958593536
198.9915,2508111872,5491.4100,2954.77,0,148508672,1,92.63,0.00,2562847744,33792,1958593536
199.0976,2508111872,5494.6500,3053.90,0,148508672,1,96.02,0.00,2562847744,33792,1958626304
199.2046,2508111872,5497.8800,3018.29,0,148508672,1,97.53,0.00,2562843648,33792,1958626304
199.3105,2508111872,5501.1500,3087.56,0,148508672,1,93.24,0.00,2563105792,33792,1958626304
199.4208,2508111872,5504.4300,2974.08,0,148508672,1,96.62,0.00,2563105792,33792,1958687744
199.5266,2508111872,5507.7700,3158.28,0,148508672,1,94.85,0.00,2562847744,33792,1958687744
199.6322,2508111872,5511.0000,3057.43,0,148508672,1,99.98,0.00,2562847744,33792,1958687744
199.7383,2508111872,5514.3400,3148.56,0,148508672,1,94.27,0.00,2562847744,33792,1958687744
199.8457,2508111872,5517.6900,3117.51,0,148508672,1,97.13,0.00,2562847744,33792,1958687744
199.9512,2508111872,5520.9100,3054.00,0,148508672,1,95.44,0.00,2562843648,33792,1958687744
200.0573,2508111872,5524.2600,3157.33,0,148508672,1,98.96,0.00,2562843648,33792,1958687744
200.1633,2508111872,5527.4800,3036.89,0,148508672,1,95.20,0.29,2562843648,33792,1961258496
200.2728,2508111872,5530.8300,3059.65,0,148508672,1,99.90,0.00,2562843648,33792,1961258496
200.3790,2508111872,5534.1700,3145.13,0,148508672,1,94.17,0.00,2562843648,33792,1961258496
200.4846,2508111872,5537.4000,3058.99,0,148508672,1,98.85,0.00,2562843648,33792,1961258496
200.5905,2508111872,5540.7400,3152.12,0,148508672,1,99.98,0.00,2562843648,33792,1961315840
200.6982,2508111872,5544.0800,3103.99,0,148508672,1,92.64,0.00,2562839552,33792,1961315840
200.8040,2508111872,5547.3100,3051.65,0,148508672,1,98.61,0.00,2562839552,33792,1961315840
200.9100,2508111872,5550.6500,3151.85,0,148508672,1,95.25,0.00,2562839552,33792,1961315840
201.0159,2508111872,5553.8800,3047.63,0,148508672,1,98.78,0.00,2562839552,33792,1961315840
201.1243,2508111872,5557.2300,3091.47,0,148508672,1,96.32,0.00,2562835456,33792,1961315840
201.2303,2508111872,5560.5700,3150.50,0,148508672,1,95.21,0.00,2562835456,33792,1961315840
201.3360,2508111872,5563.7400,2998.59,0,148508672,1,97.25,0.00,2562835456,33792,1961315840
201.4427,2508111872,5566.9800,3038.89,0,148508672,1,94.97,0.00,2562831360,33792,1961315840
201.5505,2508111872,5570.2200,3003.43,0,148508672,1,90.38,0.00,2562831360,33792,1961315840
201.6561,2508111872,5573.3400,2955.68,0,148508672,1,95.92,0.00,2562831360,33792,1961315840
201.7622,2508111872,5576.5800,3053.31,0,148508672,1,92.47,0.00,2562831360,33792,1961315840
201.8682,2508111872,5579.7000,2944.98,0,148508672,1,94.98,0.00,2562831360,33792,1961315840
201.9741,2508111872,5582.9400,3056.80,0,148508672,1,95.53,0.00,2562831360,33792,1961315840
202.0828,2508111872,5586.1800,2982.53,0,148508672,1,90.33,0.00,2562831360,33792,1961315840
202.1883,2508111872,5589.3000,2957.47,0,148508672,1,95.38,0.00,2562827264,33792,1961315840
202.2978,2508111872,5592.6500,3058.57,0,148508672,1,92.16,0.00,2563089408,33792,1961315840
202.4038,2508111872,5595.7700,2943.14,0,148508672,1,95.51,0.00,2563089408,33792,1961315840
202.5096,2508111872,5599.0100,3064.09,0,148508672,1,92.50,0.00,2563089408,33792,1961340416
202.6149,2508111872,5602.1300,2960.67,0,148508672,1,93.41,0.00,2563089408,33792,1961340416
202.7257,2508111872,5605.4200,2971.50,0,148508672,1,92.29,0.00,2563093504,33792,1961340416
202.8315,2508111872,5608.5400,2947.31,0,148508672,1,92.10,0.00,2563093504,33792,1961438720
202.9370,2508111872,5611.6600,2957.24,0,148508672,1,95.67,0.00,2563085312,33792,1961438720
203.0428,2508111872,5614.8900,3053.22,0,148508672,1,92.75,0.00,2563085312,33792,1961438720
203.1498,2533023744,5618.1300,3028.55,0,148508672,1,94.35,0.00,2588251136,33792,1961438720
203.2556,2556219392,5621.2500,2949.59,0,148508672,1,92.47,0.00,2611581952,33792,1961455104
203.3617,2578817024,5624.4900,3051.84,0,148508672,1,98.31,0.00,2634650624,33792,1961496064
203.4704,2590404608,5627.6200,2879.35,0,148508672,1,87.11,0.00,2646447104,33792,1961496064
203.5758,2590404608,5630.6300,2856.49,0,148508672,1,92.23,0.00,2646217728,33792,1961496064
203.6819,2590404608,5633.7600,2950.09,0,148508672,1,92.78,0.00,2645980160,33792,1961496064
203.7906,2599448576,5636.9900,2972.15,0,148508672,1,89.14,0.00,2655036416,33792,1961700864
203.8965,2599448576,5640.1100,2946.49,0,148508672,1,95.03,0.00,2655036416,33792,1961700864
204.0029,2599448576,5643.3400,3033.69,0,148508672,1,99.21,0.00,2655036416,33792,1961700864
204.1144,2599448576,5646.7000,3015.41,0,148508672,1,88.34,0.00,2655036416,33792,1961700864
204.2201,2621169664,5649.8500,2980.34,0,148508672,1,94.91,0.00,2677421056,33792,1961700864
204.3263,2621169664,5653.0900,3048.46,0,148508672,1,92.62,0.00,2677138432,33792,1961700864
204.4337,2647658496,5656.3300,3019.40,0,148508672,1,94.36,0.00,2704135168,33792,1961700864
204.5395,2647658496,5659.4500,2947.69,0,148508672,1,94.48,0.00,2704135168,33792,1961700864
204.6459,2647658496,5662.6900,3043.83,0,148508672,1,92.18,0.00,2704135168,33792,1961700864
204.7537,2647658496,5665.9200,2998.83,0,148508672,1,94.58,0.00,2704135168,33792,1961700864
204.8595,2647658496,5669.0500,2958.11,0,148508672,1,91.56,0.00,2704135168,33792,1961700864
204.9691,2647658496,5672.4000,3054.44,0,148508672,1,99.73,0.00,2704135168,33792,1961700864
205.0786,2647658496,5675.6100,2932.62,0,148508672,1,87.65,0.00,2704135168,33792,1961700864
205.1849,2660900864,5678.7400,2945.14,0,148508672,1,96.15,0.00,2718553088,33792,1961700864
205.2909,2672828416,5682.0900,3159.85,0,148508672,1,95.21,0.00,2729616384,33792,1964405248
205.3972,2672828416,5685.4400,3150.16,0,148508672,1,98.15,0.00,2729612288,33792,1964405248
205.5029,2697998336,5688.5500,2943.73,0,148508672,1,99.68,0.00,2755032064,33792,1964405248
205.6139,2697998336,5692.0200,3124.41,0,148508672,1,90.88,0.00,2754774016,33792,1964405248
205.7196,2722902016,5695.2500,3056.44,0,148508672,1,95.51,0.00,2779943936,33792,1964405248
205.8254,2756145152,5698.6100,3177.81,0,148508672,1,99.60,0.00,2813428736,33792,1964405248
205.9313,2779914240,5701.8300,3039.37,0,148508672,1,94.98,0.00,2836788224,33792,1964405248
206.0372,2834100224,5705.0500,3040.92,0,148508672,1,99.16,0.00,2893935616,33792,1964614144
206.1429,2854731776,5708.3900,3160.47,0,148508672,1,95.22,0.00,2911790080,33792,1964614144
206.2487,2854731776,5711.6200,3052.86,0,148508672,1,98.95,0.00,2911790080,33792,1964614144
206.3544,2854731776,5714.9600,3159.35,0,148508672,1,95.18,0.00,2911712256,33792,1964614144
206.4601,2866495488,5718.2000,3064.74,0,148508672,1,99.02,0.00,2924033024,33792,1964614144
206.5665,2866495488,5721.5400,3140.58,0,148508672,1,95.50,0.00,2924028928,33792,1964614144
206.6738,2866495488,5724.8900,3121.63,0,148508672,1,96.97,0.00,2924028928,33792,1964614144
206.7794,2866495488,5728.1100,3047.56,0,148508672,1,95.53,0.00,2924028928,33792,1964614144
206.8898,2866495488,5731.5800,3144.26,0,148508672,1,97.98,0.00,2924016640,33792,1964614144
206.9949,2866495488,5734.8000,3064.95,0,148508672,1,96.08,0.00,2924016640,33792,1964614144
207.1008,2866495488,5738.0300,3049.46,0,148508672,1,98.54,0.00,2924016640,33792,1964614144
207.2059,2866495488,5741.3700,3176.70,0,148508672,1,96.60,0.00,2924012544,33792,1964614144
207.3111,2879741952,5744.6000,3070.11,0,148508672,1,95.05,0.00,2936857600,33792,1964614144
207.4170,2879741952,5747.9300,3144.98,0,148508672,1,102.41,0.00,2936857600,33792,1964614144
207.5258,2879741952,5751.4300,3217.66,0,148508672,1,97.97,0.00,2936857600,33792,1964614144
207.6309,2879741952,5754.6400,3053.32,0,148508672,1,94.23,0.00,2936857600,33792,1964810752
207.7366,2879741952,5757.8300,3019.64,0,148508672,1,98.51,0.00,2936857600,33792,1964810752
207.8422,2879741952,5761.1800,3169.81,0,148508672,1,95.21,0.00,2936620032,33792,1964978688
207.9479,2879741952,5764.4000,3048.27,0,148508672,1,98.51,0.00,2936615936,33792,1964978688
208.0546,2879741952,5767.7000,3091.14,0,148508672,1,93.67,0.00,2939446272,33792,1964978688
208.1601,2882539520,5770.7400,2881.41,0,148508672,1,93.01,0.00,2939335680,33792,1964978688
208.2698,2884112384,5773.9800,2954.81,0,148508672,1,88.63,0.00,2941170688,33792,1964978688
208.3752,2887258112,5776.9100,2779.95,0,148508672,1,87.76,0.00,2944128000,33792,1964978688
208.4805,2887258112,5779.8200,2762.04,0,148508672,1,89.58,0.00,2944128000,33792,1964978688
208.5863,2890403840,5782.7900,2807.74,0,148508672,1,85.38,0.00,2947535872,33792,1964978688
208.6920,2890403840,5785.6000,2660.08,0,148508672,1,85.20,0.00,2947531776,33792,1964978688
208.7976,2893549568,5788.4800,2725.22,0,148508672,1,81.91,0.00,2950677504,33792,1965036032
208.9038,2893549568,5791.1800,2543.45,0,148508672,1,83.60,0.00,2950677504,33792,1965036032
209.0091,2893549568,5793.9900,2667.84,0,148508672,1,78.62,0.00,2950419456,33792,1965036032
209.1150,2893549568,5796.6900,2548.90,0,148508672,1,80.54,0.00,2950419456,33792,1965036032
209.2209,2896695296,5799.3700,2531.07,0,148508672,1,82.05,0.00,2953565184,33792,1965036032
209.3265,2896695296,5802.0700,2557.49,0,148508672,1,78.15,0.00,2953565184,33792,1965036032
209.4327,2899841024,5804.6600,2438.34,0,148508672,1,77.67,0.00,2956710912,33792,1965261312
209.5381,2899841024,5807.2500,2458.25,0,148508672,1,74.45,0.00,2956710912,33792,1965261312
209.6430,2899841024,5809.7400,2373.71,0,148508672,1,73.88,0.00,2956481536,33792,1965273600
209.7484,2899841024,5812.2400,2370.83,0,148508672,1,76.16,0.00,2956481536,33792,1965273600
209.8540,2899841024,5814.8300,2452.72,0,148508672,1,74.28,0.00,2956481536,33792,1965273600
209.9590,2899841024,5817.3300,2381.55,0,148508672,1,75.02,0.00,2956481536,33792,1965343232
210.0647,2899841024,5819.8200,2356.38,0,148508672,1,77.19,0.00,2956481536,33792,1965343232
210.1700,2911244288,5822.3200,2372.56,0,148508672,1,69.99,0.00,2968011776,33792,1965343232
210.2759,2911244288,5824.5100,2069.13,0,148508672,1,67.91,0.00,2968011776,33792,1965343232
210.3808,2911244288,5826.6900,2077.79,0,148508672,1,64.34,0.00,2967786496,33792,1965343232
210.4858,2920681472,5828.9400,2142.68,0,148508672,1,65.17,0.00,2977485824,33792,1968922624
210.5911,2923827200,5830.9800,1936.63,0,148508672,1,59.33,0.00,2980406272,33792,1968922624
210.6958,2928939008,5832.9600,1891.05,0,148508672,1,61.18,0.00,2985489408,33792,1968922624
210.8010,2932084736,5834.7600,1711.83,0,148508672,1,52.90,0.00,2988672000,33792,1968922624
210.9059,2932084736,5836.5900,1743.68,0,148508672,1,52.70,0.00,2988442624,33792,1968922624
211.0106,2932084736,5838.3600,1691.08,0,148508672,1,52.55,0.00,2988442624,33792,1968922624
211.1159,2935230464,5840.0800,1633.69,0,148508672,1,53.43,0.00,2991588352,33792,1968922624
211.2210,2938376192,5841.6700,1512.26,0,148508672,1,46.66,0.00,2994734080,33792,1968922624
211.3260,2938376192,5843.2900,1543.40,0,148508672,1,46.74,0.00,2994996224,33792,1968922624
211.4310,2941521920,5844.7600,1400.19,0,148508672,1,43.46,0.00,2998137856,33792,1968922624
211.5361,2944667648,5846.1700,1341.34,0,148508672,1,44.00,0.00,3001283584,33792,1968922624
211.6410,2944667648,5847.5200,1286.77,0,148508672,1,39.91,0.00,3001283584,33792,1968922624
211.7461,2944667648,5848.9200,1332.64,0,148508672,1,40.16,0.00,3001283584,33792,1968922624
211.8510,2947813376,5850.2000,1220.12,0,148508672,1,38.13,0.00,3004691456,33792,1968922624
211.9563,2950959104,5851.4200,1158.06,0,148508672,1,37.38,0.00,3007575040,33792,1968922624
212.0618,2950959104,5852.6000,1119.16,0,148508672,1,33.79,0.00,3007570944,33792,1968922624
212.1671,2954104832,5853.7000,1044.35,0,148508672,1,32.34,0.00,3010528256,33792,1968922624
212.2724,2957250560,5854.6700,921.28,0,148508672,1,29.98,0.00,3013673984,33792,1968922624
212.3774,2961969152,5855.6300,913.73,0,148508672,1,27.07,0.00,3018654720,33792,1968922624
212.4827,2971406336,5856.4600,788.42,0,148508672,1,24.64,0.00,3028091904,33792,1968922624
212.5880,2976124928,5857.2000,702.58,0,148508672,1,23.14,0.00,3032704000,33792,1968922624
212.6930,2985562112,5857.7000,476.18,0,148508672,1,14.29,0.00,3042665472,33792,1968922624
212.7985,2990280704,5858.0700,350.88,0,148508672,1,10.67,0.00,3047384064,33792,1968922624
212.9036,2998145024,5858.3000,218.78,0,148508672,1,6.84,0.00,3055244288,33792,1968922624
213.0086,2998145024,5858.4000,95.23,0,148508672,1,3.27,0.00,3055244288,33792,1968922624
213.1140,2998145024,5858.5100,104.38,0,148508672,1,2.97,0.00,3055244288,33792,1968922624
213.2187,2998145024,5858.6100,95.54,0,148508672,1,4.18,0.00,3055023104,33792,1968984064
213.3234,2998145024,5858.7200,105.09,0,148508672,1,3.58,0.00,3055023104,33792,1969025024
213.4297,3012386816,5860.1200,1316.90,0,148508672,1,42.33,0.00,3070964736,33792,1969025024
213.5361,3012386816,5863.4500,3129.47,0,148508672,1,101.03,0.00,3070448640,33792,1969025024
213.6425,3012386816,5866.9000,3242.55,0,148508672,1,102.50,0.00,3070186496,33792,1969025024
213.7501,3012386816,5870.3600,3215.94,0,148508672,1,96.14,0.00,3069985792,33792,1969025024
213.8556,3012386816,5873.6900,3155.14,0,148508672,1,99.49,0.00,3069985792,33792,1969025024
213.9617,3012386816,5877.1400,3252.41,0,148508672,1,105.17,0.00,3070247936,33792,1969025024
214.0701,3012386816,5880.5800,3173.40,0,148508672,1,95.42,0.00,3070252032,33792,1969025024
214.1761,3012386816,5883.9100,3140.67,0,148508672,1,101.09,0.00,3070252032,33792,1969025024
214.2820,3012386816,5887.2900,3192.23,0,148508672,1,96.51,0.00,3070583808,33792,1969025024
214.3876,3012386816,5890.5200,3057.21,0,148508672,1,95.83,0.00,3070579712,33792,1969025024
214.4931,3012386816,5893.7400,3054.44,0,148508672,1,99.60,0.00,3070579712,33792,1969049600
214.5985,3012386816,5897.0900,3177.20,0,148508672,1,98.40,0.00,3070575616,33792,1969049600
214.7067,3012386816,5900.4300,3086.53,0,148508672,1,93.57,0.00,3070096384,33792,1969049600
214.8125,3012386816,5903.6600,3052.33,0,148508672,1,99.22,0.00,3070100480,33792,1969049600
214.9180,3012386816,5907.0000,3168.49,0,148508672,1,94.27,0.00,3069842432,33792,1969049600
215.0247,3012386816,5910.2300,3025.78,0,148508672,1,98.95,0.00,3069842432,33792,1969049600
215.1306,3012386816,5913.5700,3153.40,0,148508672,1,94.12,0.00,3069842432,33792,1969049600
215.2356,3012386816,5916.8000,3076.87,0,148508672,1,99.72,0.00,3069576192,33792,1969049600
215.3418,3012386816,5920.1400,3145.65,0,148508672,1,95.06,0.00,3069838336,33792,1969049600
215.4497,3012386816,5923.4900,3105.36,0,148508672,1,96.75,0.00,3069580288,33792,1969049600
215.5552,3012386816,5926.7000,3042.14,0,148508672,1,96.25,0.00,3069625344,33792,1971116544
215.6603,3012386816,5929.9300,3072.71,0,148508672,1,99.29,0.00,3069461504,33792,1971116544
215.7657,3012386816,5933.2700,3167.67,0,148508672,1,98.69,0.00,3069461504,33792,1971116544
215.8745,3012386816,5936.6200,3080.79,0,148508672,1,93.40,0.00,3068945408,33792,1971194368
215.9800,3012386816,5939.8500,3060.57,0,148508672,1,98.90,0.00,3068945408,33792,1971194368
216.0851,3012386816,5943.0700,3064.97,0,148508672,1,95.78,0.00,3068945408,33792,1971341824
216.1902,3012386816,5946.4100,3175.67,0,148508672,1,95.38,0.00,3068941312,33792,1971341824
216.2959,3012386816,5949.6400,3056.30,0,148508672,1,95.51,0.00,3068945408,33792,1971341824
216.4058,3012386816,5953.1000,3149.07,0,148508672,1,98.98,0.00,3068945408,33792,1971341824
216.5107,3012386816,5956.3300,3080.14,0,148508672,1,95.36,0.00,3068945408,33792,1971341824
216.6156,3012386816,5959.5500,3066.99,0,148508672,1,96.74,0.00,3068945408,33792,1971341824
216.7208,3012386816,5962.7800,3071.69,0,148508672,1,99.26,0.00,3068941312,33792,1971341824
216.8260,3012386816,5966.1200,3174.53,0,148508672,1,95.94,0.00,3068941312,33792,1971341824
216.9314,3012386816,5969.3500,3065.41,0,148508672,1,94.90,0.00,3068945408,33792,1971341824
217.0370,3012386816,5972.5700,3049.98,0,148508672,1,99.16,0.00,3068945408,33792,1971341824
217.1420,3012386816,5975.9100,3180.90,0,148508672,1,96.43,0.00,3068945408,33792,1971341824
217.2497,3012386816,5979.2600,3110.74,0,148508672,1,96.92,0.00,3068945408,33792,1971341824
217.3548,3012386816,5982.4900,3071.59,0,148508672,1,96.28,0.00,3068945408,33792,1971341824
217.4599,3012386816,5985.7100,3063.95,0,148508672,1,99.32,0.00,3068941312,33792,1971341824
217.5649,3012386816,5988.9300,3067.25,0,148508672,1,99.42,0.00,3068941312,33792,1971382784
217.6736,3012386816,5992.4100,3200.60,0,148508672,1,93.12,0.00,3068941312,33792,1971382784
217.7784,3012386816,5995.6300,3073.15,0,148508672,1,96.04,0.00,3068941312,33792,1971382784
217.8839,3012386816,5998.8600,3062.01,0,148508672,1,95.39,0.00,3068793856,33792,1971382784
217.9893,3012386816,6002.2000,3168.23,0,148508672,1,99.30,0.00,3068797952,33792,1971382784
218.0940,3012386816,6005.4200,3074.21,0,148508672,1,96.37,0.00,3068797952,33792,1971382784
218.2017,3012386816,6008.7700,3112.67,0,148508672,1,96.69,0.00,3068797952,33792,1971382784
218.3068,3012386816,6011.9900,3063.51,0,148508672,1,96.63,0.00,3068793856,33792,1971476992
218.4125,3035197440,6015.2100,3046.02,0,148508672,1,102.87,0.00,3092386816,33792,1971476992
218.5225,3035197440,6018.6800,3153.88,0,148508672,1,90.61,0.00,3092386816,33792,1971476992
218.6277,3035197440,6021.9100,3070.80,0,148508672,1,96.56,0.00,3091874816,33792,1971476992
218.7334,3038797824,6025.2500,3160.49,0,148508672,1,98.77,0.00,3095544832,33792,1971476992
218.8386,3041288192,6028.4900,3079.07,0,148508672,1,96.52,0.00,3097949184,33792,1971476992
218.9441,3041288192,6031.7100,3052.55,0,148508672,1,98.95,0.00,3097949184,33792,1971476992
219.0499,3041288192,6035.0600,3166.70,0,148508672,1,94.53,0.00,3097949184,33792,1971476992
219.1546,3041288192,6038.2800,3073.29,0,148508672,1,96.34,0.00,3097949184,33792,1971476992
219.2599,3041288192,6041.5100,3069.48,0,148508672,1,98.89,0.00,3097945088,33792,1971476992
219.3656,3041288192,6044.8500,3159.42,0,148508672,1,96.37,0.00,3097945088,33792,1971476992
219.4726,3044978688,6048.0800,3019.86,0,148508672,1,97.29,0.00,3101615104,33792,1971476992
219.5782,3044978688,6051.4200,3162.26,0,148508672,1,96.45,0.00,3101615104,33792,1971476992
219.6837,3044978688,6054.6500,3062.27,0,148508672,1,98.66,0.00,3101615104,33792,1971476992
219.7907,3044978688,6058.0000,3129.24,0,148508672,1,93.70,0.00,3101615104,33792,1971476992
219.8965,3044978688,6061.2300,3054.37,0,148508672,1,102.25,0.00,3101611008,33792,1971476992
220.0059,3044978688,6064.6900,3160.92,0,148508672,1,92.50,0.00,3101611008,33792,1971476992
220.1118,3044978688,6067.9200,3049.25,0,148508672,1,96.47,0.00,3101611008,33792,1971476992
220.2170,3044978688,6071.1400,3060.75,0,148508672,1,98.92,0.00,3101611008,33792,1971476992
220.3225,3047813120,6074.4900,3176.47,0,148508672,1,94.23,0.00,3104494592,33792,1971538432
220.4280,3047813120,6077.7100,3052.36,0,148508672,1,95.98,0.00,3104494592,33792,1971538432
220.5378,3047813120,6081.1800,3161.07,0,148508672,1,99.92,0.00,3104490496,33792,1971538432
220.6434,3051626496,6084.4000,3047.81,0,148508672,1,93.77,0.00,3108160512,33792,1974923776
220.7487,3051626496,6087.6200,3058.17,0,148508672,1,99.72,0.00,3107906560,33792,1974923776
220.8543,3051626496,6090.9700,3174.29,0,148508672,1,95.05,0.00,3107906560,33792,1974923776
220.9594,3051626496,6094.1900,3063.67,0,148508672,1,97.23,0.00,3107906560,33792,1974923776
221.0644,3051626496,6097.4200,3075.61,0,148508672,1,98.49,0.00,3107906560,33792,1974923776
221.1694,3051626496,6100.7600,3180.50,0,148508672,1,99.09,0.00,3107906560,33792,1974923776
221.2785,3105890304,6103.9100,2887.76,0,148508672,1,87.38,0.00,3163829248,33792,1974923776
221.3838,3105890304,6107.1300,3058.22,0,148508672,1,94.68,0.00,3163329536,33792,1974923776
221.4886,3105890304,6110.3600,3079.91,0,148508672,1,99.82,0.00,3163329536,33792,1974923776
221.5941,3106676736,6113.7000,3168.34,0,148508672,1,95.45,0.00,3166475264,33792,1974923776
221.6987,3109036032,6116.9200,3078.25,0,148508672,1,99.78,0.00,3166475264,33792,1974923776
221.8061,3109036032,6120.2700,3117.00,0,148508672,1,94.21,0.00,3166475264,33792,1974923776
221.9112,3109036032,6123.5000,3074.42,0,148508672,1,95.48,0.00,3166221312,33792,1974923776
222.0164,3109036032,6126.7200,3061.14,0,148508672,1,100.41,0.00,3166217216,33792,1974923776
222.1214,3109036032,6130.0700,3188.76,0,148508672,1,94.89,0.00,3166217216,33792,1974923776
222.2271,3109036032,6133.2900,3048.00,0,148508672,1,95.84,0.00,3166217216,33792,1974923776
222.3361,3109036032,6136.6400,3074.03,0,148508672,1,100.08,0.00,3166479360,33792,1974923776
222.4410,3109036032,6139.8600,3068.29,0,148508672,1,94.99,0.00,3166479360,33792,1974923776
222.5466,3109036032,6143.2100,3173.81,0,148508672,1,95.92,0.00,3166479360,33792,1974923776
222.6511,3109036032,6146.4300,3079.82,0,148508672,1,95.95,0.00,3166315520,33792,1974923776
222.7560,3109036032,6149.6600,3078.36,0,148508672,1,100.67,0.00,3166315520,33792,1974923776
222.8610,3109036032,6152.8800,3068.50,0,148508672,1,95.00,0.00,3166315520,33792,1974923776
222.9662,3109036032,6156.2200,3173.63,0,148508672,1,96.21,0.00,3166053376,33792,1974923776
223.0708,3109036032,6159.4500,3088.33,0,148508672,1,95.91,0.00,3166053376,33792,1974923776
223.1760,3109036032,6162.6700,3059.80,0,148508672,1,100.37,0.00,3166053376,33792,1974923776
223.2823,3115327488,6165.9300,3067.52,0,148508672,1,91.16,0.00,3172344832,33792,1974923776
223.3872,3121618944,6168.5600,2508.55,0,148508672,1,78.09,0.00,3178636288,33792,1974964736
223.4931,3121618944,6171.3600,2641.71,0,148508672,1,83.14,0.00,3178632192,33792,1974964736
223.5986,3121618944,6174.0600,2560.84,0,148508672,1,80.62,0.00,3178632192,33792,1974964736
223.7038,3121618944,6176.7700,2576.55,0,148508672,1,82.89,0.00,3178632192,33792,1974964736
223.8092,3121618944,6179.5800,2665.82,0,148508672,1,80.64,0.00,3178398720,33792,1974964736
223.9141,3121618944,6182.2800,2573.84,0,148508672,1,80.43,0.00,3178398720,33792,1974964736
224.0192,3121618944,6184.9800,2568.36,0,148508672,1,80.56,0.00,3178398720,33792,1974964736
224.1247,3121618944,6187.6900,2569.41,0,148508672,1,82.66,0.00,3178394624,33792,1974964736
224.2302,3121618944,6190.5000,2663.07,0,148508672,1,80.26,0.00,3178394624,33792,1974964736
224.3357,3124764672,6193.1100,2472.56,0,148508672,1,77.56,0.00,3181548544,33792,1974964736
224.4409,3127910400,6195.6600,2424.92,0,148508672,1,77.86,0.00,3184792576,33792,1974964736
224.5465,3134201856,6198.0900,2302.12,0,148508672,1,68.68,0.00,3191084032,33792,1974964736
224.6517,3134201856,6200.3800,2175.34,0,148508672,1,70.95,0.00,3191084032,33792,1974993408
224.7570,3134201856,6202.6700,2175.23,0,148508672,1,68.27,0.00,3191018496,33792,1975063040
224.8620,3137347584,6205.0100,2228.55,0,148508672,1,66.67,0.00,3194422272,33792,1975063040
224.9669,3137347584,6207.1900,2077.99,0,148508672,1,64.94,0.00,3194422272,33792,1975063040
225.0718,3137347584,6209.3700,2079.09,0,148508672,1,67.06,0.00,3194422272,33792,1975063040
225.1768,3137347584,6211.5600,2084.54,0,148508672,1,65.74,0.00,3194164224,33792,1975063040
225.2818,3137347584,6213.8300,2162.71,0,148508672,1,64.61,0.00,3194426368,33792,1975431680
225.3868,3137347584,6216.0200,2086.15,0,148508672,1,65.19,0.00,3194164224,33792,1975431680
225.4918,3137347584,6218.2000,2075.24,0,148508672,1,67.83,0.00,3194164224,33792,1975431680
225.5972,3143639040,6220.3600,2049.00,0,148508672,1,61.07,0.00,3200726016,33792,1975431680
225.7022,3143639040,6222.3400,1886.68,0,148508672,1,58.66,0.00,3200472064,33792,1975431680
225.8071,3143639040,6224.3100,1877.19,0,148508672,1,59.56,0.00,3200472064,33792,1977078272
225.9122,3143639040,6226.2900,1884.44,0,148508672,1,61.86,0.00,3200357376,33792,1977078272
226.0175,3143639040,6228.3400,1947.12,0,148508672,1,59.07,0.00,3200259072,33792,1977078272
226.1225,3143639040,6230.3200,1885.35,0,148508672,1,58.92,0.00,3200254976,33792,1977229824
226.2275,3143639040,6232.2900,1876.83,0,148508672,1,58.65,0.00,3200254976,33792,1977229824
226.3328,3146784768,6234.2000,1812.87,0,148508672,1,59.62,0.00,3203400704,33792,1977229824
226.4378,3146784768,6236.1500,1856.71,0,148508672,1,55.34,0.00,3203400704,33792,1977229824
226.5429,3146784768,6238.0200,1780.64,0,148508672,1,55.64,0.00,3203396608,33792,1977229824
226.6480,3146784768,6239.8900,1779.07,0,148508672,1,57.68,0.00,3203658752,33792,1977229824
226.7529,3146784768,6241.7200,1743.97,0,148508672,1,55.39,0.00,3203658752,33792,1977229824
226.8583,3149930496,6243.5800,1764.07,0,148508672,1,52.76,0.00,3206542336,33792,1977229824
226.9634,3169198080,6245.0100,1361.55,0,148508672,1,41.36,0.00,3225228288,33792,1977229824
227.0687,3169198080,6246.1500,1082.46,0,148508672,1,35.61,0.00,3225228288,33792,1977258496
227.1735,3169198080,6247.3400,1134.93,0,148508672,1,34.57,0.00,3225224192,33792,1977258496
227.2785,3169198080,6248.4800,1085.73,0,148508672,1,33.63,0.00,3225224192,33792,1977258496
227.3836,3169198080,6249.6300,1094.28,0,148508672,1,33.90,0.00,3225183232,33792,1977258496
227.4888,3175489536,6250.7500,1064.61,0,148508672,1,34.16,0.00,3231736832,33792,1977287168
227.5940,3175489536,6251.7200,922.39,0,148508672,1,27.34,0.00,3231736832,33792,1977287168
227.6989,3178635264,6252.6500,886.52,0,148508672,1,28.00,0.00,3234882560,33792,1977287168
227.8041,3184926720,6253.3500,665.34,0,148508672,1,20.79,0.00,3240952832,33792,1977287168
227.9093,3184926720,6254.0000,618.02,0,148508672,1,19.91,0.00,3240948736,33792,1977287168
228.0146,3184926720,6254.6200,588.69,0,148508672,1,17.80,0.00,3240690688,33792,1977287168
228.1198,3191218176,6255.2300,579.93,0,148508672,1,19.01,0.00,3247244288,33792,1977287168
228.2249,3200655360,6255.5600,313.84,0,148508672,1,8.62,0.00,3256681472,33792,1977287168
228.3337,3204947968,6256.6100,965.60,0,148508672,1,32.19,0.00,3262915584,33792,1977287168
228.4393,3204947968,6259.7300,2953.46,0,148508672,1,92.89,0.00,3262661632,33792,1977287168
228.5449,3204947968,6262.8500,2955.16,0,148508672,1,95.90,0.00,3262407680,33792,1977287168
228.6505,3204947968,6266.0900,3066.53,0,148508672,1,94.94,0.00,3261903872,33792,1977356800
228.7577,3204947968,6269.3300,3024.95,0,148508672,1,91.90,0.00,3261400064,33792,1977356800
228.8629,3204947968,6272.4500,2963.99,0,148508672,1,92.33,0.00,3261395968,33792,1977688576
228.9698,3204947968,6275.6800,3022.51,0,148508672,1,95.33,0.00,3261395968,33792,1977688576
229.0753,3204947968,6278.8000,2956.37,0,148508672,1,91.20,0.00,3261395968,33792,1977688576
229.1818,3204947968,6282.0400,3043.35,0,148508672,1,95.69,0.00,3261395968,33792,1977688576
229.2874,3204947968,6285.1100,2906.96,0,148508672,1,91.14,0.00,3261395968,33792,1977688576
229.3978,3204947968,6288.4600,3034.79,0,148508672,1,94.84,0.00,3261395968,33792,1977688576
229.5033,3204947968,6291.5800,2956.63,0,148508672,1,92.39,0.00,3261391872,33792,1977688576
229.6089,3204947968,6294.7000,2953.57,0,148508672,1,96.44,0.00,3261391872,33792,1977688576
229.7138,3204947968,6297.9400,3088.28,0,148508672,1,91.74,0.00,3260892160,33792,1977688576
229.8189,3204947968,6301.0600,2970.92,0,148508672,1,93.44,0.00,3260892160,33792,1977856512
229.9240,3204947968,6304.1800,2967.48,0,148508672,1,92.73,0.00,3260892160,33792,1977864704
230.0294,3204947968,6307.4200,3074.89,0,148508672,1,96.68,0.00,3260892160,33792,1977864704
230.1343,3204947968,6310.5400,2973.14,0,148508672,1,91.72,0.00,3260888064,33792,1977913856
230.2418,3204947968,6313.7700,3005.34,0,148508672,1,94.79,0.00,3260888064,33792,1977913856
230.3473,3204947968,6316.9000,2966.45,0,148508672,1,92.70,0.00,3260888064,33792,1977913856
230.4527,3204947968,6320.0200,2960.48,0,148508672,1,95.18,0.00,3260888064,33792,1977913856
230.5617,3204947968,6323.3700,3074.53,0,148508672,1,93.50,0.00,3260888064,33792,1977913856
230.6664,3204947968,6326.4900,2978.97,0,148508672,1,93.39,0.00,3260896256,33792,1977913856
230.7713,3204947968,6329.6700,3030.54,0,148508672,1,95.00,0.00,3260896256,33792,1977913856
230.8817,3204947968,6333.1400,3144.87,0,148508672,1,101.39,0.00,3260892160,33792,1981469696
230.9898,3204947968,6336.4400,3051.83,0,148508672,1,92.48,0.00,3261154304,33792,1981469696
231.0956,3204947968,6339.5600,2948.49,0,148508672,1,95.39,0.00,3261154304,33792,1981502464
231.2021,3204947968,6342.9000,3136.14,0,148508672,1,94.19,0.00,3261158400,33792,1981502464
231.3098,3204947968,6346.2500,3111.98,0,148508672,1,97.83,0.00,3261158400,33792,1981502464
231.4151,3204947968,6349.4700,3056.53,0,148508672,1,94.33,0.00,3260896256,33792,1981502464
231.5203,3204947968,6352.7000,3071.53,0,148508672,1,100.15,0.00,3260892160,33792,1981502464
231.6250,3204947968,6355.9200,3073.80,0,148508672,1,96.06,0.00,3261154304,33792,1981502464
231.7325,3204947968,6359.2700,3115.57,0,148508672,1,96.78,0.00,3261154304,33792,1981502464
231.8378,3204947968,6362.6100,3172.52,0,148508672,1,96.77,0.00,3261154304,33792,1981502464
231.9427,3204947968,6365.8400,3079.10,0,148508672,1,95.63,0.00,3261154304,33792,1981502464
232.0538,3204947968,6369.3100,3124.18,0,148508672,1,97.07,0.00,3261154304,33792,1981502464
232.1592,3204947968,6372.5300,3053.69,0,148508672,1,96.61,0.00,3261154304,33792,1981502464
232.2644,3204947968,6375.7600,3071.49,0,148508672,1,98.96,0.00,3261150208,33792,1981502464
232.3697,3204947968,6379.1000,3171.52,0,148508672,1,96.74,0.00,3261150208,33792,1981502464
232.4749,3204947968,6382.3200,3061.09,0,148508672,1,94.47,0.00,3261150208,33792,1981502464
232.5797,3204947968,6385.5500,3083.55,0,148508672,1,96.96,0.00,3261150208,33792,1981502464
232.6850,3204947968,6388.7700,3057.87,0,148508672,1,98.82,0.00,3261150208,33792,1981502464
232.7901,3204947968,6392.1200,3185.03,0,148508672,1,99.24,0.00,3261158400,33792,1981531136
232.8981,3204947968,6395.4600,3093.99,0,148508672,1,94.08,0.00,3261158400,33792,1981531136
233.0030,3204947968,6398.6900,3078.66,0,148508672,1,95.91,0.00,3261158400,33792,1981531136
233.1085,3204947968,6401.9100,3050.88,0,148508672,1,99.78,0.00,3261154304,33792,1981531136
233.2177,3184336896,6405.3700,3171.08,0,148508672,1,94.51,0.00,3244549120,33792,1981563904
233.3297,3177267200,6408.8300,3089.34,0,148508672,1,97.38,0.00,3233346560,33792,1981604864
233.4347,3165110272,6412.0600,3076.00,0,148508672,1,95.53,0.00,3221476352,33792,1981604864
233.5405,3165110272,6415.2800,3041.95,0,148508672,1,103.03,0.00,3221472256,33792,1981604864
233.6504,3165110272,6418.7500,3157.79,0,148508672,1,91.57,0.00,3221472256,33792,1981604864
233.7550,3165110272,6421.9700,3078.24,0,148508672,1,95.90,0.00,3221230592,33792,1981604864
233.8603,3152732160,6425.2000,3067.54,0,148508672,1,99.42,0.00,3209024512,33792,1981604864
233.9691,3152732160,6428.5500,3078.96,0,148508672,1,96.22,0.00,3209024512,33792,1981604864
234.0746,3152732160,6431.8900,3167.49,0,148508672,1,95.43,0.00,3209028608,33792,1981604864
234.1796,3152732160,6435.1100,3065.11,0,148508672,1,95.78,0.00,3209028608,33792,1981604864
234.2848,3152732160,6438.3400,3069.94,0,148508672,1,100.09,0.00,3209028608,33792,1981604864
234.3937,3135664128,6441.8100,3188.25,0,148508672,1,95.61,0.00,3191825408,33792,1981604864
234.4985,3122937856,6445.0500,3088.89,0,148508672,1,96.23,0.00,3179312128,33792,1981604864
234.6042,3122937856,6448.3800,3152.32,0,148508672,1,103.24,0.00,3179308032,33792,1981604864
234.7095,3132768256,6451.8300,3274.97,0,148508672,1,97.60,0.00,3188782080,33792,1981604864
234.8150,3132768256,6455.1600,3157.78,0,148508672,1,98.98,0.00,3188298752,33792,1981604864
234.9204,3132768256,6458.4900,3158.08,0,148508672,1,102.25,0.00,3188298752,33792,1981604864
235.0263,3132768256,6461.9400,3257.62,0,148508672,1,98.85,0.00,3188298752,33792,1981604864
235.1337,3132768256,6465.4000,3224.00,0,148508672,1,100.17,0.00,3188298752,33792,1981604864
235.2389,3132768256,6468.7300,3163.39,0,148508672,1,98.26,0.00,3188298752,33792,1981699072
235.3441,3132768256,6472.0500,3156.84,0,148508672,1,103.70,0.00,3188560896,33792,1981699072
235.4493,3117273088,6475.5000,3278.64,0,148508672,1,98.00,0.00,3173274624,33792,1981699072
235.5549,3117273088,6478.8300,3154.96,0,148508672,1,101.85,0.00,3173274624,33792,1981699072
235.6621,3117273088,6482.2800,3216.97,0,148508672,1,97.62,0.00,3173274624,33792,1981699072
235.7673,3117273088,6485.6100,3165.10,0,148508672,1,99.21,0.00,3173032960,33792,1981699072
235.8738,3117273088,6489.0700,3249.94,0,148508672,1,101.27,0.00,3173032960,33792,1981699072
235.9794,3117273088,6492.4000,3151.82,0,148508672,1,97.61,0.00,3172770816,33792,1981699072
236.0857,3098603520,6495.8400,3235.66,0,148508672,1,102.88,0.00,3148624896,33792,1984043520
236.1913,3001364480,6499.0600,3050.48,0,148508672,1,93.85,0.00,3056698368,33792,1984043520
236.2978,3001364480,6502.4000,3136.74,0,148508672,1,98.32,0.00,3056698368,33792,1984043520
236.4025,3001364480,6505.6200,3075.89,0,148508672,1,96.12,0.00,3056604160,33792,1984043520
236.5077,3001364480,6508.8500,3069.71,0,148508672,1,99.49,0.00,3056600064,33792,1984043520
236.6139,2970796032,6512.1900,3145.14,0,148508672,1,94.46,0.00,3027051520,33792,1984043520
236.7217,2970796032,6515.5300,3099.13,0,148508672,1,97.43,0.00,3027051520,33792,1984043520
236.8271,2970796032,6518.7600,3062.38,0,148508672,1,96.29,0.00,3026789376,33792,1984043520
236.9326,2970796032,6521.9800,3052.45,0,148508672,1,98.06,0.00,3026301952,33792,1984043520
237.0418,2970796032,6525.4500,3177.94,0,148508672,1,95.59,0.00,3026301952,33792,1984043520
237.1473,2970796032,6528.6800,3061.46,0,148508672,1,96.56,0.00,3026301952,33792,1984043520
237.2522,2970796032,6531.9000,3068.66,0,148508672,1,98.58,0.00,3026301952,33792,1984043520
237.3572,2970796032,6535.1300,3077.85,0,148508672,1,96.48,0.00,3026301952,33792,1984043520
237.4627,2970796032,6538.4700,3166.80,0,148508672,1,94.81,0.00,3026297856,33792,1984043520
237.5677,2970796032,6541.7000,3075.93,0,148508672,1,97.31,0.00,3025798144,33792,1984043520
237.6778,2970796032,6545.1600,3141.97,0,148508672,1,97.90,0.00,3025798144,33792,1984043520
237.7828,2970796032,6548.3800,3065.86,0,148508672,1,95.51,0.00,3025794048,33792,1984043520
237.8883,2970796032,6551.6100,3063.38,0,148508672,1,99.88,0.00,3025794048,33792,1984051712
237.9933,2970796032,6554.9500,3179.11,0,148508672,1,95.48,0.00,3025794048,33792,1984051712
238.0989,2970796032,6558.1800,3058.60,0,148508672,1,95.58,0.00,3025794048,33792,1984051712
238.2046,2970796032,6561.2800,2932.45,0,148508672,1,94.60,0.00,3025794048,33792,1984051712
238.3097,2970796032,6564.2500,2825.65,0,148508672,1,87.71,0.00,3025810432,33792,1984051712
238.4182,2970796032,6567.1200,2647.22,0,148508672,1,80.13,0.00,3026072576,33792,1984051712
238.5232,2970796032,6569.7200,2476.32,0,148508672,1,77.09,0.00,3025818624,33792,1984051712
238.6288,2970796032,6572.4200,2556.41,0,148508672,1,83.73,0.00,3025814528,33792,1984113152
238.7341,2970796032,6575.2200,2657.53,0,148508672,1,79.19,0.00,3025556480,33792,1984182784
238.8399,2970796032,6577.9300,2562.62,0,148508672,1,83.33,0.00,3025294336,33792,1984182784
238.9453,2970796032,6580.7400,2666.70,0,148508672,1,80.07,0.00,3025286144,33792,1984182784
239.0502,2970796032,6583.4400,2572.64,0,148508672,1,81.29,0.00,3025286144,33792,1984182784
239.1555,2970796032,6586.1400,2565.03,0,148508672,1,79.27,0.00,3025286144,33792,1984182784
239.2608,2970796032,6588.8600,2581.76,0,148508672,1,84.24,0.00,3025384448,33792,1984182784
239.3658,2970796032,6591.4600,2477.15,0,148508672,1,74.14,0.00,3025384448,33792,1984182784
239.4714,2970796032,6593.8500,2263.62,0,148508672,1,72.22,0.00,3025646592,33792,1984182784
239.5766,2970796032,6596.1400,2175.89,0,148508672,1,69.78,0.00,3025646592,33792,1984182784
239.6821,2970796032,6598.5200,2255.80,0,148508672,1,67.83,0.00,3025646592,33792,1984182784
239.7874,2970796032,6600.8100,2174.64,0,148508672,1,67.36,0.00,3025187840,33792,1984240128
239.8929,2970796032,6603.0900,2161.43,0,148508672,1,71.10,0.00,3025187840,33792,1984240128
239.9982,2970796032,6605.4700,2261.10,0,148508672,1,67.69,0.00,3025187840,33792,1984240128
240.1033,2970796032,6607.7600,2178.00,0,148508672,1,68.36,0.00,3025187840,33792,1984248320
240.2087,2970796032,6610.0500,2173.16,0,148508672,1,70.88,0.00,3025187840,33792,1984248320
240.3142,2970796032,6612.4300,2256.43,0,148508672,1,67.55,0.00,3025187840,33792,1984363008
240.4191,2970796032,6614.6300,2096.03,0,148508672,1,65.20,0.00,3025449984,33792,1984363008
240.5239,2970796032,6616.8200,2090.89,0,148508672,1,67.73,0.00,3025445888,33792,1984363008
240.6291,2970796032,6619.0900,2156.39,0,148508672,1,65.61,0.00,3025445888,33792,1984363008
240.7346,2970796032,6621.2700,2067.88,0,148508672,1,64.32,0.00,3025445888,33792,1984363008
240.8399,2970796032,6623.4500,2070.28,0,148508672,1,67.96,0.00,3025187840,33792,1984363008
240.9449,2970796032,6625.6300,2074.41,0,148508672,1,63.93,0.00,3025187840,33792,1984363008
241.0504,2970796032,6627.9000,2152.37,0,148508672,1,65.19,0.00,3025449984,33792,1984363008
241.1553,2970796032,6629.9800,1982.26,0,148508672,1,61.95,0.00,3025445888,33792,1987893760
241.2602,2970796032,6632.0600,1983.70,0,148508672,1,64.97,0.00,3025445888,33792,1987893760
241.3656,2970796032,6634.2200,2048.49,0,148508672,1,60.76,0.00,3025675264,33792,1987893760
241.4707,2970796032,6636.3000,1978.90,0,148508672,1,62.44,0.00,3025675264,33792,1988090368
241.5762,2970796032,6638.3800,1973.09,0,148508672,1,63.14,0.00,3025667072,33792,1988286976
241.6815,2955198464,6640.3100,1831.46,0,148508672,1,55.75,0.00,3010278400,33792,1988286976
241.7872,2955198464,6642.0500,1646.20,0,148508672,1,50.85,0.00,3010278400,33792,1988286976
241.8924,2955198464,6643.5100,1387.92,0,148508672,1,45.15,0.00,3009758208,33792,1988286976
241.9973,2955198464,6644.9100,1334.49,0,148508672,1,39.02,0.00,3009836032,33792,1988286976
242.1026,2955198464,6646.1600,1187.54,0,148508672,1,38.00,0.00,3009836032,33792,1988286976
242.2077,2961489920,6647.3500,1131.96,0,148508672,1,36.56,0.00,3016127488,33792,1988286976
242.3132,2961489920,6648.4300,1024.41,0,148508672,1,30.53,0.00,3016127488,33792,1988286976
242.4184,2961489920,6649.4700,987.77,0,148508672,1,30.87,0.00,3015869440,33792,1988286976
242.5237,2961489920,6650.4400,921.29,0,148508672,1,28.79,0.00,3016127488,33792,1988286976
242.6287,2961489920,6651.3800,895.33,0,148508672,1,28.87,0.00,3016127488,33792,1988286976
242.7338,2961489920,6652.3500,923.48,0,148508672,1,27.37,0.00,3016127488,33792,1988286976
242.8390,2961489920,6653.2800,884.10,0,148508672,1,27.93,0.00,3015869440,33792,1988286976
242.9441,2961489920,6654.2200,893.65,0,148508672,1,28.82,0.00,3015869440,33792,1988286976
243.0492,2961489920,6655.1200,856.27,0,148508672,1,25.57,0.00,3016598528,33792,1988286976
243.1546,2967781376,6655.6700,522.17,0,148508672,1,16.32,0.00,3023152128,33792,1988286976
243.2598,2967781376,6655.9900,304.04,0,148508672,1,10.09,0.00,3023410176,33792,1988286976
243.3651,2967781376,6656.2800,275.45,0,148508672,1,8.31,0.00,3022902272,33792,1988332032
243.4700,2967781376,6656.4500,162.02,0,148508672,1,5.06,0.00,3022644224,33792,1988332032
243.5752,2967781376,6656.5500,95.06,0,148508672,1,2.97,0.00,3022644224,33792,1988332032
243.6817,2987835392,6656.8600,291.20,0,148508672,1,11.15,0.00,3044262912,33792,1988332032
243.7869,2987835392,6659.8400,2831.32,0,148508672,1,87.59,0.00,3044025344,33792,1988332032
243.8924,2987835392,6662.8600,2863.36,0,148508672,1,93.33,0.00,3044025344,33792,1988332032
243.9974,2987835392,6665.9900,2980.46,0,148508672,1,88.68,0.00,3043767296,33792,1988332032
244.1057,2987835392,6669.1200,2892.06,0,148508672,1,90.67,0.00,3043763200,33792,1988332032
244.2205,2987835392,6672.3700,2829.97,0,148508672,1,92.25,0.00,3043763200,33792,1988332032
244.3259,2987835392,6675.6000,3065.72,0,148508672,1,91.65,0.00,3043763200,33792,1988332032
244.4302,2987835392,6678.7200,2989.37,0,148508672,1,94.02,0.00,3043763200,33792,1988332032
244.5349,2987835392,6681.8400,2979.26,0,148508672,1,93.40,0.00,3043763200,33792,1988332032
244.6403,2987835392,6684.9600,2961.15,0,148508672,1,95.80,0.00,3043582976,33792,1988332032
244.7465,2987835392,6688.1500,3004.18,0,148508672,1,89.76,0.00,3043845120,33792,1988479488
244.8522,2987835392,6691.1600,2848.47,0,148508672,1,93.45,0.00,3043845120,33792,1988479488
244.9578,2987835392,6694.2900,2964.39,0,148508672,1,88.20,0.00,3043582976,33792,1988479488
245.0634,2987835392,6697.3100,2858.80,0,148508672,1,89.93,0.00,3043845120,33792,1988479488
245.1692,2987835392,6700.5500,3062.57,0,148508672,1,96.00,0.00,3043582976,33792,1988479488
245.2748,2987835392,6703.6700,2955.45,0,148508672,1,92.65,0.00,3043845120,33792,1988479488
245.3799,2987835392,6706.7900,2966.47,0,148508672,1,95.97,0.00,3043845120,33792,1988479488
245.4856,2987835392,6710.0300,3065.20,0,148508672,1,91.94,0.00,3043623936,33792,1988479488
245.5907,2987835392,6713.1500,2969.84,0,148508672,1,93.10,0.00,3043886080,33792,1988479488
245.6967,2987835392,6716.2700,2942.32,0,148508672,1,95.19,0.00,3043886080,33792,1988479488
245.8022,2987835392,6719.5100,3071.79,0,148508672,1,92.73,0.00,3043881984,33792,1988479488
245.9072,2987835392,6722.6300,2971.24,0,148508672,1,92.26,0.00,3043623936,33792,1988479488
246.0133,2987835392,6725.8700,3055.02,0,148508672,1,96.65,0.00,3043623936,33792,1988479488
246.1192,2987835392,6728.9900,2946.59,0,148508672,1,91.49,0.00,3043619840,33792,1988741632
246.2250,2987835392,6732.1100,2947.39,0,148508672,1,95.35,0.00,3043619840,33792,1988741632
246.3305,2987835392,6735.4300,3147.86,0,148508672,1,95.70,0.00,3043623936,33792,1991101952
246.4360,2987835392,6738.6600,3060.41,0,148508672,1,98.89,0.00,3043623936,33792,1991101952
246.5422,2987835392,6742.0100,3156.32,0,148508672,1,95.10,0.00,3043623936,33792,1991122432
246.6473,2987835392,6745.2300,3061.23,0,148508672,1,95.37,0.00,3043623936,33792,1991122432
246.7531,2987835392,6748.5800,3168.12,0,148508672,1,99.89,0.00,3043623936,33792,1991122432
246.8586,2987835392,6751.8000,3052.02,0,148508672,1,95.08,0.00,3043623936,33792,1991122432
246.9640,2987835392,6755.0300,3065.29,0,148508672,1,99.05,0.00,3043619840,33792,1991122432
247.0695,2987835392,6758.3700,3165.37,0,148508672,1,95.96,0.00,3043619840,33792,1991122432
247.1754,2987835392,6761.6000,3050.73,0,148508672,1,95.34,0.00,3043619840,33792,1991122432
247.2805,2987835392,6764.8200,3062.50,0,148508672,1,99.27,0.00,3043619840,33792,1991122432
247.3859,2987835392,6768.1700,3178.91,0,148508672,1,95.19,0.00,3043623936,33792,1991122432
247.4919,2987835392,6771.3900,3036.57,0,148508672,1,99.31,0.00,3043623936,33792,1991122432
247.5973,2987835392,6774.7400,3179.68,0,148508672,1,95.51,0.00,3043623936,33792,1991171584
247.7031,2987835392,6777.9600,3043.00,0,148508672,1,95.39,0.00,3043619840,33792,1991171584
247.8087,2987835392,6781.1900,3058.91,0,148508672,1,99.14,0.00,3043607552,33792,1991171584
247.9140,2987835392,6784.5400,3181.30,0,148508672,1,95.85,0.00,3043554304,33792,1991171584
248.0194,2987835392,6787.7600,3053.73,0,148508672,1,95.13,0.00,3043554304,33792,1991171584
248.1251,2987835392,6790.9800,3048.64,0,148508672,1,98.82,0.00,3043554304,33792,1991171584
248.2302,2987835392,6794.3300,3185.94,0,148508672,1,96.29,0.00,3043554304,33792,1991171584
248.3360,2987835392,6797.5600,3054.18,0,148508672,1,98.69,0.00,3043554304,33792,1991171584
248.4416,2987835392,6800.9000,3162.89,0,148508672,1,95.88,0.00,3043550208,33792,1991171584
248.5474,2987835392,6804.1300,3051.00,0,148508672,1,94.75,0.00,3043550208,33792,1991233024
248.6529,3011428352,6807.4800,3175.51,0,148508672,1,100.72,0.00,3067143168,33792,1991233024
248.7597,3011428352,6810.7000,3015.03,0,148508672,1,97.15,0.00,3067143168,33792,1991233024
248.8653,3011428352,6814.0500,3174.40,0,148508672,1,95.65,0.00,3067282432,33792,1991233024
248.9707,3011428352,6817.2700,3053.23,0,148508672,1,95.12,0.00,3067282432,33792,1991233024
249.0762,3011428352,6820.5000,3062.66,0,148508672,1,99.26,0.00,3067282432,33792,1991233024
249.1815,3011428352,6823.8400,3172.14,0,148508672,1,95.86,0.00,3067282432,33792,1991233024
249.2871,3011428352,6827.0700,3058.25,0,148508672,1,95.87,0.00,3067282432,33792,1991233024
249.3923,3036594176,6830.2900,3060.72,0,148508672,1,99.81,0.00,3092448256,33792,1991294464
249.4983,3036594176,6833.6400,3158.69,0,148508672,1,94.29,0.00,3092444160,33792,1991355904
249.6038,3036594176,6836.8700,3063.84,0,148508672,1,99.60,0.00,3092456448,33792,1991355904
249.7102,3045638144,6840.2100,3139.55,0,148508672,1,94.59,0.00,3101631488,33792,1991355904
249.8166,3055075328,6843.3900,2988.45,0,148508672,1,96.62,0.00,3111162880,33792,1991355904
249.9223,3059400704,6846.6900,3119.58,0,148508672,1,93.94,0.00,3115672576,33792,1991355904
250.0283,3059400704,6849.8200,2953.00,0,148508672,1,96.11,0.00,3115672576,33792,1991355904
250.1340,3059400704,6853.0600,3065.44,0,148508672,1,92.84,0.00,3115672576,33792,1991355904
250.2405,3059400704,6856.1800,2931.73,0,148508672,1,94.55,0.00,3115934720,33792,1991355904
250.3462,3059400704,6859.4200,3063.84,0,148508672,1,92.49,0.00,3115803648,33792,1991355904
250.4519,3059400704,6862.5400,2952.06,0,148508672,1,96.10,0.00,3115803648,33792,1991355904
250.5578,3065298944,6865.7800,3059.44,0,148508672,1,90.89,0.00,3122095104,33792,1991355904
250.6643,3065298944,6868.9000,2930.50,0,148508672,1,95.69,0.00,3122091008,33792,1991355904
250.7704,3065298944,6872.1400,3052.70,0,148508672,1,91.57,0.00,3122091008,33792,1991355904
250.8761,3065298944,6875.2600,2952.24,0,148508672,1,95.51,0.00,3121832960,33792,1991355904
250.9823,3068051456,6878.5000,3050.27,0,148508672,1,92.67,0.00,3124716544,33792,1991355904
251.0885,3068051456,6881.6200,2937.29,0,148508672,1,95.32,0.00,3124716544,33792,1991450112
251.1944,3072770048,6884.8600,3060.18,0,148508672,1,92.38,0.00,3128919040,33792,1991450112
251.3008,3082207232,6887.9800,2932.81,0,148508672,1,94.59,0.00,3138618368,33792,1991450112
251.4070,3082207232,6891.2400,3069.52,0,148508672,1,93.27,0.00,3138618368,33792,1994519040
251.5131,3098329088,6894.5400,3108.89,0,148508672,1,96.86,0.00,3154723840,33792,1994519040
251.6204,3107766272,6897.6700,2918.59,0,148508672,1,94.12,0.00,3165729792,33792,1994519040
251.7276,3109339136,6901.0100,3115.40,0,148508672,1,97.36,0.00,3166077952,33792,1994519040
251.8342,3118776320,6904.3600,3142.92,0,148508672,1,95.87,0.00,3175592960,33792,1994519040
251.9406,3118776320,6907.5800,3025.42,0,148508672,1,97.48,0.00,3175334912,33792,1994519040
252.0467,3118776320,6910.9100,3138.23,0,148508672,1,96.01,0.00,3175076864,33792,1994519040
252.1525,3118776320,6914.0300,2948.15,0,148508672,1,95.08,0.00,3175076864,33792,1994519040
252.2584,3118776320,6917.1600,2957.36,0,148508672,1,88.28,0.00,3175076864,33792,1994519040
252.3641,3118776320,6920.2800,2950.02,0,148508672,1,96.92,0.00,3174814720,33792,1994519040
252.4705,3118776320,6923.4900,3019.40,0,148508672,1,89.95,0.00,3174446080,33792,1994519040
252.5768,3118776320,6926.6100,2933.08,0,148508672,1,95.48,0.00,3174441984,33792,1994519040
252.6829,3118776320,6929.8500,3055.41,0,148508672,1,91.65,0.00,3174441984,33792,1994519040
252.7888,3118776320,6932.9700,2946.43,0,148508672,1,95.62,0.00,3174446080,33792,1994519040
252.8946,3118776320,6936.2100,3062.72,0,148508672,1,93.05,0.00,3174704128,33792,1994519040
253.0007,3118776320,6939.2300,2845.76,0,148508672,1,91.58,0.00,3174704128,33792,1994519040
253.1067,3118776320,6942.3600,2951.30,0,148508672,1,89.87,0.00,3174704128,33792,1994519040
253.2128,3118776320,6945.3700,2836.98,0,148508672,1,91.90,0.00,3174704128,33792,1994519040
253.3191,3118776320,6948.5100,2955.49,0,148508672,1,88.54,0.00,3174704128,33792,1994564096
253.4248,3118776320,6951.5200,2846.33,0,148508672,1,93.38,0.00,3174704128,33792,1994711552
253.5313,3125690368,6954.6500,2939.99,0,148508672,1,87.47,0.00,3181519872,33792,1994711552
253.6378,3138273280,6957.5400,2712.70,0,148508672,1,84.77,0.00,3194364928,33792,1994711552
253.7441,3138273280,6960.2400,2539.84,0,148508672,1,83.19,0.00,3194364928,33792,1994711552
253.8499,3138273280,6963.0700,2676.07,0,148508672,1,79.79,0.00,3194373120,33792,1994711552
253.9557,3138273280,6965.7700,2552.19,0,148508672,1,80.64,0.00,3194115072,33792,1994736128
254.0613,3138273280,6968.5800,2659.86,0,148508672,1,82.82,0.00,3194110976,33792,1994736128
254.1666,3144564736,6971.2800,2564.48,0,148508672,1,80.73,0.00,3200664576,33792,1994736128
254.2728,3144564736,6973.9900,2551.11,0,148508672,1,82.37,0.00,3200410624,33792,1994736128
254.3792,3152023552,6976.7400,2585.61,0,148508672,1,76.69,0.00,3207910400,33792,1994736128
254.4849,3152023552,6979.3400,2458.66,0,148508672,1,80.38,0.00,3207906304,33792,1995076096
254.5909,3152023552,6982.0400,2547.58,0,148508672,1,76.07,0.00,3207906304,33792,1995076096
254.6970,3152023552,6984.6300,2440.40,0,148508672,1,79.50,0.29,3207910400,33792,1995076096
254.8030,3158315008,6987.2700,2490.80,0,148508672,1,74.89,0.00,3214464000,33792,1995076096
254.9086,3158315008,6989.7700,2368.35,0,148508672,1,76.97,0.00,3214205952,33792,1995076096
255.0144,3158315008,6992.4000,2484.93,0,148508672,1,75.29,0.00,3214205952,33792,1995076096
255.1205,3158315008,6995.0000,2451.25,0,148508672,1,78.96,0.00,3214205952,33792,1995076096
255.2261,3158315008,6997.7000,2556.90,0,148508672,1,77.24,0.00,3213562880,33792,1995149824
255.3322,3164606464,7000.2900,2442.06,0,148508672,1,80.14,0.00,3220116480,33792,1995149824
255.4378,3164606464,7002.9100,2480.05,0,148508672,1,73.95,0.00,3220378624,33792,1995149824
255.5436,3164606464,7005.4100,2363.22,0,148508672,1,73.56,0.00,3220378624,33792,1995149824
255.6496,3164606464,7008.0000,2442.81,0,148508672,1,76.63,0.00,3220378624,33792,1995149824
255.7549,3164606464,7010.4900,2365.69,0,148508672,1,74.82,0.00,3220374528,33792,1995149824
255.8606,3172175872,7012.9200,2298.89,0,148508672,1,73.61,0.00,3227722752,33792,1995149824
255.9662,3172175872,7015.4000,2348.78,0,148508672,1,71.03,0.00,3227718656,33792,1995149824
256.0714,3172175872,7017.7900,2271.45,0,148508672,1,70.98,0.00,3227722752,33792,1995305472
256.1768,3172175872,7019.9700,2067.33,0,148508672,1,66.68,0.00,3227722752,33792,1995305472
256.2830,3176108032,7022.1500,2053.06,0,148508672,1,61.51,0.00,3234280448,33792,1995305472
256.3887,3185504256,7024.0500,1798.22,0,148508672,1,58.26,0.00,3241096192,33792,1995305472
256.4941,3193049088,7025.9500,1802.04,0,148508672,1,54.54,0.00,3248960512,33792,1999855616
256.5996,3193049088,7027.7200,1677.89,0,148508672,1,52.14,0.00,3248702464,33792,1999855616
256.7053,3193049088,7029.5500,1730.67,0,148508672,1,54.38,0.00,3248698368,33792,1999855616
256.8107,3193049088,7031.3200,1680.64,0,148508672,1,52.52,0.00,3248698368,33792,1999855616
256.9159,3193049088,7033.0900,1680.96,0,148508672,1,54.31,0.00,3248698368,33792,1999855616
257.0215,3193442304,7034.7800,1601.00,0,148508672,1,48.25,0.00,3248669696,33792,1999855616
257.1276,3193442304,7036.3400,1470.71,0,148508672,1,45.37,0.00,3248669696,33792,1999855616
257.2329,3200933888,7037.8100,1396.34,0,148508672,1,44.82,0.00,3256013824,33792,1999855616
257.3384,3200933888,7039.2100,1326.19,0,148508672,1,40.56,0.00,3255755776,33792,1999855616
257.4440,3200933888,7040.5600,1279.21,0,148508672,1,40.86,0.00,3256013824,33792,1999855616
257.5495,3213123584,7041.8600,1232.04,0,148508672,1,37.61,0.00,3269125120,33792,1999867904
257.6552,3213123584,7042.9000,983.54,0,148508672,1,30.74,0.00,3268867072,33792,1999867904
257.7603,3213123584,7043.9400,989.42,0,148508672,1,32.11,0.00,3268617216,33792,1999867904
257.8653,3219415040,7045.0200,1028.68,0,148508672,1,30.06,0.00,3274904576,33792,1999867904
257.9706,3225706496,7045.8700,807.52,0,148508672,1,25.53,0.00,3281204224,33792,1999867904
258.0758,3225706496,7046.6600,750.63,0,148508672,1,24.35,0.00,3281138688,33792,1999867904
258.1809,3231997952,7047.2300,542.57,0,148508672,1,17.25,0.00,3287692288,33792,1999867904
258.2864,3232391168,7047.6200,369.68,0,148508672,1,10.66,0.00,3287827456,33792,1999867904
258.3919,3232391168,7047.8300,199.04,0,148508672,1,6.81,0.00,3287831552,33792,1999867904
258.4972,3257753600,7049.7300,1804.32,0,148508672,1,62.32,0.00,3313775616,33792,1999921152
258.6078,3257753600,7053.0800,3027.25,0,148508672,1,94.60,0.00,3313472512,33792,1999925248
258.7139,3257753600,7056.3200,3053.34,0,148508672,1,92.77,0.00,3313472512,33792,1999978496
258.8194,3257753600,7059.4400,2959.20,0,148508672,1,92.18,0.00,3313734656,33792,1999978496
258.9251,3257753600,7062.6800,3064.87,0,148508672,1,96.37,0.00,3313472512,33792,1999978496
259.0312,3257753600,7065.8000,2940.64,0,148508672,1,90.72,0.00,3313476608,33792,2000023552
259.1374,3257753600,7069.0500,3060.63,0,148508672,1,96.23,0.00,3313472512,33792,2000023552
259.2436,3257753600,7072.1700,2937.75,0,148508672,1,91.80,0.00,3313472512,33792,2000023552
259.3498,3257753600,7075.4100,3049.34,0,148508672,1,95.00,0.00,3313210368,33792,2000064512
259.4562,3257753600,7078.5300,2934.55,0,148508672,1,95.82,0.00,3313210368,33792,2000064512
259.5621,3257753600,7081.7900,3076.35,0,148508672,1,92.60,0.00,3313210368,33792,2000072704
259.6683,3257753600,7084.9600,2984.58,0,148508672,1,96.50,0.00,3313210368,33792,2000072704
259.7745,3257753600,7088.2000,3052.56,0,148508672,1,92.45,0.00,3313210368,33792,2000072704
259.8803,3257753600,7091.3200,2947.73,0,148508672,1,95.36,0.00,3313210368,33792,2000072704
259.9866,3257753600,7094.5600,3048.09,0,148508672,1,92.02,0.00,3313210368,33792,2000072704
260.0929,3257753600,7097.6700,2925.09,0,148508672,1,95.23,0.00,3313210368,33792,2000097280
260.1992,3257753600,7100.9100,3049.38,0,148508672,1,92.06,0.00,3313210368,33792,2000097280
260.3094,3257753600,7104.2700,3049.50,0,148508672,1,94.45,0.00,3313210368,33792,2000097280
260.4157,3257753600,7107.3900,2935.32,0,148508672,1,96.14,0.00,3313210368,33792,2000097280
260.5214,3257753600,7110.6400,3072.58,0,148508672,1,92.18,0.00,3313210368,33792,2000097280
260.6277,3257753600,7113.7600,2936.48,0,148508672,1,95.00,0.00,3313210368,33792,2000097280
260.7338,3257753600,7117.0000,3052.27,0,148508672,1,92.44,0.00,3313210368,33792,2000097280
260.8398,3257753600,7120.1200,2944.23,0,148508672,1,95.25,0.00,3313472512,33792,2000097280
260.9460,3257753600,7123.3600,3050.02,0,148508672,1,92.08,0.00,3313476608,33792,2000097280
261.0522,3257753600,7126.4800,2940.38,0,148508672,1,95.42,0.00,3313476608,33792,2000097280
261.1583,3257753600,7129.7200,3053.40,0,148508672,1,92.47,0.00,3313738752,33792,2000097280
261.2644,3257753600,7132.8400,2939.02,0,148508672,1,94.79,0.00,3313476608,33792,2000097280
261.3706,3257753600,7136.0800,3050.49,0,148508672,1,91.21,0.00,3313476608,33792,2000097280
261.4769,3257753600,7139.2000,2936.91,0,148508672,1,96.48,0.00,3313476608,33792,2000097280
261.5828,3257753600,7142.4400,3058.16,0,148508672,1,91.73,0.00,3313476608,33792,2000097280
261.6889,3257753600,7145.5600,2939.93,0,148508672,1,94.52,0.00,3313472512,33792,2003091968
261.7951,3257753600,7148.7300,2986.97,0,148508672,1,90.69,0.00,3313472512,33792,2003091968
261.9009,3257753600,7151.7500,2854.29,0,148508672,1,92.74,0.00,3313734656,33792,2003091968
262.0069,3257753600,7154.8800,2951.66,0,148508672,1,89.00,0.00,3313996800,33792,2003091968
262.1130,3257753600,7157.8900,2836.05,0,148508672,1,92.16,0.00,3313996800,33792,2003091968
262.2192,3257753600,7161.0300,2958.03,0,148508672,1,89.20,0.00,3313734656,33792,2003091968
262.3253,3257753600,7164.1600,2949.26,0,148508672,1,92.16,0.00,3313730560,33792,2003091968
262.4315,3257753600,7167.1800,2844.13,0,148508672,1,88.00,0.00,3313730560,33792,2003091968
262.5377,3257753600,7170.4200,3052.17,0,148508672,1,96.26,0.00,3313730560,33792,2003091968
262.6433,3257753600,7173.5400,2952.84,0,148508672,1,91.98,0.00,3313730560,33792,2003153408
262.7495,3257753600,7176.7800,3050.28,0,148508672,1,94.73,0.00,3313730560,33792,2003153408
262.8556,3257753600,7179.9000,2942.68,0,148508672,1,92.55,0.00,3313730560,33792,2003153408
262.9616,3257753600,7183.1400,3054.66,0,148508672,1,95.46,0.00,3313730560,33792,2003153408
263.0677,3257753600,7186.2600,2941.98,0,148508672,1,94.88,0.00,3313726464,33792,2003153408
263.1738,3257753600,7189.5000,3052.02,0,148508672,1,92.43,0.00,3313726464,33792,2003153408
263.2800,3257753600,7192.6200,2939.32,0,148508672,1,95.39,0.00,3313726464,33792,2003153408
263.3862,3258146816,7195.8500,3040.72,0,148508672,1,92.08,0.00,3313959936,33792,2003223040
263.4929,3226447872,7198.9700,2925.40,0,148508672,1,94.93,0.00,3283993600,33792,2003223040
263.5991,3199352832,7202.2400,3078.21,0,148508672,1,93.25,0.00,3255874560,33792,2003223040
263.7054,3199352832,7205.4600,3027.83,0,148508672,1,94.33,0.00,3255763968,33792,2003223040
263.8118,3199352832,7208.4800,2840.56,0,148508672,1,91.71,0.00,3255763968,33792,2003223040
263.9178,3178860544,7211.6000,2942.93,0,148508672,1,89.90,0.00,3235349504,33792,2003223040
264.0241,3178860544,7214.6200,2840.22,0,148508672,1,91.99,0.00,3234874368,33792,2003223040
264.1303,3178860544,7217.7500,2946.87,0,148508672,1,87.38,0.00,3234870272,33792,2003223040
264.2365,3178860544,7220.8400,2911.24,0,148508672,1,95.69,0.00,3234870272,33792,2003223040
264.3426,3178860544,7224.0800,3051.56,0,148508672,1,91.24,0.00,3234870272,33792,2003223040
264.4489,3178860544,7227.2000,2935.09,0,148508672,1,94.66,0.00,3234870272,33792,2003223040
264.5548,3178860544,7230.4400,3061.11,0,148508672,1,92.41,0.00,3234870272,33792,2003223040
264.6609,3178860544,7233.5600,2940.79,0,148508672,1,96.02,0.00,3234735104,33792,2003223040
264.7672,3178860544,7236.8000,3048.67,0,148508672,1,91.74,0.00,3234731008,33792,2003223040
264.8732,3178860544,7240.0400,3054.58,0,148508672,1,95.16,0.00,3234731008,33792,2003223040
264.9793,3178860544,7243.1600,2942.15,0,148508672,1,93.12,0.00,3234735104,33792,2003223040
265.0854,3178860544,7246.4000,3052.57,0,148508672,1,94.80,0.00,3234735104,33792,2003223040
265.1917,3178860544,7249.5200,2935.97,0,148508672,1,94.69,0.00,3234735104,33792,2003223040
265.2978,3178860544,7252.7600,3052.57,0,148508672,1,93.04,0.00,3234624512,33792,2003223040
265.4039,3178860544,7255.9300,2988.08,0,148508672,1,96.62,0.00,3234288640,33792,2003292672
265.5101,3180433408,7259.2800,3153.61,0,148508672,1,94.43,0.00,3235755008,33792,2003292672
265.6163,3180433408,7262.5000,3034.20,0,148508672,1,99.53,0.00,3235644416,33792,2003292672
265.7226,3179982848,7265.8500,3150.77,0,148508672,1,93.76,0.00,3235533824,33792,2003292672
265.8287,3179982848,7269.0800,3042.62,0,148508672,1,98.32,0.00,3235423232,33792,2003292672
265.9349,3179982848,7272.4200,3147.40,0,148508672,1,93.94,0.00,3235423232,33792,2003292672
266.0410,3179982848,7275.6500,3042.86,0,148508672,1,99.80,0.00,3235423232,33792,2003358208
266.1472,3162165248,7278.9900,3146.65,0,148508672,1,95.39,0.00,3217228800,33792,2003440128
266.2535,3169882112,7282.3200,3131.77,0,148508672,1,96.99,0.00,3225101312,33792,2003440128
266.3627,3169480704,7285.5300,2939.93,0,148508672,1,92.73,0.00,3225072640,33792,2003440128
266.4692,3169480704,7288.6600,2937.31,0,148508672,1,91.50,0.00,3225072640,33792,2003440128
266.5754,3169480704,7291.6800,2844.54,0,148508672,1,88.60,0.00,3225072640,33792,2003440128
266.6815,3169480704,7294.8100,2949.86,0,148508672,1,93.07,0.00,3225072640,33792,2003440128
266.7897,3169480704,7298.1200,3060.53,0,148508672,1,95.06,0.00,3225072640,33792,2006317056
266.8963,3169480704,7301.2400,2927.03,0,148508672,1,95.28,0.00,3225072640,33792,2006317056
267.0025,3169480704,7304.4800,3049.90,0,148508672,1,91.78,0.00,3224843264,33792,2006317056
267.1086,3169480704,7307.6200,2957.93,0,148508672,1,99.21,0.00,3224839168,33792,2006317056
267.2188,3169480704,7311.0900,3149.79,0,148508672,1,91.34,0.00,3224839168,33792,2006325248
267.3249,3169480704,7314.3100,3033.88,0,148508672,1,98.64,0.00,3225097216,33792,2006325248
267.4311,3169480704,7317.6600,3157.02,0,148508672,1,95.71,0.00,3224835072,33792,2006325248
267.5371,3169480704,7321.0000,3148.23,0,148508672,1,102.51,0.00,3224835072,33792,2006325248
267.6467,3169480704,7324.3500,3057.41,0,148508672,1,90.98,0.00,3224880128,33792,2006325248
267.7528,3169480704,7327.5700,3035.26,0,148508672,1,98.68,0.00,3224880128,33792,2006378496
267.8590,3169480704,7330.9200,3155.20,0,148508672,1,95.07,0.00,3224880128,33792,2006378496
267.9688,3169480704,7334.2700,3051.18,0,148508672,1,99.33,0.00,3224880128,33792,2006378496
268.0749,3169480704,7337.6100,3147.12,0,148508672,1,94.23,0.00,3224880128,33792,2006378496
268.1810,3169480704,7340.8400,3043.96,0,148508672,1,99.54,0.00,3225027584,33792,2006378496
268.2875,3171053568,7344.0700,3033.43,0,148508672,1,90.39,0.00,3226661888,33792,2006378496
268.3977,3171053568,7347.0900,2741.31,0,148508672,1,85.95,0.00,3226440704,33792,2006378496
268.5038,3171053568,7349.8000,2553.62,0,148508672,1,82.75,0.00,3226440704,33792,2006435840
268.6100,3171053568,7352.6700,2703.02,0,148508672,1,82.41,0.00,3226440704,33792,2006435840
268.7161,3171053568,7355.4800,2648.44,0,148508672,1,85.41,0.00,3226440704,33792,2006435840
268.8257,3171053568,7358.5000,2753.27,0,148508672,1,82.62,0.00,3226440704,33792,2006435840
268.9318,3171053568,7361.2800,2622.21,0,148508672,1,84.30,0.00,3226440704,33792,2006435840
269.0377,3171053568,7364.0900,2651.36,0,148508672,1,80.50,0.00,3226436608,33792,2006435840
269.1439,3171053568,7366.7900,2543.65,0,148508672,1,82.14,0.00,3226436608,33792,2006435840
269.2528,3171053568,7369.6000,2580.89,0,148508672,1,80.37,0.00,3226436608,33792,2006435840
269.3588,3171053568,7372.4000,2640.01,0,148508672,1,80.44,0.00,3226436608,33792,2006435840
269.4650,3174199296,7375.1000,2543.80,0,148508672,1,82.14,0.00,3229582336,33792,2006714368
269.5727,3180490752,7377.7400,2449.49,0,148508672,1,75.39,0.00,3235955712,33792,2006714368
269.6790,3180490752,7380.2200,2334.42,0,148508672,1,70.60,0.00,3235927040,33792,2006714368
269.7885,3180490752,7382.7000,2265.12,0,148508672,1,73.92,0.00,3235927040,33792,2006714368
269.8945,3180490752,7385.1500,2310.33,0,148508672,1,68.66,0.00,3235853312,33792,2006714368
270.0005,3180490752,7387.4400,2161.10,0,148508672,1,70.48,0.00,3235734528,33792,2006714368
270.1065,3180490752,7389.8100,2234.94,0,148508672,1,66.89,0.00,3235734528,33792,2006714368
270.2125,3180490752,7392.1000,2160.02,0,148508672,1,70.15,0.00,3235513344,33792,2006714368
270.3187,3180490752,7394.4000,2166.30,0,148508672,1,65.34,0.00,3235775488,33792,2006714368
270.4249,3180490752,7396.5900,2062.83,0,148508672,1,66.23,0.00,3235513344,33792,2006714368
270.5307,3180490752,7398.8500,2135.50,0,148508672,1,65.55,0.00,3235513344,33792,2006714368
270.6368,3180490752,7401.0400,2064.76,0,148508672,1,66.29,0.00,3235513344,33792,2006714368
270.7427,3180490752,7403.2400,2076.29,0,148508672,1,62.52,0.00,3235513344,33792,2006714368
270.8485,3180490752,7405.2600,1909.62,0,148508672,1,61.74,0.00,3235513344,33792,2006788096
270.9548,3180490752,7407.3100,1929.43,0,148508672,1,57.35,0.00,3235513344,33792,2006788096
271.0608,3180490752,7409.2800,1857.20,0,148508672,1,60.98,0.00,3235509248,33792,2006788096
271.1669,3183243264,7411.3400,1942.18,0,148508672,1,58.04,0.00,3238654976,33792,2006788096
271.2730,3183243264,7413.1700,1725.06,0,148508672,1,55.38,0.00,3238654976,33792,2006788096
271.3792,3183243264,7415.0000,1723.45,0,148508672,1,52.68,0.00,3238654976,33792,2006788096
271.4853,3183243264,7416.8400,1733.74,0,148508672,1,54.18,0.00,3238654976,33792,2006788096
271.5909,3183243264,7418.6100,1676.00,0,148508672,1,52.67,0.00,3238654976,33792,2006788096
271.6969,3183243264,7420.3700,1660.48,0,148508672,1,53.95,0.00,3238654976,33792,2006788096
271.8028,3183243264,7422.1900,1718.78,0,148508672,1,51.06,0.00,3238650880,33792,2006788096
271.9078,3183243264,7423.8500,1581.39,0,148508672,1,50.01,0.30,3238650880,33792,2009544192
272.0131,3183243264,7425.3800,1452.85,0,148508672,1,45.99,0.00,3238736896,33792,2009544192
272.1183,3183243264,7426.6300,1188.05,0,148508672,1,36.24,0.00,3238736896,33792,2009544192
272.2231,3183243264,7427.7800,1097.33,0,148508672,1,33.99,0.00,3238736896,33792,2009544192
272.3280,3183243264,7428.7200,895.69,0,148508672,1,29.18,0.00,3238736896,33792,2009544192
272.4332,3183243264,7429.4800,722.92,0,148508672,1,21.11,0.00,3238863872,33792,2009544192
272.5382,3183243264,7430.1200,609.16,0,148508672,1,19.33,0.00,3238863872,33792,2009544192
272.6432,3183243264,7430.7500,600.20,0,148508672,1,18.46,0.00,3238863872,33792,2009544192
272.7478,3183243264,7431.2800,506.54,0,148508672,1,15.53,0.00,3238863872,33792,2009544192
272.8530,3183243264,7431.8000,494.20,0,148508672,1,16.04,0.00,3238863872,33792,2009544192
272.9574,3183243264,7432.3400,517.29,0,148508672,1,16.17,0.00,3238863872,33792,2009544192
273.0623,3183243264,7432.7200,362.19,0,148508672,1,11.02,0.00,3238863872,33792,2009544192
273.1669,3183243264,7433.0300,296.39,0,148508672,1,9.26,0.00,3238859776,33792,2009601536
273.2716,3183243264,7433.2800,238.95,0,148508672,1,7.77,0.00,3238859776,33792,2009601536
273.3764,3183243264,7433.3900,104.88,0,148508672,1,3.58,0.00,3239117824,33792,2009646592
273.4814,3183243264,7433.5000,104.83,0,148508672,1,2.98,0.00,3238867968,33792,2009646592
273.5861,3183243264,7433.6000,95.50,0,148508672,1,2.98,0.00,3238867968,33792,2009646592
273.6908,3183243264,7433.7100,105.09,0,148508672,1,3.28,0.00,3238867968,33792,2009646592
273.7953,3183243264,7433.8100,95.63,0,148508672,1,2.99,0.00,3238867968,33792,2009646592
273.9001,3183243264,7433.9200,105.02,0,148508672,1,3.58,0.00,3238585344,33792,2009646592
274.0046,3183243264,7434.0200,95.64,0,148508672,1,5.08,0.00,3238360064,33792,2009646592
274.1098,3183243264,7434.1300,104.62,0,148508672,1,2.97,0.00,3238351872,33792,2009646592
274.2146,3183243264,7434.2300,95.40,0,148508672,1,3.28,0.00,3238351872,33792,2009646592
274.3194,3183243264,7434.3400,104.94,0,148508672,1,2.98,0.00,3238233088,33792,2009646592
274.4243,3208556544,7434.6500,295.68,0,148508672,1,14.90,0.00,3254507520,33792,2009646592
274.5314,3195715584,7437.9000,3033.27,0,148508672,1,91.29,0.00,3253749760,33792,2009646592
274.6374,3195715584,7441.1400,3056.64,0,148508672,1,95.81,0.00,3253889024,33792,2009646592
274.7434,3195715584,7444.2600,2944.45,0,148508672,1,92.90,0.00,3253897216,33792,2009646592
274.8493,3195715584,7447.5000,3057.76,0,148508672,1,94.38,0.00,3253635072,33792,2009646592
274.9557,3195715584,7450.6200,2933.10,0,148508672,1,95.18,0.00,3253229568,33792,2009646592
275.0618,3195715584,7453.9200,3111.19,0,148508672,1,95.16,0.00,3253237760,33792,2009646592
275.1678,3195715584,7457.1500,3047.41,0,148508672,1,97.59,0.00,3253237760,33792,2009646592
275.2738,3195715584,7460.5000,3159.13,0,148508672,1,95.78,0.00,3253237760,33792,2009646592
275.3801,3195715584,7463.7200,3027.81,0,148508672,1,98.73,0.00,3253237760,33792,2009646592
275.4864,3195715584,7467.0700,3153.93,0,148508672,1,93.56,0.00,3252983808,33792,2009646592
275.5925,3195715584,7470.2900,3035.03,0,148508672,1,99.56,0.00,3252983808,33792,2009646592
275.6986,3195715584,7473.6400,3157.07,0,148508672,1,94.24,0.00,3252987904,33792,2009703936
275.8048,3195715584,7476.8600,3032.21,0,148508672,1,98.29,0.00,3252983808,33792,2009703936
275.9109,3195715584,7480.2100,3156.34,0,148508672,1,95.10,0.00,3252983808,33792,2009703936
276.0171,3195715584,7483.4400,3041.76,0,148508672,1,98.88,0.00,3252983808,33792,2009703936
276.1232,3195715584,7486.7800,3148.43,0,148508672,1,96.03,0.00,3252729856,33792,2009851392
276.2293,3195715584,7490.1300,3154.94,0,148508672,1,98.00,0.00,3252729856,33792,2009851392
276.3355,3195715584,7493.3600,3042.50,0,148508672,1,95.37,0.00,3252992000,33792,2009851392
276.4416,3195715584,7496.7000,3147.75,0,148508672,1,99.25,0.00,3252987904,33792,2009851392
276.5478,3195715584,7499.9300,3042.93,0,148508672,1,97.74,0.00,3252987904,33792,2009851392
276.6539,3195715584,7503.2800,3156.04,0,148508672,1,95.39,0.00,3252987904,33792,2009851392
276.7600,3195715584,7506.5000,3034.10,0,148508672,1,98.64,0.00,3252987904,33792,2009851392
276.8662,3195715584,7509.7800,3089.63,0,148508672,1,91.84,0.00,3252733952,33792,2009929216
276.9721,3195715584,7512.9000,2946.85,0,148508672,1,96.52,0.00,3252475904,33792,2012232192
277.0783,3195715584,7516.1400,3050.45,0,148508672,1,91.80,0.00,3252475904,33792,2012232192
277.1844,3195715584,7519.3400,3014.63,0,148508672,1,96.86,0.00,3252475904,33792,2012232192
277.2906,3195715584,7522.6900,3156.29,0,148508672,1,95.69,0.00,3252738048,33792,2012232192
277.3967,3195715584,7525.9100,3033.92,0,148508672,1,98.93,0.00,3252738048,33792,2012232192
277.5029,3195715584,7529.2600,3153.96,0,148508672,1,95.03,0.00,3252738048,33792,2012232192
277.6091,3195715584,7532.6100,3155.27,0,148508672,1,98.01,0.00,3252733952,33792,2012232192
277.7154,3195715584,7535.8300,3030.33,0,148508672,1,94.99,0.00,3252733952,33792,2012232192
277.8215,3195715584,7539.1800,3154.97,0,148508672,1,98.89,0.00,3252733952,33792,2012232192
277.9274,3195715584,7542.4000,3041.38,0,148508672,1,93.57,0.00,3252676608,33792,2012281344
278.0336,3195715584,7545.7500,3153.86,0,148508672,1,100.03,0.00,3252676608,33792,2012281344
278.1397,3195715584,7548.9700,3034.75,0,148508672,1,98.66,0.00,3252676608,33792,2012281344
278.2457,3195715584,7552.2100,3058.56,0,148508672,1,90.86,0.00,3252672512,33792,2012367360
278.3518,3195715584,7555.3300,2940.08,0,148508672,1,96.59,0.00,3252672512,33792,2012367360
278.4579,3195715584,7558.5700,3052.89,0,148508672,1,91.87,0.00,3252672512,33792,2012367360
278.5641,3195715584,7561.6900,2938.50,0,148508672,1,94.18,0.00,3252410368,33792,2012367360
278.6702,3195715584,7564.9300,3054.68,0,148508672,1,92.81,0.00,3252410368,33792,2012367360
278.7763,3195715584,7568.0500,2938.97,0,148508672,1,95.67,0.00,3252668416,33792,2012523008
278.8825,3195715584,7571.2900,3051.13,0,148508672,1,92.11,0.00,3252668416,33792,2012531200
278.9887,3195715584,7574.4100,2938.57,0,148508672,1,94.77,0.00,3252672512,33792,2012531200
279.0949,3195715584,7577.6900,3089.30,0,148508672,1,93.30,0.00,3252672512,33792,2012531200
279.2007,3195715584,7580.9100,3040.87,0,148508672,1,99.16,0.00,3252672512,33792,2012531200
279.3069,3195715584,7584.2600,3155.89,0,148508672,1,93.32,0.00,3252672512,33792,2012531200
279.4130,3205152768,7587.4700,3026.70,0,148508672,1,99.89,0.00,3262633984,33792,2012531200
279.5197,3205152768,7590.8200,3137.93,0,148508672,1,97.77,0.00,3262633984,33792,2012531200
279.6259,3205152768,7594.1600,3145.17,0,148508672,1,94.17,0.00,3262896128,33792,2012531200
279.7327,3205152768,7597.3900,3024.33,0,148508672,1,98.90,0.00,3262896128,33792,2012531200
279.8389,3205152768,7600.7400,3153.38,0,148508672,1,94.72,0.00,3262896128,33792,2012531200
279.9451,3205152768,7604.0800,3145.82,0,148508672,1,97.72,0.00,3262900224,33792,2012531200
280.0514,3205152768,7607.3100,3040.16,0,148508672,1,94.71,0.00,3262650368,33792,2012559872
280.1571,3205152768,7610.6600,3166.68,0,148508672,1,100.14,0.00,3262646272,33792,2012559872
280.2633,3205152768,7613.8800,3033.22,0,148508672,1,95.08,0.00,3262646272,33792,2012559872
280.3696,3214589952,7617.2400,3160.11,0,148508672,1,97.58,0.00,3271915520,33792,2012559872
280.4766,3214589952,7620.4700,3020.79,0,148508672,1,98.78,0.00,3272067072,33792,2012625408
280.5829,3214589952,7623.8100,3141.26,0,148508672,1,94.64,0.00,3272067072,33792,2012625408
280.6891,3214589952,7627.1600,3153.30,0,148508672,1,97.95,0.00,3272058880,33792,2012625408
280.7955,3214589952,7630.3900,3036.24,0,148508672,1,95.76,0.00,3272058880,33792,2012625408
280.9017,3214589952,7633.7300,3144.11,0,148508672,1,98.25,0.00,3272058880,33792,2012625408
281.0079,3214589952,7636.9600,3042.36,0,148508672,1,97.72,0.00,3271813120,33792,2012625408
281.1141,3214589952,7640.3100,3155.85,0,148508672,1,95.97,0.00,3271813120,33792,2012625408
281.2202,3214589952,7643.5300,3033.71,0,148508672,1,98.34,0.00,3271809024,33792,2012625408
281.3264,3214589952,7646.8800,3155.36,0,148508672,1,94.19,0.00,3271809024,33792,2012625408
281.4325,3214589952,7650.1000,3033.60,0,148508672,1,99.22,0.00,3272071168,33792,2012625408
281.5387,3214589952,7653.4500,3154.91,0,148508672,1,94.77,0.00,3272071168,33792,2012625408
281.6448,3214589952,7656.6700,3033.90,0,148508672,1,97.75,0.00,3272071168,33792,2012625408
281.7510,3225329664,7660.0200,3154.89,0,148508672,1,95.06,0.00,3282556928,33792,2012625408
281.8574,3225329664,7663.3700,3149.37,0,148508672,1,99.59,0.00,3282298880,33792,2012625408
281.9635,3234766848,7666.5900,3034.26,0,148508672,1,94.82,0.00,3291994112,33792,2012625408
282.0698,3234766848,7669.9400,3151.65,0,148508672,1,97.61,0.00,3291994112,33792,2012625408
282.1761,3234766848,7673.1600,3028.63,0,148508672,1,99.64,0.00,3291994112,33792,2015226880
282.2825,3248799744,7676.4700,3111.49,0,148508672,1,92.83,0.00,3307522048,33792,2015226880
282.3901,3253178368,7679.7100,3010.02,0,148508672,1,94.35,0.00,3310991360,33792,2015226880
282.4967,3253178368,7682.8300,2928.07,0,148508672,1,95.61,0.00,3310991360,33792,2015226880
282.6029,3253178368,7686.0600,3040.04,0,148508672,1,91.47,0.00,3310475264,33792,2015226880
282.7092,3253178368,7689.3000,3049.90,0,148508672,1,95.02,0.00,3310139392,33792,2015427584
282.8155,3253178368,7692.4200,2933.25,0,148508672,1,91.96,0.00,3310139392,33792,2015427584
282.9218,3253178368,7695.6600,3047.55,0,148508672,1,95.53,0.00,3310147584,33792,2015427584
283.0280,3253178368,7698.7800,2939.59,0,148508672,1,95.10,0.00,3310147584,33792,2015427584
283.1342,3253178368,7702.0200,3050.79,0,148508672,1,92.10,0.00,3309881344,33792,2015427584
283.2404,3253178368,7705.1400,2938.57,0,148508672,1,95.36,0.00,3309881344,33792,2015427584
283.3468,3253178368,7708.3800,3042.79,0,148508672,1,91.86,0.00,3309934592,33792,2015472640
283.4533,3253178368,7711.6200,3044.40,0,148508672,1,95.14,0.00,3309934592,33792,2015472640
283.5599,3253178368,7714.7400,2925.81,0,148508672,1,94.95,0.00,3309934592,33792,2015472640
283.6662,3253178368,7717.9800,3048.76,0,148508672,1,92.04,0.00,3309934592,33792,2015472640
283.7724,3253178368,7721.1000,2936.42,0,148508672,1,95.00,0.00,3309934592,33792,2015472640
283.8788,3253178368,7724.3400,3046.76,0,148508672,1,91.98,0.00,3309934592,33792,2015472640
283.9850,3253178368,7727.4600,2936.50,0,148508672,1,95.30,0.00,3309938688,33792,2015472640
284.0910,3253178368,7730.7000,3058.27,0,148508672,1,91.44,0.00,3309938688,33792,2015579136
284.1972,3253178368,7733.9400,3049.99,0,148508672,1,95.90,0.00,3309934592,33792,2015579136
284.3032,3260334080,7737.0000,2885.38,0,148508672,1,90.17,0.00,3317270528,33792,2015579136
284.4093,3260334080,7739.9200,2752.60,0,148508672,1,85.14,0.00,3317270528,33792,2015579136
284.5156,3263479808,7742.7000,2614.95,0,148508672,1,82.01,0.00,3320678400,33792,2015579136
284.6219,3266625536,7745.4600,2598.38,0,148508672,1,81.49,0.00,3323824128,33792,2015607808
284.7270,3266625536,7748.1300,2539.31,0,148508672,1,79.06,0.00,3323820032,33792,2015607808
284.8326,3266625536,7750.8300,2558.04,0,148508672,1,82.60,0.00,3323815936,33792,2015607808
284.9386,3267018752,7753.6300,2639.60,0,148508672,1,80.13,0.00,3323414528,33792,2015607808
285.0442,3267018752,7756.1800,2415.80,0,148508672,1,77.86,0.00,3323676672,33792,2015607808
285.1498,3267018752,7758.7700,2451.84,0,148508672,1,73.96,0.00,3323164672,33792,2015607808
285.2553,3267018752,7761.2600,2361.05,0,148508672,1,73.78,0.00,3323164672,33792,2015607808
285.3610,3274489856,7763.6400,2252.23,0,148508672,1,72.75,0.00,3331491840,33792,2015607808
285.4670,3274489856,7766.0100,2234.93,0,148508672,1,67.78,0.00,3331430400,33792,2015808512
285.5730,3274489856,7768.3000,2161.36,0,148508672,1,69.61,0.00,3331180544,33792,2015808512
285.6784,3274489856,7770.6800,2257.25,0,148508672,1,68.46,0.00,3330951168,33792,2015808512
285.7839,3274489856,7772.9700,2170.95,0,148508672,1,70.21,0.00,3330951168,33792,2015808512
285.8897,3277635584,7775.2700,2174.11,0,148508672,1,65.28,0.00,3333867520,33792,2015808512
285.9953,3277635584,7777.4500,2063.68,0,148508672,1,64.49,0.00,3333847040,33792,2015808512
286.1014,3277635584,7779.7200,2139.75,0,148508672,1,67.16,0.00,3333847040,33792,2015955968
286.2069,3277635584,7781.9000,2065.73,0,148508672,1,65.15,0.00,3333847040,33792,2015955968
286.3124,3277635584,7784.0900,2075.84,0,148508672,1,66.65,0.00,3333842944,33792,2015955968
286.4184,3277635584,7786.3500,2133.06,0,148508672,1,65.18,0.00,3334105088,33792,2015955968
286.5239,3277635584,7788.5400,2075.71,0,148508672,1,66.94,0.00,3334105088,33792,2016152576
286.6295,3277635584,7790.8100,2149.08,0,148508672,1,64.20,0.00,3334367232,33792,2016152576
286.7351,3277635584,7792.9900,2064.90,0,148508672,1,64.53,0.00,3334367232,33792,2016152576
286.8404,3277635584,7795.1700,2070.59,0,148508672,1,67.38,0.00,3334367232,33792,2016152576
286.9462,3277635584,7797.4400,2143.93,0,148508672,1,64.93,0.00,3334367232,33792,2016152576
287.0517,3277635584,7799.6300,2076.31,0,148508672,1,63.70,0.00,3334109184,33792,2016181248
287.1570,3277635584,7801.8100,2069.99,0,148508672,1,68.25,0.00,3334109184,33792,2016181248
287.2626,3283927040,7803.9100,1988.69,0,148508672,1,59.19,0.30,3340908544,33792,2019799040
287.3682,3287072768,7805.8500,1838.39,0,148508672,1,59.23,0.00,3344316416,33792,2019799040
287.4734,3287072768,7807.7900,1844.18,0,148508672,1,56.44,0.00,3344316416,33792,2019799040
287.5787,3290218496,7809.5900,1709.22,0,148508672,1,52.82,0.00,3347458048,33792,2019799040
287.6847,3290218496,7811.2500,1565.43,0,148508672,1,51.28,0.00,3347458048,33792,2019807232
287.7898,3290218496,7812.9800,1646.51,0,148508672,1,48.48,0.00,3347466240,33792,2019807232
287.8955,3290218496,7814.6400,1570.00,0,148508672,1,50.24,0.00,3347204096,33792,2019807232
288.0009,3299528704,7816.2500,1527.56,0,148508672,1,48.63,0.00,3356661760,33792,2019807232
288.1066,3303100416,7817.6800,1353.16,0,148508672,1,40.81,0.00,3360114688,33792,2019807232
288.2120,3306639360,7818.7200,986.47,0,148508672,1,31.72,0.00,3364308992,33792,2019807232
288.3178,3306639360,7819.6900,916.70,0,148508672,1,27.17,0.00,3364308992,33792,2019807232
288.4236,3306639360,7820.6300,888.31,0,148508672,1,28.65,0.00,3364308992,33792,2019807232
288.5292,3306639360,7821.6000,918.60,0,148508672,1,27.52,0.00,3364304896,33792,2019864576
288.6350,3306639360,7822.5400,888.90,0,148508672,1,28.37,0.00,3364304896,33792,2019864576
288.7401,3306639360,7823.4700,884.43,0,148508672,1,28.53,0.00,3364046848,33792,2019864576
288.8450,3306639360,7824.3500,839.17,0,148508672,1,25.93,0.00,3364251648,33792,2019864576
288.9503,3311751168,7825.2000,807.23,0,148508672,1,24.63,0.00,3369265152,33792,2019864576
289.0564,3311751168,7825.7200,490.34,0,148508672,1,15.91,0.00,3369265152,33792,2019864576
289.1612,3321393152,7825.9800,247.94,0,148508672,1,6.85,0.00,3378354176,33792,2019864576
289.2662,3321393152,7826.0900,104.81,0,148508672,1,3.28,0.00,3378354176,33792,2019946496
289.3737,2999668736,7828.0600,1832.39,0,148508672,1,59.59,0.00,3057829888,33792,2019946496
289.4808,2999668736,7831.2900,3014.27,0,148508672,1,97.40,0.00,3057825792,33792,2019946496
289.5897,2999668736,7834.7600,3188.67,0,148508672,1,95.91,0.00,3057825792,33792,2019946496
289.6957,2999668736,7837.9800,3035.37,0,148508672,1,99.27,0.00,3057825792,33792,2019946496
289.8018,2999668736,7841.3300,3158.01,0,148508672,1,94.56,0.00,3057825792,33792,2020134912
289.9097,2999668736,7844.6700,3097.27,0,148508672,1,96.79,0.00,3057571840,33792,2020155392
290.0161,2999668736,7847.9000,3034.87,0,148508672,1,98.95,0.00,3057571840,33792,2020155392
290.1257,2999668736,7851.3500,3148.64,0,148508672,1,94.69,0.00,3056879616,33792,2020155392
290.2319,2999668736,7854.5800,3039.91,0,148508672,1,98.53,0.00,3056666624,33792,2020155392
290.3381,2999668736,7857.9200,3144.56,0,148508672,1,95.33,0.00,3056666624,33792,2020548608
290.4443,2999668736,7861.1300,3023.65,0,148508672,1,97.73,0.00,3056928768,33792,2020548608
290.5537,2999668736,7864.4900,3071.87,0,148508672,1,92.57,0.00,3056928768,33792,2020548608
290.6603,2999668736,7867.6200,2934.02,0,148508672,1,94.62,0.00,3056457728,33792,2020626432
290.7665,2999668736,7870.8500,3042.03,0,148508672,1,92.12,0.00,3056457728,33792,2020626432
290.8726,2999668736,7873.9500,2923.17,0,148508672,1,94.89,0.00,3056457728,33792,2020712448
290.9786,2999668736,7877.1800,3046.16,0,148508672,1,91.95,0.00,3056457728,33792,2020712448
291.0846,2999668736,7880.3000,2944.29,0,148508672,1,94.96,0.00,3056457728,33792,2020712448
291.1907,2999668736,7883.5400,3053.07,0,148508672,1,91.58,0.00,3056715776,33792,2020712448
291.2970,2999668736,7886.6600,2934.65,0,148508672,1,95.82,0.00,3056715776,33792,2020712448
291.4032,2999668736,7889.9000,3051.66,0,148508672,1,91.83,0.00,3056715776,33792,2020712448
291.5094,2999668736,7893.1400,3049.42,0,148508672,1,95.00,0.00,3056715776,33792,2020712448
291.6156,2999668736,7896.2600,2938.88,0,148508672,1,92.72,0.00,3056715776,33792,2020712448
291.7217,2999668736,7899.5000,3053.84,0,148508672,1,94.84,0.00,3056711680,33792,2020712448
291.8278,2999668736,7902.6200,2939.27,0,148508672,1,95.09,0.00,3056711680,33792,2020712448
291.9342,2999668736,7905.8600,3046.98,0,148508672,1,92.57,0.00,3056457728,33792,2020712448
292.0403,2999668736,7908.9800,2939.78,0,148508672,1,94.81,0.00,3056457728,33792,2020712448
292.1465,2999668736,7912.2800,3107.11,0,148508672,1,93.27,0.00,3056457728,33792,2020712448
292.2528,2999668736,7915.5100,3040.03,0,148508672,1,99.41,0.00,3056457728,33792,2020712448
292.3590,2999668736,7918.8600,3153.24,0,148508672,1,94.13,0.00,3056461824,33792,2024503808
292.4654,2999668736,7922.2000,3139.50,0,148508672,1,98.40,0.00,3056457728,33792,2024503808
292.5716,2999668736,7925.4000,3012.35,0,148508672,1,94.14,0.00,3056457728,33792,2024503808
292.6778,2999668736,7928.6400,3051.86,0,148508672,1,95.37,0.00,3056457728,33792,2024503808
292.7840,2999668736,7931.7600,2937.65,0,148508672,1,95.04,0.00,3056457728,33792,2024503808
292.8902,2999668736,7935.0000,3049.26,0,148508672,1,92.05,0.00,3056461824,33792,2024503808
292.9964,2999668736,7938.1200,2938.99,0,148508672,1,95.38,0.00,3056199680,33792,2024503808
293.1027,2999668736,7941.3600,3047.65,0,148508672,1,92.30,0.00,3056199680,33792,2024503808
293.2089,2999668736,7944.4800,2938.11,0,148508672,1,94.76,0.00,3056195584,33792,2024503808
293.3151,2999668736,7947.7200,3051.63,0,148508672,1,92.42,0.00,3056195584,33792,2024548864
293.4213,2999668736,7950.9600,3051.39,0,148508672,1,95.36,0.00,3056195584,33792,2024577536
293.5275,2999668736,7954.0800,2937.80,0,148508672,1,90.92,0.00,3056195584,33792,2024577536
293.6336,2999668736,7957.3200,3052.80,0,148508672,1,96.58,0.00,3056195584,33792,2024577536
293.7397,2999668736,7960.4100,2911.64,0,148508672,1,94.82,0.00,3056195584,33792,2024577536
293.8460,2999668736,7963.6500,3049.43,0,148508672,1,90.59,0.00,3056195584,33792,2024577536
293.9521,2999668736,7966.7700,2939.16,0,148508672,1,96.26,0.00,3056191488,33792,2024577536
294.0584,2999668736,7970.0100,3049.76,0,148508672,1,91.19,0.00,3056191488,33792,2024577536
294.1646,2999668736,7973.1300,2936.61,0,148508672,1,95.00,0.00,3056191488,33792,2024577536
294.2709,2999668736,7976.3700,3048.16,0,148508672,1,92.02,0.00,3056191488,33792,2024577536
294.3771,2999668736,7979.6100,3050.72,0,148508672,1,95.63,0.00,3056453632,33792,2024577536
294.4835,2999668736,7982.7300,2931.66,0,148508672,1,92.50,0.00,3056453632,33792,2024577536
294.5897,2999668736,7985.9700,3052.24,0,148508672,1,94.20,0.00,3056453632,33792,2024577536
294.6960,2999668736,7989.0900,2933.27,0,148508672,1,95.48,0.00,3056449536,33792,2024577536
294.8057,2999668736,7992.4900,3101.98,0,148508672,1,93.23,0.00,3056449536,33792,2024577536
294.9119,2999668736,7995.7100,3032.09,0,148508672,1,99.17,0.00,3056449536,33792,2024614400
295.0182,2999668736,7999.0600,3151.15,0,148508672,1,94.36,0.00,3056449536,33792,2024614400
295.1244,2999668736,8002.2800,3032.02,0,148508672,1,98.28,0.00,3056449536,33792,2024712704
295.2309,2999668736,8005.6200,3135.02,0,148508672,1,94.16,0.00,3056707584,33792,2024712704
295.3418,2999668736,8009.0900,3129.35,0,148508672,1,98.92,0.00,3056449536,33792,2024712704
295.4480,2999668736,8012.3200,3041.48,0,148508672,1,97.40,0.00,3056445440,33792,2024729088
295.5542,2999668736,8015.6600,3144.60,0,148508672,1,95.92,0.00,3056449536,33792,2024729088
295.6603,2999668736,8018.8900,3043.35,0,148508672,1,98.64,0.00,3056449536,33792,2024729088
295.7665,2999668736,8022.2300,3144.80,0,148508672,1,94.16,0.00,3056449536,33792,2024729088
295.8730,2999668736,8025.4600,3035.36,0,148508672,1,98.97,0.00,3056453632,33792,2024729088
295.9808,2999668736,8028.8100,3106.48,0,148508672,1,97.08,0.00,3056191488,33792,2024741376
296.0869,2999668736,8032.1500,3147.90,0,148508672,1,94.25,0.00,3056453632,33792,2024892928
296.1978,2999668736,8035.6200,3128.97,0,148508672,1,98.06,0.00,3056449536,33792,2024892928
296.3040,2999668736,8038.8500,3042.38,0,148508672,1,98.31,0.00,3056449536,33792,2024892928
296.4101,2999668736,8042.1900,3147.10,0,148508672,1,94.52,0.00,3056449536,33792,2024892928
296.5163,2999668736,8045.4200,3042.21,0,148508672,1,99.19,0.00,3056449536,33792,2024892928
296.6224,2999668736,8048.7600,3145.89,0,148508672,1,95.37,0.00,3056449536,33792,2024892928
296.7328,2999668736,8052.0300,2963.75,0,148508672,1,96.02,0.00,3056449536,33792,2024892928
296.8388,2999668736,8055.3600,3139.36,0,148508672,1,94.28,0.00,3056449536,33792,2024892928
296.9450,2999668736,8058.5900,3042.81,0,148508672,1,98.33,0.00,3056453632,33792,2024892928
297.0511,2999668736,8061.9300,3147.48,0,148508672,1,94.53,0.00,3056453632,33792,2024892928
297.1572,2999668736,8065.2800,3156.27,0,148508672,1,99.22,0.00,3056449536,33792,2024892928
297.2657,2999668736,8068.7300,3182.29,0,148508672,1,99.16,0.00,3056449536,33792,2024892928
297.3718,2999668736,8072.0500,3126.60,0,148508672,1,102.41,0.00,3056449536,33792,2024892928
297.4780,2999668736,8075.5100,3259.09,0,148508672,1,101.55,0.00,3056449536,33792,2027572736
297.5868,2999668736,8078.9600,3170.22,0,148508672,1,95.05,0.00,3056453632,33792,2027572736
297.6931,2999668736,8082.2900,3134.29,0,148508672,1,102.36,0.00,3056453632,33792,2027572736
297.8017,2999668736,8085.8700,3294.42,0,148508672,1,99.21,0.00,3056453632,33792,2027572736
297.9079,2999668736,8089.2000,3136.53,0,148508672,1,100.96,0.00,3056449536,33792,2027572736
298.0141,2999668736,8092.6500,3250.37,0,148508672,1,98.92,0.00,3056449536,33792,2027572736
298.1208,2999668736,8095.9800,3119.52,0,148508672,1,101.00,0.00,3056449536,33792,2027572736
298.2288,2999668736,8099.4400,3205.07,0,148508672,1,99.29,0.00,3056449536,33792,2027572736
298.3349,2999668736,8102.8900,3250.38,0,148508672,1,98.92,0.00,3056449536,33792,2027572736
298.4410,2999668736,8106.2200,3138.23,0,148508672,1,101.60,0.00,3056453632,33792,2027630080
298.5472,2999668736,8109.6700,3249.48,0,148508672,1,100.96,0.00,3056453632,33792,2027630080
298.6548,2999668736,8113.1300,3216.40,0,148508672,1,97.90,0.00,3056449536,33792,2027630080
298.7647,2999668736,8116.5800,3136.65,0,148508672,1,100.86,0.00,3056449536,33792,2027630080
298.8709,2999668736,8120.0400,3260.35,0,148508672,1,97.76,0.00,3056449536,33792,2027630080
298.9769,2999668736,8123.3700,3139.10,0,148508672,1,102.52,0.00,3056433152,33792,2027630080
299.0832,2999668736,8126.8300,3256.39,0,148508672,1,97.64,0.00,3056433152,33792,2027630080
299.1915,2999668736,8130.2800,3184.45,0,148508672,1,99.23,0.00,3056437248,33792,2027630080
299.2977,2999668736,8133.7300,3251.08,0,148508672,1,102.48,0.00,3056437248,33792,2027695616
299.4058,2999668736,8137.1900,3199.62,0,148508672,1,99.41,0.00,3056433152,33792,2027695616
299.5119,2999668736,8140.5200,3137.24,0,148508672,1,102.45,0.00,3056433152,33792,2027695616
299.6181,2999668736,8143.9700,3250.92,0,148508672,1,97.76,0.00,3056433152,33792,2027695616
299.7248,2999668736,8147.3000,3119.62,0,148508672,1,100.71,0.00,3056433152,33792,2027695616
299.8337,2999668736,8150.8800,3289.01,0,148508672,1,99.91,0.00,3056437248,33792,2027695616
299.9397,2999668736,8154.2100,3138.88,0,148508672,1,101.33,0.00,3056437248,33792,2027695616
300.0460,2999668736,8157.6600,3246.95,0,148508672,1,97.35,0.00,3056433152,33792,2027695616
300.1537,2999668736,8161.1100,3201.95,0,148508672,1,100.93,0.00,3056433152,33792,2027765248
300.2599,2999668736,8164.4400,3136.94,0,148508672,1,101.56,0.00,3056433152,33792,2027953664
300.3698,2999668736,8168.0200,3257.90,0,148508672,1,97.83,0.00,3056433152,33792,2027953664
300.4759,2999668736,8171.3500,3137.63,0,148508672,1,102.47,0.00,3056433152,33792,2027953664
300.5821,2999668736,8174.8000,3249.50,0,148508672,1,97.72,0.00,3056433152,33792,2027953664
300.6882,2999668736,8178.1300,3137.88,0,148508672,1,101.30,0.00,3056437248,33792,2027953664
300.7977,2999668736,8181.7100,3270.90,0,148508672,1,99.36,0.00,3056699392,33792,2027953664
300.9039,2999668736,8185.0400,3133.66,0,148508672,1,100.87,0.00,3056699392,33792,2027953664
301.0103,2999668736,8188.5000,3251.70,0,148508672,1,97.80,0.00,3056437248,33792,2027953664
301.1218,2999668736,8192.0800,3212.38,0,148508672,1,100.95,0.00,3056437248,33792,2027953664
301.2279,2999668736,8195.4100,3137.30,0,148508672,1,101.28,0.00,3056437248,33792,2027953664
301.3341,2999668736,8198.8700,3258.99,0,148508672,1,98.90,0.00,3056437248,33792,2027953664
301.4402,2999668736,8202.2000,3137.56,0,148508672,1,101.58,0.00,3056437248,33792,2028019200
301.5464,2999668736,8205.6500,3249.13,0,148508672,1,97.42,0.00,3056437248,33792,2028019200
301.6538,2999668736,8209.1000,3212.62,0,148508672,1,101.27,0.00,3056437248,33792,2028019200
301.7599,2999668736,8212.4300,3137.55,0,148508672,1,101.58,0.00,3056437248,33792,2028019200
301.8668,2999668736,8215.8800,3228.92,0,148508672,1,100.32,0.00,3056437248,33792,2028019200
301.9748,2999668736,8219.3400,3201.95,0,148508672,1,96.88,0.00,3056437248,33792,2028019200
302.0809,2999668736,8222.6600,3128.72,0,148508672,1,105.13,0.00,3056437248,33792,2028019200
302.1907,2999668736,8226.2500,3269.71,0,148508672,1,94.49,0.00,3056437248,33792,2028019200
302.2969,2999668736,8229.5700,3128.37,0,148508672,1,102.47,0.00,3056433152,33792,2028019200
302.4032,2999668736,8233.0300,3255.29,0,148508672,1,97.61,0.00,3056433152,33792,2028019200
302.5093,2999668736,8236.4800,3249.05,0,148508672,1,105.36,0.00,3056433152,33792,2028019200
302.6187,2999668736,8239.9400,3163.05,0,148508672,1,95.42,0.00,3056433152,33792,2031647232
302.7250,2999668736,8243.2700,3133.79,0,148508672,1,101.17,0.00,3056437248,33792,2031647232
302.8312,2999668736,8246.7200,3249.13,0,148508672,1,97.71,0.00,3056416768,33792,2031647232
302.9374,2999668736,8250.1700,3248.09,0,148508672,1,102.39,0.00,3056412672,33792,2031647232
303.0452,2999668736,8253.6300,3210.14,0,148508672,1,99.74,0.00,3056412672,33792,2031647232
303.1513,2999668736,8256.9600,3138.04,0,148508672,1,101.89,0.00,3056412672,33792,2031647232
303.2591,2999668736,8260.4100,3199.99,0,148508672,1,96.81,0.00,3056412672,33792,2031647232
303.3655,2999668736,8263.8600,3243.18,0,148508672,1,101.06,0.00,3056678912,33792,2031692288
303.4717,2999668736,8267.1900,3133.96,0,148508672,1,101.76,0.00,3056678912,33792,2031692288
303.5817,2999668736,8270.7700,3256.76,0,148508672,1,98.08,0.00,3056416768,33792,2031692288
303.6879,3010633728,8274.1000,3134.62,0,148508672,1,101.19,0.00,3069552640,33792,2031692288
303.7943,3016531968,8277.5400,3232.72,0,148508672,1,97.79,0.00,3073660928,33792,2031692288
303.9008,3016531968,8280.8700,3126.02,0,148508672,1,101.50,0.00,3073660928,33792,2031692288
304.0089,3016531968,8284.3300,3201.03,0,148508672,1,99.74,0.00,3073656832,33792,2031692288
304.1151,3016531968,8287.7800,3247.88,0,148508672,1,102.08,0.00,3073656832,33792,2031692288
304.2230,3016531968,8291.2300,3199.89,0,148508672,1,95.94,0.00,3073656832,33792,2031692288
304.3298,3016531968,8294.6900,3238.13,0,148508672,1,100.90,0.00,3073488896,33792,2031692288
304.4360,3016531968,8298.0200,3135.64,0,148508672,1,102.70,0.00,3073488896,33792,2031692288
304.5449,3016531968,8301.4700,3167.55,0,148508672,1,98.41,0.00,3073484800,33792,2031692288
304.6516,3016531968,8304.9200,3235.19,0,148508672,1,99.34,0.00,3073484800,33792,2031761920
304.7617,3016531968,8308.5000,3251.78,0,148508672,1,99.63,0.00,3073484800,33792,2031761920
304.8680,3016531968,8311.8200,3122.82,0,148508672,1,101.41,0.00,3073484800,33792,2031761920
304.9743,3016531968,8315.1600,3141.88,0,148508672,1,95.54,0.00,3073480704,33792,2031761920
305.0805,3016531968,8318.3900,3039.52,0,148508672,1,98.22,0.00,3073480704,33792,2031761920
305.1897,3016531968,8321.8500,3171.06,0,148508672,1,95.66,0.00,3073492992,33792,2031761920
305.2955,3016531968,8325.0800,3051.44,0,148508672,1,94.77,0.00,3073492992,33792,2031761920
305.4017,3016531968,8328.4200,3146.33,0,148508672,1,98.62,0.00,3073492992,33792,2031761920
305.5079,3016531968,8331.6500,3040.75,0,148508672,1,98.85,0.00,3073492992,33792,2031761920
305.6148,3016531968,8334.9900,3123.73,0,148508672,1,98.20,0.00,3073488896,33792,2031761920
305.7228,3018104832,8338.3300,3092.89,0,148508672,1,92.60,0.00,3075008512,33792,2031761920
305.8291,3018104832,8341.6800,3150.78,0,148508672,1,98.46,0.00,3075008512,33792,2031761920
305.9377,3018104832,8345.0000,3058.96,0,148508672,1,96.74,0.00,3075008512,33792,2031761920
306.0438,3018104832,8348.2300,3042.22,0,148508672,1,97.72,0.00,3075008512,33792,2031761920
306.1502,3018104832,8351.5700,3141.37,0,148508672,1,98.46,0.00,3075008512,33792,2031909376
306.2589,3018104832,8354.9200,3079.81,0,148508672,1,93.37,0.00,3075008512,33792,2031909376
306.3651,2999898112,8358.2600,3145.30,0,148508672,1,97.70,0.00,3056994304,33792,2031909376
306.4716,2999898112,8361.4900,3033.00,0,148508672,1,98.30,0.00,3056781312,33792,2031909376
306.5789,3001864192,8364.8300,3113.37,0,148508672,1,95.54,0.00,3058903040,33792,2031909376
306.6889,3001864192,8368.1800,3045.67,0,148508672,1,97.73,0.00,3058767872,33792,2032232960
306.7952,3001864192,8371.5300,3151.70,0,148508672,1,93.79,0.00,3058767872,33792,2032232960
306.9015,3001864192,8374.8700,3142.31,0,148508672,1,99.08,0.00,3058767872,33792,2032232960
307.0076,3001864192,8378.1000,3042.60,0,148508672,1,94.49,0.00,3058767872,33792,2032232960
307.1177,3001864192,8381.5700,3153.65,0,148508672,1,100.54,0.00,3058767872,33792,2032232960
307.2238,3001864192,8384.7900,3033.51,0,148508672,1,96.56,0.00,3058767872,33792,2032232960
307.3301,3001864192,8388.1400,3151.95,0,148508672,1,95.56,0.00,3058763776,33792,2032232960
307.4362,3001864192,8391.3700,3043.23,0,148508672,1,99.52,0.00,3058763776,33792,2032232960
307.5447,3001864192,8394.7200,3087.00,0,148508672,1,94.45,0.00,3058763776,33792,2032232960
307.6509,3001864192,8398.0600,3146.66,0,148508672,1,95.39,0.00,3058763776,33792,2032232960
307.7617,3001864192,8401.5300,3130.05,0,148508672,1,98.10,0.00,3058763776,33792,2035688448
307.8679,3001864192,8404.7600,3042.08,0,148508672,1,98.30,0.00,3058604032,33792,2035688448
307.9742,3001864192,8408.1000,3142.22,0,148508672,1,94.37,0.00,3058604032,33792,2035688448
308.0804,3001864192,8411.3300,3042.68,0,148508672,1,99.21,0.00,3058604032,33792,2035688448
308.1865,3001864192,8414.6700,3145.80,0,148508672,1,94.19,0.00,3058599936,33792,2035688448
308.2968,3001864192,8418.0200,3038.17,0,148508672,1,100.04,0.00,3058599936,33792,2035688448
308.4031,3001864192,8421.3700,3152.09,0,148508672,1,93.80,0.00,3058599936,33792,2035688448
308.5093,3001864192,8424.7100,3145.73,0,148508672,1,98.30,0.00,3058599936,33792,2035688448
308.6154,3001864192,8427.9400,3042.23,0,148508672,1,94.48,0.00,3058599936,33792,2035688448
308.7216,3001864192,8431.2800,3146.63,0,148508672,1,99.22,0.00,3058599936,33792,2035688448
308.8297,3001864192,8434.6300,3099.91,0,148508672,1,96.58,0.00,3058595840,33792,2035688448
308.9358,3001864192,8437.8500,3034.45,0,148508672,1,99.83,0.00,3058595840,33792,2035749888
309.0419,3001864192,8441.2000,3154.98,0,148508672,1,93.88,0.00,3058595840,33792,2035749888
309.1497,3001864192,8444.5400,3098.46,0,148508672,1,96.83,0.00,3058595840,33792,2035749888
309.2558,3001864192,8447.7700,3044.40,0,148508672,1,99.85,0.00,3058595840,33792,2035807232
309.3658,3001864192,8451.2400,3156.11,0,148508672,1,93.23,0.00,3058853888,33792,2035807232
309.4720,3006189568,8454.4600,3033.02,0,148508672,1,98.61,0.00,3063310336,33792,2035807232
309.5789,3016806400,8457.8000,3122.30,0,148508672,1,95.82,0.00,3073558528,33792,2035807232
309.6853,3016806400,8461.1500,3149.13,0,148508672,1,101.35,0.00,3073558528,33792,2035807232
309.7948,3016806400,8464.4900,3051.49,0,148508672,1,91.36,0.00,3073558528,33792,2035807232
309.9009,3016806400,8467.7200,3042.64,0,148508672,1,99.20,0.00,3073558528,33792,2035807232
310.0071,3016806400,8471.0600,3144.12,0,148508672,1,94.14,0.00,3073296384,33792,2035807232
310.1138,3016806400,8474.4100,3141.49,0,148508672,1,98.17,0.00,3073296384,33792,2035807232
310.2208,3016806400,8477.6400,3017.25,0,148508672,1,101.30,0.00,3073296384,33792,2035807232
310.3308,3016806400,8481.1000,3144.96,0,148508672,1,92.31,0.00,3073320960,33792,2035807232
310.4370,3016806400,8484.3300,3042.36,0,148508672,1,99.49,0.00,3073320960,33792,2035807232
310.5432,3016806400,8487.5700,3051.33,0,148508672,1,90.94,0.00,3073583104,33792,2035807232
310.6494,3016806400,8490.8100,3051.53,0,148508672,1,95.36,0.00,3073583104,33792,2035807232
310.7555,3016806400,8493.9300,2939.98,0,148508672,1,90.99,0.00,3073583104,33792,2035807232
310.8616,3016806400,8497.1700,3052.72,0,148508672,1,96.28,0.00,3073583104,33792,2035807232
310.9678,3016806400,8500.2900,2939.53,0,148508672,1,95.39,0.00,3073320960,33792,2035807232
311.0739,3016806400,8503.4600,2985.77,0,148508672,1,89.18,0.00,3073320960,33792,2035807232
311.1801,3016806400,8506.4800,2844.40,0,148508672,1,92.71,0.00,3073574912,33792,2035807232
311.2858,3016806400,8509.6200,2970.57,0,148508672,1,88.69,0.00,3073837056,33792,2035917824
311.3922,3016806400,8512.6300,2828.79,0,148508672,1,91.92,0.00,3073837056,33792,2035917824
311.4981,3016806400,8515.7600,2955.27,0,148508672,1,90.29,0.00,3074099200,33792,2035917824
311.6039,3016806400,8518.7800,2856.84,0,148508672,1,91.05,0.00,3073849344,33792,2035917824
311.7100,3016806400,8521.9100,2949.29,0,148508672,1,89.52,0.00,3074463744,33792,2035917824
311.8162,3016806400,8524.9300,2842.59,0,148508672,1,92.95,0.00,3074463744,33792,2035926016
311.9226,3016806400,8528.0600,2941.83,0,148508672,1,88.99,0.00,3074467840,33792,2035926016
312.0287,3016806400,8531.1800,2940.19,0,148508672,1,94.83,0.00,3074467840,33792,2035926016
312.1349,3017199616,8534.4100,3042.93,0,148508672,1,90.68,0.00,3074983936,33792,2035950592
312.2413,3017199616,8537.6200,3016.39,0,148508672,1,96.02,0.00,3075119104,33792,2035950592
312.3476,3017199616,8540.6300,2832.01,0,148508672,1,86.74,0.00,3074701312,33792,2035950592
312.4538,3017199616,8543.8200,3003.46,0,148508672,1,94.15,0.00,3074705408,33792,2035950592
312.5604,3017199616,8546.9400,2927.84,0,148508672,1,96.77,0.00,3074324480,33792,2035950592
312.6667,3017199616,8550.1800,3045.81,0,148508672,1,89.60,0.00,3074324480,33792,2035950592
312.7728,3017199616,8553.3000,2940.90,0,148508672,1,96.03,0.00,3074320384,33792,2035950592
312.8790,3017199616,8556.5400,3051.89,0,148508672,1,92.72,0.00,3074320384,33792,2038848000
312.9852,3017199616,8559.7800,3049.96,0,148508672,1,94.13,0.00,3074324480,33792,2038848000
313.0913,3017199616,8562.9000,2939.96,0,148508672,1,92.76,0.00,3074324480,33792,2038848000
313.1975,3017199616,8566.1400,3051.83,0,148508672,1,96.25,0.00,3074324480,33792,2038848000
313.3037,3017199616,8569.2600,2936.79,0,148508672,1,93.83,0.00,3074324480,33792,2038848000
313.4099,3017199616,8572.5000,3052.10,0,148508672,1,92.73,0.00,3074320384,33792,2038848000
313.5161,3017199616,8575.6200,2938.59,0,148508672,1,96.25,0.00,3074320384,33792,2038848000
313.6222,3017199616,8578.8600,3052.65,0,148508672,1,92.16,0.00,3074320384,33792,2038999552
313.7284,3017199616,8581.9800,2938.66,0,148508672,1,94.48,0.00,3074320384,33792,2038999552
313.8346,3017199616,8585.2200,3051.51,0,148508672,1,91.53,0.00,3074320384,33792,2038999552
313.9412,3017199616,8588.4600,3038.40,0,148508672,1,96.12,0.00,3074324480,33792,2038999552
314.0479,3017199616,8591.5800,2924.68,0,148508672,1,94.03,0.00,3074324480,33792,2039024128
314.1550,3017199616,8594.8200,3024.79,0,148508672,1,90.73,0.00,3074320384,33792,2039024128
314.2614,3017199616,8598.0600,3043.94,0,148508672,1,96.88,0.00,3074320384,33792,2039024128
314.3677,3017199616,8601.1800,2937.15,0,148508672,1,93.85,0.00,3074320384,33792,2039024128
314.4739,3017199616,8604.4200,3050.28,0,148508672,1,92.09,0.00,3074320384,33792,2039024128
314.5801,3017199616,8607.5400,2937.71,0,148508672,1,96.51,0.00,3074320384,33792,2039024128
314.6862,3017199616,8610.7800,3052.88,0,148508672,1,90.10,0.00,3074320384,33792,2039024128
314.7924,3017199616,8613.9000,2938.67,0,148508672,1,95.95,0.00,3074320384,33792,2039024128
314.9017,3017199616,8617.2500,3065.65,0,148508672,1,93.51,0.00,3074287616,33792,2039101952
315.0078,3017199616,8620.4500,3016.03,0,148508672,1,97.20,0.00,3074291712,33792,2039101952
315.1139,3017199616,8623.7900,3145.82,0,148508672,1,94.48,0.00,3074291712,33792,2039101952
315.2236,3017199616,8627.1400,3054.18,0,148508672,1,96.58,0.00,3074553856,33792,2039101952
315.3296,3017199616,8630.4200,3094.35,0,148508672,1,96.11,0.00,3074553856,33792,2039101952
315.4346,3017199616,8633.5400,2970.80,0,148508672,1,92.24,0.00,3074607104,33792,2039220736
315.5402,3017199616,8636.6600,2955.60,0,148508672,1,97.10,0.00,3074607104,33792,2039220736
315.6460,3017199616,8639.9000,3063.11,0,148508672,1,90.70,0.00,3074607104,33792,2039220736
315.7537,3017199616,8643.1400,3008.90,0,148508672,1,94.32,0.00,3074607104,33792,2039220736
315.8595,3017199616,8646.2600,2947.90,0,148508672,1,93.01,0.00,3074607104,33792,2039220736
315.9697,3017199616,8649.6100,3040.93,0,148508672,1,98.15,0.00,3074607104,33792,2039220736
316.0785,3017199616,8652.7700,2902.03,0,148508672,1,87.82,0.00,3074607104,33792,2039372288
316.1842,3017199616,8655.8900,2952.02,0,148508672,1,94.91,0.00,3074340864,33792,2039421440
316.2893,3017199616,8659.1200,3075.62,0,148508672,1,93.14,0.00,3074340864,33792,2039421440
316.3946,3017199616,8662.2500,2971.06,0,148508672,1,92.25,0.00,3074340864,33792,2039421440
316.5001,3017199616,8665.3700,2958.49,0,148508672,1,97.19,0.00,3074340864,33792,2039421440
316.6054,3017199616,8668.6100,3074.57,0,148508672,1,91.63,0.00,3074340864,33792,2039421440
316.7112,3017199616,8671.7300,2948.82,0,148508672,1,92.15,0.00,3074340864,33792,2039564800
316.8202,3017199616,8674.9700,2973.24,0,148508672,1,96.93,0.00,3074340864,33792,2039564800
316.9259,3017199616,8678.2000,3057.44,0,148508672,1,91.70,0.00,3074082816,33792,2039564800
317.0337,3017199616,8681.4400,3005.78,0,148508672,1,93.64,0.00,3074340864,33792,2039564800
317.1386,3017199616,8684.5600,2972.88,0,148508672,1,93.80,0.00,3074340864,33792,2039564800
317.2443,3017199616,8687.6900,2962.29,0,148508672,1,95.53,0.00,3074344960,33792,2039577088
317.3495,3017199616,8690.9100,3059.00,0,148508672,1,92.33,0.00,3074082816,33792,2039577088
317.4566,3017199616,8694.0400,2922.80,0,148508672,1,95.42,0.00,3074078720,33792,2039577088
317.5623,3017199616,8697.2800,3066.26,0,148508672,1,98.78,0.00,3074078720,33792,2039577088
317.6733,3017199616,8700.6300,3016.44,0,148508672,1,87.23,0.00,3074078720,33792,2039638528
317.7785,3017199616,8703.7500,2966.49,0,148508672,1,93.89,0.00,3074078720,33792,2039650816
317.8837,3017199616,8706.8800,2975.59,0,148508672,1,92.39,0.00,3074078720,33792,2039650816
317.9893,3017199616,8710.1100,3060.02,0,148508672,1,95.63,0.00,3074078720,33792,2043867136
318.0940,3017199616,8713.1700,2920.26,0,148508672,1,90.66,0.00,3074344960,33792,2043867136
318.1989,3017199616,8716.1900,2879.13,0,148508672,1,90.87,0.00,3074344960,33792,2043867136
318.3047,3017199616,8719.2100,2856.16,0,148508672,1,91.62,0.00,3074344960,33792,2043867136
318.4137,3017199616,8722.4500,2973.09,0,148508672,1,89.75,0.00,3074082816,33792,2043867136
318.5188,3017199616,8725.4300,2834.85,0,148508672,1,89.48,0.00,3074344960,33792,2043867136
318.6240,3017199616,8728.3500,2773.78,0,148508672,1,89.35,0.00,3074086912,33792,2043867136
318.7296,3017199616,8731.3700,2859.97,0,148508672,1,86.12,0.00,3074082816,33792,2043867136
318.8348,3017199616,8734.2800,2767.51,0,148508672,1,86.48,0.00,3074082816,33792,2043924480
318.9400,3017199616,8737.2000,2774.46,0,148508672,1,90.56,0.00,3074082816,33792,2043924480
319.0497,3017199616,8740.3300,2855.40,0,148508672,1,85.53,0.00,3074082816,33792,2043924480
319.1618,3017199616,8743.4600,2790.68,0,148508672,1,88.04,0.00,3074082816,33792,2043969536
319.2673,3017199616,8746.3800,2767.96,0,148508672,1,85.61,0.00,3074082816,33792,2043969536
319.3727,3017199616,8749.3800,2847.28,0,148508672,1,96.69,0.00,3074340864,33792,2043969536
319.4820,3017199616,8752.6300,2972.50,0,148508672,1,86.32,0.00,3074271232,33792,2043969536
319.5868,3017199616,8755.6400,2871.62,0,148508672,1,93.02,0.00,3074271232,33792,2043969536
319.6943,3017199616,8758.7800,2922.15,0,148508672,1,87.25,0.00,3074271232,33792,2043969536
319.7997,3019165696,8761.7500,2816.40,0,148508672,1,88.90,0.00,3076372480,33792,2043969536
319.9052,3019165696,8764.7800,2871.70,0,148508672,1,89.15,0.00,3076372480,33792,2043969536
320.0104,3022311424,8767.6500,2729.93,0,148508672,1,85.61,0.00,3079518208,33792,2043969536
320.1177,3022311424,8770.5700,2721.85,0,148508672,1,85.35,0.00,3079518208,33792,2043969536
320.2337,3022311424,8773.7000,2698.32,0,148508672,1,83.51,0.00,3079518208,33792,2043969536
320.3391,3022311424,8776.5100,2665.20,0,148508672,1,84.18,0.00,3079514112,33792,2043969536
320.4446,3022311424,8779.1900,2539.01,0,148508672,1,82.30,0.00,3079514112,33792,2043969536
320.5500,3022311424,8781.9900,2656.73,0,148508672,1,79.76,0.00,3079514112,33792,2043969536
320.6550,3022311424,8784.7000,2581.13,0,148508672,1,80.06,0.00,3079514112,33792,2043969536
320.7604,3022311424,8787.4000,2562.99,0,148508672,1,83.95,0.00,3079514112,33792,2043969536
320.8658,3022311424,8790.2000,2656.35,0,148508672,1,80.34,0.00,3079514112,33792,2043969536
320.9710,3022311424,8792.9100,2576.63,0,148508672,1,79.93,0.00,3079514112,33792,2043969536
321.0766,3022311424,8795.6100,2554.58,0,148508672,1,83.38,0.00,3079514112,33792,2043969536
321.1820,3022311424,8798.3400,2590.20,0,148508672,1,77.98,0.00,3079514112,33792,2043969536
321.2883,3022311424,8800.7800,2296.35,0,148508672,1,73.82,0.00,3079772160,33792,2043969536
321.3977,3022311424,8803.3800,2377.57,0,148508672,1,72.01,0.00,3079514112,33792,2043969536
321.5057,3022311424,8805.9100,2342.58,0,148508672,1,72.92,0.00,3079514112,33792,2043969536
321.6112,3022311424,8808.4800,2436.10,0,148508672,1,75.83,0.00,3079514112,33792,2043969536
321.7164,3022311424,8811.1600,2546.32,0,148508672,1,82.84,0.00,3079510016,33792,2043969536
321.8215,3022311424,8813.8600,2567.99,0,148508672,1,77.87,0.00,3079768064,33792,2043969536
321.9263,3022311424,8816.3500,2377.52,0,148508672,1,74.30,0.00,3079514112,33792,2043969536
322.0311,3022311424,8818.8500,2384.48,0,148508672,1,73.92,0.00,3079473152,33792,2044362752
322.1369,3022311424,8821.3500,2363.09,0,148508672,1,77.10,0.00,3079473152,33792,2044362752
322.2421,3022311424,8823.9400,2462.63,0,148508672,1,74.28,0.00,3079473152,33792,2044362752
322.3471,3022311424,8826.4400,2381.47,0,148508672,1,74.12,0.00,3079485440,33792,2044362752
322.4525,3022311424,8828.9300,2362.22,0,148508672,1,76.19,0.00,3079481344,33792,2044362752
322.5582,3022311424,8831.5300,2459.95,0,148508672,1,74.51,0.00,3079481344,33792,2044362752
322.6628,3022311424,8834.0200,2380.20,0,148508672,1,74.68,0.00,3079481344,33792,2044461056
322.7680,3022311424,8836.5200,2376.48,0,148508672,1,76.64,0.00,3079481344,33792,2044461056
322.8731,3022311424,8839.1100,2462.93,0,148508672,1,73.70,0.00,3079481344,33792,2044461056
322.9786,3022311424,8841.6100,2369.92,0,148508672,1,74.65,0.00,3079477248,33792,2044461056
323.0834,3022311424,8844.1000,2376.45,0,148508672,1,74.86,0.00,3079477248,33792,2046922240
323.1887,3022311424,8846.6000,2374.92,0,148508672,1,76.89,0.00,3079477248,33792,2046922240
323.2946,3022311424,8849.1900,2445.96,0,148508672,1,73.19,0.00,3079215104,33792,2046922240
323.3993,3022311424,8851.6900,2385.74,0,148508672,1,75.15,0.00,3079215104,33792,2046922240
323.5052,3022311424,8854.1900,2362.00,0,148508672,1,73.81,0.00,3079215104,33792,2046922240
323.6105,3022311424,8856.6100,2297.01,0,148508672,1,71.78,0.00,3079477248,33792,2046922240
323.7157,3022311424,8859.0000,2272.03,0,148508672,1,70.70,0.00,3079477248,33792,2046922240
323.8207,3022311424,8861.3900,2276.00,0,148508672,1,74.40,0.00,3079473152,33792,2046922240
323.9259,3022311424,8863.8800,2367.17,0,148508672,1,70.71,0.00,3079211008,33792,2046922240
324.0315,3022311424,8866.2700,2264.39,0,148508672,1,71.06,0.00,3079211008,33792,2046922240
324.1364,3026243584,8868.6300,2249.13,0,148508672,1,73.26,0.00,3083667456,33792,2046922240
324.2417,3026243584,8871.0100,2260.52,0,148508672,1,67.67,0.00,3083409408,33792,2046922240
324.3471,3026243584,8873.2300,2105.43,0,148508672,1,65.50,0.00,3083155456,33792,2046946816
324.4526,3026243584,8875.4100,2066.72,0,148508672,1,66.96,0.00,3083155456,33792,2046946816
324.5577,3026243584,8877.6800,2160.97,0,148508672,1,65.45,0.00,3083155456,33792,2046946816
324.6634,3026243584,8879.8600,2062.12,0,148508672,1,64.44,0.00,3083941888,33792,2046946816
324.7687,3030568960,8881.9500,1984.23,0,148508672,1,64.38,0.00,3087607808,33792,2046946816
324.8742,3030568960,8884.1100,2047.68,0,148508672,1,61.03,0.00,3087607808,33792,2046946816
324.9796,3030568960,8886.1900,1973.65,0,148508672,1,62.27,0.00,3087349760,33792,2046946816
325.0852,3030568960,8888.3200,2016.87,0,148508672,1,62.73,0.00,3087349760,33792,2046946816
325.1902,3030568960,8890.3000,1885.10,0,148508672,1,59.21,0.00,3087349760,33792,2046946816
325.2956,3030568960,8892.2800,1878.89,0,148508672,1,57.83,0.00,3087345664,33792,2046946816
325.4009,3030568960,8894.2500,1870.28,0,148508672,1,61.41,0.00,3087345664,33792,2046946816
325.5058,3030568960,8896.3000,1954.65,0,148508672,1,58.70,0.00,3087357952,33792,2046946816
325.6113,3030568960,8898.2800,1877.13,0,148508672,1,58.96,0.00,3087357952,33792,2046946816
325.7167,3030568960,8900.2600,1878.07,0,148508672,1,60.76,0.00,3087357952,33792,2046946816
325.8219,3030568960,8902.3100,1949.35,0,148508672,1,58.84,0.00,3087144960,33792,2046946816
325.9275,3030568960,8904.1800,1770.61,0,148508672,1,55.04,0.00,3087149056,33792,2046946816
326.0331,3030568960,8905.9500,1676.86,0,148508672,1,54.47,0.00,3087144960,33792,2046946816
326.1382,3030568960,8907.7900,1749.54,0,148508672,1,53.19,0.00,3087144960,33792,2047094272
326.2437,3030568960,8909.5500,1668.95,0,148508672,1,52.45,0.00,3087144960,33792,2047094272
326.3493,3030568960,8911.3900,1742.81,0,148508672,1,54.46,0.00,3087144960,33792,2047094272
326.4543,3030568960,8913.1600,1685.82,0,148508672,1,51.79,0.00,3087140864,33792,2047094272
326.5592,3030568960,8914.9300,1686.16,0,148508672,1,53.29,0.00,3087144960,33792,2047303168
326.6645,3030568960,8916.6900,1672.25,0,148508672,1,54.93,0.00,3087370240,33792,2047303168
326.7702,3030962176,8918.4500,1663.97,0,148508672,1,50.52,0.00,3087226880,33792,2047303168
326.8756,3030962176,8920.1100,1576.18,0,148508672,1,48.37,0.00,3086964736,33792,2047303168
326.9806,3030962176,8921.7800,1590.43,0,148508672,1,52.08,0.00,3086964736,33792,2047303168
327.0866,3030962176,8923.5100,1632.15,0,148508672,1,48.94,0.00,3086964736,33792,2047303168
327.1915,3030962176,8925.1700,1581.37,0,148508672,1,50.31,0.00,3086964736,33792,2047344128
327.2967,3030962176,8926.8300,1578.37,0,148508672,1,51.11,0.00,3086964736,33792,2047344128
327.4019,3030962176,8928.5600,1644.90,0,148508672,1,49.32,0.00,3086735360,33792,2047344128
327.5072,3030962176,8930.2200,1575.80,0,148508672,1,49.24,0.00,3086735360,33792,2047344128
327.6127,3030962176,8931.8900,1583.89,0,148508672,1,50.68,0.00,3086731264,33792,2047344128
327.7178,3030962176,8933.6200,1645.20,0,148508672,1,50.22,0.00,3086731264,33792,2047344128
327.8230,3030962176,8935.2800,1578.78,0,148508672,1,49.34,0.00,3086731264,33792,2047344128
327.9282,3030962176,8936.9400,1576.79,0,148508672,1,51.95,0.00,3086637056,33792,2047380992
328.0340,3030962176,8938.6700,1634.88,0,148508672,1,48.43,0.00,3086252032,33792,2047450624
328.1389,3030962176,8940.3300,1582.88,0,148508672,1,50.06,0.00,3086252032,33792,2047450624
328.2439,3030962176,8941.9900,1580.77,0,148508672,1,51.18,0.00,3086252032,33792,2050825728
328.3500,3030962176,8943.6600,1574.02,0,148508672,1,48.01,0.00,3086514176,33792,2050825728
328.4550,3030962176,8945.2100,1476.42,0,148508672,1,45.25,0.00,3086514176,33792,2050895360
328.5601,3030962176,8946.6700,1389.02,0,148508672,1,45.49,0.00,3086514176,33792,2050895360
328.6656,3030962176,8948.1800,1432.01,0,148508672,1,42.97,0.00,3086514176,33792,2050895360
328.7706,3030962176,8949.6400,1390.44,0,148508672,1,44.64,0.00,3086514176,33792,2050895360
328.8758,3030962176,8951.0300,1321.40,0,148508672,1,39.81,0.00,3086514176,33792,2050895360
328.9807,3030962176,8952.3800,1286.14,0,148508672,1,42.28,0.00,3086256128,33792,2050895360
329.0860,3030962176,8953.7800,1330.02,0,148508672,1,39.78,0.00,3086252032,33792,2050895360
329.1911,3030962176,8955.1300,1284.31,0,148508672,1,41.03,0.00,3086252032,33792,2050895360
329.2967,3030962176,8956.4900,1287.43,0,148508672,1,40.82,0.00,3086252032,33792,2050895360
329.4024,3030962176,8957.7500,1192.50,0,148508672,1,36.08,0.00,3086256128,33792,2050952704
329.5076,3030962176,8958.8900,1083.31,0,148508672,1,33.56,0.00,3086256128,33792,2051169792
329.6130,3030962176,8960.0500,1100.84,0,148508672,1,33.81,0.00,3086252032,33792,2051169792
329.7183,3030962176,8961.0900,988.02,0,148508672,1,31.17,0.00,3086018560,33792,2051169792
329.8233,3030962176,8962.1300,989.89,0,148508672,1,31.23,0.00,3086018560,33792,2051169792
329.9284,3030962176,8963.1700,990.14,0,148508672,1,32.73,0.00,3086018560,33792,2051169792
330.0334,3030962176,8964.2500,1027.92,0,148508672,1,30.04,0.00,3086018560,33792,2051169792
330.1389,3030962176,8965.2900,986.08,0,148508672,1,31.11,0.00,3086018560,33792,2051169792
330.2439,3030962176,8966.3300,990.64,0,148508672,1,32.15,0.00,3086018560,33792,2051169792
330.3493,3030962176,8967.4100,1024.83,0,148508672,1,31.73,0.00,3086014464,33792,2051169792
330.4547,3030962176,8968.3800,920.26,0,148508672,1,27.87,0.00,3086276608,33792,2051169792
330.5596,3034107904,8969.2600,838.73,0,148508672,1,26.51,0.00,3089422336,33792,2051169792
330.6647,3034107904,8969.9900,694.56,0,148508672,1,22.30,0.00,3089422336,33792,2051366400
330.7700,3034107904,8970.7000,674.35,0,148508672,1,20.48,0.00,3089422336,33792,2051366400
330.8753,3034107904,8971.2600,531.78,0,148508672,1,16.62,0.00,3089422336,33792,2051366400
330.9811,3034107904,8971.6900,406.23,0,148508672,1,12.40,0.00,3089422336,33792,2051366400
331.0866,3034107904,8972.0100,303.43,0,148508672,1,9.48,0.00,3089418240,33792,2051366400
331.1915,3034107904,8972.3200,295.47,0,148508672,1,9.53,0.00,3089418240,33792,2051366400
331.2969,3034107904,8972.6300,294.17,0,148508672,1,9.19,0.00,3089418240,33792,2051366400
331.4022,3034107904,8972.9500,303.94,0,148508672,1,9.20,0.00,3089430528,33792,2051366400
331.5074,3034107904,8973.2600,294.75,0,148508672,1,9.81,0.00,3089430528,33792,2051366400
331.6123,3034107904,8973.5800,305.05,0,148508672,1,9.53,0.00,3089430528,33792,2051366400
331.7176,3034107904,8973.9000,303.92,0,148508672,1,9.50,0.00,3089430528,33792,2051366400
331.8229,3034107904,8974.1200,208.94,0,148508672,1,6.83,0.00,3089426432,33792,2051366400
331.9281,3034107904,8974.3200,190.10,0,148508672,1,6.53,0.00,3089426432,33792,2051366400
332.0336,3034107904,8974.5400,208.42,0,148508672,1,6.51,0.00,3089426432,33792,2051534336
332.1386,3034107904,8974.7500,199.99,0,148508672,1,6.25,0.00,3089426432,33792,2051534336
332.2439,3034107904,8974.9600,199.50,0,148508672,1,6.53,0.00,3089426432,33792,2051534336
332.3495,3034107904,8975.1700,198.92,0,148508672,1,6.22,0.00,3089426432,33792,2051534336
332.4547,3034107904,8975.3800,199.59,0,148508672,1,6.53,0.00,3089426432,33792,2051534336
332.5602,2738380800,8975.5700,180.11,0,150130688,1,5.33,0.00,2794412032,33792,2051534336
332.6652,2742706176,8975.7700,190.46,0,170405888,1,5.06,0.00,2798848000,33792,2051534336
332.7703,2748997632,8975.9100,133.11,0,184045568,1,3.27,0.00,2805388288,33792,2051534336
332.8750,2749390848,8976.0500,133.79,0,195104768,1,3.29,0.00,2805402624,33792,2051534336
332.9796,2749784064,8976.1800,124.21,0,204541952,1,4.78,0.00,2806007808,33792,2051534336
333.0855,2750177280,8976.3100,122.86,0,212873216,1,4.13,0.00,2806526976,33792,2051534336
333.1898,2750177280,8976.4400,124.60,0,220467200,1,3.59,0.00,2805977088,33792,2051534336
333.2949,2762760192,8976.5800,133.25,0,226660352,1,7.14,0.00,2819803136,33792,2053745152
333.4005,2763939840,8976.7100,123.06,0,233279488,1,4.14,0.00,2820868096,33792,2053745152
333.5052,2764333056,8976.8300,114.60,0,239562752,1,3.88,0.00,2820861952,33792,2053745152
333.6102,2764333056,8976.9500,114.30,0,245460992,1,3.57,0.00,2821911552,33792,2053745152
333.7154,2764726272,8977.0700,114.05,0,251064320,1,2.97,0.00,2821805056,33792,2053745152
333.8203,2764726272,8977.1900,114.40,0,256372736,1,3.58,0.00,2821774336,33792,2053745152
333.9262,2764726272,8977.3100,113.32,0,261533696,1,4.13,0.00,2821745664,33792,2053745152
334.0312,2765119488,8977.4300,114.31,0,266326016,1,4.76,0.00,2821865472,33792,2053745152
334.1361,2765119488,8977.5600,123.92,0,271044608,1,3.57,0.00,2821744640,33792,2053745152
334.2419,2765119488,8977.6800,113.43,0,275689472,1,2.95,0.00,2821627904,33792,2053745152
334.3479,2765512704,8977.8000,113.18,0,280039424,1,3.24,0.00,2822420480,33792,2053745152
334.4529,2767675392,8977.9500,142.83,0,282730496,1,4.76,0.00,2825024512,33792,2053745152
334.5583,2781044736,8978.2000,237.20,0,282730496,1,6.82,0.00,2838254592,33792,2053745152
334.6645,2885541888,8978.8000,565.04,0,282730496,1,15.60,0.00,2944466944,33792,2053745152
334.7701,2857357312,8979.0000,189.37,0,305360896,1,5.62,0.00,2916677632,33792,2053745152
334.8751,2857357312,8979.1500,142.95,0,321417216,1,4.47,0.00,2916323328,33792,2053745152
334.9797,2857357312,8979.2800,124.20,0,333008896,1,3.58,0.00,2916132864,33792,2053745152
335.0844,2857357312,8979.4100,124.15,0,342593536,1,3.88,0.00,2916405248,33792,2053745152
335.1897,2857357312,8979.5400,123.45,0,351072256,1,3.86,0.00,2916193280,33792,2053745152
335.2948,2857750528,8979.6600,114.28,0,358592512,1,3.87,0.00,2916470784,33792,2053745152
335.3996,2857750528,8979.7900,124.03,0,365522944,1,3.58,0.00,2916491264,33792,2053745152
335.5040,2858868736,8979.9900,191.58,0,382472192,1,5.69,0.00,2917463040,33792,2053745152
335.6091,2858868736,8980.1700,171.25,0,402874368,1,5.05,0.00,2917836800,33792,2053810688
335.7141,2859261952,8980.3500,171.42,0,423837696,1,6.55,0.00,2916612096,33792,2053810688
335.8191,2859261952,8980.5300,171.43,0,445333504,1,5.65,0.00,2917263360,33792,2053810688
335.9255,2860101632,8980.7200,178.60,0,466534400,1,5.29,0.00,2918031360,33792,2053810688
336.0309,2860101632,8980.9000,170.71,0,487415808,1,5.63,0.00,2918088704,33792,2053810688
336.1365,2860101632,8981.0800,170.54,0,507953152,1,6.51,0.00,2918680576,33792,2053962240
336.2418,2860494848,8981.2600,170.93,0,528498688,1,5.94,0.00,2919217152,33792,2053962240
336.3469,2861539328,8981.4400,171.20,0,549363712,1,6.84,0.00,2919974912,33792,2053962240
336.4518,2861539328,8981.6200,171.61,0,569892864,1,5.36,0.00,2920384512,33792,2053962240
336.5569,2861932544,8981.8000,171.25,0,590561280,1,5.65,0.00,2920241152,33792,2053962240
336.6621,2861932544,8981.9900,180.58,0,611737600,1,5.05,0.00,2920419328,33792,2054105600
336.7671,2862325760,8982.1600,161.88,0,632823808,1,5.06,0.00,2920726528,33792,2054105600
336.8721,2862718976,8982.3400,171.44,0,652730368,1,5.66,0.00,2921231360,33792,2054105600
336.9773,2862718976,8982.5200,171.13,0,672915456,1,6.24,0.00,2921372672,33792,2054105600
337.0822,2863112192,8982.6900,162.14,0,692551680,1,4.47,0.00,2921148416,33792,2054298112
337.1871,2211631104,8982.8300,133.40,0,699539456,1,4.76,0.00,2241415168,33792,2054298112
337.2932,0,8982.9400,103.63,0,699539456,1,4.71,0.00,1099414528,33792,2054298112
337.3731,0,8982.9400,0.00,0,699539456,0,3.13,0.00,76042240,33792,2054298112
