t_s,proc_rss_bytes,proc_cpu_s,proc_cpu_pct,proc_read_bytes,proc_write_bytes,nproc,sys_cpu_pct,sys_iowait_pct,sys_mem_used_bytes,sys_read_bytes,sys_write_bytes
0.0000,0,0.0000,0.00,0,0,0,0.00,0.00,71471104,0,0
0.1047,56471552,0.0900,85.94,0,0,1,2.69,0.00,89691136,0,0
0.2110,78913536,0.2400,141.13,0,0,1,4.12,0.00,109320192,0,0
0.3170,84811776,0.4000,151.00,0,0,1,5.31,0.00,115869696,0,0
0.4229,138321920,0.6800,264.23,0,0,1,7.96,0.00,174901248,0,0
0.5300,358522880,2.0400,1269.98,0,0,1,38.23,0.00,403388416,0,0
0.6396,366780416,3.6500,1468.81,0,4096,1,51.89,0.00,412383232,0,0
0.7531,367566848,6.3600,2388.06,0,4096,1,69.67,0.00,414377984,0,57344
0.8587,377626624,7.8300,1392.44,0,1052672,1,40.85,0.00,419450880,0,57344
0.9652,378437632,10.3000,2318.62,0,1052672,1,74.22,0.00,422809600,0,57344
1.0713,379224064,12.9900,2535.90,0,1052672,1,79.84,0.00,423542784,0,57344
1.1766,390627328,14.5500,1481.29,0,2101248,1,45.70,0.00,436894720,0,57344
1.2829,391413760,17.6100,2879.06,0,2101248,1,91.44,0.00,437472256,0,57344
1.3880,401637376,19.0600,1380.21,0,3149824,1,40.45,0.00,447215616,0,229376
1.4949,402030592,22.0600,2806.24,0,3149824,1,91.79,0.00,446314496,0,229376
1.6007,403603456,24.3400,2154.79,0,3149824,1,62.91,0.00,448202752,0,229376
1.7076,408715264,26.4000,1925.74,0,4198400,1,62.22,0.00,453994496,0,229376
1.8140,409108480,29.2800,2708.24,0,4198400,1,86.98,0.00,454367232,0,364544
1.9194,417759232,30.7000,1346.93,0,5246976,1,37.65,0.00,464584704,0,425984
2.0265,417759232,33.4300,2548.45,0,5246976,1,82.85,0.00,464584704,0,2984960
2.1331,420511744,35.5700,2009.08,0,5246976,1,58.68,0.00,466997248,0,2984960
2.2389,427622400,36.8700,1227.83,0,6295552,1,46.34,0.00,474270720,0,2984960
2.3496,427622400,40.2400,3044.85,0,6295552,1,87.81,0.00,474098688,0,2984960
2.4549,433520640,41.7200,1405.11,0,7344128,1,46.58,0.00,480550912,0,2984960
2.5642,434307072,45.0200,3019.25,0,7344128,1,92.06,0.00,480219136,0,2984960
2.6707,436666368,47.4700,2301.07,0,7344128,1,72.20,0.00,482906112,0,2984960
2.7759,440598528,49.9700,2377.77,0,8392704,1,76.39,0.00,486371328,0,3296256
2.8823,441384960,52.7400,2602.34,0,8392704,1,82.50,0.00,486866944,0,3296256
2.9916,446496768,54.2600,1390.00,0,9441280,1,43.44,0.00,492521472,0,3296256
3.0984,446496768,57.1900,2745.86,0,9441280,1,88.15,0.00,493307904,0,3296256
3.2043,448462848,58.9500,1660.63,0,9441280,1,48.36,0.00,494778368,0,3296256
3.3116,453967872,61.2100,2106.05,0,10489856,1,66.11,0.00,499843072,0,3296256
3.4182,454361088,64.0000,2619.08,0,10489856,1,84.78,0.00,500629504,0,3296256
3.5277,459866112,65.6800,1534.58,0,11538432,1,43.67,0.00,505453568,0,3296256
3.6341,460652544,68.7000,2836.35,0,11538432,1,90.69,0.00,506764288,0,3296256
3.7392,462225408,70.2900,1513.04,0,11538432,1,44.31,0.00,507501568,0,3296256
3.8476,463966208,72.7500,2268.61,0,12587008,1,71.76,0.00,509136896,0,3296256
3.9539,465145856,75.4800,2569.09,0,12587008,1,81.75,0.00,510038016,0,3525632
4.0593,468291584,77.3100,1736.35,0,13635584,1,52.48,0.00,516784128,0,3525632
4.1656,469471232,80.2500,2766.87,0,13635584,1,85.58,0.00,517099520,0,3525632
4.2707,476155904,81.9100,1579.51,0,14684160,1,54.12,0.00,521702400,0,3525632
4.3769,476155904,85.0400,2946.35,0,14684160,1,88.25,0.00,521538560,0,3525632
4.4833,478121984,87.4500,2265.35,0,14684160,1,69.62,0.00,523869184,0,3525632
4.5917,482447360,89.7000,2076.19,0,15732736,1,67.19,0.00,526687232,0,3525632
4.6980,483233792,92.1000,2257.34,0,15732736,1,72.60,0.00,528522240,0,3570688
4.8033,485593088,92.8500,711.81,0,16760832,1,18.39,0.00,533940224,0,3570688
4.9149,487559168,95.9400,2770.53,0,16781312,1,91.90,0.00,533940224,0,3570688
5.0206,489525248,98.3500,2278.70,0,16781312,1,65.00,0.00,535508992,0,3570688
5.1276,493457408,100.8400,2326.67,0,17829888,1,76.80,0.00,540508160,0,3570688
5.2338,494243840,103.5300,2533.84,0,17829888,1,77.42,0.00,540454912,0,3570688
5.3392,500928512,105.1500,1536.68,0,18878464,1,50.99,0.00,545934336,0,3570688
5.4489,500928512,108.3700,2934.87,0,18878464,1,87.44,0.00,546528256,0,3570688
5.5597,506040320,110.3200,1761.49,0,19927040,1,56.18,0.00,553245696,0,3570688
5.6717,506040320,113.6800,2999.85,0,19927040,1,93.47,0.00,552205312,0,3640320
5.7781,510365696,115.9000,2085.99,0,19996672,1,62.84,0.00,556260352,0,3640320
5.8876,513118208,118.7700,2619.38,0,20975616,1,83.85,0.00,558606336,0,3640320
5.9940,513511424,121.2300,2313.23,0,20975616,1,73.76,0.00,560699392,0,3640320
6.1036,517836800,122.8200,1450.00,0,22024192,1,42.46,0.00,564516864,0,3640320
6.2096,519016448,125.9900,2990.70,0,22024192,1,95.52,0.00,565692416,0,3640320
6.3153,523341824,127.3700,1305.94,0,22093824,1,36.67,0.00,568883200,0,3640320
6.4237,525701120,130.5300,2916.80,0,23072768,1,94.61,0.00,571824128,0,3767296
6.5296,526487552,133.0700,2397.38,0,23072768,1,74.62,0.00,573327360,0,3767296
6.6349,530419712,135.3400,2155.97,0,24121344,1,73.01,0.00,576766976,0,3767296
6.7451,531599360,138.4100,2786.70,0,24121344,1,79.43,0.00,577532928,0,3767296
6.8516,537890816,140.5400,1998.27,0,25169920,1,62.15,0.00,583217152,0,3767296
6.9579,538677248,143.6100,2889.87,0,25169920,1,92.66,0.00,583282688,0,3767296
7.0634,540643328,144.8900,1212.58,0,25239552,1,34.34,0.00,587988992,0,3791872
7.1716,543002624,148.0300,2901.86,0,26218496,1,94.15,0.00,589306880,0,7336960
7.2777,544575488,150.6100,2433.48,0,26218496,1,74.57,0.00,591068160,0,7336960
7.3827,549294080,152.8100,2095.14,0,27267072,1,72.62,0.00,596951040,0,7336960
7.4930,551260160,155.6100,2538.86,0,27267072,1,72.26,0.00,597733376,0,7336960
7.5990,556371968,157.0700,1376.25,0,28315648,1,41.53,0.00,603422720,0,7336960
7.7076,556371968,160.4100,3075.46,0,28315648,1,95.82,0.00,603492352,0,7336960
7.8138,560304128,161.9600,1460.79,0,28385280,1,44.77,0.00,607068160,0,7336960
7.9190,562270208,164.7200,2622.48,0,29364224,1,85.81,0.00,608513024,0,7382016
8.0255,563056640,167.2500,2376.57,0,29364224,1,70.45,0.00,610323456,0,7382016
8.1308,568954880,168.3700,1062.94,0,30412800,1,39.15,0.00,615614464,0,7382016
8.2412,570134528,171.7000,3016.29,0,30412800,1,88.03,0.00,616560640,0,7382016
8.3516,574853120,173.3700,1512.33,0,31461376,1,46.41,0.00,622678016,0,7382016
8.4575,574853120,176.4600,2919.81,0,31461376,1,91.83,0.00,622559232,0,7382016
8.5640,574992384,178.6000,2008.99,0,31461376,1,60.43,0.00,620307456,0,7382016
8.6694,539967488,179.9400,1270.81,0,32509952,1,45.05,0.00,583916544,0,7382016
8.7772,539967488,183.3000,3117.97,0,32509952,1,93.96,0.00,583662592,0,7382016
8.8829,541147136,184.8700,1485.11,0,33538048,1,45.23,0.00,586458112,0,7382016
8.9918,542326784,188.2000,3057.08,0,33558528,1,95.82,0.00,586445824,0,7382016
9.0986,541097984,190.5400,2191.69,0,33558528,1,68.78,0.00,585006080,0,7382016
9.2039,547868672,192.8400,2184.67,0,34607104,1,68.57,0.00,592689152,0,7382016
9.3106,529367040,195.7900,2764.79,0,34607104,1,86.99,0.00,573097984,0,7382016
9.4197,505020416,197.5500,1613.67,0,35655680,1,47.56,0.00,548420608,0,7382016
9.5262,505020416,200.7700,3022.95,0,35655680,1,98.87,0.00,548412416,0,7382016
9.6327,502984704,202.5000,1624.58,0,35655680,1,45.19,0.00,546556928,0,7410688
9.7396,502984704,205.0100,2346.28,0,36704256,1,73.32,0.00,548104192,0,7410688
9.8459,502984704,207.7400,2570.20,0,36704256,1,81.79,0.00,547596288,0,7410688
9.9557,502984704,209.8700,1940.15,0,37752832,1,57.50,0.00,548505600,0,7410688
10.0623,502984704,212.8500,2794.04,0,37752832,1,89.66,0.00,548313088,0,7410688
10.1674,502984704,214.6200,1683.98,0,38801408,1,54.71,0.00,548637696,0,7410688
10.2767,502984704,217.9700,3066.23,0,38801408,1,91.82,0.00,547662848,0,7410688
10.3826,502984704,219.7200,1651.66,0,38801408,1,51.32,0.00,548557824,0,7410688
10.4917,502517760,222.3900,2448.94,0,39849984,1,79.97,0.00,547056640,0,7410688
10.5976,502517760,225.0100,2473.48,0,39849984,1,75.23,0.00,546330624,0,7410688
10.7034,502910976,227.0800,1955.92,0,40898560,1,62.30,0.00,547297280,0,7468032
10.8097,502910976,230.0400,2785.60,0,40898560,1,86.76,0.00,546277376,0,7468032
10.9147,504090624,231.4600,1352.49,0,41947136,1,45.84,0.00,549827584,0,7468032
11.0213,504090624,234.5600,2907.20,0,41947136,1,87.04,0.00,549114880,0,7468032
11.1273,502444032,237.1000,2396.59,0,41947136,1,73.42,0.00,546711552,0,7468032
11.2325,503230464,239.6500,2423.88,0,42995712,1,77.23,0.00,547979264,0,7873536
11.3386,503230464,242.4500,2638.04,0,42995712,1,84.79,0.00,547487744,0,7873536
11.4476,504016896,244.7900,2146.15,0,44048384,1,63.63,0.00,548723712,0,7873536
11.5537,504016896,247.8800,2913.26,0,44048384,1,90.74,0.00,548723712,0,7873536
11.6590,504016896,249.5900,1624.41,0,45096960,1,59.67,0.00,549326848,0,7873536
11.7691,504016896,253.1400,3222.93,0,45096960,1,93.06,0.00,548855808,0,7873536
11.8750,504410112,254.8600,1625.06,0,45412352,1,49.90,0.00,549388288,0,7873536
11.9836,501665792,258.0500,2935.47,0,46145536,1,92.02,0.00,545741824,0,7873536
12.0899,501665792,260.4900,2297.29,0,46145536,1,72.67,0.00,546003968,0,7873536
12.1997,501665792,263.0500,2331.65,0,47194112,1,76.28,0.00,546293760,0,19618816
12.3089,501665792,265.9000,2608.46,0,47194112,1,76.08,0.00,545773568,0,19618816
12.4151,502059008,267.2900,1308.49,0,48242688,1,41.48,0.00,546033664,0,19618816
12.5214,502059008,269.7800,2343.62,0,48242688,1,73.24,0.00,545783808,0,19618816
12.6274,502059008,271.6300,1744.95,0,48242688,1,53.35,0.00,545337344,0,19618816
12.7333,502452224,272.8000,1105.30,0,49291264,1,35.13,0.00,546895872,0,19618816
12.8399,502452224,275.8400,2849.59,0,49291264,1,89.34,0.00,546490368,0,19618816
12.9455,502452224,277.3700,1449.98,0,49291264,1,43.53,0.00,546519040,0,19639296
13.0505,502452224,279.4900,2018.28,0,50339840,1,68.13,0.00,547537920,0,19639296
13.1570,502452224,282.2700,2610.45,0,50339840,1,77.47,0.00,547533824,0,19639296
13.2636,502452224,283.8600,1490.82,0,51388416,1,47.47,0.00,547135488,0,19639296
13.3701,502452224,287.0800,3025.87,0,51388416,1,96.03,0.00,547131392,0,19639296
13.4757,502452224,288.7200,1553.03,0,51458048,1,43.80,0.00,548097024,0,19639296
13.5810,503631872,291.2700,2421.20,0,52436992,1,77.74,0.00,549591040,0,19639296
13.6874,504025088,294.0700,2631.91,0,52436992,1,81.07,0.00,549165056,0,19639296
13.7922,509136896,295.6900,1545.28,0,53485568,1,48.29,0.00,554969088,0,19639296
13.8989,509136896,298.8800,2990.06,0,53485568,1,96.37,0.00,554969088,0,19639296
14.0049,509530112,300.2600,1301.58,0,53485568,1,36.55,0.00,554447872,0,19799040
14.1105,510316544,302.1900,1827.99,0,54534144,1,63.93,0.00,554582016,0,19799040
14.2172,510316544,305.1500,2772.97,0,54534144,1,81.97,0.00,554328064,0,19799040
14.3225,510709760,306.3700,1158.67,0,55582720,1,40.36,0.00,555150336,0,19799040
14.4291,510709760,309.6900,3116.57,0,55582720,1,92.70,0.00,554454016,0,19799040
14.5346,510709760,311.8100,2009.15,0,55582720,1,61.90,0.00,548670464,0,19799040
14.6398,505634816,313.5800,1682.47,0,56631296,1,59.11,0.00,548860928,0,19799040
14.7525,505634816,316.8300,2883.61,0,56631296,1,82.90,0.00,548365312,0,19844096
14.8571,506421248,318.3000,1405.89,0,57683968,1,43.64,0.00,550391808,0,19844096
14.9632,506421248,321.5400,3052.68,0,57683968,1,95.10,0.00,549670912,0,19844096
15.0690,506421248,323.6300,1974.38,0,57683968,1,60.81,0.00,549494784,0,19844096
15.1742,506421248,325.4900,1768.53,0,58732544,1,59.43,0.00,549810176,0,19844096
15.2807,506421248,328.4200,2752.61,0,58732544,1,81.91,0.00,549560320,0,19844096
15.3876,506814464,330.5000,1944.14,0,59781120,1,59.59,0.00,550212608,0,19844096
15.4937,506814464,333.7300,3044.95,0,59781120,1,95.74,0.00,549970944,0,19844096
15.5982,506814464,335.4500,1646.46,0,59850752,1,51.75,0.00,551027712,0,19844096
15.7076,507207680,338.5700,2850.49,0,60829696,1,90.79,0.00,549590016,0,19844096
15.8138,507207680,341.1400,2420.82,0,60829696,1,74.18,0.00,549536768,0,19844096
15.9192,507207680,343.2900,2039.98,0,61878272,1,72.35,0.00,550840320,0,19844096
16.0291,507207680,346.5000,2920.39,0,61878272,1,83.59,0.00,550848512,0,19958784
16.1356,507207680,348.5500,1924.38,0,62926848,1,62.48,0.00,551678976,0,19983360
16.2415,507207680,351.8400,3108.73,0,62926848,1,96.26,0.00,550990848,0,19983360
16.3477,507600896,353.4900,1552.84,0,63975424,1,48.53,0.00,552341504,0,19991552
16.4544,507600896,356.6900,3001.28,0,63975424,1,96.72,0.00,551415808,0,20061184
16.5608,507600896,358.9700,2142.89,0,63975424,1,61.68,0.00,551419904,0,20061184
16.6662,507600896,361.4500,2352.37,0,65024000,1,78.85,0.00,552338432,0,20061184
16.7728,507600896,364.2600,2635.50,0,65024000,1,77.08,0.00,552469504,0,20061184
16.8778,507600896,366.2100,1857.28,0,66072576,1,63.40,0.00,553034752,0,20061184
16.9843,507600896,369.2800,2883.71,0,66072576,1,84.25,0.00,553042944,0,20061184
17.0902,507600896,370.3900,1048.09,0,66142208,1,31.87,0.00,553567232,0,20061184
17.1955,507600896,373.3400,2800.81,0,67121152,1,89.60,0.00,554939392,0,20061184
17.3017,507600896,375.7700,2287.41,0,67121152,1,71.48,0.00,553305088,0,20061184
17.4068,508780544,377.6300,1770.15,0,68169728,1,58.59,0.00,555127808,0,26605568
17.5137,508780544,380.7100,2881.27,0,68169728,1,85.65,0.00,555922432,0,26605568
17.6191,514285568,382.3700,1575.32,0,69218304,1,53.08,0.00,558044160,0,26605568
17.7291,514285568,385.8300,3144.39,0,69218304,1,94.85,0.00,557548544,0,26605568
17.8354,518610944,387.6900,1749.93,0,69287936,1,52.33,0.00,563254272,0,26605568
17.9437,520183808,390.9600,3020.53,0,70266880,1,96.12,0.00,564695040,0,26605568
18.0502,521756672,393.4500,2336.41,0,70266880,1,73.01,0.00,566169600,0,26605568
18.1553,525295616,395.7600,2198.09,0,71315456,1,72.85,0.00,570356736,0,26605568
18.2651,526475264,398.6300,2614.03,0,71315456,1,76.57,0.00,571061248,0,26605568
18.3716,530800640,400.3100,1576.91,0,72364032,1,50.16,0.00,576389120,0,26605568
18.4777,530800640,403.5400,3045.13,0,72364032,1,94.57,0.00,577630208,0,26605568
18.5824,535519232,405.0100,1404.78,0,72433664,1,43.30,0.00,581885952,0,26605568
18.6870,538271744,407.6100,2485.73,0,73412608,1,82.46,0.30,582615040,0,26605568
18.7937,539058176,410.3000,2521.27,0,73412608,1,73.52,0.00,583065600,0,26605568
18.8990,543776768,412.2200,1822.25,0,74461184,1,63.77,0.00,588561408,0,26605568
19.0058,544956416,415.3400,2921.67,0,74461184,1,86.33,0.00,589798400,0,26662912
19.1110,552034304,416.7300,1321.83,0,75509760,1,47.55,0.00,596714496,0,26662912
19.2210,552034304,420.2000,3154.09,0,75509760,1,91.75,0.00,596214784,0,26662912
19.3272,560291840,422.0800,1770.63,0,75579392,1,53.86,0.00,604865536,0,26662912
19.4357,562651136,424.7500,2460.92,0,76558336,1,79.50,0.00,607392768,0,26662912
19.5420,563830784,427.3800,2473.61,0,76558336,1,77.89,0.00,608117760,0,26662912
19.6470,567762944,429.1400,1676.16,0,77606912,1,58.93,0.00,612241408,0,26703872
19.7571,568942592,432.2900,2860.17,0,77606912,1,82.29,0.00,612429824,0,26703872
19.8623,573661184,433.4200,1074.26,0,78655488,1,36.84,0.00,618117120,0,26703872
19.9686,573661184,436.7200,3105.74,0,78655488,1,93.53,0.00,617900032,0,26703872
20.0797,574840832,439.0600,2104.39,0,78655488,1,64.92,0.00,620632064,0,26703872
20.1847,581132288,441.3000,2133.89,0,79704064,1,70.26,0.00,624617472,0,26703872
20.2904,581132288,444.0500,2601.15,0,79704064,1,83.35,0.00,624859136,0,26703872
20.3956,586244096,445.4400,1322.04,0,80752640,1,38.04,0.00,630794240,0,26703872
20.5018,586244096,448.4500,2832.63,0,80752640,1,91.46,0.00,630462464,0,26703872
20.6075,584904704,450.3200,1770.38,0,80752640,1,50.59,0.00,629057536,0,26703872
20.7129,589623296,452.4800,2048.58,0,81801216,1,64.91,0.00,634195968,0,26761216
20.8192,589623296,455.4200,2766.19,0,81801216,1,86.15,0.00,634523648,0,26761216
20.9249,592261120,456.7300,1239.27,0,82849792,1,40.50,0.00,637116416,0,26761216
21.0313,592261120,459.9700,3044.96,0,82849792,1,95.15,0.00,636891136,0,26822656
21.1373,595800064,461.9200,1839.49,0,82849792,1,55.72,0.00,640028672,0,26822656
21.2437,599339008,463.9000,1862.04,0,83898368,1,59.66,0.00,643617792,0,26822656
21.3503,599339008,466.7800,2699.40,0,83898368,1,84.65,0.00,644453376,0,26822656
21.4554,604844032,468.4900,1627.03,0,84946944,1,52.63,0.00,650158080,0,26822656
21.5677,605630464,472.0600,3179.37,0,84946944,1,98.80,0.00,650780672,0,26822656
21.6757,610742272,473.7200,1538.10,0,85995520,1,47.49,0.00,656206848,0,26822656
21.7812,610742272,476.9400,3051.07,0,85995520,1,95.64,0.00,655686656,0,26822656
21.8868,613494784,479.2200,2158.85,0,85995520,1,66.28,0.00,657181696,0,26822656
21.9956,617426944,481.7000,2278.43,0,87044096,1,70.34,0.00,662170624,0,26822656
22.1019,617820160,484.4500,2588.35,0,87044096,1,82.94,0.00,662432768,0,26822656
22.2073,622931968,486.5000,1944.83,0,88092672,1,60.48,0.00,668755968,0,26822656
22.3168,624111616,489.7100,2931.89,0,88092672,1,87.05,0.00,669173760,0,26822656
22.4236,629616640,491.6500,1815.40,0,89141248,1,57.02,0.00,674498560,0,26847232
22.5317,629616640,495.0900,3185.11,0,89141248,1,99.25,0.00,674289664,0,29678080
22.6378,633548800,496.9300,1732.85,0,89210880,1,53.27,0.00,678200320,0,29678080
22.7476,635908096,499.9500,2750.15,0,90189824,1,85.94,0.00,680514560,0,29678080
22.8537,637087744,502.2600,2178.93,0,90189824,1,66.91,0.00,683058176,0,29678080
22.9592,641806336,504.0500,1696.27,0,91238400,1,56.86,0.00,685626368,0,29678080
23.0676,642592768,507.1900,2895.11,0,91238400,1,91.34,0.00,686859264,0,29678080
23.1728,647311360,508.7900,1521.94,0,92286976,1,49.34,0.00,693336064,0,29678080
23.2789,647311360,511.9200,2948.20,0,92286976,1,95.37,0.00,693135360,0,29690368
23.3846,650063872,514.0600,2025.20,0,92286976,1,58.26,0.00,694704128,0,29690368
23.4893,654782464,515.8900,1747.75,0,93335552,1,55.21,0.00,699667456,0,29690368
23.5956,654782464,518.9600,2888.71,0,93335552,1,90.27,0.00,700384256,0,29690368
23.7010,657928192,520.0700,1053.27,0,93405184,1,31.43,0.00,703026176,0,29690368
23.8120,659107840,523.3400,2946.27,0,94384128,1,93.76,0.00,705016832,0,29690368
23.9181,661860352,525.7900,2309.26,0,94384128,1,73.05,0.00,705137664,0,29690368
24.0236,666972160,527.9700,2065.79,0,95432704,1,66.33,0.00,710793216,0,29846016
24.1299,667365376,530.8700,2728.48,0,95432704,1,85.85,0.00,711772160,0,29846016
24.2348,671297536,532.5400,1592.11,0,96481280,1,49.46,0.00,717956096,0,29846016
24.3418,671297536,535.8800,3121.12,0,96481280,1,97.83,0.00,717530112,0,29846016
24.4477,677195776,537.4900,1519.81,0,96550912,1,41.00,0.00,722121728,0,29846016
24.5557,679161856,540.4500,2742.43,0,97529856,1,87.15,0.00,723500032,0,29846016
24.6618,679555072,542.9800,2383.18,0,97529856,1,74.47,0.00,724671488,0,29907456
24.7667,685453312,544.7700,1707.16,0,98578432,1,57.52,0.00,729577472,0,29907456
24.8732,686632960,547.7500,2797.97,0,98578432,1,81.86,0.00,730363904,0,30050816
24.9837,690565120,548.9900,1122.34,0,99627008,1,37.62,0.00,735750144,0,30050816
25.0902,690565120,552.2100,3023.35,0,99627008,1,97.41,0.00,735733760,0,30050816
25.1963,692531200,554.6400,2290.37,0,99627008,1,67.45,0.00,738392064,0,30050816
25.3009,697643008,557.0200,2273.29,0,100675584,1,71.64,0.00,741604352,0,30050816
25.4076,698429440,559.7700,2578.61,0,100675584,1,80.87,0.00,742743040,0,30050816
25.5126,703934464,561.6900,1827.83,0,101724160,1,57.12,0.00,747968512,0,30050816
25.6183,703934464,564.7000,2849.42,0,101724160,1,90.52,0.00,749062144,0,30050816
25.7233,706686976,565.9900,1228.39,0,101724160,1,35.11,0.00,752830464,0,30050816
25.8283,709832704,568.5200,2408.17,0,102772736,1,75.85,0.00,753991680,0,30050816
25.9348,710619136,571.0500,2376.52,0,102772736,1,75.73,0.00,754778112,0,30050816
26.0405,716124160,572.0200,917.65,0,103821312,1,27.20,0.00,760241152,0,30050816
26.1468,716124160,575.1400,2936.41,0,103821312,1,94.12,0.00,760105984,0,30050816
26.2533,718483456,577.2700,1999.30,0,103821312,1,58.08,0.00,762076160,0,30050816
26.3586,720449536,579.1200,1757.09,0,104869888,1,61.44,0.00,767409152,0,30050816
26.4650,722022400,582.0500,2753.05,0,104869888,1,81.92,0.00,767462400,0,30050816
26.5699,728313856,583.2300,1125.05,0,105918464,1,40.82,0.00,772704256,0,30050816
26.6761,728313856,586.5800,3155.31,0,105918464,1,94.78,0.00,772696064,0,30050816
26.7824,729886720,588.8900,2172.68,0,105918464,1,64.96,0.00,775104512,0,30050816
26.8871,733032448,590.5000,1537.54,0,106967040,1,60.28,0.00,779592704,0,30050816
26.9971,734998528,593.6900,2900.36,0,106967040,1,83.25,0.00,780309504,0,30050816
27.1036,740503552,595.3900,1595.33,0,108015616,1,49.27,0.00,785161216,0,30050816
27.2098,740503552,598.5800,3003.85,0,108015616,1,98.87,0.00,785280000,0,30050816
27.3161,743256064,600.4400,1750.48,0,108015616,1,48.82,0.00,787549184,0,30050816
27.4213,746008576,602.9100,2347.21,0,109064192,1,75.13,0.00,790910976,0,30050816
27.5276,746795008,605.7300,2653.57,0,109064192,1,83.22,0.00,791701504,0,30050816
27.6357,752693248,607.3600,1508.56,0,110112768,1,45.99,0.29,796382208,0,33675776
27.7516,753479680,610.5900,2784.70,0,110112768,1,86.75,0.00,796726272,0,33675776
27.8597,757805056,612.0400,1342.44,0,111161344,1,41.37,0.00,803756032,0,33675776
27.9662,757805056,615.1600,2928.51,0,111161344,1,94.45,0.00,803059712,0,33675776
28.0726,758984704,617.3000,2011.67,0,111161344,1,57.58,0.00,804247552,0,33704448
28.1776,766062592,619.5700,2161.64,0,112209920,1,70.53,0.00,809145344,0,33704448
28.2838,766455808,622.3900,2655.35,0,112209920,1,82.69,0.00,809702400,0,33704448
28.3887,768815104,623.2700,838.96,0,113258496,1,28.01,0.00,814026752,0,33704448
28.4953,768815104,626.5000,3028.54,0,113258496,1,94.64,0.00,813494272,0,33704448
28.6015,771174400,628.6900,2063.66,0,113258496,1,62.72,0.00,815726592,0,33704448
28.7062,776286208,630.6000,1823.31,0,114307072,1,63.54,0.00,820538368,0,33716736
28.8122,776679424,633.5200,2755.31,0,114307072,1,81.98,0.00,821251072,0,33716736
28.9197,773861376,635.2300,1591.25,0,115355648,1,48.85,0.00,818255872,0,33716736
29.0256,773861376,638.4500,3038.64,0,115355648,1,95.55,0.00,818403328,0,33716736
29.1310,776220672,640.3900,1840.17,0,115425280,1,55.43,0.00,822290432,0,33774080
29.2359,778186752,643.0600,2546.94,0,116404224,1,79.89,0.00,823904256,0,33774080
29.3426,763928576,645.5800,2361.19,0,116404224,1,75.84,0.00,807659520,0,33774080
29.4517,700801024,647.6300,1879.89,0,117452800,1,58.75,0.00,744766464,0,33774080
29.5580,700801024,650.6600,2848.44,0,117452800,1,90.19,0.00,744516608,0,33774080
29.6628,701587456,652.2900,1555.26,0,118505472,1,52.48,0.00,746760192,0,33774080
29.7728,701587456,655.7200,3119.09,0,118505472,1,91.50,0.00,745986048,0,33774080
29.8790,701587456,657.3600,1543.54,0,118505472,1,46.77,0.00,746510336,0,33774080
29.9840,701980672,659.8100,2334.53,0,119554048,1,73.85,0.00,747857920,0,33774080
30.0902,701980672,662.3300,2371.72,0,119554048,1,74.70,0.00,747956224,0,33774080
30.1959,701980672,663.6400,1240.38,0,120602624,1,37.58,0.00,746721280,0,33774080
30.3022,701980672,666.7600,2932.85,0,120602624,1,95.18,0.00,745725952,0,33774080
30.4086,701980672,668.3700,1514.43,0,120602624,1,41.45,0.00,745218048,0,33774080
30.5134,702373888,670.2200,1763.93,0,121651200,1,59.00,0.00,747851776,0,33774080
30.6197,702373888,673.1600,2767.05,0,121651200,1,86.47,0.00,747859968,0,33774080
30.7244,702767104,674.5900,1365.46,0,122699776,1,42.37,0.00,749686784,0,33774080
30.8306,702767104,677.7100,2937.65,0,122699776,1,94.45,0.00,748765184,0,33774080
30.9398,702767104,679.5400,1676.20,0,122699776,1,47.52,0.00,749551616,0,33774080
31.0477,702767104,681.7300,2030.41,0,123748352,1,66.06,0.00,747406336,0,33774080
31.1540,702767104,684.5500,2650.74,0,123748352,1,84.60,0.00,746882048,0,33774080
31.2590,702767104,685.9300,1314.76,0,124796928,1,48.53,0.00,748512256,0,33774080
31.3688,702767104,689.4000,3159.93,0,124796928,1,91.06,0.00,748262400,0,33774080
31.4748,702767104,691.1600,1660.46,0,124796928,1,49.24,0.00,748020736,0,33774080
31.5795,702767104,693.3600,2101.12,0,125845504,1,71.93,0.00,750375936,0,33774080
31.6888,702767104,696.2600,2654.34,0,125845504,1,78.94,0.00,748251136,0,43321856
31.7956,702767104,698.4000,2002.19,0,126898176,1,61.11,0.00,748886016,0,43379200
31.9017,702767104,701.6100,3027.34,0,126898176,1,95.78,0.00,748656640,0,43379200
32.0076,703553536,703.2300,1528.80,0,127946752,1,47.48,0.00,751306752,0,43379200
32.1136,703553536,706.4200,3010.48,0,127946752,1,93.78,0.00,750561280,0,43379200
32.2200,703553536,708.6400,2087.31,0,127946752,1,63.47,0.00,750303232,0,43379200
32.3276,704339968,710.9200,2117.40,0,128995328,1,67.04,0.00,748122112,0,43379200
32.4337,704339968,713.7800,2696.21,0,128995328,1,85.14,0.00,748122112,0,43379200
32.5395,704733184,715.0600,1210.49,0,130043904,1,35.46,0.00,750501888,0,43379200
32.6456,704733184,718.2200,2976.55,0,130043904,1,94.19,0.00,750002176,0,43379200
32.7518,704733184,720.3000,1959.95,0,130113536,1,60.66,0.00,751235072,0,77880320
32.8597,704733184,723.0400,2539.47,0,131092480,1,80.81,0.00,752332800,0,77880320
32.9659,704733184,725.5500,2363.19,0,131092480,1,75.03,0.00,752078848,0,77880320
33.0756,705126400,727.6600,1921.91,0,132141056,1,58.07,0.00,750791680,0,77880320
33.1820,705126400,730.6600,2820.96,0,132141056,1,89.33,0.00,750861312,0,77880320
33.2866,705912832,732.3400,1606.24,0,133189632,1,54.98,0.00,752483328,0,77880320
33.3967,705912832,735.7000,3052.31,0,133189632,1,88.86,0.00,751823872,0,77880320
33.5027,705912832,737.5300,1726.32,0,133259264,1,52.47,0.00,753134592,0,78138368
33.6074,705912832,740.1600,2512.44,0,134238208,1,83.29,0.00,753208320,0,78138368
33.7170,705912832,742.7900,2397.59,0,134238208,1,69.23,0.00,752520192,0,78138368
33.8228,705912832,744.2600,1390.24,0,135286784,1,51.13,0.00,753473536,0,78138368
33.9327,705912832,747.6000,3037.37,0,135286784,1,86.11,0.00,753469440,0,78138368
34.0378,705912832,748.9000,1237.42,0,135426048,1,37.78,0.00,754006016,0,78289920
34.1431,705912832,751.8600,2811.24,0,136335360,1,96.16,0.00,754030592,0,78289920
34.2530,705912832,754.5900,2483.56,0,136335360,1,69.08,0.00,754276352,0,78289920
34.3576,706699264,756.8100,2123.21,0,137383936,1,70.53,0.00,752516096,0,78289920
34.4641,706699264,759.7800,2788.32,0,137383936,1,83.32,0.00,752262144,0,78330880
34.5692,707092480,761.2700,1417.63,0,138432512,1,45.19,0.00,754146304,0,78330880
34.6753,707092480,764.5100,3053.28,0,138432512,1,94.24,0.00,753576960,0,78330880
34.7805,707092480,766.2200,1625.57,0,138575872,1,49.02,0.00,754371584,0,78330880
34.8855,707092480,768.8700,2523.64,0,139481088,1,80.05,0.00,755178496,0,78330880
34.9917,707092480,771.6400,2608.29,0,139481088,1,80.92,0.00,754924544,0,78330880
35.0963,707485696,772.6100,927.23,0,140529664,1,28.98,0.00,753545216,0,78330880
35.2024,707485696,775.7300,2942.69,0,140529664,1,95.50,0.00,753065984,0,78330880
35.3084,707485696,777.7300,1885.64,0,140529664,1,54.51,0.00,752553984,0,78330880
35.4134,707878912,779.7600,1933.49,0,141578240,1,63.99,0.00,754397184,0,78330880
35.5198,707878912,782.5600,2632.07,0,141578240,1,81.96,0.00,754397184,0,78330880
35.6249,707878912,784.1000,1464.66,0,142626816,1,46.96,0.00,755449856,0,78330880
35.7304,707878912,787.2200,2958.07,0,142626816,1,95.11,0.00,755511296,0,78330880
35.8365,708272128,789.1800,1848.22,0,142696448,1,52.75,0.00,753552384,0,78330880
35.9414,708665344,791.7300,2429.23,0,143675392,1,78.29,0.00,754379776,0,78445568
36.0477,708665344,794.4100,2522.98,0,143675392,1,78.25,0.00,754379776,0,78502912
36.1534,709058560,795.6000,1125.26,0,144723968,1,34.87,0.00,756505600,0,78502912
36.2596,709058560,798.8400,3051.53,0,144723968,1,95.95,0.00,756005888,0,78502912
36.3658,709058560,800.6700,1722.83,0,144723968,1,52.96,0.00,755489792,0,78502912
36.4715,709058560,802.8200,2034.36,0,145772544,1,65.05,0.00,754488320,0,78502912
36.5778,709058560,805.6000,2615.40,0,145772544,1,81.14,0.00,754238464,0,78502912
36.6835,709451776,806.8800,1210.97,0,146821120,1,42.57,0.00,756597760,0,78502912
36.7931,709451776,810.1300,2963.81,0,146821120,1,89.20,0.00,754017280,0,78588928
36.8997,709451776,812.2000,1941.59,0,146890752,1,59.50,0.00,755590144,0,78588928
37.0046,709451776,814.8100,2488.30,0,147869696,1,79.55,0.00,756904960,0,78588928
37.1109,709451776,817.3900,2427.40,0,147869696,1,76.74,0.00,756433920,0,78588928
37.2166,710238208,818.6100,1154.01,0,148918272,1,34.58,0.00,758043648,0,78588928
37.3232,710238208,821.8400,3030.30,0,148918272,1,95.87,0.00,756790272,0,78588928
37.4297,710631424,823.6500,1700.68,0,148987904,1,51.38,0.00,757838848,0,78588928
37.5345,710631424,826.3300,2557.18,0,149966848,1,86.17,0.00,755829760,0,78588928
37.6409,710631424,828.8200,2339.17,0,149966848,1,69.28,0.00,755567616,0,78588928
37.7465,711811072,830.0000,1118.08,0,151015424,1,37.31,0.00,758070272,0,78588928
37.8529,711811072,833.2400,3044.63,0,151015424,1,91.91,0.00,756423680,0,85440000
37.9581,713383936,834.8200,1501.16,0,151896064,1,46.02,0.00,760146944,0,85472768
38.0646,714170368,837.8900,2883.82,0,152064000,1,89.53,0.00,760237056,0,85472768
38.1708,714563584,840.1200,2099.30,0,152064000,1,65.90,0.00,760761344,0,85472768
38.2756,715743232,841.7100,1517.31,0,153112576,1,48.91,0.00,761996288,0,85472768
38.3824,715743232,844.8200,2911.76,0,153112576,1,91.87,0.00,761783296,0,85472768
38.4870,717316096,846.4600,1567.83,0,154161152,1,51.09,0.00,764666880,0,85472768
38.5933,717316096,849.8100,3151.41,0,154161152,1,94.07,0.00,764666880,0,85472768
38.6997,718102528,851.8100,1880.68,0,154161152,1,58.18,0.00,766010368,0,85472768
38.8077,720855040,854.3700,2370.38,0,155209728,1,74.07,0.00,765184000,0,85472768
38.9142,720855040,856.9600,2430.47,0,155209728,1,78.00,0.00,765241344,0,85472768
39.0200,723214336,858.0700,1049.36,0,156258304,1,30.72,0.00,769198080,0,85472768
39.1277,723214336,861.4100,3102.38,0,156258304,1,98.40,0.00,768382976,0,85472768
39.2338,724000768,863.1700,1658.85,0,156327936,1,50.07,0.00,769035264,0,85517824
39.3386,724787200,865.8700,2576.09,0,157306880,1,85.87,0.00,771611648,0,85644800
39.4448,724787200,868.4700,2446.81,0,157306880,1,71.46,0.00,771677184,0,85673472
39.5499,727932928,869.8500,1313.24,0,158355456,1,47.58,0.00,773193728,0,85730816
39.6618,727932928,873.2200,3012.64,0,158355456,1,90.51,0.00,772935680,0,85730816
39.7665,729899008,874.5500,1270.46,0,159404032,1,47.16,0.00,776888320,0,85730816
39.8768,729899008,878.0200,3143.57,0,159404032,1,91.16,0.00,775204864,0,85730816
39.9833,731471872,880.2300,2075.72,0,159473664,1,63.11,0.00,777564160,0,85730816
40.0916,732651520,882.9900,2547.45,0,160452608,1,82.78,0.00,778637312,0,85767680
40.1979,733044736,885.6100,2467.00,0,160452608,1,78.86,0.00,778649600,0,85767680
40.3077,735010816,887.9400,2122.02,0,161501184,1,64.89,0.00,779717632,0,85767680
40.4142,735010816,890.7900,2675.12,0,161501184,1,85.94,0.00,780504064,0,86078976
40.5192,737370112,891.9300,1085.57,0,162549760,1,38.98,0.00,783916032,0,86078976
40.6288,737370112,895.4000,3166.78,0,162549760,1,91.55,0.00,783846400,0,86078976
40.7348,737763328,897.3400,1830.03,0,162549760,1,55.71,0.00,784632832,0,86078976
40.8437,740122624,899.6700,2140.24,0,163598336,1,68.32,0.00,784164864,0,86078976
40.9502,740122624,902.5600,2713.66,0,163598336,1,85.39,0.00,784947200,0,86078976
41.0550,742088704,904.5300,1878.64,0,164646912,1,60.50,0.00,788449280,0,86078976
41.1603,742088704,907.6600,2972.26,0,164646912,1,88.43,0.00,787654656,0,86078976
41.2655,742875136,909.1200,1388.56,0,164716544,1,45.18,0.00,787752960,0,86177280
41.3705,743661568,911.6600,2417.42,0,165695488,1,80.30,0.00,789489664,0,86222336
41.4764,743661568,914.3700,2559.92,0,165695488,1,75.86,0.00,789760000,0,86251008
41.5823,746807296,915.8400,1388.60,0,166744064,1,47.23,0.00,791261184,0,86251008
41.6891,746807296,919.1700,3117.99,0,166744064,1,93.34,0.00,791289856,0,86251008
41.7938,748773376,920.6500,1412.42,0,167772160,1,46.23,0.00,794394624,0,86251008
41.9000,748773376,923.8200,2986.29,0,167792640,1,92.44,0.00,792740864,0,86251008
42.0061,749166592,926.1800,2223.69,0,167792640,1,69.49,0.00,792998912,0,86251008
42.1118,751132672,927.9200,1645.84,0,168841216,1,50.84,0.00,797455360,0,86251008
42.2170,751525888,930.9800,2911.12,0,168841216,1,91.27,0.00,797455360,0,86251008
42.3220,753491968,932.7100,1646.90,0,169889792,1,55.63,0.00,797497344,0,86251008
42.4314,753491968,936.1800,3172.95,0,169889792,1,95.44,0.00,797497344,0,86251008
42.5375,755064832,938.0300,1742.40,0,169959424,1,52.98,0.00,799590400,0,86251008
42.6427,755458048,940.7400,2576.36,0,170938368,1,87.94,0.00,800798720,0,86251008
42.7528,756244480,943.4100,2425.71,0,170938368,1,68.71,0.00,801318912,0,86251008
42.8582,758996992,945.3500,1841.28,0,171986944,1,61.69,0.00,804251648,0,86316544
42.9644,759390208,948.3200,2795.38,0,171986944,1,83.24,0.00,803468288,0,89134080
43.0717,760963072,950.1300,1687.81,0,173035520,1,52.45,0.00,806614016,0,89158656
43.1778,760963072,953.4600,3136.63,0,173035520,1,101.85,0.00,806614016,0,89158656
43.2838,762929152,955.1900,1631.73,0,173105152,1,44.51,0.00,807031808,0,89158656
43.3916,763322368,958.4200,2996.07,0,174084096,1,97.69,0.00,808387584,0,89158656
43.4979,763715584,960.9300,2362.68,0,174084096,1,74.72,0.00,808838144,0,89158656
43.6037,765681664,963.3600,2296.46,0,175132672,1,69.70,0.00,810631168,0,89158656
43.7103,765681664,966.2000,2663.86,0,175132672,1,84.12,0.00,811417600,0,89158656
43.8153,768434176,968.2300,1932.98,0,176181248,1,60.11,0.00,813301760,0,89158656
43.9219,768434176,971.2800,2863.09,0,176181248,1,90.64,0.00,813043712,0,89158656
44.0267,768827392,972.5800,1240.51,0,176181248,1,35.49,0.00,814338048,0,89306112
44.1357,770007040,975.2400,2440.40,0,177229824,1,79.13,0.00,815147008,0,89306112
44.2421,770007040,977.9400,2536.03,0,177229824,1,81.31,0.00,815409152,0,89306112
44.3475,771579904,979.6400,1613.47,0,178278400,1,51.61,0.00,816748544,0,89306112
44.4571,771973120,982.0800,2225.15,0,178278400,1,66.97,0.00,816637952,0,89306112
44.5625,772759552,983.3700,1224.39,0,178278400,1,38.56,0.00,816904192,0,89306112
44.6716,773939200,984.2500,806.20,0,179331072,1,25.19,0.00,820151296,0,89306112
44.7873,773939200,987.3700,2697.63,0,179331072,1,83.76,0.00,818873344,0,89412608
44.8928,774332416,988.9200,1469.61,0,179331072,1,45.33,0.00,819917824,0,89486336
44.9996,775905280,990.9400,1890.06,0,180379648,1,59.36,0.00,821777408,0,89486336
45.1062,775905280,993.5800,2478.29,0,180379648,1,78.62,0.00,821777408,0,89486336
45.2110,778657792,994.7500,1116.04,0,181428224,1,37.26,0.00,824329216,0,89486336
45.3197,778657792,998.0500,3037.34,0,181428224,1,91.47,0.00,823534592,0,89486336
45.4261,779444224,999.8100,1653.87,0,181428224,1,50.80,0.00,823751680,0,89486336
45.5311,781803520,1001.6800,1780.01,0,182476800,1,60.38,0.00,828152832,0,89486336
45.6411,781803520,1004.5500,2609.47,0,182476800,1,78.14,0.00,827968512,0,89486336
45.7460,783376384,1005.4100,819.85,0,183504896,1,23.54,0.00,829803520,0,89486336
45.8548,784162816,1008.5100,2850.72,0,183525376,1,92.82,0.00,829111296,0,89486336
45.9617,784556032,1011.0400,2366.08,0,183525376,1,68.39,0.00,829258752,0,89486336
46.0669,787701760,1013.6200,2452.23,0,184573952,1,77.82,0.00,832306176,0,89539584
46.1780,788488192,1016.3300,2439.45,0,184573952,1,76.51,0.00,832830464,0,89539584
46.2831,789667840,1017.4600,1074.90,0,185622528,1,41.32,0.00,834106368,0,89539584
46.3930,789667840,1021.0400,3259.23,0,185622528,1,94.17,0.00,833901568,0,89539584
46.4991,791240704,1022.9900,1837.11,0,185692160,1,57.41,0.00,836289536,0,89539584
46.6077,791633920,1026.0800,2846.50,0,186671104,1,91.83,0.00,836994048,0,89539584
46.7140,792813568,1028.6800,2443.93,0,186671104,1,76.37,0.00,836606976,0,89539584
46.8189,794779648,1030.7900,2011.40,0,187719680,1,64.64,0.00,840018944,0,89539584
46.9252,794779648,1033.7900,2823.36,0,187719680,1,84.11,0.00,840027136,0,89539584
47.0303,796745728,1035.5900,1712.43,0,188768256,1,56.49,0.00,842003456,0,89539584
47.1364,797138944,1038.7200,2951.41,0,188768256,1,88.11,0.00,842040320,0,89539584
47.2437,799891456,1040.3300,1500.48,0,189816832,1,48.35,0.00,846234624,0,89539584
47.3532,799891456,1043.6700,3049.80,0,189816832,1,93.59,0.00,845661184,0,89539584
47.4592,800112640,1046.0600,2254.26,0,189816832,1,71.33,0.00,845366272,0,89539584
47.5676,802078720,1048.7700,2498.80,0,190865408,1,79.24,0.00,847328256,0,89539584
47.6736,802078720,1051.4900,2567.50,0,190865408,1,78.76,0.00,846914560,0,89539584
47.7786,803651584,1053.2200,1647.01,0,191913984,1,60.39,0.00,848501760,0,89539584
47.8887,803651584,1056.5500,3026.20,0,191913984,1,86.33,0.00,848514048,0,89539584
47.9937,805224448,1057.8600,1247.54,0,191983616,1,38.69,0.00,850873344,0,89539584
48.0988,806010880,1060.5900,2595.61,0,192962560,1,87.35,0.00,851733504,0,92278272
48.2046,806010880,1063.2900,2552.64,0,192962560,1,75.34,0.00,852196352,0,92278272
48.3097,807976960,1064.4700,1123.26,0,194011136,1,39.56,0.00,854264832,0,92323328
48.4158,807976960,1067.8100,3145.76,0,194011136,1,96.24,0.00,853167104,0,92347904
48.5214,808697856,1069.4900,1590.93,0,194011136,1,47.35,0.00,852896768,0,92347904
48.6265,811057152,1071.8100,2208.28,0,195059712,1,74.07,0.00,855368704,0,92347904
48.7321,811057152,1074.5000,2547.41,0,195059712,1,75.17,0.00,855696384,0,92347904
48.8397,811843584,1076.4800,1841.05,0,196108288,1,57.53,0.00,858715136,0,92347904
48.9453,812630016,1079.4100,2772.13,0,196108288,1,85.45,0.00,858985472,0,92347904
49.0518,814444544,1080.7700,1277.51,0,197156864,1,41.10,0.00,859379712,0,92347904
49.1570,814444544,1083.9900,3059.84,0,197156864,1,94.43,0.00,859379712,0,92347904
49.2631,811905024,1086.2900,2167.80,0,197156864,1,67.45,0.00,855550976,0,92388864
49.3716,812298240,1088.9000,2405.23,0,198205440,1,76.60,0.00,857803776,0,92388864
49.4776,765198336,1091.4400,2398.40,0,198205440,1,74.06,0.00,808168448,0,92388864
49.5830,737263616,1092.7600,1252.07,0,199254016,1,41.80,0.00,779824128,0,92388864
49.6892,737263616,1096.0100,3059.55,0,199254016,1,92.08,0.00,779824128,0,92388864
49.7951,736186368,1097.6000,1502.00,0,199323648,1,46.05,0.00,778955776,0,92438016
49.9036,736186368,1100.6800,2836.43,0,200302592,1,90.08,0.00,779619328,0,92438016
50.0096,736186368,1103.2000,2379.03,0,200302592,1,72.57,0.00,779774976,0,92438016
50.1147,736186368,1104.8600,1579.03,0,201351168,1,57.67,0.00,781085696,0,92548608
50.2243,736186368,1107.9700,2838.62,0,201351168,1,80.72,0.00,781085696,0,92548608
50.3316,736186368,1109.3400,1275.78,0,202399744,1,39.58,0.00,779513856,0,92716544
50.4376,736186368,1112.5300,3011.20,0,202399744,1,95.28,0.00,779513856,0,92716544
50.5431,736186368,1114.7700,2122.01,0,202399744,1,64.54,0.00,779513856,0,92716544
50.6517,736186368,1116.6900,1769.45,0,203448320,1,55.58,0.00,779033600,0,92716544
50.7571,736186368,1119.5900,2749.74,0,203448320,1,85.93,0.00,779049984,0,92716544
50.8636,736186368,1120.7600,1098.29,0,204496896,1,33.15,0.00,780114944,0,92716544
50.9690,736186368,1123.8800,2961.78,0,204496896,1,93.45,0.00,780114944,0,92716544
51.0747,736186368,1126.1700,2165.45,0,204496896,1,65.90,0.00,780114944,0,92716544
51.1836,736186368,1127.8000,1496.73,0,205545472,1,49.36,0.00,781163520,0,92716544
51.2890,736186368,1130.8300,2876.61,0,205545472,1,89.60,0.00,781163520,0,92716544
51.3944,736186368,1132.1400,1242.68,0,206594048,1,41.80,0.00,778626048,0,92786176
51.5000,736186368,1135.2100,2908.10,0,206594048,1,87.03,0.00,778621952,0,92786176
51.6050,736186368,1137.3000,1990.01,0,206594048,1,61.30,0.00,778621952,0,92786176
51.7116,736186368,1138.1000,750.04,0,207642624,1,24.32,0.00,780059648,0,92859904
51.8171,736186368,1141.4200,3148.77,0,207642624,1,98.70,0.00,780059648,0,92913152
51.9220,736186368,1143.4000,1887.19,0,207785984,1,58.68,0.00,780485632,0,92913152
52.0272,736186368,1146.1000,2566.40,0,208691200,1,89.41,0.00,780747776,0,92913152
52.1371,736186368,1148.7700,2430.01,0,208691200,1,66.27,0.00,780985344,0,92913152
52.2436,736186368,1151.0900,2177.13,0,209739776,1,69.50,0.00,779336704,0,92913152
52.3496,736186368,1153.9800,2726.49,0,209739776,1,84.91,0.00,779111424,0,92913152
52.4548,736186368,1155.8500,1778.25,0,210788352,1,63.59,0.00,780479488,0,92913152
52.5640,736186368,1159.3600,3214.23,0,210788352,1,93.58,0.00,780479488,0,92913152
52.6716,736186368,1161.1500,1662.92,0,211836928,1,50.80,0.00,780433408,0,92913152
52.7774,736186368,1164.3800,3053.80,0,211836928,1,94.54,0.00,780433408,0,92913152
52.8829,736186368,1166.6500,2152.58,0,211836928,1,65.79,0.00,780449792,0,92913152
52.9916,736186368,1168.5200,1719.18,0,212885504,1,56.60,0.00,781232128,0,92913152
53.0969,736186368,1171.4900,2821.91,0,212885504,1,88.78,0.00,781039616,0,92913152
53.2027,736186368,1173.4000,1804.84,0,213934080,1,64.37,0.00,779353088,0,97250816
53.3130,736186368,1176.9800,3245.51,0,213934080,1,94.34,0.00,779131904,0,97250816
53.4236,736186368,1178.7900,1636.24,0,214982656,1,50.29,0.00,780180480,0,97271296
53.5295,736186368,1182.1200,3144.46,0,214982656,1,100.03,0.00,780180480,0,97283584
53.6354,736186368,1184.4600,2209.85,0,214982656,1,66.70,0.00,780151808,0,97283584
53.7436,736186368,1187.1400,2476.63,0,216031232,1,79.42,0.00,781396992,0,97283584
53.8486,736186368,1189.8300,2563.59,0,216031232,1,79.52,0.00,781126656,0,97283584
53.9556,740904960,1191.9600,1989.38,0,217079808,1,61.58,0.00,784753664,0,97283584
54.0618,740904960,1194.7600,2638.99,0,217079808,1,85.12,0.00,784839680,0,97431040
54.1717,742477824,1196.0800,1200.37,0,217149440,1,33.82,0.00,787194880,0,97431040
54.2796,742477824,1198.5700,2307.02,0,218128384,1,72.38,0.00,787702784,0,97431040
54.3945,742477824,1201.0700,2176.45,0,218128384,1,67.74,0.00,787698688,0,97431040
54.4993,742477824,1202.4600,1326.77,0,219176960,1,48.92,0.00,786843648,0,97431040
54.6080,742477824,1205.5100,2805.85,0,219176960,1,82.80,0.00,786589696,0,97431040
54.7141,742477824,1206.7600,1178.18,0,219176960,1,35.64,0.00,786814976,0,97512960
54.8236,742477824,1209.1300,2162.95,0,220225536,1,66.74,0.00,787863552,0,97570304
54.9290,742477824,1211.7500,2487.75,0,220225536,1,78.63,0.00,787728384,0,97570304
55.0356,742477824,1213.0800,1246.69,0,221274112,1,39.54,0.00,788772864,0,97570304
55.1415,742477824,1216.2200,2967.28,0,221274112,1,92.14,0.00,788772864,0,97570304
55.2469,742477824,1218.0600,1744.41,0,221274112,1,52.44,0.00,788772864,0,97570304
55.3556,742477824,1220.5800,2318.32,0,222322688,1,74.75,0.00,789563392,0,97570304
55.4612,742477824,1223.2700,2547.58,0,222322688,1,78.72,0.00,789559296,0,97570304
55.5676,742477824,1225.2100,1823.12,0,223371264,1,59.32,0.00,786469888,0,97570304
55.6727,742477824,1228.1000,2752.13,0,223371264,1,84.52,0.00,786469888,0,97570304
55.7786,742477824,1229.2400,1076.45,0,223440896,1,32.75,0.00,786633728,0,97627648
55.8877,742477824,1232.3000,2804.82,0,224419840,1,93.09,0.00,786363392,0,97627648
56.0039,742477824,1234.7400,2099.39,0,224419840,1,60.50,0.00,786363392,0,97627648
56.1117,742477824,1236.8100,1920.83,0,225468416,1,60.90,0.00,787411968,0,97627648
56.2178,742477824,1239.5200,2552.90,0,225468416,1,81.84,0.00,787674112,0,97627648
56.3231,742477824,1241.1500,1548.01,0,226516992,1,55.20,0.00,788722688,0,97627648
56.4327,742477824,1244.6200,3166.67,0,226516992,1,91.83,0.00,788722688,0,97627648
56.5373,742477824,1246.1000,1414.89,0,226734080,1,43.92,0.00,786669568,0,97627648
56.6479,742477824,1249.3900,2974.31,0,227565568,1,94.08,0.00,786931712,0,97627648
56.7539,742477824,1251.6800,2160.68,0,227565568,1,66.93,0.00,786927616,0,97627648
56.8587,742477824,1253.9100,2127.29,0,228614144,1,72.74,0.00,787902464,0,97627648
56.9686,742477824,1256.9100,2730.36,0,228614144,1,77.64,0.00,786723840,0,97627648
57.0756,742477824,1258.2600,1260.94,0,229662720,1,40.57,0.00,788034560,0,97627648
57.1812,742477824,1261.4800,3050.49,0,229662720,1,94.74,0.00,788034560,0,97627648
57.2873,742477824,1263.4500,1857.69,0,229732352,1,56.28,0.00,786863104,0,110312960
57.3924,742477824,1266.3700,2777.17,0,230715392,1,89.76,0.00,787657728,0,110312960
57.4987,742477824,1268.9900,2464.78,0,230715392,1,77.61,0.00,787657728,0,110312960
57.6043,742477824,1271.1700,2064.06,0,231763968,1,64.50,0.00,788730880,0,110312960
57.7103,742477824,1274.0500,2717.75,0,231763968,1,85.81,0.00,788988928,0,110312960
57.8172,742477824,1275.3100,1178.05,0,232792064,1,35.35,0.00,790574080,0,110312960
57.9293,742477824,1278.7800,3096.62,0,232812544,1,96.49,0.00,786823168,0,110312960
58.0349,743264256,1280.9900,2092.80,0,232812544,1,65.10,0.00,787904512,0,110312960
58.1406,744443904,1283.5300,2403.37,0,233861120,1,76.29,0.00,789215232,0,110312960
58.2473,744443904,1286.4000,2689.26,0,233861120,1,83.16,0.00,789477376,0,110312960
58.3528,745623552,1288.2800,1782.23,0,234909696,1,57.47,0.00,789563392,0,130693632
58.4592,745623552,1291.3200,2857.79,0,234909696,1,88.72,0.00,789825536,0,130693632
58.5651,746803200,1292.6600,1264.29,0,234979328,1,38.03,0.00,791496704,0,130742784
58.6756,747196416,1295.8700,2904.99,0,235958272,1,96.15,0.00,792283136,0,130742784
58.7844,747196416,1298.2300,2170.52,0,235958272,1,63.52,0.00,792070144,0,130742784
58.8917,747982848,1300.2600,1892.35,0,237006848,1,61.47,0.00,792601600,0,130742784
58.9972,747982848,1303.0500,2642.84,0,237006848,1,82.00,0.00,792601600,0,130742784
59.1036,749555712,1304.4200,1287.23,0,238055424,1,39.93,0.00,794223616,0,130742784
59.2097,749555712,1307.6400,3037.57,0,238055424,1,95.81,0.00,794121216,0,130742784
59.3155,749555712,1309.6800,1926.81,0,238055424,1,58.74,0.00,795173888,0,130742784
59.4276,750735360,1312.1500,2203.00,0,239104000,1,72.19,0.00,794357760,0,130742784
59.5329,750735360,1314.8600,2575.10,0,239104000,1,77.50,0.00,794882048,0,130742784
59.6385,751521792,1316.5700,1619.27,0,240156672,1,58.30,0.00,796717056,0,130742784
59.7483,751915008,1319.9200,3051.34,0,240156672,1,88.24,0.00,796717056,0,130742784
59.8556,753094656,1321.6400,1601.95,0,241205248,1,50.35,0.00,796634112,0,130742784
59.9614,753094656,1324.8300,3015.76,0,241205248,1,95.42,0.00,796486656,0,130742784
60.0674,753487872,1326.9000,1952.62,0,241205248,1,59.55,0.00,797273088,0,130808320
60.1756,753487872,1329.3600,2273.32,0,242253824,1,71.33,0.00,798583808,0,130808320
60.2814,753881088,1331.9900,2485.80,0,242253824,1,78.57,0.00,798649344,0,130808320
60.3866,755453952,1333.2900,1235.94,0,243302400,1,46.05,0.00,799164416,0,130808320
60.4967,755453952,1336.7700,3160.49,0,243302400,1,91.10,0.00,799688704,0,130808320
60.6013,755847168,1338.2300,1396.32,0,243372032,1,41.84,0.00,800208896,0,130808320
60.7076,755847168,1340.9400,2548.32,0,244350976,1,81.69,0.00,801785856,0,130808320
60.8134,756240384,1343.5400,2457.76,0,244350976,1,77.10,0.00,801830912,0,130808320
60.9185,757813248,1345.6100,1970.53,0,245399552,1,68.42,0.00,802409472,0,130808320
61.0283,758206464,1348.7300,2841.99,0,245399552,1,82.83,0.00,801901568,0,130808320
61.1356,758992896,1350.2400,1406.17,0,246448128,1,45.98,0.00,804723712,0,130808320
61.2410,758992896,1353.3700,2971.96,0,246448128,1,91.39,0.00,804723712,0,130808320
61.3464,759779328,1355.5000,2020.19,0,246517760,1,61.35,0.00,805248000,0,130976256
61.4511,759779328,1357.9100,2302.00,0,247496704,1,79.70,0.00,804846592,0,130976256
61.5600,759779328,1360.7700,2627.15,0,247496704,1,75.21,0.00,804842496,0,130976256
61.6676,761352192,1361.9700,1114.29,0,248545280,1,35.98,0.00,806398976,0,131111424
61.7734,761352192,1365.1000,2958.59,0,248545280,1,91.27,0.00,806398976,0,131111424
61.8791,761352192,1366.8700,1675.81,0,248545280,1,51.78,0.00,807181312,0,131111424
61.9876,762531840,1369.1200,2072.09,0,249593856,1,67.92,0.00,806885376,0,131111424
62.0998,762531840,1372.0100,2577.53,0,249593856,1,76.92,0.00,807229440,0,131111424
62.2076,762925056,1374.1400,1974.48,0,250642432,1,63.73,0.00,809334784,0,131111424
62.3129,763711488,1377.0700,2782.86,0,250642432,1,84.89,0.00,809777152,0,131111424
62.4185,764891136,1378.2700,1136.22,0,251691008,1,43.20,0.00,808870912,0,131193344
62.5281,764891136,1381.6600,3093.63,0,251691008,1,90.40,0.00,808608768,0,131193344
62.6336,765284352,1383.9300,2152.60,0,251691008,1,65.49,0.00,809395200,0,131193344
62.7396,766464000,1386.2700,2206.14,0,252739584,1,71.59,0.00,811971584,0,131193344
62.8458,766464000,1389.0200,2591.08,0,252739584,1,81.56,0.00,811738112,0,131193344
62.9556,768036864,1390.8100,1629.27,0,253788160,1,52.91,0.00,812162048,0,131193344
63.0610,768036864,1393.8900,2922.33,0,253788160,1,90.14,0.00,812149760,0,131193344
63.1663,768036864,1395.1800,1225.03,0,253788160,1,37.10,0.00,813001728,0,131193344
63.2714,768430080,1397.6100,2313.24,0,254836736,1,77.64,0.00,813644800,0,131193344
63.3805,768430080,1400.2900,2456.58,0,254836736,1,72.76,0.00,812976128,0,131193344
63.4858,770002944,1401.4600,1110.57,0,255885312,1,37.97,0.00,813836288,0,138087424
63.5957,770002944,1404.6100,2868.60,0,255885312,1,85.66,0.00,813836288,0,138087424
63.7009,770002944,1406.0300,1349.65,0,255885312,1,40.99,0.00,813836288,0,138087424
63.8076,771575808,1407.8600,1713.70,0,256933888,1,56.77,0.00,815482880,0,138116096
63.9135,771969024,1410.7200,2703.09,0,256933888,1,84.18,0.00,815089664,0,138116096
64.0186,773148672,1411.7400,969.89,0,257961984,1,36.25,0.00,818034688,0,138341376
64.1316,773148672,1415.0100,2893.22,0,257982464,1,87.10,0.00,818034688,0,138341376
64.2373,773148672,1417.0700,1949.15,0,257982464,1,60.62,0.00,817264640,0,138341376
64.3435,773541888,1419.1700,1978.17,0,259031040,1,65.06,0.00,819148800,0,138341376
64.4529,773935104,1421.9700,2559.27,0,259031040,1,75.12,0.00,819148800,0,138341376
64.5636,775114752,1423.1000,1020.28,0,260079616,1,37.53,0.00,819431424,0,138341376
64.6726,775114752,1426.3400,2974.85,0,260079616,1,88.95,0.00,819431424,0,138341376
64.7781,775114752,1428.3500,1905.07,0,260079616,1,58.35,0.00,820480000,0,138374144
64.8876,775901184,1430.5700,2025.94,0,261128192,1,64.17,0.00,821474304,0,138374144
64.9938,776687616,1433.2600,2533.87,0,261128192,1,78.01,0.00,821130240,0,138374144
65.0986,778260480,1434.2200,915.76,0,262176768,1,35.77,0.00,823227392,0,138374144
65.2081,778260480,1437.5700,3061.69,0,262176768,1,88.82,0.00,823145472,0,138374144
65.3134,778260480,1439.5100,1841.84,0,262176768,1,56.67,0.00,823292928,0,138443776
65.4196,778653696,1441.6700,2032.73,0,263225344,1,64.40,0.00,824463360,0,138443776
65.5254,778653696,1444.3700,2552.25,0,263225344,1,79.76,0.00,824983552,0,138443776
65.6356,779833344,1445.7900,1288.46,0,264273920,1,43.67,0.00,827342848,0,138443776
65.7448,779833344,1449.0300,2969.51,0,264273920,1,89.36,0.00,824964096,0,138443776
65.8507,780619776,1450.7800,1651.63,0,264273920,1,51.02,0.00,825037824,0,138443776
65.9596,780619776,1452.8800,1927.76,0,265322496,1,62.82,0.00,827397120,0,138443776
66.0682,780619776,1455.6500,2552.10,0,265322496,1,76.59,0.00,827266048,0,138443776
66.1757,782585856,1456.8800,1144.49,0,266371072,1,36.64,0.00,827402240,0,138443776
66.2811,782585856,1460.1000,3054.86,0,266371072,1,96.35,0.00,827176960,0,138443776
66.3862,783372288,1462.0400,1844.60,0,266371072,1,55.27,0.00,827504640,0,138570752
66.4912,783372288,1464.3000,2153.72,0,267419648,1,77.13,0.00,829741056,0,138570752
66.6003,783372288,1467.2900,2739.25,0,267419648,1,78.16,0.00,829593600,0,138570752
66.7076,784945152,1469.4200,1984.60,0,268476416,1,64.06,0.00,830076928,0,138570752
66.8133,784945152,1472.7400,3142.96,0,268476416,1,97.03,0.00,830261248,0,138570752
66.9192,784945152,1476.1300,3200.06,0,268476416,1,99.41,0.00,830019584,0,138570752
67.0243,785338368,1478.0400,1818.07,0,268476416,1,55.92,0.00,829708288,0,138570752
67.1316,783171584,1480.5200,2309.66,0,269524992,1,73.63,0.00,827088896,0,138570752
67.2372,783171584,1483.7400,3049.42,0,269524992,1,95.89,0.00,827088896,0,138570752
67.3425,783564800,1486.7000,2812.56,0,269524992,1,88.19,0.00,827666432,0,138570752
67.4471,783564800,1488.2800,1509.98,0,269524992,1,44.20,0.00,827731968,0,138570752
67.5556,784744448,1490.4900,2036.36,0,270573568,1,69.11,0.00,828843008,0,138570752
67.6612,784744448,1493.7100,3051.08,0,270573568,1,95.35,0.00,828949504,0,138570752
67.7663,785530880,1496.7100,2854.33,0,270573568,1,91.58,0.00,828949504,0,138570752
67.8710,785924096,1498.5800,1785.97,0,270716928,1,53.13,0.00,829727744,0,138570752
67.9796,785924096,1501.6700,2843.84,0,271622144,1,89.45,0.00,831362048,0,138570752
68.0854,785924096,1504.8900,3046.13,0,271622144,1,94.60,0.00,829247488,0,138570752
68.1913,786317312,1507.6200,2576.11,0,271622144,1,80.50,0.00,829513728,0,138570752
68.2965,787103744,1508.6500,979.50,0,271765504,1,29.42,0.00,830394368,0,138570752
68.4036,787103744,1511.5000,2659.57,0,272670720,1,82.82,0.00,831442944,0,138603520
68.5087,787103744,1514.7300,3074.57,0,272670720,1,96.08,0.00,831442944,0,141216256
68.6147,787890176,1517.4500,2565.22,0,272670720,1,83.40,0.00,831709184,0,142641664
68.7197,788676608,1518.8500,1334.33,0,272670720,1,36.93,0.00,831971328,0,142641664
68.8316,789069824,1521.4000,2277.00,0,273719296,1,74.50,0.00,832300032,0,142686720
68.9373,789069824,1524.6300,3057.44,0,273719296,1,96.14,0.00,832300032,0,142686720
69.0424,789069824,1527.4600,2693.15,0,273719296,1,85.35,0.00,832246784,0,142686720
69.1476,789037056,1529.0400,1501.12,0,273719296,1,43.94,0.00,832418816,0,142686720
69.2556,791396352,1531.5700,2342.16,0,274767872,1,73.48,0.00,834774016,0,142686720
69.3609,791396352,1534.6900,2963.09,0,274767872,1,93.78,0.00,834368512,0,142686720
69.4668,791396352,1537.3900,2551.16,0,274767872,1,82.09,0.00,834438144,0,142686720
69.5718,791396352,1539.0600,1589.91,0,274767872,1,45.82,0.00,832970752,0,142686720
69.6796,791789568,1541.5700,2327.66,0,275816448,1,73.03,0.00,835854336,0,142686720
69.7849,791789568,1544.7700,3039.42,0,275816448,1,94.09,0.00,836116480,0,142686720
69.8901,791789568,1547.6000,2689.91,0,275816448,1,87.03,0.00,836374528,0,142686720
69.9958,791789568,1549.1600,1476.80,0,275816448,1,42.60,0.00,836694016,0,142686720
70.1037,793362432,1551.1900,1881.76,0,276865024,1,60.83,0.00,835608576,0,142756352
70.2096,793362432,1554.3100,2945.28,0,276865024,1,91.45,0.00,835608576,0,142756352
70.3238,793362432,1557.4600,2757.88,0,276865024,1,85.91,0.00,835346432,0,142825984
70.4289,793362432,1559.0200,1484.26,0,276865024,1,44.90,0.00,836395008,0,142825984
70.5357,794148864,1560.4500,1339.61,0,277913600,1,41.86,0.00,838283264,0,142825984
70.6413,794148864,1563.5700,2954.27,0,277913600,1,95.87,0.00,838283264,0,142825984
70.7479,794542080,1566.7600,2991.03,0,277913600,1,89.66,0.00,838041600,0,142825984
70.8530,794935296,1568.8800,2016.63,0,277913600,1,62.13,0.00,837922816,0,142825984
70.9596,796114944,1570.3000,1331.95,0,278962176,1,41.92,0.00,839305216,0,142825984
71.0654,796114944,1573.5200,3045.32,0,278962176,1,98.71,0.00,838842368,0,142838272
71.1725,796508160,1576.7500,3015.12,0,278962176,1,91.31,0.00,839120896,0,142838272
71.2775,796508160,1578.8900,2037.99,0,278962176,1,63.69,0.00,839383040,0,142838272
71.3825,798474240,1579.9500,1009.73,0,280010752,1,39.00,0.00,843380736,0,142838272
71.4925,798474240,1583.3000,3044.21,0,280010752,1,88.88,0.00,843233280,0,142838272
71.5981,798474240,1586.4300,2964.01,0,280010752,1,95.88,0.00,842127360,0,142838272
71.7036,798867456,1588.7800,2228.12,0,280010752,1,64.89,0.00,842909696,0,142838272
71.8116,801619968,1590.1500,1268.09,0,281059328,1,43.10,0.00,846309376,0,142838272
71.9171,801619968,1593.2700,2958.63,0,281059328,1,91.57,0.00,846309376,0,142838272
72.0227,801619968,1596.3900,2954.54,0,281059328,1,96.77,0.00,846309376,0,142838272
72.1287,803192832,1598.7400,2216.15,0,281059328,1,64.83,0.00,848058368,0,142838272
72.2356,807911424,1600.3600,1515.34,0,282107904,1,49.11,0.00,853029888,0,142838272
72.3413,807911424,1603.4800,2953.56,0,282107904,1,92.59,0.00,852599808,0,142838272
72.4465,808304640,1606.6000,2964.38,0,282107904,1,94.12,0.00,853386240,0,142838272
72.5519,809484288,1608.7700,2058.55,0,282107904,1,61.66,0.00,853910528,0,142838272
72.6596,812236800,1609.7900,947.07,0,283156480,1,29.89,0.00,859054080,0,142838272
72.7653,812236800,1613.0100,3048.90,0,283156480,1,96.17,0.00,859054080,0,142838272
72.8710,812236800,1616.2400,3053.64,0,283156480,1,98.97,0.00,858984448,0,142838272
72.9798,813416448,1618.8400,2391.17,0,283156480,1,69.55,0.00,860295168,0,142838272
73.0877,819707904,1620.3000,1353.33,0,284205056,1,45.19,0.00,865655808,0,142838272
73.1936,819707904,1623.5300,3049.40,0,284205056,1,95.88,0.00,865655808,0,142838272
73.2985,819707904,1626.7500,3069.17,0,284205056,1,99.78,0.00,865451008,0,142838272
73.4042,820887552,1629.1800,2299.60,0,284205056,1,66.54,0.00,866049024,0,142838272
73.5116,824426496,1631.2000,1879.23,0,285253632,1,59.89,0.00,870183936,0,142846464
73.6168,824426496,1634.3200,2965.98,0,285253632,1,94.17,0.00,869979136,0,142846464
73.7227,824819712,1637.4200,2927.37,0,285253632,1,93.25,0.00,870765568,0,145003008
73.8290,829538304,1639.5200,1976.07,0,285253632,1,57.64,0.00,875037696,0,145023488
73.9339,831111168,1641.9900,2354.89,0,286302208,1,80.14,0.00,876544000,0,145023488
74.0396,831111168,1645.2200,3055.78,0,286302208,1,91.35,0.00,876249088,0,145170944
74.1453,831897600,1647.9400,2572.75,0,286302208,1,79.51,0.00,876568576,0,145170944
74.2505,833077248,1649.3900,1378.89,0,286302208,1,41.90,0.00,877735936,0,145170944
74.3554,836616192,1651.6800,2181.74,0,287350784,1,70.26,0.00,881531904,0,145170944
74.4615,836616192,1654.8000,2942.10,0,287350784,1,91.35,0.00,881531904,0,145170944
74.5666,837402624,1657.5900,2655.40,0,287350784,1,85.06,0.00,882908160,0,145170944
74.6714,839761920,1659.1000,1440.86,0,287350784,1,41.75,0.00,884268032,0,145170944
74.7765,843300864,1660.3000,1141.63,0,288399360,1,36.57,0.00,888466432,0,145203712
74.8825,843300864,1663.4200,2942.85,0,288399360,1,99.04,0.00,887913472,0,145273344
74.9918,843300864,1666.7500,3045.25,0,288399360,1,88.59,0.00,888437760,0,145273344
75.0968,844087296,1668.8900,2039.22,0,288399360,1,62.24,0.00,889166848,0,145273344
75.2037,848805888,1669.8900,935.71,0,289447936,1,33.04,0.00,894569472,0,145273344
75.3085,848805888,1673.0100,2975.91,0,289447936,1,92.40,0.00,894622720,0,145273344
75.4141,848805888,1676.1300,2955.27,0,289447936,1,96.50,0.00,894618624,0,145273344
75.5198,850771968,1678.4000,2147.47,0,289447936,1,62.67,0.00,896187392,0,145273344
75.6276,855883776,1679.0700,621.09,0,290496512,1,20.86,0.00,900720640,0,145273344
75.7335,855883776,1682.1900,2948.48,0,290496512,1,101.29,0.00,900720640,0,145273344
75.8482,855883776,1685.6600,3023.46,0,290496512,1,86.04,0.00,900331520,0,145273344
75.9536,856670208,1687.9900,2210.39,0,290496512,1,67.89,0.00,900958208,0,145273344
76.0590,862175232,1689.0300,987.49,0,291545088,1,38.57,0.00,907409408,0,145273344
76.1679,862175232,1692.5400,3222.68,0,291545088,1,94.11,0.00,907151360,0,145273344
76.2729,862175232,1695.8700,3169.77,0,291545088,1,98.76,0.00,907012096,0,145273344
76.3782,863748096,1698.2300,2242.03,0,291545088,1,71.25,0.00,908371968,0,145273344
76.4830,872005632,1699.8900,1584.61,0,292593664,1,56.08,0.00,917537792,0,145273344
76.5924,872005632,1703.2500,3070.53,0,292593664,1,88.53,0.00,917537792,0,145273344
76.6981,872398848,1706.3200,2905.01,0,292593664,1,93.15,0.00,918062080,0,145273344
76.8030,873971712,1708.3200,1906.59,0,292593664,1,56.60,0.00,919294976,0,145273344
76.9116,877510656,1710.5200,2024.13,0,293642240,1,65.84,0.00,923609088,0,145273344
77.0173,877510656,1713.6400,2952.06,0,293642240,1,92.25,0.00,923060224,0,145347072
77.1225,877903872,1716.4800,2701.26,0,293642240,1,86.20,0.00,924354560,0,145347072
77.2272,880656384,1718.0500,1498.81,0,293642240,1,43.26,0.00,925730816,0,145347072
77.3357,884195328,1719.4400,1281.96,0,294690816,1,41.50,0.00,930107392,0,145347072
77.4417,884195328,1722.6700,3046.39,0,294690816,1,94.61,0.00,929685504,0,145347072
77.5474,885374976,1725.9900,3139.65,0,294690816,1,98.11,0.00,930209792,0,145375744
77.6532,886947840,1728.2100,2099.16,0,294690816,1,65.89,0.00,931258368,0,145375744
77.7596,889454592,1730.5700,2216.55,0,295739392,1,70.15,0.00,934239232,0,162288128
77.8654,889454592,1733.8000,3055.54,0,295739392,1,94.89,0.00,934169600,0,162288128
77.9707,889847808,1736.7900,2838.43,0,295739392,1,92.56,0.00,935476224,0,162288128
78.0757,891813888,1738.5500,1676.19,0,295739392,1,47.62,0.00,936479744,0,162288128
78.1836,895352832,1740.9300,2204.74,0,296792064,1,69.77,0.00,940194816,0,162288128
78.2886,895352832,1744.1600,3078.04,0,296792064,1,95.30,0.00,940194816,0,162431488
78.3940,895746048,1747.0500,2742.74,0,296792064,1,88.38,0.00,940506112,0,162431488
78.4992,896925696,1748.7600,1624.27,0,296792064,1,47.20,0.00,942308352,0,162431488
78.6077,900673536,1751.3600,2398.09,0,297840640,1,76.67,0.00,945140736,0,162431488
78.7138,900673536,1754.4800,2939.32,0,297840640,1,95.68,0.00,944903168,0,162431488
78.8198,901066752,1757.3100,2668.59,0,297840640,1,79.56,0.00,945841152,0,190798336
78.9253,904605696,1758.7700,1384.83,0,297910272,1,41.50,0.00,948864000,0,190843392
79.0316,902811648,1761.5900,2651.05,0,298889216,1,84.31,0.00,945041408,0,190843392
79.1372,902811648,1764.7100,2957.12,0,298889216,1,92.41,0.00,944992256,0,191031808
79.2427,903598080,1767.2500,2407.47,0,298889216,1,77.31,0.00,945897472,0,191031808
79.3479,905170944,1768.4900,1178.37,0,298889216,1,35.04,0.00,947392512,0,191031808
79.4556,881504256,1770.2200,1605.47,0,299937792,1,50.17,0.00,925913088,0,191031808
79.5612,881504256,1773.3200,2937.66,0,299937792,1,93.28,0.00,925671424,0,191031808
79.6669,881504256,1776.3400,2856.71,0,299937792,1,90.45,0.00,925544448,0,191031808
79.7720,881504256,1778.3100,1874.76,0,299937792,1,56.21,0.00,925700096,0,191068672
79.8796,881897472,1780.0600,1625.21,0,300990464,1,52.53,0.00,927391744,0,191068672
79.9852,881897472,1783.2800,3050.31,0,300990464,1,95.32,0.00,927219712,0,191117824
80.0912,881897472,1786.5000,3038.45,0,300990464,1,95.25,0.00,927215616,0,191117824
80.1961,881897472,1788.3700,1782.27,0,300990464,1,54.21,0.00,926396416,0,191117824
80.3036,882290688,1790.2500,1748.18,0,302039040,1,56.66,0.00,926632960,0,191117824
80.4097,882290688,1793.3700,2942.48,0,302039040,1,92.54,0.00,926129152,0,191117824
80.5155,882290688,1796.4500,2910.41,0,302039040,1,89.47,0.00,926133248,0,191117824
80.6205,882290688,1798.3500,1809.44,0,302039040,1,56.54,0.00,926133248,0,191117824
80.7276,882290688,1800.3700,1885.50,0,303087616,1,61.26,0.00,928758784,0,191117824
80.8330,882290688,1803.4900,2962.63,0,303087616,1,93.18,0.00,928513024,0,191117824
80.9385,882290688,1806.5000,2850.67,0,303087616,1,91.45,0.00,928513024,0,191117824
81.0434,882290688,1808.4100,1822.47,0,303087616,1,52.18,0.00,929037312,0,191117824
81.1516,882683904,1811.0900,2474.63,0,304136192,1,79.93,0.00,927906816,0,191117824
81.2575,882683904,1814.2100,2948.63,0,304136192,1,92.14,0.00,927906816,0,191117824
81.3625,882683904,1816.9700,2626.87,0,304136192,1,84.17,0.00,927906816,0,191117824
81.4674,882683904,1818.3000,1268.17,0,304136192,1,36.95,0.00,927906816,0,191117824
81.5756,878641152,1820.3800,1921.64,0,305184768,1,61.49,0.00,923894784,0,191117824
81.6811,878641152,1823.6100,3062.34,0,305184768,1,95.40,0.00,922883072,0,191138304
81.7866,878641152,1826.5800,2816.51,0,305184768,1,89.79,0.00,923145216,0,191138304
81.8916,878641152,1828.2700,1608.35,0,305184768,1,47.29,0.00,923927552,0,191138304
81.9996,879034368,1830.6700,2222.21,0,306233344,1,71.47,0.00,925524992,0,191138304
82.1055,879034368,1833.8100,2967.47,0,306233344,1,91.85,0.00,925553664,0,191138304
82.2112,879034368,1836.6700,2703.63,0,306233344,1,84.19,0.00,924558336,0,191138304
82.3159,879034368,1838.0500,1319.24,0,306233344,1,40.33,0.00,924558336,0,191138304
82.4205,879820800,1839.7600,1634.08,0,307281920,1,52.26,0.00,926405632,0,191138304
82.5302,879820800,1843.1100,3054.25,0,307281920,1,99.72,0.00,925922304,0,191138304
82.6353,879820800,1846.2500,2987.26,0,307281920,1,88.89,0.00,925922304,0,191138304
82.7409,879820800,1847.8200,1486.01,0,307281920,1,45.25,0.00,925918208,0,191138304
82.8476,880214016,1848.8800,993.42,0,308330496,1,32.22,0.00,924755968,0,191158784
82.9535,880214016,1852.1100,3051.48,0,308330496,1,95.95,0.00,924530688,0,191158784
83.0638,880214016,1855.5600,3127.63,0,308330496,1,97.74,0.00,924530688,0,191158784
83.1697,880214016,1857.6500,1974.32,0,308330496,1,61.99,0.00,923797504,0,191158784
83.2747,880214016,1859.5600,1818.51,0,309379072,1,61.59,0.00,925661184,0,191158784
83.3866,880214016,1863.1400,3199.37,0,309379072,1,100.54,0.00,925161472,0,191158784
83.4926,880214016,1866.3200,2999.24,0,309379072,1,90.48,0.00,925423616,0,191158784
83.5975,884146176,1867.9600,1564.03,0,309448704,1,46.79,0.00,929392640,0,191158784
83.7076,884932608,1870.6700,2459.83,0,310427648,1,82.54,0.00,931227648,0,191158784
83.8164,884932608,1873.9000,2971.10,0,310427648,1,89.40,0.00,928718848,0,191158784
83.9223,884932608,1876.5800,2530.44,0,310427648,1,81.44,0.00,928222208,0,198640128
84.0276,884932608,1877.9700,1320.12,0,310427648,1,37.69,0.00,930044928,0,198795776
84.1356,885719040,1880.4200,2266.75,0,311476224,1,71.99,0.00,932928512,0,198824448
84.2414,885719040,1883.5400,2949.91,0,311476224,1,93.07,0.00,932174848,0,198865408
84.3471,885719040,1886.3900,2695.89,0,311476224,1,82.77,0.00,931916800,0,198865408
84.4528,885719040,1887.9400,1466.96,0,311476224,1,44.96,0.00,931666944,0,198865408
84.5636,886112256,1890.6000,2399.55,0,312524800,1,75.55,0.00,933772288,0,198865408
84.6696,886112256,1893.7200,2945.79,0,312524800,1,90.88,0.00,933547008,0,198865408
84.7759,886112256,1896.5100,2624.23,0,312524800,1,82.01,0.00,933559296,0,199094784
84.8811,886112256,1897.9100,1330.65,0,312524800,1,40.99,0.00,933100544,0,199094784
84.9876,886505472,1899.4000,1398.30,0,313573376,1,45.75,0.00,932750336,0,199094784
85.0936,886505472,1902.5200,2944.66,0,313573376,1,91.73,0.00,932750336,0,199094784
85.1991,886505472,1905.6100,2928.44,0,313573376,1,94.48,0.00,931984384,0,199094784
85.3043,886505472,1907.8600,2139.21,0,313573376,1,62.69,0.00,931255296,0,199094784
85.4117,886898688,1909.3000,1341.05,0,314621952,1,43.36,0.00,933626880,0,199094784
85.5175,886898688,1912.4200,2947.06,0,314621952,1,91.21,0.00,932918272,0,199172608
85.6232,886898688,1915.6100,3019.23,0,314621952,1,94.06,0.00,932926464,0,199172608
85.7290,886898688,1917.8600,2127.55,0,314621952,1,67.08,0.00,932926464,0,199172608
85.8357,886898688,1919.5600,1593.32,0,315670528,1,50.38,0.00,934544384,0,199172608
85.9417,886898688,1922.7900,3044.84,0,315670528,1,99.28,0.00,932213760,0,199172608
86.0476,886898688,1926.0200,3052.32,0,315670528,1,91.55,0.00,932475904,0,199172608
86.1528,886898688,1928.1400,2013.71,0,315670528,1,62.04,0.00,932475904,0,199172608
86.2597,886898688,1930.3800,2096.85,0,316719104,1,67.57,0.00,933925888,0,199172608
86.3650,886898688,1933.5200,2979.66,0,316719104,1,93.41,0.00,933671936,0,199172608
86.4710,886898688,1936.4200,2736.91,0,316719104,1,87.89,0.00,933417984,0,199172608
86.5767,886898688,1938.1000,1588.66,0,316719104,1,46.69,0.00,933413888,0,199172608
86.6836,886898688,1939.2700,1094.47,0,317767680,1,33.91,0.00,935511040,0,199172608
86.7894,886898688,1942.3900,2950.81,0,317767680,1,93.10,0.00,934773760,0,199172608
86.8997,886898688,1945.7400,3035.45,0,317767680,1,94.29,0.00,934528000,0,199172608
87.0044,886898688,1947.7900,1958.58,0,317767680,1,59.71,0.00,934786048,0,199172608
87.1116,887291904,1948.4700,634.11,0,318816256,1,21.27,0.00,933739520,0,199172608
87.2176,887291904,1951.6900,3039.98,0,318816256,1,94.11,0.00,933497856,0,199172608
87.3228,887291904,1954.9200,3068.63,0,318816256,1,99.16,0.00,932514816,0,199172608
87.4287,887291904,1957.4000,2342.86,0,318816256,1,69.67,0.00,932523008,0,199172608
87.5356,887685120,1958.3900,925.53,0,319864832,1,30.68,0.00,935410688,0,199172608
87.6413,887685120,1961.6200,3058.15,0,319864832,1,94.09,0.00,935214080,0,199172608
87.7516,887685120,1965.0900,3143.76,0,319864832,1,98.53,0.00,935214080,0,199172608
87.8575,887685120,1967.4300,2210.53,0,319864832,1,68.78,0.00,934448128,0,199172608
87.9636,885833728,1968.5900,1093.27,0,320913408,1,37.70,0.00,932091904,0,199315968
88.0730,885833728,1971.8300,2962.83,0,320913408,1,88.87,0.00,931837952,0,199315968
88.1786,885833728,1974.9700,2973.05,0,320913408,1,96.75,0.00,931661824,0,199315968
88.2841,885833728,1977.3300,2235.69,0,320913408,1,66.02,0.00,931715072,0,199315968
88.3903,885833728,1977.9100,546.26,0,321961984,1,25.02,0.00,933120000,0,199315968
88.5002,885833728,1981.4900,3257.62,0,321961984,1,93.55,0.00,932636672,0,199315968
88.6072,885833728,1984.9400,3225.90,0,321961984,1,101.10,0.00,931158016,0,199328256
88.7141,885833728,1987.4300,2327.76,0,321961984,1,75.37,0.00,931158016,0,199328256
88.8237,886620160,1989.4600,1853.45,0,323010560,1,55.92,0.00,933353472,0,199328256
88.9295,886620160,1992.6900,3052.01,0,323010560,1,95.97,0.00,933197824,0,199328256
89.0354,886620160,1996.0300,3154.87,0,323010560,1,98.59,0.00,933730304,0,204152832
89.1400,886620160,1998.0300,1910.51,0,323010560,1,59.11,0.00,933754880,0,204152832
89.2476,887013376,1999.8000,1644.76,0,324059136,1,51.40,0.00,934123520,0,204173312
89.3611,887013376,2003.2700,3057.86,0,324059136,1,95.28,0.00,933865472,0,204173312
89.4671,887013376,2006.4200,2971.82,0,324059136,1,92.28,0.00,934127616,0,204173312
89.5721,887013376,2008.1400,1638.85,0,324059136,1,50.02,0.00,934127616,0,204173312
89.6796,887406592,2010.7200,2398.40,0,325107712,1,76.69,0.00,933171200,0,204173312
89.7853,887406592,2013.9400,3046.79,0,325107712,1,94.62,0.00,933171200,0,204173312
89.8912,887406592,2016.8300,2729.39,0,325107712,1,85.00,0.00,932925440,0,204238848
89.9963,887406592,2018.1000,1208.20,0,325107712,1,37.16,0.00,932679680,0,204300288
90.1036,887406592,2019.6800,1472.29,0,326156288,1,48.63,0.00,934776832,0,204300288
90.2094,887406592,2022.9100,3054.44,0,326156288,1,95.16,0.00,934047744,0,204300288
90.3147,887406592,2026.0600,2992.54,0,326156288,1,95.30,0.00,934055936,0,204300288
90.4200,887406592,2028.0200,1861.08,0,326156288,1,56.08,0.00,934055936,0,204300288
90.5276,885596160,2029.5500,1420.94,0,327204864,1,42.95,0.00,931110912,0,204300288
90.6342,885596160,2032.8800,3124.66,0,327204864,1,101.46,0.00,931115008,0,204300288
90.7404,885596160,2036.2900,3211.65,0,327204864,1,95.95,0.00,931115008,0,204300288
90.8452,885596160,2038.2200,1842.13,0,327204864,1,56.67,0.00,930877440,0,204353536
90.9516,886775808,2040.5700,2206.92,0,328253440,1,69.26,0.00,932188160,0,204353536
91.0577,886775808,2043.6700,2924.31,0,328253440,1,91.68,0.00,932188160,0,204353536
91.1636,886775808,2046.6400,2802.79,0,328253440,1,87.88,0.00,931713024,0,204353536
91.2685,886775808,2048.1100,1401.76,0,328253440,1,42.32,0.00,932417536,0,204353536
91.3757,887169024,2049.8600,1633.02,0,329302016,1,52.78,0.00,934543360,0,204353536
91.4818,887169024,2052.9800,2940.62,0,329302016,1,93.07,0.00,934543360,0,204353536
91.5872,887169024,2056.0200,2883.32,0,329302016,1,90.10,0.00,934539264,0,204353536
91.6921,887169024,2057.7700,1667.90,0,329302016,1,50.63,0.00,934281216,0,204353536
91.7996,887169024,2059.5400,1645.90,0,330350592,1,53.76,0.00,932415488,0,204353536
91.9058,887169024,2062.7700,3043.40,0,330350592,1,95.70,0.00,932169728,0,204353536
92.0117,887169024,2065.9700,3022.48,0,330350592,1,93.57,0.00,932169728,0,204353536
92.1164,887169024,2067.8200,1766.56,0,330350592,1,52.82,0.00,932169728,0,204378112
92.2237,887169024,2070.4900,2488.96,0,331399168,1,81.57,0.00,933050368,0,204378112
92.3288,887169024,2073.7200,3070.72,0,331399168,1,95.96,0.00,932562944,0,204378112
92.4340,887169024,2076.5300,2672.29,0,331399168,1,83.81,0.00,932558848,0,204546048
92.5396,887169024,2077.8200,1221.44,0,331399168,1,36.69,0.00,932558848,0,204546048
92.6476,887169024,2079.7800,1814.04,0,332447744,1,56.40,0.00,935802880,0,204546048
92.7534,887169024,2082.9000,2949.84,0,332447744,1,92.18,0.00,935802880,0,204546048
92.8591,887169024,2085.9300,2865.95,0,332447744,1,89.56,0.00,935049216,0,204546048
92.9641,887169024,2087.8600,1839.25,0,332447744,1,57.18,0.00,935049216,0,204546048
93.0716,887169024,2089.1200,1171.30,0,333496320,1,36.89,0.00,934060032,0,204546048
93.1771,887169024,2092.2400,2958.78,0,333496320,1,92.46,0.00,933572608,0,204546048
93.2828,887169024,2095.3600,2952.64,0,333496320,1,95.52,0.00,933330944,0,204546048
93.3877,887169024,2097.7000,2230.71,0,333496320,1,65.24,0.00,933679104,0,204546048
93.4956,887562240,2099.2800,1463.22,0,334544896,1,45.73,0.00,935534592,0,204546048
93.6009,887562240,2102.3900,2953.78,0,334544896,1,92.90,0.00,935534592,0,204546048
93.7063,887562240,2105.5000,2950.50,0,334544896,1,94.28,0.00,934797312,0,204546048
93.8113,887562240,2107.7400,2134.24,0,334544896,1,64.91,0.00,934359040,0,204546048
93.9196,887562240,2109.0900,1245.94,0,335593472,1,37.49,0.00,936022016,0,204546048
94.0252,887562240,2112.2100,2956.46,0,335593472,1,92.39,0.00,936026112,0,204738560
94.1314,887562240,2115.4600,3059.37,0,335593472,1,95.31,0.00,935530496,0,208680960
94.2369,887562240,2117.7200,2142.82,0,335593472,1,66.67,0.00,933432320,0,208680960
94.3436,888741888,2118.7500,964.69,0,336642048,1,32.78,0.00,937593856,0,208701440
94.4487,888741888,2121.8700,2969.86,0,336642048,1,93.11,0.00,936561664,0,208701440
94.5543,888741888,2124.9900,2955.68,0,336642048,1,95.92,0.00,936557568,0,208701440
94.6596,888741888,2127.5300,2410.62,0,336642048,1,71.48,0.00,936819712,0,208701440
94.7676,888741888,2128.6500,1036.87,0,337690624,1,35.01,0.00,939224064,0,208783360
94.8736,888741888,2131.7700,2944.56,0,337690624,1,91.43,0.00,936497152,0,208783360
94.9796,888741888,2135.0100,3055.83,0,337690624,1,97.26,0.00,936235008,0,208783360
95.0853,888741888,2137.4100,2271.48,0,337690624,1,69.21,0.00,936235008,0,208783360
95.1907,889528320,2138.0900,645.08,0,337760256,1,20.16,0.00,938070016,0,208783360
95.2996,888848384,2141.0600,2726.26,0,338739200,1,88.06,0.00,936431616,0,208783360
95.4079,888848384,2144.3000,2994.29,0,338739200,1,91.84,0.00,935927808,0,208783360
95.5132,888848384,2146.7900,2363.04,0,338739200,1,75.03,0.00,936189952,0,208783360
95.6184,888848384,2147.7000,865.13,0,338739200,1,24.96,0.00,936185856,0,208783360
95.7276,889634816,2149.9600,2068.90,0,339787776,1,70.09,0.00,937791488,0,208783360
95.8333,889634816,2153.2900,3151.64,0,339787776,1,96.71,0.00,937287680,0,208783360
95.9391,889634816,2156.3100,2855.95,0,339787776,1,92.50,0.00,937287680,0,208836608
96.0440,890421248,2157.9000,1514.36,0,339857408,1,42.56,0.00,938074112,0,208836608
96.1493,890814464,2160.7500,2706.62,0,340836352,1,86.66,0.00,939122688,0,208836608
96.2582,890814464,2164.1000,3076.34,0,340836352,1,99.58,0.00,936056832,0,208836608
96.3642,890814464,2166.8500,2595.43,0,340836352,1,75.21,0.00,936085504,0,208836608
96.4697,890814464,2167.8400,938.74,0,340836352,1,28.15,0.00,936871936,0,208836608
96.5748,890036224,2170.1800,2226.08,0,341884928,1,81.16,0.00,936785920,0,208836608
96.6843,890036224,2173.6500,3168.03,0,341884928,1,92.72,0.00,936335360,0,208836608
96.7905,890036224,2176.4900,2673.62,0,341884928,1,85.61,0.00,935589888,0,208836608
96.8954,890822656,2178.0200,1459.13,0,342933504,1,48.58,0.00,935380992,0,208836608
97.0041,890822656,2181.2900,3006.87,0,342933504,1,91.38,0.00,934905856,0,208836608
97.1096,890822656,2184.4900,3035.23,0,342933504,1,94.85,0.00,934656000,0,208836608
97.2150,890822656,2187.0600,2437.35,0,342933504,1,78.24,0.00,934410240,0,208836608
97.3200,890822656,2188.1700,1057.36,0,343982080,1,31.26,0.00,936904704,0,208836608
97.4276,890822656,2191.5300,3120.83,0,343982080,1,97.82,0.00,936126464,0,208836608
97.5335,890822656,2194.8600,3144.74,0,343982080,1,98.27,0.00,935901184,0,208836608
97.6390,890822656,2197.4200,2427.33,0,343982080,1,76.74,0.00,935897088,0,208914432
97.7440,890822656,2199.2700,1762.33,0,345030656,1,53.58,0.00,938006528,0,208914432
97.8502,890822656,2202.3900,2937.91,0,345030656,1,94.75,0.00,937261056,0,208914432
97.9587,890822656,2205.7500,3097.21,0,345030656,1,95.64,0.00,937015296,0,208914432
98.0637,890822656,2207.8500,2000.13,0,345030656,1,58.63,0.00,937388032,0,208914432
98.1687,891215872,2208.2900,418.95,0,346079232,1,13.09,0.00,937077760,0,208914432
98.2740,891215872,2211.4100,2961.32,0,346079232,1,100.25,0.00,936152064,0,213178368
98.3847,891215872,2214.8800,3135.40,0,346079232,1,91.77,0.00,935894016,0,213178368
98.4908,891215872,2217.3100,2290.60,0,346079232,1,73.35,0.00,936422400,0,213178368
98.5997,891609088,2218.2900,900.30,0,347131904,1,26.41,0.00,938265600,0,213178368
98.7058,891609088,2221.5200,3042.35,0,347131904,1,98.90,0.00,937520128,0,213202944
98.8119,891609088,2224.8600,3147.77,0,347131904,1,94.24,0.00,937540608,0,213202944
98.9176,891609088,2227.2500,2260.79,0,347131904,1,70.06,0.00,937540608,0,213202944
99.0230,891609088,2228.4900,1176.68,0,348180480,1,45.67,0.00,939637760,0,213202944
99.1326,891609088,2231.7900,3012.45,0,348180480,1,87.58,0.00,939383808,0,213202944
99.2381,891609088,2234.8100,2860.84,0,348180480,1,92.66,0.00,939297792,0,232138240
99.3434,891609088,2237.1900,2261.53,0,348180480,1,68.59,0.00,938675200,0,232990720
99.4516,892002304,2238.0400,785.02,0,349229056,1,25.69,0.00,937934848,0,233043968
99.5561,892002304,2241.1600,2987.79,0,349229056,1,91.57,0.00,937684992,0,233043968
99.6614,892002304,2244.2800,2962.76,0,349229056,1,94.37,0.00,937684992,0,233043968
99.7661,892002304,2246.6700,2282.21,0,349229056,1,71.32,0.00,937431040,0,233043968
99.8717,892788736,2247.6900,966.30,0,350277632,1,28.12,0.00,939659264,0,233043968
99.9764,892788736,2250.8500,3017.47,0,350277632,1,94.30,0.00,939405312,0,233105408
100.0850,892788736,2254.1900,3075.26,0,350277632,1,96.10,0.00,939405312,0,233129984
100.1898,892788736,2256.7000,2395.15,0,350277632,1,74.25,0.00,939405312,0,233129984
100.2945,892788736,2257.8700,1117.41,0,351326208,1,37.90,0.00,939159552,0,233129984
100.3991,892788736,2261.1100,3096.62,0,351326208,1,94.38,0.00,938655744,0,233306112
100.5076,892788736,2264.3900,3022.40,0,351326208,1,94.45,0.00,938655744,0,233306112
100.6122,892788736,2266.7300,2238.18,0,351326208,1,68.45,0.00,938917888,0,233306112
100.7167,893181952,2267.3900,631.46,0,351395840,1,19.14,0.00,939180032,0,233306112
100.8236,893181952,2270.3600,2777.41,0,352374784,1,86.79,0.00,938569728,0,233306112
100.9287,893181952,2273.5900,3074.89,0,352374784,1,96.69,0.00,938565632,0,233306112
101.0358,893181952,2276.4500,2670.92,0,352374784,1,82.59,0.00,938311680,0,233306112
101.1436,893181952,2278.0400,1473.90,0,353423360,1,44.90,0.00,940408832,0,233306112
101.2485,893181952,2281.2300,3043.74,0,353423360,1,94.52,0.00,938975232,0,233433088
101.3532,893181952,2284.4500,3075.25,0,353423360,1,97.30,0.00,938975232,0,233433088
101.4597,893181952,2287.1300,2515.16,0,353423360,1,78.01,0.00,939237376,0,233441280
101.5677,893575168,2289.0400,1769.58,0,354471936,1,57.62,0.00,941596672,0,233441280
101.6732,893575168,2292.2700,3061.08,0,354471936,1,95.36,0.00,941125632,0,233461760
101.7784,893575168,2295.4900,3060.60,0,354471936,1,100.40,0.00,941387776,0,233461760
101.8832,893575168,2297.8600,2261.79,0,354471936,1,65.61,0.00,940417024,0,233461760
101.9916,893968384,2300.0900,2055.57,0,355520512,1,69.71,0.00,940070912,0,233461760
102.1036,893968384,2303.5600,3098.27,0,355520512,1,92.36,0.00,940144640,0,233461760
102.2087,893968384,2306.5600,2856.52,0,355520512,1,90.16,0.00,940144640,0,233461760
102.3135,893968384,2308.4600,1812.38,0,355590144,1,54.55,0.00,939702272,0,233461760
102.4196,893968384,2311.4400,2807.47,0,356569088,1,90.38,0.00,941275136,0,233494528
102.5248,893968384,2314.5600,2968.09,0,356569088,1,92.75,0.00,941271040,0,233494528
102.6294,893968384,2317.1800,2503.52,0,356569088,1,77.34,0.00,941271040,0,233494528
102.7347,893968384,2318.4900,1244.82,0,356569088,1,38.31,0.00,941271040,0,233494528
102.8394,893554688,2320.1600,1593.92,0,357617664,1,55.48,0.00,940955648,0,233494528
102.9482,893554688,2323.4000,2978.95,0,357617664,1,88.49,0.00,940955648,0,233494528
103.0529,893554688,2326.4000,2864.08,0,357617664,1,90.40,0.00,940955648,0,233494528
103.1574,893554688,2328.4900,2001.37,0,357617664,1,60.75,0.00,940812288,0,233494528
103.2636,893554688,2330.1500,1561.89,0,358666240,1,51.75,0.00,940120064,0,233494528
103.3685,893554688,2333.3800,3079.27,0,358666240,1,95.93,0.00,938903552,0,233510912
103.4738,893554688,2336.5200,2982.31,0,358666240,1,92.60,0.00,939423744,0,233510912
103.5785,893554688,2338.6700,2054.67,0,358666240,1,65.40,0.00,939427840,0,233510912
103.6832,893947904,2340.7500,1985.37,0,359714816,1,65.32,0.00,941299712,0,233510912
103.7924,893947904,2344.1000,3069.38,0,359714816,1,93.05,0.00,941299712,0,233510912
103.8970,893947904,2347.1400,2904.89,0,359714816,1,89.88,0.00,941058048,0,233510912
104.0017,893947904,2349.0600,1834.81,0,359784448,1,55.84,0.00,941590528,0,233658368
104.1067,894341120,2351.7500,2560.49,0,360763392,1,89.24,0.00,942647296,0,233658368
104.2163,894341120,2355.2200,3166.80,0,360763392,1,91.55,0.00,942151680,0,233658368
104.3217,894341120,2357.9100,2552.36,0,360763392,1,79.46,0.00,939461632,0,233658368
104.4263,894341120,2359.1000,1137.53,0,360763392,1,34.95,0.00,939559936,0,240778240
104.5314,894341120,2361.5300,2311.76,0,361811968,1,78.49,0.00,941923328,0,240811008
104.6396,894341120,2364.8700,3086.17,0,361811968,1,93.56,0.00,941919232,0,240811008
104.7449,894341120,2367.7500,2736.18,0,361811968,1,83.72,0.00,940597248,0,240847872
104.8497,894734336,2369.1800,1364.66,0,361881600,1,41.75,0.00,941555712,0,240847872
104.9556,894734336,2372.2400,2888.03,0,362864640,1,92.32,0.00,942350336,0,240847872
105.0608,894734336,2375.4700,3070.71,0,362864640,1,96.26,0.00,942342144,0,240847872
105.1654,894734336,2378.2100,2619.64,0,362864640,1,80.67,0.00,941359104,0,240917504
105.2703,895127552,2379.3600,1097.00,0,363008000,1,33.39,0.00,941856768,0,240917504
105.3755,895127552,2382.4600,2945.91,0,363913216,1,98.00,0.00,940955648,0,240917504
105.4837,895127552,2385.8000,3088.05,0,363913216,1,94.19,0.00,940955648,0,240917504
105.5891,895127552,2388.3300,2399.92,0,363913216,1,73.22,0.00,941225984,0,240917504
105.6937,895127552,2389.3600,984.29,0,363991040,1,29.86,0.00,942802944,0,240917504
105.7986,896700416,2392.2900,2792.40,0,364961792,1,93.52,0.00,943888384,0,240917504
105.9076,896700416,2395.6800,3109.92,0,364961792,1,93.74,0.00,943638528,0,240987136
106.0127,896700416,2398.3000,2494.78,0,364961792,1,77.37,0.00,943704064,0,240987136
106.1197,899059712,2399.8200,1420.76,0,366010368,1,45.57,0.00,945478656,0,240987136
106.2253,899059712,2402.9400,2952.43,0,366010368,1,90.78,0.00,944983040,0,240987136
106.3301,899059712,2406.0600,2977.41,0,366010368,1,98.11,0.00,944495616,0,240987136
106.4356,899059712,2408.2900,2113.99,0,366010368,1,61.03,0.00,944491520,0,240987136
106.5407,899059712,2408.9400,618.57,0,366080000,1,17.84,0.00,946326528,0,240987136
106.6476,897019904,2411.6500,2533.56,0,367058944,1,81.80,0.00,944561152,0,240987136
106.7530,897019904,2414.7700,2961.48,0,367058944,1,93.73,0.00,944319488,0,240987136
106.8578,897019904,2417.4200,2529.30,0,367058944,1,76.95,0.00,943815680,0,241032192
106.9627,897413120,2418.7900,1305.49,0,367128576,1,40.20,0.00,944704512,0,241032192
107.0676,897806336,2421.4500,2537.23,0,368107520,1,83.76,0.00,943749120,0,241032192
107.1756,897806336,2424.6900,2999.46,0,368107520,1,89.68,0.00,943237120,0,241032192
107.2810,897806336,2427.3800,2550.60,0,368107520,1,79.71,0.00,943237120,0,241032192
107.3857,897806336,2428.7100,1271.01,0,368107520,1,39.42,0.00,942987264,0,241032192
107.4906,897806336,2430.4300,1639.59,0,369156096,1,62.26,0.00,945108992,0,241032192
107.6000,897806336,2433.9000,3171.38,0,369156096,1,91.68,0.00,944855040,0,241032192
107.7053,897806336,2436.9300,2877.94,0,369156096,1,89.94,0.00,944850944,0,241032192
107.8105,897806336,2438.7000,1681.74,0,369156096,1,52.26,0.00,944855040,0,241032192
107.9150,897806336,2441.0600,2258.84,0,370204672,1,78.96,0.00,947726336,0,241134592
108.0236,897806336,2444.5300,3194.07,0,370204672,1,93.77,0.00,947472384,0,241134592
108.1289,897806336,2447.4300,2755.40,0,370204672,1,84.62,0.00,946513920,0,241134592
108.2336,897806336,2448.9900,1490.09,0,370274304,1,44.77,0.00,947845120,0,241134592
108.3396,897806336,2451.8600,2706.05,0,371253248,1,86.33,0.00,944406528,0,241134592
108.4445,897806336,2454.9800,2975.88,0,371253248,1,92.40,0.00,944406528,0,241134592
108.5498,897806336,2457.8100,2686.11,0,371253248,1,83.64,0.00,944930816,0,241134592
108.6556,898199552,2459.5200,1616.23,0,372301824,1,51.69,0.00,947027968,0,241134592
108.7606,898199552,2462.5400,2876.60,0,372301824,1,88.70,0.00,946774016,0,241134592
108.8656,898199552,2465.5600,2878.16,0,372301824,1,93.52,0.00,945803264,0,241134592
108.9717,898199552,2468.0300,2327.69,0,372301824,1,69.50,0.00,945467392,0,241134592
109.0765,898592768,2468.9500,877.77,0,373329920,1,26.54,0.00,948248576,0,241134592
109.1825,898592768,2472.0000,2876.33,0,373350400,1,101.67,0.00,947761152,0,241134592
109.2959,898592768,2475.4800,3068.32,0,373350400,1,87.07,0.00,945590272,0,241134592
109.4013,898592768,2478.0200,2411.92,0,373350400,1,74.48,0.00,944898048,0,241187840
109.5117,899379200,2479.1400,1014.49,0,374398976,1,31.99,0.00,946741248,0,244119552
109.6167,899379200,2482.3600,3065.56,0,374398976,1,95.50,0.00,946487296,0,244119552
109.7216,899379200,2485.5900,3079.22,0,374398976,1,96.52,0.00,946012160,0,244119552
109.8264,899379200,2488.1500,2443.49,0,374398976,1,79.04,0.00,944774144,0,244119552
109.9313,902918144,2489.0900,895.78,0,374468608,1,23.23,0.00,949754880,0,244119552
110.0396,902918144,2491.8300,2528.69,0,375447552,1,80.18,0.00,949891072,0,244119552
110.1449,902918144,2495.0500,3058.19,0,375447552,1,95.87,0.00,949633024,0,244119552
110.2498,902918144,2497.8200,2641.94,0,375447552,1,81.67,0.00,949395456,0,244119552
110.3548,903311360,2499.2800,1389.77,0,376475648,1,51.16,0.00,946097152,0,244119552
110.4641,898908160,2502.7600,3185.29,0,376496128,1,94.11,0.00,946117632,0,244119552
110.5688,898908160,2505.9800,3074.99,0,376496128,1,95.20,0.00,945676288,0,244119552
110.6737,898908160,2508.3500,2258.83,0,376496128,1,69.99,0.00,945680384,0,244119552
110.7787,899301376,2509.1000,714.31,0,376565760,1,21.13,0.00,946483200,0,244172800
110.8833,899301376,2511.7000,2486.99,0,377544704,1,84.59,0.00,946282496,0,244172800
110.9921,899301376,2514.9400,2976.31,0,377544704,1,87.27,0.00,946278400,0,244172800
111.0971,899301376,2517.6800,2610.45,0,377544704,1,82.47,0.00,945173504,0,244238336
111.2021,899301376,2519.0000,1257.13,0,377544704,1,38.09,0.00,944923648,0,244238336
111.3069,899694592,2520.6400,1565.08,0,378593280,1,56.36,0.00,947041280,0,244238336
111.4161,899694592,2523.9900,3065.99,0,378593280,1,89.81,0.00,946787328,0,244238336
111.5210,899694592,2526.9700,2842.16,0,378593280,1,87.33,0.00,947045376,0,244238336
111.6259,895242240,2528.9900,1925.70,0,378593280,1,60.18,0.00,940942336,0,244238336
111.7356,895242240,2530.3400,1229.97,0,379641856,1,42.71,0.00,942248960,0,244238336
111.8441,895242240,2533.4700,2886.59,0,379641856,1,87.04,0.00,941999104,0,244258816
111.9493,895242240,2536.4700,2852.56,0,379641856,1,88.55,0.00,941736960,0,244258816
112.0544,895242240,2538.6800,2102.68,0,379641856,1,66.01,0.00,941736960,0,244258816
112.1593,896028672,2539.5200,800.50,0,380690432,1,27.70,0.00,941318144,0,244258816
112.2685,896028672,2542.8700,3068.65,0,380690432,1,92.75,0.00,941133824,0,244258816
112.3738,896028672,2545.9900,2961.85,0,380690432,1,91.96,0.00,940630016,0,244258816
112.4786,892751872,2548.4100,2309.96,0,380690432,1,73.98,0.00,936509440,0,244258816
112.5835,892751872,2549.3700,914.93,0,381739008,1,28.89,0.00,938668032,0,244258816
112.6918,892751872,2552.6100,2992.45,0,381739008,1,90.34,0.00,938409984,0,244258816
112.7972,892751872,2555.7300,2958.75,0,381739008,1,92.46,0.00,938405888,0,244258816
112.9024,891183104,2558.2600,2406.02,0,381739008,1,77.57,0.00,935017472,0,244258816
113.0078,885891072,2559.2000,891.47,0,382767104,1,23.12,0.00,930625536,0,244570112
113.1191,885891072,2562.4900,2957.01,0,382787584,1,97.46,0.00,930113536,0,244570112
113.2243,885891072,2565.8300,3173.69,0,382787584,1,97.10,0.00,930113536,0,244570112
113.3298,864763904,2568.3200,2360.58,0,382787584,1,74.06,0.00,906930176,0,244570112
113.4347,838090752,2569.9900,1591.16,0,383836160,1,51.21,0.00,881978368,0,244590592
113.5399,838090752,2573.2300,3081.35,0,383836160,1,93.02,0.00,881757184,0,244615168
113.6459,838090752,2576.3500,2944.12,0,383836160,1,95.54,0.00,881597440,0,244615168
113.7517,838090752,2578.7400,2257.40,0,383836160,1,65.82,0.00,878337024,0,244615168
113.8564,836055040,2580.4200,1604.70,0,384884736,1,54.03,0.00,879946752,0,244615168
113.9616,836055040,2583.5100,2939.16,0,384884736,1,92.74,0.00,879627264,0,244615168
114.0669,836055040,2586.5400,2877.87,0,384884736,1,90.53,0.00,879799296,0,244766720
114.1715,836448256,2588.7000,2065.02,0,384884736,1,62.14,0.00,880323584,0,244766720
114.2762,839200768,2590.1000,1336.20,0,385933312,1,42.95,0.00,883025920,0,244766720
114.3836,839200768,2593.4800,3146.48,0,385933312,1,97.75,0.00,881928192,0,244766720
114.4883,839200768,2596.8100,3180.99,0,385933312,1,100.30,0.00,881928192,0,244828160
114.5931,839200768,2599.0400,2127.57,0,385933312,1,65.59,0.00,881850368,0,247447552
114.6996,839593984,2601.2000,2028.14,0,386981888,1,66.02,0.00,883996672,0,248889344
114.8049,839593984,2604.3200,2964.13,0,386981888,1,92.93,0.00,883787776,0,248889344
114.9098,839593984,2607.2400,2784.01,0,386981888,1,87.00,0.00,883517440,0,248889344
115.0143,839593984,2609.0000,1684.72,0,386981888,1,50.55,0.00,883267584,0,248889344
115.1194,836083712,2610.4100,1340.52,0,388030464,1,46.64,0.00,879460352,0,248889344
115.2280,836083712,2613.7600,3085.51,0,388030464,1,93.54,0.00,878997504,0,248889344
115.3335,836083712,2616.9600,3034.83,0,388030464,1,94.25,0.00,878739456,0,248889344
115.4385,836083712,2618.9600,1903.54,0,388030464,1,60.38,0.00,878796800,0,248889344
115.5432,836083712,2620.5900,1556.56,0,389079040,1,53.12,0.00,881389568,0,248889344
115.6518,836083712,2623.9400,3085.02,0,389079040,1,92.95,0.00,881389568,0,248889344
115.7569,836083712,2627.1000,3007.13,0,389079040,1,93.68,0.00,880648192,0,248889344
115.8614,836083712,2629.2300,2038.48,0,389079040,1,63.40,0.00,880152576,0,248889344
115.9676,836083712,2631.2800,1929.61,0,390127616,1,59.42,0.00,880954368,0,248889344
116.0730,836083712,2634.6100,3159.31,0,390127616,1,99.02,0.00,880954368,0,248889344
116.1779,836083712,2637.7600,3004.97,0,390127616,1,93.31,0.00,880954368,0,248889344
116.2825,836083712,2639.5900,1749.03,0,390127616,1,53.46,0.00,880778240,0,248889344
116.3873,836083712,2642.4200,2699.67,0,391176192,1,84.96,0.00,881150976,0,248889344
116.4964,836083712,2645.7500,3053.96,0,391176192,1,96.01,0.00,881150976,0,248889344
116.6018,836083712,2648.5500,2656.68,0,391176192,1,82.13,0.00,881150976,0,248889344
116.7067,837263360,2650.0100,1391.74,0,392224768,1,50.94,0.00,883921920,0,248889344
116.8161,837263360,2653.4800,3170.09,0,392224768,1,92.50,0.00,883917824,0,248889344
116.9213,837263360,2656.7000,3060.45,0,392224768,1,95.34,0.00,883414016,0,249229312
117.0269,838049792,2659.1200,2292.80,0,392224768,1,73.72,0.00,883676160,0,249229312
117.1356,839622656,2661.0700,1792.99,0,393273344,1,54.59,0.00,885386240,0,249229312
117.2409,839622656,2664.3000,3069.11,0,393273344,1,95.32,0.00,885382144,0,249229312
117.3465,839622656,2667.5200,3048.61,0,393273344,1,100.89,0.00,884485120,0,249229312
117.4520,839622656,2669.6400,2009.53,0,393273344,1,56.58,0.00,884263936,0,249229312
117.5596,840409088,2671.5000,1728.03,0,394321920,1,54.00,0.00,886623232,0,249229312
117.6708,840409088,2674.7400,2915.23,0,394321920,1,98.69,0.00,886623232,0,249229312
117.7801,840409088,2677.8600,2853.21,0,394321920,1,81.16,0.00,886885376,0,249229312
117.8850,840409088,2679.5900,1649.09,0,394321920,1,51.53,0.00,886172672,0,249229312
117.9916,840409088,2681.5500,1838.56,0,395370496,1,57.46,0.00,885724160,0,249229312
118.0969,840409088,2684.6700,2964.22,0,395370496,1,93.52,0.00,885826560,0,249229312
118.2038,840409088,2687.7600,2890.95,0,395370496,1,88.88,0.00,886084608,0,249229312
118.3085,840409088,2689.5200,1680.56,0,395370496,1,51.32,0.00,886100992,0,249229312
118.4156,840802304,2690.9700,1353.46,0,396419072,1,45.21,0.00,887079936,0,249229312
118.5211,840802304,2694.3000,3157.37,0,396419072,1,96.89,0.00,887079936,0,249257984
118.6268,840802304,2697.6400,3160.32,0,396419072,1,102.60,0.00,886078464,0,249270272
118.7315,840802304,2699.7000,1966.82,0,396419072,1,58.18,0.00,885132288,0,254070784
118.8396,840802304,2702.0700,2192.25,0,397471744,1,69.09,0.00,887770112,0,254070784
118.9449,840802304,2705.2900,3059.23,0,397471744,1,95.30,0.00,887770112,0,254070784
119.0504,840802304,2708.2200,2777.20,0,397471744,1,88.86,0.00,887774208,0,254070784
119.1552,841588736,2710.0100,1707.83,0,397471744,1,49.79,0.00,888560640,0,254070784
119.2636,841588736,2711.7700,1623.14,0,398520320,1,55.62,0.00,887597056,0,254070784
119.3756,841588736,2715.2500,3107.22,0,398520320,1,93.19,0.00,886458368,0,254070784
119.4808,841588736,2718.2800,2882.42,0,398520320,1,90.08,0.00,886720512,0,254070784
119.5859,841588736,2720.2500,1873.55,0,398520320,1,57.06,0.00,886720512,0,254070784
119.6906,837922816,2722.6700,2311.34,0,399568896,1,81.78,0.00,883955712,0,254070784
119.8000,837922816,2726.1400,3171.50,0,399568896,1,92.25,0.00,883456000,0,277368832
119.9055,837922816,2728.9100,2625.87,0,399568896,1,80.58,0.00,883222528,0,277368832
120.0110,837922816,2730.2300,1251.86,0,399568896,1,40.31,0.00,884021248,0,277368832
120.1161,837922816,2732.7700,2414.96,0,400617472,1,76.36,0.00,884062208,0,277426176
120.2212,837922816,2735.8900,2969.55,0,400617472,1,91.91,0.00,884062208,0,277426176
120.3274,837922816,2738.7400,2684.81,0,400617472,1,83.90,0.00,884070400,0,277426176
120.4329,838316032,2740.0700,1260.65,0,401424384,1,38.51,0.00,882603008,0,277426176
120.5420,838709248,2743.4000,3049.91,0,401666048,1,99.03,0.00,882648064,0,277426176
120.6472,838709248,2746.8600,3288.85,0,401666048,1,99.51,0.00,882648064,0,277426176
120.7524,838709248,2749.4500,2461.91,0,401666048,1,76.34,0.00,882430976,0,277483520
120.8636,838709248,2751.2900,1654.65,0,402714624,1,50.02,0.00,884944896,0,277483520
120.9692,838709248,2754.4100,2955.98,0,402714624,1,92.97,0.00,884428800,0,277483520
121.0796,838709248,2757.7700,3042.14,0,402714624,1,95.92,0.00,884690944,0,277483520
121.1844,838709248,2759.8200,1956.96,0,402714624,1,59.37,0.00,884445184,0,277483520
121.2917,839102464,2760.7000,820.39,0,403763200,1,27.68,0.00,884207616,0,277651456
121.3994,839102464,2764.0500,3110.21,0,403763200,1,96.90,0.00,883474432,0,277651456
121.5058,839102464,2767.2800,3034.08,0,403763200,1,98.34,0.00,882962432,0,277651456
121.6109,839102464,2769.7100,2312.96,0,403763200,1,70.79,0.00,883224576,0,277651456
121.7156,839102464,2771.7200,1918.74,0,404811776,1,61.75,0.00,885395456,0,277651456
121.8244,839102464,2775.1800,3180.70,0,404811776,1,95.38,0.00,885379072,0,277651456
121.9292,839102464,2778.4900,3160.19,0,404811776,1,99.35,0.00,885379072,0,277651456
122.0337,839102464,2780.4800,1904.55,0,404811776,1,58.02,0.00,885153792,0,277676032
122.1387,839102464,2782.7300,2141.44,0,405860352,1,75.55,0.00,885723136,0,277676032
122.2481,839102464,2786.1900,3162.59,0,405860352,1,92.26,0.00,885465088,0,277676032
122.3534,839102464,2789.0800,2744.72,0,405860352,1,85.18,0.00,885211136,0,277676032
122.4583,839102464,2790.5800,1429.76,0,405860352,1,44.08,0.00,884723712,0,277676032
122.5635,839102464,2792.7500,2064.09,0,406908928,1,65.39,0.00,886624256,0,277676032
122.6688,839102464,2795.7600,2856.80,0,406908928,1,90.76,0.00,886624256,0,277676032
122.7745,839102464,2798.4900,2583.49,0,406908928,1,82.21,0.00,885626880,0,277676032
122.8799,839102464,2800.1100,1536.60,0,406908928,1,44.17,0.00,885880832,0,277733376
122.9877,839102464,2802.5100,2227.95,0,407957504,1,71.07,0.00,887420928,0,277733376
123.0933,839102464,2805.6300,2953.10,0,407957504,1,92.28,0.00,887056384,0,277733376
123.1986,839102464,2808.3300,2564.12,0,407957504,1,81.91,0.00,887080960,0,277733376
123.3041,839102464,2809.7800,1374.92,0,407957504,1,39.41,0.00,886835200,0,277733376
123.4117,839495680,2812.1300,2184.28,0,409006080,1,69.13,0.00,886361088,0,277733376
123.5178,839495680,2815.3600,3044.03,0,409006080,1,98.07,0.00,885861376,0,277733376
123.6230,839495680,2818.2700,2763.85,0,409006080,1,84.89,0.00,885349376,0,277733376
123.7280,839495680,2819.7800,1439.41,0,409075712,1,40.81,0.00,886922240,0,277782528
123.8356,839888896,2822.7900,2794.90,0,410054656,1,89.08,0.00,887050240,0,277803008
123.9408,839888896,2825.9100,2966.02,0,410054656,1,92.99,0.00,886796288,0,277803008
124.0463,839888896,2828.5200,2474.50,0,410054656,1,79.11,0.00,886566912,0,278028288
124.1509,841854976,2829.7300,1156.98,0,411082752,1,41.83,0.00,890761216,0,278028288
124.2596,841854976,2833.2000,3192.44,0,411103232,1,94.01,0.00,890511360,0,278028288
124.3648,841854976,2836.4200,3061.64,0,411103232,1,94.78,0.00,890015744,0,278028288
124.4701,841854976,2838.9800,2430.88,0,411103232,1,78.04,0.00,888306688,0,278028288
124.5749,843034624,2840.4200,1373.22,0,412151808,1,47.09,0.00,890715136,0,278028288
124.6842,843034624,2843.8900,3174.56,0,412151808,1,91.49,0.00,889228288,0,278028288
124.7896,843034624,2847.1200,3065.96,0,412151808,1,96.40,0.00,889478144,0,278065152
124.8947,843034624,2849.5200,2283.87,0,412151808,1,71.97,0.00,888846336,0,285339136
125.0036,843034624,2850.9400,1303.13,0,413200384,1,39.00,0.00,890546176,0,285339136
125.1093,843034624,2853.9600,2858.62,0,413200384,1,89.33,0.00,890066944,0,285339136
125.2142,843034624,2856.9700,2867.93,0,413200384,1,93.20,0.00,890066944,0,285339136
125.3190,843034624,2859.0200,1956.62,0,413200384,1,58.46,0.00,890066944,0,285339136
125.4276,843034624,2859.9900,892.95,0,414248960,1,28.19,0.00,890517504,0,285339136
125.5336,843034624,2863.1100,2944.48,0,414248960,1,91.13,0.00,888793088,0,285339136
125.6395,843034624,2866.3500,3059.62,0,414248960,1,96.50,0.00,888793088,0,285339136
125.7447,843034624,2868.6200,2157.16,0,414248960,1,66.52,0.00,888793088,0,285339136
125.8596,843034624,2869.5500,809.32,0,415297536,1,27.47,0.00,891185152,0,285339136
125.9676,843034624,2872.7900,3000.06,0,415297536,1,94.04,0.00,890214400,0,285339136
126.0724,843034624,2875.9100,2979.43,0,415297536,1,92.81,0.00,890279936,0,285339136
126.1772,843034624,2878.2500,2232.40,0,415297536,1,68.57,0.00,890279936,0,285339136
126.2822,843427840,2878.9400,656.92,0,415297536,1,19.34,0.00,891856896,0,285339136
126.3874,843821056,2881.7400,2662.83,0,416346112,1,90.05,0.00,889345024,0,285339136
126.4959,843821056,2885.0600,3058.15,0,416346112,1,90.96,0.00,888849408,0,285466112
126.6017,843821056,2887.7300,2524.18,0,416346112,1,79.47,0.00,888841216,0,285466112
126.7070,844607488,2888.8200,1035.69,0,416415744,1,31.47,0.00,891200512,0,285466112
126.8116,845000704,2891.4800,2542.28,0,417394688,1,81.54,0.00,892302336,0,285466112
126.9173,845000704,2894.4900,2847.75,0,417394688,1,96.68,0.00,891794432,0,285466112
127.0282,845000704,2897.2800,2514.79,0,417394688,1,70.98,0.00,891030528,0,285466112
127.1335,845393920,2898.4100,1073.58,0,418443264,1,40.97,0.00,893127680,0,285474304
127.2439,845393920,2901.7700,3042.22,0,418443264,1,89.41,0.00,892877824,0,285474304
127.3495,845393920,2904.8800,2945.76,0,418443264,1,90.87,0.00,892140544,0,285474304
127.4546,845787136,2907.2100,2216.49,0,418443264,1,71.64,0.00,892406784,0,285474304
127.5596,846180352,2908.3300,1067.03,0,419491840,1,34.24,0.00,892457984,0,285474304
127.6686,846180352,2911.5200,2927.34,0,419491840,1,87.75,0.00,892457984,0,285474304
127.7733,846180352,2914.5400,2882.26,0,419491840,1,90.07,0.00,892457984,0,285474304
127.8788,846180352,2916.7900,2133.54,0,419491840,1,68.45,0.00,892085248,0,285474304
127.9876,846966784,2918.2000,1295.38,0,420540416,1,37.04,0.00,894968832,0,285507072
128.0927,846966784,2921.3200,2970.88,0,420540416,1,94.33,0.00,893985792,0,285576704
128.1981,846966784,2924.4400,2959.60,0,420540416,1,95.16,0.00,893985792,0,285576704
128.3033,846966784,2926.9600,2394.71,0,420540416,1,70.38,0.00,893735936,0,285576704
128.4116,847753216,2928.7200,1624.67,0,421588992,1,50.77,0.00,894254080,0,285634048
128.5176,847753216,2931.9500,3047.14,0,421588992,1,93.45,0.00,893717504,0,285634048
128.6231,847753216,2935.1700,3054.23,0,421588992,1,99.59,0.00,893717504,0,285634048
128.7277,848146432,2937.5700,2293.28,0,421588992,1,68.98,0.00,894241792,0,285634048
128.8357,847200256,2939.2400,1547.42,0,422637568,1,48.65,0.00,893705216,0,285662720
128.9410,847200256,2942.3900,2989.69,0,422637568,1,92.54,0.00,892498944,0,285662720
129.0457,847593472,2945.5500,3018.07,0,422637568,1,94.02,0.00,892761088,0,285662720
129.1502,847593472,2947.6300,1990.90,0,422637568,1,63.41,0.00,892761088,0,285662720
129.2553,847593472,2949.0400,1341.71,0,423690240,1,44.31,0.00,894596096,0,285662720
129.3641,847593472,2952.3900,3078.93,0,423690240,1,92.48,0.00,893854720,0,285662720
129.4689,847593472,2955.6000,3061.24,0,423690240,1,96.56,0.00,893854720,0,285662720
129.5736,847593472,2957.7100,2016.79,0,423690240,1,61.53,0.00,893195264,0,285662720
129.6785,847593472,2958.2400,504.92,0,424738816,1,26.79,0.00,894108672,0,285662720
129.7878,847593472,2961.8100,3268.07,0,424738816,1,95.55,0.00,893617152,0,285662720
129.8934,847593472,2965.1400,3151.47,0,424738816,1,97.89,0.00,893154304,0,285662720
129.9993,847986688,2967.6900,2409.72,0,424738816,1,74.42,0.00,893678592,0,288628224
130.1043,848379904,2969.4800,1704.06,0,425787392,1,52.36,0.00,895382528,0,288628224
130.2096,848379904,2972.5900,2952.15,0,425787392,1,92.25,0.00,895382528,0,288628224
130.3152,848379904,2975.7200,2966.67,0,425787392,1,95.08,0.00,895128576,0,288628224
130.4198,848379904,2977.8800,2064.32,0,425787392,1,60.93,0.00,894632960,0,288628224
130.5276,849166336,2979.3400,1353.60,0,426835968,1,42.59,0.00,894924800,0,288628224
130.6326,849166336,2982.4600,2972.46,0,426835968,1,94.38,0.00,894924800,0,288628224
130.7383,849559552,2985.5900,2962.53,0,426835968,1,97.90,0.00,895186944,0,288710144
130.8479,849952768,2987.7100,1934.04,0,426835968,1,53.31,0.00,895342592,0,288710144
130.9528,854671360,2989.2800,1496.50,0,427884544,1,50.34,0.00,901126144,0,288718336
131.0621,854671360,2992.5500,2991.89,0,427884544,1,95.78,0.00,899397632,0,288718336
131.1672,854671360,2995.7200,3015.58,0,427884544,1,90.37,0.00,899660800,0,288718336
131.2720,854671360,2997.7800,1965.04,0,427884544,1,60.51,0.00,899660800,0,288718336
131.3797,855064576,2999.1700,1291.70,0,428933120,1,44.14,0.00,901843968,0,288718336
131.4854,855064576,3002.3900,3044.70,0,428933120,1,95.44,0.00,901585920,0,288718336
131.5903,855064576,3005.6300,3088.82,0,428933120,1,98.61,0.00,901368832,0,288747008
131.6952,855064576,3007.7200,1991.69,0,428933120,1,58.07,0.00,901368832,0,288747008
131.8036,855064576,3009.6800,1807.97,0,429981696,1,56.79,0.00,902368256,0,288747008
131.9088,855064576,3012.8000,2967.24,0,429981696,1,92.43,0.00,901868544,0,288747008
132.0145,855064576,3015.6700,2714.87,0,429981696,1,86.61,0.00,902130688,0,288808448
132.1193,855064576,3017.4000,1651.62,0,429981696,1,48.03,0.00,902126592,0,288808448
132.2276,855457792,3018.9600,1439.25,0,431030272,1,51.03,0.00,903961600,0,288808448
132.3396,855457792,3022.4300,3098.26,0,431030272,1,92.08,0.00,903273472,0,288808448
132.4452,855457792,3025.4500,2862.01,0,431030272,1,90.03,0.00,903273472,0,288808448
132.5500,856244224,3027.4800,1937.24,0,431030272,1,59.35,0.00,902445056,0,288808448
132.6553,856244224,3028.5100,977.89,0,432078848,1,35.31,0.00,904280064,0,288808448
132.7644,856244224,3031.8600,3069.38,0,432078848,1,92.48,0.00,904280064,0,288808448
132.8695,856244224,3035.0800,3065.79,0,432078848,1,96.40,0.00,903981056,0,288808448
132.9753,856244224,3037.4200,2209.79,0,432078848,1,67.29,0.00,903981056,0,288808448
133.0807,856244224,3038.7400,1253.16,0,433127424,1,41.24,0.00,904664064,0,288808448
133.1863,856244224,3041.9000,2991.24,0,433127424,1,97.32,0.00,904020992,0,288808448
133.2924,856244224,3045.2500,3158.93,0,433127424,1,94.89,0.00,904016896,0,288808448
133.3974,856637440,3047.4300,2075.26,0,433127424,1,64.85,0.00,903549952,0,288808448
133.5027,857423872,3048.5400,1054.23,0,434176000,1,39.47,0.00,905757696,0,288808448
133.6126,857423872,3052.0100,3158.86,0,434176000,1,92.46,0.00,905495552,0,288808448
133.7182,857423872,3055.2600,3077.66,0,434176000,1,100.32,0.00,905495552,0,288808448
133.8237,857423872,3057.5700,2187.68,0,434176000,1,63.33,0.00,905643008,0,288808448
133.9317,858210304,3059.6300,1909.12,0,435224576,1,59.95,0.00,906317824,0,288861696
134.0374,858210304,3062.8500,3044.32,0,435224576,1,94.25,0.00,906067968,0,289009152
134.1431,858603520,3065.9200,2906.36,0,435224576,1,92.89,0.00,905859072,0,289009152
134.2477,858603520,3067.6900,1691.41,0,435224576,1,49.87,0.00,905854976,0,289009152
134.3556,858996736,3069.0400,1250.59,0,436273152,1,41.11,0.00,907751424,0,289009152
134.4612,858996736,3072.2600,3051.09,0,436273152,1,96.53,0.00,907751424,0,289009152
134.5666,858996736,3075.5000,3072.93,0,436273152,1,97.51,0.00,907255808,0,289009152
134.6712,859389952,3077.5400,1951.27,0,436273152,1,56.79,0.00,907517952,0,289009152
134.7796,860569600,3078.8500,1207.63,0,437321728,1,38.31,0.00,907616256,0,289046016
134.8854,860569600,3082.0300,3006.62,0,437321728,1,93.66,0.00,906866688,0,289046016
134.9908,860569600,3085.1500,2960.73,0,437321728,1,96.38,0.00,906203136,0,289046016
135.0960,860569600,3087.3300,2071.46,0,437321728,1,59.09,0.00,906465280,0,292265472
135.2008,861749248,3088.2600,887.82,0,438370304,1,29.53,0.00,909119488,0,292265472
135.3063,861749248,3091.3800,2958.11,0,438370304,1,96.00,0.00,908632064,0,292265472
135.4114,861749248,3094.5300,2995.20,0,438370304,1,90.03,0.00,907058176,0,292265472
135.5165,861749248,3096.9200,2274.26,0,438370304,1,70.18,0.00,907054080,0,292265472
135.6217,862142464,3097.5700,617.83,0,438439936,1,18.12,0.00,908733440,0,292265472
135.7267,862535680,3100.4400,2733.13,0,439418880,1,89.58,0.00,910056448,0,292265472
135.8322,862535680,3103.6800,3071.68,0,439418880,1,92.73,0.00,909069312,0,292265472
135.9382,862535680,3106.2800,2452.30,0,439418880,1,77.81,0.00,908565504,0,292265472
136.0429,862928896,3107.6000,1260.64,0,439418880,1,36.41,0.00,908565504,0,292265472
136.1478,863715328,3109.3500,1668.12,0,440467456,1,56.30,0.00,909190144,0,292408832
136.2535,863715328,3112.5800,3057.06,0,440467456,1,95.53,0.00,908489728,0,292408832
136.3589,863715328,3115.7000,2961.19,0,440467456,1,95.21,0.00,908235776,0,292408832
136.4634,863715328,3117.5900,1807.97,0,440467456,1,52.61,0.00,908231680,0,292408832
136.5682,863121408,3119.7500,2061.37,0,441516032,1,65.61,0.00,909808640,0,292408832
136.6741,863121408,3122.8700,2944.92,0,441516032,1,96.45,0.00,909808640,0,292408832
136.7791,863121408,3125.7100,2705.33,0,441516032,1,82.16,0.00,909808640,0,292453888
136.8841,863514624,3127.3200,1534.21,0,441516032,1,44.97,0.00,909804544,0,292453888
136.9890,863907840,3128.8000,1410.89,0,442564608,1,44.69,0.00,910446592,0,292453888
137.0941,863907840,3131.9200,2965.88,0,442564608,1,96.25,0.00,910188544,0,292453888
137.1991,863907840,3135.0800,3010.31,0,442564608,1,89.90,0.00,910450688,0,292453888
137.3043,864301056,3137.0100,1835.52,0,442564608,1,56.77,0.00,909983744,0,292453888
137.4096,864301056,3137.7700,721.62,0,443613184,1,22.85,0.00,912101376,0,292462080
137.5145,864301056,3140.8900,2973.51,0,443613184,1,96.50,0.00,912101376,0,292462080
137.6202,864301056,3144.1300,3067.00,0,443613184,1,96.14,0.00,910678016,0,292462080
137.7278,864301056,3146.4700,2174.18,0,443613184,1,63.59,0.00,911202304,0,292462080
137.8325,864694272,3146.9100,420.19,0,444641280,1,12.83,0.00,912873472,0,292462080
137.9373,865087488,3150.0000,2947.37,0,444661760,1,95.38,0.00,912427008,0,292462080
138.0424,865087488,3153.1200,2968.47,0,444661760,1,95.74,0.00,912427008,0,292523520
138.1478,865087488,3155.7000,2448.44,0,444661760,1,72.07,0.00,912427008,0,292523520
138.2525,865087488,3156.6900,945.31,0,444731392,1,28.65,0.00,913737728,0,292523520
138.3572,865480704,3159.4900,2675.92,0,445710336,1,85.71,0.00,911695872,0,292523520
138.4629,865480704,3162.7100,3047.07,0,445710336,1,98.18,0.00,911691776,0,292523520
138.5679,865480704,3165.4700,2626.17,0,445710336,1,77.90,0.00,911470592,0,292523520
138.6725,865873920,3166.6700,1147.43,0,445710336,1,34.96,0.00,911474688,0,292523520
138.7774,866267136,3168.3600,1611.96,0,446758912,1,49.48,0.00,913715200,0,292523520
138.8825,866267136,3171.5500,3035.65,0,446758912,1,99.62,0.00,913453056,0,292523520
138.9876,866267136,3174.5800,2881.94,0,446758912,1,86.20,0.00,913453056,0,292523520
139.0927,866267136,3176.4200,1750.51,0,446758912,1,53.51,0.00,913330176,0,292523520
139.1972,867446784,3178.0700,1578.96,0,447807488,1,47.85,0.00,913660928,0,292544000
139.3022,867446784,3181.1900,2970.53,0,447807488,1,97.29,0.00,912497664,0,292544000
139.4079,867446784,3184.3300,2971.18,0,447807488,1,89.30,0.00,912108544,0,292544000
139.5124,867446784,3186.2800,1866.45,0,447807488,1,59.52,0.00,912346112,0,292544000
139.6196,867446784,3188.3100,1892.66,0,448856064,1,60.60,0.00,914824192,0,292544000
139.7248,867446784,3191.5300,3062.17,0,448856064,1,95.99,0.00,914869248,0,292544000
139.8301,867446784,3194.6100,2923.71,0,448856064,1,92.55,0.00,914869248,0,292544000
139.9349,867446784,3196.4700,1776.27,0,448856064,1,53.72,0.00,914873344,0,292589056
140.0396,868626432,3198.7200,2148.73,0,449904640,1,69.54,0.00,915144704,0,292589056
140.1485,868626432,3202.1800,3176.26,0,449904640,1,97.25,0.00,914743296,0,292724224
140.2532,868626432,3205.2000,2884.06,0,449904640,1,87.74,0.00,914743296,0,295312384
140.3580,869019648,3206.7000,1431.65,0,449974272,1,43.84,0.00,916058112,0,295312384
140.4632,869019648,3209.7800,2928.28,0,450953216,1,95.97,0.00,917368832,0,295312384
140.5722,869019648,3213.2400,3174.19,0,450953216,1,96.61,0.00,916455424,0,295312384
140.6777,869019648,3215.9100,2529.34,0,450953216,1,76.97,0.00,916451328,0,295312384
140.7825,869806080,3217.3900,1412.78,0,452001792,1,49.22,0.00,916747264,0,295369728
140.8949,869806080,3220.6300,2883.40,0,452001792,1,91.50,0.00,916517888,0,295398400
141.0004,869806080,3223.7600,2964.67,0,452001792,1,89.39,0.00,916517888,0,295398400
141.1065,869806080,3225.8700,1989.34,0,452001792,1,64.23,0.00,916780032,0,295398400
141.2116,871378944,3227.3000,1361.29,0,453050368,1,44.33,0.00,918877184,0,295398400
141.3198,871378944,3230.6400,3084.52,0,453050368,1,93.51,0.00,918639616,0,295398400
141.4255,871378944,3233.8700,3056.33,0,453050368,1,94.33,0.00,917951488,0,295398400
141.5305,871378944,3236.1700,2190.20,0,453050368,1,69.93,0.00,917951488,0,295398400
141.6356,872558592,3238.2900,2018.28,0,454098944,1,65.15,0.00,918026240,0,295398400
141.7476,872558592,3241.8600,3185.52,0,454098944,1,97.04,0.00,917764096,0,295398400
141.8532,872558592,3244.9000,2880.73,0,454098944,1,87.95,0.00,917530624,0,295398400
141.9586,872558592,3246.6100,1622.40,0,454098944,1,49.81,0.00,917530624,0,295398400
142.0634,872558592,3249.1600,2433.11,0,455147520,1,83.49,0.00,919889920,0,295398400
142.1719,872558592,3252.5100,3085.81,0,455147520,1,92.11,0.00,919889920,0,295398400
142.2776,872558592,3255.2800,2620.57,0,455147520,1,82.19,0.00,919153664,0,295398400
142.3823,872558592,3256.5500,1213.57,0,455147520,1,37.03,0.00,918350848,0,295398400
142.4871,874131456,3258.4600,1823.15,0,456196096,1,64.43,0.00,920468480,0,295398400
142.5965,874131456,3261.9200,3162.07,0,456196096,1,93.10,0.00,919821312,0,295398400
142.7013,874131456,3264.8000,2747.04,0,456196096,1,84.35,0.00,919821312,0,295398400
142.8063,874131456,3266.5900,1705.52,0,456196096,1,52.40,0.00,920607744,0,295398400
142.9156,874917888,3268.7900,2011.40,0,457244672,1,63.71,0.00,919490560,0,295398400
143.0208,874917888,3271.9100,2968.21,0,457244672,1,90.97,0.00,919490560,0,295398400
143.1258,874917888,3274.7600,2713.04,0,457244672,1,87.16,0.00,919502848,0,295463936
143.2310,874917888,3276.4200,1577.74,0,457244672,1,46.33,0.00,919494656,0,295623680
143.3359,874917888,3278.8000,2269.28,0,458293248,1,74.19,0.00,921923584,0,295623680
143.4471,874917888,3282.0400,2914.53,0,458293248,1,94.45,0.00,921415680,0,295623680
143.5536,874917888,3284.8400,2629.44,0,458293248,1,78.35,0.00,921415680,0,295623680
143.6585,875311104,3286.1300,1228.68,0,458293248,1,38.10,0.00,921268224,0,295623680
143.7633,875704320,3288.5400,2299.64,0,459341824,1,75.14,0.00,921004032,0,295697408
143.8728,875704320,3291.7800,2960.46,0,459341824,1,89.09,0.00,920061952,0,295697408
143.9783,875704320,3294.5000,2578.96,0,459341824,1,81.78,0.00,920059904,0,295697408
144.0828,876097536,3295.8700,1309.98,0,459341824,1,38.85,0.00,920846336,0,295853056
144.1916,876490752,3298.3900,2316.02,0,460390400,1,73.24,0.00,923795456,0,295853056
144.2972,876490752,3301.5100,2955.05,0,460390400,1,92.35,0.00,922692608,0,312806400
144.4023,876490752,3304.1600,2520.95,0,460390400,1,80.86,0.00,921781248,0,312806400
144.5074,876490752,3305.6000,1370.54,0,460390400,1,39.86,0.00,922301440,0,312806400
144.6156,877277184,3307.1800,1459.81,0,461443072,1,48.22,0.00,923399168,0,312806400
144.7208,877277184,3310.3000,2967.19,0,461443072,1,93.02,0.00,923399168,0,312843264
144.8258,877277184,3313.4400,2990.63,0,461443072,1,91.97,0.00,923304960,0,312843264
144.9305,877277184,3315.5600,2024.54,0,461443072,1,63.86,0.00,923304960,0,313056256
145.0352,877207552,3317.6400,1986.84,0,462491648,1,69.85,0.00,923484160,0,313056256
145.1439,877207552,3321.0300,3117.70,0,462491648,1,90.24,0.00,923230208,0,313056256
145.2486,877207552,3323.9800,2819.61,0,462491648,1,87.22,0.00,923226112,0,313056256
145.3540,877207552,3325.7900,1717.13,0,462491648,1,54.85,0.30,922742784,0,339807744
145.4587,877207552,3327.8400,1957.81,0,463540224,1,68.94,0.00,925360128,0,339807744
145.5676,877207552,3331.2000,3083.70,0,463540224,1,93.50,0.00,925290496,0,339807744
145.6758,877207552,3334.0900,2671.87,0,463540224,1,78.58,0.00,924766208,0,339807744
145.7807,877993984,3335.5000,1344.41,0,463540224,1,42.61,0.00,924598272,0,339807744
145.8877,877846528,3337.3600,1738.75,0,464588800,1,53.75,0.00,923745280,0,339807744
145.9927,877846528,3340.4800,2970.35,0,464588800,1,92.53,0.00,923741184,0,339807744
146.0982,877846528,3343.4300,2796.59,0,464588800,1,88.87,0.00,923835392,0,340160000
146.2029,878239744,3345.2200,1708.90,0,464588800,1,50.42,0.00,924359680,0,340160000
146.3076,874926080,3346.9000,1605.30,0,465637376,1,54.35,0.00,921268224,0,340160000
146.4160,874926080,3350.2400,3081.04,0,465637376,1,93.69,0.00,920211456,0,340160000
146.5212,871702528,3353.2200,2832.71,0,465637376,1,87.33,0.00,917065728,0,340160000
146.6261,872488960,3355.1100,1801.69,0,465637376,1,54.81,0.00,917049344,0,340237824
146.7311,830201856,3356.5300,1352.05,0,466685952,1,50.88,0.00,874673152,0,340237824
146.8400,830201856,3359.8800,3076.65,0,466685952,1,88.68,0.00,874677248,0,340237824
146.9451,830201856,3362.9000,2874.09,0,466685952,1,88.63,0.00,874677248,0,340237824
147.0502,830201856,3364.6400,1654.24,0,466685952,1,53.18,0.00,874927104,0,340237824
147.1550,830595072,3365.6700,983.73,0,467734528,1,37.31,0.00,877556736,0,340237824
147.2639,830595072,3369.0300,3084.61,0,467734528,1,89.51,0.00,877048832,0,340237824
147.3692,830595072,3372.1500,2963.35,0,467734528,1,92.60,0.00,876110848,0,340237824
147.4744,830595072,3374.1500,1900.61,0,467734528,1,59.10,0.00,876110848,0,340237824
147.5836,830595072,3375.0300,805.48,0,468783104,1,25.74,0.00,878633984,0,340237824
147.6885,830595072,3378.2600,3081.50,0,468783104,1,96.00,0.00,877880320,0,340237824
147.7940,830595072,3381.4800,3051.73,0,468783104,1,99.51,0.00,877880320,0,340237824
147.8991,819441664,3383.8000,2206.75,0,468783104,1,66.58,0.00,864024576,0,340237824
148.0076,817045504,3385.1000,1197.76,0,469831680,1,34.84,0.00,863238144,0,340237824
148.1132,817045504,3388.3300,3059.88,0,469831680,1,96.51,0.00,862820352,0,340237824
148.2183,817045504,3391.5500,3065.38,0,469831680,1,99.66,0.00,862820352,0,340237824
148.3240,817045504,3393.9600,2278.00,0,469831680,1,67.05,0.00,862328832,0,340237824
148.4316,817831936,3395.8800,1784.34,0,470880256,1,56.63,0.00,862499840,0,340237824
148.5370,817831936,3399.1100,3064.61,0,470880256,1,95.47,0.00,861737984,0,340237824
148.6423,817831936,3402.2900,3020.40,0,470880256,1,96.17,0.00,862262272,0,340237824
148.7468,817831936,3404.3300,1952.18,0,470880256,1,59.51,0.00,862270464,0,340250112
148.8556,817831936,3406.6900,2168.73,0,471928832,1,66.62,0.00,863261696,0,340295168
148.9611,817831936,3409.9200,3064.32,0,471928832,1,94.28,0.00,863028224,0,340295168
149.0667,817831936,3412.7300,2658.74,0,471928832,1,86.04,0.00,862802944,0,340295168
149.1716,817831936,3414.2400,1439.94,0,471928832,1,42.32,0.00,862807040,0,340295168
149.2796,818225152,3416.4900,2082.60,0,472977408,1,65.08,0.00,865182720,0,340295168
149.3847,818225152,3419.7100,3064.34,0,472977408,1,94.27,0.00,864678912,0,340295168
149.4902,818225152,3422.6100,2749.04,0,472977408,1,89.46,0.00,862396416,0,344587776
149.5952,818225152,3424.1800,1495.67,0,472977408,1,42.87,0.00,862236672,0,344587776
149.7037,818225152,3426.4100,2056.02,0,474025984,1,65.98,0.00,863764480,0,344587776
149.8095,818225152,3429.5300,2947.97,0,474025984,1,92.42,0.00,863342592,0,344673792
149.9144,818225152,3432.3500,2688.01,0,474025984,1,85.19,0.00,863604736,0,344673792
150.0190,818225152,3433.9000,1481.75,0,474025984,1,43.62,0.00,863084544,0,344673792
150.1236,818225152,3435.6200,1644.83,0,475074560,1,56.18,0.00,863537152,0,344673792
150.2316,818225152,3438.8600,2999.17,0,475074560,1,90.25,0.00,863283200,0,344673792
150.3368,818225152,3441.8500,2843.38,0,475074560,1,87.67,0.00,863299584,0,344673792
150.4414,818225152,3443.6200,1691.97,0,475074560,1,52.87,0.00,862550016,0,352086528
150.5477,818618368,3445.3700,1646.59,0,476123136,1,53.81,0.00,864708608,0,352111104
150.6531,818618368,3448.4900,2958.02,0,476123136,1,91.25,0.00,864454656,0,352111104
150.7582,818618368,3451.4800,2846.55,0,476123136,1,91.33,0.00,863518720,0,352168448
150.8635,819011584,3453.2800,1709.47,0,476123136,1,50.45,0.00,864034816,0,352168448
150.9716,819011584,3454.1000,757.96,0,477171712,1,30.33,0.00,864800768,0,352168448
151.0841,819011584,3457.3500,2891.15,0,477171712,1,83.95,0.00,864305152,0,352168448
151.1891,819011584,3460.3700,2875.05,0,477171712,1,90.44,0.00,864038912,0,352332288
151.2940,819011584,3462.5700,2097.32,0,477171712,1,65.54,0.00,864301056,0,352332288
151.3994,819011584,3463.3600,749.52,0,478220288,1,22.53,0.00,866709504,0,352332288
151.5044,819011584,3466.3700,2865.52,0,478220288,1,89.55,0.00,865951744,0,352332288
151.6100,819011584,3469.3900,2861.54,0,478220288,1,91.79,0.00,865693696,0,352332288
151.7150,819011584,3471.7300,2228.79,0,478220288,1,69.05,0.00,865677312,0,352393728
151.8202,811053056,3472.9900,1196.94,0,479268864,1,36.51,0.00,856498176,0,352393728
151.9263,811053056,3476.1400,2969.09,0,479268864,1,96.32,0.00,855998464,0,352451072
152.0313,811053056,3479.4900,3190.22,0,479268864,1,96.12,0.00,855994368,0,352451072
152.1369,811053056,3481.8600,2245.51,0,479268864,1,70.17,0.00,855990272,0,352451072
152.2419,811446272,3483.2600,1332.90,0,480317440,1,46.71,0.00,858087424,0,352451072
152.3508,811446272,3486.7200,3177.89,0,480317440,1,99.02,0.00,857837568,0,352451072
152.4559,811446272,3490.1700,3282.41,0,480317440,1,98.12,0.00,857346048,0,352451072
152.5611,811446272,3492.3900,2111.09,0,480317440,1,65.08,0.00,857108480,0,352451072
152.6659,811839488,3494.3300,1850.22,0,481366016,1,62.59,0.00,858234880,0,352451072
152.7709,811839488,3497.5600,3077.50,0,481366016,1,95.58,0.00,856027136,0,352451072
152.8765,811839488,3500.8000,3066.78,0,481366016,1,92.29,0.00,856039424,0,352451072
152.9817,811839488,3502.7000,1805.72,0,481366016,1,56.73,0.00,856035328,0,352451072
153.0870,812232704,3505.0600,2242.57,0,482414592,1,75.13,0.00,858132480,0,352451072
153.1926,812232704,3508.4100,3170.78,0,482414592,1,94.95,0.00,858132480,0,352451072
153.2981,812232704,3511.3100,2750.44,0,482414592,1,87.43,0.00,858132480,0,352451072
153.4033,812232704,3512.8000,1415.95,0,482414592,1,40.68,0.00,857374720,0,352451072
153.5117,812232704,3515.1800,2196.30,0,483467264,1,69.79,0.00,859205632,0,352451072
153.6168,812232704,3518.4100,3072.48,0,483467264,1,95.42,0.00,859205632,0,352451072
153.7222,812232704,3521.2400,2683.30,0,483467264,1,85.33,0.00,858570752,0,352451072
153.8270,812232704,3522.7700,1461.12,0,483467264,1,42.38,0.00,857362432,0,352451072
153.9356,812232704,3525.4300,2447.37,0,484515840,1,79.64,0.00,858173440,0,352451072
154.0416,812232704,3528.6600,3049.68,0,484515840,1,99.14,0.00,857993216,0,352930304
154.1493,812232704,3531.5100,2645.55,0,484515840,1,78.90,0.00,856937472,0,352979456
154.2558,812232704,3532.8900,1295.36,0,484585472,1,39.60,0.00,857728000,0,352979456
154.3637,812232704,3535.6600,2568.94,0,485564416,1,81.73,0.00,858301440,0,352979456
154.4692,812232704,3538.7800,2954.96,0,485564416,1,92.64,0.00,858301440,0,352979456
154.5751,812232704,3541.5600,2626.32,0,485564416,1,81.78,0.00,858301440,0,352979456
154.6806,808783872,3542.9000,1270.41,0,485634048,1,37.92,0.00,855983104,0,353004032
154.7876,808783872,3545.9000,2801.51,0,486612992,1,90.76,0.00,854614016,0,353040896
154.8938,808783872,3549.0100,2930.38,0,486612992,1,95.11,0.00,854354944,0,353040896
155.0034,808783872,3551.9700,2700.17,0,486612992,1,80.10,0.00,854109184,0,353040896
155.1117,809177088,3553.1100,1053.13,0,487661568,1,35.51,0.00,856193024,0,353040896
155.2196,809177088,3556.3500,3000.15,0,487661568,1,94.04,0.00,855705600,0,353040896
155.3249,809177088,3559.4700,2964.95,0,487661568,1,92.06,0.00,855488512,0,353040896
155.4302,809177088,3562.0800,2477.25,0,487661568,1,80.08,0.00,855259136,0,353040896
155.5354,809570304,3563.1400,1007.98,0,488710144,1,33.88,0.00,857039872,0,353040896
155.6443,809570304,3566.4800,3066.14,0,488710144,1,91.51,0.00,857043968,0,356971520
155.7502,809570304,3569.7100,3051.46,0,488710144,1,99.20,0.00,856691712,0,357061632
155.8550,809570304,3572.2400,2412.68,0,488710144,1,73.91,0.00,856691712,0,357061632
155.9636,809963520,3573.3900,1058.86,0,489758720,1,31.65,0.00,857523200,0,357061632
156.0692,809963520,3576.5100,2955.16,0,489758720,1,92.35,0.00,857269248,0,357061632
156.1742,809963520,3579.6300,2970.89,0,489758720,1,95.82,0.00,855994368,0,357069824
156.2801,809963520,3582.2600,2485.05,0,489758720,1,73.52,0.00,855990272,0,357069824
156.3877,810356736,3583.3900,1050.39,0,490807296,1,31.08,0.00,858120192,0,357069824
156.4932,810356736,3586.4400,2890.85,0,490807296,1,91.82,0.00,856760320,0,357069824
156.5984,810356736,3589.4700,2879.73,0,490807296,1,92.66,0.00,856756224,0,357069824
156.7035,811143168,3592.1100,2511.42,0,490807296,1,74.32,0.00,856502272,0,357069824
156.8083,811143168,3592.9900,840.08,0,491835392,1,33.11,0.00,857263104,0,357069824
156.9204,811143168,3596.3400,2986.17,0,491855872,1,87.47,0.00,856607744,0,357069824
157.0263,811143168,3599.4600,2947.80,0,491855872,1,95.96,0.00,856053760,0,357139456
157.1313,811143168,3602.0700,2484.58,0,491855872,1,73.18,0.00,856516608,0,357139456
157.2396,813109248,3603.4400,1264.73,0,492904448,1,39.52,0.00,859133952,0,357139456
157.3447,813109248,3606.6000,3007.04,0,492904448,1,93.97,0.00,858880000,0,357139456
157.4493,813109248,3609.7200,2983.14,0,492904448,1,103.38,0.00,858052608,0,357139456
157.5639,813109248,3612.4200,2356.14,0,492904448,1,63.27,0.00,857001984,0,357139456
157.6716,809881600,3613.5700,1067.46,0,493953024,1,34.52,0.00,854417408,0,357139456
157.7774,809881600,3616.7000,2960.87,0,493953024,1,91.94,0.00,853453824,0,357139456
157.8821,809881600,3619.8200,2977.42,0,493953024,1,97.52,0.00,853453824,0,357139456
157.9877,807550976,3622.0800,2141.95,0,493953024,1,62.20,0.00,851377152,0,357139456
158.0957,807550976,3622.7000,574.11,0,494981120,1,17.07,0.00,852234240,0,357139456
158.2007,807550976,3625.9200,3064.15,0,495001600,1,95.46,0.00,852238336,0,357139456
158.3063,807550976,3629.1500,3059.14,0,495001600,1,98.56,0.00,851984384,0,357139456
158.4120,807550976,3631.7100,2421.74,0,495001600,1,72.72,0.00,851730432,0,357139456
158.5196,808337408,3633.0100,1208.00,0,496050176,1,39.49,0.00,853013504,0,357139456
158.6246,808337408,3636.2300,3068.52,0,496050176,1,95.59,0.00,853013504,0,357139456
158.7299,808337408,3639.4600,3065.67,0,496050176,1,99.06,0.00,852804608,0,357139456
158.8353,808337408,3641.8600,2278.50,0,496050176,1,67.64,0.00,852591616,0,357139456
158.9436,808337408,3642.9700,1024.29,0,497098752,1,31.43,0.00,853018624,0,357164032
159.0489,808337408,3646.1900,3058.75,0,497098752,1,95.88,0.00,852797440,0,357164032
159.1549,808337408,3649.4200,3047.71,0,497098752,1,98.48,0.00,852797440,0,357184512
159.2600,808337408,3651.8200,2282.87,0,497098752,1,68.07,0.00,852797440,0,357184512
159.3676,808337408,3652.8500,957.08,0,498147328,1,31.07,0.00,852977664,0,357241856
159.4728,808337408,3656.1700,3158.10,0,498147328,1,96.31,0.00,852977664,0,357241856
159.5777,808337408,3659.5000,3172.70,0,498147328,1,101.83,0.00,852969472,0,357241856
159.6833,808337408,3661.9900,2357.96,0,498147328,1,71.32,0.00,852965376,0,357241856
159.7916,808337408,3663.9800,1837.24,0,499195904,1,58.57,0.00,855078912,0,357266432
159.8972,808337408,3667.2000,3050.66,0,499195904,1,95.33,0.00,854657024,0,357266432
160.0024,808337408,3670.4100,3052.06,0,499195904,1,97.46,0.00,853695488,0,357266432
160.1071,808337408,3672.4300,1928.98,0,499195904,1,56.40,0.00,853695488,0,357266432
160.2156,809123840,3674.7600,2146.40,0,500244480,1,69.09,0.00,855649280,0,357266432
160.3208,809123840,3677.8800,2968.47,0,500244480,1,93.66,0.00,855407616,0,357266432
160.4260,809517056,3680.7200,2697.44,0,500244480,1,85.78,0.00,855186432,0,357495808
160.5311,809517056,3682.4900,1685.44,0,500244480,1,49.40,0.00,854123520,0,357516288
160.6396,809517056,3685.1300,2431.10,0,501293056,1,80.00,0.00,855080960,0,357516288
160.7451,809517056,3688.3200,3024.79,0,501293056,1,95.41,0.00,854376448,0,360964096
160.8506,809517056,3691.2000,2730.93,0,501293056,1,86.82,0.00,854374400,0,360964096
160.9556,810303488,3692.5300,1266.69,0,501293056,1,35.71,0.00,856188928,0,360964096
161.0606,810696704,3695.3100,2646.78,0,502341632,1,84.50,0.00,857516032,0,360964096
161.1658,810696704,3698.4300,2965.98,0,502341632,1,96.85,0.00,857266176,0,360964096
161.2712,811089920,3701.1600,2590.15,0,502341632,1,76.79,0.00,856205312,0,360964096
161.3763,811089920,3702.3400,1122.36,0,502341632,1,34.18,0.00,856213504,0,360964096
161.4808,811876352,3704.5800,2143.55,0,503390208,1,68.48,0.00,857273344,0,361025536
161.5867,811876352,3707.8000,3041.50,0,503390208,1,98.29,0.00,857273344,0,361025536
161.6927,811876352,3710.7900,2821.61,0,503390208,1,84.05,0.00,857535488,0,361025536
161.7974,811876352,3712.3500,1489.36,0,503390208,1,45.35,0.00,857089024,0,361025536
161.9022,812662784,3714.5400,2089.51,0,504438784,1,69.77,0.00,857954304,0,361025536
162.0083,812662784,3717.7800,3055.35,0,504438784,1,92.53,0.00,857954304,0,361025536
162.1138,813056000,3720.6000,2672.74,0,504438784,1,82.34,0.00,857954304,0,361025536
162.2184,813056000,3722.0400,1376.45,0,504438784,1,42.72,0.00,857976832,0,361025536
162.3233,814235648,3723.0900,1001.10,0,505487360,1,36.35,0.00,859266048,0,361025536
162.4324,814235648,3726.4300,3059.89,0,505487360,1,92.76,0.00,858553344,0,361025536
162.5380,814235648,3729.6600,3058.86,0,505487360,1,98.84,0.00,858549248,0,361025536
162.6430,814235648,3731.8200,2057.72,0,505487360,1,61.33,0.00,858811392,0,361025536
162.7516,814628864,3734.0300,2033.90,0,506535936,1,62.98,0.00,859807744,0,361025536
162.8577,814628864,3737.2600,3046.35,0,506535936,1,94.90,0.00,860069888,0,361025536
162.9630,814628864,3740.3000,2886.80,0,506535936,1,92.29,0.00,860585984,0,361025536
163.0680,815022080,3742.0100,1628.58,0,506535936,1,48.21,0.00,860917760,0,361025536
163.1757,815415296,3744.8400,2628.47,0,507584512,1,81.56,0.00,862240768,0,361025536
163.2813,815415296,3748.1700,3153.03,0,507584512,1,98.53,0.00,862240768,0,361025536
163.3870,815415296,3750.9900,2666.59,0,507584512,1,84.81,0.00,860594176,0,361025536
163.4957,816594944,3752.7400,1610.91,0,508633088,1,46.60,0.00,863440896,0,361025536
163.6011,816594944,3755.9700,3063.13,0,508633088,1,97.20,0.00,863440896,0,361025536
163.7066,816594944,3759.1900,3051.76,0,508633088,1,98.92,0.00,863440896,0,361025536
163.8127,816988160,3761.6600,2328.15,0,508633088,1,67.75,0.00,861989888,0,361025536
163.9196,816988160,3763.3100,1542.84,0,509681664,1,48.80,0.00,865127424,0,361025536
164.0252,816988160,3766.4700,2994.77,0,509681664,1,98.62,0.00,865127424,0,361172992
164.1322,816988160,3769.8300,3138.39,0,509681664,1,92.82,0.00,865127424,0,361172992
164.2382,816988160,3772.1600,2199.09,0,509681664,1,68.43,0.00,865389568,0,361172992
164.3431,818167808,3774.1500,1896.41,0,510730240,1,69.39,0.00,864581632,0,361172992
164.4524,818167808,3777.6000,3158.04,0,510730240,1,91.82,0.00,864147456,0,361172992
164.5579,818167808,3780.5400,2785.63,0,510730240,1,88.53,0.00,864409600,0,361172992
164.6633,818954240,3782.1300,1508.75,0,510799872,1,43.89,0.00,865196032,0,361172992
164.7716,819347456,3785.2000,2833.19,0,511778816,1,89.69,0.00,865077248,0,372387840
164.8779,819347456,3788.4200,3029.46,0,511778816,1,98.20,0.00,864835584,0,395034624
164.9835,819347456,3791.1000,2538.02,0,511778816,1,75.17,0.00,865359872,0,395034624
165.0894,819740672,3792.1700,1010.89,0,511848448,1,30.11,0.00,866408448,0,395034624
165.1945,820133888,3795.0000,2692.04,0,512831488,1,92.15,0.00,867457024,0,395034624
165.3042,820133888,3798.4600,3152.93,0,512831488,1,91.98,0.00,867219456,0,395034624
165.4099,820133888,3801.0600,2461.33,0,512831488,1,77.21,0.00,866793472,0,395034624
165.5149,820920320,3802.1200,1009.61,0,512901120,1,29.17,0.00,867970048,0,395034624
165.6236,821313536,3805.3100,2932.51,0,513880064,1,91.64,0.00,868756480,0,395034624
165.7295,821313536,3808.4200,2938.62,0,513880064,1,93.01,0.00,868752384,0,395079680
165.8351,821313536,3810.9900,2432.70,0,513880064,1,76.61,0.00,868125696,0,436336128
165.9401,814125056,3812.1300,1085.84,0,514928640,1,37.80,0.00,860270592,0,436413952
166.0488,814125056,3815.3700,2981.99,0,514928640,1,88.87,0.00,860270592,0,436471296
166.1540,814125056,3818.5900,3058.98,0,514928640,1,99.75,0.00,860266496,0,436471296
166.2596,814518272,3821.1800,2452.48,0,514928640,1,72.50,0.00,860024832,0,436471296
166.3645,814518272,3821.8500,639.04,0,514928640,1,17.88,0.00,859766784,0,436471296
166.4716,814518272,3824.4500,2426.10,0,515977216,1,77.86,0.00,862195712,0,436471296
166.5772,814518272,3827.6700,3049.53,0,515977216,1,95.00,0.00,862195712,0,436471296
166.6825,814518272,3830.5200,2708.07,0,515977216,1,87.00,0.00,861416448,0,436471296
166.7875,815697920,3832.1100,1514.58,0,516046848,1,42.87,0.00,861690880,0,436471296
166.8956,816091136,3835.1600,2819.09,0,517025792,1,90.12,0.00,863001600,0,436471296
167.0014,816091136,3838.3800,3044.87,0,517025792,1,95.15,0.00,863001600,0,436471296
167.1064,816091136,3841.0700,2561.13,0,517025792,1,82.12,0.00,863022080,0,436471296
167.2157,816877568,3842.8000,1583.98,0,518074368,1,48.35,0.00,863384576,0,436471296
167.3214,816877568,3846.0300,3054.12,0,518074368,1,95.44,0.00,863130624,0,436471296
167.4263,816877568,3849.2500,3070.71,0,518074368,1,99.54,0.00,862798848,0,436471296
167.5320,816877568,3851.8500,2458.09,0,518074368,1,72.68,0.00,863060992,0,436471296
167.6396,818450432,3853.6500,1672.80,0,519122944,1,54.89,0.00,865944576,0,436471296
167.7448,818450432,3856.8800,3070.53,0,519122944,1,96.25,0.00,865940480,0,436471296
167.8502,818450432,3860.1000,3057.00,0,519122944,1,99.09,0.00,865985536,0,436471296
167.9550,818450432,3862.3000,2099.46,0,519122944,1,63.22,0.00,865993728,0,436471296
168.0599,819630080,3862.7300,409.84,0,520151040,1,10.72,0.00,866365440,0,436471296
168.1713,819630080,3865.9600,2899.90,0,520171520,1,91.46,0.00,866365440,0,436471296
168.2768,819630080,3869.1800,3051.58,0,520171520,1,94.18,0.00,866238464,0,436471296
168.3818,819630080,3871.9100,2599.48,0,520171520,1,82.42,0.00,866332672,0,436471296
168.4867,820809728,3873.4700,1487.66,0,521220096,1,53.64,0.00,869048320,0,436471296
168.5965,820809728,3876.9400,3158.67,0,521220096,1,91.03,0.00,868851712,0,436471296
168.7020,820809728,3880.1400,3032.76,0,521220096,1,98.03,0.00,867330048,0,436655616
168.8074,820809728,3882.4500,2192.77,0,521220096,1,64.96,0.00,867657728,0,436655616
168.9121,822775808,3883.6200,1117.22,0,522268672,1,35.21,0.00,869844992,0,436655616
169.0175,822775808,3886.7400,2961.74,0,522268672,1,92.26,0.00,869844992,0,436655616
169.1231,822775808,3889.8600,2954.07,0,522268672,1,95.87,0.00,869640192,0,436655616
169.2285,822775808,3892.3400,2351.72,0,522268672,1,69.64,0.00,869048320,0,436655616
169.3336,823562240,3893.7800,1370.07,0,523317248,1,48.46,0.00,871219200,0,436655616
169.4399,823562240,3897.1300,3153.18,0,523317248,1,94.12,0.00,870617088,0,436655616
169.5453,823562240,3900.3600,3064.55,0,523317248,1,97.25,0.00,870617088,0,436655616
169.6510,823955456,3902.5700,2090.91,0,523317248,1,65.93,0.00,869322752,0,436655616
169.7560,823799808,3904.4600,1798.88,0,524365824,1,55.03,0.00,871923712,0,436704768
169.8619,823799808,3907.4800,2851.57,0,524365824,1,93.24,0.00,870464512,0,436704768
169.9677,824193024,3910.5900,2941.83,0,524365824,1,87.50,0.00,870734848,0,436778496
170.0727,824586240,3912.5500,1865.10,0,524365824,1,56.80,0.00,870976512,0,436778496
170.1775,825372672,3914.4700,1833.42,0,525414400,1,58.19,0.00,873073664,0,436942336
170.2830,825372672,3917.6900,3049.88,0,525414400,1,98.86,0.00,873073664,0,436942336
170.3888,825372672,3920.8100,2950.41,0,525414400,1,89.25,0.00,872840192,0,436942336
170.4936,825372672,3922.6400,1745.20,0,525414400,1,53.64,0.00,871955456,0,436942336
170.5985,826552320,3924.7500,2011.65,0,526462976,1,70.01,0.00,874294272,0,436942336
170.7082,826552320,3928.3300,3264.95,0,526462976,1,95.47,0.00,874294272,0,436942336
170.8141,826552320,3931.3300,2833.09,0,526462976,1,89.71,0.00,874556416,0,436942336
170.9188,827338752,3932.9700,1566.07,0,526532608,1,45.36,0.00,874092544,0,448157184
171.0235,827731968,3936.0400,2932.98,0,527511552,1,95.54,0.00,875403264,0,448157184
171.1318,827731968,3939.3900,3092.81,0,527511552,1,93.77,0.00,875145216,0,448157184
171.2374,827731968,3941.9400,2413.50,0,527511552,1,74.83,0.00,875149312,0,448157184
171.3437,829304832,3943.2300,1214.58,0,528560128,1,38.54,0.00,875868160,0,448157184
171.4493,829304832,3946.3500,2952.33,0,528560128,1,92.56,0.00,875491328,0,448157184
171.5598,829304832,3949.6400,2978.56,0,528560128,1,93.08,0.00,875491328,0,448157184
171.6648,829304832,3952.0400,2285.75,0,528560128,1,70.24,0.00,875491328,0,448157184
171.7705,830484480,3952.8100,728.38,0,528629760,1,23.06,0.00,876443648,0,448157184
171.8796,830484480,3956.0300,2950.14,0,529608704,1,91.91,0.00,877688832,0,448157184
171.9850,830484480,3959.2600,3064.57,0,529608704,1,94.88,0.00,876590080,0,448157184
172.0900,830484480,3962.0000,2611.55,0,529608704,1,83.70,0.00,876590080,0,448157184
172.1956,832057344,3963.6400,1552.61,0,530657280,1,50.59,0.00,879211520,0,448157184
172.3042,832057344,3967.0900,3177.17,0,530657280,1,97.56,0.00,878986240,0,448157184
172.4091,832057344,3970.3500,3106.26,0,530657280,1,96.18,0.00,878666752,0,448157184
172.5148,832450560,3972.7200,2243.74,0,530657280,1,71.89,0.00,877367296,0,448157184
172.6236,834023424,3974.1900,1349.98,0,531705856,1,38.17,0.00,879464448,0,448157184
172.7293,834023424,3977.3100,2954.29,0,531705856,1,93.21,0.00,879460352,0,448157184
172.8348,834023424,3980.4300,2956.44,0,531705856,1,95.35,0.00,879722496,0,448157184
172.9406,834023424,3982.7600,2201.33,0,531705856,1,65.25,0.00,879419392,0,448157184
173.0476,835596288,3983.5200,710.17,0,532754432,1,22.78,0.00,880565248,0,448157184
173.1533,835596288,3986.7400,3049.04,0,532754432,1,95.87,0.00,880565248,0,448157184
173.2588,835596288,3989.9700,3060.52,0,532754432,1,98.31,0.00,880565248,0,448157184
173.3642,835596288,3992.4500,2351.92,0,532754432,1,69.35,0.00,880315392,0,448157184
173.4716,837955584,3993.4600,940.34,0,533803008,1,29.68,0.00,883775488,0,448157184
173.5773,837955584,3996.6800,3047.93,0,533803008,1,95.54,0.00,883775488,0,448157184
173.6828,837955584,3999.9000,3053.35,0,533803008,1,99.86,0.00,883775488,0,448157184
173.7885,838348800,4002.3900,2355.35,0,533803008,1,68.88,0.00,883406848,0,448157184
173.8956,839135232,4003.9400,1446.15,0,534851584,1,46.07,0.00,885487616,0,448157184
174.0008,839135232,4007.1700,3070.69,0,534851584,1,95.07,0.00,884509696,0,448157184
174.1065,839135232,4010.3600,3017.97,0,534851584,1,98.16,0.00,884509696,0,448304640
174.2120,839135232,4012.6700,2189.63,0,534851584,1,63.09,0.00,885292032,0,448304640
174.3166,839921664,4013.1600,468.72,0,534921216,1,15.25,0.00,885861376,0,448304640
174.4236,839921664,4016.1800,2820.45,0,535900160,1,89.89,0.00,886254592,0,448304640
174.5288,839921664,4019.3000,2968.52,0,535900160,1,92.77,0.00,886254592,0,448329216
174.6342,840314880,4021.8600,2427.79,0,535900160,1,76.76,0.00,886246400,0,448329216
174.7391,840314880,4023.0400,1125.13,0,535900160,1,33.07,0.00,885549056,0,448366080
174.8476,841494528,4025.1500,1943.37,0,536948736,1,62.46,0.00,887965696,0,448366080
174.9532,841494528,4028.0700,2766.94,0,536948736,1,86.47,0.00,888236032,0,448431616
175.0612,842280960,4029.8800,1675.09,0,537997312,1,55.53,0.00,888759296,0,448464384
175.1665,842280960,4033.0000,2963.93,0,537997312,1,93.22,0.00,888521728,0,448464384
175.2716,843460608,4034.5500,1474.11,0,539025408,1,45.47,0.00,889397248,0,448464384
175.3808,844247040,4037.7700,2950.15,0,539045888,1,88.76,0.00,888434688,0,448464384
175.4865,844640256,4040.0200,2129.16,0,539045888,1,67.42,0.00,888954880,0,448464384
175.5916,846213120,4042.0700,1949.82,0,540094464,1,63.90,0.00,892145664,0,448464384
175.7009,846213120,4045.0400,2718.37,0,540094464,1,82.95,0.00,892145664,0,448464384
175.8076,843993088,4046.9900,1826.13,0,541143040,1,55.90,0.00,889757696,0,448464384
175.9132,844779520,4050.2000,3039.81,0,541143040,1,93.81,0.00,889556992,0,448464384
176.0177,845172736,4051.6800,1416.25,0,541212672,1,44.26,0.00,890319872,0,448464384
176.1229,845172736,4054.5800,2758.79,0,542191616,1,96.62,0.00,891048960,0,451332608
176.2326,845565952,4057.3900,2559.80,0,542191616,1,72.59,0.00,891573248,0,451480064
176.3396,846745600,4059.6100,2074.63,0,543240192,1,67.17,0.00,891895808,0,451480064
176.4456,847532032,4062.5100,2736.82,0,543240192,1,84.64,0.00,891412480,0,451480064
176.5556,847925248,4063.7100,1090.55,0,544292864,1,35.22,0.00,894029824,0,451566080
176.6607,847925248,4066.9400,3073.42,0,544292864,1,96.04,0.00,894029824,0,451566080
176.7665,847925248,4069.3300,2259.11,0,544292864,1,70.30,0.00,893539328,0,451566080
176.8715,848318464,4071.7000,2257.45,0,545341440,1,75.31,0.00,894112768,0,451566080
176.9804,848711680,4074.6700,2726.63,0,545341440,1,80.33,0.00,894657536,0,451566080
177.0876,849653760,4076.7700,1958.90,0,546390016,1,62.96,0.00,894795776,0,451566080
177.1933,849653760,4079.8900,2954.28,0,546390016,1,90.25,0.00,895057920,0,451566080
177.3076,851226624,4081.8500,1713.45,0,547438592,1,54.91,0.00,897810432,0,451639808
177.4132,851226624,4085.0700,3052.02,0,547438592,1,94.78,0.00,897576960,0,451639808
177.5187,850993152,4087.0000,1828.98,0,547508224,1,57.16,0.00,897398784,0,451639808
177.6236,852959232,4089.6600,2534.02,0,548487168,1,82.17,0.00,898967552,0,451639808
177.7320,834117632,4092.2900,2426.60,0,548487168,1,72.95,0.00,877385728,0,451639808
177.8396,834203648,4094.4100,1969.89,0,549535744,1,62.72,0.00,877864960,0,451639808
177.9454,798199808,4097.3800,2807.87,0,549535744,1,85.68,0.00,840556544,0,451639808
178.0516,787099648,4099.3200,1826.33,0,550584320,1,56.48,0.00,831135744,0,451639808
178.1573,787099648,4102.4400,2952.85,0,550584320,1,92.57,0.00,831135744,0,451639808
178.2623,787099648,4104.0200,1504.80,0,551317504,1,45.24,0.00,831436800,0,451639808
178.3671,787099648,4106.9300,2776.71,0,551632896,1,94.52,0.00,831236096,0,451668480
178.4764,787099648,4109.4500,2304.83,0,551632896,1,65.17,0.00,830425088,0,451729920
178.5836,787099648,4110.7600,1221.95,0,552681472,1,37.89,0.00,832145408,0,451729920
178.6894,787099648,4113.8100,2883.93,0,552681472,1,90.71,0.00,832034816,0,451729920
178.7942,787099648,4115.1100,1240.34,0,552751104,1,37.27,0.00,831096832,0,451729920
178.8992,787492864,4117.6500,2419.35,0,553730048,1,85.43,0.00,831596544,0,451729920
179.0081,787492864,4120.5000,2616.87,0,553730048,1,74.60,0.00,830492672,0,451729920
179.1156,787492864,4122.6800,2027.20,0,554778624,1,63.64,0.00,832626688,0,451729920
179.2213,787492864,4125.5300,2696.57,0,554778624,1,83.09,0.00,832626688,0,451729920
179.3276,787492864,4127.0400,1420.38,0,555827200,1,45.27,0.00,832315392,0,451729920
179.4333,787492864,4130.2600,3048.78,0,555827200,1,94.68,0.00,831832064,0,451729920
179.5429,787492864,4132.2100,1778.86,0,555827200,1,53.88,0.00,831832064,0,451729920
179.6516,787886080,4134.6800,2270.98,0,556875776,1,72.40,0.00,833368064,0,451742208
179.7573,787886080,4137.4900,2658.81,0,556875776,1,82.50,0.00,833368064,0,451742208
179.8636,787886080,4139.3400,1740.13,0,557924352,1,55.55,0.00,831806464,0,451742208
179.9692,787886080,4142.3600,2861.82,0,557924352,1,87.36,0.00,831572992,0,451742208
180.0745,788279296,4143.6900,1262.76,0,557993984,1,38.87,0.00,833145856,0,451762688
180.1836,788279296,4146.5600,2629.51,0,558972928,1,86.18,0.00,834468864,0,451762688
180.2926,788279296,4148.9800,2222.06,0,558972928,1,64.85,0.00,834464768,0,451762688
180.3996,788279296,4150.5400,1456.66,0,560021504,1,46.40,0.00,833187840,0,451762688
180.5059,788279296,4153.6300,2909.20,0,560021504,1,92.68,0.00,832835584,0,451762688
180.6108,788672512,4154.8800,1190.98,0,560754688,1,33.94,0.00,834282496,0,451762688
180.7176,788672512,4158.0500,2968.66,0,561070080,1,94.82,0.00,834040832,0,451820032
180.8286,788672512,4160.4300,2145.10,0,561070080,1,64.78,0.00,834302976,0,451820032
180.9356,788672512,4162.2500,1699.41,0,562118656,1,56.61,0.00,833843200,0,451820032
181.0414,788672512,4165.1400,2731.59,0,562118656,1,85.66,0.00,833843200,0,451820032
181.1476,789065728,4166.9900,1742.01,0,563167232,1,54.73,0.00,835686400,0,453144576
181.2535,789065728,4170.1100,2948.59,0,563167232,1,92.14,0.00,835383296,0,455242752
181.3594,789065728,4171.9000,1689.78,0,563167232,1,50.74,0.00,833069056,0,455451648
181.4677,789065728,4174.0800,2013.68,0,564215808,1,65.81,0.00,833253376,0,455451648
181.5735,789065728,4177.0500,2806.98,0,564215808,1,85.65,0.00,833257472,0,455451648
181.6794,790245376,4179.1200,1954.60,0,565264384,1,64.62,0.00,834650112,0,455533568
181.7880,790245376,4182.2300,2862.54,0,565264384,1,85.14,0.00,833277952,0,455533568
181.8957,790638592,4183.7000,1365.47,0,566312960,1,43.25,0.00,836243456,0,455533568
182.0015,790638592,4186.8200,2946.70,0,566312960,1,90.90,0.00,835440640,0,455533568
182.1073,790638592,4189.4600,2496.88,0,566312960,1,77.73,0.00,835702784,0,455533568
182.2156,791031808,4191.5700,1946.99,0,567361536,1,61.42,0.00,834803712,0,455533568
182.3214,791031808,4194.3600,2637.10,0,567361536,1,80.93,0.00,834807808,0,455533568
182.4268,791818240,4195.5400,1120.16,0,568410112,1,43.01,0.00,838518784,0,455533568
182.5366,791818240,4199.0100,3158.65,0,568410112,1,91.60,0.00,838014976,0,455533568
182.6423,794570752,4201.1800,2054.36,0,568479744,1,63.90,0.00,840222720,0,455533568
182.7472,794570752,4203.6600,2364.03,0,569458688,1,83.11,0.00,840316928,0,455533568
182.8565,794570752,4206.3800,2487.81,0,569458688,1,69.17,0.00,840804352,0,455533568
182.9636,794570752,4207.9400,1456.09,0,570507264,1,45.21,0.00,840807424,0,455533568
183.0697,794570752,4211.0000,2886.76,0,570507264,1,90.80,0.00,840311808,0,455533568
183.1745,795357184,4212.6100,1535.77,0,571555840,1,54.85,0.00,841880576,0,455533568
183.2847,795357184,4216.0800,3148.81,0,571555840,1,91.88,0.00,841630720,0,455533568
183.3906,795357184,4218.2600,2058.95,0,571555840,1,62.57,0.00,840913920,0,455533568
183.4955,795357184,4220.4800,2115.76,0,572604416,1,71.48,0.00,840462336,0,455533568
183.6048,795357184,4223.3800,2651.92,0,572604416,1,78.01,0.00,840245248,0,455533568
183.7116,795357184,4225.4100,1900.69,0,573652992,1,59.98,0.00,842248192,0,455533568
183.8172,795357184,4228.5100,2938.21,0,573652992,1,90.93,0.00,841415680,0,455533568
183.9236,796536832,4230.1200,1511.81,0,574701568,1,46.36,0.00,843680768,0,455562240
184.0291,796536832,4233.3400,3052.52,0,574701568,1,95.39,0.00,843676672,0,455787520
184.1348,796536832,4235.7500,2280.59,0,574771200,1,69.20,0.00,842503168,0,455787520
184.2395,796536832,4238.4700,2597.05,0,575750144,1,86.83,0.00,843551744,0,455787520
184.3486,796536832,4241.2300,2530.07,0,575750144,1,74.77,0.00,843297792,0,455787520
184.4556,796536832,4242.9900,1644.63,0,576798720,1,50.52,0.00,842808320,0,455787520
184.5612,796536832,4246.1500,2994.59,0,576798720,1,93.28,0.00,842329088,0,455787520
184.6658,796930048,4247.6900,1472.17,0,576868352,1,45.11,0.00,842972160,0,455787520
184.7707,796930048,4250.6300,2801.96,0,577847296,1,95.30,0.00,843283456,0,456078336
184.8803,796930048,4253.4400,2564.93,0,577847296,1,72.45,0.00,841989120,0,456078336
184.9876,797323264,4255.9900,2374.60,0,578895872,1,74.50,0.00,845556736,0,456078336
185.0929,797323264,4258.7800,2651.14,0,578895872,1,83.15,0.00,844363776,0,456102912
185.1996,798502912,4259.8800,1030.31,0,579944448,1,33.08,0.00,846972928,0,456123392
185.3053,798502912,4262.9700,2924.65,0,579944448,1,102.04,0.00,846477312,0,456123392
185.4196,798502912,4265.2100,1959.36,0,579944448,1,50.84,0.00,845416448,0,456123392
185.5276,798502912,4267.4800,2101.43,0,580993024,1,65.96,0.00,846017536,0,456123392
185.6329,798502912,4270.2300,2612.86,0,580993024,1,81.95,0.00,845517824,0,456123392
185.7396,796192768,4272.0600,1714.24,0,582041600,1,56.50,0.00,843723776,0,456123392
185.8445,796192768,4275.1700,2966.65,0,582041600,1,92.11,0.00,843736064,0,456123392
185.9493,796192768,4276.5900,1354.70,0,582111232,1,42.93,0.00,843392000,0,456123392
186.0556,797372416,4279.5900,2820.94,0,583090176,1,88.15,0.00,844846080,0,456123392
186.1611,797372416,4281.9900,2275.82,0,583090176,1,69.05,0.00,843576320,0,456123392
186.2676,798158848,4283.8600,1755.14,0,584138752,1,56.90,0.00,845464576,0,456476672
186.3731,798158848,4286.8500,2834.80,0,584138752,1,88.29,0.00,845698048,0,460320768
186.4797,798945280,4288.2500,1314.21,0,585187328,1,42.54,0.00,845778944,0,460320768
186.5848,798945280,4291.4700,3061.34,0,585187328,1,95.07,0.00,844943360,0,460320768
186.6958,799731712,4293.6200,1938.15,0,585187328,1,59.16,0.00,845238272,0,460320768
186.8037,800518144,4295.8600,2075.92,0,586235904,1,66.03,0.00,846236672,0,460320768
186.9113,800518144,4298.7700,2703.16,0,586235904,1,83.60,0.00,845638656,0,460320768
187.0197,801697792,4300.6400,1726.16,0,587284480,1,54.52,0.00,848591872,0,460320768
187.1252,801697792,4303.7800,2975.26,0,587284480,1,92.98,0.00,847842304,0,460320768
187.2300,801697792,4305.1500,1307.59,0,587354112,1,39.97,0.00,848787456,0,460320768
187.3348,802484224,4308.1800,2890.42,0,588333056,1,95.39,0.00,849889280,0,460320768
187.4426,802877440,4310.8600,2486.08,0,588333056,1,74.79,0.00,850331648,0,460320768
187.5473,803270656,4313.1500,2186.62,0,589381632,1,67.44,0.00,849815552,0,460320768
187.6540,803270656,4316.1200,2784.92,0,589381632,1,86.44,0.00,850085888,0,460320768
187.7587,804450304,4318.0300,1824.34,0,590430208,1,64.77,0.00,852994048,0,460320768
187.8683,804450304,4321.4000,3073.32,0,590430208,1,88.35,0.00,851814400,0,460320768
187.9757,806023168,4322.9000,1397.46,0,591478784,1,44.25,0.00,854968320,0,460320768
188.0806,806023168,4326.1300,3078.64,0,591478784,1,95.02,0.00,854980608,0,460320768
188.1857,806023168,4328.4800,2234.29,0,591478784,1,69.82,0.00,853865472,0,460320768
188.2906,806416384,4330.8000,2212.49,0,592527360,1,72.42,0.00,855905280,0,460390400
188.3965,806416384,4333.7100,2748.50,0,592527360,1,81.76,0.00,855667712,0,460390400
188.5036,808775680,4335.7200,1875.59,0,593575936,1,59.20,0.00,856529920,0,460525568
188.6092,808775680,4338.9700,3080.12,0,593575936,1,94.48,0.00,856529920,0,460525568
188.7156,809168896,4340.6200,1549.52,0,594624512,1,47.84,0.00,858651648,0,460525568
188.8213,809168896,4343.8400,3046.66,0,594624512,1,96.39,0.00,857522176,0,460525568
188.9267,809955328,4346.0600,2106.43,0,594624512,1,64.94,0.00,857333760,0,460582912
189.0316,810741760,4348.3300,2163.59,0,595673088,1,75.06,0.00,859439104,0,460582912
189.1436,810741760,4351.2900,2644.77,0,595673088,1,76.23,0.00,858610688,0,460582912
189.2516,811921408,4353.5100,2054.02,0,596721664,1,65.34,0.00,860974080,0,460582912
189.3574,811921408,4356.4400,2771.45,0,596721664,1,85.43,0.00,861031424,0,460582912
189.4636,813887488,4357.8300,1307.85,0,597770240,1,39.11,0.00,860982272,0,460582912
189.5693,813887488,4361.0500,3048.71,0,597770240,1,94.68,0.00,860761088,0,460582912
189.6758,814280704,4363.4300,2234.16,0,597770240,1,70.11,0.00,861285376,0,460607488
189.7836,815460352,4365.8900,2280.90,0,598818816,1,71.57,0.00,861947904,0,460607488
189.8889,815853568,4368.5300,2508.58,0,598818816,1,78.10,0.00,861718528,0,460607488
189.9956,816640000,4369.8700,1255.15,0,599867392,1,38.35,0.00,864872448,0,460607488
190.1010,816640000,4372.9900,2960.24,0,599867392,1,93.10,0.00,864946176,0,460607488
190.2063,816640000,4374.7700,1690.72,0,599867392,1,50.76,0.00,864183296,0,460619776
190.3113,817819648,4376.8800,2009.93,0,600920064,1,67.57,0.00,865760256,0,460640256
190.4202,817819648,4379.8400,2717.49,0,600920064,1,80.04,0.00,864400384,0,477655040
190.5276,819785728,4381.4400,1489.45,0,601972736,1,48.00,0.00,866808832,0,477655040
190.6336,819785728,4384.6600,3040.41,0,601972736,1,94.42,0.00,866554880,0,477712384
190.7388,820965376,4386.4300,1681.14,0,602828800,1,50.75,0.00,866824192,0,477712384
190.8501,820965376,4389.7200,2958.09,0,603021312,1,97.78,0.00,866758656,0,477712384
190.9558,820965376,4392.2100,2354.80,0,603021312,1,68.56,0.00,865775616,0,477712384
191.0636,822145024,4394.4400,2067.84,0,604069888,1,66.65,0.00,867933184,0,477712384
191.1695,822145024,4397.2900,2691.26,0,604069888,1,83.81,0.00,866716672,0,477720576
191.2746,823324672,4398.8600,1494.71,0,605118464,1,51.77,0.00,869194752,0,477720576
191.3848,823324672,4402.2200,3047.48,0,605118464,1,88.71,0.00,868711424,0,477720576
191.4917,824111104,4404.0600,1722.42,0,606167040,1,54.12,0.00,870053888,0,512162304
191.5973,824111104,4407.0800,2857.66,0,606167040,1,90.19,0.00,869541888,0,512162304
191.7029,824504320,4409.4500,2245.41,0,606167040,1,70.17,0.00,869804032,0,512162304
191.8116,825290752,4411.5600,1940.16,0,607215616,1,60.92,0.00,871557120,0,512162304
191.9199,825290752,4414.4400,2661.59,0,607215616,1,82.31,0.00,871606272,0,512162304
192.0276,825606144,4415.8300,1289.51,0,608264192,1,41.75,0.00,872371200,0,512162304
192.1334,825606144,4418.9500,2950.12,0,608264192,1,91.60,0.00,872371200,0,512162304
192.2391,825999360,4421.0300,1967.18,0,608264192,1,59.41,0.00,872113152,0,512162304
192.3476,826392576,4422.9600,1778.67,0,609312768,1,56.45,0.00,872603648,0,512162304
192.4531,826785792,4425.7700,2665.43,0,609312768,1,83.89,0.00,872894464,0,512162304
192.5596,827965440,4427.2500,1388.67,0,610361344,1,44.28,0.00,874651648,0,512162304
192.6651,827965440,4430.3700,2959.25,0,610361344,1,91.59,0.00,874651648,0,512162304
192.7702,827965440,4432.5300,2055.64,0,610361344,1,63.05,0.00,875175936,0,512162304
192.8796,829538304,4435.0400,2292.46,0,611409920,1,76.21,0.00,875641856,0,512162304
192.9881,829538304,4437.7800,2527.18,0,611409920,1,75.80,0.00,874380288,0,512162304
193.0956,831504384,4439.2500,1366.43,0,612458496,1,42.99,0.00,876713984,0,512162304
193.2015,831504384,4442.3800,2957.87,0,612458496,1,91.25,0.00,876464128,0,512162304
193.3063,831897600,4444.0700,1612.17,0,612458496,1,49.78,0.00,876480512,0,512162304
193.4111,833077248,4446.1500,1984.91,0,613507072,1,68.29,0.00,877360128,0,512162304
193.5206,833077248,4449.0800,2675.89,0,613507072,1,76.20,0.00,877556736,0,512162304
193.6276,833863680,4450.5000,1326.28,0,614555648,1,44.07,0.00,878858240,0,512162304
193.7326,833863680,4453.7300,3078.61,0,614555648,1,95.61,0.00,878870528,0,512162304
193.8383,833863680,4455.7500,1910.79,0,614625280,1,58.23,0.00,879996928,0,512162304
193.9430,832086016,4458.5100,2635.60,0,615604224,1,89.52,0.00,877391872,0,512162304
194.0525,832086016,4461.3900,2629.31,0,615604224,1,75.89,0.00,877608960,0,512309760
194.1596,833265664,4463.6500,2109.92,0,616652800,1,65.35,0.00,879013888,0,512309760
194.2653,833265664,4466.5900,2782.48,0,616652800,1,85.47,0.00,879001600,0,512309760
194.3699,833658880,4467.6700,1032.26,0,617533440,1,34.95,0.00,881020928,0,512309760
194.4799,834838528,4470.9700,3001.21,0,617701376,1,94.36,0.00,880058368,0,512309760
194.5853,834838528,4473.3900,2295.70,0,617701376,1,71.44,0.00,880316416,0,512358912
194.6916,835624960,4475.0000,1513.96,0,618749952,1,46.72,0.00,881667072,0,512358912
194.7976,835624960,4478.0100,2841.90,0,618749952,1,89.40,0.00,881413120,0,512399872
194.9076,836411392,4479.5900,1435.23,0,619798528,1,44.00,0.00,883521536,0,512399872
195.0128,836411392,4482.8100,3060.89,0,619798528,1,97.73,0.00,882096128,0,512399872
195.1185,836804608,4485.1600,2224.71,0,619798528,1,68.93,0.00,882878464,0,512399872
195.2276,837591040,4487.6400,2271.72,0,620847104,1,74.14,0.00,884209664,0,512399872
195.3337,837984256,4490.4600,2657.96,0,620847104,1,81.29,0.00,884217856,0,512399872
195.4436,838377472,4492.1400,1528.61,0,621895680,1,53.46,0.00,887773184,0,512449024
195.5522,838377472,4495.3200,2930.06,0,621895680,1,87.25,0.00,886772736,0,512498176
195.6574,838770688,4496.8200,1425.06,0,621895680,1,43.64,0.00,887297024,0,512498176
195.7626,840343552,4499.2900,2348.79,0,622944256,1,84.69,0.00,888869888,0,512498176
195.8722,840736768,4502.1500,2608.61,0,622944256,1,73.82,0.00,889132032,0,512498176
195.9797,841129984,4503.8700,1601.25,0,623992832,1,51.20,0.00,888815616,0,512498176
196.0858,841523200,4506.9100,2864.23,0,623992832,1,88.62,0.00,888815616,0,512498176
196.1916,842702848,4508.5800,1577.54,0,625041408,1,56.68,0.00,891437056,0,512498176
196.3045,842702848,4512.0100,3040.36,0,625041408,1,88.09,0.00,891215872,0,512498176
196.4103,843096064,4514.2100,2078.13,0,625041408,1,63.17,0.00,891015168,0,512498176
196.5197,843096064,4516.7600,2332.50,0,626089984,1,77.46,0.00,891480064,0,519692800
196.6254,843489280,4519.5200,2610.77,0,626089984,1,78.93,0.00,891742208,0,519692800
196.7316,845062144,4521.1200,1505.46,0,627138560,1,47.93,0.00,893577216,0,519692800
196.8375,845455360,4524.3600,3060.38,0,627138560,1,94.46,0.00,893835264,0,519692800
196.9422,845848576,4526.1300,1690.40,0,628166656,1,52.83,0.00,893109248,0,519692800
197.0507,845848576,4529.3500,2967.56,0,628187136,1,97.06,0.00,892388352,0,519692800
197.1563,846241792,4531.8400,2358.93,0,628187136,1,68.39,0.00,892924928,0,519692800
197.2636,847204352,4533.8900,1909.51,0,629235712,1,59.67,0.00,894448640,0,519692800
197.3694,847597568,4536.7900,2742.98,0,629235712,1,86.90,0.00,892800000,0,519692800
197.4748,848384000,4538.3100,1442.40,0,630284288,1,51.90,0.00,895642624,0,519692800
197.5847,848384000,4541.6700,3055.97,0,630284288,1,87.83,0.00,895515648,0,519692800
197.6900,848384000,4543.4500,1689.98,0,630284288,1,51.63,0.00,895152128,0,519692800
197.7952,848773120,4545.9700,2395.44,0,631332864,1,79.31,0.00,895954944,0,519692800
197.9045,848773120,4548.7600,2552.25,0,631332864,1,75.18,0.00,895512576,0,519692800
198.0116,827551744,4550.1100,1260.44,0,632381440,1,37.93,0.00,871252992,0,519692800
198.1176,827551744,4553.2300,2945.24,0,632381440,1,93.51,0.00,871252992,0,519692800
198.2228,827551744,4555.0300,1710.90,0,632381440,1,51.39,0.00,871658496,0,519692800
198.3316,784113664,4557.5800,2342.45,0,633430016,1,72.91,0.00,826635264,0,519692800
198.4374,784113664,4560.2900,2561.68,0,633430016,1,80.94,0.00,825603072,0,519692800
198.5436,784506880,4562.4400,2024.33,0,634478592,1,62.67,0.00,827036672,0,519692800
198.6496,784506880,4565.4900,2879.93,0,634478592,1,89.11,0.00,827036672,0,519692800
198.7596,784900096,4567.2900,1634.95,0,635527168,1,51.38,0.00,828777472,0,519692800
198.8678,784900096,4570.6200,3079.22,0,635527168,1,95.94,0.00,828797952,0,519692800
198.9734,784900096,4572.2500,1543.25,0,635891712,1,46.16,0.00,827867136,0,519692800
199.0839,785293312,4575.4500,2896.53,0,636575744,1,92.21,0.00,827367424,0,519692800
199.1897,785293312,4577.7900,2211.54,0,636575744,1,69.41,0.00,827629568,0,519733760
199.2947,785293312,4580.1500,2247.06,0,637624320,1,77.96,0.00,828206080,0,519733760
199.4041,785293312,4583.2000,2789.39,0,637624320,1,77.45,0.00,827968512,0,519733760
199.5090,785686528,4585.1200,1829.54,0,638672896,1,62.24,0.00,829328384,0,519733760
199.6150,785686528,4588.1700,2876.65,0,638672896,1,92.55,0.00,829074432,0,519733760
199.7200,785686528,4589.8400,1591.55,0,639721472,1,46.16,0.00,828684288,0,519733760
199.8261,785686528,4593.0700,3042.04,0,639721472,1,99.18,0.00,827512832,0,519909888
199.9320,785686528,4595.4500,2248.59,0,639721472,1,64.07,0.00,829343744,0,519909888
200.0396,785686528,4598.1500,2507.92,0,640770048,1,79.82,0.00,829151232,0,519909888
200.1457,785686528,4600.7500,2451.37,0,640770048,1,75.43,0.00,829151232,0,519909888
200.2506,785686528,4602.1000,1286.85,0,641818624,1,49.15,0.00,830067712,0,519909888
200.3605,785686528,4605.6400,3222.06,0,641818624,1,92.73,0.00,829572096,0,519909888
200.4676,785686528,4607.3900,1633.09,0,642867200,1,50.16,0.29,831534080,0,519938560
200.5727,785686528,4610.7100,3159.79,0,642867200,1,98.45,0.00,831529984,0,519938560
200.6782,785686528,4612.9800,2152.91,0,642867200,1,67.57,0.00,831792128,0,520000000
200.7829,785686528,4615.4000,2309.58,0,643915776,1,80.82,0.00,831279104,0,520000000
200.8922,785686528,4618.2800,2636.72,0,643915776,1,74.96,0.00,831275008,0,520000000
200.9997,785686528,4619.6800,1302.49,0,644964352,1,40.99,0.00,832389120,0,520000000
201.1054,785686528,4622.8100,2960.81,0,644964352,1,92.23,0.00,830320640,0,520000000
201.2104,786079744,4624.6900,1789.17,0,645033984,1,55.32,0.00,831631360,0,520000000
201.3155,786079744,4627.8500,3007.07,0,646012928,1,98.43,0.00,832954368,0,520000000
201.4245,786079744,4630.4600,2395.05,0,646012928,1,70.54,0.00,832212992,0,520000000
201.5316,786079744,4632.8000,2183.90,0,647061504,1,71.45,0.00,832080896,0,520000000
201.6368,786079744,4635.6300,2692.26,0,647061504,1,83.24,0.00,832080896,0,522398208
201.7436,786472960,4637.5300,1777.67,0,648110080,1,56.72,0.00,833141760,0,522398208
201.8492,786472960,4640.8700,3165.57,0,648110080,1,99.81,0.00,832637952,0,522398208
201.9537,786472960,4642.4900,1550.28,0,649138176,1,52.63,0.00,832676864,0,522426880
202.0642,786472960,4645.8700,3058.39,0,649158656,1,91.90,0.00,831988736,0,522426880
202.1695,786472960,4648.2800,2287.11,0,649158656,1,70.29,0.00,831988736,0,522426880
202.2756,787259392,4650.1700,1781.25,0,650207232,1,57.73,0.00,834130944,0,522426880
202.3813,787259392,4653.1500,2820.05,0,650207232,1,87.24,0.00,833885184,0,522426880
202.4876,787259392,4654.7000,1457.74,0,651255808,1,44.67,0.00,833695744,0,522426880
202.5932,787259392,4657.9200,3049.25,0,651255808,1,94.99,0.00,833282048,0,522426880
202.6987,787259392,4660.1500,2114.19,0,651255808,1,65.18,0.00,833282048,0,522426880
202.8037,787259392,4661.9700,1734.57,0,652304384,1,58.67,0.00,835117056,0,522426880
202.9119,787259392,4665.0700,2862.70,0,652304384,1,84.55,0.00,834400256,0,522426880
203.0196,788045824,4666.6800,1494.81,0,653352960,1,45.26,0.00,834206720,0,522426880
203.1253,788045824,4669.9000,3047.25,0,653352960,1,99.37,0.00,833608704,0,522426880
203.2318,788045824,4672.0900,2056.20,0,653422592,1,58.39,0.00,834415616,0,522426880
203.3396,788045824,4674.9300,2633.89,0,654401536,1,83.18,0.00,834292736,0,522426880
203.4452,788045824,4677.6100,2538.70,0,654401536,1,78.15,0.00,833817600,0,522426880
203.5516,788045824,4679.7700,2029.41,0,655450112,1,63.13,0.00,835652608,0,522426880
203.6575,788045824,4682.6200,2692.75,0,655450112,1,83.56,0.00,835652608,0,522426880
203.7636,788045824,4683.9700,1271.68,0,656498688,1,40.03,0.00,834880512,0,522426880
203.8686,788045824,4687.1900,3068.10,0,656498688,1,95.88,0.00,833541120,0,522426880
203.9749,788045824,4689.5400,2211.29,0,656498688,1,67.63,0.00,833058816,0,522426880
204.0836,788439040,4692.0500,2307.49,0,657551360,1,72.40,0.00,835991552,0,522582528
204.1893,788439040,4694.8300,2631.98,0,657551360,1,81.66,0.00,836253696,0,522582528
204.2949,790011904,4696.8500,1911.51,0,658599936,1,65.94,0.00,837140480,0,522582528
204.4044,790011904,4699.9800,2858.57,0,658599936,1,81.91,0.00,836059136,0,522582528
204.5117,791584768,4701.0500,998.04,0,659648512,1,32.35,0.00,840282112,0,522582528
204.6173,791584768,4704.1700,2952.32,0,659648512,1,91.37,0.00,839323648,0,522582528
204.7232,791584768,4706.5000,2200.32,0,659648512,1,67.28,0.00,838092800,0,522623488
204.8316,791977984,4708.3700,1724.70,0,660697088,1,56.49,0.00,839964672,0,522824192
204.9373,792371200,4711.3500,2820.33,0,660697088,1,89.02,0.00,839710720,0,522824192
205.0436,792764416,4712.8100,1372.98,0,661745664,1,41.14,0.00,839156736,0,522824192
205.1494,789344256,4716.0400,3053.43,0,661745664,1,95.42,0.00,834778112,0,522824192
205.2554,789344256,4718.2500,2084.92,0,661745664,1,63.09,0.00,836875264,0,522824192
205.3636,789737472,4721.0000,2541.18,0,662794240,1,79.99,0.00,835340288,0,522824192
205.4692,789737472,4723.6500,2509.96,0,662794240,1,77.25,0.00,835160064,0,522824192
205.5751,789737472,4725.7200,1955.51,0,663842816,1,59.93,0.00,838051840,0,522844672
205.6802,789737472,4728.5000,2645.20,0,663842816,1,82.37,0.00,837822464,0,522844672
205.7853,789737472,4729.5700,1017.85,0,664870912,1,38.05,0.00,836881408,0,522844672
205.8956,790130688,4732.9600,3072.88,0,664891392,1,91.78,0.00,836111360,0,522844672
206.0013,790130688,4735.2100,2129.43,0,664891392,1,64.77,0.00,835902464,0,522861056
206.1076,790523904,4737.6100,2256.38,0,665939968,1,71.39,0.00,837352448,0,522861056
206.2133,790523904,4740.4000,2640.25,0,665939968,1,83.69,0.00,837364736,0,522861056
206.3196,790917120,4742.3700,1852.76,0,666988544,1,55.84,0.00,837886976,0,522861056
206.4254,791310336,4745.5800,3034.32,0,666988544,1,95.71,0.00,836920320,0,522861056
206.5316,792096768,4747.3000,1619.46,0,668037120,1,50.90,0.00,840066048,0,522861056
206.6364,792096768,4750.5300,3082.92,0,668037120,1,96.64,0.00,839558144,0,522861056
206.7438,792096768,4752.7700,2086.11,0,668037120,1,63.74,0.00,840348672,0,522861056
206.8517,793669632,4754.7500,1835.57,0,669085696,1,58.81,0.00,840553472,0,526810112
206.9566,794062848,4757.5600,2677.08,0,669085696,1,82.17,0.00,840311808,0,526810112
207.0637,795242496,4758.9100,1261.42,0,670134272,1,40.30,0.00,843203584,0,527166464
207.1688,795242496,4762.1300,3062.29,0,670134272,1,95.40,0.00,843203584,0,527166464
207.2742,795242496,4764.4400,2191.53,0,670134272,1,67.30,0.00,843240448,0,527166464
207.3791,796815360,4766.0100,1496.62,0,671182848,1,55.11,0.00,842396672,0,527166464
207.4886,797208576,4769.2500,2958.92,0,671182848,1,84.19,0.00,842347520,0,527166464
207.5937,798781440,4770.4200,1112.88,0,671252480,1,33.59,0.00,844243968,0,527166464
207.6991,798781440,4773.2600,2696.71,0,672231424,1,91.99,0.00,845374464,0,527166464
207.8079,798781440,4775.8000,2332.90,0,672231424,1,65.73,0.00,845898752,0,527166464
207.9156,799174656,4777.6500,1717.50,0,673280000,1,53.38,0.00,844387328,0,527166464
208.0217,799567872,4780.4600,2649.32,0,673280000,1,84.85,0.00,844514304,0,527305728
208.1274,801140736,4781.5900,1069.33,0,674328576,1,34.30,0.00,847668224,0,527518720
208.2356,801140736,4784.9100,3066.68,0,674328576,1,95.83,0.00,847795200,0,527518720
208.3407,801140736,4787.2100,2188.93,0,674328576,1,67.51,0.00,847885312,0,527518720
208.4476,801927168,4789.1300,1795.61,0,675377152,1,55.24,0.00,848005120,0,527518720
208.5536,802320384,4792.2100,2906.83,0,675377152,1,90.54,0.29,847800320,0,527518720
208.6596,803500032,4794.1500,1829.42,0,676425728,1,57.46,0.00,850683904,0,527559680
208.7653,803500032,4797.4800,3153.21,0,676425728,1,98.83,0.00,850683904,0,527559680
208.8709,804679680,4799.2600,1684.97,0,677453824,1,50.88,0.00,850350080,0,527559680
208.9778,804679680,4802.4400,2974.43,0,677474304,1,95.00,0.00,850194432,0,527559680
209.0833,805466112,4804.8900,2322.61,0,677474304,1,71.10,0.00,850354176,0,527559680
209.1916,807038976,4807.3000,2224.17,0,678522880,1,70.95,0.00,852713472,0,527559680
209.2969,807038976,4810.0400,2602.36,0,678522880,1,80.73,0.00,852652032,0,527559680
209.4019,807825408,4811.8300,1705.86,0,679571456,1,55.39,0.00,852518912,0,527559680
209.5072,807825408,4815.1100,3113.96,0,679571456,1,94.64,0.00,852400128,0,527559680
209.6123,808611840,4816.6100,1426.63,0,680304640,1,41.91,0.00,854829056,0,527559680
209.7199,809005056,4819.8200,2984.79,0,680620032,1,93.86,0.00,855091200,0,527559680
209.8254,809005056,4822.2800,2332.02,0,680620032,1,71.69,0.00,854853632,0,527559680
209.9304,809791488,4824.5800,2190.61,0,681668608,1,71.43,0.00,855986176,0,527559680
210.0365,809791488,4827.4300,2685.79,0,681668608,1,80.10,0.00,855448576,0,527559680
210.1437,811364352,4829.4900,1922.16,0,682717184,1,61.53,0.00,858201088,0,527559680
210.2502,811364352,4832.7100,3022.36,0,682717184,1,95.62,0.00,858536960,0,527559680
210.3548,812150784,4834.3100,1529.72,0,683765760,1,54.08,0.00,858488832,0,527559680
210.4647,812150784,4837.8500,3220.83,0,683765760,1,94.11,0.00,857788416,0,527559680
210.5705,812937216,4839.8500,1890.77,0,683835392,1,57.61,0.00,859234304,0,527580160
210.6755,813330432,4842.6800,2693.44,0,684814336,1,89.82,0.00,860442624,0,527670272
210.7845,813330432,4845.3200,2422.68,0,684814336,1,72.55,0.00,860450816,0,527670272
210.8916,814116864,4847.2200,1773.50,0,685862912,1,54.26,0.00,860788736,0,527670272
210.9976,814510080,4850.2300,2841.16,0,685862912,1,87.02,0.00,859670528,0,527748096
211.1023,814903296,4851.8600,1557.10,0,686911488,1,52.84,0.00,862808064,0,527748096
211.2076,814903296,4855.2000,3170.04,0,686911488,1,96.39,0.00,862296064,0,527748096
211.3198,816082944,4857.2200,1800.65,0,686981120,1,54.32,0.00,864110592,0,527748096
211.4276,816476160,4860.4500,2995.37,0,687960064,1,95.05,0.00,862884864,0,527805440
211.5333,816476160,4862.9400,2357.53,0,687960064,1,71.60,0.00,863212544,0,527805440
211.6380,817655808,4865.0000,1967.02,0,689008640,1,69.23,0.00,865186816,0,527805440
211.7442,818049024,4868.0200,2843.66,0,689008640,1,84.16,0.00,865575936,0,527805440
211.8517,819228672,4870.0300,1870.54,0,690057216,1,58.16,0.00,864563200,0,527805440
211.9574,819228672,4873.2300,3026.13,0,690057216,1,93.98,0.00,864378880,0,530491904
212.0622,819228672,4874.8600,1555.40,0,690057216,1,48.61,0.00,865615872,0,530491904
212.1671,819929088,4877.4000,2420.69,0,691105792,1,85.47,0.00,864677888,0,530491904
212.2758,820322304,4880.3600,2724.87,0,691105792,1,76.23,0.00,864972800,0,530491904
212.3836,820715520,4882.6500,2122.41,0,692154368,1,68.06,0.00,866185216,0,530491904
212.4894,820715520,4885.4600,2657.86,0,692154368,1,82.76,0.00,866250752,0,530491904
212.5947,822288384,4886.9700,1432.99,0,693202944,1,51.01,0.00,867435520,0,530491904
212.7046,822288384,4890.3300,3057.31,0,693202944,1,89.00,0.00,867365888,0,530491904
212.8102,823074816,4892.0200,1601.75,0,693272576,1,49.46,0.00,869528576,0,530491904
212.9148,823468032,4894.6400,2503.69,0,694251520,1,85.11,0.00,869467136,0,530491904
213.0247,823468032,4897.5200,2621.29,0,694251520,1,73.38,0.00,869471232,0,530491904
213.1316,823861248,4899.0900,1467.59,0,695300096,1,46.15,0.00,870437888,0,530491904
213.2373,823861248,4902.2800,3018.16,0,695300096,1,93.73,0.00,869934080,0,530844160
213.3421,824254464,4903.9400,1584.32,0,695984128,1,48.91,0.00,872043520,0,530844160
213.4575,825040896,4907.3700,2972.59,0,696348672,1,93.44,0.00,871855104,0,530844160
213.5632,825434112,4909.7900,2290.20,0,696348672,1,70.09,0.00,872645632,0,530844160
213.6716,826613760,4912.1600,2184.82,0,697397248,1,67.99,0.00,872715264,0,530844160
213.7774,827006976,4915.0000,2685.20,0,697397248,1,85.39,0.00,872977408,0,530844160
213.8836,827006976,4917.1800,2052.10,0,698445824,1,73.84,0.00,875009024,0,530844160
213.9999,827006976,4920.4200,2786.31,0,698445824,1,76.05,0.00,875049984,0,530844160
214.1076,828973056,4922.1600,1615.35,0,699494400,1,51.93,0.00,874846208,0,530995712
214.2129,828973056,4925.3800,3058.70,0,699494400,1,94.69,0.00,874842112,0,530995712
214.3186,829759488,4927.4600,1967.64,0,699564032,1,59.12,0.00,875890688,0,530995712
214.4232,829759488,4930.3300,2744.97,0,700542976,1,95.05,0.00,876771328,0,530995712
214.5325,829759488,4933.1800,2606.29,0,700542976,1,74.02,0.00,876521472,0,530995712
214.6396,830939136,4935.3400,2016.56,0,701591552,1,62.14,0.00,877050880,0,531036672
214.7452,831332352,4938.2500,2756.56,0,701591552,1,85.25,0.00,876809216,0,531077632
214.8509,832118784,4940.0800,1731.05,0,702640128,1,63.55,0.00,879332352,0,531077632
214.9604,832118784,4943.5400,3160.97,0,702640128,1,91.93,0.00,878922752,0,531077632
215.0655,832905216,4945.2800,1655.28,0,702857216,1,48.46,0.00,879467520,0,531077632
215.1815,832905216,4948.7200,2964.73,0,703688704,1,93.99,0.00,879180800,0,531077632
215.2870,834084864,4951.0600,2218.04,0,703688704,1,69.31,0.00,879844352,0,531077632
215.3956,834478080,4953.4100,2163.70,0,704737280,1,69.92,0.00,882850816,0,531077632
215.5013,834478080,4956.2800,2717.51,0,704737280,1,83.74,0.00,882605056,0,531077632
215.6077,834871296,4958.2700,1870.48,0,705785856,1,56.98,0.00,882894848,0,531077632
215.7135,834871296,4961.2100,2777.49,0,705785856,1,86.50,0.00,882640896,0,531077632
215.8185,836837376,4962.4600,1190.94,0,706543616,1,38.11,0.00,883471360,0,531098112
215.9293,837230592,4965.7500,2968.59,0,706834432,1,93.05,0.00,883508224,0,531098112
216.0354,837230592,4968.1000,2215.49,0,706834432,1,68.06,0.00,884032512,0,531098112
216.1436,838017024,4970.5100,2225.48,0,707883008,1,70.99,0.00,886268928,0,531098112
216.2491,838017024,4973.3600,2702.55,0,707883008,1,83.27,0.00,885499904,0,531098112
216.3545,839983104,4975.3800,1916.75,0,708931584,1,69.09,0.00,887883776,0,531098112
216.4667,839983104,4978.7200,2976.65,0,708931584,1,88.56,0.00,887756800,0,531098112
216.5756,841949184,4980.7500,1863.23,0,709980160,1,55.36,0.00,888466432,0,531098112
216.6812,841949184,4983.9700,3051.18,0,709980160,1,95.35,0.00,888077312,0,531098112
216.7920,843128832,4986.0000,1831.65,0,711008256,1,55.55,0.00,891317248,0,531098112
216.9029,843522048,4989.2600,2938.92,0,711028736,1,97.76,0.00,891190272,0,531098112
217.0082,843915264,4991.7900,2402.47,0,711028736,1,70.63,0.00,890727424,0,534080000
217.1156,843915264,4994.0900,2141.46,0,712077312,1,70.41,0.00,891041792,0,534080000
217.2212,843915264,4996.8600,2625.40,0,712077312,1,80.27,0.00,890660864,0,534080000
217.3276,845795328,4998.4000,1446.09,0,713125888,1,44.60,0.00,891208704,0,534080000
217.4333,845795328,5001.5300,2963.05,0,713125888,1,93.19,0.00,890090496,0,534080000
217.5386,846581760,5003.4500,1822.69,0,713195520,1,55.18,0.00,892445696,0,534080000
217.6476,846974976,5006.3100,2623.24,0,714174464,1,82.26,0.00,892990464,0,534080000
217.7530,846974976,5008.9000,2459.33,0,714174464,1,76.56,0.00,893252608,0,534080000
217.8585,847839232,5010.9900,1980.27,0,715227136,1,65.14,0.00,892624896,0,534080000
217.9641,837144576,5014.0700,2917.64,0,715227136,1,87.03,0.00,881123328,0,534080000
218.0694,827834368,5015.7100,1557.19,0,716275712,1,47.48,0.00,872172544,0,534080000
218.1756,827834368,5018.9200,3022.04,0,716275712,1,94.44,0.00,872172544,0,534080000
218.2807,782016512,5020.7900,1779.81,0,716275712,1,55.02,0.00,825834496,0,534080000
218.3877,781074432,5022.8600,1934.97,0,717324288,1,61.64,0.00,823928832,0,534080000
218.4935,781074432,5025.7200,2702.40,0,717324288,1,84.75,0.00,823789568,0,534080000
218.5996,781074432,5027.4500,1629.51,0,718372864,1,55.63,0.00,826046464,0,534080000
218.7049,781074432,5030.6700,3058.01,0,718372864,1,94.38,0.00,825747456,0,534080000
218.8108,781074432,5032.4400,1671.36,0,718442496,1,50.16,0.00,825714688,0,534141440
218.9196,781074432,5035.4800,2794.13,0,719421440,1,90.48,0.00,826296320,0,534141440
219.0253,781074432,5037.9300,2318.26,0,719421440,1,70.97,0.00,823926784,0,534141440
219.1313,781467648,5039.4400,1424.49,0,720470016,1,47.46,0.00,824791040,0,534141440
219.2406,781467648,5042.5700,2865.18,0,720470016,1,87.25,0.00,824287232,0,534198784
219.3458,781467648,5044.0700,1425.50,0,721498112,1,44.84,0.00,826109952,0,534198784
219.4549,781467648,5047.2000,2870.16,0,721518592,1,93.42,0.00,824676352,0,534198784
219.5607,781467648,5049.6800,2342.41,0,721518592,1,67.89,0.00,824680448,0,534198784
219.6674,781467648,5050.9700,1209.05,0,722567168,1,41.00,0.00,825646080,0,534198784
219.7771,781467648,5054.1400,2889.58,0,722567168,1,85.74,0.00,825400320,0,534198784
219.8826,781860864,5055.7000,1479.63,0,722636800,1,45.94,0.00,826186752,0,534223360
219.9876,782254080,5058.3600,2532.43,0,723615744,1,80.33,0.00,825649152,0,534223360
220.0936,782254080,5061.0300,2518.76,0,723615744,1,78.42,0.00,825165824,0,534284800
220.1991,782254080,5062.9800,1848.69,0,724664320,1,58.66,0.00,828446720,0,534354432
220.3058,782254080,5066.0300,2858.73,0,724664320,1,89.63,0.00,827103232,0,534354432
220.4108,782254080,5067.2800,1189.82,0,725712896,1,38.67,0.00,828184576,0,534678016
220.5167,782254080,5070.6100,3145.86,0,725712896,1,95.95,0.00,827439104,0,534735360
220.6223,782254080,5073.0300,2291.10,0,725712896,1,72.78,0.00,827439104,0,534735360
220.7271,782254080,5075.0600,1936.81,0,726761472,1,60.82,0.00,827362304,0,534735360
220.8336,782254080,5077.9500,2713.38,0,726761472,1,85.09,0.00,827362304,0,534735360
220.9386,782254080,5079.8300,1790.74,0,727810048,1,58.04,0.00,828226560,0,534755840
221.0444,782254080,5083.1800,3167.36,0,727810048,1,94.84,0.00,828222464,0,534755840
221.1492,782254080,5084.9100,1650.10,0,728842240,1,49.18,0.00,829246464,0,534780416
221.2552,782254080,5088.1600,3067.58,0,728862720,1,98.81,0.00,828763136,0,534780416
221.3610,782254080,5090.5600,2268.00,0,728862720,1,69.69,0.00,828763136,0,534780416
221.4658,782647296,5091.9600,1335.81,0,729911296,1,44.73,0.00,828484608,0,534780416
221.5717,782647296,5095.0900,2956.97,0,729911296,1,87.98,0.00,827980800,0,534780416
221.6796,782647296,5096.8900,1666.69,0,730959872,1,54.40,0.00,828989440,0,534780416
221.7859,782647296,5100.1200,3039.61,0,730959872,1,99.10,0.00,828731392,0,534780416
221.8919,782647296,5102.2100,1972.80,0,731029504,1,55.46,0.00,828866560,0,534780416
221.9996,782647296,5105.0000,2588.25,0,732008448,1,84.65,0.00,829796352,0,534780416
222.1057,782647296,5107.5200,2375.96,0,732008448,1,73.07,0.00,828989440,0,534780416
222.2115,783433728,5109.7200,2080.43,0,733057024,1,64.72,0.00,831062016,0,538080256
222.3178,783433728,5112.6200,2727.27,0,733057024,1,85.82,0.00,830783488,0,538080256
222.4231,783433728,5114.3000,1595.77,0,734105600,1,48.98,0.00,830367744,0,538080256
222.5294,783433728,5117.4600,2971.22,0,734105600,1,94.32,0.00,830117888,0,538080256
222.6355,783433728,5119.2000,1640.72,0,734175232,1,47.74,0.00,830354432,0,538080256
222.7409,784220160,5121.6700,2342.12,0,735154176,1,75.56,0.00,831277056,0,538080256
222.8473,784220160,5124.2600,2435.46,0,735154176,1,76.11,0.00,830892032,0,538080256
222.9525,788545536,5125.0000,702.98,0,736202752,1,21.37,0.00,835452928,0,538080256
223.0588,788545536,5128.0100,2833.70,0,736202752,1,92.97,0.00,834949120,0,538080256
223.1648,788545536,5130.2600,2121.55,0,736202752,1,61.58,0.00,834875392,0,538080256
223.2697,788938752,5132.2800,1926.65,0,737251328,1,63.78,0.00,836747264,0,538080256
223.3759,788938752,5135.0300,2588.65,0,737251328,1,77.07,0.00,836026368,0,538080256
223.4807,789725184,5136.2100,1125.58,0,738299904,1,34.28,0.00,836027392,0,538080256
223.5871,789725184,5139.4000,2999.36,0,738299904,1,94.61,0.00,834782208,0,538080256
223.6930,789725184,5141.4800,1963.55,0,738299904,1,60.48,0.00,834782208,0,538080256
223.7981,789725184,5143.2000,1636.18,0,739348480,1,53.81,0.00,836649984,0,538080256
223.9041,789725184,5146.0600,2698.85,0,739348480,1,79.62,0.00,836641792,0,538080256
224.0087,789725184,5147.1200,1013.73,0,740376576,1,30.78,0.00,836781056,0,538092544
224.1150,790118400,5150.2000,2897.65,0,740397056,1,94.37,0.00,836277248,0,538244096
224.2211,790118400,5152.7900,2441.32,0,740397056,1,73.35,0.00,835785728,0,538244096
224.3266,790511616,5155.1800,2264.93,0,741445632,1,79.07,0.00,837655552,0,538244096
224.4370,790511616,5158.0300,2581.16,0,741445632,1,73.59,0.00,837151744,0,538244096
224.5426,790904832,5159.5900,1476.72,0,742494208,1,56.50,0.00,838724608,0,538244096
224.6528,790904832,5163.0300,3121.86,0,742494208,1,89.33,0.00,837373952,0,538244096
224.7596,791691264,5164.8100,1666.40,0,743542784,1,52.66,0.00,839471104,0,538285056
224.8655,791691264,5168.0400,3051.84,0,743542784,1,100.39,0.00,839254016,0,538285056
224.9719,791691264,5170.2900,2114.74,0,743542784,1,60.51,0.00,839000064,0,538285056
225.0797,786931712,5172.2400,1809.42,0,744591360,1,57.99,0.00,833085440,0,538285056
225.1862,786931712,5175.3200,2891.76,0,744591360,1,92.13,0.00,832495616,0,538285056
225.2914,787324928,5177.2300,1814.40,0,745639936,1,56.70,0.00,834088960,0,538285056
225.3981,787324928,5180.4600,3027.49,0,745639936,1,98.42,0.00,833908736,0,538285056
225.5034,787324928,5182.0600,1520.32,0,745709568,1,40.98,0.00,834383872,0,538285056
225.6087,787324928,5185.1200,2905.76,0,746688512,1,92.59,0.00,833436672,0,538285056
225.7149,787324928,5187.5900,2324.82,0,746688512,1,73.24,0.00,833698816,0,538285056
225.8236,787324928,5190.0500,2262.32,0,747737088,1,70.41,0.00,835533824,0,538293248
225.9299,787324928,5192.7100,2503.78,0,747737088,1,79.42,0.00,834890752,0,538293248
226.0396,787718144,5194.3500,1494.19,0,748785664,1,44.70,0.00,834689024,0,538399744
226.1458,787718144,5197.4800,2949.30,0,748785664,1,91.87,0.00,834689024,0,538399744
226.2504,788504576,5199.0200,1471.41,0,749813760,1,50.46,0.00,834917376,0,715293696
226.3579,788504576,5202.1300,2894.47,0,749834240,1,93.65,0.00,834950144,0,863024128
226.4647,788504576,5204.5200,2238.10,0,749834240,1,66.14,0.00,834426880,0,888009728
226.5701,790077440,5205.6300,1052.97,0,750882816,1,37.65,0.00,836147200,0,900666368
226.6772,790077440,5208.8700,3023.91,0,750882816,1,90.12,0.00,835979264,0,909104128
226.7821,790077440,5210.3300,1391.59,0,750882816,1,43.49,0.00,835868672,0,917545984
226.8916,791257088,5212.9000,2347.01,0,751931392,1,74.77,0.00,837211136,0,925987840
226.9982,791257088,5215.5000,2439.86,0,751931392,1,76.83,0.00,836506624,0,934425600
227.1041,791650304,5216.0500,519.27,0,752402432,1,15.05,0.00,838432768,0,942863360
227.2103,792043520,5219.0200,2797.42,0,752979968,1,92.72,0.00,837729280,0,951301120
227.3167,792436736,5221.5900,2415.17,0,752979968,1,91.63,0.00,837274624,0,1384111104
227.4227,794009600,5223.4900,1793.35,0,754028544,1,63.12,0.00,839739392,0,1392893952
227.5331,794009600,5226.6900,2896.58,0,754028544,1,82.03,0.00,840013824,0,1401335808
227.6379,786677760,5227.8200,1078.47,0,755077120,1,38.77,0.00,833296384,0,1409781760
227.7443,786677760,5230.9500,2942.09,0,755077120,1,89.00,0.00,833300480,0,1418223616
227.8507,787070976,5232.9700,1898.52,0,755077120,1,58.15,0.00,833853440,0,1426661376
227.9557,788643840,5235.0800,2009.00,0,756125696,1,64.86,0.00,834442240,0,1435099136
228.0622,789037056,5237.8900,2640.32,0,756125696,1,83.98,0.00,834184192,0,1443536896
228.1670,790216704,5239.5600,1593.32,0,757174272,1,47.41,0.00,835692544,0,1460776960
228.2739,790216704,5242.5700,2815.63,0,757174272,1,91.79,0.00,835184640,0,1468841984
228.3802,790609920,5244.2900,1618.27,0,757174272,1,45.28,0.29,836294656,0,1485692928
228.4848,794542080,5244.3900,95.58,0,757174272,1,2.99,2.99,839483392,0,1485692928
228.5896,794542080,5244.4900,95.43,0,757174272,1,3.58,3.28,839483392,0,1485692928
228.6947,794542080,5244.6000,104.64,0,757174272,1,2.97,2.97,839483392,0,1485692928
228.7998,794542080,5244.7000,95.16,0,757174272,1,3.57,3.27,839483392,0,1485692928
228.9049,794542080,5244.8100,104.60,0,757174272,1,2.97,2.97,839172096,0,1485692928
229.0100,794542080,5244.9100,95.15,0,757174272,1,2.97,3.27,839057408,0,1485692928
229.1151,794542080,5245.0200,104.70,0,757174272,1,3.57,2.97,838819840,0,1485770752
229.2207,794542080,5245.1200,94.72,0,757174272,1,3.26,3.26,838815744,0,1485856768
229.3262,794542080,5245.2300,104.19,0,757174272,1,3.26,2.96,838815744,0,1485889536
229.4315,794542080,5245.3300,95.00,0,757174272,1,2.97,3.27,838815744,0,1485889536
229.5370,794542080,5245.4400,104.27,0,757174272,1,2.96,2.96,838819840,0,1485889536
229.6420,794542080,5245.5500,104.77,0,757174272,1,3.27,3.27,838819840,0,1485889536
229.7473,794542080,5245.6500,94.96,0,757174272,1,2.97,3.26,838819840,0,1485889536
229.8528,794542080,5245.7600,104.23,0,757174272,1,2.96,2.96,838819840,0,1485889536
229.9584,794542080,5245.8700,104.23,0,757174272,1,3.26,3.26,838815744,0,1485889536
230.0632,794542080,5245.9700,95.39,0,757174272,1,3.58,2.98,838815744,0,1485889536
230.1688,794542080,5246.0700,94.73,0,757174272,1,2.96,3.26,838815744,0,1485889536
230.2739,794542080,5246.1800,104.63,0,757174272,1,3.57,2.97,838598656,0,1485889536
230.3795,794542080,5246.2900,104.14,0,757174272,1,2.96,3.25,838598656,0,1485889536
230.4847,794542080,5246.3900,95.07,0,757174272,1,3.27,2.97,838598656,0,1485946880
230.5903,794542080,5246.4900,94.66,0,757174272,1,3.85,3.25,838438912,0,1485946880
230.6962,794542080,5246.6000,103.93,0,757174272,1,2.95,2.95,838438912,0,1485946880
230.8015,794542080,5246.7000,94.98,0,757174272,1,3.56,3.26,838438912,0,1485946880
230.9072,794542080,5246.8100,104.05,0,757174272,1,2.96,2.96,838705152,0,1485946880
231.0124,794542080,5246.9100,95.04,0,757174272,1,3.27,3.27,838701056,0,1485946880
231.1178,794542080,5247.0200,104.39,0,757174272,1,2.97,3.26,838701056,0,1485946880
231.2231,794542080,5247.1300,104.43,0,757174272,1,3.26,2.97,838701056,0,1485946880
231.3283,794542080,5247.2300,95.05,0,757174272,1,2.97,3.27,838438912,0,1486053376
231.4335,794542080,5247.3400,104.62,0,757174272,1,3.27,2.97,838443008,0,1486053376
231.5384,794542080,5247.4400,95.34,0,757174272,1,3.28,3.28,838443008,0,1486053376
231.6437,794542080,5247.5500,104.44,0,757174272,1,2.67,2.97,838443008,0,1486053376
231.7488,794542080,5247.6500,95.12,0,757174272,1,3.27,3.27,838438912,0,1486053376
231.8540,794542080,5247.7600,104.54,0,757174272,1,3.27,2.97,838438912,0,1486053376
231.9594,795328512,5249.9300,2059.58,0,758226944,1,70.59,0.89,842415104,0,1488228352
232.0688,795721728,5252.8100,2631.49,0,758226944,1,78.52,0.00,842677248,0,1488228352
232.1742,796508160,5253.5400,692.73,0,759255040,1,23.13,0.00,844000256,0,1488228352
232.2840,796508160,5256.8100,2977.31,0,759275520,1,95.89,0.00,844000256,0,1488228352
232.3927,797294592,5259.3000,2292.55,0,759275520,1,70.20,0.00,844573696,0,1595359744
232.4996,798081024,5261.8800,2411.36,0,760324096,1,76.52,0.00,844126208,0,1595359744
232.6062,798474240,5264.5400,2495.96,0,760324096,1,79.17,0.00,844396544,0,1595359744
232.7156,799260672,5266.1100,1434.75,0,761372672,1,44.26,0.00,847284224,0,1595359744
232.8215,800047104,5269.2100,2929.95,0,761372672,1,91.27,0.00,847808512,0,1595359744
232.9311,800047104,5270.8400,1486.50,0,761442304,1,45.31,0.00,846836736,0,1595359744
233.0396,800047104,5273.6900,2625.75,0,762421248,1,82.34,0.00,847246336,0,1595359744
233.1507,800440320,5276.3700,2413.36,0,762421248,1,77.39,0.00,846746624,0,1595392512
233.2596,803192832,5277.8400,1349.22,0,763469824,1,41.30,0.00,848710656,0,1595392512
233.3657,803586048,5280.9700,2950.25,0,763469824,1,91.61,0.00,847973376,0,1595392512
233.4705,809091072,5282.4500,1412.88,0,763539456,1,43.26,0.00,854629376,0,1595392512
233.5753,809091072,5285.3200,2737.34,0,764518400,1,86.44,0.00,854735872,0,1595392512
233.6815,809091072,5287.6500,2194.19,0,764518400,1,67.98,0.00,854087680,0,1595392512
233.7868,809877504,5289.0900,1367.56,0,765566976,1,46.89,0.00,856930304,0,1595392512
233.8927,809877504,5292.2100,2947.01,0,765566976,1,87.08,0.00,857204736,0,1595392512
233.9976,812236800,5293.5000,1229.42,0,765636608,1,36.33,0.00,858212352,0,1595392512
234.1028,807866368,5296.2800,2644.23,0,766615552,1,87.09,0.00,852328448,0,1595544064
234.2091,808259584,5298.7100,2285.50,0,766615552,1,67.60,0.00,852844544,0,1595544064
234.3144,808259584,5300.0900,1310.36,0,767664128,1,46.59,0.00,855273472,0,1595605504
234.4205,808259584,5303.2400,2967.66,0,767664128,1,90.68,0.00,855048192,0,1595605504
234.5251,810225664,5304.6800,1376.68,0,768712704,1,40.93,0.00,856205312,0,1595605504
234.6312,810225664,5307.8100,2950.49,0,768712704,1,92.20,0.00,856205312,0,1595605504
234.7376,810618880,5309.9300,1993.21,0,768712704,1,61.99,0.00,856205312,0,1595646464
234.8424,810618880,5311.9900,1965.72,0,769761280,1,65.60,0.00,858077184,0,1595646464
234.9482,810618880,5314.7900,2645.50,0,769761280,1,79.13,0.00,858081280,0,1595646464
235.0536,812584960,5316.3700,1498.67,0,770809856,1,48.91,0.00,859051008,0,1595646464
235.1599,812584960,5319.4700,2916.56,0,770809856,1,87.61,0.00,858833920,0,1595646464
235.2649,812584960,5321.1400,1591.62,0,770809856,1,48.55,0.00,858907648,0,1595646464
235.3700,813371392,5323.4900,2234.15,0,771858432,1,75.16,0.00,860554240,0,1595646464
235.4764,813371392,5326.3900,2727.68,0,771858432,1,79.66,0.00,859829248,0,1595646464
235.5822,815337472,5328.2800,1786.23,0,772911104,1,59.36,0.00,861039616,0,1595646464
235.6882,815337472,5331.5200,3056.31,0,772911104,1,92.56,0.00,860564480,0,1595646464
235.7932,815730688,5333.2500,1647.04,0,773959680,1,51.77,0.00,862968832,0,1595646464
235.8996,815730688,5336.5400,3091.30,0,773959680,1,96.60,0.00,862710784,0,1595646464
236.0055,815730688,5338.7200,2059.74,0,773959680,1,62.89,0.00,863197184,0,1595716096
236.1109,817696768,5341.1800,2333.83,0,775008256,1,82.42,0.00,864532480,0,1595716096
236.2207,817696768,5343.9900,2559.68,0,775008256,1,72.59,0.00,864794624,0,1595716096
236.3276,818876416,5346.2100,2075.18,0,776056832,1,65.14,0.00,865267712,0,1595740672
236.4340,818876416,5349.1700,2783.94,0,776056832,1,88.76,0.00,864780288,0,1595740672
236.5390,820842496,5350.9700,1714.49,0,777105408,1,60.42,0.00,868712448,0,1595740672
236.6482,820842496,5354.4200,3156.86,0,777105408,1,91.22,0.00,868126720,0,1595740672
236.7556,822415360,5356.1500,1610.77,0,778153984,1,52.66,0.00,868338688,0,1595740672
236.8618,822415360,5359.3800,3041.72,0,778153984,1,98.59,0.00,868350976,0,1595740672
236.9672,822415360,5361.7300,2229.66,0,778153984,1,64.64,0.00,868420608,0,1595740672
237.0756,823988224,5364.0800,2167.68,0,779202560,1,67.45,0.00,871042048,0,1595740672
237.1816,823988224,5366.7100,2483.08,0,779202560,1,77.30,0.00,871304192,0,1595740672
237.2877,825167872,5368.3800,1574.19,0,780251136,1,49.19,0.00,870931456,0,1595892224
237.3938,825167872,5371.5000,2940.61,0,780251136,1,91.01,0.00,871189504,0,1595892224
237.4984,825167872,5372.9300,1365.82,0,780251136,1,41.79,0.00,871742464,0,1599386624
237.6034,827133952,5375.2200,2182.30,0,781299712,1,71.77,0.00,873319424,0,1599386624
237.7099,827133952,5377.6500,2281.93,0,781299712,1,72.48,0.00,873581568,0,1599386624
237.8151,827920384,5378.8000,1092.40,0,782348288,1,39.48,0.00,874792960,0,1599386624
237.9248,827920384,5382.1200,3028.17,0,782348288,1,88.36,0.00,873887744,0,1599386624
238.0301,828706816,5383.7600,1556.75,0,782348288,1,46.87,0.00,876259328,0,1599505408
238.1351,829886464,5386.0300,2163.36,0,783396864,1,77.43,0.00,878036992,0,1599505408
238.2441,829886464,5388.7100,2458.89,0,783396864,1,67.95,0.00,878041088,0,1599505408
238.3517,831459328,5390.1800,1366.20,0,784445440,1,44.44,0.00,878323712,0,1599505408
238.4577,831852544,5393.3000,2940.75,0,784445440,1,91.01,0.00,878356480,0,1599505408
238.5627,832245760,5394.6900,1325.01,0,784445440,1,40.81,0.00,878635008,0,1599534080
238.6676,832638976,5396.9200,2124.27,0,785494016,1,68.17,0.00,881256448,0,1599534080
238.7734,832638976,5399.5000,2438.65,0,785494016,1,75.32,0.00,881256448,0,1599534080
238.8786,833818624,5400.9800,1407.58,0,786542592,1,46.66,0.00,881968128,0,1599534080
238.9844,834605056,5404.0700,2919.91,0,786542592,1,87.70,0.00,882177024,0,1599534080
239.0892,834605056,5405.5100,1373.64,0,786612224,1,41.14,0.00,883295232,0,1599534080
239.1957,836177920,5408.0500,2386.67,0,787591168,1,74.88,0.00,884556800,0,1599534080
239.3017,836177920,5410.6200,2424.19,0,787591168,1,76.35,0.00,883848192,0,1599534080
239.4070,837750784,5412.4800,1766.14,0,788639744,1,61.13,0.00,885241856,0,1599534080
239.5166,837750784,5415.6800,2919.38,0,788639744,1,84.96,0.00,884860928,0,1599534080
239.6214,839323648,5417.3700,1612.43,0,789688320,1,53.97,0.00,888006656,0,1599534080
239.7282,839323648,5420.7200,3136.74,0,789688320,1,95.39,0.00,888006656,0,1599534080
239.8340,840503296,5422.7600,1929.00,0,789757952,1,57.33,0.00,887839744,0,1599534080
239.9394,840896512,5425.6900,2777.89,0,790736896,1,92.73,0.00,888675328,0,1599534080
240.0488,840896512,5428.4200,2496.49,0,790736896,1,73.16,0.00,888560640,0,1599595520
240.1535,842469376,5430.1100,1613.58,0,791785472,1,50.13,0.00,889260032,0,1599595520
240.2594,842469376,5433.1700,2889.41,0,791785472,1,89.70,0.00,889530368,0,1599595520
240.3642,844435456,5434.4200,1192.52,0,791855104,1,36.07,0.00,891561984,0,1599595520
240.4717,845221888,5437.3700,2746.56,0,792834048,1,87.87,0.00,892426240,0,1599595520
240.5778,845221888,5439.8400,2327.79,0,792834048,1,73.04,0.00,892327936,0,1599595520
240.6827,845385728,5441.5100,1592.11,0,793882624,1,56.01,0.00,891420672,0,1599595520
240.7930,845385728,5444.6400,2835.49,0,793882624,1,80.40,0.00,890908672,0,1599595520
240.8987,846565376,5445.7200,1022.40,0,794931200,1,30.18,0.00,893800448,0,1599595520
241.0074,846958592,5449.0500,3063.81,0,794931200,1,96.03,0.00,893280256,0,1599595520
241.1137,846958592,5451.4100,2219.63,0,794931200,1,70.25,0.00,893276160,0,1599595520
241.2188,847745024,5453.8100,2283.15,0,795979776,1,77.89,0.00,894271488,0,1599595520
241.3289,847745024,5456.8600,2769.67,0,795979776,1,78.61,0.00,893566976,0,1599763456
241.4357,849711104,5459.0800,2080.12,0,797028352,1,64.13,0.00,896385024,0,1599783936
241.5419,849711104,5462.2200,2954.87,0,797028352,1,94.69,0.00,896385024,0,1599783936
241.6474,850497536,5463.9600,1649.17,0,798076928,1,54.50,0.00,896596992,0,1599783936
241.7566,850497536,5467.3100,3067.64,0,798076928,1,91.29,0.00,896343040,0,1599783936
241.8628,852856832,5469.2000,1780.05,0,798146560,1,54.74,0.00,898706432,0,1599845376
241.9675,853250048,5472.0900,2761.61,0,799125504,1,92.27,0.00,899361792,0,1599845376
242.0769,853250048,5474.7200,2403.02,0,799125504,1,71.38,0.00,900406272,0,1599845376
242.1836,855216128,5477.0900,2220.13,0,800174080,1,70.26,0.00,901169152,0,1599845376
242.2901,855216128,5479.9300,2668.24,0,800174080,1,84.56,0.00,900947968,0,1599845376
242.3948,858755072,5481.6900,1680.85,0,801222656,1,56.41,0.00,905185280,0,1599845376
242.5041,859934720,5485.2300,3239.72,0,801222656,1,94.95,0.00,905639936,0,1599845376
242.6116,861900800,5486.9100,1561.56,0,802271232,1,51.12,0.00,908592128,0,1602538496
242.7175,861900800,5490.0000,2920.37,0,802271232,1,93.03,0.00,908592128,0,1602538496
242.8230,863080448,5492.1400,2026.67,0,802271232,1,61.85,0.00,909378560,0,1602538496
242.9279,867012608,5494.3200,2078.53,0,803319808,1,66.74,0.00,912212992,0,1602538496
243.0343,867405824,5497.1800,2689.79,0,803319808,1,86.41,0.00,912626688,0,1602538496
243.1390,871731200,5499.0800,1813.83,0,804368384,1,57.88,0.00,917213184,0,1602538496
243.2455,871731200,5502.3700,3090.50,0,804368384,1,91.29,0.00,917336064,0,1602538496
243.3503,874090496,5503.7500,1316.03,0,804880384,1,40.83,0.00,922267648,0,1602538496
243.4553,999882752,5504.1000,333.45,0,805425152,1,9.53,0.00,1043829760,0,1602538496
243.5610,999882752,5504.2100,104.03,0,805425152,1,2.96,0.00,1043784704,0,1602538496
243.6663,1002635264,5504.3200,104.51,0,805425152,1,3.56,0.00,1046537216,0,1602538496
243.7719,1001635840,5504.4300,104.16,0,805425152,1,3.85,0.00,1045451776,0,1602538496
243.8776,1001635840,5504.5400,104.01,0,805425152,1,3.25,0.00,1045451776,0,1602739200
243.9828,1066807296,5504.8000,247.16,0,805425152,1,7.43,0.00,1110967296,0,1602739200
244.0884,1066807296,5504.9000,94.72,0,805425152,1,3.26,0.00,1110868992,0,1602960384
244.1943,1068773376,5505.0100,103.88,0,805425152,1,2.95,0.00,1113486336,0,1602960384
244.2997,1070739456,5505.1200,104.36,0,805425152,1,3.26,0.00,1115057152,0,1602960384
244.4059,1070739456,5505.2300,103.64,0,805425152,1,3.24,0.00,1115245568,0,1602960384
244.5112,1123786752,5505.4600,218.25,0,805425152,1,6.52,0.00,1168788480,0,1602960384
244.6173,1123786752,5505.5600,94.29,0,805425152,1,3.24,0.00,1168534528,0,1602960384
244.7228,1123786752,5505.6700,104.23,0,805425152,1,3.26,0.00,1168534528,0,1603005440
244.8285,1123786752,5505.7800,104.07,0,805425152,1,2.96,0.00,1168534528,0,1603005440
244.9342,1171587072,5505.9600,170.38,0,805425152,1,7.99,0.00,1231784960,0,1603005440
245.0396,1186996224,5506.1300,161.34,0,805425152,1,3.26,0.00,1232301056,0,1603005440
245.1451,1186996224,5506.2300,94.76,0,805425152,1,2.96,0.00,1232268288,0,1603005440
245.2505,1186996224,5506.3400,104.30,0,805425152,1,3.26,0.00,1232067584,0,1603005440
245.3557,1186996224,5506.4500,104.59,0,805425152,1,2.97,0.00,1231046656,0,1603005440
245.4609,1245454336,5506.6800,218.76,0,805425152,1,7.73,0.00,1291098112,0,1603005440
245.5668,1245454336,5506.7800,94.38,0,805425152,1,3.24,0.00,1290844160,0,1603005440
245.6723,1245454336,5506.8900,104.31,0,805425152,1,3.26,0.00,1290844160,0,1603005440
245.7771,1245454336,5506.9900,95.36,0,805425152,1,2.98,0.00,1290844160,0,1603005440
245.8826,1245454336,5507.1000,104.34,0,805425152,1,3.26,0.00,1290844160,0,1603005440
245.9877,1303126016,5507.3400,228.20,0,805425152,1,6.54,0.00,1349310464,0,1603005440
246.0940,1303126016,5507.4400,94.14,0,805425152,1,3.24,0.00,1349076992,0,1603005440
246.1994,1303126016,5507.5400,94.85,0,805425152,1,3.26,0.00,1349076992,0,1603320832
246.3052,1303126016,5507.6500,103.94,0,805425152,1,2.95,0.00,1348827136,0,1603320832
246.4107,1303126016,5507.7600,104.28,0,805425152,1,3.26,0.00,1348597760,0,1603341312
246.5159,1343430656,5507.9800,209.15,0,805425152,1,6.24,0.00,1389332480,0,1603496960
246.6216,1343430656,5508.0900,104.10,0,805425152,1,3.25,0.00,1389078528,0,1603619840
246.7271,1343430656,5508.2000,104.20,0,805425152,1,3.26,0.00,1388824576,0,1603619840
246.8324,1343430656,5508.3000,94.95,0,805425152,1,2.97,0.00,1388636160,0,1603619840
246.9381,1358372864,5508.4500,141.92,0,805425152,1,4.73,0.00,1420949504,0,1603619840
247.0434,1382752256,5508.6400,180.49,0,805425152,1,3.27,0.00,1428305920,0,1603619840
247.1483,1382752256,5508.7400,95.31,0,805425152,1,2.98,0.00,1428305920,0,1603619840
247.2541,1382752256,5508.8500,104.01,0,805425152,1,3.25,0.00,1428305920,0,1603619840
247.3597,1382752256,5508.9500,94.68,0,805425152,1,2.96,0.00,1428056064,0,1603619840
247.4651,1422467072,5509.1900,227.63,0,805425152,1,7.71,0.00,1468692480,0,1603619840
247.5712,1422467072,5509.3000,103.68,0,805425152,1,3.53,0.00,1468438528,0,1603619840
247.6764,1422467072,5509.4000,95.08,0,805425152,1,2.97,0.00,1468438528,0,1603619840
247.7813,1422467072,5509.5100,104.85,0,805425152,1,3.57,0.00,1468438528,0,1607772160
247.8871,1422467072,5509.6200,104.00,0,805425152,1,2.95,0.00,1467926528,0,1607845888
247.9919,1463754752,5509.8400,209.89,0,805425152,1,6.26,0.00,1510074368,0,1607845888
248.0978,1463754752,5509.9400,94.46,0,805425152,1,3.25,0.00,1509820416,0,1607845888
248.2034,1463754752,5510.0500,104.12,0,805425152,1,2.96,0.00,1509816320,0,1607845888
248.3092,1463754752,5510.1500,94.52,0,805425152,1,3.25,0.00,1509554176,0,1607845888
248.4149,1463754752,5510.2600,104.10,0,805425152,1,3.25,0.00,1509042176,0,1607845888
248.5199,1474465792,5510.5100,238.08,0,805425152,1,6.55,0.00,1519986688,0,1607845888
248.6259,1474465792,5510.6100,94.29,0,805425152,1,3.24,0.00,1519986688,0,1607845888
248.7315,1474465792,5510.7200,104.18,0,805425152,1,3.26,0.00,1519773696,0,1607845888
248.8369,1474465792,5510.8200,94.88,0,805425152,1,3.26,0.00,1519597568,0,1607845888
248.9419,1474465792,5510.9400,114.30,0,805425152,1,3.57,0.00,1519134720,0,1607845888
249.0468,1476038656,5511.1400,190.61,0,805425152,1,4.77,0.00,1521510400,0,1607845888
249.1529,1476038656,5511.2500,103.73,0,805425152,1,2.95,0.00,1521510400,0,1607845888
249.2580,1476038656,5511.3500,95.11,0,805425152,1,3.57,0.00,1521252352,0,1607845888
249.3628,1476038656,5511.4600,104.98,0,805425152,1,3.28,0.00,1520838656,0,1607845888
249.4679,1478004736,5511.6700,199.88,0,805425152,1,6.84,0.00,1523464192,0,1607845888
249.5734,1478004736,5511.7700,94.74,0,805425152,1,3.26,0.00,1523464192,0,1607845888
249.6791,1478004736,5511.8800,104.07,0,805425152,1,2.96,0.00,1523460096,0,1607845888
249.7845,1478004736,5511.9800,94.91,0,805425152,1,3.26,0.00,1523460096,0,1607870464
249.8899,1478004736,5512.0900,104.33,0,805425152,1,2.96,0.00,1523460096,0,1607870464
249.9953,1434619904,5512.3100,208.77,0,805425152,1,5.63,0.00,1481828352,0,1607870464
250.1017,1434619904,5512.4100,94.01,0,805425152,1,3.23,0.00,1481852928,0,1607870464
250.2075,1434619904,5512.5200,103.99,0,805425152,1,2.95,0.00,1481852928,0,1607870464
250.3130,1434619904,5512.6200,94.74,0,805425152,1,3.26,0.00,1481852928,0,1607870464
250.4181,1434619904,5512.7300,104.68,0,805425152,1,2.97,0.00,1481271296,0,1607870464
250.5235,1469706240,5512.9300,189.76,0,805425152,1,6.23,0.00,1517193216,0,1607870464
250.6297,1469706240,5513.0300,94.20,0,805425152,1,2.94,0.00,1517189120,0,1607870464
250.7347,1469706240,5513.1400,104.74,0,805425152,1,3.27,0.00,1517189120,0,1607870464
250.8403,1469706240,5513.2500,104.13,0,805425152,1,3.25,0.00,1517189120,0,1607931904
250.9454,1469706240,5513.3500,95.11,0,805425152,1,2.97,0.00,1516939264,0,1607931904
251.0507,1488842752,5513.5600,199.51,0,805425152,1,6.23,0.00,1535811584,0,1607940096
251.1567,1488842752,5513.6700,103.81,0,805425152,1,3.24,0.00,1535553536,0,1607940096
251.2626,1488842752,5513.7700,94.40,0,805425152,1,3.24,0.00,1535553536,0,1607940096
251.3684,1488842752,5513.8800,104.00,0,805425152,1,2.95,0.00,1535303680,0,1607952384
251.4733,1488842752,5514.0100,123.85,0,805425152,1,3.57,0.00,1535062016,0,1608009728
251.5786,1446375424,5514.2400,218.47,0,805425152,1,5.94,0.00,1493315584,0,1608009728
251.6846,1446375424,5514.3500,103.73,0,805425152,1,3.24,0.00,1492967424,0,1608009728
251.7901,1446375424,5514.4600,104.35,0,805425152,1,3.26,0.00,1492201472,0,1608009728
251.8953,1446375424,5514.5600,95.04,0,805425152,1,3.27,0.00,1492201472,0,1608009728
252.0004,1472196608,5514.7700,199.69,0,805425152,1,7.13,0.00,1519472640,0,1608030208
252.1059,1472196608,5514.8800,104.35,0,805425152,1,3.26,0.00,1519210496,0,1608030208
252.2113,1472196608,5514.9800,94.83,0,805425152,1,3.26,0.00,1519210496,0,1608030208
252.3171,1472196608,5515.0900,103.97,0,805425152,1,3.25,0.00,1519046656,0,1608030208
252.4228,1472196608,5515.2000,104.03,0,805425152,1,3.25,0.00,1518800896,0,1608030208
252.5292,1499324416,5515.4100,197.51,0,805425152,1,6.47,0.00,1546846208,0,1608030208
252.6359,1499324416,5515.5100,93.67,0,805425152,1,3.51,0.00,1546846208,0,1608030208
252.7411,1499324416,5515.6200,104.60,0,805425152,1,2.97,0.00,1546846208,0,1608030208
252.8463,1499324416,5515.7200,95.04,0,805425152,1,3.56,0.00,1546846208,0,1610146304
252.9510,1499324416,5515.8300,105.04,0,805425152,1,3.28,0.00,1546592256,0,1610146304
253.0571,1507188736,5516.0500,207.38,0,805425152,1,6.48,0.00,1554493440,0,1610146304
253.1637,1507188736,5516.1500,93.87,0,805425152,1,3.23,0.00,1554493440,0,1610146304
253.2696,1507188736,5516.2600,103.85,0,805425152,1,3.25,0.00,1554489344,0,1610146304
253.3757,1507188736,5516.3700,103.66,0,805425152,1,2.94,0.00,1554235392,0,1610146304
253.4815,1507188736,5516.4800,103.97,0,805425152,1,3.54,0.00,1554575360,0,1610146304
253.5871,1515053056,5516.6800,189.42,0,805425152,1,5.03,0.00,1562247168,0,1610146304
253.6936,1515053056,5516.7900,103.26,0,805425152,1,3.23,0.00,1562247168,0,1610146304
253.7992,1515053056,5516.8900,94.75,0,805425152,1,3.26,0.00,1562247168,0,1610146304
253.9043,1515053056,5517.0000,104.67,0,805425152,1,3.27,0.00,1562243072,0,1610162688
254.0093,1523310592,5517.2100,199.94,0,805429248,1,5.95,0.00,1570373632,0,1610162688
254.1153,1523310592,5517.3200,103.72,0,805429248,1,3.54,0.00,1570373632,0,1610310144
254.2213,1523310592,5517.4200,94.39,0,805429248,1,3.24,0.00,1570373632,0,1610310144
254.3273,1523310592,5517.5300,103.76,0,805429248,1,2.95,0.00,1570119680,0,1610310144
254.4322,1523310592,5517.6400,104.82,0,805429248,1,3.28,0.00,1569107968,0,1610310144
254.5380,1531568128,5517.8500,198.60,0,805429248,1,5.91,0.00,1579069440,0,1610310144
254.6444,1531568128,5517.9600,103.35,0,805429248,1,3.23,0.00,1579065344,0,1610310144
254.7499,1531568128,5518.0700,104.23,0,805429248,1,2.96,0.00,1579061248,0,1610355200
254.8550,1531568128,5518.1800,104.73,0,805429248,1,2.98,0.00,1578545152,0,1610355200
254.9603,1531568128,5518.2800,94.90,0,805429248,1,3.56,0.00,1578291200,0,1610355200
255.0654,1541005312,5518.4900,199.93,0,805429248,1,7.44,0.00,1588563968,0,1610355200
255.1715,1541005312,5518.5900,94.19,0,805429248,1,3.53,0.00,1587544064,0,1610355200
255.2770,1541005312,5518.7000,104.30,0,805429248,1,2.96,0.00,1587544064,0,1610355200
255.3824,1541005312,5518.8000,94.88,0,805429248,1,3.26,0.00,1587539968,0,1610355200
255.4881,1541398528,5518.9800,170.34,0,805429248,1,4.44,0.00,1589960704,0,1610355200
255.5936,1542971392,5519.1200,132.70,0,805429248,1,4.15,0.00,1587953664,0,1610355200
255.6984,1542971392,5519.2300,104.89,0,805429248,1,2.98,0.00,1587728384,0,1610355200
255.8038,1542971392,5519.3300,94.95,0,805429248,1,3.26,0.00,1587728384,0,1610355200
255.9085,1542971392,5519.4400,105.00,0,805429248,1,3.28,0.00,1587728384,0,1610494464
256.0136,1544544256,5519.6400,190.32,0,805429248,1,6.84,0.00,1590886400,0,1610494464
256.1200,1544544256,5519.7500,103.39,0,805429248,1,2.94,0.00,1590108160,0,1610494464
256.2256,1544544256,5519.8600,104.19,0,805429248,1,2.96,0.00,1589850112,0,1610494464
256.3306,1544544256,5519.9600,95.26,0,805429248,1,3.27,0.00,1589850112,0,1610494464
256.4362,1544544256,5520.0700,104.18,0,805429248,1,3.26,0.00,1589592064,0,1610494464
256.5420,1546117120,5520.2800,198.45,0,805429248,1,5.61,0.00,1592745984,0,1610494464
256.6478,1546117120,5520.3900,103.91,0,805429248,1,3.25,0.00,1592745984,0,1610494464
256.7534,1546117120,5520.5000,104.24,0,805429248,1,2.96,0.00,1592258560,0,1610494464
256.8588,1546117120,5520.6000,94.80,0,805429248,1,3.26,0.00,1592004608,0,1610494464
256.9639,1546117120,5520.7100,104.66,0,805429248,1,4.16,0.00,1591234560,0,1610494464
257.0688,1546117120,5520.9100,190.76,0,805429248,1,5.66,0.00,1592438784,0,1610494464
257.1748,1546117120,5521.0100,94.31,0,805429248,1,3.54,0.00,1592438784,0,1610494464
257.2802,1546117120,5521.1200,104.42,0,805429248,1,2.97,0.00,1592438784,0,1610494464
257.3855,1546117120,5521.2200,94.91,0,805429248,1,3.26,0.00,1592180736,0,1610494464
257.4909,1548476416,5521.4400,208.72,0,805433344,1,5.93,0.00,1596932096,0,1610535424
257.5969,1548476416,5521.5500,103.80,0,805433344,1,2.95,0.00,1596928000,0,1610535424
257.7020,1548476416,5521.6500,95.17,0,805433344,1,3.27,0.00,1596690432,0,1610535424
257.8074,1548476416,5521.7600,104.33,0,805433344,1,3.26,0.00,1596690432,0,1610535424
257.9126,1548476416,5521.8600,95.01,0,805433344,1,3.27,0.00,1596698624,0,1610535424
258.0180,1570103296,5522.0800,208.78,0,805433344,1,5.93,0.00,1618739200,0,1612833792
258.1237,1570103296,5522.1900,104.10,0,805433344,1,2.96,0.00,1618489344,0,1612833792
258.2292,1570103296,5522.2900,94.75,0,805433344,1,3.55,0.00,1618227200,0,1612878848
258.3344,1570103296,5522.4000,104.64,0,805433344,1,3.27,0.00,1618235392,0,1612878848
258.4399,1570103296,5522.5100,104.26,0,805433344,1,3.26,0.00,1617977344,0,1612878848
258.5452,1571676160,5522.7300,208.89,0,805433344,1,8.01,0.00,1618563072,0,1612878848
258.6513,1571676160,5522.8400,103.63,0,805433344,1,3.83,0.00,1617379328,0,1612948480
258.7574,1571676160,5522.9500,103.75,0,805433344,1,3.24,0.00,1617375232,0,1612948480
258.8629,1571676160,5523.0500,94.72,0,805433344,1,2.96,0.00,1617375232,0,1612948480
258.9682,1571676160,5523.1800,123.55,0,805433344,1,3.27,0.00,1617371136,0,1612948480
259.0736,1586397184,5523.3700,180.23,0,805433344,1,6.52,0.00,1633071104,0,1637397504
259.1798,1586397184,5523.4800,103.52,0,805433344,1,2.94,0.00,1632813056,0,1637397504
259.2854,1586397184,5523.5800,94.73,0,805433344,1,3.26,0.00,1632813056,0,1637397504
259.3907,1586397184,5523.6900,104.49,0,805433344,1,2.97,0.00,1632075776,0,1637450752
259.4963,1553170432,5523.9000,198.81,0,805433344,1,6.51,0.00,1599172608,0,1637450752
259.6022,1553170432,5524.0000,94.42,0,805433344,1,5.31,0.00,1597636608,0,1637499904
259.7076,1553170432,5524.1100,104.39,0,805433344,1,3.86,0.00,1597628416,0,1637499904
259.8130,1553170432,5524.2100,94.90,0,805433344,1,3.26,0.00,1597628416,0,1637499904
259.9179,1553170432,5524.3200,104.81,0,805433344,1,2.98,0.00,1597628416,0,1637499904
260.0237,1569824768,5524.5300,198.56,0,805433344,1,6.80,0.00,1617548288,0,1637499904
260.1304,1569824768,5524.6300,93.73,0,805433344,1,3.22,0.00,1617290240,0,1637528576
260.2358,1569824768,5524.7400,104.32,0,805433344,1,3.26,0.00,1617290240,0,1637528576
260.3409,1569824768,5524.8400,95.15,0,805433344,1,2.97,0.00,1616262144,0,1637528576
260.4459,1569824768,5524.9500,104.81,0,805433344,1,3.57,0.00,1616081920,0,1637528576
260.5511,1586995200,5525.1500,190.08,0,805433344,1,4.46,0.00,1633399808,0,1637590016
260.6571,1586995200,5525.2600,103.71,0,805433344,1,3.24,0.00,1633399808,0,1637590016
260.7626,1586995200,5525.3600,94.80,0,805433344,1,2.96,0.00,1633399808,0,1637647360
260.8676,1586995200,5525.4700,104.79,0,805433344,1,3.57,0.30,1633145856,0,1637647360
260.9732,1586995200,5525.6000,123.14,0,805433344,1,3.85,0.00,1633149952,0,1637647360
261.0790,1586995200,5525.7800,170.11,0,805433344,1,7.09,0.00,1633743872,0,1637647360
261.1850,1586995200,5525.8900,103.80,0,805433344,1,3.24,0.00,1633485824,0,1638171648
261.2902,1586995200,5525.9900,95.05,0,805433344,1,3.27,0.00,1633485824,0,1638171648
261.3957,1586995200,5526.1000,104.26,0,805433344,1,2.96,0.00,1633227776,0,1638171648
261.5018,1586995200,5526.3100,197.85,0,805433344,1,5.59,0.00,1634321408,0,1638171648
261.6086,1586995200,5526.4100,93.64,0,805433344,1,2.93,0.00,1633551360,0,1638171648
261.7141,1586995200,5526.5200,104.29,0,805433344,1,3.26,0.00,1633551360,0,1638171648
261.8198,1586995200,5526.6200,94.60,0,805433344,1,2.96,0.00,1633547264,0,1638171648
261.9253,1586995200,5526.7300,104.28,0,805433344,1,3.26,0.00,1633547264,0,1638171648
262.0302,1586995200,5526.9300,190.59,0,805433344,1,5.96,0.00,1633846272,0,1638171648
262.1363,1586995200,5527.0400,103.63,0,805433344,1,3.24,0.00,1633072128,0,1638171648
262.2425,1586995200,5527.1400,94.23,0,805433344,1,3.24,0.00,1633072128,0,1638171648
262.3478,1586995200,5527.2500,104.41,0,805433344,1,2.97,0.00,1633072128,0,1638171648
262.4530,1586995200,5527.3600,104.56,0,805433344,1,3.27,0.00,1632338944,0,1638171648
262.5579,1587781632,5527.5500,181.14,0,805433344,1,6.26,0.00,1634280448,0,1638171648
262.6641,1587781632,5527.6600,103.56,0,805433344,1,2.94,0.00,1634015232,0,1638171648
262.7692,1587781632,5527.7700,104.67,0,805433344,1,3.27,0.00,1634015232,0,1638171648
262.8742,1587781632,5527.8700,95.24,0,805433344,1,3.27,0.00,1634015232,0,1638171648
262.9799,1587781632,5528.0800,198.66,0,805433344,1,5.91,0.00,1635231744,0,1638171648
263.0855,1587781632,5528.1800,94.74,0,805433344,1,7.70,0.00,1634490368,0,1691972096
263.1913,1587781632,5528.2900,103.95,0,805433344,1,3.25,0.00,1634703360,0,1691972096
263.2973,1587781632,5528.4000,103.77,0,805433344,1,2.95,0.00,1634191360,0,1691972096
263.4030,1587781632,5528.5000,94.59,0,805433344,1,3.55,0.00,1634084864,0,1691972096
263.5083,1587781632,5528.7200,208.94,0,805433344,1,6.83,0.00,1634613248,0,1691972096
263.6145,1587781632,5528.8300,103.58,0,805433344,1,3.24,0.00,1634359296,0,1692008960
263.7203,1587781632,5528.9300,94.56,0,805433344,1,3.25,0.00,1634359296,0,1692008960
263.8258,1587781632,5529.0400,104.27,0,805433344,1,3.85,0.00,1632606208,0,1692008960
263.9307,1587781632,5529.1400,95.29,0,805433344,1,7.44,0.00,1631570944,0,1692008960
264.0358,1588174848,5529.3500,199.87,0,805433344,1,5.65,0.00,1635773440,0,1692008960
264.1421,1588174848,5529.4500,94.02,0,805433344,1,3.23,0.00,1635519488,0,1692168704
264.2477,1588174848,5529.5600,104.20,0,805433344,1,2.96,0.00,1635515392,0,1692168704
264.3533,1588174848,5529.6600,94.73,0,805433344,1,2.96,0.00,1635257344,0,1692168704
264.4581,1588174848,5529.7800,114.47,0,805433344,1,3.58,0.00,1634745344,0,1692168704
264.5631,1588174848,5529.9800,190.43,0,805433344,1,5.95,0.00,1635548160,0,1692168704
264.6693,1588174848,5530.0900,103.57,0,805433344,1,3.24,0.00,1635548160,0,1692168704
264.7749,1588174848,5530.1900,94.76,0,805433344,1,2.96,0.00,1635544064,0,1692275200
264.8807,1588174848,5530.3000,103.95,0,805433344,1,2.95,0.00,1635032064,0,1692275200
264.9858,1588961280,5530.5000,190.21,0,805433344,1,6.84,0.00,1637137408,0,1692275200
265.0918,1588961280,5530.6100,103.77,0,805433344,1,3.24,0.00,1636113408,0,1692275200
265.1976,1588961280,5530.7100,94.55,0,805433344,1,2.95,0.00,1635855360,0,1692275200
265.3036,1588961280,5530.8200,103.81,0,805433344,1,3.24,0.00,1635601408,0,1692275200
265.4091,1588961280,5530.9300,104.19,0,805433344,1,2.96,0.00,1635601408,0,1692275200
265.5148,1596432384,5531.1400,198.70,0,805433344,1,6.80,0.00,1644522496,0,1692275200
265.6209,1596432384,5531.2500,103.73,0,805433344,1,3.24,0.00,1644014592,0,1692275200
265.7259,1596432384,5531.3500,95.22,0,805433344,1,3.27,0.00,1644014592,0,1692275200
265.8309,1596432384,5531.4500,95.21,0,805433344,1,3.27,0.00,1644014592,0,1692275200
265.9363,1596432384,5531.5600,104.41,0,805433344,1,2.97,0.00,1644047360,0,1692275200
266.0416,1596014592,5531.7700,199.37,0,805433344,1,6.23,0.00,1644030976,0,1692275200
266.1475,1596014592,5531.8800,103.84,0,805433344,1,2.95,0.00,1643805696,0,1692275200
266.2534,1596014592,5531.9800,94.46,0,805433344,1,3.25,0.00,1643547648,0,1692299776
266.3586,1596014592,5532.0800,95.07,0,805433344,1,3.27,0.00,1643547648,0,1692299776
266.4637,1596014592,5532.1900,104.63,0,805433344,1,2.97,0.00,1643293696,0,1692299776
266.5689,1596014592,5532.4000,199.74,0,805433344,1,5.65,0.00,1644162048,0,1692299776
266.6748,1596014592,5532.5000,94.43,0,805433344,1,3.25,0.00,1644162048,0,1692299776
266.7800,1596014592,5532.6100,104.52,0,805433344,1,2.97,0.00,1644162048,0,1692299776
266.8850,1596014592,5532.7200,104.76,0,805433344,1,3.57,0.00,1644166144,0,1692299776
266.9902,1597194240,5532.8600,133.07,0,805433344,1,6.53,0.00,1646070784,0,1692299776
267.0957,1598373888,5533.0300,161.09,0,805433344,1,4.15,0.00,1646070784,0,1692299776
267.2009,1598373888,5533.1300,95.05,0,805433344,1,3.27,0.00,1646066688,0,1692299776
267.3064,1598373888,5533.2400,104.30,0,805433344,1,3.26,0.00,1645313024,0,1692299776
267.4114,1598373888,5533.3500,104.73,0,805433344,1,3.27,0.00,1645313024,0,1692299776
267.5169,1364344832,5533.4500,94.84,0,805437440,1,3.85,0.00,1388703744,0,1692299776
267.6217,0,5533.5600,104.99,0,805437440,1,3.28,0.00,74848256,0,1692299776
267.6269,0,5533.5600,0.00,0,805437440,0,11.86,0.00,70473728,0,1692299776
