t_s,proc_rss_bytes,proc_cpu_s,proc_cpu_pct,proc_read_bytes,proc_write_bytes,nproc,sys_cpu_pct,sys_iowait_pct,sys_mem_used_bytes,sys_read_bytes,sys_write_bytes
0.0000,0,0.0000,0.00,0,0,0,0.00,0.00,77076480,0,0
0.1045,57225216,0.0900,86.13,0,0,1,3.29,0.00,95779840,0,0
0.2106,84574208,0.2300,131.88,0,0,1,3.53,0.00,121176064,0,0
0.3172,93224960,0.3900,150.18,0,0,1,5.57,0.00,129232896,0,0
0.4234,476573696,0.7200,310.58,0,0,1,8.82,0.00,515715072,0,0
0.5302,508030976,0.8900,159.18,0,0,1,4.97,0.00,546557952,0,0
0.6369,531230720,1.0400,140.59,0,0,1,5.56,0.00,570413056,0,0
0.7437,546172928,1.2000,149.78,0,0,1,4.68,0.00,586092544,0,118784
0.8498,564654080,1.3700,160.34,0,0,1,5.60,0.00,604848128,0,118784
0.9560,583528448,1.5300,150.56,0,0,1,4.71,0.00,623718400,0,118784
1.0629,598470656,1.6800,140.35,0,0,1,4.97,0.00,639131648,0,118784
1.1693,612626432,1.8400,150.42,0,0,1,3.82,0.00,654336000,0,270336
1.2753,627568640,2.0000,150.95,0,0,1,3.83,0.00,669859840,0,270336
1.3812,630714368,2.1200,113.26,0,0,1,4.42,0.00,673529856,0,270336
1.4878,647229440,2.2900,159.49,0,0,1,3.52,0.00,690016256,0,270336
1.5940,666103808,2.4600,160.07,0,0,1,5.30,0.00,709009408,0,270336
1.6999,684191744,2.6200,151.13,0,0,1,4.13,0.00,728363008,0,270336
1.8065,699527168,2.7700,140.68,0,0,1,5.28,0.00,743387136,0,270336
1.9123,717615104,2.9400,160.65,0,0,1,5.32,0.00,762925056,0,270336
2.0184,732164096,3.0900,141.42,0,0,1,4.71,0.00,777900032,0,270336
2.1242,751431680,3.2600,160.73,0,0,1,5.32,0.00,796639232,0,270336
2.2309,765980672,3.4200,149.93,0,0,1,5.56,0.00,815599616,0,270336
2.3383,784855040,3.5800,148.90,0,0,1,4.94,0.00,830799872,0,270336
2.4442,800583680,3.7300,141.69,0,0,1,5.31,0.00,850202624,0,270336
2.5504,817491968,3.9000,160.09,0,0,1,4.71,0.00,865300480,0,270336
2.6572,835973120,4.0600,149.77,0,0,1,4.68,0.00,884436992,0,270336
2.7633,852881408,4.2100,141.35,0,0,1,4.71,0.00,901935104,0,5691904
2.8691,872148992,4.3700,151.23,0,0,1,4.43,0.00,921251840,0,5691904
2.9753,889843712,4.5400,160.16,0,0,1,4.71,0.00,940011520,0,5691904
3.0814,904785920,4.7000,150.79,0,0,1,5.60,0.00,955019264,0,5753344
3.1872,919728128,4.8500,141.73,0,0,1,4.72,0.00,973152256,0,5753344
3.2933,937816064,5.0100,150.79,0,0,1,5.60,0.00,989347840,0,5753344
3.3996,953151488,5.1700,150.52,0,0,1,5.88,0.00,1008558080,0,5753344
3.5056,971632640,5.3300,151.00,0,0,1,5.31,0.00,1023795200,0,5786112
3.6118,990507008,5.4900,150.72,0,0,1,4.12,0.00,1043009536,0,5786112
3.7181,1005056000,5.6500,150.45,0,0,1,5.88,0.00,1058476032,0,5786112
3.8240,1023537152,5.8100,151.11,0,0,1,4.43,0.00,1077555200,0,5786112
3.9299,1038479360,5.9700,151.08,0,0,1,4.72,0.00,1092759552,0,5786112
4.0362,1056174080,6.1300,150.44,0,0,1,5.88,0.00,1111793664,0,5786112
4.1425,1071509504,6.2900,150.59,0,0,1,3.82,0.00,1127260160,0,5786112
4.2490,1089990656,6.4600,159.60,0,0,1,4.99,0.00,1146134528,0,5786112
4.3551,1104932864,6.6100,141.36,0,0,1,4.12,0.00,1163542528,0,5786112
4.4612,1123020800,6.7700,150.89,0,0,1,5.89,0.00,1180581888,0,5786112
4.5671,1123020800,6.8800,103.87,0,0,1,2.95,0.00,1180139520,0,5786112
4.6735,1123414016,6.9900,103.31,0,0,1,3.52,0.00,1180196864,0,5786112
4.7796,1123807232,7.1200,122.57,0,0,1,3.83,0.00,1180549120,0,5786112
4.8876,1140322304,7.3200,185.19,0,0,1,6.37,0.00,1198370816,0,5786112
4.9934,1159196672,7.4900,160.64,0,0,1,5.61,0.00,1216983040,0,5786112
5.0992,1173745664,7.6500,151.29,0,0,1,6.21,0.00,1232150528,0,6027776
5.2057,1189474304,7.8100,150.14,0,0,1,4.99,0.00,1250906112,0,6027776
5.3117,1207169024,7.9700,150.94,0,0,1,5.60,0.00,1266495488,0,6027776
5.4173,1223290880,8.1300,151.60,0,0,1,5.33,0.00,1283796992,0,6027776
5.5235,1241772032,8.2900,150.61,0,0,1,4.41,0.00,1302597632,0,6027776
5.6295,1257107456,8.4500,150.97,0,0,1,5.01,0.00,1319542784,0,6089216
5.7351,1275588608,8.6200,160.98,0,0,1,5.03,0.00,1337368576,0,6089216
5.8408,1290137600,8.7700,141.89,0,0,1,5.03,0.00,1352204288,0,6228480
5.9471,1309405184,8.9400,159.90,0,0,1,5.00,0.00,1371440128,0,6359552
6.0529,1323954176,9.1000,151.29,0,0,1,6.21,0.00,1386644480,0,6359552
6.1586,1342435328,9.2600,151.37,0,0,1,4.14,0.00,1405711360,0,6359552
6.2644,1356984320,9.4200,151.26,0,0,1,4.43,0.00,1421169664,0,6359552
6.3699,1372712960,9.5800,151.56,0,0,1,6.22,0.00,1439949824,0,6359552
6.4753,1390407680,9.7400,151.79,0,0,1,5.63,0.00,1455035392,0,6359552
6.5817,1404956672,9.9000,150.40,0,0,1,4.41,0.00,1470714880,0,6359552
6.6874,1420685312,10.0500,141.95,0,0,1,5.32,0.00,1489445888,0,6359552
6.7927,1438773248,10.2200,161.49,0,0,1,4.75,0.00,1504670720,0,6359552
6.8978,1453322240,10.3800,152.17,0,0,1,4.76,0.00,1520399360,0,6359552
7.0031,1467871232,10.5400,151.96,0,0,1,5.34,0.00,1535472640,0,6359552
7.1085,1483206656,10.6900,142.33,0,0,1,5.63,0.00,1553961984,0,6359552
7.2141,1501294592,10.8600,160.92,0,0,1,5.32,0.00,1569788928,0,6359552
7.3197,1516236800,11.0100,142.14,0,0,1,4.74,0.00,1585087488,0,6359552
7.4251,1531179008,11.1700,151.70,0,0,1,5.04,0.00,1600615424,0,6359552
7.5308,1545334784,11.3400,160.92,0,0,1,4.14,0.00,1615500288,0,6359552
7.6362,1560670208,11.4800,132.86,0,0,1,4.74,0.00,1631220736,0,6359552
7.7414,1581117440,11.6400,152.08,0,0,1,5.05,0.00,1652298752,0,6359552
7.8470,1596452864,11.8100,160.95,0,0,1,5.33,0.00,1667654656,0,6359552
7.9530,1611001856,11.9700,150.85,0,0,1,5.60,0.00,1682813952,0,10436608
8.0590,1629089792,12.1300,151.01,0,0,1,5.31,0.00,1701893120,0,10436608
8.1643,1644032000,12.2800,142.42,0,0,1,4.75,0.00,1717548032,0,10436608
8.2695,1658974208,12.4500,161.66,0,0,1,5.35,0.00,1733010432,0,10436608
8.3757,1673916416,12.6000,141.22,0,0,1,4.12,0.00,1748018176,0,10436608
8.4816,1688465408,12.7600,151.02,0,0,1,4.72,0.00,1767265280,0,10436608
8.5873,1706946560,12.9300,160.88,0,0,1,4.44,0.00,1782895616,0,10436608
8.6928,1722281984,13.0900,151.62,0,0,1,5.33,0.00,1798095872,0,10436608
8.7984,1737224192,13.2500,151.60,0,0,1,3.85,0.00,1813300224,0,10436608
8.9040,1755312128,13.4000,142.06,0,0,1,5.62,0.00,1831937024,0,10612736
9.0102,1770254336,13.5700,160.10,0,0,1,5.00,0.00,1847403520,0,10649600
9.1159,1785196544,13.7200,141.85,0,0,1,3.84,0.00,1863185408,0,10649600
9.2213,1803284480,13.8800,151.74,0,0,1,4.45,0.00,1882305536,0,10649600
9.3272,1818226688,14.0500,160.55,0,0,1,3.84,0.00,1897436160,1024,10686464
9.4335,1837101056,14.2000,141.21,0,0,1,5.88,0.00,1916834816,1024,10805248
9.5394,1852043264,14.3800,169.84,0,0,1,5.60,0.00,1931863040,1024,10805248
9.6451,1866985472,14.5300,141.96,0,0,1,4.44,0.00,1950999552,1024,10829824
9.7510,1885466624,14.7000,160.53,0,0,1,5.90,0.00,1966990336,1024,10829824
9.8564,1900408832,14.8600,151.83,0,0,1,4.74,0.00,1982256128,1024,10829824
9.9621,1919283200,15.0300,160.74,0,0,1,4.14,0.00,2001134592,1024,10829824
10.0688,1936191488,15.1900,150.08,0,0,1,4.98,0.00,2018923520,1024,10829824
10.1746,1951526912,15.3400,141.76,0,0,1,4.13,0.00,2034127872,1024,10829824
10.2802,1966075904,15.5000,151.46,0,0,1,5.62,0.00,2049332224,1024,10829824
10.3863,1981018112,15.6600,150.89,0,0,1,4.42,0.00,2067682304,1024,10829824
10.4920,1999499264,15.8300,160.83,0,0,1,5.91,0.00,2083984384,1024,10829824
10.5975,2014048256,15.9800,142.13,0,0,1,5.03,0.00,2099602432,1024,10854400
10.7031,2030170112,16.1400,151.53,0,0,1,3.55,0.00,2118517760,1024,10854400
10.8086,2047864832,16.3000,151.68,0,0,1,4.44,0.00,2133918720,1024,10854400
10.9149,2063200256,16.4700,159.94,0,0,1,5.59,0.00,2149368832,1024,10854400
11.0202,2081681408,16.6200,142.43,0,0,1,5.93,0.00,2167968768,1024,10854400
11.1268,2105274368,16.7900,159.41,0,0,1,4.40,0.00,2193134592,1024,11005952
11.2326,2132799488,16.9600,160.77,0,0,1,7.39,0.00,2221179904,1024,11005952
11.3385,2157178880,17.1300,160.53,0,0,1,5.61,0.00,2245850112,1024,11005952
11.4443,2180378624,17.3000,160.60,0,0,1,5.31,0.00,2270692352,1024,11005952
11.5498,2205544448,17.4600,151.69,0,0,1,5.33,0.00,2299565056,1024,11005952
11.6559,2232676352,17.6300,160.27,0,0,1,4.71,0.00,2324689920,1024,11005952
11.7620,2256269312,17.7900,150.77,0,0,1,3.83,0.00,2349331456,1024,11005952
11.8674,2280255488,17.9600,161.24,0,0,1,7.41,0.00,2374075392,1024,11005952
11.9732,2304634880,18.1200,151.30,0,0,1,4.43,0.00,2403173376,1024,11005952
12.0787,2328227840,18.2900,161.18,0,0,1,4.74,0.00,2426975232,1024,11005952
12.1844,2352607232,18.4500,151.28,0,0,1,6.20,0.00,2448606208,1024,11005952
12.2909,2380525568,18.6200,159.68,0,0,1,4.11,0.00,2477155328,1024,11005952
12.3969,2404904960,18.7900,160.30,0,0,1,5.89,0.00,2501755904,1024,11005952
12.5023,2428497920,18.9500,151.88,0,0,1,3.86,0.00,2526659584,1024,11005952
12.6077,2452484096,19.1100,151.79,0,0,1,4.74,0.00,2553693184,1024,11005952
12.7134,2480402432,19.2900,170.20,0,0,1,5.32,0.00,2580198400,1024,11005952
12.8193,2504781824,19.4500,151.08,0,0,1,5.31,0.00,2605106176,1024,11005952
12.9251,2541637632,19.6000,141.91,0,0,1,5.62,0.00,2642715648,1024,11005952
13.0316,2543210496,19.7300,122.05,0,0,1,3.81,0.00,2643866624,1024,15527936
13.1378,2545176576,19.8700,131.75,0,0,1,4.41,0.00,2645943296,1024,15527936
13.2442,2545569792,20.0000,122.22,0,4096,1,3.82,0.00,2646205440,1024,15527936
13.3499,2545569792,20.1400,132.51,0,4096,1,4.14,0.00,2646205440,1024,15556608
13.4559,2547535872,20.2800,132.05,0,4096,1,4.42,0.00,2648298496,1024,15556608
13.5624,2547535872,20.4100,122.05,0,4096,1,3.81,0.00,2648097792,1024,15556608
13.6676,2547535872,20.5600,142.59,0,4096,1,4.16,0.00,2648097792,1024,15556608
13.7735,2549895168,20.6800,113.27,0,4096,1,5.90,0.00,2650305536,1024,15605760
13.8793,2549895168,20.8300,141.76,0,8192,1,5.32,0.00,2649916416,1024,15605760
13.9848,2551861248,20.9700,132.70,0,8192,1,4.74,0.00,2652270592,1024,15605760
14.0909,2551861248,21.1000,122.54,0,8192,1,3.53,0.00,2652270592,1024,15605760
14.1967,2551861248,21.2500,141.85,0,8192,1,4.73,0.00,2652270592,1024,15605760
14.3024,2558152704,21.3900,132.36,0,8192,1,4.73,0.00,2659344384,1024,15605760
14.4090,2563657728,21.5400,140.82,0,8192,1,4.99,0.00,2665357312,1024,15605760
14.5150,2570735616,21.6700,122.65,0,8192,1,3.54,0.00,2671644672,1024,24371200
14.6207,2576240640,21.8000,122.96,0,8192,1,7.98,0.30,2677604352,9728,146542592
14.7268,2582138880,21.9300,122.52,0,8192,1,3.83,0.00,2684149760,9728,146542592
14.8322,2589216768,22.0600,123.30,0,8192,1,3.85,0.00,2691489792,9728,146595840
14.9381,2595508224,22.2000,132.24,0,8192,1,3.25,0.00,2697830400,9728,146673664
15.0438,2601799680,22.3300,122.97,0,8192,1,4.14,0.00,2703507456,9728,146792448
15.1494,2608877568,22.4600,123.17,0,8192,1,4.15,0.00,2711416832,9728,146792448
15.2556,2614382592,22.5900,122.39,0,8192,1,4.12,0.00,2717360128,9728,146792448
15.3616,2620674048,22.7200,122.65,0,8192,1,4.13,0.00,2724397056,9728,146792448
15.4670,2627751936,22.8600,132.81,0,8192,1,3.85,0.00,2730975232,9728,146792448
15.5722,2634043392,22.9800,114.04,0,8192,1,4.45,0.00,2737377280,9728,146792448
15.6781,2639941632,23.1100,122.79,0,8192,1,4.13,0.00,2744967168,9728,146792448
15.7832,2647019520,23.2500,133.24,0,8192,1,2.97,0.00,2750996480,9728,146792448
15.8884,2653704192,23.3700,114.02,0,8192,1,4.16,0.00,2757292032,9728,146792448
15.9937,2659602432,23.5100,132.98,0,8192,1,5.34,0.00,2764922880,9728,146792448
16.0996,2666680320,23.6400,122.75,0,8192,1,4.72,0.00,2771046400,9728,146792448
16.2053,2672578560,23.7800,132.44,0,8192,1,5.62,0.00,2777432064,9728,146792448
16.3112,2680049664,23.9100,122.78,0,8192,1,3.84,0.00,2784915456,9728,146792448
16.4167,2685947904,24.0300,113.74,0,8192,1,3.55,0.00,2790690816,9728,146792448
16.5226,2691846144,24.1700,132.11,0,8192,1,4.42,0.00,2796732416,9728,146792448
16.6281,2698924032,24.3000,123.28,0,8192,1,3.85,0.00,2804346880,9728,146792448
16.7336,2704429056,24.4300,123.17,0,8192,1,3.26,0.00,2810646528,9728,146792448
16.8396,2711113728,24.5600,122.70,0,8192,1,3.54,0.00,2817863680,9728,146792448
16.9447,2718191616,24.7000,133.18,0,8192,1,5.35,0.00,2824318976,9728,146792448
17.0500,2724876288,24.8300,123.47,0,8192,1,4.16,0.00,2830692352,9728,146792448
17.1557,2730381312,24.9600,122.98,0,8192,1,4.14,0.30,2836480000,9728,216186880
17.2615,2737852416,25.0900,122.91,0,8192,1,4.14,0.00,2844393472,9728,216186880
17.3673,2743357440,25.2200,122.91,0,8192,1,4.14,0.00,2850717696,9728,216186880
17.4728,2750164992,25.3600,132.64,0,8192,1,3.85,0.00,2857668608,9728,216186880
17.5786,2756063232,25.5000,132.36,0,8192,1,4.43,0.00,2864349184,9728,216186880
17.6840,2763534336,25.6300,123.29,0,8192,1,3.85,0.00,2871353344,9728,216186880
17.7898,2769825792,25.7600,122.91,0,8192,1,4.14,0.00,2877382656,9728,216186880
17.8951,2776903680,25.8900,123.45,0,8192,1,3.26,0.00,2885185536,9728,216186880
18.0005,2783195136,26.0200,123.29,0,8192,1,3.85,0.00,2890616832,9728,216186880
18.1066,2788306944,26.1400,113.13,0,8192,1,7.07,0.00,2896633856,9728,229542912
18.2139,2793811968,26.2800,130.54,0,8192,1,14.28,0.00,2902736896,9728,258915328
18.3202,2800103424,26.4100,122.27,0,8192,1,4.41,0.00,2908917760,9728,258915328
18.4262,2807181312,26.5300,113.13,0,8192,1,4.12,0.00,2916126720,9728,258915328
18.5319,2813472768,26.6600,123.03,0,8192,1,4.14,0.00,2922053632,9728,258915328
18.6375,2820157440,26.7800,113.66,0,8192,1,5.62,0.00,2929799168,9728,258915328
18.7433,2826842112,26.9200,132.35,0,8192,1,3.54,0.00,2937622528,9728,258915328
18.8487,2833526784,27.0400,113.84,0,8192,1,4.45,0.00,2943696896,9728,258915328
18.9543,2840997888,27.1800,132.54,0,8192,1,4.14,0.00,2951573504,9728,258952192
19.0607,2847289344,27.3100,122.25,0,8192,1,5.00,0.00,2957561856,9728,258952192
19.1666,2854760448,27.4500,132.16,0,8192,1,5.01,0.00,2965114880,9728,259103744
19.2723,2862231552,27.5700,113.55,0,8192,1,3.84,0.00,2972958720,9728,259103744
19.3787,2868129792,27.7000,122.18,0,8192,1,3.82,0.00,2980454400,9728,259103744
19.4849,2875207680,27.8300,122.37,0,8192,1,4.12,0.00,2986745856,9728,259103744
19.5908,2882678784,27.9600,122.74,0,8192,1,4.13,0.00,2994024448,9728,259103744
19.6967,2888577024,28.0900,122.74,0,8192,1,7.08,0.00,3000578048,9728,382479360
19.8029,2896834560,28.2200,122.41,0,8192,1,3.24,0.00,3007770624,9728,382479360
19.9083,2901946368,28.3500,123.34,0,8192,1,5.04,0.00,3015561216,9728,382479360
20.0143,2909417472,28.4800,122.66,0,8192,1,4.13,0.00,3021922304,9728,382479360
20.1203,2916495360,28.6100,122.66,0,8192,1,4.42,0.00,3029684224,9728,382479360
20.2265,2924359680,28.7500,131.79,0,8192,1,4.41,0.00,3037212672,9728,382503936
20.3327,2931437568,28.8700,113.04,0,8192,1,5.89,0.00,3045085184,9728,382503936
20.4390,2939867136,29.0100,131.65,0,8192,1,3.53,0.00,3054522368,13824,382528512
20.5451,2946945024,29.1400,122.61,0,8192,1,5.31,0.00,3060740096,13824,382528512
20.6515,2954416128,29.2800,131.58,0,8192,1,4.70,0.00,3068604416,13824,382528512
20.7576,2961887232,29.4100,122.45,0,8192,1,3.83,0.00,3076202496,13824,382528512
20.8634,2969751552,29.5400,122.94,0,8192,1,5.02,0.00,3083542528,13824,382528512
20.9692,2976829440,29.6600,113.44,0,8192,1,4.43,0.00,3091193856,13824,382544896
21.0748,2984300544,29.8100,142.02,0,8192,1,3.85,0.00,3098796032,13824,382544896
21.1805,2991771648,29.9300,113.46,0,8192,1,5.02,0.00,3106705408,13824,382696448
21.2867,2997669888,30.0700,131.88,0,8192,1,3.24,0.00,3113017344,13824,382696448
21.3927,3005927424,30.3700,282.96,0,8192,1,10.61,0.00,3121143808,13824,382696448
21.5000,3009859584,30.8600,456.79,0,8192,1,13.98,0.00,3125342208,13824,382696448
21.6066,3014578176,31.3300,440.68,0,8192,1,14.36,0.00,3130277888,13824,382696448
21.7143,3017723904,31.8200,455.11,0,8192,1,13.93,0.00,3133947904,13824,382696448
21.8220,3019296768,32.0000,167.21,0,8192,1,4.94,0.00,3135512576,13824,382696448
21.9281,2620731392,32.1400,131.94,0,8192,1,5.30,0.00,2735845376,13824,382696448
22.0353,2622304256,32.5500,382.44,0,8192,1,10.20,0.00,2737508352,13824,382696448
22.1416,2622304256,32.6700,112.87,0,8192,1,4.12,0.00,2737770496,13824,382696448
22.2478,2627022848,32.8000,122.39,0,8192,1,4.12,0.00,2741702656,13824,382835712
22.3535,2634100736,32.9300,122.99,0,8192,1,4.14,0.00,2749566976,13824,382835712
22.4594,2641178624,33.0600,122.73,0,8192,1,4.43,0.00,2757058560,13824,382835712
22.5653,2648649728,33.1900,122.86,0,8192,1,3.25,0.00,2764591104,13824,382835712
22.6711,2656120832,33.3300,132.21,0,8192,1,4.43,0.00,2772451328,13824,382835712
22.7770,2663198720,33.4600,122.79,0,8192,1,3.84,0.00,2779783168,13824,382835712
22.8832,2671456256,33.5900,122.38,0,8192,1,3.82,0.00,2787643392,13824,382835712
22.9888,2678140928,33.7200,123.11,0,8192,1,3.55,0.00,2795274240,13824,382835712
23.0944,2684825600,33.8500,123.15,0,8192,1,3.26,0.00,2802876416,13824,382835712
23.1999,2691903488,33.9800,123.27,0,8192,1,3.85,0.00,2810474496,13824,382835712
23.3060,2699374592,34.1100,122.50,0,8192,1,12.96,0.59,2816634880,13824,420482560
23.4119,2704879616,34.2100,94.43,0,8192,1,2.95,0.00,2822574080,13824,420482560
23.5188,2713530368,34.3400,121.65,0,8192,1,5.85,0.00,2832207872,13824,420482560
23.6250,2723110912,34.4600,112.89,0,8192,1,3.53,0.00,2841387008,13824,420482560
23.7314,2730975232,34.5900,122.28,0,8192,1,2.94,0.00,2849247232,13824,420482560
23.8371,2738053120,34.7100,113.48,0,8192,1,3.25,0.00,2858422272,13824,420482560
23.9432,2746703872,34.8300,113.08,0,8192,1,3.24,0.00,2866286592,13824,420482560
24.0493,2753781760,34.9500,113.16,0,8192,1,4.13,0.00,2873769984,13824,420568576
24.1550,2761646080,35.0700,113.48,0,8192,1,3.25,0.00,2881372160,13824,420568576
24.2609,2769117184,35.2000,122.77,0,8192,1,4.72,0.00,2890596352,13824,420568576
24.3671,2777767936,35.3200,113.03,0,8192,1,5.59,0.00,2898198528,13824,420568576
24.4730,2785632256,35.4500,122.74,0,8192,1,4.43,0.00,2906062848,13824,420568576
24.5791,2794283008,35.5700,113.08,0,8192,1,3.24,0.00,2914742272,13824,420568576
24.6854,2801360896,35.7000,122.30,0,8192,1,5.29,0.00,2922606592,13824,420568576
24.7916,2809225216,35.8200,112.94,0,8192,1,3.53,0.00,2930208768,13824,420613632
24.8977,2816696320,35.9400,113.12,0,8192,1,2.95,0.00,2939162624,13824,420613632
25.0044,2825740288,36.0600,112.46,0,8192,1,3.51,0.00,2946850816,13824,420675072
25.1107,2832818176,36.1900,122.30,0,8192,1,3.23,0.00,2954420224,13824,420740608
25.2166,2839896064,36.3100,113.38,0,8192,1,4.13,0.00,2962132992,13824,420740608
25.3227,2849333248,36.4400,122.44,0,8192,1,3.53,0.00,2971160576,13824,420740608
25.4292,2856411136,36.5600,112.72,0,8192,1,4.11,0.00,2978877440,13824,420740608
25.5354,2863489024,36.6800,112.98,0,8192,1,4.12,0.00,2986643456,13824,420752896
25.6411,2871353344,36.8000,113.58,0,8192,1,5.03,0.00,2994245632,13824,420752896
25.7476,2878824448,36.9300,122.02,0,8192,1,3.81,0.00,3001847808,13824,420752896
25.8532,2885902336,37.0500,113.63,0,8192,1,3.26,0.00,3010498560,13824,420752896
25.9593,2895339520,37.1700,113.09,0,8192,1,4.12,0.00,3018678272,13824,420752896
26.0655,2902810624,37.2900,112.99,0,8192,1,4.41,0.00,3026051072,13824,420752896
26.1712,2913034240,37.4200,122.97,0,8192,1,4.14,0.00,3037560832,13824,420810240
26.2770,2920898560,37.5400,113.50,0,8192,1,3.25,0.00,3045425152,13824,420810240
26.3823,2927976448,37.6700,123.39,0,8192,1,4.15,0.00,3052765184,13824,420810240
26.4879,2937020416,37.7900,113.66,0,8192,1,4.44,0.00,3061940224,13824,420810240
26.5943,2944491520,37.9100,112.84,0,8192,1,3.23,0.00,3069542400,13824,420810240
26.7011,2953142272,38.0400,121.70,0,8192,1,3.80,0.00,3078717440,13824,420810240
26.8076,2960613376,38.1600,112.63,0,8192,1,3.81,0.00,3087892480,13824,420810240
26.9132,2970050560,38.2900,123.14,0,8192,1,4.74,0.00,3095490560,13824,420810240
27.0193,2977128448,38.4000,103.63,0,8192,1,3.83,0.00,3103354880,13824,420810240
27.1248,2984992768,38.5200,113.83,0,8192,1,3.85,0.00,3110989824,13824,420810240
27.2310,2990497792,38.6500,122.41,0,8192,1,3.24,0.00,3117637632,13824,420810240
27.3368,2995609600,38.7600,103.93,0,8192,1,4.43,0.00,3122094080,13824,420810240
27.4428,3001114624,38.8800,113.17,0,8192,1,2.95,0.00,3127861248,13824,420810240
27.5483,3007012864,38.9900,104.25,0,8192,1,3.55,0.00,3133595648,13824,420810240
27.6544,3012911104,39.1100,113.13,0,8192,1,3.24,0.00,3139850240,13824,420810240
27.7603,3017236480,39.2200,103.86,0,8192,1,4.72,0.00,3146141696,13824,420810240
27.8669,3023527936,39.3500,122.04,0,8192,1,3.81,0.00,3150704640,13824,420810240
27.9725,3029426176,39.4700,113.54,0,8192,1,3.55,0.00,3157082112,13824,420810240
28.0785,3034144768,39.5800,103.80,0,8192,1,4.13,0.00,3161767936,13824,420810240
28.1847,3040043008,39.6900,103.63,0,8192,1,3.83,0.00,3168055296,13824,420810240
28.2906,3044761600,39.8100,113.25,0,8192,1,3.83,0.00,3172966400,13824,420810240
28.3968,3050659840,39.9300,113.01,0,8192,1,5.59,0.00,3179057152,13824,423328256
28.5028,3056164864,40.0400,103.80,0,8192,1,3.83,0.00,3184996352,13824,423328256
28.6083,3061276672,40.1600,113.69,0,8192,1,3.55,0.00,3189952512,13824,423328256
28.7144,3067174912,40.2800,113.17,0,8192,1,3.54,0.00,3196055552,13824,423328256
28.8203,3073466368,40.3900,103.80,0,8192,1,3.54,0.00,3202338816,13824,423328256
28.9266,3077791744,40.5200,122.34,0,8192,1,3.53,0.00,3207233536,13824,423414272
29.0326,3084083200,40.6300,103.81,0,8192,1,3.83,0.00,3213279232,13824,423414272
29.1383,3089981440,40.7500,113.50,0,8192,1,3.84,0.00,3219501056,13824,423414272
29.2441,3094306816,40.8600,103.93,0,8192,1,2.95,0.00,3224342528,13824,423414272
29.3499,3100598272,40.9800,113.47,0,8192,1,2.96,0.00,3230408704,13824,423414272
29.4553,3106889728,41.0900,104.33,0,8192,1,4.15,0.00,3237249024,13824,423414272
29.5617,3111608320,41.2100,112.83,0,8192,1,5.00,0.00,3241689088,13824,423414272
29.6674,3117113344,41.3400,122.95,0,8192,1,3.25,0.00,3248226304,13824,423414272
29.7730,3123404800,41.4500,104.19,0,8192,1,3.26,0.00,3254620160,13824,423414272
29.8794,3128516608,41.5700,112.70,0,8192,1,3.82,0.00,3260309504,13824,423414272
29.9851,3134021632,41.6800,104.09,0,8192,1,3.84,0.00,3265290240,13824,423414272
30.0910,3140313088,41.8000,113.33,0,8192,1,3.54,0.00,3271086080,13824,423414272
30.1971,3144638464,41.9100,103.70,0,8192,1,4.12,0.00,3276394496,13824,423414272
30.3031,3150929920,42.0300,113.14,0,8192,1,3.24,0.00,3282685952,13824,423414272
30.4085,3156041728,42.1500,113.94,0,8192,1,4.45,0.00,3286867968,13824,423414272
30.5145,3161153536,42.2700,113.12,0,8192,1,2.95,0.00,3293380608,13824,423414272
30.6203,3167444992,42.3800,104.01,0,8192,1,3.55,0.00,3299209216,13824,423414272
30.7264,3171770368,42.5100,122.56,0,8192,1,4.12,0.00,3304448000,13824,423414272
30.8319,3178061824,42.6200,104.28,0,8192,1,3.56,0.00,3310661632,13824,423414272
30.9375,3183960064,42.7400,113.63,0,8192,1,4.14,0.00,3316379648,13824,423414272
31.0429,3188678656,42.8500,104.36,0,8192,1,3.85,0.00,3321167872,13824,423414272
31.1480,3194576896,42.9700,114.08,0,8192,1,4.16,0.00,3327479808,13824,423565824
31.2532,3200475136,43.0900,114.07,0,8192,1,3.56,0.00,3333918720,13824,423565824
31.3589,3205193728,43.2100,113.60,0,8192,1,3.85,0.00,3338625024,13824,423565824
31.4647,3211091968,43.3300,113.40,0,8192,1,3.25,0.00,3344744448,13824,423565824
31.5699,3217383424,43.4500,114.07,0,8192,1,3.86,0.00,3350802432,13824,423565824
31.6753,3221708800,43.5600,104.40,0,8192,1,2.97,0.00,3355885568,13824,423565824
31.7810,3228000256,43.6800,113.53,0,8192,1,4.43,0.00,3361832960,13824,423565824
31.8866,3247661056,43.8600,170.41,0,24576,1,4.73,0.00,3381423104,13824,423565824
31.9925,3251200000,44.0300,160.57,0,258048,1,5.02,0.00,3385029632,13824,423565824
32.0988,3255132160,44.1200,84.64,0,507904,1,2.65,0.00,3389356032,13824,423565824
32.2047,3259064320,44.2100,84.95,0,757760,1,2.95,0.00,3393955840,13824,423565824
32.3109,3263782912,44.2800,65.93,0,1007616,1,2.65,0.00,3398517760,13824,423565824
32.4169,3268108288,44.3500,66.04,0,1273856,1,2.36,0.00,3403871232,13824,423565824
32.5230,3272040448,44.4200,66.02,0,1523712,1,2.36,0.00,3408472064,13824,423565824
32.6287,3276365824,44.5000,75.68,0,1773568,1,2.96,0.00,3412958208,13824,423565824
32.7345,3282264064,44.5700,66.15,0,2048000,1,2.36,0.00,3417678848,13824,423565824
32.8400,3286196224,44.6500,75.80,0,2248704,1,2.96,0.00,3421881344,13824,423565824
32.9456,3291308032,44.7400,85.23,0,2461696,1,2.37,0.00,3427144704,13824,423565824
33.0512,3296813056,44.8200,75.78,0,2670592,1,2.66,0.00,3432695808,13824,423565824
33.1564,3301924864,44.8900,66.54,0,2871296,1,2.38,0.00,3437385728,13824,423565824
33.2626,3306250240,44.9600,65.94,0,3063808,1,1.77,0.00,3442411520,13824,423565824
33.3681,3311755264,45.0500,85.26,0,3260416,1,3.55,0.00,3448365056,13824,423565824
33.4741,3317260288,45.1200,66.04,0,3469312,1,2.36,0.00,3454875648,13824,425989632
33.5792,3322372096,45.2000,76.16,0,3686400,1,2.38,0.00,3459339264,13824,425989632
33.6849,3328270336,45.2700,66.18,0,3878912,1,2.66,0.00,3465015296,13824,425989632
33.7906,3334168576,45.3600,85.19,0,4075520,1,2.37,0.00,3470595072,13824,425989632
33.8965,3338887168,45.4400,75.51,0,4268032,1,2.65,0.00,3475563520,13824,425989632
34.0024,3344785408,45.5100,66.13,0,4501504,1,2.36,0.00,3481790464,13824,426046976
34.1078,3349897216,45.5800,66.42,0,4694016,1,2.08,0.00,3487028224,13824,426046976
34.2136,3355402240,45.6600,75.59,0,4890624,1,3.25,0.00,3493772288,13824,426046976
34.3190,3360907264,45.7400,75.88,0,5083136,1,3.85,0.00,3498157056,13824,426046976
34.4252,3367198720,45.8300,84.80,0,5316608,1,2.94,0.00,3504592896,13824,426046976
34.5312,3371917312,45.9000,66.02,0,5509120,1,2.06,0.00,3509797888,13824,426046976
34.6363,3377815552,45.9800,76.09,0,5705728,1,2.68,0.00,3515972608,13824,426046976
34.7426,3382534144,46.0500,65.88,0,5898240,1,2.06,0.00,3520539648,13824,426046976
34.8479,3387645952,46.1300,75.93,0,6090752,1,2.08,0.00,3526955008,13824,426046976
34.9538,3393544192,46.2100,75.56,0,6303744,1,2.66,0.00,3532425216,13824,426046976
35.0594,3398656000,46.2800,66.27,0,6496256,1,2.96,0.00,3538766848,13824,426276352
35.1652,3404161024,46.3600,75.66,0,6713344,1,2.07,0.00,3543334912,13824,426276352
35.2711,3410059264,46.4400,75.55,0,6905856,1,2.95,0.00,3548302336,13824,426276352
35.3768,3414777856,46.5100,66.18,0,7102464,1,2.36,0.00,3553719296,13824,426276352
35.4832,3421069312,46.6000,84.60,0,7294976,1,2.64,0.00,3560567808,13824,426276352
35.5887,3425787904,46.6700,66.39,0,7528448,1,2.07,0.00,3565008896,13824,426276352
35.6945,3432079360,46.7500,75.57,0,7725056,1,2.66,0.00,3571582976,13824,426276352
35.7999,3437191168,46.8300,75.91,0,7917568,1,2.37,0.00,3576469504,13824,426276352
35.9055,3442302976,46.9000,66.30,0,8110080,1,2.96,0.00,3581224960,13824,426276352
36.0108,3447414784,46.9800,75.95,0,8306688,1,1.78,0.00,3586890752,13824,426276352
36.1164,3452133376,47.0600,75.77,0,8499200,1,2.66,0.00,3593355264,13824,426276352
36.2225,3458424832,47.1300,65.99,0,8695808,1,2.36,0.00,3598016512,13824,426382848
36.3279,3463536640,47.2100,75.91,0,8929280,1,2.08,0.00,3604274176,13824,426382848
36.4336,3469041664,47.2900,75.64,0,9121792,1,2.36,0.00,3609308160,13824,426382848
36.5397,3474939904,47.3700,75.43,0,9318400,1,2.36,0.00,3615714304,13824,426497536
36.6452,3479658496,47.4400,66.38,0,9510912,1,2.37,0.00,3620527104,13824,426497536
36.7502,3484770304,47.5200,76.14,0,9703424,1,2.38,0.00,3625430016,13824,426497536
36.8559,3491061760,47.6000,75.71,0,9916416,1,2.37,0.00,3631992832,13824,426571264
36.9611,3495387136,47.6700,66.56,0,10133504,1,1.78,0.00,3637414912,13824,426571264
37.0663,3500892160,47.7500,76.00,0,10326016,1,2.08,0.00,3642567680,13824,426571264
37.1716,3506003968,47.8300,75.96,0,10522624,1,2.08,0.00,3647941632,13824,426571264
37.2780,3511902208,47.9100,75.22,0,10715136,1,2.64,0.00,3654748160,13824,426571264
37.3839,3517800448,47.9800,66.08,0,10948608,1,2.36,0.00,3659915264,13824,426571264
37.4898,3522912256,48.0600,75.59,0,11141120,1,2.07,0.00,3665902592,13824,426571264
37.5952,3529990144,48.1600,94.85,0,11313152,1,3.26,0.00,3673607168,13824,426571264
37.7006,3533922304,48.6400,455.59,0,11403264,1,14.83,0.00,3676026880,13824,426571264
37.8066,3426410496,49.0800,414.88,0,11497472,1,12.97,0.00,3541922816,13824,426571264
37.9127,2532237312,49.2700,179.19,0,11689984,1,6.78,0.00,2625271808,13824,426571264
38.0180,1683963904,49.4700,189.85,0,11886592,1,5.64,0.00,1751481344,13824,426571264
38.1231,1544503296,49.6100,133.21,0,12079104,1,3.87,0.00,1622861824,13824,426571264
38.2294,1544503296,49.6800,65.84,0,12275712,1,3.23,0.00,1622857728,13824,426571264
38.3349,1544503296,49.7600,75.81,0,12476416,1,2.67,0.00,1623382016,13824,426571264
38.4403,1544503296,49.8300,66.45,0,12701696,1,2.08,0.00,1623382016,13824,426571264
38.5459,1544503296,49.9000,66.28,0,12894208,1,2.37,0.00,1623787520,13824,426571264
38.6513,1544503296,49.9800,75.87,0,13090816,1,2.37,0.00,1623787520,13824,429516288
38.7567,1544503296,50.0600,75.94,0,13324288,1,2.67,0.00,1622700032,13824,429516288
38.8623,1544503296,50.1300,66.28,0,13516800,1,1.78,0.00,1622962176,13824,429516288
38.9683,1544503296,50.2000,66.02,0,13713408,1,2.36,0.00,1623158784,13824,429553152
39.0736,1544503296,50.2800,75.95,0,13914112,1,2.97,0.00,1623375872,13824,429553152
39.1794,1544503296,50.3600,75.66,0,14139392,1,2.36,0.00,1623465984,13824,429553152
39.2849,1544503296,50.4200,56.85,0,14336000,1,2.07,0.00,1623465984,13824,429553152
39.3912,1544503296,50.5000,75.26,0,14528512,1,2.06,0.00,1623416832,13824,429553152
39.4969,1544503296,50.5800,75.71,0,14721024,1,2.37,0.00,1622500352,13824,429553152
39.6028,1544503296,50.6600,75.51,0,14950400,1,4.72,0.00,1622029312,13824,429553152
39.7083,1544503296,50.7300,66.38,0,15151104,1,2.07,0.00,1622078464,13824,429553152
39.8139,1544503296,50.8000,66.26,0,15343616,1,2.66,0.00,1622340608,13824,429553152
39.9201,1544503296,50.8800,75.32,0,15540224,1,2.06,0.00,1622269952,13824,429553152
40.0264,1544503296,50.9600,75.33,0,15749120,1,2.06,0.00,1622794240,13824,429553152
40.1324,1544503296,51.0400,75.42,0,15966208,1,3.24,0.00,1622347776,13824,429614592
40.2382,1544503296,51.1000,56.71,0,16158720,1,2.66,0.00,1622867968,13824,429614592
40.3437,1544503296,51.1800,75.82,0,16355328,1,1.78,0.00,1622385664,13824,429688320
40.4489,1544503296,51.2600,76.08,0,16588800,1,2.08,0.00,1622647808,13824,429688320
40.5540,1544503296,51.3300,66.58,0,16781312,1,2.08,0.00,1622496256,13824,429688320
40.6598,1544503296,51.4000,66.16,0,16977920,1,2.66,0.00,1622758400,13824,429688320
40.7651,1544503296,51.4800,76.01,0,17170432,1,3.56,0.00,1622364160,13824,429688320
40.8709,1544503296,51.5600,75.60,0,17379328,1,1.77,0.00,1622626304,13824,429688320
40.9767,1544503296,51.6400,75.63,0,17596416,1,2.36,0.00,1622360064,13824,429688320
41.0829,1544503296,51.7100,65.89,0,17793024,1,2.06,0.00,1622622208,13824,429688320
41.1895,1544503296,51.7900,75.07,0,17985536,1,2.05,0.00,1622494208,13824,429835776
41.2950,1544503296,51.8600,66.35,0,18219008,1,3.55,0.00,1622690816,13824,429835776
41.4001,1544503296,51.9400,76.13,0,18415616,1,3.27,0.00,1621982208,13824,429835776
41.5056,1544503296,52.0100,66.35,0,18608128,1,2.67,0.00,1622244352,13824,429835776
41.6113,1544503296,52.0900,75.68,0,18804736,1,2.66,0.00,1622156288,13824,429835776
41.7168,1544503296,52.1600,66.32,0,19034112,1,2.07,0.00,1622291456,13824,429835776
41.8221,1544503296,52.2400,76.00,0,19230720,1,2.08,0.00,1622156288,13824,429835776
41.9291,1544503296,52.3000,56.07,0,19423232,1,2.34,0.29,1622156288,13824,429856256
42.0348,1544503296,52.3800,75.66,0,19619840,1,2.36,0.00,1622025216,13824,429856256
42.1411,1544503296,52.4600,75.26,0,19853312,1,2.35,0.00,1622287360,13824,429856256
42.2469,1544503296,52.5400,75.64,0,20045824,1,1.77,0.00,1622154240,13824,429856256
42.3526,1544503296,52.6100,66.25,0,20242432,1,3.25,0.00,1622416384,13824,429856256
42.4584,1544503296,52.6900,75.57,0,20434944,1,1.77,0.00,1622158336,13824,429856256
42.5639,1544503296,52.7700,75.86,0,20627456,1,2.37,0.00,1622338560,13824,429856256
42.6696,1544503296,52.8400,66.18,0,20860928,1,2.07,0.00,1622069248,13824,429856256
42.7749,1544503296,52.9100,66.52,0,21057536,1,2.38,0.00,1622331392,13824,429856256
42.8800,1544503296,52.9900,76.12,0,21250048,1,2.38,0.00,1622067200,13824,429856256
42.9860,1544503296,53.0600,66.03,0,21446656,1,2.95,0.00,1622329344,13824,429856256
43.0923,1544503296,53.1400,75.22,0,21680128,1,2.35,0.00,1622199296,13824,429856256
43.1982,1544503296,53.2200,75.57,0,21872640,1,3.54,0.00,1622461440,13824,429856256
43.3028,1544503296,53.2900,66.89,0,22065152,1,3.58,0.00,1622327296,13824,429856256
43.4087,1544503296,53.3600,66.10,0,22278144,1,2.95,0.00,1624514560,13824,429884928
43.5145,1544503296,53.4400,75.64,0,22495232,1,4.43,0.00,1625066496,13824,429884928
43.6211,1544896512,53.5100,65.66,0,22687744,1,2.05,0.00,1625132032,13824,429884928
43.7282,1545289728,53.5900,74.73,0,22884352,1,2.34,0.00,1625426944,13824,432405504
43.8335,1545682944,53.6600,66.42,0,23117824,1,2.08,0.00,1625951232,13824,432405504
43.9397,1546076160,53.7300,65.93,0,23310336,1,2.35,0.00,1626475520,13824,432446464
44.0451,1546469376,53.8000,66.40,0,23506944,1,3.26,0.00,1627401216,13824,432446464
44.1504,1546862592,53.8900,85.54,0,23736320,1,2.08,0.00,1628187648,13824,432446464
44.2557,1547255808,53.9500,56.95,0,23932928,1,2.37,0.00,1627792384,13824,432446464
44.3614,1547649024,54.0300,75.72,0,24125440,1,2.66,0.00,1628578816,13824,432446464
44.4672,1548435456,54.1000,66.14,0,24354816,1,2.36,0.00,1629103104,13824,432446464
44.5723,1551974400,54.1900,85.61,0,24530944,1,2.68,0.00,1634200576,13824,432446464
44.6779,1558659072,54.2700,75.75,0,24748032,1,2.96,0.00,1641032704,13824,432446464
44.7831,1564164096,54.3400,66.54,0,24944640,1,2.97,0.00,1646320640,13824,432446464
44.8887,1569669120,54.4100,66.33,0,25137152,1,2.96,0.00,1652161536,13824,432446464
44.9945,1575174144,54.4900,75.60,0,25329664,1,2.07,0.00,1657294848,13824,432446464
45.0997,1581858816,54.5700,76.00,0,25542656,1,2.38,0.00,1664750592,13824,432446464
45.2050,1586184192,54.6400,66.50,0,25718784,1,2.37,0.00,1669288960,13824,432446464
45.3108,1592475648,54.7400,94.49,0,25915392,1,2.95,0.00,1675858944,13824,432512000
45.4158,1597587456,54.8100,66.66,0,26124288,1,1.79,0.00,1681294336,13824,432512000
45.5212,1602699264,54.8800,66.43,0,26341376,1,2.97,0.00,1686277120,13824,432856064
45.6270,1609777152,54.9600,75.63,0,26537984,1,2.95,0.00,1693563904,13824,432983040
45.7325,1615282176,55.0400,75.80,0,26730496,1,3.55,0.00,1699081216,13824,433044480
45.8386,1621180416,55.1200,75.46,0,26963968,1,2.95,0.00,1704422400,13824,433044480
45.9444,1627471872,55.1900,66.17,0,27156480,1,2.36,0.00,1711770624,13824,433044480
46.0508,1632976896,55.2800,84.51,0,27353088,1,2.35,0.00,1717275648,13824,433044480
46.1564,1638481920,55.3500,66.33,0,27545600,1,2.07,0.00,1722846208,13824,433044480
46.2620,1643593728,55.4300,75.71,0,27742208,1,2.66,0.00,1728347136,13824,433089536
46.3678,1650278400,55.5100,75.67,0,27951104,1,2.07,0.00,1735424000,13824,433089536
46.4729,1656176640,55.5900,76.13,0,28168192,1,2.38,0.00,1740797952,13824,433089536
46.5783,1660895232,55.6600,66.39,0,28360704,1,2.67,0.00,1746069504,13824,433482752
46.6839,1666793472,55.7300,66.30,0,28557312,1,2.37,0.00,1752107008,13824,433482752
46.7895,1672298496,55.8100,75.76,0,28749824,1,2.66,0.00,1758398464,13824,433482752
46.8951,1678589952,55.9000,85.22,0,28983296,1,2.66,0.00,1764173824,13824,433482752
47.0003,1684488192,55.9700,66.53,0,29179904,1,1.78,0.00,1769936896,13824,433482752
47.1062,1689600000,56.0400,66.08,0,29372416,1,1.77,0.00,1775069184,13824,433482752
47.2115,1696284672,56.1100,66.50,0,29569024,1,2.37,0.00,1782282240,13824,433482752
47.3170,1702182912,56.1900,75.84,0,29777920,1,2.67,0.00,1787406336,13824,433482752
47.4225,1708474368,56.2800,85.27,0,29995008,1,2.07,0.00,1794181120,13824,433482752
47.5278,1713586176,56.3500,66.46,0,30187520,1,1.78,0.00,1799689216,13824,433482752
47.6335,1719091200,56.4300,75.75,0,30384128,1,2.37,0.00,1805440000,13824,433482752
47.7393,1724596224,56.5000,66.15,0,30593024,1,2.36,0.00,1812390912,13824,433482752
47.8443,1731280896,56.5700,66.63,0,30810112,1,2.38,0.00,1818305536,13824,433482752
47.9502,1736392704,56.6500,75.59,0,31006720,1,2.66,0.00,1823265792,13824,433482752
48.0561,1741897728,56.7200,66.08,0,31199232,1,2.95,0.00,1828881408,13824,433482752
48.1614,1748189184,56.8100,85.49,0,31408128,1,2.97,0.00,1835852800,13824,433482752
48.2667,1754480640,56.8800,66.49,0,31625216,1,2.08,0.00,1841977344,13824,433482752
48.3727,1759592448,56.9600,75.47,0,31821824,1,2.95,0.00,1847302144,13824,433482752
48.4782,1765097472,57.0300,66.31,0,32014336,1,2.07,0.00,1853770752,13824,433548288
48.5837,1770995712,57.1100,75.83,0,32247808,1,1.78,0.00,1859764224,13824,433548288
48.6890,1776500736,57.1900,75.98,0,32444416,1,2.08,0.00,1865478144,13824,433548288
48.7943,1782792192,57.2600,66.47,0,32636928,1,2.08,0.00,1871863808,13824,433548288
48.9003,1788690432,57.3400,75.52,0,32833536,1,2.95,0.29,1877504000,13824,438343680
49.0061,1793409024,57.4200,75.57,0,33042432,1,2.66,0.00,1883226112,13824,438380544
49.1112,1800093696,57.5000,76.14,0,33251328,1,2.38,0.00,1889991680,13824,438380544
49.2164,1805598720,57.5800,76.03,0,33452032,1,2.97,0.00,1895922688,13824,438380544
49.3225,1811103744,57.6500,65.96,0,33648640,1,2.06,0.00,1901334528,13824,438380544
49.4279,1816608768,57.7300,75.95,0,33841152,1,2.97,0.00,1906537472,13824,438446080
49.5333,1823293440,57.8100,75.88,0,34074624,1,3.26,0.00,1913690112,13824,438446080
49.6388,1828012032,57.8900,75.84,0,34246656,1,2.37,0.00,1918635008,13824,438446080
49.7438,1833517056,57.9600,66.63,0,34443264,1,1.78,0.00,1924337664,13824,438446080
49.8495,1838628864,58.0400,75.72,0,34635776,1,2.07,0.00,1929578496,13824,438446080
49.9556,1846099968,58.1200,75.37,0,34869248,1,2.94,0.00,1937168384,13824,438446080
50.0609,1851211776,58.1900,66.52,0,35061760,1,2.67,0.00,1941818368,13824,438446080
50.1671,1856716800,58.2600,65.88,0,35258368,1,3.53,0.00,1947620352,13824,438446080
50.2729,1863008256,58.3400,75.60,0,35467264,1,2.66,0.00,1954571264,13824,438446080
50.3784,1868120064,58.4200,75.84,0,35688448,1,2.96,0.30,1960138752,13824,467785728
50.4836,1874018304,58.4900,66.54,0,35885056,1,2.38,0.00,1965899776,13824,467785728
50.5896,1880309760,58.5700,75.49,0,36077568,1,2.65,0.00,1972424704,13824,467793920
50.6954,1886208000,58.6400,66.15,0,36311040,1,3.25,0.00,1978065920,13824,467793920
50.8014,1892106240,58.7200,75.51,0,36503552,1,2.65,0.00,1984033792,13824,467818496
50.9071,1898004480,58.7900,66.22,0,36700160,1,2.07,0.00,1990540288,13824,467818496
51.0128,1904295936,58.8700,75.68,0,36925440,1,1.77,0.00,1996165120,13824,467818496
51.1186,1909800960,58.9400,66.17,0,37126144,1,2.66,0.00,2003186688,13824,467847168
51.2242,1916092416,59.0200,75.74,0,37322752,1,2.37,0.00,2008622080,13824,467994624
51.3297,1921204224,59.0900,66.36,0,37515264,1,2.07,0.00,2014344192,13824,467994624
51.4353,1925922816,59.1600,66.27,0,37707776,1,2.37,0.00,2020616192,13824,467994624
51.5407,1932607488,59.2500,85.40,0,37941248,1,2.97,0.00,2026509312,13824,467994624
51.6460,1938112512,59.3200,66.47,0,38137856,1,2.67,0.00,2031929344,13824,467994624
51.7523,1944403968,59.4000,75.26,0,38330368,1,2.35,0.00,2038872064,13824,467994624
51.8588,1950302208,59.4800,75.16,0,38563840,1,2.06,0.00,2044745728,13824,467994624
51.9639,1955414016,59.5500,66.55,0,38760448,1,2.67,0.00,2050299904,13824,467994624
52.0696,1961705472,59.6200,66.26,0,38952960,1,2.37,0.00,2055542784,13824,467994624
52.1760,1967996928,59.7000,75.21,0,39165952,1,3.23,0.00,2062473216,13824,467994624
52.2815,1973895168,59.7700,66.30,0,39378944,1,2.07,0.00,2068761600,13824,467994624
52.3874,1979006976,59.8500,75.60,0,39575552,1,2.95,0.00,2074139648,13824,467994624
52.4933,1985298432,59.9300,75.48,0,39768064,1,2.95,0.00,2080988160,13824,467994624
52.5991,1991589888,60.0100,75.64,0,40001536,1,2.36,0.00,2086579200,13824,467994624
52.7045,1996701696,60.0800,66.41,0,40198144,1,2.67,0.00,2092198912,13824,468023296
52.8104,2002993152,60.1600,75.53,0,40390656,1,2.36,0.00,2099006464,13824,468023296
52.9159,2008498176,60.2300,66.37,0,40587264,1,2.07,0.00,2104515584,13824,468023296
53.0217,2013609984,60.3000,66.16,0,40816640,1,3.25,0.00,2110282752,13824,468023296
53.1278,2020687872,60.3800,75.44,0,41013248,1,1.77,0.00,2117042176,13824,468023296
53.2333,2026192896,60.4500,66.30,0,41205760,1,2.37,0.00,2122605568,13824,468023296
53.3391,2031697920,60.5400,85.11,0,41439232,1,3.55,0.00,2128791552,13824,468023296
53.4445,2038775808,60.6100,66.43,0,41635840,1,2.67,0.00,2135476224,13824,474585088
53.5495,2043494400,60.6900,76.18,0,41828352,1,2.38,0.00,2141104128,13824,474662912
53.6551,2048999424,60.7600,66.26,0,42024960,1,2.66,0.00,2145908736,13824,474662912
53.7610,2055684096,60.8400,75.53,0,42258432,1,3.25,0.00,2153289728,13824,474662912
53.8677,2061189120,60.9100,65.61,0,42450944,1,2.05,0.00,2158688256,13824,474662912
53.9741,2066694144,60.9900,75.22,0,42643456,1,5.29,0.00,2163984384,13824,481571840
54.0794,2071805952,61.0700,75.96,0,42840064,1,2.37,0.00,2170802176,13824,481571840
54.1851,2077704192,61.1500,75.67,0,43032576,1,2.36,0.00,2176115712,13824,481571840
54.2903,2083995648,61.2300,76.05,0,43229184,1,2.38,0.00,2182013952,13824,481571840
54.3957,2089893888,61.3100,75.88,0,43462656,1,2.07,0.00,2187781120,13824,481571840
54.5017,2094612480,61.3800,66.03,0,43655168,1,2.65,0.00,2193291264,13824,481571840
54.6079,2101690368,61.4700,84.82,0,43851776,1,2.65,0.00,2199902208,13824,481571840
54.7141,2107195392,61.5500,75.27,0,44044288,1,4.12,0.00,2205390848,13824,481571840
54.8203,2112307200,61.6200,65.92,0,44236800,1,2.94,0.00,2211048448,13824,481571840
54.9257,2117419008,61.7100,85.44,0,44433408,1,2.97,0.00,2216557568,13824,481571840
55.0310,2124496896,61.7800,66.47,0,44642304,1,2.97,0.00,2223373312,13824,481633280
55.1368,2129215488,61.8500,66.17,0,44859392,1,2.07,0.00,2228510720,13824,481633280
55.2426,2134720512,61.9300,75.62,0,45056000,1,2.95,0.00,2234806272,13824,481633280
55.3483,2140618752,62.0100,75.69,0,45248512,1,3.84,0.00,2240704512,13824,481633280
55.4541,2146910208,62.0900,75.58,0,45441024,1,2.95,0.00,2246665216,13824,481879040
55.5600,2153201664,62.1700,75.58,0,45674496,1,2.07,0.00,2252489728,13824,481879040
55.6653,2157920256,62.2400,66.48,0,45871104,1,1.78,0.00,2258293760,13824,481879040
55.7711,2163032064,62.3100,66.11,0,46063616,1,2.66,0.00,2263368704,13824,481879040
55.8768,2169716736,62.3900,75.73,0,46260224,1,5.03,0.00,2270431232,13824,481879040
55.9831,2175614976,62.4700,75.20,0,46469120,1,2.64,0.00,2276349952,13824,481891328
56.0883,2181120000,62.5400,66.60,0,46686208,1,1.78,0.00,2282055680,13824,481891328
56.1944,2187804672,62.6200,75.35,0,46882816,1,2.35,0.00,2288334848,13824,481891328
56.2992,2193309696,62.6900,66.81,0,47075328,1,2.68,0.00,2294327296,13824,481936384
56.4045,2198814720,62.7600,66.45,0,47267840,1,2.37,0.00,2299824128,13824,481936384
56.5104,2203926528,62.8500,85.03,0,47480832,1,2.07,0.00,2307430400,13824,481936384
56.6158,2210611200,62.9200,66.39,0,47697920,1,2.96,0.00,2312435712,13824,481993728
56.7222,2212970496,63.3500,404.37,0,47792128,1,13.22,0.00,2314532864,13824,481993728
56.8280,2214150144,63.8300,453.51,0,47833088,1,15.65,0.00,2316960768,13824,481993728
56.9339,1785352192,64.1700,320.90,0,47984640,1,8.55,0.00,1849682944,13824,481993728
57.0401,1628065792,64.3500,169.49,0,48201728,1,5.30,0.00,1711938560,13824,481993728
57.1457,1628065792,64.4100,56.87,0,48394240,1,2.37,0.00,1712020480,13824,481993728
57.2506,1628065792,64.4900,76.26,0,48586752,1,2.09,0.00,1712204800,13824,481993728
57.3560,1628065792,64.5600,66.39,0,48783360,1,1.78,0.00,1712200704,13824,481993728
57.4614,1628065792,64.6400,75.93,0,49016832,1,3.26,0.00,1712458752,13824,481993728
57.5665,1628065792,64.7100,66.59,0,49209344,1,3.86,0.00,1711714304,13824,481993728
57.6723,1628065792,64.7900,75.60,0,49405952,1,2.07,0.00,1711931392,13824,481993728
57.7779,1628065792,64.8600,66.31,0,49631232,1,2.66,0.00,1712340992,13824,481993728
57.8828,1628065792,64.9300,66.68,0,49831936,1,1.79,0.00,1712406528,13824,481993728
57.9879,1628065792,65.0000,66.61,0,50028544,1,2.38,0.00,1712668672,13824,481993728
58.0931,1628065792,65.0800,76.05,0,50237440,1,2.67,0.00,1712930816,13824,481993728
58.1986,1628065792,65.1600,75.82,0,50454528,1,3.55,0.00,1712028672,13824,481993728
58.3040,1628065792,65.2300,66.43,0,50647040,1,2.37,0.00,1712028672,13824,481993728
58.4094,1628065792,65.3200,85.40,0,50843648,1,2.08,0.00,1711848448,13824,481993728
58.5153,1628065792,65.3900,66.13,0,51077120,1,2.07,0.00,1712368640,13824,482018304
58.6205,1628065792,65.4500,57.02,0,51269632,1,2.08,0.00,1712425984,13824,482018304
58.7256,1628065792,65.5300,76.11,0,51466240,1,1.78,0.00,1712688128,13824,482018304
58.8309,1628065792,65.6100,75.95,0,51675136,1,2.67,0.00,1711645696,13824,482018304
58.9361,1628065792,65.6700,57.04,0,51892224,1,2.08,0.00,1711907840,13824,482059264
59.0409,1628065792,65.7500,76.32,0,52084736,1,2.39,0.00,1711391744,13824,482059264
59.1462,1628065792,65.8200,66.46,0,52281344,1,3.26,0.30,1711649792,13824,485218816
59.2515,1628065792,65.9000,75.99,0,52514816,1,2.97,0.00,1711621120,13824,485218816
59.3570,1628065792,65.9800,75.84,0,52707328,1,2.37,0.00,1711620096,13824,485218816
59.4626,1628065792,66.0600,75.75,0,52903936,1,2.07,0.00,1711706112,13824,485218816
59.5683,1628065792,66.1300,66.26,0,53137408,1,1.77,0.00,1711976448,13824,485218816
59.6733,1628065792,66.2000,66.66,0,53329920,1,2.38,0.00,1711190016,13824,485218816
59.7786,1628065792,66.2800,75.96,0,53522432,1,2.97,0.00,1711661056,13824,485218816
59.8840,1628065792,66.3600,75.90,0,53735424,1,2.08,0.00,1711775744,13824,485218816
59.9892,1628065792,66.4300,66.58,0,53952512,1,2.08,0.00,1711364096,13824,485218816
60.0950,1628065792,66.5000,66.14,0,54145024,1,3.25,0.00,1711683584,13824,485218816
60.2008,1628065792,66.5800,75.57,0,54341632,1,2.36,0.00,1711371264,13824,485218816
60.3058,1628065792,66.6500,66.69,0,54575104,1,2.68,0.00,1711895552,13824,485218816
60.4109,1628065792,66.7100,57.12,0,54767616,1,2.38,0.00,1711375360,13824,485218816
60.5163,1628065792,66.7900,75.84,0,54960128,1,3.26,0.00,1711899648,13824,485218816
60.6222,1628065792,66.8700,75.54,0,55189504,1,2.07,0.00,1711683584,13824,485313024
60.7275,1628065792,66.9400,66.50,0,55390208,1,2.08,0.00,1711904768,13824,485313024
60.8328,1628065792,67.0100,66.48,0,55582720,1,2.08,0.00,1712019456,13824,485313024
60.9383,1628065792,67.0900,75.82,0,55779328,1,2.67,0.00,1711920128,13824,485313024
61.0436,1628065792,67.1600,66.50,0,56012800,1,2.38,0.00,1712018432,13824,485313024
61.1490,1628065792,67.2300,66.39,0,56205312,1,2.67,0.00,1711862784,13824,485464576
61.2534,1628065792,67.3000,67.05,0,56397824,1,2.39,0.00,1711735808,13824,485464576
61.3589,1628065792,67.3900,85.31,0,56631296,1,2.37,0.00,1711606784,13824,485464576
61.4642,1628065792,67.4600,66.52,0,56827904,1,2.67,0.00,1711764480,13824,485464576
61.5696,1628065792,67.5300,66.41,0,57020416,1,2.08,0.00,1712223232,13824,485464576
61.6750,1628065792,67.6000,66.42,0,57217024,1,1.78,0.00,1712059392,13824,485464576
61.7803,1628065792,67.6700,66.45,0,57425920,1,2.97,0.00,1712025600,13824,485464576
61.8853,1628065792,67.7500,76.17,0,57643008,1,2.38,0.00,1712123904,13824,485464576
61.9910,1628065792,67.8200,66.22,0,57835520,1,2.36,0.00,1711728640,13824,485464576
62.0964,1628065792,67.8900,66.43,0,58032128,1,2.67,0.00,1711990784,13824,485464576
62.2016,1628065792,67.9700,76.05,0,58241024,1,2.08,0.00,1712060416,13824,485464576
62.3065,1628065792,68.0400,66.73,0,58458112,1,2.09,0.00,1711671296,13824,485464576
62.4112,1628065792,68.1200,76.39,0,58654720,1,2.69,0.00,1711933440,13824,485464576
62.5167,1628065792,68.1900,66.37,0,58847232,1,2.07,0.00,1711539200,13824,485464576
62.6219,1628065792,68.2600,66.52,0,59043840,1,2.38,0.00,1711801344,13824,485464576
62.7269,1628065792,68.3300,66.70,0,59277312,1,2.68,0.00,1712038912,13824,485591552
62.8317,1628065792,68.4100,76.34,0,59469824,1,2.09,0.00,1712301056,13824,485591552
62.9372,1628065792,68.4800,66.35,0,59662336,1,2.37,0.00,1712563200,13824,485591552
63.0419,1628065792,68.5600,76.39,0,59858944,1,2.39,0.00,1711515648,13824,485591552
63.1469,1628065792,68.6300,66.64,0,60067840,1,2.38,0.00,1711773696,13824,485591552
63.2526,1628065792,68.6900,56.76,0,60284928,1,2.66,0.00,1711773696,13824,485591552
63.3577,1628065792,68.7700,76.12,0,60481536,1,2.97,0.00,1711777792,13824,485591552
63.4628,1628065792,68.8400,66.60,0,60674048,1,2.08,0.00,1711252480,13824,485616128
63.5677,1628459008,68.9100,66.74,0,60870656,1,2.38,0.30,1711563776,13824,485616128
63.6728,1628459008,68.9900,76.14,0,61100032,1,1.78,0.00,1711821824,13824,485616128
63.7781,1628459008,69.0600,66.49,0,61296640,1,2.37,0.00,1711604736,13824,485616128
63.8834,1628459008,69.1300,66.48,0,61489152,1,2.67,0.00,1711866880,13824,485616128
63.9881,1628459008,69.2100,76.39,0,61702144,1,3.28,0.00,1712124928,13824,485616128
64.0932,1628459008,69.2800,66.60,0,61911040,1,2.38,0.00,1712124928,13824,485616128
64.1985,1628459008,69.3500,66.47,0,62111744,1,2.97,0.00,1712649216,13824,487727616
64.3035,1630031872,69.4200,66.69,0,62308352,1,2.08,0.00,1714851840,13824,487727616
64.4083,1635536896,69.5000,76.34,0,62500864,1,3.28,0.00,1721421824,13824,487727616
64.5145,1641435136,69.5800,75.32,0,62709760,1,2.94,0.00,1726869504,13824,487727616
64.6196,1646940160,69.6600,76.10,0,62926848,1,2.68,0.00,1731421184,13824,487727616
64.7246,1651265536,69.7400,76.17,0,63123456,1,1.79,0.00,1736778752,13824,487727616
64.8301,1656770560,69.8200,75.88,0,63315968,1,2.67,0.00,1742214144,13824,487727616
64.9350,1662668800,69.8900,66.68,0,63512576,1,2.08,0.00,1747964928,13824,487789056
65.0398,1667780608,69.9700,76.38,0,63746048,1,2.39,0.00,1753867264,13824,488210944
65.1447,1672499200,70.0300,57.18,0,63938560,1,2.98,0.00,1758045184,13824,488210944
65.2500,1678397440,70.1100,75.96,0,64131072,1,2.97,0.00,1764246528,13824,488210944
65.3549,1683509248,70.1800,66.77,0,64327680,1,2.09,0.00,1769186304,13824,488210944
65.4598,1688227840,70.2600,76.27,0,64520192,1,2.09,0.00,1774143488,13824,488210944
65.5649,1694912512,70.3400,76.11,0,64753664,1,2.38,0.00,1781180416,13824,488210944
65.6696,1699631104,70.4200,76.38,0,64950272,1,2.09,0.00,1786574848,13824,488210944
65.7742,1704349696,70.4900,66.92,0,65142784,1,1.79,0.00,1791185920,13824,488337920
65.8789,1709854720,70.5600,66.88,0,65339392,1,2.39,0.00,1796353024,13824,488337920
65.9838,1716539392,70.6400,76.24,0,65568768,1,1.79,0.00,1803422720,13824,488337920
66.0890,1720864768,70.7100,66.55,0,65765376,1,2.08,0.00,1808147456,13824,488337920
66.1938,1725976576,70.7900,76.33,0,65957888,1,1.79,0.00,1813037056,13824,488337920
66.2985,1730695168,70.8600,66.90,0,66154496,1,2.99,0.00,1818292224,13824,488337920
66.4035,1736986624,70.9300,66.66,0,66347008,1,2.38,0.00,1824296960,13824,488337920
66.5085,1742098432,71.0200,85.66,0,66576384,1,2.08,0.00,1829629952,13824,488337920
66.6135,1746817024,71.0900,66.70,0,66777088,1,2.38,0.00,1834792960,13824,488337920
66.7184,1751928832,71.1700,76.26,0,66969600,1,2.68,0.00,1839421440,13824,488337920
66.8233,1758220288,71.2400,66.74,0,67162112,1,3.28,0.00,1846248448,13824,488337920
66.9285,1762938880,71.3100,66.51,0,67358720,1,2.97,0.00,1851233280,13824,488337920
67.0337,1768050688,71.4000,85.53,0,67592192,1,2.08,0.00,1856734208,13824,488337920
67.1389,1773948928,71.4800,76.05,0,67784704,1,3.86,0.00,1862841344,13824,488337920
67.2438,1779060736,71.5400,57.22,0,67981312,1,2.68,0.00,1867842560,13824,488337920
67.3484,1783779328,71.6300,86.03,0,68173824,1,3.29,0.00,1872871424,13824,488382976
67.4535,1789284352,71.7000,66.63,0,68386816,1,2.38,0.00,1879638016,13824,488382976
67.5586,1795182592,71.7800,76.12,0,68603904,1,3.27,0.00,1885088768,13824,488382976
67.6631,1800294400,71.8500,66.97,0,68796416,1,2.09,0.00,1889905664,13824,488382976
67.7681,1805012992,71.9300,76.19,0,68988928,1,2.38,0.00,1895037952,13824,488382976
67.8734,1811304448,72.0000,66.44,0,69201920,1,2.37,0.00,1901514752,13824,488382976
67.9786,1816023040,72.0800,76.07,0,69419008,1,1.78,0.00,1906421760,13824,488382976
68.0840,1821528064,72.1500,66.44,0,69611520,1,2.08,0.00,1911311360,13824,488382976
68.1888,1826639872,72.2300,76.32,0,69808128,1,2.98,0.00,1917007872,13824,488382976
68.2940,1832144896,72.3200,85.52,0,70000640,1,2.38,0.00,1922900992,13824,488382976
68.3995,1837649920,72.3900,66.39,0,70234112,1,2.37,0.00,1928160256,13824,488382976
68.5043,1842761728,72.4600,66.77,0,70426624,1,3.58,0.00,1933291520,13824,488403456
68.6095,1847873536,72.5300,66.57,0,70623232,1,2.38,0.00,1938707456,13824,488403456
68.7142,1853378560,72.6100,76.40,0,70815744,1,1.79,0.00,1945129984,13824,488403456
68.8194,1858883584,72.6900,76.02,0,71049216,1,2.38,0.00,1950369792,13824,488403456
68.9247,1863995392,72.7700,75.99,0,71245824,1,1.48,0.00,1955350528,13824,488444416
69.0295,1868713984,72.8400,66.80,0,71438336,1,2.68,0.00,1960463360,13824,488444416
69.1350,1874612224,72.9200,75.83,0,71634944,1,2.07,0.00,1966618624,13824,488444416
69.2400,1879724032,73.0000,76.14,0,71827456,1,2.08,0.00,1972123648,13824,488444416
69.3450,1885229056,73.0700,66.67,0,72060928,1,2.68,0.00,1977296896,13824,491400192
69.4502,1891127296,73.1500,76.09,0,72253440,1,1.78,0.00,1983870976,13824,491400192
69.5552,1896239104,73.2300,76.19,0,72450048,1,2.08,0.00,1988548608,13824,491400192
69.6601,1900564480,73.3000,66.72,0,72642560,1,3.57,0.00,1993407488,13824,491400192
69.7650,1906462720,73.3700,66.75,0,72839168,1,2.09,0.00,1998921728,13824,491400192
69.8700,1911967744,73.4500,76.14,0,73048064,1,2.38,0.00,2005282816,13824,491400192
69.9751,1917079552,73.5200,66.65,0,73265152,1,2.68,0.00,2010570752,13824,491400192
70.0802,1922191360,73.6000,76.13,0,73457664,1,2.08,0.00,2015712256,13824,491457536
70.1849,1926909952,73.6800,76.41,0,73654272,1,2.09,0.00,2020722688,13824,491457536
70.2901,1932808192,73.7500,66.48,0,73846784,1,1.78,0.00,2027376640,13824,491457536
70.3951,1938313216,73.8300,76.22,0,74043392,1,2.98,0.00,2032444416,13824,491457536
70.5002,1943425024,73.9100,76.15,0,74252288,1,2.38,0.00,2037983232,13824,491457536
70.6050,1948536832,73.9800,66.77,0,74469376,1,2.68,0.00,2042798080,13824,491457536
70.7109,1953255424,74.0500,66.08,0,74665984,1,1.77,0.00,2047842304,13824,491457536
70.8160,1959546880,74.1300,76.13,0,74858496,1,2.68,0.00,2054469632,13824,491457536
70.9211,1964265472,74.2000,66.63,0,75051008,1,3.27,0.00,2060142592,13824,523127808
71.0261,1969377280,74.2800,76.14,0,75280384,1,2.08,0.00,2065899520,13824,523127808
71.1311,1975668736,74.3600,76.20,0,75481088,1,2.08,0.00,2071020544,13824,523127808
71.2356,1980387328,74.4300,66.96,0,75673600,1,2.39,0.00,2075453440,13824,523275264
71.3403,1985105920,74.5100,76.43,0,75870208,1,2.09,0.00,2080571392,13824,523275264
71.4456,1989824512,74.5900,75.96,0,76062720,1,1.78,0.00,2087502848,13824,523275264
71.5510,1996902400,74.6600,66.42,0,76292096,1,2.97,0.00,2092788736,13824,523275264
71.6557,2001227776,74.7300,66.85,0,76488704,1,2.09,0.00,2097802240,13824,523275264
71.7606,2006732800,74.8100,76.31,0,76685312,1,1.79,0.00,2102818816,13824,523275264
71.8653,2011451392,74.8900,76.35,0,76877824,1,2.98,0.00,2107979776,13824,523275264
71.9708,2016956416,74.9600,66.38,0,77074432,1,2.96,0.00,2113249280,13824,523275264
72.0760,2023247872,75.0300,66.52,0,77266944,1,2.67,0.00,2119004160,13824,523275264
72.1806,2027573248,75.1200,86.09,0,77492224,1,2.39,0.00,2124839936,13824,523275264
72.2854,2032685056,75.1900,66.78,0,77697024,1,2.98,0.00,2129734656,13824,523275264
72.3902,2038190080,75.2600,66.76,0,77889536,1,2.09,0.00,2135290880,13824,523275264
72.4950,2044088320,75.3400,76.33,0,78082048,1,2.39,0.00,2141726720,13824,523275264
72.5996,2049200128,75.4100,66.95,0,78278656,1,2.69,0.00,2146356224,13824,523275264
72.7050,2053918720,75.4800,66.38,0,78471168,1,2.37,0.00,2151661568,13824,523275264
72.8102,2059423744,75.5700,85.56,0,78684160,1,2.38,0.00,2157758464,13824,523275264
72.9149,2065321984,75.6400,66.88,0,78901248,1,2.09,0.00,2163620864,13824,523275264
73.0195,2070040576,75.7100,66.94,0,79093760,1,2.39,0.00,2168119296,13824,523275264
73.1240,2075152384,75.7900,76.54,0,79290368,1,3.29,0.00,2172806144,13824,523275264
73.2290,2079870976,75.8500,57.16,0,79482880,1,2.38,0.00,2178774016,13824,523275264
73.3335,2084982784,75.9300,76.49,0,79675392,1,2.39,0.00,2184882176,13824,523275264
73.4385,2090881024,76.0100,76.21,0,79908864,1,2.08,0.00,2190376960,13824,525401088
73.5431,2096386048,76.0800,66.95,0,80105472,1,1.79,0.00,2193859584,13824,525401088
73.6477,2101104640,76.1500,66.91,0,80297984,1,4.48,0.00,2199164928,13824,525450240
73.7523,2106609664,76.2300,76.46,0,80494592,1,3.58,0.00,2203986944,13824,525450240
73.8576,2112507904,76.3000,66.51,0,80687104,1,3.27,0.00,2210520064,13824,525450240
73.9628,2117619712,76.3800,76.05,0,80883712,1,2.08,0.00,2215763968,13824,525450240
74.0676,2122338304,76.4500,66.78,0,81108992,1,2.09,0.00,2220594176,13824,525450240
74.1725,2128629760,76.5400,85.78,0,81309696,1,2.38,0.00,2227156992,13824,525450240
74.2774,2133348352,76.6100,66.76,0,81502208,1,1.79,0.00,2232097792,13824,525696000
74.3822,2138460160,76.6800,66.75,0,81698816,1,2.09,0.00,2237633536,13824,525696000
74.4872,2143178752,76.7600,76.22,0,81891328,1,5.66,0.30,2242534400,13824,531943424
74.5927,2148683776,76.8300,66.35,0,82104320,1,1.78,0.00,2248858624,13824,531943424
74.6978,2154975232,76.9100,76.09,0,82321408,1,2.97,0.00,2254259200,13824,531943424
74.8034,2158907392,76.9800,66.27,0,82513920,1,2.07,0.00,2258786304,13824,531943424
74.9089,2164412416,77.0500,66.41,0,82710528,1,2.08,0.00,2264497152,13824,531943424
75.0136,2170703872,77.1400,85.94,0,82919424,1,2.69,0.00,2270608384,13824,532000768
75.1186,2175422464,77.2200,76.16,0,83136512,1,2.38,0.00,2275768320,13824,532000768
75.2232,2180927488,77.2800,57.35,0,83329024,1,2.39,0.00,2280911872,13824,532000768
75.3278,2186039296,77.3600,76.50,0,83525632,1,2.09,0.00,2285515776,13824,532000768
75.4325,2191544320,77.4300,66.84,0,83718144,1,2.98,0.00,2290888704,13824,532000768
75.5372,2195869696,77.5100,76.43,0,83914752,1,2.99,0.00,2297548800,13824,532082688
75.6424,2201767936,77.5900,76.04,0,84107264,1,2.67,0.00,2302330880,13824,532242432
75.7475,2206093312,78.0000,390.15,0,84230144,1,13.68,0.00,2306462720,13824,532242432
75.8536,2208452608,78.5000,471.35,0,84344832,1,15.02,0.00,2308830208,13824,532242432
75.9594,1758396416,78.7800,264.68,0,84516864,1,7.68,0.00,1827885056,13824,538603520
76.0654,1624059904,78.9100,122.56,0,84713472,1,5.30,0.29,1704257536,13824,538603520
76.1707,1624059904,78.9800,66.53,0,84910080,1,2.38,0.00,1704257536,13824,538681344
76.2760,1624059904,79.0600,75.92,0,85102592,1,1.78,0.00,1704777728,13824,538734592
76.3807,1624059904,79.1300,66.86,0,85336064,1,1.79,0.00,1705297920,13824,538734592
76.4856,1624059904,79.2000,66.75,0,85532672,1,2.38,0.00,1705297920,13824,538734592
76.5909,1624059904,79.2700,66.49,0,85725184,1,1.78,0.00,1705560064,13824,538791936
76.6963,1624059904,79.3500,75.89,0,85934080,1,1.78,0.00,1705822208,13824,538791936
76.8011,1624059904,79.4200,66.76,0,86151168,1,2.68,0.00,1706084352,13824,538791936
76.9063,1624059904,79.4900,66.54,0,86347776,1,2.38,0.00,1706346496,13824,538791936
77.0114,1624059904,79.5700,76.15,0,86540288,1,1.78,0.00,1706346496,13824,538791936
77.1166,1624059904,79.6400,66.54,0,86773760,1,3.56,0.00,1706866688,13824,538791936
77.2218,1624059904,79.7100,66.52,0,86970368,1,2.08,0.00,1706866688,13824,538791936
77.3270,1624059904,79.7800,66.53,0,87162880,1,2.08,0.00,1705164800,13824,538791936
77.4323,1624059904,79.8600,76.00,0,87371776,1,2.97,0.00,1705160704,13824,538791936
77.5380,1624059904,79.9300,66.21,0,87588864,1,2.07,0.00,1705160704,13824,538791936
77.6426,1624059904,80.0000,66.92,0,87785472,1,2.09,0.00,1705684992,13824,538791936
77.7472,1624059904,80.0700,66.93,0,87977984,1,2.39,0.00,1705684992,13824,538791936
77.8522,1624059904,80.1400,66.67,0,88190976,1,2.08,0.00,1705943040,13824,538791936
77.9572,1624059904,80.2200,76.19,0,88408064,1,2.98,0.00,1706205184,13824,538791936
78.0619,1624059904,80.2800,57.29,0,88600576,1,2.98,0.00,1704375296,13824,538791936
78.1671,1624059904,80.3600,76.08,0,88797184,1,3.57,0.00,1703791616,13824,538791936
78.2716,1624059904,80.4300,66.97,0,88989696,1,1.79,0.00,1704094720,13824,538791936
78.3768,1624059904,80.5100,76.07,0,89223168,1,2.08,0.00,1704094720,13824,538791936
78.4821,1624059904,80.5800,66.47,0,89415680,1,2.08,0.30,1704619008,13824,547897344
78.5870,1624059904,80.6500,66.75,0,89612288,1,2.68,0.00,1704614912,13824,547897344
78.6930,1624059904,80.7300,75.48,0,89845760,1,2.06,0.00,1704877056,13824,547897344
78.7977,1624059904,80.8000,66.81,0,90038272,1,3.58,0.00,1705139200,13824,547897344
78.9031,1624059904,80.8700,66.44,0,90234880,1,2.37,0.00,1705139200,13824,547897344
79.0088,1624059904,80.9500,75.64,0,90427392,1,2.95,0.00,1705659392,13824,548089856
79.1136,1624059904,81.0100,57.30,0,90660864,1,2.09,0.00,1705655296,13824,548089856
79.2194,1624059904,81.0900,75.56,0,90853376,1,2.07,0.00,1706441728,13824,548089856
79.3247,1624059904,81.1600,66.53,0,91049984,1,2.67,0.00,1704008704,13824,548163584
79.4301,1624059904,81.2400,75.87,0,91283456,1,3.26,0.00,1704008704,13824,548163584
79.5354,1624059904,81.3000,56.96,0,91475968,1,2.67,0.00,1704532992,13824,548163584
79.6409,1624059904,81.3800,75.82,0,91672576,1,4.15,0.00,1704610816,13824,554811904
79.7472,1624059904,81.4500,65.86,0,91865088,1,2.65,0.00,1704516608,13824,554889728
79.8525,1624059904,81.5300,75.97,0,92098560,1,2.97,0.00,1704778752,13824,554914304
79.9573,1624059904,81.6000,66.79,0,92291072,1,3.28,0.00,1704778752,13824,554914304
80.0630,1624059904,81.6700,66.27,0,92487680,1,2.66,0.00,1705303040,13824,554959360
80.1681,1624059904,81.7500,76.10,0,92696576,1,2.68,0.00,1703867392,13824,554959360
80.2736,1624059904,81.8200,66.36,0,92913664,1,2.07,0.00,1704653824,13824,554959360
80.3791,1624059904,81.8900,66.36,0,93110272,1,2.67,0.00,1704653824,13824,554959360
80.4844,1624059904,81.9600,66.46,0,93302784,1,2.08,0.00,1704649728,13824,554959360
80.5896,1624059904,82.0300,66.56,0,93499392,1,2.67,0.00,1705174016,13824,554959360
80.6946,1624059904,82.1100,76.17,0,93728768,1,2.08,0.00,1705174016,13824,554959360
80.8003,1624059904,82.1800,66.20,0,93925376,1,2.66,0.00,1705436160,13824,554959360
80.9060,1624059904,82.2500,66.24,0,94117888,1,2.96,0.00,1705698304,13824,554959360
81.0111,1624059904,82.3300,76.15,0,94347264,1,2.38,0.00,1705698304,13824,554959360
81.1165,1624059904,82.4000,66.42,0,94547968,1,3.26,0.00,1706218496,13824,554983936
81.2221,1624059904,82.4700,66.24,0,94740480,1,2.66,0.00,1704008704,13824,555131392
81.3275,1624059904,82.5500,75.93,0,94937088,1,2.08,0.00,1704270848,13824,555176448
81.4339,1624059904,82.6100,56.39,0,95170560,1,2.35,0.00,1704532992,13824,555176448
81.5398,1624059904,82.6900,75.56,0,95363072,1,2.36,0.00,1704532992,13824,555176448
81.6455,1624059904,82.7600,66.18,0,95555584,1,2.36,0.00,1704745984,13824,555176448
81.7509,1624059904,82.8300,66.41,0,95789056,1,1.48,0.00,1705008128,13824,555176448
81.8561,1624059904,82.9000,66.55,0,95985664,1,1.78,0.00,1705004032,13824,555192832
81.9621,1624059904,82.9700,66.08,0,96178176,1,2.36,0.00,1705528320,13824,555192832
82.0673,1624059904,83.0500,76.02,0,96374784,1,2.38,0.00,1705524224,13824,555192832
82.1727,1624059904,83.1200,66.40,0,96608256,1,3.26,0.00,1704481792,13824,555192832
82.2788,1624059904,83.1900,65.99,0,96800768,1,2.06,0.00,1704739840,13824,555192832
82.3839,1624059904,83.2600,66.59,0,96993280,1,2.38,0.00,1705001984,13824,555192832
82.4897,1624453120,83.3400,75.64,0,97226752,1,2.66,0.00,1705526272,13824,555192832
82.5951,1624453120,83.4000,56.93,0,97423360,1,2.37,0.00,1705526272,13824,555192832
82.7005,1624453120,83.4700,66.42,0,97615872,1,3.26,0.00,1706050560,13824,555192832
82.8057,1624453120,83.5600,85.54,0,97841152,1,2.38,0.00,1706050560,13824,555192832
82.9107,1624453120,83.6200,57.14,0,98045952,1,1.79,0.00,1706312704,13824,555192832
83.0161,1624453120,83.6900,66.39,0,98238464,1,2.96,0.00,1706570752,13824,555192832
83.1220,1624453120,83.7700,75.57,0,98430976,1,1.77,0.00,1705208832,13824,555192832
83.2271,1627992064,83.8500,76.08,0,98660352,1,2.38,0.00,1710182400,13824,555205120
83.3322,1633103872,83.9200,66.60,0,98861056,1,2.08,0.00,1714410496,13824,555205120
83.4379,1639002112,83.9900,66.22,0,99053568,1,3.84,0.00,1721257984,13824,555205120
83.5433,1644507136,84.0700,75.96,0,99250176,1,1.78,0.00,1726214144,13824,555229696
83.6485,1648832512,84.1500,76.05,0,99459072,1,2.38,0.00,1732296704,13824,555229696
83.7539,1655123968,84.2300,75.90,0,99676160,1,2.37,0.00,1737982976,13824,555229696
83.8595,1659842560,84.3000,66.23,0,99868672,1,1.48,0.00,1742740480,13824,555229696
83.9648,1664954368,84.3700,66.48,0,100065280,1,2.37,0.00,1748013056,13824,555229696
84.0708,1670066176,84.4500,75.51,0,100257792,1,2.65,0.00,1753170944,13824,555229696
84.1764,1676750848,84.5200,66.25,0,100470784,1,3.55,0.00,1759197184,13824,555229696
84.2820,1681469440,84.6000,75.82,0,100687872,1,3.85,0.00,1765301248,13824,555229696
84.3875,1686581248,84.6700,66.35,0,100880384,1,1.78,0.00,1769901056,13824,555229696
84.4926,1692086272,84.7500,76.11,0,101076992,1,2.97,0.00,1775538176,13824,555229696
84.5978,1697984512,84.8200,66.54,0,101269504,1,1.78,0.00,1781555200,13824,555229696
84.7030,1703096320,84.9000,76.01,0,101478400,1,2.38,0.00,1787141120,13824,558764032
84.8078,1707421696,84.9700,66.82,0,101695488,1,2.39,0.00,1792247808,13824,558764032
84.9130,1712926720,85.0500,76.04,0,101892096,1,1.78,0.00,1797108736,13824,558866432
85.0178,1718431744,85.1300,76.35,0,102084608,1,3.28,0.00,1803847680,13824,558866432
85.1230,1723543552,85.2100,75.98,0,102281216,1,2.37,0.00,1809168384,13824,558866432
85.2284,1728655360,85.2800,66.48,0,102514688,1,2.67,0.00,1813936128,13824,558866432
85.3341,1734553600,85.3600,75.66,0,102707200,1,2.66,0.00,1820526592,13824,558866432
85.4396,1740058624,85.4300,66.37,0,102903808,1,2.37,0.00,1825751040,13824,558866432
85.5449,1744777216,85.5100,75.93,0,103096320,1,2.97,0.00,1830993920,13824,558866432
85.6504,1750282240,85.5900,75.86,0,103305216,1,2.07,0.00,1837207552,13824,558866432
85.7558,1756180480,85.6700,75.87,0,103522304,1,2.37,0.00,1842341888,13824,558948352
85.8613,1760899072,85.7400,66.36,0,103718912,1,2.07,0.00,1847182336,13824,558948352
85.9668,1766010880,85.8100,66.34,0,103911424,1,2.67,0.00,1852332032,13824,558948352
86.0718,1771515904,85.8900,76.18,0,104108032,1,2.38,0.00,1857830912,13824,558948352
86.1771,1777020928,85.9700,76.02,0,104341504,1,1.78,0.00,1863938048,13824,558948352
86.2825,1782132736,86.0400,66.40,0,104534016,1,2.08,0.00,1869137920,13824,558968832
86.3878,1787637760,86.1200,75.96,0,104726528,1,3.56,0.00,1875471360,13824,558968832
86.4935,1793142784,86.1900,66.22,0,104947712,1,2.66,0.00,1880576000,13824,558968832
86.5989,1798254592,86.2700,75.92,0,105156608,1,2.08,0.00,1885620224,13824,558968832
86.7040,1803759616,86.3400,66.62,0,105349120,1,2.08,0.00,1890717696,13824,558968832
86.8100,1808478208,86.4100,66.02,0,105545728,1,2.06,0.00,1896466432,13824,558968832
86.9155,1814769664,86.4900,75.84,0,105738240,1,1.78,0.00,1902616576,13824,558968832
87.0206,1819881472,86.5600,66.58,0,105971712,1,2.68,0.00,1908233216,13824,558968832
87.1269,1824993280,86.6400,75.29,0,106164224,1,2.06,0.00,1913156608,13824,558968832
87.2330,1830105088,86.7200,75.37,0,106360832,1,2.36,0.00,1918115840,13824,558968832
87.3388,1836396544,86.7900,66.20,0,106553344,1,2.66,0.00,1924264960,13824,558968832
87.4442,1840721920,86.8600,66.37,0,106749952,1,2.07,0.00,1929763840,13824,558968832
87.5493,1847406592,86.9500,85.65,0,106983424,1,3.27,0.00,1935224832,13824,558968832
87.6549,1852125184,87.0200,66.31,0,107175936,1,2.07,0.00,1940732928,13824,558968832
87.7601,1857236992,87.0900,66.54,0,107372544,1,2.08,0.00,1945794560,13824,558968832
87.8658,1861955584,87.1700,75.64,0,107565056,1,2.07,0.00,1950892032,13824,558968832
87.9712,1867067392,87.2400,66.43,0,107757568,1,3.56,0.00,1957344256,13824,558968832
88.0766,1873358848,87.3200,75.95,0,107991040,1,1.48,0.00,1962376192,13824,558968832
88.1822,1878470656,87.4000,75.75,0,108187648,1,1.78,0.00,1967422464,13824,558968832
88.2880,1882796032,87.4700,66.16,0,108380160,1,2.66,0.00,1972790272,13824,558968832
88.3936,1888301056,87.5500,75.73,0,108576768,1,2.96,0.00,1978303488,13824,559017984
88.4992,1893412864,87.6300,75.77,0,108769280,1,2.96,0.00,1983563776,13824,559042560
88.6047,1899704320,87.7100,75.82,0,108982272,1,2.67,0.00,1989644288,13824,559042560
88.7101,1904816128,87.7800,66.44,0,109199360,1,2.97,0.00,1995232256,13824,559042560
88.8161,1909927936,87.8600,75.42,0,109391872,1,3.83,0.00,2000295936,13824,559042560
88.9220,1914646528,87.9300,66.09,0,109584384,1,2.07,0.00,2006054912,13824,559083520
89.0275,1920937984,88.0100,75.86,0,109780992,1,2.37,0.00,2011585536,13824,559083520
89.1326,1926049792,88.0800,66.63,0,109973504,1,2.08,0.00,2016701440,13824,559083520
89.2379,1930768384,88.1600,75.93,0,110198784,1,1.48,0.00,2023275520,13824,559083520
89.3439,1936666624,88.2400,75.48,0,110403584,1,5.31,0.00,2028037120,13824,559083520
89.4495,1942171648,88.3200,75.76,0,110596096,1,3.26,0.00,2033158144,13824,559083520
89.5551,1946497024,88.3900,66.26,0,110792704,1,3.25,0.00,2039918592,13824,559083520
89.6607,1952788480,88.4700,75.81,0,111022080,1,2.07,0.00,2045339648,13824,559083520
89.7665,1957900288,88.5500,75.57,0,111218688,1,2.07,0.00,2050088960,13824,559083520
89.8717,1962618880,88.6200,66.53,0,111411200,1,2.97,0.00,2055339008,13824,561885184
89.9771,1967730688,88.6900,66.44,0,111607808,1,2.67,0.00,2061606912,13824,561885184
90.0828,1973628928,88.7800,85.15,0,111816704,1,2.66,0.00,2066925568,13824,561885184
90.1877,1978740736,88.8400,57.19,0,112033792,1,2.38,0.00,2071940096,13824,561885184
90.2936,1983852544,88.9200,75.53,0,112230400,1,2.95,0.00,2077240320,13824,561885184
90.3987,1988964352,88.9900,66.61,0,112422912,1,2.38,0.00,2083008512,13824,561885184
90.5041,1995255808,89.0700,75.91,0,112615424,1,2.67,0.00,2088860672,13824,561885184
90.6110,2000367616,89.1500,74.84,0,112848896,1,1.75,0.00,2093686784,13824,561885184
90.7162,2006265856,89.2200,66.54,0,113045504,1,3.86,0.00,2100085760,13824,561885184
90.8222,2011377664,89.3000,75.48,0,113238016,1,2.36,0.00,2105790464,13824,561885184
90.9273,2016882688,89.3800,76.09,0,113471488,1,2.38,0.00,2110291968,13824,561885184
91.0330,2022387712,89.4600,75.66,0,113668096,1,2.36,0.00,2116818944,13824,561885184
91.1389,2027499520,89.5300,66.10,0,113860608,1,2.36,0.00,2121706496,13824,561885184
91.2447,2033004544,89.6100,75.65,0,114069504,1,3.25,0.00,2128056320,13824,562032640
91.3503,2039296000,89.6900,75.78,0,114286592,1,2.37,0.00,2132964352,13824,562032640
91.4562,2044014592,89.7600,66.10,0,114483200,1,2.36,0.00,2138515456,13824,562032640
91.5617,2049126400,89.8300,66.31,0,114675712,1,2.66,0.00,2143644672,13824,562032640
91.6672,2055024640,89.9100,75.83,0,114872320,1,2.96,0.00,2149966848,13824,562032640
91.7726,2060136448,89.9900,75.90,0,115105792,1,2.67,0.00,2155036672,13824,562032640
91.8788,2065248256,90.0600,65.90,0,115298304,1,2.94,0.00,2160314368,13824,562032640
91.9843,2070360064,90.1400,75.87,0,115490816,1,2.37,0.00,2166631424,13824,562032640
92.0902,2075865088,90.2300,84.96,0,115687424,1,3.25,0.00,2171448320,13824,562032640
92.1956,2081370112,90.3000,66.41,0,115904512,1,1.78,0.00,2176458752,13824,562032640
92.3009,2086481920,90.3700,66.47,0,116113408,1,2.37,0.00,2182521856,13824,562032640
92.4069,2091200512,90.4500,75.53,0,116310016,1,3.25,0.00,2187539456,13824,562032640
92.5124,2095919104,90.5300,75.82,0,116502528,1,1.78,0.00,2193950720,13824,562032640
92.6182,2102603776,90.6100,75.61,0,116699136,1,2.95,0.00,2199412736,13824,562032640
92.7233,2106929152,90.6900,76.06,0,116891648,1,3.27,0.00,2204077056,13824,562032640
92.8290,2112434176,90.7600,66.28,0,117088256,1,2.37,0.00,2209133568,13824,562032640
92.9350,2117152768,90.8300,66.04,0,117280768,1,2.06,0.00,2214335488,13824,562032640
93.0400,2123051008,90.9100,76.14,0,117489664,1,2.68,0.00,2220911616,13824,562032640
93.1456,2128949248,90.9900,75.77,0,117706752,1,2.37,0.00,2225682432,13824,562102272
93.2514,2133274624,91.0600,66.15,0,117903360,1,1.48,0.00,2231010304,13824,562102272
93.3568,2138386432,91.1400,75.93,0,118095872,1,2.37,0.00,2236115968,13824,562102272
93.4624,2145071104,91.2200,75.78,0,118325248,1,2.37,0.00,2242736128,13824,562102272
93.5676,2149789696,91.2900,66.52,0,118521856,1,3.27,0.00,2247780352,13824,562122752
93.6735,2154508288,91.3700,75.56,0,118718464,1,2.36,0.00,2253078528,13824,562184192
93.7794,2160406528,91.4400,66.07,0,118910976,1,1.77,0.00,2259441664,13824,562184192
93.8852,2165518336,91.5300,85.10,0,119123968,1,1.77,0.00,2264601600,13824,562184192
93.9904,2171023360,91.5900,57.01,0,119341056,1,2.97,0.00,2270035968,13824,562184192
94.0962,2176135168,91.6600,66.19,0,119533568,1,2.95,0.00,2274867200,13824,562184192
94.2018,2180853760,91.7500,85.24,0,119730176,1,2.07,0.00,2280971264,13824,562184192
94.3078,2187145216,91.8200,66.04,0,119922688,1,2.65,0.00,2286535680,13824,562184192
94.4133,2192257024,91.9000,75.80,0,120156160,1,2.07,0.00,2291793920,13824,562184192
94.5187,2197368832,91.9700,66.41,0,120348672,1,1.78,0.00,2296646656,13824,562184192
94.6244,2203267072,92.0500,75.73,0,120545280,1,2.66,0.00,2303176704,13824,562184192
94.7304,2209558528,92.3000,235.76,0,120676352,1,7.37,0.00,2309091328,13824,562184192
94.8366,2211131392,92.7800,452.19,0,120750080,1,15.60,0.00,2311700480,13824,562184192
94.9426,2212704256,93.2200,414.91,0,120836096,1,15.62,0.00,2312663040,13824,565061120
95.0482,1624563712,93.4500,217.84,0,121032704,1,7.40,0.00,1705021440,13824,565229056
95.1536,1624563712,93.5300,75.92,0,121225216,1,2.08,0.00,1705545728,13824,565229056
95.2584,1624563712,93.6000,66.78,0,121458688,1,2.09,0.00,1705283584,13824,565229056
95.3633,1624563712,93.6700,66.73,0,121655296,1,2.68,0.00,1705545728,13824,565229056
95.4682,1624563712,93.7400,66.71,0,121847808,1,2.38,0.00,1705656320,13824,565229056
95.5734,1624563712,93.8200,76.05,0,122040320,1,2.67,0.00,1705656320,13824,565229056
95.6787,1624563712,93.9000,75.96,0,122253312,1,1.78,0.00,1705918464,13824,565229056
95.7839,1624563712,93.9700,66.55,0,122470400,1,2.38,0.00,1704613888,13824,565229056
95.8894,1624563712,94.0400,66.33,0,122662912,1,2.96,0.00,1704613888,13824,565229056
95.9944,1624563712,94.1100,66.69,0,122859520,1,2.38,0.00,1704900608,13824,565229056
96.0993,1624563712,94.1800,66.74,0,123092992,1,2.09,0.00,1704904704,13824,565286400
96.2041,1624563712,94.2500,66.81,0,123285504,1,2.09,0.00,1705428992,13824,565286400
96.3094,1624563712,94.3300,75.91,0,123478016,1,3.56,0.00,1705678848,13824,565286400
96.4149,1624563712,94.4100,75.84,0,123711488,1,2.67,0.00,1705674752,13824,565286400
96.5201,1624563712,94.4800,66.53,0,123908096,1,2.08,0.00,1706199040,13824,565286400
96.6251,1624563712,94.5500,66.72,0,124100608,1,2.08,0.00,1704498176,13824,565286400
96.7306,1624563712,94.6200,66.35,0,124313600,1,2.37,0.00,1705022464,13824,565286400
96.8355,1624563712,94.6900,66.70,0,124522496,1,2.98,0.00,1705022464,13824,565286400
96.9407,1624563712,94.7700,76.05,0,124723200,1,2.67,0.00,1705284608,13824,565286400
97.0454,1624563712,94.8400,66.89,0,124915712,1,1.79,0.00,1705546752,13824,565286400
97.1507,1624563712,94.9100,66.48,0,125112320,1,2.37,0.00,1705546752,13824,565286400
97.2561,1624563712,94.9900,75.89,0,125345792,1,2.08,0.00,1706157056,13824,565286400
97.3619,1624563712,95.0600,66.15,0,125538304,1,2.07,0.00,1704718336,13824,565286400
97.4684,1624563712,95.1300,65.75,0,125751296,1,2.05,0.00,1705115648,13824,565286400
97.5736,1624563712,95.2000,66.54,0,125968384,1,2.67,0.00,1704933376,13824,565286400
97.6790,1624563712,95.2700,66.36,0,126160896,1,2.37,0.00,1705064448,13824,565286400
97.7843,1624563712,95.3600,85.54,0,126394368,1,1.78,0.00,1705424896,13824,565286400
97.8899,1624563712,95.4200,56.81,0,126586880,1,2.66,0.00,1705523200,13824,565286400
97.9958,1624563712,95.5000,75.52,0,126783488,1,2.36,0.00,1705523200,13824,565286400
98.1011,1624563712,95.5700,66.46,0,126988288,1,2.08,0.00,1705785344,13824,565286400
98.2063,1624563712,95.6400,66.54,0,127209472,1,2.38,0.00,1706047488,13824,565286400
98.3120,1624563712,95.7100,66.22,0,127406080,1,2.96,0.00,1706309632,13824,565286400
98.4174,1624563712,95.7800,66.41,0,127598592,1,2.67,0.00,1706571776,13824,565286400
98.5226,1624563712,95.8500,66.56,0,127832064,1,2.08,0.00,1706833920,13824,565306880
98.6279,1624563712,95.9300,75.98,0,128024576,1,3.26,0.00,1704482816,13824,565306880
98.7332,1624563712,96.0000,66.46,0,128221184,1,2.67,0.00,1704744960,13824,565306880
98.8388,1624563712,96.0700,66.34,0,128454656,1,2.07,0.00,1705007104,13824,565306880
98.9444,1624563712,96.1400,66.26,0,128647168,1,2.37,0.00,1705269248,13824,565347840
99.0498,1624563712,96.2200,75.90,0,128843776,1,1.78,0.00,1705531392,13824,565347840
99.1546,1624563712,96.3000,76.30,0,129036288,1,2.09,0.00,1705535488,13824,565347840
99.2596,1624563712,96.3700,66.73,0,129269760,1,2.38,0.00,1705531392,13824,565347840
99.3646,1624563712,96.4400,66.63,0,129466368,1,2.38,0.00,1705793536,13824,565347840
99.4704,1624563712,96.5000,56.71,0,129658880,1,2.36,0.00,1706055680,13824,565347840
99.5757,1624563712,96.5800,75.98,0,129851392,1,2.97,0.00,1704572928,13824,565347840
99.6811,1624563712,96.6600,75.91,0,130064384,1,2.97,0.00,1704572928,13824,565347840
99.7861,1624563712,96.7300,66.65,0,130281472,1,2.98,0.00,1704572928,13824,565347840
99.8918,1624563712,96.8000,66.25,0,130473984,1,2.66,0.00,1705097216,13824,565347840
99.9975,1624563712,96.8800,75.72,0,130670592,1,2.66,0.00,1705093120,13824,565347840
100.1027,1624563712,96.9600,76.04,0,130871296,1,2.08,0.30,1705621504,13824,567273984
100.2078,1624563712,97.0300,66.58,0,131080192,1,2.38,0.00,1705539584,13824,567273984
100.3124,1624563712,97.1000,66.91,0,131289088,1,3.58,0.00,1705744384,13824,567335424
100.4179,1624563712,97.1700,66.39,0,131485696,1,2.37,0.00,1705949184,13824,567335424
100.5236,1624563712,97.2500,75.67,0,131678208,1,2.07,0.00,1704189952,13824,567335424
100.6296,1624563712,97.3200,66.03,0,131874816,1,3.24,0.00,1704235008,13824,567413248
100.7348,1624563712,97.4000,76.05,0,132108288,1,1.78,0.00,1704398848,13824,567413248
100.8399,1624563712,97.4700,66.63,0,132300800,1,2.38,0.00,1704697856,13824,567454208
100.9452,1624563712,97.5400,66.43,0,132497408,1,2.37,0.00,1704632320,13824,567454208
101.0508,1624563712,97.6200,75.80,0,132706304,1,2.37,0.00,1704992768,13824,567454208
101.1567,1624563712,97.6900,66.12,0,132923392,1,3.54,0.00,1705095168,13824,567454208
101.2619,1624563712,97.7700,76.05,0,133115904,1,2.08,0.00,1705529344,13824,567601664
101.3676,1624563712,97.8300,56.73,0,133312512,1,4.43,0.00,1704476672,13824,567601664
101.4727,1624563712,97.9200,85.63,0,133505024,1,2.97,0.00,1704382464,13824,567601664
101.5787,1624563712,97.9800,56.63,0,133660672,1,3.83,0.59,1704516608,13824,612973056
101.6844,1624563712,97.9800,0.00,0,133705728,1,0.30,2.96,1704226816,13824,612973056
101.7897,1624563712,98.0400,56.94,0,133861376,1,1.78,0.00,1704226816,13824,612973056
101.8956,1624563712,98.1100,66.10,0,134053888,1,2.07,0.00,1704488960,13824,612973056
102.0011,1624563712,98.1800,66.39,0,134246400,1,2.96,0.00,1704751104,13824,612973056
102.1066,1624563712,98.2700,85.27,0,134459392,1,2.07,0.00,1705197568,13824,612973056
102.2120,1624563712,98.3400,66.41,0,134676480,1,2.08,0.00,1704475648,13824,612973056
102.3179,1626529792,98.4100,66.11,0,134868992,1,2.95,0.00,1707707392,13824,612973056
102.4242,1632428032,98.4900,75.27,0,135065600,1,2.35,0.00,1713826816,13824,612973056
102.5296,1637539840,98.5600,66.43,0,135258112,1,2.67,0.00,1719438336,13824,612973056
102.6349,1642651648,98.6500,85.46,0,135471104,1,2.08,0.00,1724606464,13824,612973056
102.7406,1649336320,98.7300,75.64,0,135688192,1,2.66,0.00,1730840576,13824,612973056
102.8461,1654054912,98.8000,66.36,0,135880704,1,2.07,0.00,1735747584,13824,612973056
102.9521,1659166720,98.8700,66.07,0,136073216,1,2.06,0.00,1740802048,13824,612973056
103.0572,1664278528,98.9500,76.10,0,136269824,1,2.38,0.00,1746055168,13824,612973056
103.1628,1670176768,99.0300,75.78,0,136503296,1,2.07,0.00,1752572928,13824,612973056
103.2679,1675288576,99.1100,76.12,0,136695808,1,2.68,0.00,1757191168,13824,612973056
103.3737,1680007168,99.1900,75.60,0,136892416,1,2.36,0.00,1762607104,13824,613513728
103.4791,1685512192,99.2600,66.42,0,137084928,1,2.08,0.00,1768000512,13824,613513728
103.5844,1691803648,99.3300,66.47,0,137281536,1,2.08,0.00,1773817856,13824,617601536
103.6902,1696522240,99.4100,75.63,0,137510912,1,1.77,0.00,1779532800,13824,617601536
103.7955,1702027264,99.4900,75.94,0,137707520,1,2.37,0.00,1784215552,13824,617601536
103.9008,1707139072,99.5600,66.49,0,137900032,1,2.67,0.00,1791056896,13824,617642496
104.0068,1712644096,99.6400,75.49,0,138096640,1,2.36,0.00,1796031488,13824,617642496
104.1124,1716969472,99.7200,75.76,0,138289152,1,2.66,0.00,1801463808,13824,617642496
104.2175,1722474496,99.7900,66.57,0,138485760,1,3.27,0.00,1806380032,13824,617642496
104.3228,1727193088,99.8700,75.99,0,138694656,1,2.08,0.00,1813799936,13824,617642496
104.4286,1733484544,99.9500,75.61,0,138911744,1,2.07,0.00,1818499072,13824,617921024
104.5339,1738596352,100.0200,66.45,0,139104256,1,1.48,0.00,1823324160,13824,617921024
104.6392,1743708160,100.1000,76.01,0,139300864,1,1.78,0.00,1829780480,13824,617921024
104.7449,1748819968,100.1600,56.77,0,139493376,1,2.96,0.00,1835601920,13824,617921024
104.8507,1754718208,100.2500,85.08,0,139706368,1,2.95,0.00,1841169408,13824,617921024
104.9559,1760616448,100.3300,76.01,0,139923456,1,2.08,0.00,1845856256,13824,617921024
105.0613,1765335040,100.4000,66.44,0,140115968,1,2.37,0.00,1851198464,13824,617921024
105.1674,1770840064,100.4800,75.37,0,140312576,1,6.18,0.00,1856308224,13824,626328576
105.2731,1776345088,100.5500,66.26,0,140505088,1,2.96,0.00,1862987776,13824,626328576
105.3785,1781850112,100.6300,75.84,0,140697600,1,2.67,0.00,1867768832,13824,626328576
105.4843,1786175488,100.7100,75.61,0,140894208,1,3.54,0.00,1873273856,20480,626557952
105.5900,1792860160,100.7900,75.71,0,141127680,1,2.07,0.00,1879495680,20480,626586624
105.6952,1797578752,100.8600,66.52,0,141320192,1,1.78,0.00,1884739584,20480,626639872
105.8009,1803083776,100.9400,75.71,0,141516800,1,2.37,0.00,1891035136,20480,626639872
105.9064,1809375232,101.0200,75.81,0,141725696,1,3.55,0.30,1895973888,20480,626639872
106.0116,1814093824,101.1000,76.09,0,141942784,1,2.08,0.00,1902105600,20480,626639872
106.1172,1819205632,101.1700,66.28,0,142135296,1,2.96,0.00,1906783232,20480,626639872
106.2232,1824317440,101.2500,75.50,0,142331904,1,3.54,0.00,1911781376,20480,626639872
106.3287,1830215680,101.3400,85.29,0,142524416,1,3.26,0.00,1918244864,20480,626660352
106.4340,1836113920,101.4100,66.43,0,142721024,1,2.67,0.00,1923876864,20480,626705408
106.5394,1840832512,101.4900,75.90,0,142946304,1,1.78,0.00,1929906176,20480,626705408
106.6450,1847123968,101.5600,66.31,0,143147008,1,2.37,0.00,1934768128,20480,626705408
106.7507,1851842560,101.6400,75.69,0,143343616,1,3.55,0.00,1940277248,20480,626705408
106.8562,1856954368,101.7200,75.86,0,143536128,1,2.07,0.00,1945896960,20480,626705408
106.9614,1863245824,101.7900,66.49,0,143728640,1,2.67,0.00,1952015360,20480,626705408
107.0667,1868357632,101.8700,76.01,0,143962112,1,2.38,0.00,1957082112,20480,626705408
107.1720,1873076224,101.9500,76.00,0,144158720,1,3.27,0.00,1962100736,20480,626705408
107.2773,1878974464,102.0300,75.91,0,144351232,1,2.97,0.00,1967221760,20480,626705408
107.3830,1884086272,102.1000,66.23,0,144547840,1,1.77,0.00,1972485120,20480,626705408
107.4884,1889591296,102.1800,75.94,0,144740352,1,2.08,0.00,1978772480,20480,627037184
107.5938,1895096320,102.2700,85.39,0,144973824,1,1.78,0.00,1984384000,20480,627037184
107.6992,1900208128,102.3400,66.42,0,145166336,1,2.67,0.00,1989324800,20480,627037184
107.8048,1906106368,102.4200,75.73,0,145362944,1,2.96,0.00,1995755520,20480,627037184
107.9108,1911218176,102.4900,66.05,0,145555456,1,2.06,0.00,2000736256,20480,627037184
108.0160,1916329984,102.5700,76.01,0,145752064,1,2.67,0.00,2005975040,20480,627037184
108.1214,1921441792,102.6500,75.95,0,145960960,1,2.37,0.00,2012803072,20480,627037184
108.2269,1927733248,102.7300,75.78,0,146178048,1,2.66,0.00,2018045952,20480,627037184
108.3327,1932058624,102.8000,66.21,0,146374656,1,2.36,0.00,2022769664,20480,627037184
108.4384,1937170432,102.8800,75.70,0,146567168,1,2.37,0.00,2028461056,20480,627037184
108.5441,1942675456,102.9500,66.18,0,146759680,1,3.55,0.00,2033855488,20480,627061760
108.6498,1948573696,103.0300,75.68,0,146956288,1,2.07,0.00,2040695808,20480,627061760
108.7554,1953685504,103.1200,85.26,0,147165184,1,2.07,0.00,2045418496,20480,627061760
108.8609,1958797312,103.2000,75.82,0,147382272,1,1.78,0.00,2050590720,20480,627061760
108.9669,1963909120,103.2700,66.04,0,147578880,1,2.36,0.00,2055833600,20480,627102720
109.0724,1968627712,103.3400,66.36,0,147771392,1,2.37,0.00,2062072832,20480,627102720
109.1784,1974919168,103.4300,84.87,0,147968000,1,2.65,0.00,2067568640,20480,627102720
109.2841,1980030976,103.5100,75.72,0,148197376,1,2.66,0.00,2073262080,20480,627102720
109.3899,1985929216,103.5900,75.58,0,148393984,1,2.36,0.00,2079123456,20480,627102720
109.4955,1991827456,103.6600,66.30,0,148586496,1,2.37,0.00,2084420608,20480,627102720
109.6011,1996546048,103.7400,75.74,0,148783104,1,2.07,0.00,2089308160,20480,627102720
109.7068,2001264640,103.8200,75.71,0,148975616,1,2.37,0.00,2094552064,20480,627102720
109.8123,2006769664,103.9000,75.85,0,149172224,1,2.67,0.00,2099799040,20480,627102720
109.9178,2011881472,103.9800,75.83,0,149364736,1,2.96,0.00,2105033728,20480,627102720
110.0233,2017779712,104.0500,66.32,0,149561344,1,2.66,0.00,2111329280,20480,627102720
110.1287,2022891520,104.1300,75.94,0,149753856,1,2.37,0.00,2116476928,20480,627102720
110.2346,2028396544,104.2100,75.50,0,149987328,1,2.65,0.00,2121606144,20480,627102720
110.3406,2033901568,104.2900,75.46,0,150179840,1,3.24,0.00,2127684608,20480,630178304
110.4476,2038620160,104.3700,74.82,0,150376448,1,2.34,0.00,2133222400,20480,630178304
110.5534,2043731968,104.4400,66.13,0,150568960,1,3.25,0.00,2137560064,22528,630223360
110.6595,2048450560,104.5300,84.87,0,150781952,1,2.06,0.00,2143797248,22528,630223360
110.7649,2054742016,104.6000,66.37,0,150990848,1,3.26,0.00,2149212160,22528,630252032
110.8708,2059460608,104.6800,75.55,0,151191552,1,1.77,0.00,2154445824,22528,630252032
110.9766,2064965632,104.7500,66.19,0,151384064,1,2.66,0.00,2159123456,22528,630252032
111.0832,2070077440,104.8200,65.66,0,151580672,1,3.22,0.00,2164575232,22528,630252032
111.1896,2074796032,104.9100,84.61,0,151773184,1,2.94,0.00,2170985472,22528,630399488
111.2950,2080301056,104.9900,75.86,0,151969792,1,1.78,0.00,2175709184,22528,630399488
111.4004,2085412864,105.0600,66.41,0,152162304,1,2.37,0.00,2181204992,22528,630399488
111.5058,2090524672,105.1400,75.93,0,152391680,1,2.67,0.00,2186615808,22528,630399488
111.6109,2095636480,105.2200,76.10,0,152592384,1,4.16,0.00,2191368192,22528,630399488
111.7162,2102321152,105.3100,85.45,0,152784896,1,2.37,0.00,2197946368,22528,630399488
111.8215,2106646528,105.3800,66.48,0,152977408,1,2.08,0.00,2202627072,22528,630399488
111.9275,2112151552,105.4600,75.49,0,153174016,1,3.54,0.00,2207590400,22528,630399488
112.0340,2116870144,105.5400,75.10,0,153366528,1,2.93,0.00,2212698112,22528,630399488
112.1402,2122375168,105.6200,75.37,0,153563136,1,2.94,0.00,2218147840,22528,630399488
112.2464,2128273408,105.7100,84.71,0,153788416,1,2.06,0.00,2224893952,22528,630399488
112.3519,2132992000,105.7800,66.40,0,153989120,1,2.37,0.00,2229985280,22528,630399488
112.4577,2138103808,105.8600,75.57,0,154185728,1,1.77,0.00,2235047936,22528,630399488
112.5633,2142822400,105.9400,75.76,0,154378240,1,2.07,0.00,2240008192,22528,630399488
112.6690,2148720640,106.0100,66.24,0,154570752,1,2.96,0.00,2246263808,22528,630428160
112.7746,2154225664,106.0900,75.75,0,154767360,1,2.07,0.00,2251514880,22528,630428160
112.8804,2159337472,106.1800,85.09,0,154992640,1,2.07,0.00,2257187840,22528,630428160
112.9860,2164449280,106.2500,66.26,0,155193344,1,2.07,0.00,2262643712,22528,630428160
113.0917,2169954304,106.3300,75.69,0,155389952,1,3.55,0.00,2267945984,22528,630428160
113.1979,2175459328,106.4000,65.90,0,155582464,1,2.06,0.00,2273650688,22528,630428160
113.3035,2180177920,106.4800,75.77,0,155779072,1,3.26,0.00,2278795264,22528,630428160
113.4092,2185289728,106.5700,85.16,0,155971584,1,2.07,0.00,2283874304,22528,630428160
113.5149,2190008320,106.6500,75.65,0,156180480,1,2.66,0.00,2290176000,22528,630448640
113.6202,2196299776,106.7200,66.49,0,156397568,1,2.37,0.00,2295801856,22528,630448640
113.7258,2201018368,106.8000,75.75,0,156594176,1,2.37,0.00,2300400640,22528,630448640
113.8314,2206130176,106.8800,75.77,0,156786688,1,2.37,0.00,2305437696,22528,630448640
113.9370,2211635200,106.9600,75.80,0,156983296,1,2.37,0.00,2312097792,22528,630448640
114.0425,2215960576,107.2100,236.86,0,157130752,1,7.40,0.00,2315849728,22528,630448640
114.1482,2219499520,107.6700,435.23,0,157179904,1,14.19,0.00,2319147008,22528,630448640
114.2549,2219892736,108.1700,468.63,0,157220864,1,13.47,0.00,2319663104,22528,630448640
114.3606,1627815936,108.4500,264.94,0,157413376,1,8.57,0.00,1707444224,22528,630448640
114.4665,1627291648,108.6500,188.91,0,157609984,1,5.02,0.00,1707059200,22528,630448640
114.5728,1627291648,108.7200,65.84,0,157802496,1,2.35,0.00,1707005952,22528,630448640
114.6782,1627291648,108.8000,75.90,0,157995008,1,2.67,0.00,1707366400,22528,630526464
114.7838,1627291648,108.8800,75.74,0,158191616,1,1.78,0.00,1707493376,22528,630526464
114.8896,1627291648,108.9600,75.63,0,158416896,1,2.36,0.00,1706940416,22528,630596096
114.9948,1627291648,109.0300,66.52,0,158617600,1,2.38,0.00,1707042816,22528,630596096
115.0998,1627291648,109.1000,66.67,0,158814208,1,2.08,0.00,1707169792,22528,630596096
115.2055,1627291648,109.1800,75.70,0,159006720,1,2.66,0.00,1707542528,22528,630653440
115.3107,1627291648,109.2600,76.03,0,159240192,1,2.38,0.00,1707280384,22528,630653440
115.4160,1627291648,109.3300,66.47,0,159432704,1,2.97,0.00,1706229760,22528,633674752
115.5215,1627291648,109.4000,66.35,0,159629312,1,2.07,0.00,1706557440,22528,633883648
115.6268,1627291648,109.4700,66.46,0,159821824,1,1.78,0.00,1706897408,22528,633883648
115.7321,1627291648,109.5500,76.02,0,160018432,1,2.08,0.00,1707155456,22528,633895936
115.8371,1627291648,109.6300,76.16,0,160251904,1,2.97,0.00,1707417600,22528,633895936
115.9424,1627291648,109.7000,66.48,0,160444416,1,2.37,0.00,1706766336,22528,633895936
116.0477,1627291648,109.7700,66.45,0,160641024,1,2.67,0.00,1707028480,22528,633895936
116.1529,1627291648,109.8500,76.11,0,160849920,1,2.68,0.00,1706786816,22528,633895936
116.2581,1627291648,109.9300,76.02,0,161067008,1,2.08,0.00,1707311104,22528,633895936
116.3634,1627291648,110.0000,66.48,0,161259520,1,2.08,0.00,1706790912,22528,633895936
116.4688,1627291648,110.0800,75.87,0,161456128,1,2.96,0.00,1707048960,22528,633932800
116.5740,1627291648,110.1500,66.59,0,161648640,1,2.97,0.00,1707200512,22528,633932800
116.6790,1627291648,110.2300,76.15,0,161861632,1,2.38,0.00,1706679296,22528,633932800
116.7843,1627291648,110.3000,66.47,0,162078720,1,1.48,0.00,1706679296,22528,633932800
116.8899,1627291648,110.3800,75.78,0,162271232,1,2.96,0.00,1707203584,22528,633932800
116.9951,1627291648,110.4600,76.00,0,162463744,1,2.08,0.30,1706728448,22528,633932800
117.1006,1627291648,110.5300,66.40,0,162660352,1,2.37,0.00,1707252736,22528,633932800
117.2057,1627291648,110.6100,76.12,0,162869248,1,2.08,0.00,1707248640,22528,633932800
117.3110,1627291648,110.6800,66.48,0,163086336,1,2.97,0.00,1706593280,22528,633932800
117.4165,1627291648,110.7600,75.78,0,163282944,1,2.66,0.00,1707117568,22528,633932800
117.5218,1627291648,110.8400,76.01,0,163475456,1,3.86,0.00,1707117568,22528,633932800
117.6273,1627291648,110.9200,75.81,0,163708928,1,2.67,0.00,1706921984,22528,633932800
117.7326,1627291648,110.9900,66.47,0,163901440,1,2.08,0.00,1706921984,22528,633932800
117.8382,1627291648,111.0600,66.26,0,164098048,1,2.66,0.00,1706917888,22528,633932800
117.9436,1627291648,111.1300,66.42,0,164290560,1,3.26,0.00,1706790912,22528,633932800
118.0490,1627291648,111.2100,75.93,0,164524032,1,3.26,0.00,1706790912,22528,633932800
118.1547,1627291648,111.2900,75.66,0,164720640,1,2.07,0.00,1707315200,22528,633932800
118.2603,1627291648,111.3600,66.30,0,164913152,1,2.66,0.00,1706763264,22528,633932800
118.3655,1627291648,111.4300,66.51,0,165109760,1,2.38,0.00,1707025408,22528,633932800
118.4706,1627291648,111.5100,76.12,0,165343232,1,2.97,0.00,1707025408,22528,633932800
118.5759,1627291648,111.5900,75.99,0,165535744,1,2.37,0.30,1706759168,22528,633953280
118.6812,1627291648,111.6600,66.48,0,165728256,1,2.08,0.00,1707021312,22528,633953280
118.7866,1627291648,111.7400,75.89,0,165924864,1,2.08,0.00,1707283456,22528,633953280
118.8919,1627291648,111.8100,66.47,0,166117376,1,1.78,0.00,1706896384,22528,633953280
118.9971,1627291648,111.8800,66.57,0,166330368,1,2.67,0.00,1706760192,22528,633994240
119.1022,1627291648,111.9600,76.09,0,166547456,1,1.78,0.00,1707022336,22528,633994240
119.2074,1627291648,112.0400,76.07,0,166739968,1,2.38,0.00,1706768384,22528,633994240
119.3127,1627291648,112.1100,66.50,0,166936576,1,2.97,0.00,1706768384,22528,633994240
119.4179,1627291648,112.1900,75.99,0,167129088,1,2.37,0.00,1706768384,22528,633994240
119.5232,1627291648,112.2600,66.50,0,167325696,1,1.78,0.00,1706370048,22528,633994240
119.6285,1627291648,112.3300,66.46,0,167534592,1,2.37,0.00,1706890240,22528,633994240
119.7337,1627291648,112.4000,66.59,0,167751680,1,1.78,0.00,1706890240,22528,633994240
119.8391,1627291648,112.4800,75.86,0,167948288,1,2.96,0.00,1706364928,22528,633994240
119.9448,1627291648,112.5500,66.25,0,168144896,1,2.07,0.00,1706889216,22528,633994240
120.0499,1627291648,112.6300,76.10,0,168337408,1,1.78,0.00,1706889216,22528,633994240
120.1551,1627291648,112.7000,66.55,0,168570880,1,2.67,0.00,1706577920,22528,633994240
120.2604,1627291648,112.7700,66.45,0,168767488,1,2.97,0.00,1706840064,22528,633994240
120.3661,1627291648,112.8500,75.71,0,168960000,1,2.07,0.00,1706835968,22528,633994240
120.4714,1627291648,112.9300,76.00,0,169156608,1,2.08,0.00,1706830848,22528,633994240
120.5767,1627291648,113.0000,66.43,0,169390080,1,2.67,0.00,1707179008,22528,636845568
120.6821,1627291648,113.0800,75.89,0,169582592,1,3.56,0.00,1707097088,22528,636845568
120.7875,1627291648,113.1500,66.42,0,169779200,1,2.97,0.00,1706890240,22528,636935680
120.8928,1627291648,113.2300,76.02,0,169988096,1,2.67,0.00,1707217920,22528,636935680
120.9979,1627291648,113.3100,76.11,0,170205184,1,1.78,0.00,1706822656,22528,636935680
121.1032,1627291648,113.3800,66.49,0,170401792,1,2.37,0.00,1706892288,22528,636935680
121.2086,1627291648,113.4400,56.92,0,170594304,1,2.08,0.00,1706813440,22528,637083136
121.3137,1627291648,113.5200,76.12,0,170790912,1,2.68,0.00,1706919936,22528,637083136
121.4192,1627291648,113.6000,75.78,0,171024384,1,2.66,0.00,1706786816,22528,637083136
121.5252,1627291648,113.6800,75.48,0,171216896,1,3.24,0.00,1707057152,22528,637083136
121.6309,1630830592,113.7500,66.25,0,171413504,1,2.07,0.00,1711199232,22528,637083136
121.7363,1636335616,113.8300,75.92,0,171622400,1,2.37,0.00,1718133760,22528,637083136
121.8415,1643020288,113.9200,85.50,0,171839488,1,2.38,0.00,1723330560,22528,637083136
121.9472,1647345664,113.9900,66.24,0,172036096,1,2.66,0.00,1728050176,22528,637083136
122.0531,1652457472,114.0700,75.53,0,172232704,1,4.13,0.00,1733011456,22528,650239488
122.1588,1657176064,114.1500,75.69,0,172425216,1,6.21,0.00,1738832896,22528,650239488
122.2646,1662287872,114.2300,75.66,0,172621824,1,3.25,0.00,1743689728,22528,650239488
122.3708,1668186112,114.3200,84.68,0,172814336,1,2.94,0.00,1749899264,22528,650239488
122.4761,1673691136,114.3900,66.51,0,173043712,1,2.67,0.00,1754929152,22528,650239488
122.5813,1678802944,114.4700,76.02,0,173244416,1,2.38,0.00,1760056320,22528,650239488
122.6873,1683914752,114.5400,66.05,0,173436928,1,3.54,0.00,1765164032,22528,650239488
122.7928,1689419776,114.6300,85.32,0,173633536,1,4.44,0.00,1770983424,22528,650239488
122.8984,1694924800,114.7100,75.72,0,173826048,1,2.37,0.00,1776698368,22528,650239488
123.0032,1699250176,114.8000,85.87,0,174022656,1,2.09,0.00,1781234688,22528,650239488
123.1086,1704361984,114.8700,66.46,0,174231552,1,2.97,0.00,1787270144,22528,650239488
123.2149,1710653440,114.9500,75.21,0,174448640,1,2.06,0.00,1793352704,22528,650239488
123.3208,1715372032,115.0300,75.59,0,174645248,1,2.95,0.00,1798134784,22528,650239488
123.4260,1720877056,115.1000,66.55,0,174837760,1,1.78,0.00,1803377664,22528,650239488
123.5312,1725595648,115.1700,66.50,0,175034368,1,2.37,0.00,1810663424,22528,658202112
123.6369,1731887104,115.2600,85.17,0,175267840,1,2.66,0.00,1814808576,22528,658202112
123.7421,1736605696,115.3300,66.56,0,175460352,1,2.67,0.00,1819834368,22528,658202112
123.8475,1741717504,115.4100,75.89,0,175656960,1,2.37,0.00,1825466368,22528,658202112
123.9529,1747222528,115.4900,75.87,0,175849472,1,2.67,0.00,1830958080,22528,658202112
124.0585,1752727552,115.5700,75.76,0,176046080,1,2.66,0.00,1836332032,22528,658202112
124.1635,1758232576,115.6500,76.20,0,176254976,1,3.27,0.00,1842244608,22528,658202112
124.2689,1763737600,115.7200,66.42,0,176476160,1,1.78,0.00,1847557120,22528,658202112
124.3750,1768062976,115.7900,65.97,0,176668672,1,2.95,0.00,1853012992,22528,658202112
124.4801,1774354432,115.8800,85.65,0,176865280,1,2.38,0.00,1858975744,22528,658202112
124.5852,1779073024,115.9500,66.56,0,177057792,1,2.08,0.00,1864202240,22528,658202112
124.6907,1784578048,116.0300,75.85,0,177291264,1,2.07,0.00,1870242816,22528,658329088
124.7962,1789689856,116.1000,66.32,0,177487872,1,2.37,0.00,1875112960,22528,658329088
124.9021,1795588096,116.1900,85.02,0,177680384,1,2.07,0.00,1881264128,22528,658386432
125.0075,1800699904,116.2600,66.44,0,177876992,1,2.37,0.00,1886479360,22528,658386432
125.1129,1806204928,116.3300,66.39,0,178069504,1,3.26,0.00,1891139584,22528,658386432
125.2181,1810923520,116.4100,76.04,0,178282496,1,2.67,0.00,1898087424,22528,658386432
125.3234,1817214976,116.5000,85.47,0,178499584,1,2.37,0.00,1903137792,22528,658386432
125.4290,1821933568,116.5700,66.32,0,178692096,1,1.78,0.00,1908400128,22528,658386432
125.5341,1827045376,116.6500,76.07,0,178888704,1,2.67,0.00,1913225216,22528,658386432
125.6394,1831763968,116.7200,66.47,0,179081216,1,4.45,0.00,1918397440,22528,663644672
125.7450,1838448640,116.8100,85.29,0,179277824,1,2.67,0.00,1924714496,22528,663644672
125.8501,1843560448,116.8900,76.12,0,179486720,1,2.38,0.00,1930384384,22528,663644672
125.9555,1848672256,116.9600,66.38,0,179699712,1,2.67,0.00,1935877120,22528,663755264
126.0605,1853784064,117.0400,76.23,0,179900416,1,2.38,0.00,1940621312,22528,663755264
126.1662,1858502656,117.1200,75.63,0,180092928,1,2.66,0.00,1945926656,22528,663755264
126.2717,1864400896,117.2000,75.87,0,180289536,1,2.37,0.00,1951679488,22528,663755264
126.3769,1869512704,117.2700,66.55,0,180523008,1,2.08,0.00,1957336064,22528,663755264
126.4822,1875017728,117.3500,75.98,0,180719616,1,2.08,0.00,1962658816,22528,663755264
126.5880,1879736320,117.4300,75.58,0,180912128,1,3.84,0.00,1968012288,22528,663755264
126.6933,1886027776,117.5100,75.94,0,181108736,1,2.08,0.00,1974426624,22528,663755264
126.7983,1890746368,117.5900,76.21,0,181301248,1,2.38,0.00,1979759616,22528,663755264
126.9037,1895858176,117.6700,75.89,0,181534720,1,2.96,0.00,1984467968,22528,663755264
127.0092,1901756416,117.7500,75.87,0,181731328,1,2.07,0.00,1990939648,22528,663755264
127.1150,1907261440,117.8200,66.12,0,181923840,1,2.95,0.00,1996476416,22528,663755264
127.2203,1911980032,117.9000,76.00,0,182120448,1,2.67,0.00,2001157120,22528,685439488
127.3258,1917091840,117.9800,75.82,0,182312960,1,2.67,0.00,2005901312,22528,685439488
127.4309,1922990080,118.0600,76.14,0,182525952,1,2.97,0.00,2012829696,22528,685439488
127.5365,1928495104,118.1400,75.77,0,182743040,1,2.07,0.00,2017699840,22528,685439488
127.6421,1933213696,118.2100,66.23,0,182935552,1,2.96,0.00,2022884352,22528,685439488
127.7476,1939111936,118.2800,66.36,0,183132160,1,2.37,0.00,2028288000,22528,685439488
127.8531,1945010176,118.3600,75.85,0,183341056,1,2.67,0.00,2034692096,22528,685439488
127.9588,1949335552,118.4500,85.19,0,183558144,1,2.07,0.00,2040045568,22528,685439488
128.0641,1954447360,118.5200,66.46,0,183754752,1,2.08,0.00,2045253632,22528,685439488
128.1696,1959952384,118.6000,75.84,0,183947264,1,2.37,0.00,2051619840,22528,685439488
128.2749,1965850624,118.6700,66.47,0,184143872,1,2.37,0.00,2056963072,22528,685439488
128.3802,1970962432,118.7500,75.92,0,184377344,1,2.37,0.00,2062428160,22528,685439488
128.4855,1976074240,118.8200,66.51,0,184573952,1,1.78,0.00,2067154944,22528,685439488
128.5915,1981186048,118.9000,75.49,0,184766464,1,3.54,0.00,2072791040,22528,689109504
128.6970,1987084288,118.9800,75.82,0,184963072,1,2.37,0.00,2079043584,22528,689109504
128.8024,1992196096,119.0600,75.90,0,185155584,1,2.08,0.00,2084419584,22528,689109504
128.9079,1998094336,119.1400,75.81,0,185389056,1,1.78,0.00,2089483264,22528,689109504
129.0133,2002419712,119.2100,66.40,0,185585664,1,2.07,0.00,2094526464,22528,689154560
129.1191,2008711168,119.2900,75.65,0,185778176,1,1.77,0.00,2100824064,22528,689154560
129.2243,2014216192,119.3700,76.07,0,185974784,1,2.08,0.00,2106227712,22528,689154560
129.3302,2018541568,119.4500,75.53,0,186175488,1,2.36,0.00,2111206400,22528,689154560
129.4355,2024833024,119.5300,76.00,0,186400768,1,3.27,0.00,2117878784,22528,689154560
129.5407,2029944832,119.6000,66.48,0,186597376,1,2.67,0.00,2122834944,22528,689154560
129.6466,2035056640,119.6800,75.57,0,186789888,1,2.95,0.00,2127850496,22528,689154560
129.7517,2040168448,119.7600,76.09,0,186986496,1,2.38,0.00,2132685824,22528,689154560
129.8572,2044493824,119.8300,66.40,0,187179008,1,2.67,0.00,2138579968,22528,689154560
129.9626,2051178496,119.9200,85.40,0,187375616,1,2.08,0.00,2144450560,22528,689154560
130.0681,2055897088,119.9900,66.34,0,187568128,1,2.37,0.00,2149537792,22528,689154560
130.1734,2060615680,120.0700,75.94,0,187781120,1,2.08,0.00,2155527168,22528,689154560
130.2786,2066513920,120.1500,76.03,0,187998208,1,2.38,0.00,2160275456,22528,689154560
130.3845,2071232512,120.2200,66.15,0,188190720,1,3.25,0.00,2165934080,22528,689154560
130.4896,2076344320,120.3000,76.06,0,188387328,1,2.08,0.00,2170493952,22528,689154560
130.5949,2082242560,120.3800,76.02,0,188579840,1,2.97,0.00,2177182720,22528,689154560
130.7004,2087354368,120.4500,66.36,0,188776448,1,2.37,0.00,2182215680,22528,689154560
130.8055,2092072960,120.5300,76.08,0,188973056,1,5.05,0.00,2187102208,22528,694461952
130.9114,2097577984,120.6100,75.58,0,189181952,1,2.07,0.00,2193545216,22528,694461952
131.0169,2103869440,120.7000,85.26,0,189394944,1,2.96,0.00,2198749184,22528,694461952
131.1222,2108588032,120.7700,66.47,0,189595648,1,2.08,0.00,2203522048,22528,694461952
131.2280,2112913408,120.8500,75.65,0,189788160,1,3.84,0.00,2208549888,22528,694609408
131.3332,2118418432,120.9200,66.51,0,189984768,1,2.97,0.00,2214426624,22528,694609408
131.4385,2123923456,121.0100,85.51,0,190177280,1,2.08,0.00,2220069888,22528,694609408
131.5445,2129821696,121.0900,75.48,0,190373888,1,2.65,0.00,2225580032,22528,694609408
131.6503,2134540288,121.1700,75.56,0,190566400,1,2.36,0.00,2230900736,22528,694609408
131.7556,2140045312,121.2500,76.01,0,190799872,1,3.27,0.00,2235783168,22528,694609408
131.8610,2145157120,121.3300,75.90,0,190996480,1,2.37,0.00,2240897024,22528,694609408
131.9668,2150268928,121.4000,66.18,0,191188992,1,2.07,0.00,2246262784,22528,694609408
132.0721,2156167168,121.4900,85.47,0,191385600,1,2.37,0.00,2252244992,22528,694609408
132.1775,2161278976,121.5700,75.87,0,191578112,1,2.67,0.00,2257870848,22528,694609408
132.2839,2165997568,121.6400,65.80,0,191774720,1,2.06,0.00,2262981632,22528,694609408
132.3890,2171109376,121.7200,76.09,0,191967232,1,2.97,0.00,2268483584,22528,694609408
132.4943,2176221184,121.8000,75.99,0,192180224,1,2.08,0.00,2274894848,22528,694609408
132.5997,2182119424,121.8800,75.92,0,192397312,1,3.26,0.00,2279512064,22528,694609408
132.7049,2187231232,121.9500,66.51,0,192589824,1,2.08,0.00,2284518400,22528,694609408
132.8110,2192343040,122.0300,75.44,0,192786432,1,2.36,0.00,2290333696,22528,694609408
132.9163,2197454848,122.1100,75.96,0,192978944,1,2.08,0.00,2295202816,22528,694609408
133.0216,2202959872,122.1800,66.50,0,193175552,1,3.27,0.00,2301033472,22528,694609408
133.1268,2208858112,122.2700,85.51,0,193388544,1,1.78,0.00,2306834432,22528,694609408
133.2322,2213969920,122.3400,66.43,0,193605632,1,2.97,0.00,2311926784,22528,694650368
133.3380,2219081728,122.4200,75.63,0,193798144,1,2.66,0.00,2317275136,22528,694650368
133.4441,2219868160,122.5400,113.08,0,193839104,1,3.83,0.00,2318360576,22528,694650368
133.5493,2223013888,122.6500,104.52,0,193839104,1,3.56,0.00,2321502208,22528,694650368
133.6548,2223407104,122.7600,104.28,0,193839104,1,3.26,0.00,2321649664,22528,694650368
133.7605,2223407104,122.8500,85.18,0,193839104,1,3.25,0.00,2321141760,22528,694650368
133.8654,2223407104,122.9600,104.83,0,193839104,1,5.36,0.00,2321141760,22528,694670848
133.9714,1575342080,123.2600,283.20,0,194007040,1,9.15,0.00,1643183104,22528,694744576
134.0771,1566953472,123.4100,141.89,0,194220032,1,3.55,0.00,1643817984,22528,694744576
134.1826,1566953472,123.4800,66.33,0,194420736,1,2.66,0.00,1644166144,22528,694744576
134.2882,1566953472,123.5600,75.79,0,194617344,1,2.37,0.00,1644522496,22528,694744576
134.3938,1566953472,123.6400,75.72,0,194809856,1,2.37,0.00,1644608512,22528,694744576
134.4996,1566953472,123.7200,75.61,0,195035136,1,1.77,0.00,1643560960,22528,694744576
134.6050,1566953472,123.7900,66.44,0,195239936,1,2.67,0.00,1643913216,22528,694744576
134.7110,1566953472,123.8600,66.04,0,195432448,1,2.65,0.00,1643790336,22528,694806016
134.8168,1566953472,123.9400,75.61,0,195629056,1,3.84,0.00,1644404736,22528,694863360
134.9221,1566953472,124.0200,75.96,0,195837952,1,3.26,0.00,1644703744,22528,694863360
135.0273,1566953472,124.0900,66.51,0,196055040,1,1.78,0.00,1644617728,22528,694863360
135.1327,1566953472,124.1600,66.41,0,196251648,1,1.78,0.00,1644875776,22528,694863360
135.2384,1566953472,124.2400,75.72,0,196444160,1,2.07,0.00,1645060096,22528,694863360
135.3439,1566953472,124.3100,66.35,0,196673536,1,1.78,0.00,1643865088,22528,694863360
135.4495,1566953472,124.3900,75.77,0,196874240,1,2.07,0.00,1644098560,22528,694863360
135.5551,1566953472,124.4600,66.29,0,197070848,1,2.07,0.00,1644364800,22528,694863360
135.6607,1566953472,124.5400,75.75,0,197263360,1,2.66,0.00,1644532736,22528,694863360
135.7665,1566953472,124.6100,66.15,0,197496832,1,2.66,0.00,1645003776,22528,694863360
135.8716,1566953472,124.6800,66.61,0,197693440,1,2.38,0.00,1644893184,22528,697349120
135.9771,1566953472,124.7500,66.35,0,197885952,1,2.07,0.00,1645212672,22528,697349120
136.0831,1566953472,124.8300,75.50,0,198082560,1,2.06,0.00,1643950080,22528,697349120
136.1887,1566953472,124.9100,75.76,0,198275072,1,2.37,0.00,1644072960,22528,697349120
136.2940,1566953472,124.9800,66.45,0,198504448,1,2.08,0.00,1644605440,22528,697349120
136.3993,1566953472,125.0500,66.52,0,198705152,1,2.67,0.00,1644609536,22528,697455616
136.5052,1566953472,125.1300,75.52,0,198897664,1,1.77,0.00,1644982272,22528,697455616
136.6110,1566953472,125.2100,75.62,0,199094272,1,2.36,0.00,1645080576,22528,697455616
136.7168,1566953472,125.2800,66.16,0,199286784,1,2.66,0.00,1644974080,22528,697455616
136.8227,1566953472,125.3500,66.05,0,199483392,1,2.36,0.00,1645195264,22528,697455616
136.9279,1566953472,125.4300,76.11,0,199675904,1,2.08,0.00,1645563904,22528,697455616
137.0328,1566953472,125.5000,66.69,0,199909376,1,2.08,0.00,1645682688,22528,697455616
137.1378,1566953472,125.5800,76.21,0,200105984,1,2.08,0.00,1643650048,22528,697455616
137.2436,1566953472,125.6500,66.17,0,200298496,1,2.36,0.00,1643920384,22528,697455616
137.3491,1566953472,125.7400,85.28,0,200511488,1,3.55,0.00,1643944960,22528,697455616
137.4549,1566953472,125.8000,56.71,0,200728576,1,2.36,0.00,1644473344,22528,697455616
137.5605,1566953472,125.8800,75.77,0,200921088,1,2.66,0.00,1644571648,22528,697455616
137.6657,1566953472,125.9500,66.54,0,201117696,1,1.78,0.00,1644751872,22528,697455616
137.7709,1566953472,126.0300,76.02,0,201314304,1,2.67,0.00,1645624320,22528,697455616
137.8764,1566953472,126.1100,75.88,0,201547776,1,1.78,0.00,1645243392,22528,697455616
137.9817,1566953472,126.1700,56.97,0,201740288,1,3.26,0.00,1645513728,22528,697455616
138.0875,1566953472,126.2500,75.57,0,201936896,1,4.43,0.00,1643122688,22528,697455616
138.1930,1566953472,126.3300,75.86,0,202129408,1,4.15,0.00,1642914816,22528,697566208
138.2988,1566953472,126.4100,75.58,0,202362880,1,3.25,0.00,1643791360,22528,697566208
138.4046,1566953472,126.4700,56.75,0,202559488,1,2.07,0.00,1643832320,22528,697566208
138.5103,1566953472,126.5500,75.68,0,202752000,1,2.66,0.00,1644049408,22528,697566208
138.6156,1566953472,126.6200,66.49,0,202964992,1,2.08,0.00,1644262400,22528,697566208
138.7210,1566953472,126.7000,75.89,0,203182080,1,2.67,0.00,1644225536,22528,697566208
138.8263,1566953472,126.7700,66.43,0,203374592,1,2.37,0.00,1644327936,22528,697566208
138.9323,1566953472,126.8500,75.49,0,203571200,1,2.36,0.00,1642872832,22528,697783296
139.0375,1566953472,126.9200,66.56,0,203763712,1,1.78,0.00,1643253760,22528,697783296
139.1427,1566953472,127.0000,76.03,0,203997184,1,2.38,0.00,1643360256,22528,697783296
139.2482,1566953472,127.0800,75.82,0,204193792,1,2.96,0.00,1643732992,22528,697783296
139.3539,1566953472,127.1500,66.26,0,204386304,1,3.25,0.00,1644052480,22528,697783296
139.4594,1566953472,127.2200,66.35,0,204582912,1,2.07,0.00,1642763264,22528,697783296
139.5650,1566953472,127.3000,75.72,0,204816384,1,2.07,0.00,1643152384,22528,697783296
139.6704,1566953472,127.3700,66.42,0,205008896,1,2.37,0.00,1643258880,22528,697783296
139.7761,1566953472,127.4400,66.21,0,205205504,1,1.77,0.00,1643750400,22528,697807872
139.8819,1566953472,127.5200,75.66,0,205414400,1,2.36,0.00,1643709440,22528,697807872
139.9873,1566953472,127.6000,75.89,0,205635584,1,1.78,0.00,1642935296,22528,697807872
140.0931,1566953472,127.6700,66.15,0,205828096,1,2.07,0.00,1643197440,22528,697807872
140.1988,1568526336,127.7500,75.69,0,206024704,1,2.66,0.00,1647321088,22528,697807872
140.3048,1573638144,127.8300,75.50,0,206258176,1,4.13,0.00,1652198400,22528,697807872
140.4106,1578356736,127.9100,75.58,0,206450688,1,2.66,0.00,1657090048,22528,697807872
140.5164,1583861760,127.9800,66.19,0,206647296,1,2.96,0.00,1662481408,22528,697807872
140.6218,1589760000,128.0600,75.85,0,206839808,1,1.78,0.00,1669130240,22528,697807872
140.7272,1594871808,128.1400,75.90,0,207073280,1,3.26,0.00,1674162176,22528,697807872
140.8325,1599590400,128.2100,66.52,0,207269888,1,2.67,0.00,1679278080,22528,697807872
140.9386,1604702208,128.2900,75.37,0,207462400,1,2.65,0.00,1684781056,22528,697807872
141.0438,1610207232,128.3700,76.05,0,207659008,1,1.78,0.30,1690643456,22528,701874176
141.1497,1615712256,128.4500,75.58,0,207867904,1,2.66,0.00,1696104448,22528,701874176
141.2551,1620824064,128.5200,66.43,0,208084992,1,2.08,0.00,1701127168,22528,702025728
141.3605,1625149440,128.6000,75.86,0,208281600,1,1.78,0.00,1706437632,22528,702025728
141.4665,1631047680,128.6700,66.07,0,208474112,1,3.24,0.00,1712418816,22528,702025728
141.5720,1636552704,128.7500,75.82,0,208670720,1,2.07,0.00,1717702656,22528,702025728
141.6774,1641664512,128.8300,75.86,0,208863232,1,2.07,0.00,1723211776,22528,702025728
141.7829,1646383104,128.9100,75.82,0,209059840,1,2.07,0.00,1728079872,22528,702025728
141.8884,1651101696,128.9800,66.40,0,209252352,1,2.37,0.00,1732767744,22528,702025728
141.9937,1657786368,129.0600,75.93,0,209489920,1,2.37,0.00,1739086848,22528,702025728
142.0993,1662111744,129.1400,75.81,0,209682432,1,2.67,0.00,1744408576,22528,702025728
142.2048,1667223552,129.2200,75.82,0,209879040,1,2.67,0.00,1749120000,22528,702025728
142.3101,1672728576,129.2900,66.45,0,210087936,1,2.37,0.00,1756197888,22528,702169088
142.4155,1678626816,129.3800,85.39,0,210305024,1,2.08,0.00,1761327104,22528,702169088
142.5208,1682952192,129.4500,66.46,0,210501632,1,2.97,0.00,1765815296,22528,702169088
142.6261,1688457216,129.5200,66.49,0,210694144,1,1.48,0.00,1771420672,22528,702169088
142.7316,1694748672,129.6100,85.35,0,210890752,1,2.37,0.00,1777700864,22528,702169088
142.8373,1699467264,129.6900,75.69,0,211124224,1,2.37,0.00,1782697984,22528,702169088
142.9428,1704579072,129.7600,66.34,0,211316736,1,2.37,0.00,1788083200,22528,702169088
143.0479,1709297664,129.8300,66.56,0,211513344,1,2.97,0.00,1793272832,22528,702169088
143.1534,1714409472,129.9000,66.35,0,211705856,1,2.96,0.00,1798078464,22528,702169088
143.2587,1720307712,129.9900,85.47,0,211902464,1,2.67,0.00,1804551168,22528,702169088
143.3641,1725419520,130.0600,66.44,0,212103168,1,2.67,0.00,1809832960,22528,702181376
143.4696,1730924544,130.1400,75.84,0,212328448,1,2.67,0.00,1814953984,22528,702181376
143.5755,1735643136,130.2100,66.13,0,212525056,1,2.07,0.00,1819542528,22528,702181376
143.6817,1741934592,130.3000,84.73,0,212717568,1,2.06,0.00,1825585152,22528,702181376
143.7872,1746259968,130.3800,75.80,0,212951040,1,2.37,0.00,1831315456,22528,702181376
143.8927,1752158208,130.4500,66.37,0,213147648,1,2.67,0.00,1836560384,22528,702291968
143.9987,1757663232,130.5300,75.44,0,213340160,1,1.77,0.00,1842819072,22528,702291968
144.1040,1763168256,130.6100,75.98,0,213536768,1,2.37,0.00,1848111104,22528,702291968
144.2093,1768280064,130.6800,66.51,0,213749760,1,2.38,0.00,1853139968,22528,702291968
144.3146,1772605440,130.7500,66.42,0,213958656,1,2.08,0.00,1859265536,22528,702291968
144.4200,1779290112,130.8300,75.93,0,214159360,1,2.97,0.00,1864911872,22528,702291968
144.5262,1784008704,130.9100,75.32,0,214355968,1,2.35,0.00,1869699072,22528,702291968
144.6314,1788727296,130.9900,76.04,0,214548480,1,3.27,0.00,1874756608,22528,702291968
144.7369,1795018752,131.0700,75.87,0,214781952,1,2.07,0.00,1881282560,22528,702291968
144.8422,1800130560,131.1400,66.43,0,214978560,1,2.37,0.00,1886188544,22528,702406656
144.9478,1804849152,131.2100,66.29,0,215171072,1,1.78,0.00,1891530752,22528,702406656
145.0535,1809960960,131.2900,75.70,0,215367680,1,2.66,0.00,1896511488,22528,702406656
145.1589,1815859200,131.3800,85.41,0,215576576,1,2.08,0.00,1903148032,22528,702406656
145.2642,1820577792,131.4500,66.49,0,215793664,1,3.56,0.00,1907723264,22528,702406656
145.3699,1826082816,131.5200,66.21,0,215990272,1,2.07,0.00,1913353216,22528,702406656
145.4759,1830801408,131.5900,66.02,0,216182784,1,2.06,0.00,1918589952,22528,702406656
145.5813,1837092864,131.6800,85.44,0,216379392,1,2.37,0.00,1924726784,22528,702464000
145.6868,1841811456,131.7500,66.35,0,216612864,1,2.37,0.00,1929593856,22528,702464000
145.7920,1846923264,131.8300,76.03,0,216805376,1,2.67,0.00,1935143936,22528,702464000
145.8974,1852035072,131.9000,66.40,0,217001984,1,1.78,0.00,1940199424,22528,702464000
146.0027,1857540096,131.9800,75.99,0,217194496,1,2.67,0.00,1946186752,22528,702464000
146.1080,1863045120,132.0500,66.47,0,217391104,1,2.37,0.00,1951560704,22528,705644032
146.2131,1868156928,132.1300,76.09,0,217583616,1,2.38,0.00,1956825088,22528,705644032
146.3190,1872875520,132.2100,75.58,0,217780224,1,1.77,0.00,1961927680,22528,705644032
146.4242,1877200896,132.2900,76.03,0,217993216,1,2.97,0.00,1968077824,22528,705644032
146.5297,1883885568,132.3700,75.86,0,218210304,1,2.37,0.00,1973156864,22528,705644032
146.6348,1888604160,132.4400,66.56,0,218402816,1,2.67,0.00,1978226688,22528,705644032
146.7403,1893715968,132.5200,75.84,0,218599424,1,2.07,0.00,1983543296,22528,705644032
146.8460,1899220992,132.6000,75.72,0,218791936,1,2.96,0.00,1988950016,22528,705644032
146.9514,1903546368,132.6700,66.39,0,218988544,1,2.07,0.00,1994089472,22528,705644032
147.0570,1909444608,132.7600,85.27,0,219181056,1,2.66,0.00,1999348736,22528,705644032
147.1622,1914556416,132.8300,66.50,0,219410432,1,2.97,0.00,2004987904,22528,705644032
147.2673,1919275008,132.9100,76.11,0,219611136,1,2.68,0.00,2010114048,22528,705644032
147.3726,1924780032,132.9900,75.99,0,219803648,1,2.08,0.00,2015439872,22528,705644032
147.4788,1930678272,133.0700,75.36,0,220000256,1,2.06,0.00,2021515264,22528,705644032
147.5839,1936183296,133.1400,66.58,0,220225536,1,2.38,0.00,2026720256,22528,705644032
147.6895,1940508672,133.2100,66.28,0,220499968,1,2.66,0.00,2031561728,22528,705644032
147.7949,1943654400,133.2700,56.95,0,220835840,1,2.08,0.00,2034879488,22528,705644032
147.9003,1947979776,133.3200,47.44,0,221167616,1,1.19,0.00,2038760448,22528,705644032
148.0059,1951125504,133.3700,47.35,0,221499392,1,1.78,0.00,2042848256,22528,705644032
148.1112,1954271232,133.4200,47.48,0,221835264,1,1.48,0.00,2045539328,22528,705644032
148.2166,1958596608,133.4800,56.93,0,222216192,1,2.08,0.00,2049847296,22528,705644032
148.3216,1962135552,133.5400,57.11,0,222547968,1,2.08,0.00,2053681152,22528,705644032
148.4274,1966067712,133.6000,56.73,0,222879744,1,1.18,0.00,2057562112,22528,705644032
148.5332,1968820224,133.6500,47.27,0,223215616,1,2.36,0.00,2061391872,22528,705644032
148.6385,1973538816,133.7000,47.49,0,223563776,1,1.48,0.00,2065655808,22528,705644032
148.7437,1976684544,133.7700,66.52,0,223932416,1,2.08,0.00,2069325824,22528,705644032
148.8492,1980223488,133.8100,37.92,0,224264192,1,2.07,0.00,2072581120,22528,705684992
148.9539,1983762432,133.8700,57.26,0,224600064,1,2.09,0.00,2076685312,22528,705750528
149.0590,1987694592,133.9200,47.60,0,224980992,1,1.49,0.00,2080355328,22528,705750528
149.1641,1991233536,133.9800,57.08,0,225312768,1,1.19,0.00,2084137984,22528,705750528
149.2696,1993986048,134.0300,47.40,0,225648640,1,2.07,0.00,2087721984,22528,705750528
149.3751,1997524992,134.0800,47.41,0,225984512,1,1.19,0.00,2091593728,22528,705750528
149.4806,2002243584,134.1400,56.84,0,226365440,1,2.66,0.00,2095730688,22528,705750528
149.5862,2005389312,134.1900,47.35,0,226697216,1,1.48,0.00,2098482176,22528,705750528
149.6915,2009714688,134.2500,56.99,0,227033088,1,1.48,0.00,2102579200,22528,705750528
149.7969,2013253632,134.3100,56.91,0,227414016,1,1.48,0.00,2106511360,22528,705750528
149.9019,2016792576,134.3600,47.62,0,227749888,1,1.49,0.00,2110601216,22528,705750528
150.0074,2020331520,134.4100,47.39,0,228081664,1,1.48,0.00,2114529280,22528,705750528
150.1124,2023477248,134.4700,57.15,0,228417536,1,2.68,0.00,2117245952,22528,705750528
150.2180,2027409408,134.5300,56.81,0,228798464,1,1.48,0.00,2121613312,22528,705750528
150.3240,2030948352,134.5800,47.17,0,229134336,1,1.47,0.00,2125283328,22528,705750528
150.4297,2035273728,134.6400,56.78,0,229466112,1,2.66,0.00,2129527808,22528,705750528
150.5351,2038419456,134.6900,47.45,0,229801984,1,1.48,0.00,2132935680,22528,705750528
150.6401,2042351616,134.7500,57.11,0,230150144,1,1.49,0.00,2137036800,22528,705750528
150.7455,2045497344,134.8000,47.47,0,230514688,1,1.78,0.00,2140440576,22528,705750528
150.8513,2049036288,134.8600,56.70,0,230850560,1,1.77,0.00,2143008768,22528,705750528
150.9563,2053361664,134.9100,47.61,0,231182336,1,1.49,0.00,2147705856,22528,705750528
151.0626,2056114176,134.9700,56.43,0,231518208,1,2.06,0.00,2151117824,22528,705750528
151.1683,2059653120,135.0200,47.33,0,231866368,1,2.07,0.00,2155193344,22528,705750528
151.2736,2063978496,135.0800,56.95,0,232235008,1,1.78,0.00,2158355456,22528,708179456
151.3791,2066731008,135.1300,47.40,0,232566784,1,1.78,0.00,2161980416,22528,708179456
151.4845,2071449600,135.1900,56.95,0,232923136,1,2.67,0.00,2165931008,22528,708179456
151.5897,2074595328,135.2500,57.03,0,233283584,1,1.49,0.00,2169502720,22528,708179456
151.6952,2078920704,135.3000,47.36,0,233615360,1,1.48,0.00,2173885440,22528,708179456
151.8007,2081673216,135.3600,56.90,0,233951232,1,1.78,0.00,2177477632,22528,708179456
151.9056,2085605376,135.5500,181.01,0,234287104,1,5.95,0.00,2180682752,22528,708179456
152.0114,2087964672,136.0100,434.95,0,234442752,1,13.89,0.00,2183784448,22528,708179456
152.1171,2089537536,136.4600,425.77,0,234635264,1,14.19,0.00,2185243648,22528,708179456
152.2230,1738752000,136.8400,358.68,0,234905600,1,10.62,0.00,1808403456,22528,708179456
152.3279,1579896832,136.9400,95.37,0,235241472,1,2.98,0.00,1658364928,22528,708179456
152.4334,1579896832,137.0000,56.84,0,235573248,1,1.48,0.00,1658569728,22528,708179456
152.5385,1579896832,137.0500,47.59,0,235909120,1,2.08,0.00,1658999808,22528,708179456
152.6435,1579896832,137.1000,47.63,0,236240896,1,2.08,0.00,1658786816,22528,708179456
152.7484,1579896832,137.1600,57.16,0,236576768,1,2.38,0.00,1657706496,22528,708179456
152.8535,1579896832,137.2200,57.09,0,236924928,1,4.16,0.00,1657610240,22528,741729792
152.9594,1579896832,137.2700,47.24,0,237289472,1,1.48,0.00,1658060800,22528,741729792
153.0645,1579896832,137.3300,57.08,0,237625344,1,1.78,0.00,1658486784,22528,741729792
153.1698,1579896832,137.3800,47.46,0,237957120,1,1.78,0.00,1657670656,22528,741729792
153.2753,1579896832,137.4300,47.42,0,238292992,1,1.48,0.00,1658043392,22528,741729792
153.3805,1579896832,137.4800,47.52,0,238624768,1,1.78,0.00,1658330112,22528,741729792
153.4856,1579896832,137.5500,66.60,0,238977024,1,1.49,0.00,1657741312,22528,741729792
153.5908,1579896832,137.6000,47.54,0,239325184,1,1.49,0.00,1658081280,22528,741729792
153.6959,1579896832,137.6500,47.56,0,239661056,1,1.78,0.00,1658494976,22528,741729792
153.8008,1579896832,137.7100,57.18,0,240009216,1,2.08,0.00,1658662912,22528,741729792
153.9060,1579896832,137.7600,47.53,0,240345088,1,1.78,0.30,1657878528,22528,758834688
154.0116,1579896832,137.8100,47.37,0,240676864,1,1.48,0.00,1658038272,22528,758887936
154.1171,1579896832,137.8700,56.86,0,241029120,1,2.07,0.00,1658652672,22528,758887936
154.2222,1579896832,137.9200,47.55,0,241393664,1,2.08,0.00,1659099136,22528,758887936
154.3272,1579896832,137.9800,57.16,0,241725440,1,2.38,0.00,1657828352,22528,758887936
154.4322,1579896832,138.0200,38.11,0,242061312,1,1.49,0.00,1658262528,22528,758887936
154.5374,1579896832,138.0900,66.54,0,242393088,1,1.49,0.00,1658692608,22528,758887936
154.6427,1579896832,138.1400,47.47,0,242728960,1,1.48,0.00,1658872832,22528,758887936
154.7477,1579896832,138.1900,47.62,0,243060736,1,1.49,0.00,1657861120,22528,758887936
154.8531,1579896832,138.2400,47.46,0,243396608,1,3.86,0.00,1657623552,22528,758957568
154.9589,1579896832,138.3000,56.70,0,243777536,1,3.54,0.00,1657572352,22528,758957568
155.0639,1579896832,138.3600,57.12,0,244109312,1,1.79,0.00,1657834496,22528,759248384
155.1688,1579896832,138.4000,38.15,0,244445184,1,2.09,0.00,1658166272,22528,759248384
155.2746,1579896832,138.4600,56.72,0,244776960,1,1.18,0.00,1658342400,22528,759248384
155.3795,1579896832,138.5200,57.17,0,245112832,1,1.49,0.00,1656945664,22528,759248384
155.4844,1579896832,138.5700,47.66,0,245477376,1,1.19,0.00,1657478144,22528,759248384
155.5891,1579896832,138.6300,57.31,0,245829632,1,1.79,0.00,1657838592,22528,759248384
155.6944,1579896832,138.6700,38.02,0,246161408,1,1.78,0.00,1658018816,22528,759305728
155.8001,1579896832,138.7300,56.76,0,246497280,1,2.66,0.00,1657129984,22528,759305728
155.9053,1579896832,138.7900,57.04,0,246837248,1,2.08,0.00,1657838592,22528,759305728
156.0102,1579896832,138.8400,47.64,0,247209984,1,1.49,0.00,1657117696,22528,759305728
156.1152,1579896832,138.8900,47.63,0,247545856,1,1.49,0.00,1657547776,22528,759305728
156.2204,1579896832,138.9500,57.03,0,247877632,1,2.08,0.00,1657990144,22528,759305728
156.3267,1579896832,138.9900,37.64,0,248213504,1,1.76,0.00,1657714688,22528,759305728
156.4326,1579896832,139.0600,66.12,0,248545280,1,6.20,0.00,1658222592,22528,767697408
156.5379,1579896832,139.1100,47.45,0,248881152,1,1.48,0.00,1658546176,22528,767697408
156.6430,1579896832,139.1600,47.59,0,249212928,1,1.19,0.00,1658906624,22528,767697408
156.7480,1579896832,139.2200,57.13,0,249593856,1,1.79,0.00,1658368000,22528,767697408
156.8531,1579896832,139.2700,47.57,0,249929728,1,1.49,0.00,1658822656,22528,767697408
156.9582,1579896832,139.3200,47.59,0,250261504,1,1.78,0.00,1659006976,22528,767697408
157.0641,1579896832,139.3800,56.67,0,250597376,1,1.48,0.00,1659428864,22528,767697408
157.1693,1579896832,139.4300,47.50,0,250945536,1,2.08,0.00,1658070016,22528,767697408
157.2745,1579896832,139.4900,57.06,0,251314176,1,2.08,0.00,1658332160,22528,767697408
157.3797,1579896832,139.5400,47.53,0,251645952,1,1.19,0.00,1658819584,22528,767697408
157.4846,1579896832,139.6000,57.19,0,251981824,1,1.79,0.00,1659257856,22528,767697408
157.5897,1579896832,139.6500,47.57,0,252362752,1,1.78,0.00,1658017792,22528,767697408
157.6948,1579896832,139.7000,47.56,0,252694528,1,1.49,0.00,1658521600,22528,767697408
157.7998,1579896832,139.7500,47.64,0,253030400,1,2.38,0.00,1658783744,22528,767697408
157.9061,1579896832,139.8000,47.02,0,253267968,1,2.94,0.88,1658258432,22528,789377536
158.0116,1579896832,139.8000,0.00,0,253321216,1,0.00,2.37,1658184704,22528,789377536
158.1168,1579896832,139.8400,38.03,0,253607936,1,1.19,0.00,1658549248,22528,789377536
158.2223,1579896832,139.8900,47.39,0,253939712,1,1.48,0.00,1658146816,22528,789377536
158.3281,1579896832,139.9400,47.28,0,254275584,1,2.36,0.00,1658544128,22528,789377536
158.4334,1579896832,140.0000,56.96,0,254656512,1,1.78,0.00,1658662912,22528,789377536
158.5384,1579896832,140.0500,47.62,0,254988288,1,1.79,0.00,1659002880,22528,789377536
158.6440,1579896832,140.1000,47.37,0,255324160,1,1.18,0.00,1657907200,22528,789377536
158.7496,1579896832,140.1500,47.35,0,255655936,1,1.78,0.00,1658316800,22528,789377536
158.8548,1579896832,140.2100,57.03,0,256036864,1,1.19,0.00,1658660864,22528,789377536
158.9598,1579896832,140.2600,47.59,0,256372736,1,1.49,0.00,1658427392,22528,791060992
159.0657,1579896832,140.3100,47.24,0,256704512,1,1.77,0.00,1658394624,22528,791060992
159.1708,1579896832,140.3600,47.55,0,257040384,1,1.78,0.00,1658943488,22528,791060992
159.2757,1579896832,140.4100,47.66,0,257392640,1,1.19,0.00,1657766912,22528,791060992
159.3808,1579896832,140.4700,57.13,0,257757184,1,2.08,0.00,1658180608,22528,791060992
159.4857,1579896832,140.5200,47.65,0,258088960,1,1.49,0.00,1658258432,22528,791060992
159.5907,1579896832,140.5800,57.13,0,258424832,1,4.17,0.00,1657630720,22528,791060992
159.6966,1579896832,140.6200,37.79,0,258756608,1,2.07,0.00,1658101760,22528,791060992
159.8019,1579896832,140.6800,56.95,0,259137536,1,1.48,0.00,1658376192,22528,791060992
159.9069,1579896832,140.7300,47.62,0,259473408,1,1.79,0.00,1657259008,22528,791060992
160.0117,1579896832,140.7800,47.69,0,259805184,1,2.09,0.00,1657488384,22528,791060992
160.1176,1579896832,140.8400,56.69,0,260141056,1,2.66,0.00,1657918464,22528,791060992
160.2229,1579896832,140.8900,47.48,0,260472832,1,1.19,0.00,1657700352,22528,791060992
160.3278,1579896832,140.9500,57.19,0,260808704,1,2.08,0.00,1657864192,22528,791060992
160.4330,1579896832,141.0000,47.52,0,261189632,1,1.78,0.00,1658126336,22528,791060992
160.5384,1579896832,141.0500,47.48,0,261525504,1,1.48,0.00,1657426944,22528,791060992
160.6438,1579896832,141.1000,47.41,0,261857280,1,0.89,0.00,1657865216,22528,791060992
160.7490,1580290048,141.1400,38.03,0,262193152,1,1.78,0.00,1658586112,22528,791060992
160.8537,1580290048,141.2100,66.83,0,262524928,1,1.79,0.00,1657686016,22528,791060992
160.9589,1580290048,141.2600,47.57,0,262905856,1,1.49,0.00,1657976832,22528,791060992
161.0638,1580290048,141.3100,47.65,0,263241728,1,1.19,0.00,1657833472,22528,791060992
161.1696,1580290048,141.3600,47.23,0,263573504,1,1.77,0.00,1657874432,22528,791060992
161.2747,1580290048,141.4200,57.13,0,263909376,1,1.49,0.00,1657621504,22528,791208448
161.3799,1580290048,141.4700,47.50,0,264241152,1,2.97,0.00,1657883648,22528,791208448
161.4852,1580290048,141.5300,57.02,0,264626176,1,2.38,0.30,1658290176,22528,797244416
161.5903,1580290048,141.5900,57.07,0,264957952,1,1.49,0.00,1658086400,22528,797244416
161.6955,1580290048,141.6400,47.51,0,265289728,1,2.38,0.00,1658405888,22528,797318144
161.8006,1582649344,141.6900,47.59,0,265625600,1,1.78,0.00,1661076480,22528,797318144
161.9062,1585795072,141.7500,56.79,0,265961472,1,1.77,0.00,1665172480,22528,797318144
162.0114,1589727232,141.8100,57.06,0,266309632,1,2.08,0.00,1668643840,22528,797318144
162.1173,1593266176,141.8700,56.65,0,266674176,1,2.07,0.00,1672301568,22528,797318144
162.2230,1597591552,141.9200,47.32,0,267010048,1,2.37,0.00,1676360704,22528,797318144
162.3286,1600737280,141.9800,56.78,0,267341824,1,1.48,0.00,1680395264,22528,797318144
162.4337,1605062656,142.0400,57.13,0,267694080,1,1.49,0.00,1684828160,22528,797318144
162.5386,1608208384,142.1000,57.18,0,268058624,1,1.79,0.00,1687990272,22528,797375488
162.6437,1610960896,142.1400,38.05,0,268390400,1,1.78,0.00,1690975232,22528,797375488
162.7494,1615286272,142.2000,56.78,0,268726272,1,1.77,0.00,1694812160,22528,797375488
162.8550,1618825216,142.2600,56.82,0,269058048,1,2.66,0.00,1699080192,22528,797375488
162.9601,1621577728,142.3100,47.57,0,269393920,1,2.08,0.00,1702822912,22528,797375488
163.0657,1625509888,142.3700,56.82,0,269729792,1,2.07,0.00,1705757696,22528,797375488
163.1717,1628655616,142.4300,56.62,0,270061568,1,2.36,0.00,1709134848,22528,797424640
163.2771,1632980992,142.4900,56.90,0,270409728,1,1.78,0.00,1713529856,22528,797424640
163.3821,1635733504,142.5500,57.13,0,270778368,1,1.79,0.00,1716995072,22528,797424640
163.4874,1639272448,142.6000,47.49,0,271110144,1,1.48,0.00,1719970816,22528,797424640
163.5924,1643597824,142.6500,47.61,0,271446016,1,2.38,0.00,1724301312,22528,797424640
163.6984,1646743552,142.7100,56.61,0,271777792,1,1.77,0.00,1727713280,22528,797424640
163.8039,1649889280,142.7600,47.40,0,272113664,1,1.78,0.00,1732009984,22528,797424640
163.9094,1654214656,142.8400,75.87,0,272494592,1,2.37,0.00,1735806976,22528,797424640
164.0145,1657753600,142.8900,47.57,0,272826368,1,2.08,0.00,1738757120,22528,797449216
164.1200,1661292544,142.9500,56.84,0,273162240,1,1.48,0.00,1743165440,22528,797449216
164.2251,1664438272,143.0000,47.58,0,273494016,1,1.49,0.00,1746470912,22528,797449216
164.3304,1667584000,143.0500,47.48,0,273829888,1,2.37,0.00,1750132736,22528,797473792
164.4355,1672302592,143.1100,57.11,0,274161664,1,1.78,0.00,1754293248,22528,797473792
164.5404,1675841536,143.1600,47.67,0,274497536,1,2.68,0.00,1757519872,22528,797473792
164.6454,1680166912,143.2200,57.14,0,274866176,1,1.19,0.00,1761934336,22528,797473792
164.7505,1682919424,143.2700,47.58,0,275165184,1,2.38,0.00,1765104640,22528,797473792
164.8560,1685671936,143.3200,47.38,0,275501056,1,1.78,0.00,1768525824,22528,797473792
164.9611,1690390528,143.3800,57.10,0,275849216,1,2.68,0.00,1772729344,22528,797473792
165.0660,1693929472,143.4400,57.18,0,276213760,1,2.38,0.00,1775996928,22528,797543424
165.1712,1696681984,143.4900,47.53,0,276549632,1,1.19,0.00,1779642368,22528,797543424
165.2761,1700614144,143.5500,57.20,0,276881408,1,2.09,0.00,1783705600,22528,797543424
165.3820,1703759872,143.6000,47.21,0,277217280,1,2.07,0.00,1787502592,22528,797543424
165.4876,1707298816,143.6500,47.32,0,277549056,1,2.07,0.00,1790230528,22528,797543424
165.5937,1711230976,143.7100,56.56,0,277884928,1,1.47,0.00,1794926592,22528,797604864
165.6992,1713983488,143.7800,66.38,0,278233088,1,1.48,0.00,1798276096,22528,797604864
165.8044,1719095296,143.8400,57.03,0,278597632,1,1.49,0.00,1802318848,22528,797604864
165.9092,1721847808,143.9000,57.23,0,278933504,1,2.68,0.00,1805628416,22528,797604864
166.0156,1724993536,143.9500,46.99,0,279269376,1,2.35,0.00,1809040384,22528,797604864
166.1209,1729318912,144.0000,47.50,0,279601152,1,2.67,0.00,1813305344,22528,797604864
166.2269,1732857856,144.0600,56.60,0,279932928,1,1.18,0.00,1816815616,22528,797604864
166.3330,1735610368,144.1100,47.13,0,280268800,1,2.36,0.00,1819851776,22528,797662208
166.4384,1739935744,144.1700,56.95,0,280604672,1,1.78,0.00,1823971328,22528,797662208
166.5435,1743081472,144.2200,47.56,0,280936448,1,1.78,0.00,1827283968,22528,797662208
166.6491,1746620416,144.2700,47.35,0,281272320,1,3.26,0.00,1831889920,22528,800896512
166.7547,1750945792,144.3400,66.25,0,281653248,1,0.89,0.00,1835239424,22528,800896512
166.8595,1754091520,144.3900,47.72,0,281985024,1,1.49,0.00,1838831616,22528,800896512
166.9648,1758023680,144.4400,47.51,0,282320896,1,2.38,0.00,1842557952,22528,800896512
167.0700,1761562624,144.4900,47.50,0,282652672,1,1.78,0.00,1846617088,22528,800896512
167.1758,1764708352,144.5500,56.75,0,282988544,1,1.18,0.00,1849476096,22528,800896512
167.2820,1768640512,144.6100,56.48,0,283336704,1,2.35,0.00,1853810688,22528,800896512
167.3871,1772179456,144.6700,57.07,0,283701248,1,1.49,0.00,1856653312,22528,800896512
167.4919,1776111616,144.7200,47.72,0,284037120,1,1.49,0.00,1861288960,22528,800896512
167.5976,1779650560,144.7800,56.76,0,284372992,1,1.18,0.00,1864593408,22528,800896512
167.7033,1780830208,145.2500,444.84,0,284594176,1,15.38,0.00,1867042816,22528,800896512
167.8089,1783189504,145.7100,435.33,0,284770304,1,14.20,0.00,1868705792,22528,800896512
167.9146,1785155584,146.1900,454.43,0,284995584,1,14.50,0.00,1870527488,22528,800896512
168.0201,1583255552,146.3300,132.70,0,285327360,1,3.26,0.00,1660503040,22528,800896512
168.1251,1583255552,146.3700,38.07,0,285663232,1,2.38,0.00,1660908544,22528,800896512
168.2308,1583255552,146.4300,56.79,0,285995008,1,1.48,0.00,1661506560,22528,800896512
168.3360,1583255552,146.4900,57.01,0,286347264,1,1.48,0.00,1661989888,22528,800896512
168.4409,1583255552,146.5400,47.68,0,286666752,1,1.19,0.00,1660597248,22528,800896512
168.5460,1583255552,146.5900,47.57,0,287014912,1,1.78,0.00,1661129728,22528,800896512
168.6510,1583255552,146.6500,57.18,0,287379456,1,1.49,0.00,1661465600,22528,800896512
168.7562,1583255552,146.7000,47.50,0,287715328,1,1.19,0.00,1661748224,22528,800896512
168.8619,1583255552,146.7500,47.30,0,288047104,1,1.48,0.00,1660640256,22528,800896512
168.9671,1583255552,146.8100,57.05,0,288399360,1,1.49,0.00,1661031424,22528,801355264
169.0725,1583255552,146.8600,47.44,0,288747520,1,1.78,0.00,1661293568,22528,801355264
169.1775,1583255552,146.9200,57.13,0,289095680,1,1.79,0.00,1660761088,22528,801355264
169.2829,1583255552,146.9700,47.44,0,289431552,1,1.48,0.00,1661137920,22528,801355264
169.3880,1583255552,147.0200,47.55,0,289779712,1,1.49,0.00,1661400064,22528,801355264
169.4931,1583255552,147.0700,47.59,0,290148352,1,2.38,0.00,1661924352,22528,801355264
169.5986,1583255552,147.1300,56.88,0,290480128,1,1.78,0.00,1661014016,22528,801355264
169.7039,1583255552,147.1800,47.47,0,290816000,1,1.48,0.00,1660989440,22528,801355264
169.8093,1583255552,147.2300,47.47,0,291147776,1,1.48,0.00,1661251584,22528,801355264
169.9146,1583255552,147.2900,56.97,0,291528704,1,1.19,0.00,1661775872,22528,801355264
170.0195,1583255552,147.3400,47.66,0,291864576,1,2.09,0.00,1660730368,22528,801355264
170.1247,1583255552,147.4000,57.04,0,292196352,1,2.08,0.00,1660795904,22528,801355264
170.2311,1583255552,147.4500,47.00,0,292532224,1,1.17,0.00,1661295616,22528,801355264
170.3365,1583255552,147.5000,47.42,0,292913152,1,2.07,0.00,1660578816,22528,801355264
170.4417,1583255552,147.5500,47.55,0,293244928,1,1.49,0.00,1660779520,22528,801355264
170.5473,1583255552,147.6000,47.35,0,293580800,1,1.48,0.00,1661123584,22528,801355264
170.6523,1583255552,147.6700,66.64,0,293949440,1,1.19,0.00,1660380160,22528,801355264
170.7573,1583255552,147.7200,47.61,0,294297600,1,1.19,0.00,1660802048,22528,801355264
170.8625,1583255552,147.7700,47.54,0,294629376,1,1.49,0.00,1661252608,22528,801355264
170.9681,1583255552,147.8200,47.37,0,294965248,1,1.78,0.30,1661625344,22528,801355264
171.0729,1583255552,147.8700,47.67,0,295297024,1,1.49,0.00,1660359680,22528,801355264
171.1781,1583255552,147.9300,57.05,0,295677952,1,1.78,0.00,1660916736,22528,801355264
171.2830,1583255552,147.9800,47.66,0,296013824,1,3.28,0.00,1661080576,22528,801506816
171.3881,1583255552,148.0300,47.59,0,296345600,1,2.08,0.00,1661527040,22528,801506816
171.4941,1583255552,148.0900,56.60,0,296681472,1,2.06,0.00,1660786688,22528,801506816
171.5999,1583255552,148.1400,47.27,0,297062400,1,3.84,0.00,1660712960,22528,801506816
171.7051,1583255552,148.1900,47.50,0,297398272,1,2.37,0.00,1661159424,22528,803973632
171.8099,1583255552,148.2500,57.30,0,297730048,1,1.79,0.00,1660507136,22528,803973632
171.9167,1583255552,148.3000,46.78,0,298065920,1,2.05,0.00,1660744704,22528,803973632
172.0229,1583255552,148.3500,47.10,0,298397696,1,1.18,0.00,1661047808,22528,804002304
172.1288,1583255552,148.4100,56.67,0,298749952,1,2.95,0.00,1660439552,22528,804080128
172.2345,1583255552,148.4700,56.74,0,299114496,1,1.48,0.00,1661021184,22528,804080128
172.3401,1583255552,148.5200,47.35,0,299446272,1,1.78,0.00,1661459456,22528,804080128
172.4459,1583255552,148.5800,56.72,0,299782144,1,1.48,0.00,1661885440,22528,804080128
172.5519,1583255552,148.6400,56.60,0,300130304,1,1.47,0.00,1662454784,22528,804080128
172.6571,1583255552,148.6900,47.53,0,300498944,1,1.78,0.00,1660946432,22528,804080128
172.7621,1583255552,148.7400,47.62,0,300830720,1,1.19,0.00,1661249536,22528,804108800
172.8680,1583255552,148.7900,47.21,0,301162496,1,2.07,0.00,1661843456,22528,804108800
172.9747,1583255552,148.8600,65.63,0,301498368,1,2.05,0.00,1662396416,22528,804108800
173.0797,1583255552,148.9100,47.58,0,301879296,1,1.49,0.00,1661140992,22528,804108800
173.1847,1583255552,148.9600,47.65,0,302182400,1,2.08,0.00,1661571072,22528,804108800
173.2897,1583255552,149.0200,57.11,0,302546944,1,1.19,0.00,1661284352,22528,804108800
173.3955,1583255552,149.0700,47.26,0,302882816,1,1.48,0.00,1661628416,22528,804108800
173.5006,1583255552,149.1200,47.59,0,303214592,1,1.78,0.00,1660466176,22528,804108800
173.6060,1583255552,149.1800,56.93,0,303550464,1,1.19,0.00,1660961792,22528,804108800
173.7111,1583255552,149.2300,47.58,0,303882240,1,1.49,0.00,1660986368,22528,804108800
173.8163,1583255552,149.2900,57.02,0,304218112,1,2.38,0.00,1660395520,22528,804108800
173.9219,1583255552,149.3400,47.33,0,304549888,1,1.48,0.00,1660846080,22528,804129280
174.0269,1583255552,149.4000,57.19,0,304902144,1,2.38,0.00,1661020160,22528,804145664
174.1319,1583255552,149.4500,47.62,0,305266688,1,1.49,0.00,1661175808,22528,804145664
174.2370,1583255552,149.5000,47.57,0,305602560,1,2.08,0.00,1661577216,22528,804145664
174.3425,1583255552,149.5600,56.86,0,305934336,1,1.48,0.00,1660641280,22528,804145664
174.4481,1583255552,149.6100,47.34,0,306266112,1,1.78,0.00,1660821504,22528,804145664
174.5534,1583255552,149.6600,47.48,0,306618368,1,1.78,0.00,1661251584,22528,804178432
174.6586,1583255552,149.7200,57.06,0,306982912,1,1.49,0.00,1661698048,22528,804178432
174.7636,1583255552,149.7700,47.61,0,307318784,1,1.49,0.00,1660673024,22528,804178432
174.8692,1583255552,149.8300,56.83,0,307650560,1,2.37,0.00,1660828672,22528,804178432
174.9743,1583255552,149.8800,47.54,0,307994624,1,2.38,0.00,1661381632,22528,804178432
175.0794,1583255552,149.9400,57.09,0,308367360,1,1.49,0.00,1660432384,22528,804239872
175.1847,1583255552,149.9900,47.51,0,308699136,1,1.78,0.00,1660862464,22528,804239872
175.2908,1583255552,150.0400,47.12,0,309035008,1,2.06,0.00,1660780544,22528,804239872
175.3969,1583255552,150.0900,47.12,0,309366784,1,2.65,0.00,1660429312,22528,804239872
175.5032,1583255552,150.1500,56.43,0,309747712,1,1.76,0.00,1660916736,22528,804465152
175.6084,1583255552,150.2100,57.03,0,310083584,1,2.08,0.00,1661268992,22528,804465152
175.7139,1583255552,150.2700,56.91,0,310419456,1,1.19,0.00,1660717056,22528,804522496
175.8195,1583255552,150.3200,47.32,0,310751232,1,2.07,0.00,1660958720,22528,804522496
175.9252,1583255552,150.3700,47.32,0,311087104,1,1.77,0.00,1660478464,22528,804522496
176.0303,1583255552,150.4200,47.59,0,311468032,1,1.49,0.00,1661080576,22528,804522496
176.1353,1583255552,150.4800,57.14,0,311799808,1,1.49,0.00,1660315648,22528,804522496
176.2404,1583255552,150.5400,57.08,0,312135680,1,1.49,0.00,1660803072,22528,804522496
176.3470,1583255552,150.5900,46.91,0,312467456,1,1.47,0.00,1660709888,22528,804563456
176.4528,1583255552,150.6400,47.25,0,312803328,1,1.77,0.00,1661152256,22528,804563456
176.5583,1583255552,150.7000,56.88,0,313155584,1,2.07,0.00,1660985344,22528,804563456
176.6632,1583255552,150.7500,47.65,0,313516032,1,1.19,0.00,1661607936,22528,804563456
176.7683,1583255552,150.8000,47.58,0,313851904,1,2.08,0.00,1661239296,22528,804563456
176.8742,1583255552,150.8600,56.66,0,314187776,1,2.07,0.59,1661865984,22528,807866880
176.9798,1583255552,150.9200,56.82,0,314535936,1,2.07,0.00,1661029376,22528,807866880
177.0850,1583255552,150.9700,47.53,0,314900480,1,1.49,0.00,1661037568,22528,807866880
177.1905,1583255552,151.0200,47.41,0,315236352,1,2.37,0.00,1660991488,22528,807866880
177.2957,1583255552,151.0800,57.00,0,315596800,1,1.78,0.00,1661581312,22528,807866880
177.4011,1586794496,151.1400,56.97,0,315920384,1,1.78,0.00,1665267712,22528,807866880
177.5061,1589547008,151.2000,57.09,0,316284928,1,1.78,0.00,1668851712,22528,807866880
177.6116,1593085952,151.2500,47.41,0,316616704,1,1.48,0.00,1671945216,22528,807866880
177.7171,1597018112,151.3000,47.41,0,316952576,1,1.78,0.00,1676182528,22528,807866880
177.8226,1600557056,151.3600,56.84,0,317288448,1,1.48,0.00,1679774720,22528,807866880
177.9276,1604096000,151.4100,47.64,0,317673472,1,2.08,0.00,1683888128,22528,807866880
178.0326,1607634944,151.4600,47.61,0,318009344,1,1.79,0.00,1687025664,22528,807866880
178.1380,1611173888,151.5300,66.38,0,318345216,1,1.48,0.00,1691035648,22528,807866880
178.2433,1615499264,151.5800,47.51,0,318697472,1,2.67,0.00,1694622720,22528,807866880
178.3483,1618644992,151.6400,57.13,0,319062016,1,2.08,0.00,1698194432,22528,807866880
178.4534,1622183936,151.6900,47.57,0,319397888,1,3.57,0.00,1702003712,22528,835080704
178.5590,1625722880,151.7400,47.35,0,319733760,1,2.37,0.00,1705853952,22528,835228160
178.6638,1628868608,151.8000,57.26,0,320086016,1,1.79,0.00,1709827072,22528,835228160
178.7690,1632800768,151.8600,57.05,0,320454656,1,1.78,0.00,1713624064,22528,835228160
178.8744,1635946496,151.9100,47.42,0,320790528,1,1.78,0.00,1716553728,22528,835228160
178.9800,1640271872,151.9700,56.81,0,321138688,1,1.78,0.00,1720686592,22528,837636608
179.0851,1643417600,152.0200,47.57,0,321507328,1,1.19,0.00,1724721152,22528,837636608
179.1906,1647742976,152.0700,47.39,0,321843200,1,1.78,0.00,1728713728,22528,837636608
179.2955,1651281920,152.1300,57.19,0,322195456,1,2.09,0.00,1732039680,22528,837636608
179.4006,1655214080,152.1800,47.61,0,322547712,1,1.79,0.00,1735988224,22528,837636608
179.5057,1658359808,152.2400,57.07,0,322895872,1,2.38,0.00,1739707392,22528,837636608
179.6110,1661898752,152.2900,47.51,0,323231744,1,1.48,0.00,1742737408,22528,837636608
179.7164,1665830912,152.3400,47.42,0,323567616,1,2.07,0.00,1746660352,22528,837636608
179.8219,1669369856,152.4000,56.85,0,323903488,1,1.48,0.00,1750490112,22528,837636608
179.9270,1672122368,152.4500,47.61,0,324239360,1,1.49,0.00,1754186752,22528,837636608
180.0321,1676447744,152.5100,57.08,0,324624384,1,1.49,0.00,1758036992,22528,837636608
180.1371,1679593472,152.5600,47.60,0,324960256,1,1.49,0.00,1760407552,22528,837636608
180.2427,1683918848,152.6200,56.84,0,325296128,1,1.78,0.00,1765309440,22528,837636608
180.3482,1687457792,152.6700,47.40,0,325627904,1,1.48,0.00,1768975360,22528,837636608
180.4533,1690210304,152.7200,47.58,0,325963776,1,1.78,0.00,1772079104,22528,837636608
180.5584,1694535680,152.7900,66.59,0,326299648,1,2.08,0.00,1776025600,22528,837636608
180.6638,1697681408,152.8500,56.89,0,326684672,1,1.48,0.00,1779518464,22528,837730816
180.7688,1702006784,152.9000,47.65,0,327020544,1,1.79,0.00,1783736320,22528,837730816
180.8744,1705152512,152.9600,56.79,0,327356416,1,2.07,0.00,1787529216,22528,837730816
180.9799,1707905024,153.0100,47.42,0,327692288,1,2.07,0.00,1790427136,22528,837730816
181.0857,1713016832,153.0700,56.70,0,328028160,1,2.07,0.00,1794682880,22528,837730816
181.1910,1715769344,153.1200,47.47,0,328376320,1,1.48,0.00,1798475776,22528,837730816
181.2961,1720094720,153.1800,57.07,0,328744960,1,2.08,0.00,1802763264,22528,837882368
181.4015,1722847232,153.2400,56.93,0,329080832,1,2.08,0.00,1806425088,22528,837882368
181.5064,1725992960,153.2900,47.67,0,329416704,1,1.19,0.00,1808783360,22528,837882368
181.6116,1729925120,153.3400,47.53,0,329752576,1,1.78,0.00,1813500928,22528,837882368
181.7170,1733857280,153.4000,56.92,0,330133504,1,2.08,0.00,1817203712,22528,837882368
181.8220,1737789440,153.4500,47.62,0,330469376,1,1.79,0.00,1821064192,22528,837882368
181.9272,1740935168,153.5000,47.56,0,330805248,1,1.19,0.00,1824545792,22528,837882368
182.0323,1744080896,153.5500,47.58,0,331141120,1,2.08,0.00,1827420160,22528,845394944
182.1376,1748406272,153.6200,66.44,0,331526144,1,2.08,0.00,1831890944,22528,845464576
182.2428,1751945216,153.6700,47.56,0,331862016,1,2.38,0.00,1835397120,22528,845464576
182.3482,1755877376,153.7200,47.40,0,332197888,1,2.37,0.00,1839669248,22528,845464576
182.4540,1759023104,153.7800,56.75,0,332566528,1,2.36,0.00,1843560448,22528,845464576
182.5593,1762955264,153.8400,56.98,0,332914688,1,1.78,0.00,1847267328,22528,845464576
182.6640,1765707776,153.8900,47.74,0,333250560,1,1.49,0.00,1850695680,22528,845464576
182.7694,1769246720,153.9400,47.44,0,333586432,1,1.78,0.00,1854083072,22528,845464576
182.8748,1773572096,154.0000,56.91,0,333922304,1,1.78,0.00,1858247680,22528,845464576
182.9800,1776717824,154.0500,47.53,0,334258176,1,1.19,0.00,1861880832,22528,845464576
183.0852,1781043200,154.1100,57.08,0,334643200,1,1.49,0.00,1865818112,22528,845464576
183.1902,1783009280,154.2100,95.18,0,334831616,1,2.38,0.00,1867265024,22528,845464576
183.2958,1783009280,154.3100,94.70,0,334831616,1,3.55,0.00,1867002880,22528,845464576
183.4007,1783009280,154.4200,104.86,0,334831616,1,2.98,0.00,1867000832,22528,845464576
183.5062,1783009280,154.5200,94.84,0,334831616,1,3.85,0.00,1866869760,22528,859800576
183.6118,1783009280,154.6300,104.14,0,334831616,1,2.96,0.00,1866869760,22528,859800576
183.7176,1570451456,154.9400,292.89,0,335073280,1,10.33,0.00,1646731264,22528,859800576
183.8231,1570451456,155.0200,75.86,0,335409152,1,2.67,0.00,1646886912,22528,859800576
183.9280,1570451456,155.0800,57.18,0,335761408,1,1.19,0.00,1647755264,22528,859800576
184.0331,1570451456,155.1300,47.61,0,336125952,1,1.79,0.30,1647788032,22528,875021312
184.1387,1570451456,155.1800,47.33,0,336461824,1,1.48,0.00,1648005120,22528,875021312
184.2441,1570451456,155.2300,47.42,0,336797696,1,1.48,0.00,1648828416,22528,875021312
184.3494,1570451456,155.2800,47.50,0,337149952,1,1.48,0.00,1647005696,22528,875021312
184.4545,1570451456,155.3400,57.07,0,337518592,1,1.49,0.00,1647263744,22528,875021312
184.5596,1570451456,155.3900,47.57,0,337850368,1,1.49,0.00,1647640576,22528,875021312
184.6653,1570451456,155.4400,47.34,0,338190336,1,1.48,0.00,1648082944,22528,875021312
184.7709,1570451456,155.4900,47.35,0,338522112,1,2.07,0.00,1648488448,22528,875021312
184.8759,1570451456,155.5500,57.11,0,338874368,1,1.19,0.00,1646928896,22528,875021312
184.9812,1570451456,155.6000,47.50,0,339234816,1,1.78,0.00,1647387648,22528,875021312
185.0861,1570451456,155.6500,47.68,0,339578880,1,1.49,0.00,1647358976,22528,875090944
185.1911,1570451456,155.7000,47.59,0,339914752,1,1.19,0.00,1647936512,22528,875090944
185.2962,1570451456,155.7500,47.59,0,340250624,1,1.78,0.00,1647850496,22528,875090944
185.4012,1570451456,155.8100,57.11,0,340619264,1,1.49,0.00,1648522240,22528,875090944
185.5062,1570451456,155.8600,47.65,0,340967424,1,1.49,0.00,1648559104,22528,875090944
185.6111,1570451456,155.9100,47.64,0,341303296,1,0.89,0.00,1646759936,22528,875090944
185.7164,1570451456,155.9600,47.51,0,341639168,1,2.08,0.00,1647276032,22528,875090944
185.8218,1570451456,156.0100,47.41,0,341975040,1,2.07,0.00,1647644672,22528,875275264
185.9269,1570451456,156.0600,47.58,0,342327296,1,1.78,0.00,1647726592,22528,875275264
186.0318,1570451456,156.1100,47.65,0,342695936,1,1.79,0.00,1648164864,22528,875275264
186.1371,1570451456,156.1600,47.49,0,343027712,1,1.78,0.00,1648619520,22528,875275264
186.2426,1570451456,156.2200,56.90,0,343334912,1,2.37,0.00,1646525440,22528,875275264
186.3477,1570451456,156.2700,47.58,0,343715840,1,1.78,0.00,1647049728,22528,875275264
186.4526,1570451456,156.3200,47.65,0,344051712,1,1.49,0.00,1647397888,22528,875275264
186.5582,1570451456,156.3700,47.34,0,344387584,1,1.48,0.00,1646703616,22528,875275264
186.6638,1570451456,156.4200,47.36,0,344723456,1,1.48,0.00,1646883840,22528,875275264
186.7689,1570451456,156.4700,47.58,0,345059328,1,1.78,0.00,1647440896,22528,875275264
186.8740,1570451456,156.5300,57.07,0,345444352,1,1.49,0.00,1647793152,22528,875275264
186.9798,1570451456,156.5800,47.29,0,345776128,1,1.77,0.00,1647965184,22528,875275264
187.0847,1570451456,156.6300,47.63,0,346112000,1,3.27,0.00,1646562304,22528,882936832
187.1903,1570451456,156.6800,47.39,0,346447872,1,2.07,0.00,1646623744,22528,882936832
187.2954,1570451456,156.7300,47.56,0,346783744,1,1.49,0.00,1647062016,22528,882936832
187.4003,1570451456,156.7900,57.17,0,347168768,1,1.49,0.00,1647594496,22528,882936832
187.5053,1570451456,156.8400,47.63,0,347504640,1,1.49,0.00,1646822400,22528,882936832
187.6105,1570451456,156.9100,66.53,0,347824128,1,2.97,0.00,1646724096,22528,882936832
187.7160,1570451456,156.9600,47.42,0,348160000,1,3.26,0.00,1646577664,22528,882936832
187.8213,1570451456,157.0100,47.48,0,348487680,1,2.08,0.00,1646753792,22528,882936832
187.9267,1570451456,157.1100,94.85,0,348631040,1,2.67,0.00,1646698496,22528,882936832
188.0319,1570451456,157.2100,95.06,0,348811264,1,2.97,0.00,1646788608,22528,882936832
188.1373,1570451456,157.3000,85.42,0,348971008,1,2.67,0.00,1646486528,22528,882936832
188.2424,1570451456,157.3900,85.63,0,349134848,1,3.87,0.00,1647088640,22528,882936832
188.3480,1570451456,157.4900,94.64,0,349278208,1,3.25,0.00,1646760960,22528,882936832
188.4531,1570451456,157.5900,95.15,0,349458432,1,2.68,0.00,1647203328,22528,882936832
188.5588,1570451456,157.6700,75.69,0,349601792,1,4.14,0.00,1646944256,22528,882936832
188.6641,1570451456,157.7700,94.95,0,349749248,1,2.97,0.00,1647104000,22528,882936832
188.7693,1570451456,157.8600,85.62,0,349925376,1,2.68,0.00,1647230976,22528,882936832
188.8746,1570451456,157.9500,85.47,0,350068736,1,2.67,0.00,1646873600,22528,882936832
188.9794,1570451456,158.0500,95.39,0,350244864,1,3.58,0.30,1646891008,22528,883002368
189.0845,1570451456,158.1400,85.59,0,350388224,1,2.97,0.00,1646968832,22528,883002368
189.1897,1570451456,158.2400,95.04,0,350547968,1,4.16,0.00,1646690304,22528,883002368
189.2949,1570451456,158.3300,85.56,0,350711808,1,3.27,0.00,1647034368,22528,883002368
189.4004,1570451456,158.4300,94.79,0,350855168,1,3.55,0.00,1646850048,22528,883072000
189.5055,1570451456,158.5300,95.16,0,351035392,1,2.38,0.00,1646940160,22528,883072000
189.6105,1570451456,158.6300,95.22,0,351178752,1,2.98,0.00,1646894080,22528,883072000
189.7159,1572024320,158.7300,94.92,0,351322112,1,2.97,0.00,1649539072,22528,883072000
189.8214,1572024320,158.8300,94.79,0,351502336,1,3.26,0.00,1649332224,22528,883072000
189.9271,1572024320,158.9300,94.57,0,351666176,1,2.36,0.00,1649353728,22528,883072000
190.0324,1573597184,159.0100,75.99,0,351834112,1,3.56,0.00,1651139584,22528,883072000
190.1378,1581068288,159.1100,94.88,0,352014336,1,2.97,0.00,1659238400,22528,883215360
190.2431,1586966528,159.1900,75.98,0,352178176,1,3.56,0.00,1667051520,22528,883215360
190.3483,1594044416,159.2800,85.55,0,352346112,1,2.97,0.00,1673109504,22528,883215360
190.4535,1599549440,159.3600,76.03,0,352530432,1,2.97,0.00,1679380480,22528,883215360
190.5588,1607806976,159.4500,85.44,0,352714752,1,2.37,0.00,1687506944,22528,883215360
190.6644,1615278080,159.5400,85.28,0,352899072,1,2.96,0.00,1694797824,22528,883215360
190.7701,1621176320,159.6200,75.67,0,353079296,1,2.07,0.00,1701359616,22528,883215360
190.8751,1627074560,159.7000,76.22,0,353230848,1,3.57,0.00,1706934272,22528,883215360
190.9803,1634545664,159.7900,85.49,0,353415168,1,2.97,0.00,1715347456,22528,883215360
191.0857,1640050688,159.8800,85.44,0,353599488,1,2.08,0.00,1721820160,22528,883215360
191.1912,1647521792,159.9700,85.30,0,353783808,1,2.07,0.00,1729169408,22528,883301376
191.2965,1654992896,160.0600,85.48,0,353947648,1,3.26,0.00,1737338880,22528,883448832
191.4016,1661677568,160.1400,76.09,0,354115584,1,2.67,0.00,1743114240,22528,883448832
191.5069,1668362240,160.2200,76.00,0,354299904,1,2.08,0.00,1750599680,22528,883448832
191.6123,1674653696,160.3100,85.36,0,354484224,1,2.96,0.00,1756775424,22528,883448832
191.7176,1682911232,160.4000,85.47,0,354668544,1,2.97,0.00,1764978688,22528,883448832
191.8229,1688416256,160.4800,76.00,0,354816000,1,3.56,0.00,1771476992,22528,883448832
191.9281,1695887360,160.5700,85.53,0,355000320,1,2.38,0.00,1778381824,22528,883448832
192.0333,1702178816,160.6500,76.07,0,355184640,1,2.38,0.00,1784218624,22528,883448832
192.1389,1709649920,160.7400,85.23,0,355368960,1,2.96,0.00,1792445440,22528,883448832
192.2440,1715548160,160.8200,76.09,0,355516416,1,3.27,0.00,1799321600,22528,886076416
192.3496,1723412480,160.9000,75.75,0,355700736,1,3.26,0.00,1806514176,22528,886076416
192.4549,1728917504,160.9900,85.47,0,355885056,1,2.97,0.00,1812915200,22528,886076416
192.5602,1736781824,161.0700,75.99,0,356069376,1,2.97,0.00,1820942336,22528,886076416
192.6654,1743466496,161.1600,85.52,0,356237312,1,3.27,0.00,1827073024,22528,886076416
192.7708,1750151168,161.2500,85.40,0,356401152,1,2.67,0.00,1834508288,22528,886076416
192.8761,1756835840,161.3400,85.51,0,356585472,1,2.97,0.00,1841381376,22528,886076416
192.9817,1763913728,161.4200,75.72,0,356769792,1,2.37,0.00,1848815616,22528,886076416
193.0878,1770205184,161.5100,84.80,0,356954112,1,2.36,0.00,1854910464,22528,886125568
193.1935,1777676288,161.5900,75.69,0,357101568,1,2.37,0.00,1863200768,22528,886125568
193.2991,1783574528,161.6700,75.79,0,357285888,1,2.37,0.00,1869287424,22528,886125568
193.4045,1791045632,161.7600,85.38,0,357470208,1,2.96,0.00,1876622336,22528,886154240
193.5100,1796943872,161.8500,85.30,0,357634048,1,2.67,0.00,1883498496,22528,886154240
193.6152,1804808192,161.9200,66.54,0,357801984,1,2.67,0.00,1891047424,22528,886154240
193.7209,1811099648,162.0100,85.18,0,357986304,1,2.37,0.00,1897571328,22528,886154240
193.8265,1818177536,162.0900,75.74,0,358170624,1,5.03,0.00,1905028096,22528,886154240
193.9326,1824075776,162.1800,84.81,0,358354944,1,2.94,0.00,1911029760,22528,886154240
194.0384,1832333312,162.2700,85.09,0,358502400,1,3.55,0.00,1919131648,22528,886174720
194.1443,1838624768,162.3500,75.54,0,358686720,1,2.36,0.00,1925921792,22528,886174720
194.2498,1846095872,162.4300,75.82,0,358871040,1,2.37,0.00,1933396992,22528,886174720
194.3572,1851994112,162.5100,74.47,0,359055360,1,2.62,0.00,1939465216,22528,886174720
194.4633,1859858432,162.6000,84.83,0,359239680,1,3.53,0.00,1947859968,22528,886174720
194.5695,1867329536,162.7000,94.20,0,359424000,1,2.94,0.00,1955486720,22528,886174720
194.6754,1872834560,162.7700,66.13,0,359587840,1,2.66,0.00,1961233408,22528,886174720
194.7808,1878732800,162.8600,85.38,0,359755776,1,2.67,0.00,1967512576,22528,886174720
194.8871,1886203904,162.9400,75.26,0,359940096,1,2.35,0.00,1975809024,22528,886174720
194.9929,1892495360,163.0300,85.05,0,360124416,1,3.25,0.00,1981360128,22528,886227968
195.0988,1899966464,163.1200,84.94,0,360312832,1,3.83,0.00,1989585920,22528,886240256
195.2044,1905864704,163.2000,75.78,0,360497152,1,2.07,0.00,1995841536,22528,886240256
195.3098,1912156160,163.2800,75.87,0,360685568,1,2.96,0.00,2001896448,22528,886240256
195.4153,1919627264,163.3700,85.39,0,360869888,1,3.26,0.00,2009475072,22528,886240256
195.5216,1925918720,163.4500,75.21,0,361058304,1,3.82,0.00,2015894528,22528,886240256
195.6269,1932603392,163.5300,75.96,0,361242624,1,2.08,0.00,2022490112,22528,886240256
195.7324,1940860928,163.6200,85.37,0,361426944,1,2.96,0.00,2030537728,22528,886260736
195.8379,1945972736,163.7100,85.28,0,361615360,1,2.67,0.00,2036367360,22528,886260736
195.9433,1953443840,163.8000,85.36,0,361799680,1,2.37,0.00,2044540928,22528,886260736
196.0488,1960128512,163.8800,75.82,0,361988096,1,2.07,0.00,2051635200,22528,886260736
196.1545,1967599616,163.9700,85.17,0,362188800,1,3.25,0.00,2059421696,22528,886260736
196.2601,1973497856,164.0600,85.23,0,362385408,1,2.66,0.00,2065665024,22528,886322176
196.3653,1980182528,164.1500,85.57,0,362582016,1,2.38,0.00,2072214528,22528,886322176
196.4707,1988046848,164.2300,75.86,0,362745856,1,2.37,0.00,2080541696,22528,886322176
196.5764,1993551872,164.3200,85.16,0,362954752,1,3.25,0.00,2086018048,22528,886322176
196.6820,2000236544,164.4100,85.22,0,363139072,1,2.96,0.00,2092851200,22528,886322176
196.7876,2007707648,164.4900,75.80,0,363323392,1,2.96,0.00,2101116928,22528,886322176
196.8931,2013212672,164.5800,85.27,0,363511808,1,2.66,0.00,2106642432,22528,886322176
196.9988,2019897344,164.6600,75.69,0,363696128,1,3.55,0.00,2113339392,22528,886322176
197.1043,2027368448,164.7500,85.29,0,363884544,1,2.96,0.00,2121192448,22528,886322176
197.2101,2033266688,164.8300,75.62,0,364068864,1,2.07,0.00,2127031296,22528,886322176
197.3157,2039951360,164.9200,85.22,0,364257280,1,2.66,0.00,2133988352,22528,889384960
197.4211,2047815680,165.0100,85.39,0,364441600,1,4.15,0.00,2141369344,22528,889384960
197.5269,2053320704,165.0900,75.59,0,364630016,1,4.13,0.00,2147371008,22528,889384960
197.6325,2060005376,165.1800,85.26,0,364814336,1,3.26,0.00,2154279936,22528,889384960
197.7382,2065117184,165.2700,85.11,0,364961792,1,2.07,0.00,2160166912,22528,889384960
197.8440,2072195072,165.3600,85.08,0,365150208,1,2.66,0.00,2166634496,22528,889384960
197.9501,2080059392,165.4500,84.84,0,365334528,1,3.24,0.00,2174405632,22528,889384960
198.0560,2085564416,165.5300,75.55,0,365522944,1,5.31,0.00,2179571712,22528,889384960
198.1613,2091855872,165.6200,85.48,0,365707264,1,4.45,0.30,2185943040,22528,889384960
198.2665,2099326976,165.7000,76.07,0,365891584,1,2.38,0.00,2194567168,22528,889384960
198.3721,2105225216,165.7800,75.72,0,366080000,1,3.85,0.00,2200190976,22528,889384960
198.4774,2111909888,165.8700,85.44,0,366264320,1,2.67,0.00,2207020032,22528,889384960
198.5826,2119774208,165.9500,76.04,0,366452736,1,3.27,0.00,2214949888,22528,889384960
198.6883,2124886016,166.0400,85.18,0,366637056,1,2.66,0.00,2220930048,22528,889393152
198.7939,2131963904,166.1200,75.76,0,366821376,1,2.66,0.00,2227824640,22528,889393152
198.8996,2139435008,166.2100,85.18,0,367009792,1,3.84,0.00,2235585536,22528,889393152
199.0051,2145333248,166.2900,75.81,0,367194112,1,2.07,0.00,2241289216,22528,889413632
199.1106,2152017920,166.3800,85.33,0,367382528,1,5.04,0.00,2249425920,22528,889565184
199.2159,2160275456,166.4700,85.41,0,367562752,1,2.37,0.00,2256822272,22528,889565184
199.3216,2167353344,166.5700,94.61,0,367706112,1,2.96,0.00,2264095744,22528,889565184
199.4280,2177970176,166.6800,103.46,0,367886336,1,3.23,0.00,2274744320,22528,889565184
199.5332,2185441280,166.7800,95.04,0,368029696,1,2.97,0.00,2282835968,22528,889565184
199.6385,2193698816,166.8700,85.50,0,368173056,1,2.67,0.00,2291121152,22528,889565184
199.7439,2201956352,166.9700,94.80,0,368316416,1,2.96,0.00,2301396992,22528,889565184
199.8498,2211393536,167.0800,103.94,0,368496640,1,3.25,0.00,2310214656,22528,889589760
199.9557,2220044288,167.1700,84.99,0,368640000,1,3.84,0.00,2318143488,22528,889589760
200.0612,2229481472,167.2800,104.22,0,368803840,1,2.96,0.00,2328547328,22528,889589760
200.1666,2237739008,167.3800,94.85,0,368963584,1,4.15,0.00,2337368064,22528,889589760
200.2722,2246389760,167.4800,94.76,0,369106944,1,5.03,0.00,2347097088,22528,889589760
200.3778,2256220160,167.5800,94.64,0,369283072,1,3.25,0.00,2355439616,22528,889589760
200.4830,2264084480,167.6700,85.53,0,369426432,1,2.67,0.00,2363959296,22528,889589760
200.5884,2272342016,167.7800,104.38,0,369586176,1,4.15,0.00,2373821440,22528,889589760
200.6939,2282172416,167.8700,85.35,0,369750016,1,2.37,0.00,2382237696,22528,889589760
200.7993,2290823168,167.9800,104.34,0,369905664,1,2.67,0.00,2389357568,22528,889589760
200.9046,0,168.0800,94.94,0,369905664,1,2.97,0.00,888774656,22528,889589760
200.9794,0,168.0800,0.00,0,369905664,0,3.76,0.00,76574720,22528,889589760
