t_s,proc_rss_bytes,proc_cpu_s,proc_cpu_pct,proc_read_bytes,proc_write_bytes,nproc,sys_cpu_pct,sys_iowait_pct,sys_mem_used_bytes,sys_read_bytes,sys_write_bytes
0.0000,0,0.0000,0.00,0,0,0,0.00,0.00,70114304,0,0
0.1046,57303040,0.0900,86.04,0,0,1,4.18,0.00,87408640,0,0
0.2101,78172160,0.2200,123.27,0,0,1,3.26,0.00,106729472,0,0
0.3165,85643264,0.4100,178.54,0,0,1,5.58,0.00,113426432,0,0
0.4222,144392192,0.6900,264.88,0,0,1,8.28,0.00,179749888,0,0
0.5276,354762752,2.0200,1262.36,0,0,1,39.15,0.00,400258048,0,98304
0.6334,383086592,2.2000,170.02,0,0,1,5.61,0.00,425968640,0,98304
0.7397,383086592,2.3100,103.50,0,0,1,3.23,0.00,426316800,0,98304
0.8455,383086592,2.4100,94.55,0,0,1,3.55,0.30,426144768,0,13672448
0.9514,383086592,2.5200,103.87,0,0,1,3.25,0.00,425993216,0,13672448
1.0571,383086592,2.6300,103.99,0,0,1,3.25,0.00,425993216,0,13672448
1.1633,383086592,2.7300,94.21,0,0,1,3.53,0.00,425993216,0,13758464
1.2685,383086592,2.8400,104.56,0,0,1,3.56,0.00,426251264,0,13815808
1.3742,383086592,2.9500,104.07,0,0,1,3.25,0.00,426017792,0,13815808
1.4798,383086592,3.0500,94.66,0,0,1,3.25,0.00,426021888,0,13815808
1.5852,383086592,3.1600,104.36,0,0,1,2.96,0.00,425776128,0,13815808
1.6911,383086592,3.2600,94.48,0,0,1,3.54,0.00,425509888,0,13815808
1.7967,383086592,3.3700,104.15,0,0,1,3.25,0.00,425509888,0,13828096
1.9023,383086592,3.4700,94.70,0,0,1,2.96,0.00,425509888,0,13828096
2.0077,383086592,3.5800,104.32,0,0,1,3.26,0.00,425509888,0,13828096
2.1132,383086592,3.6800,94.80,0,0,1,3.55,0.00,425772032,0,13828096
2.2188,383086592,3.7900,104.23,0,0,1,3.26,0.00,425772032,0,13828096
2.3241,383086592,3.9000,104.41,0,0,1,3.26,0.00,425767936,0,13828096
2.4302,383086592,4.0000,94.25,0,0,1,3.83,0.00,425505792,0,13828096
2.5358,383086592,4.1100,104.14,0,0,1,3.55,0.00,425767936,0,13828096
2.6412,383086592,4.2100,94.89,0,0,1,2.97,0.00,425767936,0,13828096
2.7469,383086592,4.3100,94.65,0,0,1,3.55,0.00,425501696,0,13828096
2.8526,383086592,4.4200,104.03,0,0,1,3.25,0.00,425759744,0,13828096
2.9581,383086592,4.5300,104.27,0,0,1,3.55,0.00,425759744,0,13828096
3.0639,383086592,4.6400,103.99,0,0,1,2.95,0.00,425759744,0,13828096
3.1697,383086592,4.7500,104.00,0,0,1,3.25,0.00,425759744,0,13828096
3.2753,383086592,4.8500,94.69,0,0,1,3.26,0.00,425759744,0,13828096
3.3810,383086592,4.9600,104.07,0,0,1,2.96,0.00,425755648,0,13828096
3.4863,383086592,5.0600,94.95,0,0,1,3.56,0.00,425755648,0,13828096
3.5918,383086592,5.1700,104.24,0,0,1,3.26,0.00,425755648,0,13828096
3.6971,383086592,5.2700,94.95,0,0,1,3.56,0.00,425493504,0,13828096
3.8028,383086592,5.3800,104.06,0,0,1,2.96,0.00,425493504,0,13828096
3.9083,383086592,5.4800,94.86,0,0,1,3.26,0.00,425493504,0,13828096
4.0136,383086592,5.5900,104.38,0,0,1,2.97,0.00,425489408,0,13828096
4.1189,383086592,5.6900,94.96,0,0,1,3.26,0.00,425497600,0,13828096
4.2246,383086592,5.8000,104.10,0,0,1,2.96,0.00,425497600,0,13828096
4.3308,383086592,5.9000,94.21,0,0,1,3.53,0.00,425755648,0,13877248
4.4369,383086592,6.0100,103.68,0,0,1,3.24,0.00,425755648,0,13877248
4.5425,383086592,6.1200,104.14,0,0,1,3.25,0.00,425755648,0,14024704
4.6478,383086592,6.2200,94.93,0,0,1,3.56,0.00,426017792,0,14024704
4.7534,383086592,6.3300,104.17,0,0,1,2.96,0.00,426017792,0,14024704
4.8590,383086592,6.4300,94.67,0,0,1,2.96,0.00,426017792,0,14024704
4.9645,383086592,6.5400,104.30,0,0,1,3.26,0.00,425763840,0,14024704
5.0701,383086592,6.6400,94.70,0,0,1,3.55,0.00,425767936,0,14024704
5.1758,383086592,6.7500,104.06,0,0,1,2.96,0.00,426025984,0,14024704
5.2812,383086592,6.8600,104.41,0,0,1,2.97,0.00,425763840,0,14024704
5.3869,383086592,6.9600,94.61,0,0,1,3.25,0.00,425763840,0,14069760
5.4924,383086592,7.0700,104.24,0,0,1,3.26,0.00,425763840,0,14069760
5.5979,383086592,7.1700,94.74,0,0,1,3.26,0.00,425759744,0,14069760
5.7041,383086592,7.2800,103.61,0,0,1,3.53,0.00,425759744,0,14069760
5.8101,383086592,7.3800,94.32,0,0,1,2.95,0.00,425759744,0,14069760
5.9166,383086592,7.4900,103.28,0,0,1,5.57,0.00,425759744,0,16732672
6.0231,383086592,7.6000,103.35,0,0,1,3.23,0.00,425755648,0,16732672
6.1288,383086592,7.7000,94.60,0,0,1,2.96,0.00,425772032,0,16732672
6.2343,383086592,7.8100,104.27,0,0,1,3.55,0.00,425772032,0,16794112
6.3401,383086592,7.9100,94.50,0,0,1,3.25,0.00,425772032,0,16794112
6.4459,383086592,8.0200,103.94,0,0,1,3.25,0.00,425772032,0,17244672
6.5510,383086592,8.1200,95.13,0,0,1,2.97,0.00,425772032,0,17244672
6.6565,383086592,8.2300,104.27,0,0,1,3.26,0.00,425772032,0,17244672
6.7624,383086592,8.3300,94.47,0,0,1,3.54,0.00,425767936,0,17244672
6.8685,383086592,8.4400,103.63,0,0,1,2.94,0.00,425767936,0,17244672
6.9747,383086592,8.5500,103.65,0,0,1,3.53,0.00,425767936,0,17244672
7.0809,383086592,8.6500,94.11,0,0,1,2.94,0.00,425767936,0,17244672
7.1864,383086592,8.7600,104.33,0,0,1,3.26,0.00,425767936,0,17244672
7.2916,383086592,8.8700,104.53,0,0,1,2.97,0.00,426030080,0,17244672
7.3970,383086592,8.9700,94.83,0,0,1,3.26,0.00,425776128,0,17244672
7.5030,383086592,9.0700,94.35,0,0,1,3.54,0.00,425776128,0,17244672
7.6084,383086592,9.1800,104.37,0,0,1,3.26,0.00,425772032,0,17244672
7.7144,383086592,9.2900,103.80,0,0,1,3.24,0.00,425509888,0,17314304
7.8202,383086592,9.3900,94.51,0,0,1,2.95,0.00,425505792,0,17314304
7.9257,383086592,9.5000,104.29,0,0,1,3.26,0.00,425767936,0,17314304
8.0309,383086592,9.6100,104.56,0,0,1,3.27,0.00,425522176,0,17314304
8.1364,403251200,9.7400,123.22,0,0,1,3.55,0.00,445125632,0,17314304
8.2426,403251200,9.8400,94.16,0,0,1,3.53,0.00,445125632,0,17314304
8.3485,403251200,9.9500,103.86,0,0,1,2.95,0.00,445117440,0,17314304
8.4542,403251200,10.0600,104.08,0,0,1,3.84,0.00,445117440,0,17314304
8.5601,397209600,10.2400,169.99,0,0,1,5.90,0.00,437498880,0,17314304
8.6662,373915648,10.6100,348.68,0,0,1,10.60,0.00,413766656,0,17314304
8.7728,373915648,10.7200,103.21,0,0,1,3.23,0.00,413815808,0,17314304
8.8787,373915648,10.8300,103.82,0,0,1,2.95,0.00,413811712,0,17314304
8.9844,373915648,10.9300,94.60,0,0,1,3.55,0.00,413795328,0,17314304
9.0900,373915648,11.0400,104.16,0,0,1,2.96,0.00,413791232,0,17314304
9.1956,356392960,11.2500,198.94,0,0,1,6.81,0.00,394548224,0,17314304
9.3010,321495040,11.5500,284.46,0,0,1,9.78,0.00,360625152,0,17314304
9.4072,321495040,11.6500,94.21,0,0,1,3.83,0.00,360248320,0,17314304
9.5130,321495040,11.7600,103.99,0,0,1,3.25,0.00,360121344,0,17314304
9.6194,321495040,11.8700,103.32,0,0,1,3.23,0.00,360121344,0,17314304
9.7253,321495040,11.9700,94.46,0,0,1,3.25,0.00,359752704,0,17314304
9.8309,321495040,12.0700,94.66,0,0,1,3.25,0.00,359752704,0,17314304
9.9365,321495040,12.1800,104.22,0,0,1,2.96,0.00,359752704,0,17314304
10.0422,321495040,12.2900,104.06,0,0,1,3.55,0.00,359597056,0,17314304
10.1486,321495040,12.3900,94.01,0,0,1,2.94,0.00,359683072,0,17363456
10.2547,321495040,12.5000,103.63,0,0,1,3.83,0.00,359588864,0,17383936
10.3611,321495040,12.6100,103.43,0,0,1,2.94,0.00,359588864,0,17383936
10.4672,321495040,12.7100,94.26,0,0,1,3.83,0.00,359584768,0,17383936
10.5729,321495040,12.8200,103.99,0,0,1,3.25,0.00,359580672,0,17383936
10.6782,321495040,12.9200,95.02,0,0,1,2.97,0.00,359580672,0,17383936
10.7842,321495040,13.0300,103.77,0,0,1,3.24,0.00,359580672,0,17383936
10.8901,321495040,13.1300,94.39,0,0,1,3.54,0.00,359580672,0,17383936
10.9961,321495040,13.2400,103.82,0,0,1,4.72,0.00,359580672,0,21071360
11.1008,321495040,13.3400,95.49,0,0,1,2.98,0.00,359580672,0,21112320
11.2067,321495040,13.4600,113.36,0,0,1,3.25,0.00,359355392,0,21112320
11.3127,321495040,13.5600,94.28,0,0,1,2.95,0.00,359089152,0,21112320
11.4182,321495040,13.6600,94.84,0,0,1,3.56,0.00,359093248,0,21112320
11.5240,321495040,13.7700,103.89,0,0,1,3.25,0.00,359093248,0,21112320
11.6296,321495040,13.8800,104.25,0,0,1,2.96,0.00,359089152,0,21173760
11.7356,321495040,13.9800,94.28,0,0,1,3.24,0.00,359085056,0,21173760
11.8413,321495040,14.0900,104.08,0,0,1,3.25,0.00,359085056,0,21231104
11.9469,321495040,14.1900,94.74,0,0,1,3.85,0.00,359089152,0,21231104
12.0530,321495040,14.3000,103.63,0,0,1,2.94,0.00,359089152,0,21255680
12.1586,321495040,14.4000,94.72,0,0,1,3.26,0.00,359023616,0,21390848
12.2642,321495040,14.5100,104.20,0,0,1,3.26,0.00,359023616,0,21390848
12.3698,321495040,14.6200,104.14,0,0,1,3.25,0.00,358761472,0,21390848
12.4751,321495040,14.7200,94.95,0,0,1,2.97,0.00,359019520,0,21390848
12.5811,321495040,14.8300,103.76,0,0,1,3.24,0.00,359019520,0,21390848
12.6867,321495040,14.9300,94.67,0,0,1,3.25,0.00,359281664,0,21390848
12.7929,321495040,15.0400,103.58,0,0,1,2.94,0.00,359281664,0,21390848
12.8991,321495040,15.1400,94.17,0,0,1,3.24,0.00,359281664,0,21390848
13.0044,321495040,15.2500,104.48,0,0,1,2.97,0.00,359281664,0,21390848
13.1101,321495040,15.3600,104.11,0,0,1,3.55,0.00,359281664,0,21390848
13.2164,321495040,15.4600,94.04,0,0,1,2.94,0.00,359285760,0,21390848
13.3222,321495040,15.5700,103.95,0,0,1,3.25,0.00,359281664,0,21390848
13.4280,321495040,15.6800,103.98,0,0,1,3.54,0.00,359281664,0,21390848
13.5342,321495040,15.7800,94.17,0,0,1,2.94,0.00,359281664,0,21390848
13.6402,321495040,15.8900,103.80,0,0,1,3.24,0.00,359281664,0,21390848
13.7455,321495040,15.9900,94.96,0,0,1,2.97,0.00,360330240,0,21390848
13.8509,321495040,16.0900,94.85,0,0,1,3.56,0.00,360064000,0,21390848
13.9567,321495040,16.2000,103.95,0,0,1,2.95,0.00,360064000,0,21390848
14.0628,321495040,16.3100,103.69,0,0,1,3.53,0.00,360064000,0,21390848
14.1683,321495040,16.4100,94.85,0,0,1,3.56,0.00,359543808,0,21390848
14.2738,321495040,16.5200,104.24,0,0,1,2.96,0.00,359543808,0,21390848
14.3796,321495040,16.6200,94.48,0,0,1,3.54,0.00,359543808,0,21390848
14.4851,321495040,16.7300,104.29,0,0,1,5.04,0.00,359195648,0,21554688
14.5909,321495040,16.8300,94.51,0,0,1,4.13,0.00,358786048,0,21554688
14.6966,321495040,16.9400,104.05,0,0,1,2.96,0.00,358786048,0,21554688
14.8027,321495040,17.0400,94.26,0,0,1,3.24,0.00,358786048,0,21554688
14.9085,321495040,17.1500,103.96,0,0,1,3.25,0.00,359048192,0,21554688
15.0143,321495040,17.2600,103.99,0,0,1,3.25,0.00,359048192,0,21554688
15.1203,321495040,17.3600,94.37,0,0,1,3.24,0.00,359048192,0,21554688
15.2260,321495040,17.4700,104.04,0,0,1,3.25,0.00,358790144,0,21792256
15.3317,321495040,17.5800,104.08,0,0,1,3.55,0.00,358790144,0,21792256
15.4375,321495040,17.6800,94.50,0,0,1,3.25,0.00,358786048,0,21792256
15.5431,343003136,17.7800,94.67,0,0,1,4.14,0.00,380544000,0,22042112
15.6493,299503616,17.9000,113.01,0,0,1,3.24,0.00,336544768,0,22042112
15.7553,299503616,18.0100,103.83,0,0,1,3.54,0.00,336544768,0,22042112
15.8613,299503616,18.1200,103.78,0,0,1,3.24,0.00,336544768,0,22042112
15.9667,299503616,18.2200,94.85,0,0,1,2.96,0.00,336548864,0,22042112
16.0726,299503616,18.3300,103.87,0,0,1,3.25,0.00,336548864,0,22042112
16.1784,299503616,18.4300,94.53,0,0,1,3.55,0.00,336544768,0,27532288
16.2842,299503616,18.5400,103.94,0,0,1,2.95,0.00,336544768,0,27532288
16.3902,299503616,18.6400,94.36,0,0,1,3.54,0.00,336544768,0,27532288
16.4958,299503616,18.7500,104.16,0,0,1,4.44,0.00,336544768,0,41278464
16.6008,299503616,18.8500,95.21,0,0,1,3.57,0.00,336544768,0,41278464
16.7067,299503616,18.9600,103.90,0,0,1,3.25,0.00,336806912,0,41290752
16.8126,299503616,19.0700,103.89,0,0,1,2.95,0.00,336806912,0,41290752
16.9187,299503616,19.1700,94.22,0,0,1,3.24,0.00,336802816,0,41290752
17.0241,299503616,19.2800,104.41,0,0,1,2.97,0.00,336802816,0,41290752
17.1297,299503616,19.3800,94.70,0,0,1,3.55,0.00,336802816,0,41290752
17.2357,299503616,19.4900,103.70,0,0,1,2.95,0.00,336802816,0,41298944
17.3421,299503616,19.5900,94.05,0,0,1,3.23,0.00,336802816,0,41298944
17.4477,299503616,19.7000,104.11,0,0,1,3.55,0.00,336802816,0,41298944
17.5536,299503616,19.8100,103.88,0,0,1,2.95,0.00,336802816,0,41298944
17.6598,299503616,19.9100,94.16,0,0,1,3.53,0.00,336802816,0,41298944
17.7655,299503616,20.0200,104.08,0,0,1,3.25,0.00,336798720,0,41298944
17.8709,299503616,20.1200,94.91,0,0,1,3.86,0.00,336798720,0,41298944
17.9766,299503616,20.2300,104.04,0,0,1,2.96,0.00,336798720,0,41298944
18.0819,299503616,20.3300,94.96,0,0,1,3.56,0.00,336798720,0,41298944
18.1879,299503616,20.4400,103.73,0,0,1,3.24,0.00,336811008,0,41298944
18.2938,299503616,20.5500,103.93,0,0,1,2.95,0.00,336811008,0,41298944
18.3995,299503616,20.6500,94.57,0,0,1,3.25,0.00,336806912,0,41298944
18.5055,299503616,20.7600,103.83,0,0,1,3.24,0.00,336806912,0,41298944
18.6106,299503616,20.8600,95.10,0,0,1,3.57,0.00,336806912,0,41376768
18.7160,299503616,20.9700,104.32,0,0,1,3.26,0.00,336806912,0,41528320
18.8220,299503616,21.0700,94.35,0,0,1,3.54,0.00,336823296,0,41528320
18.9283,299503616,21.1800,103.53,0,0,1,3.24,0.00,336823296,0,41528320
19.0341,299503616,21.2800,94.52,0,0,1,3.25,0.00,336819200,0,41528320
19.1402,299503616,21.3900,103.68,0,0,1,2.95,0.00,336819200,0,41528320
19.2458,312479744,21.5000,104.13,0,0,1,2.96,0.00,352547840,0,41528320
19.3520,321523712,21.6200,113.04,0,0,1,3.53,0.00,358577152,0,41528320
19.4579,321523712,21.7200,94.45,0,0,1,3.25,0.00,358577152,0,41528320
19.5635,321523712,21.8300,104.08,0,0,1,3.55,0.00,358577152,0,41528320
19.6697,321523712,21.9400,103.62,0,0,1,3.53,0.00,358315008,0,41528320
19.7750,321523712,22.0400,95.00,0,0,1,3.86,0.00,358310912,0,41528320
19.8803,321523712,22.1500,104.40,0,0,1,3.26,0.00,358310912,0,41528320
19.9863,321523712,22.2500,94.37,0,0,1,2.95,0.00,358310912,0,41528320
20.0925,321523712,22.3600,103.53,0,0,1,3.82,0.00,358310912,0,41528320
20.1983,321523712,22.4600,94.59,0,0,1,3.55,0.00,358310912,0,41528320
20.3039,321523712,22.5700,104.11,0,0,1,2.96,0.00,358310912,0,41528320
20.4096,321523712,22.6800,104.04,0,0,1,2.96,0.00,358310912,0,41528320
20.5150,321523712,22.7800,94.92,0,0,1,3.26,0.00,358310912,0,41585664
20.6205,321523712,22.8900,104.21,0,0,1,3.26,0.00,358319104,0,41585664
20.7265,321523712,22.9900,94.41,0,0,1,2.95,0.00,358519808,0,41585664
20.8326,321523712,23.1000,103.67,0,0,1,3.24,0.00,358519808,0,41585664
20.9388,321523712,23.2000,94.17,0,0,1,3.24,0.00,358519808,0,41585664
21.0447,321523712,23.3100,103.83,0,0,1,2.95,0.00,358519808,0,41585664
21.1504,321523712,23.4200,104.04,0,0,1,3.55,0.00,358523904,0,41778176
21.2563,321523712,23.5200,94.48,0,0,1,4.13,0.30,358515712,0,53438976
21.3621,321523712,23.6300,103.98,0,0,1,3.54,0.00,358519808,0,53438976
21.4678,321523712,23.7300,94.54,0,0,1,3.25,0.00,358519808,0,53447168
21.5738,321523712,23.8400,103.78,0,0,1,3.54,0.00,358503424,0,53447168
21.6793,321523712,23.9400,94.81,0,0,1,4.74,0.00,358503424,0,90409472
21.7853,321523712,24.0500,103.77,0,0,1,2.95,0.00,358503424,0,90409472
21.8907,321523712,24.1500,94.93,0,0,1,3.56,0.00,358503424,0,90409472
21.9962,321523712,24.2600,104.27,0,0,1,2.96,0.00,358499328,0,90409472
22.1014,321523712,24.3700,104.54,0,0,1,3.27,0.00,358499328,0,90409472
22.2070,321523712,24.4700,94.68,0,0,1,3.25,0.00,358503424,0,90466816
22.3123,321523712,24.5800,104.47,0,0,1,3.26,0.00,358503424,0,90475008
22.4186,321523712,24.6800,94.06,0,0,1,3.53,0.00,358507520,0,90475008
22.5245,321523712,24.7900,103.84,0,0,1,2.95,0.00,358507520,0,90475008
22.6300,321523712,24.8900,94.82,0,0,1,3.56,0.00,358507520,0,90475008
22.7355,321523712,25.0000,104.27,0,0,1,3.55,0.00,358503424,0,90475008
22.8412,321523712,25.1000,94.58,0,0,1,3.25,0.00,358503424,0,90475008
22.9466,321523712,25.2100,104.39,0,0,1,3.26,0.00,358503424,0,90475008
23.0561,323096576,27.0300,1661.36,0,4096,1,53.63,0.00,364445696,0,90495488
23.1657,324276224,29.4800,2236.08,0,4096,1,67.60,0.00,365125632,0,90495488
23.2715,325455872,30.6200,1078.07,0,4096,1,32.80,0.00,365686784,0,90495488
23.3801,327421952,32.6500,1867.65,0,1052672,1,60.09,0.00,368029696,0,90495488
23.4867,327815168,35.2300,2421.31,0,1052672,1,77.72,0.00,368803840,0,90495488
23.5925,329781248,36.1300,850.47,0,1343488,1,25.40,0.00,373708800,0,90495488
23.6979,330960896,38.8200,2553.48,0,2101248,1,80.98,0.00,375412736,0,90495488
23.8041,333320192,41.1800,2222.64,0,2101248,1,67.99,0.00,375207936,0,90495488
23.9094,337252352,42.2900,1054.10,0,3149824,1,34.13,0.00,381092864,0,90495488
24.0192,338432000,45.4000,2831.80,0,3149824,1,89.92,0.00,381662208,0,90495488
24.1246,339611648,47.0700,1583.43,0,3149824,1,45.33,0.00,382972928,0,90495488
24.2297,344330240,49.1000,1931.70,0,4198400,1,62.15,0.00,386711552,0,90495488
24.3358,345509888,51.7600,2508.52,0,4198400,1,77.21,0.00,387497984,0,90495488
24.4441,349835264,53.4400,1550.26,0,5246976,1,48.45,0.00,393358336,0,90495488
24.5540,349835264,56.4200,2711.92,0,5246976,1,84.46,0.00,393620480,0,90954240
24.6633,354947072,58.0700,1510.47,0,5316608,1,45.77,0.00,398454784,0,90954240
24.7721,356913152,60.9600,2654.44,0,6295552,1,81.80,0.00,401797120,0,90954240
24.8878,357699584,63.8500,2498.33,0,6295552,1,78.34,0.00,402436096,0,90995200
24.9961,363991040,65.5500,1569.35,0,7344128,1,51.06,0.00,407555072,0,90995200
25.1021,364384256,68.5200,2803.72,0,7344128,1,87.03,0.00,407997440,0,90995200
25.2079,370675712,70.3400,1719.16,0,8392704,1,57.86,0.00,413423616,0,90995200
25.3204,370675712,73.7000,2988.80,0,8392704,1,89.79,0.00,413288448,0,90995200
25.4263,373821440,75.7200,1906.64,0,8392704,1,57.81,0.00,416856064,0,90995200
25.5313,376180736,78.1600,2323.21,0,9441280,1,82.12,0.00,420441088,0,90995200
25.6410,376967168,81.1300,2708.40,0,9441280,1,76.66,0.00,421678080,0,90995200
25.7481,383651840,83.4400,2155.81,0,10489856,1,69.12,0.00,426917888,0,90995200
25.8543,384438272,86.4500,2836.49,0,10489856,1,88.05,0.00,427634688,0,90995200
25.9593,387977216,88.1300,1599.76,0,11538432,1,61.00,0.00,432864256,0,90995200
26.0691,387977216,91.5600,3121.82,0,11538432,1,91.30,0.00,432794624,0,90995200
26.1750,391516160,93.3100,1652.94,0,11538432,1,50.47,0.00,434748416,0,90995200
26.2841,395055104,95.2600,1786.98,0,12587008,1,56.42,0.00,438355968,0,91421184
26.3901,395055104,98.1100,2689.76,0,12587008,1,85.53,0.00,438552576,0,120790528
26.4957,400953344,99.5200,1335.44,0,13635584,1,47.06,0.00,444594176,0,120790528
26.6058,400953344,102.8700,3042.65,0,13635584,1,89.41,0.00,444368896,0,120815104
26.7114,402919424,104.8900,1912.34,0,13635584,1,57.39,0.00,447088640,0,120815104
26.8201,408031232,107.4800,2382.00,0,14684160,1,74.72,0.00,450758656,0,120815104
26.9265,408817664,110.1800,2538.72,0,14684160,1,82.27,0.00,451737600,0,120815104
27.0316,413143040,111.9100,1646.83,0,15732736,1,55.63,0.00,457618432,0,120815104
27.1409,413143040,115.2600,3064.33,0,15732736,1,88.61,0.00,458064896,0,120831488
27.2522,419827712,117.3000,1832.20,0,16781312,1,58.38,0.00,463831040,0,120831488
27.3582,419827712,120.5200,3038.73,0,16781312,1,94.37,0.00,463626240,0,120831488
27.4639,421400576,122.4900,1863.49,0,16781312,1,57.94,0.00,465575936,0,120831488
27.5721,425332736,124.6100,1958.48,0,17829888,1,60.91,0.00,469859328,0,120872448
27.6789,426119168,127.4300,2641.76,0,17829888,1,83.73,0.00,469822464,0,120872448
27.7881,432410624,129.3900,1793.98,0,18878464,1,53.77,0.00,475815936,0,120872448
27.8942,433197056,132.6000,3027.35,0,18878464,1,93.43,0.00,476364800,0,120942080
27.9992,434376704,134.0100,1342.40,0,18878464,1,41.06,0.00,478457856,0,120942080
28.1081,437915648,136.4400,2230.81,0,19927040,1,77.17,0.00,481939456,0,120942080
28.2210,438308864,139.1100,2365.26,0,19927040,1,67.27,0.00,482119680,0,120942080
28.3281,444207104,140.5300,1325.64,0,20975616,1,42.01,0.00,487284736,0,120942080
28.4340,444207104,143.5400,2842.76,0,20975616,1,87.36,0.00,488333312,0,120942080
28.5393,448925696,144.9700,1358.63,0,21045248,1,42.16,0.00,492244992,0,120942080
28.6481,450498560,148.0200,2801.71,0,22024192,1,88.70,0.00,494197760,0,120942080
28.7543,451284992,150.2700,2119.26,0,22024192,1,65.93,0.00,495938560,0,120942080
28.8596,457183232,151.8300,1481.85,0,23072768,1,55.21,0.00,500836352,0,121138688
28.9691,457576448,154.9300,2829.53,0,23072768,1,80.72,0.00,501479424,0,121138688
29.0761,461901824,156.7300,1682.26,0,24121344,1,51.11,0.00,506320896,0,121138688
29.1822,461901824,159.8400,2933.73,0,24121344,1,92.56,0.00,506148864,0,121138688
29.2879,463867904,161.4800,1550.24,0,24121344,1,46.38,0.00,508336128,0,121138688
29.3930,468979712,163.7000,2112.62,0,25169920,1,69.59,0.00,511903744,0,121138688
29.4995,468979712,166.1500,2300.63,0,25169920,1,73.36,0.00,513370112,0,121138688
29.6053,474877952,167.2400,1030.82,0,26218496,1,31.62,0.00,518375424,0,121138688
29.7113,474877952,170.3700,2950.36,0,26218496,1,94.85,0.00,517953536,0,121138688
29.8175,476844032,172.5000,2007.25,0,26218496,1,57.72,0.00,521361408,0,121138688
29.9221,481169408,174.4200,1834.41,0,27271168,1,62.70,0.00,525664256,0,121138688
30.0278,481955840,177.3400,2764.47,0,27271168,1,84.02,0.00,525746176,0,121138688
30.1361,488247296,178.9700,1503.77,0,28319744,1,47.57,0.00,531935232,0,121138688
30.2421,488247296,182.0900,2945.76,0,28319744,1,91.46,0.00,531574784,0,121138688
30.3482,491393024,183.7400,1555.30,0,28463104,1,47.72,0.00,535904256,0,121138688
30.4561,492572672,186.6700,2713.16,0,29368320,1,86.81,0.00,538566656,0,121159168
30.5622,492965888,189.0500,2245.01,0,29368320,1,70.16,0.00,539328512,0,121159168
30.6673,501223424,190.9400,1796.73,0,30420992,1,64.17,0.00,543976448,0,121159168
30.7770,501223424,193.9100,2707.36,0,30420992,1,76.06,0.00,545213440,0,121159168
30.8841,505942016,195.4700,1456.59,0,31469568,1,44.93,0.00,551227392,0,121159168
30.9908,505942016,198.6400,2971.71,0,31469568,1,97.55,0.00,551141376,0,121396736
31.0971,507514880,200.6100,1854.47,0,31469568,1,51.48,0.00,555859968,0,121396736
31.2041,513806336,203.1800,2399.75,0,32518144,1,78.49,0.00,557862912,0,121396736
31.3107,514592768,205.8300,2486.95,0,32518144,1,79.18,0.00,557875200,0,121396736
31.4201,518131712,207.8800,1873.10,0,33566720,1,59.11,0.00,562289664,0,121396736
31.5263,519311360,210.8400,2787.76,0,33566720,1,89.18,0.00,563072000,0,123920384
31.6361,526389248,212.6700,1666.42,0,34615296,1,52.93,0.00,569380864,0,123920384
31.7484,527175680,215.9300,2905.09,0,34615296,1,89.67,0.00,570200064,0,123920384
31.8538,529141760,217.5500,1536.47,0,34684928,1,46.53,0.00,573800448,0,123920384
31.9601,530714624,220.2200,2510.63,0,35663872,1,81.69,0.00,575882240,0,123920384
32.0661,531107840,222.8100,2444.42,0,35663872,1,73.73,0.00,576762880,0,123920384
32.1713,540545024,224.0700,1198.00,0,36712448,1,46.05,0.00,583353344,0,123920384
32.2809,540545024,227.4100,3046.36,0,36712448,1,88.07,0.00,583554048,0,123981824
32.3860,541724672,228.9300,1447.10,0,36712448,1,44.33,0.00,586241024,0,123981824
32.4912,546443264,231.1400,2100.58,0,37761024,1,73.07,0.00,590575616,0,123981824
32.6009,546443264,234.0300,2632.82,0,37761024,1,74.59,0.00,591099904,0,123981824
32.7081,552341504,235.4300,1305.78,0,38809600,1,43.72,0.00,597609472,0,124014592
32.8141,552341504,238.5500,2943.51,0,38809600,1,91.69,0.00,597036032,0,124014592
32.9201,558239744,240.4100,1756.20,0,38879232,1,55.47,0.00,601095168,0,124014592
33.0281,559026176,243.3500,2719.87,0,39858176,1,87.31,0.00,604071936,0,124014592
33.1344,560205824,245.8200,2324.23,0,39858176,1,71.46,0.00,605034496,0,124014592
33.2400,565317632,247.2800,1382.41,0,40906752,1,44.98,0.00,609638400,0,124014592
33.3492,566104064,250.4100,2866.05,0,40906752,1,85.84,0.00,610211840,0,124014592
33.4541,570822656,251.7700,1296.76,0,40976384,1,38.74,0.00,614729728,0,124014592
33.5592,572395520,254.5600,2656.14,0,41955328,1,94.01,0.00,616076288,0,124014592
33.6692,573181952,257.4100,2589.22,0,41955328,1,73.25,0.00,616965120,0,124014592
33.7761,578293760,259.6400,2085.70,0,43003904,1,67.81,0.00,623059968,0,124014592
33.8824,579080192,262.5700,2756.48,0,43003904,1,88.49,0.00,623584256,0,124014592
33.9879,583012352,264.4600,1792.65,0,44052480,1,56.91,0.00,629228544,0,124014592
34.0975,584192000,267.7800,3029.53,0,44052480,1,90.40,0.00,629212160,0,124014592
34.2023,584978432,269.3400,1488.11,0,44052480,1,46.80,0.00,631419904,0,124014592
34.3075,590483456,271.7000,2242.22,0,45101056,1,76.30,0.00,634384384,0,124014592
34.4170,590876672,274.6500,2695.03,0,45101056,1,77.37,0.00,635170816,0,124092416
34.5241,597168128,276.3800,1614.68,0,46149632,1,49.88,0.00,640249856,0,124239872
34.6303,597561344,279.5500,2984.99,0,46149632,1,96.22,0.00,641081344,0,124239872
34.7353,597954560,281.0700,1447.75,0,46149632,1,41.67,0.00,642891776,0,124239872
34.8441,602279936,283.4900,2224.03,0,47198208,1,69.79,0.00,647838720,0,124239872
34.9540,602673152,286.2600,2520.65,0,47198208,1,78.49,0.00,648256512,0,124239872
35.0600,608571392,287.6900,1349.24,0,48246784,1,45.70,0.00,653255680,0,124239872
35.1692,609357824,290.9000,2939.64,0,48246784,1,89.00,0.00,653341696,0,124239872
35.2739,610930688,292.4900,1518.20,0,48246784,1,44.76,0.00,655569920,0,124239872
35.3790,614076416,294.7300,2131.92,0,49295360,1,77.63,0.00,659297280,0,124272640
35.4892,614862848,297.6900,2685.50,0,49295360,1,76.55,0.00,660132864,0,124272640
35.5961,621547520,299.5200,1711.76,0,50343936,1,56.12,0.00,666001408,0,124272640
35.7025,621940736,302.6400,2934.27,0,50343936,1,94.05,0.00,666685440,0,124272640
35.8074,625872896,304.2200,1505.17,0,51392512,1,51.50,0.00,672954368,0,124272640
35.9174,625872896,307.6900,3155.35,0,51392512,1,90.93,0.00,672950272,0,124272640
36.0235,632164352,310.0500,2223.96,0,51462144,1,67.73,0.00,675899392,0,124272640
36.1321,633344000,312.8800,2605.71,0,52441088,1,82.00,0.00,676690944,0,124272640
36.2379,634130432,315.5200,2495.19,0,52441088,1,77.97,0.00,678054912,0,124297216
36.3437,638062592,317.0700,1466.03,0,53489664,1,51.13,0.00,684101632,0,124297216
36.4535,638849024,320.4200,3049.80,0,53489664,1,89.33,0.00,684363776,0,124297216
36.5591,643174400,321.8800,1382.68,0,53559296,1,41.43,0.00,689606656,0,124297216
36.6642,645533696,324.5200,2512.60,0,54538240,1,81.79,0.00,690861056,0,127343616
36.7737,647106560,327.3600,2592.66,0,54538240,1,77.31,0.00,691241984,0,127343616
36.8799,651038720,329.7100,2213.79,0,55586816,1,73.01,0.00,696628224,0,127441920
36.9855,651038720,332.6800,2811.75,0,55586816,1,87.28,0.00,697623552,0,127441920
37.0906,658116608,334.2400,1483.81,0,56635392,1,51.12,0.00,702324736,0,127441920
37.1999,658116608,337.8200,3275.84,0,56635392,1,98.94,0.00,701960192,0,127441920
37.3057,662048768,339.5700,1654.81,0,56705024,1,49.35,0.00,707521536,0,127441920
37.4109,662835200,342.5900,2868.97,0,57683968,1,96.48,0.00,709028864,0,127441920
37.5174,664408064,345.1300,2385.77,0,57683968,1,69.57,0.00,711121920,0,127441920
37.6241,670306304,347.3000,2032.89,0,58732544,1,65.28,0.00,715422720,0,127441920
37.7306,671485952,350.2800,2800.11,0,58732544,1,88.68,0.00,715729920,0,127441920
37.8358,675418112,352.2900,1909.32,0,59781120,1,57.59,0.00,721001472,0,127466496
37.9426,676204544,355.6100,3110.27,0,59781120,1,98.07,0.00,721562624,0,127466496
38.0476,682102784,357.1100,1428.15,0,60829696,1,49.69,0.00,726602752,0,127466496
38.1573,682102784,360.5600,3145.10,0,60829696,1,92.02,0.00,726258688,0,127466496
38.2633,684068864,362.7900,2103.32,0,60829696,1,63.96,0.00,731628544,0,127466496
38.3721,688394240,365.5500,2536.66,0,61878272,1,81.57,0.00,732148736,0,127499264
38.4780,689180672,368.1000,2409.22,0,61878272,1,75.58,0.00,733565952,0,127499264
38.5838,694685696,369.9200,1720.59,0,62926848,1,56.13,0.00,739702784,0,127499264
38.6933,695865344,373.0300,2838.21,0,62926848,1,85.84,0.00,739792896,0,127499264
38.8001,701370368,374.7800,1638.45,0,63975424,1,52.96,0.00,745476096,0,127499264
38.9063,701370368,377.9000,2939.09,0,63975424,1,92.44,0.00,745050112,0,127499264
39.0122,705302528,379.6900,1690.81,0,64045056,1,51.36,0.00,750592000,0,127499264
39.1201,706482176,382.3700,2482.03,0,65024000,1,79.59,0.00,752105472,0,127499264
39.2268,708448256,384.9000,2372.37,0,65024000,1,75.60,0.00,752994304,0,127499264
39.3320,712380416,386.8400,1844.35,0,66072576,1,59.72,0.00,758499328,0,127499264
39.4412,712773632,389.8600,2765.13,0,66072576,1,83.26,0.00,758863872,0,127499264
39.5471,719851520,391.7300,1765.51,0,67121152,1,61.07,0.00,763994112,0,127572992
39.6574,719851520,395.2000,3145.02,0,67121152,1,92.05,0.00,764981248,0,127572992
39.7623,723390464,396.7800,1507.36,0,67190784,1,48.30,0.00,768900096,0,127572992
39.8679,725356544,399.7700,2830.15,0,68169728,1,92.29,0.00,770620416,0,127572992
39.9772,726142976,402.2300,2250.69,0,68169728,1,65.47,0.00,771521536,0,127650816
40.0841,731648000,404.3900,2020.00,0,69218304,1,65.76,0.00,777304064,0,127650816
40.1904,732434432,407.2500,2691.95,0,69218304,1,86.48,0.00,777320448,0,127650816
40.2961,737153024,409.2800,1920.27,0,70266880,1,60.90,0.00,783188992,0,127650816
40.4056,737939456,412.5100,2949.10,0,70266880,1,87.59,0.00,783660032,0,127650816
40.5201,743837696,414.4800,1720.17,0,71315456,1,54.57,0.00,788973568,0,127732736
40.6269,743837696,417.7100,3025.61,0,71315456,1,98.65,0.00,788760576,0,127732736
40.7330,745803776,419.4700,1658.21,0,71315456,1,45.05,0.00,792401920,0,127732736
40.8401,752095232,421.7400,2119.37,0,72364032,1,68.56,0.00,796795904,0,127732736
40.9460,752881664,424.6200,2719.76,0,72364032,1,83.81,0.00,797352960,0,127732736
41.0514,760352768,426.4800,1765.76,0,73412608,1,65.56,0.00,804299776,0,127732736
41.1620,760352768,430.0000,3180.77,0,73412608,1,91.49,0.00,804869120,0,127790080
41.2671,765071360,431.6500,1569.86,0,74461184,1,59.46,0.00,810486784,0,127790080
41.3775,765071360,435.2300,3244.39,0,74461184,1,93.46,0.00,810200064,0,127790080
41.4834,770183168,437.2200,1878.48,0,74530816,1,57.82,0.00,815180800,0,127847424
41.5921,772149248,440.2000,2741.07,0,75509760,1,85.37,0.00,816474112,0,127847424
41.6981,773328896,442.7100,2369.80,0,75509760,1,74.65,0.00,818358272,0,127847424
41.8036,777654272,444.3600,1563.87,0,76558336,1,50.65,0.00,822887424,0,132013056
41.9102,778833920,447.3600,2814.53,0,76558336,1,85.90,0.00,823673856,0,132013056
42.0152,781193216,448.6100,1190.57,0,76627968,1,36.31,0.00,827974656,0,132062208
42.1241,784338944,451.4300,2587.25,0,77606912,1,83.43,0.00,829022208,0,165362688
42.2309,785911808,454.1100,2511.41,0,77606912,1,79.36,0.00,829706240,0,182868992
42.3401,789450752,456.3600,2058.84,0,78655488,1,60.34,0.00,834692096,0,182868992
42.4466,791023616,459.1400,2611.83,0,78655488,1,84.26,0.00,835527680,0,182868992
42.5518,796135424,460.3000,1102.10,0,79704064,1,35.03,0.00,841612288,0,182868992
42.6601,796135424,463.6200,3065.35,0,79704064,1,96.37,0.00,841612288,0,182868992
42.7663,797315072,465.7800,2034.93,0,79704064,1,61.83,0.00,843508736,0,182922240
42.8718,799674368,468.0800,2178.95,0,80752640,1,72.24,0.00,845792256,0,182922240
42.9819,801640448,470.6700,2354.15,0,80752640,1,68.74,0.00,847664128,0,182922240
43.0871,804786176,471.6000,883.33,0,81801216,1,36.51,0.00,849744896,0,182946816
43.1973,804786176,474.9600,3049.96,0,81801216,1,88.50,0.00,849941504,0,182946816
43.3032,804786176,476.8800,1813.05,0,81870848,1,55.18,0.00,850179072,0,182946816
43.4080,804786176,479.7800,2767.98,0,82849792,1,92.76,0.00,851260416,0,182946816
43.5168,805179392,482.3700,2381.16,0,82849792,1,68.95,0.00,850818048,0,182946816
43.6214,805965824,484.3700,1911.73,0,83898368,1,63.92,0.00,852743168,0,182946816
43.7273,805965824,487.1800,2651.82,0,83898368,1,85.23,0.00,851743744,0,182946816
43.8325,805965824,488.5600,1312.29,0,84946944,1,41.31,0.00,851168256,0,182946816
43.9387,805965824,491.6800,2936.69,0,84946944,1,95.60,0.00,850418688,0,182946816
44.0449,805965824,493.9300,2120.14,0,84946944,1,60.07,0.00,850193408,0,182946816
44.1499,806359040,495.6100,1599.79,0,85995520,1,53.27,0.00,851053568,0,182946816
44.2555,806359040,498.5700,2801.97,0,85995520,1,89.34,0.00,849800192,0,182946816
44.3605,806752256,499.7800,1152.26,0,86065152,1,31.25,0.00,851377152,0,182946816
44.4681,807145472,502.8200,2824.79,0,87044096,1,90.02,0.00,852466688,0,182946816
44.5735,807145472,505.2900,2343.38,0,87044096,1,71.45,0.00,852466688,0,183163904
44.6801,807538688,507.4700,2045.08,0,88096768,1,67.72,0.00,853715968,0,183163904
44.7861,807538688,510.3100,2681.22,0,88096768,1,82.61,0.00,853715968,0,183163904
44.8913,807931904,512.0600,1663.46,0,89145344,1,62.38,0.00,852328448,0,183163904
45.0015,807931904,515.4800,3103.22,0,89145344,1,89.60,0.00,851787776,0,183163904
45.1062,807931904,516.9000,1355.72,0,90173440,1,46.84,0.00,854413312,0,183163904
45.2133,807931904,520.0600,2951.31,0,90193920,1,96.31,0.00,852963328,0,183163904
45.3252,808325120,522.6000,2268.77,0,90263552,1,61.41,0.00,853569536,0,183163904
45.4321,808325120,525.4500,2666.00,0,91242496,1,83.60,0.00,854679552,0,183196672
45.5375,808325120,527.9700,2392.49,0,91242496,1,73.88,0.00,852339712,0,183196672
45.6441,808325120,530.0000,1903.05,0,92291072,1,60.06,0.00,854965248,0,183196672
45.7502,808325120,532.9500,2782.69,0,92291072,1,85.78,0.00,853965824,0,183340032
45.8550,809111552,534.5800,1554.34,0,93339648,1,57.51,0.00,855809024,0,183340032
45.9653,809111552,537.9400,3046.48,0,93339648,1,87.84,0.00,855563264,0,183340032
46.0704,809504768,539.4700,1455.37,0,93409280,1,44.29,0.00,854566912,0,183340032
46.1761,809504768,542.4100,2782.81,0,94388224,1,89.92,0.00,855148544,0,183340032
46.2858,809504768,545.1400,2488.05,0,94388224,1,73.48,0.00,855148544,0,183340032
46.3921,810291200,547.3200,2050.34,0,95436800,1,64.95,0.00,856119296,0,183340032
46.4977,810291200,550.1000,2632.65,0,95436800,1,81.97,0.00,856115200,0,183340032
46.6041,810291200,551.7800,1578.92,0,96485376,1,50.81,0.00,856827904,0,183409664
46.7100,810291200,554.9700,3013.26,0,96485376,1,94.46,0.00,854985728,0,183409664
46.8160,810291200,556.6700,1603.69,0,96555008,1,48.05,0.00,856296448,0,183409664
46.9241,810291200,559.5000,2617.18,0,97533952,1,85.83,0.00,857340928,0,216139264
47.0304,810291200,561.9600,2314.57,0,97533952,1,73.21,0.00,857103360,0,216139264
47.1354,810291200,563.1600,1142.89,0,98582528,1,41.97,0.00,856549376,0,216139264
47.2457,810291200,566.7300,3238.53,0,98582528,1,94.12,0.00,856147968,0,255821312
47.3503,810684416,568.2700,1472.35,0,99610624,1,49.90,0.00,857880576,0,255821312
47.4594,810684416,571.5800,3032.06,0,99631104,1,96.18,0.00,857257984,0,255821312
47.5658,810684416,573.9700,2247.35,0,99631104,1,64.06,0.00,857253888,0,255821312
47.6718,811470848,576.5900,2471.28,0,100679680,1,79.00,0.00,856584192,0,255821312
47.7771,811470848,579.3600,2629.72,0,100679680,1,81.29,0.00,856584192,0,255821312
47.8841,811470848,581.5800,2074.28,0,101728256,1,64.24,0.00,858419200,0,255821312
47.9906,811470848,584.5700,2809.21,0,101728256,1,91.02,0.00,857985024,0,255821312
48.0957,811864064,586.5100,1845.29,0,102776832,1,57.96,0.00,860225536,0,255845888
48.2055,811864064,589.9700,3151.04,0,102776832,1,94.49,0.00,859725824,0,255911424
48.3104,812257280,591.5700,1526.13,0,103825408,1,51.27,0.00,857903104,0,255911424
48.4163,812257280,594.9100,3152.88,0,103825408,1,95.28,0.00,856805376,0,255964672
48.5228,812257280,597.0900,2047.37,0,103825408,1,61.63,0.00,857063424,0,255964672
48.6279,813043712,599.3400,2140.11,0,104873984,1,67.47,0.00,859684864,0,255964672
48.7341,813043712,602.0800,2579.28,0,104873984,1,80.90,0.00,859537408,0,255964672
48.8395,813436928,604.1600,1973.46,0,105922560,1,63.15,0.00,860844032,0,255964672
48.9461,813436928,607.1400,2795.53,0,105922560,1,85.31,0.00,860594176,0,255993344
49.0510,813436928,608.7100,1497.17,0,106971136,1,53.04,0.00,859577344,0,255993344
49.1617,813436928,612.1800,3135.67,0,106971136,1,90.93,0.00,859716608,0,255993344
49.2681,813436928,614.0400,1746.76,0,107040768,1,52.83,0.00,860032000,0,255993344
49.3761,813436928,617.1800,2907.45,0,108019712,1,93.17,0.00,860216320,0,255993344
49.4824,813436928,619.6200,2295.84,0,108019712,1,72.04,0.00,860740608,0,255993344
49.5874,813436928,621.7200,2001.28,0,109068288,1,66.11,0.00,862837760,0,255993344
49.6937,813436928,624.5700,2680.84,0,109068288,1,79.95,0.00,862350336,0,255993344
49.7994,813436928,625.3700,756.80,0,110116864,1,32.52,0.00,861676544,0,255993344
49.9094,813436928,628.8400,3154.50,0,110116864,1,90.34,0.00,861672448,0,255993344
50.0155,813436928,631.1600,2186.47,0,110186496,1,65.97,0.00,861451264,0,255993344
50.1201,813830144,633.8300,2551.61,0,111165440,1,86.31,0.00,862761984,0,255993344
50.2293,813830144,636.5400,2482.56,0,111165440,1,73.86,0.00,862041088,0,255993344
50.3343,814223360,638.6700,2027.76,0,112214016,1,66.04,0.00,861583360,0,255993344
50.4408,814223360,641.5200,2677.00,0,112214016,1,78.96,0.00,860559360,0,255993344
50.5459,814223360,643.0200,1427.34,0,113262592,1,49.36,0.00,862914560,0,255993344
50.6520,814223360,646.3700,3155.86,0,113262592,1,99.21,0.00,862914560,0,255993344
50.7582,814616576,648.0900,1619.58,0,114171904,1,47.67,0.00,863184896,0,255993344
50.8708,815009792,651.4200,2959.47,0,114311168,1,97.48,0.00,863184896,0,255993344
50.9769,815009792,653.8400,2279.04,0,114311168,1,66.81,0.00,862935040,0,255993344
51.0841,815009792,656.5400,2518.52,0,115359744,1,78.70,0.00,862119936,0,255993344
51.1903,815009792,659.2700,2570.50,0,115359744,1,80.92,0.00,861493248,0,255993344
51.2951,815403008,661.3500,1986.25,0,116408320,1,69.23,0.00,863668224,0,256099840
51.4053,815403008,664.5300,2885.82,0,116408320,1,82.52,0.00,862586880,0,256099840
51.5103,815796224,666.3800,1762.12,0,117456896,1,56.85,0.00,863120384,0,256165376
51.6169,815796224,669.6200,3037.43,0,117456896,1,91.11,0.00,862874624,0,256165376
51.7222,816189440,671.2500,1548.56,0,117526528,1,46.61,0.00,862669824,0,256165376
51.8270,816582656,673.8100,2442.83,0,118505472,1,81.71,0.00,863755264,0,256165376
51.9334,816582656,676.5500,2574.87,0,118505472,1,76.35,0.00,863513600,0,256353792
52.0402,816582656,678.1700,1517.33,0,119554048,1,49.76,0.00,865086464,0,287682048
52.1466,816582656,681.3200,2959.51,0,119554048,1,93.95,0.00,864828416,0,287682048
52.2514,816582656,682.7400,1354.80,0,120582144,1,44.13,0.00,863826944,0,287682048
52.3581,816582656,685.8600,2924.54,0,120602624,1,90.51,0.00,863241216,0,287682048
52.4644,816582656,688.2500,2247.66,0,120602624,1,69.36,0.00,862864384,0,287682048
52.5721,816975872,690.6500,2227.84,0,121651200,1,72.23,0.00,865080320,0,287682048
52.6784,816975872,693.4400,2626.90,0,121651200,1,82.97,0.00,864080896,0,287682048
52.7835,817369088,694.8700,1360.01,0,122699776,1,44.88,0.00,864747520,0,287989248
52.8898,817369088,698.1100,3048.73,0,122699776,1,90.86,0.00,864276480,0,287989248
52.9957,817762304,699.8800,1670.45,0,122699776,1,50.14,0.00,864837632,0,287989248
53.1041,818548736,702.5500,2462.86,0,123748352,1,81.86,0.00,866164736,0,287989248
53.2105,818548736,705.2500,2539.45,0,123748352,1,81.12,0.00,865812480,0,287989248
53.3153,818941952,707.1600,1822.15,0,124796928,1,61.12,0.00,864248832,0,288013824
53.4254,818941952,710.4300,2970.60,0,124796928,1,85.17,0.00,863343616,0,288013824
53.5303,819335168,712.3400,1820.33,0,125845504,1,61.05,0.00,865559552,0,288030208
53.6363,819335168,715.5800,3055.79,0,125845504,1,91.66,0.00,865559552,0,288030208
53.7425,819335168,717.3500,1667.29,0,125845504,1,50.34,0.00,866124800,0,288030208
53.8474,819335168,719.9200,2450.59,0,126894080,1,85.22,0.00,866931712,0,288030208
53.9572,819335168,722.8400,2658.22,0,126894080,1,75.39,0.00,866436096,0,288030208
54.0641,820121600,724.9200,1944.97,0,127942656,1,63.41,0.00,865534976,0,288030208
54.1702,820121600,727.9400,2847.88,0,127942656,1,87.82,0.00,865534976,0,288030208
54.2749,820121600,729.5400,1527.55,0,128991232,1,53.11,0.00,866636800,0,288030208
54.3812,820121600,732.7800,3049.82,0,128991232,1,92.95,0.00,866391040,0,288030208
54.4875,820121600,734.8300,1928.07,0,129044480,1,59.37,0.00,867308544,0,288259584
54.5933,820514816,737.3900,2420.07,0,130039808,1,78.29,0.00,866041856,0,288259584
54.6996,820514816,740.0200,2472.67,0,130039808,1,76.39,0.00,865300480,0,288259584
54.8050,820908032,741.3600,1271.56,0,131088384,1,38.85,0.00,867397632,0,288259584
54.9113,820908032,744.4200,2878.74,0,131088384,1,92.02,0.00,866979840,0,288259584
55.0159,821301248,745.9800,1491.31,0,131158016,1,44.51,0.00,866597888,0,288259584
55.1212,821694464,748.5400,2432.35,0,132136960,1,77.79,0.00,867908608,0,288259584
55.2272,821694464,751.1800,2488.79,0,132136960,1,79.84,0.00,867494912,0,288259584
55.3361,822087680,753.0200,1689.58,0,133185536,1,52.23,0.00,870116352,0,288292352
55.4425,822480896,756.1500,2944.17,0,133185536,1,93.48,0.00,869460992,0,288292352
55.5474,822480896,757.9900,1753.29,0,134234112,1,59.26,0.00,868348928,0,288292352
55.6574,822480896,761.4600,3154.30,0,134234112,1,90.62,0.00,868094976,0,288292352
55.7633,822874112,763.4000,1831.34,0,134303744,1,58.41,0.00,868795392,0,288292352
55.8721,822874112,766.5400,2886.15,0,135282688,1,91.34,0.00,869581824,0,288292352
55.9779,822874112,768.9300,2258.84,0,135282688,1,69.11,0.00,869581824,0,288292352
56.0842,822874112,770.9800,1930.09,0,136331264,1,65.02,0.00,868787200,0,385723904
56.1918,822874112,773.9500,2759.98,0,136331264,1,84.80,0.00,868304896,0,385723904
56.2973,822874112,775.4400,1412.07,0,137383936,1,44.13,0.00,870668288,0,385723904
56.4045,822874112,778.7900,3125.63,0,137383936,1,98.84,0.00,869963776,0,385723904
56.5111,822874112,780.5600,1659.18,0,137453568,1,51.56,0.00,870529024,0,385920512
56.6201,822874112,783.1900,2412.89,0,138432512,1,76.26,0.00,868819968,0,385949184
56.7267,822874112,785.7100,2365.74,0,138432512,1,75.69,0.00,868422656,0,385949184
56.8318,824053760,787.6800,1874.16,0,139481088,1,58.27,0.00,870589440,0,385949184
56.9378,824053760,790.6400,2791.86,0,139481088,1,86.07,0.00,870585344,0,385949184
57.0428,824053760,791.9100,1209.79,0,140529664,1,42.57,0.00,872182784,0,385949184
57.1490,824053760,795.1100,3011.74,0,140529664,1,92.94,0.00,869849088,0,527218176
57.2559,824053760,797.4400,2179.52,0,140529664,1,65.48,0.00,869369856,0,527218176
57.3613,824446976,798.8900,1376.34,0,141578240,1,45.98,0.00,872015872,0,527218176
57.4714,824446976,802.0900,2906.63,0,141578240,1,91.97,0.00,871266304,0,527218176
57.5765,824446976,803.7100,1541.13,0,142626816,1,46.67,0.00,873097216,0,527218176
57.6828,824446976,806.8300,2934.78,0,142626816,1,94.36,0.00,872359936,0,527218176
57.7890,824446976,808.8600,1911.69,0,142696448,1,55.03,0.00,873179136,0,527218176
57.8961,824446976,811.9900,2921.18,0,143675392,1,93.91,0.00,871458816,0,527218176
58.0026,824446976,814.5200,2376.95,0,143675392,1,73.11,0.00,871213056,0,527218176
58.1073,824446976,816.7500,2128.67,0,144723968,1,73.68,0.00,872040448,0,527218176
58.2175,824446976,819.8800,2842.14,0,144723968,1,81.44,0.00,871577600,0,527218176
58.3235,824446976,821.7300,1745.31,0,145772544,1,61.91,0.00,873670656,0,527267328
58.4334,824840192,825.1900,3147.38,0,145772544,1,90.96,0.00,873670656,0,527267328
58.5401,825233408,826.9200,1620.74,0,146821120,1,50.36,0.00,871490560,0,527267328
58.6463,825233408,830.2300,3116.80,0,146821120,1,101.23,0.00,871248896,0,527267328
58.7523,825233408,832.3600,2009.70,0,146890752,1,57.50,0.00,872027136,0,527267328
58.8572,826019840,835.2100,2718.58,0,147869696,1,88.53,0.00,873088000,0,527267328
58.9636,826019840,837.8600,2489.18,0,147869696,1,76.91,0.00,872858624,0,527267328
59.0721,826413056,839.9500,1925.90,0,148922368,1,63.06,0.00,874198016,0,527267328
59.1781,826413056,842.9100,2794.09,0,148922368,1,84.96,0.00,871924736,0,527267328
59.2841,827199488,844.5900,1583.99,0,149970944,1,51.56,0.00,874394624,0,527267328
59.3899,827199488,847.8200,3054.91,0,149970944,1,94.58,0.00,873767936,0,527267328
59.4992,827199488,849.7300,1747.59,0,150040576,1,53.18,0.00,874624000,0,527267328
59.6041,827199488,852.7800,2905.93,0,151019520,1,95.57,0.00,875435008,0,527267328
59.7132,827199488,855.4500,2446.99,0,151019520,1,71.31,0.00,874386432,0,527267328
59.8179,827592704,857.7900,2236.30,0,152068096,1,71.08,0.00,872912896,0,527267328
59.9243,827592704,860.5900,2632.10,0,152068096,1,81.67,0.00,873433088,0,527267328
60.0321,827592704,861.9500,1260.54,0,153116672,1,40.84,0.00,875026432,0,527267328
60.1387,827592704,865.1700,3022.78,0,153116672,1,98.57,0.00,874772480,0,527267328
60.2483,828379136,867.1500,1806.17,0,153186304,1,50.46,0.00,876369920,0,527267328
60.3561,828772352,870.2300,2855.89,0,154165248,1,90.41,0.00,877467648,0,527267328
60.4620,828772352,872.8000,2427.70,0,154165248,1,75.28,0.00,876853248,0,527267328
60.5681,829165568,875.1900,2251.78,0,155213824,1,70.66,0.00,875574272,0,527267328
60.6748,829165568,878.0300,2662.44,0,155213824,1,86.13,0.00,875291648,0,527267328
60.7803,829165568,880.0900,1952.12,0,156262400,1,62.78,0.00,877126656,0,527267328
60.8862,829165568,883.2000,2936.57,0,156262400,1,89.11,0.00,876893184,0,527267328
60.9917,829558784,885.1800,1878.35,0,157310976,1,60.48,0.00,878728192,0,527267328
61.0976,829558784,888.3000,2944.50,0,157310976,1,92.61,0.00,877605888,0,527336960
61.2037,829435904,890.3800,1961.54,0,157310976,1,59.24,0.00,878351360,0,527414784
61.3121,829435904,893.1700,2571.70,0,158363648,1,81.52,0.00,876328960,0,527414784
61.4182,829435904,895.7800,2460.35,0,158363648,1,75.12,0.00,876099584,0,527484416
61.5236,829829120,897.7800,1897.99,0,159412224,1,68.51,0.00,877389824,0,527484416
61.6334,829829120,900.9500,2888.39,0,159412224,1,82.29,0.00,877389824,0,527484416
61.7380,830115840,902.4900,1471.93,0,160460800,1,48.69,0.00,875932672,0,527492608
61.8445,830115840,905.7300,3040.77,0,160460800,1,93.56,0.00,875928576,0,527492608
61.9506,829972480,907.2400,1422.97,0,160460800,1,44.76,0.00,874937344,0,527492608
62.0561,829386752,909.3000,1952.89,0,161509376,1,65.47,0.00,876178432,0,527492608
62.1656,829386752,912.2800,2721.64,0,161509376,1,80.77,0.00,876399616,0,527492608
62.2710,830152704,914.2400,1859.43,0,162557952,1,64.63,0.00,874780672,0,529332224
62.3816,822472704,917.7000,3129.50,0,162557952,1,90.17,0.00,865339392,0,529332224
62.4872,810987520,919.2800,1495.51,0,163606528,1,52.06,0.00,851522560,0,529332224
62.5938,810987520,922.5000,3020.83,0,163606528,1,90.00,0.00,851522560,0,529332224
62.6999,810987520,924.4200,1810.87,0,163676160,1,54.82,0.00,851784704,0,529332224
62.8047,810987520,927.0500,2507.70,0,164655104,1,80.75,0.00,853095424,0,529332224
62.9108,810987520,929.5400,2347.31,0,164655104,1,73.35,0.00,853095424,0,529332224
63.0202,810987520,930.8400,1188.94,0,165703680,1,35.44,0.00,854144000,0,529332224
63.1273,810987520,934.0700,3015.60,0,165703680,1,95.11,0.00,854139904,0,529332224
63.2323,810987520,935.6400,1494.94,0,165773312,1,44.63,0.00,854402048,0,529332224
63.3401,810987520,938.6300,2772.17,0,166752256,1,86.63,0.00,852345856,0,529332224
63.4462,810987520,941.1700,2395.01,0,166752256,1,73.67,0.00,852345856,0,529332224
63.5521,810987520,943.5200,2218.08,0,167800832,1,72.56,0.00,853169152,0,529364992
63.6579,810987520,946.3900,2714.34,0,167800832,1,83.64,0.00,852972544,0,529364992
63.7641,810987520,948.5000,1985.61,0,168849408,1,64.70,0.00,853894144,0,529364992
63.8703,810987520,951.6300,2949.69,0,168849408,1,91.00,0.00,853894144,0,529364992
63.9751,810987520,953.1900,1488.29,0,169897984,1,54.56,0.00,851507200,0,529364992
64.0853,810987520,956.7500,3229.68,0,169897984,1,94.69,0.00,851507200,0,529364992
64.1913,810987520,958.7200,1858.73,0,169967616,1,56.91,0.00,851507200,0,529364992
64.2966,810987520,961.4200,2563.36,0,170946560,1,81.00,0.00,852555776,0,529364992
64.4033,810987520,963.9000,2325.18,0,170946560,1,74.42,0.00,852555776,0,529364992
64.5085,810987520,965.3900,1415.53,0,171995136,1,44.24,0.00,853604352,0,529512448
64.6154,810987520,968.4500,2863.56,0,171995136,1,89.19,0.00,853604352,0,529512448
64.7209,810987520,969.8200,1298.77,0,172064768,1,38.22,0.00,853989376,0,529512448
64.8256,810987520,972.3800,2444.61,0,173043712,1,78.78,0.00,851767296,0,529512448
64.9320,810987520,974.9800,2444.70,0,173043712,1,74.93,0.00,851767296,0,529512448
65.0373,810987520,976.2800,1234.23,0,174092288,1,40.05,0.00,853078016,0,529512448
65.1437,810987520,979.6100,3129.01,0,174092288,1,96.90,0.00,853078016,0,529512448
65.2483,810987520,981.0600,1386.08,0,175079424,1,40.63,0.00,854511616,0,529512448
65.3547,810987520,984.2000,2952.86,0,175140864,1,99.62,0.00,854507520,0,529545216
65.4638,810987520,986.8600,2436.77,0,175140864,1,71.86,0.00,854491136,0,529545216
65.5688,810987520,989.0100,2047.67,0,176189440,1,62.20,0.00,852438016,0,529545216
65.6747,810987520,991.9200,2747.67,0,176189440,1,88.52,0.00,852397056,0,529545216
65.7841,810987520,993.8300,1745.52,0,177238016,1,51.69,0.00,853404672,0,529545216
65.8901,810987520,997.1700,3151.16,0,177238016,1,101.13,0.00,853400576,0,529545216
65.9950,810987520,998.7400,1497.72,0,178286592,1,45.91,0.00,854711296,0,529545216
66.1015,810987520,1001.9600,3022.98,0,178286592,1,94.47,0.00,854711296,0,529545216
66.2075,810987520,1004.4800,2377.18,0,178286592,1,74.58,0.00,854711296,0,529545216
66.3161,810987520,1007.0600,2374.52,0,179335168,1,73.05,0.00,855759872,0,529545216
66.4222,810987520,1009.8600,2639.89,0,179335168,1,81.32,0.00,852613120,0,529545216
66.5277,810987520,1011.6700,1716.52,0,180383744,1,63.12,0.00,853751808,0,529545216
66.6376,810987520,1015.0400,3066.53,0,180383744,1,87.01,0.00,853751808,0,529684480
66.7429,810987520,1016.5300,1413.88,0,181432320,1,51.30,0.00,852781056,0,529684480
66.8495,810987520,1019.7700,3040.70,0,181432320,1,90.92,0.00,852781056,0,529684480
66.9558,810987520,1021.9100,2012.81,0,181432320,1,62.02,0.00,852781056,0,529684480
67.0609,810987520,1024.1100,2092.96,0,182480896,1,65.70,0.00,853567488,0,529684480
67.1673,810987520,1026.8900,2612.20,0,182480896,1,82.81,0.00,853567488,0,529684480
67.2761,810987520,1028.6700,1636.00,0,183529472,1,52.27,0.00,852847616,0,529684480
67.3828,810987520,1032.0100,3132.42,0,183529472,1,99.94,0.00,852847616,0,531996160
67.4878,810987520,1033.6700,1580.48,0,184578048,1,47.60,0.00,853896192,0,531996160
67.5940,810987520,1036.9000,3042.89,0,184578048,1,95.68,0.00,853879808,0,531996160
67.6998,810987520,1039.3000,2267.12,0,184578048,1,67.90,0.00,853879808,0,544845312
67.8081,810987520,1041.8000,2307.74,0,185626624,1,72.69,0.00,852038656,0,544845312
67.9145,810987520,1044.6600,2688.00,0,185626624,1,87.23,0.00,852038656,0,544845312
68.0242,811773952,1046.7300,1888.66,0,186675200,1,55.88,0.00,854110208,0,544845312
68.1307,811773952,1049.7100,2797.53,0,186675200,1,89.77,0.00,854372352,0,544845312
68.2360,811773952,1051.0900,1309.87,0,187113472,1,37.67,0.00,854925312,0,544845312
68.3416,811773952,1053.7800,2547.68,0,187723776,1,81.98,0.00,854925312,0,544845312
68.4474,811773952,1056.0700,2164.63,0,187723776,1,69.12,0.00,854687744,0,544845312
68.5561,811773952,1057.4800,1296.64,0,188772352,1,38.51,0.00,853687296,0,544869888
68.6624,811773952,1060.7100,3041.25,0,188772352,1,94.45,0.00,853830656,0,544869888
68.7671,811773952,1062.2000,1422.63,0,188841984,1,42.97,0.00,854092800,0,544869888
68.8761,811773952,1065.1800,2732.53,0,189820928,1,86.54,0.00,853679104,0,544869888
68.9823,811773952,1067.6800,2355.64,0,189820928,1,73.02,0.00,853675008,0,544869888
69.0870,811773952,1069.3200,1565.88,0,190869504,1,55.80,0.00,854985728,0,544898560
69.1933,811773952,1072.4700,2963.91,0,190869504,1,87.92,0.00,854801408,0,544898560
69.3001,811773952,1074.1500,1572.10,0,191918080,1,49.13,0.00,853669888,0,544898560
69.4070,811773952,1077.4800,3115.35,0,191918080,1,100.86,0.00,853166080,0,544898560
69.5163,811773952,1079.3600,1720.98,0,192946176,1,47.20,0.00,854472704,0,544898560
69.6222,811773952,1082.5100,2973.81,0,192966656,1,98.83,0.00,854472704,0,544898560
69.7286,811773952,1084.9500,2293.12,0,192966656,1,66.67,0.00,853948416,0,544939520
69.8362,811773952,1087.4400,2315.05,0,194015232,1,73.80,0.00,853432320,0,544939520
69.9424,811773952,1090.0600,2466.71,0,194015232,1,79.14,0.00,853121024,0,545029632
70.0479,811773952,1091.9100,1752.64,0,195063808,1,54.18,0.00,853751808,0,545029632
70.1544,811773952,1095.0600,2959.35,0,195063808,1,94.53,0.00,854009856,0,545029632
70.2599,811773952,1096.7300,1582.50,0,196112384,1,49.16,0.00,852110336,0,545029632
70.3670,811773952,1099.8500,2913.11,0,196112384,1,93.08,0.00,852327424,0,545066496
70.4798,811773952,1101.9500,1861.39,0,196182016,1,54.84,0.00,852851712,0,545066496
70.5881,811773952,1104.7200,2557.30,0,197160960,1,82.80,0.00,853158912,0,545066496
70.6943,811773952,1107.2700,2401.58,0,197160960,1,77.11,0.00,853158912,0,545066496
70.8000,811773952,1109.2400,1865.08,0,198209536,1,59.17,0.00,852113408,0,545066496
70.9103,811773952,1112.2800,2754.65,0,198209536,1,84.95,0.00,852371456,0,545066496
71.0150,811773952,1114.0600,1699.76,0,199258112,1,59.68,0.00,853682176,0,545066496
71.1253,811773952,1117.5300,3147.61,0,199258112,1,90.99,0.00,853678080,0,545066496
71.2311,811773952,1119.2000,1578.37,0,200286208,1,51.98,0.00,852640768,0,545066496
71.3391,811773952,1122.4600,3017.40,0,200306688,1,96.90,0.00,852640768,0,545066496
71.4454,811773952,1124.8800,2277.38,0,200306688,1,65.87,0.00,852448256,0,545127936
71.5521,811773952,1127.3600,2322.90,0,201355264,1,74.35,0.00,853756928,0,545127936
71.6580,811773952,1130.0800,2568.38,0,201355264,1,79.67,0.00,853490688,0,545127936
71.7633,811773952,1132.1500,1966.00,0,202403840,1,68.86,0.00,852581376,0,545127936
71.8735,811773952,1135.3900,2942.31,0,202403840,1,84.29,0.00,852843520,0,545127936
71.9792,811773952,1137.1200,1636.02,0,203452416,1,58.51,0.00,853892096,0,545127936
72.0895,811773952,1140.5800,3138.16,0,203452416,1,92.12,0.00,853892096,0,545127936
72.1953,811773952,1142.2900,1615.85,0,203522048,1,48.43,0.00,853125120,0,545172992
72.3041,811773952,1145.0200,2507.72,0,204500992,1,78.65,0.00,853243904,0,545320448
72.4105,811773952,1147.5700,2397.38,0,204500992,1,77.56,0.00,853243904,0,545320448
72.5161,811773952,1149.5000,1828.65,0,205549568,1,54.48,0.00,853029888,0,559193600
72.6225,811773952,1152.5200,2836.97,0,205549568,1,91.59,0.00,853025792,0,559193600
72.7275,811773952,1154.2700,1667.10,0,206598144,1,52.99,0.00,854176768,0,559193600
72.8337,811773952,1157.5100,3049.02,0,206598144,1,91.16,0.00,854168576,0,559193600
72.9394,811773952,1159.3100,1703.93,0,206667776,1,52.36,0.00,853174272,0,559193600
73.0481,811773952,1162.3900,2831.76,0,207646720,1,90.22,0.00,854222848,0,559193600
73.1547,811773952,1164.9400,2394.24,0,207646720,1,75.41,0.00,853972992,0,559193600
73.2595,811773952,1166.3500,1344.16,0,208695296,1,47.37,0.00,853175296,0,559193600
73.3694,811773952,1169.7000,3048.29,0,208695296,1,88.15,0.00,853175296,0,559193600
73.4745,811773952,1171.0000,1237.71,0,209727488,1,38.98,0.00,854481920,0,559193600
73.5838,811773952,1174.4000,3111.25,0,209747968,1,97.23,0.00,854039552,0,559193600
73.6896,811773952,1176.7200,2191.39,0,209747968,1,66.41,0.00,853806080,0,559193600
73.7961,811773952,1178.9200,2065.43,0,210796544,1,65.13,0.00,854049792,0,559218176
73.9025,811773952,1181.8400,2746.78,0,210796544,1,87.89,0.00,854049792,0,559218176
74.0074,811773952,1183.7600,1829.78,0,211845120,1,63.14,0.00,855360512,0,559218176
74.1174,811773952,1187.0200,2964.24,0,211845120,1,84.68,0.00,855118848,0,559218176
74.2232,811773952,1188.5300,1426.97,0,212893696,1,48.14,0.00,853449728,0,559218176
74.3299,811773952,1191.6600,2931.64,0,212893696,1,88.10,0.00,853232640,0,559226368
74.4362,811773952,1193.7200,1938.03,0,212893696,1,60.56,0.00,852208640,0,559226368
74.5441,811773952,1195.7900,1918.22,0,213942272,1,61.39,0.00,853482496,0,559382016
74.6506,811773952,1198.6500,2686.34,0,213942272,1,86.88,0.00,852236288,0,559382016
74.7601,811773952,1200.5400,1725.58,0,214990848,1,49.36,0.00,853813248,0,559382016
74.8665,811773952,1203.8300,3092.68,0,214990848,1,98.12,0.00,853567488,0,559382016
74.9712,811773952,1205.3400,1442.15,0,216039424,1,48.05,0.00,852128768,0,559382016
75.0773,811773952,1208.6600,3129.03,0,216039424,1,93.66,0.00,852128768,0,559382016
75.1828,811773952,1211.0400,2257.56,0,216039424,1,69.66,0.00,852136960,0,559484416
75.2877,811773952,1213.5100,2353.61,0,217088000,1,73.55,0.00,853287936,0,559484416
75.3942,811773952,1216.1600,2489.16,0,217088000,1,76.91,0.00,853545984,0,559660544
75.4993,811773952,1217.1700,960.22,0,218136576,1,36.84,0.00,852521984,0,559660544
75.6094,811773952,1220.6400,3151.79,0,218136576,1,91.68,0.00,852489216,0,559660544
75.7158,811773952,1222.5000,1749.27,0,218136576,1,52.90,0.00,852247552,0,559660544
75.8241,811773952,1224.8900,2205.34,0,219185152,1,72.67,0.00,853558272,0,559660544
75.9306,811773952,1227.7300,2668.39,0,219185152,1,84.27,0.00,853558272,0,559660544
76.0356,811773952,1229.7100,1885.94,0,220233728,1,61.02,0.00,852300800,0,559660544
76.1420,811773952,1232.9500,3042.89,0,220233728,1,90.98,0.00,852296704,0,559660544
76.2471,811773952,1234.8400,1798.85,0,221282304,1,62.16,0.00,853607424,0,559660544
76.3525,811773952,1238.1900,3178.81,0,221282304,1,102.90,0.00,853603328,0,559660544
76.4642,811773952,1240.1700,1771.74,0,222310400,1,47.26,0.00,852571136,0,559660544
76.5697,811773952,1243.2700,2940.15,0,222330880,1,91.88,0.00,852325376,0,559660544
76.6756,811773952,1245.5800,2181.93,0,222330880,1,67.30,0.00,852104192,0,559660544
76.7811,811773952,1247.1400,1478.50,0,223379456,1,49.16,0.00,853423104,0,559660544
76.8876,811773952,1250.2400,2909.95,0,223379456,1,93.87,0.00,853423104,0,559660544
76.9925,811773952,1251.5200,1220.52,0,223522816,1,35.16,0.00,852508672,0,559660544
77.0974,811773952,1254.5800,2917.17,0,224428032,1,92.35,0.00,852508672,0,559660544
77.2034,811773952,1257.0800,2357.64,0,224428032,1,72.50,0.00,852480000,0,559660544
77.3081,811773952,1259.3700,2187.90,0,225476608,1,70.16,0.00,853516288,0,559713792
77.4144,811773952,1262.0100,2483.31,0,225476608,1,78.49,0.00,851939328,0,559713792
77.5196,811773952,1263.2200,1150.53,0,226525184,1,36.85,0.00,853475328,0,559713792
77.6258,811773952,1266.3400,2937.07,0,226525184,1,89.72,0.00,852361216,0,564147200
77.7320,811773952,1268.1000,1656.34,0,226525184,1,49.41,0.00,852361216,0,564147200
77.8401,811773952,1270.5000,2219.99,0,227573760,1,70.82,0.00,853667840,0,564147200
77.9461,811773952,1273.2000,2547.41,0,227573760,1,78.43,0.00,853422080,0,564147200
78.0516,811773952,1275.0300,1735.34,0,228622336,1,54.82,0.00,852375552,0,564147200
78.1579,811773952,1278.0100,2802.22,0,228622336,1,87.86,0.00,852293632,0,564147200
78.2628,811773952,1279.5000,1420.51,0,229670912,1,48.26,0.00,853862400,0,564147200
78.3690,811773952,1282.7400,3051.10,0,229670912,1,92.40,0.00,853862400,0,564147200
78.4751,811773952,1284.9600,2093.58,0,229670912,1,64.54,0.00,853690368,0,564147200
78.5802,811773952,1286.4900,1455.71,0,230719488,1,48.17,0.00,852768768,0,564147200
78.6894,811773952,1289.6500,2893.31,0,230719488,1,86.12,0.00,852482048,0,564147200
78.7944,811773952,1291.1500,1428.47,0,231768064,1,46.72,0.00,854050816,0,564171776
78.9007,811773952,1294.3900,3048.80,0,231768064,1,92.33,0.00,854050816,0,564196352
79.0069,811773952,1296.5100,1994.55,0,231768064,1,60.57,0.00,853813248,0,564196352
79.1120,811773952,1298.2200,1628.00,0,232816640,1,54.15,0.00,852646912,0,564208640
79.2214,811773952,1301.3600,2870.67,0,232816640,1,86.28,0.00,852392960,0,564208640
79.3261,811773952,1303.2500,1804.81,0,233865216,1,59.38,0.00,853965824,0,564208640
79.4361,811773952,1306.6500,3089.28,0,233865216,1,93.70,0.00,853732352,0,564208640
79.5415,811773952,1308.2200,1489.92,0,233865216,1,43.89,0.00,853728256,0,564208640
79.6481,811773952,1310.8100,2429.01,0,234913792,1,80.60,0.00,852972544,0,564208640
79.7542,811773952,1313.5800,2612.70,0,234913792,1,80.47,0.00,852718592,0,564208640
79.8599,811773952,1315.8500,2146.62,0,235962368,1,67.97,0.00,853767168,0,564208640
79.9717,811773952,1319.0700,2879.27,0,235962368,1,88.86,0.00,852761600,0,564208640
80.0767,811773952,1320.7400,1591.75,0,237010944,1,50.34,0.00,854334464,0,564208640
80.1826,811773952,1323.8600,2944.14,0,237010944,1,96.13,0.00,854334464,0,564241408
80.2886,811773952,1325.7800,1812.42,0,237010944,1,49.56,0.00,853365760,0,564241408
80.3936,811773952,1328.1900,2295.41,0,238059520,1,74.41,0.00,854152192,0,564241408
80.4996,811773952,1330.8800,2536.39,0,238059520,1,81.03,0.00,853951488,0,564241408
80.6046,812167168,1333.0600,2077.13,0,239108096,1,63.72,0.00,853214208,0,564241408
80.7106,812167168,1336.0700,2839.90,0,239108096,1,90.22,0.00,852710400,0,564241408
80.8159,812167168,1337.4800,1338.28,0,240156672,1,40.34,0.00,854283264,0,564241408
80.9220,812167168,1340.6000,2940.16,0,240156672,1,91.29,0.00,854275072,0,564241408
81.0279,812167168,1342.6600,1945.46,0,240156672,1,58.73,0.00,854275072,0,564241408
81.1330,812167168,1344.8600,2094.66,0,241205248,1,68.73,0.00,853640192,0,564241408
81.2394,812167168,1347.6800,2649.46,0,241205248,1,83.97,0.00,853599232,0,564368384
81.3444,812560384,1349.7700,1991.03,0,242253824,1,60.14,0.00,855168000,0,564368384
81.4506,812560384,1352.8700,2918.17,0,242253824,1,92.66,0.00,855168000,0,564429824
81.5554,812560384,1354.1100,1182.83,0,242323456,1,33.68,0.00,854964224,0,564429824
81.6605,812560384,1356.7900,2551.56,0,243302400,1,80.03,0.00,855738368,0,564429824
81.7667,810930176,1359.3600,2418.85,0,243302400,1,76.18,0.00,854161408,0,564429824
81.8761,809304064,1361.7500,2183.92,0,244350976,1,66.82,0.00,852004864,0,564429824
81.9825,809304064,1364.6500,2727.59,0,244350976,1,87.59,0.00,852811776,0,564429824
82.0877,812449792,1366.5100,1767.67,0,245399552,1,51.08,0.00,858148864,0,564429824
82.1937,812449792,1369.6300,2944.12,0,245399552,1,92.00,0.00,856478720,0,564429824
82.2989,814415872,1371.2300,1520.87,0,245399552,1,46.04,0.00,857859072,0,564429824
82.4042,817561600,1373.4100,2070.56,0,246448128,1,65.30,0.00,862458880,0,564429824
82.5105,817561600,1376.1400,2566.12,0,246448128,1,83.42,0.00,862983168,0,564429824
82.6157,822280192,1376.9800,798.87,0,247496704,1,22.59,0.00,867459072,0,564429824
82.7224,822280192,1380.1000,2924.48,0,247496704,1,95.20,0.00,866713600,0,566339584
82.8286,823459840,1382.5200,2278.32,0,247496704,1,66.20,0.00,869335040,0,566339584
82.9334,826998784,1384.2300,1632.00,0,248545280,1,51.30,0.00,872485888,0,566339584
83.0395,828178432,1387.1800,2778.60,0,248545280,1,89.19,0.00,872526848,0,566339584
83.1481,832897024,1389.0700,1740.21,0,249593856,1,54.09,0.00,878534656,0,566339584
83.2551,832897024,1392.2600,2983.91,0,249593856,1,96.17,0.00,878104576,0,566339584
83.3609,836829184,1394.2000,1833.16,0,250621952,1,52.86,0.00,883837952,0,566339584
83.4675,838402048,1397.2700,2878.70,0,250642432,1,94.65,0.00,883796992,0,566339584
83.5739,839581696,1399.7100,2294.76,0,250642432,1,67.01,0.00,885107712,0,566339584
83.6801,844300288,1401.7700,1938.08,0,251691008,1,64.09,0.00,888545280,0,566339584
83.7865,845086720,1404.6800,2736.33,0,251691008,1,87.27,0.00,889167872,0,566339584
83.8918,848625664,1406.5000,1727.94,0,252739584,1,58.45,0.00,893758464,0,566364160
84.0013,849412096,1409.7200,2940.86,0,252739584,1,87.62,0.00,894704640,0,566364160
84.1061,854130688,1411.3100,1516.98,0,252809216,1,45.32,0.00,899947520,0,566364160
84.2119,855703552,1414.4000,2921.13,0,253788160,1,94.53,0.00,900027392,0,566364160
84.3173,856096768,1416.9800,2449.15,0,253788160,1,75.65,0.00,900563968,0,566364160
84.4241,860422144,1419.4200,2282.59,0,254836736,1,72.79,0.00,905401344,0,566364160
84.5303,860815360,1422.2500,2665.00,0,254836736,1,85.05,0.00,905921536,0,566511616
84.6360,865533952,1424.1700,1817.34,0,255885312,1,60.05,0.00,910490624,0,566511616
84.7454,866713600,1427.3700,2925.97,0,255885312,1,87.44,0.00,910760960,0,566511616
84.8554,871432192,1429.3200,1771.34,0,256933888,1,62.45,0.00,916075520,0,566511616
84.9653,871432192,1432.7300,3103.11,0,256933888,1,89.01,0.00,915514368,0,566511616
85.0712,874971136,1434.4900,1662.95,0,257003520,1,50.49,0.00,920372224,0,566511616
85.1801,876150784,1437.3800,2651.89,0,257982464,1,86.60,0.00,921879552,0,566511616
85.2862,878116864,1439.8800,2356.90,0,257982464,1,72.18,0.00,922600448,0,566511616
85.3915,882049024,1441.9900,2003.25,0,259031040,1,64.38,0.00,926693376,0,566544384
85.4979,882049024,1444.8800,2717.60,0,259031040,1,83.46,0.00,927176704,0,566593536
85.6031,887554048,1446.7400,1768.60,0,260079616,1,61.21,0.00,932631552,0,566593536
85.7094,887554048,1449.9800,3047.98,0,260079616,1,91.72,0.00,932840448,0,566593536
85.8144,889913344,1451.7300,1666.27,0,260079616,1,50.88,0.00,935339008,0,566593536
85.9195,893059072,1454.2600,2405.98,0,261128192,1,84.70,0.00,937632768,0,566593536
86.0293,893452288,1457.2100,2686.66,0,261128192,1,76.27,0.00,938230784,0,566593536
86.1352,898170880,1459.0600,1748.29,0,262176768,1,64.67,0.00,943149056,0,566593536
86.2454,898564096,1462.3000,2940.11,0,262176768,1,85.07,0.00,944107520,0,566593536
86.3502,902836224,1464.2700,1878.27,0,263225344,1,61.08,0.00,948279296,0,566593536
86.4561,902836224,1467.6100,3155.62,0,263225344,1,95.96,0.00,947771392,0,566593536
86.5613,906768384,1469.4200,1719.96,0,263294976,1,51.08,0.00,951536640,0,566618112
86.6665,882716672,1472.1800,2623.65,0,264273920,1,88.23,0.00,925535232,0,566618112
86.7760,882716672,1474.9800,2557.26,0,264273920,1,73.92,0.00,925332480,0,606865408
86.8809,885469184,1475.2600,266.93,0,264273920,1,8.64,2.38,930239488,1536,643901440
86.9860,885469184,1475.3600,95.14,0,264273920,1,3.27,3.27,929567744,1536,643901440
87.0909,885469184,1475.4700,104.90,0,264273920,1,3.28,2.98,929055744,1536,643901440
87.1963,885469184,1475.5800,104.29,0,264273920,1,3.26,3.26,928795648,1536,643901440
87.3017,885469184,1475.6800,94.95,0,264273920,1,3.26,2.97,928791552,1536,643917824
87.4068,885469184,1475.7800,95.07,0,264273920,1,3.27,3.27,928607232,1536,643917824
87.5120,885469184,1475.8900,104.64,0,264273920,1,3.27,2.97,928546816,1536,643917824
87.6173,885469184,1476.0000,104.40,0,264273920,1,2.97,3.26,928157696,1536,643917824
87.7227,885469184,1476.1000,94.90,0,264273920,1,3.26,2.97,927843328,1536,643917824
87.8280,885862400,1478.9700,2724.57,0,265326592,1,92.56,0.30,931529728,1536,775284224
87.9377,885862400,1481.6300,2425.11,0,265326592,1,72.37,0.00,931013632,1536,775284224
88.0441,886255616,1483.3900,1653.83,0,266375168,1,54.62,0.00,931174400,1536,775284224
88.1508,886255616,1486.5600,2972.85,0,266375168,1,93.49,0.00,930957312,1536,775284224
88.2555,886648832,1488.2700,1633.41,0,267423744,1,55.22,0.00,932046848,1536,775284224
88.3616,886648832,1491.5100,3052.85,0,267423744,1,91.28,0.00,931017728,1536,775284224
88.4679,886648832,1493.2500,1636.05,0,267423744,1,50.54,0.00,931013632,1536,775284224
88.5761,887435264,1495.7300,2292.07,0,268480512,1,72.49,0.00,933585920,1536,775284224
88.6823,887435264,1498.9600,3041.87,0,268480512,1,98.59,0.00,931871744,1536,775284224
88.7886,887435264,1501.9300,2795.17,0,268480512,1,82.64,0.00,931449856,1536,775284224
88.8937,887435264,1503.4200,1417.57,0,268480512,1,42.22,0.00,931445760,1536,775284224
89.0001,887435264,1506.0500,2470.61,0,269529088,1,79.26,0.00,933612544,1536,775337472
89.1061,887435264,1509.3800,3143.56,0,269529088,1,97.94,0.00,932477952,1536,775407104
89.2121,887435264,1512.4100,2859.06,0,269529088,1,89.35,0.00,932916224,1536,775407104
89.3169,887435264,1513.9200,1440.31,0,270561280,1,50.37,0.00,933348352,1536,775407104
89.4289,887435264,1517.4200,3125.95,0,270581760,1,91.27,0.00,933340160,1536,775407104
89.5348,887435264,1520.7400,3134.21,0,270581760,1,101.78,0.00,933561344,1536,775407104
89.6408,887435264,1523.3800,2490.58,0,270581760,1,73.41,0.00,933540864,1536,775407104
89.7462,887828480,1525.2200,1745.57,0,271630336,1,54.25,0.00,934515712,1536,775464448
89.8520,887828480,1528.5700,3167.43,0,271630336,1,99.28,0.00,934511616,1536,775464448
89.9576,887828480,1531.7900,3048.75,0,271630336,1,94.39,0.00,934532096,1536,775464448
90.0625,887828480,1534.0100,2115.37,0,271630336,1,68.19,0.00,934290432,1536,775464448
90.1673,887828480,1536.1200,2014.77,0,272678912,1,65.35,0.00,934054912,1536,775464448
90.2737,887828480,1539.4700,3146.83,0,272678912,1,95.11,0.00,933329920,1536,775464448
90.3799,887828480,1542.5600,2910.65,0,272678912,1,90.66,0.00,933321728,1536,775464448
90.4848,887828480,1544.2900,1648.60,0,272748544,1,48.54,0.00,933579776,1536,775464448
90.5921,887828480,1546.9400,2468.85,0,273727488,1,78.32,0.00,934890496,1536,775464448
90.6982,887828480,1549.9500,2837.08,0,273727488,1,91.60,0.00,933617664,1536,775464448
90.8044,887828480,1552.6700,2562.00,0,273727488,1,77.12,0.00,933380096,1536,775464448
90.9101,887828480,1553.7000,974.74,0,273727488,1,28.98,0.00,933380096,1536,775464448
91.0153,888221696,1555.8000,1996.58,0,274776064,1,70.12,0.00,935239680,1536,775697920
91.1209,888221696,1559.0900,3115.48,0,274776064,1,93.81,0.00,934756352,1536,775697920
91.2267,888221696,1561.9500,2701.25,0,274776064,1,85.30,0.00,934756352,1536,775697920
91.3320,888221696,1563.7100,1672.17,0,274776064,1,48.69,0.00,935018496,1536,775697920
91.4372,888221696,1566.1600,2329.49,0,275824640,1,75.17,0.00,934636544,1536,775697920
91.5432,888221696,1569.3400,2998.88,0,275824640,1,97.55,0.00,934472704,1536,775697920
91.6490,888221696,1572.3700,2863.80,0,275824640,1,84.77,0.00,934472704,1536,775697920
91.7539,888221696,1573.8600,1420.87,0,275824640,1,43.21,0.00,933489664,1536,775755264
91.8591,888221696,1575.8200,1862.47,0,276873216,1,61.47,0.00,936107008,1536,775755264
91.9652,888221696,1579.0600,3052.54,0,276873216,1,90.68,0.00,935369728,1536,775755264
92.0714,888221696,1582.1300,2892.35,0,276873216,1,93.92,0.00,935631872,1536,775755264
92.1761,888221696,1583.7900,1585.08,0,276873216,1,44.76,0.00,936418304,1536,775755264
92.2841,888614912,1586.4300,2443.75,0,277925888,1,77.23,0.00,935138304,1536,775755264
92.3905,888614912,1589.5500,2932.43,0,277925888,1,94.28,0.00,935138304,1536,775755264
92.4968,888614912,1592.3000,2587.89,0,277925888,1,77.64,0.00,934949888,1536,775755264
92.6022,889008128,1593.5700,1205.38,0,277995520,1,36.48,0.00,936256512,1536,775755264
92.7072,889401344,1596.2800,2579.31,0,278974464,1,82.98,0.00,935616512,1536,775755264
92.8134,889401344,1599.5200,3050.85,0,278974464,1,93.28,0.00,935137280,1536,775755264
92.9196,889401344,1602.2500,2570.79,0,278974464,1,80.63,0.00,935657472,1536,778466816
93.0281,889794560,1603.7000,1336.17,0,280023040,1,41.47,0.00,936980480,1536,778466816
93.1342,889794560,1606.8200,2943.21,0,280023040,1,91.68,0.00,936980480,1536,778466816
93.2401,889794560,1610.0600,3056.86,0,280023040,1,96.12,0.00,936628224,1536,778466816
93.3462,889794560,1612.3900,2197.68,0,280023040,1,68.09,0.00,936628224,1536,778466816
93.4516,889794560,1613.0700,644.85,0,280023040,1,19.56,0.00,936628224,1536,778466816
93.5601,889794560,1615.6800,2404.90,0,281071616,1,76.59,0.00,936016896,1536,778466816
93.6664,889794560,1618.8000,2936.54,0,281071616,1,95.30,0.00,936016896,1536,778466816
93.7724,889794560,1621.6300,2668.51,0,281071616,1,78.97,0.00,935513088,1536,778466816
93.8779,889794560,1622.9400,1242.68,0,281071616,1,38.54,0.00,935271424,1536,778466816
93.9841,890187776,1624.6100,1571.25,0,282120192,1,51.16,0.00,937716736,1536,778503680
94.0901,890187776,1627.7900,2999.95,0,282120192,1,95.22,0.00,937208832,1536,778503680
94.1992,890187776,1630.9900,2935.17,0,282120192,1,92.87,0.00,937208832,1536,778503680
94.3038,890187776,1632.9100,1835.55,0,282120192,1,53.48,0.00,936709120,1536,778503680
94.4093,890580992,1634.4100,1421.68,0,283168768,1,44.43,0.00,936736768,1536,778503680
94.5198,890580992,1637.8900,3149.96,0,283168768,1,98.72,0.00,935757824,1536,778655232
94.6259,890580992,1641.0100,2938.56,0,283168768,1,91.54,0.00,935258112,1536,778655232
94.7310,890580992,1642.9300,1827.38,0,283168768,1,55.02,0.00,934708224,1536,778679808
94.8356,890974208,1644.4900,1491.50,0,284217344,1,49.90,0.00,937612288,1536,778679808
94.9419,890974208,1647.7200,3039.68,0,284217344,1,94.70,0.00,936600576,1536,778679808
95.0513,890974208,1651.0600,3052.98,0,284217344,1,97.69,0.00,937124864,1536,778679808
95.1561,890974208,1652.8800,1736.07,0,284217344,1,49.78,0.00,937128960,1536,778679808
95.2641,890974208,1655.2600,2202.60,0,285265920,1,70.28,0.00,938677248,1536,778679808
95.3700,890974208,1658.3800,2946.09,0,285265920,1,92.36,0.00,938677248,1536,778716672
95.4760,890974208,1661.1400,2605.30,0,285265920,1,81.12,0.00,936760320,1536,778716672
95.5817,891760640,1662.6000,1381.24,0,285335552,1,41.09,0.00,937309184,1536,778716672
95.6881,892547072,1665.2500,2489.20,0,286314496,1,79.55,0.00,939189248,1536,778716672
95.7941,892547072,1668.4700,3040.21,0,286314496,1,95.01,0.00,938198016,1536,778716672
95.8999,892547072,1671.2700,2645.44,0,286314496,1,81.49,0.00,938193920,1536,778716672
96.0050,892940288,1672.5600,1226.90,0,286314496,1,37.75,0.00,939455488,1536,778716672
96.1121,892940288,1675.3000,2558.35,0,287363072,1,81.70,0.00,938423296,1536,778716672
96.2185,892940288,1678.5200,3026.27,0,287363072,1,97.80,0.00,937972736,1536,778716672
96.3244,892940288,1681.2800,2607.08,0,287363072,1,77.04,0.00,937718784,1536,778716672
96.4292,892940288,1682.5200,1182.80,0,287432704,1,35.77,0.00,939295744,1536,778716672
96.5341,892940288,1685.2400,2594.92,0,288411648,1,85.86,0.00,940094464,1536,778786304
96.6404,892940288,1688.4800,3047.55,0,288411648,1,92.88,0.00,939963392,1536,778786304
96.7465,892940288,1691.1200,2487.44,0,288411648,1,80.09,0.00,938503168,1536,778786304
96.8512,894119936,1692.2300,1060.45,0,288481280,1,28.96,0.00,939813888,1536,778786304
96.9601,894119936,1695.3300,2845.24,0,289460224,1,89.49,0.00,940616704,1536,778786304
97.0662,894119936,1698.4500,2941.23,0,289460224,1,96.63,0.00,940370944,1536,778786304
97.1723,894119936,1701.0500,2451.02,0,289460224,1,70.11,0.00,940633088,1536,778786304
97.2801,894119936,1702.2000,1066.34,0,290508800,1,37.09,0.00,939543552,1536,778786304
97.3863,894119936,1705.5300,3137.27,0,290508800,1,101.28,0.00,939359232,1536,778786304
97.4929,894119936,1708.9800,3235.30,0,290508800,1,98.17,0.00,939121664,1536,778786304
97.6042,894119936,1711.6300,2380.71,0,290508800,1,74.12,0.00,939121664,1536,778786304
97.7121,894119936,1713.6500,1871.93,0,291557376,1,57.92,0.00,941026304,1536,778786304
97.8182,894119936,1716.8800,3044.96,0,291557376,1,99.28,0.00,940604416,1536,778810880
97.9243,894119936,1720.1800,3109.85,0,291557376,1,92.77,0.00,940600320,1536,778810880
98.0289,894119936,1722.1100,1845.74,0,291557376,1,57.08,0.00,940600320,1536,780573696
98.1335,894513152,1723.9700,1778.40,0,292605952,1,56.47,0.00,940955648,1536,781756416
98.2433,894513152,1727.3100,3040.88,0,292605952,1,97.30,0.00,940034048,1536,781797376
98.3495,894513152,1730.4000,2910.91,0,292605952,1,88.32,0.00,941877248,1536,781821952
98.4551,894513152,1732.0300,1543.38,0,292605952,1,47.34,0.00,942796800,1536,781821952
98.5641,894513152,1734.7200,2466.73,0,293654528,1,80.81,0.00,943595520,1536,781821952
98.6700,894513152,1737.8400,2946.23,0,293654528,1,92.66,0.00,943595520,1536,781821952
98.7759,894513152,1740.5600,2569.81,0,293654528,1,78.83,0.00,943120384,1536,781821952
98.8810,894513152,1741.8600,1237.31,0,293654528,1,36.58,0.00,942870528,1536,781821952
98.9881,894513152,1743.4900,1520.65,0,294703104,1,49.85,0.00,944222208,1536,781821952
99.0946,894513152,1746.6100,2929.76,0,294703104,1,95.37,0.00,944222208,1536,781821952
99.2005,894513152,1749.7200,2939.17,0,294703104,1,88.60,0.00,942095360,1536,781821952
99.3056,894513152,1751.7300,1912.11,0,294703104,1,58.27,0.00,941843456,1536,781821952
99.4121,894513152,1752.7100,919.54,0,295751680,1,29.32,0.00,943940608,1536,781821952
99.5181,894513152,1755.9400,3048.67,0,295751680,1,94.09,0.00,943940608,1536,781821952
99.6272,894513152,1759.2900,3070.02,0,295751680,1,98.80,0.00,942760960,1536,781899776
99.7331,894513152,1761.4000,1991.99,0,295751680,1,59.30,0.00,942756864,1536,781940736
99.8377,894513152,1762.0100,583.39,0,296800256,1,18.23,0.00,945382400,1536,781989888
99.9439,894513152,1765.2500,3051.96,0,296800256,1,95.67,0.00,942731264,1536,781989888
100.0501,894513152,1768.3700,2936.62,0,296800256,1,91.48,0.00,942731264,1536,781989888
100.1562,894513152,1770.9200,2404.54,0,296800256,1,74.55,0.00,942477312,1536,781989888
100.2607,894513152,1771.8800,917.96,0,297848832,1,28.09,0.00,944316416,1536,781989888
100.3669,894513152,1775.0000,2939.63,0,297848832,1,95.10,0.00,944111616,1536,781989888
100.4759,894513152,1778.3600,3081.56,0,297848832,1,93.43,0.00,944107520,1536,781989888
100.5820,894513152,1780.7100,2214.31,0,297848832,1,69.20,0.00,944107520,1536,781989888
100.6867,894906368,1781.4400,697.74,0,297918464,1,20.01,0.00,944455680,1536,781989888
100.7915,895299584,1784.0100,2451.49,0,298897408,1,82.27,0.00,942528512,1536,781989888
100.8979,895299584,1787.3500,3138.06,0,298897408,1,95.42,0.00,942528512,1536,782166016
101.0042,895299584,1790.2400,2718.88,0,298897408,1,83.49,0.00,942524416,1536,782166016
101.1094,895299584,1791.4900,1188.38,0,299851776,1,38.03,0.00,944621568,1536,782166016
101.2148,895692800,1794.5900,2942.29,0,299945984,1,95.21,0.00,944171008,1536,782166016
101.3215,895692800,1797.9300,3129.17,0,299945984,1,94.86,0.00,944171008,1536,782166016
101.4276,895692800,1800.5200,2441.77,0,299945984,1,74.83,0.00,944171008,1536,782166016
101.5328,896479232,1801.4000,836.00,0,300974080,1,28.80,0.00,944211968,1536,782166016
101.6394,896479232,1804.5900,2994.30,0,300994560,1,100.32,0.00,944211968,1536,782166016
101.7492,896479232,1808.0500,3151.10,0,300994560,1,92.50,0.00,943704064,1536,782231552
101.8552,896479232,1810.6400,2442.06,0,300994560,1,77.49,0.00,943704064,1536,782231552
101.9641,896872448,1812.2300,1459.86,0,302043136,1,43.90,0.00,945031168,1536,782231552
102.0700,896872448,1815.4600,3051.28,0,302043136,1,95.06,0.00,944801792,1536,782231552
102.1758,896872448,1818.8000,3155.63,0,302043136,1,98.91,0.00,944801792,1536,782231552
102.2817,896872448,1821.1300,2201.63,0,302043136,1,66.73,0.00,944306176,1536,782231552
102.3881,896872448,1822.4600,1249.17,0,303091712,1,41.38,0.00,944176128,1536,782231552
102.4941,896872448,1825.6800,3038.03,0,303091712,1,94.64,0.00,944172032,1536,782231552
102.6000,896872448,1829.0300,3164.58,0,303091712,1,99.48,0.00,943918080,1536,782231552
102.7059,896872448,1831.3400,2181.83,0,303091712,1,67.00,0.00,943762432,1536,782231552
102.8121,897265664,1833.4600,1994.77,0,304140288,1,62.92,0.00,945552384,1536,782231552
102.9182,897265664,1836.6800,3035.04,0,304140288,1,98.38,0.00,945552384,1536,782231552
103.0246,897265664,1839.8100,2941.64,0,304140288,1,87.52,0.00,945306624,1536,782231552
103.1293,897265664,1841.7000,1806.61,0,304140288,1,54.96,0.00,944806912,1536,782231552
103.2361,897658880,1842.6800,916.84,0,305188864,1,30.41,0.00,944631808,1536,784437248
103.3429,897658880,1845.9100,3025.46,0,305188864,1,96.89,0.00,944377856,1536,784437248
103.4488,897658880,1849.2500,3154.49,0,305188864,1,95.33,0.00,943931392,1536,784736256
103.5547,897658880,1851.6300,2246.85,0,305188864,1,71.98,0.00,944193536,1536,784736256
103.6595,897658880,1853.5600,1841.71,0,306237440,1,65.31,0.00,945885184,1536,785076224
103.7692,897658880,1857.0300,3164.83,0,306237440,1,92.35,0.00,945373184,1536,785076224
103.8750,897658880,1860.1000,2899.67,0,306237440,1,91.80,0.00,945373184,1536,785076224
103.9804,897658880,1862.1300,1926.81,0,306237440,1,57.25,0.00,945369088,1536,785076224
104.0881,898052096,1864.5500,2245.67,0,307286016,1,72.50,0.00,945183744,1536,785076224
104.1961,898052096,1867.8900,3092.72,0,307286016,1,96.65,0.00,945183744,1536,785076224
104.3076,898052096,1870.9300,2728.03,0,307286016,1,85.25,0.00,944708608,1536,785076224
104.4130,898052096,1872.3600,1356.59,0,308314112,1,40.61,0.00,946805760,1536,785076224
104.5191,898052096,1875.4500,2911.99,0,308334592,1,95.42,0.00,944850944,1536,785223680
104.6253,898052096,1878.6900,3049.65,0,308334592,1,91.48,0.00,944596992,1536,785223680
104.7315,898052096,1881.2500,2412.36,0,308334592,1,77.45,0.00,944211968,1536,785223680
104.8371,898445312,1882.2700,965.69,0,308404224,1,26.92,0.00,946751488,1536,785289216
104.9441,898445312,1885.3700,2895.61,0,309383168,1,90.49,0.00,946550784,1536,785289216
105.0502,898445312,1888.5900,3035.66,0,309383168,1,97.81,0.00,946550784,1536,785289216
105.1592,898445312,1891.3700,2551.33,0,309383168,1,78.58,0.00,946817024,1536,785289216
105.2640,898838528,1893.1100,1660.15,0,310431744,1,55.16,0.00,946311168,1536,785289216
105.3734,898838528,1896.4500,3053.42,0,310431744,1,91.42,0.00,945557504,1536,785326080
105.4793,898838528,1899.6800,3048.66,0,310431744,1,99.10,0.00,945557504,1536,785326080
105.5852,898838528,1902.1900,2370.46,0,310431744,1,69.65,0.00,945557504,1536,785326080
105.6921,899231744,1903.8500,1552.34,0,311480320,1,47.93,0.00,948457472,1536,785326080
105.7981,899231744,1907.0700,3040.47,0,311480320,1,96.79,0.00,947007488,1536,785326080
105.9039,899231744,1910.3900,3135.49,0,311480320,1,97.39,0.00,945766400,1536,785326080
106.0097,899231744,1912.5900,2080.87,0,311480320,1,63.55,0.00,945766400,1536,785326080
106.1161,899624960,1914.9800,2244.49,0,312528896,1,72.19,0.00,948154368,1536,785326080
106.2220,899624960,1918.2000,3042.32,0,312528896,1,94.78,0.00,947433472,1536,785326080
106.3311,899624960,1921.2000,2748.32,0,312528896,1,87.89,0.00,947433472,1536,785326080
106.4359,899624960,1922.8200,1545.75,0,312528896,1,45.92,0.00,949002240,1536,785326080
106.5409,900411392,1925.3600,2420.44,0,313577472,1,74.45,0.00,948205568,1536,785326080
106.6470,900411392,1928.5000,2957.76,0,313577472,1,96.85,0.00,948205568,1536,785326080
106.7531,900411392,1931.4000,2733.32,0,313577472,1,80.11,0.00,947460096,1536,785326080
106.8589,900411392,1932.8400,1361.07,0,313647104,1,43.12,0.00,949028864,1536,785326080
106.9642,900411392,1935.6600,2678.21,0,314626048,1,86.37,0.00,949553152,1536,785326080
107.0704,900411392,1938.6600,2827.13,0,314626048,1,91.29,0.00,949553152,1536,785326080
107.1764,900411392,1941.2900,2479.95,0,314626048,1,73.96,0.00,949549056,1536,785326080
107.2819,900804608,1942.5400,1184.34,0,314695680,1,35.23,0.00,950355968,1536,785326080
107.3881,900804608,1945.3000,2598.91,0,315674624,1,83.57,0.00,949359616,1536,785326080
107.4943,900804608,1948.4200,2937.93,0,315674624,1,95.34,0.00,948855808,1536,785326080
107.6042,900804608,1951.2600,2584.37,0,315674624,1,76.50,0.00,948405248,1536,785326080
107.7095,900804608,1952.5600,1234.96,0,315744256,1,38.59,0.00,949605376,1536,785395712
107.8161,900804608,1955.5500,2803.64,0,316723200,1,90.25,0.00,949765120,1536,785395712
107.9224,900804608,1958.8800,3135.21,0,316723200,1,102.09,0.00,949765120,1536,785395712
108.0323,900804608,1961.7700,2629.12,0,316723200,1,76.76,0.00,949437440,1536,785395712
108.1401,901197824,1963.6100,1705.89,0,317771776,1,56.21,0.00,952316928,1536,785395712
108.2459,901197824,1966.8400,3054.54,0,317771776,1,94.27,0.00,949900288,1536,785395712
108.3518,901197824,1970.1800,3154.10,0,317771776,1,98.86,0.00,949900288,1536,788912640
108.4580,901197824,1972.5200,2202.94,0,317771776,1,67.96,0.00,950162432,1536,788912640
108.5626,901591040,1973.7200,1147.14,0,318820352,1,40.63,0.00,952259584,1536,788912640
108.6688,901591040,1976.9600,3052.17,0,318820352,1,91.26,0.00,951122944,1536,788912640
108.7751,901591040,1980.0800,2935.10,0,318820352,1,96.13,0.00,950402048,1536,788912640
108.8812,901591040,1982.4200,2204.06,0,318820352,1,63.87,0.00,949947392,1536,788941312
108.9858,901591040,1982.8300,392.00,0,318889984,1,11.35,0.00,951282688,1536,788965888
109.0907,901591040,1985.7600,2793.08,0,319868928,1,93.54,0.00,951811072,1536,788990464
109.1969,901591040,1989.0000,3052.10,0,319868928,1,91.85,0.00,951811072,1536,788990464
109.3030,901591040,1991.5200,2375.26,0,319868928,1,76.58,0.00,951335936,1536,788990464
109.4123,901591040,1992.6300,1015.69,0,319938560,1,27.45,0.00,952601600,1536,788990464
109.5182,901591040,1995.6300,2833.16,0,320917504,1,93.55,0.00,953125888,1536,788990464
109.6244,901591040,1998.9700,3143.50,0,320917504,1,95.59,0.00,950868992,1536,789006848
109.7307,901591040,2001.5200,2397.92,0,320917504,1,75.82,0.00,950279168,1536,789006848
109.8364,901984256,2002.5100,937.40,0,321630208,1,26.93,0.00,951868416,1536,789006848
109.9444,902770688,2005.7100,2960.50,0,321966080,1,95.41,0.00,952429568,1536,789006848
110.0509,902770688,2008.8900,2987.62,0,321966080,1,97.47,0.00,952429568,1536,789006848
110.1572,902770688,2011.4800,2437.03,0,321966080,1,71.16,0.00,952429568,1536,789006848
110.2618,903163904,2012.3300,812.41,0,322035712,1,24.49,0.00,951012352,1536,789006848
110.3671,903163904,2015.1800,2706.13,0,323014656,1,89.91,0.00,951208960,1536,789006848
110.4733,903163904,2018.3200,2955.62,0,323014656,1,89.42,0.00,951208960,1536,789006848
110.5794,903163904,2020.7700,2309.44,0,323014656,1,73.35,0.00,951213056,1536,789064192
110.6876,903557120,2021.8300,979.68,0,323084288,1,27.44,0.00,952241152,1536,789064192
110.7961,903557120,2024.9400,2865.94,0,324063232,1,90.14,0.00,950858752,1536,789064192
110.9022,903557120,2028.0600,2940.51,0,324063232,1,95.43,0.00,950469632,1536,789105152
111.0084,903557120,2030.6100,2401.25,0,324063232,1,71.21,0.00,950469632,1536,789105152
111.1161,903950336,2031.9900,1281.29,0,325111808,1,41.20,0.00,953353216,1536,789105152
111.2219,903950336,2035.0400,2882.86,0,325111808,1,90.38,0.00,952906752,1536,789105152
111.3280,903950336,2038.1700,2950.64,0,325111808,1,92.21,0.00,952906752,1536,789105152
111.4341,903950336,2040.2900,1998.78,0,325111808,1,62.17,0.00,952902656,1536,789105152
111.5398,903950336,2040.9000,577.08,0,325476352,1,17.15,0.00,953975808,1536,789105152
111.6481,903950336,2044.0800,2934.84,0,326160384,1,93.16,0.00,954745856,1536,789105152
111.7543,903950336,2047.4100,3135.75,0,326160384,1,101.82,0.00,954496000,1536,789105152
111.8604,903950336,2050.1800,2611.01,0,326160384,1,76.00,0.00,953558016,1536,789105152
111.9662,902324224,2051.5400,1286.36,0,327208960,1,43.75,0.00,950133760,1536,789330432
112.0792,902324224,2054.9000,2971.01,0,327208960,1,92.57,0.00,949732352,1536,789330432
112.1854,902324224,2058.2300,3136.70,0,327208960,1,94.20,0.00,949728256,1536,789395968
112.2916,902717440,2060.4600,2101.00,0,327208960,1,66.25,0.00,949486592,1536,789457408
112.4001,903110656,2062.2800,1675.91,0,328257536,1,53.24,0.00,950080512,1536,802372096
112.5071,903110656,2065.5100,3020.65,0,328257536,1,98.19,0.00,949593088,1536,802372096
112.6132,903110656,2068.7700,3071.15,0,328257536,1,92.15,0.00,949593088,1536,802372096
112.7183,903110656,2070.7500,1884.22,0,328257536,1,59.18,0.00,949707776,1536,802372096
112.8237,903110656,2072.8800,2021.10,0,329310208,1,68.50,0.00,949705728,1536,802372096
112.9333,903110656,2076.2200,3048.81,0,329310208,1,92.99,0.00,949210112,1536,802687488
113.0393,903110656,2079.2400,2847.83,0,329310208,1,90.76,0.00,949206016,1536,802687488
113.1439,903110656,2080.9700,1653.34,0,329310208,1,47.78,0.00,948980736,1536,802687488
113.2521,903110656,2083.5700,2402.68,0,330358784,1,77.11,0.00,951118848,1536,802687488
113.3580,903110656,2086.8000,3051.20,0,330358784,1,94.46,0.00,950864896,1536,802687488
113.4639,903110656,2089.7600,2795.92,0,330358784,1,86.49,0.00,950864896,1536,827664896
113.5721,903110656,2091.4800,1588.63,0,331411456,1,49.64,0.00,953232384,1536,827664896
113.6782,903110656,2094.7100,3045.10,0,331411456,1,95.45,0.00,952982528,1536,827664896
113.7841,903110656,2098.1400,3239.93,0,331411456,1,100.36,0.00,952478720,1536,827664896
113.8900,903110656,2100.6400,2359.46,0,331411456,1,73.44,0.00,949336064,1536,827664896
113.9954,903503872,2102.0800,1366.88,0,332460032,1,49.24,0.00,952330240,1536,827664896
114.1052,903503872,2105.6600,3260.08,0,332460032,1,96.19,0.00,952330240,1536,827664896
114.2111,903503872,2108.9900,3143.31,0,332460032,1,100.88,0.00,952330240,1536,827664896
114.3171,903503872,2111.2900,2169.85,0,332460032,1,62.50,0.00,952338432,1536,827664896
114.4220,903503872,2113.3600,1974.49,0,333508608,1,62.90,0.00,953399296,1536,827709952
114.5282,903503872,2116.7100,3153.54,0,333508608,1,100.02,0.00,953399296,1536,827935232
114.6344,903503872,2119.7400,2852.67,0,333508608,1,91.79,0.00,953399296,1536,827935232
114.7390,903503872,2121.4200,1605.71,0,333578240,1,46.00,0.00,953440256,1536,827935232
114.8444,903503872,2124.1100,2553.07,0,334557184,1,81.56,0.00,951677952,1536,827935232
114.9506,903503872,2127.3300,3031.98,0,334557184,1,97.40,0.00,950240256,1536,827935232
115.0568,903503872,2130.1800,2683.54,0,334557184,1,81.80,0.00,950240256,1536,827935232
115.1619,903503872,2131.4600,1218.15,0,334626816,1,36.58,0.00,951813120,1536,827935232
115.2669,903503872,2134.2700,2676.33,0,335605760,1,89.29,0.00,952624128,1536,827935232
115.3732,903503872,2137.5100,3048.73,0,335605760,1,92.33,0.00,952386560,1536,827972096
115.4793,903503872,2140.0900,2430.72,0,335605760,1,77.14,0.00,952222720,1536,827972096
115.5845,903503872,2141.3000,1150.60,0,336654336,1,33.58,0.00,954053632,1536,827972096
115.6905,903503872,2144.5000,3017.00,0,336654336,1,97.23,0.00,951839744,1536,827972096
115.7968,903503872,2147.8500,3152.66,0,336654336,1,94.99,0.00,951405568,1536,827972096
115.9030,903503872,2150.3300,2335.12,0,336654336,1,74.74,0.00,950590464,1536,827972096
116.0081,904290304,2152.2200,1799.03,0,337702912,1,58.30,0.00,953965568,1536,827972096
116.1172,904290304,2155.6800,3171.19,0,337702912,1,93.94,0.00,953715712,1536,827972096
116.2230,904290304,2159.0100,3145.10,0,337702912,1,102.71,0.00,953592832,1536,827972096
116.3285,904290304,2161.1600,2037.73,0,337702912,1,59.53,0.00,954379264,1536,827972096
116.4336,905863168,2163.3400,2075.32,0,338751488,1,65.15,0.00,953363456,1536,827972096
116.5399,905863168,2166.6800,3141.77,0,338751488,1,97.89,0.00,953117696,1536,827972096
116.6462,905863168,2169.6500,2794.92,0,338751488,1,87.64,0.00,953117696,1536,827972096
116.7512,905863168,2171.2300,1504.36,0,338751488,1,44.93,0.00,953142272,1536,827972096
116.8601,905863168,2173.9100,2459.79,0,339800064,1,80.02,0.00,953620480,1536,827972096
116.9663,905863168,2177.1300,3033.93,0,339800064,1,98.64,0.00,952272896,1536,827972096
117.0723,905863168,2180.0600,2764.70,0,339800064,1,82.27,0.00,952948736,1536,827972096
117.1775,906256384,2181.4800,1349.14,0,339869696,1,40.97,0.00,954148864,1536,828090880
117.2841,906256384,2184.4600,2794.60,0,340848640,1,88.80,0.00,954746880,1536,828090880
117.3904,906256384,2187.6900,3039.97,0,340848640,1,99.12,0.00,954746880,1536,828090880
117.4965,906256384,2190.4100,2562.58,0,340848640,1,75.08,0.00,954004480,1536,882739712
117.6021,907436032,2192.0400,1544.48,0,341901312,1,50.34,0.00,954953728,1536,882973184
117.7085,907436032,2195.3300,3092.24,0,341901312,1,94.87,0.00,954953728,1536,882973184
117.8147,907436032,2198.5500,3030.51,0,341901312,1,97.06,0.00,954548224,1536,882973184
117.9210,907436032,2200.9500,2259.20,0,341901312,1,67.07,0.00,953405440,1536,882973184
118.0281,907436032,2201.7800,774.32,0,342949888,1,24.20,0.00,955789312,1536,882973184
118.1343,907436032,2205.0000,3031.96,0,342949888,1,98.28,0.00,955785216,1536,882973184
118.2443,907436032,2208.4700,3156.76,0,342949888,1,95.52,0.00,955281408,1536,882973184
118.3504,907829248,2210.7000,2101.94,0,342949888,1,67.45,0.00,956067840,1536,882973184
118.4601,907829248,2211.5300,756.02,0,343998464,1,20.49,0.00,957636608,1536,882973184
118.5723,907829248,2215.0200,3110.66,0,343998464,1,98.04,0.00,957636608,1536,942246912
118.6784,907829248,2218.3500,3140.50,0,343998464,1,101.38,0.00,955512832,1536,942246912
118.7844,907829248,2220.9400,2442.71,0,343998464,1,72.21,0.00,955013120,1536,942246912
118.8894,907264000,2222.8500,1819.04,0,345047040,1,57.14,0.00,954071040,1536,942246912
118.9955,907264000,2225.9700,2940.67,0,345047040,1,96.02,0.00,954071040,1536,942246912
119.1016,907264000,2229.1300,2978.35,0,345047040,1,88.66,0.00,954329088,1536,942246912
119.2072,907264000,2231.2000,1959.72,0,345047040,1,62.72,0.00,955111424,1536,942246912
119.3161,907264000,2232.7600,1432.35,0,346095616,1,47.06,0.00,956164096,1536,942246912
119.4221,907264000,2235.9800,3038.82,0,346095616,1,95.26,0.00,956160000,1536,942246912
119.5280,907264000,2239.2600,3098.38,0,346095616,1,96.23,0.00,955906048,1536,942246912
119.6335,907100160,2241.2800,1914.99,0,346095616,1,59.25,0.00,955090944,1536,942246912
119.7401,907493376,2243.2100,1808.92,0,347144192,1,55.65,0.00,954399744,1536,942296064
119.8462,907493376,2246.5400,3138.64,0,347144192,1,98.08,0.00,954399744,1536,942296064
119.9521,900460544,2249.8100,3087.66,0,347144192,1,96.49,0.00,946176000,1536,942296064
120.0570,887836672,2251.5800,1688.39,0,347213824,1,51.57,0.00,933358592,1536,942296064
120.1616,888229888,2254.2300,2531.95,0,348192768,1,79.42,0.00,934403072,1536,942296064
120.2720,888229888,2257.7000,3145.01,0,348192768,1,98.28,0.00,933972992,1536,942296064
120.3782,888229888,2260.4800,2618.23,0,348192768,1,81.23,0.00,933403648,1536,942296064
120.4831,888623104,2261.6900,1152.84,0,349241344,1,42.28,0.00,934048768,1536,942369792
120.5893,888623104,2265.0300,3144.92,0,349241344,1,95.34,0.00,933839872,1536,942369792
120.6956,888623104,2268.4500,3218.25,0,349241344,1,100.86,0.00,933839872,1536,942369792
120.8017,888623104,2270.9000,2308.62,0,349241344,1,71.26,0.00,933590016,1536,942427136
120.9070,888623104,2272.4900,1510.02,0,350289920,1,48.67,0.00,933405696,1536,942427136
121.0135,888623104,2275.8400,3145.52,0,350289920,1,95.36,0.00,933405696,1536,942427136
121.1197,888623104,2279.1900,3155.16,0,350289920,1,98.60,0.00,933405696,1536,942427136
121.2258,888623104,2281.3200,2006.81,0,350289920,1,60.95,0.00,933151744,1536,942427136
121.3302,889016320,2283.1500,1752.73,0,351338496,1,61.06,0.00,935875584,1536,942484480
121.4380,889016320,2286.4900,3099.46,0,351338496,1,94.54,0.00,935617536,1536,942484480
121.5439,889016320,2289.6300,2963.73,0,351338496,1,92.03,0.00,935617536,1536,942484480
121.6486,889016320,2291.3800,1672.66,0,351338496,1,50.78,0.00,935617536,1536,942492672
121.7531,889016320,2293.2300,1770.39,0,352387072,1,55.92,0.00,936338432,1536,942492672
121.8593,889016320,2296.3500,2937.82,0,352387072,1,95.93,0.00,936338432,1536,942492672
121.9659,889016320,2299.3600,2823.89,0,352387072,1,83.85,0.00,935502848,1536,942492672
122.0706,889016320,2301.0200,1585.10,0,352387072,1,47.74,0.00,936293376,1536,942492672
122.1751,889016320,2302.2100,1138.01,0,353435648,1,46.62,0.00,934912000,1536,942492672
122.2852,889016320,2305.6800,3153.07,0,353435648,1,89.73,0.00,934408192,1536,942492672
122.3913,889016320,2308.8800,3015.42,0,353435648,1,96.88,0.00,934158336,1536,942492672
122.4962,889016320,2311.0400,2060.41,0,353435648,1,60.81,0.00,934158336,1536,942492672
122.6041,889016320,2312.0900,972.25,0,354484224,1,35.59,0.00,935763968,1536,942492672
122.7100,889016320,2315.3200,3051.21,0,354484224,1,94.76,0.00,935264256,1536,942492672
122.8158,889016320,2318.6600,3157.02,0,354484224,1,98.66,0.00,934813696,1536,942492672
122.9217,889016320,2321.0400,2248.15,0,354484224,1,70.25,0.00,934354944,1536,942492672
123.0261,889016320,2322.2500,1158.24,0,355532800,1,38.89,0.00,936612864,1536,942492672
123.1323,889016320,2325.4900,3052.79,0,355532800,1,90.39,0.00,936104960,1536,942492672
123.2384,889016320,2328.5200,2853.81,0,355532800,1,93.60,0.00,935785472,1536,942492672
123.3446,889016320,2330.7700,2119.75,0,355532800,1,62.12,0.00,935785472,1536,942492672
123.4522,889016320,2331.3600,548.44,0,356581376,1,18.30,0.00,937538560,1536,942492672
123.5586,889016320,2334.4800,2930.35,0,356581376,1,95.39,0.00,936363008,1536,942492672
123.6681,889016320,2337.8800,3104.79,0,356581376,1,93.03,0.00,935871488,1536,944254464
123.7744,889016320,2340.5800,2540.52,0,356581376,1,81.45,0.00,935867392,1536,944254464
123.8793,889802752,2342.3600,1697.68,0,357629952,1,58.42,0.00,934737920,1536,944254464
123.9893,889802752,2345.7200,3053.70,0,357629952,1,88.33,0.00,934483968,1536,944254464
124.0953,889802752,2348.7600,2867.45,0,357629952,1,91.67,0.00,934242304,1536,944254464
124.2001,889802752,2350.9100,2051.05,0,357629952,1,60.82,0.00,934242304,1536,944254464
124.3048,889802752,2351.6800,736.04,0,358678528,1,24.20,0.00,936871936,1536,944254464
124.4109,889802752,2354.8000,2939.84,0,358678528,1,95.70,0.00,936359936,1536,944254464
124.5173,889802752,2358.0400,3043.60,0,358678528,1,91.59,0.00,936359936,1536,944401920
124.6235,889802752,2360.3700,2195.49,0,358678528,1,70.38,0.00,936622080,1536,944401920
124.7321,890195968,2361.4800,1021.33,0,359727104,1,29.62,0.00,938436608,1536,944426496
124.8381,890195968,2364.7000,3037.83,0,359727104,1,94.93,0.00,938436608,1536,944426496
124.9440,890195968,2368.0500,3163.58,0,359727104,1,98.86,0.00,935041024,1536,944426496
125.0500,890195968,2370.3900,2209.29,0,359727104,1,68.75,0.00,935299072,1536,944426496
125.1553,890195968,2371.3400,901.92,0,360775680,1,34.42,0.00,937920512,1536,944426496
125.2650,890195968,2374.8100,3161.55,0,360775680,1,91.40,0.00,937437184,1536,944426496
125.3709,890195968,2378.0300,3042.40,0,360775680,1,99.21,0.00,937433088,1536,944463360
125.4768,890195968,2380.5400,2369.41,0,360775680,1,69.91,0.00,937433088,1536,944463360
125.5827,890982400,2382.3500,1709.70,0,361824256,1,59.33,0.00,939304960,1536,944463360
125.6886,890982400,2385.5900,3058.64,0,361824256,1,91.16,0.00,939124736,1536,944463360
125.7946,890982400,2388.5600,2801.79,0,361824256,1,89.91,0.00,938928128,1536,944463360
125.8995,890982400,2390.5500,1897.23,0,361824256,1,55.12,0.00,938928128,1536,944463360
126.0050,890982400,2392.4700,1820.63,0,362872832,1,57.19,0.00,936550400,1536,944463360
126.1113,890982400,2395.5900,2934.29,0,362872832,1,96.11,0.00,936550400,1536,944463360
126.2174,890982400,2398.6200,2855.58,0,362872832,1,85.11,0.00,936550400,1536,944463360
126.3230,890982400,2400.4800,1760.65,0,362872832,1,53.84,0.00,936091648,1536,944463360
126.4321,891768832,2402.9200,2236.33,0,363921408,1,71.60,0.00,938979328,1536,944463360
126.5381,891768832,2406.2500,3142.04,0,363921408,1,97.30,0.00,938979328,1536,944463360
126.6440,891768832,2409.3000,2882.06,0,363921408,1,89.18,0.00,938741760,1536,944463360
126.7488,891768832,2410.7200,1354.07,0,364949504,1,41.12,0.00,940638208,1536,944463360
126.8550,891768832,2413.8700,2967.33,0,364969984,1,99.50,0.00,940380160,1536,944463360
126.9606,891768832,2417.2100,3161.58,0,364969984,1,95.55,0.00,937533440,1536,944463360
127.0665,891768832,2419.7900,2437.34,0,364969984,1,76.76,0.00,938061824,1536,944463360
127.1718,891768832,2420.8200,977.93,0,364969984,1,27.30,0.00,938328064,1536,944463360
127.2768,892162048,2422.9600,2039.04,0,366018560,1,65.80,0.00,939696128,1536,944463360
127.3825,892162048,2426.1200,2988.90,0,366018560,1,96.95,0.00,939630592,1536,944463360
127.4880,892162048,2429.1100,2832.84,0,366018560,1,84.09,0.00,939610112,1536,944463360
127.5930,892162048,2430.7500,1562.25,0,366018560,1,47.33,0.00,939356160,1536,944463360
127.6981,892162048,2432.4900,1656.28,0,367067136,1,62.17,0.00,941457408,1536,944463360
127.8091,892162048,2436.0800,3232.66,0,367067136,1,93.14,0.00,938795008,1536,944463360
127.9154,892162048,2439.2400,2973.03,0,367067136,1,96.14,0.00,939057152,1536,944463360
128.0204,892162048,2441.1100,1780.59,0,367136768,1,50.88,0.00,939913216,1536,944463360
128.1281,892162048,2444.0300,2710.61,0,368115712,1,86.16,0.00,940187648,1536,944463360
128.2342,892162048,2447.3600,3138.95,0,368115712,1,98.09,0.00,939933696,1536,944463360
128.3400,892162048,2450.2000,2684.22,0,368115712,1,83.88,0.00,939933696,1536,944479744
128.4481,892162048,2451.8500,1526.20,0,369164288,1,48.56,0.00,937586688,1536,944479744
128.5547,892162048,2455.0100,2965.53,0,369164288,1,96.19,0.00,937275392,1536,944479744
128.6607,892162048,2458.2500,3057.69,0,369164288,1,91.72,0.00,937406464,1536,944479744
128.7669,892162048,2460.5400,2154.77,0,369164288,1,68.51,0.00,937152512,1536,946872832
128.8729,892162048,2461.7200,1114.02,0,370212864,1,33.63,0.00,939671552,1536,946872832
128.9792,892162048,2464.9000,2990.71,0,370212864,1,100.22,0.00,937568256,1536,946872832
129.0894,892162048,2468.3700,3149.67,0,370212864,1,91.05,0.00,937568256,1536,946872832
129.1956,892162048,2470.6000,2098.97,0,370212864,1,64.42,0.00,937568256,1536,946872832
129.3003,893341696,2472.6400,1948.67,0,371261440,1,62.09,0.00,940013568,1536,946872832
129.4060,893341696,2475.8600,3045.10,0,371261440,1,97.23,0.00,939505664,1536,946872832
129.5118,893341696,2479.0700,3034.02,0,371261440,1,93.34,0.00,939247616,1536,946872832
129.6170,893341696,2481.0300,1864.46,0,371331072,1,56.18,0.00,940296192,1536,946872832
129.7217,893341696,2483.6100,2462.73,0,372310016,1,79.65,0.00,941369344,1536,946913792
129.8322,893341696,2487.1900,3240.14,0,372310016,1,101.54,0.00,940873728,1536,946913792
129.9381,893341696,2490.0300,2681.18,0,372310016,1,83.20,0.00,939066368,1536,946954752
130.0434,893341696,2491.4500,1349.38,0,373358592,1,50.19,0.00,940934144,1536,947020288
130.1532,893341696,2495.0300,3260.95,0,373358592,1,93.65,0.00,940426240,1536,947020288
130.2590,893341696,2498.3600,3144.65,0,373358592,1,102.11,0.00,939693056,1536,947020288
130.3650,893341696,2500.8900,2388.35,0,373358592,1,70.80,0.00,939693056,1536,947020288
130.4700,893341696,2502.7900,1809.57,0,374407168,1,56.25,0.00,942588928,1536,947020288
130.5762,893341696,2506.1400,3154.31,0,374407168,1,98.57,0.00,942588928,1536,947020288
130.6823,893734912,2509.3100,2986.38,0,374407168,1,91.56,0.00,942584832,1536,947020288
130.7876,893734912,2511.1500,1747.04,0,374407168,1,54.60,0.00,941888512,1536,947020288
130.8929,894128128,2511.7400,560.65,0,375455744,1,20.79,0.00,940891136,1536,947020288
131.0032,894128128,2515.2000,3135.12,0,375455744,1,101.09,0.00,939703296,1536,947020288
131.1094,894128128,2518.5900,3192.28,0,375455744,1,97.40,0.00,939215872,1536,947098112
131.2150,894128128,2520.9900,2274.27,0,375455744,1,73.14,0.00,939215872,1536,947098112
131.3209,894521344,2522.9300,1831.04,0,376504320,1,56.63,0.00,941353984,1536,947212800
131.4273,894521344,2526.0500,2932.18,0,376504320,1,95.45,0.00,941349888,1536,947212800
131.5335,894521344,2529.1700,2939.91,0,376504320,1,86.87,0.00,941349888,1536,947212800
131.6380,894521344,2530.9900,1741.12,0,376504320,1,53.21,0.00,941349888,1536,947212800
131.7437,894914560,2531.6500,624.13,0,377552896,1,20.98,0.00,943471616,1536,947212800
131.8499,894914560,2534.8700,3033.38,0,377552896,1,95.09,0.00,942709760,1536,947212800
131.9560,894914560,2538.2200,3155.45,0,377552896,1,97.72,0.00,942451712,1536,947212800
132.0622,894914560,2540.5700,2214.13,0,377552896,1,69.19,0.00,939813888,1536,947212800
132.1672,894914560,2542.4200,1760.76,0,378601472,1,60.38,0.00,942201856,1536,947212800
132.2735,894914560,2545.7700,3151.97,0,378601472,1,94.68,0.00,941698048,1536,947212800
132.3798,894914560,2549.0400,3077.72,0,378601472,1,96.18,0.00,941698048,1536,947212800
132.4846,894914560,2550.9500,1822.72,0,378601472,1,56.96,0.00,941698048,1536,947212800
132.5921,896094208,2553.2400,2128.71,0,379650048,1,66.81,0.00,943295488,1536,947212800
132.6983,896094208,2556.5700,3138.30,0,379650048,1,99.25,0.00,943295488,1536,947212800
132.8042,896094208,2559.7000,2953.77,0,379650048,1,89.95,0.00,943299584,1536,947212800
132.9089,896094208,2561.2100,1441.84,0,379719680,1,44.16,0.00,940893184,1536,947212800
133.0161,896094208,2564.4800,3050.44,0,380698624,1,97.95,0.00,940446720,1536,947212800
133.1221,896094208,2567.8000,3132.22,0,380698624,1,98.47,0.00,940446720,1536,947212800
133.2281,896094208,2570.5200,2566.48,0,380698624,1,79.02,0.00,940708864,1536,947212800
133.3336,896094208,2572.2700,1659.86,0,381747200,1,49.50,0.00,942613504,1536,947212800
133.4398,896094208,2575.5400,3078.98,0,381747200,1,101.22,0.00,942613504,1536,947212800
133.5491,896094208,2578.8800,3053.85,0,381747200,1,92.29,0.00,942613504,1536,947212800
133.6554,896094208,2580.9800,1976.31,0,381747200,1,62.64,0.00,942355456,1536,947212800
133.7641,896094208,2582.6100,1498.67,0,382795776,1,45.97,0.00,944231424,1536,947212800
133.8703,896094208,2585.8400,3042.31,0,382795776,1,97.72,0.00,944190464,1536,950224384
133.9761,896094208,2589.1500,3129.48,0,382795776,1,95.43,0.00,941819904,1536,950224384
134.0808,896094208,2590.9900,1756.86,0,382795776,1,53.11,0.00,942098432,1536,950224384
134.1881,896094208,2591.5000,475.19,0,383844352,1,18.05,0.00,944191488,1536,950224384
134.2941,896094208,2594.6900,3011.95,0,383844352,1,93.53,0.00,943720448,1536,950224384
134.4041,896094208,2598.0500,3052.14,0,383844352,1,96.23,0.00,943568896,1536,950224384
134.5105,896094208,2600.4600,2266.18,0,383844352,1,71.99,0.00,942245888,1536,950384128
134.6157,896094208,2601.7800,1254.43,0,384892928,1,40.98,0.00,944797696,1536,950384128
134.7255,896094208,2605.1200,3042.25,0,384892928,1,92.22,0.00,944797696,1536,950384128
134.8316,896094208,2608.3200,3015.30,0,384892928,1,97.47,0.00,944039936,1536,950384128
134.9375,896094208,2610.5200,2077.58,0,384892928,1,59.91,0.00,944039936,1536,950384128
135.0441,896487424,2611.3900,815.94,0,385941504,1,26.08,0.00,944782336,1536,950470144
135.1498,896487424,2614.5100,2952.39,0,385941504,1,91.67,0.00,944520192,1536,950470144
135.2557,896487424,2617.7500,3059.29,0,385941504,1,100.91,0.00,944262144,1536,950470144
135.3651,896487424,2620.0000,2056.54,0,385941504,1,59.41,0.00,944258048,1536,950507008
135.4699,896487424,2620.4200,400.81,0,386011136,1,11.93,0.00,945044480,1536,950507008
135.5754,896487424,2623.2300,2663.90,0,386990080,1,88.88,0.00,946355200,1536,950646272
135.6817,896487424,2626.4700,3048.29,0,386990080,1,90.26,0.00,946355200,1536,950646272
135.7879,896487424,2629.0800,2457.64,0,386990080,1,77.68,0.00,945904640,1536,950646272
135.8962,897667072,2630.2000,1034.60,0,388038656,1,30.60,0.00,944028672,1536,950646272
136.0023,897667072,2633.4200,3032.17,0,388038656,1,98.58,0.00,943541248,1536,950646272
136.1083,897667072,2636.7700,3160.56,0,388038656,1,95.82,0.00,943238144,1536,950646272
136.2143,897667072,2639.2300,2322.50,0,388038656,1,71.40,0.00,943500288,1536,950646272
136.3197,898060288,2640.3900,1100.39,0,389087232,1,41.21,0.00,945871872,1536,950646272
136.4293,898060288,2643.8600,3166.02,0,389087232,1,93.24,0.00,945384448,1536,950646272
136.5352,898060288,2647.0900,3049.96,0,389087232,1,97.97,0.00,945384448,1536,950646272
136.6411,898060288,2649.4300,2209.49,0,389087232,1,65.80,0.00,945540096,1536,950646272
136.7461,898453504,2650.5500,1066.43,0,390135808,1,40.47,0.00,946883584,1536,950646272
136.8568,898453504,2654.1300,3235.71,0,390135808,1,94.34,0.00,946879488,1536,950646272
136.9628,898453504,2657.4600,3141.45,0,390135808,1,101.71,0.00,944607232,1536,950646272
137.0691,898453504,2659.7600,2163.31,0,390135808,1,62.61,0.00,944431104,1536,950646272
137.1761,898846720,2661.9600,2054.70,0,391184384,1,63.63,0.00,947052544,1536,950646272
137.2820,898846720,2665.0700,2938.22,0,391184384,1,90.93,0.00,946327552,1536,950646272
137.3879,898846720,2668.0500,2814.96,0,391184384,1,88.26,0.00,946327552,1536,950646272
137.4933,898846720,2669.7800,1640.47,0,391184384,1,50.38,0.00,946065408,1536,950646272
137.6001,898846720,2671.3900,1507.00,0,392232960,1,46.51,0.00,947662848,1536,950646272
137.7061,898846720,2674.6200,3047.84,0,392232960,1,96.13,0.00,947662848,1536,950646272
137.8120,898846720,2677.8700,3068.39,0,392232960,1,95.59,0.00,947470336,1536,950646272
137.9168,898846720,2679.9800,2013.35,0,392232960,1,63.22,0.00,947470336,1536,950646272
138.0241,898846720,2682.3500,2208.70,0,393285632,1,70.48,0.00,945766400,1536,950646272
138.1303,898846720,2685.5800,3041.96,0,393285632,1,96.83,0.00,945029120,1536,950646272
138.2363,898846720,2688.6200,2869.24,0,393285632,1,87.89,0.00,944443392,1536,950646272
138.3410,898846720,2690.2300,1537.73,0,393285632,1,46.26,0.00,944439296,1536,950646272
138.4456,899633152,2691.1500,879.02,0,394334208,1,27.17,0.00,947097600,1536,950646272
138.5562,899633152,2694.5400,3064.89,0,394334208,1,96.34,0.00,945852416,1536,950646272
138.6624,899633152,2697.7700,3044.12,0,394334208,1,97.78,0.00,945852416,1536,950646272
138.7685,899633152,2700.0900,2184.78,0,394334208,1,63.86,0.00,945434624,1536,950785536
138.8762,899633152,2702.1100,1877.21,0,395382784,1,58.95,0.00,949379072,1536,950785536
138.9829,899633152,2705.4400,3120.71,0,395382784,1,101.91,0.00,949379072,1536,950824960
139.0923,899633152,2708.8000,3070.35,0,395382784,1,91.09,0.00,946968576,1536,954662400
139.1970,899633152,2710.5300,1651.67,0,395452416,1,51.61,0.00,947755008,1536,954662400
139.3015,900419584,2713.2900,2641.57,0,396431360,1,85.24,0.00,948602880,1536,954662400
139.4078,900419584,2716.6400,3153.35,0,396431360,1,99.42,0.00,948602880,1536,954662400
139.5140,900419584,2719.2800,2485.25,0,396431360,1,75.90,0.00,948340736,1536,954662400
139.6193,900419584,2720.4100,1072.43,0,396500992,1,32.33,0.00,949127168,1536,954662400
139.7246,900419584,2723.3100,2754.60,0,397479936,1,89.05,0.00,949659648,1536,954662400
139.8308,900419584,2726.5300,3032.30,0,397479936,1,97.70,0.00,949254144,1536,954662400
139.9372,900419584,2729.2400,2547.57,0,397479936,1,75.50,0.00,949250048,1536,954662400
140.0425,900812800,2730.3000,1006.59,0,397549568,1,29.08,0.00,949835776,1536,954686976
140.1471,900812800,2732.9300,2514.05,0,398528512,1,89.62,0.00,947747840,1536,954686976
140.2573,900812800,2736.4000,3148.08,0,398528512,1,89.59,0.00,947526656,1536,954686976
140.3633,900812800,2739.0800,2529.39,0,398528512,1,81.99,0.00,947391488,1536,954686976
140.4686,901599232,2740.3100,1167.87,0,399556608,1,33.53,0.00,949488640,1536,954686976
140.5786,901599232,2743.5700,2965.23,0,399577088,1,99.20,0.00,949750784,1536,954703360
140.6845,901599232,2746.8800,3123.48,0,399577088,1,94.66,0.00,949341184,1536,954703360
140.7905,901599232,2749.3000,2284.28,0,399577088,1,73.15,0.00,948849664,1536,954703360
140.8956,901599232,2750.6600,1293.22,0,400625664,1,39.82,0.00,950959104,1536,954703360
141.0017,901599232,2753.7800,2942.65,0,400625664,1,91.96,0.00,949722112,1536,954703360
141.1078,901599232,2757.0200,3053.05,0,400625664,1,95.11,0.00,949718016,1536,954703360
141.2139,901599232,2759.2900,2138.26,0,400625664,1,67.12,0.00,949980160,1536,954703360
141.3197,901992448,2760.7900,1418.40,0,401674240,1,46.10,0.00,949135360,1536,954760704
141.4259,901992448,2763.9100,2936.73,0,401674240,1,91.18,0.00,949135360,1536,954760704
141.5322,901992448,2767.1500,3049.73,0,401674240,1,95.30,0.00,949135360,1536,954760704
141.6380,901992448,2769.2000,1937.68,0,401674240,1,58.48,0.00,949135360,1536,954760704
141.7428,903172096,2769.6000,381.42,0,402722816,1,19.37,0.00,950282240,1536,954760704
141.8527,903172096,2772.9900,3085.04,0,402722816,1,91.57,0.00,949581824,1536,954760704
141.9589,903172096,2776.2100,3034.12,0,402722816,1,97.76,0.00,949340160,1536,954760704
142.0649,903172096,2778.7400,2385.66,0,402722816,1,70.43,0.00,948881408,1536,954760704
142.1697,903565312,2780.1300,1325.88,0,403771392,1,42.03,0.00,948908032,1536,954760704
142.2760,903565312,2783.3700,3049.35,0,403771392,1,95.29,0.00,947490816,1536,954830336
142.3822,903565312,2786.4800,2928.56,0,403771392,1,95.64,0.00,947490816,1536,954830336
142.4884,903565312,2788.7400,2128.01,0,403771392,1,62.09,0.00,947490816,1536,954830336
142.5961,903565312,2789.4100,621.76,0,404819968,1,20.88,0.00,950374400,1536,954830336
142.7022,903565312,2792.6300,3035.91,0,404819968,1,98.11,0.00,950124544,1536,954830336
142.8082,903565312,2795.9800,3159.49,0,404819968,1,95.79,0.00,949628928,1536,954887680
142.9151,903565312,2798.4000,2263.61,0,404819968,1,72.49,0.00,949391360,1536,954887680
143.0200,903565312,2800.0200,1545.04,0,405868544,1,52.16,0.00,951234560,1536,954887680
143.1292,903565312,2803.3700,3066.58,0,405868544,1,92.40,0.00,948194304,1536,969874944
143.2354,903565312,2806.5900,3032.65,0,405868544,1,99.19,0.00,948202496,1536,969874944
143.3413,903565312,2808.9300,2209.67,0,405868544,1,63.74,0.00,947883008,1536,969874944
143.4481,903958528,2810.6900,1647.45,0,406921216,1,54.12,0.00,950820864,1536,969874944
143.5542,903958528,2814.0000,3121.61,0,406921216,1,97.26,0.00,950251520,1536,969874944
143.6601,903958528,2817.4000,3209.48,0,406921216,1,100.00,0.00,949710848,1536,969874944
143.7647,903958528,2819.3800,1893.12,0,406921216,1,58.26,0.00,949719040,1536,969874944
143.8691,904351744,2821.6200,2146.07,0,407969792,1,66.17,0.00,952348672,1536,969874944
143.9748,904351744,2824.8500,3056.71,0,407969792,1,99.66,0.00,952094720,1536,969874944
144.0798,904351744,2827.9500,2952.54,0,407969792,1,88.99,0.00,951369728,1536,969874944
144.1852,904351744,2829.7600,1717.17,0,408039424,1,51.88,0.00,952684544,1536,988919808
144.2921,904744960,2832.8300,2869.39,0,409018368,1,91.13,0.00,949708800,1536,988919808
144.3982,904744960,2836.1600,3139.04,0,409018368,1,97.51,0.00,949508096,1536,988919808
144.5041,904744960,2838.9500,2635.12,0,409018368,1,82.05,0.00,949274624,1536,988919808
144.6121,905138176,2840.5800,1508.73,0,410066944,1,46.86,0.00,952162304,1536,989067264
144.7180,905138176,2843.8000,3042.98,0,410066944,1,94.80,0.00,951154688,1536,989108224
144.8238,905138176,2847.1500,3166.72,0,410066944,1,98.96,0.00,950904832,1536,989108224
144.9296,904577024,2849.6100,2325.03,0,410066944,1,71.77,0.00,949221376,1536,989108224
145.0350,903266304,2851.2200,1527.34,0,411115520,1,50.69,0.00,947581952,1536,989108224
145.1412,903266304,2854.4600,3050.58,0,411115520,1,92.09,0.00,946906112,1536,989108224
145.2472,903266304,2857.5800,2942.72,0,411115520,1,94.32,0.00,946906112,1536,989108224
145.3518,903266304,2859.6700,1998.00,0,411115520,1,58.26,0.00,946906112,1536,989145088
145.4601,904052736,2860.6700,923.02,0,412164096,1,30.00,0.00,949093376,1536,989198336
145.5659,904052736,2863.7900,2950.20,0,412164096,1,91.31,0.00,948835328,1536,989198336
145.6717,904052736,2866.9100,2950.09,0,412164096,1,96.62,0.00,948777984,1536,989198336
145.7774,904052736,2869.3000,2259.58,0,412164096,1,65.88,0.00,948524032,1536,989198336
145.8822,904052736,2869.9100,582.28,0,413212672,1,25.36,0.00,951669760,1536,989198336
145.9930,904052736,2873.3200,3077.03,0,413212672,1,89.67,0.00,951419904,1536,989198336
146.0988,904052736,2876.4400,2950.24,0,413212672,1,96.04,0.00,950506496,1536,989198336
146.2049,904052736,2878.9800,2394.32,0,413212672,1,71.29,0.00,951030784,1536,989198336
146.3098,904445952,2879.8900,866.96,0,414261248,1,28.28,0.00,949754880,1536,989198336
146.4186,904445952,2883.2300,3071.46,0,414261248,1,99.72,0.00,949754880,1536,989198336
146.5246,904445952,2886.5700,3151.14,0,414261248,1,93.76,0.00,949505024,1536,989198336
146.6305,904445952,2889.0700,2359.34,0,414261248,1,77.27,0.00,949001216,1536,989198336
146.7354,904445952,2890.4200,1287.63,0,415309824,1,46.20,0.00,950840320,1536,989198336
146.8451,904445952,2893.8900,3162.11,0,415309824,1,91.41,0.00,950103040,1536,989198336
146.9511,904445952,2897.1200,3048.34,0,415309824,1,99.09,0.00,949865472,1536,989198336
147.0570,904445952,2899.6100,2349.76,0,415309824,1,68.71,0.00,949861376,1536,989198336
147.1616,904445952,2900.5500,899.01,0,416358400,1,29.29,0.00,952069120,1536,989198336
147.2676,904445952,2903.7900,3056.31,0,416358400,1,95.80,0.00,951561216,1536,989198336
147.3736,904445952,2906.9100,2942.18,0,416358400,1,91.35,0.00,951561216,1536,989198336
147.4796,904445952,2909.3300,2284.32,0,416358400,1,70.80,0.00,949499904,1536,989222912
147.5843,904445952,2909.9300,572.84,0,417386496,1,16.11,0.00,951334912,1536,989222912
147.6916,904445952,2913.0900,2946.08,0,417406976,1,97.89,0.00,951089152,1536,989222912
147.7974,904445952,2916.3400,3072.00,0,417406976,1,92.16,0.00,950110208,1536,989222912
147.9082,904445952,2919.0400,2435.41,0,417406976,1,75.54,0.00,950110208,1536,989222912
148.0130,904445952,2919.8500,773.28,0,417476608,1,22.97,0.00,951420928,1536,989222912
148.1201,904445952,2922.8800,2827.62,0,418455552,1,90.99,0.00,951810048,1536,989222912
148.2259,904445952,2926.1200,3065.03,0,418455552,1,94.90,0.00,949662720,1536,1038612480
148.3323,904445952,2929.0000,2705.27,0,418455552,1,84.54,0.00,948954112,1536,1038612480
148.4401,904839168,2930.9200,1780.52,0,419508224,1,56.80,0.00,952361984,1536,1038612480
148.5459,904839168,2934.1500,3053.74,0,419508224,1,95.13,0.00,952108032,1536,1038612480
148.6517,904839168,2937.3700,3044.53,0,419508224,1,99.57,0.00,952349696,1536,1038612480
148.7575,904839168,2939.8200,2316.09,0,419508224,1,66.76,0.00,951862272,1536,1038612480
148.8621,905625600,2940.9500,1080.25,0,420556800,1,31.97,0.00,953701376,1536,1038612480
148.9682,905625600,2944.1900,3053.80,0,420556800,1,96.61,0.00,952697856,1536,1038612480
149.0742,905625600,2947.3100,2943.40,0,420556800,1,90.51,0.00,952697856,1536,1038612480
149.1801,905625600,2949.6400,2199.06,0,420556800,1,67.84,0.00,952259584,1536,1038612480
149.2882,905625600,2950.2900,601.67,0,421605376,1,21.41,0.00,952360960,1536,1102657536
149.3946,905625600,2953.6200,3127.16,0,421605376,1,102.42,0.00,952102912,1536,1102657536
149.5008,905625600,2957.0700,3250.80,0,421605376,1,97.17,0.00,952102912,1536,1102657536
149.6068,905625600,2959.5200,2309.89,0,421605376,1,74.25,0.00,951861248,1536,1102714880
149.7122,905625600,2961.4000,1784.87,0,422653952,1,52.81,0.00,953741312,1536,1102714880
149.8180,905625600,2964.6200,3041.74,0,422653952,1,95.35,0.00,951816192,1536,1102714880
149.9239,905625600,2967.9700,3164.46,0,422653952,1,98.00,0.00,952102912,1536,1102714880
150.0287,905625600,2970.1800,2108.82,0,422653952,1,65.60,0.00,951361536,1536,1102714880
150.1361,906018816,2972.4200,2084.48,0,423702528,1,66.59,0.00,952987648,1536,1102714880
150.2420,906018816,2975.6500,3050.15,0,423702528,1,95.91,0.00,952987648,1536,1102714880
150.3479,906018816,2978.6800,2863.44,0,423702528,1,89.19,0.00,952733696,1536,1102714880
150.4588,906018816,2980.3400,1495.74,0,423702528,1,46.46,0.00,953905152,1536,1102764032
150.5634,906018816,2982.8400,2389.97,0,424751104,1,81.26,0.30,954449920,1536,1102800896
150.6695,906018816,2986.1800,3148.44,0,424751104,1,94.85,0.00,954212352,1536,1102800896
150.7756,906018816,2988.9700,2631.19,0,424751104,1,83.99,0.00,953712640,1536,1102800896
150.8806,906018816,2990.2900,1256.79,0,424820736,1,35.70,0.00,954761216,1536,1102800896
150.9854,906018816,2993.1600,2737.24,0,425799680,1,90.61,0.00,952975360,1536,1103030272
151.0933,906018816,2996.5100,3107.08,0,425799680,1,94.49,0.00,952971264,1536,1103030272
151.1991,906018816,2999.1400,2484.87,0,425799680,1,79.42,0.00,952070144,1536,1103099904
151.3041,906412032,3000.4000,1200.23,0,426848256,1,37.21,0.00,954724352,1536,1103099904
151.4130,906412032,3003.7400,3065.58,0,426848256,1,93.50,0.00,953982976,1536,1103099904
151.5190,906412032,3006.9700,3048.86,0,426848256,1,98.23,0.00,953982976,1536,1103099904
151.6249,906412032,3009.5100,2398.65,0,426848256,1,71.12,0.00,952909824,1536,1103099904
151.7306,906260480,3011.1900,1589.12,0,427896832,1,51.73,0.00,954179584,1536,1103099904
151.8355,906260480,3014.2000,2869.69,0,427896832,1,90.57,0.00,953675776,1536,1103099904
151.9408,906260480,3017.3000,2943.11,0,427896832,1,86.93,0.00,953417728,1536,1103157248
152.0453,906260480,3019.4000,2009.47,0,427896832,1,63.10,0.00,953167872,1536,1103218688
152.1500,907046912,3020.4800,1032.06,0,428945408,1,32.25,0.00,954531840,1536,1103218688
152.2556,907046912,3023.6100,2961.42,0,428945408,1,93.73,0.00,954249216,1536,1103218688
152.3611,907046912,3026.6300,2863.13,0,428945408,1,88.58,0.00,954249216,1536,1103218688
152.4671,907046912,3028.7800,2028.96,0,428945408,1,63.70,0.00,954245120,1536,1103218688
152.5716,906432512,3029.3700,564.40,0,429973504,1,15.25,0.00,952136704,1536,1103218688
152.6797,907218944,3032.5700,2961.24,0,429993984,1,94.85,0.00,952001536,1536,1103218688
152.7856,907218944,3035.6900,2947.11,0,429993984,1,91.51,0.00,951501824,1536,1103218688
152.8901,907218944,3038.2500,2448.00,0,429993984,1,76.80,0.00,951501824,1536,1103218688
152.9951,886616064,3039.7000,1381.26,0,431042560,1,45.25,0.00,932136960,1536,1103218688
153.1013,886616064,3043.0500,3153.58,0,431042560,1,94.14,0.00,931899392,1536,1103218688
153.2066,886616064,3046.2700,3059.89,0,431042560,1,99.48,0.00,931448832,1536,1103218688
153.3119,886616064,3048.8800,2478.47,0,431042560,1,73.89,0.00,931448832,1536,1103218688
153.4201,887009280,3050.9100,1874.99,0,432091136,1,61.48,0.00,932718592,1536,1103218688
153.5260,887009280,3054.2400,3145.98,0,432091136,1,96.54,0.00,932468736,1536,1103218688
153.6321,887009280,3057.5100,3081.62,0,432091136,1,96.89,0.00,931401728,1536,1103218688
153.7366,887009280,3059.3700,1779.88,0,432091136,1,54.72,0.00,931217408,1536,1103218688
153.8442,887795712,3061.1200,1627.28,0,433139712,1,50.85,0.00,933072896,1536,1103218688
153.9504,887795712,3064.4400,3123.76,0,433139712,1,101.73,0.00,932573184,1536,1103218688
154.0566,887795712,3067.7500,3118.95,0,433139712,1,92.17,0.00,932376576,1536,1103218688
154.1616,887795712,3069.5900,1751.71,0,433139712,1,53.85,0.00,931909632,1536,1103218688
154.2668,888188928,3072.0700,2357.95,0,434188288,1,78.74,0.00,933847040,1536,1103218688
154.3729,888188928,3075.4200,3156.98,0,434188288,1,95.42,0.00,933847040,1536,1106445824
154.4790,888188928,3078.2000,2619.08,0,434188288,1,82.43,0.00,933650432,1536,1106445824
154.5848,888188928,3079.5800,1304.23,0,435216384,1,37.21,0.00,932520960,1536,1106597376
154.6904,888188928,3082.6200,2880.11,0,435236864,1,96.22,0.00,932226048,1536,1106597376
154.7965,888188928,3085.8600,3054.62,0,435236864,1,91.33,0.00,931726336,1536,1106597376
154.9025,888188928,3088.3300,2328.98,0,435236864,1,75.73,0.00,932254720,1536,1106597376
155.0076,888188928,3089.3000,923.39,0,435236864,1,24.99,0.00,932983808,1536,1106597376
155.1161,888582144,3091.9900,2477.41,0,436285440,1,78.86,0.00,933577728,1536,1106597376
155.2220,888582144,3095.2100,3042.81,0,436285440,1,95.38,0.00,933323776,1536,1106597376
155.3278,888582144,3098.0100,2645.41,0,436285440,1,82.37,0.00,933114880,1536,1106597376
155.4327,888582144,3099.2200,1153.89,0,436355072,1,34.87,0.00,934425600,1536,1106634240
155.5401,888582144,3102.3200,2884.55,0,437334016,1,91.01,0.00,935506944,1536,1106634240
155.6460,888582144,3105.6000,3099.67,0,437334016,1,96.86,0.00,932573184,1536,1106634240
155.7518,888582144,3108.3700,2616.78,0,437334016,1,80.30,0.00,932077568,1536,1106634240
155.8566,888582144,3109.6700,1241.09,0,438382592,1,40.28,0.00,934408192,1536,1106658816
155.9641,888582144,3113.0500,3141.82,0,438382592,1,99.05,0.00,933838848,1536,1106658816
156.0703,888582144,3116.3800,3136.05,0,438382592,1,100.94,0.00,933838848,1536,1106658816
156.1764,888582144,3118.9100,2384.56,0,438382592,1,69.80,0.00,933339136,1536,1106658816
156.2841,890155008,3120.6500,1615.35,0,439431168,1,49.61,0.00,935731200,1536,1106658816
156.3901,890155008,3123.8800,3049.80,0,439431168,1,95.31,0.00,935481344,1536,1106658816
156.4959,890155008,3127.2100,3146.81,0,439431168,1,98.34,0.00,935231488,1536,1106658816
156.6004,890155008,3129.1600,1865.91,0,439431168,1,57.41,0.00,934977536,1536,1106658816
156.7081,890155008,3131.4700,2143.67,0,440479744,1,68.15,0.00,934122496,1536,1106716160
156.8141,890155008,3134.6900,3038.39,0,440479744,1,94.65,0.00,933118976,1536,1106716160
156.9199,890155008,3137.7100,2853.78,0,440479744,1,88.59,0.00,933340160,1536,1106716160
157.0245,890155008,3139.3600,1577.67,0,440479744,1,49.30,0.00,933360640,1536,1106716160
157.1321,890155008,3140.3500,919.95,0,441528320,1,28.46,0.00,935719936,1536,1106716160
157.2379,890155008,3143.5700,3044.48,0,441528320,1,95.14,0.00,935277568,1536,1106716160
157.3437,890155008,3146.8000,3053.21,0,441528320,1,99.55,0.00,934573056,1536,1106716160
157.4495,890155008,3149.1600,2230.97,0,441528320,1,64.99,0.00,934319104,1536,1106716160
157.5544,890155008,3149.5800,400.14,0,441597952,1,12.50,0.00,936940544,1536,1106716160
157.6592,890155008,3152.6000,2883.07,0,442576896,1,100.84,0.00,936449024,1536,1106716160
157.7691,890155008,3156.0600,3149.47,0,442576896,1,90.74,0.00,936064000,1536,1106716160
157.8750,890155008,3158.6900,2481.85,0,442576896,1,79.62,0.00,933988352,1536,1106716160
157.9807,890155008,3159.7900,1040.45,0,443604992,1,28.38,0.00,936622080,1536,1106716160
158.0881,890155008,3163.0500,3035.51,0,443625472,1,97.19,0.00,935667712,1536,1106716160
158.1942,890155008,3166.1700,2942.84,0,443625472,1,92.85,0.00,935438336,1536,1106716160
158.3002,890155008,3168.7700,2452.35,0,443625472,1,74.87,0.00,935200768,1536,1106716160
158.4055,890155008,3169.7200,902.41,0,443695104,1,28.79,0.00,936773632,1536,1106716160
158.5098,890155008,3172.2000,2375.89,0,444674048,1,76.94,0.00,937097216,1536,1106716160
158.6159,890155008,3175.3300,2952.55,0,444674048,1,91.68,0.00,937093120,1536,1106716160
158.7218,890155008,3178.0000,2519.33,0,444674048,1,79.32,0.00,936855552,1536,1106716160
158.8270,890155008,3179.4500,1378.53,0,444674048,1,42.19,0.00,936855552,1536,1106716160
158.9318,890155008,3181.5800,2032.71,0,445722624,1,63.52,0.00,936083456,1536,1106716160
159.0383,890155008,3184.7000,2928.82,0,445722624,1,95.34,0.00,935841792,1536,1106716160
159.1444,890155008,3187.6300,2762.22,0,445722624,1,81.61,0.00,935620608,1536,1106716160
159.2489,890155008,3189.4500,1741.82,0,445722624,1,53.53,0.00,936693760,1536,1106716160
159.3538,890548224,3191.9400,2372.42,0,446771200,1,75.63,0.00,937263104,1536,1106716160
159.4596,890548224,3195.1800,3062.46,0,446771200,1,95.70,0.00,937263104,1536,1106716160
159.5654,890548224,3197.9600,2629.27,0,446771200,1,81.57,0.00,937013248,1536,1109086720
159.6703,890548224,3199.6500,1611.00,0,446840832,1,50.05,0.00,937566208,1536,1109127680
159.7750,890548224,3202.4400,2665.26,0,447819776,1,86.87,0.00,938635264,1536,1109176832
159.8811,890548224,3205.6800,3053.08,0,447819776,1,91.58,0.00,938635264,1536,1109176832
159.9871,890548224,3208.1600,2338.44,0,447819776,1,75.14,0.00,938381312,1536,1109176832
160.0925,890548224,3209.2500,1034.94,0,447819776,1,29.67,0.00,937225216,1536,1109176832
160.2001,890941440,3211.7000,2275.07,0,448868352,1,72.84,0.00,937491456,1536,1109176832
160.3062,890941440,3214.9300,3045.49,0,448868352,1,98.71,0.00,937241600,1536,1109176832
160.4123,890941440,3217.8400,2743.14,0,448868352,1,80.72,0.00,937241600,1536,1109176832
160.5168,890941440,3219.1200,1224.28,0,448868352,1,37.06,0.00,938552320,1536,1109176832
160.6211,891727872,3221.6900,2464.10,0,449916928,1,78.20,0.00,938867712,1536,1109176832
160.7259,891727872,3224.9100,3072.92,0,449916928,1,96.33,0.00,938753024,1536,1109176832
160.8317,891727872,3227.8000,2732.29,0,449916928,1,83.91,0.00,938753024,1536,1109176832
160.9371,891727872,3229.2000,1328.21,0,449986560,1,42.40,0.00,940583936,1536,1109201408
161.0415,891727872,3231.7500,2442.01,0,450965504,1,79.90,0.00,937869312,1536,1109201408
161.1475,891727872,3234.8900,2962.93,0,450965504,1,96.13,0.00,937660416,1536,1109287424
161.2532,891727872,3237.9200,2866.08,0,450965504,1,85.72,0.00,936706048,1536,1109287424
161.3578,891727872,3239.2100,1233.57,0,450965504,1,37.05,0.00,936706048,1536,1109344768
161.4629,892121088,3241.0800,1779.34,0,452014080,1,60.96,0.00,939397120,1536,1109344768
161.5687,892121088,3244.3200,3063.37,0,452014080,1,92.18,0.00,938905600,1536,1109344768
161.6738,892121088,3247.2400,2778.25,0,452014080,1,86.52,0.00,938651648,1536,1109344768
161.7783,892121088,3249.3800,2046.74,0,452014080,1,63.06,0.00,938401792,1536,1109344768
161.8831,892907520,3251.5200,2041.82,0,453062656,1,68.88,0.00,940765184,1536,1109344768
161.9888,892907520,3254.7600,3066.73,0,453062656,1,92.58,0.00,940290048,1536,1109344768
162.0935,892907520,3257.6200,2729.90,0,453062656,1,84.41,0.00,940814336,1536,1109344768
162.1982,892907520,3259.4600,1758.34,0,453062656,1,53.45,0.00,940568576,1536,1109344768
162.3029,892907520,3260.6000,1089.05,0,454115328,1,40.30,0.00,940492800,1536,1109344768
162.4078,892907520,3263.7300,2983.48,0,454115328,1,90.25,0.00,939759616,1536,1109344768
162.5137,892907520,3266.7500,2850.43,0,454115328,1,88.78,0.00,939759616,1536,1109344768
162.6193,892907520,3269.1000,2225.77,0,454115328,1,70.44,0.00,939509760,1536,1109344768
162.7239,892907520,3270.8600,1682.63,0,455163904,1,53.18,0.00,942393344,1536,1109344768
162.8299,892907520,3274.0800,3036.48,0,455163904,1,93.42,0.00,941398016,1536,1109344768
162.9360,892907520,3277.3900,3121.84,0,455163904,1,97.85,0.00,942204928,1536,1109344768
163.0404,893300736,3279.3200,1848.82,0,455163904,1,56.58,0.00,941950976,1536,1109344768
163.1448,893300736,3280.6100,1235.51,0,456212480,1,40.70,0.00,939921408,1536,1109344768
163.2509,893300736,3283.7300,2938.95,0,456212480,1,95.37,0.00,939921408,1536,1109344768
163.3569,893300736,3286.9800,3066.17,0,456212480,1,90.81,0.00,939212800,1536,1109344768
163.4614,893300736,3288.9300,1866.95,0,456212480,1,58.64,0.00,938954752,1536,1109344768
163.5663,893693952,3289.6000,638.76,0,457261056,1,24.43,0.00,941137920,1536,1109344768
163.6724,893693952,3292.8400,3051.72,0,457261056,1,90.36,0.00,941133824,1536,1109344768
163.7785,893693952,3295.9600,2942.35,0,457261056,1,95.49,0.00,940679168,1536,1109344768
163.8845,893693952,3298.3100,2215.72,0,457261056,1,66.00,0.00,940679168,1536,1109344768
163.9901,893693952,3299.1400,786.27,0,458309632,1,26.05,0.00,942555136,1536,1109344768
164.0961,893693952,3302.3800,3057.63,0,458309632,1,95.85,0.00,942555136,1536,1109344768
164.2021,893693952,3305.5000,2942.50,0,458309632,1,91.36,0.00,942301184,1536,1109344768
164.3081,893693952,3307.8600,2226.30,0,458309632,1,74.29,0.00,939695104,1536,1109344768
164.4197,893693952,3308.7200,770.73,0,459358208,1,26.89,0.00,941808640,1536,1109344768
164.5290,893693952,3312.1900,3173.72,0,459358208,1,93.46,0.00,941808640,1536,1109496320
164.6349,893693952,3315.4100,3042.12,0,459358208,1,98.61,0.00,941259776,1536,1112146944
164.7408,893693952,3317.8300,2284.58,0,459358208,1,66.67,0.00,941210624,1536,1112146944
164.8461,894087168,3318.5100,645.48,0,460386304,1,25.81,0.00,943168512,1536,1112146944
164.9570,894087168,3322.0200,3167.19,0,460406784,1,94.74,0.00,942681088,1536,1112212480
165.0628,894087168,3325.2700,3071.85,0,460406784,1,99.24,0.00,942222336,1536,1112212480
165.1686,894087168,3327.8800,2467.01,0,460406784,1,72.96,0.00,942222336,1536,1112212480
165.2738,894480384,3329.6700,1700.74,0,461455360,1,54.04,0.00,941014016,1536,1112212480
165.3803,894480384,3332.8000,2938.19,0,461455360,1,92.11,0.00,941014016,1536,1112249344
165.4865,894480384,3335.7900,2815.59,0,461455360,1,88.87,0.00,941014016,1536,1112249344
165.5916,894480384,3337.7300,1846.57,0,461455360,1,54.73,0.00,940780544,1536,1112249344
165.6967,894480384,3338.0400,295.05,0,462483456,1,7.73,0.00,943090688,1536,1112249344
165.8019,894480384,3341.0400,2851.60,0,462503936,1,90.00,0.00,942345216,1536,1112249344
165.9079,894480384,3344.1700,2951.50,0,462503936,1,93.41,0.00,941673472,1536,1112249344
166.0139,894480384,3346.5900,2282.27,0,462503936,1,69.85,0.00,941673472,1536,1112249344
166.1185,894480384,3347.4300,803.27,0,462503936,1,25.10,0.00,941669376,1536,1112249344
166.2234,894480384,3348.7200,1229.71,0,463552512,1,42.90,0.00,943803392,1536,1112273920
166.3295,894480384,3352.0700,3158.15,0,463552512,1,95.16,0.00,940588032,1536,1112273920
166.4355,894480384,3355.3000,3046.06,0,463552512,1,96.37,0.00,940850176,1536,1112273920
166.5400,894480384,3357.3000,1914.34,0,463552512,1,58.03,0.00,941112320,1536,1112273920
166.6481,895266816,3359.7000,2219.36,0,464601088,1,68.78,0.00,942758912,1536,1112273920
166.7542,895266816,3362.8200,2942.45,0,464601088,1,94.60,0.00,941972480,1536,1112273920
166.8602,895266816,3365.7400,2754.05,0,464601088,1,83.41,0.00,941530112,1536,1112273920
166.9646,895266816,3367.2300,1427.84,0,464670720,1,43.42,0.00,942196736,1536,1112273920
167.0696,895266816,3370.2800,2903.90,0,465649664,1,91.64,0.00,941701120,1536,1112273920
167.1756,895266816,3373.6300,3159.76,0,465649664,1,98.74,0.00,941701120,1536,1112273920
167.2816,895266816,3376.1500,2376.74,0,465649664,1,73.68,0.00,940843008,1536,1112273920
167.3875,895660032,3377.0100,812.53,0,465649664,1,24.51,0.00,941367296,1536,1112273920
167.4923,896053248,3379.0600,1956.11,0,466698240,1,62.62,0.00,943722496,1536,1112273920
167.5974,896053248,3382.2900,3072.51,0,466698240,1,96.02,0.00,943468544,1536,1112273920
167.7033,896053248,3385.3400,2880.81,0,466698240,1,92.68,0.00,943239168,1536,1112273920
167.8083,896053248,3387.2400,1808.60,0,466767872,1,52.06,0.00,943775744,1536,1112273920
167.9130,896839680,3390.1400,2769.64,0,467746816,1,89.83,0.00,942723072,1536,1112273920
168.0193,896839680,3393.4300,3096.34,0,467746816,1,104.41,0.00,942678016,1536,1112273920
168.1292,896839680,3396.3700,2675.34,0,467746816,1,76.50,0.00,942706688,1536,1112273920
168.2361,896839680,3397.9700,1495.88,0,468795392,1,46.45,0.00,943603712,1536,1112273920
168.3419,896839680,3401.2000,3052.97,0,468795392,1,94.81,0.00,942351360,1536,1112273920
168.4477,896839680,3404.5400,3157.04,0,468795392,1,98.66,0.00,942351360,1536,1112273920
168.5563,896839680,3406.9100,2183.50,0,468795392,1,67.37,0.00,942351360,1536,1112273920
168.6641,896839680,3408.8500,1798.60,0,469843968,1,57.37,0.00,944833536,1536,1112273920
168.7699,896839680,3412.0600,3034.05,0,469843968,1,94.52,0.00,944096256,1536,1112273920
168.8758,896839680,3415.2000,2966.09,0,469843968,1,92.99,0.00,943002624,1536,1112273920
168.9810,896839680,3417.0700,1778.38,0,469843968,1,54.09,0.00,942756864,1536,1112302592
169.0854,897232896,3418.5000,1369.31,0,470892544,1,43.99,0.00,944858112,1536,1112302592
169.1914,897232896,3421.5600,2887.58,0,470892544,1,93.48,0.00,943443968,1536,1112302592
169.2976,897232896,3424.7100,2964.74,0,470892544,1,88.24,0.00,943292416,1536,1112302592
169.4020,897232896,3426.5700,1782.26,0,470892544,1,54.80,0.00,943292416,1536,1112302592
169.5081,897232896,3427.6900,1054.87,0,471941120,1,35.61,0.00,945426432,1536,1112302592
169.6139,897232896,3430.8100,2949.12,0,471941120,1,91.86,0.00,944906240,1536,1112302592
169.7197,897232896,3434.0500,3062.93,0,471941120,1,95.13,0.00,943669248,1536,1115269120
169.8255,897232896,3436.1400,1976.14,0,471941120,1,62.64,0.00,943648768,1536,1115269120
169.9321,897232896,3437.8700,1621.95,0,472989696,1,51.57,0.00,945758208,1536,1115269120
170.0380,897232896,3440.9900,2947.92,0,472989696,1,91.83,0.00,945258496,1536,1115269120
170.1438,897232896,3444.1400,2977.18,0,472989696,1,92.45,0.00,944267264,1536,1115269120
170.2483,897232896,3445.9500,1731.03,0,472989696,1,53.20,0.00,943833088,1536,1115269120
170.3561,897232896,3446.6400,640.09,0,474038272,1,20.58,0.00,946253824,1536,1115269120
170.4619,897232896,3449.7600,2949.53,0,474038272,1,92.47,0.00,945504256,1536,1115269120
170.5677,897232896,3452.8800,2949.51,0,474038272,1,96.01,0.00,945504256,1536,1115269120
170.6735,897232896,3455.2000,2192.53,0,474038272,1,64.09,0.00,943792128,1536,1115269120
170.7784,897626112,3455.8500,619.72,0,474107904,1,18.17,0.00,944840704,1536,1115269120
170.8833,898019328,3458.4200,2450.61,0,475086848,1,86.12,0.00,944934912,1536,1115269120
170.9931,898019328,3461.7800,3058.12,0,475086848,1,89.02,0.00,944934912,1536,1115269120
171.0989,898019328,3464.3700,2448.93,0,475086848,1,78.01,0.00,944934912,1536,1115269120
171.2041,898019328,3465.5500,1121.86,0,475156480,1,33.28,0.00,945721344,1536,1115293696
171.3121,898019328,3468.6700,2887.46,0,476135424,1,92.84,0.00,945938432,1536,1115351040
171.4180,898019328,3471.8900,3043.23,0,476135424,1,95.40,0.00,945032192,1536,1115351040
171.5238,898019328,3474.6000,2559.27,0,476135424,1,79.39,0.00,944851968,1536,1115486208
171.6321,899198976,3476.4900,1745.14,0,477184000,1,53.96,0.00,946280448,1536,1115486208
171.7380,899198976,3479.7200,3050.46,0,477184000,1,95.92,0.00,946280448,1536,1115486208
171.8438,899198976,3483.0600,3158.08,0,477184000,1,98.39,0.00,945780736,1536,1115486208
171.9496,899198976,3485.3700,2182.94,0,477184000,1,67.04,0.00,945539072,1536,1115703296
172.0561,899592192,3486.7600,1304.73,0,478232576,1,43.71,0.00,946653184,1536,1115731968
172.1620,899592192,3489.9800,3041.86,0,478232576,1,95.06,0.00,946653184,1536,1115731968
172.2677,899592192,3493.3300,3168.27,0,478232576,1,99.01,0.00,945973248,1536,1115731968
172.3732,899592192,3495.4700,2029.13,0,478232576,1,62.82,0.00,945973248,1536,1115731968
172.4779,900771840,3496.3700,859.57,0,479281152,1,33.13,0.00,946592768,1536,1115731968
172.5888,900771840,3499.8300,3119.68,0,479281152,1,91.01,0.00,946355200,1536,1115731968
172.6948,900771840,3503.0500,3037.10,0,479281152,1,99.04,0.00,946355200,1536,1115731968
172.8008,900771840,3505.4400,2254.73,0,479281152,1,65.45,0.00,945851392,1536,1115731968
172.9052,901951488,3506.6400,1150.22,0,480329728,1,38.64,0.00,947291136,1536,1115731968
173.0112,901951488,3509.7600,2942.39,0,480329728,1,92.83,0.00,947061760,1536,1115731968
173.1172,901951488,3513.0200,3074.25,0,480329728,1,94.60,0.00,946824192,1536,1115731968
173.2233,901951488,3515.3400,2187.47,0,480329728,1,68.95,0.00,946607104,1536,1115731968
173.3280,901951488,3517.2100,1786.21,0,481378304,1,55.22,0.00,946157568,1536,1115731968
173.4342,901951488,3520.3300,2937.67,0,481378304,1,95.92,0.00,946153472,1536,1115731968
173.5404,901951488,3523.4500,2939.08,0,481378304,1,86.55,0.00,946153472,1536,1115731968
173.6448,901951488,3525.3600,1828.39,0,481378304,1,55.94,0.00,946153472,1536,1115731968
173.7494,902737920,3527.3800,1931.71,0,482426880,1,63.65,0.00,947976192,1536,1115731968
173.8555,902737920,3530.5000,2939.23,0,482426880,1,95.68,0.00,947517440,1536,1115977728
173.9636,902737920,3533.6400,2906.53,0,482426880,1,86.49,0.00,947267584,1536,1115977728
174.0683,902737920,3535.1800,1470.55,0,482426880,1,44.46,0.00,947013632,1536,1115977728
174.1761,902737920,3537.8600,2484.93,0,483479552,1,81.42,0.00,947860480,1536,1115977728
174.2821,902737920,3541.0900,3049.32,0,483479552,1,94.11,0.00,947377152,1536,1115977728
174.3878,902737920,3543.8900,2647.32,0,483479552,1,83.02,0.00,946922496,1536,1115977728
174.4930,902737920,3545.1300,1179.31,0,483549184,1,36.85,0.00,948753408,1536,1115977728
174.6001,903131136,3548.3100,2967.48,0,484528128,1,92.73,0.00,948059136,1536,1116203008
174.7061,903131136,3551.5400,3048.86,0,484528128,1,94.98,0.00,947809280,1536,1116203008
174.8110,903131136,3554.1600,2498.16,0,484528128,1,80.15,0.00,947321856,1536,1116203008
174.9159,903131136,3555.5300,1305.80,0,485576704,1,38.42,0.00,949386240,1536,1119684096
175.0220,903131136,3558.5500,2845.22,0,485576704,1,89.80,0.00,949148672,1536,1119684096
175.1276,903131136,3561.7500,3030.86,0,485576704,1,98.27,0.00,949148672,1536,1119684096
175.2367,903131136,3564.3400,2374.82,0,485576704,1,69.34,0.00,949144576,1536,1119684096
175.3417,903131136,3565.1700,790.09,0,486604800,1,26.77,0.00,948947968,1536,1119725056
175.4490,903131136,3568.3500,2963.11,0,486625280,1,89.69,0.00,948743168,1536,1119725056
175.5545,903131136,3571.3600,2854.04,0,486625280,1,93.34,0.00,948243456,1536,1119725056
175.6603,903131136,3574.0000,2495.67,0,486625280,1,74.15,0.00,947985408,1536,1119725056
175.7681,903524352,3575.2400,1149.61,0,487673856,1,36.22,0.00,948900864,1536,1119725056
175.8736,903524352,3578.3500,2948.41,0,487673856,1,92.14,0.00,948024320,1536,1119725056
175.9795,903524352,3581.4600,2936.32,0,487673856,1,95.01,0.00,947774464,1536,1119725056
176.0852,903524352,3584.0100,2414.41,0,487673856,1,72.49,0.00,947770368,1536,1119725056
176.1904,903524352,3584.7400,693.35,0,487673856,1,21.96,0.00,949081088,1536,1119725056
176.2961,903524352,3587.2800,2404.17,0,488722432,1,78.38,0.00,950141952,1536,1119761920
176.4052,903524352,3590.5100,2960.75,0,488722432,1,89.37,0.00,948224000,1536,1119761920
176.5113,903524352,3593.3100,2639.29,0,488722432,1,84.83,0.00,948748288,1536,1119761920
176.6201,904310784,3594.9300,1487.98,0,489771008,1,46.79,0.00,950587392,1536,1119761920
176.7263,904310784,3598.1600,3042.87,0,489771008,1,98.03,0.00,950321152,1536,1119761920
176.8317,904310784,3601.5000,3167.31,0,489771008,1,96.02,0.00,949062656,1536,1119761920
176.9378,904310784,3604.0600,2413.83,0,489771008,1,73.66,0.00,949062656,1536,1119761920
177.0434,904704000,3605.3000,1174.45,0,490819584,1,44.69,0.00,951499776,1536,1119897088
177.1530,904704000,3608.7700,3165.75,0,490819584,1,91.52,0.00,951012352,1536,1119897088
177.2589,904704000,3612.0000,3050.47,0,490819584,1,98.28,0.00,951012352,1536,1119897088
177.3645,904704000,3614.5400,2404.41,0,490819584,1,71.88,0.00,949836800,1536,1119897088
177.4721,905097216,3615.9400,1300.82,0,491868160,1,39.49,0.00,950981632,1536,1119929856
177.5778,905097216,3619.1600,3048.01,0,491868160,1,95.84,0.00,950240256,1536,1119929856
177.6837,905097216,3622.5100,3163.15,0,491868160,1,100.32,0.00,950240256,1536,1119929856
177.7926,905097216,3624.9000,2194.98,0,491868160,1,65.44,0.00,949986304,1536,1119929856
177.9001,905097216,3625.6400,687.96,0,492916736,1,25.57,0.00,951895040,1536,1119929856
178.0061,905097216,3628.8700,3049.46,0,492916736,1,94.71,0.00,951387136,1536,1119929856
178.1118,905097216,3632.2100,3160.04,0,492916736,1,99.05,0.00,950398976,1536,1119929856
178.2180,905097216,3634.7500,2391.35,0,492916736,1,73.55,0.00,950128640,1536,1119929856
178.3241,902619136,3636.5500,1695.44,0,493965312,1,55.93,0.00,948149248,1536,1119929856
178.4303,902619136,3639.5600,2836.61,0,493965312,1,92.18,0.00,946678784,1536,1119929856
178.5356,902619136,3642.6900,2971.94,0,493965312,1,90.20,0.00,946940928,1536,1119929856
178.6412,902619136,3644.7700,1968.33,0,493965312,1,59.14,0.00,946936832,1536,1119929856
178.7464,902619136,3645.1900,399.29,0,494034944,1,12.48,0.00,949033984,1536,1119929856
178.8561,902619136,3648.3000,2834.71,0,495013888,1,88.58,0.00,949062656,1536,1119929856
178.9619,902619136,3651.4300,2960.60,0,495013888,1,93.70,0.00,947832832,1536,1171633664
179.0684,902619136,3653.9800,2393.51,0,495013888,1,73.62,0.00,947828736,1536,1171633664
179.1742,903012352,3654.9400,907.61,0,496066560,1,31.32,0.00,949050368,1536,1171633664
179.2812,903012352,3658.0800,2935.29,0,496066560,1,89.97,0.00,948554752,1536,1171633664
179.3873,903012352,3661.2000,2939.46,0,496066560,1,95.10,0.00,947851264,1536,1171633664
179.4935,903012352,3663.7100,2363.89,0,496066560,1,69.16,0.00,947847168,1536,1171633664
179.5983,903405568,3664.7900,1030.55,0,497115136,1,36.68,0.00,950145024,1536,1171633664
179.7081,903405568,3668.1500,3058.18,0,497115136,1,91.87,0.00,949878784,1536,1171633664
179.8143,903405568,3671.2700,2939.42,0,497115136,1,94.80,0.00,948923392,1536,1171633664
179.9206,903405568,3673.7000,2286.44,0,497115136,1,67.92,0.00,948677632,1536,1171633664
180.0255,903405568,3674.1900,466.98,0,497184768,1,19.36,0.00,949726208,1536,1251861504
180.1306,903405568,3676.8900,2567.99,0,498163712,1,87.09,0.00,950787072,1536,1251861504
180.2398,903405568,3680.3400,3161.23,0,498163712,1,95.07,0.00,950787072,1536,1251861504
180.3452,903405568,3682.9600,2485.62,0,498163712,1,77.68,0.00,949849088,1536,1251861504
180.4500,903405568,3683.8900,887.13,0,498233344,1,26.83,0.00,950010880,1536,1251861504
180.5553,903405568,3686.5100,2488.69,0,499212288,1,82.22,0.00,950551552,1536,1251861504
180.6609,903405568,3689.7500,3066.48,0,499212288,1,92.28,0.00,950633472,1536,1251861504
180.7658,903405568,3692.5100,2632.98,0,499212288,1,81.39,0.00,950379520,1536,1251861504
180.8706,903405568,3693.7300,1163.43,0,499212288,1,36.06,0.00,949527552,1536,1251927040
180.9757,903405568,3695.4600,1646.64,0,500260864,1,59.49,0.00,950053888,1536,1251927040
181.0846,903405568,3698.9300,3185.11,0,500260864,1,92.94,0.00,949820416,1536,1251927040
181.1894,903405568,3701.9700,2901.64,0,500260864,1,89.48,0.00,949570560,1536,1251927040
181.2941,903405568,3703.6900,1643.26,0,500260864,1,51.65,0.00,950877184,1536,1252037632
181.3992,904192000,3706.0800,2273.49,0,501309440,1,79.37,0.00,949840896,1536,1252037632
181.5082,904192000,3709.5500,3182.65,0,501309440,1,91.72,0.00,949808128,1536,1252037632
181.6131,904192000,3712.2800,2602.25,0,501309440,1,81.02,0.00,950594560,1536,1252037632
181.7185,904192000,3713.5800,1234.00,0,501309440,1,38.86,0.00,950602752,1536,1252037632
181.8231,904192000,3715.6100,1940.89,0,502358016,1,69.02,0.00,951445504,1536,1252074496
181.9326,904192000,3719.1900,3270.25,0,502358016,1,94.20,0.00,950007808,1536,1252074496
182.0378,904192000,3722.2500,2906.63,0,502358016,1,91.72,0.00,949753856,1536,1252074496
182.1426,904978432,3723.8500,1526.61,0,502427648,1,45.32,0.00,950835200,1536,1252074496
182.2477,904978432,3726.8300,2835.01,0,503406592,1,92.76,0.00,950032384,1536,1252074496
182.3563,904978432,3730.1800,3087.45,0,503406592,1,93.03,0.00,949577728,1536,1252127744
182.4612,904978432,3732.7900,2487.16,0,503406592,1,77.43,0.00,949573632,1536,1252127744
182.5661,904978432,3733.7600,924.51,0,503406592,1,28.59,0.00,950130688,1536,1252127744
182.6714,905764864,3736.1400,2261.03,0,504455168,1,79.86,0.00,950749184,1536,1252127744
182.7801,905764864,3739.6200,3202.04,0,504455168,1,93.45,0.00,950515712,1536,1252127744
182.8881,905764864,3742.5700,2729.32,0,504455168,1,84.71,0.00,950515712,1536,1252127744
182.9961,905764864,3744.2100,1518.47,0,505503744,1,46.87,0.00,951899136,1536,1252127744
183.1013,905764864,3747.3300,2967.93,0,505503744,1,91.86,0.00,951899136,1536,1252127744
183.2062,905764864,3750.5200,3038.81,0,505503744,1,95.26,0.00,951899136,1536,1252127744
183.3118,905764864,3753.0900,2434.31,0,505503744,1,75.18,0.00,951436288,1536,1252127744
183.4170,905764864,3753.8100,684.44,0,506552320,1,21.09,0.00,952397824,1536,1252127744
183.5269,905764864,3757.0500,2947.85,0,506552320,1,95.53,0.00,952377344,1536,1252127744
183.6335,905764864,3760.2800,3031.31,0,506552320,1,91.80,0.00,952377344,1536,1252127744
183.7384,905764864,3762.6600,2268.89,0,506552320,1,69.71,0.00,952160256,1536,1252127744
183.8430,905764864,3763.4800,783.80,0,506552320,1,23.90,0.00,951500800,1536,1252127744
183.9521,905764864,3766.1600,2455.35,0,507600896,1,78.16,0.00,952856576,1536,1252127744
184.0575,905764864,3769.3800,3056.30,0,507600896,1,96.40,0.00,952610816,1536,1252127744
184.1625,905764864,3772.1300,2618.27,0,507600896,1,83.90,0.00,952610816,1536,1252127744
184.2673,905764864,3773.3900,1202.19,0,507600896,1,32.80,0.00,951528448,1536,1252127744
184.3761,906158080,3774.9400,1424.52,0,508649472,1,49.11,0.00,953162752,1536,1252127744
184.4813,906158080,3778.0600,2968.25,0,508649472,1,91.27,0.00,952687616,1536,1252127744
184.5870,906158080,3781.1200,2893.05,0,508649472,1,92.77,0.00,952687616,1536,1252275200
184.6920,906158080,3783.0000,1791.38,0,508649472,1,53.90,0.00,951776256,1536,1252275200
184.8001,906158080,3784.1900,1100.17,0,509698048,1,35.25,0.00,953373696,1536,1252275200
184.9053,906158080,3787.3100,2967.56,0,509698048,1,93.33,0.00,953369600,1536,1252275200
185.0107,906158080,3790.4200,2949.68,0,509698048,1,95.44,0.00,953369600,1536,1252275200
185.1163,906158080,3792.6100,2073.64,0,509698048,1,60.36,0.00,952291328,1536,1254763008
185.2215,906158080,3793.8700,1197.51,0,510746624,1,41.58,0.00,954388480,1536,1254763008
185.3268,906158080,3797.0400,3012.84,0,510746624,1,96.23,0.00,953921536,1536,1254763008
185.4361,906158080,3800.4900,3154.09,0,510746624,1,94.57,0.00,951543808,1536,1254803968
185.5412,905670656,3802.5400,1950.64,0,510746624,1,61.55,0.00,951543808,1536,1254803968
185.6481,906063872,3804.9500,2254.25,0,511795200,1,71.61,0.00,952525824,1536,1254803968
185.7537,906063872,3808.1800,3060.44,0,511795200,1,95.64,0.00,952521728,1536,1254803968
185.8584,906063872,3811.1000,2789.37,0,511795200,1,86.87,0.00,952546304,1536,1254803968
185.9631,906063872,3812.6000,1432.17,0,512151552,1,43.86,0.00,954102784,1536,1254803968
186.0724,906063872,3815.7500,2883.21,0,512843776,1,92.67,0.00,953836544,1536,1254803968
186.1774,906063872,3818.8700,2968.93,0,512843776,1,91.59,0.00,953836544,1536,1254803968
186.2833,906063872,3821.3100,2305.80,0,512843776,1,75.01,0.00,953836544,1536,1254803968
186.3881,905920512,3822.2600,906.43,0,512843776,1,24.75,0.00,953013248,1536,1254844928
186.4961,906313728,3825.0200,2553.87,0,513896448,1,81.83,0.00,952228864,1536,1254844928
186.6014,906313728,3828.2400,3057.80,0,513896448,1,95.26,0.00,952228864,1536,1255000576
186.7065,898891776,3831.0500,2675.66,0,513896448,1,86.29,0.00,944155648,1536,1255000576
186.8114,885735424,3832.4700,1353.09,0,514945024,1,47.35,0.00,931555328,1536,1255000576
186.9209,885735424,3835.9400,3170.56,0,514945024,1,91.66,0.00,931555328,1536,1255000576
187.0263,885735424,3839.1600,3053.89,0,514945024,1,94.84,0.00,930973696,1536,1255000576
187.1313,885735424,3841.6000,2324.10,0,514945024,1,75.31,0.00,930793472,1536,1255000576
187.2361,886128640,3843.0500,1383.33,0,515993600,1,46.21,0.00,932172800,1536,1255000576
187.3447,886128640,3846.1800,2882.50,0,515993600,1,86.34,0.00,931599360,1536,1255000576
187.4524,886128640,3849.3200,2915.80,0,515993600,1,91.41,0.00,930993152,1536,1255000576
187.5575,886128640,3851.3700,1949.82,0,515993600,1,59.74,0.00,930825216,1536,1255000576
187.6641,886128640,3853.0000,1528.70,0,517042176,1,49.24,0.00,932634624,1536,1255000576
187.7694,886128640,3856.1200,2965.05,0,517042176,1,92.06,0.00,932380672,1536,1255000576
187.8742,886128640,3859.2300,2967.75,0,517042176,1,91.85,0.00,932126720,1536,1255000576
187.9798,886128640,3861.5200,2167.35,0,517042176,1,67.73,0.00,931872768,1536,1255000576
188.0881,886128640,3863.3700,1707.86,0,518090752,1,55.68,0.00,932716544,1536,1255000576
188.1939,886128640,3866.4900,2950.88,0,518090752,1,91.03,0.00,932712448,1536,1255000576
188.2993,886128640,3869.5500,2902.66,0,518090752,1,92.78,0.00,931966976,1536,1255000576
188.4043,886128640,3871.5500,1904.98,0,518090752,1,55.66,0.00,931442688,1536,1255000576
188.5121,886128640,3872.9600,1307.25,0,519139328,1,44.04,0.00,933943296,1536,1255111168
188.6170,886128640,3876.1900,3079.20,0,519139328,1,97.71,0.00,933681152,1536,1255111168
188.7218,886128640,3879.4100,3075.08,0,519139328,1,94.90,0.00,932564992,1536,1255111168
188.8264,886128640,3881.6100,2101.46,0,519139328,1,67.16,0.00,932073472,1536,1255111168
188.9311,887308288,3883.7100,2006.21,0,520187904,1,70.16,0.00,934424576,1536,1255111168
189.0403,887308288,3887.1800,3177.32,0,520187904,1,90.71,0.00,933916672,1536,1255111168
189.1457,887308288,3890.0500,2723.46,0,520187904,1,86.89,0.00,932796416,1536,1255111168
189.2510,887308288,3891.8100,1672.07,0,520187904,1,50.47,0.00,932796416,1536,1255111168
189.3601,887308288,3893.7700,1795.29,0,521236480,1,55.82,0.00,934422528,1536,1255111168
189.4649,887308288,3896.8900,2978.91,0,521236480,1,93.69,0.00,933439488,1536,1255111168
189.5696,887308288,3899.8500,2825.46,0,521236480,1,88.00,0.00,932961280,1536,1255111168
189.6747,887308288,3901.7400,1798.24,0,521236480,1,55.01,0.00,933604352,1536,1255111168
189.7798,888094720,3903.8100,1970.70,0,522285056,1,68.43,0.00,934669312,1536,1255152128
189.8884,888094720,3907.1500,3074.80,0,522285056,1,91.20,0.00,934173696,1536,1255213568
189.9931,888094720,3910.1300,2845.98,0,522285056,1,89.83,0.00,932707328,1536,1255213568
190.0980,888094720,3911.9400,1725.09,0,522285056,1,52.12,0.00,932707328,1536,1255213568
190.2030,888094720,3914.3600,2306.75,0,523333632,1,82.51,0.00,934509568,1536,1257294848
190.3138,888094720,3917.9200,3211.30,0,523333632,1,93.02,0.00,934259712,1536,1257294848
190.4193,888094720,3920.8400,2766.79,0,523333632,1,87.94,0.00,934042624,1536,1257294848
190.5239,888487936,3922.3300,1424.78,0,524382208,1,45.12,0.00,934670336,1536,1257348096
190.6320,888487936,3925.6800,3099.48,0,524382208,1,94.55,0.00,934170624,1536,1257348096
190.7375,888487936,3928.9000,3053.53,0,524382208,1,94.83,0.00,934166528,1536,1257348096
190.8425,888487936,3931.4200,2398.03,0,524382208,1,77.02,0.00,933666816,1536,1257348096
190.9473,889667584,3932.4900,1021.38,0,525430784,1,40.27,0.00,935772160,1536,1257348096
191.0570,889667584,3935.7500,2972.62,0,525430784,1,85.49,0.00,935587840,1536,1257348096
191.1617,889667584,3938.7600,2873.15,0,525430784,1,89.49,0.00,935587840,1536,1257348096
191.2673,889667584,3941.1100,2226.19,0,525430784,1,71.64,0.00,934469632,1536,1257348096
191.3722,890060800,3941.9500,801.10,0,525500416,1,21.16,0.00,935026688,1536,1257348096
191.4801,890060800,3945.0500,2870.59,0,526479360,1,90.57,0.00,934608896,1536,1257409536
191.5858,890060800,3948.2500,3028.82,0,526479360,1,95.54,0.00,934608896,1536,1257409536
191.6906,890060800,3950.8400,2470.77,0,526479360,1,78.11,0.00,933551104,1536,1257409536
191.7954,890454016,3952.4700,1555.40,0,527527936,1,54.27,0.00,935427072,1536,1257434112
191.9045,890454016,3955.9400,3181.65,0,527527936,1,92.26,0.00,935427072,1536,1257434112
192.0095,890454016,3959.1700,3076.54,0,527527936,1,96.14,0.00,935181312,1536,1257434112
192.1243,890454016,3961.6600,2169.09,0,527527936,1,66.97,0.00,934054912,1536,1257434112
192.2321,890454016,3963.5300,1733.42,0,528576512,1,54.17,0.00,935925760,1536,1257434112
192.3370,890454016,3966.7500,3070.71,0,528576512,1,96.26,0.00,935438336,1536,1257434112
192.4425,890454016,3969.8600,2946.62,0,528576512,1,92.97,0.00,934713344,1536,1257434112
192.5472,890454016,3971.8200,1872.73,0,528576512,1,57.33,0.00,934713344,1536,1257434112
192.6561,890847232,3973.5800,1615.68,0,529625088,1,53.65,0.00,937199616,1536,1257434112
192.7681,890847232,3977.0500,3098.25,0,529625088,1,93.19,0.00,935990272,1536,1257434112
192.8735,890847232,3980.0900,2884.15,0,529625088,1,89.24,0.00,935482368,1536,1257434112
192.9780,890847232,3981.9700,1799.04,0,529625088,1,55.32,0.00,934974464,1536,1257434112
193.0841,891633664,3984.1700,2073.54,0,530673664,1,66.27,0.00,936583168,1536,1257434112
193.1893,891633664,3987.4000,3072.18,0,530673664,1,96.90,0.00,936583168,1536,1257434112
193.2963,891633664,3990.4100,2813.18,0,530673664,1,86.16,0.00,936079360,1536,1257434112
193.4008,891633664,3991.9700,1492.10,0,530673664,1,46.03,0.00,936079360,1536,1257434112
193.5081,892026880,3994.4700,2329.54,0,531722240,1,73.09,0.00,936951808,1536,1257434112
193.6132,892026880,3997.7000,3075.21,0,531722240,1,96.40,0.00,936951808,1536,1257434112
193.7179,892026880,4000.6000,2767.99,0,531722240,1,85.31,0.00,936135680,1536,1257434112
193.8233,892026880,4001.9800,1309.66,0,532770816,1,47.75,0.00,938544128,1536,1257434112
193.9328,892026880,4005.3600,3087.20,0,532770816,1,91.91,0.00,937497600,1536,1257434112
194.0385,892026880,4008.5900,3056.51,0,532770816,1,97.59,0.00,937243648,1536,1257434112
194.1440,892026880,4011.2800,2549.27,0,532770816,1,76.41,0.00,937239552,1536,1257434112
194.2521,892026880,4012.9800,1571.91,0,533819392,1,48.54,0.00,938095616,1536,1257434112
194.3577,892026880,4016.1000,2956.54,0,533819392,1,91.80,0.00,937567232,1536,1257434112
194.4630,892026880,4019.2200,2961.78,0,533819392,1,96.71,0.00,936285184,1536,1257434112
194.5695,892026880,4021.4600,2103.38,0,533819392,1,61.92,0.00,935356416,1536,1257589760
194.6761,892813312,4022.9400,1387.90,0,534867968,1,43.08,0.00,940087296,1536,1257589760
194.7819,892813312,4026.1600,3045.74,0,534867968,1,95.18,0.00,940087296,1536,1257589760
194.8870,892813312,4029.3800,3062.28,0,534867968,1,99.26,0.00,938158080,1536,1257589760
194.9946,892813312,4031.5400,2007.67,0,534867968,1,58.96,0.00,937895936,1536,1257589760
195.0996,893206528,4033.2300,1609.20,0,535916544,1,58.62,0.00,939153408,1536,1257589760
195.2089,893206528,4036.7000,3174.38,0,535916544,1,91.77,0.00,938952704,1536,1257589760
195.3135,893206528,4039.7900,2955.59,0,535916544,1,93.56,0.00,938272768,1536,1260053504
195.4180,893206528,4041.9100,2027.58,0,535916544,1,61.57,0.00,938276864,1536,1260592128
195.5230,893206528,4044.1200,2105.54,0,536973312,1,75.03,0.00,938994688,1536,1260592128
195.6321,893206528,4047.1400,2768.07,0,536973312,1,77.91,0.00,938761216,1536,1260592128
195.7401,893599744,4049.1600,1869.79,0,538021888,1,59.01,0.00,940140544,1536,1260653568
195.8450,893599744,4052.2800,2976.57,0,538021888,1,93.32,0.00,939657216,1536,1260653568
195.9495,893992960,4053.7300,1387.41,0,538779648,1,41.56,0.00,940423168,1536,1260653568
196.0581,893992960,4056.9500,2964.75,0,539070464,1,93.22,0.00,939340800,1536,1260653568
196.1631,893992960,4059.3900,2323.35,0,539070464,1,72.01,0.00,939627520,1536,1260653568
196.2677,893992960,4061.5500,2064.58,0,540119040,1,66.91,0.00,939237376,1536,1260653568
196.3763,893992960,4064.3900,2616.28,0,540119040,1,77.44,0.00,938745856,1536,1260653568
196.4841,893992960,4065.6000,1121.74,0,541167616,1,37.95,0.00,938736640,1536,1260653568
196.5895,893992960,4068.8200,3057.32,0,541167616,1,94.35,0.00,938478592,1536,1260653568
196.6940,893992960,4070.9400,2027.53,0,541237248,1,62.46,0.00,939846656,1536,1260653568
196.8001,893992960,4073.7300,2629.15,0,542216192,1,84.22,0.00,939600896,1536,1260653568
196.9054,893992960,4076.3000,2441.89,0,542216192,1,76.01,0.00,939600896,1536,1260653568
197.0121,894779392,4078.5600,2116.98,0,543264768,1,64.69,0.00,940952576,1536,1260678144
197.1175,894779392,4081.5200,2810.32,0,543264768,1,89.01,0.00,941054976,1536,1260678144
197.2241,894779392,4083.5000,1856.15,0,544313344,1,59.18,0.00,940051456,1536,1260678144
197.3292,894779392,4086.7000,3046.03,0,544313344,1,94.30,0.00,939805696,1536,1260678144
197.4337,895172608,4088.2200,1454.84,0,544382976,1,43.67,0.00,940334080,1536,1260678144
197.5401,895172608,4091.0700,2676.94,0,545361920,1,84.53,0.00,940177408,1536,1260678144
197.6456,895172608,4093.5000,2303.22,0,545361920,1,71.38,0.00,939915264,1536,1260678144
197.7512,895172608,4094.8700,1297.45,0,546410496,1,48.24,0.00,942192640,1536,1260678144
197.8608,895172608,4098.1100,2956.73,0,546410496,1,84.70,0.00,941488128,1536,1260678144
197.9654,895172608,4099.4100,1243.34,0,546480128,1,37.66,0.00,942045184,1536,1260678144
198.0721,895172608,4102.2400,2650.59,0,547459072,1,83.42,0.00,941728768,1536,1260678144
198.1778,895172608,4104.8500,2470.10,0,547459072,1,77.49,0.00,941728768,1536,1260678144
198.2841,895565824,4107.1400,2153.54,0,548507648,1,65.24,0.00,941511680,1536,1260678144
198.3895,895565824,4110.0700,2782.19,0,548507648,1,87.24,0.00,941163520,1536,1260678144
198.4961,895959040,4112.1300,1930.89,0,549556224,1,61.22,0.00,941170688,1536,1260678144
198.6014,895959040,4115.3400,3049.25,0,549556224,1,94.99,0.00,941473792,1536,1260678144
198.7121,895959040,4117.2700,1743.00,0,550604800,1,56.44,0.00,942747648,1536,1260678144
198.8176,895959040,4120.5000,3062.03,0,550604800,1,94.50,0.00,942292992,1536,1260678144
198.9224,895959040,4122.8600,2252.03,0,550604800,1,70.08,0.00,942292992,1536,1260678144
199.0272,895959040,4125.1900,2223.59,0,551653376,1,79.93,0.00,943422464,1536,1260678144
199.1363,895959040,4128.1600,2721.30,0,551653376,1,77.31,0.00,943422464,1536,1260678144
199.2441,895959040,4129.9600,1669.84,0,552701952,1,52.18,0.00,943508480,1536,1260690432
199.3499,895959040,4132.9900,2866.18,0,552701952,1,89.57,0.00,942947328,1536,1260690432
199.4547,895959040,4134.4100,1353.89,0,552771584,1,40.52,0.00,943471616,1536,1260690432
199.5641,896745472,4137.3000,2641.69,0,553750528,1,84.55,0.00,942865408,1536,1260690432
199.6692,896745472,4139.7800,2360.08,0,553750528,1,71.97,0.00,942545920,1536,1260690432
199.7761,896745472,4141.1900,1318.71,0,554799104,1,43.84,0.00,944560128,1536,1260690432
199.8819,896745472,4144.3900,3024.72,0,554799104,1,92.45,0.00,944068608,1536,1260690432
199.9866,896745472,4145.8300,1376.21,0,554799104,1,43.60,0.00,943601664,1536,1260690432
200.0913,897531904,4148.1600,2225.23,0,555847680,1,79.39,0.00,944800768,1536,1260690432
200.2013,897531904,4150.9500,2536.18,0,555847680,1,71.87,0.00,944550912,1536,1260690432
200.3081,897531904,4152.4400,1394.46,0,556896256,1,45.62,0.00,944474112,1536,1260690432
200.4192,897531904,4155.6400,2881.28,0,556896256,1,90.32,0.00,944736256,1536,1260690432
200.5237,897531904,4157.1100,1406.20,0,557113344,1,40.95,0.00,944879616,1536,1264305152
200.6288,897531904,4159.8800,2637.28,0,557944832,1,85.39,0.00,944323584,1536,1264305152
200.7347,897531904,4162.4000,2378.60,0,557944832,1,74.92,0.00,944180224,1536,1264305152
200.8393,899104768,4164.4400,1951.52,0,558993408,1,69.36,0.00,944655360,1536,1264305152
200.9481,899104768,4167.6300,2930.70,0,558993408,1,83.55,0.00,944405504,1536,1264305152
201.0561,899497984,4169.7400,1952.94,0,560041984,1,61.03,0.00,945937408,1536,1264305152
201.1612,899497984,4173.0400,3142.06,0,560041984,1,97.89,0.00,945429504,1536,1264305152
201.2681,899891200,4174.7100,1561.13,0,561090560,1,46.16,0.00,946411520,1536,1264305152
201.3728,899891200,4177.9200,3067.97,0,561090560,1,97.37,0.00,945920000,1536,1264305152
201.4777,899891200,4180.1000,2077.55,0,561090560,1,63.14,0.00,945154048,1536,1264444416
201.5829,900677632,4182.3900,2177.16,0,562139136,1,75.76,0.00,946690048,1536,1264444416
201.6919,900677632,4185.3000,2669.94,0,562139136,1,76.27,0.00,946690048,1536,1264444416
201.8001,901070848,4187.1600,1718.03,0,563187712,1,53.98,0.00,946770944,1536,1264501760
201.9058,901070848,4190.0400,2726.89,0,563187712,1,84.03,0.00,946770944,1536,1264501760
202.0109,901070848,4191.2600,1159.95,0,563257344,1,34.17,0.00,947303424,1536,1264526336
202.1201,901070848,4194.1900,2682.93,0,564236288,1,89.28,0.00,948614144,1536,1264526336
202.2284,901070848,4196.6500,2273.20,0,564236288,1,66.13,0.00,947068928,1536,1264526336
202.3401,901070848,4197.9900,1198.72,0,565284864,1,37.18,0.00,948195328,1536,1264526336
202.4452,901070848,4201.0400,2903.12,0,565284864,1,90.72,0.00,948187136,1536,1264526336
202.5601,901070848,4202.8800,1600.88,0,566333440,1,49.76,0.00,947988480,1536,1264526336
202.6650,901070848,4206.1100,3079.91,0,566333440,1,95.95,0.00,947742720,1536,1264526336
202.7698,901070848,4208.2800,2071.02,0,566333440,1,63.53,0.00,947742720,1536,1264526336
202.8761,901070848,4209.7900,1419.89,0,567382016,1,45.25,0.00,948815872,1536,1264526336
202.9815,901070848,4212.7600,2819.24,0,567382016,1,87.51,0.00,947299328,1536,1264526336
203.0881,902250496,4214.3400,1481.41,0,568430592,1,44.54,0.00,948696064,1536,1264526336
203.1934,902250496,4217.4600,2963.81,0,568430592,1,92.62,0.00,948646912,1536,1264526336
203.2987,902250496,4219.5700,2004.09,0,568430592,1,61.44,0.00,947627008,1536,1264526336
203.4081,902643712,4221.2000,1489.35,0,569479168,1,50.83,0.00,949683200,1536,1264526336
203.5165,902643712,4224.1600,2732.88,0,569479168,1,81.65,0.00,948749312,1536,1264526336
203.6212,902643712,4225.1400,935.31,0,569548800,1,27.44,0.00,948368384,1536,1264526336
203.7323,902643712,4228.3100,2853.76,0,570527744,1,92.27,0.00,949195776,1536,1264526336
203.8375,902643712,4230.5900,2166.92,0,570527744,1,66.23,0.00,948741120,1536,1264526336
203.9441,903430144,4232.9800,2241.74,0,571576320,1,70.93,0.00,948865024,1536,1264526336
204.0501,903430144,4235.6200,2490.59,0,571576320,1,77.24,0.00,948369408,1536,1264526336
204.1561,903823360,4237.3500,1632.08,0,572628992,1,51.59,0.00,950470656,1536,1264526336
204.2616,903823360,4240.3800,2873.37,0,572628992,1,88.31,0.00,949520384,1536,1264526336
204.3664,903823360,4241.7000,1259.74,0,572698624,1,37.88,0.00,949629952,1536,1264526336
204.4713,904216576,4244.4400,2612.46,0,573677568,1,89.39,0.00,950002688,1536,1264526336
204.5806,904216576,4247.1800,2505.29,0,573677568,1,71.15,0.00,949584896,1536,1264686080
204.6881,904609792,4249.4100,2074.14,0,574730240,1,65.40,0.00,950120448,1536,1264686080
204.7938,904609792,4252.3400,2772.12,0,574730240,1,86.63,0.00,950124544,1536,1264686080
204.9001,905003008,4253.9500,1514.51,0,575778816,1,46.15,0.00,952332288,1536,1264735232
205.0048,905003008,4257.1600,3067.38,0,575778816,1,94.96,0.00,951820288,1536,1264735232
205.1123,905003008,4259.0800,1786.77,0,575778816,1,54.09,0.00,950353920,1536,1264735232
205.2201,905396224,4261.0600,1835.16,0,576827392,1,59.09,0.00,952193024,1536,1264735232
205.3256,904724480,4263.9600,2749.43,0,576827392,1,85.33,0.00,950120448,1536,1264735232
205.4321,903413760,4266.0600,1971.36,0,577875968,1,61.31,0.00,948043776,1536,1264776192
205.5370,903413760,4269.3500,3138.11,0,577875968,1,96.87,0.00,947314688,1536,1264776192
205.6415,904200192,4270.8800,1464.24,0,578904064,1,47.55,0.00,949575680,1536,1267439616
205.7466,904200192,4274.0000,2968.99,0,578924544,1,96.94,0.00,949612544,1536,1267439616
205.8522,904200192,4276.4100,2282.34,0,578924544,1,65.40,0.00,949428224,1536,1267439616
205.9601,904200192,4279.1100,2500.21,0,579973120,1,77.84,0.00,949189632,1536,1267439616
206.0659,904200192,4281.8700,2609.02,0,579973120,1,80.65,0.00,949189632,1536,1267439616
206.1711,904593408,4284.0200,2043.67,0,581021696,1,73.67,0.00,950492160,1536,1267439616
206.2806,904593408,4287.1400,2849.01,0,581021696,1,81.90,0.00,950492160,1536,1267439616
206.3921,904986624,4289.0300,1695.11,0,582070272,1,54.09,0.00,949906432,1536,1267439616
206.4977,904986624,4292.1400,2946.65,0,582070272,1,91.49,0.00,949427200,1536,1267439616
206.6026,904986624,4293.6400,1429.58,0,583098368,1,54.50,0.00,951102464,1536,1267439616
206.7123,904986624,4297.1100,3164.46,0,583118848,1,92.05,0.00,950852608,1536,1267439616
206.8167,904986624,4299.2800,2077.07,0,583118848,1,63.11,0.00,950160384,1536,1267439616
206.9241,904986624,4301.7800,2327.74,0,584167424,1,72.45,0.00,949429248,1536,1267439616
207.0293,904986624,4304.5100,2597.01,0,584167424,1,81.16,0.00,949150720,1536,1267439616
207.1361,904986624,4306.5700,1927.41,0,585216000,1,61.69,0.00,950735872,1536,1267484672
207.2415,904986624,4309.6100,2886.52,0,585216000,1,88.42,0.00,950572032,1536,1267484672
207.3460,904986624,4310.7400,1081.09,0,585285632,1,34.98,0.00,950887424,1536,1267484672
207.4521,904986624,4313.6700,2760.05,0,586264576,1,89.20,0.00,950304768,1536,1267484672
207.5576,904986624,4316.2300,2428.38,0,586264576,1,74.40,0.00,949510144,1536,1267484672
207.6641,904986624,4318.6000,2223.70,0,587313152,1,68.90,0.00,952187904,1536,1267509248
207.7689,904986624,4321.4300,2700.82,0,587313152,1,84.40,0.00,951696384,1536,1267509248
207.8761,905379840,4323.4000,1837.40,0,588361728,1,58.29,0.00,952394752,1536,1267509248
207.9816,905379840,4326.5400,2978.74,0,588361728,1,93.09,0.00,951645184,1536,1267509248
208.0862,905773056,4328.0100,1404.48,0,589389824,1,41.20,0.00,952972288,1536,1267509248
208.1940,905773056,4331.1200,2885.52,0,589410304,1,92.78,0.00,953259008,1536,1267509248
208.2992,905773056,4333.5700,2329.69,0,589410304,1,71.91,0.00,953521152,1536,1267509248
208.4041,906559488,4335.8300,2153.99,0,590458880,1,71.48,0.00,952442880,1536,1267509248
208.5129,906559488,4338.6000,2545.30,0,590458880,1,74.95,0.00,952184832,1536,1267509248
208.6201,906952704,4340.5400,1809.17,0,591507456,1,57.41,0.00,953872384,1536,1267509248
208.7252,906952704,4343.5700,2884.78,0,591507456,1,88.96,0.00,953507840,1536,1267509248
208.8299,906952704,4344.8300,1202.83,0,592535552,1,44.45,0.00,953116672,1536,1267509248
208.9404,906952704,4348.1200,2976.94,0,592556032,1,87.66,0.00,952375296,1536,1267509248
209.0453,906952704,4350.3900,2164.28,0,592556032,1,67.04,0.00,952657920,1536,1267509248
209.1561,907345920,4352.2400,1669.49,0,593604608,1,54.15,0.00,954275840,1536,1267509248
209.2615,907345920,4355.1000,2714.94,0,593604608,1,85.44,0.00,953411584,1536,1267578880
209.3663,906887168,4356.1800,1030.78,0,594632704,1,32.21,0.00,952964096,1536,1267578880
209.4725,906887168,4359.1900,2833.58,0,594653184,1,91.49,0.00,952714240,1536,1267578880
209.5812,906887168,4361.5100,2134.00,0,594653184,1,62.38,0.00,952589312,1536,1267578880
209.6882,907280384,4363.9000,2234.79,0,595701760,1,71.30,0.00,953198592,1536,1318209536
209.7945,907280384,4366.8600,2783.25,0,595701760,1,88.74,0.00,952719360,1536,1318266880
209.8993,907083776,4368.9500,1993.87,0,596754432,1,67.38,0.00,953792512,1536,1318266880
210.0088,907083776,4372.2300,2996.70,0,596754432,1,84.80,0.00,953792512,1536,1318266880
210.1133,903467008,4373.5100,1224.71,0,596824064,1,39.17,0.00,937157632,1536,1318266880
210.2179,885936128,4376.0400,2417.90,0,597803008,1,76.75,0.00,931382272,1536,1318266880
210.3240,885936128,4378.5900,2403.96,0,597803008,1,74.53,0.00,931169280,1536,1318266880
210.4288,886329344,4379.9900,1336.09,0,598851584,1,42.35,0.00,932566016,1536,1318266880
210.5346,886329344,4383.2200,3051.47,0,598851584,1,98.90,0.00,931881984,1536,1318266880
210.6393,887115776,4384.8300,1538.75,0,599900160,1,45.70,0.00,932599808,1536,1318266880
210.7448,887115776,4388.0300,3031.00,0,599900160,1,93.24,0.00,931325952,1536,1422089728
210.8508,887115776,4390.4200,2255.98,0,599900160,1,71.68,0.00,931088384,1536,1422089728
210.9601,887115776,4392.4600,1865.29,0,600948736,1,58.86,0.00,933746688,1536,1422089728
211.0658,887115776,4395.5000,2877.65,0,600948736,1,88.45,0.00,932984832,1536,1422425600
211.1721,887508992,4397.4900,1871.10,0,601997312,1,58.77,0.00,933504000,1536,1422425600
211.2775,887508992,4400.8200,3162.19,0,601997312,1,98.52,0.00,933270528,1536,1422425600
211.3881,887902208,4402.6300,1635.15,0,603045888,1,52.23,0.00,934470656,1536,1422425600
211.4932,887902208,4405.8500,3064.59,0,603045888,1,94.58,0.00,934470656,1536,1422425600
211.5982,887902208,4408.0300,2075.68,0,603045888,1,64.27,0.00,932411392,1536,1422425600
211.7041,888295424,4410.1900,2039.60,0,604094464,1,66.69,0.00,934529024,1536,1422425600
211.8091,888295424,4412.8700,2552.79,0,604094464,1,78.29,0.00,934045696,1536,1422482944
211.9161,888295424,4414.6200,1635.28,0,605143040,1,49.35,0.00,933532672,1536,1422482944
212.0210,888295424,4417.8300,3061.07,0,605143040,1,97.15,0.00,932574208,1536,1422482944
212.1255,888295424,4419.3200,1425.51,0,605212672,1,43.65,0.00,933618688,1536,1422536192
212.2321,888295424,4422.3500,2842.16,0,606191616,1,91.75,0.00,934413312,1536,1422536192
212.3377,888295424,4424.7600,2282.59,0,606191616,1,70.74,0.00,934175744,1536,1422536192
212.4441,888295424,4426.5300,1663.21,0,607240192,1,55.50,0.00,934487040,1536,1422536192
212.5494,888295424,4429.4600,2784.11,0,607240192,1,86.11,0.00,934745088,1536,1422536192
212.6561,888688640,4430.8400,1292.65,0,608288768,1,43.91,0.00,935977984,1536,1422536192
212.7611,888688640,4433.9600,2973.80,0,608288768,1,92.63,0.00,935969792,1536,1422536192
212.8664,888688640,4435.9400,1879.72,0,608288768,1,56.66,0.00,935494656,1536,1422536192
212.9711,889475072,4438.1700,2130.73,0,609337344,1,74.05,0.00,934678528,1536,1422630400
213.0809,889475072,4440.9700,2548.13,0,609337344,1,72.80,0.00,934432768,1536,1422630400
213.1881,889475072,4442.7800,1688.34,0,610385920,1,55.68,0.00,936108032,1536,1422630400
213.2936,889475072,4445.7500,2815.31,0,610385920,1,87.68,0.00,936108032,1536,1422630400
213.4001,890261504,4447.3500,1502.27,0,611434496,1,49.59,0.00,936051712,1536,1422630400
213.5054,890261504,4450.4700,2964.88,0,611434496,1,92.36,0.00,935797760,1536,1422630400
213.6123,890261504,4452.4800,1880.34,0,611434496,1,57.30,0.00,934958080,1536,1422630400
213.7169,890261504,4454.8700,2284.75,0,612483072,1,73.19,0.00,937051136,1536,1422630400
213.8224,890261504,4457.5300,2521.94,0,612483072,1,78.22,0.00,936576000,1536,1422630400
213.9270,890654720,4459.3500,1738.36,0,613531648,1,60.29,0.00,936402944,1536,1422630400
214.0369,890654720,4462.6500,3004.51,0,613531648,1,87.92,0.00,935452672,1536,1422630400
214.1441,891441152,4464.4100,1640.86,0,614580224,1,50.11,0.00,938020864,1536,1422630400
214.2496,891441152,4467.5700,2996.66,0,614580224,1,93.65,0.00,937299968,1536,1422630400
214.3547,891441152,4469.3800,1722.17,0,614580224,1,53.22,0.00,936496128,1536,1422630400
214.4599,891441152,4471.7600,2262.76,0,615628800,1,74.87,0.00,937577472,1536,1422630400
214.5683,891441152,4474.5400,2564.37,0,615628800,1,77.25,0.00,937577472,1536,1422777856
214.6761,891834368,4476.3200,1650.26,0,616677376,1,50.41,0.00,939682816,1536,1422777856
214.7812,891834368,4479.3700,2903.90,0,616677376,1,89.85,0.00,937390080,1536,1422777856
214.8858,891834368,4480.8300,1395.68,0,616747008,1,42.42,0.00,937955328,1536,1422777856
214.9921,892620800,4483.6300,2632.54,0,617725952,1,82.85,0.00,938749952,1536,1422777856
215.0969,892620800,4486.1700,2424.23,0,617725952,1,75.16,0.00,938504192,1536,1422777856
215.2041,893407232,4488.1400,1837.32,0,618774528,1,56.25,0.00,940077056,1536,1422777856
215.3087,893407232,4491.0900,2822.65,0,618774528,1,88.21,0.00,937297920,1536,1422777856
215.4132,893407232,4492.4200,1271.75,0,619802624,1,45.42,0.00,938532864,1536,1422818816
215.5241,893407232,4495.9100,3146.71,0,619823104,1,92.70,0.00,938045440,1536,1422818816
215.6292,893407232,4498.2100,2189.58,0,619823104,1,67.23,0.00,937672704,1536,1422818816
215.7338,893407232,4500.7000,2380.94,0,620871680,1,73.81,0.00,939528192,1536,1422818816
215.8394,893407232,4503.4100,2564.34,0,620871680,1,82.21,0.00,937840640,1536,1425448960
215.9442,893407232,4505.3400,1842.12,0,621920256,1,55.78,0.00,940236800,1536,1425448960
216.0504,893407232,4508.1700,2664.32,0,621920256,1,85.03,0.00,940089344,1536,1425448960
216.1552,893407232,4509.3500,1126.24,0,621989888,1,31.62,0.00,941154304,1536,1425448960
216.2641,893407232,4512.0300,2460.24,0,622968832,1,80.90,0.00,941244416,1536,1425448960
216.3730,893407232,4514.6600,2415.80,0,622968832,1,71.76,0.00,941506560,1536,1425448960
216.4775,893407232,4516.6900,1942.90,0,624017408,1,61.31,0.00,939803648,1536,1425448960
216.5833,893407232,4519.6100,2758.77,0,624017408,1,87.98,0.00,939308032,1536,1425514496
216.6879,893407232,4521.1700,1491.73,0,625065984,1,44.52,0.00,941446144,1536,1425514496
216.7930,893407232,4524.2900,2969.52,0,625065984,1,91.91,0.00,940946432,1536,1425514496
216.8985,893800448,4526.0600,1677.79,0,625065984,1,51.25,0.00,941261824,1536,1425514496
217.0033,893800448,4527.8400,1697.45,0,626114560,1,60.50,0.00,942318592,1536,1425514496
217.1124,893800448,4530.8400,2749.59,0,626114560,1,78.76,0.00,942314496,1536,1425514496
217.2172,893800448,4532.0500,1154.75,0,627163136,1,39.07,0.00,940890112,1536,1425543168
217.3241,893800448,4535.3600,3096.00,0,627163136,1,95.58,0.00,940414976,1536,1425543168
217.4297,894193664,4537.1600,1705.64,0,627232768,1,51.52,0.00,941201408,1536,1425543168
217.5341,894980096,4539.6200,2355.51,0,628211712,1,77.20,0.00,942000128,1536,1425543168
217.6397,894980096,4542.2400,2480.31,0,628211712,1,74.26,0.00,941787136,1536,1425543168
217.7482,895766528,4544.0500,1669.53,0,629264384,1,51.60,0.00,942905344,1536,1425543168
217.8535,895766528,4546.9600,2761.63,0,629264384,1,85.41,0.00,939588608,1536,1425620992
217.9585,896159744,4548.2300,1209.92,0,629334016,1,38.41,0.00,940915712,1536,1425620992
218.0634,896159744,4550.9000,2545.81,0,630312960,1,85.52,0.00,942476288,1536,1425620992
218.1684,896159744,4553.5600,2533.81,0,630312960,1,74.72,0.00,942476288,1536,1425620992
218.2730,896552960,4554.7900,1175.10,0,631361536,1,40.60,0.00,944335872,1536,1425620992
218.3801,896552960,4558.0200,3015.33,0,631361536,1,93.65,0.00,943389696,1536,1425620992
218.4851,896552960,4559.5700,1476.43,0,632389632,1,46.73,0.00,942770176,1536,1425620992
218.5953,896552960,4562.8200,2949.75,0,632410112,1,97.85,0.00,941295616,1536,1425620992
218.7008,896552960,4565.3100,2360.31,0,632410112,1,69.61,0.00,940967936,1536,1425620992
218.8081,896946176,4567.6800,2207.85,0,633458688,1,71.03,0.00,942880768,1536,1425620992
218.9136,896946176,4570.4100,2589.07,0,633458688,1,78.24,0.00,942389248,1536,1425620992
219.0241,896946176,4572.3100,1718.62,0,634507264,1,55.97,0.00,944293888,1536,1425620992
219.1295,896946176,4575.5800,3102.45,0,634507264,1,96.65,0.00,944551936,1536,1426059264
219.2341,896946176,4577.1300,1481.84,0,635555840,1,47.80,0.00,943635456,1536,1426059264
219.3392,896946176,4580.1500,2875.93,0,635555840,1,92.25,0.00,942652416,1536,1426059264
219.4440,896946176,4582.4500,2193.20,0,635555840,1,64.96,0.00,942652416,1536,1426059264
219.5493,897339392,4583.9400,1415.76,0,636604416,1,45.13,0.00,945028096,1536,1426059264
219.6593,897339392,4587.1300,2897.98,0,636604416,1,92.83,0.00,944774144,1536,1426096128
219.7643,897339392,4588.4400,1247.93,0,636674048,1,35.43,0.00,945486848,1536,1426145280
219.8721,897339392,4591.4500,2791.49,0,637652992,1,89.84,0.00,946289664,1536,1426145280
219.9775,897339392,4593.9300,2353.76,0,637652992,1,72.37,0.00,943776768,1536,1426145280
220.0841,897732608,4595.1200,1115.98,0,638701568,1,33.70,0.00,946398208,1536,1426145280
220.1895,897732608,4598.2400,2961.89,0,638701568,1,94.34,0.00,945890304,1536,1426145280
220.2943,897732608,4600.0200,1698.92,0,638771200,1,51.00,0.00,946422784,1536,1426145280
220.3990,898125824,4602.9200,2768.79,0,639750144,1,96.07,0.00,946709504,1536,1426145280
220.5086,898125824,4605.7000,2536.59,0,639750144,1,69.57,0.00,946709504,1536,1426145280
220.6161,898125824,4608.0900,2222.12,0,640798720,1,69.73,0.00,945077248,1536,1426194432
220.7215,898125824,4610.9900,2751.39,0,640798720,1,85.98,0.00,944831488,1536,1426194432
220.8281,898519040,4613.0500,1932.46,0,641847296,1,61.27,0.00,945552384,1536,1426194432
220.9327,898519040,4616.2000,3011.56,0,641847296,1,93.51,0.00,945552384,1536,1428759552
221.0401,899305472,4618.0800,1750.41,0,642895872,1,53.83,0.00,947563520,1536,1428759552
221.1454,899305472,4621.3000,3060.00,0,642895872,1,97.11,0.00,945378304,1536,1428759552
221.2503,899305472,4623.4600,2058.57,0,642965504,1,61.95,0.00,946168832,1536,1428759552
221.3601,899305472,4626.4100,2685.52,0,643944448,1,89.33,0.00,946283520,1536,1428759552
221.4693,899305472,4629.0700,2437.85,0,643944448,1,71.03,0.00,946283520,1536,1428759552
221.5761,899305472,4630.9100,1721.48,0,644993024,1,54.38,0.00,946418688,1536,1428759552
221.6811,899698688,4634.0300,2972.01,0,644993024,1,91.98,0.00,946426880,1536,1428759552
221.7881,900485120,4635.9300,1775.37,0,646041600,1,55.77,0.00,947500032,1536,1428759552
221.8932,900485120,4639.0500,2969.73,0,646041600,1,91.91,0.00,947016704,1536,1428759552
221.9979,900485120,4640.7500,1623.45,0,646041600,1,50.43,0.00,946787328,1536,1428759552
222.1025,901271552,4642.4000,1577.97,0,647090176,1,54.09,0.00,947363840,1536,1428759552
222.2072,901271552,4645.3500,2816.29,0,647090176,1,85.92,0.00,947118080,1536,1428829184
222.3120,901271552,4646.5800,1174.29,0,648118272,1,35.80,0.00,948199424,1536,1428947968
222.4172,901271552,4649.7000,2963.77,0,648138752,1,93.21,0.00,947949568,1536,1428947968
222.5220,901271552,4652.1300,2320.77,0,648138752,1,69.84,0.00,947949568,1536,1428947968
222.6268,901664768,4653.7700,1564.72,0,649187328,1,55.46,0.00,947428352,1536,1428947968
222.7323,901664768,4656.8700,2937.90,0,649187328,1,86.18,0.00,947182592,1536,1428947968
222.8401,902057984,4658.2900,1316.52,0,650235904,1,41.72,0.00,948780032,1536,1428947968
222.9450,902057984,4661.6000,3157.89,0,650235904,1,97.49,0.00,948521984,1536,1428947968
223.0500,902451200,4663.9200,2207.79,0,650235904,1,69.59,0.00,948784128,1536,1428947968
223.1550,902451200,4666.5000,2458.45,0,651284480,1,85.46,0.00,947845120,1536,1428947968
223.2640,902451200,4669.4300,2688.05,0,651284480,1,75.69,0.00,947845120,1536,1428947968
223.3721,903237632,4671.6900,2089.57,0,652333056,1,67.90,0.00,949192704,1536,1428947968
223.4771,903237632,4674.7300,2895.19,0,652333056,1,89.58,0.00,949192704,1536,1428947968
223.5841,903237632,4676.6700,1813.13,0,653381632,1,56.95,0.00,948364288,1536,1428947968
223.6899,903237632,4679.8800,3035.56,0,653381632,1,95.75,0.00,948147200,1536,1428947968
223.8001,903237632,4681.8200,1759.51,0,654430208,1,54.42,0.00,949720064,1536,1428947968
223.9052,903237632,4684.9400,2971.36,0,654430208,1,93.75,0.00,949482496,1536,1428947968
224.0109,903237632,4687.1900,2127.89,0,654430208,1,64.72,0.00,949253120,1536,1428947968
224.1159,903237632,4689.5600,2257.72,0,655478784,1,74.13,0.00,951350272,1536,1428947968
224.2249,903237632,4692.3500,2558.39,0,655478784,1,76.80,0.00,949340160,1536,1428947968
224.3321,903237632,4694.1300,1660.03,0,656527360,1,50.71,0.00,950601728,1536,1428947968
224.4376,903237632,4697.2800,2986.04,0,656527360,1,93.02,0.00,949478400,1536,1428947968
224.5441,903630848,4698.9800,1596.08,0,657575936,1,50.76,0.00,951899136,1536,1428947968
224.6499,903630848,4702.2100,3052.79,0,657575936,1,95.10,0.00,951297024,1536,1429095424
224.7554,904024064,4704.2300,1916.17,0,657645568,1,57.21,0.00,952341504,1536,1429095424
224.8641,904024064,4707.1800,2711.99,0,658624512,1,87.05,0.00,952914944,1536,1429095424
224.9690,904024064,4709.7700,2471.14,0,658624512,1,75.73,0.00,950112256,1536,1429095424
225.0761,904810496,4712.1400,2210.91,0,659673088,1,70.84,0.00,952905728,1536,1429095424
225.1819,904810496,4714.9600,2667.21,0,659673088,1,81.58,0.00,952406016,1536,1429095424
225.2881,903442432,4716.7500,1684.45,0,660721664,1,55.87,0.00,949026816,1536,1429095424
225.3934,903442432,4719.8600,2954.22,0,660721664,1,91.73,0.00,948539392,1536,1429136384
225.4979,903835648,4721.2700,1349.08,0,660791296,1,41.26,0.00,948785152,1536,1429136384
225.6041,904228864,4723.9600,2532.72,0,661770240,1,81.50,0.00,949104640,1536,1429136384
225.7094,904228864,4726.5400,2450.80,0,661770240,1,75.70,0.00,948948992,1536,1429193728
225.8241,904228864,4728.8700,2030.85,0,662818816,1,62.65,0.00,950521856,1536,1429193728
225.9299,904228864,4731.7100,2684.86,0,662818816,1,83.61,0.00,950784000,1536,1429193728
226.0361,904228864,4732.8000,1026.12,0,663867392,1,35.89,0.00,949884928,1536,1432729600
226.1412,904228864,4736.0300,3075.73,0,663867392,1,95.52,0.00,949884928,1536,1432729600
226.2465,904228864,4738.2400,2098.72,0,663867392,1,64.99,0.00,949381120,1536,1432729600
226.3515,904228864,4740.5100,2161.78,0,664915968,1,75.59,0.00,950495232,1536,1432729600
226.4607,904228864,4743.4300,2673.78,0,664915968,1,76.12,0.00,950753280,1536,1432729600
226.5681,904622080,4745.3800,1814.51,0,665964544,1,57.29,0.00,952076288,1536,1432729600
226.6732,904622080,4748.4300,2903.40,0,665964544,1,89.54,0.00,951408640,1536,1432729600
226.7801,904622080,4750.0800,1542.83,0,667013120,1,49.67,0.00,951211008,1536,1432729600
226.8857,904622080,4753.1000,2861.94,0,667013120,1,88.25,0.00,950461440,1536,1432729600
226.9913,904622080,4754.9100,1713.63,0,667013120,1,53.55,0.00,951223296,1536,1432729600
227.1001,905408512,4757.4900,2370.14,0,668061696,1,73.78,0.00,952280064,1536,1432729600
227.2055,905408512,4759.9400,2326.01,0,668061696,1,71.20,0.00,952280064,1536,1432729600
227.3108,905801728,4761.6100,1585.76,0,669110272,1,53.41,0.00,950583296,1536,1432729600
227.4159,905801728,4764.7300,2966.86,0,669110272,1,89.15,0.00,949850112,1536,1432729600
227.5206,906194944,4766.1300,1337.20,0,670158848,1,43.88,0.00,951041024,1536,1432754176
227.6259,906194944,4769.2500,2963.47,0,670158848,1,93.80,0.00,950909952,1536,1432754176
227.7315,906194944,4771.5300,2158.88,0,670158848,1,66.87,0.00,950725632,1536,1432754176
227.8361,906194944,4774.0600,2419.22,0,671215616,1,74.70,0.00,951815168,1536,1432754176
227.9417,906194944,4776.6600,2462.06,0,671215616,1,78.12,0.00,951147520,1536,1432754176
228.0467,906194944,4778.6700,1914.93,0,672264192,1,64.01,0.00,953281536,1536,1432754176
228.1537,906194944,4781.8200,2943.91,0,672264192,1,87.03,0.00,953543680,1536,1432754176
228.2601,906194944,4783.7100,1775.27,0,673312768,1,54.60,0.00,952427520,1536,1432823808
228.3654,906194944,4786.9300,3058.95,0,673312768,1,96.48,0.00,952124416,1536,1432823808
228.4744,906194944,4788.6500,1577.96,0,674340864,1,47.59,0.00,953725952,1536,1432823808
228.5791,906194944,4791.6600,2874.16,0,674361344,1,93.10,0.00,953988096,1536,1432823808
228.6853,906194944,4794.2000,2391.50,0,674361344,1,69.44,0.00,953435136,1536,1432823808
228.7916,906981376,4796.5200,2182.72,0,675409920,1,71.74,0.00,953381888,1536,1432823808
228.8979,906981376,4799.2400,2559.14,0,675409920,1,78.21,0.00,952890368,1536,1432852480
229.0040,906981376,4800.4500,1140.46,0,676458496,1,36.82,0.00,954545152,1536,1432852480
229.1113,906981376,4803.6800,3010.46,0,676458496,1,101.65,0.00,954037248,1536,1432909824
229.2217,906981376,4805.9100,2021.01,0,676528128,1,56.36,0.00,955085824,1536,1432909824
229.3321,907374592,4809.0500,2841.87,0,677507072,1,92.49,0.00,956396544,1536,1432909824
229.4389,907374592,4811.4900,2285.40,0,677507072,1,71.71,0.00,952975360,1536,1432909824
229.5481,906792960,4813.8200,2133.00,0,678555648,1,67.80,0.00,954286080,1536,1432909824
229.6544,907186176,4816.7200,2729.49,0,678555648,1,87.06,0.00,954277888,1536,1432909824
229.7606,907972608,4818.1400,1337.53,0,679604224,1,38.56,0.00,955678720,1536,1432909824
229.8675,907972608,4821.2600,2918.79,0,679604224,1,95.01,0.00,955195392,1536,1432909824
229.9760,907350016,4823.2000,1787.57,0,679604224,1,51.25,0.00,952890368,1536,1432909824
230.0842,907743232,4825.9500,2541.98,0,680652800,1,80.30,0.00,953238528,1536,1432909824
230.1920,900603904,4828.8000,2641.82,0,680652800,1,81.40,0.00,943727616,1536,1432909824
230.3001,887992320,4831.0900,2118.37,0,681701376,1,68.22,0.00,931348480,1536,1432909824
230.4056,887992320,4834.0900,2844.77,0,681701376,1,89.20,0.00,930680832,1536,1432909824
230.5104,887992320,4835.7200,1555.90,0,682749952,1,53.99,0.00,932790272,1536,1432909824
230.6197,887992320,4839.1800,3164.43,0,682749952,1,94.60,0.00,931721216,1536,1432909824
230.7253,887992320,4840.8000,1534.77,0,682749952,1,46.78,0.00,931483648,1536,1432909824
230.8321,888385536,4843.2000,2245.36,0,683798528,1,71.04,0.00,933314560,1536,1432909824
230.9382,888385536,4845.8600,2509.02,0,683798528,1,77.52,0.00,933056512,1536,1432909824
231.0430,888385536,4847.8000,1849.95,0,684847104,1,63.77,0.00,932207616,1536,1432909824
231.1533,888385536,4850.9500,2855.48,0,684847104,1,82.43,0.00,931994624,1536,1434357248
231.2601,888385536,4852.8800,1807.16,0,685895680,1,57.35,0.00,933293056,1536,1434357248
231.3657,888385536,4856.0000,2956.11,0,685895680,1,92.08,0.00,933305344,1536,1434357248
231.4715,888385536,4857.6700,1578.27,0,685895680,1,46.66,0.00,933497856,1536,1434418688
231.5801,888778752,4860.3200,2439.20,0,686948352,1,77.09,0.00,935595008,1536,1434418688
231.6856,888778752,4863.0600,2597.04,0,686948352,1,81.75,0.00,935349248,1536,1434418688
231.7910,888778752,4865.0900,1927.31,0,687996928,1,68.54,0.00,932785152,1536,1434418688
231.9012,889171968,4868.2200,2838.58,0,687996928,1,82.19,0.00,932817920,1536,1434418688
232.0121,889171968,4869.8900,1505.85,0,689045504,1,46.21,0.00,934415360,1536,1434607104
232.1176,889171968,4872.9100,2864.36,0,689045504,1,90.70,0.00,934415360,1536,1434607104
232.2283,889171968,4874.7300,1643.81,0,689045504,1,49.39,0.00,934411264,1536,1434607104
232.3401,889171968,4877.4000,2387.16,0,690094080,1,73.76,0.00,935238656,1536,1434607104
232.4456,889171968,4879.8800,2351.76,0,690094080,1,72.31,0.00,935238656,1536,1434607104
232.5516,889171968,4881.4500,1481.06,0,691142656,1,50.12,0.00,933390336,1536,1434631680
232.6612,889171968,4884.6000,2874.49,0,691142656,1,87.26,0.00,933648384,1536,1434631680
232.7665,889171968,4886.0100,1338.88,0,691458048,1,39.47,0.00,934574080,1536,1434631680
232.8764,889171968,4889.2000,2902.82,0,692191232,1,91.85,0.00,934864896,1536,1434631680
232.9823,889171968,4891.4700,2144.14,0,692191232,1,67.30,0.00,934610944,1536,1434631680
233.0874,889565184,4893.1400,1588.73,0,693239808,1,57.97,0.00,936970240,1536,1434631680
233.1966,889565184,4896.2600,2855.51,0,693239808,1,81.80,0.00,936970240,1536,1434631680
233.3020,889565184,4897.4000,1081.85,0,693981184,1,31.73,0.00,936877056,1536,1434631680
233.4104,889958400,4900.4600,2822.54,0,694288384,1,90.51,0.00,937188352,1536,1434631680
233.5246,889958400,4902.9300,2163.55,0,694288384,1,63.50,0.00,937188352,1536,1434631680
233.6322,889958400,4904.8000,1738.56,0,695336960,1,56.07,0.00,938507264,1536,1434631680
233.7384,889958400,4907.7800,2804.49,0,695336960,1,89.99,0.00,937888768,1536,1434631680
233.8432,889958400,4909.5700,1708.35,0,696385536,1,57.26,0.00,936684544,1536,1434631680
233.9533,889958400,4913.0100,3125.20,0,696385536,1,89.71,0.00,936483840,1536,1434631680
234.0579,889958400,4914.4700,1395.29,0,696455168,1,42.41,0.00,937270272,1536,1434631680
234.1630,890351616,4917.4000,2786.97,0,697434112,1,96.60,0.00,938580992,1536,1434631680
234.2732,890351616,4920.1700,2514.90,0,697434112,1,70.65,0.00,938413056,1536,1434631680
234.3801,890351616,4922.6300,2299.79,0,698482688,1,73.33,0.00,939047936,1536,1434631680
234.4858,890351616,4925.4400,2658.28,0,698482688,1,82.78,0.00,939568128,1536,1434631680
234.5915,890351616,4927.4300,1882.87,0,699531264,1,62.98,0.00,937237504,1536,1434852864
234.6974,890351616,4930.5900,2985.34,0,699531264,1,89.75,0.00,937057280,1536,1434852864
234.8032,890744832,4932.3800,1691.64,0,700579840,1,55.82,0.00,938966016,1536,1434852864
234.9090,890744832,4935.6200,3063.48,0,700579840,1,93.07,0.00,938707968,1536,1434852864
235.0148,890744832,4937.6100,1879.73,0,700579840,1,56.08,0.00,939187200,1536,1434852864
235.1200,891138048,4940.2800,2538.25,0,701628416,1,84.67,0.00,940137472,1536,1434852864
235.2288,891138048,4943.0100,2508.69,0,701628416,1,74.66,0.00,940137472,1536,1435184640
235.3361,891531264,4945.2600,2096.90,0,702681088,1,67.28,0.00,938237952,1536,1435229696
235.4416,891531264,4948.1500,2741.77,0,702681088,1,83.31,0.00,938237952,1536,1435229696
235.5481,891924480,4949.6700,1425.95,0,703729664,1,46.32,0.00,939814912,1536,1435229696
235.6539,891924480,4952.8700,3026.92,0,703729664,1,93.70,0.00,939577344,1536,1435229696
235.7594,891924480,4954.6600,1696.89,0,703799296,1,51.25,0.00,939757568,1536,1435229696
235.8681,893104128,4957.8200,2904.62,0,704778240,1,92.21,0.00,940802048,1536,1435229696
235.9739,893104128,4960.3300,2372.57,0,704778240,1,74.44,0.00,940326912,1536,1435229696
236.0801,893104128,4962.4700,2014.89,0,705826816,1,64.14,0.00,938719232,1536,1435229696
236.1860,893104128,4965.3900,2759.27,0,705826816,1,85.34,0.00,939505664,1536,1435229696
236.2909,893104128,4967.2400,1763.31,0,706875392,1,59.87,0.00,940127232,1536,1438433280
236.4002,893104128,4970.6600,3128.02,0,706875392,1,93.46,0.00,940114944,1536,1438433280
236.5081,893890560,4972.3900,1603.00,0,707923968,1,52.41,0.00,941949952,1536,1438433280
236.6173,893890560,4975.7000,3031.97,0,707923968,1,92.17,0.00,941949952,1536,1438433280
236.7233,893890560,4977.7700,1953.21,0,707993600,1,58.09,0.00,941900800,1536,1438433280
236.8321,893890560,4980.7200,2710.19,0,708972544,1,87.28,0.00,941986816,1536,1438433280
236.9372,893890560,4983.3100,2465.70,0,708972544,1,76.46,0.00,941986816,1536,1438433280
237.0426,894283776,4984.7000,1319.04,0,710021120,1,48.04,0.00,940776448,1536,1438433280
237.1487,894283776,4988.0100,3118.11,0,710021120,1,92.14,0.00,940776448,1536,1438556160
237.2532,894283776,4989.5700,1493.04,0,710021120,1,45.46,0.00,940776448,1536,1438556160
237.3581,894676992,4992.1000,2411.65,0,711069696,1,80.13,0.00,941382656,1536,1438556160
237.4640,894676992,4994.9400,2680.93,0,711069696,1,82.60,0.00,941390848,1536,1438556160
237.5691,894676992,4996.1600,1160.88,0,712118272,1,35.68,0.00,942967808,1536,1438597120
237.6752,894676992,4999.2700,2933.04,0,712118272,1,95.49,0.00,942537728,1536,1438597120
237.7810,894676992,5000.9600,1596.72,0,712118272,1,43.99,0.00,941804544,1536,1438597120
237.8864,895070208,5003.4500,2363.49,0,713166848,1,78.31,0.00,940160000,1536,1438597120
237.9957,895070208,5006.4100,2707.74,0,713166848,1,80.90,0.00,940176384,1536,1438597120
238.1041,895463424,5008.6200,2037.50,0,714215424,1,65.40,0.00,941544448,1536,1438597120
238.2096,895463424,5011.5700,2798.71,0,714215424,1,86.27,0.00,941343744,1536,1438597120
238.3161,896643072,5013.6400,1941.93,0,715264000,1,61.56,0.00,943182848,1536,1438597120
238.4219,896643072,5016.8300,3017.51,0,715264000,1,94.59,0.00,942658560,1536,1438597120
238.5267,896643072,5018.4500,1545.20,0,715333632,1,47.39,0.00,941154304,1536,1438597120
238.6364,896643072,5021.6900,2953.86,0,716312576,1,92.59,0.00,941686784,1536,1438625792
238.7417,896643072,5024.0800,2269.87,0,716312576,1,70.34,0.00,941789184,1536,1438625792
238.8468,897036288,5026.1900,2007.42,0,717361152,1,66.89,0.00,942977024,1536,1438625792
238.9529,897036288,5028.9600,2611.12,0,717361152,1,77.77,0.00,942968832,1536,1438625792
239.0601,897036288,5030.2300,1183.95,0,718409728,1,36.42,0.00,943186944,1536,1438625792
239.1657,897036288,5033.4600,3061.13,0,718409728,1,95.36,0.00,942752768,1536,1438625792
239.2713,897036288,5035.6500,2073.61,0,718409728,1,62.73,0.00,942494720,1536,1438625792
239.3801,897822720,5038.1300,2277.93,0,719458304,1,74.06,0.00,944268288,1536,1438625792
239.4858,897822720,5040.9000,2622.27,0,719458304,1,82.24,0.00,943760384,1536,1438625792
239.5921,898215936,5042.2300,1250.40,0,720506880,1,40.54,0.00,943048704,1536,1438625792
239.6980,898215936,5045.4500,3042.40,0,720506880,1,93.60,0.00,942471168,1536,1438625792
239.8037,898215936,5047.3700,1816.49,0,720506880,1,56.17,0.00,941963264,1536,1438625792
239.9121,898609152,5049.7500,2194.27,0,721555456,1,72.89,0.00,943486976,1536,1438695424
240.0209,898609152,5052.5600,2584.36,0,721555456,1,77.02,0.00,943482880,1536,1438695424
240.1281,899002368,5054.3500,1668.72,0,722604032,1,53.02,0.00,946108416,1536,1438695424
240.2338,899002368,5057.5400,3020.53,0,722604032,1,92.91,0.00,945866752,1536,1438695424
240.3386,899002368,5058.9800,1372.97,0,722673664,1,42.01,0.00,945997824,1536,1438695424
240.4482,899395584,5062.1400,2885.47,0,723652608,1,91.60,0.00,944072704,1536,1565147136
240.5544,899395584,5064.6000,2315.17,0,723652608,1,73.53,0.00,944105472,1536,1565147136
240.6597,899395584,5066.8200,2108.17,0,724705280,1,63.80,0.00,946055168,1536,1565171712
240.7651,899395584,5069.7000,2732.01,0,724705280,1,85.08,0.00,945797120,1536,1565171712
240.8699,899788800,5071.6700,1880.57,0,725753856,1,59.36,0.00,947615744,1536,1565171712
240.9753,899788800,5074.7500,2920.85,0,725753856,1,93.94,0.00,947623936,1536,1565171712
241.0810,899788800,5076.4600,1618.29,0,725823488,1,46.43,0.00,946765824,1536,1565171712
241.1859,900182016,5079.1300,2545.65,0,726802432,1,81.04,0.30,947298304,1536,1565171712
241.2919,900182016,5081.9300,2642.07,0,726802432,1,82.27,0.00,947048448,1536,1565171712
241.4002,900182016,5084.1000,2003.75,0,727851008,1,62.62,0.00,949313536,1536,1644427776
241.5135,900182016,5087.3100,2832.76,0,727851008,1,87.70,0.00,949321728,1536,1697562624
241.6183,900182016,5088.4900,1126.15,0,728899584,1,42.95,0.00,947530752,1536,1697562624
241.7245,900182016,5091.7300,3049.86,0,728899584,1,91.78,0.00,946822144,1536,1697570816
241.8306,900575232,5093.7700,1922.40,0,728899584,1,57.72,0.00,947477504,1536,1697570816
241.9350,900968448,5096.2000,2326.69,0,729948160,1,82.28,0.00,948583424,1536,1697570816
242.0452,900968448,5099.1000,2633.54,0,729948160,1,73.78,0.00,948313088,1536,1697570816
242.1508,900968448,5101.1600,1950.34,0,730996736,1,65.39,0.00,950230016,1536,1697570816
242.2570,900968448,5104.2400,2899.76,0,730996736,1,85.91,0.00,949595136,1536,1697570816
242.3641,900968448,5106.1800,1810.70,0,732045312,1,58.04,0.00,947787776,1536,1697628160
242.4701,900968448,5109.4900,3124.32,0,732045312,1,97.05,0.00,947267584,1536,1697628160
242.5751,900968448,5111.1700,1599.18,0,733093888,1,51.46,0.00,949700608,1536,1697669120
242.6813,900968448,5114.2200,2871.90,0,733093888,1,88.28,0.00,949479424,1536,1697669120
242.7874,900968448,5116.6200,2263.00,0,733093888,1,71.60,0.00,949479424,1536,1697669120
242.8921,901361664,5119.0100,2283.36,0,734142464,1,73.74,0.00,950925312,1536,1697669120
243.0012,901361664,5121.7200,2483.55,0,734142464,1,73.32,0.00,950925312,1536,1697669120
243.1081,901361664,5123.3100,1486.52,0,735191040,1,46.45,0.00,950298624,1536,1697669120
243.2140,901361664,5126.5500,3060.21,0,735191040,1,94.75,0.00,950298624,1536,1697669120
243.3186,901754880,5128.0300,1415.81,0,736219136,1,43.35,0.00,951609344,1536,1697669120
243.4284,902148096,5131.3200,2995.89,0,736239616,1,94.76,0.00,951150592,1536,1697669120
243.5342,902148096,5133.7800,2325.16,0,736239616,1,71.48,0.00,951150592,1536,1697669120
243.6387,902148096,5136.2300,2342.88,0,737288192,1,76.80,0.00,952494080,1536,1697669120
243.7449,902148096,5139.0000,2610.12,0,737288192,1,79.21,0.00,949313536,1536,1697669120
243.8497,902148096,5140.0200,972.97,0,738336768,1,31.60,0.00,950849536,1536,1697669120
243.9565,902148096,5143.2600,3032.88,0,738336768,1,93.90,0.00,950358016,1536,1697669120
244.0627,902148096,5145.3100,1930.60,0,738406400,1,59.45,0.00,951160832,1536,1697669120
244.1677,902148096,5148.2200,2772.03,0,739385344,1,92.58,0.00,951390208,1536,1697669120
244.2772,902148096,5150.8200,2374.99,0,739385344,1,69.94,0.00,950730752,1536,1697669120
244.3817,902541312,5153.0500,2132.65,0,740433920,1,75.91,0.00,949968896,1536,1697669120
244.4929,902541312,5156.0700,2716.88,0,740433920,1,77.31,0.00,949710848,1536,1697669120
244.5973,902934528,5157.8900,1743.68,0,741482496,1,55.39,0.00,951578624,1536,1697820672
244.7076,902934528,5160.9400,2763.34,0,741482496,1,85.22,0.00,951332864,1536,1697820672
244.8162,902934528,5162.7900,1704.85,0,742531072,1,54.72,0.00,951799808,1536,1697820672
244.9228,902934528,5166.1100,3112.91,0,742531072,1,101.97,0.00,951549952,1536,1697820672
245.0290,903327744,5168.0100,1789.96,0,742600704,1,49.46,0.00,953147392,1536,1697820672
245.1335,903720960,5170.8300,2696.41,0,743579648,1,86.65,0.00,950283264,1536,1697820672
245.2398,903720960,5173.4600,2475.23,0,743579648,1,76.47,0.00,949812224,1536,1697820672
245.3444,905687040,5175.1500,1615.56,0,744632320,1,51.38,0.00,951301120,1536,1697865728
245.4509,905687040,5178.1000,2770.82,0,744632320,1,89.23,0.00,951063552,1536,1697865728
245.5559,906866688,5179.5300,1361.32,0,745680896,1,38.97,0.00,953852928,1536,1697894400
245.6620,906866688,5182.5500,2846.45,0,745680896,1,88.36,0.00,953664512,1536,1697894400
245.7681,906866688,5184.6900,2017.66,0,745680896,1,63.05,0.00,953459712,1536,1697894400
245.8730,907653120,5186.5400,1762.34,0,746729472,1,56.56,0.00,952620032,1536,1697894400
245.9793,907653120,5189.5100,2795.90,0,746729472,1,87.96,0.00,952689664,1536,1697894400
246.0839,910012416,5190.8500,1280.89,0,747778048,1,37.04,0.00,955474944,1536,1697894400
246.1962,910012416,5194.2100,2991.27,0,747778048,1,93.76,0.00,954975232,1536,1697894400
246.3022,910405632,5196.1200,1801.99,0,747778048,1,54.54,0.00,955237376,1536,1697894400
246.4071,907800576,5198.4300,2202.47,0,748826624,1,78.96,0.00,951958528,1536,1697894400
246.5173,907800576,5201.3600,2658.02,0,748826624,1,75.69,0.00,951704576,1536,1700483072
246.6223,907800576,5203.1000,1657.77,0,749875200,1,55.97,0.00,953420800,1536,1700552704
246.7323,907800576,5206.3100,2917.97,0,749875200,1,86.64,0.00,953687040,1536,1700552704
246.8368,908193792,5207.6300,1262.70,0,750923776,1,42.15,0.00,953219072,1536,1700552704
246.9430,908193792,5210.8500,3032.36,0,750923776,1,99.18,0.00,952457216,1536,1700552704
247.0492,908193792,5213.2000,2213.47,0,750923776,1,63.28,0.00,953243648,1536,1700552704
247.1535,908193792,5215.7400,2434.92,0,751972352,1,76.39,0.00,954038272,1536,1700552704
247.2597,908193792,5218.4700,2571.74,0,751972352,1,80.66,0.00,953792512,1536,1700552704
247.3681,908193792,5220.4300,1806.56,0,753020928,1,57.61,0.00,953063424,1536,1700552704
247.4744,908193792,5223.4400,2833.13,0,753020928,1,90.01,0.00,952809472,1536,1700552704
247.5790,908193792,5224.8100,1309.44,0,754069504,1,43.91,0.00,953775104,1536,1700581376
247.6851,908193792,5228.1600,3158.25,0,754069504,1,96.04,0.00,953775104,1536,1700581376
247.7912,908193792,5230.2000,1922.67,0,754069504,1,59.49,0.00,954561536,1536,1700581376
247.8959,908587008,5232.8000,2483.60,0,755118080,1,78.51,0.00,954909696,1536,1700581376
248.0021,908587008,5235.4600,2504.68,0,755118080,1,77.68,0.00,954909696,1536,1700581376
248.1072,908587008,5237.3400,1787.69,0,756166656,1,64.48,0.00,955019264,1536,1700581376
248.2175,908587008,5240.5300,2894.42,0,756166656,1,83.08,0.00,954970112,1536,1700581376
248.3222,908587008,5242.2800,1670.48,0,757215232,1,59.06,0.00,956014592,1536,1700581376
248.4284,908587008,5245.6300,3156.17,0,757215232,1,94.80,0.00,955539456,1536,1700581376
248.5403,908980224,5247.5700,1733.56,0,758263808,1,53.06,0.00,955276288,1536,1700581376
248.6543,908980224,5250.8300,2859.73,0,758263808,1,93.48,0.00,955042816,1536,1700634624
248.7604,909373440,5252.9200,1969.27,0,758263808,1,55.36,0.00,955030528,1536,1700634624
248.8681,909766656,5255.4300,2329.36,0,759312384,1,77.14,0.00,955808768,1536,1700634624
248.9740,909766656,5258.2300,2643.90,0,759312384,1,82.03,0.00,956333056,1536,1700634624
249.0791,910159872,5260.3500,2017.50,0,760360960,1,72.27,0.00,955740160,1536,1700634624
249.1893,910159872,5263.6900,3032.63,0,760360960,1,87.11,0.00,955740160,1536,1700634624
249.2939,910159872,5265.4400,1672.15,0,761409536,1,51.96,0.00,957575168,1536,1700634624
249.3999,910159872,5268.7900,3160.56,0,761409536,1,98.47,0.00,957100032,1536,1700634624
249.5054,910159872,5270.6100,1724.74,0,762437632,1,52.71,0.00,957089792,1536,1700634624
249.6110,910553088,5273.6100,2841.56,0,762458112,1,93.53,0.00,957089792,1536,1700634624
249.7168,910553088,5276.2600,2505.13,0,762458112,1,73.85,0.00,956721152,1536,1700683776
249.8214,911732736,5278.1800,1835.12,0,763506688,1,60.63,0.00,958294016,1536,1700683776
249.9274,911732736,5281.1500,2803.51,0,763506688,1,89.97,0.00,957151232,1536,1700683776
250.0320,911732736,5283.1300,1891.54,0,764555264,1,61.80,0.00,957783040,1536,1700683776
250.1412,911732736,5286.4800,3068.85,0,764555264,1,92.47,0.00,957783040,1536,1700683776
250.2457,911732736,5287.9900,1444.68,0,764555264,1,43.35,0.00,956738560,1536,1700683776
250.3521,912519168,5290.5400,2396.01,0,765603840,1,78.11,0.00,958262272,1536,1700732928
250.4580,912519168,5293.2800,2587.45,0,765603840,1,80.86,0.00,957072384,1536,1700732928
250.5641,912519168,5294.7300,1366.61,0,766652416,1,42.41,0.00,959730688,1536,1700732928
250.6700,912519168,5298.0400,3127.55,0,766652416,1,98.03,0.00,959472640,1536,1700790272
250.7760,912519168,5299.7200,1584.59,0,766722048,1,47.16,0.00,958848000,1536,1700790272
250.8809,912519168,5302.2300,2391.59,0,767700992,1,77.42,0.00,958450688,1536,1700790272
250.9873,912519168,5304.8000,2416.72,0,767700992,1,75.82,0.00,958450688,1536,1700790272
251.0961,912912384,5306.5200,1580.06,0,768749568,1,45.65,0.00,958400512,1536,1700790272
251.2025,912912384,5309.5000,2803.34,0,768749568,1,89.66,0.00,958400512,1536,1700790272
251.3078,912912384,5310.8800,1310.03,0,769798144,1,43.31,0.00,960268288,1536,1700790272
251.4171,912912384,5314.2300,3064.39,0,769798144,1,91.47,0.00,959539200,1536,1700790272
251.5231,912912384,5316.3300,1982.23,0,769798144,1,60.76,0.00,958206976,1536,1700790272
251.6279,912912384,5318.6200,2184.90,0,770846720,1,70.66,0.00,958854144,1536,1702935552
251.7345,912912384,5321.2600,2475.26,0,770846720,1,78.52,0.00,959013888,1536,1703151104
251.8404,912912384,5323.1100,1747.01,0,771895296,1,53.41,0.00,960144384,1536,1703151104
251.9469,912912384,5326.2600,2959.42,0,771895296,1,94.54,0.00,958981120,1536,1703151104
252.0525,913305600,5327.5900,1259.38,0,771964928,1,34.92,0.00,959663104,1536,1703224832
252.1572,913305600,5330.2000,2490.95,0,772943872,1,80.53,0.00,960490496,1536,1703224832
252.2675,913305600,5333.0400,2575.20,0,772943872,1,81.61,0.00,960756736,1536,1703224832
252.3761,913698816,5335.1800,1970.13,0,773992448,1,61.57,0.00,960395264,1536,1703224832
252.4824,913698816,5338.1500,2795.02,0,773992448,1,84.99,0.00,959887360,1536,1703224832
252.5871,914092032,5339.2900,1089.00,0,774471680,1,34.63,0.00,961722368,1536,1703249408
252.6964,914878464,5342.5400,2972.05,0,775041024,1,94.88,0.00,961886208,1536,1703249408
252.8031,914878464,5344.9300,2239.80,0,775041024,1,69.99,0.00,960533504,1536,1703249408
252.9079,914878464,5347.2800,2242.82,0,776089600,1,72.77,0.00,960881664,1536,1703249408
253.0172,914878464,5350.1300,2607.75,0,776089600,1,77.20,0.00,960881664,1536,1703249408
253.1241,914878464,5351.7500,1514.99,0,777138176,1,47.64,0.00,960596992,1536,1703249408
253.2301,914878464,5354.9900,3056.66,0,777138176,1,95.23,0.00,960351232,1536,1703249408
253.3347,915271680,5356.5600,1500.91,0,777207808,1,44.21,0.00,960633856,1536,1703249408
253.4396,915271680,5359.1500,2470.18,0,778186752,1,84.35,0.00,961969152,1536,1703249408
253.5492,915271680,5361.8100,2427.07,0,778186752,1,68.15,0.00,961965056,1536,1703249408
253.6561,915664896,5363.6400,1711.11,0,779235328,1,54.64,0.00,961771520,1536,1703249408
253.7622,915664896,5366.7200,2904.21,0,779235328,1,89.58,0.00,961656832,1536,1703249408
253.8669,915079168,5368.2200,1433.19,0,780283904,1,49.27,0.00,961837056,1536,1703249408
253.9731,915079168,5371.4200,3012.39,0,780283904,1,90.61,0.00,960370688,1536,1703249408
254.0792,915079168,5373.5900,2044.93,0,780283904,1,61.55,0.00,961419264,1536,1703249408
254.1841,915472384,5375.7400,2050.51,0,781332480,1,68.25,0.00,963000320,1536,1703249408
254.2932,915472384,5378.6600,2676.26,0,781332480,1,79.91,0.00,961844224,1536,1703249408
254.4001,915226624,5380.5400,1757.31,0,782381056,1,54.92,0.00,962872320,1536,1703249408
254.5061,915619840,5383.7400,3019.81,0,782381056,1,94.07,0.00,961805312,1536,1703249408
254.6121,920096768,5385.4600,1622.11,0,783429632,1,50.69,0.00,963463168,1536,1703409152
254.7181,895541248,5388.7000,3057.30,0,783429632,1,96.13,0.00,937789440,1536,1703409152
254.8243,895541248,5390.8700,2043.87,0,783429632,1,63.28,0.00,937468928,1536,1703409152
254.9290,895541248,5392.3100,1374.66,0,784478208,1,42.66,0.00,940594176,1536,1703409152
255.0345,895541248,5395.4300,2959.50,0,784478208,1,94.56,0.00,940856320,1536,1703409152
255.1392,895541248,5396.8000,1308.02,0,784547840,1,37.59,0.00,941896704,1536,1703409152
255.2442,895934464,5399.7500,2810.82,0,785526784,1,89.33,0.00,942683136,1536,1703409152
255.3505,895934464,5402.3600,2453.33,0,785526784,1,76.67,0.00,940113920,1536,1703663104
255.4559,896327680,5403.6300,1205.79,0,786575360,1,37.38,0.00,941969408,1536,1703663104
255.5621,896327680,5406.7500,2936.43,0,786575360,1,92.94,0.00,941719552,1536,1703663104
255.6672,896327680,5408.2600,1436.43,0,786644992,1,43.70,0.00,942534656,1536,1703663104
255.7727,896327680,5410.9600,2559.12,0,787623936,1,83.53,0.00,940928000,1536,1703663104
255.8790,896327680,5413.4000,2296.88,0,787623936,1,73.25,0.00,940448768,1536,1703663104
255.9841,896720896,5414.7900,1322.09,0,788672512,1,41.02,0.00,943352832,1536,1703663104
256.0908,896720896,5418.0200,3026.28,0,788672512,1,97.50,0.00,943135744,1536,1703663104
256.1959,896720896,5419.5900,1495.10,0,788742144,1,42.26,0.00,943160320,1536,1703663104
256.3041,897114112,5422.5900,2770.42,0,789721088,1,88.31,0.00,944217088,1536,1703663104
256.4096,897114112,5425.1300,2407.52,0,789721088,1,73.75,0.00,943754240,1536,1703663104
256.5146,897114112,5427.3900,2153.60,0,790769664,1,71.77,0.00,942838784,1536,1703663104
256.6207,897114112,5430.3000,2742.04,0,790769664,1,83.04,0.00,942597120,1536,1703663104
256.7257,897507328,5431.8600,1485.58,0,791818240,1,46.42,0.00,943973376,1536,1703663104
256.8359,897507328,5435.3200,3140.55,0,791818240,1,97.29,0.00,943301632,1536,1707544576
256.9406,897507328,5436.8400,1451.74,0,791887872,1,43.28,0.00,944428032,1536,1707544576
257.0481,897507328,5440.0000,2938.27,0,792866816,1,95.02,0.00,945210368,1536,1707544576
257.1541,897507328,5442.4500,2311.29,0,792866816,1,70.75,0.00,944706560,1536,1707544576
257.2590,897507328,5444.7000,2146.56,0,793915392,1,69.47,0.00,942865408,1536,1707544576
257.3655,897507328,5447.7500,2862.49,0,793915392,1,85.35,0.00,942496768,1536,1707544576
257.4721,897900544,5449.8300,1950.67,0,794963968,1,63.30,0.00,943983616,1536,1707544576
257.5781,897900544,5452.9000,2896.99,0,794963968,1,90.24,0.00,943488000,1536,1707544576
257.6830,897900544,5454.6800,1697.87,0,796012544,1,61.70,0.00,945388544,1536,1707569152
257.7931,897900544,5458.0400,3050.37,0,796012544,1,88.23,0.00,942559232,1536,1707593728
257.8991,897900544,5459.8600,1717.13,0,796082176,1,51.60,0.00,944152576,1536,1707593728
258.0041,897900544,5462.4900,2505.22,0,797061120,1,82.75,0.00,944463872,1536,1707593728
258.1132,897900544,5465.2200,2501.80,0,797061120,1,75.32,0.00,944467968,1536,1707593728
258.2202,898293760,5466.9400,1608.09,0,798109696,1,50.25,0.00,946040832,1536,1707593728
258.3261,898293760,5469.9500,2840.99,0,798109696,1,87.01,0.00,945803264,1536,1707593728
258.4313,899080192,5471.3400,1321.63,0,799158272,1,49.92,0.00,944304128,1536,1707593728
258.5414,899080192,5474.7000,3052.06,0,799158272,1,87.43,0.00,944304128,1536,1707749376
258.6475,899080192,5476.7700,1950.91,0,799158272,1,59.49,0.00,944304128,1536,1707749376
258.7561,899866624,5479.4000,2420.11,0,800206848,1,76.20,0.00,944914432,1536,1707749376
258.8622,899866624,5482.0700,2518.02,0,800206848,1,79.87,0.00,943894528,1536,1707749376
258.9673,900259840,5484.2600,2083.00,0,801255424,1,73.42,0.00,946352128,1536,1707749376
259.0771,900259840,5487.3900,2850.72,0,801255424,1,81.40,0.00,946352128,1536,1707749376
259.1842,901046272,5488.7100,1233.17,0,802308096,1,50.80,0.00,945374208,1536,1707761664
259.3011,901046272,5492.3100,3077.55,0,802308096,1,86.56,0.00,945144832,1536,1707761664
259.4072,901046272,5494.1700,1753.22,0,802308096,1,53.02,0.00,944497664,1536,1707761664
259.5117,901439488,5496.5100,2239.02,0,803356672,1,75.05,0.00,946185216,1536,1707761664
259.6214,901439488,5499.3200,2563.02,0,803356672,1,76.39,0.00,945931264,1536,1707761664
259.7281,901832704,5500.5800,1180.00,0,804405248,1,36.58,0.00,946187264,1536,1707761664
259.8339,901832704,5503.8000,3044.73,0,804405248,1,94.85,0.00,945683456,1536,1707761664
259.9400,901832704,5505.7700,1857.45,0,804474880,1,56.28,0.00,946301952,1536,1707761664
260.0450,979689472,5506.1100,323.81,0,805462016,1,8.93,0.00,1025243136,1536,1707761664
260.1515,979689472,5506.2200,103.29,0,805462016,1,3.81,0.00,1024423936,1536,1707761664
260.2566,979689472,5506.3300,104.63,0,805462016,1,3.27,0.00,1024317440,1536,1707761664
260.3619,983228416,5506.4300,94.95,0,805462016,1,2.97,0.00,1027745792,1536,1707786240
260.4671,983228416,5506.5300,95.10,0,805462016,1,3.27,0.00,1027745792,1536,1707786240
260.5726,1022943232,5506.7400,198.91,0,805462016,1,7.10,0.00,1064675328,1536,1707855872
260.6789,1020837888,5506.8500,103.55,0,805462016,1,3.82,0.00,1064564736,1536,1708081152
260.7849,1020837888,5506.9600,103.76,0,805462016,1,3.24,0.00,1064564736,1536,1708081152
260.8908,1020837888,5507.0600,94.37,0,805462016,1,3.24,0.00,1064560640,1536,1708081152
260.9967,1020837888,5507.1700,103.90,0,805462016,1,2.95,0.00,1064044544,1536,1708081152
261.1014,1020837888,5507.2700,95.49,0,805462016,1,2.98,0.00,1064044544,1536,1708081152
261.2074,1040891904,5507.4900,207.69,0,805462016,1,5.02,0.00,1084745728,1536,1708081152
261.3143,1040891904,5507.6000,102.87,0,805462016,1,3.21,0.00,1084745728,1536,1708081152
261.4199,1040891904,5507.7100,104.12,0,805462016,1,2.96,0.00,1084282880,1536,1708195840
261.5259,1040891904,5507.8100,94.39,0,805462016,1,3.24,0.00,1084282880,1536,1708195840
261.6322,1040891904,5507.9200,103.47,0,805462016,1,3.23,0.00,1084278784,1536,1708195840
261.7375,1040891904,5508.0200,95.00,0,805462016,1,3.27,0.00,1084278784,1536,1708195840
261.8427,1040891904,5508.1300,104.54,0,805462016,1,3.27,0.00,1084278784,1536,1708195840
261.9488,1064484864,5508.3300,188.51,0,805462016,1,6.48,0.00,1107261440,1536,1710627840
262.0550,1064484864,5508.4400,103.53,0,805462016,1,3.24,0.00,1107261440,1536,1710627840
262.1610,1064484864,5508.5500,103.82,0,805462016,1,2.95,0.00,1107261440,1536,1710668800
262.2667,1064484864,5508.6500,94.58,0,805462016,1,3.25,0.00,1107027968,1536,1710668800
262.3722,1064484864,5508.7600,104.30,0,805462016,1,3.26,0.00,1106769920,1536,1710668800
262.4779,1064484864,5508.8600,94.62,0,805462016,1,2.96,0.00,1106765824,1536,1710668800
262.5833,1064484864,5508.9700,104.32,0,805462016,1,3.26,0.00,1106765824,1536,1710668800
262.6891,1070776320,5509.1900,207.97,0,805462016,1,5.91,0.00,1115158528,1536,1710668800
262.7949,1070776320,5509.2900,94.52,0,805462016,1,3.25,0.00,1115158528,1536,1710668800
262.9008,1070776320,5509.4000,103.90,0,805462016,1,2.95,0.00,1114384384,1536,1710668800
263.0069,1070776320,5509.5000,94.26,0,805462016,1,3.24,0.00,1113868288,1536,1710668800
263.1122,1070776320,5509.6100,104.46,0,805462016,1,2.97,0.00,1113864192,1536,1710668800
263.2182,1070776320,5509.7100,94.28,0,805462016,1,3.24,0.00,1113864192,1536,1710668800
263.3238,1070776320,5509.8200,104.24,0,805462016,1,3.55,0.00,1113864192,1536,1710668800
263.4293,1077067776,5510.0200,189.55,0,805462016,1,4.74,0.00,1121622016,1536,1710693376
263.5354,1077067776,5510.1300,103.69,0,805462016,1,3.24,0.00,1121622016,1536,1710693376
263.6411,1077067776,5510.2400,104.03,0,805462016,1,2.96,0.00,1121110016,1536,1710693376
263.7474,1077067776,5510.3400,94.09,0,805462016,1,3.53,0.00,1121110016,1536,1710693376
263.8530,1077067776,5510.4500,104.17,0,805462016,1,2.96,0.00,1120491520,1536,1710693376
263.9581,1077067776,5510.5500,95.16,0,805462016,1,3.87,0.00,1119729664,1536,1710693376
264.0637,1077067776,5510.6700,113.62,0,805462016,1,3.25,0.00,1119725568,1536,1710693376
264.1692,1083359232,5510.8800,199.01,0,805462016,1,5.92,0.00,1126828032,1536,1710693376
264.2757,1083359232,5510.9800,93.86,0,805462016,1,3.52,0.00,1126828032,1536,1710693376
264.3818,1083359232,5511.0900,103.70,0,805462016,1,2.95,0.00,1126320128,1536,1710693376
264.4872,1083359232,5511.1900,94.93,0,805462016,1,3.26,0.00,1126062080,1536,1710693376
264.5928,1083359232,5511.3000,104.11,0,805462016,1,2.96,0.00,1126062080,1536,1710840832
264.6986,1083359232,5511.4000,94.50,0,805462016,1,3.25,0.00,1126062080,1536,1710840832
264.8038,1090437120,5511.5800,171.11,0,805462016,1,5.64,0.00,1143904256,1536,1710840832
264.9096,1105203200,5511.7200,132.38,0,805462016,1,3.25,0.00,1149954048,1536,1710840832
265.0164,1105203200,5511.8300,102.96,0,805462016,1,2.92,0.00,1149446144,1536,1710840832
265.1213,1105203200,5511.9400,104.84,0,805462016,1,3.57,0.00,1149446144,1536,1710840832
265.2268,1105203200,5512.0400,94.83,0,805462016,1,3.26,0.00,1149446144,1536,1710881792
265.3324,1105203200,5512.1500,104.16,0,805462016,1,2.96,0.00,1149257728,1536,1710926848
265.4374,1105203200,5512.2500,95.25,0,805462016,1,2.98,0.00,1149253632,1536,1710926848
265.5427,1154355200,5512.4800,218.41,0,805462016,1,8.01,0.00,1199608832,1536,1710926848
265.6491,1154355200,5512.5900,103.42,0,805462016,1,2.94,0.00,1199350784,1536,1710926848
265.7545,1154355200,5512.6900,94.83,0,805462016,1,3.85,0.00,1199346688,1536,1710959616
265.8599,1154355200,5512.8000,104.36,0,805462016,1,2.96,0.00,1198588928,1536,1710959616
265.9650,1154355200,5512.9000,95.16,0,805462016,1,3.27,0.00,1197822976,1536,1710976000
266.0700,1154355200,5513.0100,104.78,0,805462016,1,2.98,0.00,1197822976,1536,1710992384
266.1752,1154355200,5513.1100,95.05,0,805462016,1,3.56,0.00,1197822976,1536,1710992384
266.2803,1204686848,5513.3500,228.35,0,805466112,1,6.54,0.00,1250276352,1536,1710992384
266.3866,1204686848,5513.4500,94.05,0,805466112,1,3.23,0.00,1249764352,1536,1710992384
266.4926,1204686848,5513.5600,103.81,0,805466112,1,3.24,0.00,1249764352,1536,1710992384
266.5982,1204686848,5513.6600,94.70,0,805466112,1,2.96,0.00,1249760256,1536,1710992384
266.7038,1204686848,5513.7700,104.08,0,805466112,1,3.55,0.00,1249760256,1536,1710992384
266.8093,1204686848,5513.8800,104.27,0,805466112,1,2.96,0.00,1249506304,1536,1710992384
266.9149,1204686848,5513.9800,94.76,0,805466112,1,3.26,0.00,1249506304,1536,1710992384
267.0198,1255018496,5514.2100,219.13,0,805466112,1,7.44,0.00,1299379200,1536,1714309120
267.1261,1255018496,5514.3100,94.06,0,805466112,1,2.94,0.00,1299379200,1536,1714309120
267.2322,1255018496,5514.4200,103.69,0,805466112,1,3.24,0.00,1299137536,1536,1714309120
267.3377,1255018496,5514.5200,94.78,0,805466112,1,2.96,0.00,1298879488,1536,1714309120
267.4426,1255018496,5514.6300,104.91,0,805466112,1,3.28,0.00,1298879488,1536,1714309120
267.5488,1255018496,5514.7300,94.14,0,805466112,1,2.94,0.00,1298879488,1536,1714378752
267.6539,1255018496,5514.8500,114.15,0,805466112,1,3.57,0.00,1298879488,1536,1714378752
267.7591,1305743360,5515.0600,199.67,0,805466112,1,6.24,0.00,1350804480,1536,1714378752
267.8660,1305743360,5515.1700,102.87,0,805466112,1,2.92,0.00,1349780480,1536,1714378752
267.9717,1305743360,5515.2800,104.11,0,805466112,1,3.55,0.00,1348957184,1536,1714378752
268.0770,1305743360,5515.3800,94.92,0,805466112,1,3.26,0.00,1348957184,1536,1714378752
268.1821,1305743360,5515.4900,104.75,0,805466112,1,3.27,0.00,1348957184,1536,1714378752
268.2874,1305743360,5515.5900,94.91,0,805466112,1,2.97,0.00,1348957184,1536,1714378752
268.3925,1319505920,5515.7400,142.77,0,805466112,1,5.65,0.00,1385655296,1536,1714378752
268.4988,1309470720,5515.9300,178.76,0,805466112,1,5.29,0.00,1354251264,1536,1714378752
268.6044,1309470720,5516.0400,104.12,0,805466112,1,2.96,0.00,1353743360,1536,1714403328
268.7096,1309470720,5516.1400,95.06,0,805466112,1,2.97,0.00,1353739264,1536,1714403328
268.8152,1309470720,5516.2500,104.13,0,805466112,1,3.25,0.00,1353485312,1536,1714403328
268.9206,1309470720,5516.3600,104.46,0,805466112,1,3.26,0.00,1353231360,1536,1714403328
269.0260,1309470720,5516.4600,94.83,0,805466112,1,2.96,0.00,1352719360,1536,1714403328
269.1308,1390473216,5516.6900,219.47,0,805466112,1,7.16,0.00,1438710784,1536,1714444288
269.2371,1392832512,5516.8000,103.51,0,805466112,1,2.94,0.00,1437948928,1536,1714444288
269.3430,1392832512,5516.9100,103.83,0,805466112,1,3.24,0.00,1437699072,1536,1714444288
269.4483,1392832512,5517.0100,94.97,0,805466112,1,2.97,0.00,1437187072,1536,1714444288
269.5537,1392832512,5517.1200,104.34,0,805466112,1,3.26,0.00,1437187072,1536,1714444288
269.6589,1392832512,5517.2200,95.06,0,805466112,1,2.97,0.00,1437187072,1536,1714501632
269.7643,1392832512,5517.3300,104.43,0,805466112,1,3.26,0.00,1437187072,1536,1714501632
269.8694,1435893760,5517.5600,218.69,0,805466112,1,6.24,0.00,1480096768,1536,1714501632
269.9748,1435893760,5517.6600,94.88,0,805466112,1,3.26,0.00,1479588864,1536,1714501632
270.0806,1435893760,5517.7700,103.98,0,805466112,1,3.25,0.00,1479089152,1536,1714501632
270.1859,1435893760,5517.8700,95.01,0,805466112,1,2.97,0.00,1479089152,1536,1714501632
270.2909,1435893760,5517.9800,104.78,0,805466112,1,3.27,0.00,1479089152,1536,1714501632
270.3966,1435893760,5518.0800,94.52,0,805466112,1,3.25,0.00,1479089152,1536,1714501632
270.5021,1435893760,5518.1900,104.36,0,805466112,1,3.26,0.00,1479089152,1536,1714501632
270.6075,1480327168,5518.4100,208.67,0,805466112,1,6.82,0.00,1525451776,1536,1714501632
270.7135,1480327168,5518.5200,103.80,0,805466112,1,3.24,0.00,1525193728,1536,1714501632
270.8189,1480327168,5518.6200,94.87,0,805466112,1,3.26,0.30,1524939776,1536,1714501632
270.9245,1480327168,5518.7300,104.08,0,805466112,1,2.96,0.00,1524575232,1536,1714501632
271.0295,1480327168,5518.8300,95.30,0,805466112,1,2.98,0.00,1523813376,1536,1714751488
271.1344,1480327168,5518.9400,104.87,0,805466112,1,4.77,0.00,1523813376,1536,1791858688
271.2398,1480327168,5519.0400,94.84,0,805466112,1,3.26,0.00,1523813376,1536,1791858688
271.3453,1523974144,5519.3200,265.50,0,805466112,1,8.30,0.00,1569430528,1536,1791916032
271.4515,1523974144,5519.4300,103.58,0,805466112,1,2.94,0.00,1568402432,1536,1791916032
271.5568,1523974144,5519.5300,94.94,0,805466112,1,3.26,0.00,1568402432,1536,1791916032
271.6625,1523974144,5519.6400,104.06,0,805466112,1,3.25,0.00,1568402432,1536,1791916032
271.7680,1523974144,5519.7500,104.27,0,805466112,1,3.26,0.00,1568402432,1536,1791916032
271.8734,1523974144,5519.8500,94.91,0,805466112,1,2.97,0.00,1568402432,1536,1791916032
271.9784,1523974144,5519.9700,114.23,0,805466112,1,3.57,0.00,1568402432,1536,1791916032
272.0834,1567621120,5520.1900,209.54,0,805466112,1,5.95,0.00,1613052928,1536,1791916032
272.1900,1567621120,5520.3000,103.23,0,805466112,1,10.85,0.00,1612798976,1536,1877112832
272.2956,1567621120,5520.4100,104.09,0,805466112,1,2.96,0.00,1612794880,1536,1877112832
272.4013,1568407552,5520.5100,94.61,0,805466112,1,3.55,0.00,1613069312,1536,1877112832
272.5067,1568407552,5520.6100,94.89,0,805466112,1,3.26,0.00,1613069312,1536,1877112832
272.6122,1568407552,5520.7200,104.32,0,805466112,1,2.96,0.00,1612815360,1536,1877112832
272.7174,1568407552,5520.8600,133.08,0,805466112,1,3.56,0.00,1612815360,1536,1877112832
272.8220,1580441600,5521.0600,191.07,0,805466112,1,6.57,0.00,1623994368,1536,1877112832
272.9285,1580441600,5521.1700,103.34,0,805466112,1,3.23,0.00,1623584768,1536,1877112832
273.0338,1580441600,5521.2700,94.91,0,805466112,1,2.97,0.00,1623257088,1536,1877112832
273.1392,1580441600,5521.3700,94.95,0,805466112,1,3.26,0.00,1622827008,1536,1877112832
273.2453,1580441600,5521.4800,103.66,0,805466112,1,2.94,0.00,1622827008,1536,1877112832
273.3504,1580441600,5521.5800,95.13,0,805466112,1,3.57,0.00,1623089152,1536,1877112832
273.4558,1580441600,5521.7200,132.87,0,805466112,1,4.15,0.00,1623089152,1536,1877112832
273.5615,1580441600,5521.9000,170.25,0,805466112,1,6.50,0.00,1624924160,1536,1877112832
273.6678,1580441600,5522.0100,103.43,0,805466112,1,2.94,0.00,1624662016,1536,1877112832
273.7733,1580441600,5522.1100,94.78,0,805466112,1,3.26,0.00,1624662016,1536,1877112832
273.8788,1580441600,5522.2200,104.26,0,805466112,1,3.26,0.00,1623633920,1536,1877112832
273.9842,1580441600,5522.3300,104.40,0,805466112,1,2.97,0.00,1623375872,1536,1877112832
274.0892,1580441600,5522.4300,95.27,0,805466112,1,2.98,0.00,1622913024,1536,1877112832
274.1942,1580441600,5522.5600,123.77,0,805466112,1,3.57,0.00,1623175168,1536,1877112832
274.3002,1580441600,5522.7400,169.82,0,805466112,1,5.90,0.00,1623756800,1536,1877112832
274.4071,1580441600,5522.8500,102.95,0,805466112,1,3.51,0.00,1623498752,1536,1877112832
274.5124,1580441600,5522.9500,94.91,0,805466112,1,3.26,0.00,1623498752,1536,1877112832
274.6181,1580441600,5523.0600,104.11,0,805466112,1,2.96,0.00,1623498752,1536,1877260288
274.7236,1580441600,5523.1700,104.27,0,805466112,1,3.55,0.00,1623240704,1536,1877260288
274.8286,1580441600,5523.2700,95.17,0,805466112,1,2.97,0.00,1623236608,1536,1877260288
274.9337,1580834816,5523.4700,190.32,0,805466112,1,6.24,0.00,1625069568,1536,1877317632
275.0393,1580834816,5523.5800,104.18,0,805466112,1,3.26,0.00,1624553472,1536,1877317632
275.1450,1580834816,5523.6900,104.07,0,805466112,1,3.25,0.00,1624553472,1536,1877317632
275.2506,1580834816,5523.8000,104.20,0,805466112,1,3.26,0.00,1624549376,1536,1877317632
275.3559,1580834816,5523.9000,94.95,0,805466112,1,3.26,0.00,1624033280,1536,1877362688
275.4612,1580834816,5524.0100,104.46,0,805466112,1,3.26,0.00,1623783424,1536,1877362688
275.5667,1580834816,5524.1100,94.75,0,805466112,1,3.26,0.00,1623783424,1536,1877362688
275.6724,1580834816,5524.2400,123.00,0,805466112,1,3.55,0.00,1624614912,1536,1877362688
275.7782,1580834816,5524.4300,179.69,0,805466112,1,5.02,0.00,1625401344,1536,1877362688
275.8849,1580834816,5524.5400,103.06,0,805466112,1,2.93,0.00,1624627200,1536,1877362688
275.9899,1580834816,5524.6400,95.21,0,805466112,1,3.87,0.00,1623775232,1536,1877362688
276.0955,1580834816,5524.7500,104.25,0,805466112,1,3.85,0.00,1623521280,1536,1877362688
276.2007,1580834816,5524.8500,94.97,0,805466112,1,2.97,0.00,1623267328,1536,1877436416
276.3062,1580834816,5524.9600,104.27,0,805466112,1,3.26,0.00,1623267328,1536,1877436416
276.4120,1580834816,5525.1400,170.13,0,805466112,1,4.43,0.00,1625622528,1536,1877436416
276.5177,1580834816,5525.2700,123.03,0,805466112,1,3.55,0.00,1625106432,1536,1877436416
276.6227,1580834816,5525.3700,95.21,0,805466112,1,3.27,0.00,1625106432,1536,1877436416
276.7283,1580834816,5525.4800,104.20,0,805466112,1,3.26,0.00,1624594432,1536,1877436416
276.8336,1580834816,5525.5900,104.45,0,805466112,1,3.26,0.00,1624356864,1536,1877436416
276.9386,1580834816,5525.6900,95.29,0,805466112,1,3.28,0.00,1624102912,1536,1877436416
277.0436,1580834816,5525.8000,104.71,0,805466112,1,2.97,0.00,1623586816,1536,1877436416
277.1491,1580834816,5526.0000,189.69,0,805466112,1,6.52,0.00,1625417728,1536,1877436416
277.2551,1580834816,5526.1100,103.71,0,805466112,1,3.24,0.00,1625167872,1536,1879502336
277.3602,1580834816,5526.2200,104.68,0,805466112,1,2.97,0.00,1624348672,1536,1879502336
277.4653,1580834816,5526.3200,95.16,0,805466112,1,3.27,0.00,1624348672,1536,1879502336
277.5708,1580834816,5526.4200,94.75,0,805466112,1,2.96,0.00,1623832576,1536,1879502336
277.6758,1580834816,5526.5300,104.82,0,805466112,1,3.28,0.00,1623099392,1536,1879502336
277.7807,1580834816,5526.6400,104.84,0,805466112,1,5.06,0.00,1622861824,1536,1879502336
277.8859,1580834816,5526.8400,190.10,0,805466112,1,8.32,0.00,1625769984,1536,1879502336
277.9928,1580834816,5526.9500,102.96,0,805466112,1,2.92,0.00,1625253888,1536,1879502336
278.0979,1580834816,5527.0500,95.15,0,805466112,1,3.27,0.00,1625253888,1536,1879502336
278.2030,1580834816,5527.1600,104.63,0,805466112,1,3.27,0.00,1624991744,1536,1879502336
278.3085,1580834816,5527.2700,104.28,0,805466112,1,3.26,0.00,1624475648,1536,1879502336
278.4142,1580834816,5527.3700,94.58,0,805466112,1,2.96,0.00,1624217600,1536,1879502336
278.5195,1580834816,5527.4800,104.50,0,805466112,1,3.27,0.00,1624135680,1536,1879502336
278.6249,1580834816,5527.6800,189.74,0,805466112,1,6.82,0.00,1625204736,1536,1879502336
278.7304,1580834816,5527.7900,104.22,0,805466112,1,2.96,0.00,1624688640,1536,1879502336
278.8358,1580834816,5527.8900,94.87,0,805466112,1,3.56,0.00,1624442880,1536,1879502336
278.9415,1580834816,5528.0000,104.14,0,805466112,1,2.96,0.00,1624184832,1536,1879502336
279.0464,1580834816,5528.1000,95.28,0,805466112,1,3.28,0.00,1624184832,1536,1879502336
279.1516,1580834816,5528.2100,104.60,0,805466112,1,2.97,0.00,1624184832,1536,1879502336
279.2571,1580834816,5528.3100,94.74,0,805466112,1,3.26,0.00,1624180736,1536,1879502336
279.3625,1581228032,5528.5200,199.36,0,805466112,1,6.53,0.00,1625503744,1536,1879502336
279.4683,1581228032,5528.6300,103.94,0,805466112,1,2.95,0.00,1625249792,1536,1879502336
279.5735,1581228032,5528.7300,95.06,0,805466112,1,2.97,0.00,1625249792,1536,1879502336
279.6788,1581228032,5528.8400,104.44,0,805466112,1,3.26,0.00,1624733696,1536,1879543296
279.7836,1581228032,5528.9500,105.03,0,805466112,1,3.28,0.00,1624733696,1536,1879543296
279.8886,1581228032,5529.0500,95.19,0,805466112,1,2.97,0.00,1624733696,1536,1879543296
279.9936,1581228032,5529.1500,95.22,0,805466112,1,2.98,0.00,1624479744,1536,1879543296
280.0988,1581228032,5529.3600,199.66,0,805466112,1,5.94,0.00,1626335232,1536,1879543296
280.2049,1581228032,5529.4700,103.72,0,805466112,1,3.24,0.00,1625556992,1536,1879584256
280.3103,1581228032,5529.5800,104.38,0,805466112,1,3.26,0.00,1625307136,1536,1879584256
280.4156,1581228032,5529.6800,94.93,0,805466112,1,3.26,0.00,1625049088,1536,1879584256
280.5207,1581228032,5529.7900,104.69,0,805466112,1,2.97,0.00,1624795136,1536,1879584256
280.6255,1581228032,5529.8900,95.41,0,805466112,1,3.58,0.00,1624795136,1536,1879584256
280.7303,1581228032,5529.9900,95.40,0,805466112,1,3.28,0.00,1624795136,1536,1879584256
280.8357,1581228032,5530.2000,199.18,0,805466112,1,5.63,0.00,1626164224,1536,1879629312
280.9413,1581228032,5530.3100,104.22,0,805466112,1,3.55,0.00,1625136128,1536,1879629312
281.0467,1581228032,5530.4100,94.86,0,805466112,1,3.26,0.00,1625132032,1536,1879629312
281.1524,1581228032,5530.5200,104.05,0,805466112,1,3.25,0.00,1624370176,1536,1879629312
281.2575,1581228032,5530.6200,95.18,0,805466112,1,2.97,0.00,1624370176,1536,1879629312
281.3626,1581228032,5530.8300,199.73,0,805466112,1,4.76,0.00,1625177088,1536,1879735808
281.4685,1581228032,5530.9400,103.91,0,805466112,1,2.95,0.00,1625177088,1536,1879735808
281.5736,1581228032,5531.0400,95.16,0,805466112,1,3.27,0.00,1625177088,1536,1879735808
281.6787,1581228032,5531.1400,95.15,0,805466112,1,3.27,0.00,1624927232,1536,1879735808
281.7838,1581228032,5531.2500,104.62,0,805466112,1,2.97,0.00,1624927232,1536,1879735808
281.8891,1581228032,5531.4700,208.99,0,805466112,1,6.83,0.00,1625988096,1536,1879735808
281.9949,1581228032,5531.5700,94.48,0,805466112,1,3.25,0.00,1625484288,1536,1879735808
282.1002,1581228032,5531.6800,104.53,0,805466112,1,3.27,0.30,1625480192,1536,1879735808
282.2056,1581228032,5531.7800,94.81,0,805466112,1,3.26,0.00,1625480192,1536,1879735808
282.3111,1581228032,5531.8900,104.25,0,805466112,1,2.96,0.00,1625480192,1536,1879735808
282.4162,1582014464,5532.0900,190.34,0,805466112,1,7.14,0.30,1626573824,1536,1882504704
282.5224,1582014464,5532.1900,94.21,0,805466112,1,2.94,0.00,1626311680,1536,1882504704
282.6276,1582014464,5532.3000,104.56,0,805466112,1,3.56,0.00,1625578496,1536,1882504704
282.7331,1582014464,5532.4000,94.79,0,805466112,1,2.96,0.00,1625578496,1536,1882504704
282.8379,1582014464,5532.5200,114.43,0,805466112,1,3.58,0.00,1625578496,1536,1882504704
282.9435,1586733056,5532.7200,189.52,0,805466112,1,5.33,0.00,1630624768,1536,1882570240
283.0492,1586733056,5532.8200,94.59,0,805466112,1,3.25,0.00,1630108672,1536,1882570240
283.1543,1586733056,5532.9300,104.65,0,805466112,1,3.27,0.00,1630108672,1536,1882570240
283.2597,1586733056,5533.0400,104.40,0,805466112,1,3.56,0.00,1630108672,1536,1882734080
283.3651,1586733056,5533.1700,123.24,0,805466112,1,3.56,0.00,1629850624,1536,1882734080
283.4702,1586733056,5533.3500,171.40,0,805466112,1,5.65,0.00,1631013888,1536,1882734080
283.5764,1586733056,5533.4600,103.52,0,805466112,1,3.23,0.00,1630501888,1536,1882734080
283.6823,1586733056,5533.5600,94.49,0,805466112,1,3.25,0.00,1630243840,1536,1882734080
283.7874,1586733056,5533.6700,104.58,0,805466112,1,3.27,0.00,1629993984,1536,1882734080
283.8924,1586733056,5533.8700,190.52,0,805466112,1,7.14,0.00,1630977024,1536,1882734080
283.9983,1586733056,5533.9800,103.88,0,805466112,1,3.54,0.00,1629940736,1536,1882791424
284.1043,1586733056,5534.0900,103.74,0,805466112,1,3.24,0.00,1629940736,1536,1882791424
284.2097,1586733056,5534.1900,94.87,0,805466112,1,2.96,0.00,1629936640,1536,1882791424
284.3152,1586733056,5534.2900,94.82,0,805466112,1,3.56,0.00,1629936640,1536,1882791424
284.4205,1587912704,5534.5100,209.01,0,805466112,1,5.34,0.00,1632582656,1536,1882791424
284.5263,1587912704,5534.6100,94.46,0,805466112,1,2.95,0.00,1632324608,1536,1882791424
284.6316,1587912704,5534.7200,104.52,0,805466112,1,3.56,0.00,1632324608,1536,1882938880
284.7370,1587912704,5534.8300,104.38,0,805466112,1,2.97,0.00,1632066560,1536,1882938880
284.8421,1587912704,5534.9300,95.09,0,805466112,1,3.27,0.00,1632066560,1536,1882938880
284.9475,1597349888,5535.1500,208.78,0,805466112,1,5.34,0.00,1642986496,1536,1882938880
285.0536,1597349888,5535.2600,103.71,0,805466112,1,2.95,0.00,1642273792,1536,1882938880
285.1589,1597349888,5535.3600,94.88,0,805466112,1,3.56,0.00,1642019840,1536,1882938880
285.2642,1597349888,5535.4700,104.50,0,805466112,1,2.97,0.00,1642015744,1536,1882938880
285.3695,1597349888,5535.5900,114.03,0,805466112,1,3.56,0.00,1641720832,1536,1883049472
285.4753,1597267968,5535.8000,198.42,0,805466112,1,7.68,0.00,1640299520,1536,1883049472
285.5808,1597267968,5535.9100,104.23,0,805466112,1,2.96,0.00,1640299520,1536,1883049472
285.6869,1597267968,5536.0100,94.27,0,805466112,1,3.24,0.00,1640299520,1536,1883049472
285.7922,1597267968,5536.1200,104.44,0,805466112,1,2.97,0.00,1640299520,1536,1883049472
285.8975,1597267968,5536.3200,189.98,0,805466112,1,5.94,0.00,1641360384,1536,1883049472
286.0035,1597267968,5536.4300,103.77,0,805466112,1,3.54,0.00,1641106432,1536,1883049472
286.1088,1597267968,5536.5300,94.95,0,805466112,1,3.26,0.00,1641102336,1536,1883049472
286.2141,1597267968,5536.6400,104.52,0,805466112,1,2.97,0.00,1640877056,1536,1883049472
286.3196,1597267968,5536.7500,104.18,0,805466112,1,3.55,0.00,1640877056,1536,1883049472
286.4259,1541881856,5536.9600,197.63,0,805466112,1,6.76,0.00,1586408448,1536,1883049472
286.5318,1541881856,5537.0700,103.88,0,805466112,1,3.25,0.00,1585634304,1536,1883049472
286.6377,1541881856,5537.1800,103.83,0,805466112,1,2.95,0.00,1585630208,1536,1883049472
286.7431,1541881856,5537.3000,113.93,0,805466112,1,4.15,0.00,1585376256,1536,1883049472
286.8492,1541881856,5537.4000,94.20,0,805466112,1,3.24,0.00,1585376256,1536,1883049472
286.9551,1558396928,5537.6100,198.32,0,805466112,1,5.31,0.00,1602960384,1536,1883069952
287.0609,1558396928,5537.7200,104.02,0,805466112,1,3.25,0.00,1602444288,1536,1883069952
287.1665,1558396928,5537.8200,94.66,0,805466112,1,3.25,0.00,1601879040,1536,1883069952
287.2719,1558396928,5537.9300,104.34,0,805466112,1,2.96,0.00,1601879040,1536,1883069952
287.3769,1558396928,5538.0300,95.24,0,805466112,1,2.98,0.00,1601362944,1536,1883069952
287.4823,1575305216,5538.2400,199.21,0,805466112,1,6.23,0.00,1619717120,1536,1886298624
287.5884,1575305216,5538.3500,103.71,0,805466112,1,3.24,0.00,1619717120,1536,1886298624
287.6938,1575305216,5538.4500,94.86,0,805466112,1,3.26,0.00,1619459072,1536,1886298624
287.7995,1575305216,5538.5600,104.05,0,805466112,1,2.96,0.00,1619459072,1536,1886298624
287.9053,1575305216,5538.6600,94.55,0,805466112,1,2.95,0.00,1618942976,1536,1886298624
288.0104,1591820288,5538.8700,199.73,0,805466112,1,8.03,0.00,1635822592,1536,1886466560
288.1171,1591820288,5538.9800,103.15,0,805466112,1,3.22,0.00,1634593792,1536,1886466560
288.2233,1591820288,5539.0800,94.14,0,805466112,1,3.24,0.00,1634589696,1536,1886466560
288.3290,1591820288,5539.1900,104.08,0,805466112,1,3.25,0.00,1634352128,1536,1886466560
288.4343,1591820288,5539.3200,123.43,0,805466112,1,4.15,0.00,1634094080,1536,1886466560
288.5398,1591820288,5539.5100,180.18,0,805466112,1,6.52,0.00,1636613120,1536,1886466560
288.6465,1591820288,5539.6100,93.74,0,805466112,1,3.52,0.00,1636101120,1536,1886466560
288.7517,1591820288,5539.7200,104.48,0,805466112,1,3.26,0.00,1636101120,1536,1886466560
288.8573,1591820288,5539.8300,104.16,0,805466112,1,2.96,0.00,1635847168,1536,1886466560
288.9633,1592213504,5540.0400,198.23,0,805466112,1,5.90,0.00,1636649984,1536,1886466560
289.0689,1592213504,5540.1400,94.70,0,805466112,1,2.96,0.00,1636232192,1536,1886495232
289.1738,1592213504,5540.2500,104.82,0,805466112,1,3.28,0.00,1635720192,1536,1886495232
289.2799,1592213504,5540.3600,103.68,0,805466112,1,3.53,0.00,1635720192,1536,1886495232
289.3853,1592213504,5540.4600,94.85,0,805466112,1,2.96,0.00,1635212288,1536,1886495232
289.4908,1592213504,5540.6700,199.21,0,805466112,1,5.93,0.00,1636015104,1536,1886495232
289.5971,1592213504,5540.7700,94.04,0,805466112,1,2.94,0.00,1636011008,1536,1886495232
289.7030,1592213504,5540.8800,103.82,0,805466112,1,3.24,0.00,1636011008,1536,1886495232
289.8082,1592213504,5540.9800,95.05,0,805466112,1,3.56,0.00,1635752960,1536,1886495232
289.9138,1592213504,5541.0900,104.25,0,805466112,1,2.96,0.00,1635752960,1536,1886495232
290.0195,1592213504,5541.3000,198.61,0,805466112,1,7.09,0.00,1636555776,1536,1886495232
290.1259,1592213504,5541.4000,93.94,0,805466112,1,3.52,0.00,1635798016,1536,1886495232
290.2315,1592213504,5541.5100,104.23,0,805466112,1,2.96,0.00,1635798016,1536,1886495232
290.3370,1592213504,5541.6100,94.79,0,805466112,1,3.26,0.00,1635793920,1536,1886495232
290.4425,1592213504,5541.7200,104.25,0,805466112,1,3.26,0.00,1635535872,1536,1886495232
290.5480,0,5541.8300,104.28,0,805466112,1,2.96,0.00,912435200,1536,1886495232
290.6200,0,5541.8300,0.00,0,805466112,0,2.60,0.00,71213056,1536,1886495232
